[INFO] === engenharia_reversa_dxf.py | Obra: Obra_TREINO_1 | Pav: 13PAV ===
[INFO] DiretÛrio: D:\Agente-cad-PYSIDE\DADOS-OBRAS\Obra_TREINO_1\Fase-1_Ingestao\Projetos_Finalizados_para_Engenharia_Reversa
[INFO] Usando caminhos do dxf_discovery.json para pav '13PAV'
[INFO] PL DXF: ALIMONTI - PARAISO - 13∞ PAV.- PL - R00.dxf
[INFO] Pilares extraÌdos: 35 IDs | PÈ Direito: Nonecm -> D:\Agente-cad-PYSIDE\DADOS-OBRAS\Obra_TREINO_1\Fase-3_Interpretacao_Extracao\Pilares\pilares_ground_truth.json
[INFO] LV DXF: ALIMONTI - PARAISO - 13∞ PAV.- LV - R00.dxf
[INFO] Vigas extraÌdas: 34 IDs -> D:\Agente-cad-PYSIDE\DADOS-OBRAS\Obra_TREINO_1\Fase-3_Interpretacao_Extracao\Vigas\vigas_ground_truth.json
[INFO] LJ DXF: ALIMONTI - PARAISO - 13∞ PAV.- LJ - R00.dxf
[INFO] Lajes extraÌdas: 39 IDs -> D:\Agente-cad-PYSIDE\DADOS-OBRAS\Obra_TREINO_1\Fase-3_Interpretacao_Extracao\Lajes\lajes_ground_truth.json
[INFO] === RESULTADO: 35 pilares | B◊H: 0/35 extraÌdos ===
[INFO] NOTA: IDs=ALTA | B/H=BAIXA - revisao manual.
[INFO] Ground truth salvo em: D:\Agente-cad-PYSIDE\DADOS-OBRAS\Obra_TREINO_1\Fase-3_Interpretacao_Extracao
[INFO] === extrair_bh_pilares.py | Obra_TREINO_1 | 13PAV ===
[INFO] PL DXF: ALIMONTI - PARAISO - 13∞ PAV.- PL - R00.dxf
[INFO] Max distancia proximity: 300.0 unidades DXF
[INFO] Lendo DXF (pode demorar para arquivos grandes)...
[INFO] DXF carregado: 7580 entidades
[INFO] Extraindo posicoes dos pilares (layer Texto Secao)...
[INFO] Pilares encontrados: 35
[INFO] Extraindo DIMENSION entities (layers de cota)...
[INFO] DIMENSIONs de cota encontradas: 588
[INFO] Inverse proximity: 588 dims assignadas a 35 pilares

[RESULTADO] Extracao B/H de Pilares
  Total pilares:      35
  B+H completos:      35 (100.0%)
  Apenas H:           0
  Sem dados:          0

[INFO] Salvo em: D:\Agente-cad-PYSIDE\DADOS-OBRAS\Obra_TREINO_1\Fase-3_Interpretacao_Extracao\Pilares\pilares_bh.json
[INFO] pilares_ground_truth.json atualizado: 35 pilares com B/H

[AMOSTRA] Primeiros 5 pilares extraidos:
  P1: B=19.0cm, H=88.0cm, conf=90%
  P2: B=19.0cm, H=88.0cm, conf=90%
  P3: B=19.0cm, H=88.0cm, conf=90%
  P4: B=19.0cm, H=88.0cm, conf=90%
  P5: B=19.0cm, H=88.0cm, conf=90%
DXF: ALIMONTI - PARAISO - 13∞ PAV.- LV - R00.dxf
  Labels encontrados: 34 vigas
  Cota SeÁ„o (2x): 76 dims
  COTA: 986 dims

=== RESULTADO ===
  Total vigas: 34
  Com altura_lateral: 34/34
  Com comprimento: 34/34
  Com ambos: 34/34
  ConfianÁa mÈdia: 86%
  Output: D:\Agente-cad-PYSIDE\DADOS-OBRAS\Obra_TREINO_1\Fase-3_Interpretacao_Extracao\Vigas\vigas_dim.json

Viga     Alt(cm)    Comp(cm)     Conf     Sides
-------------------------------------------------------
V7       38         415          89%      A+B
V13      38         415          89%      A+B
V301     110        418          84%      A+B
V302     110        244          84%      A+B
V303     110        418          89%      A+B
V304     38         578          84%      A+B
V305     38         722          84%      A+B
V306     110        418          84%      A+B
V307     38         570          89%      A+B
V308     38         684          89%      A+B
V309     38         570          89%      A+B
V310     100        277          84%      A+B
V311     38         415          89%      A+B
V312     240        418          84%      A+B
V314     240        415          89%      A+B
V315     38         415          89%      A+B
V316     240        718          84%      A+B
V317     38         415          89%      A+B
V318     240        415          89%      A+B
V319     38         415          89%      A+B
V320     240        415          84%      A+B
V321     38         455          84%      A+B
V322     240        415          84%      A+B
V323     38         455          89%      A+B
V324     38         248          84%      A+B
V325     240        415          84%      A+B
V326     38         307          89%      A+B
V327     28         307          84%      A+B
V328     28         474          84%      A+B
V329     38         474          89%      A+B
V330     240        455          84%      A+B
V331     28         244          84%      B
V332     38         415          89%      A+B
V309A    110        570          84%      A+B
[INFO] === extrair_lajes_lj.py | Obra_TREINO_1 | 13PAV ===
[INFO] LJ DXF: ALIMONTI - PARAISO - 13∞ PAV.- LJ - R00.dxf
[INFO] Lendo DXF...
[INFO] 1933 entidades
[INFO] Extraindo labels e codigos de lajes...
[DEBUG] Labels encontrados: ['L301', 'L302', 'L303', 'L304', 'L305', 'L306', 'L307', 'L308', 'L309', 'L310', 'L311', 'L312', 'L313', 'L314', 'L315', 'L316', 'L317', 'L318', 'L319', 'L320', 'L321', 'L322', 'L323', 'L324', 'L325', 'L326', 'L327', 'L328', 'L329', 'L330', 'L331']
[DEBUG] Lajes com paineis AUX00: ['L10', 'L11', 'L12', 'L13', 'L14', 'L15', 'L16', 'L9']
[INFO] Lajes encontradas: 39
[INFO] Construindo fichas com coordenadas...

[RESULTADO] Extracao de Lajes
  Total lajes:        39
  Com dimensoes:      0
  Com coordenadas:    3

[INFO] Salvo em: D:\Agente-cad-PYSIDE\DADOS-OBRAS\Obra_TREINO_1\Fase-3_Interpretacao_Extracao\Lajes\lajes_data.json
[INFO] lajes_ground_truth.json atualizado: 0 lajes com dimensoes

[AMOSTRA] Primeiras lajes:
  L9: NonexNonecm | area=Nonecm2 | coords=0pts | conf=75%
  L10: NonexNonecm | area=Nonecm2 | coords=0pts | conf=75%
  L11: NonexNonecm | area=Nonecm2 | coords=0pts | conf=75%
  L12: NonexNonecm | area=Nonecm2 | coords=0pts | conf=75%
  L13: NonexNonecm | area=Nonecm2 | coords=0pts | conf=75%
  L14: NonexNonecm | area=Nonecm2 | coords=5pts | conf=75%
  L15: NonexNonecm | area=Nonecm2 | coords=5pts | conf=75%
  L16: NonexNonecm | area=Nonecm2 | coords=0pts | conf=85%
LJ DXF: ALIMONTI - PARAISO - 13∞ PAV.- LJ - R00.dxf
AUX00 panels... 18 panels em 8 lajes: ['L10', 'L11', 'L12', 'L13', 'L14', 'L15', 'L16', 'L9']
Labels L{n}... 39 labels: ['L10', 'L11', 'L12', 'L13', 'L14', 'L15', 'L16', 'L301', 'L302', 'L303', 'L304', 'L305', 'L306', 'L307', 'L308', 'L309', 'L310', 'L311', 'L312', 'L313', 'L314', 'L315', 'L316', 'L317', 'L318', 'L319', 'L320', 'L321', 'L322', 'L323', 'L324', 'L325', 'L326', 'L327', 'L328', 'L329', 'L330', 'L331', 'L9']
LWPOLYLINE layer '1'... 0 poligonos | areas: []
COTA DIMENSIONs... 0 dims no range 50.0-3000.0cm
Paineis H lines... 54 lines (len>100.0)
Paineis DIMENSIONs... 218 dims (114 H, 104 V)

Processando 39 lajes...

=== RESULTADO ===
  Total lajes: 39
  [aux00-area-estimate]: 8 (media)
  [paineis-dimchain]: 4 (media-alta)
  [paineis-grid]: 27 (alta)
  Output: D:\Agente-cad-PYSIDE\DADOS-OBRAS\Obra_TREINO_1\Fase-3_Interpretacao_Extracao\Lajes\lajes_poligono.json

Laje     Comp       Larg       Conf   Fonte
------------------------------------------------------------
L9       244.0      211.5      0.55   aux00-area-estimate
L10      244.0      211.5      0.55   aux00-area-estimate
L11      244.0      211.5      0.55   aux00-area-estimate
L12      244.0      211.5      0.55   aux00-area-estimate
L13      244.0      211.5      0.55   aux00-area-estimate
L14      244.0      211.5      0.55   aux00-area-estimate
L15      244.0      211.5      0.55   aux00-area-estimate
L16      423.0      244.0      0.55   aux00-area-estimate
L301     405.5      61.0       0.70   paineis-grid
L302     418.0      102.0      0.70   paineis-grid
L303     418.0      102.0      0.70   paineis-grid
L304     418.0      102.0      0.70   paineis-grid
L305     418.0      102.0      0.70   paineis-grid
L306     418.0      102.0      0.70   paineis-grid
L307     418.0      61.0       0.70   paineis-grid
L308     289.0      102.0      0.70   paineis-grid
L309     405.5      122.0      0.70   paineis-grid
L310     418.0      122.0      0.70   paineis-grid
L311     418.0      122.0      0.70   paineis-grid
L312     418.0      122.0      0.70   paineis-grid
L313     418.0      122.0      0.70   paineis-grid
L314     418.0      122.0      0.70   paineis-grid
L315     418.0      122.0      0.70   paineis-grid
L316     289.0      311.0      0.70   paineis-grid
L317     289.0      513.0      0.60   paineis-dimchain
L318     418.0      423.0      0.60   paineis-dimchain
L319     405.5      558.1      0.70   paineis-grid
L320     418.0      423.0      0.70   paineis-grid
L321     418.0      423.0      0.70   paineis-grid
L322     418.0      423.0      0.70   paineis-grid
L323     418.0      423.0      0.70   paineis-grid
L324     418.0      423.0      0.70   paineis-grid
L325     129.0      459.0      0.60   paineis-dimchain
L326     233.8      594.0      0.60   paineis-dimchain
L327     413.0      423.0      0.70   paineis-grid
L328     413.0      423.0      0.70   paineis-grid
L329     413.0      423.0      0.70   paineis-grid
L330     413.0      423.0      0.70   paineis-grid
L331     415.5      423.0      0.70   paineis-grid

=== AUX00 panels (dedup) ===
  L9: 2 panels -> 244.0x122.0 | 179.0x122.0
  L10: 2 panels -> 244.0x122.0 | 179.0x122.0
  L11: 2 panels -> 244.0x122.0 | 179.0x122.0
  L12: 2 panels -> 244.0x122.0 | 179.0x122.0
  L13: 2 panels -> 244.0x122.0 | 179.0x122.0
  L14: 2 panels -> 244.0x122.0 | 179.0x122.0
  L15: 2 panels -> 244.0x122.0 | 179.0x122.0
  L16: 4 panels -> 179.0x122.0 | 179.0x122.0 | 244.0x122.0 | 244.0x122.0
ERRO: Nenhum EVG DXF encontrado em D:\Agente-cad-PYSIDE\DADOS-OBRAS\Obra_TREINO_1
FV DXF: ALIMONTI - PARAISO - TIPO - 3∞ AO 12∞ PAV.- FV - R00.dxf

Extraindo labels V{n}.C... 31 vigas encontradas: ['V1', 'V10', 'V11', 'V12', 'V13', 'V14', 'V15', 'V16', 'V17', 'V18', 'V19', 'V2', 'V20', 'V21', 'V22', 'V23', 'V24', 'V25', 'V26', 'V27', 'V28', 'V29', 'V3', 'V30', 'V31', 'V4', 'V5', 'V6', 'V7', 'V8', 'V9']
Extraindo DIMENSIONs de 'PainÈis' (B_MIN..B_MAX)... 22 DIMENSIONs ó vals: [10.0, 29.0, 19.0, 10.0, 19.0, 29.0, 30.0, 19.0, 49.0, 19.0, 42.0, 21.11, 15.49, 16.36, 35.36, 22.3, 13.06, 19.0, 14.0, 14.79, 19.0, 19.0]
Extraindo DIMENSIONs de 'COTA' (B_MIN..B_MAX)... 31 DIMENSIONs ó vals: [19.0, 19.0, 21.5, 19.0, 45.0, 49.0, 19.0, 19.0, 14.0, 47.0, 19.0, 76.0, 19.0, 14.0, 19.0, 19.0, 19.0, 19.0, 19.0, 19.0, 19.0, 19.0, 19.0, 14.0, 19.0, 14.0, 19.0, 14.0, 19.0, 19.0, 45.0]
Extraindo DIMENSIONs de 'Cota SeÁ„o (2x)'... 0 DIMENSIONs

=== RESULTADO ===
  Vigas com B extraÌdo por proximidade: 2/34
  Fallback mediana global:               32
  Fallback default (15.0cm):          0
  Output: D:\Agente-cad-PYSIDE\DADOS-OBRAS\Obra_TREINO_1\Fase-3_Interpretacao_Extracao\Vigas\vigas_largura.json

Viga     B (cm)     Conf     Fonte
--------------------------------------------------
V7       45.0       0.85     fv-dxf-proximity
V13      19.0       0.85     fv-dxf-proximity
V301     19.0       0.30     fv-dxf-global-median
V302     19.0       0.30     fv-dxf-global-median
V303     19.0       0.30     fv-dxf-global-median
V304     19.0       0.30     fv-dxf-global-median
V305     19.0       0.30     fv-dxf-global-median
V306     19.0       0.30     fv-dxf-global-median
V307     19.0       0.30     fv-dxf-global-median
V308     19.0       0.30     fv-dxf-global-median
V309     19.0       0.30     fv-dxf-global-median
V310     19.0       0.30     fv-dxf-global-median
V311     19.0       0.30     fv-dxf-global-median
V312     19.0       0.30     fv-dxf-global-median
V314     19.0       0.30     fv-dxf-global-median
V315     19.0       0.30     fv-dxf-global-median
V316     19.0       0.30     fv-dxf-global-median
V317     19.0       0.30     fv-dxf-global-median
V318     19.0       0.30     fv-dxf-global-median
V319     19.0       0.30     fv-dxf-global-median
V320     19.0       0.30     fv-dxf-global-median
V321     19.0       0.30     fv-dxf-global-median
V322     19.0       0.30     fv-dxf-global-median
V323     19.0       0.30     fv-dxf-global-median
V324     19.0       0.30     fv-dxf-global-median
V325     19.0       0.30     fv-dxf-global-median
V326     19.0       0.30     fv-dxf-global-median
V327     19.0       0.30     fv-dxf-global-median
V328     19.0       0.30     fv-dxf-global-median
V329     19.0       0.30     fv-dxf-global-median
V330     19.0       0.30     fv-dxf-global-median
V331     19.0       0.30     fv-dxf-global-median
V332     19.0       0.30     fv-dxf-global-median
V309A    19.0       0.30     fv-dxf-global-median

=== DIMENSIONs B em 'Paineis' (22) ===
  val=10.0 pos=(4552.657140842855, 857.885136931913)
  val=29.0 pos=(4508.199005527521, 857.885136931913)
  val=19.0 pos=(4536.725512286842, 823.583170895483)
  val=10.0 pos=(3831.779690687682, 625.3214009386113)
  val=19.0 pos=(3857.098069368447, 604.3546181298015)
  val=29.0 pos=(3876.398909501658, 654.3214009385931)
  val=30.0 pos=(4300.80146046179, 605.3214009386112)
  val=19.0 pos=(4326.119839142551, 586.3585449891334)
  val=49.0 pos=(4345.420679275766, 654.3214009385931)
  val=19.0 pos=(4471.045376098182, 756.6374223985378)
  val=42.0 pos=(4586.292367448124, 328.0257169836059)
  val=21.11 pos=(4321.896150605922, 143.0079490639873)
  val=15.49 pos=(4351.183826816721, 213.3935040407305)
  val=16.36 pos=(4403.258606077039, 199.470986912289)
  val=35.36 pos=(4289.968441501149, 199.470986912289)
  val=22.3 pos=(4310.65317628655, 164.1075650845124)
  val=13.06 pos=(4310.653176286552, 199.470986912289)
  val=19.0 pos=(4597.105465562175, 164.1075650914391)
  val=14.0 pos=(4726.141116270817, 17.72977425954287)
  val=14.79 pos=(4583.019485046603, 38.90383713627216)
  val=19.0 pos=(4147.621339242871, 205.0472930488232)
  val=19.0 pos=(4152.051462981664, -810.5463089640256)

=== Labels V{n}.C encontrados (31) ===
  V1: pos=(3430, 1157)
  V2: pos=(3430, 1025)
  V3: pos=(3423, 783)
  V4: pos=(3408, 379)
  V5: pos=(4296, 379)
  V6: pos=(4281, 233)
  V7: pos=(3447, 234)
  V8: pos=(3437, 81)
  V9: pos=(3439, -233)
  V10: pos=(4556, -90)
  V11: pos=(3433, -421)
  V12: pos=(3948, -421)
  V13: pos=(3433, -551)
  V14: pos=(3948, -551)
  V15: pos=(3433, -551)
  V16: pos=(3948, -551)
  V17: pos=(3433, -551)
  V18: pos=(3948, -551)
  V19: pos=(3434, -679)
  V20: pos=(3861, -677)
  V21: pos=(4286, -674)
  V22: pos=(3439, -804)
  V23: pos=(3876, -802)
  V24: pos=(4188, -802)
  V25: pos=(3434, -923)
  V26: pos=(4188, -802)
  V27: pos=(3977, -931)
  V28: pos=(3876, -802)
  V29: pos=(4308, -934)
  V30: pos=(3437, -1056)
  V31: pos=(3962, -1056)
[INFO] DXF PL: ALIMONTI - PARAISO - TIPO - 3∞ AO 12∞ PAV.- PL - R00.dxf
[INFO] Lendo: ALIMONTI - PARAISO - TIPO - 3∞ AO 12∞ PAV.- PL - R00.dxf
[INFO] Pilares encontrados (secoes): 35
[INFO] CHAPA: 272 | Perfil: 146 | SP: 142 | GRADE: 50
[INFO] Output: D:\Agente-cad-PYSIDE\DADOS-OBRAS\Obra_TREINO_1\Fase-3_Interpretacao_Extracao\Pilares\pilares_assembly.json
[INFO] Pilares processados: 35

=== RESUMO ===
Pilares: 35
Com grade_1: 35/35
Com CHAPA: 34/35
Com SP markers: 35/35
  P1: grade_1=88.0 chapa_total=6 sp=16 perf=6
  P2: grade_1=88.0 chapa_total=5 sp=16 perf=6
  P3: grade_1=88.0 chapa_total=4 sp=16 perf=4
=== VIGAS ===
  vigas.json atualizado: 34 vigas
    V7: b=45.0cm h=38.0cm L=415.0cm
    V13: b=19.0cm h=38.0cm L=415.0cm
    V301: b=19.0cm h=110.0cm L=418.0cm
    V302: b=19.0cm h=110.0cm L=244.0cm
    V303: b=19.0cm h=110.0cm L=418.0cm
    V304: b=19.0cm h=38.0cm L=578.0cm
    V305: b=19.0cm h=38.0cm L=722.0cm
    V306: b=19.0cm h=110.0cm L=418.0cm
    V307: b=19.0cm h=38.0cm L=570.0cm
    V308: b=19.0cm h=38.0cm L=684.5cm
    V309: b=19.0cm h=38.0cm L=570.0cm
    V310: b=19.0cm h=100.0cm L=277.0cm
    V311: b=19.0cm h=38.0cm L=415.0cm
    V312: b=19.0cm h=240.0cm L=418.0cm
    V314: b=19.0cm h=240.0cm L=415.0cm
    V315: b=19.0cm h=38.0cm L=415.0cm
    V316: b=19.0cm h=240.0cm L=718.0cm
    V317: b=19.0cm h=38.0cm L=415.0cm
    V318: b=19.0cm h=240.0cm L=415.0cm
    V319: b=19.0cm h=38.0cm L=415.0cm
    V320: b=19.0cm h=240.0cm L=415.0cm
    V321: b=19.0cm h=38.0cm L=455.0cm
    V322: b=19.0cm h=240.0cm L=415.0cm
    V323: b=19.0cm h=38.0cm L=455.0cm
    V324: b=19.0cm h=38.0cm L=248.0cm
    V325: b=19.0cm h=240.0cm L=415.0cm
    V326: b=19.0cm h=38.0cm L=307.0cm
    V327: b=19.0cm h=28.0cm L=307.0cm
    V328: b=19.0cm h=28.0cm L=474.0cm
    V329: b=19.0cm h=38.0cm L=474.0cm
    V330: b=19.0cm h=240.0cm L=455.0cm
    V331: b=19.0cm h=28.0cm L=244.0cm
    V332: b=19.0cm h=38.0cm L=415.0cm
    V309A: b=19.0cm h=110.0cm L=570.0cm

=== LAJES ===
  lajes.json atualizado: 39 lajes
    L9: 244.0x211.5cm area=51606 [aux00-area-estimate]
    L10: 244.0x211.5cm area=51606 [aux00-area-estimate]
    L11: 244.0x211.5cm area=51606 [aux00-area-estimate]
    L12: 244.0x211.5cm area=51606 [aux00-area-estimate]
    L13: 244.0x211.5cm area=51606 [aux00-area-estimate]
    L14: 244.0x211.5cm area=51606 [aux00-area-estimate]
    L15: 244.0x211.5cm area=51606 [aux00-area-estimate]
    L16: 423.0x244.0cm area=103212 [aux00-area-estimate]
    L301: 405.5x61.0cm area=24736 [paineis-grid]
    L302: 418.0x102.0cm area=42636 [paineis-grid]
    L303: 418.0x102.0cm area=42636 [paineis-grid]
    L304: 418.0x102.0cm area=42636 [paineis-grid]
    L305: 418.0x102.0cm area=42636 [paineis-grid]
    L306: 418.0x102.0cm area=42636 [paineis-grid]
    L307: 418.0x61.0cm area=25498 [paineis-grid]
    L308: 289.0x102.0cm area=29478 [paineis-grid]
    L309: 405.5x122.0cm area=49471 [paineis-grid]
    L310: 418.0x122.0cm area=50996 [paineis-grid]
    L311: 418.0x122.0cm area=50996 [paineis-grid]
    L312: 418.0x122.0cm area=50996 [paineis-grid]
    L313: 418.0x122.0cm area=50996 [paineis-grid]
    L314: 418.0x122.0cm area=50996 [paineis-grid]
    L315: 418.0x122.0cm area=50996 [paineis-grid]
    L316: 289.0x311.0cm area=89879 [paineis-grid]
    L317: 289.0x513.0cm area=148257 [paineis-dimchain]
    L318: 418.0x423.0cm area=176814 [paineis-dimchain]
    L319: 405.5x558.1cm area=226310 [paineis-grid]
    L320: 418.0x423.0cm area=176814 [paineis-grid]
    L321: 418.0x423.0cm area=176814 [paineis-grid]
    L322: 418.0x423.0cm area=176814 [paineis-grid]
    L323: 418.0x423.0cm area=176814 [paineis-grid]
    L324: 418.0x423.0cm area=176814 [paineis-grid]
    L325: 129.0x459.0cm area=59211 [paineis-dimchain]
    L326: 233.8x594.0cm area=138877 [paineis-dimchain]
    L327: 413.0x423.0cm area=174699 [paineis-grid]
    L328: 413.0x423.0cm area=174699 [paineis-grid]
    L329: 413.0x423.0cm area=174699 [paineis-grid]
    L330: 413.0x423.0cm area=174699 [paineis-grid]
    L331: 415.5x423.0cm area=175756 [paineis-grid]

=== INTEGRACAO COMPLETA: 34 vigas + 39 lajes ===
  Proximos passos: python scripts/motor_fase4.py --obra D:\Agente-cad-PYSIDE\DADOS-OBRAS\Obra_TREINO_1
Lendo: ALIMONTI - PARAISO - TIPO - 3∞ AO 12∞ PAV.- PL - R00.dxf
Pilares (labels): 35
Gordos (Paineis h>3): 42
Dims Cota Secao (2x): 0
Pilares com gordo: 32
Fallback: pilares_bh.json (35 pilares)

=== B/H EXTRAIDOS DO STOG ===
  P1: B=38.0 H=132.0 [lwpoly-w-dim] conf=0.85 n_gordos=1
  P2: B=38.0 H=132.0 [lwpoly-w-dim] conf=0.85 n_gordos=1
  P3: B=38.0 H=132.0 [lwpoly-w-dim] conf=0.85 n_gordos=1
  P4: B=38.0 H=132.0 [lwpoly-w-dim] conf=0.85 n_gordos=1
  P5: B=38.0 H=132.0 [lwpoly-w-dim] conf=0.85 n_gordos=1
  P6: B=38.0 H=132.0 [lwpoly-w-dim] conf=0.85 n_gordos=1
  P7: B=38.0 H=132.0 [lwpoly-w-dim] conf=0.85 n_gordos=1
  P8: B=38.0 H=132.0 [lwpoly-w-dim] conf=0.85 n_gordos=1
  P9: B=7.0 H=208.0 [lwpoly-2faces] conf=0.92 n_gordos=2
  P10: B=38.0 H=120.0 [lwpoly-w-dim] conf=0.85 n_gordos=1
  P11: B=38.0 H=38.0 [lwpoly-square] conf=0.6 n_gordos=1
  P12: B=38.0 H=196.0 [lwpoly-w-dim] conf=0.85 n_gordos=1
  P13: B=38.0 H=196.0 [lwpoly-w-dim] conf=0.85 n_gordos=1
  P14: B=38.0 H=196.0 [lwpoly-w-dim] conf=0.85 n_gordos=1
  P15: B=38.0 H=200.0 [lwpoly-w-dim] conf=0.85 n_gordos=1
  P16: B=38.0 H=200.0 [lwpoly-w-dim] conf=0.85 n_gordos=1
  P17: B=19.0 H=73.0 [prev-inverse-prox] conf=0.7200000000000001 n_gordos=0
  P18: B=38.0 H=100.0 [lwpoly-w-dim] conf=0.85 n_gordos=1
  P19: B=38.0 H=38.0 [lwpoly-square] conf=0.6 n_gordos=1
  P20: B=38.0 H=172.0 [lwpoly-w-dim] conf=0.85 n_gordos=1
  P21: B=38.0 H=172.0 [lwpoly-w-dim] conf=0.85 n_gordos=1
  P22: B=38.0 H=172.0 [lwpoly-w-dim] conf=0.85 n_gordos=1
  P23: B=38.0 H=200.0 [lwpoly-w-dim] conf=0.85 n_gordos=1
  P24: B=38.0 H=38.0 [lwpoly-square] conf=0.6 n_gordos=1
  P25: B=38.0 H=38.0 [lwpoly-square] conf=0.6 n_gordos=1
  P26: B=52.0 H=54.0 [prev-inverse-prox] conf=0.6400000000000001 n_gordos=0
  P27: B=19.0 H=81.0 [prev-inverse-prox] conf=0.7200000000000001 n_gordos=0
  P28: B=7.0 H=7.0 [lwpoly-square] conf=0.6 n_gordos=2
  P29: B=7.0 H=132.0 [lwpoly-2faces] conf=0.92 n_gordos=3
  P30: B=7.0 H=132.0 [lwpoly-2faces] conf=0.92 n_gordos=3
  P31: B=7.0 H=132.0 [lwpoly-2faces] conf=0.92 n_gordos=3
  P32: B=7.0 H=132.0 [lwpoly-2faces] conf=0.92 n_gordos=3
  P33: B=38.0 H=38.0 [lwpoly-square] conf=0.6 n_gordos=1
  P34: B=38.0 H=38.0 [lwpoly-square] conf=0.6 n_gordos=1
  P35: B=38.0 H=38.0 [lwpoly-square] conf=0.6 n_gordos=1

  Salvo: D:\Agente-cad-PYSIDE\DADOS-OBRAS\Obra_TREINO_1\Fase-3_Interpretacao_Extracao\Pilares\pilares_bh_stog.json
  Proximo: python scripts/comparar_bh_stog_vs_gerado.py --obra D:\Agente-cad-PYSIDE\DADOS-OBRAS\Obra_TREINO_1
[INFO] === validar_score_pipeline.py | B/H Dimensional ===
[INFO] Pipeline:  pilares_bh.json (36 pilares)
[INFO] GT (STOG): pilares_bh_stog.json (36 pilares)

[RESULTADO] B/H DIMENSIONAL (toler‚ncia 10%)
  Total validados: 35
  Skipped (sem GT): 1
  Corretos: 3
  Falhos:   32
Traceback (most recent call last):
  File "D:\Agente-cad-PYSIDE\Agente-cad-PYSIDE-Restored-main\scripts\validar_score_pipeline.py", line 251, in <module>
    main()
    ~~~~^^
  File "D:\Agente-cad-PYSIDE\Agente-cad-PYSIDE-Restored-main\scripts\validar_score_pipeline.py", line 245, in main
    validate_bh(args.obra)
    ~~~~~~~~~~~^^^^^^^^^^^
  File "D:\Agente-cad-PYSIDE\Agente-cad-PYSIDE-Restored-main\scripts\validar_score_pipeline.py", line 157, in validate_bh
    print(f"    \u274c {f}")
    ~~~~~^^^^^^^^^^^^^^^
  File "C:\Python314\Lib\encodings\cp1252.py", line 19, in encode
    return codecs.charmap_encode(input,self.errors,encoding_table)[0]
           ~~~~~~~~~~~~~~~~~~~~~^^^^^^^^^^^^^^^^^^^^^^^^^^^^^^^^^^
UnicodeEncodeError: 'charmap' codec can't encode character '\u274c' in position 4: character maps to <undefined>
[INFO] === motor_fase4.py | Obra: Obra_TREINO_1 | Pav: 13PAV ===
[INFO] Carregado: D:\Agente-cad-PYSIDE\DADOS-OBRAS\Obra_TREINO_1\Fase-3_Interpretacao_Extracao\Pilares\pilares_bh.json (36 itens)
[INFO] Assembly data carregado: 35 pilares (pilares_assembly.json)
[INFO]   ‚úÖ Pilar P1: 88.0x19.0cm, h=280.0cm grade_1=88
[INFO]   ‚úÖ Pilar P2: 88.0x19.0cm, h=280.0cm grade_1=88
[INFO]   ‚úÖ Pilar P3: 88.0x19.0cm, h=280.0cm grade_1=88
[INFO]   ‚úÖ Pilar P4: 88.0x19.0cm, h=280.0cm grade_1=88
[INFO]   ‚úÖ Pilar P5: 88.0x19.0cm, h=280.0cm grade_1=88
[INFO]   ‚úÖ Pilar P6: 88.0x19.0cm, h=280.0cm grade_1=88
[INFO]   ‚úÖ Pilar P7: 88.0x19.0cm, h=280.0cm grade_1=88
[INFO]   ‚úÖ Pilar P8: 88.0x19.0cm, h=280.0cm grade_1=126
[INFO]   ‚úÖ Pilar P9: 97.0x19.0cm, h=280.0cm grade_1=82
[INFO]   ‚úÖ Pilar P10: 82.0x73.0cm, h=280.0cm grade_1=102
[INFO]   ‚úÖ Pilar P11: 73.0x19.0cm, h=280.0cm grade_1=102
[INFO]   ‚úÖ Pilar P12: 73.0x19.0cm, h=280.0cm grade_1=120
[INFO]   ‚úÖ Pilar P13: 73.0x19.0cm, h=280.0cm grade_1=120
[INFO]   ‚úÖ Pilar P14: 73.0x19.0cm, h=280.0cm grade_1=122
[INFO]   ‚úÖ Pilar P15: 73.0x19.0cm, h=280.0cm grade_1=122
[INFO]   ‚úÖ Pilar P16: 73.0x19.0cm, h=280.0cm grade_1=122
[INFO]   ‚úÖ Pilar P17: 73.0x19.0cm, h=280.0cm grade_1=70
[INFO]   ‚úÖ Pilar P18: 97.0x19.0cm, h=280.0cm grade_1=72
[INFO]   ‚úÖ Pilar P19: 97.0x19.0cm, h=280.0cm grade_1=102
[INFO]   ‚úÖ Pilar P20: 97.0x19.0cm, h=280.0cm grade_1=108
[INFO]   ‚úÖ Pilar P21: 97.0x19.0cm, h=280.0cm grade_1=108
[INFO]   ‚úÖ Pilar P22: 97.0x19.0cm, h=280.0cm grade_1=122
[INFO]   ‚úÖ Pilar P23: 97.0x19.0cm, h=280.0cm grade_1=122
[INFO]   ‚úÖ Pilar P24: 97.0x19.0cm, h=280.0cm grade_1=102
[INFO]   ‚úÖ Pilar P25: 82.0x19.0cm, h=280.0cm grade_1=122
[INFO]   ‚úÖ Pilar P26: 54.0x52.0cm, h=280.0cm grade_1=102
[INFO]   ‚úÖ Pilar P27: 81.0x19.0cm, h=280.0cm grade_1=88
[INFO]   ‚úÖ Pilar P28: 97.0x24.0cm, h=280.0cm grade_1=102
[INFO]   ‚úÖ Pilar P29: 88.0x24.0cm, h=280.0cm grade_1=88
[INFO]   ‚úÖ Pilar P30: 88.0x24.0cm, h=280.0cm grade_1=88
[INFO]   ‚úÖ Pilar P31: 88.0x24.0cm, h=280.0cm grade_1=88
[INFO]   ‚úÖ Pilar P32: 88.0x24.0cm, h=280.0cm grade_1=88
[INFO]   ‚úÖ Pilar P33: 97.0x19.0cm, h=280.0cm grade_1=122
[INFO]   ‚úÖ Pilar P34: 82.0x19.0cm, h=280.0cm grade_1=82
[INFO]   ‚úÖ Pilar P35: 82.0x19.0cm, h=280.0cm grade_1=82
[INFO] Pilares: 35 processados -> D:\Agente-cad-PYSIDE\DADOS-OBRAS\Obra_TREINO_1\Fase-4_Sincronizacao\pilares_salvos.json
[INFO] Carregado: D:\Agente-cad-PYSIDE\DADOS-OBRAS\Obra_TREINO_1\Fase-3_Interpretacao_Extracao\Vigas\vigas.json (35 itens)
[INFO]   ‚úÖ Viga V7: b=45.0cm, h=38.0cm, L=415.0cm -> A+B
[INFO]   ‚úÖ Viga V13: b=19.0cm, h=38.0cm, L=415.0cm -> A+B
[INFO]   ‚úÖ Viga V301: b=19.0cm, h=110.0cm, L=418.0cm -> A+B
[INFO]   ‚úÖ Viga V302: b=19.0cm, h=110.0cm, L=244.0cm -> A+B
[INFO]   ‚úÖ Viga V303: b=19.0cm, h=110.0cm, L=418.0cm -> A+B
[INFO]   ‚úÖ Viga V304: b=19.0cm, h=38.0cm, L=578.0cm -> A+B
[INFO]   ‚úÖ Viga V305: b=19.0cm, h=38.0cm, L=722.0cm -> A+B
[INFO]   ‚úÖ Viga V306: b=19.0cm, h=110.0cm, L=418.0cm -> A+B
[INFO]   ‚úÖ Viga V307: b=19.0cm, h=38.0cm, L=570.0cm -> A+B
[INFO]   ‚úÖ Viga V308: b=19.0cm, h=38.0cm, L=684.5cm -> A+B
[INFO]   ‚úÖ Viga V309: b=19.0cm, h=38.0cm, L=570.0cm -> A+B
[INFO]   ‚úÖ Viga V310: b=19.0cm, h=100.0cm, L=277.0cm -> A+B
[INFO]   ‚úÖ Viga V311: b=19.0cm, h=38.0cm, L=415.0cm -> A+B
[INFO]   ‚úÖ Viga V312: b=19.0cm, h=240.0cm, L=418.0cm -> A+B
[INFO]   ‚úÖ Viga V314: b=19.0cm, h=240.0cm, L=415.0cm -> A+B
[INFO]   ‚úÖ Viga V315: b=19.0cm, h=38.0cm, L=415.0cm -> A+B
[INFO]   ‚úÖ Viga V316: b=19.0cm, h=240.0cm, L=718.0cm -> A+B
[INFO]   ‚úÖ Viga V317: b=19.0cm, h=38.0cm, L=415.0cm -> A+B
[INFO]   ‚úÖ Viga V318: b=19.0cm, h=240.0cm, L=415.0cm -> A+B
[INFO]   ‚úÖ Viga V319: b=19.0cm, h=38.0cm, L=415.0cm -> A+B
[INFO]   ‚úÖ Viga V320: b=19.0cm, h=240.0cm, L=415.0cm -> A+B
[INFO]   ‚úÖ Viga V321: b=19.0cm, h=38.0cm, L=455.0cm -> A+B
[INFO]   ‚úÖ Viga V322: b=19.0cm, h=240.0cm, L=415.0cm -> A+B
[INFO]   ‚úÖ Viga V323: b=19.0cm, h=38.0cm, L=455.0cm -> A+B
[INFO]   ‚úÖ Viga V324: b=19.0cm, h=38.0cm, L=248.0cm -> A+B
[INFO]   ‚úÖ Viga V325: b=19.0cm, h=240.0cm, L=415.0cm -> A+B
[INFO]   ‚úÖ Viga V326: b=19.0cm, h=38.0cm, L=307.0cm -> A+B
[INFO]   ‚úÖ Viga V327: b=19.0cm, h=28.0cm, L=307.0cm -> A+B
[INFO]   ‚úÖ Viga V328: b=19.0cm, h=28.0cm, L=474.0cm -> A+B
[INFO]   ‚úÖ Viga V329: b=19.0cm, h=38.0cm, L=474.0cm -> A+B
[INFO]   ‚úÖ Viga V330: b=19.0cm, h=240.0cm, L=455.0cm -> A+B
[INFO]   ‚úÖ Viga V331: b=19.0cm, h=28.0cm, L=244.0cm -> A+B
[INFO]   ‚úÖ Viga V332: b=19.0cm, h=38.0cm, L=415.0cm -> A+B
[INFO]   ‚úÖ Viga V309A: b=19.0cm, h=110.0cm, L=570.0cm -> A+B
[INFO] Vigas: 34 processadas -> D:\Agente-cad-PYSIDE\DADOS-OBRAS\Obra_TREINO_1\Fase-4_Sincronizacao\vigas_salvas.json
[INFO] Carregado: D:\Agente-cad-PYSIDE\DADOS-OBRAS\Obra_TREINO_1\Fase-3_Interpretacao_Extracao\Lajes\lajes.json (40 itens)
[INFO] [CAD-7.2] Pontaletes carregados: 23 lajes
[INFO]   ‚úÖ Laje L9: 244.0x211.5cm, 3 cortes
[INFO]   ‚úÖ Laje L10: 244.0x211.5cm, 3 cortes
[INFO]   ‚úÖ Laje L11: 244.0x211.5cm, 3 cortes
[INFO]   ‚úÖ Laje L12: 244.0x211.5cm, 3 cortes
[INFO]   ‚úÖ Laje L13: 244.0x211.5cm, 3 cortes
[INFO]   ‚úÖ Laje L14: 244.0x211.5cm, 3 cortes
[INFO]   ‚úÖ Laje L15: 244.0x211.5cm, 3 cortes
[INFO]   ‚úÖ Laje L16: 423.0x244.0cm, 5 cortes
[INFO]   ‚úÖ Laje L301: 405.5x61.0cm, 5 cortes
[INFO]   ‚úÖ Laje L302: 418.0x102.0cm, 5 cortes
[INFO]   ‚úÖ Laje L303: 418.0x102.0cm, 5 cortes
[INFO]   ‚úÖ Laje L304: 418.0x102.0cm, 5 cortes
[INFO]   ‚úÖ Laje L305: 418.0x102.0cm, 5 cortes
[INFO]   ‚úÖ Laje L306: 418.0x102.0cm, 5 cortes
[INFO]   ‚úÖ Laje L307: 418.0x61.0cm, 5 cortes
[INFO]   ‚úÖ Laje L308: 289.0x102.0cm, 3 cortes
[INFO]   ‚úÖ Laje L309: 405.5x122.0cm, 5 cortes
[INFO]   ‚úÖ Laje L310: 418.0x122.0cm, 5 cortes
[INFO]   ‚úÖ Laje L311: 418.0x122.0cm, 5 cortes
[INFO]   ‚úÖ Laje L312: 418.0x122.0cm, 5 cortes
[INFO]   ‚úÖ Laje L313: 418.0x122.0cm, 5 cortes
[INFO]   ‚úÖ Laje L314: 418.0x122.0cm, 5 cortes
[INFO]   ‚úÖ Laje L315: 418.0x122.0cm, 5 cortes
[INFO]   ‚úÖ Laje L316: 289.0x311.0cm, 3 cortes
[INFO]   ‚úÖ Laje L317: 289.0x513.0cm, 3 cortes
[INFO]   ‚úÖ Laje L318: 418.0x423.0cm, 5 cortes
[INFO]   ‚úÖ Laje L319: 405.5x558.1cm, 5 cortes
[INFO]   ‚úÖ Laje L320: 418.0x423.0cm, 5 cortes
[INFO]   ‚úÖ Laje L321: 418.0x423.0cm, 5 cortes
[INFO]   ‚úÖ Laje L322: 418.0x423.0cm, 5 cortes
[INFO]   ‚úÖ Laje L323: 418.0x423.0cm, 5 cortes
[INFO]   ‚úÖ Laje L324: 418.0x423.0cm, 5 cortes
[INFO]   ‚úÖ Laje L325: 129.0x459.0cm, 2 cortes
[INFO]   ‚úÖ Laje L326: 233.8x594.0cm, 3 cortes
[INFO]   ‚úÖ Laje L327: 413.0x423.0cm, 5 cortes
[INFO]   ‚úÖ Laje L328: 413.0x423.0cm, 5 cortes
[INFO]   ‚úÖ Laje L329: 413.0x423.0cm, 5 cortes
[INFO]   ‚úÖ Laje L330: 413.0x423.0cm, 5 cortes
[INFO]   ‚úÖ Laje L331: 415.5x423.0cm, 5 cortes
[INFO] Lajes: 39 processadas -> D:\Agente-cad-PYSIDE\DADOS-OBRAS\Obra_TREINO_1\Fase-4_Sincronizacao\lajes_salvas.json
[INFO] obras_salvas.json: 35 pilares ‚Üí D:\Agente-cad-PYSIDE\DADOS-OBRAS\Obra_TREINO_1\Fase-4_Sincronizacao\obras_salvas.json
[INFO] === RESULTADO: 35 pilares, 34 vigas, 39 lajes | 0 erros ===
[INFO] === RELAT√ìRIO DE COMPLETUDE SA ===
[INFO]   PL: 35 itens | m√©dia=100.0% | abaixo_80%=0
[INFO]   LV: 68 itens | m√©dia=100.0% | abaixo_80%=0
[INFO]   FV: 34 itens | m√©dia=100.0% | abaixo_80%=0
[INFO]   LJ: 39 itens | m√©dia=100.0% | abaixo_80%=0
[INFO] ==================================
  pilares_bh.json: 36 pilares

=== GERANDO DXF PILARES (35 pilares) ===
  P1: b=19 h=88 paineis=12 alt=280cm [BH-extraido]
  P10: b=73 h=82 paineis=12 alt=280cm [BH-extraido]
  P11: b=19 h=73 paineis=12 alt=280cm [BH-extraido]
  P12: b=19 h=73 paineis=12 alt=280cm [BH-extraido]
  P13: b=19 h=73 paineis=12 alt=280cm [BH-extraido]
  P14: b=19 h=73 paineis=12 alt=280cm [BH-extraido]
  P15: b=19 h=73 paineis=12 alt=280cm [BH-extraido]
  P16: b=19 h=73 paineis=12 alt=280cm [BH-extraido]
  P17: b=19 h=73 paineis=12 alt=280cm [BH-extraido]
  P18: b=19 h=97 paineis=12 alt=280cm [BH-extraido]
  P19: b=19 h=97 paineis=12 alt=280cm [BH-extraido]
  P2: b=19 h=88 paineis=12 alt=280cm [BH-extraido]
  P20: b=19 h=97 paineis=12 alt=280cm [BH-extraido]
  P21: b=19 h=97 paineis=12 alt=280cm [BH-extraido]
  P22: b=19 h=97 paineis=12 alt=280cm [BH-extraido]
  P23: b=19 h=97 paineis=12 alt=280cm [BH-extraido]
  P24: b=19 h=97 paineis=12 alt=280cm [BH-extraido]
  P25: b=19 h=82 paineis=12 alt=280cm [BH-extraido]
  P26: b=52 h=54 paineis=12 alt=280cm [BH-extraido]
  P27: b=19 h=81 paineis=12 alt=280cm [BH-extraido]
  P28: b=24 h=97 paineis=12 alt=280cm [BH-extraido]
  P29: b=24 h=88 paineis=12 alt=280cm [BH-extraido]
  P3: b=19 h=88 paineis=12 alt=280cm [BH-extraido]
  P30: b=24 h=88 paineis=12 alt=280cm [BH-extraido]
  P31: b=24 h=88 paineis=12 alt=280cm [BH-extraido]
  P32: b=24 h=88 paineis=12 alt=280cm [BH-extraido]
  P33: b=19 h=97 paineis=12 alt=280cm [BH-extraido]
  P34: b=19 h=82 paineis=12 alt=280cm [BH-extraido]
  P35: b=19 h=82 paineis=12 alt=280cm [BH-extraido]
  P4: b=19 h=88 paineis=12 alt=280cm [BH-extraido]
  P5: b=19 h=88 paineis=12 alt=280cm [BH-extraido]
  P6: b=19 h=88 paineis=12 alt=280cm [BH-extraido]
  P7: b=19 h=88 paineis=12 alt=280cm [BH-extraido]
  P8: b=19 h=88 paineis=12 alt=280cm [BH-extraido]
  P9: b=19 h=97 paineis=12 alt=280cm [BH-extraido]

=== RESULTADO: 35 DXFs gerados | 0 erros ===
  Relatorio: D:\Agente-cad-PYSIDE\DADOS-OBRAS\Obra_TREINO_1\Fase-5_Geracao_Scripts\DXF_Pilares\_relatorio.json
  DXFs em: D:\Agente-cad-PYSIDE\DADOS-OBRAS\Obra_TREINO_1\Fase-5_Geracao_Scripts\DXF_Pilares

  Proximo: python scripts/comparar_dxf_pilares.py --obra D:\Agente-cad-PYSIDE\DADOS-OBRAS\Obra_TREINO_1

=== GERANDO DXF VIGAS (34 vigas) ===
  V7: b=45 h=38 L=415cm | paineis A=4 B=4 F=4
  V13: b=19 h=38 L=415cm | paineis A=4 B=4 F=4
  V301: b=19 h=110 L=418cm | paineis A=4 B=4 F=4
  V302: b=19 h=110 L=244cm | paineis A=3 B=3 F=3
  V303: b=19 h=110 L=418cm | paineis A=4 B=4 F=4
  V304: b=19 h=38 L=578cm | paineis A=5 B=5 F=5
  V305: b=19 h=38 L=722cm | paineis A=7 B=7 F=7
  V306: b=19 h=110 L=418cm | paineis A=4 B=4 F=4
  V307: b=19 h=38 L=570cm | paineis A=5 B=5 F=5
  V308: b=19 h=38 L=684cm | paineis A=6 B=6 F=6
  V309: b=19 h=38 L=570cm | paineis A=5 B=5 F=5
  V310: b=19 h=100 L=277cm | paineis A=3 B=3 F=3
  V311: b=19 h=38 L=415cm | paineis A=4 B=4 F=4
  V312: b=19 h=240 L=418cm | paineis A=4 B=4 F=4
  V314: b=19 h=240 L=415cm | paineis A=4 B=4 F=4
  V315: b=19 h=38 L=415cm | paineis A=4 B=4 F=4
  V316: b=19 h=240 L=718cm | paineis A=6 B=6 F=6
  V317: b=19 h=38 L=415cm | paineis A=4 B=4 F=4
  V318: b=19 h=240 L=415cm | paineis A=4 B=4 F=4
  V319: b=19 h=38 L=415cm | paineis A=4 B=4 F=4
  V320: b=19 h=240 L=415cm | paineis A=4 B=4 F=4
  V321: b=19 h=38 L=455cm | paineis A=4 B=4 F=4
  V322: b=19 h=240 L=415cm | paineis A=4 B=4 F=4
  V323: b=19 h=38 L=455cm | paineis A=4 B=4 F=4
  V324: b=19 h=38 L=248cm | paineis A=3 B=3 F=3
  V325: b=19 h=240 L=415cm | paineis A=4 B=4 F=4
  V326: b=19 h=38 L=307cm | paineis A=3 B=3 F=3
  V327: b=19 h=28 L=307cm | paineis A=3 B=3 F=3
  V328: b=19 h=28 L=474cm | paineis A=4 B=4 F=4
  V329: b=19 h=38 L=474cm | paineis A=4 B=4 F=4
  V330: b=19 h=240 L=455cm | paineis A=4 B=4 F=4
  V331: b=19 h=28 L=244cm | paineis A=3 B=3 F=3
  V332: b=19 h=38 L=415cm | paineis A=4 B=4 F=4
  V309A: b=19 h=110 L=570cm | paineis A=5 B=5 F=5

=== RESULTADO: 34 DXFs gerados | 0 erros ===
  Relatorio: D:\Agente-cad-PYSIDE\DADOS-OBRAS\Obra_TREINO_1\Fase-5_Geracao_Scripts\DXF_Vigas\_relatorio.json
  DXFs em: D:\Agente-cad-PYSIDE\DADOS-OBRAS\Obra_TREINO_1\Fase-5_Geracao_Scripts\DXF_Vigas

  Proximo: python scripts/comparar_dxf_vigas.py --obra D:\Agente-cad-PYSIDE\DADOS-OBRAS\Obra_TREINO_1

=== GERANDO DXF LAJES (39 lajes) ===
  L9: 244.0x211.5cm paineis=4x1 area=51606cm2
  L10: 244.0x211.5cm paineis=4x1 area=51606cm2
  L11: 244.0x211.5cm paineis=4x1 area=51606cm2
  L12: 244.0x211.5cm paineis=4x1 area=51606cm2
  L13: 244.0x211.5cm paineis=4x1 area=51606cm2
  L14: 244.0x211.5cm paineis=4x1 area=51606cm2
  L15: 244.0x211.5cm paineis=4x1 area=51606cm2
  L16: 423.0x244.0cm paineis=6x1 area=103212cm2
  L301: 405.5x61.0cm paineis=6x1 area=24736cm2
  L302: 418.0x102.0cm paineis=6x1 area=42636cm2
  L303: 418.0x102.0cm paineis=6x1 area=42636cm2
  L304: 418.0x102.0cm paineis=6x1 area=42636cm2
  L305: 418.0x102.0cm paineis=6x1 area=42636cm2
  L306: 418.0x102.0cm paineis=6x1 area=42636cm2
  L307: 418.0x61.0cm paineis=6x1 area=25498cm2
  L308: 289.0x102.0cm paineis=4x1 area=29478cm2
  L309: 405.5x122.0cm paineis=6x1 area=49471cm2
  L310: 418.0x122.0cm paineis=6x1 area=50996cm2
  L311: 418.0x122.0cm paineis=6x1 area=50996cm2
  L312: 418.0x122.0cm paineis=6x1 area=50996cm2
  L313: 418.0x122.0cm paineis=6x1 area=50996cm2
  L314: 418.0x122.0cm paineis=6x1 area=50996cm2
  L315: 418.0x122.0cm paineis=6x1 area=50996cm2
  L316: 289.0x311.0cm paineis=4x1 area=89879cm2
  L317: 289.0x513.0cm paineis=4x1 area=148257cm2
  L318: 418.0x423.0cm paineis=6x1 area=176814cm2
  L319: 405.5x558.1cm paineis=6x1 area=226310cm2
  L320: 418.0x423.0cm paineis=6x1 area=176814cm2
  L321: 418.0x423.0cm paineis=6x1 area=176814cm2
  L322: 418.0x423.0cm paineis=6x1 area=176814cm2
  L323: 418.0x423.0cm paineis=6x1 area=176814cm2
  L324: 418.0x423.0cm paineis=6x1 area=176814cm2
  L325: 129.0x459.0cm paineis=3x1 area=59211cm2
  L326: 233.8x594.0cm paineis=4x1 area=138877cm2
  L327: 413.0x423.0cm paineis=6x1 area=174699cm2
  L328: 413.0x423.0cm paineis=6x1 area=174699cm2
  L329: 413.0x423.0cm paineis=6x1 area=174699cm2
  L330: 413.0x423.0cm paineis=6x1 area=174699cm2
  L331: 415.5x423.0cm paineis=6x1 area=175756cm2

=== RESULTADO: 39 DXFs gerados | 0 erros ===
  Relatorio: D:\Agente-cad-PYSIDE\DADOS-OBRAS\Obra_TREINO_1\Fase-5_Geracao_Scripts\DXF_Lajes\_relatorio.json
  DXFs em: D:\Agente-cad-PYSIDE\DADOS-OBRAS\Obra_TREINO_1\Fase-5_Geracao_Scripts\DXF_Lajes

  Proximo: python scripts/comparar_dxf.py --obra D:\Agente-cad-PYSIDE\DADOS-OBRAS\Obra_TREINO_1
Processando 35 pilares [pavimento completo] (3 zones: ABCD/CIMA/GRADES)
  ABCD zone: X=-7000
  CIMA zone: X=0
  GRADES zone: X=4000

  [ 1] P1: 88.0x19.0cm h=280cm  entities=169
  [ 2] P2: 88.0x19.0cm h=280cm  entities=169
  [ 3] P3: 88.0x19.0cm h=280cm  entities=169
  [ 4] P4: 88.0x19.0cm h=280cm  entities=169
  [ 5] P5: 88.0x19.0cm h=280cm  entities=169
  [ 6] P6: 88.0x19.0cm h=280cm  entities=169
  [ 7] P7: 88.0x19.0cm h=280cm  entities=169
  [ 8] P8: 88.0x19.0cm h=280cm  entities=169
  [ 9] P9: 97.0x19.0cm h=280cm  entities=169
  [10] P10: 82.0x73.0cm h=280cm  entities=176
  [11] P11: 73.0x19.0cm h=280cm  entities=169
  [12] P12: 73.0x19.0cm h=280cm  entities=169
  [13] P13: 73.0x19.0cm h=280cm  entities=169
  [14] P14: 73.0x19.0cm h=280cm  entities=169
  [15] P15: 73.0x19.0cm h=280cm  entities=169
  [16] P16: 73.0x19.0cm h=280cm  entities=169
  [17] P17: 73.0x19.0cm h=280cm  entities=169
  [18] P18: 97.0x19.0cm h=280cm  entities=169
  [19] P19: 97.0x19.0cm h=280cm  entities=169
  [20] P20: 97.0x19.0cm h=280cm  entities=169
  [21] P21: 97.0x19.0cm h=280cm  entities=169
  [22] P22: 97.0x19.0cm h=280cm  entities=169
  [23] P23: 97.0x19.0cm h=280cm  entities=169
  [24] P24: 97.0x19.0cm h=280cm  entities=169
  [25] P25: 82.0x19.0cm h=280cm  entities=169
  [26] P26: 54.0x52.0cm h=280cm  entities=176
  [27] P27: 81.0x19.0cm h=280cm  entities=169
  [28] P28: 97.0x24.0cm h=280cm  entities=169
  [29] P29: 88.0x24.0cm h=280cm  entities=169
  [30] P30: 88.0x24.0cm h=280cm  entities=169
  [31] P31: 88.0x24.0cm h=280cm  entities=169
  [32] P32: 88.0x24.0cm h=280cm  entities=169
  [33] P33: 97.0x19.0cm h=280cm  entities=169
  [34] P34: 82.0x19.0cm h=280cm  entities=169
  [35] P35: 82.0x19.0cm h=280cm  entities=169
  [ADAPTIVE] +6 sentinel(s): ['CARIMBO', 'NIVEL 2¬∞ PAV.', 'SARR_7x7', 'SARR_EDITAR', 'Sarr 2.2x7', 'Texto N√≠vel']
  [PRUNE] 143 entidades removidas (layers fora do STOG PL)

Total entities: 5929
DXF: D:\Agente-cad-PYSIDE\DADOS-OBRAS\Obra_TREINO_1\Fase-6_Execucao_CAD\PL_stog_quality.dxf
Preview: D:\Agente-cad-PYSIDE\DADOS-OBRAS\Obra_TREINO_1\Fase-6_Execucao_CAD\PL_stog_quality.png
Processando 34 vigas laterais -> LV_stog_quality.dxf
  [SKIP-LAYERS] pulando layers ausentes no STOG: ['SCO-___-LAJ', 'TENSOR', 'barrote', 'presilha']
  V7      : comp=415cm  h_A=23  h_B=10  b=45  paineis=4  widths=[120,120,120,55]
  V305    : comp=722cm  h_A=23  h_B=10  b=19  paineis=7  widths=[120,120,120,120,120,120,2]
  V316    : comp=718cm  h_A=124  h_B=110  b=19  paineis=6  widths=[120,120,120,120,120,118]
  V308    : comp=684cm  h_A=23  h_B=10  b=19  paineis=6  widths=[120,120,120,120,120,84]
  V304    : comp=578cm  h_A=23  h_B=10  b=19  paineis=5  widths=[120,120,120,120,98]
  V307    : comp=570cm  h_A=23  h_B=10  b=19  paineis=5  widths=[120,120,120,120,90]
  V309A   : comp=570cm  h_A=59  h_B=45  b=19  paineis=5  widths=[120,120,120,120,90]
  V309    : comp=570cm  h_A=23  h_B=10  b=19  paineis=5  widths=[120,120,120,120,90]
  V328    : comp=474cm  h_A=18  h_B=10  b=19  paineis=4  widths=[120,120,120,114]
  V329    : comp=474cm  h_A=23  h_B=10  b=19  paineis=4  widths=[120,120,120,114]
  V321    : comp=455cm  h_A=23  h_B=10  b=19  paineis=4  widths=[120,120,120,95]
  V323    : comp=455cm  h_A=23  h_B=10  b=19  paineis=4  widths=[120,120,120,95]
  V330    : comp=455cm  h_A=124  h_B=110  b=19  paineis=4  widths=[120,120,120,95]
  V301    : comp=418cm  h_A=59  h_B=45  b=19  paineis=4  widths=[120,120,120,58]
  V303    : comp=418cm  h_A=59  h_B=45  b=19  paineis=4  widths=[120,120,120,58]
  V306    : comp=418cm  h_A=59  h_B=45  b=19  paineis=4  widths=[120,120,120,58]
  V312    : comp=418cm  h_A=124  h_B=110  b=19  paineis=4  widths=[120,120,120,58]
  V13     : comp=415cm  h_A=23  h_B=10  b=19  paineis=4  widths=[120,120,120,55]
  V311    : comp=415cm  h_A=23  h_B=10  b=19  paineis=4  widths=[120,120,120,55]
  V314    : comp=415cm  h_A=124  h_B=110  b=19  paineis=4  widths=[120,120,120,55]
  V315    : comp=415cm  h_A=23  h_B=10  b=19  paineis=4  widths=[120,120,120,55]
  V317    : comp=415cm  h_A=23  h_B=10  b=19  paineis=4  widths=[120,120,120,55]
  V318    : comp=415cm  h_A=124  h_B=110  b=19  paineis=4  widths=[120,120,120,55]
  V319    : comp=415cm  h_A=23  h_B=10  b=19  paineis=4  widths=[120,120,120,55]
  V320    : comp=415cm  h_A=124  h_B=110  b=19  paineis=4  widths=[120,120,120,55]
  V322    : comp=415cm  h_A=124  h_B=110  b=19  paineis=4  widths=[120,120,120,55]
  V325    : comp=415cm  h_A=124  h_B=110  b=19  paineis=4  widths=[120,120,120,55]
  V332    : comp=415cm  h_A=23  h_B=10  b=19  paineis=4  widths=[120,120,120,55]
  V326    : comp=307cm  h_A=23  h_B=10  b=19  paineis=3  widths=[120,120,67]
  V327    : comp=307cm  h_A=18  h_B=10  b=19  paineis=3  widths=[120,120,67]
  V310    : comp=277cm  h_A=54  h_B=40  b=19  paineis=3  widths=[120,120,37]
  V324    : comp=248cm  h_A=23  h_B=10  b=19  paineis=3  widths=[120,120,8]
  V302    : comp=244cm  h_A=59  h_B=45  b=19  paineis=3  widths=[120,120,4]
  V331    : comp=244cm  h_A=18  h_B=10  b=19  paineis=3  widths=[120,120,4]
  [ADAPTIVE] +5 sentinel(s): ['Cotas', 'REAPROVEITAMENTO', 'SARRAFO DE PRESSAO', 'SARR_EDITAR', 'TEXTO PILAR']
  [PRUNE] 284 entidades removidas (layers fora do STOG LV)

DXF: D:\Agente-cad-PYSIDE\DADOS-OBRAS\Obra_TREINO_1\Fase-6_Execucao_CAD\LV_stog_quality.dxf
Preview: D:\Agente-cad-PYSIDE\DADOS-OBRAS\Obra_TREINO_1\Fase-6_Execucao_CAD\LV_stog_quality.png
[FV-FILTER] STOG FV cont√©m 97% das nossas vigas (incluindo b=19.0cm) ‚Üí filtro desativado.
Processando 34 vigas -> 17 fileiras
  V7      : 415x45cm  row=0
  V305    : 722x19cm  row=0
  V316    : 718x19cm  row=1
  V308    : 684x19cm  row=2
  V304    : 578x19cm  row=3
  V307    : 570x19cm  row=3
  V309A   : 570x19cm  row=4
  V309    : 570x19cm  row=4
  V328    : 474x19cm  row=5
  V329    : 474x19cm  row=5
  V321    : 455x19cm  row=6
  V323    : 455x19cm  row=6
  V330    : 455x19cm  row=7
  V301    : 418x19cm  row=7
  V303    : 418x19cm  row=8
  V306    : 418x19cm  row=8
  V312    : 418x19cm  row=9
  V13     : 415x19cm  row=9
  V311    : 415x19cm  row=10
  V314    : 415x19cm  row=10
  V315    : 415x19cm  row=11
  V317    : 415x19cm  row=11
  V318    : 415x19cm  row=12
  V319    : 415x19cm  row=12
  V320    : 415x19cm  row=13
  V322    : 415x19cm  row=13
  V325    : 415x19cm  row=14
  V332    : 415x19cm  row=14
  V326    : 307x19cm  row=14
  V327    : 307x19cm  row=15
  V310    : 277x19cm  row=15
  V324    : 248x19cm  row=15
  V302    : 244x19cm  row=15
  V331    : 244x19cm  row=16
  [ADAPTIVE] +2 sentinel(s): ['00 - FELIPE', 'SARR_EDITAR']
  [PRUNE] 193 entidades removidas (layers fora do STOG FV)

DXF: D:\Agente-cad-PYSIDE\DADOS-OBRAS\Obra_TREINO_1\Fase-6_Execucao_CAD\FV_stog_quality.dxf
Preview: D:\Agente-cad-PYSIDE\DADOS-OBRAS\Obra_TREINO_1\Fase-6_Execucao_CAD\FV_stog_quality.png
Processando 39 lajes -> LJ_stog_quality.dxf  (mode=planta)
  [ 1] L9: 244x212cm  pos=(0,0)  panels=4
  [ 2] L10: 244x212cm  pos=(0,0)  panels=4
  [ 3] L11: 244x212cm  pos=(0,0)  panels=4
  [ 4] L12: 244x212cm  pos=(0,0)  panels=4
  [ 5] L13: 244x212cm  pos=(0,0)  panels=4
  [ 6] L14: 244x212cm  pos=(0,0)  panels=4
  [ 7] L15: 244x212cm  pos=(0,0)  panels=4
  [ 8] L16: 423x244cm  pos=(0,0)  panels=6
  [ 9] L301: 406x61cm  pos=(0,0)  panels=6
  [10] L302: 418x102cm  pos=(0,0)  panels=6
  [11] L303: 418x102cm  pos=(0,0)  panels=6
  [12] L304: 418x102cm  pos=(0,0)  panels=6
  [13] L305: 418x102cm  pos=(0,0)  panels=6
  [14] L306: 418x102cm  pos=(0,0)  panels=6
  [15] L307: 418x61cm  pos=(0,0)  panels=6
  [16] L308: 289x102cm  pos=(0,0)  panels=4
  [17] L309: 406x122cm  pos=(0,0)  panels=6
  [18] L310: 418x122cm  pos=(0,0)  panels=6
  [19] L311: 418x122cm  pos=(0,0)  panels=6
  [20] L312: 418x122cm  pos=(0,0)  panels=6
  [21] L313: 418x122cm  pos=(0,0)  panels=6
  [22] L314: 418x122cm  pos=(0,0)  panels=6
  [23] L315: 418x122cm  pos=(0,0)  panels=6
  [24] L316: 289x311cm  pos=(0,0)  panels=4
  [25] L317: 289x513cm  pos=(0,0)  panels=4
  [26] L318: 418x423cm  pos=(0,0)  panels=6
  [27] L319: 406x558cm  pos=(0,0)  panels=6
  [28] L320: 418x423cm  pos=(0,0)  panels=6
  [29] L321: 418x423cm  pos=(0,0)  panels=6
  [30] L322: 418x423cm  pos=(0,0)  panels=6
  [31] L323: 418x423cm  pos=(0,0)  panels=6
  [32] L324: 418x423cm  pos=(0,0)  panels=6
  [33] L325: 129x459cm  pos=(0,0)  panels=3
  [34] L326: 234x594cm  pos=(0,0)  panels=4
  [35] L327: 413x423cm  pos=(0,0)  panels=6
  [36] L328: 413x423cm  pos=(0,0)  panels=6
  [37] L329: 413x423cm  pos=(0,0)  panels=6
  [38] L330: 413x423cm  pos=(0,0)  panels=6
  [39] L331: 416x423cm  pos=(0,0)  panels=6
  Pilars drawn: 16
  [ADAPTIVE] +2 sentinel(s): ['1', 'REAPROVEITAMENTO']
  [PRUNE] 1 entidades removidas (layers fora do STOG LJ)

DXF (planta): D:\Agente-cad-PYSIDE\DADOS-OBRAS\Obra_TREINO_1\Fase-6_Execucao_CAD\LJ_stog_quality.dxf
Total panels: 209

=== Entity Summary (3191 total) ===
  9                           1503
  3                            663
  Pain√©is                      418
  4                            379
  AUX00                        170
  Hachura                       39
  7                             16
  0                              1
  1                              1
  REAPROVEITAMENTO               1

=== Types ===
  LINE                   1944
  TEXT                    565
  DIMENSION               248
  LWPOLYLINE              225
  MTEXT                   170
  HATCH                    39

=== COMPARADOR DXF vs. GROUND TRUTH (tol=5.0%) ===

--- PILARES ---
  Match rate: 100.0% (35/35)
  Erro mÈdio: 0.0%

--- VIGAS ---
  Match rate: 100.0% (34/34)
  Erro mÈdio: 0.0%

--- LAJES ---
  Match rate: 100.0% (39/39)
  Erro mÈdio: 0.0%

=== SCORE GERAL: 100.0% (PASS | meta: 75.0%) ===
  Pilares: 100.0% | Vigas: 100.0% | Lajes: 100.0%

  Relatorio: D:\Agente-cad-PYSIDE\DADOS-OBRAS\Obra_TREINO_1\Fase-5_Geracao_Scripts\_relatorio_comparacao.json
[INFO] === extrair_ancoras_dxf.py | Obra_TREINO_1 | 13PAV ===
[INFO] PL DXF: ALIMONTI - PARAISO - 13∞ PAV.- PL - R00.dxf
[INFO] Pilares: 35 ancoras extraidas do PL DXF
[INFO] Salvo: D:\Agente-cad-PYSIDE\DADOS-OBRAS\Obra_TREINO_1\Fase-3_Interpretacao_Extracao\ancoras_pilares.json (35 pilares)
[INFO] LV DXF: ALIMONTI - PARAISO - 13∞ PAV.- LV - R00.dxf
[INFO] Vigas: 34 ancoras extraidas do LV DXF
[INFO] Salvo: D:\Agente-cad-PYSIDE\DADOS-OBRAS\Obra_TREINO_1\Fase-3_Interpretacao_Extracao\ancoras_vigas.json (34 vigas)
[INFO] LJ DXF: ALIMONTI - PARAISO - 13∞ PAV.- LJ - R00.dxf
[INFO] Lajes: 31 ancoras extraidas do LJ DXF
[INFO] Salvo: D:\Agente-cad-PYSIDE\DADOS-OBRAS\Obra_TREINO_1\Fase-3_Interpretacao_Extracao\ancoras_lajes.json (31 lajes)

[RESULTADO]
  Pilares: 35 ancoras
  Vigas:   34 ancoras
  Lajes:   31 ancoras

  STATUS: OK (cobertura suficiente)
[INFO] === consolidar_dxf_pilares.py | Obra_TREINO_1 | 13PAV ===
  P1: ancora=(5358,12203) offset=(5206,12063) [18 ents]
  P2: ancora=(6943,12203) offset=(6791,12063) [18 ents]
  P3: ancora=(8528,12203) offset=(8376,12063) [18 ents]
  P4: ancora=(3760,11053) offset=(3608,10913) [18 ents]
  P5: ancora=(5365,11053) offset=(5213,10913) [18 ents]
  P6: ancora=(6943,11053) offset=(6791,10913) [18 ents]
  P7: ancora=(8528,11053) offset=(8376,10913) [18 ents]
  P8: ancora=(3759,9905) offset=(3607,9765) [18 ents]
  P9: ancora=(5349,9905) offset=(5188,9765) [18 ents]
  P10: ancora=(6951,9905) offset=(6751,9765) [18 ents]
  P11: ancora=(8522,9906) offset=(8386,9766) [18 ents]
  P12: ancora=(3751,8758) offset=(3614,8618) [18 ents]
  P13: ancora=(5349,8758) offset=(5212,8618) [18 ents]
  P14: ancora=(6934,8758) offset=(6797,8618) [18 ents]
  P15: ancora=(8519,8758) offset=(8382,8618) [18 ents]
  P16: ancora=(3751,7609) offset=(3614,7469) [18 ents]
  P17: ancora=(5332,7609) offset=(5196,7469) [18 ents]
  P18: ancora=(6671,7582) offset=(6510,7442) [18 ents]
  P19: ancora=(8531,7608) offset=(8370,7468) [18 ents]
  P20: ancora=(3763,6459) offset=(3602,6319) [18 ents]
  P21: ancora=(5361,6459) offset=(5200,6319) [18 ents]
  P22: ancora=(6946,6459) offset=(6785,6319) [18 ents]
  P23: ancora=(8524,6459) offset=(8363,6319) [18 ents]
  P24: ancora=(3763,5310) offset=(3602,5170) [18 ents]
  P25: ancora=(5361,5310) offset=(5215,5170) [18 ents]
  P26: ancora=(6850,4929) offset=(6699,4789) [18 ents]
  P27: ancora=(7356,4164) offset=(7211,4024) [18 ents]
  P28: ancora=(3793,3015) offset=(3627,2875) [18 ents]
  P29: ancora=(5344,3015) offset=(5187,2875) [18 ents]
  P30: ancora=(6929,3015) offset=(6772,2875) [18 ents]
  P31: ancora=(8514,3015) offset=(8357,2875) [18 ents]
  P32: ancora=(3759,1866) offset=(3602,1726) [18 ents]
  P33: ancora=(5341,1865) offset=(5180,1725) [18 ents]
  P34: ancora=(6039,6915) offset=(5893,6775) [18 ents]
  P35: ancora=(8518,1865) offset=(8372,1725) [18 ents]

[RESULTADO]
  Pilares consolidados: 35/35
  Output: D:\Agente-cad-PYSIDE\DADOS-OBRAS\Obra_TREINO_1\Fase-6_Execucao_CAD\PL_gerado.dxf
  ValidaÁ„o: 630 entidades no PL_gerado.dxf
  RelatÛrio: D:\Agente-cad-PYSIDE\DADOS-OBRAS\Obra_TREINO_1\Fase-6_Execucao_CAD\consolidacao_pilares.json
[INFO] === consolidar_dxf_vigas.py | Obra_TREINO_1 ===
  V7: ancora=(6938,4283) [34 ents]
  V13: ancora=(6747,4555) [34 ents]
  V301: ancora=(4707,3489) [34 ents]
  V302: ancora=(3626,2682) [28 ents]
  V303: ancora=(4527,3389) [34 ents]
  V304: ancora=(4658,2843) [40 ents]
  V305: ancora=(4259,2520) [52 ents]
  V306: ancora=(4596,3807) [34 ents]
  V307: ancora=(4459,5566) [40 ents]
  V308: ancora=(5658,2684) [46 ents]
  V309: ancora=(4252,5088) [40 ents]
  V309A: ancora=(4096,6516) [40 ents]
  V310: ancora=(6336,5920) [28 ents]
  V311: ancora=(5635,4908) [34 ents]
  V312: ancora=(4783,6468) [34 ents]
  V314: ancora=(4869,6825) [34 ents]
  V315: ancora=(1987,3389) [34 ents]
  V316: ancora=(3726,6097) [46 ents]
  V317: ancora=(3580,3376) [34 ents]
  V318: ancora=(5185,6686) [34 ents]
  V319: ancora=(5402,4331) [34 ents]
  V320: ancora=(6177,6379) [34 ents]
  V321: ancora=(6334,5145) [34 ents]
  V322: ancora=(5896,6751) [34 ents]
  V323: ancora=(5210,3783) [34 ents]
  V324: ancora=(3050,2247) [28 ents]
  V325: ancora=(6096,6108) [34 ents]
  V326: ancora=(4598,2247) [28 ents]
  V327: ancora=(5176,2247) [28 ents]
  V328: ancora=(5569,2247) [34 ents]
  V329: ancora=(6223,2224) [34 ents]
  V330: ancora=(6735,6325) [34 ents]
  V331: ancora=(2099,1001) [28 ents]
  V332: ancora=(3410,3868) [34 ents]

[RESULTADO]
  LV_gerado.dxf: 34 vigas (1186 entidades)
  FV_gerado.dxf: 34 vigas offset (1186 entidades)
[INFO] === consolidar_dxf_lajes.py | Obra_TREINO_1 ===
  L9: ancora=(0,0) [9 ents]
  L10: ancora=(0,-1000) [9 ents]
  L11: ancora=(0,-2000) [9 ents]
  L12: ancora=(0,-3000) [9 ents]
  L13: ancora=(0,-4000) [9 ents]
  L14: ancora=(0,-5000) [9 ents]
  L15: ancora=(0,-6000) [9 ents]
  L16: ancora=(0,-7000) [13 ents]
  L301: ancora=(2918,2754) [13 ents]
  L302: ancora=(3361,2695) [13 ents]
  L303: ancora=(3790,2695) [13 ents]
  L304: ancora=(4224,2695) [13 ents]
  L305: ancora=(4658,2695) [13 ents]
  L306: ancora=(5088,2694) [13 ents]
  L307: ancora=(5530,2758) [13 ents]
  L308: ancora=(5930,2694) [9 ents]
  L309: ancora=(2924,2430) [13 ents]
  L310: ancora=(3344,2429) [13 ents]
  L311: ancora=(3802,2489) [13 ents]
  L312: ancora=(4226,2506) [13 ents]
  L313: ancora=(4674,2488) [13 ents]
  L314: ancora=(5086,2425) [13 ents]
  L315: ancora=(5535,2428) [13 ents]
  L316: ancora=(5937,2459) [9 ents]
  L317: ancora=(6098,2706) [9 ents]
  L318: ancora=(4213,2138) [13 ents]
  L319: ancora=(2913,1885) [13 ents]
  L320: ancora=(3348,1865) [13 ents]
  L321: ancora=(3792,1870) [13 ents]
  L322: ancora=(4212,1869) [13 ents]
  L323: ancora=(4670,1868) [13 ents]
  L324: ancora=(5089,1872) [13 ents]
  L325: ancora=(5385,1774) [7 ents]
  L326: ancora=(3029,1618) [9 ents]
  L327: ancora=(3315,1630) [13 ents]
  L328: ancora=(3818,1632) [13 ents]
  L329: ancora=(4256,1597) [13 ents]
  L330: ancora=(4629,1596) [13 ents]
  L331: ancora=(5130,1596) [13 ents]

[RESULTADO]
  Lajes consolidadas: 39/39
  Sem ancora: ['L9', 'L10', 'L11', 'L12', 'L13', 'L14', 'L15', 'L16']
  LJ_gerado.dxf: 457 entidades
  Output: D:\Agente-cad-PYSIDE\DADOS-OBRAS\Obra_TREINO_1\Fase-6_Execucao_CAD\LJ_gerado.dxf
[INFO] === validar_dxf_coletivo.py | Obra_TREINO_1 | 13PAV ===

  [PILARES]
    GT: 35 | Gerado: 35 | Corretos: 35
    id_match: 100.0% | hallucination: 0.0%
    SCORE: 100.0% ó APROVADO

  [VIGAS]
    GT: 34 | Gerado: 34 | Corretos: 34
    id_match: 100.0% | hallucination: 0.0%
    SCORE: 100.0% ó APROVADO

  [LAJES]
    GT: 39 | Gerado: 39 | Corretos: 39
    id_match: 100.0% | hallucination: 0.0%
    SCORE: 100.0% ó APROVADO

[RESULTADO GLOBAL]
  Score global: 100.0%
  Status: APROVADO (>=90%)

[INFO] Salvo: D:\Agente-cad-PYSIDE\DADOS-OBRAS\Obra_TREINO_1\Fase-6_Execucao_CAD\validation_coletivo.json
[INFO] Processando 35 pilares \u2192 obras_salvas.json
[INFO]   P1: 88x19cm grade_1=88
[INFO]   P2: 88x19cm grade_1=88
[INFO]   P3: 88x19cm grade_1=88
[INFO]   P4: 88x19cm grade_1=88
[INFO]   P5: 88x19cm grade_1=88
[INFO]   P6: 88x19cm grade_1=88
[INFO]   P7: 88x19cm grade_1=88
[INFO]   P8: 88x19cm grade_1=126
[INFO]   P9: 97x19cm grade_1=82
[INFO]   P10: 82x73cm grade_1=102
[INFO]   P11: 73x19cm grade_1=102
[INFO]   P12: 73x19cm grade_1=120
[INFO]   P13: 73x19cm grade_1=120
[INFO]   P14: 73x19cm grade_1=122
[INFO]   P15: 73x19cm grade_1=122
[INFO]   P16: 73x19cm grade_1=122
[INFO]   P17: 73x19cm grade_1=70
[INFO]   P18: 97x19cm grade_1=72
[INFO]   P19: 97x19cm grade_1=102
[INFO]   P20: 97x19cm grade_1=108
[INFO]   P21: 97x19cm grade_1=108
[INFO]   P22: 97x19cm grade_1=122
[INFO]   P23: 97x19cm grade_1=122
[INFO]   P24: 97x19cm grade_1=102
[INFO]   P25: 82x19cm grade_1=122
[INFO]   P26: 54x52cm grade_1=102
[INFO]   P27: 81x19cm grade_1=88
[INFO]   P28: 97x24cm grade_1=102
[INFO]   P29: 88x24cm grade_1=88
[INFO]   P30: 88x24cm grade_1=88
[INFO]   P31: 88x24cm grade_1=88
[INFO]   P32: 88x24cm grade_1=88
[INFO]   P33: 97x19cm grade_1=122
[INFO]   P34: 82x19cm grade_1=82
[INFO]   P35: 82x19cm grade_1=82
[INFO] \u2705 obras_salvas.json gerado: 35 pilares \u2192 D:\Agente-cad-PYSIDE\DADOS-OBRAS\Obra_TREINO_1\Fase-4_Sincronizacao\obras_salvas.json
[INFO] \u2705 pavimentos_lista.json gerado \u2192 D:\Agente-cad-PYSIDE\DADOS-OBRAS\Obra_TREINO_1\Fase-4_Sincronizacao\pavimentos_lista.json

=================================================================
  RELAT√ìRIO DE FIDELIDADE ‚Äî Obra_TREINO_1 / 13PAV
=================================================================
  Tipo            Score    Limiar      Status
  --------------------------------------------------
  pilares      63.7/100    >=85.0      ‚ùå FAIL
  vigas        57.9/100    >=82.0      ‚ùå FAIL
  lajes        88.6/100    >=75.0      ‚úÖ PASS
  --------------------------------------------------
  GLOBAL       67.9/100    >=80.0  ‚ùå REPROVADO

  Fontes auxiliares:
    Coletivo IDs:   100.0%
    Pipeline E2E:    APROVADO

  ‚ÑπÔ∏è  Observa√ß√µes:
    ‚Ä¢ Vigas fundo (FV) abaixo do limiar (41.5/80.0). FV_gerado usa ezdxf simplificado ‚Äî sarrafos e chanfros incompletos.
    ‚Ä¢ Score coletivo (IDs): 100.0% ‚â• 95% ‚Äî pipeline de IDs aprovado.

[INFO] Relat√≥rio salvo em: D:\Agente-cad-PYSIDE\DADOS-OBRAS\Obra_TREINO_1\Fase-8_Revisao_Entrega\cert_13PAV\relatorio_fidelidade.json

============================================================
PIPELINE E2E ó Obra_TREINO_1 | 13PAV
============================================================

[FASE 1] Descoberta de DXFs
  [SKIP] dxf_discovery.json ja existe e contem Obra_TREINO_1

[FASE 2] Engenharia Reversa (Ground Truth)
  [RUN] engenharia_reversa_dxf.py ...
        -> OK (3.2s)

[FASE 3] ExtraÁ„o Dimensional
  [RUN] extrair_bh_pilares.py ...
        -> OK (2.9s)
  [RUN] extrair_vigas_lv.py ...
        -> OK (2.5s)
  [RUN] extrair_lajes_lj.py ...
        -> OK (1.1s)
  [RUN] extrair_poligono_lajes.py ...
        -> OK (1.2s)
  [RUN] extrair_garfos_evg.py ...
        -> FALHOU (code 1) (0.6s)
  [RUN] extrair_largura_vigas_fv.py ...
        -> OK (0.8s)
  [RUN] extrair_assembly_pl.py ...
        -> OK (2.5s)
  [RUN] integrar_fichas_fase3.py ...
        -> OK (0.1s)
  [RUN] extrair_secoes_stog_pl.py ...
        -> OK (2.5s)
  [RUN] validar_score_pipeline.py ...
        -> FALHOU (code 1) (0.6s)

[FASE 4] Motor Fase 4 (Transformacao Fase-3 -> Fase-4)
  [CLEAN] Removendo 22 JSONs antigos de JSON_Pilares/
  [CLEAN] Removendo 62 JSONs antigos de JSON_Vigas_Laterais/
  [CLEAN] Removendo 31 JSONs antigos de JSON_Vigas_Fundo/
  [CLEAN] Removendo 23 JSONs antigos de JSON_Lajes/
  [RUN] motor_fase4.py ...
        -> OK (0.3s)

[FASE 5] GeraÁ„o DXF Individual
  [CLEAN] Removendo 22 DXFs antigos de DXF_Pilares/
  [CLEAN] Removendo 31 DXFs antigos de DXF_Vigas/
  [CLEAN] Removendo 23 DXFs antigos de DXF_Lajes/
  [RUN] gerar_dxf_pilares.py ...
        -> OK (1.7s)
  [RUN] gerar_dxf_vigas.py ...
        -> OK (1.9s)
  [RUN] gerar_dxf_lajes.py ...
        -> OK (1.3s)
  [RUN] gerar_pl_dxf_stog.py ...
        -> OK (134.5s)
  [RUN] gerar_lv_dxf_stog.py ...
        -> OK (59.7s)
  [RUN] gerar_fv_dxf_stog.py ...
        -> OK (9.9s)
  [RUN] gerar_lj_dxf_stog.py ...
        -> OK (1.6s)

[FASE 5b] ComparaÁ„o DXF Individual vs STOG
  [RUN] comparar_dxf.py ...
        -> OK (3.0s)

[FASE 6] ExtraÁ„o de ¬ncoras (coords absolutas)
  [RUN] extrair_ancoras_dxf.py ...
        -> OK (0.6s)

[FASE 7] ConsolidaÁ„o DXF Coletivo
  [RUN] consolidar_dxf_pilares.py ...
        -> OK (1.1s)
  [RUN] consolidar_dxf_vigas.py ...
        -> OK (4.3s)
  [RUN] consolidar_dxf_lajes.py ...
        -> OK (1.1s)

[FASE 8] ValidaÁ„o DXF Coletivo
  [RUN] validar_dxf_coletivo.py ...
        -> OK (1.1s)

[FASE 9] GeraÁ„o obras_salvas.json (formato robÙ)
  [RUN] gerar_obras_salvas.py ...
        -> OK (0.1s)

[FASE 10] ValidaÁ„o Visual AutÙnoma (NVIDIA NIM)
  [RUN] validar_visual_dxf.py ...
        -> TIMEOUT (300.1s) ó validar_visual_dxf.py excedeu 300s, continuando
  [VIS] Score visual: 63.8/100
  [RUN] relatorio_fidelidade.py ...
        -> FALHOU (code 1) (0.1s)

============================================================
PIPELINE CONCLUÕDO ó APROVADO
  Score coletivo: 100.0%
  RelatÛrio: D:\Agente-cad-PYSIDE\DADOS-OBRAS\Obra_TREINO_1\Fase-8_Revisao_Entrega\pipeline_report.json
============================================================

[INFO] === engenharia_reversa_dxf.py | Obra: Obra_TREINO_1 | Pav: 14PAV ===
[INFO] DiretÛrio: D:\Agente-cad-PYSIDE\DADOS-OBRAS\Obra_TREINO_1\Fase-1_Ingestao\Projetos_Finalizados_para_Engenharia_Reversa
[INFO] Usando caminhos do dxf_discovery.json para pav '14PAV'
[INFO] PL DXF: ALIMONTI - PARAISO - 14∞ PAV.- PL - R00.dxf
[INFO] Pilares extraÌdos: 35 IDs | PÈ Direito: Nonecm -> D:\Agente-cad-PYSIDE\DADOS-OBRAS\Obra_TREINO_1\Fase-3_Interpretacao_Extracao\Pilares\pilares_ground_truth.json
[INFO] LV DXF: ALIMONTI - PARAISO - 14∞ PAV.- LV - R00.dxf
[INFO] Vigas extraÌdas: 27 IDs -> D:\Agente-cad-PYSIDE\DADOS-OBRAS\Obra_TREINO_1\Fase-3_Interpretacao_Extracao\Vigas\vigas_ground_truth.json
[INFO] LJ DXF: ALIMONTI - PARAISO - 14∞ PAV.- LJ - R00.dxf
[INFO] Lajes extraÌdas: 33 IDs -> D:\Agente-cad-PYSIDE\DADOS-OBRAS\Obra_TREINO_1\Fase-3_Interpretacao_Extracao\Lajes\lajes_ground_truth.json
[INFO] === RESULTADO: 35 pilares | B◊H: 0/35 extraÌdos ===
[INFO] NOTA: IDs=ALTA | B/H=BAIXA - revisao manual.
[INFO] Ground truth salvo em: D:\Agente-cad-PYSIDE\DADOS-OBRAS\Obra_TREINO_1\Fase-3_Interpretacao_Extracao
[INFO] === extrair_bh_pilares.py | Obra_TREINO_1 | 14PAV ===
[INFO] PL DXF: ALIMONTI - PARAISO - 14∞ PAV.- PL - R00.dxf
[INFO] Max distancia proximity: 300.0 unidades DXF
[INFO] Lendo DXF (pode demorar para arquivos grandes)...
[INFO] DXF carregado: 6412 entidades
[INFO] Extraindo posicoes dos pilares (layer Texto Secao)...
[INFO] Pilares encontrados: 35
[INFO] Extraindo DIMENSION entities (layers de cota)...
[INFO] DIMENSIONs de cota encontradas: 558
[INFO] Inverse proximity: 558 dims assignadas a 35 pilares

[RESULTADO] Extracao B/H de Pilares
  Total pilares:      35
  B+H completos:      34 (97.1%)
  Apenas H:           1
  Sem dados:          0

[INFO] Salvo em: D:\Agente-cad-PYSIDE\DADOS-OBRAS\Obra_TREINO_1\Fase-3_Interpretacao_Extracao\Pilares\pilares_bh.json
[INFO] pilares_ground_truth.json atualizado: 34 pilares com B/H

[AMOSTRA] Primeiros 5 pilares extraidos:
  P10: B=73.0cm, H=82.0cm, conf=90%
  P11: B=19.0cm, H=73.0cm, conf=90%
  P12: B=19.0cm, H=73.0cm, conf=90%
  P14: B=19.0cm, H=73.0cm, conf=90%
  P16: B=19.0cm, H=73.0cm, conf=90%
DXF: ALIMONTI - PARAISO - 14∞ PAV.- LV - R00.dxf
  Labels encontrados: 27 vigas
  Cota SeÁ„o (2x): 68 dims
  COTA: 876 dims

=== RESULTADO ===
  Total vigas: 27
  Com altura_lateral: 27/27
  Com comprimento: 27/27
  Com ambos: 27/27
  ConfianÁa mÈdia: 87%
  Output: D:\Agente-cad-PYSIDE\DADOS-OBRAS\Obra_TREINO_1\Fase-3_Interpretacao_Extracao\Vigas\vigas_dim.json

Viga     Alt(cm)    Comp(cm)     Conf     Sides
-------------------------------------------------------
V401     110        244          89%      A+B
V402     110        244          89%      A+B
V403     110        418          89%      A+B
V404     38         578          84%      A+B
V405     38         570          84%      A+B
V406     38         570          89%      A+B
V407     110        855          84%      A+B
V408     38         684          89%      A+B
V409     110        570          84%      A+B
V410     110        570          84%      A+B
V411     100        277          84%      A+B
V412     38         415          89%      A+B
V413     38         415          89%      A+B
V414     38         415          89%      A+B
V415     38         415          89%      A+B
V416     38         415          89%      A+B
V417     38         303          89%      A+B
V418     38         415          89%      A+B
V419     38         455          84%      A+B
V420     38         455          89%      A+B
V421     38         455          89%      A+B
V422     38         303          89%      A+B
V423     38         303          84%      A+B
V424     28         260          89%      A+B
V425     28         474          84%      A+B
V426     38         422          84%      A+B
V427     110        244          84%      A+B
[INFO] === extrair_lajes_lj.py | Obra_TREINO_1 | 14PAV ===
[INFO] LJ DXF: ALIMONTI - PARAISO - 14∞ PAV.- LJ - R00.dxf
[INFO] Lendo DXF...
[INFO] 1679 entidades
[INFO] Extraindo labels e codigos de lajes...
[DEBUG] Labels encontrados: ['L401', 'L402', 'L403', 'L404', 'L405', 'L406', 'L407', 'L408', 'L409', 'L410', 'L411', 'L412', 'L413', 'L414', 'L415', 'L416', 'L417', 'L418', 'L419', 'L420', 'L421', 'L422']
[DEBUG] Lajes com paineis AUX00: ['L301', 'L302', 'L303', 'L304', 'L305', 'L306', 'L307', 'L308', 'L309', 'L312', 'L316']
[INFO] Lajes encontradas: 33
[INFO] Construindo fichas com coordenadas...

[RESULTADO] Extracao de Lajes
  Total lajes:        33
  Com dimensoes:      0
  Com coordenadas:    6

[INFO] Salvo em: D:\Agente-cad-PYSIDE\DADOS-OBRAS\Obra_TREINO_1\Fase-3_Interpretacao_Extracao\Lajes\lajes_data.json
[INFO] lajes_ground_truth.json atualizado: 0 lajes com dimensoes

[AMOSTRA] Primeiras lajes:
  L301: NonexNonecm | area=Nonecm2 | coords=5pts | conf=75%
  L302: NonexNonecm | area=Nonecm2 | coords=5pts | conf=75%
  L303: NonexNonecm | area=Nonecm2 | coords=0pts | conf=75%
  L304: NonexNonecm | area=Nonecm2 | coords=0pts | conf=75%
  L305: NonexNonecm | area=Nonecm2 | coords=0pts | conf=75%
  L306: NonexNonecm | area=Nonecm2 | coords=0pts | conf=75%
  L307: NonexNonecm | area=Nonecm2 | coords=0pts | conf=75%
  L308: NonexNonecm | area=Nonecm2 | coords=0pts | conf=75%
LJ DXF: ALIMONTI - PARAISO - 14∞ PAV.- LJ - R00.dxf
AUX00 panels... 18 panels em 11 lajes: ['L301', 'L302', 'L303', 'L304', 'L305', 'L306', 'L307', 'L308', 'L309', 'L312', 'L316']
Labels L{n}... 33 labels: ['L301', 'L302', 'L303', 'L304', 'L305', 'L306', 'L307', 'L308', 'L309', 'L312', 'L316', 'L401', 'L402', 'L403', 'L404', 'L405', 'L406', 'L407', 'L408', 'L409', 'L410', 'L411', 'L412', 'L413', 'L414', 'L415', 'L416', 'L417', 'L418', 'L419', 'L420', 'L421', 'L422']
LWPOLYLINE layer '1'... 0 poligonos | areas: []
COTA DIMENSIONs... 0 dims no range 50.0-3000.0cm
Paineis H lines... 32 lines (len>100.0)
Paineis DIMENSIONs... 173 dims (102 H, 71 V)

Processando 33 lajes...

=== RESULTADO ===
  Total lajes: 33
  [aux00-area-estimate]: 11 (media)
  [paineis-dimchain]: 6 (media-alta)
  [paineis-grid]: 16 (alta)
  Output: D:\Agente-cad-PYSIDE\DADOS-OBRAS\Obra_TREINO_1\Fase-3_Interpretacao_Extracao\Lajes\lajes_poligono.json

Laje     Comp       Larg       Conf   Fonte
------------------------------------------------------------
L301     244.0      128.5      0.55   aux00-area-estimate
L302     244.0      133.7      0.55   aux00-area-estimate
L303     244.0      133.7      0.55   aux00-area-estimate
L304     174.0      102.0      0.55   aux00-area-estimate
L305     174.0      102.0      0.55   aux00-area-estimate
L306     174.0      102.0      0.55   aux00-area-estimate
L307     174.0      102.0      0.55   aux00-area-estimate
L308     167.0      102.0      0.55   aux00-area-estimate
L309     279.5      161.5      0.55   aux00-area-estimate
L312     291.0      174.0      0.55   aux00-area-estimate
L316     244.0      122.0      0.55   aux00-area-estimate
L401     335.5      122.0      0.70   paineis-grid
L402     335.5      152.0      0.70   paineis-grid
L403     335.5      122.0      0.70   paineis-grid
L404     335.5      91.5       0.70   paineis-grid
L405     842.5      122.0      0.60   paineis-dimchain
L406     855.0      122.0      0.60   paineis-dimchain
L407     855.0      122.0      0.60   paineis-dimchain
L408     726.0      122.0      0.70   paineis-grid
L409     1887.0     152.0      0.60   paineis-dimchain
L410     405.5      558.1      0.70   paineis-grid
L411     418.0      423.0      0.70   paineis-grid
L412     418.0      423.0      0.70   paineis-grid
L413     418.0      423.0      0.70   paineis-grid
L414     418.0      423.0      0.70   paineis-grid
L415     418.0      423.0      0.70   paineis-grid
L416     129.0      459.0      0.60   paineis-dimchain
L417     233.8      594.0      0.60   paineis-dimchain
L418     413.0      423.0      0.70   paineis-grid
L419     413.0      423.0      0.70   paineis-grid
L420     413.0      423.0      0.70   paineis-grid
L421     413.0      423.0      0.70   paineis-grid
L422     415.5      423.0      0.70   paineis-grid

=== AUX00 panels (dedup) ===
  L301: 2 panels -> 244.0x61.0 | 161.5x102.0
  L302: 2 panels -> 244.0x61.0 | 174.0x102.0
  L303: 2 panels -> 244.0x61.0 | 174.0x102.0
  L304: 1 panels -> 174.0x102.0
  L305: 1 panels -> 174.0x102.0
  L306: 1 panels -> 174.0x102.0
  L307: 1 panels -> 174.0x102.0
  L308: 1 panels -> 167.0x102.0
  L309: 3 panels -> 161.5x122.0 | 47.0x122.0 | 161.5x122.0
  L312: 3 panels -> 174.0x122.0 | 174.0x47.0 | 174.0x122.0
  L316: 1 panels -> 244.0x122.0
ERRO: Nenhum EVG DXF encontrado em D:\Agente-cad-PYSIDE\DADOS-OBRAS\Obra_TREINO_1
FV DXF: ALIMONTI - PARAISO - TIPO - 3∞ AO 12∞ PAV.- FV - R00.dxf

Extraindo labels V{n}.C... 31 vigas encontradas: ['V1', 'V10', 'V11', 'V12', 'V13', 'V14', 'V15', 'V16', 'V17', 'V18', 'V19', 'V2', 'V20', 'V21', 'V22', 'V23', 'V24', 'V25', 'V26', 'V27', 'V28', 'V29', 'V3', 'V30', 'V31', 'V4', 'V5', 'V6', 'V7', 'V8', 'V9']
Extraindo DIMENSIONs de 'PainÈis' (B_MIN..B_MAX)... 22 DIMENSIONs ó vals: [10.0, 29.0, 19.0, 10.0, 19.0, 29.0, 30.0, 19.0, 49.0, 19.0, 42.0, 21.11, 15.49, 16.36, 35.36, 22.3, 13.06, 19.0, 14.0, 14.79, 19.0, 19.0]
Extraindo DIMENSIONs de 'COTA' (B_MIN..B_MAX)... 31 DIMENSIONs ó vals: [19.0, 19.0, 21.5, 19.0, 45.0, 49.0, 19.0, 19.0, 14.0, 47.0, 19.0, 76.0, 19.0, 14.0, 19.0, 19.0, 19.0, 19.0, 19.0, 19.0, 19.0, 19.0, 19.0, 14.0, 19.0, 14.0, 19.0, 14.0, 19.0, 19.0, 45.0]
Extraindo DIMENSIONs de 'Cota SeÁ„o (2x)'... 0 DIMENSIONs

=== RESULTADO ===
  Vigas com B extraÌdo por proximidade: 0/27
  Fallback mediana global:               27
  Fallback default (15.0cm):          0
  Output: D:\Agente-cad-PYSIDE\DADOS-OBRAS\Obra_TREINO_1\Fase-3_Interpretacao_Extracao\Vigas\vigas_largura.json

Viga     B (cm)     Conf     Fonte
--------------------------------------------------
V401     19.0       0.30     fv-dxf-global-median
V402     19.0       0.30     fv-dxf-global-median
V403     19.0       0.30     fv-dxf-global-median
V404     19.0       0.30     fv-dxf-global-median
V405     19.0       0.30     fv-dxf-global-median
V406     19.0       0.30     fv-dxf-global-median
V407     19.0       0.30     fv-dxf-global-median
V408     19.0       0.30     fv-dxf-global-median
V409     19.0       0.30     fv-dxf-global-median
V410     19.0       0.30     fv-dxf-global-median
V411     19.0       0.30     fv-dxf-global-median
V412     19.0       0.30     fv-dxf-global-median
V413     19.0       0.30     fv-dxf-global-median
V414     19.0       0.30     fv-dxf-global-median
V415     19.0       0.30     fv-dxf-global-median
V416     19.0       0.30     fv-dxf-global-median
V417     19.0       0.30     fv-dxf-global-median
V418     19.0       0.30     fv-dxf-global-median
V419     19.0       0.30     fv-dxf-global-median
V420     19.0       0.30     fv-dxf-global-median
V421     19.0       0.30     fv-dxf-global-median
V422     19.0       0.30     fv-dxf-global-median
V423     19.0       0.30     fv-dxf-global-median
V424     19.0       0.30     fv-dxf-global-median
V425     19.0       0.30     fv-dxf-global-median
V426     19.0       0.30     fv-dxf-global-median
V427     19.0       0.30     fv-dxf-global-median

=== DIMENSIONs B em 'Paineis' (22) ===
  val=10.0 pos=(4552.657140842855, 857.885136931913)
  val=29.0 pos=(4508.199005527521, 857.885136931913)
  val=19.0 pos=(4536.725512286842, 823.583170895483)
  val=10.0 pos=(3831.779690687682, 625.3214009386113)
  val=19.0 pos=(3857.098069368447, 604.3546181298015)
  val=29.0 pos=(3876.398909501658, 654.3214009385931)
  val=30.0 pos=(4300.80146046179, 605.3214009386112)
  val=19.0 pos=(4326.119839142551, 586.3585449891334)
  val=49.0 pos=(4345.420679275766, 654.3214009385931)
  val=19.0 pos=(4471.045376098182, 756.6374223985378)
  val=42.0 pos=(4586.292367448124, 328.0257169836059)
  val=21.11 pos=(4321.896150605922, 143.0079490639873)
  val=15.49 pos=(4351.183826816721, 213.3935040407305)
  val=16.36 pos=(4403.258606077039, 199.470986912289)
  val=35.36 pos=(4289.968441501149, 199.470986912289)
  val=22.3 pos=(4310.65317628655, 164.1075650845124)
  val=13.06 pos=(4310.653176286552, 199.470986912289)
  val=19.0 pos=(4597.105465562175, 164.1075650914391)
  val=14.0 pos=(4726.141116270817, 17.72977425954287)
  val=14.79 pos=(4583.019485046603, 38.90383713627216)
  val=19.0 pos=(4147.621339242871, 205.0472930488232)
  val=19.0 pos=(4152.051462981664, -810.5463089640256)

=== Labels V{n}.C encontrados (31) ===
  V1: pos=(3430, 1157)
  V2: pos=(3430, 1025)
  V3: pos=(3423, 783)
  V4: pos=(3408, 379)
  V5: pos=(4296, 379)
  V6: pos=(4281, 233)
  V7: pos=(3447, 234)
  V8: pos=(3437, 81)
  V9: pos=(3439, -233)
  V10: pos=(4556, -90)
  V11: pos=(3433, -421)
  V12: pos=(3948, -421)
  V13: pos=(3433, -551)
  V14: pos=(3948, -551)
  V15: pos=(3433, -551)
  V16: pos=(3948, -551)
  V17: pos=(3433, -551)
  V18: pos=(3948, -551)
  V19: pos=(3434, -679)
  V20: pos=(3861, -677)
  V21: pos=(4286, -674)
  V22: pos=(3439, -804)
  V23: pos=(3876, -802)
  V24: pos=(4188, -802)
  V25: pos=(3434, -923)
  V26: pos=(4188, -802)
  V27: pos=(3977, -931)
  V28: pos=(3876, -802)
  V29: pos=(4308, -934)
  V30: pos=(3437, -1056)
  V31: pos=(3962, -1056)
[INFO] DXF PL: ALIMONTI - PARAISO - TIPO - 3∞ AO 12∞ PAV.- PL - R00.dxf
[INFO] Lendo: ALIMONTI - PARAISO - TIPO - 3∞ AO 12∞ PAV.- PL - R00.dxf
[INFO] Pilares encontrados (secoes): 35
[INFO] CHAPA: 272 | Perfil: 146 | SP: 142 | GRADE: 50
[INFO] Output: D:\Agente-cad-PYSIDE\DADOS-OBRAS\Obra_TREINO_1\Fase-3_Interpretacao_Extracao\Pilares\pilares_assembly.json
[INFO] Pilares processados: 35

=== RESUMO ===
Pilares: 35
Com grade_1: 35/35
Com CHAPA: 34/35
Com SP markers: 35/35
  P1: grade_1=88.0 chapa_total=6 sp=16 perf=6
  P2: grade_1=88.0 chapa_total=5 sp=16 perf=6
  P3: grade_1=88.0 chapa_total=4 sp=16 perf=4
=== VIGAS ===
  vigas.json atualizado: 27 vigas
    V401: b=19.0cm h=110.0cm L=244.0cm
    V402: b=19.0cm h=110.0cm L=244.0cm
    V403: b=19.0cm h=110.0cm L=418.0cm
    V404: b=19.0cm h=38.0cm L=578.0cm
    V405: b=19.0cm h=38.0cm L=570.0cm
    V406: b=19.0cm h=38.0cm L=570.0cm
    V407: b=19.0cm h=110.0cm L=855.0cm
    V408: b=19.0cm h=38.0cm L=684.5cm
    V409: b=19.0cm h=110.0cm L=570.0cm
    V410: b=19.0cm h=110.0cm L=570.0cm
    V411: b=19.0cm h=100.0cm L=277.0cm
    V412: b=19.0cm h=38.0cm L=415.0cm
    V413: b=19.0cm h=38.0cm L=415.0cm
    V414: b=19.0cm h=38.0cm L=415.0cm
    V415: b=19.0cm h=38.0cm L=415.0cm
    V416: b=19.0cm h=38.0cm L=415.0cm
    V417: b=19.0cm h=38.0cm L=303.0cm
    V418: b=19.0cm h=38.0cm L=415.0cm
    V419: b=19.0cm h=38.0cm L=455.0cm
    V420: b=19.0cm h=38.0cm L=455.0cm
    V421: b=19.0cm h=38.0cm L=455.0cm
    V422: b=19.0cm h=38.0cm L=303.0cm
    V423: b=19.0cm h=38.0cm L=303.0cm
    V424: b=19.0cm h=28.0cm L=260.0cm
    V425: b=19.0cm h=28.0cm L=474.0cm
    V426: b=19.0cm h=38.0cm L=422.0cm
    V427: b=19.0cm h=110.0cm L=244.0cm

=== LAJES ===
  lajes.json atualizado: 33 lajes
    L301: 244.0x128.5cm area=31354 [aux00-area-estimate]
    L302: 244.0x133.7cm area=32623 [aux00-area-estimate]
    L303: 244.0x133.7cm area=32623 [aux00-area-estimate]
    L304: 174.0x102.0cm area=17748 [aux00-area-estimate]
    L305: 174.0x102.0cm area=17748 [aux00-area-estimate]
    L306: 174.0x102.0cm area=17748 [aux00-area-estimate]
    L307: 174.0x102.0cm area=17748 [aux00-area-estimate]
    L308: 167.0x102.0cm area=17034 [aux00-area-estimate]
    L309: 279.5x161.5cm area=45139 [aux00-area-estimate]
    L312: 291.0x174.0cm area=50634 [aux00-area-estimate]
    L316: 244.0x122.0cm area=29768 [aux00-area-estimate]
    L401: 335.5x122.0cm area=40931 [paineis-grid]
    L402: 335.5x152.0cm area=50996 [paineis-grid]
    L403: 335.5x122.0cm area=40931 [paineis-grid]
    L404: 335.5x91.5cm area=30698 [paineis-grid]
    L405: 842.5x122.0cm area=102785 [paineis-dimchain]
    L406: 855.0x122.0cm area=104310 [paineis-dimchain]
    L407: 855.0x122.0cm area=104310 [paineis-dimchain]
    L408: 726.0x122.0cm area=88572 [paineis-grid]
    L409: 1887.0x152.0cm area=286824 [paineis-dimchain]
    L410: 405.5x558.1cm area=226310 [paineis-grid]
    L411: 418.0x423.0cm area=176814 [paineis-grid]
    L412: 418.0x423.0cm area=176814 [paineis-grid]
    L413: 418.0x423.0cm area=176814 [paineis-grid]
    L414: 418.0x423.0cm area=176814 [paineis-grid]
    L415: 418.0x423.0cm area=176814 [paineis-grid]
    L416: 129.0x459.0cm area=59211 [paineis-dimchain]
    L417: 233.8x594.0cm area=138877 [paineis-dimchain]
    L418: 413.0x423.0cm area=174699 [paineis-grid]
    L419: 413.0x423.0cm area=174699 [paineis-grid]
    L420: 413.0x423.0cm area=174699 [paineis-grid]
    L421: 413.0x423.0cm area=174699 [paineis-grid]
    L422: 415.5x423.0cm area=175756 [paineis-grid]

=== INTEGRACAO COMPLETA: 27 vigas + 33 lajes ===
  Proximos passos: python scripts/motor_fase4.py --obra D:\Agente-cad-PYSIDE\DADOS-OBRAS\Obra_TREINO_1
Lendo: ALIMONTI - PARAISO - TIPO - 3∞ AO 12∞ PAV.- PL - R00.dxf
Pilares (labels): 35
Gordos (Paineis h>3): 42
Dims Cota Secao (2x): 0
Pilares com gordo: 32
Fallback: pilares_bh.json (35 pilares)

=== B/H EXTRAIDOS DO STOG ===
  P1: B=38.0 H=132.0 [lwpoly-w-dim] conf=0.85 n_gordos=1
  P2: B=38.0 H=132.0 [lwpoly-w-dim] conf=0.85 n_gordos=1
  P3: B=38.0 H=132.0 [lwpoly-w-dim] conf=0.85 n_gordos=1
  P4: B=38.0 H=132.0 [lwpoly-w-dim] conf=0.85 n_gordos=1
  P5: B=38.0 H=132.0 [lwpoly-w-dim] conf=0.85 n_gordos=1
  P6: B=38.0 H=132.0 [lwpoly-w-dim] conf=0.85 n_gordos=1
  P7: B=38.0 H=132.0 [lwpoly-w-dim] conf=0.85 n_gordos=1
  P8: B=38.0 H=132.0 [lwpoly-w-dim] conf=0.85 n_gordos=1
  P9: B=7.0 H=208.0 [lwpoly-2faces] conf=0.92 n_gordos=2
  P10: B=38.0 H=120.0 [lwpoly-w-dim] conf=0.85 n_gordos=1
  P11: B=38.0 H=38.0 [lwpoly-square] conf=0.6 n_gordos=1
  P12: B=38.0 H=196.0 [lwpoly-w-dim] conf=0.85 n_gordos=1
  P13: B=38.0 H=196.0 [lwpoly-w-dim] conf=0.85 n_gordos=1
  P14: B=38.0 H=196.0 [lwpoly-w-dim] conf=0.85 n_gordos=1
  P15: B=38.0 H=200.0 [lwpoly-w-dim] conf=0.85 n_gordos=1
  P16: B=38.0 H=200.0 [lwpoly-w-dim] conf=0.85 n_gordos=1
  P17: B=19.0 H=73.0 [prev-inverse-prox] conf=0.7200000000000001 n_gordos=0
  P18: B=38.0 H=100.0 [lwpoly-w-dim] conf=0.85 n_gordos=1
  P19: B=38.0 H=38.0 [lwpoly-square] conf=0.6 n_gordos=1
  P20: B=38.0 H=172.0 [lwpoly-w-dim] conf=0.85 n_gordos=1
  P21: B=38.0 H=172.0 [lwpoly-w-dim] conf=0.85 n_gordos=1
  P22: B=38.0 H=172.0 [lwpoly-w-dim] conf=0.85 n_gordos=1
  P23: B=38.0 H=200.0 [lwpoly-w-dim] conf=0.85 n_gordos=1
  P24: B=38.0 H=38.0 [lwpoly-square] conf=0.6 n_gordos=1
  P25: B=38.0 H=38.0 [lwpoly-square] conf=0.6 n_gordos=1
  P26: B=19.0 H=81.0 [prev-inverse-prox] conf=0.7200000000000001 n_gordos=0
  P27: B=27.6 H=54.0 [prev-inverse-prox] conf=0.6400000000000001 n_gordos=0
  P28: B=7.0 H=7.0 [lwpoly-square] conf=0.6 n_gordos=2
  P29: B=7.0 H=132.0 [lwpoly-2faces] conf=0.92 n_gordos=3
  P30: B=7.0 H=132.0 [lwpoly-2faces] conf=0.92 n_gordos=3
  P31: B=7.0 H=132.0 [lwpoly-2faces] conf=0.92 n_gordos=3
  P32: B=7.0 H=132.0 [lwpoly-2faces] conf=0.92 n_gordos=3
  P33: B=38.0 H=38.0 [lwpoly-square] conf=0.6 n_gordos=1
  P34: B=38.0 H=38.0 [lwpoly-square] conf=0.6 n_gordos=1
  P35: B=38.0 H=38.0 [lwpoly-square] conf=0.6 n_gordos=1

  Salvo: D:\Agente-cad-PYSIDE\DADOS-OBRAS\Obra_TREINO_1\Fase-3_Interpretacao_Extracao\Pilares\pilares_bh_stog.json
  Proximo: python scripts/comparar_bh_stog_vs_gerado.py --obra D:\Agente-cad-PYSIDE\DADOS-OBRAS\Obra_TREINO_1
[INFO] === validar_score_pipeline.py | B/H Dimensional ===
[INFO] Pipeline:  pilares_bh.json (36 pilares)
[INFO] GT (STOG): pilares_bh_stog.json (36 pilares)

[RESULTADO] B/H DIMENSIONAL (toler‚ncia 10%)
  Total validados: 35
  Skipped (sem GT): 1
  Corretos: 3
  Falhos:   32
Traceback (most recent call last):
  File "D:\Agente-cad-PYSIDE\Agente-cad-PYSIDE-Restored-main\scripts\validar_score_pipeline.py", line 251, in <module>
    main()
    ~~~~^^
  File "D:\Agente-cad-PYSIDE\Agente-cad-PYSIDE-Restored-main\scripts\validar_score_pipeline.py", line 245, in main
    validate_bh(args.obra)
    ~~~~~~~~~~~^^^^^^^^^^^
  File "D:\Agente-cad-PYSIDE\Agente-cad-PYSIDE-Restored-main\scripts\validar_score_pipeline.py", line 157, in validate_bh
    print(f"    \u274c {f}")
    ~~~~~^^^^^^^^^^^^^^^
  File "C:\Python314\Lib\encodings\cp1252.py", line 19, in encode
    return codecs.charmap_encode(input,self.errors,encoding_table)[0]
           ~~~~~~~~~~~~~~~~~~~~~^^^^^^^^^^^^^^^^^^^^^^^^^^^^^^^^^^
UnicodeEncodeError: 'charmap' codec can't encode character '\u274c' in position 4: character maps to <undefined>
[INFO] === motor_fase4.py | Obra: Obra_TREINO_1 | Pav: 14PAV ===
[INFO] Carregado: D:\Agente-cad-PYSIDE\DADOS-OBRAS\Obra_TREINO_1\Fase-3_Interpretacao_Extracao\Pilares\pilares_bh.json (36 itens)
[INFO] Assembly data carregado: 35 pilares (pilares_assembly.json)
[INFO]   ‚úÖ Pilar P10: 82.0x73.0cm, h=280.0cm grade_1=102
[INFO]   ‚úÖ Pilar P11: 73.0x19.0cm, h=280.0cm grade_1=102
[INFO]   ‚úÖ Pilar P12: 73.0x19.0cm, h=280.0cm grade_1=120
[INFO]   ‚úÖ Pilar P14: 73.0x19.0cm, h=280.0cm grade_1=122
[INFO]   ‚úÖ Pilar P16: 73.0x19.0cm, h=280.0cm grade_1=122
[INFO]   ‚úÖ Pilar P17: 73.0x19.0cm, h=280.0cm grade_1=70
[INFO]   ‚úÖ Pilar P18: 26.0x19.0cm, h=280.0cm grade_1=72
[INFO]   ‚úÖ Pilar P19: 97.0x19.0cm, h=280.0cm grade_1=102
[INFO]   ‚úÖ Pilar P20: 97.0x19.0cm, h=280.0cm grade_1=108
[INFO]   ‚úÖ Pilar P21: 97.0x19.0cm, h=280.0cm grade_1=108
[INFO]   ‚úÖ Pilar P22: 97.0x19.0cm, h=280.0cm grade_1=122
[INFO]   ‚úÖ Pilar P23: 97.0x19.0cm, h=280.0cm grade_1=122
[INFO]   ‚úÖ Pilar P24: 97.0x19.0cm, h=280.0cm grade_1=102
[INFO]   ‚úÖ Pilar P25: 82.0x19.0cm, h=280.0cm grade_1=122
[INFO]   ‚úÖ Pilar P26: 81.0x19.0cm, h=280.0cm grade_1=102
[INFO]   ‚úÖ Pilar P27: 54.0x27.6cm, h=280.0cm grade_1=88
[INFO]   ‚úÖ Pilar P28: 97.0x24.0cm, h=280.0cm grade_1=102
[INFO]   ‚úÖ Pilar P29: 88.0x24.0cm, h=280.0cm grade_1=88
[INFO]   ‚úÖ Pilar P30: 88.0x24.0cm, h=280.0cm grade_1=88
[INFO]   ‚úÖ Pilar P31: 88.0x24.0cm, h=280.0cm grade_1=88
[INFO]   ‚úÖ Pilar P32: 88.0x24.0cm, h=280.0cm grade_1=88
[INFO]   ‚úÖ Pilar P33: 97.0x19.0cm, h=280.0cm grade_1=122
[INFO]   ‚úÖ Pilar P34: 82.0x19.0cm, h=280.0cm grade_1=82
[INFO]   ‚úÖ Pilar P35: 82.0x19.0cm, h=280.0cm grade_1=82
[INFO]   ‚úÖ Pilar P41: 59.0x48.0cm, h=280.0cm
[WARNING] Pilar P42: b=None, usando fallback b=19.0cm (mediana)
[INFO]   ‚úÖ Pilar P42: 72.0x19.0cm, h=280.0cm
[INFO]   ‚úÖ Pilar P43: 72.0x48.0cm, h=280.0cm
[INFO]   ‚úÖ Pilar P44: 72.0x59.0cm, h=280.0cm
[INFO]   ‚úÖ Pilar P45: 72.0x19.0cm, h=280.0cm
[INFO]   ‚úÖ Pilar P46: 72.0x19.0cm, h=280.0cm
[INFO]   ‚úÖ Pilar P47: 59.0x19.0cm, h=280.0cm
[INFO]   ‚úÖ Pilar P48: 95.0x65.0cm, h=280.0cm
[INFO]   ‚úÖ Pilar P49: 100.0x95.0cm, h=280.0cm
[INFO]   ‚úÖ Pilar P50: 72.0x19.0cm, h=280.0cm
[INFO]   ‚úÖ Pilar P51: 72.0x19.0cm, h=280.0cm
[INFO] Pilares: 35 processados -> D:\Agente-cad-PYSIDE\DADOS-OBRAS\Obra_TREINO_1\Fase-4_Sincronizacao\pilares_salvos.json
[INFO] Carregado: D:\Agente-cad-PYSIDE\DADOS-OBRAS\Obra_TREINO_1\Fase-3_Interpretacao_Extracao\Vigas\vigas.json (28 itens)
[INFO]   ‚úÖ Viga V401: b=19.0cm, h=110.0cm, L=244.0cm -> A+B
[INFO]   ‚úÖ Viga V402: b=19.0cm, h=110.0cm, L=244.0cm -> A+B
[INFO]   ‚úÖ Viga V403: b=19.0cm, h=110.0cm, L=418.0cm -> A+B
[INFO]   ‚úÖ Viga V404: b=19.0cm, h=38.0cm, L=578.0cm -> A+B
[INFO]   ‚úÖ Viga V405: b=19.0cm, h=38.0cm, L=570.0cm -> A+B
[INFO]   ‚úÖ Viga V406: b=19.0cm, h=38.0cm, L=570.0cm -> A+B
[INFO]   ‚úÖ Viga V407: b=19.0cm, h=110.0cm, L=855.0cm -> A+B
[INFO]   ‚úÖ Viga V408: b=19.0cm, h=38.0cm, L=684.5cm -> A+B
[INFO]   ‚úÖ Viga V409: b=19.0cm, h=110.0cm, L=570.0cm -> A+B
[INFO]   ‚úÖ Viga V410: b=19.0cm, h=110.0cm, L=570.0cm -> A+B
[INFO]   ‚úÖ Viga V411: b=19.0cm, h=100.0cm, L=277.0cm -> A+B
[INFO]   ‚úÖ Viga V412: b=19.0cm, h=38.0cm, L=415.0cm -> A+B
[INFO]   ‚úÖ Viga V413: b=19.0cm, h=38.0cm, L=415.0cm -> A+B
[INFO]   ‚úÖ Viga V414: b=19.0cm, h=38.0cm, L=415.0cm -> A+B
[INFO]   ‚úÖ Viga V415: b=19.0cm, h=38.0cm, L=415.0cm -> A+B
[INFO]   ‚úÖ Viga V416: b=19.0cm, h=38.0cm, L=415.0cm -> A+B
[INFO]   ‚úÖ Viga V417: b=19.0cm, h=38.0cm, L=303.0cm -> A+B
[INFO]   ‚úÖ Viga V418: b=19.0cm, h=38.0cm, L=415.0cm -> A+B
[INFO]   ‚úÖ Viga V419: b=19.0cm, h=38.0cm, L=455.0cm -> A+B
[INFO]   ‚úÖ Viga V420: b=19.0cm, h=38.0cm, L=455.0cm -> A+B
[INFO]   ‚úÖ Viga V421: b=19.0cm, h=38.0cm, L=455.0cm -> A+B
[INFO]   ‚úÖ Viga V422: b=19.0cm, h=38.0cm, L=303.0cm -> A+B
[INFO]   ‚úÖ Viga V423: b=19.0cm, h=38.0cm, L=303.0cm -> A+B
[INFO]   ‚úÖ Viga V424: b=19.0cm, h=28.0cm, L=260.0cm -> A+B
[INFO]   ‚úÖ Viga V425: b=19.0cm, h=28.0cm, L=474.0cm -> A+B
[INFO]   ‚úÖ Viga V426: b=19.0cm, h=38.0cm, L=422.0cm -> A+B
[INFO]   ‚úÖ Viga V427: b=19.0cm, h=110.0cm, L=244.0cm -> A+B
[INFO] Vigas: 27 processadas -> D:\Agente-cad-PYSIDE\DADOS-OBRAS\Obra_TREINO_1\Fase-4_Sincronizacao\vigas_salvas.json
[INFO] Carregado: D:\Agente-cad-PYSIDE\DADOS-OBRAS\Obra_TREINO_1\Fase-3_Interpretacao_Extracao\Lajes\lajes.json (34 itens)
[INFO] [CAD-7.2] Pontaletes carregados: 23 lajes
[INFO]   ‚úÖ Laje L301: 244.0x128.5cm, 3 cortes
[INFO]   ‚úÖ Laje L302: 244.0x133.7cm, 3 cortes
[INFO]   ‚úÖ Laje L303: 244.0x133.7cm, 3 cortes
[INFO]   ‚úÖ Laje L304: 174.0x102.0cm, 2 cortes
[INFO]   ‚úÖ Laje L305: 174.0x102.0cm, 2 cortes
[INFO]   ‚úÖ Laje L306: 174.0x102.0cm, 2 cortes
[INFO]   ‚úÖ Laje L307: 174.0x102.0cm, 2 cortes
[INFO]   ‚úÖ Laje L308: 167.0x102.0cm, 2 cortes
[INFO]   ‚úÖ Laje L309: 279.5x161.5cm, 3 cortes
[INFO]   ‚úÖ Laje L312: 291.0x174.0cm, 3 cortes
[INFO]   ‚úÖ Laje L316: 244.0x122.0cm, 3 cortes
[INFO]   ‚úÖ Laje L401: 335.5x122.0cm, 4 cortes
[INFO]   ‚úÖ Laje L402: 335.5x152.0cm, 4 cortes
[INFO]   ‚úÖ Laje L403: 335.5x122.0cm, 4 cortes
[INFO]   ‚úÖ Laje L404: 335.5x91.5cm, 4 cortes
[INFO]   ‚úÖ Laje L405: 842.5x122.0cm, 9 cortes
[INFO]   ‚úÖ Laje L406: 855.0x122.0cm, 9 cortes
[INFO]   ‚úÖ Laje L407: 855.0x122.0cm, 9 cortes
[INFO]   ‚úÖ Laje L408: 726.0x122.0cm, 8 cortes
[INFO]   ‚úÖ Laje L409: 1887.0x152.0cm, 19 cortes
[INFO]   ‚úÖ Laje L410: 405.5x558.1cm, 5 cortes
[INFO]   ‚úÖ Laje L411: 418.0x423.0cm, 5 cortes
[INFO]   ‚úÖ Laje L412: 418.0x423.0cm, 5 cortes
[INFO]   ‚úÖ Laje L413: 418.0x423.0cm, 5 cortes
[INFO]   ‚úÖ Laje L414: 418.0x423.0cm, 5 cortes
[INFO]   ‚úÖ Laje L415: 418.0x423.0cm, 5 cortes
[INFO]   ‚úÖ Laje L416: 129.0x459.0cm, 2 cortes
[INFO]   ‚úÖ Laje L417: 233.8x594.0cm, 3 cortes
[INFO]   ‚úÖ Laje L418: 413.0x423.0cm, 5 cortes
[INFO]   ‚úÖ Laje L419: 413.0x423.0cm, 5 cortes
[INFO]   ‚úÖ Laje L420: 413.0x423.0cm, 5 cortes
[INFO]   ‚úÖ Laje L421: 413.0x423.0cm, 5 cortes
[INFO]   ‚úÖ Laje L422: 415.5x423.0cm, 5 cortes
[INFO] Lajes: 33 processadas -> D:\Agente-cad-PYSIDE\DADOS-OBRAS\Obra_TREINO_1\Fase-4_Sincronizacao\lajes_salvas.json
[INFO] obras_salvas.json: 35 pilares ‚Üí D:\Agente-cad-PYSIDE\DADOS-OBRAS\Obra_TREINO_1\Fase-4_Sincronizacao\obras_salvas.json
[INFO] === RESULTADO: 35 pilares, 27 vigas, 33 lajes | 0 erros ===
[INFO] === RELAT√ìRIO DE COMPLETUDE SA ===
[INFO]   PL: 35 itens | m√©dia=100.0% | abaixo_80%=0
[INFO]   LV: 54 itens | m√©dia=100.0% | abaixo_80%=0
[INFO]   FV: 27 itens | m√©dia=100.0% | abaixo_80%=0
[INFO]   LJ: 33 itens | m√©dia=100.0% | abaixo_80%=0
[INFO] ==================================
  pilares_bh.json: 36 pilares

=== GERANDO DXF PILARES (35 pilares) ===
  P10: b=73 h=82 paineis=12 alt=280cm [BH-extraido]
  P11: b=19 h=73 paineis=12 alt=280cm [BH-extraido]
  P12: b=19 h=73 paineis=12 alt=280cm [BH-extraido]
  P14: b=19 h=73 paineis=12 alt=280cm [BH-extraido]
  P16: b=19 h=73 paineis=12 alt=280cm [BH-extraido]
  P17: b=19 h=73 paineis=12 alt=280cm [BH-extraido]
  P18: b=19 h=26 paineis=12 alt=280cm [BH-extraido]
  P19: b=19 h=97 paineis=12 alt=280cm [BH-extraido]
  P20: b=19 h=97 paineis=12 alt=280cm [BH-extraido]
  P21: b=19 h=97 paineis=12 alt=280cm [BH-extraido]
  P22: b=19 h=97 paineis=12 alt=280cm [BH-extraido]
  P23: b=19 h=97 paineis=12 alt=280cm [BH-extraido]
  P24: b=19 h=97 paineis=12 alt=280cm [BH-extraido]
  P25: b=19 h=82 paineis=12 alt=280cm [BH-extraido]
  P26: b=19 h=81 paineis=12 alt=280cm [BH-extraido]
  P27: b=28 h=54 paineis=12 alt=280cm [BH-extraido]
  P28: b=24 h=97 paineis=12 alt=280cm [BH-extraido]
  P29: b=24 h=88 paineis=12 alt=280cm [BH-extraido]
  P30: b=24 h=88 paineis=12 alt=280cm [BH-extraido]
  P31: b=24 h=88 paineis=12 alt=280cm [BH-extraido]
  P32: b=24 h=88 paineis=12 alt=280cm [BH-extraido]
  P33: b=19 h=97 paineis=12 alt=280cm [BH-extraido]
  P34: b=19 h=82 paineis=12 alt=280cm [BH-extraido]
  P35: b=19 h=82 paineis=12 alt=280cm [BH-extraido]
  P41: b=48 h=59 paineis=12 alt=280cm [BH-extraido]
  P42: b=30 h=72 paineis=12 alt=280cm [BH-extraido]
  P43: b=48 h=72 paineis=12 alt=280cm [BH-extraido]
  P44: b=59 h=72 paineis=12 alt=280cm [BH-extraido]
  P45: b=19 h=72 paineis=12 alt=280cm [BH-extraido]
  P46: b=19 h=72 paineis=12 alt=280cm [BH-extraido]
  P47: b=19 h=59 paineis=12 alt=280cm [BH-extraido]
  P48: b=65 h=95 paineis=12 alt=280cm [BH-extraido]
  P49: b=95 h=100 paineis=12 alt=280cm [BH-extraido]
  P50: b=19 h=72 paineis=12 alt=280cm [BH-extraido]
  P51: b=19 h=72 paineis=12 alt=280cm [BH-extraido]

=== RESULTADO: 35 DXFs gerados | 0 erros ===
  Relatorio: D:\Agente-cad-PYSIDE\DADOS-OBRAS\Obra_TREINO_1\Fase-5_Geracao_Scripts\DXF_Pilares\_relatorio.json
  DXFs em: D:\Agente-cad-PYSIDE\DADOS-OBRAS\Obra_TREINO_1\Fase-5_Geracao_Scripts\DXF_Pilares

  Proximo: python scripts/comparar_dxf_pilares.py --obra D:\Agente-cad-PYSIDE\DADOS-OBRAS\Obra_TREINO_1

=== GERANDO DXF VIGAS (27 vigas) ===
  V401: b=19 h=110 L=244cm | paineis A=3 B=3 F=3
  V402: b=19 h=110 L=244cm | paineis A=3 B=3 F=3
  V403: b=19 h=110 L=418cm | paineis A=4 B=4 F=4
  V404: b=19 h=38 L=578cm | paineis A=5 B=5 F=5
  V405: b=19 h=38 L=570cm | paineis A=5 B=5 F=5
  V406: b=19 h=38 L=570cm | paineis A=5 B=5 F=5
  V407: b=19 h=110 L=855cm | paineis A=8 B=8 F=8
  V408: b=19 h=38 L=684cm | paineis A=6 B=6 F=6
  V409: b=19 h=110 L=570cm | paineis A=5 B=5 F=5
  V410: b=19 h=110 L=570cm | paineis A=5 B=5 F=5
  V411: b=19 h=100 L=277cm | paineis A=3 B=3 F=3
  V412: b=19 h=38 L=415cm | paineis A=4 B=4 F=4
  V413: b=19 h=38 L=415cm | paineis A=4 B=4 F=4
  V414: b=19 h=38 L=415cm | paineis A=4 B=4 F=4
  V415: b=19 h=38 L=415cm | paineis A=4 B=4 F=4
  V416: b=19 h=38 L=415cm | paineis A=4 B=4 F=4
  V417: b=19 h=38 L=303cm | paineis A=3 B=3 F=3
  V418: b=19 h=38 L=415cm | paineis A=4 B=4 F=4
  V419: b=19 h=38 L=455cm | paineis A=4 B=4 F=4
  V420: b=19 h=38 L=455cm | paineis A=4 B=4 F=4
  V421: b=19 h=38 L=455cm | paineis A=4 B=4 F=4
  V422: b=19 h=38 L=303cm | paineis A=3 B=3 F=3
  V423: b=19 h=38 L=303cm | paineis A=3 B=3 F=3
  V424: b=19 h=28 L=260cm | paineis A=3 B=3 F=3
  V425: b=19 h=28 L=474cm | paineis A=4 B=4 F=4
  V426: b=19 h=38 L=422cm | paineis A=4 B=4 F=4
  V427: b=19 h=110 L=244cm | paineis A=3 B=3 F=3

=== RESULTADO: 27 DXFs gerados | 0 erros ===
  Relatorio: D:\Agente-cad-PYSIDE\DADOS-OBRAS\Obra_TREINO_1\Fase-5_Geracao_Scripts\DXF_Vigas\_relatorio.json
  DXFs em: D:\Agente-cad-PYSIDE\DADOS-OBRAS\Obra_TREINO_1\Fase-5_Geracao_Scripts\DXF_Vigas

  Proximo: python scripts/comparar_dxf_vigas.py --obra D:\Agente-cad-PYSIDE\DADOS-OBRAS\Obra_TREINO_1

=== GERANDO DXF LAJES (33 lajes) ===
  L301: 244.0x128.5cm paineis=4x1 area=31354cm2
  L302: 244.0x133.7cm paineis=4x1 area=32623cm2
  L303: 244.0x133.7cm paineis=4x1 area=32623cm2
  L304: 174.0x102.0cm paineis=3x1 area=17748cm2
  L305: 174.0x102.0cm paineis=3x1 area=17748cm2
  L306: 174.0x102.0cm paineis=3x1 area=17748cm2
  L307: 174.0x102.0cm paineis=3x1 area=17748cm2
  L308: 167.0x102.0cm paineis=3x1 area=17034cm2
  L309: 279.5x161.5cm paineis=4x1 area=45139cm2
  L312: 291.0x174.0cm paineis=4x1 area=50634cm2
  L316: 244.0x122.0cm paineis=4x1 area=29768cm2
  L401: 335.5x122.0cm paineis=5x1 area=40931cm2
  L402: 335.5x152.0cm paineis=5x1 area=50996cm2
  L403: 335.5x122.0cm paineis=5x1 area=40931cm2
  L404: 335.5x91.5cm paineis=5x1 area=30698cm2
  L405: 842.5x122.0cm paineis=10x1 area=102785cm2
  L406: 855.0x122.0cm paineis=10x1 area=104310cm2
  L407: 855.0x122.0cm paineis=10x1 area=104310cm2
  L408: 726.0x122.0cm paineis=9x1 area=88572cm2
  L409: 1887.0x152.0cm paineis=20x1 area=286824cm2
  L410: 405.5x558.1cm paineis=6x1 area=226310cm2
  L411: 418.0x423.0cm paineis=6x1 area=176814cm2
  L412: 418.0x423.0cm paineis=6x1 area=176814cm2
  L413: 418.0x423.0cm paineis=6x1 area=176814cm2
  L414: 418.0x423.0cm paineis=6x1 area=176814cm2
  L415: 418.0x423.0cm paineis=6x1 area=176814cm2
  L416: 129.0x459.0cm paineis=3x1 area=59211cm2
  L417: 233.8x594.0cm paineis=4x1 area=138877cm2
  L418: 413.0x423.0cm paineis=6x1 area=174699cm2
  L419: 413.0x423.0cm paineis=6x1 area=174699cm2
  L420: 413.0x423.0cm paineis=6x1 area=174699cm2
  L421: 413.0x423.0cm paineis=6x1 area=174699cm2
  L422: 415.5x423.0cm paineis=6x1 area=175756cm2

=== RESULTADO: 33 DXFs gerados | 0 erros ===
  Relatorio: D:\Agente-cad-PYSIDE\DADOS-OBRAS\Obra_TREINO_1\Fase-5_Geracao_Scripts\DXF_Lajes\_relatorio.json
  DXFs em: D:\Agente-cad-PYSIDE\DADOS-OBRAS\Obra_TREINO_1\Fase-5_Geracao_Scripts\DXF_Lajes

  Proximo: python scripts/comparar_dxf.py --obra D:\Agente-cad-PYSIDE\DADOS-OBRAS\Obra_TREINO_1
Processando 35 pilares [pavimento completo] (3 zones: ABCD/CIMA/GRADES)
  ABCD zone: X=-7000
  CIMA zone: X=0
  GRADES zone: X=4000

  [ 1] P10: 82.0x73.0cm h=280cm  entities=176
  [ 2] P11: 73.0x19.0cm h=280cm  entities=169
  [ 3] P12: 73.0x19.0cm h=280cm  entities=169
  [ 4] P14: 73.0x19.0cm h=280cm  entities=169
  [ 5] P16: 73.0x19.0cm h=280cm  entities=169
  [ 6] P17: 73.0x19.0cm h=280cm  entities=169
  [ 7] P18: 26.0x19.0cm h=280cm  entities=152
  [ 8] P19: 97.0x19.0cm h=280cm  entities=169
  [ 9] P20: 97.0x19.0cm h=280cm  entities=169
  [10] P21: 97.0x19.0cm h=280cm  entities=169
  [11] P22: 97.0x19.0cm h=280cm  entities=169
  [12] P23: 97.0x19.0cm h=280cm  entities=169
  [13] P24: 97.0x19.0cm h=280cm  entities=169
  [14] P25: 82.0x19.0cm h=280cm  entities=169
  [15] P26: 81.0x19.0cm h=280cm  entities=169
  [16] P27: 54.0x27.6cm h=280cm  entities=169
  [17] P28: 97.0x24.0cm h=280cm  entities=169
  [18] P29: 88.0x24.0cm h=280cm  entities=169
  [19] P30: 88.0x24.0cm h=280cm  entities=169
  [20] P31: 88.0x24.0cm h=280cm  entities=169
  [21] P32: 88.0x24.0cm h=280cm  entities=169
  [22] P33: 97.0x19.0cm h=280cm  entities=169
  [23] P34: 82.0x19.0cm h=280cm  entities=169
  [24] P35: 82.0x19.0cm h=280cm  entities=169
  [25] P41: 59.0x48.0cm h=280cm  entities=126
  [26] P42: 72.0x19.0cm h=280cm  entities=119
  [27] P43: 72.0x48.0cm h=280cm  entities=126
  [28] P44: 72.0x59.0cm h=280cm  entities=126
  [29] P45: 72.0x19.0cm h=280cm  entities=119
  [30] P46: 72.0x19.0cm h=280cm  entities=119
  [31] P47: 59.0x19.0cm h=280cm  entities=119
  [32] P48: 95.0x65.0cm h=280cm  entities=126
  [33] P49: 100.0x95.0cm h=280cm  entities=126
  [34] P50: 72.0x19.0cm h=280cm  entities=119
  [35] P51: 72.0x19.0cm h=280cm  entities=119
  [ADAPTIVE] +6 sentinel(s): ['CARIMBO', 'NIVEL 2¬∞ PAV.', 'SARR_7x7', 'SARR_EDITAR', 'Sarr 2.2x7', 'Texto N√≠vel']
  [PRUNE] 143 entidades removidas (layers fora do STOG PL)

Total entities: 5390
DXF: D:\Agente-cad-PYSIDE\DADOS-OBRAS\Obra_TREINO_1\Fase-6_Execucao_CAD\PL_stog_quality.dxf
Preview: D:\Agente-cad-PYSIDE\DADOS-OBRAS\Obra_TREINO_1\Fase-6_Execucao_CAD\PL_stog_quality.png
Processando 27 vigas laterais -> LV_stog_quality.dxf
  [SKIP-LAYERS] pulando layers ausentes no STOG: ['SCO-___-LAJ', 'TENSOR', 'barrote', 'presilha']
  V407    : comp=855cm  h_A=59  h_B=45  b=19  paineis=8  widths=[120,120,120,120,120,120,120,15]
  V408    : comp=684cm  h_A=23  h_B=10  b=19  paineis=6  widths=[120,120,120,120,120,84]
  V404    : comp=578cm  h_A=23  h_B=10  b=19  paineis=5  widths=[120,120,120,120,98]
  V405    : comp=570cm  h_A=23  h_B=10  b=19  paineis=5  widths=[120,120,120,120,90]
  V406    : comp=570cm  h_A=23  h_B=10  b=19  paineis=5  widths=[120,120,120,120,90]
  V409    : comp=570cm  h_A=59  h_B=45  b=19  paineis=5  widths=[120,120,120,120,90]
  V410    : comp=570cm  h_A=59  h_B=45  b=19  paineis=5  widths=[120,120,120,120,90]
  V425    : comp=474cm  h_A=18  h_B=10  b=19  paineis=4  widths=[120,120,120,114]
  V419    : comp=455cm  h_A=23  h_B=10  b=19  paineis=4  widths=[120,120,120,95]
  V420    : comp=455cm  h_A=23  h_B=10  b=19  paineis=4  widths=[120,120,120,95]
  V421    : comp=455cm  h_A=23  h_B=10  b=19  paineis=4  widths=[120,120,120,95]
  V426    : comp=422cm  h_A=23  h_B=10  b=19  paineis=4  widths=[120,120,120,62]
  V403    : comp=418cm  h_A=59  h_B=45  b=19  paineis=4  widths=[120,120,120,58]
  V412    : comp=415cm  h_A=23  h_B=10  b=19  paineis=4  widths=[120,120,120,55]
  V413    : comp=415cm  h_A=23  h_B=10  b=19  paineis=4  widths=[120,120,120,55]
  V414    : comp=415cm  h_A=23  h_B=10  b=19  paineis=4  widths=[120,120,120,55]
  V415    : comp=415cm  h_A=23  h_B=10  b=19  paineis=4  widths=[120,120,120,55]
  V416    : comp=415cm  h_A=23  h_B=10  b=19  paineis=4  widths=[120,120,120,55]
  V418    : comp=415cm  h_A=23  h_B=10  b=19  paineis=4  widths=[120,120,120,55]
  V417    : comp=303cm  h_A=23  h_B=10  b=19  paineis=3  widths=[120,120,63]
  V422    : comp=303cm  h_A=23  h_B=10  b=19  paineis=3  widths=[120,120,63]
  V423    : comp=303cm  h_A=23  h_B=10  b=19  paineis=3  widths=[120,120,63]
  V411    : comp=277cm  h_A=54  h_B=40  b=19  paineis=3  widths=[120,120,37]
  V424    : comp=260cm  h_A=18  h_B=10  b=19  paineis=3  widths=[120,120,20]
  V401    : comp=244cm  h_A=59  h_B=45  b=19  paineis=3  widths=[120,120,4]
  V402    : comp=244cm  h_A=59  h_B=45  b=19  paineis=3  widths=[120,120,4]
  V427    : comp=244cm  h_A=59  h_B=45  b=19  paineis=3  widths=[120,120,4]
  [ADAPTIVE] +5 sentinel(s): ['Cotas', 'REAPROVEITAMENTO', 'SARRAFO DE PRESSAO', 'SARR_EDITAR', 'TEXTO PILAR']
  [PRUNE] 228 entidades removidas (layers fora do STOG LV)

DXF: D:\Agente-cad-PYSIDE\DADOS-OBRAS\Obra_TREINO_1\Fase-6_Execucao_CAD\LV_stog_quality.dxf
Preview: D:\Agente-cad-PYSIDE\DADOS-OBRAS\Obra_TREINO_1\Fase-6_Execucao_CAD\LV_stog_quality.png
[FV-FILTER] Apenas 1 valor de b=19.0cm ‚Äî sem filtro.
Processando 27 vigas -> 13 fileiras
  V407    : 855x19cm  row=0
  V408    : 684x19cm  row=1
  V404    : 578x19cm  row=2
  V405    : 570x19cm  row=2
  V406    : 570x19cm  row=3
  V409    : 570x19cm  row=3
  V410    : 570x19cm  row=4
  V425    : 474x19cm  row=4
  V419    : 455x19cm  row=5
  V420    : 455x19cm  row=5
  V421    : 455x19cm  row=6
  V426    : 422x19cm  row=6
  V403    : 418x19cm  row=7
  V412    : 415x19cm  row=7
  V413    : 415x19cm  row=8
  V414    : 415x19cm  row=8
  V415    : 415x19cm  row=9
  V416    : 415x19cm  row=9
  V418    : 415x19cm  row=10
  V417    : 303x19cm  row=10
  V422    : 303x19cm  row=10
  V423    : 303x19cm  row=11
  V411    : 277x19cm  row=11
  V424    : 260x19cm  row=11
  V401    : 244x19cm  row=11
  V402    : 244x19cm  row=12
  V427    : 244x19cm  row=12
  [ADAPTIVE] +2 sentinel(s): ['00 - FELIPE', 'SARR_EDITAR']
  [PRUNE] 154 entidades removidas (layers fora do STOG FV)

DXF: D:\Agente-cad-PYSIDE\DADOS-OBRAS\Obra_TREINO_1\Fase-6_Execucao_CAD\FV_stog_quality.dxf
Preview: D:\Agente-cad-PYSIDE\DADOS-OBRAS\Obra_TREINO_1\Fase-6_Execucao_CAD\FV_stog_quality.png
Processando 33 lajes -> LJ_stog_quality.dxf  (mode=planta)
  [ 1] L301: 244x128cm  pos=(0,0)  panels=4
  [ 2] L302: 244x134cm  pos=(0,0)  panels=4
  [ 3] L303: 244x134cm  pos=(0,0)  panels=4
  [ 4] L304: 174x102cm  pos=(0,0)  panels=3
  [ 5] L305: 174x102cm  pos=(0,0)  panels=3
  [ 6] L306: 174x102cm  pos=(0,0)  panels=3
  [ 7] L307: 174x102cm  pos=(0,0)  panels=3
  [ 8] L308: 167x102cm  pos=(0,0)  panels=3
  [ 9] L309: 280x162cm  pos=(0,0)  panels=4
  [10] L312: 291x174cm  pos=(0,0)  panels=4
  [11] L316: 244x122cm  pos=(0,0)  panels=4
  [12] L401: 336x122cm  pos=(0,0)  panels=5
  [13] L402: 336x152cm  pos=(0,0)  panels=5
  [14] L403: 336x122cm  pos=(0,0)  panels=5
  [15] L404: 336x92cm  pos=(0,0)  panels=5
  [16] L405: 842x122cm  pos=(0,0)  panels=10
  [17] L406: 855x122cm  pos=(0,0)  panels=10
  [18] L407: 855x122cm  pos=(0,0)  panels=10
  [19] L408: 726x122cm  pos=(0,0)  panels=9
  [20] L409: 1887x152cm  pos=(0,0)  panels=20
  [21] L410: 406x558cm  pos=(0,0)  panels=6
  [22] L411: 418x423cm  pos=(0,0)  panels=6
  [23] L412: 418x423cm  pos=(0,0)  panels=6
  [24] L413: 418x423cm  pos=(0,0)  panels=6
  [25] L414: 418x423cm  pos=(0,0)  panels=6
  [26] L415: 418x423cm  pos=(0,0)  panels=6
  [27] L416: 129x459cm  pos=(0,0)  panels=3
  [28] L417: 234x594cm  pos=(0,0)  panels=4
  [29] L418: 413x423cm  pos=(0,0)  panels=6
  [30] L419: 413x423cm  pos=(0,0)  panels=6
  [31] L420: 413x423cm  pos=(0,0)  panels=6
  [32] L421: 413x423cm  pos=(0,0)  panels=6
  [33] L422: 416x423cm  pos=(0,0)  panels=6
  Pilars drawn: 18
  [ADAPTIVE] +2 sentinel(s): ['1', 'REAPROVEITAMENTO']
  [PRUNE] 1 entidades removidas (layers fora do STOG LJ)

DXF (planta): D:\Agente-cad-PYSIDE\DADOS-OBRAS\Obra_TREINO_1\Fase-6_Execucao_CAD\LJ_stog_quality.dxf
Total panels: 191

=== Entity Summary (2918 total) ===
  9                           1350
  3                            625
  Pain√©is                      382
  4                            349
  AUX00                        158
  Hachura                       33
  7                             18
  0                              1
  1                              1
  REAPROVEITAMENTO               1

=== Types ===
  LINE                   1769
  TEXT                    525
  DIMENSION               224
  LWPOLYLINE              209
  MTEXT                   158
  HATCH                    33

=== COMPARADOR DXF vs. GROUND TRUTH (tol=5.0%) ===

--- PILARES ---
  Match rate: 100.0% (35/35)
  Erro mÈdio: 0.0%

--- VIGAS ---
  Match rate: 100.0% (27/27)
  Erro mÈdio: 0.0%

--- LAJES ---
  Match rate: 100.0% (33/33)
  Erro mÈdio: 0.0%

=== SCORE GERAL: 100.0% (PASS | meta: 75.0%) ===
  Pilares: 100.0% | Vigas: 100.0% | Lajes: 100.0%

  Relatorio: D:\Agente-cad-PYSIDE\DADOS-OBRAS\Obra_TREINO_1\Fase-5_Geracao_Scripts\_relatorio_comparacao.json
[INFO] === extrair_ancoras_dxf.py | Obra_TREINO_1 | 14PAV ===
[INFO] PL DXF: ALIMONTI - PARAISO - 14∞ PAV.- PL - R00.dxf
[INFO] Pilares: 35 ancoras extraidas do PL DXF
[INFO] Salvo: D:\Agente-cad-PYSIDE\DADOS-OBRAS\Obra_TREINO_1\Fase-3_Interpretacao_Extracao\ancoras_pilares.json (35 pilares)
[INFO] LV DXF: ALIMONTI - PARAISO - 14∞ PAV.- LV - R00.dxf
[INFO] Vigas: 27 ancoras extraidas do LV DXF
[INFO] Salvo: D:\Agente-cad-PYSIDE\DADOS-OBRAS\Obra_TREINO_1\Fase-3_Interpretacao_Extracao\ancoras_vigas.json (27 vigas)
[INFO] LJ DXF: ALIMONTI - PARAISO - 14∞ PAV.- LJ - R00.dxf
[INFO] Lajes: 22 ancoras extraidas do LJ DXF
[INFO] Salvo: D:\Agente-cad-PYSIDE\DADOS-OBRAS\Obra_TREINO_1\Fase-3_Interpretacao_Extracao\ancoras_lajes.json (22 lajes)

[RESULTADO]
  Pilares: 35 ancoras
  Vigas:   27 ancoras
  Lajes:   22 ancoras

  STATUS: OK (cobertura suficiente)
[INFO] === consolidar_dxf_pilares.py | Obra_TREINO_1 | 14PAV ===
  P10: ancora=(5039,8599) offset=(4839,8459) [18 ents]
  P11: ancora=(6610,8600) offset=(6473,8460) [18 ents]
  P12: ancora=(8192,8600) offset=(8055,8460) [18 ents]
  P14: ancora=(3424,7452) offset=(3287,7312) [18 ents]
  P16: ancora=(5029,7452) offset=(4892,7312) [18 ents]
  P17: ancora=(6590,7452) offset=(6453,7312) [18 ents]
  P18: ancora=(8195,7452) offset=(8105,7312) [18 ents]
  P19: ancora=(3435,6302) offset=(3274,6162) [18 ents]
  P20: ancora=(5034,6302) offset=(4873,6162) [18 ents]
  P21: ancora=(6640,6302) offset=(6479,6162) [18 ents]
  P22: ancora=(8204,6302) offset=(8043,6162) [18 ents]
  P23: ancora=(3428,5153) offset=(3267,5013) [18 ents]
  P24: ancora=(5034,5153) offset=(4873,5013) [18 ents]
  P25: ancora=(6619,5153) offset=(6473,5013) [18 ents]
  P26: ancora=(3859,4006) offset=(3714,3866) [18 ents]
  P27: ancora=(6510,3623) offset=(6383,3483) [18 ents]
  P28: ancora=(5064,2857) offset=(4898,2717) [18 ents]
  P29: ancora=(6615,2857) offset=(6458,2717) [18 ents]
  P30: ancora=(8200,2857) offset=(8043,2717) [18 ents]
  P31: ancora=(3432,1709) offset=(3275,1569) [18 ents]
  P32: ancora=(5030,1709) offset=(4873,1569) [18 ents]
  P33: ancora=(6612,1707) offset=(6451,1567) [18 ents]
  P34: ancora=(5579,4069) offset=(5433,3929) [18 ents]
  P35: ancora=(3435,559) offset=(3289,419) [18 ents]
  P41: ancora=(4636,389) offset=(4484,249) [18 ents]
  P42: ancora=(4607,380) offset=(4460,240) [18 ents]
  P43: ancora=(5935,385) offset=(5770,245) [18 ents]
  P44: ancora=(4607,367) offset=(4431,227) [18 ents]
  P45: ancora=(4784,384) offset=(4648,244) [18 ents]
  P46: ancora=(4626,354) offset=(4490,214) [18 ents]
  P47: ancora=(6992,378) offset=(6869,238) [18 ents]
  P48: ancora=(4626,340) offset=(4421,200) [18 ents]
  P49: ancora=(4023,-381) offset=(3783,-521) [18 ents]
  P50: ancora=(3981,292) offset=(3845,152) [18 ents]
  P51: ancora=(3981,281) offset=(3845,141) [18 ents]

[RESULTADO]
  Pilares consolidados: 35/35
  Output: D:\Agente-cad-PYSIDE\DADOS-OBRAS\Obra_TREINO_1\Fase-6_Execucao_CAD\PL_gerado.dxf
  ValidaÁ„o: 630 entidades no PL_gerado.dxf
  RelatÛrio: D:\Agente-cad-PYSIDE\DADOS-OBRAS\Obra_TREINO_1\Fase-6_Execucao_CAD\consolidacao_pilares.json
[INFO] === consolidar_dxf_vigas.py | Obra_TREINO_1 ===
  V401: ancora=(4467,4230) [28 ents]
  V402: ancora=(4409,3516) [28 ents]
  V403: ancora=(4855,3286) [34 ents]
  V404: ancora=(5421,2796) [40 ents]
  V405: ancora=(5474,2636) [40 ents]
  V406: ancora=(2621,4696) [40 ents]
  V407: ancora=(4731,3366) [58 ents]
  V408: ancora=(6085,2636) [46 ents]
  V409: ancora=(2417,4213) [40 ents]
  V410: ancora=(4860,5434) [40 ents]
  V411: ancora=(4499,5052) [28 ents]
  V412: ancora=(3852,4040) [34 ents]
  V413: ancora=(4983,3687) [34 ents]
  V414: ancora=(5499,5939) [34 ents]
  V415: ancora=(6538,3670) [34 ents]
  V416: ancora=(7241,3657) [34 ents]
  V417: ancora=(4425,4792) [28 ents]
  V418: ancora=(3164,3463) [34 ents]
  V419: ancora=(4759,4312) [34 ents]
  V420: ancora=(4744,5746) [34 ents]
  V421: ancora=(4109,2531) [34 ents]
  V422: ancora=(5545,2528) [28 ents]
  V423: ancora=(5944,2528) [28 ents]
  V424: ancora=(6509,2528) [28 ents]
  V425: ancora=(6902,2528) [34 ents]
  V426: ancora=(2766,3726) [34 ents]
  V427: ancora=(2301,5553) [28 ents]

[RESULTADO]
  LV_gerado.dxf: 27 vigas (936 entidades)
  FV_gerado.dxf: 27 vigas offset (936 entidades)
[INFO] === consolidar_dxf_lajes.py | Obra_TREINO_1 ===
  L301: ancora=(0,0) [9 ents]
  L302: ancora=(0,-1000) [9 ents]
  L303: ancora=(0,-2000) [9 ents]
  L304: ancora=(0,-3000) [7 ents]
  L305: ancora=(0,-4000) [7 ents]
  L306: ancora=(0,-5000) [7 ents]
  L307: ancora=(0,-6000) [7 ents]
  L308: ancora=(0,-7000) [7 ents]
  L309: ancora=(0,-8000) [9 ents]
  L312: ancora=(0,-9000) [9 ents]
  L316: ancora=(0,-10000) [9 ents]
  L401: ancora=(3134,2568) [11 ents]
  L402: ancora=(3489,2574) [11 ents]
  L403: ancora=(4847,2567) [11 ents]
  L404: ancora=(5241,2570) [11 ents]
  L405: ancora=(2795,2358) [21 ents]
  L406: ancora=(3724,2357) [21 ents]
  L407: ancora=(4585,2363) [21 ents]
  L408: ancora=(5416,2354) [19 ents]
  L409: ancora=(4696,2091) [41 ents]
  L410: ancora=(2621,1812) [13 ents]
  L411: ancora=(3051,1790) [13 ents]
  L412: ancora=(3488,1793) [13 ents]
  L413: ancora=(3911,1790) [13 ents]
  L414: ancora=(4314,1791) [13 ents]
  L415: ancora=(4806,1807) [13 ents]
  L416: ancora=(5087,1733) [7 ents]
  L417: ancora=(2717,1538) [9 ents]
  L418: ancora=(3055,1530) [13 ents]
  L419: ancora=(3480,1529) [13 ents]
  L420: ancora=(3929,1530) [13 ents]
  L421: ancora=(4309,1525) [13 ents]
  L422: ancora=(4795,1529) [13 ents]

[RESULTADO]
  Lajes consolidadas: 33/33
  Sem ancora: ['L301', 'L302', 'L303', 'L304', 'L305', 'L306', 'L307', 'L308', 'L309', 'L312', 'L316']
  LJ_gerado.dxf: 415 entidades
  Output: D:\Agente-cad-PYSIDE\DADOS-OBRAS\Obra_TREINO_1\Fase-6_Execucao_CAD\LJ_gerado.dxf
[INFO] === validar_dxf_coletivo.py | Obra_TREINO_1 | 14PAV ===

  [PILARES]
    GT: 35 | Gerado: 35 | Corretos: 35
    id_match: 100.0% | hallucination: 0.0%
    SCORE: 100.0% ó APROVADO

  [VIGAS]
    GT: 27 | Gerado: 27 | Corretos: 27
    id_match: 100.0% | hallucination: 0.0%
    SCORE: 100.0% ó APROVADO

  [LAJES]
    GT: 33 | Gerado: 33 | Corretos: 33
    id_match: 100.0% | hallucination: 0.0%
    SCORE: 100.0% ó APROVADO

[RESULTADO GLOBAL]
  Score global: 100.0%
  Status: APROVADO (>=90%)

[INFO] Salvo: D:\Agente-cad-PYSIDE\DADOS-OBRAS\Obra_TREINO_1\Fase-6_Execucao_CAD\validation_coletivo.json
[INFO] Processando 35 pilares \u2192 obras_salvas.json
[INFO]   P10: 82x73cm grade_1=102
[INFO]   P11: 73x19cm grade_1=102
[INFO]   P12: 73x19cm grade_1=120
[INFO]   P14: 73x19cm grade_1=122
[INFO]   P16: 73x19cm grade_1=122
[INFO]   P17: 73x19cm grade_1=70
[INFO]   P18: 26x19cm grade_1=72
[INFO]   P19: 97x19cm grade_1=102
[INFO]   P20: 97x19cm grade_1=108
[INFO]   P21: 97x19cm grade_1=108
[INFO]   P22: 97x19cm grade_1=122
[INFO]   P23: 97x19cm grade_1=122
[INFO]   P24: 97x19cm grade_1=102
[INFO]   P25: 82x19cm grade_1=122
[INFO]   P26: 81x19cm grade_1=102
[INFO]   P27: 54x27cm grade_1=88
[INFO]   P28: 97x24cm grade_1=102
[INFO]   P29: 88x24cm grade_1=88
[INFO]   P30: 88x24cm grade_1=88
[INFO]   P31: 88x24cm grade_1=88
[INFO]   P32: 88x24cm grade_1=88
[INFO]   P33: 97x19cm grade_1=122
[INFO]   P34: 82x19cm grade_1=82
[INFO]   P35: 82x19cm grade_1=82
[INFO]   P41: 59x48cm grade_1=0
[INFO]   P42: 72x19cm grade_1=0
[INFO]   P43: 72x48cm grade_1=0
[INFO]   P44: 72x59cm grade_1=0
[INFO]   P45: 72x19cm grade_1=0
[INFO]   P46: 72x19cm grade_1=0
[INFO]   P47: 59x19cm grade_1=0
[INFO]   P48: 95x65cm grade_1=0
[INFO]   P49: 100x95cm grade_1=0
[INFO]   P50: 72x19cm grade_1=0
[INFO]   P51: 72x19cm grade_1=0
[INFO] \u2705 obras_salvas.json gerado: 35 pilares \u2192 D:\Agente-cad-PYSIDE\DADOS-OBRAS\Obra_TREINO_1\Fase-4_Sincronizacao\obras_salvas.json
[INFO] \u2705 pavimentos_lista.json gerado \u2192 D:\Agente-cad-PYSIDE\DADOS-OBRAS\Obra_TREINO_1\Fase-4_Sincronizacao\pavimentos_lista.json

=================================================================
  RELAT√ìRIO DE FIDELIDADE ‚Äî Obra_TREINO_1 / 14PAV
=================================================================
  Tipo            Score    Limiar      Status
  --------------------------------------------------
  pilares      63.7/100    >=85.0      ‚ùå FAIL
  vigas        57.9/100    >=82.0      ‚ùå FAIL
  lajes        88.6/100    >=75.0      ‚úÖ PASS
  --------------------------------------------------
  GLOBAL       67.9/100    >=80.0  ‚ùå REPROVADO

  Fontes auxiliares:
    Coletivo IDs:   100.0%
    Pipeline E2E:    APROVADO

  ‚ÑπÔ∏è  Observa√ß√µes:
    ‚Ä¢ Vigas fundo (FV) abaixo do limiar (41.5/80.0). FV_gerado usa ezdxf simplificado ‚Äî sarrafos e chanfros incompletos.
    ‚Ä¢ Score coletivo (IDs): 100.0% ‚â• 95% ‚Äî pipeline de IDs aprovado.

[INFO] Relat√≥rio salvo em: D:\Agente-cad-PYSIDE\DADOS-OBRAS\Obra_TREINO_1\Fase-8_Revisao_Entrega\cert_14PAV\relatorio_fidelidade.json

============================================================
PIPELINE E2E ó Obra_TREINO_1 | 14PAV
============================================================

[FASE 1] Descoberta de DXFs
  [SKIP] dxf_discovery.json ja existe e contem Obra_TREINO_1

[FASE 2] Engenharia Reversa (Ground Truth)
  [RUN] engenharia_reversa_dxf.py ...
        -> OK (3.9s)

[FASE 3] ExtraÁ„o Dimensional
  [RUN] extrair_bh_pilares.py ...
        -> OK (2.2s)
  [RUN] extrair_vigas_lv.py ...
        -> OK (3.3s)
  [RUN] extrair_lajes_lj.py ...
        -> OK (0.9s)
  [RUN] extrair_poligono_lajes.py ...
        -> OK (0.8s)
  [RUN] extrair_garfos_evg.py ...
        -> FALHOU (code 1) (0.5s)
  [RUN] extrair_largura_vigas_fv.py ...
        -> OK (0.7s)
  [RUN] extrair_assembly_pl.py ...
        -> OK (2.3s)
  [RUN] integrar_fichas_fase3.py ...
        -> OK (0.1s)
  [RUN] extrair_secoes_stog_pl.py ...
        -> OK (2.3s)
  [RUN] validar_score_pipeline.py ...
        -> FALHOU (code 1) (0.1s)

[FASE 4] Motor Fase 4 (Transformacao Fase-3 -> Fase-4)
  [CLEAN] Removendo 35 JSONs antigos de JSON_Pilares/
  [CLEAN] Removendo 68 JSONs antigos de JSON_Vigas_Laterais/
  [CLEAN] Removendo 34 JSONs antigos de JSON_Vigas_Fundo/
  [CLEAN] Removendo 39 JSONs antigos de JSON_Lajes/
  [RUN] motor_fase4.py ...
        -> OK (0.2s)

[FASE 5] GeraÁ„o DXF Individual
  [CLEAN] Removendo 35 DXFs antigos de DXF_Pilares/
  [CLEAN] Removendo 34 DXFs antigos de DXF_Vigas/
  [CLEAN] Removendo 39 DXFs antigos de DXF_Lajes/
  [RUN] gerar_dxf_pilares.py ...
        -> OK (1.1s)
  [RUN] gerar_dxf_vigas.py ...
        -> OK (1.5s)
  [RUN] gerar_dxf_lajes.py ...
        -> OK (1.1s)
  [RUN] gerar_pl_dxf_stog.py ...
        -> OK (113.9s)
  [RUN] gerar_lv_dxf_stog.py ...
        -> OK (52.5s)
  [RUN] gerar_fv_dxf_stog.py ...
        -> OK (8.2s)
  [RUN] gerar_lj_dxf_stog.py ...
        -> OK (1.6s)

[FASE 5b] ComparaÁ„o DXF Individual vs STOG
  [RUN] comparar_dxf.py ...
        -> OK (2.7s)

[FASE 6] ExtraÁ„o de ¬ncoras (coords absolutas)
  [RUN] extrair_ancoras_dxf.py ...
        -> OK (0.7s)

[FASE 7] ConsolidaÁ„o DXF Coletivo
  [RUN] consolidar_dxf_pilares.py ...
        -> OK (1.1s)
  [RUN] consolidar_dxf_vigas.py ...
        -> OK (3.8s)
  [RUN] consolidar_dxf_lajes.py ...
        -> OK (1.0s)

[FASE 8] ValidaÁ„o DXF Coletivo
  [RUN] validar_dxf_coletivo.py ...
        -> OK (1.0s)

[FASE 9] GeraÁ„o obras_salvas.json (formato robÙ)
  [RUN] gerar_obras_salvas.py ...
        -> OK (0.1s)

[FASE 10] ValidaÁ„o Visual AutÙnoma (NVIDIA NIM)
  [RUN] validar_visual_dxf.py ...
        -> TIMEOUT (300.1s) ó validar_visual_dxf.py excedeu 300s, continuando
  [RUN] relatorio_fidelidade.py ...
        -> FALHOU (code 1) (0.1s)

============================================================
PIPELINE CONCLUÕDO ó APROVADO
  Score coletivo: 100.0%
  RelatÛrio: D:\Agente-cad-PYSIDE\DADOS-OBRAS\Obra_TREINO_1\Fase-8_Revisao_Entrega\pipeline_report.json
============================================================

[INFO] === engenharia_reversa_dxf.py | Obra: Obra_TREINO_1 | Pav: 1PAV ===
[INFO] DiretÛrio: D:\Agente-cad-PYSIDE\DADOS-OBRAS\Obra_TREINO_1\Fase-1_Ingestao\Projetos_Finalizados_para_Engenharia_Reversa
[INFO] Usando caminhos do dxf_discovery.json para pav '1PAV'
[INFO] PL DXF: ALIMONTI - PARAISO - 1∞ PAV.- PL - R00.dxf
[INFO] Pilares extraÌdos: 38 IDs | PÈ Direito: Nonecm -> D:\Agente-cad-PYSIDE\DADOS-OBRAS\Obra_TREINO_1\Fase-3_Interpretacao_Extracao\Pilares\pilares_ground_truth.json
[INFO] LV DXF: ALIMONTI - PARAISO - 1∞ PAV.- LV - R00.dxf
[INFO] Vigas extraÌdas: 49 IDs -> D:\Agente-cad-PYSIDE\DADOS-OBRAS\Obra_TREINO_1\Fase-3_Interpretacao_Extracao\Vigas\vigas_ground_truth.json
[INFO] LJ DXF: ALIMONTI - PARAISO - 1∞ PAV.- LJ - R01.dxf
[INFO] Lajes extraÌdas: 29 IDs -> D:\Agente-cad-PYSIDE\DADOS-OBRAS\Obra_TREINO_1\Fase-3_Interpretacao_Extracao\Lajes\lajes_ground_truth.json
[INFO] === RESULTADO: 38 pilares | B◊H: 0/38 extraÌdos ===
[INFO] NOTA: IDs=ALTA | B/H=BAIXA - revisao manual.
[INFO] Ground truth salvo em: D:\Agente-cad-PYSIDE\DADOS-OBRAS\Obra_TREINO_1\Fase-3_Interpretacao_Extracao
[INFO] === extrair_bh_pilares.py | Obra_TREINO_1 | 1PAV ===
[INFO] PL DXF: ALIMONTI - PARAISO - 1∞ PAV.- PL - R00.dxf
[INFO] Max distancia proximity: 300.0 unidades DXF
[INFO] Lendo DXF (pode demorar para arquivos grandes)...
[INFO] DXF carregado: 8742 entidades
[INFO] Extraindo posicoes dos pilares (layer Texto Secao)...
[INFO] Pilares encontrados: 38
[INFO] Extraindo DIMENSION entities (layers de cota)...
[INFO] DIMENSIONs de cota encontradas: 860
[INFO] Inverse proximity: 860 dims assignadas a 38 pilares

[RESULTADO] Extracao B/H de Pilares
  Total pilares:      38
  B+H completos:      37 (97.4%)
  Apenas H:           1
  Sem dados:          0

[INFO] Salvo em: D:\Agente-cad-PYSIDE\DADOS-OBRAS\Obra_TREINO_1\Fase-3_Interpretacao_Extracao\Pilares\pilares_bh.json
[INFO] pilares_ground_truth.json atualizado: 37 pilares com B/H

[AMOSTRA] Primeiros 5 pilares extraidos:
  P1: B=60.0cm, H=74.0cm, conf=80%
  P2: B=45.0cm, H=67.0cm, conf=40%
  P3: B=48.0cm, H=56.0cm, conf=80%
  P4: B=42.0cm, H=97.0cm, conf=90%
  P5: B=46.0cm, H=56.0cm, conf=90%
DXF: ALIMONTI - PARAISO - 1∞ PAV.- LV - R00.dxf
  Labels encontrados: 49 vigas
  Cota SeÁ„o (2x): 98 dims
  COTA: 1056 dims

=== RESULTADO ===
  Total vigas: 49
  Com altura_lateral: 49/49
  Com comprimento: 49/49
  Com ambos: 49/49
  ConfianÁa mÈdia: 86%
  Output: D:\Agente-cad-PYSIDE\DADOS-OBRAS\Obra_TREINO_1\Fase-3_Interpretacao_Extracao\Vigas\vigas_dim.json

Viga     Alt(cm)    Comp(cm)     Conf     Sides
-------------------------------------------------------
V102     120        208          84%      C
V105     38         717          84%      A+B
V117     48         244          79%      A+B
V123     38         717          84%      A+B
V124     38         572          84%      A+B
V125     38         717          84%      A+B
V129     38         717          79%      A+B
V201     120        462          84%      A+B
V202     120        376          89%      B
V203     260        568          84%      A+B
V204     120        613          84%      A+B
V205     38         630          84%      A+B
V206     48         244          89%      A+B
V207     120        608          89%      A+B
V208     260        572          84%      A+B
V209     38         572          84%      A+B
V210     38         726          84%      A+B
V211     28         199          89%      A+B
V212     38         451          84%      A+B
V213     38         570          84%      A+B
V214     38         570          89%      A+B
V215     54         388          89%      A+B+D
V216     38         386          84%      A+B
V217     38         1094         84%      A+B
V218     38         732          89%      A+B
V219     38         1009         84%      A+B
V220     38         461          84%      A+B
V221     48         398          84%      A+B
V222     38         398          89%      A+B
V223     38         444          89%      A+B
V224     38         440          89%      A+B
V225     120        434          79%      A+B
V227     38         440          84%      A+B
V228     38         402          89%      A+B
V229     260        446          84%      A+B
V230     48         402          84%      A+B
V231     120        455          84%      A+B
V232     120        455          84%      A+B
V233     38         455          89%      A+B
V234     38         630          89%      A+B
V235     38         455          89%      A+B
V236     38         180          89%      A+B
V237     38         180          89%      A+B
V238     38         180          84%      A+B
V239     28         688          84%      A+B
V240     38         688          89%      A+B
V241     38         688          89%      A+B
V242     120        462          84%      A+B
V243     38         320          89%      A+B
[INFO] === extrair_lajes_lj.py | Obra_TREINO_1 | 1PAV ===
[INFO] LJ DXF: ALIMONTI - PARAISO - 1∞ PAV.- LJ - R01.dxf
[INFO] Lendo DXF...
[INFO] 1392 entidades
[INFO] Extraindo labels e codigos de lajes...
[DEBUG] Labels encontrados: ['L201', 'L202', 'L203', 'L204', 'L205', 'L206', 'L207', 'L208', 'L209', 'L210', 'L211', 'L212', 'L213', 'L214', 'L215', 'L251', 'L252']
[DEBUG] Lajes com paineis AUX00: ['L101', 'L102', 'L103', 'L104', 'L109', 'L111', 'L112', 'L115', 'L117', 'L118', 'L119', 'L121']
[INFO] Lajes encontradas: 29
[INFO] Construindo fichas com coordenadas...

[RESULTADO] Extracao de Lajes
  Total lajes:        29
  Com dimensoes:      0
  Com coordenadas:    4

[INFO] Salvo em: D:\Agente-cad-PYSIDE\DADOS-OBRAS\Obra_TREINO_1\Fase-3_Interpretacao_Extracao\Lajes\lajes_data.json
[INFO] lajes_ground_truth.json atualizado: 0 lajes com dimensoes

[AMOSTRA] Primeiras lajes:
  L101: NonexNonecm | area=Nonecm2 | coords=0pts | conf=75%
  L102: NonexNonecm | area=Nonecm2 | coords=0pts | conf=85%
  L103: NonexNonecm | area=Nonecm2 | coords=0pts | conf=75%
  L104: NonexNonecm | area=Nonecm2 | coords=5pts | conf=85%
  L109: NonexNonecm | area=Nonecm2 | coords=0pts | conf=85%
  L111: NonexNonecm | area=Nonecm2 | coords=0pts | conf=85%
  L112: NonexNonecm | area=Nonecm2 | coords=0pts | conf=75%
  L115: NonexNonecm | area=Nonecm2 | coords=0pts | conf=75%
LJ DXF: ALIMONTI - PARAISO - 1∞ PAV.- LJ - R01.dxf
AUX00 panels... 38 panels em 12 lajes: ['L101', 'L102', 'L103', 'L104', 'L109', 'L111', 'L112', 'L115', 'L117', 'L118', 'L119', 'L121']
Labels L{n}... 29 labels: ['L101', 'L102', 'L103', 'L104', 'L109', 'L111', 'L112', 'L115', 'L117', 'L118', 'L119', 'L121', 'L201', 'L202', 'L203', 'L204', 'L205', 'L206', 'L207', 'L208', 'L209', 'L210', 'L211', 'L212', 'L213', 'L214', 'L215', 'L251', 'L252']
LWPOLYLINE layer '1'... 0 poligonos | areas: []
COTA DIMENSIONs... 0 dims no range 50.0-3000.0cm
Paineis H lines... 19 lines (len>100.0)
Paineis DIMENSIONs... 130 dims (69 H, 61 V)

Processando 29 lajes...

=== RESULTADO ===
  Total lajes: 29
  [aux00-area-estimate]: 12 (media)
  [default]: 2 (baixa)
  [paineis-dimchain]: 3 (media-alta)
  [paineis-grid]: 12 (alta)
  Output: D:\Agente-cad-PYSIDE\DADOS-OBRAS\Obra_TREINO_1\Fase-3_Interpretacao_Extracao\Lajes\lajes_poligono.json

Laje     Comp       Larg       Conf   Fonte
------------------------------------------------------------
L101     244.0      122.0      0.55   aux00-area-estimate
L102     458.5      244.0      0.55   aux00-area-estimate
L103     178.0      122.0      0.55   aux00-area-estimate
L104     755.0      244.0      0.55   aux00-area-estimate
L109     244.0      242.0      0.55   aux00-area-estimate
L111     285.8      244.0      0.55   aux00-area-estimate
L112     152.0      91.5       0.55   aux00-area-estimate
L115     244.0      244.0      0.55   aux00-area-estimate
L117     366.0      229.0      0.55   aux00-area-estimate
L118     602.5      244.0      0.55   aux00-area-estimate
L119     362.2      244.0      0.55   aux00-area-estimate
L121     190.0      129.0      0.55   aux00-area-estimate
L201     418.0      440.0      0.70   paineis-grid
L202     206.5      440.0      0.70   paineis-grid
L203     151.5      402.0      0.60   paineis-dimchain
L204     415.5      402.0      0.70   paineis-grid
L205     380.0      531.0      0.70   paineis-grid
L206     415.5      122.0      0.70   paineis-grid
L207     220.5      180.0      0.70   paineis-grid
L208     575.5      144.0      0.70   paineis-grid
L209     405.0      71.5       0.70   paineis-grid
L210     726.0      152.0      0.70   paineis-grid
L211     418.0      472.0      0.70   paineis-grid
L212     206.5      444.5      0.70   paineis-grid
L213     378.0      406.5      0.70   paineis-grid
L214     101.0      260.0      0.60   paineis-dimchain
L215     726.0      459.0      0.60   paineis-dimchain
L251     100.0      100.0      0.05   default
L252     100.0      100.0      0.05   default

=== AUX00 panels (dedup) ===
  L101: 1 panels -> 244.0x122.0
  L102: 4 panels -> 244.0x122.0 | 244.0x122.0 | 214.5x122.0 | 214.5x122.0
  L103: 1 panels -> 178.0x122.0
  L104: 7 panels -> 178.0x122.0 | 244.0x122.0 | 244.0x122.0 | 244.0x122.0 | 244.0x122.0 | 178.0x122.0 | 178.0x122.0
  L109: 4 panels -> 244.0x60.5 | 244.0x60.5 | 244.0x60.5 | 244.0x60.5
  L111: 3 panels -> 244.0x78.0 | 244.0x122.0 | 171.5x122.0
  L112: 2 panels -> 91.5x60.5 | 91.5x91.5
  L115: 2 panels -> 244.0x122.0 | 244.0x122.0
  L117: 3 panels -> 229.0x122.0 | 229.0x122.0 | 229.0x122.0
  L118: 5 panels -> 244.0x122.0 | 229.0x122.0 | 244.0x122.0 | 244.0x122.0 | 244.0x122.0
  L119: 4 panels -> 244.0x71.5 | 244.0x122.0 | 244.0x122.0 | 159.5x71.5
  L121: 2 panels -> 190.0x60.5 | 190.0x68.5
ERRO: Nenhum EVG DXF encontrado em D:\Agente-cad-PYSIDE\DADOS-OBRAS\Obra_TREINO_1
FV DXF: ALIMONTI - PARAISO - TIPO - 3∞ AO 12∞ PAV.- FV - R00.dxf

Extraindo labels V{n}.C... 31 vigas encontradas: ['V1', 'V10', 'V11', 'V12', 'V13', 'V14', 'V15', 'V16', 'V17', 'V18', 'V19', 'V2', 'V20', 'V21', 'V22', 'V23', 'V24', 'V25', 'V26', 'V27', 'V28', 'V29', 'V3', 'V30', 'V31', 'V4', 'V5', 'V6', 'V7', 'V8', 'V9']
Extraindo DIMENSIONs de 'PainÈis' (B_MIN..B_MAX)... 22 DIMENSIONs ó vals: [10.0, 29.0, 19.0, 10.0, 19.0, 29.0, 30.0, 19.0, 49.0, 19.0, 42.0, 21.11, 15.49, 16.36, 35.36, 22.3, 13.06, 19.0, 14.0, 14.79, 19.0, 19.0]
Extraindo DIMENSIONs de 'COTA' (B_MIN..B_MAX)... 31 DIMENSIONs ó vals: [19.0, 19.0, 21.5, 19.0, 45.0, 49.0, 19.0, 19.0, 14.0, 47.0, 19.0, 76.0, 19.0, 14.0, 19.0, 19.0, 19.0, 19.0, 19.0, 19.0, 19.0, 19.0, 19.0, 14.0, 19.0, 14.0, 19.0, 14.0, 19.0, 19.0, 45.0]
Extraindo DIMENSIONs de 'Cota SeÁ„o (2x)'... 0 DIMENSIONs

=== RESULTADO ===
  Vigas com B extraÌdo por proximidade: 0/49
  Fallback mediana global:               49
  Fallback default (15.0cm):          0
  Output: D:\Agente-cad-PYSIDE\DADOS-OBRAS\Obra_TREINO_1\Fase-3_Interpretacao_Extracao\Vigas\vigas_largura.json

Viga     B (cm)     Conf     Fonte
--------------------------------------------------
V102     19.0       0.30     fv-dxf-global-median
V105     19.0       0.30     fv-dxf-global-median
V117     19.0       0.30     fv-dxf-global-median
V123     19.0       0.30     fv-dxf-global-median
V124     19.0       0.30     fv-dxf-global-median
V125     19.0       0.30     fv-dxf-global-median
V129     19.0       0.30     fv-dxf-global-median
V201     19.0       0.30     fv-dxf-global-median
V202     19.0       0.30     fv-dxf-global-median
V203     19.0       0.30     fv-dxf-global-median
V204     19.0       0.30     fv-dxf-global-median
V205     19.0       0.30     fv-dxf-global-median
V206     19.0       0.30     fv-dxf-global-median
V207     19.0       0.30     fv-dxf-global-median
V208     19.0       0.30     fv-dxf-global-median
V209     19.0       0.30     fv-dxf-global-median
V210     19.0       0.30     fv-dxf-global-median
V211     19.0       0.30     fv-dxf-global-median
V212     19.0       0.30     fv-dxf-global-median
V213     19.0       0.30     fv-dxf-global-median
V214     19.0       0.30     fv-dxf-global-median
V215     19.0       0.30     fv-dxf-global-median
V216     19.0       0.30     fv-dxf-global-median
V217     19.0       0.30     fv-dxf-global-median
V218     19.0       0.30     fv-dxf-global-median
V219     19.0       0.30     fv-dxf-global-median
V220     19.0       0.30     fv-dxf-global-median
V221     19.0       0.30     fv-dxf-global-median
V222     19.0       0.30     fv-dxf-global-median
V223     19.0       0.30     fv-dxf-global-median
V224     19.0       0.30     fv-dxf-global-median
V225     19.0       0.30     fv-dxf-global-median
V227     19.0       0.30     fv-dxf-global-median
V228     19.0       0.30     fv-dxf-global-median
V229     19.0       0.30     fv-dxf-global-median
V230     19.0       0.30     fv-dxf-global-median
V231     19.0       0.30     fv-dxf-global-median
V232     19.0       0.30     fv-dxf-global-median
V233     19.0       0.30     fv-dxf-global-median
V234     19.0       0.30     fv-dxf-global-median
V235     19.0       0.30     fv-dxf-global-median
V236     19.0       0.30     fv-dxf-global-median
V237     19.0       0.30     fv-dxf-global-median
V238     19.0       0.30     fv-dxf-global-median
V239     19.0       0.30     fv-dxf-global-median
V240     19.0       0.30     fv-dxf-global-median
V241     19.0       0.30     fv-dxf-global-median
V242     19.0       0.30     fv-dxf-global-median
V243     19.0       0.30     fv-dxf-global-median

=== DIMENSIONs B em 'Paineis' (22) ===
  val=10.0 pos=(4552.657140842855, 857.885136931913)
  val=29.0 pos=(4508.199005527521, 857.885136931913)
  val=19.0 pos=(4536.725512286842, 823.583170895483)
  val=10.0 pos=(3831.779690687682, 625.3214009386113)
  val=19.0 pos=(3857.098069368447, 604.3546181298015)
  val=29.0 pos=(3876.398909501658, 654.3214009385931)
  val=30.0 pos=(4300.80146046179, 605.3214009386112)
  val=19.0 pos=(4326.119839142551, 586.3585449891334)
  val=49.0 pos=(4345.420679275766, 654.3214009385931)
  val=19.0 pos=(4471.045376098182, 756.6374223985378)
  val=42.0 pos=(4586.292367448124, 328.0257169836059)
  val=21.11 pos=(4321.896150605922, 143.0079490639873)
  val=15.49 pos=(4351.183826816721, 213.3935040407305)
  val=16.36 pos=(4403.258606077039, 199.470986912289)
  val=35.36 pos=(4289.968441501149, 199.470986912289)
  val=22.3 pos=(4310.65317628655, 164.1075650845124)
  val=13.06 pos=(4310.653176286552, 199.470986912289)
  val=19.0 pos=(4597.105465562175, 164.1075650914391)
  val=14.0 pos=(4726.141116270817, 17.72977425954287)
  val=14.79 pos=(4583.019485046603, 38.90383713627216)
  val=19.0 pos=(4147.621339242871, 205.0472930488232)
  val=19.0 pos=(4152.051462981664, -810.5463089640256)

=== Labels V{n}.C encontrados (31) ===
  V1: pos=(3430, 1157)
  V2: pos=(3430, 1025)
  V3: pos=(3423, 783)
  V4: pos=(3408, 379)
  V5: pos=(4296, 379)
  V6: pos=(4281, 233)
  V7: pos=(3447, 234)
  V8: pos=(3437, 81)
  V9: pos=(3439, -233)
  V10: pos=(4556, -90)
  V11: pos=(3433, -421)
  V12: pos=(3948, -421)
  V13: pos=(3433, -551)
  V14: pos=(3948, -551)
  V15: pos=(3433, -551)
  V16: pos=(3948, -551)
  V17: pos=(3433, -551)
  V18: pos=(3948, -551)
  V19: pos=(3434, -679)
  V20: pos=(3861, -677)
  V21: pos=(4286, -674)
  V22: pos=(3439, -804)
  V23: pos=(3876, -802)
  V24: pos=(4188, -802)
  V25: pos=(3434, -923)
  V26: pos=(4188, -802)
  V27: pos=(3977, -931)
  V28: pos=(3876, -802)
  V29: pos=(4308, -934)
  V30: pos=(3437, -1056)
  V31: pos=(3962, -1056)
[INFO] DXF PL: ALIMONTI - PARAISO - TIPO - 3∞ AO 12∞ PAV.- PL - R00.dxf
[INFO] Lendo: ALIMONTI - PARAISO - TIPO - 3∞ AO 12∞ PAV.- PL - R00.dxf
[INFO] Pilares encontrados (secoes): 35
[INFO] CHAPA: 272 | Perfil: 146 | SP: 142 | GRADE: 50
[INFO] Output: D:\Agente-cad-PYSIDE\DADOS-OBRAS\Obra_TREINO_1\Fase-3_Interpretacao_Extracao\Pilares\pilares_assembly.json
[INFO] Pilares processados: 35

=== RESUMO ===
Pilares: 35
Com grade_1: 35/35
Com CHAPA: 34/35
Com SP markers: 35/35
  P1: grade_1=88.0 chapa_total=6 sp=16 perf=6
  P2: grade_1=88.0 chapa_total=5 sp=16 perf=6
  P3: grade_1=88.0 chapa_total=4 sp=16 perf=4
=== VIGAS ===
  vigas.json atualizado: 49 vigas
    V102: b=19.0cm h=120.0cm L=208.0cm
    V105: b=19.0cm h=38.0cm L=717.0cm
    V117: b=19.0cm h=48.0cm L=244.0cm
    V123: b=19.0cm h=38.0cm L=717.0cm
    V124: b=19.0cm h=38.0cm L=571.5cm
    V125: b=19.0cm h=38.0cm L=717.0cm
    V129: b=19.0cm h=38.0cm L=717.0cm
    V201: b=19.0cm h=120.0cm L=462.0cm
    V202: b=19.0cm h=120.0cm L=376.0cm
    V203: b=19.0cm h=260.0cm L=567.5cm
    V204: b=19.0cm h=120.0cm L=613.0cm
    V205: b=19.0cm h=38.0cm L=630.0cm
    V206: b=19.0cm h=48.0cm L=244.0cm
    V207: b=19.0cm h=120.0cm L=608.0cm
    V208: b=19.0cm h=260.0cm L=571.5cm
    V209: b=19.0cm h=38.0cm L=571.5cm
    V210: b=19.0cm h=38.0cm L=726.0cm
    V211: b=19.0cm h=28.0cm L=199.0cm
    V212: b=19.0cm h=38.0cm L=451.0cm
    V213: b=19.0cm h=38.0cm L=570.0cm
    V214: b=19.0cm h=38.0cm L=570.0cm
    V215: b=19.0cm h=54.0cm L=388.0cm
    V216: b=19.0cm h=38.0cm L=386.0cm
    V217: b=19.0cm h=38.0cm L=1093.8cm
    V218: b=19.0cm h=38.0cm L=732.0cm
    V219: b=19.0cm h=38.0cm L=1008.7cm
    V220: b=19.0cm h=38.0cm L=461.0cm
    V221: b=19.0cm h=48.0cm L=398.0cm
    V222: b=19.0cm h=38.0cm L=398.0cm
    V223: b=19.0cm h=38.0cm L=444.5cm
    V224: b=19.0cm h=38.0cm L=440.0cm
    V225: b=19.0cm h=120.0cm L=434.0cm
    V227: b=19.0cm h=38.0cm L=440.0cm
    V228: b=19.0cm h=38.0cm L=402.0cm
    V229: b=19.0cm h=260.0cm L=446.5cm
    V230: b=19.0cm h=48.0cm L=402.0cm
    V231: b=19.0cm h=120.0cm L=455.0cm
    V232: b=19.0cm h=120.0cm L=455.0cm
    V233: b=19.0cm h=38.0cm L=455.0cm
    V234: b=19.0cm h=38.0cm L=630.0cm
    V235: b=19.0cm h=38.0cm L=455.0cm
    V236: b=19.0cm h=38.0cm L=180.0cm
    V237: b=19.0cm h=38.0cm L=180.0cm
    V238: b=19.0cm h=38.0cm L=180.0cm
    V239: b=19.0cm h=28.0cm L=688.0cm
    V240: b=19.0cm h=38.0cm L=688.0cm
    V241: b=19.0cm h=38.0cm L=688.0cm
    V242: b=19.0cm h=120.0cm L=462.0cm
    V243: b=19.0cm h=38.0cm L=319.5cm

=== LAJES ===
  lajes.json atualizado: 29 lajes
    L101: 244.0x122.0cm area=29768 [aux00-area-estimate]
    L102: 458.5x244.0cm area=111874 [aux00-area-estimate]
    L103: 178.0x122.0cm area=21716 [aux00-area-estimate]
    L104: 755.0x244.0cm area=184220 [aux00-area-estimate]
    L109: 244.0x242.0cm area=59048 [aux00-area-estimate]
    L111: 285.8x244.0cm area=69735 [aux00-area-estimate]
    L112: 152.0x91.5cm area=13908 [aux00-area-estimate]
    L115: 244.0x244.0cm area=59536 [aux00-area-estimate]
    L117: 366.0x229.0cm area=83814 [aux00-area-estimate]
    L118: 602.5x244.0cm area=147010 [aux00-area-estimate]
    L119: 362.2x244.0cm area=88377 [aux00-area-estimate]
    L121: 190.0x129.0cm area=24510 [aux00-area-estimate]
    L201: 418.0x440.0cm area=183920 [paineis-grid]
    L202: 206.5x440.0cm area=90860 [paineis-grid]
    L203: 151.5x402.0cm area=60903 [paineis-dimchain]
    L204: 415.5x402.0cm area=167031 [paineis-grid]
    L205: 380.0x531.0cm area=201780 [paineis-grid]
    L206: 415.5x122.0cm area=50691 [paineis-grid]
    L207: 220.5x180.0cm area=39690 [paineis-grid]
    L208: 575.5x144.0cm area=82872 [paineis-grid]
    L209: 405.0x71.5cm area=28958 [paineis-grid]
    L210: 726.0x152.0cm area=110352 [paineis-grid]
    L211: 418.0x472.0cm area=197296 [paineis-grid]
    L212: 206.5x444.5cm area=91789 [paineis-grid]
    L213: 378.0x406.5cm area=153657 [paineis-grid]
    L214: 101.0x260.0cm area=26260 [paineis-dimchain]
    L215: 726.0x459.0cm area=333234 [paineis-dimchain]
    L251: 100.0x100.0cm area=10000 [default]
    L252: 100.0x100.0cm area=10000 [default]

=== INTEGRACAO COMPLETA: 49 vigas + 29 lajes ===
  Proximos passos: python scripts/motor_fase4.py --obra D:\Agente-cad-PYSIDE\DADOS-OBRAS\Obra_TREINO_1
Lendo: ALIMONTI - PARAISO - TIPO - 3∞ AO 12∞ PAV.- PL - R00.dxf
Pilares (labels): 35
Gordos (Paineis h>3): 42
Dims Cota Secao (2x): 0
Pilares com gordo: 32
Fallback: pilares_bh.json (38 pilares)

=== B/H EXTRAIDOS DO STOG ===
  P1: B=38.0 H=132.0 [lwpoly-w-dim] conf=0.85 n_gordos=1
  P2: B=38.0 H=132.0 [lwpoly-w-dim] conf=0.85 n_gordos=1
  P3: B=38.0 H=132.0 [lwpoly-w-dim] conf=0.85 n_gordos=1
  P4: B=38.0 H=132.0 [lwpoly-w-dim] conf=0.85 n_gordos=1
  P5: B=38.0 H=132.0 [lwpoly-w-dim] conf=0.85 n_gordos=1
  P6: B=38.0 H=132.0 [lwpoly-w-dim] conf=0.85 n_gordos=1
  P7: B=38.0 H=132.0 [lwpoly-w-dim] conf=0.85 n_gordos=1
  P8: B=38.0 H=132.0 [lwpoly-w-dim] conf=0.85 n_gordos=1
  P9: B=7.0 H=208.0 [lwpoly-2faces] conf=0.92 n_gordos=2
  P10: B=38.0 H=120.0 [lwpoly-w-dim] conf=0.85 n_gordos=1
  P11: B=38.0 H=38.0 [lwpoly-square] conf=0.6 n_gordos=1
  P12: B=38.0 H=196.0 [lwpoly-w-dim] conf=0.85 n_gordos=1
  P13: B=38.0 H=196.0 [lwpoly-w-dim] conf=0.85 n_gordos=1
  P14: B=38.0 H=196.0 [lwpoly-w-dim] conf=0.85 n_gordos=1
  P15: B=38.0 H=200.0 [lwpoly-w-dim] conf=0.85 n_gordos=1
  P16: B=38.0 H=200.0 [lwpoly-w-dim] conf=0.85 n_gordos=1
  P17: B=30.0 H=97.0 [prev-inverse-prox] conf=0.7200000000000001 n_gordos=0
  P18: B=38.0 H=100.0 [lwpoly-w-dim] conf=0.85 n_gordos=1
  P19: B=38.0 H=38.0 [lwpoly-square] conf=0.6 n_gordos=1
  P20: B=38.0 H=172.0 [lwpoly-w-dim] conf=0.85 n_gordos=1
  P21: B=38.0 H=172.0 [lwpoly-w-dim] conf=0.85 n_gordos=1
  P22: B=38.0 H=172.0 [lwpoly-w-dim] conf=0.85 n_gordos=1
  P23: B=38.0 H=200.0 [lwpoly-w-dim] conf=0.85 n_gordos=1
  P24: B=38.0 H=38.0 [lwpoly-square] conf=0.6 n_gordos=1
  P25: B=38.0 H=38.0 [lwpoly-square] conf=0.6 n_gordos=1
  P26: B=19.0 H=81.0 [prev-inverse-prox] conf=0.7200000000000001 n_gordos=0
  P27: B=19.0 H=81.0 [prev-inverse-prox] conf=0.7200000000000001 n_gordos=0
  P28: B=7.0 H=7.0 [lwpoly-square] conf=0.6 n_gordos=2
  P29: B=7.0 H=132.0 [lwpoly-2faces] conf=0.92 n_gordos=3
  P30: B=7.0 H=132.0 [lwpoly-2faces] conf=0.92 n_gordos=3
  P31: B=7.0 H=132.0 [lwpoly-2faces] conf=0.92 n_gordos=3
  P32: B=7.0 H=132.0 [lwpoly-2faces] conf=0.92 n_gordos=3
  P33: B=38.0 H=38.0 [lwpoly-square] conf=0.6 n_gordos=1
  P34: B=38.0 H=38.0 [lwpoly-square] conf=0.6 n_gordos=1
  P35: B=38.0 H=38.0 [lwpoly-square] conf=0.6 n_gordos=1

  Salvo: D:\Agente-cad-PYSIDE\DADOS-OBRAS\Obra_TREINO_1\Fase-3_Interpretacao_Extracao\Pilares\pilares_bh_stog.json
  Proximo: python scripts/comparar_bh_stog_vs_gerado.py --obra D:\Agente-cad-PYSIDE\DADOS-OBRAS\Obra_TREINO_1
[INFO] === validar_score_pipeline.py | B/H Dimensional ===
[INFO] Pipeline:  pilares_bh.json (39 pilares)
[INFO] GT (STOG): pilares_bh_stog.json (36 pilares)

[RESULTADO] B/H DIMENSIONAL (toler‚ncia 10%)
  Total validados: 35
  Skipped (sem GT): 1
  Corretos: 3
  Falhos:   32
Traceback (most recent call last):
  File "D:\Agente-cad-PYSIDE\Agente-cad-PYSIDE-Restored-main\scripts\validar_score_pipeline.py", line 251, in <module>
    main()
    ~~~~^^
  File "D:\Agente-cad-PYSIDE\Agente-cad-PYSIDE-Restored-main\scripts\validar_score_pipeline.py", line 245, in main
    validate_bh(args.obra)
    ~~~~~~~~~~~^^^^^^^^^^^
  File "D:\Agente-cad-PYSIDE\Agente-cad-PYSIDE-Restored-main\scripts\validar_score_pipeline.py", line 157, in validate_bh
    print(f"    \u274c {f}")
    ~~~~~^^^^^^^^^^^^^^^
  File "C:\Python314\Lib\encodings\cp1252.py", line 19, in encode
    return codecs.charmap_encode(input,self.errors,encoding_table)[0]
           ~~~~~~~~~~~~~~~~~~~~~^^^^^^^^^^^^^^^^^^^^^^^^^^^^^^^^^^
UnicodeEncodeError: 'charmap' codec can't encode character '\u274c' in position 4: character maps to <undefined>
[INFO] === motor_fase4.py | Obra: Obra_TREINO_1 | Pav: 1PAV ===
[INFO] Carregado: D:\Agente-cad-PYSIDE\DADOS-OBRAS\Obra_TREINO_1\Fase-3_Interpretacao_Extracao\Pilares\pilares_bh.json (39 itens)
[INFO] Assembly data carregado: 35 pilares (pilares_assembly.json)
[INFO]   ‚úÖ Pilar P1: 74.0x60.0cm, h=280.0cm grade_1=88
[INFO]   ‚úÖ Pilar P2: 67.0x45.0cm, h=280.0cm grade_1=88
[INFO]   ‚úÖ Pilar P3: 56.0x48.0cm, h=280.0cm grade_1=88
[INFO]   ‚úÖ Pilar P4: 97.0x42.0cm, h=280.0cm grade_1=88
[INFO]   ‚úÖ Pilar P5: 56.0x46.0cm, h=280.0cm grade_1=88
[INFO]   ‚úÖ Pilar P6: 45.0x20.0cm, h=280.0cm grade_1=88
[INFO]   ‚úÖ Pilar P7: 94.0x66.0cm, h=280.0cm grade_1=88
[INFO]   ‚úÖ Pilar P8: 90.0x67.0cm, h=280.0cm grade_1=126
[INFO]   ‚úÖ Pilar P9: 56.0x38.0cm, h=280.0cm grade_1=82
[INFO]   ‚úÖ Pilar P10: 100.0x65.0cm, h=280.0cm grade_1=102
[INFO]   ‚úÖ Pilar P11: 97.0x30.0cm, h=280.0cm grade_1=102
[INFO]   ‚úÖ Pilar P12: 92.0x24.0cm, h=280.0cm grade_1=120
[INFO]   ‚úÖ Pilar P13: 92.0x24.0cm, h=280.0cm grade_1=120
[INFO]   ‚úÖ Pilar P15: 67.0x24.0cm, h=280.0cm grade_1=122
[INFO]   ‚úÖ Pilar P16: 94.0x24.0cm, h=280.0cm grade_1=122
[INFO]   ‚úÖ Pilar P17: 97.0x30.0cm, h=280.0cm grade_1=70
[INFO]   ‚úÖ Pilar P18: 97.0x72.0cm, h=280.0cm grade_1=72
[INFO]   ‚úÖ Pilar P19: 97.0x30.0cm, h=280.0cm grade_1=102
[INFO]   ‚úÖ Pilar P20: 50.0x24.0cm, h=280.0cm grade_1=108
[INFO]   ‚úÖ Pilar P21: 24.0x19.0cm, h=280.0cm grade_1=108
[INFO]   ‚úÖ Pilar P23: 67.0x45.0cm, h=280.0cm grade_1=122
[INFO]   ‚úÖ Pilar P24: 43.0x19.0cm, h=280.0cm grade_1=102
[INFO]   ‚úÖ Pilar P25: 97.0x34.0cm, h=280.0cm grade_1=122
[INFO]   ‚úÖ Pilar P26: 81.0x19.0cm, h=280.0cm grade_1=102
[INFO]   ‚úÖ Pilar P27: 81.0x19.0cm, h=280.0cm grade_1=88
[INFO]   ‚úÖ Pilar P28: 60.0x37.0cm, h=280.0cm grade_1=102
[INFO]   ‚úÖ Pilar P29: 97.0x80.0cm, h=280.0cm grade_1=88
[INFO]   ‚úÖ Pilar P30: 92.0x82.0cm, h=280.0cm grade_1=88
[INFO]   ‚úÖ Pilar P31: 82.0x38.0cm, h=280.0cm grade_1=88
[INFO]   ‚úÖ Pilar P32: 44.0x27.0cm, h=280.0cm grade_1=88
[INFO]   ‚úÖ Pilar P33: 64.0x44.0cm, h=280.0cm grade_1=122
[INFO]   ‚úÖ Pilar P34: 82.0x19.0cm, h=280.0cm grade_1=82
[INFO]   ‚úÖ Pilar P35: 44.0x41.0cm, h=280.0cm grade_1=82
[WARNING] Pilar P61: b=None, usando fallback b=34.0cm (mediana)
[INFO]   ‚úÖ Pilar P61: 34.0x26.0cm, h=280.0cm
[INFO]   ‚úÖ Pilar P62: 98.0x64.0cm, h=280.0cm
[INFO]   ‚úÖ Pilar P101: 82.0x24.0cm, h=280.0cm
[INFO]   ‚úÖ Pilar P102: 82.0x24.0cm, h=280.0cm
[INFO]   ‚úÖ Pilar P103: 82.0x19.0cm, h=280.0cm
[INFO] Pilares: 38 processados -> D:\Agente-cad-PYSIDE\DADOS-OBRAS\Obra_TREINO_1\Fase-4_Sincronizacao\pilares_salvos.json
[INFO] Carregado: D:\Agente-cad-PYSIDE\DADOS-OBRAS\Obra_TREINO_1\Fase-3_Interpretacao_Extracao\Vigas\vigas.json (50 itens)
[INFO]   ‚úÖ Viga V102: b=19.0cm, h=120.0cm, L=208.0cm -> A+B
[INFO]   ‚úÖ Viga V105: b=19.0cm, h=38.0cm, L=717.0cm -> A+B
[INFO]   ‚úÖ Viga V117: b=19.0cm, h=48.0cm, L=244.0cm -> A+B
[INFO]   ‚úÖ Viga V123: b=19.0cm, h=38.0cm, L=717.0cm -> A+B
[INFO]   ‚úÖ Viga V124: b=19.0cm, h=38.0cm, L=571.5cm -> A+B
[INFO]   ‚úÖ Viga V125: b=19.0cm, h=38.0cm, L=717.0cm -> A+B
[INFO]   ‚úÖ Viga V129: b=19.0cm, h=38.0cm, L=717.0cm -> A+B
[INFO]   ‚úÖ Viga V201: b=19.0cm, h=120.0cm, L=462.0cm -> A+B
[INFO]   ‚úÖ Viga V202: b=19.0cm, h=120.0cm, L=376.0cm -> A+B
[INFO]   ‚úÖ Viga V203: b=19.0cm, h=260.0cm, L=567.5cm -> A+B
[INFO]   ‚úÖ Viga V204: b=19.0cm, h=120.0cm, L=613.0cm -> A+B
[INFO]   ‚úÖ Viga V205: b=19.0cm, h=38.0cm, L=630.0cm -> A+B
[INFO]   ‚úÖ Viga V206: b=19.0cm, h=48.0cm, L=244.0cm -> A+B
[INFO]   ‚úÖ Viga V207: b=19.0cm, h=120.0cm, L=608.0cm -> A+B
[INFO]   ‚úÖ Viga V208: b=19.0cm, h=260.0cm, L=571.5cm -> A+B
[INFO]   ‚úÖ Viga V209: b=19.0cm, h=38.0cm, L=571.5cm -> A+B
[INFO]   ‚úÖ Viga V210: b=19.0cm, h=38.0cm, L=726.0cm -> A+B
[INFO]   ‚úÖ Viga V211: b=19.0cm, h=28.0cm, L=199.0cm -> A+B
[INFO]   ‚úÖ Viga V212: b=19.0cm, h=38.0cm, L=451.0cm -> A+B
[INFO]   ‚úÖ Viga V213: b=19.0cm, h=38.0cm, L=570.0cm -> A+B
[INFO]   ‚úÖ Viga V214: b=19.0cm, h=38.0cm, L=570.0cm -> A+B
[INFO]   ‚úÖ Viga V215: b=19.0cm, h=54.0cm, L=388.0cm -> A+B
[INFO]   ‚úÖ Viga V216: b=19.0cm, h=38.0cm, L=386.0cm -> A+B
[INFO]   ‚úÖ Viga V217: b=19.0cm, h=38.0cm, L=1093.8cm -> A+B
[INFO]   ‚úÖ Viga V218: b=19.0cm, h=38.0cm, L=732.0cm -> A+B
[INFO]   ‚úÖ Viga V219: b=19.0cm, h=38.0cm, L=1008.7cm -> A+B
[INFO]   ‚úÖ Viga V220: b=19.0cm, h=38.0cm, L=461.0cm -> A+B
[INFO]   ‚úÖ Viga V221: b=19.0cm, h=48.0cm, L=398.0cm -> A+B
[INFO]   ‚úÖ Viga V222: b=19.0cm, h=38.0cm, L=398.0cm -> A+B
[INFO]   ‚úÖ Viga V223: b=19.0cm, h=38.0cm, L=444.5cm -> A+B
[INFO]   ‚úÖ Viga V224: b=19.0cm, h=38.0cm, L=440.0cm -> A+B
[INFO]   ‚úÖ Viga V225: b=19.0cm, h=120.0cm, L=434.0cm -> A+B
[INFO]   ‚úÖ Viga V227: b=19.0cm, h=38.0cm, L=440.0cm -> A+B
[INFO]   ‚úÖ Viga V228: b=19.0cm, h=38.0cm, L=402.0cm -> A+B
[INFO]   ‚úÖ Viga V229: b=19.0cm, h=260.0cm, L=446.5cm -> A+B
[INFO]   ‚úÖ Viga V230: b=19.0cm, h=48.0cm, L=402.0cm -> A+B
[INFO]   ‚úÖ Viga V231: b=19.0cm, h=120.0cm, L=455.0cm -> A+B
[INFO]   ‚úÖ Viga V232: b=19.0cm, h=120.0cm, L=455.0cm -> A+B
[INFO]   ‚úÖ Viga V233: b=19.0cm, h=38.0cm, L=455.0cm -> A+B
[INFO]   ‚úÖ Viga V234: b=19.0cm, h=38.0cm, L=630.0cm -> A+B
[INFO]   ‚úÖ Viga V235: b=19.0cm, h=38.0cm, L=455.0cm -> A+B
[INFO]   ‚úÖ Viga V236: b=19.0cm, h=38.0cm, L=180.0cm -> A+B
[INFO]   ‚úÖ Viga V237: b=19.0cm, h=38.0cm, L=180.0cm -> A+B
[INFO]   ‚úÖ Viga V238: b=19.0cm, h=38.0cm, L=180.0cm -> A+B
[INFO]   ‚úÖ Viga V239: b=19.0cm, h=28.0cm, L=688.0cm -> A+B
[INFO]   ‚úÖ Viga V240: b=19.0cm, h=38.0cm, L=688.0cm -> A+B
[INFO]   ‚úÖ Viga V241: b=19.0cm, h=38.0cm, L=688.0cm -> A+B
[INFO]   ‚úÖ Viga V242: b=19.0cm, h=120.0cm, L=462.0cm -> A+B
[INFO]   ‚úÖ Viga V243: b=19.0cm, h=38.0cm, L=319.5cm -> A+B
[INFO] Vigas: 49 processadas -> D:\Agente-cad-PYSIDE\DADOS-OBRAS\Obra_TREINO_1\Fase-4_Sincronizacao\vigas_salvas.json
[INFO] Carregado: D:\Agente-cad-PYSIDE\DADOS-OBRAS\Obra_TREINO_1\Fase-3_Interpretacao_Extracao\Lajes\lajes.json (30 itens)
[INFO] [CAD-7.2] Pontaletes carregados: 23 lajes
[INFO]   ‚úÖ Laje L101: 244.0x122.0cm, 3 cortes
[INFO]   ‚úÖ Laje L102: 458.5x244.0cm, 5 cortes
[INFO]   ‚úÖ Laje L103: 178.0x122.0cm, 2 cortes
[INFO]   ‚úÖ Laje L104: 755.0x244.0cm, 8 cortes
[INFO]   ‚úÖ Laje L109: 244.0x242.0cm, 3 cortes
[INFO]   ‚úÖ Laje L111: 285.8x244.0cm, 3 cortes
[INFO]   ‚úÖ Laje L112: 152.0x91.5cm, 2 cortes
[INFO]   ‚úÖ Laje L115: 244.0x244.0cm, 3 cortes
[INFO]   ‚úÖ Laje L117: 366.0x229.0cm, 4 cortes
[INFO]   ‚úÖ Laje L118: 602.5x244.0cm, 7 cortes
[INFO]   ‚úÖ Laje L119: 362.2x244.0cm, 4 cortes
[INFO]   ‚úÖ Laje L121: 190.0x129.0cm, 2 cortes
[INFO]   ‚úÖ Laje L201: 418.0x440.0cm, 5 cortes
[INFO]   ‚úÖ Laje L202: 206.5x440.0cm, 3 cortes
[INFO]   ‚úÖ Laje L203: 151.5x402.0cm, 2 cortes
[INFO]   ‚úÖ Laje L204: 415.5x402.0cm, 5 cortes
[INFO]   ‚úÖ Laje L205: 380.0x531.0cm, 4 cortes
[INFO]   ‚úÖ Laje L206: 415.5x122.0cm, 5 cortes
[INFO]   ‚úÖ Laje L207: 220.5x180.0cm, 3 cortes
[INFO]   ‚úÖ Laje L208: 575.5x144.0cm, 6 cortes
[INFO]   ‚úÖ Laje L209: 405.0x71.5cm, 5 cortes
[INFO]   ‚úÖ Laje L210: 726.0x152.0cm, 8 cortes
[INFO]   ‚úÖ Laje L211: 418.0x472.0cm, 5 cortes
[INFO]   ‚úÖ Laje L212: 206.5x444.5cm, 3 cortes
[INFO]   ‚úÖ Laje L213: 378.0x406.5cm, 4 cortes
[INFO]   ‚úÖ Laje L214: 101.0x260.0cm, 2 cortes
[INFO]   ‚úÖ Laje L215: 726.0x459.0cm, 8 cortes
[INFO]   ‚úÖ Laje L251: 100.0x100.0cm, 1 cortes
[INFO]   ‚úÖ Laje L252: 100.0x100.0cm, 1 cortes
[INFO] Lajes: 29 processadas -> D:\Agente-cad-PYSIDE\DADOS-OBRAS\Obra_TREINO_1\Fase-4_Sincronizacao\lajes_salvas.json
[INFO] obras_salvas.json: 38 pilares ‚Üí D:\Agente-cad-PYSIDE\DADOS-OBRAS\Obra_TREINO_1\Fase-4_Sincronizacao\obras_salvas.json
[INFO] === RESULTADO: 38 pilares, 49 vigas, 29 lajes | 0 erros ===
[INFO] === RELAT√ìRIO DE COMPLETUDE SA ===
[INFO]   PL: 38 itens | m√©dia=100.0% | abaixo_80%=0
[INFO]   LV: 98 itens | m√©dia=100.0% | abaixo_80%=0
[INFO]   FV: 49 itens | m√©dia=100.0% | abaixo_80%=0
[INFO]   LJ: 29 itens | m√©dia=100.0% | abaixo_80%=0
[INFO] ==================================
  pilares_bh.json: 39 pilares

=== GERANDO DXF PILARES (38 pilares) ===
  P1: b=60 h=74 paineis=12 alt=280cm [BH-extraido]
  P10: b=65 h=100 paineis=12 alt=280cm [BH-extraido]
  P101: b=24 h=82 paineis=12 alt=280cm [BH-extraido]
  P102: b=24 h=82 paineis=12 alt=280cm [BH-extraido]
  P103: b=19 h=82 paineis=12 alt=280cm [BH-extraido]
  P11: b=30 h=97 paineis=12 alt=280cm [BH-extraido]
  P12: b=24 h=92 paineis=12 alt=280cm [BH-extraido]
  P13: b=24 h=92 paineis=12 alt=280cm [BH-extraido]
  P15: b=24 h=67 paineis=12 alt=280cm [BH-extraido]
  P16: b=24 h=94 paineis=12 alt=280cm [BH-extraido]
  P17: b=30 h=97 paineis=12 alt=280cm [BH-extraido]
  P18: b=72 h=97 paineis=12 alt=280cm [BH-extraido]
  P19: b=30 h=97 paineis=12 alt=280cm [BH-extraido]
  P2: b=45 h=67 paineis=12 alt=280cm [BH-extraido]
  P20: b=24 h=50 paineis=12 alt=280cm [BH-extraido]
  P21: b=19 h=24 paineis=12 alt=280cm [BH-extraido]
  P23: b=45 h=67 paineis=12 alt=280cm [BH-extraido]
  P24: b=19 h=43 paineis=12 alt=280cm [BH-extraido]
  P25: b=34 h=97 paineis=12 alt=280cm [BH-extraido]
  P26: b=19 h=81 paineis=12 alt=280cm [BH-extraido]
  P27: b=19 h=81 paineis=12 alt=280cm [BH-extraido]
  P28: b=37 h=60 paineis=12 alt=280cm [BH-extraido]
  P29: b=80 h=97 paineis=12 alt=280cm [BH-extraido]
  P3: b=48 h=56 paineis=12 alt=280cm [BH-extraido]
  P30: b=82 h=92 paineis=12 alt=280cm [BH-extraido]
  P31: b=38 h=82 paineis=12 alt=280cm [BH-extraido]
  P32: b=27 h=44 paineis=12 alt=280cm [BH-extraido]
  P33: b=44 h=64 paineis=12 alt=280cm [BH-extraido]
  P34: b=19 h=82 paineis=12 alt=280cm [BH-extraido]
  P35: b=41 h=44 paineis=12 alt=280cm [BH-extraido]
  P4: b=42 h=97 paineis=12 alt=280cm [BH-extraido]
  P5: b=46 h=56 paineis=12 alt=280cm [BH-extraido]
  P6: b=20 h=45 paineis=12 alt=280cm [BH-extraido]
  P61: b=30 h=26 paineis=12 alt=280cm [BH-extraido]
  P62: b=64 h=98 paineis=12 alt=280cm [BH-extraido]
  P7: b=66 h=94 paineis=12 alt=280cm [BH-extraido]
  P8: b=67 h=90 paineis=12 alt=280cm [BH-extraido]
  P9: b=38 h=56 paineis=12 alt=280cm [BH-extraido]

=== RESULTADO: 38 DXFs gerados | 0 erros ===
  Relatorio: D:\Agente-cad-PYSIDE\DADOS-OBRAS\Obra_TREINO_1\Fase-5_Geracao_Scripts\DXF_Pilares\_relatorio.json
  DXFs em: D:\Agente-cad-PYSIDE\DADOS-OBRAS\Obra_TREINO_1\Fase-5_Geracao_Scripts\DXF_Pilares

  Proximo: python scripts/comparar_dxf_pilares.py --obra D:\Agente-cad-PYSIDE\DADOS-OBRAS\Obra_TREINO_1

=== GERANDO DXF VIGAS (49 vigas) ===
  V102: b=19 h=120 L=208cm | paineis A=2 B=2 F=2
  V105: b=19 h=38 L=717cm | paineis A=6 B=6 F=6
  V117: b=19 h=48 L=244cm | paineis A=3 B=3 F=3
  V123: b=19 h=38 L=717cm | paineis A=6 B=6 F=6
  V124: b=19 h=38 L=572cm | paineis A=5 B=5 F=5
  V125: b=19 h=38 L=717cm | paineis A=6 B=6 F=6
  V129: b=19 h=38 L=717cm | paineis A=6 B=6 F=6
  V201: b=19 h=120 L=462cm | paineis A=4 B=4 F=4
  V202: b=19 h=120 L=376cm | paineis A=4 B=4 F=4
  V203: b=19 h=260 L=568cm | paineis A=5 B=5 F=5
  V204: b=19 h=120 L=613cm | paineis A=6 B=6 F=6
  V205: b=19 h=38 L=630cm | paineis A=6 B=6 F=6
  V206: b=19 h=48 L=244cm | paineis A=3 B=3 F=3
  V207: b=19 h=120 L=608cm | paineis A=6 B=6 F=6
  V208: b=19 h=260 L=572cm | paineis A=5 B=5 F=5
  V209: b=19 h=38 L=572cm | paineis A=5 B=5 F=5
  V210: b=19 h=38 L=726cm | paineis A=7 B=7 F=7
  V211: b=19 h=28 L=199cm | paineis A=2 B=2 F=2
  V212: b=19 h=38 L=451cm | paineis A=4 B=4 F=4
  V213: b=19 h=38 L=570cm | paineis A=5 B=5 F=5
  V214: b=19 h=38 L=570cm | paineis A=5 B=5 F=5
  V215: b=19 h=54 L=388cm | paineis A=4 B=4 F=4
  V216: b=19 h=38 L=386cm | paineis A=4 B=4 F=4
  V217: b=19 h=38 L=1094cm | paineis A=10 B=10 F=10
  V218: b=19 h=38 L=732cm | paineis A=7 B=7 F=7
  V219: b=19 h=38 L=1009cm | paineis A=9 B=9 F=9
  V220: b=19 h=38 L=461cm | paineis A=4 B=4 F=4
  V221: b=19 h=48 L=398cm | paineis A=4 B=4 F=4
  V222: b=19 h=38 L=398cm | paineis A=4 B=4 F=4
  V223: b=19 h=38 L=444cm | paineis A=4 B=4 F=4
  V224: b=19 h=38 L=440cm | paineis A=4 B=4 F=4
  V225: b=19 h=120 L=434cm | paineis A=4 B=4 F=4
  V227: b=19 h=38 L=440cm | paineis A=4 B=4 F=4
  V228: b=19 h=38 L=402cm | paineis A=4 B=4 F=4
  V229: b=19 h=260 L=446cm | paineis A=4 B=4 F=4
  V230: b=19 h=48 L=402cm | paineis A=4 B=4 F=4
  V231: b=19 h=120 L=455cm | paineis A=4 B=4 F=4
  V232: b=19 h=120 L=455cm | paineis A=4 B=4 F=4
  V233: b=19 h=38 L=455cm | paineis A=4 B=4 F=4
  V234: b=19 h=38 L=630cm | paineis A=6 B=6 F=6
  V235: b=19 h=38 L=455cm | paineis A=4 B=4 F=4
  V236: b=19 h=38 L=180cm | paineis A=2 B=2 F=2
  V237: b=19 h=38 L=180cm | paineis A=2 B=2 F=2
  V238: b=19 h=38 L=180cm | paineis A=2 B=2 F=2
  V239: b=19 h=28 L=688cm | paineis A=6 B=6 F=6
  V240: b=19 h=38 L=688cm | paineis A=6 B=6 F=6
  V241: b=19 h=38 L=688cm | paineis A=6 B=6 F=6
  V242: b=19 h=120 L=462cm | paineis A=4 B=4 F=4
  V243: b=19 h=38 L=320cm | paineis A=3 B=3 F=3

=== RESULTADO: 49 DXFs gerados | 0 erros ===
  Relatorio: D:\Agente-cad-PYSIDE\DADOS-OBRAS\Obra_TREINO_1\Fase-5_Geracao_Scripts\DXF_Vigas\_relatorio.json
  DXFs em: D:\Agente-cad-PYSIDE\DADOS-OBRAS\Obra_TREINO_1\Fase-5_Geracao_Scripts\DXF_Vigas

  Proximo: python scripts/comparar_dxf_vigas.py --obra D:\Agente-cad-PYSIDE\DADOS-OBRAS\Obra_TREINO_1

=== GERANDO DXF LAJES (29 lajes) ===
  L101: 244.0x122.0cm paineis=4x1 area=29768cm2
  L102: 458.5x244.0cm paineis=6x1 area=111874cm2
  L103: 178.0x122.0cm paineis=3x1 area=21716cm2
  L104: 755.0x244.0cm paineis=9x1 area=184220cm2
  L109: 244.0x242.0cm paineis=4x1 area=59048cm2
  L111: 285.8x244.0cm paineis=4x1 area=69735cm2
  L112: 152.0x91.5cm paineis=3x1 area=13908cm2
  L115: 244.0x244.0cm paineis=4x1 area=59536cm2
  L117: 366.0x229.0cm paineis=5x1 area=83814cm2
  L118: 602.5x244.0cm paineis=8x1 area=147010cm2
  L119: 362.2x244.0cm paineis=5x1 area=88377cm2
  L121: 190.0x129.0cm paineis=3x1 area=24510cm2
  L201: 418.0x440.0cm paineis=6x1 area=183920cm2
  L202: 206.5x440.0cm paineis=4x1 area=90860cm2
  L203: 151.5x402.0cm paineis=3x1 area=60903cm2
  L204: 415.5x402.0cm paineis=6x1 area=167031cm2
  L205: 380.0x531.0cm paineis=5x1 area=201780cm2
  L206: 415.5x122.0cm paineis=6x1 area=50691cm2
  L207: 220.5x180.0cm paineis=4x1 area=39690cm2
  L208: 575.5x144.0cm paineis=7x1 area=82872cm2
  L209: 405.0x71.5cm paineis=6x1 area=28958cm2
  L210: 726.0x152.0cm paineis=9x1 area=110352cm2
  L211: 418.0x472.0cm paineis=6x1 area=197296cm2
  L212: 206.5x444.5cm paineis=4x1 area=91789cm2
  L213: 378.0x406.5cm paineis=5x1 area=153657cm2
  L214: 101.0x260.0cm paineis=3x1 area=26260cm2
  L215: 726.0x459.0cm paineis=9x1 area=333234cm2
  L251: 100.0x100.0cm paineis=2x1 area=10000cm2
  L252: 100.0x100.0cm paineis=2x1 area=10000cm2

=== RESULTADO: 29 DXFs gerados | 0 erros ===
  Relatorio: D:\Agente-cad-PYSIDE\DADOS-OBRAS\Obra_TREINO_1\Fase-5_Geracao_Scripts\DXF_Lajes\_relatorio.json
  DXFs em: D:\Agente-cad-PYSIDE\DADOS-OBRAS\Obra_TREINO_1\Fase-5_Geracao_Scripts\DXF_Lajes

  Proximo: python scripts/comparar_dxf.py --obra D:\Agente-cad-PYSIDE\DADOS-OBRAS\Obra_TREINO_1
Processando 38 pilares [pavimento completo] (3 zones: ABCD/CIMA/GRADES)
  ABCD zone: X=-7000
  CIMA zone: X=0
  GRADES zone: X=4000

  [ 1] P1: 74.0x60.0cm h=280cm  entities=176
  [ 2] P2: 67.0x45.0cm h=280cm  entities=176
  [ 3] P3: 56.0x48.0cm h=280cm  entities=176
  [ 4] P4: 97.0x42.0cm h=280cm  entities=176
  [ 5] P5: 56.0x46.0cm h=280cm  entities=176
  [ 6] P6: 45.0x20.0cm h=280cm  entities=159
  [ 7] P7: 94.0x66.0cm h=280cm  entities=176
  [ 8] P8: 90.0x67.0cm h=280cm  entities=176
  [ 9] P9: 56.0x38.0cm h=280cm  entities=171
  [10] P10: 100.0x65.0cm h=280cm  entities=176
  [11] P11: 97.0x30.0cm h=280cm  entities=171
  [12] P12: 92.0x24.0cm h=280cm  entities=169
  [13] P13: 92.0x24.0cm h=280cm  entities=169
  [14] P15: 67.0x24.0cm h=280cm  entities=169
  [15] P16: 94.0x24.0cm h=280cm  entities=169
  [16] P17: 97.0x30.0cm h=280cm  entities=171
  [17] P18: 97.0x72.0cm h=280cm  entities=176
  [18] P19: 97.0x30.0cm h=280cm  entities=171
  [19] P20: 50.0x24.0cm h=280cm  entities=159
  [20] P21: 24.0x19.0cm h=280cm  entities=152
  [21] P23: 67.0x45.0cm h=280cm  entities=176
  [22] P24: 43.0x19.0cm h=280cm  entities=159
  [23] P25: 97.0x34.0cm h=280cm  entities=171
  [24] P26: 81.0x19.0cm h=280cm  entities=169
  [25] P27: 81.0x19.0cm h=280cm  entities=169
  [26] P28: 60.0x37.0cm h=280cm  entities=171
  [27] P29: 97.0x80.0cm h=280cm  entities=176
  [28] P30: 92.0x82.0cm h=280cm  entities=176
  [29] P31: 82.0x38.0cm h=280cm  entities=171
  [30] P32: 44.0x27.0cm h=280cm  entities=159
  [31] P33: 64.0x44.0cm h=280cm  entities=176
  [32] P34: 82.0x19.0cm h=280cm  entities=169
  [33] P35: 44.0x41.0cm h=280cm  entities=166
  [34] P61: 34.0x26.0cm h=280cm  entities=104
  [35] P62: 98.0x64.0cm h=280cm  entities=126
  [36] P101: 82.0x24.0cm h=280cm  entities=119
  [37] P102: 82.0x24.0cm h=280cm  entities=119
  [38] P103: 82.0x19.0cm h=280cm  entities=119
  [ADAPTIVE] +6 sentinel(s): ['CARIMBO', 'NIVEL 2¬∞ PAV.', 'SARR_7x7', 'SARR_EDITAR', 'Sarr 2.2x7', 'Texto N√≠vel']
  [PRUNE] 155 entidades removidas (layers fora do STOG PL)

Total entities: 6209
DXF: D:\Agente-cad-PYSIDE\DADOS-OBRAS\Obra_TREINO_1\Fase-6_Execucao_CAD\PL_stog_quality.dxf
Preview: D:\Agente-cad-PYSIDE\DADOS-OBRAS\Obra_TREINO_1\Fase-6_Execucao_CAD\PL_stog_quality.png
Processando 49 vigas laterais -> LV_stog_quality.dxf
  [SKIP-LAYERS] pulando layers ausentes no STOG: ['SCO-___-LAJ', 'TENSOR', 'barrote', 'presilha']
  V217    : comp=1094cm  h_A=23  h_B=10  b=19  paineis=10  widths=[120,120,120,120,120,120,120,120,120,14]
  V219    : comp=1009cm  h_A=23  h_B=10  b=19  paineis=9  widths=[120,120,120,120,120,120,120,120,49]
  V218    : comp=732cm  h_A=23  h_B=10  b=19  paineis=7  widths=[120,120,120,120,120,120,12]
  V210    : comp=726cm  h_A=23  h_B=10  b=19  paineis=7  widths=[120,120,120,120,120,120,6]
  V105    : comp=717cm  h_A=23  h_B=10  b=19  paineis=6  widths=[120,120,120,120,120,117]
  V123    : comp=717cm  h_A=23  h_B=10  b=19  paineis=6  widths=[120,120,120,120,120,117]
  V125    : comp=717cm  h_A=23  h_B=10  b=19  paineis=6  widths=[120,120,120,120,120,117]
  V129    : comp=717cm  h_A=23  h_B=10  b=19  paineis=6  widths=[120,120,120,120,120,117]
  V239    : comp=688cm  h_A=18  h_B=10  b=19  paineis=6  widths=[120,120,120,120,120,88]
  V240    : comp=688cm  h_A=23  h_B=10  b=19  paineis=6  widths=[120,120,120,120,120,88]
  V241    : comp=688cm  h_A=23  h_B=10  b=19  paineis=6  widths=[120,120,120,120,120,88]
  V205    : comp=630cm  h_A=23  h_B=10  b=19  paineis=6  widths=[120,120,120,120,120,30]
  V234    : comp=630cm  h_A=23  h_B=10  b=19  paineis=6  widths=[120,120,120,120,120,30]
  V204    : comp=613cm  h_A=64  h_B=50  b=19  paineis=6  widths=[120,120,120,120,120,13]
  V207    : comp=608cm  h_A=64  h_B=50  b=19  paineis=6  widths=[120,120,120,120,120,8]
  V124    : comp=572cm  h_A=23  h_B=10  b=19  paineis=5  widths=[120,120,120,120,92]
  V208    : comp=572cm  h_A=134  h_B=120  b=19  paineis=5  widths=[120,120,120,120,92]
  V209    : comp=572cm  h_A=23  h_B=10  b=19  paineis=5  widths=[120,120,120,120,92]
  V213    : comp=570cm  h_A=23  h_B=10  b=19  paineis=5  widths=[120,120,120,120,90]
  V214    : comp=570cm  h_A=23  h_B=10  b=19  paineis=5  widths=[120,120,120,120,90]
  V203    : comp=568cm  h_A=134  h_B=120  b=19  paineis=5  widths=[120,120,120,120,88]
  V201    : comp=462cm  h_A=64  h_B=50  b=19  paineis=4  widths=[120,120,120,102]
  V242    : comp=462cm  h_A=64  h_B=50  b=19  paineis=4  widths=[120,120,120,102]
  V220    : comp=461cm  h_A=23  h_B=10  b=19  paineis=4  widths=[120,120,120,101]
  V231    : comp=455cm  h_A=64  h_B=50  b=19  paineis=4  widths=[120,120,120,95]
  V232    : comp=455cm  h_A=64  h_B=50  b=19  paineis=4  widths=[120,120,120,95]
  V233    : comp=455cm  h_A=23  h_B=10  b=19  paineis=4  widths=[120,120,120,95]
  V235    : comp=455cm  h_A=23  h_B=10  b=19  paineis=4  widths=[120,120,120,95]
  V212    : comp=451cm  h_A=23  h_B=10  b=19  paineis=4  widths=[120,120,120,91]
  V229    : comp=446cm  h_A=134  h_B=120  b=19  paineis=4  widths=[120,120,120,86]
  V223    : comp=444cm  h_A=23  h_B=10  b=19  paineis=4  widths=[120,120,120,84]
  V224    : comp=440cm  h_A=23  h_B=10  b=19  paineis=4  widths=[120,120,120,80]
  V227    : comp=440cm  h_A=23  h_B=10  b=19  paineis=4  widths=[120,120,120,80]
  V225    : comp=434cm  h_A=64  h_B=50  b=19  paineis=4  widths=[120,120,120,74]
  V228    : comp=402cm  h_A=23  h_B=10  b=19  paineis=4  widths=[120,120,120,42]
  V230    : comp=402cm  h_A=28  h_B=14  b=19  paineis=4  widths=[120,120,120,42]
  V221    : comp=398cm  h_A=28  h_B=14  b=19  paineis=4  widths=[120,120,120,38]
  V222    : comp=398cm  h_A=23  h_B=10  b=19  paineis=4  widths=[120,120,120,38]
  V215    : comp=388cm  h_A=31  h_B=17  b=19  paineis=4  widths=[120,120,120,28]
  V216    : comp=386cm  h_A=23  h_B=10  b=19  paineis=4  widths=[120,120,120,26]
  V202    : comp=376cm  h_A=64  h_B=50  b=19  paineis=4  widths=[120,120,120,16]
  V243    : comp=320cm  h_A=23  h_B=10  b=19  paineis=3  widths=[120,120,80]
  V117    : comp=244cm  h_A=28  h_B=14  b=19  paineis=3  widths=[120,120,4]
  V206    : comp=244cm  h_A=28  h_B=14  b=19  paineis=3  widths=[120,120,4]
  V102    : comp=208cm  h_A=64  h_B=50  b=19  paineis=2  widths=[120,88]
  V211    : comp=199cm  h_A=18  h_B=10  b=19  paineis=2  widths=[120,79]
  V236    : comp=180cm  h_A=23  h_B=10  b=19  paineis=2  widths=[120,60]
  V237    : comp=180cm  h_A=23  h_B=10  b=19  paineis=2  widths=[120,60]
  V238    : comp=180cm  h_A=23  h_B=10  b=19  paineis=2  widths=[120,60]
  [ADAPTIVE] +5 sentinel(s): ['Cotas', 'REAPROVEITAMENTO', 'SARRAFO DE PRESSAO', 'SARR_EDITAR', 'TEXTO PILAR']
  [PRUNE] 404 entidades removidas (layers fora do STOG LV)

DXF: D:\Agente-cad-PYSIDE\DADOS-OBRAS\Obra_TREINO_1\Fase-6_Execucao_CAD\LV_stog_quality.dxf
Preview: D:\Agente-cad-PYSIDE\DADOS-OBRAS\Obra_TREINO_1\Fase-6_Execucao_CAD\LV_stog_quality.png
[FV-FILTER] Apenas 1 valor de b=19.0cm ‚Äî sem filtro.
Processando 49 vigas -> 29 fileiras
  V217    : 1094x19cm  row=0
  V219    : 1009x19cm  row=1
  V218    : 732x19cm  row=2
  V210    : 726x19cm  row=3
  V105    : 717x19cm  row=4
  V123    : 717x19cm  row=5
  V125    : 717x19cm  row=6
  V129    : 717x19cm  row=7
  V239    : 688x19cm  row=8
  V240    : 688x19cm  row=9
  V241    : 688x19cm  row=10
  V205    : 630x19cm  row=11
  V234    : 630x19cm  row=12
  V204    : 613x19cm  row=13
  V207    : 608x19cm  row=14
  V124    : 572x19cm  row=14
  V208    : 572x19cm  row=15
  V209    : 572x19cm  row=15
  V213    : 570x19cm  row=16
  V214    : 570x19cm  row=16
  V203    : 568x19cm  row=17
  V201    : 462x19cm  row=17
  V242    : 462x19cm  row=18
  V220    : 461x19cm  row=18
  V231    : 455x19cm  row=19
  V232    : 455x19cm  row=19
  V233    : 455x19cm  row=20
  V235    : 455x19cm  row=20
  V212    : 451x19cm  row=21
  V229    : 446x19cm  row=21
  V223    : 444x19cm  row=22
  V224    : 440x19cm  row=22
  V227    : 440x19cm  row=23
  V225    : 434x19cm  row=23
  V228    : 402x19cm  row=24
  V230    : 402x19cm  row=24
  V221    : 398x19cm  row=25
  V222    : 398x19cm  row=25
  V215    : 388x19cm  row=26
  V216    : 386x19cm  row=26
  V202    : 376x19cm  row=26
  V243    : 320x19cm  row=27
  V117    : 244x19cm  row=27
  V206    : 244x19cm  row=27
  V102    : 208x19cm  row=27
  V211    : 199x19cm  row=28
  V236    : 180x19cm  row=28
  V237    : 180x19cm  row=28
  V238    : 180x19cm  row=28
  [ADAPTIVE] +2 sentinel(s): ['00 - FELIPE', 'SARR_EDITAR']
  [PRUNE] 303 entidades removidas (layers fora do STOG FV)

DXF: D:\Agente-cad-PYSIDE\DADOS-OBRAS\Obra_TREINO_1\Fase-6_Execucao_CAD\FV_stog_quality.dxf
Preview: D:\Agente-cad-PYSIDE\DADOS-OBRAS\Obra_TREINO_1\Fase-6_Execucao_CAD\FV_stog_quality.png
Processando 29 lajes -> LJ_stog_quality.dxf  (mode=planta)
  [ 1] L101: 244x122cm  pos=(0,0)  panels=4
  [ 2] L102: 458x244cm  pos=(0,0)  panels=6
  [ 3] L103: 178x122cm  pos=(0,0)  panels=3
  [ 4] L104: 755x244cm  pos=(0,0)  panels=9
  [ 5] L109: 244x242cm  pos=(0,0)  panels=4
  [ 6] L111: 286x244cm  pos=(0,0)  panels=4
  [ 7] L112: 152x92cm  pos=(0,0)  panels=3
  [ 8] L115: 244x244cm  pos=(0,0)  panels=4
  [ 9] L117: 366x229cm  pos=(0,0)  panels=5
  [10] L118: 602x244cm  pos=(0,0)  panels=8
  [11] L119: 362x244cm  pos=(0,0)  panels=5
  [12] L121: 190x129cm  pos=(0,0)  panels=3
  [13] L201: 418x440cm  pos=(0,0)  panels=6
  [14] L202: 206x440cm  pos=(0,0)  panels=4
  [15] L203: 152x402cm  pos=(0,0)  panels=3
  [16] L204: 416x402cm  pos=(0,0)  panels=6
  [17] L205: 380x531cm  pos=(0,0)  panels=5
  [18] L206: 416x122cm  pos=(0,0)  panels=6
  [19] L207: 220x180cm  pos=(0,0)  panels=4
  [20] L208: 576x144cm  pos=(0,0)  panels=7
  [21] L209: 405x72cm  pos=(0,0)  panels=6
  [22] L210: 726x152cm  pos=(0,0)  panels=9
  [23] L211: 418x472cm  pos=(0,0)  panels=6
  [24] L212: 206x444cm  pos=(0,0)  panels=4
  [25] L213: 378x406cm  pos=(0,0)  panels=5
  [26] L214: 101x260cm  pos=(0,0)  panels=3
  [27] L215: 726x459cm  pos=(0,0)  panels=9
  [28] L251: 100x100cm  pos=(0,0)  panels=2
  [29] L252: 100x100cm  pos=(0,0)  panels=2
  Pilars drawn: 14
  [ADAPTIVE] +2 sentinel(s): ['1', 'REAPROVEITAMENTO']
  [PRUNE] 1 entidades removidas (layers fora do STOG LJ)

DXF (planta): D:\Agente-cad-PYSIDE\DADOS-OBRAS\Obra_TREINO_1\Fase-6_Execucao_CAD\LJ_stog_quality.dxf
Total panels: 145

=== Entity Summary (2270 total) ===
  9                           1069
  3                            489
  Pain√©is                      289
  4                            261
  AUX00                        116
  Hachura                       29
  7                             14
  0                              1
  1                              1
  REAPROVEITAMENTO               1

=== Types ===
  LINE                   1402
  TEXT                    391
  DIMENSION               173
  LWPOLYLINE              159
  MTEXT                   116
  HATCH                    29

=== COMPARADOR DXF vs. GROUND TRUTH (tol=5.0%) ===

--- PILARES ---
  Match rate: 97.4% (37/38)
  Erro mÈdio: 0.2%
  DIFF P61: ref B=0.0 H=26.0 | gen B=26.0 H=30.0 | err=7.7%

--- VIGAS ---
  Match rate: 100.0% (49/49)
  Erro mÈdio: 0.0%

--- LAJES ---
  Match rate: 100.0% (29/29)
  Erro mÈdio: 0.0%

=== SCORE GERAL: 99.1% (PASS | meta: 75.0%) ===
  Pilares: 97.4% | Vigas: 100.0% | Lajes: 100.0%

  Relatorio: D:\Agente-cad-PYSIDE\DADOS-OBRAS\Obra_TREINO_1\Fase-5_Geracao_Scripts\_relatorio_comparacao.json
[INFO] === extrair_ancoras_dxf.py | Obra_TREINO_1 | 1PAV ===
[INFO] PL DXF: ALIMONTI - PARAISO - 1∞ PAV.- PL - R00.dxf
[INFO] Pilares: 38 ancoras extraidas do PL DXF
[INFO] Salvo: D:\Agente-cad-PYSIDE\DADOS-OBRAS\Obra_TREINO_1\Fase-3_Interpretacao_Extracao\ancoras_pilares.json (38 pilares)
[INFO] LV DXF: ALIMONTI - PARAISO - 1∞ PAV.- LV - R00.dxf
[INFO] Vigas: 49 ancoras extraidas do LV DXF
[INFO] Salvo: D:\Agente-cad-PYSIDE\DADOS-OBRAS\Obra_TREINO_1\Fase-3_Interpretacao_Extracao\ancoras_vigas.json (49 vigas)
[INFO] LJ DXF: ALIMONTI - PARAISO - 1∞ PAV.- LJ - R01.dxf
[INFO] Lajes: 17 ancoras extraidas do LJ DXF
[INFO] Salvo: D:\Agente-cad-PYSIDE\DADOS-OBRAS\Obra_TREINO_1\Fase-3_Interpretacao_Extracao\ancoras_lajes.json (17 lajes)

[RESULTADO]
  Pilares: 38 ancoras
  Vigas:   49 ancoras
  Lajes:   17 ancoras

  STATUS: OK (cobertura suficiente)
[INFO] === consolidar_dxf_pilares.py | Obra_TREINO_1 | 1PAV ===
  P1: ancora=(6329,10794) offset=(6150,10654) [18 ents]
  P2: ancora=(7389,10781) offset=(7232,10641) [18 ents]
  P3: ancora=(8520,10793) offset=(8371,10653) [18 ents]
  P4: ancora=(5341,10012) offset=(5157,9872) [18 ents]
  P5: ancora=(6411,9998) offset=(6264,9858) [18 ents]
  P6: ancora=(7343,10838) offset=(7233,10698) [18 ents]
  P7: ancora=(8520,9969) offset=(8315,9829) [18 ents]
  P8: ancora=(5397,9261) offset=(5195,9121) [18 ents]
  P9: ancora=(6550,9255) offset=(6411,9115) [18 ents]
  P10: ancora=(8231,3499) offset=(8021,3359) [18 ents]
  P11: ancora=(8734,12121) offset=(8562,11981) [18 ents]
  P12: ancora=(3969,10973) offset=(3808,10833) [18 ents]
  P13: ancora=(5567,10973) offset=(5406,10833) [18 ents]
  P15: ancora=(7137,10973) offset=(7001,10833) [18 ents]
  P16: ancora=(8728,10973) offset=(8565,10833) [18 ents]
  P17: ancora=(3985,9824) offset=(3813,9684) [18 ents]
  P18: ancora=(5554,9824) offset=(5340,9684) [18 ents]
  P19: ancora=(7149,9824) offset=(6977,9684) [18 ents]
  P20: ancora=(8737,9824) offset=(8618,9684) [18 ents]
  P21: ancora=(3969,8676) offset=(3881,8536) [18 ents]
  P23: ancora=(5552,8676) offset=(5395,8536) [18 ents]
  P24: ancora=(7155,8676) offset=(7048,8536) [18 ents]
  P25: ancora=(8575,6935) offset=(8399,6795) [18 ents]
  P26: ancora=(5996,7527) offset=(5851,7387) [18 ents]
  P27: ancora=(4397,6379) offset=(4252,6239) [18 ents]
  P28: ancora=(7676,5428) offset=(7534,5288) [18 ents]
  P29: ancora=(8425,5408) offset=(8203,5268) [18 ents]
  P30: ancora=(4968,4892) offset=(4749,4752) [18 ents]
  P31: ancora=(6195,4882) offset=(6030,4742) [18 ents]
  P32: ancora=(7504,4887) offset=(7388,4747) [18 ents]
  P33: ancora=(8660,4645) offset=(8507,4505) [18 ents]
  P34: ancora=(6212,8545) offset=(6066,8405) [18 ents]
  P35: ancora=(6459,3843) offset=(6329,3703) [18 ents]
  P61: ancora=(5736,3520) offset=(5635,3380) [18 ents]
  P62: ancora=(6793,3506) offset=(6586,3366) [18 ents]
  P101: ancora=(3972,2933) offset=(3821,2793) [18 ents]
  P102: ancora=(5557,2933) offset=(5406,2793) [18 ents]
  P103: ancora=(7145,2933) offset=(6999,2793) [18 ents]

[RESULTADO]
  Pilares consolidados: 38/38
  Output: D:\Agente-cad-PYSIDE\DADOS-OBRAS\Obra_TREINO_1\Fase-6_Execucao_CAD\PL_gerado.dxf
  ValidaÁ„o: 684 entidades no PL_gerado.dxf
  RelatÛrio: D:\Agente-cad-PYSIDE\DADOS-OBRAS\Obra_TREINO_1\Fase-6_Execucao_CAD\consolidacao_pilares.json
[INFO] === consolidar_dxf_vigas.py | Obra_TREINO_1 ===
  V102: ancora=(3528,10327) [22 ents]
  V105: ancora=(7977,10377) [46 ents]
  V117: ancora=(4011,8806) [28 ents]
  V123: ancora=(8156,9941) [46 ents]
  V124: ancora=(7731,8682) [40 ents]
  V125: ancora=(8246,9942) [46 ents]
  V129: ancora=(8208,9853) [46 ents]
  V201: ancora=(6797,7918) [34 ents]
  V202: ancora=(8022,11134) [34 ents]
  V203: ancora=(6141,6104) [40 ents]
  V204: ancora=(6394,10348) [46 ents]
  V205: ancora=(6770,4149) [46 ents]
  V206: ancora=(5017,7266) [28 ents]
  V207: ancora=(4813,9146) [46 ents]
  V208: ancora=(4833,5880) [40 ents]
  V209: ancora=(7640,8914) [40 ents]
  V210: ancora=(5690,4130) [52 ents]
  V211: ancora=(3931,6095) [22 ents]
  V212: ancora=(3215,7765) [34 ents]
  V213: ancora=(3465,3938) [40 ents]
  V214: ancora=(6608,6789) [40 ents]
  V215: ancora=(5649,6134) [34 ents]
  V216: ancora=(6087,7776) [34 ents]
  V217: ancora=(5152,5328) [70 ents]
  V218: ancora=(5773,3960) [52 ents]
  V219: ancora=(4496,6628) [64 ents]
  V220: ancora=(6018,6628) [34 ents]
  V221: ancora=(6909,6619) [34 ents]
  V222: ancora=(6026,9730) [34 ents]
  V223: ancora=(6768,7795) [34 ents]
  V224: ancora=(4889,8877) [34 ents]
  V225: ancora=(5753,9037) [34 ents]
  V227: ancora=(3570,5437) [34 ents]
  V228: ancora=(5995,9201) [34 ents]
  V229: ancora=(5443,8415) [34 ents]
  V230: ancora=(6796,8223) [34 ents]
  V231: ancora=(4151,5966) [34 ents]
  V232: ancora=(3647,6562) [34 ents]
  V233: ancora=(4167,6444) [34 ents]
  V234: ancora=(6011,8709) [46 ents]
  V235: ancora=(8299,4349) [34 ents]
  V236: ancora=(2890,3221) [22 ents]
  V237: ancora=(3316,3208) [22 ents]
  V238: ancora=(3834,3221) [22 ents]
  V239: ancora=(4508,3184) [46 ents]
  V240: ancora=(5011,3067) [46 ents]
  V241: ancora=(5011,3177) [46 ents]
  V242: ancora=(4821,11526) [34 ents]
  V243: ancora=(6408,3184) [28 ents]

[RESULTADO]
  LV_gerado.dxf: 49 vigas (1858 entidades)
  FV_gerado.dxf: 49 vigas offset (1858 entidades)
[INFO] === consolidar_dxf_lajes.py | Obra_TREINO_1 ===
  L101: ancora=(0,0) [9 ents]
  L102: ancora=(0,-1000) [13 ents]
  L103: ancora=(0,-2000) [7 ents]
  L104: ancora=(0,-3000) [19 ents]
  L109: ancora=(0,-4000) [9 ents]
  L111: ancora=(0,-5000) [9 ents]
  L112: ancora=(0,-6000) [7 ents]
  L115: ancora=(0,-7000) [9 ents]
  L117: ancora=(0,-8000) [11 ents]
  L118: ancora=(0,-9000) [17 ents]
  L119: ancora=(0,-10000) [11 ents]
  L121: ancora=(0,-11000) [7 ents]
  L201: ancora=(3824,2659) [13 ents]
  L202: ancora=(4138,2656) [9 ents]
  L203: ancora=(4415,2645) [7 ents]
  L204: ancora=(4701,2699) [13 ents]
  L205: ancora=(5111,2561) [11 ents]
  L206: ancora=(5583,2485) [13 ents]
  L207: ancora=(5971,2427) [9 ents]
  L208: ancora=(4538,2339) [15 ents]
  L209: ancora=(5176,2251) [13 ents]
  L210: ancora=(5715,2260) [19 ents]
  L211: ancora=(3819,2112) [13 ents]
  L212: ancora=(4127,2008) [9 ents]
  L213: ancora=(4492,1946) [11 ents]
  L214: ancora=(5225,1869) [6 ents]
  L215: ancora=(5442,1988) [19 ents]
  L251: ancora=(3343,3256) [5 ents]
  L252: ancora=(3289,3042) [5 ents]

[RESULTADO]
  Lajes consolidadas: 29/29
  Sem ancora: ['L101', 'L102', 'L103', 'L104', 'L109', 'L111', 'L112', 'L115', 'L117', 'L118', 'L119', 'L121']
  LJ_gerado.dxf: 318 entidades
  Output: D:\Agente-cad-PYSIDE\DADOS-OBRAS\Obra_TREINO_1\Fase-6_Execucao_CAD\LJ_gerado.dxf
[INFO] === validar_dxf_coletivo.py | Obra_TREINO_1 | 1PAV ===

  [PILARES]
    GT: 38 | Gerado: 38 | Corretos: 38
    id_match: 100.0% | hallucination: 0.0%
    SCORE: 100.0% ó APROVADO

  [VIGAS]
    GT: 49 | Gerado: 49 | Corretos: 49
    id_match: 100.0% | hallucination: 0.0%
    SCORE: 100.0% ó APROVADO

  [LAJES]
    GT: 29 | Gerado: 29 | Corretos: 29
    id_match: 100.0% | hallucination: 0.0%
    SCORE: 100.0% ó APROVADO

[RESULTADO GLOBAL]
  Score global: 100.0%
  Status: APROVADO (>=90%)

[INFO] Salvo: D:\Agente-cad-PYSIDE\DADOS-OBRAS\Obra_TREINO_1\Fase-6_Execucao_CAD\validation_coletivo.json
[INFO] Processando 38 pilares \u2192 obras_salvas.json
[INFO]   P1: 74x60cm grade_1=88
[INFO]   P2: 67x45cm grade_1=88
[INFO]   P3: 56x48cm grade_1=88
[INFO]   P4: 97x42cm grade_1=88
[INFO]   P5: 56x46cm grade_1=88
[INFO]   P6: 45x20cm grade_1=88
[INFO]   P7: 94x66cm grade_1=88
[INFO]   P8: 90x67cm grade_1=126
[INFO]   P9: 56x38cm grade_1=82
[INFO]   P10: 100x65cm grade_1=102
[INFO]   P11: 97x30cm grade_1=102
[INFO]   P12: 92x24cm grade_1=120
[INFO]   P13: 92x24cm grade_1=120
[INFO]   P15: 67x24cm grade_1=122
[INFO]   P16: 94x24cm grade_1=122
[INFO]   P17: 97x30cm grade_1=70
[INFO]   P18: 97x72cm grade_1=72
[INFO]   P19: 97x30cm grade_1=102
[INFO]   P20: 50x24cm grade_1=108
[INFO]   P21: 24x19cm grade_1=108
[INFO]   P23: 67x45cm grade_1=122
[INFO]   P24: 43x19cm grade_1=102
[INFO]   P25: 97x34cm grade_1=122
[INFO]   P26: 81x19cm grade_1=102
[INFO]   P27: 81x19cm grade_1=88
[INFO]   P28: 60x37cm grade_1=102
[INFO]   P29: 97x80cm grade_1=88
[INFO]   P30: 92x82cm grade_1=88
[INFO]   P31: 82x38cm grade_1=88
[INFO]   P32: 44x27cm grade_1=88
[INFO]   P33: 64x44cm grade_1=122
[INFO]   P34: 82x19cm grade_1=82
[INFO]   P35: 44x41cm grade_1=82
[INFO]   P61: 34x26cm grade_1=0
[INFO]   P62: 98x64cm grade_1=0
[INFO]   P101: 82x24cm grade_1=0
[INFO]   P102: 82x24cm grade_1=0
[INFO]   P103: 82x19cm grade_1=0
[INFO] \u2705 obras_salvas.json gerado: 38 pilares \u2192 D:\Agente-cad-PYSIDE\DADOS-OBRAS\Obra_TREINO_1\Fase-4_Sincronizacao\obras_salvas.json
[INFO] \u2705 pavimentos_lista.json gerado \u2192 D:\Agente-cad-PYSIDE\DADOS-OBRAS\Obra_TREINO_1\Fase-4_Sincronizacao\pavimentos_lista.json

=================================================================
  RELAT√ìRIO DE FIDELIDADE ‚Äî Obra_TREINO_1 / 1PAV
=================================================================
  Tipo            Score    Limiar      Status
  --------------------------------------------------
  pilares      63.7/100    >=85.0      ‚ùå FAIL
  vigas        57.9/100    >=82.0      ‚ùå FAIL
  lajes        88.6/100    >=75.0      ‚úÖ PASS
  --------------------------------------------------
  GLOBAL       67.9/100    >=80.0  ‚ùå REPROVADO

  Fontes auxiliares:
    Coletivo IDs:   100.0%
    Pipeline E2E:    APROVADO

  ‚ÑπÔ∏è  Observa√ß√µes:
    ‚Ä¢ Vigas fundo (FV) abaixo do limiar (41.5/80.0). FV_gerado usa ezdxf simplificado ‚Äî sarrafos e chanfros incompletos.
    ‚Ä¢ Score coletivo (IDs): 100.0% ‚â• 95% ‚Äî pipeline de IDs aprovado.

[INFO] Relat√≥rio salvo em: D:\Agente-cad-PYSIDE\DADOS-OBRAS\Obra_TREINO_1\Fase-8_Revisao_Entrega\cert_1PAV\relatorio_fidelidade.json

============================================================
PIPELINE E2E ó Obra_TREINO_1 | 1PAV
============================================================

[FASE 1] Descoberta de DXFs
  [SKIP] dxf_discovery.json ja existe e contem Obra_TREINO_1

[FASE 2] Engenharia Reversa (Ground Truth)
  [RUN] engenharia_reversa_dxf.py ...
        -> OK (3.1s)

[FASE 3] ExtraÁ„o Dimensional
  [RUN] extrair_bh_pilares.py ...
        -> OK (2.8s)
  [RUN] extrair_vigas_lv.py ...
        -> OK (2.4s)
  [RUN] extrair_lajes_lj.py ...
        -> OK (0.9s)
  [RUN] extrair_poligono_lajes.py ...
        -> OK (0.7s)
  [RUN] extrair_garfos_evg.py ...
        -> FALHOU (code 1) (0.5s)
  [RUN] extrair_largura_vigas_fv.py ...
        -> OK (0.7s)
  [RUN] extrair_assembly_pl.py ...
        -> OK (2.3s)
  [RUN] integrar_fichas_fase3.py ...
        -> OK (0.1s)
  [RUN] extrair_secoes_stog_pl.py ...
        -> OK (2.3s)
  [RUN] validar_score_pipeline.py ...
        -> FALHOU (code 1) (0.1s)

[FASE 4] Motor Fase 4 (Transformacao Fase-3 -> Fase-4)
  [CLEAN] Removendo 35 JSONs antigos de JSON_Pilares/
  [CLEAN] Removendo 54 JSONs antigos de JSON_Vigas_Laterais/
  [CLEAN] Removendo 27 JSONs antigos de JSON_Vigas_Fundo/
  [CLEAN] Removendo 33 JSONs antigos de JSON_Lajes/
  [RUN] motor_fase4.py ...
        -> OK (0.3s)

[FASE 5] GeraÁ„o DXF Individual
  [CLEAN] Removendo 35 DXFs antigos de DXF_Pilares/
  [CLEAN] Removendo 27 DXFs antigos de DXF_Vigas/
  [CLEAN] Removendo 33 DXFs antigos de DXF_Lajes/
  [RUN] gerar_dxf_pilares.py ...
        -> OK (1.1s)
  [RUN] gerar_dxf_vigas.py ...
        -> OK (2.3s)
  [RUN] gerar_dxf_lajes.py ...
        -> OK (1.0s)
  [RUN] gerar_pl_dxf_stog.py ...
        -> OK (130.7s)
  [RUN] gerar_lv_dxf_stog.py ...
        -> OK (78.9s)
  [RUN] gerar_fv_dxf_stog.py ...
        -> OK (14.1s)
  [RUN] gerar_lj_dxf_stog.py ...
        -> OK (1.5s)

[FASE 5b] ComparaÁ„o DXF Individual vs STOG
  [RUN] comparar_dxf.py ...
        -> OK (3.3s)

[FASE 6] ExtraÁ„o de ¬ncoras (coords absolutas)
  [RUN] extrair_ancoras_dxf.py ...
        -> OK (0.6s)

[FASE 7] ConsolidaÁ„o DXF Coletivo
  [RUN] consolidar_dxf_pilares.py ...
        -> OK (1.1s)
  [RUN] consolidar_dxf_vigas.py ...
        -> OK (6.3s)
  [RUN] consolidar_dxf_lajes.py ...
        -> OK (1.0s)

[FASE 8] ValidaÁ„o DXF Coletivo
  [RUN] validar_dxf_coletivo.py ...
        -> OK (1.4s)

[FASE 9] GeraÁ„o obras_salvas.json (formato robÙ)
  [RUN] gerar_obras_salvas.py ...
        -> OK (0.1s)

[FASE 10] ValidaÁ„o Visual AutÙnoma (NVIDIA NIM)
  [RUN] validar_visual_dxf.py ...
        -> TIMEOUT (300.1s) ó validar_visual_dxf.py excedeu 300s, continuando
  [RUN] relatorio_fidelidade.py ...
        -> FALHOU (code 1) (0.1s)

============================================================
PIPELINE CONCLUÕDO ó APROVADO
  Score coletivo: 100.0%
  RelatÛrio: D:\Agente-cad-PYSIDE\DADOS-OBRAS\Obra_TREINO_1\Fase-8_Revisao_Entrega\pipeline_report.json
============================================================

[INFO] === engenharia_reversa_dxf.py | Obra: Obra_TREINO_1 | Pav: 2PAV ===
[INFO] DiretÛrio: D:\Agente-cad-PYSIDE\DADOS-OBRAS\Obra_TREINO_1\Fase-1_Ingestao\Projetos_Finalizados_para_Engenharia_Reversa
[INFO] Usando caminhos do dxf_discovery.json para pav '2PAV'
[INFO] PL DXF: ALIMONTI - PARAISO - 2∞ PAV.- PL - R00.dxf
[INFO] Pilares extraÌdos: 35 IDs | PÈ Direito: Nonecm -> D:\Agente-cad-PYSIDE\DADOS-OBRAS\Obra_TREINO_1\Fase-3_Interpretacao_Extracao\Pilares\pilares_ground_truth.json
[INFO] LV DXF: ALIMONTI - PARAISO - 2∞ PAV.- LV - R00.dxf
[INFO] Vigas extraÌdas: 31 IDs -> D:\Agente-cad-PYSIDE\DADOS-OBRAS\Obra_TREINO_1\Fase-3_Interpretacao_Extracao\Vigas\vigas_ground_truth.json
[INFO] LJ DXF: ALIMONTI - PARAISO - 2∞ PAV.- LJ - R00.dxf
[INFO] Lajes extraÌdas: 49 IDs -> D:\Agente-cad-PYSIDE\DADOS-OBRAS\Obra_TREINO_1\Fase-3_Interpretacao_Extracao\Lajes\lajes_ground_truth.json
[INFO] === RESULTADO: 35 pilares | B◊H: 0/35 extraÌdos ===
[INFO] NOTA: IDs=ALTA | B/H=BAIXA - revisao manual.
[INFO] Ground truth salvo em: D:\Agente-cad-PYSIDE\DADOS-OBRAS\Obra_TREINO_1\Fase-3_Interpretacao_Extracao
[INFO] === extrair_bh_pilares.py | Obra_TREINO_1 | 2PAV ===
[INFO] PL DXF: ALIMONTI - PARAISO - 2∞ PAV.- PL - R00.dxf
[INFO] Max distancia proximity: 300.0 unidades DXF
[INFO] Lendo DXF (pode demorar para arquivos grandes)...
[INFO] DXF carregado: 7529 entidades
[INFO] Extraindo posicoes dos pilares (layer Texto Secao)...
[INFO] Pilares encontrados: 35
[INFO] Extraindo DIMENSION entities (layers de cota)...
[INFO] DIMENSIONs de cota encontradas: 770
[INFO] Inverse proximity: 770 dims assignadas a 35 pilares

[RESULTADO] Extracao B/H de Pilares
  Total pilares:      35
  B+H completos:      35 (100.0%)
  Apenas H:           0
  Sem dados:          0

[INFO] Salvo em: D:\Agente-cad-PYSIDE\DADOS-OBRAS\Obra_TREINO_1\Fase-3_Interpretacao_Extracao\Pilares\pilares_bh.json
[INFO] pilares_ground_truth.json atualizado: 35 pilares com B/H

[AMOSTRA] Primeiros 5 pilares extraidos:
  P1: B=24.0cm, H=88.0cm, conf=90%
  P2: B=30.0cm, H=88.0cm, conf=90%
  P3: B=24.0cm, H=82.0cm, conf=90%
  P4: B=24.0cm, H=82.0cm, conf=90%
  P5: B=24.0cm, H=82.0cm, conf=90%
DXF: ALIMONTI - PARAISO - 2∞ PAV.- LV - R00.dxf
  Labels encontrados: 31 vigas
  Cota SeÁ„o (2x): 84 dims
  COTA: 627 dims

=== RESULTADO ===
  Total vigas: 31
  Com altura_lateral: 31/31
  Com comprimento: 31/31
  Com ambos: 31/31
  ConfianÁa mÈdia: 87%
  Output: D:\Agente-cad-PYSIDE\DADOS-OBRAS\Obra_TREINO_1\Fase-3_Interpretacao_Extracao\Vigas\vigas_dim.json

Viga     Alt(cm)    Comp(cm)     Conf     Sides
-------------------------------------------------------
V51      110        406          84%      A+B
V52      110        246          89%      A+B
V53      110        244          84%      A+B
V54      38         244          89%      A+B
V55      38         244          89%      A+B
V56      38         244          84%      A+B
V57      110        246          89%      A+B
V58      38         244          89%      A+B
V59      110        246          89%      A+B
V60      100        246          89%      A+B
V61      38         244          84%      A+B
V62      38         244          84%      A+B
V63      38         246          89%      A+B
V64      38         246          84%      A+B
V65      38         244          89%      A+B
V66      38         334          89%      A+B
V67      38         246          89%      A+B
V68      38         246          89%      A+B
V69      38         182          89%      A+B
V70      38         182          84%      A+B
V71      38         244          89%      A+B
V72      38         244          84%      A+B
V73      38         244          89%      A+B
V74      38         244          89%      A+B
V75      38         244          89%      A+B
V76      38         244          84%      A+B
V77      28         244          84%      A+B
V78      38         244          89%      A+B
V79      38         244          84%      A+B
V80      38         244          89%      A+B
V81      28         244          84%      B
[INFO] === extrair_lajes_lj.py | Obra_TREINO_1 | 2PAV ===
[INFO] LJ DXF: ALIMONTI - PARAISO - 2∞ PAV.- LJ - R00.dxf
[INFO] Lendo DXF...
[INFO] 1961 entidades
[INFO] Extraindo labels e codigos de lajes...
[DEBUG] Labels encontrados: ['L51', 'L52', 'L53', 'L54', 'L55', 'L56', 'L57', 'L58', 'L59', 'L60', 'L61', 'L62', 'L63', 'L64', 'L65', 'L66', 'L67', 'L68', 'L69', 'L70', 'L71', 'L72', 'L73', 'L74', 'L75', 'L76', 'L77', 'L78', 'L79', 'L80']
[DEBUG] Lajes com paineis AUX00: ['L101', 'L102', 'L112', 'L114', 'L115', 'L118', 'L122', 'L201', 'L202', 'L203', 'L204', 'L205', 'L206', 'L208', 'L209', 'L210', 'L211', 'L212', 'L213']
[INFO] Lajes encontradas: 49
[INFO] Construindo fichas com coordenadas...

[RESULTADO] Extracao de Lajes
  Total lajes:        49
  Com dimensoes:      0
  Com coordenadas:    6

[INFO] Salvo em: D:\Agente-cad-PYSIDE\DADOS-OBRAS\Obra_TREINO_1\Fase-3_Interpretacao_Extracao\Lajes\lajes_data.json
[INFO] lajes_ground_truth.json atualizado: 0 lajes com dimensoes

[AMOSTRA] Primeiras lajes:
  L51: NonexNonecm | area=Nonecm2 | coords=0pts | conf=30%
  L52: NonexNonecm | area=Nonecm2 | coords=0pts | conf=30%
  L53: NonexNonecm | area=Nonecm2 | coords=0pts | conf=30%
  L54: NonexNonecm | area=Nonecm2 | coords=0pts | conf=30%
  L55: NonexNonecm | area=Nonecm2 | coords=0pts | conf=30%
  L56: NonexNonecm | area=Nonecm2 | coords=0pts | conf=30%
  L57: NonexNonecm | area=Nonecm2 | coords=0pts | conf=30%
  L58: NonexNonecm | area=Nonecm2 | coords=0pts | conf=30%
LJ DXF: ALIMONTI - PARAISO - 2∞ PAV.- LJ - R00.dxf
AUX00 panels... 66 panels em 19 lajes: ['L101', 'L102', 'L112', 'L114', 'L115', 'L118', 'L122', 'L201', 'L202', 'L203', 'L204', 'L205', 'L206', 'L208', 'L209', 'L210', 'L211', 'L212', 'L213']
Labels L{n}... 49 labels: ['L101', 'L102', 'L112', 'L114', 'L115', 'L118', 'L122', 'L201', 'L202', 'L203', 'L204', 'L205', 'L206', 'L208', 'L209', 'L210', 'L211', 'L212', 'L213', 'L51', 'L52', 'L53', 'L54', 'L55', 'L56', 'L57', 'L58', 'L59', 'L60', 'L61', 'L62', 'L63', 'L64', 'L65', 'L66', 'L67', 'L68', 'L69', 'L70', 'L71', 'L72', 'L73', 'L74', 'L75', 'L76', 'L77', 'L78', 'L79', 'L80']
LWPOLYLINE layer '1'... 0 poligonos | areas: []
COTA DIMENSIONs... 0 dims no range 50.0-3000.0cm
Paineis H lines... 36 lines (len>100.0)
Paineis DIMENSIONs... 313 dims (190 H, 123 V)

Processando 49 lajes...

=== RESULTADO ===
  Total lajes: 49
  [aux00-area-estimate]: 19 (media)
  [paineis-dimchain]: 3 (media-alta)
  [paineis-grid]: 27 (alta)
  Output: D:\Agente-cad-PYSIDE\DADOS-OBRAS\Obra_TREINO_1\Fase-3_Interpretacao_Extracao\Lajes\lajes_poligono.json

Laje     Comp       Larg       Conf   Fonte
------------------------------------------------------------
L51      395.0      423.0      0.70   paineis-grid
L52      389.0      423.0      0.70   paineis-grid
L53      371.0      423.0      0.70   paineis-grid
L54      371.0      423.0      0.70   paineis-grid
L55      371.0      326.5      0.70   paineis-grid
L56      371.0      324.0      0.70   paineis-grid
L57      371.0      324.0      0.70   paineis-grid
L58      371.0      423.0      0.70   paineis-grid
L59      405.5      423.0      0.70   paineis-grid
L60      418.0      423.0      0.70   paineis-grid
L61      418.0      423.0      0.70   paineis-grid
L62      418.0      423.0      0.70   paineis-grid
L63      395.0      326.5      0.70   paineis-grid
L64      395.0      324.0      0.70   paineis-grid
L65      418.0      324.0      0.70   paineis-grid
L66      405.5      423.0      0.70   paineis-grid
L67      1887.0     152.0      0.60   paineis-dimchain
L68      394.5      197.1      0.70   paineis-grid
L69      418.0      423.0      0.70   paineis-grid
L70      418.0      423.0      0.70   paineis-grid
L71      418.0      423.0      0.70   paineis-grid
L72      418.0      423.0      0.70   paineis-grid
L73      418.0      423.0      0.70   paineis-grid
L74      129.0      459.0      0.60   paineis-dimchain
L75      233.8      423.0      0.60   paineis-dimchain
L76      410.0      423.0      0.70   paineis-grid
L77      387.0      423.0      0.70   paineis-grid
L78      356.0      423.0      0.70   paineis-grid
L79      356.0      423.0      0.70   paineis-grid
L80      389.5      423.0      0.70   paineis-grid
L101     244.0      244.0      0.55   aux00-area-estimate
L102     244.0      244.0      0.55   aux00-area-estimate
L112     91.5       91.5       0.55   aux00-area-estimate
L114     244.0      244.0      0.55   aux00-area-estimate
L115     515.8      244.0      0.55   aux00-area-estimate
L118     351.0      244.0      0.55   aux00-area-estimate
L122     244.0      244.0      0.55   aux00-area-estimate
L201     660.0      244.0      0.55   aux00-area-estimate
L202     298.8      244.0      0.55   aux00-area-estimate
L203     244.0      151.5      0.55   aux00-area-estimate
L204     685.5      244.0      0.55   aux00-area-estimate
L205     244.0      211.0      0.55   aux00-area-estimate
L206     244.0      122.0      0.55   aux00-area-estimate
L208     244.0      226.2      0.55   aux00-area-estimate
L209     244.0      104.5      0.55   aux00-area-estimate
L210     732.0      244.0      0.55   aux00-area-estimate
L211     708.0      244.0      0.55   aux00-area-estimate
L212     271.0      244.0      0.55   aux00-area-estimate
L213     433.0      244.0      0.55   aux00-area-estimate

=== AUX00 panels (dedup) ===
  L101: 2 panels -> 244.0x122.0 | 244.0x122.0
  L102: 2 panels -> 244.0x122.0 | 244.0x122.0
  L112: 1 panels -> 91.5x91.5
  L114: 2 panels -> 244.0x122.0 | 244.0x122.0
  L115: 7 panels -> 244.0x122.0 | 122.0x122.0 | 122.0x122.0 | 122.0x122.0 | 140.5x122.0 | 140.5x122.0 | 140.5x122.0
  L118: 3 panels -> 244.0x122.0 | 229.0x122.0 | 229.0x122.0
  L122: 2 panels -> 244.0x122.0 | 244.0x122.0
  L201: 6 panels -> 196.0x122.0 | 196.0x122.0 | 196.0x122.0 | 244.0x122.0 | 244.0x122.0 | 244.0x122.0
  L202: 4 panels -> 244.0x122.0 | 196.0x122.0 | 122.0x60.5 | 196.0x60.5
  L203: 2 panels -> 244.0x60.5 | 244.0x91.0
  L204: 7 panels -> 244.0x122.0 | 244.0x122.0 | 158.0x122.0 | 244.0x122.0 | 158.0x122.0 | 158.0x122.0 | 165.0x122.0
  L205: 2 panels -> 244.0x122.0 | 178.0x122.0
  L206: 1 panels -> 244.0x122.0
  L208: 4 panels -> 244.0x60.5 | 244.0x60.5 | 87.5x60.5 | 244.0x83.5
  L209: 1 panels -> 244.0x104.5
  L210: 6 panels -> 244.0x122.0 | 244.0x122.0 | 244.0x122.0 | 244.0x122.0 | 244.0x122.0 | 244.0x122.0
  L211: 6 panels -> 244.0x122.0 | 244.0x122.0 | 244.0x122.0 | 228.0x122.0 | 228.0x122.0 | 228.0x122.0
  L212: 4 panels -> 200.5x122.0 | 244.0x60.5 | 200.5x60.5 | 244.0x60.5
  L213: 4 panels -> 244.0x94.0 | 244.0x122.0 | 244.0x122.0 | 190.0x122.0
ERRO: Nenhum EVG DXF encontrado em D:\Agente-cad-PYSIDE\DADOS-OBRAS\Obra_TREINO_1
FV DXF: ALIMONTI - PARAISO - TIPO - 3∞ AO 12∞ PAV.- FV - R00.dxf

Extraindo labels V{n}.C... 31 vigas encontradas: ['V1', 'V10', 'V11', 'V12', 'V13', 'V14', 'V15', 'V16', 'V17', 'V18', 'V19', 'V2', 'V20', 'V21', 'V22', 'V23', 'V24', 'V25', 'V26', 'V27', 'V28', 'V29', 'V3', 'V30', 'V31', 'V4', 'V5', 'V6', 'V7', 'V8', 'V9']
Extraindo DIMENSIONs de 'PainÈis' (B_MIN..B_MAX)... 22 DIMENSIONs ó vals: [10.0, 29.0, 19.0, 10.0, 19.0, 29.0, 30.0, 19.0, 49.0, 19.0, 42.0, 21.11, 15.49, 16.36, 35.36, 22.3, 13.06, 19.0, 14.0, 14.79, 19.0, 19.0]
Extraindo DIMENSIONs de 'COTA' (B_MIN..B_MAX)... 31 DIMENSIONs ó vals: [19.0, 19.0, 21.5, 19.0, 45.0, 49.0, 19.0, 19.0, 14.0, 47.0, 19.0, 76.0, 19.0, 14.0, 19.0, 19.0, 19.0, 19.0, 19.0, 19.0, 19.0, 19.0, 19.0, 14.0, 19.0, 14.0, 19.0, 14.0, 19.0, 19.0, 45.0]
Extraindo DIMENSIONs de 'Cota SeÁ„o (2x)'... 0 DIMENSIONs

=== RESULTADO ===
  Vigas com B extraÌdo por proximidade: 0/31
  Fallback mediana global:               31
  Fallback default (15.0cm):          0
  Output: D:\Agente-cad-PYSIDE\DADOS-OBRAS\Obra_TREINO_1\Fase-3_Interpretacao_Extracao\Vigas\vigas_largura.json

Viga     B (cm)     Conf     Fonte
--------------------------------------------------
V51      19.0       0.30     fv-dxf-global-median
V52      19.0       0.30     fv-dxf-global-median
V53      19.0       0.30     fv-dxf-global-median
V54      19.0       0.30     fv-dxf-global-median
V55      19.0       0.30     fv-dxf-global-median
V56      19.0       0.30     fv-dxf-global-median
V57      19.0       0.30     fv-dxf-global-median
V58      19.0       0.30     fv-dxf-global-median
V59      19.0       0.30     fv-dxf-global-median
V60      19.0       0.30     fv-dxf-global-median
V61      19.0       0.30     fv-dxf-global-median
V62      19.0       0.30     fv-dxf-global-median
V63      19.0       0.30     fv-dxf-global-median
V64      19.0       0.30     fv-dxf-global-median
V65      19.0       0.30     fv-dxf-global-median
V66      19.0       0.30     fv-dxf-global-median
V67      19.0       0.30     fv-dxf-global-median
V68      19.0       0.30     fv-dxf-global-median
V69      19.0       0.30     fv-dxf-global-median
V70      19.0       0.30     fv-dxf-global-median
V71      19.0       0.30     fv-dxf-global-median
V72      19.0       0.30     fv-dxf-global-median
V73      19.0       0.30     fv-dxf-global-median
V74      19.0       0.30     fv-dxf-global-median
V75      19.0       0.30     fv-dxf-global-median
V76      19.0       0.30     fv-dxf-global-median
V77      19.0       0.30     fv-dxf-global-median
V78      19.0       0.30     fv-dxf-global-median
V79      19.0       0.30     fv-dxf-global-median
V80      19.0       0.30     fv-dxf-global-median
V81      19.0       0.30     fv-dxf-global-median

=== DIMENSIONs B em 'Paineis' (22) ===
  val=10.0 pos=(4552.657140842855, 857.885136931913)
  val=29.0 pos=(4508.199005527521, 857.885136931913)
  val=19.0 pos=(4536.725512286842, 823.583170895483)
  val=10.0 pos=(3831.779690687682, 625.3214009386113)
  val=19.0 pos=(3857.098069368447, 604.3546181298015)
  val=29.0 pos=(3876.398909501658, 654.3214009385931)
  val=30.0 pos=(4300.80146046179, 605.3214009386112)
  val=19.0 pos=(4326.119839142551, 586.3585449891334)
  val=49.0 pos=(4345.420679275766, 654.3214009385931)
  val=19.0 pos=(4471.045376098182, 756.6374223985378)
  val=42.0 pos=(4586.292367448124, 328.0257169836059)
  val=21.11 pos=(4321.896150605922, 143.0079490639873)
  val=15.49 pos=(4351.183826816721, 213.3935040407305)
  val=16.36 pos=(4403.258606077039, 199.470986912289)
  val=35.36 pos=(4289.968441501149, 199.470986912289)
  val=22.3 pos=(4310.65317628655, 164.1075650845124)
  val=13.06 pos=(4310.653176286552, 199.470986912289)
  val=19.0 pos=(4597.105465562175, 164.1075650914391)
  val=14.0 pos=(4726.141116270817, 17.72977425954287)
  val=14.79 pos=(4583.019485046603, 38.90383713627216)
  val=19.0 pos=(4147.621339242871, 205.0472930488232)
  val=19.0 pos=(4152.051462981664, -810.5463089640256)

=== Labels V{n}.C encontrados (31) ===
  V1: pos=(3430, 1157)
  V2: pos=(3430, 1025)
  V3: pos=(3423, 783)
  V4: pos=(3408, 379)
  V5: pos=(4296, 379)
  V6: pos=(4281, 233)
  V7: pos=(3447, 234)
  V8: pos=(3437, 81)
  V9: pos=(3439, -233)
  V10: pos=(4556, -90)
  V11: pos=(3433, -421)
  V12: pos=(3948, -421)
  V13: pos=(3433, -551)
  V14: pos=(3948, -551)
  V15: pos=(3433, -551)
  V16: pos=(3948, -551)
  V17: pos=(3433, -551)
  V18: pos=(3948, -551)
  V19: pos=(3434, -679)
  V20: pos=(3861, -677)
  V21: pos=(4286, -674)
  V22: pos=(3439, -804)
  V23: pos=(3876, -802)
  V24: pos=(4188, -802)
  V25: pos=(3434, -923)
  V26: pos=(4188, -802)
  V27: pos=(3977, -931)
  V28: pos=(3876, -802)
  V29: pos=(4308, -934)
  V30: pos=(3437, -1056)
  V31: pos=(3962, -1056)
[INFO] DXF PL: ALIMONTI - PARAISO - TIPO - 3∞ AO 12∞ PAV.- PL - R00.dxf
[INFO] Lendo: ALIMONTI - PARAISO - TIPO - 3∞ AO 12∞ PAV.- PL - R00.dxf
[INFO] Pilares encontrados (secoes): 35
[INFO] CHAPA: 272 | Perfil: 146 | SP: 142 | GRADE: 50
[INFO] Output: D:\Agente-cad-PYSIDE\DADOS-OBRAS\Obra_TREINO_1\Fase-3_Interpretacao_Extracao\Pilares\pilares_assembly.json
[INFO] Pilares processados: 35

=== RESUMO ===
Pilares: 35
Com grade_1: 35/35
Com CHAPA: 34/35
Com SP markers: 35/35
  P1: grade_1=88.0 chapa_total=6 sp=16 perf=6
  P2: grade_1=88.0 chapa_total=5 sp=16 perf=6
  P3: grade_1=88.0 chapa_total=4 sp=16 perf=4
=== VIGAS ===
  vigas.json atualizado: 31 vigas
    V51: b=19.0cm h=110.0cm L=405.5cm
    V52: b=19.0cm h=110.0cm L=246.0cm
    V53: b=19.0cm h=110.0cm L=244.0cm
    V54: b=19.0cm h=38.0cm L=244.0cm
    V55: b=19.0cm h=38.0cm L=244.0cm
    V56: b=19.0cm h=38.0cm L=244.0cm
    V57: b=19.0cm h=110.0cm L=246.0cm
    V58: b=19.0cm h=38.0cm L=244.0cm
    V59: b=19.0cm h=110.0cm L=246.0cm
    V60: b=19.0cm h=100.0cm L=246.0cm
    V61: b=19.0cm h=38.0cm L=244.0cm
    V62: b=19.0cm h=38.0cm L=244.0cm
    V63: b=19.0cm h=38.0cm L=246.0cm
    V64: b=19.0cm h=38.0cm L=246.0cm
    V65: b=19.0cm h=38.0cm L=244.0cm
    V66: b=19.0cm h=38.0cm L=334.0cm
    V67: b=19.0cm h=38.0cm L=246.0cm
    V68: b=19.0cm h=38.0cm L=246.0cm
    V69: b=19.0cm h=38.0cm L=182.0cm
    V70: b=19.0cm h=38.0cm L=182.0cm
    V71: b=19.0cm h=38.0cm L=244.0cm
    V72: b=19.0cm h=38.0cm L=244.0cm
    V73: b=19.0cm h=38.0cm L=244.0cm
    V74: b=19.0cm h=38.0cm L=244.0cm
    V75: b=19.0cm h=38.0cm L=244.0cm
    V76: b=19.0cm h=38.0cm L=244.0cm
    V77: b=19.0cm h=28.0cm L=244.0cm
    V78: b=19.0cm h=38.0cm L=244.0cm
    V79: b=19.0cm h=38.0cm L=244.0cm
    V80: b=19.0cm h=38.0cm L=244.0cm
    V81: b=19.0cm h=28.0cm L=244.0cm

=== LAJES ===
  lajes.json atualizado: 49 lajes
    L51: 395.0x423.0cm area=167085 [paineis-grid]
    L52: 389.0x423.0cm area=164547 [paineis-grid]
    L53: 371.0x423.0cm area=156933 [paineis-grid]
    L54: 371.0x423.0cm area=156933 [paineis-grid]
    L55: 371.0x326.5cm area=121132 [paineis-grid]
    L56: 371.0x324.0cm area=120204 [paineis-grid]
    L57: 371.0x324.0cm area=120204 [paineis-grid]
    L58: 371.0x423.0cm area=156933 [paineis-grid]
    L59: 405.5x423.0cm area=171526 [paineis-grid]
    L60: 418.0x423.0cm area=176814 [paineis-grid]
    L61: 418.0x423.0cm area=176814 [paineis-grid]
    L62: 418.0x423.0cm area=176814 [paineis-grid]
    L63: 395.0x326.5cm area=128968 [paineis-grid]
    L64: 395.0x324.0cm area=127980 [paineis-grid]
    L65: 418.0x324.0cm area=135432 [paineis-grid]
    L66: 405.5x423.0cm area=171526 [paineis-grid]
    L67: 1887.0x152.0cm area=286824 [paineis-dimchain]
    L68: 394.5x197.1cm area=77756 [paineis-grid]
    L69: 418.0x423.0cm area=176814 [paineis-grid]
    L70: 418.0x423.0cm area=176814 [paineis-grid]
    L71: 418.0x423.0cm area=176814 [paineis-grid]
    L72: 418.0x423.0cm area=176814 [paineis-grid]
    L73: 418.0x423.0cm area=176814 [paineis-grid]
    L74: 129.0x459.0cm area=59211 [paineis-dimchain]
    L75: 233.8x423.0cm area=98897 [paineis-dimchain]
    L76: 410.0x423.0cm area=173430 [paineis-grid]
    L77: 387.0x423.0cm area=163701 [paineis-grid]
    L78: 356.0x423.0cm area=150588 [paineis-grid]
    L79: 356.0x423.0cm area=150588 [paineis-grid]
    L80: 389.5x423.0cm area=164758 [paineis-grid]
    L101: 244.0x244.0cm area=59536 [aux00-area-estimate]
    L102: 244.0x244.0cm area=59536 [aux00-area-estimate]
    L112: 91.5x91.5cm area=8372 [aux00-area-estimate]
    L114: 244.0x244.0cm area=59536 [aux00-area-estimate]
    L115: 515.8x244.0cm area=125855 [aux00-area-estimate]
    L118: 351.0x244.0cm area=85644 [aux00-area-estimate]
    L122: 244.0x244.0cm area=59536 [aux00-area-estimate]
    L201: 660.0x244.0cm area=161040 [aux00-area-estimate]
    L202: 298.8x244.0cm area=72907 [aux00-area-estimate]
    L203: 244.0x151.5cm area=36966 [aux00-area-estimate]
    L204: 685.5x244.0cm area=167262 [aux00-area-estimate]
    L205: 244.0x211.0cm area=51484 [aux00-area-estimate]
    L206: 244.0x122.0cm area=29768 [aux00-area-estimate]
    L208: 244.0x226.2cm area=55193 [aux00-area-estimate]
    L209: 244.0x104.5cm area=25498 [aux00-area-estimate]
    L210: 732.0x244.0cm area=178608 [aux00-area-estimate]
    L211: 708.0x244.0cm area=172752 [aux00-area-estimate]
    L212: 271.0x244.0cm area=66124 [aux00-area-estimate]
    L213: 433.0x244.0cm area=105652 [aux00-area-estimate]

=== INTEGRACAO COMPLETA: 31 vigas + 49 lajes ===
  Proximos passos: python scripts/motor_fase4.py --obra D:\Agente-cad-PYSIDE\DADOS-OBRAS\Obra_TREINO_1
Lendo: ALIMONTI - PARAISO - TIPO - 3∞ AO 12∞ PAV.- PL - R00.dxf
Pilares (labels): 35
Gordos (Paineis h>3): 42
Dims Cota Secao (2x): 0
Pilares com gordo: 32
Fallback: pilares_bh.json (35 pilares)

=== B/H EXTRAIDOS DO STOG ===
  P1: B=38.0 H=132.0 [lwpoly-w-dim] conf=0.85 n_gordos=1
  P2: B=38.0 H=132.0 [lwpoly-w-dim] conf=0.85 n_gordos=1
  P3: B=38.0 H=132.0 [lwpoly-w-dim] conf=0.85 n_gordos=1
  P4: B=38.0 H=132.0 [lwpoly-w-dim] conf=0.85 n_gordos=1
  P5: B=38.0 H=132.0 [lwpoly-w-dim] conf=0.85 n_gordos=1
  P6: B=38.0 H=132.0 [lwpoly-w-dim] conf=0.85 n_gordos=1
  P7: B=38.0 H=132.0 [lwpoly-w-dim] conf=0.85 n_gordos=1
  P8: B=38.0 H=132.0 [lwpoly-w-dim] conf=0.85 n_gordos=1
  P9: B=7.0 H=208.0 [lwpoly-2faces] conf=0.92 n_gordos=2
  P10: B=38.0 H=120.0 [lwpoly-w-dim] conf=0.85 n_gordos=1
  P11: B=38.0 H=38.0 [lwpoly-square] conf=0.6 n_gordos=1
  P12: B=38.0 H=196.0 [lwpoly-w-dim] conf=0.85 n_gordos=1
  P13: B=38.0 H=196.0 [lwpoly-w-dim] conf=0.85 n_gordos=1
  P14: B=38.0 H=196.0 [lwpoly-w-dim] conf=0.85 n_gordos=1
  P15: B=38.0 H=200.0 [lwpoly-w-dim] conf=0.85 n_gordos=1
  P16: B=38.0 H=200.0 [lwpoly-w-dim] conf=0.85 n_gordos=1
  P17: B=30.0 H=97.0 [prev-inverse-prox] conf=0.7200000000000001 n_gordos=0
  P18: B=38.0 H=100.0 [lwpoly-w-dim] conf=0.85 n_gordos=1
  P19: B=38.0 H=38.0 [lwpoly-square] conf=0.6 n_gordos=1
  P20: B=38.0 H=172.0 [lwpoly-w-dim] conf=0.85 n_gordos=1
  P21: B=38.0 H=172.0 [lwpoly-w-dim] conf=0.85 n_gordos=1
  P22: B=38.0 H=172.0 [lwpoly-w-dim] conf=0.85 n_gordos=1
  P23: B=38.0 H=200.0 [lwpoly-w-dim] conf=0.85 n_gordos=1
  P24: B=38.0 H=38.0 [lwpoly-square] conf=0.6 n_gordos=1
  P25: B=38.0 H=38.0 [lwpoly-square] conf=0.6 n_gordos=1
  P26: B=52.0 H=54.0 [prev-inverse-prox] conf=0.6400000000000001 n_gordos=0
  P27: B=19.0 H=81.0 [prev-inverse-prox] conf=0.7200000000000001 n_gordos=0
  P28: B=7.0 H=7.0 [lwpoly-square] conf=0.6 n_gordos=2
  P29: B=7.0 H=132.0 [lwpoly-2faces] conf=0.92 n_gordos=3
  P30: B=7.0 H=132.0 [lwpoly-2faces] conf=0.92 n_gordos=3
  P31: B=7.0 H=132.0 [lwpoly-2faces] conf=0.92 n_gordos=3
  P32: B=7.0 H=132.0 [lwpoly-2faces] conf=0.92 n_gordos=3
  P33: B=38.0 H=38.0 [lwpoly-square] conf=0.6 n_gordos=1
  P34: B=38.0 H=38.0 [lwpoly-square] conf=0.6 n_gordos=1
  P35: B=38.0 H=38.0 [lwpoly-square] conf=0.6 n_gordos=1

  Salvo: D:\Agente-cad-PYSIDE\DADOS-OBRAS\Obra_TREINO_1\Fase-3_Interpretacao_Extracao\Pilares\pilares_bh_stog.json
  Proximo: python scripts/comparar_bh_stog_vs_gerado.py --obra D:\Agente-cad-PYSIDE\DADOS-OBRAS\Obra_TREINO_1
[INFO] === validar_score_pipeline.py | B/H Dimensional ===
[INFO] Pipeline:  pilares_bh.json (36 pilares)
[INFO] GT (STOG): pilares_bh_stog.json (36 pilares)

[RESULTADO] B/H DIMENSIONAL (toler‚ncia 10%)
  Total validados: 35
  Skipped (sem GT): 1
  Corretos: 3
  Falhos:   32
Traceback (most recent call last):
  File "D:\Agente-cad-PYSIDE\Agente-cad-PYSIDE-Restored-main\scripts\validar_score_pipeline.py", line 251, in <module>
    main()
    ~~~~^^
  File "D:\Agente-cad-PYSIDE\Agente-cad-PYSIDE-Restored-main\scripts\validar_score_pipeline.py", line 245, in main
    validate_bh(args.obra)
    ~~~~~~~~~~~^^^^^^^^^^^
  File "D:\Agente-cad-PYSIDE\Agente-cad-PYSIDE-Restored-main\scripts\validar_score_pipeline.py", line 157, in validate_bh
    print(f"    \u274c {f}")
    ~~~~~^^^^^^^^^^^^^^^
  File "C:\Python314\Lib\encodings\cp1252.py", line 19, in encode
    return codecs.charmap_encode(input,self.errors,encoding_table)[0]
           ~~~~~~~~~~~~~~~~~~~~~^^^^^^^^^^^^^^^^^^^^^^^^^^^^^^^^^^
UnicodeEncodeError: 'charmap' codec can't encode character '\u274c' in position 4: character maps to <undefined>
[INFO] === motor_fase4.py | Obra: Obra_TREINO_1 | Pav: 2PAV ===
[INFO] Carregado: D:\Agente-cad-PYSIDE\DADOS-OBRAS\Obra_TREINO_1\Fase-3_Interpretacao_Extracao\Pilares\pilares_bh.json (36 itens)
[INFO] Assembly data carregado: 35 pilares (pilares_assembly.json)
[INFO]   ‚úÖ Pilar P1: 88.0x24.0cm, h=280.0cm grade_1=88
[INFO]   ‚úÖ Pilar P2: 88.0x30.0cm, h=280.0cm grade_1=88
[INFO]   ‚úÖ Pilar P3: 82.0x24.0cm, h=280.0cm grade_1=88
[INFO]   ‚úÖ Pilar P4: 82.0x24.0cm, h=280.0cm grade_1=88
[INFO]   ‚úÖ Pilar P5: 82.0x24.0cm, h=280.0cm grade_1=88
[INFO]   ‚úÖ Pilar P6: 82.0x24.0cm, h=280.0cm grade_1=88
[INFO]   ‚úÖ Pilar P7: 82.0x24.0cm, h=280.0cm grade_1=88
[INFO]   ‚úÖ Pilar P8: 82.0x27.0cm, h=280.0cm grade_1=126
[INFO]   ‚úÖ Pilar P9: 97.0x30.0cm, h=280.0cm grade_1=82
[INFO]   ‚úÖ Pilar P10: 97.0x82.0cm, h=280.0cm grade_1=102
[INFO]   ‚úÖ Pilar P11: 97.0x30.0cm, h=280.0cm grade_1=102
[INFO]   ‚úÖ Pilar P12: 97.0x44.0cm, h=280.0cm grade_1=120
[INFO]   ‚úÖ Pilar P13: 92.0x24.0cm, h=280.0cm grade_1=120
[INFO]   ‚úÖ Pilar P14: 54.0x24.0cm, h=280.0cm grade_1=122
[INFO]   ‚úÖ Pilar P15: 67.0x45.0cm, h=280.0cm grade_1=122
[INFO]   ‚úÖ Pilar P16: 97.0x43.0cm, h=280.0cm grade_1=122
[INFO]   ‚úÖ Pilar P17: 97.0x30.0cm, h=280.0cm grade_1=70
[INFO]   ‚úÖ Pilar P18: 97.0x72.0cm, h=280.0cm grade_1=72
[INFO]   ‚úÖ Pilar P19: 97.0x30.0cm, h=280.0cm grade_1=102
[INFO]   ‚úÖ Pilar P20: 54.0x23.0cm, h=280.0cm grade_1=108
[INFO]   ‚úÖ Pilar P21: 84.0x56.0cm, h=280.0cm grade_1=108
[INFO]   ‚úÖ Pilar P22: 80.0x60.0cm, h=280.0cm grade_1=122
[INFO]   ‚úÖ Pilar P23: 67.0x45.0cm, h=280.0cm grade_1=122
[INFO]   ‚úÖ Pilar P24: 97.0x19.0cm, h=280.0cm grade_1=102
[INFO]   ‚úÖ Pilar P25: 82.0x30.0cm, h=280.0cm grade_1=122
[INFO]   ‚úÖ Pilar P26: 54.0x52.0cm, h=280.0cm grade_1=102
[INFO]   ‚úÖ Pilar P27: 81.0x19.0cm, h=280.0cm grade_1=88
[INFO]   ‚úÖ Pilar P28: 97.0x30.0cm, h=280.0cm grade_1=102
[INFO]   ‚úÖ Pilar P29: 88.0x24.0cm, h=280.0cm grade_1=88
[INFO]   ‚úÖ Pilar P30: 92.0x27.0cm, h=280.0cm grade_1=88
[INFO]   ‚úÖ Pilar P31: 92.0x27.0cm, h=280.0cm grade_1=88
[INFO]   ‚úÖ Pilar P32: 92.0x27.0cm, h=280.0cm grade_1=88
[INFO]   ‚úÖ Pilar P33: 97.0x19.0cm, h=280.0cm grade_1=122
[INFO]   ‚úÖ Pilar P34: 82.0x19.0cm, h=280.0cm grade_1=82
[INFO]   ‚úÖ Pilar P35: 82.0x19.0cm, h=280.0cm grade_1=82
[INFO] Pilares: 35 processados -> D:\Agente-cad-PYSIDE\DADOS-OBRAS\Obra_TREINO_1\Fase-4_Sincronizacao\pilares_salvos.json
[INFO] Carregado: D:\Agente-cad-PYSIDE\DADOS-OBRAS\Obra_TREINO_1\Fase-3_Interpretacao_Extracao\Vigas\vigas.json (32 itens)
[INFO]   ‚úÖ Viga V51: b=19.0cm, h=110.0cm, L=405.5cm -> A+B
[INFO]   ‚úÖ Viga V52: b=19.0cm, h=110.0cm, L=246.0cm -> A+B
[INFO]   ‚úÖ Viga V53: b=19.0cm, h=110.0cm, L=244.0cm -> A+B
[INFO]   ‚úÖ Viga V54: b=19.0cm, h=38.0cm, L=244.0cm -> A+B
[INFO]   ‚úÖ Viga V55: b=19.0cm, h=38.0cm, L=244.0cm -> A+B
[INFO]   ‚úÖ Viga V56: b=19.0cm, h=38.0cm, L=244.0cm -> A+B
[INFO]   ‚úÖ Viga V57: b=19.0cm, h=110.0cm, L=246.0cm -> A+B
[INFO]   ‚úÖ Viga V58: b=19.0cm, h=38.0cm, L=244.0cm -> A+B
[INFO]   ‚úÖ Viga V59: b=19.0cm, h=110.0cm, L=246.0cm -> A+B
[INFO]   ‚úÖ Viga V60: b=19.0cm, h=100.0cm, L=246.0cm -> A+B
[INFO]   ‚úÖ Viga V61: b=19.0cm, h=38.0cm, L=244.0cm -> A+B
[INFO]   ‚úÖ Viga V62: b=19.0cm, h=38.0cm, L=244.0cm -> A+B
[INFO]   ‚úÖ Viga V63: b=19.0cm, h=38.0cm, L=246.0cm -> A+B
[INFO]   ‚úÖ Viga V64: b=19.0cm, h=38.0cm, L=246.0cm -> A+B
[INFO]   ‚úÖ Viga V65: b=19.0cm, h=38.0cm, L=244.0cm -> A+B
[INFO]   ‚úÖ Viga V66: b=19.0cm, h=38.0cm, L=334.0cm -> A+B
[INFO]   ‚úÖ Viga V67: b=19.0cm, h=38.0cm, L=246.0cm -> A+B
[INFO]   ‚úÖ Viga V68: b=19.0cm, h=38.0cm, L=246.0cm -> A+B
[INFO]   ‚úÖ Viga V69: b=19.0cm, h=38.0cm, L=182.0cm -> A+B
[INFO]   ‚úÖ Viga V70: b=19.0cm, h=38.0cm, L=182.0cm -> A+B
[INFO]   ‚úÖ Viga V71: b=19.0cm, h=38.0cm, L=244.0cm -> A+B
[INFO]   ‚úÖ Viga V72: b=19.0cm, h=38.0cm, L=244.0cm -> A+B
[INFO]   ‚úÖ Viga V73: b=19.0cm, h=38.0cm, L=244.0cm -> A+B
[INFO]   ‚úÖ Viga V74: b=19.0cm, h=38.0cm, L=244.0cm -> A+B
[INFO]   ‚úÖ Viga V75: b=19.0cm, h=38.0cm, L=244.0cm -> A+B
[INFO]   ‚úÖ Viga V76: b=19.0cm, h=38.0cm, L=244.0cm -> A+B
[INFO]   ‚úÖ Viga V77: b=19.0cm, h=28.0cm, L=244.0cm -> A+B
[INFO]   ‚úÖ Viga V78: b=19.0cm, h=38.0cm, L=244.0cm -> A+B
[INFO]   ‚úÖ Viga V79: b=19.0cm, h=38.0cm, L=244.0cm -> A+B
[INFO]   ‚úÖ Viga V80: b=19.0cm, h=38.0cm, L=244.0cm -> A+B
[INFO]   ‚úÖ Viga V81: b=19.0cm, h=28.0cm, L=244.0cm -> A+B
[INFO] Vigas: 31 processadas -> D:\Agente-cad-PYSIDE\DADOS-OBRAS\Obra_TREINO_1\Fase-4_Sincronizacao\vigas_salvas.json
[INFO] Carregado: D:\Agente-cad-PYSIDE\DADOS-OBRAS\Obra_TREINO_1\Fase-3_Interpretacao_Extracao\Lajes\lajes.json (50 itens)
[INFO] [CAD-7.2] Pontaletes carregados: 23 lajes
[INFO]   ‚úÖ Laje L51: 395.0x423.0cm, 4 cortes
[INFO]   ‚úÖ Laje L52: 389.0x423.0cm, 4 cortes
[INFO]   ‚úÖ Laje L53: 371.0x423.0cm, 4 cortes
[INFO]   ‚úÖ Laje L54: 371.0x423.0cm, 4 cortes
[INFO]   ‚úÖ Laje L55: 371.0x326.5cm, 4 cortes
[INFO]   ‚úÖ Laje L56: 371.0x324.0cm, 4 cortes
[INFO]   ‚úÖ Laje L57: 371.0x324.0cm, 4 cortes
[INFO]   ‚úÖ Laje L58: 371.0x423.0cm, 4 cortes
[INFO]   ‚úÖ Laje L59: 405.5x423.0cm, 5 cortes
[INFO]   ‚úÖ Laje L60: 418.0x423.0cm, 5 cortes
[INFO]   ‚úÖ Laje L61: 418.0x423.0cm, 5 cortes
[INFO]   ‚úÖ Laje L62: 418.0x423.0cm, 5 cortes
[INFO]   ‚úÖ Laje L63: 395.0x326.5cm, 4 cortes
[INFO]   ‚úÖ Laje L64: 395.0x324.0cm, 4 cortes
[INFO]   ‚úÖ Laje L65: 418.0x324.0cm, 5 cortes
[INFO]   ‚úÖ Laje L66: 405.5x423.0cm, 5 cortes
[INFO]   ‚úÖ Laje L67: 1887.0x152.0cm, 19 cortes
[INFO]   ‚úÖ Laje L68: 394.5x197.1cm, 4 cortes
[INFO]   ‚úÖ Laje L69: 418.0x423.0cm, 5 cortes
[INFO]   ‚úÖ Laje L70: 418.0x423.0cm, 5 cortes
[INFO]   ‚úÖ Laje L71: 418.0x423.0cm, 5 cortes
[INFO]   ‚úÖ Laje L72: 418.0x423.0cm, 5 cortes
[INFO]   ‚úÖ Laje L73: 418.0x423.0cm, 5 cortes
[INFO]   ‚úÖ Laje L74: 129.0x459.0cm, 2 cortes
[INFO]   ‚úÖ Laje L75: 233.8x423.0cm, 3 cortes
[INFO]   ‚úÖ Laje L76: 410.0x423.0cm, 5 cortes
[INFO]   ‚úÖ Laje L77: 387.0x423.0cm, 4 cortes
[INFO]   ‚úÖ Laje L78: 356.0x423.0cm, 4 cortes
[INFO]   ‚úÖ Laje L79: 356.0x423.0cm, 4 cortes
[INFO]   ‚úÖ Laje L80: 389.5x423.0cm, 4 cortes
[INFO]   ‚úÖ Laje L101: 244.0x244.0cm, 3 cortes
[INFO]   ‚úÖ Laje L102: 244.0x244.0cm, 3 cortes
[INFO]   ‚úÖ Laje L112: 91.5x91.5cm, 1 cortes
[INFO]   ‚úÖ Laje L114: 244.0x244.0cm, 3 cortes
[INFO]   ‚úÖ Laje L115: 515.8x244.0cm, 6 cortes
[INFO]   ‚úÖ Laje L118: 351.0x244.0cm, 4 cortes
[INFO]   ‚úÖ Laje L122: 244.0x244.0cm, 3 cortes
[INFO]   ‚úÖ Laje L201: 660.0x244.0cm, 7 cortes
[INFO]   ‚úÖ Laje L202: 298.8x244.0cm, 3 cortes
[INFO]   ‚úÖ Laje L203: 244.0x151.5cm, 3 cortes
[INFO]   ‚úÖ Laje L204: 685.5x244.0cm, 7 cortes
[INFO]   ‚úÖ Laje L205: 244.0x211.0cm, 3 cortes
[INFO]   ‚úÖ Laje L206: 244.0x122.0cm, 3 cortes
[INFO]   ‚úÖ Laje L208: 244.0x226.2cm, 3 cortes
[INFO]   ‚úÖ Laje L209: 244.0x104.5cm, 3 cortes
[INFO]   ‚úÖ Laje L210: 732.0x244.0cm, 8 cortes
[INFO]   ‚úÖ Laje L211: 708.0x244.0cm, 8 cortes
[INFO]   ‚úÖ Laje L212: 271.0x244.0cm, 3 cortes
[INFO]   ‚úÖ Laje L213: 433.0x244.0cm, 5 cortes
[INFO] Lajes: 49 processadas -> D:\Agente-cad-PYSIDE\DADOS-OBRAS\Obra_TREINO_1\Fase-4_Sincronizacao\lajes_salvas.json
[INFO] obras_salvas.json: 35 pilares ‚Üí D:\Agente-cad-PYSIDE\DADOS-OBRAS\Obra_TREINO_1\Fase-4_Sincronizacao\obras_salvas.json
[INFO] === RESULTADO: 35 pilares, 31 vigas, 49 lajes | 0 erros ===
[INFO] === RELAT√ìRIO DE COMPLETUDE SA ===
[INFO]   PL: 35 itens | m√©dia=100.0% | abaixo_80%=0
[INFO]   LV: 62 itens | m√©dia=100.0% | abaixo_80%=0
[INFO]   FV: 31 itens | m√©dia=100.0% | abaixo_80%=0
[INFO]   LJ: 49 itens | m√©dia=100.0% | abaixo_80%=0
[INFO] ==================================
  pilares_bh.json: 36 pilares

=== GERANDO DXF PILARES (35 pilares) ===
  P1: b=24 h=88 paineis=12 alt=280cm [BH-extraido]
  P10: b=82 h=97 paineis=12 alt=280cm [BH-extraido]
  P11: b=30 h=97 paineis=12 alt=280cm [BH-extraido]
  P12: b=44 h=97 paineis=12 alt=280cm [BH-extraido]
  P13: b=24 h=92 paineis=12 alt=280cm [BH-extraido]
  P14: b=24 h=54 paineis=12 alt=280cm [BH-extraido]
  P15: b=45 h=67 paineis=12 alt=280cm [BH-extraido]
  P16: b=43 h=97 paineis=12 alt=280cm [BH-extraido]
  P17: b=30 h=97 paineis=12 alt=280cm [BH-extraido]
  P18: b=72 h=97 paineis=12 alt=280cm [BH-extraido]
  P19: b=30 h=97 paineis=12 alt=280cm [BH-extraido]
  P2: b=30 h=88 paineis=12 alt=280cm [BH-extraido]
  P20: b=23 h=54 paineis=12 alt=280cm [BH-extraido]
  P21: b=56 h=84 paineis=12 alt=280cm [BH-extraido]
  P22: b=60 h=80 paineis=12 alt=280cm [BH-extraido]
  P23: b=45 h=67 paineis=12 alt=280cm [BH-extraido]
  P24: b=19 h=97 paineis=12 alt=280cm [BH-extraido]
  P25: b=30 h=82 paineis=12 alt=280cm [BH-extraido]
  P26: b=52 h=54 paineis=12 alt=280cm [BH-extraido]
  P27: b=19 h=81 paineis=12 alt=280cm [BH-extraido]
  P28: b=30 h=97 paineis=12 alt=280cm [BH-extraido]
  P29: b=24 h=88 paineis=12 alt=280cm [BH-extraido]
  P3: b=24 h=82 paineis=12 alt=280cm [BH-extraido]
  P30: b=27 h=92 paineis=12 alt=280cm [BH-extraido]
  P31: b=27 h=92 paineis=12 alt=280cm [BH-extraido]
  P32: b=27 h=92 paineis=12 alt=280cm [BH-extraido]
  P33: b=19 h=97 paineis=12 alt=280cm [BH-extraido]
  P34: b=19 h=82 paineis=12 alt=280cm [BH-extraido]
  P35: b=19 h=82 paineis=12 alt=280cm [BH-extraido]
  P4: b=24 h=82 paineis=12 alt=280cm [BH-extraido]
  P5: b=24 h=82 paineis=12 alt=280cm [BH-extraido]
  P6: b=24 h=82 paineis=12 alt=280cm [BH-extraido]
  P7: b=24 h=82 paineis=12 alt=280cm [BH-extraido]
  P8: b=27 h=82 paineis=12 alt=280cm [BH-extraido]
  P9: b=30 h=97 paineis=12 alt=280cm [BH-extraido]

=== RESULTADO: 35 DXFs gerados | 0 erros ===
  Relatorio: D:\Agente-cad-PYSIDE\DADOS-OBRAS\Obra_TREINO_1\Fase-5_Geracao_Scripts\DXF_Pilares\_relatorio.json
  DXFs em: D:\Agente-cad-PYSIDE\DADOS-OBRAS\Obra_TREINO_1\Fase-5_Geracao_Scripts\DXF_Pilares

  Proximo: python scripts/comparar_dxf_pilares.py --obra D:\Agente-cad-PYSIDE\DADOS-OBRAS\Obra_TREINO_1

=== GERANDO DXF VIGAS (31 vigas) ===
  V51: b=19 h=110 L=406cm | paineis A=4 B=4 F=4
  V52: b=19 h=110 L=246cm | paineis A=3 B=3 F=3
  V53: b=19 h=110 L=244cm | paineis A=3 B=3 F=3
  V54: b=19 h=38 L=244cm | paineis A=3 B=3 F=3
  V55: b=19 h=38 L=244cm | paineis A=3 B=3 F=3
  V56: b=19 h=38 L=244cm | paineis A=3 B=3 F=3
  V57: b=19 h=110 L=246cm | paineis A=3 B=3 F=3
  V58: b=19 h=38 L=244cm | paineis A=3 B=3 F=3
  V59: b=19 h=110 L=246cm | paineis A=3 B=3 F=3
  V60: b=19 h=100 L=246cm | paineis A=3 B=3 F=3
  V61: b=19 h=38 L=244cm | paineis A=3 B=3 F=3
  V62: b=19 h=38 L=244cm | paineis A=3 B=3 F=3
  V63: b=19 h=38 L=246cm | paineis A=3 B=3 F=3
  V64: b=19 h=38 L=246cm | paineis A=3 B=3 F=3
  V65: b=19 h=38 L=244cm | paineis A=3 B=3 F=3
  V66: b=19 h=38 L=334cm | paineis A=3 B=3 F=3
  V67: b=19 h=38 L=246cm | paineis A=3 B=3 F=3
  V68: b=19 h=38 L=246cm | paineis A=3 B=3 F=3
  V69: b=19 h=38 L=182cm | paineis A=2 B=2 F=2
  V70: b=19 h=38 L=182cm | paineis A=2 B=2 F=2
  V71: b=19 h=38 L=244cm | paineis A=3 B=3 F=3
  V72: b=19 h=38 L=244cm | paineis A=3 B=3 F=3
  V73: b=19 h=38 L=244cm | paineis A=3 B=3 F=3
  V74: b=19 h=38 L=244cm | paineis A=3 B=3 F=3
  V75: b=19 h=38 L=244cm | paineis A=3 B=3 F=3
  V76: b=19 h=38 L=244cm | paineis A=3 B=3 F=3
  V77: b=19 h=28 L=244cm | paineis A=3 B=3 F=3
  V78: b=19 h=38 L=244cm | paineis A=3 B=3 F=3
  V79: b=19 h=38 L=244cm | paineis A=3 B=3 F=3
  V80: b=19 h=38 L=244cm | paineis A=3 B=3 F=3
  V81: b=19 h=28 L=244cm | paineis A=3 B=3 F=3

=== RESULTADO: 31 DXFs gerados | 0 erros ===
  Relatorio: D:\Agente-cad-PYSIDE\DADOS-OBRAS\Obra_TREINO_1\Fase-5_Geracao_Scripts\DXF_Vigas\_relatorio.json
  DXFs em: D:\Agente-cad-PYSIDE\DADOS-OBRAS\Obra_TREINO_1\Fase-5_Geracao_Scripts\DXF_Vigas

  Proximo: python scripts/comparar_dxf_vigas.py --obra D:\Agente-cad-PYSIDE\DADOS-OBRAS\Obra_TREINO_1

=== GERANDO DXF LAJES (49 lajes) ===
  L51: 395.0x423.0cm paineis=5x1 area=167085cm2
  L52: 389.0x423.0cm paineis=5x1 area=164547cm2
  L53: 371.0x423.0cm paineis=5x1 area=156933cm2
  L54: 371.0x423.0cm paineis=5x1 area=156933cm2
  L55: 371.0x326.5cm paineis=5x1 area=121132cm2
  L56: 371.0x324.0cm paineis=5x1 area=120204cm2
  L57: 371.0x324.0cm paineis=5x1 area=120204cm2
  L58: 371.0x423.0cm paineis=5x1 area=156933cm2
  L59: 405.5x423.0cm paineis=6x1 area=171526cm2
  L60: 418.0x423.0cm paineis=6x1 area=176814cm2
  L61: 418.0x423.0cm paineis=6x1 area=176814cm2
  L62: 418.0x423.0cm paineis=6x1 area=176814cm2
  L63: 395.0x326.5cm paineis=5x1 area=128968cm2
  L64: 395.0x324.0cm paineis=5x1 area=127980cm2
  L65: 418.0x324.0cm paineis=6x1 area=135432cm2
  L66: 405.5x423.0cm paineis=6x1 area=171526cm2
  L67: 1887.0x152.0cm paineis=20x1 area=286824cm2
  L68: 394.5x197.1cm paineis=5x1 area=77756cm2
  L69: 418.0x423.0cm paineis=6x1 area=176814cm2
  L70: 418.0x423.0cm paineis=6x1 area=176814cm2
  L71: 418.0x423.0cm paineis=6x1 area=176814cm2
  L72: 418.0x423.0cm paineis=6x1 area=176814cm2
  L73: 418.0x423.0cm paineis=6x1 area=176814cm2
  L74: 129.0x459.0cm paineis=3x1 area=59211cm2
  L75: 233.8x423.0cm paineis=4x1 area=98897cm2
  L76: 410.0x423.0cm paineis=6x1 area=173430cm2
  L77: 387.0x423.0cm paineis=5x1 area=163701cm2
  L78: 356.0x423.0cm paineis=5x1 area=150588cm2
  L79: 356.0x423.0cm paineis=5x1 area=150588cm2
  L80: 389.5x423.0cm paineis=5x1 area=164758cm2
  L101: 244.0x244.0cm paineis=4x1 area=59536cm2
  L102: 244.0x244.0cm paineis=4x1 area=59536cm2
  L112: 91.5x91.5cm paineis=2x1 area=8372cm2
  L114: 244.0x244.0cm paineis=4x1 area=59536cm2
  L115: 515.8x244.0cm paineis=7x1 area=125855cm2
  L118: 351.0x244.0cm paineis=5x1 area=85644cm2
  L122: 244.0x244.0cm paineis=4x1 area=59536cm2
  L201: 660.0x244.0cm paineis=8x1 area=161040cm2
  L202: 298.8x244.0cm paineis=4x1 area=72907cm2
  L203: 244.0x151.5cm paineis=4x1 area=36966cm2
  L204: 685.5x244.0cm paineis=8x1 area=167262cm2
  L205: 244.0x211.0cm paineis=4x1 area=51484cm2
  L206: 244.0x122.0cm paineis=4x1 area=29768cm2
  L208: 244.0x226.2cm paineis=4x1 area=55193cm2
  L209: 244.0x104.5cm paineis=4x1 area=25498cm2
  L210: 732.0x244.0cm paineis=9x1 area=178608cm2
  L211: 708.0x244.0cm paineis=9x1 area=172752cm2
  L212: 271.0x244.0cm paineis=4x1 area=66124cm2
  L213: 433.0x244.0cm paineis=6x1 area=105652cm2

=== RESULTADO: 49 DXFs gerados | 0 erros ===
  Relatorio: D:\Agente-cad-PYSIDE\DADOS-OBRAS\Obra_TREINO_1\Fase-5_Geracao_Scripts\DXF_Lajes\_relatorio.json
  DXFs em: D:\Agente-cad-PYSIDE\DADOS-OBRAS\Obra_TREINO_1\Fase-5_Geracao_Scripts\DXF_Lajes

  Proximo: python scripts/comparar_dxf.py --obra D:\Agente-cad-PYSIDE\DADOS-OBRAS\Obra_TREINO_1
Processando 35 pilares [pavimento completo] (3 zones: ABCD/CIMA/GRADES)
  ABCD zone: X=-7000
  CIMA zone: X=0
  GRADES zone: X=4000

  [ 1] P1: 88.0x24.0cm h=280cm  entities=169
  [ 2] P2: 88.0x30.0cm h=280cm  entities=171
  [ 3] P3: 82.0x24.0cm h=280cm  entities=169
  [ 4] P4: 82.0x24.0cm h=280cm  entities=169
  [ 5] P5: 82.0x24.0cm h=280cm  entities=169
  [ 6] P6: 82.0x24.0cm h=280cm  entities=169
  [ 7] P7: 82.0x24.0cm h=280cm  entities=169
  [ 8] P8: 82.0x27.0cm h=280cm  entities=169
  [ 9] P9: 97.0x30.0cm h=280cm  entities=171
  [10] P10: 97.0x82.0cm h=280cm  entities=176
  [11] P11: 97.0x30.0cm h=280cm  entities=171
  [12] P12: 97.0x44.0cm h=280cm  entities=176
  [13] P13: 92.0x24.0cm h=280cm  entities=169
  [14] P14: 54.0x24.0cm h=280cm  entities=169
  [15] P15: 67.0x45.0cm h=280cm  entities=176
  [16] P16: 97.0x43.0cm h=280cm  entities=176
  [17] P17: 97.0x30.0cm h=280cm  entities=171
  [18] P18: 97.0x72.0cm h=280cm  entities=176
  [19] P19: 97.0x30.0cm h=280cm  entities=171
  [20] P20: 54.0x23.0cm h=280cm  entities=169
  [21] P21: 84.0x56.0cm h=280cm  entities=176
  [22] P22: 80.0x60.0cm h=280cm  entities=176
  [23] P23: 67.0x45.0cm h=280cm  entities=176
  [24] P24: 97.0x19.0cm h=280cm  entities=169
  [25] P25: 82.0x30.0cm h=280cm  entities=171
  [26] P26: 54.0x52.0cm h=280cm  entities=176
  [27] P27: 81.0x19.0cm h=280cm  entities=169
  [28] P28: 97.0x30.0cm h=280cm  entities=171
  [29] P29: 88.0x24.0cm h=280cm  entities=169
  [30] P30: 92.0x27.0cm h=280cm  entities=169
  [31] P31: 92.0x27.0cm h=280cm  entities=169
  [32] P32: 92.0x27.0cm h=280cm  entities=169
  [33] P33: 97.0x19.0cm h=280cm  entities=169
  [34] P34: 82.0x19.0cm h=280cm  entities=169
  [35] P35: 82.0x19.0cm h=280cm  entities=169
  [ADAPTIVE] +6 sentinel(s): ['CARIMBO', 'NIVEL 2¬∞ PAV.', 'SARR_7x7', 'SARR_EDITAR', 'Sarr 2.2x7', 'Texto N√≠vel']
  [PRUNE] 143 entidades removidas (layers fora do STOG PL)

Total entities: 5992
DXF: D:\Agente-cad-PYSIDE\DADOS-OBRAS\Obra_TREINO_1\Fase-6_Execucao_CAD\PL_stog_quality.dxf
Preview: D:\Agente-cad-PYSIDE\DADOS-OBRAS\Obra_TREINO_1\Fase-6_Execucao_CAD\PL_stog_quality.png
Processando 31 vigas laterais -> LV_stog_quality.dxf
  [SKIP-LAYERS] pulando layers ausentes no STOG: ['SCO-___-LAJ', 'TENSOR', 'barrote', 'presilha']
  V51     : comp=406cm  h_A=59  h_B=45  b=19  paineis=4  widths=[120,120,120,46]
  V66     : comp=334cm  h_A=23  h_B=10  b=19  paineis=3  widths=[120,120,94]
  V52     : comp=246cm  h_A=59  h_B=45  b=19  paineis=3  widths=[120,120,6]
  V57     : comp=246cm  h_A=59  h_B=45  b=19  paineis=3  widths=[120,120,6]
  V59     : comp=246cm  h_A=59  h_B=45  b=19  paineis=3  widths=[120,120,6]
  V60     : comp=246cm  h_A=54  h_B=40  b=19  paineis=3  widths=[120,120,6]
  V63     : comp=246cm  h_A=23  h_B=10  b=19  paineis=3  widths=[120,120,6]
  V64     : comp=246cm  h_A=23  h_B=10  b=19  paineis=3  widths=[120,120,6]
  V67     : comp=246cm  h_A=23  h_B=10  b=19  paineis=3  widths=[120,120,6]
  V68     : comp=246cm  h_A=23  h_B=10  b=19  paineis=3  widths=[120,120,6]
  V53     : comp=244cm  h_A=59  h_B=45  b=19  paineis=3  widths=[120,120,4]
  V54     : comp=244cm  h_A=23  h_B=10  b=19  paineis=3  widths=[120,120,4]
  V55     : comp=244cm  h_A=23  h_B=10  b=19  paineis=3  widths=[120,120,4]
  V56     : comp=244cm  h_A=23  h_B=10  b=19  paineis=3  widths=[120,120,4]
  V58     : comp=244cm  h_A=23  h_B=10  b=19  paineis=3  widths=[120,120,4]
  V61     : comp=244cm  h_A=23  h_B=10  b=19  paineis=3  widths=[120,120,4]
  V62     : comp=244cm  h_A=23  h_B=10  b=19  paineis=3  widths=[120,120,4]
  V65     : comp=244cm  h_A=23  h_B=10  b=19  paineis=3  widths=[120,120,4]
  V71     : comp=244cm  h_A=23  h_B=10  b=19  paineis=3  widths=[120,120,4]
  V72     : comp=244cm  h_A=23  h_B=10  b=19  paineis=3  widths=[120,120,4]
  V73     : comp=244cm  h_A=23  h_B=10  b=19  paineis=3  widths=[120,120,4]
  V74     : comp=244cm  h_A=23  h_B=10  b=19  paineis=3  widths=[120,120,4]
  V75     : comp=244cm  h_A=23  h_B=10  b=19  paineis=3  widths=[120,120,4]
  V76     : comp=244cm  h_A=23  h_B=10  b=19  paineis=3  widths=[120,120,4]
  V77     : comp=244cm  h_A=18  h_B=10  b=19  paineis=3  widths=[120,120,4]
  V78     : comp=244cm  h_A=23  h_B=10  b=19  paineis=3  widths=[120,120,4]
  V79     : comp=244cm  h_A=23  h_B=10  b=19  paineis=3  widths=[120,120,4]
  V80     : comp=244cm  h_A=23  h_B=10  b=19  paineis=3  widths=[120,120,4]
  V81     : comp=244cm  h_A=18  h_B=10  b=19  paineis=3  widths=[120,120,4]
  V69     : comp=182cm  h_A=23  h_B=10  b=19  paineis=2  widths=[120,62]
  V70     : comp=182cm  h_A=23  h_B=10  b=19  paineis=2  widths=[120,62]
  [ADAPTIVE] +5 sentinel(s): ['Cotas', 'REAPROVEITAMENTO', 'SARRAFO DE PRESSAO', 'SARR_EDITAR', 'TEXTO PILAR']
  [PRUNE] 260 entidades removidas (layers fora do STOG LV)

DXF: D:\Agente-cad-PYSIDE\DADOS-OBRAS\Obra_TREINO_1\Fase-6_Execucao_CAD\LV_stog_quality.dxf
Preview: D:\Agente-cad-PYSIDE\DADOS-OBRAS\Obra_TREINO_1\Fase-6_Execucao_CAD\LV_stog_quality.png
[FV-FILTER] Apenas 1 valor de b=19.0cm ‚Äî sem filtro.
Processando 31 vigas -> 8 fileiras
  V51     : 406x19cm  row=0
  V66     : 334x19cm  row=0
  V52     : 246x19cm  row=0
  V57     : 246x19cm  row=1
  V59     : 246x19cm  row=1
  V60     : 246x19cm  row=1
  V63     : 246x19cm  row=1
  V64     : 246x19cm  row=2
  V67     : 246x19cm  row=2
  V68     : 246x19cm  row=2
  V53     : 244x19cm  row=2
  V54     : 244x19cm  row=3
  V55     : 244x19cm  row=3
  V56     : 244x19cm  row=3
  V58     : 244x19cm  row=3
  V61     : 244x19cm  row=4
  V62     : 244x19cm  row=4
  V65     : 244x19cm  row=4
  V71     : 244x19cm  row=4
  V72     : 244x19cm  row=5
  V73     : 244x19cm  row=5
  V74     : 244x19cm  row=5
  V75     : 244x19cm  row=5
  V76     : 244x19cm  row=6
  V77     : 244x19cm  row=6
  V78     : 244x19cm  row=6
  V79     : 244x19cm  row=6
  V80     : 244x19cm  row=7
  V81     : 244x19cm  row=7
  V69     : 182x19cm  row=7
  V70     : 182x19cm  row=7
  [ADAPTIVE] +2 sentinel(s): ['00 - FELIPE', 'SARR_EDITAR']
  [PRUNE] 109 entidades removidas (layers fora do STOG FV)

DXF: D:\Agente-cad-PYSIDE\DADOS-OBRAS\Obra_TREINO_1\Fase-6_Execucao_CAD\FV_stog_quality.dxf
Preview: D:\Agente-cad-PYSIDE\DADOS-OBRAS\Obra_TREINO_1\Fase-6_Execucao_CAD\FV_stog_quality.png
Processando 49 lajes -> LJ_stog_quality.dxf  (mode=planta)
  [ 1] L51: 395x423cm  pos=(0,0)  panels=5
  [ 2] L52: 389x423cm  pos=(0,0)  panels=5
  [ 3] L53: 371x423cm  pos=(0,0)  panels=5
  [ 4] L54: 371x423cm  pos=(0,0)  panels=5
  [ 5] L55: 371x326cm  pos=(0,0)  panels=5
  [ 6] L56: 371x324cm  pos=(0,0)  panels=5
  [ 7] L57: 371x324cm  pos=(0,0)  panels=5
  [ 8] L58: 371x423cm  pos=(0,0)  panels=5
  [ 9] L59: 406x423cm  pos=(0,0)  panels=6
  [10] L60: 418x423cm  pos=(0,0)  panels=6
  [11] L61: 418x423cm  pos=(0,0)  panels=6
  [12] L62: 418x423cm  pos=(0,0)  panels=6
  [13] L63: 395x326cm  pos=(0,0)  panels=5
  [14] L64: 395x324cm  pos=(0,0)  panels=5
  [15] L65: 418x324cm  pos=(0,0)  panels=6
  [16] L66: 406x423cm  pos=(0,0)  panels=6
  [17] L67: 1887x152cm  pos=(0,0)  panels=20
  [18] L68: 394x197cm  pos=(0,0)  panels=5
  [19] L69: 418x423cm  pos=(0,0)  panels=6
  [20] L70: 418x423cm  pos=(0,0)  panels=6
  [21] L71: 418x423cm  pos=(0,0)  panels=6
  [22] L72: 418x423cm  pos=(0,0)  panels=6
  [23] L73: 418x423cm  pos=(0,0)  panels=6
  [24] L74: 129x459cm  pos=(0,0)  panels=3
  [25] L75: 234x423cm  pos=(0,0)  panels=4
  [26] L76: 410x423cm  pos=(0,0)  panels=6
  [27] L77: 387x423cm  pos=(0,0)  panels=5
  [28] L78: 356x423cm  pos=(0,0)  panels=5
  [29] L79: 356x423cm  pos=(0,0)  panels=5
  [30] L80: 390x423cm  pos=(0,0)  panels=5
  [31] L101: 244x244cm  pos=(0,0)  panels=4
  [32] L102: 244x244cm  pos=(0,0)  panels=4
  [33] L112: 92x92cm  pos=(0,0)  panels=2
  [34] L114: 244x244cm  pos=(0,0)  panels=4
  [35] L115: 516x244cm  pos=(0,0)  panels=7
  [36] L118: 351x244cm  pos=(0,0)  panels=5
  [37] L122: 244x244cm  pos=(0,0)  panels=4
  [38] L201: 660x244cm  pos=(0,0)  panels=8
  [39] L202: 299x244cm  pos=(0,0)  panels=4
  [40] L203: 244x152cm  pos=(0,0)  panels=4
  [41] L204: 686x244cm  pos=(0,0)  panels=8
  [42] L205: 244x211cm  pos=(0,0)  panels=4
  [43] L206: 244x122cm  pos=(0,0)  panels=4
  [44] L208: 244x226cm  pos=(0,0)  panels=4
  [45] L209: 244x104cm  pos=(0,0)  panels=4
  [46] L210: 732x244cm  pos=(0,0)  panels=9
  [47] L211: 708x244cm  pos=(0,0)  panels=9
  [48] L212: 271x244cm  pos=(0,0)  panels=4
  [49] L213: 433x244cm  pos=(0,0)  panels=6
  Pilars drawn: 18
  [ADAPTIVE] +2 sentinel(s): ['1', 'REAPROVEITAMENTO']
  [PRUNE] 1 entidades removidas (layers fora do STOG LJ)

DXF (planta): D:\Agente-cad-PYSIDE\DADOS-OBRAS\Obra_TREINO_1\Fase-6_Execucao_CAD\LJ_stog_quality.dxf
Total panels: 272

=== Entity Summary (4353 total) ===
  9                           2186
  3                            835
  Pain√©is                      544
  4                            495
  AUX00                        223
  Hachura                       49
  7                             18
  0                              1
  1                              1
  REAPROVEITAMENTO               1

=== Types ===
  LINE                   2734
  TEXT                    736
  DIMENSION               321
  LWPOLYLINE              290
  MTEXT                   223
  HATCH                    49

=== COMPARADOR DXF vs. GROUND TRUTH (tol=5.0%) ===

--- PILARES ---
  Match rate: 100.0% (35/35)
  Erro mÈdio: 0.0%

--- VIGAS ---
  Match rate: 100.0% (31/31)
  Erro mÈdio: 0.0%

--- LAJES ---
  Match rate: 100.0% (49/49)
  Erro mÈdio: 0.0%

=== SCORE GERAL: 100.0% (PASS | meta: 75.0%) ===
  Pilares: 100.0% | Vigas: 100.0% | Lajes: 100.0%

  Relatorio: D:\Agente-cad-PYSIDE\DADOS-OBRAS\Obra_TREINO_1\Fase-5_Geracao_Scripts\_relatorio_comparacao.json
[INFO] === extrair_ancoras_dxf.py | Obra_TREINO_1 | 2PAV ===
[INFO] PL DXF: ALIMONTI - PARAISO - 2∞ PAV.- PL - R00.dxf
[INFO] Pilares: 35 ancoras extraidas do PL DXF
[INFO] Salvo: D:\Agente-cad-PYSIDE\DADOS-OBRAS\Obra_TREINO_1\Fase-3_Interpretacao_Extracao\ancoras_pilares.json (35 pilares)
[INFO] LV DXF: ALIMONTI - PARAISO - 2∞ PAV.- LV - R00.dxf
[INFO] Vigas: 31 ancoras extraidas do LV DXF
[INFO] Salvo: D:\Agente-cad-PYSIDE\DADOS-OBRAS\Obra_TREINO_1\Fase-3_Interpretacao_Extracao\ancoras_vigas.json (31 vigas)
[INFO] LJ DXF: ALIMONTI - PARAISO - 2∞ PAV.- LJ - R00.dxf
[INFO] Lajes: 30 ancoras extraidas do LJ DXF
[INFO] Salvo: D:\Agente-cad-PYSIDE\DADOS-OBRAS\Obra_TREINO_1\Fase-3_Interpretacao_Extracao\ancoras_lajes.json (30 lajes)

[RESULTADO]
  Pilares: 35 ancoras
  Vigas:   31 ancoras
  Lajes:   30 ancoras

  STATUS: OK (cobertura suficiente)
[INFO] === consolidar_dxf_pilares.py | Obra_TREINO_1 | 2PAV ===
  P1: ancora=(4387,11996) offset=(4230,11856) [18 ents]
  P2: ancora=(5976,11996) offset=(5813,11856) [18 ents]
  P3: ancora=(7565,11995) offset=(7414,11855) [18 ents]
  P4: ancora=(2797,10846) offset=(2646,10706) [18 ents]
  P5: ancora=(4402,10846) offset=(4251,10706) [18 ents]
  P6: ancora=(5980,10846) offset=(5829,10706) [18 ents]
  P7: ancora=(7565,10846) offset=(7414,10706) [18 ents]
  P8: ancora=(2797,9698) offset=(2643,9558) [18 ents]
  P9: ancora=(4378,9698) offset=(4206,9558) [18 ents]
  P10: ancora=(5980,9698) offset=(5756,9558) [18 ents]
  P11: ancora=(7551,9699) offset=(7379,9559) [18 ents]
  P12: ancora=(2494,6069) offset=(2308,5929) [18 ents]
  P13: ancora=(4385,8551) offset=(4224,8411) [18 ents]
  P14: ancora=(4617,6052) offset=(4494,5912) [18 ents]
  P15: ancora=(7540,8551) offset=(7383,8411) [18 ents]
  P16: ancora=(2583,5303) offset=(2398,5163) [18 ents]
  P17: ancora=(4401,7402) offset=(4229,7262) [18 ents]
  P18: ancora=(5957,7402) offset=(5743,7262) [18 ents]
  P19: ancora=(7551,7402) offset=(7379,7262) [18 ents]
  P20: ancora=(2671,4537) offset=(2549,4397) [18 ents]
  P21: ancora=(4385,6253) offset=(4200,6113) [18 ents]
  P22: ancora=(4794,4521) offset=(4609,4381) [18 ents]
  P23: ancora=(7540,6253) offset=(7383,6113) [18 ents]
  P24: ancora=(2789,5105) offset=(2628,4965) [18 ents]
  P25: ancora=(4395,5104) offset=(4238,4964) [18 ents]
  P26: ancora=(5879,4722) offset=(5728,4582) [18 ents]
  P27: ancora=(6385,3957) offset=(6240,3817) [18 ents]
  P28: ancora=(2780,2808) offset=(2608,2668) [18 ents]
  P29: ancora=(4373,2808) offset=(4216,2668) [18 ents]
  P30: ancora=(5956,2808) offset=(5792,2668) [18 ents]
  P31: ancora=(7541,2808) offset=(7377,2668) [18 ents]
  P32: ancora=(2786,1659) offset=(2622,1519) [18 ents]
  P33: ancora=(4372,1658) offset=(4211,1518) [18 ents]
  P34: ancora=(5074,6700) offset=(4928,6560) [18 ents]
  P35: ancora=(7562,1658) offset=(7416,1518) [18 ents]

[RESULTADO]
  Pilares consolidados: 35/35
  Output: D:\Agente-cad-PYSIDE\DADOS-OBRAS\Obra_TREINO_1\Fase-6_Execucao_CAD\PL_gerado.dxf
  ValidaÁ„o: 630 entidades no PL_gerado.dxf
  RelatÛrio: D:\Agente-cad-PYSIDE\DADOS-OBRAS\Obra_TREINO_1\Fase-6_Execucao_CAD\consolidacao_pilares.json
[INFO] === consolidar_dxf_vigas.py | Obra_TREINO_1 ===
  V51: ancora=(5631,4908) [34 ents]
  V52: ancora=(5863,4611) [28 ents]
  V53: ancora=(4405,5872) [28 ents]
  V54: ancora=(7604,4529) [28 ents]
  V55: ancora=(6164,4414) [28 ents]
  V56: ancora=(3490,6302) [28 ents]
  V57: ancora=(5053,5297) [28 ents]
  V58: ancora=(5565,4077) [28 ents]
  V59: ancora=(4613,7508) [28 ents]
  V60: ancora=(4576,7200) [28 ents]
  V61: ancora=(4766,6096) [28 ents]
  V62: ancora=(5906,7966) [28 ents]
  V63: ancora=(5903,5740) [28 ents]
  V64: ancora=(6585,8102) [28 ents]
  V65: ancora=(7488,5756) [28 ents]
  V66: ancora=(8220,5756) [28 ents]
  V67: ancora=(2733,4625) [28 ents]
  V68: ancora=(3465,4602) [28 ents]
  V69: ancora=(4526,5545) [22 ents]
  V70: ancora=(4097,6328) [22 ents]
  V71: ancora=(5410,6512) [28 ents]
  V72: ancora=(4307,6956) [28 ents]
  V73: ancora=(7427,4588) [28 ents]
  V74: ancora=(8043,4615) [28 ents]
  V75: ancora=(4614,6194) [28 ents]
  V76: ancora=(8451,4615) [28 ents]
  V77: ancora=(3475,3429) [28 ents]
  V78: ancora=(4310,3442) [28 ents]
  V79: ancora=(5130,3414) [28 ents]
  V80: ancora=(5626,6823) [28 ents]
  V81: ancora=(6757,3321) [28 ents]

[RESULTADO]
  LV_gerado.dxf: 31 vigas (862 entidades)
  FV_gerado.dxf: 31 vigas offset (862 entidades)
[INFO] === consolidar_dxf_lajes.py | Obra_TREINO_1 ===
  L51: ancora=(4025,3177) [11 ents]
  L52: ancora=(4464,3177) [11 ents]
  L53: ancora=(4901,3178) [11 ents]
  L54: ancora=(5337,3177) [11 ents]
  L55: ancora=(5759,3177) [11 ents]
  L56: ancora=(6205,3176) [11 ents]
  L57: ancora=(6639,3176) [11 ents]
  L58: ancora=(7081,3176) [11 ents]
  L59: ancora=(4020,2915) [13 ents]
  L60: ancora=(4444,2968) [13 ents]
  L61: ancora=(4889,2946) [13 ents]
  L62: ancora=(5337,2920) [13 ents]
  L63: ancora=(5763,2905) [11 ents]
  L64: ancora=(6211,2909) [11 ents]
  L65: ancora=(6650,2899) [13 ents]
  L66: ancora=(7074,2899) [13 ents]
  L67: ancora=(5323,2647) [41 ents]
  L68: ancora=(4023,2306) [11 ents]
  L69: ancora=(4428,2269) [13 ents]
  L70: ancora=(4896,2287) [13 ents]
  L71: ancora=(5318,2287) [13 ents]
  L72: ancora=(5799,2288) [13 ents]
  L73: ancora=(6189,2286) [13 ents]
  L74: ancora=(6522,2267) [7 ents]
  L75: ancora=(4134,2046) [9 ents]
  L76: ancora=(4426,2047) [13 ents]
  L77: ancora=(4897,2031) [11 ents]
  L78: ancora=(5336,2031) [11 ents]
  L79: ancora=(5784,2032) [11 ents]
  L80: ancora=(6220,2032) [11 ents]
  L101: ancora=(0,0) [9 ents]
  L102: ancora=(0,-1000) [9 ents]
  L112: ancora=(0,-2000) [5 ents]
  L114: ancora=(0,-3000) [9 ents]
  L115: ancora=(0,-4000) [15 ents]
  L118: ancora=(0,-5000) [11 ents]
  L122: ancora=(0,-6000) [9 ents]
  L201: ancora=(0,-7000) [17 ents]
  L202: ancora=(0,-8000) [9 ents]
  L203: ancora=(0,-9000) [9 ents]
  L204: ancora=(0,-10000) [17 ents]
  L205: ancora=(0,-11000) [9 ents]
  L206: ancora=(0,-12000) [9 ents]
  L208: ancora=(0,-13000) [9 ents]
  L209: ancora=(0,-14000) [9 ents]
  L210: ancora=(0,-15000) [19 ents]
  L211: ancora=(0,-16000) [19 ents]
  L212: ancora=(0,-17000) [9 ents]
  L213: ancora=(0,-18000) [13 ents]

[RESULTADO]
  Lajes consolidadas: 49/49
  Sem ancora: ['L101', 'L102', 'L112', 'L114', 'L115', 'L118', 'L122', 'L201', 'L202', 'L203', 'L204', 'L205', 'L206', 'L208', 'L209', 'L210', 'L211', 'L212', 'L213']
  LJ_gerado.dxf: 593 entidades
  Output: D:\Agente-cad-PYSIDE\DADOS-OBRAS\Obra_TREINO_1\Fase-6_Execucao_CAD\LJ_gerado.dxf
[INFO] === validar_dxf_coletivo.py | Obra_TREINO_1 | 2PAV ===

  [PILARES]
    GT: 35 | Gerado: 35 | Corretos: 35
    id_match: 100.0% | hallucination: 0.0%
    SCORE: 100.0% ó APROVADO

  [VIGAS]
    GT: 31 | Gerado: 31 | Corretos: 31
    id_match: 100.0% | hallucination: 0.0%
    SCORE: 100.0% ó APROVADO

  [LAJES]
    GT: 49 | Gerado: 49 | Corretos: 49
    id_match: 100.0% | hallucination: 0.0%
    SCORE: 100.0% ó APROVADO

[RESULTADO GLOBAL]
  Score global: 100.0%
  Status: APROVADO (>=90%)

[INFO] Salvo: D:\Agente-cad-PYSIDE\DADOS-OBRAS\Obra_TREINO_1\Fase-6_Execucao_CAD\validation_coletivo.json
[INFO] Processando 35 pilares \u2192 obras_salvas.json
[INFO]   P1: 88x24cm grade_1=88
[INFO]   P2: 88x30cm grade_1=88
[INFO]   P3: 82x24cm grade_1=88
[INFO]   P4: 82x24cm grade_1=88
[INFO]   P5: 82x24cm grade_1=88
[INFO]   P6: 82x24cm grade_1=88
[INFO]   P7: 82x24cm grade_1=88
[INFO]   P8: 82x27cm grade_1=126
[INFO]   P9: 97x30cm grade_1=82
[INFO]   P10: 97x82cm grade_1=102
[INFO]   P11: 97x30cm grade_1=102
[INFO]   P12: 97x44cm grade_1=120
[INFO]   P13: 92x24cm grade_1=120
[INFO]   P14: 54x24cm grade_1=122
[INFO]   P15: 67x45cm grade_1=122
[INFO]   P16: 97x43cm grade_1=122
[INFO]   P17: 97x30cm grade_1=70
[INFO]   P18: 97x72cm grade_1=72
[INFO]   P19: 97x30cm grade_1=102
[INFO]   P20: 54x23cm grade_1=108
[INFO]   P21: 84x56cm grade_1=108
[INFO]   P22: 80x60cm grade_1=122
[INFO]   P23: 67x45cm grade_1=122
[INFO]   P24: 97x19cm grade_1=102
[INFO]   P25: 82x30cm grade_1=122
[INFO]   P26: 54x52cm grade_1=102
[INFO]   P27: 81x19cm grade_1=88
[INFO]   P28: 97x30cm grade_1=102
[INFO]   P29: 88x24cm grade_1=88
[INFO]   P30: 92x27cm grade_1=88
[INFO]   P31: 92x27cm grade_1=88
[INFO]   P32: 92x27cm grade_1=88
[INFO]   P33: 97x19cm grade_1=122
[INFO]   P34: 82x19cm grade_1=82
[INFO]   P35: 82x19cm grade_1=82
[INFO] \u2705 obras_salvas.json gerado: 35 pilares \u2192 D:\Agente-cad-PYSIDE\DADOS-OBRAS\Obra_TREINO_1\Fase-4_Sincronizacao\obras_salvas.json
[INFO] \u2705 pavimentos_lista.json gerado \u2192 D:\Agente-cad-PYSIDE\DADOS-OBRAS\Obra_TREINO_1\Fase-4_Sincronizacao\pavimentos_lista.json

=================================================================
  RELAT√ìRIO DE FIDELIDADE ‚Äî Obra_TREINO_1 / 2PAV
=================================================================
  Tipo            Score    Limiar      Status
  --------------------------------------------------
  pilares      63.7/100    >=85.0      ‚ùå FAIL
  vigas        57.9/100    >=82.0      ‚ùå FAIL
  lajes        88.6/100    >=75.0      ‚úÖ PASS
  --------------------------------------------------
  GLOBAL       67.9/100    >=80.0  ‚ùå REPROVADO

  Fontes auxiliares:
    Coletivo IDs:   100.0%
    Pipeline E2E:    APROVADO

  ‚ÑπÔ∏è  Observa√ß√µes:
    ‚Ä¢ Vigas fundo (FV) abaixo do limiar (41.5/80.0). FV_gerado usa ezdxf simplificado ‚Äî sarrafos e chanfros incompletos.
    ‚Ä¢ Score coletivo (IDs): 100.0% ‚â• 95% ‚Äî pipeline de IDs aprovado.

[INFO] Relat√≥rio salvo em: D:\Agente-cad-PYSIDE\DADOS-OBRAS\Obra_TREINO_1\Fase-8_Revisao_Entrega\cert_2PAV\relatorio_fidelidade.json

============================================================
PIPELINE E2E ó Obra_TREINO_1 | 2PAV
============================================================

[FASE 1] Descoberta de DXFs
  [SKIP] dxf_discovery.json ja existe e contem Obra_TREINO_1

[FASE 2] Engenharia Reversa (Ground Truth)
  [RUN] engenharia_reversa_dxf.py ...
        -> OK (3.0s)

[FASE 3] ExtraÁ„o Dimensional
  [RUN] extrair_bh_pilares.py ...
        -> OK (2.6s)
  [RUN] extrair_vigas_lv.py ...
        -> OK (2.3s)
  [RUN] extrair_lajes_lj.py ...
        -> OK (1.2s)
  [RUN] extrair_poligono_lajes.py ...
        -> OK (1.0s)
  [RUN] extrair_garfos_evg.py ...
        -> FALHOU (code 1) (0.5s)
  [RUN] extrair_largura_vigas_fv.py ...
        -> OK (0.7s)
  [RUN] extrair_assembly_pl.py ...
        -> OK (2.3s)
  [RUN] integrar_fichas_fase3.py ...
        -> OK (0.1s)
  [RUN] extrair_secoes_stog_pl.py ...
        -> OK (2.3s)
  [RUN] validar_score_pipeline.py ...
        -> FALHOU (code 1) (0.1s)

[FASE 4] Motor Fase 4 (Transformacao Fase-3 -> Fase-4)
  [CLEAN] Removendo 38 JSONs antigos de JSON_Pilares/
  [CLEAN] Removendo 98 JSONs antigos de JSON_Vigas_Laterais/
  [CLEAN] Removendo 49 JSONs antigos de JSON_Vigas_Fundo/
  [CLEAN] Removendo 29 JSONs antigos de JSON_Lajes/
  [RUN] motor_fase4.py ...
        -> OK (0.3s)

[FASE 5] GeraÁ„o DXF Individual
  [CLEAN] Removendo 38 DXFs antigos de DXF_Pilares/
  [CLEAN] Removendo 49 DXFs antigos de DXF_Vigas/
  [CLEAN] Removendo 29 DXFs antigos de DXF_Lajes/
  [RUN] gerar_dxf_pilares.py ...
        -> OK (1.1s)
  [RUN] gerar_dxf_vigas.py ...
        -> OK (1.4s)
  [RUN] gerar_dxf_lajes.py ...
        -> OK (1.4s)
  [RUN] gerar_pl_dxf_stog.py ...
        -> OK (121.9s)
  [RUN] gerar_lv_dxf_stog.py ...
        -> OK (44.4s)
  [RUN] gerar_fv_dxf_stog.py ...
        -> OK (6.5s)
  [RUN] gerar_lj_dxf_stog.py ...
        -> OK (1.9s)

[FASE 5b] ComparaÁ„o DXF Individual vs STOG
  [RUN] comparar_dxf.py ...
        -> OK (3.1s)

[FASE 6] ExtraÁ„o de ¬ncoras (coords absolutas)
  [RUN] extrair_ancoras_dxf.py ...
        -> OK (0.6s)

[FASE 7] ConsolidaÁ„o DXF Coletivo
  [RUN] consolidar_dxf_pilares.py ...
        -> OK (1.1s)
  [RUN] consolidar_dxf_vigas.py ...
        -> OK (3.4s)
  [RUN] consolidar_dxf_lajes.py ...
        -> OK (1.3s)

[FASE 8] ValidaÁ„o DXF Coletivo
  [RUN] validar_dxf_coletivo.py ...
        -> OK (1.0s)

[FASE 9] GeraÁ„o obras_salvas.json (formato robÙ)
  [RUN] gerar_obras_salvas.py ...
        -> OK (0.1s)

[FASE 10] ValidaÁ„o Visual AutÙnoma (NVIDIA NIM)
  [RUN] validar_visual_dxf.py ...
        -> TIMEOUT (300.1s) ó validar_visual_dxf.py excedeu 300s, continuando
  [RUN] relatorio_fidelidade.py ...
        -> FALHOU (code 1) (0.1s)

============================================================
PIPELINE CONCLUÕDO ó APROVADO
  Score coletivo: 100.0%
  RelatÛrio: D:\Agente-cad-PYSIDE\DADOS-OBRAS\Obra_TREINO_1\Fase-8_Revisao_Entrega\pipeline_report.json
============================================================

[INFO] === engenharia_reversa_dxf.py | Obra: Obra_TREINO_1 | Pav: PARAISO - COBERTURA - DECK ===
[INFO] DiretÛrio: D:\Agente-cad-PYSIDE\DADOS-OBRAS\Obra_TREINO_1\Fase-1_Ingestao\Projetos_Finalizados_para_Engenharia_Reversa
[INFO] Usando caminhos do dxf_discovery.json para pav 'PARAISO - COBERTURA - DECK'
[INFO] PL DXF: NOVA - ALIMONTI - PARAISO - COBERTURA E DECK - PL - R00.dxf
[INFO] Pilares extraÌdos: 35 IDs | PÈ Direito: Nonecm -> D:\Agente-cad-PYSIDE\DADOS-OBRAS\Obra_TREINO_1\Fase-3_Interpretacao_Extracao\Pilares\pilares_ground_truth.json
[INFO] LV DXF: NOVA - ALIMONTI - PARAISO - COBERTURA - DECK - LV - R00.dxf
[INFO] Vigas extraÌdas: 35 IDs -> D:\Agente-cad-PYSIDE\DADOS-OBRAS\Obra_TREINO_1\Fase-3_Interpretacao_Extracao\Vigas\vigas_ground_truth.json
[INFO] LJ DXF: NOVA - ALIMONTI - PARAISO - COBERTURA - DECK - LJ - R00.dxf
[INFO] Lajes extraÌdas: 30 IDs -> D:\Agente-cad-PYSIDE\DADOS-OBRAS\Obra_TREINO_1\Fase-3_Interpretacao_Extracao\Lajes\lajes_ground_truth.json
[INFO] === RESULTADO: 35 pilares | B◊H: 0/35 extraÌdos ===
[INFO] NOTA: IDs=ALTA | B/H=BAIXA - revisao manual.
[INFO] Ground truth salvo em: D:\Agente-cad-PYSIDE\DADOS-OBRAS\Obra_TREINO_1\Fase-3_Interpretacao_Extracao
[INFO] === extrair_bh_pilares.py | Obra_TREINO_1 | PARAISO - COBERTURA - DECK ===
[INFO] PL DXF: NOVA - ALIMONTI - PARAISO - COBERTURA E DECK - PL - R00.dxf
[INFO] Max distancia proximity: 300.0 unidades DXF
[INFO] Lendo DXF (pode demorar para arquivos grandes)...
[INFO] DXF carregado: 9325 entidades
[INFO] Extraindo posicoes dos pilares (layer Texto Secao)...
[INFO] Pilares encontrados: 35
[INFO] Extraindo DIMENSION entities (layers de cota)...
[INFO] DIMENSIONs de cota encontradas: 40
[INFO] Inverse proximity: 40 dims assignadas a 35 pilares

[RESULTADO] Extracao B/H de Pilares
  Total pilares:      35
  B+H completos:      34 (97.1%)
  Apenas H:           1
  Sem dados:          0

[INFO] Salvo em: D:\Agente-cad-PYSIDE\DADOS-OBRAS\Obra_TREINO_1\Fase-3_Interpretacao_Extracao\Pilares\pilares_bh.json
[INFO] pilares_ground_truth.json atualizado: 34 pilares com B/H

[AMOSTRA] Primeiros 5 pilares extraidos:
  P10: B=38.0cm, H=82.0cm, conf=40%
  P11: B=38.0cm, H=82.0cm, conf=40%
  P12: B=38.0cm, H=82.0cm, conf=40%
  P14: B=38.0cm, H=82.0cm, conf=40%
  P16: B=38.0cm, H=82.0cm, conf=40%
DXF: NOVA - ALIMONTI - PARAISO - COBERTURA - DECK - LV - R00.dxf
  Labels encontrados: 35 vigas
  Cota SeÁ„o (2x): 106 dims
  COTA: 1576 dims

=== RESULTADO ===
  Total vigas: 35
  Com altura_lateral: 35/35
  Com comprimento: 35/35
  Com ambos: 35/35
  ConfianÁa mÈdia: 87%
  Output: D:\Agente-cad-PYSIDE\DADOS-OBRAS\Obra_TREINO_1\Fase-3_Interpretacao_Extracao\Vigas\vigas_dim.json

Viga     Alt(cm)    Comp(cm)     Conf     Sides
-------------------------------------------------------
V410     110        484          84%      A+B
V501     110        414          84%      A+B
V502     28         484          89%      A+B
V503     28         484          89%      A+B
V504     38         722          84%      A+B
V505     100        451          84%      A+B
V506     110        570          84%      A+B
V507     38         398          84%      A+B
V508     38         380          89%      A+B
V509     38         684          89%      A+B
V510     110        484          84%      A+B
V511     100        484          89%      A+B
V512     38         447          89%      A+B
V513     38         447          89%      A+B
V514     38         457          89%      A+B
V515     38         457          89%      A+B
V516     38         457          89%      A+B
V517     38         457          89%      A+B
V518     38         457          89%      A+B
V519     38         457          89%      A+B
V520     100        457          84%      A+B
V521     130        457          84%      A+B
V522     110        457          84%      A+B
V523     110        455          84%      A+B
V524     38         457          84%      A+B
V525     38         455          89%      A+B
V526     38         457          84%      A+B
V527     38         311          89%      A+B
V528     38         311          89%      A+B
V529     28         260          89%      A+B
V530     38         474          84%      A+B
V531     38         396          84%      A+B
V502A    110        244          84%      A+B
V503A    110        418          89%      A+B
V508A    120        418          89%      A+B
[INFO] === extrair_lajes_lj.py | Obra_TREINO_1 | PARAISO - COBERTURA - DECK ===
[INFO] LJ DXF: NOVA - ALIMONTI - PARAISO - COBERTURA - DECK - LJ - R00.dxf
[INFO] Lendo DXF...
[INFO] 2120 entidades
[INFO] Extraindo labels e codigos de lajes...
[DEBUG] Labels encontrados: ['L501', 'L502', 'L503', 'L504', 'L505', 'L506', 'L507', 'L508', 'L509', 'L510', 'L511', 'L512', 'L513', 'L514', 'L518', 'L519', 'L521', 'L522', 'L523', 'L524', 'L525', 'L526', 'L527', 'L528', 'L535', 'L536', 'L537', 'L538', 'L539', 'L540']
[DEBUG] Lajes com paineis AUX00: []
[INFO] Lajes encontradas: 30
[INFO] Construindo fichas com coordenadas...

[RESULTADO] Extracao de Lajes
  Total lajes:        30
  Com dimensoes:      0
  Com coordenadas:    4

[INFO] Salvo em: D:\Agente-cad-PYSIDE\DADOS-OBRAS\Obra_TREINO_1\Fase-3_Interpretacao_Extracao\Lajes\lajes_data.json
[INFO] lajes_ground_truth.json atualizado: 0 lajes com dimensoes

[AMOSTRA] Primeiras lajes:
  L501: NonexNonecm | area=Nonecm2 | coords=0pts | conf=30%
  L502: NonexNonecm | area=Nonecm2 | coords=0pts | conf=30%
  L503: NonexNonecm | area=Nonecm2 | coords=0pts | conf=30%
  L504: NonexNonecm | area=Nonecm2 | coords=0pts | conf=30%
  L505: NonexNonecm | area=Nonecm2 | coords=0pts | conf=30%
  L506: NonexNonecm | area=Nonecm2 | coords=0pts | conf=30%
  L507: NonexNonecm | area=Nonecm2 | coords=0pts | conf=30%
  L508: NonexNonecm | area=Nonecm2 | coords=0pts | conf=30%
LJ DXF: NOVA - ALIMONTI - PARAISO - COBERTURA - DECK - LJ - R00.dxf
AUX00 panels... 0 panels em 0 lajes: []
Labels L{n}... 30 labels: ['L501', 'L502', 'L503', 'L504', 'L505', 'L506', 'L507', 'L508', 'L509', 'L510', 'L511', 'L512', 'L513', 'L514', 'L518', 'L519', 'L521', 'L522', 'L523', 'L524', 'L525', 'L526', 'L527', 'L528', 'L535', 'L536', 'L537', 'L538', 'L539', 'L540']
LWPOLYLINE layer '1'... 0 poligonos | areas: []
COTA DIMENSIONs... 201 dims no range 50.0-3000.0cm
Paineis H lines... 109 lines (len>100.0)
Paineis DIMENSIONs... 0 dims (0 H, 0 V)

Processando 30 lajes...

=== RESULTADO ===
  Total lajes: 30
  [cota-dims]: 30 (media-baixa)
  Output: D:\Agente-cad-PYSIDE\DADOS-OBRAS\Obra_TREINO_1\Fase-3_Interpretacao_Extracao\Lajes\lajes_poligono.json

Laje     Comp       Larg       Conf   Fonte
------------------------------------------------------------
L501     244.0      244.0      0.40   cota-dims
L502     244.0      244.0      0.40   cota-dims
L503     244.0      244.0      0.40   cota-dims
L504     244.0      244.0      0.40   cota-dims
L505     244.0      244.0      0.40   cota-dims
L506     244.0      244.0      0.40   cota-dims
L507     244.0      244.0      0.40   cota-dims
L508     244.0      244.0      0.40   cota-dims
L509     244.0      244.0      0.40   cota-dims
L510     244.0      244.0      0.40   cota-dims
L511     244.0      244.0      0.40   cota-dims
L512     244.0      244.0      0.40   cota-dims
L513     244.0      244.0      0.40   cota-dims
L514     244.0      244.0      0.40   cota-dims
L518     244.0      244.0      0.40   cota-dims
L519     244.0      244.0      0.40   cota-dims
L521     244.0      244.0      0.40   cota-dims
L522     244.0      244.0      0.40   cota-dims
L523     244.0      244.0      0.40   cota-dims
L524     244.0      244.0      0.40   cota-dims
L525     244.0      244.0      0.40   cota-dims
L526     244.0      244.0      0.40   cota-dims
L527     244.0      244.0      0.40   cota-dims
L528     244.0      244.0      0.40   cota-dims
L535     244.0      244.0      0.40   cota-dims
L536     244.0      244.0      0.40   cota-dims
L537     244.0      244.0      0.40   cota-dims
L538     244.0      244.0      0.40   cota-dims
L539     244.0      244.0      0.40   cota-dims
L540     244.0      244.0      0.40   cota-dims
ERRO: Nenhum EVG DXF encontrado em D:\Agente-cad-PYSIDE\DADOS-OBRAS\Obra_TREINO_1
FV DXF: ALIMONTI - PARAISO - TIPO - 3∞ AO 12∞ PAV.- FV - R00.dxf

Extraindo labels V{n}.C... 31 vigas encontradas: ['V1', 'V10', 'V11', 'V12', 'V13', 'V14', 'V15', 'V16', 'V17', 'V18', 'V19', 'V2', 'V20', 'V21', 'V22', 'V23', 'V24', 'V25', 'V26', 'V27', 'V28', 'V29', 'V3', 'V30', 'V31', 'V4', 'V5', 'V6', 'V7', 'V8', 'V9']
Extraindo DIMENSIONs de 'PainÈis' (B_MIN..B_MAX)... 22 DIMENSIONs ó vals: [10.0, 29.0, 19.0, 10.0, 19.0, 29.0, 30.0, 19.0, 49.0, 19.0, 42.0, 21.11, 15.49, 16.36, 35.36, 22.3, 13.06, 19.0, 14.0, 14.79, 19.0, 19.0]
Extraindo DIMENSIONs de 'COTA' (B_MIN..B_MAX)... 31 DIMENSIONs ó vals: [19.0, 19.0, 21.5, 19.0, 45.0, 49.0, 19.0, 19.0, 14.0, 47.0, 19.0, 76.0, 19.0, 14.0, 19.0, 19.0, 19.0, 19.0, 19.0, 19.0, 19.0, 19.0, 19.0, 14.0, 19.0, 14.0, 19.0, 14.0, 19.0, 19.0, 45.0]
Extraindo DIMENSIONs de 'Cota SeÁ„o (2x)'... 0 DIMENSIONs

=== RESULTADO ===
  Vigas com B extraÌdo por proximidade: 0/35
  Fallback mediana global:               35
  Fallback default (15.0cm):          0
  Output: D:\Agente-cad-PYSIDE\DADOS-OBRAS\Obra_TREINO_1\Fase-3_Interpretacao_Extracao\Vigas\vigas_largura.json

Viga     B (cm)     Conf     Fonte
--------------------------------------------------
V410     19.0       0.30     fv-dxf-global-median
V501     19.0       0.30     fv-dxf-global-median
V502     19.0       0.30     fv-dxf-global-median
V503     19.0       0.30     fv-dxf-global-median
V504     19.0       0.30     fv-dxf-global-median
V505     19.0       0.30     fv-dxf-global-median
V506     19.0       0.30     fv-dxf-global-median
V507     19.0       0.30     fv-dxf-global-median
V508     19.0       0.30     fv-dxf-global-median
V509     19.0       0.30     fv-dxf-global-median
V510     19.0       0.30     fv-dxf-global-median
V511     19.0       0.30     fv-dxf-global-median
V512     19.0       0.30     fv-dxf-global-median
V513     19.0       0.30     fv-dxf-global-median
V514     19.0       0.30     fv-dxf-global-median
V515     19.0       0.30     fv-dxf-global-median
V516     19.0       0.30     fv-dxf-global-median
V517     19.0       0.30     fv-dxf-global-median
V518     19.0       0.30     fv-dxf-global-median
V519     19.0       0.30     fv-dxf-global-median
V520     19.0       0.30     fv-dxf-global-median
V521     19.0       0.30     fv-dxf-global-median
V522     19.0       0.30     fv-dxf-global-median
V523     19.0       0.30     fv-dxf-global-median
V524     19.0       0.30     fv-dxf-global-median
V525     19.0       0.30     fv-dxf-global-median
V526     19.0       0.30     fv-dxf-global-median
V527     19.0       0.30     fv-dxf-global-median
V528     19.0       0.30     fv-dxf-global-median
V529     19.0       0.30     fv-dxf-global-median
V530     19.0       0.30     fv-dxf-global-median
V531     19.0       0.30     fv-dxf-global-median
V502A    19.0       0.30     fv-dxf-global-median
V503A    19.0       0.30     fv-dxf-global-median
V508A    19.0       0.30     fv-dxf-global-median

=== DIMENSIONs B em 'Paineis' (22) ===
  val=10.0 pos=(4552.657140842855, 857.885136931913)
  val=29.0 pos=(4508.199005527521, 857.885136931913)
  val=19.0 pos=(4536.725512286842, 823.583170895483)
  val=10.0 pos=(3831.779690687682, 625.3214009386113)
  val=19.0 pos=(3857.098069368447, 604.3546181298015)
  val=29.0 pos=(3876.398909501658, 654.3214009385931)
  val=30.0 pos=(4300.80146046179, 605.3214009386112)
  val=19.0 pos=(4326.119839142551, 586.3585449891334)
  val=49.0 pos=(4345.420679275766, 654.3214009385931)
  val=19.0 pos=(4471.045376098182, 756.6374223985378)
  val=42.0 pos=(4586.292367448124, 328.0257169836059)
  val=21.11 pos=(4321.896150605922, 143.0079490639873)
  val=15.49 pos=(4351.183826816721, 213.3935040407305)
  val=16.36 pos=(4403.258606077039, 199.470986912289)
  val=35.36 pos=(4289.968441501149, 199.470986912289)
  val=22.3 pos=(4310.65317628655, 164.1075650845124)
  val=13.06 pos=(4310.653176286552, 199.470986912289)
  val=19.0 pos=(4597.105465562175, 164.1075650914391)
  val=14.0 pos=(4726.141116270817, 17.72977425954287)
  val=14.79 pos=(4583.019485046603, 38.90383713627216)
  val=19.0 pos=(4147.621339242871, 205.0472930488232)
  val=19.0 pos=(4152.051462981664, -810.5463089640256)

=== Labels V{n}.C encontrados (31) ===
  V1: pos=(3430, 1157)
  V2: pos=(3430, 1025)
  V3: pos=(3423, 783)
  V4: pos=(3408, 379)
  V5: pos=(4296, 379)
  V6: pos=(4281, 233)
  V7: pos=(3447, 234)
  V8: pos=(3437, 81)
  V9: pos=(3439, -233)
  V10: pos=(4556, -90)
  V11: pos=(3433, -421)
  V12: pos=(3948, -421)
  V13: pos=(3433, -551)
  V14: pos=(3948, -551)
  V15: pos=(3433, -551)
  V16: pos=(3948, -551)
  V17: pos=(3433, -551)
  V18: pos=(3948, -551)
  V19: pos=(3434, -679)
  V20: pos=(3861, -677)
  V21: pos=(4286, -674)
  V22: pos=(3439, -804)
  V23: pos=(3876, -802)
  V24: pos=(4188, -802)
  V25: pos=(3434, -923)
  V26: pos=(4188, -802)
  V27: pos=(3977, -931)
  V28: pos=(3876, -802)
  V29: pos=(4308, -934)
  V30: pos=(3437, -1056)
  V31: pos=(3962, -1056)
[INFO] DXF PL: ALIMONTI - PARAISO - TIPO - 3∞ AO 12∞ PAV.- PL - R00.dxf
[INFO] Lendo: ALIMONTI - PARAISO - TIPO - 3∞ AO 12∞ PAV.- PL - R00.dxf
[INFO] Pilares encontrados (secoes): 35
[INFO] CHAPA: 272 | Perfil: 146 | SP: 142 | GRADE: 50
[INFO] Output: D:\Agente-cad-PYSIDE\DADOS-OBRAS\Obra_TREINO_1\Fase-3_Interpretacao_Extracao\Pilares\pilares_assembly.json
[INFO] Pilares processados: 35

=== RESUMO ===
Pilares: 35
Com grade_1: 35/35
Com CHAPA: 34/35
Com SP markers: 35/35
  P1: grade_1=88.0 chapa_total=6 sp=16 perf=6
  P2: grade_1=88.0 chapa_total=5 sp=16 perf=6
  P3: grade_1=88.0 chapa_total=4 sp=16 perf=4
=== VIGAS ===
  vigas.json atualizado: 35 vigas
    V410: b=19.0cm h=110.0cm L=484.5cm
    V501: b=19.0cm h=110.0cm L=414.0cm
    V502: b=19.0cm h=28.0cm L=484.5cm
    V503: b=19.0cm h=28.0cm L=484.5cm
    V504: b=19.0cm h=38.0cm L=722.0cm
    V505: b=19.0cm h=100.0cm L=451.0cm
    V506: b=19.0cm h=110.0cm L=570.0cm
    V507: b=19.0cm h=38.0cm L=397.5cm
    V508: b=19.0cm h=38.0cm L=380.5cm
    V509: b=19.0cm h=38.0cm L=684.5cm
    V510: b=19.0cm h=110.0cm L=484.5cm
    V511: b=19.0cm h=100.0cm L=484.5cm
    V512: b=19.0cm h=38.0cm L=447.0cm
    V513: b=19.0cm h=38.0cm L=447.0cm
    V514: b=19.0cm h=38.0cm L=457.0cm
    V515: b=19.0cm h=38.0cm L=457.0cm
    V516: b=19.0cm h=38.0cm L=457.0cm
    V517: b=19.0cm h=38.0cm L=457.0cm
    V518: b=19.0cm h=38.0cm L=457.0cm
    V519: b=19.0cm h=38.0cm L=457.0cm
    V520: b=19.0cm h=100.0cm L=457.0cm
    V521: b=19.0cm h=130.0cm L=457.0cm
    V522: b=19.0cm h=110.0cm L=457.0cm
    V523: b=19.0cm h=110.0cm L=455.0cm
    V524: b=19.0cm h=38.0cm L=457.0cm
    V525: b=19.0cm h=38.0cm L=455.0cm
    V526: b=19.0cm h=38.0cm L=457.0cm
    V527: b=19.0cm h=38.0cm L=311.0cm
    V528: b=19.0cm h=38.0cm L=311.0cm
    V529: b=19.0cm h=28.0cm L=260.0cm
    V530: b=19.0cm h=38.0cm L=474.0cm
    V531: b=19.0cm h=38.0cm L=396.0cm
    V502A: b=19.0cm h=110.0cm L=244.0cm
    V503A: b=19.0cm h=110.0cm L=418.0cm
    V508A: b=19.0cm h=120.0cm L=418.0cm

=== LAJES ===
  lajes.json atualizado: 30 lajes
    L501: 244.0x244.0cm area=59536 [cota-dims]
    L502: 244.0x244.0cm area=59536 [cota-dims]
    L503: 244.0x244.0cm area=59536 [cota-dims]
    L504: 244.0x244.0cm area=59536 [cota-dims]
    L505: 244.0x244.0cm area=59536 [cota-dims]
    L506: 244.0x244.0cm area=59536 [cota-dims]
    L507: 244.0x244.0cm area=59536 [cota-dims]
    L508: 244.0x244.0cm area=59536 [cota-dims]
    L509: 244.0x244.0cm area=59536 [cota-dims]
    L510: 244.0x244.0cm area=59536 [cota-dims]
    L511: 244.0x244.0cm area=59536 [cota-dims]
    L512: 244.0x244.0cm area=59536 [cota-dims]
    L513: 244.0x244.0cm area=59536 [cota-dims]
    L514: 244.0x244.0cm area=59536 [cota-dims]
    L518: 244.0x244.0cm area=59536 [cota-dims]
    L519: 244.0x244.0cm area=59536 [cota-dims]
    L521: 244.0x244.0cm area=59536 [cota-dims]
    L522: 244.0x244.0cm area=59536 [cota-dims]
    L523: 244.0x244.0cm area=59536 [cota-dims]
    L524: 244.0x244.0cm area=59536 [cota-dims]
    L525: 244.0x244.0cm area=59536 [cota-dims]
    L526: 244.0x244.0cm area=59536 [cota-dims]
    L527: 244.0x244.0cm area=59536 [cota-dims]
    L528: 244.0x244.0cm area=59536 [cota-dims]
    L535: 244.0x244.0cm area=59536 [cota-dims]
    L536: 244.0x244.0cm area=59536 [cota-dims]
    L537: 244.0x244.0cm area=59536 [cota-dims]
    L538: 244.0x244.0cm area=59536 [cota-dims]
    L539: 244.0x244.0cm area=59536 [cota-dims]
    L540: 244.0x244.0cm area=59536 [cota-dims]

=== INTEGRACAO COMPLETA: 35 vigas + 30 lajes ===
  Proximos passos: python scripts/motor_fase4.py --obra D:\Agente-cad-PYSIDE\DADOS-OBRAS\Obra_TREINO_1
Lendo: ALIMONTI - PARAISO - TIPO - 3∞ AO 12∞ PAV.- PL - R00.dxf
Pilares (labels): 35
Gordos (Paineis h>3): 42
Dims Cota Secao (2x): 0
Pilares com gordo: 32
Fallback: pilares_bh.json (35 pilares)

=== B/H EXTRAIDOS DO STOG ===
  P1: B=38.0 H=132.0 [lwpoly-w-dim] conf=0.85 n_gordos=1
  P2: B=38.0 H=132.0 [lwpoly-w-dim] conf=0.85 n_gordos=1
  P3: B=38.0 H=132.0 [lwpoly-w-dim] conf=0.85 n_gordos=1
  P4: B=38.0 H=132.0 [lwpoly-w-dim] conf=0.85 n_gordos=1
  P5: B=38.0 H=132.0 [lwpoly-w-dim] conf=0.85 n_gordos=1
  P6: B=38.0 H=132.0 [lwpoly-w-dim] conf=0.85 n_gordos=1
  P7: B=38.0 H=132.0 [lwpoly-w-dim] conf=0.85 n_gordos=1
  P8: B=38.0 H=132.0 [lwpoly-w-dim] conf=0.85 n_gordos=1
  P9: B=7.0 H=208.0 [lwpoly-2faces] conf=0.92 n_gordos=2
  P10: B=38.0 H=120.0 [lwpoly-w-dim] conf=0.85 n_gordos=1
  P11: B=38.0 H=38.0 [lwpoly-square] conf=0.6 n_gordos=1
  P12: B=38.0 H=196.0 [lwpoly-w-dim] conf=0.85 n_gordos=1
  P13: B=38.0 H=196.0 [lwpoly-w-dim] conf=0.85 n_gordos=1
  P14: B=38.0 H=196.0 [lwpoly-w-dim] conf=0.85 n_gordos=1
  P15: B=38.0 H=200.0 [lwpoly-w-dim] conf=0.85 n_gordos=1
  P16: B=38.0 H=200.0 [lwpoly-w-dim] conf=0.85 n_gordos=1
  P17: B=38.0 H=82.0 [prev-inverse-prox] conf=0.32000000000000006 n_gordos=0
  P18: B=38.0 H=100.0 [lwpoly-w-dim] conf=0.85 n_gordos=1
  P19: B=38.0 H=38.0 [lwpoly-square] conf=0.6 n_gordos=1
  P20: B=38.0 H=172.0 [lwpoly-w-dim] conf=0.85 n_gordos=1
  P21: B=38.0 H=172.0 [lwpoly-w-dim] conf=0.85 n_gordos=1
  P22: B=38.0 H=172.0 [lwpoly-w-dim] conf=0.85 n_gordos=1
  P23: B=38.0 H=200.0 [lwpoly-w-dim] conf=0.85 n_gordos=1
  P24: B=38.0 H=38.0 [lwpoly-square] conf=0.6 n_gordos=1
  P25: B=38.0 H=38.0 [lwpoly-square] conf=0.6 n_gordos=1
  P26: B=38.0 H=82.0 [prev-inverse-prox] conf=0.32000000000000006 n_gordos=0
  P27: B=38.0 H=82.0 [prev-inverse-prox] conf=0.32000000000000006 n_gordos=0
  P28: B=7.0 H=7.0 [lwpoly-square] conf=0.6 n_gordos=2
  P29: B=7.0 H=132.0 [lwpoly-2faces] conf=0.92 n_gordos=3
  P30: B=7.0 H=132.0 [lwpoly-2faces] conf=0.92 n_gordos=3
  P31: B=7.0 H=132.0 [lwpoly-2faces] conf=0.92 n_gordos=3
  P32: B=7.0 H=132.0 [lwpoly-2faces] conf=0.92 n_gordos=3
  P33: B=38.0 H=38.0 [lwpoly-square] conf=0.6 n_gordos=1
  P34: B=38.0 H=38.0 [lwpoly-square] conf=0.6 n_gordos=1
  P35: B=38.0 H=38.0 [lwpoly-square] conf=0.6 n_gordos=1

  Salvo: D:\Agente-cad-PYSIDE\DADOS-OBRAS\Obra_TREINO_1\Fase-3_Interpretacao_Extracao\Pilares\pilares_bh_stog.json
  Proximo: python scripts/comparar_bh_stog_vs_gerado.py --obra D:\Agente-cad-PYSIDE\DADOS-OBRAS\Obra_TREINO_1
[INFO] === validar_score_pipeline.py | B/H Dimensional ===
[INFO] Pipeline:  pilares_bh.json (36 pilares)
[INFO] GT (STOG): pilares_bh_stog.json (36 pilares)

[RESULTADO] B/H DIMENSIONAL (toler‚ncia 10%)
  Total validados: 35
  Skipped (sem GT): 1
  Corretos: 3
  Falhos:   32
Traceback (most recent call last):
  File "D:\Agente-cad-PYSIDE\Agente-cad-PYSIDE-Restored-main\scripts\validar_score_pipeline.py", line 251, in <module>
    main()
    ~~~~^^
  File "D:\Agente-cad-PYSIDE\Agente-cad-PYSIDE-Restored-main\scripts\validar_score_pipeline.py", line 245, in main
    validate_bh(args.obra)
    ~~~~~~~~~~~^^^^^^^^^^^
  File "D:\Agente-cad-PYSIDE\Agente-cad-PYSIDE-Restored-main\scripts\validar_score_pipeline.py", line 157, in validate_bh
    print(f"    \u274c {f}")
    ~~~~~^^^^^^^^^^^^^^^
  File "C:\Python314\Lib\encodings\cp1252.py", line 19, in encode
    return codecs.charmap_encode(input,self.errors,encoding_table)[0]
           ~~~~~~~~~~~~~~~~~~~~~^^^^^^^^^^^^^^^^^^^^^^^^^^^^^^^^^^
UnicodeEncodeError: 'charmap' codec can't encode character '\u274c' in position 4: character maps to <undefined>
[INFO] === motor_fase4.py | Obra: Obra_TREINO_1 | Pav: PARAISO - COBERTURA - DECK ===
[INFO] Carregado: D:\Agente-cad-PYSIDE\DADOS-OBRAS\Obra_TREINO_1\Fase-3_Interpretacao_Extracao\Pilares\pilares_bh.json (36 itens)
[INFO] Assembly data carregado: 35 pilares (pilares_assembly.json)
[INFO]   ‚úÖ Pilar P10: 82.0x38.0cm, h=280.0cm grade_1=102
[INFO]   ‚úÖ Pilar P11: 82.0x38.0cm, h=280.0cm grade_1=102
[INFO]   ‚úÖ Pilar P12: 82.0x38.0cm, h=280.0cm grade_1=120
[INFO]   ‚úÖ Pilar P14: 82.0x38.0cm, h=280.0cm grade_1=122
[INFO]   ‚úÖ Pilar P16: 82.0x38.0cm, h=280.0cm grade_1=122
[INFO]   ‚úÖ Pilar P17: 82.0x38.0cm, h=280.0cm grade_1=70
[INFO]   ‚úÖ Pilar P18: 82.0x38.0cm, h=280.0cm grade_1=72
[INFO]   ‚úÖ Pilar P19: 82.0x38.0cm, h=280.0cm grade_1=102
[INFO]   ‚úÖ Pilar P20: 82.0x38.0cm, h=280.0cm grade_1=108
[INFO]   ‚úÖ Pilar P21: 82.0x38.0cm, h=280.0cm grade_1=108
[INFO]   ‚úÖ Pilar P22: 82.0x38.0cm, h=280.0cm grade_1=122
[INFO]   ‚úÖ Pilar P23: 82.0x38.0cm, h=280.0cm grade_1=122
[INFO]   ‚úÖ Pilar P24: 82.0x38.0cm, h=280.0cm grade_1=102
[INFO]   ‚úÖ Pilar P25: 82.0x38.0cm, h=280.0cm grade_1=122
[INFO]   ‚úÖ Pilar P26: 82.0x38.0cm, h=280.0cm grade_1=102
[INFO]   ‚úÖ Pilar P27: 82.0x38.0cm, h=280.0cm grade_1=88
[INFO]   ‚úÖ Pilar P28: 82.0x38.0cm, h=280.0cm grade_1=102
[INFO]   ‚úÖ Pilar P29: 82.0x38.0cm, h=280.0cm grade_1=88
[INFO]   ‚úÖ Pilar P30: 82.0x38.0cm, h=280.0cm grade_1=88
[INFO]   ‚úÖ Pilar P31: 82.0x38.0cm, h=280.0cm grade_1=88
[WARNING] Pilar P32: b=None, usando fallback b=38.0cm (mediana)
[INFO]   ‚úÖ Pilar P32: 82.0x38.0cm, h=280.0cm grade_1=88
[INFO]   ‚úÖ Pilar P33: 82.0x38.0cm, h=280.0cm grade_1=122
[INFO]   ‚úÖ Pilar P34: 82.0x38.0cm, h=280.0cm grade_1=82
[INFO]   ‚úÖ Pilar P35: 82.0x38.0cm, h=280.0cm grade_1=82
[INFO]   ‚úÖ Pilar P41: 82.0x38.0cm, h=280.0cm
[INFO]   ‚úÖ Pilar P42: 82.0x38.0cm, h=280.0cm
[INFO]   ‚úÖ Pilar P43: 82.0x38.0cm, h=280.0cm
[INFO]   ‚úÖ Pilar P44: 82.0x38.0cm, h=280.0cm
[INFO]   ‚úÖ Pilar P45: 82.0x38.0cm, h=280.0cm
[INFO]   ‚úÖ Pilar P46: 82.0x38.0cm, h=280.0cm
[INFO]   ‚úÖ Pilar P47: 82.0x38.0cm, h=280.0cm
[INFO]   ‚úÖ Pilar P48: 82.0x38.0cm, h=280.0cm
[INFO]   ‚úÖ Pilar P49: 82.0x38.0cm, h=280.0cm
[INFO]   ‚úÖ Pilar P50: 82.0x38.0cm, h=280.0cm
[INFO]   ‚úÖ Pilar P51: 82.0x38.0cm, h=280.0cm
[INFO] Pilares: 35 processados -> D:\Agente-cad-PYSIDE\DADOS-OBRAS\Obra_TREINO_1\Fase-4_Sincronizacao\pilares_salvos.json
[INFO] Carregado: D:\Agente-cad-PYSIDE\DADOS-OBRAS\Obra_TREINO_1\Fase-3_Interpretacao_Extracao\Vigas\vigas.json (36 itens)
[INFO]   ‚úÖ Viga V410: b=19.0cm, h=110.0cm, L=484.5cm -> A+B
[INFO]   ‚úÖ Viga V501: b=19.0cm, h=110.0cm, L=414.0cm -> A+B
[INFO]   ‚úÖ Viga V502: b=19.0cm, h=28.0cm, L=484.5cm -> A+B
[INFO]   ‚úÖ Viga V503: b=19.0cm, h=28.0cm, L=484.5cm -> A+B
[INFO]   ‚úÖ Viga V504: b=19.0cm, h=38.0cm, L=722.0cm -> A+B
[INFO]   ‚úÖ Viga V505: b=19.0cm, h=100.0cm, L=451.0cm -> A+B
[INFO]   ‚úÖ Viga V506: b=19.0cm, h=110.0cm, L=570.0cm -> A+B
[INFO]   ‚úÖ Viga V507: b=19.0cm, h=38.0cm, L=397.5cm -> A+B
[INFO]   ‚úÖ Viga V508: b=19.0cm, h=38.0cm, L=380.5cm -> A+B
[INFO]   ‚úÖ Viga V509: b=19.0cm, h=38.0cm, L=684.5cm -> A+B
[INFO]   ‚úÖ Viga V510: b=19.0cm, h=110.0cm, L=484.5cm -> A+B
[INFO]   ‚úÖ Viga V511: b=19.0cm, h=100.0cm, L=484.5cm -> A+B
[INFO]   ‚úÖ Viga V512: b=19.0cm, h=38.0cm, L=447.0cm -> A+B
[INFO]   ‚úÖ Viga V513: b=19.0cm, h=38.0cm, L=447.0cm -> A+B
[INFO]   ‚úÖ Viga V514: b=19.0cm, h=38.0cm, L=457.0cm -> A+B
[INFO]   ‚úÖ Viga V515: b=19.0cm, h=38.0cm, L=457.0cm -> A+B
[INFO]   ‚úÖ Viga V516: b=19.0cm, h=38.0cm, L=457.0cm -> A+B
[INFO]   ‚úÖ Viga V517: b=19.0cm, h=38.0cm, L=457.0cm -> A+B
[INFO]   ‚úÖ Viga V518: b=19.0cm, h=38.0cm, L=457.0cm -> A+B
[INFO]   ‚úÖ Viga V519: b=19.0cm, h=38.0cm, L=457.0cm -> A+B
[INFO]   ‚úÖ Viga V520: b=19.0cm, h=100.0cm, L=457.0cm -> A+B
[INFO]   ‚úÖ Viga V521: b=19.0cm, h=130.0cm, L=457.0cm -> A+B
[INFO]   ‚úÖ Viga V522: b=19.0cm, h=110.0cm, L=457.0cm -> A+B
[INFO]   ‚úÖ Viga V523: b=19.0cm, h=110.0cm, L=455.0cm -> A+B
[INFO]   ‚úÖ Viga V524: b=19.0cm, h=38.0cm, L=457.0cm -> A+B
[INFO]   ‚úÖ Viga V525: b=19.0cm, h=38.0cm, L=455.0cm -> A+B
[INFO]   ‚úÖ Viga V526: b=19.0cm, h=38.0cm, L=457.0cm -> A+B
[INFO]   ‚úÖ Viga V527: b=19.0cm, h=38.0cm, L=311.0cm -> A+B
[INFO]   ‚úÖ Viga V528: b=19.0cm, h=38.0cm, L=311.0cm -> A+B
[INFO]   ‚úÖ Viga V529: b=19.0cm, h=28.0cm, L=260.0cm -> A+B
[INFO]   ‚úÖ Viga V530: b=19.0cm, h=38.0cm, L=474.0cm -> A+B
[INFO]   ‚úÖ Viga V531: b=19.0cm, h=38.0cm, L=396.0cm -> A+B
[INFO]   ‚úÖ Viga V502A: b=19.0cm, h=110.0cm, L=244.0cm -> A+B
[INFO]   ‚úÖ Viga V503A: b=19.0cm, h=110.0cm, L=418.0cm -> A+B
[INFO]   ‚úÖ Viga V508A: b=19.0cm, h=120.0cm, L=418.0cm -> A+B
[INFO] Vigas: 35 processadas -> D:\Agente-cad-PYSIDE\DADOS-OBRAS\Obra_TREINO_1\Fase-4_Sincronizacao\vigas_salvas.json
[INFO] Carregado: D:\Agente-cad-PYSIDE\DADOS-OBRAS\Obra_TREINO_1\Fase-3_Interpretacao_Extracao\Lajes\lajes.json (31 itens)
[INFO] [CAD-7.2] Pontaletes carregados: 23 lajes
[INFO]   ‚úÖ Laje L501: 244.0x244.0cm, 3 cortes
[INFO]   ‚úÖ Laje L502: 244.0x244.0cm, 3 cortes
[INFO]   ‚úÖ Laje L503: 244.0x244.0cm, 3 cortes
[INFO]   ‚úÖ Laje L504: 244.0x244.0cm, 3 cortes
[INFO]   ‚úÖ Laje L505: 244.0x244.0cm, 3 cortes
[INFO]   ‚úÖ Laje L506: 244.0x244.0cm, 3 cortes
[INFO]   ‚úÖ Laje L507: 244.0x244.0cm, 3 cortes
[INFO]   ‚úÖ Laje L508: 244.0x244.0cm, 3 cortes
[INFO]   ‚úÖ Laje L509: 244.0x244.0cm, 3 cortes
[INFO]   ‚úÖ Laje L510: 244.0x244.0cm, 3 cortes
[INFO]   ‚úÖ Laje L511: 244.0x244.0cm, 3 cortes
[INFO]   ‚úÖ Laje L512: 244.0x244.0cm, 3 cortes
[INFO]   ‚úÖ Laje L513: 244.0x244.0cm, 3 cortes
[INFO]   ‚úÖ Laje L514: 244.0x244.0cm, 3 cortes
[INFO]   ‚úÖ Laje L518: 244.0x244.0cm, 3 cortes
[INFO]   ‚úÖ Laje L519: 244.0x244.0cm, 3 cortes
[INFO]   ‚úÖ Laje L521: 244.0x244.0cm, 3 cortes
[INFO]   ‚úÖ Laje L522: 244.0x244.0cm, 3 cortes
[INFO]   ‚úÖ Laje L523: 244.0x244.0cm, 3 cortes
[INFO]   ‚úÖ Laje L524: 244.0x244.0cm, 3 cortes
[INFO]   ‚úÖ Laje L525: 244.0x244.0cm, 3 cortes
[INFO]   ‚úÖ Laje L526: 244.0x244.0cm, 3 cortes
[INFO]   ‚úÖ Laje L527: 244.0x244.0cm, 3 cortes
[INFO]   ‚úÖ Laje L528: 244.0x244.0cm, 3 cortes
[INFO]   ‚úÖ Laje L535: 244.0x244.0cm, 3 cortes
[INFO]   ‚úÖ Laje L536: 244.0x244.0cm, 3 cortes
[INFO]   ‚úÖ Laje L537: 244.0x244.0cm, 3 cortes
[INFO]   ‚úÖ Laje L538: 244.0x244.0cm, 3 cortes
[INFO]   ‚úÖ Laje L539: 244.0x244.0cm, 3 cortes
[INFO]   ‚úÖ Laje L540: 244.0x244.0cm, 3 cortes
[INFO] Lajes: 30 processadas -> D:\Agente-cad-PYSIDE\DADOS-OBRAS\Obra_TREINO_1\Fase-4_Sincronizacao\lajes_salvas.json
[INFO] obras_salvas.json: 35 pilares ‚Üí D:\Agente-cad-PYSIDE\DADOS-OBRAS\Obra_TREINO_1\Fase-4_Sincronizacao\obras_salvas.json
[INFO] === RESULTADO: 35 pilares, 35 vigas, 30 lajes | 0 erros ===
[INFO] === RELAT√ìRIO DE COMPLETUDE SA ===
[INFO]   PL: 35 itens | m√©dia=100.0% | abaixo_80%=0
[INFO]   LV: 70 itens | m√©dia=100.0% | abaixo_80%=0
[INFO]   FV: 35 itens | m√©dia=100.0% | abaixo_80%=0
[INFO]   LJ: 30 itens | m√©dia=100.0% | abaixo_80%=0
[INFO] ==================================
  pilares_bh.json: 36 pilares

=== GERANDO DXF PILARES (35 pilares) ===
  P10: b=38 h=82 paineis=12 alt=280cm [BH-extraido]
  P11: b=38 h=82 paineis=12 alt=280cm [BH-extraido]
  P12: b=38 h=82 paineis=12 alt=280cm [BH-extraido]
  P14: b=38 h=82 paineis=12 alt=280cm [BH-extraido]
  P16: b=38 h=82 paineis=12 alt=280cm [BH-extraido]
  P17: b=38 h=82 paineis=12 alt=280cm [BH-extraido]
  P18: b=38 h=82 paineis=12 alt=280cm [BH-extraido]
  P19: b=38 h=82 paineis=12 alt=280cm [BH-extraido]
  P20: b=38 h=82 paineis=12 alt=280cm [BH-extraido]
  P21: b=38 h=82 paineis=12 alt=280cm [BH-extraido]
  P22: b=38 h=82 paineis=12 alt=280cm [BH-extraido]
  P23: b=38 h=82 paineis=12 alt=280cm [BH-extraido]
  P24: b=38 h=82 paineis=12 alt=280cm [BH-extraido]
  P25: b=38 h=82 paineis=12 alt=280cm [BH-extraido]
  P26: b=38 h=82 paineis=12 alt=280cm [BH-extraido]
  P27: b=38 h=82 paineis=12 alt=280cm [BH-extraido]
  P28: b=38 h=82 paineis=12 alt=280cm [BH-extraido]
  P29: b=38 h=82 paineis=12 alt=280cm [BH-extraido]
  P30: b=38 h=82 paineis=12 alt=280cm [BH-extraido]
  P31: b=38 h=82 paineis=12 alt=280cm [BH-extraido]
  P32: b=30 h=82 paineis=12 alt=280cm [BH-extraido]
  P33: b=38 h=82 paineis=12 alt=280cm [BH-extraido]
  P34: b=38 h=82 paineis=12 alt=280cm [BH-extraido]
  P35: b=38 h=82 paineis=12 alt=280cm [BH-extraido]
  P41: b=38 h=82 paineis=12 alt=280cm [BH-extraido]
  P42: b=38 h=82 paineis=12 alt=280cm [BH-extraido]
  P43: b=38 h=82 paineis=12 alt=280cm [BH-extraido]
  P44: b=38 h=82 paineis=12 alt=280cm [BH-extraido]
  P45: b=38 h=82 paineis=12 alt=280cm [BH-extraido]
  P46: b=38 h=82 paineis=12 alt=280cm [BH-extraido]
  P47: b=38 h=82 paineis=12 alt=280cm [BH-extraido]
  P48: b=38 h=82 paineis=12 alt=280cm [BH-extraido]
  P49: b=38 h=82 paineis=12 alt=280cm [BH-extraido]
  P50: b=38 h=82 paineis=12 alt=280cm [BH-extraido]
  P51: b=38 h=82 paineis=12 alt=280cm [BH-extraido]

=== RESULTADO: 35 DXFs gerados | 0 erros ===
  Relatorio: D:\Agente-cad-PYSIDE\DADOS-OBRAS\Obra_TREINO_1\Fase-5_Geracao_Scripts\DXF_Pilares\_relatorio.json
  DXFs em: D:\Agente-cad-PYSIDE\DADOS-OBRAS\Obra_TREINO_1\Fase-5_Geracao_Scripts\DXF_Pilares

  Proximo: python scripts/comparar_dxf_pilares.py --obra D:\Agente-cad-PYSIDE\DADOS-OBRAS\Obra_TREINO_1

=== GERANDO DXF VIGAS (35 vigas) ===
  V410: b=19 h=110 L=484cm | paineis A=5 B=5 F=5
  V501: b=19 h=110 L=414cm | paineis A=4 B=4 F=4
  V502: b=19 h=28 L=484cm | paineis A=5 B=5 F=5
  V503: b=19 h=28 L=484cm | paineis A=5 B=5 F=5
  V504: b=19 h=38 L=722cm | paineis A=7 B=7 F=7
  V505: b=19 h=100 L=451cm | paineis A=4 B=4 F=4
  V506: b=19 h=110 L=570cm | paineis A=5 B=5 F=5
  V507: b=19 h=38 L=398cm | paineis A=4 B=4 F=4
  V508: b=19 h=38 L=380cm | paineis A=4 B=4 F=4
  V509: b=19 h=38 L=684cm | paineis A=6 B=6 F=6
  V510: b=19 h=110 L=484cm | paineis A=5 B=5 F=5
  V511: b=19 h=100 L=484cm | paineis A=5 B=5 F=5
  V512: b=19 h=38 L=447cm | paineis A=4 B=4 F=4
  V513: b=19 h=38 L=447cm | paineis A=4 B=4 F=4
  V514: b=19 h=38 L=457cm | paineis A=4 B=4 F=4
  V515: b=19 h=38 L=457cm | paineis A=4 B=4 F=4
  V516: b=19 h=38 L=457cm | paineis A=4 B=4 F=4
  V517: b=19 h=38 L=457cm | paineis A=4 B=4 F=4
  V518: b=19 h=38 L=457cm | paineis A=4 B=4 F=4
  V519: b=19 h=38 L=457cm | paineis A=4 B=4 F=4
  V520: b=19 h=100 L=457cm | paineis A=4 B=4 F=4
  V521: b=19 h=130 L=457cm | paineis A=4 B=4 F=4
  V522: b=19 h=110 L=457cm | paineis A=4 B=4 F=4
  V523: b=19 h=110 L=455cm | paineis A=4 B=4 F=4
  V524: b=19 h=38 L=457cm | paineis A=4 B=4 F=4
  V525: b=19 h=38 L=455cm | paineis A=4 B=4 F=4
  V526: b=19 h=38 L=457cm | paineis A=4 B=4 F=4
  V527: b=19 h=38 L=311cm | paineis A=3 B=3 F=3
  V528: b=19 h=38 L=311cm | paineis A=3 B=3 F=3
  V529: b=19 h=28 L=260cm | paineis A=3 B=3 F=3
  V530: b=19 h=38 L=474cm | paineis A=4 B=4 F=4
  V531: b=19 h=38 L=396cm | paineis A=4 B=4 F=4
  V502A: b=19 h=110 L=244cm | paineis A=3 B=3 F=3
  V503A: b=19 h=110 L=418cm | paineis A=4 B=4 F=4
  V508A: b=19 h=120 L=418cm | paineis A=4 B=4 F=4

=== RESULTADO: 35 DXFs gerados | 0 erros ===
  Relatorio: D:\Agente-cad-PYSIDE\DADOS-OBRAS\Obra_TREINO_1\Fase-5_Geracao_Scripts\DXF_Vigas\_relatorio.json
  DXFs em: D:\Agente-cad-PYSIDE\DADOS-OBRAS\Obra_TREINO_1\Fase-5_Geracao_Scripts\DXF_Vigas

  Proximo: python scripts/comparar_dxf_vigas.py --obra D:\Agente-cad-PYSIDE\DADOS-OBRAS\Obra_TREINO_1

=== GERANDO DXF LAJES (30 lajes) ===
  L501: 244.0x244.0cm paineis=4x1 area=59536cm2
  L502: 244.0x244.0cm paineis=4x1 area=59536cm2
  L503: 244.0x244.0cm paineis=4x1 area=59536cm2
  L504: 244.0x244.0cm paineis=4x1 area=59536cm2
  L505: 244.0x244.0cm paineis=4x1 area=59536cm2
  L506: 244.0x244.0cm paineis=4x1 area=59536cm2
  L507: 244.0x244.0cm paineis=4x1 area=59536cm2
  L508: 244.0x244.0cm paineis=4x1 area=59536cm2
  L509: 244.0x244.0cm paineis=4x1 area=59536cm2
  L510: 244.0x244.0cm paineis=4x1 area=59536cm2
  L511: 244.0x244.0cm paineis=4x1 area=59536cm2
  L512: 244.0x244.0cm paineis=4x1 area=59536cm2
  L513: 244.0x244.0cm paineis=4x1 area=59536cm2
  L514: 244.0x244.0cm paineis=4x1 area=59536cm2
  L518: 244.0x244.0cm paineis=4x1 area=59536cm2
  L519: 244.0x244.0cm paineis=4x1 area=59536cm2
  L521: 244.0x244.0cm paineis=4x1 area=59536cm2
  L522: 244.0x244.0cm paineis=4x1 area=59536cm2
  L523: 244.0x244.0cm paineis=4x1 area=59536cm2
  L524: 244.0x244.0cm paineis=4x1 area=59536cm2
  L525: 244.0x244.0cm paineis=4x1 area=59536cm2
  L526: 244.0x244.0cm paineis=4x1 area=59536cm2
  L527: 244.0x244.0cm paineis=4x1 area=59536cm2
  L528: 244.0x244.0cm paineis=4x1 area=59536cm2
  L535: 244.0x244.0cm paineis=4x1 area=59536cm2
  L536: 244.0x244.0cm paineis=4x1 area=59536cm2
  L537: 244.0x244.0cm paineis=4x1 area=59536cm2
  L538: 244.0x244.0cm paineis=4x1 area=59536cm2
  L539: 244.0x244.0cm paineis=4x1 area=59536cm2
  L540: 244.0x244.0cm paineis=4x1 area=59536cm2

=== RESULTADO: 30 DXFs gerados | 0 erros ===
  Relatorio: D:\Agente-cad-PYSIDE\DADOS-OBRAS\Obra_TREINO_1\Fase-5_Geracao_Scripts\DXF_Lajes\_relatorio.json
  DXFs em: D:\Agente-cad-PYSIDE\DADOS-OBRAS\Obra_TREINO_1\Fase-5_Geracao_Scripts\DXF_Lajes

  Proximo: python scripts/comparar_dxf.py --obra D:\Agente-cad-PYSIDE\DADOS-OBRAS\Obra_TREINO_1
Processando 35 pilares [pavimento completo] (3 zones: ABCD/CIMA/GRADES)
  ABCD zone: X=-7000
  CIMA zone: X=0
  GRADES zone: X=4000

  [ 1] P10: 82.0x38.0cm h=280cm  entities=171
  [ 2] P11: 82.0x38.0cm h=280cm  entities=171
  [ 3] P12: 82.0x38.0cm h=280cm  entities=171
  [ 4] P14: 82.0x38.0cm h=280cm  entities=171
  [ 5] P16: 82.0x38.0cm h=280cm  entities=171
  [ 6] P17: 82.0x38.0cm h=280cm  entities=171
  [ 7] P18: 82.0x38.0cm h=280cm  entities=171
  [ 8] P19: 82.0x38.0cm h=280cm  entities=171
  [ 9] P20: 82.0x38.0cm h=280cm  entities=171
  [10] P21: 82.0x38.0cm h=280cm  entities=171
  [11] P22: 82.0x38.0cm h=280cm  entities=171
  [12] P23: 82.0x38.0cm h=280cm  entities=171
  [13] P24: 82.0x38.0cm h=280cm  entities=171
  [14] P25: 82.0x38.0cm h=280cm  entities=171
  [15] P26: 82.0x38.0cm h=280cm  entities=171
  [16] P27: 82.0x38.0cm h=280cm  entities=171
  [17] P28: 82.0x38.0cm h=280cm  entities=171
  [18] P29: 82.0x38.0cm h=280cm  entities=171
  [19] P30: 82.0x38.0cm h=280cm  entities=171
  [20] P31: 82.0x38.0cm h=280cm  entities=171
  [21] P32: 82.0x38.0cm h=280cm  entities=171
  [22] P33: 82.0x38.0cm h=280cm  entities=171
  [23] P34: 82.0x38.0cm h=280cm  entities=171
  [24] P35: 82.0x38.0cm h=280cm  entities=171
  [25] P41: 82.0x38.0cm h=280cm  entities=121
  [26] P42: 82.0x38.0cm h=280cm  entities=121
  [27] P43: 82.0x38.0cm h=280cm  entities=121
  [28] P44: 82.0x38.0cm h=280cm  entities=121
  [29] P45: 82.0x38.0cm h=280cm  entities=121
  [30] P46: 82.0x38.0cm h=280cm  entities=121
  [31] P47: 82.0x38.0cm h=280cm  entities=121
  [32] P48: 82.0x38.0cm h=280cm  entities=121
  [33] P49: 82.0x38.0cm h=280cm  entities=121
  [34] P50: 82.0x38.0cm h=280cm  entities=121
  [35] P51: 82.0x38.0cm h=280cm  entities=121
  [ADAPTIVE] +6 sentinel(s): ['CARIMBO', 'NIVEL 2¬∞ PAV.', 'SARR_7x7', 'SARR_EDITAR', 'Sarr 2.2x7', 'Texto N√≠vel']
  [PRUNE] 143 entidades removidas (layers fora do STOG PL)

Total entities: 5435
DXF: D:\Agente-cad-PYSIDE\DADOS-OBRAS\Obra_TREINO_1\Fase-6_Execucao_CAD\PL_stog_quality.dxf
Preview: D:\Agente-cad-PYSIDE\DADOS-OBRAS\Obra_TREINO_1\Fase-6_Execucao_CAD\PL_stog_quality.png
Processando 35 vigas laterais -> LV_stog_quality.dxf
  [SKIP-LAYERS] pulando layers ausentes no STOG: ['SCO-___-LAJ', 'TENSOR', 'barrote', 'presilha']
  V504    : comp=722cm  h_A=23  h_B=10  b=19  paineis=7  widths=[120,120,120,120,120,120,2]
  V509    : comp=684cm  h_A=23  h_B=10  b=19  paineis=6  widths=[120,120,120,120,120,84]
  V506    : comp=570cm  h_A=59  h_B=45  b=19  paineis=5  widths=[120,120,120,120,90]
  V410    : comp=484cm  h_A=59  h_B=45  b=19  paineis=5  widths=[120,120,120,120,4]
  V502    : comp=484cm  h_A=18  h_B=10  b=19  paineis=5  widths=[120,120,120,120,4]
  V503    : comp=484cm  h_A=18  h_B=10  b=19  paineis=5  widths=[120,120,120,120,4]
  V510    : comp=484cm  h_A=59  h_B=45  b=19  paineis=5  widths=[120,120,120,120,4]
  V511    : comp=484cm  h_A=54  h_B=40  b=19  paineis=5  widths=[120,120,120,120,4]
  V530    : comp=474cm  h_A=23  h_B=10  b=19  paineis=4  widths=[120,120,120,114]
  V514    : comp=457cm  h_A=23  h_B=10  b=19  paineis=4  widths=[120,120,120,97]
  V515    : comp=457cm  h_A=23  h_B=10  b=19  paineis=4  widths=[120,120,120,97]
  V516    : comp=457cm  h_A=23  h_B=10  b=19  paineis=4  widths=[120,120,120,97]
  V517    : comp=457cm  h_A=23  h_B=10  b=19  paineis=4  widths=[120,120,120,97]
  V518    : comp=457cm  h_A=23  h_B=10  b=19  paineis=4  widths=[120,120,120,97]
  V519    : comp=457cm  h_A=23  h_B=10  b=19  paineis=4  widths=[120,120,120,97]
  V520    : comp=457cm  h_A=54  h_B=40  b=19  paineis=4  widths=[120,120,120,97]
  V521    : comp=457cm  h_A=69  h_B=55  b=19  paineis=4  widths=[120,120,120,97]
  V522    : comp=457cm  h_A=59  h_B=45  b=19  paineis=4  widths=[120,120,120,97]
  V524    : comp=457cm  h_A=23  h_B=10  b=19  paineis=4  widths=[120,120,120,97]
  V526    : comp=457cm  h_A=23  h_B=10  b=19  paineis=4  widths=[120,120,120,97]
  V523    : comp=455cm  h_A=59  h_B=45  b=19  paineis=4  widths=[120,120,120,95]
  V525    : comp=455cm  h_A=23  h_B=10  b=19  paineis=4  widths=[120,120,120,95]
  V505    : comp=451cm  h_A=54  h_B=40  b=19  paineis=4  widths=[120,120,120,91]
  V512    : comp=447cm  h_A=23  h_B=10  b=19  paineis=4  widths=[120,120,120,87]
  V513    : comp=447cm  h_A=23  h_B=10  b=19  paineis=4  widths=[120,120,120,87]
  V503A   : comp=418cm  h_A=59  h_B=45  b=19  paineis=4  widths=[120,120,120,58]
  V508A   : comp=418cm  h_A=64  h_B=50  b=19  paineis=4  widths=[120,120,120,58]
  V501    : comp=414cm  h_A=59  h_B=45  b=19  paineis=4  widths=[120,120,120,54]
  V507    : comp=398cm  h_A=23  h_B=10  b=19  paineis=4  widths=[120,120,120,38]
  V531    : comp=396cm  h_A=23  h_B=10  b=19  paineis=4  widths=[120,120,120,36]
  V508    : comp=380cm  h_A=23  h_B=10  b=19  paineis=4  widths=[120,120,120,20]
  V527    : comp=311cm  h_A=23  h_B=10  b=19  paineis=3  widths=[120,120,71]
  V528    : comp=311cm  h_A=23  h_B=10  b=19  paineis=3  widths=[120,120,71]
  V529    : comp=260cm  h_A=18  h_B=10  b=19  paineis=3  widths=[120,120,20]
  V502A   : comp=244cm  h_A=59  h_B=45  b=19  paineis=3  widths=[120,120,4]
  [ADAPTIVE] +5 sentinel(s): ['Cotas', 'REAPROVEITAMENTO', 'SARRAFO DE PRESSAO', 'SARR_EDITAR', 'TEXTO PILAR']
  [PRUNE] 292 entidades removidas (layers fora do STOG LV)

DXF: D:\Agente-cad-PYSIDE\DADOS-OBRAS\Obra_TREINO_1\Fase-6_Execucao_CAD\LV_stog_quality.dxf
Preview: D:\Agente-cad-PYSIDE\DADOS-OBRAS\Obra_TREINO_1\Fase-6_Execucao_CAD\LV_stog_quality.png
[FV-FILTER] Apenas 1 valor de b=19.0cm ‚Äî sem filtro.
Processando 35 vigas -> 18 fileiras
  V504    : 722x19cm  row=0
  V509    : 684x19cm  row=1
  V506    : 570x19cm  row=2
  V410    : 484x19cm  row=2
  V502    : 484x19cm  row=3
  V503    : 484x19cm  row=3
  V510    : 484x19cm  row=4
  V511    : 484x19cm  row=4
  V530    : 474x19cm  row=5
  V514    : 457x19cm  row=5
  V515    : 457x19cm  row=6
  V516    : 457x19cm  row=6
  V517    : 457x19cm  row=7
  V518    : 457x19cm  row=7
  V519    : 457x19cm  row=8
  V520    : 457x19cm  row=8
  V521    : 457x19cm  row=9
  V522    : 457x19cm  row=9
  V524    : 457x19cm  row=10
  V526    : 457x19cm  row=10
  V523    : 455x19cm  row=11
  V525    : 455x19cm  row=11
  V505    : 451x19cm  row=12
  V512    : 447x19cm  row=12
  V513    : 447x19cm  row=13
  V503A   : 418x19cm  row=13
  V508A   : 418x19cm  row=14
  V501    : 414x19cm  row=14
  V507    : 398x19cm  row=15
  V531    : 396x19cm  row=15
  V508    : 380x19cm  row=16
  V527    : 311x19cm  row=16
  V528    : 311x19cm  row=16
  V529    : 260x19cm  row=17
  V502A   : 244x19cm  row=17
  [ADAPTIVE] +2 sentinel(s): ['00 - FELIPE', 'SARR_EDITAR']
  [PRUNE] 196 entidades removidas (layers fora do STOG FV)

DXF: D:\Agente-cad-PYSIDE\DADOS-OBRAS\Obra_TREINO_1\Fase-6_Execucao_CAD\FV_stog_quality.dxf
Preview: D:\Agente-cad-PYSIDE\DADOS-OBRAS\Obra_TREINO_1\Fase-6_Execucao_CAD\FV_stog_quality.png
Processando 30 lajes -> LJ_stog_quality.dxf  (mode=planta)
  [ 1] L501: 244x244cm  pos=(0,0)  panels=4
  [ 2] L502: 244x244cm  pos=(0,0)  panels=4
  [ 3] L503: 244x244cm  pos=(0,0)  panels=4
  [ 4] L504: 244x244cm  pos=(0,0)  panels=4
  [ 5] L505: 244x244cm  pos=(0,0)  panels=4
  [ 6] L506: 244x244cm  pos=(0,0)  panels=4
  [ 7] L507: 244x244cm  pos=(0,0)  panels=4
  [ 8] L508: 244x244cm  pos=(0,0)  panels=4
  [ 9] L509: 244x244cm  pos=(0,0)  panels=4
  [10] L510: 244x244cm  pos=(0,0)  panels=4
  [11] L511: 244x244cm  pos=(0,0)  panels=4
  [12] L512: 244x244cm  pos=(0,0)  panels=4
  [13] L513: 244x244cm  pos=(0,0)  panels=4
  [14] L514: 244x244cm  pos=(0,0)  panels=4
  [15] L518: 244x244cm  pos=(0,0)  panels=4
  [16] L519: 244x244cm  pos=(0,0)  panels=4
  [17] L521: 244x244cm  pos=(0,0)  panels=4
  [18] L522: 244x244cm  pos=(0,0)  panels=4
  [19] L523: 244x244cm  pos=(0,0)  panels=4
  [20] L524: 244x244cm  pos=(0,0)  panels=4
  [21] L525: 244x244cm  pos=(0,0)  panels=4
  [22] L526: 244x244cm  pos=(0,0)  panels=4
  [23] L527: 244x244cm  pos=(0,0)  panels=4
  [24] L528: 244x244cm  pos=(0,0)  panels=4
  [25] L535: 244x244cm  pos=(0,0)  panels=4
  [26] L536: 244x244cm  pos=(0,0)  panels=4
  [27] L537: 244x244cm  pos=(0,0)  panels=4
  [28] L538: 244x244cm  pos=(0,0)  panels=4
  [29] L539: 244x244cm  pos=(0,0)  panels=4
  [30] L540: 244x244cm  pos=(0,0)  panels=4
  Pilars drawn: 4
  [ADAPTIVE] +2 sentinel(s): ['1', 'REAPROVEITAMENTO']
  [PRUNE] 1 entidades removidas (layers fora do STOG LJ)

DXF (planta): D:\Agente-cad-PYSIDE\DADOS-OBRAS\Obra_TREINO_1\Fase-6_Execucao_CAD\LJ_stog_quality.dxf
Total panels: 120

=== Entity Summary (1839 total) ===
  9                            900
  3                            362
  Pain√©is                      240
  4                            210
  AUX00                         90
  Hachura                       30
  7                              4
  0                              1
  1                              1
  REAPROVEITAMENTO               1

=== Types ===
  LINE                   1141
  TEXT                    304
  DIMENSION               150
  LWPOLYLINE              124
  MTEXT                    90
  HATCH                    30

=== COMPARADOR DXF vs. GROUND TRUTH (tol=5.0%) ===

--- PILARES ---
  Match rate: 100.0% (35/35)
  Erro mÈdio: 0.0%

--- VIGAS ---
  Match rate: 100.0% (35/35)
  Erro mÈdio: 0.0%

--- LAJES ---
  Match rate: 100.0% (30/30)
  Erro mÈdio: 0.0%

=== SCORE GERAL: 100.0% (PASS | meta: 75.0%) ===
  Pilares: 100.0% | Vigas: 100.0% | Lajes: 100.0%

  Relatorio: D:\Agente-cad-PYSIDE\DADOS-OBRAS\Obra_TREINO_1\Fase-5_Geracao_Scripts\_relatorio_comparacao.json
[INFO] === extrair_ancoras_dxf.py | Obra_TREINO_1 | PARAISO - COBERTURA - DECK ===
[INFO] PL DXF: NOVA - ALIMONTI - PARAISO - COBERTURA E DECK - PL - R00.dxf
[INFO] Pilares: 35 ancoras extraidas do PL DXF
[INFO] Salvo: D:\Agente-cad-PYSIDE\DADOS-OBRAS\Obra_TREINO_1\Fase-3_Interpretacao_Extracao\ancoras_pilares.json (35 pilares)
[INFO] LV DXF: NOVA - ALIMONTI - PARAISO - COBERTURA - DECK - LV - R00.dxf
[INFO] Vigas: 35 ancoras extraidas do LV DXF
[INFO] Salvo: D:\Agente-cad-PYSIDE\DADOS-OBRAS\Obra_TREINO_1\Fase-3_Interpretacao_Extracao\ancoras_vigas.json (35 vigas)
[INFO] LJ DXF: NOVA - ALIMONTI - PARAISO - COBERTURA - DECK - LJ - R00.dxf
[INFO] Lajes: 30 ancoras extraidas do LJ DXF
[INFO] Salvo: D:\Agente-cad-PYSIDE\DADOS-OBRAS\Obra_TREINO_1\Fase-3_Interpretacao_Extracao\ancoras_lajes.json (30 lajes)

[RESULTADO]
  Pilares: 35 ancoras
  Vigas:   35 ancoras
  Lajes:   30 ancoras

  STATUS: OK (cobertura suficiente)
[INFO] === consolidar_dxf_pilares.py | Obra_TREINO_1 | PARAISO - COBERTURA - DECK ===
  P10: ancora=(6967,8962) offset=(6802,8822) [18 ents]
  P11: ancora=(5150,6771) offset=(4985,6631) [18 ents]
  P12: ancora=(6416,6761) offset=(6251,6621) [18 ents]
  P14: ancora=(5148,6292) offset=(4983,6152) [18 ents]
  P16: ancora=(5354,12409) offset=(5189,12269) [18 ents]
  P17: ancora=(6923,12409) offset=(6758,12269) [18 ents]
  P18: ancora=(8528,12409) offset=(8363,12269) [18 ents]
  P19: ancora=(3750,11259) offset=(3585,11119) [18 ents]
  P20: ancora=(5366,11259) offset=(5201,11119) [18 ents]
  P21: ancora=(6969,11259) offset=(6804,11119) [18 ents]
  P22: ancora=(8558,11259) offset=(8393,11119) [18 ents]
  P23: ancora=(6146,6666) offset=(5981,6526) [18 ents]
  P24: ancora=(5358,10112) offset=(5193,9972) [18 ents]
  P25: ancora=(5631,6665) offset=(5466,6525) [18 ents]
  P26: ancora=(4192,8964) offset=(4027,8824) [18 ents]
  P27: ancora=(6842,8581) offset=(6677,8441) [18 ents]
  P28: ancora=(5397,7815) offset=(5232,7675) [18 ents]
  P29: ancora=(6948,7815) offset=(6783,7675) [18 ents]
  P30: ancora=(8533,7815) offset=(8368,7675) [18 ents]
  P31: ancora=(4561,4369) offset=(4396,4229) [18 ents]
  P32: ancora=(6159,4369) offset=(6002,4229) [18 ents]
  P33: ancora=(6944,6665) offset=(6779,6525) [18 ents]
  P34: ancora=(6016,6780) offset=(5851,6640) [18 ents]
  P35: ancora=(3768,5516) offset=(3603,5376) [18 ents]
  P41: ancora=(5219,5524) offset=(5054,5384) [18 ents]
  P42: ancora=(5219,5524) offset=(5054,5384) [18 ents]
  P43: ancora=(6947,5519) offset=(6782,5379) [18 ents]
  P44: ancora=(5219,5524) offset=(5054,5384) [18 ents]
  P45: ancora=(5248,5524) offset=(5083,5384) [18 ents]
  P46: ancora=(8531,5519) offset=(8366,5379) [18 ents]
  P47: ancora=(3777,4371) offset=(3612,4231) [18 ents]
  P48: ancora=(5248,5524) offset=(5083,5384) [18 ents]
  P49: ancora=(5246,4359) offset=(5081,4219) [18 ents]
  P50: ancora=(6385,3069) offset=(6220,2929) [18 ents]
  P51: ancora=(5310,2650) offset=(5145,2510) [18 ents]

[RESULTADO]
  Pilares consolidados: 35/35
  Output: D:\Agente-cad-PYSIDE\DADOS-OBRAS\Obra_TREINO_1\Fase-6_Execucao_CAD\PL_gerado.dxf
  ValidaÁ„o: 630 entidades no PL_gerado.dxf
  RelatÛrio: D:\Agente-cad-PYSIDE\DADOS-OBRAS\Obra_TREINO_1\Fase-6_Execucao_CAD\consolidacao_pilares.json
[INFO] === consolidar_dxf_vigas.py | Obra_TREINO_1 ===
  V410: ancora=(5300,7040) [40 ents]
  V501: ancora=(5320,10419) [34 ents]
  V502: ancora=(5089,6835) [40 ents]
  V502A: ancora=(8450,10488) [28 ents]
  V503: ancora=(6555,6702) [40 ents]
  V503A: ancora=(5318,9325) [34 ents]
  V504: ancora=(6076,5029) [52 ents]
  V505: ancora=(7691,6896) [34 ents]
  V506: ancora=(6390,4877) [40 ents]
  V507: ancora=(5027,7778) [34 ents]
  V508: ancora=(4682,7815) [34 ents]
  V508A: ancora=(7027,7218) [34 ents]
  V509: ancora=(5193,4692) [46 ents]
  V510: ancora=(4669,7276) [40 ents]
  V511: ancora=(5646,8126) [40 ents]
  V512: ancora=(6864,7263) [34 ents]
  V513: ancora=(5651,7676) [34 ents]
  V514: ancora=(8215,6714) [34 ents]
  V515: ancora=(8974,6731) [34 ents]
  V516: ancora=(3460,5566) [34 ents]
  V517: ancora=(4062,7205) [34 ents]
  V518: ancora=(7418,7949) [34 ents]
  V519: ancora=(5764,5562) [34 ents]
  V520: ancora=(8102,7501) [34 ents]
  V521: ancora=(6503,7399) [34 ents]
  V522: ancora=(6200,7413) [34 ents]
  V523: ancora=(6170,7226) [34 ents]
  V524: ancora=(3703,7543) [34 ents]
  V525: ancora=(4163,4422) [34 ents]
  V526: ancora=(5066,4442) [34 ents]
  V527: ancora=(5496,4430) [28 ents]
  V528: ancora=(6015,4442) [28 ents]
  V529: ancora=(6692,4442) [28 ents]
  V530: ancora=(7214,4442) [34 ents]
  V531: ancora=(8536,4392) [34 ents]

[RESULTADO]
  LV_gerado.dxf: 35 vigas (1232 entidades)
  FV_gerado.dxf: 35 vigas offset (1232 entidades)
[INFO] === consolidar_dxf_lajes.py | Obra_TREINO_1 ===
  L501: ancora=(4259,3556) [9 ents]
  L502: ancora=(4651,3553) [9 ents]
  L503: ancora=(5998,3556) [9 ents]
  L504: ancora=(6497,3556) [9 ents]
  L505: ancora=(3811,3407) [9 ents]
  L506: ancora=(4239,3325) [9 ents]
  L507: ancora=(4676,3415) [9 ents]
  L508: ancora=(5118,3325) [9 ents]
  L509: ancora=(5545,3402) [9 ents]
  L510: ancora=(5987,3392) [9 ents]
  L511: ancora=(6416,3325) [9 ents]
  L512: ancora=(6722,3331) [9 ents]
  L513: ancora=(5898,3072) [9 ents]
  L514: ancora=(3678,2951) [9 ents]
  L518: ancora=(5399,2869) [9 ents]
  L519: ancora=(5616,2885) [9 ents]
  L521: ancora=(3813,2715) [9 ents]
  L522: ancora=(4234,2774) [9 ents]
  L523: ancora=(4667,2789) [9 ents]
  L524: ancora=(5079,2711) [9 ents]
  L525: ancora=(5252,2715) [9 ents]
  L526: ancora=(5544,2673) [9 ents]
  L527: ancora=(5990,2791) [9 ents]
  L528: ancora=(6305,2776) [9 ents]
  L535: ancora=(3937,2530) [9 ents]
  L536: ancora=(4232,2530) [9 ents]
  L537: ancora=(4700,2529) [9 ents]
  L538: ancora=(5159,2532) [9 ents]
  L539: ancora=(5567,2524) [9 ents]
  L540: ancora=(5985,2520) [9 ents]

[RESULTADO]
  Lajes consolidadas: 30/30
  LJ_gerado.dxf: 270 entidades
  Output: D:\Agente-cad-PYSIDE\DADOS-OBRAS\Obra_TREINO_1\Fase-6_Execucao_CAD\LJ_gerado.dxf
[INFO] === validar_dxf_coletivo.py | Obra_TREINO_1 | PARAISO - COBERTURA - DECK ===

  [PILARES]
    GT: 35 | Gerado: 35 | Corretos: 35
    id_match: 100.0% | hallucination: 0.0%
    SCORE: 100.0% ó APROVADO

  [VIGAS]
    GT: 35 | Gerado: 35 | Corretos: 35
    id_match: 100.0% | hallucination: 0.0%
    SCORE: 100.0% ó APROVADO

  [LAJES]
    GT: 30 | Gerado: 30 | Corretos: 30
    id_match: 100.0% | hallucination: 0.0%
    SCORE: 100.0% ó APROVADO

[RESULTADO GLOBAL]
  Score global: 100.0%
  Status: APROVADO (>=90%)

[INFO] Salvo: D:\Agente-cad-PYSIDE\DADOS-OBRAS\Obra_TREINO_1\Fase-6_Execucao_CAD\validation_coletivo.json
[INFO] Processando 35 pilares \u2192 obras_salvas.json
[INFO]   P10: 82x38cm grade_1=102
[INFO]   P11: 82x38cm grade_1=102
[INFO]   P12: 82x38cm grade_1=120
[INFO]   P14: 82x38cm grade_1=122
[INFO]   P16: 82x38cm grade_1=122
[INFO]   P17: 82x38cm grade_1=70
[INFO]   P18: 82x38cm grade_1=72
[INFO]   P19: 82x38cm grade_1=102
[INFO]   P20: 82x38cm grade_1=108
[INFO]   P21: 82x38cm grade_1=108
[INFO]   P22: 82x38cm grade_1=122
[INFO]   P23: 82x38cm grade_1=122
[INFO]   P24: 82x38cm grade_1=102
[INFO]   P25: 82x38cm grade_1=122
[INFO]   P26: 82x38cm grade_1=102
[INFO]   P27: 82x38cm grade_1=88
[INFO]   P28: 82x38cm grade_1=102
[INFO]   P29: 82x38cm grade_1=88
[INFO]   P30: 82x38cm grade_1=88
[INFO]   P31: 82x38cm grade_1=88
[INFO]   P32: 82x38cm grade_1=88
[INFO]   P33: 82x38cm grade_1=122
[INFO]   P34: 82x38cm grade_1=82
[INFO]   P35: 82x38cm grade_1=82
[INFO]   P41: 82x38cm grade_1=0
[INFO]   P42: 82x38cm grade_1=0
[INFO]   P43: 82x38cm grade_1=0
[INFO]   P44: 82x38cm grade_1=0
[INFO]   P45: 82x38cm grade_1=0
[INFO]   P46: 82x38cm grade_1=0
[INFO]   P47: 82x38cm grade_1=0
[INFO]   P48: 82x38cm grade_1=0
[INFO]   P49: 82x38cm grade_1=0
[INFO]   P50: 82x38cm grade_1=0
[INFO]   P51: 82x38cm grade_1=0
[INFO] \u2705 obras_salvas.json gerado: 35 pilares \u2192 D:\Agente-cad-PYSIDE\DADOS-OBRAS\Obra_TREINO_1\Fase-4_Sincronizacao\obras_salvas.json
[INFO] \u2705 pavimentos_lista.json gerado \u2192 D:\Agente-cad-PYSIDE\DADOS-OBRAS\Obra_TREINO_1\Fase-4_Sincronizacao\pavimentos_lista.json

=================================================================
  RELAT√ìRIO DE FIDELIDADE ‚Äî Obra_TREINO_1 / PARAISO - COBERTURA - DECK
=================================================================
  Tipo            Score    Limiar      Status
  --------------------------------------------------
  pilares      63.7/100    >=85.0      ‚ùå FAIL
  vigas        57.9/100    >=82.0      ‚ùå FAIL
  lajes        88.6/100    >=75.0      ‚úÖ PASS
  --------------------------------------------------
  GLOBAL       67.9/100    >=80.0  ‚ùå REPROVADO

  Fontes auxiliares:
    Coletivo IDs:   100.0%
    Pipeline E2E:    APROVADO

  ‚ÑπÔ∏è  Observa√ß√µes:
    ‚Ä¢ Vigas fundo (FV) abaixo do limiar (41.5/80.0). FV_gerado usa ezdxf simplificado ‚Äî sarrafos e chanfros incompletos.
    ‚Ä¢ Score coletivo (IDs): 100.0% ‚â• 95% ‚Äî pipeline de IDs aprovado.

[INFO] Relat√≥rio salvo em: D:\Agente-cad-PYSIDE\DADOS-OBRAS\Obra_TREINO_1\Fase-8_Revisao_Entrega\cert_PARAISO_-_COBERTURA_-_DECK\relatorio_fidelidade.json

============================================================
PIPELINE E2E ó Obra_TREINO_1 | PARAISO - COBERTURA - DECK
============================================================

[FASE 1] Descoberta de DXFs
  [SKIP] dxf_discovery.json ja existe e contem Obra_TREINO_1

[FASE 2] Engenharia Reversa (Ground Truth)
  [RUN] engenharia_reversa_dxf.py ...
        -> OK (3.4s)

[FASE 3] ExtraÁ„o Dimensional
  [RUN] extrair_bh_pilares.py ...
        -> OK (2.8s)
  [RUN] extrair_vigas_lv.py ...
        -> OK (2.7s)
  [RUN] extrair_lajes_lj.py ...
        -> OK (1.0s)
  [RUN] extrair_poligono_lajes.py ...
        -> OK (0.9s)
  [RUN] extrair_garfos_evg.py ...
        -> FALHOU (code 1) (0.5s)
  [RUN] extrair_largura_vigas_fv.py ...
        -> OK (0.7s)
  [RUN] extrair_assembly_pl.py ...
        -> OK (2.3s)
  [RUN] integrar_fichas_fase3.py ...
        -> OK (0.1s)
  [RUN] extrair_secoes_stog_pl.py ...
        -> OK (2.3s)
  [RUN] validar_score_pipeline.py ...
        -> FALHOU (code 1) (0.1s)

[FASE 4] Motor Fase 4 (Transformacao Fase-3 -> Fase-4)
  [CLEAN] Removendo 35 JSONs antigos de JSON_Pilares/
  [CLEAN] Removendo 62 JSONs antigos de JSON_Vigas_Laterais/
  [CLEAN] Removendo 31 JSONs antigos de JSON_Vigas_Fundo/
  [CLEAN] Removendo 49 JSONs antigos de JSON_Lajes/
  [RUN] motor_fase4.py ...
        -> OK (0.3s)

[FASE 5] GeraÁ„o DXF Individual
  [CLEAN] Removendo 35 DXFs antigos de DXF_Pilares/
  [CLEAN] Removendo 31 DXFs antigos de DXF_Vigas/
  [CLEAN] Removendo 49 DXFs antigos de DXF_Lajes/
  [RUN] gerar_dxf_pilares.py ...
        -> OK (1.1s)
  [RUN] gerar_dxf_vigas.py ...
        -> OK (1.8s)
  [RUN] gerar_dxf_lajes.py ...
        -> OK (1.0s)
  [RUN] gerar_pl_dxf_stog.py ...
        -> OK (120.3s)
  [RUN] gerar_lv_dxf_stog.py ...
        -> OK (58.3s)
  [RUN] gerar_fv_dxf_stog.py ...
        -> OK (10.9s)
  [RUN] gerar_lj_dxf_stog.py ...
        -> OK (1.5s)

[FASE 5b] ComparaÁ„o DXF Individual vs STOG
  [RUN] comparar_dxf.py ...
        -> OK (3.0s)

[FASE 6] ExtraÁ„o de ¬ncoras (coords absolutas)
  [RUN] extrair_ancoras_dxf.py ...
        -> OK (0.7s)

[FASE 7] ConsolidaÁ„o DXF Coletivo
  [RUN] consolidar_dxf_pilares.py ...
        -> OK (1.2s)
  [RUN] consolidar_dxf_vigas.py ...
        -> OK (4.7s)
  [RUN] consolidar_dxf_lajes.py ...
        -> OK (1.0s)

[FASE 8] ValidaÁ„o DXF Coletivo
  [RUN] validar_dxf_coletivo.py ...
        -> OK (1.2s)

[FASE 9] GeraÁ„o obras_salvas.json (formato robÙ)
  [RUN] gerar_obras_salvas.py ...
        -> OK (0.1s)

[FASE 10] ValidaÁ„o Visual AutÙnoma (NVIDIA NIM)
  [RUN] validar_visual_dxf.py ...
        -> TIMEOUT (300.1s) ó validar_visual_dxf.py excedeu 300s, continuando
  [RUN] relatorio_fidelidade.py ...
        -> FALHOU (code 1) (0.1s)

============================================================
PIPELINE CONCLUÕDO ó APROVADO
  Score coletivo: 100.0%
  RelatÛrio: D:\Agente-cad-PYSIDE\DADOS-OBRAS\Obra_TREINO_1\Fase-8_Revisao_Entrega\pipeline_report.json
============================================================

