C:\Python314\python.exe: can't open file 'C:\\Users\\Thierry\\Desktop\\corporacao-senciente\\scripts\\pipeline_batch.py': [Errno 2] No such file or directory

=== COMPARADOR DXF vs. GROUND TRUTH (tol=5.0%) ===

--- PILARES ---
  Match rate: 100.0% (22/22)
  Erro médio: 0.0%

--- VIGAS ---
  Match rate: 100.0% (31/31)
  Erro médio: 0.0%

--- LAJES ---
  Match rate: 100.0% (23/23)
  Erro médio: 0.0%

=== SCORE GERAL: 100.0% (PASS | meta: 75.0%) ===
  Pilares: 100.0% | Vigas: 100.0% | Lajes: 100.0%

  Relatorio: D:\Agente-cad-PYSIDE\DADOS-OBRAS\Obra_TREINO_1\Fase-5_Geracao_Scripts\_relatorio_comparacao.json
[INFO] === validar_dxf_coletivo.py | Obra_TREINO_1 | 13PAV ===

  [PILARES]
    GT: 22 | Gerado: 22 | Corretos: 22
    id_match: 100.0% | hallucination: 0.0%
    SCORE: 100.0% — APROVADO

  [VIGAS]
    GT: 31 | Gerado: 31 | Corretos: 31
    id_match: 100.0% | hallucination: 0.0%
    SCORE: 100.0% — APROVADO

  [LAJES]
    GT: 23 | Gerado: 23 | Corretos: 23
    id_match: 100.0% | hallucination: 0.0%
    SCORE: 100.0% — APROVADO

[RESULTADO GLOBAL]
  Score global: 100.0%
  Status: APROVADO (>=90%)

[INFO] Salvo: D:\Agente-cad-PYSIDE\DADOS-OBRAS\Obra_TREINO_1\Fase-6_Execucao_CAD\validation_coletivo.json

=================================================================
  RELATÓRIO DE FIDELIDADE — Obra_TREINO_1 / 13PAV
=================================================================
  Tipo            Score    Limiar      Status
  --------------------------------------------------
  pilares      63.7/100    >=85.0      ❌ FAIL
  vigas        57.9/100    >=82.0      ❌ FAIL
  lajes        88.6/100    >=75.0      ✅ PASS
  --------------------------------------------------
  GLOBAL       67.9/100    >=80.0  ❌ REPROVADO

  Fontes auxiliares:
    Coletivo IDs:   100.0%
    Dimensional B/H: 8.6%  ❌
    Pipeline E2E:    APROVADO

  ℹ️  Observações:
    • Vigas fundo (FV) abaixo do limiar (41.5/80.0). FV_gerado usa ezdxf simplificado — sarrafos e chanfros incompletos.
    • Score coletivo (IDs): 100.0% ≥ 95% — pipeline de IDs aprovado.

[INFO] Relatório salvo em: D:\Agente-cad-PYSIDE\DADOS-OBRAS\Obra_TREINO_1\Fase-8_Revisao_Entrega\cert_13PAV\relatorio_fidelidade.json

============================================================
PIPELINE E2E — Obra_TREINO_1 | 13PAV
============================================================

[FASE 1] Descoberta de DXFs
  [SKIP] dxf_discovery.json ja existe e contem Obra_TREINO_1

[FASE 2] Engenharia Reversa (Ground Truth)
  [SKIP] ground truth já existe

[FASE 3] Extração Dimensional
  [SKIP] dados dimensionais ja existem
  [SKIP] validation_bh.json já existe

[FASE 4] Motor Fase 4 (Transformacao Fase-3 -> Fase-4)
  [SKIP] Fase-4 já processada

[FASE 5] Geração DXF Individual
  [SKIP] DXF_Pilares/ já contém 22 DXFs

[FASE 5b] Comparação DXF Individual vs STOG
  [RUN] comparar_dxf.py ...
        -> OK (2.6s)

[FASE 6] Extração de Âncoras (coords absolutas)
  [SKIP] âncoras já existem

[FASE 7] Consolidação DXF Coletivo
  [SKIP] DXFs coletivos já existem

[FASE 8] Validação DXF Coletivo
  [RUN] validar_dxf_coletivo.py ...
        -> OK (1.2s)

[FASE 9] Geração obras_salvas.json (formato robô)
  [SKIP] obras_salvas.json já existe

[FASE 10] Validação Visual Autônoma (NVIDIA NIM)
  [NIM-CACHE] score=63.8 já existe, reutilizando (use --skip-nim para forçar skip)
  [VIS] Score visual: 63.8/100
  [RUN] relatorio_fidelidade.py ...
        -> FALHOU (code 1) (0.1s)

============================================================
PIPELINE CONCLUÍDO — PARCIAL
  Score coletivo: 100.0%
  Relatório: D:\Agente-cad-PYSIDE\DADOS-OBRAS\Obra_TREINO_1\Fase-8_Revisao_Entrega\pipeline_report.json
============================================================


=== COMPARADOR DXF vs. GROUND TRUTH (tol=5.0%) ===

--- PILARES ---
  Match rate: 100.0% (22/22)
  Erro médio: 0.0%

--- VIGAS ---
  Match rate: 100.0% (31/31)
  Erro médio: 0.0%

--- LAJES ---
  Match rate: 100.0% (23/23)
  Erro médio: 0.0%

=== SCORE GERAL: 100.0% (PASS | meta: 75.0%) ===
  Pilares: 100.0% | Vigas: 100.0% | Lajes: 100.0%

  Relatorio: D:\Agente-cad-PYSIDE\DADOS-OBRAS\Obra_TREINO_1\Fase-5_Geracao_Scripts\_relatorio_comparacao.json
[INFO] === validar_dxf_coletivo.py | Obra_TREINO_1 | 14PAV ===

  [PILARES]
    GT: 22 | Gerado: 22 | Corretos: 22
    id_match: 100.0% | hallucination: 0.0%
    SCORE: 100.0% — APROVADO

  [VIGAS]
    GT: 31 | Gerado: 31 | Corretos: 31
    id_match: 100.0% | hallucination: 0.0%
    SCORE: 100.0% — APROVADO

  [LAJES]
    GT: 23 | Gerado: 23 | Corretos: 23
    id_match: 100.0% | hallucination: 0.0%
    SCORE: 100.0% — APROVADO

[RESULTADO GLOBAL]
  Score global: 100.0%
  Status: APROVADO (>=90%)

[INFO] Salvo: D:\Agente-cad-PYSIDE\DADOS-OBRAS\Obra_TREINO_1\Fase-6_Execucao_CAD\validation_coletivo.json

=================================================================
  RELATÓRIO DE FIDELIDADE — Obra_TREINO_1 / 14PAV
=================================================================
  Tipo            Score    Limiar      Status
  --------------------------------------------------
  pilares      63.7/100    >=85.0      ❌ FAIL
  vigas        57.9/100    >=82.0      ❌ FAIL
  lajes        88.6/100    >=75.0      ✅ PASS
  --------------------------------------------------
  GLOBAL       67.9/100    >=80.0  ❌ REPROVADO

  Fontes auxiliares:
    Coletivo IDs:   100.0%
    Dimensional B/H: 8.6%  ❌
    Pipeline E2E:    PARCIAL

  ℹ️  Observações:
    • Vigas fundo (FV) abaixo do limiar (41.5/80.0). FV_gerado usa ezdxf simplificado — sarrafos e chanfros incompletos.
    • Score coletivo (IDs): 100.0% ≥ 95% — pipeline de IDs aprovado.

[INFO] Relatório salvo em: D:\Agente-cad-PYSIDE\DADOS-OBRAS\Obra_TREINO_1\Fase-8_Revisao_Entrega\cert_14PAV\relatorio_fidelidade.json

=== COMPARADOR DXF vs. GROUND TRUTH (tol=5.0%) ===

--- PILARES ---
  Match rate: 100.0% (22/22)
  Erro médio: 0.0%

--- VIGAS ---
  Match rate: 100.0% (31/31)
  Erro médio: 0.0%

--- LAJES ---
  Match rate: 100.0% (23/23)
  Erro médio: 0.0%

=== SC
=== COMPARADOR DXF vs. GROUND TRUTH (tol=5.0%) ===

--- PILARES ---
  Match rate: 100.0% (22/22)
  Erro médio: 0.0%

--- VIGAS ---
  Match rate: 100.0% (31/31)
  Erro médio: 0.0%

--- LAJES ---
  Match rate: 100.0% (23/23)
  Erro médio: 0.0%

=== SCORE GERAL: 100.0% (PASS | meta: 75.0%) ===
  Pilares: 100.0% | Vigas: 100.0% | Lajes: 100.0%

  Relatorio: D:\Agente-cad-PYSIDE\DADOS-OBRAS\Obra_TREINO_1\Fase-5_Geracao_Scripts\_relatorio_comparacao.json
[INFO] === validar_dxf_coletivo.py | Obra_TREINO_1 | 13PAV ===

  [PILARES]
    GT: 22 | Gerado: 22 | Corretos: 22
    id_match: 100.0% | hallucination: 0.0%
    SCORE: 100.0% — APROVADO

  [VIGAS]
    GT: 31 | Gerado: 31 | Corretos: 31
    id_match: 100.0% | hallucination: 0.0%
    SCORE: 100.0% — APROVADO

  [LAJES]
    GT: 23 | Gerado: 23 | Corr
=================================================================
  RELATÓRIO DE FIDELIDADE — Obra_TREINO_1 / 1PAV
=================================================================
  Tipo            Score    Limiar      Status
  --------------------------------------------------
  pilares      63.7/100    >=85.0      ❌ FAIL
  vigas        57.9/100    >=82.0      ❌ FAIL
  lajes        88.6/100    >=75.0      ✅ PASS
  --------------------------------------------------
  GLOBAL       67.9/100    >=80.0  ❌ REPROVADO

  Fontes auxiliares:
    Coletivo IDs:   100.0%
    Dimensional B/H: 8.6%  ❌
    Pipeline E2E:    PARCIAL

  ℹ️  Observações:
    • Vigas fundo (FV) abaixo do limiar (41.5/80.0). FV_gerado usa ezdxf simplificado — sarrafos e chanfros incompletos.
    • Score coletivo (IDs): 100.0% ≥ 95% — pipeline de IDs aprovado.

[INFO] Relatório salvo em: D:\Agente-cad-PYSIDE\DADOS-OBRAS\Obra_TREINO_1\Fase-8_Revisao_Entrega\cert_1PAV\relatorio_fidelidade.json

============================================================
PIPELINE E2E — Obra_TREINO_1 | 1PAV
============================================================

[FASE 1] Descoberta de DXFs
  [SKIP] dxf_discovery.json ja existe e contem Obra_TREINO_1

[FASE 2] Engenharia Reversa (Ground Truth)
  [SKIP] ground truth já existe

[FASE 3] Extração Dimensional
  [SKIP] dados dimensionais ja existem
  [SKIP] validation_bh.json já existe

[FASE 4] Motor Fase 4 (Transformacao Fase-3 -> Fase-4)
  [SKIP] Fase-4 já processada

[FASE 5] Geração DXF Individual
  [SKIP] DXF_Pilares/ já contém 22 DXFs

[FASE 5b] Comparação DXF Individual vs STOG
  [RUN] comparar_dxf.py ...
        -> OK (2.1s)

[FASE 6] Extração de Âncoras (coords absolutas)
  [SKIP] âncoras já existem

[FASE 7] Consolidação DXF Coletivo
  [SKIP] DXFs coletivos já existem

[FASE 8] Validação DXF Coletivo
  [RUN] validar_dxf_coletivo.py ...
        -> OK (1.1s)

[FASE 9] Geração obras_salvas.json (formato robô)
  [SKIP] obras_salvas.json já existe

[FASE 10] Validação Visual Autônoma (NVIDIA NIM)
  [RUN] validar_visual_dxf.py ...
        -> TIMEOUT (900.2s) — validar_visual_dxf.py excedeu 900s, continuando
  [RUN] relatorio_fidelidade.py ...
        -> FALHOU (code 1) (0.1s)

============================================================
PIPELINE CONCLUÍDO — APROVADO
  Score coletivo: 100.0%
  Relatório: D:\Agente-cad-PYSIDE\DADOS-OBRAS\Obra_TREINO_1\Fase-8_Revisao_Entrega\pipeline_report.json
============================================================

==========================================
PIPELINE CONCLUÍDO — PARCIAL
  Score coletivo: 100.0%
  Relatório: D:\Agente-cad-PYSIDE\DADOS-OBRAS\Obra_TREINO_1\Fase-8_Revisao_Entrega\pipeline_report.json
============================================================

  -> PARCIAL (3.5s)

[2/92] Obra_TREINO_1 | 14PAV
  Path: D:\Agente-cad-PYSIDE\DADOS-OBRAS\Obra_TREINO_1

=== COMPARADOR DXF vs. GROUND TRUTH (tol=5.0%) ===

--- PILARES ---
  Match rate: 100.0% (22/22)
  Erro médio: 0.0%

--- VIGAS ---
  Match rate: 100.0% (31/31)
  Erro médio: 0.0%

--- LAJES ---
  Match rate: 100.0% (23/23)
  Erro médio: 0.0%

=== SCORE GERAL: 100.0% (PASS | meta: 75.0%) ===
  Pilares: 100.0% | Vigas: 100.0% | Lajes: 100.0%

  Relatorio: D:\Agente-cad-PYSIDE\DADOS-OBRAS\Obra_TREINO_1\Fase-5_Geracao_Scripts\_relatorio_comparacao.json
[INFO] === validar_dxf_coletivo.py | Obra_TREINO_1 | 14PAV ===

  [PILARES]
    GT: 22 | Gerado: 22 | Corretos: 22
    id_match: 100.0% | hallucination: 0.0%
    SCORE: 100.0% — APROVADO

  [VIGAS]
    GT: 31 | Gerado: 31 | Corretos: 31
    id_match: 100.0% | hallucination: 0.0%
    SCORE: 100.0% — APROVADO

  [LAJES]
    GT: 23 | Gerado: 23 | Corretos: 23
    id_match: 100.0% | hallucination: 0.0%
    SCORE: 100.0% — APROVADO

[RESULTADO GLOBAL]
  Score global: 100.0%
  Status: APROVADO (>=90%)

[INFO] Salvo: D:\Agente-cad-PYSIDE\DADOS-OBRAS\Obra_TREINO_1\Fase-6_Execucao_CAD\validation_coletivo.json
  -> REPROVADO (411.9s)

[3/92] Obra_TREINO_1 | 1PAV
  Path: D:\Agente-cad-PYSIDE\DADOS-OBRAS\Obra_TREINO_1

=================================================================
  RELATÓRIO DE FIDELIDADE — Obra_TREINO_1 / 14PAV
=================================================================
  Tipo            Score    Limiar      Status
  --------------------------------------------------
  pilares      63.7/100    >=85.0      ❌ FAIL
  vigas        57.9/100    >=82.0      ❌ FAIL
  lajes        88.6/100    >=75.0      ✅ PASS
  --------------------------------------------------
  GLOBAL       67.9/100    >=80.0  ❌ REPROVADO

  Fontes auxiliares:
    Coletivo IDs:   100.0%
    Dimensional B/H: 8.6%  ❌
    Pipeline E2E:    PARCIAL

  ℹ️  Observações:
    • Vigas fundo (FV) abaixo do limiar (41.5/80.0). FV_gerado usa ezdxf simplificado — sarrafos e chanfros incompletos.
    • Score coletivo (IDs): 100.0% ≥ 95% — pipeline de IDs aprovado.

[INFO] Relatório salvo em: D:\Agente-cad-PYSIDE\DADOS-OBRAS\Obra_TREINO_1\Fase-8_Revisao_Entrega\cert_14PAV\relatorio_fidelidade.json

=== COMPARADOR DXF vs. GROUND TRUTH (tol=5.0%) ===

--- PILARES ---
  Match rate: 100.0% (22/22)
  Erro médio: 0.0%

--- VIGAS ---
  Match rate: 100.0% (31/31)
  Erro médio: 0.0%

--- LAJES ---
  Match rate: 100.0% (23/23)
  Erro médio: 0.0%

=== SCORE GERAL: 100.0% (PASS | meta: 75.0%) ===
  Pilares: 100.0% | Vigas: 100.0% | Lajes: 100.0%

  Relatorio: D:\Agente-cad-PYSIDE\DADOS-OBRAS\Obra_TREINO_1\Fase-5_Geracao_Scripts\_relatorio_comparacao.json
[INFO] === validar_dxf_coletivo.py | Obra_TREINO_1 | 1PAV ===

  [PILARES]
    GT: 22 | Gerado: 22 | Corretos: 22
    id_match: 100.0% | hallucination: 0.0%
    SCORE: 100.0% — APROVADO

  [VIGAS]
    GT: 31 | Gerado: 31 | Corretos: 31
    id_match: 100.0% | hallucination: 0.0%
    SCORE: 100.0% — APROVADO

  [LAJES]
    GT: 23 | Gerado: 23 | Corretos: 23
    id_match: 100.0% | hallucination: 0.0%
    SCORE: 100.0% — APROVADO

[RESULTADO GLOBAL]
  Score global: 100.0%
  Status: APROVADO (>=90%)

[INFO] Salvo: D:\Agente-cad-PYSIDE\DADOS-OBRAS\Obra_TREINO_1\Fase-6_Execucao_CAD\validation_coletivo.json

=================================================================
  RELATÓRIO DE FIDELIDADE — Obra_TREINO_1 / 1PAV
=================================================================
  Tipo            Score    Limiar      Status
  --------------------------------------------------
  pilares      63.7/100    >=85.0      ❌ FAIL
  vigas        57.9/100    >=82.0      ❌ FAIL
  lajes        88.6/100    >=75.0      ✅ PASS
  --------------------------------------------------
  GLOBAL       67.9/100    >=80.0  ❌ REPROVADO

  Fontes auxiliares:
    Coletivo IDs:   100.0%
    Dimensional B/H: 8.6%  ❌
    Pipeline E2E:    APROVADO

  ℹ️  Observações:
    • Vigas fundo (FV) abaixo do limiar (41.5/80.0). FV_gerado usa ezdxf simplificado — sarrafos e chanfros incompletos.
    • Score coletivo (IDs): 100.0% ≥ 95% — pipeline de IDs aprovado.

[INFO] Relatório salvo em: D:\Agente-cad-PYSIDE\DADOS-OBRAS\Obra_TREINO_1\Fase-8_Revisao_Entrega\cert_1PAV\relatorio_fidelidade.json

============================================================
PIPELINE E2E — Obra_TREINO_1 | 1PAV
============================================================

[FASE 1] Descoberta de DXFs
  [SKIP] dxf_discovery.json ja existe e contem Obra_TREINO_1

[FASE 2] Engenharia Reversa (Ground Truth)
  [SKIP] ground truth já existe

[FASE 3] Extração Dimensional
  [SKIP] dados dimensionais ja existem
  [SKIP] validation_bh.json já existe

[FASE 4] Motor Fase 4 (Transformacao Fase-3 -> Fase-4)
  [SKIP] Fase-4 já processada

[FASE 5] Geração DXF Individual
  [SKIP] DXF_Pilares/ já contém 22 DXFs

[FASE 5b] Comparação DXF Individual vs STOG
  [RUN] comparar_dxf.py ...
        -> OK (2.1s)

[FASE 6] Extração de Âncoras (coords absolutas)
  [SKIP] âncoras já existem

[FASE 7] Consolidação DXF Coletivo
  [SKIP] DXFs coletivos já existem

[FASE 8] Validação DXF Coletivo
  [RUN] validar_dxf_coletivo.py ...
        -> OK (1.1s)

[FASE 9] Geração obras_salvas.json (formato robô)
  [SKIP] obras_salvas.json já existe

[FASE 10] Validação Visual Autônoma (NVIDIA NIM)
  [RUN] validar_visual_dxf.py ...
        -> TIMEOUT (900.0s) — validar_visual_dxf.py excedeu 900s, continuando
  [RUN] relatorio_fidelidade.py ...
        -> FALHOU (code 1) (0.1s)

============================================================
PIPELINE CONCLUÍDO — APROVADO
  Score coletivo: 100.0%
  Relatório: D:\Agente-cad-PYSIDE\DADOS-OBRAS\Obra_TREINO_1\Fase-8_Revisao_Entrega\pipeline_report.json
============================================================

=========================================
PIPELINE CONCLUÍDO — PARCIAL
  Score coletivo: 100.0%
  Relatório: D:\Agente-cad-PYSIDE\DADOS-OBRAS\Obra_TREINO_1\Fase-8_Revisao_Entrega\pipeline_report.json
============================================================

  -> PARCIAL (3.3s)

[2/92] Obra_TREINO_1 | 14PAV
  Path: D:\Agente-cad-PYSIDE\DADOS-OBRAS\Obra_TREINO_1

============================================================
PIPELINE E2E — Obra_TREINO_1 | 14PAV
============================================================

[FASE 1] Descoberta de DXFs
  [SKIP] dxf_discovery.json ja existe e contem Obra_TREINO_1

[FASE 2] Engenharia Reversa (Ground Truth)
  [SKIP] ground truth já existe

[FASE 3] Extração Dimensional
  [SKIP] dados dimensionais ja existem
  [SKIP] validation_bh.json já existe

[FASE 4] Motor Fase 4 (Transformacao Fase-3 -> Fase-4)
  [SKIP] Fase-4 já processada

[FASE 5] Geração DXF Individual
  [SKIP] DXF_Pilares/ já contém 22 DXFs

[FASE 5b] Comparação DXF Individual vs STOG
  [RUN] comparar_dxf.py ...

=== COMPARADOR DXF vs. GROUND TRUTH (tol=5.0%) ===

--- PILARES ---
  Match rate: 100.0% (22/22)
  Erro médio: 0.0%

--- VIGAS ---
  Match rate: 100.0% (31/31)
  Erro médio: 0.0%

--- LAJES ---
  Match rate: 100.0% (23/23)
  Erro médio: 0.0%

=== SCORE GERAL: 100.0% (PASS | meta: 75.0%) ===
  Pilares: 100.0% | Vigas: 100.0% | Lajes: 100.0%

  Relatorio: D:\Agente-cad-PYSIDE\DADOS-OBRAS\Obra_TREINO_1\Fase-5_Geracao_Scripts\_relatorio_comparacao.json
        -> OK (2.0s)

[FASE 6] Extração de Âncoras (coords absolutas)
  [SKIP] âncoras já existem

[FASE 7] Consolidação DXF Coletivo
  [SKIP] DXFs coletivos já existem

[FASE 8] Validação DXF Coletivo
  [RUN] validar_dxf_coletivo.py ...
[INFO] === validar_dxf_coletivo.py | Obra_TREINO_1 | 14PAV ===

  [PILARES]
    GT: 22 | Gerado: 22 | Corretos: 22
    id_match: 100.0% | hallucination: 0.0%
    SCORE: 100.0% — APROVADO

  [VIGAS]
    GT: 31 | Gerado: 31 | Corretos: 31
    id_match: 100.0% | hallucination: 0.0%
    SCORE: 100.0% — APROVADO

  [LAJES]
    GT: 23 | Gerado: 23 | Corretos: 23
    id_match: 100.0% | hallucination: 0.0%
    SCORE: 100.0% — APROVADO

[RESULTADO GLOBAL]
  Score global: 100.0%
  Status: APROVADO (>=90%)

[INFO] Salvo: D:\Agente-cad-PYSIDE\DADOS-OBRAS\Obra_TREINO_1\Fase-6_Execucao_CAD\validation_coletivo.json
        -> OK (1.2s)

[FASE 9] Geração obras_salvas.json (formato robô)
  [SKIP] obras_salvas.json já existe

[FASE 10] Validação Visual Autônoma (NVIDIA NIM)
  [RUN] validar_visual_dxf.py ...
        -> TIMEOUT (900.0s) — validar_visual_dxf.py excedeu 900s, continuando
  [RUN] relatorio_fidelidade.py ...

=================================================================
  RELATÓRIO DE FIDELIDADE — Obra_TREINO_1 / 14PAV
=================================================================
  Tipo            Score    Limiar      Status
  --------------------------------------------------
  pilares      63.7/100    >=85.0      ❌ FAIL
  vigas        57.9/100    >=82.0      ❌ FAIL
  lajes        88.6/100    >=75.0      ✅ PASS
  --------------------------------------------------
  GLOBAL       67.9/100    >=80.0  ❌ REPROVADO

  Fontes auxiliares:
    Coletivo IDs:   100.0%
    Dimensional B/H: 8.6%  ❌
    Pipeline E2E:    APROVADO

  ℹ️  Observações:
    • Vigas fundo (FV) abaixo do limiar (41.5/80.0). FV_gerado usa ezdxf simplificado — sarrafos e chanfros incompletos.
    • Score coletivo (IDs): 100.0% ≥ 95% — pipeline de IDs aprovado.

[INFO] Relatório salvo em: D:\Agente-cad-PYSIDE\DADOS-OBRAS\Obra_TREINO_1\Fase-8_Revisao_Entrega\cert_14PAV\relatorio_fidelidade.json
        -> FALHOU (code 1) (0.1s)

============================================================
PIPELINE CONCLUÍDO — APROVADO
  Score coletivo: 100.0%
  Relatório: D:\Agente-cad-PYSIDE\DADOS-OBRAS\Obra_TREINO_1\Fase-8_Revisao_Entrega\pipeline_report.json
============================================================

  -> APROVADO (903.4s)

[3/92] Obra_TREINO_1 | 1PAV
  Path: D:\Agente-cad-PYSIDE\DADOS-OBRAS\Obra_TREINO_1

============================================================
PIPELINE E2E — Obra_TREINO_1 | 1PAV
============================================================

[FASE 1] Descoberta de DXFs
  [SKIP] dxf_discovery.json ja existe e contem Obra_TREINO_1

[FASE 2] Engenharia Reversa (Ground Truth)
  [SKIP] ground truth já existe

[FASE 3] Extração Dimensional
  [SKIP] dados dimensionais ja existem
  [SKIP] validation_bh.json já existe

[FASE 4] Motor Fase 4 (Transformacao Fase-3 -> Fase-4)
  [SKIP] Fase-4 já processada

[FASE 5] Geração DXF Individual
  [SKIP] DXF_Pilares/ já contém 22 DXFs

[FASE 5b] Comparação DXF Individual vs STOG
  [RUN] comparar_dxf.py ...

=== COMPARADOR DXF vs. GROUND TRUTH (tol=5.0%) ===

--- PILARES ---
  Match rate: 100.0% (22/22)
  Erro médio: 0.0%

--- VIGAS ---
  Match rate: 100.0% (31/31)
  Erro médio: 0.0%

--- LAJES ---
  Match rate: 100.0% (23/23)
  Erro médio: 0.0%

=== SCORE GERAL: 100.0% (PASS | meta: 75.0%) ===
  Pilares: 100.0% | Vigas: 100.0% | Lajes: 100.0%

  Relatorio: D:\Agente-cad-PYSIDE\DADOS-OBRAS\Obra_TREINO_1\Fase-5_Geracao_Scripts\_relatorio_comparacao.json
        -> OK (1.9s)

[FASE 6] Extração de Âncoras (coords absolutas)
  [SKIP] âncoras já existem

[FASE 7] Consolidação DXF Coletivo
  [SKIP] DXFs coletivos já existem

[FASE 8] Validação DXF Coletivo
  [RUN] validar_dxf_coletivo.py ...
[INFO] === validar_dxf_coletivo.py | Obra_TREINO_1 | 1PAV ===

  [PILARES]
    GT: 22 | Gerado: 22 | Corretos: 22
    id_match: 100.0% | hallucination: 0.0%
    SCORE: 100.0% — APROVADO

  [VIGAS]
    GT: 31 | Gerado: 31 | Corretos: 31
    id_match: 100.0% | hallucination: 0.0%
    SCORE: 100.0% — APROVADO

  [LAJES]
    GT: 23 | Gerado: 23 | Corretos: 23
    id_match: 100.0% | hallucination: 0.0%
    SCORE: 100.0% — APROVADO

[RESULTADO GLOBAL]
  Score global: 100.0%
  Status: APROVADO (>=90%)

[INFO] Salvo: D:\Agente-cad-PYSIDE\DADOS-OBRAS\Obra_TREINO_1\Fase-6_Execucao_CAD\validation_coletivo.json
        -> OK (1.1s)

[FASE 9] Geração obras_salvas.json (formato robô)
  [SKIP] obras_salvas.json já existe

[FASE 10] Validação Visual Autônoma (NVIDIA NIM)
  [RUN] validar_visual_dxf.py ...
[INFO] Carregando discovery de D:\Agente-cad-PYSIDE\DADOS-OBRAS...
[INFO] Provider: NVIDIA NIM | Modelo: meta/llama-3.2-90b-vision-instruct

============================================================
  Obra: Obra_TREINO_1 | Pavimento: 1PAV
============================================================

============================================================
  RESUMO FINAL — Obra_TREINO_1
============================================================
  ❌ 1PAV                           score=47.4  tipos=PL+LV+FV+LJ

  Consolidado: D:\Agente-cad-PYSIDE\validacao_visual\consolidado_Obra_TREINO_1.json
  Imagens em: D:\Agente-cad-PYSIDE\validacao_visual/
        -> OK (867.7s)
  [VIS] Score visual: 47.4/100
  [RUN] relatorio_fidelidade.py ...

=================================================================
  RELATÓRIO DE FIDELIDADE — Obra_TREINO_1 / 1PAV
=================================================================
  Tipo            Score    Limiar      Status
  --------------------------------------------------
  pilares      63.7/100    >=85.0      ❌ FAIL
  vigas        57.9/100    >=82.0      ❌ FAIL
  lajes        88.6/100    >=75.0      ✅ PASS
  --------------------------------------------------
  GLOBAL       67.9/100    >=80.0  ❌ REPROVADO

  Fontes auxiliares:
    Coletivo IDs:   100.0%
    Dimensional B/H: 8.6%  ❌
    Pipeline E2E:    PARCIAL

  ℹ️  Observações:
    • Vigas fundo (FV) abaixo do limiar (41.5/80.0). FV_gerado usa ezdxf simplificado — sarrafos e chanfros incompletos.
    • Score coletivo (IDs): 100.0% ≥ 95% — pipeline de IDs aprovado.

[INFO] Relatório salvo em: D:\Agente-cad-PYSIDE\DADOS-OBRAS\Obra_TREINO_1\Fase-8_Revisao_Entrega\cert_1PAV\relatorio_fidelidade.json
        -> FALHOU (code 1) (0.1s)

============================================================
PIPELINE CONCLUÍDO — PARCIAL
  Score coletivo: 100.0%
  Relatório: D:\Agente-cad-PYSIDE\DADOS-OBRAS\Obra_TREINO_1\Fase-8_Revisao_Entrega\pipeline_report.json
============================================================

  -> PARCIAL (870.9s)

[4/92] Obra_TREINO_1 | 2PAV
  Path: D:\Agente-cad-PYSIDE\DADOS-OBRAS\Obra_TREINO_1

============================================================
PIPELINE E2E — Obra_TREINO_1 | 2PAV
============================================================

[FASE 1] Descoberta de DXFs
  [SKIP] dxf_discovery.json ja existe e contem Obra_TREINO_1

[FASE 2] Engenharia Reversa (Ground Truth)
  [SKIP] ground truth já existe

[FASE 3] Extração Dimensional
  [SKIP] dados dimensionais ja existem
  [SKIP] validation_bh.json já existe

[FASE 4] Motor Fase 4 (Transformacao Fase-3 -> Fase-4)
  [SKIP] Fase-4 já processada

[FASE 5] Geração DXF Individual
  [SKIP] DXF_Pilares/ já contém 22 DXFs

[FASE 5b] Comparação DXF Individual vs STOG
  [RUN] comparar_dxf.py ...

=== COMPARADOR DXF vs. GROUND TRUTH (tol=5.0%) ===

--- PILARES ---
  Match rate: 100.0% (22/22)
  Erro médio: 0.0%

--- VIGAS ---
  Match rate: 100.0% (31/31)
  Erro médio: 0.0%

--- LAJES ---
  Match rate: 100.0% (23/23)
  Erro médio: 0.0%

=== SCORE GERAL: 100.0% (PASS | meta: 75.0%) ===
  Pilares: 100.0% | Vigas: 100.0% | Lajes: 100.0%

  Relatorio: D:\Agente-cad-PYSIDE\DADOS-OBRAS\Obra_TREINO_1\Fase-5_Geracao_Scripts\_relatorio_comparacao.json
        -> OK (1.9s)

[FASE 6] Extração de Âncoras (coords absolutas)
  [SKIP] âncoras já existem

[FASE 7] Consolidação DXF Coletivo
  [SKIP] DXFs coletivos já existem

[FASE 8] Validação DXF Coletivo
  [RUN] validar_dxf_coletivo.py ...
[INFO] === validar_dxf_coletivo.py | Obra_TREINO_1 | 2PAV ===

  [PILARES]
    GT: 22 | Gerado: 22 | Corretos: 22
    id_match: 100.0% | hallucination: 0.0%
    SCORE: 100.0% — APROVADO

  [VIGAS]
    GT: 31 | Gerado: 31 | Corretos: 31
    id_match: 100.0% | hallucination: 0.0%
    SCORE: 100.0% — APROVADO

  [LAJES]
    GT: 23 | Gerado: 23 | Corretos: 23
    id_match: 100.0% | hallucination: 0.0%
    SCORE: 100.0% — APROVADO

[RESULTADO GLOBAL]
  Score global: 100.0%
  Status: APROVADO (>=90%)

[INFO] Salvo: D:\Agente-cad-PYSIDE\DADOS-OBRAS\Obra_TREINO_1\Fase-6_Execucao_CAD\validation_coletivo.json
        -> OK (1.1s)

[FASE 9] Geração obras_salvas.json (formato robô)
  [SKIP] obras_salvas.json já existe

[FASE 10] Validação Visual Autônoma (NVIDIA NIM)
  [RUN] validar_visual_dxf.py ...
        -> TIMEOUT (900.2s) — validar_visual_dxf.py excedeu 900s, continuando
  [RUN] relatorio_fidelidade.py ...

=================================================================
  RELATÓRIO DE FIDELIDADE — Obra_TREINO_1 / 2PAV
=================================================================
  Tipo            Score    Limiar      Status
  --------------------------------------------------
  pilares      63.7/100    >=85.0      ❌ FAIL
  vigas        57.9/100    >=82.0      ❌ FAIL
  lajes        88.6/100    >=75.0      ✅ PASS
  --------------------------------------------------
  GLOBAL       67.9/100    >=80.0  ❌ REPROVADO

  Fontes auxiliares:
    Coletivo IDs:   100.0%
    Dimensional B/H: 8.6%  ❌
    Pipeline E2E:    APROVADO

  ℹ️  Observações:
    • Vigas fundo (FV) abaixo do limiar (41.5/80.0). FV_gerado usa ezdxf simplificado — sarrafos e chanfros incompletos.
    • Score coletivo (IDs): 100.0% ≥ 95% — pipeline de IDs aprovado.

[INFO] Relatório salvo em: D:\Agente-cad-PYSIDE\DADOS-OBRAS\Obra_TREINO_1\Fase-8_Revisao_Entrega\cert_2PAV\relatorio_fidelidade.json
        -> FALHOU (code 1) (0.1s)

============================================================
PIPELINE CONCLUÍDO — APROVADO
  Score coletivo: 100.0%
  Relatório: D:\Agente-cad-PYSIDE\DADOS-OBRAS\Obra_TREINO_1\Fase-8_Revisao_Entrega\pipeline_report.json
============================================================

  -> APROVADO (903.4s)

[5/92] Obra_TREINO_1 | PARAISO - COBERTURA - DECK
  Path: D:\Agente-cad-PYSIDE\DADOS-OBRAS\Obra_TREINO_1

============================================================
PIPELINE E2E — Obra_TREINO_1 | PARAISO - COBERTURA - DECK
============================================================

[FASE 1] Descoberta de DXFs
  [SKIP] dxf_discovery.json ja existe e contem Obra_TREINO_1

[FASE 2] Engenharia Reversa (Ground Truth)
  [SKIP] ground truth já existe

[FASE 3] Extração Dimensional
  [SKIP] dados dimensionais ja existem
  [SKIP] validation_bh.json já existe

[FASE 4] Motor Fase 4 (Transformacao Fase-3 -> Fase-4)
  [SKIP] Fase-4 já processada

[FASE 5] Geração DXF Individual
  [SKIP] DXF_Pilares/ já contém 22 DXFs

[FASE 5b] Comparação DXF Individual vs STOG
  [RUN] comparar_dxf.py ...

=== COMPARADOR DXF vs. GROUND TRUTH (tol=5.0%) ===

--- PILARES ---
  Match rate: 100.0% (22/22)
  Erro médio: 0.0%

--- VIGAS ---
  Match rate: 100.0% (31/31)
  Erro médio: 0.0%

--- LAJES ---
  Match rate: 100.0% (23/23)
  Erro médio: 0.0%

=== SCORE GERAL: 100.0% (PASS | meta: 75.0%) ===
  Pilares: 100.0% | Vigas: 100.0% | Lajes: 100.0%

  Relatorio: D:\Agente-cad-PYSIDE\DADOS-OBRAS\Obra_TREINO_1\Fase-5_Geracao_Scripts\_relatorio_comparacao.json
        -> OK (2.3s)

[FASE 6] Extração de Âncoras (coords absolutas)
  [SKIP] âncoras já existem

[FASE 7] Consolidação DXF Coletivo
  [SKIP] DXFs coletivos já existem

[FASE 8] Validação DXF Coletivo
  [RUN] validar_dxf_coletivo.py ...
[INFO] === validar_dxf_coletivo.py | Obra_TREINO_1 | PARAISO - COBERTURA - DECK ===

  [PILARES]
    GT: 22 | Gerado: 22 | Corretos: 22
    id_match: 100.0% | hallucination: 0.0%
    SCORE: 100.0% — APROVADO

  [VIGAS]
    GT: 31 | Gerado: 31 | Corretos: 31
    id_match: 100.0% | hallucination: 0.0%
    SCORE: 100.0% — APROVADO

  [LAJES]
    GT: 23 | Gerado: 23 | Corretos: 23
    id_match: 100.0% | hallucination: 0.0%
    SCORE: 100.0% — APROVADO

[RESULTADO GLOBAL]
  Score global: 100.0%
  Status: APROVADO (>=90%)

[INFO] Salvo: D:\Agente-cad-PYSIDE\DADOS-OBRAS\Obra_TREINO_1\Fase-6_Execucao_CAD\validation_coletivo.json
        -> OK (1.1s)

[FASE 9] Geração obras_salvas.json (formato robô)
  [SKIP] obras_salvas.json já existe

[FASE 10] Validação Visual Autônoma (NVIDIA NIM)
  [RUN] validar_visual_dxf.py ...
BRAS\Obra_TREINO_1\Fase-8_Revisao_Entrega\pipeline_report.json
============================================================

  -> APROVADO (903.2s)

[4/92] Obra_TREINO_1 | 2PAV
  Path: D:\Agente-cad-PYSIDE\DADOS-OBRAS\Obra_TREINO_1

============================================================
PIPELINE E2E — Obra_TREINO_1 | 2PAV
============================================================

[FASE 1] Descoberta de DXFs
  [SKIP] dxf_discovery.json ja existe e contem Obra_TREINO_1

[FASE 2] Engenharia Reversa (Ground Truth)
  [SKIP] ground truth já existe

[FASE 3] Extração Dimensional
  [SKIP] dados dimensionais ja existem
  [SKIP] validation_bh.json já existe

[FASE 4] Motor Fase 4 (Transformacao Fase-3 -> Fase-4)
  [SKIP] Fase-4 já processada

[FASE 5] Geração DXF Individual
  [SKIP] DXF_Pilares/ já contém 22 DXFs

[FASE 5b] Comparação DXF Individual vs STOG
  [RUN] comparar_dxf.py ...

=== COMPARADOR DXF vs. GROUND TRUTH (tol=5.0%) ===

--- PILARES ---
  Match rate: 100.0% (22/22)
  Erro médio: 0.0%

--- VIGAS ---
  Match rate: 100.0% (31/31)
  Erro médio: 0.0%

--- LAJES ---
  Match rate: 100.0% (23/23)
  Erro médio: 0.0%

=== SCORE GERAL: 100.0% (PASS | meta: 75.0%) ===
  Pilares: 100.0% | Vigas: 100.0% | Lajes: 100.0%

  Relatorio: D:\Agente-cad-PYSIDE\DADOS-OBRAS\Obra_TREINO_1\Fase-5_Geracao_Scripts\_relatorio_comparacao.json
        -> OK (2.0s)

[FASE 6] Extração de Âncoras (coords absolutas)
  [SKIP] âncoras já existem

[FASE 7] Consolidação DXF Coletivo
  [SKIP] DXFs coletivos já existem

[FASE 8] Validação DXF Coletivo
  [RUN] validar_dxf_coletivo.py ...
[INFO] === validar_dxf_coletivo.py | Obra_TREINO_1 | 2PAV ===

  [PILARES]
    GT: 22 | Gerado: 22 | Corretos: 22
    id_match: 100.0% | hallucination: 0.0%
    SCORE: 100.0% — APROVADO

  [VIGAS]
    GT: 31 | Gerado: 31 | Corretos: 31
    id_match: 100.0% | hallucination: 0.0%
    SCORE: 100.0% — APROVADO

  [LAJES]
    GT: 23 | Gerado: 23 | Corretos: 23
    id_match: 100.0% | hallucination: 0.0%
    SCORE: 100.0% — APROVADO

[RESULTADO GLOBAL]
  Score global: 100.0%
  Status: APROVADO (>=90%)

[INFO] Salvo: D:\Agente-cad-PYSIDE\DADOS-OBRAS\Obra_TREINO_1\Fase-6_Execucao_CAD\validation_coletivo.json
        -> OK (1.1s)

[FASE 9] Geração obras_salvas.json (formato robô)
  [SKIP] obras_salvas.json já existe

[FASE 10] Validação Visual Autônoma (NVIDIA NIM)
  [RUN] validar_visual_dxf.py ...
        -> TIMEOUT (900.1s) — validar_visual_dxf.py excedeu 900s, continuando
  [RUN] relatorio_fidelidade.py ...

=================================================================
  RELATÓRIO DE FIDELIDADE — Obra_TREINO_1 / 2PAV
=================================================================
  Tipo            Score    Limiar      Status
  --------------------------------------------------
  pilares      63.7/100    >=85.0      ❌ FAIL
  vigas        57.9/100    >=82.0      ❌ FAIL
  lajes        88.6/100    >=75.0      ✅ PASS
  --------------------------------------------------
  GLOBAL       67.9/100    >=80.0  ❌ REPROVADO

  Fontes auxiliares:
    Coletivo IDs:   100.0%
    Dimensional B/H: 8.6%  ❌
    Pipeline E2E:    APROVADO

  ℹ️  Observações:
    • Vigas fundo (FV) abaixo do limiar (41.5/80.0). FV_gerado usa ezdxf simplificado — sarrafos e chanfros incompletos.
    • Score coletivo (IDs): 100.0% ≥ 95% — pipeline de IDs aprovado.

[INFO] Relatório salvo em: D:\Agente-cad-PYSIDE\DADOS-OBRAS\Obra_TREINO_1\Fase-8_Revisao_Entrega\cert_2PAV\relatorio_fidelidade.json
        -> FALHOU (code 1) (0.1s)

============================================================
PIPELINE CONCLUÍDO — APROVADO
  Score coletivo: 100.0%
  Relatório: D:\Agente-cad-PYSIDE\DADOS-OBRAS\Obra_TREINO_1\Fase-8_Revisao_Entrega\pipeline_report.json
============================================================

  -> APROVADO (903.5s)

[5/92] Obra_TREINO_1 | PARAISO - COBERTURA - DECK
  Path: D:\Agente-cad-PYSIDE\DADOS-OBRAS\Obra_TREINO_1

============================================================
PIPELINE E2E — Obra_TREINO_1 | PARAISO - COBERTURA - DECK
============================================================

[FASE 1] Descoberta de DXFs
  [SKIP] dxf_discovery.json ja existe e contem Obra_TREINO_1

[FASE 2] Engenharia Reversa (Ground Truth)
  [SKIP] ground truth já existe

[FASE 3] Extração Dimensional
  [SKIP] dados dimensionais ja existem
  [SKIP] validation_bh.json já existe

[FASE 4] Motor Fase 4 (Transformacao Fase-3 -> Fase-4)
  [SKIP] Fase-4 já processada

[FASE 5] Geração DXF Individual
  [SKIP] DXF_Pilares/ já contém 22 DXFs

[FASE 5b] Comparação DXF Individual vs STOG
  [RUN] comparar_dxf.py ...

=== COMPARADOR DXF vs. GROUND TRUTH (tol=5.0%) ===

--- PILARES ---
  Match rate: 100.0% (22/22)
  Erro médio: 0.0%

--- VIGAS ---
  Match rate: 100.0% (31/31)
  Erro médio: 0.0%

--- LAJES ---
  Match rate: 100.0% (23/23)
  Erro médio: 0.0%

=== SCORE GERAL: 100.0% (PASS | meta: 75.0%) ===
  Pilares: 100.0% | Vigas: 100.0% | Lajes: 100.0%

  Relatorio: D:\Agente-cad-PYSIDE\DADOS-OBRAS\Obra_TREINO_1\Fase-5_Geracao_Scripts\_relatorio_comparacao.json
        -> OK (2.0s)

[FASE 6] Extração de Âncoras (coords absolutas)
  [SKIP] âncoras já existem

[FASE 7] Consolidação DXF Coletivo
  [SKIP] DXFs coletivos já existem

[FASE 8] Validação DXF Coletivo
  [RUN] validar_dxf_coletivo.py ...
[INFO] === validar_dxf_coletivo.py | Obra_TREINO_1 | PARAISO - COBERTURA - DECK ===

  [PILARES]
    GT: 22 | Gerado: 22 | Corretos: 22
    id_match: 100.0% | hallucination: 0.0%
    SCORE: 100.0% — APROVADO

  [VIGAS]
    GT: 31 | Gerado: 31 | Corretos: 31
    id_match: 100.0% | hallucination: 0.0%
    SCORE: 100.0% — APROVADO

  [LAJES]
    GT: 23 | Gerado: 23 | Corretos: 23
    id_match: 100.0% | hallucination: 0.0%
    SCORE: 100.0% — APROVADO

[RESULTADO GLOBAL]
  Score global: 100.0%
  Status: APROVADO (>=90%)

[INFO] Salvo: D:\Agente-cad-PYSIDE\DADOS-OBRAS\Obra_TREINO_1\Fase-6_Execucao_CAD\validation_coletivo.json
        -> OK (1.1s)

[FASE 9] Geração obras_salvas.json (formato robô)
  [SKIP] obras_salvas.json já existe

[FASE 10] Validação Visual Autônoma (NVIDIA NIM)
  [RUN] validar_visual_dxf.py ...
  -> REPROVADO (224.1s)

[6/92] Obra_TREINO_1 | TIPO - 3 AO 12PAV
  Path: D:\Agente-cad-PYSIDE\DADOS-OBRAS\Obra_TREINO_1

============================================================
PIPELINE E2E — Obra_TREINO_1 | TIPO - 3 AO 12PAV
============================================================

[FASE 1] Descoberta de DXFs
  [SKIP] dxf_discovery.json ja existe e contem Obra_TREINO_1

[FASE 2] Engenharia Reversa (Ground Truth)
  [SKIP] ground truth já existe

[FASE 3] Extração Dimensional
  [SKIP] dados dimensionais ja existem
  [SKIP] validation_bh.json já existe

[FASE 4] Motor Fase 4 (Transformacao Fase-3 -> Fase-4)
  [SKIP] Fase-4 já processada

[FASE 5] Geração DXF Individual
  [SKIP] DXF_Pilares/ já contém 22 DXFs

[FASE 5b] Comparação DXF Individual vs STOG
  [RUN] comparar_dxf.py ...

=== COMPARADOR DXF vs. GROUND TRUTH (tol=5.0%) ===

--- PILARES ---
  Match rate: 100.0% (22/22)
  Erro médio: 0.0%

--- VIGAS ---
  Match rate: 100.0% (31/31)
  Erro médio: 0.0%

--- LAJES ---
  Match rate: 100.0% (23/23)
  Erro médio: 0.0%

=== SCORE GERAL: 100.0% (PASS | meta: 75.0%) ===
  Pilares: 100.0% | Vigas: 100.0% | Lajes: 100.0%

  Relatorio: D:\Agente-cad-PYSIDE\DADOS-OBRAS\Obra_TREINO_1\Fase-5_Geracao_Scripts\_relatorio_comparacao.json
        -> OK (2.0s)

[FASE 6] Extração de Âncoras (coords absolutas)
  [SKIP] âncoras já existem

[FASE 7] Consolidação DXF Coletivo
  [SKIP] DXFs coletivos já existem

[FASE 8] Validação DXF Coletivo
  [RUN] validar_dxf_coletivo.py ...
[INFO] === validar_dxf_coletivo.py | Obra_TREINO_1 | TIPO - 3 AO 12PAV ===

  [PILARES]
    GT: 22 | Gerado: 22 | Corretos: 22
    id_match: 100.0% | hallucination: 0.0%
    SCORE: 100.0% — APROVADO

  [VIGAS]
    GT: 31 | Gerado: 31 | Corretos: 31
    id_match: 100.0% | hallucination: 0.0%
    SCORE: 100.0% — APROVADO

  [LAJES]
    GT: 23 | Gerado: 23 | Corretos: 23
    id_match: 100.0% | hallucination: 0.0%
    SCORE: 100.0% — APROVADO

[RESULTADO GLOBAL]
  Score global: 100.0%
  Status: APROVADO (>=90%)

[INFO] Salvo: D:\Agente-cad-PYSIDE\DADOS-OBRAS\Obra_TREINO_1\Fase-6_Execucao_CAD\validation_coletivo.json
        -> OK (1.1s)

[FASE 9] Geração obras_salvas.json (formato robô)
  [SKIP] obras_salvas.json já existe

[FASE 10] Validação Visual Autônoma (NVIDIA NIM)
  [NIM-CACHE] score=79.8 já existe, reutilizando (use --skip-nim para forçar skip)
  [VIS] Score visual: 79.8/100
  [RUN] relatorio_fidelidade.py ...

=================================================================
  RELATÓRIO DE FIDELIDADE — Obra_TREINO_1 / TIPO - 3 AO 12PAV
=================================================================
  Tipo            Score    Limiar      Status
  --------------------------------------------------
  pilares      63.7/100    >=85.0      ❌ FAIL
  vigas        57.9/100    >=82.0      ❌ FAIL
  lajes        88.6/100    >=75.0      ✅ PASS
  --------------------------------------------------
  GLOBAL       67.9/100    >=80.0  ❌ REPROVADO

  Fontes auxiliares:
    Coletivo IDs:   100.0%
    Dimensional B/H: 8.6%  ❌
    Pipeline E2E:    APROVADO

  ℹ️  Observações:
    • Vigas fundo (FV) abaixo do limiar (41.5/80.0). FV_gerado usa ezdxf simplificado — sarrafos e chanfros incompletos.
    • Score coletivo (IDs): 100.0% ≥ 95% — pipeline de IDs aprovado.

[INFO] Relatório salvo em: D:\Agente-cad-PYSIDE\DADOS-OBRAS\Obra_TREINO_1\Fase-8_Revisao_Entrega\cert_TIPO_-_3_AO_12PAV\relatorio_fidelidade.json
        -> FALHOU (code 1) (0.1s)

============================================================
PIPELINE CONCLUÍDO — PARCIAL
  Score coletivo: 100.0%
  Relatório: D:\Agente-cad-PYSIDE\DADOS-OBRAS\Obra_TREINO_1\Fase-8_Revisao_Entrega\pipeline_report.json
============================================================

  -> PARCIAL (3.4s)

[7/92] Obra_TREINO_1 | TÉRREO
  Path: D:\Agente-cad-PYSIDE\DADOS-OBRAS\Obra_TREINO_1

============================================================
PIPELINE E2E — Obra_TREINO_1 | TÉRREO
============================================================

[FASE 1] Descoberta de DXFs
  [SKIP] dxf_discovery.json ja existe e contem Obra_TREINO_1

[FASE 2] Engenharia Reversa (Ground Truth)
  [SKIP] ground truth já existe

[FASE 3] Extração Dimensional
  [SKIP] dados dimensionais ja existem
  [SKIP] validation_bh.json já existe

[FASE 4] Motor Fase 4 (Transformacao Fase-3 -> Fase-4)
  [SKIP] Fase-4 já processada

[FASE 5] Geração DXF Individual
  [SKIP] DXF_Pilares/ já contém 22 DXFs

[FASE 5b] Comparação DXF Individual vs STOG
  [RUN] comparar_dxf.py ...

=== COMPARADOR DXF vs. GROUND TRUTH (tol=5.0%) ===

--- PILARES ---
  Match rate: 100.0% (22/22)
  Erro médio: 0.0%

--- VIGAS ---
  Match rate: 100.0% (31/31)
  Erro médio: 0.0%

--- LAJES ---
  Match rate: 100.0% (23/23)
  Erro médio: 0.0%

=== SCORE GERAL: 100.0% (PASS | meta: 75.0%) ===
  Pilares: 100.0% | Vigas: 100.0% | Lajes: 100.0%

  Relatorio: D:\Agente-cad-PYSIDE\DADOS-OBRAS\Obra_TREINO_1\Fase-5_Geracao_Scripts\_relatorio_comparacao.json
        -> OK (2.0s)

[FASE 6] Extração de Âncoras (coords absolutas)
  [SKIP] âncoras já existem

[FASE 7] Consolidação DXF Coletivo
  [SKIP] DXFs coletivos já existem

[FASE 8] Validação DXF Coletivo
  [RUN] validar_dxf_coletivo.py ...
[INFO] === validar_dxf_coletivo.py | Obra_TREINO_1 | TÉRREO ===

  [PILARES]
    GT: 22 | Gerado: 22 | Corretos: 22
    id_match: 100.0% | hallucination: 0.0%
    SCORE: 100.0% — APROVADO

  [VIGAS]
    GT: 31 | Gerado: 31 | Corretos: 31
    id_match: 100.0% | hallucination: 0.0%
    SCORE: 100.0% — APROVADO

  [LAJES]
    GT: 23 | Gerado: 23 | Corretos: 23
    id_match: 100.0% | hallucination: 0.0%
    SCORE: 100.0% — APROVADO

[RESULTADO GLOBAL]
  Score global: 100.0%
  Status: APROVADO (>=90%)

[INFO] Salvo: D:\Agente-cad-PYSIDE\DADOS-OBRAS\Obra_TREINO_1\Fase-6_Execucao_CAD\validation_coletivo.json
        -> OK (1.1s)

[FASE 9] Geração obras_salvas.json (formato robô)
  [SKIP] obras_salvas.json já existe

[FASE 10] Validação Visual Autônoma (NVIDIA NIM)
  [RUN] validar_visual_dxf.py ...
        -> FALHOU (code 4294967295) (660.5s)
  [RUN] relatorio_fidelidade.py ...

=================================================================
  RELATÓRIO DE FIDELIDADE — Obra_TREINO_1 / TÉRREO
=================================================================
  Tipo            Score    Limiar      Status
  --------------------------------------------------
  pilares      63.7/100    >=85.0      ❌ FAIL
  vigas        57.9/100    >=82.0      ❌ FAIL
  lajes        88.6/100    >=75.0      ✅ PASS
  --------------------------------------------------
  GLOBAL       67.9/100    >=80.0  ❌ REPROVADO

  Fontes auxiliares:
    Coletivo IDs:   100.0%
    Dimensional B/H: 8.6%  ❌
    Pipeline E2E:    PARCIAL

  ℹ️  Observações:
    • Vigas fundo (FV) abaixo do limiar (41.5/80.0). FV_gerado usa ezdxf simplificado — sarrafos e chanfros incompletos.
    • Score coletivo (IDs): 100.0% ≥ 95% — pipeline de IDs aprovado.

[INFO] Relatório salvo em: D:\Agente-cad-PYSIDE\DADOS-OBRAS\Obra_TREINO_1\Fase-8_Revisao_Entrega\cert_T_RREO\relatorio_fidelidade.json
        -> FALHOU (code 1) (0.1s)

============================================================
PIPELINE CONCLUÍDO — APROVADO
  Score coletivo: 100.0%
  Relatório: D:\Agente-cad-PYSIDE\DADOS-OBRAS\Obra_TREINO_1\Fase-8_Revisao_Entrega\pipeline_report.json
============================================================

  -> APROVADO (663.9s)

[8/92] Obra_TREINO_10 | 1SS - TRECHO 1
  Path: D:\Agente-cad-PYSIDE\DADOS-OBRAS\Obra_TREINO_10

============================================================
PIPELINE E2E — Obra_TREINO_10 | 1SS - TRECHO 1
============================================================

[FASE 1] Descoberta de DXFs
  [SKIP] dxf_discovery.json ja existe e contem Obra_TREINO_10

[FASE 2] Engenharia Reversa (Ground Truth)
  [SKIP] ground truth já existe

[FASE 3] Extração Dimensional
  [SKIP] dados dimensionais ja existem
  [RUN] extrair_secoes_stog_pl.py ...
ERRO: PL DXF nao encontrado em D:\Agente-cad-PYSIDE\DADOS-OBRAS\Obra_TREINO_10\Fase-1_Ingestao\Projetos_Finalizados_para_Engenharia_Reversa
        -> FALHOU (code 1) (0.8s)

[FASE 4] Motor Fase 4 (Transformacao Fase-3 -> Fase-4)
  [SKIP] Fase-4 já processada

[FASE 5] Geração DXF Individual
  [SKIP] DXF_Pilares/ já contém 12 DXFs

[FASE 5b] Comparação DXF Individual vs STOG
  [RUN] comparar_dxf.py ...

=== COMPARADOR DXF vs. GROUND TRUTH (tol=5.0%) ===

--- PILARES ---
  Match rate: 100.0% (12/12)
  Erro médio: 0.0%

--- VIGAS ---
  Match rate: 100.0% (4/4)
  Erro médio: 0.0%

--- LAJES ---
  Match rate: 0.0% (0/0)
  Erro médio: 0.0%

=== SCORE GERAL: 100.0% (PASS | meta: 75.0%) ===
  Pilares: 100.0% | Vigas: 100.0% | Lajes: 0.0%

  Relatorio: D:\Agente-cad-PYSIDE\DADOS-OBRAS\Obra_TREINO_10\Fase-5_Geracao_Scripts\_relatorio_comparacao.json
        -> OK (0.9s)

[FASE 6] Extração de Âncoras (coords absolutas)
  [RUN] extrair_ancoras_dxf.py ...
[INFO] === extrair_ancoras_dxf.py | Obra_TREINO_10 | 1SS - TRECHO 1 ===
[INFO] PL DXF: ROCONTEC - HOSPITAL ASSUNÇÃO -  1°SS - TRECHO 1- PL- R00_R2018_ASCII_ODA.dxf
[INFO] Pilares: 23 ancoras extraidas do PL DXF
[INFO] Salvo: D:\Agente-cad-PYSIDE\DADOS-OBRAS\Obra_TREINO_10\Fase-3_Interpretacao_Extracao\ancoras_pilares.json (23 pilares)
[INFO] LV DXF: ROCONTEC - HOSPITAL ASSUNÇÃO -  1°SS - TRECHO 1- CB- R00_R2018_ASCII_ODA.dxf
[INFO] Vigas: 1 ancoras extraidas do LV DXF
[INFO] Salvo: D:\Agente-cad-PYSIDE\DADOS-OBRAS\Obra_TREINO_10\Fase-3_Interpretacao_Extracao\ancoras_vigas.json (1 vigas)
[INFO] LJ DXF: ROCONTEC - HOSPITAL ASSUNÇÃO -  1°SS - TRECHO 1- LJ- R00_R2018_ASCII_ODA.dxf
[INFO] Lajes: 0 ancoras extraidas do LJ DXF
[INFO] Salvo: D:\Agente-cad-PYSIDE\DADOS-OBRAS\Obra_TREINO_10\Fase-3_Interpretacao_Extracao\ancoras_lajes.json (0 lajes)

[RESULTADO]
  Pilares: 23 ancoras
  Vigas:   1 ancoras
  Lajes:   0 ancoras

  STATUS: PARCIAL (cobertura baixa)
        -> OK (5.4s)

[FASE 7] Consolidação DXF Coletivo
  [SKIP] DXFs coletivos já existem

[FASE 8] Validação DXF Coletivo
  [RUN] validar_dxf_coletivo.py ...
[INFO] === validar_dxf_coletivo.py | Obra_TREINO_10 | 1SS - TRECHO 1 ===

  [PILARES]
    GT: None | Gerado: None | Corretos: None
    id_match: 0.0% | hallucination: 0.0%
    SCORE: None% — REPROVADO

  [VIGAS]
    GT: 4 | Gerado: 4 | Corretos: 4
    id_match: 100.0% | hallucination: 0.0%
    SCORE: 100.0% — APROVADO

  [LAJES]
    GT: None | Gerado: None | Corretos: None
    id_match: 0.0% | hallucination: 0.0%
    SCORE: None% — REPROVADO

[RESULTADO GLOBAL]
  Score global: 100.0%
  Status: APROVADO (>=90%)

[INFO] Salvo: D:\Agente-cad-PYSIDE\DADOS-OBRAS\Obra_TREINO_10\Fase-6_Execucao_CAD\validation_coletivo.json
        -> OK (0.7s)

[FASE 9] Geração obras_salvas.json (formato robô)
  [SKIP] obras_salvas.json já existe

[FASE 10] Validação Visual Autônoma (NVIDIA NIM)
  [NIM-CACHE] score=41.8 já existe, reutilizando (use --skip-nim para forçar skip)
  [VIS] Score visual: 41.8/100
  [RUN] relatorio_fidelidade.py ...

=================================================================
  RELATÓRIO DE FIDELIDADE — Obra_TREINO_10 / 1SS - TRECHO 1
=================================================================
  Tipo            Score    Limiar      Status
  --------------------------------------------------
  pilares      79.9/100    >=85.0      ❌ FAIL
  vigas        78.0/100    >=82.0      ❌ FAIL
  lajes             N/A    >=75.0           —
  --------------------------------------------------
  GLOBAL       79.0/100    >=80.0  ❌ REPROVADO

  Fontes auxiliares:
    Coletivo IDs:   100.0%
    Pipeline E2E:    APROVADO

  ℹ️  Observações:
    • Vigas fundo (FV) abaixo do limiar (59.8/80.0). FV_gerado usa ezdxf simplificado — sarrafos e chanfros incompletos.
    • Score coletivo (IDs): 100.0% ≥ 95% — pipeline de IDs aprovado.

[INFO] Relatório salvo em: D:\Agente-cad-PYSIDE\DADOS-OBRAS\Obra_TREINO_10\Fase-8_Revisao_Entrega\cert_1SS_-_TRECHO_1\relatorio_fidelidade.json
        -> FALHOU (code 1) (0.1s)

============================================================
PIPELINE CONCLUÍDO — PARCIAL
  Score coletivo: 100.0%
  Relatório: D:\Agente-cad-PYSIDE\DADOS-OBRAS\Obra_TREINO_10\Fase-8_Revisao_Entrega\pipeline_report.json
============================================================

  -> PARCIAL (8.1s)

[9/92] Obra_TREINO_10 | 2SS - TRECHO 1
  Path: D:\Agente-cad-PYSIDE\DADOS-OBRAS\Obra_TREINO_10

============================================================
PIPELINE E2E — Obra_TREINO_10 | 2SS - TRECHO 1
============================================================

[FASE 1] Descoberta de DXFs
  [SKIP] dxf_discovery.json ja existe e contem Obra_TREINO_10

[FASE 2] Engenharia Reversa (Ground Truth)
  [SKIP] ground truth já existe

[FASE 3] Extração Dimensional
  [SKIP] dados dimensionais ja existem
  [RUN] extrair_secoes_stog_pl.py ...
ERRO: PL DXF nao encontrado em D:\Agente-cad-PYSIDE\DADOS-OBRAS\Obra_TREINO_10\Fase-1_Ingestao\Projetos_Finalizados_para_Engenharia_Reversa
        -> FALHOU (code 1) (0.6s)

[FASE 4] Motor Fase 4 (Transformacao Fase-3 -> Fase-4)
  [SKIP] Fase-4 já processada

[FASE 5] Geração DXF Individual
  [SKIP] DXF_Pilares/ já contém 12 DXFs

[FASE 5b] Comparação DXF Individual vs STOG
  [RUN] comparar_dxf.py ...

=== COMPARADOR DXF vs. GROUND TRUTH (tol=5.0%) ===

--- PILARES ---
  Match rate: 100.0% (12/12)
  Erro médio: 0.0%

--- VIGAS ---
  Match rate: 100.0% (4/4)
  Erro médio: 0.0%

--- LAJES ---
  Match rate: 0.0% (0/0)
  Erro médio: 0.0%

=== SCORE GERAL: 100.0% (PASS | meta: 75.0%) ===
  Pilares: 100.0% | Vigas: 100.0% | Lajes: 0.0%

  Relatorio: D:\Agente-cad-PYSIDE\DADOS-OBRAS\Obra_TREINO_10\Fase-5_Geracao_Scripts\_relatorio_comparacao.json
        -> OK (0.8s)

[FASE 6] Extração de Âncoras (coords absolutas)
  [SKIP] âncoras já existem

[FASE 7] Consolidação DXF Coletivo
  [SKIP] DXFs coletivos já existem

[FASE 8] Validação DXF Coletivo
  [RUN] validar_dxf_coletivo.py ...
[INFO] === validar_dxf_coletivo.py | Obra_TREINO_10 | 2SS - TRECHO 1 ===

  [PILARES]
    GT: None | Gerado: None | Corretos: None
    id_match: 0.0% | hallucination: 0.0%
    SCORE: None% — REPROVADO

  [VIGAS]
    GT: 4 | Gerado: 4 | Corretos: 4
    id_match: 100.0% | hallucination: 0.0%
    SCORE: 100.0% — APROVADO

  [LAJES]
    GT: None | Gerado: None | Corretos: None
    id_match: 0.0% | hallucination: 0.0%
    SCORE: None% — REPROVADO

[RESULTADO GLOBAL]
  Score global: 100.0%
  Status: APROVADO (>=90%)

[INFO] Salvo: D:\Agente-cad-PYSIDE\DADOS-OBRAS\Obra_TREINO_10\Fase-6_Execucao_CAD\validation_coletivo.json
        -> OK (0.6s)

[FASE 9] Geração obras_salvas.json (formato robô)
  [SKIP] obras_salvas.json já existe

[FASE 10] Validação Visual Autônoma (NVIDIA NIM)
  [NIM-CACHE] score=43.3 já existe, reutilizando (use --skip-nim para forçar skip)
  [VIS] Score visual: 43.3/100
  [RUN] relatorio_fidelidade.py ...

=================================================================
  RELATÓRIO DE FIDELIDADE — Obra_TREINO_10 / 2SS - TRECHO 1
=================================================================
  Tipo            Score    Limiar      Status
  --------------------------------------------------
  pilares      79.9/100    >=85.0      ❌ FAIL
  vigas        78.0/100    >=82.0      ❌ FAIL
  lajes             N/A    >=75.0           —
  --------------------------------------------------
  GLOBAL       79.0/100    >=80.0  ❌ REPROVADO

  Fontes auxiliares:
    Coletivo IDs:   100.0%
    Pipeline E2E:    PARCIAL

  ℹ️  Observações:
    • Vigas fundo (FV) abaixo do limiar (59.8/80.0). FV_gerado usa ezdxf simplificado — sarrafos e chanfros incompletos.
    • Score coletivo (IDs): 100.0% ≥ 95% — pipeline de IDs aprovado.

[INFO] Relatório salvo em: D:\Agente-cad-PYSIDE\DADOS-OBRAS\Obra_TREINO_10\Fase-8_Revisao_Entrega\cert_2SS_-_TRECHO_1\relatorio_fidelidade.json
        -> FALHOU (code 1) (0.1s)

============================================================
PIPELINE CONCLUÍDO — PARCIAL
  Score coletivo: 100.0%
  Relatório: D:\Agente-cad-PYSIDE\DADOS-OBRAS\Obra_TREINO_10\Fase-8_Revisao_Entrega\pipeline_report.json
============================================================

  -> PARCIAL (2.2s)

[10/92] Obra_TREINO_10 | TRECHO 3 - 1SS
  Path: D:\Agente-cad-PYSIDE\DADOS-OBRAS\Obra_TREINO_10

============================================================
PIPELINE E2E — Obra_TREINO_10 | TRECHO 3 - 1SS
============================================================

[FASE 1] Descoberta de DXFs
  [SKIP] dxf_discovery.json ja existe e contem Obra_TREINO_10

[FASE 2] Engenharia Reversa (Ground Truth)
  [SKIP] ground truth já existe

[FASE 3] Extração Dimensional
  [SKIP] dados dimensionais ja existem
  [RUN] extrair_secoes_stog_pl.py ...
ERRO: PL DXF nao encontrado em D:\Agente-cad-PYSIDE\DADOS-OBRAS\Obra_TREINO_10\Fase-1_Ingestao\Projetos_Finalizados_para_Engenharia_Reversa
        -> FALHOU (code 1) (0.5s)

[FASE 4] Motor Fase 4 (Transformacao Fase-3 -> Fase-4)
  [SKIP] Fase-4 já processada

[FASE 5] Geração DXF Individual
  [SKIP] DXF_Pilares/ já contém 12 DXFs

[FASE 5b] Comparação DXF Individual vs STOG
  [RUN] comparar_dxf.py ...

=== COMPARADOR DXF vs. GROUND TRUTH (tol=5.0%) ===

--- PILARES ---
  Match rate: 100.0% (12/12)
  Erro médio: 0.0%

--- VIGAS ---
  Match rate: 100.0% (4/4)
  Erro médio: 0.0%

--- LAJES ---
  Match rate: 0.0% (0/0)
  Erro médio: 0.0%

=== SCORE GERAL: 100.0% (PASS | meta: 75.0%) ===
  Pilares: 100.0% | Vigas: 100.0% | Lajes: 0.0%

  Relatorio: D:\Agente-cad-PYSIDE\DADOS-OBRAS\Obra_TREINO_10\Fase-5_Geracao_Scripts\_relatorio_comparacao.json
        -> OK (0.8s)

[FASE 6] Extração de Âncoras (coords absolutas)
  [SKIP] âncoras já existem

[FASE 7] Consolidação DXF Coletivo
  [SKIP] DXFs coletivos já existem

[FASE 8] Validação DXF Coletivo
  [RUN] validar_dxf_coletivo.py ...
[INFO] === validar_dxf_coletivo.py | Obra_TREINO_10 | TRECHO 3 - 1SS ===

  [PILARES]
    GT: None | Gerado: None | Corretos: None
    id_match: 0.0% | hallucination: 0.0%
    SCORE: None% — REPROVADO

  [VIGAS]
    GT: 4 | Gerado: 4 | Corretos: 4
    id_match: 100.0% | hallucination: 0.0%
    SCORE: 100.0% — APROVADO

  [LAJES]
    GT: None | Gerado: None | Corretos: None
    id_match: 0.0% | hallucination: 0.0%
    SCORE: None% — REPROVADO

[RESULTADO GLOBAL]
  Score global: 100.0%
  Status: APROVADO (>=90%)

[INFO] Salvo: D:\Agente-cad-PYSIDE\DADOS-OBRAS\Obra_TREINO_10\Fase-6_Execucao_CAD\validation_coletivo.json
        -> OK (0.6s)

[FASE 9] Geração obras_salvas.json (formato robô)
  [SKIP] obras_salvas.json já existe

[FASE 10] Validação Visual Autônoma (NVIDIA NIM)
  [RUN] validar_visual_dxf.py ...
copy process ignored DIMASSOC(#1AEA) - this may cause problems in AutoCAD
copy process ignored DIMASSOC(#1AED) - this may cause problems in AutoCAD
copy process ignored DIMASSOC(#1AF0) - this may cause problems in AutoCAD
copy process ignored DIMASSOC(#1AF3) - this may cause problems in AutoCAD
copy process ignored DIMASSOC(#1AF6) - this may cause problems in AutoCAD
copy process ignored DIMASSOC(#1B01) - this may cause problems in AutoCAD
copy process ignored DIMASSOC(#1B04) - this may cause problems in AutoCAD
copy process ignored DIMASSOC(#1B19) - this may cause problems in AutoCAD
copy process ignored DIMASSOC(#1B23) - this may cause problems in AutoCAD
copy process ignored DIMASSOC(#1B26) - this may cause problems in AutoCAD
copy process ignored DIMASSOC(#1B2B) - this may cause problems in AutoCAD
copy process ignored DIMASSOC(#1AEA) - this may cause problems in AutoCAD
copy process ignored DIMASSOC(#1AED) - this may cause problems in AutoCAD
copy process ignored DIMASSOC(#1AF0) - this may cause problems in AutoCAD
copy process ignored DIMASSOC(#1AF3) - this may cause problems in AutoCAD
copy process ignored DIMASSOC(#1AF6) - this may cause problems in AutoCAD
copy process ignored DIMASSOC(#1B01) - this may cause problems in AutoCAD
copy process ignored DIMASSOC(#1B04) - this may cause problems in AutoCAD
copy process ignored DIMASSOC(#1B19) - this may cause problems in AutoCAD
copy process ignored DIMASSOC(#1B23) - this may cause problems in AutoCAD
copy process ignored DIMASSOC(#1B26) - this may cause problems in AutoCAD
copy process ignored DIMASSOC(#1B2B) - this may cause problems in AutoCAD
copy process ignored DIMASSOC(#AED) - this may cause problems in AutoCAD
copy process ignored DIMASSOC(#AF0) - this may cause problems in AutoCAD
copy process ignored DIMASSOC(#AF3) - this may cause problems in AutoCAD
copy process ignored DIMASSOC(#AF6) - this may cause problems in AutoCAD
copy process ignored DIMASSOC(#AF9) - this may cause problems in AutoCAD
copy process ignored DIMASSOC(#B04) - this may cause problems in AutoCAD
copy process ignored DIMASSOC(#B07) - this may cause problems in AutoCAD
copy process ignored DIMASSOC(#B1C) - this may cause problems in AutoCAD
copy process ignored DIMASSOC(#B27) - this may cause problems in AutoCAD
copy process ignored DIMASSOC(#B2A) - this may cause problems in AutoCAD
copy process ignored DIMASSOC(#B2F) - this may cause problems in AutoCAD
copy process ignored DIMASSOC(#AED) - this may cause problems in AutoCAD
copy process ignored DIMASSOC(#AF0) - this may cause problems in AutoCAD
copy process ignored DIMASSOC(#AF3) - this may cause problems in AutoCAD
copy process ignored DIMASSOC(#AF6) - this may cause problems in AutoCAD
copy process ignored DIMASSOC(#AF9) - this may cause problems in AutoCAD
copy process ignored DIMASSOC(#B04) - this may cause problems in AutoCAD
copy process ignored DIMASSOC(#B07) - this may cause problems in AutoCAD
copy process ignored DIMASSOC(#B1C) - this may cause problems in AutoCAD
copy process ignored DIMASSOC(#B27) - this may cause problems in AutoCAD
copy process ignored DIMASSOC(#B2A) - this may cause problems in AutoCAD
copy process ignored DIMASSOC(#B2F) - this may cause problems in AutoCAD
copy process ignored DIMASSOC(#1AEA) - this may cause problems in AutoCAD
copy process ignored DIMASSOC(#1AED) - this may cause problems in AutoCAD
copy process ignored DIMASSOC(#1AF0) - this may cause problems in AutoCAD
copy process ignored DIMASSOC(#1AF3) - this may cause problems in AutoCAD
copy process ignored DIMASSOC(#1AF6) - this may cause problems in AutoCAD
copy process ignored DIMASSOC(#1B01) - this may cause problems in AutoCAD
copy process ignored DIMASSOC(#1B04) - this may cause problems in AutoCAD
copy process ignored DIMASSOC(#1B19) - this may cause problems in AutoCAD
copy process ignored DIMASSOC(#1B23) - this may cause problems in AutoCAD
copy process ignored DIMASSOC(#1B26) - this may cause problems in AutoCAD
copy process ignored DIMASSOC(#1B2B) - this may cause problems in AutoCAD
copy process ignored DIMASSOC(#1AEA) - this may cause problems in AutoCAD
copy process ignored DIMASSOC(#1AED) - this may cause problems in AutoCAD
copy process ignored DIMASSOC(#1AF0) - this may cause problems in AutoCAD
copy process ignored DIMASSOC(#1AF3) - this may cause problems in AutoCAD
copy process ignored DIMASSOC(#1AF6) - this may cause problems in AutoCAD
copy process ignored DIMASSOC(#1B01) - this may cause problems in AutoCAD
copy process ignored DIMASSOC(#1B04) - this may cause problems in AutoCAD
copy process ignored DIMASSOC(#1B19) - this may cause problems in AutoCAD
copy process ignored DIMASSOC(#1B23) - this may cause problems in AutoCAD
copy process ignored DIMASSOC(#1B26) - this may cause problems in AutoCAD
copy process ignored DIMASSOC(#1B2B) - this may cause problems in AutoCAD
copy process ignored DIMASSOC(#AED) - this may cause problems in AutoCAD
copy process ignored DIMASSOC(#AF0) - this may cause problems in AutoCAD
copy process ignored DIMASSOC(#AF3) - this may cause problems in AutoCAD
copy process ignored DIMASSOC(#AF6) - this may cause problems in AutoCAD
copy process ignored DIMASSOC(#AF9) - this may cause problems in AutoCAD
copy process ignored DIMASSOC(#B04) - this may cause problems in AutoCAD
copy process ignored DIMASSOC(#B07) - this may cause problems in AutoCAD
copy process ignored DIMASSOC(#B1C) - this may cause problems in AutoCAD
copy process ignored DIMASSOC(#B27) - this may cause problems in AutoCAD
copy process ignored DIMASSOC(#B2A) - this may cause problems in AutoCAD
copy process ignored DIMASSOC(#B2F) - this may cause problems in AutoCAD
copy process ignored DIMASSOC(#AED) - this may cause problems in AutoCAD
copy process ignored DIMASSOC(#AF0) - this may cause problems in AutoCAD
copy process ignored DIMASSOC(#AF3) - this may cause problems in AutoCAD
copy process ignored DIMASSOC(#AF6) - this may cause problems in AutoCAD
copy process ignored DIMASSOC(#AF9) - this may cause problems in AutoCAD
copy process ignored DIMASSOC(#B04) - this may cause problems in AutoCAD
copy process ignored DIMASSOC(#B07) - this may cause problems in AutoCAD
copy process ignored DIMASSOC(#B1C) - this may cause problems in AutoCAD
copy process ignored DIMASSOC(#B27) - this may cause problems in AutoCAD
copy process ignored DIMASSOC(#B2A) - this may cause problems in AutoCAD
copy process ignored DIMASSOC(#B2F) - this may cause problems in AutoCAD
        -> FALHOU (code 4294967295) (200.2s)
  [RUN] relatorio_fidelidade.py ...

=================================================================
  RELATÓRIO DE FIDELIDADE — Obra_TREINO_10 / TRECHO 3 - 1SS
=================================================================
  Tipo            Score    Limiar      Status
  --------------------------------------------------
  pilares      79.9/100    >=85.0      ❌ FAIL
  vigas        78.0/100    >=82.0      ❌ FAIL
  lajes             N/A    >=75.0           —
  --------------------------------------------------
  GLOBAL       79.0/100    >=80.0  ❌ REPROVADO

  Fontes auxiliares:
    Coletivo IDs:   100.0%
    Pipeline E2E:    PARCIAL

  ℹ️  Observações:
    • Vigas fundo (FV) abaixo do limiar (59.8/80.0). FV_gerado usa ezdxf simplificado — sarrafos e chanfros incompletos.
    • Score coletivo (IDs): 100.0% ≥ 95% — pipeline de IDs aprovado.

[INFO] Relatório salvo em: D:\Agente-cad-PYSIDE\DADOS-OBRAS\Obra_TREINO_10\Fase-8_Revisao_Entrega\cert_TRECHO_3_-_1SS\relatorio_fidelidade.json
        -> FALHOU (code 1) (0.1s)

============================================================
PIPELINE CONCLUÍDO — APROVADO
  Score coletivo: 100.0%
  Relatório: D:\Agente-cad-PYSIDE\DADOS-OBRAS\Obra_TREINO_10\Fase-8_Revisao_Entrega\pipeline_report.json
============================================================

  -> APROVADO (202.4s)

[11/92] Obra_TREINO_10 | TRECHO 3 - 2SS
  Path: D:\Agente-cad-PYSIDE\DADOS-OBRAS\Obra_TREINO_10

============================================================
PIPELINE E2E — Obra_TREINO_10 | TRECHO 3 - 2SS
============================================================

[FASE 1] Descoberta de DXFs
  [SKIP] dxf_discovery.json ja existe e contem Obra_TREINO_10

[FASE 2] Engenharia Reversa (Ground Truth)
  [SKIP] ground truth já existe

[FASE 3] Extração Dimensional
  [SKIP] dados dimensionais ja existem
  [RUN] extrair_secoes_stog_pl.py ...
ERRO: PL DXF nao encontrado em D:\Agente-cad-PYSIDE\DADOS-OBRAS\Obra_TREINO_10\Fase-1_Ingestao\Projetos_Finalizados_para_Engenharia_Reversa
        -> FALHOU (code 1) (0.6s)

[FASE 4] Motor Fase 4 (Transformacao Fase-3 -> Fase-4)
  [SKIP] Fase-4 já processada

[FASE 5] Geração DXF Individual
  [SKIP] DXF_Pilares/ já contém 12 DXFs

[FASE 5b] Comparação DXF Individual vs STOG
  [RUN] comparar_dxf.py ...

=== COMPARADOR DXF vs. GROUND TRUTH (tol=5.0%) ===

--- PILARES ---
  Match rate: 100.0% (12/12)
  Erro médio: 0.0%

--- VIGAS ---
  Match rate: 100.0% (4/4)
  Erro médio: 0.0%

--- LAJES ---
  Match rate: 0.0% (0/0)
  Erro médio: 0.0%

=== SCORE GERAL: 100.0% (PASS | meta: 75.0%) ===
  Pilares: 100.0% | Vigas: 100.0% | Lajes: 0.0%

  Relatorio: D:\Agente-cad-PYSIDE\DADOS-OBRAS\Obra_TREINO_10\Fase-5_Geracao_Scripts\_relatorio_comparacao.json
        -> OK (0.8s)

[FASE 6] Extração de Âncoras (coords absolutas)
  [SKIP] âncoras já existem

[FASE 7] Consolidação DXF Coletivo
  [SKIP] DXFs coletivos já existem

[FASE 8] Validação DXF Coletivo
  [RUN] validar_dxf_coletivo.py ...
[INFO] === validar_dxf_coletivo.py | Obra_TREINO_10 | TRECHO 3 - 2SS ===

  [PILARES]
    GT: None | Gerado: None | Corretos: None
    id_match: 0.0% | hallucination: 0.0%
    SCORE: None% — REPROVADO

  [VIGAS]
    GT: 4 | Gerado: 4 | Corretos: 4
    id_match: 100.0% | hallucination: 0.0%
    SCORE: 100.0% — APROVADO

  [LAJES]
    GT: None | Gerado: None | Corretos: None
    id_match: 0.0% | hallucination: 0.0%
    SCORE: None% — REPROVADO

[RESULTADO GLOBAL]
  Score global: 100.0%
  Status: APROVADO (>=90%)

[INFO] Salvo: D:\Agente-cad-PYSIDE\DADOS-OBRAS\Obra_TREINO_10\Fase-6_Execucao_CAD\validation_coletivo.json
        -> OK (0.7s)

[FASE 9] Geração obras_salvas.json (formato robô)
  [SKIP] obras_salvas.json já existe

[FASE 10] Validação Visual Autônoma (NVIDIA NIM)
  [RUN] validar_visual_dxf.py ...
        -> FALHOU (code 4294967295) (15.1s)
  [RUN] relatorio_fidelidade.py ...

=================================================================
  RELATÓRIO DE FIDELIDADE — Obra_TREINO_10 / TRECHO 3 - 2SS
=================================================================
  Tipo            Score    Limiar      Status
  --------------------------------------------------
  pilares      79.9/100    >=85.0      ❌ FAIL
  vigas        78.0/100    >=82.0      ❌ FAIL
  lajes             N/A    >=75.0           —
  --------------------------------------------------
  GLOBAL       79.0/100    >=80.0  ❌ REPROVADO

  Fontes auxiliares:
    Coletivo IDs:   100.0%
    Pipeline E2E:    APROVADO

  ℹ️  Observações:
    • Vigas fundo (FV) abaixo do limiar (59.8/80.0). FV_gerado usa ezdxf simplificado — sarrafos e chanfros incompletos.
    • Score coletivo (IDs): 100.0% ≥ 95% — pipeline de IDs aprovado.

[INFO] Relatório salvo em: D:\Agente-cad-PYSIDE\DADOS-OBRAS\Obra_TREINO_10\Fase-8_Revisao_Entrega\cert_TRECHO_3_-_2SS\relatorio_fidelidade.json
        -> FALHOU (code 1) (0.1s)

============================================================
PIPELINE CONCLUÍDO — APROVADO
  Score coletivo: 100.0%
  Relatório: D:\Agente-cad-PYSIDE\DADOS-OBRAS\Obra_TREINO_10\Fase-8_Revisao_Entrega\pipeline_report.json
============================================================

  -> APROVADO (17.4s)

[12/92] Obra_TREINO_11 | GWT - 1PV
  Path: D:\Agente-cad-PYSIDE\DADOS-OBRAS\Obra_TREINO_11

============================================================
PIPELINE E2E — Obra_TREINO_11 | GWT - 1PV
============================================================

[FASE 1] Descoberta de DXFs
  [SKIP] dxf_discovery.json ja existe e contem Obra_TREINO_11

[FASE 2] Engenharia Reversa (Ground Truth)
  [SKIP] ground truth já existe

[FASE 3] Extração Dimensional
  [SKIP] dados dimensionais ja existem
  [RUN] extrair_secoes_stog_pl.py ...
ERRO: PL DXF nao encontrado em D:\Agente-cad-PYSIDE\DADOS-OBRAS\Obra_TREINO_11\Fase-1_Ingestao\Projetos_Finalizados_para_Engenharia_Reversa
        -> FALHOU (code 1) (0.6s)

[FASE 4] Motor Fase 4 (Transformacao Fase-3 -> Fase-4)
  [SKIP] Fase-4 já processada

[FASE 5] Geração DXF Individual
  [SKIP] DXF_Pilares/ já contém 26 DXFs

[FASE 5b] Comparação DXF Individual vs STOG
  [RUN] comparar_dxf.py ...

=== COMPARADOR DXF vs. GROUND TRUTH (tol=5.0%) ===

--- PILARES ---
  Match rate: 100.0% (26/26)
  Erro médio: 0.0%

--- VIGAS ---
  Match rate: 100.0% (28/28)
  Erro médio: 0.0%

--- LAJES ---
  Match rate: 100.0% (12/12)
  Erro médio: 0.0%

=== SCORE GERAL: 100.0% (PASS | meta: 75.0%) ===
  Pilares: 100.0% | Vigas: 100.0% | Lajes: 100.0%

  Relatorio: D:\Agente-cad-PYSIDE\DADOS-OBRAS\Obra_TREINO_11\Fase-5_Geracao_Scripts\_relatorio_comparacao.json
        -> OK (2.2s)

[FASE 6] Extração de Âncoras (coords absolutas)
  [SKIP] âncoras já existem

[FASE 7] Consolidação DXF Coletivo
  [SKIP] DXFs coletivos já existem

[FASE 8] Validação DXF Coletivo
  [RUN] validar_dxf_coletivo.py ...
[INFO] === validar_dxf_coletivo.py | Obra_TREINO_11 | GWT - 1PV ===

  [PILARES]
    GT: 26 | Gerado: 26 | Corretos: 26
    id_match: 100.0% | hallucination: 0.0%
    SCORE: 100.0% — APROVADO

  [VIGAS]
    GT: 28 | Gerado: 28 | Corretos: 28
    id_match: 100.0% | hallucination: 0.0%
    SCORE: 100.0% — APROVADO

  [LAJES]
    GT: 12 | Gerado: 12 | Corretos: 12
    id_match: 100.0% | hallucination: 0.0%
    SCORE: 100.0% — APROVADO

[RESULTADO GLOBAL]
  Score global: 100.0%
  Status: APROVADO (>=90%)

[INFO] Salvo: D:\Agente-cad-PYSIDE\DADOS-OBRAS\Obra_TREINO_11\Fase-6_Execucao_CAD\validation_coletivo.json
        -> OK (1.0s)

[FASE 9] Geração obras_salvas.json (formato robô)
  [SKIP] obras_salvas.json já existe

[FASE 10] Validação Visual Autônoma (NVIDIA NIM)
  [NIM-CACHE] score=84.2 já existe, reutilizando (use --skip-nim para forçar skip)
  [VIS] Score visual: 84.2/100
  [RUN] relatorio_fidelidade.py ...

=================================================================
  RELATÓRIO DE FIDELIDADE — Obra_TREINO_11 / GWT - 1PV
=================================================================
  Tipo            Score    Limiar      Status
  --------------------------------------------------
  pilares      75.2/100    >=85.0      ❌ FAIL
  vigas        69.0/100    >=82.0      ❌ FAIL
  lajes        92.8/100    >=75.0      ✅ PASS
  --------------------------------------------------
  GLOBAL       77.4/100    >=80.0  ❌ REPROVADO

  Fontes auxiliares:
    Coletivo IDs:   100.0%
    Pipeline E2E:    APROVADO

  ℹ️  Observações:
    • Vigas fundo (FV) abaixo do limiar (53.0/80.0). FV_gerado usa ezdxf simplificado — sarrafos e chanfros incompletos.
    • Score coletivo (IDs): 100.0% ≥ 95% — pipeline de IDs aprovado.

[INFO] Relatório salvo em: D:\Agente-cad-PYSIDE\DADOS-OBRAS\Obra_TREINO_11\Fase-8_Revisao_Entrega\cert_GWT_-_1PV\relatorio_fidelidade.json
        -> FALHOU (code 1) (0.1s)

============================================================
PIPELINE CONCLUÍDO — PARCIAL
  Score coletivo: 100.0%
  Relatório: D:\Agente-cad-PYSIDE\DADOS-OBRAS\Obra_TREINO_11\Fase-8_Revisao_Entrega\pipeline_report.json
============================================================

  -> PARCIAL (4.0s)

[13/92] Obra_TREINO_11 | GWT - 1SS
  Path: D:\Agente-cad-PYSIDE\DADOS-OBRAS\Obra_TREINO_11

============================================================
PIPELINE E2E — Obra_TREINO_11 | GWT - 1SS
============================================================

[FASE 1] Descoberta de DXFs
  [SKIP] dxf_discovery.json ja existe e contem Obra_TREINO_11

[FASE 2] Engenharia Reversa (Ground Truth)
  [SKIP] ground truth já existe

[FASE 3] Extração Dimensional
  [SKIP] dados dimensionais ja existem
  [RUN] extrair_secoes_stog_pl.py ...
ERRO: PL DXF nao encontrado em D:\Agente-cad-PYSIDE\DADOS-OBRAS\Obra_TREINO_11\Fase-1_Ingestao\Projetos_Finalizados_para_Engenharia_Reversa
        -> FALHOU (code 1) (0.6s)

[FASE 4] Motor Fase 4 (Transformacao Fase-3 -> Fase-4)
  [SKIP] Fase-4 já processada

[FASE 5] Geração DXF Individual
  [SKIP] DXF_Pilares/ já contém 26 DXFs

[FASE 5b] Comparação DXF Individual vs STOG
  [RUN] comparar_dxf.py ...

=== COMPARADOR DXF vs. GROUND TRUTH (tol=5.0%) ===

--- PILARES ---
  Match rate: 100.0% (26/26)
  Erro médio: 0.0%

--- VIGAS ---
  Match rate: 100.0% (28/28)
  Erro médio: 0.0%

--- LAJES ---
  Match rate: 100.0% (12/12)
  Erro médio: 0.0%

=== SCORE GERAL: 100.0% (PASS | meta: 75.0%) ===
  Pilares: 100.0% | Vigas: 100.0% | Lajes: 100.0%

  Relatorio: D:\Agente-cad-PYSIDE\DADOS-OBRAS\Obra_TREINO_11\Fase-5_Geracao_Scripts\_relatorio_comparacao.json
        -> OK (1.7s)

[FASE 6] Extração de Âncoras (coords absolutas)
  [SKIP] âncoras já existem

[FASE 7] Consolidação DXF Coletivo
  [SKIP] DXFs coletivos já existem

[FASE 8] Validação DXF Coletivo
  [RUN] validar_dxf_coletivo.py ...
[INFO] === validar_dxf_coletivo.py | Obra_TREINO_11 | GWT - 1SS ===

  [PILARES]
    GT: 26 | Gerado: 26 | Corretos: 26
    id_match: 100.0% | hallucination: 0.0%
    SCORE: 100.0% — APROVADO

  [VIGAS]
    GT: 28 | Gerado: 28 | Corretos: 28
    id_match: 100.0% | hallucination: 0.0%
    SCORE: 100.0% — APROVADO

  [LAJES]
    GT: 12 | Gerado: 12 | Corretos: 12
    id_match: 100.0% | hallucination: 0.0%
    SCORE: 100.0% — APROVADO

[RESULTADO GLOBAL]
  Score global: 100.0%
  Status: APROVADO (>=90%)

[INFO] Salvo: D:\Agente-cad-PYSIDE\DADOS-OBRAS\Obra_TREINO_11\Fase-6_Execucao_CAD\validation_coletivo.json
        -> OK (1.0s)

[FASE 9] Geração obras_salvas.json (formato robô)
  [SKIP] obras_salvas.json já existe

[FASE 10] Validação Visual Autônoma (NVIDIA NIM)
  [NIM-CACHE] score=10.0 já existe, reutilizando (use --skip-nim para forçar skip)
  [VIS] Score visual: 10.0/100
  [RUN] relatorio_fidelidade.py ...

=================================================================
  RELATÓRIO DE FIDELIDADE — Obra_TREINO_11 / GWT - 1SS
=================================================================
  Tipo            Score    Limiar      Status
  --------------------------------------------------
  pilares      75.2/100    >=85.0      ❌ FAIL
  vigas        69.0/100    >=82.0      ❌ FAIL
  lajes        92.8/100    >=75.0      ✅ PASS
  --------------------------------------------------
  GLOBAL       77.4/100    >=80.0  ❌ REPROVADO

  Fontes auxiliares:
    Coletivo IDs:   100.0%
    Pipeline E2E:    PARCIAL

  ℹ️  Observações:
    • Vigas fundo (FV) abaixo do limiar (53.0/80.0). FV_gerado usa ezdxf simplificado — sarrafos e chanfros incompletos.
    • Score coletivo (IDs): 100.0% ≥ 95% — pipeline de IDs aprovado.

[INFO] Relatório salvo em: D:\Agente-cad-PYSIDE\DADOS-OBRAS\Obra_TREINO_11\Fase-8_Revisao_Entrega\cert_GWT_-_1SS\relatorio_fidelidade.json
        -> FALHOU (code 1) (0.1s)

============================================================
PIPELINE CONCLUÍDO — PARCIAL
  Score coletivo: 100.0%
  Relatório: D:\Agente-cad-PYSIDE\DADOS-OBRAS\Obra_TREINO_11\Fase-8_Revisao_Entrega\pipeline_report.json
============================================================

  -> PARCIAL (3.4s)

[14/92] Obra_TREINO_11 | GWT - 2PV
  Path: D:\Agente-cad-PYSIDE\DADOS-OBRAS\Obra_TREINO_11

============================================================
PIPELINE E2E — Obra_TREINO_11 | GWT - 2PV
============================================================

[FASE 1] Descoberta de DXFs
  [SKIP] dxf_discovery.json ja existe e contem Obra_TREINO_11

[FASE 2] Engenharia Reversa (Ground Truth)
  [SKIP] ground truth já existe

[FASE 3] Extração Dimensional
  [SKIP] dados dimensionais ja existem
  [RUN] extrair_secoes_stog_pl.py ...
ERRO: PL DXF nao encontrado em D:\Agente-cad-PYSIDE\DADOS-OBRAS\Obra_TREINO_11\Fase-1_Ingestao\Projetos_Finalizados_para_Engenharia_Reversa
        -> FALHOU (code 1) (0.6s)

[FASE 4] Motor Fase 4 (Transformacao Fase-3 -> Fase-4)
  [SKIP] Fase-4 já processada

[FASE 5] Geração DXF Individual
  [SKIP] DXF_Pilares/ já contém 26 DXFs

[FASE 5b] Comparação DXF Individual vs STOG
  [RUN] comparar_dxf.py ...

=== COMPARADOR DXF vs. GROUND TRUTH (tol=5.0%) ===

--- PILARES ---
  Match rate: 100.0% (26/26)
  Erro médio: 0.0%

--- VIGAS ---
  Match rate: 100.0% (28/28)
  Erro médio: 0.0%

--- LAJES ---
  Match rate: 100.0% (12/12)
  Erro médio: 0.0%

=== SCORE GERAL: 100.0% (PASS | meta: 75.0%) ===
  Pilares: 100.0% | Vigas: 100.0% | Lajes: 100.0%

  Relatorio: D:\Agente-cad-PYSIDE\DADOS-OBRAS\Obra_TREINO_11\Fase-5_Geracao_Scripts\_relatorio_comparacao.json
        -> OK (1.6s)

[FASE 6] Extração de Âncoras (coords absolutas)
  [SKIP] âncoras já existem

[FASE 7] Consolidação DXF Coletivo
  [SKIP] DXFs coletivos já existem

[FASE 8] Validação DXF Coletivo
  [RUN] validar_dxf_coletivo.py ...
[INFO] === validar_dxf_coletivo.py | Obra_TREINO_11 | GWT - 2PV ===

  [PILARES]
    GT: 26 | Gerado: 26 | Corretos: 26
    id_match: 100.0% | hallucination: 0.0%
    SCORE: 100.0% — APROVADO

  [VIGAS]
    GT: 28 | Gerado: 28 | Corretos: 28
    id_match: 100.0% | hallucination: 0.0%
    SCORE: 100.0% — APROVADO

  [LAJES]
    GT: 12 | Gerado: 12 | Corretos: 12
    id_match: 100.0% | hallucination: 0.0%
    SCORE: 100.0% — APROVADO

[RESULTADO GLOBAL]
  Score global: 100.0%
  Status: APROVADO (>=90%)

[INFO] Salvo: D:\Agente-cad-PYSIDE\DADOS-OBRAS\Obra_TREINO_11\Fase-6_Execucao_CAD\validation_coletivo.json
        -> OK (1.0s)

[FASE 9] Geração obras_salvas.json (formato robô)
  [SKIP] obras_salvas.json já existe

[FASE 10] Validação Visual Autônoma (NVIDIA NIM)
  [RUN] validar_visual_dxf.py ...
        -> FALHOU (code 4294967295) (104.4s)
  [VIS] validation_visual.json inválido ou vazio — ignorando
  [RUN] relatorio_fidelidade.py ...

=================================================================
  RELATÓRIO DE FIDELIDADE — Obra_TREINO_11 / GWT - 2PV
=================================================================
  Tipo            Score    Limiar      Status
  --------------------------------------------------
  pilares      75.2/100    >=85.0      ❌ FAIL
  vigas        69.0/100    >=82.0      ❌ FAIL
  lajes        92.8/100    >=75.0      ✅ PASS
  --------------------------------------------------
  GLOBAL       77.4/100    >=80.0  ❌ REPROVADO

  Fontes auxiliares:
    Coletivo IDs:   100.0%
    Pipeline E2E:    PARCIAL

  ℹ️  Observações:
    • Vigas fundo (FV) abaixo do limiar (53.0/80.0). FV_gerado usa ezdxf simplificado — sarrafos e chanfros incompletos.
    • Score coletivo (IDs): 100.0% ≥ 95% — pipeline de IDs aprovado.

[INFO] Relatório salvo em: D:\Agente-cad-PYSIDE\DADOS-OBRAS\Obra_TREINO_11\Fase-8_Revisao_Entrega\cert_GWT_-_2PV\relatorio_fidelidade.json
        -> FALHOU (code 1) (0.1s)

============================================================
PIPELINE CONCLUÍDO — APROVADO
  Score coletivo: 100.0%
  Relatório: D:\Agente-cad-PYSIDE\DADOS-OBRAS\Obra_TREINO_11\Fase-8_Revisao_Entrega\pipeline_report.json
============================================================

  -> APROVADO (107.7s)

[15/92] Obra_TREINO_11 | GWT - 5PV
  Path: D:\Agente-cad-PYSIDE\DADOS-OBRAS\Obra_TREINO_11

============================================================
PIPELINE E2E — Obra_TREINO_11 | GWT - 5PV
============================================================

[FASE 1] Descoberta de DXFs
  [SKIP] dxf_discovery.json ja existe e contem Obra_TREINO_11

[FASE 2] Engenharia Reversa (Ground Truth)
  [SKIP] ground truth já existe

[FASE 3] Extração Dimensional
  [SKIP] dados dimensionais ja existem
  [RUN] extrair_secoes_stog_pl.py ...
ERRO: PL DXF nao encontrado em D:\Agente-cad-PYSIDE\DADOS-OBRAS\Obra_TREINO_11\Fase-1_Ingestao\Projetos_Finalizados_para_Engenharia_Reversa
        -> FALHOU (code 1) (0.6s)

[FASE 4] Motor Fase 4 (Transformacao Fase-3 -> Fase-4)
  [SKIP] Fase-4 já processada

[FASE 5] Geração DXF Individual
  [SKIP] DXF_Pilares/ já contém 26 DXFs

[FASE 5b] Comparação DXF Individual vs STOG
  [RUN] comparar_dxf.py ...

=== COMPARADOR DXF vs. GROUND TRUTH (tol=5.0%) ===

--- PILARES ---
  Match rate: 100.0% (26/26)
  Erro médio: 0.0%

--- VIGAS ---
  Match rate: 100.0% (28/28)
  Erro médio: 0.0%

--- LAJES ---
  Match rate: 100.0% (12/12)
  Erro médio: 0.0%

=== SCORE GERAL: 100.0% (PASS | meta: 75.0%) ===
  Pilares: 100.0% | Vigas: 100.0% | Lajes: 100.0%

  Relatorio: D:\Agente-cad-PYSIDE\DADOS-OBRAS\Obra_TREINO_11\Fase-5_Geracao_Scripts\_relatorio_comparacao.json
        -> OK (1.6s)

[FASE 6] Extração de Âncoras (coords absolutas)
  [SKIP] âncoras já existem

[FASE 7] Consolidação DXF Coletivo
  [SKIP] DXFs coletivos já existem

[FASE 8] Validação DXF Coletivo
  [RUN] validar_dxf_coletivo.py ...
[INFO] === validar_dxf_coletivo.py | Obra_TREINO_11 | GWT - 5PV ===

  [PILARES]
    GT: 26 | Gerado: 26 | Corretos: 26
    id_match: 100.0% | hallucination: 0.0%
    SCORE: 100.0% — APROVADO

  [VIGAS]
    GT: 28 | Gerado: 28 | Corretos: 28
    id_match: 100.0% | hallucination: 0.0%
    SCORE: 100.0% — APROVADO

  [LAJES]
    GT: 12 | Gerado: 12 | Corretos: 12
    id_match: 100.0% | hallucination: 0.0%
    SCORE: 100.0% — APROVADO

[RESULTADO GLOBAL]
  Score global: 100.0%
  Status: APROVADO (>=90%)

[INFO] Salvo: D:\Agente-cad-PYSIDE\DADOS-OBRAS\Obra_TREINO_11\Fase-6_Execucao_CAD\validation_coletivo.json
        -> OK (1.0s)

[FASE 9] Geração obras_salvas.json (formato robô)
  [SKIP] obras_salvas.json já existe

[FASE 10] Validação Visual Autônoma (NVIDIA NIM)
  [RUN] validar_visual_dxf.py ...
        -> TIMEOUT (900.5s) — validar_visual_dxf.py excedeu 900s, continuando
  [RUN] relatorio_fidelidade.py ...

=================================================================
  RELATÓRIO DE FIDELIDADE — Obra_TREINO_11 / GWT - 5PV
=================================================================
  Tipo            Score    Limiar      Status
  --------------------------------------------------
  pilares      75.2/100    >=85.0      ❌ FAIL
  vigas        69.0/100    >=82.0      ❌ FAIL
  lajes        92.8/100    >=75.0      ✅ PASS
  --------------------------------------------------
  GLOBAL       77.4/100    >=80.0  ❌ REPROVADO

  Fontes auxiliares:
    Coletivo IDs:   100.0%
    Pipeline E2E:    APROVADO

  ℹ️  Observações:
    • Vigas fundo (FV) abaixo do limiar (53.0/80.0). FV_gerado usa ezdxf simplificado — sarrafos e chanfros incompletos.
    • Score coletivo (IDs): 100.0% ≥ 95% — pipeline de IDs aprovado.

[INFO] Relatório salvo em: D:\Agente-cad-PYSIDE\DADOS-OBRAS\Obra_TREINO_11\Fase-8_Revisao_Entrega\cert_GWT_-_5PV\relatorio_fidelidade.json
        -> FALHOU (code 1) (0.1s)

============================================================
PIPELINE CONCLUÍDO — APROVADO
  Score coletivo: 100.0%
  Relatório: D:\Agente-cad-PYSIDE\DADOS-OBRAS\Obra_TREINO_11\Fase-8_Revisao_Entrega\pipeline_report.json
============================================================

  -> APROVADO (903.9s)

[16/92] Obra_TREINO_11 | GWT - 6PV
  Path: D:\Agente-cad-PYSIDE\DADOS-OBRAS\Obra_TREINO_11

============================================================
PIPELINE E2E — Obra_TREINO_11 | GWT - 6PV
============================================================

[FASE 1] Descoberta de DXFs
  [SKIP] dxf_discovery.json ja existe e contem Obra_TREINO_11

[FASE 2] Engenharia Reversa (Ground Truth)
  [SKIP] ground truth já existe

[FASE 3] Extração Dimensional
  [SKIP] dados dimensionais ja existem
  [RUN] extrair_secoes_stog_pl.py ...
ERRO: PL DXF nao encontrado em D:\Agente-cad-PYSIDE\DADOS-OBRAS\Obra_TREINO_11\Fase-1_Ingestao\Projetos_Finalizados_para_Engenharia_Reversa
        -> FALHOU (code 1) (0.6s)

[FASE 4] Motor Fase 4 (Transformacao Fase-3 -> Fase-4)
  [SKIP] Fase-4 já processada

[FASE 5] Geração DXF Individual
  [SKIP] DXF_Pilares/ já contém 26 DXFs

[FASE 5b] Comparação DXF Individual vs STOG
  [RUN] comparar_dxf.py ...

=== COMPARADOR DXF vs. GROUND TRUTH (tol=5.0%) ===

--- PILARES ---
  Match rate: 100.0% (26/26)
  Erro médio: 0.0%

--- VIGAS ---
  Match rate: 100.0% (28/28)
  Erro médio: 0.0%

--- LAJES ---
  Match rate: 100.0% (12/12)
  Erro médio: 0.0%

=== SCORE GERAL: 100.0% (PASS | meta: 75.0%) ===
  Pilares: 100.0% | Vigas: 100.0% | Lajes: 100.0%

  Relatorio: D:\Agente-cad-PYSIDE\DADOS-OBRAS\Obra_TREINO_11\Fase-5_Geracao_Scripts\_relatorio_comparacao.json
        -> OK (1.6s)

[FASE 6] Extração de Âncoras (coords absolutas)
  [SKIP] âncoras já existem

[FASE 7] Consolidação DXF Coletivo
  [SKIP] DXFs coletivos já existem

[FASE 8] Validação DXF Coletivo
  [RUN] validar_dxf_coletivo.py ...
[INFO] === validar_dxf_coletivo.py | Obra_TREINO_11 | GWT - 6PV ===

  [PILARES]
    GT: 26 | Gerado: 26 | Corretos: 26
    id_match: 100.0% | hallucination: 0.0%
    SCORE: 100.0% — APROVADO

  [VIGAS]
    GT: 28 | Gerado: 28 | Corretos: 28
    id_match: 100.0% | hallucination: 0.0%
    SCORE: 100.0% — APROVADO

  [LAJES]
    GT: 12 | Gerado: 12 | Corretos: 12
    id_match: 100.0% | hallucination: 0.0%
    SCORE: 100.0% — APROVADO

[RESULTADO GLOBAL]
  Score global: 100.0%
  Status: APROVADO (>=90%)

[INFO] Salvo: D:\Agente-cad-PYSIDE\DADOS-OBRAS\Obra_TREINO_11\Fase-6_Execucao_CAD\validation_coletivo.json
        -> OK (1.0s)

[FASE 9] Geração obras_salvas.json (formato robô)
  [SKIP] obras_salvas.json já existe

[FASE 10] Validação Visual Autônoma (NVIDIA NIM)
  [RUN] validar_visual_dxf.py ...
        -> TIMEOUT (900.6s) — validar_visual_dxf.py excedeu 900s, continuando
  [VIS] validation_visual.json inválido ou vazio — ignorando
  [RUN] relatorio_fidelidade.py ...

=================================================================
  RELATÓRIO DE FIDELIDADE — Obra_TREINO_11 / GWT - 6PV
=================================================================
  Tipo            Score    Limiar      Status
  --------------------------------------------------
  pilares      75.2/100    >=85.0      ❌ FAIL
  vigas        69.0/100    >=82.0      ❌ FAIL
  lajes        92.8/100    >=75.0      ✅ PASS
  --------------------------------------------------
  GLOBAL       77.4/100    >=80.0  ❌ REPROVADO

  Fontes auxiliares:
    Coletivo IDs:   100.0%
    Pipeline E2E:    APROVADO

  ℹ️  Observações:
    • Vigas fundo (FV) abaixo do limiar (53.0/80.0). FV_gerado usa ezdxf simplificado — sarrafos e chanfros incompletos.
    • Score coletivo (IDs): 100.0% ≥ 95% — pipeline de IDs aprovado.

[INFO] Relatório salvo em: D:\Agente-cad-PYSIDE\DADOS-OBRAS\Obra_TREINO_11\Fase-8_Revisao_Entrega\cert_GWT_-_6PV\relatorio_fidelidade.json
        -> FALHOU (code 1) (0.2s)

============================================================
PIPELINE CONCLUÍDO — APROVADO
  Score coletivo: 100.0%
  Relatório: D:\Agente-cad-PYSIDE\DADOS-OBRAS\Obra_TREINO_11\Fase-8_Revisao_Entrega\pipeline_report.json
============================================================

  -> APROVADO (904.2s)

[17/92] Obra_TREINO_11 | GWT - BCE
  Path: D:\Agente-cad-PYSIDE\DADOS-OBRAS\Obra_TREINO_11

============================================================
PIPELINE E2E — Obra_TREINO_11 | GWT - BCE
============================================================

[FASE 1] Descoberta de DXFs
  [SKIP] dxf_discovery.json ja existe e contem Obra_TREINO_11

[FASE 2] Engenharia Reversa (Ground Truth)
  [SKIP] ground truth já existe

[FASE 3] Extração Dimensional
  [SKIP] dados dimensionais ja existem
  [RUN] extrair_secoes_stog_pl.py ...
ERRO: PL DXF nao encontrado em D:\Agente-cad-PYSIDE\DADOS-OBRAS\Obra_TREINO_11\Fase-1_Ingestao\Projetos_Finalizados_para_Engenharia_Reversa
        -> FALHOU (code 1) (0.9s)

[FASE 4] Motor Fase 4 (Transformacao Fase-3 -> Fase-4)
  [SKIP] Fase-4 já processada

[FASE 5] Geração DXF Individual
  [SKIP] DXF_Pilares/ já contém 26 DXFs

[FASE 5b] Comparação DXF Individual vs STOG
  [RUN] comparar_dxf.py ...

=== COMPARADOR DXF vs. GROUND TRUTH (tol=5.0%) ===

--- PILARES ---
  Match rate: 100.0% (26/26)
  Erro médio: 0.0%

--- VIGAS ---
  Match rate: 100.0% (28/28)
  Erro médio: 0.0%

--- LAJES ---
  Match rate: 100.0% (12/12)
  Erro médio: 0.0%

=== SCORE GERAL: 100.0% (PASS | meta: 75.0%) ===
  Pilares: 100.0% | Vigas: 100.0% | Lajes: 100.0%

  Relatorio: D:\Agente-cad-PYSIDE\DADOS-OBRAS\Obra_TREINO_11\Fase-5_Geracao_Scripts\_relatorio_comparacao.json
        -> OK (1.7s)

[FASE 6] Extração de Âncoras (coords absolutas)
  [SKIP] âncoras já existem

[FASE 7] Consolidação DXF Coletivo
  [SKIP] DXFs coletivos já existem

[FASE 8] Validação DXF Coletivo
  [RUN] validar_dxf_coletivo.py ...
[INFO] === validar_dxf_coletivo.py | Obra_TREINO_11 | GWT - BCE ===

  [PILARES]
    GT: 26 | Gerado: 26 | Corretos: 26
    id_match: 100.0% | hallucination: 0.0%
    SCORE: 100.0% — APROVADO

  [VIGAS]
    GT: 28 | Gerado: 28 | Corretos: 28
    id_match: 100.0% | hallucination: 0.0%
    SCORE: 100.0% — APROVADO

  [LAJES]
    GT: 12 | Gerado: 12 | Corretos: 12
    id_match: 100.0% | hallucination: 0.0%
    SCORE: 100.0% — APROVADO

[RESULTADO GLOBAL]
  Score global: 100.0%
  Status: APROVADO (>=90%)

[INFO] Salvo: D:\Agente-cad-PYSIDE\DADOS-OBRAS\Obra_TREINO_11\Fase-6_Execucao_CAD\validation_coletivo.json
        -> OK (1.0s)

[FASE 9] Geração obras_salvas.json (formato robô)
  [SKIP] obras_salvas.json já existe

[FASE 10] Validação Visual Autônoma (NVIDIA NIM)
  [RUN] validar_visual_dxf.py ...
        -> TIMEOUT (900.6s) — validar_visual_dxf.py excedeu 900s, continuando
  [VIS] validation_visual.json inválido ou vazio — ignorando
  [RUN] relatorio_fidelidade.py ...

=================================================================
  RELATÓRIO DE FIDELIDADE — Obra_TREINO_11 / GWT - BCE
=================================================================
  Tipo            Score    Limiar      Status
  --------------------------------------------------
  pilares      75.2/100    >=85.0      ❌ FAIL
  vigas        69.0/100    >=82.0      ❌ FAIL
  lajes        92.8/100    >=75.0      ✅ PASS
  --------------------------------------------------
  GLOBAL       77.4/100    >=80.0  ❌ REPROVADO

  Fontes auxiliares:
    Coletivo IDs:   100.0%
    Pipeline E2E:    APROVADO

  ℹ️  Observações:
    • Vigas fundo (FV) abaixo do limiar (53.0/80.0). FV_gerado usa ezdxf simplificado — sarrafos e chanfros incompletos.
    • Score coletivo (IDs): 100.0% ≥ 95% — pipeline de IDs aprovado.

[INFO] Relatório salvo em: D:\Agente-cad-PYSIDE\DADOS-OBRAS\Obra_TREINO_11\Fase-8_Revisao_Entrega\cert_GWT_-_BCE\relatorio_fidelidade.json
        -> FALHOU (code 1) (0.2s)

============================================================
PIPELINE CONCLUÍDO — APROVADO
  Score coletivo: 100.0%
  Relatório: D:\Agente-cad-PYSIDE\DADOS-OBRAS\Obra_TREINO_11\Fase-8_Revisao_Entrega\pipeline_report.json
============================================================

  -> APROVADO (904.4s)

[18/92] Obra_TREINO_11 | GWT - TER
  Path: D:\Agente-cad-PYSIDE\DADOS-OBRAS\Obra_TREINO_11

============================================================
PIPELINE E2E — Obra_TREINO_11 | GWT - TER
============================================================

[FASE 1] Descoberta de DXFs
  [SKIP] dxf_discovery.json ja existe e contem Obra_TREINO_11

[FASE 2] Engenharia Reversa (Ground Truth)
  [SKIP] ground truth já existe

[FASE 3] Extração Dimensional
  [SKIP] dados dimensionais ja existem
  [RUN] extrair_secoes_stog_pl.py ...
ERRO: PL DXF nao encontrado em D:\Agente-cad-PYSIDE\DADOS-OBRAS\Obra_TREINO_11\Fase-1_Ingestao\Projetos_Finalizados_para_Engenharia_Reversa
        -> FALHOU (code 1) (0.9s)

[FASE 4] Motor Fase 4 (Transformacao Fase-3 -> Fase-4)
  [SKIP] Fase-4 já processada

[FASE 5] Geração DXF Individual
  [SKIP] DXF_Pilares/ já contém 26 DXFs

[FASE 5b] Comparação DXF Individual vs STOG
  [RUN] comparar_dxf.py ...

=== COMPARADOR DXF vs. GROUND TRUTH (tol=5.0%) ===

--- PILARES ---
  Match rate: 100.0% (26/26)
  Erro médio: 0.0%

--- VIGAS ---
  Match rate: 100.0% (28/28)
  Erro médio: 0.0%

--- LAJES ---
  Match rate: 100.0% (12/12)
  Erro médio: 0.0%

=== SCORE GERAL: 100.0% (PASS | meta: 75.0%) ===
  Pilares: 100.0% | Vigas: 100.0% | Lajes: 100.0%

  Relatorio: D:\Agente-cad-PYSIDE\DADOS-OBRAS\Obra_TREINO_11\Fase-5_Geracao_Scripts\_relatorio_comparacao.json
        -> OK (1.6s)

[FASE 6] Extração de Âncoras (coords absolutas)
  [SKIP] âncoras já existem

[FASE 7] Consolidação DXF Coletivo
  [SKIP] DXFs coletivos já existem

[FASE 8] Validação DXF Coletivo
  [RUN] validar_dxf_coletivo.py ...
[INFO] === validar_dxf_coletivo.py | Obra_TREINO_11 | GWT - TER ===

  [PILARES]
    GT: 26 | Gerado: 26 | Corretos: 26
    id_match: 100.0% | hallucination: 0.0%
    SCORE: 100.0% — APROVADO

  [VIGAS]
    GT: 28 | Gerado: 28 | Corretos: 28
    id_match: 100.0% | hallucination: 0.0%
    SCORE: 100.0% — APROVADO

  [LAJES]
    GT: 12 | Gerado: 12 | Corretos: 12
    id_match: 100.0% | hallucination: 0.0%
    SCORE: 100.0% — APROVADO

[RESULTADO GLOBAL]
  Score global: 100.0%
  Status: APROVADO (>=90%)

[INFO] Salvo: D:\Agente-cad-PYSIDE\DADOS-OBRAS\Obra_TREINO_11\Fase-6_Execucao_CAD\validation_coletivo.json
        -> OK (0.9s)

[FASE 9] Geração obras_salvas.json (formato robô)
  [SKIP] obras_salvas.json já existe

[FASE 10] Validação Visual Autônoma (NVIDIA NIM)
  [RUN] validar_visual_dxf.py ...
        -> TIMEOUT (900.4s) — validar_visual_dxf.py excedeu 900s, continuando
  [RUN] relatorio_fidelidade.py ...

=================================================================
  RELATÓRIO DE FIDELIDADE — Obra_TREINO_11 / GWT - TER
=================================================================
  Tipo            Score    Limiar      Status
  --------------------------------------------------
  pilares      75.2/100    >=85.0      ❌ FAIL
  vigas        69.0/100    >=82.0      ❌ FAIL
  lajes        92.8/100    >=75.0      ✅ PASS
  --------------------------------------------------
  GLOBAL       77.4/100    >=80.0  ❌ REPROVADO

  Fontes auxiliares:
    Coletivo IDs:   100.0%
    Pipeline E2E:    APROVADO

  ℹ️  Observações:
    • Vigas fundo (FV) abaixo do limiar (53.0/80.0). FV_gerado usa ezdxf simplificado — sarrafos e chanfros incompletos.
    • Score coletivo (IDs): 100.0% ≥ 95% — pipeline de IDs aprovado.

[INFO] Relatório salvo em: D:\Agente-cad-PYSIDE\DADOS-OBRAS\Obra_TREINO_11\Fase-8_Revisao_Entrega\cert_GWT_-_TER\relatorio_fidelidade.json
        -> FALHOU (code 1) (0.1s)

============================================================
PIPELINE CONCLUÍDO — APROVADO
  Score coletivo: 100.0%
  Relatório: D:\Agente-cad-PYSIDE\DADOS-OBRAS\Obra_TREINO_11\Fase-8_Revisao_Entrega\pipeline_report.json
============================================================

  -> APROVADO (904.0s)

[19/92] Obra_TREINO_11 | GWT - TIP
  Path: D:\Agente-cad-PYSIDE\DADOS-OBRAS\Obra_TREINO_11

============================================================
PIPELINE E2E — Obra_TREINO_11 | GWT - TIP
============================================================

[FASE 1] Descoberta de DXFs
  [SKIP] dxf_discovery.json ja existe e contem Obra_TREINO_11

[FASE 2] Engenharia Reversa (Ground Truth)
  [SKIP] ground truth já existe

[FASE 3] Extração Dimensional
  [SKIP] dados dimensionais ja existem
  [RUN] extrair_secoes_stog_pl.py ...
ERRO: PL DXF nao encontrado em D:\Agente-cad-PYSIDE\DADOS-OBRAS\Obra_TREINO_11\Fase-1_Ingestao\Projetos_Finalizados_para_Engenharia_Reversa
        -> FALHOU (code 1) (0.8s)

[FASE 4] Motor Fase 4 (Transformacao Fase-3 -> Fase-4)
  [SKIP] Fase-4 já processada

[FASE 5] Geração DXF Individual
  [SKIP] DXF_Pilares/ já contém 26 DXFs

[FASE 5b] Comparação DXF Individual vs STOG
  [RUN] comparar_dxf.py ...

=== COMPARADOR DXF vs. GROUND TRUTH (tol=5.0%) ===

--- PILARES ---
  Match rate: 100.0% (26/26)
  Erro médio: 0.0%

--- VIGAS ---
  Match rate: 100.0% (28/28)
  Erro médio: 0.0%

--- LAJES ---
  Match rate: 100.0% (12/12)
  Erro médio: 0.0%

=== SCORE GERAL: 100.0% (PASS | meta: 75.0%) ===
  Pilares: 100.0% | Vigas: 100.0% | Lajes: 100.0%

  Relatorio: D:\Agente-cad-PYSIDE\DADOS-OBRAS\Obra_TREINO_11\Fase-5_Geracao_Scripts\_relatorio_comparacao.json
        -> OK (1.6s)

[FASE 6] Extração de Âncoras (coords absolutas)
  [SKIP] âncoras já existem

[FASE 7] Consolidação DXF Coletivo
  [SKIP] DXFs coletivos já existem

[FASE 8] Validação DXF Coletivo
  [RUN] validar_dxf_coletivo.py ...
[INFO] === validar_dxf_coletivo.py | Obra_TREINO_11 | GWT - TIP ===

  [PILARES]
    GT: 26 | Gerado: 26 | Corretos: 26
    id_match: 100.0% | hallucination: 0.0%
    SCORE: 100.0% — APROVADO

  [VIGAS]
    GT: 28 | Gerado: 28 | Corretos: 28
    id_match: 100.0% | hallucination: 0.0%
    SCORE: 100.0% — APROVADO

  [LAJES]
    GT: 12 | Gerado: 12 | Corretos: 12
    id_match: 100.0% | hallucination: 0.0%
    SCORE: 100.0% — APROVADO

[RESULTADO GLOBAL]
  Score global: 100.0%
  Status: APROVADO (>=90%)

[INFO] Salvo: D:\Agente-cad-PYSIDE\DADOS-OBRAS\Obra_TREINO_11\Fase-6_Execucao_CAD\validation_coletivo.json
        -> OK (0.9s)

[FASE 9] Geração obras_salvas.json (formato robô)
  [SKIP] obras_salvas.json já existe

[FASE 10] Validação Visual Autônoma (NVIDIA NIM)
  [RUN] validar_visual_dxf.py ...
        -> TIMEOUT (900.5s) — validar_visual_dxf.py excedeu 900s, continuando
  [RUN] relatorio_fidelidade.py ...

=================================================================
  RELATÓRIO DE FIDELIDADE — Obra_TREINO_11 / GWT - TIP
=================================================================
  Tipo            Score    Limiar      Status
  --------------------------------------------------
  pilares      75.2/100    >=85.0      ❌ FAIL
  vigas        69.0/100    >=82.0      ❌ FAIL
  lajes        92.8/100    >=75.0      ✅ PASS
  --------------------------------------------------
  GLOBAL       77.4/100    >=80.0  ❌ REPROVADO

  Fontes auxiliares:
    Coletivo IDs:   100.0%
    Pipeline E2E:    APROVADO

  ℹ️  Observações:
    • Vigas fundo (FV) abaixo do limiar (53.0/80.0). FV_gerado usa ezdxf simplificado — sarrafos e chanfros incompletos.
    • Score coletivo (IDs): 100.0% ≥ 95% — pipeline de IDs aprovado.

[INFO] Relatório salvo em: D:\Agente-cad-PYSIDE\DADOS-OBRAS\Obra_TREINO_11\Fase-8_Revisao_Entrega\cert_GWT_-_TIP\relatorio_fidelidade.json
        -> FALHOU (code 1) (0.2s)

============================================================
PIPELINE CONCLUÍDO — APROVADO
  Score coletivo: 100.0%
  Relatório: D:\Agente-cad-PYSIDE\DADOS-OBRAS\Obra_TREINO_11\Fase-8_Revisao_Entrega\pipeline_report.json
============================================================

  -> APROVADO (904.2s)

[20/92] Obra_TREINO_13 | 1PV
  Path: D:\Agente-cad-PYSIDE\DADOS-OBRAS\Obra_TREINO_13

============================================================
PIPELINE E2E — Obra_TREINO_13 | 1PV
============================================================

[FASE 1] Descoberta de DXFs
  [SKIP] dxf_discovery.json ja existe e contem Obra_TREINO_13

[FASE 2] Engenharia Reversa (Ground Truth)
  [SKIP] ground truth já existe

[FASE 3] Extração Dimensional
  [SKIP] dados dimensionais ja existem
  [RUN] extrair_secoes_stog_pl.py ...
ERRO: PL DXF nao encontrado em D:\Agente-cad-PYSIDE\DADOS-OBRAS\Obra_TREINO_13\Fase-1_Ingestao\Projetos_Finalizados_para_Engenharia_Reversa
        -> FALHOU (code 1) (0.9s)

[FASE 4] Motor Fase 4 (Transformacao Fase-3 -> Fase-4)
  [RUN] motor_fase4.py ...
[INFO] === motor_fase4.py | Obra: Obra_TREINO_13 | Pav: 1PV ===
[INFO] Carregado: D:\Agente-cad-PYSIDE\DADOS-OBRAS\Obra_TREINO_13\Fase-3_Interpretacao_Extracao\Pilares\pilares_bh.json (30 itens)
[INFO] Assembly data carregado: 28 pilares (pilares_assembly.json)
[INFO]   ✅ Pilar P8: 64.0x36.0cm, h=280.0cm grade_1=100
[INFO]   ✅ Pilar P9: 76.0x42.0cm, h=280.0cm grade_1=90
[INFO]   ✅ Pilar P10: 64.0x27.0cm, h=280.0cm grade_1=90
[INFO]   ✅ Pilar P11: 50.0x34.0cm, h=280.0cm grade_1=100
[INFO]   ✅ Pilar P14: 85.0x19.0cm, h=280.0cm
[INFO]   ✅ Pilar P17: 100.0x87.0cm, h=280.0cm grade_1=100
[INFO]   ✅ Pilar P18: 64.0x19.0cm, h=280.0cm grade_1=100
[INFO]   ✅ Pilar P20: 86.0x19.0cm, h=280.0cm grade_1=100
[INFO]   ✅ Pilar P21: 90.0x19.0cm, h=280.0cm grade_1=100
[INFO]   ✅ Pilar P33: 50.0x25.0cm, h=280.0cm grade_1=100
[INFO]   ✅ Pilar P36: 50.0x25.0cm, h=280.0cm grade_1=100
[INFO]   ✅ Pilar P38: 64.0x24.0cm, h=280.0cm grade_1=100
[INFO]   ✅ Pilar P39: 50.0x25.0cm, h=280.0cm grade_1=100
[INFO]   ✅ Pilar P40: 48.0x25.0cm, h=280.0cm grade_1=100
[INFO]   ✅ Pilar P41: 76.0x50.0cm, h=280.0cm grade_1=100
[INFO]   ✅ Pilar P42: 62.0x30.0cm, h=280.0cm grade_1=100
[INFO]   ✅ Pilar P43: 64.0x25.0cm, h=280.0cm grade_1=100
[INFO]   ✅ Pilar P51: 46.0x25.0cm, h=280.0cm grade_1=100
[INFO]   ✅ Pilar P53: 84.0x25.0cm, h=280.0cm grade_1=100
[INFO]   ✅ Pilar P54: 51.0x19.0cm, h=280.0cm grade_1=122
[INFO]   ✅ Pilar P56: 100.0x76.0cm, h=280.0cm grade_1=122
[INFO]   ✅ Pilar P59: 96.0x25.0cm, h=280.0cm grade_1=122
[INFO]   ✅ Pilar P60: 64.0x25.0cm, h=280.0cm grade_1=100
[INFO]   ✅ Pilar P61: 50.0x14.0cm, h=280.0cm grade_1=90
[INFO]   ✅ Pilar P62: 64.0x19.0cm, h=280.0cm grade_1=122
[INFO]   ✅ Pilar P63: 50.0x36.0cm, h=280.0cm grade_1=122
[INFO]   ✅ Pilar P64: 100.0x73.5cm, h=280.0cm grade_1=100
[INFO]   ✅ Pilar P66: 74.0x22.0cm, h=280.0cm grade_1=90
[INFO]   ✅ Pilar P71: 46.0x25.0cm, h=280.0cm grade_1=100
[INFO] Pilares: 29 processados -> D:\Agente-cad-PYSIDE\DADOS-OBRAS\Obra_TREINO_13\Fase-4_Sincronizacao\pilares_salvos.json
[INFO] Carregado: D:\Agente-cad-PYSIDE\DADOS-OBRAS\Obra_TREINO_13\Fase-3_Interpretacao_Extracao\Vigas\vigas.json (62 itens)
[INFO]   ✅ Viga V119: b=30.5cm, h=40.0cm, L=419.0cm -> A+B
[INFO]   ✅ Viga V863: b=30.5cm, h=40.0cm, L=661.0cm -> A+B
[INFO]   ✅ Viga V865: b=30.5cm, h=40.0cm, L=661.0cm -> A+B
[INFO]   ✅ Viga V902: b=74.5cm, h=40.0cm, L=1220.0cm -> A+B
[INFO]   ✅ Viga V956: b=30.5cm, h=40.0cm, L=661.0cm -> A+B
[INFO]   ✅ Viga V961: b=40.0cm, h=40.0cm, L=660.0cm -> A+B
[INFO]   ✅ Viga V967: b=30.5cm, h=40.0cm, L=661.0cm -> A+B
[INFO]   ✅ Viga V1003: b=30.5cm, h=40.0cm, L=521.0cm -> A+B
[INFO]   ✅ Viga V1027: b=30.5cm, h=40.0cm, L=661.0cm -> A+B
[INFO]   ✅ Viga V1029: b=30.5cm, h=40.0cm, L=661.0cm -> A+B
[INFO]   ✅ Viga V1040: b=30.5cm, h=40.0cm, L=661.0cm -> A+B
[INFO]   ✅ Viga V1043: b=30.5cm, h=40.0cm, L=655.5cm -> A+B
[INFO]   ✅ Viga V1047: b=30.5cm, h=40.0cm, L=655.0cm -> A+B
[INFO]   ✅ Viga V1052: b=30.5cm, h=40.0cm, L=655.5cm -> A+B
[INFO]   ✅ Viga V1060: b=30.5cm, h=40.0cm, L=1262.5cm -> A+B
[INFO]   ✅ Viga V1063: b=30.5cm, h=40.0cm, L=995.0cm -> A+B
[INFO]   ✅ Viga V1076: b=30.5cm, h=40.0cm, L=1262.5cm -> A+B
[INFO]   ✅ Viga V1101: b=30.5cm, h=40.0cm, L=655.5cm -> A+B
[INFO]   ✅ Viga V1102: b=30.5cm, h=40.0cm, L=744.5cm -> A+B
[INFO]   ✅ Viga V1105: b=30.5cm, h=40.0cm, L=655.0cm -> A+B
[INFO]   ✅ Viga V1106: b=30.5cm, h=40.0cm, L=756.0cm -> A+B
[INFO]   ✅ Viga V1108: b=30.5cm, h=40.0cm, L=1262.5cm -> A+B
[INFO]   ✅ Viga V1110: b=30.5cm, h=40.0cm, L=661.0cm -> A+B
[INFO]   ✅ Viga V1112: b=30.5cm, h=40.0cm, L=680.0cm -> A+B
[INFO]   ✅ Viga V1115: b=30.5cm, h=40.0cm, L=680.0cm -> A+B
[INFO]   ✅ Viga V1116: b=30.5cm, h=40.0cm, L=577.0cm -> A+B
[INFO]   ✅ Viga V1117: b=30.5cm, h=40.0cm, L=661.0cm -> A+B
[INFO]   ✅ Viga V1119: b=30.5cm, h=40.0cm, L=622.5cm -> A+B
[INFO]   ✅ Viga V1121: b=30.5cm, h=40.0cm, L=919.5cm -> A+B
[INFO]   ✅ Viga V1122: b=30.5cm, h=40.0cm, L=919.5cm -> A+B
[INFO]   ✅ Viga V1123: b=30.5cm, h=40.0cm, L=661.0cm -> A+B
[INFO]   ✅ Viga V1124: b=30.5cm, h=40.0cm, L=661.0cm -> A+B
[INFO]   ✅ Viga V1125: b=30.5cm, h=40.0cm, L=959.5cm -> A+B
[INFO]   ✅ Viga V1126: b=30.5cm, h=40.0cm, L=970.0cm -> A+B
[INFO]   ✅ Viga V1127: b=30.5cm, h=40.0cm, L=984.5cm -> A+B
[INFO]   ✅ Viga V1134: b=30.5cm, h=40.0cm, L=959.5cm -> A+B
[INFO]   ✅ Viga V1135: b=30.5cm, h=40.0cm, L=661.0cm -> A+B
[INFO]   ✅ Viga V1136: b=30.5cm, h=40.0cm, L=521.0cm -> A+B
[INFO]   ✅ Viga V1137: b=30.5cm, h=40.0cm, L=367.0cm -> A+B
[INFO]   ✅ Viga V1138: b=30.5cm, h=40.0cm, L=970.0cm -> A+B
[INFO]   ✅ Viga V1139: b=30.5cm, h=40.0cm, L=543.0cm -> A+B
[INFO]   ✅ Viga V1140: b=30.5cm, h=40.0cm, L=984.5cm -> A+B
[INFO]   ✅ Viga V1141: b=30.5cm, h=40.0cm, L=543.0cm -> A+B
[INFO]   ✅ Viga V1142: b=30.5cm, h=40.0cm, L=543.0cm -> A+B
[INFO]   ✅ Viga V1143: b=30.5cm, h=40.0cm, L=543.0cm -> A+B
[INFO]   ✅ Viga V1144: b=30.5cm, h=40.0cm, L=543.0cm -> A+B
[INFO]   ✅ Viga V1145: b=30.5cm, h=40.0cm, L=520.0cm -> A+B
[INFO]   ✅ Viga V1146: b=30.5cm, h=40.0cm, L=543.0cm -> A+B
[INFO]   ✅ Viga V1147: b=30.5cm, h=40.0cm, L=727.0cm -> A+B
[INFO]   ✅ Viga V1148: b=30.5cm, h=40.0cm, L=460.5cm -> A+B
[INFO]   ✅ Viga V1149: b=30.5cm, h=40.0cm, L=543.0cm -> A+B
[INFO]   ✅ Viga V1150: b=30.5cm, h=40.0cm, L=520.0cm -> A+B
[INFO]   ✅ Viga V1151: b=30.5cm, h=40.0cm, L=332.0cm -> A+B
[INFO]   ✅ Viga V1152: b=30.5cm, h=40.0cm, L=460.5cm -> A+B
[INFO]   ✅ Viga V1153: b=30.5cm, h=40.0cm, L=727.0cm -> A+B
[INFO]   ✅ Viga V1154: b=30.5cm, h=40.0cm, L=456.5cm -> A+B
[INFO]   ✅ Viga V1155: b=30.5cm, h=40.0cm, L=212.5cm -> A+B
[INFO]   ✅ Viga V1156: b=30.5cm, h=40.0cm, L=543.0cm -> A+B
[INFO]   ✅ Viga V1157: b=30.5cm, h=40.0cm, L=301.0cm -> A+B
[INFO]   ✅ Viga V1158: b=30.5cm, h=40.0cm, L=301.0cm -> A+B
[INFO]   ✅ Viga V1159: b=30.5cm, h=40.0cm, L=1220.0cm -> A+B
[INFO] Vigas: 61 processadas -> D:\Agente-cad-PYSIDE\DADOS-OBRAS\Obra_TREINO_13\Fase-4_Sincronizacao\vigas_salvas.json
[INFO] Carregado: D:\Agente-cad-PYSIDE\DADOS-OBRAS\Obra_TREINO_13\Fase-3_Interpretacao_Extracao\Lajes\lajes.json (39 itens)
[INFO]   ✅ Laje L1101: 731.0x731.0cm, 8 cortes
[INFO]   ✅ Laje L1102: 731.0x244.0cm, 8 cortes
[INFO]   ✅ Laje L1103: 731.0x731.0cm, 8 cortes
[INFO]   ✅ Laje L1104: 731.0x731.0cm, 8 cortes
[INFO]   ✅ Laje L1105: 731.0x731.0cm, 8 cortes
[INFO]   ✅ Laje L1106: 731.0x731.0cm, 8 cortes
[INFO]   ✅ Laje L1107: 731.0x312.0cm, 8 cortes
[INFO]   ✅ Laje L1109: 731.0x731.0cm, 8 cortes
[INFO]   ✅ Laje L1111: 731.0x731.0cm, 8 cortes
[INFO]   ✅ Laje L1112: 731.0x244.0cm, 8 cortes
[INFO]   ✅ Laje L1113: 731.0x731.0cm, 8 cortes
[INFO]   ✅ Laje L1114: 731.0x731.0cm, 8 cortes
[INFO]   ✅ Laje L1115: 731.0x312.0cm, 8 cortes
[INFO]   ✅ Laje L1119: 731.0x450.0cm, 8 cortes
[INFO]   ✅ Laje L1120: 731.0x731.0cm, 8 cortes
[INFO]   ✅ Laje L1121: 731.0x731.0cm, 8 cortes
[INFO]   ✅ Laje L1122: 731.0x731.0cm, 8 cortes
[INFO]   ✅ Laje L1125: 731.0x731.0cm, 8 cortes
[INFO]   ✅ Laje L1126: 731.0x731.0cm, 8 cortes
[INFO]   ✅ Laje L1127: 731.0x731.0cm, 8 cortes
[INFO]   ✅ Laje L1128: 731.0x731.0cm, 8 cortes
[INFO]   ✅ Laje L1129: 731.0x731.0cm, 8 cortes
[INFO]   ✅ Laje L1130: 244.0x244.0cm, 3 cortes
[INFO]   ✅ Laje L1131: 731.0x731.0cm, 8 cortes
[INFO]   ✅ Laje L1132: 450.0x244.0cm, 5 cortes
[INFO]   ✅ Laje L1133: 731.0x731.0cm, 8 cortes
[INFO]   ✅ Laje L1134: 731.0x731.0cm, 8 cortes
[INFO]   ✅ Laje L1135: 731.0x450.0cm, 8 cortes
[INFO]   ✅ Laje L1136: 312.0x291.5cm, 4 cortes
[INFO]   ✅ Laje L1137: 731.0x731.0cm, 8 cortes
[INFO]   ✅ Laje L1138: 731.0x731.0cm, 8 cortes
[INFO]   ✅ Laje L1142: 450.0x244.0cm, 5 cortes
[INFO]   ✅ Laje L1143: 450.0x244.0cm, 5 cortes
[INFO]   ✅ Laje L1144: 450.0x312.0cm, 5 cortes
[INFO]   ✅ Laje L1148: 450.0x244.0cm, 5 cortes
[INFO]   ✅ Laje L1149: 450.0x312.0cm, 5 cortes
[INFO]   ✅ Laje L1150: 731.0x731.0cm, 8 cortes
[INFO]   ✅ Laje L1151: 731.0x731.0cm, 8 cortes
[INFO] Lajes: 38 processadas -> D:\Agente-cad-PYSIDE\DADOS-OBRAS\Obra_TREINO_13\Fase-4_Sincronizacao\lajes_salvas.json
[INFO] obras_salvas.json: 29 pilares → D:\Agente-cad-PYSIDE\DADOS-OBRAS\Obra_TREINO_13\Fase-4_Sincronizacao\obras_salvas.json
[INFO] === RESULTADO: 29 pilares, 61 vigas, 38 lajes | 0 erros ===
[INFO] === RELATÓRIO DE COMPLETUDE SA ===
[INFO]   PL: 29 itens | média=100.0% | abaixo_80%=0
[INFO]   LV: 122 itens | média=100.0% | abaixo_80%=0
[INFO]   FV: 61 itens | média=100.0% | abaixo_80%=0
[INFO]   LJ: 38 itens | média=100.0% | abaixo_80%=0
[INFO] ==================================
        -> OK (0.4s)

[FASE 5] Geração DXF Individual
  [RUN] gerar_dxf_pilares.py ...
  pilares_bh.json: 30 pilares

=== GERANDO DXF PILARES (29 pilares) ===
  P10: b=27 h=64 paineis=12 alt=280cm [BH-extraido]
  P11: b=34 h=50 paineis=12 alt=280cm [BH-extraido]
  P14: b=19 h=85 paineis=12 alt=280cm [BH-extraido]
  P17: b=87 h=100 paineis=12 alt=280cm [BH-extraido]
  P18: b=19 h=64 paineis=12 alt=280cm [BH-extraido]
  P20: b=19 h=86 paineis=12 alt=280cm [BH-extraido]
  P21: b=19 h=90 paineis=12 alt=280cm [BH-extraido]
  P33: b=25 h=50 paineis=12 alt=280cm [BH-extraido]
  P36: b=25 h=50 paineis=12 alt=280cm [BH-extraido]
  P38: b=24 h=64 paineis=12 alt=280cm [BH-extraido]
  P39: b=25 h=50 paineis=12 alt=280cm [BH-extraido]
  P40: b=25 h=48 paineis=12 alt=280cm [BH-extraido]
  P41: b=50 h=76 paineis=12 alt=280cm [BH-extraido]
  P42: b=30 h=62 paineis=12 alt=280cm [BH-extraido]
  P43: b=25 h=64 paineis=12 alt=280cm [BH-extraido]
  P51: b=25 h=46 paineis=12 alt=280cm [BH-extraido]
  P53: b=25 h=84 paineis=12 alt=280cm [BH-extraido]
  P54: b=19 h=51 paineis=12 alt=280cm [BH-extraido]
  P56: b=76 h=100 paineis=12 alt=280cm [BH-extraido]
  P59: b=25 h=96 paineis=12 alt=280cm [BH-extraido]
  P60: b=25 h=64 paineis=12 alt=280cm [BH-extraido]
  P61: b=14 h=50 paineis=12 alt=280cm [BH-extraido]
  P62: b=19 h=64 paineis=12 alt=280cm [BH-extraido]
  P63: b=36 h=50 paineis=12 alt=280cm [BH-extraido]
  P64: b=74 h=100 paineis=12 alt=280cm [BH-extraido]
  P66: b=22 h=74 paineis=12 alt=280cm [BH-extraido]
  P71: b=25 h=46 paineis=12 alt=280cm [BH-extraido]
  P8: b=36 h=64 paineis=12 alt=280cm [BH-extraido]
  P9: b=42 h=76 paineis=12 alt=280cm [BH-extraido]

=== RESULTADO: 29 DXFs gerados | 0 erros ===
  Relatorio: D:\Agente-cad-PYSIDE\DADOS-OBRAS\Obra_TREINO_13\Fase-5_Geracao_Scripts\DXF_Pilares\_relatorio.json
  DXFs em: D:\Agente-cad-PYSIDE\DADOS-OBRAS\Obra_TREINO_13\Fase-5_Geracao_Scripts\DXF_Pilares

  Proximo: python scripts/comparar_dxf_pilares.py --obra D:\Agente-cad-PYSIDE\DADOS-OBRAS\Obra_TREINO_13
        -> OK (1.1s)
  [RUN] gerar_dxf_vigas.py ...

=== GERANDO DXF VIGAS (61 vigas) ===
  V119: b=30 h=40 L=419cm | paineis A=4 B=4 F=4
  V863: b=30 h=40 L=661cm | paineis A=6 B=6 F=6
  V865: b=30 h=40 L=661cm | paineis A=6 B=6 F=6
  V902: b=74 h=40 L=1220cm | paineis A=11 B=11 F=11
  V956: b=30 h=40 L=661cm | paineis A=6 B=6 F=6
  V961: b=40 h=40 L=660cm | paineis A=6 B=6 F=6
  V967: b=30 h=40 L=661cm | paineis A=6 B=6 F=6
  V1003: b=30 h=40 L=521cm | paineis A=5 B=5 F=5
  V1027: b=30 h=40 L=661cm | paineis A=6 B=6 F=6
  V1029: b=30 h=40 L=661cm | paineis A=6 B=6 F=6
  V1040: b=30 h=40 L=661cm | paineis A=6 B=6 F=6
  V1043: b=30 h=40 L=656cm | paineis A=6 B=6 F=6
  V1047: b=30 h=40 L=655cm | paineis A=6 B=6 F=6
  V1052: b=30 h=40 L=656cm | paineis A=6 B=6 F=6
  V1060: b=30 h=40 L=1262cm | paineis A=11 B=11 F=11
  V1063: b=30 h=40 L=995cm | paineis A=9 B=9 F=9
  V1076: b=30 h=40 L=1262cm | paineis A=11 B=11 F=11
  V1101: b=30 h=40 L=656cm | paineis A=6 B=6 F=6
  V1102: b=30 h=40 L=744cm | paineis A=7 B=7 F=7
  V1105: b=30 h=40 L=655cm | paineis A=6 B=6 F=6
  V1106: b=30 h=40 L=756cm | paineis A=7 B=7 F=7
  V1108: b=30 h=40 L=1262cm | paineis A=11 B=11 F=11
  V1110: b=30 h=40 L=661cm | paineis A=6 B=6 F=6
  V1112: b=30 h=40 L=680cm | paineis A=6 B=6 F=6
  V1115: b=30 h=40 L=680cm | paineis A=6 B=6 F=6
  V1116: b=30 h=40 L=577cm | paineis A=5 B=5 F=5
  V1117: b=30 h=40 L=661cm | paineis A=6 B=6 F=6
  V1119: b=30 h=40 L=622cm | paineis A=6 B=6 F=6
  V1121: b=30 h=40 L=920cm | paineis A=8 B=8 F=8
  V1122: b=30 h=40 L=920cm | paineis A=8 B=8 F=8
  V1123: b=30 h=40 L=661cm | paineis A=6 B=6 F=6
  V1124: b=30 h=40 L=661cm | paineis A=6 B=6 F=6
  V1125: b=30 h=40 L=960cm | paineis A=8 B=8 F=8
  V1126: b=30 h=40 L=970cm | paineis A=9 B=9 F=9
  V1127: b=30 h=40 L=984cm | paineis A=9 B=9 F=9
  V1134: b=30 h=40 L=960cm | paineis A=8 B=8 F=8
  V1135: b=30 h=40 L=661cm | paineis A=6 B=6 F=6
  V1136: b=30 h=40 L=521cm | paineis A=5 B=5 F=5
  V1137: b=30 h=40 L=367cm | paineis A=4 B=4 F=4
  V1138: b=30 h=40 L=970cm | paineis A=9 B=9 F=9
  V1139: b=30 h=40 L=543cm | paineis A=5 B=5 F=5
  V1140: b=30 h=40 L=984cm | paineis A=9 B=9 F=9
  V1141: b=30 h=40 L=543cm | paineis A=5 B=5 F=5
  V1142: b=30 h=40 L=543cm | paineis A=5 B=5 F=5
  V1143: b=30 h=40 L=543cm | paineis A=5 B=5 F=5
  V1144: b=30 h=40 L=543cm | paineis A=5 B=5 F=5
  V1145: b=30 h=40 L=520cm | paineis A=5 B=5 F=5
  V1146: b=30 h=40 L=543cm | paineis A=5 B=5 F=5
  V1147: b=30 h=40 L=727cm | paineis A=7 B=7 F=7
  V1148: b=30 h=40 L=460cm | paineis A=4 B=4 F=4
  V1149: b=30 h=40 L=543cm | paineis A=5 B=5 F=5
  V1150: b=30 h=40 L=520cm | paineis A=5 B=5 F=5
  V1151: b=30 h=40 L=332cm | paineis A=3 B=3 F=3
  V1152: b=30 h=40 L=460cm | paineis A=4 B=4 F=4
  V1153: b=30 h=40 L=727cm | paineis A=7 B=7 F=7
  V1154: b=30 h=40 L=456cm | paineis A=4 B=4 F=4
  V1155: b=30 h=40 L=212cm | paineis A=2 B=2 F=2
  V1156: b=30 h=40 L=543cm | paineis A=5 B=5 F=5
  V1157: b=30 h=40 L=301cm | paineis A=3 B=3 F=3
  V1158: b=30 h=40 L=301cm | paineis A=3 B=3 F=3
  V1159: b=30 h=40 L=1220cm | paineis A=11 B=11 F=11

=== RESULTADO: 61 DXFs gerados | 0 erros ===
  Relatorio: D:\Agente-cad-PYSIDE\DADOS-OBRAS\Obra_TREINO_13\Fase-5_Geracao_Scripts\DXF_Vigas\_relatorio.json
  DXFs em: D:\Agente-cad-PYSIDE\DADOS-OBRAS\Obra_TREINO_13\Fase-5_Geracao_Scripts\DXF_Vigas

  Proximo: python scripts/comparar_dxf_vigas.py --obra D:\Agente-cad-PYSIDE\DADOS-OBRAS\Obra_TREINO_13
        -> OK (4.0s)
  [RUN] gerar_dxf_lajes.py ...

=== GERANDO DXF LAJES (38 lajes) ===
  L1101: 731.0x731.0cm paineis=9x1 area=534361cm2
  L1102: 731.0x244.0cm paineis=9x1 area=178364cm2
  L1103: 731.0x731.0cm paineis=9x1 area=534361cm2
  L1104: 731.0x731.0cm paineis=9x1 area=534361cm2
  L1105: 731.0x731.0cm paineis=9x1 area=534361cm2
  L1106: 731.0x731.0cm paineis=9x1 area=534361cm2
  L1107: 731.0x312.0cm paineis=9x1 area=228072cm2
  L1109: 731.0x731.0cm paineis=9x1 area=534361cm2
  L1111: 731.0x731.0cm paineis=9x1 area=534361cm2
  L1112: 731.0x244.0cm paineis=9x1 area=178364cm2
  L1113: 731.0x731.0cm paineis=9x1 area=534361cm2
  L1114: 731.0x731.0cm paineis=9x1 area=534361cm2
  L1115: 731.0x312.0cm paineis=9x1 area=228072cm2
  L1119: 731.0x450.0cm paineis=9x1 area=328950cm2
  L1120: 731.0x731.0cm paineis=9x1 area=534361cm2
  L1121: 731.0x731.0cm paineis=9x1 area=534361cm2
  L1122: 731.0x731.0cm paineis=9x1 area=534361cm2
  L1125: 731.0x731.0cm paineis=9x1 area=534361cm2
  L1126: 731.0x731.0cm paineis=9x1 area=534361cm2
  L1127: 731.0x731.0cm paineis=9x1 area=534361cm2
  L1128: 731.0x731.0cm paineis=9x1 area=534361cm2
  L1129: 731.0x731.0cm paineis=9x1 area=534361cm2
  L1130: 244.0x244.0cm paineis=4x1 area=59536cm2
  L1131: 731.0x731.0cm paineis=9x1 area=534361cm2
  L1132: 450.0x244.0cm paineis=6x1 area=109800cm2
  L1133: 731.0x731.0cm paineis=9x1 area=534361cm2
  L1134: 731.0x731.0cm paineis=9x1 area=534361cm2
  L1135: 731.0x450.0cm paineis=9x1 area=328950cm2
  L1136: 312.0x291.5cm paineis=5x1 area=90948cm2
  L1137: 731.0x731.0cm paineis=9x1 area=534361cm2
  L1138: 731.0x731.0cm paineis=9x1 area=534361cm2
  L1142: 450.0x244.0cm paineis=6x1 area=109800cm2
  L1143: 450.0x244.0cm paineis=6x1 area=109800cm2
  L1144: 450.0x312.0cm paineis=6x1 area=140400cm2
  L1148: 450.0x244.0cm paineis=6x1 area=109800cm2
  L1149: 450.0x312.0cm paineis=6x1 area=140400cm2
  L1150: 731.0x731.0cm paineis=9x1 area=534361cm2
  L1151: 731.0x731.0cm paineis=9x1 area=534361cm2

=== RESULTADO: 38 DXFs gerados | 0 erros ===
  Relatorio: D:\Agente-cad-PYSIDE\DADOS-OBRAS\Obra_TREINO_13\Fase-5_Geracao_Scripts\DXF_Lajes\_relatorio.json
  DXFs em: D:\Agente-cad-PYSIDE\DADOS-OBRAS\Obra_TREINO_13\Fase-5_Geracao_Scripts\DXF_Lajes

  Proximo: python scripts/comparar_dxf.py --obra D:\Agente-cad-PYSIDE\DADOS-OBRAS\Obra_TREINO_13
        -> OK (1.4s)
  [RUN] gerar_pl_dxf_stog.py ...
Processando 29 pilares [pavimento completo] (3 zones: ABCD/CIMA/GRADES)
  ABCD zone: X=-7000
  CIMA zone: X=0
  GRADES zone: X=4000

  [ 1] P8: 64.0x36.0cm h=280cm  entities=171
  [ 2] P9: 76.0x42.0cm h=280cm  entities=176
  [ 3] P10: 64.0x27.0cm h=280cm  entities=169
  [ 4] P11: 50.0x34.0cm h=280cm  entities=161
  [ 5] P14: 85.0x19.0cm h=280cm  entities=119
  [ 6] P17: 100.0x87.0cm h=280cm  entities=176
  [ 7] P18: 64.0x19.0cm h=280cm  entities=169
  [ 8] P20: 86.0x19.0cm h=280cm  entities=169
  [ 9] P21: 90.0x19.0cm h=280cm  entities=169
  [10] P33: 50.0x25.0cm h=280cm  entities=159
  [11] P36: 50.0x25.0cm h=280cm  entities=159
  [12] P38: 64.0x24.0cm h=280cm  entities=169
  [13] P39: 50.0x25.0cm h=280cm  entities=159
  [14] P40: 48.0x25.0cm h=280cm  entities=159
  [15] P41: 76.0x50.0cm h=280cm  entities=176
  [16] P42: 62.0x30.0cm h=280cm  entities=171
  [17] P43: 64.0x25.0cm h=280cm  entities=169
  [18] P51: 46.0x25.0cm h=280cm  entities=159
  [19] P53: 84.0x25.0cm h=280cm  entities=169
  [20] P54: 51.0x19.0cm h=280cm  entities=169
  [21] P56: 100.0x76.0cm h=280cm  entities=176
  [22] P59: 96.0x25.0cm h=280cm  entities=169
  [23] P60: 64.0x25.0cm h=280cm  entities=169
  [24] P61: 50.0x14.0cm h=280cm  entities=159
  [25] P62: 64.0x19.0cm h=280cm  entities=169
  [26] P63: 50.0x36.0cm h=280cm  entities=161
  [27] P64: 100.0x73.5cm h=280cm  entities=176
  [28] P66: 74.0x22.0cm h=280cm  entities=169
  [29] P71: 46.0x25.0cm h=280cm  entities=159
  [ADAPTIVE] +11 sentinel(s): ['Barra de Ancoragem', 'CARIMBO', 'Demarcação 1', 'Demarcação 2', 'F-PILARES-S', 'HACHURACONCRETO']...+5
  [PRUNE] 340 entidades removidas (layers fora do STOG PL)

Total entities: 4804
DXF: D:\Agente-cad-PYSIDE\DADOS-OBRAS\Obra_TREINO_13\Fase-6_Execucao_CAD\PL_stog_quality.dxf
Preview: D:\Agente-cad-PYSIDE\DADOS-OBRAS\Obra_TREINO_13\Fase-6_Execucao_CAD\PL_stog_quality.png
        -> OK (109.5s)
  [RUN] gerar_lv_dxf_stog.py ...
Processando 61 vigas laterais -> LV_stog_quality.dxf
  [SKIP-LAYERS] pulando layers ausentes no STOG: ['Cota Seção (2x)', 'Texto Seção']
  V902    : comp=1220cm  h_A=24  h_B=10  b=74  paineis=11  widths=[120,120,120,120,120,120,120,120,120,120,20]
  V961    : comp=660cm  h_A=24  h_B=10  b=40  paineis=6  widths=[120,120,120,120,120,60]
  V1060   : comp=1262cm  h_A=24  h_B=10  b=30  paineis=11  widths=[120,120,120,120,120,120,120,120,120,120,62]
  V1076   : comp=1262cm  h_A=24  h_B=10  b=30  paineis=11  widths=[120,120,120,120,120,120,120,120,120,120,62]
  V1108   : comp=1262cm  h_A=24  h_B=10  b=30  paineis=11  widths=[120,120,120,120,120,120,120,120,120,120,62]
  V1159   : comp=1220cm  h_A=24  h_B=10  b=30  paineis=11  widths=[120,120,120,120,120,120,120,120,120,120,20]
  V1063   : comp=995cm  h_A=24  h_B=10  b=30  paineis=9  widths=[120,120,120,120,120,120,120,120,35]
  V1127   : comp=984cm  h_A=24  h_B=10  b=30  paineis=9  widths=[120,120,120,120,120,120,120,120,24]
  V1140   : comp=984cm  h_A=24  h_B=10  b=30  paineis=9  widths=[120,120,120,120,120,120,120,120,24]
  V1126   : comp=970cm  h_A=24  h_B=10  b=30  paineis=9  widths=[120,120,120,120,120,120,120,120,10]
  V1138   : comp=970cm  h_A=24  h_B=10  b=30  paineis=9  widths=[120,120,120,120,120,120,120,120,10]
  V1125   : comp=960cm  h_A=24  h_B=10  b=30  paineis=8  widths=[120,120,120,120,120,120,120,120]
  V1134   : comp=960cm  h_A=24  h_B=10  b=30  paineis=8  widths=[120,120,120,120,120,120,120,120]
  V1121   : comp=920cm  h_A=24  h_B=10  b=30  paineis=8  widths=[120,120,120,120,120,120,120,80]
  V1122   : comp=920cm  h_A=24  h_B=10  b=30  paineis=8  widths=[120,120,120,120,120,120,120,80]
  V1106   : comp=756cm  h_A=24  h_B=10  b=30  paineis=7  widths=[120,120,120,120,120,120,36]
  V1102   : comp=744cm  h_A=24  h_B=10  b=30  paineis=7  widths=[120,120,120,120,120,120,24]
  V1147   : comp=727cm  h_A=24  h_B=10  b=30  paineis=7  widths=[120,120,120,120,120,120,7]
  V1153   : comp=727cm  h_A=24  h_B=10  b=30  paineis=7  widths=[120,120,120,120,120,120,7]
  V1112   : comp=680cm  h_A=24  h_B=10  b=30  paineis=6  widths=[120,120,120,120,120,80]
  V1115   : comp=680cm  h_A=24  h_B=10  b=30  paineis=6  widths=[120,120,120,120,120,80]
  V863    : comp=661cm  h_A=24  h_B=10  b=30  paineis=6  widths=[120,120,120,120,120,61]
  V865    : comp=661cm  h_A=24  h_B=10  b=30  paineis=6  widths=[120,120,120,120,120,61]
  V956    : comp=661cm  h_A=24  h_B=10  b=30  paineis=6  widths=[120,120,120,120,120,61]
  V967    : comp=661cm  h_A=24  h_B=10  b=30  paineis=6  widths=[120,120,120,120,120,61]
  V1027   : comp=661cm  h_A=24  h_B=10  b=30  paineis=6  widths=[120,120,120,120,120,61]
  V1029   : comp=661cm  h_A=24  h_B=10  b=30  paineis=6  widths=[120,120,120,120,120,61]
  V1040   : comp=661cm  h_A=24  h_B=10  b=30  paineis=6  widths=[120,120,120,120,120,61]
  V1110   : comp=661cm  h_A=24  h_B=10  b=30  paineis=6  widths=[120,120,120,120,120,61]
  V1117   : comp=661cm  h_A=24  h_B=10  b=30  paineis=6  widths=[120,120,120,120,120,61]
  V1123   : comp=661cm  h_A=24  h_B=10  b=30  paineis=6  widths=[120,120,120,120,120,61]
  V1124   : comp=661cm  h_A=24  h_B=10  b=30  paineis=6  widths=[120,120,120,120,120,61]
  V1135   : comp=661cm  h_A=24  h_B=10  b=30  paineis=6  widths=[120,120,120,120,120,61]
  V1043   : comp=656cm  h_A=24  h_B=10  b=30  paineis=6  widths=[120,120,120,120,120,56]
  V1052   : comp=656cm  h_A=24  h_B=10  b=30  paineis=6  widths=[120,120,120,120,120,56]
  V1101   : comp=656cm  h_A=24  h_B=10  b=30  paineis=6  widths=[120,120,120,120,120,56]
  V1047   : comp=655cm  h_A=24  h_B=10  b=30  paineis=6  widths=[120,120,120,120,120,55]
  V1105   : comp=655cm  h_A=24  h_B=10  b=30  paineis=6  widths=[120,120,120,120,120,55]
  V1119   : comp=622cm  h_A=24  h_B=10  b=30  paineis=6  widths=[120,120,120,120,120,22]
  V1116   : comp=577cm  h_A=24  h_B=10  b=30  paineis=5  widths=[120,120,120,120,97]
  V1139   : comp=543cm  h_A=24  h_B=10  b=30  paineis=5  widths=[120,120,120,120,63]
  V1141   : comp=543cm  h_A=24  h_B=10  b=30  paineis=5  widths=[120,120,120,120,63]
  V1142   : comp=543cm  h_A=24  h_B=10  b=30  paineis=5  widths=[120,120,120,120,63]
  V1143   : comp=543cm  h_A=24  h_B=10  b=30  paineis=5  widths=[120,120,120,120,63]
  V1144   : comp=543cm  h_A=24  h_B=10  b=30  paineis=5  widths=[120,120,120,120,63]
  V1146   : comp=543cm  h_A=24  h_B=10  b=30  paineis=5  widths=[120,120,120,120,63]
  V1149   : comp=543cm  h_A=24  h_B=10  b=30  paineis=5  widths=[120,120,120,120,63]
  V1156   : comp=543cm  h_A=24  h_B=10  b=30  paineis=5  widths=[120,120,120,120,63]
  V1003   : comp=521cm  h_A=24  h_B=10  b=30  paineis=5  widths=[120,120,120,120,41]
  V1136   : comp=521cm  h_A=24  h_B=10  b=30  paineis=5  widths=[120,120,120,120,41]
  V1145   : comp=520cm  h_A=24  h_B=10  b=30  paineis=5  widths=[120,120,120,120,40]
  V1150   : comp=520cm  h_A=24  h_B=10  b=30  paineis=5  widths=[120,120,120,120,40]
  V1148   : comp=460cm  h_A=24  h_B=10  b=30  paineis=4  widths=[120,120,120,100]
  V1152   : comp=460cm  h_A=24  h_B=10  b=30  paineis=4  widths=[120,120,120,100]
  V1154   : comp=456cm  h_A=24  h_B=10  b=30  paineis=4  widths=[120,120,120,96]
  V119    : comp=419cm  h_A=24  h_B=10  b=30  paineis=4  widths=[120,120,120,59]
  V1137   : comp=367cm  h_A=24  h_B=10  b=30  paineis=4  widths=[120,120,120,7]
  V1151   : comp=332cm  h_A=24  h_B=10  b=30  paineis=3  widths=[120,120,92]
  V1157   : comp=301cm  h_A=24  h_B=10  b=30  paineis=3  widths=[120,120,61]
  V1158   : comp=301cm  h_A=24  h_B=10  b=30  paineis=3  widths=[120,120,61]
  V1155   : comp=212cm  h_A=24  h_B=10  b=30  paineis=2  widths=[120,92]
  [ADAPTIVE] +9 sentinel(s): ['Demarcação 1', 'Demarcação 2', 'HACHURA MADEIRAS', 'Laje_Perimetro', 'SARRAFO DE PRESSAO', 'SARR_2.2x10']...+3

DXF: D:\Agente-cad-PYSIDE\DADOS-OBRAS\Obra_TREINO_13\Fase-6_Execucao_CAD\LV_stog_quality.dxf
Preview: D:\Agente-cad-PYSIDE\DADOS-OBRAS\Obra_TREINO_13\Fase-6_Execucao_CAD\LV_stog_quality.png
        -> OK (140.0s)
  [RUN] gerar_fv_dxf_stog.py ...
[FV-FILTER] STOG FV contém 89% das nossas vigas (incluindo b=30.5cm) → filtro desativado.
Processando 61 vigas -> 49 fileiras
  V902    : 1220x74cm  row=0
  V961    : 660x40cm  row=1
  V1060   : 1262x30cm  row=2
  V1076   : 1262x30cm  row=3
  V1108   : 1262x30cm  row=4
  V1159   : 1220x30cm  row=5
  V1063   : 995x30cm  row=6
  V1127   : 984x30cm  row=7
  V1140   : 984x30cm  row=8
  V1126   : 970x30cm  row=9
  V1138   : 970x30cm  row=10
  V1125   : 960x30cm  row=11
  V1134   : 960x30cm  row=12
  V1121   : 920x30cm  row=13
  V1122   : 920x30cm  row=14
  V1106   : 756x30cm  row=15
  V1102   : 744x30cm  row=16
  V1147   : 727x30cm  row=17
  V1153   : 727x30cm  row=18
  V1112   : 680x30cm  row=19
  V1115   : 680x30cm  row=20
  V863    : 661x30cm  row=21
  V865    : 661x30cm  row=22
  V956    : 661x30cm  row=23
  V967    : 661x30cm  row=24
  V1027   : 661x30cm  row=25
  V1029   : 661x30cm  row=26
  V1040   : 661x30cm  row=27
  V1110   : 661x30cm  row=28
  V1117   : 661x30cm  row=29
  V1123   : 661x30cm  row=30
  V1124   : 661x30cm  row=31
  V1135   : 661x30cm  row=32
  V1043   : 656x30cm  row=33
  V1052   : 656x30cm  row=34
  V1101   : 656x30cm  row=35
  V1047   : 655x30cm  row=36
  V1105   : 655x30cm  row=37
  V1119   : 622x30cm  row=38
  V1116   : 577x30cm  row=38
  V1139   : 543x30cm  row=39
  V1141   : 543x30cm  row=39
  V1142   : 543x30cm  row=40
  V1143   : 543x30cm  row=40
  V1144   : 543x30cm  row=41
  V1146   : 543x30cm  row=41
  V1149   : 543x30cm  row=42
  V1156   : 543x30cm  row=42
  V1003   : 521x30cm  row=43
  V1136   : 521x30cm  row=43
  V1145   : 520x30cm  row=44
  V1150   : 520x30cm  row=44
  V1148   : 460x30cm  row=45
  V1152   : 460x30cm  row=45
  V1154   : 456x30cm  row=46
  V119    : 419x30cm  row=46
  V1137   : 367x30cm  row=47
  V1151   : 332x30cm  row=47
  V1157   : 301x30cm  row=47
  V1158   : 301x30cm  row=48
  V1155   : 212x30cm  row=48
  [ADAPTIVE] +8 sentinel(s): ['Demarcação 1', 'Demarcação 2', 'HACHURA MADEIRAS', 'REAPROVEITAMENTO', 'SARRAFO DE PRESSAO', 'SARR_EDITAR']...+2

DXF: D:\Agente-cad-PYSIDE\DADOS-OBRAS\Obra_TREINO_13\Fase-6_Execucao_CAD\FV_stog_quality.dxf
Preview: D:\Agente-cad-PYSIDE\DADOS-OBRAS\Obra_TREINO_13\Fase-6_Execucao_CAD\FV_stog_quality.png
        -> OK (25.1s)
  [RUN] gerar_lj_dxf_stog.py ...
Processando 38 lajes -> LJ_stog_quality.dxf  (mode=planta)
  [ 1] L1101: 731x731cm  pos=(0,0)  panels=9
  [ 2] L1102: 731x244cm  pos=(0,0)  panels=9
  [ 3] L1103: 731x731cm  pos=(0,0)  panels=9
  [ 4] L1104: 731x731cm  pos=(0,0)  panels=9
  [ 5] L1105: 731x731cm  pos=(0,0)  panels=9
  [ 6] L1106: 731x731cm  pos=(0,0)  panels=9
  [ 7] L1107: 731x312cm  pos=(0,0)  panels=9
  [ 8] L1109: 731x731cm  pos=(0,0)  panels=9
  [ 9] L1111: 731x731cm  pos=(0,0)  panels=9
  [10] L1112: 731x244cm  pos=(0,0)  panels=9
  [11] L1113: 731x731cm  pos=(0,0)  panels=9
  [12] L1114: 731x731cm  pos=(0,0)  panels=9
  [13] L1115: 731x312cm  pos=(0,0)  panels=9
  [14] L1119: 731x450cm  pos=(0,0)  panels=9
  [15] L1120: 731x731cm  pos=(0,0)  panels=9
  [16] L1121: 731x731cm  pos=(0,0)  panels=9
  [17] L1122: 731x731cm  pos=(0,0)  panels=9
  [18] L1125: 731x731cm  pos=(0,0)  panels=9
  [19] L1126: 731x731cm  pos=(0,0)  panels=9
  [20] L1127: 731x731cm  pos=(0,0)  panels=9
  [21] L1128: 731x731cm  pos=(0,0)  panels=9
  [22] L1129: 731x731cm  pos=(0,0)  panels=9
  [23] L1130: 244x244cm  pos=(0,0)  panels=4
  [24] L1131: 731x731cm  pos=(0,0)  panels=9
  [25] L1132: 450x244cm  pos=(0,0)  panels=6
  [26] L1133: 731x731cm  pos=(0,0)  panels=9
  [27] L1134: 731x731cm  pos=(0,0)  panels=9
  [28] L1135: 731x450cm  pos=(0,0)  panels=9
  [29] L1136: 312x292cm  pos=(0,0)  panels=5
  [30] L1137: 731x731cm  pos=(0,0)  panels=9
  [31] L1138: 731x731cm  pos=(0,0)  panels=9
  [32] L1142: 450x244cm  pos=(0,0)  panels=6
  [33] L1143: 450x244cm  pos=(0,0)  panels=6
  [34] L1144: 450x312cm  pos=(0,0)  panels=6
  [35] L1148: 450x244cm  pos=(0,0)  panels=6
  [36] L1149: 450x312cm  pos=(0,0)  panels=6
  [37] L1150: 731x731cm  pos=(0,0)  panels=9
  [38] L1151: 731x731cm  pos=(0,0)  panels=9
  Pilars drawn: 13
  [ADAPTIVE] +24 sentinel(s): ['CARIMBO', 'F-AUX-RED', 'F-CORTE', 'F-CORTE-INDICAÇÃO', 'F-COTAS', 'F-COTAS-FUROS VIGA']...+18
  [REMAP] {'3': 'SARR_2.2x7', '4': 'COTA', 'AUX00': 'COTA', '1': 'Hachura'}
  [PRUNE] 2900 entidades removidas (layers fora do STOG LJ)

DXF (planta): D:\Agente-cad-PYSIDE\DADOS-OBRAS\Obra_TREINO_13\Fase-6_Execucao_CAD\LJ_stog_quality.dxf
Total panels: 315

=== Entity Summary (2411 total) ===
  COTA                         870
  SARR_2.2x7                   849
  Painéis                      630
  Hachura                       38
  0                              1
  CARIMBO                        1
  F-AUX-RED                      1
  F-CORTE                        1
  F-CORTE-INDICAÇÃO              1
  F-COTAS                        1
  F-COTAS-FUROS VIGA             1
  F-DESNIVEL-1                   1
  F-DESNIVEL-2                   1
  F-DESNIVEL-3                   1
  F-LAJES                        1
  F-LAJES-DIM                    1
  F-LAJES-NOME                   1
  F-PILARES-DIM                  1
  F-PILARES-HACH                 1
  F-PILARES-NOME                 1
  F-PILARES-S                    1
  F-SOLIDO-CORTE                 1
  F-VIGAS                        1
  F-VIGAS-DIM                    1
  F-VIGAS-NOME                   1
  F-VÃO                          1
  FOLHA                          1
  contorno de painel             1

=== Types ===
  TEXT                    882
  LINE                    546
  DIMENSION               353
  LWPOLYLINE              315
  MTEXT                   277
  HATCH                    38
        -> OK (2.5s)

[FASE 5b] Comparação DXF Individual vs STOG
  [RUN] comparar_dxf.py ...

=== COMPARADOR DXF vs. GROUND TRUTH (tol=5.0%) ===

--- PILARES ---
  Match rate: 100.0% (29/29)
  Erro médio: 0.0%

--- VIGAS ---
  Match rate: 100.0% (61/61)
  Erro médio: 0.0%

--- LAJES ---
  Match rate: 100.0% (38/38)
  Erro médio: 0.0%

=== SCORE GERAL: 100.0% (PASS | meta: 75.0%) ===
  Pilares: 100.0% | Vigas: 100.0% | Lajes: 100.0%

  Relatorio: D:\Agente-cad-PYSIDE\DADOS-OBRAS\Obra_TREINO_13\Fase-5_Geracao_Scripts\_relatorio_comparacao.json
        -> OK (4.2s)

[FASE 6] Extração de Âncoras (coords absolutas)
  [RUN] extrair_ancoras_dxf.py ...
[INFO] === extrair_ancoras_dxf.py | Obra_TREINO_13 | 1PV ===
[INFO] PL DXF: SKR - LEAF - 1PV - PL - R00_R2018_ASCII_ODA.dxf
[INFO] Pilares: 30 ancoras extraidas do PL DXF
[INFO] Salvo: D:\Agente-cad-PYSIDE\DADOS-OBRAS\Obra_TREINO_13\Fase-3_Interpretacao_Extracao\ancoras_pilares.json (30 pilares)
[INFO] LV DXF: SKR - LEAF - 1PV  - LV - R00_R2018_ASCII_ODA.dxf
[INFO] Vigas: 51 ancoras extraidas do LV DXF
[INFO] Salvo: D:\Agente-cad-PYSIDE\DADOS-OBRAS\Obra_TREINO_13\Fase-3_Interpretacao_Extracao\ancoras_vigas.json (51 vigas)
[INFO] LJ DXF: SKR - LEAF - 1PV - LJ - R00_R2018_ASCII_ODA.dxf
[INFO] Lajes: 39 ancoras extraidas do LJ DXF
[INFO] Salvo: D:\Agente-cad-PYSIDE\DADOS-OBRAS\Obra_TREINO_13\Fase-3_Interpretacao_Extracao\ancoras_lajes.json (39 lajes)

[RESULTADO]
  Pilares: 30 ancoras
  Vigas:   51 ancoras
  Lajes:   39 ancoras

  STATUS: OK (cobertura suficiente)
        -> OK (1.3s)

[FASE 7] Consolidação DXF Coletivo
  [SKIP] DXFs coletivos já existem

[FASE 8] Validação DXF Coletivo
  [RUN] validar_dxf_coletivo.py ...
[INFO] === validar_dxf_coletivo.py | Obra_TREINO_13 | 1PV ===

  [PILARES]
    GT: 29 | Gerado: 29 | Corretos: 29
    id_match: 100.0% | hallucination: 0.0%
    SCORE: 100.0% — APROVADO

  [VIGAS]
    GT: 61 | Gerado: 61 | Corretos: 61
    id_match: 100.0% | hallucination: 0.0%
    SCORE: 100.0% — APROVADO

  [LAJES]
    GT: 38 | Gerado: 38 | Corretos: 38
    id_match: 100.0% | hallucination: 0.0%
    SCORE: 100.0% — APROVADO

[RESULTADO GLOBAL]
  Score global: 100.0%
  Status: APROVADO (>=90%)

[INFO] Salvo: D:\Agente-cad-PYSIDE\DADOS-OBRAS\Obra_TREINO_13\Fase-6_Execucao_CAD\validation_coletivo.json
        -> OK (1.9s)

[FASE 9] Geração obras_salvas.json (formato robô)
  [SKIP] obras_salvas.json já existe

[FASE 10] Validação Visual Autônoma (NVIDIA NIM)
  [NIM-CACHE] score=75.5 já existe, reutilizando (use --skip-nim para forçar skip)
  [VIS] Score visual: 75.5/100
  [RUN] relatorio_fidelidade.py ...

=================================================================
  RELATÓRIO DE FIDELIDADE — Obra_TREINO_13 / 1PV
=================================================================
  Tipo            Score    Limiar      Status
  --------------------------------------------------
  pilares      80.5/100    >=85.0      ❌ FAIL
  vigas        84.9/100    >=82.0      ✅ PASS
  lajes        98.8/100    >=75.0      ✅ PASS
  --------------------------------------------------
  GLOBAL       86.6/100    >=80.0  ✅ APROVADO

  Fontes auxiliares:
    Coletivo IDs:   100.0%
    Pipeline E2E:    PARCIAL

  ℹ️  Observações:
    • Vigas fundo (FV) abaixo do limiar (69.5/80.0). FV_gerado usa ezdxf simplificado — sarrafos e chanfros incompletos.
    • Score coletivo (IDs): 100.0% ≥ 95% — pipeline de IDs aprovado.

[INFO] Relatório salvo em: D:\Agente-cad-PYSIDE\DADOS-OBRAS\Obra_TREINO_13\Fase-8_Revisao_Entrega\cert_1PV\relatorio_fidelidade.json
        -> OK (0.1s)

============================================================
PIPELINE CONCLUÍDO — PARCIAL
  Score coletivo: 100.0%
  Relatório: D:\Agente-cad-PYSIDE\DADOS-OBRAS\Obra_TREINO_13\Fase-8_Revisao_Entrega\pipeline_report.json
============================================================

  -> PARCIAL (292.7s)

[21/92] Obra_TREINO_13 | 1SI
  Path: D:\Agente-cad-PYSIDE\DADOS-OBRAS\Obra_TREINO_13

============================================================
PIPELINE E2E — Obra_TREINO_13 | 1SI
============================================================

[FASE 1] Descoberta de DXFs
  [SKIP] dxf_discovery.json ja existe e contem Obra_TREINO_13

[FASE 2] Engenharia Reversa (Ground Truth)
  [SKIP] ground truth já existe

[FASE 3] Extração Dimensional
  [SKIP] dados dimensionais ja existem
  [RUN] extrair_secoes_stog_pl.py ...
ERRO: PL DXF nao encontrado em D:\Agente-cad-PYSIDE\DADOS-OBRAS\Obra_TREINO_13\Fase-1_Ingestao\Projetos_Finalizados_para_Engenharia_Reversa
        -> FALHOU (code 1) (0.5s)

[FASE 4] Motor Fase 4 (Transformacao Fase-3 -> Fase-4)
  [SKIP] Fase-4 já processada

[FASE 5] Geração DXF Individual
  [SKIP] DXF_Pilares/ já contém 29 DXFs

[FASE 5b] Comparação DXF Individual vs STOG
  [RUN] comparar_dxf.py ...

=== COMPARADOR DXF vs. GROUND TRUTH (tol=5.0%) ===

--- PILARES ---
  Match rate: 100.0% (29/29)
  Erro médio: 0.0%

--- VIGAS ---
  Match rate: 100.0% (61/61)
  Erro médio: 0.0%

--- LAJES ---
  Match rate: 100.0% (38/38)
  Erro médio: 0.0%

=== SCORE GERAL: 100.0% (PASS | meta: 75.0%) ===
  Pilares: 100.0% | Vigas: 100.0% | Lajes: 100.0%

  Relatorio: D:\Agente-cad-PYSIDE\DADOS-OBRAS\Obra_TREINO_13\Fase-5_Geracao_Scripts\_relatorio_comparacao.json
        -> OK (3.2s)

[FASE 6] Extração de Âncoras (coords absolutas)
  [SKIP] âncoras já existem

[FASE 7] Consolidação DXF Coletivo
  [SKIP] DXFs coletivos já existem

[FASE 8] Validação DXF Coletivo
  [RUN] validar_dxf_coletivo.py ...
[INFO] === validar_dxf_coletivo.py | Obra_TREINO_13 | 1SI ===

  [PILARES]
    GT: 29 | Gerado: 29 | Corretos: 29
    id_match: 100.0% | hallucination: 0.0%
    SCORE: 100.0% — APROVADO

  [VIGAS]
    GT: 61 | Gerado: 61 | Corretos: 61
    id_match: 100.0% | hallucination: 0.0%
    SCORE: 100.0% — APROVADO

  [LAJES]
    GT: 38 | Gerado: 38 | Corretos: 38
    id_match: 100.0% | hallucination: 0.0%
    SCORE: 100.0% — APROVADO

[RESULTADO GLOBAL]
  Score global: 100.0%
  Status: APROVADO (>=90%)

[INFO] Salvo: D:\Agente-cad-PYSIDE\DADOS-OBRAS\Obra_TREINO_13\Fase-6_Execucao_CAD\validation_coletivo.json
        -> OK (1.9s)

[FASE 9] Geração obras_salvas.json (formato robô)
  [SKIP] obras_salvas.json já existe

[FASE 10] Validação Visual Autônoma (NVIDIA NIM)
  [RUN] validar_visual_dxf.py ...
copy process ignored DIMASSOC(#6B7AB) - this may cause problems in AutoCAD
copy process ignored DIMASSOC(#6B7AE) - this may cause problems in AutoCAD
copy process ignored DIMASSOC(#6B7B1) - this may cause problems in AutoCAD
copy process ignored DIMASSOC(#6B7B4) - this may cause problems in AutoCAD
copy process ignored DIMASSOC(#6B7B7) - this may cause problems in AutoCAD
copy process ignored DIMASSOC(#6B7BA) - this may cause problems in AutoCAD
copy process ignored DIMASSOC(#6B7BD) - this may cause problems in AutoCAD
copy process ignored DIMASSOC(#6B7C0) - this may cause problems in AutoCAD
copy process ignored DIMASSOC(#6B80C) - this may cause problems in AutoCAD
copy process ignored DIMASSOC(#6B816) - this may cause problems in AutoCAD
copy process ignored DIMASSOC(#6B81D) - this may cause problems in AutoCAD
copy process ignored DIMASSOC(#6B820) - this may cause problems in AutoCAD
copy process ignored DIMASSOC(#6B833) - this may cause problems in AutoCAD
copy process ignored DIMASSOC(#6B85A) - this may cause problems in AutoCAD
copy process ignored DIMASSOC(#6B85D) - this may cause problems in AutoCAD
copy process ignored DIMASSOC(#6B862) - this may cause problems in AutoCAD
copy process ignored DIMASSOC(#6B865) - this may cause problems in AutoCAD
copy process ignored DIMASSOC(#6B868) - this may cause problems in AutoCAD
copy process ignored DIMASSOC(#6B86F) - this may cause problems in AutoCAD
copy process ignored DIMASSOC(#6B874) - this may cause problems in AutoCAD
copy process ignored DIMASSOC(#6B87E) - this may cause problems in AutoCAD
copy process ignored DIMASSOC(#6B88B) - this may cause problems in AutoCAD
copy process ignored DIMASSOC(#6B894) - this may cause problems in AutoCAD
copy process ignored DIMASSOC(#6B897) - this may cause problems in AutoCAD
copy process ignored DIMASSOC(#6B89A) - this may cause problems in AutoCAD
copy process ignored DIMASSOC(#6B8A6) - this may cause problems in AutoCAD
copy process ignored DIMASSOC(#6B8A9) - this may cause problems in AutoCAD
copy process ignored DIMASSOC(#6B8AC) - this may cause problems in AutoCAD
copy process ignored DIMASSOC(#6B8AF) - this may cause problems in AutoCAD
copy process ignored DIMASSOC(#6B8BE) - this may cause problems in AutoCAD
copy process ignored DIMASSOC(#6B8C1) - this may cause problems in AutoCAD
copy process ignored DIMASSOC(#6B8C7) - this may cause problems in AutoCAD
copy process ignored DIMASSOC(#6B8CB) - this may cause problems in AutoCAD
copy process ignored DIMASSOC(#C681F) - this may cause problems in AutoCAD
copy process ignored DIMASSOC(#C6822) - this may cause problems in AutoCAD
copy process ignored DIMASSOC(#C6825) - this may cause problems in AutoCAD
copy process ignored DIMASSOC(#C6828) - this may cause problems in AutoCAD
copy process ignored DIMASSOC(#C682B) - this may cause problems in AutoCAD
copy process ignored DIMASSOC(#C6844) - this may cause problems in AutoCAD
copy process ignored DIMASSOC(#C687E) - this may cause problems in AutoCAD
copy process ignored DIMASSOC(#C6881) - this may cause problems in AutoCAD
copy process ignored DIMASSOC(#C6884) - this may cause problems in AutoCAD
copy process ignored DIMASSOC(#C6887) - this may cause problems in AutoCAD
copy process ignored DIMASSOC(#C6895) - this may cause problems in AutoCAD
copy process ignored DIMASSOC(#C68CB) - this may cause problems in AutoCAD
copy process ignored DIMASSOC(#C68CE) - this may cause problems in AutoCAD
copy process ignored DIMASSOC(#C68D1) - this may cause problems in AutoCAD
copy process ignored DIMASSOC(#C68E4) - this may cause problems in AutoCAD
copy process ignored DIMASSOC(#C68E7) - this may cause problems in AutoCAD
copy process ignored DIMASSOC(#C68F0) - this may cause problems in AutoCAD
copy process ignored DIMASSOC(#C68F3) - this may cause problems in AutoCAD
copy process ignored DIMASSOC(#C68F6) - this may cause problems in AutoCAD
copy process ignored DIMASSOC(#C68F9) - this may cause problems in AutoCAD
copy process ignored DIMASSOC(#C68FC) - this may cause problems in AutoCAD
copy process ignored DIMASSOC(#5AB2E) - this may cause problems in AutoCAD
copy process ignored DIMASSOC(#5AB31) - this may cause problems in AutoCAD
copy process ignored DIMASSOC(#5AB34) - this may cause problems in AutoCAD
copy process ignored DIMASSOC(#5AB74) - this may cause problems in AutoCAD
copy process ignored DIMASSOC(#5AB77) - this may cause problems in AutoCAD
copy process ignored DIMASSOC(#5AB7A) - this may cause problems in AutoCAD
copy process ignored DIMASSOC(#5ABB2) - this may cause problems in AutoCAD
copy process ignored DIMASSOC(#5ABDF) - this may cause problems in AutoCAD
copy process ignored DIMASSOC(#5ABE2) - this may cause problems in AutoCAD
copy process ignored DIMASSOC(#5ABF0) - this may cause problems in AutoCAD
copy process ignored DIMASSOC(#5ABF3) - this may cause problems in AutoCAD
copy process ignored DIMASSOC(#5ABFC) - this may cause problems in AutoCAD
copy process ignored DIMASSOC(#5ABFF) - this may cause problems in AutoCAD
copy process ignored DIMASSOC(#5AC05) - this may cause problems in AutoCAD
copy process ignored DIMASSOC(#5AC08) - this may cause problems in AutoCAD
copy process ignored DIMASSOC(#5AFCF) - this may cause problems in AutoCAD
copy process ignored DIMASSOC(#5AFF7) - this may cause problems in AutoCAD
copy process ignored DIMASSOC(#5B00F) - this may cause problems in AutoCAD
copy process ignored DIMASSOC(#5B027) - this may cause problems in AutoCAD
copy process ignored DIMASSOC(#5B070) - this may cause problems in AutoCAD
copy process ignored DIMASSOC(#C7F97) - this may cause problems in AutoCAD
copy process ignored DIMASSOC(#C7F9A) - this may cause problems in AutoCAD
copy process ignored DIMASSOC(#C7F9D) - this may cause problems in AutoCAD
copy process ignored DIMASSOC(#C7FA0) - this may cause problems in AutoCAD
copy process ignored DIMASSOC(#C7FA3) - this may cause problems in AutoCAD
copy process ignored DIMASSOC(#C7FA6) - this may cause problems in AutoCAD
copy process ignored DIMASSOC(#C7FEF) - this may cause problems in AutoCAD
copy process ignored DIMASSOC(#C7FF2) - this may cause problems in AutoCAD
copy process ignored DIMASSOC(#C7FF5) - this may cause problems in AutoCAD
copy process ignored DIMASSOC(#C801E) - this may cause problems in AutoCAD
copy process ignored DIMASSOC(#C8029) - this may cause problems in AutoCAD
copy process ignored DIMASSOC(#C802C) - this may cause problems in AutoCAD
copy process ignored DIMASSOC(#C8031) - this may cause problems in AutoCAD
copy process ignored DIMASSOC(#C8034) - this may cause problems in AutoCAD
copy process ignored DIMASSOC(#C8070) - this may cause problems in AutoCAD
copy process ignored DIMASSOC(#C8073) - this may cause problems in AutoCAD
copy process ignored DIMASSOC(#C8076) - this may cause problems in AutoCAD
copy process ignored DIMASSOC(#C808F) - this may cause problems in AutoCAD
copy process ignored DIMASSOC(#C809C) - this may cause problems in AutoCAD
copy process ignored DIMASSOC(#C809F) - this may cause problems in AutoCAD
copy process ignored DIMASSOC(#C80B4) - this may cause problems in AutoCAD
copy process ignored DIMASSOC(#C80B7) - this may cause problems in AutoCAD
copy process ignored DIMASSOC(#C80BA) - this may cause problems in AutoCAD
copy process ignored DIMASSOC(#C80BD) - this may cause problems in AutoCAD
copy process ignored DIMASSOC(#C80C0) - this may cause problems in AutoCAD
copy process ignored DIMASSOC(#C80C3) - this may cause problems in AutoCAD
copy process ignored DIMASSOC(#6B7AB) - this may cause problems in AutoCAD
copy process ignored DIMASSOC(#6B7AE) - this may cause problems in AutoCAD
copy process ignored DIMASSOC(#6B7B1) - this may cause problems in AutoCAD
copy process ignored DIMASSOC(#6B7B4) - this may cause problems in AutoCAD
copy process ignored DIMASSOC(#6B7B7) - this may cause problems in AutoCAD
copy process ignored DIMASSOC(#6B7BA) - this may cause problems in AutoCAD
copy process ignored DIMASSOC(#6B7BD) - this may cause problems in AutoCAD
copy process ignored DIMASSOC(#6B7C0) - this may cause problems in AutoCAD
copy process ignored DIMASSOC(#6B80C) - this may cause problems in AutoCAD
copy process ignored DIMASSOC(#6B816) - this may cause problems in AutoCAD
copy process ignored DIMASSOC(#6B81D) - this may cause problems in AutoCAD
copy process ignored DIMASSOC(#6B820) - this may cause problems in AutoCAD
copy process ignored DIMASSOC(#6B833) - this may cause problems in AutoCAD
copy process ignored DIMASSOC(#6B85A) - this may cause problems in AutoCAD
copy process ignored DIMASSOC(#6B85D) - this may cause problems in AutoCAD
copy process ignored DIMASSOC(#6B862) - this may cause problems in AutoCAD
copy process ignored DIMASSOC(#6B865) - this may cause problems in AutoCAD
copy process ignored DIMASSOC(#6B868) - this may cause problems in AutoCAD
copy process ignored DIMASSOC(#6B86F) - this may cause problems in AutoCAD
copy process ignored DIMASSOC(#6B874) - this may cause problems in AutoCAD
copy process ignored DIMASSOC(#6B87E) - this may cause problems in AutoCAD
copy process ignored DIMASSOC(#6B88B) - this may cause problems in AutoCAD
copy process ignored DIMASSOC(#6B894) - this may cause problems in AutoCAD
copy process ignored DIMASSOC(#6B897) - this may cause problems in AutoCAD
copy process ignored DIMASSOC(#6B89A) - this may cause problems in AutoCAD
copy process ignored DIMASSOC(#6B8A6) - this may cause problems in AutoCAD
copy process ignored DIMASSOC(#6B8A9) - this may cause problems in AutoCAD
copy process ignored DIMASSOC(#6B8AC) - this may cause problems in AutoCAD
copy process ignored DIMASSOC(#6B8AF) - this may cause problems in AutoCAD
copy process ignored DIMASSOC(#6B8BE) - this may cause problems in AutoCAD
copy process ignored DIMASSOC(#6B8C1) - this may cause problems in AutoCAD
copy process ignored DIMASSOC(#6B8C7) - this may cause problems in AutoCAD
copy process ignored DIMASSOC(#6B8CB) - this may cause problems in AutoCAD
copy process ignored DIMASSOC(#6B7AB) - this may cause problems in AutoCAD
copy process ignored DIMASSOC(#6B7AE) - this may cause problems in AutoCAD
copy process ignored DIMASSOC(#6B7B1) - this may cause problems in AutoCAD
copy process ignored DIMASSOC(#6B7B4) - this may cause problems in AutoCAD
copy process ignored DIMASSOC(#6B7B7) - this may cause problems in AutoCAD
copy process ignored DIMASSOC(#6B7BA) - this may cause problems in AutoCAD
copy process ignored DIMASSOC(#6B7BD) - this may cause problems in AutoCAD
copy process ignored DIMASSOC(#6B7C0) - this may cause problems in AutoCAD
copy process ignored DIMASSOC(#6B80C) - this may cause problems in AutoCAD
copy process ignored DIMASSOC(#6B816) - this may cause problems in AutoCAD
copy process ignored DIMASSOC(#6B81D) - this may cause problems in AutoCAD
copy process ignored DIMASSOC(#6B820) - this may cause problems in AutoCAD
copy process ignored DIMASSOC(#6B833) - this may cause problems in AutoCAD
copy process ignored DIMASSOC(#6B85A) - this may cause problems in AutoCAD
copy process ignored DIMASSOC(#6B85D) - this may cause problems in AutoCAD
copy process ignored DIMASSOC(#6B862) - this may cause problems in AutoCAD
copy process ignored DIMASSOC(#6B865) - this may cause problems in AutoCAD
copy process ignored DIMASSOC(#6B868) - this may cause problems in AutoCAD
copy process ignored DIMASSOC(#6B86F) - this may cause problems in AutoCAD
copy process ignored DIMASSOC(#6B874) - this may cause problems in AutoCAD
copy process ignored DIMASSOC(#6B87E) - this may cause problems in AutoCAD
copy process ignored DIMASSOC(#6B88B) - this may cause problems in AutoCAD
copy process ignored DIMASSOC(#6B894) - this may cause problems in AutoCAD
copy process ignored DIMASSOC(#6B897) - this may cause problems in AutoCAD
copy process ignored DIMASSOC(#6B89A) - this may cause problems in AutoCAD
copy process ignored DIMASSOC(#6B8A6) - this may cause problems in AutoCAD
copy process ignored DIMASSOC(#6B8A9) - this may cause problems in AutoCAD
copy process ignored DIMASSOC(#6B8AC) - this may cause problems in AutoCAD
copy process ignored DIMASSOC(#6B8AF) - this may cause problems in AutoCAD
copy process ignored DIMASSOC(#6B8BE) - this may cause problems in AutoCAD
copy process ignored DIMASSOC(#6B8C1) - this may cause problems in AutoCAD
copy process ignored DIMASSOC(#6B8C7) - this may cause problems in AutoCAD
copy process ignored DIMASSOC(#6B8CB) - this may cause problems in AutoCAD
copy process ignored DIMASSOC(#C681F) - this may cause problems in AutoCAD
copy process ignored DIMASSOC(#C6822) - this may cause problems in AutoCAD
copy process ignored DIMASSOC(#C6825) - this may cause problems in AutoCAD
copy process ignored DIMASSOC(#C6828) - this may cause problems in AutoCAD
copy process ignored DIMASSOC(#C682B) - this may cause problems in AutoCAD
copy process ignored DIMASSOC(#C6844) - this may cause problems in AutoCAD
copy process ignored DIMASSOC(#C687E) - this may cause problems in AutoCAD
copy process ignored DIMASSOC(#C6881) - this may cause problems in AutoCAD
copy process ignored DIMASSOC(#C6884) - this may cause problems in AutoCAD
copy process ignored DIMASSOC(#C6887) - this may cause problems in AutoCAD
copy process ignored DIMASSOC(#C6895) - this may cause problems in AutoCAD
copy process ignored DIMASSOC(#C68CB) - this may cause problems in AutoCAD
copy process ignored DIMASSOC(#C68CE) - this may cause problems in AutoCAD
copy process ignored DIMASSOC(#C68D1) - this may cause problems in AutoCAD
copy process ignored DIMASSOC(#C68E4) - this may cause problems in AutoCAD
copy process ignored DIMASSOC(#C68E7) - this may cause problems in AutoCAD
copy process ignored DIMASSOC(#C68F0) - this may cause problems in AutoCAD
copy process ignored DIMASSOC(#C68F3) - this may cause problems in AutoCAD
copy process ignored DIMASSOC(#C68F6) - this may cause problems in AutoCAD
copy process ignored DIMASSOC(#C68F9) - this may cause problems in AutoCAD
copy process ignored DIMASSOC(#C68FC) - this may cause problems in AutoCAD
copy process ignored DIMASSOC(#5AB2E) - this may cause problems in AutoCAD
copy process ignored DIMASSOC(#5AB31) - this may cause problems in AutoCAD
copy process ignored DIMASSOC(#5AB34) - this may cause problems in AutoCAD
copy process ignored DIMASSOC(#5AB74) - this may cause problems in AutoCAD
copy process ignored DIMASSOC(#5AB77) - this may cause problems in AutoCAD
copy process ignored DIMASSOC(#5AB7A) - this may cause problems in AutoCAD
copy process ignored DIMASSOC(#5ABB2) - this may cause problems in AutoCAD
copy process ignored DIMASSOC(#5ABDF) - this may cause problems in AutoCAD
copy process ignored DIMASSOC(#5ABE2) - this may cause problems in AutoCAD
copy process ignored DIMASSOC(#5ABF0) - this may cause problems in AutoCAD
copy process ignored DIMASSOC(#5ABF3) - this may cause problems in AutoCAD
copy process ignored DIMASSOC(#5ABFC) - this may cause problems in AutoCAD
copy process ignored DIMASSOC(#5ABFF) - this may cause problems in AutoCAD
copy process ignored DIMASSOC(#5AC05) - this may cause problems in AutoCAD
copy process ignored DIMASSOC(#5AC08) - this may cause problems in AutoCAD
copy process ignored DIMASSOC(#5AFCF) - this may cause problems in AutoCAD
copy process ignored DIMASSOC(#5AFF7) - this may cause problems in AutoCAD
copy process ignored DIMASSOC(#5B00F) - this may cause problems in AutoCAD
copy process ignored DIMASSOC(#5B027) - this may cause problems in AutoCAD
copy process ignored DIMASSOC(#5B070) - this may cause problems in AutoCAD
copy process ignored DIMASSOC(#C7F97) - this may cause problems in AutoCAD
copy process ignored DIMASSOC(#C7F9A) - this may cause problems in AutoCAD
copy process ignored DIMASSOC(#C7F9D) - this may cause problems in AutoCAD
copy process ignored DIMASSOC(#C7FA0) - this may cause problems in AutoCAD
copy process ignored DIMASSOC(#C7FA3) - this may cause problems in AutoCAD
copy process ignored DIMASSOC(#C7FA6) - this may cause problems in AutoCAD
copy process ignored DIMASSOC(#C7FEF) - this may cause problems in AutoCAD
copy process ignored DIMASSOC(#C7FF2) - this may cause problems in AutoCAD
copy process ignored DIMASSOC(#C7FF5) - this may cause problems in AutoCAD
copy process ignored DIMASSOC(#C801E) - this may cause problems in AutoCAD
copy process ignored DIMASSOC(#C8029) - this may cause problems in AutoCAD
copy process ignored DIMASSOC(#C802C) - this may cause problems in AutoCAD
copy process ignored DIMASSOC(#C8031) - this may cause problems in AutoCAD
copy process ignored DIMASSOC(#C8034) - this may cause problems in AutoCAD
copy process ignored DIMASSOC(#C8070) - this may cause problems in AutoCAD
copy process ignored DIMASSOC(#C8073) - this may cause problems in AutoCAD
copy process ignored DIMASSOC(#C8076) - this may cause problems in AutoCAD
copy process ignored DIMASSOC(#C808F) - this may cause problems in AutoCAD
copy process ignored DIMASSOC(#C809C) - this may cause problems in AutoCAD
copy process ignored DIMASSOC(#C809F) - this may cause problems in AutoCAD
copy process ignored DIMASSOC(#C80B4) - this may cause problems in AutoCAD
copy process ignored DIMASSOC(#C80B7) - this may cause problems in AutoCAD
copy process ignored DIMASSOC(#C80BA) - this may cause problems in AutoCAD
copy process ignored DIMASSOC(#C80BD) - this may cause problems in AutoCAD
copy process ignored DIMASSOC(#C80C0) - this may cause problems in AutoCAD
copy process ignored DIMASSOC(#C80C3) - this may cause problems in AutoCAD
copy process ignored DIMASSOC(#6B7AB) - this may cause problems in AutoCAD
copy process ignored DIMASSOC(#6B7AE) - this may cause problems in AutoCAD
copy process ignored DIMASSOC(#6B7B1) - this may cause problems in AutoCAD
copy process ignored DIMASSOC(#6B7B4) - this may cause problems in AutoCAD
copy process ignored DIMASSOC(#6B7B7) - this may cause problems in AutoCAD
copy process ignored DIMASSOC(#6B7BA) - this may cause problems in AutoCAD
copy process ignored DIMASSOC(#6B7BD) - this may cause problems in AutoCAD
copy process ignored DIMASSOC(#6B7C0) - this may cause problems in AutoCAD
copy process ignored DIMASSOC(#6B80C) - this may cause problems in AutoCAD
copy process ignored DIMASSOC(#6B816) - this may cause problems in AutoCAD
copy process ignored DIMASSOC(#6B81D) - this may cause problems in AutoCAD
copy process ignored DIMASSOC(#6B820) - this may cause problems in AutoCAD
copy process ignored DIMASSOC(#6B833) - this may cause problems in AutoCAD
copy process ignored DIMASSOC(#6B85A) - this may cause problems in AutoCAD
copy process ignored DIMASSOC(#6B85D) - this may cause problems in AutoCAD
copy process ignored DIMASSOC(#6B862) - this may cause problems in AutoCAD
copy process ignored DIMASSOC(#6B865) - this may cause problems in AutoCAD
copy process ignored DIMASSOC(#6B868) - this may cause problems in AutoCAD
copy process ignored DIMASSOC(#6B86F) - this may cause problems in AutoCAD
copy process ignored DIMASSOC(#6B874) - this may cause problems in AutoCAD
copy process ignored DIMASSOC(#6B87E) - this may cause problems in AutoCAD
copy process ignored DIMASSOC(#6B88B) - this may cause problems in AutoCAD
copy process ignored DIMASSOC(#6B894) - this may cause problems in AutoCAD
copy process ignored DIMASSOC(#6B897) - this may cause problems in AutoCAD
copy process ignored DIMASSOC(#6B89A) - this may cause problems in AutoCAD
copy process ignored DIMASSOC(#6B8A6) - this may cause problems in AutoCAD
copy process ignored DIMASSOC(#6B8A9) - this may cause problems in AutoCAD
copy process ignored DIMASSOC(#6B8AC) - this may cause problems in AutoCAD
copy process ignored DIMASSOC(#6B8AF) - this may cause problems in AutoCAD
copy process ignored DIMASSOC(#6B8BE) - this may cause problems in AutoCAD
copy process ignored DIMASSOC(#6B8C1) - this may cause problems in AutoCAD
copy process ignored DIMASSOC(#6B8C7) - this may cause problems in AutoCAD
copy process ignored DIMASSOC(#6B8CB) - this may cause problems in AutoCAD
        -> TIMEOUT (900.3s) — validar_visual_dxf.py excedeu 900s, continuando
  [RUN] relatorio_fidelidade.py ...

=================================================================
  RELATÓRIO DE FIDELIDADE — Obra_TREINO_13 / 1SI
=================================================================
  Tipo            Score    Limiar      Status
  --------------------------------------------------
  pilares      80.5/100    >=85.0      ❌ FAIL
  vigas        84.9/100    >=82.0      ✅ PASS
  lajes        98.8/100    >=75.0      ✅ PASS
  --------------------------------------------------
  GLOBAL       86.6/100    >=80.0  ✅ APROVADO

  Fontes auxiliares:
    Coletivo IDs:   100.0%
    Pipeline E2E:    PARCIAL

  ℹ️  Observações:
    • Vigas fundo (FV) abaixo do limiar (69.5/80.0). FV_gerado usa ezdxf simplificado — sarrafos e chanfros incompletos.
    • Score coletivo (IDs): 100.0% ≥ 95% — pipeline de IDs aprovado.

[INFO] Relatório salvo em: D:\Agente-cad-PYSIDE\DADOS-OBRAS\Obra_TREINO_13\Fase-8_Revisao_Entrega\cert_1SI\relatorio_fidelidade.json
        -> OK (0.7s)

============================================================
PIPELINE CONCLUÍDO — APROVADO
  Score coletivo: 100.0%
  Relatório: D:\Agente-cad-PYSIDE\DADOS-OBRAS\Obra_TREINO_13\Fase-8_Revisao_Entrega\pipeline_report.json
============================================================

  -> APROVADO (906.7s)

[22/92] Obra_TREINO_13 | 1SS
  Path: D:\Agente-cad-PYSIDE\DADOS-OBRAS\Obra_TREINO_13

============================================================
PIPELINE E2E — Obra_TREINO_13 | 1SS
============================================================

[FASE 1] Descoberta de DXFs
  [SKIP] dxf_discovery.json ja existe e contem Obra_TREINO_13

[FASE 2] Engenharia Reversa (Ground Truth)
  [SKIP] ground truth já existe

[FASE 3] Extração Dimensional
  [SKIP] dados dimensionais ja existem
  [RUN] extrair_secoes_stog_pl.py ...
ERRO: PL DXF nao encontrado em D:\Agente-cad-PYSIDE\DADOS-OBRAS\Obra_TREINO_13\Fase-1_Ingestao\Projetos_Finalizados_para_Engenharia_Reversa
        -> FALHOU (code 1) (1.4s)

[FASE 4] Motor Fase 4 (Transformacao Fase-3 -> Fase-4)
  [SKIP] Fase-4 já processada

[FASE 5] Geração DXF Individual
  [SKIP] DXF_Pilares/ já contém 29 DXFs

[FASE 5b] Comparação DXF Individual vs STOG
  [RUN] comparar_dxf.py ...

=== COMPARADOR DXF vs. GROUND TRUTH (tol=5.0%) ===

--- PILARES ---
  Match rate: 100.0% (29/29)
  Erro médio: 0.0%

--- VIGAS ---
  Match rate: 100.0% (61/61)
  Erro médio: 0.0%

--- LAJES ---
  Match rate: 100.0% (38/38)
  Erro médio: 0.0%

=== SCORE GERAL: 100.0% (PASS | meta: 75.0%) ===
  Pilares: 100.0% | Vigas: 100.0% | Lajes: 100.0%

  Relatorio: D:\Agente-cad-PYSIDE\DADOS-OBRAS\Obra_TREINO_13\Fase-5_Geracao_Scripts\_relatorio_comparacao.json
        -> OK (4.4s)

[FASE 6] Extração de Âncoras (coords absolutas)
  [SKIP] âncoras já existem

[FASE 7] Consolidação DXF Coletivo
  [SKIP] DXFs coletivos já existem

[FASE 8] Validação DXF Coletivo
  [RUN] validar_dxf_coletivo.py ...
[INFO] === validar_dxf_coletivo.py | Obra_TREINO_13 | 1SS ===

  [PILARES]
    GT: 29 | Gerado: 29 | Corretos: 29
    id_match: 100.0% | hallucination: 0.0%
    SCORE: 100.0% — APROVADO

  [VIGAS]
    GT: 61 | Gerado: 61 | Corretos: 61
    id_match: 100.0% | hallucination: 0.0%
    SCORE: 100.0% — APROVADO

  [LAJES]
    GT: 38 | Gerado: 38 | Corretos: 38
    id_match: 100.0% | hallucination: 0.0%
    SCORE: 100.0% — APROVADO

[RESULTADO GLOBAL]
  Score global: 100.0%
  Status: APROVADO (>=90%)

[INFO] Salvo: D:\Agente-cad-PYSIDE\DADOS-OBRAS\Obra_TREINO_13\Fase-6_Execucao_CAD\validation_coletivo.json
        -> OK (2.0s)

[FASE 9] Geração obras_salvas.json (formato robô)
  [SKIP] obras_salvas.json já existe

[FASE 10] Validação Visual Autônoma (NVIDIA NIM)
  [RUN] validar_visual_dxf.py ...
copy process ignored DIMASSOC(#6B7AB) - this may cause problems in AutoCAD
copy process ignored DIMASSOC(#6B7AE) - this may cause problems in AutoCAD
copy process ignored DIMASSOC(#6B7B1) - this may cause problems in AutoCAD
copy process ignored DIMASSOC(#6B7B4) - this may cause problems in AutoCAD
copy process ignored DIMASSOC(#6B7B7) - this may cause problems in AutoCAD
copy process ignored DIMASSOC(#6B7BA) - this may cause problems in AutoCAD
copy process ignored DIMASSOC(#6B7BD) - this may cause problems in AutoCAD
copy process ignored DIMASSOC(#6B7C0) - this may cause problems in AutoCAD
copy process ignored DIMASSOC(#6B80C) - this may cause problems in AutoCAD
copy process ignored DIMASSOC(#6B816) - this may cause problems in AutoCAD
copy process ignored DIMASSOC(#6B81D) - this may cause problems in AutoCAD
copy process ignored DIMASSOC(#6B820) - this may cause problems in AutoCAD
copy process ignored DIMASSOC(#6B833) - this may cause problems in AutoCAD
copy process ignored DIMASSOC(#6B85A) - this may cause problems in AutoCAD
copy process ignored DIMASSOC(#6B85D) - this may cause problems in AutoCAD
copy process ignored DIMASSOC(#6B862) - this may cause problems in AutoCAD
copy process ignored DIMASSOC(#6B865) - this may cause problems in AutoCAD
copy process ignored DIMASSOC(#6B868) - this may cause problems in AutoCAD
copy process ignored DIMASSOC(#6B86F) - this may cause problems in AutoCAD
copy process ignored DIMASSOC(#6B874) - this may cause problems in AutoCAD
copy process ignored DIMASSOC(#6B87E) - this may cause problems in AutoCAD
copy process ignored DIMASSOC(#6B88B) - this may cause problems in AutoCAD
copy process ignored DIMASSOC(#6B894) - this may cause problems in AutoCAD
copy process ignored DIMASSOC(#6B897) - this may cause problems in AutoCAD
copy process ignored DIMASSOC(#6B89A) - this may cause problems in AutoCAD
copy process ignored DIMASSOC(#6B8A6) - this may cause problems in AutoCAD
copy process ignored DIMASSOC(#6B8A9) - this may cause problems in AutoCAD
copy process ignored DIMASSOC(#6B8AC) - this may cause problems in AutoCAD
copy process ignored DIMASSOC(#6B8AF) - this may cause problems in AutoCAD
copy process ignored DIMASSOC(#6B8BE) - this may cause problems in AutoCAD
copy process ignored DIMASSOC(#6B8C1) - this may cause problems in AutoCAD
copy process ignored DIMASSOC(#6B8C7) - this may cause problems in AutoCAD
copy process ignored DIMASSOC(#6B8CB) - this may cause problems in AutoCAD
copy process ignored DIMASSOC(#C681F) - this may cause problems in AutoCAD
copy process ignored DIMASSOC(#C6822) - this may cause problems in AutoCAD
copy process ignored DIMASSOC(#C6825) - this may cause problems in AutoCAD
copy process ignored DIMASSOC(#C6828) - this may cause problems in AutoCAD
copy process ignored DIMASSOC(#C682B) - this may cause problems in AutoCAD
copy process ignored DIMASSOC(#C6844) - this may cause problems in AutoCAD
copy process ignored DIMASSOC(#C687E) - this may cause problems in AutoCAD
copy process ignored DIMASSOC(#C6881) - this may cause problems in AutoCAD
copy process ignored DIMASSOC(#C6884) - this may cause problems in AutoCAD
copy process ignored DIMASSOC(#C6887) - this may cause problems in AutoCAD
copy process ignored DIMASSOC(#C6895) - this may cause problems in AutoCAD
copy process ignored DIMASSOC(#C68CB) - this may cause problems in AutoCAD
copy process ignored DIMASSOC(#C68CE) - this may cause problems in AutoCAD
copy process ignored DIMASSOC(#C68D1) - this may cause problems in AutoCAD
copy process ignored DIMASSOC(#C68E4) - this may cause problems in AutoCAD
copy process ignored DIMASSOC(#C68E7) - this may cause problems in AutoCAD
copy process ignored DIMASSOC(#C68F0) - this may cause problems in AutoCAD
copy process ignored DIMASSOC(#C68F3) - this may cause problems in AutoCAD
copy process ignored DIMASSOC(#C68F6) - this may cause problems in AutoCAD
copy process ignored DIMASSOC(#C68F9) - this may cause problems in AutoCAD
copy process ignored DIMASSOC(#C68FC) - this may cause problems in AutoCAD
copy process ignored DIMASSOC(#5AB2E) - this may cause problems in AutoCAD
copy process ignored DIMASSOC(#5AB31) - this may cause problems in AutoCAD
copy process ignored DIMASSOC(#5AB34) - this may cause problems in AutoCAD
copy process ignored DIMASSOC(#5AB74) - this may cause problems in AutoCAD
copy process ignored DIMASSOC(#5AB77) - this may cause problems in AutoCAD
copy process ignored DIMASSOC(#5AB7A) - this may cause problems in AutoCAD
copy process ignored DIMASSOC(#5ABB2) - this may cause problems in AutoCAD
copy process ignored DIMASSOC(#5ABDF) - this may cause problems in AutoCAD
copy process ignored DIMASSOC(#5ABE2) - this may cause problems in AutoCAD
copy process ignored DIMASSOC(#5ABF0) - this may cause problems in AutoCAD
copy process ignored DIMASSOC(#5ABF3) - this may cause problems in AutoCAD
copy process ignored DIMASSOC(#5ABFC) - this may cause problems in AutoCAD
copy process ignored DIMASSOC(#5ABFF) - this may cause problems in AutoCAD
copy process ignored DIMASSOC(#5AC05) - this may cause problems in AutoCAD
copy process ignored DIMASSOC(#5AC08) - this may cause problems in AutoCAD
copy process ignored DIMASSOC(#5AFCF) - this may cause problems in AutoCAD
copy process ignored DIMASSOC(#5AFF7) - this may cause problems in AutoCAD
copy process ignored DIMASSOC(#5B00F) - this may cause problems in AutoCAD
copy process ignored DIMASSOC(#5B027) - this may cause problems in AutoCAD
copy process ignored DIMASSOC(#5B070) - this may cause problems in AutoCAD
copy process ignored DIMASSOC(#C7F97) - this may cause problems in AutoCAD
copy process ignored DIMASSOC(#C7F9A) - this may cause problems in AutoCAD
copy process ignored DIMASSOC(#C7F9D) - this may cause problems in AutoCAD
copy process ignored DIMASSOC(#C7FA0) - this may cause problems in AutoCAD
copy process ignored DIMASSOC(#C7FA3) - this may cause problems in AutoCAD
copy process ignored DIMASSOC(#C7FA6) - this may cause problems in AutoCAD
copy process ignored DIMASSOC(#C7FEF) - this may cause problems in AutoCAD
copy process ignored DIMASSOC(#C7FF2) - this may cause problems in AutoCAD
copy process ignored DIMASSOC(#C7FF5) - this may cause problems in AutoCAD
copy process ignored DIMASSOC(#C801E) - this may cause problems in AutoCAD
copy process ignored DIMASSOC(#C8029) - this may cause problems in AutoCAD
copy process ignored DIMASSOC(#C802C) - this may cause problems in AutoCAD
copy process ignored DIMASSOC(#C8031) - this may cause problems in AutoCAD
copy process ignored DIMASSOC(#C8034) - this may cause problems in AutoCAD
copy process ignored DIMASSOC(#C8070) - this may cause problems in AutoCAD
copy process ignored DIMASSOC(#C8073) - this may cause problems in AutoCAD
copy process ignored DIMASSOC(#C8076) - this may cause problems in AutoCAD
copy process ignored DIMASSOC(#C808F) - this may cause problems in AutoCAD
copy process ignored DIMASSOC(#C809C) - this may cause problems in AutoCAD
copy process ignored DIMASSOC(#C809F) - this may cause problems in AutoCAD
copy process ignored DIMASSOC(#C80B4) - this may cause problems in AutoCAD
copy process ignored DIMASSOC(#C80B7) - this may cause problems in AutoCAD
copy process ignored DIMASSOC(#C80BA) - this may cause problems in AutoCAD
copy process ignored DIMASSOC(#C80BD) - this may cause problems in AutoCAD
copy process ignored DIMASSOC(#C80C0) - this may cause problems in AutoCAD
copy process ignored DIMASSOC(#C80C3) - this may cause problems in AutoCAD
copy process ignored DIMASSOC(#6B7AB) - this may cause problems in AutoCAD
copy process ignored DIMASSOC(#6B7AE) - this may cause problems in AutoCAD
copy process ignored DIMASSOC(#6B7B1) - this may cause problems in AutoCAD
copy process ignored DIMASSOC(#6B7B4) - this may cause problems in AutoCAD
copy process ignored DIMASSOC(#6B7B7) - this may cause problems in AutoCAD
copy process ignored DIMASSOC(#6B7BA) - this may cause problems in AutoCAD
copy process ignored DIMASSOC(#6B7BD) - this may cause problems in AutoCAD
copy process ignored DIMASSOC(#6B7C0) - this may cause problems in AutoCAD
copy process ignored DIMASSOC(#6B80C) - this may cause problems in AutoCAD
copy process ignored DIMASSOC(#6B816) - this may cause problems in AutoCAD
copy process ignored DIMASSOC(#6B81D) - this may cause problems in AutoCAD
copy process ignored DIMASSOC(#6B820) - this may cause problems in AutoCAD
copy process ignored DIMASSOC(#6B833) - this may cause problems in AutoCAD
copy process ignored DIMASSOC(#6B85A) - this may cause problems in AutoCAD
copy process ignored DIMASSOC(#6B85D) - this may cause problems in AutoCAD
copy process ignored DIMASSOC(#6B862) - this may cause problems in AutoCAD
copy process ignored DIMASSOC(#6B865) - this may cause problems in AutoCAD
copy process ignored DIMASSOC(#6B868) - this may cause problems in AutoCAD
copy process ignored DIMASSOC(#6B86F) - this may cause problems in AutoCAD
copy process ignored DIMASSOC(#6B874) - this may cause problems in AutoCAD
copy process ignored DIMASSOC(#6B87E) - this may cause problems in AutoCAD
copy process ignored DIMASSOC(#6B88B) - this may cause problems in AutoCAD
copy process ignored DIMASSOC(#6B894) - this may cause problems in AutoCAD
copy process ignored DIMASSOC(#6B897) - this may cause problems in AutoCAD
copy process ignored DIMASSOC(#6B89A) - this may cause problems in AutoCAD
copy process ignored DIMASSOC(#6B8A6) - this may cause problems in AutoCAD
copy process ignored DIMASSOC(#6B8A9) - this may cause problems in AutoCAD
copy process ignored DIMASSOC(#6B8AC) - this may cause problems in AutoCAD
copy process ignored DIMASSOC(#6B8AF) - this may cause problems in AutoCAD
copy process ignored DIMASSOC(#6B8BE) - this may cause problems in AutoCAD
copy process ignored DIMASSOC(#6B8C1) - this may cause problems in AutoCAD
copy process ignored DIMASSOC(#6B8C7) - this may cause problems in AutoCAD
copy process ignored DIMASSOC(#6B8CB) - this may cause problems in AutoCAD
copy process ignored DIMASSOC(#6B7AB) - this may cause problems in AutoCAD
copy process ignored DIMASSOC(#6B7AE) - this may cause problems in AutoCAD
copy process ignored DIMASSOC(#6B7B1) - this may cause problems in AutoCAD
copy process ignored DIMASSOC(#6B7B4) - this may cause problems in AutoCAD
copy process ignored DIMASSOC(#6B7B7) - this may cause problems in AutoCAD
copy process ignored DIMASSOC(#6B7BA) - this may cause problems in AutoCAD
copy process ignored DIMASSOC(#6B7BD) - this may cause problems in AutoCAD
copy process ignored DIMASSOC(#6B7C0) - this may cause problems in AutoCAD
copy process ignored DIMASSOC(#6B80C) - this may cause problems in AutoCAD
copy process ignored DIMASSOC(#6B816) - this may cause problems in AutoCAD
copy process ignored DIMASSOC(#6B81D) - this may cause problems in AutoCAD
copy process ignored DIMASSOC(#6B820) - this may cause problems in AutoCAD
copy process ignored DIMASSOC(#6B833) - this may cause problems in AutoCAD
copy process ignored DIMASSOC(#6B85A) - this may cause problems in AutoCAD
copy process ignored DIMASSOC(#6B85D) - this may cause problems in AutoCAD
copy process ignored DIMASSOC(#6B862) - this may cause problems in AutoCAD
copy process ignored DIMASSOC(#6B865) - this may cause problems in AutoCAD
copy process ignored DIMASSOC(#6B868) - this may cause problems in AutoCAD
copy process ignored DIMASSOC(#6B86F) - this may cause problems in AutoCAD
copy process ignored DIMASSOC(#6B874) - this may cause problems in AutoCAD
copy process ignored DIMASSOC(#6B87E) - this may cause problems in AutoCAD
copy process ignored DIMASSOC(#6B88B) - this may cause problems in AutoCAD
copy process ignored DIMASSOC(#6B894) - this may cause problems in AutoCAD
copy process ignored DIMASSOC(#6B897) - this may cause problems in AutoCAD
copy process ignored DIMASSOC(#6B89A) - this may cause problems in AutoCAD
copy process ignored DIMASSOC(#6B8A6) - this may cause problems in AutoCAD
copy process ignored DIMASSOC(#6B8A9) - this may cause problems in AutoCAD
copy process ignored DIMASSOC(#6B8AC) - this may cause problems in AutoCAD
copy process ignored DIMASSOC(#6B8AF) - this may cause problems in AutoCAD
copy process ignored DIMASSOC(#6B8BE) - this may cause problems in AutoCAD
copy process ignored DIMASSOC(#6B8C1) - this may cause problems in AutoCAD
copy process ignored DIMASSOC(#6B8C7) - this may cause problems in AutoCAD
copy process ignored DIMASSOC(#6B8CB) - this may cause problems in AutoCAD
copy process ignored DIMASSOC(#C681F) - this may cause problems in AutoCAD
copy process ignored DIMASSOC(#C6822) - this may cause problems in AutoCAD
copy process ignored DIMASSOC(#C6825) - this may cause problems in AutoCAD
copy process ignored DIMASSOC(#C6828) - this may cause problems in AutoCAD
copy process ignored DIMASSOC(#C682B) - this may cause problems in AutoCAD
copy process ignored DIMASSOC(#C6844) - this may cause problems in AutoCAD
copy process ignored DIMASSOC(#C687E) - this may cause problems in AutoCAD
copy process ignored DIMASSOC(#C6881) - this may cause problems in AutoCAD
copy process ignored DIMASSOC(#C6884) - this may cause problems in AutoCAD
copy process ignored DIMASSOC(#C6887) - this may cause problems in AutoCAD
copy process ignored DIMASSOC(#C6895) - this may cause problems in AutoCAD
copy process ignored DIMASSOC(#C68CB) - this may cause problems in AutoCAD
copy process ignored DIMASSOC(#C68CE) - this may cause problems in AutoCAD
copy process ignored DIMASSOC(#C68D1) - this may cause problems in AutoCAD
copy process ignored DIMASSOC(#C68E4) - this may cause problems in AutoCAD
copy process ignored DIMASSOC(#C68E7) - this may cause problems in AutoCAD
copy process ignored DIMASSOC(#C68F0) - this may cause problems in AutoCAD
copy process ignored DIMASSOC(#C68F3) - this may cause problems in AutoCAD
copy process ignored DIMASSOC(#C68F6) - this may cause problems in AutoCAD
copy process ignored DIMASSOC(#C68F9) - this may cause problems in AutoCAD
copy process ignored DIMASSOC(#C68FC) - this may cause problems in AutoCAD
copy process ignored DIMASSOC(#5AB2E) - this may cause problems in AutoCAD
copy process ignored DIMASSOC(#5AB31) - this may cause problems in AutoCAD
copy process ignored DIMASSOC(#5AB34) - this may cause problems in AutoCAD
copy process ignored DIMASSOC(#5AB74) - this may cause problems in AutoCAD
copy process ignored DIMASSOC(#5AB77) - this may cause problems in AutoCAD
copy process ignored DIMASSOC(#5AB7A) - this may cause problems in AutoCAD
copy process ignored DIMASSOC(#5ABB2) - this may cause problems in AutoCAD
copy process ignored DIMASSOC(#5ABDF) - this may cause problems in AutoCAD
copy process ignored DIMASSOC(#5ABE2) - this may cause problems in AutoCAD
copy process ignored DIMASSOC(#5ABF0) - this may cause problems in AutoCAD
copy process ignored DIMASSOC(#5ABF3) - this may cause problems in AutoCAD
copy process ignored DIMASSOC(#5ABFC) - this may cause problems in AutoCAD
copy process ignored DIMASSOC(#5ABFF) - this may cause problems in AutoCAD
copy process ignored DIMASSOC(#5AC05) - this may cause problems in AutoCAD
copy process ignored DIMASSOC(#5AC08) - this may cause problems in AutoCAD
copy process ignored DIMASSOC(#5AFCF) - this may cause problems in AutoCAD
copy process ignored DIMASSOC(#5AFF7) - this may cause problems in AutoCAD
copy process ignored DIMASSOC(#5B00F) - this may cause problems in AutoCAD
copy process ignored DIMASSOC(#5B027) - this may cause problems in AutoCAD
copy process ignored DIMASSOC(#5B070) - this may cause problems in AutoCAD
copy process ignored DIMASSOC(#C7F97) - this may cause problems in AutoCAD
copy process ignored DIMASSOC(#C7F9A) - this may cause problems in AutoCAD
copy process ignored DIMASSOC(#C7F9D) - this may cause problems in AutoCAD
copy process ignored DIMASSOC(#C7FA0) - this may cause problems in AutoCAD
copy process ignored DIMASSOC(#C7FA3) - this may cause problems in AutoCAD
copy process ignored DIMASSOC(#C7FA6) - this may cause problems in AutoCAD
copy process ignored DIMASSOC(#C7FEF) - this may cause problems in AutoCAD
copy process ignored DIMASSOC(#C7FF2) - this may cause problems in AutoCAD
copy process ignored DIMASSOC(#C7FF5) - this may cause problems in AutoCAD
copy process ignored DIMASSOC(#C801E) - this may cause problems in AutoCAD
copy process ignored DIMASSOC(#C8029) - this may cause problems in AutoCAD
copy process ignored DIMASSOC(#C802C) - this may cause problems in AutoCAD
copy process ignored DIMASSOC(#C8031) - this may cause problems in AutoCAD
copy process ignored DIMASSOC(#C8034) - this may cause problems in AutoCAD
copy process ignored DIMASSOC(#C8070) - this may cause problems in AutoCAD
copy process ignored DIMASSOC(#C8073) - this may cause problems in AutoCAD
copy process ignored DIMASSOC(#C8076) - this may cause problems in AutoCAD
copy process ignored DIMASSOC(#C808F) - this may cause problems in AutoCAD
copy process ignored DIMASSOC(#C809C) - this may cause problems in AutoCAD
copy process ignored DIMASSOC(#C809F) - this may cause problems in AutoCAD
copy process ignored DIMASSOC(#C80B4) - this may cause problems in AutoCAD
copy process ignored DIMASSOC(#C80B7) - this may cause problems in AutoCAD
copy process ignored DIMASSOC(#C80BA) - this may cause problems in AutoCAD
copy process ignored DIMASSOC(#C80BD) - this may cause problems in AutoCAD
copy process ignored DIMASSOC(#C80C0) - this may cause problems in AutoCAD
copy process ignored DIMASSOC(#C80C3) - this may cause problems in AutoCAD
copy process ignored DIMASSOC(#6B7AB) - this may cause problems in AutoCAD
copy process ignored DIMASSOC(#6B7AE) - this may cause problems in AutoCAD
copy process ignored DIMASSOC(#6B7B1) - this may cause problems in AutoCAD
copy process ignored DIMASSOC(#6B7B4) - this may cause problems in AutoCAD
copy process ignored DIMASSOC(#6B7B7) - this may cause problems in AutoCAD
copy process ignored DIMASSOC(#6B7BA) - this may cause problems in AutoCAD
copy process ignored DIMASSOC(#6B7BD) - this may cause problems in AutoCAD
copy process ignored DIMASSOC(#6B7C0) - this may cause problems in AutoCAD
copy process ignored DIMASSOC(#6B80C) - this may cause problems in AutoCAD
copy process ignored DIMASSOC(#6B816) - this may cause problems in AutoCAD
copy process ignored DIMASSOC(#6B81D) - this may cause problems in AutoCAD
copy process ignored DIMASSOC(#6B820) - this may cause problems in AutoCAD
copy process ignored DIMASSOC(#6B833) - this may cause problems in AutoCAD
copy process ignored DIMASSOC(#6B85A) - this may cause problems in AutoCAD
copy process ignored DIMASSOC(#6B85D) - this may cause problems in AutoCAD
copy process ignored DIMASSOC(#6B862) - this may cause problems in AutoCAD
copy process ignored DIMASSOC(#6B865) - this may cause problems in AutoCAD
copy process ignored DIMASSOC(#6B868) - this may cause problems in AutoCAD
copy process ignored DIMASSOC(#6B86F) - this may cause problems in AutoCAD
copy process ignored DIMASSOC(#6B874) - this may cause problems in AutoCAD
copy process ignored DIMASSOC(#6B87E) - this may cause problems in AutoCAD
copy process ignored DIMASSOC(#6B88B) - this may cause problems in AutoCAD
copy process ignored DIMASSOC(#6B894) - this may cause problems in AutoCAD
copy process ignored DIMASSOC(#6B897) - this may cause problems in AutoCAD
copy process ignored DIMASSOC(#6B89A) - this may cause problems in AutoCAD
copy process ignored DIMASSOC(#6B8A6) - this may cause problems in AutoCAD
copy process ignored DIMASSOC(#6B8A9) - this may cause problems in AutoCAD
copy process ignored DIMASSOC(#6B8AC) - this may cause problems in AutoCAD
copy process ignored DIMASSOC(#6B8AF) - this may cause problems in AutoCAD
copy process ignored DIMASSOC(#6B8BE) - this may cause problems in AutoCAD
copy process ignored DIMASSOC(#6B8C1) - this may cause problems in AutoCAD
copy process ignored DIMASSOC(#6B8C7) - this may cause problems in AutoCAD
copy process ignored DIMASSOC(#6B8CB) - this may cause problems in AutoCAD
[INFO] Carregando discovery de D:\Agente-cad-PYSIDE\DADOS-OBRAS...
[INFO] Provider: NVIDIA NIM | Modelo: meta/llama-3.2-90b-vision-instruct

============================================================
  Obra: Obra_TREINO_13 | Pavimento: 1SS
============================================================

    ERRO render STOG: bad allocation
Traceback (most recent call last):
  File "D:\Agente-cad-PYSIDE\Agente-cad-PYSIDE-Restored-main\scripts\validar_visual_dxf.py", line 1780, in <module>
    main()
    ~~~~^^
  File "D:\Agente-cad-PYSIDE\Agente-cad-PYSIDE-Restored-main\scripts\validar_visual_dxf.py", line 1751, in main
    res = validar_pavimento(
        obra_nome, pav_nome, discovery, data_dir, out_dir,
        client=client, model=args.model, n_tiles=args.tiles,
        tipos=tipos, verbose=verbose, n_runs=args.n_runs,
    )
  File "D:\Agente-cad-PYSIDE\Agente-cad-PYSIDE-Restored-main\scripts\validar_visual_dxf.py", line 1555, in validar_pavimento
    json_path.write_text(
    ~~~~~~~~~~~~~~~~~~~~^
        json.dumps(resultado_pav, indent=2, ensure_ascii=False),
        ^^^^^^^^^^^^^^^^^^^^^^^^^^^^^^^^^^^^^^^^^^^^^^^^^^^^^^^^
        encoding="utf-8"
        ^^^^^^^^^^^^^^^^
    )
    ^
  File "C:\Python314\Lib\pathlib\__init__.py", line 809, in write_text
    with self.open(mode='w', encoding=encoding, errors=errors, newline=newline) as f:
         ~~~~~~~~~^^^^^^^^^^^^^^^^^^^^^^^^^^^^^^^^^^^^^^^^^^^^^^^^^^^^^^^^^^^^^
  File "C:\Python314\Lib\pathlib\__init__.py", line 771, in open
    return io.open(self, mode, buffering, encoding, errors, newline)
           ~~~~~~~^^^^^^^^^^^^^^^^^^^^^^^^^^^^^^^^^^^^^^^^^^^^^^^^^^
MemoryError
        -> FALHOU (code 1) (615.2s)
  [VIS] validation_visual.json inválido ou vazio — ignorando
  [RUN] relatorio_fidelidade.py ...

=================================================================
  RELATÓRIO DE FIDELIDADE — Obra_TREINO_13 / 1SS
=================================================================
  Tipo            Score    Limiar      Status
  --------------------------------------------------
  pilares      80.5/100    >=85.0      ❌ FAIL
  vigas        84.9/100    >=82.0      ✅ PASS
  lajes        98.8/100    >=75.0      ✅ PASS
  --------------------------------------------------
  GLOBAL       86.6/100    >=80.0  ✅ APROVADO

  Fontes auxiliares:
    Coletivo IDs:   100.0%
    Pipeline E2E:    APROVADO

  ℹ️  Observações:
    • Vigas fundo (FV) abaixo do limiar (69.5/80.0). FV_gerado usa ezdxf simplificado — sarrafos e chanfros incompletos.
    • Score coletivo (IDs): 100.0% ≥ 95% — pipeline de IDs aprovado.

[INFO] Relatório salvo em: D:\Agente-cad-PYSIDE\DADOS-OBRAS\Obra_TREINO_13\Fase-8_Revisao_Entrega\cert_1SS\relatorio_fidelidade.json
        -> OK (0.3s)

============================================================
PIPELINE CONCLUÍDO — APROVADO
  Score coletivo: 100.0%
  Relatório: D:\Agente-cad-PYSIDE\DADOS-OBRAS\Obra_TREINO_13\Fase-8_Revisao_Entrega\pipeline_report.json
============================================================

  -> APROVADO (623.4s)

[23/92] Obra_TREINO_13 | 2PV
  Path: D:\Agente-cad-PYSIDE\DADOS-OBRAS\Obra_TREINO_13

============================================================
PIPELINE E2E — Obra_TREINO_13 | 2PV
============================================================

[FASE 1] Descoberta de DXFs
  [SKIP] dxf_discovery.json ja existe e contem Obra_TREINO_13

[FASE 2] Engenharia Reversa (Ground Truth)
  [SKIP] ground truth já existe

[FASE 3] Extração Dimensional
  [SKIP] dados dimensionais ja existem
  [RUN] extrair_secoes_stog_pl.py ...
ERRO: PL DXF nao encontrado em D:\Agente-cad-PYSIDE\DADOS-OBRAS\Obra_TREINO_13\Fase-1_Ingestao\Projetos_Finalizados_para_Engenharia_Reversa
        -> FALHOU (code 1) (0.9s)

[FASE 4] Motor Fase 4 (Transformacao Fase-3 -> Fase-4)
  [SKIP] Fase-4 já processada

[FASE 5] Geração DXF Individual
  [SKIP] DXF_Pilares/ já contém 29 DXFs

[FASE 5b] Comparação DXF Individual vs STOG
  [RUN] comparar_dxf.py ...

=== COMPARADOR DXF vs. GROUND TRUTH (tol=5.0%) ===

--- PILARES ---
  Match rate: 100.0% (29/29)
  Erro médio: 0.0%

--- VIGAS ---
  Match rate: 100.0% (61/61)
  Erro médio: 0.0%

--- LAJES ---
  Match rate: 100.0% (38/38)
  Erro médio: 0.0%

=== SCORE GERAL: 100.0% (PASS | meta: 75.0%) ===
  Pilares: 100.0% | Vigas: 100.0% | Lajes: 100.0%

  Relatorio: D:\Agente-cad-PYSIDE\DADOS-OBRAS\Obra_TREINO_13\Fase-5_Geracao_Scripts\_relatorio_comparacao.json
        -> OK (3.4s)

[FASE 6] Extração de Âncoras (coords absolutas)
  [SKIP] âncoras já existem

[FASE 7] Consolidação DXF Coletivo
  [SKIP] DXFs coletivos já existem

[FASE 8] Validação DXF Coletivo
  [RUN] validar_dxf_coletivo.py ...
[INFO] === validar_dxf_coletivo.py | Obra_TREINO_13 | 2PV ===

  [PILARES]
    GT: 29 | Gerado: 29 | Corretos: 29
    id_match: 100.0% | hallucination: 0.0%
    SCORE: 100.0% — APROVADO

  [VIGAS]
    GT: 61 | Gerado: 61 | Corretos: 61
    id_match: 100.0% | hallucination: 0.0%
    SCORE: 100.0% — APROVADO

  [LAJES]
    GT: 38 | Gerado: 38 | Corretos: 38
    id_match: 100.0% | hallucination: 0.0%
    SCORE: 100.0% — APROVADO

[RESULTADO GLOBAL]
  Score global: 100.0%
  Status: APROVADO (>=90%)

[INFO] Salvo: D:\Agente-cad-PYSIDE\DADOS-OBRAS\Obra_TREINO_13\Fase-6_Execucao_CAD\validation_coletivo.json
        -> OK (2.0s)

[FASE 9] Geração obras_salvas.json (formato robô)
  [SKIP] obras_salvas.json já existe

[FASE 10] Validação Visual Autônoma (NVIDIA NIM)
  [RUN] validar_visual_dxf.py ...
copy process ignored DIMASSOC(#6B7AB) - this may cause problems in AutoCAD
copy process ignored DIMASSOC(#6B7AE) - this may cause problems in AutoCAD
copy process ignored DIMASSOC(#6B7B1) - this may cause problems in AutoCAD
copy process ignored DIMASSOC(#6B7B4) - this may cause problems in AutoCAD
copy process ignored DIMASSOC(#6B7B7) - this may cause problems in AutoCAD
copy process ignored DIMASSOC(#6B7BA) - this may cause problems in AutoCAD
copy process ignored DIMASSOC(#6B7BD) - this may cause problems in AutoCAD
copy process ignored DIMASSOC(#6B7C0) - this may cause problems in AutoCAD
copy process ignored DIMASSOC(#6B80C) - this may cause problems in AutoCAD
copy process ignored DIMASSOC(#6B816) - this may cause problems in AutoCAD
copy process ignored DIMASSOC(#6B81D) - this may cause problems in AutoCAD
copy process ignored DIMASSOC(#6B820) - this may cause problems in AutoCAD
copy process ignored DIMASSOC(#6B833) - this may cause problems in AutoCAD
copy process ignored DIMASSOC(#6B85A) - this may cause problems in AutoCAD
copy process ignored DIMASSOC(#6B85D) - this may cause problems in AutoCAD
copy process ignored DIMASSOC(#6B862) - this may cause problems in AutoCAD
copy process ignored DIMASSOC(#6B865) - this may cause problems in AutoCAD
copy process ignored DIMASSOC(#6B868) - this may cause problems in AutoCAD
copy process ignored DIMASSOC(#6B86F) - this may cause problems in AutoCAD
copy process ignored DIMASSOC(#6B874) - this may cause problems in AutoCAD
copy process ignored DIMASSOC(#6B87E) - this may cause problems in AutoCAD
copy process ignored DIMASSOC(#6B88B) - this may cause problems in AutoCAD
copy process ignored DIMASSOC(#6B894) - this may cause problems in AutoCAD
copy process ignored DIMASSOC(#6B897) - this may cause problems in AutoCAD
copy process ignored DIMASSOC(#6B89A) - this may cause problems in AutoCAD
copy process ignored DIMASSOC(#6B8A6) - this may cause problems in AutoCAD
copy process ignored DIMASSOC(#6B8A9) - this may cause problems in AutoCAD
copy process ignored DIMASSOC(#6B8AC) - this may cause problems in AutoCAD
copy process ignored DIMASSOC(#6B8AF) - this may cause problems in AutoCAD
copy process ignored DIMASSOC(#6B8BE) - this may cause problems in AutoCAD
copy process ignored DIMASSOC(#6B8C1) - this may cause problems in AutoCAD
copy process ignored DIMASSOC(#6B8C7) - this may cause problems in AutoCAD
copy process ignored DIMASSOC(#6B8CB) - this may cause problems in AutoCAD
copy process ignored DIMASSOC(#C681F) - this may cause problems in AutoCAD
copy process ignored DIMASSOC(#C6822) - this may cause problems in AutoCAD
copy process ignored DIMASSOC(#C6825) - this may cause problems in AutoCAD
copy process ignored DIMASSOC(#C6828) - this may cause problems in AutoCAD
copy process ignored DIMASSOC(#C682B) - this may cause problems in AutoCAD
copy process ignored DIMASSOC(#C6844) - this may cause problems in AutoCAD
copy process ignored DIMASSOC(#C687E) - this may cause problems in AutoCAD
copy process ignored DIMASSOC(#C6881) - this may cause problems in AutoCAD
copy process ignored DIMASSOC(#C6884) - this may cause problems in AutoCAD
copy process ignored DIMASSOC(#C6887) - this may cause problems in AutoCAD
copy process ignored DIMASSOC(#C6895) - this may cause problems in AutoCAD
copy process ignored DIMASSOC(#C68CB) - this may cause problems in AutoCAD
copy process ignored DIMASSOC(#C68CE) - this may cause problems in AutoCAD
copy process ignored DIMASSOC(#C68D1) - this may cause problems in AutoCAD
copy process ignored DIMASSOC(#C68E4) - this may cause problems in AutoCAD
copy process ignored DIMASSOC(#C68E7) - this may cause problems in AutoCAD
copy process ignored DIMASSOC(#C68F0) - this may cause problems in AutoCAD
copy process ignored DIMASSOC(#C68F3) - this may cause problems in AutoCAD
copy process ignored DIMASSOC(#C68F6) - this may cause problems in AutoCAD
copy process ignored DIMASSOC(#C68F9) - this may cause problems in AutoCAD
copy process ignored DIMASSOC(#C68FC) - this may cause problems in AutoCAD
copy process ignored DIMASSOC(#5AB2E) - this may cause problems in AutoCAD
copy process ignored DIMASSOC(#5AB31) - this may cause problems in AutoCAD
copy process ignored DIMASSOC(#5AB34) - this may cause problems in AutoCAD
copy process ignored DIMASSOC(#5AB74) - this may cause problems in AutoCAD
copy process ignored DIMASSOC(#5AB77) - this may cause problems in AutoCAD
copy process ignored DIMASSOC(#5AB7A) - this may cause problems in AutoCAD
copy process ignored DIMASSOC(#5ABB2) - this may cause problems in AutoCAD
copy process ignored DIMASSOC(#5ABDF) - this may cause problems in AutoCAD
copy process ignored DIMASSOC(#5ABE2) - this may cause problems in AutoCAD
copy process ignored DIMASSOC(#5ABF0) - this may cause problems in AutoCAD
copy process ignored DIMASSOC(#5ABF3) - this may cause problems in AutoCAD
copy process ignored DIMASSOC(#5ABFC) - this may cause problems in AutoCAD
copy process ignored DIMASSOC(#5ABFF) - this may cause problems in AutoCAD
copy process ignored DIMASSOC(#5AC05) - this may cause problems in AutoCAD
copy process ignored DIMASSOC(#5AC08) - this may cause problems in AutoCAD
copy process ignored DIMASSOC(#5AFCF) - this may cause problems in AutoCAD
copy process ignored DIMASSOC(#5AFF7) - this may cause problems in AutoCAD
copy process ignored DIMASSOC(#5B00F) - this may cause problems in AutoCAD
copy process ignored DIMASSOC(#5B027) - this may cause problems in AutoCAD
copy process ignored DIMASSOC(#5B070) - this may cause problems in AutoCAD
copy process ignored DIMASSOC(#C7F97) - this may cause problems in AutoCAD
copy process ignored DIMASSOC(#C7F9A) - this may cause problems in AutoCAD
copy process ignored DIMASSOC(#C7F9D) - this may cause problems in AutoCAD
copy process ignored DIMASSOC(#C7FA0) - this may cause problems in AutoCAD
copy process ignored DIMASSOC(#C7FA3) - this may cause problems in AutoCAD
copy process ignored DIMASSOC(#C7FA6) - this may cause problems in AutoCAD
copy process ignored DIMASSOC(#C7FEF) - this may cause problems in AutoCAD
copy process ignored DIMASSOC(#C7FF2) - this may cause problems in AutoCAD
copy process ignored DIMASSOC(#C7FF5) - this may cause problems in AutoCAD
copy process ignored DIMASSOC(#C801E) - this may cause problems in AutoCAD
copy process ignored DIMASSOC(#C8029) - this may cause problems in AutoCAD
copy process ignored DIMASSOC(#C802C) - this may cause problems in AutoCAD
copy process ignored DIMASSOC(#C8031) - this may cause problems in AutoCAD
copy process ignored DIMASSOC(#C8034) - this may cause problems in AutoCAD
copy process ignored DIMASSOC(#C8070) - this may cause problems in AutoCAD
copy process ignored DIMASSOC(#C8073) - this may cause problems in AutoCAD
copy process ignored DIMASSOC(#C8076) - this may cause problems in AutoCAD
copy process ignored DIMASSOC(#C808F) - this may cause problems in AutoCAD
copy process ignored DIMASSOC(#C809C) - this may cause problems in AutoCAD
copy process ignored DIMASSOC(#C809F) - this may cause problems in AutoCAD
copy process ignored DIMASSOC(#C80B4) - this may cause problems in AutoCAD
copy process ignored DIMASSOC(#C80B7) - this may cause problems in AutoCAD
copy process ignored DIMASSOC(#C80BA) - this may cause problems in AutoCAD
copy process ignored DIMASSOC(#C80BD) - this may cause problems in AutoCAD
copy process ignored DIMASSOC(#C80C0) - this may cause problems in AutoCAD
copy process ignored DIMASSOC(#C80C3) - this may cause problems in AutoCAD
copy process ignored DIMASSOC(#6B7AB) - this may cause problems in AutoCAD
copy process ignored DIMASSOC(#6B7AE) - this may cause problems in AutoCAD
copy process ignored DIMASSOC(#6B7B1) - this may cause problems in AutoCAD
copy process ignored DIMASSOC(#6B7B4) - this may cause problems in AutoCAD
copy process ignored DIMASSOC(#6B7B7) - this may cause problems in AutoCAD
copy process ignored DIMASSOC(#6B7BA) - this may cause problems in AutoCAD
copy process ignored DIMASSOC(#6B7BD) - this may cause problems in AutoCAD
copy process ignored DIMASSOC(#6B7C0) - this may cause problems in AutoCAD
copy process ignored DIMASSOC(#6B80C) - this may cause problems in AutoCAD
copy process ignored DIMASSOC(#6B816) - this may cause problems in AutoCAD
copy process ignored DIMASSOC(#6B81D) - this may cause problems in AutoCAD
copy process ignored DIMASSOC(#6B820) - this may cause problems in AutoCAD
copy process ignored DIMASSOC(#6B833) - this may cause problems in AutoCAD
copy process ignored DIMASSOC(#6B85A) - this may cause problems in AutoCAD
copy process ignored DIMASSOC(#6B85D) - this may cause problems in AutoCAD
copy process ignored DIMASSOC(#6B862) - this may cause problems in AutoCAD
copy process ignored DIMASSOC(#6B865) - this may cause problems in AutoCAD
copy process ignored DIMASSOC(#6B868) - this may cause problems in AutoCAD
copy process ignored DIMASSOC(#6B86F) - this may cause problems in AutoCAD
copy process ignored DIMASSOC(#6B874) - this may cause problems in AutoCAD
copy process ignored DIMASSOC(#6B87E) - this may cause problems in AutoCAD
copy process ignored DIMASSOC(#6B88B) - this may cause problems in AutoCAD
copy process ignored DIMASSOC(#6B894) - this may cause problems in AutoCAD
copy process ignored DIMASSOC(#6B897) - this may cause problems in AutoCAD
copy process ignored DIMASSOC(#6B89A) - this may cause problems in AutoCAD
copy process ignored DIMASSOC(#6B8A6) - this may cause problems in AutoCAD
copy process ignored DIMASSOC(#6B8A9) - this may cause problems in AutoCAD
copy process ignored DIMASSOC(#6B8AC) - this may cause problems in AutoCAD
copy process ignored DIMASSOC(#6B8AF) - this may cause problems in AutoCAD
copy process ignored DIMASSOC(#6B8BE) - this may cause problems in AutoCAD
copy process ignored DIMASSOC(#6B8C1) - this may cause problems in AutoCAD
copy process ignored DIMASSOC(#6B8C7) - this may cause problems in AutoCAD
copy process ignored DIMASSOC(#6B8CB) - this may cause problems in AutoCAD
copy process ignored DIMASSOC(#6B7AB) - this may cause problems in AutoCAD
copy process ignored DIMASSOC(#6B7AE) - this may cause problems in AutoCAD
copy process ignored DIMASSOC(#6B7B1) - this may cause problems in AutoCAD
copy process ignored DIMASSOC(#6B7B4) - this may cause problems in AutoCAD
copy process ignored DIMASSOC(#6B7B7) - this may cause problems in AutoCAD
copy process ignored DIMASSOC(#6B7BA) - this may cause problems in AutoCAD
copy process ignored DIMASSOC(#6B7BD) - this may cause problems in AutoCAD
copy process ignored DIMASSOC(#6B7C0) - this may cause problems in AutoCAD
copy process ignored DIMASSOC(#6B80C) - this may cause problems in AutoCAD
copy process ignored DIMASSOC(#6B816) - this may cause problems in AutoCAD
copy process ignored DIMASSOC(#6B81D) - this may cause problems in AutoCAD
copy process ignored DIMASSOC(#6B820) - this may cause problems in AutoCAD
copy process ignored DIMASSOC(#6B833) - this may cause problems in AutoCAD
copy process ignored DIMASSOC(#6B85A) - this may cause problems in AutoCAD
copy process ignored DIMASSOC(#6B85D) - this may cause problems in AutoCAD
copy process ignored DIMASSOC(#6B862) - this may cause problems in AutoCAD
copy process ignored DIMASSOC(#6B865) - this may cause problems in AutoCAD
copy process ignored DIMASSOC(#6B868) - this may cause problems in AutoCAD
copy process ignored DIMASSOC(#6B86F) - this may cause problems in AutoCAD
copy process ignored DIMASSOC(#6B874) - this may cause problems in AutoCAD
copy process ignored DIMASSOC(#6B87E) - this may cause problems in AutoCAD
copy process ignored DIMASSOC(#6B88B) - this may cause problems in AutoCAD
copy process ignored DIMASSOC(#6B894) - this may cause problems in AutoCAD
copy process ignored DIMASSOC(#6B897) - this may cause problems in AutoCAD
copy process ignored DIMASSOC(#6B89A) - this may cause problems in AutoCAD
copy process ignored DIMASSOC(#6B8A6) - this may cause problems in AutoCAD
copy process ignored DIMASSOC(#6B8A9) - this may cause problems in AutoCAD
copy process ignored DIMASSOC(#6B8AC) - this may cause problems in AutoCAD
copy process ignored DIMASSOC(#6B8AF) - this may cause problems in AutoCAD
copy process ignored DIMASSOC(#6B8BE) - this may cause problems in AutoCAD
copy process ignored DIMASSOC(#6B8C1) - this may cause problems in AutoCAD
copy process ignored DIMASSOC(#6B8C7) - this may cause problems in AutoCAD
copy process ignored DIMASSOC(#6B8CB) - this may cause problems in AutoCAD
copy process ignored DIMASSOC(#C681F) - this may cause problems in AutoCAD
copy process ignored DIMASSOC(#C6822) - this may cause problems in AutoCAD
copy process ignored DIMASSOC(#C6825) - this may cause problems in AutoCAD
copy process ignored DIMASSOC(#C6828) - this may cause problems in AutoCAD
copy process ignored DIMASSOC(#C682B) - this may cause problems in AutoCAD
copy process ignored DIMASSOC(#C6844) - this may cause problems in AutoCAD
copy process ignored DIMASSOC(#C687E) - this may cause problems in AutoCAD
copy process ignored DIMASSOC(#C6881) - this may cause problems in AutoCAD
copy process ignored DIMASSOC(#C6884) - this may cause problems in AutoCAD
copy process ignored DIMASSOC(#C6887) - this may cause problems in AutoCAD
copy process ignored DIMASSOC(#C6895) - this may cause problems in AutoCAD
copy process ignored DIMASSOC(#C68CB) - this may cause problems in AutoCAD
copy process ignored DIMASSOC(#C68CE) - this may cause problems in AutoCAD
copy process ignored DIMASSOC(#C68D1) - this may cause problems in AutoCAD
copy process ignored DIMASSOC(#C68E4) - this may cause problems in AutoCAD
copy process ignored DIMASSOC(#C68E7) - this may cause problems in AutoCAD
copy process ignored DIMASSOC(#C68F0) - this may cause problems in AutoCAD
copy process ignored DIMASSOC(#C68F3) - this may cause problems in AutoCAD
copy process ignored DIMASSOC(#C68F6) - this may cause problems in AutoCAD
copy process ignored DIMASSOC(#C68F9) - this may cause problems in AutoCAD
copy process ignored DIMASSOC(#C68FC) - this may cause problems in AutoCAD
copy process ignored DIMASSOC(#5AB2E) - this may cause problems in AutoCAD
copy process ignored DIMASSOC(#5AB31) - this may cause problems in AutoCAD
copy process ignored DIMASSOC(#5AB34) - this may cause problems in AutoCAD
copy process ignored DIMASSOC(#5AB74) - this may cause problems in AutoCAD
copy process ignored DIMASSOC(#5AB77) - this may cause problems in AutoCAD
copy process ignored DIMASSOC(#5AB7A) - this may cause problems in AutoCAD
copy process ignored DIMASSOC(#5ABB2) - this may cause problems in AutoCAD
copy process ignored DIMASSOC(#5ABDF) - this may cause problems in AutoCAD
copy process ignored DIMASSOC(#5ABE2) - this may cause problems in AutoCAD
copy process ignored DIMASSOC(#5ABF0) - this may cause problems in AutoCAD
copy process ignored DIMASSOC(#5ABF3) - this may cause problems in AutoCAD
copy process ignored DIMASSOC(#5ABFC) - this may cause problems in AutoCAD
copy process ignored DIMASSOC(#5ABFF) - this may cause problems in AutoCAD
copy process ignored DIMASSOC(#5AC05) - this may cause problems in AutoCAD
copy process ignored DIMASSOC(#5AC08) - this may cause problems in AutoCAD
copy process ignored DIMASSOC(#5AFCF) - this may cause problems in AutoCAD
copy process ignored DIMASSOC(#5AFF7) - this may cause problems in AutoCAD
copy process ignored DIMASSOC(#5B00F) - this may cause problems in AutoCAD
copy process ignored DIMASSOC(#5B027) - this may cause problems in AutoCAD
copy process ignored DIMASSOC(#5B070) - this may cause problems in AutoCAD
copy process ignored DIMASSOC(#C7F97) - this may cause problems in AutoCAD
copy process ignored DIMASSOC(#C7F9A) - this may cause problems in AutoCAD
copy process ignored DIMASSOC(#C7F9D) - this may cause problems in AutoCAD
copy process ignored DIMASSOC(#C7FA0) - this may cause problems in AutoCAD
copy process ignored DIMASSOC(#C7FA3) - this may cause problems in AutoCAD
copy process ignored DIMASSOC(#C7FA6) - this may cause problems in AutoCAD
copy process ignored DIMASSOC(#C7FEF) - this may cause problems in AutoCAD
copy process ignored DIMASSOC(#C7FF2) - this may cause problems in AutoCAD
copy process ignored DIMASSOC(#C7FF5) - this may cause problems in AutoCAD
copy process ignored DIMASSOC(#C801E) - this may cause problems in AutoCAD
copy process ignored DIMASSOC(#C8029) - this may cause problems in AutoCAD
copy process ignored DIMASSOC(#C802C) - this may cause problems in AutoCAD
copy process ignored DIMASSOC(#C8031) - this may cause problems in AutoCAD
copy process ignored DIMASSOC(#C8034) - this may cause problems in AutoCAD
copy process ignored DIMASSOC(#C8070) - this may cause problems in AutoCAD
copy process ignored DIMASSOC(#C8073) - this may cause problems in AutoCAD
copy process ignored DIMASSOC(#C8076) - this may cause problems in AutoCAD
copy process ignored DIMASSOC(#C808F) - this may cause problems in AutoCAD
copy process ignored DIMASSOC(#C809C) - this may cause problems in AutoCAD
copy process ignored DIMASSOC(#C809F) - this may cause problems in AutoCAD
copy process ignored DIMASSOC(#C80B4) - this may cause problems in AutoCAD
copy process ignored DIMASSOC(#C80B7) - this may cause problems in AutoCAD
copy process ignored DIMASSOC(#C80BA) - this may cause problems in AutoCAD
copy process ignored DIMASSOC(#C80BD) - this may cause problems in AutoCAD
copy process ignored DIMASSOC(#C80C0) - this may cause problems in AutoCAD
copy process ignored DIMASSOC(#C80C3) - this may cause problems in AutoCAD
copy process ignored DIMASSOC(#6B7AB) - this may cause problems in AutoCAD
copy process ignored DIMASSOC(#6B7AE) - this may cause problems in AutoCAD
copy process ignored DIMASSOC(#6B7B1) - this may cause problems in AutoCAD
copy process ignored DIMASSOC(#6B7B4) - this may cause problems in AutoCAD
copy process ignored DIMASSOC(#6B7B7) - this may cause problems in AutoCAD
copy process ignored DIMASSOC(#6B7BA) - this may cause problems in AutoCAD
copy process ignored DIMASSOC(#6B7BD) - this may cause problems in AutoCAD
copy process ignored DIMASSOC(#6B7C0) - this may cause problems in AutoCAD
copy process ignored DIMASSOC(#6B80C) - this may cause problems in AutoCAD
copy process ignored DIMASSOC(#6B816) - this may cause problems in AutoCAD
copy process ignored DIMASSOC(#6B81D) - this may cause problems in AutoCAD
copy process ignored DIMASSOC(#6B820) - this may cause problems in AutoCAD
copy process ignored DIMASSOC(#6B833) - this may cause problems in AutoCAD
copy process ignored DIMASSOC(#6B85A) - this may cause problems in AutoCAD
copy process ignored DIMASSOC(#6B85D) - this may cause problems in AutoCAD
copy process ignored DIMASSOC(#6B862) - this may cause problems in AutoCAD
copy process ignored DIMASSOC(#6B865) - this may cause problems in AutoCAD
copy process ignored DIMASSOC(#6B868) - this may cause problems in AutoCAD
copy process ignored DIMASSOC(#6B86F) - this may cause problems in AutoCAD
copy process ignored DIMASSOC(#6B874) - this may cause problems in AutoCAD
copy process ignored DIMASSOC(#6B87E) - this may cause problems in AutoCAD
copy process ignored DIMASSOC(#6B88B) - this may cause problems in AutoCAD
copy process ignored DIMASSOC(#6B894) - this may cause problems in AutoCAD
copy process ignored DIMASSOC(#6B897) - this may cause problems in AutoCAD
copy process ignored DIMASSOC(#6B89A) - this may cause problems in AutoCAD
copy process ignored DIMASSOC(#6B8A6) - this may cause problems in AutoCAD
copy process ignored DIMASSOC(#6B8A9) - this may cause problems in AutoCAD
copy process ignored DIMASSOC(#6B8AC) - this may cause problems in AutoCAD
copy process ignored DIMASSOC(#6B8AF) - this may cause problems in AutoCAD
copy process ignored DIMASSOC(#6B8BE) - this may cause problems in AutoCAD
copy process ignored DIMASSOC(#6B8C1) - this may cause problems in AutoCAD
copy process ignored DIMASSOC(#6B8C7) - this may cause problems in AutoCAD
copy process ignored DIMASSOC(#6B8CB) - this may cause problems in AutoCAD
        -> TIMEOUT (900.2s) — validar_visual_dxf.py excedeu 900s, continuando
  [RUN] relatorio_fidelidade.py ...

=================================================================
  RELATÓRIO DE FIDELIDADE — Obra_TREINO_13 / 2PV
=================================================================
  Tipo            Score    Limiar      Status
  --------------------------------------------------
  pilares      80.5/100    >=85.0      ❌ FAIL
  vigas        84.9/100    >=82.0      ✅ PASS
  lajes        98.8/100    >=75.0      ✅ PASS
  --------------------------------------------------
  GLOBAL       86.6/100    >=80.0  ✅ APROVADO

  Fontes auxiliares:
    Coletivo IDs:   100.0%
    Pipeline E2E:    APROVADO

  ℹ️  Observações:
    • Vigas fundo (FV) abaixo do limiar (69.5/80.0). FV_gerado usa ezdxf simplificado — sarrafos e chanfros incompletos.
    • Score coletivo (IDs): 100.0% ≥ 95% — pipeline de IDs aprovado.

[INFO] Relatório salvo em: D:\Agente-cad-PYSIDE\DADOS-OBRAS\Obra_TREINO_13\Fase-8_Revisao_Entrega\cert_2PV\relatorio_fidelidade.json
        -> OK (0.1s)

============================================================
PIPELINE CONCLUÍDO — APROVADO
  Score coletivo: 100.0%
  Relatório: D:\Agente-cad-PYSIDE\DADOS-OBRAS\Obra_TREINO_13\Fase-8_Revisao_Entrega\pipeline_report.json
============================================================

  -> APROVADO (906.7s)

[24/92] Obra_TREINO_13 | 2SI
  Path: D:\Agente-cad-PYSIDE\DADOS-OBRAS\Obra_TREINO_13

============================================================
PIPELINE E2E — Obra_TREINO_13 | 2SI
============================================================

[FASE 1] Descoberta de DXFs
  [SKIP] dxf_discovery.json ja existe e contem Obra_TREINO_13

[FASE 2] Engenharia Reversa (Ground Truth)
  [SKIP] ground truth já existe

[FASE 3] Extração Dimensional
  [SKIP] dados dimensionais ja existem
  [RUN] extrair_secoes_stog_pl.py ...
ERRO: PL DXF nao encontrado em D:\Agente-cad-PYSIDE\DADOS-OBRAS\Obra_TREINO_13\Fase-1_Ingestao\Projetos_Finalizados_para_Engenharia_Reversa
        -> FALHOU (code 1) (0.6s)

[FASE 4] Motor Fase 4 (Transformacao Fase-3 -> Fase-4)
  [SKIP] Fase-4 já processada

[FASE 5] Geração DXF Individual
  [SKIP] DXF_Pilares/ já contém 29 DXFs

[FASE 5b] Comparação DXF Individual vs STOG
  [RUN] comparar_dxf.py ...

=== COMPARADOR DXF vs. GROUND TRUTH (tol=5.0%) ===

--- PILARES ---
  Match rate: 100.0% (29/29)
  Erro médio: 0.0%

--- VIGAS ---
  Match rate: 100.0% (61/61)
  Erro médio: 0.0%

--- LAJES ---
  Match rate: 100.0% (38/38)
  Erro médio: 0.0%

=== SCORE GERAL: 100.0% (PASS | meta: 75.0%) ===
  Pilares: 100.0% | Vigas: 100.0% | Lajes: 100.0%

  Relatorio: D:\Agente-cad-PYSIDE\DADOS-OBRAS\Obra_TREINO_13\Fase-5_Geracao_Scripts\_relatorio_comparacao.json
        -> OK (3.1s)

[FASE 6] Extração de Âncoras (coords absolutas)
  [SKIP] âncoras já existem

[FASE 7] Consolidação DXF Coletivo
  [SKIP] DXFs coletivos já existem

[FASE 8] Validação DXF Coletivo
  [RUN] validar_dxf_coletivo.py ...
[INFO] === validar_dxf_coletivo.py | Obra_TREINO_13 | 2SI ===

  [PILARES]
    GT: 29 | Gerado: 29 | Corretos: 29
    id_match: 100.0% | hallucination: 0.0%
    SCORE: 100.0% — APROVADO

  [VIGAS]
    GT: 61 | Gerado: 61 | Corretos: 61
    id_match: 100.0% | hallucination: 0.0%
    SCORE: 100.0% — APROVADO

  [LAJES]
    GT: 38 | Gerado: 38 | Corretos: 38
    id_match: 100.0% | hallucination: 0.0%
    SCORE: 100.0% — APROVADO

[RESULTADO GLOBAL]
  Score global: 100.0%
  Status: APROVADO (>=90%)

[INFO] Salvo: D:\Agente-cad-PYSIDE\DADOS-OBRAS\Obra_TREINO_13\Fase-6_Execucao_CAD\validation_coletivo.json
        -> OK (1.8s)

[FASE 9] Geração obras_salvas.json (formato robô)
  [SKIP] obras_salvas.json já existe

[FASE 10] Validação Visual Autônoma (NVIDIA NIM)
  [RUN] validar_visual_dxf.py ...
copy process ignored DIMASSOC(#6B7AB) - this may cause problems in AutoCAD
copy process ignored DIMASSOC(#6B7AE) - this may cause problems in AutoCAD
copy process ignored DIMASSOC(#6B7B1) - this may cause problems in AutoCAD
copy process ignored DIMASSOC(#6B7B4) - this may cause problems in AutoCAD
copy process ignored DIMASSOC(#6B7B7) - this may cause problems in AutoCAD
copy process ignored DIMASSOC(#6B7BA) - this may cause problems in AutoCAD
copy process ignored DIMASSOC(#6B7BD) - this may cause problems in AutoCAD
copy process ignored DIMASSOC(#6B7C0) - this may cause problems in AutoCAD
copy process ignored DIMASSOC(#6B80C) - this may cause problems in AutoCAD
copy process ignored DIMASSOC(#6B816) - this may cause problems in AutoCAD
copy process ignored DIMASSOC(#6B81D) - this may cause problems in AutoCAD
copy process ignored DIMASSOC(#6B820) - this may cause problems in AutoCAD
copy process ignored DIMASSOC(#6B833) - this may cause problems in AutoCAD
copy process ignored DIMASSOC(#6B85A) - this may cause problems in AutoCAD
copy process ignored DIMASSOC(#6B85D) - this may cause problems in AutoCAD
copy process ignored DIMASSOC(#6B862) - this may cause problems in AutoCAD
copy process ignored DIMASSOC(#6B865) - this may cause problems in AutoCAD
copy process ignored DIMASSOC(#6B868) - this may cause problems in AutoCAD
copy process ignored DIMASSOC(#6B86F) - this may cause problems in AutoCAD
copy process ignored DIMASSOC(#6B874) - this may cause problems in AutoCAD
copy process ignored DIMASSOC(#6B87E) - this may cause problems in AutoCAD
copy process ignored DIMASSOC(#6B88B) - this may cause problems in AutoCAD
copy process ignored DIMASSOC(#6B894) - this may cause problems in AutoCAD
copy process ignored DIMASSOC(#6B897) - this may cause problems in AutoCAD
copy process ignored DIMASSOC(#6B89A) - this may cause problems in AutoCAD
copy process ignored DIMASSOC(#6B8A6) - this may cause problems in AutoCAD
copy process ignored DIMASSOC(#6B8A9) - this may cause problems in AutoCAD
copy process ignored DIMASSOC(#6B8AC) - this may cause problems in AutoCAD
copy process ignored DIMASSOC(#6B8AF) - this may cause problems in AutoCAD
copy process ignored DIMASSOC(#6B8BE) - this may cause problems in AutoCAD
copy process ignored DIMASSOC(#6B8C1) - this may cause problems in AutoCAD
copy process ignored DIMASSOC(#6B8C7) - this may cause problems in AutoCAD
copy process ignored DIMASSOC(#6B8CB) - this may cause problems in AutoCAD
copy process ignored DIMASSOC(#56737) - this may cause problems in AutoCAD
copy process ignored DIMASSOC(#5673A) - this may cause problems in AutoCAD
copy process ignored DIMASSOC(#5673D) - this may cause problems in AutoCAD
copy process ignored DIMASSOC(#56740) - this may cause problems in AutoCAD
copy process ignored DIMASSOC(#56743) - this may cause problems in AutoCAD
copy process ignored DIMASSOC(#5675C) - this may cause problems in AutoCAD
copy process ignored DIMASSOC(#56796) - this may cause problems in AutoCAD
copy process ignored DIMASSOC(#56799) - this may cause problems in AutoCAD
copy process ignored DIMASSOC(#5679C) - this may cause problems in AutoCAD
copy process ignored DIMASSOC(#5679F) - this may cause problems in AutoCAD
copy process ignored DIMASSOC(#567AD) - this may cause problems in AutoCAD
copy process ignored DIMASSOC(#567E3) - this may cause problems in AutoCAD
copy process ignored DIMASSOC(#567E6) - this may cause problems in AutoCAD
copy process ignored DIMASSOC(#567E9) - this may cause problems in AutoCAD
copy process ignored DIMASSOC(#567FC) - this may cause problems in AutoCAD
copy process ignored DIMASSOC(#567FF) - this may cause problems in AutoCAD
copy process ignored DIMASSOC(#56808) - this may cause problems in AutoCAD
copy process ignored DIMASSOC(#5680B) - this may cause problems in AutoCAD
copy process ignored DIMASSOC(#5680E) - this may cause problems in AutoCAD
copy process ignored DIMASSOC(#56811) - this may cause problems in AutoCAD
copy process ignored DIMASSOC(#56814) - this may cause problems in AutoCAD
copy process ignored DIMASSOC(#5AB2E) - this may cause problems in AutoCAD
copy process ignored DIMASSOC(#5AB31) - this may cause problems in AutoCAD
copy process ignored DIMASSOC(#5AB34) - this may cause problems in AutoCAD
copy process ignored DIMASSOC(#5AB74) - this may cause problems in AutoCAD
copy process ignored DIMASSOC(#5AB77) - this may cause problems in AutoCAD
copy process ignored DIMASSOC(#5AB7A) - this may cause problems in AutoCAD
copy process ignored DIMASSOC(#5ABB2) - this may cause problems in AutoCAD
copy process ignored DIMASSOC(#5ABDF) - this may cause problems in AutoCAD
copy process ignored DIMASSOC(#5ABE2) - this may cause problems in AutoCAD
copy process ignored DIMASSOC(#5ABF0) - this may cause problems in AutoCAD
copy process ignored DIMASSOC(#5ABF3) - this may cause problems in AutoCAD
copy process ignored DIMASSOC(#5ABFC) - this may cause problems in AutoCAD
copy process ignored DIMASSOC(#5ABFF) - this may cause problems in AutoCAD
copy process ignored DIMASSOC(#5AC05) - this may cause problems in AutoCAD
copy process ignored DIMASSOC(#5AC08) - this may cause problems in AutoCAD
copy process ignored DIMASSOC(#5AFCF) - this may cause problems in AutoCAD
copy process ignored DIMASSOC(#5AFF7) - this may cause problems in AutoCAD
copy process ignored DIMASSOC(#5B00F) - this may cause problems in AutoCAD
copy process ignored DIMASSOC(#5B027) - this may cause problems in AutoCAD
copy process ignored DIMASSOC(#5B070) - this may cause problems in AutoCAD
copy process ignored DIMASSOC(#59B9E) - this may cause problems in AutoCAD
copy process ignored DIMASSOC(#59BA1) - this may cause problems in AutoCAD
copy process ignored DIMASSOC(#59BA4) - this may cause problems in AutoCAD
copy process ignored DIMASSOC(#59BA7) - this may cause problems in AutoCAD
copy process ignored DIMASSOC(#59BAA) - this may cause problems in AutoCAD
copy process ignored DIMASSOC(#59BAD) - this may cause problems in AutoCAD
copy process ignored DIMASSOC(#59BF6) - this may cause problems in AutoCAD
copy process ignored DIMASSOC(#59BF9) - this may cause problems in AutoCAD
copy process ignored DIMASSOC(#59BFC) - this may cause problems in AutoCAD
copy process ignored DIMASSOC(#59C25) - this may cause problems in AutoCAD
copy process ignored DIMASSOC(#59C30) - this may cause problems in AutoCAD
copy process ignored DIMASSOC(#59C33) - this may cause problems in AutoCAD
copy process ignored DIMASSOC(#59C38) - this may cause problems in AutoCAD
copy process ignored DIMASSOC(#59C3B) - this may cause problems in AutoCAD
copy process ignored DIMASSOC(#59C77) - this may cause problems in AutoCAD
copy process ignored DIMASSOC(#59C7A) - this may cause problems in AutoCAD
copy process ignored DIMASSOC(#59C7D) - this may cause problems in AutoCAD
copy process ignored DIMASSOC(#59C96) - this may cause problems in AutoCAD
copy process ignored DIMASSOC(#59CA3) - this may cause problems in AutoCAD
copy process ignored DIMASSOC(#59CA6) - this may cause problems in AutoCAD
copy process ignored DIMASSOC(#59CBB) - this may cause problems in AutoCAD
copy process ignored DIMASSOC(#59CBE) - this may cause problems in AutoCAD
copy process ignored DIMASSOC(#59CC1) - this may cause problems in AutoCAD
copy process ignored DIMASSOC(#59CC4) - this may cause problems in AutoCAD
copy process ignored DIMASSOC(#59CC7) - this may cause problems in AutoCAD
copy process ignored DIMASSOC(#59CCA) - this may cause problems in AutoCAD
copy process ignored DIMASSOC(#6B7AB) - this may cause problems in AutoCAD
copy process ignored DIMASSOC(#6B7AE) - this may cause problems in AutoCAD
copy process ignored DIMASSOC(#6B7B1) - this may cause problems in AutoCAD
copy process ignored DIMASSOC(#6B7B4) - this may cause problems in AutoCAD
copy process ignored DIMASSOC(#6B7B7) - this may cause problems in AutoCAD
copy process ignored DIMASSOC(#6B7BA) - this may cause problems in AutoCAD
copy process ignored DIMASSOC(#6B7BD) - this may cause problems in AutoCAD
copy process ignored DIMASSOC(#6B7C0) - this may cause problems in AutoCAD
copy process ignored DIMASSOC(#6B80C) - this may cause problems in AutoCAD
copy process ignored DIMASSOC(#6B816) - this may cause problems in AutoCAD
copy process ignored DIMASSOC(#6B81D) - this may cause problems in AutoCAD
copy process ignored DIMASSOC(#6B820) - this may cause problems in AutoCAD
copy process ignored DIMASSOC(#6B833) - this may cause problems in AutoCAD
copy process ignored DIMASSOC(#6B85A) - this may cause problems in AutoCAD
copy process ignored DIMASSOC(#6B85D) - this may cause problems in AutoCAD
copy process ignored DIMASSOC(#6B862) - this may cause problems in AutoCAD
copy process ignored DIMASSOC(#6B865) - this may cause problems in AutoCAD
copy process ignored DIMASSOC(#6B868) - this may cause problems in AutoCAD
copy process ignored DIMASSOC(#6B86F) - this may cause problems in AutoCAD
copy process ignored DIMASSOC(#6B874) - this may cause problems in AutoCAD
copy process ignored DIMASSOC(#6B87E) - this may cause problems in AutoCAD
copy process ignored DIMASSOC(#6B88B) - this may cause problems in AutoCAD
copy process ignored DIMASSOC(#6B894) - this may cause problems in AutoCAD
copy process ignored DIMASSOC(#6B897) - this may cause problems in AutoCAD
copy process ignored DIMASSOC(#6B89A) - this may cause problems in AutoCAD
copy process ignored DIMASSOC(#6B8A6) - this may cause problems in AutoCAD
copy process ignored DIMASSOC(#6B8A9) - this may cause problems in AutoCAD
copy process ignored DIMASSOC(#6B8AC) - this may cause problems in AutoCAD
copy process ignored DIMASSOC(#6B8AF) - this may cause problems in AutoCAD
copy process ignored DIMASSOC(#6B8BE) - this may cause problems in AutoCAD
copy process ignored DIMASSOC(#6B8C1) - this may cause problems in AutoCAD
copy process ignored DIMASSOC(#6B8C7) - this may cause problems in AutoCAD
copy process ignored DIMASSOC(#6B8CB) - this may cause problems in AutoCAD
