object address  : 000001C6D5C555A0
object refcount : 3
object type     : 00007FFA6B41AA80
object type name: ValueError
object repr     : ValueError('I/O operation on closed file.')
lost sys.stderr
[PRERENDER] Carregando módulo de render...
[PRERENDER] Iniciando daemon nim_prerender_worker [ts=2026-05-23T04:46:13Z]
[PRERENDER] data_dir=D:\Agente-cad-PYSIDE\DADOS-OBRAS  out_dir=D:\Agente-cad-PYSIDE\validacao_visual
[PRERENDER] Iniciando varredura: 19 obras [ts=2026-05-23T04:46:13Z]
[PRERENDER] Obra_TREINO_1/13PAV/PL → renderizado (67KB) [ts=2026-05-23T04:46:15Z]
[PRERENDER] Obra_TREINO_1/13PAV/LV → renderizado (179KB) [ts=2026-05-23T04:46:46Z]
[PRERENDER] Obra_TREINO_1/13PAV/FV → renderizado (152KB) [ts=2026-05-23T04:46:50Z]
[PRERENDER] Obra_TREINO_1/13PAV/LJ → renderizado (261KB) [ts=2026-05-23T04:46:55Z]
[PRERENDER] Obra_TREINO_1/14PAV/PL → renderizado (67KB) [ts=2026-05-23T04:46:56Z]
[PRERENDER] Obra_TREINO_1/14PAV/LV → renderizado (171KB) [ts=2026-05-23T04:48:34Z]
[PRERENDER] Obra_TREINO_1/14PAV/LJ → renderizado (287KB) [ts=2026-05-23T04:48:50Z]
[PRERENDER] Obra_TREINO_1/1PAV/PL → renderizado (65KB) [ts=2026-05-23T04:48:51Z]
[PRERENDER] Obra_TREINO_1/1PAV/LV → renderizado (50KB) [ts=2026-05-23T04:51:26Z]
[PRERENDER] Obra_TREINO_1/1PAV/FV → renderizado (95KB) [ts=2026-05-23T04:51:35Z]
[PRERENDER] Obra_TREINO_1/1PAV/LJ → renderizado (254KB) [ts=2026-05-23T04:51:52Z]
[PRERENDER] Obra_TREINO_1/2PAV/PL → renderizado (65KB) [ts=2026-05-23T04:51:53Z]
[PRERENDER] Obra_TREINO_1/2PAV/LV → renderizado (162KB) [ts=2026-05-23T04:53:22Z]
[PRERENDER] Obra_TREINO_1/2PAV/FV → renderizado (110KB) [ts=2026-05-23T04:53:32Z]
[PRERENDER] Obra_TREINO_1/2PAV/LJ → renderizado (332KB) [ts=2026-05-23T04:54:00Z]
[PRERENDER] Obra_TREINO_1/PARAISO_-_COBERTURA_-_DECK/PL → renderizado (65KB) [ts=2026-05-23T04:54:01Z]
[PRERENDER] Obra_TREINO_1/PARAISO_-_COBERTURA_-_DECK/LV → renderizado (213KB) [ts=2026-05-23T04:55:40Z]
[PRERENDER] Obra_TREINO_1/PARAISO_-_COBERTURA_-_DECK/LJ → renderizado (237KB) [ts=2026-05-23T04:56:01Z]
[PRERENDER] Obra_TREINO_1/TIPO_-_3_AO_12PAV/PL → renderizado (65KB) [ts=2026-05-23T04:56:02Z]
[PRERENDER] Obra_TREINO_1/TIPO_-_3_AO_12PAV/LV → renderizado (170KB) [ts=2026-05-23T04:56:31Z]
[PRERENDER] Obra_TREINO_1/TIPO_-_3_AO_12PAV/FV → renderizado (86KB) [ts=2026-05-23T04:56:37Z]
[PRERENDER] Obra_TREINO_1/TIPO_-_3_AO_12PAV/LJ → renderizado (232KB) [ts=2026-05-23T04:56:39Z]
[PRERENDER] Obra_TREINO_1/TÉRREO/PL → renderizado (65KB) [ts=2026-05-23T04:56:40Z]
[PRERENDER] Obra_TREINO_1/TÉRREO/LV → renderizado (160KB) [ts=2026-05-23T04:58:39Z]
[PRERENDER] Obra_TREINO_1/TÉRREO/FV → renderizado (77KB) [ts=2026-05-23T04:58:49Z]
[PRERENDER] Obra_TREINO_1/TÉRREO/LJ → renderizado (217KB) [ts=2026-05-23T04:59:03Z]
[PRERENDER] Obra_TREINO_10/1PAV/LV → renderizado (261KB) [ts=2026-05-23T04:59:09Z]
[PRERENDER] Obra_TREINO_10/1PAV/FV → renderizado (111KB) [ts=2026-05-23T04:59:11Z]
[PRERENDER] Obra_TREINO_10/1SS_-_TRECHO_1/PL → renderizado (32KB) [ts=2026-05-23T04:59:12Z]
[PRERENDER] Carregando módulo de render...
[PRERENDER] Iniciando daemon nim_prerender_worker [ts=2026-05-23T05:31:53Z]
[PRERENDER] data_dir=D:\Agente-cad-PYSIDE\DADOS-OBRAS  out_dir=D:\Agente-cad-PYSIDE\validacao_visual
[PRERENDER] Iniciando varredura: 19 obras [ts=2026-05-23T05:31:53Z]
[PRERENDER] Obra_TREINO_1/13PAV/PL → renderizado (63KB) [ts=2026-05-23T05:31:55Z]
[PRERENDER] Obra_TREINO_1/13PAV/LV → renderizado (172KB) [ts=2026-05-23T05:32:24Z]
[PRERENDER] Obra_TREINO_1/13PAV/FV → renderizado (144KB) [ts=2026-05-23T05:32:26Z]
[PRERENDER] Obra_TREINO_1/13PAV/LJ → renderizado (278KB) [ts=2026-05-23T05:32:29Z]
[PRERENDER] Obra_TREINO_1/14PAV/PL → renderizado (63KB) [ts=2026-05-23T05:32:30Z]
[PRERENDER] Obra_TREINO_1/14PAV/LV → renderizado (165KB) [ts=2026-05-23T05:32:58Z]
[PRERENDER] Obra_TREINO_1/14PAV/LJ → renderizado (296KB) [ts=2026-05-23T05:33:01Z]
[PRERENDER] Obra_TREINO_1/1PAV/PL → renderizado (63KB) [ts=2026-05-23T05:33:02Z]
[PRERENDER] Obra_TREINO_1/1PAV/LV → renderizado (47KB) [ts=2026-05-23T05:33:31Z]
[PRERENDER] Obra_TREINO_1/1PAV/FV → renderizado (84KB) [ts=2026-05-23T05:33:34Z]
[PRERENDER] Obra_TREINO_1/1PAV/LJ → renderizado (252KB) [ts=2026-05-23T05:33:36Z]
[PRERENDER] Obra_TREINO_1/2PAV/PL → renderizado (63KB) [ts=2026-05-23T05:33:37Z]
[PRERENDER] Obra_TREINO_1/2PAV/LV → renderizado (159KB) [ts=2026-05-23T05:34:06Z]
[PRERENDER] Obra_TREINO_1/2PAV/FV → renderizado (99KB) [ts=2026-05-23T05:34:08Z]
[PRERENDER] Obra_TREINO_1/2PAV/LJ → renderizado (330KB) [ts=2026-05-23T05:34:11Z]
[PRERENDER] Obra_TREINO_1/PARAISO_-_COBERTURA_-_DECK/PL → renderizado (63KB) [ts=2026-05-23T05:34:12Z]
[PRERENDER] Obra_TREINO_1/PARAISO_-_COBERTURA_-_DECK/LV → renderizado (204KB) [ts=2026-05-23T05:34:41Z]
[PRERENDER] Obra_TREINO_1/PARAISO_-_COBERTURA_-_DECK/LJ → renderizado (235KB) [ts=2026-05-23T05:34:43Z]
[PRERENDER] Obra_TREINO_1/TIPO_-_3_AO_12PAV/PL → renderizado (63KB) [ts=2026-05-23T05:34:44Z]
[PRERENDER] Obra_TREINO_1/TIPO_-_3_AO_12PAV/LV → renderizado (161KB) [ts=2026-05-23T05:35:13Z]
[PRERENDER] Obra_TREINO_1/TIPO_-_3_AO_12PAV/FV → renderizado (80KB) [ts=2026-05-23T05:35:15Z]
[PRERENDER] Obra_TREINO_1/TIPO_-_3_AO_12PAV/LJ → renderizado (230KB) [ts=2026-05-23T05:35:18Z]
[PRERENDER] Obra_TREINO_1/TÉRREO/PL → renderizado (63KB) [ts=2026-05-23T05:35:19Z]
[PRERENDER] SKIP Obra_TREINO_1/TÉRREO/LV — DXF muito grande (54MB > 20MB)
[PRERENDER] Obra_TREINO_1/TÉRREO/FV → renderizado (72KB) [ts=2026-05-23T05:35:22Z]
[PRERENDER] Obra_TREINO_1/TÉRREO/LJ → renderizado (215KB) [ts=2026-05-23T05:35:25Z]
[PRERENDER] SKIP Obra_TREINO_10/1SS_-_TRECHO_1/LV — DXF muito grande (119MB > 20MB)
[PRERENDER] SKIP Obra_TREINO_10/1SS_-_TRECHO_1/FV — DXF muito grande (115MB > 20MB)
[PRERENDER] SKIP Obra_TREINO_10/1SS_-_TRECHO_1/LJ — DXF muito grande (117MB > 20MB)
[PRERENDER] Obra_TREINO_10/1SS_-_TRECHO_2/PL → renderizado (40KB) [ts=2026-05-23T05:36:38Z]
[PRERENDER] SKIP Obra_TREINO_10/1SS_-_TRECHO_2/LV — DXF muito grande (119MB > 20MB)
[PRERENDER] SKIP Obra_TREINO_10/1SS_-_TRECHO_2/FV — DXF muito grande (123MB > 20MB)
[PRERENDER] SKIP Obra_TREINO_10/1SS_-_TRECHO_3/LV — DXF muito grande (78MB > 20MB)
[PRERENDER] Obra_TREINO_10/1SS_-_TRECHO_3/FV → renderizado (28KB) [ts=2026-05-23T05:37:45Z]
[PRERENDER] SKIP Obra_TREINO_10/1SS_-_TRECHO_I/LV — DXF muito grande (121MB > 20MB)
[PRERENDER] AVISO: não salvou manifest em D:\Agente-cad-PYSIDE\validacao_visual\Obra_TREINO_10\1SS_-_TRECHO_I: [Errno 2] No such file or directory: 'D:\\Agente-cad-PYSIDE\\validacao_visual\\Obra_TREINO_10\\1SS_-_TRECHO_I\\prerender_manifest.json'
[PRERENDER] Obra_TREINO_10/2PAV/LV → renderizado (21KB) [ts=2026-05-23T06:04:58Z]
[PRERENDER] Obra_TREINO_10/2PAV/FV → renderizado (42KB) [ts=2026-05-23T06:05:31Z]
[PRERENDER] SKIP Obra_TREINO_10/2SS/LJ — DXF muito grande (120MB > 20MB)
[PRERENDER] AVISO: não salvou manifest em D:\Agente-cad-PYSIDE\validacao_visual\Obra_TREINO_10\2SS: [Errno 2] No such file or directory: 'D:\\Agente-cad-PYSIDE\\validacao_visual\\Obra_TREINO_10\\2SS\\prerender_manifest.json'
[PRERENDER] SKIP Obra_TREINO_10/2SS_-_TRECHO_1/PL — DXF muito grande (650MB > 20MB)
[PRERENDER] SKIP Obra_TREINO_10/2SS_-_TRECHO_1/LV — DXF muito grande (121MB > 20MB)
[PRERENDER] SKIP Obra_TREINO_10/2SS_-_TRECHO_1/FV — DXF muito grande (112MB > 20MB)
[PRERENDER] SKIP Obra_TREINO_10/2SS_-_TRECHO_1/LJ — DXF muito grande (116MB > 20MB)
[PRERENDER] SKIP Obra_TREINO_10/2SS_-_TRECHO_2/PL — DXF muito grande (645MB > 20MB)
[PRERENDER] SKIP Obra_TREINO_10/2SS_-_TRECHO_2/LV — DXF muito grande (119MB > 20MB)
[PRERENDER] SKIP Obra_TREINO_10/2SS_-_TRECHO_2/FV — DXF muito grande (111MB > 20MB)
[PRERENDER] AVISO: não salvou manifest em D:\Agente-cad-PYSIDE\validacao_visual\Obra_TREINO_10\2SS_-_TRECHO_2: [Errno 2] No such file or directory: 'D:\\Agente-cad-PYSIDE\\validacao_visual\\Obra_TREINO_10\\2SS_-_TRECHO_2\\prerender_manifest.json'
[PRERENDER] ERRO render STOG Obra_TREINO_10/2SS_-_TRECHO_3/LV: bad allocation
[PRERENDER] SKIP Obra_TREINO_10/2SS_-_TRECHO_3/FV — DXF muito grande (114MB > 20MB)
[PRERENDER] AVISO: não salvou manifest em D:\Agente-cad-PYSIDE\validacao_visual\Obra_TREINO_10\2SS_-_TRECHO_3: 
[PRERENDER] ERRO render STOG Obra_TREINO_10/3PAV/LV: 
[PRERENDER] ERRO render STOG Obra_TREINO_10/3PAV/FV: 
[PRERENDER] AVISO: não salvou manifest em D:\Agente-cad-PYSIDE\validacao_visual\Obra_TREINO_10\3PAV: 
[PRERENDER] SKIP Obra_TREINO_10/4PAV/PL — DXF muito grande (29MB > 20MB)
[PRERENDER] ERRO render STOG Obra_TREINO_10/4PAV/LV: 
[PRERENDER] ERRO render STOG Obra_TREINO_10/4PAV/FV: 
[PRERENDER] AVISO: não salvou manifest em D:\Agente-cad-PYSIDE\validacao_visual\Obra_TREINO_10\4PAV: 
[PRERENDER] ERRO render STOG Obra_TREINO_10/5PAV/PL: 
[PRERENDER] ERRO render STOG Obra_TREINO_10/5PAV/LV: 
[PRERENDER] ERRO render STOG Obra_TREINO_10/5PAV/FV: 
[PRERENDER] AVISO: não salvou manifest em D:\Agente-cad-PYSIDE\validacao_visual\Obra_TREINO_10\5PAV: 
[PRERENDER] ERRO render STOG Obra_TREINO_10/6PAV/PL: 
[PRERENDER] ERRO render STOG Obra_TREINO_10/6PAV/LV: 
[PRERENDER] ERRO render STOG Obra_TREINO_10/6PAV/FV: 
[PRERENDER] AVISO: não salvou manifest em D:\Agente-cad-PYSIDE\validacao_visual\Obra_TREINO_10\6PAV: 
[PRERENDER] ERRO render STOG Obra_TREINO_10/7_E_8PAV/FV: 
[PRERENDER] AVISO: não salvou manifest em D:\Agente-cad-PYSIDE\validacao_visual\Obra_TREINO_10\7_E_8PAV: 
[PRERENDER] ERRO render STOG Obra_TREINO_10/7PAV/PL: 
[PRERENDER] ERRO render STOG Obra_TREINO_10/7PAV/LV: 
[PRERENDER] AVISO: não salvou manifest em D:\Agente-cad-PYSIDE\validacao_visual\Obra_TREINO_10\7PAV: 
[PRERENDER] ERRO render STOG Obra_TREINO_10/8_E_9PAV/PL: 
[PRERENDER] ERRO render STOG Obra_TREINO_10/8_E_9PAV/LV: 
[PRERENDER] AVISO: não salvou manifest em D:\Agente-cad-PYSIDE\validacao_visual\Obra_TREINO_10\8_E_9PAV: 
[PRERENDER] ERRO render STOG Obra_TREINO_10/9PAV/FV: 
[PRERENDER] AVISO: não salvou manifest em D:\Agente-cad-PYSIDE\validacao_visual\Obra_TREINO_10\9PAV: 
[PRERENDER] ERRO render STOG Obra_TREINO_10/HOSPITAL_ASSUNÇÃO-1PAV/PL: 
[PRERENDER] AVISO: não salvou manifest em D:\Agente-cad-PYSIDE\validacao_visual\Obra_TREINO_10\HOSPITAL_ASSUNÇÃO-1PAV: 
[PRERENDER] ERRO render STOG Obra_TREINO_10/HOSPITAL_ASSUNÇÃO-2PAV/PL: 
[PRERENDER] AVISO: não salvou manifest em D:\Agente-cad-PYSIDE\validacao_visual\Obra_TREINO_10\HOSPITAL_ASSUNÇÃO-2PAV: 
[PRERENDER] ERRO render STOG Obra_TREINO_10/HOSPITAL_ASSUNÇÃO-3PAV/PL: 
[PRERENDER] AVISO: não salvou manifest em D:\Agente-cad-PYSIDE\validacao_visual\Obra_TREINO_10\HOSPITAL_ASSUNÇÃO-3PAV: 
[PRERENDER] ERRO render STOG Obra_TREINO_10/TERREO_-_TRECHO_1/FV: 
[PRERENDER] AVISO: não salvou manifest em D:\Agente-cad-PYSIDE\validacao_visual\Obra_TREINO_10\TERREO_-_TRECHO_1: 
[PRERENDER] ERRO render STOG Obra_TREINO_10/TERREO_-_TRECHO_2/FV: 
[PRERENDER] AVISO: não salvou manifest em D:\Agente-cad-PYSIDE\validacao_visual\Obra_TREINO_10\TERREO_-_TRECHO_2: 
[PRERENDER] ERRO render STOG Obra_TREINO_10/TERREO_-_TRECHO_3/FV: 
[PRERENDER] AVISO: não salvou manifest em D:\Agente-cad-PYSIDE\validacao_visual\Obra_TREINO_10\TERREO_-_TRECHO_3: 
[PRERENDER] Obra_TREINO_10/TRECHO_3_-_1SS/PL → renderizado (34KB) [ts=2026-05-23T06:38:43Z]
[PRERENDER] ERRO render STOG Obra_TREINO_10/TRECHO_3_-_1SS/LV: 
[PRERENDER] ERRO render STOG Obra_TREINO_10/TRECHO_3_-_1SS/FV: bad allocation
[PRERENDER] SKIP Obra_TREINO_10/TRECHO_3_-_2SS/PL — DXF muito grande (651MB > 20MB)
[PRERENDER] SKIP Obra_TREINO_10/TRECHO_3_-_2SS/LV — DXF muito grande (120MB > 20MB)
[PRERENDER] SKIP Obra_TREINO_10/TRECHO_3_-_2SS/FV — DXF muito grande (114MB > 20MB)
[PRERENDER] ERRO render STOG Obra_TREINO_10/TRECHO_3_-_TÉRREO/PL: 
[PRERENDER] ERRO render STOG Obra_TREINO_10/TRECHO_3_-_TÉRREO/LV: 
[PRERENDER] AVISO: não salvou manifest em D:\Agente-cad-PYSIDE\validacao_visual\Obra_TREINO_10\TRECHO_3_-_TÉRREO: 
[PRERENDER] ERRO render STOG Obra_TREINO_10/TÉRREO_-_TRECHO_1/PL: 
[PRERENDER] SKIP Obra_TREINO_10/TÉRREO_-_TRECHO_1/LV — DXF muito grande (124MB > 20MB)
[PRERENDER] AVISO: não salvou manifest em D:\Agente-cad-PYSIDE\validacao_visual\Obra_TREINO_10\TÉRREO_-_TRECHO_1: 
[PRERENDER] ERRO render STOG Obra_TREINO_10/TÉRREO_-_TRECHO_2/PL: 
[PRERENDER] SKIP Obra_TREINO_10/TÉRREO_-_TRECHO_2/LV — DXF muito grande (119MB > 20MB)
[PRERENDER] AVISO: não salvou manifest em D:\Agente-cad-PYSIDE\validacao_visual\Obra_TREINO_10\TÉRREO_-_TRECHO_2: 
[PRERENDER] ERRO render STOG Obra_TREINO_10/TÉRREO_-_TRECHO_3/LV: 
[PRERENDER] AVISO: não salvou manifest em D:\Agente-cad-PYSIDE\validacao_visual\Obra_TREINO_10\TÉRREO_-_TRECHO_3: 
[PRERENDER] ERRO render Gerado Obra_TREINO_11/GWT_-_1PV/PL: bad allocation
[PRERENDER] ERRO inesperado Obra_TREINO_11/GWT_-_1PV/LV: 
[PRERENDER] ERRO inesperado Obra_TREINO_11/GWT_-_1PV/FV: 
[PRERENDER] ERRO inesperado Obra_TREINO_11/GWT_-_1PV/LJ: 
[PRERENDER] AVISO: não salvou manifest em D:\Agente-cad-PYSIDE\validacao_visual\Obra_TREINO_11\GWT_-_1PV: 
[PRERENDER] SKIP Obra_TREINO_11/GWT_-_1SS/PL — DXF muito grande (647MB > 20MB)
[PRERENDER] SKIP Obra_TREINO_11/GWT_-_1SS/LV — DXF muito grande (122MB > 20MB)
[PRERENDER] SKIP Obra_TREINO_11/GWT_-_1SS/FV — DXF muito grande (112MB > 20MB)
[PRERENDER] SKIP Obra_TREINO_11/GWT_-_1SS/LJ — DXF muito grande (120MB > 20MB)
[PRERENDER] AVISO: não salvou manifest em D:\Agente-cad-PYSIDE\validacao_visual\Obra_TREINO_11\GWT_-_1SS: 
[PRERENDER] ERRO render STOG Obra_TREINO_11/GWT_-_2PV/PL: 
[PRERENDER] ERRO render STOG Obra_TREINO_11/GWT_-_2PV/LV: 
[PRERENDER] ERRO render STOG Obra_TREINO_11/GWT_-_2PV/FV: 
[PRERENDER] ERRO render STOG Obra_TREINO_11/GWT_-_2PV/LJ: 
[PRERENDER] AVISO: não salvou manifest em D:\Agente-cad-PYSIDE\validacao_visual\Obra_TREINO_11\GWT_-_2PV: 
[PRERENDER] ERRO render STOG Obra_TREINO_11/GWT_-_5PV/PL: 
[PRERENDER] ERRO render STOG Obra_TREINO_11/GWT_-_5PV/LV: 
[PRERENDER] ERRO render STOG Obra_TREINO_11/GWT_-_5PV/FV: 
[PRERENDER] ERRO render STOG Obra_TREINO_11/GWT_-_5PV/LJ: 
[PRERENDER] AVISO: não salvou manifest em D:\Agente-cad-PYSIDE\validacao_visual\Obra_TREINO_11\GWT_-_5PV: 
[PRERENDER] ERRO render STOG Obra_TREINO_11/GWT_-_6PV/PL: 
[PRERENDER] ERRO render STOG Obra_TREINO_11/GWT_-_6PV/LV: 
[PRERENDER] ERRO render STOG Obra_TREINO_11/GWT_-_6PV/FV: 
[PRERENDER] ERRO render STOG Obra_TREINO_11/GWT_-_6PV/LJ: 
[PRERENDER] AVISO: não salvou manifest em D:\Agente-cad-PYSIDE\validacao_visual\Obra_TREINO_11\GWT_-_6PV: 
[PRERENDER] ERRO render STOG Obra_TREINO_11/GWT_-_BCE/PL: 
[PRERENDER] ERRO render STOG Obra_TREINO_11/GWT_-_BCE/LV: 
[PRERENDER] ERRO render STOG Obra_TREINO_11/GWT_-_BCE/FV: 
[PRERENDER] ERRO render STOG Obra_TREINO_11/GWT_-_BCE/LJ: 
[PRERENDER] AVISO: não salvou manifest em D:\Agente-cad-PYSIDE\validacao_visual\Obra_TREINO_11\GWT_-_BCE: 
[PRERENDER] ERRO render STOG Obra_TREINO_11/GWT_-_BCE_-_PER/FV: 
[PRERENDER] AVISO: não salvou manifest em D:\Agente-cad-PYSIDE\validacao_visual\Obra_TREINO_11\GWT_-_BCE_-_PER: 
[PRERENDER] SKIP Obra_TREINO_11/GWT_-_TER/PL — DXF muito grande (648MB > 20MB)
[PRERENDER] SKIP Obra_TREINO_11/GWT_-_TER/LV — DXF muito grande (135MB > 20MB)
[PRERENDER] SKIP Obra_TREINO_11/GWT_-_TER/FV — DXF muito grande (113MB > 20MB)
[PRERENDER] SKIP Obra_TREINO_11/GWT_-_TER/LJ — DXF muito grande (120MB > 20MB)
[PRERENDER] AVISO: não salvou manifest em D:\Agente-cad-PYSIDE\validacao_visual\Obra_TREINO_11\GWT_-_TER: 
[PRERENDER] ERRO render STOG Obra_TREINO_11/GWT_-_TIP/PL: 
[PRERENDER] ERRO render STOG Obra_TREINO_11/GWT_-_TIP/LV: 
[PRERENDER] ERRO render STOG Obra_TREINO_11/GWT_-_TIP/FV: 
[PRERENDER] ERRO render STOG Obra_TREINO_11/GWT_-_TIP/LJ: 
[PRERENDER] AVISO: não salvou manifest em D:\Agente-cad-PYSIDE\validacao_visual\Obra_TREINO_11\GWT_-_TIP: 
[PRERENDER] SKIP Obra_TREINO_11/GWT_-_TRI_-_TRII_-_1SS/PL — DXF muito grande (643MB > 20MB)
[PRERENDER] SKIP Obra_TREINO_11/GWT_-_TRI_-_TRII_-_1SS/LV — DXF muito grande (118MB > 20MB)
[PRERENDER] AVISO: não salvou manifest em D:\Agente-cad-PYSIDE\validacao_visual\Obra_TREINO_11\GWT_-_TRI_-_TRII_-_1SS: [Errno 2] No such file or directory: 'D:\\Agente-cad-PYSIDE\\validacao_visual\\Obra_TREINO_11\\GWT_-_TRI_-_TRII_-_1SS\\prerender_manifest.json'
[PRERENDER] ERRO render Gerado Obra_TREINO_13/1PV/PL: 
[PRERENDER] ERRO inesperado Obra_TREINO_13/1PV/LV: 
[PRERENDER] ERRO render Gerado Obra_TREINO_13/1PV/FV: 
[PRERENDER] ERRO inesperado Obra_TREINO_13/1PV/LJ: 
[PRERENDER] AVISO: não salvou manifest em D:\Agente-cad-PYSIDE\validacao_visual\Obra_TREINO_13\1PV: 
[PRERENDER] ERRO render Gerado Obra_TREINO_13/1SI/PL: 
[PRERENDER] ERRO render Gerado Obra_TREINO_13/1SI/LV: 
[PRERENDER] ERRO render STOG Obra_TREINO_13/1SI/FV: 
[PRERENDER] ERRO render STOG Obra_TREINO_13/1SI/LJ: 
[PRERENDER] AVISO: não salvou manifest em D:\Agente-cad-PYSIDE\validacao_visual\Obra_TREINO_13\1SI: 
[PRERENDER] ERRO render Gerado Obra_TREINO_13/1SS/PL: bad allocation
[PRERENDER] ERRO render STOG Obra_TREINO_13/1SS/LV: 
[PRERENDER] ERRO render STOG Obra_TREINO_13/1SS/FV: 
[PRERENDER] ERRO render STOG Obra_TREINO_13/1SS/LJ: 
[PRERENDER] AVISO: não salvou manifest em D:\Agente-cad-PYSIDE\validacao_visual\Obra_TREINO_13\1SS: 
[PRERENDER] ERRO render Gerado Obra_TREINO_13/2PV/PL: 
[PRERENDER] ERRO render STOG Obra_TREINO_13/2PV/LV: 
[PRERENDER] ERRO render STOG Obra_TREINO_13/2PV/FV: 
[PRERENDER] ERRO render STOG Obra_TREINO_13/2PV/LJ: 
[PRERENDER] AVISO: não salvou manifest em D:\Agente-cad-PYSIDE\validacao_visual\Obra_TREINO_13\2PV: 
[PRERENDER] ERRO render Gerado Obra_TREINO_13/2SI/PL: 
[PRERENDER] ERRO render STOG Obra_TREINO_13/2SI/LV: 
[PRERENDER] ERRO render STOG Obra_TREINO_13/2SI/FV: 
[PRERENDER] ERRO render STOG Obra_TREINO_13/2SI/LJ: 
[PRERENDER] AVISO: não salvou manifest em D:\Agente-cad-PYSIDE\validacao_visual\Obra_TREINO_13\2SI: 
[PRERENDER] ERRO render Gerado Obra_TREINO_13/2SS/PL: 
[PRERENDER] ERRO render STOG Obra_TREINO_13/2SS/LV: 
[PRERENDER] ERRO render STOG Obra_TREINO_13/2SS/FV: 
[PRERENDER] ERRO render STOG Obra_TREINO_13/2SS/LJ: 
[PRERENDER] AVISO: não salvou manifest em D:\Agente-cad-PYSIDE\validacao_visual\Obra_TREINO_13\2SS: 
[PRERENDER] ERRO render STOG Obra_TREINO_13/3PV/LV: 
[PRERENDER] ERRO render STOG Obra_TREINO_13/3PV/FV: 
[PRERENDER] ERRO render STOG Obra_TREINO_13/3PV/LJ: 
[PRERENDER] AVISO: não salvou manifest em D:\Agente-cad-PYSIDE\validacao_visual\Obra_TREINO_13\3PV: 
[PRERENDER] ERRO render STOG Obra_TREINO_13/3SS/PL: 
[PRERENDER] ERRO render STOG Obra_TREINO_13/3SS/LV: 
[PRERENDER] ERRO render STOG Obra_TREINO_13/3SS/FV: 
[PRERENDER] ERRO render STOG Obra_TREINO_13/3SS/LJ: 
[PRERENDER] AVISO: não salvou manifest em D:\Agente-cad-PYSIDE\validacao_visual\Obra_TREINO_13\3SS: 
[PRERENDER] ERRO render STOG Obra_TREINO_13/4PV/PL: 
[PRERENDER] ERRO render STOG Obra_TREINO_13/4PV/LV: 
[PRERENDER] ERRO render STOG Obra_TREINO_13/4PV/FV: 
[PRERENDER] ERRO render STOG Obra_TREINO_13/4PV/LJ: 
[PRERENDER] AVISO: não salvou manifest em D:\Agente-cad-PYSIDE\validacao_visual\Obra_TREINO_13\4PV: 
[PRERENDER] ERRO render STOG Obra_TREINO_13/4SS/PL: 
[PRERENDER] ERRO render STOG Obra_TREINO_13/4SS/LV: 
[PRERENDER] ERRO render STOG Obra_TREINO_13/4SS/FV: 
[PRERENDER] ERRO render STOG Obra_TREINO_13/4SS/LJ: 
[PRERENDER] AVISO: não salvou manifest em D:\Agente-cad-PYSIDE\validacao_visual\Obra_TREINO_13\4SS: 
[PRERENDER] ERRO render STOG Obra_TREINO_13/5PV/PL: 
[PRERENDER] ERRO render STOG Obra_TREINO_13/5PV/LV: 
[PRERENDER] ERRO render STOG Obra_TREINO_13/5PV/FV: 
[PRERENDER] ERRO render STOG Obra_TREINO_13/5PV/LJ: 
[PRERENDER] AVISO: não salvou manifest em D:\Agente-cad-PYSIDE\validacao_visual\Obra_TREINO_13\5PV: 
[PRERENDER] ERRO render STOG Obra_TREINO_13/6PV/PL: 
[PRERENDER] ERRO render STOG Obra_TREINO_13/6PV/LV: 
[PRERENDER] ERRO render STOG Obra_TREINO_13/6PV/FV: 
[PRERENDER] ERRO render STOG Obra_TREINO_13/6PV/LJ: 
[PRERENDER] AVISO: não salvou manifest em D:\Agente-cad-PYSIDE\validacao_visual\Obra_TREINO_13\6PV: 
[PRERENDER] ERRO render STOG Obra_TREINO_13/ATICO/PL: 
[PRERENDER] ERRO render STOG Obra_TREINO_13/ATICO/LV: 
[PRERENDER] ERRO render STOG Obra_TREINO_13/ATICO/LJ: 
[PRERENDER] AVISO: não salvou manifest em D:\Agente-cad-PYSIDE\validacao_visual\Obra_TREINO_13\ATICO: 
[PRERENDER] ERRO render STOG Obra_TREINO_13/TER/PL: 
[PRERENDER] ERRO render STOG Obra_TREINO_13/TER/LV: 
[PRERENDER] ERRO render STOG Obra_TREINO_13/TER/FV: 
[PRERENDER] ERRO render STOG Obra_TREINO_13/TER/LJ: 
[PRERENDER] AVISO: não salvou manifest em D:\Agente-cad-PYSIDE\validacao_visual\Obra_TREINO_13\TER: 
[PRERENDER] ERRO inesperado Obra_TREINO_13/TIPO/PL: 
[PRERENDER] ERRO inesperado Obra_TREINO_13/TIPO/LV: 
[PRERENDER] ERRO inesperado Obra_TREINO_13/TIPO/FV: 
[PRERENDER] ERRO inesperado Obra_TREINO_13/TIPO/LJ: 
[PRERENDER] AVISO: não salvou manifest em D:\Agente-cad-PYSIDE\validacao_visual\Obra_TREINO_13\TIPO: 
[PRERENDER] ERRO render Gerado Obra_TREINO_14/ARRAIA_-_1PAV/PL: 
[PRERENDER] ERRO render Gerado Obra_TREINO_14/ARRAIA_-_1PAV/LV: 
[PRERENDER] ERRO inesperado Obra_TREINO_14/ARRAIA_-_1PAV/FV: 
[PRERENDER] ERRO inesperado Obra_TREINO_14/ARRAIA_-_1PAV/LJ: 
[PRERENDER] AVISO: não salvou manifest em D:\Agente-cad-PYSIDE\validacao_visual\Obra_TREINO_14\ARRAIA_-_1PAV: 
[PRERENDER] SKIP Obra_TREINO_14/ARRAIA_-_1PV/LJ — DXF muito grande (38MB > 20MB)
[PRERENDER] AVISO: não salvou manifest em D:\Agente-cad-PYSIDE\validacao_visual\Obra_TREINO_14\ARRAIA_-_1PV: [Errno 2] No such file or directory: 'D:\\Agente-cad-PYSIDE\\validacao_visual\\Obra_TREINO_14\\ARRAIA_-_1PV\\prerender_manifest.json'
[PRERENDER] SKIP Obra_TREINO_14/ARRAIA_-_2PAV/PL — DXF muito grande (347MB > 20MB)
[PRERENDER] ERRO render STOG Obra_TREINO_14/ARRAIA_-_2PAV/LV: 
[PRERENDER] ERRO render STOG Obra_TREINO_14/ARRAIA_-_2PAV/FV: 
[PRERENDER] ERRO render STOG Obra_TREINO_14/ARRAIA_-_2PAV/LJ: 
[PRERENDER] AVISO: não salvou manifest em D:\Agente-cad-PYSIDE\validacao_visual\Obra_TREINO_14\ARRAIA_-_2PAV: 
[PRERENDER] AVISO: não salvou manifest em D:\Agente-cad-PYSIDE\validacao_visual\Obra_TREINO_15\IPEROIG_-_TIP: 
[PRERENDER] ERRO inesperado Obra_TREINO_15/LO_-_6PV/PL: 
[PRERENDER] SKIP Obra_TREINO_15/LO_-_6PV/LV — DXF muito grande (123MB > 20MB)
[PRERENDER] SKIP Obra_TREINO_15/LO_-_6PV/FV — DXF muito grande (111MB > 20MB)
[PRERENDER] ERRO render Gerado Obra_TREINO_15/LO_-_6PV/LJ: 
[PRERENDER] AVISO: não salvou manifest em D:\Agente-cad-PYSIDE\validacao_visual\Obra_TREINO_15\LO_-_6PV: 
[PRERENDER] SKIP Obra_TREINO_15/LO_-_6PV_-_TIP_-_DINF/LV — DXF muito grande (123MB > 20MB)
[PRERENDER] AVISO: não salvou manifest em D:\Agente-cad-PYSIDE\validacao_visual\Obra_TREINO_15\LO_-_6PV_-_TIP_-_DINF: [Errno 2] No such file or directory: 'D:\\Agente-cad-PYSIDE\\validacao_visual\\Obra_TREINO_15\\LO_-_6PV_-_TIP_-_DINF\\prerender_manifest.json'
[PRERENDER] ERRO render STOG Obra_TREINO_15/LO_-_6PV_-_TP_-_DINF/LV: 
[PRERENDER] AVISO: não salvou manifest em D:\Agente-cad-PYSIDE\validacao_visual\Obra_TREINO_15\LO_-_6PV_-_TP_-_DINF: 
[PRERENDER] ERRO render STOG Obra_TREINO_15/LO_-_DINF/FV: 
[PRERENDER] AVISO: não salvou manifest em D:\Agente-cad-PYSIDE\validacao_visual\Obra_TREINO_15\LO_-_DINF: 
[PRERENDER] ERRO render STOG Obra_TREINO_15/LO_-_TIP/FV: 
[PRERENDER] ERRO render STOG Obra_TREINO_15/LO_-_TIP/LJ: 
[PRERENDER] AVISO: não salvou manifest em D:\Agente-cad-PYSIDE\validacao_visual\Obra_TREINO_15\LO_-_TIP: 
[PRERENDER] ERRO render STOG Obra_TREINO_15/LO_-_TIP_-_DINF/PL: 
[PRERENDER] SKIP Obra_TREINO_15/LO_-_TIP_-_DINF/LV — DXF muito grande (123MB > 20MB)
[PRERENDER] SKIP Obra_TREINO_15/LO_-_TIP_-_DINF/FV — DXF muito grande (111MB > 20MB)
[PRERENDER] SKIP Obra_TREINO_15/LO_-_TIP_-_DINF/LJ — DXF muito grande (119MB > 20MB)
[PRERENDER] AVISO: não salvou manifest em D:\Agente-cad-PYSIDE\validacao_visual\Obra_TREINO_15\LO_-_TIP_-_DINF: 
[PRERENDER] SKIP Obra_TREINO_16/VALDIR_NIEMEYER_-_1PV/PL — DXF muito grande (655MB > 20MB)
[PRERENDER] SKIP Obra_TREINO_16/VALDIR_NIEMEYER_-_1PV/LV — DXF muito grande (122MB > 20MB)
[PRERENDER] SKIP Obra_TREINO_16/VALDIR_NIEMEYER_-_1PV/FV — DXF muito grande (112MB > 20MB)
[PRERENDER] SKIP Obra_TREINO_16/VALDIR_NIEMEYER_-_1PV/LJ — DXF muito grande (118MB > 20MB)
[PRERENDER] AVISO: não salvou manifest em D:\Agente-cad-PYSIDE\validacao_visual\Obra_TREINO_16\VALDIR_NIEMEYER_-_1PV: 
[PRERENDER] SKIP Obra_TREINO_16/VALDIR_NIEMEYER_-_4PV/PL — DXF muito grande (645MB > 20MB)
[PRERENDER] ERRO render STOG Obra_TREINO_16/VALDIR_NIEMEYER_-_4PV/LV: 
[PRERENDER] SKIP Obra_TREINO_16/VALDIR_NIEMEYER_-_4PV/FV — DXF muito grande (111MB > 20MB)
[PRERENDER] SKIP Obra_TREINO_16/VALDIR_NIEMEYER_-_4PV/LJ — DXF muito grande (117MB > 20MB)
[PRERENDER] AVISO: não salvou manifest em D:\Agente-cad-PYSIDE\validacao_visual\Obra_TREINO_16\VALDIR_NIEMEYER_-_4PV: 
[PRERENDER] SKIP Obra_TREINO_16/VALDIR_NIEMEYER_-_TER/PL — DXF muito grande (648MB > 20MB)
[PRERENDER] SKIP Obra_TREINO_16/VALDIR_NIEMEYER_-_TER/LV — DXF muito grande (120MB > 20MB)
[PRERENDER] SKIP Obra_TREINO_16/VALDIR_NIEMEYER_-_TER/FV — DXF muito grande (111MB > 20MB)
[PRERENDER] SKIP Obra_TREINO_16/VALDIR_NIEMEYER_-_TER/LJ — DXF muito grande (118MB > 20MB)
[PRERENDER] AVISO: não salvou manifest em D:\Agente-cad-PYSIDE\validacao_visual\Obra_TREINO_16\VALDIR_NIEMEYER_-_TER: [Errno 2] No such file or directory: 'D:\\Agente-cad-PYSIDE\\validacao_visual\\Obra_TREINO_16\\VALDIR_NIEMEYER_-_TER\\prerender_manifest.json'
[PRERENDER] SKIP Obra_TREINO_16/VALDIR_NIEMEYER_-_TP1/PL — DXF muito grande (645MB > 20MB)
[PRERENDER] ERRO render STOG Obra_TREINO_16/VALDIR_NIEMEYER_-_TP1/LV: 
[PRERENDER] SKIP Obra_TREINO_16/VALDIR_NIEMEYER_-_TP1/FV — DXF muito grande (112MB > 20MB)
[PRERENDER] SKIP Obra_TREINO_16/VALDIR_NIEMEYER_-_TP1/LJ — DXF muito grande (117MB > 20MB)
[PRERENDER] AVISO: não salvou manifest em D:\Agente-cad-PYSIDE\validacao_visual\Obra_TREINO_16\VALDIR_NIEMEYER_-_TP1: 
[PRERENDER] SKIP Obra_TREINO_16/VALDIR_NIEMEYER_-_TP2/PL — DXF muito grande (645MB > 20MB)
[PRERENDER] ERRO render STOG Obra_TREINO_16/VALDIR_NIEMEYER_-_TP2/LV: 
[PRERENDER] SKIP Obra_TREINO_16/VALDIR_NIEMEYER_-_TP2/FV — DXF muito grande (111MB > 20MB)
[PRERENDER] SKIP Obra_TREINO_16/VALDIR_NIEMEYER_-_TP2/LJ — DXF muito grande (117MB > 20MB)
[PRERENDER] AVISO: não salvou manifest em D:\Agente-cad-PYSIDE\validacao_visual\Obra_TREINO_16\VALDIR_NIEMEYER_-_TP2: 
[PRERENDER] SKIP Obra_TREINO_17/METROCASA9_DE_JULHO_-_1PV/PL — DXF muito grande (648MB > 20MB)
[PRERENDER] SKIP Obra_TREINO_17/METROCASA9_DE_JULHO_-_1PV/LV — DXF muito grande (121MB > 20MB)
[PRERENDER] SKIP Obra_TREINO_17/METROCASA9_DE_JULHO_-_1PV/FV — DXF muito grande (111MB > 20MB)
[PRERENDER] SKIP Obra_TREINO_17/METROCASA9_DE_JULHO_-_1PV/LJ — DXF muito grande (118MB > 20MB)
[PRERENDER] AVISO: não salvou manifest em D:\Agente-cad-PYSIDE\validacao_visual\Obra_TREINO_17\METROCASA9_DE_JULHO_-_1PV: 
[PRERENDER] SKIP Obra_TREINO_17/METROCASA9_DE_JULHO_-_2AO15PV/LJ — DXF muito grande (117MB > 20MB)
[PRERENDER] AVISO: não salvou manifest em D:\Agente-cad-PYSIDE\validacao_visual\Obra_TREINO_17\METROCASA9_DE_JULHO_-_2AO15PV: [Errno 2] No such file or directory: 'D:\\Agente-cad-PYSIDE\\validacao_visual\\Obra_TREINO_17\\METROCASA9_DE_JULHO_-_2AO15PV\\prerender_manifest.json'
[PRERENDER] SKIP Obra_TREINO_17/METROCASA9_DE_JULHO_-_TER/LV — DXF muito grande (123MB > 20MB)
[PRERENDER] SKIP Obra_TREINO_17/METROCASA9_DE_JULHO_-_TER/FV — DXF muito grande (112MB > 20MB)
[PRERENDER] AVISO: não salvou manifest em D:\Agente-cad-PYSIDE\validacao_visual\Obra_TREINO_17\METROCASA9_DE_JULHO_-_TER: [Errno 2] No such file or directory: 'D:\\Agente-cad-PYSIDE\\validacao_visual\\Obra_TREINO_17\\METROCASA9_DE_JULHO_-_TER\\prerender_manifest.json'
[PRERENDER] ERRO render Gerado Obra_TREINO_18/1PV/PL: 
[PRERENDER] ERRO render Gerado Obra_TREINO_18/1PV/LV: 
[PRERENDER] ERRO render Gerado Obra_TREINO_18/1PV/FV: 
[PRERENDER] ERRO inesperado Obra_TREINO_18/1PV/LJ: 
[PRERENDER] AVISO: não salvou manifest em D:\Agente-cad-PYSIDE\validacao_visual\Obra_TREINO_18\1PV: 
[PRERENDER] ERRO render STOG Obra_TREINO_18/2PV/PL: 
[PRERENDER] ERRO render STOG Obra_TREINO_18/2PV/LV: 
[PRERENDER] ERRO render STOG Obra_TREINO_18/2PV/FV: 
[PRERENDER] ERRO render STOG Obra_TREINO_18/2PV/LJ: 
[PRERENDER] AVISO: não salvou manifest em D:\Agente-cad-PYSIDE\validacao_visual\Obra_TREINO_18\2PV: 
[PRERENDER] ERRO render STOG Obra_TREINO_18/TPIMPAR/PL: 
[PRERENDER] ERRO render STOG Obra_TREINO_18/TPIMPAR/LV: 
[PRERENDER] ERRO render STOG Obra_TREINO_18/TPIMPAR/FV: 
[PRERENDER] ERRO render STOG Obra_TREINO_18/TPIMPAR/LJ: 
[PRERENDER] AVISO: não salvou manifest em D:\Agente-cad-PYSIDE\validacao_visual\Obra_TREINO_18\TPIMPAR: 
[PRERENDER] ERRO render STOG Obra_TREINO_18/TPPAR/PL: 
[PRERENDER] ERRO render STOG Obra_TREINO_18/TPPAR/LV: 
[PRERENDER] ERRO render STOG Obra_TREINO_18/TPPAR/FV: 
[PRERENDER] ERRO render STOG Obra_TREINO_18/TPPAR/LJ: 
[PRERENDER] AVISO: não salvou manifest em D:\Agente-cad-PYSIDE\validacao_visual\Obra_TREINO_18\TPPAR: 
[PRERENDER] ERRO render Gerado Obra_TREINO_19/1_SUBOLO/LV: 
[PRERENDER] ERRO inesperado Obra_TREINO_19/1_SUBOLO/FV: 
[PRERENDER] ERRO inesperado Obra_TREINO_19/1_SUBOLO/LJ: 
[PRERENDER] AVISO: não salvou manifest em D:\Agente-cad-PYSIDE\validacao_visual\Obra_TREINO_19\1_SUBOLO: 
[PRERENDER] ERRO render STOG Obra_TREINO_19/1_SUBOLO_-_TRECHO_1/LV: 
[PRERENDER] AVISO: não salvou manifest em D:\Agente-cad-PYSIDE\validacao_visual\Obra_TREINO_19\1_SUBOLO_-_TRECHO_1: 
[PRERENDER] ERRO render STOG Obra_TREINO_19/1_SUBOLO_-_TRECHO_3/LV: 
[PRERENDER] AVISO: não salvou manifest em D:\Agente-cad-PYSIDE\validacao_visual\Obra_TREINO_19\1_SUBOLO_-_TRECHO_3: 
[PRERENDER] ERRO render STOG Obra_TREINO_19/1_SUBSOLO/LJ: 
[PRERENDER] AVISO: não salvou manifest em D:\Agente-cad-PYSIDE\validacao_visual\Obra_TREINO_19\1_SUBSOLO: 
[PRERENDER] ERRO render STOG Obra_TREINO_19/PROJEÇÃO_-_TÉRREO/LJ: 
[PRERENDER] AVISO: não salvou manifest em D:\Agente-cad-PYSIDE\validacao_visual\Obra_TREINO_19\PROJEÇÃO_-_TÉRREO: 
[PRERENDER] SKIP Obra_TREINO_20/ITAQUERA_III_-_1PAV/LV — DXF muito grande (42MB > 20MB)
[PRERENDER] AVISO: não salvou manifest em D:\Agente-cad-PYSIDE\validacao_visual\Obra_TREINO_20\ITAQUERA_III_-_1PAV: 
[PRERENDER] ERRO render Gerado Obra_TREINO_20/ITAQUERA_III_-_1PV/PL: 
[PRERENDER] SKIP Obra_TREINO_20/ITAQUERA_III_-_1PV/FV — DXF muito grande (41MB > 20MB)
[PRERENDER] SKIP Obra_TREINO_20/ITAQUERA_III_-_1PV/LJ — DXF muito grande (42MB > 20MB)
[PRERENDER] AVISO: não salvou manifest em D:\Agente-cad-PYSIDE\validacao_visual\Obra_TREINO_20\ITAQUERA_III_-_1PV: 
[PRERENDER] SKIP Obra_TREINO_20/ITAQUERA_III_-_IF1/LV — DXF muito grande (43MB > 20MB)
[PRERENDER] SKIP Obra_TREINO_20/ITAQUERA_III_-_IF1/FV — DXF muito grande (41MB > 20MB)
[PRERENDER] SKIP Obra_TREINO_20/ITAQUERA_III_-_IF1/LJ — DXF muito grande (42MB > 20MB)
[PRERENDER] AVISO: não salvou manifest em D:\Agente-cad-PYSIDE\validacao_visual\Obra_TREINO_20\ITAQUERA_III_-_IF1: 
[PRERENDER] ERRO render Gerado Obra_TREINO_20/ITAQUERA_III_-_TER/PL: 
[PRERENDER] SKIP Obra_TREINO_20/ITAQUERA_III_-_TER/LV — DXF muito grande (43MB > 20MB)
[PRERENDER] SKIP Obra_TREINO_20/ITAQUERA_III_-_TER/FV — DXF muito grande (41MB > 20MB)
[PRERENDER] SKIP Obra_TREINO_20/ITAQUERA_III_-_TER/LJ — DXF muito grande (42MB > 20MB)
[PRERENDER] AVISO: não salvou manifest em D:\Agente-cad-PYSIDE\validacao_visual\Obra_TREINO_20\ITAQUERA_III_-_TER: 
[PRERENDER] ERRO render Gerado Obra_TREINO_21/12PAV/PL: 
[PRERENDER] ERRO render Gerado Obra_TREINO_21/12PAV/LV: 
[PRERENDER] ERRO inesperado Obra_TREINO_21/12PAV/FV: 
[PRERENDER] ERRO inesperado Obra_TREINO_21/12PAV/LJ: 
[PRERENDER] AVISO: não salvou manifest em D:\Agente-cad-PYSIDE\validacao_visual\Obra_TREINO_21\12PAV: 
[PRERENDER] ERRO render STOG Obra_TREINO_21/1PAV/PL: 
[PRERENDER] SKIP Obra_TREINO_21/1PAV/LV — DXF muito grande (49MB > 20MB)
[PRERENDER] ERRO render STOG Obra_TREINO_21/1PAV/FV: 
[PRERENDER] ERRO render STOG Obra_TREINO_21/1PAV/LJ: 
[PRERENDER] AVISO: não salvou manifest em D:\Agente-cad-PYSIDE\validacao_visual\Obra_TREINO_21\1PAV: 
[PRERENDER] ERRO render STOG Obra_TREINO_21/2,_3_E_PAV._TIPO/PL: 
[PRERENDER] ERRO render STOG Obra_TREINO_21/2,_3_E_PAV._TIPO/LV: 
[PRERENDER] ERRO render STOG Obra_TREINO_21/2,_3_E_PAV._TIPO/FV: 
[PRERENDER] AVISO: não salvou manifest em D:\Agente-cad-PYSIDE\validacao_visual\Obra_TREINO_21\2,_3_E_PAV._TIPO: 
[PRERENDER] ERRO render STOG Obra_TREINO_21/2PAV/LJ: 
[PRERENDER] AVISO: não salvou manifest em D:\Agente-cad-PYSIDE\validacao_visual\Obra_TREINO_21\2PAV: 
[PRERENDER] ERRO render STOG Obra_TREINO_21/3PAV/LJ: 
[PRERENDER] AVISO: não salvou manifest em D:\Agente-cad-PYSIDE\validacao_visual\Obra_TREINO_21\3PAV: 
[PRERENDER] ERRO render STOG Obra_TREINO_21/ADITIVO_-_TIPO/LV: 
[PRERENDER] AVISO: não salvou manifest em D:\Agente-cad-PYSIDE\validacao_visual\Obra_TREINO_21\ADITIVO_-_TIPO: 
[PRERENDER] ERRO render STOG Obra_TREINO_21/LAJE_TÉCNICA/PL: 
[PRERENDER] ERRO render STOG Obra_TREINO_21/LAJE_TÉCNICA/LV: 
[PRERENDER] ERRO render STOG Obra_TREINO_21/LAJE_TÉCNICA/FV: 
[PRERENDER] ERRO render STOG Obra_TREINO_21/LAJE_TÉCNICA/LJ: 
[PRERENDER] AVISO: não salvou manifest em D:\Agente-cad-PYSIDE\validacao_visual\Obra_TREINO_21\LAJE_TÉCNICA: 
[PRERENDER] AVISO: não salvou manifest em D:\Agente-cad-PYSIDE\validacao_visual\Obra_TREINO_21\TIPO_4_AO_11PAV: 
[PRERENDER] ERRO render Gerado Obra_TREINO_22/1PAV/PL: 
[PRERENDER] SKIP Obra_TREINO_22/1PAV/LV — DXF muito grande (125MB > 20MB)
[PRERENDER] ERRO render STOG Obra_TREINO_22/1PAV/FV: 
[PRERENDER] ERRO render STOG Obra_TREINO_22/1PAV/LJ: 
[PRERENDER] AVISO: não salvou manifest em D:\Agente-cad-PYSIDE\validacao_visual\Obra_TREINO_22\1PAV: 
[PRERENDER] ERRO render STOG Obra_TREINO_22/2PAV/PL: 
[PRERENDER] SKIP Obra_TREINO_22/2PAV/LV — DXF muito grande (124MB > 20MB)
[PRERENDER] ERRO render STOG Obra_TREINO_22/2PAV/FV: 
[PRERENDER] ERRO render STOG Obra_TREINO_22/2PAV/LJ: 
[PRERENDER] AVISO: não salvou manifest em D:\Agente-cad-PYSIDE\validacao_visual\Obra_TREINO_22\2PAV: 
[PRERENDER] ERRO render STOG Obra_TREINO_22/3_AO_8PAV/FV: 
[PRERENDER] AVISO: não salvou manifest em D:\Agente-cad-PYSIDE\validacao_visual\Obra_TREINO_22\3_AO_8PAV: 
[PRERENDER] ERRO render STOG Obra_TREINO_22/3PAV/LJ: 
[PRERENDER] AVISO: não salvou manifest em D:\Agente-cad-PYSIDE\validacao_visual\Obra_TREINO_22\3PAV: 
[PRERENDER] ERRO render STOG Obra_TREINO_22/3PAV._AO_8PAV/FV: 
[PRERENDER] AVISO: não salvou manifest em D:\Agente-cad-PYSIDE\validacao_visual\Obra_TREINO_22\3PAV._AO_8PAV: 
[PRERENDER] SKIP Obra_TREINO_22/3PAV._AO_BARRILETE/LV — DXF muito grande (124MB > 20MB)
[PRERENDER] AVISO: não salvou manifest em D:\Agente-cad-PYSIDE\validacao_visual\Obra_TREINO_22\3PAV._AO_BARRILETE: [Errno 2] No such file or directory: 'D:\\Agente-cad-PYSIDE\\validacao_visual\\Obra_TREINO_22\\3PAV._AO_BARRILETE\\prerender_manifest.json'
[PRERENDER] ERRO render STOG Obra_TREINO_22/4PAV/LJ: 
[PRERENDER] AVISO: não salvou manifest em D:\Agente-cad-PYSIDE\validacao_visual\Obra_TREINO_22\4PAV: 
[PRERENDER] ERRO render STOG Obra_TREINO_22/5PAV/LJ: 
[PRERENDER] AVISO: não salvou manifest em D:\Agente-cad-PYSIDE\validacao_visual\Obra_TREINO_22\5PAV: 
[PRERENDER] ERRO render STOG Obra_TREINO_22/6,_7_E_8PAV/LJ: 
[PRERENDER] AVISO: não salvou manifest em D:\Agente-cad-PYSIDE\validacao_visual\Obra_TREINO_22\6,_7_E_8PAV: 
[PRERENDER] ERRO inesperado Obra_TREINO_22/9_AO_12PAV/LJ: 
[PRERENDER] AVISO: não salvou manifest em D:\Agente-cad-PYSIDE\validacao_visual\Obra_TREINO_22\9_AO_12PAV: 
[PRERENDER] SKIP Obra_TREINO_23/SANTA_CRUZ_-_1PV/PL — DXF muito grande (644MB > 20MB)
[PRERENDER] SKIP Obra_TREINO_23/SANTA_CRUZ_-_1PV/LV — DXF muito grande (117MB > 20MB)
[PRERENDER] SKIP Obra_TREINO_23/SANTA_CRUZ_-_1PV/FV — DXF muito grande (111MB > 20MB)
[PRERENDER] SKIP Obra_TREINO_23/SANTA_CRUZ_-_1PV/LJ — DXF muito grande (117MB > 20MB)
[PRERENDER] AVISO: não salvou manifest em D:\Agente-cad-PYSIDE\validacao_visual\Obra_TREINO_23\SANTA_CRUZ_-_1PV: 
[PRERENDER] SKIP Obra_TREINO_23/SANTA_CRUZ_-_INF2/PL — DXF muito grande (646MB > 20MB)
[PRERENDER] SKIP Obra_TREINO_23/SANTA_CRUZ_-_INF2/LV — DXF muito grande (118MB > 20MB)
[PRERENDER] SKIP Obra_TREINO_23/SANTA_CRUZ_-_INF2/FV — DXF muito grande (111MB > 20MB)
[PRERENDER] SKIP Obra_TREINO_23/SANTA_CRUZ_-_INF2/LJ — DXF muito grande (117MB > 20MB)
[PRERENDER] AVISO: não salvou manifest em D:\Agente-cad-PYSIDE\validacao_visual\Obra_TREINO_23\SANTA_CRUZ_-_INF2: [Errno 2] No such file or directory: 'D:\\Agente-cad-PYSIDE\\validacao_visual\\Obra_TREINO_23\\SANTA_CRUZ_-_INF2\\prerender_manifest.json'
[PRERENDER] SKIP Obra_TREINO_23/SANTA_CRUZ_-_TER/PL — DXF muito grande (645MB > 20MB)
[PRERENDER] SKIP Obra_TREINO_23/SANTA_CRUZ_-_TER/LV — DXF muito grande (119MB > 20MB)
[PRERENDER] SKIP Obra_TREINO_23/SANTA_CRUZ_-_TER/FV — DXF muito grande (111MB > 20MB)
[PRERENDER] SKIP Obra_TREINO_23/SANTA_CRUZ_-_TER/LJ — DXF muito grande (117MB > 20MB)
[PRERENDER] AVISO: não salvou manifest em D:\Agente-cad-PYSIDE\validacao_visual\Obra_TREINO_23\SANTA_CRUZ_-_TER: [Errno 2] No such file or directory: 'D:\\Agente-cad-PYSIDE\\validacao_visual\\Obra_TREINO_23\\SANTA_CRUZ_-_TER\\prerender_manifest.json'
[PRERENDER] ERRO inesperado Obra_TREINO_3/1_SUB_-_PERIFERIA_-_TORRE_1_-_S01A/PL: 
[PRERENDER] ERRO inesperado Obra_TREINO_3/1_SUB_-_PERIFERIA_-_TORRE_1_-_S01A/LV: 
[PRERENDER] ERRO inesperado Obra_TREINO_3/1_SUB_-_PERIFERIA_-_TORRE_1_-_S01A/FV: 
[PRERENDER] ERRO inesperado Obra_TREINO_3/1_SUB_-_PERIFERIA_-_TORRE_1_-_S01A/LJ: 
[PRERENDER] AVISO: não salvou manifest em D:\Agente-cad-PYSIDE\validacao_visual\Obra_TREINO_3\1_SUB_-_PERIFERIA_-_TORRE_1_-_S01A: 
[PRERENDER] ERRO render STOG Obra_TREINO_3/1_SUB_-_PERIFERIA_-_TORRE_1_-_S02A/PL: 
[PRERENDER] ERRO render STOG Obra_TREINO_3/1_SUB_-_PERIFERIA_-_TORRE_1_-_S02A/LV: 
[PRERENDER] ERRO render STOG Obra_TREINO_3/1_SUB_-_PERIFERIA_-_TORRE_1_-_S02A/FV: 
[PRERENDER] ERRO render STOG Obra_TREINO_3/1_SUB_-_PERIFERIA_-_TORRE_1_-_S02A/LJ: 
[PRERENDER] AVISO: não salvou manifest em D:\Agente-cad-PYSIDE\validacao_visual\Obra_TREINO_3\1_SUB_-_PERIFERIA_-_TORRE_1_-_S02A: 
[PRERENDER] ERRO render STOG Obra_TREINO_3/1_SUB_-_PERIFERIA_-_TORRE_1_-_S03A/PL: 
[PRERENDER] ERRO render STOG Obra_TREINO_3/1_SUB_-_PERIFERIA_-_TORRE_1_-_S03A/LV: 
[PRERENDER] ERRO render STOG Obra_TREINO_3/1_SUB_-_PERIFERIA_-_TORRE_1_-_S03A/FV: 
[PRERENDER] ERRO render STOG Obra_TREINO_3/1_SUB_-_PERIFERIA_-_TORRE_1_-_S03A/LJ: 
[PRERENDER] AVISO: não salvou manifest em D:\Agente-cad-PYSIDE\validacao_visual\Obra_TREINO_3\1_SUB_-_PERIFERIA_-_TORRE_1_-_S03A: 
[PRERENDER] ERRO render STOG Obra_TREINO_3/1_SUB_-_PERIFERIA_-_TORRE_1_-_S04A/PL: 
[PRERENDER] ERRO render STOG Obra_TREINO_3/1_SUB_-_PERIFERIA_-_TORRE_1_-_S04A/LV: 
[PRERENDER] ERRO render STOG Obra_TREINO_3/1_SUB_-_PERIFERIA_-_TORRE_1_-_S04A/FV: 
[PRERENDER] ERRO render STOG Obra_TREINO_3/1_SUB_-_PERIFERIA_-_TORRE_1_-_S04A/LJ: 
[PRERENDER] AVISO: não salvou manifest em D:\Agente-cad-PYSIDE\validacao_visual\Obra_TREINO_3\1_SUB_-_PERIFERIA_-_TORRE_1_-_S04A: 
[PRERENDER] ERRO render STOG Obra_TREINO_3/1_SUBOLO_-_TB/PL: 
[PRERENDER] ERRO render STOG Obra_TREINO_3/1_SUBOLO_-_TB/LV: 
[PRERENDER] ERRO render STOG Obra_TREINO_3/1_SUBOLO_-_TB/FV: 
[PRERENDER] ERRO render STOG Obra_TREINO_3/1_SUBOLO_-_TB/LJ: 
[PRERENDER] AVISO: não salvou manifest em D:\Agente-cad-PYSIDE\validacao_visual\Obra_TREINO_3\1_SUBOLO_-_TB: 
[PRERENDER] ERRO render STOG Obra_TREINO_3/RES.DIAMOND_-_1_SUB_-_PERIFERIA_-_TORRE_1_-_S01A/LV: 
[PRERENDER] ERRO render STOG Obra_TREINO_3/RES.DIAMOND_-_1_SUB_-_PERIFERIA_-_TORRE_1_-_S01A/FV: 
[PRERENDER] AVISO: não salvou manifest em D:\Agente-cad-PYSIDE\validacao_visual\Obra_TREINO_3\RES.DIAMOND_-_1_SUB_-_PERIFERIA_-_TORRE_1_-_S01A: 
[PRERENDER] ERRO render STOG Obra_TREINO_3/RES.DIAMOND_-_1_SUB_-_PERIFERIA_-_TORRE_1_-_S02A/LV: 
[PRERENDER] ERRO render STOG Obra_TREINO_3/RES.DIAMOND_-_1_SUB_-_PERIFERIA_-_TORRE_1_-_S02A/FV: 
[PRERENDER] AVISO: não salvou manifest em D:\Agente-cad-PYSIDE\validacao_visual\Obra_TREINO_3\RES.DIAMOND_-_1_SUB_-_PERIFERIA_-_TORRE_1_-_S02A: 
[PRERENDER] ERRO render STOG Obra_TREINO_3/RES.DIAMOND_-_1_SUB_-_PERIFERIA_-_TORRE_1_-_S03A/LV: 
[PRERENDER] ERRO render STOG Obra_TREINO_3/RES.DIAMOND_-_1_SUB_-_PERIFERIA_-_TORRE_1_-_S03A/FV: 
[PRERENDER] AVISO: não salvou manifest em D:\Agente-cad-PYSIDE\validacao_visual\Obra_TREINO_3\RES.DIAMOND_-_1_SUB_-_PERIFERIA_-_TORRE_1_-_S03A: 
[PRERENDER] ERRO render STOG Obra_TREINO_3/RES.DIAMOND_-_1_SUB_-_PERIFERIA_-_TORRE_1_-_S04A/LV: 
[PRERENDER] ERRO render STOG Obra_TREINO_3/RES.DIAMOND_-_1_SUB_-_PERIFERIA_-_TORRE_1_-_S04A/FV: 
[PRERENDER] AVISO: não salvou manifest em D:\Agente-cad-PYSIDE\validacao_visual\Obra_TREINO_3\RES.DIAMOND_-_1_SUB_-_PERIFERIA_-_TORRE_1_-_S04A: 
[PRERENDER] ERRO render STOG Obra_TREINO_3/RES.DIAMOND_-_1_SUBOLO/PL: 
[PRERENDER] ERRO render STOG Obra_TREINO_3/RES.DIAMOND_-_1_SUBOLO/LV: 
[PRERENDER] ERRO render STOG Obra_TREINO_3/RES.DIAMOND_-_1_SUBOLO/FV: 
[PRERENDER] ERRO render STOG Obra_TREINO_3/RES.DIAMOND_-_1_SUBOLO/LJ: 
[PRERENDER] AVISO: não salvou manifest em D:\Agente-cad-PYSIDE\validacao_visual\Obra_TREINO_3\RES.DIAMOND_-_1_SUBOLO: 
[PRERENDER] ERRO render STOG Obra_TREINO_3/RES.DIAMOND_-_1_SUBOLO_-_TB/LV: 
[PRERENDER] ERRO render STOG Obra_TREINO_3/RES.DIAMOND_-_1_SUBOLO_-_TB/FV: 
[PRERENDER] AVISO: não salvou manifest em D:\Agente-cad-PYSIDE\validacao_visual\Obra_TREINO_3\RES.DIAMOND_-_1_SUBOLO_-_TB: 
[PRERENDER] ERRO render STOG Obra_TREINO_3/RES.DIAMOND_-_TORRE_1_-_TIPO_14_AO_17PAV/LV: 
[PRERENDER] ERRO render STOG Obra_TREINO_3/RES.DIAMOND_-_TORRE_1_-_TIPO_14_AO_17PAV/FV: 
[PRERENDER] AVISO: não salvou manifest em D:\Agente-cad-PYSIDE\validacao_visual\Obra_TREINO_3\RES.DIAMOND_-_TORRE_1_-_TIPO_14_AO_17PAV: 
[PRERENDER] ERRO render STOG Obra_TREINO_3/RES.DIAMOND_-_TORRE_2_-_TIPO_2_AO_13PAV/LV: 
[PRERENDER] ERRO render STOG Obra_TREINO_3/RES.DIAMOND_-_TORRE_2_-_TIPO_2_AO_13PAV/FV: 
[PRERENDER] AVISO: não salvou manifest em D:\Agente-cad-PYSIDE\validacao_visual\Obra_TREINO_3\RES.DIAMOND_-_TORRE_2_-_TIPO_2_AO_13PAV: 
[PRERENDER] ERRO render STOG Obra_TREINO_3/RES.DIAMOND_-_TORRE_A_-_1PAV/LV: 
[PRERENDER] ERRO render STOG Obra_TREINO_3/RES.DIAMOND_-_TORRE_A_-_1PAV/FV: 
[PRERENDER] AVISO: não salvou manifest em D:\Agente-cad-PYSIDE\validacao_visual\Obra_TREINO_3\RES.DIAMOND_-_TORRE_A_-_1PAV: 
[PRERENDER] ERRO render STOG Obra_TREINO_3/RES.DIAMOND_-_TORRE_A_-_TIPO_2_AO_13PAV/LV: 
[PRERENDER] ERRO render STOG Obra_TREINO_3/RES.DIAMOND_-_TORRE_A_-_TIPO_2_AO_13PAV/FV: 
[PRERENDER] AVISO: não salvou manifest em D:\Agente-cad-PYSIDE\validacao_visual\Obra_TREINO_3\RES.DIAMOND_-_TORRE_A_-_TIPO_2_AO_13PAV: 
[PRERENDER] SKIP Obra_TREINO_3/RES.DIAMOND_-_TORRE_A_-_TÉRREO/PL — DXF muito grande (21MB > 20MB)
[PRERENDER] SKIP Obra_TREINO_3/RES.DIAMOND_-_TORRE_A_-_TÉRREO/LV — DXF muito grande (21MB > 20MB)
[PRERENDER] ERRO render STOG Obra_TREINO_3/RES.DIAMOND_-_TORRE_A_-_TÉRREO/FV: 
[PRERENDER] ERRO render STOG Obra_TREINO_3/RES.DIAMOND_-_TORRE_A_-_TÉRREO/LJ: 
[PRERENDER] AVISO: não salvou manifest em D:\Agente-cad-PYSIDE\validacao_visual\Obra_TREINO_3\RES.DIAMOND_-_TORRE_A_-_TÉRREO: 
[PRERENDER] ERRO render STOG Obra_TREINO_3/RES.DIAMOND_-_TORRE_B_-_1PAV/LV: 
[PRERENDER] ERRO render STOG Obra_TREINO_3/RES.DIAMOND_-_TORRE_B_-_1PAV/FV: 
[PRERENDER] AVISO: não salvou manifest em D:\Agente-cad-PYSIDE\validacao_visual\Obra_TREINO_3\RES.DIAMOND_-_TORRE_B_-_1PAV: 
[PRERENDER] ERRO render STOG Obra_TREINO_3/RES.DIAMOND_-_TÉRREO_-_PERIFERIA_-_TORRE_1_-_S01A/LV: 
[PRERENDER] ERRO render STOG Obra_TREINO_3/RES.DIAMOND_-_TÉRREO_-_PERIFERIA_-_TORRE_1_-_S01A/FV: 
[PRERENDER] AVISO: não salvou manifest em D:\Agente-cad-PYSIDE\validacao_visual\Obra_TREINO_3\RES.DIAMOND_-_TÉRREO_-_PERIFERIA_-_TORRE_1_-_S01A: 
[PRERENDER] ERRO render STOG Obra_TREINO_3/RES.DIAMOND_-_TÉRREO_-_PERIFERIA_-_TORRE_1_-_S02A/LV: 
[PRERENDER] ERRO render STOG Obra_TREINO_3/RES.DIAMOND_-_TÉRREO_-_PERIFERIA_-_TORRE_1_-_S02A/FV: 
[PRERENDER] AVISO: não salvou manifest em D:\Agente-cad-PYSIDE\validacao_visual\Obra_TREINO_3\RES.DIAMOND_-_TÉRREO_-_PERIFERIA_-_TORRE_1_-_S02A: 
[PRERENDER] ERRO render STOG Obra_TREINO_3/RES.DIAMOND_-_TÉRREO_-_PERIFERIA_-_TORRE_1_-_S03A/LV: 
[PRERENDER] ERRO render STOG Obra_TREINO_3/RES.DIAMOND_-_TÉRREO_-_PERIFERIA_-_TORRE_1_-_S03A/FV: 
[PRERENDER] AVISO: não salvou manifest em D:\Agente-cad-PYSIDE\validacao_visual\Obra_TREINO_3\RES.DIAMOND_-_TÉRREO_-_PERIFERIA_-_TORRE_1_-_S03A: 
[PRERENDER] ERRO render STOG Obra_TREINO_3/RES.DIAMOND_-_TÉRREO_-_PERIFERIA_-_TORRE_1_-_S04A/LV: 
[PRERENDER] ERRO render STOG Obra_TREINO_3/RES.DIAMOND_-_TÉRREO_-_PERIFERIA_-_TORRE_1_-_S04A/FV: 
[PRERENDER] AVISO: não salvou manifest em D:\Agente-cad-PYSIDE\validacao_visual\Obra_TREINO_3\RES.DIAMOND_-_TÉRREO_-_PERIFERIA_-_TORRE_1_-_S04A: 
[PRERENDER] SKIP Obra_TREINO_3/RES.DIAMOND_-_TÉRREO_-_T2/LV — DXF muito grande (22MB > 20MB)
[PRERENDER] ERRO render STOG Obra_TREINO_3/RES.DIAMOND_-_TÉRREO_-_T2/FV: 
[PRERENDER] AVISO: não salvou manifest em D:\Agente-cad-PYSIDE\validacao_visual\Obra_TREINO_3\RES.DIAMOND_-_TÉRREO_-_T2: 
[PRERENDER] ERRO render STOG Obra_TREINO_3/TORRE_1_-_TIPO_14_AO_17PAV/PL: 
[PRERENDER] ERRO render STOG Obra_TREINO_3/TORRE_1_-_TIPO_14_AO_17PAV/LV: 
[PRERENDER] ERRO render STOG Obra_TREINO_3/TORRE_1_-_TIPO_14_AO_17PAV/FV: 
[PRERENDER] ERRO render STOG Obra_TREINO_3/TORRE_1_-_TIPO_14_AO_17PAV/LJ: 
[PRERENDER] AVISO: não salvou manifest em D:\Agente-cad-PYSIDE\validacao_visual\Obra_TREINO_3\TORRE_1_-_TIPO_14_AO_17PAV: 
[PRERENDER] SKIP Obra_TREINO_3/TORRE_2_-_TIPO_2_AO_13PAV/PL — DXF muito grande (20MB > 20MB)
[PRERENDER] ERRO render STOG Obra_TREINO_3/TORRE_2_-_TIPO_2_AO_13PAV/LV: 
[PRERENDER] ERRO render STOG Obra_TREINO_3/TORRE_2_-_TIPO_2_AO_13PAV/FV: 
[PRERENDER] ERRO render STOG Obra_TREINO_3/TORRE_2_-_TIPO_2_AO_13PAV/LJ: 
[PRERENDER] AVISO: não salvou manifest em D:\Agente-cad-PYSIDE\validacao_visual\Obra_TREINO_3\TORRE_2_-_TIPO_2_AO_13PAV: 
[PRERENDER] SKIP Obra_TREINO_3/TORRE_A_-_1PAV/PL — DXF muito grande (22MB > 20MB)
[PRERENDER] ERRO render STOG Obra_TREINO_3/TORRE_A_-_1PAV/LV: 
[PRERENDER] ERRO render STOG Obra_TREINO_3/TORRE_A_-_1PAV/FV: 
[PRERENDER] ERRO render STOG Obra_TREINO_3/TORRE_A_-_1PAV/LJ: 
[PRERENDER] AVISO: não salvou manifest em D:\Agente-cad-PYSIDE\validacao_visual\Obra_TREINO_3\TORRE_A_-_1PAV: 
[PRERENDER] SKIP Obra_TREINO_3/TORRE_A_-_TIPO_2_AO_13PAV/PL — DXF muito grande (20MB > 20MB)
[PRERENDER] ERRO inesperado Obra_TREINO_3/TORRE_A_-_TIPO_2_AO_13PAV/LV: 
[PRERENDER] ERRO inesperado Obra_TREINO_3/TORRE_A_-_TIPO_2_AO_13PAV/FV: 
[PRERENDER] ERRO inesperado Obra_TREINO_3/TORRE_A_-_TIPO_2_AO_13PAV/LJ: 
[PRERENDER] AVISO: não salvou manifest em D:\Agente-cad-PYSIDE\validacao_visual\Obra_TREINO_3\TORRE_A_-_TIPO_2_AO_13PAV: 
[PRERENDER] SKIP Obra_TREINO_3/TORRE_B_-_1PAV/PL — DXF muito grande (22MB > 20MB)
[PRERENDER] ERRO render STOG Obra_TREINO_3/TORRE_B_-_1PAV/LV: 
[PRERENDER] ERRO render STOG Obra_TREINO_3/TORRE_B_-_1PAV/FV: 
[PRERENDER] ERRO render STOG Obra_TREINO_3/TORRE_B_-_1PAV/LJ: 
[PRERENDER] AVISO: não salvou manifest em D:\Agente-cad-PYSIDE\validacao_visual\Obra_TREINO_3\TORRE_B_-_1PAV: 
[PRERENDER] ERRO render STOG Obra_TREINO_3/TÉRREO_-_PERIFERIA_-_TORRE_1_-_S01A/PL: 
[PRERENDER] ERRO render STOG Obra_TREINO_3/TÉRREO_-_PERIFERIA_-_TORRE_1_-_S01A/LV: 
[PRERENDER] ERRO render STOG Obra_TREINO_3/TÉRREO_-_PERIFERIA_-_TORRE_1_-_S01A/FV: 
[PRERENDER] ERRO render STOG Obra_TREINO_3/TÉRREO_-_PERIFERIA_-_TORRE_1_-_S01A/LJ: 
[PRERENDER] AVISO: não salvou manifest em D:\Agente-cad-PYSIDE\validacao_visual\Obra_TREINO_3\TÉRREO_-_PERIFERIA_-_TORRE_1_-_S01A: 
[PRERENDER] ERRO render STOG Obra_TREINO_3/TÉRREO_-_PERIFERIA_-_TORRE_1_-_S02A/PL: 
[PRERENDER] ERRO render STOG Obra_TREINO_3/TÉRREO_-_PERIFERIA_-_TORRE_1_-_S02A/LV: 
[PRERENDER] ERRO render STOG Obra_TREINO_3/TÉRREO_-_PERIFERIA_-_TORRE_1_-_S02A/FV: 
[PRERENDER] ERRO render STOG Obra_TREINO_3/TÉRREO_-_PERIFERIA_-_TORRE_1_-_S02A/LJ: 
[PRERENDER] AVISO: não salvou manifest em D:\Agente-cad-PYSIDE\validacao_visual\Obra_TREINO_3\TÉRREO_-_PERIFERIA_-_TORRE_1_-_S02A: 
[PRERENDER] ERRO render STOG Obra_TREINO_3/TÉRREO_-_PERIFERIA_-_TORRE_1_-_S03A/PL: 
[PRERENDER] ERRO render STOG Obra_TREINO_3/TÉRREO_-_PERIFERIA_-_TORRE_1_-_S03A/LV: 
[PRERENDER] ERRO render STOG Obra_TREINO_3/TÉRREO_-_PERIFERIA_-_TORRE_1_-_S03A/FV: 
[PRERENDER] ERRO render STOG Obra_TREINO_3/TÉRREO_-_PERIFERIA_-_TORRE_1_-_S03A/LJ: 
[PRERENDER] AVISO: não salvou manifest em D:\Agente-cad-PYSIDE\validacao_visual\Obra_TREINO_3\TÉRREO_-_PERIFERIA_-_TORRE_1_-_S03A: 
[PRERENDER] ERRO render STOG Obra_TREINO_3/TÉRREO_-_PERIFERIA_-_TORRE_1_-_S04A/PL: 
[PRERENDER] ERRO render STOG Obra_TREINO_3/TÉRREO_-_PERIFERIA_-_TORRE_1_-_S04A/LV: 
[PRERENDER] ERRO render STOG Obra_TREINO_3/TÉRREO_-_PERIFERIA_-_TORRE_1_-_S04A/FV: 
[PRERENDER] ERRO render STOG Obra_TREINO_3/TÉRREO_-_PERIFERIA_-_TORRE_1_-_S04A/LJ: 
[PRERENDER] AVISO: não salvou manifest em D:\Agente-cad-PYSIDE\validacao_visual\Obra_TREINO_3\TÉRREO_-_PERIFERIA_-_TORRE_1_-_S04A: 
[PRERENDER] SKIP Obra_TREINO_3/TÉRREO_-_T2/PL — DXF muito grande (22MB > 20MB)
[PRERENDER] SKIP Obra_TREINO_3/TÉRREO_-_T2/LV — DXF muito grande (22MB > 20MB)
[PRERENDER] ERRO render STOG Obra_TREINO_3/TÉRREO_-_T2/FV: 
[PRERENDER] ERRO render STOG Obra_TREINO_3/TÉRREO_-_T2/LJ: 
[PRERENDER] AVISO: não salvou manifest em D:\Agente-cad-PYSIDE\validacao_visual\Obra_TREINO_3\TÉRREO_-_T2: 
[PRERENDER] ERRO render Gerado Obra_TREINO_5/EMBRAMACO_-_1PV/PL: 
[PRERENDER] ERRO render Gerado Obra_TREINO_5/EMBRAMACO_-_1PV/LV: 
[PRERENDER] ERRO render Gerado Obra_TREINO_5/EMBRAMACO_-_1PV/FV: 
[PRERENDER] AVISO: não salvou manifest em D:\Agente-cad-PYSIDE\validacao_visual\Obra_TREINO_5\EMBRAMACO_-_1PV: 
[PRERENDER] ERRO render STOG Obra_TREINO_5/EMBRAMACO_-_2PV/PL: 
[PRERENDER] ERRO render STOG Obra_TREINO_5/EMBRAMACO_-_2PV/LV: 
[PRERENDER] AVISO: não salvou manifest em D:\Agente-cad-PYSIDE\validacao_visual\Obra_TREINO_5\EMBRAMACO_-_2PV: 
[PRERENDER] ERRO render STOG Obra_TREINO_5/EMBRAMACO_-_N300/PL: 
[PRERENDER] AVISO: não salvou manifest em D:\Agente-cad-PYSIDE\validacao_visual\Obra_TREINO_5\EMBRAMACO_-_N300: 
[PRERENDER] ERRO render STOG Obra_TREINO_5/EMBRAMACO_-_N300_-_500/PL: 
[PRERENDER] ERRO render STOG Obra_TREINO_5/EMBRAMACO_-_N300_-_500/LV: 
[PRERENDER] ERRO render STOG Obra_TREINO_5/EMBRAMACO_-_N300_-_500/FV: 
[PRERENDER] AVISO: não salvou manifest em D:\Agente-cad-PYSIDE\validacao_visual\Obra_TREINO_5\EMBRAMACO_-_N300_-_500: 
[PRERENDER] ERRO render STOG Obra_TREINO_5/EMBRAMACO_-_PLA_-_RES/PL: 
[PRERENDER] ERRO render STOG Obra_TREINO_5/EMBRAMACO_-_PLA_-_RES/LV: 
[PRERENDER] ERRO render STOG Obra_TREINO_5/EMBRAMACO_-_PLA_-_RES/FV: 
[PRERENDER] AVISO: não salvou manifest em D:\Agente-cad-PYSIDE\validacao_visual\Obra_TREINO_5\EMBRAMACO_-_PLA_-_RES: 
[PRERENDER] ERRO render STOG Obra_TREINO_5/EMBRAMACO_-_TER/PL: 
[PRERENDER] ERRO render STOG Obra_TREINO_5/EMBRAMACO_-_TER/LV: 
[PRERENDER] ERRO render STOG Obra_TREINO_5/EMBRAMACO_-_TER/FV: 
[PRERENDER] AVISO: não salvou manifest em D:\Agente-cad-PYSIDE\validacao_visual\Obra_TREINO_5\EMBRAMACO_-_TER: 
[PRERENDER] ERRO render Gerado Obra_TREINO_6/JFC_-_10PV/PL: 
[PRERENDER] ERRO render Gerado Obra_TREINO_6/JFC_-_10PV/LV: 
[PRERENDER] ERRO inesperado Obra_TREINO_6/JFC_-_10PV/LJ: 
[PRERENDER] AVISO: não salvou manifest em D:\Agente-cad-PYSIDE\validacao_visual\Obra_TREINO_6\JFC_-_10PV: 
[PRERENDER] ERRO render STOG Obra_TREINO_6/JFC_-_11PV/PL: 
[PRERENDER] ERRO render STOG Obra_TREINO_6/JFC_-_11PV/LV: 
[PRERENDER] ERRO render STOG Obra_TREINO_6/JFC_-_11PV/LJ: 
[PRERENDER] AVISO: não salvou manifest em D:\Agente-cad-PYSIDE\validacao_visual\Obra_TREINO_6\JFC_-_11PV: 
[PRERENDER] ERRO inesperado Obra_TREINO_6/JFC_-_12PV/PL: 
[PRERENDER] ERRO render Gerado Obra_TREINO_6/JFC_-_12PV/LV: 
[PRERENDER] ERRO inesperado Obra_TREINO_6/JFC_-_12PV/LJ: 
[PRERENDER] AVISO: não salvou manifest em D:\Agente-cad-PYSIDE\validacao_visual\Obra_TREINO_6\JFC_-_12PV: 
[PRERENDER] ERRO render STOG Obra_TREINO_6/JFC_-_1PV/PL: 
[PRERENDER] ERRO render STOG Obra_TREINO_6/JFC_-_1PV/LV: 
[PRERENDER] ERRO render STOG Obra_TREINO_6/JFC_-_1PV/FV: 
[PRERENDER] ERRO render STOG Obra_TREINO_6/JFC_-_1PV/LJ: 
[PRERENDER] AVISO: não salvou manifest em D:\Agente-cad-PYSIDE\validacao_visual\Obra_TREINO_6\JFC_-_1PV: 
[PRERENDER] ERRO render STOG Obra_TREINO_6/JFC_-_ATC/PL: 
[PRERENDER] ERRO render STOG Obra_TREINO_6/JFC_-_ATC/LV: 
[PRERENDER] ERRO render STOG Obra_TREINO_6/JFC_-_ATC/LJ: 
[PRERENDER] AVISO: não salvou manifest em D:\Agente-cad-PYSIDE\validacao_visual\Obra_TREINO_6\JFC_-_ATC: 
[PRERENDER] ERRO render STOG Obra_TREINO_6/JFC_-_TIP/PL: 
[PRERENDER] ERRO render STOG Obra_TREINO_6/JFC_-_TIP/LV: 
[PRERENDER] ERRO render STOG Obra_TREINO_6/JFC_-_TIP/FV: 
[PRERENDER] ERRO render STOG Obra_TREINO_6/JFC_-_TIP/LJ: 
[PRERENDER] AVISO: não salvou manifest em D:\Agente-cad-PYSIDE\validacao_visual\Obra_TREINO_6\JFC_-_TIP: 
[PRERENDER] ERRO render Gerado Obra_TREINO_8/IONEJI_-_T1_-_1PAV/PL: 
[PRERENDER] ERRO render Gerado Obra_TREINO_8/IONEJI_-_T1_-_1PAV/LV: 
[PRERENDER] ERRO render Gerado Obra_TREINO_8/IONEJI_-_T1_-_1PAV/FV: 
[PRERENDER] ERRO inesperado Obra_TREINO_8/IONEJI_-_T1_-_1PAV/LJ: 
[PRERENDER] AVISO: não salvou manifest em D:\Agente-cad-PYSIDE\validacao_visual\Obra_TREINO_8\IONEJI_-_T1_-_1PAV: 
[PRERENDER] ERRO render STOG Obra_TREINO_8/IONEJI_-_T1_-_2PAV/FV: 
[PRERENDER] ERRO render STOG Obra_TREINO_8/IONEJI_-_T1_-_2PAV/LJ: 
[PRERENDER] AVISO: não salvou manifest em D:\Agente-cad-PYSIDE\validacao_visual\Obra_TREINO_8\IONEJI_-_T1_-_2PAV: 
[PRERENDER] ERRO render STOG Obra_TREINO_8/IONEJI_-_T2_-_1PAV/PL: 
[PRERENDER] AVISO: não salvou manifest em D:\Agente-cad-PYSIDE\validacao_visual\Obra_TREINO_8\IONEJI_-_T2_-_1PAV: 
[PRERENDER] ERRO inesperado Obra_TREINO_9/TORRE_1_-_1PAVIMENTO/PL: 
[PRERENDER] ERRO inesperado Obra_TREINO_9/TORRE_1_-_1PAVIMENTO/LV: 
[PRERENDER] ERRO inesperado Obra_TREINO_9/TORRE_1_-_1PAVIMENTO/FV: 
[PRERENDER] ERRO inesperado Obra_TREINO_9/TORRE_1_-_1PAVIMENTO/LJ: 
[PRERENDER] AVISO: não salvou manifest em D:\Agente-cad-PYSIDE\validacao_visual\Obra_TREINO_9\TORRE_1_-_1PAVIMENTO: 
[PRERENDER] ERRO render STOG Obra_TREINO_9/TORRE_1_-_1PAVIMENTO_-_PERIFERIA/PL: 
[PRERENDER] ERRO render STOG Obra_TREINO_9/TORRE_1_-_1PAVIMENTO_-_PERIFERIA/LV: 
[PRERENDER] ERRO render STOG Obra_TREINO_9/TORRE_1_-_1PAVIMENTO_-_PERIFERIA/LJ: 
[PRERENDER] AVISO: não salvou manifest em D:\Agente-cad-PYSIDE\validacao_visual\Obra_TREINO_9\TORRE_1_-_1PAVIMENTO_-_PERIFERIA: 
[PRERENDER] ERRO inesperado Obra_TREINO_9/TORRE_1_-_TIPO/PL: 
[PRERENDER] ERRO render STOG Obra_TREINO_9/TORRE_1_-_TIPO/LV: 
[PRERENDER] ERRO render STOG Obra_TREINO_9/TORRE_1_-_TIPO/FV: 
[PRERENDER] ERRO render STOG Obra_TREINO_9/TORRE_1_-_TIPO/LJ: 
[PRERENDER] AVISO: não salvou manifest em D:\Agente-cad-PYSIDE\validacao_visual\Obra_TREINO_9\TORRE_1_-_TIPO: 
[PRERENDER] ERRO render STOG Obra_TREINO_9/TORRE_1_-_TÉRREO/PL: 
[PRERENDER] ERRO render STOG Obra_TREINO_9/TORRE_1_-_TÉRREO/LV: 
[PRERENDER] ERRO render STOG Obra_TREINO_9/TORRE_1_-_TÉRREO/FV: 
[PRERENDER] ERRO render STOG Obra_TREINO_9/TORRE_1_-_TÉRREO/LJ: 
[PRERENDER] AVISO: não salvou manifest em D:\Agente-cad-PYSIDE\validacao_visual\Obra_TREINO_9\TORRE_1_-_TÉRREO: 
[PRERENDER] ERRO render STOG Obra_TREINO_9/TORRE_1_-_TÉRREO_-_FUNDAÇÃO/LV: 
[PRERENDER] AVISO: não salvou manifest em D:\Agente-cad-PYSIDE\validacao_visual\Obra_TREINO_9\TORRE_1_-_TÉRREO_-_FUNDAÇÃO: 
[PRERENDER] ERRO render STOG Obra_TREINO_9/TORRE_2_-_1PAVIMENTO/PL: 
[PRERENDER] ERRO render STOG Obra_TREINO_9/TORRE_2_-_1PAVIMENTO/LV: 
[PRERENDER] ERRO render STOG Obra_TREINO_9/TORRE_2_-_1PAVIMENTO/FV: 
[PRERENDER] ERRO render STOG Obra_TREINO_9/TORRE_2_-_1PAVIMENTO/LJ: 
[PRERENDER] AVISO: não salvou manifest em D:\Agente-cad-PYSIDE\validacao_visual\Obra_TREINO_9\TORRE_2_-_1PAVIMENTO: 
[PRERENDER] ERRO render STOG Obra_TREINO_9/TORRE_2_-_2PAV/LJ: 
[PRERENDER] AVISO: não salvou manifest em D:\Agente-cad-PYSIDE\validacao_visual\Obra_TREINO_9\TORRE_2_-_2PAV: 
[PRERENDER] ERRO render STOG Obra_TREINO_9/TORRE_2_-_BARRILETE/PL: 
[PRERENDER] ERRO render STOG Obra_TREINO_9/TORRE_2_-_BARRILETE/LV: 
[PRERENDER] ERRO render STOG Obra_TREINO_9/TORRE_2_-_BARRILETE/FV: 
[PRERENDER] ERRO render STOG Obra_TREINO_9/TORRE_2_-_BARRILETE/LJ: 
[PRERENDER] AVISO: não salvou manifest em D:\Agente-cad-PYSIDE\validacao_visual\Obra_TREINO_9\TORRE_2_-_BARRILETE: 
[PRERENDER] ERRO render STOG Obra_TREINO_9/TORRE_2_-_COBERTURA/PL: 
[PRERENDER] ERRO render STOG Obra_TREINO_9/TORRE_2_-_COBERTURA/LV: 
[PRERENDER] ERRO render STOG Obra_TREINO_9/TORRE_2_-_COBERTURA/FV: 
[PRERENDER] AVISO: não salvou manifest em D:\Agente-cad-PYSIDE\validacao_visual\Obra_TREINO_9\TORRE_2_-_COBERTURA: 
[PRERENDER] ERRO render STOG Obra_TREINO_9/TORRE_2_-_TIPO/PL: 
[PRERENDER] ERRO render STOG Obra_TREINO_9/TORRE_2_-_TIPO/LV: 
[PRERENDER] ERRO render STOG Obra_TREINO_9/TORRE_2_-_TIPO/FV: 
[PRERENDER] ERRO render STOG Obra_TREINO_9/TORRE_2_-_TIPO/LJ: 
[PRERENDER] AVISO: não salvou manifest em D:\Agente-cad-PYSIDE\validacao_visual\Obra_TREINO_9\TORRE_2_-_TIPO: 
[PRERENDER] ERRO render STOG Obra_TREINO_9/TORRE_2_-_TÉRREO/PL: 
[PRERENDER] ERRO render STOG Obra_TREINO_9/TORRE_2_-_TÉRREO/LV: 
[PRERENDER] ERRO render STOG Obra_TREINO_9/TORRE_2_-_TÉRREO/FV: 
[PRERENDER] ERRO render STOG Obra_TREINO_9/TORRE_2_-_TÉRREO/LJ: 
[PRERENDER] AVISO: não salvou manifest em D:\Agente-cad-PYSIDE\validacao_visual\Obra_TREINO_9\TORRE_2_-_TÉRREO: 
[PRERENDER] ERRO render STOG Obra_TREINO_9/TORRE_2_-_TÉRREO_-_PERIFERIA/PL: 
[PRERENDER] ERRO render STOG Obra_TREINO_9/TORRE_2_-_TÉRREO_-_PERIFERIA/LV: 
[PRERENDER] ERRO render STOG Obra_TREINO_9/TORRE_2_-_TÉRREO_-_PERIFERIA/FV: 
[PRERENDER] ERRO render STOG Obra_TREINO_9/TORRE_2_-_TÉRREO_-_PERIFERIA/LJ: 
[PRERENDER] AVISO: não salvou manifest em D:\Agente-cad-PYSIDE\validacao_visual\Obra_TREINO_9\TORRE_2_-_TÉRREO_-_PERIFERIA: 
[PRERENDER] Varredura concluída: renderizados=30 prontos=328 erros=34 [ts=2026-05-23T07:30:44Z]
[PRERENDER] Aguardando 60s até próxima varredura...
[PRERENDER] Iniciando varredura: 19 obras [ts=2026-05-23T07:31:44Z]
[PRERENDER] Obra_TREINO_1/13PAV/PL → renderizado (67KB) [ts=2026-05-23T07:31:45Z]
[PRERENDER] ERRO render Gerado Obra_TREINO_1/13PAV/LV: bad allocation
[PRERENDER] ERRO render Gerado Obra_TREINO_1/13PAV/FV: 
[PRERENDER] Obra_TREINO_1/13PAV/LJ → renderizado (261KB) [ts=2026-05-23T07:32:31Z]
[PRERENDER] Obra_TREINO_1/14PAV/PL → renderizado (67KB) [ts=2026-05-23T07:32:32Z]
[PRERENDER] ERRO render Gerado Obra_TREINO_1/14PAV/LV: bad allocation
[PRERENDER] ERRO render Gerado Obra_TREINO_1/14PAV/LJ: bad allocation
[PRERENDER] ERRO render Gerado Obra_TREINO_1/1PAV/PL: bad allocation
[PRERENDER] ERRO render Gerado Obra_TREINO_1/1PAV/LV: 
[PRERENDER] ERRO render Gerado Obra_TREINO_1/1PAV/FV: Unable to allocate 4.79 MiB for an array with shape (332, 1890) and data type int64
[PRERENDER] ERRO render Gerado Obra_TREINO_1/1PAV/LJ: bad allocation
[PRERENDER] ERRO render Gerado Obra_TREINO_1/2PAV/PL: bad allocation
[PRERENDER] ERRO render Gerado Obra_TREINO_1/2PAV/LV: 
[PRERENDER] Obra_TREINO_1/2PAV/FV → renderizado (107KB) [ts=2026-05-23T07:33:32Z]
[PRERENDER] Obra_TREINO_1/2PAV/LJ → renderizado (313KB) [ts=2026-05-23T07:33:36Z]
[PRERENDER] Obra_TREINO_1/PARAISO_-_COBERTURA_-_DECK/PL → renderizado (67KB) [ts=2026-05-23T07:33:38Z]
[PRERENDER] ERRO render Gerado Obra_TREINO_1/PARAISO_-_COBERTURA_-_DECK/LV: 
[PRERENDER] ERRO render Gerado Obra_TREINO_1/PARAISO_-_COBERTURA_-_DECK/LJ: bad allocation
[PRERENDER] ERRO render Gerado Obra_TREINO_1/TIPO_-_3_AO_12PAV/PL: bad allocation
[PRERENDER] ERRO inesperado Obra_TREINO_1/TIPO_-_3_AO_12PAV/LV: 
[PRERENDER] ERRO render Gerado Obra_TREINO_1/TIPO_-_3_AO_12PAV/FV: 
[PRERENDER] ERRO inesperado Obra_TREINO_1/TIPO_-_3_AO_12PAV/LJ: 
[PRERENDER] AVISO: não salvou manifest em D:\Agente-cad-PYSIDE\validacao_visual\Obra_TREINO_1\TIPO_-_3_AO_12PAV: 
[PRERENDER] SKIP Obra_TREINO_1/TÉRREO/LV — DXF muito grande (54MB > 20MB)
[PRERENDER] AVISO: não salvou manifest em D:\Agente-cad-PYSIDE\validacao_visual\Obra_TREINO_1\TÉRREO: 
[PRERENDER] ERRO inesperado Obra_TREINO_10/1PAV/LV: 
[PRERENDER] ERRO inesperado Obra_TREINO_10/1PAV/FV: 
[PRERENDER] AVISO: não salvou manifest em D:\Agente-cad-PYSIDE\validacao_visual\Obra_TREINO_10\1PAV: 
[PRERENDER] ERRO render Gerado Obra_TREINO_10/1SS_-_TRECHO_1/PL: bad allocation
[PRERENDER] SKIP Obra_TREINO_10/1SS_-_TRECHO_1/LV — DXF muito grande (119MB > 20MB)
[PRERENDER] SKIP Obra_TREINO_10/1SS_-_TRECHO_1/FV — DXF muito grande (115MB > 20MB)
[PRERENDER] SKIP Obra_TREINO_10/1SS_-_TRECHO_1/LJ — DXF muito grande (117MB > 20MB)
[PRERENDER] AVISO: não salvou manifest em D:\Agente-cad-PYSIDE\validacao_visual\Obra_TREINO_10\1SS_-_TRECHO_1: 
[PRERENDER] ERRO render Gerado Obra_TREINO_10/1SS_-_TRECHO_2/PL: bad allocation
[PRERENDER] SKIP Obra_TREINO_10/1SS_-_TRECHO_2/LV — DXF muito grande (119MB > 20MB)
[PRERENDER] SKIP Obra_TREINO_10/1SS_-_TRECHO_2/FV — DXF muito grande (123MB > 20MB)
[PRERENDER] AVISO: não salvou manifest em D:\Agente-cad-PYSIDE\validacao_visual\Obra_TREINO_10\1SS_-_TRECHO_2: 
[PRERENDER] SKIP Obra_TREINO_10/1SS_-_TRECHO_3/LV — DXF muito grande (78MB > 20MB)
[PRERENDER] ERRO render Gerado Obra_TREINO_10/1SS_-_TRECHO_3/FV: 
[PRERENDER] AVISO: não salvou manifest em D:\Agente-cad-PYSIDE\validacao_visual\Obra_TREINO_10\1SS_-_TRECHO_3: 
[PRERENDER] SKIP Obra_TREINO_10/1SS_-_TRECHO_I/LV — DXF muito grande (121MB > 20MB)
[PRERENDER] AVISO: não salvou manifest em D:\Agente-cad-PYSIDE\validacao_visual\Obra_TREINO_10\1SS_-_TRECHO_I: [Errno 2] No such file or directory: 'D:\\Agente-cad-PYSIDE\\validacao_visual\\Obra_TREINO_10\\1SS_-_TRECHO_I\\prerender_manifest.json'
[PRERENDER] ERRO render Gerado Obra_TREINO_10/2PAV/LV: 
[PRERENDER] ERRO render Gerado Obra_TREINO_10/2PAV/FV: 
[PRERENDER] AVISO: não salvou manifest em D:\Agente-cad-PYSIDE\validacao_visual\Obra_TREINO_10\2PAV: 
[PRERENDER] SKIP Obra_TREINO_10/2SS/LJ — DXF muito grande (120MB > 20MB)
[PRERENDER] AVISO: não salvou manifest em D:\Agente-cad-PYSIDE\validacao_visual\Obra_TREINO_10\2SS: [Errno 2] No such file or directory: 'D:\\Agente-cad-PYSIDE\\validacao_visual\\Obra_TREINO_10\\2SS\\prerender_manifest.json'
[PRERENDER] SKIP Obra_TREINO_10/2SS_-_TRECHO_1/PL — DXF muito grande (650MB > 20MB)
[PRERENDER] SKIP Obra_TREINO_10/2SS_-_TRECHO_1/LV — DXF muito grande (121MB > 20MB)
[PRERENDER] SKIP Obra_TREINO_10/2SS_-_TRECHO_1/FV — DXF muito grande (112MB > 20MB)
[PRERENDER] SKIP Obra_TREINO_10/2SS_-_TRECHO_1/LJ — DXF muito grande (116MB > 20MB)
[PRERENDER] AVISO: não salvou manifest em D:\Agente-cad-PYSIDE\validacao_visual\Obra_TREINO_10\2SS_-_TRECHO_1: 
[PRERENDER] SKIP Obra_TREINO_10/2SS_-_TRECHO_2/PL — DXF muito grande (645MB > 20MB)
[PRERENDER] SKIP Obra_TREINO_10/2SS_-_TRECHO_2/LV — DXF muito grande (119MB > 20MB)
[PRERENDER] SKIP Obra_TREINO_10/2SS_-_TRECHO_2/FV — DXF muito grande (111MB > 20MB)
[PRERENDER] AVISO: não salvou manifest em D:\Agente-cad-PYSIDE\validacao_visual\Obra_TREINO_10\2SS_-_TRECHO_2: [Errno 2] No such file or directory: 'D:\\Agente-cad-PYSIDE\\validacao_visual\\Obra_TREINO_10\\2SS_-_TRECHO_2\\prerender_manifest.json'
[PRERENDER] ERRO render STOG Obra_TREINO_10/2SS_-_TRECHO_3/LV: 
[PRERENDER] SKIP Obra_TREINO_10/2SS_-_TRECHO_3/FV — DXF muito grande (114MB > 20MB)
[PRERENDER] AVISO: não salvou manifest em D:\Agente-cad-PYSIDE\validacao_visual\Obra_TREINO_10\2SS_-_TRECHO_3: 
[PRERENDER] ERRO render STOG Obra_TREINO_10/3PAV/LV: 
[PRERENDER] ERRO render STOG Obra_TREINO_10/3PAV/FV: 
[PRERENDER] AVISO: não salvou manifest em D:\Agente-cad-PYSIDE\validacao_visual\Obra_TREINO_10\3PAV: 
[PRERENDER] SKIP Obra_TREINO_10/4PAV/PL — DXF muito grande (29MB > 20MB)
[PRERENDER] ERRO render STOG Obra_TREINO_10/4PAV/LV: 
[PRERENDER] ERRO render STOG Obra_TREINO_10/4PAV/FV: 
[PRERENDER] AVISO: não salvou manifest em D:\Agente-cad-PYSIDE\validacao_visual\Obra_TREINO_10\4PAV: 
[PRERENDER] ERRO render STOG Obra_TREINO_10/5PAV/PL: 
[PRERENDER] ERRO render STOG Obra_TREINO_10/5PAV/LV: 
[PRERENDER] ERRO render STOG Obra_TREINO_10/5PAV/FV: 
[PRERENDER] AVISO: não salvou manifest em D:\Agente-cad-PYSIDE\validacao_visual\Obra_TREINO_10\5PAV: 
[PRERENDER] ERRO render STOG Obra_TREINO_10/6PAV/PL: 
[PRERENDER] ERRO render STOG Obra_TREINO_10/6PAV/LV: 
[PRERENDER] ERRO render STOG Obra_TREINO_10/6PAV/FV: 
[PRERENDER] AVISO: não salvou manifest em D:\Agente-cad-PYSIDE\validacao_visual\Obra_TREINO_10\6PAV: 
[PRERENDER] ERRO render STOG Obra_TREINO_10/7_E_8PAV/FV: 
[PRERENDER] AVISO: não salvou manifest em D:\Agente-cad-PYSIDE\validacao_visual\Obra_TREINO_10\7_E_8PAV: 
[PRERENDER] ERRO render STOG Obra_TREINO_10/7PAV/PL: 
[PRERENDER] ERRO render STOG Obra_TREINO_10/7PAV/LV: 
[PRERENDER] AVISO: não salvou manifest em D:\Agente-cad-PYSIDE\validacao_visual\Obra_TREINO_10\7PAV: 
[PRERENDER] ERRO render STOG Obra_TREINO_10/8_E_9PAV/PL: 
[PRERENDER] ERRO render STOG Obra_TREINO_10/8_E_9PAV/LV: 
[PRERENDER] AVISO: não salvou manifest em D:\Agente-cad-PYSIDE\validacao_visual\Obra_TREINO_10\8_E_9PAV: 
[PRERENDER] ERRO render STOG Obra_TREINO_10/9PAV/FV: 
[PRERENDER] AVISO: não salvou manifest em D:\Agente-cad-PYSIDE\validacao_visual\Obra_TREINO_10\9PAV: 
[PRERENDER] ERRO render STOG Obra_TREINO_10/HOSPITAL_ASSUNÇÃO-1PAV/PL: 
[PRERENDER] AVISO: não salvou manifest em D:\Agente-cad-PYSIDE\validacao_visual\Obra_TREINO_10\HOSPITAL_ASSUNÇÃO-1PAV: 
[PRERENDER] ERRO render STOG Obra_TREINO_10/HOSPITAL_ASSUNÇÃO-2PAV/PL: 
[PRERENDER] AVISO: não salvou manifest em D:\Agente-cad-PYSIDE\validacao_visual\Obra_TREINO_10\HOSPITAL_ASSUNÇÃO-2PAV: 
[PRERENDER] ERRO render STOG Obra_TREINO_10/HOSPITAL_ASSUNÇÃO-3PAV/PL: 
[PRERENDER] AVISO: não salvou manifest em D:\Agente-cad-PYSIDE\validacao_visual\Obra_TREINO_10\HOSPITAL_ASSUNÇÃO-3PAV: 
[PRERENDER] ERRO render STOG Obra_TREINO_10/TERREO_-_TRECHO_1/FV: 
[PRERENDER] AVISO: não salvou manifest em D:\Agente-cad-PYSIDE\validacao_visual\Obra_TREINO_10\TERREO_-_TRECHO_1: 
[PRERENDER] ERRO render STOG Obra_TREINO_10/TERREO_-_TRECHO_2/FV: 
[PRERENDER] AVISO: não salvou manifest em D:\Agente-cad-PYSIDE\validacao_visual\Obra_TREINO_10\TERREO_-_TRECHO_2: 
[PRERENDER] ERRO render STOG Obra_TREINO_10/TERREO_-_TRECHO_3/FV: 
[PRERENDER] AVISO: não salvou manifest em D:\Agente-cad-PYSIDE\validacao_visual\Obra_TREINO_10\TERREO_-_TRECHO_3: 
[PRERENDER] ERRO inesperado Obra_TREINO_10/TRECHO_3_-_1SS/PL: [Errno 22] Invalid argument
[PRERENDER] ERRO render STOG Obra_TREINO_10/TRECHO_3_-_1SS/LV: 
[PRERENDER] ERRO render STOG Obra_TREINO_10/TRECHO_3_-_1SS/FV: 
[PRERENDER] AVISO: não salvou manifest em D:\Agente-cad-PYSIDE\validacao_visual\Obra_TREINO_10\TRECHO_3_-_1SS: 
[PRERENDER] SKIP Obra_TREINO_10/TRECHO_3_-_2SS/PL — DXF muito grande (651MB > 20MB)
[PRERENDER] SKIP Obra_TREINO_10/TRECHO_3_-_2SS/LV — DXF muito grande (120MB > 20MB)
[PRERENDER] SKIP Obra_TREINO_10/TRECHO_3_-_2SS/FV — DXF muito grande (114MB > 20MB)
[PRERENDER] AVISO: não salvou manifest em D:\Agente-cad-PYSIDE\validacao_visual\Obra_TREINO_10\TRECHO_3_-_2SS: 
[PRERENDER] ERRO render STOG Obra_TREINO_10/TRECHO_3_-_TÉRREO/PL: 
[PRERENDER] ERRO render STOG Obra_TREINO_10/TRECHO_3_-_TÉRREO/LV: 
[PRERENDER] AVISO: não salvou manifest em D:\Agente-cad-PYSIDE\validacao_visual\Obra_TREINO_10\TRECHO_3_-_TÉRREO: 
[PRERENDER] ERRO render STOG Obra_TREINO_10/TÉRREO_-_TRECHO_1/PL: 
[PRERENDER] SKIP Obra_TREINO_10/TÉRREO_-_TRECHO_1/LV — DXF muito grande (124MB > 20MB)
[PRERENDER] AVISO: não salvou manifest em D:\Agente-cad-PYSIDE\validacao_visual\Obra_TREINO_10\TÉRREO_-_TRECHO_1: 
[PRERENDER] ERRO render STOG Obra_TREINO_10/TÉRREO_-_TRECHO_2/PL: 
[PRERENDER] SKIP Obra_TREINO_10/TÉRREO_-_TRECHO_2/LV — DXF muito grande (119MB > 20MB)
[PRERENDER] AVISO: não salvou manifest em D:\Agente-cad-PYSIDE\validacao_visual\Obra_TREINO_10\TÉRREO_-_TRECHO_2: 
[PRERENDER] ERRO render STOG Obra_TREINO_10/TÉRREO_-_TRECHO_3/LV: 
[PRERENDER] AVISO: não salvou manifest em D:\Agente-cad-PYSIDE\validacao_visual\Obra_TREINO_10\TÉRREO_-_TRECHO_3: 
[PRERENDER] ERRO inesperado Obra_TREINO_11/GWT_-_1PV/PL: [Errno 22] Invalid argument
[PRERENDER] ERRO inesperado Obra_TREINO_11/GWT_-_1PV/LV: 
[PRERENDER] ERRO inesperado Obra_TREINO_11/GWT_-_1PV/FV: [Errno 22] Invalid argument
[PRERENDER] ERRO inesperado Obra_TREINO_11/GWT_-_1PV/LJ: 
[PRERENDER] AVISO: não salvou manifest em D:\Agente-cad-PYSIDE\validacao_visual\Obra_TREINO_11\GWT_-_1PV: 
[PRERENDER] SKIP Obra_TREINO_11/GWT_-_1SS/PL — DXF muito grande (647MB > 20MB)
[PRERENDER] SKIP Obra_TREINO_11/GWT_-_1SS/LV — DXF muito grande (122MB > 20MB)
[PRERENDER] SKIP Obra_TREINO_11/GWT_-_1SS/FV — DXF muito grande (112MB > 20MB)
[PRERENDER] SKIP Obra_TREINO_11/GWT_-_1SS/LJ — DXF muito grande (120MB > 20MB)
[PRERENDER] AVISO: não salvou manifest em D:\Agente-cad-PYSIDE\validacao_visual\Obra_TREINO_11\GWT_-_1SS: 
[PRERENDER] ERRO render STOG Obra_TREINO_11/GWT_-_2PV/PL: 
[PRERENDER] ERRO render STOG Obra_TREINO_11/GWT_-_2PV/LV: 
[PRERENDER] ERRO render STOG Obra_TREINO_11/GWT_-_2PV/FV: 
[PRERENDER] ERRO render STOG Obra_TREINO_11/GWT_-_2PV/LJ: 
[PRERENDER] AVISO: não salvou manifest em D:\Agente-cad-PYSIDE\validacao_visual\Obra_TREINO_11\GWT_-_2PV: 
[PRERENDER] ERRO render STOG Obra_TREINO_11/GWT_-_5PV/PL: 
[PRERENDER] ERRO render STOG Obra_TREINO_11/GWT_-_5PV/LV: 
[PRERENDER] ERRO render STOG Obra_TREINO_11/GWT_-_5PV/FV: 
[PRERENDER] ERRO render STOG Obra_TREINO_11/GWT_-_5PV/LJ: 
[PRERENDER] AVISO: não salvou manifest em D:\Agente-cad-PYSIDE\validacao_visual\Obra_TREINO_11\GWT_-_5PV: 
[PRERENDER] ERRO render STOG Obra_TREINO_11/GWT_-_6PV/PL: 
[PRERENDER] ERRO render STOG Obra_TREINO_11/GWT_-_6PV/LV: 
[PRERENDER] ERRO render STOG Obra_TREINO_11/GWT_-_6PV/FV: 
[PRERENDER] ERRO render STOG Obra_TREINO_11/GWT_-_6PV/LJ: 
[PRERENDER] AVISO: não salvou manifest em D:\Agente-cad-PYSIDE\validacao_visual\Obra_TREINO_11\GWT_-_6PV: 
[PRERENDER] ERRO render STOG Obra_TREINO_11/GWT_-_BCE/PL: 
[PRERENDER] ERRO render STOG Obra_TREINO_11/GWT_-_BCE/LV: 
[PRERENDER] ERRO render STOG Obra_TREINO_11/GWT_-_BCE/FV: 
[PRERENDER] ERRO render STOG Obra_TREINO_11/GWT_-_BCE/LJ: 
[PRERENDER] AVISO: não salvou manifest em D:\Agente-cad-PYSIDE\validacao_visual\Obra_TREINO_11\GWT_-_BCE: 
[PRERENDER] ERRO render STOG Obra_TREINO_11/GWT_-_BCE_-_PER/FV: 
[PRERENDER] AVISO: não salvou manifest em D:\Agente-cad-PYSIDE\validacao_visual\Obra_TREINO_11\GWT_-_BCE_-_PER: 
[PRERENDER] SKIP Obra_TREINO_11/GWT_-_TER/PL — DXF muito grande (648MB > 20MB)
[PRERENDER] SKIP Obra_TREINO_11/GWT_-_TER/LV — DXF muito grande (135MB > 20MB)
[PRERENDER] SKIP Obra_TREINO_11/GWT_-_TER/FV — DXF muito grande (113MB > 20MB)
[PRERENDER] SKIP Obra_TREINO_11/GWT_-_TER/LJ — DXF muito grande (120MB > 20MB)
[PRERENDER] AVISO: não salvou manifest em D:\Agente-cad-PYSIDE\validacao_visual\Obra_TREINO_11\GWT_-_TER: 
[PRERENDER] ERRO render STOG Obra_TREINO_11/GWT_-_TIP/PL: 
[PRERENDER] ERRO render STOG Obra_TREINO_11/GWT_-_TIP/LV: 
[PRERENDER] ERRO render STOG Obra_TREINO_11/GWT_-_TIP/FV: 
[PRERENDER] ERRO render STOG Obra_TREINO_11/GWT_-_TIP/LJ: 
[PRERENDER] AVISO: não salvou manifest em D:\Agente-cad-PYSIDE\validacao_visual\Obra_TREINO_11\GWT_-_TIP: 
[PRERENDER] SKIP Obra_TREINO_11/GWT_-_TRI_-_TRII_-_1SS/PL — DXF muito grande (643MB > 20MB)
[PRERENDER] SKIP Obra_TREINO_11/GWT_-_TRI_-_TRII_-_1SS/LV — DXF muito grande (118MB > 20MB)
[PRERENDER] AVISO: não salvou manifest em D:\Agente-cad-PYSIDE\validacao_visual\Obra_TREINO_11\GWT_-_TRI_-_TRII_-_1SS: [Errno 2] No such file or directory: 'D:\\Agente-cad-PYSIDE\\validacao_visual\\Obra_TREINO_11\\GWT_-_TRI_-_TRII_-_1SS\\prerender_manifest.json'
[PRERENDER] ERRO render Gerado Obra_TREINO_13/1PV/PL: 
[PRERENDER] ERRO inesperado Obra_TREINO_13/1PV/LV: 
[PRERENDER] ERRO inesperado Obra_TREINO_13/1PV/FV: [Errno 22] Invalid argument
[PRERENDER] ERRO inesperado Obra_TREINO_13/1PV/LJ: 
[PRERENDER] AVISO: não salvou manifest em D:\Agente-cad-PYSIDE\validacao_visual\Obra_TREINO_13\1PV: 
[PRERENDER] ERRO inesperado Obra_TREINO_13/1SI/PL: [Errno 22] Invalid argument
[PRERENDER] ERRO inesperado Obra_TREINO_13/1SI/LV: [Errno 22] Invalid argument
[PRERENDER] ERRO render STOG Obra_TREINO_13/1SI/FV: 
[PRERENDER] ERRO render STOG Obra_TREINO_13/1SI/LJ: 
[PRERENDER] AVISO: não salvou manifest em D:\Agente-cad-PYSIDE\validacao_visual\Obra_TREINO_13\1SI: 
[PRERENDER] ERRO inesperado Obra_TREINO_13/1SS/PL: [Errno 22] Invalid argument
[PRERENDER] ERRO render STOG Obra_TREINO_13/1SS/LV: 
[PRERENDER] ERRO render STOG Obra_TREINO_13/1SS/FV: 
[PRERENDER] ERRO render STOG Obra_TREINO_13/1SS/LJ: 
[PRERENDER] AVISO: não salvou manifest em D:\Agente-cad-PYSIDE\validacao_visual\Obra_TREINO_13\1SS: 
[PRERENDER] ERRO inesperado Obra_TREINO_13/2PV/PL: [Errno 22] Invalid argument
[PRERENDER] ERRO render STOG Obra_TREINO_13/2PV/LV: 
[PRERENDER] ERRO render STOG Obra_TREINO_13/2PV/FV: 
[PRERENDER] ERRO render STOG Obra_TREINO_13/2PV/LJ: 
[PRERENDER] AVISO: não salvou manifest em D:\Agente-cad-PYSIDE\validacao_visual\Obra_TREINO_13\2PV: 
[PRERENDER] ERRO inesperado Obra_TREINO_13/2SI/PL: [Errno 22] Invalid argument
[PRERENDER] ERRO render STOG Obra_TREINO_13/2SI/LV: 
[PRERENDER] ERRO render STOG Obra_TREINO_13/2SI/FV: 
[PRERENDER] ERRO render STOG Obra_TREINO_13/2SI/LJ: 
[PRERENDER] AVISO: não salvou manifest em D:\Agente-cad-PYSIDE\validacao_visual\Obra_TREINO_13\2SI: 
[PRERENDER] ERRO render Gerado Obra_TREINO_13/2SS/PL: 
[PRERENDER] ERRO render STOG Obra_TREINO_13/2SS/LV: 
[PRERENDER] ERRO render STOG Obra_TREINO_13/2SS/FV: 
[PRERENDER] ERRO render STOG Obra_TREINO_13/2SS/LJ: 
[PRERENDER] AVISO: não salvou manifest em D:\Agente-cad-PYSIDE\validacao_visual\Obra_TREINO_13\2SS: 
[PRERENDER] ERRO render STOG Obra_TREINO_13/3PV/LV: 
[PRERENDER] ERRO render STOG Obra_TREINO_13/3PV/FV: 
[PRERENDER] ERRO render STOG Obra_TREINO_13/3PV/LJ: 
[PRERENDER] AVISO: não salvou manifest em D:\Agente-cad-PYSIDE\validacao_visual\Obra_TREINO_13\3PV: 
[PRERENDER] ERRO render STOG Obra_TREINO_13/3SS/PL: 
[PRERENDER] ERRO render STOG Obra_TREINO_13/3SS/LV: 
[PRERENDER] ERRO render STOG Obra_TREINO_13/3SS/FV: 
[PRERENDER] ERRO render STOG Obra_TREINO_13/3SS/LJ: 
[PRERENDER] AVISO: não salvou manifest em D:\Agente-cad-PYSIDE\validacao_visual\Obra_TREINO_13\3SS: 
[PRERENDER] ERRO render STOG Obra_TREINO_13/4PV/PL: 
[PRERENDER] ERRO render STOG Obra_TREINO_13/4PV/LV: 
[PRERENDER] ERRO render STOG Obra_TREINO_13/4PV/FV: 
[PRERENDER] ERRO render STOG Obra_TREINO_13/4PV/LJ: 
[PRERENDER] AVISO: não salvou manifest em D:\Agente-cad-PYSIDE\validacao_visual\Obra_TREINO_13\4PV: 
[PRERENDER] ERRO render STOG Obra_TREINO_13/4SS/PL: 
[PRERENDER] ERRO render STOG Obra_TREINO_13/4SS/LV: 
[PRERENDER] ERRO render STOG Obra_TREINO_13/4SS/FV: 
[PRERENDER] ERRO render STOG Obra_TREINO_13/4SS/LJ: 
[PRERENDER] AVISO: não salvou manifest em D:\Agente-cad-PYSIDE\validacao_visual\Obra_TREINO_13\4SS: 
[PRERENDER] ERRO render STOG Obra_TREINO_13/5PV/PL: 
[PRERENDER] ERRO render STOG Obra_TREINO_13/5PV/LV: 
[PRERENDER] ERRO render STOG Obra_TREINO_13/5PV/FV: 
[PRERENDER] ERRO render STOG Obra_TREINO_13/5PV/LJ: 
[PRERENDER] AVISO: não salvou manifest em D:\Agente-cad-PYSIDE\validacao_visual\Obra_TREINO_13\5PV: 
[PRERENDER] ERRO render STOG Obra_TREINO_13/6PV/PL: 
[PRERENDER] ERRO render STOG Obra_TREINO_13/6PV/LV: 
[PRERENDER] ERRO render STOG Obra_TREINO_13/6PV/FV: 
[PRERENDER] ERRO render STOG Obra_TREINO_13/6PV/LJ: 
[PRERENDER] AVISO: não salvou manifest em D:\Agente-cad-PYSIDE\validacao_visual\Obra_TREINO_13\6PV: 
[PRERENDER] ERRO render STOG Obra_TREINO_13/ATICO/PL: 
[PRERENDER] ERRO render STOG Obra_TREINO_13/ATICO/LV: 
[PRERENDER] ERRO render STOG Obra_TREINO_13/ATICO/LJ: 
[PRERENDER] AVISO: não salvou manifest em D:\Agente-cad-PYSIDE\validacao_visual\Obra_TREINO_13\ATICO: 
[PRERENDER] ERRO render STOG Obra_TREINO_13/TER/PL: 
[PRERENDER] ERRO render STOG Obra_TREINO_13/TER/LV: 
[PRERENDER] ERRO render STOG Obra_TREINO_13/TER/FV: 
[PRERENDER] ERRO render STOG Obra_TREINO_13/TER/LJ: 
[PRERENDER] AVISO: não salvou manifest em D:\Agente-cad-PYSIDE\validacao_visual\Obra_TREINO_13\TER: 
[PRERENDER] ERRO inesperado Obra_TREINO_13/TIPO/PL: 
[PRERENDER] ERRO inesperado Obra_TREINO_13/TIPO/LV: 
[PRERENDER] ERRO inesperado Obra_TREINO_13/TIPO/FV: 
[PRERENDER] ERRO inesperado Obra_TREINO_13/TIPO/LJ: 
[PRERENDER] AVISO: não salvou manifest em D:\Agente-cad-PYSIDE\validacao_visual\Obra_TREINO_13\TIPO: 
[PRERENDER] ERRO render Gerado Obra_TREINO_14/ARRAIA_-_1PAV/PL: bad allocation
[PRERENDER] ERRO inesperado Obra_TREINO_14/ARRAIA_-_1PAV/LV: [Errno 22] Invalid argument
[PRERENDER] ERRO inesperado Obra_TREINO_14/ARRAIA_-_1PAV/FV: 
[PRERENDER] ERRO inesperado Obra_TREINO_14/ARRAIA_-_1PAV/LJ: 
[PRERENDER] AVISO: não salvou manifest em D:\Agente-cad-PYSIDE\validacao_visual\Obra_TREINO_14\ARRAIA_-_1PAV: 
[PRERENDER] SKIP Obra_TREINO_14/ARRAIA_-_1PV/LJ — DXF muito grande (38MB > 20MB)
[PRERENDER] AVISO: não salvou manifest em D:\Agente-cad-PYSIDE\validacao_visual\Obra_TREINO_14\ARRAIA_-_1PV: [Errno 2] No such file or directory: 'D:\\Agente-cad-PYSIDE\\validacao_visual\\Obra_TREINO_14\\ARRAIA_-_1PV\\prerender_manifest.json'
[PRERENDER] SKIP Obra_TREINO_14/ARRAIA_-_2PAV/PL — DXF muito grande (347MB > 20MB)
[PRERENDER] ERRO render STOG Obra_TREINO_14/ARRAIA_-_2PAV/LV: 
[PRERENDER] ERRO render STOG Obra_TREINO_14/ARRAIA_-_2PAV/FV: 
[PRERENDER] ERRO render STOG Obra_TREINO_14/ARRAIA_-_2PAV/LJ: 
[PRERENDER] AVISO: não salvou manifest em D:\Agente-cad-PYSIDE\validacao_visual\Obra_TREINO_14\ARRAIA_-_2PAV: 
[PRERENDER] AVISO: não salvou manifest em D:\Agente-cad-PYSIDE\validacao_visual\Obra_TREINO_15\IPEROIG_-_TIP: 
[PRERENDER] ERRO inesperado Obra_TREINO_15/LO_-_6PV/PL: 
[PRERENDER] SKIP Obra_TREINO_15/LO_-_6PV/LV — DXF muito grande (123MB > 20MB)
[PRERENDER] SKIP Obra_TREINO_15/LO_-_6PV/FV — DXF muito grande (111MB > 20MB)
[PRERENDER] ERRO render Gerado Obra_TREINO_15/LO_-_6PV/LJ: 
[PRERENDER] AVISO: não salvou manifest em D:\Agente-cad-PYSIDE\validacao_visual\Obra_TREINO_15\LO_-_6PV: 
[PRERENDER] SKIP Obra_TREINO_15/LO_-_6PV_-_TIP_-_DINF/LV — DXF muito grande (123MB > 20MB)
[PRERENDER] AVISO: não salvou manifest em D:\Agente-cad-PYSIDE\validacao_visual\Obra_TREINO_15\LO_-_6PV_-_TIP_-_DINF: [Errno 2] No such file or directory: 'D:\\Agente-cad-PYSIDE\\validacao_visual\\Obra_TREINO_15\\LO_-_6PV_-_TIP_-_DINF\\prerender_manifest.json'
[PRERENDER] ERRO render STOG Obra_TREINO_15/LO_-_6PV_-_TP_-_DINF/LV: 
[PRERENDER] AVISO: não salvou manifest em D:\Agente-cad-PYSIDE\validacao_visual\Obra_TREINO_15\LO_-_6PV_-_TP_-_DINF: 
[PRERENDER] ERRO render STOG Obra_TREINO_15/LO_-_DINF/FV: 
[PRERENDER] AVISO: não salvou manifest em D:\Agente-cad-PYSIDE\validacao_visual\Obra_TREINO_15\LO_-_DINF: 
[PRERENDER] ERRO render STOG Obra_TREINO_15/LO_-_TIP/FV: 
[PRERENDER] ERRO render STOG Obra_TREINO_15/LO_-_TIP/LJ: 
[PRERENDER] AVISO: não salvou manifest em D:\Agente-cad-PYSIDE\validacao_visual\Obra_TREINO_15\LO_-_TIP: 
[PRERENDER] ERRO render STOG Obra_TREINO_15/LO_-_TIP_-_DINF/PL: 
[PRERENDER] SKIP Obra_TREINO_15/LO_-_TIP_-_DINF/LV — DXF muito grande (123MB > 20MB)
[PRERENDER] SKIP Obra_TREINO_15/LO_-_TIP_-_DINF/FV — DXF muito grande (111MB > 20MB)
[PRERENDER] SKIP Obra_TREINO_15/LO_-_TIP_-_DINF/LJ — DXF muito grande (119MB > 20MB)
[PRERENDER] AVISO: não salvou manifest em D:\Agente-cad-PYSIDE\validacao_visual\Obra_TREINO_15\LO_-_TIP_-_DINF: 
[PRERENDER] SKIP Obra_TREINO_16/VALDIR_NIEMEYER_-_1PV/PL — DXF muito grande (655MB > 20MB)
[PRERENDER] SKIP Obra_TREINO_16/VALDIR_NIEMEYER_-_1PV/LV — DXF muito grande (122MB > 20MB)
[PRERENDER] SKIP Obra_TREINO_16/VALDIR_NIEMEYER_-_1PV/FV — DXF muito grande (112MB > 20MB)
[PRERENDER] SKIP Obra_TREINO_16/VALDIR_NIEMEYER_-_1PV/LJ — DXF muito grande (118MB > 20MB)
[PRERENDER] AVISO: não salvou manifest em D:\Agente-cad-PYSIDE\validacao_visual\Obra_TREINO_16\VALDIR_NIEMEYER_-_1PV: 
[PRERENDER] SKIP Obra_TREINO_16/VALDIR_NIEMEYER_-_4PV/PL — DXF muito grande (645MB > 20MB)
[PRERENDER] ERRO render STOG Obra_TREINO_16/VALDIR_NIEMEYER_-_4PV/LV: 
[PRERENDER] SKIP Obra_TREINO_16/VALDIR_NIEMEYER_-_4PV/FV — DXF muito grande (111MB > 20MB)
[PRERENDER] SKIP Obra_TREINO_16/VALDIR_NIEMEYER_-_4PV/LJ — DXF muito grande (117MB > 20MB)
[PRERENDER] AVISO: não salvou manifest em D:\Agente-cad-PYSIDE\validacao_visual\Obra_TREINO_16\VALDIR_NIEMEYER_-_4PV: 
[PRERENDER] SKIP Obra_TREINO_16/VALDIR_NIEMEYER_-_TER/PL — DXF muito grande (648MB > 20MB)
[PRERENDER] SKIP Obra_TREINO_16/VALDIR_NIEMEYER_-_TER/LV — DXF muito grande (120MB > 20MB)
[PRERENDER] SKIP Obra_TREINO_16/VALDIR_NIEMEYER_-_TER/FV — DXF muito grande (111MB > 20MB)
[PRERENDER] SKIP Obra_TREINO_16/VALDIR_NIEMEYER_-_TER/LJ — DXF muito grande (118MB > 20MB)
[PRERENDER] AVISO: não salvou manifest em D:\Agente-cad-PYSIDE\validacao_visual\Obra_TREINO_16\VALDIR_NIEMEYER_-_TER: [Errno 2] No such file or directory: 'D:\\Agente-cad-PYSIDE\\validacao_visual\\Obra_TREINO_16\\VALDIR_NIEMEYER_-_TER\\prerender_manifest.json'
[PRERENDER] SKIP Obra_TREINO_16/VALDIR_NIEMEYER_-_TP1/PL — DXF muito grande (645MB > 20MB)
[PRERENDER] ERRO render STOG Obra_TREINO_16/VALDIR_NIEMEYER_-_TP1/LV: 
[PRERENDER] SKIP Obra_TREINO_16/VALDIR_NIEMEYER_-_TP1/FV — DXF muito grande (112MB > 20MB)
[PRERENDER] SKIP Obra_TREINO_16/VALDIR_NIEMEYER_-_TP1/LJ — DXF muito grande (117MB > 20MB)
[PRERENDER] AVISO: não salvou manifest em D:\Agente-cad-PYSIDE\validacao_visual\Obra_TREINO_16\VALDIR_NIEMEYER_-_TP1: 
[PRERENDER] SKIP Obra_TREINO_16/VALDIR_NIEMEYER_-_TP2/PL — DXF muito grande (645MB > 20MB)
[PRERENDER] ERRO render STOG Obra_TREINO_16/VALDIR_NIEMEYER_-_TP2/LV: 
[PRERENDER] SKIP Obra_TREINO_16/VALDIR_NIEMEYER_-_TP2/FV — DXF muito grande (111MB > 20MB)
[PRERENDER] SKIP Obra_TREINO_16/VALDIR_NIEMEYER_-_TP2/LJ — DXF muito grande (117MB > 20MB)
[PRERENDER] AVISO: não salvou manifest em D:\Agente-cad-PYSIDE\validacao_visual\Obra_TREINO_16\VALDIR_NIEMEYER_-_TP2: 
[PRERENDER] SKIP Obra_TREINO_17/METROCASA9_DE_JULHO_-_1PV/PL — DXF muito grande (648MB > 20MB)
[PRERENDER] SKIP Obra_TREINO_17/METROCASA9_DE_JULHO_-_1PV/LV — DXF muito grande (121MB > 20MB)
[PRERENDER] SKIP Obra_TREINO_17/METROCASA9_DE_JULHO_-_1PV/FV — DXF muito grande (111MB > 20MB)
[PRERENDER] SKIP Obra_TREINO_17/METROCASA9_DE_JULHO_-_1PV/LJ — DXF muito grande (118MB > 20MB)
[PRERENDER] AVISO: não salvou manifest em D:\Agente-cad-PYSIDE\validacao_visual\Obra_TREINO_17\METROCASA9_DE_JULHO_-_1PV: 
[PRERENDER] SKIP Obra_TREINO_17/METROCASA9_DE_JULHO_-_2AO15PV/LJ — DXF muito grande (117MB > 20MB)
[PRERENDER] AVISO: não salvou manifest em D:\Agente-cad-PYSIDE\validacao_visual\Obra_TREINO_17\METROCASA9_DE_JULHO_-_2AO15PV: [Errno 2] No such file or directory: 'D:\\Agente-cad-PYSIDE\\validacao_visual\\Obra_TREINO_17\\METROCASA9_DE_JULHO_-_2AO15PV\\prerender_manifest.json'
[PRERENDER] SKIP Obra_TREINO_17/METROCASA9_DE_JULHO_-_TER/LV — DXF muito grande (123MB > 20MB)
[PRERENDER] SKIP Obra_TREINO_17/METROCASA9_DE_JULHO_-_TER/FV — DXF muito grande (112MB > 20MB)
[PRERENDER] AVISO: não salvou manifest em D:\Agente-cad-PYSIDE\validacao_visual\Obra_TREINO_17\METROCASA9_DE_JULHO_-_TER: [Errno 2] No such file or directory: 'D:\\Agente-cad-PYSIDE\\validacao_visual\\Obra_TREINO_17\\METROCASA9_DE_JULHO_-_TER\\prerender_manifest.json'
[PRERENDER] ERRO render Gerado Obra_TREINO_18/1PV/PL: 
[PRERENDER] ERRO inesperado Obra_TREINO_18/1PV/LV: [Errno 22] Invalid argument
[PRERENDER] ERRO render Gerado Obra_TREINO_18/1PV/FV: 
[PRERENDER] ERRO render Gerado Obra_TREINO_18/1PV/LJ: 
[PRERENDER] AVISO: não salvou manifest em D:\Agente-cad-PYSIDE\validacao_visual\Obra_TREINO_18\1PV: 
[PRERENDER] ERRO render STOG Obra_TREINO_18/2PV/PL: 
[PRERENDER] ERRO render STOG Obra_TREINO_18/2PV/LV: 
[PRERENDER] ERRO render STOG Obra_TREINO_18/2PV/FV: 
[PRERENDER] ERRO render STOG Obra_TREINO_18/2PV/LJ: 
[PRERENDER] AVISO: não salvou manifest em D:\Agente-cad-PYSIDE\validacao_visual\Obra_TREINO_18\2PV: 
[PRERENDER] ERRO render STOG Obra_TREINO_18/TPIMPAR/PL: 
[PRERENDER] ERRO render STOG Obra_TREINO_18/TPIMPAR/LV: 
[PRERENDER] ERRO render STOG Obra_TREINO_18/TPIMPAR/FV: 
[PRERENDER] ERRO render STOG Obra_TREINO_18/TPIMPAR/LJ: 
[PRERENDER] AVISO: não salvou manifest em D:\Agente-cad-PYSIDE\validacao_visual\Obra_TREINO_18\TPIMPAR: 
[PRERENDER] ERRO render STOG Obra_TREINO_18/TPPAR/PL: 
[PRERENDER] ERRO render STOG Obra_TREINO_18/TPPAR/LV: 
[PRERENDER] ERRO render STOG Obra_TREINO_18/TPPAR/FV: 
[PRERENDER] ERRO render STOG Obra_TREINO_18/TPPAR/LJ: 
[PRERENDER] AVISO: não salvou manifest em D:\Agente-cad-PYSIDE\validacao_visual\Obra_TREINO_18\TPPAR: 
[PRERENDER] ERRO inesperado Obra_TREINO_19/1_SUBOLO/LV: [Errno 22] Invalid argument
[PRERENDER] ERRO inesperado Obra_TREINO_19/1_SUBOLO/FV: 
[PRERENDER] ERRO inesperado Obra_TREINO_19/1_SUBOLO/LJ: 
[PRERENDER] AVISO: não salvou manifest em D:\Agente-cad-PYSIDE\validacao_visual\Obra_TREINO_19\1_SUBOLO: 
[PRERENDER] ERRO render STOG Obra_TREINO_19/1_SUBOLO_-_TRECHO_1/LV: 
[PRERENDER] AVISO: não salvou manifest em D:\Agente-cad-PYSIDE\validacao_visual\Obra_TREINO_19\1_SUBOLO_-_TRECHO_1: 
[PRERENDER] ERRO render STOG Obra_TREINO_19/1_SUBOLO_-_TRECHO_3/LV: 
[PRERENDER] AVISO: não salvou manifest em D:\Agente-cad-PYSIDE\validacao_visual\Obra_TREINO_19\1_SUBOLO_-_TRECHO_3: 
[PRERENDER] ERRO render STOG Obra_TREINO_19/1_SUBSOLO/LJ: 
[PRERENDER] AVISO: não salvou manifest em D:\Agente-cad-PYSIDE\validacao_visual\Obra_TREINO_19\1_SUBSOLO: 
[PRERENDER] ERRO render STOG Obra_TREINO_19/PROJEÇÃO_-_TÉRREO/LJ: 
[PRERENDER] AVISO: não salvou manifest em D:\Agente-cad-PYSIDE\validacao_visual\Obra_TREINO_19\PROJEÇÃO_-_TÉRREO: 
[PRERENDER] SKIP Obra_TREINO_20/ITAQUERA_III_-_1PAV/LV — DXF muito grande (42MB > 20MB)
[PRERENDER] AVISO: não salvou manifest em D:\Agente-cad-PYSIDE\validacao_visual\Obra_TREINO_20\ITAQUERA_III_-_1PAV: 
[PRERENDER] ERRO inesperado Obra_TREINO_20/ITAQUERA_III_-_1PV/PL: [Errno 22] Invalid argument
[PRERENDER] SKIP Obra_TREINO_20/ITAQUERA_III_-_1PV/FV — DXF muito grande (41MB > 20MB)
[PRERENDER] SKIP Obra_TREINO_20/ITAQUERA_III_-_1PV/LJ — DXF muito grande (42MB > 20MB)
[PRERENDER] AVISO: não salvou manifest em D:\Agente-cad-PYSIDE\validacao_visual\Obra_TREINO_20\ITAQUERA_III_-_1PV: 
[PRERENDER] SKIP Obra_TREINO_20/ITAQUERA_III_-_IF1/LV — DXF muito grande (43MB > 20MB)
[PRERENDER] SKIP Obra_TREINO_20/ITAQUERA_III_-_IF1/FV — DXF muito grande (41MB > 20MB)
[PRERENDER] SKIP Obra_TREINO_20/ITAQUERA_III_-_IF1/LJ — DXF muito grande (42MB > 20MB)
[PRERENDER] AVISO: não salvou manifest em D:\Agente-cad-PYSIDE\validacao_visual\Obra_TREINO_20\ITAQUERA_III_-_IF1: 
[PRERENDER] ERRO inesperado Obra_TREINO_20/ITAQUERA_III_-_TER/PL: [Errno 22] Invalid argument
[PRERENDER] SKIP Obra_TREINO_20/ITAQUERA_III_-_TER/LV — DXF muito grande (43MB > 20MB)
[PRERENDER] SKIP Obra_TREINO_20/ITAQUERA_III_-_TER/FV — DXF muito grande (41MB > 20MB)
[PRERENDER] SKIP Obra_TREINO_20/ITAQUERA_III_-_TER/LJ — DXF muito grande (42MB > 20MB)
[PRERENDER] AVISO: não salvou manifest em D:\Agente-cad-PYSIDE\validacao_visual\Obra_TREINO_20\ITAQUERA_III_-_TER: 
[PRERENDER] ERRO inesperado Obra_TREINO_21/12PAV/PL: [Errno 22] Invalid argument
[PRERENDER] ERRO inesperado Obra_TREINO_21/12PAV/LV: [Errno 22] Invalid argument
[PRERENDER] ERRO inesperado Obra_TREINO_21/12PAV/FV: [Errno 22] Invalid argument
[PRERENDER] ERRO inesperado Obra_TREINO_21/12PAV/LJ: 
[PRERENDER] AVISO: não salvou manifest em D:\Agente-cad-PYSIDE\validacao_visual\Obra_TREINO_21\12PAV: 
[PRERENDER] ERRO render STOG Obra_TREINO_21/1PAV/PL: 
[PRERENDER] SKIP Obra_TREINO_21/1PAV/LV — DXF muito grande (49MB > 20MB)
[PRERENDER] ERRO render STOG Obra_TREINO_21/1PAV/FV: 
[PRERENDER] ERRO render STOG Obra_TREINO_21/1PAV/LJ: 
[PRERENDER] AVISO: não salvou manifest em D:\Agente-cad-PYSIDE\validacao_visual\Obra_TREINO_21\1PAV: 
[PRERENDER] ERRO render STOG Obra_TREINO_21/2,_3_E_PAV._TIPO/PL: 
[PRERENDER] ERRO render STOG Obra_TREINO_21/2,_3_E_PAV._TIPO/LV: 
[PRERENDER] ERRO render STOG Obra_TREINO_21/2,_3_E_PAV._TIPO/FV: 
[PRERENDER] AVISO: não salvou manifest em D:\Agente-cad-PYSIDE\validacao_visual\Obra_TREINO_21\2,_3_E_PAV._TIPO: 
[PRERENDER] ERRO render STOG Obra_TREINO_21/2PAV/LJ: 
[PRERENDER] AVISO: não salvou manifest em D:\Agente-cad-PYSIDE\validacao_visual\Obra_TREINO_21\2PAV: 
[PRERENDER] ERRO render STOG Obra_TREINO_21/3PAV/LJ: 
[PRERENDER] AVISO: não salvou manifest em D:\Agente-cad-PYSIDE\validacao_visual\Obra_TREINO_21\3PAV: 
[PRERENDER] ERRO render STOG Obra_TREINO_21/ADITIVO_-_TIPO/LV: 
[PRERENDER] AVISO: não salvou manifest em D:\Agente-cad-PYSIDE\validacao_visual\Obra_TREINO_21\ADITIVO_-_TIPO: 
[PRERENDER] ERRO render STOG Obra_TREINO_21/LAJE_TÉCNICA/PL: 
[PRERENDER] ERRO render STOG Obra_TREINO_21/LAJE_TÉCNICA/LV: 
[PRERENDER] ERRO render STOG Obra_TREINO_21/LAJE_TÉCNICA/FV: 
[PRERENDER] ERRO render STOG Obra_TREINO_21/LAJE_TÉCNICA/LJ: 
[PRERENDER] AVISO: não salvou manifest em D:\Agente-cad-PYSIDE\validacao_visual\Obra_TREINO_21\LAJE_TÉCNICA: 
[PRERENDER] AVISO: não salvou manifest em D:\Agente-cad-PYSIDE\validacao_visual\Obra_TREINO_21\TIPO_4_AO_11PAV: 
[PRERENDER] ERRO inesperado Obra_TREINO_22/1PAV/PL: [Errno 22] Invalid argument
[PRERENDER] SKIP Obra_TREINO_22/1PAV/LV — DXF muito grande (125MB > 20MB)
[PRERENDER] ERRO render STOG Obra_TREINO_22/1PAV/FV: 
[PRERENDER] ERRO render STOG Obra_TREINO_22/1PAV/LJ: 
[PRERENDER] AVISO: não salvou manifest em D:\Agente-cad-PYSIDE\validacao_visual\Obra_TREINO_22\1PAV: 
[PRERENDER] ERRO render STOG Obra_TREINO_22/2PAV/PL: 
[PRERENDER] SKIP Obra_TREINO_22/2PAV/LV — DXF muito grande (124MB > 20MB)
[PRERENDER] ERRO render STOG Obra_TREINO_22/2PAV/FV: 
[PRERENDER] ERRO render STOG Obra_TREINO_22/2PAV/LJ: 
[PRERENDER] AVISO: não salvou manifest em D:\Agente-cad-PYSIDE\validacao_visual\Obra_TREINO_22\2PAV: 
[PRERENDER] ERRO render STOG Obra_TREINO_22/3_AO_8PAV/FV: 
[PRERENDER] AVISO: não salvou manifest em D:\Agente-cad-PYSIDE\validacao_visual\Obra_TREINO_22\3_AO_8PAV: 
[PRERENDER] ERRO render STOG Obra_TREINO_22/3PAV/LJ: 
[PRERENDER] AVISO: não salvou manifest em D:\Agente-cad-PYSIDE\validacao_visual\Obra_TREINO_22\3PAV: 
[PRERENDER] ERRO render STOG Obra_TREINO_22/3PAV._AO_8PAV/FV: 
[PRERENDER] AVISO: não salvou manifest em D:\Agente-cad-PYSIDE\validacao_visual\Obra_TREINO_22\3PAV._AO_8PAV: 
[PRERENDER] SKIP Obra_TREINO_22/3PAV._AO_BARRILETE/LV — DXF muito grande (124MB > 20MB)
[PRERENDER] AVISO: não salvou manifest em D:\Agente-cad-PYSIDE\validacao_visual\Obra_TREINO_22\3PAV._AO_BARRILETE: [Errno 2] No such file or directory: 'D:\\Agente-cad-PYSIDE\\validacao_visual\\Obra_TREINO_22\\3PAV._AO_BARRILETE\\prerender_manifest.json'
[PRERENDER] ERRO render STOG Obra_TREINO_22/4PAV/LJ: 
[PRERENDER] AVISO: não salvou manifest em D:\Agente-cad-PYSIDE\validacao_visual\Obra_TREINO_22\4PAV: 
[PRERENDER] ERRO render STOG Obra_TREINO_22/5PAV/LJ: 
[PRERENDER] AVISO: não salvou manifest em D:\Agente-cad-PYSIDE\validacao_visual\Obra_TREINO_22\5PAV: 
[PRERENDER] ERRO render STOG Obra_TREINO_22/6,_7_E_8PAV/LJ: 
[PRERENDER] AVISO: não salvou manifest em D:\Agente-cad-PYSIDE\validacao_visual\Obra_TREINO_22\6,_7_E_8PAV: 
[PRERENDER] ERRO inesperado Obra_TREINO_22/9_AO_12PAV/LJ: 
[PRERENDER] AVISO: não salvou manifest em D:\Agente-cad-PYSIDE\validacao_visual\Obra_TREINO_22\9_AO_12PAV: 
[PRERENDER] SKIP Obra_TREINO_23/SANTA_CRUZ_-_1PV/PL — DXF muito grande (644MB > 20MB)
[PRERENDER] SKIP Obra_TREINO_23/SANTA_CRUZ_-_1PV/LV — DXF muito grande (117MB > 20MB)
[PRERENDER] SKIP Obra_TREINO_23/SANTA_CRUZ_-_1PV/FV — DXF muito grande (111MB > 20MB)
[PRERENDER] SKIP Obra_TREINO_23/SANTA_CRUZ_-_1PV/LJ — DXF muito grande (117MB > 20MB)
[PRERENDER] AVISO: não salvou manifest em D:\Agente-cad-PYSIDE\validacao_visual\Obra_TREINO_23\SANTA_CRUZ_-_1PV: 
[PRERENDER] SKIP Obra_TREINO_23/SANTA_CRUZ_-_INF2/PL — DXF muito grande (646MB > 20MB)
[PRERENDER] SKIP Obra_TREINO_23/SANTA_CRUZ_-_INF2/LV — DXF muito grande (118MB > 20MB)
[PRERENDER] SKIP Obra_TREINO_23/SANTA_CRUZ_-_INF2/FV — DXF muito grande (111MB > 20MB)
[PRERENDER] SKIP Obra_TREINO_23/SANTA_CRUZ_-_INF2/LJ — DXF muito grande (117MB > 20MB)
[PRERENDER] AVISO: não salvou manifest em D:\Agente-cad-PYSIDE\validacao_visual\Obra_TREINO_23\SANTA_CRUZ_-_INF2: [Errno 2] No such file or directory: 'D:\\Agente-cad-PYSIDE\\validacao_visual\\Obra_TREINO_23\\SANTA_CRUZ_-_INF2\\prerender_manifest.json'
[PRERENDER] SKIP Obra_TREINO_23/SANTA_CRUZ_-_TER/PL — DXF muito grande (645MB > 20MB)
[PRERENDER] SKIP Obra_TREINO_23/SANTA_CRUZ_-_TER/LV — DXF muito grande (119MB > 20MB)
[PRERENDER] SKIP Obra_TREINO_23/SANTA_CRUZ_-_TER/FV — DXF muito grande (111MB > 20MB)
[PRERENDER] SKIP Obra_TREINO_23/SANTA_CRUZ_-_TER/LJ — DXF muito grande (117MB > 20MB)
[PRERENDER] AVISO: não salvou manifest em D:\Agente-cad-PYSIDE\validacao_visual\Obra_TREINO_23\SANTA_CRUZ_-_TER: [Errno 2] No such file or directory: 'D:\\Agente-cad-PYSIDE\\validacao_visual\\Obra_TREINO_23\\SANTA_CRUZ_-_TER\\prerender_manifest.json'
[PRERENDER] ERRO inesperado Obra_TREINO_3/1_SUB_-_PERIFERIA_-_TORRE_1_-_S01A/PL: 
[PRERENDER] ERRO inesperado Obra_TREINO_3/1_SUB_-_PERIFERIA_-_TORRE_1_-_S01A/LV: 
[PRERENDER] ERRO inesperado Obra_TREINO_3/1_SUB_-_PERIFERIA_-_TORRE_1_-_S01A/FV: 
[PRERENDER] ERRO inesperado Obra_TREINO_3/1_SUB_-_PERIFERIA_-_TORRE_1_-_S01A/LJ: [Errno 22] Invalid argument
[PRERENDER] AVISO: não salvou manifest em D:\Agente-cad-PYSIDE\validacao_visual\Obra_TREINO_3\1_SUB_-_PERIFERIA_-_TORRE_1_-_S01A: 
[PRERENDER] ERRO render STOG Obra_TREINO_3/1_SUB_-_PERIFERIA_-_TORRE_1_-_S02A/PL: 
[PRERENDER] ERRO render STOG Obra_TREINO_3/1_SUB_-_PERIFERIA_-_TORRE_1_-_S02A/LV: 
[PRERENDER] ERRO render STOG Obra_TREINO_3/1_SUB_-_PERIFERIA_-_TORRE_1_-_S02A/FV: 
[PRERENDER] ERRO render STOG Obra_TREINO_3/1_SUB_-_PERIFERIA_-_TORRE_1_-_S02A/LJ: 
[PRERENDER] AVISO: não salvou manifest em D:\Agente-cad-PYSIDE\validacao_visual\Obra_TREINO_3\1_SUB_-_PERIFERIA_-_TORRE_1_-_S02A: 
[PRERENDER] ERRO render STOG Obra_TREINO_3/1_SUB_-_PERIFERIA_-_TORRE_1_-_S03A/PL: 
[PRERENDER] ERRO render STOG Obra_TREINO_3/1_SUB_-_PERIFERIA_-_TORRE_1_-_S03A/LV: 
[PRERENDER] ERRO render STOG Obra_TREINO_3/1_SUB_-_PERIFERIA_-_TORRE_1_-_S03A/FV: 
[PRERENDER] ERRO render STOG Obra_TREINO_3/1_SUB_-_PERIFERIA_-_TORRE_1_-_S03A/LJ: 
[PRERENDER] AVISO: não salvou manifest em D:\Agente-cad-PYSIDE\validacao_visual\Obra_TREINO_3\1_SUB_-_PERIFERIA_-_TORRE_1_-_S03A: 
[PRERENDER] ERRO render STOG Obra_TREINO_3/1_SUB_-_PERIFERIA_-_TORRE_1_-_S04A/PL: 
[PRERENDER] ERRO render STOG Obra_TREINO_3/1_SUB_-_PERIFERIA_-_TORRE_1_-_S04A/LV: 
[PRERENDER] ERRO render STOG Obra_TREINO_3/1_SUB_-_PERIFERIA_-_TORRE_1_-_S04A/FV: 
[PRERENDER] ERRO render STOG Obra_TREINO_3/1_SUB_-_PERIFERIA_-_TORRE_1_-_S04A/LJ: 
[PRERENDER] AVISO: não salvou manifest em D:\Agente-cad-PYSIDE\validacao_visual\Obra_TREINO_3\1_SUB_-_PERIFERIA_-_TORRE_1_-_S04A: 
[PRERENDER] ERRO render STOG Obra_TREINO_3/1_SUBOLO_-_TB/PL: 
[PRERENDER] ERRO render STOG Obra_TREINO_3/1_SUBOLO_-_TB/LV: 
[PRERENDER] ERRO render STOG Obra_TREINO_3/1_SUBOLO_-_TB/FV: 
[PRERENDER] ERRO render STOG Obra_TREINO_3/1_SUBOLO_-_TB/LJ: 
[PRERENDER] AVISO: não salvou manifest em D:\Agente-cad-PYSIDE\validacao_visual\Obra_TREINO_3\1_SUBOLO_-_TB: 
[PRERENDER] ERRO render STOG Obra_TREINO_3/RES.DIAMOND_-_1_SUB_-_PERIFERIA_-_TORRE_1_-_S01A/LV: 
[PRERENDER] ERRO render STOG Obra_TREINO_3/RES.DIAMOND_-_1_SUB_-_PERIFERIA_-_TORRE_1_-_S01A/FV: 
[PRERENDER] AVISO: não salvou manifest em D:\Agente-cad-PYSIDE\validacao_visual\Obra_TREINO_3\RES.DIAMOND_-_1_SUB_-_PERIFERIA_-_TORRE_1_-_S01A: 
[PRERENDER] ERRO render STOG Obra_TREINO_3/RES.DIAMOND_-_1_SUB_-_PERIFERIA_-_TORRE_1_-_S02A/LV: 
[PRERENDER] ERRO render STOG Obra_TREINO_3/RES.DIAMOND_-_1_SUB_-_PERIFERIA_-_TORRE_1_-_S02A/FV: 
[PRERENDER] AVISO: não salvou manifest em D:\Agente-cad-PYSIDE\validacao_visual\Obra_TREINO_3\RES.DIAMOND_-_1_SUB_-_PERIFERIA_-_TORRE_1_-_S02A: 
[PRERENDER] ERRO render STOG Obra_TREINO_3/RES.DIAMOND_-_1_SUB_-_PERIFERIA_-_TORRE_1_-_S03A/LV: 
[PRERENDER] ERRO render STOG Obra_TREINO_3/RES.DIAMOND_-_1_SUB_-_PERIFERIA_-_TORRE_1_-_S03A/FV: 
[PRERENDER] AVISO: não salvou manifest em D:\Agente-cad-PYSIDE\validacao_visual\Obra_TREINO_3\RES.DIAMOND_-_1_SUB_-_PERIFERIA_-_TORRE_1_-_S03A: 
[PRERENDER] ERRO render STOG Obra_TREINO_3/RES.DIAMOND_-_1_SUB_-_PERIFERIA_-_TORRE_1_-_S04A/LV: 
[PRERENDER] ERRO render STOG Obra_TREINO_3/RES.DIAMOND_-_1_SUB_-_PERIFERIA_-_TORRE_1_-_S04A/FV: 
[PRERENDER] AVISO: não salvou manifest em D:\Agente-cad-PYSIDE\validacao_visual\Obra_TREINO_3\RES.DIAMOND_-_1_SUB_-_PERIFERIA_-_TORRE_1_-_S04A: 
[PRERENDER] ERRO render STOG Obra_TREINO_3/RES.DIAMOND_-_1_SUBOLO/PL: 
[PRERENDER] ERRO render STOG Obra_TREINO_3/RES.DIAMOND_-_1_SUBOLO/LV: 
[PRERENDER] ERRO render STOG Obra_TREINO_3/RES.DIAMOND_-_1_SUBOLO/FV: 
[PRERENDER] ERRO render STOG Obra_TREINO_3/RES.DIAMOND_-_1_SUBOLO/LJ: 
[PRERENDER] AVISO: não salvou manifest em D:\Agente-cad-PYSIDE\validacao_visual\Obra_TREINO_3\RES.DIAMOND_-_1_SUBOLO: 
[PRERENDER] ERRO render STOG Obra_TREINO_3/RES.DIAMOND_-_1_SUBOLO_-_TB/LV: 
[PRERENDER] ERRO render STOG Obra_TREINO_3/RES.DIAMOND_-_1_SUBOLO_-_TB/FV: 
[PRERENDER] AVISO: não salvou manifest em D:\Agente-cad-PYSIDE\validacao_visual\Obra_TREINO_3\RES.DIAMOND_-_1_SUBOLO_-_TB: 
[PRERENDER] ERRO render STOG Obra_TREINO_3/RES.DIAMOND_-_TORRE_1_-_TIPO_14_AO_17PAV/LV: 
[PRERENDER] ERRO render STOG Obra_TREINO_3/RES.DIAMOND_-_TORRE_1_-_TIPO_14_AO_17PAV/FV: 
[PRERENDER] AVISO: não salvou manifest em D:\Agente-cad-PYSIDE\validacao_visual\Obra_TREINO_3\RES.DIAMOND_-_TORRE_1_-_TIPO_14_AO_17PAV: 
[PRERENDER] ERRO render STOG Obra_TREINO_3/RES.DIAMOND_-_TORRE_2_-_TIPO_2_AO_13PAV/LV: 
[PRERENDER] ERRO render STOG Obra_TREINO_3/RES.DIAMOND_-_TORRE_2_-_TIPO_2_AO_13PAV/FV: 
[PRERENDER] AVISO: não salvou manifest em D:\Agente-cad-PYSIDE\validacao_visual\Obra_TREINO_3\RES.DIAMOND_-_TORRE_2_-_TIPO_2_AO_13PAV: 
[PRERENDER] ERRO render STOG Obra_TREINO_3/RES.DIAMOND_-_TORRE_A_-_1PAV/LV: 
[PRERENDER] ERRO render STOG Obra_TREINO_3/RES.DIAMOND_-_TORRE_A_-_1PAV/FV: 
[PRERENDER] AVISO: não salvou manifest em D:\Agente-cad-PYSIDE\validacao_visual\Obra_TREINO_3\RES.DIAMOND_-_TORRE_A_-_1PAV: 
[PRERENDER] ERRO render STOG Obra_TREINO_3/RES.DIAMOND_-_TORRE_A_-_TIPO_2_AO_13PAV/LV: 
[PRERENDER] ERRO render STOG Obra_TREINO_3/RES.DIAMOND_-_TORRE_A_-_TIPO_2_AO_13PAV/FV: 
[PRERENDER] AVISO: não salvou manifest em D:\Agente-cad-PYSIDE\validacao_visual\Obra_TREINO_3\RES.DIAMOND_-_TORRE_A_-_TIPO_2_AO_13PAV: 
[PRERENDER] SKIP Obra_TREINO_3/RES.DIAMOND_-_TORRE_A_-_TÉRREO/PL — DXF muito grande (21MB > 20MB)
[PRERENDER] SKIP Obra_TREINO_3/RES.DIAMOND_-_TORRE_A_-_TÉRREO/LV — DXF muito grande (21MB > 20MB)
[PRERENDER] ERRO render STOG Obra_TREINO_3/RES.DIAMOND_-_TORRE_A_-_TÉRREO/FV: 
[PRERENDER] ERRO render STOG Obra_TREINO_3/RES.DIAMOND_-_TORRE_A_-_TÉRREO/LJ: 
[PRERENDER] AVISO: não salvou manifest em D:\Agente-cad-PYSIDE\validacao_visual\Obra_TREINO_3\RES.DIAMOND_-_TORRE_A_-_TÉRREO: 
[PRERENDER] ERRO render STOG Obra_TREINO_3/RES.DIAMOND_-_TORRE_B_-_1PAV/LV: 
[PRERENDER] ERRO render STOG Obra_TREINO_3/RES.DIAMOND_-_TORRE_B_-_1PAV/FV: 
[PRERENDER] AVISO: não salvou manifest em D:\Agente-cad-PYSIDE\validacao_visual\Obra_TREINO_3\RES.DIAMOND_-_TORRE_B_-_1PAV: 
[PRERENDER] ERRO render STOG Obra_TREINO_3/RES.DIAMOND_-_TÉRREO_-_PERIFERIA_-_TORRE_1_-_S01A/LV: 
[PRERENDER] ERRO render STOG Obra_TREINO_3/RES.DIAMOND_-_TÉRREO_-_PERIFERIA_-_TORRE_1_-_S01A/FV: 
[PRERENDER] AVISO: não salvou manifest em D:\Agente-cad-PYSIDE\validacao_visual\Obra_TREINO_3\RES.DIAMOND_-_TÉRREO_-_PERIFERIA_-_TORRE_1_-_S01A: 
[PRERENDER] ERRO render STOG Obra_TREINO_3/RES.DIAMOND_-_TÉRREO_-_PERIFERIA_-_TORRE_1_-_S02A/LV: 
[PRERENDER] ERRO render STOG Obra_TREINO_3/RES.DIAMOND_-_TÉRREO_-_PERIFERIA_-_TORRE_1_-_S02A/FV: 
[PRERENDER] AVISO: não salvou manifest em D:\Agente-cad-PYSIDE\validacao_visual\Obra_TREINO_3\RES.DIAMOND_-_TÉRREO_-_PERIFERIA_-_TORRE_1_-_S02A: 
[PRERENDER] ERRO render STOG Obra_TREINO_3/RES.DIAMOND_-_TÉRREO_-_PERIFERIA_-_TORRE_1_-_S03A/LV: 
[PRERENDER] ERRO render STOG Obra_TREINO_3/RES.DIAMOND_-_TÉRREO_-_PERIFERIA_-_TORRE_1_-_S03A/FV: 
[PRERENDER] AVISO: não salvou manifest em D:\Agente-cad-PYSIDE\validacao_visual\Obra_TREINO_3\RES.DIAMOND_-_TÉRREO_-_PERIFERIA_-_TORRE_1_-_S03A: 
[PRERENDER] ERRO render STOG Obra_TREINO_3/RES.DIAMOND_-_TÉRREO_-_PERIFERIA_-_TORRE_1_-_S04A/LV: 
[PRERENDER] ERRO render STOG Obra_TREINO_3/RES.DIAMOND_-_TÉRREO_-_PERIFERIA_-_TORRE_1_-_S04A/FV: 
[PRERENDER] AVISO: não salvou manifest em D:\Agente-cad-PYSIDE\validacao_visual\Obra_TREINO_3\RES.DIAMOND_-_TÉRREO_-_PERIFERIA_-_TORRE_1_-_S04A: 
[PRERENDER] SKIP Obra_TREINO_3/RES.DIAMOND_-_TÉRREO_-_T2/LV — DXF muito grande (22MB > 20MB)
[PRERENDER] ERRO render STOG Obra_TREINO_3/RES.DIAMOND_-_TÉRREO_-_T2/FV: 
[PRERENDER] AVISO: não salvou manifest em D:\Agente-cad-PYSIDE\validacao_visual\Obra_TREINO_3\RES.DIAMOND_-_TÉRREO_-_T2: 
[PRERENDER] ERRO render STOG Obra_TREINO_3/TORRE_1_-_TIPO_14_AO_17PAV/PL: 
[PRERENDER] ERRO render STOG Obra_TREINO_3/TORRE_1_-_TIPO_14_AO_17PAV/LV: 
[PRERENDER] ERRO render STOG Obra_TREINO_3/TORRE_1_-_TIPO_14_AO_17PAV/FV: 
[PRERENDER] ERRO render STOG Obra_TREINO_3/TORRE_1_-_TIPO_14_AO_17PAV/LJ: 
[PRERENDER] AVISO: não salvou manifest em D:\Agente-cad-PYSIDE\validacao_visual\Obra_TREINO_3\TORRE_1_-_TIPO_14_AO_17PAV: 
[PRERENDER] SKIP Obra_TREINO_3/TORRE_2_-_TIPO_2_AO_13PAV/PL — DXF muito grande (20MB > 20MB)
[PRERENDER] ERRO render STOG Obra_TREINO_3/TORRE_2_-_TIPO_2_AO_13PAV/LV: 
[PRERENDER] ERRO render STOG Obra_TREINO_3/TORRE_2_-_TIPO_2_AO_13PAV/FV: 
[PRERENDER] ERRO render STOG Obra_TREINO_3/TORRE_2_-_TIPO_2_AO_13PAV/LJ: 
[PRERENDER] AVISO: não salvou manifest em D:\Agente-cad-PYSIDE\validacao_visual\Obra_TREINO_3\TORRE_2_-_TIPO_2_AO_13PAV: 
[PRERENDER] SKIP Obra_TREINO_3/TORRE_A_-_1PAV/PL — DXF muito grande (22MB > 20MB)
[PRERENDER] ERRO render STOG Obra_TREINO_3/TORRE_A_-_1PAV/LV: 
[PRERENDER] ERRO render STOG Obra_TREINO_3/TORRE_A_-_1PAV/FV: 
[PRERENDER] ERRO render STOG Obra_TREINO_3/TORRE_A_-_1PAV/LJ: 
[PRERENDER] AVISO: não salvou manifest em D:\Agente-cad-PYSIDE\validacao_visual\Obra_TREINO_3\TORRE_A_-_1PAV: 
[PRERENDER] SKIP Obra_TREINO_3/TORRE_A_-_TIPO_2_AO_13PAV/PL — DXF muito grande (20MB > 20MB)
[PRERENDER] ERRO inesperado Obra_TREINO_3/TORRE_A_-_TIPO_2_AO_13PAV/LV: 
[PRERENDER] ERRO inesperado Obra_TREINO_3/TORRE_A_-_TIPO_2_AO_13PAV/FV: 
[PRERENDER] ERRO inesperado Obra_TREINO_3/TORRE_A_-_TIPO_2_AO_13PAV/LJ: 
[PRERENDER] AVISO: não salvou manifest em D:\Agente-cad-PYSIDE\validacao_visual\Obra_TREINO_3\TORRE_A_-_TIPO_2_AO_13PAV: 
[PRERENDER] SKIP Obra_TREINO_3/TORRE_B_-_1PAV/PL — DXF muito grande (22MB > 20MB)
[PRERENDER] ERRO render STOG Obra_TREINO_3/TORRE_B_-_1PAV/LV: 
[PRERENDER] ERRO render STOG Obra_TREINO_3/TORRE_B_-_1PAV/FV: 
[PRERENDER] ERRO render STOG Obra_TREINO_3/TORRE_B_-_1PAV/LJ: 
[PRERENDER] AVISO: não salvou manifest em D:\Agente-cad-PYSIDE\validacao_visual\Obra_TREINO_3\TORRE_B_-_1PAV: 
[PRERENDER] ERRO render STOG Obra_TREINO_3/TÉRREO_-_PERIFERIA_-_TORRE_1_-_S01A/PL: 
[PRERENDER] ERRO render STOG Obra_TREINO_3/TÉRREO_-_PERIFERIA_-_TORRE_1_-_S01A/LV: 
[PRERENDER] ERRO render STOG Obra_TREINO_3/TÉRREO_-_PERIFERIA_-_TORRE_1_-_S01A/FV: 
[PRERENDER] ERRO render STOG Obra_TREINO_3/TÉRREO_-_PERIFERIA_-_TORRE_1_-_S01A/LJ: 
[PRERENDER] AVISO: não salvou manifest em D:\Agente-cad-PYSIDE\validacao_visual\Obra_TREINO_3\TÉRREO_-_PERIFERIA_-_TORRE_1_-_S01A: 
[PRERENDER] ERRO render STOG Obra_TREINO_3/TÉRREO_-_PERIFERIA_-_TORRE_1_-_S02A/PL: 
[PRERENDER] ERRO render STOG Obra_TREINO_3/TÉRREO_-_PERIFERIA_-_TORRE_1_-_S02A/LV: 
[PRERENDER] ERRO render STOG Obra_TREINO_3/TÉRREO_-_PERIFERIA_-_TORRE_1_-_S02A/FV: 
[PRERENDER] ERRO render STOG Obra_TREINO_3/TÉRREO_-_PERIFERIA_-_TORRE_1_-_S02A/LJ: 
[PRERENDER] AVISO: não salvou manifest em D:\Agente-cad-PYSIDE\validacao_visual\Obra_TREINO_3\TÉRREO_-_PERIFERIA_-_TORRE_1_-_S02A: 
[PRERENDER] ERRO render STOG Obra_TREINO_3/TÉRREO_-_PERIFERIA_-_TORRE_1_-_S03A/PL: 
[PRERENDER] ERRO render STOG Obra_TREINO_3/TÉRREO_-_PERIFERIA_-_TORRE_1_-_S03A/LV: 
[PRERENDER] ERRO render STOG Obra_TREINO_3/TÉRREO_-_PERIFERIA_-_TORRE_1_-_S03A/FV: 
[PRERENDER] ERRO render STOG Obra_TREINO_3/TÉRREO_-_PERIFERIA_-_TORRE_1_-_S03A/LJ: 
[PRERENDER] AVISO: não salvou manifest em D:\Agente-cad-PYSIDE\validacao_visual\Obra_TREINO_3\TÉRREO_-_PERIFERIA_-_TORRE_1_-_S03A: 
[PRERENDER] ERRO render STOG Obra_TREINO_3/TÉRREO_-_PERIFERIA_-_TORRE_1_-_S04A/PL: 
[PRERENDER] ERRO render STOG Obra_TREINO_3/TÉRREO_-_PERIFERIA_-_TORRE_1_-_S04A/LV: 
[PRERENDER] ERRO render STOG Obra_TREINO_3/TÉRREO_-_PERIFERIA_-_TORRE_1_-_S04A/FV: 
[PRERENDER] ERRO render STOG Obra_TREINO_3/TÉRREO_-_PERIFERIA_-_TORRE_1_-_S04A/LJ: 
[PRERENDER] AVISO: não salvou manifest em D:\Agente-cad-PYSIDE\validacao_visual\Obra_TREINO_3\TÉRREO_-_PERIFERIA_-_TORRE_1_-_S04A: 
[PRERENDER] SKIP Obra_TREINO_3/TÉRREO_-_T2/PL — DXF muito grande (22MB > 20MB)
[PRERENDER] SKIP Obra_TREINO_3/TÉRREO_-_T2/LV — DXF muito grande (22MB > 20MB)
[PRERENDER] ERRO render STOG Obra_TREINO_3/TÉRREO_-_T2/FV: 
[PRERENDER] ERRO render STOG Obra_TREINO_3/TÉRREO_-_T2/LJ: 
[PRERENDER] AVISO: não salvou manifest em D:\Agente-cad-PYSIDE\validacao_visual\Obra_TREINO_3\TÉRREO_-_T2: 
[PRERENDER] ERRO inesperado Obra_TREINO_5/EMBRAMACO_-_1PV/PL: [Errno 22] Invalid argument
[PRERENDER] ERRO inesperado Obra_TREINO_5/EMBRAMACO_-_1PV/LV: [Errno 22] Invalid argument
[PRERENDER] ERRO inesperado Obra_TREINO_5/EMBRAMACO_-_1PV/FV: [Errno 22] Invalid argument
[PRERENDER] AVISO: não salvou manifest em D:\Agente-cad-PYSIDE\validacao_visual\Obra_TREINO_5\EMBRAMACO_-_1PV: 
[PRERENDER] ERRO render STOG Obra_TREINO_5/EMBRAMACO_-_2PV/PL: 
[PRERENDER] ERRO render STOG Obra_TREINO_5/EMBRAMACO_-_2PV/LV: 
[PRERENDER] AVISO: não salvou manifest em D:\Agente-cad-PYSIDE\validacao_visual\Obra_TREINO_5\EMBRAMACO_-_2PV: 
[PRERENDER] ERRO render STOG Obra_TREINO_5/EMBRAMACO_-_N300/PL: 
[PRERENDER] AVISO: não salvou manifest em D:\Agente-cad-PYSIDE\validacao_visual\Obra_TREINO_5\EMBRAMACO_-_N300: 
[PRERENDER] ERRO render STOG Obra_TREINO_5/EMBRAMACO_-_N300_-_500/PL: 
[PRERENDER] ERRO render STOG Obra_TREINO_5/EMBRAMACO_-_N300_-_500/LV: 
[PRERENDER] ERRO render STOG Obra_TREINO_5/EMBRAMACO_-_N300_-_500/FV: 
[PRERENDER] AVISO: não salvou manifest em D:\Agente-cad-PYSIDE\validacao_visual\Obra_TREINO_5\EMBRAMACO_-_N300_-_500: 
[PRERENDER] ERRO render STOG Obra_TREINO_5/EMBRAMACO_-_PLA_-_RES/PL: 
[PRERENDER] ERRO render STOG Obra_TREINO_5/EMBRAMACO_-_PLA_-_RES/LV: 
[PRERENDER] ERRO render STOG Obra_TREINO_5/EMBRAMACO_-_PLA_-_RES/FV: 
[PRERENDER] AVISO: não salvou manifest em D:\Agente-cad-PYSIDE\validacao_visual\Obra_TREINO_5\EMBRAMACO_-_PLA_-_RES: 
[PRERENDER] ERRO render STOG Obra_TREINO_5/EMBRAMACO_-_TER/PL: 
[PRERENDER] ERRO render STOG Obra_TREINO_5/EMBRAMACO_-_TER/LV: 
[PRERENDER] ERRO render STOG Obra_TREINO_5/EMBRAMACO_-_TER/FV: 
[PRERENDER] AVISO: não salvou manifest em D:\Agente-cad-PYSIDE\validacao_visual\Obra_TREINO_5\EMBRAMACO_-_TER: 
[PRERENDER] ERRO inesperado Obra_TREINO_6/JFC_-_10PV/PL: [Errno 22] Invalid argument
[PRERENDER] ERRO inesperado Obra_TREINO_6/JFC_-_10PV/LV: [Errno 22] Invalid argument
[PRERENDER] ERRO inesperado Obra_TREINO_6/JFC_-_10PV/LJ: 
[PRERENDER] AVISO: não salvou manifest em D:\Agente-cad-PYSIDE\validacao_visual\Obra_TREINO_6\JFC_-_10PV: 
[PRERENDER] ERRO render STOG Obra_TREINO_6/JFC_-_11PV/PL: 
[PRERENDER] ERRO render STOG Obra_TREINO_6/JFC_-_11PV/LV: 
[PRERENDER] ERRO render STOG Obra_TREINO_6/JFC_-_11PV/LJ: 
[PRERENDER] AVISO: não salvou manifest em D:\Agente-cad-PYSIDE\validacao_visual\Obra_TREINO_6\JFC_-_11PV: 
[PRERENDER] ERRO inesperado Obra_TREINO_6/JFC_-_12PV/PL: [Errno 22] Invalid argument
[PRERENDER] ERRO inesperado Obra_TREINO_6/JFC_-_12PV/LV: [Errno 22] Invalid argument
[PRERENDER] ERRO inesperado Obra_TREINO_6/JFC_-_12PV/LJ: 
[PRERENDER] AVISO: não salvou manifest em D:\Agente-cad-PYSIDE\validacao_visual\Obra_TREINO_6\JFC_-_12PV: 
[PRERENDER] ERRO render STOG Obra_TREINO_6/JFC_-_1PV/PL: 
[PRERENDER] ERRO render STOG Obra_TREINO_6/JFC_-_1PV/LV: 
[PRERENDER] ERRO render STOG Obra_TREINO_6/JFC_-_1PV/FV: 
[PRERENDER] ERRO render STOG Obra_TREINO_6/JFC_-_1PV/LJ: 
[PRERENDER] AVISO: não salvou manifest em D:\Agente-cad-PYSIDE\validacao_visual\Obra_TREINO_6\JFC_-_1PV: 
[PRERENDER] ERRO render STOG Obra_TREINO_6/JFC_-_ATC/PL: 
[PRERENDER] ERRO render STOG Obra_TREINO_6/JFC_-_ATC/LV: 
[PRERENDER] ERRO render STOG Obra_TREINO_6/JFC_-_ATC/LJ: 
[PRERENDER] AVISO: não salvou manifest em D:\Agente-cad-PYSIDE\validacao_visual\Obra_TREINO_6\JFC_-_ATC: 
[PRERENDER] ERRO render STOG Obra_TREINO_6/JFC_-_TIP/PL: 
[PRERENDER] ERRO render STOG Obra_TREINO_6/JFC_-_TIP/LV: 
[PRERENDER] ERRO render STOG Obra_TREINO_6/JFC_-_TIP/FV: 
[PRERENDER] ERRO render STOG Obra_TREINO_6/JFC_-_TIP/LJ: 
[PRERENDER] AVISO: não salvou manifest em D:\Agente-cad-PYSIDE\validacao_visual\Obra_TREINO_6\JFC_-_TIP: 
[PRERENDER] ERRO inesperado Obra_TREINO_8/IONEJI_-_T1_-_1PAV/PL: [Errno 22] Invalid argument
[PRERENDER] ERRO inesperado Obra_TREINO_8/IONEJI_-_T1_-_1PAV/LV: [Errno 22] Invalid argument
[PRERENDER] ERRO inesperado Obra_TREINO_8/IONEJI_-_T1_-_1PAV/FV: [Errno 22] Invalid argument
[PRERENDER] ERRO inesperado Obra_TREINO_8/IONEJI_-_T1_-_1PAV/LJ: [Errno 22] Invalid argument
[PRERENDER] AVISO: não salvou manifest em D:\Agente-cad-PYSIDE\validacao_visual\Obra_TREINO_8\IONEJI_-_T1_-_1PAV: 
[PRERENDER] ERRO render STOG Obra_TREINO_8/IONEJI_-_T1_-_2PAV/FV: 
[PRERENDER] ERRO render STOG Obra_TREINO_8/IONEJI_-_T1_-_2PAV/LJ: 
[PRERENDER] AVISO: não salvou manifest em D:\Agente-cad-PYSIDE\validacao_visual\Obra_TREINO_8\IONEJI_-_T1_-_2PAV: 
[PRERENDER] ERRO render STOG Obra_TREINO_8/IONEJI_-_T2_-_1PAV/PL: 
[PRERENDER] AVISO: não salvou manifest em D:\Agente-cad-PYSIDE\validacao_visual\Obra_TREINO_8\IONEJI_-_T2_-_1PAV: 
[PRERENDER] ERRO inesperado Obra_TREINO_9/TORRE_1_-_1PAVIMENTO/PL: 
[PRERENDER] ERRO inesperado Obra_TREINO_9/TORRE_1_-_1PAVIMENTO/LV: 
[PRERENDER] ERRO inesperado Obra_TREINO_9/TORRE_1_-_1PAVIMENTO/FV: 
[PRERENDER] ERRO inesperado Obra_TREINO_9/TORRE_1_-_1PAVIMENTO/LJ: 
[PRERENDER] AVISO: não salvou manifest em D:\Agente-cad-PYSIDE\validacao_visual\Obra_TREINO_9\TORRE_1_-_1PAVIMENTO: 
[PRERENDER] ERRO render STOG Obra_TREINO_9/TORRE_1_-_1PAVIMENTO_-_PERIFERIA/PL: 
[PRERENDER] ERRO render STOG Obra_TREINO_9/TORRE_1_-_1PAVIMENTO_-_PERIFERIA/LV: 
[PRERENDER] ERRO render STOG Obra_TREINO_9/TORRE_1_-_1PAVIMENTO_-_PERIFERIA/LJ: 
[PRERENDER] AVISO: não salvou manifest em D:\Agente-cad-PYSIDE\validacao_visual\Obra_TREINO_9\TORRE_1_-_1PAVIMENTO_-_PERIFERIA: 
[PRERENDER] ERRO inesperado Obra_TREINO_9/TORRE_1_-_TIPO/PL: 
[PRERENDER] ERRO render STOG Obra_TREINO_9/TORRE_1_-_TIPO/LV: 
[PRERENDER] ERRO render STOG Obra_TREINO_9/TORRE_1_-_TIPO/FV: 
[PRERENDER] ERRO render STOG Obra_TREINO_9/TORRE_1_-_TIPO/LJ: 
[PRERENDER] AVISO: não salvou manifest em D:\Agente-cad-PYSIDE\validacao_visual\Obra_TREINO_9\TORRE_1_-_TIPO: 
[PRERENDER] ERRO render STOG Obra_TREINO_9/TORRE_1_-_TÉRREO/PL: 
[PRERENDER] ERRO render STOG Obra_TREINO_9/TORRE_1_-_TÉRREO/LV: 
[PRERENDER] ERRO render STOG Obra_TREINO_9/TORRE_1_-_TÉRREO/FV: 
[PRERENDER] ERRO render STOG Obra_TREINO_9/TORRE_1_-_TÉRREO/LJ: 
[PRERENDER] AVISO: não salvou manifest em D:\Agente-cad-PYSIDE\validacao_visual\Obra_TREINO_9\TORRE_1_-_TÉRREO: 
[PRERENDER] ERRO render STOG Obra_TREINO_9/TORRE_1_-_TÉRREO_-_FUNDAÇÃO/LV: 
[PRERENDER] AVISO: não salvou manifest em D:\Agente-cad-PYSIDE\validacao_visual\Obra_TREINO_9\TORRE_1_-_TÉRREO_-_FUNDAÇÃO: 
[PRERENDER] ERRO render STOG Obra_TREINO_9/TORRE_2_-_1PAVIMENTO/PL: 
[PRERENDER] ERRO render STOG Obra_TREINO_9/TORRE_2_-_1PAVIMENTO/LV: 
[PRERENDER] ERRO render STOG Obra_TREINO_9/TORRE_2_-_1PAVIMENTO/FV: 
[PRERENDER] ERRO render STOG Obra_TREINO_9/TORRE_2_-_1PAVIMENTO/LJ: 
[PRERENDER] AVISO: não salvou manifest em D:\Agente-cad-PYSIDE\validacao_visual\Obra_TREINO_9\TORRE_2_-_1PAVIMENTO: 
[PRERENDER] ERRO render STOG Obra_TREINO_9/TORRE_2_-_2PAV/LJ: 
[PRERENDER] AVISO: não salvou manifest em D:\Agente-cad-PYSIDE\validacao_visual\Obra_TREINO_9\TORRE_2_-_2PAV: 
[PRERENDER] ERRO render STOG Obra_TREINO_9/TORRE_2_-_BARRILETE/PL: 
[PRERENDER] ERRO render STOG Obra_TREINO_9/TORRE_2_-_BARRILETE/LV: 
[PRERENDER] ERRO render STOG Obra_TREINO_9/TORRE_2_-_BARRILETE/FV: 
[PRERENDER] ERRO render STOG Obra_TREINO_9/TORRE_2_-_BARRILETE/LJ: 
[PRERENDER] AVISO: não salvou manifest em D:\Agente-cad-PYSIDE\validacao_visual\Obra_TREINO_9\TORRE_2_-_BARRILETE: 
[PRERENDER] ERRO render STOG Obra_TREINO_9/TORRE_2_-_COBERTURA/PL: 
[PRERENDER] ERRO render STOG Obra_TREINO_9/TORRE_2_-_COBERTURA/LV: 
[PRERENDER] ERRO render STOG Obra_TREINO_9/TORRE_2_-_COBERTURA/FV: 
[PRERENDER] AVISO: não salvou manifest em D:\Agente-cad-PYSIDE\validacao_visual\Obra_TREINO_9\TORRE_2_-_COBERTURA: 
[PRERENDER] ERRO render STOG Obra_TREINO_9/TORRE_2_-_TIPO/PL: 
[PRERENDER] ERRO render STOG Obra_TREINO_9/TORRE_2_-_TIPO/LV: 
[PRERENDER] ERRO render STOG Obra_TREINO_9/TORRE_2_-_TIPO/FV: 
[PRERENDER] ERRO render STOG Obra_TREINO_9/TORRE_2_-_TIPO/LJ: 
[PRERENDER] AVISO: não salvou manifest em D:\Agente-cad-PYSIDE\validacao_visual\Obra_TREINO_9\TORRE_2_-_TIPO: 
[PRERENDER] ERRO render STOG Obra_TREINO_9/TORRE_2_-_TÉRREO/PL: 
[PRERENDER] ERRO render STOG Obra_TREINO_9/TORRE_2_-_TÉRREO/LV: 
[PRERENDER] ERRO render STOG Obra_TREINO_9/TORRE_2_-_TÉRREO/FV: 
[PRERENDER] ERRO render STOG Obra_TREINO_9/TORRE_2_-_TÉRREO/LJ: 
[PRERENDER] AVISO: não salvou manifest em D:\Agente-cad-PYSIDE\validacao_visual\Obra_TREINO_9\TORRE_2_-_TÉRREO: 
[PRERENDER] ERRO render STOG Obra_TREINO_9/TORRE_2_-_TÉRREO_-_PERIFERIA/PL: 
[PRERENDER] ERRO render STOG Obra_TREINO_9/TORRE_2_-_TÉRREO_-_PERIFERIA/LV: 
[PRERENDER] ERRO render STOG Obra_TREINO_9/TORRE_2_-_TÉRREO_-_PERIFERIA/FV: 
[PRERENDER] ERRO render STOG Obra_TREINO_9/TORRE_2_-_TÉRREO_-_PERIFERIA/LJ: 
[PRERENDER] AVISO: não salvou manifest em D:\Agente-cad-PYSIDE\validacao_visual\Obra_TREINO_9\TORRE_2_-_TÉRREO_-_PERIFERIA: 
[PRERENDER] Varredura concluída: renderizados=6 prontos=324 erros=62 [ts=2026-05-23T07:34:54Z]
[PRERENDER] Aguardando 60s até próxima varredura...
[PRERENDER] Iniciando varredura: 19 obras [ts=2026-05-23T07:35:54Z]
[PRERENDER] ERRO render Gerado Obra_TREINO_1/13PAV/LV: bad allocation
[PRERENDER] ERRO inesperado Obra_TREINO_1/13PAV/FV: 
[PRERENDER] AVISO: não salvou manifest em D:\Agente-cad-PYSIDE\validacao_visual\Obra_TREINO_1\13PAV: 
[PRERENDER] ERRO inesperado Obra_TREINO_1/14PAV/LV: 
[PRERENDER] ERRO inesperado Obra_TREINO_1/14PAV/LJ: 
[PRERENDER] AVISO: não salvou manifest em D:\Agente-cad-PYSIDE\validacao_visual\Obra_TREINO_1\14PAV: 
[PRERENDER] ERRO render Gerado Obra_TREINO_1/1PAV/PL: 
[PRERENDER] ERRO render Gerado Obra_TREINO_1/1PAV/LV: 
[PRERENDER] ERRO inesperado Obra_TREINO_1/1PAV/FV: 
[PRERENDER] ERRO inesperado Obra_TREINO_1/1PAV/LJ: 
[PRERENDER] AVISO: não salvou manifest em D:\Agente-cad-PYSIDE\validacao_visual\Obra_TREINO_1\1PAV: 
[PRERENDER] ERRO render Gerado Obra_TREINO_1/2PAV/PL: 
[PRERENDER] ERRO inesperado Obra_TREINO_1/2PAV/LV: 
[PRERENDER] AVISO: não salvou manifest em D:\Agente-cad-PYSIDE\validacao_visual\Obra_TREINO_1\2PAV: 
[PRERENDER] ERRO inesperado Obra_TREINO_1/PARAISO_-_COBERTURA_-_DECK/LV: 
[PRERENDER] ERRO inesperado Obra_TREINO_1/PARAISO_-_COBERTURA_-_DECK/LJ: 
[PRERENDER] AVISO: não salvou manifest em D:\Agente-cad-PYSIDE\validacao_visual\Obra_TREINO_1\PARAISO_-_COBERTURA_-_DECK: 
[PRERENDER] ERRO render Gerado Obra_TREINO_1/TIPO_-_3_AO_12PAV/PL: 
[PRERENDER] ERRO inesperado Obra_TREINO_1/TIPO_-_3_AO_12PAV/LV: 
[PRERENDER] ERRO inesperado Obra_TREINO_1/TIPO_-_3_AO_12PAV/FV: 
[PRERENDER] ERRO inesperado Obra_TREINO_1/TIPO_-_3_AO_12PAV/LJ: 
[PRERENDER] AVISO: não salvou manifest em D:\Agente-cad-PYSIDE\validacao_visual\Obra_TREINO_1\TIPO_-_3_AO_12PAV: 
[PRERENDER] SKIP Obra_TREINO_1/TÉRREO/LV — DXF muito grande (54MB > 20MB)
[PRERENDER] AVISO: não salvou manifest em D:\Agente-cad-PYSIDE\validacao_visual\Obra_TREINO_1\TÉRREO: 
[PRERENDER] ERRO inesperado Obra_TREINO_10/1PAV/LV: 
[PRERENDER] ERRO inesperado Obra_TREINO_10/1PAV/FV: 
[PRERENDER] AVISO: não salvou manifest em D:\Agente-cad-PYSIDE\validacao_visual\Obra_TREINO_10\1PAV: 
[PRERENDER] ERRO render Gerado Obra_TREINO_10/1SS_-_TRECHO_1/PL: 
[PRERENDER] SKIP Obra_TREINO_10/1SS_-_TRECHO_1/LV — DXF muito grande (119MB > 20MB)
[PRERENDER] SKIP Obra_TREINO_10/1SS_-_TRECHO_1/FV — DXF muito grande (115MB > 20MB)
[PRERENDER] SKIP Obra_TREINO_10/1SS_-_TRECHO_1/LJ — DXF muito grande (117MB > 20MB)
[PRERENDER] AVISO: não salvou manifest em D:\Agente-cad-PYSIDE\validacao_visual\Obra_TREINO_10\1SS_-_TRECHO_1: 
[PRERENDER] ERRO inesperado Obra_TREINO_10/1SS_-_TRECHO_2/PL: 
[PRERENDER] SKIP Obra_TREINO_10/1SS_-_TRECHO_2/LV — DXF muito grande (119MB > 20MB)
[PRERENDER] SKIP Obra_TREINO_10/1SS_-_TRECHO_2/FV — DXF muito grande (123MB > 20MB)
[PRERENDER] AVISO: não salvou manifest em D:\Agente-cad-PYSIDE\validacao_visual\Obra_TREINO_10\1SS_-_TRECHO_2: 
[PRERENDER] SKIP Obra_TREINO_10/1SS_-_TRECHO_3/LV — DXF muito grande (78MB > 20MB)
[PRERENDER] ERRO inesperado Obra_TREINO_10/1SS_-_TRECHO_3/FV: 
[PRERENDER] AVISO: não salvou manifest em D:\Agente-cad-PYSIDE\validacao_visual\Obra_TREINO_10\1SS_-_TRECHO_3: 
[PRERENDER] SKIP Obra_TREINO_10/1SS_-_TRECHO_I/LV — DXF muito grande (121MB > 20MB)
[PRERENDER] AVISO: não salvou manifest em D:\Agente-cad-PYSIDE\validacao_visual\Obra_TREINO_10\1SS_-_TRECHO_I: [Errno 2] No such file or directory: 'D:\\Agente-cad-PYSIDE\\validacao_visual\\Obra_TREINO_10\\1SS_-_TRECHO_I\\prerender_manifest.json'
[PRERENDER] ERRO inesperado Obra_TREINO_10/2PAV/LV: 
[PRERENDER] ERRO inesperado Obra_TREINO_10/2PAV/FV: 
[PRERENDER] AVISO: não salvou manifest em D:\Agente-cad-PYSIDE\validacao_visual\Obra_TREINO_10\2PAV: 
[PRERENDER] SKIP Obra_TREINO_10/2SS/LJ — DXF muito grande (120MB > 20MB)
[PRERENDER] AVISO: não salvou manifest em D:\Agente-cad-PYSIDE\validacao_visual\Obra_TREINO_10\2SS: [Errno 2] No such file or directory: 'D:\\Agente-cad-PYSIDE\\validacao_visual\\Obra_TREINO_10\\2SS\\prerender_manifest.json'
[PRERENDER] SKIP Obra_TREINO_10/2SS_-_TRECHO_1/PL — DXF muito grande (650MB > 20MB)
[PRERENDER] SKIP Obra_TREINO_10/2SS_-_TRECHO_1/LV — DXF muito grande (121MB > 20MB)
[PRERENDER] SKIP Obra_TREINO_10/2SS_-_TRECHO_1/FV — DXF muito grande (112MB > 20MB)
[PRERENDER] SKIP Obra_TREINO_10/2SS_-_TRECHO_1/LJ — DXF muito grande (116MB > 20MB)
[PRERENDER] AVISO: não salvou manifest em D:\Agente-cad-PYSIDE\validacao_visual\Obra_TREINO_10\2SS_-_TRECHO_1: 
[PRERENDER] SKIP Obra_TREINO_10/2SS_-_TRECHO_2/PL — DXF muito grande (645MB > 20MB)
[PRERENDER] SKIP Obra_TREINO_10/2SS_-_TRECHO_2/LV — DXF muito grande (119MB > 20MB)
[PRERENDER] SKIP Obra_TREINO_10/2SS_-_TRECHO_2/FV — DXF muito grande (111MB > 20MB)
[PRERENDER] AVISO: não salvou manifest em D:\Agente-cad-PYSIDE\validacao_visual\Obra_TREINO_10\2SS_-_TRECHO_2: [Errno 2] No such file or directory: 'D:\\Agente-cad-PYSIDE\\validacao_visual\\Obra_TREINO_10\\2SS_-_TRECHO_2\\prerender_manifest.json'
[PRERENDER] ERRO render STOG Obra_TREINO_10/2SS_-_TRECHO_3/LV: 
[PRERENDER] SKIP Obra_TREINO_10/2SS_-_TRECHO_3/FV — DXF muito grande (114MB > 20MB)
[PRERENDER] AVISO: não salvou manifest em D:\Agente-cad-PYSIDE\validacao_visual\Obra_TREINO_10\2SS_-_TRECHO_3: 
[PRERENDER] ERRO render STOG Obra_TREINO_10/3PAV/LV: 
[PRERENDER] ERRO render STOG Obra_TREINO_10/3PAV/FV: 
[PRERENDER] AVISO: não salvou manifest em D:\Agente-cad-PYSIDE\validacao_visual\Obra_TREINO_10\3PAV: 
[PRERENDER] SKIP Obra_TREINO_10/4PAV/PL — DXF muito grande (29MB > 20MB)
[PRERENDER] ERRO render STOG Obra_TREINO_10/4PAV/LV: 
[PRERENDER] ERRO render STOG Obra_TREINO_10/4PAV/FV: 
[PRERENDER] AVISO: não salvou manifest em D:\Agente-cad-PYSIDE\validacao_visual\Obra_TREINO_10\4PAV: 
[PRERENDER] ERRO render STOG Obra_TREINO_10/5PAV/PL: 
[PRERENDER] ERRO render STOG Obra_TREINO_10/5PAV/LV: 
[PRERENDER] ERRO render STOG Obra_TREINO_10/5PAV/FV: 
[PRERENDER] AVISO: não salvou manifest em D:\Agente-cad-PYSIDE\validacao_visual\Obra_TREINO_10\5PAV: 
[PRERENDER] ERRO render STOG Obra_TREINO_10/6PAV/PL: 
[PRERENDER] ERRO render STOG Obra_TREINO_10/6PAV/LV: 
[PRERENDER] ERRO render STOG Obra_TREINO_10/6PAV/FV: 
[PRERENDER] ERRO render STOG Obra_TREINO_10/7_E_8PAV/FV: 
[PRERENDER] ERRO render STOG Obra_TREINO_10/7PAV/PL: [Errno 22] Invalid argument
[PRERENDER] ERRO render STOG Obra_TREINO_10/7PAV/LV: [Errno 22] Invalid argument
[PRERENDER] ERRO render STOG Obra_TREINO_10/8_E_9PAV/PL: [Errno 22] Invalid argument
[PRERENDER] ERRO render STOG Obra_TREINO_10/8_E_9PAV/LV: [Errno 22] Invalid argument
[PRERENDER] ERRO render STOG Obra_TREINO_10/9PAV/FV: 
[PRERENDER] ERRO render STOG Obra_TREINO_10/HOSPITAL_ASSUNÇÃO-1PAV/PL: [Errno 22] Invalid argument
[PRERENDER] ERRO render STOG Obra_TREINO_10/HOSPITAL_ASSUNÇÃO-2PAV/PL: [Errno 22] Invalid argument
[PRERENDER] ERRO render STOG Obra_TREINO_10/HOSPITAL_ASSUNÇÃO-3PAV/PL: [Errno 22] Invalid argument
[PRERENDER] ERRO render STOG Obra_TREINO_10/TERREO_-_TRECHO_1/FV: [Errno 22] Invalid argument
[PRERENDER] ERRO render STOG Obra_TREINO_10/TERREO_-_TRECHO_2/FV: 
[PRERENDER] ERRO render STOG Obra_TREINO_10/TERREO_-_TRECHO_3/FV: [Errno 22] Invalid argument
[PRERENDER] ERRO render Gerado Obra_TREINO_10/TRECHO_3_-_1SS/PL: 
[PRERENDER] ERRO render STOG Obra_TREINO_10/TRECHO_3_-_1SS/LV: 
[PRERENDER] ERRO render STOG Obra_TREINO_10/TRECHO_3_-_1SS/FV: 
[PRERENDER] AVISO: não salvou manifest em D:\Agente-cad-PYSIDE\validacao_visual\Obra_TREINO_10\TRECHO_3_-_1SS: 
[PRERENDER] SKIP Obra_TREINO_10/TRECHO_3_-_2SS/PL — DXF muito grande (651MB > 20MB)
[PRERENDER] SKIP Obra_TREINO_10/TRECHO_3_-_2SS/LV — DXF muito grande (120MB > 20MB)
[PRERENDER] SKIP Obra_TREINO_10/TRECHO_3_-_2SS/FV — DXF muito grande (114MB > 20MB)
[PRERENDER] AVISO: não salvou manifest em D:\Agente-cad-PYSIDE\validacao_visual\Obra_TREINO_10\TRECHO_3_-_2SS: 
[PRERENDER] ERRO render STOG Obra_TREINO_10/TRECHO_3_-_TÉRREO/PL: 
[PRERENDER] ERRO render STOG Obra_TREINO_10/TRECHO_3_-_TÉRREO/LV: 
[PRERENDER] AVISO: não salvou manifest em D:\Agente-cad-PYSIDE\validacao_visual\Obra_TREINO_10\TRECHO_3_-_TÉRREO: 
[PRERENDER] ERRO render STOG Obra_TREINO_10/TÉRREO_-_TRECHO_1/PL: 
[PRERENDER] SKIP Obra_TREINO_10/TÉRREO_-_TRECHO_1/LV — DXF muito grande (124MB > 20MB)
[PRERENDER] AVISO: não salvou manifest em D:\Agente-cad-PYSIDE\validacao_visual\Obra_TREINO_10\TÉRREO_-_TRECHO_1: 
[PRERENDER] ERRO render STOG Obra_TREINO_10/TÉRREO_-_TRECHO_2/PL: 
[PRERENDER] SKIP Obra_TREINO_10/TÉRREO_-_TRECHO_2/LV — DXF muito grande (119MB > 20MB)
[PRERENDER] AVISO: não salvou manifest em D:\Agente-cad-PYSIDE\validacao_visual\Obra_TREINO_10\TÉRREO_-_TRECHO_2: 
[PRERENDER] ERRO render STOG Obra_TREINO_10/TÉRREO_-_TRECHO_3/LV: 
[PRERENDER] AVISO: não salvou manifest em D:\Agente-cad-PYSIDE\validacao_visual\Obra_TREINO_10\TÉRREO_-_TRECHO_3: 
[PRERENDER] ERRO inesperado Obra_TREINO_11/GWT_-_1PV/PL: 
[PRERENDER] ERRO inesperado Obra_TREINO_11/GWT_-_1PV/LV: 
[PRERENDER] ERRO inesperado Obra_TREINO_11/GWT_-_1PV/FV: 
[PRERENDER] ERRO inesperado Obra_TREINO_11/GWT_-_1PV/LJ: 
[PRERENDER] AVISO: não salvou manifest em D:\Agente-cad-PYSIDE\validacao_visual\Obra_TREINO_11\GWT_-_1PV: 
[PRERENDER] SKIP Obra_TREINO_11/GWT_-_1SS/PL — DXF muito grande (647MB > 20MB)
[PRERENDER] SKIP Obra_TREINO_11/GWT_-_1SS/LV — DXF muito grande (122MB > 20MB)
[PRERENDER] SKIP Obra_TREINO_11/GWT_-_1SS/FV — DXF muito grande (112MB > 20MB)
[PRERENDER] SKIP Obra_TREINO_11/GWT_-_1SS/LJ — DXF muito grande (120MB > 20MB)
[PRERENDER] AVISO: não salvou manifest em D:\Agente-cad-PYSIDE\validacao_visual\Obra_TREINO_11\GWT_-_1SS: 
[PRERENDER] ERRO render STOG Obra_TREINO_11/GWT_-_2PV/PL: 
[PRERENDER] ERRO render STOG Obra_TREINO_11/GWT_-_2PV/LV: 
[PRERENDER] ERRO render STOG Obra_TREINO_11/GWT_-_2PV/FV: 
[PRERENDER] ERRO render STOG Obra_TREINO_11/GWT_-_2PV/LJ: 
[PRERENDER] AVISO: não salvou manifest em D:\Agente-cad-PYSIDE\validacao_visual\Obra_TREINO_11\GWT_-_2PV: 
[PRERENDER] ERRO render STOG Obra_TREINO_11/GWT_-_5PV/PL: 
[PRERENDER] ERRO render STOG Obra_TREINO_11/GWT_-_5PV/LV: 
[PRERENDER] ERRO render STOG Obra_TREINO_11/GWT_-_5PV/FV: 
[PRERENDER] ERRO render STOG Obra_TREINO_11/GWT_-_5PV/LJ: 
[PRERENDER] AVISO: não salvou manifest em D:\Agente-cad-PYSIDE\validacao_visual\Obra_TREINO_11\GWT_-_5PV: 
[PRERENDER] ERRO render STOG Obra_TREINO_11/GWT_-_6PV/PL: 
[PRERENDER] ERRO render STOG Obra_TREINO_11/GWT_-_6PV/LV: 
[PRERENDER] ERRO render STOG Obra_TREINO_11/GWT_-_6PV/FV: 
[PRERENDER] ERRO render STOG Obra_TREINO_11/GWT_-_6PV/LJ: 
[PRERENDER] AVISO: não salvou manifest em D:\Agente-cad-PYSIDE\validacao_visual\Obra_TREINO_11\GWT_-_6PV: 
[PRERENDER] ERRO render STOG Obra_TREINO_11/GWT_-_BCE/PL: 
[PRERENDER] ERRO render STOG Obra_TREINO_11/GWT_-_BCE/LV: 
[PRERENDER] ERRO render STOG Obra_TREINO_11/GWT_-_BCE/FV: 
[PRERENDER] ERRO render STOG Obra_TREINO_11/GWT_-_BCE/LJ: 
[PRERENDER] AVISO: não salvou manifest em D:\Agente-cad-PYSIDE\validacao_visual\Obra_TREINO_11\GWT_-_BCE: 
[PRERENDER] ERRO render STOG Obra_TREINO_11/GWT_-_BCE_-_PER/FV: 
[PRERENDER] AVISO: não salvou manifest em D:\Agente-cad-PYSIDE\validacao_visual\Obra_TREINO_11\GWT_-_BCE_-_PER: 
[PRERENDER] SKIP Obra_TREINO_11/GWT_-_TER/PL — DXF muito grande (648MB > 20MB)
[PRERENDER] SKIP Obra_TREINO_11/GWT_-_TER/LV — DXF muito grande (135MB > 20MB)
[PRERENDER] SKIP Obra_TREINO_11/GWT_-_TER/FV — DXF muito grande (113MB > 20MB)
[PRERENDER] SKIP Obra_TREINO_11/GWT_-_TER/LJ — DXF muito grande (120MB > 20MB)
[PRERENDER] AVISO: não salvou manifest em D:\Agente-cad-PYSIDE\validacao_visual\Obra_TREINO_11\GWT_-_TER: 
[PRERENDER] ERRO render STOG Obra_TREINO_11/GWT_-_TIP/PL: 
[PRERENDER] ERRO render STOG Obra_TREINO_11/GWT_-_TIP/LV: 
[PRERENDER] ERRO render STOG Obra_TREINO_11/GWT_-_TIP/FV: 
[PRERENDER] ERRO render STOG Obra_TREINO_11/GWT_-_TIP/LJ: 
[PRERENDER] AVISO: não salvou manifest em D:\Agente-cad-PYSIDE\validacao_visual\Obra_TREINO_11\GWT_-_TIP: 
[PRERENDER] SKIP Obra_TREINO_11/GWT_-_TRI_-_TRII_-_1SS/PL — DXF muito grande (643MB > 20MB)
[PRERENDER] SKIP Obra_TREINO_11/GWT_-_TRI_-_TRII_-_1SS/LV — DXF muito grande (118MB > 20MB)
[PRERENDER] AVISO: não salvou manifest em D:\Agente-cad-PYSIDE\validacao_visual\Obra_TREINO_11\GWT_-_TRI_-_TRII_-_1SS: [Errno 2] No such file or directory: 'D:\\Agente-cad-PYSIDE\\validacao_visual\\Obra_TREINO_11\\GWT_-_TRI_-_TRII_-_1SS\\prerender_manifest.json'
[PRERENDER] ERRO inesperado Obra_TREINO_13/1PV/PL: [Errno 22] Invalid argument
[PRERENDER] ERRO inesperado Obra_TREINO_13/1PV/LV: 
[PRERENDER] ERRO inesperado Obra_TREINO_13/1PV/FV: 
[PRERENDER] ERRO inesperado Obra_TREINO_13/1PV/LJ: 
[PRERENDER] AVISO: não salvou manifest em D:\Agente-cad-PYSIDE\validacao_visual\Obra_TREINO_13\1PV: 
[PRERENDER] ERRO render Gerado Obra_TREINO_13/1SI/PL: 
[PRERENDER] ERRO render Gerado Obra_TREINO_13/1SI/LV: 
[PRERENDER] ERRO render STOG Obra_TREINO_13/1SI/FV: 
[PRERENDER] ERRO render STOG Obra_TREINO_13/1SI/LJ: 
[PRERENDER] AVISO: não salvou manifest em D:\Agente-cad-PYSIDE\validacao_visual\Obra_TREINO_13\1SI: 
[PRERENDER] ERRO inesperado Obra_TREINO_13/1SS/PL: 
[PRERENDER] ERRO render STOG Obra_TREINO_13/1SS/LV: 
[PRERENDER] ERRO render STOG Obra_TREINO_13/1SS/FV: 
[PRERENDER] ERRO render STOG Obra_TREINO_13/1SS/LJ: 
[PRERENDER] AVISO: não salvou manifest em D:\Agente-cad-PYSIDE\validacao_visual\Obra_TREINO_13\1SS: 
[PRERENDER] ERRO render Gerado Obra_TREINO_13/2PV/PL: 
[PRERENDER] ERRO render STOG Obra_TREINO_13/2PV/LV: 
[PRERENDER] ERRO render STOG Obra_TREINO_13/2PV/FV: 
[PRERENDER] ERRO render STOG Obra_TREINO_13/2PV/LJ: 
[PRERENDER] AVISO: não salvou manifest em D:\Agente-cad-PYSIDE\validacao_visual\Obra_TREINO_13\2PV: 
[PRERENDER] ERRO render Gerado Obra_TREINO_13/2SI/PL: 
[PRERENDER] ERRO render STOG Obra_TREINO_13/2SI/LV: 
[PRERENDER] ERRO render STOG Obra_TREINO_13/2SI/FV: 
[PRERENDER] ERRO render STOG Obra_TREINO_13/2SI/LJ: 
[PRERENDER] AVISO: não salvou manifest em D:\Agente-cad-PYSIDE\validacao_visual\Obra_TREINO_13\2SI: 
[PRERENDER] ERRO inesperado Obra_TREINO_13/2SS/PL: 
[PRERENDER] ERRO render STOG Obra_TREINO_13/2SS/LV: 
[PRERENDER] ERRO render STOG Obra_TREINO_13/2SS/FV: 
[PRERENDER] ERRO render STOG Obra_TREINO_13/2SS/LJ: 
[PRERENDER] AVISO: não salvou manifest em D:\Agente-cad-PYSIDE\validacao_visual\Obra_TREINO_13\2SS: 
[PRERENDER] ERRO render STOG Obra_TREINO_13/3PV/LV: 
[PRERENDER] ERRO render STOG Obra_TREINO_13/3PV/FV: 
[PRERENDER] ERRO render STOG Obra_TREINO_13/3PV/LJ: 
[PRERENDER] AVISO: não salvou manifest em D:\Agente-cad-PYSIDE\validacao_visual\Obra_TREINO_13\3PV: 
[PRERENDER] ERRO render STOG Obra_TREINO_13/3SS/PL: 
[PRERENDER] ERRO render STOG Obra_TREINO_13/3SS/LV: 
[PRERENDER] ERRO render STOG Obra_TREINO_13/3SS/FV: 
[PRERENDER] ERRO render STOG Obra_TREINO_13/3SS/LJ: 
[PRERENDER] AVISO: não salvou manifest em D:\Agente-cad-PYSIDE\validacao_visual\Obra_TREINO_13\3SS: 
[PRERENDER] ERRO render STOG Obra_TREINO_13/4PV/PL: 
[PRERENDER] ERRO render STOG Obra_TREINO_13/4PV/LV: 
[PRERENDER] ERRO render STOG Obra_TREINO_13/4PV/FV: 
[PRERENDER] ERRO render STOG Obra_TREINO_13/4PV/LJ: 
[PRERENDER] AVISO: não salvou manifest em D:\Agente-cad-PYSIDE\validacao_visual\Obra_TREINO_13\4PV: 
[PRERENDER] ERRO render STOG Obra_TREINO_13/4SS/PL: 
[PRERENDER] ERRO render STOG Obra_TREINO_13/4SS/LV: 
[PRERENDER] ERRO render STOG Obra_TREINO_13/4SS/FV: 
[PRERENDER] ERRO render STOG Obra_TREINO_13/4SS/LJ: 
[PRERENDER] AVISO: não salvou manifest em D:\Agente-cad-PYSIDE\validacao_visual\Obra_TREINO_13\4SS: 
[PRERENDER] ERRO render STOG Obra_TREINO_13/5PV/PL: 
[PRERENDER] ERRO render STOG Obra_TREINO_13/5PV/LV: 
[PRERENDER] ERRO render STOG Obra_TREINO_13/5PV/FV: 
[PRERENDER] ERRO render STOG Obra_TREINO_13/5PV/LJ: 
[PRERENDER] AVISO: não salvou manifest em D:\Agente-cad-PYSIDE\validacao_visual\Obra_TREINO_13\5PV: 
[PRERENDER] ERRO render STOG Obra_TREINO_13/6PV/PL: 
[PRERENDER] ERRO render STOG Obra_TREINO_13/6PV/LV: 
[PRERENDER] ERRO render STOG Obra_TREINO_13/6PV/FV: 
[PRERENDER] ERRO render STOG Obra_TREINO_13/6PV/LJ: 
[PRERENDER] AVISO: não salvou manifest em D:\Agente-cad-PYSIDE\validacao_visual\Obra_TREINO_13\6PV: 
[PRERENDER] ERRO render STOG Obra_TREINO_13/ATICO/PL: 
[PRERENDER] ERRO render STOG Obra_TREINO_13/ATICO/LV: 
[PRERENDER] ERRO render STOG Obra_TREINO_13/ATICO/LJ: 
[PRERENDER] AVISO: não salvou manifest em D:\Agente-cad-PYSIDE\validacao_visual\Obra_TREINO_13\ATICO: 
[PRERENDER] ERRO render STOG Obra_TREINO_13/TER/PL: 
[PRERENDER] ERRO render STOG Obra_TREINO_13/TER/LV: 
[PRERENDER] ERRO render STOG Obra_TREINO_13/TER/FV: 
[PRERENDER] ERRO render STOG Obra_TREINO_13/TER/LJ: 
[PRERENDER] AVISO: não salvou manifest em D:\Agente-cad-PYSIDE\validacao_visual\Obra_TREINO_13\TER: 
[PRERENDER] ERRO inesperado Obra_TREINO_13/TIPO/PL: 
[PRERENDER] ERRO inesperado Obra_TREINO_13/TIPO/LV: 
[PRERENDER] ERRO inesperado Obra_TREINO_13/TIPO/FV: 
[PRERENDER] ERRO inesperado Obra_TREINO_13/TIPO/LJ: 
[PRERENDER] AVISO: não salvou manifest em D:\Agente-cad-PYSIDE\validacao_visual\Obra_TREINO_13\TIPO: 
[PRERENDER] ERRO inesperado Obra_TREINO_14/ARRAIA_-_1PAV/PL: [Errno 22] Invalid argument
[PRERENDER] ERRO inesperado Obra_TREINO_14/ARRAIA_-_1PAV/LV: 
[PRERENDER] ERRO inesperado Obra_TREINO_14/ARRAIA_-_1PAV/FV: 
[PRERENDER] ERRO inesperado Obra_TREINO_14/ARRAIA_-_1PAV/LJ: 
[PRERENDER] AVISO: não salvou manifest em D:\Agente-cad-PYSIDE\validacao_visual\Obra_TREINO_14\ARRAIA_-_1PAV: 
[PRERENDER] SKIP Obra_TREINO_14/ARRAIA_-_1PV/LJ — DXF muito grande (38MB > 20MB)
[PRERENDER] AVISO: não salvou manifest em D:\Agente-cad-PYSIDE\validacao_visual\Obra_TREINO_14\ARRAIA_-_1PV: [Errno 2] No such file or directory: 'D:\\Agente-cad-PYSIDE\\validacao_visual\\Obra_TREINO_14\\ARRAIA_-_1PV\\prerender_manifest.json'
[PRERENDER] SKIP Obra_TREINO_14/ARRAIA_-_2PAV/PL — DXF muito grande (347MB > 20MB)
[PRERENDER] ERRO render STOG Obra_TREINO_14/ARRAIA_-_2PAV/LV: 
[PRERENDER] ERRO render STOG Obra_TREINO_14/ARRAIA_-_2PAV/FV: 
[PRERENDER] ERRO render STOG Obra_TREINO_14/ARRAIA_-_2PAV/LJ: 
[PRERENDER] AVISO: não salvou manifest em D:\Agente-cad-PYSIDE\validacao_visual\Obra_TREINO_14\ARRAIA_-_2PAV: 
[PRERENDER] AVISO: não salvou manifest em D:\Agente-cad-PYSIDE\validacao_visual\Obra_TREINO_15\IPEROIG_-_TIP: 
[PRERENDER] ERRO inesperado Obra_TREINO_15/LO_-_6PV/PL: 
[PRERENDER] SKIP Obra_TREINO_15/LO_-_6PV/LV — DXF muito grande (123MB > 20MB)
[PRERENDER] SKIP Obra_TREINO_15/LO_-_6PV/FV — DXF muito grande (111MB > 20MB)
[PRERENDER] ERRO inesperado Obra_TREINO_15/LO_-_6PV/LJ: 
[PRERENDER] AVISO: não salvou manifest em D:\Agente-cad-PYSIDE\validacao_visual\Obra_TREINO_15\LO_-_6PV: 
[PRERENDER] SKIP Obra_TREINO_15/LO_-_6PV_-_TIP_-_DINF/LV — DXF muito grande (123MB > 20MB)
[PRERENDER] AVISO: não salvou manifest em D:\Agente-cad-PYSIDE\validacao_visual\Obra_TREINO_15\LO_-_6PV_-_TIP_-_DINF: [Errno 2] No such file or directory: 'D:\\Agente-cad-PYSIDE\\validacao_visual\\Obra_TREINO_15\\LO_-_6PV_-_TIP_-_DINF\\prerender_manifest.json'
[PRERENDER] ERRO render STOG Obra_TREINO_15/LO_-_6PV_-_TP_-_DINF/LV: 
[PRERENDER] AVISO: não salvou manifest em D:\Agente-cad-PYSIDE\validacao_visual\Obra_TREINO_15\LO_-_6PV_-_TP_-_DINF: 
[PRERENDER] ERRO render STOG Obra_TREINO_15/LO_-_DINF/FV: 
[PRERENDER] AVISO: não salvou manifest em D:\Agente-cad-PYSIDE\validacao_visual\Obra_TREINO_15\LO_-_DINF: 
[PRERENDER] ERRO render STOG Obra_TREINO_15/LO_-_TIP/FV: 
[PRERENDER] ERRO render STOG Obra_TREINO_15/LO_-_TIP/LJ: 
[PRERENDER] AVISO: não salvou manifest em D:\Agente-cad-PYSIDE\validacao_visual\Obra_TREINO_15\LO_-_TIP: 
[PRERENDER] ERRO render STOG Obra_TREINO_15/LO_-_TIP_-_DINF/PL: 
[PRERENDER] SKIP Obra_TREINO_15/LO_-_TIP_-_DINF/LV — DXF muito grande (123MB > 20MB)
[PRERENDER] SKIP Obra_TREINO_15/LO_-_TIP_-_DINF/FV — DXF muito grande (111MB > 20MB)
[PRERENDER] SKIP Obra_TREINO_15/LO_-_TIP_-_DINF/LJ — DXF muito grande (119MB > 20MB)
[PRERENDER] AVISO: não salvou manifest em D:\Agente-cad-PYSIDE\validacao_visual\Obra_TREINO_15\LO_-_TIP_-_DINF: 
[PRERENDER] SKIP Obra_TREINO_16/VALDIR_NIEMEYER_-_1PV/PL — DXF muito grande (655MB > 20MB)
[PRERENDER] SKIP Obra_TREINO_16/VALDIR_NIEMEYER_-_1PV/LV — DXF muito grande (122MB > 20MB)
[PRERENDER] SKIP Obra_TREINO_16/VALDIR_NIEMEYER_-_1PV/FV — DXF muito grande (112MB > 20MB)
[PRERENDER] SKIP Obra_TREINO_16/VALDIR_NIEMEYER_-_1PV/LJ — DXF muito grande (118MB > 20MB)
[PRERENDER] AVISO: não salvou manifest em D:\Agente-cad-PYSIDE\validacao_visual\Obra_TREINO_16\VALDIR_NIEMEYER_-_1PV: 
[PRERENDER] SKIP Obra_TREINO_16/VALDIR_NIEMEYER_-_4PV/PL — DXF muito grande (645MB > 20MB)
[PRERENDER] ERRO render STOG Obra_TREINO_16/VALDIR_NIEMEYER_-_4PV/LV: 
[PRERENDER] SKIP Obra_TREINO_16/VALDIR_NIEMEYER_-_4PV/FV — DXF muito grande (111MB > 20MB)
[PRERENDER] SKIP Obra_TREINO_16/VALDIR_NIEMEYER_-_4PV/LJ — DXF muito grande (117MB > 20MB)
[PRERENDER] AVISO: não salvou manifest em D:\Agente-cad-PYSIDE\validacao_visual\Obra_TREINO_16\VALDIR_NIEMEYER_-_4PV: 
[PRERENDER] SKIP Obra_TREINO_16/VALDIR_NIEMEYER_-_TER/PL — DXF muito grande (648MB > 20MB)
[PRERENDER] SKIP Obra_TREINO_16/VALDIR_NIEMEYER_-_TER/LV — DXF muito grande (120MB > 20MB)
[PRERENDER] SKIP Obra_TREINO_16/VALDIR_NIEMEYER_-_TER/FV — DXF muito grande (111MB > 20MB)
[PRERENDER] SKIP Obra_TREINO_16/VALDIR_NIEMEYER_-_TER/LJ — DXF muito grande (118MB > 20MB)
[PRERENDER] AVISO: não salvou manifest em D:\Agente-cad-PYSIDE\validacao_visual\Obra_TREINO_16\VALDIR_NIEMEYER_-_TER: [Errno 2] No such file or directory: 'D:\\Agente-cad-PYSIDE\\validacao_visual\\Obra_TREINO_16\\VALDIR_NIEMEYER_-_TER\\prerender_manifest.json'
[PRERENDER] SKIP Obra_TREINO_16/VALDIR_NIEMEYER_-_TP1/PL — DXF muito grande (645MB > 20MB)
[PRERENDER] ERRO render STOG Obra_TREINO_16/VALDIR_NIEMEYER_-_TP1/LV: 
[PRERENDER] SKIP Obra_TREINO_16/VALDIR_NIEMEYER_-_TP1/FV — DXF muito grande (112MB > 20MB)
[PRERENDER] SKIP Obra_TREINO_16/VALDIR_NIEMEYER_-_TP1/LJ — DXF muito grande (117MB > 20MB)
[PRERENDER] AVISO: não salvou manifest em D:\Agente-cad-PYSIDE\validacao_visual\Obra_TREINO_16\VALDIR_NIEMEYER_-_TP1: 
[PRERENDER] SKIP Obra_TREINO_16/VALDIR_NIEMEYER_-_TP2/PL — DXF muito grande (645MB > 20MB)
[PRERENDER] ERRO render STOG Obra_TREINO_16/VALDIR_NIEMEYER_-_TP2/LV: 
[PRERENDER] SKIP Obra_TREINO_16/VALDIR_NIEMEYER_-_TP2/FV — DXF muito grande (111MB > 20MB)
[PRERENDER] SKIP Obra_TREINO_16/VALDIR_NIEMEYER_-_TP2/LJ — DXF muito grande (117MB > 20MB)
[PRERENDER] AVISO: não salvou manifest em D:\Agente-cad-PYSIDE\validacao_visual\Obra_TREINO_16\VALDIR_NIEMEYER_-_TP2: 
[PRERENDER] SKIP Obra_TREINO_17/METROCASA9_DE_JULHO_-_1PV/PL — DXF muito grande (648MB > 20MB)
[PRERENDER] SKIP Obra_TREINO_17/METROCASA9_DE_JULHO_-_1PV/LV — DXF muito grande (121MB > 20MB)
[PRERENDER] SKIP Obra_TREINO_17/METROCASA9_DE_JULHO_-_1PV/FV — DXF muito grande (111MB > 20MB)
[PRERENDER] SKIP Obra_TREINO_17/METROCASA9_DE_JULHO_-_1PV/LJ — DXF muito grande (118MB > 20MB)
[PRERENDER] AVISO: não salvou manifest em D:\Agente-cad-PYSIDE\validacao_visual\Obra_TREINO_17\METROCASA9_DE_JULHO_-_1PV: 
[PRERENDER] SKIP Obra_TREINO_17/METROCASA9_DE_JULHO_-_2AO15PV/LJ — DXF muito grande (117MB > 20MB)
[PRERENDER] AVISO: não salvou manifest em D:\Agente-cad-PYSIDE\validacao_visual\Obra_TREINO_17\METROCASA9_DE_JULHO_-_2AO15PV: [Errno 2] No such file or directory: 'D:\\Agente-cad-PYSIDE\\validacao_visual\\Obra_TREINO_17\\METROCASA9_DE_JULHO_-_2AO15PV\\prerender_manifest.json'
[PRERENDER] SKIP Obra_TREINO_17/METROCASA9_DE_JULHO_-_TER/LV — DXF muito grande (123MB > 20MB)
[PRERENDER] SKIP Obra_TREINO_17/METROCASA9_DE_JULHO_-_TER/FV — DXF muito grande (112MB > 20MB)
[PRERENDER] AVISO: não salvou manifest em D:\Agente-cad-PYSIDE\validacao_visual\Obra_TREINO_17\METROCASA9_DE_JULHO_-_TER: [Errno 2] No such file or directory: 'D:\\Agente-cad-PYSIDE\\validacao_visual\\Obra_TREINO_17\\METROCASA9_DE_JULHO_-_TER\\prerender_manifest.json'
[PRERENDER] ERRO inesperado Obra_TREINO_18/1PV/PL: [Errno 22] Invalid argument
[PRERENDER] ERRO render Gerado Obra_TREINO_18/1PV/LV: 
[PRERENDER] ERRO inesperado Obra_TREINO_18/1PV/FV: 
[PRERENDER] ERRO inesperado Obra_TREINO_18/1PV/LJ: 
[PRERENDER] AVISO: não salvou manifest em D:\Agente-cad-PYSIDE\validacao_visual\Obra_TREINO_18\1PV: 
[PRERENDER] ERRO render STOG Obra_TREINO_18/2PV/PL: 
[PRERENDER] ERRO render STOG Obra_TREINO_18/2PV/LV: 
[PRERENDER] ERRO render STOG Obra_TREINO_18/2PV/FV: 
[PRERENDER] ERRO render STOG Obra_TREINO_18/2PV/LJ: 
[PRERENDER] AVISO: não salvou manifest em D:\Agente-cad-PYSIDE\validacao_visual\Obra_TREINO_18\2PV: 
[PRERENDER] ERRO render STOG Obra_TREINO_18/TPIMPAR/PL: 
[PRERENDER] ERRO render STOG Obra_TREINO_18/TPIMPAR/LV: 
[PRERENDER] ERRO render STOG Obra_TREINO_18/TPIMPAR/FV: 
[PRERENDER] ERRO render STOG Obra_TREINO_18/TPIMPAR/LJ: 
[PRERENDER] AVISO: não salvou manifest em D:\Agente-cad-PYSIDE\validacao_visual\Obra_TREINO_18\TPIMPAR: 
[PRERENDER] ERRO render STOG Obra_TREINO_18/TPPAR/PL: 
[PRERENDER] ERRO render STOG Obra_TREINO_18/TPPAR/LV: 
[PRERENDER] ERRO render STOG Obra_TREINO_18/TPPAR/FV: 
[PRERENDER] ERRO render STOG Obra_TREINO_18/TPPAR/LJ: 
[PRERENDER] AVISO: não salvou manifest em D:\Agente-cad-PYSIDE\validacao_visual\Obra_TREINO_18\TPPAR: 
[PRERENDER] ERRO inesperado Obra_TREINO_19/1_SUBOLO/LV: 
[PRERENDER] ERRO inesperado Obra_TREINO_19/1_SUBOLO/FV: 
[PRERENDER] ERRO inesperado Obra_TREINO_19/1_SUBOLO/LJ: 
[PRERENDER] AVISO: não salvou manifest em D:\Agente-cad-PYSIDE\validacao_visual\Obra_TREINO_19\1_SUBOLO: 
[PRERENDER] ERRO render STOG Obra_TREINO_19/1_SUBOLO_-_TRECHO_1/LV: 
[PRERENDER] AVISO: não salvou manifest em D:\Agente-cad-PYSIDE\validacao_visual\Obra_TREINO_19\1_SUBOLO_-_TRECHO_1: 
[PRERENDER] ERRO render STOG Obra_TREINO_19/1_SUBOLO_-_TRECHO_3/LV: 
[PRERENDER] AVISO: não salvou manifest em D:\Agente-cad-PYSIDE\validacao_visual\Obra_TREINO_19\1_SUBOLO_-_TRECHO_3: 
[PRERENDER] ERRO render STOG Obra_TREINO_19/1_SUBSOLO/LJ: 
[PRERENDER] AVISO: não salvou manifest em D:\Agente-cad-PYSIDE\validacao_visual\Obra_TREINO_19\1_SUBSOLO: 
[PRERENDER] ERRO render STOG Obra_TREINO_19/PROJEÇÃO_-_TÉRREO/LJ: 
[PRERENDER] AVISO: não salvou manifest em D:\Agente-cad-PYSIDE\validacao_visual\Obra_TREINO_19\PROJEÇÃO_-_TÉRREO: 
[PRERENDER] SKIP Obra_TREINO_20/ITAQUERA_III_-_1PAV/LV — DXF muito grande (42MB > 20MB)
[PRERENDER] AVISO: não salvou manifest em D:\Agente-cad-PYSIDE\validacao_visual\Obra_TREINO_20\ITAQUERA_III_-_1PAV: 
[PRERENDER] ERRO inesperado Obra_TREINO_20/ITAQUERA_III_-_1PV/PL: 
[PRERENDER] SKIP Obra_TREINO_20/ITAQUERA_III_-_1PV/FV — DXF muito grande (41MB > 20MB)
[PRERENDER] SKIP Obra_TREINO_20/ITAQUERA_III_-_1PV/LJ — DXF muito grande (42MB > 20MB)
[PRERENDER] AVISO: não salvou manifest em D:\Agente-cad-PYSIDE\validacao_visual\Obra_TREINO_20\ITAQUERA_III_-_1PV: 
[PRERENDER] SKIP Obra_TREINO_20/ITAQUERA_III_-_IF1/LV — DXF muito grande (43MB > 20MB)
[PRERENDER] SKIP Obra_TREINO_20/ITAQUERA_III_-_IF1/FV — DXF muito grande (41MB > 20MB)
[PRERENDER] SKIP Obra_TREINO_20/ITAQUERA_III_-_IF1/LJ — DXF muito grande (42MB > 20MB)
[PRERENDER] AVISO: não salvou manifest em D:\Agente-cad-PYSIDE\validacao_visual\Obra_TREINO_20\ITAQUERA_III_-_IF1: 
[PRERENDER] ERRO inesperado Obra_TREINO_20/ITAQUERA_III_-_TER/PL: 
[PRERENDER] SKIP Obra_TREINO_20/ITAQUERA_III_-_TER/LV — DXF muito grande (43MB > 20MB)
[PRERENDER] SKIP Obra_TREINO_20/ITAQUERA_III_-_TER/FV — DXF muito grande (41MB > 20MB)
[PRERENDER] SKIP Obra_TREINO_20/ITAQUERA_III_-_TER/LJ — DXF muito grande (42MB > 20MB)
[PRERENDER] AVISO: não salvou manifest em D:\Agente-cad-PYSIDE\validacao_visual\Obra_TREINO_20\ITAQUERA_III_-_TER: 
[PRERENDER] ERRO render Gerado Obra_TREINO_21/12PAV/PL: 
[PRERENDER] ERRO inesperado Obra_TREINO_21/12PAV/LV: 
[PRERENDER] ERRO inesperado Obra_TREINO_21/12PAV/FV: 
[PRERENDER] ERRO inesperado Obra_TREINO_21/12PAV/LJ: 
[PRERENDER] AVISO: não salvou manifest em D:\Agente-cad-PYSIDE\validacao_visual\Obra_TREINO_21\12PAV: 
[PRERENDER] ERRO render STOG Obra_TREINO_21/1PAV/PL: 
[PRERENDER] SKIP Obra_TREINO_21/1PAV/LV — DXF muito grande (49MB > 20MB)
[PRERENDER] ERRO render STOG Obra_TREINO_21/1PAV/FV: 
[PRERENDER] ERRO render STOG Obra_TREINO_21/1PAV/LJ: 
[PRERENDER] AVISO: não salvou manifest em D:\Agente-cad-PYSIDE\validacao_visual\Obra_TREINO_21\1PAV: 
[PRERENDER] ERRO render STOG Obra_TREINO_21/2,_3_E_PAV._TIPO/PL: 
[PRERENDER] ERRO render STOG Obra_TREINO_21/2,_3_E_PAV._TIPO/LV: 
[PRERENDER] ERRO render STOG Obra_TREINO_21/2,_3_E_PAV._TIPO/FV: 
[PRERENDER] AVISO: não salvou manifest em D:\Agente-cad-PYSIDE\validacao_visual\Obra_TREINO_21\2,_3_E_PAV._TIPO: 
[PRERENDER] ERRO render STOG Obra_TREINO_21/2PAV/LJ: 
[PRERENDER] AVISO: não salvou manifest em D:\Agente-cad-PYSIDE\validacao_visual\Obra_TREINO_21\2PAV: 
[PRERENDER] ERRO render STOG Obra_TREINO_21/3PAV/LJ: 
[PRERENDER] AVISO: não salvou manifest em D:\Agente-cad-PYSIDE\validacao_visual\Obra_TREINO_21\3PAV: 
[PRERENDER] ERRO render STOG Obra_TREINO_21/ADITIVO_-_TIPO/LV: 
[PRERENDER] AVISO: não salvou manifest em D:\Agente-cad-PYSIDE\validacao_visual\Obra_TREINO_21\ADITIVO_-_TIPO: 
[PRERENDER] ERRO render STOG Obra_TREINO_21/LAJE_TÉCNICA/PL: 
[PRERENDER] ERRO render STOG Obra_TREINO_21/LAJE_TÉCNICA/LV: 
[PRERENDER] ERRO render STOG Obra_TREINO_21/LAJE_TÉCNICA/FV: 
[PRERENDER] ERRO render STOG Obra_TREINO_21/LAJE_TÉCNICA/LJ: 
[PRERENDER] AVISO: não salvou manifest em D:\Agente-cad-PYSIDE\validacao_visual\Obra_TREINO_21\LAJE_TÉCNICA: 
[PRERENDER] AVISO: não salvou manifest em D:\Agente-cad-PYSIDE\validacao_visual\Obra_TREINO_21\TIPO_4_AO_11PAV: 
[PRERENDER] ERRO render Gerado Obra_TREINO_22/1PAV/PL: 
[PRERENDER] ERRO fatal Obra_TREINO_22: 
[PRERENDER] ERRO fatal Obra_TREINO_23: 
[PRERENDER] Carregando módulo de render...
[PRERENDER] Iniciando daemon nim_prerender_worker [ts=2026-05-23T14:06:44Z]
[PRERENDER] data_dir=D:\Agente-cad-PYSIDE\DADOS-OBRAS  out_dir=D:\Agente-cad-PYSIDE\validacao_visual
[PRERENDER] Iniciando varredura: 19 obras [ts=2026-05-23T14:06:44Z]
[PRERENDER] Obra_TREINO_1/13PAV/LV → renderizado (179KB) [ts=2026-05-23T14:07:17Z]
[PRERENDER] Obra_TREINO_1/13PAV/FV → renderizado (152KB) [ts=2026-05-23T14:07:21Z]
[PRERENDER] Obra_TREINO_1/14PAV/LV → renderizado (171KB) [ts=2026-05-23T14:07:56Z]
[PRERENDER] Obra_TREINO_1/14PAV/LJ → renderizado (279KB) [ts=2026-05-23T14:08:00Z]
[PRERENDER] Obra_TREINO_1/1PAV/PL → renderizado (67KB) [ts=2026-05-23T14:08:01Z]
[PRERENDER] Obra_TREINO_1/1PAV/LV → renderizado (53KB) [ts=2026-05-23T14:08:36Z]
[PRERENDER] Obra_TREINO_1/1PAV/FV → renderizado (92KB) [ts=2026-05-23T14:08:41Z]
[PRERENDER] Obra_TREINO_1/1PAV/LJ → renderizado (235KB) [ts=2026-05-23T14:08:45Z]
[PRERENDER] Obra_TREINO_1/2PAV/PL → renderizado (67KB) [ts=2026-05-23T14:08:46Z]
[PRERENDER] Obra_TREINO_1/2PAV/LV → renderizado (165KB) [ts=2026-05-23T14:09:20Z]
[PRERENDER] Obra_TREINO_1/PARAISO_-_COBERTURA_-_DECK/LV → renderizado (210KB) [ts=2026-05-23T14:09:55Z]
[PRERENDER] Obra_TREINO_1/PARAISO_-_COBERTURA_-_DECK/LJ → renderizado (218KB) [ts=2026-05-23T14:09:59Z]
[PRERENDER] Obra_TREINO_1/TIPO_-_3_AO_12PAV/PL → renderizado (67KB) [ts=2026-05-23T14:10:00Z]
[PRERENDER] Obra_TREINO_1/TIPO_-_3_AO_12PAV/LV → renderizado (167KB) [ts=2026-05-23T14:10:35Z]
[PRERENDER] Obra_TREINO_1/TIPO_-_3_AO_12PAV/FV → renderizado (89KB) [ts=2026-05-23T14:10:39Z]
[PRERENDER] Obra_TREINO_1/TIPO_-_3_AO_12PAV/LJ → renderizado (214KB) [ts=2026-05-23T14:10:43Z]
[PRERENDER] SKIP Obra_TREINO_1/TÉRREO/LV — DXF muito grande (54MB > 20MB)
[PRERENDER] Obra_TREINO_10/1PAV/LV → renderizado (261KB) [ts=2026-05-23T14:10:49Z]
[PRERENDER] Obra_TREINO_10/1PAV/FV → renderizado (111KB) [ts=2026-05-23T14:10:51Z]
[PRERENDER] Obra_TREINO_10/1SS_-_TRECHO_1/PL → renderizado (32KB) [ts=2026-05-23T14:10:53Z]
[PRERENDER] SKIP Obra_TREINO_10/1SS_-_TRECHO_1/LV — DXF muito grande (119MB > 20MB)
[PRERENDER] SKIP Obra_TREINO_10/1SS_-_TRECHO_1/FV — DXF muito grande (115MB > 20MB)
[PRERENDER] SKIP Obra_TREINO_10/1SS_-_TRECHO_1/LJ — DXF muito grande (117MB > 20MB)
[PRERENDER] Obra_TREINO_10/1SS_-_TRECHO_2/PL → renderizado (39KB) [ts=2026-05-23T14:10:55Z]
[PRERENDER] SKIP Obra_TREINO_10/1SS_-_TRECHO_2/LV — DXF muito grande (119MB > 20MB)
[PRERENDER] SKIP Obra_TREINO_10/1SS_-_TRECHO_2/FV — DXF muito grande (123MB > 20MB)
[PRERENDER] SKIP Obra_TREINO_10/1SS_-_TRECHO_3/LV — DXF muito grande (78MB > 20MB)
[PRERENDER] Obra_TREINO_10/1SS_-_TRECHO_3/FV → renderizado (28KB) [ts=2026-05-23T14:10:56Z]
[PRERENDER] SKIP Obra_TREINO_10/1SS_-_TRECHO_I/LV — DXF muito grande (121MB > 20MB)
[PRERENDER] AVISO: não salvou manifest em D:\Agente-cad-PYSIDE\validacao_visual\Obra_TREINO_10\1SS_-_TRECHO_I: [Errno 2] No such file or directory: 'D:\\Agente-cad-PYSIDE\\validacao_visual\\Obra_TREINO_10\\1SS_-_TRECHO_I\\prerender_manifest.json'
[PRERENDER] Obra_TREINO_10/2PAV/LV → renderizado (21KB) [ts=2026-05-23T14:11:03Z]
[PRERENDER] Obra_TREINO_10/2PAV/FV → renderizado (42KB) [ts=2026-05-23T14:11:05Z]
[PRERENDER] SKIP Obra_TREINO_10/2SS/LJ — DXF muito grande (120MB > 20MB)
[PRERENDER] AVISO: não salvou manifest em D:\Agente-cad-PYSIDE\validacao_visual\Obra_TREINO_10\2SS: [Errno 2] No such file or directory: 'D:\\Agente-cad-PYSIDE\\validacao_visual\\Obra_TREINO_10\\2SS\\prerender_manifest.json'
[PRERENDER] SKIP Obra_TREINO_10/2SS_-_TRECHO_1/PL — DXF muito grande (650MB > 20MB)
[PRERENDER] SKIP Obra_TREINO_10/2SS_-_TRECHO_1/LV — DXF muito grande (121MB > 20MB)
[PRERENDER] SKIP Obra_TREINO_10/2SS_-_TRECHO_1/FV — DXF muito grande (112MB > 20MB)
[PRERENDER] SKIP Obra_TREINO_10/2SS_-_TRECHO_1/LJ — DXF muito grande (116MB > 20MB)
[PRERENDER] SKIP Obra_TREINO_10/2SS_-_TRECHO_2/PL — DXF muito grande (645MB > 20MB)
[PRERENDER] SKIP Obra_TREINO_10/2SS_-_TRECHO_2/LV — DXF muito grande (119MB > 20MB)
[PRERENDER] SKIP Obra_TREINO_10/2SS_-_TRECHO_2/FV — DXF muito grande (111MB > 20MB)
[PRERENDER] AVISO: não salvou manifest em D:\Agente-cad-PYSIDE\validacao_visual\Obra_TREINO_10\2SS_-_TRECHO_2: [Errno 2] No such file or directory: 'D:\\Agente-cad-PYSIDE\\validacao_visual\\Obra_TREINO_10\\2SS_-_TRECHO_2\\prerender_manifest.json'
[PRERENDER] Obra_TREINO_10/2SS_-_TRECHO_3/LV → renderizado (31KB) [ts=2026-05-23T14:52:19Z]
[PRERENDER] SKIP Obra_TREINO_10/2SS_-_TRECHO_3/FV — DXF muito grande (114MB > 20MB)
[PRERENDER] Obra_TREINO_10/3PAV/LV → renderizado (17KB) [ts=2026-05-23T14:56:21Z]
[PRERENDER] Obra_TREINO_10/3PAV/FV → renderizado (26KB) [ts=2026-05-23T14:56:57Z]
[PRERENDER] SKIP Obra_TREINO_10/4PAV/PL — DXF muito grande (29MB > 20MB)
[PRERENDER] Obra_TREINO_10/4PAV/LV → renderizado (17KB) [ts=2026-05-23T15:01:57Z]
[PRERENDER] Obra_TREINO_10/4PAV/FV → renderizado (27KB) [ts=2026-05-23T15:02:33Z]
copy process ignored DIMASSOC(#55F) - this may cause problems in AutoCAD
copy process ignored DIMASSOC(#562) - this may cause problems in AutoCAD
copy process ignored DIMASSOC(#56E) - this may cause problems in AutoCAD
copy process ignored DIMASSOC(#571) - this may cause problems in AutoCAD
copy process ignored DIMASSOC(#574) - this may cause problems in AutoCAD
copy process ignored DIMASSOC(#577) - this may cause problems in AutoCAD
copy process ignored DIMASSOC(#58E) - this may cause problems in AutoCAD
copy process ignored DIMASSOC(#591) - this may cause problems in AutoCAD
copy process ignored DIMASSOC(#594) - this may cause problems in AutoCAD
copy process ignored DIMASSOC(#597) - this may cause problems in AutoCAD
copy process ignored DIMASSOC(#59A) - this may cause problems in AutoCAD
copy process ignored DIMASSOC(#59D) - this may cause problems in AutoCAD
copy process ignored DIMASSOC(#5A0) - this may cause problems in AutoCAD
copy process ignored DIMASSOC(#5A3) - this may cause problems in AutoCAD
copy process ignored DIMASSOC(#5A6) - this may cause problems in AutoCAD
copy process ignored DIMASSOC(#5B0) - this may cause problems in AutoCAD
copy process ignored DIMASSOC(#5B3) - this may cause problems in AutoCAD
copy process ignored DIMASSOC(#5B6) - this may cause problems in AutoCAD
copy process ignored DIMASSOC(#5B9) - this may cause problems in AutoCAD
copy process ignored DIMASSOC(#5BC) - this may cause problems in AutoCAD
copy process ignored DIMASSOC(#5C6) - this may cause problems in AutoCAD
copy process ignored DIMASSOC(#5C9) - this may cause problems in AutoCAD
copy process ignored DIMASSOC(#5CC) - this may cause problems in AutoCAD
copy process ignored DIMASSOC(#5CF) - this may cause problems in AutoCAD
copy process ignored DIMASSOC(#5D2) - this may cause problems in AutoCAD
copy process ignored DIMASSOC(#5DC) - this may cause problems in AutoCAD
copy process ignored DIMASSOC(#5DF) - this may cause problems in AutoCAD
copy process ignored DIMASSOC(#5E2) - this may cause problems in AutoCAD
copy process ignored DIMASSOC(#5E5) - this may cause problems in AutoCAD
copy process ignored DIMASSOC(#5E8) - this may cause problems in AutoCAD
copy process ignored DIMASSOC(#5EB) - this may cause problems in AutoCAD
copy process ignored DIMASSOC(#5EE) - this may cause problems in AutoCAD
copy process ignored DIMASSOC(#5F1) - this may cause problems in AutoCAD
copy process ignored DIMASSOC(#5F4) - this may cause problems in AutoCAD
copy process ignored DIMASSOC(#5FC) - this may cause problems in AutoCAD
copy process ignored DIMASSOC(#600) - this may cause problems in AutoCAD
copy process ignored DIMASSOC(#603) - this may cause problems in AutoCAD
copy process ignored DIMASSOC(#61F) - this may cause problems in AutoCAD
copy process ignored DIMASSOC(#622) - this may cause problems in AutoCAD
copy process ignored DIMASSOC(#625) - this may cause problems in AutoCAD
copy process ignored DIMASSOC(#628) - this may cause problems in AutoCAD
copy process ignored DIMASSOC(#63A) - this may cause problems in AutoCAD
copy process ignored DIMASSOC(#63D) - this may cause problems in AutoCAD
copy process ignored DIMASSOC(#640) - this may cause problems in AutoCAD
copy process ignored DIMASSOC(#860) - this may cause problems in AutoCAD
copy process ignored DIMASSOC(#863) - this may cause problems in AutoCAD
copy process ignored DIMASSOC(#86F) - this may cause problems in AutoCAD
copy process ignored DIMASSOC(#872) - this may cause problems in AutoCAD
copy process ignored DIMASSOC(#875) - this may cause problems in AutoCAD
copy process ignored DIMASSOC(#878) - this may cause problems in AutoCAD
copy process ignored DIMASSOC(#88F) - this may cause problems in AutoCAD
copy process ignored DIMASSOC(#892) - this may cause problems in AutoCAD
copy process ignored DIMASSOC(#895) - this may cause problems in AutoCAD
copy process ignored DIMASSOC(#898) - this may cause problems in AutoCAD
copy process ignored DIMASSOC(#89B) - this may cause problems in AutoCAD
copy process ignored DIMASSOC(#89E) - this may cause problems in AutoCAD
copy process ignored DIMASSOC(#8A1) - this may cause problems in AutoCAD
copy process ignored DIMASSOC(#8A4) - this may cause problems in AutoCAD
copy process ignored DIMASSOC(#8A7) - this may cause problems in AutoCAD
copy process ignored DIMASSOC(#8B1) - this may cause problems in AutoCAD
copy process ignored DIMASSOC(#8B4) - this may cause problems in AutoCAD
copy process ignored DIMASSOC(#8B7) - this may cause problems in AutoCAD
copy process ignored DIMASSOC(#8BA) - this may cause problems in AutoCAD
copy process ignored DIMASSOC(#8BD) - this may cause problems in AutoCAD
copy process ignored DIMASSOC(#8C7) - this may cause problems in AutoCAD
copy process ignored DIMASSOC(#8CA) - this may cause problems in AutoCAD
copy process ignored DIMASSOC(#8CD) - this may cause problems in AutoCAD
copy process ignored DIMASSOC(#8D0) - this may cause problems in AutoCAD
copy process ignored DIMASSOC(#8D3) - this may cause problems in AutoCAD
copy process ignored DIMASSOC(#8DD) - this may cause problems in AutoCAD
copy process ignored DIMASSOC(#8E0) - this may cause problems in AutoCAD
copy process ignored DIMASSOC(#8E3) - this may cause problems in AutoCAD
copy process ignored DIMASSOC(#8E6) - this may cause problems in AutoCAD
copy process ignored DIMASSOC(#8E9) - this may cause problems in AutoCAD
copy process ignored DIMASSOC(#8EC) - this may cause problems in AutoCAD
copy process ignored DIMASSOC(#8EF) - this may cause problems in AutoCAD
copy process ignored DIMASSOC(#8F2) - this may cause problems in AutoCAD
copy process ignored DIMASSOC(#8F5) - this may cause problems in AutoCAD
copy process ignored DIMASSOC(#8FD) - this may cause problems in AutoCAD
copy process ignored DIMASSOC(#901) - this may cause problems in AutoCAD
copy process ignored DIMASSOC(#904) - this may cause problems in AutoCAD
copy process ignored DIMASSOC(#920) - this may cause problems in AutoCAD
copy process ignored DIMASSOC(#923) - this may cause problems in AutoCAD
copy process ignored DIMASSOC(#926) - this may cause problems in AutoCAD
copy process ignored DIMASSOC(#929) - this may cause problems in AutoCAD
copy process ignored DIMASSOC(#93B) - this may cause problems in AutoCAD
copy process ignored DIMASSOC(#93E) - this may cause problems in AutoCAD
copy process ignored DIMASSOC(#941) - this may cause problems in AutoCAD
copy process ignored DIMASSOC(#B9C) - this may cause problems in AutoCAD
copy process ignored DIMASSOC(#B9F) - this may cause problems in AutoCAD
copy process ignored DIMASSOC(#BA2) - this may cause problems in AutoCAD
copy process ignored DIMASSOC(#BA5) - this may cause problems in AutoCAD
copy process ignored DIMASSOC(#BA8) - this may cause problems in AutoCAD
copy process ignored DIMASSOC(#BB3) - this may cause problems in AutoCAD
copy process ignored DIMASSOC(#BB6) - this may cause problems in AutoCAD
copy process ignored DIMASSOC(#BCB) - this may cause problems in AutoCAD
copy process ignored DIMASSOC(#BD5) - this may cause problems in AutoCAD
copy process ignored DIMASSOC(#BD8) - this may cause problems in AutoCAD
copy process ignored DIMASSOC(#BDD) - this may cause problems in AutoCAD
copy process ignored DIMASSOC(#B9C) - this may cause problems in AutoCAD
copy process ignored DIMASSOC(#B9F) - this may cause problems in AutoCAD
copy process ignored DIMASSOC(#BA2) - this may cause problems in AutoCAD
copy process ignored DIMASSOC(#BA5) - this may cause problems in AutoCAD
copy process ignored DIMASSOC(#BA8) - this may cause problems in AutoCAD
copy process ignored DIMASSOC(#BB3) - this may cause problems in AutoCAD
copy process ignored DIMASSOC(#BB6) - this may cause problems in AutoCAD
copy process ignored DIMASSOC(#BCB) - this may cause problems in AutoCAD
copy process ignored DIMASSOC(#BD5) - this may cause problems in AutoCAD
copy process ignored DIMASSOC(#BD8) - this may cause problems in AutoCAD
copy process ignored DIMASSOC(#BDD) - this may cause problems in AutoCAD
copy process ignored DIMASSOC(#55F) - this may cause problems in AutoCAD
copy process ignored DIMASSOC(#562) - this may cause problems in AutoCAD
copy process ignored DIMASSOC(#56E) - this may cause problems in AutoCAD
copy process ignored DIMASSOC(#571) - this may cause problems in AutoCAD
copy process ignored DIMASSOC(#574) - this may cause problems in AutoCAD
copy process ignored DIMASSOC(#577) - this may cause problems in AutoCAD
copy process ignored DIMASSOC(#58E) - this may cause problems in AutoCAD
copy process ignored DIMASSOC(#591) - this may cause problems in AutoCAD
copy process ignored DIMASSOC(#594) - this may cause problems in AutoCAD
copy process ignored DIMASSOC(#597) - this may cause problems in AutoCAD
copy process ignored DIMASSOC(#59A) - this may cause problems in AutoCAD
copy process ignored DIMASSOC(#59D) - this may cause problems in AutoCAD
copy process ignored DIMASSOC(#5A0) - this may cause problems in AutoCAD
copy process ignored DIMASSOC(#5A3) - this may cause problems in AutoCAD
copy process ignored DIMASSOC(#5A6) - this may cause problems in AutoCAD
copy process ignored DIMASSOC(#5B0) - this may cause problems in AutoCAD
copy process ignored DIMASSOC(#5B3) - this may cause problems in AutoCAD
copy process ignored DIMASSOC(#5B6) - this may cause problems in AutoCAD
copy process ignored DIMASSOC(#5B9) - this may cause problems in AutoCAD
copy process ignored DIMASSOC(#5BC) - this may cause problems in AutoCAD
copy process ignored DIMASSOC(#5C6) - this may cause problems in AutoCAD
copy process ignored DIMASSOC(#5C9) - this may cause problems in AutoCAD
copy process ignored DIMASSOC(#5CC) - this may cause problems in AutoCAD
copy process ignored DIMASSOC(#5CF) - this may cause problems in AutoCAD
copy process ignored DIMASSOC(#5D2) - this may cause problems in AutoCAD
copy process ignored DIMASSOC(#5DC) - this may cause problems in AutoCAD
copy process ignored DIMASSOC(#5DF) - this may cause problems in AutoCAD
copy process ignored DIMASSOC(#5E2) - this may cause problems in AutoCAD
copy process ignored DIMASSOC(#5E5) - this may cause problems in AutoCAD
copy process ignored DIMASSOC(#5E8) - this may cause problems in AutoCAD
copy process ignored DIMASSOC(#5EB) - this may cause problems in AutoCAD
copy process ignored DIMASSOC(#5EE) - this may cause problems in AutoCAD
copy process ignored DIMASSOC(#5F1) - this may cause problems in AutoCAD
copy process ignored DIMASSOC(#5F4) - this may cause problems in AutoCAD
copy process ignored DIMASSOC(#5FC) - this may cause problems in AutoCAD
copy process ignored DIMASSOC(#600) - this may cause problems in AutoCAD
copy process ignored DIMASSOC(#603) - this may cause problems in AutoCAD
copy process ignored DIMASSOC(#61F) - this may cause problems in AutoCAD
copy process ignored DIMASSOC(#622) - this may cause problems in AutoCAD
copy process ignored DIMASSOC(#625) - this may cause problems in AutoCAD
copy process ignored DIMASSOC(#628) - this may cause problems in AutoCAD
copy process ignored DIMASSOC(#63A) - this may cause problems in AutoCAD
copy process ignored DIMASSOC(#63D) - this may cause problems in AutoCAD
copy process ignored DIMASSOC(#640) - this may cause problems in AutoCAD
copy process ignored DIMASSOC(#860) - this may cause problems in AutoCAD
copy process ignored DIMASSOC(#863) - this may cause problems in AutoCAD
copy process ignored DIMASSOC(#86F) - this may cause problems in AutoCAD
copy process ignored DIMASSOC(#872) - this may cause problems in AutoCAD
copy process ignored DIMASSOC(#875) - this may cause problems in AutoCAD
copy process ignored DIMASSOC(#878) - this may cause problems in AutoCAD
copy process ignored DIMASSOC(#88F) - this may cause problems in AutoCAD
copy process ignored DIMASSOC(#892) - this may cause problems in AutoCAD
copy process ignored DIMASSOC(#895) - this may cause problems in AutoCAD
copy process ignored DIMASSOC(#898) - this may cause problems in AutoCAD
copy process ignored DIMASSOC(#89B) - this may cause problems in AutoCAD
copy process ignored DIMASSOC(#89E) - this may cause problems in AutoCAD
copy process ignored DIMASSOC(#8A1) - this may cause problems in AutoCAD
copy process ignored DIMASSOC(#8A4) - this may cause problems in AutoCAD
copy process ignored DIMASSOC(#8A7) - this may cause problems in AutoCAD
copy process ignored DIMASSOC(#8B1) - this may cause problems in AutoCAD
copy process ignored DIMASSOC(#8B4) - this may cause problems in AutoCAD
copy process ignored DIMASSOC(#8B7) - this may cause problems in AutoCAD
copy process ignored DIMASSOC(#8BA) - this may cause problems in AutoCAD
copy process ignored DIMASSOC(#8BD) - this may cause problems in AutoCAD
copy process ignored DIMASSOC(#8C7) - this may cause problems in AutoCAD
copy process ignored DIMASSOC(#8CA) - this may cause problems in AutoCAD
copy process ignored DIMASSOC(#8CD) - this may cause problems in AutoCAD
copy process ignored DIMASSOC(#8D0) - this may cause problems in AutoCAD
copy process ignored DIMASSOC(#8D3) - this may cause problems in AutoCAD
copy process ignored DIMASSOC(#8DD) - this may cause problems in AutoCAD
copy process ignored DIMASSOC(#8E0) - this may cause problems in AutoCAD
copy process ignored DIMASSOC(#8E3) - this may cause problems in AutoCAD
copy process ignored DIMASSOC(#8E6) - this may cause problems in AutoCAD
copy process ignored DIMASSOC(#8E9) - this may cause problems in AutoCAD
copy process ignored DIMASSOC(#8EC) - this may cause problems in AutoCAD
copy process ignored DIMASSOC(#8EF) - this may cause problems in AutoCAD
copy process ignored DIMASSOC(#8F2) - this may cause problems in AutoCAD
copy process ignored DIMASSOC(#8F5) - this may cause problems in AutoCAD
copy process ignored DIMASSOC(#8FD) - this may cause problems in AutoCAD
copy process ignored DIMASSOC(#901) - this may cause problems in AutoCAD
copy process ignored DIMASSOC(#904) - this may cause problems in AutoCAD
copy process ignored DIMASSOC(#920) - this may cause problems in AutoCAD
copy process ignored DIMASSOC(#923) - this may cause problems in AutoCAD
copy process ignored DIMASSOC(#926) - this may cause problems in AutoCAD
copy process ignored DIMASSOC(#929) - this may cause problems in AutoCAD
copy process ignored DIMASSOC(#93B) - this may cause problems in AutoCAD
copy process ignored DIMASSOC(#93E) - this may cause problems in AutoCAD
copy process ignored DIMASSOC(#941) - this may cause problems in AutoCAD
copy process ignored DIMASSOC(#B9C) - this may cause problems in AutoCAD
copy process ignored DIMASSOC(#B9F) - this may cause problems in AutoCAD
copy process ignored DIMASSOC(#BA2) - this may cause problems in AutoCAD
copy process ignored DIMASSOC(#BA5) - this may cause problems in AutoCAD
copy process ignored DIMASSOC(#BA8) - this may cause problems in AutoCAD
copy process ignored DIMASSOC(#BB3) - this may cause problems in AutoCAD
copy process ignored DIMASSOC(#BB6) - this may cause problems in AutoCAD
copy process ignored DIMASSOC(#BCB) - this may cause problems in AutoCAD
copy process ignored DIMASSOC(#BD5) - this may cause problems in AutoCAD
copy process ignored DIMASSOC(#BD8) - this may cause problems in AutoCAD
copy process ignored DIMASSOC(#BDD) - this may cause problems in AutoCAD
copy process ignored DIMASSOC(#B9C) - this may cause problems in AutoCAD
copy process ignored DIMASSOC(#B9F) - this may cause problems in AutoCAD
copy process ignored DIMASSOC(#BA2) - this may cause problems in AutoCAD
copy process ignored DIMASSOC(#BA5) - this may cause problems in AutoCAD
copy process ignored DIMASSOC(#BA8) - this may cause problems in AutoCAD
copy process ignored DIMASSOC(#BB3) - this may cause problems in AutoCAD
copy process ignored DIMASSOC(#BB6) - this may cause problems in AutoCAD
copy process ignored DIMASSOC(#BCB) - this may cause problems in AutoCAD
copy process ignored DIMASSOC(#BD5) - this may cause problems in AutoCAD
copy process ignored DIMASSOC(#BD8) - this may cause problems in AutoCAD
copy process ignored DIMASSOC(#BDD) - this may cause problems in AutoCAD
[PRERENDER] Obra_TREINO_10/5PAV/PL → renderizado (33KB) [ts=2026-05-23T15:07:18Z]
[PRERENDER] Obra_TREINO_10/5PAV/LV → renderizado (16KB) [ts=2026-05-23T15:11:14Z]
[PRERENDER] Obra_TREINO_10/5PAV/FV → renderizado (58KB) [ts=2026-05-23T15:11:36Z]
copy process ignored DIMASSOC(#55F) - this may cause problems in AutoCAD
copy process ignored DIMASSOC(#562) - this may cause problems in AutoCAD
copy process ignored DIMASSOC(#56E) - this may cause problems in AutoCAD
copy process ignored DIMASSOC(#571) - this may cause problems in AutoCAD
copy process ignored DIMASSOC(#574) - this may cause problems in AutoCAD
copy process ignored DIMASSOC(#577) - this may cause problems in AutoCAD
copy process ignored DIMASSOC(#58E) - this may cause problems in AutoCAD
copy process ignored DIMASSOC(#591) - this may cause problems in AutoCAD
copy process ignored DIMASSOC(#594) - this may cause problems in AutoCAD
copy process ignored DIMASSOC(#597) - this may cause problems in AutoCAD
copy process ignored DIMASSOC(#59A) - this may cause problems in AutoCAD
copy process ignored DIMASSOC(#59D) - this may cause problems in AutoCAD
copy process ignored DIMASSOC(#5A0) - this may cause problems in AutoCAD
copy process ignored DIMASSOC(#5A3) - this may cause problems in AutoCAD
copy process ignored DIMASSOC(#5A6) - this may cause problems in AutoCAD
copy process ignored DIMASSOC(#5B0) - this may cause problems in AutoCAD
copy process ignored DIMASSOC(#5B3) - this may cause problems in AutoCAD
copy process ignored DIMASSOC(#5B6) - this may cause problems in AutoCAD
copy process ignored DIMASSOC(#5B9) - this may cause problems in AutoCAD
copy process ignored DIMASSOC(#5BC) - this may cause problems in AutoCAD
copy process ignored DIMASSOC(#5C6) - this may cause problems in AutoCAD
copy process ignored DIMASSOC(#5C9) - this may cause problems in AutoCAD
copy process ignored DIMASSOC(#5CC) - this may cause problems in AutoCAD
copy process ignored DIMASSOC(#5CF) - this may cause problems in AutoCAD
copy process ignored DIMASSOC(#5D2) - this may cause problems in AutoCAD
copy process ignored DIMASSOC(#5DC) - this may cause problems in AutoCAD
copy process ignored DIMASSOC(#5DF) - this may cause problems in AutoCAD
copy process ignored DIMASSOC(#5E2) - this may cause problems in AutoCAD
copy process ignored DIMASSOC(#5E5) - this may cause problems in AutoCAD
copy process ignored DIMASSOC(#5E8) - this may cause problems in AutoCAD
copy process ignored DIMASSOC(#5EB) - this may cause problems in AutoCAD
copy process ignored DIMASSOC(#5EE) - this may cause problems in AutoCAD
copy process ignored DIMASSOC(#5F1) - this may cause problems in AutoCAD
copy process ignored DIMASSOC(#5F4) - this may cause problems in AutoCAD
copy process ignored DIMASSOC(#5FC) - this may cause problems in AutoCAD
copy process ignored DIMASSOC(#600) - this may cause problems in AutoCAD
copy process ignored DIMASSOC(#603) - this may cause problems in AutoCAD
copy process ignored DIMASSOC(#61F) - this may cause problems in AutoCAD
copy process ignored DIMASSOC(#622) - this may cause problems in AutoCAD
copy process ignored DIMASSOC(#625) - this may cause problems in AutoCAD
copy process ignored DIMASSOC(#628) - this may cause problems in AutoCAD
copy process ignored DIMASSOC(#63A) - this may cause problems in AutoCAD
copy process ignored DIMASSOC(#63D) - this may cause problems in AutoCAD
copy process ignored DIMASSOC(#640) - this may cause problems in AutoCAD
copy process ignored DIMASSOC(#860) - this may cause problems in AutoCAD
copy process ignored DIMASSOC(#863) - this may cause problems in AutoCAD
copy process ignored DIMASSOC(#86F) - this may cause problems in AutoCAD
copy process ignored DIMASSOC(#872) - this may cause problems in AutoCAD
copy process ignored DIMASSOC(#875) - this may cause problems in AutoCAD
copy process ignored DIMASSOC(#878) - this may cause problems in AutoCAD
copy process ignored DIMASSOC(#88F) - this may cause problems in AutoCAD
copy process ignored DIMASSOC(#892) - this may cause problems in AutoCAD
copy process ignored DIMASSOC(#895) - this may cause problems in AutoCAD
copy process ignored DIMASSOC(#898) - this may cause problems in AutoCAD
copy process ignored DIMASSOC(#89B) - this may cause problems in AutoCAD
copy process ignored DIMASSOC(#89E) - this may cause problems in AutoCAD
copy process ignored DIMASSOC(#8A1) - this may cause problems in AutoCAD
copy process ignored DIMASSOC(#8A4) - this may cause problems in AutoCAD
copy process ignored DIMASSOC(#8A7) - this may cause problems in AutoCAD
copy process ignored DIMASSOC(#8B1) - this may cause problems in AutoCAD
copy process ignored DIMASSOC(#8B4) - this may cause problems in AutoCAD
copy process ignored DIMASSOC(#8B7) - this may cause problems in AutoCAD
copy process ignored DIMASSOC(#8BA) - this may cause problems in AutoCAD
copy process ignored DIMASSOC(#8BD) - this may cause problems in AutoCAD
copy process ignored DIMASSOC(#8C7) - this may cause problems in AutoCAD
copy process ignored DIMASSOC(#8CA) - this may cause problems in AutoCAD
copy process ignored DIMASSOC(#8CD) - this may cause problems in AutoCAD
copy process ignored DIMASSOC(#8D0) - this may cause problems in AutoCAD
copy process ignored DIMASSOC(#8D3) - this may cause problems in AutoCAD
copy process ignored DIMASSOC(#8DD) - this may cause problems in AutoCAD
copy process ignored DIMASSOC(#8E0) - this may cause problems in AutoCAD
copy process ignored DIMASSOC(#8E3) - this may cause problems in AutoCAD
copy process ignored DIMASSOC(#8E6) - this may cause problems in AutoCAD
copy process ignored DIMASSOC(#8E9) - this may cause problems in AutoCAD
copy process ignored DIMASSOC(#8EC) - this may cause problems in AutoCAD
copy process ignored DIMASSOC(#8EF) - this may cause problems in AutoCAD
copy process ignored DIMASSOC(#8F2) - this may cause problems in AutoCAD
copy process ignored DIMASSOC(#8F5) - this may cause problems in AutoCAD
copy process ignored DIMASSOC(#8FD) - this may cause problems in AutoCAD
copy process ignored DIMASSOC(#901) - this may cause problems in AutoCAD
copy process ignored DIMASSOC(#904) - this may cause problems in AutoCAD
copy process ignored DIMASSOC(#920) - this may cause problems in AutoCAD
copy process ignored DIMASSOC(#923) - this may cause problems in AutoCAD
copy process ignored DIMASSOC(#926) - this may cause problems in AutoCAD
copy process ignored DIMASSOC(#929) - this may cause problems in AutoCAD
copy process ignored DIMASSOC(#93B) - this may cause problems in AutoCAD
copy process ignored DIMASSOC(#93E) - this may cause problems in AutoCAD
copy process ignored DIMASSOC(#941) - this may cause problems in AutoCAD
copy process ignored DIMASSOC(#B9C) - this may cause problems in AutoCAD
copy process ignored DIMASSOC(#B9F) - this may cause problems in AutoCAD
copy process ignored DIMASSOC(#BA2) - this may cause problems in AutoCAD
copy process ignored DIMASSOC(#BA5) - this may cause problems in AutoCAD
copy process ignored DIMASSOC(#BA8) - this may cause problems in AutoCAD
copy process ignored DIMASSOC(#BB3) - this may cause problems in AutoCAD
copy process ignored DIMASSOC(#BB6) - this may cause problems in AutoCAD
copy process ignored DIMASSOC(#BCB) - this may cause problems in AutoCAD
copy process ignored DIMASSOC(#BD5) - this may cause problems in AutoCAD
copy process ignored DIMASSOC(#BD8) - this may cause problems in AutoCAD
copy process ignored DIMASSOC(#BDD) - this may cause problems in AutoCAD
copy process ignored DIMASSOC(#B9C) - this may cause problems in AutoCAD
copy process ignored DIMASSOC(#B9F) - this may cause problems in AutoCAD
copy process ignored DIMASSOC(#BA2) - this may cause problems in AutoCAD
copy process ignored DIMASSOC(#BA5) - this may cause problems in AutoCAD
copy process ignored DIMASSOC(#BA8) - this may cause problems in AutoCAD
copy process ignored DIMASSOC(#BB3) - this may cause problems in AutoCAD
copy process ignored DIMASSOC(#BB6) - this may cause problems in AutoCAD
copy process ignored DIMASSOC(#BCB) - this may cause problems in AutoCAD
copy process ignored DIMASSOC(#BD5) - this may cause problems in AutoCAD
copy process ignored DIMASSOC(#BD8) - this may cause problems in AutoCAD
copy process ignored DIMASSOC(#BDD) - this may cause problems in AutoCAD
copy process ignored DIMASSOC(#55F) - this may cause problems in AutoCAD
copy process ignored DIMASSOC(#562) - this may cause problems in AutoCAD
copy process ignored DIMASSOC(#56E) - this may cause problems in AutoCAD
copy process ignored DIMASSOC(#571) - this may cause problems in AutoCAD
copy process ignored DIMASSOC(#574) - this may cause problems in AutoCAD
copy process ignored DIMASSOC(#577) - this may cause problems in AutoCAD
copy process ignored DIMASSOC(#58E) - this may cause problems in AutoCAD
copy process ignored DIMASSOC(#591) - this may cause problems in AutoCAD
copy process ignored DIMASSOC(#594) - this may cause problems in AutoCAD
copy process ignored DIMASSOC(#597) - this may cause problems in AutoCAD
copy process ignored DIMASSOC(#59A) - this may cause problems in AutoCAD
copy process ignored DIMASSOC(#59D) - this may cause problems in AutoCAD
copy process ignored DIMASSOC(#5A0) - this may cause problems in AutoCAD
copy process ignored DIMASSOC(#5A3) - this may cause problems in AutoCAD
copy process ignored DIMASSOC(#5A6) - this may cause problems in AutoCAD
copy process ignored DIMASSOC(#5B0) - this may cause problems in AutoCAD
copy process ignored DIMASSOC(#5B3) - this may cause problems in AutoCAD
copy process ignored DIMASSOC(#5B6) - this may cause problems in AutoCAD
copy process ignored DIMASSOC(#5B9) - this may cause problems in AutoCAD
copy process ignored DIMASSOC(#5BC) - this may cause problems in AutoCAD
copy process ignored DIMASSOC(#5C6) - this may cause problems in AutoCAD
copy process ignored DIMASSOC(#5C9) - this may cause problems in AutoCAD
copy process ignored DIMASSOC(#5CC) - this may cause problems in AutoCAD
copy process ignored DIMASSOC(#5CF) - this may cause problems in AutoCAD
copy process ignored DIMASSOC(#5D2) - this may cause problems in AutoCAD
copy process ignored DIMASSOC(#5DC) - this may cause problems in AutoCAD
copy process ignored DIMASSOC(#5DF) - this may cause problems in AutoCAD
copy process ignored DIMASSOC(#5E2) - this may cause problems in AutoCAD
copy process ignored DIMASSOC(#5E5) - this may cause problems in AutoCAD
copy process ignored DIMASSOC(#5E8) - this may cause problems in AutoCAD
copy process ignored DIMASSOC(#5EB) - this may cause problems in AutoCAD
copy process ignored DIMASSOC(#5EE) - this may cause problems in AutoCAD
copy process ignored DIMASSOC(#5F1) - this may cause problems in AutoCAD
copy process ignored DIMASSOC(#5F4) - this may cause problems in AutoCAD
copy process ignored DIMASSOC(#5FC) - this may cause problems in AutoCAD
copy process ignored DIMASSOC(#600) - this may cause problems in AutoCAD
copy process ignored DIMASSOC(#603) - this may cause problems in AutoCAD
copy process ignored DIMASSOC(#61F) - this may cause problems in AutoCAD
copy process ignored DIMASSOC(#622) - this may cause problems in AutoCAD
copy process ignored DIMASSOC(#625) - this may cause problems in AutoCAD
copy process ignored DIMASSOC(#628) - this may cause problems in AutoCAD
copy process ignored DIMASSOC(#63A) - this may cause problems in AutoCAD
copy process ignored DIMASSOC(#63D) - this may cause problems in AutoCAD
copy process ignored DIMASSOC(#640) - this may cause problems in AutoCAD
copy process ignored DIMASSOC(#860) - this may cause problems in AutoCAD
copy process ignored DIMASSOC(#863) - this may cause problems in AutoCAD
copy process ignored DIMASSOC(#86F) - this may cause problems in AutoCAD
copy process ignored DIMASSOC(#872) - this may cause problems in AutoCAD
copy process ignored DIMASSOC(#875) - this may cause problems in AutoCAD
copy process ignored DIMASSOC(#878) - this may cause problems in AutoCAD
copy process ignored DIMASSOC(#88F) - this may cause problems in AutoCAD
copy process ignored DIMASSOC(#892) - this may cause problems in AutoCAD
copy process ignored DIMASSOC(#895) - this may cause problems in AutoCAD
copy process ignored DIMASSOC(#898) - this may cause problems in AutoCAD
copy process ignored DIMASSOC(#89B) - this may cause problems in AutoCAD
copy process ignored DIMASSOC(#89E) - this may cause problems in AutoCAD
copy process ignored DIMASSOC(#8A1) - this may cause problems in AutoCAD
copy process ignored DIMASSOC(#8A4) - this may cause problems in AutoCAD
copy process ignored DIMASSOC(#8A7) - this may cause problems in AutoCAD
copy process ignored DIMASSOC(#8B1) - this may cause problems in AutoCAD
copy process ignored DIMASSOC(#8B4) - this may cause problems in AutoCAD
copy process ignored DIMASSOC(#8B7) - this may cause problems in AutoCAD
copy process ignored DIMASSOC(#8BA) - this may cause problems in AutoCAD
copy process ignored DIMASSOC(#8BD) - this may cause problems in AutoCAD
copy process ignored DIMASSOC(#8C7) - this may cause problems in AutoCAD
copy process ignored DIMASSOC(#8CA) - this may cause problems in AutoCAD
copy process ignored DIMASSOC(#8CD) - this may cause problems in AutoCAD
copy process ignored DIMASSOC(#8D0) - this may cause problems in AutoCAD
copy process ignored DIMASSOC(#8D3) - this may cause problems in AutoCAD
copy process ignored DIMASSOC(#8DD) - this may cause problems in AutoCAD
copy process ignored DIMASSOC(#8E0) - this may cause problems in AutoCAD
copy process ignored DIMASSOC(#8E3) - this may cause problems in AutoCAD
copy process ignored DIMASSOC(#8E6) - this may cause problems in AutoCAD
copy process ignored DIMASSOC(#8E9) - this may cause problems in AutoCAD
copy process ignored DIMASSOC(#8EC) - this may cause problems in AutoCAD
copy process ignored DIMASSOC(#8EF) - this may cause problems in AutoCAD
copy process ignored DIMASSOC(#8F2) - this may cause problems in AutoCAD
copy process ignored DIMASSOC(#8F5) - this may cause problems in AutoCAD
copy process ignored DIMASSOC(#8FD) - this may cause problems in AutoCAD
copy process ignored DIMASSOC(#901) - this may cause problems in AutoCAD
copy process ignored DIMASSOC(#904) - this may cause problems in AutoCAD
copy process ignored DIMASSOC(#920) - this may cause problems in AutoCAD
copy process ignored DIMASSOC(#923) - this may cause problems in AutoCAD
copy process ignored DIMASSOC(#926) - this may cause problems in AutoCAD
copy process ignored DIMASSOC(#929) - this may cause problems in AutoCAD
copy process ignored DIMASSOC(#93B) - this may cause problems in AutoCAD
copy process ignored DIMASSOC(#93E) - this may cause problems in AutoCAD
copy process ignored DIMASSOC(#941) - this may cause problems in AutoCAD
copy process ignored DIMASSOC(#B9C) - this may cause problems in AutoCAD
copy process ignored DIMASSOC(#B9F) - this may cause problems in AutoCAD
copy process ignored DIMASSOC(#BA2) - this may cause problems in AutoCAD
copy process ignored DIMASSOC(#BA5) - this may cause problems in AutoCAD
copy process ignored DIMASSOC(#BA8) - this may cause problems in AutoCAD
copy process ignored DIMASSOC(#BB3) - this may cause problems in AutoCAD
copy process ignored DIMASSOC(#BB6) - this may cause problems in AutoCAD
copy process ignored DIMASSOC(#BCB) - this may cause problems in AutoCAD
copy process ignored DIMASSOC(#BD5) - this may cause problems in AutoCAD
copy process ignored DIMASSOC(#BD8) - this may cause problems in AutoCAD
copy process ignored DIMASSOC(#BDD) - this may cause problems in AutoCAD
copy process ignored DIMASSOC(#B9C) - this may cause problems in AutoCAD
copy process ignored DIMASSOC(#B9F) - this may cause problems in AutoCAD
copy process ignored DIMASSOC(#BA2) - this may cause problems in AutoCAD
copy process ignored DIMASSOC(#BA5) - this may cause problems in AutoCAD
copy process ignored DIMASSOC(#BA8) - this may cause problems in AutoCAD
copy process ignored DIMASSOC(#BB3) - this may cause problems in AutoCAD
copy process ignored DIMASSOC(#BB6) - this may cause problems in AutoCAD
copy process ignored DIMASSOC(#BCB) - this may cause problems in AutoCAD
copy process ignored DIMASSOC(#BD5) - this may cause problems in AutoCAD
copy process ignored DIMASSOC(#BD8) - this may cause problems in AutoCAD
copy process ignored DIMASSOC(#BDD) - this may cause problems in AutoCAD
[PRERENDER] Obra_TREINO_10/6PAV/PL → renderizado (33KB) [ts=2026-05-23T15:16:57Z]
[PRERENDER] Obra_TREINO_10/6PAV/LV → renderizado (16KB) [ts=2026-05-23T15:20:30Z]
[PRERENDER] Obra_TREINO_10/6PAV/FV → renderizado (57KB) [ts=2026-05-23T15:21:01Z]
[PRERENDER] Obra_TREINO_10/7_E_8PAV/FV → renderizado (59KB) [ts=2026-05-23T15:21:23Z]
copy process ignored DIMASSOC(#55F) - this may cause problems in AutoCAD
copy process ignored DIMASSOC(#562) - this may cause problems in AutoCAD
copy process ignored DIMASSOC(#56E) - this may cause problems in AutoCAD
copy process ignored DIMASSOC(#571) - this may cause problems in AutoCAD
copy process ignored DIMASSOC(#574) - this may cause problems in AutoCAD
copy process ignored DIMASSOC(#577) - this may cause problems in AutoCAD
copy process ignored DIMASSOC(#58E) - this may cause problems in AutoCAD
copy process ignored DIMASSOC(#591) - this may cause problems in AutoCAD
copy process ignored DIMASSOC(#594) - this may cause problems in AutoCAD
copy process ignored DIMASSOC(#597) - this may cause problems in AutoCAD
copy process ignored DIMASSOC(#59A) - this may cause problems in AutoCAD
copy process ignored DIMASSOC(#59D) - this may cause problems in AutoCAD
copy process ignored DIMASSOC(#5A0) - this may cause problems in AutoCAD
copy process ignored DIMASSOC(#5A3) - this may cause problems in AutoCAD
copy process ignored DIMASSOC(#5A6) - this may cause problems in AutoCAD
copy process ignored DIMASSOC(#5B0) - this may cause problems in AutoCAD
copy process ignored DIMASSOC(#5B3) - this may cause problems in AutoCAD
copy process ignored DIMASSOC(#5B6) - this may cause problems in AutoCAD
copy process ignored DIMASSOC(#5B9) - this may cause problems in AutoCAD
copy process ignored DIMASSOC(#5BC) - this may cause problems in AutoCAD
copy process ignored DIMASSOC(#5C6) - this may cause problems in AutoCAD
copy process ignored DIMASSOC(#5C9) - this may cause problems in AutoCAD
copy process ignored DIMASSOC(#5CC) - this may cause problems in AutoCAD
copy process ignored DIMASSOC(#5CF) - this may cause problems in AutoCAD
copy process ignored DIMASSOC(#5D2) - this may cause problems in AutoCAD
copy process ignored DIMASSOC(#5DC) - this may cause problems in AutoCAD
copy process ignored DIMASSOC(#5DF) - this may cause problems in AutoCAD
copy process ignored DIMASSOC(#5E2) - this may cause problems in AutoCAD
copy process ignored DIMASSOC(#5E5) - this may cause problems in AutoCAD
copy process ignored DIMASSOC(#5E8) - this may cause problems in AutoCAD
copy process ignored DIMASSOC(#5EB) - this may cause problems in AutoCAD
copy process ignored DIMASSOC(#5EE) - this may cause problems in AutoCAD
copy process ignored DIMASSOC(#5F1) - this may cause problems in AutoCAD
copy process ignored DIMASSOC(#5F4) - this may cause problems in AutoCAD
copy process ignored DIMASSOC(#5FC) - this may cause problems in AutoCAD
copy process ignored DIMASSOC(#600) - this may cause problems in AutoCAD
copy process ignored DIMASSOC(#603) - this may cause problems in AutoCAD
copy process ignored DIMASSOC(#61F) - this may cause problems in AutoCAD
copy process ignored DIMASSOC(#622) - this may cause problems in AutoCAD
copy process ignored DIMASSOC(#625) - this may cause problems in AutoCAD
copy process ignored DIMASSOC(#628) - this may cause problems in AutoCAD
copy process ignored DIMASSOC(#63A) - this may cause problems in AutoCAD
copy process ignored DIMASSOC(#63D) - this may cause problems in AutoCAD
copy process ignored DIMASSOC(#640) - this may cause problems in AutoCAD
copy process ignored DIMASSOC(#860) - this may cause problems in AutoCAD
copy process ignored DIMASSOC(#863) - this may cause problems in AutoCAD
copy process ignored DIMASSOC(#86F) - this may cause problems in AutoCAD
copy process ignored DIMASSOC(#872) - this may cause problems in AutoCAD
copy process ignored DIMASSOC(#875) - this may cause problems in AutoCAD
copy process ignored DIMASSOC(#878) - this may cause problems in AutoCAD
copy process ignored DIMASSOC(#88F) - this may cause problems in AutoCAD
copy process ignored DIMASSOC(#892) - this may cause problems in AutoCAD
copy process ignored DIMASSOC(#895) - this may cause problems in AutoCAD
copy process ignored DIMASSOC(#898) - this may cause problems in AutoCAD
copy process ignored DIMASSOC(#89B) - this may cause problems in AutoCAD
copy process ignored DIMASSOC(#89E) - this may cause problems in AutoCAD
copy process ignored DIMASSOC(#8A1) - this may cause problems in AutoCAD
copy process ignored DIMASSOC(#8A4) - this may cause problems in AutoCAD
copy process ignored DIMASSOC(#8A7) - this may cause problems in AutoCAD
copy process ignored DIMASSOC(#8B1) - this may cause problems in AutoCAD
copy process ignored DIMASSOC(#8B4) - this may cause problems in AutoCAD
copy process ignored DIMASSOC(#8B7) - this may cause problems in AutoCAD
copy process ignored DIMASSOC(#8BA) - this may cause problems in AutoCAD
copy process ignored DIMASSOC(#8BD) - this may cause problems in AutoCAD
copy process ignored DIMASSOC(#8C7) - this may cause problems in AutoCAD
copy process ignored DIMASSOC(#8CA) - this may cause problems in AutoCAD
copy process ignored DIMASSOC(#8CD) - this may cause problems in AutoCAD
copy process ignored DIMASSOC(#8D0) - this may cause problems in AutoCAD
copy process ignored DIMASSOC(#8D3) - this may cause problems in AutoCAD
copy process ignored DIMASSOC(#8DD) - this may cause problems in AutoCAD
copy process ignored DIMASSOC(#8E0) - this may cause problems in AutoCAD
copy process ignored DIMASSOC(#8E3) - this may cause problems in AutoCAD
copy process ignored DIMASSOC(#8E6) - this may cause problems in AutoCAD
copy process ignored DIMASSOC(#8E9) - this may cause problems in AutoCAD
copy process ignored DIMASSOC(#8EC) - this may cause problems in AutoCAD
copy process ignored DIMASSOC(#8EF) - this may cause problems in AutoCAD
copy process ignored DIMASSOC(#8F2) - this may cause problems in AutoCAD
copy process ignored DIMASSOC(#8F5) - this may cause problems in AutoCAD
copy process ignored DIMASSOC(#8FD) - this may cause problems in AutoCAD
copy process ignored DIMASSOC(#901) - this may cause problems in AutoCAD
copy process ignored DIMASSOC(#904) - this may cause problems in AutoCAD
copy process ignored DIMASSOC(#920) - this may cause problems in AutoCAD
copy process ignored DIMASSOC(#923) - this may cause problems in AutoCAD
copy process ignored DIMASSOC(#926) - this may cause problems in AutoCAD
copy process ignored DIMASSOC(#929) - this may cause problems in AutoCAD
copy process ignored DIMASSOC(#93B) - this may cause problems in AutoCAD
copy process ignored DIMASSOC(#93E) - this may cause problems in AutoCAD
copy process ignored DIMASSOC(#941) - this may cause problems in AutoCAD
copy process ignored DIMASSOC(#B9C) - this may cause problems in AutoCAD
copy process ignored DIMASSOC(#B9F) - this may cause problems in AutoCAD
copy process ignored DIMASSOC(#BA2) - this may cause problems in AutoCAD
copy process ignored DIMASSOC(#BA5) - this may cause problems in AutoCAD
copy process ignored DIMASSOC(#BA8) - this may cause problems in AutoCAD
copy process ignored DIMASSOC(#BB3) - this may cause problems in AutoCAD
copy process ignored DIMASSOC(#BB6) - this may cause problems in AutoCAD
copy process ignored DIMASSOC(#BCB) - this may cause problems in AutoCAD
copy process ignored DIMASSOC(#BD5) - this may cause problems in AutoCAD
copy process ignored DIMASSOC(#BD8) - this may cause problems in AutoCAD
copy process ignored DIMASSOC(#BDD) - this may cause problems in AutoCAD
copy process ignored DIMASSOC(#B9C) - this may cause problems in AutoCAD
copy process ignored DIMASSOC(#B9F) - this may cause problems in AutoCAD
copy process ignored DIMASSOC(#BA2) - this may cause problems in AutoCAD
copy process ignored DIMASSOC(#BA5) - this may cause problems in AutoCAD
copy process ignored DIMASSOC(#BA8) - this may cause problems in AutoCAD
copy process ignored DIMASSOC(#BB3) - this may cause problems in AutoCAD
copy process ignored DIMASSOC(#BB6) - this may cause problems in AutoCAD
copy process ignored DIMASSOC(#BCB) - this may cause problems in AutoCAD
copy process ignored DIMASSOC(#BD5) - this may cause problems in AutoCAD
copy process ignored DIMASSOC(#BD8) - this may cause problems in AutoCAD
copy process ignored DIMASSOC(#BDD) - this may cause problems in AutoCAD
copy process ignored DIMASSOC(#55F) - this may cause problems in AutoCAD
copy process ignored DIMASSOC(#562) - this may cause problems in AutoCAD
copy process ignored DIMASSOC(#56E) - this may cause problems in AutoCAD
copy process ignored DIMASSOC(#571) - this may cause problems in AutoCAD
copy process ignored DIMASSOC(#574) - this may cause problems in AutoCAD
copy process ignored DIMASSOC(#577) - this may cause problems in AutoCAD
copy process ignored DIMASSOC(#58E) - this may cause problems in AutoCAD
copy process ignored DIMASSOC(#591) - this may cause problems in AutoCAD
copy process ignored DIMASSOC(#594) - this may cause problems in AutoCAD
copy process ignored DIMASSOC(#597) - this may cause problems in AutoCAD
copy process ignored DIMASSOC(#59A) - this may cause problems in AutoCAD
copy process ignored DIMASSOC(#59D) - this may cause problems in AutoCAD
copy process ignored DIMASSOC(#5A0) - this may cause problems in AutoCAD
copy process ignored DIMASSOC(#5A3) - this may cause problems in AutoCAD
copy process ignored DIMASSOC(#5A6) - this may cause problems in AutoCAD
copy process ignored DIMASSOC(#5B0) - this may cause problems in AutoCAD
copy process ignored DIMASSOC(#5B3) - this may cause problems in AutoCAD
copy process ignored DIMASSOC(#5B6) - this may cause problems in AutoCAD
copy process ignored DIMASSOC(#5B9) - this may cause problems in AutoCAD
copy process ignored DIMASSOC(#5BC) - this may cause problems in AutoCAD
copy process ignored DIMASSOC(#5C6) - this may cause problems in AutoCAD
copy process ignored DIMASSOC(#5C9) - this may cause problems in AutoCAD
copy process ignored DIMASSOC(#5CC) - this may cause problems in AutoCAD
copy process ignored DIMASSOC(#5CF) - this may cause problems in AutoCAD
copy process ignored DIMASSOC(#5D2) - this may cause problems in AutoCAD
copy process ignored DIMASSOC(#5DC) - this may cause problems in AutoCAD
copy process ignored DIMASSOC(#5DF) - this may cause problems in AutoCAD
copy process ignored DIMASSOC(#5E2) - this may cause problems in AutoCAD
copy process ignored DIMASSOC(#5E5) - this may cause problems in AutoCAD
copy process ignored DIMASSOC(#5E8) - this may cause problems in AutoCAD
copy process ignored DIMASSOC(#5EB) - this may cause problems in AutoCAD
copy process ignored DIMASSOC(#5EE) - this may cause problems in AutoCAD
copy process ignored DIMASSOC(#5F1) - this may cause problems in AutoCAD
copy process ignored DIMASSOC(#5F4) - this may cause problems in AutoCAD
copy process ignored DIMASSOC(#5FC) - this may cause problems in AutoCAD
copy process ignored DIMASSOC(#600) - this may cause problems in AutoCAD
copy process ignored DIMASSOC(#603) - this may cause problems in AutoCAD
copy process ignored DIMASSOC(#61F) - this may cause problems in AutoCAD
copy process ignored DIMASSOC(#622) - this may cause problems in AutoCAD
copy process ignored DIMASSOC(#625) - this may cause problems in AutoCAD
copy process ignored DIMASSOC(#628) - this may cause problems in AutoCAD
copy process ignored DIMASSOC(#63A) - this may cause problems in AutoCAD
copy process ignored DIMASSOC(#63D) - this may cause problems in AutoCAD
copy process ignored DIMASSOC(#640) - this may cause problems in AutoCAD
copy process ignored DIMASSOC(#860) - this may cause problems in AutoCAD
copy process ignored DIMASSOC(#863) - this may cause problems in AutoCAD
copy process ignored DIMASSOC(#86F) - this may cause problems in AutoCAD
copy process ignored DIMASSOC(#872) - this may cause problems in AutoCAD
copy process ignored DIMASSOC(#875) - this may cause problems in AutoCAD
copy process ignored DIMASSOC(#878) - this may cause problems in AutoCAD
copy process ignored DIMASSOC(#88F) - this may cause problems in AutoCAD
copy process ignored DIMASSOC(#892) - this may cause problems in AutoCAD
copy process ignored DIMASSOC(#895) - this may cause problems in AutoCAD
copy process ignored DIMASSOC(#898) - this may cause problems in AutoCAD
copy process ignored DIMASSOC(#89B) - this may cause problems in AutoCAD
copy process ignored DIMASSOC(#89E) - this may cause problems in AutoCAD
copy process ignored DIMASSOC(#8A1) - this may cause problems in AutoCAD
copy process ignored DIMASSOC(#8A4) - this may cause problems in AutoCAD
copy process ignored DIMASSOC(#8A7) - this may cause problems in AutoCAD
copy process ignored DIMASSOC(#8B1) - this may cause problems in AutoCAD
copy process ignored DIMASSOC(#8B4) - this may cause problems in AutoCAD
copy process ignored DIMASSOC(#8B7) - this may cause problems in AutoCAD
copy process ignored DIMASSOC(#8BA) - this may cause problems in AutoCAD
copy process ignored DIMASSOC(#8BD) - this may cause problems in AutoCAD
copy process ignored DIMASSOC(#8C7) - this may cause problems in AutoCAD
copy process ignored DIMASSOC(#8CA) - this may cause problems in AutoCAD
copy process ignored DIMASSOC(#8CD) - this may cause problems in AutoCAD
copy process ignored DIMASSOC(#8D0) - this may cause problems in AutoCAD
copy process ignored DIMASSOC(#8D3) - this may cause problems in AutoCAD
copy process ignored DIMASSOC(#8DD) - this may cause problems in AutoCAD
copy process ignored DIMASSOC(#8E0) - this may cause problems in AutoCAD
copy process ignored DIMASSOC(#8E3) - this may cause problems in AutoCAD
copy process ignored DIMASSOC(#8E6) - this may cause problems in AutoCAD
copy process ignored DIMASSOC(#8E9) - this may cause problems in AutoCAD
copy process ignored DIMASSOC(#8EC) - this may cause problems in AutoCAD
copy process ignored DIMASSOC(#8EF) - this may cause problems in AutoCAD
copy process ignored DIMASSOC(#8F2) - this may cause problems in AutoCAD
copy process ignored DIMASSOC(#8F5) - this may cause problems in AutoCAD
copy process ignored DIMASSOC(#8FD) - this may cause problems in AutoCAD
copy process ignored DIMASSOC(#901) - this may cause problems in AutoCAD
copy process ignored DIMASSOC(#904) - this may cause problems in AutoCAD
copy process ignored DIMASSOC(#920) - this may cause problems in AutoCAD
copy process ignored DIMASSOC(#923) - this may cause problems in AutoCAD
copy process ignored DIMASSOC(#926) - this may cause problems in AutoCAD
copy process ignored DIMASSOC(#929) - this may cause problems in AutoCAD
copy process ignored DIMASSOC(#93B) - this may cause problems in AutoCAD
copy process ignored DIMASSOC(#93E) - this may cause problems in AutoCAD
copy process ignored DIMASSOC(#941) - this may cause problems in AutoCAD
copy process ignored DIMASSOC(#B9C) - this may cause problems in AutoCAD
copy process ignored DIMASSOC(#B9F) - this may cause problems in AutoCAD
copy process ignored DIMASSOC(#BA2) - this may cause problems in AutoCAD
copy process ignored DIMASSOC(#BA5) - this may cause problems in AutoCAD
copy process ignored DIMASSOC(#BA8) - this may cause problems in AutoCAD
copy process ignored DIMASSOC(#BB3) - this may cause problems in AutoCAD
copy process ignored DIMASSOC(#BB6) - this may cause problems in AutoCAD
copy process ignored DIMASSOC(#BCB) - this may cause problems in AutoCAD
copy process ignored DIMASSOC(#BD5) - this may cause problems in AutoCAD
copy process ignored DIMASSOC(#BD8) - this may cause problems in AutoCAD
copy process ignored DIMASSOC(#BDD) - this may cause problems in AutoCAD
copy process ignored DIMASSOC(#B9C) - this may cause problems in AutoCAD
copy process ignored DIMASSOC(#B9F) - this may cause problems in AutoCAD
copy process ignored DIMASSOC(#BA2) - this may cause problems in AutoCAD
copy process ignored DIMASSOC(#BA5) - this may cause problems in AutoCAD
copy process ignored DIMASSOC(#BA8) - this may cause problems in AutoCAD
copy process ignored DIMASSOC(#BB3) - this may cause problems in AutoCAD
copy process ignored DIMASSOC(#BB6) - this may cause problems in AutoCAD
copy process ignored DIMASSOC(#BCB) - this may cause problems in AutoCAD
copy process ignored DIMASSOC(#BD5) - this may cause problems in AutoCAD
copy process ignored DIMASSOC(#BD8) - this may cause problems in AutoCAD
copy process ignored DIMASSOC(#BDD) - this may cause problems in AutoCAD
[PRERENDER] Obra_TREINO_10/7PAV/PL → renderizado (33KB) [ts=2026-05-23T15:26:34Z]
[PRERENDER] Obra_TREINO_10/7PAV/LV → renderizado (16KB) [ts=2026-05-23T15:30:17Z]
copy process ignored DIMASSOC(#55F) - this may cause problems in AutoCAD
copy process ignored DIMASSOC(#562) - this may cause problems in AutoCAD
copy process ignored DIMASSOC(#56E) - this may cause problems in AutoCAD
copy process ignored DIMASSOC(#571) - this may cause problems in AutoCAD
copy process ignored DIMASSOC(#574) - this may cause problems in AutoCAD
copy process ignored DIMASSOC(#577) - this may cause problems in AutoCAD
copy process ignored DIMASSOC(#58E) - this may cause problems in AutoCAD
copy process ignored DIMASSOC(#591) - this may cause problems in AutoCAD
copy process ignored DIMASSOC(#594) - this may cause problems in AutoCAD
copy process ignored DIMASSOC(#597) - this may cause problems in AutoCAD
copy process ignored DIMASSOC(#59A) - this may cause problems in AutoCAD
copy process ignored DIMASSOC(#59D) - this may cause problems in AutoCAD
copy process ignored DIMASSOC(#5A0) - this may cause problems in AutoCAD
copy process ignored DIMASSOC(#5A3) - this may cause problems in AutoCAD
copy process ignored DIMASSOC(#5A6) - this may cause problems in AutoCAD
copy process ignored DIMASSOC(#5B0) - this may cause problems in AutoCAD
copy process ignored DIMASSOC(#5B3) - this may cause problems in AutoCAD
copy process ignored DIMASSOC(#5B6) - this may cause problems in AutoCAD
copy process ignored DIMASSOC(#5B9) - this may cause problems in AutoCAD
copy process ignored DIMASSOC(#5BC) - this may cause problems in AutoCAD
copy process ignored DIMASSOC(#5C6) - this may cause problems in AutoCAD
copy process ignored DIMASSOC(#5C9) - this may cause problems in AutoCAD
copy process ignored DIMASSOC(#5CC) - this may cause problems in AutoCAD
copy process ignored DIMASSOC(#5CF) - this may cause problems in AutoCAD
copy process ignored DIMASSOC(#5D2) - this may cause problems in AutoCAD
copy process ignored DIMASSOC(#5DC) - this may cause problems in AutoCAD
copy process ignored DIMASSOC(#5DF) - this may cause problems in AutoCAD
copy process ignored DIMASSOC(#5E2) - this may cause problems in AutoCAD
copy process ignored DIMASSOC(#5E5) - this may cause problems in AutoCAD
copy process ignored DIMASSOC(#5E8) - this may cause problems in AutoCAD
copy process ignored DIMASSOC(#5EB) - this may cause problems in AutoCAD
copy process ignored DIMASSOC(#5EE) - this may cause problems in AutoCAD
copy process ignored DIMASSOC(#5F1) - this may cause problems in AutoCAD
copy process ignored DIMASSOC(#5F4) - this may cause problems in AutoCAD
copy process ignored DIMASSOC(#5FC) - this may cause problems in AutoCAD
copy process ignored DIMASSOC(#600) - this may cause problems in AutoCAD
copy process ignored DIMASSOC(#603) - this may cause problems in AutoCAD
copy process ignored DIMASSOC(#61F) - this may cause problems in AutoCAD
copy process ignored DIMASSOC(#622) - this may cause problems in AutoCAD
copy process ignored DIMASSOC(#625) - this may cause problems in AutoCAD
copy process ignored DIMASSOC(#628) - this may cause problems in AutoCAD
copy process ignored DIMASSOC(#63A) - this may cause problems in AutoCAD
copy process ignored DIMASSOC(#63D) - this may cause problems in AutoCAD
copy process ignored DIMASSOC(#640) - this may cause problems in AutoCAD
copy process ignored DIMASSOC(#860) - this may cause problems in AutoCAD
copy process ignored DIMASSOC(#863) - this may cause problems in AutoCAD
copy process ignored DIMASSOC(#86F) - this may cause problems in AutoCAD
copy process ignored DIMASSOC(#872) - this may cause problems in AutoCAD
copy process ignored DIMASSOC(#875) - this may cause problems in AutoCAD
copy process ignored DIMASSOC(#878) - this may cause problems in AutoCAD
copy process ignored DIMASSOC(#88F) - this may cause problems in AutoCAD
copy process ignored DIMASSOC(#892) - this may cause problems in AutoCAD
copy process ignored DIMASSOC(#895) - this may cause problems in AutoCAD
copy process ignored DIMASSOC(#898) - this may cause problems in AutoCAD
copy process ignored DIMASSOC(#89B) - this may cause problems in AutoCAD
copy process ignored DIMASSOC(#89E) - this may cause problems in AutoCAD
copy process ignored DIMASSOC(#8A1) - this may cause problems in AutoCAD
copy process ignored DIMASSOC(#8A4) - this may cause problems in AutoCAD
copy process ignored DIMASSOC(#8A7) - this may cause problems in AutoCAD
copy process ignored DIMASSOC(#8B1) - this may cause problems in AutoCAD
copy process ignored DIMASSOC(#8B4) - this may cause problems in AutoCAD
copy process ignored DIMASSOC(#8B7) - this may cause problems in AutoCAD
copy process ignored DIMASSOC(#8BA) - this may cause problems in AutoCAD
copy process ignored DIMASSOC(#8BD) - this may cause problems in AutoCAD
copy process ignored DIMASSOC(#8C7) - this may cause problems in AutoCAD
copy process ignored DIMASSOC(#8CA) - this may cause problems in AutoCAD
copy process ignored DIMASSOC(#8CD) - this may cause problems in AutoCAD
copy process ignored DIMASSOC(#8D0) - this may cause problems in AutoCAD
copy process ignored DIMASSOC(#8D3) - this may cause problems in AutoCAD
copy process ignored DIMASSOC(#8DD) - this may cause problems in AutoCAD
copy process ignored DIMASSOC(#8E0) - this may cause problems in AutoCAD
copy process ignored DIMASSOC(#8E3) - this may cause problems in AutoCAD
copy process ignored DIMASSOC(#8E6) - this may cause problems in AutoCAD
copy process ignored DIMASSOC(#8E9) - this may cause problems in AutoCAD
copy process ignored DIMASSOC(#8EC) - this may cause problems in AutoCAD
copy process ignored DIMASSOC(#8EF) - this may cause problems in AutoCAD
copy process ignored DIMASSOC(#8F2) - this may cause problems in AutoCAD
copy process ignored DIMASSOC(#8F5) - this may cause problems in AutoCAD
copy process ignored DIMASSOC(#8FD) - this may cause problems in AutoCAD
copy process ignored DIMASSOC(#901) - this may cause problems in AutoCAD
copy process ignored DIMASSOC(#904) - this may cause problems in AutoCAD
copy process ignored DIMASSOC(#920) - this may cause problems in AutoCAD
copy process ignored DIMASSOC(#923) - this may cause problems in AutoCAD
copy process ignored DIMASSOC(#926) - this may cause problems in AutoCAD
copy process ignored DIMASSOC(#929) - this may cause problems in AutoCAD
copy process ignored DIMASSOC(#93B) - this may cause problems in AutoCAD
copy process ignored DIMASSOC(#93E) - this may cause problems in AutoCAD
copy process ignored DIMASSOC(#941) - this may cause problems in AutoCAD
copy process ignored DIMASSOC(#B9C) - this may cause problems in AutoCAD
copy process ignored DIMASSOC(#B9F) - this may cause problems in AutoCAD
copy process ignored DIMASSOC(#BA2) - this may cause problems in AutoCAD
copy process ignored DIMASSOC(#BA5) - this may cause problems in AutoCAD
copy process ignored DIMASSOC(#BA8) - this may cause problems in AutoCAD
copy process ignored DIMASSOC(#BB3) - this may cause problems in AutoCAD
copy process ignored DIMASSOC(#BB6) - this may cause problems in AutoCAD
copy process ignored DIMASSOC(#BCB) - this may cause problems in AutoCAD
copy process ignored DIMASSOC(#BD5) - this may cause problems in AutoCAD
copy process ignored DIMASSOC(#BD8) - this may cause problems in AutoCAD
copy process ignored DIMASSOC(#BDD) - this may cause problems in AutoCAD
copy process ignored DIMASSOC(#B9C) - this may cause problems in AutoCAD
copy process ignored DIMASSOC(#B9F) - this may cause problems in AutoCAD
copy process ignored DIMASSOC(#BA2) - this may cause problems in AutoCAD
copy process ignored DIMASSOC(#BA5) - this may cause problems in AutoCAD
copy process ignored DIMASSOC(#BA8) - this may cause problems in AutoCAD
copy process ignored DIMASSOC(#BB3) - this may cause problems in AutoCAD
copy process ignored DIMASSOC(#BB6) - this may cause problems in AutoCAD
copy process ignored DIMASSOC(#BCB) - this may cause problems in AutoCAD
copy process ignored DIMASSOC(#BD5) - this may cause problems in AutoCAD
copy process ignored DIMASSOC(#BD8) - this may cause problems in AutoCAD
copy process ignored DIMASSOC(#BDD) - this may cause problems in AutoCAD
copy process ignored DIMASSOC(#55F) - this may cause problems in AutoCAD
copy process ignored DIMASSOC(#562) - this may cause problems in AutoCAD
copy process ignored DIMASSOC(#56E) - this may cause problems in AutoCAD
copy process ignored DIMASSOC(#571) - this may cause problems in AutoCAD
copy process ignored DIMASSOC(#574) - this may cause problems in AutoCAD
copy process ignored DIMASSOC(#577) - this may cause problems in AutoCAD
copy process ignored DIMASSOC(#58E) - this may cause problems in AutoCAD
copy process ignored DIMASSOC(#591) - this may cause problems in AutoCAD
copy process ignored DIMASSOC(#594) - this may cause problems in AutoCAD
copy process ignored DIMASSOC(#597) - this may cause problems in AutoCAD
copy process ignored DIMASSOC(#59A) - this may cause problems in AutoCAD
copy process ignored DIMASSOC(#59D) - this may cause problems in AutoCAD
copy process ignored DIMASSOC(#5A0) - this may cause problems in AutoCAD
copy process ignored DIMASSOC(#5A3) - this may cause problems in AutoCAD
copy process ignored DIMASSOC(#5A6) - this may cause problems in AutoCAD
copy process ignored DIMASSOC(#5B0) - this may cause problems in AutoCAD
copy process ignored DIMASSOC(#5B3) - this may cause problems in AutoCAD
copy process ignored DIMASSOC(#5B6) - this may cause problems in AutoCAD
copy process ignored DIMASSOC(#5B9) - this may cause problems in AutoCAD
copy process ignored DIMASSOC(#5BC) - this may cause problems in AutoCAD
copy process ignored DIMASSOC(#5C6) - this may cause problems in AutoCAD
copy process ignored DIMASSOC(#5C9) - this may cause problems in AutoCAD
copy process ignored DIMASSOC(#5CC) - this may cause problems in AutoCAD
copy process ignored DIMASSOC(#5CF) - this may cause problems in AutoCAD
copy process ignored DIMASSOC(#5D2) - this may cause problems in AutoCAD
copy process ignored DIMASSOC(#5DC) - this may cause problems in AutoCAD
copy process ignored DIMASSOC(#5DF) - this may cause problems in AutoCAD
copy process ignored DIMASSOC(#5E2) - this may cause problems in AutoCAD
copy process ignored DIMASSOC(#5E5) - this may cause problems in AutoCAD
copy process ignored DIMASSOC(#5E8) - this may cause problems in AutoCAD
copy process ignored DIMASSOC(#5EB) - this may cause problems in AutoCAD
copy process ignored DIMASSOC(#5EE) - this may cause problems in AutoCAD
copy process ignored DIMASSOC(#5F1) - this may cause problems in AutoCAD
copy process ignored DIMASSOC(#5F4) - this may cause problems in AutoCAD
copy process ignored DIMASSOC(#5FC) - this may cause problems in AutoCAD
copy process ignored DIMASSOC(#600) - this may cause problems in AutoCAD
copy process ignored DIMASSOC(#603) - this may cause problems in AutoCAD
copy process ignored DIMASSOC(#61F) - this may cause problems in AutoCAD
copy process ignored DIMASSOC(#622) - this may cause problems in AutoCAD
copy process ignored DIMASSOC(#625) - this may cause problems in AutoCAD
copy process ignored DIMASSOC(#628) - this may cause problems in AutoCAD
copy process ignored DIMASSOC(#63A) - this may cause problems in AutoCAD
copy process ignored DIMASSOC(#63D) - this may cause problems in AutoCAD
copy process ignored DIMASSOC(#640) - this may cause problems in AutoCAD
copy process ignored DIMASSOC(#860) - this may cause problems in AutoCAD
copy process ignored DIMASSOC(#863) - this may cause problems in AutoCAD
copy process ignored DIMASSOC(#86F) - this may cause problems in AutoCAD
copy process ignored DIMASSOC(#872) - this may cause problems in AutoCAD
copy process ignored DIMASSOC(#875) - this may cause problems in AutoCAD
copy process ignored DIMASSOC(#878) - this may cause problems in AutoCAD
copy process ignored DIMASSOC(#88F) - this may cause problems in AutoCAD
copy process ignored DIMASSOC(#892) - this may cause problems in AutoCAD
copy process ignored DIMASSOC(#895) - this may cause problems in AutoCAD
copy process ignored DIMASSOC(#898) - this may cause problems in AutoCAD
copy process ignored DIMASSOC(#89B) - this may cause problems in AutoCAD
copy process ignored DIMASSOC(#89E) - this may cause problems in AutoCAD
copy process ignored DIMASSOC(#8A1) - this may cause problems in AutoCAD
copy process ignored DIMASSOC(#8A4) - this may cause problems in AutoCAD
copy process ignored DIMASSOC(#8A7) - this may cause problems in AutoCAD
copy process ignored DIMASSOC(#8B1) - this may cause problems in AutoCAD
copy process ignored DIMASSOC(#8B4) - this may cause problems in AutoCAD
copy process ignored DIMASSOC(#8B7) - this may cause problems in AutoCAD
copy process ignored DIMASSOC(#8BA) - this may cause problems in AutoCAD
copy process ignored DIMASSOC(#8BD) - this may cause problems in AutoCAD
copy process ignored DIMASSOC(#8C7) - this may cause problems in AutoCAD
copy process ignored DIMASSOC(#8CA) - this may cause problems in AutoCAD
copy process ignored DIMASSOC(#8CD) - this may cause problems in AutoCAD
copy process ignored DIMASSOC(#8D0) - this may cause problems in AutoCAD
copy process ignored DIMASSOC(#8D3) - this may cause problems in AutoCAD
copy process ignored DIMASSOC(#8DD) - this may cause problems in AutoCAD
copy process ignored DIMASSOC(#8E0) - this may cause problems in AutoCAD
copy process ignored DIMASSOC(#8E3) - this may cause problems in AutoCAD
copy process ignored DIMASSOC(#8E6) - this may cause problems in AutoCAD
copy process ignored DIMASSOC(#8E9) - this may cause problems in AutoCAD
copy process ignored DIMASSOC(#8EC) - this may cause problems in AutoCAD
copy process ignored DIMASSOC(#8EF) - this may cause problems in AutoCAD
copy process ignored DIMASSOC(#8F2) - this may cause problems in AutoCAD
copy process ignored DIMASSOC(#8F5) - this may cause problems in AutoCAD
copy process ignored DIMASSOC(#8FD) - this may cause problems in AutoCAD
copy process ignored DIMASSOC(#901) - this may cause problems in AutoCAD
copy process ignored DIMASSOC(#904) - this may cause problems in AutoCAD
copy process ignored DIMASSOC(#920) - this may cause problems in AutoCAD
copy process ignored DIMASSOC(#923) - this may cause problems in AutoCAD
copy process ignored DIMASSOC(#926) - this may cause problems in AutoCAD
copy process ignored DIMASSOC(#929) - this may cause problems in AutoCAD
copy process ignored DIMASSOC(#93B) - this may cause problems in AutoCAD
copy process ignored DIMASSOC(#93E) - this may cause problems in AutoCAD
copy process ignored DIMASSOC(#941) - this may cause problems in AutoCAD
copy process ignored DIMASSOC(#B9C) - this may cause problems in AutoCAD
copy process ignored DIMASSOC(#B9F) - this may cause problems in AutoCAD
copy process ignored DIMASSOC(#BA2) - this may cause problems in AutoCAD
copy process ignored DIMASSOC(#BA5) - this may cause problems in AutoCAD
copy process ignored DIMASSOC(#BA8) - this may cause problems in AutoCAD
copy process ignored DIMASSOC(#BB3) - this may cause problems in AutoCAD
copy process ignored DIMASSOC(#BB6) - this may cause problems in AutoCAD
copy process ignored DIMASSOC(#BCB) - this may cause problems in AutoCAD
copy process ignored DIMASSOC(#BD5) - this may cause problems in AutoCAD
copy process ignored DIMASSOC(#BD8) - this may cause problems in AutoCAD
copy process ignored DIMASSOC(#BDD) - this may cause problems in AutoCAD
copy process ignored DIMASSOC(#B9C) - this may cause problems in AutoCAD
copy process ignored DIMASSOC(#B9F) - this may cause problems in AutoCAD
copy process ignored DIMASSOC(#BA2) - this may cause problems in AutoCAD
copy process ignored DIMASSOC(#BA5) - this may cause problems in AutoCAD
copy process ignored DIMASSOC(#BA8) - this may cause problems in AutoCAD
copy process ignored DIMASSOC(#BB3) - this may cause problems in AutoCAD
copy process ignored DIMASSOC(#BB6) - this may cause problems in AutoCAD
copy process ignored DIMASSOC(#BCB) - this may cause problems in AutoCAD
copy process ignored DIMASSOC(#BD5) - this may cause problems in AutoCAD
copy process ignored DIMASSOC(#BD8) - this may cause problems in AutoCAD
copy process ignored DIMASSOC(#BDD) - this may cause problems in AutoCAD
[PRERENDER] Obra_TREINO_10/8_E_9PAV/PL → renderizado (33KB) [ts=2026-05-23T15:35:42Z]
[PRERENDER] Obra_TREINO_10/8_E_9PAV/LV → renderizado (16KB) [ts=2026-05-23T15:39:01Z]
[PRERENDER] Obra_TREINO_10/9PAV/FV → renderizado (57KB) [ts=2026-05-23T15:39:29Z]
copy process ignored DIMASSOC(#1ED19) - this may cause problems in AutoCAD
copy process ignored DIMASSOC(#1ED1C) - this may cause problems in AutoCAD
copy process ignored DIMASSOC(#1ED1F) - this may cause problems in AutoCAD
copy process ignored DIMASSOC(#1ED22) - this may cause problems in AutoCAD
copy process ignored DIMASSOC(#1ED25) - this may cause problems in AutoCAD
copy process ignored DIMASSOC(#1ED30) - this may cause problems in AutoCAD
copy process ignored DIMASSOC(#1ED33) - this may cause problems in AutoCAD
copy process ignored DIMASSOC(#1ED48) - this may cause problems in AutoCAD
copy process ignored DIMASSOC(#1ED52) - this may cause problems in AutoCAD
copy process ignored DIMASSOC(#1ED55) - this may cause problems in AutoCAD
copy process ignored DIMASSOC(#1ED5A) - this may cause problems in AutoCAD
copy process ignored DIMASSOC(#1ED19) - this may cause problems in AutoCAD
copy process ignored DIMASSOC(#1ED1C) - this may cause problems in AutoCAD
copy process ignored DIMASSOC(#1ED1F) - this may cause problems in AutoCAD
copy process ignored DIMASSOC(#1ED22) - this may cause problems in AutoCAD
copy process ignored DIMASSOC(#1ED25) - this may cause problems in AutoCAD
copy process ignored DIMASSOC(#1ED30) - this may cause problems in AutoCAD
copy process ignored DIMASSOC(#1ED33) - this may cause problems in AutoCAD
copy process ignored DIMASSOC(#1ED48) - this may cause problems in AutoCAD
copy process ignored DIMASSOC(#1ED52) - this may cause problems in AutoCAD
copy process ignored DIMASSOC(#1ED55) - this may cause problems in AutoCAD
copy process ignored DIMASSOC(#1ED5A) - this may cause problems in AutoCAD
copy process ignored DIMASSOC(#1ED19) - this may cause problems in AutoCAD
copy process ignored DIMASSOC(#1ED1C) - this may cause problems in AutoCAD
copy process ignored DIMASSOC(#1ED1F) - this may cause problems in AutoCAD
copy process ignored DIMASSOC(#1ED22) - this may cause problems in AutoCAD
copy process ignored DIMASSOC(#1ED25) - this may cause problems in AutoCAD
copy process ignored DIMASSOC(#1ED30) - this may cause problems in AutoCAD
copy process ignored DIMASSOC(#1ED33) - this may cause problems in AutoCAD
copy process ignored DIMASSOC(#1ED48) - this may cause problems in AutoCAD
copy process ignored DIMASSOC(#1ED52) - this may cause problems in AutoCAD
copy process ignored DIMASSOC(#1ED55) - this may cause problems in AutoCAD
copy process ignored DIMASSOC(#1ED5A) - this may cause problems in AutoCAD
copy process ignored DIMASSOC(#1ED19) - this may cause problems in AutoCAD
copy process ignored DIMASSOC(#1ED1C) - this may cause problems in AutoCAD
copy process ignored DIMASSOC(#1ED1F) - this may cause problems in AutoCAD
copy process ignored DIMASSOC(#1ED22) - this may cause problems in AutoCAD
copy process ignored DIMASSOC(#1ED25) - this may cause problems in AutoCAD
copy process ignored DIMASSOC(#1ED30) - this may cause problems in AutoCAD
copy process ignored DIMASSOC(#1ED33) - this may cause problems in AutoCAD
copy process ignored DIMASSOC(#1ED48) - this may cause problems in AutoCAD
copy process ignored DIMASSOC(#1ED52) - this may cause problems in AutoCAD
copy process ignored DIMASSOC(#1ED55) - this may cause problems in AutoCAD
copy process ignored DIMASSOC(#1ED5A) - this may cause problems in AutoCAD
[PRERENDER] Obra_TREINO_10/HOSPITAL_ASSUNÇÃO-1PAV/PL → renderizado (35KB) [ts=2026-05-23T15:46:04Z]
copy process ignored DIMASSOC(#1ED19) - this may cause problems in AutoCAD
copy process ignored DIMASSOC(#1ED1C) - this may cause problems in AutoCAD
copy process ignored DIMASSOC(#1ED1F) - this may cause problems in AutoCAD
copy process ignored DIMASSOC(#1ED22) - this may cause problems in AutoCAD
copy process ignored DIMASSOC(#1ED25) - this may cause problems in AutoCAD
copy process ignored DIMASSOC(#1ED30) - this may cause problems in AutoCAD
copy process ignored DIMASSOC(#1ED33) - this may cause problems in AutoCAD
copy process ignored DIMASSOC(#1ED48) - this may cause problems in AutoCAD
copy process ignored DIMASSOC(#1ED52) - this may cause problems in AutoCAD
copy process ignored DIMASSOC(#1ED55) - this may cause problems in AutoCAD
copy process ignored DIMASSOC(#1ED5A) - this may cause problems in AutoCAD
copy process ignored DIMASSOC(#1ED19) - this may cause problems in AutoCAD
copy process ignored DIMASSOC(#1ED1C) - this may cause problems in AutoCAD
copy process ignored DIMASSOC(#1ED1F) - this may cause problems in AutoCAD
copy process ignored DIMASSOC(#1ED22) - this may cause problems in AutoCAD
copy process ignored DIMASSOC(#1ED25) - this may cause problems in AutoCAD
copy process ignored DIMASSOC(#1ED30) - this may cause problems in AutoCAD
copy process ignored DIMASSOC(#1ED33) - this may cause problems in AutoCAD
copy process ignored DIMASSOC(#1ED48) - this may cause problems in AutoCAD
copy process ignored DIMASSOC(#1ED52) - this may cause problems in AutoCAD
copy process ignored DIMASSOC(#1ED55) - this may cause problems in AutoCAD
copy process ignored DIMASSOC(#1ED5A) - this may cause problems in AutoCAD
copy process ignored DIMASSOC(#67C) - this may cause problems in AutoCAD
copy process ignored DIMASSOC(#67F) - this may cause problems in AutoCAD
copy process ignored DIMASSOC(#68B) - this may cause problems in AutoCAD
copy process ignored DIMASSOC(#68E) - this may cause problems in AutoCAD
copy process ignored DIMASSOC(#691) - this may cause problems in AutoCAD
copy process ignored DIMASSOC(#694) - this may cause problems in AutoCAD
copy process ignored DIMASSOC(#6AB) - this may cause problems in AutoCAD
copy process ignored DIMASSOC(#6AE) - this may cause problems in AutoCAD
copy process ignored DIMASSOC(#6B1) - this may cause problems in AutoCAD
copy process ignored DIMASSOC(#6B4) - this may cause problems in AutoCAD
copy process ignored DIMASSOC(#6B7) - this may cause problems in AutoCAD
copy process ignored DIMASSOC(#6BA) - this may cause problems in AutoCAD
copy process ignored DIMASSOC(#6BD) - this may cause problems in AutoCAD
copy process ignored DIMASSOC(#6C0) - this may cause problems in AutoCAD
copy process ignored DIMASSOC(#6C3) - this may cause problems in AutoCAD
copy process ignored DIMASSOC(#6CD) - this may cause problems in AutoCAD
copy process ignored DIMASSOC(#6D0) - this may cause problems in AutoCAD
copy process ignored DIMASSOC(#6D3) - this may cause problems in AutoCAD
copy process ignored DIMASSOC(#6D6) - this may cause problems in AutoCAD
copy process ignored DIMASSOC(#6D9) - this may cause problems in AutoCAD
copy process ignored DIMASSOC(#6E3) - this may cause problems in AutoCAD
copy process ignored DIMASSOC(#6E6) - this may cause problems in AutoCAD
copy process ignored DIMASSOC(#6E9) - this may cause problems in AutoCAD
copy process ignored DIMASSOC(#6EC) - this may cause problems in AutoCAD
copy process ignored DIMASSOC(#6EF) - this may cause problems in AutoCAD
copy process ignored DIMASSOC(#6F9) - this may cause problems in AutoCAD
copy process ignored DIMASSOC(#6FC) - this may cause problems in AutoCAD
copy process ignored DIMASSOC(#6FF) - this may cause problems in AutoCAD
copy process ignored DIMASSOC(#702) - this may cause problems in AutoCAD
copy process ignored DIMASSOC(#705) - this may cause problems in AutoCAD
copy process ignored DIMASSOC(#708) - this may cause problems in AutoCAD
copy process ignored DIMASSOC(#70B) - this may cause problems in AutoCAD
copy process ignored DIMASSOC(#70E) - this may cause problems in AutoCAD
copy process ignored DIMASSOC(#711) - this may cause problems in AutoCAD
copy process ignored DIMASSOC(#719) - this may cause problems in AutoCAD
copy process ignored DIMASSOC(#71D) - this may cause problems in AutoCAD
copy process ignored DIMASSOC(#720) - this may cause problems in AutoCAD
copy process ignored DIMASSOC(#73C) - this may cause problems in AutoCAD
copy process ignored DIMASSOC(#73F) - this may cause problems in AutoCAD
copy process ignored DIMASSOC(#742) - this may cause problems in AutoCAD
copy process ignored DIMASSOC(#745) - this may cause problems in AutoCAD
copy process ignored DIMASSOC(#757) - this may cause problems in AutoCAD
copy process ignored DIMASSOC(#75A) - this may cause problems in AutoCAD
copy process ignored DIMASSOC(#75D) - this may cause problems in AutoCAD
copy process ignored DIMASSOC(#97D) - this may cause problems in AutoCAD
copy process ignored DIMASSOC(#980) - this may cause problems in AutoCAD
copy process ignored DIMASSOC(#98C) - this may cause problems in AutoCAD
copy process ignored DIMASSOC(#98F) - this may cause problems in AutoCAD
copy process ignored DIMASSOC(#992) - this may cause problems in AutoCAD
copy process ignored DIMASSOC(#995) - this may cause problems in AutoCAD
copy process ignored DIMASSOC(#9AC) - this may cause problems in AutoCAD
copy process ignored DIMASSOC(#9AF) - this may cause problems in AutoCAD
copy process ignored DIMASSOC(#9B2) - this may cause problems in AutoCAD
copy process ignored DIMASSOC(#9B5) - this may cause problems in AutoCAD
copy process ignored DIMASSOC(#9B8) - this may cause problems in AutoCAD
copy process ignored DIMASSOC(#9BB) - this may cause problems in AutoCAD
copy process ignored DIMASSOC(#9BE) - this may cause problems in AutoCAD
copy process ignored DIMASSOC(#9C1) - this may cause problems in AutoCAD
copy process ignored DIMASSOC(#9C4) - this may cause problems in AutoCAD
copy process ignored DIMASSOC(#9CE) - this may cause problems in AutoCAD
copy process ignored DIMASSOC(#9D1) - this may cause problems in AutoCAD
copy process ignored DIMASSOC(#9D4) - this may cause problems in AutoCAD
copy process ignored DIMASSOC(#9D7) - this may cause problems in AutoCAD
copy process ignored DIMASSOC(#9DA) - this may cause problems in AutoCAD
copy process ignored DIMASSOC(#9E4) - this may cause problems in AutoCAD
copy process ignored DIMASSOC(#9E7) - this may cause problems in AutoCAD
copy process ignored DIMASSOC(#9EA) - this may cause problems in AutoCAD
copy process ignored DIMASSOC(#9ED) - this may cause problems in AutoCAD
copy process ignored DIMASSOC(#9F0) - this may cause problems in AutoCAD
copy process ignored DIMASSOC(#9FA) - this may cause problems in AutoCAD
copy process ignored DIMASSOC(#9FD) - this may cause problems in AutoCAD
copy process ignored DIMASSOC(#A00) - this may cause problems in AutoCAD
copy process ignored DIMASSOC(#A03) - this may cause problems in AutoCAD
copy process ignored DIMASSOC(#A06) - this may cause problems in AutoCAD
copy process ignored DIMASSOC(#A09) - this may cause problems in AutoCAD
copy process ignored DIMASSOC(#A0C) - this may cause problems in AutoCAD
copy process ignored DIMASSOC(#A0F) - this may cause problems in AutoCAD
copy process ignored DIMASSOC(#A12) - this may cause problems in AutoCAD
copy process ignored DIMASSOC(#A1A) - this may cause problems in AutoCAD
copy process ignored DIMASSOC(#A1E) - this may cause problems in AutoCAD
copy process ignored DIMASSOC(#A21) - this may cause problems in AutoCAD
copy process ignored DIMASSOC(#A3D) - this may cause problems in AutoCAD
copy process ignored DIMASSOC(#A40) - this may cause problems in AutoCAD
copy process ignored DIMASSOC(#A43) - this may cause problems in AutoCAD
copy process ignored DIMASSOC(#A46) - this may cause problems in AutoCAD
copy process ignored DIMASSOC(#A58) - this may cause problems in AutoCAD
copy process ignored DIMASSOC(#A5B) - this may cause problems in AutoCAD
copy process ignored DIMASSOC(#A5E) - this may cause problems in AutoCAD
copy process ignored DIMASSOC(#67A0E) - this may cause problems in AutoCAD
copy process ignored DIMASSOC(#67A11) - this may cause problems in AutoCAD
copy process ignored DIMASSOC(#67A14) - this may cause problems in AutoCAD
copy process ignored DIMASSOC(#67A17) - this may cause problems in AutoCAD
copy process ignored DIMASSOC(#67A1A) - this may cause problems in AutoCAD
copy process ignored DIMASSOC(#67A25) - this may cause problems in AutoCAD
copy process ignored DIMASSOC(#67A28) - this may cause problems in AutoCAD
copy process ignored DIMASSOC(#67A3D) - this may cause problems in AutoCAD
copy process ignored DIMASSOC(#67A48) - this may cause problems in AutoCAD
copy process ignored DIMASSOC(#67A4B) - this may cause problems in AutoCAD
copy process ignored DIMASSOC(#67A50) - this may cause problems in AutoCAD
copy process ignored DIMASSOC(#67A0E) - this may cause problems in AutoCAD
copy process ignored DIMASSOC(#67A11) - this may cause problems in AutoCAD
copy process ignored DIMASSOC(#67A14) - this may cause problems in AutoCAD
copy process ignored DIMASSOC(#67A17) - this may cause problems in AutoCAD
copy process ignored DIMASSOC(#67A1A) - this may cause problems in AutoCAD
copy process ignored DIMASSOC(#67A25) - this may cause problems in AutoCAD
copy process ignored DIMASSOC(#67A28) - this may cause problems in AutoCAD
copy process ignored DIMASSOC(#67A3D) - this may cause problems in AutoCAD
copy process ignored DIMASSOC(#67A48) - this may cause problems in AutoCAD
copy process ignored DIMASSOC(#67A4B) - this may cause problems in AutoCAD
copy process ignored DIMASSOC(#67A50) - this may cause problems in AutoCAD
copy process ignored DIMASSOC(#1ED19) - this may cause problems in AutoCAD
copy process ignored DIMASSOC(#1ED1C) - this may cause problems in AutoCAD
copy process ignored DIMASSOC(#1ED1F) - this may cause problems in AutoCAD
copy process ignored DIMASSOC(#1ED22) - this may cause problems in AutoCAD
copy process ignored DIMASSOC(#1ED25) - this may cause problems in AutoCAD
copy process ignored DIMASSOC(#1ED30) - this may cause problems in AutoCAD
copy process ignored DIMASSOC(#1ED33) - this may cause problems in AutoCAD
copy process ignored DIMASSOC(#1ED48) - this may cause problems in AutoCAD
copy process ignored DIMASSOC(#1ED52) - this may cause problems in AutoCAD
copy process ignored DIMASSOC(#1ED55) - this may cause problems in AutoCAD
copy process ignored DIMASSOC(#1ED5A) - this may cause problems in AutoCAD
copy process ignored DIMASSOC(#1ED19) - this may cause problems in AutoCAD
copy process ignored DIMASSOC(#1ED1C) - this may cause problems in AutoCAD
copy process ignored DIMASSOC(#1ED1F) - this may cause problems in AutoCAD
copy process ignored DIMASSOC(#1ED22) - this may cause problems in AutoCAD
copy process ignored DIMASSOC(#1ED25) - this may cause problems in AutoCAD
copy process ignored DIMASSOC(#1ED30) - this may cause problems in AutoCAD
copy process ignored DIMASSOC(#1ED33) - this may cause problems in AutoCAD
copy process ignored DIMASSOC(#1ED48) - this may cause problems in AutoCAD
copy process ignored DIMASSOC(#1ED52) - this may cause problems in AutoCAD
copy process ignored DIMASSOC(#1ED55) - this may cause problems in AutoCAD
copy process ignored DIMASSOC(#1ED5A) - this may cause problems in AutoCAD
copy process ignored DIMASSOC(#67C) - this may cause problems in AutoCAD
copy process ignored DIMASSOC(#67F) - this may cause problems in AutoCAD
copy process ignored DIMASSOC(#68B) - this may cause problems in AutoCAD
copy process ignored DIMASSOC(#68E) - this may cause problems in AutoCAD
copy process ignored DIMASSOC(#691) - this may cause problems in AutoCAD
copy process ignored DIMASSOC(#694) - this may cause problems in AutoCAD
copy process ignored DIMASSOC(#6AB) - this may cause problems in AutoCAD
copy process ignored DIMASSOC(#6AE) - this may cause problems in AutoCAD
copy process ignored DIMASSOC(#6B1) - this may cause problems in AutoCAD
copy process ignored DIMASSOC(#6B4) - this may cause problems in AutoCAD
copy process ignored DIMASSOC(#6B7) - this may cause problems in AutoCAD
copy process ignored DIMASSOC(#6BA) - this may cause problems in AutoCAD
copy process ignored DIMASSOC(#6BD) - this may cause problems in AutoCAD
copy process ignored DIMASSOC(#6C0) - this may cause problems in AutoCAD
copy process ignored DIMASSOC(#6C3) - this may cause problems in AutoCAD
copy process ignored DIMASSOC(#6CD) - this may cause problems in AutoCAD
copy process ignored DIMASSOC(#6D0) - this may cause problems in AutoCAD
copy process ignored DIMASSOC(#6D3) - this may cause problems in AutoCAD
copy process ignored DIMASSOC(#6D6) - this may cause problems in AutoCAD
copy process ignored DIMASSOC(#6D9) - this may cause problems in AutoCAD
copy process ignored DIMASSOC(#6E3) - this may cause problems in AutoCAD
copy process ignored DIMASSOC(#6E6) - this may cause problems in AutoCAD
copy process ignored DIMASSOC(#6E9) - this may cause problems in AutoCAD
copy process ignored DIMASSOC(#6EC) - this may cause problems in AutoCAD
copy process ignored DIMASSOC(#6EF) - this may cause problems in AutoCAD
copy process ignored DIMASSOC(#6F9) - this may cause problems in AutoCAD
copy process ignored DIMASSOC(#6FC) - this may cause problems in AutoCAD
copy process ignored DIMASSOC(#6FF) - this may cause problems in AutoCAD
copy process ignored DIMASSOC(#702) - this may cause problems in AutoCAD
copy process ignored DIMASSOC(#705) - this may cause problems in AutoCAD
copy process ignored DIMASSOC(#708) - this may cause problems in AutoCAD
copy process ignored DIMASSOC(#70B) - this may cause problems in AutoCAD
copy process ignored DIMASSOC(#70E) - this may cause problems in AutoCAD
copy process ignored DIMASSOC(#711) - this may cause problems in AutoCAD
copy process ignored DIMASSOC(#719) - this may cause problems in AutoCAD
copy process ignored DIMASSOC(#71D) - this may cause problems in AutoCAD
copy process ignored DIMASSOC(#720) - this may cause problems in AutoCAD
copy process ignored DIMASSOC(#73C) - this may cause problems in AutoCAD
copy process ignored DIMASSOC(#73F) - this may cause problems in AutoCAD
copy process ignored DIMASSOC(#742) - this may cause problems in AutoCAD
copy process ignored DIMASSOC(#745) - this may cause problems in AutoCAD
copy process ignored DIMASSOC(#757) - this may cause problems in AutoCAD
copy process ignored DIMASSOC(#75A) - this may cause problems in AutoCAD
copy process ignored DIMASSOC(#75D) - this may cause problems in AutoCAD
copy process ignored DIMASSOC(#97D) - this may cause problems in AutoCAD
copy process ignored DIMASSOC(#980) - this may cause problems in AutoCAD
copy process ignored DIMASSOC(#98C) - this may cause problems in AutoCAD
copy process ignored DIMASSOC(#98F) - this may cause problems in AutoCAD
copy process ignored DIMASSOC(#992) - this may cause problems in AutoCAD
copy process ignored DIMASSOC(#995) - this may cause problems in AutoCAD
copy process ignored DIMASSOC(#9AC) - this may cause problems in AutoCAD
copy process ignored DIMASSOC(#9AF) - this may cause problems in AutoCAD
copy process ignored DIMASSOC(#9B2) - this may cause problems in AutoCAD
copy process ignored DIMASSOC(#9B5) - this may cause problems in AutoCAD
copy process ignored DIMASSOC(#9B8) - this may cause problems in AutoCAD
copy process ignored DIMASSOC(#9BB) - this may cause problems in AutoCAD
copy process ignored DIMASSOC(#9BE) - this may cause problems in AutoCAD
copy process ignored DIMASSOC(#9C1) - this may cause problems in AutoCAD
copy process ignored DIMASSOC(#9C4) - this may cause problems in AutoCAD
copy process ignored DIMASSOC(#9CE) - this may cause problems in AutoCAD
copy process ignored DIMASSOC(#9D1) - this may cause problems in AutoCAD
copy process ignored DIMASSOC(#9D4) - this may cause problems in AutoCAD
copy process ignored DIMASSOC(#9D7) - this may cause problems in AutoCAD
copy process ignored DIMASSOC(#9DA) - this may cause problems in AutoCAD
copy process ignored DIMASSOC(#9E4) - this may cause problems in AutoCAD
copy process ignored DIMASSOC(#9E7) - this may cause problems in AutoCAD
copy process ignored DIMASSOC(#9EA) - this may cause problems in AutoCAD
copy process ignored DIMASSOC(#9ED) - this may cause problems in AutoCAD
copy process ignored DIMASSOC(#9F0) - this may cause problems in AutoCAD
copy process ignored DIMASSOC(#9FA) - this may cause problems in AutoCAD
copy process ignored DIMASSOC(#9FD) - this may cause problems in AutoCAD
copy process ignored DIMASSOC(#A00) - this may cause problems in AutoCAD
copy process ignored DIMASSOC(#A03) - this may cause problems in AutoCAD
copy process ignored DIMASSOC(#A06) - this may cause problems in AutoCAD
copy process ignored DIMASSOC(#A09) - this may cause problems in AutoCAD
copy process ignored DIMASSOC(#A0C) - this may cause problems in AutoCAD
copy process ignored DIMASSOC(#A0F) - this may cause problems in AutoCAD
copy process ignored DIMASSOC(#A12) - this may cause problems in AutoCAD
copy process ignored DIMASSOC(#A1A) - this may cause problems in AutoCAD
copy process ignored DIMASSOC(#A1E) - this may cause problems in AutoCAD
copy process ignored DIMASSOC(#A21) - this may cause problems in AutoCAD
copy process ignored DIMASSOC(#A3D) - this may cause problems in AutoCAD
copy process ignored DIMASSOC(#A40) - this may cause problems in AutoCAD
copy process ignored DIMASSOC(#A43) - this may cause problems in AutoCAD
copy process ignored DIMASSOC(#A46) - this may cause problems in AutoCAD
copy process ignored DIMASSOC(#A58) - this may cause problems in AutoCAD
copy process ignored DIMASSOC(#A5B) - this may cause problems in AutoCAD
copy process ignored DIMASSOC(#A5E) - this may cause problems in AutoCAD
copy process ignored DIMASSOC(#67A0E) - this may cause problems in AutoCAD
copy process ignored DIMASSOC(#67A11) - this may cause problems in AutoCAD
copy process ignored DIMASSOC(#67A14) - this may cause problems in AutoCAD
copy process ignored DIMASSOC(#67A17) - this may cause problems in AutoCAD
copy process ignored DIMASSOC(#67A1A) - this may cause problems in AutoCAD
copy process ignored DIMASSOC(#67A25) - this may cause problems in AutoCAD
copy process ignored DIMASSOC(#67A28) - this may cause problems in AutoCAD
copy process ignored DIMASSOC(#67A3D) - this may cause problems in AutoCAD
copy process ignored DIMASSOC(#67A48) - this may cause problems in AutoCAD
copy process ignored DIMASSOC(#67A4B) - this may cause problems in AutoCAD
copy process ignored DIMASSOC(#67A50) - this may cause problems in AutoCAD
copy process ignored DIMASSOC(#67A0E) - this may cause problems in AutoCAD
copy process ignored DIMASSOC(#67A11) - this may cause problems in AutoCAD
copy process ignored DIMASSOC(#67A14) - this may cause problems in AutoCAD
copy process ignored DIMASSOC(#67A17) - this may cause problems in AutoCAD
copy process ignored DIMASSOC(#67A1A) - this may cause problems in AutoCAD
copy process ignored DIMASSOC(#67A25) - this may cause problems in AutoCAD
copy process ignored DIMASSOC(#67A28) - this may cause problems in AutoCAD
copy process ignored DIMASSOC(#67A3D) - this may cause problems in AutoCAD
copy process ignored DIMASSOC(#67A48) - this may cause problems in AutoCAD
copy process ignored DIMASSOC(#67A4B) - this may cause problems in AutoCAD
copy process ignored DIMASSOC(#67A50) - this may cause problems in AutoCAD
[PRERENDER] Obra_TREINO_10/HOSPITAL_ASSUNÇÃO-2PAV/PL → renderizado (35KB) [ts=2026-05-23T15:52:57Z]
copy process ignored DIMASSOC(#67C) - this may cause problems in AutoCAD
copy process ignored DIMASSOC(#67F) - this may cause problems in AutoCAD
copy process ignored DIMASSOC(#68B) - this may cause problems in AutoCAD
copy process ignored DIMASSOC(#68E) - this may cause problems in AutoCAD
copy process ignored DIMASSOC(#691) - this may cause problems in AutoCAD
copy process ignored DIMASSOC(#694) - this may cause problems in AutoCAD
copy process ignored DIMASSOC(#6AB) - this may cause problems in AutoCAD
copy process ignored DIMASSOC(#6AE) - this may cause problems in AutoCAD
copy process ignored DIMASSOC(#6B1) - this may cause problems in AutoCAD
copy process ignored DIMASSOC(#6B4) - this may cause problems in AutoCAD
copy process ignored DIMASSOC(#6B7) - this may cause problems in AutoCAD
copy process ignored DIMASSOC(#6BA) - this may cause problems in AutoCAD
copy process ignored DIMASSOC(#6BD) - this may cause problems in AutoCAD
copy process ignored DIMASSOC(#6C0) - this may cause problems in AutoCAD
copy process ignored DIMASSOC(#6C3) - this may cause problems in AutoCAD
copy process ignored DIMASSOC(#6CD) - this may cause problems in AutoCAD
copy process ignored DIMASSOC(#6D0) - this may cause problems in AutoCAD
copy process ignored DIMASSOC(#6D3) - this may cause problems in AutoCAD
copy process ignored DIMASSOC(#6D6) - this may cause problems in AutoCAD
copy process ignored DIMASSOC(#6D9) - this may cause problems in AutoCAD
copy process ignored DIMASSOC(#6E3) - this may cause problems in AutoCAD
copy process ignored DIMASSOC(#6E6) - this may cause problems in AutoCAD
copy process ignored DIMASSOC(#6E9) - this may cause problems in AutoCAD
copy process ignored DIMASSOC(#6EC) - this may cause problems in AutoCAD
copy process ignored DIMASSOC(#6EF) - this may cause problems in AutoCAD
copy process ignored DIMASSOC(#6F9) - this may cause problems in AutoCAD
copy process ignored DIMASSOC(#6FC) - this may cause problems in AutoCAD
copy process ignored DIMASSOC(#6FF) - this may cause problems in AutoCAD
copy process ignored DIMASSOC(#702) - this may cause problems in AutoCAD
copy process ignored DIMASSOC(#705) - this may cause problems in AutoCAD
copy process ignored DIMASSOC(#708) - this may cause problems in AutoCAD
copy process ignored DIMASSOC(#70B) - this may cause problems in AutoCAD
copy process ignored DIMASSOC(#70E) - this may cause problems in AutoCAD
copy process ignored DIMASSOC(#711) - this may cause problems in AutoCAD
copy process ignored DIMASSOC(#719) - this may cause problems in AutoCAD
copy process ignored DIMASSOC(#71D) - this may cause problems in AutoCAD
copy process ignored DIMASSOC(#720) - this may cause problems in AutoCAD
copy process ignored DIMASSOC(#73C) - this may cause problems in AutoCAD
copy process ignored DIMASSOC(#73F) - this may cause problems in AutoCAD
copy process ignored DIMASSOC(#742) - this may cause problems in AutoCAD
copy process ignored DIMASSOC(#745) - this may cause problems in AutoCAD
copy process ignored DIMASSOC(#757) - this may cause problems in AutoCAD
copy process ignored DIMASSOC(#75A) - this may cause problems in AutoCAD
copy process ignored DIMASSOC(#75D) - this may cause problems in AutoCAD
copy process ignored DIMASSOC(#97D) - this may cause problems in AutoCAD
copy process ignored DIMASSOC(#980) - this may cause problems in AutoCAD
copy process ignored DIMASSOC(#98C) - this may cause problems in AutoCAD
copy process ignored DIMASSOC(#98F) - this may cause problems in AutoCAD
copy process ignored DIMASSOC(#992) - this may cause problems in AutoCAD
copy process ignored DIMASSOC(#995) - this may cause problems in AutoCAD
copy process ignored DIMASSOC(#9AC) - this may cause problems in AutoCAD
copy process ignored DIMASSOC(#9AF) - this may cause problems in AutoCAD
copy process ignored DIMASSOC(#9B2) - this may cause problems in AutoCAD
copy process ignored DIMASSOC(#9B5) - this may cause problems in AutoCAD
copy process ignored DIMASSOC(#9B8) - this may cause problems in AutoCAD
copy process ignored DIMASSOC(#9BB) - this may cause problems in AutoCAD
copy process ignored DIMASSOC(#9BE) - this may cause problems in AutoCAD
copy process ignored DIMASSOC(#9C1) - this may cause problems in AutoCAD
copy process ignored DIMASSOC(#9C4) - this may cause problems in AutoCAD
copy process ignored DIMASSOC(#9CE) - this may cause problems in AutoCAD
copy process ignored DIMASSOC(#9D1) - this may cause problems in AutoCAD
copy process ignored DIMASSOC(#9D4) - this may cause problems in AutoCAD
copy process ignored DIMASSOC(#9D7) - this may cause problems in AutoCAD
copy process ignored DIMASSOC(#9DA) - this may cause problems in AutoCAD
copy process ignored DIMASSOC(#9E4) - this may cause problems in AutoCAD
copy process ignored DIMASSOC(#9E7) - this may cause problems in AutoCAD
copy process ignored DIMASSOC(#9EA) - this may cause problems in AutoCAD
copy process ignored DIMASSOC(#9ED) - this may cause problems in AutoCAD
copy process ignored DIMASSOC(#9F0) - this may cause problems in AutoCAD
copy process ignored DIMASSOC(#9FA) - this may cause problems in AutoCAD
copy process ignored DIMASSOC(#9FD) - this may cause problems in AutoCAD
copy process ignored DIMASSOC(#A00) - this may cause problems in AutoCAD
copy process ignored DIMASSOC(#A03) - this may cause problems in AutoCAD
copy process ignored DIMASSOC(#A06) - this may cause problems in AutoCAD
copy process ignored DIMASSOC(#A09) - this may cause problems in AutoCAD
copy process ignored DIMASSOC(#A0C) - this may cause problems in AutoCAD
copy process ignored DIMASSOC(#A0F) - this may cause problems in AutoCAD
copy process ignored DIMASSOC(#A12) - this may cause problems in AutoCAD
copy process ignored DIMASSOC(#A1A) - this may cause problems in AutoCAD
copy process ignored DIMASSOC(#A1E) - this may cause problems in AutoCAD
copy process ignored DIMASSOC(#A21) - this may cause problems in AutoCAD
copy process ignored DIMASSOC(#A3D) - this may cause problems in AutoCAD
copy process ignored DIMASSOC(#A40) - this may cause problems in AutoCAD
copy process ignored DIMASSOC(#A43) - this may cause problems in AutoCAD
copy process ignored DIMASSOC(#A46) - this may cause problems in AutoCAD
copy process ignored DIMASSOC(#A58) - this may cause problems in AutoCAD
copy process ignored DIMASSOC(#A5B) - this may cause problems in AutoCAD
copy process ignored DIMASSOC(#A5E) - this may cause problems in AutoCAD
copy process ignored DIMASSOC(#67A0E) - this may cause problems in AutoCAD
copy process ignored DIMASSOC(#67A11) - this may cause problems in AutoCAD
copy process ignored DIMASSOC(#67A14) - this may cause problems in AutoCAD
copy process ignored DIMASSOC(#67A17) - this may cause problems in AutoCAD
copy process ignored DIMASSOC(#67A1A) - this may cause problems in AutoCAD
copy process ignored DIMASSOC(#67A25) - this may cause problems in AutoCAD
copy process ignored DIMASSOC(#67A28) - this may cause problems in AutoCAD
copy process ignored DIMASSOC(#67A3D) - this may cause problems in AutoCAD
copy process ignored DIMASSOC(#67A48) - this may cause problems in AutoCAD
copy process ignored DIMASSOC(#67A4B) - this may cause problems in AutoCAD
copy process ignored DIMASSOC(#67A50) - this may cause problems in AutoCAD
copy process ignored DIMASSOC(#67A0E) - this may cause problems in AutoCAD
copy process ignored DIMASSOC(#67A11) - this may cause problems in AutoCAD
copy process ignored DIMASSOC(#67A14) - this may cause problems in AutoCAD
copy process ignored DIMASSOC(#67A17) - this may cause problems in AutoCAD
copy process ignored DIMASSOC(#67A1A) - this may cause problems in AutoCAD
copy process ignored DIMASSOC(#67A25) - this may cause problems in AutoCAD
copy process ignored DIMASSOC(#67A28) - this may cause problems in AutoCAD
copy process ignored DIMASSOC(#67A3D) - this may cause problems in AutoCAD
copy process ignored DIMASSOC(#67A48) - this may cause problems in AutoCAD
copy process ignored DIMASSOC(#67A4B) - this may cause problems in AutoCAD
copy process ignored DIMASSOC(#67A50) - this may cause problems in AutoCAD
copy process ignored DIMASSOC(#67C) - this may cause problems in AutoCAD
copy process ignored DIMASSOC(#67F) - this may cause problems in AutoCAD
copy process ignored DIMASSOC(#68B) - this may cause problems in AutoCAD
copy process ignored DIMASSOC(#68E) - this may cause problems in AutoCAD
copy process ignored DIMASSOC(#691) - this may cause problems in AutoCAD
copy process ignored DIMASSOC(#694) - this may cause problems in AutoCAD
copy process ignored DIMASSOC(#6AB) - this may cause problems in AutoCAD
copy process ignored DIMASSOC(#6AE) - this may cause problems in AutoCAD
copy process ignored DIMASSOC(#6B1) - this may cause problems in AutoCAD
copy process ignored DIMASSOC(#6B4) - this may cause problems in AutoCAD
copy process ignored DIMASSOC(#6B7) - this may cause problems in AutoCAD
copy process ignored DIMASSOC(#6BA) - this may cause problems in AutoCAD
copy process ignored DIMASSOC(#6BD) - this may cause problems in AutoCAD
copy process ignored DIMASSOC(#6C0) - this may cause problems in AutoCAD
copy process ignored DIMASSOC(#6C3) - this may cause problems in AutoCAD
copy process ignored DIMASSOC(#6CD) - this may cause problems in AutoCAD
copy process ignored DIMASSOC(#6D0) - this may cause problems in AutoCAD
copy process ignored DIMASSOC(#6D3) - this may cause problems in AutoCAD
copy process ignored DIMASSOC(#6D6) - this may cause problems in AutoCAD
copy process ignored DIMASSOC(#6D9) - this may cause problems in AutoCAD
copy process ignored DIMASSOC(#6E3) - this may cause problems in AutoCAD
copy process ignored DIMASSOC(#6E6) - this may cause problems in AutoCAD
copy process ignored DIMASSOC(#6E9) - this may cause problems in AutoCAD
copy process ignored DIMASSOC(#6EC) - this may cause problems in AutoCAD
copy process ignored DIMASSOC(#6EF) - this may cause problems in AutoCAD
copy process ignored DIMASSOC(#6F9) - this may cause problems in AutoCAD
copy process ignored DIMASSOC(#6FC) - this may cause problems in AutoCAD
copy process ignored DIMASSOC(#6FF) - this may cause problems in AutoCAD
copy process ignored DIMASSOC(#702) - this may cause problems in AutoCAD
copy process ignored DIMASSOC(#705) - this may cause problems in AutoCAD
copy process ignored DIMASSOC(#708) - this may cause problems in AutoCAD
copy process ignored DIMASSOC(#70B) - this may cause problems in AutoCAD
copy process ignored DIMASSOC(#70E) - this may cause problems in AutoCAD
copy process ignored DIMASSOC(#711) - this may cause problems in AutoCAD
copy process ignored DIMASSOC(#719) - this may cause problems in AutoCAD
copy process ignored DIMASSOC(#71D) - this may cause problems in AutoCAD
copy process ignored DIMASSOC(#720) - this may cause problems in AutoCAD
copy process ignored DIMASSOC(#73C) - this may cause problems in AutoCAD
copy process ignored DIMASSOC(#73F) - this may cause problems in AutoCAD
copy process ignored DIMASSOC(#742) - this may cause problems in AutoCAD
copy process ignored DIMASSOC(#745) - this may cause problems in AutoCAD
copy process ignored DIMASSOC(#757) - this may cause problems in AutoCAD
copy process ignored DIMASSOC(#75A) - this may cause problems in AutoCAD
copy process ignored DIMASSOC(#75D) - this may cause problems in AutoCAD
copy process ignored DIMASSOC(#97D) - this may cause problems in AutoCAD
copy process ignored DIMASSOC(#980) - this may cause problems in AutoCAD
copy process ignored DIMASSOC(#98C) - this may cause problems in AutoCAD
copy process ignored DIMASSOC(#98F) - this may cause problems in AutoCAD
copy process ignored DIMASSOC(#992) - this may cause problems in AutoCAD
copy process ignored DIMASSOC(#995) - this may cause problems in AutoCAD
copy process ignored DIMASSOC(#9AC) - this may cause problems in AutoCAD
copy process ignored DIMASSOC(#9AF) - this may cause problems in AutoCAD
copy process ignored DIMASSOC(#9B2) - this may cause problems in AutoCAD
copy process ignored DIMASSOC(#9B5) - this may cause problems in AutoCAD
copy process ignored DIMASSOC(#9B8) - this may cause problems in AutoCAD
copy process ignored DIMASSOC(#9BB) - this may cause problems in AutoCAD
copy process ignored DIMASSOC(#9BE) - this may cause problems in AutoCAD
copy process ignored DIMASSOC(#9C1) - this may cause problems in AutoCAD
copy process ignored DIMASSOC(#9C4) - this may cause problems in AutoCAD
copy process ignored DIMASSOC(#9CE) - this may cause problems in AutoCAD
copy process ignored DIMASSOC(#9D1) - this may cause problems in AutoCAD
copy process ignored DIMASSOC(#9D4) - this may cause problems in AutoCAD
copy process ignored DIMASSOC(#9D7) - this may cause problems in AutoCAD
copy process ignored DIMASSOC(#9DA) - this may cause problems in AutoCAD
copy process ignored DIMASSOC(#9E4) - this may cause problems in AutoCAD
copy process ignored DIMASSOC(#9E7) - this may cause problems in AutoCAD
copy process ignored DIMASSOC(#9EA) - this may cause problems in AutoCAD
copy process ignored DIMASSOC(#9ED) - this may cause problems in AutoCAD
copy process ignored DIMASSOC(#9F0) - this may cause problems in AutoCAD
copy process ignored DIMASSOC(#9FA) - this may cause problems in AutoCAD
copy process ignored DIMASSOC(#9FD) - this may cause problems in AutoCAD
copy process ignored DIMASSOC(#A00) - this may cause problems in AutoCAD
copy process ignored DIMASSOC(#A03) - this may cause problems in AutoCAD
copy process ignored DIMASSOC(#A06) - this may cause problems in AutoCAD
copy process ignored DIMASSOC(#A09) - this may cause problems in AutoCAD
copy process ignored DIMASSOC(#A0C) - this may cause problems in AutoCAD
copy process ignored DIMASSOC(#A0F) - this may cause problems in AutoCAD
copy process ignored DIMASSOC(#A12) - this may cause problems in AutoCAD
copy process ignored DIMASSOC(#A1A) - this may cause problems in AutoCAD
copy process ignored DIMASSOC(#A1E) - this may cause problems in AutoCAD
copy process ignored DIMASSOC(#A21) - this may cause problems in AutoCAD
copy process ignored DIMASSOC(#A3D) - this may cause problems in AutoCAD
copy process ignored DIMASSOC(#A40) - this may cause problems in AutoCAD
copy process ignored DIMASSOC(#A43) - this may cause problems in AutoCAD
copy process ignored DIMASSOC(#A46) - this may cause problems in AutoCAD
copy process ignored DIMASSOC(#A58) - this may cause problems in AutoCAD
copy process ignored DIMASSOC(#A5B) - this may cause problems in AutoCAD
copy process ignored DIMASSOC(#A5E) - this may cause problems in AutoCAD
copy process ignored DIMASSOC(#67A0E) - this may cause problems in AutoCAD
copy process ignored DIMASSOC(#67A11) - this may cause problems in AutoCAD
copy process ignored DIMASSOC(#67A14) - this may cause problems in AutoCAD
copy process ignored DIMASSOC(#67A17) - this may cause problems in AutoCAD
copy process ignored DIMASSOC(#67A1A) - this may cause problems in AutoCAD
copy process ignored DIMASSOC(#67A25) - this may cause problems in AutoCAD
copy process ignored DIMASSOC(#67A28) - this may cause problems in AutoCAD
copy process ignored DIMASSOC(#67A3D) - this may cause problems in AutoCAD
copy process ignored DIMASSOC(#67A48) - this may cause problems in AutoCAD
copy process ignored DIMASSOC(#67A4B) - this may cause problems in AutoCAD
copy process ignored DIMASSOC(#67A50) - this may cause problems in AutoCAD
copy process ignored DIMASSOC(#67A0E) - this may cause problems in AutoCAD
copy process ignored DIMASSOC(#67A11) - this may cause problems in AutoCAD
copy process ignored DIMASSOC(#67A14) - this may cause problems in AutoCAD
copy process ignored DIMASSOC(#67A17) - this may cause problems in AutoCAD
copy process ignored DIMASSOC(#67A1A) - this may cause problems in AutoCAD
copy process ignored DIMASSOC(#67A25) - this may cause problems in AutoCAD
copy process ignored DIMASSOC(#67A28) - this may cause problems in AutoCAD
copy process ignored DIMASSOC(#67A3D) - this may cause problems in AutoCAD
copy process ignored DIMASSOC(#67A48) - this may cause problems in AutoCAD
copy process ignored DIMASSOC(#67A4B) - this may cause problems in AutoCAD
copy process ignored DIMASSOC(#67A50) - this may cause problems in AutoCAD
[PRERENDER] Obra_TREINO_10/HOSPITAL_ASSUNÇÃO-3PAV/PL → renderizado (34KB) [ts=2026-05-23T15:58:42Z]
[PRERENDER] Obra_TREINO_10/TERREO_-_TRECHO_1/FV → renderizado (16KB) [ts=2026-05-23T15:59:39Z]
[PRERENDER] Obra_TREINO_10/TERREO_-_TRECHO_2/FV → renderizado (15KB) [ts=2026-05-23T16:00:21Z]
[PRERENDER] Obra_TREINO_10/TERREO_-_TRECHO_3/FV → renderizado (39KB) [ts=2026-05-23T16:01:07Z]
[PRERENDER] Obra_TREINO_10/TRECHO_3_-_1SS/LV → renderizado (35KB) [ts=2026-05-23T16:59:25Z]
[PRERENDER] Obra_TREINO_10/TRECHO_3_-_1SS/FV → renderizado (28KB) [ts=2026-05-23T17:00:34Z]
[PRERENDER] SKIP Obra_TREINO_10/TRECHO_3_-_2SS/PL — DXF muito grande (651MB > 20MB)
[PRERENDER] SKIP Obra_TREINO_10/TRECHO_3_-_2SS/LV — DXF muito grande (120MB > 20MB)
[PRERENDER] SKIP Obra_TREINO_10/TRECHO_3_-_2SS/FV — DXF muito grande (114MB > 20MB)
copy process ignored DIMASSOC(#1ED19) - this may cause problems in AutoCAD
copy process ignored DIMASSOC(#1ED1C) - this may cause problems in AutoCAD
copy process ignored DIMASSOC(#1ED1F) - this may cause problems in AutoCAD
copy process ignored DIMASSOC(#1ED22) - this may cause problems in AutoCAD
copy process ignored DIMASSOC(#1ED25) - this may cause problems in AutoCAD
copy process ignored DIMASSOC(#1ED30) - this may cause problems in AutoCAD
copy process ignored DIMASSOC(#1ED33) - this may cause problems in AutoCAD
copy process ignored DIMASSOC(#1ED48) - this may cause problems in AutoCAD
copy process ignored DIMASSOC(#1ED52) - this may cause problems in AutoCAD
copy process ignored DIMASSOC(#1ED55) - this may cause problems in AutoCAD
copy process ignored DIMASSOC(#1ED5A) - this may cause problems in AutoCAD
copy process ignored DIMASSOC(#1ED19) - this may cause problems in AutoCAD
copy process ignored DIMASSOC(#1ED1C) - this may cause problems in AutoCAD
copy process ignored DIMASSOC(#1ED1F) - this may cause problems in AutoCAD
copy process ignored DIMASSOC(#1ED22) - this may cause problems in AutoCAD
copy process ignored DIMASSOC(#1ED25) - this may cause problems in AutoCAD
copy process ignored DIMASSOC(#1ED30) - this may cause problems in AutoCAD
copy process ignored DIMASSOC(#1ED33) - this may cause problems in AutoCAD
copy process ignored DIMASSOC(#1ED48) - this may cause problems in AutoCAD
copy process ignored DIMASSOC(#1ED52) - this may cause problems in AutoCAD
copy process ignored DIMASSOC(#1ED55) - this may cause problems in AutoCAD
copy process ignored DIMASSOC(#1ED5A) - this may cause problems in AutoCAD
copy process ignored DIMASSOC(#1ED19) - this may cause problems in AutoCAD
copy process ignored DIMASSOC(#1ED1C) - this may cause problems in AutoCAD
copy process ignored DIMASSOC(#1ED1F) - this may cause problems in AutoCAD
copy process ignored DIMASSOC(#1ED22) - this may cause problems in AutoCAD
copy process ignored DIMASSOC(#1ED25) - this may cause problems in AutoCAD
copy process ignored DIMASSOC(#1ED30) - this may cause problems in AutoCAD
copy process ignored DIMASSOC(#1ED33) - this may cause problems in AutoCAD
copy process ignored DIMASSOC(#1ED48) - this may cause problems in AutoCAD
copy process ignored DIMASSOC(#1ED52) - this may cause problems in AutoCAD
copy process ignored DIMASSOC(#1ED55) - this may cause problems in AutoCAD
copy process ignored DIMASSOC(#1ED5A) - this may cause problems in AutoCAD
copy process ignored DIMASSOC(#1ED19) - this may cause problems in AutoCAD
copy process ignored DIMASSOC(#1ED1C) - this may cause problems in AutoCAD
copy process ignored DIMASSOC(#1ED1F) - this may cause problems in AutoCAD
copy process ignored DIMASSOC(#1ED22) - this may cause problems in AutoCAD
copy process ignored DIMASSOC(#1ED25) - this may cause problems in AutoCAD
copy process ignored DIMASSOC(#1ED30) - this may cause problems in AutoCAD
copy process ignored DIMASSOC(#1ED33) - this may cause problems in AutoCAD
copy process ignored DIMASSOC(#1ED48) - this may cause problems in AutoCAD
copy process ignored DIMASSOC(#1ED52) - this may cause problems in AutoCAD
copy process ignored DIMASSOC(#1ED55) - this may cause problems in AutoCAD
copy process ignored DIMASSOC(#1ED5A) - this may cause problems in AutoCAD
[PRERENDER] Obra_TREINO_10/TRECHO_3_-_TÉRREO/PL → renderizado (35KB) [ts=2026-05-23T17:07:10Z]
[PRERENDER] ERRO render STOG Obra_TREINO_10/TRECHO_3_-_TÉRREO/LV: bad allocation
[PRERENDER] AVISO: não salvou manifest em D:\Agente-cad-PYSIDE\validacao_visual\Obra_TREINO_10\TRECHO_3_-_TÉRREO: 
copy process ignored DIMASSOC(#67C) - this may cause problems in AutoCAD
copy process ignored DIMASSOC(#67F) - this may cause problems in AutoCAD
copy process ignored DIMASSOC(#68B) - this may cause problems in AutoCAD
copy process ignored DIMASSOC(#68E) - this may cause problems in AutoCAD
copy process ignored DIMASSOC(#691) - this may cause problems in AutoCAD
copy process ignored DIMASSOC(#694) - this may cause problems in AutoCAD
copy process ignored DIMASSOC(#6AB) - this may cause problems in AutoCAD
copy process ignored DIMASSOC(#6AE) - this may cause problems in AutoCAD
copy process ignored DIMASSOC(#6B1) - this may cause problems in AutoCAD
copy process ignored DIMASSOC(#6B4) - this may cause problems in AutoCAD
copy process ignored DIMASSOC(#6B7) - this may cause problems in AutoCAD
copy process ignored DIMASSOC(#6BA) - this may cause problems in AutoCAD
copy process ignored DIMASSOC(#6BD) - this may cause problems in AutoCAD
copy process ignored DIMASSOC(#6C0) - this may cause problems in AutoCAD
copy process ignored DIMASSOC(#6C3) - this may cause problems in AutoCAD
copy process ignored DIMASSOC(#6CD) - this may cause problems in AutoCAD
copy process ignored DIMASSOC(#6D0) - this may cause problems in AutoCAD
copy process ignored DIMASSOC(#6D3) - this may cause problems in AutoCAD
copy process ignored DIMASSOC(#6D6) - this may cause problems in AutoCAD
copy process ignored DIMASSOC(#6D9) - this may cause problems in AutoCAD
copy process ignored DIMASSOC(#6E3) - this may cause problems in AutoCAD
copy process ignored DIMASSOC(#6E6) - this may cause problems in AutoCAD
copy process ignored DIMASSOC(#6E9) - this may cause problems in AutoCAD
copy process ignored DIMASSOC(#6EC) - this may cause problems in AutoCAD
copy process ignored DIMASSOC(#6EF) - this may cause problems in AutoCAD
copy process ignored DIMASSOC(#6F9) - this may cause problems in AutoCAD
copy process ignored DIMASSOC(#6FC) - this may cause problems in AutoCAD
copy process ignored DIMASSOC(#6FF) - this may cause problems in AutoCAD
copy process ignored DIMASSOC(#702) - this may cause problems in AutoCAD
copy process ignored DIMASSOC(#705) - this may cause problems in AutoCAD
copy process ignored DIMASSOC(#708) - this may cause problems in AutoCAD
copy process ignored DIMASSOC(#70B) - this may cause problems in AutoCAD
copy process ignored DIMASSOC(#70E) - this may cause problems in AutoCAD
copy process ignored DIMASSOC(#711) - this may cause problems in AutoCAD
copy process ignored DIMASSOC(#719) - this may cause problems in AutoCAD
copy process ignored DIMASSOC(#71D) - this may cause problems in AutoCAD
copy process ignored DIMASSOC(#720) - this may cause problems in AutoCAD
copy process ignored DIMASSOC(#73C) - this may cause problems in AutoCAD
copy process ignored DIMASSOC(#73F) - this may cause problems in AutoCAD
copy process ignored DIMASSOC(#742) - this may cause problems in AutoCAD
copy process ignored DIMASSOC(#745) - this may cause problems in AutoCAD
copy process ignored DIMASSOC(#757) - this may cause problems in AutoCAD
copy process ignored DIMASSOC(#75A) - this may cause problems in AutoCAD
copy process ignored DIMASSOC(#75D) - this may cause problems in AutoCAD
copy process ignored DIMASSOC(#97D) - this may cause problems in AutoCAD
copy process ignored DIMASSOC(#980) - this may cause problems in AutoCAD
copy process ignored DIMASSOC(#98C) - this may cause problems in AutoCAD
copy process ignored DIMASSOC(#98F) - this may cause problems in AutoCAD
copy process ignored DIMASSOC(#992) - this may cause problems in AutoCAD
copy process ignored DIMASSOC(#995) - this may cause problems in AutoCAD
copy process ignored DIMASSOC(#9AC) - this may cause problems in AutoCAD
copy process ignored DIMASSOC(#9AF) - this may cause problems in AutoCAD
copy process ignored DIMASSOC(#9B2) - this may cause problems in AutoCAD
copy process ignored DIMASSOC(#9B5) - this may cause problems in AutoCAD
copy process ignored DIMASSOC(#9B8) - this may cause problems in AutoCAD
copy process ignored DIMASSOC(#9BB) - this may cause problems in AutoCAD
copy process ignored DIMASSOC(#9BE) - this may cause problems in AutoCAD
copy process ignored DIMASSOC(#9C1) - this may cause problems in AutoCAD
copy process ignored DIMASSOC(#9C4) - this may cause problems in AutoCAD
copy process ignored DIMASSOC(#9CE) - this may cause problems in AutoCAD
copy process ignored DIMASSOC(#9D1) - this may cause problems in AutoCAD
copy process ignored DIMASSOC(#9D4) - this may cause problems in AutoCAD
copy process ignored DIMASSOC(#9D7) - this may cause problems in AutoCAD
copy process ignored DIMASSOC(#9DA) - this may cause problems in AutoCAD
copy process ignored DIMASSOC(#9E4) - this may cause problems in AutoCAD
copy process ignored DIMASSOC(#9E7) - this may cause problems in AutoCAD
copy process ignored DIMASSOC(#9EA) - this may cause problems in AutoCAD
copy process ignored DIMASSOC(#9ED) - this may cause problems in AutoCAD
copy process ignored DIMASSOC(#9F0) - this may cause problems in AutoCAD
copy process ignored DIMASSOC(#9FA) - this may cause problems in AutoCAD
copy process ignored DIMASSOC(#9FD) - this may cause problems in AutoCAD
copy process ignored DIMASSOC(#A00) - this may cause problems in AutoCAD
copy process ignored DIMASSOC(#A03) - this may cause problems in AutoCAD
copy process ignored DIMASSOC(#A06) - this may cause problems in AutoCAD
copy process ignored DIMASSOC(#A09) - this may cause problems in AutoCAD
copy process ignored DIMASSOC(#A0C) - this may cause problems in AutoCAD
copy process ignored DIMASSOC(#A0F) - this may cause problems in AutoCAD
copy process ignored DIMASSOC(#A12) - this may cause problems in AutoCAD
copy process ignored DIMASSOC(#A1A) - this may cause problems in AutoCAD
copy process ignored DIMASSOC(#A1E) - this may cause problems in AutoCAD
copy process ignored DIMASSOC(#A21) - this may cause problems in AutoCAD
copy process ignored DIMASSOC(#A3D) - this may cause problems in AutoCAD
copy process ignored DIMASSOC(#A40) - this may cause problems in AutoCAD
copy process ignored DIMASSOC(#A43) - this may cause problems in AutoCAD
copy process ignored DIMASSOC(#A46) - this may cause problems in AutoCAD
copy process ignored DIMASSOC(#A58) - this may cause problems in AutoCAD
copy process ignored DIMASSOC(#A5B) - this may cause problems in AutoCAD
copy process ignored DIMASSOC(#A5E) - this may cause problems in AutoCAD
[PRERENDER] Obra_TREINO_10/TÉRREO_-_TRECHO_1/PL → renderizado (165KB) [ts=2026-05-23T17:18:11Z]
[PRERENDER] SKIP Obra_TREINO_10/TÉRREO_-_TRECHO_1/LV — DXF muito grande (124MB > 20MB)
[PRERENDER] Obra_TREINO_10/TÉRREO_-_TRECHO_2/PL → renderizado (39KB) [ts=2026-05-23T17:19:22Z]
[PRERENDER] SKIP Obra_TREINO_10/TÉRREO_-_TRECHO_2/LV — DXF muito grande (119MB > 20MB)
