2026-01-20 09:20:26,466 - INFO - Iniciando logs de depuração para robo_cima
2026-01-20 09:20:26,466 - INFO - Arquivo de log: logs\depuracao\robo_cima_20260120_092026.log
2026-01-20 09:20:27,181 - INFO - \u2139\ufe0f \U0001f504 Instância do GeradorPilar registrada globalmente
2026-01-20 09:20:27,182 - INFO - \u2139\ufe0f \U0001f504 Globais do pilar especial inicializadas
2026-01-20 09:20:28,789 - INFO - Binds configurados para todos os locks
2026-01-20 09:20:28,803 - INFO - Carregando configurações de layers...
2026-01-20 09:20:28,808 - INFO - Carregando configurações de blocos...
2026-01-20 09:20:28,812 - INFO - Carregando opções de desenho...
2026-01-20 09:20:28,818 - INFO - Configurações carregadas com sucesso!
2026-01-24 15:47:39,471 - INFO - Binds configurados para todos os locks
2026-01-24 15:47:39,485 - INFO - Carregando configurações de layers...
2026-01-24 15:47:39,491 - INFO - Carregando configurações de blocos...
2026-01-24 15:47:39,496 - INFO - Carregando opções de desenho...
2026-01-24 15:47:39,501 - INFO - Configurações carregadas com sucesso!
2026-01-24 15:48:28,965 - INFO - Binds configurados para todos os locks
2026-01-24 15:48:28,972 - INFO - Carregando configurações de layers...
2026-01-24 15:48:28,977 - INFO - Carregando configurações de blocos...
2026-01-24 15:48:28,983 - INFO - Carregando opções de desenho...
2026-01-24 15:48:28,988 - INFO - Configurações carregadas com sucesso!
2026-03-28 10:28:44,973 - INFO - Iniciando logs de depuração para robo_cima
2026-03-28 10:28:44,974 - INFO - Arquivo de log: logs\depuracao\robo_cima_20260328_102844.log
2026-03-28 10:28:45,328 - INFO - Iniciando logs de depuração para robo_cima
2026-03-28 10:28:45,328 - INFO - Arquivo de log: logs\depuracao\robo_cima_20260328_102845.log
2026-03-28 10:28:45,572 - INFO - \u2139\ufe0f \U0001f504 Instância do GeradorPilar registrada globalmente
2026-03-28 10:28:45,572 - INFO - \u2139\ufe0f \U0001f504 Globais do pilar especial inicializadas
2026-03-28 10:28:45,572 - INFO - Aplicação inicializada com sucesso
2026-03-28 10:28:45,572 - INFO - Função calcular_valores iniciada
2026-03-28 10:28:45,572 - INFO - Debug - Comprimento: 88.0, Qtd Parafusos (LEGACY): 2
2026-03-28 10:28:45,572 - INFO - Debug - Distâncias finais (LEGACY): [56, 56, 0, 0, 0, 0, 0, 0]
2026-03-28 10:28:46,012 - INFO - 
----------------------------------------
2026-03-28 10:28:46,012 - INFO - \U0001f4cc VERIFICAÇÃO DE PILAR ESPECIAL ATIVO
2026-03-28 10:28:46,012 - INFO - ----------------------------------------
2026-03-28 10:28:46,013 - INFO - \u2139\ufe0f \U0001f504 Verificando se pilar especial está ativo...
2026-03-28 10:28:46,013 - INFO - \u2139\ufe0f \U0001f504 Status do checkbox pilar_rotacionado_var: False
2026-03-28 10:28:46,013 - INFO - \u2139\ufe0f \U0001f504 Status do checkbox pilar_especial_ativo_var: False
2026-03-28 10:28:46,013 - INFO - \u2139\ufe0f Pilar especial INATIVO - pilar_rotacionado: False, pilar_especial: False, globais: False, tipo: ''
2026-03-28 10:28:46,014 - INFO - 
----------------------------------------
2026-03-28 10:28:46,014 - INFO - \U0001f4cc VERIFICAÇÃO DE PILAR ESPECIAL ATIVO
2026-03-28 10:28:46,014 - INFO - ----------------------------------------
2026-03-28 10:28:46,014 - INFO - \u2139\ufe0f \U0001f504 Verificando se pilar especial está ativo...
2026-03-28 10:28:46,014 - INFO - \u2139\ufe0f \U0001f504 Status do checkbox pilar_rotacionado_var: False
2026-03-28 10:28:46,014 - INFO - \u2139\ufe0f \U0001f504 Status do checkbox pilar_especial_ativo_var: False
2026-03-28 10:28:46,014 - INFO - \u2139\ufe0f Pilar especial INATIVO - pilar_rotacionado: False, pilar_especial: False, globais: False, tipo: ''
2026-03-28 10:28:46,068 - INFO - 
----------------------------------------
2026-03-28 10:28:46,068 - INFO - \U0001f4cc VERIFICAÇÃO DE PILAR ESPECIAL ATIVO
2026-03-28 10:28:46,068 - INFO - ----------------------------------------
2026-03-28 10:28:46,068 - INFO - \u2139\ufe0f \U0001f504 Verificando se pilar especial está ativo...
2026-03-28 10:28:46,068 - INFO - \u2139\ufe0f \U0001f504 Status do checkbox pilar_rotacionado_var: False
2026-03-28 10:28:46,068 - INFO - \u2139\ufe0f \U0001f504 Status do checkbox pilar_especial_ativo_var: False
2026-03-28 10:28:46,068 - INFO - \u2139\ufe0f Pilar especial INATIVO - pilar_rotacionado: False, pilar_especial: False, globais: False, tipo: ''
2026-03-28 10:28:46,069 - INFO - 
----------------------------------------
2026-03-28 10:28:46,069 - INFO - \U0001f4cc VERIFICAÇÃO DE PILAR ESPECIAL ATIVO
2026-03-28 10:28:46,070 - INFO - ----------------------------------------
2026-03-28 10:28:46,070 - INFO - \u2139\ufe0f \U0001f504 Verificando se pilar especial está ativo...
2026-03-28 10:28:46,070 - INFO - \u2139\ufe0f \U0001f504 Status do checkbox pilar_rotacionado_var: False
2026-03-28 10:28:46,070 - INFO - \u2139\ufe0f \U0001f504 Status do checkbox pilar_especial_ativo_var: False
2026-03-28 10:28:46,070 - INFO - \u2139\ufe0f Pilar especial INATIVO - pilar_rotacionado: False, pilar_especial: False, globais: False, tipo: ''
2026-03-28 10:28:46,123 - INFO - 
----------------------------------------
2026-03-28 10:28:46,123 - INFO - \U0001f4cc VERIFICAÇÃO DE PILAR ESPECIAL ATIVO
2026-03-28 10:28:46,123 - INFO - ----------------------------------------
2026-03-28 10:28:46,124 - INFO - \u2139\ufe0f \U0001f504 Verificando se pilar especial está ativo...
2026-03-28 10:28:46,124 - INFO - \u2139\ufe0f \U0001f504 Status do checkbox pilar_rotacionado_var: False
2026-03-28 10:28:46,124 - INFO - \u2139\ufe0f \U0001f504 Status do checkbox pilar_especial_ativo_var: False
2026-03-28 10:28:46,124 - INFO - \u2139\ufe0f Pilar especial INATIVO - pilar_rotacionado: False, pilar_especial: False, globais: False, tipo: ''
2026-03-28 10:28:46,125 - INFO - 
----------------------------------------
2026-03-28 10:28:46,125 - INFO - \U0001f4cc VERIFICAÇÃO DE PILAR ESPECIAL ATIVO
2026-03-28 10:28:46,125 - INFO - ----------------------------------------
2026-03-28 10:28:46,125 - INFO - \u2139\ufe0f \U0001f504 Verificando se pilar especial está ativo...
2026-03-28 10:28:46,125 - INFO - \u2139\ufe0f \U0001f504 Status do checkbox pilar_rotacionado_var: False
2026-03-28 10:28:46,125 - INFO - \u2139\ufe0f \U0001f504 Status do checkbox pilar_especial_ativo_var: False
2026-03-28 10:28:46,125 - INFO - \u2139\ufe0f Pilar especial INATIVO - pilar_rotacionado: False, pilar_especial: False, globais: False, tipo: ''
2026-03-28 10:28:46,179 - INFO - 
----------------------------------------
2026-03-28 10:28:46,179 - INFO - \U0001f4cc VERIFICAÇÃO DE PILAR ESPECIAL ATIVO
2026-03-28 10:28:46,179 - INFO - ----------------------------------------
2026-03-28 10:28:46,179 - INFO - \u2139\ufe0f \U0001f504 Verificando se pilar especial está ativo...
2026-03-28 10:28:46,179 - INFO - \u2139\ufe0f \U0001f504 Status do checkbox pilar_rotacionado_var: False
2026-03-28 10:28:46,179 - INFO - \u2139\ufe0f \U0001f504 Status do checkbox pilar_especial_ativo_var: False
2026-03-28 10:28:46,179 - INFO - \u2139\ufe0f Pilar especial INATIVO - pilar_rotacionado: False, pilar_especial: False, globais: False, tipo: ''
2026-03-28 10:28:46,180 - INFO - 
----------------------------------------
2026-03-28 10:28:46,180 - INFO - \U0001f4cc VERIFICAÇÃO DE PILAR ESPECIAL ATIVO
2026-03-28 10:28:46,180 - INFO - ----------------------------------------
2026-03-28 10:28:46,181 - INFO - \u2139\ufe0f \U0001f504 Verificando se pilar especial está ativo...
2026-03-28 10:28:46,181 - INFO - \u2139\ufe0f \U0001f504 Status do checkbox pilar_rotacionado_var: False
2026-03-28 10:28:46,181 - INFO - \u2139\ufe0f \U0001f504 Status do checkbox pilar_especial_ativo_var: False
2026-03-28 10:28:46,181 - INFO - \u2139\ufe0f Pilar especial INATIVO - pilar_rotacionado: False, pilar_especial: False, globais: False, tipo: ''
2026-03-28 10:28:46,234 - INFO - 
----------------------------------------
2026-03-28 10:28:46,234 - INFO - \U0001f4cc VERIFICAÇÃO DE PILAR ESPECIAL ATIVO
2026-03-28 10:28:46,235 - INFO - ----------------------------------------
2026-03-28 10:28:46,235 - INFO - \u2139\ufe0f \U0001f504 Verificando se pilar especial está ativo...
2026-03-28 10:28:46,235 - INFO - \u2139\ufe0f \U0001f504 Status do checkbox pilar_rotacionado_var: False
2026-03-28 10:28:46,235 - INFO - \u2139\ufe0f \U0001f504 Status do checkbox pilar_especial_ativo_var: False
2026-03-28 10:28:46,235 - INFO - \u2139\ufe0f Pilar especial INATIVO - pilar_rotacionado: False, pilar_especial: False, globais: False, tipo: ''
2026-03-28 10:28:46,236 - INFO - 
----------------------------------------
2026-03-28 10:28:46,236 - INFO - \U0001f4cc VERIFICAÇÃO DE PILAR ESPECIAL ATIVO
2026-03-28 10:28:46,236 - INFO - ----------------------------------------
2026-03-28 10:28:46,236 - INFO - \u2139\ufe0f \U0001f504 Verificando se pilar especial está ativo...
2026-03-28 10:28:46,236 - INFO - \u2139\ufe0f \U0001f504 Status do checkbox pilar_rotacionado_var: False
2026-03-28 10:28:46,236 - INFO - \u2139\ufe0f \U0001f504 Status do checkbox pilar_especial_ativo_var: False
2026-03-28 10:28:46,236 - INFO - \u2139\ufe0f Pilar especial INATIVO - pilar_rotacionado: False, pilar_especial: False, globais: False, tipo: ''
2026-03-28 10:28:46,289 - INFO - 
----------------------------------------
2026-03-28 10:28:46,289 - INFO - \U0001f4cc VERIFICAÇÃO DE PILAR ESPECIAL ATIVO
2026-03-28 10:28:46,289 - INFO - ----------------------------------------
2026-03-28 10:28:46,289 - INFO - \u2139\ufe0f \U0001f504 Verificando se pilar especial está ativo...
2026-03-28 10:28:46,290 - INFO - \u2139\ufe0f \U0001f504 Status do checkbox pilar_rotacionado_var: False
2026-03-28 10:28:46,290 - INFO - \u2139\ufe0f \U0001f504 Status do checkbox pilar_especial_ativo_var: False
2026-03-28 10:28:46,290 - INFO - \u2139\ufe0f Pilar especial INATIVO - pilar_rotacionado: False, pilar_especial: False, globais: False, tipo: ''
2026-03-28 10:28:46,291 - INFO - 
----------------------------------------
2026-03-28 10:28:46,291 - INFO - \U0001f4cc VERIFICAÇÃO DE PILAR ESPECIAL ATIVO
2026-03-28 10:28:46,291 - INFO - ----------------------------------------
2026-03-28 10:28:46,291 - INFO - \u2139\ufe0f \U0001f504 Verificando se pilar especial está ativo...
2026-03-28 10:28:46,291 - INFO - \u2139\ufe0f \U0001f504 Status do checkbox pilar_rotacionado_var: False
2026-03-28 10:28:46,291 - INFO - \u2139\ufe0f \U0001f504 Status do checkbox pilar_especial_ativo_var: False
2026-03-28 10:28:46,291 - INFO - \u2139\ufe0f Pilar especial INATIVO - pilar_rotacionado: False, pilar_especial: False, globais: False, tipo: ''
2026-03-28 10:28:46,345 - INFO - 
----------------------------------------
2026-03-28 10:28:46,345 - INFO - \U0001f4cc VERIFICAÇÃO DE PILAR ESPECIAL ATIVO
2026-03-28 10:28:46,345 - INFO - ----------------------------------------
2026-03-28 10:28:46,345 - INFO - \u2139\ufe0f \U0001f504 Verificando se pilar especial está ativo...
2026-03-28 10:28:46,345 - INFO - \u2139\ufe0f \U0001f504 Status do checkbox pilar_rotacionado_var: False
2026-03-28 10:28:46,345 - INFO - \u2139\ufe0f \U0001f504 Status do checkbox pilar_especial_ativo_var: False
2026-03-28 10:28:46,345 - INFO - \u2139\ufe0f Pilar especial INATIVO - pilar_rotacionado: False, pilar_especial: False, globais: False, tipo: ''
2026-03-28 10:28:46,346 - INFO - 
----------------------------------------
2026-03-28 10:28:46,346 - INFO - \U0001f4cc VERIFICAÇÃO DE PILAR ESPECIAL ATIVO
2026-03-28 10:28:46,347 - INFO - ----------------------------------------
2026-03-28 10:28:46,347 - INFO - \u2139\ufe0f \U0001f504 Verificando se pilar especial está ativo...
2026-03-28 10:28:46,347 - INFO - \u2139\ufe0f \U0001f504 Status do checkbox pilar_rotacionado_var: False
2026-03-28 10:28:46,347 - INFO - \u2139\ufe0f \U0001f504 Status do checkbox pilar_especial_ativo_var: False
2026-03-28 10:28:46,347 - INFO - \u2139\ufe0f Pilar especial INATIVO - pilar_rotacionado: False, pilar_especial: False, globais: False, tipo: ''
2026-03-28 10:28:46,400 - INFO - 
----------------------------------------
2026-03-28 10:28:46,400 - INFO - \U0001f4cc VERIFICAÇÃO DE PILAR ESPECIAL ATIVO
2026-03-28 10:28:46,400 - INFO - ----------------------------------------
2026-03-28 10:28:46,400 - INFO - \u2139\ufe0f \U0001f504 Verificando se pilar especial está ativo...
2026-03-28 10:28:46,400 - INFO - \u2139\ufe0f \U0001f504 Status do checkbox pilar_rotacionado_var: False
2026-03-28 10:28:46,401 - INFO - \u2139\ufe0f \U0001f504 Status do checkbox pilar_especial_ativo_var: False
2026-03-28 10:28:46,401 - INFO - \u2139\ufe0f Pilar especial INATIVO - pilar_rotacionado: False, pilar_especial: False, globais: False, tipo: ''
2026-03-28 10:28:46,402 - INFO - 
----------------------------------------
2026-03-28 10:28:46,402 - INFO - \U0001f4cc VERIFICAÇÃO DE PILAR ESPECIAL ATIVO
2026-03-28 10:28:46,402 - INFO - ----------------------------------------
2026-03-28 10:28:46,402 - INFO - \u2139\ufe0f \U0001f504 Verificando se pilar especial está ativo...
2026-03-28 10:28:46,402 - INFO - \u2139\ufe0f \U0001f504 Status do checkbox pilar_rotacionado_var: False
2026-03-28 10:28:46,402 - INFO - \u2139\ufe0f \U0001f504 Status do checkbox pilar_especial_ativo_var: False
2026-03-28 10:28:46,402 - INFO - \u2139\ufe0f Pilar especial INATIVO - pilar_rotacionado: False, pilar_especial: False, globais: False, tipo: ''
2026-03-28 10:28:46,456 - INFO - 
----------------------------------------
2026-03-28 10:28:46,456 - INFO - \U0001f4cc VERIFICAÇÃO DE PILAR ESPECIAL ATIVO
2026-03-28 10:28:46,456 - INFO - ----------------------------------------
2026-03-28 10:28:46,456 - INFO - \u2139\ufe0f \U0001f504 Verificando se pilar especial está ativo...
2026-03-28 10:28:46,456 - INFO - \u2139\ufe0f \U0001f504 Status do checkbox pilar_rotacionado_var: False
2026-03-28 10:28:46,456 - INFO - \u2139\ufe0f \U0001f504 Status do checkbox pilar_especial_ativo_var: False
2026-03-28 10:28:46,456 - INFO - \u2139\ufe0f Pilar especial INATIVO - pilar_rotacionado: False, pilar_especial: False, globais: False, tipo: ''
2026-03-28 10:28:46,457 - INFO - 
----------------------------------------
2026-03-28 10:28:46,457 - INFO - \U0001f4cc VERIFICAÇÃO DE PILAR ESPECIAL ATIVO
2026-03-28 10:28:46,457 - INFO - ----------------------------------------
2026-03-28 10:28:46,458 - INFO - \u2139\ufe0f \U0001f504 Verificando se pilar especial está ativo...
2026-03-28 10:28:46,458 - INFO - \u2139\ufe0f \U0001f504 Status do checkbox pilar_rotacionado_var: False
2026-03-28 10:28:46,458 - INFO - \u2139\ufe0f \U0001f504 Status do checkbox pilar_especial_ativo_var: False
2026-03-28 10:28:46,458 - INFO - \u2139\ufe0f Pilar especial INATIVO - pilar_rotacionado: False, pilar_especial: False, globais: False, tipo: ''
2026-03-28 10:28:46,513 - INFO - 
----------------------------------------
2026-03-28 10:28:46,513 - INFO - \U0001f4cc VERIFICAÇÃO DE PILAR ESPECIAL ATIVO
2026-03-28 10:28:46,513 - INFO - ----------------------------------------
2026-03-28 10:28:46,513 - INFO - \u2139\ufe0f \U0001f504 Verificando se pilar especial está ativo...
2026-03-28 10:28:46,513 - INFO - \u2139\ufe0f \U0001f504 Status do checkbox pilar_rotacionado_var: False
2026-03-28 10:28:46,513 - INFO - \u2139\ufe0f \U0001f504 Status do checkbox pilar_especial_ativo_var: False
2026-03-28 10:28:46,513 - INFO - \u2139\ufe0f Pilar especial INATIVO - pilar_rotacionado: False, pilar_especial: False, globais: False, tipo: ''
2026-03-28 10:28:46,514 - INFO - 
----------------------------------------
2026-03-28 10:28:46,514 - INFO - \U0001f4cc VERIFICAÇÃO DE PILAR ESPECIAL ATIVO
2026-03-28 10:28:46,514 - INFO - ----------------------------------------
2026-03-28 10:28:46,514 - INFO - \u2139\ufe0f \U0001f504 Verificando se pilar especial está ativo...
2026-03-28 10:28:46,514 - INFO - \u2139\ufe0f \U0001f504 Status do checkbox pilar_rotacionado_var: False
2026-03-28 10:28:46,515 - INFO - \u2139\ufe0f \U0001f504 Status do checkbox pilar_especial_ativo_var: False
2026-03-28 10:28:46,515 - INFO - \u2139\ufe0f Pilar especial INATIVO - pilar_rotacionado: False, pilar_especial: False, globais: False, tipo: ''
2026-03-28 10:28:46,568 - INFO - 
----------------------------------------
2026-03-28 10:28:46,568 - INFO - \U0001f4cc VERIFICAÇÃO DE PILAR ESPECIAL ATIVO
2026-03-28 10:28:46,568 - INFO - ----------------------------------------
2026-03-28 10:28:46,568 - INFO - \u2139\ufe0f \U0001f504 Verificando se pilar especial está ativo...
2026-03-28 10:28:46,568 - INFO - \u2139\ufe0f \U0001f504 Status do checkbox pilar_rotacionado_var: False
2026-03-28 10:28:46,568 - INFO - \u2139\ufe0f \U0001f504 Status do checkbox pilar_especial_ativo_var: False
2026-03-28 10:28:46,568 - INFO - \u2139\ufe0f Pilar especial INATIVO - pilar_rotacionado: False, pilar_especial: False, globais: False, tipo: ''
2026-03-28 10:28:46,570 - INFO - 
----------------------------------------
2026-03-28 10:28:46,570 - INFO - \U0001f4cc VERIFICAÇÃO DE PILAR ESPECIAL ATIVO
2026-03-28 10:28:46,570 - INFO - ----------------------------------------
2026-03-28 10:28:46,570 - INFO - \u2139\ufe0f \U0001f504 Verificando se pilar especial está ativo...
2026-03-28 10:28:46,570 - INFO - \u2139\ufe0f \U0001f504 Status do checkbox pilar_rotacionado_var: False
2026-03-28 10:28:46,570 - INFO - \u2139\ufe0f \U0001f504 Status do checkbox pilar_especial_ativo_var: False
2026-03-28 10:28:46,570 - INFO - \u2139\ufe0f Pilar especial INATIVO - pilar_rotacionado: False, pilar_especial: False, globais: False, tipo: ''
2026-03-28 10:28:46,625 - INFO - 
----------------------------------------
2026-03-28 10:28:46,625 - INFO - \U0001f4cc VERIFICAÇÃO DE PILAR ESPECIAL ATIVO
2026-03-28 10:28:46,625 - INFO - ----------------------------------------
2026-03-28 10:28:46,625 - INFO - \u2139\ufe0f \U0001f504 Verificando se pilar especial está ativo...
2026-03-28 10:28:46,625 - INFO - \u2139\ufe0f \U0001f504 Status do checkbox pilar_rotacionado_var: False
2026-03-28 10:28:46,625 - INFO - \u2139\ufe0f \U0001f504 Status do checkbox pilar_especial_ativo_var: False
2026-03-28 10:28:46,625 - INFO - \u2139\ufe0f Pilar especial INATIVO - pilar_rotacionado: False, pilar_especial: False, globais: False, tipo: ''
2026-03-28 10:28:46,626 - INFO - 
----------------------------------------
2026-03-28 10:28:46,626 - INFO - \U0001f4cc VERIFICAÇÃO DE PILAR ESPECIAL ATIVO
2026-03-28 10:28:46,626 - INFO - ----------------------------------------
2026-03-28 10:28:46,626 - INFO - \u2139\ufe0f \U0001f504 Verificando se pilar especial está ativo...
2026-03-28 10:28:46,626 - INFO - \u2139\ufe0f \U0001f504 Status do checkbox pilar_rotacionado_var: False
2026-03-28 10:28:46,627 - INFO - \u2139\ufe0f \U0001f504 Status do checkbox pilar_especial_ativo_var: False
2026-03-28 10:28:46,627 - INFO - \u2139\ufe0f Pilar especial INATIVO - pilar_rotacionado: False, pilar_especial: False, globais: False, tipo: ''
2026-03-28 10:28:46,680 - INFO - 
----------------------------------------
2026-03-28 10:28:46,680 - INFO - \U0001f4cc VERIFICAÇÃO DE PILAR ESPECIAL ATIVO
2026-03-28 10:28:46,680 - INFO - ----------------------------------------
2026-03-28 10:28:46,680 - INFO - \u2139\ufe0f \U0001f504 Verificando se pilar especial está ativo...
2026-03-28 10:28:46,681 - INFO - \u2139\ufe0f \U0001f504 Status do checkbox pilar_rotacionado_var: False
2026-03-28 10:28:46,681 - INFO - \u2139\ufe0f \U0001f504 Status do checkbox pilar_especial_ativo_var: False
2026-03-28 10:28:46,681 - INFO - \u2139\ufe0f Pilar especial INATIVO - pilar_rotacionado: False, pilar_especial: False, globais: False, tipo: ''
2026-03-28 10:28:46,682 - INFO - 
----------------------------------------
2026-03-28 10:28:46,682 - INFO - \U0001f4cc VERIFICAÇÃO DE PILAR ESPECIAL ATIVO
2026-03-28 10:28:46,682 - INFO - ----------------------------------------
2026-03-28 10:28:46,682 - INFO - \u2139\ufe0f \U0001f504 Verificando se pilar especial está ativo...
2026-03-28 10:28:46,682 - INFO - \u2139\ufe0f \U0001f504 Status do checkbox pilar_rotacionado_var: False
2026-03-28 10:28:46,682 - INFO - \u2139\ufe0f \U0001f504 Status do checkbox pilar_especial_ativo_var: False
2026-03-28 10:28:46,682 - INFO - \u2139\ufe0f Pilar especial INATIVO - pilar_rotacionado: False, pilar_especial: False, globais: False, tipo: ''
2026-03-28 10:28:46,736 - INFO - 
----------------------------------------
2026-03-28 10:28:46,736 - INFO - \U0001f4cc VERIFICAÇÃO DE PILAR ESPECIAL ATIVO
2026-03-28 10:28:46,736 - INFO - ----------------------------------------
2026-03-28 10:28:46,736 - INFO - \u2139\ufe0f \U0001f504 Verificando se pilar especial está ativo...
2026-03-28 10:28:46,736 - INFO - \u2139\ufe0f \U0001f504 Status do checkbox pilar_rotacionado_var: False
2026-03-28 10:28:46,736 - INFO - \u2139\ufe0f \U0001f504 Status do checkbox pilar_especial_ativo_var: False
2026-03-28 10:28:46,737 - INFO - \u2139\ufe0f Pilar especial INATIVO - pilar_rotacionado: False, pilar_especial: False, globais: False, tipo: ''
2026-03-28 10:28:46,738 - INFO - 
----------------------------------------
2026-03-28 10:28:46,738 - INFO - \U0001f4cc VERIFICAÇÃO DE PILAR ESPECIAL ATIVO
2026-03-28 10:28:46,738 - INFO - ----------------------------------------
2026-03-28 10:28:46,738 - INFO - \u2139\ufe0f \U0001f504 Verificando se pilar especial está ativo...
2026-03-28 10:28:46,738 - INFO - \u2139\ufe0f \U0001f504 Status do checkbox pilar_rotacionado_var: False
2026-03-28 10:28:46,738 - INFO - \u2139\ufe0f \U0001f504 Status do checkbox pilar_especial_ativo_var: False
2026-03-28 10:28:46,738 - INFO - \u2139\ufe0f Pilar especial INATIVO - pilar_rotacionado: False, pilar_especial: False, globais: False, tipo: ''
2026-03-28 10:28:46,790 - INFO - 
----------------------------------------
2026-03-28 10:28:46,791 - INFO - \U0001f4cc VERIFICAÇÃO DE PILAR ESPECIAL ATIVO
2026-03-28 10:28:46,791 - INFO - ----------------------------------------
2026-03-28 10:28:46,791 - INFO - \u2139\ufe0f \U0001f504 Verificando se pilar especial está ativo...
2026-03-28 10:28:46,791 - INFO - \u2139\ufe0f \U0001f504 Status do checkbox pilar_rotacionado_var: False
2026-03-28 10:28:46,791 - INFO - \u2139\ufe0f \U0001f504 Status do checkbox pilar_especial_ativo_var: False
2026-03-28 10:28:46,791 - INFO - \u2139\ufe0f Pilar especial INATIVO - pilar_rotacionado: False, pilar_especial: False, globais: False, tipo: ''
2026-03-28 10:28:46,792 - INFO - 
----------------------------------------
2026-03-28 10:28:46,792 - INFO - \U0001f4cc VERIFICAÇÃO DE PILAR ESPECIAL ATIVO
2026-03-28 10:28:46,792 - INFO - ----------------------------------------
2026-03-28 10:28:46,792 - INFO - \u2139\ufe0f \U0001f504 Verificando se pilar especial está ativo...
2026-03-28 10:28:46,792 - INFO - \u2139\ufe0f \U0001f504 Status do checkbox pilar_rotacionado_var: False
2026-03-28 10:28:46,792 - INFO - \u2139\ufe0f \U0001f504 Status do checkbox pilar_especial_ativo_var: False
2026-03-28 10:28:46,792 - INFO - \u2139\ufe0f Pilar especial INATIVO - pilar_rotacionado: False, pilar_especial: False, globais: False, tipo: ''
2026-03-28 10:28:46,849 - INFO - 
----------------------------------------
2026-03-28 10:28:46,849 - INFO - \U0001f4cc VERIFICAÇÃO DE PILAR ESPECIAL ATIVO
2026-03-28 10:28:46,849 - INFO - ----------------------------------------
2026-03-28 10:28:46,849 - INFO - \u2139\ufe0f \U0001f504 Verificando se pilar especial está ativo...
2026-03-28 10:28:46,849 - INFO - \u2139\ufe0f \U0001f504 Status do checkbox pilar_rotacionado_var: False
2026-03-28 10:28:46,849 - INFO - \u2139\ufe0f \U0001f504 Status do checkbox pilar_especial_ativo_var: False
2026-03-28 10:28:46,849 - INFO - \u2139\ufe0f Pilar especial INATIVO - pilar_rotacionado: False, pilar_especial: False, globais: False, tipo: ''
2026-03-28 10:28:46,850 - INFO - 
----------------------------------------
2026-03-28 10:28:46,850 - INFO - \U0001f4cc VERIFICAÇÃO DE PILAR ESPECIAL ATIVO
2026-03-28 10:28:46,850 - INFO - ----------------------------------------
2026-03-28 10:28:46,850 - INFO - \u2139\ufe0f \U0001f504 Verificando se pilar especial está ativo...
2026-03-28 10:28:46,851 - INFO - \u2139\ufe0f \U0001f504 Status do checkbox pilar_rotacionado_var: False
2026-03-28 10:28:46,851 - INFO - \u2139\ufe0f \U0001f504 Status do checkbox pilar_especial_ativo_var: False
2026-03-28 10:28:46,851 - INFO - \u2139\ufe0f Pilar especial INATIVO - pilar_rotacionado: False, pilar_especial: False, globais: False, tipo: ''
2026-03-28 10:28:47,090 - INFO - 
============================================================
2026-03-28 10:28:47,090 - INFO - \U0001f4cb GERAÇÃO DE SCRIPT CIMA
2026-03-28 10:28:47,090 - INFO - ============================================================
2026-03-28 10:28:47,090 - INFO - \u2139\ufe0f \U0001f504 === INÍCIO DO gerar_script() ===
2026-03-28 10:28:47,090 - INFO - \u2139\ufe0f \U0001f504 Estado inicial das globais: ID=2181081455936, len=0
2026-03-28 10:28:47,090 - WARNING - \u26a0\ufe0f _globais_pilar_especial está vazio ou None!
2026-03-28 10:28:47,090 - INFO - \u2139\ufe0f \U0001f504 Status pilar_rotacionado no inicio: False
2026-03-28 10:28:47,090 - INFO - \u2139\ufe0f \U0001f504 Prestes a chamar _verificar_pilar_especial_ativo()...
2026-03-28 10:28:47,090 - INFO - \u2139\ufe0f \U0001f504 Estado das globais ANTES da verificação: False
2026-03-28 10:28:47,091 - INFO - 
----------------------------------------
2026-03-28 10:28:47,091 - INFO - \U0001f4cc VERIFICAÇÃO DE PILAR ESPECIAL ATIVO
2026-03-28 10:28:47,091 - INFO - ----------------------------------------
2026-03-28 10:28:47,091 - INFO - \u2139\ufe0f \U0001f504 Verificando se pilar especial está ativo...
2026-03-28 10:28:47,091 - INFO - \u2139\ufe0f \U0001f504 Status do checkbox pilar_rotacionado_var: False
2026-03-28 10:28:47,091 - INFO - \u2139\ufe0f \U0001f504 Status do checkbox pilar_especial_ativo_var: False
2026-03-28 10:28:47,091 - INFO - \u2139\ufe0f Pilar especial INATIVO - pilar_rotacionado: False, pilar_especial: False, globais: False, tipo: ''
2026-03-28 10:28:47,091 - INFO - \u2139\ufe0f \U0001f504 Resultado da verificação: False
2026-03-28 10:28:47,091 - INFO - \u2139\ufe0f \U0001f504 Estado das globais APÓS a verificação: False
2026-03-28 10:28:47,091 - INFO - \u2139\ufe0f \U0001f504 Pilar especial ativo: False
2026-03-28 10:28:47,091 - INFO - 
----------------------------------------
2026-03-28 10:28:47,091 - INFO - \U0001f4cc APLICAÇÃO DE ALTERAÇÕES PILAR ESPECIAL - PAI.B
2026-03-28 10:28:47,091 - INFO - ----------------------------------------
2026-03-28 10:28:47,091 - INFO - \u2139\ufe0f \U0001f504 Aplicando alterações do pilar especial para PAI.B...
2026-03-28 10:28:47,092 - WARNING - \u26a0\ufe0f Pilar especial INATIVO (sem globais no gerador) - retornando valor original: -51
2026-03-28 10:28:47,092 - WARNING - \u26a0\ufe0f Pilar especial INATIVO (sem globais no gerador) - retornando valor original: 94.0
2026-03-28 10:28:47,092 - WARNING - \u26a0\ufe0f Pilar especial INATIVO (sem globais no gerador) - retornando valor original: 110.0
2026-03-28 10:28:47,092 - INFO - \u2139\ufe0f \U0001f504 PAI.B - Posição X: -51 -> -51
2026-03-28 10:28:47,092 - INFO - \u2139\ufe0f \U0001f504 PAI.B - Posição Y: 94.0 -> 94.0
2026-03-28 10:28:47,092 - INFO - \u2139\ufe0f \U0001f504 PAI.B - Comprimento: 110.0 -> 110.0
2026-03-28 10:28:47,092 - WARNING - \u26a0\ufe0f Pilar especial INATIVO (sem globais no gerador) - retornando valor original: -51
2026-03-28 10:28:47,092 - WARNING - \u26a0\ufe0f Pilar especial INATIVO (sem globais no gerador) - retornando valor original: 70
2026-03-28 10:28:47,092 - WARNING - \u26a0\ufe0f Pilar especial INATIVO (sem globais no gerador) - retornando valor original: 110.0
2026-03-28 10:28:47,092 - INFO - \u2139\ufe0f [REFERENCIA-DINAMICA] Parede esquerda PAI.A FINAL REAL registrada: -51
2026-03-28 10:28:47,092 - WARNING - \u26a0\ufe0f Pilar especial INATIVO (sem globais no gerador) - retornando valor original: -71
2026-03-28 10:28:47,092 - WARNING - \u26a0\ufe0f Pilar especial INATIVO (sem globais no gerador) - retornando valor original: 150.0
2026-03-28 10:28:47,092 - INFO - \u2139\ufe0f \U0001f527 METAL A - posX=-71, posY=61.0, comp=150.0, endX=79.0, largura=7
2026-03-28 10:28:47,093 - WARNING - \u26a0\ufe0f Pilar especial INATIVO (sem globais no gerador) - retornando valor original: -71
2026-03-28 10:28:47,093 - WARNING - \u26a0\ufe0f Pilar especial INATIVO (sem globais no gerador) - retornando valor original: 150.0
2026-03-28 10:28:47,093 - INFO - \u2139\ufe0f \U0001f527 METAL B - posX=-71, posY=103.0, comp=150.0, endX=79.0, largura=7
2026-03-28 10:28:47,094 - INFO - \u2139\ufe0f DEBUG: Valores lidos Grade A - grade1=0.0, grade2=0.0, grade3=0.0, dist1=0.0, dist2=0.0
2026-03-28 10:28:47,094 - INFO - \u2139\ufe0f DEBUG: Condição Grade A - grade1 > 0: False, grade2 > 0: False, grade3 > 0: False
2026-03-28 10:28:47,094 - INFO - \u2139\ufe0f DEBUG: Condição Grade A - grade1 > 0 or grade2 > 0 or grade3 > 0: False
2026-03-28 10:28:47,094 - INFO - \u2139\ufe0f GRA.A total=0.0 => comprimentos=[0.0, 0.0, 0.0], espacos=[0.0, 0.0]
2026-03-28 10:28:47,094 - INFO - \u2139\ufe0f DEBUG: Valores lidos Grade B - grade1_grupo2=0.0, grade2_grupo2=0.0, grade3_grupo2=0.0, dist1_grupo2=0.0, dist2_grupo2=0.0
2026-03-28 10:28:47,094 - INFO - \u2139\ufe0f DEBUG: Condição Grade B - grade1_grupo2 > 0: False, grade2_grupo2 > 0: False, grade3_grupo2 > 0: False
2026-03-28 10:28:47,094 - INFO - \u2139\ufe0f DEBUG: Condição Grade B - grade1_grupo2 > 0 or grade2_grupo2 > 0 or grade3_grupo2 > 0: False
2026-03-28 10:28:47,094 - INFO - \u2139\ufe0f GRA.B total=0.0 => comprimentos=[0.0, 0.0, 0.0], espacos=[0.0, 0.0]
2026-03-28 10:28:47,096 - WARNING - \u26a0\ufe0f Pilar especial INATIVO (sem globais no gerador) - retornando valor original: -52
2026-03-28 10:28:47,096 - INFO - Debug - Scale factor obtido: 2 (tipo: <class 'int'>)
2026-03-28 10:28:47,096 - INFO - 
----------------------------------------
2026-03-28 10:28:47,096 - INFO - \U0001f4cc VERIFICAÇÃO DE PILAR ESPECIAL ATIVO
2026-03-28 10:28:47,096 - INFO - ----------------------------------------
2026-03-28 10:28:47,096 - INFO - \u2139\ufe0f \U0001f504 Verificando se pilar especial está ativo...
2026-03-28 10:28:47,096 - INFO - \u2139\ufe0f \U0001f504 Status do checkbox pilar_rotacionado_var: False
2026-03-28 10:28:47,096 - INFO - \u2139\ufe0f \U0001f504 Status do checkbox pilar_especial_ativo_var: False
2026-03-28 10:28:47,096 - INFO - \u2139\ufe0f Pilar especial INATIVO - pilar_rotacionado: False, pilar_especial: False, globais: False, tipo: ''
2026-03-28 10:28:47,097 - INFO - PILAR COMUM - Largura 24.0cm < 40cm, parafusos horizontais não aplicados
2026-03-28 10:28:47,097 - INFO - 
----------------------------------------
2026-03-28 10:28:47,097 - INFO - \U0001f4cc DECISÃO DE COMANDO SCALE/ROTATE
2026-03-28 10:28:47,097 - INFO - ----------------------------------------
2026-03-28 10:28:47,097 - INFO - \u2139\ufe0f \U0001f504 Verificando qual comando usar (SCALE ou ROTATE)...
2026-03-28 10:28:47,097 - INFO - \u2139\ufe0f \U0001f504 Status pilar_rotacionado = False, usar_scale = True
2026-03-28 10:28:47,097 - INFO - \u2139\ufe0f \u2705 Usando _SCALE
2026-03-28 10:28:47,097 - INFO - \u2139\ufe0f \U0001f504 Verificando se é pilar especial: False
2026-03-28 10:28:47,097 - INFO - \u2139\ufe0f \u2705 Pilar normal - usando valores padrão no _SCALE
2026-03-28 10:28:47,097 - INFO - \u2139\ufe0f \u2705 Script gerado com sucesso!
2026-03-28 10:28:47,097 - INFO - \U0001f504 Script gerado: Tamanho: 2272 caracteres
2026-03-28 10:28:47,097 - INFO - 
============================================================
2026-03-28 10:28:47,097 - INFO - \U0001f4cb FIM DA GERAÇÃO DE SCRIPT CIMA
2026-03-28 10:28:47,097 - INFO - ============================================================
2026-03-28 10:28:47,521 - INFO - Binds configurados para todos os locks
2026-03-28 10:28:47,525 - INFO - Carregando configurações de layers...
2026-03-28 10:28:47,528 - INFO - Carregando configurações de blocos...
2026-03-28 10:28:47,531 - INFO - Carregando opções de desenho...
2026-03-28 10:28:47,534 - INFO - Configurações carregadas com sucesso!
2026-03-28 10:28:47,534 - INFO - Aplicação inicializada com sucesso
2026-03-28 10:28:47,540 - INFO - Posição da laje A atualizada para 5 (PE=425.0, LAJE=0.0, DIV=120)
2026-03-28 10:28:47,545 - INFO - Posição da laje A atualizada para 5 (PE=425.0, LAJE=0.0, DIV=120)
2026-03-28 10:28:47,550 - INFO - Posição da laje B atualizada para 5 (PE=425.0, LAJE=0.0, DIV=120)
2026-03-28 10:28:47,555 - INFO - Posição da laje B atualizada para 5 (PE=425.0, LAJE=0.0, DIV=120)
2026-03-28 10:28:47,560 - INFO - Posição da laje C atualizada para 3 (PE=425.0, LAJE=0.0, DIV=242)
2026-03-28 10:28:47,565 - INFO - Posição da laje C atualizada para 3 (PE=425.0, LAJE=0.0, DIV=242)
2026-03-28 10:28:47,569 - INFO - Posição da laje D atualizada para 3 (PE=425.0, LAJE=0.0, DIV=242)
2026-03-28 10:28:47,574 - INFO - Posição da laje D atualizada para 3 (PE=425.0, LAJE=0.0, DIV=242)
2026-03-28 10:28:47,577 - INFO - Altura Painel A: 0.0 cm
2026-03-28 10:28:47,577 - INFO - Altura Painel A: 0.0 cm
2026-03-28 10:28:47,578 - INFO - Altura Painel A: 0.0 cm
2026-03-28 10:28:47,578 - INFO - Altura Painel A: 0.0 cm
2026-03-28 10:28:47,578 - INFO - Altura Painel A: 0.0 cm
2026-03-28 10:28:47,578 - INFO - [SCRIPT 1] Laje A para PD: 0.0 cm
2026-03-28 10:28:47,578 - INFO - PD calculado: 0.0cm (0,00m)
2026-03-28 10:28:47,578 - INFO - Tipo de moldura configurado: MULDURA
2026-03-28 10:28:47,578 - INFO - Usando configuração padrão MULDURA
2026-03-28 10:28:47,578 - INFO - Posições: A(-6920), B(-6620.0), C(-6320.0), D(-6090.0)
2026-03-28 10:28:47,578 - INFO - Script gerado com sucesso!
2026-03-28 10:28:47,580 - INFO - Script salvo como: P1_ABCD.scr
2026-03-28 10:29:00,600 - INFO - Iniciando logs de depuração para robo_cima
2026-03-28 10:29:00,600 - INFO - Arquivo de log: logs\depuracao\robo_cima_20260328_102900.log
2026-03-28 10:29:00,951 - INFO - Iniciando logs de depuração para robo_cima
2026-03-28 10:29:00,952 - INFO - Arquivo de log: logs\depuracao\robo_cima_20260328_102900.log
2026-03-28 10:29:01,201 - INFO - \u2139\ufe0f \U0001f504 Instância do GeradorPilar registrada globalmente
2026-03-28 10:29:01,202 - INFO - \u2139\ufe0f \U0001f504 Globais do pilar especial inicializadas
2026-03-28 10:29:01,202 - INFO - Aplicação inicializada com sucesso
2026-03-28 10:29:01,202 - INFO - Função calcular_valores iniciada
2026-03-28 10:29:01,202 - INFO - Debug - Comprimento: 88.0, Qtd Parafusos (LEGACY): 2
2026-03-28 10:29:01,202 - INFO - Debug - Distâncias finais (LEGACY): [56, 56, 0, 0, 0, 0, 0, 0]
2026-03-28 10:29:01,645 - INFO - 
----------------------------------------
2026-03-28 10:29:01,645 - INFO - \U0001f4cc VERIFICAÇÃO DE PILAR ESPECIAL ATIVO
2026-03-28 10:29:01,645 - INFO - ----------------------------------------
2026-03-28 10:29:01,645 - INFO - \u2139\ufe0f \U0001f504 Verificando se pilar especial está ativo...
2026-03-28 10:29:01,645 - INFO - \u2139\ufe0f \U0001f504 Status do checkbox pilar_rotacionado_var: False
2026-03-28 10:29:01,645 - INFO - \u2139\ufe0f \U0001f504 Status do checkbox pilar_especial_ativo_var: False
2026-03-28 10:29:01,646 - INFO - \u2139\ufe0f Pilar especial INATIVO - pilar_rotacionado: False, pilar_especial: False, globais: False, tipo: ''
2026-03-28 10:29:01,647 - INFO - 
----------------------------------------
2026-03-28 10:29:01,647 - INFO - \U0001f4cc VERIFICAÇÃO DE PILAR ESPECIAL ATIVO
2026-03-28 10:29:01,647 - INFO - ----------------------------------------
2026-03-28 10:29:01,647 - INFO - \u2139\ufe0f \U0001f504 Verificando se pilar especial está ativo...
2026-03-28 10:29:01,647 - INFO - \u2139\ufe0f \U0001f504 Status do checkbox pilar_rotacionado_var: False
2026-03-28 10:29:01,647 - INFO - \u2139\ufe0f \U0001f504 Status do checkbox pilar_especial_ativo_var: False
2026-03-28 10:29:01,647 - INFO - \u2139\ufe0f Pilar especial INATIVO - pilar_rotacionado: False, pilar_especial: False, globais: False, tipo: ''
2026-03-28 10:29:01,701 - INFO - 
----------------------------------------
2026-03-28 10:29:01,701 - INFO - \U0001f4cc VERIFICAÇÃO DE PILAR ESPECIAL ATIVO
2026-03-28 10:29:01,701 - INFO - ----------------------------------------
2026-03-28 10:29:01,701 - INFO - \u2139\ufe0f \U0001f504 Verificando se pilar especial está ativo...
2026-03-28 10:29:01,701 - INFO - \u2139\ufe0f \U0001f504 Status do checkbox pilar_rotacionado_var: False
2026-03-28 10:29:01,701 - INFO - \u2139\ufe0f \U0001f504 Status do checkbox pilar_especial_ativo_var: False
2026-03-28 10:29:01,701 - INFO - \u2139\ufe0f Pilar especial INATIVO - pilar_rotacionado: False, pilar_especial: False, globais: False, tipo: ''
2026-03-28 10:29:01,702 - INFO - 
----------------------------------------
2026-03-28 10:29:01,703 - INFO - \U0001f4cc VERIFICAÇÃO DE PILAR ESPECIAL ATIVO
2026-03-28 10:29:01,703 - INFO - ----------------------------------------
2026-03-28 10:29:01,703 - INFO - \u2139\ufe0f \U0001f504 Verificando se pilar especial está ativo...
2026-03-28 10:29:01,703 - INFO - \u2139\ufe0f \U0001f504 Status do checkbox pilar_rotacionado_var: False
2026-03-28 10:29:01,703 - INFO - \u2139\ufe0f \U0001f504 Status do checkbox pilar_especial_ativo_var: False
2026-03-28 10:29:01,703 - INFO - \u2139\ufe0f Pilar especial INATIVO - pilar_rotacionado: False, pilar_especial: False, globais: False, tipo: ''
2026-03-28 10:29:01,757 - INFO - 
----------------------------------------
2026-03-28 10:29:01,757 - INFO - \U0001f4cc VERIFICAÇÃO DE PILAR ESPECIAL ATIVO
2026-03-28 10:29:01,757 - INFO - ----------------------------------------
2026-03-28 10:29:01,757 - INFO - \u2139\ufe0f \U0001f504 Verificando se pilar especial está ativo...
2026-03-28 10:29:01,757 - INFO - \u2139\ufe0f \U0001f504 Status do checkbox pilar_rotacionado_var: False
2026-03-28 10:29:01,757 - INFO - \u2139\ufe0f \U0001f504 Status do checkbox pilar_especial_ativo_var: False
2026-03-28 10:29:01,757 - INFO - \u2139\ufe0f Pilar especial INATIVO - pilar_rotacionado: False, pilar_especial: False, globais: False, tipo: ''
2026-03-28 10:29:01,759 - INFO - 
----------------------------------------
2026-03-28 10:29:01,759 - INFO - \U0001f4cc VERIFICAÇÃO DE PILAR ESPECIAL ATIVO
2026-03-28 10:29:01,759 - INFO - ----------------------------------------
2026-03-28 10:29:01,759 - INFO - \u2139\ufe0f \U0001f504 Verificando se pilar especial está ativo...
2026-03-28 10:29:01,759 - INFO - \u2139\ufe0f \U0001f504 Status do checkbox pilar_rotacionado_var: False
2026-03-28 10:29:01,759 - INFO - \u2139\ufe0f \U0001f504 Status do checkbox pilar_especial_ativo_var: False
2026-03-28 10:29:01,759 - INFO - \u2139\ufe0f Pilar especial INATIVO - pilar_rotacionado: False, pilar_especial: False, globais: False, tipo: ''
2026-03-28 10:29:01,812 - INFO - 
----------------------------------------
2026-03-28 10:29:01,812 - INFO - \U0001f4cc VERIFICAÇÃO DE PILAR ESPECIAL ATIVO
2026-03-28 10:29:01,812 - INFO - ----------------------------------------
2026-03-28 10:29:01,812 - INFO - \u2139\ufe0f \U0001f504 Verificando se pilar especial está ativo...
2026-03-28 10:29:01,812 - INFO - \u2139\ufe0f \U0001f504 Status do checkbox pilar_rotacionado_var: False
2026-03-28 10:29:01,812 - INFO - \u2139\ufe0f \U0001f504 Status do checkbox pilar_especial_ativo_var: False
2026-03-28 10:29:01,812 - INFO - \u2139\ufe0f Pilar especial INATIVO - pilar_rotacionado: False, pilar_especial: False, globais: False, tipo: ''
2026-03-28 10:29:01,813 - INFO - 
----------------------------------------
2026-03-28 10:29:01,813 - INFO - \U0001f4cc VERIFICAÇÃO DE PILAR ESPECIAL ATIVO
2026-03-28 10:29:01,813 - INFO - ----------------------------------------
2026-03-28 10:29:01,813 - INFO - \u2139\ufe0f \U0001f504 Verificando se pilar especial está ativo...
2026-03-28 10:29:01,814 - INFO - \u2139\ufe0f \U0001f504 Status do checkbox pilar_rotacionado_var: False
2026-03-28 10:29:01,814 - INFO - \u2139\ufe0f \U0001f504 Status do checkbox pilar_especial_ativo_var: False
2026-03-28 10:29:01,814 - INFO - \u2139\ufe0f Pilar especial INATIVO - pilar_rotacionado: False, pilar_especial: False, globais: False, tipo: ''
2026-03-28 10:29:01,867 - INFO - 
----------------------------------------
2026-03-28 10:29:01,867 - INFO - \U0001f4cc VERIFICAÇÃO DE PILAR ESPECIAL ATIVO
2026-03-28 10:29:01,867 - INFO - ----------------------------------------
2026-03-28 10:29:01,867 - INFO - \u2139\ufe0f \U0001f504 Verificando se pilar especial está ativo...
2026-03-28 10:29:01,867 - INFO - \u2139\ufe0f \U0001f504 Status do checkbox pilar_rotacionado_var: False
2026-03-28 10:29:01,867 - INFO - \u2139\ufe0f \U0001f504 Status do checkbox pilar_especial_ativo_var: False
2026-03-28 10:29:01,867 - INFO - \u2139\ufe0f Pilar especial INATIVO - pilar_rotacionado: False, pilar_especial: False, globais: False, tipo: ''
2026-03-28 10:29:01,868 - INFO - 
----------------------------------------
2026-03-28 10:29:01,869 - INFO - \U0001f4cc VERIFICAÇÃO DE PILAR ESPECIAL ATIVO
2026-03-28 10:29:01,869 - INFO - ----------------------------------------
2026-03-28 10:29:01,869 - INFO - \u2139\ufe0f \U0001f504 Verificando se pilar especial está ativo...
2026-03-28 10:29:01,869 - INFO - \u2139\ufe0f \U0001f504 Status do checkbox pilar_rotacionado_var: False
2026-03-28 10:29:01,869 - INFO - \u2139\ufe0f \U0001f504 Status do checkbox pilar_especial_ativo_var: False
2026-03-28 10:29:01,869 - INFO - \u2139\ufe0f Pilar especial INATIVO - pilar_rotacionado: False, pilar_especial: False, globais: False, tipo: ''
2026-03-28 10:29:01,923 - INFO - 
----------------------------------------
2026-03-28 10:29:01,923 - INFO - \U0001f4cc VERIFICAÇÃO DE PILAR ESPECIAL ATIVO
2026-03-28 10:29:01,923 - INFO - ----------------------------------------
2026-03-28 10:29:01,923 - INFO - \u2139\ufe0f \U0001f504 Verificando se pilar especial está ativo...
2026-03-28 10:29:01,923 - INFO - \u2139\ufe0f \U0001f504 Status do checkbox pilar_rotacionado_var: False
2026-03-28 10:29:01,923 - INFO - \u2139\ufe0f \U0001f504 Status do checkbox pilar_especial_ativo_var: False
2026-03-28 10:29:01,924 - INFO - \u2139\ufe0f Pilar especial INATIVO - pilar_rotacionado: False, pilar_especial: False, globais: False, tipo: ''
2026-03-28 10:29:01,925 - INFO - 
----------------------------------------
2026-03-28 10:29:01,925 - INFO - \U0001f4cc VERIFICAÇÃO DE PILAR ESPECIAL ATIVO
2026-03-28 10:29:01,925 - INFO - ----------------------------------------
2026-03-28 10:29:01,925 - INFO - \u2139\ufe0f \U0001f504 Verificando se pilar especial está ativo...
2026-03-28 10:29:01,925 - INFO - \u2139\ufe0f \U0001f504 Status do checkbox pilar_rotacionado_var: False
2026-03-28 10:29:01,925 - INFO - \u2139\ufe0f \U0001f504 Status do checkbox pilar_especial_ativo_var: False
2026-03-28 10:29:01,925 - INFO - \u2139\ufe0f Pilar especial INATIVO - pilar_rotacionado: False, pilar_especial: False, globais: False, tipo: ''
2026-03-28 10:29:01,978 - INFO - 
----------------------------------------
2026-03-28 10:29:01,978 - INFO - \U0001f4cc VERIFICAÇÃO DE PILAR ESPECIAL ATIVO
2026-03-28 10:29:01,979 - INFO - ----------------------------------------
2026-03-28 10:29:01,979 - INFO - \u2139\ufe0f \U0001f504 Verificando se pilar especial está ativo...
2026-03-28 10:29:01,979 - INFO - \u2139\ufe0f \U0001f504 Status do checkbox pilar_rotacionado_var: False
2026-03-28 10:29:01,979 - INFO - \u2139\ufe0f \U0001f504 Status do checkbox pilar_especial_ativo_var: False
2026-03-28 10:29:01,979 - INFO - \u2139\ufe0f Pilar especial INATIVO - pilar_rotacionado: False, pilar_especial: False, globais: False, tipo: ''
2026-03-28 10:29:01,980 - INFO - 
----------------------------------------
2026-03-28 10:29:01,980 - INFO - \U0001f4cc VERIFICAÇÃO DE PILAR ESPECIAL ATIVO
2026-03-28 10:29:01,980 - INFO - ----------------------------------------
2026-03-28 10:29:01,980 - INFO - \u2139\ufe0f \U0001f504 Verificando se pilar especial está ativo...
2026-03-28 10:29:01,980 - INFO - \u2139\ufe0f \U0001f504 Status do checkbox pilar_rotacionado_var: False
2026-03-28 10:29:01,980 - INFO - \u2139\ufe0f \U0001f504 Status do checkbox pilar_especial_ativo_var: False
2026-03-28 10:29:01,980 - INFO - \u2139\ufe0f Pilar especial INATIVO - pilar_rotacionado: False, pilar_especial: False, globais: False, tipo: ''
2026-03-28 10:29:02,034 - INFO - 
----------------------------------------
2026-03-28 10:29:02,034 - INFO - \U0001f4cc VERIFICAÇÃO DE PILAR ESPECIAL ATIVO
2026-03-28 10:29:02,034 - INFO - ----------------------------------------
2026-03-28 10:29:02,034 - INFO - \u2139\ufe0f \U0001f504 Verificando se pilar especial está ativo...
2026-03-28 10:29:02,034 - INFO - \u2139\ufe0f \U0001f504 Status do checkbox pilar_rotacionado_var: False
2026-03-28 10:29:02,034 - INFO - \u2139\ufe0f \U0001f504 Status do checkbox pilar_especial_ativo_var: False
2026-03-28 10:29:02,034 - INFO - \u2139\ufe0f Pilar especial INATIVO - pilar_rotacionado: False, pilar_especial: False, globais: False, tipo: ''
2026-03-28 10:29:02,035 - INFO - 
----------------------------------------
2026-03-28 10:29:02,035 - INFO - \U0001f4cc VERIFICAÇÃO DE PILAR ESPECIAL ATIVO
2026-03-28 10:29:02,035 - INFO - ----------------------------------------
2026-03-28 10:29:02,036 - INFO - \u2139\ufe0f \U0001f504 Verificando se pilar especial está ativo...
2026-03-28 10:29:02,036 - INFO - \u2139\ufe0f \U0001f504 Status do checkbox pilar_rotacionado_var: False
2026-03-28 10:29:02,036 - INFO - \u2139\ufe0f \U0001f504 Status do checkbox pilar_especial_ativo_var: False
2026-03-28 10:29:02,036 - INFO - \u2139\ufe0f Pilar especial INATIVO - pilar_rotacionado: False, pilar_especial: False, globais: False, tipo: ''
2026-03-28 10:29:02,089 - INFO - 
----------------------------------------
2026-03-28 10:29:02,089 - INFO - \U0001f4cc VERIFICAÇÃO DE PILAR ESPECIAL ATIVO
2026-03-28 10:29:02,089 - INFO - ----------------------------------------
2026-03-28 10:29:02,090 - INFO - \u2139\ufe0f \U0001f504 Verificando se pilar especial está ativo...
2026-03-28 10:29:02,090 - INFO - \u2139\ufe0f \U0001f504 Status do checkbox pilar_rotacionado_var: False
2026-03-28 10:29:02,090 - INFO - \u2139\ufe0f \U0001f504 Status do checkbox pilar_especial_ativo_var: False
2026-03-28 10:29:02,090 - INFO - \u2139\ufe0f Pilar especial INATIVO - pilar_rotacionado: False, pilar_especial: False, globais: False, tipo: ''
2026-03-28 10:29:02,091 - INFO - 
----------------------------------------
2026-03-28 10:29:02,091 - INFO - \U0001f4cc VERIFICAÇÃO DE PILAR ESPECIAL ATIVO
2026-03-28 10:29:02,091 - INFO - ----------------------------------------
2026-03-28 10:29:02,091 - INFO - \u2139\ufe0f \U0001f504 Verificando se pilar especial está ativo...
2026-03-28 10:29:02,091 - INFO - \u2139\ufe0f \U0001f504 Status do checkbox pilar_rotacionado_var: False
2026-03-28 10:29:02,091 - INFO - \u2139\ufe0f \U0001f504 Status do checkbox pilar_especial_ativo_var: False
2026-03-28 10:29:02,091 - INFO - \u2139\ufe0f Pilar especial INATIVO - pilar_rotacionado: False, pilar_especial: False, globais: False, tipo: ''
2026-03-28 10:29:02,146 - INFO - 
----------------------------------------
2026-03-28 10:29:02,146 - INFO - \U0001f4cc VERIFICAÇÃO DE PILAR ESPECIAL ATIVO
2026-03-28 10:29:02,147 - INFO - ----------------------------------------
2026-03-28 10:29:02,147 - INFO - \u2139\ufe0f \U0001f504 Verificando se pilar especial está ativo...
2026-03-28 10:29:02,147 - INFO - \u2139\ufe0f \U0001f504 Status do checkbox pilar_rotacionado_var: False
2026-03-28 10:29:02,147 - INFO - \u2139\ufe0f \U0001f504 Status do checkbox pilar_especial_ativo_var: False
2026-03-28 10:29:02,147 - INFO - \u2139\ufe0f Pilar especial INATIVO - pilar_rotacionado: False, pilar_especial: False, globais: False, tipo: ''
2026-03-28 10:29:02,148 - INFO - 
----------------------------------------
2026-03-28 10:29:02,148 - INFO - \U0001f4cc VERIFICAÇÃO DE PILAR ESPECIAL ATIVO
2026-03-28 10:29:02,148 - INFO - ----------------------------------------
2026-03-28 10:29:02,148 - INFO - \u2139\ufe0f \U0001f504 Verificando se pilar especial está ativo...
2026-03-28 10:29:02,148 - INFO - \u2139\ufe0f \U0001f504 Status do checkbox pilar_rotacionado_var: False
2026-03-28 10:29:02,148 - INFO - \u2139\ufe0f \U0001f504 Status do checkbox pilar_especial_ativo_var: False
2026-03-28 10:29:02,148 - INFO - \u2139\ufe0f Pilar especial INATIVO - pilar_rotacionado: False, pilar_especial: False, globais: False, tipo: ''
2026-03-28 10:29:02,202 - INFO - 
----------------------------------------
2026-03-28 10:29:02,202 - INFO - \U0001f4cc VERIFICAÇÃO DE PILAR ESPECIAL ATIVO
2026-03-28 10:29:02,202 - INFO - ----------------------------------------
2026-03-28 10:29:02,202 - INFO - \u2139\ufe0f \U0001f504 Verificando se pilar especial está ativo...
2026-03-28 10:29:02,202 - INFO - \u2139\ufe0f \U0001f504 Status do checkbox pilar_rotacionado_var: False
2026-03-28 10:29:02,202 - INFO - \u2139\ufe0f \U0001f504 Status do checkbox pilar_especial_ativo_var: False
2026-03-28 10:29:02,202 - INFO - \u2139\ufe0f Pilar especial INATIVO - pilar_rotacionado: False, pilar_especial: False, globais: False, tipo: ''
2026-03-28 10:29:02,204 - INFO - 
----------------------------------------
2026-03-28 10:29:02,204 - INFO - \U0001f4cc VERIFICAÇÃO DE PILAR ESPECIAL ATIVO
2026-03-28 10:29:02,204 - INFO - ----------------------------------------
2026-03-28 10:29:02,204 - INFO - \u2139\ufe0f \U0001f504 Verificando se pilar especial está ativo...
2026-03-28 10:29:02,204 - INFO - \u2139\ufe0f \U0001f504 Status do checkbox pilar_rotacionado_var: False
2026-03-28 10:29:02,204 - INFO - \u2139\ufe0f \U0001f504 Status do checkbox pilar_especial_ativo_var: False
2026-03-28 10:29:02,204 - INFO - \u2139\ufe0f Pilar especial INATIVO - pilar_rotacionado: False, pilar_especial: False, globais: False, tipo: ''
2026-03-28 10:29:02,257 - INFO - 
----------------------------------------
2026-03-28 10:29:02,258 - INFO - \U0001f4cc VERIFICAÇÃO DE PILAR ESPECIAL ATIVO
2026-03-28 10:29:02,258 - INFO - ----------------------------------------
2026-03-28 10:29:02,258 - INFO - \u2139\ufe0f \U0001f504 Verificando se pilar especial está ativo...
2026-03-28 10:29:02,258 - INFO - \u2139\ufe0f \U0001f504 Status do checkbox pilar_rotacionado_var: False
2026-03-28 10:29:02,258 - INFO - \u2139\ufe0f \U0001f504 Status do checkbox pilar_especial_ativo_var: False
2026-03-28 10:29:02,258 - INFO - \u2139\ufe0f Pilar especial INATIVO - pilar_rotacionado: False, pilar_especial: False, globais: False, tipo: ''
2026-03-28 10:29:02,259 - INFO - 
----------------------------------------
2026-03-28 10:29:02,259 - INFO - \U0001f4cc VERIFICAÇÃO DE PILAR ESPECIAL ATIVO
2026-03-28 10:29:02,259 - INFO - ----------------------------------------
2026-03-28 10:29:02,259 - INFO - \u2139\ufe0f \U0001f504 Verificando se pilar especial está ativo...
2026-03-28 10:29:02,259 - INFO - \u2139\ufe0f \U0001f504 Status do checkbox pilar_rotacionado_var: False
2026-03-28 10:29:02,259 - INFO - \u2139\ufe0f \U0001f504 Status do checkbox pilar_especial_ativo_var: False
2026-03-28 10:29:02,260 - INFO - \u2139\ufe0f Pilar especial INATIVO - pilar_rotacionado: False, pilar_especial: False, globais: False, tipo: ''
2026-03-28 10:29:02,313 - INFO - 
----------------------------------------
2026-03-28 10:29:02,313 - INFO - \U0001f4cc VERIFICAÇÃO DE PILAR ESPECIAL ATIVO
2026-03-28 10:29:02,313 - INFO - ----------------------------------------
2026-03-28 10:29:02,313 - INFO - \u2139\ufe0f \U0001f504 Verificando se pilar especial está ativo...
2026-03-28 10:29:02,314 - INFO - \u2139\ufe0f \U0001f504 Status do checkbox pilar_rotacionado_var: False
2026-03-28 10:29:02,314 - INFO - \u2139\ufe0f \U0001f504 Status do checkbox pilar_especial_ativo_var: False
2026-03-28 10:29:02,314 - INFO - \u2139\ufe0f Pilar especial INATIVO - pilar_rotacionado: False, pilar_especial: False, globais: False, tipo: ''
2026-03-28 10:29:02,315 - INFO - 
----------------------------------------
2026-03-28 10:29:02,315 - INFO - \U0001f4cc VERIFICAÇÃO DE PILAR ESPECIAL ATIVO
2026-03-28 10:29:02,315 - INFO - ----------------------------------------
2026-03-28 10:29:02,315 - INFO - \u2139\ufe0f \U0001f504 Verificando se pilar especial está ativo...
2026-03-28 10:29:02,315 - INFO - \u2139\ufe0f \U0001f504 Status do checkbox pilar_rotacionado_var: False
2026-03-28 10:29:02,315 - INFO - \u2139\ufe0f \U0001f504 Status do checkbox pilar_especial_ativo_var: False
2026-03-28 10:29:02,315 - INFO - \u2139\ufe0f Pilar especial INATIVO - pilar_rotacionado: False, pilar_especial: False, globais: False, tipo: ''
2026-03-28 10:29:02,368 - INFO - 
----------------------------------------
2026-03-28 10:29:02,369 - INFO - \U0001f4cc VERIFICAÇÃO DE PILAR ESPECIAL ATIVO
2026-03-28 10:29:02,369 - INFO - ----------------------------------------
2026-03-28 10:29:02,369 - INFO - \u2139\ufe0f \U0001f504 Verificando se pilar especial está ativo...
2026-03-28 10:29:02,369 - INFO - \u2139\ufe0f \U0001f504 Status do checkbox pilar_rotacionado_var: False
2026-03-28 10:29:02,369 - INFO - \u2139\ufe0f \U0001f504 Status do checkbox pilar_especial_ativo_var: False
2026-03-28 10:29:02,369 - INFO - \u2139\ufe0f Pilar especial INATIVO - pilar_rotacionado: False, pilar_especial: False, globais: False, tipo: ''
2026-03-28 10:29:02,370 - INFO - 
----------------------------------------
2026-03-28 10:29:02,370 - INFO - \U0001f4cc VERIFICAÇÃO DE PILAR ESPECIAL ATIVO
2026-03-28 10:29:02,370 - INFO - ----------------------------------------
2026-03-28 10:29:02,370 - INFO - \u2139\ufe0f \U0001f504 Verificando se pilar especial está ativo...
2026-03-28 10:29:02,370 - INFO - \u2139\ufe0f \U0001f504 Status do checkbox pilar_rotacionado_var: False
2026-03-28 10:29:02,370 - INFO - \u2139\ufe0f \U0001f504 Status do checkbox pilar_especial_ativo_var: False
2026-03-28 10:29:02,371 - INFO - \u2139\ufe0f Pilar especial INATIVO - pilar_rotacionado: False, pilar_especial: False, globais: False, tipo: ''
2026-03-28 10:29:02,424 - INFO - 
----------------------------------------
2026-03-28 10:29:02,424 - INFO - \U0001f4cc VERIFICAÇÃO DE PILAR ESPECIAL ATIVO
2026-03-28 10:29:02,424 - INFO - ----------------------------------------
2026-03-28 10:29:02,424 - INFO - \u2139\ufe0f \U0001f504 Verificando se pilar especial está ativo...
2026-03-28 10:29:02,424 - INFO - \u2139\ufe0f \U0001f504 Status do checkbox pilar_rotacionado_var: False
2026-03-28 10:29:02,425 - INFO - \u2139\ufe0f \U0001f504 Status do checkbox pilar_especial_ativo_var: False
2026-03-28 10:29:02,425 - INFO - \u2139\ufe0f Pilar especial INATIVO - pilar_rotacionado: False, pilar_especial: False, globais: False, tipo: ''
2026-03-28 10:29:02,426 - INFO - 
----------------------------------------
2026-03-28 10:29:02,426 - INFO - \U0001f4cc VERIFICAÇÃO DE PILAR ESPECIAL ATIVO
2026-03-28 10:29:02,426 - INFO - ----------------------------------------
2026-03-28 10:29:02,426 - INFO - \u2139\ufe0f \U0001f504 Verificando se pilar especial está ativo...
2026-03-28 10:29:02,426 - INFO - \u2139\ufe0f \U0001f504 Status do checkbox pilar_rotacionado_var: False
2026-03-28 10:29:02,426 - INFO - \u2139\ufe0f \U0001f504 Status do checkbox pilar_especial_ativo_var: False
2026-03-28 10:29:02,426 - INFO - \u2139\ufe0f Pilar especial INATIVO - pilar_rotacionado: False, pilar_especial: False, globais: False, tipo: ''
2026-03-28 10:29:02,481 - INFO - 
----------------------------------------
2026-03-28 10:29:02,481 - INFO - \U0001f4cc VERIFICAÇÃO DE PILAR ESPECIAL ATIVO
2026-03-28 10:29:02,481 - INFO - ----------------------------------------
2026-03-28 10:29:02,481 - INFO - \u2139\ufe0f \U0001f504 Verificando se pilar especial está ativo...
2026-03-28 10:29:02,481 - INFO - \u2139\ufe0f \U0001f504 Status do checkbox pilar_rotacionado_var: False
2026-03-28 10:29:02,481 - INFO - \u2139\ufe0f \U0001f504 Status do checkbox pilar_especial_ativo_var: False
2026-03-28 10:29:02,481 - INFO - \u2139\ufe0f Pilar especial INATIVO - pilar_rotacionado: False, pilar_especial: False, globais: False, tipo: ''
2026-03-28 10:29:02,482 - INFO - 
----------------------------------------
2026-03-28 10:29:02,482 - INFO - \U0001f4cc VERIFICAÇÃO DE PILAR ESPECIAL ATIVO
2026-03-28 10:29:02,482 - INFO - ----------------------------------------
2026-03-28 10:29:02,483 - INFO - \u2139\ufe0f \U0001f504 Verificando se pilar especial está ativo...
2026-03-28 10:29:02,483 - INFO - \u2139\ufe0f \U0001f504 Status do checkbox pilar_rotacionado_var: False
2026-03-28 10:29:02,483 - INFO - \u2139\ufe0f \U0001f504 Status do checkbox pilar_especial_ativo_var: False
2026-03-28 10:29:02,483 - INFO - \u2139\ufe0f Pilar especial INATIVO - pilar_rotacionado: False, pilar_especial: False, globais: False, tipo: ''
2026-03-28 10:29:02,706 - INFO - Binds configurados para todos os locks
2026-03-28 10:29:02,710 - INFO - Carregando configurações de layers...
2026-03-28 10:29:02,713 - INFO - Carregando configurações de blocos...
2026-03-28 10:29:02,716 - INFO - Carregando opções de desenho...
2026-03-28 10:29:02,719 - INFO - Configurações carregadas com sucesso!
2026-03-28 10:29:02,719 - INFO - Aplicação inicializada com sucesso
2026-03-28 10:29:02,724 - INFO - Posição da laje A atualizada para 5 (PE=425.0, LAJE=0.0, DIV=120)
2026-03-28 10:29:02,729 - INFO - Posição da laje A atualizada para 5 (PE=425.0, LAJE=0.0, DIV=120)
2026-03-28 10:29:02,733 - INFO - Posição da laje B atualizada para 5 (PE=425.0, LAJE=0.0, DIV=120)
2026-03-28 10:29:02,738 - INFO - Posição da laje B atualizada para 5 (PE=425.0, LAJE=0.0, DIV=120)
2026-03-28 10:29:02,742 - INFO - Posição da laje C atualizada para 3 (PE=425.0, LAJE=0.0, DIV=242)
2026-03-28 10:29:02,747 - INFO - Posição da laje C atualizada para 3 (PE=425.0, LAJE=0.0, DIV=242)
2026-03-28 10:29:02,752 - INFO - Posição da laje D atualizada para 3 (PE=425.0, LAJE=0.0, DIV=242)
2026-03-28 10:29:02,756 - INFO - Posição da laje D atualizada para 3 (PE=425.0, LAJE=0.0, DIV=242)
2026-03-28 10:29:02,759 - INFO - Altura Painel A: 0.0 cm
2026-03-28 10:29:02,760 - INFO - Altura Painel A: 0.0 cm
2026-03-28 10:29:02,760 - INFO - Altura Painel A: 0.0 cm
2026-03-28 10:29:02,760 - INFO - Altura Painel A: 0.0 cm
2026-03-28 10:29:02,760 - INFO - Altura Painel A: 0.0 cm
2026-03-28 10:29:02,760 - INFO - [SCRIPT 1] Laje A para PD: 0.0 cm
2026-03-28 10:29:02,760 - INFO - PD calculado: 0.0cm (0,00m)
2026-03-28 10:29:02,760 - INFO - Tipo de moldura configurado: MULDURA
2026-03-28 10:29:02,760 - INFO - Usando configuração padrão MULDURA
2026-03-28 10:29:02,760 - INFO - Posições: A(-6920), B(-6620.0), C(-6320.0), D(-6090.0)
2026-03-28 10:29:02,760 - INFO - Script gerado com sucesso!
2026-03-28 10:29:02,763 - INFO - Script salvo como: P1_ABCD.scr
2026-03-28 10:30:10,636 - INFO - Iniciando logs de depuração para robo_cima
2026-03-28 10:30:10,636 - INFO - Arquivo de log: logs\depuracao\robo_cima_20260328_103010.log
2026-03-28 10:30:10,991 - INFO - Iniciando logs de depuração para robo_cima
2026-03-28 10:30:10,992 - INFO - Arquivo de log: logs\depuracao\robo_cima_20260328_103010.log
2026-03-28 10:30:11,234 - INFO - \u2139\ufe0f \U0001f504 Instância do GeradorPilar registrada globalmente
2026-03-28 10:30:11,234 - INFO - \u2139\ufe0f \U0001f504 Globais do pilar especial inicializadas
2026-03-28 10:30:11,234 - INFO - Aplicação inicializada com sucesso
2026-03-28 10:30:11,235 - INFO - Função calcular_valores iniciada
2026-03-28 10:30:11,235 - INFO - Debug - Comprimento: 88.0, Qtd Parafusos (LEGACY): 2
2026-03-28 10:30:11,235 - INFO - Debug - Distâncias finais (LEGACY): [56, 56, 0, 0, 0, 0, 0, 0]
2026-03-28 10:30:11,674 - INFO - 
----------------------------------------
2026-03-28 10:30:11,674 - INFO - \U0001f4cc VERIFICAÇÃO DE PILAR ESPECIAL ATIVO
2026-03-28 10:30:11,674 - INFO - ----------------------------------------
2026-03-28 10:30:11,674 - INFO - \u2139\ufe0f \U0001f504 Verificando se pilar especial está ativo...
2026-03-28 10:30:11,675 - INFO - \u2139\ufe0f \U0001f504 Status do checkbox pilar_rotacionado_var: False
2026-03-28 10:30:11,675 - INFO - \u2139\ufe0f \U0001f504 Status do checkbox pilar_especial_ativo_var: False
2026-03-28 10:30:11,675 - INFO - \u2139\ufe0f Pilar especial INATIVO - pilar_rotacionado: False, pilar_especial: False, globais: False, tipo: ''
2026-03-28 10:30:11,676 - INFO - 
----------------------------------------
2026-03-28 10:30:11,676 - INFO - \U0001f4cc VERIFICAÇÃO DE PILAR ESPECIAL ATIVO
2026-03-28 10:30:11,676 - INFO - ----------------------------------------
2026-03-28 10:30:11,676 - INFO - \u2139\ufe0f \U0001f504 Verificando se pilar especial está ativo...
2026-03-28 10:30:11,676 - INFO - \u2139\ufe0f \U0001f504 Status do checkbox pilar_rotacionado_var: False
2026-03-28 10:30:11,676 - INFO - \u2139\ufe0f \U0001f504 Status do checkbox pilar_especial_ativo_var: False
2026-03-28 10:30:11,676 - INFO - \u2139\ufe0f Pilar especial INATIVO - pilar_rotacionado: False, pilar_especial: False, globais: False, tipo: ''
2026-03-28 10:30:11,731 - INFO - 
----------------------------------------
2026-03-28 10:30:11,732 - INFO - \U0001f4cc VERIFICAÇÃO DE PILAR ESPECIAL ATIVO
2026-03-28 10:30:11,732 - INFO - ----------------------------------------
2026-03-28 10:30:11,732 - INFO - \u2139\ufe0f \U0001f504 Verificando se pilar especial está ativo...
2026-03-28 10:30:11,732 - INFO - \u2139\ufe0f \U0001f504 Status do checkbox pilar_rotacionado_var: False
2026-03-28 10:30:11,732 - INFO - \u2139\ufe0f \U0001f504 Status do checkbox pilar_especial_ativo_var: False
2026-03-28 10:30:11,732 - INFO - \u2139\ufe0f Pilar especial INATIVO - pilar_rotacionado: False, pilar_especial: False, globais: False, tipo: ''
2026-03-28 10:30:11,733 - INFO - 
----------------------------------------
2026-03-28 10:30:11,733 - INFO - \U0001f4cc VERIFICAÇÃO DE PILAR ESPECIAL ATIVO
2026-03-28 10:30:11,733 - INFO - ----------------------------------------
2026-03-28 10:30:11,733 - INFO - \u2139\ufe0f \U0001f504 Verificando se pilar especial está ativo...
2026-03-28 10:30:11,733 - INFO - \u2139\ufe0f \U0001f504 Status do checkbox pilar_rotacionado_var: False
2026-03-28 10:30:11,733 - INFO - \u2139\ufe0f \U0001f504 Status do checkbox pilar_especial_ativo_var: False
2026-03-28 10:30:11,734 - INFO - \u2139\ufe0f Pilar especial INATIVO - pilar_rotacionado: False, pilar_especial: False, globais: False, tipo: ''
2026-03-28 10:30:11,787 - INFO - 
----------------------------------------
2026-03-28 10:30:11,787 - INFO - \U0001f4cc VERIFICAÇÃO DE PILAR ESPECIAL ATIVO
2026-03-28 10:30:11,787 - INFO - ----------------------------------------
2026-03-28 10:30:11,787 - INFO - \u2139\ufe0f \U0001f504 Verificando se pilar especial está ativo...
2026-03-28 10:30:11,787 - INFO - \u2139\ufe0f \U0001f504 Status do checkbox pilar_rotacionado_var: False
2026-03-28 10:30:11,787 - INFO - \u2139\ufe0f \U0001f504 Status do checkbox pilar_especial_ativo_var: False
2026-03-28 10:30:11,788 - INFO - \u2139\ufe0f Pilar especial INATIVO - pilar_rotacionado: False, pilar_especial: False, globais: False, tipo: ''
2026-03-28 10:30:11,789 - INFO - 
----------------------------------------
2026-03-28 10:30:11,789 - INFO - \U0001f4cc VERIFICAÇÃO DE PILAR ESPECIAL ATIVO
2026-03-28 10:30:11,789 - INFO - ----------------------------------------
2026-03-28 10:30:11,789 - INFO - \u2139\ufe0f \U0001f504 Verificando se pilar especial está ativo...
2026-03-28 10:30:11,789 - INFO - \u2139\ufe0f \U0001f504 Status do checkbox pilar_rotacionado_var: False
2026-03-28 10:30:11,789 - INFO - \u2139\ufe0f \U0001f504 Status do checkbox pilar_especial_ativo_var: False
2026-03-28 10:30:11,789 - INFO - \u2139\ufe0f Pilar especial INATIVO - pilar_rotacionado: False, pilar_especial: False, globais: False, tipo: ''
2026-03-28 10:30:11,842 - INFO - 
----------------------------------------
2026-03-28 10:30:11,842 - INFO - \U0001f4cc VERIFICAÇÃO DE PILAR ESPECIAL ATIVO
2026-03-28 10:30:11,842 - INFO - ----------------------------------------
2026-03-28 10:30:11,842 - INFO - \u2139\ufe0f \U0001f504 Verificando se pilar especial está ativo...
2026-03-28 10:30:11,842 - INFO - \u2139\ufe0f \U0001f504 Status do checkbox pilar_rotacionado_var: False
2026-03-28 10:30:11,842 - INFO - \u2139\ufe0f \U0001f504 Status do checkbox pilar_especial_ativo_var: False
2026-03-28 10:30:11,843 - INFO - \u2139\ufe0f Pilar especial INATIVO - pilar_rotacionado: False, pilar_especial: False, globais: False, tipo: ''
2026-03-28 10:30:11,844 - INFO - 
----------------------------------------
2026-03-28 10:30:11,844 - INFO - \U0001f4cc VERIFICAÇÃO DE PILAR ESPECIAL ATIVO
2026-03-28 10:30:11,844 - INFO - ----------------------------------------
2026-03-28 10:30:11,844 - INFO - \u2139\ufe0f \U0001f504 Verificando se pilar especial está ativo...
2026-03-28 10:30:11,844 - INFO - \u2139\ufe0f \U0001f504 Status do checkbox pilar_rotacionado_var: False
2026-03-28 10:30:11,844 - INFO - \u2139\ufe0f \U0001f504 Status do checkbox pilar_especial_ativo_var: False
2026-03-28 10:30:11,844 - INFO - \u2139\ufe0f Pilar especial INATIVO - pilar_rotacionado: False, pilar_especial: False, globais: False, tipo: ''
2026-03-28 10:30:11,897 - INFO - 
----------------------------------------
2026-03-28 10:30:11,897 - INFO - \U0001f4cc VERIFICAÇÃO DE PILAR ESPECIAL ATIVO
2026-03-28 10:30:11,897 - INFO - ----------------------------------------
2026-03-28 10:30:11,897 - INFO - \u2139\ufe0f \U0001f504 Verificando se pilar especial está ativo...
2026-03-28 10:30:11,897 - INFO - \u2139\ufe0f \U0001f504 Status do checkbox pilar_rotacionado_var: False
2026-03-28 10:30:11,897 - INFO - \u2139\ufe0f \U0001f504 Status do checkbox pilar_especial_ativo_var: False
2026-03-28 10:30:11,897 - INFO - \u2139\ufe0f Pilar especial INATIVO - pilar_rotacionado: False, pilar_especial: False, globais: False, tipo: ''
2026-03-28 10:30:11,898 - INFO - 
----------------------------------------
2026-03-28 10:30:11,899 - INFO - \U0001f4cc VERIFICAÇÃO DE PILAR ESPECIAL ATIVO
2026-03-28 10:30:11,899 - INFO - ----------------------------------------
2026-03-28 10:30:11,899 - INFO - \u2139\ufe0f \U0001f504 Verificando se pilar especial está ativo...
2026-03-28 10:30:11,899 - INFO - \u2139\ufe0f \U0001f504 Status do checkbox pilar_rotacionado_var: False
2026-03-28 10:30:11,899 - INFO - \u2139\ufe0f \U0001f504 Status do checkbox pilar_especial_ativo_var: False
2026-03-28 10:30:11,899 - INFO - \u2139\ufe0f Pilar especial INATIVO - pilar_rotacionado: False, pilar_especial: False, globais: False, tipo: ''
2026-03-28 10:30:11,953 - INFO - 
----------------------------------------
2026-03-28 10:30:11,953 - INFO - \U0001f4cc VERIFICAÇÃO DE PILAR ESPECIAL ATIVO
2026-03-28 10:30:11,953 - INFO - ----------------------------------------
2026-03-28 10:30:11,953 - INFO - \u2139\ufe0f \U0001f504 Verificando se pilar especial está ativo...
2026-03-28 10:30:11,953 - INFO - \u2139\ufe0f \U0001f504 Status do checkbox pilar_rotacionado_var: False
2026-03-28 10:30:11,953 - INFO - \u2139\ufe0f \U0001f504 Status do checkbox pilar_especial_ativo_var: False
2026-03-28 10:30:11,953 - INFO - \u2139\ufe0f Pilar especial INATIVO - pilar_rotacionado: False, pilar_especial: False, globais: False, tipo: ''
2026-03-28 10:30:11,955 - INFO - 
----------------------------------------
2026-03-28 10:30:11,955 - INFO - \U0001f4cc VERIFICAÇÃO DE PILAR ESPECIAL ATIVO
2026-03-28 10:30:11,955 - INFO - ----------------------------------------
2026-03-28 10:30:11,955 - INFO - \u2139\ufe0f \U0001f504 Verificando se pilar especial está ativo...
2026-03-28 10:30:11,955 - INFO - \u2139\ufe0f \U0001f504 Status do checkbox pilar_rotacionado_var: False
2026-03-28 10:30:11,955 - INFO - \u2139\ufe0f \U0001f504 Status do checkbox pilar_especial_ativo_var: False
2026-03-28 10:30:11,955 - INFO - \u2139\ufe0f Pilar especial INATIVO - pilar_rotacionado: False, pilar_especial: False, globais: False, tipo: ''
2026-03-28 10:30:12,008 - INFO - 
----------------------------------------
2026-03-28 10:30:12,008 - INFO - \U0001f4cc VERIFICAÇÃO DE PILAR ESPECIAL ATIVO
2026-03-28 10:30:12,009 - INFO - ----------------------------------------
2026-03-28 10:30:12,009 - INFO - \u2139\ufe0f \U0001f504 Verificando se pilar especial está ativo...
2026-03-28 10:30:12,009 - INFO - \u2139\ufe0f \U0001f504 Status do checkbox pilar_rotacionado_var: False
2026-03-28 10:30:12,009 - INFO - \u2139\ufe0f \U0001f504 Status do checkbox pilar_especial_ativo_var: False
2026-03-28 10:30:12,009 - INFO - \u2139\ufe0f Pilar especial INATIVO - pilar_rotacionado: False, pilar_especial: False, globais: False, tipo: ''
2026-03-28 10:30:12,010 - INFO - 
----------------------------------------
2026-03-28 10:30:12,010 - INFO - \U0001f4cc VERIFICAÇÃO DE PILAR ESPECIAL ATIVO
2026-03-28 10:30:12,010 - INFO - ----------------------------------------
2026-03-28 10:30:12,010 - INFO - \u2139\ufe0f \U0001f504 Verificando se pilar especial está ativo...
2026-03-28 10:30:12,010 - INFO - \u2139\ufe0f \U0001f504 Status do checkbox pilar_rotacionado_var: False
2026-03-28 10:30:12,010 - INFO - \u2139\ufe0f \U0001f504 Status do checkbox pilar_especial_ativo_var: False
2026-03-28 10:30:12,011 - INFO - \u2139\ufe0f Pilar especial INATIVO - pilar_rotacionado: False, pilar_especial: False, globais: False, tipo: ''
2026-03-28 10:30:12,063 - INFO - 
----------------------------------------
2026-03-28 10:30:12,063 - INFO - \U0001f4cc VERIFICAÇÃO DE PILAR ESPECIAL ATIVO
2026-03-28 10:30:12,064 - INFO - ----------------------------------------
2026-03-28 10:30:12,064 - INFO - \u2139\ufe0f \U0001f504 Verificando se pilar especial está ativo...
2026-03-28 10:30:12,064 - INFO - \u2139\ufe0f \U0001f504 Status do checkbox pilar_rotacionado_var: False
2026-03-28 10:30:12,064 - INFO - \u2139\ufe0f \U0001f504 Status do checkbox pilar_especial_ativo_var: False
2026-03-28 10:30:12,064 - INFO - \u2139\ufe0f Pilar especial INATIVO - pilar_rotacionado: False, pilar_especial: False, globais: False, tipo: ''
2026-03-28 10:30:12,065 - INFO - 
----------------------------------------
2026-03-28 10:30:12,065 - INFO - \U0001f4cc VERIFICAÇÃO DE PILAR ESPECIAL ATIVO
2026-03-28 10:30:12,065 - INFO - ----------------------------------------
2026-03-28 10:30:12,065 - INFO - \u2139\ufe0f \U0001f504 Verificando se pilar especial está ativo...
2026-03-28 10:30:12,065 - INFO - \u2139\ufe0f \U0001f504 Status do checkbox pilar_rotacionado_var: False
2026-03-28 10:30:12,065 - INFO - \u2139\ufe0f \U0001f504 Status do checkbox pilar_especial_ativo_var: False
2026-03-28 10:30:12,065 - INFO - \u2139\ufe0f Pilar especial INATIVO - pilar_rotacionado: False, pilar_especial: False, globais: False, tipo: ''
2026-03-28 10:30:12,118 - INFO - 
----------------------------------------
2026-03-28 10:30:12,118 - INFO - \U0001f4cc VERIFICAÇÃO DE PILAR ESPECIAL ATIVO
2026-03-28 10:30:12,118 - INFO - ----------------------------------------
2026-03-28 10:30:12,118 - INFO - \u2139\ufe0f \U0001f504 Verificando se pilar especial está ativo...
2026-03-28 10:30:12,118 - INFO - \u2139\ufe0f \U0001f504 Status do checkbox pilar_rotacionado_var: False
2026-03-28 10:30:12,118 - INFO - \u2139\ufe0f \U0001f504 Status do checkbox pilar_especial_ativo_var: False
2026-03-28 10:30:12,118 - INFO - \u2139\ufe0f Pilar especial INATIVO - pilar_rotacionado: False, pilar_especial: False, globais: False, tipo: ''
2026-03-28 10:30:12,119 - INFO - 
----------------------------------------
2026-03-28 10:30:12,119 - INFO - \U0001f4cc VERIFICAÇÃO DE PILAR ESPECIAL ATIVO
2026-03-28 10:30:12,119 - INFO - ----------------------------------------
2026-03-28 10:30:12,119 - INFO - \u2139\ufe0f \U0001f504 Verificando se pilar especial está ativo...
2026-03-28 10:30:12,119 - INFO - \u2139\ufe0f \U0001f504 Status do checkbox pilar_rotacionado_var: False
2026-03-28 10:30:12,120 - INFO - \u2139\ufe0f \U0001f504 Status do checkbox pilar_especial_ativo_var: False
2026-03-28 10:30:12,120 - INFO - \u2139\ufe0f Pilar especial INATIVO - pilar_rotacionado: False, pilar_especial: False, globais: False, tipo: ''
2026-03-28 10:30:12,175 - INFO - 
----------------------------------------
2026-03-28 10:30:12,175 - INFO - \U0001f4cc VERIFICAÇÃO DE PILAR ESPECIAL ATIVO
2026-03-28 10:30:12,175 - INFO - ----------------------------------------
2026-03-28 10:30:12,175 - INFO - \u2139\ufe0f \U0001f504 Verificando se pilar especial está ativo...
2026-03-28 10:30:12,175 - INFO - \u2139\ufe0f \U0001f504 Status do checkbox pilar_rotacionado_var: False
2026-03-28 10:30:12,175 - INFO - \u2139\ufe0f \U0001f504 Status do checkbox pilar_especial_ativo_var: False
2026-03-28 10:30:12,176 - INFO - \u2139\ufe0f Pilar especial INATIVO - pilar_rotacionado: False, pilar_especial: False, globais: False, tipo: ''
2026-03-28 10:30:12,177 - INFO - 
----------------------------------------
2026-03-28 10:30:12,177 - INFO - \U0001f4cc VERIFICAÇÃO DE PILAR ESPECIAL ATIVO
2026-03-28 10:30:12,177 - INFO - ----------------------------------------
2026-03-28 10:30:12,177 - INFO - \u2139\ufe0f \U0001f504 Verificando se pilar especial está ativo...
2026-03-28 10:30:12,177 - INFO - \u2139\ufe0f \U0001f504 Status do checkbox pilar_rotacionado_var: False
2026-03-28 10:30:12,177 - INFO - \u2139\ufe0f \U0001f504 Status do checkbox pilar_especial_ativo_var: False
2026-03-28 10:30:12,177 - INFO - \u2139\ufe0f Pilar especial INATIVO - pilar_rotacionado: False, pilar_especial: False, globais: False, tipo: ''
2026-03-28 10:30:12,231 - INFO - 
----------------------------------------
2026-03-28 10:30:12,232 - INFO - \U0001f4cc VERIFICAÇÃO DE PILAR ESPECIAL ATIVO
2026-03-28 10:30:12,232 - INFO - ----------------------------------------
2026-03-28 10:30:12,232 - INFO - \u2139\ufe0f \U0001f504 Verificando se pilar especial está ativo...
2026-03-28 10:30:12,232 - INFO - \u2139\ufe0f \U0001f504 Status do checkbox pilar_rotacionado_var: False
2026-03-28 10:30:12,232 - INFO - \u2139\ufe0f \U0001f504 Status do checkbox pilar_especial_ativo_var: False
2026-03-28 10:30:12,232 - INFO - \u2139\ufe0f Pilar especial INATIVO - pilar_rotacionado: False, pilar_especial: False, globais: False, tipo: ''
2026-03-28 10:30:12,233 - INFO - 
----------------------------------------
2026-03-28 10:30:12,233 - INFO - \U0001f4cc VERIFICAÇÃO DE PILAR ESPECIAL ATIVO
2026-03-28 10:30:12,233 - INFO - ----------------------------------------
2026-03-28 10:30:12,233 - INFO - \u2139\ufe0f \U0001f504 Verificando se pilar especial está ativo...
2026-03-28 10:30:12,233 - INFO - \u2139\ufe0f \U0001f504 Status do checkbox pilar_rotacionado_var: False
2026-03-28 10:30:12,233 - INFO - \u2139\ufe0f \U0001f504 Status do checkbox pilar_especial_ativo_var: False
2026-03-28 10:30:12,234 - INFO - \u2139\ufe0f Pilar especial INATIVO - pilar_rotacionado: False, pilar_especial: False, globais: False, tipo: ''
2026-03-28 10:30:12,288 - INFO - 
----------------------------------------
2026-03-28 10:30:12,288 - INFO - \U0001f4cc VERIFICAÇÃO DE PILAR ESPECIAL ATIVO
2026-03-28 10:30:12,289 - INFO - ----------------------------------------
2026-03-28 10:30:12,289 - INFO - \u2139\ufe0f \U0001f504 Verificando se pilar especial está ativo...
2026-03-28 10:30:12,289 - INFO - \u2139\ufe0f \U0001f504 Status do checkbox pilar_rotacionado_var: False
2026-03-28 10:30:12,289 - INFO - \u2139\ufe0f \U0001f504 Status do checkbox pilar_especial_ativo_var: False
2026-03-28 10:30:12,289 - INFO - \u2139\ufe0f Pilar especial INATIVO - pilar_rotacionado: False, pilar_especial: False, globais: False, tipo: ''
2026-03-28 10:30:12,290 - INFO - 
----------------------------------------
2026-03-28 10:30:12,290 - INFO - \U0001f4cc VERIFICAÇÃO DE PILAR ESPECIAL ATIVO
2026-03-28 10:30:12,290 - INFO - ----------------------------------------
2026-03-28 10:30:12,290 - INFO - \u2139\ufe0f \U0001f504 Verificando se pilar especial está ativo...
2026-03-28 10:30:12,290 - INFO - \u2139\ufe0f \U0001f504 Status do checkbox pilar_rotacionado_var: False
2026-03-28 10:30:12,290 - INFO - \u2139\ufe0f \U0001f504 Status do checkbox pilar_especial_ativo_var: False
2026-03-28 10:30:12,290 - INFO - \u2139\ufe0f Pilar especial INATIVO - pilar_rotacionado: False, pilar_especial: False, globais: False, tipo: ''
2026-03-28 10:30:12,345 - INFO - 
----------------------------------------
2026-03-28 10:30:12,345 - INFO - \U0001f4cc VERIFICAÇÃO DE PILAR ESPECIAL ATIVO
2026-03-28 10:30:12,345 - INFO - ----------------------------------------
2026-03-28 10:30:12,345 - INFO - \u2139\ufe0f \U0001f504 Verificando se pilar especial está ativo...
2026-03-28 10:30:12,345 - INFO - \u2139\ufe0f \U0001f504 Status do checkbox pilar_rotacionado_var: False
2026-03-28 10:30:12,345 - INFO - \u2139\ufe0f \U0001f504 Status do checkbox pilar_especial_ativo_var: False
2026-03-28 10:30:12,345 - INFO - \u2139\ufe0f Pilar especial INATIVO - pilar_rotacionado: False, pilar_especial: False, globais: False, tipo: ''
2026-03-28 10:30:12,346 - INFO - 
----------------------------------------
2026-03-28 10:30:12,346 - INFO - \U0001f4cc VERIFICAÇÃO DE PILAR ESPECIAL ATIVO
2026-03-28 10:30:12,347 - INFO - ----------------------------------------
2026-03-28 10:30:12,347 - INFO - \u2139\ufe0f \U0001f504 Verificando se pilar especial está ativo...
2026-03-28 10:30:12,347 - INFO - \u2139\ufe0f \U0001f504 Status do checkbox pilar_rotacionado_var: False
2026-03-28 10:30:12,347 - INFO - \u2139\ufe0f \U0001f504 Status do checkbox pilar_especial_ativo_var: False
2026-03-28 10:30:12,347 - INFO - \u2139\ufe0f Pilar especial INATIVO - pilar_rotacionado: False, pilar_especial: False, globais: False, tipo: ''
2026-03-28 10:30:12,399 - INFO - 
----------------------------------------
2026-03-28 10:30:12,399 - INFO - \U0001f4cc VERIFICAÇÃO DE PILAR ESPECIAL ATIVO
2026-03-28 10:30:12,400 - INFO - ----------------------------------------
2026-03-28 10:30:12,400 - INFO - \u2139\ufe0f \U0001f504 Verificando se pilar especial está ativo...
2026-03-28 10:30:12,400 - INFO - \u2139\ufe0f \U0001f504 Status do checkbox pilar_rotacionado_var: False
2026-03-28 10:30:12,400 - INFO - \u2139\ufe0f \U0001f504 Status do checkbox pilar_especial_ativo_var: False
2026-03-28 10:30:12,400 - INFO - \u2139\ufe0f Pilar especial INATIVO - pilar_rotacionado: False, pilar_especial: False, globais: False, tipo: ''
2026-03-28 10:30:12,401 - INFO - 
----------------------------------------
2026-03-28 10:30:12,401 - INFO - \U0001f4cc VERIFICAÇÃO DE PILAR ESPECIAL ATIVO
2026-03-28 10:30:12,401 - INFO - ----------------------------------------
2026-03-28 10:30:12,401 - INFO - \u2139\ufe0f \U0001f504 Verificando se pilar especial está ativo...
2026-03-28 10:30:12,401 - INFO - \u2139\ufe0f \U0001f504 Status do checkbox pilar_rotacionado_var: False
2026-03-28 10:30:12,401 - INFO - \u2139\ufe0f \U0001f504 Status do checkbox pilar_especial_ativo_var: False
2026-03-28 10:30:12,401 - INFO - \u2139\ufe0f Pilar especial INATIVO - pilar_rotacionado: False, pilar_especial: False, globais: False, tipo: ''
2026-03-28 10:30:12,455 - INFO - 
----------------------------------------
2026-03-28 10:30:12,455 - INFO - \U0001f4cc VERIFICAÇÃO DE PILAR ESPECIAL ATIVO
2026-03-28 10:30:12,455 - INFO - ----------------------------------------
2026-03-28 10:30:12,455 - INFO - \u2139\ufe0f \U0001f504 Verificando se pilar especial está ativo...
2026-03-28 10:30:12,455 - INFO - \u2139\ufe0f \U0001f504 Status do checkbox pilar_rotacionado_var: False
2026-03-28 10:30:12,455 - INFO - \u2139\ufe0f \U0001f504 Status do checkbox pilar_especial_ativo_var: False
2026-03-28 10:30:12,455 - INFO - \u2139\ufe0f Pilar especial INATIVO - pilar_rotacionado: False, pilar_especial: False, globais: False, tipo: ''
2026-03-28 10:30:12,456 - INFO - 
----------------------------------------
2026-03-28 10:30:12,456 - INFO - \U0001f4cc VERIFICAÇÃO DE PILAR ESPECIAL ATIVO
2026-03-28 10:30:12,457 - INFO - ----------------------------------------
2026-03-28 10:30:12,457 - INFO - \u2139\ufe0f \U0001f504 Verificando se pilar especial está ativo...
2026-03-28 10:30:12,457 - INFO - \u2139\ufe0f \U0001f504 Status do checkbox pilar_rotacionado_var: False
2026-03-28 10:30:12,457 - INFO - \u2139\ufe0f \U0001f504 Status do checkbox pilar_especial_ativo_var: False
2026-03-28 10:30:12,457 - INFO - \u2139\ufe0f Pilar especial INATIVO - pilar_rotacionado: False, pilar_especial: False, globais: False, tipo: ''
2026-03-28 10:30:12,511 - INFO - 
----------------------------------------
2026-03-28 10:30:12,511 - INFO - \U0001f4cc VERIFICAÇÃO DE PILAR ESPECIAL ATIVO
2026-03-28 10:30:12,511 - INFO - ----------------------------------------
2026-03-28 10:30:12,511 - INFO - \u2139\ufe0f \U0001f504 Verificando se pilar especial está ativo...
2026-03-28 10:30:12,511 - INFO - \u2139\ufe0f \U0001f504 Status do checkbox pilar_rotacionado_var: False
2026-03-28 10:30:12,511 - INFO - \u2139\ufe0f \U0001f504 Status do checkbox pilar_especial_ativo_var: False
2026-03-28 10:30:12,511 - INFO - \u2139\ufe0f Pilar especial INATIVO - pilar_rotacionado: False, pilar_especial: False, globais: False, tipo: ''
2026-03-28 10:30:12,512 - INFO - 
----------------------------------------
2026-03-28 10:30:12,512 - INFO - \U0001f4cc VERIFICAÇÃO DE PILAR ESPECIAL ATIVO
2026-03-28 10:30:12,513 - INFO - ----------------------------------------
2026-03-28 10:30:12,513 - INFO - \u2139\ufe0f \U0001f504 Verificando se pilar especial está ativo...
2026-03-28 10:30:12,513 - INFO - \u2139\ufe0f \U0001f504 Status do checkbox pilar_rotacionado_var: False
2026-03-28 10:30:12,513 - INFO - \u2139\ufe0f \U0001f504 Status do checkbox pilar_especial_ativo_var: False
2026-03-28 10:30:12,513 - INFO - \u2139\ufe0f Pilar especial INATIVO - pilar_rotacionado: False, pilar_especial: False, globais: False, tipo: ''
2026-03-28 10:30:12,752 - INFO - 
============================================================
2026-03-28 10:30:12,752 - INFO - \U0001f4cb GERAÇÃO DE SCRIPT CIMA
2026-03-28 10:30:12,752 - INFO - ============================================================
2026-03-28 10:30:12,753 - INFO - \u2139\ufe0f \U0001f504 === INÍCIO DO gerar_script() ===
2026-03-28 10:30:12,753 - INFO - \u2139\ufe0f \U0001f504 Estado inicial das globais: ID=2350906534464, len=0
2026-03-28 10:30:12,753 - WARNING - \u26a0\ufe0f _globais_pilar_especial está vazio ou None!
2026-03-28 10:30:12,753 - INFO - \u2139\ufe0f \U0001f504 Status pilar_rotacionado no inicio: False
2026-03-28 10:30:12,753 - INFO - \u2139\ufe0f \U0001f504 Prestes a chamar _verificar_pilar_especial_ativo()...
2026-03-28 10:30:12,753 - INFO - \u2139\ufe0f \U0001f504 Estado das globais ANTES da verificação: False
2026-03-28 10:30:12,753 - INFO - 
----------------------------------------
2026-03-28 10:30:12,753 - INFO - \U0001f4cc VERIFICAÇÃO DE PILAR ESPECIAL ATIVO
2026-03-28 10:30:12,753 - INFO - ----------------------------------------
2026-03-28 10:30:12,753 - INFO - \u2139\ufe0f \U0001f504 Verificando se pilar especial está ativo...
2026-03-28 10:30:12,753 - INFO - \u2139\ufe0f \U0001f504 Status do checkbox pilar_rotacionado_var: False
2026-03-28 10:30:12,753 - INFO - \u2139\ufe0f \U0001f504 Status do checkbox pilar_especial_ativo_var: False
2026-03-28 10:30:12,753 - INFO - \u2139\ufe0f Pilar especial INATIVO - pilar_rotacionado: False, pilar_especial: False, globais: False, tipo: ''
2026-03-28 10:30:12,753 - INFO - \u2139\ufe0f \U0001f504 Resultado da verificação: False
2026-03-28 10:30:12,754 - INFO - \u2139\ufe0f \U0001f504 Estado das globais APÓS a verificação: False
2026-03-28 10:30:12,754 - INFO - \u2139\ufe0f \U0001f504 Pilar especial ativo: False
2026-03-28 10:30:12,754 - INFO - 
----------------------------------------
2026-03-28 10:30:12,754 - INFO - \U0001f4cc APLICAÇÃO DE ALTERAÇÕES PILAR ESPECIAL - PAI.B
2026-03-28 10:30:12,754 - INFO - ----------------------------------------
2026-03-28 10:30:12,754 - INFO - \u2139\ufe0f \U0001f504 Aplicando alterações do pilar especial para PAI.B...
2026-03-28 10:30:12,754 - WARNING - \u26a0\ufe0f Pilar especial INATIVO (sem globais no gerador) - retornando valor original: -51
2026-03-28 10:30:12,754 - WARNING - \u26a0\ufe0f Pilar especial INATIVO (sem globais no gerador) - retornando valor original: 94.0
2026-03-28 10:30:12,754 - WARNING - \u26a0\ufe0f Pilar especial INATIVO (sem globais no gerador) - retornando valor original: 110.0
2026-03-28 10:30:12,754 - INFO - \u2139\ufe0f \U0001f504 PAI.B - Posição X: -51 -> -51
2026-03-28 10:30:12,754 - INFO - \u2139\ufe0f \U0001f504 PAI.B - Posição Y: 94.0 -> 94.0
2026-03-28 10:30:12,755 - INFO - \u2139\ufe0f \U0001f504 PAI.B - Comprimento: 110.0 -> 110.0
2026-03-28 10:30:12,755 - WARNING - \u26a0\ufe0f Pilar especial INATIVO (sem globais no gerador) - retornando valor original: -51
2026-03-28 10:30:12,755 - WARNING - \u26a0\ufe0f Pilar especial INATIVO (sem globais no gerador) - retornando valor original: 70
2026-03-28 10:30:12,755 - WARNING - \u26a0\ufe0f Pilar especial INATIVO (sem globais no gerador) - retornando valor original: 110.0
2026-03-28 10:30:12,755 - INFO - \u2139\ufe0f [REFERENCIA-DINAMICA] Parede esquerda PAI.A FINAL REAL registrada: -51
2026-03-28 10:30:12,755 - WARNING - \u26a0\ufe0f Pilar especial INATIVO (sem globais no gerador) - retornando valor original: -71
2026-03-28 10:30:12,755 - WARNING - \u26a0\ufe0f Pilar especial INATIVO (sem globais no gerador) - retornando valor original: 150.0
2026-03-28 10:30:12,755 - INFO - \u2139\ufe0f \U0001f527 METAL A - posX=-71, posY=61.0, comp=150.0, endX=79.0, largura=7
2026-03-28 10:30:12,755 - WARNING - \u26a0\ufe0f Pilar especial INATIVO (sem globais no gerador) - retornando valor original: -71
2026-03-28 10:30:12,755 - WARNING - \u26a0\ufe0f Pilar especial INATIVO (sem globais no gerador) - retornando valor original: 150.0
2026-03-28 10:30:12,755 - INFO - \u2139\ufe0f \U0001f527 METAL B - posX=-71, posY=103.0, comp=150.0, endX=79.0, largura=7
2026-03-28 10:30:12,756 - INFO - \u2139\ufe0f DEBUG: Valores lidos Grade A - grade1=0.0, grade2=0.0, grade3=0.0, dist1=0.0, dist2=0.0
2026-03-28 10:30:12,757 - INFO - \u2139\ufe0f DEBUG: Condição Grade A - grade1 > 0: False, grade2 > 0: False, grade3 > 0: False
2026-03-28 10:30:12,757 - INFO - \u2139\ufe0f DEBUG: Condição Grade A - grade1 > 0 or grade2 > 0 or grade3 > 0: False
2026-03-28 10:30:12,757 - INFO - \u2139\ufe0f GRA.A total=0.0 => comprimentos=[0.0, 0.0, 0.0], espacos=[0.0, 0.0]
2026-03-28 10:30:12,757 - INFO - \u2139\ufe0f DEBUG: Valores lidos Grade B - grade1_grupo2=0.0, grade2_grupo2=0.0, grade3_grupo2=0.0, dist1_grupo2=0.0, dist2_grupo2=0.0
2026-03-28 10:30:12,757 - INFO - \u2139\ufe0f DEBUG: Condição Grade B - grade1_grupo2 > 0: False, grade2_grupo2 > 0: False, grade3_grupo2 > 0: False
2026-03-28 10:30:12,757 - INFO - \u2139\ufe0f DEBUG: Condição Grade B - grade1_grupo2 > 0 or grade2_grupo2 > 0 or grade3_grupo2 > 0: False
2026-03-28 10:30:12,757 - INFO - \u2139\ufe0f GRA.B total=0.0 => comprimentos=[0.0, 0.0, 0.0], espacos=[0.0, 0.0]
2026-03-28 10:30:12,759 - WARNING - \u26a0\ufe0f Pilar especial INATIVO (sem globais no gerador) - retornando valor original: -52
2026-03-28 10:30:12,759 - INFO - Debug - Scale factor obtido: 2 (tipo: <class 'int'>)
2026-03-28 10:30:12,759 - INFO - 
----------------------------------------
2026-03-28 10:30:12,759 - INFO - \U0001f4cc VERIFICAÇÃO DE PILAR ESPECIAL ATIVO
2026-03-28 10:30:12,759 - INFO - ----------------------------------------
2026-03-28 10:30:12,759 - INFO - \u2139\ufe0f \U0001f504 Verificando se pilar especial está ativo...
2026-03-28 10:30:12,759 - INFO - \u2139\ufe0f \U0001f504 Status do checkbox pilar_rotacionado_var: False
2026-03-28 10:30:12,759 - INFO - \u2139\ufe0f \U0001f504 Status do checkbox pilar_especial_ativo_var: False
2026-03-28 10:30:12,759 - INFO - \u2139\ufe0f Pilar especial INATIVO - pilar_rotacionado: False, pilar_especial: False, globais: False, tipo: ''
2026-03-28 10:30:12,760 - INFO - PILAR COMUM - Largura 24.0cm < 40cm, parafusos horizontais não aplicados
2026-03-28 10:30:12,760 - INFO - 
----------------------------------------
2026-03-28 10:30:12,760 - INFO - \U0001f4cc DECISÃO DE COMANDO SCALE/ROTATE
2026-03-28 10:30:12,760 - INFO - ----------------------------------------
2026-03-28 10:30:12,760 - INFO - \u2139\ufe0f \U0001f504 Verificando qual comando usar (SCALE ou ROTATE)...
2026-03-28 10:30:12,760 - INFO - \u2139\ufe0f \U0001f504 Status pilar_rotacionado = False, usar_scale = True
2026-03-28 10:30:12,760 - INFO - \u2139\ufe0f \u2705 Usando _SCALE
2026-03-28 10:30:12,760 - INFO - \u2139\ufe0f \U0001f504 Verificando se é pilar especial: False
2026-03-28 10:30:12,760 - INFO - \u2139\ufe0f \u2705 Pilar normal - usando valores padrão no _SCALE
2026-03-28 10:30:12,760 - INFO - \u2139\ufe0f \u2705 Script gerado com sucesso!
2026-03-28 10:30:12,760 - INFO - \U0001f504 Script gerado: Tamanho: 2272 caracteres
2026-03-28 10:30:12,760 - INFO - 
============================================================
2026-03-28 10:30:12,760 - INFO - \U0001f4cb FIM DA GERAÇÃO DE SCRIPT CIMA
2026-03-28 10:30:12,760 - INFO - ============================================================
2026-03-28 10:30:13,182 - INFO - Binds configurados para todos os locks
2026-03-28 10:30:13,186 - INFO - Carregando configurações de layers...
2026-03-28 10:30:13,189 - INFO - Carregando configurações de blocos...
2026-03-28 10:30:13,192 - INFO - Carregando opções de desenho...
2026-03-28 10:30:13,195 - INFO - Configurações carregadas com sucesso!
2026-03-28 10:30:13,195 - INFO - Aplicação inicializada com sucesso
2026-03-28 10:30:13,200 - INFO - Posição da laje A atualizada para 5 (PE=425.0, LAJE=0.0, DIV=120)
2026-03-28 10:30:13,205 - INFO - Posição da laje A atualizada para 5 (PE=425.0, LAJE=0.0, DIV=120)
2026-03-28 10:30:13,211 - INFO - Posição da laje B atualizada para 5 (PE=425.0, LAJE=0.0, DIV=120)
2026-03-28 10:30:13,216 - INFO - Posição da laje B atualizada para 5 (PE=425.0, LAJE=0.0, DIV=120)
2026-03-28 10:30:13,220 - INFO - Posição da laje C atualizada para 3 (PE=425.0, LAJE=0.0, DIV=242)
2026-03-28 10:30:13,225 - INFO - Posição da laje C atualizada para 3 (PE=425.0, LAJE=0.0, DIV=242)
2026-03-28 10:30:13,230 - INFO - Posição da laje D atualizada para 3 (PE=425.0, LAJE=0.0, DIV=242)
2026-03-28 10:30:13,235 - INFO - Posição da laje D atualizada para 3 (PE=425.0, LAJE=0.0, DIV=242)
2026-03-28 10:30:13,238 - INFO - Altura Painel A: 0.0 cm
2026-03-28 10:30:13,238 - INFO - Altura Painel A: 0.0 cm
2026-03-28 10:30:13,238 - INFO - Altura Painel A: 0.0 cm
2026-03-28 10:30:13,238 - INFO - Altura Painel A: 0.0 cm
2026-03-28 10:30:13,238 - INFO - Altura Painel A: 0.0 cm
2026-03-28 10:30:13,238 - INFO - [SCRIPT 1] Laje A para PD: 0.0 cm
2026-03-28 10:30:13,238 - INFO - PD calculado: 0.0cm (0,00m)
2026-03-28 10:30:13,239 - INFO - Tipo de moldura configurado: MULDURA
2026-03-28 10:30:13,239 - INFO - Usando configuração padrão MULDURA
2026-03-28 10:30:13,239 - INFO - Posições: A(-6920), B(-6620.0), C(-6320.0), D(-6090.0)
2026-03-28 10:30:13,239 - INFO - Script gerado com sucesso!
2026-03-28 10:30:13,241 - INFO - Script salvo como: P1_ABCD.scr
2026-03-28 10:30:20,596 - INFO - Iniciando logs de depuração para robo_cima
2026-03-28 10:30:20,597 - INFO - Arquivo de log: logs\depuracao\robo_cima_20260328_103020.log
2026-03-28 10:30:20,942 - INFO - Iniciando logs de depuração para robo_cima
2026-03-28 10:30:20,942 - INFO - Arquivo de log: logs\depuracao\robo_cima_20260328_103020.log
2026-03-28 10:30:21,185 - INFO - \u2139\ufe0f \U0001f504 Instância do GeradorPilar registrada globalmente
2026-03-28 10:30:21,185 - INFO - \u2139\ufe0f \U0001f504 Globais do pilar especial inicializadas
2026-03-28 10:30:21,186 - INFO - Aplicação inicializada com sucesso
2026-03-28 10:30:21,186 - INFO - Função calcular_valores iniciada
2026-03-28 10:30:21,186 - INFO - Debug - Comprimento: 88.0, Qtd Parafusos (LEGACY): 2
2026-03-28 10:30:21,186 - INFO - Debug - Distâncias finais (LEGACY): [56, 56, 0, 0, 0, 0, 0, 0]
2026-03-28 10:30:21,625 - INFO - 
----------------------------------------
2026-03-28 10:30:21,625 - INFO - \U0001f4cc VERIFICAÇÃO DE PILAR ESPECIAL ATIVO
2026-03-28 10:30:21,625 - INFO - ----------------------------------------
2026-03-28 10:30:21,625 - INFO - \u2139\ufe0f \U0001f504 Verificando se pilar especial está ativo...
2026-03-28 10:30:21,625 - INFO - \u2139\ufe0f \U0001f504 Status do checkbox pilar_rotacionado_var: False
2026-03-28 10:30:21,626 - INFO - \u2139\ufe0f \U0001f504 Status do checkbox pilar_especial_ativo_var: False
2026-03-28 10:30:21,626 - INFO - \u2139\ufe0f Pilar especial INATIVO - pilar_rotacionado: False, pilar_especial: False, globais: False, tipo: ''
2026-03-28 10:30:21,627 - INFO - 
----------------------------------------
2026-03-28 10:30:21,627 - INFO - \U0001f4cc VERIFICAÇÃO DE PILAR ESPECIAL ATIVO
2026-03-28 10:30:21,627 - INFO - ----------------------------------------
2026-03-28 10:30:21,627 - INFO - \u2139\ufe0f \U0001f504 Verificando se pilar especial está ativo...
2026-03-28 10:30:21,627 - INFO - \u2139\ufe0f \U0001f504 Status do checkbox pilar_rotacionado_var: False
2026-03-28 10:30:21,627 - INFO - \u2139\ufe0f \U0001f504 Status do checkbox pilar_especial_ativo_var: False
2026-03-28 10:30:21,627 - INFO - \u2139\ufe0f Pilar especial INATIVO - pilar_rotacionado: False, pilar_especial: False, globais: False, tipo: ''
2026-03-28 10:30:21,680 - INFO - 
----------------------------------------
2026-03-28 10:30:21,681 - INFO - \U0001f4cc VERIFICAÇÃO DE PILAR ESPECIAL ATIVO
2026-03-28 10:30:21,681 - INFO - ----------------------------------------
2026-03-28 10:30:21,681 - INFO - \u2139\ufe0f \U0001f504 Verificando se pilar especial está ativo...
2026-03-28 10:30:21,681 - INFO - \u2139\ufe0f \U0001f504 Status do checkbox pilar_rotacionado_var: False
2026-03-28 10:30:21,681 - INFO - \u2139\ufe0f \U0001f504 Status do checkbox pilar_especial_ativo_var: False
2026-03-28 10:30:21,681 - INFO - \u2139\ufe0f Pilar especial INATIVO - pilar_rotacionado: False, pilar_especial: False, globais: False, tipo: ''
2026-03-28 10:30:21,682 - INFO - 
----------------------------------------
2026-03-28 10:30:21,682 - INFO - \U0001f4cc VERIFICAÇÃO DE PILAR ESPECIAL ATIVO
2026-03-28 10:30:21,682 - INFO - ----------------------------------------
2026-03-28 10:30:21,682 - INFO - \u2139\ufe0f \U0001f504 Verificando se pilar especial está ativo...
2026-03-28 10:30:21,682 - INFO - \u2139\ufe0f \U0001f504 Status do checkbox pilar_rotacionado_var: False
2026-03-28 10:30:21,682 - INFO - \u2139\ufe0f \U0001f504 Status do checkbox pilar_especial_ativo_var: False
2026-03-28 10:30:21,683 - INFO - \u2139\ufe0f Pilar especial INATIVO - pilar_rotacionado: False, pilar_especial: False, globais: False, tipo: ''
2026-03-28 10:30:21,735 - INFO - 
----------------------------------------
2026-03-28 10:30:21,735 - INFO - \U0001f4cc VERIFICAÇÃO DE PILAR ESPECIAL ATIVO
2026-03-28 10:30:21,735 - INFO - ----------------------------------------
2026-03-28 10:30:21,736 - INFO - \u2139\ufe0f \U0001f504 Verificando se pilar especial está ativo...
2026-03-28 10:30:21,736 - INFO - \u2139\ufe0f \U0001f504 Status do checkbox pilar_rotacionado_var: False
2026-03-28 10:30:21,736 - INFO - \u2139\ufe0f \U0001f504 Status do checkbox pilar_especial_ativo_var: False
2026-03-28 10:30:21,736 - INFO - \u2139\ufe0f Pilar especial INATIVO - pilar_rotacionado: False, pilar_especial: False, globais: False, tipo: ''
2026-03-28 10:30:21,737 - INFO - 
----------------------------------------
2026-03-28 10:30:21,737 - INFO - \U0001f4cc VERIFICAÇÃO DE PILAR ESPECIAL ATIVO
2026-03-28 10:30:21,737 - INFO - ----------------------------------------
2026-03-28 10:30:21,737 - INFO - \u2139\ufe0f \U0001f504 Verificando se pilar especial está ativo...
2026-03-28 10:30:21,737 - INFO - \u2139\ufe0f \U0001f504 Status do checkbox pilar_rotacionado_var: False
2026-03-28 10:30:21,737 - INFO - \u2139\ufe0f \U0001f504 Status do checkbox pilar_especial_ativo_var: False
2026-03-28 10:30:21,737 - INFO - \u2139\ufe0f Pilar especial INATIVO - pilar_rotacionado: False, pilar_especial: False, globais: False, tipo: ''
2026-03-28 10:30:21,789 - INFO - 
----------------------------------------
2026-03-28 10:30:21,789 - INFO - \U0001f4cc VERIFICAÇÃO DE PILAR ESPECIAL ATIVO
2026-03-28 10:30:21,789 - INFO - ----------------------------------------
2026-03-28 10:30:21,789 - INFO - \u2139\ufe0f \U0001f504 Verificando se pilar especial está ativo...
2026-03-28 10:30:21,789 - INFO - \u2139\ufe0f \U0001f504 Status do checkbox pilar_rotacionado_var: False
2026-03-28 10:30:21,789 - INFO - \u2139\ufe0f \U0001f504 Status do checkbox pilar_especial_ativo_var: False
2026-03-28 10:30:21,789 - INFO - \u2139\ufe0f Pilar especial INATIVO - pilar_rotacionado: False, pilar_especial: False, globais: False, tipo: ''
2026-03-28 10:30:21,790 - INFO - 
----------------------------------------
2026-03-28 10:30:21,791 - INFO - \U0001f4cc VERIFICAÇÃO DE PILAR ESPECIAL ATIVO
2026-03-28 10:30:21,791 - INFO - ----------------------------------------
2026-03-28 10:30:21,791 - INFO - \u2139\ufe0f \U0001f504 Verificando se pilar especial está ativo...
2026-03-28 10:30:21,791 - INFO - \u2139\ufe0f \U0001f504 Status do checkbox pilar_rotacionado_var: False
2026-03-28 10:30:21,791 - INFO - \u2139\ufe0f \U0001f504 Status do checkbox pilar_especial_ativo_var: False
2026-03-28 10:30:21,791 - INFO - \u2139\ufe0f Pilar especial INATIVO - pilar_rotacionado: False, pilar_especial: False, globais: False, tipo: ''
2026-03-28 10:30:21,845 - INFO - 
----------------------------------------
2026-03-28 10:30:21,845 - INFO - \U0001f4cc VERIFICAÇÃO DE PILAR ESPECIAL ATIVO
2026-03-28 10:30:21,845 - INFO - ----------------------------------------
2026-03-28 10:30:21,845 - INFO - \u2139\ufe0f \U0001f504 Verificando se pilar especial está ativo...
2026-03-28 10:30:21,845 - INFO - \u2139\ufe0f \U0001f504 Status do checkbox pilar_rotacionado_var: False
2026-03-28 10:30:21,845 - INFO - \u2139\ufe0f \U0001f504 Status do checkbox pilar_especial_ativo_var: False
2026-03-28 10:30:21,845 - INFO - \u2139\ufe0f Pilar especial INATIVO - pilar_rotacionado: False, pilar_especial: False, globais: False, tipo: ''
2026-03-28 10:30:21,846 - INFO - 
----------------------------------------
2026-03-28 10:30:21,846 - INFO - \U0001f4cc VERIFICAÇÃO DE PILAR ESPECIAL ATIVO
2026-03-28 10:30:21,847 - INFO - ----------------------------------------
2026-03-28 10:30:21,847 - INFO - \u2139\ufe0f \U0001f504 Verificando se pilar especial está ativo...
2026-03-28 10:30:21,847 - INFO - \u2139\ufe0f \U0001f504 Status do checkbox pilar_rotacionado_var: False
2026-03-28 10:30:21,847 - INFO - \u2139\ufe0f \U0001f504 Status do checkbox pilar_especial_ativo_var: False
2026-03-28 10:30:21,847 - INFO - \u2139\ufe0f Pilar especial INATIVO - pilar_rotacionado: False, pilar_especial: False, globais: False, tipo: ''
2026-03-28 10:30:21,900 - INFO - 
----------------------------------------
2026-03-28 10:30:21,900 - INFO - \U0001f4cc VERIFICAÇÃO DE PILAR ESPECIAL ATIVO
2026-03-28 10:30:21,900 - INFO - ----------------------------------------
2026-03-28 10:30:21,900 - INFO - \u2139\ufe0f \U0001f504 Verificando se pilar especial está ativo...
2026-03-28 10:30:21,900 - INFO - \u2139\ufe0f \U0001f504 Status do checkbox pilar_rotacionado_var: False
2026-03-28 10:30:21,900 - INFO - \u2139\ufe0f \U0001f504 Status do checkbox pilar_especial_ativo_var: False
2026-03-28 10:30:21,900 - INFO - \u2139\ufe0f Pilar especial INATIVO - pilar_rotacionado: False, pilar_especial: False, globais: False, tipo: ''
2026-03-28 10:30:21,901 - INFO - 
----------------------------------------
2026-03-28 10:30:21,902 - INFO - \U0001f4cc VERIFICAÇÃO DE PILAR ESPECIAL ATIVO
2026-03-28 10:30:21,902 - INFO - ----------------------------------------
2026-03-28 10:30:21,902 - INFO - \u2139\ufe0f \U0001f504 Verificando se pilar especial está ativo...
2026-03-28 10:30:21,902 - INFO - \u2139\ufe0f \U0001f504 Status do checkbox pilar_rotacionado_var: False
2026-03-28 10:30:21,902 - INFO - \u2139\ufe0f \U0001f504 Status do checkbox pilar_especial_ativo_var: False
2026-03-28 10:30:21,902 - INFO - \u2139\ufe0f Pilar especial INATIVO - pilar_rotacionado: False, pilar_especial: False, globais: False, tipo: ''
2026-03-28 10:30:21,955 - INFO - 
----------------------------------------
2026-03-28 10:30:21,955 - INFO - \U0001f4cc VERIFICAÇÃO DE PILAR ESPECIAL ATIVO
2026-03-28 10:30:21,955 - INFO - ----------------------------------------
2026-03-28 10:30:21,955 - INFO - \u2139\ufe0f \U0001f504 Verificando se pilar especial está ativo...
2026-03-28 10:30:21,955 - INFO - \u2139\ufe0f \U0001f504 Status do checkbox pilar_rotacionado_var: False
2026-03-28 10:30:21,955 - INFO - \u2139\ufe0f \U0001f504 Status do checkbox pilar_especial_ativo_var: False
2026-03-28 10:30:21,955 - INFO - \u2139\ufe0f Pilar especial INATIVO - pilar_rotacionado: False, pilar_especial: False, globais: False, tipo: ''
2026-03-28 10:30:21,956 - INFO - 
----------------------------------------
2026-03-28 10:30:21,956 - INFO - \U0001f4cc VERIFICAÇÃO DE PILAR ESPECIAL ATIVO
2026-03-28 10:30:21,956 - INFO - ----------------------------------------
2026-03-28 10:30:21,956 - INFO - \u2139\ufe0f \U0001f504 Verificando se pilar especial está ativo...
2026-03-28 10:30:21,956 - INFO - \u2139\ufe0f \U0001f504 Status do checkbox pilar_rotacionado_var: False
2026-03-28 10:30:21,957 - INFO - \u2139\ufe0f \U0001f504 Status do checkbox pilar_especial_ativo_var: False
2026-03-28 10:30:21,957 - INFO - \u2139\ufe0f Pilar especial INATIVO - pilar_rotacionado: False, pilar_especial: False, globais: False, tipo: ''
2026-03-28 10:30:22,010 - INFO - 
----------------------------------------
2026-03-28 10:30:22,010 - INFO - \U0001f4cc VERIFICAÇÃO DE PILAR ESPECIAL ATIVO
2026-03-28 10:30:22,010 - INFO - ----------------------------------------
2026-03-28 10:30:22,010 - INFO - \u2139\ufe0f \U0001f504 Verificando se pilar especial está ativo...
2026-03-28 10:30:22,010 - INFO - \u2139\ufe0f \U0001f504 Status do checkbox pilar_rotacionado_var: False
2026-03-28 10:30:22,010 - INFO - \u2139\ufe0f \U0001f504 Status do checkbox pilar_especial_ativo_var: False
2026-03-28 10:30:22,010 - INFO - \u2139\ufe0f Pilar especial INATIVO - pilar_rotacionado: False, pilar_especial: False, globais: False, tipo: ''
2026-03-28 10:30:22,011 - INFO - 
----------------------------------------
2026-03-28 10:30:22,011 - INFO - \U0001f4cc VERIFICAÇÃO DE PILAR ESPECIAL ATIVO
2026-03-28 10:30:22,011 - INFO - ----------------------------------------
2026-03-28 10:30:22,011 - INFO - \u2139\ufe0f \U0001f504 Verificando se pilar especial está ativo...
2026-03-28 10:30:22,011 - INFO - \u2139\ufe0f \U0001f504 Status do checkbox pilar_rotacionado_var: False
2026-03-28 10:30:22,012 - INFO - \u2139\ufe0f \U0001f504 Status do checkbox pilar_especial_ativo_var: False
2026-03-28 10:30:22,012 - INFO - \u2139\ufe0f Pilar especial INATIVO - pilar_rotacionado: False, pilar_especial: False, globais: False, tipo: ''
2026-03-28 10:30:22,065 - INFO - 
----------------------------------------
2026-03-28 10:30:22,065 - INFO - \U0001f4cc VERIFICAÇÃO DE PILAR ESPECIAL ATIVO
2026-03-28 10:30:22,065 - INFO - ----------------------------------------
2026-03-28 10:30:22,065 - INFO - \u2139\ufe0f \U0001f504 Verificando se pilar especial está ativo...
2026-03-28 10:30:22,065 - INFO - \u2139\ufe0f \U0001f504 Status do checkbox pilar_rotacionado_var: False
2026-03-28 10:30:22,065 - INFO - \u2139\ufe0f \U0001f504 Status do checkbox pilar_especial_ativo_var: False
2026-03-28 10:30:22,066 - INFO - \u2139\ufe0f Pilar especial INATIVO - pilar_rotacionado: False, pilar_especial: False, globais: False, tipo: ''
2026-03-28 10:30:22,067 - INFO - 
----------------------------------------
2026-03-28 10:30:22,067 - INFO - \U0001f4cc VERIFICAÇÃO DE PILAR ESPECIAL ATIVO
2026-03-28 10:30:22,067 - INFO - ----------------------------------------
2026-03-28 10:30:22,067 - INFO - \u2139\ufe0f \U0001f504 Verificando se pilar especial está ativo...
2026-03-28 10:30:22,067 - INFO - \u2139\ufe0f \U0001f504 Status do checkbox pilar_rotacionado_var: False
2026-03-28 10:30:22,067 - INFO - \u2139\ufe0f \U0001f504 Status do checkbox pilar_especial_ativo_var: False
2026-03-28 10:30:22,067 - INFO - \u2139\ufe0f Pilar especial INATIVO - pilar_rotacionado: False, pilar_especial: False, globais: False, tipo: ''
2026-03-28 10:30:22,124 - INFO - 
----------------------------------------
2026-03-28 10:30:22,124 - INFO - \U0001f4cc VERIFICAÇÃO DE PILAR ESPECIAL ATIVO
2026-03-28 10:30:22,124 - INFO - ----------------------------------------
2026-03-28 10:30:22,125 - INFO - \u2139\ufe0f \U0001f504 Verificando se pilar especial está ativo...
2026-03-28 10:30:22,125 - INFO - \u2139\ufe0f \U0001f504 Status do checkbox pilar_rotacionado_var: False
2026-03-28 10:30:22,125 - INFO - \u2139\ufe0f \U0001f504 Status do checkbox pilar_especial_ativo_var: False
2026-03-28 10:30:22,125 - INFO - \u2139\ufe0f Pilar especial INATIVO - pilar_rotacionado: False, pilar_especial: False, globais: False, tipo: ''
2026-03-28 10:30:22,126 - INFO - 
----------------------------------------
2026-03-28 10:30:22,126 - INFO - \U0001f4cc VERIFICAÇÃO DE PILAR ESPECIAL ATIVO
2026-03-28 10:30:22,126 - INFO - ----------------------------------------
2026-03-28 10:30:22,126 - INFO - \u2139\ufe0f \U0001f504 Verificando se pilar especial está ativo...
2026-03-28 10:30:22,126 - INFO - \u2139\ufe0f \U0001f504 Status do checkbox pilar_rotacionado_var: False
2026-03-28 10:30:22,126 - INFO - \u2139\ufe0f \U0001f504 Status do checkbox pilar_especial_ativo_var: False
2026-03-28 10:30:22,126 - INFO - \u2139\ufe0f Pilar especial INATIVO - pilar_rotacionado: False, pilar_especial: False, globais: False, tipo: ''
2026-03-28 10:30:22,178 - INFO - 
----------------------------------------
2026-03-28 10:30:22,178 - INFO - \U0001f4cc VERIFICAÇÃO DE PILAR ESPECIAL ATIVO
2026-03-28 10:30:22,179 - INFO - ----------------------------------------
2026-03-28 10:30:22,179 - INFO - \u2139\ufe0f \U0001f504 Verificando se pilar especial está ativo...
2026-03-28 10:30:22,179 - INFO - \u2139\ufe0f \U0001f504 Status do checkbox pilar_rotacionado_var: False
2026-03-28 10:30:22,179 - INFO - \u2139\ufe0f \U0001f504 Status do checkbox pilar_especial_ativo_var: False
2026-03-28 10:30:22,179 - INFO - \u2139\ufe0f Pilar especial INATIVO - pilar_rotacionado: False, pilar_especial: False, globais: False, tipo: ''
2026-03-28 10:30:22,180 - INFO - 
----------------------------------------
2026-03-28 10:30:22,180 - INFO - \U0001f4cc VERIFICAÇÃO DE PILAR ESPECIAL ATIVO
2026-03-28 10:30:22,180 - INFO - ----------------------------------------
2026-03-28 10:30:22,180 - INFO - \u2139\ufe0f \U0001f504 Verificando se pilar especial está ativo...
2026-03-28 10:30:22,180 - INFO - \u2139\ufe0f \U0001f504 Status do checkbox pilar_rotacionado_var: False
2026-03-28 10:30:22,180 - INFO - \u2139\ufe0f \U0001f504 Status do checkbox pilar_especial_ativo_var: False
2026-03-28 10:30:22,180 - INFO - \u2139\ufe0f Pilar especial INATIVO - pilar_rotacionado: False, pilar_especial: False, globais: False, tipo: ''
2026-03-28 10:30:22,232 - INFO - 
----------------------------------------
2026-03-28 10:30:22,233 - INFO - \U0001f4cc VERIFICAÇÃO DE PILAR ESPECIAL ATIVO
2026-03-28 10:30:22,233 - INFO - ----------------------------------------
2026-03-28 10:30:22,233 - INFO - \u2139\ufe0f \U0001f504 Verificando se pilar especial está ativo...
2026-03-28 10:30:22,233 - INFO - \u2139\ufe0f \U0001f504 Status do checkbox pilar_rotacionado_var: False
2026-03-28 10:30:22,233 - INFO - \u2139\ufe0f \U0001f504 Status do checkbox pilar_especial_ativo_var: False
2026-03-28 10:30:22,233 - INFO - \u2139\ufe0f Pilar especial INATIVO - pilar_rotacionado: False, pilar_especial: False, globais: False, tipo: ''
2026-03-28 10:30:22,234 - INFO - 
----------------------------------------
2026-03-28 10:30:22,234 - INFO - \U0001f4cc VERIFICAÇÃO DE PILAR ESPECIAL ATIVO
2026-03-28 10:30:22,234 - INFO - ----------------------------------------
2026-03-28 10:30:22,234 - INFO - \u2139\ufe0f \U0001f504 Verificando se pilar especial está ativo...
2026-03-28 10:30:22,234 - INFO - \u2139\ufe0f \U0001f504 Status do checkbox pilar_rotacionado_var: False
2026-03-28 10:30:22,234 - INFO - \u2139\ufe0f \U0001f504 Status do checkbox pilar_especial_ativo_var: False
2026-03-28 10:30:22,234 - INFO - \u2139\ufe0f Pilar especial INATIVO - pilar_rotacionado: False, pilar_especial: False, globais: False, tipo: ''
2026-03-28 10:30:22,288 - INFO - 
----------------------------------------
2026-03-28 10:30:22,288 - INFO - \U0001f4cc VERIFICAÇÃO DE PILAR ESPECIAL ATIVO
2026-03-28 10:30:22,288 - INFO - ----------------------------------------
2026-03-28 10:30:22,288 - INFO - \u2139\ufe0f \U0001f504 Verificando se pilar especial está ativo...
2026-03-28 10:30:22,288 - INFO - \u2139\ufe0f \U0001f504 Status do checkbox pilar_rotacionado_var: False
2026-03-28 10:30:22,288 - INFO - \u2139\ufe0f \U0001f504 Status do checkbox pilar_especial_ativo_var: False
2026-03-28 10:30:22,288 - INFO - \u2139\ufe0f Pilar especial INATIVO - pilar_rotacionado: False, pilar_especial: False, globais: False, tipo: ''
2026-03-28 10:30:22,289 - INFO - 
----------------------------------------
2026-03-28 10:30:22,290 - INFO - \U0001f4cc VERIFICAÇÃO DE PILAR ESPECIAL ATIVO
2026-03-28 10:30:22,290 - INFO - ----------------------------------------
2026-03-28 10:30:22,290 - INFO - \u2139\ufe0f \U0001f504 Verificando se pilar especial está ativo...
2026-03-28 10:30:22,290 - INFO - \u2139\ufe0f \U0001f504 Status do checkbox pilar_rotacionado_var: False
2026-03-28 10:30:22,290 - INFO - \u2139\ufe0f \U0001f504 Status do checkbox pilar_especial_ativo_var: False
2026-03-28 10:30:22,290 - INFO - \u2139\ufe0f Pilar especial INATIVO - pilar_rotacionado: False, pilar_especial: False, globais: False, tipo: ''
2026-03-28 10:30:22,344 - INFO - 
----------------------------------------
2026-03-28 10:30:22,344 - INFO - \U0001f4cc VERIFICAÇÃO DE PILAR ESPECIAL ATIVO
2026-03-28 10:30:22,344 - INFO - ----------------------------------------
2026-03-28 10:30:22,344 - INFO - \u2139\ufe0f \U0001f504 Verificando se pilar especial está ativo...
2026-03-28 10:30:22,344 - INFO - \u2139\ufe0f \U0001f504 Status do checkbox pilar_rotacionado_var: False
2026-03-28 10:30:22,344 - INFO - \u2139\ufe0f \U0001f504 Status do checkbox pilar_especial_ativo_var: False
2026-03-28 10:30:22,345 - INFO - \u2139\ufe0f Pilar especial INATIVO - pilar_rotacionado: False, pilar_especial: False, globais: False, tipo: ''
2026-03-28 10:30:22,346 - INFO - 
----------------------------------------
2026-03-28 10:30:22,346 - INFO - \U0001f4cc VERIFICAÇÃO DE PILAR ESPECIAL ATIVO
2026-03-28 10:30:22,346 - INFO - ----------------------------------------
2026-03-28 10:30:22,346 - INFO - \u2139\ufe0f \U0001f504 Verificando se pilar especial está ativo...
2026-03-28 10:30:22,346 - INFO - \u2139\ufe0f \U0001f504 Status do checkbox pilar_rotacionado_var: False
2026-03-28 10:30:22,346 - INFO - \u2139\ufe0f \U0001f504 Status do checkbox pilar_especial_ativo_var: False
2026-03-28 10:30:22,346 - INFO - \u2139\ufe0f Pilar especial INATIVO - pilar_rotacionado: False, pilar_especial: False, globais: False, tipo: ''
2026-03-28 10:30:22,400 - INFO - 
----------------------------------------
2026-03-28 10:30:22,400 - INFO - \U0001f4cc VERIFICAÇÃO DE PILAR ESPECIAL ATIVO
2026-03-28 10:30:22,400 - INFO - ----------------------------------------
2026-03-28 10:30:22,400 - INFO - \u2139\ufe0f \U0001f504 Verificando se pilar especial está ativo...
2026-03-28 10:30:22,400 - INFO - \u2139\ufe0f \U0001f504 Status do checkbox pilar_rotacionado_var: False
2026-03-28 10:30:22,400 - INFO - \u2139\ufe0f \U0001f504 Status do checkbox pilar_especial_ativo_var: False
2026-03-28 10:30:22,400 - INFO - \u2139\ufe0f Pilar especial INATIVO - pilar_rotacionado: False, pilar_especial: False, globais: False, tipo: ''
2026-03-28 10:30:22,401 - INFO - 
----------------------------------------
2026-03-28 10:30:22,402 - INFO - \U0001f4cc VERIFICAÇÃO DE PILAR ESPECIAL ATIVO
2026-03-28 10:30:22,402 - INFO - ----------------------------------------
2026-03-28 10:30:22,402 - INFO - \u2139\ufe0f \U0001f504 Verificando se pilar especial está ativo...
2026-03-28 10:30:22,402 - INFO - \u2139\ufe0f \U0001f504 Status do checkbox pilar_rotacionado_var: False
2026-03-28 10:30:22,402 - INFO - \u2139\ufe0f \U0001f504 Status do checkbox pilar_especial_ativo_var: False
2026-03-28 10:30:22,402 - INFO - \u2139\ufe0f Pilar especial INATIVO - pilar_rotacionado: False, pilar_especial: False, globais: False, tipo: ''
2026-03-28 10:30:22,454 - INFO - 
----------------------------------------
2026-03-28 10:30:22,454 - INFO - \U0001f4cc VERIFICAÇÃO DE PILAR ESPECIAL ATIVO
2026-03-28 10:30:22,455 - INFO - ----------------------------------------
2026-03-28 10:30:22,455 - INFO - \u2139\ufe0f \U0001f504 Verificando se pilar especial está ativo...
2026-03-28 10:30:22,455 - INFO - \u2139\ufe0f \U0001f504 Status do checkbox pilar_rotacionado_var: False
2026-03-28 10:30:22,455 - INFO - \u2139\ufe0f \U0001f504 Status do checkbox pilar_especial_ativo_var: False
2026-03-28 10:30:22,455 - INFO - \u2139\ufe0f Pilar especial INATIVO - pilar_rotacionado: False, pilar_especial: False, globais: False, tipo: ''
2026-03-28 10:30:22,456 - INFO - 
----------------------------------------
2026-03-28 10:30:22,456 - INFO - \U0001f4cc VERIFICAÇÃO DE PILAR ESPECIAL ATIVO
2026-03-28 10:30:22,456 - INFO - ----------------------------------------
2026-03-28 10:30:22,456 - INFO - \u2139\ufe0f \U0001f504 Verificando se pilar especial está ativo...
2026-03-28 10:30:22,456 - INFO - \u2139\ufe0f \U0001f504 Status do checkbox pilar_rotacionado_var: False
2026-03-28 10:30:22,456 - INFO - \u2139\ufe0f \U0001f504 Status do checkbox pilar_especial_ativo_var: False
2026-03-28 10:30:22,456 - INFO - \u2139\ufe0f Pilar especial INATIVO - pilar_rotacionado: False, pilar_especial: False, globais: False, tipo: ''
2026-03-28 10:30:22,697 - INFO - 
============================================================
2026-03-28 10:30:22,697 - INFO - \U0001f4cb GERAÇÃO DE SCRIPT CIMA
2026-03-28 10:30:22,697 - INFO - ============================================================
2026-03-28 10:30:22,697 - INFO - \u2139\ufe0f \U0001f504 === INÍCIO DO gerar_script() ===
2026-03-28 10:30:22,697 - INFO - \u2139\ufe0f \U0001f504 Estado inicial das globais: ID=2608032441472, len=0
2026-03-28 10:30:22,698 - WARNING - \u26a0\ufe0f _globais_pilar_especial está vazio ou None!
2026-03-28 10:30:22,698 - INFO - \u2139\ufe0f \U0001f504 Status pilar_rotacionado no inicio: False
2026-03-28 10:30:22,698 - INFO - \u2139\ufe0f \U0001f504 Prestes a chamar _verificar_pilar_especial_ativo()...
2026-03-28 10:30:22,698 - INFO - \u2139\ufe0f \U0001f504 Estado das globais ANTES da verificação: False
2026-03-28 10:30:22,698 - INFO - 
----------------------------------------
2026-03-28 10:30:22,698 - INFO - \U0001f4cc VERIFICAÇÃO DE PILAR ESPECIAL ATIVO
2026-03-28 10:30:22,698 - INFO - ----------------------------------------
2026-03-28 10:30:22,698 - INFO - \u2139\ufe0f \U0001f504 Verificando se pilar especial está ativo...
2026-03-28 10:30:22,698 - INFO - \u2139\ufe0f \U0001f504 Status do checkbox pilar_rotacionado_var: False
2026-03-28 10:30:22,698 - INFO - \u2139\ufe0f \U0001f504 Status do checkbox pilar_especial_ativo_var: False
2026-03-28 10:30:22,698 - INFO - \u2139\ufe0f Pilar especial INATIVO - pilar_rotacionado: False, pilar_especial: False, globais: False, tipo: ''
2026-03-28 10:30:22,698 - INFO - \u2139\ufe0f \U0001f504 Resultado da verificação: False
2026-03-28 10:30:22,698 - INFO - \u2139\ufe0f \U0001f504 Estado das globais APÓS a verificação: False
2026-03-28 10:30:22,698 - INFO - \u2139\ufe0f \U0001f504 Pilar especial ativo: False
2026-03-28 10:30:22,699 - INFO - 
----------------------------------------
2026-03-28 10:30:22,699 - INFO - \U0001f4cc APLICAÇÃO DE ALTERAÇÕES PILAR ESPECIAL - PAI.B
2026-03-28 10:30:22,699 - INFO - ----------------------------------------
2026-03-28 10:30:22,699 - INFO - \u2139\ufe0f \U0001f504 Aplicando alterações do pilar especial para PAI.B...
2026-03-28 10:30:22,699 - WARNING - \u26a0\ufe0f Pilar especial INATIVO (sem globais no gerador) - retornando valor original: -51
2026-03-28 10:30:22,699 - WARNING - \u26a0\ufe0f Pilar especial INATIVO (sem globais no gerador) - retornando valor original: 94.0
2026-03-28 10:30:22,699 - WARNING - \u26a0\ufe0f Pilar especial INATIVO (sem globais no gerador) - retornando valor original: 110.0
2026-03-28 10:30:22,699 - INFO - \u2139\ufe0f \U0001f504 PAI.B - Posição X: -51 -> -51
2026-03-28 10:30:22,699 - INFO - \u2139\ufe0f \U0001f504 PAI.B - Posição Y: 94.0 -> 94.0
2026-03-28 10:30:22,699 - INFO - \u2139\ufe0f \U0001f504 PAI.B - Comprimento: 110.0 -> 110.0
2026-03-28 10:30:22,699 - WARNING - \u26a0\ufe0f Pilar especial INATIVO (sem globais no gerador) - retornando valor original: -51
2026-03-28 10:30:22,699 - WARNING - \u26a0\ufe0f Pilar especial INATIVO (sem globais no gerador) - retornando valor original: 70
2026-03-28 10:30:22,699 - WARNING - \u26a0\ufe0f Pilar especial INATIVO (sem globais no gerador) - retornando valor original: 110.0
2026-03-28 10:30:22,699 - INFO - \u2139\ufe0f [REFERENCIA-DINAMICA] Parede esquerda PAI.A FINAL REAL registrada: -51
2026-03-28 10:30:22,700 - WARNING - \u26a0\ufe0f Pilar especial INATIVO (sem globais no gerador) - retornando valor original: -71
2026-03-28 10:30:22,700 - WARNING - \u26a0\ufe0f Pilar especial INATIVO (sem globais no gerador) - retornando valor original: 150.0
2026-03-28 10:30:22,700 - INFO - \u2139\ufe0f \U0001f527 METAL A - posX=-71, posY=61.0, comp=150.0, endX=79.0, largura=7
2026-03-28 10:30:22,700 - WARNING - \u26a0\ufe0f Pilar especial INATIVO (sem globais no gerador) - retornando valor original: -71
2026-03-28 10:30:22,700 - WARNING - \u26a0\ufe0f Pilar especial INATIVO (sem globais no gerador) - retornando valor original: 150.0
2026-03-28 10:30:22,700 - INFO - \u2139\ufe0f \U0001f527 METAL B - posX=-71, posY=103.0, comp=150.0, endX=79.0, largura=7
2026-03-28 10:30:22,701 - INFO - \u2139\ufe0f DEBUG: Valores lidos Grade A - grade1=0.0, grade2=0.0, grade3=0.0, dist1=0.0, dist2=0.0
2026-03-28 10:30:22,701 - INFO - \u2139\ufe0f DEBUG: Condição Grade A - grade1 > 0: False, grade2 > 0: False, grade3 > 0: False
2026-03-28 10:30:22,701 - INFO - \u2139\ufe0f DEBUG: Condição Grade A - grade1 > 0 or grade2 > 0 or grade3 > 0: False
2026-03-28 10:30:22,701 - INFO - \u2139\ufe0f GRA.A total=0.0 => comprimentos=[0.0, 0.0, 0.0], espacos=[0.0, 0.0]
2026-03-28 10:30:22,701 - INFO - \u2139\ufe0f DEBUG: Valores lidos Grade B - grade1_grupo2=0.0, grade2_grupo2=0.0, grade3_grupo2=0.0, dist1_grupo2=0.0, dist2_grupo2=0.0
2026-03-28 10:30:22,701 - INFO - \u2139\ufe0f DEBUG: Condição Grade B - grade1_grupo2 > 0: False, grade2_grupo2 > 0: False, grade3_grupo2 > 0: False
2026-03-28 10:30:22,701 - INFO - \u2139\ufe0f DEBUG: Condição Grade B - grade1_grupo2 > 0 or grade2_grupo2 > 0 or grade3_grupo2 > 0: False
2026-03-28 10:30:22,701 - INFO - \u2139\ufe0f GRA.B total=0.0 => comprimentos=[0.0, 0.0, 0.0], espacos=[0.0, 0.0]
2026-03-28 10:30:22,703 - WARNING - \u26a0\ufe0f Pilar especial INATIVO (sem globais no gerador) - retornando valor original: -52
2026-03-28 10:30:22,703 - INFO - Debug - Scale factor obtido: 2 (tipo: <class 'int'>)
2026-03-28 10:30:22,703 - INFO - 
----------------------------------------
2026-03-28 10:30:22,703 - INFO - \U0001f4cc VERIFICAÇÃO DE PILAR ESPECIAL ATIVO
2026-03-28 10:30:22,703 - INFO - ----------------------------------------
2026-03-28 10:30:22,703 - INFO - \u2139\ufe0f \U0001f504 Verificando se pilar especial está ativo...
2026-03-28 10:30:22,703 - INFO - \u2139\ufe0f \U0001f504 Status do checkbox pilar_rotacionado_var: False
2026-03-28 10:30:22,703 - INFO - \u2139\ufe0f \U0001f504 Status do checkbox pilar_especial_ativo_var: False
2026-03-28 10:30:22,704 - INFO - \u2139\ufe0f Pilar especial INATIVO - pilar_rotacionado: False, pilar_especial: False, globais: False, tipo: ''
2026-03-28 10:30:22,704 - INFO - PILAR COMUM - Largura 24.0cm < 40cm, parafusos horizontais não aplicados
2026-03-28 10:30:22,704 - INFO - 
----------------------------------------
2026-03-28 10:30:22,704 - INFO - \U0001f4cc DECISÃO DE COMANDO SCALE/ROTATE
2026-03-28 10:30:22,704 - INFO - ----------------------------------------
2026-03-28 10:30:22,704 - INFO - \u2139\ufe0f \U0001f504 Verificando qual comando usar (SCALE ou ROTATE)...
2026-03-28 10:30:22,704 - INFO - \u2139\ufe0f \U0001f504 Status pilar_rotacionado = False, usar_scale = True
2026-03-28 10:30:22,704 - INFO - \u2139\ufe0f \u2705 Usando _SCALE
2026-03-28 10:30:22,704 - INFO - \u2139\ufe0f \U0001f504 Verificando se é pilar especial: False
2026-03-28 10:30:22,704 - INFO - \u2139\ufe0f \u2705 Pilar normal - usando valores padrão no _SCALE
2026-03-28 10:30:22,704 - INFO - \u2139\ufe0f \u2705 Script gerado com sucesso!
2026-03-28 10:30:22,704 - INFO - \U0001f504 Script gerado: Tamanho: 2272 caracteres
2026-03-28 10:30:22,704 - INFO - 
============================================================
2026-03-28 10:30:22,704 - INFO - \U0001f4cb FIM DA GERAÇÃO DE SCRIPT CIMA
2026-03-28 10:30:22,704 - INFO - ============================================================
2026-03-28 10:30:23,102 - INFO - Binds configurados para todos os locks
2026-03-28 10:30:23,106 - INFO - Carregando configurações de layers...
2026-03-28 10:30:23,109 - INFO - Carregando configurações de blocos...
2026-03-28 10:30:23,112 - INFO - Carregando opções de desenho...
2026-03-28 10:30:23,115 - INFO - Configurações carregadas com sucesso!
2026-03-28 10:30:23,115 - INFO - Aplicação inicializada com sucesso
2026-03-28 10:30:23,121 - INFO - Posição da laje A atualizada para 5 (PE=425.0, LAJE=0.0, DIV=120)
2026-03-28 10:30:23,126 - INFO - Posição da laje A atualizada para 5 (PE=425.0, LAJE=0.0, DIV=120)
2026-03-28 10:30:23,131 - INFO - Posição da laje B atualizada para 5 (PE=425.0, LAJE=0.0, DIV=120)
2026-03-28 10:30:23,135 - INFO - Posição da laje B atualizada para 5 (PE=425.0, LAJE=0.0, DIV=120)
2026-03-28 10:30:23,140 - INFO - Posição da laje C atualizada para 3 (PE=425.0, LAJE=0.0, DIV=242)
2026-03-28 10:30:23,145 - INFO - Posição da laje C atualizada para 3 (PE=425.0, LAJE=0.0, DIV=242)
2026-03-28 10:30:23,150 - INFO - Posição da laje D atualizada para 3 (PE=425.0, LAJE=0.0, DIV=242)
2026-03-28 10:30:23,155 - INFO - Posição da laje D atualizada para 3 (PE=425.0, LAJE=0.0, DIV=242)
2026-03-28 10:30:23,159 - INFO - Altura Painel A: 0.0 cm
2026-03-28 10:30:23,159 - INFO - Altura Painel A: 0.0 cm
2026-03-28 10:30:23,159 - INFO - Altura Painel A: 0.0 cm
2026-03-28 10:30:23,159 - INFO - Altura Painel A: 0.0 cm
2026-03-28 10:30:23,159 - INFO - Altura Painel A: 0.0 cm
2026-03-28 10:30:23,159 - INFO - [SCRIPT 1] Laje A para PD: 0.0 cm
2026-03-28 10:30:23,159 - INFO - PD calculado: 0.0cm (0,00m)
2026-03-28 10:30:23,159 - INFO - Tipo de moldura configurado: MULDURA
2026-03-28 10:30:23,159 - INFO - Usando configuração padrão MULDURA
2026-03-28 10:30:23,159 - INFO - Posições: A(-6920), B(-6620.0), C(-6320.0), D(-6090.0)
2026-03-28 10:30:23,159 - INFO - Script gerado com sucesso!
2026-03-28 10:30:23,161 - INFO - Script salvo como: P1_ABCD.scr
2026-03-28 10:31:03,521 - INFO - Iniciando logs de depuração para robo_cima
2026-03-28 10:31:03,522 - INFO - Arquivo de log: logs\depuracao\robo_cima_20260328_103103.log
2026-03-28 10:31:03,869 - INFO - Iniciando logs de depuração para robo_cima
2026-03-28 10:31:03,869 - INFO - Arquivo de log: logs\depuracao\robo_cima_20260328_103103.log
2026-03-28 10:31:04,112 - INFO - \u2139\ufe0f \U0001f504 Instância do GeradorPilar registrada globalmente
2026-03-28 10:31:04,112 - INFO - \u2139\ufe0f \U0001f504 Globais do pilar especial inicializadas
2026-03-28 10:31:04,112 - INFO - Aplicação inicializada com sucesso
2026-03-28 10:31:04,112 - INFO - Função calcular_valores iniciada
2026-03-28 10:31:04,112 - INFO - Debug - Comprimento: 88.0, Qtd Parafusos (LEGACY): 2
2026-03-28 10:31:04,113 - INFO - Debug - Distâncias finais (LEGACY): [56, 56, 0, 0, 0, 0, 0, 0]
2026-03-28 10:31:04,549 - INFO - 
----------------------------------------
2026-03-28 10:31:04,549 - INFO - \U0001f4cc VERIFICAÇÃO DE PILAR ESPECIAL ATIVO
2026-03-28 10:31:04,549 - INFO - ----------------------------------------
2026-03-28 10:31:04,549 - INFO - \u2139\ufe0f \U0001f504 Verificando se pilar especial está ativo...
2026-03-28 10:31:04,549 - INFO - \u2139\ufe0f \U0001f504 Status do checkbox pilar_rotacionado_var: False
2026-03-28 10:31:04,549 - INFO - \u2139\ufe0f \U0001f504 Status do checkbox pilar_especial_ativo_var: False
2026-03-28 10:31:04,549 - INFO - \u2139\ufe0f Pilar especial INATIVO - pilar_rotacionado: False, pilar_especial: False, globais: False, tipo: ''
2026-03-28 10:31:04,550 - INFO - 
----------------------------------------
2026-03-28 10:31:04,551 - INFO - \U0001f4cc VERIFICAÇÃO DE PILAR ESPECIAL ATIVO
2026-03-28 10:31:04,551 - INFO - ----------------------------------------
2026-03-28 10:31:04,551 - INFO - \u2139\ufe0f \U0001f504 Verificando se pilar especial está ativo...
2026-03-28 10:31:04,551 - INFO - \u2139\ufe0f \U0001f504 Status do checkbox pilar_rotacionado_var: False
2026-03-28 10:31:04,551 - INFO - \u2139\ufe0f \U0001f504 Status do checkbox pilar_especial_ativo_var: False
2026-03-28 10:31:04,551 - INFO - \u2139\ufe0f Pilar especial INATIVO - pilar_rotacionado: False, pilar_especial: False, globais: False, tipo: ''
2026-03-28 10:31:04,604 - INFO - 
----------------------------------------
2026-03-28 10:31:04,605 - INFO - \U0001f4cc VERIFICAÇÃO DE PILAR ESPECIAL ATIVO
2026-03-28 10:31:04,605 - INFO - ----------------------------------------
2026-03-28 10:31:04,605 - INFO - \u2139\ufe0f \U0001f504 Verificando se pilar especial está ativo...
2026-03-28 10:31:04,605 - INFO - \u2139\ufe0f \U0001f504 Status do checkbox pilar_rotacionado_var: False
2026-03-28 10:31:04,605 - INFO - \u2139\ufe0f \U0001f504 Status do checkbox pilar_especial_ativo_var: False
2026-03-28 10:31:04,605 - INFO - \u2139\ufe0f Pilar especial INATIVO - pilar_rotacionado: False, pilar_especial: False, globais: False, tipo: ''
2026-03-28 10:31:04,606 - INFO - 
----------------------------------------
2026-03-28 10:31:04,606 - INFO - \U0001f4cc VERIFICAÇÃO DE PILAR ESPECIAL ATIVO
2026-03-28 10:31:04,606 - INFO - ----------------------------------------
2026-03-28 10:31:04,606 - INFO - \u2139\ufe0f \U0001f504 Verificando se pilar especial está ativo...
2026-03-28 10:31:04,606 - INFO - \u2139\ufe0f \U0001f504 Status do checkbox pilar_rotacionado_var: False
2026-03-28 10:31:04,606 - INFO - \u2139\ufe0f \U0001f504 Status do checkbox pilar_especial_ativo_var: False
2026-03-28 10:31:04,606 - INFO - \u2139\ufe0f Pilar especial INATIVO - pilar_rotacionado: False, pilar_especial: False, globais: False, tipo: ''
2026-03-28 10:31:04,659 - INFO - 
----------------------------------------
2026-03-28 10:31:04,659 - INFO - \U0001f4cc VERIFICAÇÃO DE PILAR ESPECIAL ATIVO
2026-03-28 10:31:04,659 - INFO - ----------------------------------------
2026-03-28 10:31:04,659 - INFO - \u2139\ufe0f \U0001f504 Verificando se pilar especial está ativo...
2026-03-28 10:31:04,659 - INFO - \u2139\ufe0f \U0001f504 Status do checkbox pilar_rotacionado_var: False
2026-03-28 10:31:04,659 - INFO - \u2139\ufe0f \U0001f504 Status do checkbox pilar_especial_ativo_var: False
2026-03-28 10:31:04,659 - INFO - \u2139\ufe0f Pilar especial INATIVO - pilar_rotacionado: False, pilar_especial: False, globais: False, tipo: ''
2026-03-28 10:31:04,660 - INFO - 
----------------------------------------
2026-03-28 10:31:04,660 - INFO - \U0001f4cc VERIFICAÇÃO DE PILAR ESPECIAL ATIVO
2026-03-28 10:31:04,661 - INFO - ----------------------------------------
2026-03-28 10:31:04,661 - INFO - \u2139\ufe0f \U0001f504 Verificando se pilar especial está ativo...
2026-03-28 10:31:04,661 - INFO - \u2139\ufe0f \U0001f504 Status do checkbox pilar_rotacionado_var: False
2026-03-28 10:31:04,661 - INFO - \u2139\ufe0f \U0001f504 Status do checkbox pilar_especial_ativo_var: False
2026-03-28 10:31:04,661 - INFO - \u2139\ufe0f Pilar especial INATIVO - pilar_rotacionado: False, pilar_especial: False, globais: False, tipo: ''
2026-03-28 10:31:04,714 - INFO - 
----------------------------------------
2026-03-28 10:31:04,714 - INFO - \U0001f4cc VERIFICAÇÃO DE PILAR ESPECIAL ATIVO
2026-03-28 10:31:04,714 - INFO - ----------------------------------------
2026-03-28 10:31:04,714 - INFO - \u2139\ufe0f \U0001f504 Verificando se pilar especial está ativo...
2026-03-28 10:31:04,714 - INFO - \u2139\ufe0f \U0001f504 Status do checkbox pilar_rotacionado_var: False
2026-03-28 10:31:04,714 - INFO - \u2139\ufe0f \U0001f504 Status do checkbox pilar_especial_ativo_var: False
2026-03-28 10:31:04,714 - INFO - \u2139\ufe0f Pilar especial INATIVO - pilar_rotacionado: False, pilar_especial: False, globais: False, tipo: ''
2026-03-28 10:31:04,715 - INFO - 
----------------------------------------
2026-03-28 10:31:04,715 - INFO - \U0001f4cc VERIFICAÇÃO DE PILAR ESPECIAL ATIVO
2026-03-28 10:31:04,715 - INFO - ----------------------------------------
2026-03-28 10:31:04,716 - INFO - \u2139\ufe0f \U0001f504 Verificando se pilar especial está ativo...
2026-03-28 10:31:04,716 - INFO - \u2139\ufe0f \U0001f504 Status do checkbox pilar_rotacionado_var: False
2026-03-28 10:31:04,716 - INFO - \u2139\ufe0f \U0001f504 Status do checkbox pilar_especial_ativo_var: False
2026-03-28 10:31:04,716 - INFO - \u2139\ufe0f Pilar especial INATIVO - pilar_rotacionado: False, pilar_especial: False, globais: False, tipo: ''
2026-03-28 10:31:04,767 - INFO - 
----------------------------------------
2026-03-28 10:31:04,768 - INFO - \U0001f4cc VERIFICAÇÃO DE PILAR ESPECIAL ATIVO
2026-03-28 10:31:04,768 - INFO - ----------------------------------------
2026-03-28 10:31:04,768 - INFO - \u2139\ufe0f \U0001f504 Verificando se pilar especial está ativo...
2026-03-28 10:31:04,768 - INFO - \u2139\ufe0f \U0001f504 Status do checkbox pilar_rotacionado_var: False
2026-03-28 10:31:04,768 - INFO - \u2139\ufe0f \U0001f504 Status do checkbox pilar_especial_ativo_var: False
2026-03-28 10:31:04,768 - INFO - \u2139\ufe0f Pilar especial INATIVO - pilar_rotacionado: False, pilar_especial: False, globais: False, tipo: ''
2026-03-28 10:31:04,769 - INFO - 
----------------------------------------
2026-03-28 10:31:04,769 - INFO - \U0001f4cc VERIFICAÇÃO DE PILAR ESPECIAL ATIVO
2026-03-28 10:31:04,769 - INFO - ----------------------------------------
2026-03-28 10:31:04,769 - INFO - \u2139\ufe0f \U0001f504 Verificando se pilar especial está ativo...
2026-03-28 10:31:04,769 - INFO - \u2139\ufe0f \U0001f504 Status do checkbox pilar_rotacionado_var: False
2026-03-28 10:31:04,769 - INFO - \u2139\ufe0f \U0001f504 Status do checkbox pilar_especial_ativo_var: False
2026-03-28 10:31:04,769 - INFO - \u2139\ufe0f Pilar especial INATIVO - pilar_rotacionado: False, pilar_especial: False, globais: False, tipo: ''
2026-03-28 10:31:04,822 - INFO - 
----------------------------------------
2026-03-28 10:31:04,822 - INFO - \U0001f4cc VERIFICAÇÃO DE PILAR ESPECIAL ATIVO
2026-03-28 10:31:04,822 - INFO - ----------------------------------------
2026-03-28 10:31:04,823 - INFO - \u2139\ufe0f \U0001f504 Verificando se pilar especial está ativo...
2026-03-28 10:31:04,823 - INFO - \u2139\ufe0f \U0001f504 Status do checkbox pilar_rotacionado_var: False
2026-03-28 10:31:04,823 - INFO - \u2139\ufe0f \U0001f504 Status do checkbox pilar_especial_ativo_var: False
2026-03-28 10:31:04,823 - INFO - \u2139\ufe0f Pilar especial INATIVO - pilar_rotacionado: False, pilar_especial: False, globais: False, tipo: ''
2026-03-28 10:31:04,824 - INFO - 
----------------------------------------
2026-03-28 10:31:04,824 - INFO - \U0001f4cc VERIFICAÇÃO DE PILAR ESPECIAL ATIVO
2026-03-28 10:31:04,824 - INFO - ----------------------------------------
2026-03-28 10:31:04,824 - INFO - \u2139\ufe0f \U0001f504 Verificando se pilar especial está ativo...
2026-03-28 10:31:04,824 - INFO - \u2139\ufe0f \U0001f504 Status do checkbox pilar_rotacionado_var: False
2026-03-28 10:31:04,824 - INFO - \u2139\ufe0f \U0001f504 Status do checkbox pilar_especial_ativo_var: False
2026-03-28 10:31:04,824 - INFO - \u2139\ufe0f Pilar especial INATIVO - pilar_rotacionado: False, pilar_especial: False, globais: False, tipo: ''
2026-03-28 10:31:04,876 - INFO - 
----------------------------------------
2026-03-28 10:31:04,876 - INFO - \U0001f4cc VERIFICAÇÃO DE PILAR ESPECIAL ATIVO
2026-03-28 10:31:04,876 - INFO - ----------------------------------------
2026-03-28 10:31:04,876 - INFO - \u2139\ufe0f \U0001f504 Verificando se pilar especial está ativo...
2026-03-28 10:31:04,876 - INFO - \u2139\ufe0f \U0001f504 Status do checkbox pilar_rotacionado_var: False
2026-03-28 10:31:04,876 - INFO - \u2139\ufe0f \U0001f504 Status do checkbox pilar_especial_ativo_var: False
2026-03-28 10:31:04,876 - INFO - \u2139\ufe0f Pilar especial INATIVO - pilar_rotacionado: False, pilar_especial: False, globais: False, tipo: ''
2026-03-28 10:31:04,877 - INFO - 
----------------------------------------
2026-03-28 10:31:04,877 - INFO - \U0001f4cc VERIFICAÇÃO DE PILAR ESPECIAL ATIVO
2026-03-28 10:31:04,877 - INFO - ----------------------------------------
2026-03-28 10:31:04,878 - INFO - \u2139\ufe0f \U0001f504 Verificando se pilar especial está ativo...
2026-03-28 10:31:04,878 - INFO - \u2139\ufe0f \U0001f504 Status do checkbox pilar_rotacionado_var: False
2026-03-28 10:31:04,878 - INFO - \u2139\ufe0f \U0001f504 Status do checkbox pilar_especial_ativo_var: False
2026-03-28 10:31:04,878 - INFO - \u2139\ufe0f Pilar especial INATIVO - pilar_rotacionado: False, pilar_especial: False, globais: False, tipo: ''
2026-03-28 10:31:04,930 - INFO - 
----------------------------------------
2026-03-28 10:31:04,930 - INFO - \U0001f4cc VERIFICAÇÃO DE PILAR ESPECIAL ATIVO
2026-03-28 10:31:04,930 - INFO - ----------------------------------------
2026-03-28 10:31:04,930 - INFO - \u2139\ufe0f \U0001f504 Verificando se pilar especial está ativo...
2026-03-28 10:31:04,931 - INFO - \u2139\ufe0f \U0001f504 Status do checkbox pilar_rotacionado_var: False
2026-03-28 10:31:04,931 - INFO - \u2139\ufe0f \U0001f504 Status do checkbox pilar_especial_ativo_var: False
2026-03-28 10:31:04,931 - INFO - \u2139\ufe0f Pilar especial INATIVO - pilar_rotacionado: False, pilar_especial: False, globais: False, tipo: ''
2026-03-28 10:31:04,932 - INFO - 
----------------------------------------
2026-03-28 10:31:04,932 - INFO - \U0001f4cc VERIFICAÇÃO DE PILAR ESPECIAL ATIVO
2026-03-28 10:31:04,932 - INFO - ----------------------------------------
2026-03-28 10:31:04,932 - INFO - \u2139\ufe0f \U0001f504 Verificando se pilar especial está ativo...
2026-03-28 10:31:04,932 - INFO - \u2139\ufe0f \U0001f504 Status do checkbox pilar_rotacionado_var: False
2026-03-28 10:31:04,932 - INFO - \u2139\ufe0f \U0001f504 Status do checkbox pilar_especial_ativo_var: False
2026-03-28 10:31:04,932 - INFO - \u2139\ufe0f Pilar especial INATIVO - pilar_rotacionado: False, pilar_especial: False, globais: False, tipo: ''
2026-03-28 10:31:04,984 - INFO - 
----------------------------------------
2026-03-28 10:31:04,984 - INFO - \U0001f4cc VERIFICAÇÃO DE PILAR ESPECIAL ATIVO
2026-03-28 10:31:04,984 - INFO - ----------------------------------------
2026-03-28 10:31:04,984 - INFO - \u2139\ufe0f \U0001f504 Verificando se pilar especial está ativo...
2026-03-28 10:31:04,984 - INFO - \u2139\ufe0f \U0001f504 Status do checkbox pilar_rotacionado_var: False
2026-03-28 10:31:04,984 - INFO - \u2139\ufe0f \U0001f504 Status do checkbox pilar_especial_ativo_var: False
2026-03-28 10:31:04,984 - INFO - \u2139\ufe0f Pilar especial INATIVO - pilar_rotacionado: False, pilar_especial: False, globais: False, tipo: ''
2026-03-28 10:31:04,985 - INFO - 
----------------------------------------
2026-03-28 10:31:04,985 - INFO - \U0001f4cc VERIFICAÇÃO DE PILAR ESPECIAL ATIVO
2026-03-28 10:31:04,986 - INFO - ----------------------------------------
2026-03-28 10:31:04,986 - INFO - \u2139\ufe0f \U0001f504 Verificando se pilar especial está ativo...
2026-03-28 10:31:04,986 - INFO - \u2139\ufe0f \U0001f504 Status do checkbox pilar_rotacionado_var: False
2026-03-28 10:31:04,986 - INFO - \u2139\ufe0f \U0001f504 Status do checkbox pilar_especial_ativo_var: False
2026-03-28 10:31:04,986 - INFO - \u2139\ufe0f Pilar especial INATIVO - pilar_rotacionado: False, pilar_especial: False, globais: False, tipo: ''
2026-03-28 10:31:05,041 - INFO - 
----------------------------------------
2026-03-28 10:31:05,041 - INFO - \U0001f4cc VERIFICAÇÃO DE PILAR ESPECIAL ATIVO
2026-03-28 10:31:05,041 - INFO - ----------------------------------------
2026-03-28 10:31:05,041 - INFO - \u2139\ufe0f \U0001f504 Verificando se pilar especial está ativo...
2026-03-28 10:31:05,041 - INFO - \u2139\ufe0f \U0001f504 Status do checkbox pilar_rotacionado_var: False
2026-03-28 10:31:05,042 - INFO - \u2139\ufe0f \U0001f504 Status do checkbox pilar_especial_ativo_var: False
2026-03-28 10:31:05,042 - INFO - \u2139\ufe0f Pilar especial INATIVO - pilar_rotacionado: False, pilar_especial: False, globais: False, tipo: ''
2026-03-28 10:31:05,043 - INFO - 
----------------------------------------
2026-03-28 10:31:05,043 - INFO - \U0001f4cc VERIFICAÇÃO DE PILAR ESPECIAL ATIVO
2026-03-28 10:31:05,043 - INFO - ----------------------------------------
2026-03-28 10:31:05,043 - INFO - \u2139\ufe0f \U0001f504 Verificando se pilar especial está ativo...
2026-03-28 10:31:05,043 - INFO - \u2139\ufe0f \U0001f504 Status do checkbox pilar_rotacionado_var: False
2026-03-28 10:31:05,043 - INFO - \u2139\ufe0f \U0001f504 Status do checkbox pilar_especial_ativo_var: False
2026-03-28 10:31:05,043 - INFO - \u2139\ufe0f Pilar especial INATIVO - pilar_rotacionado: False, pilar_especial: False, globais: False, tipo: ''
2026-03-28 10:31:05,096 - INFO - 
----------------------------------------
2026-03-28 10:31:05,096 - INFO - \U0001f4cc VERIFICAÇÃO DE PILAR ESPECIAL ATIVO
2026-03-28 10:31:05,096 - INFO - ----------------------------------------
2026-03-28 10:31:05,096 - INFO - \u2139\ufe0f \U0001f504 Verificando se pilar especial está ativo...
2026-03-28 10:31:05,096 - INFO - \u2139\ufe0f \U0001f504 Status do checkbox pilar_rotacionado_var: False
2026-03-28 10:31:05,096 - INFO - \u2139\ufe0f \U0001f504 Status do checkbox pilar_especial_ativo_var: False
2026-03-28 10:31:05,097 - INFO - \u2139\ufe0f Pilar especial INATIVO - pilar_rotacionado: False, pilar_especial: False, globais: False, tipo: ''
2026-03-28 10:31:05,098 - INFO - 
----------------------------------------
2026-03-28 10:31:05,098 - INFO - \U0001f4cc VERIFICAÇÃO DE PILAR ESPECIAL ATIVO
2026-03-28 10:31:05,098 - INFO - ----------------------------------------
2026-03-28 10:31:05,098 - INFO - \u2139\ufe0f \U0001f504 Verificando se pilar especial está ativo...
2026-03-28 10:31:05,098 - INFO - \u2139\ufe0f \U0001f504 Status do checkbox pilar_rotacionado_var: False
2026-03-28 10:31:05,098 - INFO - \u2139\ufe0f \U0001f504 Status do checkbox pilar_especial_ativo_var: False
2026-03-28 10:31:05,098 - INFO - \u2139\ufe0f Pilar especial INATIVO - pilar_rotacionado: False, pilar_especial: False, globais: False, tipo: ''
2026-03-28 10:31:05,151 - INFO - 
----------------------------------------
2026-03-28 10:31:05,151 - INFO - \U0001f4cc VERIFICAÇÃO DE PILAR ESPECIAL ATIVO
2026-03-28 10:31:05,151 - INFO - ----------------------------------------
2026-03-28 10:31:05,151 - INFO - \u2139\ufe0f \U0001f504 Verificando se pilar especial está ativo...
2026-03-28 10:31:05,151 - INFO - \u2139\ufe0f \U0001f504 Status do checkbox pilar_rotacionado_var: False
2026-03-28 10:31:05,151 - INFO - \u2139\ufe0f \U0001f504 Status do checkbox pilar_especial_ativo_var: False
2026-03-28 10:31:05,151 - INFO - \u2139\ufe0f Pilar especial INATIVO - pilar_rotacionado: False, pilar_especial: False, globais: False, tipo: ''
2026-03-28 10:31:05,152 - INFO - 
----------------------------------------
2026-03-28 10:31:05,152 - INFO - \U0001f4cc VERIFICAÇÃO DE PILAR ESPECIAL ATIVO
2026-03-28 10:31:05,152 - INFO - ----------------------------------------
2026-03-28 10:31:05,152 - INFO - \u2139\ufe0f \U0001f504 Verificando se pilar especial está ativo...
2026-03-28 10:31:05,152 - INFO - \u2139\ufe0f \U0001f504 Status do checkbox pilar_rotacionado_var: False
2026-03-28 10:31:05,153 - INFO - \u2139\ufe0f \U0001f504 Status do checkbox pilar_especial_ativo_var: False
2026-03-28 10:31:05,153 - INFO - \u2139\ufe0f Pilar especial INATIVO - pilar_rotacionado: False, pilar_especial: False, globais: False, tipo: ''
2026-03-28 10:31:05,206 - INFO - 
----------------------------------------
2026-03-28 10:31:05,206 - INFO - \U0001f4cc VERIFICAÇÃO DE PILAR ESPECIAL ATIVO
2026-03-28 10:31:05,206 - INFO - ----------------------------------------
2026-03-28 10:31:05,206 - INFO - \u2139\ufe0f \U0001f504 Verificando se pilar especial está ativo...
2026-03-28 10:31:05,206 - INFO - \u2139\ufe0f \U0001f504 Status do checkbox pilar_rotacionado_var: False
2026-03-28 10:31:05,206 - INFO - \u2139\ufe0f \U0001f504 Status do checkbox pilar_especial_ativo_var: False
2026-03-28 10:31:05,206 - INFO - \u2139\ufe0f Pilar especial INATIVO - pilar_rotacionado: False, pilar_especial: False, globais: False, tipo: ''
2026-03-28 10:31:05,207 - INFO - 
----------------------------------------
2026-03-28 10:31:05,207 - INFO - \U0001f4cc VERIFICAÇÃO DE PILAR ESPECIAL ATIVO
2026-03-28 10:31:05,208 - INFO - ----------------------------------------
2026-03-28 10:31:05,208 - INFO - \u2139\ufe0f \U0001f504 Verificando se pilar especial está ativo...
2026-03-28 10:31:05,208 - INFO - \u2139\ufe0f \U0001f504 Status do checkbox pilar_rotacionado_var: False
2026-03-28 10:31:05,208 - INFO - \u2139\ufe0f \U0001f504 Status do checkbox pilar_especial_ativo_var: False
2026-03-28 10:31:05,208 - INFO - \u2139\ufe0f Pilar especial INATIVO - pilar_rotacionado: False, pilar_especial: False, globais: False, tipo: ''
2026-03-28 10:31:05,261 - INFO - 
----------------------------------------
2026-03-28 10:31:05,261 - INFO - \U0001f4cc VERIFICAÇÃO DE PILAR ESPECIAL ATIVO
2026-03-28 10:31:05,261 - INFO - ----------------------------------------
2026-03-28 10:31:05,261 - INFO - \u2139\ufe0f \U0001f504 Verificando se pilar especial está ativo...
2026-03-28 10:31:05,261 - INFO - \u2139\ufe0f \U0001f504 Status do checkbox pilar_rotacionado_var: False
2026-03-28 10:31:05,261 - INFO - \u2139\ufe0f \U0001f504 Status do checkbox pilar_especial_ativo_var: False
2026-03-28 10:31:05,261 - INFO - \u2139\ufe0f Pilar especial INATIVO - pilar_rotacionado: False, pilar_especial: False, globais: False, tipo: ''
2026-03-28 10:31:05,262 - INFO - 
----------------------------------------
2026-03-28 10:31:05,262 - INFO - \U0001f4cc VERIFICAÇÃO DE PILAR ESPECIAL ATIVO
2026-03-28 10:31:05,262 - INFO - ----------------------------------------
2026-03-28 10:31:05,263 - INFO - \u2139\ufe0f \U0001f504 Verificando se pilar especial está ativo...
2026-03-28 10:31:05,263 - INFO - \u2139\ufe0f \U0001f504 Status do checkbox pilar_rotacionado_var: False
2026-03-28 10:31:05,263 - INFO - \u2139\ufe0f \U0001f504 Status do checkbox pilar_especial_ativo_var: False
2026-03-28 10:31:05,263 - INFO - \u2139\ufe0f Pilar especial INATIVO - pilar_rotacionado: False, pilar_especial: False, globais: False, tipo: ''
2026-03-28 10:31:05,316 - INFO - 
----------------------------------------
2026-03-28 10:31:05,316 - INFO - \U0001f4cc VERIFICAÇÃO DE PILAR ESPECIAL ATIVO
2026-03-28 10:31:05,316 - INFO - ----------------------------------------
2026-03-28 10:31:05,317 - INFO - \u2139\ufe0f \U0001f504 Verificando se pilar especial está ativo...
2026-03-28 10:31:05,317 - INFO - \u2139\ufe0f \U0001f504 Status do checkbox pilar_rotacionado_var: False
2026-03-28 10:31:05,317 - INFO - \u2139\ufe0f \U0001f504 Status do checkbox pilar_especial_ativo_var: False
2026-03-28 10:31:05,317 - INFO - \u2139\ufe0f Pilar especial INATIVO - pilar_rotacionado: False, pilar_especial: False, globais: False, tipo: ''
2026-03-28 10:31:05,318 - INFO - 
----------------------------------------
2026-03-28 10:31:05,318 - INFO - \U0001f4cc VERIFICAÇÃO DE PILAR ESPECIAL ATIVO
2026-03-28 10:31:05,318 - INFO - ----------------------------------------
2026-03-28 10:31:05,318 - INFO - \u2139\ufe0f \U0001f504 Verificando se pilar especial está ativo...
2026-03-28 10:31:05,318 - INFO - \u2139\ufe0f \U0001f504 Status do checkbox pilar_rotacionado_var: False
2026-03-28 10:31:05,318 - INFO - \u2139\ufe0f \U0001f504 Status do checkbox pilar_especial_ativo_var: False
2026-03-28 10:31:05,318 - INFO - \u2139\ufe0f Pilar especial INATIVO - pilar_rotacionado: False, pilar_especial: False, globais: False, tipo: ''
2026-03-28 10:31:05,371 - INFO - 
----------------------------------------
2026-03-28 10:31:05,371 - INFO - \U0001f4cc VERIFICAÇÃO DE PILAR ESPECIAL ATIVO
2026-03-28 10:31:05,371 - INFO - ----------------------------------------
2026-03-28 10:31:05,371 - INFO - \u2139\ufe0f \U0001f504 Verificando se pilar especial está ativo...
2026-03-28 10:31:05,371 - INFO - \u2139\ufe0f \U0001f504 Status do checkbox pilar_rotacionado_var: False
2026-03-28 10:31:05,371 - INFO - \u2139\ufe0f \U0001f504 Status do checkbox pilar_especial_ativo_var: False
2026-03-28 10:31:05,372 - INFO - \u2139\ufe0f Pilar especial INATIVO - pilar_rotacionado: False, pilar_especial: False, globais: False, tipo: ''
2026-03-28 10:31:05,373 - INFO - 
----------------------------------------
2026-03-28 10:31:05,373 - INFO - \U0001f4cc VERIFICAÇÃO DE PILAR ESPECIAL ATIVO
2026-03-28 10:31:05,373 - INFO - ----------------------------------------
2026-03-28 10:31:05,373 - INFO - \u2139\ufe0f \U0001f504 Verificando se pilar especial está ativo...
2026-03-28 10:31:05,373 - INFO - \u2139\ufe0f \U0001f504 Status do checkbox pilar_rotacionado_var: False
2026-03-28 10:31:05,373 - INFO - \u2139\ufe0f \U0001f504 Status do checkbox pilar_especial_ativo_var: False
2026-03-28 10:31:05,373 - INFO - \u2139\ufe0f Pilar especial INATIVO - pilar_rotacionado: False, pilar_especial: False, globais: False, tipo: ''
2026-03-28 10:31:05,614 - INFO - 
============================================================
2026-03-28 10:31:05,614 - INFO - \U0001f4cb GERAÇÃO DE SCRIPT CIMA
2026-03-28 10:31:05,614 - INFO - ============================================================
2026-03-28 10:31:05,614 - INFO - \u2139\ufe0f \U0001f504 === INÍCIO DO gerar_script() ===
2026-03-28 10:31:05,614 - INFO - \u2139\ufe0f \U0001f504 Estado inicial das globais: ID=1811653689920, len=0
2026-03-28 10:31:05,614 - WARNING - \u26a0\ufe0f _globais_pilar_especial está vazio ou None!
2026-03-28 10:31:05,614 - INFO - \u2139\ufe0f \U0001f504 Status pilar_rotacionado no inicio: False
2026-03-28 10:31:05,614 - INFO - \u2139\ufe0f \U0001f504 Prestes a chamar _verificar_pilar_especial_ativo()...
2026-03-28 10:31:05,614 - INFO - \u2139\ufe0f \U0001f504 Estado das globais ANTES da verificação: False
2026-03-28 10:31:05,614 - INFO - 
----------------------------------------
2026-03-28 10:31:05,614 - INFO - \U0001f4cc VERIFICAÇÃO DE PILAR ESPECIAL ATIVO
2026-03-28 10:31:05,614 - INFO - ----------------------------------------
2026-03-28 10:31:05,614 - INFO - \u2139\ufe0f \U0001f504 Verificando se pilar especial está ativo...
2026-03-28 10:31:05,615 - INFO - \u2139\ufe0f \U0001f504 Status do checkbox pilar_rotacionado_var: False
2026-03-28 10:31:05,615 - INFO - \u2139\ufe0f \U0001f504 Status do checkbox pilar_especial_ativo_var: False
2026-03-28 10:31:05,615 - INFO - \u2139\ufe0f Pilar especial INATIVO - pilar_rotacionado: False, pilar_especial: False, globais: False, tipo: ''
2026-03-28 10:31:05,615 - INFO - \u2139\ufe0f \U0001f504 Resultado da verificação: False
2026-03-28 10:31:05,615 - INFO - \u2139\ufe0f \U0001f504 Estado das globais APÓS a verificação: False
2026-03-28 10:31:05,615 - INFO - \u2139\ufe0f \U0001f504 Pilar especial ativo: False
2026-03-28 10:31:05,615 - INFO - 
----------------------------------------
2026-03-28 10:31:05,615 - INFO - \U0001f4cc APLICAÇÃO DE ALTERAÇÕES PILAR ESPECIAL - PAI.B
2026-03-28 10:31:05,615 - INFO - ----------------------------------------
2026-03-28 10:31:05,615 - INFO - \u2139\ufe0f \U0001f504 Aplicando alterações do pilar especial para PAI.B...
2026-03-28 10:31:05,615 - WARNING - \u26a0\ufe0f Pilar especial INATIVO (sem globais no gerador) - retornando valor original: -51
2026-03-28 10:31:05,615 - WARNING - \u26a0\ufe0f Pilar especial INATIVO (sem globais no gerador) - retornando valor original: 94.0
2026-03-28 10:31:05,615 - WARNING - \u26a0\ufe0f Pilar especial INATIVO (sem globais no gerador) - retornando valor original: 110.0
2026-03-28 10:31:05,615 - INFO - \u2139\ufe0f \U0001f504 PAI.B - Posição X: -51 -> -51
2026-03-28 10:31:05,616 - INFO - \u2139\ufe0f \U0001f504 PAI.B - Posição Y: 94.0 -> 94.0
2026-03-28 10:31:05,616 - INFO - \u2139\ufe0f \U0001f504 PAI.B - Comprimento: 110.0 -> 110.0
2026-03-28 10:31:05,616 - WARNING - \u26a0\ufe0f Pilar especial INATIVO (sem globais no gerador) - retornando valor original: -51
2026-03-28 10:31:05,616 - WARNING - \u26a0\ufe0f Pilar especial INATIVO (sem globais no gerador) - retornando valor original: 70
2026-03-28 10:31:05,616 - WARNING - \u26a0\ufe0f Pilar especial INATIVO (sem globais no gerador) - retornando valor original: 110.0
2026-03-28 10:31:05,616 - INFO - \u2139\ufe0f [REFERENCIA-DINAMICA] Parede esquerda PAI.A FINAL REAL registrada: -51
2026-03-28 10:31:05,616 - WARNING - \u26a0\ufe0f Pilar especial INATIVO (sem globais no gerador) - retornando valor original: -71
2026-03-28 10:31:05,616 - WARNING - \u26a0\ufe0f Pilar especial INATIVO (sem globais no gerador) - retornando valor original: 150.0
2026-03-28 10:31:05,616 - INFO - \u2139\ufe0f \U0001f527 METAL A - posX=-71, posY=61.0, comp=150.0, endX=79.0, largura=7
2026-03-28 10:31:05,616 - WARNING - \u26a0\ufe0f Pilar especial INATIVO (sem globais no gerador) - retornando valor original: -71
2026-03-28 10:31:05,616 - WARNING - \u26a0\ufe0f Pilar especial INATIVO (sem globais no gerador) - retornando valor original: 150.0
2026-03-28 10:31:05,616 - INFO - \u2139\ufe0f \U0001f527 METAL B - posX=-71, posY=103.0, comp=150.0, endX=79.0, largura=7
2026-03-28 10:31:05,617 - INFO - \u2139\ufe0f DEBUG: Valores lidos Grade A - grade1=0.0, grade2=0.0, grade3=0.0, dist1=0.0, dist2=0.0
2026-03-28 10:31:05,617 - INFO - \u2139\ufe0f DEBUG: Condição Grade A - grade1 > 0: False, grade2 > 0: False, grade3 > 0: False
2026-03-28 10:31:05,617 - INFO - \u2139\ufe0f DEBUG: Condição Grade A - grade1 > 0 or grade2 > 0 or grade3 > 0: False
2026-03-28 10:31:05,618 - INFO - \u2139\ufe0f GRA.A total=0.0 => comprimentos=[0.0, 0.0, 0.0], espacos=[0.0, 0.0]
2026-03-28 10:31:05,618 - INFO - \u2139\ufe0f DEBUG: Valores lidos Grade B - grade1_grupo2=0.0, grade2_grupo2=0.0, grade3_grupo2=0.0, dist1_grupo2=0.0, dist2_grupo2=0.0
2026-03-28 10:31:05,618 - INFO - \u2139\ufe0f DEBUG: Condição Grade B - grade1_grupo2 > 0: False, grade2_grupo2 > 0: False, grade3_grupo2 > 0: False
2026-03-28 10:31:05,618 - INFO - \u2139\ufe0f DEBUG: Condição Grade B - grade1_grupo2 > 0 or grade2_grupo2 > 0 or grade3_grupo2 > 0: False
2026-03-28 10:31:05,618 - INFO - \u2139\ufe0f GRA.B total=0.0 => comprimentos=[0.0, 0.0, 0.0], espacos=[0.0, 0.0]
2026-03-28 10:31:05,619 - WARNING - \u26a0\ufe0f Pilar especial INATIVO (sem globais no gerador) - retornando valor original: -52
2026-03-28 10:31:05,620 - INFO - Debug - Scale factor obtido: 2 (tipo: <class 'int'>)
2026-03-28 10:31:05,620 - INFO - 
----------------------------------------
2026-03-28 10:31:05,620 - INFO - \U0001f4cc VERIFICAÇÃO DE PILAR ESPECIAL ATIVO
2026-03-28 10:31:05,620 - INFO - ----------------------------------------
2026-03-28 10:31:05,620 - INFO - \u2139\ufe0f \U0001f504 Verificando se pilar especial está ativo...
2026-03-28 10:31:05,620 - INFO - \u2139\ufe0f \U0001f504 Status do checkbox pilar_rotacionado_var: False
2026-03-28 10:31:05,620 - INFO - \u2139\ufe0f \U0001f504 Status do checkbox pilar_especial_ativo_var: False
2026-03-28 10:31:05,620 - INFO - \u2139\ufe0f Pilar especial INATIVO - pilar_rotacionado: False, pilar_especial: False, globais: False, tipo: ''
2026-03-28 10:31:05,620 - INFO - PILAR COMUM - Largura 24.0cm < 40cm, parafusos horizontais não aplicados
2026-03-28 10:31:05,620 - INFO - 
----------------------------------------
2026-03-28 10:31:05,620 - INFO - \U0001f4cc DECISÃO DE COMANDO SCALE/ROTATE
2026-03-28 10:31:05,620 - INFO - ----------------------------------------
2026-03-28 10:31:05,620 - INFO - \u2139\ufe0f \U0001f504 Verificando qual comando usar (SCALE ou ROTATE)...
2026-03-28 10:31:05,620 - INFO - \u2139\ufe0f \U0001f504 Status pilar_rotacionado = False, usar_scale = True
2026-03-28 10:31:05,620 - INFO - \u2139\ufe0f \u2705 Usando _SCALE
2026-03-28 10:31:05,621 - INFO - \u2139\ufe0f \U0001f504 Verificando se é pilar especial: False
2026-03-28 10:31:05,621 - INFO - \u2139\ufe0f \u2705 Pilar normal - usando valores padrão no _SCALE
2026-03-28 10:31:05,621 - INFO - \u2139\ufe0f \u2705 Script gerado com sucesso!
2026-03-28 10:31:05,621 - INFO - \U0001f504 Script gerado: Tamanho: 2272 caracteres
2026-03-28 10:31:05,621 - INFO - 
============================================================
2026-03-28 10:31:05,621 - INFO - \U0001f4cb FIM DA GERAÇÃO DE SCRIPT CIMA
2026-03-28 10:31:05,621 - INFO - ============================================================
2026-03-28 10:31:06,032 - INFO - Binds configurados para todos os locks
2026-03-28 10:31:06,035 - INFO - Carregando configurações de layers...
2026-03-28 10:31:06,039 - INFO - Carregando configurações de blocos...
2026-03-28 10:31:06,041 - INFO - Carregando opções de desenho...
2026-03-28 10:31:06,044 - INFO - Configurações carregadas com sucesso!
2026-03-28 10:31:06,045 - INFO - Aplicação inicializada com sucesso
2026-03-28 10:31:06,051 - INFO - Posição da laje A atualizada para 5 (PE=425.0, LAJE=0.0, DIV=120)
2026-03-28 10:31:06,056 - INFO - Posição da laje A atualizada para 5 (PE=425.0, LAJE=0.0, DIV=120)
2026-03-28 10:31:06,060 - INFO - Posição da laje B atualizada para 5 (PE=425.0, LAJE=0.0, DIV=120)
2026-03-28 10:31:06,065 - INFO - Posição da laje B atualizada para 5 (PE=425.0, LAJE=0.0, DIV=120)
2026-03-28 10:31:06,070 - INFO - Posição da laje C atualizada para 3 (PE=425.0, LAJE=0.0, DIV=242)
2026-03-28 10:31:06,075 - INFO - Posição da laje C atualizada para 3 (PE=425.0, LAJE=0.0, DIV=242)
2026-03-28 10:31:06,080 - INFO - Posição da laje D atualizada para 3 (PE=425.0, LAJE=0.0, DIV=242)
2026-03-28 10:31:06,086 - INFO - Posição da laje D atualizada para 3 (PE=425.0, LAJE=0.0, DIV=242)
2026-03-28 10:31:06,089 - INFO - Altura Painel A: 0.0 cm
2026-03-28 10:31:06,089 - INFO - Altura Painel A: 0.0 cm
2026-03-28 10:31:06,089 - INFO - Altura Painel A: 0.0 cm
2026-03-28 10:31:06,089 - INFO - Altura Painel A: 0.0 cm
2026-03-28 10:31:06,089 - INFO - Altura Painel A: 0.0 cm
2026-03-28 10:31:06,089 - INFO - [SCRIPT 1] Laje A para PD: 0.0 cm
2026-03-28 10:31:06,089 - INFO - PD calculado: 0.0cm (0,00m)
2026-03-28 10:31:06,089 - INFO - Tipo de moldura configurado: MULDURA
2026-03-28 10:31:06,089 - INFO - Usando configuração padrão MULDURA
2026-03-28 10:31:06,090 - INFO - Posições: A(-6920), B(-6620.0), C(-6320.0), D(-6090.0)
2026-03-28 10:31:06,090 - INFO - Script gerado com sucesso!
2026-03-28 10:31:06,091 - INFO - Script salvo como: P1_ABCD.scr
2026-03-28 10:31:06,815 - INFO - \u2139\ufe0f \U0001f504 Instância do GeradorPilar registrada globalmente
2026-03-28 10:31:06,815 - INFO - \u2139\ufe0f \U0001f504 Globais do pilar especial inicializadas
2026-03-28 10:31:06,816 - INFO - Aplicação inicializada com sucesso
2026-03-28 10:31:06,816 - INFO - Função calcular_valores iniciada
2026-03-28 10:31:06,816 - INFO - Debug - Comprimento: 88.0, Qtd Parafusos (LEGACY): 2
2026-03-28 10:31:06,816 - INFO - Debug - Distâncias finais (LEGACY): [56, 56, 0, 0, 0, 0, 0, 0]
2026-03-28 10:31:07,237 - INFO - 
----------------------------------------
2026-03-28 10:31:07,237 - INFO - \U0001f4cc VERIFICAÇÃO DE PILAR ESPECIAL ATIVO
2026-03-28 10:31:07,237 - INFO - ----------------------------------------
2026-03-28 10:31:07,237 - INFO - \u2139\ufe0f \U0001f504 Verificando se pilar especial está ativo...
2026-03-28 10:31:07,237 - INFO - \u2139\ufe0f \U0001f504 Status do checkbox pilar_rotacionado_var: False
2026-03-28 10:31:07,237 - INFO - \u2139\ufe0f \U0001f504 Status do checkbox pilar_especial_ativo_var: False
2026-03-28 10:31:07,237 - INFO - \u2139\ufe0f Pilar especial INATIVO - pilar_rotacionado: False, pilar_especial: False, globais: False, tipo: ''
2026-03-28 10:31:07,239 - INFO - 
----------------------------------------
2026-03-28 10:31:07,239 - INFO - \U0001f4cc VERIFICAÇÃO DE PILAR ESPECIAL ATIVO
2026-03-28 10:31:07,239 - INFO - ----------------------------------------
2026-03-28 10:31:07,239 - INFO - \u2139\ufe0f \U0001f504 Verificando se pilar especial está ativo...
2026-03-28 10:31:07,239 - INFO - \u2139\ufe0f \U0001f504 Status do checkbox pilar_rotacionado_var: False
2026-03-28 10:31:07,239 - INFO - \u2139\ufe0f \U0001f504 Status do checkbox pilar_especial_ativo_var: False
2026-03-28 10:31:07,239 - INFO - \u2139\ufe0f Pilar especial INATIVO - pilar_rotacionado: False, pilar_especial: False, globais: False, tipo: ''
2026-03-28 10:31:07,294 - INFO - 
----------------------------------------
2026-03-28 10:31:07,294 - INFO - \U0001f4cc VERIFICAÇÃO DE PILAR ESPECIAL ATIVO
2026-03-28 10:31:07,294 - INFO - ----------------------------------------
2026-03-28 10:31:07,294 - INFO - \u2139\ufe0f \U0001f504 Verificando se pilar especial está ativo...
2026-03-28 10:31:07,294 - INFO - \u2139\ufe0f \U0001f504 Status do checkbox pilar_rotacionado_var: False
2026-03-28 10:31:07,294 - INFO - \u2139\ufe0f \U0001f504 Status do checkbox pilar_especial_ativo_var: False
2026-03-28 10:31:07,294 - INFO - \u2139\ufe0f Pilar especial INATIVO - pilar_rotacionado: False, pilar_especial: False, globais: False, tipo: ''
2026-03-28 10:31:07,296 - INFO - 
----------------------------------------
2026-03-28 10:31:07,296 - INFO - \U0001f4cc VERIFICAÇÃO DE PILAR ESPECIAL ATIVO
2026-03-28 10:31:07,296 - INFO - ----------------------------------------
2026-03-28 10:31:07,296 - INFO - \u2139\ufe0f \U0001f504 Verificando se pilar especial está ativo...
2026-03-28 10:31:07,296 - INFO - \u2139\ufe0f \U0001f504 Status do checkbox pilar_rotacionado_var: False
2026-03-28 10:31:07,296 - INFO - \u2139\ufe0f \U0001f504 Status do checkbox pilar_especial_ativo_var: False
2026-03-28 10:31:07,296 - INFO - \u2139\ufe0f Pilar especial INATIVO - pilar_rotacionado: False, pilar_especial: False, globais: False, tipo: ''
2026-03-28 10:31:07,350 - INFO - 
----------------------------------------
2026-03-28 10:31:07,350 - INFO - \U0001f4cc VERIFICAÇÃO DE PILAR ESPECIAL ATIVO
2026-03-28 10:31:07,350 - INFO - ----------------------------------------
2026-03-28 10:31:07,350 - INFO - \u2139\ufe0f \U0001f504 Verificando se pilar especial está ativo...
2026-03-28 10:31:07,350 - INFO - \u2139\ufe0f \U0001f504 Status do checkbox pilar_rotacionado_var: False
2026-03-28 10:31:07,351 - INFO - \u2139\ufe0f \U0001f504 Status do checkbox pilar_especial_ativo_var: False
2026-03-28 10:31:07,351 - INFO - \u2139\ufe0f Pilar especial INATIVO - pilar_rotacionado: False, pilar_especial: False, globais: False, tipo: ''
2026-03-28 10:31:07,352 - INFO - 
----------------------------------------
2026-03-28 10:31:07,352 - INFO - \U0001f4cc VERIFICAÇÃO DE PILAR ESPECIAL ATIVO
2026-03-28 10:31:07,352 - INFO - ----------------------------------------
2026-03-28 10:31:07,352 - INFO - \u2139\ufe0f \U0001f504 Verificando se pilar especial está ativo...
2026-03-28 10:31:07,352 - INFO - \u2139\ufe0f \U0001f504 Status do checkbox pilar_rotacionado_var: False
2026-03-28 10:31:07,352 - INFO - \u2139\ufe0f \U0001f504 Status do checkbox pilar_especial_ativo_var: False
2026-03-28 10:31:07,352 - INFO - \u2139\ufe0f Pilar especial INATIVO - pilar_rotacionado: False, pilar_especial: False, globais: False, tipo: ''
2026-03-28 10:31:07,406 - INFO - 
----------------------------------------
2026-03-28 10:31:07,406 - INFO - \U0001f4cc VERIFICAÇÃO DE PILAR ESPECIAL ATIVO
2026-03-28 10:31:07,406 - INFO - ----------------------------------------
2026-03-28 10:31:07,406 - INFO - \u2139\ufe0f \U0001f504 Verificando se pilar especial está ativo...
2026-03-28 10:31:07,406 - INFO - \u2139\ufe0f \U0001f504 Status do checkbox pilar_rotacionado_var: False
2026-03-28 10:31:07,406 - INFO - \u2139\ufe0f \U0001f504 Status do checkbox pilar_especial_ativo_var: False
2026-03-28 10:31:07,406 - INFO - \u2139\ufe0f Pilar especial INATIVO - pilar_rotacionado: False, pilar_especial: False, globais: False, tipo: ''
2026-03-28 10:31:07,407 - INFO - 
----------------------------------------
2026-03-28 10:31:07,407 - INFO - \U0001f4cc VERIFICAÇÃO DE PILAR ESPECIAL ATIVO
2026-03-28 10:31:07,407 - INFO - ----------------------------------------
2026-03-28 10:31:07,407 - INFO - \u2139\ufe0f \U0001f504 Verificando se pilar especial está ativo...
2026-03-28 10:31:07,407 - INFO - \u2139\ufe0f \U0001f504 Status do checkbox pilar_rotacionado_var: False
2026-03-28 10:31:07,408 - INFO - \u2139\ufe0f \U0001f504 Status do checkbox pilar_especial_ativo_var: False
2026-03-28 10:31:07,408 - INFO - \u2139\ufe0f Pilar especial INATIVO - pilar_rotacionado: False, pilar_especial: False, globais: False, tipo: ''
2026-03-28 10:31:07,459 - INFO - 
----------------------------------------
2026-03-28 10:31:07,459 - INFO - \U0001f4cc VERIFICAÇÃO DE PILAR ESPECIAL ATIVO
2026-03-28 10:31:07,459 - INFO - ----------------------------------------
2026-03-28 10:31:07,459 - INFO - \u2139\ufe0f \U0001f504 Verificando se pilar especial está ativo...
2026-03-28 10:31:07,459 - INFO - \u2139\ufe0f \U0001f504 Status do checkbox pilar_rotacionado_var: False
2026-03-28 10:31:07,459 - INFO - \u2139\ufe0f \U0001f504 Status do checkbox pilar_especial_ativo_var: False
2026-03-28 10:31:07,459 - INFO - \u2139\ufe0f Pilar especial INATIVO - pilar_rotacionado: False, pilar_especial: False, globais: False, tipo: ''
2026-03-28 10:31:07,460 - INFO - 
----------------------------------------
2026-03-28 10:31:07,460 - INFO - \U0001f4cc VERIFICAÇÃO DE PILAR ESPECIAL ATIVO
2026-03-28 10:31:07,460 - INFO - ----------------------------------------
2026-03-28 10:31:07,461 - INFO - \u2139\ufe0f \U0001f504 Verificando se pilar especial está ativo...
2026-03-28 10:31:07,461 - INFO - \u2139\ufe0f \U0001f504 Status do checkbox pilar_rotacionado_var: False
2026-03-28 10:31:07,461 - INFO - \u2139\ufe0f \U0001f504 Status do checkbox pilar_especial_ativo_var: False
2026-03-28 10:31:07,461 - INFO - \u2139\ufe0f Pilar especial INATIVO - pilar_rotacionado: False, pilar_especial: False, globais: False, tipo: ''
2026-03-28 10:31:07,513 - INFO - 
----------------------------------------
2026-03-28 10:31:07,513 - INFO - \U0001f4cc VERIFICAÇÃO DE PILAR ESPECIAL ATIVO
2026-03-28 10:31:07,513 - INFO - ----------------------------------------
2026-03-28 10:31:07,513 - INFO - \u2139\ufe0f \U0001f504 Verificando se pilar especial está ativo...
2026-03-28 10:31:07,513 - INFO - \u2139\ufe0f \U0001f504 Status do checkbox pilar_rotacionado_var: False
2026-03-28 10:31:07,514 - INFO - \u2139\ufe0f \U0001f504 Status do checkbox pilar_especial_ativo_var: False
2026-03-28 10:31:07,514 - INFO - \u2139\ufe0f Pilar especial INATIVO - pilar_rotacionado: False, pilar_especial: False, globais: False, tipo: ''
2026-03-28 10:31:07,515 - INFO - 
----------------------------------------
2026-03-28 10:31:07,515 - INFO - \U0001f4cc VERIFICAÇÃO DE PILAR ESPECIAL ATIVO
2026-03-28 10:31:07,515 - INFO - ----------------------------------------
2026-03-28 10:31:07,515 - INFO - \u2139\ufe0f \U0001f504 Verificando se pilar especial está ativo...
2026-03-28 10:31:07,515 - INFO - \u2139\ufe0f \U0001f504 Status do checkbox pilar_rotacionado_var: False
2026-03-28 10:31:07,515 - INFO - \u2139\ufe0f \U0001f504 Status do checkbox pilar_especial_ativo_var: False
2026-03-28 10:31:07,515 - INFO - \u2139\ufe0f Pilar especial INATIVO - pilar_rotacionado: False, pilar_especial: False, globais: False, tipo: ''
2026-03-28 10:31:07,568 - INFO - 
----------------------------------------
2026-03-28 10:31:07,568 - INFO - \U0001f4cc VERIFICAÇÃO DE PILAR ESPECIAL ATIVO
2026-03-28 10:31:07,568 - INFO - ----------------------------------------
2026-03-28 10:31:07,568 - INFO - \u2139\ufe0f \U0001f504 Verificando se pilar especial está ativo...
2026-03-28 10:31:07,568 - INFO - \u2139\ufe0f \U0001f504 Status do checkbox pilar_rotacionado_var: False
2026-03-28 10:31:07,568 - INFO - \u2139\ufe0f \U0001f504 Status do checkbox pilar_especial_ativo_var: False
2026-03-28 10:31:07,568 - INFO - \u2139\ufe0f Pilar especial INATIVO - pilar_rotacionado: False, pilar_especial: False, globais: False, tipo: ''
2026-03-28 10:31:07,569 - INFO - 
----------------------------------------
2026-03-28 10:31:07,569 - INFO - \U0001f4cc VERIFICAÇÃO DE PILAR ESPECIAL ATIVO
2026-03-28 10:31:07,569 - INFO - ----------------------------------------
2026-03-28 10:31:07,569 - INFO - \u2139\ufe0f \U0001f504 Verificando se pilar especial está ativo...
2026-03-28 10:31:07,569 - INFO - \u2139\ufe0f \U0001f504 Status do checkbox pilar_rotacionado_var: False
2026-03-28 10:31:07,570 - INFO - \u2139\ufe0f \U0001f504 Status do checkbox pilar_especial_ativo_var: False
2026-03-28 10:31:07,570 - INFO - \u2139\ufe0f Pilar especial INATIVO - pilar_rotacionado: False, pilar_especial: False, globais: False, tipo: ''
2026-03-28 10:31:07,621 - INFO - 
----------------------------------------
2026-03-28 10:31:07,621 - INFO - \U0001f4cc VERIFICAÇÃO DE PILAR ESPECIAL ATIVO
2026-03-28 10:31:07,621 - INFO - ----------------------------------------
2026-03-28 10:31:07,621 - INFO - \u2139\ufe0f \U0001f504 Verificando se pilar especial está ativo...
2026-03-28 10:31:07,621 - INFO - \u2139\ufe0f \U0001f504 Status do checkbox pilar_rotacionado_var: False
2026-03-28 10:31:07,622 - INFO - \u2139\ufe0f \U0001f504 Status do checkbox pilar_especial_ativo_var: False
2026-03-28 10:31:07,622 - INFO - \u2139\ufe0f Pilar especial INATIVO - pilar_rotacionado: False, pilar_especial: False, globais: False, tipo: ''
2026-03-28 10:31:07,623 - INFO - 
----------------------------------------
2026-03-28 10:31:07,623 - INFO - \U0001f4cc VERIFICAÇÃO DE PILAR ESPECIAL ATIVO
2026-03-28 10:31:07,623 - INFO - ----------------------------------------
2026-03-28 10:31:07,623 - INFO - \u2139\ufe0f \U0001f504 Verificando se pilar especial está ativo...
2026-03-28 10:31:07,623 - INFO - \u2139\ufe0f \U0001f504 Status do checkbox pilar_rotacionado_var: False
2026-03-28 10:31:07,623 - INFO - \u2139\ufe0f \U0001f504 Status do checkbox pilar_especial_ativo_var: False
2026-03-28 10:31:07,623 - INFO - \u2139\ufe0f Pilar especial INATIVO - pilar_rotacionado: False, pilar_especial: False, globais: False, tipo: ''
2026-03-28 10:31:07,675 - INFO - 
----------------------------------------
2026-03-28 10:31:07,675 - INFO - \U0001f4cc VERIFICAÇÃO DE PILAR ESPECIAL ATIVO
2026-03-28 10:31:07,675 - INFO - ----------------------------------------
2026-03-28 10:31:07,676 - INFO - \u2139\ufe0f \U0001f504 Verificando se pilar especial está ativo...
2026-03-28 10:31:07,676 - INFO - \u2139\ufe0f \U0001f504 Status do checkbox pilar_rotacionado_var: False
2026-03-28 10:31:07,676 - INFO - \u2139\ufe0f \U0001f504 Status do checkbox pilar_especial_ativo_var: False
2026-03-28 10:31:07,676 - INFO - \u2139\ufe0f Pilar especial INATIVO - pilar_rotacionado: False, pilar_especial: False, globais: False, tipo: ''
2026-03-28 10:31:07,677 - INFO - 
----------------------------------------
2026-03-28 10:31:07,677 - INFO - \U0001f4cc VERIFICAÇÃO DE PILAR ESPECIAL ATIVO
2026-03-28 10:31:07,677 - INFO - ----------------------------------------
2026-03-28 10:31:07,677 - INFO - \u2139\ufe0f \U0001f504 Verificando se pilar especial está ativo...
2026-03-28 10:31:07,677 - INFO - \u2139\ufe0f \U0001f504 Status do checkbox pilar_rotacionado_var: False
2026-03-28 10:31:07,677 - INFO - \u2139\ufe0f \U0001f504 Status do checkbox pilar_especial_ativo_var: False
2026-03-28 10:31:07,677 - INFO - \u2139\ufe0f Pilar especial INATIVO - pilar_rotacionado: False, pilar_especial: False, globais: False, tipo: ''
2026-03-28 10:31:07,729 - INFO - 
----------------------------------------
2026-03-28 10:31:07,729 - INFO - \U0001f4cc VERIFICAÇÃO DE PILAR ESPECIAL ATIVO
2026-03-28 10:31:07,729 - INFO - ----------------------------------------
2026-03-28 10:31:07,729 - INFO - \u2139\ufe0f \U0001f504 Verificando se pilar especial está ativo...
2026-03-28 10:31:07,729 - INFO - \u2139\ufe0f \U0001f504 Status do checkbox pilar_rotacionado_var: False
2026-03-28 10:31:07,729 - INFO - \u2139\ufe0f \U0001f504 Status do checkbox pilar_especial_ativo_var: False
2026-03-28 10:31:07,730 - INFO - \u2139\ufe0f Pilar especial INATIVO - pilar_rotacionado: False, pilar_especial: False, globais: False, tipo: ''
2026-03-28 10:31:07,731 - INFO - 
----------------------------------------
2026-03-28 10:31:07,731 - INFO - \U0001f4cc VERIFICAÇÃO DE PILAR ESPECIAL ATIVO
2026-03-28 10:31:07,731 - INFO - ----------------------------------------
2026-03-28 10:31:07,731 - INFO - \u2139\ufe0f \U0001f504 Verificando se pilar especial está ativo...
2026-03-28 10:31:07,731 - INFO - \u2139\ufe0f \U0001f504 Status do checkbox pilar_rotacionado_var: False
2026-03-28 10:31:07,731 - INFO - \u2139\ufe0f \U0001f504 Status do checkbox pilar_especial_ativo_var: False
2026-03-28 10:31:07,731 - INFO - \u2139\ufe0f Pilar especial INATIVO - pilar_rotacionado: False, pilar_especial: False, globais: False, tipo: ''
2026-03-28 10:31:07,782 - INFO - 
----------------------------------------
2026-03-28 10:31:07,782 - INFO - \U0001f4cc VERIFICAÇÃO DE PILAR ESPECIAL ATIVO
2026-03-28 10:31:07,782 - INFO - ----------------------------------------
2026-03-28 10:31:07,782 - INFO - \u2139\ufe0f \U0001f504 Verificando se pilar especial está ativo...
2026-03-28 10:31:07,783 - INFO - \u2139\ufe0f \U0001f504 Status do checkbox pilar_rotacionado_var: False
2026-03-28 10:31:07,783 - INFO - \u2139\ufe0f \U0001f504 Status do checkbox pilar_especial_ativo_var: False
2026-03-28 10:31:07,783 - INFO - \u2139\ufe0f Pilar especial INATIVO - pilar_rotacionado: False, pilar_especial: False, globais: False, tipo: ''
2026-03-28 10:31:07,784 - INFO - 
----------------------------------------
2026-03-28 10:31:07,784 - INFO - \U0001f4cc VERIFICAÇÃO DE PILAR ESPECIAL ATIVO
2026-03-28 10:31:07,784 - INFO - ----------------------------------------
2026-03-28 10:31:07,784 - INFO - \u2139\ufe0f \U0001f504 Verificando se pilar especial está ativo...
2026-03-28 10:31:07,784 - INFO - \u2139\ufe0f \U0001f504 Status do checkbox pilar_rotacionado_var: False
2026-03-28 10:31:07,784 - INFO - \u2139\ufe0f \U0001f504 Status do checkbox pilar_especial_ativo_var: False
2026-03-28 10:31:07,784 - INFO - \u2139\ufe0f Pilar especial INATIVO - pilar_rotacionado: False, pilar_especial: False, globais: False, tipo: ''
2026-03-28 10:31:07,836 - INFO - 
----------------------------------------
2026-03-28 10:31:07,836 - INFO - \U0001f4cc VERIFICAÇÃO DE PILAR ESPECIAL ATIVO
2026-03-28 10:31:07,836 - INFO - ----------------------------------------
2026-03-28 10:31:07,836 - INFO - \u2139\ufe0f \U0001f504 Verificando se pilar especial está ativo...
2026-03-28 10:31:07,837 - INFO - \u2139\ufe0f \U0001f504 Status do checkbox pilar_rotacionado_var: False
2026-03-28 10:31:07,837 - INFO - \u2139\ufe0f \U0001f504 Status do checkbox pilar_especial_ativo_var: False
2026-03-28 10:31:07,837 - INFO - \u2139\ufe0f Pilar especial INATIVO - pilar_rotacionado: False, pilar_especial: False, globais: False, tipo: ''
2026-03-28 10:31:07,838 - INFO - 
----------------------------------------
2026-03-28 10:31:07,838 - INFO - \U0001f4cc VERIFICAÇÃO DE PILAR ESPECIAL ATIVO
2026-03-28 10:31:07,838 - INFO - ----------------------------------------
2026-03-28 10:31:07,838 - INFO - \u2139\ufe0f \U0001f504 Verificando se pilar especial está ativo...
2026-03-28 10:31:07,838 - INFO - \u2139\ufe0f \U0001f504 Status do checkbox pilar_rotacionado_var: False
2026-03-28 10:31:07,838 - INFO - \u2139\ufe0f \U0001f504 Status do checkbox pilar_especial_ativo_var: False
2026-03-28 10:31:07,838 - INFO - \u2139\ufe0f Pilar especial INATIVO - pilar_rotacionado: False, pilar_especial: False, globais: False, tipo: ''
2026-03-28 10:31:07,890 - INFO - 
----------------------------------------
2026-03-28 10:31:07,891 - INFO - \U0001f4cc VERIFICAÇÃO DE PILAR ESPECIAL ATIVO
2026-03-28 10:31:07,891 - INFO - ----------------------------------------
2026-03-28 10:31:07,891 - INFO - \u2139\ufe0f \U0001f504 Verificando se pilar especial está ativo...
2026-03-28 10:31:07,891 - INFO - \u2139\ufe0f \U0001f504 Status do checkbox pilar_rotacionado_var: False
2026-03-28 10:31:07,891 - INFO - \u2139\ufe0f \U0001f504 Status do checkbox pilar_especial_ativo_var: False
2026-03-28 10:31:07,891 - INFO - \u2139\ufe0f Pilar especial INATIVO - pilar_rotacionado: False, pilar_especial: False, globais: False, tipo: ''
2026-03-28 10:31:07,892 - INFO - 
----------------------------------------
2026-03-28 10:31:07,892 - INFO - \U0001f4cc VERIFICAÇÃO DE PILAR ESPECIAL ATIVO
2026-03-28 10:31:07,892 - INFO - ----------------------------------------
2026-03-28 10:31:07,892 - INFO - \u2139\ufe0f \U0001f504 Verificando se pilar especial está ativo...
2026-03-28 10:31:07,892 - INFO - \u2139\ufe0f \U0001f504 Status do checkbox pilar_rotacionado_var: False
2026-03-28 10:31:07,893 - INFO - \u2139\ufe0f \U0001f504 Status do checkbox pilar_especial_ativo_var: False
2026-03-28 10:31:07,893 - INFO - \u2139\ufe0f Pilar especial INATIVO - pilar_rotacionado: False, pilar_especial: False, globais: False, tipo: ''
2026-03-28 10:31:07,944 - INFO - 
----------------------------------------
2026-03-28 10:31:07,944 - INFO - \U0001f4cc VERIFICAÇÃO DE PILAR ESPECIAL ATIVO
2026-03-28 10:31:07,944 - INFO - ----------------------------------------
2026-03-28 10:31:07,945 - INFO - \u2139\ufe0f \U0001f504 Verificando se pilar especial está ativo...
2026-03-28 10:31:07,945 - INFO - \u2139\ufe0f \U0001f504 Status do checkbox pilar_rotacionado_var: False
2026-03-28 10:31:07,945 - INFO - \u2139\ufe0f \U0001f504 Status do checkbox pilar_especial_ativo_var: False
2026-03-28 10:31:07,945 - INFO - \u2139\ufe0f Pilar especial INATIVO - pilar_rotacionado: False, pilar_especial: False, globais: False, tipo: ''
2026-03-28 10:31:07,946 - INFO - 
----------------------------------------
2026-03-28 10:31:07,946 - INFO - \U0001f4cc VERIFICAÇÃO DE PILAR ESPECIAL ATIVO
2026-03-28 10:31:07,946 - INFO - ----------------------------------------
2026-03-28 10:31:07,946 - INFO - \u2139\ufe0f \U0001f504 Verificando se pilar especial está ativo...
2026-03-28 10:31:07,946 - INFO - \u2139\ufe0f \U0001f504 Status do checkbox pilar_rotacionado_var: False
2026-03-28 10:31:07,946 - INFO - \u2139\ufe0f \U0001f504 Status do checkbox pilar_especial_ativo_var: False
2026-03-28 10:31:07,946 - INFO - \u2139\ufe0f Pilar especial INATIVO - pilar_rotacionado: False, pilar_especial: False, globais: False, tipo: ''
2026-03-28 10:31:07,998 - INFO - 
----------------------------------------
2026-03-28 10:31:07,998 - INFO - \U0001f4cc VERIFICAÇÃO DE PILAR ESPECIAL ATIVO
2026-03-28 10:31:07,998 - INFO - ----------------------------------------
2026-03-28 10:31:07,998 - INFO - \u2139\ufe0f \U0001f504 Verificando se pilar especial está ativo...
2026-03-28 10:31:07,998 - INFO - \u2139\ufe0f \U0001f504 Status do checkbox pilar_rotacionado_var: False
2026-03-28 10:31:07,998 - INFO - \u2139\ufe0f \U0001f504 Status do checkbox pilar_especial_ativo_var: False
2026-03-28 10:31:07,998 - INFO - \u2139\ufe0f Pilar especial INATIVO - pilar_rotacionado: False, pilar_especial: False, globais: False, tipo: ''
2026-03-28 10:31:07,999 - INFO - 
----------------------------------------
2026-03-28 10:31:08,000 - INFO - \U0001f4cc VERIFICAÇÃO DE PILAR ESPECIAL ATIVO
2026-03-28 10:31:08,000 - INFO - ----------------------------------------
2026-03-28 10:31:08,000 - INFO - \u2139\ufe0f \U0001f504 Verificando se pilar especial está ativo...
2026-03-28 10:31:08,000 - INFO - \u2139\ufe0f \U0001f504 Status do checkbox pilar_rotacionado_var: False
2026-03-28 10:31:08,000 - INFO - \u2139\ufe0f \U0001f504 Status do checkbox pilar_especial_ativo_var: False
2026-03-28 10:31:08,000 - INFO - \u2139\ufe0f Pilar especial INATIVO - pilar_rotacionado: False, pilar_especial: False, globais: False, tipo: ''
2026-03-28 10:31:08,050 - INFO - 
----------------------------------------
2026-03-28 10:31:08,051 - INFO - \U0001f4cc VERIFICAÇÃO DE PILAR ESPECIAL ATIVO
2026-03-28 10:31:08,051 - INFO - ----------------------------------------
2026-03-28 10:31:08,051 - INFO - \u2139\ufe0f \U0001f504 Verificando se pilar especial está ativo...
2026-03-28 10:31:08,051 - INFO - \u2139\ufe0f \U0001f504 Status do checkbox pilar_rotacionado_var: False
2026-03-28 10:31:08,051 - INFO - \u2139\ufe0f \U0001f504 Status do checkbox pilar_especial_ativo_var: False
2026-03-28 10:31:08,051 - INFO - \u2139\ufe0f Pilar especial INATIVO - pilar_rotacionado: False, pilar_especial: False, globais: False, tipo: ''
2026-03-28 10:31:08,052 - INFO - 
----------------------------------------
2026-03-28 10:31:08,052 - INFO - \U0001f4cc VERIFICAÇÃO DE PILAR ESPECIAL ATIVO
2026-03-28 10:31:08,052 - INFO - ----------------------------------------
2026-03-28 10:31:08,052 - INFO - \u2139\ufe0f \U0001f504 Verificando se pilar especial está ativo...
2026-03-28 10:31:08,052 - INFO - \u2139\ufe0f \U0001f504 Status do checkbox pilar_rotacionado_var: False
2026-03-28 10:31:08,052 - INFO - \u2139\ufe0f \U0001f504 Status do checkbox pilar_especial_ativo_var: False
2026-03-28 10:31:08,052 - INFO - \u2139\ufe0f Pilar especial INATIVO - pilar_rotacionado: False, pilar_especial: False, globais: False, tipo: ''
2026-03-28 10:31:08,136 - INFO - 
============================================================
2026-03-28 10:31:08,136 - INFO - \U0001f4cb GERAÇÃO DE SCRIPT CIMA
2026-03-28 10:31:08,136 - INFO - ============================================================
2026-03-28 10:31:08,136 - INFO - \u2139\ufe0f \U0001f504 === INÍCIO DO gerar_script() ===
2026-03-28 10:31:08,136 - INFO - \u2139\ufe0f \U0001f504 Estado inicial das globais: ID=1811653689920, len=0
2026-03-28 10:31:08,136 - WARNING - \u26a0\ufe0f _globais_pilar_especial está vazio ou None!
2026-03-28 10:31:08,137 - INFO - \u2139\ufe0f \U0001f504 Status pilar_rotacionado no inicio: False
2026-03-28 10:31:08,137 - INFO - \u2139\ufe0f \U0001f504 Prestes a chamar _verificar_pilar_especial_ativo()...
2026-03-28 10:31:08,137 - INFO - \u2139\ufe0f \U0001f504 Estado das globais ANTES da verificação: False
2026-03-28 10:31:08,137 - INFO - 
----------------------------------------
2026-03-28 10:31:08,137 - INFO - \U0001f4cc VERIFICAÇÃO DE PILAR ESPECIAL ATIVO
2026-03-28 10:31:08,137 - INFO - ----------------------------------------
2026-03-28 10:31:08,137 - INFO - \u2139\ufe0f \U0001f504 Verificando se pilar especial está ativo...
2026-03-28 10:31:08,137 - INFO - \u2139\ufe0f \U0001f504 Status do checkbox pilar_rotacionado_var: False
2026-03-28 10:31:08,137 - INFO - \u2139\ufe0f \U0001f504 Status do checkbox pilar_especial_ativo_var: False
2026-03-28 10:31:08,137 - INFO - \u2139\ufe0f Pilar especial INATIVO - pilar_rotacionado: False, pilar_especial: False, globais: False, tipo: ''
2026-03-28 10:31:08,137 - INFO - \u2139\ufe0f \U0001f504 Resultado da verificação: False
2026-03-28 10:31:08,137 - INFO - \u2139\ufe0f \U0001f504 Estado das globais APÓS a verificação: False
2026-03-28 10:31:08,137 - INFO - \u2139\ufe0f \U0001f504 Pilar especial ativo: False
2026-03-28 10:31:08,137 - INFO - 
----------------------------------------
2026-03-28 10:31:08,138 - INFO - \U0001f4cc APLICAÇÃO DE ALTERAÇÕES PILAR ESPECIAL - PAI.B
2026-03-28 10:31:08,138 - INFO - ----------------------------------------
2026-03-28 10:31:08,138 - INFO - \u2139\ufe0f \U0001f504 Aplicando alterações do pilar especial para PAI.B...
2026-03-28 10:31:08,138 - WARNING - \u26a0\ufe0f Pilar especial INATIVO (sem globais no gerador) - retornando valor original: -51
2026-03-28 10:31:08,138 - WARNING - \u26a0\ufe0f Pilar especial INATIVO (sem globais no gerador) - retornando valor original: 100.0
2026-03-28 10:31:08,138 - WARNING - \u26a0\ufe0f Pilar especial INATIVO (sem globais no gerador) - retornando valor original: 110.0
2026-03-28 10:31:08,138 - INFO - \u2139\ufe0f \U0001f504 PAI.B - Posição X: -51 -> -51
2026-03-28 10:31:08,138 - INFO - \u2139\ufe0f \U0001f504 PAI.B - Posição Y: 100.0 -> 100.0
2026-03-28 10:31:08,138 - INFO - \u2139\ufe0f \U0001f504 PAI.B - Comprimento: 110.0 -> 110.0
2026-03-28 10:31:08,138 - WARNING - \u26a0\ufe0f Pilar especial INATIVO (sem globais no gerador) - retornando valor original: -51
2026-03-28 10:31:08,138 - WARNING - \u26a0\ufe0f Pilar especial INATIVO (sem globais no gerador) - retornando valor original: 70
2026-03-28 10:31:08,138 - WARNING - \u26a0\ufe0f Pilar especial INATIVO (sem globais no gerador) - retornando valor original: 110.0
2026-03-28 10:31:08,138 - INFO - \u2139\ufe0f [REFERENCIA-DINAMICA] Parede esquerda PAI.A FINAL REAL registrada: -51
2026-03-28 10:31:08,139 - WARNING - \u26a0\ufe0f Pilar especial INATIVO (sem globais no gerador) - retornando valor original: -71
2026-03-28 10:31:08,139 - WARNING - \u26a0\ufe0f Pilar especial INATIVO (sem globais no gerador) - retornando valor original: 150.0
2026-03-28 10:31:08,139 - INFO - \u2139\ufe0f \U0001f527 METAL A - posX=-71, posY=61.0, comp=150.0, endX=79.0, largura=7
2026-03-28 10:31:08,139 - WARNING - \u26a0\ufe0f Pilar especial INATIVO (sem globais no gerador) - retornando valor original: -71
2026-03-28 10:31:08,139 - WARNING - \u26a0\ufe0f Pilar especial INATIVO (sem globais no gerador) - retornando valor original: 150.0
2026-03-28 10:31:08,139 - INFO - \u2139\ufe0f \U0001f527 METAL B - posX=-71, posY=109.0, comp=150.0, endX=79.0, largura=7
2026-03-28 10:31:08,140 - INFO - \u2139\ufe0f DEBUG: Valores lidos Grade A - grade1=0.0, grade2=0.0, grade3=0.0, dist1=0.0, dist2=0.0
2026-03-28 10:31:08,140 - INFO - \u2139\ufe0f DEBUG: Condição Grade A - grade1 > 0: False, grade2 > 0: False, grade3 > 0: False
2026-03-28 10:31:08,140 - INFO - \u2139\ufe0f DEBUG: Condição Grade A - grade1 > 0 or grade2 > 0 or grade3 > 0: False
2026-03-28 10:31:08,140 - INFO - \u2139\ufe0f GRA.A total=0.0 => comprimentos=[0.0, 0.0, 0.0], espacos=[0.0, 0.0]
2026-03-28 10:31:08,140 - INFO - \u2139\ufe0f DEBUG: Valores lidos Grade B - grade1_grupo2=0.0, grade2_grupo2=0.0, grade3_grupo2=0.0, dist1_grupo2=0.0, dist2_grupo2=0.0
2026-03-28 10:31:08,140 - INFO - \u2139\ufe0f DEBUG: Condição Grade B - grade1_grupo2 > 0: False, grade2_grupo2 > 0: False, grade3_grupo2 > 0: False
2026-03-28 10:31:08,140 - INFO - \u2139\ufe0f DEBUG: Condição Grade B - grade1_grupo2 > 0 or grade2_grupo2 > 0 or grade3_grupo2 > 0: False
2026-03-28 10:31:08,140 - INFO - \u2139\ufe0f GRA.B total=0.0 => comprimentos=[0.0, 0.0, 0.0], espacos=[0.0, 0.0]
2026-03-28 10:31:08,142 - WARNING - \u26a0\ufe0f Pilar especial INATIVO (sem globais no gerador) - retornando valor original: -52
2026-03-28 10:31:08,142 - INFO - Debug - Scale factor obtido: 2 (tipo: <class 'int'>)
2026-03-28 10:31:08,142 - INFO - 
----------------------------------------
2026-03-28 10:31:08,142 - INFO - \U0001f4cc VERIFICAÇÃO DE PILAR ESPECIAL ATIVO
2026-03-28 10:31:08,142 - INFO - ----------------------------------------
2026-03-28 10:31:08,142 - INFO - \u2139\ufe0f \U0001f504 Verificando se pilar especial está ativo...
2026-03-28 10:31:08,142 - INFO - \u2139\ufe0f \U0001f504 Status do checkbox pilar_rotacionado_var: False
2026-03-28 10:31:08,143 - INFO - \u2139\ufe0f \U0001f504 Status do checkbox pilar_especial_ativo_var: False
2026-03-28 10:31:08,143 - INFO - \u2139\ufe0f Pilar especial INATIVO - pilar_rotacionado: False, pilar_especial: False, globais: False, tipo: ''
2026-03-28 10:31:08,143 - INFO - PILAR COMUM - Largura 30.0cm < 40cm, parafusos horizontais não aplicados
2026-03-28 10:31:08,143 - INFO - 
----------------------------------------
2026-03-28 10:31:08,143 - INFO - \U0001f4cc DECISÃO DE COMANDO SCALE/ROTATE
2026-03-28 10:31:08,143 - INFO - ----------------------------------------
2026-03-28 10:31:08,143 - INFO - \u2139\ufe0f \U0001f504 Verificando qual comando usar (SCALE ou ROTATE)...
2026-03-28 10:31:08,143 - INFO - \u2139\ufe0f \U0001f504 Status pilar_rotacionado = False, usar_scale = True
2026-03-28 10:31:08,143 - INFO - \u2139\ufe0f \u2705 Usando _SCALE
2026-03-28 10:31:08,143 - INFO - \u2139\ufe0f \U0001f504 Verificando se é pilar especial: False
2026-03-28 10:31:08,143 - INFO - \u2139\ufe0f \u2705 Pilar normal - usando valores padrão no _SCALE
2026-03-28 10:31:08,143 - INFO - \u2139\ufe0f \u2705 Script gerado com sucesso!
2026-03-28 10:31:08,143 - INFO - \U0001f504 Script gerado: Tamanho: 2037 caracteres
2026-03-28 10:31:08,143 - INFO - 
============================================================
2026-03-28 10:31:08,143 - INFO - \U0001f4cb FIM DA GERAÇÃO DE SCRIPT CIMA
2026-03-28 10:31:08,144 - INFO - ============================================================
2026-03-28 10:37:35,379 - INFO - Binds configurados para todos os locks
2026-03-28 10:37:35,384 - INFO - Carregando configurações de layers...
2026-03-28 10:37:35,387 - INFO - Carregando configurações de blocos...
2026-03-28 10:37:35,390 - INFO - Carregando opções de desenho...
2026-03-28 10:37:35,394 - INFO - Configurações carregadas com sucesso!
2026-03-28 10:37:35,394 - INFO - Aplicação inicializada com sucesso
2026-03-28 10:37:35,399 - INFO - Posição da laje A atualizada para 5 (PE=408.0, LAJE=0.0, DIV=120)
2026-03-28 10:37:35,405 - INFO - Posição da laje A atualizada para 5 (PE=408.0, LAJE=0.0, DIV=120)
2026-03-28 10:37:35,410 - INFO - Posição da laje B atualizada para 5 (PE=408.0, LAJE=0.0, DIV=120)
2026-03-28 10:37:35,416 - INFO - Posição da laje B atualizada para 5 (PE=408.0, LAJE=0.0, DIV=120)
2026-03-28 10:37:35,421 - INFO - Posição da laje C atualizada para 3 (PE=408.0, LAJE=0.0, DIV=242)
2026-03-28 10:37:35,426 - INFO - Posição da laje C atualizada para 3 (PE=408.0, LAJE=0.0, DIV=242)
2026-03-28 10:37:35,431 - INFO - Posição da laje D atualizada para 3 (PE=408.0, LAJE=0.0, DIV=242)
2026-03-28 10:37:35,436 - INFO - Posição da laje D atualizada para 3 (PE=408.0, LAJE=0.0, DIV=242)
2026-03-28 10:37:35,437 - INFO - Altura Painel A: 0.0 cm
2026-03-28 10:37:35,437 - INFO - Altura Painel A: 0.0 cm
2026-03-28 10:37:35,437 - INFO - Altura Painel A: 0.0 cm
2026-03-28 10:37:35,437 - INFO - Altura Painel A: 0.0 cm
2026-03-28 10:37:35,437 - INFO - Altura Painel A: 0.0 cm
2026-03-28 10:37:35,437 - INFO - [SCRIPT 1] Laje A para PD: 0.0 cm
2026-03-28 10:37:35,437 - INFO - PD calculado: 0.0cm (0,00m)
2026-03-28 10:37:35,437 - INFO - Tipo de moldura configurado: MULDURA
2026-03-28 10:37:35,437 - INFO - Usando configuração padrão MULDURA
2026-03-28 10:37:35,437 - INFO - Posições: A(-6920), B(-6620.0), C(-6320.0), D(-6090.0)
2026-03-28 10:37:35,437 - INFO - Script gerado com sucesso!
2026-03-28 10:37:35,438 - INFO - Script salvo como: P2_ABCD.scr
2026-03-28 10:37:36,257 - INFO - \u2139\ufe0f \U0001f504 Instância do GeradorPilar registrada globalmente
2026-03-28 10:37:36,257 - INFO - \u2139\ufe0f \U0001f504 Globais do pilar especial inicializadas
2026-03-28 10:37:36,257 - INFO - Aplicação inicializada com sucesso
2026-03-28 10:37:36,257 - INFO - Função calcular_valores iniciada
2026-03-28 10:37:36,257 - INFO - Debug - Comprimento: 82.0, Qtd Parafusos (LEGACY): 2
2026-03-28 10:37:36,257 - INFO - Debug - Distâncias finais (LEGACY): [53, 53, 0, 0, 0, 0, 0, 0]
2026-03-28 10:37:36,754 - INFO - 
----------------------------------------
2026-03-28 10:37:36,754 - INFO - \U0001f4cc VERIFICAÇÃO DE PILAR ESPECIAL ATIVO
2026-03-28 10:37:36,754 - INFO - ----------------------------------------
2026-03-28 10:37:36,754 - INFO - \u2139\ufe0f \U0001f504 Verificando se pilar especial está ativo...
2026-03-28 10:37:36,754 - INFO - \u2139\ufe0f \U0001f504 Status do checkbox pilar_rotacionado_var: False
2026-03-28 10:37:36,754 - INFO - \u2139\ufe0f \U0001f504 Status do checkbox pilar_especial_ativo_var: False
2026-03-28 10:37:36,754 - INFO - \u2139\ufe0f Pilar especial INATIVO - pilar_rotacionado: False, pilar_especial: False, globais: False, tipo: ''
2026-03-28 10:37:36,755 - INFO - 
----------------------------------------
2026-03-28 10:37:36,755 - INFO - \U0001f4cc VERIFICAÇÃO DE PILAR ESPECIAL ATIVO
2026-03-28 10:37:36,756 - INFO - ----------------------------------------
2026-03-28 10:37:36,756 - INFO - \u2139\ufe0f \U0001f504 Verificando se pilar especial está ativo...
2026-03-28 10:37:36,756 - INFO - \u2139\ufe0f \U0001f504 Status do checkbox pilar_rotacionado_var: False
2026-03-28 10:37:36,756 - INFO - \u2139\ufe0f \U0001f504 Status do checkbox pilar_especial_ativo_var: False
2026-03-28 10:37:36,756 - INFO - \u2139\ufe0f Pilar especial INATIVO - pilar_rotacionado: False, pilar_especial: False, globais: False, tipo: ''
2026-03-28 10:37:36,815 - INFO - 
----------------------------------------
2026-03-28 10:37:36,815 - INFO - \U0001f4cc VERIFICAÇÃO DE PILAR ESPECIAL ATIVO
2026-03-28 10:37:36,815 - INFO - ----------------------------------------
2026-03-28 10:37:36,815 - INFO - \u2139\ufe0f \U0001f504 Verificando se pilar especial está ativo...
2026-03-28 10:37:36,815 - INFO - \u2139\ufe0f \U0001f504 Status do checkbox pilar_rotacionado_var: False
2026-03-28 10:37:36,815 - INFO - \u2139\ufe0f \U0001f504 Status do checkbox pilar_especial_ativo_var: False
2026-03-28 10:37:36,815 - INFO - \u2139\ufe0f Pilar especial INATIVO - pilar_rotacionado: False, pilar_especial: False, globais: False, tipo: ''
2026-03-28 10:37:36,816 - INFO - 
----------------------------------------
2026-03-28 10:37:36,816 - INFO - \U0001f4cc VERIFICAÇÃO DE PILAR ESPECIAL ATIVO
2026-03-28 10:37:36,817 - INFO - ----------------------------------------
2026-03-28 10:37:36,817 - INFO - \u2139\ufe0f \U0001f504 Verificando se pilar especial está ativo...
2026-03-28 10:37:36,817 - INFO - \u2139\ufe0f \U0001f504 Status do checkbox pilar_rotacionado_var: False
2026-03-28 10:37:36,817 - INFO - \u2139\ufe0f \U0001f504 Status do checkbox pilar_especial_ativo_var: False
2026-03-28 10:37:36,817 - INFO - \u2139\ufe0f Pilar especial INATIVO - pilar_rotacionado: False, pilar_especial: False, globais: False, tipo: ''
2026-03-28 10:37:36,877 - INFO - 
----------------------------------------
2026-03-28 10:37:36,877 - INFO - \U0001f4cc VERIFICAÇÃO DE PILAR ESPECIAL ATIVO
2026-03-28 10:37:36,877 - INFO - ----------------------------------------
2026-03-28 10:37:36,877 - INFO - \u2139\ufe0f \U0001f504 Verificando se pilar especial está ativo...
2026-03-28 10:37:36,877 - INFO - \u2139\ufe0f \U0001f504 Status do checkbox pilar_rotacionado_var: False
2026-03-28 10:37:36,877 - INFO - \u2139\ufe0f \U0001f504 Status do checkbox pilar_especial_ativo_var: False
2026-03-28 10:37:36,877 - INFO - \u2139\ufe0f Pilar especial INATIVO - pilar_rotacionado: False, pilar_especial: False, globais: False, tipo: ''
2026-03-28 10:37:36,879 - INFO - 
----------------------------------------
2026-03-28 10:37:36,879 - INFO - \U0001f4cc VERIFICAÇÃO DE PILAR ESPECIAL ATIVO
2026-03-28 10:37:36,879 - INFO - ----------------------------------------
2026-03-28 10:37:36,879 - INFO - \u2139\ufe0f \U0001f504 Verificando se pilar especial está ativo...
2026-03-28 10:37:36,879 - INFO - \u2139\ufe0f \U0001f504 Status do checkbox pilar_rotacionado_var: False
2026-03-28 10:37:36,879 - INFO - \u2139\ufe0f \U0001f504 Status do checkbox pilar_especial_ativo_var: False
2026-03-28 10:37:36,879 - INFO - \u2139\ufe0f Pilar especial INATIVO - pilar_rotacionado: False, pilar_especial: False, globais: False, tipo: ''
2026-03-28 10:37:36,937 - INFO - 
----------------------------------------
2026-03-28 10:37:36,937 - INFO - \U0001f4cc VERIFICAÇÃO DE PILAR ESPECIAL ATIVO
2026-03-28 10:37:36,937 - INFO - ----------------------------------------
2026-03-28 10:37:36,937 - INFO - \u2139\ufe0f \U0001f504 Verificando se pilar especial está ativo...
2026-03-28 10:37:36,937 - INFO - \u2139\ufe0f \U0001f504 Status do checkbox pilar_rotacionado_var: False
2026-03-28 10:37:36,937 - INFO - \u2139\ufe0f \U0001f504 Status do checkbox pilar_especial_ativo_var: False
2026-03-28 10:37:36,938 - INFO - \u2139\ufe0f Pilar especial INATIVO - pilar_rotacionado: False, pilar_especial: False, globais: False, tipo: ''
2026-03-28 10:37:36,942 - INFO - 
----------------------------------------
2026-03-28 10:37:36,942 - INFO - \U0001f4cc VERIFICAÇÃO DE PILAR ESPECIAL ATIVO
2026-03-28 10:37:36,942 - INFO - ----------------------------------------
2026-03-28 10:37:36,942 - INFO - \u2139\ufe0f \U0001f504 Verificando se pilar especial está ativo...
2026-03-28 10:37:36,942 - INFO - \u2139\ufe0f \U0001f504 Status do checkbox pilar_rotacionado_var: False
2026-03-28 10:37:36,942 - INFO - \u2139\ufe0f \U0001f504 Status do checkbox pilar_especial_ativo_var: False
2026-03-28 10:37:36,942 - INFO - \u2139\ufe0f Pilar especial INATIVO - pilar_rotacionado: False, pilar_especial: False, globais: False, tipo: ''
2026-03-28 10:37:36,998 - INFO - 
----------------------------------------
2026-03-28 10:37:36,998 - INFO - \U0001f4cc VERIFICAÇÃO DE PILAR ESPECIAL ATIVO
2026-03-28 10:37:36,998 - INFO - ----------------------------------------
2026-03-28 10:37:36,998 - INFO - \u2139\ufe0f \U0001f504 Verificando se pilar especial está ativo...
2026-03-28 10:37:36,998 - INFO - \u2139\ufe0f \U0001f504 Status do checkbox pilar_rotacionado_var: False
2026-03-28 10:37:36,998 - INFO - \u2139\ufe0f \U0001f504 Status do checkbox pilar_especial_ativo_var: False
2026-03-28 10:37:36,998 - INFO - \u2139\ufe0f Pilar especial INATIVO - pilar_rotacionado: False, pilar_especial: False, globais: False, tipo: ''
2026-03-28 10:37:37,000 - INFO - 
----------------------------------------
2026-03-28 10:37:37,000 - INFO - \U0001f4cc VERIFICAÇÃO DE PILAR ESPECIAL ATIVO
2026-03-28 10:37:37,000 - INFO - ----------------------------------------
2026-03-28 10:37:37,000 - INFO - \u2139\ufe0f \U0001f504 Verificando se pilar especial está ativo...
2026-03-28 10:37:37,000 - INFO - \u2139\ufe0f \U0001f504 Status do checkbox pilar_rotacionado_var: False
2026-03-28 10:37:37,000 - INFO - \u2139\ufe0f \U0001f504 Status do checkbox pilar_especial_ativo_var: False
2026-03-28 10:37:37,000 - INFO - \u2139\ufe0f Pilar especial INATIVO - pilar_rotacionado: False, pilar_especial: False, globais: False, tipo: ''
2026-03-28 10:37:37,056 - INFO - 
----------------------------------------
2026-03-28 10:37:37,056 - INFO - \U0001f4cc VERIFICAÇÃO DE PILAR ESPECIAL ATIVO
2026-03-28 10:37:37,057 - INFO - ----------------------------------------
2026-03-28 10:37:37,057 - INFO - \u2139\ufe0f \U0001f504 Verificando se pilar especial está ativo...
2026-03-28 10:37:37,057 - INFO - \u2139\ufe0f \U0001f504 Status do checkbox pilar_rotacionado_var: False
2026-03-28 10:37:37,057 - INFO - \u2139\ufe0f \U0001f504 Status do checkbox pilar_especial_ativo_var: False
2026-03-28 10:37:37,057 - INFO - \u2139\ufe0f Pilar especial INATIVO - pilar_rotacionado: False, pilar_especial: False, globais: False, tipo: ''
2026-03-28 10:37:37,058 - INFO - 
----------------------------------------
2026-03-28 10:37:37,058 - INFO - \U0001f4cc VERIFICAÇÃO DE PILAR ESPECIAL ATIVO
2026-03-28 10:37:37,058 - INFO - ----------------------------------------
2026-03-28 10:37:37,058 - INFO - \u2139\ufe0f \U0001f504 Verificando se pilar especial está ativo...
2026-03-28 10:37:37,058 - INFO - \u2139\ufe0f \U0001f504 Status do checkbox pilar_rotacionado_var: False
2026-03-28 10:37:37,058 - INFO - \u2139\ufe0f \U0001f504 Status do checkbox pilar_especial_ativo_var: False
2026-03-28 10:37:37,059 - INFO - \u2139\ufe0f Pilar especial INATIVO - pilar_rotacionado: False, pilar_especial: False, globais: False, tipo: ''
2026-03-28 10:37:37,117 - INFO - 
----------------------------------------
2026-03-28 10:37:37,117 - INFO - \U0001f4cc VERIFICAÇÃO DE PILAR ESPECIAL ATIVO
2026-03-28 10:37:37,117 - INFO - ----------------------------------------
2026-03-28 10:37:37,117 - INFO - \u2139\ufe0f \U0001f504 Verificando se pilar especial está ativo...
2026-03-28 10:37:37,117 - INFO - \u2139\ufe0f \U0001f504 Status do checkbox pilar_rotacionado_var: False
2026-03-28 10:37:37,118 - INFO - \u2139\ufe0f \U0001f504 Status do checkbox pilar_especial_ativo_var: False
2026-03-28 10:37:37,118 - INFO - \u2139\ufe0f Pilar especial INATIVO - pilar_rotacionado: False, pilar_especial: False, globais: False, tipo: ''
2026-03-28 10:37:37,119 - INFO - 
----------------------------------------
2026-03-28 10:37:37,119 - INFO - \U0001f4cc VERIFICAÇÃO DE PILAR ESPECIAL ATIVO
2026-03-28 10:37:37,119 - INFO - ----------------------------------------
2026-03-28 10:37:37,119 - INFO - \u2139\ufe0f \U0001f504 Verificando se pilar especial está ativo...
2026-03-28 10:37:37,119 - INFO - \u2139\ufe0f \U0001f504 Status do checkbox pilar_rotacionado_var: False
2026-03-28 10:37:37,119 - INFO - \u2139\ufe0f \U0001f504 Status do checkbox pilar_especial_ativo_var: False
2026-03-28 10:37:37,119 - INFO - \u2139\ufe0f Pilar especial INATIVO - pilar_rotacionado: False, pilar_especial: False, globais: False, tipo: ''
2026-03-28 10:37:37,179 - INFO - 
----------------------------------------
2026-03-28 10:37:37,179 - INFO - \U0001f4cc VERIFICAÇÃO DE PILAR ESPECIAL ATIVO
2026-03-28 10:37:37,179 - INFO - ----------------------------------------
2026-03-28 10:37:37,179 - INFO - \u2139\ufe0f \U0001f504 Verificando se pilar especial está ativo...
2026-03-28 10:37:37,180 - INFO - \u2139\ufe0f \U0001f504 Status do checkbox pilar_rotacionado_var: False
2026-03-28 10:37:37,180 - INFO - \u2139\ufe0f \U0001f504 Status do checkbox pilar_especial_ativo_var: False
2026-03-28 10:37:37,180 - INFO - \u2139\ufe0f Pilar especial INATIVO - pilar_rotacionado: False, pilar_especial: False, globais: False, tipo: ''
2026-03-28 10:37:37,181 - INFO - 
----------------------------------------
2026-03-28 10:37:37,181 - INFO - \U0001f4cc VERIFICAÇÃO DE PILAR ESPECIAL ATIVO
2026-03-28 10:37:37,181 - INFO - ----------------------------------------
2026-03-28 10:37:37,181 - INFO - \u2139\ufe0f \U0001f504 Verificando se pilar especial está ativo...
2026-03-28 10:37:37,181 - INFO - \u2139\ufe0f \U0001f504 Status do checkbox pilar_rotacionado_var: False
2026-03-28 10:37:37,181 - INFO - \u2139\ufe0f \U0001f504 Status do checkbox pilar_especial_ativo_var: False
2026-03-28 10:37:37,181 - INFO - \u2139\ufe0f Pilar especial INATIVO - pilar_rotacionado: False, pilar_especial: False, globais: False, tipo: ''
2026-03-28 10:37:37,239 - INFO - 
----------------------------------------
2026-03-28 10:37:37,239 - INFO - \U0001f4cc VERIFICAÇÃO DE PILAR ESPECIAL ATIVO
2026-03-28 10:37:37,239 - INFO - ----------------------------------------
2026-03-28 10:37:37,239 - INFO - \u2139\ufe0f \U0001f504 Verificando se pilar especial está ativo...
2026-03-28 10:37:37,239 - INFO - \u2139\ufe0f \U0001f504 Status do checkbox pilar_rotacionado_var: False
2026-03-28 10:37:37,239 - INFO - \u2139\ufe0f \U0001f504 Status do checkbox pilar_especial_ativo_var: False
2026-03-28 10:37:37,239 - INFO - \u2139\ufe0f Pilar especial INATIVO - pilar_rotacionado: False, pilar_especial: False, globais: False, tipo: ''
2026-03-28 10:37:37,240 - INFO - 
----------------------------------------
2026-03-28 10:37:37,241 - INFO - \U0001f4cc VERIFICAÇÃO DE PILAR ESPECIAL ATIVO
2026-03-28 10:37:37,241 - INFO - ----------------------------------------
2026-03-28 10:37:37,241 - INFO - \u2139\ufe0f \U0001f504 Verificando se pilar especial está ativo...
2026-03-28 10:37:37,241 - INFO - \u2139\ufe0f \U0001f504 Status do checkbox pilar_rotacionado_var: False
2026-03-28 10:37:37,241 - INFO - \u2139\ufe0f \U0001f504 Status do checkbox pilar_especial_ativo_var: False
2026-03-28 10:37:37,241 - INFO - \u2139\ufe0f Pilar especial INATIVO - pilar_rotacionado: False, pilar_especial: False, globais: False, tipo: ''
2026-03-28 10:37:37,300 - INFO - 
----------------------------------------
2026-03-28 10:37:37,300 - INFO - \U0001f4cc VERIFICAÇÃO DE PILAR ESPECIAL ATIVO
2026-03-28 10:37:37,300 - INFO - ----------------------------------------
2026-03-28 10:37:37,300 - INFO - \u2139\ufe0f \U0001f504 Verificando se pilar especial está ativo...
2026-03-28 10:37:37,300 - INFO - \u2139\ufe0f \U0001f504 Status do checkbox pilar_rotacionado_var: False
2026-03-28 10:37:37,300 - INFO - \u2139\ufe0f \U0001f504 Status do checkbox pilar_especial_ativo_var: False
2026-03-28 10:37:37,300 - INFO - \u2139\ufe0f Pilar especial INATIVO - pilar_rotacionado: False, pilar_especial: False, globais: False, tipo: ''
2026-03-28 10:37:37,301 - INFO - 
----------------------------------------
2026-03-28 10:37:37,302 - INFO - \U0001f4cc VERIFICAÇÃO DE PILAR ESPECIAL ATIVO
2026-03-28 10:37:37,302 - INFO - ----------------------------------------
2026-03-28 10:37:37,302 - INFO - \u2139\ufe0f \U0001f504 Verificando se pilar especial está ativo...
2026-03-28 10:37:37,302 - INFO - \u2139\ufe0f \U0001f504 Status do checkbox pilar_rotacionado_var: False
2026-03-28 10:37:37,302 - INFO - \u2139\ufe0f \U0001f504 Status do checkbox pilar_especial_ativo_var: False
2026-03-28 10:37:37,302 - INFO - \u2139\ufe0f Pilar especial INATIVO - pilar_rotacionado: False, pilar_especial: False, globais: False, tipo: ''
2026-03-28 10:37:37,364 - INFO - 
----------------------------------------
2026-03-28 10:37:37,364 - INFO - \U0001f4cc VERIFICAÇÃO DE PILAR ESPECIAL ATIVO
2026-03-28 10:37:37,364 - INFO - ----------------------------------------
2026-03-28 10:37:37,364 - INFO - \u2139\ufe0f \U0001f504 Verificando se pilar especial está ativo...
2026-03-28 10:37:37,364 - INFO - \u2139\ufe0f \U0001f504 Status do checkbox pilar_rotacionado_var: False
2026-03-28 10:37:37,364 - INFO - \u2139\ufe0f \U0001f504 Status do checkbox pilar_especial_ativo_var: False
2026-03-28 10:37:37,364 - INFO - \u2139\ufe0f Pilar especial INATIVO - pilar_rotacionado: False, pilar_especial: False, globais: False, tipo: ''
2026-03-28 10:37:37,366 - INFO - 
----------------------------------------
2026-03-28 10:37:37,366 - INFO - \U0001f4cc VERIFICAÇÃO DE PILAR ESPECIAL ATIVO
2026-03-28 10:37:37,366 - INFO - ----------------------------------------
2026-03-28 10:37:37,366 - INFO - \u2139\ufe0f \U0001f504 Verificando se pilar especial está ativo...
2026-03-28 10:37:37,366 - INFO - \u2139\ufe0f \U0001f504 Status do checkbox pilar_rotacionado_var: False
2026-03-28 10:37:37,366 - INFO - \u2139\ufe0f \U0001f504 Status do checkbox pilar_especial_ativo_var: False
2026-03-28 10:37:37,366 - INFO - \u2139\ufe0f Pilar especial INATIVO - pilar_rotacionado: False, pilar_especial: False, globais: False, tipo: ''
2026-03-28 10:37:37,459 - INFO - 
----------------------------------------
2026-03-28 10:37:37,459 - INFO - \U0001f4cc VERIFICAÇÃO DE PILAR ESPECIAL ATIVO
2026-03-28 10:37:37,459 - INFO - ----------------------------------------
2026-03-28 10:37:37,460 - INFO - \u2139\ufe0f \U0001f504 Verificando se pilar especial está ativo...
2026-03-28 10:37:37,460 - INFO - \u2139\ufe0f \U0001f504 Status do checkbox pilar_rotacionado_var: False
2026-03-28 10:37:37,460 - INFO - \u2139\ufe0f \U0001f504 Status do checkbox pilar_especial_ativo_var: False
2026-03-28 10:37:37,460 - INFO - \u2139\ufe0f Pilar especial INATIVO - pilar_rotacionado: False, pilar_especial: False, globais: False, tipo: ''
2026-03-28 10:37:37,461 - INFO - 
----------------------------------------
2026-03-28 10:37:37,461 - INFO - \U0001f4cc VERIFICAÇÃO DE PILAR ESPECIAL ATIVO
2026-03-28 10:37:37,461 - INFO - ----------------------------------------
2026-03-28 10:37:37,461 - INFO - \u2139\ufe0f \U0001f504 Verificando se pilar especial está ativo...
2026-03-28 10:37:37,461 - INFO - \u2139\ufe0f \U0001f504 Status do checkbox pilar_rotacionado_var: False
2026-03-28 10:37:37,461 - INFO - \u2139\ufe0f \U0001f504 Status do checkbox pilar_especial_ativo_var: False
2026-03-28 10:37:37,461 - INFO - \u2139\ufe0f Pilar especial INATIVO - pilar_rotacionado: False, pilar_especial: False, globais: False, tipo: ''
2026-03-28 10:37:37,523 - INFO - 
----------------------------------------
2026-03-28 10:37:37,524 - INFO - \U0001f4cc VERIFICAÇÃO DE PILAR ESPECIAL ATIVO
2026-03-28 10:37:37,524 - INFO - ----------------------------------------
2026-03-28 10:37:37,524 - INFO - \u2139\ufe0f \U0001f504 Verificando se pilar especial está ativo...
2026-03-28 10:37:37,524 - INFO - \u2139\ufe0f \U0001f504 Status do checkbox pilar_rotacionado_var: False
2026-03-28 10:37:37,524 - INFO - \u2139\ufe0f \U0001f504 Status do checkbox pilar_especial_ativo_var: False
2026-03-28 10:37:37,524 - INFO - \u2139\ufe0f Pilar especial INATIVO - pilar_rotacionado: False, pilar_especial: False, globais: False, tipo: ''
2026-03-28 10:37:37,525 - INFO - 
----------------------------------------
2026-03-28 10:37:37,525 - INFO - \U0001f4cc VERIFICAÇÃO DE PILAR ESPECIAL ATIVO
2026-03-28 10:37:37,525 - INFO - ----------------------------------------
2026-03-28 10:37:37,525 - INFO - \u2139\ufe0f \U0001f504 Verificando se pilar especial está ativo...
2026-03-28 10:37:37,526 - INFO - \u2139\ufe0f \U0001f504 Status do checkbox pilar_rotacionado_var: False
2026-03-28 10:37:37,526 - INFO - \u2139\ufe0f \U0001f504 Status do checkbox pilar_especial_ativo_var: False
2026-03-28 10:37:37,526 - INFO - \u2139\ufe0f Pilar especial INATIVO - pilar_rotacionado: False, pilar_especial: False, globais: False, tipo: ''
2026-03-28 10:37:37,587 - INFO - 
----------------------------------------
2026-03-28 10:37:37,587 - INFO - \U0001f4cc VERIFICAÇÃO DE PILAR ESPECIAL ATIVO
2026-03-28 10:37:37,587 - INFO - ----------------------------------------
2026-03-28 10:37:37,587 - INFO - \u2139\ufe0f \U0001f504 Verificando se pilar especial está ativo...
2026-03-28 10:37:37,588 - INFO - \u2139\ufe0f \U0001f504 Status do checkbox pilar_rotacionado_var: False
2026-03-28 10:37:37,588 - INFO - \u2139\ufe0f \U0001f504 Status do checkbox pilar_especial_ativo_var: False
2026-03-28 10:37:37,588 - INFO - \u2139\ufe0f Pilar especial INATIVO - pilar_rotacionado: False, pilar_especial: False, globais: False, tipo: ''
2026-03-28 10:37:37,589 - INFO - 
----------------------------------------
2026-03-28 10:37:37,589 - INFO - \U0001f4cc VERIFICAÇÃO DE PILAR ESPECIAL ATIVO
2026-03-28 10:37:37,589 - INFO - ----------------------------------------
2026-03-28 10:37:37,589 - INFO - \u2139\ufe0f \U0001f504 Verificando se pilar especial está ativo...
2026-03-28 10:37:37,589 - INFO - \u2139\ufe0f \U0001f504 Status do checkbox pilar_rotacionado_var: False
2026-03-28 10:37:37,589 - INFO - \u2139\ufe0f \U0001f504 Status do checkbox pilar_especial_ativo_var: False
2026-03-28 10:37:37,589 - INFO - \u2139\ufe0f Pilar especial INATIVO - pilar_rotacionado: False, pilar_especial: False, globais: False, tipo: ''
2026-03-28 10:37:37,653 - INFO - 
----------------------------------------
2026-03-28 10:37:37,654 - INFO - \U0001f4cc VERIFICAÇÃO DE PILAR ESPECIAL ATIVO
2026-03-28 10:37:37,654 - INFO - ----------------------------------------
2026-03-28 10:37:37,654 - INFO - \u2139\ufe0f \U0001f504 Verificando se pilar especial está ativo...
2026-03-28 10:37:37,654 - INFO - \u2139\ufe0f \U0001f504 Status do checkbox pilar_rotacionado_var: False
2026-03-28 10:37:37,654 - INFO - \u2139\ufe0f \U0001f504 Status do checkbox pilar_especial_ativo_var: False
2026-03-28 10:37:37,654 - INFO - \u2139\ufe0f Pilar especial INATIVO - pilar_rotacionado: False, pilar_especial: False, globais: False, tipo: ''
2026-03-28 10:37:37,655 - INFO - 
----------------------------------------
2026-03-28 10:37:37,655 - INFO - \U0001f4cc VERIFICAÇÃO DE PILAR ESPECIAL ATIVO
2026-03-28 10:37:37,655 - INFO - ----------------------------------------
2026-03-28 10:37:37,655 - INFO - \u2139\ufe0f \U0001f504 Verificando se pilar especial está ativo...
2026-03-28 10:37:37,656 - INFO - \u2139\ufe0f \U0001f504 Status do checkbox pilar_rotacionado_var: False
2026-03-28 10:37:37,656 - INFO - \u2139\ufe0f \U0001f504 Status do checkbox pilar_especial_ativo_var: False
2026-03-28 10:37:37,656 - INFO - \u2139\ufe0f Pilar especial INATIVO - pilar_rotacionado: False, pilar_especial: False, globais: False, tipo: ''
2026-03-28 10:37:37,711 - INFO - 
----------------------------------------
2026-03-28 10:37:37,711 - INFO - \U0001f4cc VERIFICAÇÃO DE PILAR ESPECIAL ATIVO
2026-03-28 10:37:37,711 - INFO - ----------------------------------------
2026-03-28 10:37:37,712 - INFO - \u2139\ufe0f \U0001f504 Verificando se pilar especial está ativo...
2026-03-28 10:37:37,712 - INFO - \u2139\ufe0f \U0001f504 Status do checkbox pilar_rotacionado_var: False
2026-03-28 10:37:37,712 - INFO - \u2139\ufe0f \U0001f504 Status do checkbox pilar_especial_ativo_var: False
2026-03-28 10:37:37,712 - INFO - \u2139\ufe0f Pilar especial INATIVO - pilar_rotacionado: False, pilar_especial: False, globais: False, tipo: ''
2026-03-28 10:37:37,713 - INFO - 
----------------------------------------
2026-03-28 10:37:37,713 - INFO - \U0001f4cc VERIFICAÇÃO DE PILAR ESPECIAL ATIVO
2026-03-28 10:37:37,713 - INFO - ----------------------------------------
2026-03-28 10:37:37,713 - INFO - \u2139\ufe0f \U0001f504 Verificando se pilar especial está ativo...
2026-03-28 10:37:37,713 - INFO - \u2139\ufe0f \U0001f504 Status do checkbox pilar_rotacionado_var: False
2026-03-28 10:37:37,713 - INFO - \u2139\ufe0f \U0001f504 Status do checkbox pilar_especial_ativo_var: False
2026-03-28 10:37:37,713 - INFO - \u2139\ufe0f Pilar especial INATIVO - pilar_rotacionado: False, pilar_especial: False, globais: False, tipo: ''
2026-03-28 10:37:37,803 - INFO - 
============================================================
2026-03-28 10:37:37,803 - INFO - \U0001f4cb GERAÇÃO DE SCRIPT CIMA
2026-03-28 10:37:37,803 - INFO - ============================================================
2026-03-28 10:37:37,803 - INFO - \u2139\ufe0f \U0001f504 === INÍCIO DO gerar_script() ===
2026-03-28 10:37:37,803 - INFO - \u2139\ufe0f \U0001f504 Estado inicial das globais: ID=1811653689920, len=0
2026-03-28 10:37:37,803 - WARNING - \u26a0\ufe0f _globais_pilar_especial está vazio ou None!
2026-03-28 10:37:37,803 - INFO - \u2139\ufe0f \U0001f504 Status pilar_rotacionado no inicio: False
2026-03-28 10:37:37,803 - INFO - \u2139\ufe0f \U0001f504 Prestes a chamar _verificar_pilar_especial_ativo()...
2026-03-28 10:37:37,804 - INFO - \u2139\ufe0f \U0001f504 Estado das globais ANTES da verificação: False
2026-03-28 10:37:37,804 - INFO - 
----------------------------------------
2026-03-28 10:37:37,804 - INFO - \U0001f4cc VERIFICAÇÃO DE PILAR ESPECIAL ATIVO
2026-03-28 10:37:37,804 - INFO - ----------------------------------------
2026-03-28 10:37:37,804 - INFO - \u2139\ufe0f \U0001f504 Verificando se pilar especial está ativo...
2026-03-28 10:37:37,804 - INFO - \u2139\ufe0f \U0001f504 Status do checkbox pilar_rotacionado_var: False
2026-03-28 10:37:37,804 - INFO - \u2139\ufe0f \U0001f504 Status do checkbox pilar_especial_ativo_var: False
2026-03-28 10:37:37,804 - INFO - \u2139\ufe0f Pilar especial INATIVO - pilar_rotacionado: False, pilar_especial: False, globais: False, tipo: ''
2026-03-28 10:37:37,804 - INFO - \u2139\ufe0f \U0001f504 Resultado da verificação: False
2026-03-28 10:37:37,804 - INFO - \u2139\ufe0f \U0001f504 Estado das globais APÓS a verificação: False
2026-03-28 10:37:37,804 - INFO - \u2139\ufe0f \U0001f504 Pilar especial ativo: False
2026-03-28 10:37:37,804 - INFO - 
----------------------------------------
2026-03-28 10:37:37,804 - INFO - \U0001f4cc APLICAÇÃO DE ALTERAÇÕES PILAR ESPECIAL - PAI.B
2026-03-28 10:37:37,804 - INFO - ----------------------------------------
2026-03-28 10:37:37,805 - INFO - \u2139\ufe0f \U0001f504 Aplicando alterações do pilar especial para PAI.B...
2026-03-28 10:37:37,805 - WARNING - \u26a0\ufe0f Pilar especial INATIVO (sem globais no gerador) - retornando valor original: -51
2026-03-28 10:37:37,805 - WARNING - \u26a0\ufe0f Pilar especial INATIVO (sem globais no gerador) - retornando valor original: 94.0
2026-03-28 10:37:37,805 - WARNING - \u26a0\ufe0f Pilar especial INATIVO (sem globais no gerador) - retornando valor original: 104.0
2026-03-28 10:37:37,805 - INFO - \u2139\ufe0f \U0001f504 PAI.B - Posição X: -51 -> -51
2026-03-28 10:37:37,805 - INFO - \u2139\ufe0f \U0001f504 PAI.B - Posição Y: 94.0 -> 94.0
2026-03-28 10:37:37,805 - INFO - \u2139\ufe0f \U0001f504 PAI.B - Comprimento: 104.0 -> 104.0
2026-03-28 10:37:37,805 - WARNING - \u26a0\ufe0f Pilar especial INATIVO (sem globais no gerador) - retornando valor original: -51
2026-03-28 10:37:37,805 - WARNING - \u26a0\ufe0f Pilar especial INATIVO (sem globais no gerador) - retornando valor original: 70
2026-03-28 10:37:37,805 - WARNING - \u26a0\ufe0f Pilar especial INATIVO (sem globais no gerador) - retornando valor original: 104.0
2026-03-28 10:37:37,805 - INFO - \u2139\ufe0f [REFERENCIA-DINAMICA] Parede esquerda PAI.A FINAL REAL registrada: -51
2026-03-28 10:37:37,805 - WARNING - \u26a0\ufe0f Pilar especial INATIVO (sem globais no gerador) - retornando valor original: -71
2026-03-28 10:37:37,806 - WARNING - \u26a0\ufe0f Pilar especial INATIVO (sem globais no gerador) - retornando valor original: 144.0
2026-03-28 10:37:37,806 - INFO - \u2139\ufe0f \U0001f527 METAL A - posX=-71, posY=61.0, comp=144.0, endX=73.0, largura=7
2026-03-28 10:37:37,806 - WARNING - \u26a0\ufe0f Pilar especial INATIVO (sem globais no gerador) - retornando valor original: -71
2026-03-28 10:37:37,806 - WARNING - \u26a0\ufe0f Pilar especial INATIVO (sem globais no gerador) - retornando valor original: 144.0
2026-03-28 10:37:37,806 - INFO - \u2139\ufe0f \U0001f527 METAL B - posX=-71, posY=103.0, comp=144.0, endX=73.0, largura=7
2026-03-28 10:37:37,807 - INFO - \u2139\ufe0f DEBUG: Valores lidos Grade A - grade1=0.0, grade2=0.0, grade3=0.0, dist1=0.0, dist2=0.0
2026-03-28 10:37:37,807 - INFO - \u2139\ufe0f DEBUG: Condição Grade A - grade1 > 0: False, grade2 > 0: False, grade3 > 0: False
2026-03-28 10:37:37,807 - INFO - \u2139\ufe0f DEBUG: Condição Grade A - grade1 > 0 or grade2 > 0 or grade3 > 0: False
2026-03-28 10:37:37,807 - INFO - \u2139\ufe0f GRA.A total=0.0 => comprimentos=[0.0, 0.0, 0.0], espacos=[0.0, 0.0]
2026-03-28 10:37:37,807 - INFO - \u2139\ufe0f DEBUG: Valores lidos Grade B - grade1_grupo2=0.0, grade2_grupo2=0.0, grade3_grupo2=0.0, dist1_grupo2=0.0, dist2_grupo2=0.0
2026-03-28 10:37:37,807 - INFO - \u2139\ufe0f DEBUG: Condição Grade B - grade1_grupo2 > 0: False, grade2_grupo2 > 0: False, grade3_grupo2 > 0: False
2026-03-28 10:37:37,807 - INFO - \u2139\ufe0f DEBUG: Condição Grade B - grade1_grupo2 > 0 or grade2_grupo2 > 0 or grade3_grupo2 > 0: False
2026-03-28 10:37:37,807 - INFO - \u2139\ufe0f GRA.B total=0.0 => comprimentos=[0.0, 0.0, 0.0], espacos=[0.0, 0.0]
2026-03-28 10:37:37,809 - WARNING - \u26a0\ufe0f Pilar especial INATIVO (sem globais no gerador) - retornando valor original: -52
2026-03-28 10:37:37,810 - INFO - Debug - Scale factor obtido: 2 (tipo: <class 'int'>)
2026-03-28 10:37:37,810 - INFO - 
----------------------------------------
2026-03-28 10:37:37,810 - INFO - \U0001f4cc VERIFICAÇÃO DE PILAR ESPECIAL ATIVO
2026-03-28 10:37:37,810 - INFO - ----------------------------------------
2026-03-28 10:37:37,810 - INFO - \u2139\ufe0f \U0001f504 Verificando se pilar especial está ativo...
2026-03-28 10:37:37,810 - INFO - \u2139\ufe0f \U0001f504 Status do checkbox pilar_rotacionado_var: False
2026-03-28 10:37:37,810 - INFO - \u2139\ufe0f \U0001f504 Status do checkbox pilar_especial_ativo_var: False
2026-03-28 10:37:37,810 - INFO - \u2139\ufe0f Pilar especial INATIVO - pilar_rotacionado: False, pilar_especial: False, globais: False, tipo: ''
2026-03-28 10:37:37,810 - INFO - PILAR COMUM - Largura 24.0cm < 40cm, parafusos horizontais não aplicados
2026-03-28 10:37:37,810 - INFO - 
----------------------------------------
2026-03-28 10:37:37,810 - INFO - \U0001f4cc DECISÃO DE COMANDO SCALE/ROTATE
2026-03-28 10:37:37,810 - INFO - ----------------------------------------
2026-03-28 10:37:37,811 - INFO - \u2139\ufe0f \U0001f504 Verificando qual comando usar (SCALE ou ROTATE)...
2026-03-28 10:37:37,811 - INFO - \u2139\ufe0f \U0001f504 Status pilar_rotacionado = False, usar_scale = True
2026-03-28 10:37:37,811 - INFO - \u2139\ufe0f \u2705 Usando _SCALE
2026-03-28 10:37:37,811 - INFO - \u2139\ufe0f \U0001f504 Verificando se é pilar especial: False
2026-03-28 10:37:37,811 - INFO - \u2139\ufe0f \u2705 Pilar normal - usando valores padrão no _SCALE
2026-03-28 10:37:37,811 - INFO - \u2139\ufe0f \u2705 Script gerado com sucesso!
2026-03-28 10:37:37,811 - INFO - \U0001f504 Script gerado: Tamanho: 2271 caracteres
2026-03-28 10:37:37,811 - INFO - 
============================================================
2026-03-28 10:37:37,811 - INFO - \U0001f4cb FIM DA GERAÇÃO DE SCRIPT CIMA
2026-03-28 10:37:37,811 - INFO - ============================================================
2026-03-28 10:37:38,220 - INFO - Binds configurados para todos os locks
2026-03-28 10:37:38,224 - INFO - Carregando configurações de layers...
2026-03-28 10:37:38,229 - INFO - Carregando configurações de blocos...
2026-03-28 10:37:38,232 - INFO - Carregando opções de desenho...
2026-03-28 10:37:38,236 - INFO - Configurações carregadas com sucesso!
2026-03-28 10:37:38,236 - INFO - Aplicação inicializada com sucesso
2026-03-28 10:37:38,242 - INFO - Posição da laje A atualizada para 5 (PE=408.0, LAJE=0.0, DIV=120)
2026-03-28 10:37:38,247 - INFO - Posição da laje A atualizada para 5 (PE=408.0, LAJE=0.0, DIV=120)
2026-03-28 10:37:38,252 - INFO - Posição da laje B atualizada para 5 (PE=408.0, LAJE=0.0, DIV=120)
2026-03-28 10:37:38,258 - INFO - Posição da laje B atualizada para 5 (PE=408.0, LAJE=0.0, DIV=120)
2026-03-28 10:37:38,263 - INFO - Posição da laje C atualizada para 3 (PE=408.0, LAJE=0.0, DIV=242)
2026-03-28 10:37:38,269 - INFO - Posição da laje C atualizada para 3 (PE=408.0, LAJE=0.0, DIV=242)
2026-03-28 10:37:38,274 - INFO - Posição da laje D atualizada para 3 (PE=408.0, LAJE=0.0, DIV=242)
2026-03-28 10:37:38,280 - INFO - Posição da laje D atualizada para 3 (PE=408.0, LAJE=0.0, DIV=242)
2026-03-28 10:37:38,280 - INFO - Altura Painel A: 0.0 cm
2026-03-28 10:37:38,281 - INFO - Altura Painel A: 0.0 cm
2026-03-28 10:37:38,281 - INFO - Altura Painel A: 0.0 cm
2026-03-28 10:37:38,281 - INFO - Altura Painel A: 0.0 cm
2026-03-28 10:37:38,281 - INFO - Altura Painel A: 0.0 cm
2026-03-28 10:37:38,281 - INFO - [SCRIPT 1] Laje A para PD: 0.0 cm
2026-03-28 10:37:38,281 - INFO - PD calculado: 0.0cm (0,00m)
2026-03-28 10:37:38,281 - INFO - Tipo de moldura configurado: MULDURA
2026-03-28 10:37:38,281 - INFO - Usando configuração padrão MULDURA
2026-03-28 10:37:38,281 - INFO - Posições: A(-6920), B(-6620.0), C(-6320.0), D(-6090.0)
2026-03-28 10:37:38,281 - INFO - Script gerado com sucesso!
2026-03-28 10:37:38,282 - INFO - Script salvo como: P3_ABCD.scr
2026-03-28 10:37:55,152 - INFO - \u2139\ufe0f \U0001f504 Instância do GeradorPilar registrada globalmente
2026-03-28 10:37:55,153 - INFO - \u2139\ufe0f \U0001f504 Globais do pilar especial inicializadas
2026-03-28 10:37:55,153 - INFO - Aplicação inicializada com sucesso
2026-03-28 10:37:55,153 - INFO - Função calcular_valores iniciada
2026-03-28 10:37:55,153 - INFO - Debug - Comprimento: 82.0, Qtd Parafusos (LEGACY): 2
2026-03-28 10:37:55,153 - INFO - Debug - Distâncias finais (LEGACY): [53, 53, 0, 0, 0, 0, 0, 0]
2026-03-28 10:37:55,778 - INFO - 
----------------------------------------
2026-03-28 10:37:55,778 - INFO - \U0001f4cc VERIFICAÇÃO DE PILAR ESPECIAL ATIVO
2026-03-28 10:37:55,778 - INFO - ----------------------------------------
2026-03-28 10:37:55,778 - INFO - \u2139\ufe0f \U0001f504 Verificando se pilar especial está ativo...
2026-03-28 10:37:55,778 - INFO - \u2139\ufe0f \U0001f504 Status do checkbox pilar_rotacionado_var: False
2026-03-28 10:37:55,778 - INFO - \u2139\ufe0f \U0001f504 Status do checkbox pilar_especial_ativo_var: False
2026-03-28 10:37:55,778 - INFO - \u2139\ufe0f Pilar especial INATIVO - pilar_rotacionado: False, pilar_especial: False, globais: False, tipo: ''
2026-03-28 10:37:55,779 - INFO - 
----------------------------------------
2026-03-28 10:37:55,780 - INFO - \U0001f4cc VERIFICAÇÃO DE PILAR ESPECIAL ATIVO
2026-03-28 10:37:55,780 - INFO - ----------------------------------------
2026-03-28 10:37:55,780 - INFO - \u2139\ufe0f \U0001f504 Verificando se pilar especial está ativo...
2026-03-28 10:37:55,780 - INFO - \u2139\ufe0f \U0001f504 Status do checkbox pilar_rotacionado_var: False
2026-03-28 10:37:55,780 - INFO - \u2139\ufe0f \U0001f504 Status do checkbox pilar_especial_ativo_var: False
2026-03-28 10:37:55,780 - INFO - \u2139\ufe0f Pilar especial INATIVO - pilar_rotacionado: False, pilar_especial: False, globais: False, tipo: ''
2026-03-28 10:37:55,846 - INFO - 
----------------------------------------
2026-03-28 10:37:55,846 - INFO - \U0001f4cc VERIFICAÇÃO DE PILAR ESPECIAL ATIVO
2026-03-28 10:37:55,846 - INFO - ----------------------------------------
2026-03-28 10:37:55,846 - INFO - \u2139\ufe0f \U0001f504 Verificando se pilar especial está ativo...
2026-03-28 10:37:55,846 - INFO - \u2139\ufe0f \U0001f504 Status do checkbox pilar_rotacionado_var: False
2026-03-28 10:37:55,846 - INFO - \u2139\ufe0f \U0001f504 Status do checkbox pilar_especial_ativo_var: False
2026-03-28 10:37:55,846 - INFO - \u2139\ufe0f Pilar especial INATIVO - pilar_rotacionado: False, pilar_especial: False, globais: False, tipo: ''
2026-03-28 10:37:55,847 - INFO - 
----------------------------------------
2026-03-28 10:37:55,848 - INFO - \U0001f4cc VERIFICAÇÃO DE PILAR ESPECIAL ATIVO
2026-03-28 10:37:55,848 - INFO - ----------------------------------------
2026-03-28 10:37:55,848 - INFO - \u2139\ufe0f \U0001f504 Verificando se pilar especial está ativo...
2026-03-28 10:37:55,848 - INFO - \u2139\ufe0f \U0001f504 Status do checkbox pilar_rotacionado_var: False
2026-03-28 10:37:55,848 - INFO - \u2139\ufe0f \U0001f504 Status do checkbox pilar_especial_ativo_var: False
2026-03-28 10:37:55,848 - INFO - \u2139\ufe0f Pilar especial INATIVO - pilar_rotacionado: False, pilar_especial: False, globais: False, tipo: ''
2026-03-28 10:37:55,906 - INFO - 
----------------------------------------
2026-03-28 10:37:55,906 - INFO - \U0001f4cc VERIFICAÇÃO DE PILAR ESPECIAL ATIVO
2026-03-28 10:37:55,906 - INFO - ----------------------------------------
2026-03-28 10:37:55,906 - INFO - \u2139\ufe0f \U0001f504 Verificando se pilar especial está ativo...
2026-03-28 10:37:55,906 - INFO - \u2139\ufe0f \U0001f504 Status do checkbox pilar_rotacionado_var: False
2026-03-28 10:37:55,906 - INFO - \u2139\ufe0f \U0001f504 Status do checkbox pilar_especial_ativo_var: False
2026-03-28 10:37:55,906 - INFO - \u2139\ufe0f Pilar especial INATIVO - pilar_rotacionado: False, pilar_especial: False, globais: False, tipo: ''
2026-03-28 10:37:55,907 - INFO - 
----------------------------------------
2026-03-28 10:37:55,908 - INFO - \U0001f4cc VERIFICAÇÃO DE PILAR ESPECIAL ATIVO
2026-03-28 10:37:55,908 - INFO - ----------------------------------------
2026-03-28 10:37:55,908 - INFO - \u2139\ufe0f \U0001f504 Verificando se pilar especial está ativo...
2026-03-28 10:37:55,908 - INFO - \u2139\ufe0f \U0001f504 Status do checkbox pilar_rotacionado_var: False
2026-03-28 10:37:55,908 - INFO - \u2139\ufe0f \U0001f504 Status do checkbox pilar_especial_ativo_var: False
2026-03-28 10:37:55,908 - INFO - \u2139\ufe0f Pilar especial INATIVO - pilar_rotacionado: False, pilar_especial: False, globais: False, tipo: ''
2026-03-28 10:37:55,964 - INFO - 
----------------------------------------
2026-03-28 10:37:55,964 - INFO - \U0001f4cc VERIFICAÇÃO DE PILAR ESPECIAL ATIVO
2026-03-28 10:37:55,965 - INFO - ----------------------------------------
2026-03-28 10:37:55,965 - INFO - \u2139\ufe0f \U0001f504 Verificando se pilar especial está ativo...
2026-03-28 10:37:55,965 - INFO - \u2139\ufe0f \U0001f504 Status do checkbox pilar_rotacionado_var: False
2026-03-28 10:37:55,965 - INFO - \u2139\ufe0f \U0001f504 Status do checkbox pilar_especial_ativo_var: False
2026-03-28 10:37:55,965 - INFO - \u2139\ufe0f Pilar especial INATIVO - pilar_rotacionado: False, pilar_especial: False, globais: False, tipo: ''
2026-03-28 10:37:55,966 - INFO - 
----------------------------------------
2026-03-28 10:37:55,966 - INFO - \U0001f4cc VERIFICAÇÃO DE PILAR ESPECIAL ATIVO
2026-03-28 10:37:55,966 - INFO - ----------------------------------------
2026-03-28 10:37:55,966 - INFO - \u2139\ufe0f \U0001f504 Verificando se pilar especial está ativo...
2026-03-28 10:37:55,966 - INFO - \u2139\ufe0f \U0001f504 Status do checkbox pilar_rotacionado_var: False
2026-03-28 10:37:55,966 - INFO - \u2139\ufe0f \U0001f504 Status do checkbox pilar_especial_ativo_var: False
2026-03-28 10:37:55,966 - INFO - \u2139\ufe0f Pilar especial INATIVO - pilar_rotacionado: False, pilar_especial: False, globais: False, tipo: ''
2026-03-28 10:37:56,023 - INFO - 
----------------------------------------
2026-03-28 10:37:56,023 - INFO - \U0001f4cc VERIFICAÇÃO DE PILAR ESPECIAL ATIVO
2026-03-28 10:37:56,023 - INFO - ----------------------------------------
2026-03-28 10:37:56,023 - INFO - \u2139\ufe0f \U0001f504 Verificando se pilar especial está ativo...
2026-03-28 10:37:56,023 - INFO - \u2139\ufe0f \U0001f504 Status do checkbox pilar_rotacionado_var: False
2026-03-28 10:37:56,023 - INFO - \u2139\ufe0f \U0001f504 Status do checkbox pilar_especial_ativo_var: False
2026-03-28 10:37:56,023 - INFO - \u2139\ufe0f Pilar especial INATIVO - pilar_rotacionado: False, pilar_especial: False, globais: False, tipo: ''
2026-03-28 10:37:56,024 - INFO - 
----------------------------------------
2026-03-28 10:37:56,024 - INFO - \U0001f4cc VERIFICAÇÃO DE PILAR ESPECIAL ATIVO
2026-03-28 10:37:56,025 - INFO - ----------------------------------------
2026-03-28 10:37:56,025 - INFO - \u2139\ufe0f \U0001f504 Verificando se pilar especial está ativo...
2026-03-28 10:37:56,025 - INFO - \u2139\ufe0f \U0001f504 Status do checkbox pilar_rotacionado_var: False
2026-03-28 10:37:56,025 - INFO - \u2139\ufe0f \U0001f504 Status do checkbox pilar_especial_ativo_var: False
2026-03-28 10:37:56,025 - INFO - \u2139\ufe0f Pilar especial INATIVO - pilar_rotacionado: False, pilar_especial: False, globais: False, tipo: ''
2026-03-28 10:37:56,081 - INFO - 
----------------------------------------
2026-03-28 10:37:56,081 - INFO - \U0001f4cc VERIFICAÇÃO DE PILAR ESPECIAL ATIVO
2026-03-28 10:37:56,081 - INFO - ----------------------------------------
2026-03-28 10:37:56,081 - INFO - \u2139\ufe0f \U0001f504 Verificando se pilar especial está ativo...
2026-03-28 10:37:56,082 - INFO - \u2139\ufe0f \U0001f504 Status do checkbox pilar_rotacionado_var: False
2026-03-28 10:37:56,082 - INFO - \u2139\ufe0f \U0001f504 Status do checkbox pilar_especial_ativo_var: False
2026-03-28 10:37:56,082 - INFO - \u2139\ufe0f Pilar especial INATIVO - pilar_rotacionado: False, pilar_especial: False, globais: False, tipo: ''
2026-03-28 10:37:56,083 - INFO - 
----------------------------------------
2026-03-28 10:37:56,083 - INFO - \U0001f4cc VERIFICAÇÃO DE PILAR ESPECIAL ATIVO
2026-03-28 10:37:56,083 - INFO - ----------------------------------------
2026-03-28 10:37:56,083 - INFO - \u2139\ufe0f \U0001f504 Verificando se pilar especial está ativo...
2026-03-28 10:37:56,083 - INFO - \u2139\ufe0f \U0001f504 Status do checkbox pilar_rotacionado_var: False
2026-03-28 10:37:56,083 - INFO - \u2139\ufe0f \U0001f504 Status do checkbox pilar_especial_ativo_var: False
2026-03-28 10:37:56,083 - INFO - \u2139\ufe0f Pilar especial INATIVO - pilar_rotacionado: False, pilar_especial: False, globais: False, tipo: ''
2026-03-28 10:37:56,153 - INFO - 
----------------------------------------
2026-03-28 10:37:56,153 - INFO - \U0001f4cc VERIFICAÇÃO DE PILAR ESPECIAL ATIVO
2026-03-28 10:37:56,153 - INFO - ----------------------------------------
2026-03-28 10:37:56,153 - INFO - \u2139\ufe0f \U0001f504 Verificando se pilar especial está ativo...
2026-03-28 10:37:56,153 - INFO - \u2139\ufe0f \U0001f504 Status do checkbox pilar_rotacionado_var: False
2026-03-28 10:37:56,153 - INFO - \u2139\ufe0f \U0001f504 Status do checkbox pilar_especial_ativo_var: False
2026-03-28 10:37:56,153 - INFO - \u2139\ufe0f Pilar especial INATIVO - pilar_rotacionado: False, pilar_especial: False, globais: False, tipo: ''
2026-03-28 10:37:56,155 - INFO - 
----------------------------------------
2026-03-28 10:37:56,155 - INFO - \U0001f4cc VERIFICAÇÃO DE PILAR ESPECIAL ATIVO
2026-03-28 10:37:56,155 - INFO - ----------------------------------------
2026-03-28 10:37:56,155 - INFO - \u2139\ufe0f \U0001f504 Verificando se pilar especial está ativo...
2026-03-28 10:37:56,155 - INFO - \u2139\ufe0f \U0001f504 Status do checkbox pilar_rotacionado_var: False
2026-03-28 10:37:56,155 - INFO - \u2139\ufe0f \U0001f504 Status do checkbox pilar_especial_ativo_var: False
2026-03-28 10:37:56,155 - INFO - \u2139\ufe0f Pilar especial INATIVO - pilar_rotacionado: False, pilar_especial: False, globais: False, tipo: ''
2026-03-28 10:37:56,212 - INFO - 
----------------------------------------
2026-03-28 10:37:56,213 - INFO - \U0001f4cc VERIFICAÇÃO DE PILAR ESPECIAL ATIVO
2026-03-28 10:37:56,213 - INFO - ----------------------------------------
2026-03-28 10:37:56,213 - INFO - \u2139\ufe0f \U0001f504 Verificando se pilar especial está ativo...
2026-03-28 10:37:56,213 - INFO - \u2139\ufe0f \U0001f504 Status do checkbox pilar_rotacionado_var: False
2026-03-28 10:37:56,213 - INFO - \u2139\ufe0f \U0001f504 Status do checkbox pilar_especial_ativo_var: False
2026-03-28 10:37:56,213 - INFO - \u2139\ufe0f Pilar especial INATIVO - pilar_rotacionado: False, pilar_especial: False, globais: False, tipo: ''
2026-03-28 10:37:56,214 - INFO - 
----------------------------------------
2026-03-28 10:37:56,214 - INFO - \U0001f4cc VERIFICAÇÃO DE PILAR ESPECIAL ATIVO
2026-03-28 10:37:56,214 - INFO - ----------------------------------------
2026-03-28 10:37:56,214 - INFO - \u2139\ufe0f \U0001f504 Verificando se pilar especial está ativo...
2026-03-28 10:37:56,214 - INFO - \u2139\ufe0f \U0001f504 Status do checkbox pilar_rotacionado_var: False
2026-03-28 10:37:56,215 - INFO - \u2139\ufe0f \U0001f504 Status do checkbox pilar_especial_ativo_var: False
2026-03-28 10:37:56,215 - INFO - \u2139\ufe0f Pilar especial INATIVO - pilar_rotacionado: False, pilar_especial: False, globais: False, tipo: ''
2026-03-28 10:37:56,271 - INFO - 
----------------------------------------
2026-03-28 10:37:56,271 - INFO - \U0001f4cc VERIFICAÇÃO DE PILAR ESPECIAL ATIVO
2026-03-28 10:37:56,271 - INFO - ----------------------------------------
2026-03-28 10:37:56,271 - INFO - \u2139\ufe0f \U0001f504 Verificando se pilar especial está ativo...
2026-03-28 10:37:56,271 - INFO - \u2139\ufe0f \U0001f504 Status do checkbox pilar_rotacionado_var: False
2026-03-28 10:37:56,271 - INFO - \u2139\ufe0f \U0001f504 Status do checkbox pilar_especial_ativo_var: False
2026-03-28 10:37:56,271 - INFO - \u2139\ufe0f Pilar especial INATIVO - pilar_rotacionado: False, pilar_especial: False, globais: False, tipo: ''
2026-03-28 10:37:56,272 - INFO - 
----------------------------------------
2026-03-28 10:37:56,272 - INFO - \U0001f4cc VERIFICAÇÃO DE PILAR ESPECIAL ATIVO
2026-03-28 10:37:56,273 - INFO - ----------------------------------------
2026-03-28 10:37:56,273 - INFO - \u2139\ufe0f \U0001f504 Verificando se pilar especial está ativo...
2026-03-28 10:37:56,273 - INFO - \u2139\ufe0f \U0001f504 Status do checkbox pilar_rotacionado_var: False
2026-03-28 10:37:56,273 - INFO - \u2139\ufe0f \U0001f504 Status do checkbox pilar_especial_ativo_var: False
2026-03-28 10:37:56,273 - INFO - \u2139\ufe0f Pilar especial INATIVO - pilar_rotacionado: False, pilar_especial: False, globais: False, tipo: ''
2026-03-28 10:37:56,330 - INFO - 
----------------------------------------
2026-03-28 10:37:56,331 - INFO - \U0001f4cc VERIFICAÇÃO DE PILAR ESPECIAL ATIVO
2026-03-28 10:37:56,331 - INFO - ----------------------------------------
2026-03-28 10:37:56,331 - INFO - \u2139\ufe0f \U0001f504 Verificando se pilar especial está ativo...
2026-03-28 10:37:56,331 - INFO - \u2139\ufe0f \U0001f504 Status do checkbox pilar_rotacionado_var: False
2026-03-28 10:37:56,331 - INFO - \u2139\ufe0f \U0001f504 Status do checkbox pilar_especial_ativo_var: False
2026-03-28 10:37:56,331 - INFO - \u2139\ufe0f Pilar especial INATIVO - pilar_rotacionado: False, pilar_especial: False, globais: False, tipo: ''
2026-03-28 10:37:56,332 - INFO - 
----------------------------------------
2026-03-28 10:37:56,332 - INFO - \U0001f4cc VERIFICAÇÃO DE PILAR ESPECIAL ATIVO
2026-03-28 10:37:56,332 - INFO - ----------------------------------------
2026-03-28 10:37:56,332 - INFO - \u2139\ufe0f \U0001f504 Verificando se pilar especial está ativo...
2026-03-28 10:37:56,332 - INFO - \u2139\ufe0f \U0001f504 Status do checkbox pilar_rotacionado_var: False
2026-03-28 10:37:56,332 - INFO - \u2139\ufe0f \U0001f504 Status do checkbox pilar_especial_ativo_var: False
2026-03-28 10:37:56,332 - INFO - \u2139\ufe0f Pilar especial INATIVO - pilar_rotacionado: False, pilar_especial: False, globais: False, tipo: ''
2026-03-28 10:37:56,390 - INFO - 
----------------------------------------
2026-03-28 10:37:56,390 - INFO - \U0001f4cc VERIFICAÇÃO DE PILAR ESPECIAL ATIVO
2026-03-28 10:37:56,390 - INFO - ----------------------------------------
2026-03-28 10:37:56,390 - INFO - \u2139\ufe0f \U0001f504 Verificando se pilar especial está ativo...
2026-03-28 10:37:56,390 - INFO - \u2139\ufe0f \U0001f504 Status do checkbox pilar_rotacionado_var: False
2026-03-28 10:37:56,390 - INFO - \u2139\ufe0f \U0001f504 Status do checkbox pilar_especial_ativo_var: False
2026-03-28 10:37:56,390 - INFO - \u2139\ufe0f Pilar especial INATIVO - pilar_rotacionado: False, pilar_especial: False, globais: False, tipo: ''
2026-03-28 10:37:56,392 - INFO - 
----------------------------------------
2026-03-28 10:37:56,392 - INFO - \U0001f4cc VERIFICAÇÃO DE PILAR ESPECIAL ATIVO
2026-03-28 10:37:56,392 - INFO - ----------------------------------------
2026-03-28 10:37:56,392 - INFO - \u2139\ufe0f \U0001f504 Verificando se pilar especial está ativo...
2026-03-28 10:37:56,392 - INFO - \u2139\ufe0f \U0001f504 Status do checkbox pilar_rotacionado_var: False
2026-03-28 10:37:56,392 - INFO - \u2139\ufe0f \U0001f504 Status do checkbox pilar_especial_ativo_var: False
2026-03-28 10:37:56,392 - INFO - \u2139\ufe0f Pilar especial INATIVO - pilar_rotacionado: False, pilar_especial: False, globais: False, tipo: ''
2026-03-28 10:37:56,448 - INFO - 
----------------------------------------
2026-03-28 10:37:56,448 - INFO - \U0001f4cc VERIFICAÇÃO DE PILAR ESPECIAL ATIVO
2026-03-28 10:37:56,449 - INFO - ----------------------------------------
2026-03-28 10:37:56,449 - INFO - \u2139\ufe0f \U0001f504 Verificando se pilar especial está ativo...
2026-03-28 10:37:56,449 - INFO - \u2139\ufe0f \U0001f504 Status do checkbox pilar_rotacionado_var: False
2026-03-28 10:37:56,449 - INFO - \u2139\ufe0f \U0001f504 Status do checkbox pilar_especial_ativo_var: False
2026-03-28 10:37:56,449 - INFO - \u2139\ufe0f Pilar especial INATIVO - pilar_rotacionado: False, pilar_especial: False, globais: False, tipo: ''
2026-03-28 10:37:56,450 - INFO - 
----------------------------------------
2026-03-28 10:37:56,450 - INFO - \U0001f4cc VERIFICAÇÃO DE PILAR ESPECIAL ATIVO
2026-03-28 10:37:56,450 - INFO - ----------------------------------------
2026-03-28 10:37:56,450 - INFO - \u2139\ufe0f \U0001f504 Verificando se pilar especial está ativo...
2026-03-28 10:37:56,450 - INFO - \u2139\ufe0f \U0001f504 Status do checkbox pilar_rotacionado_var: False
2026-03-28 10:37:56,451 - INFO - \u2139\ufe0f \U0001f504 Status do checkbox pilar_especial_ativo_var: False
2026-03-28 10:37:56,451 - INFO - \u2139\ufe0f Pilar especial INATIVO - pilar_rotacionado: False, pilar_especial: False, globais: False, tipo: ''
2026-03-28 10:37:56,507 - INFO - 
----------------------------------------
2026-03-28 10:37:56,507 - INFO - \U0001f4cc VERIFICAÇÃO DE PILAR ESPECIAL ATIVO
2026-03-28 10:37:56,507 - INFO - ----------------------------------------
2026-03-28 10:37:56,507 - INFO - \u2139\ufe0f \U0001f504 Verificando se pilar especial está ativo...
2026-03-28 10:37:56,507 - INFO - \u2139\ufe0f \U0001f504 Status do checkbox pilar_rotacionado_var: False
2026-03-28 10:37:56,507 - INFO - \u2139\ufe0f \U0001f504 Status do checkbox pilar_especial_ativo_var: False
2026-03-28 10:37:56,508 - INFO - \u2139\ufe0f Pilar especial INATIVO - pilar_rotacionado: False, pilar_especial: False, globais: False, tipo: ''
2026-03-28 10:37:56,509 - INFO - 
----------------------------------------
2026-03-28 10:37:56,509 - INFO - \U0001f4cc VERIFICAÇÃO DE PILAR ESPECIAL ATIVO
2026-03-28 10:37:56,509 - INFO - ----------------------------------------
2026-03-28 10:37:56,509 - INFO - \u2139\ufe0f \U0001f504 Verificando se pilar especial está ativo...
2026-03-28 10:37:56,509 - INFO - \u2139\ufe0f \U0001f504 Status do checkbox pilar_rotacionado_var: False
2026-03-28 10:37:56,509 - INFO - \u2139\ufe0f \U0001f504 Status do checkbox pilar_especial_ativo_var: False
2026-03-28 10:37:56,509 - INFO - \u2139\ufe0f Pilar especial INATIVO - pilar_rotacionado: False, pilar_especial: False, globais: False, tipo: ''
2026-03-28 10:37:56,568 - INFO - 
----------------------------------------
2026-03-28 10:37:56,568 - INFO - \U0001f4cc VERIFICAÇÃO DE PILAR ESPECIAL ATIVO
2026-03-28 10:37:56,569 - INFO - ----------------------------------------
2026-03-28 10:37:56,569 - INFO - \u2139\ufe0f \U0001f504 Verificando se pilar especial está ativo...
2026-03-28 10:37:56,569 - INFO - \u2139\ufe0f \U0001f504 Status do checkbox pilar_rotacionado_var: False
2026-03-28 10:37:56,569 - INFO - \u2139\ufe0f \U0001f504 Status do checkbox pilar_especial_ativo_var: False
2026-03-28 10:37:56,569 - INFO - \u2139\ufe0f Pilar especial INATIVO - pilar_rotacionado: False, pilar_especial: False, globais: False, tipo: ''
2026-03-28 10:37:56,570 - INFO - 
----------------------------------------
2026-03-28 10:37:56,570 - INFO - \U0001f4cc VERIFICAÇÃO DE PILAR ESPECIAL ATIVO
2026-03-28 10:37:56,570 - INFO - ----------------------------------------
2026-03-28 10:37:56,570 - INFO - \u2139\ufe0f \U0001f504 Verificando se pilar especial está ativo...
2026-03-28 10:37:56,570 - INFO - \u2139\ufe0f \U0001f504 Status do checkbox pilar_rotacionado_var: False
2026-03-28 10:37:56,570 - INFO - \u2139\ufe0f \U0001f504 Status do checkbox pilar_especial_ativo_var: False
2026-03-28 10:37:56,570 - INFO - \u2139\ufe0f Pilar especial INATIVO - pilar_rotacionado: False, pilar_especial: False, globais: False, tipo: ''
2026-03-28 10:37:56,637 - INFO - 
----------------------------------------
2026-03-28 10:37:56,637 - INFO - \U0001f4cc VERIFICAÇÃO DE PILAR ESPECIAL ATIVO
2026-03-28 10:37:56,637 - INFO - ----------------------------------------
2026-03-28 10:37:56,637 - INFO - \u2139\ufe0f \U0001f504 Verificando se pilar especial está ativo...
2026-03-28 10:37:56,637 - INFO - \u2139\ufe0f \U0001f504 Status do checkbox pilar_rotacionado_var: False
2026-03-28 10:37:56,637 - INFO - \u2139\ufe0f \U0001f504 Status do checkbox pilar_especial_ativo_var: False
2026-03-28 10:37:56,638 - INFO - \u2139\ufe0f Pilar especial INATIVO - pilar_rotacionado: False, pilar_especial: False, globais: False, tipo: ''
2026-03-28 10:37:56,639 - INFO - 
----------------------------------------
2026-03-28 10:37:56,639 - INFO - \U0001f4cc VERIFICAÇÃO DE PILAR ESPECIAL ATIVO
2026-03-28 10:37:56,639 - INFO - ----------------------------------------
2026-03-28 10:37:56,639 - INFO - \u2139\ufe0f \U0001f504 Verificando se pilar especial está ativo...
2026-03-28 10:37:56,639 - INFO - \u2139\ufe0f \U0001f504 Status do checkbox pilar_rotacionado_var: False
2026-03-28 10:37:56,639 - INFO - \u2139\ufe0f \U0001f504 Status do checkbox pilar_especial_ativo_var: False
2026-03-28 10:37:56,639 - INFO - \u2139\ufe0f Pilar especial INATIVO - pilar_rotacionado: False, pilar_especial: False, globais: False, tipo: ''
2026-03-28 10:37:56,701 - INFO - 
----------------------------------------
2026-03-28 10:37:56,701 - INFO - \U0001f4cc VERIFICAÇÃO DE PILAR ESPECIAL ATIVO
2026-03-28 10:37:56,701 - INFO - ----------------------------------------
2026-03-28 10:37:56,701 - INFO - \u2139\ufe0f \U0001f504 Verificando se pilar especial está ativo...
2026-03-28 10:37:56,701 - INFO - \u2139\ufe0f \U0001f504 Status do checkbox pilar_rotacionado_var: False
2026-03-28 10:37:56,701 - INFO - \u2139\ufe0f \U0001f504 Status do checkbox pilar_especial_ativo_var: False
2026-03-28 10:37:56,701 - INFO - \u2139\ufe0f Pilar especial INATIVO - pilar_rotacionado: False, pilar_especial: False, globais: False, tipo: ''
2026-03-28 10:37:56,702 - INFO - 
----------------------------------------
2026-03-28 10:37:56,702 - INFO - \U0001f4cc VERIFICAÇÃO DE PILAR ESPECIAL ATIVO
2026-03-28 10:37:56,702 - INFO - ----------------------------------------
2026-03-28 10:37:56,703 - INFO - \u2139\ufe0f \U0001f504 Verificando se pilar especial está ativo...
2026-03-28 10:37:56,703 - INFO - \u2139\ufe0f \U0001f504 Status do checkbox pilar_rotacionado_var: False
2026-03-28 10:37:56,703 - INFO - \u2139\ufe0f \U0001f504 Status do checkbox pilar_especial_ativo_var: False
2026-03-28 10:37:56,703 - INFO - \u2139\ufe0f Pilar especial INATIVO - pilar_rotacionado: False, pilar_especial: False, globais: False, tipo: ''
2026-03-28 10:37:56,793 - INFO - 
============================================================
2026-03-28 10:37:56,793 - INFO - \U0001f4cb GERAÇÃO DE SCRIPT CIMA
2026-03-28 10:37:56,794 - INFO - ============================================================
2026-03-28 10:37:56,794 - INFO - \u2139\ufe0f \U0001f504 === INÍCIO DO gerar_script() ===
2026-03-28 10:37:56,794 - INFO - \u2139\ufe0f \U0001f504 Estado inicial das globais: ID=1811653689920, len=0
2026-03-28 10:37:56,794 - WARNING - \u26a0\ufe0f _globais_pilar_especial está vazio ou None!
2026-03-28 10:37:56,794 - INFO - \u2139\ufe0f \U0001f504 Status pilar_rotacionado no inicio: False
2026-03-28 10:37:56,794 - INFO - \u2139\ufe0f \U0001f504 Prestes a chamar _verificar_pilar_especial_ativo()...
2026-03-28 10:37:56,794 - INFO - \u2139\ufe0f \U0001f504 Estado das globais ANTES da verificação: False
2026-03-28 10:37:56,794 - INFO - 
----------------------------------------
2026-03-28 10:37:56,794 - INFO - \U0001f4cc VERIFICAÇÃO DE PILAR ESPECIAL ATIVO
2026-03-28 10:37:56,794 - INFO - ----------------------------------------
2026-03-28 10:37:56,794 - INFO - \u2139\ufe0f \U0001f504 Verificando se pilar especial está ativo...
2026-03-28 10:37:56,794 - INFO - \u2139\ufe0f \U0001f504 Status do checkbox pilar_rotacionado_var: False
2026-03-28 10:37:56,794 - INFO - \u2139\ufe0f \U0001f504 Status do checkbox pilar_especial_ativo_var: False
2026-03-28 10:37:56,795 - INFO - \u2139\ufe0f Pilar especial INATIVO - pilar_rotacionado: False, pilar_especial: False, globais: False, tipo: ''
2026-03-28 10:37:56,795 - INFO - \u2139\ufe0f \U0001f504 Resultado da verificação: False
2026-03-28 10:37:56,795 - INFO - \u2139\ufe0f \U0001f504 Estado das globais APÓS a verificação: False
2026-03-28 10:37:56,795 - INFO - \u2139\ufe0f \U0001f504 Pilar especial ativo: False
2026-03-28 10:37:56,795 - INFO - 
----------------------------------------
2026-03-28 10:37:56,795 - INFO - \U0001f4cc APLICAÇÃO DE ALTERAÇÕES PILAR ESPECIAL - PAI.B
2026-03-28 10:37:56,795 - INFO - ----------------------------------------
2026-03-28 10:37:56,795 - INFO - \u2139\ufe0f \U0001f504 Aplicando alterações do pilar especial para PAI.B...
2026-03-28 10:37:56,795 - WARNING - \u26a0\ufe0f Pilar especial INATIVO (sem globais no gerador) - retornando valor original: -51
2026-03-28 10:37:56,795 - WARNING - \u26a0\ufe0f Pilar especial INATIVO (sem globais no gerador) - retornando valor original: 94.0
2026-03-28 10:37:56,795 - WARNING - \u26a0\ufe0f Pilar especial INATIVO (sem globais no gerador) - retornando valor original: 104.0
2026-03-28 10:37:56,795 - INFO - \u2139\ufe0f \U0001f504 PAI.B - Posição X: -51 -> -51
2026-03-28 10:37:56,796 - INFO - \u2139\ufe0f \U0001f504 PAI.B - Posição Y: 94.0 -> 94.0
2026-03-28 10:37:56,796 - INFO - \u2139\ufe0f \U0001f504 PAI.B - Comprimento: 104.0 -> 104.0
2026-03-28 10:37:56,796 - WARNING - \u26a0\ufe0f Pilar especial INATIVO (sem globais no gerador) - retornando valor original: -51
2026-03-28 10:37:56,796 - WARNING - \u26a0\ufe0f Pilar especial INATIVO (sem globais no gerador) - retornando valor original: 70
2026-03-28 10:37:56,796 - WARNING - \u26a0\ufe0f Pilar especial INATIVO (sem globais no gerador) - retornando valor original: 104.0
2026-03-28 10:37:56,796 - INFO - \u2139\ufe0f [REFERENCIA-DINAMICA] Parede esquerda PAI.A FINAL REAL registrada: -51
2026-03-28 10:37:56,796 - WARNING - \u26a0\ufe0f Pilar especial INATIVO (sem globais no gerador) - retornando valor original: -71
2026-03-28 10:37:56,796 - WARNING - \u26a0\ufe0f Pilar especial INATIVO (sem globais no gerador) - retornando valor original: 144.0
2026-03-28 10:37:56,796 - INFO - \u2139\ufe0f \U0001f527 METAL A - posX=-71, posY=61.0, comp=144.0, endX=73.0, largura=7
2026-03-28 10:37:56,796 - WARNING - \u26a0\ufe0f Pilar especial INATIVO (sem globais no gerador) - retornando valor original: -71
2026-03-28 10:37:56,796 - WARNING - \u26a0\ufe0f Pilar especial INATIVO (sem globais no gerador) - retornando valor original: 144.0
2026-03-28 10:37:56,796 - INFO - \u2139\ufe0f \U0001f527 METAL B - posX=-71, posY=103.0, comp=144.0, endX=73.0, largura=7
2026-03-28 10:37:56,797 - INFO - \u2139\ufe0f DEBUG: Valores lidos Grade A - grade1=0.0, grade2=0.0, grade3=0.0, dist1=0.0, dist2=0.0
2026-03-28 10:37:56,798 - INFO - \u2139\ufe0f DEBUG: Condição Grade A - grade1 > 0: False, grade2 > 0: False, grade3 > 0: False
2026-03-28 10:37:56,798 - INFO - \u2139\ufe0f DEBUG: Condição Grade A - grade1 > 0 or grade2 > 0 or grade3 > 0: False
2026-03-28 10:37:56,798 - INFO - \u2139\ufe0f GRA.A total=0.0 => comprimentos=[0.0, 0.0, 0.0], espacos=[0.0, 0.0]
2026-03-28 10:37:56,798 - INFO - \u2139\ufe0f DEBUG: Valores lidos Grade B - grade1_grupo2=0.0, grade2_grupo2=0.0, grade3_grupo2=0.0, dist1_grupo2=0.0, dist2_grupo2=0.0
2026-03-28 10:37:56,798 - INFO - \u2139\ufe0f DEBUG: Condição Grade B - grade1_grupo2 > 0: False, grade2_grupo2 > 0: False, grade3_grupo2 > 0: False
2026-03-28 10:37:56,798 - INFO - \u2139\ufe0f DEBUG: Condição Grade B - grade1_grupo2 > 0 or grade2_grupo2 > 0 or grade3_grupo2 > 0: False
2026-03-28 10:37:56,798 - INFO - \u2139\ufe0f GRA.B total=0.0 => comprimentos=[0.0, 0.0, 0.0], espacos=[0.0, 0.0]
2026-03-28 10:37:56,800 - WARNING - \u26a0\ufe0f Pilar especial INATIVO (sem globais no gerador) - retornando valor original: -52
2026-03-28 10:37:56,800 - INFO - Debug - Scale factor obtido: 2 (tipo: <class 'int'>)
2026-03-28 10:37:56,800 - INFO - 
----------------------------------------
2026-03-28 10:37:56,800 - INFO - \U0001f4cc VERIFICAÇÃO DE PILAR ESPECIAL ATIVO
2026-03-28 10:37:56,800 - INFO - ----------------------------------------
2026-03-28 10:37:56,800 - INFO - \u2139\ufe0f \U0001f504 Verificando se pilar especial está ativo...
2026-03-28 10:37:56,800 - INFO - \u2139\ufe0f \U0001f504 Status do checkbox pilar_rotacionado_var: False
2026-03-28 10:37:56,800 - INFO - \u2139\ufe0f \U0001f504 Status do checkbox pilar_especial_ativo_var: False
2026-03-28 10:37:56,800 - INFO - \u2139\ufe0f Pilar especial INATIVO - pilar_rotacionado: False, pilar_especial: False, globais: False, tipo: ''
2026-03-28 10:37:56,801 - INFO - PILAR COMUM - Largura 24.0cm < 40cm, parafusos horizontais não aplicados
2026-03-28 10:37:56,801 - INFO - 
----------------------------------------
2026-03-28 10:37:56,801 - INFO - \U0001f4cc DECISÃO DE COMANDO SCALE/ROTATE
2026-03-28 10:37:56,801 - INFO - ----------------------------------------
2026-03-28 10:37:56,801 - INFO - \u2139\ufe0f \U0001f504 Verificando qual comando usar (SCALE ou ROTATE)...
2026-03-28 10:37:56,801 - INFO - \u2139\ufe0f \U0001f504 Status pilar_rotacionado = False, usar_scale = True
2026-03-28 10:37:56,801 - INFO - \u2139\ufe0f \u2705 Usando _SCALE
2026-03-28 10:37:56,801 - INFO - \u2139\ufe0f \U0001f504 Verificando se é pilar especial: False
2026-03-28 10:37:56,801 - INFO - \u2139\ufe0f \u2705 Pilar normal - usando valores padrão no _SCALE
2026-03-28 10:37:56,801 - INFO - \u2139\ufe0f \u2705 Script gerado com sucesso!
2026-03-28 10:37:56,801 - INFO - \U0001f504 Script gerado: Tamanho: 2271 caracteres
2026-03-28 10:37:56,801 - INFO - 
============================================================
2026-03-28 10:37:56,801 - INFO - \U0001f4cb FIM DA GERAÇÃO DE SCRIPT CIMA
2026-03-28 10:37:56,801 - INFO - ============================================================
2026-03-28 10:37:57,215 - INFO - Binds configurados para todos os locks
2026-03-28 10:37:57,219 - INFO - Carregando configurações de layers...
2026-03-28 10:37:57,222 - INFO - Carregando configurações de blocos...
2026-03-28 10:37:57,225 - INFO - Carregando opções de desenho...
2026-03-28 10:37:57,229 - INFO - Configurações carregadas com sucesso!
2026-03-28 10:37:57,229 - INFO - Aplicação inicializada com sucesso
2026-03-28 10:37:57,235 - INFO - Posição da laje A atualizada para 5 (PE=408.0, LAJE=0.0, DIV=120)
2026-03-28 10:37:57,240 - INFO - Posição da laje A atualizada para 5 (PE=408.0, LAJE=0.0, DIV=120)
2026-03-28 10:37:57,245 - INFO - Posição da laje B atualizada para 5 (PE=408.0, LAJE=0.0, DIV=120)
2026-03-28 10:37:57,250 - INFO - Posição da laje B atualizada para 5 (PE=408.0, LAJE=0.0, DIV=120)
2026-03-28 10:37:57,256 - INFO - Posição da laje C atualizada para 3 (PE=408.0, LAJE=0.0, DIV=242)
2026-03-28 10:37:57,261 - INFO - Posição da laje C atualizada para 3 (PE=408.0, LAJE=0.0, DIV=242)
2026-03-28 10:37:57,267 - INFO - Posição da laje D atualizada para 3 (PE=408.0, LAJE=0.0, DIV=242)
2026-03-28 10:37:57,273 - INFO - Posição da laje D atualizada para 3 (PE=408.0, LAJE=0.0, DIV=242)
2026-03-28 10:37:57,273 - INFO - Altura Painel A: 0.0 cm
2026-03-28 10:37:57,273 - INFO - Altura Painel A: 0.0 cm
2026-03-28 10:37:57,273 - INFO - Altura Painel A: 0.0 cm
2026-03-28 10:37:57,274 - INFO - Altura Painel A: 0.0 cm
2026-03-28 10:37:57,274 - INFO - Altura Painel A: 0.0 cm
2026-03-28 10:37:57,274 - INFO - [SCRIPT 1] Laje A para PD: 0.0 cm
2026-03-28 10:37:57,274 - INFO - PD calculado: 0.0cm (0,00m)
2026-03-28 10:37:57,274 - INFO - Tipo de moldura configurado: MULDURA
2026-03-28 10:37:57,274 - INFO - Usando configuração padrão MULDURA
2026-03-28 10:37:57,274 - INFO - Posições: A(-6920), B(-6620.0), C(-6320.0), D(-6090.0)
2026-03-28 10:37:57,274 - INFO - Script gerado com sucesso!
2026-03-28 10:37:57,275 - INFO - Script salvo como: P4_ABCD.scr
2026-03-28 10:37:58,005 - INFO - \u2139\ufe0f \U0001f504 Instância do GeradorPilar registrada globalmente
2026-03-28 10:37:58,005 - INFO - \u2139\ufe0f \U0001f504 Globais do pilar especial inicializadas
2026-03-28 10:37:58,005 - INFO - Aplicação inicializada com sucesso
2026-03-28 10:37:58,005 - INFO - Função calcular_valores iniciada
2026-03-28 10:37:58,006 - INFO - Debug - Comprimento: 82.0, Qtd Parafusos (LEGACY): 2
2026-03-28 10:37:58,006 - INFO - Debug - Distâncias finais (LEGACY): [53, 53, 0, 0, 0, 0, 0, 0]
2026-03-28 10:37:58,460 - INFO - 
----------------------------------------
2026-03-28 10:37:58,461 - INFO - \U0001f4cc VERIFICAÇÃO DE PILAR ESPECIAL ATIVO
2026-03-28 10:37:58,461 - INFO - ----------------------------------------
2026-03-28 10:37:58,461 - INFO - \u2139\ufe0f \U0001f504 Verificando se pilar especial está ativo...
2026-03-28 10:37:58,461 - INFO - \u2139\ufe0f \U0001f504 Status do checkbox pilar_rotacionado_var: False
2026-03-28 10:37:58,461 - INFO - \u2139\ufe0f \U0001f504 Status do checkbox pilar_especial_ativo_var: False
2026-03-28 10:37:58,461 - INFO - \u2139\ufe0f Pilar especial INATIVO - pilar_rotacionado: False, pilar_especial: False, globais: False, tipo: ''
2026-03-28 10:37:58,462 - INFO - 
----------------------------------------
2026-03-28 10:37:58,462 - INFO - \U0001f4cc VERIFICAÇÃO DE PILAR ESPECIAL ATIVO
2026-03-28 10:37:58,462 - INFO - ----------------------------------------
2026-03-28 10:37:58,462 - INFO - \u2139\ufe0f \U0001f504 Verificando se pilar especial está ativo...
2026-03-28 10:37:58,462 - INFO - \u2139\ufe0f \U0001f504 Status do checkbox pilar_rotacionado_var: False
2026-03-28 10:37:58,463 - INFO - \u2139\ufe0f \U0001f504 Status do checkbox pilar_especial_ativo_var: False
2026-03-28 10:37:58,463 - INFO - \u2139\ufe0f Pilar especial INATIVO - pilar_rotacionado: False, pilar_especial: False, globais: False, tipo: ''
2026-03-28 10:37:58,527 - INFO - 
----------------------------------------
2026-03-28 10:37:58,527 - INFO - \U0001f4cc VERIFICAÇÃO DE PILAR ESPECIAL ATIVO
2026-03-28 10:37:58,527 - INFO - ----------------------------------------
2026-03-28 10:37:58,527 - INFO - \u2139\ufe0f \U0001f504 Verificando se pilar especial está ativo...
2026-03-28 10:37:58,528 - INFO - \u2139\ufe0f \U0001f504 Status do checkbox pilar_rotacionado_var: False
2026-03-28 10:37:58,528 - INFO - \u2139\ufe0f \U0001f504 Status do checkbox pilar_especial_ativo_var: False
2026-03-28 10:37:58,528 - INFO - \u2139\ufe0f Pilar especial INATIVO - pilar_rotacionado: False, pilar_especial: False, globais: False, tipo: ''
2026-03-28 10:37:58,529 - INFO - 
----------------------------------------
2026-03-28 10:37:58,529 - INFO - \U0001f4cc VERIFICAÇÃO DE PILAR ESPECIAL ATIVO
2026-03-28 10:37:58,529 - INFO - ----------------------------------------
2026-03-28 10:37:58,529 - INFO - \u2139\ufe0f \U0001f504 Verificando se pilar especial está ativo...
2026-03-28 10:37:58,529 - INFO - \u2139\ufe0f \U0001f504 Status do checkbox pilar_rotacionado_var: False
2026-03-28 10:37:58,529 - INFO - \u2139\ufe0f \U0001f504 Status do checkbox pilar_especial_ativo_var: False
2026-03-28 10:37:58,529 - INFO - \u2139\ufe0f Pilar especial INATIVO - pilar_rotacionado: False, pilar_especial: False, globais: False, tipo: ''
2026-03-28 10:37:58,588 - INFO - 
----------------------------------------
2026-03-28 10:37:58,588 - INFO - \U0001f4cc VERIFICAÇÃO DE PILAR ESPECIAL ATIVO
2026-03-28 10:37:58,588 - INFO - ----------------------------------------
2026-03-28 10:37:58,589 - INFO - \u2139\ufe0f \U0001f504 Verificando se pilar especial está ativo...
2026-03-28 10:37:58,589 - INFO - \u2139\ufe0f \U0001f504 Status do checkbox pilar_rotacionado_var: False
2026-03-28 10:37:58,589 - INFO - \u2139\ufe0f \U0001f504 Status do checkbox pilar_especial_ativo_var: False
2026-03-28 10:37:58,589 - INFO - \u2139\ufe0f Pilar especial INATIVO - pilar_rotacionado: False, pilar_especial: False, globais: False, tipo: ''
2026-03-28 10:37:58,590 - INFO - 
----------------------------------------
2026-03-28 10:37:58,590 - INFO - \U0001f4cc VERIFICAÇÃO DE PILAR ESPECIAL ATIVO
2026-03-28 10:37:58,590 - INFO - ----------------------------------------
2026-03-28 10:37:58,590 - INFO - \u2139\ufe0f \U0001f504 Verificando se pilar especial está ativo...
2026-03-28 10:37:58,590 - INFO - \u2139\ufe0f \U0001f504 Status do checkbox pilar_rotacionado_var: False
2026-03-28 10:37:58,590 - INFO - \u2139\ufe0f \U0001f504 Status do checkbox pilar_especial_ativo_var: False
2026-03-28 10:37:58,590 - INFO - \u2139\ufe0f Pilar especial INATIVO - pilar_rotacionado: False, pilar_especial: False, globais: False, tipo: ''
2026-03-28 10:37:58,653 - INFO - 
----------------------------------------
2026-03-28 10:37:58,654 - INFO - \U0001f4cc VERIFICAÇÃO DE PILAR ESPECIAL ATIVO
2026-03-28 10:37:58,654 - INFO - ----------------------------------------
2026-03-28 10:37:58,654 - INFO - \u2139\ufe0f \U0001f504 Verificando se pilar especial está ativo...
2026-03-28 10:37:58,654 - INFO - \u2139\ufe0f \U0001f504 Status do checkbox pilar_rotacionado_var: False
2026-03-28 10:37:58,654 - INFO - \u2139\ufe0f \U0001f504 Status do checkbox pilar_especial_ativo_var: False
2026-03-28 10:37:58,654 - INFO - \u2139\ufe0f Pilar especial INATIVO - pilar_rotacionado: False, pilar_especial: False, globais: False, tipo: ''
2026-03-28 10:37:58,655 - INFO - 
----------------------------------------
2026-03-28 10:37:58,655 - INFO - \U0001f4cc VERIFICAÇÃO DE PILAR ESPECIAL ATIVO
2026-03-28 10:37:58,655 - INFO - ----------------------------------------
2026-03-28 10:37:58,655 - INFO - \u2139\ufe0f \U0001f504 Verificando se pilar especial está ativo...
2026-03-28 10:37:58,656 - INFO - \u2139\ufe0f \U0001f504 Status do checkbox pilar_rotacionado_var: False
2026-03-28 10:37:58,656 - INFO - \u2139\ufe0f \U0001f504 Status do checkbox pilar_especial_ativo_var: False
2026-03-28 10:37:58,656 - INFO - \u2139\ufe0f Pilar especial INATIVO - pilar_rotacionado: False, pilar_especial: False, globais: False, tipo: ''
2026-03-28 10:37:58,713 - INFO - 
----------------------------------------
2026-03-28 10:37:58,713 - INFO - \U0001f4cc VERIFICAÇÃO DE PILAR ESPECIAL ATIVO
2026-03-28 10:37:58,713 - INFO - ----------------------------------------
2026-03-28 10:37:58,713 - INFO - \u2139\ufe0f \U0001f504 Verificando se pilar especial está ativo...
2026-03-28 10:37:58,714 - INFO - \u2139\ufe0f \U0001f504 Status do checkbox pilar_rotacionado_var: False
2026-03-28 10:37:58,714 - INFO - \u2139\ufe0f \U0001f504 Status do checkbox pilar_especial_ativo_var: False
2026-03-28 10:37:58,714 - INFO - \u2139\ufe0f Pilar especial INATIVO - pilar_rotacionado: False, pilar_especial: False, globais: False, tipo: ''
2026-03-28 10:37:58,715 - INFO - 
----------------------------------------
2026-03-28 10:37:58,715 - INFO - \U0001f4cc VERIFICAÇÃO DE PILAR ESPECIAL ATIVO
2026-03-28 10:37:58,715 - INFO - ----------------------------------------
2026-03-28 10:37:58,715 - INFO - \u2139\ufe0f \U0001f504 Verificando se pilar especial está ativo...
2026-03-28 10:37:58,715 - INFO - \u2139\ufe0f \U0001f504 Status do checkbox pilar_rotacionado_var: False
2026-03-28 10:37:58,715 - INFO - \u2139\ufe0f \U0001f504 Status do checkbox pilar_especial_ativo_var: False
2026-03-28 10:37:58,715 - INFO - \u2139\ufe0f Pilar especial INATIVO - pilar_rotacionado: False, pilar_especial: False, globais: False, tipo: ''
2026-03-28 10:37:58,777 - INFO - 
----------------------------------------
2026-03-28 10:37:58,777 - INFO - \U0001f4cc VERIFICAÇÃO DE PILAR ESPECIAL ATIVO
2026-03-28 10:37:58,777 - INFO - ----------------------------------------
2026-03-28 10:37:58,778 - INFO - \u2139\ufe0f \U0001f504 Verificando se pilar especial está ativo...
2026-03-28 10:37:58,778 - INFO - \u2139\ufe0f \U0001f504 Status do checkbox pilar_rotacionado_var: False
2026-03-28 10:37:58,778 - INFO - \u2139\ufe0f \U0001f504 Status do checkbox pilar_especial_ativo_var: False
2026-03-28 10:37:58,778 - INFO - \u2139\ufe0f Pilar especial INATIVO - pilar_rotacionado: False, pilar_especial: False, globais: False, tipo: ''
2026-03-28 10:37:58,779 - INFO - 
----------------------------------------
2026-03-28 10:37:58,779 - INFO - \U0001f4cc VERIFICAÇÃO DE PILAR ESPECIAL ATIVO
2026-03-28 10:37:58,779 - INFO - ----------------------------------------
2026-03-28 10:37:58,779 - INFO - \u2139\ufe0f \U0001f504 Verificando se pilar especial está ativo...
2026-03-28 10:37:58,779 - INFO - \u2139\ufe0f \U0001f504 Status do checkbox pilar_rotacionado_var: False
2026-03-28 10:37:58,779 - INFO - \u2139\ufe0f \U0001f504 Status do checkbox pilar_especial_ativo_var: False
2026-03-28 10:37:58,780 - INFO - \u2139\ufe0f Pilar especial INATIVO - pilar_rotacionado: False, pilar_especial: False, globais: False, tipo: ''
2026-03-28 10:37:58,848 - INFO - 
----------------------------------------
2026-03-28 10:37:58,849 - INFO - \U0001f4cc VERIFICAÇÃO DE PILAR ESPECIAL ATIVO
2026-03-28 10:37:58,849 - INFO - ----------------------------------------
2026-03-28 10:37:58,849 - INFO - \u2139\ufe0f \U0001f504 Verificando se pilar especial está ativo...
2026-03-28 10:37:58,849 - INFO - \u2139\ufe0f \U0001f504 Status do checkbox pilar_rotacionado_var: False
2026-03-28 10:37:58,849 - INFO - \u2139\ufe0f \U0001f504 Status do checkbox pilar_especial_ativo_var: False
2026-03-28 10:37:58,849 - INFO - \u2139\ufe0f Pilar especial INATIVO - pilar_rotacionado: False, pilar_especial: False, globais: False, tipo: ''
2026-03-28 10:37:58,851 - INFO - 
----------------------------------------
2026-03-28 10:37:58,851 - INFO - \U0001f4cc VERIFICAÇÃO DE PILAR ESPECIAL ATIVO
2026-03-28 10:37:58,851 - INFO - ----------------------------------------
2026-03-28 10:37:58,851 - INFO - \u2139\ufe0f \U0001f504 Verificando se pilar especial está ativo...
2026-03-28 10:37:58,851 - INFO - \u2139\ufe0f \U0001f504 Status do checkbox pilar_rotacionado_var: False
2026-03-28 10:37:58,851 - INFO - \u2139\ufe0f \U0001f504 Status do checkbox pilar_especial_ativo_var: False
2026-03-28 10:37:58,851 - INFO - \u2139\ufe0f Pilar especial INATIVO - pilar_rotacionado: False, pilar_especial: False, globais: False, tipo: ''
2026-03-28 10:37:58,922 - INFO - 
----------------------------------------
2026-03-28 10:37:58,923 - INFO - \U0001f4cc VERIFICAÇÃO DE PILAR ESPECIAL ATIVO
2026-03-28 10:37:58,923 - INFO - ----------------------------------------
2026-03-28 10:37:58,923 - INFO - \u2139\ufe0f \U0001f504 Verificando se pilar especial está ativo...
2026-03-28 10:37:58,923 - INFO - \u2139\ufe0f \U0001f504 Status do checkbox pilar_rotacionado_var: False
2026-03-28 10:37:58,923 - INFO - \u2139\ufe0f \U0001f504 Status do checkbox pilar_especial_ativo_var: False
2026-03-28 10:37:58,923 - INFO - \u2139\ufe0f Pilar especial INATIVO - pilar_rotacionado: False, pilar_especial: False, globais: False, tipo: ''
2026-03-28 10:37:58,924 - INFO - 
----------------------------------------
2026-03-28 10:37:58,924 - INFO - \U0001f4cc VERIFICAÇÃO DE PILAR ESPECIAL ATIVO
2026-03-28 10:37:58,924 - INFO - ----------------------------------------
2026-03-28 10:37:58,924 - INFO - \u2139\ufe0f \U0001f504 Verificando se pilar especial está ativo...
2026-03-28 10:37:58,925 - INFO - \u2139\ufe0f \U0001f504 Status do checkbox pilar_rotacionado_var: False
2026-03-28 10:37:58,925 - INFO - \u2139\ufe0f \U0001f504 Status do checkbox pilar_especial_ativo_var: False
2026-03-28 10:37:58,925 - INFO - \u2139\ufe0f Pilar especial INATIVO - pilar_rotacionado: False, pilar_especial: False, globais: False, tipo: ''
2026-03-28 10:37:58,984 - INFO - 
----------------------------------------
2026-03-28 10:37:58,984 - INFO - \U0001f4cc VERIFICAÇÃO DE PILAR ESPECIAL ATIVO
2026-03-28 10:37:58,984 - INFO - ----------------------------------------
2026-03-28 10:37:58,985 - INFO - \u2139\ufe0f \U0001f504 Verificando se pilar especial está ativo...
2026-03-28 10:37:58,985 - INFO - \u2139\ufe0f \U0001f504 Status do checkbox pilar_rotacionado_var: False
2026-03-28 10:37:58,985 - INFO - \u2139\ufe0f \U0001f504 Status do checkbox pilar_especial_ativo_var: False
2026-03-28 10:37:58,985 - INFO - \u2139\ufe0f Pilar especial INATIVO - pilar_rotacionado: False, pilar_especial: False, globais: False, tipo: ''
2026-03-28 10:37:58,987 - INFO - 
----------------------------------------
2026-03-28 10:37:58,987 - INFO - \U0001f4cc VERIFICAÇÃO DE PILAR ESPECIAL ATIVO
2026-03-28 10:37:58,987 - INFO - ----------------------------------------
2026-03-28 10:37:58,987 - INFO - \u2139\ufe0f \U0001f504 Verificando se pilar especial está ativo...
2026-03-28 10:37:58,987 - INFO - \u2139\ufe0f \U0001f504 Status do checkbox pilar_rotacionado_var: False
2026-03-28 10:37:58,987 - INFO - \u2139\ufe0f \U0001f504 Status do checkbox pilar_especial_ativo_var: False
2026-03-28 10:37:58,987 - INFO - \u2139\ufe0f Pilar especial INATIVO - pilar_rotacionado: False, pilar_especial: False, globais: False, tipo: ''
2026-03-28 10:37:59,050 - INFO - 
----------------------------------------
2026-03-28 10:37:59,050 - INFO - \U0001f4cc VERIFICAÇÃO DE PILAR ESPECIAL ATIVO
2026-03-28 10:37:59,050 - INFO - ----------------------------------------
2026-03-28 10:37:59,050 - INFO - \u2139\ufe0f \U0001f504 Verificando se pilar especial está ativo...
2026-03-28 10:37:59,050 - INFO - \u2139\ufe0f \U0001f504 Status do checkbox pilar_rotacionado_var: False
2026-03-28 10:37:59,050 - INFO - \u2139\ufe0f \U0001f504 Status do checkbox pilar_especial_ativo_var: False
2026-03-28 10:37:59,051 - INFO - \u2139\ufe0f Pilar especial INATIVO - pilar_rotacionado: False, pilar_especial: False, globais: False, tipo: ''
2026-03-28 10:37:59,052 - INFO - 
----------------------------------------
2026-03-28 10:37:59,052 - INFO - \U0001f4cc VERIFICAÇÃO DE PILAR ESPECIAL ATIVO
2026-03-28 10:37:59,052 - INFO - ----------------------------------------
2026-03-28 10:37:59,052 - INFO - \u2139\ufe0f \U0001f504 Verificando se pilar especial está ativo...
2026-03-28 10:37:59,052 - INFO - \u2139\ufe0f \U0001f504 Status do checkbox pilar_rotacionado_var: False
2026-03-28 10:37:59,052 - INFO - \u2139\ufe0f \U0001f504 Status do checkbox pilar_especial_ativo_var: False
2026-03-28 10:37:59,052 - INFO - \u2139\ufe0f Pilar especial INATIVO - pilar_rotacionado: False, pilar_especial: False, globais: False, tipo: ''
2026-03-28 10:37:59,112 - INFO - 
----------------------------------------
2026-03-28 10:37:59,112 - INFO - \U0001f4cc VERIFICAÇÃO DE PILAR ESPECIAL ATIVO
2026-03-28 10:37:59,112 - INFO - ----------------------------------------
2026-03-28 10:37:59,112 - INFO - \u2139\ufe0f \U0001f504 Verificando se pilar especial está ativo...
2026-03-28 10:37:59,113 - INFO - \u2139\ufe0f \U0001f504 Status do checkbox pilar_rotacionado_var: False
2026-03-28 10:37:59,113 - INFO - \u2139\ufe0f \U0001f504 Status do checkbox pilar_especial_ativo_var: False
2026-03-28 10:37:59,113 - INFO - \u2139\ufe0f Pilar especial INATIVO - pilar_rotacionado: False, pilar_especial: False, globais: False, tipo: ''
2026-03-28 10:37:59,114 - INFO - 
----------------------------------------
2026-03-28 10:37:59,114 - INFO - \U0001f4cc VERIFICAÇÃO DE PILAR ESPECIAL ATIVO
2026-03-28 10:37:59,114 - INFO - ----------------------------------------
2026-03-28 10:37:59,114 - INFO - \u2139\ufe0f \U0001f504 Verificando se pilar especial está ativo...
2026-03-28 10:37:59,114 - INFO - \u2139\ufe0f \U0001f504 Status do checkbox pilar_rotacionado_var: False
2026-03-28 10:37:59,115 - INFO - \u2139\ufe0f \U0001f504 Status do checkbox pilar_especial_ativo_var: False
2026-03-28 10:37:59,115 - INFO - \u2139\ufe0f Pilar especial INATIVO - pilar_rotacionado: False, pilar_especial: False, globais: False, tipo: ''
2026-03-28 10:37:59,172 - INFO - 
----------------------------------------
2026-03-28 10:37:59,172 - INFO - \U0001f4cc VERIFICAÇÃO DE PILAR ESPECIAL ATIVO
2026-03-28 10:37:59,172 - INFO - ----------------------------------------
2026-03-28 10:37:59,172 - INFO - \u2139\ufe0f \U0001f504 Verificando se pilar especial está ativo...
2026-03-28 10:37:59,172 - INFO - \u2139\ufe0f \U0001f504 Status do checkbox pilar_rotacionado_var: False
2026-03-28 10:37:59,173 - INFO - \u2139\ufe0f \U0001f504 Status do checkbox pilar_especial_ativo_var: False
2026-03-28 10:37:59,173 - ERROR - \u274c Erro ao verificar pilar especial: [Errno 22] Invalid argument
2026-03-28 10:37:59,188 - INFO - 
----------------------------------------
2026-03-28 10:37:59,188 - INFO - \U0001f4cc VERIFICAÇÃO DE PILAR ESPECIAL ATIVO
2026-03-28 10:37:59,189 - INFO - ----------------------------------------
2026-03-28 10:37:59,189 - INFO - \u2139\ufe0f \U0001f504 Verificando se pilar especial está ativo...
2026-03-28 10:37:59,189 - INFO - \u2139\ufe0f \U0001f504 Status do checkbox pilar_rotacionado_var: False
2026-03-28 10:37:59,189 - INFO - \u2139\ufe0f \U0001f504 Status do checkbox pilar_especial_ativo_var: False
2026-03-28 10:37:59,189 - INFO - \u2139\ufe0f Pilar especial INATIVO - pilar_rotacionado: False, pilar_especial: False, globais: False, tipo: ''
2026-03-28 10:37:59,190 - INFO - 
----------------------------------------
2026-03-28 10:37:59,190 - INFO - \U0001f4cc VERIFICAÇÃO DE PILAR ESPECIAL ATIVO
2026-03-28 10:37:59,190 - INFO - ----------------------------------------
2026-03-28 10:37:59,190 - INFO - \u2139\ufe0f \U0001f504 Verificando se pilar especial está ativo...
2026-03-28 10:37:59,190 - INFO - \u2139\ufe0f \U0001f504 Status do checkbox pilar_rotacionado_var: False
2026-03-28 10:37:59,190 - INFO - \u2139\ufe0f \U0001f504 Status do checkbox pilar_especial_ativo_var: False
2026-03-28 10:37:59,191 - INFO - \u2139\ufe0f Pilar especial INATIVO - pilar_rotacionado: False, pilar_especial: False, globais: False, tipo: ''
2026-03-28 10:37:59,247 - INFO - 
----------------------------------------
2026-03-28 10:37:59,247 - INFO - \U0001f4cc VERIFICAÇÃO DE PILAR ESPECIAL ATIVO
2026-03-28 10:37:59,247 - INFO - ----------------------------------------
2026-03-28 10:37:59,247 - INFO - \u2139\ufe0f \U0001f504 Verificando se pilar especial está ativo...
2026-03-28 10:37:59,247 - INFO - \u2139\ufe0f \U0001f504 Status do checkbox pilar_rotacionado_var: False
2026-03-28 10:37:59,247 - INFO - \u2139\ufe0f \U0001f504 Status do checkbox pilar_especial_ativo_var: False
2026-03-28 10:37:59,248 - INFO - \u2139\ufe0f Pilar especial INATIVO - pilar_rotacionado: False, pilar_especial: False, globais: False, tipo: ''
2026-03-28 10:37:59,249 - INFO - 
----------------------------------------
2026-03-28 10:37:59,249 - INFO - \U0001f4cc VERIFICAÇÃO DE PILAR ESPECIAL ATIVO
2026-03-28 10:37:59,249 - INFO - ----------------------------------------
2026-03-28 10:37:59,249 - INFO - \u2139\ufe0f \U0001f504 Verificando se pilar especial está ativo...
2026-03-28 10:37:59,249 - INFO - \u2139\ufe0f \U0001f504 Status do checkbox pilar_rotacionado_var: False
2026-03-28 10:37:59,249 - INFO - \u2139\ufe0f \U0001f504 Status do checkbox pilar_especial_ativo_var: False
2026-03-28 10:37:59,249 - INFO - \u2139\ufe0f Pilar especial INATIVO - pilar_rotacionado: False, pilar_especial: False, globais: False, tipo: ''
2026-03-28 10:37:59,304 - INFO - 
----------------------------------------
2026-03-28 10:37:59,305 - INFO - \U0001f4cc VERIFICAÇÃO DE PILAR ESPECIAL ATIVO
2026-03-28 10:37:59,305 - INFO - ----------------------------------------
2026-03-28 10:37:59,305 - INFO - \u2139\ufe0f \U0001f504 Verificando se pilar especial está ativo...
2026-03-28 10:37:59,305 - INFO - \u2139\ufe0f \U0001f504 Status do checkbox pilar_rotacionado_var: False
2026-03-28 10:37:59,305 - INFO - \u2139\ufe0f \U0001f504 Status do checkbox pilar_especial_ativo_var: False
2026-03-28 10:37:59,305 - INFO - \u2139\ufe0f Pilar especial INATIVO - pilar_rotacionado: False, pilar_especial: False, globais: False, tipo: ''
2026-03-28 10:37:59,306 - INFO - 
----------------------------------------
2026-03-28 10:37:59,306 - INFO - \U0001f4cc VERIFICAÇÃO DE PILAR ESPECIAL ATIVO
2026-03-28 10:37:59,306 - INFO - ----------------------------------------
2026-03-28 10:37:59,306 - INFO - \u2139\ufe0f \U0001f504 Verificando se pilar especial está ativo...
2026-03-28 10:37:59,306 - INFO - \u2139\ufe0f \U0001f504 Status do checkbox pilar_rotacionado_var: False
2026-03-28 10:37:59,306 - INFO - \u2139\ufe0f \U0001f504 Status do checkbox pilar_especial_ativo_var: False
2026-03-28 10:37:59,307 - INFO - \u2139\ufe0f Pilar especial INATIVO - pilar_rotacionado: False, pilar_especial: False, globais: False, tipo: ''
2026-03-28 10:37:59,362 - INFO - 
----------------------------------------
2026-03-28 10:37:59,363 - INFO - \U0001f4cc VERIFICAÇÃO DE PILAR ESPECIAL ATIVO
2026-03-28 10:37:59,363 - INFO - ----------------------------------------
2026-03-28 10:37:59,363 - INFO - \u2139\ufe0f \U0001f504 Verificando se pilar especial está ativo...
2026-03-28 10:37:59,363 - INFO - \u2139\ufe0f \U0001f504 Status do checkbox pilar_rotacionado_var: False
2026-03-28 10:37:59,363 - INFO - \u2139\ufe0f \U0001f504 Status do checkbox pilar_especial_ativo_var: False
2026-03-28 10:37:59,363 - INFO - \u2139\ufe0f Pilar especial INATIVO - pilar_rotacionado: False, pilar_especial: False, globais: False, tipo: ''
2026-03-28 10:37:59,364 - INFO - 
----------------------------------------
2026-03-28 10:37:59,364 - INFO - \U0001f4cc VERIFICAÇÃO DE PILAR ESPECIAL ATIVO
2026-03-28 10:37:59,364 - INFO - ----------------------------------------
2026-03-28 10:37:59,365 - INFO - \u2139\ufe0f \U0001f504 Verificando se pilar especial está ativo...
2026-03-28 10:37:59,365 - INFO - \u2139\ufe0f \U0001f504 Status do checkbox pilar_rotacionado_var: False
2026-03-28 10:37:59,365 - INFO - \u2139\ufe0f \U0001f504 Status do checkbox pilar_especial_ativo_var: False
2026-03-28 10:37:59,365 - INFO - \u2139\ufe0f Pilar especial INATIVO - pilar_rotacionado: False, pilar_especial: False, globais: False, tipo: ''
