  0
SECTION
  2
HEADER
  9
$ACADVER
  1
AC1024
  9
$ACADMAINTVER
 70
6
  9
$DWGCODEPAGE
  3
ANSI_1252
  9
$LASTSAVEDBY
  1
ezdxf
  9
$INSBASE
 10
0.0
 20
0.0
 30
0.0
  9
$EXTMIN
 10
1e+20
 20
1e+20
 30
1e+20
  9
$EXTMAX
 10
-1e+20
 20
-1e+20
 30
-1e+20
  9
$LIMMIN
 10
0.0
 20
0.0
  9
$LIMMAX
 10
420.0
 20
297.0
  9
$ORTHOMODE
 70
0
  9
$REGENMODE
 70
1
  9
$FILLMODE
 70
1
  9
$QTEXTMODE
 70
0
  9
$MIRRTEXT
 70
1
  9
$LTSCALE
 40
1.0
  9
$ATTMODE
 70
1
  9
$TEXTSIZE
 40
2.5
  9
$TRACEWID
 40
1.0
  9
$TEXTSTYLE
  7
Standard
  9
$CLAYER
  8
0
  9
$CELTYPE
  6
ByLayer
  9
$CECOLOR
 62
256
  9
$CELTSCALE
 40
1.0
  9
$DISPSILH
 70
0
  9
$DIMSCALE
 40
1.0
  9
$DIMASZ
 40
2.5
  9
$DIMEXO
 40
0.625
  9
$DIMDLI
 40
3.75
  9
$DIMRND
 40
0.0
  9
$DIMDLE
 40
0.0
  9
$DIMEXE
 40
1.25
  9
$DIMTP
 40
0.0
  9
$DIMTM
 40
0.0
  9
$DIMTXT
 40
2.5
  9
$DIMCEN
 40
2.5
  9
$DIMTSZ
 40
0.0
  9
$DIMTOL
 70
0
  9
$DIMLIM
 70
0
  9
$DIMTIH
 70
0
  9
$DIMTOH
 70
0
  9
$DIMSE1
 70
0
  9
$DIMSE2
 70
0
  9
$DIMTAD
 70
1
  9
$DIMZIN
 70
8
  9
$DIMBLK
  1

  9
$DIMASO
 70
1
  9
$DIMSHO
 70
1
  9
$DIMPOST
  1

  9
$DIMAPOST
  1

  9
$DIMALT
 70
0
  9
$DIMALTD
 70
3
  9
$DIMALTF
 40
0.03937007874
  9
$DIMLFAC
 40
1.0
  9
$DIMTOFL
 70
1
  9
$DIMTVP
 40
0.0
  9
$DIMTIX
 70
0
  9
$DIMSOXD
 70
0
  9
$DIMSAH
 70
0
  9
$DIMBLK1
  1

  9
$DIMBLK2
  1

  9
$DIMSTYLE
  2
ISO-25
  9
$DIMCLRD
 70
0
  9
$DIMCLRE
 70
0
  9
$DIMCLRT
 70
0
  9
$DIMTFAC
 40
1.0
  9
$DIMGAP
 40
0.625
  9
$DIMJUST
 70
0
  9
$DIMSD1
 70
0
  9
$DIMSD2
 70
0
  9
$DIMTOLJ
 70
0
  9
$DIMTZIN
 70
8
  9
$DIMALTZ
 70
0
  9
$DIMALTTZ
 70
0
  9
$DIMUPT
 70
0
  9
$DIMDEC
 70
2
  9
$DIMTDEC
 70
2
  9
$DIMALTU
 70
2
  9
$DIMALTTD
 70
3
  9
$DIMTXSTY
  7
Standard
  9
$DIMAUNIT
 70
0
  9
$DIMADEC
 70
0
  9
$DIMALTRND
 40
0.0
  9
$DIMAZIN
 70
0
  9
$DIMDSEP
 70
44
  9
$DIMATFIT
 70
3
  9
$DIMFRAC
 70
0
  9
$DIMLDRBLK
  1

  9
$DIMLUNIT
 70
2
  9
$DIMLWD
 70
-2
  9
$DIMLWE
 70
-2
  9
$DIMTMOVE
 70
0
  9
$DIMFXL
 40
1.0
  9
$DIMFXLON
 70
0
  9
$DIMJOGANG
 40
0.785398163397
  9
$DIMTFILL
 70
0
  9
$DIMTFILLCLR
 70
0
  9
$DIMARCSYM
 70
0
  9
$DIMLTYPE
  6

  9
$DIMLTEX1
  6

  9
$DIMLTEX2
  6

  9
$DIMTXTDIRECTION
 70
0
  9
$LUNITS
 70
2
  9
$LUPREC
 70
4
  9
$SKETCHINC
 40
1.0
  9
$FILLETRAD
 40
10.0
  9
$AUNITS
 70
0
  9
$AUPREC
 70
2
  9
$MENU
  1
.
  9
$ELEVATION
 40
0.0
  9
$PELEVATION
 40
0.0
  9
$THICKNESS
 40
0.0
  9
$LIMCHECK
 70
0
  9
$CHAMFERA
 40
0.0
  9
$CHAMFERB
 40
0.0
  9
$CHAMFERC
 40
0.0
  9
$CHAMFERD
 40
0.0
  9
$SKPOLY
 70
0
  9
$TDCREATE
 40
2461202.614490741
  9
$TDUCREATE
 40
2458532.153996898
  9
$TDUPDATE
 40
2461202.614490741
  9
$TDUUPDATE
 40
2458532.1544311
  9
$TDINDWG
 40
0.0
  9
$TDUSRTIMER
 40
0.0
  9
$USRTIMER
 70
1
  9
$ANGBASE
 50
0.0
  9
$ANGDIR
 70
0
  9
$PDMODE
 70
0
  9
$PDSIZE
 40
0.0
  9
$PLINEWID
 40
0.0
  9
$SPLFRAME
 70
0
  9
$SPLINETYPE
 70
6
  9
$SPLINESEGS
 70
8
  9
$HANDSEED
  5
4AA
  9
$SURFTAB1
 70
6
  9
$SURFTAB2
 70
6
  9
$SURFTYPE
 70
6
  9
$SURFU
 70
6
  9
$SURFV
 70
6
  9
$UCSBASE
  2

  9
$UCSNAME
  2

  9
$UCSORG
 10
0.0
 20
0.0
 30
0.0
  9
$UCSXDIR
 10
1.0
 20
0.0
 30
0.0
  9
$UCSYDIR
 10
0.0
 20
1.0
 30
0.0
  9
$UCSORTHOREF
  2

  9
$UCSORTHOVIEW
 70
0
  9
$UCSORGTOP
 10
0.0
 20
0.0
 30
0.0
  9
$UCSORGBOTTOM
 10
0.0
 20
0.0
 30
0.0
  9
$UCSORGLEFT
 10
0.0
 20
0.0
 30
0.0
  9
$UCSORGRIGHT
 10
0.0
 20
0.0
 30
0.0
  9
$UCSORGFRONT
 10
0.0
 20
0.0
 30
0.0
  9
$UCSORGBACK
 10
0.0
 20
0.0
 30
0.0
  9
$PUCSBASE
  2

  9
$PUCSNAME
  2

  9
$PUCSORG
 10
0.0
 20
0.0
 30
0.0
  9
$PUCSXDIR
 10
1.0
 20
0.0
 30
0.0
  9
$PUCSYDIR
 10
0.0
 20
1.0
 30
0.0
  9
$PUCSORTHOREF
  2

  9
$PUCSORTHOVIEW
 70
0
  9
$PUCSORGTOP
 10
0.0
 20
0.0
 30
0.0
  9
$PUCSORGBOTTOM
 10
0.0
 20
0.0
 30
0.0
  9
$PUCSORGLEFT
 10
0.0
 20
0.0
 30
0.0
  9
$PUCSORGRIGHT
 10
0.0
 20
0.0
 30
0.0
  9
$PUCSORGFRONT
 10
0.0
 20
0.0
 30
0.0
  9
$PUCSORGBACK
 10
0.0
 20
0.0
 30
0.0
  9
$USERI1
 70
0
  9
$USERI2
 70
0
  9
$USERI3
 70
0
  9
$USERI4
 70
0
  9
$USERI5
 70
0
  9
$USERR1
 40
0.0
  9
$USERR2
 40
0.0
  9
$USERR3
 40
0.0
  9
$USERR4
 40
0.0
  9
$USERR5
 40
0.0
  9
$WORLDVIEW
 70
1
  9
$SHADEDGE
 70
3
  9
$SHADEDIF
 70
70
  9
$TILEMODE
 70
1
  9
$MAXACTVP
 70
64
  9
$PINSBASE
 10
0.0
 20
0.0
 30
0.0
  9
$PLIMCHECK
 70
0
  9
$PEXTMIN
 10
1e+20
 20
1e+20
 30
1e+20
  9
$PEXTMAX
 10
-1e+20
 20
-1e+20
 30
-1e+20
  9
$PLIMMIN
 10
0.0
 20
0.0
  9
$PLIMMAX
 10
420.0
 20
297.0
  9
$UNITMODE
 70
0
  9
$VISRETAIN
 70
1
  9
$PLINEGEN
 70
0
  9
$PSLTSCALE
 70
1
  9
$TREEDEPTH
 70
3020
  9
$CMLSTYLE
  2
Standard
  9
$CMLJUST
 70
0
  9
$CMLSCALE
 40
20.0
  9
$PROXYGRAPHICS
 70
1
  9
$MEASUREMENT
 70
1
  9
$CELWEIGHT
370
-1
  9
$ENDCAPS
280
0
  9
$JOINSTYLE
280
0
  9
$LWDISPLAY
290
0
  9
$INSUNITS
 70
6
  9
$HYPERLINKBASE
  1

  9
$STYLESHEET
  1

  9
$XEDIT
290
1
  9
$CEPSNTYPE
380
0
  9
$PSTYLEMODE
290
1
  9
$FINGERPRINTGUID
  2
{A9956491-DCE0-4EEE-8AC3-A57DB4506109}
  9
$VERSIONGUID
  2
{B42614EA-16E8-42A2-A2D5-66FA791C7868}
  9
$EXTNAMES
290
1
  9
$PSVPSCALE
 40
0.0
  9
$OLESTARTUP
290
0
  9
$SORTENTS
280
127
  9
$INDEXCTL
280
0
  9
$HIDETEXT
280
1
  9
$XCLIPFRAME
280
1
  9
$HALOGAP
280
0
  9
$OBSCOLOR
 70
257
  9
$OBSLTYPE
280
0
  9
$INTERSECTIONDISPLAY
280
0
  9
$INTERSECTIONCOLOR
 70
257
  9
$DIMASSOC
280
2
  9
$PROJECTNAME
  1

  9
$CAMERADISPLAY
290
0
  9
$LENSLENGTH
 40
50.0
  9
$CAMERAHEIGHT
 40
0.0
  9
$STEPSPERSEC
 40
24.0
  9
$STEPSIZE
 40
100.0
  9
$3DDWFPREC
 40
2.0
  9
$PSOLWIDTH
 40
0.005
  9
$PSOLHEIGHT
 40
0.08
  9
$LOFTANG1
 40
1.570796326795
  9
$LOFTANG2
 40
1.570796326795
  9
$LOFTMAG1
 40
0.0
  9
$LOFTMAG2
 40
0.0
  9
$LOFTPARAM
 70
7
  9
$LOFTNORMALS
280
1
  9
$LATITUDE
 40
37.795
  9
$LONGITUDE
 40
-122.394
  9
$NORTHDIRECTION
 40
0.0
  9
$TIMEZONE
 70
-8000
  9
$LIGHTGLYPHDISPLAY
280
1
  9
$TILEMODELIGHTSYNCH
280
1
  9
$CMATERIAL
347
20
  9
$SOLIDHIST
280
0
  9
$SHOWHIST
280
1
  9
$DWFFRAME
280
2
  9
$DGNFRAME
280
2
  9
$REALWORLDSCALE
290
1
  9
$INTERFERECOLOR
 62
256
  9
$CSHADOW
280
0
  9
$SHADOWPLANELOCATION
 40
0.0
  0
ENDSEC
  0
SECTION
  2
CLASSES
  0
CLASS
  1
ACDBDICTIONARYWDFLT
  2
AcDbDictionaryWithDefault
  3
ObjectDBX Classes
 90
0
 91
0
280
0
281
0
  0
CLASS
  1
SUN
  2
AcDbSun
  3
SCENEOE
 90
1153
 91
0
280
0
281
0
  0
CLASS
  1
VISUALSTYLE
  2
AcDbVisualStyle
  3
ObjectDBX Classes
 90
4095
 91
0
280
0
281
0
  0
CLASS
  1
MATERIAL
  2
AcDbMaterial
  3
ObjectDBX Classes
 90
1153
 91
0
280
0
281
0
  0
CLASS
  1
SCALE
  2
AcDbScale
  3
ObjectDBX Classes
 90
1153
 91
0
280
0
281
0
  0
CLASS
  1
TABLESTYLE
  2
AcDbTableStyle
  3
ObjectDBX Classes
 90
4095
 91
0
280
0
281
0
  0
CLASS
  1
MLEADERSTYLE
  2
AcDbMLeaderStyle
  3
ACDB_MLEADERSTYLE_CLASS
 90
4095
 91
0
280
0
281
0
  0
CLASS
  1
DICTIONARYVAR
  2
AcDbDictionaryVar
  3
ObjectDBX Classes
 90
0
 91
0
280
0
281
0
  0
CLASS
  1
CELLSTYLEMAP
  2
AcDbCellStyleMap
  3
ObjectDBX Classes
 90
1152
 91
0
280
0
281
0
  0
CLASS
  1
MENTALRAYRENDERSETTINGS
  2
AcDbMentalRayRenderSettings
  3
SCENEOE
 90
1024
 91
0
280
0
281
0
  0
CLASS
  1
ACDBDETAILVIEWSTYLE
  2
AcDbDetailViewStyle
  3
ObjectDBX Classes
 90
1025
 91
0
280
0
281
0
  0
CLASS
  1
ACDBSECTIONVIEWSTYLE
  2
AcDbSectionViewStyle
  3
ObjectDBX Classes
 90
1025
 91
0
280
0
281
0
  0
CLASS
  1
RASTERVARIABLES
  2
AcDbRasterVariables
  3
ISM
 90
0
 91
0
280
0
281
0
  0
CLASS
  1
ACDBPLACEHOLDER
  2
AcDbPlaceHolder
  3
ObjectDBX Classes
 90
0
 91
0
280
0
281
0
  0
CLASS
  1
LAYOUT
  2
AcDbLayout
  3
ObjectDBX Classes
 90
0
 91
0
280
0
281
0
  0
ENDSEC
  0
SECTION
  2
TABLES
  0
TABLE
  2
VPORT
  5
8
330
0
100
AcDbSymbolTable
 70
1
  0
VPORT
  5
23
330
8
100
AcDbSymbolTableRecord
100
AcDbViewportTableRecord
  2
*Active
 70
0
 10
0.0
 20
0.0
 11
1.0
 21
1.0
 12
0.0
 22
0.0
 13
0.0
 23
0.0
 14
0.5
 24
0.5
 15
0.5
 25
0.5
 16
0.0
 26
0.0
 36
1.0
 17
0.0
 27
0.0
 37
0.0
 40
1000.0
 41
1.34
 42
50.0
 43
0.0
 44
0.0
 50
0.0
 51
0.0
 71
0
 72
1000
 73
1
 74
3
 75
0
 76
0
 77
0
 78
0
281
0
 65
0
146
0.0
  0
ENDTAB
  0
TABLE
  2
LTYPE
  5
2
330
0
100
AcDbSymbolTable
 70
3
  0
LTYPE
  5
24
330
2
100
AcDbSymbolTableRecord
100
AcDbLinetypeTableRecord
  2
ByBlock
 70
0
  3

 72
65
 73
0
 40
0.0
  0
LTYPE
  5
25
330
2
100
AcDbSymbolTableRecord
100
AcDbLinetypeTableRecord
  2
ByLayer
 70
0
  3

 72
65
 73
0
 40
0.0
  0
LTYPE
  5
26
330
2
100
AcDbSymbolTableRecord
100
AcDbLinetypeTableRecord
  2
Continuous
 70
0
  3

 72
65
 73
0
 40
0.0
  0
ENDTAB
  0
TABLE
  2
LAYER
  5
1
330
0
100
AcDbSymbolTable
 70
15
  0
LAYER
  5
27
330
1
100
AcDbSymbolTableRecord
100
AcDbLayerTableRecord
  2
0
 70
0
 62
7
  6
Continuous
370
-3
390
13
347
21
  0
LAYER
  5
28
330
1
100
AcDbSymbolTableRecord
100
AcDbLayerTableRecord
  2
Defpoints
 70
0
 62
7
  6
Continuous
290
0
370
-3
390
13
347
21
  0
LAYER
  5
2F
330
1
100
AcDbSymbolTableRecord
100
AcDbLayerTableRecord
  2
Hachura
 70
0
 62
7
  6
Continuous
370
-3
390
13
347
21
  0
LAYER
  5
30
330
1
100
AcDbSymbolTableRecord
100
AcDbLayerTableRecord
  2
COTA
 70
0
 62
7
  6
Continuous
370
-3
390
13
347
21
  0
LAYER
  5
31
330
1
100
AcDbSymbolTableRecord
100
AcDbLayerTableRecord
  2
Perfil Metálico
 70
0
 62
7
  6
Continuous
370
-3
390
13
347
21
  0
LAYER
  5
32
330
1
100
AcDbSymbolTableRecord
100
AcDbLayerTableRecord
  2
SARRAFO
 70
0
 62
7
  6
Continuous
370
-3
390
13
347
21
  0
LAYER
  5
33
330
1
100
AcDbSymbolTableRecord
100
AcDbLayerTableRecord
  2
CHAPA
 70
0
 62
7
  6
Continuous
370
-3
390
13
347
21
  0
LAYER
  5
34
330
1
100
AcDbSymbolTableRecord
100
AcDbLayerTableRecord
  2
Madeira
 70
0
 62
7
  6
Continuous
370
-3
390
13
347
21
  0
LAYER
  5
35
330
1
100
AcDbSymbolTableRecord
100
AcDbLayerTableRecord
  2
TEXTO_GERAL
 70
0
 62
7
  6
Continuous
370
-3
390
13
347
21
  0
LAYER
  5
36
330
1
100
AcDbSymbolTableRecord
100
AcDbLayerTableRecord
  2
Painéis
 70
0
 62
7
  6
Continuous
370
-3
390
13
347
21
  0
LAYER
  5
37
330
1
100
AcDbSymbolTableRecord
100
AcDbLayerTableRecord
  2
NOMENCLATURA
 70
0
 62
7
  6
Continuous
370
-3
390
13
347
21
  0
LAYER
  5
38
330
1
100
AcDbSymbolTableRecord
100
AcDbLayerTableRecord
  2
NIVEL 2° PAV.
 70
0
 62
7
  6
Continuous
370
-3
390
13
347
21
  0
LAYER
  5
39
330
1
100
AcDbSymbolTableRecord
100
AcDbLayerTableRecord
  2
Nível
 70
0
 62
7
  6
Continuous
370
-3
390
13
347
21
  0
LAYER
  5
3A
330
1
100
AcDbSymbolTableRecord
100
AcDbLayerTableRecord
  2
Texto Seção
 70
0
 62
7
  6
Continuous
370
-3
390
13
347
21
  0
LAYER
  5
3B
330
1
100
AcDbSymbolTableRecord
100
AcDbLayerTableRecord
  2
SARR_2.2x7
 70
0
 62
7
  6
Continuous
370
-3
390
13
347
21
  0
ENDTAB
  0
TABLE
  2
STYLE
  5
5
330
0
100
AcDbSymbolTable
 70
1
  0
STYLE
  5
29
330
5
100
AcDbSymbolTableRecord
100
AcDbTextStyleTableRecord
  2
Standard
 70
0
 40
0.0
 41
1.0
 50
0.0
 71
0
 42
2.5
  3
txt
  4

  0
ENDTAB
  0
TABLE
  2
VIEW
  5
7
330
0
100
AcDbSymbolTable
 70
0
  0
ENDTAB
  0
TABLE
  2
UCS
  5
6
330
0
100
AcDbSymbolTable
 70
0
  0
ENDTAB
  0
TABLE
  2
APPID
  5
3
330
0
100
AcDbSymbolTable
 70
3
  0
APPID
  5
2A
330
3
100
AcDbSymbolTableRecord
100
AcDbRegAppTableRecord
  2
ACAD
 70
0
  0
APPID
  5
4A7
330
3
100
AcDbSymbolTableRecord
100
AcDbRegAppTableRecord
  2
HATCHBACKGROUNDCOLOR
 70
0
  0
APPID
  5
4A8
330
3
100
AcDbSymbolTableRecord
100
AcDbRegAppTableRecord
  2
EZDXF
 70
0
  0
ENDTAB
  0
TABLE
  2
DIMSTYLE
  5
4
330
0
100
AcDbSymbolTable
 70
1
100
AcDbDimStyleTable
  0
DIMSTYLE
105
2B
330
4
100
AcDbSymbolTableRecord
100
AcDbDimStyleTableRecord
  2
Standard
 70
0
 40
1.0
 41
2.5
 42
0.625
 43
3.75
 44
1.25
 45
0.0
 46
0.0
 47
0.0
 48
0.0
 49
2.5
140
2.5
141
2.5
142
0.0
143
0.03937007874
144
1.0
145
0.0
146
1.0
147
0.625
148
0.0
 69
0
 70
0
 71
0
 72
0
 73
0
 74
0
 75
0
 76
0
 77
1
 78
8
 79
3
170
0
171
3
172
1
173
0
174
0
175
0
176
0
177
0
178
0
179
2
271
2
272
2
273
2
274
3
275
0
276
0
277
2
278
44
279
0
280
0
281
0
282
0
283
0
284
8
285
0
286
0
288
0
289
3
290
0
371
-2
372
-2
  0
ENDTAB
  0
TABLE
  2
BLOCK_RECORD
  5
9
330
0
100
AcDbSymbolTable
 70
2
  0
BLOCK_RECORD
  5
17
330
9
100
AcDbSymbolTableRecord
100
AcDbBlockTableRecord
  2
*Model_Space
340
1A
 70
0
280
1
281
0
  0
BLOCK_RECORD
  5
1B
330
9
100
AcDbSymbolTableRecord
100
AcDbBlockTableRecord
  2
*Paper_Space
340
1E
 70
0
280
1
281
0
  0
ENDTAB
  0
ENDSEC
  0
SECTION
  2
BLOCKS
  0
BLOCK
  5
18
330
17
100
AcDbEntity
  8
0
100
AcDbBlockBegin
  2
*Model_Space
 70
0
 10
0.0
 20
0.0
 30
0.0
  3
*Model_Space
  1

  0
ENDBLK
  5
19
330
17
100
AcDbEntity
  8
0
100
AcDbBlockEnd
  0
BLOCK
  5
1C
330
1B
100
AcDbEntity
  8
0
100
AcDbBlockBegin
  2
*Paper_Space
 70
0
 10
0.0
 20
0.0
 30
0.0
  3
*Paper_Space
  1

  0
ENDBLK
  5
1D
330
1B
100
AcDbEntity
  8
0
100
AcDbBlockEnd
  0
ENDSEC
  0
SECTION
  2
ENTITIES
  0
LINE
  5
3C
330
17
100
AcDbEntity
  8
Nível
 62
4
370
25
100
AcDbLine
 10
6972.79382018284
 20
8858.161460890464
 30
0.0
 11
7985.184230958522
 21
8858.161460890464
 31
0.0
  0
LINE
  5
3D
330
17
100
AcDbEntity
  8
Nível
 62
4
370
25
100
AcDbLine
 10
7074.979804424019
 20
8535.161460890464
 30
0.0
 11
7985.18423095852
 21
8535.161460890464
 31
0.0
  0
LINE
  5
3E
330
17
100
AcDbEntity
  8
SARR_2.2x7
 62
40
370
25
100
AcDbLine
 10
7265.979645428204
 20
8537.161460890464
 30
0.0
 11
7265.979645428256
 21
8659.161460890466
 31
0.0
  0
LINE
  5
3F
330
17
100
AcDbEntity
  8
SARR_2.2x7
 62
40
370
25
100
AcDbLine
 10
7265.979645428251
 20
8659.161460890466
 30
0.0
 11
7265.979645428291
 21
8775.161460890462
 31
0.0
  0
LINE
  5
40
330
17
100
AcDbEntity
  8
SARR_2.2x7
 62
40
370
25
100
AcDbLine
 10
7318.979645428102
 20
8537.161460890464
 30
0.0
 11
7318.97964542819
 21
8659.161460890464
 31
0.0
  0
LINE
  5
41
330
17
100
AcDbEntity
  8
SARR_2.2x7
 62
40
370
25
100
AcDbLine
 10
7318.97964542819
 20
8659.161460890464
 30
0.0
 11
7318.979645428273
 21
8775.161460890462
 31
0.0
  0
LINE
  5
42
330
17
100
AcDbEntity
  8
COTA
 62
241
370
25
100
AcDbLine
 10
7325.979645428194
 20
8775.1614608905
 30
0.0
 11
7325.979645428161
 21
8858.161460890464
 31
0.0
  0
LINE
  5
43
330
17
100
AcDbEntity
  8
COTA
 62
241
370
25
100
AcDbLine
 10
7325.979645428161
 20
8858.161460890464
 30
0.0
 11
7258.979645428161
 21
8858.161460890464
 31
0.0
  0
LINE
  5
44
330
17
100
AcDbEntity
  8
COTA
 62
241
370
25
100
AcDbLine
 10
7258.979645428194
 20
8775.161460890464
 30
0.0
 11
7258.979645428161
 21
8858.161460890464
 31
0.0
  0
LINE
  5
45
330
17
100
AcDbEntity
  8
Painéis
 62
200
370
25
100
AcDbLine
 10
7643.966173331356
 20
8537.161460890464
 30
0.0
 11
7688.966173331356
 21
8537.161460890464
 31
0.0
  0
LINE
  5
46
330
17
100
AcDbEntity
  8
Painéis
 62
200
370
25
100
AcDbLine
 10
7688.966173331356
 20
8537.161460890464
 30
0.0
 11
7688.966173331351
 21
8774.161460890466
 31
0.0
  0
LINE
  5
47
330
17
100
AcDbEntity
  8
Painéis
 62
200
370
25
100
AcDbLine
 10
7643.966173331351
 20
8774.161460890466
 30
0.0
 11
7643.966173331356
 21
8537.161460890464
 31
0.0
  0
LINE
  5
48
330
17
100
AcDbEntity
  8
Painéis
 62
200
370
25
100
AcDbLine
 10
7831.057858718269
 20
8537.161460890464
 30
0.0
 11
7876.057858718268
 21
8537.161460890464
 31
0.0
  0
LINE
  5
49
330
17
100
AcDbEntity
  8
Painéis
 62
200
370
25
100
AcDbLine
 10
7876.057858718268
 20
8537.161460890464
 30
0.0
 11
7876.057858718268
 21
8774.161460890466
 31
0.0
  0
LINE
  5
4A
330
17
100
AcDbEntity
  8
Painéis
 62
200
370
25
100
AcDbLine
 10
7831.057858718269
 20
8774.161460890466
 30
0.0
 11
7831.057858718269
 21
8537.161460890464
 31
0.0
  0
LINE
  5
4B
330
17
100
AcDbEntity
  8
Painéis
 62
200
370
25
100
AcDbLine
 10
7325.979645428365
 20
8535.161460889954
 30
0.0
 11
7325.979645428528
 21
8775.161460890464
 31
0.0
  0
LINE
  5
4C
330
17
100
AcDbEntity
  8
Painéis
 62
200
370
25
100
AcDbLine
 10
7258.979645428529
 20
8775.161460890466
 30
0.0
 11
7258.97964542836
 21
8535.161460889984
 31
0.0
  0
LINE
  5
4D
330
17
100
AcDbEntity
  8
Painéis
 62
200
370
25
100
AcDbLine
 10
7258.97964542836
 20
8537.161460890464
 30
0.0
 11
7325.979645428365
 21
8537.161460890464
 31
0.0
  0
LINE
  5
4E
330
17
100
AcDbEntity
  8
Hachura
 62
251
370
9
100
AcDbLine
 10
6749.452171924874
 20
9022.622036658227
 30
0.0
 11
6749.443630714027
 21
8838.821669530706
 31
0.0
  0
LINE
  5
4F
330
17
100
AcDbEntity
  8
Hachura
 62
251
370
9
100
AcDbLine
 10
6826.416492529824
 20
9022.624991363315
 30
0.0
 11
6826.40795131895
 21
8838.824624235793
 31
0.0
  0
LINE
  5
50
330
17
100
AcDbEntity
  8
Painéis
 62
200
370
25
100
AcDbLine
 10
7258.979645428365
 20
8775.161460890464
 30
0.0
 11
7325.979645428306
 21
8775.161460890464
 31
0.0
  0
LINE
  5
51
330
17
100
AcDbEntity
  8
SARR_2.2x7
 62
40
370
25
100
AcDbLine
 10
7467.705354266873
 20
8537.161460890464
 30
0.0
 11
7467.705354266917
 21
8659.161460890466
 31
0.0
  0
LINE
  5
52
330
17
100
AcDbEntity
  8
SARR_2.2x7
 62
40
370
25
100
AcDbLine
 10
7467.705354266917
 20
8659.161460890466
 30
0.0
 11
7467.70535426696
 21
8774.161460890464
 31
0.0
  0
LINE
  5
53
330
17
100
AcDbEntity
  8
SARR_2.2x7
 62
40
370
25
100
AcDbLine
 10
7520.705354266771
 20
8537.161460890464
 30
0.0
 11
7520.705354266858
 21
8659.161460890466
 31
0.0
  0
LINE
  5
54
330
17
100
AcDbEntity
  8
SARR_2.2x7
 62
40
370
25
100
AcDbLine
 10
7520.705354266858
 20
8659.161460890466
 30
0.0
 11
7520.705354266945
 21
8774.161460890464
 31
0.0
  0
LINE
  5
55
330
17
100
AcDbEntity
  8
COTA
 62
241
370
25
100
AcDbLine
 10
7527.705354267038
 20
8774.161460890504
 30
0.0
 11
7527.705354266969
 21
8858.161460890464
 31
0.0
  0
LINE
  5
56
330
17
100
AcDbEntity
  8
COTA
 62
241
370
25
100
AcDbLine
 10
7527.705354266969
 20
8858.161460890464
 30
0.0
 11
7460.705354266969
 21
8858.161460890464
 31
0.0
  0
LINE
  5
57
330
17
100
AcDbEntity
  8
COTA
 62
241
370
25
100
AcDbLine
 10
7460.705354267037
 20
8774.161460890466
 30
0.0
 11
7460.705354266969
 21
8858.161460890464
 31
0.0
  0
LINE
  5
58
330
17
100
AcDbEntity
  8
Painéis
 62
200
370
25
100
AcDbLine
 10
7527.705354267033
 20
8535.161460889954
 30
0.0
 11
7527.705354267038
 21
8774.161460890466
 31
0.0
  0
LINE
  5
59
330
17
100
AcDbEntity
  8
Painéis
 62
200
370
25
100
AcDbLine
 10
7460.705354267037
 20
8774.161460890466
 30
0.0
 11
7460.70535426703
 21
8535.161460889984
 31
0.0
  0
LINE
  5
5A
330
17
100
AcDbEntity
  8
Painéis
 62
200
370
25
100
AcDbLine
 10
7460.70535426703
 20
8537.161460890464
 30
0.0
 11
7527.705354267033
 21
8537.161460890464
 31
0.0
  0
LINE
  5
5B
330
17
100
AcDbEntity
  8
Painéis
 62
200
370
25
100
AcDbLine
 10
7460.705354267033
 20
8774.161460890464
 30
0.0
 11
7527.705354266974
 21
8774.161460890464
 31
0.0
  0
LINE
  5
5C
330
17
100
AcDbEntity
  8
Painéis
 62
200
370
25
100
AcDbLine
 10
7325.979645428365
 20
8659.161460890464
 30
0.0
 11
7258.979645428365
 21
8659.161460890466
 31
0.0
  0
LINE
  5
5D
330
17
100
AcDbEntity
  8
Painéis
 62
200
370
25
100
AcDbLine
 10
7527.705354267033
 20
8659.161460890464
 30
0.0
 11
7460.705354267033
 21
8659.161460890466
 31
0.0
  0
LINE
  5
5E
330
17
100
AcDbEntity
  8
Perfil Metálico
 62
224
370
18
100
AcDbLine
 10
6743.445106553088
 20
9026.428074105694
 30
0.0
 11
6743.445106553088
 21
8831.784695868262
 31
0.0
  0
LINE
  5
5F
330
17
100
AcDbEntity
  8
Perfil Metálico
 62
224
370
18
100
AcDbLine
 10
6755.445106539875
 20
9026.428074105694
 30
0.0
 11
6755.445106539875
 21
8831.784695868262
 31
0.0
  0
LINE
  5
60
330
17
100
AcDbEntity
  8
Perfil Metálico
 62
224
370
18
100
AcDbLine
 10
6909.38839933998
 20
9026.428074105694
 30
0.0
 11
6909.38839933998
 21
8831.784695868262
 31
0.0
  0
LINE
  5
61
330
17
100
AcDbEntity
  8
Perfil Metálico
 62
224
370
18
100
AcDbLine
 10
6897.388399353193
 20
9026.428074105694
 30
0.0
 11
6897.388399353193
 21
8831.784695868262
 31
0.0
  0
LINE
  5
62
330
17
100
AcDbEntity
  8
Hachura
 62
251
370
9
100
AcDbLine
 10
6903.381333968145
 20
9022.622036658247
 30
0.0
 11
6903.389875179033
 21
8838.821669530727
 31
0.0
  0
LINE
  5
63
330
17
100
AcDbEntity
  8
Hachura
 62
251
370
9
100
AcDbLine
 10
6916.192566468803
 20
9001.816408248187
 30
0.0
 11
6732.392199341281
 21
9001.824949459033
 31
0.0
  0
LINE
  5
64
330
17
100
AcDbEntity
  8
Hachura
 62
251
370
9
100
AcDbLine
 10
6916.192566468803
 20
8855.816408304416
 30
0.0
 11
6732.392199341281
 21
8855.824949515261
 31
0.0
  0
LINE
  5
65
330
17
100
AcDbEntity
  8
SARR_2.2x7
 62
40
370
25
100
AcDbLine
 10
7688.966173331356
 20
8767.16146089046
 30
0.0
 11
7643.966173331356
 21
8767.16146089046
 31
0.0
  0
LINE
  5
66
330
17
100
AcDbEntity
  8
SARR_2.2x7
 62
40
370
25
100
AcDbLine
 10
7876.057858718268
 20
8767.16146089046
 30
0.0
 11
7831.057858718269
 21
8767.16146089046
 31
0.0
  0
LINE
  5
67
330
17
100
AcDbEntity
  8
Painéis
 62
200
370
25
100
AcDbLine
 10
7688.966173331356
 20
8774.161460890466
 30
0.0
 11
7643.966173331356
 21
8774.161460890466
 31
0.0
  0
LINE
  5
68
330
17
100
AcDbEntity
  8
Painéis
 62
200
370
25
100
AcDbLine
 10
7876.057858718268
 20
8774.161460890466
 30
0.0
 11
7831.057858718269
 21
8774.161460890466
 31
0.0
  0
LINE
  5
69
330
17
100
AcDbEntity
  8
SARR_2.2x7
 62
40
370
25
100
AcDbLine
 10
7258.979645428365
 20
8768.161460890464
 30
0.0
 11
7325.979645428306
 21
8768.161460890464
 31
0.0
  0
LINE
  5
6A
330
17
100
AcDbEntity
  8
SARR_2.2x7
 62
40
370
25
100
AcDbLine
 10
7460.705354267033
 20
8767.161460890464
 30
0.0
 11
7527.705354266974
 21
8767.161460890464
 31
0.0
  0
LINE
  5
6B
330
17
100
AcDbEntity
  8
NIVEL 2° PAV.
 62
4
370
25
100
AcDbLine
 10
7071.979804424024
 20
8535.16146089047
 30
0.0
 11
7037.610263608356
 21
8535.16146089047
 31
0.0
  0
LINE
  5
6C
330
17
100
AcDbEntity
  8
NIVEL 2° PAV.
 62
4
370
25
100
AcDbLine
 10
7037.451855754532
 20
8858.161460890467
 30
0.0
 11
7043.610263608356
 21
8858.161460890467
 31
0.0
  0
LINE
  5
6D
330
17
100
AcDbEntity
  8
NIVEL 2° PAV.
 62
4
370
25
100
AcDbLine
 10
7040.610263608356
 20
8535.16146089047
 30
0.0
 11
7040.610263608356
 21
8858.161460890467
 31
0.0
  0
LINE
  5
6E
330
17
100
AcDbEntity
  8
NIVEL 2° PAV.
 62
0
370
25
100
AcDbLine
 10
7039.110263608356
 20
8536.66146089047
 30
0.0
 11
7042.110263608356
 21
8533.66146089047
 31
0.0
  0
LINE
  5
6F
330
17
100
AcDbEntity
  8
NIVEL 2° PAV.
 62
0
370
25
100
AcDbLine
 10
7042.110263608356
 20
8856.661460890467
 30
0.0
 11
7039.110263608356
 21
8859.661460890467
 31
0.0
  0
LINE
  5
70
330
17
100
AcDbEntity
  8
COTA
 62
4
370
25
100
AcDbLine
 10
7643.966173331356
 20
8534.161460890464
 30
0.0
 11
7643.966173331356
 21
8502.267249244296
 31
0.0
  0
LINE
  5
71
330
17
100
AcDbEntity
  8
COTA
 62
4
370
25
100
AcDbLine
 10
7688.966173331356
 20
8534.161460890464
 30
0.0
 11
7688.966173331356
 21
8502.267249244296
 31
0.0
  0
LINE
  5
72
330
17
100
AcDbEntity
  8
COTA
 62
4
370
25
100
AcDbLine
 10
7643.966173331356
 20
8505.267249244296
 30
0.0
 11
7688.966173331356
 21
8505.267249244296
 31
0.0
  0
LINE
  5
73
330
17
100
AcDbEntity
  8
COTA
 62
0
370
25
100
AcDbLine
 10
7645.466173331356
 20
8506.767249244296
 30
0.0
 11
7642.466173331356
 21
8503.767249244296
 31
0.0
  0
LINE
  5
74
330
17
100
AcDbEntity
  8
COTA
 62
0
370
25
100
AcDbLine
 10
7687.466173331356
 20
8503.767249244296
 30
0.0
 11
7690.466173331356
 21
8506.767249244296
 31
0.0
  0
LINE
  5
75
330
17
100
AcDbEntity
  8
COTA
 62
4
370
25
100
AcDbLine
 10
7691.966173331417
 20
8535.161460890438
 30
0.0
 11
7710.873590999617
 21
8535.161460890438
 31
0.0
  0
LINE
  5
76
330
17
100
AcDbEntity
  8
COTA
 62
4
370
25
100
AcDbLine
 10
7691.966173331358
 20
8537.161460890438
 30
0.0
 11
7710.873590999617
 21
8537.161460890438
 31
0.0
  0
LINE
  5
77
330
17
100
AcDbEntity
  8
COTA
 62
4
370
25
100
AcDbLine
 10
7707.873590999617
 20
8535.161460890438
 30
0.0
 11
7707.873590999617
 21
8532.161460890438
 31
0.0
  0
LINE
  5
78
330
17
100
AcDbEntity
  8
COTA
 62
4
370
25
100
AcDbLine
 10
7707.873590999617
 20
8537.161460890438
 30
0.0
 11
7707.873590999617
 21
8540.161460890438
 31
0.0
  0
LINE
  5
79
330
17
100
AcDbEntity
  8
COTA
 62
4
370
25
100
AcDbLine
 10
7707.873590999617
 20
8535.161460890438
 30
0.0
 11
7707.873590999617
 21
8537.161460890438
 31
0.0
  0
LINE
  5
7A
330
17
100
AcDbEntity
  8
COTA
 62
0
370
25
100
AcDbLine
 10
7709.373590999617
 20
8533.661460890438
 30
0.0
 11
7706.373590999617
 21
8536.661460890438
 31
0.0
  0
LINE
  5
7B
330
17
100
AcDbEntity
  8
COTA
 62
0
370
25
100
AcDbLine
 10
7706.373590999617
 20
8538.661460890438
 30
0.0
 11
7709.373590999617
 21
8535.661460890438
 31
0.0
  0
LINE
  5
7C
330
17
100
AcDbEntity
  8
COTA
 62
4
370
25
100
AcDbLine
 10
7831.057858718269
 20
8534.161460890464
 30
0.0
 11
7831.057858718269
 21
8502.267249244296
 31
0.0
  0
LINE
  5
7D
330
17
100
AcDbEntity
  8
COTA
 62
4
370
25
100
AcDbLine
 10
7876.057858718268
 20
8534.161460890464
 30
0.0
 11
7876.057858718268
 21
8502.267249244296
 31
0.0
  0
LINE
  5
7E
330
17
100
AcDbEntity
  8
COTA
 62
4
370
25
100
AcDbLine
 10
7831.057858718269
 20
8505.267249244296
 30
0.0
 11
7876.057858718268
 21
8505.267249244296
 31
0.0
  0
LINE
  5
7F
330
17
100
AcDbEntity
  8
COTA
 62
0
370
25
100
AcDbLine
 10
7832.557858718269
 20
8506.767249244296
 30
0.0
 11
7829.557858718269
 21
8503.767249244296
 31
0.0
  0
LINE
  5
80
330
17
100
AcDbEntity
  8
COTA
 62
0
370
25
100
AcDbLine
 10
7874.557858718268
 20
8503.767249244296
 30
0.0
 11
7877.557858718268
 21
8506.767249244296
 31
0.0
  0
LINE
  5
81
330
17
100
AcDbEntity
  8
COTA
 62
4
370
25
100
AcDbLine
 10
7879.05785871833
 20
8535.161460890438
 30
0.0
 11
7897.965276386589
 21
8535.161460890438
 31
0.0
  0
LINE
  5
82
330
17
100
AcDbEntity
  8
COTA
 62
4
370
25
100
AcDbLine
 10
7879.057858718272
 20
8537.161460890438
 30
0.0
 11
7897.965276386589
 21
8537.161460890438
 31
0.0
  0
LINE
  5
83
330
17
100
AcDbEntity
  8
COTA
 62
4
370
25
100
AcDbLine
 10
7894.965276386589
 20
8535.161460890438
 30
0.0
 11
7894.965276386589
 21
8532.161460890438
 31
0.0
  0
LINE
  5
84
330
17
100
AcDbEntity
  8
COTA
 62
4
370
25
100
AcDbLine
 10
7894.965276386589
 20
8537.161460890438
 30
0.0
 11
7894.965276386589
 21
8540.161460890438
 31
0.0
  0
LINE
  5
85
330
17
100
AcDbEntity
  8
COTA
 62
4
370
25
100
AcDbLine
 10
7894.965276386589
 20
8535.161460890438
 30
0.0
 11
7894.965276386589
 21
8537.161460890438
 31
0.0
  0
LINE
  5
86
330
17
100
AcDbEntity
  8
COTA
 62
0
370
25
100
AcDbLine
 10
7896.465276386589
 20
8533.661460890438
 30
0.0
 11
7893.465276386589
 21
8536.661460890438
 31
0.0
  0
LINE
  5
87
330
17
100
AcDbEntity
  8
COTA
 62
0
370
25
100
AcDbLine
 10
7893.465276386589
 20
8538.661460890438
 30
0.0
 11
7896.465276386589
 21
8535.661460890438
 31
0.0
  0
LINE
  5
88
330
17
100
AcDbEntity
  8
COTA
 62
4
370
25
100
AcDbLine
 10
7325.979645428365
 20
8534.161460890464
 30
0.0
 11
7325.979645428365
 21
8489.549475710475
 31
0.0
  0
LINE
  5
89
330
17
100
AcDbEntity
  8
COTA
 62
4
370
25
100
AcDbLine
 10
7258.979645428365
 20
8534.161460890493
 30
0.0
 11
7258.979645428365
 21
8489.549475710475
 31
0.0
  0
LINE
  5
8A
330
17
100
AcDbEntity
  8
COTA
 62
4
370
25
100
AcDbLine
 10
7325.979645428365
 20
8492.549475710475
 30
0.0
 11
7258.979645428365
 21
8492.549475710475
 31
0.0
  0
LINE
  5
8B
330
17
100
AcDbEntity
  8
COTA
 62
0
370
25
100
AcDbLine
 10
7324.479645428365
 20
8491.049475710475
 30
0.0
 11
7327.479645428365
 21
8494.049475710475
 31
0.0
  0
LINE
  5
8C
330
17
100
AcDbEntity
  8
COTA
 62
0
370
25
100
AcDbLine
 10
7260.479645428365
 20
8494.049475710475
 30
0.0
 11
7257.479645428365
 21
8491.049475710475
 31
0.0
  0
LINE
  5
8D
330
17
100
AcDbEntity
  8
COTA
 62
4
370
25
100
AcDbLine
 10
7318.979645428363
 20
8534.161460890478
 30
0.0
 11
7318.979645428363
 21
8513.65136492657
 31
0.0
  0
LINE
  5
8E
330
17
100
AcDbEntity
  8
COTA
 62
4
370
25
100
AcDbLine
 10
7325.979645428365
 20
8532.161460889954
 30
0.0
 11
7325.979645428365
 21
8513.65136492657
 31
0.0
  0
LINE
  5
8F
330
17
100
AcDbEntity
  8
COTA
 62
4
370
25
100
AcDbLine
 10
7318.979645428363
 20
8516.65136492657
 30
0.0
 11
7325.979645428365
 21
8516.65136492657
 31
0.0
  0
LINE
  5
90
330
17
100
AcDbEntity
  8
COTA
 62
4
370
25
100
AcDbLine
 10
7325.979645428365
 20
8516.65136492657
 30
0.0
 11
7340.710639580412
 21
8516.65136492657
 31
0.0
  0
LINE
  5
91
330
17
100
AcDbEntity
  8
COTA
 62
0
370
25
100
AcDbLine
 10
7320.479645428363
 20
8518.15136492657
 30
0.0
 11
7317.479645428363
 21
8515.15136492657
 31
0.0
  0
LINE
  5
92
330
17
100
AcDbEntity
  8
COTA
 62
0
370
25
100
AcDbLine
 10
7324.479645428365
 20
8515.15136492657
 30
0.0
 11
7327.479645428365
 21
8518.15136492657
 31
0.0
  0
LINE
  5
93
330
17
100
AcDbEntity
  8
COTA
 62
4
370
25
100
AcDbLine
 10
7265.979645428306
 20
8534.161460890507
 30
0.0
 11
7265.979645428306
 21
8513.651364926598
 31
0.0
  0
LINE
  5
94
330
17
100
AcDbEntity
  8
COTA
 62
4
370
25
100
AcDbLine
 10
7258.979645428365
 20
8532.161460889984
 30
0.0
 11
7258.979645428365
 21
8513.651364926598
 31
0.0
  0
LINE
  5
95
330
17
100
AcDbEntity
  8
COTA
 62
4
370
25
100
AcDbLine
 10
7265.979645428306
 20
8516.651364926598
 30
0.0
 11
7258.979645428365
 21
8516.651364926598
 31
0.0
  0
LINE
  5
96
330
17
100
AcDbEntity
  8
COTA
 62
4
370
25
100
AcDbLine
 10
7258.979645428365
 20
8516.651364926598
 30
0.0
 11
7244.248651276317
 21
8516.651364926598
 31
0.0
  0
LINE
  5
97
330
17
100
AcDbEntity
  8
COTA
 62
0
370
25
100
AcDbLine
 10
7264.479645428306
 20
8515.151364926598
 30
0.0
 11
7267.479645428306
 21
8518.151364926598
 31
0.0
  0
LINE
  5
98
330
17
100
AcDbEntity
  8
COTA
 62
0
370
25
100
AcDbLine
 10
7260.479645428365
 20
8518.151364926598
 30
0.0
 11
7257.479645428365
 21
8515.151364926598
 31
0.0
  0
LINE
  5
99
330
17
100
AcDbEntity
  8
COTA
 62
4
370
25
100
AcDbLine
 10
7328.97964542836
 20
8537.161460890482
 30
0.0
 11
7348.237843639267
 21
8537.161460890482
 31
0.0
  0
LINE
  5
9A
330
17
100
AcDbEntity
  8
COTA
 62
4
370
25
100
AcDbLine
 10
7328.97964542836
 20
8535.16146089047
 30
0.0
 11
7348.237843639267
 21
8535.16146089047
 31
0.0
  0
LINE
  5
9B
330
17
100
AcDbEntity
  8
COTA
 62
4
370
25
100
AcDbLine
 10
7345.237843639267
 20
8535.16146089047
 30
0.0
 11
7345.237843639267
 21
8532.16146089047
 31
0.0
  0
LINE
  5
9C
330
17
100
AcDbEntity
  8
COTA
 62
4
370
25
100
AcDbLine
 10
7345.237843639267
 20
8537.161460890482
 30
0.0
 11
7345.237843639267
 21
8555.963912338962
 31
0.0
  0
LINE
  5
9D
330
17
100
AcDbEntity
  8
COTA
 62
4
370
25
100
AcDbLine
 10
7345.237843639267
 20
8535.16146089047
 30
0.0
 11
7345.237843639267
 21
8537.161460890482
 31
0.0
  0
LINE
  5
9E
330
17
100
AcDbEntity
  8
COTA
 62
0
370
25
100
AcDbLine
 10
7346.737843639267
 20
8533.66146089047
 30
0.0
 11
7343.737843639267
 21
8536.66146089047
 31
0.0
  0
LINE
  5
9F
330
17
100
AcDbEntity
  8
COTA
 62
0
370
25
100
AcDbLine
 10
7343.737843639267
 20
8538.661460890482
 30
0.0
 11
7346.737843639267
 21
8535.661460890482
 31
0.0
  0
LINE
  5
A0
330
17
100
AcDbEntity
  8
COTA
 62
180
370
25
100
AcDbLine
 10
6802.198407876528
 20
8956.279047992231
 30
0.0
 11
6821.531741209863
 21
8956.279047992231
 31
0.0
  0
LINE
  5
A1
330
17
100
AcDbEntity
  8
COTA
 62
180
370
25
100
AcDbLine
 10
6821.531741209863
 20
8956.279047992231
 30
0.0
 11
6821.531741209863
 21
8971.279047992233
 31
0.0
  0
LINE
  5
A2
330
17
100
AcDbEntity
  8
COTA
 62
180
370
25
100
AcDbLine
 10
6821.531741209863
 20
8971.279047992233
 30
0.0
 11
6802.198407876528
 21
8971.279047992233
 31
0.0
  0
LINE
  5
A3
330
17
100
AcDbEntity
  8
COTA
 62
180
370
25
100
AcDbLine
 10
6802.198407876528
 20
8971.279047992233
 30
0.0
 11
6802.198407876528
 21
8956.279047992231
 31
0.0
  0
LINE
  5
A4
330
17
100
AcDbEntity
  8
COTA
 62
241
370
25
100
AcDbLine
 10
6893.416752924212
 20
8980.824624113906
 30
0.0
 11
6893.416752924212
 21
9066.231640762137
 31
0.0
  0
LINE
  5
A5
330
17
100
AcDbEntity
  8
COTA
 62
241
370
25
100
AcDbLine
 10
6759.416752968856
 20
8980.824624088877
 30
0.0
 11
6759.416752968856
 21
9066.231640762137
 31
0.0
  0
LINE
  5
A6
330
17
100
AcDbEntity
  8
COTA
 62
241
370
25
100
AcDbLine
 10
6893.416752924212
 20
9063.231640762137
 30
0.0
 11
6759.416752968856
 21
9063.231640762137
 31
0.0
  0
LINE
  5
A7
330
17
100
AcDbEntity
  8
COTA
 62
0
370
25
100
AcDbLine
 10
6891.916752924212
 20
9061.731640762137
 30
0.0
 11
6894.916752924212
 21
9064.731640762137
 31
0.0
  0
LINE
  5
A8
330
17
100
AcDbEntity
  8
COTA
 62
0
370
25
100
AcDbLine
 10
6760.916752968856
 20
9064.731640762137
 30
0.0
 11
6757.916752968856
 21
9061.731640762137
 31
0.0
  0
LINE
  5
A9
330
17
100
AcDbEntity
  8
COTA
 62
241
370
25
100
AcDbLine
 10
6893.416752924212
 20
9014.82462415791
 30
0.0
 11
6893.416752924212
 21
9042.54999165127
 31
0.0
  0
LINE
  5
AA
330
17
100
AcDbEntity
  8
COTA
 62
241
370
25
100
AcDbLine
 10
6826.416752946534
 20
9026.624991363315
 30
0.0
 11
6826.416752946534
 21
9042.54999165127
 31
0.0
  0
LINE
  5
AB
330
17
100
AcDbEntity
  8
COTA
 62
241
370
25
100
AcDbLine
 10
6893.416752924212
 20
9039.54999165127
 30
0.0
 11
6826.416752946534
 21
9039.54999165127
 31
0.0
  0
LINE
  5
AC
330
17
100
AcDbEntity
  8
COTA
 62
0
370
25
100
AcDbLine
 10
6891.916752924212
 20
9038.04999165127
 30
0.0
 11
6894.916752924212
 21
9041.04999165127
 31
0.0
  0
LINE
  5
AD
330
17
100
AcDbEntity
  8
COTA
 62
0
370
25
100
AcDbLine
 10
6827.916752946534
 20
9041.04999165127
 30
0.0
 11
6824.916752946534
 21
9038.04999165127
 31
0.0
  0
LINE
  5
AE
330
17
100
AcDbEntity
  8
COTA
 62
241
370
25
100
AcDbLine
 10
6759.416752968856
 20
9014.82462415791
 30
0.0
 11
6759.416752968856
 21
9042.549991651242
 31
0.0
  0
LINE
  5
AF
330
17
100
AcDbEntity
  8
COTA
 62
241
370
25
100
AcDbLine
 10
6826.416752946534
 20
9026.624991363315
 30
0.0
 11
6826.416752946534
 21
9042.549991651242
 31
0.0
  0
LINE
  5
B0
330
17
100
AcDbEntity
  8
COTA
 62
241
370
25
100
AcDbLine
 10
6759.416752968856
 20
9039.549991651242
 30
0.0
 11
6826.416752946534
 21
9039.549991651242
 31
0.0
  0
LINE
  5
B1
330
17
100
AcDbEntity
  8
COTA
 62
0
370
25
100
AcDbLine
 10
6760.916752968856
 20
9041.049991651242
 30
0.0
 11
6757.916752968856
 21
9038.049991651242
 31
0.0
  0
LINE
  5
B2
330
17
100
AcDbEntity
  8
COTA
 62
0
370
25
100
AcDbLine
 10
6824.916752946534
 20
9038.049991651242
 30
0.0
 11
6827.916752946534
 21
9041.049991651242
 31
0.0
  0
LINE
  5
B3
330
17
100
AcDbEntity
  8
COTA
 62
180
370
25
100
AcDbLine
 10
6862.419067350798
 20
8930.00545715818
 30
0.0
 11
6862.419067350798
 21
8949.338790491513
 31
0.0
  0
LINE
  5
B4
330
17
100
AcDbEntity
  8
COTA
 62
180
370
25
100
AcDbLine
 10
6862.419067350798
 20
8949.338790491513
 30
0.0
 11
6847.419067350798
 21
8949.338790491513
 31
0.0
  0
LINE
  5
B5
330
17
100
AcDbEntity
  8
COTA
 62
180
370
25
100
AcDbLine
 10
6847.419067350798
 20
8949.338790491513
 30
0.0
 11
6847.419067350798
 21
8930.00545715818
 31
0.0
  0
LINE
  5
B6
330
17
100
AcDbEntity
  8
COTA
 62
180
370
25
100
AcDbLine
 10
6847.419067350798
 20
8930.00545715818
 30
0.0
 11
6862.419067350798
 21
8930.00545715818
 31
0.0
  0
LINE
  5
B7
330
17
100
AcDbEntity
  8
COTA
 62
241
370
25
100
AcDbLine
 10
6893.416752924212
 20
8862.824624199413
 30
0.0
 11
6893.416752924212
 21
8802.263244411912
 31
0.0
  0
LINE
  5
B8
330
17
100
AcDbEntity
  8
COTA
 62
241
370
25
100
AcDbLine
 10
6759.416752968856
 20
8862.824624199413
 30
0.0
 11
6759.416752968856
 21
8802.263244411912
 31
0.0
  0
LINE
  5
B9
330
17
100
AcDbEntity
  8
COTA
 62
241
370
25
100
AcDbLine
 10
6893.416752924212
 20
8805.263244411912
 30
0.0
 11
6759.416752968856
 21
8805.263244411912
 31
0.0
  0
LINE
  5
BA
330
17
100
AcDbEntity
  8
COTA
 62
0
370
25
100
AcDbLine
 10
6891.916752924212
 20
8803.763244411912
 30
0.0
 11
6894.916752924212
 21
8806.763244411912
 31
0.0
  0
LINE
  5
BB
330
17
100
AcDbEntity
  8
COTA
 62
0
370
25
100
AcDbLine
 10
6760.916752968856
 20
8806.763244411912
 30
0.0
 11
6757.916752968856
 21
8803.763244411912
 31
0.0
  0
LINE
  5
BC
330
17
100
AcDbEntity
  8
COTA
 62
241
370
25
100
AcDbLine
 10
6759.439113788684
 20
8862.81301189353
 30
0.0
 11
6759.439113788684
 21
8827.195998869724
 31
0.0
  0
LINE
  5
BD
330
17
100
AcDbEntity
  8
COTA
 62
241
370
25
100
AcDbLine
 10
6819.432166383805
 20
8862.81301189353
 30
0.0
 11
6819.432166383805
 21
8827.195998869724
 31
0.0
  0
LINE
  5
BE
330
17
100
AcDbEntity
  8
COTA
 62
241
370
25
100
AcDbLine
 10
6759.439113788684
 20
8830.195998869724
 30
0.0
 11
6819.432166383805
 21
8830.195998869724
 31
0.0
  0
LINE
  5
BF
330
17
100
AcDbEntity
  8
COTA
 62
0
370
25
100
AcDbLine
 10
6760.939113788684
 20
8831.695998869724
 30
0.0
 11
6757.939113788684
 21
8828.695998869724
 31
0.0
  0
LINE
  5
C0
330
17
100
AcDbEntity
  8
COTA
 62
0
370
25
100
AcDbLine
 10
6817.932166383805
 20
8828.695998869724
 30
0.0
 11
6820.932166383805
 21
8831.695998869724
 31
0.0
  0
LINE
  5
C1
330
17
100
AcDbEntity
  8
COTA
 62
241
370
25
100
AcDbLine
 10
6819.432166376569
 20
8862.813011893542
 30
0.0
 11
6819.432166376569
 21
8827.195998870277
 31
0.0
  0
LINE
  5
C2
330
17
100
AcDbEntity
  8
COTA
 62
241
370
25
100
AcDbLine
 10
6893.432124904823
 20
8862.813011893559
 30
0.0
 11
6893.432124904823
 21
8827.195998870277
 31
0.0
  0
LINE
  5
C3
330
17
100
AcDbEntity
  8
COTA
 62
241
370
25
100
AcDbLine
 10
6819.432166376569
 20
8830.195998870277
 30
0.0
 11
6893.432124904823
 21
8830.195998870277
 31
0.0
  0
LINE
  5
C4
330
17
100
AcDbEntity
  8
COTA
 62
0
370
25
100
AcDbLine
 10
6820.932166376569
 20
8831.695998870277
 30
0.0
 11
6817.932166376569
 21
8828.695998870277
 31
0.0
  0
LINE
  5
C5
330
17
100
AcDbEntity
  8
COTA
 62
0
370
25
100
AcDbLine
 10
6891.932124904823
 20
8828.695998870277
 30
0.0
 11
6894.932124904823
 21
8831.695998870277
 31
0.0
  0
LINE
  5
C6
330
17
100
AcDbEntity
  8
COTA
 62
4
370
25
100
AcDbLine
 10
7328.979645428145
 20
8775.161460890506
 30
0.0
 11
7380.294719128425
 21
8775.161460890506
 31
0.0
  0
LINE
  5
C7
330
17
100
AcDbEntity
  8
COTA
 62
4
370
25
100
AcDbLine
 10
7328.979645428164
 20
8858.161460890467
 30
0.0
 11
7380.294719128425
 21
8858.161460890467
 31
0.0
  0
LINE
  5
C8
330
17
100
AcDbEntity
  8
COTA
 62
4
370
25
100
AcDbLine
 10
7377.294719128425
 20
8775.161460890506
 30
0.0
 11
7377.294719128425
 21
8858.161460890467
 31
0.0
  0
LINE
  5
C9
330
17
100
AcDbEntity
  8
COTA
 62
0
370
25
100
AcDbLine
 10
7375.794719128425
 20
8776.661460890506
 30
0.0
 11
7378.794719128425
 21
8773.661460890506
 31
0.0
  0
LINE
  5
CA
330
17
100
AcDbEntity
  8
COTA
 62
0
370
25
100
AcDbLine
 10
7378.794719128425
 20
8856.661460890467
 30
0.0
 11
7375.794719128425
 21
8859.661460890467
 31
0.0
  0
LINE
  5
CB
330
17
100
AcDbEntity
  8
COTA
 62
4
370
25
100
AcDbLine
 10
7691.966173331358
 20
8774.16146089047
 30
0.0
 11
7737.693919445475
 21
8774.16146089047
 31
0.0
  0
LINE
  5
CC
330
17
100
AcDbEntity
  8
COTA
 62
4
370
25
100
AcDbLine
 10
7691.966173331358
 20
8537.161460890467
 30
0.0
 11
7737.693919445475
 21
8537.161460890467
 31
0.0
  0
LINE
  5
CD
330
17
100
AcDbEntity
  8
COTA
 62
4
370
25
100
AcDbLine
 10
7734.693919445475
 20
8774.16146089047
 30
0.0
 11
7734.693919445475
 21
8537.161460890467
 31
0.0
  0
LINE
  5
CE
330
17
100
AcDbEntity
  8
COTA
 62
0
370
25
100
AcDbLine
 10
7736.193919445475
 20
8772.66146089047
 30
0.0
 11
7733.193919445475
 21
8775.66146089047
 31
0.0
  0
LINE
  5
CF
330
17
100
AcDbEntity
  8
COTA
 62
0
370
25
100
AcDbLine
 10
7733.193919445475
 20
8538.661460890467
 30
0.0
 11
7736.193919445475
 21
8535.661460890467
 31
0.0
  0
LINE
  5
D0
330
17
100
AcDbEntity
  8
COTA
 62
4
370
25
100
AcDbLine
 10
7527.705354267033
 20
8534.161460890464
 30
0.0
 11
7527.705354267033
 21
8489.549475710475
 31
0.0
  0
LINE
  5
D1
330
17
100
AcDbEntity
  8
COTA
 62
4
370
25
100
AcDbLine
 10
7460.705354267033
 20
8534.161460890493
 30
0.0
 11
7460.705354267033
 21
8489.549475710475
 31
0.0
  0
LINE
  5
D2
330
17
100
AcDbEntity
  8
COTA
 62
4
370
25
100
AcDbLine
 10
7527.705354267033
 20
8492.549475710475
 30
0.0
 11
7460.705354267033
 21
8492.549475710475
 31
0.0
  0
LINE
  5
D3
330
17
100
AcDbEntity
  8
COTA
 62
0
370
25
100
AcDbLine
 10
7526.205354267033
 20
8491.049475710475
 30
0.0
 11
7529.205354267033
 21
8494.049475710475
 31
0.0
  0
LINE
  5
D4
330
17
100
AcDbEntity
  8
COTA
 62
0
370
25
100
AcDbLine
 10
7462.205354267033
 20
8494.049475710475
 30
0.0
 11
7459.205354267033
 21
8491.049475710475
 31
0.0
  0
LINE
  5
D5
330
17
100
AcDbEntity
  8
COTA
 62
4
370
25
100
AcDbLine
 10
7520.705354267033
 20
8534.161460890478
 30
0.0
 11
7520.705354267033
 21
8513.65136492657
 31
0.0
  0
LINE
  5
D6
330
17
100
AcDbEntity
  8
COTA
 62
4
370
25
100
AcDbLine
 10
7527.705354267033
 20
8532.161460889954
 30
0.0
 11
7527.705354267033
 21
8513.65136492657
 31
0.0
  0
LINE
  5
D7
330
17
100
AcDbEntity
  8
COTA
 62
4
370
25
100
AcDbLine
 10
7520.705354267033
 20
8516.65136492657
 30
0.0
 11
7527.705354267033
 21
8516.65136492657
 31
0.0
  0
LINE
  5
D8
330
17
100
AcDbEntity
  8
COTA
 62
4
370
25
100
AcDbLine
 10
7527.705354267033
 20
8516.65136492657
 30
0.0
 11
7542.43634841908
 21
8516.65136492657
 31
0.0
  0
LINE
  5
D9
330
17
100
AcDbEntity
  8
COTA
 62
0
370
25
100
AcDbLine
 10
7522.205354267033
 20
8518.15136492657
 30
0.0
 11
7519.205354267033
 21
8515.15136492657
 31
0.0
  0
LINE
  5
DA
330
17
100
AcDbEntity
  8
COTA
 62
0
370
25
100
AcDbLine
 10
7526.205354267033
 20
8515.15136492657
 30
0.0
 11
7529.205354267033
 21
8518.15136492657
 31
0.0
  0
LINE
  5
DB
330
17
100
AcDbEntity
  8
COTA
 62
4
370
25
100
AcDbLine
 10
7467.705354266975
 20
8534.161460890507
 30
0.0
 11
7467.705354266975
 21
8513.651364926598
 31
0.0
  0
LINE
  5
DC
330
17
100
AcDbEntity
  8
COTA
 62
4
370
25
100
AcDbLine
 10
7460.705354267033
 20
8532.161460889984
 30
0.0
 11
7460.705354267033
 21
8513.651364926598
 31
0.0
  0
LINE
  5
DD
330
17
100
AcDbEntity
  8
COTA
 62
4
370
25
100
AcDbLine
 10
7467.705354266975
 20
8516.651364926598
 30
0.0
 11
7460.705354267033
 21
8516.651364926598
 31
0.0
  0
LINE
  5
DE
330
17
100
AcDbEntity
  8
COTA
 62
4
370
25
100
AcDbLine
 10
7460.705354267033
 20
8516.651364926598
 30
0.0
 11
7445.974360114985
 21
8516.651364926598
 31
0.0
  0
LINE
  5
DF
330
17
100
AcDbEntity
  8
COTA
 62
0
370
25
100
AcDbLine
 10
7466.205354266975
 20
8515.151364926598
 30
0.0
 11
7469.205354266975
 21
8518.151364926598
 31
0.0
  0
LINE
  5
E0
330
17
100
AcDbEntity
  8
COTA
 62
0
370
25
100
AcDbLine
 10
7462.205354267033
 20
8518.151364926598
 30
0.0
 11
7459.205354267033
 21
8515.151364926598
 31
0.0
  0
LINE
  5
E1
330
17
100
AcDbEntity
  8
COTA
 62
4
370
25
100
AcDbLine
 10
7530.705354267029
 20
8537.161460890482
 30
0.0
 11
7549.963552477937
 21
8537.161460890482
 31
0.0
  0
LINE
  5
E2
330
17
100
AcDbEntity
  8
COTA
 62
4
370
25
100
AcDbLine
 10
7530.705354267029
 20
8535.16146089047
 30
0.0
 11
7549.963552477937
 21
8535.16146089047
 31
0.0
  0
LINE
  5
E3
330
17
100
AcDbEntity
  8
COTA
 62
4
370
25
100
AcDbLine
 10
7546.963552477937
 20
8535.16146089047
 30
0.0
 11
7546.963552477937
 21
8532.16146089047
 31
0.0
  0
LINE
  5
E4
330
17
100
AcDbEntity
  8
COTA
 62
4
370
25
100
AcDbLine
 10
7546.963552477937
 20
8537.161460890482
 30
0.0
 11
7546.963552477937
 21
8555.963912338962
 31
0.0
  0
LINE
  5
E5
330
17
100
AcDbEntity
  8
COTA
 62
4
370
25
100
AcDbLine
 10
7546.963552477937
 20
8535.16146089047
 30
0.0
 11
7546.963552477937
 21
8537.161460890482
 31
0.0
  0
LINE
  5
E6
330
17
100
AcDbEntity
  8
COTA
 62
0
370
25
100
AcDbLine
 10
7548.463552477937
 20
8533.66146089047
 30
0.0
 11
7545.463552477937
 21
8536.66146089047
 31
0.0
  0
LINE
  5
E7
330
17
100
AcDbEntity
  8
COTA
 62
0
370
25
100
AcDbLine
 10
7545.463552477937
 20
8538.661460890482
 30
0.0
 11
7548.463552477937
 21
8535.661460890482
 31
0.0
  0
LINE
  5
E8
330
17
100
AcDbEntity
  8
COTA
 62
4
370
25
100
AcDbLine
 10
7530.705354266989
 20
8774.16146089051
 30
0.0
 11
7568.546297449625
 21
8774.16146089051
 31
0.0
  0
LINE
  5
E9
330
17
100
AcDbEntity
  8
COTA
 62
4
370
25
100
AcDbLine
 10
7530.705354266974
 20
8858.161460890467
 30
0.0
 11
7568.546297449625
 21
8858.161460890467
 31
0.0
  0
LINE
  5
EA
330
17
100
AcDbEntity
  8
COTA
 62
4
370
25
100
AcDbLine
 10
7565.546297449625
 20
8774.16146089051
 30
0.0
 11
7565.546297449625
 21
8858.161460890467
 31
0.0
  0
LINE
  5
EB
330
17
100
AcDbEntity
  8
COTA
 62
0
370
25
100
AcDbLine
 10
7564.046297449625
 20
8775.66146089051
 30
0.0
 11
7567.046297449625
 21
8772.66146089051
 31
0.0
  0
LINE
  5
EC
330
17
100
AcDbEntity
  8
COTA
 62
0
370
25
100
AcDbLine
 10
7567.046297449625
 20
8856.661460890467
 30
0.0
 11
7564.046297449625
 21
8859.661460890467
 31
0.0
  0
LINE
  5
ED
330
17
100
AcDbEntity
  8
COTA
 62
4
370
25
100
AcDbLine
 10
7879.057858718272
 20
8774.161460890471
 30
0.0
 11
7924.785604832415
 21
8774.161460890471
 31
0.0
  0
LINE
  5
EE
330
17
100
AcDbEntity
  8
COTA
 62
4
370
25
100
AcDbLine
 10
7879.057858718272
 20
8537.16146089047
 30
0.0
 11
7924.785604832415
 21
8537.16146089047
 31
0.0
  0
LINE
  5
EF
330
17
100
AcDbEntity
  8
COTA
 62
4
370
25
100
AcDbLine
 10
7921.785604832415
 20
8774.161460890471
 30
0.0
 11
7921.785604832415
 21
8537.16146089047
 31
0.0
  0
LINE
  5
F0
330
17
100
AcDbEntity
  8
COTA
 62
0
370
25
100
AcDbLine
 10
7923.285604832415
 20
8772.661460890471
 30
0.0
 11
7920.285604832415
 21
8775.661460890471
 31
0.0
  0
LINE
  5
F1
330
17
100
AcDbEntity
  8
COTA
 62
0
370
25
100
AcDbLine
 10
7920.285604832415
 20
8538.66146089047
 30
0.0
 11
7923.285604832415
 21
8535.66146089047
 31
0.0
  0
LINE
  5
F2
330
17
100
AcDbEntity
  8
COTA
 62
4
370
25
100
AcDbLine
 10
7328.979645428367
 20
8535.16146089047
 30
0.0
 11
7380.294719128389
 21
8535.16146089047
 31
0.0
  0
LINE
  5
F3
330
17
100
AcDbEntity
  8
COTA
 62
4
370
25
100
AcDbLine
 10
7328.979645428367
 20
8659.161460890467
 30
0.0
 11
7380.294719128389
 21
8659.161460890467
 31
0.0
  0
LINE
  5
F4
330
17
100
AcDbEntity
  8
COTA
 62
4
370
25
100
AcDbLine
 10
7377.294719128389
 20
8535.16146089047
 30
0.0
 11
7377.294719128389
 21
8659.161460890467
 31
0.0
  0
LINE
  5
F5
330
17
100
AcDbEntity
  8
COTA
 62
0
370
25
100
AcDbLine
 10
7375.794719128389
 20
8536.66146089047
 30
0.0
 11
7378.794719128389
 21
8533.66146089047
 31
0.0
  0
LINE
  5
F6
330
17
100
AcDbEntity
  8
COTA
 62
0
370
25
100
AcDbLine
 10
7378.794719128389
 20
8657.661460890467
 30
0.0
 11
7375.794719128389
 21
8660.661460890467
 31
0.0
  0
LINE
  5
F7
330
17
100
AcDbEntity
  8
COTA
 62
4
370
25
100
AcDbLine
 10
7328.979645428367
 20
8659.161460890467
 30
0.0
 11
7380.294719128426
 21
8659.161460890467
 31
0.0
  0
LINE
  5
F8
330
17
100
AcDbEntity
  8
COTA
 62
4
370
25
100
AcDbLine
 10
7328.979645428367
 20
8775.16146089047
 30
0.0
 11
7380.294719128426
 21
8775.16146089047
 31
0.0
  0
LINE
  5
F9
330
17
100
AcDbEntity
  8
COTA
 62
4
370
25
100
AcDbLine
 10
7377.294719128426
 20
8659.161460890467
 30
0.0
 11
7377.294719128426
 21
8775.16146089047
 31
0.0
  0
LINE
  5
FA
330
17
100
AcDbEntity
  8
COTA
 62
0
370
25
100
AcDbLine
 10
7375.794719128426
 20
8660.661460890467
 30
0.0
 11
7378.794719128426
 21
8657.661460890467
 31
0.0
  0
LINE
  5
FB
330
17
100
AcDbEntity
  8
COTA
 62
0
370
25
100
AcDbLine
 10
7378.794719128426
 20
8773.66146089047
 30
0.0
 11
7375.794719128426
 21
8776.66146089047
 31
0.0
  0
LINE
  5
FC
330
17
100
AcDbEntity
  8
COTA
 62
4
370
25
100
AcDbLine
 10
7530.705354267036
 20
8535.16146089047
 30
0.0
 11
7568.546297449164
 21
8535.16146089047
 31
0.0
  0
LINE
  5
FD
330
17
100
AcDbEntity
  8
COTA
 62
4
370
25
100
AcDbLine
 10
7530.705354267036
 20
8659.161460890467
 30
0.0
 11
7568.546297449164
 21
8659.161460890467
 31
0.0
  0
LINE
  5
FE
330
17
100
AcDbEntity
  8
COTA
 62
4
370
25
100
AcDbLine
 10
7565.546297449164
 20
8535.16146089047
 30
0.0
 11
7565.546297449164
 21
8659.161460890467
 31
0.0
  0
LINE
  5
FF
330
17
100
AcDbEntity
  8
COTA
 62
0
370
25
100
AcDbLine
 10
7564.046297449164
 20
8536.66146089047
 30
0.0
 11
7567.046297449164
 21
8533.66146089047
 31
0.0
  0
LINE
  5
100
330
17
100
AcDbEntity
  8
COTA
 62
0
370
25
100
AcDbLine
 10
7567.046297449164
 20
8657.661460890467
 30
0.0
 11
7564.046297449164
 21
8660.661460890467
 31
0.0
  0
LINE
  5
101
330
17
100
AcDbEntity
  8
COTA
 62
4
370
25
100
AcDbLine
 10
7530.705354267036
 20
8659.161460890467
 30
0.0
 11
7568.546297449192
 21
8659.161460890467
 31
0.0
  0
LINE
  5
102
330
17
100
AcDbEntity
  8
COTA
 62
4
370
25
100
AcDbLine
 10
7530.705354267036
 20
8774.16146089047
 30
0.0
 11
7568.546297449192
 21
8774.16146089047
 31
0.0
  0
LINE
  5
103
330
17
100
AcDbEntity
  8
COTA
 62
4
370
25
100
AcDbLine
 10
7565.546297449192
 20
8659.161460890467
 30
0.0
 11
7565.546297449192
 21
8774.16146089047
 31
0.0
  0
LINE
  5
104
330
17
100
AcDbEntity
  8
COTA
 62
0
370
25
100
AcDbLine
 10
7564.046297449192
 20
8660.661460890467
 30
0.0
 11
7567.046297449192
 21
8657.661460890467
 31
0.0
  0
LINE
  5
105
330
17
100
AcDbEntity
  8
COTA
 62
0
370
25
100
AcDbLine
 10
7567.046297449192
 20
8772.66146089047
 30
0.0
 11
7564.046297449192
 21
8775.66146089047
 31
0.0
  0
LINE
  5
106
330
17
100
AcDbEntity
  8
COTA
 62
4
370
25
100
AcDbLine
 10
7691.966173331363
 20
8774.161460890471
 30
0.0
 11
7737.693919445506
 21
8774.161460890471
 31
0.0
  0
LINE
  5
107
330
17
100
AcDbEntity
  8
COTA
 62
4
370
25
100
AcDbLine
 10
7691.966173331363
 20
8858.16146089047
 30
0.0
 11
7737.693919445506
 21
8858.16146089047
 31
0.0
  0
LINE
  5
108
330
17
100
AcDbEntity
  8
COTA
 62
4
370
25
100
AcDbLine
 10
7734.693919445506
 20
8774.161460890471
 30
0.0
 11
7734.693919445506
 21
8858.16146089047
 31
0.0
  0
LINE
  5
109
330
17
100
AcDbEntity
  8
COTA
 62
0
370
25
100
AcDbLine
 10
7733.193919445506
 20
8775.661460890471
 30
0.0
 11
7736.193919445506
 21
8772.661460890471
 31
0.0
  0
LINE
  5
10A
330
17
100
AcDbEntity
  8
COTA
 62
0
370
25
100
AcDbLine
 10
7736.193919445506
 20
8856.66146089047
 30
0.0
 11
7733.193919445506
 21
8859.66146089047
 31
0.0
  0
LINE
  5
10B
330
17
100
AcDbEntity
  8
COTA
 62
4
370
25
100
AcDbLine
 10
7879.057858718265
 20
8774.161460890471
 30
0.0
 11
7924.785604832431
 21
8774.161460890471
 31
0.0
  0
LINE
  5
10C
330
17
100
AcDbEntity
  8
COTA
 62
4
370
25
100
AcDbLine
 10
7879.057858718265
 20
8858.161460890471
 30
0.0
 11
7924.785604832431
 21
8858.161460890471
 31
0.0
  0
LINE
  5
10D
330
17
100
AcDbEntity
  8
COTA
 62
4
370
25
100
AcDbLine
 10
7921.785604832431
 20
8774.161460890471
 30
0.0
 11
7921.785604832431
 21
8858.161460890471
 31
0.0
  0
LINE
  5
10E
330
17
100
AcDbEntity
  8
COTA
 62
0
370
25
100
AcDbLine
 10
7920.285604832431
 20
8775.661460890471
 30
0.0
 11
7923.285604832431
 21
8772.661460890471
 31
0.0
  0
LINE
  5
10F
330
17
100
AcDbEntity
  8
COTA
 62
0
370
25
100
AcDbLine
 10
7923.285604832431
 20
8856.661460890471
 30
0.0
 11
7920.285604832431
 21
8859.661460890471
 31
0.0
  0
LINE
  5
110
330
17
100
AcDbEntity
  8
Texto Seção
 62
252
370
15
100
AcDbLine
 10
6823.416752946534
 20
9080.878326210614
 30
0.0
 11
6823.416752946534
 21
9205.878326210614
 31
0.0
  0
LINE
  5
111
330
17
100
AcDbEntity
  8
Hachura
 62
0
370
9
100
AcDbLine
 10
6748.418785497349
 20
9021.817967502751
 30
0.0
 11
6748.418785497349
 21
9022.462889957586
 31
0.0
  0
LINE
  5
112
330
17
100
AcDbEntity
  8
Hachura
 62
0
370
9
100
AcDbLine
 10
6748.418785497349
 20
9022.978827917164
 30
0.0
 11
6750.353552861851
 21
9022.011444234911
 31
0.0
  0
LINE
  5
113
330
17
100
AcDbEntity
  8
Hachura
 62
0
370
9
100
AcDbLine
 10
6748.3461021665025
 20
9022.886185076613
 30
0.0
 11
6750.5117149240605
 21
9021.803378740713
 31
0.0
  0
LINE
  5
114
330
17
100
AcDbEntity
  8
Hachura
 62
0
370
9
100
AcDbLine
 10
6750.453277033638
 20
9021.574628663255
 30
0.0
 11
6748.312699364973
 21
9022.644917519026
 31
0.0
  0
LINE
  5
115
330
17
100
AcDbEntity
  8
Hachura
 62
0
370
9
100
AcDbLine
 10
6750.353552861851
 20
9021.495506275336
 30
0.0
 11
6748.418785497349
 21
9022.462889957586
 31
0.0
  0
LINE
  5
116
330
17
100
AcDbEntity
  8
Hachura
 62
0
370
9
100
AcDbLine
 10
6750.353552861851
 20
9020.850583820502
 30
0.0
 11
6750.353552861851
 21
9021.495506275336
 31
0.0
  0
LINE
  5
117
330
17
100
AcDbEntity
  8
Hachura
 62
0
370
9
100
AcDbLine
 10
6750.353552861851
 20
9019.173785435789
 30
0.0
 11
6750.353552861851
 21
9018.528862980955
 31
0.0
  0
LINE
  5
118
330
17
100
AcDbEntity
  8
Hachura
 62
0
370
9
100
AcDbLine
 10
6750.353552861851
 20
9020.122791201084
 30
0.0
 11
6750.353552861851
 21
9020.3346458502
 31
0.0
  0
LINE
  5
119
330
17
100
AcDbEntity
  8
Hachura
 62
0
370
9
100
AcDbLine
 10
6750.353552861851
 20
9020.122791201084
 30
0.0
 11
6750.353552861851
 21
9019.68972339537
 31
0.0
  0
LINE
  5
11A
330
17
100
AcDbEntity
  8
Hachura
 62
0
370
9
100
AcDbLine
 10
6748.418785497349
 20
9020.657107077619
 30
0.0
 11
6748.418785497349
 21
9021.302029532453
 31
0.0
  0
LINE
  5
11B
330
17
100
AcDbEntity
  8
Hachura
 62
0
370
9
100
AcDbLine
 10
6748.418785497349
 20
9019.496246663204
 30
0.0
 11
6748.418785497349
 21
9020.141169118038
 31
0.0
  0
LINE
  5
11C
330
17
100
AcDbEntity
  8
Hachura
 62
0
370
9
100
AcDbLine
 10
6748.418785497349
 20
9021.817967502751
 30
0.0
 11
6750.353552861851
 21
9020.850583820502
 31
0.0
  0
LINE
  5
11D
330
17
100
AcDbEntity
  8
Hachura
 62
0
370
9
100
AcDbLine
 10
6748.3461021665025
 20
9021.725324651481
 30
0.0
 11
6750.5117149240605
 21
9020.64251831558
 31
0.0
  0
LINE
  5
11E
330
17
100
AcDbEntity
  8
Hachura
 62
0
370
9
100
AcDbLine
 10
6750.453277033638
 20
9020.413768248845
 30
0.0
 11
6748.312699364973
 21
9021.484057093894
 31
0.0
  0
LINE
  5
11F
330
17
100
AcDbEntity
  8
Hachura
 62
0
370
9
100
AcDbLine
 10
6750.353552861851
 20
9020.3346458502
 30
0.0
 11
6748.418785497349
 21
9021.302029532453
 31
0.0
  0
LINE
  5
120
330
17
100
AcDbEntity
  8
Hachura
 62
0
370
9
100
AcDbLine
 10
6748.418785497349
 20
9019.496246663204
 30
0.0
 11
6750.353552861851
 21
9018.528862980955
 31
0.0
  0
LINE
  5
121
330
17
100
AcDbEntity
  8
Hachura
 62
0
370
9
100
AcDbLine
 10
6748.418785497349
 20
9020.657107077619
 30
0.0
 11
6750.353552861851
 21
9019.68972339537
 31
0.0
  0
LINE
  5
122
330
17
100
AcDbEntity
  8
Hachura
 62
0
370
9
100
AcDbLine
 10
6748.3461021665025
 20
9020.564464237066
 30
0.0
 11
6750.5117149240605
 21
9019.481657901166
 31
0.0
  0
LINE
  5
123
330
17
100
AcDbEntity
  8
Hachura
 62
0
370
9
100
AcDbLine
 10
6750.453277033638
 20
9019.25290783443
 30
0.0
 11
6748.312699364973
 21
9020.32319667948
 31
0.0
  0
LINE
  5
124
330
17
100
AcDbEntity
  8
Hachura
 62
0
370
9
100
AcDbLine
 10
6750.353552861851
 20
9019.173785435789
 30
0.0
 11
6748.418785497349
 21
9020.141169118038
 31
0.0
  0
LINE
  5
125
330
17
100
AcDbEntity
  8
Hachura
 62
0
370
9
100
AcDbLine
 10
6750.0957911914165
 20
9023.301185505983
 30
0.0
 11
6750.353552861851
 21
9023.172304649326
 31
0.0
  0
LINE
  5
126
330
17
100
AcDbEntity
  8
Hachura
 62
0
370
9
100
AcDbLine
 10
6749.837822200907
 20
9023.301185505983
 30
0.0
 11
6750.5117149240605
 21
9022.964239144405
 31
0.0
  0
LINE
  5
127
330
17
100
AcDbEntity
  8
Hachura
 62
0
370
9
100
AcDbLine
 10
6750.351761076131
 20
9023.2995754094
 30
0.0
 11
6750.029299848714
 21
9023.622036658258
 31
0.0
  0
LINE
  5
128
330
17
100
AcDbEntity
  8
Hachura
 62
0
370
9
100
AcDbLine
 10
6750.353552861851
 20
9022.656366689745
 30
0.0
 11
6750.353552861851
 21
9022.011444234911
 31
0.0
  0
LINE
  5
129
330
17
100
AcDbEntity
  8
Hachura
 62
0
370
9
100
AcDbLine
 10
6748.418785497349
 20
9022.978827917164
 30
0.0
 11
6748.418785497349
 21
9023.301185505983
 31
0.0
  0
LINE
  5
12A
330
17
100
AcDbEntity
  8
Hachura
 62
0
370
9
100
AcDbLine
 10
6748.416908210857
 20
9023.29957543084
 30
0.0
 11
6748.739454939046
 21
9023.622036658258
 31
0.0
  0
LINE
  5
12B
330
17
100
AcDbEntity
  8
Hachura
 62
0
370
9
100
AcDbLine
 10
6748.418785497349
 20
9021.090174872616
 30
0.0
 11
6748.418785497349
 21
9021.30202952173
 31
0.0
  0
LINE
  5
12C
330
17
100
AcDbEntity
  8
Hachura
 62
0
370
9
100
AcDbLine
 10
6750.453277033638
 20
9022.73548907767
 30
0.0
 11
6749.321884219889
 21
9023.301185505983
 31
0.0
  0
LINE
  5
12D
330
17
100
AcDbEntity
  8
Hachura
 62
0
370
9
100
AcDbLine
 10
6750.353552861851
 20
9022.656366689745
 30
0.0
 11
6749.063915272259
 21
9023.301185505983
 31
0.0
  0
LINE
  5
12E
330
17
100
AcDbEntity
  8
Hachura
 62
0
370
9
100
AcDbLine
 10
6748.739454939046
 20
9023.622036658258
 30
0.0
 11
6750.029299848714
 21
9023.622036658258
 31
0.0
  0
LINE
  5
12F
330
17
100
AcDbEntity
  8
Hachura
 62
0
370
9
100
AcDbLine
 10
6748.418785497349
 20
9022.978827917164
 30
0.0
 11
6750.353552861851
 21
9022.011444234911
 31
0.0
  0
LINE
  5
130
330
17
100
AcDbEntity
  8
Hachura
 62
0
370
9
100
AcDbLine
 10
6750.351761076131
 20
9023.2995754094
 30
0.0
 11
6748.4169937116285
 21
9023.2995754094
 31
0.0
  0
LINE
  5
131
330
17
100
AcDbEntity
  8
Hachura
 62
0
370
9
100
AcDbLine
 10
6754.947116353976
 20
9011.821669452826
 30
0.0
 11
6747.132454609345
 21
9011.821669452826
 31
0.0
  0
LINE
  5
132
330
17
100
AcDbEntity
  8
Hachura
 62
0
370
9
100
AcDbLine
 10
6751.127459833378
 20
9018.528862980955
 30
0.0
 11
6747.773863042515
 21
9018.528862980955
 31
0.0
  0
LINE
  5
133
330
17
100
AcDbEntity
  8
Hachura
 62
0
370
9
100
AcDbLine
 10
6751.127459833378
 20
9018.461146123627
 30
0.0
 11
6747.773863042515
 21
9018.461146123627
 31
0.0
  0
LINE
  5
134
330
17
100
AcDbEntity
  8
Hachura
 62
0
370
9
100
AcDbLine
 10
6747.515894094883
 20
9015.304250706786
 30
0.0
 11
6751.385428823888
 21
9015.304250706786
 31
0.0
  0
LINE
  5
135
330
17
100
AcDbEntity
  8
Hachura
 62
0
370
9
100
AcDbLine
 10
6743.001436911047
 20
9012.72456088745
 30
0.0
 11
6755.899886007725
 21
9012.72456088745
 31
0.0
  0
LINE
  5
136
330
17
100
AcDbEntity
  8
Hachura
 62
0
370
9
100
AcDbLine
 10
6755.899886007725
 20
9011.821669452826
 30
0.0
 11
6743.00497867544
 21
9011.821669452826
 31
0.0
  0
LINE
  5
137
330
17
100
AcDbEntity
  8
Hachura
 62
0
370
9
100
AcDbLine
 10
6748.8057390045515
 20
9018.528862980955
 30
0.0
 11
6748.8057390045515
 21
9015.304250706786
 31
0.0
  0
LINE
  5
138
330
17
100
AcDbEntity
  8
Hachura
 62
0
370
9
100
AcDbLine
 10
6747.773863042515
 20
9018.528862980955
 30
0.0
 11
6747.773863042515
 21
9015.304250706786
 31
0.0
  0
LINE
  5
139
330
17
100
AcDbEntity
  8
Hachura
 62
0
370
9
100
AcDbLine
 10
6749.450661459386
 20
9012.72456088745
 30
0.0
 11
6747.515894094883
 21
9012.72456088745
 31
0.0
  0
LINE
  5
13A
330
17
100
AcDbEntity
  8
Hachura
 62
0
370
9
100
AcDbLine
 10
6748.160816549717
 20
9012.72456088745
 30
0.0
 11
6748.8057390045515
 21
9012.72456088745
 31
0.0
  0
LINE
  5
13B
330
17
100
AcDbEntity
  8
Hachura
 62
0
370
9
100
AcDbLine
 10
6749.445021097024
 20
9012.72456088745
 30
0.0
 11
6749.445021097024
 21
9011.821669452826
 31
0.0
  0
LINE
  5
13C
330
17
100
AcDbEntity
  8
Hachura
 62
0
370
9
100
AcDbLine
 10
6749.138479405676
 20
9012.72456088745
 30
0.0
 11
6749.138479405676
 21
9014.723720076907
 31
0.0
  0
LINE
  5
13D
330
17
100
AcDbEntity
  8
Hachura
 62
0
370
9
100
AcDbLine
 10
6749.654417386695
 20
9014.723720076907
 30
0.0
 11
6749.654417386695
 21
9012.72456088745
 31
0.0
  0
LINE
  5
13E
330
17
100
AcDbEntity
  8
Hachura
 62
0
370
9
100
AcDbLine
 10
6746.410784835653
 20
9012.742835444516
 30
0.0
 11
6746.410784835653
 21
9011.815612769436
 31
0.0
  0
LINE
  5
13F
330
17
100
AcDbEntity
  8
Hachura
 62
0
370
9
100
AcDbLine
 10
6748.491045826638
 20
9011.971715330748
 30
0.0
 11
6748.491045826638
 21
9012.404783136468
 31
0.0
  0
LINE
  5
140
330
17
100
AcDbEntity
  8
Hachura
 62
0
370
9
100
AcDbLine
 10
6747.515894094883
 20
9012.72456088745
 30
0.0
 11
6747.515894094883
 21
9015.304250706786
 31
0.0
  0
LINE
  5
141
330
17
100
AcDbEntity
  8
Hachura
 62
0
370
9
100
AcDbLine
 10
6748.491045826638
 20
9012.404783136468
 30
0.0
 11
6748.491045826638
 21
9012.616637785582
 31
0.0
  0
LINE
  5
142
330
17
100
AcDbEntity
  8
Hachura
 62
0
370
9
100
AcDbLine
 10
6743.00497867544
 20
9011.821669452826
 30
0.0
 11
6743.00497867544
 21
9016.958338034912
 31
0.0
  0
LINE
  5
143
330
17
100
AcDbEntity
  8
Hachura
 62
0
370
9
100
AcDbLine
 10
6744.67823528504
 20
9016.981049091497
 30
0.0
 11
6745.259895359094
 21
9014.770740773645
 31
0.0
  0
LINE
  5
144
330
17
100
AcDbEntity
  8
Hachura
 62
0
370
9
100
AcDbLine
 10
6743.001436911047
 20
9016.981049091497
 30
0.0
 11
6744.67823528504
 21
9016.981049091497
 31
0.0
  0
LINE
  5
145
330
17
100
AcDbEntity
  8
Hachura
 62
0
370
9
100
AcDbLine
 10
6745.571739397467
 20
9014.530343767416
 30
0.0
 11
6747.515894094883
 21
9014.530343767416
 31
0.0
  0
LINE
  5
146
330
17
100
AcDbEntity
  8
Hachura
 62
0
370
9
100
AcDbLine
 10
6743.001436911047
 20
9012.72456088745
 30
0.0
 11
6748.160816549717
 21
9012.72456088745
 31
0.0
  0
LINE
  5
147
330
17
100
AcDbEntity
  8
Hachura
 62
0
370
9
100
AcDbLine
 10
6754.223087590854
 20
9016.981049091497
 30
0.0
 11
6753.6414275168
 21
9014.770740773645
 31
0.0
  0
LINE
  5
148
330
17
100
AcDbEntity
  8
Hachura
 62
0
370
9
100
AcDbLine
 10
6751.127459833378
 20
9015.304250706786
 30
0.0
 11
6751.127459833378
 21
9018.528862980955
 31
0.0
  0
LINE
  5
149
330
17
100
AcDbEntity
  8
Hachura
 62
0
370
9
100
AcDbLine
 10
6750.353552861851
 20
9018.528862980955
 30
0.0
 11
6750.353552861851
 21
9015.304250706786
 31
0.0
  0
LINE
  5
14A
330
17
100
AcDbEntity
  8
Hachura
 62
0
370
9
100
AcDbLine
 10
6752.476799429864
 20
9012.742835444516
 30
0.0
 11
6752.476799429864
 21
9011.821669452826
 31
0.0
  0
LINE
  5
14B
330
17
100
AcDbEntity
  8
Hachura
 62
0
370
9
100
AcDbLine
 10
6750.42581319114
 20
9012.59825986863
 30
0.0
 11
6750.42581319114
 21
9012.165192073631
 31
0.0
  0
LINE
  5
14C
330
17
100
AcDbEntity
  8
Hachura
 62
0
370
9
100
AcDbLine
 10
6753.9090530347285
 20
9012.742835444516
 30
0.0
 11
6753.9090530347285
 21
9011.815612769436
 31
0.0
  0
LINE
  5
14D
330
17
100
AcDbEntity
  8
Hachura
 62
0
370
9
100
AcDbLine
 10
6751.385428823888
 20
9015.304250706786
 30
0.0
 11
6751.385428823888
 21
9012.72456088745
 31
0.0
  0
LINE
  5
14E
330
17
100
AcDbEntity
  8
Hachura
 62
0
370
9
100
AcDbLine
 10
6751.385428823888
 20
9015.304250706786
 30
0.0
 11
6751.127459833378
 21
9015.304250706786
 31
0.0
  0
LINE
  5
14F
330
17
100
AcDbEntity
  8
Hachura
 62
0
370
9
100
AcDbLine
 10
6751.385428823888
 20
9015.304250706786
 30
0.0
 11
6751.127459833378
 21
9015.304250706786
 31
0.0
  0
LINE
  5
150
330
17
100
AcDbEntity
  8
Hachura
 62
0
370
9
100
AcDbLine
 10
6753.329583478424
 20
9014.530343767416
 30
0.0
 11
6751.381546900209
 21
9014.530343767416
 31
0.0
  0
LINE
  5
151
330
17
100
AcDbEntity
  8
Hachura
 62
0
370
9
100
AcDbLine
 10
6755.899886007725
 20
9012.72456088745
 30
0.0
 11
6755.899886007725
 21
9016.981049091497
 31
0.0
  0
LINE
  5
152
330
17
100
AcDbEntity
  8
Hachura
 62
0
370
9
100
AcDbLine
 10
6755.899886007725
 20
9012.72456088745
 30
0.0
 11
6755.899886007725
 21
9011.821669452826
 31
0.0
  0
LINE
  5
153
330
17
100
AcDbEntity
  8
Hachura
 62
0
370
9
100
AcDbLine
 10
6754.751554950931
 20
9012.742835444516
 30
0.0
 11
6754.751554950931
 21
9011.815612769436
 31
0.0
  0
LINE
  5
154
330
17
100
AcDbEntity
  8
Hachura
 62
0
370
9
100
AcDbLine
 10
6755.21493118279
 20
9012.742835444516
 30
0.0
 11
6755.21493118279
 21
9011.815612769436
 31
0.0
  0
LINE
  5
155
330
17
100
AcDbEntity
  8
Hachura
 62
0
370
9
100
AcDbLine
 10
6755.551931914967
 20
9012.742835444516
 30
0.0
 11
6755.551931914967
 21
9011.815612769436
 31
0.0
  0
LINE
  5
156
330
17
100
AcDbEntity
  8
Hachura
 62
0
370
9
100
AcDbLine
 10
6755.762557662012
 20
9012.742835444516
 30
0.0
 11
6755.762557662012
 21
9011.815612769436
 31
0.0
  0
LINE
  5
157
330
17
100
AcDbEntity
  8
Hachura
 62
0
370
9
100
AcDbLine
 10
6755.899886007725
 20
9016.981049091497
 30
0.0
 11
6754.223087590854
 21
9016.981049091497
 31
0.0
  0
LINE
  5
158
330
17
100
AcDbEntity
  8
Hachura
 62
0
370
9
100
AcDbLine
 10
6749.57964591434
 20
9018.528862980955
 30
0.0
 11
6748.312699361375
 21
9019.162336263782
 31
0.0
  0
LINE
  5
159
330
17
100
AcDbEntity
  8
Hachura
 62
0
370
9
100
AcDbLine
 10
6749.321676936522
 20
9018.528862980955
 30
0.0
 11
6748.418785493751
 21
9018.98030870234
 31
0.0
  0
LINE
  5
15A
330
17
100
AcDbEntity
  8
Hachura
 62
0
370
9
100
AcDbLine
 10
6748.41878549375
 20
9018.528862980955
 30
0.0
 11
6748.41878549375
 21
9018.98030870234
 31
0.0
  0
LINE
  5
15B
330
17
100
AcDbEntity
  8
Hachura
 62
0
370
9
100
AcDbLine
 10
6744.995811648437
 20
9012.742835444516
 30
0.0
 11
6744.995811648437
 21
9011.815612769436
 31
0.0
  0
LINE
  5
15C
330
17
100
AcDbEntity
  8
Hachura
 62
0
370
9
100
AcDbLine
 10
6744.153309732234
 20
9012.742835444516
 30
0.0
 11
6744.153309732234
 21
9011.815612769436
 31
0.0
  0
LINE
  5
15D
330
17
100
AcDbEntity
  8
Hachura
 62
0
370
9
100
AcDbLine
 10
6743.689933500375
 20
9012.742835444516
 30
0.0
 11
6743.689933500375
 21
9011.815612769436
 31
0.0
  0
LINE
  5
15E
330
17
100
AcDbEntity
  8
Hachura
 62
0
370
9
100
AcDbLine
 10
6743.352932768198
 20
9012.742835444516
 30
0.0
 11
6743.352932768198
 21
9011.815612769436
 31
0.0
  0
LINE
  5
15F
330
17
100
AcDbEntity
  8
Hachura
 62
0
370
9
100
AcDbLine
 10
6743.142307021153
 20
9012.742835444516
 30
0.0
 11
6743.142307021153
 21
9011.815612769436
 31
0.0
  0
LINE
  5
160
330
17
100
AcDbEntity
  8
Hachura
 62
0
370
9
100
AcDbLine
 10
6748.419407761517
 20
8835.82537148078
 30
0.0
 11
6748.419407761517
 21
8835.180449025946
 31
0.0
  0
LINE
  5
161
330
17
100
AcDbEntity
  8
Hachura
 62
0
370
9
100
AcDbLine
 10
6748.419407761517
 20
8834.664511066367
 30
0.0
 11
6750.354175126019
 21
8835.63189474862
 31
0.0
  0
LINE
  5
162
330
17
100
AcDbEntity
  8
Hachura
 62
0
370
9
100
AcDbLine
 10
6748.34672443067
 20
8834.757153906918
 30
0.0
 11
6750.512337188228
 21
8835.839960242818
 31
0.0
  0
LINE
  5
163
330
17
100
AcDbEntity
  8
Hachura
 62
0
370
9
100
AcDbLine
 10
6750.453899297806
 20
8836.068710320276
 30
0.0
 11
6748.313321629141
 21
8834.998421464505
 31
0.0
  0
LINE
  5
164
330
17
100
AcDbEntity
  8
Hachura
 62
0
370
9
100
AcDbLine
 10
6750.354175126019
 20
8836.147832708195
 30
0.0
 11
6748.419407761517
 21
8835.180449025946
 31
0.0
  0
LINE
  5
165
330
17
100
AcDbEntity
  8
Hachura
 62
0
370
9
100
AcDbLine
 10
6750.354175126019
 20
8836.79275516303
 30
0.0
 11
6750.354175126019
 21
8836.147832708195
 31
0.0
  0
LINE
  5
166
330
17
100
AcDbEntity
  8
Hachura
 62
0
370
9
100
AcDbLine
 10
6750.354175126019
 20
8838.469553547742
 30
0.0
 11
6750.354175126019
 21
8839.114476002576
 31
0.0
  0
LINE
  5
167
330
17
100
AcDbEntity
  8
Hachura
 62
0
370
9
100
AcDbLine
 10
6750.354175126019
 20
8837.520547782447
 30
0.0
 11
6750.354175126019
 21
8837.308693133331
 31
0.0
  0
LINE
  5
168
330
17
100
AcDbEntity
  8
Hachura
 62
0
370
9
100
AcDbLine
 10
6750.354175126019
 20
8837.520547782447
 30
0.0
 11
6750.354175126019
 21
8837.953615588161
 31
0.0
  0
LINE
  5
169
330
17
100
AcDbEntity
  8
Hachura
 62
0
370
9
100
AcDbLine
 10
6748.419407761517
 20
8836.986231905912
 30
0.0
 11
6748.419407761517
 21
8836.341309451078
 31
0.0
  0
LINE
  5
16A
330
17
100
AcDbEntity
  8
Hachura
 62
0
370
9
100
AcDbLine
 10
6748.419407761517
 20
8838.147092320327
 30
0.0
 11
6748.419407761517
 21
8837.502169865493
 31
0.0
  0
LINE
  5
16B
330
17
100
AcDbEntity
  8
Hachura
 62
0
370
9
100
AcDbLine
 10
6748.419407761517
 20
8835.82537148078
 30
0.0
 11
6750.354175126019
 21
8836.79275516303
 31
0.0
  0
LINE
  5
16C
330
17
100
AcDbEntity
  8
Hachura
 62
0
370
9
100
AcDbLine
 10
6748.34672443067
 20
8835.91801433205
 30
0.0
 11
6750.512337188228
 21
8837.00082066795
 31
0.0
  0
LINE
  5
16D
330
17
100
AcDbEntity
  8
Hachura
 62
0
370
9
100
AcDbLine
 10
6750.453899297806
 20
8837.229570734686
 30
0.0
 11
6748.313321629141
 21
8836.159281889637
 31
0.0
  0
LINE
  5
16E
330
17
100
AcDbEntity
  8
Hachura
 62
0
370
9
100
AcDbLine
 10
6750.354175126019
 20
8837.308693133331
 30
0.0
 11
6748.419407761517
 21
8836.341309451078
 31
0.0
  0
LINE
  5
16F
330
17
100
AcDbEntity
  8
Hachura
 62
0
370
9
100
AcDbLine
 10
6748.419407761517
 20
8838.147092320327
 30
0.0
 11
6750.354175126019
 21
8839.114476002576
 31
0.0
  0
LINE
  5
170
330
17
100
AcDbEntity
  8
Hachura
 62
0
370
9
100
AcDbLine
 10
6748.419407761517
 20
8836.986231905912
 30
0.0
 11
6750.354175126019
 21
8837.953615588161
 31
0.0
  0
LINE
  5
171
330
17
100
AcDbEntity
  8
Hachura
 62
0
370
9
100
AcDbLine
 10
6748.34672443067
 20
8837.078874746465
 30
0.0
 11
6750.512337188228
 21
8838.161681082365
 31
0.0
  0
LINE
  5
172
330
17
100
AcDbEntity
  8
Hachura
 62
0
370
9
100
AcDbLine
 10
6750.453899297806
 20
8838.3904311491
 30
0.0
 11
6748.313321629141
 21
8837.320142304052
 31
0.0
  0
LINE
  5
173
330
17
100
AcDbEntity
  8
Hachura
 62
0
370
9
100
AcDbLine
 10
6750.354175126019
 20
8838.469553547742
 30
0.0
 11
6748.419407761517
 21
8837.502169865493
 31
0.0
  0
LINE
  5
174
330
17
100
AcDbEntity
  8
Hachura
 62
0
370
9
100
AcDbLine
 10
6750.096413455584
 20
8834.342153477548
 30
0.0
 11
6750.354175126019
 21
8834.471034334205
 31
0.0
  0
LINE
  5
175
330
17
100
AcDbEntity
  8
Hachura
 62
0
370
9
100
AcDbLine
 10
6749.838444465075
 20
8834.342153477548
 30
0.0
 11
6750.512337188228
 21
8834.679099839126
 31
0.0
  0
LINE
  5
176
330
17
100
AcDbEntity
  8
Hachura
 62
0
370
9
100
AcDbLine
 10
6750.352383340299
 20
8834.34376357413
 30
0.0
 11
6750.029922112882
 21
8834.021302325273
 31
0.0
  0
LINE
  5
177
330
17
100
AcDbEntity
  8
Hachura
 62
0
370
9
100
AcDbLine
 10
6750.354175126019
 20
8834.986972293786
 30
0.0
 11
6750.354175126019
 21
8835.63189474862
 31
0.0
  0
LINE
  5
178
330
17
100
AcDbEntity
  8
Hachura
 62
0
370
9
100
AcDbLine
 10
6748.419407761517
 20
8834.664511066367
 30
0.0
 11
6748.419407761517
 21
8834.342153477548
 31
0.0
  0
LINE
  5
179
330
17
100
AcDbEntity
  8
Hachura
 62
0
370
9
100
AcDbLine
 10
6748.417530475025
 20
8834.343763552692
 30
0.0
 11
6748.740077203213
 21
8834.021302325273
 31
0.0
  0
LINE
  5
17A
330
17
100
AcDbEntity
  8
Hachura
 62
0
370
9
100
AcDbLine
 10
6748.419407761517
 20
8836.553164110916
 30
0.0
 11
6748.419407761517
 21
8836.3413094618
 31
0.0
  0
LINE
  5
17B
330
17
100
AcDbEntity
  8
Hachura
 62
0
370
9
100
AcDbLine
 10
6750.453899297806
 20
8834.907849905861
 30
0.0
 11
6749.322506484057
 21
8834.342153477548
 31
0.0
  0
LINE
  5
17C
330
17
100
AcDbEntity
  8
Hachura
 62
0
370
9
100
AcDbLine
 10
6750.354175126019
 20
8834.986972293786
 30
0.0
 11
6749.0645375364265
 21
8834.342153477548
 31
0.0
  0
LINE
  5
17D
330
17
100
AcDbEntity
  8
Hachura
 62
0
370
9
100
AcDbLine
 10
6748.740077203213
 20
8834.021302325273
 30
0.0
 11
6750.029922112882
 21
8834.021302325273
 31
0.0
  0
LINE
  5
17E
330
17
100
AcDbEntity
  8
Hachura
 62
0
370
9
100
AcDbLine
 10
6748.419407761517
 20
8834.664511066367
 30
0.0
 11
6750.354175126019
 21
8835.63189474862
 31
0.0
  0
LINE
  5
17F
330
17
100
AcDbEntity
  8
Hachura
 62
0
370
9
100
AcDbLine
 10
6750.352383340299
 20
8834.34376357413
 30
0.0
 11
6748.417615975796
 21
8834.34376357413
 31
0.0
  0
LINE
  5
180
330
17
100
AcDbEntity
  8
Hachura
 62
0
370
9
100
AcDbLine
 10
6754.947738618143
 20
8845.821669530706
 30
0.0
 11
6747.133076873512
 21
8845.821669530706
 31
0.0
  0
LINE
  5
181
330
17
100
AcDbEntity
  8
Hachura
 62
0
370
9
100
AcDbLine
 10
6751.128082097546
 20
8839.114476002576
 30
0.0
 11
6747.774485306682
 21
8839.114476002576
 31
0.0
  0
LINE
  5
182
330
17
100
AcDbEntity
  8
Hachura
 62
0
370
9
100
AcDbLine
 10
6751.128082097546
 20
8839.182192859904
 30
0.0
 11
6747.774485306682
 21
8839.182192859904
 31
0.0
  0
LINE
  5
183
330
17
100
AcDbEntity
  8
Hachura
 62
0
370
9
100
AcDbLine
 10
6747.516516359051
 20
8842.339088276745
 30
0.0
 11
6751.386051088056
 21
8842.339088276745
 31
0.0
  0
LINE
  5
184
330
17
100
AcDbEntity
  8
Hachura
 62
0
370
9
100
AcDbLine
 10
6743.0020591752145
 20
8844.918778096082
 30
0.0
 11
6755.900508271893
 21
8844.918778096082
 31
0.0
  0
LINE
  5
185
330
17
100
AcDbEntity
  8
Hachura
 62
0
370
9
100
AcDbLine
 10
6755.900508271893
 20
8845.821669530706
 30
0.0
 11
6743.005600939608
 21
8845.821669530706
 31
0.0
  0
LINE
  5
186
330
17
100
AcDbEntity
  8
Hachura
 62
0
370
9
100
AcDbLine
 10
6748.806361268719
 20
8839.114476002576
 30
0.0
 11
6748.806361268719
 21
8842.339088276745
 31
0.0
  0
LINE
  5
187
330
17
100
AcDbEntity
  8
Hachura
 62
0
370
9
100
AcDbLine
 10
6747.774485306682
 20
8839.114476002576
 30
0.0
 11
6747.774485306682
 21
8842.339088276745
 31
0.0
  0
LINE
  5
188
330
17
100
AcDbEntity
  8
Hachura
 62
0
370
9
100
AcDbLine
 10
6749.451283723553
 20
8844.918778096082
 30
0.0
 11
6747.516516359051
 21
8844.918778096082
 31
0.0
  0
LINE
  5
189
330
17
100
AcDbEntity
  8
Hachura
 62
0
370
9
100
AcDbLine
 10
6748.161438813885
 20
8844.918778096082
 30
0.0
 11
6748.806361268719
 21
8844.918778096082
 31
0.0
  0
LINE
  5
18A
330
17
100
AcDbEntity
  8
Hachura
 62
0
370
9
100
AcDbLine
 10
6749.445643361192
 20
8844.918778096082
 30
0.0
 11
6749.445643361192
 21
8845.821669530706
 31
0.0
  0
LINE
  5
18B
330
17
100
AcDbEntity
  8
Hachura
 62
0
370
9
100
AcDbLine
 10
6749.1391016698435
 20
8844.918778096082
 30
0.0
 11
6749.1391016698435
 21
8842.919618906624
 31
0.0
  0
LINE
  5
18C
330
17
100
AcDbEntity
  8
Hachura
 62
0
370
9
100
AcDbLine
 10
6749.655039650863
 20
8842.919618906624
 30
0.0
 11
6749.655039650863
 21
8844.918778096082
 31
0.0
  0
LINE
  5
18D
330
17
100
AcDbEntity
  8
Hachura
 62
0
370
9
100
AcDbLine
 10
6746.411407099821
 20
8844.900503539015
 30
0.0
 11
6746.411407099821
 21
8845.827726214095
 31
0.0
  0
LINE
  5
18E
330
17
100
AcDbEntity
  8
Hachura
 62
0
370
9
100
AcDbLine
 10
6748.491668090805
 20
8845.671623652783
 30
0.0
 11
6748.491668090805
 21
8845.238555847063
 31
0.0
  0
LINE
  5
18F
330
17
100
AcDbEntity
  8
Hachura
 62
0
370
9
100
AcDbLine
 10
6747.516516359051
 20
8844.918778096082
 30
0.0
 11
6747.516516359051
 21
8842.339088276745
 31
0.0
  0
LINE
  5
190
330
17
100
AcDbEntity
  8
Hachura
 62
0
370
9
100
AcDbLine
 10
6748.491668090805
 20
8845.238555847063
 30
0.0
 11
6748.491668090805
 21
8845.026701197949
 31
0.0
  0
LINE
  5
191
330
17
100
AcDbEntity
  8
Hachura
 62
0
370
9
100
AcDbLine
 10
6743.005600939608
 20
8845.821669530706
 30
0.0
 11
6743.005600939608
 21
8840.685000948619
 31
0.0
  0
LINE
  5
192
330
17
100
AcDbEntity
  8
Hachura
 62
0
370
9
100
AcDbLine
 10
6744.678857549207
 20
8840.662289892034
 30
0.0
 11
6745.260517623262
 21
8842.872598209886
 31
0.0
  0
LINE
  5
193
330
17
100
AcDbEntity
  8
Hachura
 62
0
370
9
100
AcDbLine
 10
6743.0020591752145
 20
8840.662289892034
 30
0.0
 11
6744.678857549207
 21
8840.662289892034
 31
0.0
  0
LINE
  5
194
330
17
100
AcDbEntity
  8
Hachura
 62
0
370
9
100
AcDbLine
 10
6745.572361661635
 20
8843.112995216115
 30
0.0
 11
6747.516516359051
 21
8843.112995216115
 31
0.0
  0
LINE
  5
195
330
17
100
AcDbEntity
  8
Hachura
 62
0
370
9
100
AcDbLine
 10
6743.0020591752145
 20
8844.918778096082
 30
0.0
 11
6748.161438813885
 21
8844.918778096082
 31
0.0
  0
LINE
  5
196
330
17
100
AcDbEntity
  8
Hachura
 62
0
370
9
100
AcDbLine
 10
6754.223709855022
 20
8840.662289892034
 30
0.0
 11
6753.642049780968
 21
8842.872598209886
 31
0.0
  0
LINE
  5
197
330
17
100
AcDbEntity
  8
Hachura
 62
0
370
9
100
AcDbLine
 10
6751.128082097546
 20
8842.339088276745
 30
0.0
 11
6751.128082097546
 21
8839.114476002576
 31
0.0
  0
LINE
  5
198
330
17
100
AcDbEntity
  8
Hachura
 62
0
370
9
100
AcDbLine
 10
6750.354175126019
 20
8839.114476002576
 30
0.0
 11
6750.354175126019
 21
8842.339088276745
 31
0.0
  0
LINE
  5
199
330
17
100
AcDbEntity
  8
Hachura
 62
0
370
9
100
AcDbLine
 10
6752.477421694031
 20
8844.900503539015
 30
0.0
 11
6752.477421694031
 21
8845.821669530706
 31
0.0
  0
LINE
  5
19A
330
17
100
AcDbEntity
  8
Hachura
 62
0
370
9
100
AcDbLine
 10
6750.426435455308
 20
8845.045079114901
 30
0.0
 11
6750.426435455308
 21
8845.4781469099
 31
0.0
  0
LINE
  5
19B
330
17
100
AcDbEntity
  8
Hachura
 62
0
370
9
100
AcDbLine
 10
6753.909675298896
 20
8844.900503539015
 30
0.0
 11
6753.909675298896
 21
8845.827726214095
 31
0.0
  0
LINE
  5
19C
330
17
100
AcDbEntity
  8
Hachura
 62
0
370
9
100
AcDbLine
 10
6751.386051088056
 20
8842.339088276745
 30
0.0
 11
6751.386051088056
 21
8844.918778096082
 31
0.0
  0
LINE
  5
19D
330
17
100
AcDbEntity
  8
Hachura
 62
0
370
9
100
AcDbLine
 10
6751.386051088056
 20
8842.339088276745
 30
0.0
 11
6751.128082097546
 21
8842.339088276745
 31
0.0
  0
LINE
  5
19E
330
17
100
AcDbEntity
  8
Hachura
 62
0
370
9
100
AcDbLine
 10
6751.386051088056
 20
8842.339088276745
 30
0.0
 11
6751.128082097546
 21
8842.339088276745
 31
0.0
  0
LINE
  5
19F
330
17
100
AcDbEntity
  8
Hachura
 62
0
370
9
100
AcDbLine
 10
6753.330205742592
 20
8843.112995216115
 30
0.0
 11
6751.382169164377
 21
8843.112995216115
 31
0.0
  0
LINE
  5
1A0
330
17
100
AcDbEntity
  8
Hachura
 62
0
370
9
100
AcDbLine
 10
6755.900508271893
 20
8844.918778096082
 30
0.0
 11
6755.900508271893
 21
8840.662289892034
 31
0.0
  0
LINE
  5
1A1
330
17
100
AcDbEntity
  8
Hachura
 62
0
370
9
100
AcDbLine
 10
6755.900508271893
 20
8844.918778096082
 30
0.0
 11
6755.900508271893
 21
8845.821669530706
 31
0.0
  0
LINE
  5
1A2
330
17
100
AcDbEntity
  8
Hachura
 62
0
370
9
100
AcDbLine
 10
6754.7521772150985
 20
8844.900503539015
 30
0.0
 11
6754.7521772150985
 21
8845.827726214095
 31
0.0
  0
LINE
  5
1A3
330
17
100
AcDbEntity
  8
Hachura
 62
0
370
9
100
AcDbLine
 10
6755.2155534469575
 20
8844.900503539015
 30
0.0
 11
6755.2155534469575
 21
8845.827726214095
 31
0.0
  0
LINE
  5
1A4
330
17
100
AcDbEntity
  8
Hachura
 62
0
370
9
100
AcDbLine
 10
6755.552554179135
 20
8844.900503539015
 30
0.0
 11
6755.552554179135
 21
8845.827726214095
 31
0.0
  0
LINE
  5
1A5
330
17
100
AcDbEntity
  8
Hachura
 62
0
370
9
100
AcDbLine
 10
6755.76317992618
 20
8844.900503539015
 30
0.0
 11
6755.76317992618
 21
8845.827726214095
 31
0.0
  0
LINE
  5
1A6
330
17
100
AcDbEntity
  8
Hachura
 62
0
370
9
100
AcDbLine
 10
6755.900508271893
 20
8840.662289892034
 30
0.0
 11
6754.223709855022
 21
8840.662289892034
 31
0.0
  0
LINE
  5
1A7
330
17
100
AcDbEntity
  8
Hachura
 62
0
370
9
100
AcDbLine
 10
6749.580268178508
 20
8839.114476002576
 30
0.0
 11
6748.313321625543
 21
8838.481002719749
 31
0.0
  0
LINE
  5
1A8
330
17
100
AcDbEntity
  8
Hachura
 62
0
370
9
100
AcDbLine
 10
6749.3222992006895
 20
8839.114476002576
 30
0.0
 11
6748.419407757919
 21
8838.663030281192
 31
0.0
  0
LINE
  5
1A9
330
17
100
AcDbEntity
  8
Hachura
 62
0
370
9
100
AcDbLine
 10
6748.419407757918
 20
8839.114476002576
 30
0.0
 11
6748.419407757918
 21
8838.663030281192
 31
0.0
  0
LINE
  5
1AA
330
17
100
AcDbEntity
  8
Hachura
 62
0
370
9
100
AcDbLine
 10
6744.9964339126045
 20
8844.900503539015
 30
0.0
 11
6744.9964339126045
 21
8845.827726214095
 31
0.0
  0
LINE
  5
1AB
330
17
100
AcDbEntity
  8
Hachura
 62
0
370
9
100
AcDbLine
 10
6744.153931996402
 20
8844.900503539015
 30
0.0
 11
6744.153931996402
 21
8845.827726214095
 31
0.0
  0
LINE
  5
1AC
330
17
100
AcDbEntity
  8
Hachura
 62
0
370
9
100
AcDbLine
 10
6743.690555764543
 20
8844.900503539015
 30
0.0
 11
6743.690555764543
 21
8845.827726214095
 31
0.0
  0
LINE
  5
1AD
330
17
100
AcDbEntity
  8
Hachura
 62
0
370
9
100
AcDbLine
 10
6743.353555032366
 20
8844.900503539015
 30
0.0
 11
6743.353555032366
 21
8845.827726214095
 31
0.0
  0
LINE
  5
1AE
330
17
100
AcDbEntity
  8
Hachura
 62
0
370
9
100
AcDbLine
 10
6743.142929285321
 20
8844.900503539015
 30
0.0
 11
6743.142929285321
 21
8845.827726214095
 31
0.0
  0
LINE
  5
1AF
330
17
100
AcDbEntity
  8
Hachura
 62
0
370
9
100
AcDbLine
 10
6825.3831061023
 20
9021.820922207837
 30
0.0
 11
6825.3831061023
 21
9022.46584466267
 31
0.0
  0
LINE
  5
1B0
330
17
100
AcDbEntity
  8
Hachura
 62
0
370
9
100
AcDbLine
 10
6825.3831061023
 20
9022.98178262225
 30
0.0
 11
6827.317873466803
 21
9022.014398939997
 31
0.0
  0
LINE
  5
1B1
330
17
100
AcDbEntity
  8
Hachura
 62
0
370
9
100
AcDbLine
 10
6825.310422771454
 20
9022.889139781699
 30
0.0
 11
6827.476035529012
 21
9021.806333445798
 31
0.0
  0
LINE
  5
1B2
330
17
100
AcDbEntity
  8
Hachura
 62
0
370
9
100
AcDbLine
 10
6827.4175976385895
 20
9021.57758336834
 30
0.0
 11
6825.277019969924
 21
9022.647872224112
 31
0.0
  0
LINE
  5
1B3
330
17
100
AcDbEntity
  8
Hachura
 62
0
370
9
100
AcDbLine
 10
6827.317873466803
 20
9021.498460980421
 30
0.0
 11
6825.3831061023
 21
9022.46584466267
 31
0.0
  0
LINE
  5
1B4
330
17
100
AcDbEntity
  8
Hachura
 62
0
370
9
100
AcDbLine
 10
6827.317873466803
 20
9020.853538525587
 30
0.0
 11
6827.317873466803
 21
9021.498460980421
 31
0.0
  0
LINE
  5
1B5
330
17
100
AcDbEntity
  8
Hachura
 62
0
370
9
100
AcDbLine
 10
6827.317873466803
 20
9019.176740140874
 30
0.0
 11
6827.317873466803
 21
9018.53181768604
 31
0.0
  0
LINE
  5
1B6
330
17
100
AcDbEntity
  8
Hachura
 62
0
370
9
100
AcDbLine
 10
6827.317873466803
 20
9020.125745906169
 30
0.0
 11
6827.317873466803
 21
9020.337600555285
 31
0.0
  0
LINE
  5
1B7
330
17
100
AcDbEntity
  8
Hachura
 62
0
370
9
100
AcDbLine
 10
6827.317873466803
 20
9020.125745906169
 30
0.0
 11
6827.317873466803
 21
9019.692678100455
 31
0.0
  0
LINE
  5
1B8
330
17
100
AcDbEntity
  8
Hachura
 62
0
370
9
100
AcDbLine
 10
6825.3831061023
 20
9020.660061782704
 30
0.0
 11
6825.3831061023
 21
9021.304984237539
 31
0.0
  0
LINE
  5
1B9
330
17
100
AcDbEntity
  8
Hachura
 62
0
370
9
100
AcDbLine
 10
6825.3831061023
 20
9019.49920136829
 30
0.0
 11
6825.3831061023
 21
9020.144123823124
 31
0.0
  0
LINE
  5
1BA
330
17
100
AcDbEntity
  8
Hachura
 62
0
370
9
100
AcDbLine
 10
6825.3831061023
 20
9021.820922207837
 30
0.0
 11
6827.317873466803
 21
9020.853538525587
 31
0.0
  0
LINE
  5
1BB
330
17
100
AcDbEntity
  8
Hachura
 62
0
370
9
100
AcDbLine
 10
6825.310422771454
 20
9021.728279356566
 30
0.0
 11
6827.476035529012
 21
9020.645473020666
 31
0.0
  0
LINE
  5
1BC
330
17
100
AcDbEntity
  8
Hachura
 62
0
370
9
100
AcDbLine
 10
6827.4175976385895
 20
9020.41672295393
 30
0.0
 11
6825.277019969924
 21
9021.48701179898
 31
0.0
  0
LINE
  5
1BD
330
17
100
AcDbEntity
  8
Hachura
 62
0
370
9
100
AcDbLine
 10
6827.317873466803
 20
9020.337600555285
 30
0.0
 11
6825.3831061023
 21
9021.304984237539
 31
0.0
  0
LINE
  5
1BE
330
17
100
AcDbEntity
  8
Hachura
 62
0
370
9
100
AcDbLine
 10
6825.3831061023
 20
9019.49920136829
 30
0.0
 11
6827.317873466803
 21
9018.53181768604
 31
0.0
  0
LINE
  5
1BF
330
17
100
AcDbEntity
  8
Hachura
 62
0
370
9
100
AcDbLine
 10
6825.3831061023
 20
9020.660061782704
 30
0.0
 11
6827.317873466803
 21
9019.692678100455
 31
0.0
  0
LINE
  5
1C0
330
17
100
AcDbEntity
  8
Hachura
 62
0
370
9
100
AcDbLine
 10
6825.310422771454
 20
9020.567418942152
 30
0.0
 11
6827.476035529012
 21
9019.484612606251
 31
0.0
  0
LINE
  5
1C1
330
17
100
AcDbEntity
  8
Hachura
 62
0
370
9
100
AcDbLine
 10
6827.4175976385895
 20
9019.255862539516
 30
0.0
 11
6825.277019969924
 21
9020.326151384565
 31
0.0
  0
LINE
  5
1C2
330
17
100
AcDbEntity
  8
Hachura
 62
0
370
9
100
AcDbLine
 10
6827.317873466803
 20
9019.176740140874
 30
0.0
 11
6825.3831061023
 21
9020.144123823124
 31
0.0
  0
LINE
  5
1C3
330
17
100
AcDbEntity
  8
Hachura
 62
0
370
9
100
AcDbLine
 10
6827.060111796368
 20
9023.304140211068
 30
0.0
 11
6827.317873466803
 21
9023.175259354412
 31
0.0
  0
LINE
  5
1C4
330
17
100
AcDbEntity
  8
Hachura
 62
0
370
9
100
AcDbLine
 10
6826.802142805858
 20
9023.304140211068
 30
0.0
 11
6827.476035529012
 21
9022.96719384949
 31
0.0
  0
LINE
  5
1C5
330
17
100
AcDbEntity
  8
Hachura
 62
0
370
9
100
AcDbLine
 10
6827.316081681082
 20
9023.302530114486
 30
0.0
 11
6826.993620453665
 21
9023.624991363344
 31
0.0
  0
LINE
  5
1C6
330
17
100
AcDbEntity
  8
Hachura
 62
0
370
9
100
AcDbLine
 10
6827.317873466803
 20
9022.65932139483
 30
0.0
 11
6827.317873466803
 21
9022.014398939997
 31
0.0
  0
LINE
  5
1C7
330
17
100
AcDbEntity
  8
Hachura
 62
0
370
9
100
AcDbLine
 10
6825.3831061023
 20
9022.98178262225
 30
0.0
 11
6825.3831061023
 21
9023.304140211068
 31
0.0
  0
LINE
  5
1C8
330
17
100
AcDbEntity
  8
Hachura
 62
0
370
9
100
AcDbLine
 10
6825.381228815809
 20
9023.302530135925
 30
0.0
 11
6825.703775543997
 21
9023.624991363344
 31
0.0
  0
LINE
  5
1C9
330
17
100
AcDbEntity
  8
Hachura
 62
0
370
9
100
AcDbLine
 10
6825.3831061023
 20
9021.0931295777
 30
0.0
 11
6825.3831061023
 21
9021.304984226816
 31
0.0
  0
LINE
  5
1CA
330
17
100
AcDbEntity
  8
Hachura
 62
0
370
9
100
AcDbLine
 10
6827.4175976385895
 20
9022.738443782755
 30
0.0
 11
6826.286204824841
 21
9023.304140211068
 31
0.0
  0
LINE
  5
1CB
330
17
100
AcDbEntity
  8
Hachura
 62
0
370
9
100
AcDbLine
 10
6827.317873466803
 20
9022.65932139483
 30
0.0
 11
6826.02823587721
 21
9023.304140211068
 31
0.0
  0
LINE
  5
1CC
330
17
100
AcDbEntity
  8
Hachura
 62
0
370
9
100
AcDbLine
 10
6825.703775543997
 20
9023.624991363344
 30
0.0
 11
6826.993620453665
 21
9023.624991363344
 31
0.0
  0
LINE
  5
1CD
330
17
100
AcDbEntity
  8
Hachura
 62
0
370
9
100
AcDbLine
 10
6825.3831061023
 20
9022.98178262225
 30
0.0
 11
6827.317873466803
 21
9022.014398939997
 31
0.0
  0
LINE
  5
1CE
330
17
100
AcDbEntity
  8
Hachura
 62
0
370
9
100
AcDbLine
 10
6827.316081681082
 20
9023.302530114486
 30
0.0
 11
6825.38131431658
 21
9023.302530114486
 31
0.0
  0
LINE
  5
1CF
330
17
100
AcDbEntity
  8
Hachura
 62
0
370
9
100
AcDbLine
 10
6831.911436958927
 20
9011.82462415791
 30
0.0
 11
6824.096775214296
 21
9011.82462415791
 31
0.0
  0
LINE
  5
1D0
330
17
100
AcDbEntity
  8
Hachura
 62
0
370
9
100
AcDbLine
 10
6828.09178043833
 20
9018.53181768604
 30
0.0
 11
6824.738183647466
 21
9018.53181768604
 31
0.0
  0
LINE
  5
1D1
330
17
100
AcDbEntity
  8
Hachura
 62
0
370
9
100
AcDbLine
 10
6828.09178043833
 20
9018.464100828713
 30
0.0
 11
6824.738183647466
 21
9018.464100828713
 31
0.0
  0
LINE
  5
1D2
330
17
100
AcDbEntity
  8
Hachura
 62
0
370
9
100
AcDbLine
 10
6824.4802146998345
 20
9015.307205411871
 30
0.0
 11
6828.3497494288395
 21
9015.307205411871
 31
0.0
  0
LINE
  5
1D3
330
17
100
AcDbEntity
  8
Hachura
 62
0
370
9
100
AcDbLine
 10
6819.965757515998
 20
9012.727515592534
 30
0.0
 11
6832.864206612677
 21
9012.727515592534
 31
0.0
  0
LINE
  5
1D4
330
17
100
AcDbEntity
  8
Hachura
 62
0
370
9
100
AcDbLine
 10
6832.864206612677
 20
9011.82462415791
 30
0.0
 11
6819.969299280391
 21
9011.82462415791
 31
0.0
  0
LINE
  5
1D5
330
17
100
AcDbEntity
  8
Hachura
 62
0
370
9
100
AcDbLine
 10
6825.770059609503
 20
9018.53181768604
 30
0.0
 11
6825.770059609503
 21
9015.307205411871
 31
0.0
  0
LINE
  5
1D6
330
17
100
AcDbEntity
  8
Hachura
 62
0
370
9
100
AcDbLine
 10
6824.738183647466
 20
9018.53181768604
 30
0.0
 11
6824.738183647466
 21
9015.307205411871
 31
0.0
  0
LINE
  5
1D7
330
17
100
AcDbEntity
  8
Hachura
 62
0
370
9
100
AcDbLine
 10
6826.414982064337
 20
9012.727515592534
 30
0.0
 11
6824.4802146998345
 21
9012.727515592534
 31
0.0
  0
LINE
  5
1D8
330
17
100
AcDbEntity
  8
Hachura
 62
0
370
9
100
AcDbLine
 10
6825.125137154669
 20
9012.727515592534
 30
0.0
 11
6825.770059609503
 21
9012.727515592534
 31
0.0
  0
LINE
  5
1D9
330
17
100
AcDbEntity
  8
Hachura
 62
0
370
9
100
AcDbLine
 10
6826.409341701976
 20
9012.727515592534
 30
0.0
 11
6826.409341701976
 21
9011.82462415791
 31
0.0
  0
LINE
  5
1DA
330
17
100
AcDbEntity
  8
Hachura
 62
0
370
9
100
AcDbLine
 10
6826.102800010627
 20
9012.727515592534
 30
0.0
 11
6826.102800010627
 21
9014.726674781992
 31
0.0
  0
LINE
  5
1DB
330
17
100
AcDbEntity
  8
Hachura
 62
0
370
9
100
AcDbLine
 10
6826.618737991646
 20
9014.726674781992
 30
0.0
 11
6826.618737991646
 21
9012.727515592534
 31
0.0
  0
LINE
  5
1DC
330
17
100
AcDbEntity
  8
Hachura
 62
0
370
9
100
AcDbLine
 10
6823.375105440605
 20
9012.745790149602
 30
0.0
 11
6823.375105440605
 21
9011.818567474522
 31
0.0
  0
LINE
  5
1DD
330
17
100
AcDbEntity
  8
Hachura
 62
0
370
9
100
AcDbLine
 10
6825.455366431589
 20
9011.974670035834
 30
0.0
 11
6825.455366431589
 21
9012.407737841553
 31
0.0
  0
LINE
  5
1DE
330
17
100
AcDbEntity
  8
Hachura
 62
0
370
9
100
AcDbLine
 10
6824.4802146998345
 20
9012.727515592534
 30
0.0
 11
6824.4802146998345
 21
9015.307205411871
 31
0.0
  0
LINE
  5
1DF
330
17
100
AcDbEntity
  8
Hachura
 62
0
370
9
100
AcDbLine
 10
6825.455366431589
 20
9012.407737841553
 30
0.0
 11
6825.455366431589
 21
9012.619592490668
 31
0.0
  0
LINE
  5
1E0
330
17
100
AcDbEntity
  8
Hachura
 62
0
370
9
100
AcDbLine
 10
6819.969299280391
 20
9011.82462415791
 30
0.0
 11
6819.969299280391
 21
9016.961292739998
 31
0.0
  0
LINE
  5
1E1
330
17
100
AcDbEntity
  8
Hachura
 62
0
370
9
100
AcDbLine
 10
6821.642555889991
 20
9016.984003796582
 30
0.0
 11
6822.2242159640455
 21
9014.77369547873
 31
0.0
  0
LINE
  5
1E2
330
17
100
AcDbEntity
  8
Hachura
 62
0
370
9
100
AcDbLine
 10
6819.965757515998
 20
9016.984003796582
 30
0.0
 11
6821.642555889991
 21
9016.984003796582
 31
0.0
  0
LINE
  5
1E3
330
17
100
AcDbEntity
  8
Hachura
 62
0
370
9
100
AcDbLine
 10
6822.536060002419
 20
9014.533298472501
 30
0.0
 11
6824.4802146998345
 21
9014.533298472501
 31
0.0
  0
LINE
  5
1E4
330
17
100
AcDbEntity
  8
Hachura
 62
0
370
9
100
AcDbLine
 10
6819.965757515998
 20
9012.727515592534
 30
0.0
 11
6825.125137154669
 21
9012.727515592534
 31
0.0
  0
LINE
  5
1E5
330
17
100
AcDbEntity
  8
Hachura
 62
0
370
9
100
AcDbLine
 10
6831.187408195806
 20
9016.984003796582
 30
0.0
 11
6830.605748121751
 21
9014.77369547873
 31
0.0
  0
LINE
  5
1E6
330
17
100
AcDbEntity
  8
Hachura
 62
0
370
9
100
AcDbLine
 10
6828.09178043833
 20
9015.307205411871
 30
0.0
 11
6828.09178043833
 21
9018.53181768604
 31
0.0
  0
LINE
  5
1E7
330
17
100
AcDbEntity
  8
Hachura
 62
0
370
9
100
AcDbLine
 10
6827.317873466803
 20
9018.53181768604
 30
0.0
 11
6827.317873466803
 21
9015.307205411871
 31
0.0
  0
LINE
  5
1E8
330
17
100
AcDbEntity
  8
Hachura
 62
0
370
9
100
AcDbLine
 10
6829.441120034815
 20
9012.745790149602
 30
0.0
 11
6829.441120034815
 21
9011.82462415791
 31
0.0
  0
LINE
  5
1E9
330
17
100
AcDbEntity
  8
Hachura
 62
0
370
9
100
AcDbLine
 10
6827.3901337960915
 20
9012.601214573715
 30
0.0
 11
6827.3901337960915
 21
9012.168146778717
 31
0.0
  0
LINE
  5
1EA
330
17
100
AcDbEntity
  8
Hachura
 62
0
370
9
100
AcDbLine
 10
6830.87337363968
 20
9012.745790149602
 30
0.0
 11
6830.87337363968
 21
9011.818567474522
 31
0.0
  0
LINE
  5
1EB
330
17
100
AcDbEntity
  8
Hachura
 62
0
370
9
100
AcDbLine
 10
6828.3497494288395
 20
9015.307205411871
 30
0.0
 11
6828.3497494288395
 21
9012.727515592534
 31
0.0
  0
LINE
  5
1EC
330
17
100
AcDbEntity
  8
Hachura
 62
0
370
9
100
AcDbLine
 10
6828.3497494288395
 20
9015.307205411871
 30
0.0
 11
6828.09178043833
 21
9015.307205411871
 31
0.0
  0
LINE
  5
1ED
330
17
100
AcDbEntity
  8
Hachura
 62
0
370
9
100
AcDbLine
 10
6828.3497494288395
 20
9015.307205411871
 30
0.0
 11
6828.09178043833
 21
9015.307205411871
 31
0.0
  0
LINE
  5
1EE
330
17
100
AcDbEntity
  8
Hachura
 62
0
370
9
100
AcDbLine
 10
6830.293904083375
 20
9014.533298472501
 30
0.0
 11
6828.345867505161
 21
9014.533298472501
 31
0.0
  0
LINE
  5
1EF
330
17
100
AcDbEntity
  8
Hachura
 62
0
370
9
100
AcDbLine
 10
6832.864206612677
 20
9012.727515592534
 30
0.0
 11
6832.864206612677
 21
9016.984003796582
 31
0.0
  0
LINE
  5
1F0
330
17
100
AcDbEntity
  8
Hachura
 62
0
370
9
100
AcDbLine
 10
6832.864206612677
 20
9012.727515592534
 30
0.0
 11
6832.864206612677
 21
9011.82462415791
 31
0.0
  0
LINE
  5
1F1
330
17
100
AcDbEntity
  8
Hachura
 62
0
370
9
100
AcDbLine
 10
6831.715875555882
 20
9012.745790149602
 30
0.0
 11
6831.715875555882
 21
9011.818567474522
 31
0.0
  0
LINE
  5
1F2
330
17
100
AcDbEntity
  8
Hachura
 62
0
370
9
100
AcDbLine
 10
6832.179251787741
 20
9012.745790149602
 30
0.0
 11
6832.179251787741
 21
9011.818567474522
 31
0.0
  0
LINE
  5
1F3
330
17
100
AcDbEntity
  8
Hachura
 62
0
370
9
100
AcDbLine
 10
6832.516252519918
 20
9012.745790149602
 30
0.0
 11
6832.516252519918
 21
9011.818567474522
 31
0.0
  0
LINE
  5
1F4
330
17
100
AcDbEntity
  8
Hachura
 62
0
370
9
100
AcDbLine
 10
6832.7268782669635
 20
9012.745790149602
 30
0.0
 11
6832.7268782669635
 21
9011.818567474522
 31
0.0
  0
LINE
  5
1F5
330
17
100
AcDbEntity
  8
Hachura
 62
0
370
9
100
AcDbLine
 10
6832.864206612677
 20
9016.984003796582
 30
0.0
 11
6831.187408195806
 21
9016.984003796582
 31
0.0
  0
LINE
  5
1F6
330
17
100
AcDbEntity
  8
Hachura
 62
0
370
9
100
AcDbLine
 10
6826.543966519292
 20
9018.53181768604
 30
0.0
 11
6825.277019966326
 21
9019.165290968867
 31
0.0
  0
LINE
  5
1F7
330
17
100
AcDbEntity
  8
Hachura
 62
0
370
9
100
AcDbLine
 10
6826.285997541473
 20
9018.53181768604
 30
0.0
 11
6825.383106098702
 21
9018.983263407425
 31
0.0
  0
LINE
  5
1F8
330
17
100
AcDbEntity
  8
Hachura
 62
0
370
9
100
AcDbLine
 10
6825.383106098701
 20
9018.53181768604
 30
0.0
 11
6825.383106098701
 21
9018.983263407425
 31
0.0
  0
LINE
  5
1F9
330
17
100
AcDbEntity
  8
Hachura
 62
0
370
9
100
AcDbLine
 10
6821.960132253388
 20
9012.745790149602
 30
0.0
 11
6821.960132253388
 21
9011.818567474522
 31
0.0
  0
LINE
  5
1FA
330
17
100
AcDbEntity
  8
Hachura
 62
0
370
9
100
AcDbLine
 10
6821.117630337186
 20
9012.745790149602
 30
0.0
 11
6821.117630337186
 21
9011.818567474522
 31
0.0
  0
LINE
  5
1FB
330
17
100
AcDbEntity
  8
Hachura
 62
0
370
9
100
AcDbLine
 10
6820.654254105327
 20
9012.745790149602
 30
0.0
 11
6820.654254105327
 21
9011.818567474522
 31
0.0
  0
LINE
  5
1FC
330
17
100
AcDbEntity
  8
Hachura
 62
0
370
9
100
AcDbLine
 10
6820.3172533731495
 20
9012.745790149602
 30
0.0
 11
6820.3172533731495
 21
9011.818567474522
 31
0.0
  0
LINE
  5
1FD
330
17
100
AcDbEntity
  8
Hachura
 62
0
370
9
100
AcDbLine
 10
6820.1066276261045
 20
9012.745790149602
 30
0.0
 11
6820.1066276261045
 21
9011.818567474522
 31
0.0
  0
LINE
  5
1FE
330
17
100
AcDbEntity
  8
Hachura
 62
0
370
9
100
AcDbLine
 10
6825.383728366439
 20
8835.828326185869
 30
0.0
 11
6825.383728366439
 21
8835.183403731035
 31
0.0
  0
LINE
  5
1FF
330
17
100
AcDbEntity
  8
Hachura
 62
0
370
9
100
AcDbLine
 10
6825.383728366439
 20
8834.667465771456
 30
0.0
 11
6827.318495730941
 21
8835.634849453709
 31
0.0
  0
LINE
  5
200
330
17
100
AcDbEntity
  8
Hachura
 62
0
370
9
100
AcDbLine
 10
6825.3110450355925
 20
8834.760108612007
 30
0.0
 11
6827.4766577931505
 21
8835.842914947907
 31
0.0
  0
LINE
  5
201
330
17
100
AcDbEntity
  8
Hachura
 62
0
370
9
100
AcDbLine
 10
6827.418219902728
 20
8836.071665025365
 30
0.0
 11
6825.277642234063
 21
8835.001376169594
 31
0.0
  0
LINE
  5
202
330
17
100
AcDbEntity
  8
Hachura
 62
0
370
9
100
AcDbLine
 10
6827.318495730941
 20
8836.150787413284
 30
0.0
 11
6825.383728366439
 21
8835.183403731035
 31
0.0
  0
LINE
  5
203
330
17
100
AcDbEntity
  8
Hachura
 62
0
370
9
100
AcDbLine
 10
6827.318495730941
 20
8836.795709868118
 30
0.0
 11
6827.318495730941
 21
8836.150787413284
 31
0.0
  0
LINE
  5
204
330
17
100
AcDbEntity
  8
Hachura
 62
0
370
9
100
AcDbLine
 10
6827.318495730941
 20
8838.472508252831
 30
0.0
 11
6827.318495730941
 21
8839.117430707665
 31
0.0
  0
LINE
  5
205
330
17
100
AcDbEntity
  8
Hachura
 62
0
370
9
100
AcDbLine
 10
6827.318495730941
 20
8837.523502487536
 30
0.0
 11
6827.318495730941
 21
8837.31164783842
 31
0.0
  0
LINE
  5
206
330
17
100
AcDbEntity
  8
Hachura
 62
0
370
9
100
AcDbLine
 10
6827.318495730941
 20
8837.523502487536
 30
0.0
 11
6827.318495730941
 21
8837.95657029325
 31
0.0
  0
LINE
  5
207
330
17
100
AcDbEntity
  8
Hachura
 62
0
370
9
100
AcDbLine
 10
6825.383728366439
 20
8836.989186611001
 30
0.0
 11
6825.383728366439
 21
8836.344264156167
 31
0.0
  0
LINE
  5
208
330
17
100
AcDbEntity
  8
Hachura
 62
0
370
9
100
AcDbLine
 10
6825.383728366439
 20
8838.150047025416
 30
0.0
 11
6825.383728366439
 21
8837.505124570582
 31
0.0
  0
LINE
  5
209
330
17
100
AcDbEntity
  8
Hachura
 62
0
370
9
100
AcDbLine
 10
6825.383728366439
 20
8835.828326185869
 30
0.0
 11
6827.318495730941
 21
8836.795709868118
 31
0.0
  0
LINE
  5
20A
330
17
100
AcDbEntity
  8
Hachura
 62
0
370
9
100
AcDbLine
 10
6825.3110450355925
 20
8835.920969037139
 30
0.0
 11
6827.4766577931505
 21
8837.00377537304
 31
0.0
  0
LINE
  5
20B
330
17
100
AcDbEntity
  8
Hachura
 62
0
370
9
100
AcDbLine
 10
6827.418219902728
 20
8837.232525439775
 30
0.0
 11
6825.277642234063
 21
8836.162236594726
 31
0.0
  0
LINE
  5
20C
330
17
100
AcDbEntity
  8
Hachura
 62
0
370
9
100
AcDbLine
 10
6827.318495730941
 20
8837.31164783842
 30
0.0
 11
6825.383728366439
 21
8836.344264156167
 31
0.0
  0
LINE
  5
20D
330
17
100
AcDbEntity
  8
Hachura
 62
0
370
9
100
AcDbLine
 10
6825.383728366439
 20
8838.150047025416
 30
0.0
 11
6827.318495730941
 21
8839.117430707665
 31
0.0
  0
LINE
  5
20E
330
17
100
AcDbEntity
  8
Hachura
 62
0
370
9
100
AcDbLine
 10
6825.383728366439
 20
8836.989186611001
 30
0.0
 11
6827.318495730941
 21
8837.95657029325
 31
0.0
  0
LINE
  5
20F
330
17
100
AcDbEntity
  8
Hachura
 62
0
370
9
100
AcDbLine
 10
6825.3110450355925
 20
8837.081829451554
 30
0.0
 11
6827.4766577931505
 21
8838.164635787454
 31
0.0
  0
LINE
  5
210
330
17
100
AcDbEntity
  8
Hachura
 62
0
370
9
100
AcDbLine
 10
6827.418219902728
 20
8838.39338585419
 30
0.0
 11
6825.277642234063
 21
8837.32309700914
 31
0.0
  0
LINE
  5
211
330
17
100
AcDbEntity
  8
Hachura
 62
0
370
9
100
AcDbLine
 10
6827.318495730941
 20
8838.472508252831
 30
0.0
 11
6825.383728366439
 21
8837.505124570582
 31
0.0
  0
LINE
  5
212
330
17
100
AcDbEntity
  8
Hachura
 62
0
370
9
100
AcDbLine
 10
6827.060734060507
 20
8834.345108182637
 30
0.0
 11
6827.318495730941
 21
8834.473989039294
 31
0.0
  0
LINE
  5
213
330
17
100
AcDbEntity
  8
Hachura
 62
0
370
9
100
AcDbLine
 10
6826.802765069997
 20
8834.345108182637
 30
0.0
 11
6827.4766577931505
 21
8834.682054544215
 31
0.0
  0
LINE
  5
214
330
17
100
AcDbEntity
  8
Hachura
 62
0
370
9
100
AcDbLine
 10
6827.316703945221
 20
8834.34671827922
 30
0.0
 11
6826.994242717804
 21
8834.024257030362
 31
0.0
  0
LINE
  5
215
330
17
100
AcDbEntity
  8
Hachura
 62
0
370
9
100
AcDbLine
 10
6827.318495730941
 20
8834.989926998875
 30
0.0
 11
6827.318495730941
 21
8835.634849453709
 31
0.0
  0
LINE
  5
216
330
17
100
AcDbEntity
  8
Hachura
 62
0
370
9
100
AcDbLine
 10
6825.383728366439
 20
8834.667465771456
 30
0.0
 11
6825.383728366439
 21
8834.345108182637
 31
0.0
  0
LINE
  5
217
330
17
100
AcDbEntity
  8
Hachura
 62
0
370
9
100
AcDbLine
 10
6825.381851079947
 20
8834.34671825778
 30
0.0
 11
6825.704397808136
 21
8834.024257030362
 31
0.0
  0
LINE
  5
218
330
17
100
AcDbEntity
  8
Hachura
 62
0
370
9
100
AcDbLine
 10
6825.383728366439
 20
8836.556118816005
 30
0.0
 11
6825.383728366439
 21
8836.34426416689
 31
0.0
  0
LINE
  5
219
330
17
100
AcDbEntity
  8
Hachura
 62
0
370
9
100
AcDbLine
 10
6827.418219902728
 20
8834.91080461095
 30
0.0
 11
6826.286827088979
 21
8834.345108182637
 31
0.0
  0
LINE
  5
21A
330
17
100
AcDbEntity
  8
Hachura
 62
0
370
9
100
AcDbLine
 10
6827.318495730941
 20
8834.989926998875
 30
0.0
 11
6826.028858141349
 21
8834.345108182637
 31
0.0
  0
LINE
  5
21B
330
17
100
AcDbEntity
  8
Hachura
 62
0
370
9
100
AcDbLine
 10
6825.704397808136
 20
8834.024257030362
 30
0.0
 11
6826.994242717804
 21
8834.024257030362
 31
0.0
  0
LINE
  5
21C
330
17
100
AcDbEntity
  8
Hachura
 62
0
370
9
100
AcDbLine
 10
6825.383728366439
 20
8834.667465771456
 30
0.0
 11
6827.318495730941
 21
8835.634849453709
 31
0.0
  0
LINE
  5
21D
330
17
100
AcDbEntity
  8
Hachura
 62
0
370
9
100
AcDbLine
 10
6827.316703945221
 20
8834.34671827922
 30
0.0
 11
6825.3819365807185
 21
8834.34671827922
 31
0.0
  0
LINE
  5
21E
330
17
100
AcDbEntity
  8
Hachura
 62
0
370
9
100
AcDbLine
 10
6831.912059223066
 20
8845.824624235795
 30
0.0
 11
6824.097397478435
 21
8845.824624235795
 31
0.0
  0
LINE
  5
21F
330
17
100
AcDbEntity
  8
Hachura
 62
0
370
9
100
AcDbLine
 10
6828.0924027024685
 20
8839.117430707665
 30
0.0
 11
6824.738805911605
 21
8839.117430707665
 31
0.0
  0
LINE
  5
220
330
17
100
AcDbEntity
  8
Hachura
 62
0
370
9
100
AcDbLine
 10
6828.0924027024685
 20
8839.185147564993
 30
0.0
 11
6824.738805911605
 21
8839.185147564993
 31
0.0
  0
LINE
  5
221
330
17
100
AcDbEntity
  8
Hachura
 62
0
370
9
100
AcDbLine
 10
6824.480836963973
 20
8842.342042981834
 30
0.0
 11
6828.350371692978
 21
8842.342042981834
 31
0.0
  0
LINE
  5
222
330
17
100
AcDbEntity
  8
Hachura
 62
0
370
9
100
AcDbLine
 10
6819.966379780137
 20
8844.921732801171
 30
0.0
 11
6832.864828876815
 21
8844.921732801171
 31
0.0
  0
LINE
  5
223
330
17
100
AcDbEntity
  8
Hachura
 62
0
370
9
100
AcDbLine
 10
6832.864828876815
 20
8845.824624235795
 30
0.0
 11
6819.96992154453
 21
8845.824624235795
 31
0.0
  0
LINE
  5
224
330
17
100
AcDbEntity
  8
Hachura
 62
0
370
9
100
AcDbLine
 10
6825.7706818736415
 20
8839.117430707665
 30
0.0
 11
6825.7706818736415
 21
8842.342042981834
 31
0.0
  0
LINE
  5
225
330
17
100
AcDbEntity
  8
Hachura
 62
0
370
9
100
AcDbLine
 10
6824.738805911605
 20
8839.117430707665
 30
0.0
 11
6824.738805911605
 21
8842.342042981834
 31
0.0
  0
LINE
  5
226
330
17
100
AcDbEntity
  8
Hachura
 62
0
370
9
100
AcDbLine
 10
6826.415604328476
 20
8844.921732801171
 30
0.0
 11
6824.480836963973
 21
8844.921732801171
 31
0.0
  0
LINE
  5
227
330
17
100
AcDbEntity
  8
Hachura
 62
0
370
9
100
AcDbLine
 10
6825.125759418807
 20
8844.921732801171
 30
0.0
 11
6825.7706818736415
 21
8844.921732801171
 31
0.0
  0
LINE
  5
228
330
17
100
AcDbEntity
  8
Hachura
 62
0
370
9
100
AcDbLine
 10
6826.409963966114
 20
8844.921732801171
 30
0.0
 11
6826.409963966114
 21
8845.824624235795
 31
0.0
  0
LINE
  5
229
330
17
100
AcDbEntity
  8
Hachura
 62
0
370
9
100
AcDbLine
 10
6826.103422274766
 20
8844.921732801171
 30
0.0
 11
6826.103422274766
 21
8842.922573611713
 31
0.0
  0
LINE
  5
22A
330
17
100
AcDbEntity
  8
Hachura
 62
0
370
9
100
AcDbLine
 10
6826.619360255785
 20
8842.922573611713
 30
0.0
 11
6826.619360255785
 21
8844.921732801171
 31
0.0
  0
LINE
  5
22B
330
17
100
AcDbEntity
  8
Hachura
 62
0
370
9
100
AcDbLine
 10
6823.375727704743
 20
8844.903458244104
 30
0.0
 11
6823.375727704743
 21
8845.830680919184
 31
0.0
  0
LINE
  5
22C
330
17
100
AcDbEntity
  8
Hachura
 62
0
370
9
100
AcDbLine
 10
6825.455988695728
 20
8845.674578357872
 30
0.0
 11
6825.455988695728
 21
8845.241510552152
 31
0.0
  0
LINE
  5
22D
330
17
100
AcDbEntity
  8
Hachura
 62
0
370
9
100
AcDbLine
 10
6824.480836963973
 20
8844.921732801171
 30
0.0
 11
6824.480836963973
 21
8842.342042981834
 31
0.0
  0
LINE
  5
22E
330
17
100
AcDbEntity
  8
Hachura
 62
0
370
9
100
AcDbLine
 10
6825.455988695728
 20
8845.241510552152
 30
0.0
 11
6825.455988695728
 21
8845.029655903038
 31
0.0
  0
LINE
  5
22F
330
17
100
AcDbEntity
  8
Hachura
 62
0
370
9
100
AcDbLine
 10
6819.96992154453
 20
8845.824624235795
 30
0.0
 11
6819.96992154453
 21
8840.687955653708
 31
0.0
  0
LINE
  5
230
330
17
100
AcDbEntity
  8
Hachura
 62
0
370
9
100
AcDbLine
 10
6821.64317815413
 20
8840.665244597123
 30
0.0
 11
6822.224838228184
 21
8842.875552914975
 31
0.0
  0
LINE
  5
231
330
17
100
AcDbEntity
  8
Hachura
 62
0
370
9
100
AcDbLine
 10
6819.966379780137
 20
8840.665244597123
 30
0.0
 11
6821.64317815413
 21
8840.665244597123
 31
0.0
  0
LINE
  5
232
330
17
100
AcDbEntity
  8
Hachura
 62
0
370
9
100
AcDbLine
 10
6822.536682266557
 20
8843.115949921204
 30
0.0
 11
6824.480836963973
 21
8843.115949921204
 31
0.0
  0
LINE
  5
233
330
17
100
AcDbEntity
  8
Hachura
 62
0
370
9
100
AcDbLine
 10
6819.966379780137
 20
8844.921732801171
 30
0.0
 11
6825.125759418807
 21
8844.921732801171
 31
0.0
  0
LINE
  5
234
330
17
100
AcDbEntity
  8
Hachura
 62
0
370
9
100
AcDbLine
 10
6831.1880304599445
 20
8840.665244597123
 30
0.0
 11
6830.60637038589
 21
8842.875552914975
 31
0.0
  0
LINE
  5
235
330
17
100
AcDbEntity
  8
Hachura
 62
0
370
9
100
AcDbLine
 10
6828.0924027024685
 20
8842.342042981834
 30
0.0
 11
6828.0924027024685
 21
8839.117430707665
 31
0.0
  0
LINE
  5
236
330
17
100
AcDbEntity
  8
Hachura
 62
0
370
9
100
AcDbLine
 10
6827.318495730941
 20
8839.117430707665
 30
0.0
 11
6827.318495730941
 21
8842.342042981834
 31
0.0
  0
LINE
  5
237
330
17
100
AcDbEntity
  8
Hachura
 62
0
370
9
100
AcDbLine
 10
6829.441742298954
 20
8844.903458244104
 30
0.0
 11
6829.441742298954
 21
8845.824624235795
 31
0.0
  0
LINE
  5
238
330
17
100
AcDbEntity
  8
Hachura
 62
0
370
9
100
AcDbLine
 10
6827.39075606023
 20
8845.04803381999
 30
0.0
 11
6827.39075606023
 21
8845.481101614989
 31
0.0
  0
LINE
  5
239
330
17
100
AcDbEntity
  8
Hachura
 62
0
370
9
100
AcDbLine
 10
6830.8739959038185
 20
8844.903458244104
 30
0.0
 11
6830.8739959038185
 21
8845.830680919184
 31
0.0
  0
LINE
  5
23A
330
17
100
AcDbEntity
  8
Hachura
 62
0
370
9
100
AcDbLine
 10
6828.350371692978
 20
8842.342042981834
 30
0.0
 11
6828.350371692978
 21
8844.921732801171
 31
0.0
  0
LINE
  5
23B
330
17
100
AcDbEntity
  8
Hachura
 62
0
370
9
100
AcDbLine
 10
6828.350371692978
 20
8842.342042981834
 30
0.0
 11
6828.0924027024685
 21
8842.342042981834
 31
0.0
  0
LINE
  5
23C
330
17
100
AcDbEntity
  8
Hachura
 62
0
370
9
100
AcDbLine
 10
6828.350371692978
 20
8842.342042981834
 30
0.0
 11
6828.0924027024685
 21
8842.342042981834
 31
0.0
  0
LINE
  5
23D
330
17
100
AcDbEntity
  8
Hachura
 62
0
370
9
100
AcDbLine
 10
6830.294526347514
 20
8843.115949921204
 30
0.0
 11
6828.346489769299
 21
8843.115949921204
 31
0.0
  0
LINE
  5
23E
330
17
100
AcDbEntity
  8
Hachura
 62
0
370
9
100
AcDbLine
 10
6832.864828876815
 20
8844.921732801171
 30
0.0
 11
6832.864828876815
 21
8840.665244597123
 31
0.0
  0
LINE
  5
23F
330
17
100
AcDbEntity
  8
Hachura
 62
0
370
9
100
AcDbLine
 10
6832.864828876815
 20
8844.921732801171
 30
0.0
 11
6832.864828876815
 21
8845.824624235795
 31
0.0
  0
LINE
  5
240
330
17
100
AcDbEntity
  8
Hachura
 62
0
370
9
100
AcDbLine
 10
6831.716497820021
 20
8844.903458244104
 30
0.0
 11
6831.716497820021
 21
8845.830680919184
 31
0.0
  0
LINE
  5
241
330
17
100
AcDbEntity
  8
Hachura
 62
0
370
9
100
AcDbLine
 10
6832.17987405188
 20
8844.903458244104
 30
0.0
 11
6832.17987405188
 21
8845.830680919184
 31
0.0
  0
LINE
  5
242
330
17
100
AcDbEntity
  8
Hachura
 62
0
370
9
100
AcDbLine
 10
6832.516874784057
 20
8844.903458244104
 30
0.0
 11
6832.516874784057
 21
8845.830680919184
 31
0.0
  0
LINE
  5
243
330
17
100
AcDbEntity
  8
Hachura
 62
0
370
9
100
AcDbLine
 10
6832.727500531102
 20
8844.903458244104
 30
0.0
 11
6832.727500531102
 21
8845.830680919184
 31
0.0
  0
LINE
  5
244
330
17
100
AcDbEntity
  8
Hachura
 62
0
370
9
100
AcDbLine
 10
6832.864828876815
 20
8840.665244597123
 30
0.0
 11
6831.1880304599445
 21
8840.665244597123
 31
0.0
  0
LINE
  5
245
330
17
100
AcDbEntity
  8
Hachura
 62
0
370
9
100
AcDbLine
 10
6826.54458878343
 20
8839.117430707665
 30
0.0
 11
6825.277642230465
 21
8838.483957424838
 31
0.0
  0
LINE
  5
246
330
17
100
AcDbEntity
  8
Hachura
 62
0
370
9
100
AcDbLine
 10
6826.286619805612
 20
8839.117430707665
 30
0.0
 11
6825.383728362841
 21
8838.66598498628
 31
0.0
  0
LINE
  5
247
330
17
100
AcDbEntity
  8
Hachura
 62
0
370
9
100
AcDbLine
 10
6825.38372836284
 20
8839.117430707665
 30
0.0
 11
6825.38372836284
 21
8838.66598498628
 31
0.0
  0
LINE
  5
248
330
17
100
AcDbEntity
  8
Hachura
 62
0
370
9
100
AcDbLine
 10
6821.960754517527
 20
8844.903458244104
 30
0.0
 11
6821.960754517527
 21
8845.830680919184
 31
0.0
  0
LINE
  5
249
330
17
100
AcDbEntity
  8
Hachura
 62
0
370
9
100
AcDbLine
 10
6821.1182526013245
 20
8844.903458244104
 30
0.0
 11
6821.1182526013245
 21
8845.830680919184
 31
0.0
  0
LINE
  5
24A
330
17
100
AcDbEntity
  8
Hachura
 62
0
370
9
100
AcDbLine
 10
6820.6548763694655
 20
8844.903458244104
 30
0.0
 11
6820.6548763694655
 21
8845.830680919184
 31
0.0
  0
LINE
  5
24B
330
17
100
AcDbEntity
  8
Hachura
 62
0
370
9
100
AcDbLine
 10
6820.317875637288
 20
8844.903458244104
 30
0.0
 11
6820.317875637288
 21
8845.830680919184
 31
0.0
  0
LINE
  5
24C
330
17
100
AcDbEntity
  8
Hachura
 62
0
370
9
100
AcDbLine
 10
6820.107249890243
 20
8844.903458244104
 30
0.0
 11
6820.107249890243
 21
8845.830680919184
 31
0.0
  0
LINE
  5
24D
330
17
100
AcDbEntity
  8
Madeira
 62
126
370
18
100
AcDbLine
 10
6879.432133343478
 20
8865.809260708622
 30
0.0
 11
6890.932581389196
 21
8879.821896631012
 31
0.0
  0
LINE
  5
24E
330
17
100
AcDbEntity
  8
Madeira
 62
126
370
18
100
AcDbLine
 10
6879.432133343478
 20
8865.809260708622
 30
0.0
 11
6882.900626278742
 21
8879.81307755043
 31
0.0
  0
LINE
  5
24F
330
17
100
AcDbEntity
  8
Madeira
 62
126
370
18
100
AcDbLine
 10
6879.432133343478
 20
8865.809260708622
 30
0.0
 11
6893.426165765952
 21
8871.251902688196
 31
0.0
  0
LINE
  5
250
330
17
100
AcDbEntity
  8
Madeira
 62
126
370
18
100
AcDbLine
 10
6773.439105349448
 20
8865.828383898617
 30
0.0
 11
6761.907913343633
 21
8879.81573109781
 31
0.0
  0
LINE
  5
251
330
17
100
AcDbEntity
  8
Madeira
 62
126
370
18
100
AcDbLine
 10
6773.439105349448
 20
8865.828383898617
 30
0.0
 11
6769.9398684540865
 21
8879.82455017839
 31
0.0
  0
LINE
  5
252
330
17
100
AcDbEntity
  8
Madeira
 62
126
370
18
100
AcDbLine
 10
6773.439105349448
 20
8865.828383898617
 30
0.0
 11
6759.433154650339
 21
8871.240281918093
 31
0.0
  0
LINE
  5
253
330
17
100
AcDbEntity
  8
Madeira
 62
126
370
18
100
AcDbLine
 10
6822.932222855802
 20
8865.816854952885
 30
0.0
 11
6815.925904901744
 21
8871.567078969887
 31
0.0
  0
LINE
  5
254
330
17
100
AcDbEntity
  8
Madeira
 62
126
370
18
100
AcDbLine
 10
6822.932222855802
 20
8865.816854952885
 30
0.0
 11
6815.93031444203
 21
8867.55110141875
 31
0.0
  0
LINE
  5
255
330
17
100
AcDbEntity
  8
Madeira
 62
126
370
18
100
AcDbLine
 10
6822.932222855802
 20
8865.816854952885
 30
0.0
 11
6817.489580881772
 21
8879.810887361105
 31
0.0
  0
LINE
  5
256
330
17
100
AcDbEntity
  8
Madeira
 62
126
370
18
100
AcDbLine
 10
6879.432133343478
 20
8991.839987629726
 30
0.0
 11
6890.932581389196
 21
8977.827351707336
 31
0.0
  0
LINE
  5
257
330
17
100
AcDbEntity
  8
Madeira
 62
126
370
18
100
AcDbLine
 10
6879.432133343478
 20
8991.839987629726
 30
0.0
 11
6882.900626278742
 21
8977.836170787916
 31
0.0
  0
LINE
  5
258
330
17
100
AcDbEntity
  8
Madeira
 62
126
370
18
100
AcDbLine
 10
6879.432133343478
 20
8991.839987629726
 30
0.0
 11
6893.426165765952
 21
8986.397345650152
 31
0.0
  0
LINE
  5
259
330
17
100
AcDbEntity
  8
Madeira
 62
126
370
18
100
AcDbLine
 10
6773.439105349448
 20
8991.820864439731
 30
0.0
 11
6761.907913343633
 21
8977.833517240539
 31
0.0
  0
LINE
  5
25A
330
17
100
AcDbEntity
  8
Madeira
 62
126
370
18
100
AcDbLine
 10
6773.439105349448
 20
8991.820864439731
 30
0.0
 11
6769.9398684540865
 21
8977.824698159959
 31
0.0
  0
LINE
  5
25B
330
17
100
AcDbEntity
  8
Madeira
 62
126
370
18
100
AcDbLine
 10
6773.439105349448
 20
8991.820864439731
 30
0.0
 11
6759.433154650339
 21
8986.408966420255
 31
0.0
  0
LINE
  5
25C
330
17
100
AcDbEntity
  8
Madeira
 62
126
370
18
100
AcDbLine
 10
6822.932222855802
 20
8991.832393385463
 30
0.0
 11
6815.925904901744
 21
8986.082169368461
 31
0.0
  0
LINE
  5
25D
330
17
100
AcDbEntity
  8
Madeira
 62
126
370
18
100
AcDbLine
 10
6822.932222855802
 20
8991.832393385463
 30
0.0
 11
6815.93031444203
 21
8990.098146919598
 31
0.0
  0
LINE
  5
25E
330
17
100
AcDbEntity
  8
Madeira
 62
126
370
18
100
AcDbLine
 10
6822.932222855802
 20
8991.832393385463
 30
0.0
 11
6817.489580881772
 21
8977.838360977243
 31
0.0
  0
LINE
  5
25F
330
17
100
AcDbEntity
  8
Madeira
 62
126
370
18
100
AcDbLine
 10
6879.400478671588
 20
8935.82010417492
 30
0.0
 11
6890.930370642363
 21
8921.831685326173
 31
0.0
  0
LINE
  5
260
330
17
100
AcDbEntity
  8
Madeira
 62
126
370
18
100
AcDbLine
 10
6879.400478671588
 20
8935.82010417492
 30
0.0
 11
6882.898414746953
 21
8921.823612736222
 31
0.0
  0
LINE
  5
261
330
17
100
AcDbEntity
  8
Madeira
 62
126
370
18
100
AcDbLine
 10
6879.400478671588
 20
8935.82010417492
 30
0.0
 11
6893.405926327944
 21
8930.40690446457
 31
0.0
  0
LINE
  5
262
330
17
100
AcDbEntity
  8
Madeira
 62
126
370
18
100
AcDbLine
 10
6773.424438963317
 20
8935.825028885998
 30
0.0
 11
6761.893246957502
 21
8921.837681686806
 31
0.0
  0
LINE
  5
263
330
17
100
AcDbEntity
  8
Madeira
 62
126
370
18
100
AcDbLine
 10
6773.424438963317
 20
8935.825028885998
 30
0.0
 11
6769.925202067956
 21
8921.828862606224
 31
0.0
  0
LINE
  5
264
330
17
100
AcDbEntity
  8
Madeira
 62
126
370
18
100
AcDbLine
 10
6773.424438963317
 20
8935.825028885998
 30
0.0
 11
6759.4184882642085
 21
8930.413130866522
 31
0.0
  0
LINE
  5
265
330
17
100
AcDbEntity
  8
Hachura
 62
0
370
9
100
AcDbLine
 10
6904.414720395666
 20
9021.81796750277
 30
0.0
 11
6904.414720395666
 21
9022.462889957604
 31
0.0
  0
LINE
  5
266
330
17
100
AcDbEntity
  8
Hachura
 62
0
370
9
100
AcDbLine
 10
6904.414720395666
 20
9022.978827917184
 30
0.0
 11
6902.479953031164
 21
9022.01144423493
 31
0.0
  0
LINE
  5
267
330
17
100
AcDbEntity
  8
Hachura
 62
0
370
9
100
AcDbLine
 10
6904.487403726513
 20
9022.886185076632
 30
0.0
 11
6902.321790968955
 21
9021.80337874073
 31
0.0
  0
LINE
  5
268
330
17
100
AcDbEntity
  8
Hachura
 62
0
370
9
100
AcDbLine
 10
6902.380228859377
 20
9021.574628663273
 30
0.0
 11
6904.520806528042
 21
9022.644917519045
 31
0.0
  0
LINE
  5
269
330
17
100
AcDbEntity
  8
Hachura
 62
0
370
9
100
AcDbLine
 10
6902.479953031164
 20
9021.495506275354
 30
0.0
 11
6904.414720395666
 21
9022.462889957604
 31
0.0
  0
LINE
  5
26A
330
17
100
AcDbEntity
  8
Hachura
 62
0
370
9
100
AcDbLine
 10
6902.479953031165
 20
9020.85058382052
 30
0.0
 11
6902.479953031164
 21
9021.495506275354
 31
0.0
  0
LINE
  5
26B
330
17
100
AcDbEntity
  8
Hachura
 62
0
370
9
100
AcDbLine
 10
6902.479953031165
 20
9019.173785435807
 30
0.0
 11
6902.479953031165
 21
9018.528862980973
 31
0.0
  0
LINE
  5
26C
330
17
100
AcDbEntity
  8
Hachura
 62
0
370
9
100
AcDbLine
 10
6902.479953031165
 20
9020.122791201102
 30
0.0
 11
6902.479953031165
 21
9020.334645850216
 31
0.0
  0
LINE
  5
26D
330
17
100
AcDbEntity
  8
Hachura
 62
0
370
9
100
AcDbLine
 10
6902.479953031165
 20
9020.122791201102
 30
0.0
 11
6902.479953031165
 21
9019.689723395388
 31
0.0
  0
LINE
  5
26E
330
17
100
AcDbEntity
  8
Hachura
 62
0
370
9
100
AcDbLine
 10
6904.414720395667
 20
9020.657107077637
 30
0.0
 11
6904.414720395666
 21
9021.302029532471
 31
0.0
  0
LINE
  5
26F
330
17
100
AcDbEntity
  8
Hachura
 62
0
370
9
100
AcDbLine
 10
6904.414720395667
 20
9019.496246663222
 30
0.0
 11
6904.414720395667
 21
9020.141169118056
 31
0.0
  0
LINE
  5
270
330
17
100
AcDbEntity
  8
Hachura
 62
0
370
9
100
AcDbLine
 10
6904.414720395666
 20
9021.81796750277
 30
0.0
 11
6902.479953031165
 21
9020.85058382052
 31
0.0
  0
LINE
  5
271
330
17
100
AcDbEntity
  8
Hachura
 62
0
370
9
100
AcDbLine
 10
6904.487403726513
 20
9021.7253246515
 30
0.0
 11
6902.321790968956
 21
9020.642518315599
 31
0.0
  0
LINE
  5
272
330
17
100
AcDbEntity
  8
Hachura
 62
0
370
9
100
AcDbLine
 10
6902.380228859378
 20
9020.413768248862
 30
0.0
 11
6904.520806528042
 21
9021.484057093912
 31
0.0
  0
LINE
  5
273
330
17
100
AcDbEntity
  8
Hachura
 62
0
370
9
100
AcDbLine
 10
6902.479953031165
 20
9020.334645850216
 30
0.0
 11
6904.414720395666
 21
9021.302029532471
 31
0.0
  0
LINE
  5
274
330
17
100
AcDbEntity
  8
Hachura
 62
0
370
9
100
AcDbLine
 10
6904.414720395667
 20
9019.496246663222
 30
0.0
 11
6902.479953031165
 21
9018.528862980973
 31
0.0
  0
LINE
  5
275
330
17
100
AcDbEntity
  8
Hachura
 62
0
370
9
100
AcDbLine
 10
6904.414720395667
 20
9020.657107077637
 30
0.0
 11
6902.479953031165
 21
9019.689723395388
 31
0.0
  0
LINE
  5
276
330
17
100
AcDbEntity
  8
Hachura
 62
0
370
9
100
AcDbLine
 10
6904.487403726514
 20
9020.564464237084
 30
0.0
 11
6902.321790968956
 21
9019.481657901184
 31
0.0
  0
LINE
  5
277
330
17
100
AcDbEntity
  8
Hachura
 62
0
370
9
100
AcDbLine
 10
6902.380228859378
 20
9019.252907834449
 30
0.0
 11
6904.520806528043
 21
9020.3231966795
 31
0.0
  0
LINE
  5
278
330
17
100
AcDbEntity
  8
Hachura
 62
0
370
9
100
AcDbLine
 10
6902.479953031165
 20
9019.173785435807
 30
0.0
 11
6904.414720395667
 21
9020.141169118056
 31
0.0
  0
LINE
  5
279
330
17
100
AcDbEntity
  8
Hachura
 62
0
370
9
100
AcDbLine
 10
6902.737714701599
 20
9023.301185506001
 30
0.0
 11
6902.479953031164
 21
9023.172304649344
 31
0.0
  0
LINE
  5
27A
330
17
100
AcDbEntity
  8
Hachura
 62
0
370
9
100
AcDbLine
 10
6902.995683692108
 20
9023.301185506001
 30
0.0
 11
6902.321790968955
 21
9022.964239144423
 31
0.0
  0
LINE
  5
27B
330
17
100
AcDbEntity
  8
Hachura
 62
0
370
9
100
AcDbLine
 10
6902.481744816884
 20
9023.299575409419
 30
0.0
 11
6902.804206044301
 21
9023.622036658277
 31
0.0
  0
LINE
  5
27C
330
17
100
AcDbEntity
  8
Hachura
 62
0
370
9
100
AcDbLine
 10
6902.479953031164
 20
9022.656366689764
 30
0.0
 11
6902.479953031164
 21
9022.01144423493
 31
0.0
  0
LINE
  5
27D
330
17
100
AcDbEntity
  8
Hachura
 62
0
370
9
100
AcDbLine
 10
6904.414720395666
 20
9022.978827917184
 30
0.0
 11
6904.414720395666
 21
9023.301185506003
 31
0.0
  0
LINE
  5
27E
330
17
100
AcDbEntity
  8
Hachura
 62
0
370
9
100
AcDbLine
 10
6904.416597682158
 20
9023.299575430858
 30
0.0
 11
6904.09405095397
 21
9023.622036658277
 31
0.0
  0
LINE
  5
27F
330
17
100
AcDbEntity
  8
Hachura
 62
0
370
9
100
AcDbLine
 10
6904.414720395667
 20
9021.090174872634
 30
0.0
 11
6904.414720395666
 21
9021.30202952175
 31
0.0
  0
LINE
  5
280
330
17
100
AcDbEntity
  8
Hachura
 62
0
370
9
100
AcDbLine
 10
6902.380228859377
 20
9022.735489077688
 30
0.0
 11
6903.511621673126
 21
9023.301185506001
 31
0.0
  0
LINE
  5
281
330
17
100
AcDbEntity
  8
Hachura
 62
0
370
9
100
AcDbLine
 10
6902.479953031164
 20
9022.656366689764
 30
0.0
 11
6903.769590620756
 21
9023.301185506001
 31
0.0
  0
LINE
  5
282
330
17
100
AcDbEntity
  8
Hachura
 62
0
370
9
100
AcDbLine
 10
6904.09405095397
 20
9023.622036658277
 30
0.0
 11
6902.804206044301
 21
9023.622036658277
 31
0.0
  0
LINE
  5
283
330
17
100
AcDbEntity
  8
Hachura
 62
0
370
9
100
AcDbLine
 10
6904.414720395666
 20
9022.978827917184
 30
0.0
 11
6902.479953031164
 21
9022.01144423493
 31
0.0
  0
LINE
  5
284
330
17
100
AcDbEntity
  8
Hachura
 62
0
370
9
100
AcDbLine
 10
6902.481744816884
 20
9023.299575409419
 30
0.0
 11
6904.416512181387
 21
9023.299575409419
 31
0.0
  0
LINE
  5
285
330
17
100
AcDbEntity
  8
Hachura
 62
0
370
9
100
AcDbLine
 10
6897.886389539042
 20
9011.821669452842
 30
0.0
 11
6905.701051283673
 21
9011.821669452844
 31
0.0
  0
LINE
  5
286
330
17
100
AcDbEntity
  8
Hachura
 62
0
370
9
100
AcDbLine
 10
6901.706046059638
 20
9018.528862980973
 30
0.0
 11
6905.059642850501
 21
9018.528862980973
 31
0.0
  0
LINE
  5
287
330
17
100
AcDbEntity
  8
Hachura
 62
0
370
9
100
AcDbLine
 10
6901.706046059638
 20
9018.461146123644
 30
0.0
 11
6905.059642850501
 21
9018.461146123645
 31
0.0
  0
LINE
  5
288
330
17
100
AcDbEntity
  8
Hachura
 62
0
370
9
100
AcDbLine
 10
6905.317611798134
 20
9015.304250706804
 30
0.0
 11
6901.448077069129
 21
9015.304250706804
 31
0.0
  0
LINE
  5
289
330
17
100
AcDbEntity
  8
Hachura
 62
0
370
9
100
AcDbLine
 10
6909.832068981971
 20
9012.72456088747
 30
0.0
 11
6896.9336198852925
 21
9012.724560887467
 31
0.0
  0
LINE
  5
28A
330
17
100
AcDbEntity
  8
Hachura
 62
0
370
9
100
AcDbLine
 10
6896.9336198852925
 20
9011.821669452842
 30
0.0
 11
6909.828527217578
 21
9011.821669452846
 31
0.0
  0
LINE
  5
28B
330
17
100
AcDbEntity
  8
Hachura
 62
0
370
9
100
AcDbLine
 10
6904.027766888465
 20
9018.528862980973
 30
0.0
 11
6904.0277668884655
 21
9015.304250706804
 31
0.0
  0
LINE
  5
28C
330
17
100
AcDbEntity
  8
Hachura
 62
0
370
9
100
AcDbLine
 10
6905.059642850501
 20
9018.528862980973
 30
0.0
 11
6905.059642850502
 21
9015.304250706804
 31
0.0
  0
LINE
  5
28D
330
17
100
AcDbEntity
  8
Hachura
 62
0
370
9
100
AcDbLine
 10
6903.382844433632
 20
9012.724560887467
 30
0.0
 11
6905.317611798135
 21
9012.72456088747
 31
0.0
  0
LINE
  5
28E
330
17
100
AcDbEntity
  8
Hachura
 62
0
370
9
100
AcDbLine
 10
6904.672689343301
 20
9012.72456088747
 30
0.0
 11
6904.027766888466
 21
9012.724560887467
 31
0.0
  0
LINE
  5
28F
330
17
100
AcDbEntity
  8
Hachura
 62
0
370
9
100
AcDbLine
 10
6903.3884847959935
 20
9012.724560887467
 30
0.0
 11
6903.3884847959935
 21
9011.821669452844
 31
0.0
  0
LINE
  5
290
330
17
100
AcDbEntity
  8
Hachura
 62
0
370
9
100
AcDbLine
 10
6903.695026487342
 20
9012.724560887467
 30
0.0
 11
6903.695026487341
 21
9014.723720076925
 31
0.0
  0
LINE
  5
291
330
17
100
AcDbEntity
  8
Hachura
 62
0
370
9
100
AcDbLine
 10
6903.179088506322
 20
9014.723720076925
 30
0.0
 11
6903.179088506323
 21
9012.724560887467
 31
0.0
  0
LINE
  5
292
330
17
100
AcDbEntity
  8
Hachura
 62
0
370
9
100
AcDbLine
 10
6906.4227210573645
 20
9012.742835444536
 30
0.0
 11
6906.4227210573645
 21
9011.815612769455
 31
0.0
  0
LINE
  5
293
330
17
100
AcDbEntity
  8
Hachura
 62
0
370
9
100
AcDbLine
 10
6904.34246006638
 20
9011.971715330767
 30
0.0
 11
6904.34246006638
 21
9012.404783136486
 31
0.0
  0
LINE
  5
294
330
17
100
AcDbEntity
  8
Hachura
 62
0
370
9
100
AcDbLine
 10
6905.317611798135
 20
9012.72456088747
 30
0.0
 11
6905.317611798134
 21
9015.304250706804
 31
0.0
  0
LINE
  5
295
330
17
100
AcDbEntity
  8
Hachura
 62
0
370
9
100
AcDbLine
 10
6904.34246006638
 20
9012.404783136486
 30
0.0
 11
6904.34246006638
 21
9012.6166377856
 31
0.0
  0
LINE
  5
296
330
17
100
AcDbEntity
  8
Hachura
 62
0
370
9
100
AcDbLine
 10
6909.828527217578
 20
9011.821669452846
 30
0.0
 11
6909.828527217577
 21
9016.95833803493
 31
0.0
  0
LINE
  5
297
330
17
100
AcDbEntity
  8
Hachura
 62
0
370
9
100
AcDbLine
 10
6908.155270607977
 20
9016.981049091517
 30
0.0
 11
6907.573610533923
 21
9014.770740773663
 31
0.0
  0
LINE
  5
298
330
17
100
AcDbEntity
  8
Hachura
 62
0
370
9
100
AcDbLine
 10
6909.83206898197
 20
9016.981049091517
 30
0.0
 11
6908.155270607977
 21
9016.981049091517
 31
0.0
  0
LINE
  5
299
330
17
100
AcDbEntity
  8
Hachura
 62
0
370
9
100
AcDbLine
 10
6907.26176649555
 20
9014.530343767436
 30
0.0
 11
6905.317611798134
 21
9014.530343767434
 31
0.0
  0
LINE
  5
29A
330
17
100
AcDbEntity
  8
Hachura
 62
0
370
9
100
AcDbLine
 10
6909.832068981971
 20
9012.72456088747
 30
0.0
 11
6904.672689343301
 21
9012.72456088747
 31
0.0
  0
LINE
  5
29B
330
17
100
AcDbEntity
  8
Hachura
 62
0
370
9
100
AcDbLine
 10
6898.6104183021625
 20
9016.981049091515
 30
0.0
 11
6899.192078376217
 21
9014.770740773662
 31
0.0
  0
LINE
  5
29C
330
17
100
AcDbEntity
  8
Hachura
 62
0
370
9
100
AcDbLine
 10
6901.7060460596385
 20
9015.304250706804
 30
0.0
 11
6901.706046059638
 21
9018.528862980973
 31
0.0
  0
LINE
  5
29D
330
17
100
AcDbEntity
  8
Hachura
 62
0
370
9
100
AcDbLine
 10
6902.479953031165
 20
9018.528862980973
 30
0.0
 11
6902.479953031166
 21
9015.304250706804
 31
0.0
  0
LINE
  5
29E
330
17
100
AcDbEntity
  8
Hachura
 62
0
370
9
100
AcDbLine
 10
6900.356706463154
 20
9012.742835444535
 30
0.0
 11
6900.356706463154
 21
9011.821669452844
 31
0.0
  0
LINE
  5
29F
330
17
100
AcDbEntity
  8
Hachura
 62
0
370
9
100
AcDbLine
 10
6902.407692701878
 20
9012.598259868648
 30
0.0
 11
6902.407692701878
 21
9012.16519207365
 31
0.0
  0
LINE
  5
2A0
330
17
100
AcDbEntity
  8
Hachura
 62
0
370
9
100
AcDbLine
 10
6898.924452858289
 20
9012.742835444535
 30
0.0
 11
6898.924452858289
 21
9011.815612769453
 31
0.0
  0
LINE
  5
2A1
330
17
100
AcDbEntity
  8
Hachura
 62
0
370
9
100
AcDbLine
 10
6901.448077069129
 20
9015.304250706804
 30
0.0
 11
6901.44807706913
 21
9012.724560887467
 31
0.0
  0
LINE
  5
2A2
330
17
100
AcDbEntity
  8
Hachura
 62
0
370
9
100
AcDbLine
 10
6901.448077069129
 20
9015.304250706804
 30
0.0
 11
6901.7060460596385
 21
9015.304250706804
 31
0.0
  0
LINE
  5
2A3
330
17
100
AcDbEntity
  8
Hachura
 62
0
370
9
100
AcDbLine
 10
6901.448077069129
 20
9015.304250706804
 30
0.0
 11
6901.7060460596385
 21
9015.304250706804
 31
0.0
  0
LINE
  5
2A4
330
17
100
AcDbEntity
  8
Hachura
 62
0
370
9
100
AcDbLine
 10
6899.503922414593
 20
9014.530343767434
 30
0.0
 11
6901.451958992808
 21
9014.530343767434
 31
0.0
  0
LINE
  5
2A5
330
17
100
AcDbEntity
  8
Hachura
 62
0
370
9
100
AcDbLine
 10
6896.9336198852925
 20
9012.724560887467
 30
0.0
 11
6896.933619885292
 21
9016.981049091515
 31
0.0
  0
LINE
  5
2A6
330
17
100
AcDbEntity
  8
Hachura
 62
0
370
9
100
AcDbLine
 10
6896.9336198852925
 20
9012.724560887467
 30
0.0
 11
6896.9336198852925
 21
9011.821669452842
 31
0.0
  0
LINE
  5
2A7
330
17
100
AcDbEntity
  8
Hachura
 62
0
370
9
100
AcDbLine
 10
6898.081950942087
 20
9012.742835444535
 30
0.0
 11
6898.081950942087
 21
9011.815612769453
 31
0.0
  0
LINE
  5
2A8
330
17
100
AcDbEntity
  8
Hachura
 62
0
370
9
100
AcDbLine
 10
6897.618574710228
 20
9012.742835444535
 30
0.0
 11
6897.618574710228
 21
9011.815612769453
 31
0.0
  0
LINE
  5
2A9
330
17
100
AcDbEntity
  8
Hachura
 62
0
370
9
100
AcDbLine
 10
6897.281573978051
 20
9012.742835444535
 30
0.0
 11
6897.281573978051
 21
9011.815612769453
 31
0.0
  0
LINE
  5
2AA
330
17
100
AcDbEntity
  8
Hachura
 62
0
370
9
100
AcDbLine
 10
6897.070948231006
 20
9012.742835444535
 30
0.0
 11
6897.070948231006
 21
9011.815612769453
 31
0.0
  0
LINE
  5
2AB
330
17
100
AcDbEntity
  8
Hachura
 62
0
370
9
100
AcDbLine
 10
6896.933619885292
 20
9016.981049091515
 30
0.0
 11
6898.6104183021625
 21
9016.981049091515
 31
0.0
  0
LINE
  5
2AC
330
17
100
AcDbEntity
  8
Hachura
 62
0
370
9
100
AcDbLine
 10
6903.253859978676
 20
9018.528862980973
 30
0.0
 11
6904.520806531641
 21
9019.1623362638
 31
0.0
  0
LINE
  5
2AD
330
17
100
AcDbEntity
  8
Hachura
 62
0
370
9
100
AcDbLine
 10
6903.511828956494
 20
9018.528862980973
 30
0.0
 11
6904.414720399265
 21
9018.980308702357
 31
0.0
  0
LINE
  5
2AE
330
17
100
AcDbEntity
  8
Hachura
 62
0
370
9
100
AcDbLine
 10
6904.414720399266
 20
9018.528862980973
 30
0.0
 11
6904.414720399266
 21
9018.98030870236
 31
0.0
  0
LINE
  5
2AF
330
17
100
AcDbEntity
  8
Hachura
 62
0
370
9
100
AcDbLine
 10
6907.837694244581
 20
9012.742835444536
 30
0.0
 11
6907.837694244581
 21
9011.815612769455
 31
0.0
  0
LINE
  5
2B0
330
17
100
AcDbEntity
  8
Hachura
 62
0
370
9
100
AcDbLine
 10
6908.680196160783
 20
9012.742835444536
 30
0.0
 11
6908.680196160783
 21
9011.815612769455
 31
0.0
  0
LINE
  5
2B1
330
17
100
AcDbEntity
  8
Hachura
 62
0
370
9
100
AcDbLine
 10
6909.143572392642
 20
9012.742835444536
 30
0.0
 11
6909.143572392642
 21
9011.815612769455
 31
0.0
  0
LINE
  5
2B2
330
17
100
AcDbEntity
  8
Hachura
 62
0
370
9
100
AcDbLine
 10
6909.48057312482
 20
9012.742835444536
 30
0.0
 11
6909.48057312482
 21
9011.815612769455
 31
0.0
  0
LINE
  5
2B3
330
17
100
AcDbEntity
  8
Hachura
 62
0
370
9
100
AcDbLine
 10
6909.691198871865
 20
9012.742835444536
 30
0.0
 11
6909.691198871865
 21
9011.815612769455
 31
0.0
  0
LINE
  5
2B4
330
17
100
AcDbEntity
  8
Hachura
 62
0
370
9
100
AcDbLine
 10
6904.414098131547
 20
8835.825371480802
 30
0.0
 11
6904.414098131547
 21
8835.180449025967
 31
0.0
  0
LINE
  5
2B5
330
17
100
AcDbEntity
  8
Hachura
 62
0
370
9
100
AcDbLine
 10
6904.414098131547
 20
8834.664511066387
 30
0.0
 11
6902.479330767044
 21
8835.63189474864
 31
0.0
  0
LINE
  5
2B6
330
17
100
AcDbEntity
  8
Hachura
 62
0
370
9
100
AcDbLine
 10
6904.486781462393
 20
8834.75715390694
 30
0.0
 11
6902.321168704835
 21
8835.839960242838
 31
0.0
  0
LINE
  5
2B7
330
17
100
AcDbEntity
  8
Hachura
 62
0
370
9
100
AcDbLine
 10
6902.379606595257
 20
8836.068710320296
 30
0.0
 11
6904.520184263923
 21
8834.998421464525
 31
0.0
  0
LINE
  5
2B8
330
17
100
AcDbEntity
  8
Hachura
 62
0
370
9
100
AcDbLine
 10
6902.479330767044
 20
8836.147832708215
 30
0.0
 11
6904.414098131547
 21
8835.180449025967
 31
0.0
  0
LINE
  5
2B9
330
17
100
AcDbEntity
  8
Hachura
 62
0
370
9
100
AcDbLine
 10
6902.479330767043
 20
8836.79275516305
 30
0.0
 11
6902.479330767044
 21
8836.147832708215
 31
0.0
  0
LINE
  5
2BA
330
17
100
AcDbEntity
  8
Hachura
 62
0
370
9
100
AcDbLine
 10
6902.479330767043
 20
8838.469553547762
 30
0.0
 11
6902.479330767043
 21
8839.114476002596
 31
0.0
  0
LINE
  5
2BB
330
17
100
AcDbEntity
  8
Hachura
 62
0
370
9
100
AcDbLine
 10
6902.479330767043
 20
8837.520547782467
 30
0.0
 11
6902.479330767043
 21
8837.308693133351
 31
0.0
  0
LINE
  5
2BC
330
17
100
AcDbEntity
  8
Hachura
 62
0
370
9
100
AcDbLine
 10
6902.479330767043
 20
8837.520547782467
 30
0.0
 11
6902.479330767043
 21
8837.953615588181
 31
0.0
  0
LINE
  5
2BD
330
17
100
AcDbEntity
  8
Hachura
 62
0
370
9
100
AcDbLine
 10
6904.414098131546
 20
8836.986231905932
 30
0.0
 11
6904.414098131547
 21
8836.341309451098
 31
0.0
  0
LINE
  5
2BE
330
17
100
AcDbEntity
  8
Hachura
 62
0
370
9
100
AcDbLine
 10
6904.414098131546
 20
8838.147092320347
 30
0.0
 11
6904.414098131546
 21
8837.502169865513
 31
0.0
  0
LINE
  5
2BF
330
17
100
AcDbEntity
  8
Hachura
 62
0
370
9
100
AcDbLine
 10
6904.414098131547
 20
8835.825371480802
 30
0.0
 11
6902.479330767043
 21
8836.79275516305
 31
0.0
  0
LINE
  5
2C0
330
17
100
AcDbEntity
  8
Hachura
 62
0
370
9
100
AcDbLine
 10
6904.486781462393
 20
8835.91801433207
 30
0.0
 11
6902.321168704834
 21
8837.00082066797
 31
0.0
  0
LINE
  5
2C1
330
17
100
AcDbEntity
  8
Hachura
 62
0
370
9
100
AcDbLine
 10
6902.3796065952565
 20
8837.229570734706
 30
0.0
 11
6904.520184263923
 21
8836.159281889657
 31
0.0
  0
LINE
  5
2C2
330
17
100
AcDbEntity
  8
Hachura
 62
0
370
9
100
AcDbLine
 10
6902.479330767043
 20
8837.308693133351
 30
0.0
 11
6904.414098131547
 21
8836.341309451098
 31
0.0
  0
LINE
  5
2C3
330
17
100
AcDbEntity
  8
Hachura
 62
0
370
9
100
AcDbLine
 10
6904.414098131546
 20
8838.147092320347
 30
0.0
 11
6902.479330767043
 21
8839.114476002596
 31
0.0
  0
LINE
  5
2C4
330
17
100
AcDbEntity
  8
Hachura
 62
0
370
9
100
AcDbLine
 10
6904.414098131546
 20
8836.986231905932
 30
0.0
 11
6902.479330767043
 21
8837.953615588181
 31
0.0
  0
LINE
  5
2C5
330
17
100
AcDbEntity
  8
Hachura
 62
0
370
9
100
AcDbLine
 10
6904.486781462392
 20
8837.078874746485
 30
0.0
 11
6902.321168704834
 21
8838.161681082385
 31
0.0
  0
LINE
  5
2C6
330
17
100
AcDbEntity
  8
Hachura
 62
0
370
9
100
AcDbLine
 10
6902.3796065952565
 20
8838.39043114912
 30
0.0
 11
6904.520184263922
 21
8837.320142304072
 31
0.0
  0
LINE
  5
2C7
330
17
100
AcDbEntity
  8
Hachura
 62
0
370
9
100
AcDbLine
 10
6902.479330767043
 20
8838.469553547762
 30
0.0
 11
6904.414098131546
 21
8837.502169865513
 31
0.0
  0
LINE
  5
2C8
330
17
100
AcDbEntity
  8
Hachura
 62
0
370
9
100
AcDbLine
 10
6902.737092437479
 20
8834.342153477568
 30
0.0
 11
6902.479330767044
 21
8834.471034334225
 31
0.0
  0
LINE
  5
2C9
330
17
100
AcDbEntity
  8
Hachura
 62
0
370
9
100
AcDbLine
 10
6902.995061427989
 20
8834.342153477568
 30
0.0
 11
6902.321168704835
 21
8834.679099839146
 31
0.0
  0
LINE
  5
2CA
330
17
100
AcDbEntity
  8
Hachura
 62
0
370
9
100
AcDbLine
 10
6902.481122552765
 20
8834.34376357415
 30
0.0
 11
6902.803583780182
 21
8834.021302325293
 31
0.0
  0
LINE
  5
2CB
330
17
100
AcDbEntity
  8
Hachura
 62
0
370
9
100
AcDbLine
 10
6902.479330767044
 20
8834.986972293806
 30
0.0
 11
6902.479330767044
 21
8835.63189474864
 31
0.0
  0
LINE
  5
2CC
330
17
100
AcDbEntity
  8
Hachura
 62
0
370
9
100
AcDbLine
 10
6904.414098131547
 20
8834.664511066387
 30
0.0
 11
6904.414098131547
 21
8834.342153477568
 31
0.0
  0
LINE
  5
2CD
330
17
100
AcDbEntity
  8
Hachura
 62
0
370
9
100
AcDbLine
 10
6904.415975418038
 20
8834.343763552712
 30
0.0
 11
6904.09342868985
 21
8834.021302325293
 31
0.0
  0
LINE
  5
2CE
330
17
100
AcDbEntity
  8
Hachura
 62
0
370
9
100
AcDbLine
 10
6904.414098131546
 20
8836.553164110936
 30
0.0
 11
6904.414098131547
 21
8836.34130946182
 31
0.0
  0
LINE
  5
2CF
330
17
100
AcDbEntity
  8
Hachura
 62
0
370
9
100
AcDbLine
 10
6902.379606595257
 20
8834.907849905881
 30
0.0
 11
6903.510999409006
 21
8834.342153477568
 31
0.0
  0
LINE
  5
2D0
330
17
100
AcDbEntity
  8
Hachura
 62
0
370
9
100
AcDbLine
 10
6902.479330767044
 20
8834.986972293806
 30
0.0
 11
6903.768968356637
 21
8834.342153477568
 31
0.0
  0
LINE
  5
2D1
330
17
100
AcDbEntity
  8
Hachura
 62
0
370
9
100
AcDbLine
 10
6904.09342868985
 20
8834.021302325293
 30
0.0
 11
6902.803583780182
 21
8834.021302325293
 31
0.0
  0
LINE
  5
2D2
330
17
100
AcDbEntity
  8
Hachura
 62
0
370
9
100
AcDbLine
 10
6904.414098131547
 20
8834.664511066387
 30
0.0
 11
6902.479330767044
 21
8835.63189474864
 31
0.0
  0
LINE
  5
2D3
330
17
100
AcDbEntity
  8
Hachura
 62
0
370
9
100
AcDbLine
 10
6902.481122552765
 20
8834.34376357415
 30
0.0
 11
6904.415889917267
 21
8834.34376357415
 31
0.0
  0
LINE
  5
2D4
330
17
100
AcDbEntity
  8
Hachura
 62
0
370
9
100
AcDbLine
 10
6897.885767274917
 20
8845.821669530724
 30
0.0
 11
6905.700429019548
 21
8845.821669530726
 31
0.0
  0
LINE
  5
2D5
330
17
100
AcDbEntity
  8
Hachura
 62
0
370
9
100
AcDbLine
 10
6901.705423795516
 20
8839.114476002596
 30
0.0
 11
6905.05902058638
 21
8839.114476002596
 31
0.0
  0
LINE
  5
2D6
330
17
100
AcDbEntity
  8
Hachura
 62
0
370
9
100
AcDbLine
 10
6901.705423795516
 20
8839.182192859924
 30
0.0
 11
6905.05902058638
 21
8839.182192859926
 31
0.0
  0
LINE
  5
2D7
330
17
100
AcDbEntity
  8
Hachura
 62
0
370
9
100
AcDbLine
 10
6905.316989534011
 20
8842.339088276765
 30
0.0
 11
6901.447454805006
 21
8842.339088276765
 31
0.0
  0
LINE
  5
2D8
330
17
100
AcDbEntity
  8
Hachura
 62
0
370
9
100
AcDbLine
 10
6909.831446717846
 20
8844.918778096102
 30
0.0
 11
6896.9329976211675
 21
8844.9187780961
 31
0.0
  0
LINE
  5
2D9
330
17
100
AcDbEntity
  8
Hachura
 62
0
370
9
100
AcDbLine
 10
6896.9329976211675
 20
8845.821669530724
 30
0.0
 11
6909.827904953453
 21
8845.821669530727
 31
0.0
  0
LINE
  5
2DA
330
17
100
AcDbEntity
  8
Hachura
 62
0
370
9
100
AcDbLine
 10
6904.027144624343
 20
8839.114476002596
 30
0.0
 11
6904.027144624342
 21
8842.339088276765
 31
0.0
  0
LINE
  5
2DB
330
17
100
AcDbEntity
  8
Hachura
 62
0
370
9
100
AcDbLine
 10
6905.05902058638
 20
8839.114476002596
 30
0.0
 11
6905.059020586379
 21
8842.339088276765
 31
0.0
  0
LINE
  5
2DC
330
17
100
AcDbEntity
  8
Hachura
 62
0
370
9
100
AcDbLine
 10
6903.382222169507
 20
8844.918778096102
 30
0.0
 11
6905.31698953401
 21
8844.918778096102
 31
0.0
  0
LINE
  5
2DD
330
17
100
AcDbEntity
  8
Hachura
 62
0
370
9
100
AcDbLine
 10
6904.672067079176
 20
8844.918778096102
 30
0.0
 11
6904.027144624341
 21
8844.918778096102
 31
0.0
  0
LINE
  5
2DE
330
17
100
AcDbEntity
  8
Hachura
 62
0
370
9
100
AcDbLine
 10
6903.387862531868
 20
8844.918778096102
 30
0.0
 11
6903.387862531868
 21
8845.821669530726
 31
0.0
  0
LINE
  5
2DF
330
17
100
AcDbEntity
  8
Hachura
 62
0
370
9
100
AcDbLine
 10
6903.694404223217
 20
8844.918778096102
 30
0.0
 11
6903.694404223218
 21
8842.919618906644
 31
0.0
  0
LINE
  5
2E0
330
17
100
AcDbEntity
  8
Hachura
 62
0
370
9
100
AcDbLine
 10
6903.178466242199
 20
8842.919618906644
 30
0.0
 11
6903.178466242198
 21
8844.918778096102
 31
0.0
  0
LINE
  5
2E1
330
17
100
AcDbEntity
  8
Hachura
 62
0
370
9
100
AcDbLine
 10
6906.4220987932395
 20
8844.900503539035
 30
0.0
 11
6906.4220987932395
 21
8845.827726214116
 31
0.0
  0
LINE
  5
2E2
330
17
100
AcDbEntity
  8
Hachura
 62
0
370
9
100
AcDbLine
 10
6904.341837802255
 20
8845.671623652803
 30
0.0
 11
6904.341837802255
 21
8845.238555847083
 31
0.0
  0
LINE
  5
2E3
330
17
100
AcDbEntity
  8
Hachura
 62
0
370
9
100
AcDbLine
 10
6905.31698953401
 20
8844.918778096102
 30
0.0
 11
6905.316989534011
 21
8842.339088276765
 31
0.0
  0
LINE
  5
2E4
330
17
100
AcDbEntity
  8
Hachura
 62
0
370
9
100
AcDbLine
 10
6904.341837802255
 20
8845.238555847083
 30
0.0
 11
6904.341837802255
 21
8845.026701197969
 31
0.0
  0
LINE
  5
2E5
330
17
100
AcDbEntity
  8
Hachura
 62
0
370
9
100
AcDbLine
 10
6909.827904953453
 20
8845.821669530727
 30
0.0
 11
6909.827904953454
 21
8840.68500094864
 31
0.0
  0
LINE
  5
2E6
330
17
100
AcDbEntity
  8
Hachura
 62
0
370
9
100
AcDbLine
 10
6908.154648343854
 20
8840.662289892054
 30
0.0
 11
6907.5729882698
 21
8842.872598209908
 31
0.0
  0
LINE
  5
2E7
330
17
100
AcDbEntity
  8
Hachura
 62
0
370
9
100
AcDbLine
 10
6909.831446717847
 20
8840.662289892054
 30
0.0
 11
6908.154648343854
 21
8840.662289892054
 31
0.0
  0
LINE
  5
2E8
330
17
100
AcDbEntity
  8
Hachura
 62
0
370
9
100
AcDbLine
 10
6907.261144231426
 20
8843.112995216135
 30
0.0
 11
6905.316989534011
 21
8843.112995216135
 31
0.0
  0
LINE
  5
2E9
330
17
100
AcDbEntity
  8
Hachura
 62
0
370
9
100
AcDbLine
 10
6909.831446717846
 20
8844.918778096102
 30
0.0
 11
6904.672067079176
 21
8844.918778096102
 31
0.0
  0
LINE
  5
2EA
330
17
100
AcDbEntity
  8
Hachura
 62
0
370
9
100
AcDbLine
 10
6898.609796038039
 20
8840.662289892052
 30
0.0
 11
6899.191456112094
 21
8842.872598209906
 31
0.0
  0
LINE
  5
2EB
330
17
100
AcDbEntity
  8
Hachura
 62
0
370
9
100
AcDbLine
 10
6901.705423795515
 20
8842.339088276765
 30
0.0
 11
6901.705423795516
 21
8839.114476002596
 31
0.0
  0
LINE
  5
2EC
330
17
100
AcDbEntity
  8
Hachura
 62
0
370
9
100
AcDbLine
 10
6902.479330767043
 20
8839.114476002596
 30
0.0
 11
6902.4793307670425
 21
8842.339088276765
 31
0.0
  0
LINE
  5
2ED
330
17
100
AcDbEntity
  8
Hachura
 62
0
370
9
100
AcDbLine
 10
6900.356084199029
 20
8844.900503539033
 30
0.0
 11
6900.356084199029
 21
8845.821669530726
 31
0.0
  0
LINE
  5
2EE
330
17
100
AcDbEntity
  8
Hachura
 62
0
370
9
100
AcDbLine
 10
6902.407070437753
 20
8845.045079114921
 30
0.0
 11
6902.407070437753
 21
8845.47814690992
 31
0.0
  0
LINE
  5
2EF
330
17
100
AcDbEntity
  8
Hachura
 62
0
370
9
100
AcDbLine
 10
6898.923830594164
 20
8844.900503539033
 30
0.0
 11
6898.923830594164
 21
8845.827726214115
 31
0.0
  0
LINE
  5
2F0
330
17
100
AcDbEntity
  8
Hachura
 62
0
370
9
100
AcDbLine
 10
6901.447454805006
 20
8842.339088276765
 30
0.0
 11
6901.447454805005
 21
8844.9187780961
 31
0.0
  0
LINE
  5
2F1
330
17
100
AcDbEntity
  8
Hachura
 62
0
370
9
100
AcDbLine
 10
6901.447454805006
 20
8842.339088276765
 30
0.0
 11
6901.705423795515
 21
8842.339088276765
 31
0.0
  0
LINE
  5
2F2
330
17
100
AcDbEntity
  8
Hachura
 62
0
370
9
100
AcDbLine
 10
6901.447454805006
 20
8842.339088276765
 30
0.0
 11
6901.705423795515
 21
8842.339088276765
 31
0.0
  0
LINE
  5
2F3
330
17
100
AcDbEntity
  8
Hachura
 62
0
370
9
100
AcDbLine
 10
6899.50330015047
 20
8843.112995216134
 30
0.0
 11
6901.4513367286845
 21
8843.112995216135
 31
0.0
  0
LINE
  5
2F4
330
17
100
AcDbEntity
  8
Hachura
 62
0
370
9
100
AcDbLine
 10
6896.9329976211675
 20
8844.9187780961
 30
0.0
 11
6896.932997621168
 21
8840.662289892052
 31
0.0
  0
LINE
  5
2F5
330
17
100
AcDbEntity
  8
Hachura
 62
0
370
9
100
AcDbLine
 10
6896.9329976211675
 20
8844.9187780961
 30
0.0
 11
6896.9329976211675
 21
8845.821669530724
 31
0.0
  0
LINE
  5
2F6
330
17
100
AcDbEntity
  8
Hachura
 62
0
370
9
100
AcDbLine
 10
6898.081328677962
 20
8844.900503539033
 30
0.0
 11
6898.081328677962
 21
8845.827726214115
 31
0.0
  0
LINE
  5
2F7
330
17
100
AcDbEntity
  8
Hachura
 62
0
370
9
100
AcDbLine
 10
6897.617952446103
 20
8844.900503539033
 30
0.0
 11
6897.617952446103
 21
8845.827726214115
 31
0.0
  0
LINE
  5
2F8
330
17
100
AcDbEntity
  8
Hachura
 62
0
370
9
100
AcDbLine
 10
6897.280951713926
 20
8844.900503539033
 30
0.0
 11
6897.280951713926
 21
8845.827726214115
 31
0.0
  0
LINE
  5
2F9
330
17
100
AcDbEntity
  8
Hachura
 62
0
370
9
100
AcDbLine
 10
6897.070325966881
 20
8844.900503539033
 30
0.0
 11
6897.070325966881
 21
8845.827726214115
 31
0.0
  0
LINE
  5
2FA
330
17
100
AcDbEntity
  8
Hachura
 62
0
370
9
100
AcDbLine
 10
6896.932997621168
 20
8840.662289892052
 30
0.0
 11
6898.609796038039
 21
8840.662289892052
 31
0.0
  0
LINE
  5
2FB
330
17
100
AcDbEntity
  8
Hachura
 62
0
370
9
100
AcDbLine
 10
6903.253237714554
 20
8839.114476002596
 30
0.0
 11
6904.52018426752
 21
8838.48100271977
 31
0.0
  0
LINE
  5
2FC
330
17
100
AcDbEntity
  8
Hachura
 62
0
370
9
100
AcDbLine
 10
6903.511206692373
 20
8839.114476002596
 30
0.0
 11
6904.414098135144
 21
8838.663030281212
 31
0.0
  0
LINE
  5
2FD
330
17
100
AcDbEntity
  8
Hachura
 62
0
370
9
100
AcDbLine
 10
6904.414098135145
 20
8839.114476002596
 30
0.0
 11
6904.414098135145
 21
8838.663030281212
 31
0.0
  0
LINE
  5
2FE
330
17
100
AcDbEntity
  8
Hachura
 62
0
370
9
100
AcDbLine
 10
6907.837071980456
 20
8844.900503539035
 30
0.0
 11
6907.837071980456
 21
8845.827726214116
 31
0.0
  0
LINE
  5
2FF
330
17
100
AcDbEntity
  8
Hachura
 62
0
370
9
100
AcDbLine
 10
6908.679573896658
 20
8844.900503539035
 30
0.0
 11
6908.679573896658
 21
8845.827726214116
 31
0.0
  0
LINE
  5
300
330
17
100
AcDbEntity
  8
Hachura
 62
0
370
9
100
AcDbLine
 10
6909.142950128517
 20
8844.900503539035
 30
0.0
 11
6909.142950128517
 21
8845.827726214116
 31
0.0
  0
LINE
  5
301
330
17
100
AcDbEntity
  8
Hachura
 62
0
370
9
100
AcDbLine
 10
6909.479950860695
 20
8844.900503539035
 30
0.0
 11
6909.479950860695
 21
8845.827726214116
 31
0.0
  0
LINE
  5
302
330
17
100
AcDbEntity
  8
Hachura
 62
0
370
9
100
AcDbLine
 10
6909.69057660774
 20
8844.900503539035
 30
0.0
 11
6909.69057660774
 21
8845.827726214116
 31
0.0
  0
LINE
  5
303
330
17
100
AcDbEntity
  8
Hachura
 62
0
370
9
100
AcDbLine
 10
6923.437601185083
 20
9002.847290228432
 30
0.0
 11
6924.082523639917
 21
9002.847290228432
 31
0.0
  0
LINE
  5
304
330
17
100
AcDbEntity
  8
Hachura
 62
0
370
9
100
AcDbLine
 10
6924.598461599498
 20
9002.847290228432
 30
0.0
 11
6923.631077917244
 21
9000.91252286393
 31
0.0
  0
LINE
  5
305
330
17
100
AcDbEntity
  8
Hachura
 62
0
370
9
100
AcDbLine
 10
6924.505818758945
 20
9002.91997355928
 30
0.0
 11
6923.423012423044
 21
9000.75436080172
 31
0.0
  0
LINE
  5
306
330
17
100
AcDbEntity
  8
Hachura
 62
0
370
9
100
AcDbLine
 10
6923.194262345587
 20
9000.812798692143
 30
0.0
 11
6924.264551201359
 21
9002.953376360809
 31
0.0
  0
LINE
  5
307
330
17
100
AcDbEntity
  8
Hachura
 62
0
370
9
100
AcDbLine
 10
6923.115139957668
 20
9000.91252286393
 30
0.0
 11
6924.082523639917
 21
9002.847290228432
 31
0.0
  0
LINE
  5
308
330
17
100
AcDbEntity
  8
Hachura
 62
0
370
9
100
AcDbLine
 10
6922.470217502834
 20
9000.91252286393
 30
0.0
 11
6923.115139957668
 21
9000.91252286393
 31
0.0
  0
LINE
  5
309
330
17
100
AcDbEntity
  8
Hachura
 62
0
370
9
100
AcDbLine
 10
6920.793419118121
 20
9000.91252286393
 30
0.0
 11
6920.148496663287
 21
9000.91252286393
 31
0.0
  0
LINE
  5
30A
330
17
100
AcDbEntity
  8
Hachura
 62
0
370
9
100
AcDbLine
 10
6921.742424883416
 20
9000.91252286393
 30
0.0
 11
6921.9542795325315
 21
9000.91252286393
 31
0.0
  0
LINE
  5
30B
330
17
100
AcDbEntity
  8
Hachura
 62
0
370
9
100
AcDbLine
 10
6921.742424883416
 20
9000.91252286393
 30
0.0
 11
6921.309357077702
 21
9000.91252286393
 31
0.0
  0
LINE
  5
30C
330
17
100
AcDbEntity
  8
Hachura
 62
0
370
9
100
AcDbLine
 10
6922.276740759951
 20
9002.847290228432
 30
0.0
 11
6922.921663214785
 21
9002.847290228432
 31
0.0
  0
LINE
  5
30D
330
17
100
AcDbEntity
  8
Hachura
 62
0
370
9
100
AcDbLine
 10
6921.115880345536
 20
9002.847290228432
 30
0.0
 11
6921.760802800371
 21
9002.847290228432
 31
0.0
  0
LINE
  5
30E
330
17
100
AcDbEntity
  8
Hachura
 62
0
370
9
100
AcDbLine
 10
6923.437601185083
 20
9002.847290228432
 30
0.0
 11
6922.470217502834
 21
9000.91252286393
 31
0.0
  0
LINE
  5
30F
330
17
100
AcDbEntity
  8
Hachura
 62
0
370
9
100
AcDbLine
 10
6923.344958333813
 20
9002.91997355928
 30
0.0
 11
6922.262151997913
 21
9000.75436080172
 31
0.0
  0
LINE
  5
310
330
17
100
AcDbEntity
  8
Hachura
 62
0
370
9
100
AcDbLine
 10
6922.033401931177
 20
9000.812798692143
 30
0.0
 11
6923.103690776226
 21
9002.953376360809
 31
0.0
  0
LINE
  5
311
330
17
100
AcDbEntity
  8
Hachura
 62
0
370
9
100
AcDbLine
 10
6921.9542795325315
 20
9000.91252286393
 30
0.0
 11
6922.921663214785
 21
9002.847290228432
 31
0.0
  0
LINE
  5
312
330
17
100
AcDbEntity
  8
Hachura
 62
0
370
9
100
AcDbLine
 10
6921.115880345536
 20
9002.847290228432
 30
0.0
 11
6920.148496663287
 21
9000.91252286393
 31
0.0
  0
LINE
  5
313
330
17
100
AcDbEntity
  8
Hachura
 62
0
370
9
100
AcDbLine
 10
6922.276740759951
 20
9002.847290228432
 30
0.0
 11
6921.309357077702
 21
9000.91252286393
 31
0.0
  0
LINE
  5
314
330
17
100
AcDbEntity
  8
Hachura
 62
0
370
9
100
AcDbLine
 10
6922.1840979193985
 20
9002.91997355928
 30
0.0
 11
6921.101291583498
 21
9000.75436080172
 31
0.0
  0
LINE
  5
315
330
17
100
AcDbEntity
  8
Hachura
 62
0
370
9
100
AcDbLine
 10
6920.872541516763
 20
9000.812798692143
 30
0.0
 11
6921.942830361812
 21
9002.953376360809
 31
0.0
  0
LINE
  5
316
330
17
100
AcDbEntity
  8
Hachura
 62
0
370
9
100
AcDbLine
 10
6920.793419118121
 20
9000.91252286393
 30
0.0
 11
6921.760802800371
 21
9002.847290228432
 31
0.0
  0
LINE
  5
317
330
17
100
AcDbEntity
  8
Hachura
 62
0
370
9
100
AcDbLine
 10
6924.920819188316
 20
9001.170284534364
 30
0.0
 11
6924.7919383316585
 21
9000.91252286393
 31
0.0
  0
LINE
  5
318
330
17
100
AcDbEntity
  8
Hachura
 62
0
370
9
100
AcDbLine
 10
6924.920819188316
 20
9001.428253524875
 30
0.0
 11
6924.583872826737
 21
9000.75436080172
 31
0.0
  0
LINE
  5
319
330
17
100
AcDbEntity
  8
Hachura
 62
0
370
9
100
AcDbLine
 10
6924.919209091733
 20
9000.91431464965
 30
0.0
 11
6925.241670340592
 21
9001.236775877067
 31
0.0
  0
LINE
  5
31A
330
17
100
AcDbEntity
  8
Hachura
 62
0
370
9
100
AcDbLine
 10
6924.276000372078
 20
9000.91252286393
 30
0.0
 11
6923.631077917244
 21
9000.91252286393
 31
0.0
  0
LINE
  5
31B
330
17
100
AcDbEntity
  8
Hachura
 62
0
370
9
100
AcDbLine
 10
6924.598461599498
 20
9002.847290228432
 30
0.0
 11
6924.920819188316
 21
9002.847290228432
 31
0.0
  0
LINE
  5
31C
330
17
100
AcDbEntity
  8
Hachura
 62
0
370
9
100
AcDbLine
 10
6924.919209113172
 20
9002.849167514923
 30
0.0
 11
6925.241670340592
 21
9002.526620786735
 31
0.0
  0
LINE
  5
31D
330
17
100
AcDbEntity
  8
Hachura
 62
0
370
9
100
AcDbLine
 10
6922.709808554948
 20
9002.847290228432
 30
0.0
 11
6922.921663204063
 21
9002.847290228432
 31
0.0
  0
LINE
  5
31E
330
17
100
AcDbEntity
  8
Hachura
 62
0
370
9
100
AcDbLine
 10
6924.355122760002
 20
9000.812798692143
 30
0.0
 11
6924.920819188316
 21
9001.944191505892
 31
0.0
  0
LINE
  5
31F
330
17
100
AcDbEntity
  8
Hachura
 62
0
370
9
100
AcDbLine
 10
6924.276000372078
 20
9000.91252286393
 30
0.0
 11
6924.920819188316
 21
9002.202160453522
 31
0.0
  0
LINE
  5
320
330
17
100
AcDbEntity
  8
Hachura
 62
0
370
9
100
AcDbLine
 10
6925.241670340592
 20
9002.526620786735
 30
0.0
 11
6925.241670340592
 21
9001.236775877067
 31
0.0
  0
LINE
  5
321
330
17
100
AcDbEntity
  8
Hachura
 62
0
370
9
100
AcDbLine
 10
6924.598461599498
 20
9002.847290228432
 30
0.0
 11
6923.631077917244
 21
9000.91252286393
 31
0.0
  0
LINE
  5
322
330
17
100
AcDbEntity
  8
Hachura
 62
0
370
9
100
AcDbLine
 10
6924.919209091733
 20
9000.91431464965
 30
0.0
 11
6924.919209091733
 21
9002.849082014152
 31
0.0
  0
LINE
  5
323
330
17
100
AcDbEntity
  8
Hachura
 62
0
370
9
100
AcDbLine
 10
6913.441303135158
 20
8996.318959371807
 30
0.0
 11
6913.441303135158
 21
9004.133621116436
 31
0.0
  0
LINE
  5
324
330
17
100
AcDbEntity
  8
Hachura
 62
0
370
9
100
AcDbLine
 10
6920.148496663287
 20
9000.138615892403
 30
0.0
 11
6920.148496663287
 21
9003.492212683266
 31
0.0
  0
LINE
  5
325
330
17
100
AcDbEntity
  8
Hachura
 62
0
370
9
100
AcDbLine
 10
6920.080779805959
 20
9000.138615892403
 30
0.0
 11
6920.080779805959
 21
9003.492212683266
 31
0.0
  0
LINE
  5
326
330
17
100
AcDbEntity
  8
Hachura
 62
0
370
9
100
AcDbLine
 10
6916.923884389118
 20
9003.750181630898
 30
0.0
 11
6916.923884389118
 21
8999.880646901893
 31
0.0
  0
LINE
  5
327
330
17
100
AcDbEntity
  8
Hachura
 62
0
370
9
100
AcDbLine
 10
6914.344194569782
 20
9008.264638814735
 30
0.0
 11
6914.344194569782
 21
8995.366189718057
 31
0.0
  0
LINE
  5
328
330
17
100
AcDbEntity
  8
Hachura
 62
0
370
9
100
AcDbLine
 10
6913.441303135158
 20
8995.366189718057
 30
0.0
 11
6913.441303135158
 21
9008.261097050341
 31
0.0
  0
LINE
  5
329
330
17
100
AcDbEntity
  8
Hachura
 62
0
370
9
100
AcDbLine
 10
6920.148496663287
 20
9002.46033672123
 30
0.0
 11
6916.923884389118
 21
9002.46033672123
 31
0.0
  0
LINE
  5
32A
330
17
100
AcDbEntity
  8
Hachura
 62
0
370
9
100
AcDbLine
 10
6920.148496663287
 20
9003.492212683266
 30
0.0
 11
6916.923884389118
 21
9003.492212683266
 31
0.0
  0
LINE
  5
32B
330
17
100
AcDbEntity
  8
Hachura
 62
0
370
9
100
AcDbLine
 10
6914.344194569782
 20
9001.815414266395
 30
0.0
 11
6914.344194569782
 21
9003.750181630898
 31
0.0
  0
LINE
  5
32C
330
17
100
AcDbEntity
  8
Hachura
 62
0
370
9
100
AcDbLine
 10
6914.344194569782
 20
9003.105259176065
 30
0.0
 11
6914.344194569782
 21
9002.46033672123
 31
0.0
  0
LINE
  5
32D
330
17
100
AcDbEntity
  8
Hachura
 62
0
370
9
100
AcDbLine
 10
6914.344194569782
 20
9001.821054628757
 30
0.0
 11
6913.441303135158
 21
9001.821054628757
 31
0.0
  0
LINE
  5
32E
330
17
100
AcDbEntity
  8
Hachura
 62
0
370
9
100
AcDbLine
 10
6914.344194569782
 20
9002.127596320106
 30
0.0
 11
6916.34335375924
 21
9002.127596320106
 31
0.0
  0
LINE
  5
32F
330
17
100
AcDbEntity
  8
Hachura
 62
0
370
9
100
AcDbLine
 10
6916.34335375924
 20
9001.611658339087
 30
0.0
 11
6914.344194569782
 21
9001.611658339087
 31
0.0
  0
LINE
  5
330
330
17
100
AcDbEntity
  8
Hachura
 62
0
370
9
100
AcDbLine
 10
6914.36246912685
 20
9004.855290890127
 30
0.0
 11
6913.435246451768
 21
9004.855290890127
 31
0.0
  0
LINE
  5
331
330
17
100
AcDbEntity
  8
Hachura
 62
0
370
9
100
AcDbLine
 10
6913.591349013081
 20
9002.775029899145
 30
0.0
 11
6914.0244168188
 21
9002.775029899145
 31
0.0
  0
LINE
  5
332
330
17
100
AcDbEntity
  8
Hachura
 62
0
370
9
100
AcDbLine
 10
6914.344194569782
 20
9003.750181630898
 30
0.0
 11
6916.923884389118
 21
9003.750181630898
 31
0.0
  0
LINE
  5
333
330
17
100
AcDbEntity
  8
Hachura
 62
0
370
9
100
AcDbLine
 10
6914.0244168188
 20
9002.775029899145
 30
0.0
 11
6914.236271467915
 21
9002.775029899145
 31
0.0
  0
LINE
  5
334
330
17
100
AcDbEntity
  8
Hachura
 62
0
370
9
100
AcDbLine
 10
6913.441303135158
 20
9008.261097050341
 30
0.0
 11
6918.577971717244
 21
9008.261097050341
 31
0.0
  0
LINE
  5
335
330
17
100
AcDbEntity
  8
Hachura
 62
0
370
9
100
AcDbLine
 10
6918.60068277383
 20
9006.587840440741
 30
0.0
 11
6916.390374455977
 21
9006.006180366687
 31
0.0
  0
LINE
  5
336
330
17
100
AcDbEntity
  8
Hachura
 62
0
370
9
100
AcDbLine
 10
6918.60068277383
 20
9008.264638814735
 30
0.0
 11
6918.60068277383
 21
9006.587840440741
 31
0.0
  0
LINE
  5
337
330
17
100
AcDbEntity
  8
Hachura
 62
0
370
9
100
AcDbLine
 10
6916.149977449748
 20
9005.694336328314
 30
0.0
 11
6916.149977449748
 21
9003.750181630898
 31
0.0
  0
LINE
  5
338
330
17
100
AcDbEntity
  8
Hachura
 62
0
370
9
100
AcDbLine
 10
6914.344194569782
 20
9008.264638814735
 30
0.0
 11
6914.344194569782
 21
9003.105259176065
 31
0.0
  0
LINE
  5
339
330
17
100
AcDbEntity
  8
Hachura
 62
0
370
9
100
AcDbLine
 10
6918.60068277383
 20
8997.042988134926
 30
0.0
 11
6916.390374455977
 21
8997.624648208983
 31
0.0
  0
LINE
  5
33A
330
17
100
AcDbEntity
  8
Hachura
 62
0
370
9
100
AcDbLine
 10
6916.923884389118
 20
9000.138615892403
 30
0.0
 11
6920.148496663287
 21
9000.138615892403
 31
0.0
  0
LINE
  5
33B
330
17
100
AcDbEntity
  8
Hachura
 62
0
370
9
100
AcDbLine
 10
6920.148496663287
 20
9000.91252286393
 30
0.0
 11
6916.923884389118
 21
9000.91252286393
 31
0.0
  0
LINE
  5
33C
330
17
100
AcDbEntity
  8
Hachura
 62
0
370
9
100
AcDbLine
 10
6914.36246912685
 20
8998.789276295918
 30
0.0
 11
6913.441303135158
 21
8998.789276295918
 31
0.0
  0
LINE
  5
33D
330
17
100
AcDbEntity
  8
Hachura
 62
0
370
9
100
AcDbLine
 10
6914.217893550962
 20
9000.84026253464
 30
0.0
 11
6913.7848257559635
 21
9000.84026253464
 31
0.0
  0
LINE
  5
33E
330
17
100
AcDbEntity
  8
Hachura
 62
0
370
9
100
AcDbLine
 10
6914.36246912685
 20
8997.357022691054
 30
0.0
 11
6913.435246451768
 21
8997.357022691054
 31
0.0
  0
LINE
  5
33F
330
17
100
AcDbEntity
  8
Hachura
 62
0
370
9
100
AcDbLine
 10
6916.923884389118
 20
8999.880646901893
 30
0.0
 11
6914.344194569782
 21
8999.880646901895
 31
0.0
  0
LINE
  5
340
330
17
100
AcDbEntity
  8
Hachura
 62
0
370
9
100
AcDbLine
 10
6916.923884389118
 20
8999.880646901893
 30
0.0
 11
6916.923884389118
 21
9000.138615892403
 31
0.0
  0
LINE
  5
341
330
17
100
AcDbEntity
  8
Hachura
 62
0
370
9
100
AcDbLine
 10
6916.923884389118
 20
8999.880646901893
 30
0.0
 11
6916.923884389118
 21
9000.138615892403
 31
0.0
  0
LINE
  5
342
330
17
100
AcDbEntity
  8
Hachura
 62
0
370
9
100
AcDbLine
 10
6916.149977449748
 20
8997.936492247358
 30
0.0
 11
6916.149977449748
 21
8999.884528825572
 31
0.0
  0
LINE
  5
343
330
17
100
AcDbEntity
  8
Hachura
 62
0
370
9
100
AcDbLine
 10
6914.344194569782
 20
8995.366189718057
 30
0.0
 11
6918.60068277383
 21
8995.366189718057
 31
0.0
  0
LINE
  5
344
330
17
100
AcDbEntity
  8
Hachura
 62
0
370
9
100
AcDbLine
 10
6914.344194569782
 20
8995.366189718057
 30
0.0
 11
6913.441303135158
 21
8995.366189718057
 31
0.0
  0
LINE
  5
345
330
17
100
AcDbEntity
  8
Hachura
 62
0
370
9
100
AcDbLine
 10
6914.36246912685
 20
8996.51452077485
 30
0.0
 11
6913.435246451768
 21
8996.51452077485
 31
0.0
  0
LINE
  5
346
330
17
100
AcDbEntity
  8
Hachura
 62
0
370
9
100
AcDbLine
 10
6914.36246912685
 20
8996.051144542993
 30
0.0
 11
6913.435246451768
 21
8996.051144542993
 31
0.0
  0
LINE
  5
347
330
17
100
AcDbEntity
  8
Hachura
 62
0
370
9
100
AcDbLine
 10
6914.36246912685
 20
8995.714143810816
 30
0.0
 11
6913.435246451768
 21
8995.714143810816
 31
0.0
  0
LINE
  5
348
330
17
100
AcDbEntity
  8
Hachura
 62
0
370
9
100
AcDbLine
 10
6914.36246912685
 20
8995.50351806377
 30
0.0
 11
6913.435246451768
 21
8995.50351806377
 31
0.0
  0
LINE
  5
349
330
17
100
AcDbEntity
  8
Hachura
 62
0
370
9
100
AcDbLine
 10
6918.60068277383
 20
8995.366189718057
 30
0.0
 11
6918.60068277383
 21
8997.042988134926
 31
0.0
  0
LINE
  5
34A
330
17
100
AcDbEntity
  8
Hachura
 62
0
370
9
100
AcDbLine
 10
6920.148496663287
 20
9001.686429811441
 30
0.0
 11
6920.781969946113
 21
9002.953376364407
 31
0.0
  0
LINE
  5
34B
330
17
100
AcDbEntity
  8
Hachura
 62
0
370
9
100
AcDbLine
 10
6920.148496663287
 20
9001.94439878926
 30
0.0
 11
6920.599942384672
 21
9002.84729023203
 31
0.0
  0
LINE
  5
34C
330
17
100
AcDbEntity
  8
Hachura
 62
0
370
9
100
AcDbLine
 10
6920.148496663287
 20
9002.847290232032
 30
0.0
 11
6920.599942384672
 21
9002.847290232032
 31
0.0
  0
LINE
  5
34D
330
17
100
AcDbEntity
  8
Hachura
 62
0
370
9
100
AcDbLine
 10
6914.36246912685
 20
9006.270264077344
 30
0.0
 11
6913.435246451768
 21
9006.270264077344
 31
0.0
  0
LINE
  5
34E
330
17
100
AcDbEntity
  8
Hachura
 62
0
370
9
100
AcDbLine
 10
6914.36246912685
 20
9007.112765993548
 30
0.0
 11
6913.435246451768
 21
9007.112765993548
 31
0.0
  0
LINE
  5
34F
330
17
100
AcDbEntity
  8
Hachura
 62
0
370
9
100
AcDbLine
 10
6914.36246912685
 20
9007.576142225405
 30
0.0
 11
6913.435246451768
 21
9007.576142225405
 31
0.0
  0
LINE
  5
350
330
17
100
AcDbEntity
  8
Hachura
 62
0
370
9
100
AcDbLine
 10
6914.36246912685
 20
9007.913142957583
 30
0.0
 11
6913.435246451768
 21
9007.913142957583
 31
0.0
  0
LINE
  5
351
330
17
100
AcDbEntity
  8
Hachura
 62
0
370
9
100
AcDbLine
 10
6914.36246912685
 20
9008.123768704629
 30
0.0
 11
6913.435246451768
 21
9008.123768704629
 31
0.0
  0
LINE
  5
352
330
17
100
AcDbEntity
  8
Hachura
 62
0
370
9
100
AcDbLine
 10
6729.395901291355
 20
9002.849172411547
 30
0.0
 11
6728.7509788365205
 21
9002.849172411547
 31
0.0
  0
LINE
  5
353
330
17
100
AcDbEntity
  8
Hachura
 62
0
370
9
100
AcDbLine
 10
6728.23504087694
 20
9002.849172411547
 30
0.0
 11
6729.202424559194
 21
9000.914405047044
 31
0.0
  0
LINE
  5
354
330
17
100
AcDbEntity
  8
Hachura
 62
0
370
9
100
AcDbLine
 10
6728.327683717493
 20
9002.921855742392
 30
0.0
 11
6729.410490053393
 21
9000.756242984835
 31
0.0
  0
LINE
  5
355
330
17
100
AcDbEntity
  8
Hachura
 62
0
370
9
100
AcDbLine
 10
6729.63924013085
 20
9000.814680875257
 30
0.0
 11
6728.568951275079
 21
9002.955258543921
 31
0.0
  0
LINE
  5
356
330
17
100
AcDbEntity
  8
Hachura
 62
0
370
9
100
AcDbLine
 10
6729.718362518769
 20
9000.914405047044
 30
0.0
 11
6728.7509788365205
 21
9002.849172411547
 31
0.0
  0
LINE
  5
357
330
17
100
AcDbEntity
  8
Hachura
 62
0
370
9
100
AcDbLine
 10
6730.363284973603
 20
9000.914405047044
 30
0.0
 11
6729.718362518769
 21
9000.914405047044
 31
0.0
  0
LINE
  5
358
330
17
100
AcDbEntity
  8
Hachura
 62
0
370
9
100
AcDbLine
 10
6732.040083358316
 20
9000.914405047044
 30
0.0
 11
6732.68500581315
 21
9000.914405047044
 31
0.0
  0
LINE
  5
359
330
17
100
AcDbEntity
  8
Hachura
 62
0
370
9
100
AcDbLine
 10
6731.0910775930215
 20
9000.914405047044
 30
0.0
 11
6730.879222943906
 21
9000.914405047044
 31
0.0
  0
LINE
  5
35A
330
17
100
AcDbEntity
  8
Hachura
 62
0
370
9
100
AcDbLine
 10
6731.0910775930215
 20
9000.914405047044
 30
0.0
 11
6731.5241453987355
 21
9000.914405047044
 31
0.0
  0
LINE
  5
35B
330
17
100
AcDbEntity
  8
Hachura
 62
0
370
9
100
AcDbLine
 10
6730.556761716486
 20
9002.849172411547
 30
0.0
 11
6729.911839261652
 21
9002.849172411547
 31
0.0
  0
LINE
  5
35C
330
17
100
AcDbEntity
  8
Hachura
 62
0
370
9
100
AcDbLine
 10
6731.717622130901
 20
9002.849172411547
 30
0.0
 11
6731.072699676067
 21
9002.849172411547
 31
0.0
  0
LINE
  5
35D
330
17
100
AcDbEntity
  8
Hachura
 62
0
370
9
100
AcDbLine
 10
6729.395901291355
 20
9002.849172411547
 30
0.0
 11
6730.363284973603
 21
9000.914405047044
 31
0.0
  0
LINE
  5
35E
330
17
100
AcDbEntity
  8
Hachura
 62
0
370
9
100
AcDbLine
 10
6729.488544142624
 20
9002.921855742392
 30
0.0
 11
6730.571350478524
 21
9000.756242984835
 31
0.0
  0
LINE
  5
35F
330
17
100
AcDbEntity
  8
Hachura
 62
0
370
9
100
AcDbLine
 10
6730.800100545261
 20
9000.814680875257
 30
0.0
 11
6729.729811700211
 21
9002.955258543921
 31
0.0
  0
LINE
  5
360
330
17
100
AcDbEntity
  8
Hachura
 62
0
370
9
100
AcDbLine
 10
6730.879222943906
 20
9000.914405047044
 30
0.0
 11
6729.911839261652
 21
9002.849172411547
 31
0.0
  0
LINE
  5
361
330
17
100
AcDbEntity
  8
Hachura
 62
0
370
9
100
AcDbLine
 10
6731.717622130901
 20
9002.849172411547
 30
0.0
 11
6732.68500581315
 21
9000.914405047044
 31
0.0
  0
LINE
  5
362
330
17
100
AcDbEntity
  8
Hachura
 62
0
370
9
100
AcDbLine
 10
6730.556761716486
 20
9002.849172411547
 30
0.0
 11
6731.5241453987355
 21
9000.914405047044
 31
0.0
  0
LINE
  5
363
330
17
100
AcDbEntity
  8
Hachura
 62
0
370
9
100
AcDbLine
 10
6730.649404557039
 20
9002.921855742392
 30
0.0
 11
6731.732210892939
 21
9000.756242984835
 31
0.0
  0
LINE
  5
364
330
17
100
AcDbEntity
  8
Hachura
 62
0
370
9
100
AcDbLine
 10
6731.960960959675
 20
9000.814680875257
 30
0.0
 11
6730.890672114625
 21
9002.955258543921
 31
0.0
  0
LINE
  5
365
330
17
100
AcDbEntity
  8
Hachura
 62
0
370
9
100
AcDbLine
 10
6732.040083358316
 20
9000.914405047044
 30
0.0
 11
6731.072699676067
 21
9002.849172411547
 31
0.0
  0
LINE
  5
366
330
17
100
AcDbEntity
  8
Hachura
 62
0
370
9
100
AcDbLine
 10
6727.912683288121
 20
9001.172166717479
 30
0.0
 11
6728.041564144779
 21
9000.914405047044
 31
0.0
  0
LINE
  5
367
330
17
100
AcDbEntity
  8
Hachura
 62
0
370
9
100
AcDbLine
 10
6727.912683288121
 20
9001.430135707988
 30
0.0
 11
6728.2496296497
 21
9000.756242984835
 31
0.0
  0
LINE
  5
368
330
17
100
AcDbEntity
  8
Hachura
 62
0
370
9
100
AcDbLine
 10
6727.914293384704
 20
9000.916196832764
 30
0.0
 11
6727.591832135846
 21
9001.238658060181
 31
0.0
  0
LINE
  5
369
330
17
100
AcDbEntity
  8
Hachura
 62
0
370
9
100
AcDbLine
 10
6728.55750210436
 20
9000.914405047044
 30
0.0
 11
6729.202424559194
 21
9000.914405047044
 31
0.0
  0
LINE
  5
36A
330
17
100
AcDbEntity
  8
Hachura
 62
0
370
9
100
AcDbLine
 10
6728.23504087694
 20
9002.849172411547
 30
0.0
 11
6727.912683288121
 21
9002.849172411547
 31
0.0
  0
LINE
  5
36B
330
17
100
AcDbEntity
  8
Hachura
 62
0
370
9
100
AcDbLine
 10
6727.914293363266
 20
9002.851049698038
 30
0.0
 11
6727.591832135846
 21
9002.52850296985
 31
0.0
  0
LINE
  5
36C
330
17
100
AcDbEntity
  8
Hachura
 62
0
370
9
100
AcDbLine
 10
6730.12369392149
 20
9002.849172411547
 30
0.0
 11
6729.911839272374
 21
9002.849172411547
 31
0.0
  0
LINE
  5
36D
330
17
100
AcDbEntity
  8
Hachura
 62
0
370
9
100
AcDbLine
 10
6728.4783797164355
 20
9000.814680875257
 30
0.0
 11
6727.912683288121
 21
9001.946073689005
 31
0.0
  0
LINE
  5
36E
330
17
100
AcDbEntity
  8
Hachura
 62
0
370
9
100
AcDbLine
 10
6728.55750210436
 20
9000.914405047044
 30
0.0
 11
6727.912683288121
 21
9002.204042636637
 31
0.0
  0
LINE
  5
36F
330
17
100
AcDbEntity
  8
Hachura
 62
0
370
9
100
AcDbLine
 10
6727.591832135846
 20
9002.52850296985
 30
0.0
 11
6727.591832135846
 21
9001.238658060181
 31
0.0
  0
LINE
  5
370
330
17
100
AcDbEntity
  8
Hachura
 62
0
370
9
100
AcDbLine
 10
6728.23504087694
 20
9002.849172411547
 30
0.0
 11
6729.202424559194
 21
9000.914405047044
 31
0.0
  0
LINE
  5
371
330
17
100
AcDbEntity
  8
Hachura
 62
0
370
9
100
AcDbLine
 10
6727.914293384704
 20
9000.916196832764
 30
0.0
 11
6727.914293384704
 21
9002.850964197267
 31
0.0
  0
LINE
  5
372
330
17
100
AcDbEntity
  8
Hachura
 62
0
370
9
100
AcDbLine
 10
6739.39219934128
 20
8996.32084155492
 30
0.0
 11
6739.39219934128
 21
9004.135503299549
 31
0.0
  0
LINE
  5
373
330
17
100
AcDbEntity
  8
Hachura
 62
0
370
9
100
AcDbLine
 10
6732.68500581315
 20
9000.140498075516
 30
0.0
 11
6732.68500581315
 21
9003.49409486638
 31
0.0
  0
LINE
  5
374
330
17
100
AcDbEntity
  8
Hachura
 62
0
370
9
100
AcDbLine
 10
6732.752722670479
 20
9000.140498075516
 30
0.0
 11
6732.752722670479
 21
9003.49409486638
 31
0.0
  0
LINE
  5
375
330
17
100
AcDbEntity
  8
Hachura
 62
0
370
9
100
AcDbLine
 10
6735.909618087319
 20
9003.752063814012
 30
0.0
 11
6735.909618087319
 21
8999.882529085007
 31
0.0
  0
LINE
  5
376
330
17
100
AcDbEntity
  8
Hachura
 62
0
370
9
100
AcDbLine
 10
6738.489307906655
 20
9008.266520997848
 30
0.0
 11
6738.489307906655
 21
8995.36807190117
 31
0.0
  0
LINE
  5
377
330
17
100
AcDbEntity
  8
Hachura
 62
0
370
9
100
AcDbLine
 10
6739.39219934128
 20
8995.36807190117
 30
0.0
 11
6739.39219934128
 21
9008.262979233454
 31
0.0
  0
LINE
  5
378
330
17
100
AcDbEntity
  8
Hachura
 62
0
370
9
100
AcDbLine
 10
6732.68500581315
 20
9002.462218904344
 30
0.0
 11
6735.909618087319
 21
9002.462218904344
 31
0.0
  0
LINE
  5
379
330
17
100
AcDbEntity
  8
Hachura
 62
0
370
9
100
AcDbLine
 10
6732.68500581315
 20
9003.49409486638
 30
0.0
 11
6735.909618087319
 21
9003.49409486638
 31
0.0
  0
LINE
  5
37A
330
17
100
AcDbEntity
  8
Hachura
 62
0
370
9
100
AcDbLine
 10
6738.489307906655
 20
9001.81729644951
 30
0.0
 11
6738.489307906655
 21
9003.752063814012
 31
0.0
  0
LINE
  5
37B
330
17
100
AcDbEntity
  8
Hachura
 62
0
370
9
100
AcDbLine
 10
6738.489307906655
 20
9003.107141359178
 30
0.0
 11
6738.489307906655
 21
9002.462218904344
 31
0.0
  0
LINE
  5
37C
330
17
100
AcDbEntity
  8
Hachura
 62
0
370
9
100
AcDbLine
 10
6738.489307906655
 20
9001.82293681187
 30
0.0
 11
6739.39219934128
 21
9001.82293681187
 31
0.0
  0
LINE
  5
37D
330
17
100
AcDbEntity
  8
Hachura
 62
0
370
9
100
AcDbLine
 10
6738.489307906655
 20
9002.129478503219
 30
0.0
 11
6736.490148717197
 21
9002.129478503219
 31
0.0
  0
LINE
  5
37E
330
17
100
AcDbEntity
  8
Hachura
 62
0
370
9
100
AcDbLine
 10
6736.490148717197
 20
9001.6135405222
 30
0.0
 11
6738.489307906655
 21
9001.6135405222
 31
0.0
  0
LINE
  5
37F
330
17
100
AcDbEntity
  8
Hachura
 62
0
370
9
100
AcDbLine
 10
6738.471033349588
 20
9004.857173073242
 30
0.0
 11
6739.3982560246695
 21
9004.85717307324
 31
0.0
  0
LINE
  5
380
330
17
100
AcDbEntity
  8
Hachura
 62
0
370
9
100
AcDbLine
 10
6739.242153463357
 20
9002.776912082258
 30
0.0
 11
6738.809085657637
 21
9002.776912082258
 31
0.0
  0
LINE
  5
381
330
17
100
AcDbEntity
  8
Hachura
 62
0
370
9
100
AcDbLine
 10
6738.489307906655
 20
9003.752063814012
 30
0.0
 11
6735.909618087319
 21
9003.752063814012
 31
0.0
  0
LINE
  5
382
330
17
100
AcDbEntity
  8
Hachura
 62
0
370
9
100
AcDbLine
 10
6738.809085657637
 20
9002.776912082258
 30
0.0
 11
6738.597231008523
 21
9002.776912082258
 31
0.0
  0
LINE
  5
383
330
17
100
AcDbEntity
  8
Hachura
 62
0
370
9
100
AcDbLine
 10
6739.39219934128
 20
9008.262979233454
 30
0.0
 11
6734.255530759194
 21
9008.262979233456
 31
0.0
  0
LINE
  5
384
330
17
100
AcDbEntity
  8
Hachura
 62
0
370
9
100
AcDbLine
 10
6734.232819702607
 20
9006.589722623856
 30
0.0
 11
6736.443128020461
 21
9006.008062549801
 31
0.0
  0
LINE
  5
385
330
17
100
AcDbEntity
  8
Hachura
 62
0
370
9
100
AcDbLine
 10
6734.232819702607
 20
9008.266520997848
 30
0.0
 11
6734.232819702607
 21
9006.589722623856
 31
0.0
  0
LINE
  5
386
330
17
100
AcDbEntity
  8
Hachura
 62
0
370
9
100
AcDbLine
 10
6736.6835250266895
 20
9005.696218511428
 30
0.0
 11
6736.6835250266895
 21
9003.752063814012
 31
0.0
  0
LINE
  5
387
330
17
100
AcDbEntity
  8
Hachura
 62
0
370
9
100
AcDbLine
 10
6738.489307906655
 20
9008.266520997848
 30
0.0
 11
6738.489307906655
 21
9003.107141359178
 31
0.0
  0
LINE
  5
388
330
17
100
AcDbEntity
  8
Hachura
 62
0
370
9
100
AcDbLine
 10
6734.232819702607
 20
8997.044870318041
 30
0.0
 11
6736.443128020461
 21
8997.626530392095
 31
0.0
  0
LINE
  5
389
330
17
100
AcDbEntity
  8
Hachura
 62
0
370
9
100
AcDbLine
 10
6735.909618087319
 20
9000.140498075516
 30
0.0
 11
6732.68500581315
 21
9000.140498075516
 31
0.0
  0
LINE
  5
38A
330
17
100
AcDbEntity
  8
Hachura
 62
0
370
9
100
AcDbLine
 10
6732.68500581315
 20
9000.914405047044
 30
0.0
 11
6735.909618087319
 21
9000.914405047044
 31
0.0
  0
LINE
  5
38B
330
17
100
AcDbEntity
  8
Hachura
 62
0
370
9
100
AcDbLine
 10
6738.471033349588
 20
8998.79115847903
 30
0.0
 11
6739.39219934128
 21
8998.79115847903
 31
0.0
  0
LINE
  5
38C
330
17
100
AcDbEntity
  8
Hachura
 62
0
370
9
100
AcDbLine
 10
6738.6156089254755
 20
9000.842144717755
 30
0.0
 11
6739.048676720474
 21
9000.842144717755
 31
0.0
  0
LINE
  5
38D
330
17
100
AcDbEntity
  8
Hachura
 62
0
370
9
100
AcDbLine
 10
6738.471033349588
 20
8997.358904874167
 30
0.0
 11
6739.3982560246695
 21
8997.358904874167
 31
0.0
  0
LINE
  5
38E
330
17
100
AcDbEntity
  8
Hachura
 62
0
370
9
100
AcDbLine
 10
6735.909618087319
 20
8999.882529085007
 30
0.0
 11
6738.489307906655
 21
8999.882529085007
 31
0.0
  0
LINE
  5
38F
330
17
100
AcDbEntity
  8
Hachura
 62
0
370
9
100
AcDbLine
 10
6735.909618087319
 20
8999.882529085007
 30
0.0
 11
6735.909618087319
 21
9000.140498075516
 31
0.0
  0
LINE
  5
390
330
17
100
AcDbEntity
  8
Hachura
 62
0
370
9
100
AcDbLine
 10
6735.909618087319
 20
8999.882529085007
 30
0.0
 11
6735.909618087319
 21
9000.140498075516
 31
0.0
  0
LINE
  5
391
330
17
100
AcDbEntity
  8
Hachura
 62
0
370
9
100
AcDbLine
 10
6736.6835250266895
 20
8997.93837443047
 30
0.0
 11
6736.6835250266895
 21
8999.886411008685
 31
0.0
  0
LINE
  5
392
330
17
100
AcDbEntity
  8
Hachura
 62
0
370
9
100
AcDbLine
 10
6738.489307906655
 20
8995.36807190117
 30
0.0
 11
6734.232819702607
 21
8995.36807190117
 31
0.0
  0
LINE
  5
393
330
17
100
AcDbEntity
  8
Hachura
 62
0
370
9
100
AcDbLine
 10
6738.489307906655
 20
8995.36807190117
 30
0.0
 11
6739.39219934128
 21
8995.36807190117
 31
0.0
  0
LINE
  5
394
330
17
100
AcDbEntity
  8
Hachura
 62
0
370
9
100
AcDbLine
 10
6738.471033349588
 20
8996.516402957965
 30
0.0
 11
6739.3982560246695
 21
8996.516402957965
 31
0.0
  0
LINE
  5
395
330
17
100
AcDbEntity
  8
Hachura
 62
0
370
9
100
AcDbLine
 10
6738.471033349588
 20
8996.053026726106
 30
0.0
 11
6739.3982560246695
 21
8996.053026726106
 31
0.0
  0
LINE
  5
396
330
17
100
AcDbEntity
  8
Hachura
 62
0
370
9
100
AcDbLine
 10
6738.471033349588
 20
8995.716025993928
 30
0.0
 11
6739.3982560246695
 21
8995.716025993928
 31
0.0
  0
LINE
  5
397
330
17
100
AcDbEntity
  8
Hachura
 62
0
370
9
100
AcDbLine
 10
6738.471033349588
 20
8995.505400246882
 30
0.0
 11
6739.3982560246695
 21
8995.505400246882
 31
0.0
  0
LINE
  5
398
330
17
100
AcDbEntity
  8
Hachura
 62
0
370
9
100
AcDbLine
 10
6734.232819702607
 20
8995.36807190117
 30
0.0
 11
6734.232819702607
 21
8997.044870318041
 31
0.0
  0
LINE
  5
399
330
17
100
AcDbEntity
  8
Hachura
 62
0
370
9
100
AcDbLine
 10
6732.68500581315
 20
9001.688311994554
 30
0.0
 11
6732.051532530324
 21
9002.95525854752
 31
0.0
  0
LINE
  5
39A
330
17
100
AcDbEntity
  8
Hachura
 62
0
370
9
100
AcDbLine
 10
6732.68500581315
 20
9001.946280972374
 30
0.0
 11
6732.233560091765
 21
9002.849172415144
 31
0.0
  0
LINE
  5
39B
330
17
100
AcDbEntity
  8
Hachura
 62
0
370
9
100
AcDbLine
 10
6732.68500581315
 20
9002.849172415144
 30
0.0
 11
6732.233560091765
 21
9002.849172415144
 31
0.0
  0
LINE
  5
39C
330
17
100
AcDbEntity
  8
Hachura
 62
0
370
9
100
AcDbLine
 10
6738.471033349588
 20
9006.272146260459
 30
0.0
 11
6739.3982560246695
 21
9006.272146260457
 31
0.0
  0
LINE
  5
39D
330
17
100
AcDbEntity
  8
Hachura
 62
0
370
9
100
AcDbLine
 10
6738.471033349588
 20
9007.114648176661
 30
0.0
 11
6739.3982560246695
 21
9007.11464817666
 31
0.0
  0
LINE
  5
39E
330
17
100
AcDbEntity
  8
Hachura
 62
0
370
9
100
AcDbLine
 10
6738.471033349588
 20
9007.578024408518
 30
0.0
 11
6739.3982560246695
 21
9007.578024408518
 31
0.0
  0
LINE
  5
39F
330
17
100
AcDbEntity
  8
Hachura
 62
0
370
9
100
AcDbLine
 10
6738.471033349588
 20
9007.915025140697
 30
0.0
 11
6739.3982560246695
 21
9007.915025140695
 31
0.0
  0
LINE
  5
3A0
330
17
100
AcDbEntity
  8
Hachura
 62
0
370
9
100
AcDbLine
 10
6738.471033349588
 20
9008.125650887741
 30
0.0
 11
6739.3982560246695
 21
9008.125650887741
 31
0.0
  0
LINE
  5
3A1
330
17
100
AcDbEntity
  8
Hachura
 62
0
370
9
100
AcDbLine
 10
6923.437601185083
 20
8856.84729028466
 30
0.0
 11
6924.082523639917
 21
8856.84729028466
 31
0.0
  0
LINE
  5
3A2
330
17
100
AcDbEntity
  8
Hachura
 62
0
370
9
100
AcDbLine
 10
6924.598461599498
 20
8856.84729028466
 30
0.0
 11
6923.631077917244
 21
8854.912522920158
 31
0.0
  0
LINE
  5
3A3
330
17
100
AcDbEntity
  8
Hachura
 62
0
370
9
100
AcDbLine
 10
6924.505818758945
 20
8856.919973615508
 30
0.0
 11
6923.423012423044
 21
8854.754360857949
 31
0.0
  0
LINE
  5
3A4
330
17
100
AcDbEntity
  8
Hachura
 62
0
370
9
100
AcDbLine
 10
6923.194262345587
 20
8854.812798748371
 30
0.0
 11
6924.264551201359
 21
8856.953376417037
 31
0.0
  0
LINE
  5
3A5
330
17
100
AcDbEntity
  8
Hachura
 62
0
370
9
100
AcDbLine
 10
6923.115139957668
 20
8854.912522920158
 30
0.0
 11
6924.082523639917
 21
8856.84729028466
 31
0.0
  0
LINE
  5
3A6
330
17
100
AcDbEntity
  8
Hachura
 62
0
370
9
100
AcDbLine
 10
6922.470217502834
 20
8854.912522920158
 30
0.0
 11
6923.115139957668
 21
8854.912522920158
 31
0.0
  0
LINE
  5
3A7
330
17
100
AcDbEntity
  8
Hachura
 62
0
370
9
100
AcDbLine
 10
6920.793419118121
 20
8854.912522920158
 30
0.0
 11
6920.148496663287
 21
8854.912522920158
 31
0.0
  0
LINE
  5
3A8
330
17
100
AcDbEntity
  8
Hachura
 62
0
370
9
100
AcDbLine
 10
6921.742424883416
 20
8854.912522920158
 30
0.0
 11
6921.9542795325315
 21
8854.912522920158
 31
0.0
  0
LINE
  5
3A9
330
17
100
AcDbEntity
  8
Hachura
 62
0
370
9
100
AcDbLine
 10
6921.742424883416
 20
8854.912522920158
 30
0.0
 11
6921.309357077702
 21
8854.912522920158
 31
0.0
  0
LINE
  5
3AA
330
17
100
AcDbEntity
  8
Hachura
 62
0
370
9
100
AcDbLine
 10
6922.276740759951
 20
8856.84729028466
 30
0.0
 11
6922.921663214785
 21
8856.84729028466
 31
0.0
  0
LINE
  5
3AB
330
17
100
AcDbEntity
  8
Hachura
 62
0
370
9
100
AcDbLine
 10
6921.115880345536
 20
8856.84729028466
 30
0.0
 11
6921.760802800371
 21
8856.84729028466
 31
0.0
  0
LINE
  5
3AC
330
17
100
AcDbEntity
  8
Hachura
 62
0
370
9
100
AcDbLine
 10
6923.437601185083
 20
8856.84729028466
 30
0.0
 11
6922.470217502834
 21
8854.912522920158
 31
0.0
  0
LINE
  5
3AD
330
17
100
AcDbEntity
  8
Hachura
 62
0
370
9
100
AcDbLine
 10
6923.344958333813
 20
8856.919973615508
 30
0.0
 11
6922.262151997913
 21
8854.754360857949
 31
0.0
  0
LINE
  5
3AE
330
17
100
AcDbEntity
  8
Hachura
 62
0
370
9
100
AcDbLine
 10
6922.033401931177
 20
8854.812798748371
 30
0.0
 11
6923.103690776226
 21
8856.953376417037
 31
0.0
  0
LINE
  5
3AF
330
17
100
AcDbEntity
  8
Hachura
 62
0
370
9
100
AcDbLine
 10
6921.9542795325315
 20
8854.912522920158
 30
0.0
 11
6922.921663214785
 21
8856.84729028466
 31
0.0
  0
LINE
  5
3B0
330
17
100
AcDbEntity
  8
Hachura
 62
0
370
9
100
AcDbLine
 10
6921.115880345536
 20
8856.84729028466
 30
0.0
 11
6920.148496663287
 21
8854.912522920158
 31
0.0
  0
LINE
  5
3B1
330
17
100
AcDbEntity
  8
Hachura
 62
0
370
9
100
AcDbLine
 10
6922.276740759951
 20
8856.84729028466
 30
0.0
 11
6921.309357077702
 21
8854.912522920158
 31
0.0
  0
LINE
  5
3B2
330
17
100
AcDbEntity
  8
Hachura
 62
0
370
9
100
AcDbLine
 10
6922.1840979193985
 20
8856.919973615508
 30
0.0
 11
6921.101291583498
 21
8854.754360857949
 31
0.0
  0
LINE
  5
3B3
330
17
100
AcDbEntity
  8
Hachura
 62
0
370
9
100
AcDbLine
 10
6920.872541516763
 20
8854.812798748371
 30
0.0
 11
6921.942830361812
 21
8856.953376417037
 31
0.0
  0
LINE
  5
3B4
330
17
100
AcDbEntity
  8
Hachura
 62
0
370
9
100
AcDbLine
 10
6920.793419118121
 20
8854.912522920158
 30
0.0
 11
6921.760802800371
 21
8856.84729028466
 31
0.0
  0
LINE
  5
3B5
330
17
100
AcDbEntity
  8
Hachura
 62
0
370
9
100
AcDbLine
 10
6924.920819188316
 20
8855.170284590593
 30
0.0
 11
6924.7919383316585
 21
8854.912522920158
 31
0.0
  0
LINE
  5
3B6
330
17
100
AcDbEntity
  8
Hachura
 62
0
370
9
100
AcDbLine
 10
6924.920819188316
 20
8855.428253581103
 30
0.0
 11
6924.583872826737
 21
8854.754360857949
 31
0.0
  0
LINE
  5
3B7
330
17
100
AcDbEntity
  8
Hachura
 62
0
370
9
100
AcDbLine
 10
6924.919209091733
 20
8854.914314705878
 30
0.0
 11
6925.241670340592
 21
8855.236775933296
 31
0.0
  0
LINE
  5
3B8
330
17
100
AcDbEntity
  8
Hachura
 62
0
370
9
100
AcDbLine
 10
6924.276000372078
 20
8854.912522920158
 30
0.0
 11
6923.631077917244
 21
8854.912522920158
 31
0.0
  0
LINE
  5
3B9
330
17
100
AcDbEntity
  8
Hachura
 62
0
370
9
100
AcDbLine
 10
6924.598461599498
 20
8856.84729028466
 30
0.0
 11
6924.920819188316
 21
8856.84729028466
 31
0.0
  0
LINE
  5
3BA
330
17
100
AcDbEntity
  8
Hachura
 62
0
370
9
100
AcDbLine
 10
6924.919209113172
 20
8856.849167571152
 30
0.0
 11
6925.241670340592
 21
8856.526620842964
 31
0.0
  0
LINE
  5
3BB
330
17
100
AcDbEntity
  8
Hachura
 62
0
370
9
100
AcDbLine
 10
6922.709808554948
 20
8856.84729028466
 30
0.0
 11
6922.921663204063
 21
8856.84729028466
 31
0.0
  0
LINE
  5
3BC
330
17
100
AcDbEntity
  8
Hachura
 62
0
370
9
100
AcDbLine
 10
6924.355122760002
 20
8854.812798748371
 30
0.0
 11
6924.920819188316
 21
8855.944191562121
 31
0.0
  0
LINE
  5
3BD
330
17
100
AcDbEntity
  8
Hachura
 62
0
370
9
100
AcDbLine
 10
6924.276000372078
 20
8854.912522920158
 30
0.0
 11
6924.920819188316
 21
8856.20216050975
 31
0.0
  0
LINE
  5
3BE
330
17
100
AcDbEntity
  8
Hachura
 62
0
370
9
100
AcDbLine
 10
6925.241670340592
 20
8856.526620842964
 30
0.0
 11
6925.241670340592
 21
8855.236775933296
 31
0.0
  0
LINE
  5
3BF
330
17
100
AcDbEntity
  8
Hachura
 62
0
370
9
100
AcDbLine
 10
6924.598461599498
 20
8856.84729028466
 30
0.0
 11
6923.631077917244
 21
8854.912522920158
 31
0.0
  0
LINE
  5
3C0
330
17
100
AcDbEntity
  8
Hachura
 62
0
370
9
100
AcDbLine
 10
6924.919209091733
 20
8854.914314705878
 30
0.0
 11
6924.919209091733
 21
8856.849082070381
 31
0.0
  0
LINE
  5
3C1
330
17
100
AcDbEntity
  8
Hachura
 62
0
370
9
100
AcDbLine
 10
6913.441303135158
 20
8850.318959428036
 30
0.0
 11
6913.441303135158
 21
8858.133621172665
 31
0.0
  0
LINE
  5
3C2
330
17
100
AcDbEntity
  8
Hachura
 62
0
370
9
100
AcDbLine
 10
6920.148496663287
 20
8854.138615948632
 30
0.0
 11
6920.148496663287
 21
8857.492212739495
 31
0.0
  0
LINE
  5
3C3
330
17
100
AcDbEntity
  8
Hachura
 62
0
370
9
100
AcDbLine
 10
6920.080779805959
 20
8854.138615948632
 30
0.0
 11
6920.080779805959
 21
8857.492212739495
 31
0.0
  0
LINE
  5
3C4
330
17
100
AcDbEntity
  8
Hachura
 62
0
370
9
100
AcDbLine
 10
6916.923884389118
 20
8857.750181687126
 30
0.0
 11
6916.923884389118
 21
8853.880646958121
 31
0.0
  0
LINE
  5
3C5
330
17
100
AcDbEntity
  8
Hachura
 62
0
370
9
100
AcDbLine
 10
6914.344194569782
 20
8862.264638870964
 30
0.0
 11
6914.344194569782
 21
8849.366189774286
 31
0.0
  0
LINE
  5
3C6
330
17
100
AcDbEntity
  8
Hachura
 62
0
370
9
100
AcDbLine
 10
6913.441303135158
 20
8849.366189774286
 30
0.0
 11
6913.441303135158
 21
8862.26109710657
 31
0.0
  0
LINE
  5
3C7
330
17
100
AcDbEntity
  8
Hachura
 62
0
370
9
100
AcDbLine
 10
6920.148496663287
 20
8856.460336777458
 30
0.0
 11
6916.923884389118
 21
8856.460336777458
 31
0.0
  0
LINE
  5
3C8
330
17
100
AcDbEntity
  8
Hachura
 62
0
370
9
100
AcDbLine
 10
6920.148496663287
 20
8857.492212739495
 30
0.0
 11
6916.923884389118
 21
8857.492212739495
 31
0.0
  0
LINE
  5
3C9
330
17
100
AcDbEntity
  8
Hachura
 62
0
370
9
100
AcDbLine
 10
6914.344194569782
 20
8855.815414322624
 30
0.0
 11
6914.344194569782
 21
8857.750181687126
 31
0.0
  0
LINE
  5
3CA
330
17
100
AcDbEntity
  8
Hachura
 62
0
370
9
100
AcDbLine
 10
6914.344194569782
 20
8857.105259232294
 30
0.0
 11
6914.344194569782
 21
8856.460336777458
 31
0.0
  0
LINE
  5
3CB
330
17
100
AcDbEntity
  8
Hachura
 62
0
370
9
100
AcDbLine
 10
6914.344194569782
 20
8855.821054684986
 30
0.0
 11
6913.441303135158
 21
8855.821054684986
 31
0.0
  0
LINE
  5
3CC
330
17
100
AcDbEntity
  8
Hachura
 62
0
370
9
100
AcDbLine
 10
6914.344194569782
 20
8856.127596376335
 30
0.0
 11
6916.34335375924
 21
8856.127596376335
 31
0.0
  0
LINE
  5
3CD
330
17
100
AcDbEntity
  8
Hachura
 62
0
370
9
100
AcDbLine
 10
6916.34335375924
 20
8855.611658395315
 30
0.0
 11
6914.344194569782
 21
8855.611658395315
 31
0.0
  0
LINE
  5
3CE
330
17
100
AcDbEntity
  8
Hachura
 62
0
370
9
100
AcDbLine
 10
6914.36246912685
 20
8858.855290946356
 30
0.0
 11
6913.435246451768
 21
8858.855290946356
 31
0.0
  0
LINE
  5
3CF
330
17
100
AcDbEntity
  8
Hachura
 62
0
370
9
100
AcDbLine
 10
6913.591349013081
 20
8856.775029955374
 30
0.0
 11
6914.0244168188
 21
8856.775029955374
 31
0.0
  0
LINE
  5
3D0
330
17
100
AcDbEntity
  8
Hachura
 62
0
370
9
100
AcDbLine
 10
6914.344194569782
 20
8857.750181687126
 30
0.0
 11
6916.923884389118
 21
8857.750181687126
 31
0.0
  0
LINE
  5
3D1
330
17
100
AcDbEntity
  8
Hachura
 62
0
370
9
100
AcDbLine
 10
6914.0244168188
 20
8856.775029955374
 30
0.0
 11
6914.236271467915
 21
8856.775029955374
 31
0.0
  0
LINE
  5
3D2
330
17
100
AcDbEntity
  8
Hachura
 62
0
370
9
100
AcDbLine
 10
6913.441303135158
 20
8862.26109710657
 30
0.0
 11
6918.577971717244
 21
8862.26109710657
 31
0.0
  0
LINE
  5
3D3
330
17
100
AcDbEntity
  8
Hachura
 62
0
370
9
100
AcDbLine
 10
6918.60068277383
 20
8860.58784049697
 30
0.0
 11
6916.390374455977
 21
8860.006180422915
 31
0.0
  0
LINE
  5
3D4
330
17
100
AcDbEntity
  8
Hachura
 62
0
370
9
100
AcDbLine
 10
6918.60068277383
 20
8862.264638870964
 30
0.0
 11
6918.60068277383
 21
8860.58784049697
 31
0.0
  0
LINE
  5
3D5
330
17
100
AcDbEntity
  8
Hachura
 62
0
370
9
100
AcDbLine
 10
6916.149977449748
 20
8859.694336384542
 30
0.0
 11
6916.149977449748
 21
8857.750181687126
 31
0.0
  0
LINE
  5
3D6
330
17
100
AcDbEntity
  8
Hachura
 62
0
370
9
100
AcDbLine
 10
6914.344194569782
 20
8862.264638870964
 30
0.0
 11
6914.344194569782
 21
8857.105259232294
 31
0.0
  0
LINE
  5
3D7
330
17
100
AcDbEntity
  8
Hachura
 62
0
370
9
100
AcDbLine
 10
6918.60068277383
 20
8851.042988191155
 30
0.0
 11
6916.390374455977
 21
8851.624648265211
 31
0.0
  0
LINE
  5
3D8
330
17
100
AcDbEntity
  8
Hachura
 62
0
370
9
100
AcDbLine
 10
6916.923884389118
 20
8854.138615948632
 30
0.0
 11
6920.148496663287
 21
8854.138615948632
 31
0.0
  0
LINE
  5
3D9
330
17
100
AcDbEntity
  8
Hachura
 62
0
370
9
100
AcDbLine
 10
6920.148496663287
 20
8854.912522920158
 30
0.0
 11
6916.923884389118
 21
8854.912522920158
 31
0.0
  0
LINE
  5
3DA
330
17
100
AcDbEntity
  8
Hachura
 62
0
370
9
100
AcDbLine
 10
6914.36246912685
 20
8852.789276352147
 30
0.0
 11
6913.441303135158
 21
8852.789276352147
 31
0.0
  0
LINE
  5
3DB
330
17
100
AcDbEntity
  8
Hachura
 62
0
370
9
100
AcDbLine
 10
6914.217893550962
 20
8854.84026259087
 30
0.0
 11
6913.7848257559635
 21
8854.84026259087
 31
0.0
  0
LINE
  5
3DC
330
17
100
AcDbEntity
  8
Hachura
 62
0
370
9
100
AcDbLine
 10
6914.36246912685
 20
8851.357022747283
 30
0.0
 11
6913.435246451768
 21
8851.357022747283
 31
0.0
  0
LINE
  5
3DD
330
17
100
AcDbEntity
  8
Hachura
 62
0
370
9
100
AcDbLine
 10
6916.923884389118
 20
8853.880646958121
 30
0.0
 11
6914.344194569782
 21
8853.880646958123
 31
0.0
  0
LINE
  5
3DE
330
17
100
AcDbEntity
  8
Hachura
 62
0
370
9
100
AcDbLine
 10
6916.923884389118
 20
8853.880646958121
 30
0.0
 11
6916.923884389118
 21
8854.138615948632
 31
0.0
  0
LINE
  5
3DF
330
17
100
AcDbEntity
  8
Hachura
 62
0
370
9
100
AcDbLine
 10
6916.923884389118
 20
8853.880646958121
 30
0.0
 11
6916.923884389118
 21
8854.138615948632
 31
0.0
  0
LINE
  5
3E0
330
17
100
AcDbEntity
  8
Hachura
 62
0
370
9
100
AcDbLine
 10
6916.149977449748
 20
8851.936492303586
 30
0.0
 11
6916.149977449748
 21
8853.884528881801
 31
0.0
  0
LINE
  5
3E1
330
17
100
AcDbEntity
  8
Hachura
 62
0
370
9
100
AcDbLine
 10
6914.344194569782
 20
8849.366189774286
 30
0.0
 11
6918.60068277383
 21
8849.366189774286
 31
0.0
  0
LINE
  5
3E2
330
17
100
AcDbEntity
  8
Hachura
 62
0
370
9
100
AcDbLine
 10
6914.344194569782
 20
8849.366189774286
 30
0.0
 11
6913.441303135158
 21
8849.366189774286
 31
0.0
  0
LINE
  5
3E3
330
17
100
AcDbEntity
  8
Hachura
 62
0
370
9
100
AcDbLine
 10
6914.36246912685
 20
8850.514520831079
 30
0.0
 11
6913.435246451768
 21
8850.514520831079
 31
0.0
  0
LINE
  5
3E4
330
17
100
AcDbEntity
  8
Hachura
 62
0
370
9
100
AcDbLine
 10
6914.36246912685
 20
8850.051144599222
 30
0.0
 11
6913.435246451768
 21
8850.051144599222
 31
0.0
  0
LINE
  5
3E5
330
17
100
AcDbEntity
  8
Hachura
 62
0
370
9
100
AcDbLine
 10
6914.36246912685
 20
8849.714143867044
 30
0.0
 11
6913.435246451768
 21
8849.714143867044
 31
0.0
  0
LINE
  5
3E6
330
17
100
AcDbEntity
  8
Hachura
 62
0
370
9
100
AcDbLine
 10
6914.36246912685
 20
8849.503518119998
 30
0.0
 11
6913.435246451768
 21
8849.503518119998
 31
0.0
  0
LINE
  5
3E7
330
17
100
AcDbEntity
  8
Hachura
 62
0
370
9
100
AcDbLine
 10
6918.60068277383
 20
8849.366189774286
 30
0.0
 11
6918.60068277383
 21
8851.042988191155
 31
0.0
  0
LINE
  5
3E8
330
17
100
AcDbEntity
  8
Hachura
 62
0
370
9
100
AcDbLine
 10
6920.148496663287
 20
8855.68642986767
 30
0.0
 11
6920.781969946113
 21
8856.953376420635
 31
0.0
  0
LINE
  5
3E9
330
17
100
AcDbEntity
  8
Hachura
 62
0
370
9
100
AcDbLine
 10
6920.148496663287
 20
8855.944398845488
 30
0.0
 11
6920.599942384672
 21
8856.847290288259
 31
0.0
  0
LINE
  5
3EA
330
17
100
AcDbEntity
  8
Hachura
 62
0
370
9
100
AcDbLine
 10
6920.148496663287
 20
8856.84729028826
 30
0.0
 11
6920.599942384672
 21
8856.84729028826
 31
0.0
  0
LINE
  5
3EB
330
17
100
AcDbEntity
  8
Hachura
 62
0
370
9
100
AcDbLine
 10
6914.36246912685
 20
8860.270264133573
 30
0.0
 11
6913.435246451768
 21
8860.270264133573
 31
0.0
  0
LINE
  5
3EC
330
17
100
AcDbEntity
  8
Hachura
 62
0
370
9
100
AcDbLine
 10
6914.36246912685
 20
8861.112766049777
 30
0.0
 11
6913.435246451768
 21
8861.112766049777
 31
0.0
  0
LINE
  5
3ED
330
17
100
AcDbEntity
  8
Hachura
 62
0
370
9
100
AcDbLine
 10
6914.36246912685
 20
8861.576142281634
 30
0.0
 11
6913.435246451768
 21
8861.576142281634
 31
0.0
  0
LINE
  5
3EE
330
17
100
AcDbEntity
  8
Hachura
 62
0
370
9
100
AcDbLine
 10
6914.36246912685
 20
8861.913143013811
 30
0.0
 11
6913.435246451768
 21
8861.913143013811
 31
0.0
  0
LINE
  5
3EF
330
17
100
AcDbEntity
  8
Hachura
 62
0
370
9
100
AcDbLine
 10
6914.36246912685
 20
8862.123768760857
 30
0.0
 11
6913.435246451768
 21
8862.123768760857
 31
0.0
  0
LINE
  5
3F0
330
17
100
AcDbEntity
  8
Hachura
 62
0
370
9
100
AcDbLine
 10
6729.395901291355
 20
8856.849172467773
 30
0.0
 11
6728.7509788365205
 21
8856.849172467773
 31
0.0
  0
LINE
  5
3F1
330
17
100
AcDbEntity
  8
Hachura
 62
0
370
9
100
AcDbLine
 10
6728.23504087694
 20
8856.849172467773
 30
0.0
 11
6729.202424559194
 21
8854.91440510327
 31
0.0
  0
LINE
  5
3F2
330
17
100
AcDbEntity
  8
Hachura
 62
0
370
9
100
AcDbLine
 10
6728.327683717493
 20
8856.921855798619
 30
0.0
 11
6729.410490053393
 21
8854.756243041062
 31
0.0
  0
LINE
  5
3F3
330
17
100
AcDbEntity
  8
Hachura
 62
0
370
9
100
AcDbLine
 10
6729.63924013085
 20
8854.814680931484
 30
0.0
 11
6728.568951275079
 21
8856.955258600148
 31
0.0
  0
LINE
  5
3F4
330
17
100
AcDbEntity
  8
Hachura
 62
0
370
9
100
AcDbLine
 10
6729.718362518769
 20
8854.91440510327
 30
0.0
 11
6728.7509788365205
 21
8856.849172467773
 31
0.0
  0
LINE
  5
3F5
330
17
100
AcDbEntity
  8
Hachura
 62
0
370
9
100
AcDbLine
 10
6730.363284973603
 20
8854.91440510327
 30
0.0
 11
6729.718362518769
 21
8854.91440510327
 31
0.0
  0
LINE
  5
3F6
330
17
100
AcDbEntity
  8
Hachura
 62
0
370
9
100
AcDbLine
 10
6732.040083358316
 20
8854.91440510327
 30
0.0
 11
6732.68500581315
 21
8854.91440510327
 31
0.0
  0
LINE
  5
3F7
330
17
100
AcDbEntity
  8
Hachura
 62
0
370
9
100
AcDbLine
 10
6731.0910775930215
 20
8854.91440510327
 30
0.0
 11
6730.879222943906
 21
8854.91440510327
 31
0.0
  0
LINE
  5
3F8
330
17
100
AcDbEntity
  8
Hachura
 62
0
370
9
100
AcDbLine
 10
6731.0910775930215
 20
8854.91440510327
 30
0.0
 11
6731.5241453987355
 21
8854.91440510327
 31
0.0
  0
LINE
  5
3F9
330
17
100
AcDbEntity
  8
Hachura
 62
0
370
9
100
AcDbLine
 10
6730.556761716486
 20
8856.849172467773
 30
0.0
 11
6729.911839261652
 21
8856.849172467773
 31
0.0
  0
LINE
  5
3FA
330
17
100
AcDbEntity
  8
Hachura
 62
0
370
9
100
AcDbLine
 10
6731.717622130901
 20
8856.849172467773
 30
0.0
 11
6731.072699676067
 21
8856.849172467773
 31
0.0
  0
LINE
  5
3FB
330
17
100
AcDbEntity
  8
Hachura
 62
0
370
9
100
AcDbLine
 10
6729.395901291355
 20
8856.849172467773
 30
0.0
 11
6730.363284973603
 21
8854.91440510327
 31
0.0
  0
LINE
  5
3FC
330
17
100
AcDbEntity
  8
Hachura
 62
0
370
9
100
AcDbLine
 10
6729.488544142624
 20
8856.921855798619
 30
0.0
 11
6730.571350478524
 21
8854.756243041062
 31
0.0
  0
LINE
  5
3FD
330
17
100
AcDbEntity
  8
Hachura
 62
0
370
9
100
AcDbLine
 10
6730.800100545261
 20
8854.814680931484
 30
0.0
 11
6729.729811700211
 21
8856.955258600148
 31
0.0
  0
LINE
  5
3FE
330
17
100
AcDbEntity
  8
Hachura
 62
0
370
9
100
AcDbLine
 10
6730.879222943906
 20
8854.91440510327
 30
0.0
 11
6729.911839261652
 21
8856.849172467773
 31
0.0
  0
LINE
  5
3FF
330
17
100
AcDbEntity
  8
Hachura
 62
0
370
9
100
AcDbLine
 10
6731.717622130901
 20
8856.849172467773
 30
0.0
 11
6732.68500581315
 21
8854.91440510327
 31
0.0
  0
LINE
  5
400
330
17
100
AcDbEntity
  8
Hachura
 62
0
370
9
100
AcDbLine
 10
6730.556761716486
 20
8856.849172467773
 30
0.0
 11
6731.5241453987355
 21
8854.91440510327
 31
0.0
  0
LINE
  5
401
330
17
100
AcDbEntity
  8
Hachura
 62
0
370
9
100
AcDbLine
 10
6730.649404557039
 20
8856.921855798619
 30
0.0
 11
6731.732210892939
 21
8854.756243041062
 31
0.0
  0
LINE
  5
402
330
17
100
AcDbEntity
  8
Hachura
 62
0
370
9
100
AcDbLine
 10
6731.960960959675
 20
8854.814680931484
 30
0.0
 11
6730.890672114625
 21
8856.955258600148
 31
0.0
  0
LINE
  5
403
330
17
100
AcDbEntity
  8
Hachura
 62
0
370
9
100
AcDbLine
 10
6732.040083358316
 20
8854.91440510327
 30
0.0
 11
6731.072699676067
 21
8856.849172467773
 31
0.0
  0
LINE
  5
404
330
17
100
AcDbEntity
  8
Hachura
 62
0
370
9
100
AcDbLine
 10
6727.912683288121
 20
8855.172166773706
 30
0.0
 11
6728.041564144779
 21
8854.91440510327
 31
0.0
  0
LINE
  5
405
330
17
100
AcDbEntity
  8
Hachura
 62
0
370
9
100
AcDbLine
 10
6727.912683288121
 20
8855.430135764214
 30
0.0
 11
6728.2496296497
 21
8854.756243041062
 31
0.0
  0
LINE
  5
406
330
17
100
AcDbEntity
  8
Hachura
 62
0
370
9
100
AcDbLine
 10
6727.914293384704
 20
8854.916196888991
 30
0.0
 11
6727.591832135846
 21
8855.238658116408
 31
0.0
  0
LINE
  5
407
330
17
100
AcDbEntity
  8
Hachura
 62
0
370
9
100
AcDbLine
 10
6728.55750210436
 20
8854.91440510327
 30
0.0
 11
6729.202424559194
 21
8854.91440510327
 31
0.0
  0
LINE
  5
408
330
17
100
AcDbEntity
  8
Hachura
 62
0
370
9
100
AcDbLine
 10
6728.23504087694
 20
8856.849172467773
 30
0.0
 11
6727.912683288121
 21
8856.849172467773
 31
0.0
  0
LINE
  5
409
330
17
100
AcDbEntity
  8
Hachura
 62
0
370
9
100
AcDbLine
 10
6727.914293363266
 20
8856.851049754265
 30
0.0
 11
6727.591832135846
 21
8856.528503026077
 31
0.0
  0
LINE
  5
40A
330
17
100
AcDbEntity
  8
Hachura
 62
0
370
9
100
AcDbLine
 10
6730.12369392149
 20
8856.849172467773
 30
0.0
 11
6729.911839272374
 21
8856.849172467773
 31
0.0
  0
LINE
  5
40B
330
17
100
AcDbEntity
  8
Hachura
 62
0
370
9
100
AcDbLine
 10
6728.4783797164355
 20
8854.814680931484
 30
0.0
 11
6727.912683288121
 21
8855.946073745232
 31
0.0
  0
LINE
  5
40C
330
17
100
AcDbEntity
  8
Hachura
 62
0
370
9
100
AcDbLine
 10
6728.55750210436
 20
8854.91440510327
 30
0.0
 11
6727.912683288121
 21
8856.204042692863
 31
0.0
  0
LINE
  5
40D
330
17
100
AcDbEntity
  8
Hachura
 62
0
370
9
100
AcDbLine
 10
6727.591832135846
 20
8856.528503026077
 30
0.0
 11
6727.591832135846
 21
8855.238658116408
 31
0.0
  0
LINE
  5
40E
330
17
100
AcDbEntity
  8
Hachura
 62
0
370
9
100
AcDbLine
 10
6728.23504087694
 20
8856.849172467773
 30
0.0
 11
6729.202424559194
 21
8854.91440510327
 31
0.0
  0
LINE
  5
40F
330
17
100
AcDbEntity
  8
Hachura
 62
0
370
9
100
AcDbLine
 10
6727.914293384704
 20
8854.916196888991
 30
0.0
 11
6727.914293384704
 21
8856.850964253494
 31
0.0
  0
LINE
  5
410
330
17
100
AcDbEntity
  8
Hachura
 62
0
370
9
100
AcDbLine
 10
6739.39219934128
 20
8850.320841611147
 30
0.0
 11
6739.39219934128
 21
8858.135503355776
 31
0.0
  0
LINE
  5
411
330
17
100
AcDbEntity
  8
Hachura
 62
0
370
9
100
AcDbLine
 10
6732.68500581315
 20
8854.140498131743
 30
0.0
 11
6732.68500581315
 21
8857.494094922607
 31
0.0
  0
LINE
  5
412
330
17
100
AcDbEntity
  8
Hachura
 62
0
370
9
100
AcDbLine
 10
6732.752722670479
 20
8854.140498131743
 30
0.0
 11
6732.752722670479
 21
8857.494094922607
 31
0.0
  0
LINE
  5
413
330
17
100
AcDbEntity
  8
Hachura
 62
0
370
9
100
AcDbLine
 10
6735.909618087319
 20
8857.752063870239
 30
0.0
 11
6735.909618087319
 21
8853.882529141234
 31
0.0
  0
LINE
  5
414
330
17
100
AcDbEntity
  8
Hachura
 62
0
370
9
100
AcDbLine
 10
6738.489307906655
 20
8862.266521054074
 30
0.0
 11
6738.489307906655
 21
8849.368071957397
 31
0.0
  0
LINE
  5
415
330
17
100
AcDbEntity
  8
Hachura
 62
0
370
9
100
AcDbLine
 10
6739.39219934128
 20
8849.368071957397
 30
0.0
 11
6739.39219934128
 21
8862.26297928968
 31
0.0
  0
LINE
  5
416
330
17
100
AcDbEntity
  8
Hachura
 62
0
370
9
100
AcDbLine
 10
6732.68500581315
 20
8856.46221896057
 30
0.0
 11
6735.909618087319
 21
8856.46221896057
 31
0.0
  0
LINE
  5
417
330
17
100
AcDbEntity
  8
Hachura
 62
0
370
9
100
AcDbLine
 10
6732.68500581315
 20
8857.494094922607
 30
0.0
 11
6735.909618087319
 21
8857.494094922607
 31
0.0
  0
LINE
  5
418
330
17
100
AcDbEntity
  8
Hachura
 62
0
370
9
100
AcDbLine
 10
6738.489307906655
 20
8855.817296505737
 30
0.0
 11
6738.489307906655
 21
8857.752063870239
 31
0.0
  0
LINE
  5
419
330
17
100
AcDbEntity
  8
Hachura
 62
0
370
9
100
AcDbLine
 10
6738.489307906655
 20
8857.107141415405
 30
0.0
 11
6738.489307906655
 21
8856.46221896057
 31
0.0
  0
LINE
  5
41A
330
17
100
AcDbEntity
  8
Hachura
 62
0
370
9
100
AcDbLine
 10
6738.489307906655
 20
8855.822936868097
 30
0.0
 11
6739.39219934128
 21
8855.822936868097
 31
0.0
  0
LINE
  5
41B
330
17
100
AcDbEntity
  8
Hachura
 62
0
370
9
100
AcDbLine
 10
6738.489307906655
 20
8856.129478559445
 30
0.0
 11
6736.490148717197
 21
8856.129478559445
 31
0.0
  0
LINE
  5
41C
330
17
100
AcDbEntity
  8
Hachura
 62
0
370
9
100
AcDbLine
 10
6736.490148717197
 20
8855.613540578426
 30
0.0
 11
6738.489307906655
 21
8855.613540578426
 31
0.0
  0
LINE
  5
41D
330
17
100
AcDbEntity
  8
Hachura
 62
0
370
9
100
AcDbLine
 10
6738.471033349588
 20
8858.857173129469
 30
0.0
 11
6739.3982560246695
 21
8858.857173129467
 31
0.0
  0
LINE
  5
41E
330
17
100
AcDbEntity
  8
Hachura
 62
0
370
9
100
AcDbLine
 10
6739.242153463357
 20
8856.776912138484
 30
0.0
 11
6738.809085657637
 21
8856.776912138484
 31
0.0
  0
LINE
  5
41F
330
17
100
AcDbEntity
  8
Hachura
 62
0
370
9
100
AcDbLine
 10
6738.489307906655
 20
8857.752063870239
 30
0.0
 11
6735.909618087319
 21
8857.752063870239
 31
0.0
  0
LINE
  5
420
330
17
100
AcDbEntity
  8
Hachura
 62
0
370
9
100
AcDbLine
 10
6738.809085657637
 20
8856.776912138484
 30
0.0
 11
6738.597231008523
 21
8856.776912138484
 31
0.0
  0
LINE
  5
421
330
17
100
AcDbEntity
  8
Hachura
 62
0
370
9
100
AcDbLine
 10
6739.39219934128
 20
8862.26297928968
 30
0.0
 11
6734.255530759194
 21
8862.262979289682
 31
0.0
  0
LINE
  5
422
330
17
100
AcDbEntity
  8
Hachura
 62
0
370
9
100
AcDbLine
 10
6734.232819702607
 20
8860.589722680083
 30
0.0
 11
6736.443128020461
 21
8860.008062606028
 31
0.0
  0
LINE
  5
423
330
17
100
AcDbEntity
  8
Hachura
 62
0
370
9
100
AcDbLine
 10
6734.232819702607
 20
8862.266521054074
 30
0.0
 11
6734.232819702607
 21
8860.589722680083
 31
0.0
  0
LINE
  5
424
330
17
100
AcDbEntity
  8
Hachura
 62
0
370
9
100
AcDbLine
 10
6736.6835250266895
 20
8859.696218567655
 30
0.0
 11
6736.6835250266895
 21
8857.752063870239
 31
0.0
  0
LINE
  5
425
330
17
100
AcDbEntity
  8
Hachura
 62
0
370
9
100
AcDbLine
 10
6738.489307906655
 20
8862.266521054074
 30
0.0
 11
6738.489307906655
 21
8857.107141415405
 31
0.0
  0
LINE
  5
426
330
17
100
AcDbEntity
  8
Hachura
 62
0
370
9
100
AcDbLine
 10
6734.232819702607
 20
8851.044870374268
 30
0.0
 11
6736.443128020461
 21
8851.626530448322
 31
0.0
  0
LINE
  5
427
330
17
100
AcDbEntity
  8
Hachura
 62
0
370
9
100
AcDbLine
 10
6735.909618087319
 20
8854.140498131743
 30
0.0
 11
6732.68500581315
 21
8854.140498131743
 31
0.0
  0
LINE
  5
428
330
17
100
AcDbEntity
  8
Hachura
 62
0
370
9
100
AcDbLine
 10
6732.68500581315
 20
8854.91440510327
 30
0.0
 11
6735.909618087319
 21
8854.91440510327
 31
0.0
  0
LINE
  5
429
330
17
100
AcDbEntity
  8
Hachura
 62
0
370
9
100
AcDbLine
 10
6738.471033349588
 20
8852.791158535258
 30
0.0
 11
6739.39219934128
 21
8852.791158535258
 31
0.0
  0
LINE
  5
42A
330
17
100
AcDbEntity
  8
Hachura
 62
0
370
9
100
AcDbLine
 10
6738.6156089254755
 20
8854.842144773982
 30
0.0
 11
6739.048676720474
 21
8854.842144773982
 31
0.0
  0
LINE
  5
42B
330
17
100
AcDbEntity
  8
Hachura
 62
0
370
9
100
AcDbLine
 10
6738.471033349588
 20
8851.358904930394
 30
0.0
 11
6739.3982560246695
 21
8851.358904930394
 31
0.0
  0
LINE
  5
42C
330
17
100
AcDbEntity
  8
Hachura
 62
0
370
9
100
AcDbLine
 10
6735.909618087319
 20
8853.882529141234
 30
0.0
 11
6738.489307906655
 21
8853.882529141234
 31
0.0
  0
LINE
  5
42D
330
17
100
AcDbEntity
  8
Hachura
 62
0
370
9
100
AcDbLine
 10
6735.909618087319
 20
8853.882529141234
 30
0.0
 11
6735.909618087319
 21
8854.140498131743
 31
0.0
  0
LINE
  5
42E
330
17
100
AcDbEntity
  8
Hachura
 62
0
370
9
100
AcDbLine
 10
6735.909618087319
 20
8853.882529141234
 30
0.0
 11
6735.909618087319
 21
8854.140498131743
 31
0.0
  0
LINE
  5
42F
330
17
100
AcDbEntity
  8
Hachura
 62
0
370
9
100
AcDbLine
 10
6736.6835250266895
 20
8851.938374486697
 30
0.0
 11
6736.6835250266895
 21
8853.886411064912
 31
0.0
  0
LINE
  5
430
330
17
100
AcDbEntity
  8
Hachura
 62
0
370
9
100
AcDbLine
 10
6738.489307906655
 20
8849.368071957397
 30
0.0
 11
6734.232819702607
 21
8849.368071957397
 31
0.0
  0
LINE
  5
431
330
17
100
AcDbEntity
  8
Hachura
 62
0
370
9
100
AcDbLine
 10
6738.489307906655
 20
8849.368071957397
 30
0.0
 11
6739.39219934128
 21
8849.368071957397
 31
0.0
  0
LINE
  5
432
330
17
100
AcDbEntity
  8
Hachura
 62
0
370
9
100
AcDbLine
 10
6738.471033349588
 20
8850.516403014191
 30
0.0
 11
6739.3982560246695
 21
8850.51640301419
 31
0.0
  0
LINE
  5
433
330
17
100
AcDbEntity
  8
Hachura
 62
0
370
9
100
AcDbLine
 10
6738.471033349588
 20
8850.053026782332
 30
0.0
 11
6739.3982560246695
 21
8850.053026782332
 31
0.0
  0
LINE
  5
434
330
17
100
AcDbEntity
  8
Hachura
 62
0
370
9
100
AcDbLine
 10
6738.471033349588
 20
8849.716026050155
 30
0.0
 11
6739.3982560246695
 21
8849.716026050155
 31
0.0
  0
LINE
  5
435
330
17
100
AcDbEntity
  8
Hachura
 62
0
370
9
100
AcDbLine
 10
6738.471033349588
 20
8849.50540030311
 30
0.0
 11
6739.3982560246695
 21
8849.50540030311
 31
0.0
  0
LINE
  5
436
330
17
100
AcDbEntity
  8
Hachura
 62
0
370
9
100
AcDbLine
 10
6734.232819702607
 20
8849.368071957397
 30
0.0
 11
6734.232819702607
 21
8851.044870374268
 31
0.0
  0
LINE
  5
437
330
17
100
AcDbEntity
  8
Hachura
 62
0
370
9
100
AcDbLine
 10
6732.68500581315
 20
8855.688312050781
 30
0.0
 11
6732.051532530324
 21
8856.955258603746
 31
0.0
  0
LINE
  5
438
330
17
100
AcDbEntity
  8
Hachura
 62
0
370
9
100
AcDbLine
 10
6732.68500581315
 20
8855.9462810286
 30
0.0
 11
6732.233560091765
 21
8856.849172471371
 31
0.0
  0
LINE
  5
439
330
17
100
AcDbEntity
  8
Hachura
 62
0
370
9
100
AcDbLine
 10
6732.68500581315
 20
8856.849172471371
 30
0.0
 11
6732.233560091765
 21
8856.849172471371
 31
0.0
  0
LINE
  5
43A
330
17
100
AcDbEntity
  8
Hachura
 62
0
370
9
100
AcDbLine
 10
6738.471033349588
 20
8860.272146316685
 30
0.0
 11
6739.3982560246695
 21
8860.272146316684
 31
0.0
  0
LINE
  5
43B
330
17
100
AcDbEntity
  8
Hachura
 62
0
370
9
100
AcDbLine
 10
6738.471033349588
 20
8861.114648232888
 30
0.0
 11
6739.3982560246695
 21
8861.114648232888
 31
0.0
  0
LINE
  5
43C
330
17
100
AcDbEntity
  8
Hachura
 62
0
370
9
100
AcDbLine
 10
6738.471033349588
 20
8861.578024464747
 30
0.0
 11
6739.3982560246695
 21
8861.578024464745
 31
0.0
  0
LINE
  5
43D
330
17
100
AcDbEntity
  8
Hachura
 62
0
370
9
100
AcDbLine
 10
6738.471033349588
 20
8861.915025196922
 30
0.0
 11
6739.3982560246695
 21
8861.915025196922
 31
0.0
  0
LINE
  5
43E
330
17
100
AcDbEntity
  8
Hachura
 62
0
370
9
100
AcDbLine
 10
6738.471033349588
 20
8862.125650943968
 30
0.0
 11
6739.3982560246695
 21
8862.125650943968
 31
0.0
  0
LWPOLYLINE
  5
43F
330
17
100
AcDbEntity
  8
Painéis
 62
200
370
25
100
AcDbPolyline
 90
4
 70
1
 10
7643.966173331356
 20
8537.161460890464
 10
7688.966173331356
 20
8537.161460890464
 10
7688.966173331356
 20
8535.161460890464
 10
7643.966173331356
 20
8535.161460890464
  0
LWPOLYLINE
  5
440
330
17
100
AcDbEntity
  8
Painéis
 62
200
370
25
100
AcDbPolyline
 90
4
 70
1
 10
7831.057858718269
 20
8537.161460890464
 10
7876.057858718268
 20
8537.161460890464
 10
7876.057858718268
 20
8535.161460890464
 10
7831.057858718269
 20
8535.161460890464
  0
LWPOLYLINE
  5
441
330
17
100
AcDbEntity
  8
Painéis
 62
200
370
25
100
AcDbPolyline
 90
4
 70
1
 10
7325.979645428365
 20
8537.161460890464
 10
7258.979645428365
 20
8537.161460890493
 10
7258.979645428365
 20
8535.161460890493
 10
7325.979645428365
 20
8535.161460890464
  0
LWPOLYLINE
  5
442
330
17
100
AcDbEntity
  8
SARRAFO
 62
251
370
25
100
AcDbPolyline
 90
4
 70
1
 10
6759.416752968391
 20
8969.424624149797
 10
6773.416752954246
 20
8969.424624149913
 10
6773.416752954246
 20
8973.824624144234
 10
6759.416752968391
 20
8973.824624144234
  0
LWPOLYLINE
  5
443
330
17
100
AcDbEntity
  8
SARRAFO
 62
251
370
25
100
AcDbPolyline
 90
4
 70
1
 10
6893.416752924212
 20
8888.224624188493
 10
6879.416752938356
 20
8888.224624188435
 10
6879.416752938356
 20
8883.824624194118
 10
6893.416752924212
 20
8883.824624194118
  0
LWPOLYLINE
  5
444
330
17
100
AcDbEntity
  8
SARRAFO
 62
251
370
25
100
AcDbPolyline
 90
4
 70
1
 10
6893.416752924212
 20
8969.424624149797
 10
6879.416752938356
 20
8969.424624149913
 10
6879.416752938356
 20
8973.824624144234
 10
6893.416752924212
 20
8973.824624144234
  0
LWPOLYLINE
  5
445
330
17
100
AcDbEntity
  8
SARRAFO
 62
251
370
25
100
AcDbPolyline
 90
4
 70
1
 10
6759.416752968391
 20
8888.224624188493
 10
6773.416752954246
 20
8888.224624188435
 10
6773.416752954246
 20
8883.824624194118
 10
6759.416752968391
 20
8883.824624194118
  0
LWPOLYLINE
  5
446
330
17
100
AcDbEntity
  8
Perfil Metálico
 62
224
370
18
100
AcDbPolyline
 90
4
 70
1
 10
6929.4167528924
 20
8995.824624175257
 10
6929.4167528924
 20
9007.824624162218
 10
6723.416753000638
 20
9007.824624162218
 10
6723.416753000638
 20
8995.824624175257
  0
LWPOLYLINE
  5
447
330
17
100
AcDbEntity
  8
Perfil Metálico
 62
224
370
18
100
AcDbPolyline
 90
4
 70
1
 10
6723.416753000638
 20
9011.82462415791
 10
6723.416753000638
 20
8991.824624179504
 10
6929.4167528924
 20
8991.824624179504
 10
6929.4167528924
 20
9011.82462415791
  0
LWPOLYLINE
  5
448
330
17
100
AcDbEntity
  8
Perfil Metálico
 62
224
370
18
100
AcDbPolyline
 90
4
 70
1
 10
6929.4167528924
 20
8861.824624218447
 10
6929.4167528924
 20
8849.824624231485
 10
6723.416753000638
 20
8849.824624231485
 10
6723.416753000638
 20
8861.824624218447
  0
LWPOLYLINE
  5
449
330
17
100
AcDbEntity
  8
Perfil Metálico
 62
224
370
18
100
AcDbPolyline
 90
4
 70
1
 10
6723.416753000638
 20
8845.824624235795
 10
6723.416753000638
 20
8865.824624214198
 10
6929.4167528924
 20
8865.824624214198
 10
6929.4167528924
 20
8845.824624235795
  0
LWPOLYLINE
  5
44A
330
17
100
AcDbEntity
  8
Madeira
 62
126
370
18
100
AcDbPolyline
 90
4
 70
1
 10
6893.432124904823
 20
8865.813011893559
 10
6893.416752924735
 20
8879.813003504407
 10
6759.423741808598
 20
8879.81300350438
 10
6759.439113788684
 20
8865.81301189353
  0
LWPOLYLINE
  5
44B
330
17
100
AcDbEntity
  8
Madeira
 62
126
370
18
100
AcDbPolyline
 90
4
 70
1
 10
6893.432124904823
 20
8991.83623644479
 10
6893.416752924735
 20
8977.83624483394
 10
6759.423741808598
 20
8977.836244833969
 10
6759.439113788684
 20
8991.836236444818
  0
LWPOLYLINE
  5
44C
330
17
100
AcDbEntity
  8
CHAPA
 62
1
370
25
100
AcDbPolyline
 90
4
 70
1
 10
6759.416752968856
 20
8883.824624249472
 10
6759.416752968856
 20
8879.82462424947
 10
6893.416752924212
 20
8879.82462424947
 10
6893.416752924212
 20
8883.824624249472
  0
LWPOLYLINE
  5
44D
330
17
100
AcDbEntity
  8
CHAPA
 62
1
370
25
100
AcDbPolyline
 90
4
 70
1
 10
6759.416752968856
 20
8973.824624088877
 10
6759.416752968856
 20
8977.824624088877
 10
6893.416752924212
 20
8977.824624088877
 10
6893.416752924212
 20
8973.824624088877
  0
LWPOLYLINE
  5
44E
330
17
100
AcDbEntity
  8
CHAPA
 62
1
370
25
100
AcDbPolyline
 90
4
 70
1
 10
6875.016752948664
 20
8973.824624088877
 10
6871.416752948658
 20
8973.824624088877
 10
6871.416752948658
 20
8883.824624249472
 10
6875.016752948664
 20
8883.824624249472
  0
LWPOLYLINE
  5
44F
330
17
100
AcDbEntity
  8
CHAPA
 62
1
370
25
100
AcDbPolyline
 90
4
 70
1
 10
6781.416752948658
 20
8973.824624088935
 10
6777.816752948652
 20
8973.824624088935
 10
6777.816752948652
 20
8883.82462424953
 10
6781.416752948658
 20
8883.82462424953
  0
LWPOLYLINE
  5
450
330
17
100
AcDbEntity
  8
CHAPA
 62
1
370
25
100
AcDbPolyline
 90
4
 70
1
 10
6759.416752968856
 20
8883.824624249472
 10
6759.416752968856
 20
8879.82462424947
 10
6893.416752924212
 20
8879.82462424947
 10
6893.416752924212
 20
8883.824624249472
  0
LWPOLYLINE
  5
451
330
17
100
AcDbEntity
  8
CHAPA
 62
1
370
25
100
AcDbPolyline
 90
4
 70
1
 10
6759.416752968856
 20
8973.824624088877
 10
6759.416752968856
 20
8977.824624088877
 10
6893.416752924212
 20
8977.824624088877
 10
6893.416752924212
 20
8973.824624088877
  0
LWPOLYLINE
  5
452
330
17
100
AcDbEntity
  8
CHAPA
 62
1
370
25
100
AcDbPolyline
 90
4
 70
1
 10
6875.016752948664
 20
8973.824624088877
 10
6871.416752948658
 20
8973.824624088877
 10
6871.416752948658
 20
8883.824624249472
 10
6875.016752948664
 20
8883.824624249472
  0
LWPOLYLINE
  5
453
330
17
100
AcDbEntity
  8
CHAPA
 62
1
370
25
100
AcDbPolyline
 90
4
 70
1
 10
6781.416752948658
 20
8973.824624088935
 10
6777.816752948652
 20
8973.824624088935
 10
6777.816752948652
 20
8883.82462424953
 10
6781.416752948658
 20
8883.82462424953
  0
LWPOLYLINE
  5
454
330
17
100
AcDbEntity
  8
SARRAFO
 62
251
370
25
100
AcDbPolyline
 90
4
 70
1
 10
6875.016752943949
 20
8973.824624144234
 10
6875.016752944038
 20
8883.824624360153
 10
6879.416752938356
 20
8883.824624360153
 10
6879.416752938356
 20
8973.824624144234
  0
LWPOLYLINE
  5
455
330
17
100
AcDbEntity
  8
Painéis
 62
200
370
25
100
AcDbPolyline
 90
4
 70
1
 10
6871.416752948658
 20
8883.824624249472
 10
6871.416752948658
 20
8973.824624088877
 10
6781.416752948658
 20
8973.824624088877
 10
6781.416752948658
 20
8883.824624249472
  0
LWPOLYLINE
  5
456
330
17
100
AcDbEntity
  8
Painéis
 62
200
370
25
100
AcDbPolyline
 90
4
 70
1
 10
7527.705354267033
 20
8537.161460890464
 10
7460.705354267033
 20
8537.161460890493
 10
7460.705354267033
 20
8535.161460890493
 10
7527.705354267033
 20
8535.161460890464
  0
LWPOLYLINE
  5
457
330
17
100
AcDbEntity
  8
SARRAFO
 62
251
370
25
100
AcDbPolyline
 90
4
 70
1
 10
6777.811696815334
 20
8973.829141267328
 10
6777.803332207622
 20
8883.829141871955
 10
6773.403332232309
 20
8883.829550808327
 10
6773.411696839932
 20
8973.829550203702
  0
LWPOLYLINE
  5
458
330
17
100
AcDbEntity
  8
Perfil Metálico
 62
224
370
18
100
AcDbPolyline
 90
4
 70
1
 10
6759.38454400748
 20
9026.428074105694
 10
6739.384544073779
 20
9026.428074105694
 10
6739.445106601866
 20
8831.784695868262
 10
6759.445106535626
 20
8831.784695868262
  0
LWPOLYLINE
  5
459
330
17
100
AcDbEntity
  8
Perfil Metálico
 62
224
370
18
100
AcDbPolyline
 90
4
 70
1
 10
6893.448961885588
 20
9026.428074105694
 10
6913.448961819288
 20
9026.428074105694
 10
6913.388399291202
 20
8831.784695868262
 10
6893.388399357442
 20
8831.784695868262
  0
LWPOLYLINE
  5
45A
330
17
100
AcDbEntity
  8
COTA
 62
241
370
25
100
AcDbPolyline
 90
4
 70
0
 10
7688.966173331356
 20
8774.161460890466
 10
7688.966173331358
 20
8858.161460890464
 10
7643.966173331358
 20
8858.161460890464
 10
7643.966173331356
 20
8774.161460890466
  0
LWPOLYLINE
  5
45B
330
17
100
AcDbEntity
  8
COTA
 62
241
370
25
100
AcDbPolyline
 90
4
 70
0
 10
7876.057858718258
 20
8774.161460890466
 10
7876.057858718261
 20
8858.161460890464
 10
7831.05785871826
 20
8858.161460890464
 10
7831.057858718257
 20
8774.161460890466
  0
LWPOLYLINE
  5
45C
330
17
100
AcDbEntity
  8
Madeira
 62
126
370
18
100
AcDbPolyline
 90
4
 70
1
 10
6879.432133343478
 20
8865.809260708622
 10
6879.416761363429
 20
8879.809252269413
 10
6893.41675292422
 20
8879.824624249462
 10
6893.43212490427
 20
8865.824632688671
  0
LWPOLYLINE
  5
45D
330
17
100
AcDbEntity
  8
Madeira
 62
126
370
18
100
AcDbPolyline
 90
4
 70
1
 10
6773.439105349448
 20
8865.828383898617
 10
6773.423733369399
 20
8879.828375459409
 10
6759.423741808608
 20
8879.81300347936
 10
6759.439113788657
 20
8865.813011918568
  0
LWPOLYLINE
  5
45E
330
17
100
AcDbEntity
  8
Madeira
 62
126
370
18
100
AcDbPolyline
 90
4
 70
1
 10
6822.932222855802
 20
8865.816854952885
 10
6815.932227082537
 20
8865.809168962869
 10
6815.916855102503
 20
8879.8091605094
 10
6822.916850875768
 20
8879.816846499416
  0
LWPOLYLINE
  5
45F
330
17
100
AcDbEntity
  8
Madeira
 62
126
370
18
100
AcDbPolyline
 90
4
 70
1
 10
6879.432133343478
 20
8991.839987629726
 10
6879.416761363429
 20
8977.839996068935
 10
6893.41675292422
 20
8977.824624088886
 10
6893.43212490427
 20
8991.824615649677
  0
LWPOLYLINE
  5
460
330
17
100
AcDbEntity
  8
Madeira
 62
126
370
18
100
AcDbPolyline
 90
4
 70
1
 10
6773.439105349448
 20
8991.820864439731
 10
6773.423733369399
 20
8977.82087287894
 10
6759.423741808608
 20
8977.836244858989
 10
6759.439113788657
 20
8991.83623641978
  0
LWPOLYLINE
  5
461
330
17
100
AcDbEntity
  8
Madeira
 62
126
370
18
100
AcDbPolyline
 90
4
 70
1
 10
6822.932222855802
 20
8991.832393385463
 10
6815.932227082537
 20
8991.840079375479
 10
6815.916855102503
 20
8977.840087828949
 10
6822.916850875768
 20
8977.832401838932
  0
LWPOLYLINE
  5
462
330
17
100
AcDbEntity
  8
Madeira
 62
126
370
18
100
AcDbPolyline
 90
4
 70
1
 10
6879.400478671588
 20
8935.82010417492
 10
6879.4145494911645
 20
8921.820111245921
 10
6893.414542420164
 20
8921.834182065497
 10
6893.4004716005875
 20
8935.834174994498
  0
LWPOLYLINE
  5
463
330
17
100
AcDbEntity
  8
Madeira
 62
126
370
18
100
AcDbPolyline
 90
4
 70
1
 10
6773.424438963317
 20
8935.825028885998
 10
6773.4090669832685
 20
8921.825037325207
 10
6759.409075422477
 20
8921.840409305256
 10
6759.424447402525
 20
8935.840400866047
  0
TEXT
  5
464
330
17
100
AcDbEntity
  8
Texto Seção
 62
7
370
15
100
AcDbText
 10
7635.81507196113
 20
8552.062639421209
 30
0.0
 40
13.0
  1
P15.C
 50
90.0
100
AcDbText
  0
TEXT
  5
465
330
17
100
AcDbEntity
  8
Texto Seção
 62
7
370
15
100
AcDbText
 10
7822.906757348042
 20
8546.451034468679
 30
0.0
 40
13.0
  1
P15.D
 50
90.0
100
AcDbText
  0
TEXT
  5
466
330
17
100
AcDbEntity
  8
Texto Seção
 62
7
370
15
100
AcDbText
 10
7250.035453817282
 20
8551.99005651664
 30
0.0
 40
13.0
  1
P15.A
 50
90.0
100
AcDbText
  0
TEXT
  5
467
330
17
100
AcDbEntity
  8
TEXTO_GERAL
 62
7
370
25
100
AcDbText
 10
6833.061513011188
 20
8896.919088672295
 30
0.0
 40
10.99999999889889
  1
A
100
AcDbText
  0
TEXT
  5
468
330
17
100
AcDbEntity
  8
TEXTO_GERAL
 62
7
370
25
100
AcDbText
 10
6865.397362354255
 20
8956.775651921072
 30
0.0
 40
10.99999999889889
  1
D
100
AcDbText
  0
TEXT
  5
469
330
17
100
AcDbEntity
  8
TEXTO_GERAL
 62
7
370
25
100
AcDbText
 10
6787.157571126215
 20
8959.093567463835
 30
0.0
 40
10.99999999889889
  1
C
100
AcDbText
  0
TEXT
  5
46A
330
17
100
AcDbEntity
  8
TEXTO_GERAL
 62
7
370
25
100
AcDbText
 10
6834.520799785479
 20
8968.65555207471
 30
0.0
 40
10.99999999889889
  1
B
100
AcDbText
  0
TEXT
  5
46B
330
17
100
AcDbEntity
  8
Texto Seção
 62
7
370
15
100
AcDbText
 10
7451.761162655952
 20
8551.99005651664
 30
0.0
 40
13.0
  1
P15.B
 50
90.0
100
AcDbText
  0
TEXT
  5
46C
330
17
100
AcDbEntity
  8
NOMENCLATURA
 62
7
370
25
100
AcDbText
 10
7754.229119364551
 20
8633.933715819607
 30
0.0
 40
16.0
  1
8 sar
 50
90.0
100
AcDbText
  0
TEXT
  5
46D
330
17
100
AcDbEntity
  8
NOMENCLATURA
 62
7
370
25
100
AcDbText
 10
7941.320804751464
 20
8633.933715819607
 30
0.0
 40
16.0
  1
8 sar
 50
90.0
100
AcDbText
  0
TEXT
  5
46E
330
17
100
AcDbEntity
  8
NOMENCLATURA
 62
2
370
25
100
AcDbText
 10
7793.679787976159
 20
9175.67214767297
 30
0.0
 40
16.0
  1
2° PAVIMENTO - PD: 3.23
100
AcDbText
  0
TEXT
  5
46F
330
17
100
AcDbEntity
  8
NIVEL 2° PAV.
 62
240
370
25
100
AcDbText
 10
7052.390965362742
 20
8696.661460890464
 30
0.0
 40
10.0
  1
323
 50
90.0
100
AcDbText
  0
TEXT
  5
470
330
17
100
AcDbEntity
  8
COTA
 62
240
370
25
100
AcDbText
 10
7666.466173331355
 20
8513.376898367102
 30
0.0
 40
10.0
  1
45
100
AcDbText
  0
TEXT
  5
471
330
17
100
AcDbEntity
  8
COTA
 62
240
370
25
100
AcDbText
 10
7719.873590999617
 20
8536.161460890435
 30
0.0
 40
10.0
  1
2
 50
90.0
100
AcDbText
  0
TEXT
  5
472
330
17
100
AcDbEntity
  8
COTA
 62
240
370
25
100
AcDbText
 10
7853.557858718268
 20
8513.376898367102
 30
0.0
 40
10.0
  1
45
100
AcDbText
  0
TEXT
  5
473
330
17
100
AcDbEntity
  8
COTA
 62
240
370
25
100
AcDbText
 10
7906.965276386589
 20
8536.161460890435
 30
0.0
 40
10.0
  1
2
 50
90.0
100
AcDbText
  0
TEXT
  5
474
330
17
100
AcDbEntity
  8
COTA
 62
240
370
25
100
AcDbText
 10
7292.479645428364
 20
8500.651814891762
 30
0.0
 40
10.0
  1
67
100
AcDbText
  0
TEXT
  5
475
330
17
100
AcDbEntity
  8
COTA
 62
240
370
25
100
AcDbText
 10
7334.845142504388
 20
8524.724464341774
 30
0.0
 40
10.0
  1
7
100
AcDbText
  0
TEXT
  5
476
330
17
100
AcDbEntity
  8
COTA
 62
240
370
25
100
AcDbText
 10
7250.114148352341
 20
8524.724464341803
 30
0.0
 40
10.0
  1
7
100
AcDbText
  0
TEXT
  5
477
330
17
100
AcDbEntity
  8
COTA
 62
240
370
25
100
AcDbText
 10
7357.237843639268
 20
8549.908356783402
 30
0.0
 40
10.0
  1
2
 50
90.0
100
AcDbText
  0
TEXT
  5
478
330
17
100
AcDbEntity
  8
COTA
 62
1
370
25
100
AcDbText
 10
6811.865074543195
 20
8963.779047992233
 30
0.0
 40
7.0
  1
45
100
AcDbText
  0
TEXT
  5
479
330
17
100
AcDbEntity
  8
COTA
 62
241
370
25
100
AcDbText
 10
6826.416752946534
 20
9071.333979943423
 30
0.0
 40
10.0
  1
67
100
AcDbText
  0
TEXT
  5
47A
330
17
100
AcDbEntity
  8
COTA
 62
241
370
25
100
AcDbText
 10
6859.916752935372
 20
9047.769289896885
 30
0.0
 40
10.0
  1
33.5
100
AcDbText
  0
TEXT
  5
47B
330
17
100
AcDbEntity
  8
COTA
 62
241
370
25
100
AcDbText
 10
6792.916752957696
 20
9047.769289896856
 30
0.0
 40
10.0
  1
33.5
100
AcDbText
  0
TEXT
  5
47C
330
17
100
AcDbEntity
  8
COTA
 62
1
370
25
100
AcDbText
 10
6868.919067350798
 20
8939.672123824843
 30
0.0
 40
7.0
  1
45
 50
90.0
100
AcDbText
  0
TEXT
  5
47D
330
17
100
AcDbEntity
  8
COTA
 62
241
370
25
100
AcDbText
 10
6826.416752946534
 20
8814.48400464583
 30
0.0
 40
10.0
  1
67(GRADE)
100
AcDbText
  0
TEXT
  5
47E
330
17
100
AcDbEntity
  8
COTA
 62
241
370
25
100
AcDbText
 10
6789.435640086245
 20
8838.415297115338
 30
0.0
 40
10.0
  1
30
100
AcDbText
  0
TEXT
  5
47F
330
17
100
AcDbEntity
  8
COTA
 62
241
370
25
100
AcDbText
 10
6856.432145640695
 20
8838.415297115893
 30
0.0
 40
10.0
  1
37
100
AcDbText
  0
TEXT
  5
480
330
17
100
AcDbEntity
  8
COTA
 62
240
370
25
100
AcDbText
 10
7389.05349105825
 20
8816.661460890484
 30
0.0
 40
10.0
  1
83
 50
90.0
100
AcDbText
  0
TEXT
  5
481
330
17
100
AcDbEntity
  8
COTA
 62
240
370
25
100
AcDbText
 10
7746.474621199861
 20
8655.661460890464
 30
0.0
 40
10.0
  1
237
 50
90.0
100
AcDbText
  0
TEXT
  5
482
330
17
100
AcDbEntity
  8
COTA
 62
240
370
25
100
AcDbText
 10
7494.205354267034
 20
8500.651814891762
 30
0.0
 40
10.0
  1
67
100
AcDbText
  0
TEXT
  5
483
330
17
100
AcDbEntity
  8
COTA
 62
240
370
25
100
AcDbText
 10
7536.570851343056
 20
8524.724464341774
 30
0.0
 40
10.0
  1
7
100
AcDbText
  0
TEXT
  5
484
330
17
100
AcDbEntity
  8
COTA
 62
240
370
25
100
AcDbText
 10
7451.83985719101
 20
8524.724464341803
 30
0.0
 40
10.0
  1
7
100
AcDbText
  0
TEXT
  5
485
330
17
100
AcDbEntity
  8
COTA
 62
240
370
25
100
AcDbText
 10
7558.963552477937
 20
8549.908356783402
 30
0.0
 40
10.0
  1
2
 50
90.0
100
AcDbText
  0
TEXT
  5
486
330
17
100
AcDbEntity
  8
COTA
 62
240
370
25
100
AcDbText
 10
7577.451268209859
 20
8816.161460890486
 30
0.0
 40
10.0
  1
84
 50
90.0
100
AcDbText
  0
TEXT
  5
487
330
17
100
AcDbEntity
  8
COTA
 62
240
370
25
100
AcDbText
 10
7933.566306586801
 20
8655.66146089047
 30
0.0
 40
10.0
  1
237
 50
90.0
100
AcDbText
  0
TEXT
  5
488
330
17
100
AcDbEntity
  8
COTA
 62
240
370
25
100
AcDbText
 10
7389.221619713186
 20
8597.161460890466
 30
0.0
 40
10.0
  1
124
 50
90.0
100
AcDbText
  0
TEXT
  5
489
330
17
100
AcDbEntity
  8
COTA
 62
240
370
25
100
AcDbText
 10
7389.19237994714
 20
8717.161460890464
 30
0.0
 40
10.0
  1
116
 50
90.0
100
AcDbText
  0
TEXT
  5
48A
330
17
100
AcDbEntity
  8
COTA
 62
240
370
25
100
AcDbText
 10
7577.47319803396
 20
8597.161460890466
 30
0.0
 40
10.0
  1
124
 50
90.0
100
AcDbText
  0
TEXT
  5
48B
330
17
100
AcDbEntity
  8
COTA
 62
240
370
25
100
AcDbText
 10
7577.436648326387
 20
8716.661460890464
 30
0.0
 40
10.0
  1
115
 50
90.0
100
AcDbText
  0
TEXT
  5
48C
330
17
100
AcDbEntity
  8
COTA
 62
240
370
25
100
AcDbText
 10
7746.59889020574
 20
8816.161460890467
 30
0.0
 40
10.0
  1
84
 50
90.0
100
AcDbText
  0
TEXT
  5
48D
330
17
100
AcDbEntity
  8
COTA
 62
240
370
25
100
AcDbText
 10
7933.690575592664
 20
8816.161460890467
 30
0.0
 40
10.0
  1
84
 50
90.0
100
AcDbText
  0
TEXT
  5
48E
330
17
100
AcDbEntity
  8
Texto Seção
 62
3
370
15
100
AcDbText
 10
6823.416752946534
 20
9152.327090583587
 30
0.0
 40
17.0
  1

100
AcDbText
  0
TEXT
  5
48F
330
17
100
AcDbEntity
  8
Texto Seção
 62
3
370
15
100
AcDbText
 10
6823.416752946534
 20
9122.426505939266
 30
0.0
 40
12.0
  1

100
AcDbText
  0
TEXT
  5
490
330
17
100
AcDbEntity
  8
Texto Seção
 62
7
370
15
100
AcDbText
 10
6823.416752946534
 20
9096.45507705078
 30
0.0
 40
10.0
  1

100
AcDbText
  0
HATCH
  5
491
330
17
100
AcDbEntity
  8
COTA
 62
7
100
AcDbHatch
 10
0.0
 20
0.0
 30
0.0
210
0.0
220
0.0
230
1.0
  2
AR-CONC
 70
0
 71
0
 91
1
 92
3
 72
0
 73
1
 93
5
 10
7325.979645428181
 20
8858.161460890464
 10
7258.979645428164
 20
8858.161460890464
 10
7258.979645428197
 20
8775.161460890466
 10
7325.979645428244
 20
8775.161460890497
 10
7325.979645428181
 20
8858.161460890464
 97
0
 75
1
 76
1
 52
0.0
 41
1.0
 77
0
 78
13
 53
50.0
 43
0.0
 44
0.0
 45
182.184668996
 46
-15.9390855389
 79
2
 49
19.05
 49
-209.55
 53
355.0
 43
0.0
 44
0.0
 45
-35.243421425
 46
191.056845239
 79
2
 49
15.24
 49
-167.64058417
 53
100.4514447
 43
15.182007
 44
-1.3282535
 45
146.9412470904
 46
175.1177519122
 79
2
 49
16.1900088
 49
-178.0902446
 53
46.1842
 43
0.0
 44
50.8
 45
271.0790408921
 46
-42.0423279327
 79
2
 49
28.575
 49
-314.325
 53
96.63555761
 43
22.5899
 44
47.2965
 45
237.4041340515
 46
247.4261245977
 79
2
 49
24.28502314
 49
-267.13560816
 53
351.18415117
 43
0.0
 44
50.8
 45
237.404134065
 46
247.4261245855
 79
2
 49
22.85996707
 49
-251.45973192
 53
21.0
 43
25.4
 44
38.1
 45
151.6143912691
 46
-102.2651981871
 79
2
 49
19.05
 49
-209.55
 53
326.0
 43
25.4
 44
38.1
 45
61.8020283476
 46
184.1879661223
 79
2
 49
15.24
 49
-167.64
 53
71.451445
 43
38.0345326
 44
29.5779001
 45
213.4164192787
 46
81.9227688859
 79
2
 49
16.1900088
 49
-178.0899376
 53
37.5
 43
0.0
 44
0.0
 45
3.0886032506
 46
84.5550388732
 79
6
 49
0.0
 49
-165.608
 49
0.0
 49
-170.18
 49
0.0
 49
-168.275
 53
7.5
 43
0.0
 44
0.0
 45
66.8196625103
 46
100.1805748181
 79
6
 49
0.0
 49
-97.028
 49
0.0
 49
-161.798
 49
0.0
 49
-64.135
 53
-32.5
 43
-56.642
 44
0.0
 45
135.5905951669
 46
-5.7287439927
 79
6
 49
0.0
 49
-63.5
 49
0.0
 49
-198.12
 49
0.0
 49
-262.89
 53
-42.5
 43
-82.042
 44
0.0
 45
148.129181386
 46
25.4264910333
 79
6
 49
0.0
 49
-82.55
 49
0.0
 49
-131.572
 49
0.0
 49
-186.69
 98
0
  0
HATCH
  5
492
330
17
100
AcDbEntity
  8
Hachura
 62
7
100
AcDbHatch
 10
0.0
 20
0.0
 30
0.0
210
0.0
220
0.0
230
1.0
  2
ANSI31
 70
0
 71
0
 91
1
 92
3
 72
0
 73
1
 93
5
 10
6773.416752954246
 20
8883.824624194118
 10
6773.416752954246
 20
8888.224624188435
 10
6759.416752968391
 20
8888.224624188522
 10
6759.416752968391
 20
8883.824624194087
 10
6773.416752954246
 20
8883.824624194118
 97
0
 75
1
 76
1
 52
0.0
 41
1.0
 77
0
 78
1
 53
45.0
 43
0.0
 44
0.0
 45
-2.2450640303
 46
2.2450640303
 79
0
 98
0
  0
HATCH
  5
493
330
17
100
AcDbEntity
  8
Hachura
 62
7
100
AcDbHatch
 10
0.0
 20
0.0
 30
0.0
210
0.0
220
0.0
230
1.0
  2
ANSI31
 70
0
 71
0
 91
1
 92
3
 72
0
 73
1
 93
5
 10
6773.416752954246
 20
8973.824624144234
 10
6773.416752954246
 20
8969.424624149913
 10
6759.416752968391
 20
8969.424624149826
 10
6759.416752968391
 20
8973.824624144203
 10
6773.416752954246
 20
8973.824624144234
 97
0
 75
1
 76
1
 52
0.0
 41
1.0
 77
0
 78
1
 53
45.0
 43
0.0
 44
0.0
 45
-2.2450640303
 46
2.2450640303
 79
0
 98
0
  0
HATCH
  5
494
330
17
100
AcDbEntity
  8
Hachura
 62
7
100
AcDbHatch
 10
0.0
 20
0.0
 30
0.0
210
0.0
220
0.0
230
1.0
  2
ANSI31
 70
0
 71
0
 91
1
 92
3
 72
0
 73
1
 93
5
 10
6879.416752938356
 20
8883.824624194118
 10
6879.416752938356
 20
8888.224624188435
 10
6893.416752924212
 20
8888.224624188522
 10
6893.416752924212
 20
8883.824624194087
 10
6879.416752938356
 20
8883.824624194118
 97
0
 75
1
 76
1
 52
0.0
 41
1.0
 77
0
 78
1
 53
45.0
 43
0.0
 44
0.0
 45
-2.2450640303
 46
2.2450640303
 79
0
 98
0
  0
HATCH
  5
495
330
17
100
AcDbEntity
  8
Hachura
 62
7
100
AcDbHatch
 10
0.0
 20
0.0
 30
0.0
210
0.0
220
0.0
230
1.0
  2
SOLID
 70
1
 71
0
 91
1
 92
3
 72
0
 73
1
 93
5
 10
6759.416752968856
 20
8883.824624249472
 10
6759.416752968856
 20
8879.82462424947
 10
6893.416752924212
 20
8879.82462424947
 10
6893.416752924212
 20
8883.824624249472
 10
6759.416752968856
 20
8883.824624249472
 97
0
 75
1
 76
1
 98
0
  0
HATCH
  5
496
330
17
100
AcDbEntity
  8
Hachura
 62
7
100
AcDbHatch
 10
0.0
 20
0.0
 30
0.0
210
0.0
220
0.0
230
1.0
  2
SOLID
 70
1
 71
0
 91
1
 92
3
 72
0
 73
1
 93
5
 10
6759.416752968856
 20
8973.824624088877
 10
6759.416752968856
 20
8977.824624088877
 10
6893.416752924212
 20
8977.824624088877
 10
6893.416752924212
 20
8973.824624088877
 10
6759.416752968856
 20
8973.824624088877
 97
0
 75
1
 76
1
 98
0
  0
HATCH
  5
497
330
17
100
AcDbEntity
  8
Hachura
 62
7
100
AcDbHatch
 10
0.0
 20
0.0
 30
0.0
210
0.0
220
0.0
230
1.0
  2
SOLID
 70
1
 71
0
 91
1
 92
3
 72
0
 73
1
 93
5
 10
6875.016752948664
 20
8973.824624088877
 10
6871.416752948658
 20
8973.824624088877
 10
6871.416752948658
 20
8883.824624249472
 10
6875.016752948664
 20
8883.824624249472
 10
6875.016752948664
 20
8973.824624088877
 97
0
 75
1
 76
1
 98
0
  0
HATCH
  5
498
330
17
100
AcDbEntity
  8
Hachura
 62
7
100
AcDbHatch
 10
0.0
 20
0.0
 30
0.0
210
0.0
220
0.0
230
1.0
  2
SOLID
 70
1
 71
0
 91
1
 92
3
 72
0
 73
1
 93
5
 10
6781.416752948658
 20
8973.824624088935
 10
6777.816752948652
 20
8973.824624088935
 10
6777.816752948652
 20
8883.82462424953
 10
6781.416752948658
 20
8883.82462424953
 10
6781.416752948658
 20
8973.824624088935
 97
0
 75
1
 76
1
 98
0
  0
HATCH
  5
499
330
17
100
AcDbEntity
  8
Hachura
 62
7
100
AcDbHatch
 10
0.0
 20
0.0
 30
0.0
210
0.0
220
0.0
230
1.0
  2
ANSI31
 70
0
 71
0
 91
1
 92
3
 72
0
 73
1
 93
5
 10
6879.416752938356
 20
8973.824624144234
 10
6879.416752938356
 20
8969.424624149913
 10
6893.416752924212
 20
8969.424624149826
 10
6893.416752924212
 20
8973.824624144203
 10
6879.416752938356
 20
8973.824624144234
 97
0
 75
1
 76
1
 52
0.0
 41
1.0
 77
0
 78
1
 53
45.0
 43
0.0
 44
0.0
 45
-2.2450640303
 46
2.2450640303
 79
0
 98
0
  0
HATCH
  5
49A
330
17
100
AcDbEntity
  8
Hachura
 62
7
100
AcDbHatch
 10
0.0
 20
0.0
 30
0.0
210
0.0
220
0.0
230
1.0
  2
SOLID
 70
1
 71
0
 91
1
 92
3
 72
0
 73
1
 93
5
 10
6759.416752968856
 20
8883.824624249472
 10
6759.416752968856
 20
8879.82462424947
 10
6893.416752924212
 20
8879.82462424947
 10
6893.416752924212
 20
8883.824624249472
 10
6759.416752968856
 20
8883.824624249472
 97
0
 75
1
 76
1
 98
0
  0
HATCH
  5
49B
330
17
100
AcDbEntity
  8
Hachura
 62
7
100
AcDbHatch
 10
0.0
 20
0.0
 30
0.0
210
0.0
220
0.0
230
1.0
  2
SOLID
 70
1
 71
0
 91
1
 92
3
 72
0
 73
1
 93
5
 10
6759.416752968856
 20
8973.824624088877
 10
6759.416752968856
 20
8977.824624088877
 10
6893.416752924212
 20
8977.824624088877
 10
6893.416752924212
 20
8973.824624088877
 10
6759.416752968856
 20
8973.824624088877
 97
0
 75
1
 76
1
 98
0
  0
HATCH
  5
49C
330
17
100
AcDbEntity
  8
Hachura
 62
7
100
AcDbHatch
 10
0.0
 20
0.0
 30
0.0
210
0.0
220
0.0
230
1.0
  2
SOLID
 70
1
 71
0
 91
1
 92
3
 72
0
 73
1
 93
5
 10
6875.016752948664
 20
8973.824624088877
 10
6871.416752948658
 20
8973.824624088877
 10
6871.416752948658
 20
8883.824624249472
 10
6875.016752948664
 20
8883.824624249472
 10
6875.016752948664
 20
8973.824624088877
 97
0
 75
1
 76
1
 98
0
  0
HATCH
  5
49D
330
17
100
AcDbEntity
  8
Hachura
 62
7
100
AcDbHatch
 10
0.0
 20
0.0
 30
0.0
210
0.0
220
0.0
230
1.0
  2
SOLID
 70
1
 71
0
 91
1
 92
3
 72
0
 73
1
 93
5
 10
6781.416752948658
 20
8973.824624088935
 10
6777.816752948652
 20
8973.824624088935
 10
6777.816752948652
 20
8883.82462424953
 10
6781.416752948658
 20
8883.82462424953
 10
6781.416752948658
 20
8973.824624088935
 97
0
 75
1
 76
1
 98
0
  0
HATCH
  5
49E
330
17
100
AcDbEntity
  8
Hachura
 62
7
100
AcDbHatch
 10
0.0
 20
0.0
 30
0.0
210
0.0
220
0.0
230
1.0
  2
ANSI31
 70
0
 71
0
 91
1
 92
3
 72
0
 73
1
 93
5
 10
6879.416752938356
 20
8883.824624360153
 10
6875.016752944038
 20
8883.824624360153
 10
6875.016752943949
 20
8973.824624088877
 10
6879.416752938356
 20
8973.824624088877
 10
6879.416752938356
 20
8883.824624360153
 97
0
 75
1
 76
1
 52
0.0
 41
1.0
 77
0
 78
1
 53
45.0
 43
0.0
 44
0.0
 45
-2.2450640303
 46
2.2450640303
 79
0
 98
0
  0
HATCH
  5
49F
330
17
100
AcDbEntity
  8
COTA
 62
7
100
AcDbHatch
 10
0.0
 20
0.0
 30
0.0
210
0.0
220
0.0
230
1.0
  2
AR-CONC
 70
0
 71
0
 91
1
 92
3
 72
0
 73
1
 93
5
 10
7527.70535426704
 20
8774.161460890495
 10
7527.705354266955
 20
8858.161460890464
 10
7460.705354266984
 20
8858.161460890462
 10
7460.705354267112
 20
8774.161460890466
 10
7527.70535426704
 20
8774.161460890495
 97
0
 75
1
 76
1
 52
0.0
 41
1.0
 77
0
 78
13
 53
50.0
 43
0.0
 44
0.0
 45
182.184668996
 46
-15.9390855389
 79
2
 49
19.05
 49
-209.55
 53
355.0
 43
0.0
 44
0.0
 45
-35.243421425
 46
191.056845239
 79
2
 49
15.24
 49
-167.64058417
 53
100.4514447
 43
15.182007
 44
-1.3282535
 45
146.9412470904
 46
175.1177519122
 79
2
 49
16.1900088
 49
-178.0902446
 53
46.1842
 43
0.0
 44
50.8
 45
271.0790408921
 46
-42.0423279327
 79
2
 49
28.575
 49
-314.325
 53
96.63555761
 43
22.5899
 44
47.2965
 45
237.4041340515
 46
247.4261245977
 79
2
 49
24.28502314
 49
-267.13560816
 53
351.18415117
 43
0.0
 44
50.8
 45
237.404134065
 46
247.4261245855
 79
2
 49
22.85996707
 49
-251.45973192
 53
21.0
 43
25.4
 44
38.1
 45
151.6143912691
 46
-102.2651981871
 79
2
 49
19.05
 49
-209.55
 53
326.0
 43
25.4
 44
38.1
 45
61.8020283476
 46
184.1879661223
 79
2
 49
15.24
 49
-167.64
 53
71.451445
 43
38.0345326
 44
29.5779001
 45
213.4164192787
 46
81.9227688859
 79
2
 49
16.1900088
 49
-178.0899376
 53
37.5
 43
0.0
 44
0.0
 45
3.0886032506
 46
84.5550388732
 79
6
 49
0.0
 49
-165.608
 49
0.0
 49
-170.18
 49
0.0
 49
-168.275
 53
7.5
 43
0.0
 44
0.0
 45
66.8196625103
 46
100.1805748181
 79
6
 49
0.0
 49
-97.028
 49
0.0
 49
-161.798
 49
0.0
 49
-64.135
 53
-32.5
 43
-56.642
 44
0.0
 45
135.5905951669
 46
-5.7287439927
 79
6
 49
0.0
 49
-63.5
 49
0.0
 49
-198.12
 49
0.0
 49
-262.89
 53
-42.5
 43
-82.042
 44
0.0
 45
148.129181386
 46
25.4264910333
 79
6
 49
0.0
 49
-82.55
 49
0.0
 49
-131.572
 49
0.0
 49
-186.69
 98
0
  0
HATCH
  5
4A0
330
17
100
AcDbEntity
  8
Hachura
 62
7
100
AcDbHatch
 10
0.0
 20
0.0
 30
0.0
210
0.0
220
0.0
230
1.0
  2
ANSI31
 70
0
 71
0
 91
1
 92
3
 72
0
 73
1
 93
5
 10
6773.403332232309
 20
8883.829550808327
 10
6777.803332207622
 20
8883.829141871955
 10
6777.811696815327
 20
8973.829141211972
 10
6773.411696839925
 20
8973.829550148346
 10
6773.403332232309
 20
8883.829550808327
 97
0
 75
1
 76
1
 52
0.0
 41
1.0
 77
0
 78
1
 53
45.0
 43
0.0
 44
0.0
 45
-2.2450640303
 46
2.2450640303
 79
0
 98
0
  0
HATCH
  5
4A1
330
17
100
AcDbEntity
  8
Hachura
 62
7
100
AcDbHatch
 10
0.0
 20
0.0
 30
0.0
210
0.0
220
0.0
230
1.0
  2
ANSI31
 70
0
 71
0
 91
1
 92
3
 72
0
 73
1
 93
5
 10
7325.979645428448
 20
8535.16146089048
 10
7325.979645428441
 20
8775.161460890473
 10
7258.979645428521
 20
8775.161460890457
 10
7258.979645428528
 20
8535.161460890462
 10
7325.979645428448
 20
8535.16146089048
 97
0
 75
1
 76
1
 52
0.0
 41
1.0
 77
0
 78
1
 53
45.0
 43
0.0
 44
0.0
 45
-2.2450640303
 46
2.2450640303
 79
0
 98
0
  0
HATCH
  5
4A2
330
17
100
AcDbEntity
  8
Hachura
 62
7
100
AcDbHatch
 10
0.0
 20
0.0
 30
0.0
210
0.0
220
0.0
230
1.0
  2
ANSI31
 70
0
 71
0
 91
1
 92
3
 72
0
 73
1
 93
5
 10
7527.705354266949
 20
8774.161460890464
 10
7460.705354267031
 20
8774.161460890464
 10
7460.705354267037
 20
8535.161460890455
 10
7527.705354266956
 20
8535.161460890473
 10
7527.705354266949
 20
8774.161460890464
 97
0
 75
1
 76
1
 52
0.0
 41
1.0
 77
0
 78
1
 53
45.0
 43
0.0
 44
0.0
 45
-2.2450640303
 46
2.2450640303
 79
0
 98
0
  0
HATCH
  5
4A3
330
17
100
AcDbEntity
  8
COTA
 62
7
100
AcDbHatch
 10
0.0
 20
0.0
 30
0.0
210
0.0
220
0.0
230
1.0
  2
AR-CONC
 70
0
 71
0
 91
1
 92
3
 72
0
 73
1
 93
5
 10
7688.966173331358
 20
8858.161460890464
 10
7643.966173331358
 20
8858.161460890466
 10
7643.966173331358
 20
8774.161460890466
 10
7688.966173331358
 20
8774.16146089047
 10
7688.966173331358
 20
8858.161460890464
 97
0
 75
1
 76
1
 52
0.0
 41
1.0
 77
0
 78
13
 53
50.0
 43
0.0
 44
0.0
 45
182.184668996
 46
-15.9390855389
 79
2
 49
19.05
 49
-209.55
 53
355.0
 43
0.0
 44
0.0
 45
-35.243421425
 46
191.056845239
 79
2
 49
15.24
 49
-167.64058417
 53
100.4514447
 43
15.182007
 44
-1.3282535
 45
146.9412470904
 46
175.1177519122
 79
2
 49
16.1900088
 49
-178.0902446
 53
46.1842
 43
0.0
 44
50.8
 45
271.0790408921
 46
-42.0423279327
 79
2
 49
28.575
 49
-314.325
 53
96.63555761
 43
22.5899
 44
47.2965
 45
237.4041340515
 46
247.4261245977
 79
2
 49
24.28502314
 49
-267.13560816
 53
351.18415117
 43
0.0
 44
50.8
 45
237.404134065
 46
247.4261245855
 79
2
 49
22.85996707
 49
-251.45973192
 53
21.0
 43
25.4
 44
38.1
 45
151.6143912691
 46
-102.2651981871
 79
2
 49
19.05
 49
-209.55
 53
326.0
 43
25.4
 44
38.1
 45
61.8020283476
 46
184.1879661223
 79
2
 49
15.24
 49
-167.64
 53
71.451445
 43
38.0345326
 44
29.5779001
 45
213.4164192787
 46
81.9227688859
 79
2
 49
16.1900088
 49
-178.0899376
 53
37.5
 43
0.0
 44
0.0
 45
3.0886032506
 46
84.5550388732
 79
6
 49
0.0
 49
-165.608
 49
0.0
 49
-170.18
 49
0.0
 49
-168.275
 53
7.5
 43
0.0
 44
0.0
 45
66.8196625103
 46
100.1805748181
 79
6
 49
0.0
 49
-97.028
 49
0.0
 49
-161.798
 49
0.0
 49
-64.135
 53
-32.5
 43
-56.642
 44
0.0
 45
135.5905951669
 46
-5.7287439927
 79
6
 49
0.0
 49
-63.5
 49
0.0
 49
-198.12
 49
0.0
 49
-262.89
 53
-42.5
 43
-82.042
 44
0.0
 45
148.129181386
 46
25.4264910333
 79
6
 49
0.0
 49
-82.55
 49
0.0
 49
-131.572
 49
0.0
 49
-186.69
 98
0
  0
HATCH
  5
4A4
330
17
100
AcDbEntity
  8
COTA
 62
7
100
AcDbHatch
 10
0.0
 20
0.0
 30
0.0
210
0.0
220
0.0
230
1.0
  2
AR-CONC
 70
0
 71
0
 91
1
 92
3
 72
0
 73
1
 93
5
 10
7876.057858718261
 20
8858.161460890464
 10
7831.05785871826
 20
8858.161460890464
 10
7831.05785871826
 20
8774.161460890466
 10
7876.057858718261
 20
8774.161460890466
 10
7876.057858718261
 20
8858.161460890464
 97
0
 75
1
 76
1
 52
0.0
 41
1.0
 77
0
 78
13
 53
50.0
 43
0.0
 44
0.0
 45
182.184668996
 46
-15.9390855389
 79
2
 49
19.05
 49
-209.55
 53
355.0
 43
0.0
 44
0.0
 45
-35.243421425
 46
191.056845239
 79
2
 49
15.24
 49
-167.64058417
 53
100.4514447
 43
15.182007
 44
-1.3282535
 45
146.9412470904
 46
175.1177519122
 79
2
 49
16.1900088
 49
-178.0902446
 53
46.1842
 43
0.0
 44
50.8
 45
271.0790408921
 46
-42.0423279327
 79
2
 49
28.575
 49
-314.325
 53
96.63555761
 43
22.5899
 44
47.2965
 45
237.4041340515
 46
247.4261245977
 79
2
 49
24.28502314
 49
-267.13560816
 53
351.18415117
 43
0.0
 44
50.8
 45
237.404134065
 46
247.4261245855
 79
2
 49
22.85996707
 49
-251.45973192
 53
21.0
 43
25.4
 44
38.1
 45
151.6143912691
 46
-102.2651981871
 79
2
 49
19.05
 49
-209.55
 53
326.0
 43
25.4
 44
38.1
 45
61.8020283476
 46
184.1879661223
 79
2
 49
15.24
 49
-167.64
 53
71.451445
 43
38.0345326
 44
29.5779001
 45
213.4164192787
 46
81.9227688859
 79
2
 49
16.1900088
 49
-178.0899376
 53
37.5
 43
0.0
 44
0.0
 45
3.0886032506
 46
84.5550388732
 79
6
 49
0.0
 49
-165.608
 49
0.0
 49
-170.18
 49
0.0
 49
-168.275
 53
7.5
 43
0.0
 44
0.0
 45
66.8196625103
 46
100.1805748181
 79
6
 49
0.0
 49
-97.028
 49
0.0
 49
-161.798
 49
0.0
 49
-64.135
 53
-32.5
 43
-56.642
 44
0.0
 45
135.5905951669
 46
-5.7287439927
 79
6
 49
0.0
 49
-63.5
 49
0.0
 49
-198.12
 49
0.0
 49
-262.89
 53
-42.5
 43
-82.042
 44
0.0
 45
148.129181386
 46
25.4264910333
 79
6
 49
0.0
 49
-82.55
 49
0.0
 49
-131.572
 49
0.0
 49
-186.69
 98
0
  0
HATCH
  5
4A5
330
17
100
AcDbEntity
  8
Hachura
 62
7
100
AcDbHatch
 10
0.0
 20
0.0
 30
0.0
210
0.0
220
0.0
230
1.0
  2
ANSI31
 70
0
 71
0
 91
1
 92
3
 72
0
 73
1
 93
5
 10
7688.966173331351
 20
8774.161460890466
 10
7643.966173331344
 20
8774.161460890466
 10
7643.966173331351
 20
8535.161460890455
 10
7688.966173331358
 20
8535.161460890473
 10
7688.966173331351
 20
8774.161460890466
 97
0
 75
1
 76
1
 52
0.0
 41
1.0
 77
0
 78
1
 53
45.0
 43
0.0
 44
0.0
 45
-2.2450640303
 46
2.2450640303
 79
0
 98
0
  0
HATCH
  5
4A6
330
17
100
AcDbEntity
  8
Hachura
 62
7
100
AcDbHatch
 10
0.0
 20
0.0
 30
0.0
210
0.0
220
0.0
230
1.0
  2
ANSI31
 70
0
 71
0
 91
1
 92
3
 72
0
 73
1
 93
5
 10
7876.057858718265
 20
8774.161460890466
 10
7831.057858718257
 20
8774.161460890466
 10
7831.057858718264
 20
8535.161460890455
 10
7876.057858718272
 20
8535.161460890473
 10
7876.057858718265
 20
8774.161460890466
 97
0
 75
1
 76
1
 52
0.0
 41
1.0
 77
0
 78
1
 53
45.0
 43
0.0
 44
0.0
 45
-2.2450640303
 46
2.2450640303
 79
0
 98
0
  0
ENDSEC
  0
SECTION
  2
OBJECTS
  0
DICTIONARY
  5
A
330
0
100
AcDbDictionary
281
1
  3
ACAD_COLOR
350
B
  3
ACAD_GROUP
350
C
  3
ACAD_LAYOUT
350
D
  3
ACAD_MATERIAL
350
E
  3
ACAD_MLEADERSTYLE
350
F
  3
ACAD_MLINESTYLE
350
10
  3
ACAD_PLOTSETTINGS
350
11
  3
ACAD_PLOTSTYLENAME
350
12
  3
ACAD_SCALELIST
350
14
  3
ACAD_TABLESTYLE
350
15
  3
ACAD_VISUALSTYLE
350
16
  3
EZDXF_META
350
2D
  0
DICTIONARY
  5
B
330
A
100
AcDbDictionary
281
1
  0
DICTIONARY
  5
C
330
A
100
AcDbDictionary
281
1
  0
DICTIONARY
  5
D
330
A
100
AcDbDictionary
281
1
  3
Model
350
1A
  3
Layout1
350
1E
  0
DICTIONARY
  5
E
330
A
100
AcDbDictionary
281
1
  3
ByBlock
350
1F
  3
ByLayer
350
20
  3
Global
350
21
  0
DICTIONARY
  5
F
330
A
100
AcDbDictionary
281
1
  3
Standard
350
2C
  0
DICTIONARY
  5
10
330
A
100
AcDbDictionary
281
1
  3
Standard
350
22
  0
DICTIONARY
  5
11
330
A
100
AcDbDictionary
281
1
  0
ACDBDICTIONARYWDFLT
  5
12
330
A
100
AcDbDictionary
281
1
  3
Normal
350
13
100
AcDbDictionaryWithDefault
340
13
  0
ACDBPLACEHOLDER
  5
13
330
12
  0
DICTIONARY
  5
14
330
A
100
AcDbDictionary
281
1
  0
DICTIONARY
  5
15
330
A
100
AcDbDictionary
281
1
  0
DICTIONARY
  5
16
330
A
100
AcDbDictionary
281
1
  0
LAYOUT
  5
1A
330
D
100
AcDbPlotSettings
  1

  4
A3
  6

 40
7.5
 41
20.0
 42
7.5
 43
20.0
 44
420.0
 45
297.0
 46
0.0
 47
0.0
 48
0.0
 49
0.0
140
0.0
141
0.0
142
1.0
143
1.0
 70
1024
 72
1
 73
0
 74
5
  7

 75
16
 76
0
 77
2
 78
300
147
1.0
148
0.0
149
0.0
100
AcDbLayout
  1
Model
 70
1
 71
0
 10
0.0
 20
0.0
 11
420.0
 21
297.0
 12
0.0
 22
0.0
 32
0.0
 14
1e+20
 24
1e+20
 34
1e+20
 15
-1e+20
 25
-1e+20
 35
-1e+20
146
0.0
 13
0.0
 23
0.0
 33
0.0
 16
1.0
 26
0.0
 36
0.0
 17
0.0
 27
1.0
 37
0.0
 76
1
330
17
  0
LAYOUT
  5
1E
330
D
100
AcDbPlotSettings
  1

  4
A3
  6

 40
7.5
 41
20.0
 42
7.5
 43
20.0
 44
420.0
 45
297.0
 46
0.0
 47
0.0
 48
0.0
 49
0.0
140
0.0
141
0.0
142
1.0
143
1.0
 70
0
 72
1
 73
0
 74
5
  7

 75
16
 76
0
 77
2
 78
300
147
1.0
148
0.0
149
0.0
100
AcDbLayout
  1
Layout1
 70
1
 71
1
 10
0.0
 20
0.0
 11
420.0
 21
297.0
 12
0.0
 22
0.0
 32
0.0
 14
1e+20
 24
1e+20
 34
1e+20
 15
-1e+20
 25
-1e+20
 35
-1e+20
146
0.0
 13
0.0
 23
0.0
 33
0.0
 16
1.0
 26
0.0
 36
0.0
 17
0.0
 27
1.0
 37
0.0
 76
1
330
1B
  0
MATERIAL
  5
1F
102
{ACAD_REACTORS
330
E
102
}
330
E
100
AcDbMaterial
  1
ByBlock
  2

 70
0
 40
1.0
 71
1
 41
1.0
 91
-1023410177
 42
1.0
 72
1
  3

 73
1
 74
1
 75
1
 44
0.5
 73
0
 45
1.0
 46
1.0
 77
1
  4

 78
1
 79
1
170
1
 48
1.0
171
1
  6

172
1
173
1
174
1
140
1.0
141
1.0
175
1
  7

176
1
177
1
178
1
143
1.0
179
1
  8

270
1
271
1
272
1
145
1.0
146
1.0
273
1
  9

274
1
275
1
276
1
 42
1.0
 72
1
  3

 73
1
 74
1
 75
1
 94
63
  0
MATERIAL
  5
20
102
{ACAD_REACTORS
330
E
102
}
330
E
100
AcDbMaterial
  1
ByLayer
  2

 70
0
 40
1.0
 71
1
 41
1.0
 91
-1023410177
 42
1.0
 72
1
  3

 73
1
 74
1
 75
1
 44
0.5
 73
0
 45
1.0
 46
1.0
 77
1
  4

 78
1
 79
1
170
1
 48
1.0
171
1
  6

172
1
173
1
174
1
140
1.0
141
1.0
175
1
  7

176
1
177
1
178
1
143
1.0
179
1
  8

270
1
271
1
272
1
145
1.0
146
1.0
273
1
  9

274
1
275
1
276
1
 42
1.0
 72
1
  3

 73
1
 74
1
 75
1
 94
63
  0
MATERIAL
  5
21
102
{ACAD_REACTORS
330
E
102
}
330
E
100
AcDbMaterial
  1
Global
  2

 70
0
 40
1.0
 71
1
 41
1.0
 91
-1023410177
 42
1.0
 72
1
  3

 73
1
 74
1
 75
1
 44
0.5
 73
0
 45
1.0
 46
1.0
 77
1
  4

 78
1
 79
1
170
1
 48
1.0
171
1
  6

172
1
173
1
174
1
140
1.0
141
1.0
175
1
  7

176
1
177
1
178
1
143
1.0
179
1
  8

270
1
271
1
272
1
145
1.0
146
1.0
273
1
  9

274
1
275
1
276
1
 42
1.0
 72
1
  3

 73
1
 74
1
 75
1
 94
63
  0
MLINESTYLE
  5
22
102
{ACAD_REACTORS
330
10
102
}
330
10
100
AcDbMlineStyle
  2
Standard
 70
0
  3

 62
256
 51
90.0
 52
90.0
 71
2
 49
0.5
 62
256
  6
BYLAYER
 49
-0.5
 62
256
  6
BYLAYER
  0
MLEADERSTYLE
  5
2C
102
{ACAD_REACTORS
330
F
102
}
330
F
100
AcDbMLeaderStyle
179
2
170
2
171
1
172
0
 90
2
 40
0.0
 41
0.0
173
1
 91
-1056964608
 92
-2
290
1
 42
2.0
291
1
 43
8.0
  3
Standard
 44
4.0
300

342
29
174
1
175
1
176
0
178
1
 93
-1056964608
 45
4.0
292
0
297
0
 46
4.0
 94
-1056964608
 47
1.0
 49
1.0
140
1.0
294
1
141
0.0
177
0
142
1.0
295
0
296
0
143
3.75
271
0
272
9
273
9
  0
DICTIONARY
  5
2D
330
A
100
AcDbDictionary
280
1
281
1
  3
CREATED_BY_EZDXF
350
2E
  3
WRITTEN_BY_EZDXF
350
4A9
  0
DICTIONARYVAR
  5
2E
330
2D
100
DictionaryVariables
280
0
  1
1.4.3 @ 2026-06-10T17:44:52.784520+00:00
  0
DICTIONARYVAR
  5
4A9
330
2D
100
DictionaryVariables
280
0
  1
1.4.3 @ 2026-06-10T17:44:52.816236+00:00
  0
ENDSEC
  0
EOF
