  0
SECTION
  2
HEADER
  9
$ACADVER
  1
AC1024
  9
$ACADMAINTVER
 70
6
  9
$DWGCODEPAGE
  3
ANSI_1252
  9
$LASTSAVEDBY
  1
ezdxf
  9
$INSBASE
 10
0.0
 20
0.0
 30
0.0
  9
$EXTMIN
 10
1e+20
 20
1e+20
 30
1e+20
  9
$EXTMAX
 10
-1e+20
 20
-1e+20
 30
-1e+20
  9
$LIMMIN
 10
0.0
 20
0.0
  9
$LIMMAX
 10
420.0
 20
297.0
  9
$ORTHOMODE
 70
0
  9
$REGENMODE
 70
1
  9
$FILLMODE
 70
1
  9
$QTEXTMODE
 70
0
  9
$MIRRTEXT
 70
1
  9
$LTSCALE
 40
1.0
  9
$ATTMODE
 70
1
  9
$TEXTSIZE
 40
2.5
  9
$TRACEWID
 40
1.0
  9
$TEXTSTYLE
  7
Standard
  9
$CLAYER
  8
0
  9
$CELTYPE
  6
ByLayer
  9
$CECOLOR
 62
256
  9
$CELTSCALE
 40
1.0
  9
$DISPSILH
 70
0
  9
$DIMSCALE
 40
1.0
  9
$DIMASZ
 40
2.5
  9
$DIMEXO
 40
0.625
  9
$DIMDLI
 40
3.75
  9
$DIMRND
 40
0.0
  9
$DIMDLE
 40
0.0
  9
$DIMEXE
 40
1.25
  9
$DIMTP
 40
0.0
  9
$DIMTM
 40
0.0
  9
$DIMTXT
 40
2.5
  9
$DIMCEN
 40
2.5
  9
$DIMTSZ
 40
0.0
  9
$DIMTOL
 70
0
  9
$DIMLIM
 70
0
  9
$DIMTIH
 70
0
  9
$DIMTOH
 70
0
  9
$DIMSE1
 70
0
  9
$DIMSE2
 70
0
  9
$DIMTAD
 70
1
  9
$DIMZIN
 70
8
  9
$DIMBLK
  1

  9
$DIMASO
 70
1
  9
$DIMSHO
 70
1
  9
$DIMPOST
  1

  9
$DIMAPOST
  1

  9
$DIMALT
 70
0
  9
$DIMALTD
 70
3
  9
$DIMALTF
 40
0.03937007874
  9
$DIMLFAC
 40
1.0
  9
$DIMTOFL
 70
1
  9
$DIMTVP
 40
0.0
  9
$DIMTIX
 70
0
  9
$DIMSOXD
 70
0
  9
$DIMSAH
 70
0
  9
$DIMBLK1
  1

  9
$DIMBLK2
  1

  9
$DIMSTYLE
  2
ISO-25
  9
$DIMCLRD
 70
0
  9
$DIMCLRE
 70
0
  9
$DIMCLRT
 70
0
  9
$DIMTFAC
 40
1.0
  9
$DIMGAP
 40
0.625
  9
$DIMJUST
 70
0
  9
$DIMSD1
 70
0
  9
$DIMSD2
 70
0
  9
$DIMTOLJ
 70
0
  9
$DIMTZIN
 70
8
  9
$DIMALTZ
 70
0
  9
$DIMALTTZ
 70
0
  9
$DIMUPT
 70
0
  9
$DIMDEC
 70
2
  9
$DIMTDEC
 70
2
  9
$DIMALTU
 70
2
  9
$DIMALTTD
 70
3
  9
$DIMTXSTY
  7
Standard
  9
$DIMAUNIT
 70
0
  9
$DIMADEC
 70
0
  9
$DIMALTRND
 40
0.0
  9
$DIMAZIN
 70
0
  9
$DIMDSEP
 70
44
  9
$DIMATFIT
 70
3
  9
$DIMFRAC
 70
0
  9
$DIMLDRBLK
  1

  9
$DIMLUNIT
 70
2
  9
$DIMLWD
 70
-2
  9
$DIMLWE
 70
-2
  9
$DIMTMOVE
 70
0
  9
$DIMFXL
 40
1.0
  9
$DIMFXLON
 70
0
  9
$DIMJOGANG
 40
0.785398163397
  9
$DIMTFILL
 70
0
  9
$DIMTFILLCLR
 70
0
  9
$DIMARCSYM
 70
0
  9
$DIMLTYPE
  6

  9
$DIMLTEX1
  6

  9
$DIMLTEX2
  6

  9
$DIMTXTDIRECTION
 70
0
  9
$LUNITS
 70
2
  9
$LUPREC
 70
4
  9
$SKETCHINC
 40
1.0
  9
$FILLETRAD
 40
10.0
  9
$AUNITS
 70
0
  9
$AUPREC
 70
2
  9
$MENU
  1
.
  9
$ELEVATION
 40
0.0
  9
$PELEVATION
 40
0.0
  9
$THICKNESS
 40
0.0
  9
$LIMCHECK
 70
0
  9
$CHAMFERA
 40
0.0
  9
$CHAMFERB
 40
0.0
  9
$CHAMFERC
 40
0.0
  9
$CHAMFERD
 40
0.0
  9
$SKPOLY
 70
0
  9
$TDCREATE
 40
2461202.6144791665
  9
$TDUCREATE
 40
2458532.153996898
  9
$TDUPDATE
 40
2461202.6144791665
  9
$TDUUPDATE
 40
2458532.1544311
  9
$TDINDWG
 40
0.0
  9
$TDUSRTIMER
 40
0.0
  9
$USRTIMER
 70
1
  9
$ANGBASE
 50
0.0
  9
$ANGDIR
 70
0
  9
$PDMODE
 70
0
  9
$PDSIZE
 40
0.0
  9
$PLINEWID
 40
0.0
  9
$SPLFRAME
 70
0
  9
$SPLINETYPE
 70
6
  9
$SPLINESEGS
 70
8
  9
$HANDSEED
  5
38A
  9
$SURFTAB1
 70
6
  9
$SURFTAB2
 70
6
  9
$SURFTYPE
 70
6
  9
$SURFU
 70
6
  9
$SURFV
 70
6
  9
$UCSBASE
  2

  9
$UCSNAME
  2

  9
$UCSORG
 10
0.0
 20
0.0
 30
0.0
  9
$UCSXDIR
 10
1.0
 20
0.0
 30
0.0
  9
$UCSYDIR
 10
0.0
 20
1.0
 30
0.0
  9
$UCSORTHOREF
  2

  9
$UCSORTHOVIEW
 70
0
  9
$UCSORGTOP
 10
0.0
 20
0.0
 30
0.0
  9
$UCSORGBOTTOM
 10
0.0
 20
0.0
 30
0.0
  9
$UCSORGLEFT
 10
0.0
 20
0.0
 30
0.0
  9
$UCSORGRIGHT
 10
0.0
 20
0.0
 30
0.0
  9
$UCSORGFRONT
 10
0.0
 20
0.0
 30
0.0
  9
$UCSORGBACK
 10
0.0
 20
0.0
 30
0.0
  9
$PUCSBASE
  2

  9
$PUCSNAME
  2

  9
$PUCSORG
 10
0.0
 20
0.0
 30
0.0
  9
$PUCSXDIR
 10
1.0
 20
0.0
 30
0.0
  9
$PUCSYDIR
 10
0.0
 20
1.0
 30
0.0
  9
$PUCSORTHOREF
  2

  9
$PUCSORTHOVIEW
 70
0
  9
$PUCSORGTOP
 10
0.0
 20
0.0
 30
0.0
  9
$PUCSORGBOTTOM
 10
0.0
 20
0.0
 30
0.0
  9
$PUCSORGLEFT
 10
0.0
 20
0.0
 30
0.0
  9
$PUCSORGRIGHT
 10
0.0
 20
0.0
 30
0.0
  9
$PUCSORGFRONT
 10
0.0
 20
0.0
 30
0.0
  9
$PUCSORGBACK
 10
0.0
 20
0.0
 30
0.0
  9
$USERI1
 70
0
  9
$USERI2
 70
0
  9
$USERI3
 70
0
  9
$USERI4
 70
0
  9
$USERI5
 70
0
  9
$USERR1
 40
0.0
  9
$USERR2
 40
0.0
  9
$USERR3
 40
0.0
  9
$USERR4
 40
0.0
  9
$USERR5
 40
0.0
  9
$WORLDVIEW
 70
1
  9
$SHADEDGE
 70
3
  9
$SHADEDIF
 70
70
  9
$TILEMODE
 70
1
  9
$MAXACTVP
 70
64
  9
$PINSBASE
 10
0.0
 20
0.0
 30
0.0
  9
$PLIMCHECK
 70
0
  9
$PEXTMIN
 10
1e+20
 20
1e+20
 30
1e+20
  9
$PEXTMAX
 10
-1e+20
 20
-1e+20
 30
-1e+20
  9
$PLIMMIN
 10
0.0
 20
0.0
  9
$PLIMMAX
 10
420.0
 20
297.0
  9
$UNITMODE
 70
0
  9
$VISRETAIN
 70
1
  9
$PLINEGEN
 70
0
  9
$PSLTSCALE
 70
1
  9
$TREEDEPTH
 70
3020
  9
$CMLSTYLE
  2
Standard
  9
$CMLJUST
 70
0
  9
$CMLSCALE
 40
20.0
  9
$PROXYGRAPHICS
 70
1
  9
$MEASUREMENT
 70
1
  9
$CELWEIGHT
370
-1
  9
$ENDCAPS
280
0
  9
$JOINSTYLE
280
0
  9
$LWDISPLAY
290
0
  9
$INSUNITS
 70
6
  9
$HYPERLINKBASE
  1

  9
$STYLESHEET
  1

  9
$XEDIT
290
1
  9
$CEPSNTYPE
380
0
  9
$PSTYLEMODE
290
1
  9
$FINGERPRINTGUID
  2
{04FCD1C6-E2D7-4751-AFDE-9479EDBFC8B8}
  9
$VERSIONGUID
  2
{303A4167-8D52-484E-9E54-F4F368574092}
  9
$EXTNAMES
290
1
  9
$PSVPSCALE
 40
0.0
  9
$OLESTARTUP
290
0
  9
$SORTENTS
280
127
  9
$INDEXCTL
280
0
  9
$HIDETEXT
280
1
  9
$XCLIPFRAME
280
1
  9
$HALOGAP
280
0
  9
$OBSCOLOR
 70
257
  9
$OBSLTYPE
280
0
  9
$INTERSECTIONDISPLAY
280
0
  9
$INTERSECTIONCOLOR
 70
257
  9
$DIMASSOC
280
2
  9
$PROJECTNAME
  1

  9
$CAMERADISPLAY
290
0
  9
$LENSLENGTH
 40
50.0
  9
$CAMERAHEIGHT
 40
0.0
  9
$STEPSPERSEC
 40
24.0
  9
$STEPSIZE
 40
100.0
  9
$3DDWFPREC
 40
2.0
  9
$PSOLWIDTH
 40
0.005
  9
$PSOLHEIGHT
 40
0.08
  9
$LOFTANG1
 40
1.570796326795
  9
$LOFTANG2
 40
1.570796326795
  9
$LOFTMAG1
 40
0.0
  9
$LOFTMAG2
 40
0.0
  9
$LOFTPARAM
 70
7
  9
$LOFTNORMALS
280
1
  9
$LATITUDE
 40
37.795
  9
$LONGITUDE
 40
-122.394
  9
$NORTHDIRECTION
 40
0.0
  9
$TIMEZONE
 70
-8000
  9
$LIGHTGLYPHDISPLAY
280
1
  9
$TILEMODELIGHTSYNCH
280
1
  9
$CMATERIAL
347
20
  9
$SOLIDHIST
280
0
  9
$SHOWHIST
280
1
  9
$DWFFRAME
280
2
  9
$DGNFRAME
280
2
  9
$REALWORLDSCALE
290
1
  9
$INTERFERECOLOR
 62
256
  9
$CSHADOW
280
0
  9
$SHADOWPLANELOCATION
 40
0.0
  0
ENDSEC
  0
SECTION
  2
CLASSES
  0
CLASS
  1
ACDBDICTIONARYWDFLT
  2
AcDbDictionaryWithDefault
  3
ObjectDBX Classes
 90
0
 91
0
280
0
281
0
  0
CLASS
  1
SUN
  2
AcDbSun
  3
SCENEOE
 90
1153
 91
0
280
0
281
0
  0
CLASS
  1
VISUALSTYLE
  2
AcDbVisualStyle
  3
ObjectDBX Classes
 90
4095
 91
0
280
0
281
0
  0
CLASS
  1
MATERIAL
  2
AcDbMaterial
  3
ObjectDBX Classes
 90
1153
 91
0
280
0
281
0
  0
CLASS
  1
SCALE
  2
AcDbScale
  3
ObjectDBX Classes
 90
1153
 91
0
280
0
281
0
  0
CLASS
  1
TABLESTYLE
  2
AcDbTableStyle
  3
ObjectDBX Classes
 90
4095
 91
0
280
0
281
0
  0
CLASS
  1
MLEADERSTYLE
  2
AcDbMLeaderStyle
  3
ACDB_MLEADERSTYLE_CLASS
 90
4095
 91
0
280
0
281
0
  0
CLASS
  1
DICTIONARYVAR
  2
AcDbDictionaryVar
  3
ObjectDBX Classes
 90
0
 91
0
280
0
281
0
  0
CLASS
  1
CELLSTYLEMAP
  2
AcDbCellStyleMap
  3
ObjectDBX Classes
 90
1152
 91
0
280
0
281
0
  0
CLASS
  1
MENTALRAYRENDERSETTINGS
  2
AcDbMentalRayRenderSettings
  3
SCENEOE
 90
1024
 91
0
280
0
281
0
  0
CLASS
  1
ACDBDETAILVIEWSTYLE
  2
AcDbDetailViewStyle
  3
ObjectDBX Classes
 90
1025
 91
0
280
0
281
0
  0
CLASS
  1
ACDBSECTIONVIEWSTYLE
  2
AcDbSectionViewStyle
  3
ObjectDBX Classes
 90
1025
 91
0
280
0
281
0
  0
CLASS
  1
RASTERVARIABLES
  2
AcDbRasterVariables
  3
ISM
 90
0
 91
0
280
0
281
0
  0
CLASS
  1
ACDBPLACEHOLDER
  2
AcDbPlaceHolder
  3
ObjectDBX Classes
 90
0
 91
0
280
0
281
0
  0
CLASS
  1
LAYOUT
  2
AcDbLayout
  3
ObjectDBX Classes
 90
0
 91
0
280
0
281
0
  0
ENDSEC
  0
SECTION
  2
TABLES
  0
TABLE
  2
VPORT
  5
8
330
0
100
AcDbSymbolTable
 70
1
  0
VPORT
  5
23
330
8
100
AcDbSymbolTableRecord
100
AcDbViewportTableRecord
  2
*Active
 70
0
 10
0.0
 20
0.0
 11
1.0
 21
1.0
 12
0.0
 22
0.0
 13
0.0
 23
0.0
 14
0.5
 24
0.5
 15
0.5
 25
0.5
 16
0.0
 26
0.0
 36
1.0
 17
0.0
 27
0.0
 37
0.0
 40
1000.0
 41
1.34
 42
50.0
 43
0.0
 44
0.0
 50
0.0
 51
0.0
 71
0
 72
1000
 73
1
 74
3
 75
0
 76
0
 77
0
 78
0
281
0
 65
0
146
0.0
  0
ENDTAB
  0
TABLE
  2
LTYPE
  5
2
330
0
100
AcDbSymbolTable
 70
3
  0
LTYPE
  5
24
330
2
100
AcDbSymbolTableRecord
100
AcDbLinetypeTableRecord
  2
ByBlock
 70
0
  3

 72
65
 73
0
 40
0.0
  0
LTYPE
  5
25
330
2
100
AcDbSymbolTableRecord
100
AcDbLinetypeTableRecord
  2
ByLayer
 70
0
  3

 72
65
 73
0
 40
0.0
  0
LTYPE
  5
26
330
2
100
AcDbSymbolTableRecord
100
AcDbLinetypeTableRecord
  2
Continuous
 70
0
  3

 72
65
 73
0
 40
0.0
  0
ENDTAB
  0
TABLE
  2
LAYER
  5
1
330
0
100
AcDbSymbolTable
 70
15
  0
LAYER
  5
27
330
1
100
AcDbSymbolTableRecord
100
AcDbLayerTableRecord
  2
0
 70
0
 62
7
  6
Continuous
370
-3
390
13
347
21
  0
LAYER
  5
28
330
1
100
AcDbSymbolTableRecord
100
AcDbLayerTableRecord
  2
Defpoints
 70
0
 62
7
  6
Continuous
290
0
370
-3
390
13
347
21
  0
LAYER
  5
2F
330
1
100
AcDbSymbolTableRecord
100
AcDbLayerTableRecord
  2
Hachura
 70
0
 62
7
  6
Continuous
370
-3
390
13
347
21
  0
LAYER
  5
30
330
1
100
AcDbSymbolTableRecord
100
AcDbLayerTableRecord
  2
COTA
 70
0
 62
7
  6
Continuous
370
-3
390
13
347
21
  0
LAYER
  5
31
330
1
100
AcDbSymbolTableRecord
100
AcDbLayerTableRecord
  2
Perfil Metálico
 70
0
 62
7
  6
Continuous
370
-3
390
13
347
21
  0
LAYER
  5
32
330
1
100
AcDbSymbolTableRecord
100
AcDbLayerTableRecord
  2
SARRAFO
 70
0
 62
7
  6
Continuous
370
-3
390
13
347
21
  0
LAYER
  5
33
330
1
100
AcDbSymbolTableRecord
100
AcDbLayerTableRecord
  2
CHAPA
 70
0
 62
7
  6
Continuous
370
-3
390
13
347
21
  0
LAYER
  5
34
330
1
100
AcDbSymbolTableRecord
100
AcDbLayerTableRecord
  2
Madeira
 70
0
 62
7
  6
Continuous
370
-3
390
13
347
21
  0
LAYER
  5
35
330
1
100
AcDbSymbolTableRecord
100
AcDbLayerTableRecord
  2
TEXTO_GERAL
 70
0
 62
7
  6
Continuous
370
-3
390
13
347
21
  0
LAYER
  5
36
330
1
100
AcDbSymbolTableRecord
100
AcDbLayerTableRecord
  2
Painéis
 70
0
 62
7
  6
Continuous
370
-3
390
13
347
21
  0
LAYER
  5
37
330
1
100
AcDbSymbolTableRecord
100
AcDbLayerTableRecord
  2
NOMENCLATURA
 70
0
 62
7
  6
Continuous
370
-3
390
13
347
21
  0
LAYER
  5
38
330
1
100
AcDbSymbolTableRecord
100
AcDbLayerTableRecord
  2
NIVEL 2° PAV.
 70
0
 62
7
  6
Continuous
370
-3
390
13
347
21
  0
LAYER
  5
39
330
1
100
AcDbSymbolTableRecord
100
AcDbLayerTableRecord
  2
Nível
 70
0
 62
7
  6
Continuous
370
-3
390
13
347
21
  0
LAYER
  5
3A
330
1
100
AcDbSymbolTableRecord
100
AcDbLayerTableRecord
  2
Texto Seção
 70
0
 62
7
  6
Continuous
370
-3
390
13
347
21
  0
LAYER
  5
3B
330
1
100
AcDbSymbolTableRecord
100
AcDbLayerTableRecord
  2
SARR_2.2x7
 70
0
 62
7
  6
Continuous
370
-3
390
13
347
21
  0
ENDTAB
  0
TABLE
  2
STYLE
  5
5
330
0
100
AcDbSymbolTable
 70
1
  0
STYLE
  5
29
330
5
100
AcDbSymbolTableRecord
100
AcDbTextStyleTableRecord
  2
Standard
 70
0
 40
0.0
 41
1.0
 50
0.0
 71
0
 42
2.5
  3
txt
  4

  0
ENDTAB
  0
TABLE
  2
VIEW
  5
7
330
0
100
AcDbSymbolTable
 70
0
  0
ENDTAB
  0
TABLE
  2
UCS
  5
6
330
0
100
AcDbSymbolTable
 70
0
  0
ENDTAB
  0
TABLE
  2
APPID
  5
3
330
0
100
AcDbSymbolTable
 70
3
  0
APPID
  5
2A
330
3
100
AcDbSymbolTableRecord
100
AcDbRegAppTableRecord
  2
ACAD
 70
0
  0
APPID
  5
387
330
3
100
AcDbSymbolTableRecord
100
AcDbRegAppTableRecord
  2
HATCHBACKGROUNDCOLOR
 70
0
  0
APPID
  5
388
330
3
100
AcDbSymbolTableRecord
100
AcDbRegAppTableRecord
  2
EZDXF
 70
0
  0
ENDTAB
  0
TABLE
  2
DIMSTYLE
  5
4
330
0
100
AcDbSymbolTable
 70
1
100
AcDbDimStyleTable
  0
DIMSTYLE
105
2B
330
4
100
AcDbSymbolTableRecord
100
AcDbDimStyleTableRecord
  2
Standard
 70
0
 40
1.0
 41
2.5
 42
0.625
 43
3.75
 44
1.25
 45
0.0
 46
0.0
 47
0.0
 48
0.0
 49
2.5
140
2.5
141
2.5
142
0.0
143
0.03937007874
144
1.0
145
0.0
146
1.0
147
0.625
148
0.0
 69
0
 70
0
 71
0
 72
0
 73
0
 74
0
 75
0
 76
0
 77
1
 78
8
 79
3
170
0
171
3
172
1
173
0
174
0
175
0
176
0
177
0
178
0
179
2
271
2
272
2
273
2
274
3
275
0
276
0
277
2
278
44
279
0
280
0
281
0
282
0
283
0
284
8
285
0
286
0
288
0
289
3
290
0
371
-2
372
-2
  0
ENDTAB
  0
TABLE
  2
BLOCK_RECORD
  5
9
330
0
100
AcDbSymbolTable
 70
2
  0
BLOCK_RECORD
  5
17
330
9
100
AcDbSymbolTableRecord
100
AcDbBlockTableRecord
  2
*Model_Space
340
1A
 70
0
280
1
281
0
  0
BLOCK_RECORD
  5
1B
330
9
100
AcDbSymbolTableRecord
100
AcDbBlockTableRecord
  2
*Paper_Space
340
1E
 70
0
280
1
281
0
  0
ENDTAB
  0
ENDSEC
  0
SECTION
  2
BLOCKS
  0
BLOCK
  5
18
330
17
100
AcDbEntity
  8
0
100
AcDbBlockBegin
  2
*Model_Space
 70
0
 10
0.0
 20
0.0
 30
0.0
  3
*Model_Space
  1

  0
ENDBLK
  5
19
330
17
100
AcDbEntity
  8
0
100
AcDbBlockEnd
  0
BLOCK
  5
1C
330
1B
100
AcDbEntity
  8
0
100
AcDbBlockBegin
  2
*Paper_Space
 70
0
 10
0.0
 20
0.0
 30
0.0
  3
*Paper_Space
  1

  0
ENDBLK
  5
1D
330
1B
100
AcDbEntity
  8
0
100
AcDbBlockEnd
  0
ENDSEC
  0
SECTION
  2
ENTITIES
  0
LINE
  5
3C
330
17
100
AcDbEntity
  8
Nível
 62
4
370
25
100
AcDbLine
 10
2274.663442953504
 20
10006.73656857714
 30
0.0
 11
3216.684230958519
 21
10006.73656857714
 31
0.0
  0
LINE
  5
3D
330
17
100
AcDbEntity
  8
Nível
 62
4
370
25
100
AcDbLine
 10
2376.849427194684
 20
9683.736568577142
 30
0.0
 11
3216.684230958519
 21
9683.736568577142
 31
0.0
  0
LINE
  5
3E
330
17
100
AcDbEntity
  8
SARR_2.2x7
 62
40
370
25
100
AcDbLine
 10
2724.467018840398
 20
9685.736568577144
 30
0.0
 11
2724.467018840398
 21
9807.736568577142
 31
0.0
  0
LINE
  5
3F
330
17
100
AcDbEntity
  8
SARR_2.2x7
 62
40
370
25
100
AcDbLine
 10
2724.467018840281
 20
9807.736568577157
 30
0.0
 11
2724.467018840325
 21
9932.736568577142
 31
0.0
  0
LINE
  5
40
330
17
100
AcDbEntity
  8
SARR_2.2x7
 62
40
370
25
100
AcDbLine
 10
2792.46701884034
 20
9685.736568577157
 30
0.0
 11
2792.46701884034
 21
9807.736568577142
 31
0.0
  0
LINE
  5
41
330
17
100
AcDbEntity
  8
SARR_2.2x7
 62
40
370
25
100
AcDbLine
 10
2792.467018840224
 20
9807.736568577157
 30
0.0
 11
2792.467018840307
 21
9932.736568577142
 31
0.0
  0
LINE
  5
42
330
17
100
AcDbEntity
  8
Painéis
 62
200
370
25
100
AcDbLine
 10
2799.467018840398
 20
9683.736568576634
 30
0.0
 11
2799.467018840285
 21
9932.736568577144
 31
0.0
  0
LINE
  5
43
330
17
100
AcDbEntity
  8
Painéis
 62
200
370
25
100
AcDbLine
 10
2717.467018840398
 20
9807.736568577142
 30
0.0
 11
2799.46701884034
 21
9807.736568577142
 31
0.0
  0
LINE
  5
44
330
17
100
AcDbEntity
  8
Painéis
 62
200
370
25
100
AcDbLine
 10
2717.467018840397
 20
9932.736568577146
 30
0.0
 11
2717.467018840395
 21
9683.736568576662
 31
0.0
  0
LINE
  5
45
330
17
100
AcDbEntity
  8
Painéis
 62
200
370
25
100
AcDbLine
 10
2717.467018840395
 20
9685.736568577144
 30
0.0
 11
2799.467018840398
 21
9685.736568577144
 31
0.0
  0
LINE
  5
46
330
17
100
AcDbEntity
  8
Painéis
 62
200
370
25
100
AcDbLine
 10
2799.467018840398
 20
9932.736568577142
 30
0.0
 11
2717.467018840398
 21
9932.736568577146
 31
0.0
  0
LINE
  5
47
330
17
100
AcDbEntity
  8
Hachura
 62
251
370
9
100
AcDbLine
 10
2141.917319340922
 20
10171.20009904999
 30
0.0
 11
2141.925860551797
 21
10023.39973192247
 31
0.0
  0
LINE
  5
48
330
17
100
AcDbEntity
  8
Hachura
 62
251
370
9
100
AcDbLine
 10
1973.916186556365
 20
10171.20009904999
 30
0.0
 11
1973.90764534552
 21
10023.39973192247
 31
0.0
  0
LINE
  5
49
330
17
100
AcDbEntity
  8
Hachura
 62
251
370
9
100
AcDbLine
 10
2057.916492529825
 20
10171.20009904999
 30
0.0
 11
2057.90795131895
 21
10023.39973192247
 31
0.0
  0
LINE
  5
4A
330
17
100
AcDbEntity
  8
SARR_2.2x7
 62
40
370
25
100
AcDbLine
 10
2943.892433246161
 20
9932.736568577146
 30
0.0
 11
2943.892433246219
 21
9685.736568577144
 31
0.0
  0
LINE
  5
4B
330
17
100
AcDbEntity
  8
SARR_2.2x7
 62
40
370
25
100
AcDbLine
 10
2930.892433246216
 20
9932.736568577146
 30
0.0
 11
2930.892433246161
 21
9685.736568577144
 31
0.0
  0
LINE
  5
4C
330
17
100
AcDbEntity
  8
Painéis
 62
200
370
25
100
AcDbLine
 10
2923.89243324619
 20
9685.736568577144
 30
0.0
 11
2950.89243324619
 21
9685.736568577144
 31
0.0
  0
LINE
  5
4D
330
17
100
AcDbEntity
  8
Painéis
 62
200
370
25
100
AcDbLine
 10
2950.89243324619
 20
9685.736568577144
 30
0.0
 11
2950.892433246187
 21
9932.73656857714
 31
0.0
  0
LINE
  5
4E
330
17
100
AcDbEntity
  8
Painéis
 62
200
370
25
100
AcDbLine
 10
2923.89243324619
 20
9932.736568577142
 30
0.0
 11
2923.89243324619
 21
9685.736568577144
 31
0.0
  0
LINE
  5
4F
330
17
100
AcDbEntity
  8
SARR_2.2x7
 62
40
370
25
100
AcDbLine
 10
3107.676124452148
 20
9932.736568577146
 30
0.0
 11
3107.676124452206
 21
9685.736568577144
 31
0.0
  0
LINE
  5
50
330
17
100
AcDbEntity
  8
SARR_2.2x7
 62
40
370
25
100
AcDbLine
 10
3094.676124452202
 20
9932.736568577146
 30
0.0
 11
3094.676124452148
 21
9685.736568577144
 31
0.0
  0
LINE
  5
51
330
17
100
AcDbEntity
  8
Painéis
 62
200
370
25
100
AcDbLine
 10
3087.676124452177
 20
9685.736568577144
 30
0.0
 11
3114.676124452177
 21
9685.736568577144
 31
0.0
  0
LINE
  5
52
330
17
100
AcDbEntity
  8
Painéis
 62
200
370
25
100
AcDbLine
 10
3114.676124452177
 20
9685.736568577144
 30
0.0
 11
3114.676124452175
 21
9932.736568577142
 31
0.0
  0
LINE
  5
53
330
17
100
AcDbEntity
  8
Painéis
 62
200
370
25
100
AcDbLine
 10
3087.676124452177
 20
9932.736568577144
 30
0.0
 11
3087.676124452177
 21
9685.736568577144
 31
0.0
  0
LINE
  5
54
330
17
100
AcDbEntity
  8
SARR_2.2x7
 62
40
370
25
100
AcDbLine
 10
2498.554935387949
 20
9685.736568577144
 30
0.0
 11
2498.554935387949
 21
9807.736568577142
 31
0.0
  0
LINE
  5
55
330
17
100
AcDbEntity
  8
SARR_2.2x7
 62
40
370
25
100
AcDbLine
 10
2498.554935387832
 20
9807.736568577157
 30
0.0
 11
2498.554935387876
 21
9932.736568577142
 31
0.0
  0
LINE
  5
56
330
17
100
AcDbEntity
  8
SARR_2.2x7
 62
40
370
25
100
AcDbLine
 10
2566.554935387891
 20
9685.736568577157
 30
0.0
 11
2566.554935387891
 21
9807.736568577142
 31
0.0
  0
LINE
  5
57
330
17
100
AcDbEntity
  8
SARR_2.2x7
 62
40
370
25
100
AcDbLine
 10
2566.554935387774
 20
9807.736568577157
 30
0.0
 11
2566.554935387858
 21
9932.736568577142
 31
0.0
  0
LINE
  5
58
330
17
100
AcDbEntity
  8
Painéis
 62
200
370
25
100
AcDbLine
 10
2573.554935387949
 20
9683.736568576634
 30
0.0
 11
2573.554935387813
 21
9932.736568577142
 31
0.0
  0
LINE
  5
59
330
17
100
AcDbEntity
  8
Painéis
 62
200
370
25
100
AcDbLine
 10
2491.554935387949
 20
9807.736568577142
 30
0.0
 11
2573.554935387891
 21
9807.736568577142
 31
0.0
  0
LINE
  5
5A
330
17
100
AcDbEntity
  8
Painéis
 62
200
370
25
100
AcDbLine
 10
2491.554935387947
 20
9932.736568577146
 30
0.0
 11
2491.554935387946
 21
9683.736568576662
 31
0.0
  0
LINE
  5
5B
330
17
100
AcDbEntity
  8
Painéis
 62
200
370
25
100
AcDbLine
 10
2491.554935387946
 20
9685.736568577144
 30
0.0
 11
2573.554935387949
 21
9685.736568577144
 31
0.0
  0
LINE
  5
5C
330
17
100
AcDbEntity
  8
Painéis
 62
200
370
25
100
AcDbLine
 10
2573.554935387949
 20
9932.736568577142
 30
0.0
 11
2491.554935387949
 21
9932.736568577146
 31
0.0
  0
LINE
  5
5D
330
17
100
AcDbEntity
  8
Painéis
 62
200
370
25
100
AcDbLine
 10
2950.892433246187
 20
9932.736568577142
 30
0.0
 11
2923.89243324619
 21
9932.736568577142
 31
0.0
  0
LINE
  5
5E
330
17
100
AcDbEntity
  8
Painéis
 62
200
370
25
100
AcDbLine
 10
3114.676124452173
 20
9932.736568577144
 30
0.0
 11
3087.676124452177
 21
9932.736568577144
 31
0.0
  0
LINE
  5
5F
330
17
100
AcDbEntity
  8
Painéis
 62
200
370
25
100
AcDbLine
 10
2950.89243324619
 20
9810.736568577144
 30
0.0
 11
2923.89243324619
 21
9810.736568577144
 31
0.0
  0
LINE
  5
60
330
17
100
AcDbEntity
  8
Painéis
 62
200
370
25
100
AcDbLine
 10
3114.676124452173
 20
9810.736568577144
 30
0.0
 11
3087.676124452177
 21
9810.736568577144
 31
0.0
  0
LINE
  5
61
330
17
100
AcDbEntity
  8
COTA
 62
241
370
25
100
AcDbLine
 10
2573.554935387727
 20
10006.73656857714
 30
0.0
 11
2491.554935387949
 21
10006.73656857714
 31
0.0
  0
LINE
  5
62
330
17
100
AcDbEntity
  8
COTA
 62
241
370
25
100
AcDbLine
 10
2573.554935387763
 20
9932.73656857719
 30
0.0
 11
2573.554935387727
 21
10006.73656857719
 31
0.0
  0
LINE
  5
63
330
17
100
AcDbEntity
  8
COTA
 62
241
370
25
100
AcDbLine
 10
2491.554935387949
 20
9932.736568577146
 30
0.0
 11
2491.554935387949
 21
10006.73656857714
 31
0.0
  0
LINE
  5
64
330
17
100
AcDbEntity
  8
COTA
 62
241
370
25
100
AcDbLine
 10
2799.467018840176
 20
10006.73656857714
 30
0.0
 11
2717.467018840398
 21
10006.73656857714
 31
0.0
  0
LINE
  5
65
330
17
100
AcDbEntity
  8
COTA
 62
241
370
25
100
AcDbLine
 10
2799.467018840213
 20
9932.73656857719
 30
0.0
 11
2799.467018840176
 21
10006.73656857719
 31
0.0
  0
LINE
  5
66
330
17
100
AcDbEntity
  8
COTA
 62
241
370
25
100
AcDbLine
 10
2717.467018840398
 20
9932.736568577146
 30
0.0
 11
2717.467018840398
 21
10006.73656857714
 31
0.0
  0
LINE
  5
67
330
17
100
AcDbEntity
  8
SARR_2.2x7
 62
40
370
25
100
AcDbLine
 10
2491.554935387947
 20
9925.736568577146
 30
0.0
 11
2573.554935387762
 21
9925.736568577193
 31
0.0
  0
LINE
  5
68
330
17
100
AcDbEntity
  8
SARR_2.2x7
 62
40
370
25
100
AcDbLine
 10
2717.467018840397
 20
9925.736568577146
 30
0.0
 11
2799.467018840211
 21
9925.736568577193
 31
0.0
  0
LINE
  5
69
330
17
100
AcDbEntity
  8
NIVEL 2° PAV.
 62
4
370
25
100
AcDbLine
 10
2373.849427194685
 20
9683.736568577146
 30
0.0
 11
2335.194135884103
 21
9683.736568577146
 31
0.0
  0
LINE
  5
6A
330
17
100
AcDbEntity
  8
NIVEL 2° PAV.
 62
4
370
25
100
AcDbLine
 10
2335.035728030344
 20
10006.73656857714
 30
0.0
 11
2341.194135884102
 21
10006.73656857714
 31
0.0
  0
LINE
  5
6B
330
17
100
AcDbEntity
  8
NIVEL 2° PAV.
 62
4
370
25
100
AcDbLine
 10
2338.194135884102
 20
9683.736568577146
 30
0.0
 11
2338.194135884102
 21
10006.73656857714
 31
0.0
  0
LINE
  5
6C
330
17
100
AcDbEntity
  8
NIVEL 2° PAV.
 62
0
370
25
100
AcDbLine
 10
2336.694135884102
 20
9685.236568577146
 30
0.0
 11
2339.694135884102
 21
9682.236568577146
 31
0.0
  0
LINE
  5
6D
330
17
100
AcDbEntity
  8
NIVEL 2° PAV.
 62
0
370
25
100
AcDbLine
 10
2339.694135884102
 20
10005.23656857714
 30
0.0
 11
2336.694135884102
 21
10008.23656857714
 31
0.0
  0
LINE
  5
6E
330
17
100
AcDbEntity
  8
COTA
 62
4
370
25
100
AcDbLine
 10
2799.467018840398
 20
9682.736568577142
 30
0.0
 11
2799.467018840398
 21
9638.124583397153
 31
0.0
  0
LINE
  5
6F
330
17
100
AcDbEntity
  8
COTA
 62
4
370
25
100
AcDbLine
 10
2717.467018840398
 20
9682.736568577171
 30
0.0
 11
2717.467018840398
 21
9638.124583397153
 31
0.0
  0
LINE
  5
70
330
17
100
AcDbEntity
  8
COTA
 62
4
370
25
100
AcDbLine
 10
2799.467018840398
 20
9641.124583397153
 30
0.0
 11
2717.467018840398
 21
9641.124583397153
 31
0.0
  0
LINE
  5
71
330
17
100
AcDbEntity
  8
COTA
 62
0
370
25
100
AcDbLine
 10
2797.967018840398
 20
9639.624583397153
 30
0.0
 11
2800.967018840398
 21
9642.624583397153
 31
0.0
  0
LINE
  5
72
330
17
100
AcDbEntity
  8
COTA
 62
0
370
25
100
AcDbLine
 10
2718.967018840398
 20
9642.624583397153
 30
0.0
 11
2715.967018840398
 21
9639.624583397153
 31
0.0
  0
LINE
  5
73
330
17
100
AcDbEntity
  8
COTA
 62
4
370
25
100
AcDbLine
 10
2792.467018840398
 20
9682.736568577157
 30
0.0
 11
2792.467018840398
 21
9662.226472613247
 31
0.0
  0
LINE
  5
74
330
17
100
AcDbEntity
  8
COTA
 62
4
370
25
100
AcDbLine
 10
2799.467018840398
 20
9680.736568576634
 30
0.0
 11
2799.467018840398
 21
9662.226472613247
 31
0.0
  0
LINE
  5
75
330
17
100
AcDbEntity
  8
COTA
 62
4
370
25
100
AcDbLine
 10
2792.467018840398
 20
9665.226472613247
 30
0.0
 11
2799.467018840398
 21
9665.226472613247
 31
0.0
  0
LINE
  5
76
330
17
100
AcDbEntity
  8
COTA
 62
4
370
25
100
AcDbLine
 10
2799.467018840398
 20
9665.226472613247
 30
0.0
 11
2814.198012992445
 21
9665.226472613247
 31
0.0
  0
LINE
  5
77
330
17
100
AcDbEntity
  8
COTA
 62
0
370
25
100
AcDbLine
 10
2793.967018840398
 20
9666.726472613247
 30
0.0
 11
2790.967018840398
 21
9663.726472613247
 31
0.0
  0
LINE
  5
78
330
17
100
AcDbEntity
  8
COTA
 62
0
370
25
100
AcDbLine
 10
2797.967018840398
 20
9663.726472613247
 30
0.0
 11
2800.967018840398
 21
9666.726472613247
 31
0.0
  0
LINE
  5
79
330
17
100
AcDbEntity
  8
COTA
 62
4
370
25
100
AcDbLine
 10
2724.46701884034
 20
9682.736568577186
 30
0.0
 11
2724.46701884034
 21
9662.226472613276
 31
0.0
  0
LINE
  5
7A
330
17
100
AcDbEntity
  8
COTA
 62
4
370
25
100
AcDbLine
 10
2717.467018840398
 20
9680.736568576662
 30
0.0
 11
2717.467018840398
 21
9662.226472613276
 31
0.0
  0
LINE
  5
7B
330
17
100
AcDbEntity
  8
COTA
 62
4
370
25
100
AcDbLine
 10
2724.46701884034
 20
9665.226472613276
 30
0.0
 11
2717.467018840398
 21
9665.226472613276
 31
0.0
  0
LINE
  5
7C
330
17
100
AcDbEntity
  8
COTA
 62
4
370
25
100
AcDbLine
 10
2717.467018840398
 20
9665.226472613276
 30
0.0
 11
2702.736024688352
 21
9665.226472613276
 31
0.0
  0
LINE
  5
7D
330
17
100
AcDbEntity
  8
COTA
 62
0
370
25
100
AcDbLine
 10
2722.96701884034
 20
9663.726472613276
 30
0.0
 11
2725.96701884034
 21
9666.726472613276
 31
0.0
  0
LINE
  5
7E
330
17
100
AcDbEntity
  8
COTA
 62
0
370
25
100
AcDbLine
 10
2718.967018840398
 20
9666.726472613276
 30
0.0
 11
2715.967018840398
 21
9663.726472613276
 31
0.0
  0
LINE
  5
7F
330
17
100
AcDbEntity
  8
COTA
 62
4
370
25
100
AcDbLine
 10
2802.467018840392
 20
9685.73656857716
 30
0.0
 11
2821.7252170513
 21
9685.73656857716
 31
0.0
  0
LINE
  5
80
330
17
100
AcDbEntity
  8
COTA
 62
4
370
25
100
AcDbLine
 10
2802.467018840392
 20
9683.736568577146
 30
0.0
 11
2821.7252170513
 21
9683.736568577146
 31
0.0
  0
LINE
  5
81
330
17
100
AcDbEntity
  8
COTA
 62
4
370
25
100
AcDbLine
 10
2818.7252170513
 20
9683.736568577146
 30
0.0
 11
2818.7252170513
 21
9680.736568577146
 31
0.0
  0
LINE
  5
82
330
17
100
AcDbEntity
  8
COTA
 62
4
370
25
100
AcDbLine
 10
2818.7252170513
 20
9685.73656857716
 30
0.0
 11
2818.7252170513
 21
9704.53902002564
 31
0.0
  0
LINE
  5
83
330
17
100
AcDbEntity
  8
COTA
 62
4
370
25
100
AcDbLine
 10
2818.7252170513
 20
9683.736568577146
 30
0.0
 11
2818.7252170513
 21
9685.73656857716
 31
0.0
  0
LINE
  5
84
330
17
100
AcDbEntity
  8
COTA
 62
0
370
25
100
AcDbLine
 10
2820.2252170513
 20
9682.236568577146
 30
0.0
 11
2817.2252170513
 21
9685.236568577146
 31
0.0
  0
LINE
  5
85
330
17
100
AcDbEntity
  8
COTA
 62
0
370
25
100
AcDbLine
 10
2817.2252170513
 20
9687.23656857716
 30
0.0
 11
2820.2252170513
 21
9684.23656857716
 31
0.0
  0
LINE
  5
86
330
17
100
AcDbEntity
  8
COTA
 62
4
370
25
100
AcDbLine
 10
2802.467018840399
 20
9807.736568577146
 30
0.0
 11
2840.307962022556
 21
9807.736568577146
 31
0.0
  0
LINE
  5
87
330
17
100
AcDbEntity
  8
COTA
 62
4
370
25
100
AcDbLine
 10
2802.467018840399
 20
9932.736568577146
 30
0.0
 11
2840.307962022556
 21
9932.736568577146
 31
0.0
  0
LINE
  5
88
330
17
100
AcDbEntity
  8
COTA
 62
4
370
25
100
AcDbLine
 10
2837.307962022556
 20
9807.736568577146
 30
0.0
 11
2837.307962022556
 21
9932.736568577146
 31
0.0
  0
LINE
  5
89
330
17
100
AcDbEntity
  8
COTA
 62
0
370
25
100
AcDbLine
 10
2835.807962022556
 20
9809.236568577146
 30
0.0
 11
2838.807962022556
 21
9806.236568577146
 31
0.0
  0
LINE
  5
8A
330
17
100
AcDbEntity
  8
COTA
 62
0
370
25
100
AcDbLine
 10
2838.807962022556
 20
9931.236568577146
 30
0.0
 11
2835.807962022556
 21
9934.236568577146
 31
0.0
  0
LINE
  5
8B
330
17
100
AcDbEntity
  8
COTA
 62
4
370
25
100
AcDbLine
 10
2802.467018840399
 20
9683.736568577146
 30
0.0
 11
2840.30796202256
 21
9683.736568577146
 31
0.0
  0
LINE
  5
8C
330
17
100
AcDbEntity
  8
COTA
 62
4
370
25
100
AcDbLine
 10
2802.467018840341
 20
9807.736568577146
 30
0.0
 11
2840.30796202256
 21
9807.736568577146
 31
0.0
  0
LINE
  5
8D
330
17
100
AcDbEntity
  8
COTA
 62
4
370
25
100
AcDbLine
 10
2837.30796202256
 20
9683.736568577146
 30
0.0
 11
2837.30796202256
 21
9807.736568577146
 31
0.0
  0
LINE
  5
8E
330
17
100
AcDbEntity
  8
COTA
 62
0
370
25
100
AcDbLine
 10
2835.80796202256
 20
9685.236568577146
 30
0.0
 11
2838.80796202256
 21
9682.236568577146
 31
0.0
  0
LINE
  5
8F
330
17
100
AcDbEntity
  8
COTA
 62
0
370
25
100
AcDbLine
 10
2838.80796202256
 20
9806.236568577146
 30
0.0
 11
2835.80796202256
 21
9809.236568577146
 31
0.0
  0
LINE
  5
90
330
17
100
AcDbEntity
  8
COTA
 62
180
370
25
100
AcDbLine
 10
2033.865074543195
 20
10104.85415567891
 30
0.0
 11
2052.865074543195
 21
10104.85415567891
 31
0.0
  0
LINE
  5
91
330
17
100
AcDbEntity
  8
COTA
 62
180
370
25
100
AcDbLine
 10
2052.865074543195
 20
10104.85415567891
 30
0.0
 11
2052.865074543195
 21
10119.85415567891
 31
0.0
  0
LINE
  5
92
330
17
100
AcDbEntity
  8
COTA
 62
180
370
25
100
AcDbLine
 10
2052.865074543195
 20
10119.85415567891
 30
0.0
 11
2033.865074543195
 21
10119.85415567891
 31
0.0
  0
LINE
  5
93
330
17
100
AcDbEntity
  8
COTA
 62
180
370
25
100
AcDbLine
 10
2033.865074543195
 20
10119.85415567891
 30
0.0
 11
2033.865074543195
 21
10104.85415567891
 31
0.0
  0
LINE
  5
94
330
17
100
AcDbEntity
  8
COTA
 62
241
370
25
100
AcDbLine
 10
2139.916752924211
 20
10129.39973180058
 30
0.0
 11
2139.916752924211
 21
10214.80674844881
 31
0.0
  0
LINE
  5
95
330
17
100
AcDbEntity
  8
COTA
 62
241
370
25
100
AcDbLine
 10
1975.916752968856
 20
10129.39973177555
 30
0.0
 11
1975.916752968856
 21
10214.80674844881
 31
0.0
  0
LINE
  5
96
330
17
100
AcDbEntity
  8
COTA
 62
241
370
25
100
AcDbLine
 10
2139.916752924211
 20
10211.80674844881
 30
0.0
 11
1975.916752968856
 21
10211.80674844881
 31
0.0
  0
LINE
  5
97
330
17
100
AcDbEntity
  8
COTA
 62
0
370
25
100
AcDbLine
 10
2138.416752924211
 20
10210.30674844881
 30
0.0
 11
2141.416752924211
 21
10213.30674844881
 31
0.0
  0
LINE
  5
98
330
17
100
AcDbEntity
  8
COTA
 62
0
370
25
100
AcDbLine
 10
1977.416752968856
 20
10213.30674844881
 30
0.0
 11
1974.416752968856
 21
10210.30674844881
 31
0.0
  0
LINE
  5
99
330
17
100
AcDbEntity
  8
COTA
 62
241
370
25
100
AcDbLine
 10
2139.916752924211
 20
10163.39973184459
 30
0.0
 11
2139.916752924211
 21
10191.12509933795
 31
0.0
  0
LINE
  5
9A
330
17
100
AcDbEntity
  8
COTA
 62
241
370
25
100
AcDbLine
 10
2057.916752946534
 20
10175.20009904999
 30
0.0
 11
2057.916752946534
 21
10191.12509933795
 31
0.0
  0
LINE
  5
9B
330
17
100
AcDbEntity
  8
COTA
 62
241
370
25
100
AcDbLine
 10
2139.916752924211
 20
10188.12509933795
 30
0.0
 11
2057.916752946534
 21
10188.12509933795
 31
0.0
  0
LINE
  5
9C
330
17
100
AcDbEntity
  8
COTA
 62
0
370
25
100
AcDbLine
 10
2138.416752924211
 20
10186.62509933795
 30
0.0
 11
2141.416752924211
 21
10189.62509933795
 31
0.0
  0
LINE
  5
9D
330
17
100
AcDbEntity
  8
COTA
 62
0
370
25
100
AcDbLine
 10
2059.416752946534
 20
10189.62509933795
 30
0.0
 11
2056.416752946534
 21
10186.62509933795
 31
0.0
  0
LINE
  5
9E
330
17
100
AcDbEntity
  8
COTA
 62
241
370
25
100
AcDbLine
 10
1975.916752968856
 20
10163.39973184459
 30
0.0
 11
1975.916752968856
 21
10191.12509933792
 31
0.0
  0
LINE
  5
9F
330
17
100
AcDbEntity
  8
COTA
 62
241
370
25
100
AcDbLine
 10
2057.916752946534
 20
10175.20009904999
 30
0.0
 11
2057.916752946534
 21
10191.12509933792
 31
0.0
  0
LINE
  5
A0
330
17
100
AcDbEntity
  8
COTA
 62
241
370
25
100
AcDbLine
 10
1975.916752968856
 20
10188.12509933792
 30
0.0
 11
2057.916752946534
 21
10188.12509933792
 31
0.0
  0
LINE
  5
A1
330
17
100
AcDbEntity
  8
COTA
 62
0
370
25
100
AcDbLine
 10
1977.416752968856
 20
10189.62509933792
 30
0.0
 11
1974.416752968856
 21
10186.62509933792
 31
0.0
  0
LINE
  5
A2
330
17
100
AcDbEntity
  8
COTA
 62
0
370
25
100
AcDbLine
 10
2056.416752946534
 20
10186.62509933792
 30
0.0
 11
2059.416752946534
 21
10189.62509933792
 31
0.0
  0
LINE
  5
A3
330
17
100
AcDbEntity
  8
COTA
 62
180
370
25
100
AcDbLine
 10
2108.919067350796
 20
10078.58056484485
 30
0.0
 11
2108.919067350796
 21
10097.91389817819
 31
0.0
  0
LINE
  5
A4
330
17
100
AcDbEntity
  8
COTA
 62
180
370
25
100
AcDbLine
 10
2108.919067350796
 20
10097.91389817819
 30
0.0
 11
2093.919067350796
 21
10097.91389817819
 31
0.0
  0
LINE
  5
A5
330
17
100
AcDbEntity
  8
COTA
 62
180
370
25
100
AcDbLine
 10
2093.919067350796
 20
10097.91389817819
 30
0.0
 11
2093.919067350796
 21
10078.58056484485
 31
0.0
  0
LINE
  5
A6
330
17
100
AcDbEntity
  8
COTA
 62
180
370
25
100
AcDbLine
 10
2093.919067350796
 20
10078.58056484485
 30
0.0
 11
2108.919067350796
 21
10078.58056484485
 31
0.0
  0
LINE
  5
A7
330
17
100
AcDbEntity
  8
COTA
 62
241
370
25
100
AcDbLine
 10
2139.916752924211
 20
10047.39973188609
 30
0.0
 11
2139.916752924211
 21
9986.83835209859
 31
0.0
  0
LINE
  5
A8
330
17
100
AcDbEntity
  8
COTA
 62
241
370
25
100
AcDbLine
 10
1975.916752968856
 20
10047.39973188609
 30
0.0
 11
1975.916752968856
 21
9986.83835209859
 31
0.0
  0
LINE
  5
A9
330
17
100
AcDbEntity
  8
COTA
 62
241
370
25
100
AcDbLine
 10
2139.916752924211
 20
9989.83835209859
 30
0.0
 11
1975.916752968856
 21
9989.83835209859
 31
0.0
  0
LINE
  5
AA
330
17
100
AcDbEntity
  8
COTA
 62
0
370
25
100
AcDbLine
 10
2138.416752924211
 20
9988.33835209859
 30
0.0
 11
2141.416752924211
 21
9991.33835209859
 31
0.0
  0
LINE
  5
AB
330
17
100
AcDbEntity
  8
COTA
 62
0
370
25
100
AcDbLine
 10
1977.416752968856
 20
9991.33835209859
 30
0.0
 11
1974.416752968856
 21
9988.33835209859
 31
0.0
  0
LINE
  5
AC
330
17
100
AcDbEntity
  8
COTA
 62
241
370
25
100
AcDbLine
 10
1975.939113788685
 20
10047.3881195802
 30
0.0
 11
1975.939113788685
 21
10011.7711065564
 31
0.0
  0
LINE
  5
AD
330
17
100
AcDbEntity
  8
COTA
 62
241
370
25
100
AcDbLine
 10
2031.932166383805
 20
10047.3881195802
 30
0.0
 11
2031.932166383805
 21
10011.7711065564
 31
0.0
  0
LINE
  5
AE
330
17
100
AcDbEntity
  8
COTA
 62
241
370
25
100
AcDbLine
 10
1975.939113788685
 20
10014.7711065564
 30
0.0
 11
2031.932166383805
 21
10014.7711065564
 31
0.0
  0
LINE
  5
AF
330
17
100
AcDbEntity
  8
COTA
 62
0
370
25
100
AcDbLine
 10
1977.439113788685
 20
10016.2711065564
 30
0.0
 11
1974.439113788685
 21
10013.2711065564
 31
0.0
  0
LINE
  5
B0
330
17
100
AcDbEntity
  8
COTA
 62
0
370
25
100
AcDbLine
 10
2030.432166383805
 20
10013.2711065564
 30
0.0
 11
2033.432166383805
 21
10016.2711065564
 31
0.0
  0
LINE
  5
B1
330
17
100
AcDbEntity
  8
COTA
 62
241
370
25
100
AcDbLine
 10
2031.932166371978
 20
10047.38811958021
 30
0.0
 11
2031.932166371978
 21
10011.77110655707
 31
0.0
  0
LINE
  5
B2
330
17
100
AcDbEntity
  8
COTA
 62
241
370
25
100
AcDbLine
 10
2083.932091147901
 20
10047.38811964455
 30
0.0
 11
2083.932091147901
 21
10011.77110655707
 31
0.0
  0
LINE
  5
B3
330
17
100
AcDbEntity
  8
COTA
 62
241
370
25
100
AcDbLine
 10
2031.932166371978
 20
10014.77110655707
 30
0.0
 11
2083.932091147901
 21
10014.77110655707
 31
0.0
  0
LINE
  5
B4
330
17
100
AcDbEntity
  8
COTA
 62
0
370
25
100
AcDbLine
 10
2033.432166371978
 20
10016.27110655707
 30
0.0
 11
2030.432166371978
 21
10013.27110655707
 31
0.0
  0
LINE
  5
B5
330
17
100
AcDbEntity
  8
COTA
 62
0
370
25
100
AcDbLine
 10
2082.432091147901
 20
10013.27110655707
 30
0.0
 11
2085.432091147901
 21
10016.27110655707
 31
0.0
  0
LINE
  5
B6
330
17
100
AcDbEntity
  8
COTA
 62
241
370
25
100
AcDbLine
 10
2083.932091147901
 20
10047.38811964455
 30
0.0
 11
2083.932091147901
 21
10011.77110655695
 31
0.0
  0
LINE
  5
B7
330
17
100
AcDbEntity
  8
COTA
 62
241
370
25
100
AcDbLine
 10
2139.932124904822
 20
10047.38811958024
 30
0.0
 11
2139.932124904822
 21
10011.77110655695
 31
0.0
  0
LINE
  5
B8
330
17
100
AcDbEntity
  8
COTA
 62
241
370
25
100
AcDbLine
 10
2083.932091147901
 20
10014.77110655695
 30
0.0
 11
2139.932124904822
 21
10014.77110655695
 31
0.0
  0
LINE
  5
B9
330
17
100
AcDbEntity
  8
COTA
 62
0
370
25
100
AcDbLine
 10
2085.432091147901
 20
10016.27110655695
 30
0.0
 11
2082.432091147901
 21
10013.27110655695
 31
0.0
  0
LINE
  5
BA
330
17
100
AcDbEntity
  8
COTA
 62
0
370
25
100
AcDbLine
 10
2138.432124904822
 20
10013.27110655695
 30
0.0
 11
2141.432124904822
 21
10016.27110655695
 31
0.0
  0
LINE
  5
BB
330
17
100
AcDbEntity
  8
COTA
 62
4
370
25
100
AcDbLine
 10
2923.89243324619
 20
9682.736568577142
 30
0.0
 11
2923.89243324619
 21
9650.842356930973
 31
0.0
  0
LINE
  5
BC
330
17
100
AcDbEntity
  8
COTA
 62
4
370
25
100
AcDbLine
 10
2950.89243324619
 20
9682.736568577142
 30
0.0
 11
2950.89243324619
 21
9650.842356930973
 31
0.0
  0
LINE
  5
BD
330
17
100
AcDbEntity
  8
COTA
 62
4
370
25
100
AcDbLine
 10
2923.89243324619
 20
9653.842356930973
 30
0.0
 11
2950.89243324619
 21
9653.842356930973
 31
0.0
  0
LINE
  5
BE
330
17
100
AcDbEntity
  8
COTA
 62
0
370
25
100
AcDbLine
 10
2925.39243324619
 20
9655.342356930973
 30
0.0
 11
2922.39243324619
 21
9652.342356930973
 31
0.0
  0
LINE
  5
BF
330
17
100
AcDbEntity
  8
COTA
 62
0
370
25
100
AcDbLine
 10
2949.39243324619
 20
9652.342356930973
 30
0.0
 11
2952.39243324619
 21
9655.342356930973
 31
0.0
  0
LINE
  5
C0
330
17
100
AcDbEntity
  8
COTA
 62
4
370
25
100
AcDbLine
 10
2953.892433246249
 20
9683.736568577116
 30
0.0
 11
2972.799850914509
 21
9683.736568577116
 31
0.0
  0
LINE
  5
C1
330
17
100
AcDbEntity
  8
COTA
 62
4
370
25
100
AcDbLine
 10
2953.892433246191
 20
9685.736568577118
 30
0.0
 11
2972.799850914509
 21
9685.736568577118
 31
0.0
  0
LINE
  5
C2
330
17
100
AcDbEntity
  8
COTA
 62
4
370
25
100
AcDbLine
 10
2969.799850914509
 20
9683.736568577116
 30
0.0
 11
2969.799850914509
 21
9680.736568577116
 31
0.0
  0
LINE
  5
C3
330
17
100
AcDbEntity
  8
COTA
 62
4
370
25
100
AcDbLine
 10
2969.799850914509
 20
9685.736568577118
 30
0.0
 11
2969.799850914509
 21
9688.736568577118
 31
0.0
  0
LINE
  5
C4
330
17
100
AcDbEntity
  8
COTA
 62
4
370
25
100
AcDbLine
 10
2969.799850914509
 20
9683.736568577116
 30
0.0
 11
2969.799850914509
 21
9685.736568577118
 31
0.0
  0
LINE
  5
C5
330
17
100
AcDbEntity
  8
COTA
 62
0
370
25
100
AcDbLine
 10
2971.299850914509
 20
9682.236568577116
 30
0.0
 11
2968.299850914509
 21
9685.236568577116
 31
0.0
  0
LINE
  5
C6
330
17
100
AcDbEntity
  8
COTA
 62
0
370
25
100
AcDbLine
 10
2968.299850914509
 20
9687.236568577118
 30
0.0
 11
2971.299850914509
 21
9684.236568577118
 31
0.0
  0
LINE
  5
C7
330
17
100
AcDbEntity
  8
COTA
 62
4
370
25
100
AcDbLine
 10
2953.892433246187
 20
9932.736568577147
 30
0.0
 11
2994.232145584372
 21
9932.736568577147
 31
0.0
  0
LINE
  5
C8
330
17
100
AcDbEntity
  8
COTA
 62
4
370
25
100
AcDbLine
 10
2953.892433246187
 20
9685.736568577144
 30
0.0
 11
2994.232145584372
 21
9685.736568577144
 31
0.0
  0
LINE
  5
C9
330
17
100
AcDbEntity
  8
COTA
 62
4
370
25
100
AcDbLine
 10
2991.232145584372
 20
9932.736568577147
 30
0.0
 11
2991.232145584372
 21
9685.736568577144
 31
0.0
  0
LINE
  5
CA
330
17
100
AcDbEntity
  8
COTA
 62
0
370
25
100
AcDbLine
 10
2992.732145584372
 20
9931.236568577147
 30
0.0
 11
2989.732145584372
 21
9934.236568577147
 31
0.0
  0
LINE
  5
CB
330
17
100
AcDbEntity
  8
COTA
 62
0
370
25
100
AcDbLine
 10
2989.732145584372
 20
9687.236568577144
 30
0.0
 11
2992.732145584372
 21
9684.236568577144
 31
0.0
  0
LINE
  5
CC
330
17
100
AcDbEntity
  8
COTA
 62
4
370
25
100
AcDbLine
 10
3087.676124452177
 20
9682.736568577142
 30
0.0
 11
3087.676124452177
 21
9650.842356930973
 31
0.0
  0
LINE
  5
CD
330
17
100
AcDbEntity
  8
COTA
 62
4
370
25
100
AcDbLine
 10
3114.676124452177
 20
9682.736568577142
 30
0.0
 11
3114.676124452177
 21
9650.842356930973
 31
0.0
  0
LINE
  5
CE
330
17
100
AcDbEntity
  8
COTA
 62
4
370
25
100
AcDbLine
 10
3087.676124452177
 20
9653.842356930973
 30
0.0
 11
3114.676124452177
 21
9653.842356930973
 31
0.0
  0
LINE
  5
CF
330
17
100
AcDbEntity
  8
COTA
 62
0
370
25
100
AcDbLine
 10
3089.176124452177
 20
9655.342356930973
 30
0.0
 11
3086.176124452177
 21
9652.342356930973
 31
0.0
  0
LINE
  5
D0
330
17
100
AcDbEntity
  8
COTA
 62
0
370
25
100
AcDbLine
 10
3113.176124452177
 20
9652.342356930973
 30
0.0
 11
3116.176124452177
 21
9655.342356930973
 31
0.0
  0
LINE
  5
D1
330
17
100
AcDbEntity
  8
COTA
 62
4
370
25
100
AcDbLine
 10
3117.676124452237
 20
9683.736568577116
 30
0.0
 11
3136.583542120496
 21
9683.736568577116
 31
0.0
  0
LINE
  5
D2
330
17
100
AcDbEntity
  8
COTA
 62
4
370
25
100
AcDbLine
 10
3117.676124452179
 20
9685.736568577118
 30
0.0
 11
3136.583542120496
 21
9685.736568577118
 31
0.0
  0
LINE
  5
D3
330
17
100
AcDbEntity
  8
COTA
 62
4
370
25
100
AcDbLine
 10
3133.583542120496
 20
9683.736568577116
 30
0.0
 11
3133.583542120496
 21
9680.736568577116
 31
0.0
  0
LINE
  5
D4
330
17
100
AcDbEntity
  8
COTA
 62
4
370
25
100
AcDbLine
 10
3133.583542120496
 20
9685.736568577118
 30
0.0
 11
3133.583542120496
 21
9688.736568577118
 31
0.0
  0
LINE
  5
D5
330
17
100
AcDbEntity
  8
COTA
 62
4
370
25
100
AcDbLine
 10
3133.583542120496
 20
9683.736568577116
 30
0.0
 11
3133.583542120496
 21
9685.736568577118
 31
0.0
  0
LINE
  5
D6
330
17
100
AcDbEntity
  8
COTA
 62
0
370
25
100
AcDbLine
 10
3135.083542120496
 20
9682.236568577116
 30
0.0
 11
3132.083542120496
 21
9685.236568577116
 31
0.0
  0
LINE
  5
D7
330
17
100
AcDbEntity
  8
COTA
 62
0
370
25
100
AcDbLine
 10
3132.083542120496
 20
9687.236568577118
 30
0.0
 11
3135.083542120496
 21
9684.236568577118
 31
0.0
  0
LINE
  5
D8
330
17
100
AcDbEntity
  8
COTA
 62
4
370
25
100
AcDbLine
 10
3117.676124452175
 20
9932.736568577147
 30
0.0
 11
3158.015836790367
 21
9932.736568577147
 31
0.0
  0
LINE
  5
D9
330
17
100
AcDbEntity
  8
COTA
 62
4
370
25
100
AcDbLine
 10
3117.676124452175
 20
9685.736568577144
 30
0.0
 11
3158.015836790367
 21
9685.736568577144
 31
0.0
  0
LINE
  5
DA
330
17
100
AcDbEntity
  8
COTA
 62
4
370
25
100
AcDbLine
 10
3155.015836790367
 20
9932.736568577147
 30
0.0
 11
3155.015836790367
 21
9685.736568577144
 31
0.0
  0
LINE
  5
DB
330
17
100
AcDbEntity
  8
COTA
 62
0
370
25
100
AcDbLine
 10
3156.515836790367
 20
9931.236568577147
 30
0.0
 11
3153.515836790367
 21
9934.236568577147
 31
0.0
  0
LINE
  5
DC
330
17
100
AcDbEntity
  8
COTA
 62
0
370
25
100
AcDbLine
 10
3153.515836790367
 20
9687.236568577144
 30
0.0
 11
3156.515836790367
 21
9684.236568577144
 31
0.0
  0
LINE
  5
DD
330
17
100
AcDbEntity
  8
COTA
 62
4
370
25
100
AcDbLine
 10
2953.892433246187
 20
9932.736568577146
 30
0.0
 11
2971.264756434859
 21
9932.736568577146
 31
0.0
  0
LINE
  5
DE
330
17
100
AcDbEntity
  8
COTA
 62
4
370
25
100
AcDbLine
 10
2953.892433246187
 20
9810.736568577146
 30
0.0
 11
2971.264756434859
 21
9810.736568577146
 31
0.0
  0
LINE
  5
DF
330
17
100
AcDbEntity
  8
COTA
 62
4
370
25
100
AcDbLine
 10
2968.264756434859
 20
9932.736568577146
 30
0.0
 11
2968.264756434859
 21
9810.736568577146
 31
0.0
  0
LINE
  5
E0
330
17
100
AcDbEntity
  8
COTA
 62
0
370
25
100
AcDbLine
 10
2969.764756434859
 20
9931.236568577146
 30
0.0
 11
2966.764756434859
 21
9934.236568577146
 31
0.0
  0
LINE
  5
E1
330
17
100
AcDbEntity
  8
COTA
 62
0
370
25
100
AcDbLine
 10
2966.764756434859
 20
9812.236568577146
 30
0.0
 11
2969.764756434859
 21
9809.236568577146
 31
0.0
  0
LINE
  5
E2
330
17
100
AcDbEntity
  8
COTA
 62
4
370
25
100
AcDbLine
 10
2953.892433246191
 20
9810.736568577146
 30
0.0
 11
2971.26475643484
 21
9810.736568577146
 31
0.0
  0
LINE
  5
E3
330
17
100
AcDbEntity
  8
COTA
 62
4
370
25
100
AcDbLine
 10
2953.892433246191
 20
9685.736568577146
 30
0.0
 11
2971.26475643484
 21
9685.736568577146
 31
0.0
  0
LINE
  5
E4
330
17
100
AcDbEntity
  8
COTA
 62
4
370
25
100
AcDbLine
 10
2968.26475643484
 20
9810.736568577146
 30
0.0
 11
2968.26475643484
 21
9685.736568577146
 31
0.0
  0
LINE
  5
E5
330
17
100
AcDbEntity
  8
COTA
 62
0
370
25
100
AcDbLine
 10
2969.76475643484
 20
9809.236568577146
 30
0.0
 11
2966.76475643484
 21
9812.236568577146
 31
0.0
  0
LINE
  5
E6
330
17
100
AcDbEntity
  8
COTA
 62
0
370
25
100
AcDbLine
 10
2966.76475643484
 20
9687.236568577146
 30
0.0
 11
2969.76475643484
 21
9684.236568577146
 31
0.0
  0
LINE
  5
E7
330
17
100
AcDbEntity
  8
COTA
 62
4
370
25
100
AcDbLine
 10
3117.676124452175
 20
9932.736568577147
 30
0.0
 11
3135.048447640861
 21
9932.736568577147
 31
0.0
  0
LINE
  5
E8
330
17
100
AcDbEntity
  8
COTA
 62
4
370
25
100
AcDbLine
 10
3117.676124452175
 20
9810.736568577147
 30
0.0
 11
3135.048447640861
 21
9810.736568577147
 31
0.0
  0
LINE
  5
E9
330
17
100
AcDbEntity
  8
COTA
 62
4
370
25
100
AcDbLine
 10
3132.04844764086
 20
9932.736568577147
 30
0.0
 11
3132.04844764086
 21
9810.736568577147
 31
0.0
  0
LINE
  5
EA
330
17
100
AcDbEntity
  8
COTA
 62
0
370
25
100
AcDbLine
 10
3133.54844764086
 20
9931.236568577147
 30
0.0
 11
3130.54844764086
 21
9934.236568577147
 31
0.0
  0
LINE
  5
EB
330
17
100
AcDbEntity
  8
COTA
 62
0
370
25
100
AcDbLine
 10
3130.54844764086
 20
9812.236568577147
 30
0.0
 11
3133.54844764086
 21
9809.236568577147
 31
0.0
  0
LINE
  5
EC
330
17
100
AcDbEntity
  8
COTA
 62
4
370
25
100
AcDbLine
 10
3117.676124452179
 20
9810.736568577147
 30
0.0
 11
3135.048447640875
 21
9810.736568577147
 31
0.0
  0
LINE
  5
ED
330
17
100
AcDbEntity
  8
COTA
 62
4
370
25
100
AcDbLine
 10
3117.676124452179
 20
9685.736568577147
 30
0.0
 11
3135.048447640875
 21
9685.736568577147
 31
0.0
  0
LINE
  5
EE
330
17
100
AcDbEntity
  8
COTA
 62
4
370
25
100
AcDbLine
 10
3132.048447640875
 20
9810.736568577147
 30
0.0
 11
3132.048447640875
 21
9685.736568577147
 31
0.0
  0
LINE
  5
EF
330
17
100
AcDbEntity
  8
COTA
 62
0
370
25
100
AcDbLine
 10
3133.548447640875
 20
9809.236568577147
 30
0.0
 11
3130.548447640875
 21
9812.236568577147
 31
0.0
  0
LINE
  5
F0
330
17
100
AcDbEntity
  8
COTA
 62
0
370
25
100
AcDbLine
 10
3130.548447640875
 20
9687.236568577147
 30
0.0
 11
3133.548447640875
 21
9684.236568577147
 31
0.0
  0
LINE
  5
F1
330
17
100
AcDbEntity
  8
COTA
 62
4
370
25
100
AcDbLine
 10
2573.554935387949
 20
9682.736568577142
 30
0.0
 11
2573.554935387949
 21
9638.124583397153
 31
0.0
  0
LINE
  5
F2
330
17
100
AcDbEntity
  8
COTA
 62
4
370
25
100
AcDbLine
 10
2491.554935387949
 20
9682.736568577171
 30
0.0
 11
2491.554935387949
 21
9638.124583397153
 31
0.0
  0
LINE
  5
F3
330
17
100
AcDbEntity
  8
COTA
 62
4
370
25
100
AcDbLine
 10
2573.554935387949
 20
9641.124583397153
 30
0.0
 11
2491.554935387949
 21
9641.124583397153
 31
0.0
  0
LINE
  5
F4
330
17
100
AcDbEntity
  8
COTA
 62
0
370
25
100
AcDbLine
 10
2572.054935387949
 20
9639.624583397153
 30
0.0
 11
2575.054935387949
 21
9642.624583397153
 31
0.0
  0
LINE
  5
F5
330
17
100
AcDbEntity
  8
COTA
 62
0
370
25
100
AcDbLine
 10
2493.054935387949
 20
9642.624583397153
 30
0.0
 11
2490.054935387949
 21
9639.624583397153
 31
0.0
  0
LINE
  5
F6
330
17
100
AcDbEntity
  8
COTA
 62
4
370
25
100
AcDbLine
 10
2566.554935387949
 20
9682.736568577157
 30
0.0
 11
2566.554935387949
 21
9662.226472613247
 31
0.0
  0
LINE
  5
F7
330
17
100
AcDbEntity
  8
COTA
 62
4
370
25
100
AcDbLine
 10
2573.554935387949
 20
9680.736568576634
 30
0.0
 11
2573.554935387949
 21
9662.226472613247
 31
0.0
  0
LINE
  5
F8
330
17
100
AcDbEntity
  8
COTA
 62
4
370
25
100
AcDbLine
 10
2566.554935387949
 20
9665.226472613247
 30
0.0
 11
2573.554935387949
 21
9665.226472613247
 31
0.0
  0
LINE
  5
F9
330
17
100
AcDbEntity
  8
COTA
 62
4
370
25
100
AcDbLine
 10
2573.554935387949
 20
9665.226472613247
 30
0.0
 11
2588.285929539996
 21
9665.226472613247
 31
0.0
  0
LINE
  5
FA
330
17
100
AcDbEntity
  8
COTA
 62
0
370
25
100
AcDbLine
 10
2568.054935387949
 20
9666.726472613247
 30
0.0
 11
2565.054935387949
 21
9663.726472613247
 31
0.0
  0
LINE
  5
FB
330
17
100
AcDbEntity
  8
COTA
 62
0
370
25
100
AcDbLine
 10
2572.054935387949
 20
9663.726472613247
 30
0.0
 11
2575.054935387949
 21
9666.726472613247
 31
0.0
  0
LINE
  5
FC
330
17
100
AcDbEntity
  8
COTA
 62
4
370
25
100
AcDbLine
 10
2498.554935387891
 20
9682.736568577186
 30
0.0
 11
2498.554935387891
 21
9662.226472613276
 31
0.0
  0
LINE
  5
FD
330
17
100
AcDbEntity
  8
COTA
 62
4
370
25
100
AcDbLine
 10
2491.554935387949
 20
9680.736568576662
 30
0.0
 11
2491.554935387949
 21
9662.226472613276
 31
0.0
  0
LINE
  5
FE
330
17
100
AcDbEntity
  8
COTA
 62
4
370
25
100
AcDbLine
 10
2498.554935387891
 20
9665.226472613276
 30
0.0
 11
2491.554935387949
 21
9665.226472613276
 31
0.0
  0
LINE
  5
FF
330
17
100
AcDbEntity
  8
COTA
 62
4
370
25
100
AcDbLine
 10
2491.554935387949
 20
9665.226472613276
 30
0.0
 11
2476.823941235902
 21
9665.226472613276
 31
0.0
  0
LINE
  5
100
330
17
100
AcDbEntity
  8
COTA
 62
0
370
25
100
AcDbLine
 10
2497.054935387891
 20
9663.726472613276
 30
0.0
 11
2500.054935387891
 21
9666.726472613276
 31
0.0
  0
LINE
  5
101
330
17
100
AcDbEntity
  8
COTA
 62
0
370
25
100
AcDbLine
 10
2493.054935387949
 20
9666.726472613276
 30
0.0
 11
2490.054935387949
 21
9663.726472613276
 31
0.0
  0
LINE
  5
102
330
17
100
AcDbEntity
  8
COTA
 62
4
370
25
100
AcDbLine
 10
2576.554935387943
 20
9685.73656857716
 30
0.0
 11
2595.813133598851
 21
9685.73656857716
 31
0.0
  0
LINE
  5
103
330
17
100
AcDbEntity
  8
COTA
 62
4
370
25
100
AcDbLine
 10
2576.554935387943
 20
9683.736568577146
 30
0.0
 11
2595.813133598851
 21
9683.736568577146
 31
0.0
  0
LINE
  5
104
330
17
100
AcDbEntity
  8
COTA
 62
4
370
25
100
AcDbLine
 10
2592.813133598851
 20
9683.736568577146
 30
0.0
 11
2592.813133598851
 21
9680.736568577146
 31
0.0
  0
LINE
  5
105
330
17
100
AcDbEntity
  8
COTA
 62
4
370
25
100
AcDbLine
 10
2592.813133598851
 20
9685.73656857716
 30
0.0
 11
2592.813133598851
 21
9704.53902002564
 31
0.0
  0
LINE
  5
106
330
17
100
AcDbEntity
  8
COTA
 62
4
370
25
100
AcDbLine
 10
2592.813133598851
 20
9683.736568577146
 30
0.0
 11
2592.813133598851
 21
9685.73656857716
 31
0.0
  0
LINE
  5
107
330
17
100
AcDbEntity
  8
COTA
 62
0
370
25
100
AcDbLine
 10
2594.313133598851
 20
9682.236568577146
 30
0.0
 11
2591.313133598851
 21
9685.236568577146
 31
0.0
  0
LINE
  5
108
330
17
100
AcDbEntity
  8
COTA
 62
0
370
25
100
AcDbLine
 10
2591.313133598851
 20
9687.23656857716
 30
0.0
 11
2594.313133598851
 21
9684.23656857716
 31
0.0
  0
LINE
  5
109
330
17
100
AcDbEntity
  8
COTA
 62
4
370
25
100
AcDbLine
 10
2576.55493538795
 20
9807.736568577146
 30
0.0
 11
2614.395878570034
 21
9807.736568577146
 31
0.0
  0
LINE
  5
10A
330
17
100
AcDbEntity
  8
COTA
 62
4
370
25
100
AcDbLine
 10
2576.55493538795
 20
9932.736568577146
 30
0.0
 11
2614.395878570034
 21
9932.736568577146
 31
0.0
  0
LINE
  5
10B
330
17
100
AcDbEntity
  8
COTA
 62
4
370
25
100
AcDbLine
 10
2611.395878570034
 20
9807.736568577146
 30
0.0
 11
2611.395878570034
 21
9932.736568577146
 31
0.0
  0
LINE
  5
10C
330
17
100
AcDbEntity
  8
COTA
 62
0
370
25
100
AcDbLine
 10
2609.895878570034
 20
9809.236568577146
 30
0.0
 11
2612.895878570034
 21
9806.236568577146
 31
0.0
  0
LINE
  5
10D
330
17
100
AcDbEntity
  8
COTA
 62
0
370
25
100
AcDbLine
 10
2612.895878570034
 20
9931.236568577146
 30
0.0
 11
2609.895878570034
 21
9934.236568577146
 31
0.0
  0
LINE
  5
10E
330
17
100
AcDbEntity
  8
COTA
 62
4
370
25
100
AcDbLine
 10
2576.55493538795
 20
9683.736568577146
 30
0.0
 11
2614.395878570038
 21
9683.736568577146
 31
0.0
  0
LINE
  5
10F
330
17
100
AcDbEntity
  8
COTA
 62
4
370
25
100
AcDbLine
 10
2576.554935387891
 20
9807.736568577146
 30
0.0
 11
2614.395878570038
 21
9807.736568577146
 31
0.0
  0
LINE
  5
110
330
17
100
AcDbEntity
  8
COTA
 62
4
370
25
100
AcDbLine
 10
2611.395878570038
 20
9683.736568577146
 30
0.0
 11
2611.395878570038
 21
9807.736568577146
 31
0.0
  0
LINE
  5
111
330
17
100
AcDbEntity
  8
COTA
 62
0
370
25
100
AcDbLine
 10
2609.895878570038
 20
9685.236568577146
 30
0.0
 11
2612.895878570038
 21
9682.236568577146
 31
0.0
  0
LINE
  5
112
330
17
100
AcDbEntity
  8
COTA
 62
0
370
25
100
AcDbLine
 10
2612.895878570038
 20
9806.236568577146
 30
0.0
 11
2609.895878570038
 21
9809.236568577146
 31
0.0
  0
LINE
  5
113
330
17
100
AcDbEntity
  8
COTA
 62
4
370
25
100
AcDbLine
 10
2953.133988275468
 20
9932.73656857714
 30
0.0
 11
2993.473700613645
 21
9932.73656857714
 31
0.0
  0
LINE
  5
114
330
17
100
AcDbEntity
  8
COTA
 62
4
370
25
100
AcDbLine
 10
2953.133988275468
 20
10006.73656857714
 30
0.0
 11
2993.473700613645
 21
10006.73656857714
 31
0.0
  0
LINE
  5
115
330
17
100
AcDbEntity
  8
COTA
 62
4
370
25
100
AcDbLine
 10
2990.473700613645
 20
9932.73656857714
 30
0.0
 11
2990.473700613645
 21
10006.73656857714
 31
0.0
  0
LINE
  5
116
330
17
100
AcDbEntity
  8
COTA
 62
0
370
25
100
AcDbLine
 10
2988.973700613645
 20
9934.23656857714
 30
0.0
 11
2991.973700613645
 21
9931.23656857714
 31
0.0
  0
LINE
  5
117
330
17
100
AcDbEntity
  8
COTA
 62
0
370
25
100
AcDbLine
 10
2991.973700613645
 20
10005.23656857714
 30
0.0
 11
2988.973700613645
 21
10008.23656857714
 31
0.0
  0
LINE
  5
118
330
17
100
AcDbEntity
  8
COTA
 62
4
370
25
100
AcDbLine
 10
3116.917679481456
 20
9932.73656857714
 30
0.0
 11
3157.25739181964
 21
9932.73656857714
 31
0.0
  0
LINE
  5
119
330
17
100
AcDbEntity
  8
COTA
 62
4
370
25
100
AcDbLine
 10
3116.917679481456
 20
10006.73656857714
 30
0.0
 11
3157.25739181964
 21
10006.73656857714
 31
0.0
  0
LINE
  5
11A
330
17
100
AcDbEntity
  8
COTA
 62
4
370
25
100
AcDbLine
 10
3154.25739181964
 20
9932.73656857714
 30
0.0
 11
3154.25739181964
 21
10006.73656857714
 31
0.0
  0
LINE
  5
11B
330
17
100
AcDbEntity
  8
COTA
 62
0
370
25
100
AcDbLine
 10
3152.75739181964
 20
9934.23656857714
 30
0.0
 11
3155.75739181964
 21
9931.23656857714
 31
0.0
  0
LINE
  5
11C
330
17
100
AcDbEntity
  8
COTA
 62
0
370
25
100
AcDbLine
 10
3155.75739181964
 20
10005.23656857714
 30
0.0
 11
3152.75739181964
 21
10008.23656857714
 31
0.0
  0
LINE
  5
11D
330
17
100
AcDbEntity
  8
COTA
 62
4
370
25
100
AcDbLine
 10
2576.554935387731
 20
9932.73656857715
 30
0.0
 11
2614.395878570078
 21
9932.73656857715
 31
0.0
  0
LINE
  5
11E
330
17
100
AcDbEntity
  8
COTA
 62
4
370
25
100
AcDbLine
 10
2576.554935387731
 20
10006.73656857715
 30
0.0
 11
2614.395878570078
 21
10006.73656857715
 31
0.0
  0
LINE
  5
11F
330
17
100
AcDbEntity
  8
COTA
 62
4
370
25
100
AcDbLine
 10
2611.395878570077
 20
9932.73656857715
 30
0.0
 11
2611.395878570077
 21
10006.73656857715
 31
0.0
  0
LINE
  5
120
330
17
100
AcDbEntity
  8
COTA
 62
0
370
25
100
AcDbLine
 10
2609.895878570077
 20
9934.23656857715
 30
0.0
 11
2612.895878570077
 21
9931.23656857715
 31
0.0
  0
LINE
  5
121
330
17
100
AcDbEntity
  8
COTA
 62
0
370
25
100
AcDbLine
 10
2612.895878570077
 20
10005.23656857715
 30
0.0
 11
2609.895878570077
 21
10008.23656857715
 31
0.0
  0
LINE
  5
122
330
17
100
AcDbEntity
  8
COTA
 62
4
370
25
100
AcDbLine
 10
2802.467018840181
 20
9932.736568577146
 30
0.0
 11
2840.307962022543
 21
9932.736568577146
 31
0.0
  0
LINE
  5
123
330
17
100
AcDbEntity
  8
COTA
 62
4
370
25
100
AcDbLine
 10
2802.467018840181
 20
10006.73656857714
 30
0.0
 11
2840.307962022543
 21
10006.73656857714
 31
0.0
  0
LINE
  5
124
330
17
100
AcDbEntity
  8
COTA
 62
4
370
25
100
AcDbLine
 10
2837.307962022543
 20
9932.736568577146
 30
0.0
 11
2837.307962022543
 21
10006.73656857714
 31
0.0
  0
LINE
  5
125
330
17
100
AcDbEntity
  8
COTA
 62
0
370
25
100
AcDbLine
 10
2835.807962022543
 20
9934.236568577146
 30
0.0
 11
2838.807962022543
 21
9931.236568577146
 31
0.0
  0
LINE
  5
126
330
17
100
AcDbEntity
  8
COTA
 62
0
370
25
100
AcDbLine
 10
2838.807962022543
 20
10005.23656857714
 30
0.0
 11
2835.807962022543
 21
10008.23656857714
 31
0.0
  0
LINE
  5
127
330
17
100
AcDbEntity
  8
Texto Seção
 62
252
370
15
100
AcDbLine
 10
2054.916752946534
 20
10229.45343389729
 30
0.0
 11
2054.916752946534
 21
10354.45343389729
 31
0.0
  0
LINE
  5
128
330
17
100
AcDbEntity
  8
Hachura
 62
0
370
9
100
AcDbLine
 10
2142.950705768447
 20
10170.396029894517
 30
0.0
 11
2142.950705768447
 21
10171.04095234935
 31
0.0
  0
LINE
  5
129
330
17
100
AcDbEntity
  8
Hachura
 62
0
370
9
100
AcDbLine
 10
2142.950705768447
 20
10171.55689030893
 30
0.0
 11
2141.0159384039443
 21
10170.589506626677
 31
0.0
  0
LINE
  5
12A
330
17
100
AcDbEntity
  8
Hachura
 62
0
370
9
100
AcDbLine
 10
2143.023389099293
 20
10171.464247468379
 30
0.0
 11
2140.857776341735
 21
10170.381441132478
 31
0.0
  0
LINE
  5
12B
330
17
100
AcDbEntity
  8
Hachura
 62
0
370
9
100
AcDbLine
 10
2140.9162142321575
 20
10170.15269105502
 30
0.0
 11
2143.0567919008226
 21
10171.222979910792
 31
0.0
  0
LINE
  5
12C
330
17
100
AcDbEntity
  8
Hachura
 62
0
370
9
100
AcDbLine
 10
2141.0159384039443
 20
10170.073568667101
 30
0.0
 11
2142.950705768447
 21
10171.04095234935
 31
0.0
  0
LINE
  5
12D
330
17
100
AcDbEntity
  8
Hachura
 62
0
370
9
100
AcDbLine
 10
2141.0159384039443
 20
10169.428646212267
 30
0.0
 11
2141.0159384039443
 21
10170.073568667101
 31
0.0
  0
LINE
  5
12E
330
17
100
AcDbEntity
  8
Hachura
 62
0
370
9
100
AcDbLine
 10
2141.0159384039443
 20
10167.751847827554
 30
0.0
 11
2141.0159384039443
 21
10167.10692537272
 31
0.0
  0
LINE
  5
12F
330
17
100
AcDbEntity
  8
Hachura
 62
0
370
9
100
AcDbLine
 10
2141.0159384039443
 20
10168.700853592849
 30
0.0
 11
2141.0159384039443
 21
10168.912708241965
 31
0.0
  0
LINE
  5
130
330
17
100
AcDbEntity
  8
Hachura
 62
0
370
9
100
AcDbLine
 10
2141.0159384039443
 20
10168.700853592849
 30
0.0
 11
2141.0159384039443
 21
10168.267785787135
 31
0.0
  0
LINE
  5
131
330
17
100
AcDbEntity
  8
Hachura
 62
0
370
9
100
AcDbLine
 10
2142.950705768447
 20
10169.235169469384
 30
0.0
 11
2142.950705768447
 21
10169.880091924219
 31
0.0
  0
LINE
  5
132
330
17
100
AcDbEntity
  8
Hachura
 62
0
370
9
100
AcDbLine
 10
2142.950705768447
 20
10168.07430905497
 30
0.0
 11
2142.950705768447
 21
10168.719231509804
 31
0.0
  0
LINE
  5
133
330
17
100
AcDbEntity
  8
Hachura
 62
0
370
9
100
AcDbLine
 10
2142.950705768447
 20
10170.396029894517
 30
0.0
 11
2141.0159384039443
 21
10169.428646212267
 31
0.0
  0
LINE
  5
134
330
17
100
AcDbEntity
  8
Hachura
 62
0
370
9
100
AcDbLine
 10
2143.023389099293
 20
10170.303387043246
 30
0.0
 11
2140.857776341735
 21
10169.220580707346
 31
0.0
  0
LINE
  5
135
330
17
100
AcDbEntity
  8
Hachura
 62
0
370
9
100
AcDbLine
 10
2140.9162142321575
 20
10168.99183064061
 30
0.0
 11
2143.0567919008226
 21
10170.06211948566
 31
0.0
  0
LINE
  5
136
330
17
100
AcDbEntity
  8
Hachura
 62
0
370
9
100
AcDbLine
 10
2141.0159384039443
 20
10168.912708241965
 30
0.0
 11
2142.950705768447
 21
10169.880091924219
 31
0.0
  0
LINE
  5
137
330
17
100
AcDbEntity
  8
Hachura
 62
0
370
9
100
AcDbLine
 10
2142.950705768447
 20
10168.07430905497
 30
0.0
 11
2141.0159384039443
 21
10167.10692537272
 31
0.0
  0
LINE
  5
138
330
17
100
AcDbEntity
  8
Hachura
 62
0
370
9
100
AcDbLine
 10
2142.950705768447
 20
10169.235169469384
 30
0.0
 11
2141.0159384039443
 21
10168.267785787135
 31
0.0
  0
LINE
  5
139
330
17
100
AcDbEntity
  8
Hachura
 62
0
370
9
100
AcDbLine
 10
2143.023389099293
 20
10169.142526628832
 30
0.0
 11
2140.857776341735
 21
10168.059720292931
 31
0.0
  0
LINE
  5
13A
330
17
100
AcDbEntity
  8
Hachura
 62
0
370
9
100
AcDbLine
 10
2140.9162142321575
 20
10167.830970226196
 30
0.0
 11
2143.0567919008226
 21
10168.901259071245
 31
0.0
  0
LINE
  5
13B
330
17
100
AcDbEntity
  8
Hachura
 62
0
370
9
100
AcDbLine
 10
2141.0159384039443
 20
10167.751847827554
 30
0.0
 11
2142.950705768447
 21
10168.719231509804
 31
0.0
  0
LINE
  5
13C
330
17
100
AcDbEntity
  8
Hachura
 62
0
370
9
100
AcDbLine
 10
2141.273700074379
 20
10171.879247897748
 30
0.0
 11
2141.0159384039443
 21
10171.750367041092
 31
0.0
  0
LINE
  5
13D
330
17
100
AcDbEntity
  8
Hachura
 62
0
370
9
100
AcDbLine
 10
2141.531669064889
 20
10171.879247897748
 30
0.0
 11
2140.857776341735
 21
10171.54230153617
 31
0.0
  0
LINE
  5
13E
330
17
100
AcDbEntity
  8
Hachura
 62
0
370
9
100
AcDbLine
 10
2141.0177301896647
 20
10171.877637801166
 30
0.0
 11
2141.3401914170818
 21
10172.200099050024
 31
0.0
  0
LINE
  5
13F
330
17
100
AcDbEntity
  8
Hachura
 62
0
370
9
100
AcDbLine
 10
2141.0159384039443
 20
10171.23442908151
 30
0.0
 11
2141.0159384039443
 21
10170.589506626677
 31
0.0
  0
LINE
  5
140
330
17
100
AcDbEntity
  8
Hachura
 62
0
370
9
100
AcDbLine
 10
2142.950705768447
 20
10171.55689030893
 30
0.0
 11
2142.950705768447
 21
10171.879247897748
 31
0.0
  0
LINE
  5
141
330
17
100
AcDbEntity
  8
Hachura
 62
0
370
9
100
AcDbLine
 10
2142.9525830549383
 20
10171.877637822605
 30
0.0
 11
2142.63003632675
 21
10172.200099050024
 31
0.0
  0
LINE
  5
142
330
17
100
AcDbEntity
  8
Hachura
 62
0
370
9
100
AcDbLine
 10
2142.950705768447
 20
10169.66823726438
 30
0.0
 11
2142.950705768447
 21
10169.880091913496
 31
0.0
  0
LINE
  5
143
330
17
100
AcDbEntity
  8
Hachura
 62
0
370
9
100
AcDbLine
 10
2140.9162142321575
 20
10171.313551469435
 30
0.0
 11
2142.0476070459063
 21
10171.879247897748
 31
0.0
  0
LINE
  5
144
330
17
100
AcDbEntity
  8
Hachura
 62
0
370
9
100
AcDbLine
 10
2141.0159384039443
 20
10171.23442908151
 30
0.0
 11
2142.305575993537
 21
10171.879247897748
 31
0.0
  0
LINE
  5
145
330
17
100
AcDbEntity
  8
Hachura
 62
0
370
9
100
AcDbLine
 10
2142.63003632675
 20
10172.200099050024
 30
0.0
 11
2141.3401914170818
 21
10172.200099050024
 31
0.0
  0
LINE
  5
146
330
17
100
AcDbEntity
  8
Hachura
 62
0
370
9
100
AcDbLine
 10
2142.950705768447
 20
10171.55689030893
 30
0.0
 11
2141.0159384039443
 21
10170.589506626677
 31
0.0
  0
LINE
  5
147
330
17
100
AcDbEntity
  8
Hachura
 62
0
370
9
100
AcDbLine
 10
2141.0177301896647
 20
10171.877637801166
 30
0.0
 11
2142.952497554167
 21
10171.877637801166
 31
0.0
  0
LINE
  5
148
330
17
100
AcDbEntity
  8
Hachura
 62
0
370
9
100
AcDbLine
 10
2136.42237491182
 20
10160.39973184459
 30
0.0
 11
2144.237036656451
 21
10160.39973184459
 31
0.0
  0
LINE
  5
149
330
17
100
AcDbEntity
  8
Hachura
 62
0
370
9
100
AcDbLine
 10
2140.242031432417
 20
10167.10692537272
 30
0.0
 11
2143.595628223281
 21
10167.10692537272
 31
0.0
  0
LINE
  5
14A
330
17
100
AcDbEntity
  8
Hachura
 62
0
370
9
100
AcDbLine
 10
2140.242031432417
 20
10167.039208515393
 30
0.0
 11
2143.595628223281
 21
10167.039208515393
 31
0.0
  0
LINE
  5
14B
330
17
100
AcDbEntity
  8
Hachura
 62
0
370
9
100
AcDbLine
 10
2143.8535971709125
 20
10163.882313098551
 30
0.0
 11
2139.9840624419076
 21
10163.882313098551
 31
0.0
  0
LINE
  5
14C
330
17
100
AcDbEntity
  8
Hachura
 62
0
370
9
100
AcDbLine
 10
2148.368054354749
 20
10161.302623279214
 30
0.0
 11
2135.4696052580703
 21
10161.302623279214
 31
0.0
  0
LINE
  5
14D
330
17
100
AcDbEntity
  8
Hachura
 62
0
370
9
100
AcDbLine
 10
2135.4696052580703
 20
10160.39973184459
 30
0.0
 11
2148.364512590356
 21
10160.39973184459
 31
0.0
  0
LINE
  5
14E
330
17
100
AcDbEntity
  8
Hachura
 62
0
370
9
100
AcDbLine
 10
2142.563752261244
 20
10167.10692537272
 30
0.0
 11
2142.563752261244
 21
10163.882313098551
 31
0.0
  0
LINE
  5
14F
330
17
100
AcDbEntity
  8
Hachura
 62
0
370
9
100
AcDbLine
 10
2143.595628223281
 20
10167.10692537272
 30
0.0
 11
2143.595628223281
 21
10163.882313098551
 31
0.0
  0
LINE
  5
150
330
17
100
AcDbEntity
  8
Hachura
 62
0
370
9
100
AcDbLine
 10
2141.91882980641
 20
10161.302623279214
 30
0.0
 11
2143.8535971709125
 21
10161.302623279214
 31
0.0
  0
LINE
  5
151
330
17
100
AcDbEntity
  8
Hachura
 62
0
370
9
100
AcDbLine
 10
2143.2086747160783
 20
10161.302623279214
 30
0.0
 11
2142.563752261244
 21
10161.302623279214
 31
0.0
  0
LINE
  5
152
330
17
100
AcDbEntity
  8
Hachura
 62
0
370
9
100
AcDbLine
 10
2141.924470168771
 20
10161.302623279214
 30
0.0
 11
2141.924470168771
 21
10160.39973184459
 31
0.0
  0
LINE
  5
153
330
17
100
AcDbEntity
  8
Hachura
 62
0
370
9
100
AcDbLine
 10
2142.23101186012
 20
10161.302623279214
 30
0.0
 11
2142.23101186012
 21
10163.301782468672
 31
0.0
  0
LINE
  5
154
330
17
100
AcDbEntity
  8
Hachura
 62
0
370
9
100
AcDbLine
 10
2141.7150738791006
 20
10163.301782468672
 30
0.0
 11
2141.7150738791006
 21
10161.302623279214
 31
0.0
  0
LINE
  5
155
330
17
100
AcDbEntity
  8
Hachura
 62
0
370
9
100
AcDbLine
 10
2144.9587064301422
 20
10161.320897836282
 30
0.0
 11
2144.9587064301422
 21
10160.393675161202
 31
0.0
  0
LINE
  5
156
330
17
100
AcDbEntity
  8
Hachura
 62
0
370
9
100
AcDbLine
 10
2142.878445439158
 20
10160.549777722514
 30
0.0
 11
2142.878445439158
 21
10160.982845528233
 31
0.0
  0
LINE
  5
157
330
17
100
AcDbEntity
  8
Hachura
 62
0
370
9
100
AcDbLine
 10
2143.8535971709125
 20
10161.302623279214
 30
0.0
 11
2143.8535971709125
 21
10163.882313098551
 31
0.0
  0
LINE
  5
158
330
17
100
AcDbEntity
  8
Hachura
 62
0
370
9
100
AcDbLine
 10
2142.878445439158
 20
10160.982845528233
 30
0.0
 11
2142.878445439158
 21
10161.194700177348
 31
0.0
  0
LINE
  5
159
330
17
100
AcDbEntity
  8
Hachura
 62
0
370
9
100
AcDbLine
 10
2148.364512590356
 20
10160.39973184459
 30
0.0
 11
2148.364512590356
 21
10165.536400426678
 31
0.0
  0
LINE
  5
15A
330
17
100
AcDbEntity
  8
Hachura
 62
0
370
9
100
AcDbLine
 10
2146.691255980756
 20
10165.559111483262
 30
0.0
 11
2146.1095959067015
 21
10163.34880316541
 31
0.0
  0
LINE
  5
15B
330
17
100
AcDbEntity
  8
Hachura
 62
0
370
9
100
AcDbLine
 10
2148.368054354749
 20
10165.559111483262
 30
0.0
 11
2146.691255980756
 21
10165.559111483262
 31
0.0
  0
LINE
  5
15C
330
17
100
AcDbEntity
  8
Hachura
 62
0
370
9
100
AcDbLine
 10
2145.7977518683283
 20
10163.108406159181
 30
0.0
 11
2143.8535971709125
 21
10163.108406159181
 31
0.0
  0
LINE
  5
15D
330
17
100
AcDbEntity
  8
Hachura
 62
0
370
9
100
AcDbLine
 10
2148.368054354749
 20
10161.302623279214
 30
0.0
 11
2143.2086747160783
 21
10161.302623279214
 31
0.0
  0
LINE
  5
15E
330
17
100
AcDbEntity
  8
Hachura
 62
0
370
9
100
AcDbLine
 10
2137.146403674941
 20
10165.559111483262
 30
0.0
 11
2137.7280637489957
 21
10163.34880316541
 31
0.0
  0
LINE
  5
15F
330
17
100
AcDbEntity
  8
Hachura
 62
0
370
9
100
AcDbLine
 10
2140.242031432417
 20
10163.882313098551
 30
0.0
 11
2140.242031432417
 21
10167.10692537272
 31
0.0
  0
LINE
  5
160
330
17
100
AcDbEntity
  8
Hachura
 62
0
370
9
100
AcDbLine
 10
2141.0159384039443
 20
10167.10692537272
 30
0.0
 11
2141.0159384039443
 21
10163.882313098551
 31
0.0
  0
LINE
  5
161
330
17
100
AcDbEntity
  8
Hachura
 62
0
370
9
100
AcDbLine
 10
2138.892691835932
 20
10161.320897836282
 30
0.0
 11
2138.892691835932
 21
10160.39973184459
 31
0.0
  0
LINE
  5
162
330
17
100
AcDbEntity
  8
Hachura
 62
0
370
9
100
AcDbLine
 10
2140.9436780746555
 20
10161.176322260395
 30
0.0
 11
2140.9436780746555
 21
10160.743254465397
 31
0.0
  0
LINE
  5
163
330
17
100
AcDbEntity
  8
Hachura
 62
0
370
9
100
AcDbLine
 10
2137.460438231067
 20
10161.320897836282
 30
0.0
 11
2137.460438231067
 21
10160.393675161202
 31
0.0
  0
LINE
  5
164
330
17
100
AcDbEntity
  8
Hachura
 62
0
370
9
100
AcDbLine
 10
2139.9840624419076
 20
10163.882313098551
 30
0.0
 11
2139.9840624419076
 21
10161.302623279214
 31
0.0
  0
LINE
  5
165
330
17
100
AcDbEntity
  8
Hachura
 62
0
370
9
100
AcDbLine
 10
2139.9840624419076
 20
10163.882313098551
 30
0.0
 11
2140.242031432417
 21
10163.882313098551
 31
0.0
  0
LINE
  5
166
330
17
100
AcDbEntity
  8
Hachura
 62
0
370
9
100
AcDbLine
 10
2139.9840624419076
 20
10163.882313098551
 30
0.0
 11
2140.242031432417
 21
10163.882313098551
 31
0.0
  0
LINE
  5
167
330
17
100
AcDbEntity
  8
Hachura
 62
0
370
9
100
AcDbLine
 10
2138.0399077873717
 20
10163.108406159181
 30
0.0
 11
2139.9879443655864
 21
10163.108406159181
 31
0.0
  0
LINE
  5
168
330
17
100
AcDbEntity
  8
Hachura
 62
0
370
9
100
AcDbLine
 10
2135.4696052580703
 20
10161.302623279214
 30
0.0
 11
2135.4696052580703
 21
10165.559111483262
 31
0.0
  0
LINE
  5
169
330
17
100
AcDbEntity
  8
Hachura
 62
0
370
9
100
AcDbLine
 10
2135.4696052580703
 20
10161.302623279214
 30
0.0
 11
2135.4696052580703
 21
10160.39973184459
 31
0.0
  0
LINE
  5
16A
330
17
100
AcDbEntity
  8
Hachura
 62
0
370
9
100
AcDbLine
 10
2136.617936314865
 20
10161.320897836282
 30
0.0
 11
2136.617936314865
 21
10160.393675161202
 31
0.0
  0
LINE
  5
16B
330
17
100
AcDbEntity
  8
Hachura
 62
0
370
9
100
AcDbLine
 10
2136.154560083006
 20
10161.320897836282
 30
0.0
 11
2136.154560083006
 21
10160.393675161202
 31
0.0
  0
LINE
  5
16C
330
17
100
AcDbEntity
  8
Hachura
 62
0
370
9
100
AcDbLine
 10
2135.8175593508286
 20
10161.320897836282
 30
0.0
 11
2135.8175593508286
 21
10160.393675161202
 31
0.0
  0
LINE
  5
16D
330
17
100
AcDbEntity
  8
Hachura
 62
0
370
9
100
AcDbLine
 10
2135.6069336037835
 20
10161.320897836282
 30
0.0
 11
2135.6069336037835
 21
10160.393675161202
 31
0.0
  0
LINE
  5
16E
330
17
100
AcDbEntity
  8
Hachura
 62
0
370
9
100
AcDbLine
 10
2135.4696052580703
 20
10165.559111483262
 30
0.0
 11
2137.146403674941
 21
10165.559111483262
 31
0.0
  0
LINE
  5
16F
330
17
100
AcDbEntity
  8
Hachura
 62
0
370
9
100
AcDbLine
 10
2141.7898453514554
 20
10167.10692537272
 30
0.0
 11
2143.0567919044206
 21
10167.740398655547
 31
0.0
  0
LINE
  5
170
330
17
100
AcDbEntity
  8
Hachura
 62
0
370
9
100
AcDbLine
 10
2142.047814329274
 20
10167.10692537272
 30
0.0
 11
2142.950705772045
 21
10167.558371094105
 31
0.0
  0
LINE
  5
171
330
17
100
AcDbEntity
  8
Hachura
 62
0
370
9
100
AcDbLine
 10
2142.9507057720457
 20
10167.10692537272
 30
0.0
 11
2142.9507057720457
 21
10167.558371094105
 31
0.0
  0
LINE
  5
172
330
17
100
AcDbEntity
  8
Hachura
 62
0
370
9
100
AcDbLine
 10
2146.373679617359
 20
10161.320897836282
 30
0.0
 11
2146.373679617359
 21
10160.393675161202
 31
0.0
  0
LINE
  5
173
330
17
100
AcDbEntity
  8
Hachura
 62
0
370
9
100
AcDbLine
 10
2147.216181533561
 20
10161.320897836282
 30
0.0
 11
2147.216181533561
 21
10160.393675161202
 31
0.0
  0
LINE
  5
174
330
17
100
AcDbEntity
  8
Hachura
 62
0
370
9
100
AcDbLine
 10
2147.67955776542
 20
10161.320897836282
 30
0.0
 11
2147.67955776542
 21
10160.393675161202
 31
0.0
  0
LINE
  5
175
330
17
100
AcDbEntity
  8
Hachura
 62
0
370
9
100
AcDbLine
 10
2148.0165584975975
 20
10161.320897836282
 30
0.0
 11
2148.0165584975975
 21
10160.393675161202
 31
0.0
  0
LINE
  5
176
330
17
100
AcDbEntity
  8
Hachura
 62
0
370
9
100
AcDbLine
 10
2148.2271842446426
 20
10161.320897836282
 30
0.0
 11
2148.2271842446426
 21
10160.393675161202
 31
0.0
  0
LINE
  5
177
330
17
100
AcDbEntity
  8
Hachura
 62
0
370
9
100
AcDbLine
 10
2142.9500835043077
 20
10020.403433872545
 30
0.0
 11
2142.9500835043077
 21
10019.75851141771
 31
0.0
  0
LINE
  5
178
330
17
100
AcDbEntity
  8
Hachura
 62
0
370
9
100
AcDbLine
 10
2142.9500835043077
 20
10019.242573458132
 30
0.0
 11
2141.0153161398052
 21
10020.209957140385
 31
0.0
  0
LINE
  5
179
330
17
100
AcDbEntity
  8
Hachura
 62
0
370
9
100
AcDbLine
 10
2143.022766835154
 20
10019.335216298683
 30
0.0
 11
2140.857154077596
 21
10020.418022634583
 31
0.0
  0
LINE
  5
17A
330
17
100
AcDbEntity
  8
Hachura
 62
0
370
9
100
AcDbLine
 10
2140.9155919680184
 20
10020.646772712042
 30
0.0
 11
2143.0561696366835
 21
10019.57648385627
 31
0.0
  0
LINE
  5
17B
330
17
100
AcDbEntity
  8
Hachura
 62
0
370
9
100
AcDbLine
 10
2141.0153161398052
 20
10020.72589509996
 30
0.0
 11
2142.9500835043077
 21
10019.75851141771
 31
0.0
  0
LINE
  5
17C
330
17
100
AcDbEntity
  8
Hachura
 62
0
370
9
100
AcDbLine
 10
2141.0153161398052
 20
10021.370817554794
 30
0.0
 11
2141.0153161398052
 21
10020.72589509996
 31
0.0
  0
LINE
  5
17D
330
17
100
AcDbEntity
  8
Hachura
 62
0
370
9
100
AcDbLine
 10
2141.0153161398052
 20
10023.047615939508
 30
0.0
 11
2141.0153161398052
 21
10023.692538394342
 31
0.0
  0
LINE
  5
17E
330
17
100
AcDbEntity
  8
Hachura
 62
0
370
9
100
AcDbLine
 10
2141.0153161398052
 20
10022.098610174213
 30
0.0
 11
2141.0153161398052
 21
10021.886755525096
 31
0.0
  0
LINE
  5
17F
330
17
100
AcDbEntity
  8
Hachura
 62
0
370
9
100
AcDbLine
 10
2141.0153161398052
 20
10022.098610174213
 30
0.0
 11
2141.0153161398052
 21
10022.531677979927
 31
0.0
  0
LINE
  5
180
330
17
100
AcDbEntity
  8
Hachura
 62
0
370
9
100
AcDbLine
 10
2142.9500835043077
 20
10021.564294297677
 30
0.0
 11
2142.9500835043077
 21
10020.919371842843
 31
0.0
  0
LINE
  5
181
330
17
100
AcDbEntity
  8
Hachura
 62
0
370
9
100
AcDbLine
 10
2142.9500835043077
 20
10022.725154712092
 30
0.0
 11
2142.9500835043077
 21
10022.080232257258
 31
0.0
  0
LINE
  5
182
330
17
100
AcDbEntity
  8
Hachura
 62
0
370
9
100
AcDbLine
 10
2142.9500835043077
 20
10020.403433872545
 30
0.0
 11
2141.0153161398052
 21
10021.370817554794
 31
0.0
  0
LINE
  5
183
330
17
100
AcDbEntity
  8
Hachura
 62
0
370
9
100
AcDbLine
 10
2143.022766835154
 20
10020.496076723815
 30
0.0
 11
2140.857154077596
 21
10021.578883059716
 31
0.0
  0
LINE
  5
184
330
17
100
AcDbEntity
  8
Hachura
 62
0
370
9
100
AcDbLine
 10
2140.9155919680184
 20
10021.807633126451
 30
0.0
 11
2143.0561696366835
 21
10020.737344281402
 31
0.0
  0
LINE
  5
185
330
17
100
AcDbEntity
  8
Hachura
 62
0
370
9
100
AcDbLine
 10
2141.0153161398052
 20
10021.886755525096
 30
0.0
 11
2142.9500835043077
 21
10020.919371842843
 31
0.0
  0
LINE
  5
186
330
17
100
AcDbEntity
  8
Hachura
 62
0
370
9
100
AcDbLine
 10
2142.9500835043077
 20
10022.725154712092
 30
0.0
 11
2141.0153161398052
 21
10023.692538394342
 31
0.0
  0
LINE
  5
187
330
17
100
AcDbEntity
  8
Hachura
 62
0
370
9
100
AcDbLine
 10
2142.9500835043077
 20
10021.564294297677
 30
0.0
 11
2141.0153161398052
 21
10022.531677979927
 31
0.0
  0
LINE
  5
188
330
17
100
AcDbEntity
  8
Hachura
 62
0
370
9
100
AcDbLine
 10
2143.022766835154
 20
10021.65693713823
 30
0.0
 11
2140.857154077596
 21
10022.73974347413
 31
0.0
  0
LINE
  5
189
330
17
100
AcDbEntity
  8
Hachura
 62
0
370
9
100
AcDbLine
 10
2140.9155919680184
 20
10022.968493540866
 30
0.0
 11
2143.0561696366835
 21
10021.898204695817
 31
0.0
  0
LINE
  5
18A
330
17
100
AcDbEntity
  8
Hachura
 62
0
370
9
100
AcDbLine
 10
2141.0153161398052
 20
10023.047615939508
 30
0.0
 11
2142.9500835043077
 21
10022.080232257258
 31
0.0
  0
LINE
  5
18B
330
17
100
AcDbEntity
  8
Hachura
 62
0
370
9
100
AcDbLine
 10
2141.27307781024
 20
10018.920215869313
 30
0.0
 11
2141.0153161398052
 21
10019.04909672597
 31
0.0
  0
LINE
  5
18C
330
17
100
AcDbEntity
  8
Hachura
 62
0
370
9
100
AcDbLine
 10
2141.5310468007497
 20
10018.920215869313
 30
0.0
 11
2140.857154077596
 21
10019.257162230891
 31
0.0
  0
LINE
  5
18D
330
17
100
AcDbEntity
  8
Hachura
 62
0
370
9
100
AcDbLine
 10
2141.0171079255256
 20
10018.921825965896
 30
0.0
 11
2141.3395691529427
 21
10018.599364717038
 31
0.0
  0
LINE
  5
18E
330
17
100
AcDbEntity
  8
Hachura
 62
0
370
9
100
AcDbLine
 10
2141.0153161398052
 20
10019.565034685551
 30
0.0
 11
2141.0153161398052
 21
10020.209957140385
 31
0.0
  0
LINE
  5
18F
330
17
100
AcDbEntity
  8
Hachura
 62
0
370
9
100
AcDbLine
 10
2142.9500835043077
 20
10019.242573458132
 30
0.0
 11
2142.9500835043077
 21
10018.920215869313
 31
0.0
  0
LINE
  5
190
330
17
100
AcDbEntity
  8
Hachura
 62
0
370
9
100
AcDbLine
 10
2142.951960790799
 20
10018.921825944457
 30
0.0
 11
2142.629414062611
 21
10018.599364717038
 31
0.0
  0
LINE
  5
191
330
17
100
AcDbEntity
  8
Hachura
 62
0
370
9
100
AcDbLine
 10
2142.9500835043077
 20
10021.13122650268
 30
0.0
 11
2142.9500835043077
 21
10020.919371853566
 31
0.0
  0
LINE
  5
192
330
17
100
AcDbEntity
  8
Hachura
 62
0
370
9
100
AcDbLine
 10
2140.9155919680184
 20
10019.485912297627
 30
0.0
 11
2142.046984781767
 21
10018.920215869313
 31
0.0
  0
LINE
  5
193
330
17
100
AcDbEntity
  8
Hachura
 62
0
370
9
100
AcDbLine
 10
2141.0153161398052
 20
10019.565034685551
 30
0.0
 11
2142.3049537293978
 21
10018.920215869313
 31
0.0
  0
LINE
  5
194
330
17
100
AcDbEntity
  8
Hachura
 62
0
370
9
100
AcDbLine
 10
2142.629414062611
 20
10018.599364717038
 30
0.0
 11
2141.3395691529427
 21
10018.599364717038
 31
0.0
  0
LINE
  5
195
330
17
100
AcDbEntity
  8
Hachura
 62
0
370
9
100
AcDbLine
 10
2142.9500835043077
 20
10019.242573458132
 30
0.0
 11
2141.0153161398052
 21
10020.209957140385
 31
0.0
  0
LINE
  5
196
330
17
100
AcDbEntity
  8
Hachura
 62
0
370
9
100
AcDbLine
 10
2141.0171079255256
 20
10018.921825965896
 30
0.0
 11
2142.951875290028
 21
10018.921825965896
 31
0.0
  0
LINE
  5
197
330
17
100
AcDbEntity
  8
Hachura
 62
0
370
9
100
AcDbLine
 10
2136.421752647681
 20
10030.39973192247
 30
0.0
 11
2144.236414392312
 21
10030.39973192247
 31
0.0
  0
LINE
  5
198
330
17
100
AcDbEntity
  8
Hachura
 62
0
370
9
100
AcDbLine
 10
2140.241409168278
 20
10023.692538394342
 30
0.0
 11
2143.595005959142
 21
10023.692538394342
 31
0.0
  0
LINE
  5
199
330
17
100
AcDbEntity
  8
Hachura
 62
0
370
9
100
AcDbLine
 10
2140.241409168278
 20
10023.76025525167
 30
0.0
 11
2143.595005959142
 21
10023.76025525167
 31
0.0
  0
LINE
  5
19A
330
17
100
AcDbEntity
  8
Hachura
 62
0
370
9
100
AcDbLine
 10
2143.8529749067734
 20
10026.91715066851
 30
0.0
 11
2139.9834401777684
 21
10026.91715066851
 31
0.0
  0
LINE
  5
19B
330
17
100
AcDbEntity
  8
Hachura
 62
0
370
9
100
AcDbLine
 10
2148.36743209061
 20
10029.496840487847
 30
0.0
 11
2135.468982993931
 21
10029.496840487847
 31
0.0
  0
LINE
  5
19C
330
17
100
AcDbEntity
  8
Hachura
 62
0
370
9
100
AcDbLine
 10
2135.468982993931
 20
10030.39973192247
 30
0.0
 11
2148.3638903262167
 21
10030.39973192247
 31
0.0
  0
LINE
  5
19D
330
17
100
AcDbEntity
  8
Hachura
 62
0
370
9
100
AcDbLine
 10
2142.563129997105
 20
10023.692538394342
 30
0.0
 11
2142.563129997105
 21
10026.91715066851
 31
0.0
  0
LINE
  5
19E
330
17
100
AcDbEntity
  8
Hachura
 62
0
370
9
100
AcDbLine
 10
2143.595005959142
 20
10023.692538394342
 30
0.0
 11
2143.595005959142
 21
10026.91715066851
 31
0.0
  0
LINE
  5
19F
330
17
100
AcDbEntity
  8
Hachura
 62
0
370
9
100
AcDbLine
 10
2141.918207542271
 20
10029.496840487847
 30
0.0
 11
2143.8529749067734
 21
10029.496840487847
 31
0.0
  0
LINE
  5
1A0
330
17
100
AcDbEntity
  8
Hachura
 62
0
370
9
100
AcDbLine
 10
2143.2080524519392
 20
10029.496840487847
 30
0.0
 11
2142.563129997105
 21
10029.496840487847
 31
0.0
  0
LINE
  5
1A1
330
17
100
AcDbEntity
  8
Hachura
 62
0
370
9
100
AcDbLine
 10
2141.923847904632
 20
10029.496840487847
 30
0.0
 11
2141.923847904632
 21
10030.39973192247
 31
0.0
  0
LINE
  5
1A2
330
17
100
AcDbEntity
  8
Hachura
 62
0
370
9
100
AcDbLine
 10
2142.230389595981
 20
10029.496840487847
 30
0.0
 11
2142.230389595981
 21
10027.49768129839
 31
0.0
  0
LINE
  5
1A3
330
17
100
AcDbEntity
  8
Hachura
 62
0
370
9
100
AcDbLine
 10
2141.7144516149615
 20
10027.49768129839
 30
0.0
 11
2141.7144516149615
 21
10029.496840487847
 31
0.0
  0
LINE
  5
1A4
330
17
100
AcDbEntity
  8
Hachura
 62
0
370
9
100
AcDbLine
 10
2144.958084166003
 20
10029.47856593078
 30
0.0
 11
2144.958084166003
 21
10030.40578860586
 31
0.0
  0
LINE
  5
1A5
330
17
100
AcDbEntity
  8
Hachura
 62
0
370
9
100
AcDbLine
 10
2142.877823175019
 20
10030.249686044548
 30
0.0
 11
2142.877823175019
 21
10029.816618238829
 31
0.0
  0
LINE
  5
1A6
330
17
100
AcDbEntity
  8
Hachura
 62
0
370
9
100
AcDbLine
 10
2143.8529749067734
 20
10029.496840487847
 30
0.0
 11
2143.8529749067734
 21
10026.91715066851
 31
0.0
  0
LINE
  5
1A7
330
17
100
AcDbEntity
  8
Hachura
 62
0
370
9
100
AcDbLine
 10
2142.877823175019
 20
10029.816618238829
 30
0.0
 11
2142.877823175019
 21
10029.604763589714
 31
0.0
  0
LINE
  5
1A8
330
17
100
AcDbEntity
  8
Hachura
 62
0
370
9
100
AcDbLine
 10
2148.3638903262167
 20
10030.39973192247
 30
0.0
 11
2148.3638903262167
 21
10025.263063340384
 31
0.0
  0
LINE
  5
1A9
330
17
100
AcDbEntity
  8
Hachura
 62
0
370
9
100
AcDbLine
 10
2146.690633716617
 20
10025.2403522838
 30
0.0
 11
2146.1089736425624
 21
10027.450660601651
 31
0.0
  0
LINE
  5
1AA
330
17
100
AcDbEntity
  8
Hachura
 62
0
370
9
100
AcDbLine
 10
2148.36743209061
 20
10025.2403522838
 30
0.0
 11
2146.690633716617
 21
10025.2403522838
 31
0.0
  0
LINE
  5
1AB
330
17
100
AcDbEntity
  8
Hachura
 62
0
370
9
100
AcDbLine
 10
2145.797129604189
 20
10027.69105760788
 30
0.0
 11
2143.8529749067734
 21
10027.69105760788
 31
0.0
  0
LINE
  5
1AC
330
17
100
AcDbEntity
  8
Hachura
 62
0
370
9
100
AcDbLine
 10
2148.36743209061
 20
10029.496840487847
 30
0.0
 11
2143.2080524519392
 21
10029.496840487847
 31
0.0
  0
LINE
  5
1AD
330
17
100
AcDbEntity
  8
Hachura
 62
0
370
9
100
AcDbLine
 10
2137.145781410802
 20
10025.2403522838
 30
0.0
 11
2137.7274414848566
 21
10027.450660601651
 31
0.0
  0
LINE
  5
1AE
330
17
100
AcDbEntity
  8
Hachura
 62
0
370
9
100
AcDbLine
 10
2140.241409168278
 20
10026.91715066851
 30
0.0
 11
2140.241409168278
 21
10023.692538394342
 31
0.0
  0
LINE
  5
1AF
330
17
100
AcDbEntity
  8
Hachura
 62
0
370
9
100
AcDbLine
 10
2141.0153161398052
 20
10023.692538394342
 30
0.0
 11
2141.0153161398052
 21
10026.91715066851
 31
0.0
  0
LINE
  5
1B0
330
17
100
AcDbEntity
  8
Hachura
 62
0
370
9
100
AcDbLine
 10
2138.892069571793
 20
10029.47856593078
 30
0.0
 11
2138.892069571793
 21
10030.39973192247
 31
0.0
  0
LINE
  5
1B1
330
17
100
AcDbEntity
  8
Hachura
 62
0
370
9
100
AcDbLine
 10
2140.9430558105164
 20
10029.623141506667
 30
0.0
 11
2140.9430558105164
 21
10030.056209301665
 31
0.0
  0
LINE
  5
1B2
330
17
100
AcDbEntity
  8
Hachura
 62
0
370
9
100
AcDbLine
 10
2137.459815966928
 20
10029.47856593078
 30
0.0
 11
2137.459815966928
 21
10030.40578860586
 31
0.0
  0
LINE
  5
1B3
330
17
100
AcDbEntity
  8
Hachura
 62
0
370
9
100
AcDbLine
 10
2139.9834401777684
 20
10026.91715066851
 30
0.0
 11
2139.9834401777684
 21
10029.496840487847
 31
0.0
  0
LINE
  5
1B4
330
17
100
AcDbEntity
  8
Hachura
 62
0
370
9
100
AcDbLine
 10
2139.9834401777684
 20
10026.91715066851
 30
0.0
 11
2140.241409168278
 21
10026.91715066851
 31
0.0
  0
LINE
  5
1B5
330
17
100
AcDbEntity
  8
Hachura
 62
0
370
9
100
AcDbLine
 10
2139.9834401777684
 20
10026.91715066851
 30
0.0
 11
2140.241409168278
 21
10026.91715066851
 31
0.0
  0
LINE
  5
1B6
330
17
100
AcDbEntity
  8
Hachura
 62
0
370
9
100
AcDbLine
 10
2138.0392855232326
 20
10027.69105760788
 30
0.0
 11
2139.9873221014473
 21
10027.69105760788
 31
0.0
  0
LINE
  5
1B7
330
17
100
AcDbEntity
  8
Hachura
 62
0
370
9
100
AcDbLine
 10
2135.468982993931
 20
10029.496840487847
 30
0.0
 11
2135.468982993931
 21
10025.2403522838
 31
0.0
  0
LINE
  5
1B8
330
17
100
AcDbEntity
  8
Hachura
 62
0
370
9
100
AcDbLine
 10
2135.468982993931
 20
10029.496840487847
 30
0.0
 11
2135.468982993931
 21
10030.39973192247
 31
0.0
  0
LINE
  5
1B9
330
17
100
AcDbEntity
  8
Hachura
 62
0
370
9
100
AcDbLine
 10
2136.617314050726
 20
10029.47856593078
 30
0.0
 11
2136.617314050726
 21
10030.40578860586
 31
0.0
  0
LINE
  5
1BA
330
17
100
AcDbEntity
  8
Hachura
 62
0
370
9
100
AcDbLine
 10
2136.153937818867
 20
10029.47856593078
 30
0.0
 11
2136.153937818867
 21
10030.40578860586
 31
0.0
  0
LINE
  5
1BB
330
17
100
AcDbEntity
  8
Hachura
 62
0
370
9
100
AcDbLine
 10
2135.8169370866894
 20
10029.47856593078
 30
0.0
 11
2135.8169370866894
 21
10030.40578860586
 31
0.0
  0
LINE
  5
1BC
330
17
100
AcDbEntity
  8
Hachura
 62
0
370
9
100
AcDbLine
 10
2135.6063113396444
 20
10029.47856593078
 30
0.0
 11
2135.6063113396444
 21
10030.40578860586
 31
0.0
  0
LINE
  5
1BD
330
17
100
AcDbEntity
  8
Hachura
 62
0
370
9
100
AcDbLine
 10
2135.468982993931
 20
10025.2403522838
 30
0.0
 11
2137.145781410802
 21
10025.2403522838
 31
0.0
  0
LINE
  5
1BE
330
17
100
AcDbEntity
  8
Hachura
 62
0
370
9
100
AcDbLine
 10
2141.7892230873163
 20
10023.692538394342
 30
0.0
 11
2143.0561696402815
 21
10023.059065111514
 31
0.0
  0
LINE
  5
1BF
330
17
100
AcDbEntity
  8
Hachura
 62
0
370
9
100
AcDbLine
 10
2142.047192065135
 20
10023.692538394342
 30
0.0
 11
2142.9500835079057
 21
10023.241092672957
 31
0.0
  0
LINE
  5
1C0
330
17
100
AcDbEntity
  8
Hachura
 62
0
370
9
100
AcDbLine
 10
2142.9500835079066
 20
10023.692538394342
 30
0.0
 11
2142.9500835079066
 21
10023.241092672957
 31
0.0
  0
LINE
  5
1C1
330
17
100
AcDbEntity
  8
Hachura
 62
0
370
9
100
AcDbLine
 10
2146.37305735322
 20
10029.47856593078
 30
0.0
 11
2146.37305735322
 21
10030.40578860586
 31
0.0
  0
LINE
  5
1C2
330
17
100
AcDbEntity
  8
Hachura
 62
0
370
9
100
AcDbLine
 10
2147.215559269422
 20
10029.47856593078
 30
0.0
 11
2147.215559269422
 21
10030.40578860586
 31
0.0
  0
LINE
  5
1C3
330
17
100
AcDbEntity
  8
Hachura
 62
0
370
9
100
AcDbLine
 10
2147.678935501281
 20
10029.47856593078
 30
0.0
 11
2147.678935501281
 21
10030.40578860586
 31
0.0
  0
LINE
  5
1C4
330
17
100
AcDbEntity
  8
Hachura
 62
0
370
9
100
AcDbLine
 10
2148.0159362334584
 20
10029.47856593078
 30
0.0
 11
2148.0159362334584
 21
10030.40578860586
 31
0.0
  0
LINE
  5
1C5
330
17
100
AcDbEntity
  8
Hachura
 62
0
370
9
100
AcDbLine
 10
2148.2265619805034
 20
10029.47856593078
 30
0.0
 11
2148.2265619805034
 21
10030.40578860586
 31
0.0
  0
LINE
  5
1C6
330
17
100
AcDbEntity
  8
Hachura
 62
0
370
9
100
AcDbLine
 10
1972.8828001288412
 20
10170.396029894517
 30
0.0
 11
1972.8828001288412
 21
10171.04095234935
 31
0.0
  0
LINE
  5
1C7
330
17
100
AcDbEntity
  8
Hachura
 62
0
370
9
100
AcDbLine
 10
1972.8828001288412
 20
10171.55689030893
 30
0.0
 11
1974.8175674933436
 21
10170.589506626677
 31
0.0
  0
LINE
  5
1C8
330
17
100
AcDbEntity
  8
Hachura
 62
0
370
9
100
AcDbLine
 10
1972.8101167979949
 20
10171.464247468379
 30
0.0
 11
1974.9757295555528
 21
10170.381441132478
 31
0.0
  0
LINE
  5
1C9
330
17
100
AcDbEntity
  8
Hachura
 62
0
370
9
100
AcDbLine
 10
1974.9172916651305
 20
10170.15269105502
 30
0.0
 11
1972.7767139964653
 21
10171.222979910792
 31
0.0
  0
LINE
  5
1CA
330
17
100
AcDbEntity
  8
Hachura
 62
0
370
9
100
AcDbLine
 10
1974.8175674933436
 20
10170.073568667101
 30
0.0
 11
1972.8828001288412
 21
10171.04095234935
 31
0.0
  0
LINE
  5
1CB
330
17
100
AcDbEntity
  8
Hachura
 62
0
370
9
100
AcDbLine
 10
1974.8175674933436
 20
10169.428646212267
 30
0.0
 11
1974.8175674933436
 21
10170.073568667101
 31
0.0
  0
LINE
  5
1CC
330
17
100
AcDbEntity
  8
Hachura
 62
0
370
9
100
AcDbLine
 10
1974.8175674933436
 20
10167.751847827554
 30
0.0
 11
1974.8175674933436
 21
10167.10692537272
 31
0.0
  0
LINE
  5
1CD
330
17
100
AcDbEntity
  8
Hachura
 62
0
370
9
100
AcDbLine
 10
1974.8175674933436
 20
10168.700853592849
 30
0.0
 11
1974.8175674933436
 21
10168.912708241965
 31
0.0
  0
LINE
  5
1CE
330
17
100
AcDbEntity
  8
Hachura
 62
0
370
9
100
AcDbLine
 10
1974.8175674933436
 20
10168.700853592849
 30
0.0
 11
1974.8175674933436
 21
10168.267785787135
 31
0.0
  0
LINE
  5
1CF
330
17
100
AcDbEntity
  8
Hachura
 62
0
370
9
100
AcDbLine
 10
1972.8828001288412
 20
10169.235169469384
 30
0.0
 11
1972.8828001288412
 21
10169.880091924219
 31
0.0
  0
LINE
  5
1D0
330
17
100
AcDbEntity
  8
Hachura
 62
0
370
9
100
AcDbLine
 10
1972.8828001288412
 20
10168.07430905497
 30
0.0
 11
1972.8828001288412
 21
10168.719231509804
 31
0.0
  0
LINE
  5
1D1
330
17
100
AcDbEntity
  8
Hachura
 62
0
370
9
100
AcDbLine
 10
1972.8828001288412
 20
10170.396029894517
 30
0.0
 11
1974.8175674933436
 21
10169.428646212267
 31
0.0
  0
LINE
  5
1D2
330
17
100
AcDbEntity
  8
Hachura
 62
0
370
9
100
AcDbLine
 10
1972.8101167979949
 20
10170.303387043246
 30
0.0
 11
1974.9757295555528
 21
10169.220580707346
 31
0.0
  0
LINE
  5
1D3
330
17
100
AcDbEntity
  8
Hachura
 62
0
370
9
100
AcDbLine
 10
1974.9172916651305
 20
10168.99183064061
 30
0.0
 11
1972.7767139964653
 21
10170.06211948566
 31
0.0
  0
LINE
  5
1D4
330
17
100
AcDbEntity
  8
Hachura
 62
0
370
9
100
AcDbLine
 10
1974.8175674933436
 20
10168.912708241965
 30
0.0
 11
1972.8828001288412
 21
10169.880091924219
 31
0.0
  0
LINE
  5
1D5
330
17
100
AcDbEntity
  8
Hachura
 62
0
370
9
100
AcDbLine
 10
1972.8828001288412
 20
10168.07430905497
 30
0.0
 11
1974.8175674933436
 21
10167.10692537272
 31
0.0
  0
LINE
  5
1D6
330
17
100
AcDbEntity
  8
Hachura
 62
0
370
9
100
AcDbLine
 10
1972.8828001288412
 20
10169.235169469384
 30
0.0
 11
1974.8175674933436
 21
10168.267785787135
 31
0.0
  0
LINE
  5
1D7
330
17
100
AcDbEntity
  8
Hachura
 62
0
370
9
100
AcDbLine
 10
1972.8101167979949
 20
10169.142526628832
 30
0.0
 11
1974.9757295555528
 21
10168.059720292931
 31
0.0
  0
LINE
  5
1D8
330
17
100
AcDbEntity
  8
Hachura
 62
0
370
9
100
AcDbLine
 10
1974.9172916651305
 20
10167.830970226196
 30
0.0
 11
1972.7767139964653
 21
10168.901259071245
 31
0.0
  0
LINE
  5
1D9
330
17
100
AcDbEntity
  8
Hachura
 62
0
370
9
100
AcDbLine
 10
1974.8175674933436
 20
10167.751847827554
 30
0.0
 11
1972.8828001288412
 21
10168.719231509804
 31
0.0
  0
LINE
  5
1DA
330
17
100
AcDbEntity
  8
Hachura
 62
0
370
9
100
AcDbLine
 10
1974.5598058229089
 20
10171.879247897748
 30
0.0
 11
1974.8175674933436
 21
10171.750367041092
 31
0.0
  0
LINE
  5
1DB
330
17
100
AcDbEntity
  8
Hachura
 62
0
370
9
100
AcDbLine
 10
1974.3018368323992
 20
10171.879247897748
 30
0.0
 11
1974.9757295555528
 21
10171.54230153617
 31
0.0
  0
LINE
  5
1DC
330
17
100
AcDbEntity
  8
Hachura
 62
0
370
9
100
AcDbLine
 10
1974.8157757076233
 20
10171.877637801166
 30
0.0
 11
1974.4933144802062
 21
10172.200099050024
 31
0.0
  0
LINE
  5
1DD
330
17
100
AcDbEntity
  8
Hachura
 62
0
370
9
100
AcDbLine
 10
1974.8175674933436
 20
10171.23442908151
 30
0.0
 11
1974.8175674933436
 21
10170.589506626677
 31
0.0
  0
LINE
  5
1DE
330
17
100
AcDbEntity
  8
Hachura
 62
0
370
9
100
AcDbLine
 10
1972.8828001288412
 20
10171.55689030893
 30
0.0
 11
1972.8828001288412
 21
10171.879247897748
 31
0.0
  0
LINE
  5
1DF
330
17
100
AcDbEntity
  8
Hachura
 62
0
370
9
100
AcDbLine
 10
1972.8809228423497
 20
10171.877637822605
 30
0.0
 11
1973.203469570538
 21
10172.200099050024
 31
0.0
  0
LINE
  5
1E0
330
17
100
AcDbEntity
  8
Hachura
 62
0
370
9
100
AcDbLine
 10
1972.8828001288412
 20
10169.66823726438
 30
0.0
 11
1972.8828001288412
 21
10169.880091913496
 31
0.0
  0
LINE
  5
1E1
330
17
100
AcDbEntity
  8
Hachura
 62
0
370
9
100
AcDbLine
 10
1974.9172916651305
 20
10171.313551469435
 30
0.0
 11
1973.7858988513817
 21
10171.879247897748
 31
0.0
  0
LINE
  5
1E2
330
17
100
AcDbEntity
  8
Hachura
 62
0
370
9
100
AcDbLine
 10
1974.8175674933436
 20
10171.23442908151
 30
0.0
 11
1973.527929903751
 21
10171.879247897748
 31
0.0
  0
LINE
  5
1E3
330
17
100
AcDbEntity
  8
Hachura
 62
0
370
9
100
AcDbLine
 10
1973.203469570538
 20
10172.200099050024
 30
0.0
 11
1974.4933144802062
 21
10172.200099050024
 31
0.0
  0
LINE
  5
1E4
330
17
100
AcDbEntity
  8
Hachura
 62
0
370
9
100
AcDbLine
 10
1972.8828001288412
 20
10171.55689030893
 30
0.0
 11
1974.8175674933436
 21
10170.589506626677
 31
0.0
  0
LINE
  5
1E5
330
17
100
AcDbEntity
  8
Hachura
 62
0
370
9
100
AcDbLine
 10
1974.8157757076233
 20
10171.877637801166
 30
0.0
 11
1972.8810083431208
 21
10171.877637801166
 31
0.0
  0
LINE
  5
1E6
330
17
100
AcDbEntity
  8
Hachura
 62
0
370
9
100
AcDbLine
 10
1979.411130985468
 20
10160.39973184459
 30
0.0
 11
1971.596469240837
 21
10160.39973184459
 31
0.0
  0
LINE
  5
1E7
330
17
100
AcDbEntity
  8
Hachura
 62
0
370
9
100
AcDbLine
 10
1975.5914744648708
 20
10167.10692537272
 30
0.0
 11
1972.237877674007
 21
10167.10692537272
 31
0.0
  0
LINE
  5
1E8
330
17
100
AcDbEntity
  8
Hachura
 62
0
370
9
100
AcDbLine
 10
1975.5914744648708
 20
10167.039208515393
 30
0.0
 11
1972.237877674007
 21
10167.039208515393
 31
0.0
  0
LINE
  5
1E9
330
17
100
AcDbEntity
  8
Hachura
 62
0
370
9
100
AcDbLine
 10
1971.9799087263755
 20
10163.882313098551
 30
0.0
 11
1975.8494434553804
 21
10163.882313098551
 31
0.0
  0
LINE
  5
1EA
330
17
100
AcDbEntity
  8
Hachura
 62
0
370
9
100
AcDbLine
 10
1967.465451542539
 20
10161.302623279214
 30
0.0
 11
1980.3639006392177
 21
10161.302623279214
 31
0.0
  0
LINE
  5
1EB
330
17
100
AcDbEntity
  8
Hachura
 62
0
370
9
100
AcDbLine
 10
1980.3639006392177
 20
10160.39973184459
 30
0.0
 11
1967.4689933069321
 21
10160.39973184459
 31
0.0
  0
LINE
  5
1EC
330
17
100
AcDbEntity
  8
Hachura
 62
0
370
9
100
AcDbLine
 10
1973.2697536360438
 20
10167.10692537272
 30
0.0
 11
1973.2697536360438
 21
10163.882313098551
 31
0.0
  0
LINE
  5
1ED
330
17
100
AcDbEntity
  8
Hachura
 62
0
370
9
100
AcDbLine
 10
1972.237877674007
 20
10167.10692537272
 30
0.0
 11
1972.237877674007
 21
10163.882313098551
 31
0.0
  0
LINE
  5
1EE
330
17
100
AcDbEntity
  8
Hachura
 62
0
370
9
100
AcDbLine
 10
1973.914676090878
 20
10161.302623279214
 30
0.0
 11
1971.9799087263755
 21
10161.302623279214
 31
0.0
  0
LINE
  5
1EF
330
17
100
AcDbEntity
  8
Hachura
 62
0
370
9
100
AcDbLine
 10
1972.6248311812096
 20
10161.302623279214
 30
0.0
 11
1973.2697536360438
 21
10161.302623279214
 31
0.0
  0
LINE
  5
1F0
330
17
100
AcDbEntity
  8
Hachura
 62
0
370
9
100
AcDbLine
 10
1973.9090357285168
 20
10161.302623279214
 30
0.0
 11
1973.9090357285168
 21
10160.39973184459
 31
0.0
  0
LINE
  5
1F1
330
17
100
AcDbEntity
  8
Hachura
 62
0
370
9
100
AcDbLine
 10
1973.602494037168
 20
10161.302623279214
 30
0.0
 11
1973.602494037168
 21
10163.301782468672
 31
0.0
  0
LINE
  5
1F2
330
17
100
AcDbEntity
  8
Hachura
 62
0
370
9
100
AcDbLine
 10
1974.1184320181874
 20
10163.301782468672
 30
0.0
 11
1974.1184320181874
 21
10161.302623279214
 31
0.0
  0
LINE
  5
1F3
330
17
100
AcDbEntity
  8
Hachura
 62
0
370
9
100
AcDbLine
 10
1970.8747994671457
 20
10161.320897836282
 30
0.0
 11
1970.8747994671457
 21
10160.393675161202
 31
0.0
  0
LINE
  5
1F4
330
17
100
AcDbEntity
  8
Hachura
 62
0
370
9
100
AcDbLine
 10
1972.95506045813
 20
10160.549777722514
 30
0.0
 11
1972.95506045813
 21
10160.982845528233
 31
0.0
  0
LINE
  5
1F5
330
17
100
AcDbEntity
  8
Hachura
 62
0
370
9
100
AcDbLine
 10
1971.9799087263755
 20
10161.302623279214
 30
0.0
 11
1971.9799087263755
 21
10163.882313098551
 31
0.0
  0
LINE
  5
1F6
330
17
100
AcDbEntity
  8
Hachura
 62
0
370
9
100
AcDbLine
 10
1972.95506045813
 20
10160.982845528233
 30
0.0
 11
1972.95506045813
 21
10161.194700177348
 31
0.0
  0
LINE
  5
1F7
330
17
100
AcDbEntity
  8
Hachura
 62
0
370
9
100
AcDbLine
 10
1967.4689933069321
 20
10160.39973184459
 30
0.0
 11
1967.4689933069321
 21
10165.536400426678
 31
0.0
  0
LINE
  5
1F8
330
17
100
AcDbEntity
  8
Hachura
 62
0
370
9
100
AcDbLine
 10
1969.142249916532
 20
10165.559111483262
 30
0.0
 11
1969.7239099905864
 21
10163.34880316541
 31
0.0
  0
LINE
  5
1F9
330
17
100
AcDbEntity
  8
Hachura
 62
0
370
9
100
AcDbLine
 10
1967.465451542539
 20
10165.559111483262
 30
0.0
 11
1969.142249916532
 21
10165.559111483262
 31
0.0
  0
LINE
  5
1FA
330
17
100
AcDbEntity
  8
Hachura
 62
0
370
9
100
AcDbLine
 10
1970.0357540289597
 20
10163.108406159181
 30
0.0
 11
1971.9799087263755
 21
10163.108406159181
 31
0.0
  0
LINE
  5
1FB
330
17
100
AcDbEntity
  8
Hachura
 62
0
370
9
100
AcDbLine
 10
1967.465451542539
 20
10161.302623279214
 30
0.0
 11
1972.6248311812096
 21
10161.302623279214
 31
0.0
  0
LINE
  5
1FC
330
17
100
AcDbEntity
  8
Hachura
 62
0
370
9
100
AcDbLine
 10
1978.6871022223468
 20
10165.559111483262
 30
0.0
 11
1978.1054421482922
 21
10163.34880316541
 31
0.0
  0
LINE
  5
1FD
330
17
100
AcDbEntity
  8
Hachura
 62
0
370
9
100
AcDbLine
 10
1975.5914744648708
 20
10163.882313098551
 30
0.0
 11
1975.5914744648708
 21
10167.10692537272
 31
0.0
  0
LINE
  5
1FE
330
17
100
AcDbEntity
  8
Hachura
 62
0
370
9
100
AcDbLine
 10
1974.8175674933436
 20
10167.10692537272
 30
0.0
 11
1974.8175674933436
 21
10163.882313098551
 31
0.0
  0
LINE
  5
1FF
330
17
100
AcDbEntity
  8
Hachura
 62
0
370
9
100
AcDbLine
 10
1976.940814061356
 20
10161.320897836282
 30
0.0
 11
1976.940814061356
 21
10160.39973184459
 31
0.0
  0
LINE
  5
200
330
17
100
AcDbEntity
  8
Hachura
 62
0
370
9
100
AcDbLine
 10
1974.8898278226325
 20
10161.176322260395
 30
0.0
 11
1974.8898278226325
 21
10160.743254465397
 31
0.0
  0
LINE
  5
201
330
17
100
AcDbEntity
  8
Hachura
 62
0
370
9
100
AcDbLine
 10
1978.3730676662208
 20
10161.320897836282
 30
0.0
 11
1978.3730676662208
 21
10160.393675161202
 31
0.0
  0
LINE
  5
202
330
17
100
AcDbEntity
  8
Hachura
 62
0
370
9
100
AcDbLine
 10
1975.8494434553804
 20
10163.882313098551
 30
0.0
 11
1975.8494434553804
 21
10161.302623279214
 31
0.0
  0
LINE
  5
203
330
17
100
AcDbEntity
  8
Hachura
 62
0
370
9
100
AcDbLine
 10
1975.8494434553804
 20
10163.882313098551
 30
0.0
 11
1975.5914744648708
 21
10163.882313098551
 31
0.0
  0
LINE
  5
204
330
17
100
AcDbEntity
  8
Hachura
 62
0
370
9
100
AcDbLine
 10
1975.8494434553804
 20
10163.882313098551
 30
0.0
 11
1975.5914744648708
 21
10163.882313098551
 31
0.0
  0
LINE
  5
205
330
17
100
AcDbEntity
  8
Hachura
 62
0
370
9
100
AcDbLine
 10
1977.7935981099163
 20
10163.108406159181
 30
0.0
 11
1975.8455615317016
 21
10163.108406159181
 31
0.0
  0
LINE
  5
206
330
17
100
AcDbEntity
  8
Hachura
 62
0
370
9
100
AcDbLine
 10
1980.3639006392177
 20
10161.302623279214
 30
0.0
 11
1980.3639006392177
 21
10165.559111483262
 31
0.0
  0
LINE
  5
207
330
17
100
AcDbEntity
  8
Hachura
 62
0
370
9
100
AcDbLine
 10
1980.3639006392177
 20
10161.302623279214
 30
0.0
 11
1980.3639006392177
 21
10160.39973184459
 31
0.0
  0
LINE
  5
208
330
17
100
AcDbEntity
  8
Hachura
 62
0
370
9
100
AcDbLine
 10
1979.215569582423
 20
10161.320897836282
 30
0.0
 11
1979.215569582423
 21
10160.393675161202
 31
0.0
  0
LINE
  5
209
330
17
100
AcDbEntity
  8
Hachura
 62
0
370
9
100
AcDbLine
 10
1979.678945814282
 20
10161.320897836282
 30
0.0
 11
1979.678945814282
 21
10160.393675161202
 31
0.0
  0
LINE
  5
20A
330
17
100
AcDbEntity
  8
Hachura
 62
0
370
9
100
AcDbLine
 10
1980.0159465464594
 20
10161.320897836282
 30
0.0
 11
1980.0159465464594
 21
10160.393675161202
 31
0.0
  0
LINE
  5
20B
330
17
100
AcDbEntity
  8
Hachura
 62
0
370
9
100
AcDbLine
 10
1980.2265722935044
 20
10161.320897836282
 30
0.0
 11
1980.2265722935044
 21
10160.393675161202
 31
0.0
  0
LINE
  5
20C
330
17
100
AcDbEntity
  8
Hachura
 62
0
370
9
100
AcDbLine
 10
1980.3639006392177
 20
10165.559111483262
 30
0.0
 11
1978.6871022223468
 21
10165.559111483262
 31
0.0
  0
LINE
  5
20D
330
17
100
AcDbEntity
  8
Hachura
 62
0
370
9
100
AcDbLine
 10
1974.0436605458326
 20
10167.10692537272
 30
0.0
 11
1972.7767139928674
 21
10167.740398655547
 31
0.0
  0
LINE
  5
20E
330
17
100
AcDbEntity
  8
Hachura
 62
0
370
9
100
AcDbLine
 10
1973.785691568014
 20
10167.10692537272
 30
0.0
 11
1972.8828001252432
 21
10167.558371094105
 31
0.0
  0
LINE
  5
20F
330
17
100
AcDbEntity
  8
Hachura
 62
0
370
9
100
AcDbLine
 10
1972.8828001252423
 20
10167.10692537272
 30
0.0
 11
1972.8828001252423
 21
10167.558371094105
 31
0.0
  0
LINE
  5
210
330
17
100
AcDbEntity
  8
Hachura
 62
0
370
9
100
AcDbLine
 10
1969.459826279929
 20
10161.320897836282
 30
0.0
 11
1969.459826279929
 21
10160.393675161202
 31
0.0
  0
LINE
  5
211
330
17
100
AcDbEntity
  8
Hachura
 62
0
370
9
100
AcDbLine
 10
1968.6173243637268
 20
10161.320897836282
 30
0.0
 11
1968.6173243637268
 21
10160.393675161202
 31
0.0
  0
LINE
  5
212
330
17
100
AcDbEntity
  8
Hachura
 62
0
370
9
100
AcDbLine
 10
1968.1539481318678
 20
10161.320897836282
 30
0.0
 11
1968.1539481318678
 21
10160.393675161202
 31
0.0
  0
LINE
  5
213
330
17
100
AcDbEntity
  8
Hachura
 62
0
370
9
100
AcDbLine
 10
1967.8169473996904
 20
10161.320897836282
 30
0.0
 11
1967.8169473996904
 21
10160.393675161202
 31
0.0
  0
LINE
  5
214
330
17
100
AcDbEntity
  8
Hachura
 62
0
370
9
100
AcDbLine
 10
1967.6063216526454
 20
10161.320897836282
 30
0.0
 11
1967.6063216526454
 21
10160.393675161202
 31
0.0
  0
LINE
  5
215
330
17
100
AcDbEntity
  8
Hachura
 62
0
370
9
100
AcDbLine
 10
1972.8834223930082
 20
10020.403433872545
 30
0.0
 11
1972.8834223930082
 21
10019.75851141771
 31
0.0
  0
LINE
  5
216
330
17
100
AcDbEntity
  8
Hachura
 62
0
370
9
100
AcDbLine
 10
1972.8834223930082
 20
10019.242573458132
 30
0.0
 11
1974.8181897575107
 21
10020.209957140385
 31
0.0
  0
LINE
  5
217
330
17
100
AcDbEntity
  8
Hachura
 62
0
370
9
100
AcDbLine
 10
1972.810739062162
 20
10019.335216298683
 30
0.0
 11
1974.9763518197199
 21
10020.418022634583
 31
0.0
  0
LINE
  5
218
330
17
100
AcDbEntity
  8
Hachura
 62
0
370
9
100
AcDbLine
 10
1974.9179139292976
 20
10020.646772712042
 30
0.0
 11
1972.7773362606324
 21
10019.57648385627
 31
0.0
  0
LINE
  5
219
330
17
100
AcDbEntity
  8
Hachura
 62
0
370
9
100
AcDbLine
 10
1974.8181897575107
 20
10020.72589509996
 30
0.0
 11
1972.8834223930082
 21
10019.75851141771
 31
0.0
  0
LINE
  5
21A
330
17
100
AcDbEntity
  8
Hachura
 62
0
370
9
100
AcDbLine
 10
1974.8181897575107
 20
10021.370817554794
 30
0.0
 11
1974.8181897575107
 21
10020.72589509996
 31
0.0
  0
LINE
  5
21B
330
17
100
AcDbEntity
  8
Hachura
 62
0
370
9
100
AcDbLine
 10
1974.8181897575107
 20
10023.047615939508
 30
0.0
 11
1974.8181897575107
 21
10023.692538394342
 31
0.0
  0
LINE
  5
21C
330
17
100
AcDbEntity
  8
Hachura
 62
0
370
9
100
AcDbLine
 10
1974.8181897575107
 20
10022.098610174213
 30
0.0
 11
1974.8181897575107
 21
10021.886755525096
 31
0.0
  0
LINE
  5
21D
330
17
100
AcDbEntity
  8
Hachura
 62
0
370
9
100
AcDbLine
 10
1974.8181897575107
 20
10022.098610174213
 30
0.0
 11
1974.8181897575107
 21
10022.531677979927
 31
0.0
  0
LINE
  5
21E
330
17
100
AcDbEntity
  8
Hachura
 62
0
370
9
100
AcDbLine
 10
1972.8834223930082
 20
10021.564294297677
 30
0.0
 11
1972.8834223930082
 21
10020.919371842843
 31
0.0
  0
LINE
  5
21F
330
17
100
AcDbEntity
  8
Hachura
 62
0
370
9
100
AcDbLine
 10
1972.8834223930082
 20
10022.725154712092
 30
0.0
 11
1972.8834223930082
 21
10022.080232257258
 31
0.0
  0
LINE
  5
220
330
17
100
AcDbEntity
  8
Hachura
 62
0
370
9
100
AcDbLine
 10
1972.8834223930082
 20
10020.403433872545
 30
0.0
 11
1974.8181897575107
 21
10021.370817554794
 31
0.0
  0
LINE
  5
221
330
17
100
AcDbEntity
  8
Hachura
 62
0
370
9
100
AcDbLine
 10
1972.810739062162
 20
10020.496076723815
 30
0.0
 11
1974.9763518197199
 21
10021.578883059716
 31
0.0
  0
LINE
  5
222
330
17
100
AcDbEntity
  8
Hachura
 62
0
370
9
100
AcDbLine
 10
1974.9179139292976
 20
10021.807633126451
 30
0.0
 11
1972.7773362606324
 21
10020.737344281402
 31
0.0
  0
LINE
  5
223
330
17
100
AcDbEntity
  8
Hachura
 62
0
370
9
100
AcDbLine
 10
1974.8181897575107
 20
10021.886755525096
 30
0.0
 11
1972.8834223930082
 21
10020.919371842843
 31
0.0
  0
LINE
  5
224
330
17
100
AcDbEntity
  8
Hachura
 62
0
370
9
100
AcDbLine
 10
1972.8834223930082
 20
10022.725154712092
 30
0.0
 11
1974.8181897575107
 21
10023.692538394342
 31
0.0
  0
LINE
  5
225
330
17
100
AcDbEntity
  8
Hachura
 62
0
370
9
100
AcDbLine
 10
1972.8834223930082
 20
10021.564294297677
 30
0.0
 11
1974.8181897575107
 21
10022.531677979927
 31
0.0
  0
LINE
  5
226
330
17
100
AcDbEntity
  8
Hachura
 62
0
370
9
100
AcDbLine
 10
1972.810739062162
 20
10021.65693713823
 30
0.0
 11
1974.9763518197199
 21
10022.73974347413
 31
0.0
  0
LINE
  5
227
330
17
100
AcDbEntity
  8
Hachura
 62
0
370
9
100
AcDbLine
 10
1974.9179139292976
 20
10022.968493540866
 30
0.0
 11
1972.7773362606324
 21
10021.898204695817
 31
0.0
  0
LINE
  5
228
330
17
100
AcDbEntity
  8
Hachura
 62
0
370
9
100
AcDbLine
 10
1974.8181897575107
 20
10023.047615939508
 30
0.0
 11
1972.8834223930082
 21
10022.080232257258
 31
0.0
  0
LINE
  5
229
330
17
100
AcDbEntity
  8
Hachura
 62
0
370
9
100
AcDbLine
 10
1974.560428087076
 20
10018.920215869313
 30
0.0
 11
1974.8181897575107
 21
10019.04909672597
 31
0.0
  0
LINE
  5
22A
330
17
100
AcDbEntity
  8
Hachura
 62
0
370
9
100
AcDbLine
 10
1974.3024590965663
 20
10018.920215869313
 30
0.0
 11
1974.9763518197199
 21
10019.257162230891
 31
0.0
  0
LINE
  5
22B
330
17
100
AcDbEntity
  8
Hachura
 62
0
370
9
100
AcDbLine
 10
1974.8163979717904
 20
10018.921825965896
 30
0.0
 11
1974.4939367443733
 21
10018.599364717038
 31
0.0
  0
LINE
  5
22C
330
17
100
AcDbEntity
  8
Hachura
 62
0
370
9
100
AcDbLine
 10
1974.8181897575107
 20
10019.565034685551
 30
0.0
 11
1974.8181897575107
 21
10020.209957140385
 31
0.0
  0
LINE
  5
22D
330
17
100
AcDbEntity
  8
Hachura
 62
0
370
9
100
AcDbLine
 10
1972.8834223930082
 20
10019.242573458132
 30
0.0
 11
1972.8834223930082
 21
10018.920215869313
 31
0.0
  0
LINE
  5
22E
330
17
100
AcDbEntity
  8
Hachura
 62
0
370
9
100
AcDbLine
 10
1972.8815451065168
 20
10018.921825944457
 30
0.0
 11
1973.204091834705
 21
10018.599364717038
 31
0.0
  0
LINE
  5
22F
330
17
100
AcDbEntity
  8
Hachura
 62
0
370
9
100
AcDbLine
 10
1972.8834223930082
 20
10021.13122650268
 30
0.0
 11
1972.8834223930082
 21
10020.919371853566
 31
0.0
  0
LINE
  5
230
330
17
100
AcDbEntity
  8
Hachura
 62
0
370
9
100
AcDbLine
 10
1974.9179139292976
 20
10019.485912297627
 30
0.0
 11
1973.7865211155488
 21
10018.920215869313
 31
0.0
  0
LINE
  5
231
330
17
100
AcDbEntity
  8
Hachura
 62
0
370
9
100
AcDbLine
 10
1974.8181897575107
 20
10019.565034685551
 30
0.0
 11
1973.5285521679182
 21
10018.920215869313
 31
0.0
  0
LINE
  5
232
330
17
100
AcDbEntity
  8
Hachura
 62
0
370
9
100
AcDbLine
 10
1973.204091834705
 20
10018.599364717038
 30
0.0
 11
1974.4939367443733
 21
10018.599364717038
 31
0.0
  0
LINE
  5
233
330
17
100
AcDbEntity
  8
Hachura
 62
0
370
9
100
AcDbLine
 10
1972.8834223930082
 20
10019.242573458132
 30
0.0
 11
1974.8181897575107
 21
10020.209957140385
 31
0.0
  0
LINE
  5
234
330
17
100
AcDbEntity
  8
Hachura
 62
0
370
9
100
AcDbLine
 10
1974.8163979717904
 20
10018.921825965896
 30
0.0
 11
1972.881630607288
 21
10018.921825965896
 31
0.0
  0
LINE
  5
235
330
17
100
AcDbEntity
  8
Hachura
 62
0
370
9
100
AcDbLine
 10
1979.411753249635
 20
10030.39973192247
 30
0.0
 11
1971.597091505004
 21
10030.39973192247
 31
0.0
  0
LINE
  5
236
330
17
100
AcDbEntity
  8
Hachura
 62
0
370
9
100
AcDbLine
 10
1975.5920967290378
 20
10023.692538394342
 30
0.0
 11
1972.238499938174
 21
10023.692538394342
 31
0.0
  0
LINE
  5
237
330
17
100
AcDbEntity
  8
Hachura
 62
0
370
9
100
AcDbLine
 10
1975.5920967290378
 20
10023.76025525167
 30
0.0
 11
1972.238499938174
 21
10023.76025525167
 31
0.0
  0
LINE
  5
238
330
17
100
AcDbEntity
  8
Hachura
 62
0
370
9
100
AcDbLine
 10
1971.9805309905425
 20
10026.91715066851
 30
0.0
 11
1975.8500657195475
 21
10026.91715066851
 31
0.0
  0
LINE
  5
239
330
17
100
AcDbEntity
  8
Hachura
 62
0
370
9
100
AcDbLine
 10
1967.4660738067062
 20
10029.496840487847
 30
0.0
 11
1980.3645229033848
 21
10029.496840487847
 31
0.0
  0
LINE
  5
23A
330
17
100
AcDbEntity
  8
Hachura
 62
0
370
9
100
AcDbLine
 10
1980.3645229033848
 20
10030.39973192247
 30
0.0
 11
1967.4696155710992
 21
10030.39973192247
 31
0.0
  0
LINE
  5
23B
330
17
100
AcDbEntity
  8
Hachura
 62
0
370
9
100
AcDbLine
 10
1973.2703759002109
 20
10023.692538394342
 30
0.0
 11
1973.2703759002109
 21
10026.91715066851
 31
0.0
  0
LINE
  5
23C
330
17
100
AcDbEntity
  8
Hachura
 62
0
370
9
100
AcDbLine
 10
1972.238499938174
 20
10023.692538394342
 30
0.0
 11
1972.238499938174
 21
10026.91715066851
 31
0.0
  0
LINE
  5
23D
330
17
100
AcDbEntity
  8
Hachura
 62
0
370
9
100
AcDbLine
 10
1973.915298355045
 20
10029.496840487847
 30
0.0
 11
1971.9805309905425
 21
10029.496840487847
 31
0.0
  0
LINE
  5
23E
330
17
100
AcDbEntity
  8
Hachura
 62
0
370
9
100
AcDbLine
 10
1972.6254534453767
 20
10029.496840487847
 30
0.0
 11
1973.2703759002109
 21
10029.496840487847
 31
0.0
  0
LINE
  5
23F
330
17
100
AcDbEntity
  8
Hachura
 62
0
370
9
100
AcDbLine
 10
1973.9096579926838
 20
10029.496840487847
 30
0.0
 11
1973.9096579926838
 21
10030.39973192247
 31
0.0
  0
LINE
  5
240
330
17
100
AcDbEntity
  8
Hachura
 62
0
370
9
100
AcDbLine
 10
1973.6031163013351
 20
10029.496840487847
 30
0.0
 11
1973.6031163013351
 21
10027.49768129839
 31
0.0
  0
LINE
  5
241
330
17
100
AcDbEntity
  8
Hachura
 62
0
370
9
100
AcDbLine
 10
1974.1190542823545
 20
10027.49768129839
 30
0.0
 11
1974.1190542823545
 21
10029.496840487847
 31
0.0
  0
LINE
  5
242
330
17
100
AcDbEntity
  8
Hachura
 62
0
370
9
100
AcDbLine
 10
1970.8754217313128
 20
10029.47856593078
 30
0.0
 11
1970.8754217313128
 21
10030.40578860586
 31
0.0
  0
LINE
  5
243
330
17
100
AcDbEntity
  8
Hachura
 62
0
370
9
100
AcDbLine
 10
1972.955682722297
 20
10030.249686044548
 30
0.0
 11
1972.955682722297
 21
10029.816618238829
 31
0.0
  0
LINE
  5
244
330
17
100
AcDbEntity
  8
Hachura
 62
0
370
9
100
AcDbLine
 10
1971.9805309905425
 20
10029.496840487847
 30
0.0
 11
1971.9805309905425
 21
10026.91715066851
 31
0.0
  0
LINE
  5
245
330
17
100
AcDbEntity
  8
Hachura
 62
0
370
9
100
AcDbLine
 10
1972.955682722297
 20
10029.816618238829
 30
0.0
 11
1972.955682722297
 21
10029.604763589714
 31
0.0
  0
LINE
  5
246
330
17
100
AcDbEntity
  8
Hachura
 62
0
370
9
100
AcDbLine
 10
1967.4696155710992
 20
10030.39973192247
 30
0.0
 11
1967.4696155710992
 21
10025.263063340384
 31
0.0
  0
LINE
  5
247
330
17
100
AcDbEntity
  8
Hachura
 62
0
370
9
100
AcDbLine
 10
1969.142872180699
 20
10025.2403522838
 30
0.0
 11
1969.7245322547535
 21
10027.450660601651
 31
0.0
  0
LINE
  5
248
330
17
100
AcDbEntity
  8
Hachura
 62
0
370
9
100
AcDbLine
 10
1967.4660738067062
 20
10025.2403522838
 30
0.0
 11
1969.142872180699
 21
10025.2403522838
 31
0.0
  0
LINE
  5
249
330
17
100
AcDbEntity
  8
Hachura
 62
0
370
9
100
AcDbLine
 10
1970.0363762931268
 20
10027.69105760788
 30
0.0
 11
1971.9805309905425
 21
10027.69105760788
 31
0.0
  0
LINE
  5
24A
330
17
100
AcDbEntity
  8
Hachura
 62
0
370
9
100
AcDbLine
 10
1967.4660738067062
 20
10029.496840487847
 30
0.0
 11
1972.6254534453767
 21
10029.496840487847
 31
0.0
  0
LINE
  5
24B
330
17
100
AcDbEntity
  8
Hachura
 62
0
370
9
100
AcDbLine
 10
1978.6877244865138
 20
10025.2403522838
 30
0.0
 11
1978.1060644124593
 21
10027.450660601651
 31
0.0
  0
LINE
  5
24C
330
17
100
AcDbEntity
  8
Hachura
 62
0
370
9
100
AcDbLine
 10
1975.5920967290378
 20
10026.91715066851
 30
0.0
 11
1975.5920967290378
 21
10023.692538394342
 31
0.0
  0
LINE
  5
24D
330
17
100
AcDbEntity
  8
Hachura
 62
0
370
9
100
AcDbLine
 10
1974.8181897575107
 20
10023.692538394342
 30
0.0
 11
1974.8181897575107
 21
10026.91715066851
 31
0.0
  0
LINE
  5
24E
330
17
100
AcDbEntity
  8
Hachura
 62
0
370
9
100
AcDbLine
 10
1976.941436325523
 20
10029.47856593078
 30
0.0
 11
1976.941436325523
 21
10030.39973192247
 31
0.0
  0
LINE
  5
24F
330
17
100
AcDbEntity
  8
Hachura
 62
0
370
9
100
AcDbLine
 10
1974.8904500867995
 20
10029.623141506667
 30
0.0
 11
1974.8904500867995
 21
10030.056209301665
 31
0.0
  0
LINE
  5
250
330
17
100
AcDbEntity
  8
Hachura
 62
0
370
9
100
AcDbLine
 10
1978.3736899303879
 20
10029.47856593078
 30
0.0
 11
1978.3736899303879
 21
10030.40578860586
 31
0.0
  0
LINE
  5
251
330
17
100
AcDbEntity
  8
Hachura
 62
0
370
9
100
AcDbLine
 10
1975.8500657195475
 20
10026.91715066851
 30
0.0
 11
1975.8500657195475
 21
10029.496840487847
 31
0.0
  0
LINE
  5
252
330
17
100
AcDbEntity
  8
Hachura
 62
0
370
9
100
AcDbLine
 10
1975.8500657195475
 20
10026.91715066851
 30
0.0
 11
1975.5920967290378
 21
10026.91715066851
 31
0.0
  0
LINE
  5
253
330
17
100
AcDbEntity
  8
Hachura
 62
0
370
9
100
AcDbLine
 10
1975.8500657195475
 20
10026.91715066851
 30
0.0
 11
1975.5920967290378
 21
10026.91715066851
 31
0.0
  0
LINE
  5
254
330
17
100
AcDbEntity
  8
Hachura
 62
0
370
9
100
AcDbLine
 10
1977.7942203740834
 20
10027.69105760788
 30
0.0
 11
1975.8461837958687
 21
10027.69105760788
 31
0.0
  0
LINE
  5
255
330
17
100
AcDbEntity
  8
Hachura
 62
0
370
9
100
AcDbLine
 10
1980.3645229033848
 20
10029.496840487847
 30
0.0
 11
1980.3645229033848
 21
10025.2403522838
 31
0.0
  0
LINE
  5
256
330
17
100
AcDbEntity
  8
Hachura
 62
0
370
9
100
AcDbLine
 10
1980.3645229033848
 20
10029.496840487847
 30
0.0
 11
1980.3645229033848
 21
10030.39973192247
 31
0.0
  0
LINE
  5
257
330
17
100
AcDbEntity
  8
Hachura
 62
0
370
9
100
AcDbLine
 10
1979.2161918465902
 20
10029.47856593078
 30
0.0
 11
1979.2161918465902
 21
10030.40578860586
 31
0.0
  0
LINE
  5
258
330
17
100
AcDbEntity
  8
Hachura
 62
0
370
9
100
AcDbLine
 10
1979.6795680784492
 20
10029.47856593078
 30
0.0
 11
1979.6795680784492
 21
10030.40578860586
 31
0.0
  0
LINE
  5
259
330
17
100
AcDbEntity
  8
Hachura
 62
0
370
9
100
AcDbLine
 10
1980.0165688106265
 20
10029.47856593078
 30
0.0
 11
1980.0165688106265
 21
10030.40578860586
 31
0.0
  0
LINE
  5
25A
330
17
100
AcDbEntity
  8
Hachura
 62
0
370
9
100
AcDbLine
 10
1980.2271945576715
 20
10029.47856593078
 30
0.0
 11
1980.2271945576715
 21
10030.40578860586
 31
0.0
  0
LINE
  5
25B
330
17
100
AcDbEntity
  8
Hachura
 62
0
370
9
100
AcDbLine
 10
1980.3645229033848
 20
10025.2403522838
 30
0.0
 11
1978.6877244865138
 21
10025.2403522838
 31
0.0
  0
LINE
  5
25C
330
17
100
AcDbEntity
  8
Hachura
 62
0
370
9
100
AcDbLine
 10
1974.0442828099997
 20
10023.692538394342
 30
0.0
 11
1972.7773362570344
 21
10023.059065111514
 31
0.0
  0
LINE
  5
25D
330
17
100
AcDbEntity
  8
Hachura
 62
0
370
9
100
AcDbLine
 10
1973.7863138321811
 20
10023.692538394342
 30
0.0
 11
1972.8834223894103
 21
10023.241092672957
 31
0.0
  0
LINE
  5
25E
330
17
100
AcDbEntity
  8
Hachura
 62
0
370
9
100
AcDbLine
 10
1972.8834223894094
 20
10023.692538394342
 30
0.0
 11
1972.8834223894094
 21
10023.241092672957
 31
0.0
  0
LINE
  5
25F
330
17
100
AcDbEntity
  8
Hachura
 62
0
370
9
100
AcDbLine
 10
1969.4604485440962
 20
10029.47856593078
 30
0.0
 11
1969.4604485440962
 21
10030.40578860586
 31
0.0
  0
LINE
  5
260
330
17
100
AcDbEntity
  8
Hachura
 62
0
370
9
100
AcDbLine
 10
1968.6179466278938
 20
10029.47856593078
 30
0.0
 11
1968.6179466278938
 21
10030.40578860586
 31
0.0
  0
LINE
  5
261
330
17
100
AcDbEntity
  8
Hachura
 62
0
370
9
100
AcDbLine
 10
1968.1545703960348
 20
10029.47856593078
 30
0.0
 11
1968.1545703960348
 21
10030.40578860586
 31
0.0
  0
LINE
  5
262
330
17
100
AcDbEntity
  8
Hachura
 62
0
370
9
100
AcDbLine
 10
1967.8175696638575
 20
10029.47856593078
 30
0.0
 11
1967.8175696638575
 21
10030.40578860586
 31
0.0
  0
LINE
  5
263
330
17
100
AcDbEntity
  8
Hachura
 62
0
370
9
100
AcDbLine
 10
1967.6069439168125
 20
10029.47856593078
 30
0.0
 11
1967.6069439168125
 21
10030.40578860586
 31
0.0
  0
LINE
  5
264
330
17
100
AcDbEntity
  8
Hachura
 62
0
370
9
100
AcDbLine
 10
2056.8831061023
 20
10170.396029894517
 30
0.0
 11
2056.8831061023
 21
10171.04095234935
 31
0.0
  0
LINE
  5
265
330
17
100
AcDbEntity
  8
Hachura
 62
0
370
9
100
AcDbLine
 10
2056.8831061023
 20
10171.55689030893
 30
0.0
 11
2058.8178734668027
 21
10170.589506626677
 31
0.0
  0
LINE
  5
266
330
17
100
AcDbEntity
  8
Hachura
 62
0
370
9
100
AcDbLine
 10
2056.810422771454
 20
10171.464247468379
 30
0.0
 11
2058.976035529012
 21
10170.381441132478
 31
0.0
  0
LINE
  5
267
330
17
100
AcDbEntity
  8
Hachura
 62
0
370
9
100
AcDbLine
 10
2058.9175976385895
 20
10170.15269105502
 30
0.0
 11
2056.7770199699244
 21
10171.222979910792
 31
0.0
  0
LINE
  5
268
330
17
100
AcDbEntity
  8
Hachura
 62
0
370
9
100
AcDbLine
 10
2058.8178734668027
 20
10170.073568667101
 30
0.0
 11
2056.8831061023
 21
10171.04095234935
 31
0.0
  0
LINE
  5
269
330
17
100
AcDbEntity
  8
Hachura
 62
0
370
9
100
AcDbLine
 10
2058.8178734668027
 20
10169.428646212267
 30
0.0
 11
2058.8178734668027
 21
10170.073568667101
 31
0.0
  0
LINE
  5
26A
330
17
100
AcDbEntity
  8
Hachura
 62
0
370
9
100
AcDbLine
 10
2058.8178734668027
 20
10167.751847827554
 30
0.0
 11
2058.8178734668027
 21
10167.10692537272
 31
0.0
  0
LINE
  5
26B
330
17
100
AcDbEntity
  8
Hachura
 62
0
370
9
100
AcDbLine
 10
2058.8178734668027
 20
10168.700853592849
 30
0.0
 11
2058.8178734668027
 21
10168.912708241965
 31
0.0
  0
LINE
  5
26C
330
17
100
AcDbEntity
  8
Hachura
 62
0
370
9
100
AcDbLine
 10
2058.8178734668027
 20
10168.700853592849
 30
0.0
 11
2058.8178734668027
 21
10168.267785787135
 31
0.0
  0
LINE
  5
26D
330
17
100
AcDbEntity
  8
Hachura
 62
0
370
9
100
AcDbLine
 10
2056.8831061023
 20
10169.235169469384
 30
0.0
 11
2056.8831061023
 21
10169.880091924219
 31
0.0
  0
LINE
  5
26E
330
17
100
AcDbEntity
  8
Hachura
 62
0
370
9
100
AcDbLine
 10
2056.8831061023
 20
10168.07430905497
 30
0.0
 11
2056.8831061023
 21
10168.719231509804
 31
0.0
  0
LINE
  5
26F
330
17
100
AcDbEntity
  8
Hachura
 62
0
370
9
100
AcDbLine
 10
2056.8831061023
 20
10170.396029894517
 30
0.0
 11
2058.8178734668027
 21
10169.428646212267
 31
0.0
  0
LINE
  5
270
330
17
100
AcDbEntity
  8
Hachura
 62
0
370
9
100
AcDbLine
 10
2056.810422771454
 20
10170.303387043246
 30
0.0
 11
2058.976035529012
 21
10169.220580707346
 31
0.0
  0
LINE
  5
271
330
17
100
AcDbEntity
  8
Hachura
 62
0
370
9
100
AcDbLine
 10
2058.9175976385895
 20
10168.99183064061
 30
0.0
 11
2056.7770199699244
 21
10170.06211948566
 31
0.0
  0
LINE
  5
272
330
17
100
AcDbEntity
  8
Hachura
 62
0
370
9
100
AcDbLine
 10
2058.8178734668027
 20
10168.912708241965
 30
0.0
 11
2056.8831061023
 21
10169.880091924219
 31
0.0
  0
LINE
  5
273
330
17
100
AcDbEntity
  8
Hachura
 62
0
370
9
100
AcDbLine
 10
2056.8831061023
 20
10168.07430905497
 30
0.0
 11
2058.8178734668027
 21
10167.10692537272
 31
0.0
  0
LINE
  5
274
330
17
100
AcDbEntity
  8
Hachura
 62
0
370
9
100
AcDbLine
 10
2056.8831061023
 20
10169.235169469384
 30
0.0
 11
2058.8178734668027
 21
10168.267785787135
 31
0.0
  0
LINE
  5
275
330
17
100
AcDbEntity
  8
Hachura
 62
0
370
9
100
AcDbLine
 10
2056.810422771454
 20
10169.142526628832
 30
0.0
 11
2058.976035529012
 21
10168.059720292931
 31
0.0
  0
LINE
  5
276
330
17
100
AcDbEntity
  8
Hachura
 62
0
370
9
100
AcDbLine
 10
2058.9175976385895
 20
10167.830970226196
 30
0.0
 11
2056.7770199699244
 21
10168.901259071245
 31
0.0
  0
LINE
  5
277
330
17
100
AcDbEntity
  8
Hachura
 62
0
370
9
100
AcDbLine
 10
2058.8178734668027
 20
10167.751847827554
 30
0.0
 11
2056.8831061023
 21
10168.719231509804
 31
0.0
  0
LINE
  5
278
330
17
100
AcDbEntity
  8
Hachura
 62
0
370
9
100
AcDbLine
 10
2058.560111796368
 20
10171.879247897748
 30
0.0
 11
2058.8178734668027
 21
10171.750367041092
 31
0.0
  0
LINE
  5
279
330
17
100
AcDbEntity
  8
Hachura
 62
0
370
9
100
AcDbLine
 10
2058.3021428058582
 20
10171.879247897748
 30
0.0
 11
2058.976035529012
 21
10171.54230153617
 31
0.0
  0
LINE
  5
27A
330
17
100
AcDbEntity
  8
Hachura
 62
0
370
9
100
AcDbLine
 10
2058.8160816810823
 20
10171.877637801166
 30
0.0
 11
2058.4936204536652
 21
10172.200099050024
 31
0.0
  0
LINE
  5
27B
330
17
100
AcDbEntity
  8
Hachura
 62
0
370
9
100
AcDbLine
 10
2058.8178734668027
 20
10171.23442908151
 30
0.0
 11
2058.8178734668027
 21
10170.589506626677
 31
0.0
  0
LINE
  5
27C
330
17
100
AcDbEntity
  8
Hachura
 62
0
370
9
100
AcDbLine
 10
2056.8831061023
 20
10171.55689030893
 30
0.0
 11
2056.8831061023
 21
10171.879247897748
 31
0.0
  0
LINE
  5
27D
330
17
100
AcDbEntity
  8
Hachura
 62
0
370
9
100
AcDbLine
 10
2056.8812288158088
 20
10171.877637822605
 30
0.0
 11
2057.203775543997
 21
10172.200099050024
 31
0.0
  0
LINE
  5
27E
330
17
100
AcDbEntity
  8
Hachura
 62
0
370
9
100
AcDbLine
 10
2056.8831061023
 20
10169.66823726438
 30
0.0
 11
2056.8831061023
 21
10169.880091913496
 31
0.0
  0
LINE
  5
27F
330
17
100
AcDbEntity
  8
Hachura
 62
0
370
9
100
AcDbLine
 10
2058.9175976385895
 20
10171.313551469435
 30
0.0
 11
2057.7862048248408
 21
10171.879247897748
 31
0.0
  0
LINE
  5
280
330
17
100
AcDbEntity
  8
Hachura
 62
0
370
9
100
AcDbLine
 10
2058.8178734668027
 20
10171.23442908151
 30
0.0
 11
2057.52823587721
 21
10171.879247897748
 31
0.0
  0
LINE
  5
281
330
17
100
AcDbEntity
  8
Hachura
 62
0
370
9
100
AcDbLine
 10
2057.203775543997
 20
10172.200099050024
 30
0.0
 11
2058.4936204536652
 21
10172.200099050024
 31
0.0
  0
LINE
  5
282
330
17
100
AcDbEntity
  8
Hachura
 62
0
370
9
100
AcDbLine
 10
2056.8831061023
 20
10171.55689030893
 30
0.0
 11
2058.8178734668027
 21
10170.589506626677
 31
0.0
  0
LINE
  5
283
330
17
100
AcDbEntity
  8
Hachura
 62
0
370
9
100
AcDbLine
 10
2058.8160816810823
 20
10171.877637801166
 30
0.0
 11
2056.88131431658
 21
10171.877637801166
 31
0.0
  0
LINE
  5
284
330
17
100
AcDbEntity
  8
Hachura
 62
0
370
9
100
AcDbLine
 10
2063.411436958927
 20
10160.39973184459
 30
0.0
 11
2055.596775214296
 21
10160.39973184459
 31
0.0
  0
LINE
  5
285
330
17
100
AcDbEntity
  8
Hachura
 62
0
370
9
100
AcDbLine
 10
2059.59178043833
 20
10167.10692537272
 30
0.0
 11
2056.238183647466
 21
10167.10692537272
 31
0.0
  0
LINE
  5
286
330
17
100
AcDbEntity
  8
Hachura
 62
0
370
9
100
AcDbLine
 10
2059.59178043833
 20
10167.039208515393
 30
0.0
 11
2056.238183647466
 21
10167.039208515393
 31
0.0
  0
LINE
  5
287
330
17
100
AcDbEntity
  8
Hachura
 62
0
370
9
100
AcDbLine
 10
2055.9802146998345
 20
10163.882313098551
 30
0.0
 11
2059.8497494288395
 21
10163.882313098551
 31
0.0
  0
LINE
  5
288
330
17
100
AcDbEntity
  8
Hachura
 62
0
370
9
100
AcDbLine
 10
2051.465757515998
 20
10161.302623279214
 30
0.0
 11
2064.3642066126768
 21
10161.302623279214
 31
0.0
  0
LINE
  5
289
330
17
100
AcDbEntity
  8
Hachura
 62
0
370
9
100
AcDbLine
 10
2064.3642066126768
 20
10160.39973184459
 30
0.0
 11
2051.469299280391
 21
10160.39973184459
 31
0.0
  0
LINE
  5
28A
330
17
100
AcDbEntity
  8
Hachura
 62
0
370
9
100
AcDbLine
 10
2057.270059609503
 20
10167.10692537272
 30
0.0
 11
2057.270059609503
 21
10163.882313098551
 31
0.0
  0
LINE
  5
28B
330
17
100
AcDbEntity
  8
Hachura
 62
0
370
9
100
AcDbLine
 10
2056.238183647466
 20
10167.10692537272
 30
0.0
 11
2056.238183647466
 21
10163.882313098551
 31
0.0
  0
LINE
  5
28C
330
17
100
AcDbEntity
  8
Hachura
 62
0
370
9
100
AcDbLine
 10
2057.914982064337
 20
10161.302623279214
 30
0.0
 11
2055.9802146998345
 21
10161.302623279214
 31
0.0
  0
LINE
  5
28D
330
17
100
AcDbEntity
  8
Hachura
 62
0
370
9
100
AcDbLine
 10
2056.6251371546687
 20
10161.302623279214
 30
0.0
 11
2057.270059609503
 21
10161.302623279214
 31
0.0
  0
LINE
  5
28E
330
17
100
AcDbEntity
  8
Hachura
 62
0
370
9
100
AcDbLine
 10
2057.909341701976
 20
10161.302623279214
 30
0.0
 11
2057.909341701976
 21
10160.39973184459
 31
0.0
  0
LINE
  5
28F
330
17
100
AcDbEntity
  8
Hachura
 62
0
370
9
100
AcDbLine
 10
2057.602800010627
 20
10161.302623279214
 30
0.0
 11
2057.602800010627
 21
10163.301782468672
 31
0.0
  0
LINE
  5
290
330
17
100
AcDbEntity
  8
Hachura
 62
0
370
9
100
AcDbLine
 10
2058.1187379916464
 20
10163.301782468672
 30
0.0
 11
2058.1187379916464
 21
10161.302623279214
 31
0.0
  0
LINE
  5
291
330
17
100
AcDbEntity
  8
Hachura
 62
0
370
9
100
AcDbLine
 10
2054.875105440605
 20
10161.320897836282
 30
0.0
 11
2054.875105440605
 21
10160.393675161202
 31
0.0
  0
LINE
  5
292
330
17
100
AcDbEntity
  8
Hachura
 62
0
370
9
100
AcDbLine
 10
2056.955366431589
 20
10160.549777722514
 30
0.0
 11
2056.955366431589
 21
10160.982845528233
 31
0.0
  0
LINE
  5
293
330
17
100
AcDbEntity
  8
Hachura
 62
0
370
9
100
AcDbLine
 10
2055.9802146998345
 20
10161.302623279214
 30
0.0
 11
2055.9802146998345
 21
10163.882313098551
 31
0.0
  0
LINE
  5
294
330
17
100
AcDbEntity
  8
Hachura
 62
0
370
9
100
AcDbLine
 10
2056.955366431589
 20
10160.982845528233
 30
0.0
 11
2056.955366431589
 21
10161.194700177348
 31
0.0
  0
LINE
  5
295
330
17
100
AcDbEntity
  8
Hachura
 62
0
370
9
100
AcDbLine
 10
2051.469299280391
 20
10160.39973184459
 30
0.0
 11
2051.469299280391
 21
10165.536400426678
 31
0.0
  0
LINE
  5
296
330
17
100
AcDbEntity
  8
Hachura
 62
0
370
9
100
AcDbLine
 10
2053.142555889991
 20
10165.559111483262
 30
0.0
 11
2053.7242159640455
 21
10163.34880316541
 31
0.0
  0
LINE
  5
297
330
17
100
AcDbEntity
  8
Hachura
 62
0
370
9
100
AcDbLine
 10
2051.465757515998
 20
10165.559111483262
 30
0.0
 11
2053.142555889991
 21
10165.559111483262
 31
0.0
  0
LINE
  5
298
330
17
100
AcDbEntity
  8
Hachura
 62
0
370
9
100
AcDbLine
 10
2054.0360600024187
 20
10163.108406159181
 30
0.0
 11
2055.9802146998345
 21
10163.108406159181
 31
0.0
  0
LINE
  5
299
330
17
100
AcDbEntity
  8
Hachura
 62
0
370
9
100
AcDbLine
 10
2051.465757515998
 20
10161.302623279214
 30
0.0
 11
2056.6251371546687
 21
10161.302623279214
 31
0.0
  0
LINE
  5
29A
330
17
100
AcDbEntity
  8
Hachura
 62
0
370
9
100
AcDbLine
 10
2062.687408195806
 20
10165.559111483262
 30
0.0
 11
2062.1057481217513
 21
10163.34880316541
 31
0.0
  0
LINE
  5
29B
330
17
100
AcDbEntity
  8
Hachura
 62
0
370
9
100
AcDbLine
 10
2059.59178043833
 20
10163.882313098551
 30
0.0
 11
2059.59178043833
 21
10167.10692537272
 31
0.0
  0
LINE
  5
29C
330
17
100
AcDbEntity
  8
Hachura
 62
0
370
9
100
AcDbLine
 10
2058.8178734668027
 20
10167.10692537272
 30
0.0
 11
2058.8178734668027
 21
10163.882313098551
 31
0.0
  0
LINE
  5
29D
330
17
100
AcDbEntity
  8
Hachura
 62
0
370
9
100
AcDbLine
 10
2060.941120034815
 20
10161.320897836282
 30
0.0
 11
2060.941120034815
 21
10160.39973184459
 31
0.0
  0
LINE
  5
29E
330
17
100
AcDbEntity
  8
Hachura
 62
0
370
9
100
AcDbLine
 10
2058.8901337960915
 20
10161.176322260395
 30
0.0
 11
2058.8901337960915
 21
10160.743254465397
 31
0.0
  0
LINE
  5
29F
330
17
100
AcDbEntity
  8
Hachura
 62
0
370
9
100
AcDbLine
 10
2062.37337363968
 20
10161.320897836282
 30
0.0
 11
2062.37337363968
 21
10160.393675161202
 31
0.0
  0
LINE
  5
2A0
330
17
100
AcDbEntity
  8
Hachura
 62
0
370
9
100
AcDbLine
 10
2059.8497494288395
 20
10163.882313098551
 30
0.0
 11
2059.8497494288395
 21
10161.302623279214
 31
0.0
  0
LINE
  5
2A1
330
17
100
AcDbEntity
  8
Hachura
 62
0
370
9
100
AcDbLine
 10
2059.8497494288395
 20
10163.882313098551
 30
0.0
 11
2059.59178043833
 21
10163.882313098551
 31
0.0
  0
LINE
  5
2A2
330
17
100
AcDbEntity
  8
Hachura
 62
0
370
9
100
AcDbLine
 10
2059.8497494288395
 20
10163.882313098551
 30
0.0
 11
2059.59178043833
 21
10163.882313098551
 31
0.0
  0
LINE
  5
2A3
330
17
100
AcDbEntity
  8
Hachura
 62
0
370
9
100
AcDbLine
 10
2061.7939040833753
 20
10163.108406159181
 30
0.0
 11
2059.8458675051606
 21
10163.108406159181
 31
0.0
  0
LINE
  5
2A4
330
17
100
AcDbEntity
  8
Hachura
 62
0
370
9
100
AcDbLine
 10
2064.3642066126768
 20
10161.302623279214
 30
0.0
 11
2064.3642066126768
 21
10165.559111483262
 31
0.0
  0
LINE
  5
2A5
330
17
100
AcDbEntity
  8
Hachura
 62
0
370
9
100
AcDbLine
 10
2064.3642066126768
 20
10161.302623279214
 30
0.0
 11
2064.3642066126768
 21
10160.39973184459
 31
0.0
  0
LINE
  5
2A6
330
17
100
AcDbEntity
  8
Hachura
 62
0
370
9
100
AcDbLine
 10
2063.215875555882
 20
10161.320897836282
 30
0.0
 11
2063.215875555882
 21
10160.393675161202
 31
0.0
  0
LINE
  5
2A7
330
17
100
AcDbEntity
  8
Hachura
 62
0
370
9
100
AcDbLine
 10
2063.679251787741
 20
10161.320897836282
 30
0.0
 11
2063.679251787741
 21
10160.393675161202
 31
0.0
  0
LINE
  5
2A8
330
17
100
AcDbEntity
  8
Hachura
 62
0
370
9
100
AcDbLine
 10
2064.0162525199185
 20
10161.320897836282
 30
0.0
 11
2064.0162525199185
 21
10160.393675161202
 31
0.0
  0
LINE
  5
2A9
330
17
100
AcDbEntity
  8
Hachura
 62
0
370
9
100
AcDbLine
 10
2064.2268782669635
 20
10161.320897836282
 30
0.0
 11
2064.2268782669635
 21
10160.393675161202
 31
0.0
  0
LINE
  5
2AA
330
17
100
AcDbEntity
  8
Hachura
 62
0
370
9
100
AcDbLine
 10
2064.3642066126768
 20
10165.559111483262
 30
0.0
 11
2062.687408195806
 21
10165.559111483262
 31
0.0
  0
LINE
  5
2AB
330
17
100
AcDbEntity
  8
Hachura
 62
0
370
9
100
AcDbLine
 10
2058.0439665192916
 20
10167.10692537272
 30
0.0
 11
2056.7770199663264
 21
10167.740398655547
 31
0.0
  0
LINE
  5
2AC
330
17
100
AcDbEntity
  8
Hachura
 62
0
370
9
100
AcDbLine
 10
2057.785997541473
 20
10167.10692537272
 30
0.0
 11
2056.8831060987022
 21
10167.558371094105
 31
0.0
  0
LINE
  5
2AD
330
17
100
AcDbEntity
  8
Hachura
 62
0
370
9
100
AcDbLine
 10
2056.8831060987013
 20
10167.10692537272
 30
0.0
 11
2056.8831060987013
 21
10167.558371094105
 31
0.0
  0
LINE
  5
2AE
330
17
100
AcDbEntity
  8
Hachura
 62
0
370
9
100
AcDbLine
 10
2053.460132253388
 20
10161.320897836282
 30
0.0
 11
2053.460132253388
 21
10160.393675161202
 31
0.0
  0
LINE
  5
2AF
330
17
100
AcDbEntity
  8
Hachura
 62
0
370
9
100
AcDbLine
 10
2052.617630337186
 20
10161.320897836282
 30
0.0
 11
2052.617630337186
 21
10160.393675161202
 31
0.0
  0
LINE
  5
2B0
330
17
100
AcDbEntity
  8
Hachura
 62
0
370
9
100
AcDbLine
 10
2052.154254105327
 20
10161.320897836282
 30
0.0
 11
2052.154254105327
 21
10160.393675161202
 31
0.0
  0
LINE
  5
2B1
330
17
100
AcDbEntity
  8
Hachura
 62
0
370
9
100
AcDbLine
 10
2051.8172533731495
 20
10161.320897836282
 30
0.0
 11
2051.8172533731495
 21
10160.393675161202
 31
0.0
  0
LINE
  5
2B2
330
17
100
AcDbEntity
  8
Hachura
 62
0
370
9
100
AcDbLine
 10
2051.6066276261045
 20
10161.320897836282
 30
0.0
 11
2051.6066276261045
 21
10160.393675161202
 31
0.0
  0
LINE
  5
2B3
330
17
100
AcDbEntity
  8
Hachura
 62
0
370
9
100
AcDbLine
 10
2056.8837283664384
 20
10020.403433872545
 30
0.0
 11
2056.8837283664384
 21
10019.75851141771
 31
0.0
  0
LINE
  5
2B4
330
17
100
AcDbEntity
  8
Hachura
 62
0
370
9
100
AcDbLine
 10
2056.8837283664384
 20
10019.242573458132
 30
0.0
 11
2058.818495730941
 21
10020.209957140385
 31
0.0
  0
LINE
  5
2B5
330
17
100
AcDbEntity
  8
Hachura
 62
0
370
9
100
AcDbLine
 10
2056.811045035592
 20
10019.335216298683
 30
0.0
 11
2058.97665779315
 21
10020.418022634583
 31
0.0
  0
LINE
  5
2B6
330
17
100
AcDbEntity
  8
Hachura
 62
0
370
9
100
AcDbLine
 10
2058.9182199027277
 20
10020.646772712042
 30
0.0
 11
2056.7776422340626
 21
10019.57648385627
 31
0.0
  0
LINE
  5
2B7
330
17
100
AcDbEntity
  8
Hachura
 62
0
370
9
100
AcDbLine
 10
2058.818495730941
 20
10020.72589509996
 30
0.0
 11
2056.8837283664384
 21
10019.75851141771
 31
0.0
  0
LINE
  5
2B8
330
17
100
AcDbEntity
  8
Hachura
 62
0
370
9
100
AcDbLine
 10
2058.818495730941
 20
10021.370817554794
 30
0.0
 11
2058.818495730941
 21
10020.72589509996
 31
0.0
  0
LINE
  5
2B9
330
17
100
AcDbEntity
  8
Hachura
 62
0
370
9
100
AcDbLine
 10
2058.818495730941
 20
10023.047615939508
 30
0.0
 11
2058.818495730941
 21
10023.692538394342
 31
0.0
  0
LINE
  5
2BA
330
17
100
AcDbEntity
  8
Hachura
 62
0
370
9
100
AcDbLine
 10
2058.818495730941
 20
10022.098610174213
 30
0.0
 11
2058.818495730941
 21
10021.886755525096
 31
0.0
  0
LINE
  5
2BB
330
17
100
AcDbEntity
  8
Hachura
 62
0
370
9
100
AcDbLine
 10
2058.818495730941
 20
10022.098610174213
 30
0.0
 11
2058.818495730941
 21
10022.531677979927
 31
0.0
  0
LINE
  5
2BC
330
17
100
AcDbEntity
  8
Hachura
 62
0
370
9
100
AcDbLine
 10
2056.8837283664384
 20
10021.564294297677
 30
0.0
 11
2056.8837283664384
 21
10020.919371842843
 31
0.0
  0
LINE
  5
2BD
330
17
100
AcDbEntity
  8
Hachura
 62
0
370
9
100
AcDbLine
 10
2056.8837283664384
 20
10022.725154712092
 30
0.0
 11
2056.8837283664384
 21
10022.080232257258
 31
0.0
  0
LINE
  5
2BE
330
17
100
AcDbEntity
  8
Hachura
 62
0
370
9
100
AcDbLine
 10
2056.8837283664384
 20
10020.403433872545
 30
0.0
 11
2058.818495730941
 21
10021.370817554794
 31
0.0
  0
LINE
  5
2BF
330
17
100
AcDbEntity
  8
Hachura
 62
0
370
9
100
AcDbLine
 10
2056.811045035592
 20
10020.496076723815
 30
0.0
 11
2058.97665779315
 21
10021.578883059716
 31
0.0
  0
LINE
  5
2C0
330
17
100
AcDbEntity
  8
Hachura
 62
0
370
9
100
AcDbLine
 10
2058.9182199027277
 20
10021.807633126451
 30
0.0
 11
2056.7776422340626
 21
10020.737344281402
 31
0.0
  0
LINE
  5
2C1
330
17
100
AcDbEntity
  8
Hachura
 62
0
370
9
100
AcDbLine
 10
2058.818495730941
 20
10021.886755525096
 30
0.0
 11
2056.8837283664384
 21
10020.919371842843
 31
0.0
  0
LINE
  5
2C2
330
17
100
AcDbEntity
  8
Hachura
 62
0
370
9
100
AcDbLine
 10
2056.8837283664384
 20
10022.725154712092
 30
0.0
 11
2058.818495730941
 21
10023.692538394342
 31
0.0
  0
LINE
  5
2C3
330
17
100
AcDbEntity
  8
Hachura
 62
0
370
9
100
AcDbLine
 10
2056.8837283664384
 20
10021.564294297677
 30
0.0
 11
2058.818495730941
 21
10022.531677979927
 31
0.0
  0
LINE
  5
2C4
330
17
100
AcDbEntity
  8
Hachura
 62
0
370
9
100
AcDbLine
 10
2056.811045035592
 20
10021.65693713823
 30
0.0
 11
2058.97665779315
 21
10022.73974347413
 31
0.0
  0
LINE
  5
2C5
330
17
100
AcDbEntity
  8
Hachura
 62
0
370
9
100
AcDbLine
 10
2058.9182199027277
 20
10022.968493540866
 30
0.0
 11
2056.7776422340626
 21
10021.898204695817
 31
0.0
  0
LINE
  5
2C6
330
17
100
AcDbEntity
  8
Hachura
 62
0
370
9
100
AcDbLine
 10
2058.818495730941
 20
10023.047615939508
 30
0.0
 11
2056.8837283664384
 21
10022.080232257258
 31
0.0
  0
LINE
  5
2C7
330
17
100
AcDbEntity
  8
Hachura
 62
0
370
9
100
AcDbLine
 10
2058.560734060506
 20
10018.920215869313
 30
0.0
 11
2058.818495730941
 21
10019.04909672597
 31
0.0
  0
LINE
  5
2C8
330
17
100
AcDbEntity
  8
Hachura
 62
0
370
9
100
AcDbLine
 10
2058.3027650699964
 20
10018.920215869313
 30
0.0
 11
2058.97665779315
 21
10019.257162230891
 31
0.0
  0
LINE
  5
2C9
330
17
100
AcDbEntity
  8
Hachura
 62
0
370
9
100
AcDbLine
 10
2058.8167039452205
 20
10018.921825965896
 30
0.0
 11
2058.4942427178034
 21
10018.599364717038
 31
0.0
  0
LINE
  5
2CA
330
17
100
AcDbEntity
  8
Hachura
 62
0
370
9
100
AcDbLine
 10
2058.818495730941
 20
10019.565034685551
 30
0.0
 11
2058.818495730941
 21
10020.209957140385
 31
0.0
  0
LINE
  5
2CB
330
17
100
AcDbEntity
  8
Hachura
 62
0
370
9
100
AcDbLine
 10
2056.8837283664384
 20
10019.242573458132
 30
0.0
 11
2056.8837283664384
 21
10018.920215869313
 31
0.0
  0
LINE
  5
2CC
330
17
100
AcDbEntity
  8
Hachura
 62
0
370
9
100
AcDbLine
 10
2056.881851079947
 20
10018.921825944457
 30
0.0
 11
2057.204397808135
 21
10018.599364717038
 31
0.0
  0
LINE
  5
2CD
330
17
100
AcDbEntity
  8
Hachura
 62
0
370
9
100
AcDbLine
 10
2056.8837283664384
 20
10021.13122650268
 30
0.0
 11
2056.8837283664384
 21
10020.919371853566
 31
0.0
  0
LINE
  5
2CE
330
17
100
AcDbEntity
  8
Hachura
 62
0
370
9
100
AcDbLine
 10
2058.9182199027277
 20
10019.485912297627
 30
0.0
 11
2057.786827088979
 21
10018.920215869313
 31
0.0
  0
LINE
  5
2CF
330
17
100
AcDbEntity
  8
Hachura
 62
0
370
9
100
AcDbLine
 10
2058.818495730941
 20
10019.565034685551
 30
0.0
 11
2057.5288581413483
 21
10018.920215869313
 31
0.0
  0
LINE
  5
2D0
330
17
100
AcDbEntity
  8
Hachura
 62
0
370
9
100
AcDbLine
 10
2057.204397808135
 20
10018.599364717038
 30
0.0
 11
2058.4942427178034
 21
10018.599364717038
 31
0.0
  0
LINE
  5
2D1
330
17
100
AcDbEntity
  8
Hachura
 62
0
370
9
100
AcDbLine
 10
2056.8837283664384
 20
10019.242573458132
 30
0.0
 11
2058.818495730941
 21
10020.209957140385
 31
0.0
  0
LINE
  5
2D2
330
17
100
AcDbEntity
  8
Hachura
 62
0
370
9
100
AcDbLine
 10
2058.8167039452205
 20
10018.921825965896
 30
0.0
 11
2056.881936580718
 21
10018.921825965896
 31
0.0
  0
LINE
  5
2D3
330
17
100
AcDbEntity
  8
Hachura
 62
0
370
9
100
AcDbLine
 10
2063.412059223065
 20
10030.39973192247
 30
0.0
 11
2055.5973974784342
 21
10030.39973192247
 31
0.0
  0
LINE
  5
2D4
330
17
100
AcDbEntity
  8
Hachura
 62
0
370
9
100
AcDbLine
 10
2059.592402702468
 20
10023.692538394342
 30
0.0
 11
2056.2388059116042
 21
10023.692538394342
 31
0.0
  0
LINE
  5
2D5
330
17
100
AcDbEntity
  8
Hachura
 62
0
370
9
100
AcDbLine
 10
2059.592402702468
 20
10023.76025525167
 30
0.0
 11
2056.2388059116042
 21
10023.76025525167
 31
0.0
  0
LINE
  5
2D6
330
17
100
AcDbEntity
  8
Hachura
 62
0
370
9
100
AcDbLine
 10
2055.9808369639727
 20
10026.91715066851
 30
0.0
 11
2059.8503716929777
 21
10026.91715066851
 31
0.0
  0
LINE
  5
2D7
330
17
100
AcDbEntity
  8
Hachura
 62
0
370
9
100
AcDbLine
 10
2051.4663797801363
 20
10029.496840487847
 30
0.0
 11
2064.364828876815
 21
10029.496840487847
 31
0.0
  0
LINE
  5
2D8
330
17
100
AcDbEntity
  8
Hachura
 62
0
370
9
100
AcDbLine
 10
2064.364828876815
 20
10030.39973192247
 30
0.0
 11
2051.4699215445294
 21
10030.39973192247
 31
0.0
  0
LINE
  5
2D9
330
17
100
AcDbEntity
  8
Hachura
 62
0
370
9
100
AcDbLine
 10
2057.270681873641
 20
10023.692538394342
 30
0.0
 11
2057.270681873641
 21
10026.91715066851
 31
0.0
  0
LINE
  5
2DA
330
17
100
AcDbEntity
  8
Hachura
 62
0
370
9
100
AcDbLine
 10
2056.2388059116042
 20
10023.692538394342
 30
0.0
 11
2056.2388059116042
 21
10026.91715066851
 31
0.0
  0
LINE
  5
2DB
330
17
100
AcDbEntity
  8
Hachura
 62
0
370
9
100
AcDbLine
 10
2057.915604328475
 20
10029.496840487847
 30
0.0
 11
2055.9808369639727
 21
10029.496840487847
 31
0.0
  0
LINE
  5
2DC
330
17
100
AcDbEntity
  8
Hachura
 62
0
370
9
100
AcDbLine
 10
2056.625759418807
 20
10029.496840487847
 30
0.0
 11
2057.270681873641
 21
10029.496840487847
 31
0.0
  0
LINE
  5
2DD
330
17
100
AcDbEntity
  8
Hachura
 62
0
370
9
100
AcDbLine
 10
2057.909963966114
 20
10029.496840487847
 30
0.0
 11
2057.909963966114
 21
10030.39973192247
 31
0.0
  0
LINE
  5
2DE
330
17
100
AcDbEntity
  8
Hachura
 62
0
370
9
100
AcDbLine
 10
2057.6034222747653
 20
10029.496840487847
 30
0.0
 11
2057.6034222747653
 21
10027.49768129839
 31
0.0
  0
LINE
  5
2DF
330
17
100
AcDbEntity
  8
Hachura
 62
0
370
9
100
AcDbLine
 10
2058.1193602557846
 20
10027.49768129839
 30
0.0
 11
2058.1193602557846
 21
10029.496840487847
 31
0.0
  0
LINE
  5
2E0
330
17
100
AcDbEntity
  8
Hachura
 62
0
370
9
100
AcDbLine
 10
2054.875727704743
 20
10029.47856593078
 30
0.0
 11
2054.875727704743
 21
10030.40578860586
 31
0.0
  0
LINE
  5
2E1
330
17
100
AcDbEntity
  8
Hachura
 62
0
370
9
100
AcDbLine
 10
2056.9559886957272
 20
10030.249686044548
 30
0.0
 11
2056.9559886957272
 21
10029.816618238829
 31
0.0
  0
LINE
  5
2E2
330
17
100
AcDbEntity
  8
Hachura
 62
0
370
9
100
AcDbLine
 10
2055.9808369639727
 20
10029.496840487847
 30
0.0
 11
2055.9808369639727
 21
10026.91715066851
 31
0.0
  0
LINE
  5
2E3
330
17
100
AcDbEntity
  8
Hachura
 62
0
370
9
100
AcDbLine
 10
2056.9559886957272
 20
10029.816618238829
 30
0.0
 11
2056.9559886957272
 21
10029.604763589714
 31
0.0
  0
LINE
  5
2E4
330
17
100
AcDbEntity
  8
Hachura
 62
0
370
9
100
AcDbLine
 10
2051.4699215445294
 20
10030.39973192247
 30
0.0
 11
2051.4699215445294
 21
10025.263063340384
 31
0.0
  0
LINE
  5
2E5
330
17
100
AcDbEntity
  8
Hachura
 62
0
370
9
100
AcDbLine
 10
2053.143178154129
 20
10025.2403522838
 30
0.0
 11
2053.7248382281837
 21
10027.450660601651
 31
0.0
  0
LINE
  5
2E6
330
17
100
AcDbEntity
  8
Hachura
 62
0
370
9
100
AcDbLine
 10
2051.4663797801363
 20
10025.2403522838
 30
0.0
 11
2053.143178154129
 21
10025.2403522838
 31
0.0
  0
LINE
  5
2E7
330
17
100
AcDbEntity
  8
Hachura
 62
0
370
9
100
AcDbLine
 10
2054.036682266557
 20
10027.69105760788
 30
0.0
 11
2055.9808369639727
 21
10027.69105760788
 31
0.0
  0
LINE
  5
2E8
330
17
100
AcDbEntity
  8
Hachura
 62
0
370
9
100
AcDbLine
 10
2051.4663797801363
 20
10029.496840487847
 30
0.0
 11
2056.625759418807
 21
10029.496840487847
 31
0.0
  0
LINE
  5
2E9
330
17
100
AcDbEntity
  8
Hachura
 62
0
370
9
100
AcDbLine
 10
2062.688030459944
 20
10025.2403522838
 30
0.0
 11
2062.1063703858895
 21
10027.450660601651
 31
0.0
  0
LINE
  5
2EA
330
17
100
AcDbEntity
  8
Hachura
 62
0
370
9
100
AcDbLine
 10
2059.592402702468
 20
10026.91715066851
 30
0.0
 11
2059.592402702468
 21
10023.692538394342
 31
0.0
  0
LINE
  5
2EB
330
17
100
AcDbEntity
  8
Hachura
 62
0
370
9
100
AcDbLine
 10
2058.818495730941
 20
10023.692538394342
 30
0.0
 11
2058.818495730941
 21
10026.91715066851
 31
0.0
  0
LINE
  5
2EC
330
17
100
AcDbEntity
  8
Hachura
 62
0
370
9
100
AcDbLine
 10
2060.941742298953
 20
10029.47856593078
 30
0.0
 11
2060.941742298953
 21
10030.39973192247
 31
0.0
  0
LINE
  5
2ED
330
17
100
AcDbEntity
  8
Hachura
 62
0
370
9
100
AcDbLine
 10
2058.8907560602297
 20
10029.623141506667
 30
0.0
 11
2058.8907560602297
 21
10030.056209301665
 31
0.0
  0
LINE
  5
2EE
330
17
100
AcDbEntity
  8
Hachura
 62
0
370
9
100
AcDbLine
 10
2062.373995903818
 20
10029.47856593078
 30
0.0
 11
2062.373995903818
 21
10030.40578860586
 31
0.0
  0
LINE
  5
2EF
330
17
100
AcDbEntity
  8
Hachura
 62
0
370
9
100
AcDbLine
 10
2059.8503716929777
 20
10026.91715066851
 30
0.0
 11
2059.8503716929777
 21
10029.496840487847
 31
0.0
  0
LINE
  5
2F0
330
17
100
AcDbEntity
  8
Hachura
 62
0
370
9
100
AcDbLine
 10
2059.8503716929777
 20
10026.91715066851
 30
0.0
 11
2059.592402702468
 21
10026.91715066851
 31
0.0
  0
LINE
  5
2F1
330
17
100
AcDbEntity
  8
Hachura
 62
0
370
9
100
AcDbLine
 10
2059.8503716929777
 20
10026.91715066851
 30
0.0
 11
2059.592402702468
 21
10026.91715066851
 31
0.0
  0
LINE
  5
2F2
330
17
100
AcDbEntity
  8
Hachura
 62
0
370
9
100
AcDbLine
 10
2061.7945263475135
 20
10027.69105760788
 30
0.0
 11
2059.846489769299
 21
10027.69105760788
 31
0.0
  0
LINE
  5
2F3
330
17
100
AcDbEntity
  8
Hachura
 62
0
370
9
100
AcDbLine
 10
2064.364828876815
 20
10029.496840487847
 30
0.0
 11
2064.364828876815
 21
10025.2403522838
 31
0.0
  0
LINE
  5
2F4
330
17
100
AcDbEntity
  8
Hachura
 62
0
370
9
100
AcDbLine
 10
2064.364828876815
 20
10029.496840487847
 30
0.0
 11
2064.364828876815
 21
10030.39973192247
 31
0.0
  0
LINE
  5
2F5
330
17
100
AcDbEntity
  8
Hachura
 62
0
370
9
100
AcDbLine
 10
2063.2164978200203
 20
10029.47856593078
 30
0.0
 11
2063.2164978200203
 21
10030.40578860586
 31
0.0
  0
LINE
  5
2F6
330
17
100
AcDbEntity
  8
Hachura
 62
0
370
9
100
AcDbLine
 10
2063.6798740518793
 20
10029.47856593078
 30
0.0
 11
2063.6798740518793
 21
10030.40578860586
 31
0.0
  0
LINE
  5
2F7
330
17
100
AcDbEntity
  8
Hachura
 62
0
370
9
100
AcDbLine
 10
2064.0168747840567
 20
10029.47856593078
 30
0.0
 11
2064.0168747840567
 21
10030.40578860586
 31
0.0
  0
LINE
  5
2F8
330
17
100
AcDbEntity
  8
Hachura
 62
0
370
9
100
AcDbLine
 10
2064.2275005311017
 20
10029.47856593078
 30
0.0
 11
2064.2275005311017
 21
10030.40578860586
 31
0.0
  0
LINE
  5
2F9
330
17
100
AcDbEntity
  8
Hachura
 62
0
370
9
100
AcDbLine
 10
2064.364828876815
 20
10025.2403522838
 30
0.0
 11
2062.688030459944
 21
10025.2403522838
 31
0.0
  0
LINE
  5
2FA
330
17
100
AcDbEntity
  8
Hachura
 62
0
370
9
100
AcDbLine
 10
2058.04458878343
 20
10023.692538394342
 30
0.0
 11
2056.7776422304646
 21
10023.059065111514
 31
0.0
  0
LINE
  5
2FB
330
17
100
AcDbEntity
  8
Hachura
 62
0
370
9
100
AcDbLine
 10
2057.7866198056113
 20
10023.692538394342
 30
0.0
 11
2056.8837283628404
 21
10023.241092672957
 31
0.0
  0
LINE
  5
2FC
330
17
100
AcDbEntity
  8
Hachura
 62
0
370
9
100
AcDbLine
 10
2056.8837283628395
 20
10023.692538394342
 30
0.0
 11
2056.8837283628395
 21
10023.241092672957
 31
0.0
  0
LINE
  5
2FD
330
17
100
AcDbEntity
  8
Hachura
 62
0
370
9
100
AcDbLine
 10
2053.4607545175263
 20
10029.47856593078
 30
0.0
 11
2053.4607545175263
 21
10030.40578860586
 31
0.0
  0
LINE
  5
2FE
330
17
100
AcDbEntity
  8
Hachura
 62
0
370
9
100
AcDbLine
 10
2052.618252601324
 20
10029.47856593078
 30
0.0
 11
2052.618252601324
 21
10030.40578860586
 31
0.0
  0
LINE
  5
2FF
330
17
100
AcDbEntity
  8
Hachura
 62
0
370
9
100
AcDbLine
 10
2052.154876369465
 20
10029.47856593078
 30
0.0
 11
2052.154876369465
 21
10030.40578860586
 31
0.0
  0
LINE
  5
300
330
17
100
AcDbEntity
  8
Hachura
 62
0
370
9
100
AcDbLine
 10
2051.8178756372877
 20
10029.47856593078
 30
0.0
 11
2051.8178756372877
 21
10030.40578860586
 31
0.0
  0
LINE
  5
301
330
17
100
AcDbEntity
  8
Hachura
 62
0
370
9
100
AcDbLine
 10
2051.6072498902427
 20
10029.47856593078
 30
0.0
 11
2051.6072498902427
 21
10030.40578860586
 31
0.0
  0
LINE
  5
302
330
17
100
AcDbEntity
  8
Madeira
 62
126
370
18
100
AcDbLine
 10
2125.932133343479
 20
10050.3843683953
 30
0.0
 11
2137.432581389196
 21
10064.39700431769
 31
0.0
  0
LINE
  5
303
330
17
100
AcDbEntity
  8
Madeira
 62
126
370
18
100
AcDbLine
 10
2125.932133343479
 20
10050.3843683953
 30
0.0
 11
2129.400626278742
 21
10064.388185237109
 31
0.0
  0
LINE
  5
304
330
17
100
AcDbEntity
  8
Madeira
 62
126
370
18
100
AcDbLine
 10
2125.932133343479
 20
10050.3843683953
 30
0.0
 11
2139.926165765953
 21
10055.827010374875
 31
0.0
  0
LINE
  5
305
330
17
100
AcDbEntity
  8
Madeira
 62
126
370
18
100
AcDbLine
 10
1989.939105349447
 20
10050.40349158529
 30
0.0
 11
1978.4079133436312
 21
10064.390838784482
 31
0.0
  0
LINE
  5
306
330
17
100
AcDbEntity
  8
Madeira
 62
126
370
18
100
AcDbLine
 10
1989.939105349447
 20
10050.40349158529
 30
0.0
 11
1986.4398684540854
 21
10064.399657865062
 31
0.0
  0
LINE
  5
307
330
17
100
AcDbEntity
  8
Madeira
 62
126
370
18
100
AcDbLine
 10
1989.939105349447
 20
10050.40349158529
 30
0.0
 11
1975.933154650338
 21
10055.815389604766
 31
0.0
  0
LINE
  5
308
330
17
100
AcDbEntity
  8
Madeira
 62
126
370
18
100
AcDbLine
 10
2035.432222855801
 20
10050.39196263956
 30
0.0
 11
2028.4259049017423
 21
10056.142186656562
 31
0.0
  0
LINE
  5
309
330
17
100
AcDbEntity
  8
Madeira
 62
126
370
18
100
AcDbLine
 10
2035.432222855801
 20
10050.39196263956
 30
0.0
 11
2028.4303144420287
 21
10052.126209105425
 31
0.0
  0
LINE
  5
30A
330
17
100
AcDbEntity
  8
Madeira
 62
126
370
18
100
AcDbLine
 10
2035.432222855801
 20
10050.39196263956
 30
0.0
 11
2029.9895808817707
 21
10064.38599504778
 31
0.0
  0
LINE
  5
30B
330
17
100
AcDbEntity
  8
Madeira
 62
126
370
18
100
AcDbLine
 10
2087.43218969513
 20
10050.39196263956
 30
0.0
 11
2080.4258717410717
 21
10056.142186656562
 31
0.0
  0
LINE
  5
30C
330
17
100
AcDbEntity
  8
Madeira
 62
126
370
18
100
AcDbLine
 10
2087.43218969513
 20
10050.39196263956
 30
0.0
 11
2080.4302812813576
 21
10052.126209105425
 31
0.0
  0
LINE
  5
30D
330
17
100
AcDbEntity
  8
Madeira
 62
126
370
18
100
AcDbLine
 10
2087.43218969513
 20
10050.39196263956
 30
0.0
 11
2081.9895477211
 21
10064.38599504778
 31
0.0
  0
LINE
  5
30E
330
17
100
AcDbEntity
  8
Madeira
 62
126
370
18
100
AcDbLine
 10
2125.932133343479
 20
10140.4150953164
 30
0.0
 11
2137.432581389196
 21
10126.40245939401
 31
0.0
  0
LINE
  5
30F
330
17
100
AcDbEntity
  8
Madeira
 62
126
370
18
100
AcDbLine
 10
2125.932133343479
 20
10140.4150953164
 30
0.0
 11
2129.400626278742
 21
10126.411278474592
 31
0.0
  0
LINE
  5
310
330
17
100
AcDbEntity
  8
Madeira
 62
126
370
18
100
AcDbLine
 10
2125.932133343479
 20
10140.4150953164
 30
0.0
 11
2139.926165765953
 21
10134.972453336826
 31
0.0
  0
LINE
  5
311
330
17
100
AcDbEntity
  8
Madeira
 62
126
370
18
100
AcDbLine
 10
1989.939105349447
 20
10140.39597212641
 30
0.0
 11
1978.4079133436312
 21
10126.408624927217
 31
0.0
  0
LINE
  5
312
330
17
100
AcDbEntity
  8
Madeira
 62
126
370
18
100
AcDbLine
 10
1989.939105349447
 20
10140.39597212641
 30
0.0
 11
1986.4398684540854
 21
10126.399805846637
 31
0.0
  0
LINE
  5
313
330
17
100
AcDbEntity
  8
Madeira
 62
126
370
18
100
AcDbLine
 10
1989.939105349447
 20
10140.39597212641
 30
0.0
 11
1975.933154650338
 21
10134.984074106933
 31
0.0
  0
LINE
  5
314
330
17
100
AcDbEntity
  8
Madeira
 62
126
370
18
100
AcDbLine
 10
2035.432222855801
 20
10140.40750107214
 30
0.0
 11
2028.4259049017423
 21
10134.65727705514
 31
0.0
  0
LINE
  5
315
330
17
100
AcDbEntity
  8
Madeira
 62
126
370
18
100
AcDbLine
 10
2035.432222855801
 20
10140.40750107214
 30
0.0
 11
2028.4303144420287
 21
10138.673254606276
 31
0.0
  0
LINE
  5
316
330
17
100
AcDbEntity
  8
Madeira
 62
126
370
18
100
AcDbLine
 10
2035.432222855801
 20
10140.40750107214
 30
0.0
 11
2029.9895808817707
 21
10126.41346866392
 31
0.0
  0
LINE
  5
317
330
17
100
AcDbEntity
  8
Madeira
 62
126
370
18
100
AcDbLine
 10
2087.43218969513
 20
10140.40750107214
 30
0.0
 11
2080.4258717410717
 21
10134.65727705514
 31
0.0
  0
LINE
  5
318
330
17
100
AcDbEntity
  8
Madeira
 62
126
370
18
100
AcDbLine
 10
2087.43218969513
 20
10140.40750107214
 30
0.0
 11
2080.4302812813576
 21
10138.673254606276
 31
0.0
  0
LINE
  5
319
330
17
100
AcDbEntity
  8
Madeira
 62
126
370
18
100
AcDbLine
 10
2087.43218969513
 20
10140.40750107214
 30
0.0
 11
2081.9895477211
 21
10126.41346866392
 31
0.0
  0
LWPOLYLINE
  5
31A
330
17
100
AcDbEntity
  8
Painéis
 62
200
370
25
100
AcDbPolyline
 90
4
 70
1
 10
2799.467018840398
 20
9685.736568577144
 10
2717.467018840398
 20
9685.736568577171
 10
2717.467018840398
 20
9683.736568577173
 10
2799.467018840398
 20
9683.736568577142
  0
LWPOLYLINE
  5
31B
330
17
100
AcDbEntity
  8
SARRAFO
 62
251
370
25
100
AcDbPolyline
 90
4
 70
1
 10
1975.916752968391
 20
10117.99973183647
 10
1989.916752954246
 20
10117.99973183659
 10
1989.916752954246
 20
10122.39973183091
 10
1975.916752968391
 20
10122.39973183091
  0
LWPOLYLINE
  5
31C
330
17
100
AcDbEntity
  8
SARRAFO
 62
251
370
25
100
AcDbPolyline
 90
4
 70
1
 10
2139.916752924211
 20
10072.79973187517
 10
2125.916752938356
 20
10072.79973187511
 10
2125.916752938356
 20
10068.39973188079
 10
2139.916752924211
 20
10068.39973188079
  0
LWPOLYLINE
  5
31D
330
17
100
AcDbEntity
  8
SARRAFO
 62
251
370
25
100
AcDbPolyline
 90
4
 70
1
 10
2139.916752924211
 20
10117.99973183647
 10
2125.916752938356
 20
10117.99973183659
 10
2125.916752938356
 20
10122.39973183091
 10
2139.916752924211
 20
10122.39973183091
  0
LWPOLYLINE
  5
31E
330
17
100
AcDbEntity
  8
SARRAFO
 62
251
370
25
100
AcDbPolyline
 90
4
 70
1
 10
1975.916752968391
 20
10072.79973187517
 10
1989.916752954246
 20
10072.79973187511
 10
1989.916752954246
 20
10068.39973188079
 10
1975.916752968391
 20
10068.39973188079
  0
LWPOLYLINE
  5
31F
330
17
100
AcDbEntity
  8
Perfil Metálico
 62
224
370
18
100
AcDbPolyline
 90
4
 70
1
 10
2175.916752892401
 20
10144.39973186193
 10
2175.916752892401
 20
10156.39973184889
 10
1939.916753000638
 20
10156.39973184889
 10
1939.916753000638
 20
10144.39973186193
  0
LWPOLYLINE
  5
320
330
17
100
AcDbEntity
  8
Perfil Metálico
 62
224
370
18
100
AcDbPolyline
 90
4
 70
1
 10
1939.916753000638
 20
10160.39973184459
 10
1939.916753000638
 20
10140.39973186618
 10
2175.916752892401
 20
10140.39973186618
 10
2175.916752892401
 20
10160.39973184459
  0
LWPOLYLINE
  5
321
330
17
100
AcDbEntity
  8
Perfil Metálico
 62
224
370
18
100
AcDbPolyline
 90
4
 70
1
 10
2175.916752892401
 20
10046.39973190512
 10
2175.916752892401
 20
10034.39973191816
 10
1939.916753000638
 20
10034.39973191816
 10
1939.916753000638
 20
10046.39973190512
  0
LWPOLYLINE
  5
322
330
17
100
AcDbEntity
  8
Perfil Metálico
 62
224
370
18
100
AcDbPolyline
 90
4
 70
1
 10
1939.916753000638
 20
10030.39973192247
 10
1939.916753000638
 20
10050.39973190087
 10
2175.916752892401
 20
10050.39973190087
 10
2175.916752892401
 20
10030.39973192247
  0
LWPOLYLINE
  5
323
330
17
100
AcDbEntity
  8
Madeira
 62
126
370
18
100
AcDbPolyline
 90
4
 70
1
 10
2139.932124904822
 20
10050.38811958024
 10
2139.916752924735
 20
10064.38811119108
 10
1975.923741808598
 20
10064.38811119106
 10
1975.939113788685
 20
10050.38811958021
  0
LWPOLYLINE
  5
324
330
17
100
AcDbEntity
  8
Madeira
 62
126
370
18
100
AcDbPolyline
 90
4
 70
1
 10
2139.932124904822
 20
10140.41134413147
 10
2139.916752924735
 20
10126.41135252062
 10
1975.923741808598
 20
10126.41135252065
 10
1975.939113788685
 20
10140.41134413149
  0
LWPOLYLINE
  5
325
330
17
100
AcDbEntity
  8
CHAPA
 62
1
370
25
100
AcDbPolyline
 90
4
 70
1
 10
1975.916752968856
 20
10068.39973193615
 10
1975.916752968856
 20
10064.39973193615
 10
2139.916752924211
 20
10064.39973193615
 10
2139.916752924211
 20
10068.39973193615
  0
LWPOLYLINE
  5
326
330
17
100
AcDbEntity
  8
CHAPA
 62
1
370
25
100
AcDbPolyline
 90
4
 70
1
 10
1975.916752968856
 20
10122.39973177555
 10
1975.916752968856
 20
10126.39973177555
 10
2139.916752924211
 20
10126.39973177555
 10
2139.916752924211
 20
10122.39973177555
  0
LWPOLYLINE
  5
327
330
17
100
AcDbEntity
  8
CHAPA
 62
1
370
25
100
AcDbPolyline
 90
4
 70
1
 10
2121.516752948664
 20
10122.39973177555
 10
2117.916752948659
 20
10122.39973177555
 10
2117.916752948659
 20
10068.39973193615
 10
2121.516752948664
 20
10068.39973193615
  0
LWPOLYLINE
  5
328
330
17
100
AcDbEntity
  8
CHAPA
 62
1
370
25
100
AcDbPolyline
 90
4
 70
1
 10
1997.916752948658
 20
10122.39973177561
 10
1994.316752948653
 20
10122.39973177561
 10
1994.316752948653
 20
10068.39973193621
 10
1997.916752948658
 20
10068.39973193621
  0
LWPOLYLINE
  5
329
330
17
100
AcDbEntity
  8
CHAPA
 62
1
370
25
100
AcDbPolyline
 90
4
 70
1
 10
1975.916752968856
 20
10068.39973193615
 10
1975.916752968856
 20
10064.39973193615
 10
2139.916752924211
 20
10064.39973193615
 10
2139.916752924211
 20
10068.39973193615
  0
LWPOLYLINE
  5
32A
330
17
100
AcDbEntity
  8
CHAPA
 62
1
370
25
100
AcDbPolyline
 90
4
 70
1
 10
1975.916752968856
 20
10122.39973177555
 10
1975.916752968856
 20
10126.39973177555
 10
2139.916752924211
 20
10126.39973177555
 10
2139.916752924211
 20
10122.39973177555
  0
LWPOLYLINE
  5
32B
330
17
100
AcDbEntity
  8
CHAPA
 62
1
370
25
100
AcDbPolyline
 90
4
 70
1
 10
2121.516752948664
 20
10122.39973177555
 10
2117.916752948659
 20
10122.39973177555
 10
2117.916752948659
 20
10068.39973193615
 10
2121.516752948664
 20
10068.39973193615
  0
LWPOLYLINE
  5
32C
330
17
100
AcDbEntity
  8
CHAPA
 62
1
370
25
100
AcDbPolyline
 90
4
 70
1
 10
1997.916752948658
 20
10122.39973177561
 10
1994.316752948653
 20
10122.39973177561
 10
1994.316752948653
 20
10068.39973193621
 10
1997.916752948658
 20
10068.39973193621
  0
LWPOLYLINE
  5
32D
330
17
100
AcDbEntity
  8
SARRAFO
 62
251
370
25
100
AcDbPolyline
 90
4
 70
1
 10
2121.51675294395
 20
10082.39973203268
 10
2121.516752944037
 20
10068.39973204683
 10
2125.916752938356
 20
10068.39973204683
 10
2125.916752938356
 20
10082.39973203268
  0
LWPOLYLINE
  5
32E
330
17
100
AcDbEntity
  8
SARRAFO
 62
251
370
25
100
AcDbPolyline
 90
4
 70
1
 10
1989.916752954246
 20
10082.39973203274
 10
1989.916752954334
 20
10068.39973204689
 10
1994.316752948653
 20
10068.39973204689
 10
1994.316752948653
 20
10082.39973203274
  0
LWPOLYLINE
  5
32F
330
17
100
AcDbEntity
  8
SARRAFO
 62
251
370
25
100
AcDbPolyline
 90
4
 70
1
 10
2121.51675294395
 20
10108.39973167902
 10
2121.516752944037
 20
10122.39973166487
 10
2125.916752938356
 20
10122.39973166487
 10
2125.916752938356
 20
10108.39973167902
  0
LWPOLYLINE
  5
330
330
17
100
AcDbEntity
  8
SARRAFO
 62
251
370
25
100
AcDbPolyline
 90
4
 70
1
 10
1989.916752954246
 20
10108.39973167896
 10
1989.916752954334
 20
10122.39973166481
 10
1994.316752948653
 20
10122.39973166481
 10
1994.316752948653
 20
10108.39973167896
  0
LWPOLYLINE
  5
331
330
17
100
AcDbEntity
  8
Painéis
 62
200
370
25
100
AcDbPolyline
 90
4
 70
1
 10
2117.916752948659
 20
10068.39973193615
 10
2117.916752948659
 20
10122.39973177555
 10
1997.916752948658
 20
10122.39973177555
 10
1997.916752948658
 20
10068.39973193615
  0
LWPOLYLINE
  5
332
330
17
100
AcDbEntity
  8
Painéis
 62
200
370
25
100
AcDbPolyline
 90
4
 70
1
 10
2923.89243324619
 20
9685.736568577144
 10
2950.89243324619
 20
9685.736568577144
 10
2950.89243324619
 20
9683.736568577142
 10
2923.89243324619
 20
9683.736568577142
  0
LWPOLYLINE
  5
333
330
17
100
AcDbEntity
  8
Painéis
 62
200
370
25
100
AcDbPolyline
 90
4
 70
1
 10
3087.676124452177
 20
9685.736568577144
 10
3114.676124452177
 20
9685.736568577144
 10
3114.676124452177
 20
9683.736568577142
 10
3087.676124452177
 20
9683.736568577142
  0
LWPOLYLINE
  5
334
330
17
100
AcDbEntity
  8
Painéis
 62
200
370
25
100
AcDbPolyline
 90
4
 70
1
 10
2573.554935387949
 20
9685.736568577144
 10
2491.554935387949
 20
9685.736568577171
 10
2491.554935387949
 20
9683.736568577173
 10
2573.554935387949
 20
9683.736568577142
  0
LWPOLYLINE
  5
335
330
17
100
AcDbEntity
  8
COTA
 62
241
370
25
100
AcDbPolyline
 90
4
 70
0
 10
2950.89243324619
 20
9932.736568577147
 10
2950.89243324619
 20
10006.73656857714
 10
2923.89243324619
 20
10006.73656857714
 10
2923.89243324619
 20
9932.736568577147
  0
LWPOLYLINE
  5
336
330
17
100
AcDbEntity
  8
COTA
 62
241
370
25
100
AcDbPolyline
 90
4
 70
0
 10
3114.676124452177
 20
9932.736568577147
 10
3114.676124452177
 20
10006.73656857714
 10
3087.676124452177
 20
10006.73656857714
 10
3087.676124452177
 20
9932.736568577147
  0
LWPOLYLINE
  5
337
330
17
100
AcDbEntity
  8
Madeira
 62
126
370
18
100
AcDbPolyline
 90
4
 70
1
 10
2125.932133343479
 20
10050.3843683953
 10
2125.91676136343
 20
10064.384359956091
 10
2139.9167529242213
 20
10064.39973193614
 10
2139.9321249042705
 20
10050.39974037535
  0
LWPOLYLINE
  5
338
330
17
100
AcDbEntity
  8
Madeira
 62
126
370
18
100
AcDbPolyline
 90
4
 70
1
 10
1989.939105349447
 20
10050.40349158529
 10
1989.9237333693977
 20
10064.403483146081
 10
1975.9237418086063
 20
10064.388111166032
 10
1975.9391137886555
 20
10050.38811960524
  0
LWPOLYLINE
  5
339
330
17
100
AcDbEntity
  8
Madeira
 62
126
370
18
100
AcDbPolyline
 90
4
 70
1
 10
2035.432222855801
 20
10050.39196263956
 10
2028.4322270825357
 20
10050.384276649544
 10
2028.4168551025023
 20
10064.384268196074
 10
2035.4168508757673
 20
10064.39195418609
  0
LWPOLYLINE
  5
33A
330
17
100
AcDbEntity
  8
Madeira
 62
126
370
18
100
AcDbPolyline
 90
4
 70
1
 10
2087.43218969513
 20
10050.39196263956
 10
2080.432193921865
 20
10050.384276649544
 10
2080.416821941831
 20
10064.384268196074
 10
2087.4168177150964
 20
10064.39195418609
  0
LWPOLYLINE
  5
33B
330
17
100
AcDbEntity
  8
Madeira
 62
126
370
18
100
AcDbPolyline
 90
4
 70
1
 10
2125.932133343479
 20
10140.4150953164
 10
2125.91676136343
 20
10126.41510375561
 10
2139.9167529242213
 20
10126.39973177556
 10
2139.9321249042705
 20
10140.399723336352
  0
LWPOLYLINE
  5
33C
330
17
100
AcDbEntity
  8
Madeira
 62
126
370
18
100
AcDbPolyline
 90
4
 70
1
 10
1989.939105349447
 20
10140.39597212641
 10
1989.9237333693977
 20
10126.395980565618
 10
1975.9237418086063
 20
10126.411352545667
 10
1975.9391137886555
 20
10140.411344106458
  0
LWPOLYLINE
  5
33D
330
17
100
AcDbEntity
  8
Madeira
 62
126
370
18
100
AcDbPolyline
 90
4
 70
1
 10
2035.432222855801
 20
10140.40750107214
 10
2028.4322270825357
 20
10140.415187062157
 10
2028.4168551025023
 20
10126.415195515627
 10
2035.4168508757673
 20
10126.40750952561
  0
LWPOLYLINE
  5
33E
330
17
100
AcDbEntity
  8
Madeira
 62
126
370
18
100
AcDbPolyline
 90
4
 70
1
 10
2087.43218969513
 20
10140.40750107214
 10
2080.432193921865
 20
10140.415187062157
 10
2080.416821941831
 20
10126.415195515627
 10
2087.4168177150964
 20
10126.40750952561
  0
TEXT
  5
33F
330
17
100
AcDbEntity
  8
Texto Seção
 62
7
370
15
100
AcDbText
 10
2486.369188747587
 20
9700.565164203317
 30
0.0
 40
13.0
  1
P8.A
 50
90.0
100
AcDbText
  0
TEXT
  5
340
330
17
100
AcDbEntity
  8
TEXTO_GERAL
 62
7
370
25
100
AcDbText
 10
2064.561513011188
 20
10081.49419635897
 30
0.0
 40
10.99999999889889
  1
A
100
AcDbText
  0
TEXT
  5
341
330
17
100
AcDbEntity
  8
TEXTO_GERAL
 62
7
370
25
100
AcDbText
 10
2111.897362354255
 20
10105.35075960775
 30
0.0
 40
10.99999999889889
  1
D
100
AcDbText
  0
TEXT
  5
342
330
17
100
AcDbEntity
  8
TEXTO_GERAL
 62
7
370
25
100
AcDbText
 10
2003.657571126216
 20
10107.66867515051
 30
0.0
 40
10.99999999889889
  1
C
100
AcDbText
  0
TEXT
  5
343
330
17
100
AcDbEntity
  8
TEXTO_GERAL
 62
7
370
25
100
AcDbText
 10
2066.020799785478
 20
10117.23065976139
 30
0.0
 40
10.99999999889889
  1
B
100
AcDbText
  0
TEXT
  5
344
330
17
100
AcDbEntity
  8
Texto Seção
 62
7
370
15
100
AcDbText
 10
2915.741331875965
 20
9695.026142155359
 30
0.0
 40
13.0
  1
P8.C
 50
90.0
100
AcDbText
  0
TEXT
  5
345
330
17
100
AcDbEntity
  8
Texto Seção
 62
7
370
15
100
AcDbText
 10
3079.525023081951
 20
9695.026142155359
 30
0.0
 40
13.0
  1
P8.D
 50
90.0
100
AcDbText
  0
TEXT
  5
346
330
17
100
AcDbEntity
  8
Texto Seção
 62
7
370
15
100
AcDbText
 10
2706.857376962102
 20
9700.565164203317
 30
0.0
 40
13.0
  1
P8.B
 50
90.0
100
AcDbText
  0
TEXT
  5
347
330
17
100
AcDbEntity
  8
NOMENCLATURA
 62
2
370
25
100
AcDbText
 10
3025.179787976158
 20
10324.24725535965
 30
0.0
 40
16.0
  1
2° PAVIMENTO - PD: 3.23
100
AcDbText
  0
TEXT
  5
348
330
17
100
AcDbEntity
  8
NIVEL 2° PAV.
 62
240
370
25
100
AcDbText
 10
2349.974837638491
 20
9845.236568577144
 30
0.0
 40
10.0
  1
323
 50
90.0
100
AcDbText
  0
TEXT
  5
349
330
17
100
AcDbEntity
  8
COTA
 62
240
370
25
100
AcDbText
 10
2758.467018840398
 20
9649.219612636922
 30
0.0
 40
10.0
  1
82
100
AcDbText
  0
TEXT
  5
34A
330
17
100
AcDbEntity
  8
COTA
 62
240
370
25
100
AcDbText
 10
2808.332515916422
 20
9673.299572028453
 30
0.0
 40
10.0
  1
7
100
AcDbText
  0
TEXT
  5
34B
330
17
100
AcDbEntity
  8
COTA
 62
240
370
25
100
AcDbText
 10
2708.601521764375
 20
9673.299572028483
 30
0.0
 40
10.0
  1
7
100
AcDbText
  0
TEXT
  5
34C
330
17
100
AcDbEntity
  8
COTA
 62
240
370
25
100
AcDbText
 10
2830.725217051302
 20
9698.48346447008
 30
0.0
 40
10.0
  1
2
 50
90.0
100
AcDbText
  0
TEXT
  5
34D
330
17
100
AcDbEntity
  8
COTA
 62
240
370
25
100
AcDbText
 10
2849.198312899751
 20
9870.236568577144
 30
0.0
 40
10.0
  1
125
 50
90.0
100
AcDbText
  0
TEXT
  5
34E
330
17
100
AcDbEntity
  8
COTA
 62
240
370
25
100
AcDbText
 10
2849.234862607357
 20
9745.736568577144
 30
0.0
 40
10.0
  1
124
 50
90.0
100
AcDbText
  0
TEXT
  5
34F
330
17
100
AcDbEntity
  8
COTA
 62
1
370
25
100
AcDbText
 10
2043.365074543195
 20
10112.35415567891
 30
0.0
 40
7.0
  1
60
100
AcDbText
  0
TEXT
  5
350
330
17
100
AcDbEntity
  8
COTA
 62
241
370
25
100
AcDbText
 10
2057.916752946534
 20
10219.90177768858
 30
0.0
 40
10.0
  1
82
100
AcDbText
  0
TEXT
  5
351
330
17
100
AcDbEntity
  8
COTA
 62
241
370
25
100
AcDbText
 10
2114.916752935416
 20
10196.19819875315
 30
0.0
 40
10.0
  1
41
100
AcDbText
  0
TEXT
  5
352
330
17
100
AcDbEntity
  8
COTA
 62
241
370
25
100
AcDbText
 10
2000.91675295771
 20
10196.19819875312
 30
0.0
 40
10.0
  1
41
100
AcDbText
  0
TEXT
  5
353
330
17
100
AcDbEntity
  8
COTA
 62
1
370
25
100
AcDbText
 10
2115.419067350798
 20
10088.24723151152
 30
0.0
 40
7.0
  1
27
 50
90.0
100
AcDbText
  0
TEXT
  5
354
330
17
100
AcDbEntity
  8
COTA
 62
241
370
25
100
AcDbText
 10
2057.916752946534
 20
9999.05911233251
 30
0.0
 40
10.0
  1
82(GRADE)
100
AcDbText
  0
TEXT
  5
355
330
17
100
AcDbEntity
  8
COTA
 62
241
370
25
100
AcDbText
 10
2003.935640086245
 20
10022.86613579617
 30
0.0
 40
10.0
  1
28
100
AcDbText
  0
TEXT
  5
356
330
17
100
AcDbEntity
  8
COTA
 62
241
370
25
100
AcDbText
 10
2057.93212875994
 20
10022.87344573836
 30
0.0
 40
10.0
  1
26
100
AcDbText
  0
TEXT
  5
357
330
17
100
AcDbEntity
  8
COTA
 62
241
370
25
100
AcDbText
 10
2111.932108026362
 20
10022.86613579672
 30
0.0
 40
10.0
  1
28
100
AcDbText
  0
TEXT
  5
358
330
17
100
AcDbEntity
  8
COTA
 62
240
370
25
100
AcDbText
 10
2937.39243324619
 20
9661.91545634618
 30
0.0
 40
10.0
  1
27
100
AcDbText
  0
TEXT
  5
359
330
17
100
AcDbEntity
  8
COTA
 62
240
370
25
100
AcDbText
 10
2981.799850914511
 20
9684.736568577115
 30
0.0
 40
10.0
  1
2
 50
90.0
100
AcDbText
  0
TEXT
  5
35A
330
17
100
AcDbEntity
  8
COTA
 62
240
370
25
100
AcDbText
 10
3003.15904616917
 20
9809.236568577144
 30
0.0
 40
10.0
  1
247
 50
90.0
100
AcDbText
  0
TEXT
  5
35B
330
17
100
AcDbEntity
  8
COTA
 62
240
370
25
100
AcDbText
 10
3101.176124452177
 20
9661.91545634618
 30
0.0
 40
10.0
  1
27
100
AcDbText
  0
TEXT
  5
35C
330
17
100
AcDbEntity
  8
COTA
 62
240
370
25
100
AcDbText
 10
3145.583542120498
 20
9684.736568577115
 30
0.0
 40
10.0
  1
2
 50
90.0
100
AcDbText
  0
TEXT
  5
35D
330
17
100
AcDbEntity
  8
COTA
 62
240
370
25
100
AcDbText
 10
3166.942737375164
 20
9809.236568577144
 30
0.0
 40
10.0
  1
247
 50
90.0
100
AcDbText
  0
TEXT
  5
35E
330
17
100
AcDbEntity
  8
COTA
 62
240
370
25
100
AcDbText
 10
2980.206276902697
 20
9871.736568577144
 30
0.0
 40
10.0
  1
122
 50
90.0
100
AcDbText
  0
TEXT
  5
35F
330
17
100
AcDbEntity
  8
COTA
 62
240
370
25
100
AcDbText
 10
2980.155107312035
 20
9748.236568577144
 30
0.0
 40
10.0
  1
125
 50
90.0
100
AcDbText
  0
TEXT
  5
360
330
17
100
AcDbEntity
  8
COTA
 62
240
370
25
100
AcDbText
 10
3143.989968108699
 20
9871.736568577146
 30
0.0
 40
10.0
  1
122
 50
90.0
100
AcDbText
  0
TEXT
  5
361
330
17
100
AcDbEntity
  8
COTA
 62
240
370
25
100
AcDbText
 10
3143.93879851807
 20
9748.236568577146
 30
0.0
 40
10.0
  1
125
 50
90.0
100
AcDbText
  0
TEXT
  5
362
330
17
100
AcDbEntity
  8
COTA
 62
240
370
25
100
AcDbText
 10
2532.554935387949
 20
9649.219612636922
 30
0.0
 40
10.0
  1
82
100
AcDbText
  0
TEXT
  5
363
330
17
100
AcDbEntity
  8
COTA
 62
240
370
25
100
AcDbText
 10
2582.420432463973
 20
9673.299572028453
 30
0.0
 40
10.0
  1
7
100
AcDbText
  0
TEXT
  5
364
330
17
100
AcDbEntity
  8
COTA
 62
240
370
25
100
AcDbText
 10
2482.689438311926
 20
9673.299572028483
 30
0.0
 40
10.0
  1
7
100
AcDbText
  0
TEXT
  5
365
330
17
100
AcDbEntity
  8
COTA
 62
240
370
25
100
AcDbText
 10
2604.813133598853
 20
9698.48346447008
 30
0.0
 40
10.0
  1
2
 50
90.0
100
AcDbText
  0
TEXT
  5
366
330
17
100
AcDbEntity
  8
COTA
 62
240
370
25
100
AcDbText
 10
2623.286229447229
 20
9870.236568577144
 30
0.0
 40
10.0
  1
125
 50
90.0
100
AcDbText
  0
TEXT
  5
367
330
17
100
AcDbEntity
  8
COTA
 62
240
370
25
100
AcDbText
 10
2623.322779154835
 20
9745.736568577144
 30
0.0
 40
10.0
  1
124
 50
90.0
100
AcDbText
  0
TEXT
  5
368
330
17
100
AcDbEntity
  8
COTA
 62
240
370
25
100
AcDbText
 10
3002.400601198443
 20
9969.73656857714
 30
0.0
 40
10.0
  1
74
 50
90.0
100
AcDbText
  0
TEXT
  5
369
330
17
100
AcDbEntity
  8
COTA
 62
240
370
25
100
AcDbText
 10
3166.184292404437
 20
9969.73656857714
 30
0.0
 40
10.0
  1
74
 50
90.0
100
AcDbText
  0
TEXT
  5
36A
330
17
100
AcDbEntity
  8
COTA
 62
240
370
25
100
AcDbText
 10
2623.322779154876
 20
9969.736568577147
 30
0.0
 40
10.0
  1
74
 50
90.0
100
AcDbText
  0
TEXT
  5
36B
330
17
100
AcDbEntity
  8
COTA
 62
240
370
25
100
AcDbText
 10
2849.234862607341
 20
9969.736568577146
 30
0.0
 40
10.0
  1
74
 50
90.0
100
AcDbText
  0
TEXT
  5
36C
330
17
100
AcDbEntity
  8
Texto Seção
 62
3
370
15
100
AcDbText
 10
2054.916752946534
 20
10300.902198270263
 30
0.0
 40
17.0
  1

100
AcDbText
  0
TEXT
  5
36D
330
17
100
AcDbEntity
  8
Texto Seção
 62
3
370
15
100
AcDbText
 10
2054.916752946534
 20
10271.001613625942
 30
0.0
 40
12.0
  1

100
AcDbText
  0
TEXT
  5
36E
330
17
100
AcDbEntity
  8
Texto Seção
 62
7
370
15
100
AcDbText
 10
2054.916752946534
 20
10245.030184737456
 30
0.0
 40
10.0
  1

100
AcDbText
  0
HATCH
  5
36F
330
17
100
AcDbEntity
  8
Hachura
 62
7
100
AcDbHatch
 10
0.0
 20
0.0
 30
0.0
210
0.0
220
0.0
230
1.0
  2
ANSI31
 70
0
 71
0
 91
1
 92
3
 72
0
 73
1
 93
5
 10
1989.916752954246
 20
10068.39973188079
 10
1989.916752954246
 20
10072.79973187511
 10
1975.916752968391
 20
10072.7997318752
 10
1975.916752968391
 20
10068.39973188076
 10
1989.916752954246
 20
10068.39973188079
 97
0
 75
1
 76
1
 52
0.0
 41
1.0
 77
0
 78
1
 53
45.0
 43
0.0
 44
0.0
 45
-2.2450640303
 46
2.2450640303
 79
0
 98
0
  0
HATCH
  5
370
330
17
100
AcDbEntity
  8
Hachura
 62
7
100
AcDbHatch
 10
0.0
 20
0.0
 30
0.0
210
0.0
220
0.0
230
1.0
  2
ANSI31
 70
0
 71
0
 91
1
 92
3
 72
0
 73
1
 93
5
 10
1989.916752954246
 20
10122.39973183091
 10
1989.916752954246
 20
10117.99973183659
 10
1975.916752968391
 20
10117.9997318365
 10
1975.916752968391
 20
10122.39973183088
 10
1989.916752954246
 20
10122.39973183091
 97
0
 75
1
 76
1
 52
0.0
 41
1.0
 77
0
 78
1
 53
45.0
 43
0.0
 44
0.0
 45
-2.2450640303
 46
2.2450640303
 79
0
 98
0
  0
HATCH
  5
371
330
17
100
AcDbEntity
  8
Hachura
 62
7
100
AcDbHatch
 10
0.0
 20
0.0
 30
0.0
210
0.0
220
0.0
230
1.0
  2
ANSI31
 70
0
 71
0
 91
1
 92
3
 72
0
 73
1
 93
5
 10
2125.916752938356
 20
10068.39973188079
 10
2125.916752938356
 20
10072.79973187511
 10
2139.916752924211
 20
10072.7997318752
 10
2139.916752924211
 20
10068.39973188076
 10
2125.916752938356
 20
10068.39973188079
 97
0
 75
1
 76
1
 52
0.0
 41
1.0
 77
0
 78
1
 53
45.0
 43
0.0
 44
0.0
 45
-2.2450640303
 46
2.2450640303
 79
0
 98
0
  0
HATCH
  5
372
330
17
100
AcDbEntity
  8
Hachura
 62
7
100
AcDbHatch
 10
0.0
 20
0.0
 30
0.0
210
0.0
220
0.0
230
1.0
  2
SOLID
 70
1
 71
0
 91
1
 92
3
 72
0
 73
1
 93
5
 10
1975.916752968856
 20
10068.39973193615
 10
1975.916752968856
 20
10064.39973193615
 10
2139.916752924211
 20
10064.39973193615
 10
2139.916752924211
 20
10068.39973193615
 10
1975.916752968856
 20
10068.39973193615
 97
0
 75
1
 76
1
 98
0
  0
HATCH
  5
373
330
17
100
AcDbEntity
  8
Hachura
 62
7
100
AcDbHatch
 10
0.0
 20
0.0
 30
0.0
210
0.0
220
0.0
230
1.0
  2
SOLID
 70
1
 71
0
 91
1
 92
3
 72
0
 73
1
 93
5
 10
1975.916752968856
 20
10122.39973177555
 10
1975.916752968856
 20
10126.39973177555
 10
2139.916752924211
 20
10126.39973177555
 10
2139.916752924211
 20
10122.39973177555
 10
1975.916752968856
 20
10122.39973177555
 97
0
 75
1
 76
1
 98
0
  0
HATCH
  5
374
330
17
100
AcDbEntity
  8
Hachura
 62
7
100
AcDbHatch
 10
0.0
 20
0.0
 30
0.0
210
0.0
220
0.0
230
1.0
  2
SOLID
 70
1
 71
0
 91
1
 92
3
 72
0
 73
1
 93
5
 10
2121.516752948664
 20
10122.39973177555
 10
2117.916752948659
 20
10122.39973177555
 10
2117.916752948659
 20
10068.39973193615
 10
2121.516752948664
 20
10068.39973193615
 10
2121.516752948664
 20
10122.39973177555
 97
0
 75
1
 76
1
 98
0
  0
HATCH
  5
375
330
17
100
AcDbEntity
  8
Hachura
 62
7
100
AcDbHatch
 10
0.0
 20
0.0
 30
0.0
210
0.0
220
0.0
230
1.0
  2
SOLID
 70
1
 71
0
 91
1
 92
3
 72
0
 73
1
 93
5
 10
1997.916752948658
 20
10122.39973177561
 10
1994.316752948653
 20
10122.39973177561
 10
1994.316752948653
 20
10068.39973193621
 10
1997.916752948658
 20
10068.39973193621
 10
1997.916752948658
 20
10122.39973177561
 97
0
 75
1
 76
1
 98
0
  0
HATCH
  5
376
330
17
100
AcDbEntity
  8
Hachura
 62
7
100
AcDbHatch
 10
0.0
 20
0.0
 30
0.0
210
0.0
220
0.0
230
1.0
  2
ANSI31
 70
0
 71
0
 91
1
 92
3
 72
0
 73
1
 93
5
 10
2125.916752938356
 20
10122.39973183091
 10
2125.916752938356
 20
10117.99973183659
 10
2139.916752924211
 20
10117.9997318365
 10
2139.916752924211
 20
10122.39973183088
 10
2125.916752938356
 20
10122.39973183091
 97
0
 75
1
 76
1
 52
0.0
 41
1.0
 77
0
 78
1
 53
45.0
 43
0.0
 44
0.0
 45
-2.2450640303
 46
2.2450640303
 79
0
 98
0
  0
HATCH
  5
377
330
17
100
AcDbEntity
  8
Hachura
 62
7
100
AcDbHatch
 10
0.0
 20
0.0
 30
0.0
210
0.0
220
0.0
230
1.0
  2
SOLID
 70
1
 71
0
 91
1
 92
3
 72
0
 73
1
 93
5
 10
1975.916752968856
 20
10068.39973193615
 10
1975.916752968856
 20
10064.39973193615
 10
2139.916752924211
 20
10064.39973193615
 10
2139.916752924211
 20
10068.39973193615
 10
1975.916752968856
 20
10068.39973193615
 97
0
 75
1
 76
1
 98
0
  0
HATCH
  5
378
330
17
100
AcDbEntity
  8
Hachura
 62
7
100
AcDbHatch
 10
0.0
 20
0.0
 30
0.0
210
0.0
220
0.0
230
1.0
  2
SOLID
 70
1
 71
0
 91
1
 92
3
 72
0
 73
1
 93
5
 10
1975.916752968856
 20
10122.39973177555
 10
1975.916752968856
 20
10126.39973177555
 10
2139.916752924211
 20
10126.39973177555
 10
2139.916752924211
 20
10122.39973177555
 10
1975.916752968856
 20
10122.39973177555
 97
0
 75
1
 76
1
 98
0
  0
HATCH
  5
379
330
17
100
AcDbEntity
  8
Hachura
 62
7
100
AcDbHatch
 10
0.0
 20
0.0
 30
0.0
210
0.0
220
0.0
230
1.0
  2
SOLID
 70
1
 71
0
 91
1
 92
3
 72
0
 73
1
 93
5
 10
2121.516752948664
 20
10122.39973177555
 10
2117.916752948659
 20
10122.39973177555
 10
2117.916752948659
 20
10068.39973193615
 10
2121.516752948664
 20
10068.39973193615
 10
2121.516752948664
 20
10122.39973177555
 97
0
 75
1
 76
1
 98
0
  0
HATCH
  5
37A
330
17
100
AcDbEntity
  8
Hachura
 62
7
100
AcDbHatch
 10
0.0
 20
0.0
 30
0.0
210
0.0
220
0.0
230
1.0
  2
SOLID
 70
1
 71
0
 91
1
 92
3
 72
0
 73
1
 93
5
 10
1997.916752948658
 20
10122.39973177561
 10
1994.316752948653
 20
10122.39973177561
 10
1994.316752948653
 20
10068.39973193621
 10
1997.916752948658
 20
10068.39973193621
 10
1997.916752948658
 20
10122.39973177561
 97
0
 75
1
 76
1
 98
0
  0
HATCH
  5
37B
330
17
100
AcDbEntity
  8
Hachura
 62
7
100
AcDbHatch
 10
0.0
 20
0.0
 30
0.0
210
0.0
220
0.0
230
1.0
  2
ANSI31
 70
0
 71
0
 91
1
 92
3
 72
0
 73
1
 93
5
 10
2125.916752938356
 20
10068.39973204683
 10
2121.516752944037
 20
10068.39973204683
 10
2121.51675294395
 20
10082.39973203268
 10
2125.916752938356
 20
10082.39973203268
 10
2125.916752938356
 20
10068.39973204683
 97
0
 75
1
 76
1
 52
0.0
 41
1.0
 77
0
 78
1
 53
45.0
 43
0.0
 44
0.0
 45
-2.2450640303
 46
2.2450640303
 79
0
 98
0
  0
HATCH
  5
37C
330
17
100
AcDbEntity
  8
Hachura
 62
7
100
AcDbHatch
 10
0.0
 20
0.0
 30
0.0
210
0.0
220
0.0
230
1.0
  2
ANSI31
 70
0
 71
0
 91
1
 92
3
 72
0
 73
1
 93
5
 10
1994.316752948653
 20
10068.39973204689
 10
1989.916752954334
 20
10068.39973204689
 10
1989.916752954246
 20
10082.39973203274
 10
1994.316752948653
 20
10082.39973203274
 10
1994.316752948653
 20
10068.39973204689
 97
0
 75
1
 76
1
 52
0.0
 41
1.0
 77
0
 78
1
 53
45.0
 43
0.0
 44
0.0
 45
-2.2450640303
 46
2.2450640303
 79
0
 98
0
  0
HATCH
  5
37D
330
17
100
AcDbEntity
  8
Hachura
 62
7
100
AcDbHatch
 10
0.0
 20
0.0
 30
0.0
210
0.0
220
0.0
230
1.0
  2
ANSI31
 70
0
 71
0
 91
1
 92
3
 72
0
 73
1
 93
5
 10
2125.916752938356
 20
10122.39973166487
 10
2121.516752944037
 20
10122.39973166487
 10
2121.51675294395
 20
10108.39973167902
 10
2125.916752938356
 20
10108.39973167902
 10
2125.916752938356
 20
10122.39973166487
 97
0
 75
1
 76
1
 52
0.0
 41
1.0
 77
0
 78
1
 53
45.0
 43
0.0
 44
0.0
 45
-2.2450640303
 46
2.2450640303
 79
0
 98
0
  0
HATCH
  5
37E
330
17
100
AcDbEntity
  8
Hachura
 62
7
100
AcDbHatch
 10
0.0
 20
0.0
 30
0.0
210
0.0
220
0.0
230
1.0
  2
ANSI31
 70
0
 71
0
 91
1
 92
3
 72
0
 73
1
 93
5
 10
1994.316752948653
 20
10122.39973166481
 10
1989.916752954334
 20
10122.39973166481
 10
1989.916752954246
 20
10108.39973167896
 10
1994.316752948653
 20
10108.39973167896
 10
1994.316752948653
 20
10122.39973166481
 97
0
 75
1
 76
1
 52
0.0
 41
1.0
 77
0
 78
1
 53
45.0
 43
0.0
 44
0.0
 45
-2.2450640303
 46
2.2450640303
 79
0
 98
0
  0
HATCH
  5
37F
330
17
100
AcDbEntity
  8
COTA
 62
7
100
AcDbHatch
 10
0.0
 20
0.0
 30
0.0
210
0.0
220
0.0
230
1.0
  2
AR-CONC
 70
0
 71
0
 91
1
 92
3
 72
0
 73
1
 93
5
 10
2491.554935387987
 20
10006.73656857715
 10
2491.554935387949
 20
9932.73656857714
 10
2573.55493538784
 20
9932.736568577146
 10
2573.554935387689
 20
10006.73656857714
 10
2491.554935387987
 20
10006.73656857715
 97
0
 75
1
 76
1
 52
0.0
 41
1.0
 77
0
 78
13
 53
50.0
 43
0.0
 44
0.0
 45
182.184668996
 46
-15.9390855389
 79
2
 49
19.05
 49
-209.55
 53
355.0
 43
0.0
 44
0.0
 45
-35.243421425
 46
191.056845239
 79
2
 49
15.24
 49
-167.64058417
 53
100.4514447
 43
15.182007
 44
-1.3282535
 45
146.9412470904
 46
175.1177519122
 79
2
 49
16.1900088
 49
-178.0902446
 53
46.1842
 43
0.0
 44
50.8
 45
271.0790408921
 46
-42.0423279327
 79
2
 49
28.575
 49
-314.325
 53
96.63555761
 43
22.5899
 44
47.2965
 45
237.4041340515
 46
247.4261245977
 79
2
 49
24.28502314
 49
-267.13560816
 53
351.18415117
 43
0.0
 44
50.8
 45
237.404134065
 46
247.4261245855
 79
2
 49
22.85996707
 49
-251.45973192
 53
21.0
 43
25.4
 44
38.1
 45
151.6143912691
 46
-102.2651981871
 79
2
 49
19.05
 49
-209.55
 53
326.0
 43
25.4
 44
38.1
 45
61.8020283476
 46
184.1879661223
 79
2
 49
15.24
 49
-167.64
 53
71.451445
 43
38.0345326
 44
29.5779001
 45
213.4164192787
 46
81.9227688859
 79
2
 49
16.1900088
 49
-178.0899376
 53
37.5
 43
0.0
 44
0.0
 45
3.0886032506
 46
84.5550388732
 79
6
 49
0.0
 49
-165.608
 49
0.0
 49
-170.18
 49
0.0
 49
-168.275
 53
7.5
 43
0.0
 44
0.0
 45
66.8196625103
 46
100.1805748181
 79
6
 49
0.0
 49
-97.028
 49
0.0
 49
-161.798
 49
0.0
 49
-64.135
 53
-32.5
 43
-56.642
 44
0.0
 45
135.5905951669
 46
-5.7287439927
 79
6
 49
0.0
 49
-63.5
 49
0.0
 49
-198.12
 49
0.0
 49
-262.89
 53
-42.5
 43
-82.042
 44
0.0
 45
148.129181386
 46
25.4264910333
 79
6
 49
0.0
 49
-82.55
 49
0.0
 49
-131.572
 49
0.0
 49
-186.69
 98
0
  0
HATCH
  5
380
330
17
100
AcDbEntity
  8
COTA
 62
7
100
AcDbHatch
 10
0.0
 20
0.0
 30
0.0
210
0.0
220
0.0
230
1.0
  2
AR-CONC
 70
0
 71
0
 91
1
 92
3
 72
0
 73
1
 93
5
 10
2923.89243324619
 20
9932.736568577144
 10
2950.89243324619
 20
9932.736568577144
 10
2950.89243324619
 20
10006.73656857714
 10
2923.89243324619
 20
10006.73656857714
 10
2923.89243324619
 20
9932.736568577144
 97
0
 75
1
 76
1
 52
0.0
 41
1.0
 77
0
 78
13
 53
50.0
 43
0.0
 44
0.0
 45
182.184668996
 46
-15.9390855389
 79
2
 49
19.05
 49
-209.55
 53
355.0
 43
0.0
 44
0.0
 45
-35.243421425
 46
191.056845239
 79
2
 49
15.24
 49
-167.64058417
 53
100.4514447
 43
15.182007
 44
-1.3282535
 45
146.9412470904
 46
175.1177519122
 79
2
 49
16.1900088
 49
-178.0902446
 53
46.1842
 43
0.0
 44
50.8
 45
271.0790408921
 46
-42.0423279327
 79
2
 49
28.575
 49
-314.325
 53
96.63555761
 43
22.5899
 44
47.2965
 45
237.4041340515
 46
247.4261245977
 79
2
 49
24.28502314
 49
-267.13560816
 53
351.18415117
 43
0.0
 44
50.8
 45
237.404134065
 46
247.4261245855
 79
2
 49
22.85996707
 49
-251.45973192
 53
21.0
 43
25.4
 44
38.1
 45
151.6143912691
 46
-102.2651981871
 79
2
 49
19.05
 49
-209.55
 53
326.0
 43
25.4
 44
38.1
 45
61.8020283476
 46
184.1879661223
 79
2
 49
15.24
 49
-167.64
 53
71.451445
 43
38.0345326
 44
29.5779001
 45
213.4164192787
 46
81.9227688859
 79
2
 49
16.1900088
 49
-178.0899376
 53
37.5
 43
0.0
 44
0.0
 45
3.0886032506
 46
84.5550388732
 79
6
 49
0.0
 49
-165.608
 49
0.0
 49
-170.18
 49
0.0
 49
-168.275
 53
7.5
 43
0.0
 44
0.0
 45
66.8196625103
 46
100.1805748181
 79
6
 49
0.0
 49
-97.028
 49
0.0
 49
-161.798
 49
0.0
 49
-64.135
 53
-32.5
 43
-56.642
 44
0.0
 45
135.5905951669
 46
-5.7287439927
 79
6
 49
0.0
 49
-63.5
 49
0.0
 49
-198.12
 49
0.0
 49
-262.89
 53
-42.5
 43
-82.042
 44
0.0
 45
148.129181386
 46
25.4264910333
 79
6
 49
0.0
 49
-82.55
 49
0.0
 49
-131.572
 49
0.0
 49
-186.69
 98
0
  0
HATCH
  5
381
330
17
100
AcDbEntity
  8
COTA
 62
7
100
AcDbHatch
 10
0.0
 20
0.0
 30
0.0
210
0.0
220
0.0
230
1.0
  2
AR-CONC
 70
0
 71
0
 91
1
 92
3
 72
0
 73
1
 93
5
 10
3087.676124452177
 20
9932.736568577144
 10
3114.676124452177
 20
9932.736568577144
 10
3114.676124452177
 20
10006.73656857714
 10
3087.676124452177
 20
10006.73656857714
 10
3087.676124452177
 20
9932.736568577144
 97
0
 75
1
 76
1
 52
0.0
 41
1.0
 77
0
 78
13
 53
50.0
 43
0.0
 44
0.0
 45
182.184668996
 46
-15.9390855389
 79
2
 49
19.05
 49
-209.55
 53
355.0
 43
0.0
 44
0.0
 45
-35.243421425
 46
191.056845239
 79
2
 49
15.24
 49
-167.64058417
 53
100.4514447
 43
15.182007
 44
-1.3282535
 45
146.9412470904
 46
175.1177519122
 79
2
 49
16.1900088
 49
-178.0902446
 53
46.1842
 43
0.0
 44
50.8
 45
271.0790408921
 46
-42.0423279327
 79
2
 49
28.575
 49
-314.325
 53
96.63555761
 43
22.5899
 44
47.2965
 45
237.4041340515
 46
247.4261245977
 79
2
 49
24.28502314
 49
-267.13560816
 53
351.18415117
 43
0.0
 44
50.8
 45
237.404134065
 46
247.4261245855
 79
2
 49
22.85996707
 49
-251.45973192
 53
21.0
 43
25.4
 44
38.1
 45
151.6143912691
 46
-102.2651981871
 79
2
 49
19.05
 49
-209.55
 53
326.0
 43
25.4
 44
38.1
 45
61.8020283476
 46
184.1879661223
 79
2
 49
15.24
 49
-167.64
 53
71.451445
 43
38.0345326
 44
29.5779001
 45
213.4164192787
 46
81.9227688859
 79
2
 49
16.1900088
 49
-178.0899376
 53
37.5
 43
0.0
 44
0.0
 45
3.0886032506
 46
84.5550388732
 79
6
 49
0.0
 49
-165.608
 49
0.0
 49
-170.18
 49
0.0
 49
-168.275
 53
7.5
 43
0.0
 44
0.0
 45
66.8196625103
 46
100.1805748181
 79
6
 49
0.0
 49
-97.028
 49
0.0
 49
-161.798
 49
0.0
 49
-64.135
 53
-32.5
 43
-56.642
 44
0.0
 45
135.5905951669
 46
-5.7287439927
 79
6
 49
0.0
 49
-63.5
 49
0.0
 49
-198.12
 49
0.0
 49
-262.89
 53
-42.5
 43
-82.042
 44
0.0
 45
148.129181386
 46
25.4264910333
 79
6
 49
0.0
 49
-82.55
 49
0.0
 49
-131.572
 49
0.0
 49
-186.69
 98
0
  0
HATCH
  5
382
330
17
100
AcDbEntity
  8
COTA
 62
7
100
AcDbHatch
 10
0.0
 20
0.0
 30
0.0
210
0.0
220
0.0
230
1.0
  2
AR-CONC
 70
0
 71
0
 91
1
 92
3
 72
0
 73
1
 93
5
 10
2717.467018840436
 20
10006.73656857715
 10
2717.467018840398
 20
9932.73656857714
 10
2799.467018840289
 20
9932.736568577146
 10
2799.467018840138
 20
10006.73656857714
 10
2717.467018840436
 20
10006.73656857715
 97
0
 75
1
 76
1
 52
0.0
 41
1.0
 77
0
 78
13
 53
50.0
 43
0.0
 44
0.0
 45
182.184668996
 46
-15.9390855389
 79
2
 49
19.05
 49
-209.55
 53
355.0
 43
0.0
 44
0.0
 45
-35.243421425
 46
191.056845239
 79
2
 49
15.24
 49
-167.64058417
 53
100.4514447
 43
15.182007
 44
-1.3282535
 45
146.9412470904
 46
175.1177519122
 79
2
 49
16.1900088
 49
-178.0902446
 53
46.1842
 43
0.0
 44
50.8
 45
271.0790408921
 46
-42.0423279327
 79
2
 49
28.575
 49
-314.325
 53
96.63555761
 43
22.5899
 44
47.2965
 45
237.4041340515
 46
247.4261245977
 79
2
 49
24.28502314
 49
-267.13560816
 53
351.18415117
 43
0.0
 44
50.8
 45
237.404134065
 46
247.4261245855
 79
2
 49
22.85996707
 49
-251.45973192
 53
21.0
 43
25.4
 44
38.1
 45
151.6143912691
 46
-102.2651981871
 79
2
 49
19.05
 49
-209.55
 53
326.0
 43
25.4
 44
38.1
 45
61.8020283476
 46
184.1879661223
 79
2
 49
15.24
 49
-167.64
 53
71.451445
 43
38.0345326
 44
29.5779001
 45
213.4164192787
 46
81.9227688859
 79
2
 49
16.1900088
 49
-178.0899376
 53
37.5
 43
0.0
 44
0.0
 45
3.0886032506
 46
84.5550388732
 79
6
 49
0.0
 49
-165.608
 49
0.0
 49
-170.18
 49
0.0
 49
-168.275
 53
7.5
 43
0.0
 44
0.0
 45
66.8196625103
 46
100.1805748181
 79
6
 49
0.0
 49
-97.028
 49
0.0
 49
-161.798
 49
0.0
 49
-64.135
 53
-32.5
 43
-56.642
 44
0.0
 45
135.5905951669
 46
-5.7287439927
 79
6
 49
0.0
 49
-63.5
 49
0.0
 49
-198.12
 49
0.0
 49
-262.89
 53
-42.5
 43
-82.042
 44
0.0
 45
148.129181386
 46
25.4264910333
 79
6
 49
0.0
 49
-82.55
 49
0.0
 49
-131.572
 49
0.0
 49
-186.69
 98
0
  0
HATCH
  5
383
330
17
100
AcDbEntity
  8
Hachura
 62
7
100
AcDbHatch
 10
0.0
 20
0.0
 30
0.0
210
0.0
220
0.0
230
1.0
  2
ANSI31
 70
0
 71
0
 91
1
 92
3
 72
0
 73
1
 93
5
 10
2799.467018840308
 20
9683.736568577153
 10
2799.467018840348
 20
9932.7365685772
 10
2717.46701884047
 20
9932.736568577186
 10
2717.46701884043
 20
9683.736568577138
 10
2799.467018840308
 20
9683.736568577153
 97
0
 75
1
 76
1
 52
0.0
 41
1.0
 77
0
 78
1
 53
45.0
 43
0.0
 44
0.0
 45
-2.2450640303
 46
2.2450640303
 79
0
 98
0
  0
HATCH
  5
384
330
17
100
AcDbEntity
  8
Hachura
 62
7
100
AcDbHatch
 10
0.0
 20
0.0
 30
0.0
210
0.0
220
0.0
230
1.0
  2
ANSI31
 70
0
 71
0
 91
1
 92
3
 72
0
 73
1
 93
5
 10
2950.892433246169
 20
9683.736568577158
 10
2950.892433246208
 20
9932.736568577206
 10
2923.89243324621
 20
9932.73656857719
 10
2923.89243324617
 20
9683.736568577142
 10
2950.892433246169
 20
9683.736568577158
 97
0
 75
1
 76
1
 52
0.0
 41
1.0
 77
0
 78
1
 53
45.0
 43
0.0
 44
0.0
 45
-2.2450640303
 46
2.2450640303
 79
0
 98
0
  0
HATCH
  5
385
330
17
100
AcDbEntity
  8
Hachura
 62
7
100
AcDbHatch
 10
0.0
 20
0.0
 30
0.0
210
0.0
220
0.0
230
1.0
  2
ANSI31
 70
0
 71
0
 91
1
 92
3
 72
0
 73
1
 93
5
 10
3114.676124452156
 20
9683.736568577155
 10
3114.676124452196
 20
9932.736568577204
 10
3087.676124452197
 20
9932.73656857719
 10
3087.676124452157
 20
9683.73656857714
 10
3114.676124452156
 20
9683.736568577155
 97
0
 75
1
 76
1
 52
0.0
 41
1.0
 77
0
 78
1
 53
45.0
 43
0.0
 44
0.0
 45
-2.2450640303
 46
2.2450640303
 79
0
 98
0
  0
HATCH
  5
386
330
17
100
AcDbEntity
  8
Hachura
 62
7
100
AcDbHatch
 10
0.0
 20
0.0
 30
0.0
210
0.0
220
0.0
230
1.0
  2
ANSI31
 70
0
 71
0
 91
1
 92
3
 72
0
 73
1
 93
5
 10
2573.55493538786
 20
9683.736568577153
 10
2573.5549353879
 20
9932.7365685772
 10
2491.554935388022
 20
9932.736568577186
 10
2491.554935387982
 20
9683.736568577138
 10
2573.55493538786
 20
9683.736568577153
 97
0
 75
1
 76
1
 52
0.0
 41
1.0
 77
0
 78
1
 53
45.0
 43
0.0
 44
0.0
 45
-2.2450640303
 46
2.2450640303
 79
0
 98
0
  0
ENDSEC
  0
SECTION
  2
OBJECTS
  0
DICTIONARY
  5
A
330
0
100
AcDbDictionary
281
1
  3
ACAD_COLOR
350
B
  3
ACAD_GROUP
350
C
  3
ACAD_LAYOUT
350
D
  3
ACAD_MATERIAL
350
E
  3
ACAD_MLEADERSTYLE
350
F
  3
ACAD_MLINESTYLE
350
10
  3
ACAD_PLOTSETTINGS
350
11
  3
ACAD_PLOTSTYLENAME
350
12
  3
ACAD_SCALELIST
350
14
  3
ACAD_TABLESTYLE
350
15
  3
ACAD_VISUALSTYLE
350
16
  3
EZDXF_META
350
2D
  0
DICTIONARY
  5
B
330
A
100
AcDbDictionary
281
1
  0
DICTIONARY
  5
C
330
A
100
AcDbDictionary
281
1
  0
DICTIONARY
  5
D
330
A
100
AcDbDictionary
281
1
  3
Model
350
1A
  3
Layout1
350
1E
  0
DICTIONARY
  5
E
330
A
100
AcDbDictionary
281
1
  3
ByBlock
350
1F
  3
ByLayer
350
20
  3
Global
350
21
  0
DICTIONARY
  5
F
330
A
100
AcDbDictionary
281
1
  3
Standard
350
2C
  0
DICTIONARY
  5
10
330
A
100
AcDbDictionary
281
1
  3
Standard
350
22
  0
DICTIONARY
  5
11
330
A
100
AcDbDictionary
281
1
  0
ACDBDICTIONARYWDFLT
  5
12
330
A
100
AcDbDictionary
281
1
  3
Normal
350
13
100
AcDbDictionaryWithDefault
340
13
  0
ACDBPLACEHOLDER
  5
13
330
12
  0
DICTIONARY
  5
14
330
A
100
AcDbDictionary
281
1
  0
DICTIONARY
  5
15
330
A
100
AcDbDictionary
281
1
  0
DICTIONARY
  5
16
330
A
100
AcDbDictionary
281
1
  0
LAYOUT
  5
1A
330
D
100
AcDbPlotSettings
  1

  4
A3
  6

 40
7.5
 41
20.0
 42
7.5
 43
20.0
 44
420.0
 45
297.0
 46
0.0
 47
0.0
 48
0.0
 49
0.0
140
0.0
141
0.0
142
1.0
143
1.0
 70
1024
 72
1
 73
0
 74
5
  7

 75
16
 76
0
 77
2
 78
300
147
1.0
148
0.0
149
0.0
100
AcDbLayout
  1
Model
 70
1
 71
0
 10
0.0
 20
0.0
 11
420.0
 21
297.0
 12
0.0
 22
0.0
 32
0.0
 14
1e+20
 24
1e+20
 34
1e+20
 15
-1e+20
 25
-1e+20
 35
-1e+20
146
0.0
 13
0.0
 23
0.0
 33
0.0
 16
1.0
 26
0.0
 36
0.0
 17
0.0
 27
1.0
 37
0.0
 76
1
330
17
  0
LAYOUT
  5
1E
330
D
100
AcDbPlotSettings
  1

  4
A3
  6

 40
7.5
 41
20.0
 42
7.5
 43
20.0
 44
420.0
 45
297.0
 46
0.0
 47
0.0
 48
0.0
 49
0.0
140
0.0
141
0.0
142
1.0
143
1.0
 70
0
 72
1
 73
0
 74
5
  7

 75
16
 76
0
 77
2
 78
300
147
1.0
148
0.0
149
0.0
100
AcDbLayout
  1
Layout1
 70
1
 71
1
 10
0.0
 20
0.0
 11
420.0
 21
297.0
 12
0.0
 22
0.0
 32
0.0
 14
1e+20
 24
1e+20
 34
1e+20
 15
-1e+20
 25
-1e+20
 35
-1e+20
146
0.0
 13
0.0
 23
0.0
 33
0.0
 16
1.0
 26
0.0
 36
0.0
 17
0.0
 27
1.0
 37
0.0
 76
1
330
1B
  0
MATERIAL
  5
1F
102
{ACAD_REACTORS
330
E
102
}
330
E
100
AcDbMaterial
  1
ByBlock
  2

 70
0
 40
1.0
 71
1
 41
1.0
 91
-1023410177
 42
1.0
 72
1
  3

 73
1
 74
1
 75
1
 44
0.5
 73
0
 45
1.0
 46
1.0
 77
1
  4

 78
1
 79
1
170
1
 48
1.0
171
1
  6

172
1
173
1
174
1
140
1.0
141
1.0
175
1
  7

176
1
177
1
178
1
143
1.0
179
1
  8

270
1
271
1
272
1
145
1.0
146
1.0
273
1
  9

274
1
275
1
276
1
 42
1.0
 72
1
  3

 73
1
 74
1
 75
1
 94
63
  0
MATERIAL
  5
20
102
{ACAD_REACTORS
330
E
102
}
330
E
100
AcDbMaterial
  1
ByLayer
  2

 70
0
 40
1.0
 71
1
 41
1.0
 91
-1023410177
 42
1.0
 72
1
  3

 73
1
 74
1
 75
1
 44
0.5
 73
0
 45
1.0
 46
1.0
 77
1
  4

 78
1
 79
1
170
1
 48
1.0
171
1
  6

172
1
173
1
174
1
140
1.0
141
1.0
175
1
  7

176
1
177
1
178
1
143
1.0
179
1
  8

270
1
271
1
272
1
145
1.0
146
1.0
273
1
  9

274
1
275
1
276
1
 42
1.0
 72
1
  3

 73
1
 74
1
 75
1
 94
63
  0
MATERIAL
  5
21
102
{ACAD_REACTORS
330
E
102
}
330
E
100
AcDbMaterial
  1
Global
  2

 70
0
 40
1.0
 71
1
 41
1.0
 91
-1023410177
 42
1.0
 72
1
  3

 73
1
 74
1
 75
1
 44
0.5
 73
0
 45
1.0
 46
1.0
 77
1
  4

 78
1
 79
1
170
1
 48
1.0
171
1
  6

172
1
173
1
174
1
140
1.0
141
1.0
175
1
  7

176
1
177
1
178
1
143
1.0
179
1
  8

270
1
271
1
272
1
145
1.0
146
1.0
273
1
  9

274
1
275
1
276
1
 42
1.0
 72
1
  3

 73
1
 74
1
 75
1
 94
63
  0
MLINESTYLE
  5
22
102
{ACAD_REACTORS
330
10
102
}
330
10
100
AcDbMlineStyle
  2
Standard
 70
0
  3

 62
256
 51
90.0
 52
90.0
 71
2
 49
0.5
 62
256
  6
BYLAYER
 49
-0.5
 62
256
  6
BYLAYER
  0
MLEADERSTYLE
  5
2C
102
{ACAD_REACTORS
330
F
102
}
330
F
100
AcDbMLeaderStyle
179
2
170
2
171
1
172
0
 90
2
 40
0.0
 41
0.0
173
1
 91
-1056964608
 92
-2
290
1
 42
2.0
291
1
 43
8.0
  3
Standard
 44
4.0
300

342
29
174
1
175
1
176
0
178
1
 93
-1056964608
 45
4.0
292
0
297
0
 46
4.0
 94
-1056964608
 47
1.0
 49
1.0
140
1.0
294
1
141
0.0
177
0
142
1.0
295
0
296
0
143
3.75
271
0
272
9
273
9
  0
DICTIONARY
  5
2D
330
A
100
AcDbDictionary
280
1
281
1
  3
CREATED_BY_EZDXF
350
2E
  3
WRITTEN_BY_EZDXF
350
389
  0
DICTIONARYVAR
  5
2E
330
2D
100
DictionaryVariables
280
0
  1
1.4.3 @ 2026-06-10T17:44:51.444460+00:00
  0
DICTIONARYVAR
  5
389
330
2D
100
DictionaryVariables
280
0
  1
1.4.3 @ 2026-06-10T17:44:51.468638+00:00
  0
ENDSEC
  0
EOF
