  0
SECTION
  2
HEADER
  9
$ACADVER
  1
AC1032
  9
$ACADMAINTVER
 90
4
  9
$DWGCODEPAGE
  3
ANSI_1252
  9
$LASTSAVEDBY
  1
ezdxf
  9
$REQUIREDVERSIONS
160
0
  9
$INSBASE
 10
0.0
 20
0.0
 30
0.0
  9
$EXTMIN
 10
1e+20
 20
1e+20
 30
1e+20
  9
$EXTMAX
 10
-1e+20
 20
-1e+20
 30
-1e+20
  9
$LIMMIN
 10
0.0
 20
0.0
  9
$LIMMAX
 10
420.0
 20
297.0
  9
$ORTHOMODE
 70
0
  9
$REGENMODE
 70
1
  9
$FILLMODE
 70
1
  9
$QTEXTMODE
 70
0
  9
$MIRRTEXT
 70
1
  9
$LTSCALE
 40
1.0
  9
$ATTMODE
 70
1
  9
$TEXTSIZE
 40
2.5
  9
$TRACEWID
 40
1.0
  9
$TEXTSTYLE
  7
Standard
  9
$CLAYER
  8
0
  9
$CELTYPE
  6
ByLayer
  9
$CECOLOR
 62
256
  9
$CELTSCALE
 40
1.0
  9
$DISPSILH
 70
0
  9
$DIMSCALE
 40
1.0
  9
$DIMASZ
 40
2.5
  9
$DIMEXO
 40
0.625
  9
$DIMDLI
 40
3.75
  9
$DIMRND
 40
0.0
  9
$DIMDLE
 40
0.0
  9
$DIMEXE
 40
1.25
  9
$DIMTP
 40
0.0
  9
$DIMTM
 40
0.0
  9
$DIMTXT
 40
2.5
  9
$DIMCEN
 40
2.5
  9
$DIMTSZ
 40
0.0
  9
$DIMTOL
 70
0
  9
$DIMLIM
 70
0
  9
$DIMTIH
 70
0
  9
$DIMTOH
 70
0
  9
$DIMSE1
 70
0
  9
$DIMSE2
 70
0
  9
$DIMTAD
 70
1
  9
$DIMZIN
 70
8
  9
$DIMBLK
  1

  9
$DIMASO
 70
1
  9
$DIMSHO
 70
1
  9
$DIMPOST
  1

  9
$DIMAPOST
  1

  9
$DIMALT
 70
0
  9
$DIMALTD
 70
3
  9
$DIMALTF
 40
0.03937007874
  9
$DIMLFAC
 40
1.0
  9
$DIMTOFL
 70
1
  9
$DIMTVP
 40
0.0
  9
$DIMTIX
 70
0
  9
$DIMSOXD
 70
0
  9
$DIMSAH
 70
0
  9
$DIMBLK1
  1

  9
$DIMBLK2
  1

  9
$DIMSTYLE
  2
ISO-25
  9
$DIMCLRD
 70
0
  9
$DIMCLRE
 70
0
  9
$DIMCLRT
 70
0
  9
$DIMTFAC
 40
1.0
  9
$DIMGAP
 40
0.625
  9
$DIMJUST
 70
0
  9
$DIMSD1
 70
0
  9
$DIMSD2
 70
0
  9
$DIMTOLJ
 70
0
  9
$DIMTZIN
 70
8
  9
$DIMALTZ
 70
0
  9
$DIMALTTZ
 70
0
  9
$DIMUPT
 70
0
  9
$DIMDEC
 70
2
  9
$DIMTDEC
 70
2
  9
$DIMALTU
 70
2
  9
$DIMALTTD
 70
3
  9
$DIMTXSTY
  7
Standard
  9
$DIMAUNIT
 70
0
  9
$DIMADEC
 70
0
  9
$DIMALTRND
 40
0.0
  9
$DIMAZIN
 70
0
  9
$DIMDSEP
 70
44
  9
$DIMATFIT
 70
3
  9
$DIMFRAC
 70
0
  9
$DIMLDRBLK
  1

  9
$DIMLUNIT
 70
2
  9
$DIMLWD
 70
-2
  9
$DIMLWE
 70
-2
  9
$DIMTMOVE
 70
0
  9
$DIMFXL
 40
1.0
  9
$DIMFXLON
 70
0
  9
$DIMJOGANG
 40
0.785398163397
  9
$DIMTFILL
 70
0
  9
$DIMTFILLCLR
 70
0
  9
$DIMARCSYM
 70
0
  9
$DIMLTYPE
  6

  9
$DIMLTEX1
  6

  9
$DIMLTEX2
  6

  9
$DIMTXTDIRECTION
 70
0
  9
$LUNITS
 70
2
  9
$LUPREC
 70
4
  9
$SKETCHINC
 40
1.0
  9
$FILLETRAD
 40
10.0
  9
$AUNITS
 70
0
  9
$AUPREC
 70
2
  9
$MENU
  1
.
  9
$ELEVATION
 40
0.0
  9
$PELEVATION
 40
0.0
  9
$THICKNESS
 40
0.0
  9
$LIMCHECK
 70
0
  9
$CHAMFERA
 40
0.0
  9
$CHAMFERB
 40
0.0
  9
$CHAMFERC
 40
0.0
  9
$CHAMFERD
 40
0.0
  9
$SKPOLY
 70
0
  9
$TDCREATE
 40
2461238.822627315
  9
$TDUCREATE
 40
2458532.153996898
  9
$TDUPDATE
 40
2461238.822627315
  9
$TDUUPDATE
 40
2458532.1544311
  9
$TDINDWG
 40
0.0
  9
$TDUSRTIMER
 40
0.0
  9
$USRTIMER
 70
1
  9
$ANGBASE
 50
0.0
  9
$ANGDIR
 70
0
  9
$PDMODE
 70
0
  9
$PDSIZE
 40
0.0
  9
$PLINEWID
 40
0.0
  9
$SPLFRAME
 70
0
  9
$SPLINETYPE
 70
6
  9
$SPLINESEGS
 70
8
  9
$HANDSEED
  5
46F
  9
$SURFTAB1
 70
6
  9
$SURFTAB2
 70
6
  9
$SURFTYPE
 70
6
  9
$SURFU
 70
6
  9
$SURFV
 70
6
  9
$UCSBASE
  2

  9
$UCSNAME
  2

  9
$UCSORG
 10
0.0
 20
0.0
 30
0.0
  9
$UCSXDIR
 10
1.0
 20
0.0
 30
0.0
  9
$UCSYDIR
 10
0.0
 20
1.0
 30
0.0
  9
$UCSORTHOREF
  2

  9
$UCSORTHOVIEW
 70
0
  9
$UCSORGTOP
 10
0.0
 20
0.0
 30
0.0
  9
$UCSORGBOTTOM
 10
0.0
 20
0.0
 30
0.0
  9
$UCSORGLEFT
 10
0.0
 20
0.0
 30
0.0
  9
$UCSORGRIGHT
 10
0.0
 20
0.0
 30
0.0
  9
$UCSORGFRONT
 10
0.0
 20
0.0
 30
0.0
  9
$UCSORGBACK
 10
0.0
 20
0.0
 30
0.0
  9
$PUCSBASE
  2

  9
$PUCSNAME
  2

  9
$PUCSORG
 10
0.0
 20
0.0
 30
0.0
  9
$PUCSXDIR
 10
1.0
 20
0.0
 30
0.0
  9
$PUCSYDIR
 10
0.0
 20
1.0
 30
0.0
  9
$PUCSORTHOREF
  2

  9
$PUCSORTHOVIEW
 70
0
  9
$PUCSORGTOP
 10
0.0
 20
0.0
 30
0.0
  9
$PUCSORGBOTTOM
 10
0.0
 20
0.0
 30
0.0
  9
$PUCSORGLEFT
 10
0.0
 20
0.0
 30
0.0
  9
$PUCSORGRIGHT
 10
0.0
 20
0.0
 30
0.0
  9
$PUCSORGFRONT
 10
0.0
 20
0.0
 30
0.0
  9
$PUCSORGBACK
 10
0.0
 20
0.0
 30
0.0
  9
$USERI1
 70
0
  9
$USERI2
 70
0
  9
$USERI3
 70
0
  9
$USERI4
 70
0
  9
$USERI5
 70
0
  9
$USERR1
 40
0.0
  9
$USERR2
 40
0.0
  9
$USERR3
 40
0.0
  9
$USERR4
 40
0.0
  9
$USERR5
 40
0.0
  9
$WORLDVIEW
 70
1
  9
$SHADEDGE
 70
3
  9
$SHADEDIF
 70
70
  9
$TILEMODE
 70
1
  9
$MAXACTVP
 70
64
  9
$PINSBASE
 10
0.0
 20
0.0
 30
0.0
  9
$PLIMCHECK
 70
0
  9
$PEXTMIN
 10
1e+20
 20
1e+20
 30
1e+20
  9
$PEXTMAX
 10
-1e+20
 20
-1e+20
 30
-1e+20
  9
$PLIMMIN
 10
0.0
 20
0.0
  9
$PLIMMAX
 10
420.0
 20
297.0
  9
$UNITMODE
 70
0
  9
$VISRETAIN
 70
1
  9
$PLINEGEN
 70
0
  9
$PSLTSCALE
 70
1
  9
$TREEDEPTH
 70
3020
  9
$CMLSTYLE
  2
Standard
  9
$CMLJUST
 70
0
  9
$CMLSCALE
 40
20.0
  9
$PROXYGRAPHICS
 70
1
  9
$MEASUREMENT
 70
1
  9
$CELWEIGHT
370
-1
  9
$ENDCAPS
280
0
  9
$JOINSTYLE
280
0
  9
$LWDISPLAY
290
0
  9
$INSUNITS
 70
0
  9
$HYPERLINKBASE
  1

  9
$STYLESHEET
  1

  9
$XEDIT
290
1
  9
$CEPSNTYPE
380
0
  9
$PSTYLEMODE
290
1
  9
$FINGERPRINTGUID
  2
{21521AB9-9962-46DA-BF65-C4BD21A2B58D}
  9
$VERSIONGUID
  2
{BFAA6003-21F5-4064-8271-3889DC9EB0A7}
  9
$EXTNAMES
290
1
  9
$PSVPSCALE
 40
0.0
  9
$OLESTARTUP
290
0
  9
$SORTENTS
280
127
  9
$INDEXCTL
280
0
  9
$HIDETEXT
280
1
  9
$XCLIPFRAME
280
1
  9
$HALOGAP
280
0
  9
$OBSCOLOR
 70
257
  9
$OBSLTYPE
280
0
  9
$INTERSECTIONDISPLAY
280
0
  9
$INTERSECTIONCOLOR
 70
257
  9
$DIMASSOC
280
2
  9
$PROJECTNAME
  1

  9
$CAMERADISPLAY
290
0
  9
$LENSLENGTH
 40
50.0
  9
$CAMERAHEIGHT
 40
0.0
  9
$STEPSPERSEC
 40
24.0
  9
$STEPSIZE
 40
100.0
  9
$3DDWFPREC
 40
2.0
  9
$PSOLWIDTH
 40
0.005
  9
$PSOLHEIGHT
 40
0.08
  9
$LOFTANG1
 40
1.570796326795
  9
$LOFTANG2
 40
1.570796326795
  9
$LOFTMAG1
 40
0.0
  9
$LOFTMAG2
 40
0.0
  9
$LOFTPARAM
 70
7
  9
$LOFTNORMALS
280
1
  9
$LATITUDE
 40
37.795
  9
$LONGITUDE
 40
-122.394
  9
$NORTHDIRECTION
 40
0.0
  9
$TIMEZONE
 70
-8000
  9
$LIGHTGLYPHDISPLAY
280
1
  9
$TILEMODELIGHTSYNCH
280
1
  9
$CMATERIAL
347
20
  9
$SOLIDHIST
280
0
  9
$SHOWHIST
280
1
  9
$DWFFRAME
280
2
  9
$DGNFRAME
280
2
  9
$REALWORLDSCALE
290
1
  9
$INTERFERECOLOR
 62
256
  9
$CSHADOW
280
0
  9
$SHADOWPLANELOCATION
 40
0.0
  0
ENDSEC
  0
SECTION
  2
CLASSES
  0
CLASS
  1
ACDBDICTIONARYWDFLT
  2
AcDbDictionaryWithDefault
  3
ObjectDBX Classes
 90
0
 91
0
280
0
281
0
  0
CLASS
  1
SUN
  2
AcDbSun
  3
SCENEOE
 90
1153
 91
0
280
0
281
0
  0
CLASS
  1
VISUALSTYLE
  2
AcDbVisualStyle
  3
ObjectDBX Classes
 90
4095
 91
0
280
0
281
0
  0
CLASS
  1
MATERIAL
  2
AcDbMaterial
  3
ObjectDBX Classes
 90
1153
 91
0
280
0
281
0
  0
CLASS
  1
SCALE
  2
AcDbScale
  3
ObjectDBX Classes
 90
1153
 91
0
280
0
281
0
  0
CLASS
  1
TABLESTYLE
  2
AcDbTableStyle
  3
ObjectDBX Classes
 90
4095
 91
0
280
0
281
0
  0
CLASS
  1
MLEADERSTYLE
  2
AcDbMLeaderStyle
  3
ACDB_MLEADERSTYLE_CLASS
 90
4095
 91
0
280
0
281
0
  0
CLASS
  1
DICTIONARYVAR
  2
AcDbDictionaryVar
  3
ObjectDBX Classes
 90
0
 91
0
280
0
281
0
  0
CLASS
  1
CELLSTYLEMAP
  2
AcDbCellStyleMap
  3
ObjectDBX Classes
 90
1152
 91
0
280
0
281
0
  0
CLASS
  1
MENTALRAYRENDERSETTINGS
  2
AcDbMentalRayRenderSettings
  3
SCENEOE
 90
1024
 91
0
280
0
281
0
  0
CLASS
  1
ACDBDETAILVIEWSTYLE
  2
AcDbDetailViewStyle
  3
ObjectDBX Classes
 90
1025
 91
0
280
0
281
0
  0
CLASS
  1
ACDBSECTIONVIEWSTYLE
  2
AcDbSectionViewStyle
  3
ObjectDBX Classes
 90
1025
 91
0
280
0
281
0
  0
CLASS
  1
RASTERVARIABLES
  2
AcDbRasterVariables
  3
ISM
 90
0
 91
0
280
0
281
0
  0
CLASS
  1
LAYOUT
  2
AcDbLayout
  3
ObjectDBX Classes
 90
0
 91
0
280
0
281
0
  0
CLASS
  1
ACDBPLACEHOLDER
  2
AcDbPlaceHolder
  3
ObjectDBX Classes
 90
0
 91
0
280
0
281
0
  0
ENDSEC
  0
SECTION
  2
TABLES
  0
TABLE
  2
VPORT
  5
8
330
0
100
AcDbSymbolTable
 70
1
  0
VPORT
  5
23
330
8
100
AcDbSymbolTableRecord
100
AcDbViewportTableRecord
  2
*Active
 70
0
 10
0.0
 20
0.0
 11
1.0
 21
1.0
 12
0.0
 22
0.0
 13
0.0
 23
0.0
 14
0.5
 24
0.5
 15
0.5
 25
0.5
 16
0.0
 26
0.0
 36
1.0
 17
0.0
 27
0.0
 37
0.0
 40
1000.0
 41
1.34
 42
50.0
 43
0.0
 44
0.0
 50
0.0
 51
0.0
 71
0
 72
1000
 73
1
 74
3
 75
0
 76
0
 77
0
 78
0
281
0
 65
0
146
0.0
  0
ENDTAB
  0
TABLE
  2
LTYPE
  5
2
330
0
100
AcDbSymbolTable
 70
3
  0
LTYPE
  5
24
330
2
100
AcDbSymbolTableRecord
100
AcDbLinetypeTableRecord
  2
ByBlock
 70
0
  3

 72
65
 73
0
 40
0.0
  0
LTYPE
  5
25
330
2
100
AcDbSymbolTableRecord
100
AcDbLinetypeTableRecord
  2
ByLayer
 70
0
  3

 72
65
 73
0
 40
0.0
  0
LTYPE
  5
26
330
2
100
AcDbSymbolTableRecord
100
AcDbLinetypeTableRecord
  2
Continuous
 70
0
  3

 72
65
 73
0
 40
0.0
  0
ENDTAB
  0
TABLE
  2
LAYER
  5
1
330
0
100
AcDbSymbolTable
 70
31
  0
LAYER
  5
27
330
1
100
AcDbSymbolTableRecord
100
AcDbLayerTableRecord
  2
0
 70
0
 62
7
  6
Continuous
370
-3
390
13
347
21
  0
LAYER
  5
28
330
1
100
AcDbSymbolTableRecord
100
AcDbLayerTableRecord
  2
Defpoints
 70
0
 62
7
  6
Continuous
290
0
370
-3
390
13
347
21
  0
LAYER
  5
2F
330
1
100
AcDbSymbolTableRecord
100
AcDbLayerTableRecord
  2
Painéis
 70
0
 62
200
  6
Continuous
370
-3
390
13
347
21
  0
LAYER
  5
30
330
1
100
AcDbSymbolTableRecord
100
AcDbLayerTableRecord
  2
COTA
 70
0
 62
241
  6
Continuous
370
-3
390
13
347
21
  0
LAYER
  5
31
330
1
100
AcDbSymbolTableRecord
100
AcDbLayerTableRecord
  2
NOMENCLATURA
 70
0
 62
7
  6
Continuous
370
-3
390
13
347
21
  0
LAYER
  5
32
330
1
100
AcDbSymbolTableRecord
100
AcDbLayerTableRecord
  2
5
 70
0
 62
5
  6
Continuous
370
-3
390
13
347
21
  0
LAYER
  5
33
330
1
100
AcDbSymbolTableRecord
100
AcDbLayerTableRecord
  2
Folhas
 70
0
 62
255
  6
Continuous
370
-3
390
13
347
21
  0
LAYER
  5
34
330
1
100
AcDbSymbolTableRecord
100
AcDbLayerTableRecord
  2
CARIMBO
 70
0
 62
255
  6
Continuous
370
-3
390
13
347
21
  0
LAYER
  5
35
330
1
100
AcDbSymbolTableRecord
100
AcDbLayerTableRecord
  2
SARR_3.5x7
 70
0
 62
81
  6
Continuous
370
-3
390
13
347
21
  0
LAYER
  5
36
330
1
100
AcDbSymbolTableRecord
100
AcDbLayerTableRecord
  2
SARR_2.2x7
 70
0
 62
40
  6
Continuous
370
-3
390
13
347
21
  0
LAYER
  5
37
330
1
100
AcDbSymbolTableRecord
100
AcDbLayerTableRecord
  2
SARR_2.2x5
 70
0
 62
40
  6
Continuous
370
-3
390
13
347
21
  0
LAYER
  5
38
330
1
100
AcDbSymbolTableRecord
100
AcDbLayerTableRecord
  2
SARR_2.2x3.5
 70
0
 62
40
  6
Continuous
370
-3
390
13
347
21
  0
LAYER
  5
39
330
1
100
AcDbSymbolTableRecord
100
AcDbLayerTableRecord
  2
CONCRETO
 70
0
 62
251
  6
Continuous
370
-3
390
13
347
21
  0
LAYER
  5
3A
330
1
100
AcDbSymbolTableRecord
100
AcDbLayerTableRecord
  2
Hachura
 70
0
 62
251
  6
Continuous
370
-3
390
13
347
21
  0
LAYER
  5
3B
330
1
100
AcDbSymbolTableRecord
100
AcDbLayerTableRecord
  2
Madeira
 70
0
 62
126
  6
Continuous
370
-3
390
13
347
21
  0
LAYER
  5
3C
330
1
100
AcDbSymbolTableRecord
100
AcDbLayerTableRecord
  2
barrote
 70
0
 62
126
  6
Continuous
370
-3
390
13
347
21
  0
LAYER
  5
3D
330
1
100
AcDbSymbolTableRecord
100
AcDbLayerTableRecord
  2
SCO-___-LAJ
 70
0
 62
224
  6
Continuous
370
-3
390
13
347
21
  0
LAYER
  5
3E
330
1
100
AcDbSymbolTableRecord
100
AcDbLayerTableRecord
  2
TENSOR
 70
0
 62
224
  6
Continuous
370
-3
390
13
347
21
  0
LAYER
  5
3F
330
1
100
AcDbSymbolTableRecord
100
AcDbLayerTableRecord
  2
presilha
 70
0
 62
224
  6
Continuous
370
-3
390
13
347
21
  0
LAYER
  5
40
330
1
100
AcDbSymbolTableRecord
100
AcDbLayerTableRecord
  2
Forcador
 70
0
 62
224
  6
Continuous
370
-3
390
13
347
21
  0
LAYER
  5
41
330
1
100
AcDbSymbolTableRecord
100
AcDbLayerTableRecord
  2
Escoras
 70
0
 62
224
  6
Continuous
370
-3
390
13
347
21
  0
LAYER
  5
42
330
1
100
AcDbSymbolTableRecord
100
AcDbLayerTableRecord
  2
detalhes
 70
0
 62
7
  6
Continuous
370
-3
390
13
347
21
  0
LAYER
  5
43
330
1
100
AcDbSymbolTableRecord
100
AcDbLayerTableRecord
  2
Texto Seção
 70
0
 62
7
  6
Continuous
370
-3
390
13
347
21
  0
LAYER
  5
44
330
1
100
AcDbSymbolTableRecord
100
AcDbLayerTableRecord
  2
Cota Seção (2x)
 70
0
 62
241
  6
Continuous
370
-3
390
13
347
21
  0
LAYER
  5
45
330
1
100
AcDbSymbolTableRecord
100
AcDbLayerTableRecord
  2
texto
 70
0
 62
7
  6
Continuous
370
-3
390
13
347
21
  0
LAYER
  5
46
330
1
100
AcDbSymbolTableRecord
100
AcDbLayerTableRecord
  2
Reaproveitamento
 70
0
 62
251
  6
Continuous
370
-3
390
13
347
21
  0
LAYER
  5
47
330
1
100
AcDbSymbolTableRecord
100
AcDbLayerTableRecord
  2
ESTRUTURACAO
 70
0
 62
7
  6
Continuous
370
-3
390
13
347
21
  0
LAYER
  5
45C
330
1
100
AcDbSymbolTableRecord
100
AcDbLayerTableRecord
  2
GARFOS
 70
0
 62
7
  6
Continuous
370
-3
390
13
347
21
  0
LAYER
  5
45E
330
1
100
AcDbSymbolTableRecord
100
AcDbLayerTableRecord
  2
material do compensado
 70
0
 62
7
  6
Continuous
370
-3
390
13
347
21
  0
LAYER
  5
460
330
1
100
AcDbSymbolTableRecord
100
AcDbLayerTableRecord
  2
Perfil Metálico
 70
0
 62
150
  6
Continuous
370
-3
390
13
347
21
  0
LAYER
  5
462
330
1
100
AcDbSymbolTableRecord
100
AcDbLayerTableRecord
  2
BARRA DE ANCORAGEM
 70
0
 62
7
  6
Continuous
370
-3
390
13
347
21
  0
ENDTAB
  0
TABLE
  2
STYLE
  5
5
330
0
100
AcDbSymbolTable
 70
1
  0
STYLE
  5
29
330
5
100
AcDbSymbolTableRecord
100
AcDbTextStyleTableRecord
  2
Standard
 70
0
 40
0.0
 41
1.0
 50
0.0
 71
0
 42
2.5
  3
txt
  4

  0
ENDTAB
  0
TABLE
  2
VIEW
  5
7
330
0
100
AcDbSymbolTable
 70
0
  0
ENDTAB
  0
TABLE
  2
UCS
  5
6
330
0
100
AcDbSymbolTable
 70
0
  0
ENDTAB
  0
TABLE
  2
APPID
  5
3
330
0
100
AcDbSymbolTable
 70
3
  0
APPID
  5
2A
330
3
100
AcDbSymbolTableRecord
100
AcDbRegAppTableRecord
  2
ACAD
 70
0
  0
APPID
  5
46C
330
3
100
AcDbSymbolTableRecord
100
AcDbRegAppTableRecord
  2
HATCHBACKGROUNDCOLOR
 70
0
  0
APPID
  5
46D
330
3
100
AcDbSymbolTableRecord
100
AcDbRegAppTableRecord
  2
EZDXF
 70
0
  0
ENDTAB
  0
TABLE
  2
DIMSTYLE
  5
4
330
0
100
AcDbSymbolTable
 70
3
100
AcDbDimStyleTable
  0
DIMSTYLE
105
2B
330
4
100
AcDbSymbolTableRecord
100
AcDbDimStyleTableRecord
  2
Standard
 70
0
 40
1.0
 41
2.5
 42
0.625
 43
3.75
 44
1.25
 45
0.0
 46
0.0
 47
0.0
 48
0.0
 49
2.5
140
2.5
141
2.5
142
0.0
143
0.03937007874
144
1.0
145
0.0
146
1.0
147
0.625
148
0.0
 69
0
 70
0
 71
0
 72
0
 73
0
 74
0
 75
0
 76
0
 77
1
 78
8
 79
3
170
0
171
3
172
1
173
0
174
0
175
0
176
0
177
0
178
0
179
2
271
2
272
2
273
2
274
3
275
0
276
0
277
2
278
44
279
0
280
0
281
0
282
0
283
0
284
8
285
0
286
0
288
0
289
3
290
0
371
-2
372
-2
  0
DIMSTYLE
105
48
330
4
100
AcDbSymbolTableRecord
100
AcDbDimStyleTableRecord
  2
PAINEL
 70
0
 40
1.0
 41
3.0
 42
3.0
 43
3.75
 44
3.0
 45
0.0
 46
0.0
 47
0.0
 48
0.0
 49
2.5
140
10.0
141
2.5
142
0.0
143
0.03937007874
144
1.0
145
0.0
146
1.0
147
3.0
148
0.0
 69
0
 70
0
 71
0
 72
0
 73
0
 74
0
 75
0
 76
0
 77
1
 78
8
 79
3
170
0
171
3
172
1
173
0
174
0
175
0
176
4
177
4
178
240
179
2
271
2
272
2
273
2
274
3
275
0
276
0
277
2
278
44
279
0
280
0
281
0
282
0
283
0
284
8
285
0
286
0
288
0
289
3
290
0
342
49
343
49
371
-2
372
-2
  0
DIMSTYLE
105
51
330
4
100
AcDbSymbolTableRecord
100
AcDbDimStyleTableRecord
  2
SECAO2X
 70
0
 40
1.0
 41
5.0
 42
3.0
 43
3.75
 44
3.0
 45
0.0
 46
0.0
 47
0.0
 48
0.0
 49
2.5
140
7.0
141
2.5
142
0.0
143
0.03937007874
144
1.0
145
0.0
146
1.0
147
2.0
148
0.0
 69
0
 70
0
 71
0
 72
0
 73
0
 74
0
 75
0
 76
0
 77
3
 78
8
 79
3
170
0
171
3
172
1
173
0
174
0
175
0
176
4
177
4
178
1
179
2
271
2
272
2
273
2
274
3
275
0
276
0
277
2
278
44
279
0
280
0
281
0
282
0
283
0
284
8
285
0
286
0
288
0
289
3
290
0
342
49
343
49
371
-2
372
-2
  0
ENDTAB
  0
TABLE
  2
BLOCK_RECORD
  5
9
330
0
100
AcDbSymbolTable
 70
44
  0
BLOCK_RECORD
  5
17
330
9
100
AcDbSymbolTableRecord
100
AcDbBlockTableRecord
  2
*Model_Space
340
1A
 70
0
280
1
281
0
  0
BLOCK_RECORD
  5
1B
330
9
100
AcDbSymbolTableRecord
100
AcDbBlockTableRecord
  2
*Paper_Space
340
1E
 70
0
280
1
281
0
  0
BLOCK_RECORD
  5
49
330
9
100
AcDbSymbolTableRecord
100
AcDbBlockTableRecord
  2
_OBLIQUE
340
0
 70
0
280
1
281
0
  0
BLOCK_RECORD
  5
4D
330
9
100
AcDbSymbolTableRecord
100
AcDbBlockTableRecord
  2
_CLOSEDFILLED
340
0
 70
0
280
1
281
0
  0
BLOCK_RECORD
  5
52
330
9
100
AcDbSymbolTableRecord
100
AcDbBlockTableRecord
  2
PAR_ESQ
340
0
 70
0
280
1
281
0
  0
BLOCK_RECORD
  5
57
330
9
100
AcDbSymbolTableRecord
100
AcDbBlockTableRecord
  2
PAR_FUNDO_ESQ
340
0
 70
0
280
1
281
0
  0
BLOCK_RECORD
  5
5C
330
9
100
AcDbSymbolTableRecord
100
AcDbBlockTableRecord
  2
PAR_FUNDO_DIR
340
0
 70
0
280
1
281
0
  0
BLOCK_RECORD
  5
61
330
9
100
AcDbSymbolTableRecord
100
AcDbBlockTableRecord
  2
par_int_esq
340
0
 70
0
280
1
281
0
  0
BLOCK_RECORD
  5
66
330
9
100
AcDbSymbolTableRecord
100
AcDbBlockTableRecord
  2
par_int_dir
340
0
 70
0
280
1
281
0
  0
BLOCK_RECORD
  5
189
330
9
100
AcDbSymbolTableRecord
100
AcDbBlockTableRecord
  2
*D1
340
0
 70
0
280
1
281
0
  0
BLOCK_RECORD
  5
198
330
9
100
AcDbSymbolTableRecord
100
AcDbBlockTableRecord
  2
*D2
340
0
 70
0
280
1
281
0
  0
BLOCK_RECORD
  5
1A7
330
9
100
AcDbSymbolTableRecord
100
AcDbBlockTableRecord
  2
*D3
340
0
 70
0
280
1
281
0
  0
BLOCK_RECORD
  5
1B6
330
9
100
AcDbSymbolTableRecord
100
AcDbBlockTableRecord
  2
*D4
340
0
 70
0
280
1
281
0
  0
BLOCK_RECORD
  5
1C5
330
9
100
AcDbSymbolTableRecord
100
AcDbBlockTableRecord
  2
*D5
340
0
 70
0
280
1
281
0
  0
BLOCK_RECORD
  5
1D4
330
9
100
AcDbSymbolTableRecord
100
AcDbBlockTableRecord
  2
*D6
340
0
 70
0
280
1
281
0
  0
BLOCK_RECORD
  5
1E3
330
9
100
AcDbSymbolTableRecord
100
AcDbBlockTableRecord
  2
*D7
340
0
 70
0
280
1
281
0
  0
BLOCK_RECORD
  5
1F2
330
9
100
AcDbSymbolTableRecord
100
AcDbBlockTableRecord
  2
*D8
340
0
 70
0
280
1
281
0
  0
BLOCK_RECORD
  5
201
330
9
100
AcDbSymbolTableRecord
100
AcDbBlockTableRecord
  2
*D9
340
0
 70
0
280
1
281
0
  0
BLOCK_RECORD
  5
210
330
9
100
AcDbSymbolTableRecord
100
AcDbBlockTableRecord
  2
*D10
340
0
 70
0
280
1
281
0
  0
BLOCK_RECORD
  5
27C
330
9
100
AcDbSymbolTableRecord
100
AcDbBlockTableRecord
  2
*D11
340
0
 70
0
280
1
281
0
  0
BLOCK_RECORD
  5
28B
330
9
100
AcDbSymbolTableRecord
100
AcDbBlockTableRecord
  2
*D12
340
0
 70
0
280
1
281
0
  0
BLOCK_RECORD
  5
29A
330
9
100
AcDbSymbolTableRecord
100
AcDbBlockTableRecord
  2
*D13
340
0
 70
0
280
1
281
0
  0
BLOCK_RECORD
  5
2A9
330
9
100
AcDbSymbolTableRecord
100
AcDbBlockTableRecord
  2
*D14
340
0
 70
0
280
1
281
0
  0
BLOCK_RECORD
  5
2B8
330
9
100
AcDbSymbolTableRecord
100
AcDbBlockTableRecord
  2
*D15
340
0
 70
0
280
1
281
0
  0
BLOCK_RECORD
  5
2C7
330
9
100
AcDbSymbolTableRecord
100
AcDbBlockTableRecord
  2
*D16
340
0
 70
0
280
1
281
0
  0
BLOCK_RECORD
  5
2D6
330
9
100
AcDbSymbolTableRecord
100
AcDbBlockTableRecord
  2
*D17
340
0
 70
0
280
1
281
0
  0
BLOCK_RECORD
  5
2E5
330
9
100
AcDbSymbolTableRecord
100
AcDbBlockTableRecord
  2
*D18
340
0
 70
0
280
1
281
0
  0
BLOCK_RECORD
  5
2F4
330
9
100
AcDbSymbolTableRecord
100
AcDbBlockTableRecord
  2
*D19
340
0
 70
0
280
1
281
0
  0
BLOCK_RECORD
  5
303
330
9
100
AcDbSymbolTableRecord
100
AcDbBlockTableRecord
  2
*D20
340
0
 70
0
280
1
281
0
  0
BLOCK_RECORD
  5
346
330
9
100
AcDbSymbolTableRecord
100
AcDbBlockTableRecord
  2
*D21
340
0
 70
0
280
1
281
0
  0
BLOCK_RECORD
  5
355
330
9
100
AcDbSymbolTableRecord
100
AcDbBlockTableRecord
  2
*D22
340
0
 70
0
280
1
281
0
  0
BLOCK_RECORD
  5
364
330
9
100
AcDbSymbolTableRecord
100
AcDbBlockTableRecord
  2
*D23
340
0
 70
0
280
1
281
0
  0
BLOCK_RECORD
  5
373
330
9
100
AcDbSymbolTableRecord
100
AcDbBlockTableRecord
  2
*D24
340
0
 70
0
280
1
281
0
  0
BLOCK_RECORD
  5
382
330
9
100
AcDbSymbolTableRecord
100
AcDbBlockTableRecord
  2
*D25
340
0
 70
0
280
1
281
0
  0
BLOCK_RECORD
  5
391
330
9
100
AcDbSymbolTableRecord
100
AcDbBlockTableRecord
  2
*D26
340
0
 70
0
280
1
281
0
  0
BLOCK_RECORD
  5
3A0
330
9
100
AcDbSymbolTableRecord
100
AcDbBlockTableRecord
  2
*D27
340
0
 70
0
280
1
281
0
  0
BLOCK_RECORD
  5
3AF
330
9
100
AcDbSymbolTableRecord
100
AcDbBlockTableRecord
  2
*D28
340
0
 70
0
280
1
281
0
  0
BLOCK_RECORD
  5
3E2
330
9
100
AcDbSymbolTableRecord
100
AcDbBlockTableRecord
  2
*D29
340
0
 70
0
280
1
281
0
  0
BLOCK_RECORD
  5
3F1
330
9
100
AcDbSymbolTableRecord
100
AcDbBlockTableRecord
  2
*D30
340
0
 70
0
280
1
281
0
  0
BLOCK_RECORD
  5
400
330
9
100
AcDbSymbolTableRecord
100
AcDbBlockTableRecord
  2
*D31
340
0
 70
0
280
1
281
0
  0
BLOCK_RECORD
  5
40F
330
9
100
AcDbSymbolTableRecord
100
AcDbBlockTableRecord
  2
*D32
340
0
 70
0
280
1
281
0
  0
BLOCK_RECORD
  5
41E
330
9
100
AcDbSymbolTableRecord
100
AcDbBlockTableRecord
  2
*D33
340
0
 70
0
280
1
281
0
  0
BLOCK_RECORD
  5
42D
330
9
100
AcDbSymbolTableRecord
100
AcDbBlockTableRecord
  2
*D34
340
0
 70
0
280
1
281
0
  0
BLOCK_RECORD
  5
43C
330
9
100
AcDbSymbolTableRecord
100
AcDbBlockTableRecord
  2
*D35
340
0
 70
0
280
1
281
0
  0
ENDTAB
  0
ENDSEC
  0
SECTION
  2
BLOCKS
  0
BLOCK
  5
18
330
17
100
AcDbEntity
  8
0
100
AcDbBlockBegin
  2
*Model_Space
 70
0
 10
0.0
 20
0.0
 30
0.0
  3
*Model_Space
  1

  0
ENDBLK
  5
19
330
17
100
AcDbEntity
  8
0
100
AcDbBlockEnd
  0
BLOCK
  5
1C
330
1B
100
AcDbEntity
  8
0
100
AcDbBlockBegin
  2
*Paper_Space
 70
0
 10
0.0
 20
0.0
 30
0.0
  3
*Paper_Space
  1

  0
ENDBLK
  5
1D
330
1B
100
AcDbEntity
  8
0
100
AcDbBlockEnd
  0
BLOCK
  5
4A
330
49
100
AcDbEntity
  8
0
100
AcDbBlockBegin
  2
_OBLIQUE
 70
0
 10
0.0
 20
0.0
 30
0.0
  3
_OBLIQUE
  1

  0
LINE
  5
4C
330
49
100
AcDbEntity
  8
0
  6
BYBLOCK
 62
0
100
AcDbLine
 10
-0.5
 20
-0.5
 30
0.0
 11
0.5
 21
0.5
 31
0.0
  0
ENDBLK
  5
4B
330
49
100
AcDbEntity
  8
0
100
AcDbBlockEnd
  0
BLOCK
  5
4E
330
4D
100
AcDbEntity
  8
0
100
AcDbBlockBegin
  2
_CLOSEDFILLED
 70
0
 10
0.0
 20
0.0
 30
0.0
  3
_CLOSEDFILLED
  1

  0
SOLID
  5
50
330
4D
100
AcDbEntity
  8
0
  6
BYBLOCK
 62
0
100
AcDbTrace
 10
-1.0
 20
0.16439898372402537
 30
0.0
 11
0.0
 21
0.0
 31
0.0
 12
-1.0
 22
-0.16439898372402537
 32
0.0
 13
-1.0
 23
-0.16439898372402537
 33
0.0
  0
ENDBLK
  5
4F
330
4D
100
AcDbEntity
  8
0
100
AcDbBlockEnd
  0
BLOCK
  5
53
330
52
100
AcDbEntity
  8
0
100
AcDbBlockBegin
  2
PAR_ESQ
 70
0
 10
0.0
 20
0.0
 30
0.0
  3
PAR_ESQ
  1

  0
LINE
  5
55
330
52
100
AcDbEntity
  8
0
100
AcDbLine
 10
-1.0
 20
-1.0
 30
0.0
 11
1.0
 21
1.0
 31
0.0
  0
LINE
  5
56
330
52
100
AcDbEntity
  8
0
100
AcDbLine
 10
-1.0
 20
1.0
 30
0.0
 11
1.0
 21
-1.0
 31
0.0
  0
ENDBLK
  5
54
330
52
100
AcDbEntity
  8
0
100
AcDbBlockEnd
  0
BLOCK
  5
58
330
57
100
AcDbEntity
  8
0
100
AcDbBlockBegin
  2
PAR_FUNDO_ESQ
 70
0
 10
0.0
 20
0.0
 30
0.0
  3
PAR_FUNDO_ESQ
  1

  0
LINE
  5
5A
330
57
100
AcDbEntity
  8
0
100
AcDbLine
 10
-1.0
 20
-1.0
 30
0.0
 11
1.0
 21
1.0
 31
0.0
  0
LINE
  5
5B
330
57
100
AcDbEntity
  8
0
100
AcDbLine
 10
-1.0
 20
1.0
 30
0.0
 11
1.0
 21
-1.0
 31
0.0
  0
ENDBLK
  5
59
330
57
100
AcDbEntity
  8
0
100
AcDbBlockEnd
  0
BLOCK
  5
5D
330
5C
100
AcDbEntity
  8
0
100
AcDbBlockBegin
  2
PAR_FUNDO_DIR
 70
0
 10
0.0
 20
0.0
 30
0.0
  3
PAR_FUNDO_DIR
  1

  0
LINE
  5
5F
330
5C
100
AcDbEntity
  8
0
100
AcDbLine
 10
-1.0
 20
-1.0
 30
0.0
 11
1.0
 21
1.0
 31
0.0
  0
LINE
  5
60
330
5C
100
AcDbEntity
  8
0
100
AcDbLine
 10
-1.0
 20
1.0
 30
0.0
 11
1.0
 21
-1.0
 31
0.0
  0
ENDBLK
  5
5E
330
5C
100
AcDbEntity
  8
0
100
AcDbBlockEnd
  0
BLOCK
  5
62
330
61
100
AcDbEntity
  8
0
100
AcDbBlockBegin
  2
par_int_esq
 70
0
 10
0.0
 20
0.0
 30
0.0
  3
par_int_esq
  1

  0
LINE
  5
64
330
61
100
AcDbEntity
  8
0
100
AcDbLine
 10
-1.0
 20
-1.0
 30
0.0
 11
1.0
 21
1.0
 31
0.0
  0
LINE
  5
65
330
61
100
AcDbEntity
  8
0
100
AcDbLine
 10
-1.0
 20
1.0
 30
0.0
 11
1.0
 21
-1.0
 31
0.0
  0
ENDBLK
  5
63
330
61
100
AcDbEntity
  8
0
100
AcDbBlockEnd
  0
BLOCK
  5
67
330
66
100
AcDbEntity
  8
0
100
AcDbBlockBegin
  2
par_int_dir
 70
0
 10
0.0
 20
0.0
 30
0.0
  3
par_int_dir
  1

  0
LINE
  5
69
330
66
100
AcDbEntity
  8
0
100
AcDbLine
 10
-1.0
 20
-1.0
 30
0.0
 11
1.0
 21
1.0
 31
0.0
  0
LINE
  5
6A
330
66
100
AcDbEntity
  8
0
100
AcDbLine
 10
-1.0
 20
1.0
 30
0.0
 11
1.0
 21
-1.0
 31
0.0
  0
ENDBLK
  5
68
330
66
100
AcDbEntity
  8
0
100
AcDbBlockEnd
  0
BLOCK
  5
18A
330
189
100
AcDbEntity
  8
0
100
AcDbBlockBegin
  2
*D1
 70
1
 10
0.0
 20
0.0
 30
0.0
  3
*D1
  1

  0
LINE
  5
18C
330
189
100
AcDbEntity
  8
0
 62
4
100
AcDbLine
 10
1800.0
 20
-262.0
 30
0.0
 11
1800.0
 21
-299.0
 31
0.0
  0
LINE
  5
18D
330
189
100
AcDbEntity
  8
0
 62
4
100
AcDbLine
 10
2044.0
 20
-262.0
 30
0.0
 11
2044.0
 21
-299.0
 31
0.0
  0
INSERT
  5
18E
330
189
100
AcDbEntity
  8
COTA
 62
4
100
AcDbBlockReference
  2
_OBLIQUE
 10
1800.0
 20
-296.0
 30
0.0
 41
3.0
 42
3.0
 50
180.0
  0
INSERT
  5
190
330
189
100
AcDbEntity
  8
COTA
 62
4
100
AcDbBlockReference
  2
_OBLIQUE
 10
2044.0
 20
-296.0
 30
0.0
 41
3.0
 42
3.0
  0
LINE
  5
192
330
189
100
AcDbEntity
  8
0
 62
4
100
AcDbLine
 10
1800.0
 20
-296.0
 30
0.0
 11
2044.0
 21
-296.0
 31
0.0
  0
MTEXT
  5
193
330
189
100
AcDbEntity
  8
COTA
 62
240
100
AcDbMText
 10
1922.0
 20
-288.0
 30
0.0
 40
10.0
 71
5
  1
244
  0
POINT
  5
194
330
189
100
AcDbEntity
  8
Defpoints
100
AcDbPoint
 10
1800.0
 20
-296.0
 30
0.0
  0
POINT
  5
195
330
189
100
AcDbEntity
  8
Defpoints
100
AcDbPoint
 10
1800.0
 20
-259.0
 30
0.0
  0
POINT
  5
196
330
189
100
AcDbEntity
  8
Defpoints
100
AcDbPoint
 10
2044.0
 20
-259.0
 30
0.0
  0
ENDBLK
  5
18B
330
189
100
AcDbEntity
  8
0
100
AcDbBlockEnd
  0
BLOCK
  5
199
330
198
100
AcDbEntity
  8
0
100
AcDbBlockBegin
  2
*D2
 70
1
 10
0.0
 20
0.0
 30
0.0
  3
*D2
  1

  0
LINE
  5
19B
330
198
100
AcDbEntity
  8
0
 62
4
100
AcDbLine
 10
2044.0
 20
-262.0
 30
0.0
 11
2044.0
 21
-299.0
 31
0.0
  0
LINE
  5
19C
330
198
100
AcDbEntity
  8
0
 62
4
100
AcDbLine
 10
2072.7
 20
-262.0
 30
0.0
 11
2072.7
 21
-299.0
 31
0.0
  0
INSERT
  5
19D
330
198
100
AcDbEntity
  8
COTA
 62
4
100
AcDbBlockReference
  2
_OBLIQUE
 10
2044.0
 20
-296.0
 30
0.0
 41
3.0
 42
3.0
 50
180.0
  0
INSERT
  5
19F
330
198
100
AcDbEntity
  8
COTA
 62
4
100
AcDbBlockReference
  2
_OBLIQUE
 10
2072.7
 20
-296.0
 30
0.0
 41
3.0
 42
3.0
  0
LINE
  5
1A1
330
198
100
AcDbEntity
  8
0
 62
4
100
AcDbLine
 10
2044.0
 20
-296.0
 30
0.0
 11
2072.7
 21
-296.0
 31
0.0
  0
MTEXT
  5
1A2
330
198
100
AcDbEntity
  8
COTA
 62
240
100
AcDbMText
 10
2058.35
 20
-285.0
 30
0.0
 40
10.0
 71
5
  1
28,7
  0
POINT
  5
1A3
330
198
100
AcDbEntity
  8
Defpoints
100
AcDbPoint
 10
2044.0
 20
-296.0
 30
0.0
  0
POINT
  5
1A4
330
198
100
AcDbEntity
  8
Defpoints
100
AcDbPoint
 10
2044.0
 20
-259.0
 30
0.0
  0
POINT
  5
1A5
330
198
100
AcDbEntity
  8
Defpoints
100
AcDbPoint
 10
2072.7
 20
-259.0
 30
0.0
  0
ENDBLK
  5
19A
330
198
100
AcDbEntity
  8
0
100
AcDbBlockEnd
  0
BLOCK
  5
1A8
330
1A7
100
AcDbEntity
  8
0
100
AcDbBlockBegin
  2
*D3
 70
1
 10
0.0
 20
0.0
 30
0.0
  3
*D3
  1

  0
LINE
  5
1AA
330
1A7
100
AcDbEntity
  8
0
 62
4
100
AcDbLine
 10
2072.7
 20
-262.0
 30
0.0
 11
2072.7
 21
-299.0
 31
0.0
  0
LINE
  5
1AB
330
1A7
100
AcDbEntity
  8
0
 62
4
100
AcDbLine
 10
2094.5
 20
-262.0
 30
0.0
 11
2094.5
 21
-299.0
 31
0.0
  0
INSERT
  5
1AC
330
1A7
100
AcDbEntity
  8
COTA
 62
4
100
AcDbBlockReference
  2
_OBLIQUE
 10
2072.7
 20
-296.0
 30
0.0
 41
3.0
 42
3.0
 50
180.0
  0
INSERT
  5
1AE
330
1A7
100
AcDbEntity
  8
COTA
 62
4
100
AcDbBlockReference
  2
_OBLIQUE
 10
2094.5
 20
-296.0
 30
0.0
 41
3.0
 42
3.0
  0
LINE
  5
1B0
330
1A7
100
AcDbEntity
  8
0
 62
4
100
AcDbLine
 10
2072.7
 20
-296.0
 30
0.0
 11
2094.5
 21
-296.0
 31
0.0
  0
MTEXT
  5
1B1
330
1A7
100
AcDbEntity
  8
COTA
 62
240
100
AcDbMText
 10
2083.6
 20
-285.0
 30
0.0
 40
10.0
 71
5
  1
21,8
  0
POINT
  5
1B2
330
1A7
100
AcDbEntity
  8
Defpoints
100
AcDbPoint
 10
2072.7
 20
-296.0
 30
0.0
  0
POINT
  5
1B3
330
1A7
100
AcDbEntity
  8
Defpoints
100
AcDbPoint
 10
2072.7
 20
-259.0
 30
0.0
  0
POINT
  5
1B4
330
1A7
100
AcDbEntity
  8
Defpoints
100
AcDbPoint
 10
2094.5
 20
-259.0
 30
0.0
  0
ENDBLK
  5
1A9
330
1A7
100
AcDbEntity
  8
0
100
AcDbBlockEnd
  0
BLOCK
  5
1B7
330
1B6
100
AcDbEntity
  8
0
100
AcDbBlockBegin
  2
*D4
 70
1
 10
0.0
 20
0.0
 30
0.0
  3
*D4
  1

  0
LINE
  5
1B9
330
1B6
100
AcDbEntity
  8
0
 62
4
100
AcDbLine
 10
2094.5
 20
-262.0
 30
0.0
 11
2094.5
 21
-299.0
 31
0.0
  0
LINE
  5
1BA
330
1B6
100
AcDbEntity
  8
0
 62
4
100
AcDbLine
 10
2205.5
 20
-262.0
 30
0.0
 11
2205.5
 21
-299.0
 31
0.0
  0
INSERT
  5
1BB
330
1B6
100
AcDbEntity
  8
COTA
 62
4
100
AcDbBlockReference
  2
_OBLIQUE
 10
2094.5
 20
-296.0
 30
0.0
 41
3.0
 42
3.0
 50
180.0
  0
INSERT
  5
1BD
330
1B6
100
AcDbEntity
  8
COTA
 62
4
100
AcDbBlockReference
  2
_OBLIQUE
 10
2205.5
 20
-296.0
 30
0.0
 41
3.0
 42
3.0
  0
LINE
  5
1BF
330
1B6
100
AcDbEntity
  8
0
 62
4
100
AcDbLine
 10
2094.5
 20
-296.0
 30
0.0
 11
2205.5
 21
-296.0
 31
0.0
  0
MTEXT
  5
1C0
330
1B6
100
AcDbEntity
  8
COTA
 62
240
100
AcDbMText
 10
2150.0
 20
-288.0
 30
0.0
 40
10.0
 71
5
  1
111
  0
POINT
  5
1C1
330
1B6
100
AcDbEntity
  8
Defpoints
100
AcDbPoint
 10
2094.5
 20
-296.0
 30
0.0
  0
POINT
  5
1C2
330
1B6
100
AcDbEntity
  8
Defpoints
100
AcDbPoint
 10
2094.5
 20
-259.0
 30
0.0
  0
POINT
  5
1C3
330
1B6
100
AcDbEntity
  8
Defpoints
100
AcDbPoint
 10
2205.5
 20
-259.0
 30
0.0
  0
ENDBLK
  5
1B8
330
1B6
100
AcDbEntity
  8
0
100
AcDbBlockEnd
  0
BLOCK
  5
1C6
330
1C5
100
AcDbEntity
  8
0
100
AcDbBlockBegin
  2
*D5
 70
1
 10
0.0
 20
0.0
 30
0.0
  3
*D5
  1

  0
LINE
  5
1C8
330
1C5
100
AcDbEntity
  8
0
 62
4
100
AcDbLine
 10
2205.5
 20
-262.0
 30
0.0
 11
2205.5
 21
-299.0
 31
0.0
  0
LINE
  5
1C9
330
1C5
100
AcDbEntity
  8
0
 62
4
100
AcDbLine
 10
2224.5
 20
-262.0
 30
0.0
 11
2224.5
 21
-299.0
 31
0.0
  0
INSERT
  5
1CA
330
1C5
100
AcDbEntity
  8
COTA
 62
4
100
AcDbBlockReference
  2
_OBLIQUE
 10
2205.5
 20
-296.0
 30
0.0
 41
3.0
 42
3.0
 50
180.0
  0
INSERT
  5
1CC
330
1C5
100
AcDbEntity
  8
COTA
 62
4
100
AcDbBlockReference
  2
_OBLIQUE
 10
2224.5
 20
-296.0
 30
0.0
 41
3.0
 42
3.0
  0
LINE
  5
1CE
330
1C5
100
AcDbEntity
  8
0
 62
4
100
AcDbLine
 10
2205.5
 20
-296.0
 30
0.0
 11
2224.5
 21
-296.0
 31
0.0
  0
MTEXT
  5
1CF
330
1C5
100
AcDbEntity
  8
COTA
 62
240
100
AcDbMText
 10
2215.0
 20
-285.0
 30
0.0
 40
10.0
 71
5
  1
19
  0
POINT
  5
1D0
330
1C5
100
AcDbEntity
  8
Defpoints
100
AcDbPoint
 10
2205.5
 20
-296.0
 30
0.0
  0
POINT
  5
1D1
330
1C5
100
AcDbEntity
  8
Defpoints
100
AcDbPoint
 10
2205.5
 20
-259.0
 30
0.0
  0
POINT
  5
1D2
330
1C5
100
AcDbEntity
  8
Defpoints
100
AcDbPoint
 10
2224.5
 20
-259.0
 30
0.0
  0
ENDBLK
  5
1C7
330
1C5
100
AcDbEntity
  8
0
100
AcDbBlockEnd
  0
BLOCK
  5
1D5
330
1D4
100
AcDbEntity
  8
0
100
AcDbBlockBegin
  2
*D6
 70
1
 10
0.0
 20
0.0
 30
0.0
  3
*D6
  1

  0
LINE
  5
1D7
330
1D4
100
AcDbEntity
  8
0
 62
4
100
AcDbLine
 10
2224.5
 20
-262.0
 30
0.0
 11
2224.5
 21
-299.0
 31
0.0
  0
LINE
  5
1D8
330
1D4
100
AcDbEntity
  8
0
 62
4
100
AcDbLine
 10
2245.7
 20
-262.0
 30
0.0
 11
2245.7
 21
-299.0
 31
0.0
  0
INSERT
  5
1D9
330
1D4
100
AcDbEntity
  8
COTA
 62
4
100
AcDbBlockReference
  2
_OBLIQUE
 10
2224.5
 20
-296.0
 30
0.0
 41
3.0
 42
3.0
 50
180.0
  0
INSERT
  5
1DB
330
1D4
100
AcDbEntity
  8
COTA
 62
4
100
AcDbBlockReference
  2
_OBLIQUE
 10
2245.7
 20
-296.0
 30
0.0
 41
3.0
 42
3.0
  0
LINE
  5
1DD
330
1D4
100
AcDbEntity
  8
0
 62
4
100
AcDbLine
 10
2224.5
 20
-296.0
 30
0.0
 11
2245.7
 21
-296.0
 31
0.0
  0
MTEXT
  5
1DE
330
1D4
100
AcDbEntity
  8
COTA
 62
240
100
AcDbMText
 10
2235.1
 20
-285.0
 30
0.0
 40
10.0
 71
5
  1
21,2
  0
POINT
  5
1DF
330
1D4
100
AcDbEntity
  8
Defpoints
100
AcDbPoint
 10
2224.5
 20
-296.0
 30
0.0
  0
POINT
  5
1E0
330
1D4
100
AcDbEntity
  8
Defpoints
100
AcDbPoint
 10
2224.5
 20
-259.0
 30
0.0
  0
POINT
  5
1E1
330
1D4
100
AcDbEntity
  8
Defpoints
100
AcDbPoint
 10
2245.7
 20
-259.0
 30
0.0
  0
ENDBLK
  5
1D6
330
1D4
100
AcDbEntity
  8
0
100
AcDbBlockEnd
  0
BLOCK
  5
1E4
330
1E3
100
AcDbEntity
  8
0
100
AcDbBlockBegin
  2
*D7
 70
1
 10
0.0
 20
0.0
 30
0.0
  3
*D7
  1

  0
LINE
  5
1E6
330
1E3
100
AcDbEntity
  8
0
 62
4
100
AcDbLine
 10
1800.0
 20
-262.0
 30
0.0
 11
1800.0
 21
-322.0
 31
0.0
  0
LINE
  5
1E7
330
1E3
100
AcDbEntity
  8
0
 62
4
100
AcDbLine
 10
2245.7
 20
-262.0
 30
0.0
 11
2245.7
 21
-322.0
 31
0.0
  0
INSERT
  5
1E8
330
1E3
100
AcDbEntity
  8
COTA
 62
4
100
AcDbBlockReference
  2
_OBLIQUE
 10
1800.0
 20
-319.0
 30
0.0
 41
3.0
 42
3.0
 50
180.0
  0
INSERT
  5
1EA
330
1E3
100
AcDbEntity
  8
COTA
 62
4
100
AcDbBlockReference
  2
_OBLIQUE
 10
2245.7
 20
-319.0
 30
0.0
 41
3.0
 42
3.0
  0
LINE
  5
1EC
330
1E3
100
AcDbEntity
  8
0
 62
4
100
AcDbLine
 10
1800.0
 20
-319.0
 30
0.0
 11
2245.7
 21
-319.0
 31
0.0
  0
MTEXT
  5
1ED
330
1E3
100
AcDbEntity
  8
COTA
 62
240
100
AcDbMText
 10
2022.85
 20
-311.0
 30
0.0
 40
10.0
 71
5
  1
445,7
  0
POINT
  5
1EE
330
1E3
100
AcDbEntity
  8
Defpoints
100
AcDbPoint
 10
1800.0
 20
-319.0
 30
0.0
  0
POINT
  5
1EF
330
1E3
100
AcDbEntity
  8
Defpoints
100
AcDbPoint
 10
1800.0
 20
-259.0
 30
0.0
  0
POINT
  5
1F0
330
1E3
100
AcDbEntity
  8
Defpoints
100
AcDbPoint
 10
2245.7
 20
-259.0
 30
0.0
  0
ENDBLK
  5
1E5
330
1E3
100
AcDbEntity
  8
0
100
AcDbBlockEnd
  0
BLOCK
  5
1F3
330
1F2
100
AcDbEntity
  8
0
100
AcDbBlockBegin
  2
*D8
 70
1
 10
0.0
 20
0.0
 30
0.0
  3
*D8
  1

  0
LINE
  5
1F5
330
1F2
100
AcDbEntity
  8
0
 62
4
100
AcDbLine
 10
2248.7
 20
-259.0
 30
0.0
 11
2276.7
 21
-259.0
 31
0.0
  0
LINE
  5
1F6
330
1F2
100
AcDbEntity
  8
0
 62
4
100
AcDbLine
 10
2248.7
 20
-135.0
 30
0.0
 11
2276.7
 21
-135.0
 31
0.0
  0
INSERT
  5
1F7
330
1F2
100
AcDbEntity
  8
COTA
 62
4
100
AcDbBlockReference
  2
_OBLIQUE
 10
2273.7
 20
-259.0
 30
0.0
 41
3.0
 42
3.0
 50
270.0
  0
INSERT
  5
1F9
330
1F2
100
AcDbEntity
  8
COTA
 62
4
100
AcDbBlockReference
  2
_OBLIQUE
 10
2273.7
 20
-135.0
 30
0.0
 41
3.0
 42
3.0
 50
90.0
  0
LINE
  5
1FB
330
1F2
100
AcDbEntity
  8
0
 62
4
100
AcDbLine
 10
2273.7
 20
-259.0
 30
0.0
 11
2273.7
 21
-135.0
 31
0.0
  0
MTEXT
  5
1FC
330
1F2
100
AcDbEntity
  8
COTA
 62
240
100
AcDbMText
 10
2265.7
 20
-197.0
 30
0.0
 40
10.0
 71
5
  1
124
 50
90.0
  0
POINT
  5
1FD
330
1F2
100
AcDbEntity
  8
Defpoints
100
AcDbPoint
 10
2273.7
 20
-259.0
 30
0.0
  0
POINT
  5
1FE
330
1F2
100
AcDbEntity
  8
Defpoints
100
AcDbPoint
 10
2245.7
 20
-259.0
 30
0.0
  0
POINT
  5
1FF
330
1F2
100
AcDbEntity
  8
Defpoints
100
AcDbPoint
 10
2245.7
 20
-135.0
 30
0.0
  0
ENDBLK
  5
1F4
330
1F2
100
AcDbEntity
  8
0
100
AcDbBlockEnd
  0
BLOCK
  5
202
330
201
100
AcDbEntity
  8
0
100
AcDbBlockBegin
  2
*D9
 70
1
 10
0.0
 20
0.0
 30
0.0
  3
*D9
  1

  0
LINE
  5
204
330
201
100
AcDbEntity
  8
0
 62
4
100
AcDbLine
 10
2248.7
 20
-259.0
 30
0.0
 11
2276.7
 21
-259.0
 31
0.0
  0
LINE
  5
205
330
201
100
AcDbEntity
  8
0
 62
4
100
AcDbLine
 10
2248.7
 20
-150.0
 30
0.0
 11
2276.7
 21
-150.0
 31
0.0
  0
INSERT
  5
206
330
201
100
AcDbEntity
  8
COTA
 62
4
100
AcDbBlockReference
  2
_OBLIQUE
 10
2273.7
 20
-259.0
 30
0.0
 41
3.0
 42
3.0
 50
270.0
  0
INSERT
  5
208
330
201
100
AcDbEntity
  8
COTA
 62
4
100
AcDbBlockReference
  2
_OBLIQUE
 10
2273.7
 20
-150.0
 30
0.0
 41
3.0
 42
3.0
 50
90.0
  0
LINE
  5
20A
330
201
100
AcDbEntity
  8
0
 62
4
100
AcDbLine
 10
2273.7
 20
-259.0
 30
0.0
 11
2273.7
 21
-150.0
 31
0.0
  0
MTEXT
  5
20B
330
201
100
AcDbEntity
  8
COTA
 62
240
100
AcDbMText
 10
2265.7
 20
-204.5
 30
0.0
 40
10.0
 71
5
  1
109
 50
90.0
  0
POINT
  5
20C
330
201
100
AcDbEntity
  8
Defpoints
100
AcDbPoint
 10
2273.7
 20
-259.0
 30
0.0
  0
POINT
  5
20D
330
201
100
AcDbEntity
  8
Defpoints
100
AcDbPoint
 10
2245.7
 20
-259.0
 30
0.0
  0
POINT
  5
20E
330
201
100
AcDbEntity
  8
Defpoints
100
AcDbPoint
 10
2245.7
 20
-150.0
 30
0.0
  0
ENDBLK
  5
203
330
201
100
AcDbEntity
  8
0
100
AcDbBlockEnd
  0
BLOCK
  5
211
330
210
100
AcDbEntity
  8
0
100
AcDbBlockBegin
  2
*D10
 70
1
 10
0.0
 20
0.0
 30
0.0
  3
*D10
  1

  0
LINE
  5
213
330
210
100
AcDbEntity
  8
0
 62
4
100
AcDbLine
 10
2248.7
 20
-150.0
 30
0.0
 11
2276.7
 21
-150.0
 31
0.0
  0
LINE
  5
214
330
210
100
AcDbEntity
  8
0
 62
4
100
AcDbLine
 10
2248.7
 20
-135.0
 30
0.0
 11
2276.7
 21
-135.0
 31
0.0
  0
INSERT
  5
215
330
210
100
AcDbEntity
  8
COTA
 62
4
100
AcDbBlockReference
  2
_OBLIQUE
 10
2273.7
 20
-150.0
 30
0.0
 41
3.0
 42
3.0
 50
270.0
  0
INSERT
  5
217
330
210
100
AcDbEntity
  8
COTA
 62
4
100
AcDbBlockReference
  2
_OBLIQUE
 10
2273.7
 20
-135.0
 30
0.0
 41
3.0
 42
3.0
 50
90.0
  0
LINE
  5
219
330
210
100
AcDbEntity
  8
0
 62
4
100
AcDbLine
 10
2273.7
 20
-150.0
 30
0.0
 11
2273.7
 21
-135.0
 31
0.0
  0
MTEXT
  5
21A
330
210
100
AcDbEntity
  8
COTA
 62
240
100
AcDbMText
 10
2262.7
 20
-142.5
 30
0.0
 40
10.0
 71
5
  1
15
 50
90.0
  0
POINT
  5
21B
330
210
100
AcDbEntity
  8
Defpoints
100
AcDbPoint
 10
2273.7
 20
-150.0
 30
0.0
  0
POINT
  5
21C
330
210
100
AcDbEntity
  8
Defpoints
100
AcDbPoint
 10
2245.7
 20
-150.0
 30
0.0
  0
POINT
  5
21D
330
210
100
AcDbEntity
  8
Defpoints
100
AcDbPoint
 10
2245.7
 20
-135.0
 30
0.0
  0
ENDBLK
  5
212
330
210
100
AcDbEntity
  8
0
100
AcDbBlockEnd
  0
BLOCK
  5
27D
330
27C
100
AcDbEntity
  8
0
100
AcDbBlockBegin
  2
*D11
 70
1
 10
0.0
 20
0.0
 30
0.0
  3
*D11
  1

  0
LINE
  5
27F
330
27C
100
AcDbEntity
  8
0
 62
4
100
AcDbLine
 10
2445.7
 20
-262.0
 30
0.0
 11
2445.7
 21
-299.0
 31
0.0
  0
LINE
  5
280
330
27C
100
AcDbEntity
  8
0
 62
4
100
AcDbLine
 10
2689.7
 20
-262.0
 30
0.0
 11
2689.7
 21
-299.0
 31
0.0
  0
INSERT
  5
281
330
27C
100
AcDbEntity
  8
COTA
 62
4
100
AcDbBlockReference
  2
_OBLIQUE
 10
2445.7
 20
-296.0
 30
0.0
 41
3.0
 42
3.0
 50
180.0
  0
INSERT
  5
283
330
27C
100
AcDbEntity
  8
COTA
 62
4
100
AcDbBlockReference
  2
_OBLIQUE
 10
2689.7
 20
-296.0
 30
0.0
 41
3.0
 42
3.0
  0
LINE
  5
285
330
27C
100
AcDbEntity
  8
0
 62
4
100
AcDbLine
 10
2445.7
 20
-296.0
 30
0.0
 11
2689.7
 21
-296.0
 31
0.0
  0
MTEXT
  5
286
330
27C
100
AcDbEntity
  8
COTA
 62
240
100
AcDbMText
 10
2567.7
 20
-288.0
 30
0.0
 40
10.0
 71
5
  1
244
  0
POINT
  5
287
330
27C
100
AcDbEntity
  8
Defpoints
100
AcDbPoint
 10
2445.7
 20
-296.0
 30
0.0
  0
POINT
  5
288
330
27C
100
AcDbEntity
  8
Defpoints
100
AcDbPoint
 10
2445.7
 20
-259.0
 30
0.0
  0
POINT
  5
289
330
27C
100
AcDbEntity
  8
Defpoints
100
AcDbPoint
 10
2689.7
 20
-259.0
 30
0.0
  0
ENDBLK
  5
27E
330
27C
100
AcDbEntity
  8
0
100
AcDbBlockEnd
  0
BLOCK
  5
28C
330
28B
100
AcDbEntity
  8
0
100
AcDbBlockBegin
  2
*D12
 70
1
 10
0.0
 20
0.0
 30
0.0
  3
*D12
  1

  0
LINE
  5
28E
330
28B
100
AcDbEntity
  8
0
 62
4
100
AcDbLine
 10
2689.7
 20
-262.0
 30
0.0
 11
2689.7
 21
-299.0
 31
0.0
  0
LINE
  5
28F
330
28B
100
AcDbEntity
  8
0
 62
4
100
AcDbLine
 10
2730.8999999999996
 20
-262.0
 30
0.0
 11
2730.8999999999996
 21
-299.0
 31
0.0
  0
INSERT
  5
290
330
28B
100
AcDbEntity
  8
COTA
 62
4
100
AcDbBlockReference
  2
_OBLIQUE
 10
2689.7
 20
-296.0
 30
0.0
 41
3.0
 42
3.0
 50
180.0
  0
INSERT
  5
292
330
28B
100
AcDbEntity
  8
COTA
 62
4
100
AcDbBlockReference
  2
_OBLIQUE
 10
2730.8999999999996
 20
-296.0
 30
0.0
 41
3.0
 42
3.0
  0
LINE
  5
294
330
28B
100
AcDbEntity
  8
0
 62
4
100
AcDbLine
 10
2689.7
 20
-296.0
 30
0.0
 11
2730.8999999999996
 21
-296.0
 31
0.0
  0
MTEXT
  5
295
330
28B
100
AcDbEntity
  8
COTA
 62
240
100
AcDbMText
 10
2710.2999999999997
 20
-288.0
 30
0.0
 40
10.0
 71
5
  1
41,2
  0
POINT
  5
296
330
28B
100
AcDbEntity
  8
Defpoints
100
AcDbPoint
 10
2689.7
 20
-296.0
 30
0.0
  0
POINT
  5
297
330
28B
100
AcDbEntity
  8
Defpoints
100
AcDbPoint
 10
2689.7
 20
-259.0
 30
0.0
  0
POINT
  5
298
330
28B
100
AcDbEntity
  8
Defpoints
100
AcDbPoint
 10
2730.8999999999996
 20
-259.0
 30
0.0
  0
ENDBLK
  5
28D
330
28B
100
AcDbEntity
  8
0
100
AcDbBlockEnd
  0
BLOCK
  5
29B
330
29A
100
AcDbEntity
  8
0
100
AcDbBlockBegin
  2
*D13
 70
1
 10
0.0
 20
0.0
 30
0.0
  3
*D13
  1

  0
LINE
  5
29D
330
29A
100
AcDbEntity
  8
0
 62
4
100
AcDbLine
 10
2730.8999999999996
 20
-262.0
 30
0.0
 11
2730.8999999999996
 21
-299.0
 31
0.0
  0
LINE
  5
29E
330
29A
100
AcDbEntity
  8
0
 62
4
100
AcDbLine
 10
2752.7
 20
-262.0
 30
0.0
 11
2752.7
 21
-299.0
 31
0.0
  0
INSERT
  5
29F
330
29A
100
AcDbEntity
  8
COTA
 62
4
100
AcDbBlockReference
  2
_OBLIQUE
 10
2730.8999999999996
 20
-296.0
 30
0.0
 41
3.0
 42
3.0
 50
180.0
  0
INSERT
  5
2A1
330
29A
100
AcDbEntity
  8
COTA
 62
4
100
AcDbBlockReference
  2
_OBLIQUE
 10
2752.7
 20
-296.0
 30
0.0
 41
3.0
 42
3.0
  0
LINE
  5
2A3
330
29A
100
AcDbEntity
  8
0
 62
4
100
AcDbLine
 10
2730.8999999999996
 20
-296.0
 30
0.0
 11
2752.7
 21
-296.0
 31
0.0
  0
MTEXT
  5
2A4
330
29A
100
AcDbEntity
  8
COTA
 62
240
100
AcDbMText
 10
2741.7999999999997
 20
-285.0
 30
0.0
 40
10.0
 71
5
  1
21,8
  0
POINT
  5
2A5
330
29A
100
AcDbEntity
  8
Defpoints
100
AcDbPoint
 10
2730.8999999999996
 20
-296.0
 30
0.0
  0
POINT
  5
2A6
330
29A
100
AcDbEntity
  8
Defpoints
100
AcDbPoint
 10
2730.8999999999996
 20
-259.0
 30
0.0
  0
POINT
  5
2A7
330
29A
100
AcDbEntity
  8
Defpoints
100
AcDbPoint
 10
2752.7
 20
-259.0
 30
0.0
  0
ENDBLK
  5
29C
330
29A
100
AcDbEntity
  8
0
100
AcDbBlockEnd
  0
BLOCK
  5
2AA
330
2A9
100
AcDbEntity
  8
0
100
AcDbBlockBegin
  2
*D14
 70
1
 10
0.0
 20
0.0
 30
0.0
  3
*D14
  1

  0
LINE
  5
2AC
330
2A9
100
AcDbEntity
  8
0
 62
4
100
AcDbLine
 10
2752.7
 20
-262.0
 30
0.0
 11
2752.7
 21
-299.0
 31
0.0
  0
LINE
  5
2AD
330
2A9
100
AcDbEntity
  8
0
 62
4
100
AcDbLine
 10
2863.7
 20
-262.0
 30
0.0
 11
2863.7
 21
-299.0
 31
0.0
  0
INSERT
  5
2AE
330
2A9
100
AcDbEntity
  8
COTA
 62
4
100
AcDbBlockReference
  2
_OBLIQUE
 10
2752.7
 20
-296.0
 30
0.0
 41
3.0
 42
3.0
 50
180.0
  0
INSERT
  5
2B0
330
2A9
100
AcDbEntity
  8
COTA
 62
4
100
AcDbBlockReference
  2
_OBLIQUE
 10
2863.7
 20
-296.0
 30
0.0
 41
3.0
 42
3.0
  0
LINE
  5
2B2
330
2A9
100
AcDbEntity
  8
0
 62
4
100
AcDbLine
 10
2752.7
 20
-296.0
 30
0.0
 11
2863.7
 21
-296.0
 31
0.0
  0
MTEXT
  5
2B3
330
2A9
100
AcDbEntity
  8
COTA
 62
240
100
AcDbMText
 10
2808.2
 20
-288.0
 30
0.0
 40
10.0
 71
5
  1
111
  0
POINT
  5
2B4
330
2A9
100
AcDbEntity
  8
Defpoints
100
AcDbPoint
 10
2752.7
 20
-296.0
 30
0.0
  0
POINT
  5
2B5
330
2A9
100
AcDbEntity
  8
Defpoints
100
AcDbPoint
 10
2752.7
 20
-259.0
 30
0.0
  0
POINT
  5
2B6
330
2A9
100
AcDbEntity
  8
Defpoints
100
AcDbPoint
 10
2863.7
 20
-259.0
 30
0.0
  0
ENDBLK
  5
2AB
330
2A9
100
AcDbEntity
  8
0
100
AcDbBlockEnd
  0
BLOCK
  5
2B9
330
2B8
100
AcDbEntity
  8
0
100
AcDbBlockBegin
  2
*D15
 70
1
 10
0.0
 20
0.0
 30
0.0
  3
*D15
  1

  0
LINE
  5
2BB
330
2B8
100
AcDbEntity
  8
0
 62
4
100
AcDbLine
 10
2863.7
 20
-262.0
 30
0.0
 11
2863.7
 21
-299.0
 31
0.0
  0
LINE
  5
2BC
330
2B8
100
AcDbEntity
  8
0
 62
4
100
AcDbLine
 10
2882.7
 20
-262.0
 30
0.0
 11
2882.7
 21
-299.0
 31
0.0
  0
INSERT
  5
2BD
330
2B8
100
AcDbEntity
  8
COTA
 62
4
100
AcDbBlockReference
  2
_OBLIQUE
 10
2863.7
 20
-296.0
 30
0.0
 41
3.0
 42
3.0
 50
180.0
  0
INSERT
  5
2BF
330
2B8
100
AcDbEntity
  8
COTA
 62
4
100
AcDbBlockReference
  2
_OBLIQUE
 10
2882.7
 20
-296.0
 30
0.0
 41
3.0
 42
3.0
  0
LINE
  5
2C1
330
2B8
100
AcDbEntity
  8
0
 62
4
100
AcDbLine
 10
2863.7
 20
-296.0
 30
0.0
 11
2882.7
 21
-296.0
 31
0.0
  0
MTEXT
  5
2C2
330
2B8
100
AcDbEntity
  8
COTA
 62
240
100
AcDbMText
 10
2873.2
 20
-285.0
 30
0.0
 40
10.0
 71
5
  1
19
  0
POINT
  5
2C3
330
2B8
100
AcDbEntity
  8
Defpoints
100
AcDbPoint
 10
2863.7
 20
-296.0
 30
0.0
  0
POINT
  5
2C4
330
2B8
100
AcDbEntity
  8
Defpoints
100
AcDbPoint
 10
2863.7
 20
-259.0
 30
0.0
  0
POINT
  5
2C5
330
2B8
100
AcDbEntity
  8
Defpoints
100
AcDbPoint
 10
2882.7
 20
-259.0
 30
0.0
  0
ENDBLK
  5
2BA
330
2B8
100
AcDbEntity
  8
0
100
AcDbBlockEnd
  0
BLOCK
  5
2C8
330
2C7
100
AcDbEntity
  8
0
100
AcDbBlockBegin
  2
*D16
 70
1
 10
0.0
 20
0.0
 30
0.0
  3
*D16
  1

  0
LINE
  5
2CA
330
2C7
100
AcDbEntity
  8
0
 62
4
100
AcDbLine
 10
2882.7
 20
-262.0
 30
0.0
 11
2882.7
 21
-299.0
 31
0.0
  0
LINE
  5
2CB
330
2C7
100
AcDbEntity
  8
0
 62
4
100
AcDbLine
 10
2903.8999999999996
 20
-262.0
 30
0.0
 11
2903.8999999999996
 21
-299.0
 31
0.0
  0
INSERT
  5
2CC
330
2C7
100
AcDbEntity
  8
COTA
 62
4
100
AcDbBlockReference
  2
_OBLIQUE
 10
2882.7
 20
-296.0
 30
0.0
 41
3.0
 42
3.0
 50
180.0
  0
INSERT
  5
2CE
330
2C7
100
AcDbEntity
  8
COTA
 62
4
100
AcDbBlockReference
  2
_OBLIQUE
 10
2903.8999999999996
 20
-296.0
 30
0.0
 41
3.0
 42
3.0
  0
LINE
  5
2D0
330
2C7
100
AcDbEntity
  8
0
 62
4
100
AcDbLine
 10
2882.7
 20
-296.0
 30
0.0
 11
2903.8999999999996
 21
-296.0
 31
0.0
  0
MTEXT
  5
2D1
330
2C7
100
AcDbEntity
  8
COTA
 62
240
100
AcDbMText
 10
2893.2999999999997
 20
-285.0
 30
0.0
 40
10.0
 71
5
  1
21,2
  0
POINT
  5
2D2
330
2C7
100
AcDbEntity
  8
Defpoints
100
AcDbPoint
 10
2882.7
 20
-296.0
 30
0.0
  0
POINT
  5
2D3
330
2C7
100
AcDbEntity
  8
Defpoints
100
AcDbPoint
 10
2882.7
 20
-259.0
 30
0.0
  0
POINT
  5
2D4
330
2C7
100
AcDbEntity
  8
Defpoints
100
AcDbPoint
 10
2903.8999999999996
 20
-259.0
 30
0.0
  0
ENDBLK
  5
2C9
330
2C7
100
AcDbEntity
  8
0
100
AcDbBlockEnd
  0
BLOCK
  5
2D7
330
2D6
100
AcDbEntity
  8
0
100
AcDbBlockBegin
  2
*D17
 70
1
 10
0.0
 20
0.0
 30
0.0
  3
*D17
  1

  0
LINE
  5
2D9
330
2D6
100
AcDbEntity
  8
0
 62
4
100
AcDbLine
 10
2445.7
 20
-262.0
 30
0.0
 11
2445.7
 21
-322.0
 31
0.0
  0
LINE
  5
2DA
330
2D6
100
AcDbEntity
  8
0
 62
4
100
AcDbLine
 10
2903.8999999999996
 20
-262.0
 30
0.0
 11
2903.8999999999996
 21
-322.0
 31
0.0
  0
INSERT
  5
2DB
330
2D6
100
AcDbEntity
  8
COTA
 62
4
100
AcDbBlockReference
  2
_OBLIQUE
 10
2445.7
 20
-319.0
 30
0.0
 41
3.0
 42
3.0
 50
180.0
  0
INSERT
  5
2DD
330
2D6
100
AcDbEntity
  8
COTA
 62
4
100
AcDbBlockReference
  2
_OBLIQUE
 10
2903.8999999999996
 20
-319.0
 30
0.0
 41
3.0
 42
3.0
  0
LINE
  5
2DF
330
2D6
100
AcDbEntity
  8
0
 62
4
100
AcDbLine
 10
2445.7
 20
-319.0
 30
0.0
 11
2903.8999999999996
 21
-319.0
 31
0.0
  0
MTEXT
  5
2E0
330
2D6
100
AcDbEntity
  8
COTA
 62
240
100
AcDbMText
 10
2674.7999999999997
 20
-311.0
 30
0.0
 40
10.0
 71
5
  1
458,2
  0
POINT
  5
2E1
330
2D6
100
AcDbEntity
  8
Defpoints
100
AcDbPoint
 10
2445.7
 20
-319.0
 30
0.0
  0
POINT
  5
2E2
330
2D6
100
AcDbEntity
  8
Defpoints
100
AcDbPoint
 10
2445.7
 20
-259.0
 30
0.0
  0
POINT
  5
2E3
330
2D6
100
AcDbEntity
  8
Defpoints
100
AcDbPoint
 10
2903.8999999999996
 20
-259.0
 30
0.0
  0
ENDBLK
  5
2D8
330
2D6
100
AcDbEntity
  8
0
100
AcDbBlockEnd
  0
BLOCK
  5
2E6
330
2E5
100
AcDbEntity
  8
0
100
AcDbBlockBegin
  2
*D18
 70
1
 10
0.0
 20
0.0
 30
0.0
  3
*D18
  1

  0
LINE
  5
2E8
330
2E5
100
AcDbEntity
  8
0
 62
4
100
AcDbLine
 10
2906.8999999999996
 20
-259.0
 30
0.0
 11
2934.8999999999996
 21
-259.0
 31
0.0
  0
LINE
  5
2E9
330
2E5
100
AcDbEntity
  8
0
 62
4
100
AcDbLine
 10
2906.8999999999996
 20
-135.0
 30
0.0
 11
2934.8999999999996
 21
-135.0
 31
0.0
  0
INSERT
  5
2EA
330
2E5
100
AcDbEntity
  8
COTA
 62
4
100
AcDbBlockReference
  2
_OBLIQUE
 10
2931.8999999999996
 20
-259.0
 30
0.0
 41
3.0
 42
3.0
 50
270.0
  0
INSERT
  5
2EC
330
2E5
100
AcDbEntity
  8
COTA
 62
4
100
AcDbBlockReference
  2
_OBLIQUE
 10
2931.8999999999996
 20
-135.0
 30
0.0
 41
3.0
 42
3.0
 50
90.0
  0
LINE
  5
2EE
330
2E5
100
AcDbEntity
  8
0
 62
4
100
AcDbLine
 10
2931.8999999999996
 20
-259.0
 30
0.0
 11
2931.8999999999996
 21
-135.0
 31
0.0
  0
MTEXT
  5
2EF
330
2E5
100
AcDbEntity
  8
COTA
 62
240
100
AcDbMText
 10
2923.8999999999996
 20
-197.0
 30
0.0
 40
10.0
 71
5
  1
124
 50
90.0
  0
POINT
  5
2F0
330
2E5
100
AcDbEntity
  8
Defpoints
100
AcDbPoint
 10
2931.8999999999996
 20
-259.0
 30
0.0
  0
POINT
  5
2F1
330
2E5
100
AcDbEntity
  8
Defpoints
100
AcDbPoint
 10
2903.8999999999996
 20
-259.0
 30
0.0
  0
POINT
  5
2F2
330
2E5
100
AcDbEntity
  8
Defpoints
100
AcDbPoint
 10
2903.8999999999996
 20
-135.0
 30
0.0
  0
ENDBLK
  5
2E7
330
2E5
100
AcDbEntity
  8
0
100
AcDbBlockEnd
  0
BLOCK
  5
2F5
330
2F4
100
AcDbEntity
  8
0
100
AcDbBlockBegin
  2
*D19
 70
1
 10
0.0
 20
0.0
 30
0.0
  3
*D19
  1

  0
LINE
  5
2F7
330
2F4
100
AcDbEntity
  8
0
 62
4
100
AcDbLine
 10
2906.8999999999996
 20
-259.0
 30
0.0
 11
2934.8999999999996
 21
-259.0
 31
0.0
  0
LINE
  5
2F8
330
2F4
100
AcDbEntity
  8
0
 62
4
100
AcDbLine
 10
2906.8999999999996
 20
-150.0
 30
0.0
 11
2934.8999999999996
 21
-150.0
 31
0.0
  0
INSERT
  5
2F9
330
2F4
100
AcDbEntity
  8
COTA
 62
4
100
AcDbBlockReference
  2
_OBLIQUE
 10
2931.8999999999996
 20
-259.0
 30
0.0
 41
3.0
 42
3.0
 50
270.0
  0
INSERT
  5
2FB
330
2F4
100
AcDbEntity
  8
COTA
 62
4
100
AcDbBlockReference
  2
_OBLIQUE
 10
2931.8999999999996
 20
-150.0
 30
0.0
 41
3.0
 42
3.0
 50
90.0
  0
LINE
  5
2FD
330
2F4
100
AcDbEntity
  8
0
 62
4
100
AcDbLine
 10
2931.8999999999996
 20
-259.0
 30
0.0
 11
2931.8999999999996
 21
-150.0
 31
0.0
  0
MTEXT
  5
2FE
330
2F4
100
AcDbEntity
  8
COTA
 62
240
100
AcDbMText
 10
2923.8999999999996
 20
-204.5
 30
0.0
 40
10.0
 71
5
  1
109
 50
90.0
  0
POINT
  5
2FF
330
2F4
100
AcDbEntity
  8
Defpoints
100
AcDbPoint
 10
2931.8999999999996
 20
-259.0
 30
0.0
  0
POINT
  5
300
330
2F4
100
AcDbEntity
  8
Defpoints
100
AcDbPoint
 10
2903.8999999999996
 20
-259.0
 30
0.0
  0
POINT
  5
301
330
2F4
100
AcDbEntity
  8
Defpoints
100
AcDbPoint
 10
2903.8999999999996
 20
-150.0
 30
0.0
  0
ENDBLK
  5
2F6
330
2F4
100
AcDbEntity
  8
0
100
AcDbBlockEnd
  0
BLOCK
  5
304
330
303
100
AcDbEntity
  8
0
100
AcDbBlockBegin
  2
*D20
 70
1
 10
0.0
 20
0.0
 30
0.0
  3
*D20
  1

  0
LINE
  5
306
330
303
100
AcDbEntity
  8
0
 62
4
100
AcDbLine
 10
2906.8999999999996
 20
-150.0
 30
0.0
 11
2934.8999999999996
 21
-150.0
 31
0.0
  0
LINE
  5
307
330
303
100
AcDbEntity
  8
0
 62
4
100
AcDbLine
 10
2906.8999999999996
 20
-135.0
 30
0.0
 11
2934.8999999999996
 21
-135.0
 31
0.0
  0
INSERT
  5
308
330
303
100
AcDbEntity
  8
COTA
 62
4
100
AcDbBlockReference
  2
_OBLIQUE
 10
2931.8999999999996
 20
-150.0
 30
0.0
 41
3.0
 42
3.0
 50
270.0
  0
INSERT
  5
30A
330
303
100
AcDbEntity
  8
COTA
 62
4
100
AcDbBlockReference
  2
_OBLIQUE
 10
2931.8999999999996
 20
-135.0
 30
0.0
 41
3.0
 42
3.0
 50
90.0
  0
LINE
  5
30C
330
303
100
AcDbEntity
  8
0
 62
4
100
AcDbLine
 10
2931.8999999999996
 20
-150.0
 30
0.0
 11
2931.8999999999996
 21
-135.0
 31
0.0
  0
MTEXT
  5
30D
330
303
100
AcDbEntity
  8
COTA
 62
240
100
AcDbMText
 10
2920.8999999999996
 20
-142.5
 30
0.0
 40
10.0
 71
5
  1
15
 50
90.0
  0
POINT
  5
30E
330
303
100
AcDbEntity
  8
Defpoints
100
AcDbPoint
 10
2931.8999999999996
 20
-150.0
 30
0.0
  0
POINT
  5
30F
330
303
100
AcDbEntity
  8
Defpoints
100
AcDbPoint
 10
2903.8999999999996
 20
-150.0
 30
0.0
  0
POINT
  5
310
330
303
100
AcDbEntity
  8
Defpoints
100
AcDbPoint
 10
2903.8999999999996
 20
-135.0
 30
0.0
  0
ENDBLK
  5
305
330
303
100
AcDbEntity
  8
0
100
AcDbBlockEnd
  0
BLOCK
  5
347
330
346
100
AcDbEntity
  8
0
100
AcDbBlockBegin
  2
*D21
 70
1
 10
0.0
 20
0.0
 30
0.0
  3
*D21
  1

  0
LINE
  5
349
330
346
100
AcDbEntity
  8
0
 62
4
100
AcDbLine
 10
3103.8999999999996
 20
-277.0
 30
0.0
 11
3103.8999999999996
 21
-314.0
 31
0.0
  0
LINE
  5
34A
330
346
100
AcDbEntity
  8
0
 62
4
100
AcDbLine
 10
3347.8999999999996
 20
-277.0
 30
0.0
 11
3347.8999999999996
 21
-314.0
 31
0.0
  0
INSERT
  5
34B
330
346
100
AcDbEntity
  8
COTA
 62
4
100
AcDbBlockReference
  2
_OBLIQUE
 10
3103.8999999999996
 20
-311.0
 30
0.0
 41
3.0
 42
3.0
 50
180.0
  0
INSERT
  5
34D
330
346
100
AcDbEntity
  8
COTA
 62
4
100
AcDbBlockReference
  2
_OBLIQUE
 10
3347.8999999999996
 20
-311.0
 30
0.0
 41
3.0
 42
3.0
  0
LINE
  5
34F
330
346
100
AcDbEntity
  8
0
 62
4
100
AcDbLine
 10
3103.8999999999996
 20
-311.0
 30
0.0
 11
3347.8999999999996
 21
-311.0
 31
0.0
  0
MTEXT
  5
350
330
346
100
AcDbEntity
  8
COTA
 62
240
100
AcDbMText
 10
3225.8999999999996
 20
-303.0
 30
0.0
 40
10.0
 71
5
  1
244
  0
POINT
  5
351
330
346
100
AcDbEntity
  8
Defpoints
100
AcDbPoint
 10
3103.8999999999996
 20
-311.0
 30
0.0
  0
POINT
  5
352
330
346
100
AcDbEntity
  8
Defpoints
100
AcDbPoint
 10
3103.8999999999996
 20
-274.0
 30
0.0
  0
POINT
  5
353
330
346
100
AcDbEntity
  8
Defpoints
100
AcDbPoint
 10
3347.8999999999996
 20
-274.0
 30
0.0
  0
ENDBLK
  5
348
330
346
100
AcDbEntity
  8
0
100
AcDbBlockEnd
  0
BLOCK
  5
356
330
355
100
AcDbEntity
  8
0
100
AcDbBlockBegin
  2
*D22
 70
1
 10
0.0
 20
0.0
 30
0.0
  3
*D22
  1

  0
LINE
  5
358
330
355
100
AcDbEntity
  8
0
 62
4
100
AcDbLine
 10
3347.8999999999996
 20
-277.0
 30
0.0
 11
3347.8999999999996
 21
-314.0
 31
0.0
  0
LINE
  5
359
330
355
100
AcDbEntity
  8
0
 62
4
100
AcDbLine
 10
3370.3999999999996
 20
-277.0
 30
0.0
 11
3370.3999999999996
 21
-314.0
 31
0.0
  0
INSERT
  5
35A
330
355
100
AcDbEntity
  8
COTA
 62
4
100
AcDbBlockReference
  2
_OBLIQUE
 10
3347.8999999999996
 20
-311.0
 30
0.0
 41
3.0
 42
3.0
 50
180.0
  0
INSERT
  5
35C
330
355
100
AcDbEntity
  8
COTA
 62
4
100
AcDbBlockReference
  2
_OBLIQUE
 10
3370.3999999999996
 20
-311.0
 30
0.0
 41
3.0
 42
3.0
  0
LINE
  5
35E
330
355
100
AcDbEntity
  8
0
 62
4
100
AcDbLine
 10
3347.8999999999996
 20
-311.0
 30
0.0
 11
3370.3999999999996
 21
-311.0
 31
0.0
  0
MTEXT
  5
35F
330
355
100
AcDbEntity
  8
COTA
 62
240
100
AcDbMText
 10
3359.1499999999996
 20
-300.0
 30
0.0
 40
10.0
 71
5
  1
22,5
  0
POINT
  5
360
330
355
100
AcDbEntity
  8
Defpoints
100
AcDbPoint
 10
3347.8999999999996
 20
-311.0
 30
0.0
  0
POINT
  5
361
330
355
100
AcDbEntity
  8
Defpoints
100
AcDbPoint
 10
3347.8999999999996
 20
-274.0
 30
0.0
  0
POINT
  5
362
330
355
100
AcDbEntity
  8
Defpoints
100
AcDbPoint
 10
3370.3999999999996
 20
-274.0
 30
0.0
  0
ENDBLK
  5
357
330
355
100
AcDbEntity
  8
0
100
AcDbBlockEnd
  0
BLOCK
  5
365
330
364
100
AcDbEntity
  8
0
100
AcDbBlockBegin
  2
*D23
 70
1
 10
0.0
 20
0.0
 30
0.0
  3
*D23
  1

  0
LINE
  5
367
330
364
100
AcDbEntity
  8
0
 62
4
100
AcDbLine
 10
3370.3999999999996
 20
-277.0
 30
0.0
 11
3370.3999999999996
 21
-314.0
 31
0.0
  0
LINE
  5
368
330
364
100
AcDbEntity
  8
0
 62
4
100
AcDbLine
 10
3422.8999999999996
 20
-277.0
 30
0.0
 11
3422.8999999999996
 21
-314.0
 31
0.0
  0
INSERT
  5
369
330
364
100
AcDbEntity
  8
COTA
 62
4
100
AcDbBlockReference
  2
_OBLIQUE
 10
3370.3999999999996
 20
-311.0
 30
0.0
 41
3.0
 42
3.0
 50
180.0
  0
INSERT
  5
36B
330
364
100
AcDbEntity
  8
COTA
 62
4
100
AcDbBlockReference
  2
_OBLIQUE
 10
3422.8999999999996
 20
-311.0
 30
0.0
 41
3.0
 42
3.0
  0
LINE
  5
36D
330
364
100
AcDbEntity
  8
0
 62
4
100
AcDbLine
 10
3370.3999999999996
 20
-311.0
 30
0.0
 11
3422.8999999999996
 21
-311.0
 31
0.0
  0
MTEXT
  5
36E
330
364
100
AcDbEntity
  8
COTA
 62
240
100
AcDbMText
 10
3396.6499999999996
 20
-303.0
 30
0.0
 40
10.0
 71
5
  1
52,5
  0
POINT
  5
36F
330
364
100
AcDbEntity
  8
Defpoints
100
AcDbPoint
 10
3370.3999999999996
 20
-311.0
 30
0.0
  0
POINT
  5
370
330
364
100
AcDbEntity
  8
Defpoints
100
AcDbPoint
 10
3370.3999999999996
 20
-274.0
 30
0.0
  0
POINT
  5
371
330
364
100
AcDbEntity
  8
Defpoints
100
AcDbPoint
 10
3422.8999999999996
 20
-274.0
 30
0.0
  0
ENDBLK
  5
366
330
364
100
AcDbEntity
  8
0
100
AcDbBlockEnd
  0
BLOCK
  5
374
330
373
100
AcDbEntity
  8
0
100
AcDbBlockBegin
  2
*D24
 70
1
 10
0.0
 20
0.0
 30
0.0
  3
*D24
  1

  0
LINE
  5
376
330
373
100
AcDbEntity
  8
0
 62
4
100
AcDbLine
 10
3422.8999999999996
 20
-277.0
 30
0.0
 11
3422.8999999999996
 21
-314.0
 31
0.0
  0
LINE
  5
377
330
373
100
AcDbEntity
  8
0
 62
4
100
AcDbLine
 10
3444.5999999999995
 20
-277.0
 30
0.0
 11
3444.5999999999995
 21
-314.0
 31
0.0
  0
INSERT
  5
378
330
373
100
AcDbEntity
  8
COTA
 62
4
100
AcDbBlockReference
  2
_OBLIQUE
 10
3422.8999999999996
 20
-311.0
 30
0.0
 41
3.0
 42
3.0
 50
180.0
  0
INSERT
  5
37A
330
373
100
AcDbEntity
  8
COTA
 62
4
100
AcDbBlockReference
  2
_OBLIQUE
 10
3444.5999999999995
 20
-311.0
 30
0.0
 41
3.0
 42
3.0
  0
LINE
  5
37C
330
373
100
AcDbEntity
  8
0
 62
4
100
AcDbLine
 10
3422.8999999999996
 20
-311.0
 30
0.0
 11
3444.5999999999995
 21
-311.0
 31
0.0
  0
MTEXT
  5
37D
330
373
100
AcDbEntity
  8
COTA
 62
240
100
AcDbMText
 10
3433.7499999999995
 20
-300.0
 30
0.0
 40
10.0
 71
5
  1
21,7
  0
POINT
  5
37E
330
373
100
AcDbEntity
  8
Defpoints
100
AcDbPoint
 10
3422.8999999999996
 20
-311.0
 30
0.0
  0
POINT
  5
37F
330
373
100
AcDbEntity
  8
Defpoints
100
AcDbPoint
 10
3422.8999999999996
 20
-274.0
 30
0.0
  0
POINT
  5
380
330
373
100
AcDbEntity
  8
Defpoints
100
AcDbPoint
 10
3444.5999999999995
 20
-274.0
 30
0.0
  0
ENDBLK
  5
375
330
373
100
AcDbEntity
  8
0
100
AcDbBlockEnd
  0
BLOCK
  5
383
330
382
100
AcDbEntity
  8
0
100
AcDbBlockBegin
  2
*D25
 70
1
 10
0.0
 20
0.0
 30
0.0
  3
*D25
  1

  0
LINE
  5
385
330
382
100
AcDbEntity
  8
0
 62
4
100
AcDbLine
 10
3444.5999999999995
 20
-277.0
 30
0.0
 11
3444.5999999999995
 21
-314.0
 31
0.0
  0
LINE
  5
386
330
382
100
AcDbEntity
  8
0
 62
4
100
AcDbLine
 10
3470.7999999999993
 20
-277.0
 30
0.0
 11
3470.7999999999993
 21
-314.0
 31
0.0
  0
INSERT
  5
387
330
382
100
AcDbEntity
  8
COTA
 62
4
100
AcDbBlockReference
  2
_OBLIQUE
 10
3444.5999999999995
 20
-311.0
 30
0.0
 41
3.0
 42
3.0
 50
180.0
  0
INSERT
  5
389
330
382
100
AcDbEntity
  8
COTA
 62
4
100
AcDbBlockReference
  2
_OBLIQUE
 10
3470.7999999999993
 20
-311.0
 30
0.0
 41
3.0
 42
3.0
  0
LINE
  5
38B
330
382
100
AcDbEntity
  8
0
 62
4
100
AcDbLine
 10
3444.5999999999995
 20
-311.0
 30
0.0
 11
3470.7999999999993
 21
-311.0
 31
0.0
  0
MTEXT
  5
38C
330
382
100
AcDbEntity
  8
COTA
 62
240
100
AcDbMText
 10
3457.6999999999994
 20
-300.0
 30
0.0
 40
10.0
 71
5
  1
26,2
  0
POINT
  5
38D
330
382
100
AcDbEntity
  8
Defpoints
100
AcDbPoint
 10
3444.5999999999995
 20
-311.0
 30
0.0
  0
POINT
  5
38E
330
382
100
AcDbEntity
  8
Defpoints
100
AcDbPoint
 10
3444.5999999999995
 20
-274.0
 30
0.0
  0
POINT
  5
38F
330
382
100
AcDbEntity
  8
Defpoints
100
AcDbPoint
 10
3470.7999999999993
 20
-274.0
 30
0.0
  0
ENDBLK
  5
384
330
382
100
AcDbEntity
  8
0
100
AcDbBlockEnd
  0
BLOCK
  5
392
330
391
100
AcDbEntity
  8
0
100
AcDbBlockBegin
  2
*D26
 70
1
 10
0.0
 20
0.0
 30
0.0
  3
*D26
  1

  0
LINE
  5
394
330
391
100
AcDbEntity
  8
0
 62
4
100
AcDbLine
 10
3103.8999999999996
 20
-277.0
 30
0.0
 11
3103.8999999999996
 21
-337.0
 31
0.0
  0
LINE
  5
395
330
391
100
AcDbEntity
  8
0
 62
4
100
AcDbLine
 10
3470.7999999999997
 20
-277.0
 30
0.0
 11
3470.7999999999997
 21
-337.0
 31
0.0
  0
INSERT
  5
396
330
391
100
AcDbEntity
  8
COTA
 62
4
100
AcDbBlockReference
  2
_OBLIQUE
 10
3103.8999999999996
 20
-334.0
 30
0.0
 41
3.0
 42
3.0
 50
180.0
  0
INSERT
  5
398
330
391
100
AcDbEntity
  8
COTA
 62
4
100
AcDbBlockReference
  2
_OBLIQUE
 10
3470.7999999999997
 20
-334.0
 30
0.0
 41
3.0
 42
3.0
  0
LINE
  5
39A
330
391
100
AcDbEntity
  8
0
 62
4
100
AcDbLine
 10
3103.8999999999996
 20
-334.0
 30
0.0
 11
3470.7999999999997
 21
-334.0
 31
0.0
  0
MTEXT
  5
39B
330
391
100
AcDbEntity
  8
COTA
 62
240
100
AcDbMText
 10
3287.3499999999995
 20
-326.0
 30
0.0
 40
10.0
 71
5
  1
366,9
  0
POINT
  5
39C
330
391
100
AcDbEntity
  8
Defpoints
100
AcDbPoint
 10
3103.8999999999996
 20
-334.0
 30
0.0
  0
POINT
  5
39D
330
391
100
AcDbEntity
  8
Defpoints
100
AcDbPoint
 10
3103.8999999999996
 20
-274.0
 30
0.0
  0
POINT
  5
39E
330
391
100
AcDbEntity
  8
Defpoints
100
AcDbPoint
 10
3470.7999999999997
 20
-274.0
 30
0.0
  0
ENDBLK
  5
393
330
391
100
AcDbEntity
  8
0
100
AcDbBlockEnd
  0
BLOCK
  5
3A1
330
3A0
100
AcDbEntity
  8
0
100
AcDbBlockBegin
  2
*D27
 70
1
 10
0.0
 20
0.0
 30
0.0
  3
*D27
  1

  0
LINE
  5
3A3
330
3A0
100
AcDbEntity
  8
0
 62
4
100
AcDbLine
 10
3473.7999999999997
 20
-274.0
 30
0.0
 11
3501.7999999999997
 21
-274.0
 31
0.0
  0
LINE
  5
3A4
330
3A0
100
AcDbEntity
  8
0
 62
4
100
AcDbLine
 10
3473.7999999999997
 20
-150.0
 30
0.0
 11
3501.7999999999997
 21
-150.0
 31
0.0
  0
INSERT
  5
3A5
330
3A0
100
AcDbEntity
  8
COTA
 62
4
100
AcDbBlockReference
  2
_OBLIQUE
 10
3498.7999999999997
 20
-274.0
 30
0.0
 41
3.0
 42
3.0
 50
270.0
  0
INSERT
  5
3A7
330
3A0
100
AcDbEntity
  8
COTA
 62
4
100
AcDbBlockReference
  2
_OBLIQUE
 10
3498.7999999999997
 20
-150.0
 30
0.0
 41
3.0
 42
3.0
 50
90.0
  0
LINE
  5
3A9
330
3A0
100
AcDbEntity
  8
0
 62
4
100
AcDbLine
 10
3498.7999999999997
 20
-274.0
 30
0.0
 11
3498.7999999999997
 21
-150.0
 31
0.0
  0
MTEXT
  5
3AA
330
3A0
100
AcDbEntity
  8
COTA
 62
240
100
AcDbMText
 10
3490.7999999999997
 20
-212.0
 30
0.0
 40
10.0
 71
5
  1
124
 50
90.0
  0
POINT
  5
3AB
330
3A0
100
AcDbEntity
  8
Defpoints
100
AcDbPoint
 10
3498.7999999999997
 20
-274.0
 30
0.0
  0
POINT
  5
3AC
330
3A0
100
AcDbEntity
  8
Defpoints
100
AcDbPoint
 10
3470.7999999999997
 20
-274.0
 30
0.0
  0
POINT
  5
3AD
330
3A0
100
AcDbEntity
  8
Defpoints
100
AcDbPoint
 10
3470.7999999999997
 20
-150.0
 30
0.0
  0
ENDBLK
  5
3A2
330
3A0
100
AcDbEntity
  8
0
100
AcDbBlockEnd
  0
BLOCK
  5
3B0
330
3AF
100
AcDbEntity
  8
0
100
AcDbBlockBegin
  2
*D28
 70
1
 10
0.0
 20
0.0
 30
0.0
  3
*D28
  1

  0
LINE
  5
3B2
330
3AF
100
AcDbEntity
  8
0
 62
4
100
AcDbLine
 10
3473.7999999999997
 20
-274.0
 30
0.0
 11
3501.7999999999997
 21
-274.0
 31
0.0
  0
LINE
  5
3B3
330
3AF
100
AcDbEntity
  8
0
 62
4
100
AcDbLine
 10
3473.7999999999997
 20
-150.0
 30
0.0
 11
3501.7999999999997
 21
-150.0
 31
0.0
  0
INSERT
  5
3B4
330
3AF
100
AcDbEntity
  8
COTA
 62
4
100
AcDbBlockReference
  2
_OBLIQUE
 10
3498.7999999999997
 20
-274.0
 30
0.0
 41
3.0
 42
3.0
 50
270.0
  0
INSERT
  5
3B6
330
3AF
100
AcDbEntity
  8
COTA
 62
4
100
AcDbBlockReference
  2
_OBLIQUE
 10
3498.7999999999997
 20
-150.0
 30
0.0
 41
3.0
 42
3.0
 50
90.0
  0
LINE
  5
3B8
330
3AF
100
AcDbEntity
  8
0
 62
4
100
AcDbLine
 10
3498.7999999999997
 20
-274.0
 30
0.0
 11
3498.7999999999997
 21
-150.0
 31
0.0
  0
MTEXT
  5
3B9
330
3AF
100
AcDbEntity
  8
COTA
 62
240
100
AcDbMText
 10
3490.7999999999997
 20
-212.0
 30
0.0
 40
10.0
 71
5
  1
124
 50
90.0
  0
POINT
  5
3BA
330
3AF
100
AcDbEntity
  8
Defpoints
100
AcDbPoint
 10
3498.7999999999997
 20
-274.0
 30
0.0
  0
POINT
  5
3BB
330
3AF
100
AcDbEntity
  8
Defpoints
100
AcDbPoint
 10
3470.7999999999997
 20
-274.0
 30
0.0
  0
POINT
  5
3BC
330
3AF
100
AcDbEntity
  8
Defpoints
100
AcDbPoint
 10
3470.7999999999997
 20
-150.0
 30
0.0
  0
ENDBLK
  5
3B1
330
3AF
100
AcDbEntity
  8
0
100
AcDbBlockEnd
  0
BLOCK
  5
3E3
330
3E2
100
AcDbEntity
  8
0
100
AcDbBlockBegin
  2
*D29
 70
1
 10
0.0
 20
0.0
 30
0.0
  3
*D29
  1

  0
LINE
  5
3E5
330
3E2
100
AcDbEntity
  8
0
 62
4
100
AcDbLine
 10
3670.7999999999997
 20
-277.0
 30
0.0
 11
3670.7999999999997
 21
-314.0
 31
0.0
  0
LINE
  5
3E6
330
3E2
100
AcDbEntity
  8
0
 62
4
100
AcDbLine
 10
3914.7999999999997
 20
-277.0
 30
0.0
 11
3914.7999999999997
 21
-314.0
 31
0.0
  0
INSERT
  5
3E7
330
3E2
100
AcDbEntity
  8
COTA
 62
4
100
AcDbBlockReference
  2
_OBLIQUE
 10
3670.7999999999997
 20
-311.0
 30
0.0
 41
3.0
 42
3.0
 50
180.0
  0
INSERT
  5
3E9
330
3E2
100
AcDbEntity
  8
COTA
 62
4
100
AcDbBlockReference
  2
_OBLIQUE
 10
3914.7999999999997
 20
-311.0
 30
0.0
 41
3.0
 42
3.0
  0
LINE
  5
3EB
330
3E2
100
AcDbEntity
  8
0
 62
4
100
AcDbLine
 10
3670.7999999999997
 20
-311.0
 30
0.0
 11
3914.7999999999997
 21
-311.0
 31
0.0
  0
MTEXT
  5
3EC
330
3E2
100
AcDbEntity
  8
COTA
 62
240
100
AcDbMText
 10
3792.7999999999997
 20
-303.0
 30
0.0
 40
10.0
 71
5
  1
244
  0
POINT
  5
3ED
330
3E2
100
AcDbEntity
  8
Defpoints
100
AcDbPoint
 10
3670.7999999999997
 20
-311.0
 30
0.0
  0
POINT
  5
3EE
330
3E2
100
AcDbEntity
  8
Defpoints
100
AcDbPoint
 10
3670.7999999999997
 20
-274.0
 30
0.0
  0
POINT
  5
3EF
330
3E2
100
AcDbEntity
  8
Defpoints
100
AcDbPoint
 10
3914.7999999999997
 20
-274.0
 30
0.0
  0
ENDBLK
  5
3E4
330
3E2
100
AcDbEntity
  8
0
100
AcDbBlockEnd
  0
BLOCK
  5
3F2
330
3F1
100
AcDbEntity
  8
0
100
AcDbBlockBegin
  2
*D30
 70
1
 10
0.0
 20
0.0
 30
0.0
  3
*D30
  1

  0
LINE
  5
3F4
330
3F1
100
AcDbEntity
  8
0
 62
4
100
AcDbLine
 10
3914.7999999999997
 20
-277.0
 30
0.0
 11
3914.7999999999997
 21
-314.0
 31
0.0
  0
LINE
  5
3F5
330
3F1
100
AcDbEntity
  8
0
 62
4
100
AcDbLine
 10
3955.9999999999995
 20
-277.0
 30
0.0
 11
3955.9999999999995
 21
-314.0
 31
0.0
  0
INSERT
  5
3F6
330
3F1
100
AcDbEntity
  8
COTA
 62
4
100
AcDbBlockReference
  2
_OBLIQUE
 10
3914.7999999999997
 20
-311.0
 30
0.0
 41
3.0
 42
3.0
 50
180.0
  0
INSERT
  5
3F8
330
3F1
100
AcDbEntity
  8
COTA
 62
4
100
AcDbBlockReference
  2
_OBLIQUE
 10
3955.9999999999995
 20
-311.0
 30
0.0
 41
3.0
 42
3.0
  0
LINE
  5
3FA
330
3F1
100
AcDbEntity
  8
0
 62
4
100
AcDbLine
 10
3914.7999999999997
 20
-311.0
 30
0.0
 11
3955.9999999999995
 21
-311.0
 31
0.0
  0
MTEXT
  5
3FB
330
3F1
100
AcDbEntity
  8
COTA
 62
240
100
AcDbMText
 10
3935.3999999999996
 20
-303.0
 30
0.0
 40
10.0
 71
5
  1
41,2
  0
POINT
  5
3FC
330
3F1
100
AcDbEntity
  8
Defpoints
100
AcDbPoint
 10
3914.7999999999997
 20
-311.0
 30
0.0
  0
POINT
  5
3FD
330
3F1
100
AcDbEntity
  8
Defpoints
100
AcDbPoint
 10
3914.7999999999997
 20
-274.0
 30
0.0
  0
POINT
  5
3FE
330
3F1
100
AcDbEntity
  8
Defpoints
100
AcDbPoint
 10
3955.9999999999995
 20
-274.0
 30
0.0
  0
ENDBLK
  5
3F3
330
3F1
100
AcDbEntity
  8
0
100
AcDbBlockEnd
  0
BLOCK
  5
401
330
400
100
AcDbEntity
  8
0
100
AcDbBlockBegin
  2
*D31
 70
1
 10
0.0
 20
0.0
 30
0.0
  3
*D31
  1

  0
LINE
  5
403
330
400
100
AcDbEntity
  8
0
 62
4
100
AcDbLine
 10
3955.9999999999995
 20
-277.0
 30
0.0
 11
3955.9999999999995
 21
-314.0
 31
0.0
  0
LINE
  5
404
330
400
100
AcDbEntity
  8
0
 62
4
100
AcDbLine
 10
3977.7999999999997
 20
-277.0
 30
0.0
 11
3977.7999999999997
 21
-314.0
 31
0.0
  0
INSERT
  5
405
330
400
100
AcDbEntity
  8
COTA
 62
4
100
AcDbBlockReference
  2
_OBLIQUE
 10
3955.9999999999995
 20
-311.0
 30
0.0
 41
3.0
 42
3.0
 50
180.0
  0
INSERT
  5
407
330
400
100
AcDbEntity
  8
COTA
 62
4
100
AcDbBlockReference
  2
_OBLIQUE
 10
3977.7999999999997
 20
-311.0
 30
0.0
 41
3.0
 42
3.0
  0
LINE
  5
409
330
400
100
AcDbEntity
  8
0
 62
4
100
AcDbLine
 10
3955.9999999999995
 20
-311.0
 30
0.0
 11
3977.7999999999997
 21
-311.0
 31
0.0
  0
MTEXT
  5
40A
330
400
100
AcDbEntity
  8
COTA
 62
240
100
AcDbMText
 10
3966.8999999999996
 20
-300.0
 30
0.0
 40
10.0
 71
5
  1
21,8
  0
POINT
  5
40B
330
400
100
AcDbEntity
  8
Defpoints
100
AcDbPoint
 10
3955.9999999999995
 20
-311.0
 30
0.0
  0
POINT
  5
40C
330
400
100
AcDbEntity
  8
Defpoints
100
AcDbPoint
 10
3955.9999999999995
 20
-274.0
 30
0.0
  0
POINT
  5
40D
330
400
100
AcDbEntity
  8
Defpoints
100
AcDbPoint
 10
3977.7999999999997
 20
-274.0
 30
0.0
  0
ENDBLK
  5
402
330
400
100
AcDbEntity
  8
0
100
AcDbBlockEnd
  0
BLOCK
  5
410
330
40F
100
AcDbEntity
  8
0
100
AcDbBlockBegin
  2
*D32
 70
1
 10
0.0
 20
0.0
 30
0.0
  3
*D32
  1

  0
LINE
  5
412
330
40F
100
AcDbEntity
  8
0
 62
4
100
AcDbLine
 10
3977.7999999999997
 20
-277.0
 30
0.0
 11
3977.7999999999997
 21
-314.0
 31
0.0
  0
LINE
  5
413
330
40F
100
AcDbEntity
  8
0
 62
4
100
AcDbLine
 10
4088.7999999999997
 20
-277.0
 30
0.0
 11
4088.7999999999997
 21
-314.0
 31
0.0
  0
INSERT
  5
414
330
40F
100
AcDbEntity
  8
COTA
 62
4
100
AcDbBlockReference
  2
_OBLIQUE
 10
3977.7999999999997
 20
-311.0
 30
0.0
 41
3.0
 42
3.0
 50
180.0
  0
INSERT
  5
416
330
40F
100
AcDbEntity
  8
COTA
 62
4
100
AcDbBlockReference
  2
_OBLIQUE
 10
4088.7999999999997
 20
-311.0
 30
0.0
 41
3.0
 42
3.0
  0
LINE
  5
418
330
40F
100
AcDbEntity
  8
0
 62
4
100
AcDbLine
 10
3977.7999999999997
 20
-311.0
 30
0.0
 11
4088.7999999999997
 21
-311.0
 31
0.0
  0
MTEXT
  5
419
330
40F
100
AcDbEntity
  8
COTA
 62
240
100
AcDbMText
 10
4033.2999999999997
 20
-303.0
 30
0.0
 40
10.0
 71
5
  1
111
  0
POINT
  5
41A
330
40F
100
AcDbEntity
  8
Defpoints
100
AcDbPoint
 10
3977.7999999999997
 20
-311.0
 30
0.0
  0
POINT
  5
41B
330
40F
100
AcDbEntity
  8
Defpoints
100
AcDbPoint
 10
3977.7999999999997
 20
-274.0
 30
0.0
  0
POINT
  5
41C
330
40F
100
AcDbEntity
  8
Defpoints
100
AcDbPoint
 10
4088.7999999999997
 20
-274.0
 30
0.0
  0
ENDBLK
  5
411
330
40F
100
AcDbEntity
  8
0
100
AcDbBlockEnd
  0
BLOCK
  5
41F
330
41E
100
AcDbEntity
  8
0
100
AcDbBlockBegin
  2
*D33
 70
1
 10
0.0
 20
0.0
 30
0.0
  3
*D33
  1

  0
LINE
  5
421
330
41E
100
AcDbEntity
  8
0
 62
4
100
AcDbLine
 10
3670.7999999999997
 20
-277.0
 30
0.0
 11
3670.7999999999997
 21
-337.0
 31
0.0
  0
LINE
  5
422
330
41E
100
AcDbEntity
  8
0
 62
4
100
AcDbLine
 10
4088.7999999999997
 20
-277.0
 30
0.0
 11
4088.7999999999997
 21
-337.0
 31
0.0
  0
INSERT
  5
423
330
41E
100
AcDbEntity
  8
COTA
 62
4
100
AcDbBlockReference
  2
_OBLIQUE
 10
3670.7999999999997
 20
-334.0
 30
0.0
 41
3.0
 42
3.0
 50
180.0
  0
INSERT
  5
425
330
41E
100
AcDbEntity
  8
COTA
 62
4
100
AcDbBlockReference
  2
_OBLIQUE
 10
4088.7999999999997
 20
-334.0
 30
0.0
 41
3.0
 42
3.0
  0
LINE
  5
427
330
41E
100
AcDbEntity
  8
0
 62
4
100
AcDbLine
 10
3670.7999999999997
 20
-334.0
 30
0.0
 11
4088.7999999999997
 21
-334.0
 31
0.0
  0
MTEXT
  5
428
330
41E
100
AcDbEntity
  8
COTA
 62
240
100
AcDbMText
 10
3879.7999999999997
 20
-326.0
 30
0.0
 40
10.0
 71
5
  1
418
  0
POINT
  5
429
330
41E
100
AcDbEntity
  8
Defpoints
100
AcDbPoint
 10
3670.7999999999997
 20
-334.0
 30
0.0
  0
POINT
  5
42A
330
41E
100
AcDbEntity
  8
Defpoints
100
AcDbPoint
 10
3670.7999999999997
 20
-274.0
 30
0.0
  0
POINT
  5
42B
330
41E
100
AcDbEntity
  8
Defpoints
100
AcDbPoint
 10
4088.7999999999997
 20
-274.0
 30
0.0
  0
ENDBLK
  5
420
330
41E
100
AcDbEntity
  8
0
100
AcDbBlockEnd
  0
BLOCK
  5
42E
330
42D
100
AcDbEntity
  8
0
100
AcDbBlockBegin
  2
*D34
 70
1
 10
0.0
 20
0.0
 30
0.0
  3
*D34
  1

  0
LINE
  5
430
330
42D
100
AcDbEntity
  8
0
 62
4
100
AcDbLine
 10
4091.7999999999997
 20
-274.0
 30
0.0
 11
4119.799999999999
 21
-274.0
 31
0.0
  0
LINE
  5
431
330
42D
100
AcDbEntity
  8
0
 62
4
100
AcDbLine
 10
4091.7999999999997
 20
-150.0
 30
0.0
 11
4119.799999999999
 21
-150.0
 31
0.0
  0
INSERT
  5
432
330
42D
100
AcDbEntity
  8
COTA
 62
4
100
AcDbBlockReference
  2
_OBLIQUE
 10
4116.799999999999
 20
-274.0
 30
0.0
 41
3.0
 42
3.0
 50
270.0
  0
INSERT
  5
434
330
42D
100
AcDbEntity
  8
COTA
 62
4
100
AcDbBlockReference
  2
_OBLIQUE
 10
4116.799999999999
 20
-150.0
 30
0.0
 41
3.0
 42
3.0
 50
90.0
  0
LINE
  5
436
330
42D
100
AcDbEntity
  8
0
 62
4
100
AcDbLine
 10
4116.799999999999
 20
-274.0
 30
0.0
 11
4116.799999999999
 21
-150.0
 31
0.0
  0
MTEXT
  5
437
330
42D
100
AcDbEntity
  8
COTA
 62
240
100
AcDbMText
 10
4108.799999999999
 20
-212.0
 30
0.0
 40
10.0
 71
5
  1
124
 50
90.0
  0
POINT
  5
438
330
42D
100
AcDbEntity
  8
Defpoints
100
AcDbPoint
 10
4116.799999999999
 20
-274.0
 30
0.0
  0
POINT
  5
439
330
42D
100
AcDbEntity
  8
Defpoints
100
AcDbPoint
 10
4088.7999999999997
 20
-274.0
 30
0.0
  0
POINT
  5
43A
330
42D
100
AcDbEntity
  8
Defpoints
100
AcDbPoint
 10
4088.7999999999997
 20
-150.0
 30
0.0
  0
ENDBLK
  5
42F
330
42D
100
AcDbEntity
  8
0
100
AcDbBlockEnd
  0
BLOCK
  5
43D
330
43C
100
AcDbEntity
  8
0
100
AcDbBlockBegin
  2
*D35
 70
1
 10
0.0
 20
0.0
 30
0.0
  3
*D35
  1

  0
LINE
  5
43F
330
43C
100
AcDbEntity
  8
0
 62
4
100
AcDbLine
 10
4091.7999999999997
 20
-274.0
 30
0.0
 11
4119.799999999999
 21
-274.0
 31
0.0
  0
LINE
  5
440
330
43C
100
AcDbEntity
  8
0
 62
4
100
AcDbLine
 10
4091.7999999999997
 20
-150.0
 30
0.0
 11
4119.799999999999
 21
-150.0
 31
0.0
  0
INSERT
  5
441
330
43C
100
AcDbEntity
  8
COTA
 62
4
100
AcDbBlockReference
  2
_OBLIQUE
 10
4116.799999999999
 20
-274.0
 30
0.0
 41
3.0
 42
3.0
 50
270.0
  0
INSERT
  5
443
330
43C
100
AcDbEntity
  8
COTA
 62
4
100
AcDbBlockReference
  2
_OBLIQUE
 10
4116.799999999999
 20
-150.0
 30
0.0
 41
3.0
 42
3.0
 50
90.0
  0
LINE
  5
445
330
43C
100
AcDbEntity
  8
0
 62
4
100
AcDbLine
 10
4116.799999999999
 20
-274.0
 30
0.0
 11
4116.799999999999
 21
-150.0
 31
0.0
  0
MTEXT
  5
446
330
43C
100
AcDbEntity
  8
COTA
 62
240
100
AcDbMText
 10
4108.799999999999
 20
-212.0
 30
0.0
 40
10.0
 71
5
  1
124
 50
90.0
  0
POINT
  5
447
330
43C
100
AcDbEntity
  8
Defpoints
100
AcDbPoint
 10
4116.799999999999
 20
-274.0
 30
0.0
  0
POINT
  5
448
330
43C
100
AcDbEntity
  8
Defpoints
100
AcDbPoint
 10
4088.7999999999997
 20
-274.0
 30
0.0
  0
POINT
  5
449
330
43C
100
AcDbEntity
  8
Defpoints
100
AcDbPoint
 10
4088.7999999999997
 20
-150.0
 30
0.0
  0
ENDBLK
  5
43E
330
43C
100
AcDbEntity
  8
0
100
AcDbBlockEnd
  0
ENDSEC
  0
SECTION
  2
ENTITIES
  0
LINE
  5
6B
330
17
100
AcDbEntity
  8
COTA
 62
4
100
AcDbLine
 10
139.65
 20
-175.25
 30
0.0
 11
214.027
 21
-175.25
 31
0.0
  0
LINE
  5
6C
330
17
100
AcDbEntity
  8
COTA
 62
4
100
AcDbLine
 10
114.45
 20
-57.25
 30
0.0
 11
214.027
 21
-57.25
 31
0.0
  0
LINE
  5
6D
330
17
100
AcDbEntity
  8
COTA
 62
4
100
AcDbLine
 10
211.027
 20
-175.25
 30
0.0
 11
211.027
 21
-57.25
 31
0.0
  0
LINE
  5
6E
330
17
100
AcDbEntity
  8
COTA
 62
4
100
AcDbLine
 10
28.450000000000003
 20
-175.25
 30
0.0
 11
-14.822000000000003
 21
-175.25
 31
0.0
  0
LINE
  5
6F
330
17
100
AcDbEntity
  8
COTA
 62
4
100
AcDbLine
 10
6.450000000000003
 20
-87.25
 30
0.0
 11
-14.822000000000003
 21
-87.25
 31
0.0
  0
LINE
  5
70
330
17
100
AcDbEntity
  8
COTA
 62
4
100
AcDbLine
 10
-11.822000000000003
 20
-175.25
 30
0.0
 11
-11.822000000000003
 21
-87.25
 31
0.0
  0
LINE
  5
71
330
17
100
AcDbEntity
  8
Cota Seção (2x)
 62
180
100
AcDbLine
 10
99.45
 20
-106.917
 30
0.0
 11
99.45
 21
-87.583
 31
0.0
  0
LINE
  5
72
330
17
100
AcDbEntity
  8
Cota Seção (2x)
 62
180
100
AcDbLine
 10
99.45
 20
-87.583
 30
0.0
 11
84.45
 21
-87.583
 31
0.0
  0
LINE
  5
73
330
17
100
AcDbEntity
  8
Cota Seção (2x)
 62
180
100
AcDbLine
 10
84.45
 20
-87.583
 30
0.0
 11
84.45
 21
-106.917
 31
0.0
  0
LINE
  5
74
330
17
100
AcDbEntity
  8
Cota Seção (2x)
 62
180
100
AcDbLine
 10
84.45
 20
-106.917
 30
0.0
 11
99.45
 21
-106.917
 31
0.0
  0
LINE
  5
75
330
17
100
AcDbEntity
  8
COTA
 62
4
100
AcDbLine
 10
161.65
 20
-71.25
 30
0.0
 11
194.707
 21
-71.25
 31
0.0
  0
LINE
  5
76
330
17
100
AcDbEntity
  8
COTA
 62
4
100
AcDbLine
 10
161.65
 20
-91.25
 30
0.0
 11
194.707
 21
-91.25
 31
0.0
  0
LINE
  5
77
330
17
100
AcDbEntity
  8
COTA
 62
4
100
AcDbLine
 10
191.707
 20
-71.25
 30
0.0
 11
191.707
 21
-91.25
 31
0.0
  0
LINE
  5
78
330
17
100
AcDbEntity
  8
COTA
 62
4
100
AcDbLine
 10
161.65
 20
-95.25
 30
0.0
 11
194.707
 21
-95.25
 31
0.0
  0
LINE
  5
79
330
17
100
AcDbEntity
  8
COTA
 62
4
100
AcDbLine
 10
139.65
 20
-175.25
 30
0.0
 11
194.707
 21
-175.25
 31
0.0
  0
LINE
  5
7A
330
17
100
AcDbEntity
  8
COTA
 62
4
100
AcDbLine
 10
191.707
 20
-95.25
 30
0.0
 11
191.707
 21
-175.25
 31
0.0
  0
LINE
  5
7B
330
17
100
AcDbEntity
  8
COTA
 62
4
100
AcDbLine
 10
103.05
 20
-178.25
 30
0.0
 11
103.05
 21
-196.62
 31
0.0
  0
LINE
  5
7C
330
17
100
AcDbEntity
  8
COTA
 62
4
100
AcDbLine
 10
65.05
 20
-178.25
 30
0.0
 11
65.05
 21
-196.62
 31
0.0
  0
LINE
  5
7D
330
17
100
AcDbEntity
  8
COTA
 62
4
100
AcDbLine
 10
103.05
 20
-193.62
 30
0.0
 11
65.05
 21
-193.62
 31
0.0
  0
LINE
  5
7E
330
17
100
AcDbEntity
  8
Cota Seção (2x)
 62
180
100
AcDbLine
 10
75.05
 20
-155.25
 30
0.0
 11
93.05
 21
-155.25
 31
0.0
  0
LINE
  5
7F
330
17
100
AcDbEntity
  8
Cota Seção (2x)
 62
180
100
AcDbLine
 10
93.05
 20
-155.25
 30
0.0
 11
93.05
 21
-140.25
 31
0.0
  0
LINE
  5
80
330
17
100
AcDbEntity
  8
Cota Seção (2x)
 62
180
100
AcDbLine
 10
93.05
 20
-140.25
 30
0.0
 11
75.05
 21
-140.25
 31
0.0
  0
LINE
  5
81
330
17
100
AcDbEntity
  8
Cota Seção (2x)
 62
180
100
AcDbLine
 10
75.05
 20
-140.25
 30
0.0
 11
75.05
 21
-155.25
 31
0.0
  0
LINE
  5
82
330
17
100
AcDbEntity
  8
COTA
 62
4
100
AcDbLine
 10
6.450000000000003
 20
-83.25
 30
0.0
 11
-14.822000000000003
 21
-83.25
 31
0.0
  0
LINE
  5
83
330
17
100
AcDbEntity
  8
COTA
 62
4
100
AcDbLine
 10
6.450000000000003
 20
-57.25
 30
0.0
 11
-14.822000000000003
 21
-57.25
 31
0.0
  0
LINE
  5
84
330
17
100
AcDbEntity
  8
COTA
 62
4
100
AcDbLine
 10
-11.822000000000003
 20
-83.25
 30
0.0
 11
-11.822000000000003
 21
-57.25
 31
0.0
  0
LINE
  5
85
330
17
100
AcDbEntity
  8
COTA
 62
4
100
AcDbLine
 10
6.450000000000003
 20
-57.25
 30
0.0
 11
-35.316
 21
-57.25
 31
0.0
  0
LINE
  5
86
330
17
100
AcDbEntity
  8
COTA
 62
4
100
AcDbLine
 10
3.813999999999993
 20
-175.25
 30
0.0
 11
-35.316
 21
-175.25
 31
0.0
  0
LINE
  5
87
330
17
100
AcDbEntity
  8
COTA
 62
4
100
AcDbLine
 10
-32.316
 20
-57.25
 30
0.0
 11
-32.316
 21
-175.25
 31
0.0
  0
LINE
  5
88
330
17
100
AcDbEntity
  8
COTA
 62
4
100
AcDbLine
 10
161.65
 20
-71.25
 30
0.0
 11
194.707
 21
-71.25
 31
0.0
  0
LINE
  5
89
330
17
100
AcDbEntity
  8
COTA
 62
4
100
AcDbLine
 10
161.65
 20
-57.25
 30
0.0
 11
194.707
 21
-57.25
 31
0.0
  0
LINE
  5
8A
330
17
100
AcDbEntity
  8
COTA
 62
4
100
AcDbLine
 10
191.707
 20
-71.25
 30
0.0
 11
191.707
 21
-57.25
 31
0.0
  0
LWPOLYLINE
  5
8B
330
17
100
AcDbEntity
  8
Painéis
 62
200
100
AcDbPolyline
 90
4
 70
1
 10
107.05
 20
-95.25
 10
103.05
 20
-95.25
 10
103.05
 20
-175.25
 10
107.05
 20
-175.25
  0
LWPOLYLINE
  5
8C
330
17
100
AcDbEntity
  8
Madeira
 62
126
100
AcDbPolyline
 90
4
 70
1
 10
65.05
 20
-175.25
 10
65.05
 20
-170.85
 10
79.05
 20
-170.85
 10
79.05
 20
-175.25
  0
LWPOLYLINE
  5
8D
330
17
100
AcDbEntity
  8
Painéis
 62
200
100
AcDbPolyline
 90
4
 70
1
 10
65.05
 20
-170.85
 10
65.05
 20
-167.25
 10
103.05
 20
-167.25
 10
103.05
 20
-170.85
  0
LWPOLYLINE
  5
8E
330
17
100
AcDbEntity
  8
Madeira
 62
126
100
AcDbPolyline
 90
4
 70
1
 10
103.05
 20
-175.25
 10
103.05
 20
-170.85
 10
89.05
 20
-170.85
 10
89.05
 20
-175.25
  0
LWPOLYLINE
  5
8F
330
17
100
AcDbEntity
  8
Painéis
 62
200
100
AcDbPolyline
 90
4
 70
1
 10
61.05
 20
-87.25
 10
65.05
 20
-87.25
 10
65.05
 20
-175.25
 10
61.05
 20
-175.25
  0
LWPOLYLINE
  5
90
330
17
100
AcDbEntity
  8
Painéis
 62
200
100
AcDbPolyline
 90
4
 70
1
 10
103.05
 20
-95.25
 10
103.05
 20
-91.25
 10
158.65
 20
-91.25
 10
158.65
 20
-95.25
  0
LWPOLYLINE
  5
91
330
17
100
AcDbEntity
  8
CONCRETO
 62
251
100
AcDbPolyline
 90
9
 70
0
 10
65.05
 20
-87.25
 10
65.05
 20
-167.25
 10
103.05
 20
-167.25
 10
103.05
 20
-91.25
 10
158.65
 20
-91.25
 10
158.65
 20
-71.25
 10
103.45
 20
-71.25
 10
103.45
 20
-57.25
 10
65.05
 20
-57.25
  0
LWPOLYLINE
  5
92
330
17
100
AcDbEntity
  8
Painéis
 62
200
100
AcDbPolyline
 90
4
 70
1
 10
107.05
 20
-57.25
 10
103.45
 20
-57.25
 10
103.45
 20
-71.25
 10
107.05
 20
-71.25
  0
LWPOLYLINE
  5
93
330
17
100
AcDbEntity
  8
Madeira
 62
126
100
AcDbPolyline
 90
4
 70
1
 10
111.45
 20
-71.25
 10
107.05
 20
-71.25
 10
107.05
 20
-57.25
 10
111.45
 20
-57.25
  0
LWPOLYLINE
  5
94
330
17
100
AcDbEntity
  8
CONCRETO
 62
251
100
AcDbPolyline
 90
8
 70
1
 10
9.450000000000003
 20
-83.25
 10
9.450000000000003
 20
-57.25
 10
65.05
 20
-57.25
 10
65.05
 20
-57.25
 10
103.45
 20
-57.25
 10
103.05
 20
-167.25
 10
65.05
 20
-167.25
 10
65.05
 20
-83.25
  0
LWPOLYLINE
  5
95
330
17
100
AcDbEntity
  8
Painéis
 62
200
100
AcDbPolyline
 90
4
 70
1
 10
9.450000000000003
 20
-87.25
 10
9.450000000000003
 20
-83.25
 10
65.05
 20
-83.25
 10
65.05
 20
-87.25
  0
LWPOLYLINE
  5
96
330
17
100
AcDbEntity
  8
Madeira
 62
126
100
AcDbPolyline
 90
4
 70
1
 10
56.65
 20
-101.25
 10
61.05
 20
-101.25
 10
61.05
 20
-87.25
 10
56.65
 20
-87.25
  0
LWPOLYLINE
  5
97
330
17
100
AcDbEntity
  8
Madeira
 62
126
100
AcDbPolyline
 90
4
 70
1
 10
56.65
 20
-175.25
 10
61.05
 20
-175.25
 10
61.05
 20
-161.25
 10
56.65
 20
-161.25
  0
LWPOLYLINE
  5
98
330
17
100
AcDbEntity
  8
Madeira
 62
126
100
AcDbPolyline
 90
4
 70
1
 10
111.45
 20
-109.25
 10
107.05
 20
-109.25
 10
107.05
 20
-95.25
 10
111.45
 20
-95.25
  0
LWPOLYLINE
  5
99
330
17
100
AcDbEntity
  8
Madeira
 62
126
100
AcDbPolyline
 90
4
 70
1
 10
111.45
 20
-175.25
 10
107.05
 20
-175.25
 10
107.05
 20
-161.25
 10
111.45
 20
-161.25
  0
LWPOLYLINE
  5
9A
330
17
100
AcDbEntity
  8
SARR_3.5x7
 62
81
100
AcDbPolyline
 90
4
 70
1
 10
42.65
 20
-93.25
 10
56.65
 20
-93.25
 10
56.65
 20
-230.89
 10
42.65
 20
-230.89
  0
LWPOLYLINE
  5
9B
330
17
100
AcDbEntity
  8
SARR_3.5x7
 62
81
100
AcDbPolyline
 90
4
 70
1
 10
125.45
 20
-99.65
 10
111.45
 20
-99.65
 10
111.45
 20
-230.89
 10
125.45
 20
-230.89
  0
LWPOLYLINE
  5
9C
330
17
100
AcDbEntity
  8
SARR_3.5x7
 62
81
100
AcDbPolyline
 90
4
 70
1
 10
42.65
 20
-175.25
 10
125.45
 20
-175.25
 10
125.45
 20
-205.308
 10
42.65
 20
-205.308
  0
LWPOLYLINE
  5
9D
330
17
100
AcDbEntity
  8
Madeira
 62
126
100
AcDbPolyline
 90
4
 70
1
 10
56.65
 20
-138.25
 10
61.05
 20
-138.25
 10
61.05
 20
-124.25
 10
56.65
 20
-124.25
  0
LWPOLYLINE
  5
9E
330
17
100
AcDbEntity
  8
Madeira
 62
126
100
AcDbPolyline
 90
4
 70
1
 10
111.45
 20
-142.25
 10
107.05
 20
-142.25
 10
107.05
 20
-128.25
 10
111.45
 20
-128.25
  0
LWPOLYLINE
  5
9F
330
17
100
AcDbEntity
  8
COTA
100
AcDbPolyline
 90
2
 70
0
 10
208.527
 20
-172.75
 10
213.527
 20
-177.75
  0
LWPOLYLINE
  5
A0
330
17
100
AcDbEntity
  8
COTA
100
AcDbPolyline
 90
2
 70
0
 10
213.527
 20
-59.75
 10
208.527
 20
-54.75
  0
LWPOLYLINE
  5
A1
330
17
100
AcDbEntity
  8
COTA
100
AcDbPolyline
 90
2
 70
0
 10
-14.322000000000003
 20
-172.75
 10
-9.322000000000003
 20
-177.75
  0
LWPOLYLINE
  5
A2
330
17
100
AcDbEntity
  8
COTA
100
AcDbPolyline
 90
2
 70
0
 10
-9.322000000000003
 20
-89.75
 10
-14.322000000000003
 20
-84.75
  0
LWPOLYLINE
  5
A3
330
17
100
AcDbEntity
  8
COTA
100
AcDbPolyline
 90
2
 70
0
 10
194.207
 20
-73.75
 10
189.207
 20
-68.75
  0
LWPOLYLINE
  5
A4
330
17
100
AcDbEntity
  8
COTA
100
AcDbPolyline
 90
2
 70
0
 10
189.207
 20
-88.75
 10
194.207
 20
-93.75
  0
LWPOLYLINE
  5
A5
330
17
100
AcDbEntity
  8
COTA
100
AcDbPolyline
 90
2
 70
0
 10
194.207
 20
-97.75
 10
189.207
 20
-92.75
  0
LWPOLYLINE
  5
A6
330
17
100
AcDbEntity
  8
COTA
100
AcDbPolyline
 90
2
 70
0
 10
189.207
 20
-172.75
 10
194.207
 20
-177.75
  0
LWPOLYLINE
  5
A7
330
17
100
AcDbEntity
  8
COTA
100
AcDbPolyline
 90
2
 70
0
 10
100.55
 20
-196.12
 10
105.55
 20
-191.12
  0
LWPOLYLINE
  5
A8
330
17
100
AcDbEntity
  8
COTA
100
AcDbPolyline
 90
2
 70
0
 10
67.55
 20
-191.12
 10
62.55
 20
-196.12
  0
LWPOLYLINE
  5
A9
330
17
100
AcDbEntity
  8
COTA
100
AcDbPolyline
 90
2
 70
0
 10
-14.322000000000003
 20
-80.75
 10
-9.322000000000003
 20
-85.75
  0
LWPOLYLINE
  5
AA
330
17
100
AcDbEntity
  8
COTA
100
AcDbPolyline
 90
2
 70
0
 10
-9.322000000000003
 20
-59.75
 10
-14.322000000000003
 20
-54.75
  0
LWPOLYLINE
  5
AB
330
17
100
AcDbEntity
  8
COTA
100
AcDbPolyline
 90
2
 70
0
 10
-29.816000000000003
 20
-59.75
 10
-34.816
 20
-54.75
  0
LWPOLYLINE
  5
AC
330
17
100
AcDbEntity
  8
COTA
100
AcDbPolyline
 90
2
 70
0
 10
-34.816
 20
-172.75
 10
-29.816000000000003
 20
-177.75
  0
LWPOLYLINE
  5
AD
330
17
100
AcDbEntity
  8
COTA
100
AcDbPolyline
 90
2
 70
0
 10
189.207
 20
-68.75
 10
194.207
 20
-73.75
  0
LWPOLYLINE
  5
AE
330
17
100
AcDbEntity
  8
COTA
100
AcDbPolyline
 90
2
 70
0
 10
194.207
 20
-59.75
 10
189.207
 20
-54.75
  0
TEXT
  5
AF
330
17
100
AcDbEntity
  8
detalhes
 62
4
100
AcDbText
 10
109.143
 20
-144.235
 30
0.0
 40
9.6
  1
b
100
AcDbText
  0
TEXT
  5
B0
330
17
100
AcDbEntity
  8
detalhes
 62
4
100
AcDbText
 10
49.419
 20
-152.20499999999998
 30
0.0
 40
9.6
  1
a
100
AcDbText
  0
TEXT
  5
B1
330
17
100
AcDbEntity
  8
detalhes
 62
4
100
AcDbText
 10
85.348
 20
-165.014
 30
0.0
 40
9.6
  1
c
100
AcDbText
  0
TEXT
  5
B2
330
17
100
AcDbEntity
  8
COTA
 62
1
100
AcDbText
 10
219.527
 20
-116.25
 30
0.0
 40
7.0
  1
59
 50
90.0
100
AcDbText
  0
TEXT
  5
B3
330
17
100
AcDbEntity
  8
COTA
 62
1
100
AcDbText
 10
-3.3220000000000027
 20
-131.25
 30
0.0
 40
7.0
  1
44
 50
90.0
100
AcDbText
  0
TEXT
  5
B4
330
17
100
AcDbEntity
  8
Cota Seção (2x)
 62
1
100
AcDbText
 10
105.95
 20
-97.25
 30
0.0
 40
7.0
  1
55
 50
90.0
100
AcDbText
  0
TEXT
  5
B5
330
17
100
AcDbEntity
  8
COTA
 62
1
100
AcDbText
 10
200.207
 20
-81.25
 30
0.0
 40
7.0
  1
10
 50
90.0
100
AcDbText
  0
TEXT
  5
B6
330
17
100
AcDbEntity
  8
COTA
 62
1
100
AcDbText
 10
200.207
 20
-135.25
 30
0.0
 40
7.0
  1
40
 50
90.0
100
AcDbText
  0
TEXT
  5
B7
330
17
100
AcDbEntity
  8
COTA
 62
1
100
AcDbText
 10
84.05
 20
-188.12
 30
0.0
 40
7.0
  1
19
100
AcDbText
  0
TEXT
  5
B8
330
17
100
AcDbEntity
  8
Cota Seção (2x)
 62
1
100
AcDbText
 10
84.05
 20
-147.75
 30
0.0
 40
7.0
  1
19
100
AcDbText
  0
TEXT
  5
B9
330
17
100
AcDbEntity
  8
COTA
 62
1
100
AcDbText
 10
-3.3220000000000027
 20
-70.25
 30
0.0
 40
7.0
  1
13
 50
90.0
100
AcDbText
  0
TEXT
  5
BA
330
17
100
AcDbEntity
  8
COTA
 62
1
100
AcDbText
 10
-23.816000000000003
 20
-116.25
 30
0.0
 40
7.0
  1
59
 50
90.0
100
AcDbText
  0
TEXT
  5
BB
330
17
100
AcDbEntity
  8
COTA
 62
1
100
AcDbText
 10
200.207
 20
-64.25
 30
0.0
 40
7.0
  1
7
 50
90.0
100
AcDbText
  0
HATCH
  5
BC
330
17
100
AcDbEntity
  8
Hachura
 62
7
100
AcDbHatch
 10
0.0
 20
0.0
 30
0.0
210
0.0
220
0.0
230
1.0
  2
ANSI31
 70
0
 71
0
 91
1
 92
3
 72
0
 73
1
 93
5
 10
65.05
 20
-175.25
 10
65.05
 20
-170.85
 10
79.05
 20
-170.85
 10
79.05
 20
-175.25
 10
65.05
 20
-175.25
 97
0
 75
1
 76
1
 52
0.0
 41
1.0
 77
0
 78
1
 53
45.0
 43
0.0
 44
0.0
 45
-2.2450640303
 46
2.2450640303
 79
0
 98
0
  0
HATCH
  5
BD
330
17
100
AcDbEntity
  8
Hachura
 62
7
100
AcDbHatch
 10
0.0
 20
0.0
 30
0.0
210
0.0
220
0.0
230
1.0
  2
ANSI31
 70
0
 71
0
 91
1
 92
3
 72
0
 73
1
 93
5
 10
103.05
 20
-175.25
 10
103.05
 20
-170.85
 10
89.05
 20
-170.85
 10
89.05
 20
-175.25
 10
103.05
 20
-175.25
 97
0
 75
1
 76
1
 52
0.0
 41
1.0
 77
0
 78
1
 53
45.0
 43
0.0
 44
0.0
 45
-2.2450640303
 46
2.2450640303
 79
0
 98
0
  0
HATCH
  5
BE
330
17
100
AcDbEntity
  8
Hachura
 62
7
100
AcDbHatch
 10
0.0
 20
0.0
 30
0.0
210
0.0
220
0.0
230
1.0
  2
ANSI31
 70
0
 71
0
 91
1
 92
3
 72
0
 73
1
 93
5
 10
111.45
 20
-71.25
 10
107.05
 20
-71.25
 10
107.05
 20
-57.25
 10
111.45
 20
-57.25
 10
111.45
 20
-71.25
 97
0
 75
1
 76
1
 52
0.0
 41
1.0
 77
0
 78
1
 53
45.0
 43
0.0
 44
0.0
 45
-2.2450640303
 46
2.2450640303
 79
0
 98
0
  0
HATCH
  5
BF
330
17
100
AcDbEntity
  8
Hachura
 62
7
100
AcDbHatch
 10
0.0
 20
0.0
 30
0.0
210
0.0
220
0.0
230
1.0
  2
ANSI31
 70
0
 71
0
 91
1
 92
3
 72
0
 73
1
 93
5
 10
56.65
 20
-101.25
 10
61.05
 20
-101.25
 10
61.05
 20
-87.25
 10
56.65
 20
-87.25
 10
56.65
 20
-101.25
 97
0
 75
1
 76
1
 52
0.0
 41
1.0
 77
0
 78
1
 53
45.0
 43
0.0
 44
0.0
 45
-2.2450640303
 46
2.2450640303
 79
0
 98
0
  0
HATCH
  5
C0
330
17
100
AcDbEntity
  8
Hachura
 62
7
100
AcDbHatch
 10
0.0
 20
0.0
 30
0.0
210
0.0
220
0.0
230
1.0
  2
ANSI31
 70
0
 71
0
 91
1
 92
3
 72
0
 73
1
 93
5
 10
56.65
 20
-175.25
 10
61.05
 20
-175.25
 10
61.05
 20
-161.25
 10
56.65
 20
-161.25
 10
56.65
 20
-175.25
 97
0
 75
1
 76
1
 52
0.0
 41
1.0
 77
0
 78
1
 53
45.0
 43
0.0
 44
0.0
 45
-2.2450640303
 46
2.2450640303
 79
0
 98
0
  0
HATCH
  5
C1
330
17
100
AcDbEntity
  8
Hachura
 62
7
100
AcDbHatch
 10
0.0
 20
0.0
 30
0.0
210
0.0
220
0.0
230
1.0
  2
ANSI31
 70
0
 71
0
 91
1
 92
3
 72
0
 73
1
 93
5
 10
111.45
 20
-109.25
 10
107.05
 20
-109.25
 10
107.05
 20
-95.25
 10
111.45
 20
-95.25
 10
111.45
 20
-109.25
 97
0
 75
1
 76
1
 52
0.0
 41
1.0
 77
0
 78
1
 53
45.0
 43
0.0
 44
0.0
 45
-2.2450640303
 46
2.2450640303
 79
0
 98
0
  0
HATCH
  5
C2
330
17
100
AcDbEntity
  8
Hachura
 62
7
100
AcDbHatch
 10
0.0
 20
0.0
 30
0.0
210
0.0
220
0.0
230
1.0
  2
ANSI31
 70
0
 71
0
 91
1
 92
3
 72
0
 73
1
 93
5
 10
111.45
 20
-175.25
 10
107.05
 20
-175.25
 10
107.05
 20
-161.25
 10
111.45
 20
-161.25
 10
111.45
 20
-175.25
 97
0
 75
1
 76
1
 52
0.0
 41
1.0
 77
0
 78
1
 53
45.0
 43
0.0
 44
0.0
 45
-2.2450640303
 46
2.2450640303
 79
0
 98
0
  0
HATCH
  5
C3
330
17
100
AcDbEntity
  8
Hachura
 62
7
100
AcDbHatch
 10
0.0
 20
0.0
 30
0.0
210
0.0
220
0.0
230
1.0
  2
ANSI31
 70
0
 71
0
 91
1
 92
3
 72
0
 73
1
 93
5
 10
56.65
 20
-138.25
 10
61.05
 20
-138.25
 10
61.05
 20
-124.25
 10
56.65
 20
-124.25
 10
56.65
 20
-138.25
 97
0
 75
1
 76
1
 52
0.0
 41
1.0
 77
0
 78
1
 53
45.0
 43
0.0
 44
0.0
 45
-2.2450640303
 46
2.2450640303
 79
0
 98
0
  0
HATCH
  5
C4
330
17
100
AcDbEntity
  8
Hachura
 62
7
100
AcDbHatch
 10
0.0
 20
0.0
 30
0.0
210
0.0
220
0.0
230
1.0
  2
ANSI31
 70
0
 71
0
 91
1
 92
3
 72
0
 73
1
 93
5
 10
111.45
 20
-142.25
 10
107.05
 20
-142.25
 10
107.05
 20
-128.25
 10
111.45
 20
-128.25
 10
111.45
 20
-142.25
 97
0
 75
1
 76
1
 52
0.0
 41
1.0
 77
0
 78
1
 53
45.0
 43
0.0
 44
0.0
 45
-2.2450640303
 46
2.2450640303
 79
0
 98
0
  0
LINE
  5
C5
330
17
100
AcDbEntity
  8
COTA
 62
4
100
AcDbLine
 10
139.85
 20
-339.25
 30
0.0
 11
214.227
 21
-339.25
 31
0.0
  0
LINE
  5
C6
330
17
100
AcDbEntity
  8
COTA
 62
4
100
AcDbLine
 10
114.65
 20
-91.25
 30
0.0
 11
214.227
 21
-91.25
 31
0.0
  0
LINE
  5
C7
330
17
100
AcDbEntity
  8
COTA
 62
4
100
AcDbLine
 10
211.227
 20
-339.25
 30
0.0
 11
211.227
 21
-91.25
 31
0.0
  0
LINE
  5
C8
330
17
100
AcDbEntity
  8
COTA
 62
4
100
AcDbLine
 10
28.650000000000006
 20
-339.25
 30
0.0
 11
-14.622
 21
-339.25
 31
0.0
  0
LINE
  5
C9
330
17
100
AcDbEntity
  8
COTA
 62
4
100
AcDbLine
 10
6.650000000000006
 20
-121.25
 30
0.0
 11
-14.622
 21
-121.25
 31
0.0
  0
LINE
  5
CA
330
17
100
AcDbEntity
  8
COTA
 62
4
100
AcDbLine
 10
-11.622
 20
-339.25
 30
0.0
 11
-11.622
 21
-121.25
 31
0.0
  0
LINE
  5
CB
330
17
100
AcDbEntity
  8
Cota Seção (2x)
 62
180
100
AcDbLine
 10
99.25
 20
-240.75
 30
0.0
 11
99.25
 21
-215.75
 31
0.0
  0
LINE
  5
CC
330
17
100
AcDbEntity
  8
Cota Seção (2x)
 62
180
100
AcDbLine
 10
99.25
 20
-215.75
 30
0.0
 11
84.25
 21
-215.75
 31
0.0
  0
LINE
  5
CD
330
17
100
AcDbEntity
  8
Cota Seção (2x)
 62
180
100
AcDbLine
 10
84.25
 20
-215.75
 30
0.0
 11
84.25
 21
-240.75
 31
0.0
  0
LINE
  5
CE
330
17
100
AcDbEntity
  8
Cota Seção (2x)
 62
180
100
AcDbLine
 10
84.25
 20
-240.75
 30
0.0
 11
99.25
 21
-240.75
 31
0.0
  0
LINE
  5
CF
330
17
100
AcDbEntity
  8
COTA
 62
4
100
AcDbLine
 10
161.85
 20
-105.25
 30
0.0
 11
194.90699999999998
 21
-105.25
 31
0.0
  0
LINE
  5
D0
330
17
100
AcDbEntity
  8
COTA
 62
4
100
AcDbLine
 10
161.85
 20
-125.25
 30
0.0
 11
194.90699999999998
 21
-125.25
 31
0.0
  0
LINE
  5
D1
330
17
100
AcDbEntity
  8
COTA
 62
4
100
AcDbLine
 10
191.90699999999998
 20
-105.25
 30
0.0
 11
191.90699999999998
 21
-125.25
 31
0.0
  0
LINE
  5
D2
330
17
100
AcDbEntity
  8
COTA
 62
4
100
AcDbLine
 10
161.85
 20
-129.25
 30
0.0
 11
194.90699999999998
 21
-129.25
 31
0.0
  0
LINE
  5
D3
330
17
100
AcDbEntity
  8
COTA
 62
4
100
AcDbLine
 10
139.85
 20
-339.25
 30
0.0
 11
194.90699999999998
 21
-339.25
 31
0.0
  0
LINE
  5
D4
330
17
100
AcDbEntity
  8
COTA
 62
4
100
AcDbLine
 10
191.90699999999998
 20
-129.25
 30
0.0
 11
191.90699999999998
 21
-339.25
 31
0.0
  0
LINE
  5
D5
330
17
100
AcDbEntity
  8
COTA
 62
4
100
AcDbLine
 10
103.25
 20
-342.25
 30
0.0
 11
103.25
 21
-374.677
 31
0.0
  0
LINE
  5
D6
330
17
100
AcDbEntity
  8
COTA
 62
4
100
AcDbLine
 10
65.25
 20
-342.25
 30
0.0
 11
65.25
 21
-374.677
 31
0.0
  0
LINE
  5
D7
330
17
100
AcDbEntity
  8
COTA
 62
4
100
AcDbLine
 10
103.25
 20
-371.677
 30
0.0
 11
65.25
 21
-371.677
 31
0.0
  0
LINE
  5
D8
330
17
100
AcDbEntity
  8
Cota Seção (2x)
 62
180
100
AcDbLine
 10
75.25
 20
-319.25
 30
0.0
 11
93.25
 21
-319.25
 31
0.0
  0
LINE
  5
D9
330
17
100
AcDbEntity
  8
Cota Seção (2x)
 62
180
100
AcDbLine
 10
93.25
 20
-319.25
 30
0.0
 11
93.25
 21
-304.25
 31
0.0
  0
LINE
  5
DA
330
17
100
AcDbEntity
  8
Cota Seção (2x)
 62
180
100
AcDbLine
 10
93.25
 20
-304.25
 30
0.0
 11
75.25
 21
-304.25
 31
0.0
  0
LINE
  5
DB
330
17
100
AcDbEntity
  8
Cota Seção (2x)
 62
180
100
AcDbLine
 10
75.25
 20
-304.25
 30
0.0
 11
75.25
 21
-319.25
 31
0.0
  0
LINE
  5
DC
330
17
100
AcDbEntity
  8
COTA
 62
4
100
AcDbLine
 10
6.650000000000006
 20
-117.25
 30
0.0
 11
-14.622
 21
-117.25
 31
0.0
  0
LINE
  5
DD
330
17
100
AcDbEntity
  8
COTA
 62
4
100
AcDbLine
 10
6.650000000000006
 20
-91.25
 30
0.0
 11
-14.622
 21
-91.25
 31
0.0
  0
LINE
  5
DE
330
17
100
AcDbEntity
  8
COTA
 62
4
100
AcDbLine
 10
-11.622
 20
-117.25
 30
0.0
 11
-11.622
 21
-91.25
 31
0.0
  0
LINE
  5
DF
330
17
100
AcDbEntity
  8
COTA
 62
4
100
AcDbLine
 10
6.650000000000006
 20
-91.25
 30
0.0
 11
-35.116000000000014
 21
-91.25
 31
0.0
  0
LINE
  5
E0
330
17
100
AcDbEntity
  8
COTA
 62
4
100
AcDbLine
 10
4.013999999999996
 20
-339.25
 30
0.0
 11
-35.116000000000014
 21
-339.25
 31
0.0
  0
LINE
  5
E1
330
17
100
AcDbEntity
  8
COTA
 62
4
100
AcDbLine
 10
-32.116
 20
-91.25
 30
0.0
 11
-32.116
 21
-339.25
 31
0.0
  0
LINE
  5
E2
330
17
100
AcDbEntity
  8
COTA
 62
4
100
AcDbLine
 10
161.85
 20
-105.25
 30
0.0
 11
194.90699999999998
 21
-105.25
 31
0.0
  0
LINE
  5
E3
330
17
100
AcDbEntity
  8
COTA
 62
4
100
AcDbLine
 10
161.85
 20
-91.25
 30
0.0
 11
194.90699999999998
 21
-91.25
 31
0.0
  0
LINE
  5
E4
330
17
100
AcDbEntity
  8
COTA
 62
4
100
AcDbLine
 10
191.90699999999998
 20
-105.25
 30
0.0
 11
191.90699999999998
 21
-91.25
 31
0.0
  0
LWPOLYLINE
  5
E5
330
17
100
AcDbEntity
  8
Painéis
 62
200
100
AcDbPolyline
 90
4
 70
1
 10
107.25
 20
-129.25
 10
103.25
 20
-129.25
 10
103.25
 20
-339.25
 10
107.25
 20
-339.25
  0
LWPOLYLINE
  5
E6
330
17
100
AcDbEntity
  8
Madeira
 62
126
100
AcDbPolyline
 90
4
 70
1
 10
65.25
 20
-339.25
 10
65.25
 20
-334.85
 10
79.25
 20
-334.85
 10
79.25
 20
-339.25
  0
LWPOLYLINE
  5
E7
330
17
100
AcDbEntity
  8
Painéis
 62
200
100
AcDbPolyline
 90
4
 70
1
 10
65.25
 20
-334.85
 10
65.25
 20
-331.25
 10
103.25
 20
-331.25
 10
103.25
 20
-334.85
  0
LWPOLYLINE
  5
E8
330
17
100
AcDbEntity
  8
Madeira
 62
126
100
AcDbPolyline
 90
4
 70
1
 10
103.25
 20
-339.25
 10
103.25
 20
-334.85
 10
89.25
 20
-334.85
 10
89.25
 20
-339.25
  0
LWPOLYLINE
  5
E9
330
17
100
AcDbEntity
  8
Painéis
 62
200
100
AcDbPolyline
 90
4
 70
1
 10
61.25
 20
-121.25
 10
65.25
 20
-121.25
 10
65.25
 20
-339.25
 10
61.25
 20
-339.25
  0
LWPOLYLINE
  5
EA
330
17
100
AcDbEntity
  8
Painéis
 62
200
100
AcDbPolyline
 90
4
 70
1
 10
103.25
 20
-129.25
 10
103.25
 20
-125.25
 10
158.85
 20
-125.25
 10
158.85
 20
-129.25
  0
LWPOLYLINE
  5
EB
330
17
100
AcDbEntity
  8
CONCRETO
 62
251
100
AcDbPolyline
 90
9
 70
0
 10
65.25
 20
-121.25
 10
65.25
 20
-331.25
 10
103.25
 20
-331.25
 10
103.25
 20
-125.25
 10
158.85
 20
-125.25
 10
158.85
 20
-105.25
 10
103.65
 20
-105.25
 10
103.65
 20
-91.25
 10
65.25
 20
-91.25
  0
LWPOLYLINE
  5
EC
330
17
100
AcDbEntity
  8
Painéis
 62
200
100
AcDbPolyline
 90
4
 70
1
 10
107.25
 20
-91.25
 10
103.65
 20
-91.25
 10
103.65
 20
-105.25
 10
107.25
 20
-105.25
  0
LWPOLYLINE
  5
ED
330
17
100
AcDbEntity
  8
Madeira
 62
126
100
AcDbPolyline
 90
4
 70
1
 10
111.65
 20
-105.25
 10
107.25
 20
-105.25
 10
107.25
 20
-91.25
 10
111.65
 20
-91.25
  0
LWPOLYLINE
  5
EE
330
17
100
AcDbEntity
  8
CONCRETO
 62
251
100
AcDbPolyline
 90
8
 70
1
 10
9.650000000000006
 20
-117.25
 10
9.650000000000006
 20
-91.25
 10
65.25
 20
-91.25
 10
65.25
 20
-91.25
 10
103.65
 20
-91.25
 10
103.25
 20
-331.25
 10
65.25
 20
-331.25
 10
65.25
 20
-117.25
  0
LWPOLYLINE
  5
EF
330
17
100
AcDbEntity
  8
Painéis
 62
200
100
AcDbPolyline
 90
4
 70
1
 10
9.650000000000006
 20
-121.25
 10
9.650000000000006
 20
-117.25
 10
65.25
 20
-117.25
 10
65.25
 20
-121.25
  0
LWPOLYLINE
  5
F0
330
17
100
AcDbEntity
  8
Madeira
 62
126
100
AcDbPolyline
 90
4
 70
1
 10
56.85
 20
-135.25
 10
61.25
 20
-135.25
 10
61.25
 20
-121.25
 10
56.85
 20
-121.25
  0
LWPOLYLINE
  5
F1
330
17
100
AcDbEntity
  8
Madeira
 62
126
100
AcDbPolyline
 90
4
 70
1
 10
56.85
 20
-339.25
 10
61.25
 20
-339.25
 10
61.25
 20
-325.25
 10
56.85
 20
-325.25
  0
LWPOLYLINE
  5
F2
330
17
100
AcDbEntity
  8
Madeira
 62
126
100
AcDbPolyline
 90
4
 70
1
 10
111.65
 20
-143.25
 10
107.25
 20
-143.25
 10
107.25
 20
-129.25
 10
111.65
 20
-129.25
  0
LWPOLYLINE
  5
F3
330
17
100
AcDbEntity
  8
Madeira
 62
126
100
AcDbPolyline
 90
4
 70
1
 10
111.65
 20
-339.25
 10
107.25
 20
-339.25
 10
107.25
 20
-325.25
 10
111.65
 20
-325.25
  0
LWPOLYLINE
  5
F4
330
17
100
AcDbEntity
  8
SARR_3.5x7
 62
81
100
AcDbPolyline
 90
4
 70
1
 10
42.85
 20
-127.25
 10
56.85
 20
-127.25
 10
56.85
 20
-394.89
 10
42.85
 20
-394.89
  0
LWPOLYLINE
  5
F5
330
17
100
AcDbEntity
  8
SARR_3.5x7
 62
81
100
AcDbPolyline
 90
4
 70
1
 10
125.65
 20
-133.65
 10
111.65
 20
-133.65
 10
111.65
 20
-394.89
 10
125.65
 20
-394.89
  0
LWPOLYLINE
  5
F6
330
17
100
AcDbEntity
  8
SARR_3.5x7
 62
81
100
AcDbPolyline
 90
4
 70
1
 10
42.85
 20
-339.25
 10
125.65
 20
-339.25
 10
125.65
 20
-369.308
 10
42.85
 20
-369.308
  0
LWPOLYLINE
  5
F7
330
17
100
AcDbEntity
  8
Madeira
 62
126
100
AcDbPolyline
 90
4
 70
1
 10
56.85
 20
-172.25
 10
61.25
 20
-172.25
 10
61.25
 20
-158.25
 10
56.85
 20
-158.25
  0
LWPOLYLINE
  5
F8
330
17
100
AcDbEntity
  8
Madeira
 62
126
100
AcDbPolyline
 90
4
 70
1
 10
111.65
 20
-176.25
 10
107.25
 20
-176.25
 10
107.25
 20
-162.25
 10
111.65
 20
-162.25
  0
LWPOLYLINE
  5
F9
330
17
100
AcDbEntity
  8
Madeira
 62
126
100
AcDbPolyline
 90
4
 70
1
 10
56.85
 20
-213.055
 10
61.25
 20
-213.055
 10
61.25
 20
-199.055
 10
56.85
 20
-199.055
  0
LWPOLYLINE
  5
FA
330
17
100
AcDbEntity
  8
Madeira
 62
126
100
AcDbPolyline
 90
4
 70
1
 10
111.65
 20
-217.055
 10
107.25
 20
-217.055
 10
107.25
 20
-203.055
 10
111.65
 20
-203.055
  0
LWPOLYLINE
  5
FB
330
17
100
AcDbEntity
  8
Madeira
 62
126
100
AcDbPolyline
 90
4
 70
1
 10
56.85
 20
-254.60399999999998
 10
61.25
 20
-254.60399999999998
 10
61.25
 20
-240.60399999999998
 10
56.85
 20
-240.60399999999998
  0
LWPOLYLINE
  5
FC
330
17
100
AcDbEntity
  8
Madeira
 62
126
100
AcDbPolyline
 90
4
 70
1
 10
111.65
 20
-258.604
 10
107.25
 20
-258.604
 10
107.25
 20
-244.60399999999998
 10
111.65
 20
-244.60399999999998
  0
LWPOLYLINE
  5
FD
330
17
100
AcDbEntity
  8
Madeira
 62
126
100
AcDbPolyline
 90
4
 70
1
 10
56.85
 20
-296.568
 10
61.25
 20
-296.568
 10
61.25
 20
-282.568
 10
56.85
 20
-282.568
  0
LWPOLYLINE
  5
FE
330
17
100
AcDbEntity
  8
Madeira
 62
126
100
AcDbPolyline
 90
4
 70
1
 10
111.65
 20
-300.568
 10
107.25
 20
-300.568
 10
107.25
 20
-286.568
 10
111.65
 20
-286.568
  0
LWPOLYLINE
  5
FF
330
17
100
AcDbEntity
  8
COTA
100
AcDbPolyline
 90
2
 70
0
 10
208.727
 20
-336.75
 10
213.727
 20
-341.75
  0
LWPOLYLINE
  5
100
330
17
100
AcDbEntity
  8
COTA
100
AcDbPolyline
 90
2
 70
0
 10
213.727
 20
-93.75
 10
208.727
 20
-88.75
  0
LWPOLYLINE
  5
101
330
17
100
AcDbEntity
  8
COTA
100
AcDbPolyline
 90
2
 70
0
 10
-14.122
 20
-336.75
 10
-9.122
 20
-341.75
  0
LWPOLYLINE
  5
102
330
17
100
AcDbEntity
  8
COTA
100
AcDbPolyline
 90
2
 70
0
 10
-9.122
 20
-123.75
 10
-14.122
 20
-118.75
  0
LWPOLYLINE
  5
103
330
17
100
AcDbEntity
  8
COTA
100
AcDbPolyline
 90
2
 70
0
 10
194.40699999999998
 20
-107.75
 10
189.40699999999998
 20
-102.75
  0
LWPOLYLINE
  5
104
330
17
100
AcDbEntity
  8
COTA
100
AcDbPolyline
 90
2
 70
0
 10
189.40699999999998
 20
-122.75
 10
194.40699999999998
 20
-127.75
  0
LWPOLYLINE
  5
105
330
17
100
AcDbEntity
  8
COTA
100
AcDbPolyline
 90
2
 70
0
 10
194.40699999999998
 20
-131.75
 10
189.40699999999998
 20
-126.75
  0
LWPOLYLINE
  5
106
330
17
100
AcDbEntity
  8
COTA
100
AcDbPolyline
 90
2
 70
0
 10
189.40699999999998
 20
-336.75
 10
194.40699999999998
 20
-341.75
  0
LWPOLYLINE
  5
107
330
17
100
AcDbEntity
  8
COTA
100
AcDbPolyline
 90
2
 70
0
 10
100.75
 20
-374.177
 10
105.75
 20
-369.177
  0
LWPOLYLINE
  5
108
330
17
100
AcDbEntity
  8
COTA
100
AcDbPolyline
 90
2
 70
0
 10
67.75
 20
-369.177
 10
62.75
 20
-374.177
  0
LWPOLYLINE
  5
109
330
17
100
AcDbEntity
  8
COTA
100
AcDbPolyline
 90
2
 70
0
 10
-14.122
 20
-114.75
 10
-9.122
 20
-119.75
  0
LWPOLYLINE
  5
10A
330
17
100
AcDbEntity
  8
COTA
100
AcDbPolyline
 90
2
 70
0
 10
-9.122
 20
-93.75
 10
-14.122
 20
-88.75
  0
LWPOLYLINE
  5
10B
330
17
100
AcDbEntity
  8
COTA
100
AcDbPolyline
 90
2
 70
0
 10
-29.616
 20
-93.75
 10
-34.616000000000014
 20
-88.75
  0
LWPOLYLINE
  5
10C
330
17
100
AcDbEntity
  8
COTA
100
AcDbPolyline
 90
2
 70
0
 10
-34.616000000000014
 20
-336.75
 10
-29.616
 20
-341.75
  0
LWPOLYLINE
  5
10D
330
17
100
AcDbEntity
  8
COTA
100
AcDbPolyline
 90
2
 70
0
 10
189.40699999999998
 20
-102.75
 10
194.40699999999998
 20
-107.75
  0
LWPOLYLINE
  5
10E
330
17
100
AcDbEntity
  8
COTA
100
AcDbPolyline
 90
2
 70
0
 10
194.40699999999998
 20
-93.75
 10
189.40699999999998
 20
-88.75
  0
TEXT
  5
10F
330
17
100
AcDbEntity
  8
detalhes
 62
4
100
AcDbText
 10
109.343
 20
-178.235
 30
0.0
 40
9.6
  1
b
100
AcDbText
  0
TEXT
  5
110
330
17
100
AcDbEntity
  8
detalhes
 62
4
100
AcDbText
 10
49.619
 20
-316.205
 30
0.0
 40
9.6
  1
a
100
AcDbText
  0
TEXT
  5
111
330
17
100
AcDbEntity
  8
detalhes
 62
4
100
AcDbText
 10
85.548
 20
-329.014
 30
0.0
 40
9.6
  1
c
100
AcDbText
  0
TEXT
  5
112
330
17
100
AcDbEntity
  8
COTA
 62
1
100
AcDbText
 10
219.727
 20
-215.25
 30
0.0
 40
7.0
  1
124
 50
90.0
100
AcDbText
  0
TEXT
  5
113
330
17
100
AcDbEntity
  8
COTA
 62
1
100
AcDbText
 10
-3.122
 20
-230.25
 30
0.0
 40
7.0
  1
109
 50
90.0
100
AcDbText
  0
TEXT
  5
114
330
17
100
AcDbEntity
  8
Cota Seção (2x)
 62
1
100
AcDbText
 10
105.75
 20
-228.25
 30
0.0
 40
7.0
  1
120
 50
90.0
100
AcDbText
  0
TEXT
  5
115
330
17
100
AcDbEntity
  8
COTA
 62
1
100
AcDbText
 10
200.40699999999998
 20
-115.25
 30
0.0
 40
7.0
  1
10
 50
90.0
100
AcDbText
  0
TEXT
  5
116
330
17
100
AcDbEntity
  8
COTA
 62
1
100
AcDbText
 10
200.40699999999998
 20
-234.25
 30
0.0
 40
7.0
  1
105
 50
90.0
100
AcDbText
  0
TEXT
  5
117
330
17
100
AcDbEntity
  8
COTA
 62
1
100
AcDbText
 10
84.25
 20
-366.177
 30
0.0
 40
7.0
  1
19
100
AcDbText
  0
TEXT
  5
118
330
17
100
AcDbEntity
  8
Cota Seção (2x)
 62
1
100
AcDbText
 10
84.25
 20
-311.75
 30
0.0
 40
7.0
  1
19
100
AcDbText
  0
TEXT
  5
119
330
17
100
AcDbEntity
  8
COTA
 62
1
100
AcDbText
 10
-3.122
 20
-104.25
 30
0.0
 40
7.0
  1
13
 50
90.0
100
AcDbText
  0
TEXT
  5
11A
330
17
100
AcDbEntity
  8
COTA
 62
1
100
AcDbText
 10
-23.616
 20
-215.25
 30
0.0
 40
7.0
  1
124
 50
90.0
100
AcDbText
  0
TEXT
  5
11B
330
17
100
AcDbEntity
  8
COTA
 62
1
100
AcDbText
 10
200.40699999999998
 20
-98.25
 30
0.0
 40
7.0
  1
7
 50
90.0
100
AcDbText
  0
HATCH
  5
11C
330
17
100
AcDbEntity
  8
Hachura
 62
7
100
AcDbHatch
 10
0.0
 20
0.0
 30
0.0
210
0.0
220
0.0
230
1.0
  2
ANSI31
 70
0
 71
0
 91
1
 92
3
 72
0
 73
1
 93
5
 10
65.25
 20
-339.25
 10
65.25
 20
-334.85
 10
79.25
 20
-334.85
 10
79.25
 20
-339.25
 10
65.25
 20
-339.25
 97
0
 75
1
 76
1
 52
0.0
 41
1.0
 77
0
 78
1
 53
45.0
 43
0.0
 44
0.0
 45
-2.2450640303
 46
2.2450640303
 79
0
 98
0
  0
HATCH
  5
11D
330
17
100
AcDbEntity
  8
Hachura
 62
7
100
AcDbHatch
 10
0.0
 20
0.0
 30
0.0
210
0.0
220
0.0
230
1.0
  2
ANSI31
 70
0
 71
0
 91
1
 92
3
 72
0
 73
1
 93
5
 10
103.25
 20
-339.25
 10
103.25
 20
-334.85
 10
89.25
 20
-334.85
 10
89.25
 20
-339.25
 10
103.25
 20
-339.25
 97
0
 75
1
 76
1
 52
0.0
 41
1.0
 77
0
 78
1
 53
45.0
 43
0.0
 44
0.0
 45
-2.2450640303
 46
2.2450640303
 79
0
 98
0
  0
HATCH
  5
11E
330
17
100
AcDbEntity
  8
Hachura
 62
7
100
AcDbHatch
 10
0.0
 20
0.0
 30
0.0
210
0.0
220
0.0
230
1.0
  2
ANSI31
 70
0
 71
0
 91
1
 92
3
 72
0
 73
1
 93
5
 10
111.65
 20
-105.25
 10
107.25
 20
-105.25
 10
107.25
 20
-91.25
 10
111.65
 20
-91.25
 10
111.65
 20
-105.25
 97
0
 75
1
 76
1
 52
0.0
 41
1.0
 77
0
 78
1
 53
45.0
 43
0.0
 44
0.0
 45
-2.2450640303
 46
2.2450640303
 79
0
 98
0
  0
HATCH
  5
11F
330
17
100
AcDbEntity
  8
Hachura
 62
7
100
AcDbHatch
 10
0.0
 20
0.0
 30
0.0
210
0.0
220
0.0
230
1.0
  2
ANSI31
 70
0
 71
0
 91
1
 92
3
 72
0
 73
1
 93
5
 10
56.85
 20
-135.25
 10
61.25
 20
-135.25
 10
61.25
 20
-121.25
 10
56.85
 20
-121.25
 10
56.85
 20
-135.25
 97
0
 75
1
 76
1
 52
0.0
 41
1.0
 77
0
 78
1
 53
45.0
 43
0.0
 44
0.0
 45
-2.2450640303
 46
2.2450640303
 79
0
 98
0
  0
HATCH
  5
120
330
17
100
AcDbEntity
  8
Hachura
 62
7
100
AcDbHatch
 10
0.0
 20
0.0
 30
0.0
210
0.0
220
0.0
230
1.0
  2
ANSI31
 70
0
 71
0
 91
1
 92
3
 72
0
 73
1
 93
5
 10
56.85
 20
-339.25
 10
61.25
 20
-339.25
 10
61.25
 20
-325.25
 10
56.85
 20
-325.25
 10
56.85
 20
-339.25
 97
0
 75
1
 76
1
 52
0.0
 41
1.0
 77
0
 78
1
 53
45.0
 43
0.0
 44
0.0
 45
-2.2450640303
 46
2.2450640303
 79
0
 98
0
  0
HATCH
  5
121
330
17
100
AcDbEntity
  8
Hachura
 62
7
100
AcDbHatch
 10
0.0
 20
0.0
 30
0.0
210
0.0
220
0.0
230
1.0
  2
ANSI31
 70
0
 71
0
 91
1
 92
3
 72
0
 73
1
 93
5
 10
111.65
 20
-143.25
 10
107.25
 20
-143.25
 10
107.25
 20
-129.25
 10
111.65
 20
-129.25
 10
111.65
 20
-143.25
 97
0
 75
1
 76
1
 52
0.0
 41
1.0
 77
0
 78
1
 53
45.0
 43
0.0
 44
0.0
 45
-2.2450640303
 46
2.2450640303
 79
0
 98
0
  0
HATCH
  5
122
330
17
100
AcDbEntity
  8
Hachura
 62
7
100
AcDbHatch
 10
0.0
 20
0.0
 30
0.0
210
0.0
220
0.0
230
1.0
  2
ANSI31
 70
0
 71
0
 91
1
 92
3
 72
0
 73
1
 93
5
 10
111.65
 20
-339.25
 10
107.25
 20
-339.25
 10
107.25
 20
-325.25
 10
111.65
 20
-325.25
 10
111.65
 20
-339.25
 97
0
 75
1
 76
1
 52
0.0
 41
1.0
 77
0
 78
1
 53
45.0
 43
0.0
 44
0.0
 45
-2.2450640303
 46
2.2450640303
 79
0
 98
0
  0
HATCH
  5
123
330
17
100
AcDbEntity
  8
Hachura
 62
7
100
AcDbHatch
 10
0.0
 20
0.0
 30
0.0
210
0.0
220
0.0
230
1.0
  2
ANSI31
 70
0
 71
0
 91
1
 92
3
 72
0
 73
1
 93
5
 10
56.85
 20
-172.25
 10
61.25
 20
-172.25
 10
61.25
 20
-158.25
 10
56.85
 20
-158.25
 10
56.85
 20
-172.25
 97
0
 75
1
 76
1
 52
0.0
 41
1.0
 77
0
 78
1
 53
45.0
 43
0.0
 44
0.0
 45
-2.2450640303
 46
2.2450640303
 79
0
 98
0
  0
HATCH
  5
124
330
17
100
AcDbEntity
  8
Hachura
 62
7
100
AcDbHatch
 10
0.0
 20
0.0
 30
0.0
210
0.0
220
0.0
230
1.0
  2
ANSI31
 70
0
 71
0
 91
1
 92
3
 72
0
 73
1
 93
5
 10
111.65
 20
-176.25
 10
107.25
 20
-176.25
 10
107.25
 20
-162.25
 10
111.65
 20
-162.25
 10
111.65
 20
-176.25
 97
0
 75
1
 76
1
 52
0.0
 41
1.0
 77
0
 78
1
 53
45.0
 43
0.0
 44
0.0
 45
-2.2450640303
 46
2.2450640303
 79
0
 98
0
  0
HATCH
  5
125
330
17
100
AcDbEntity
  8
Hachura
 62
7
100
AcDbHatch
 10
0.0
 20
0.0
 30
0.0
210
0.0
220
0.0
230
1.0
  2
ANSI31
 70
0
 71
0
 91
1
 92
3
 72
0
 73
1
 93
5
 10
56.85
 20
-213.055
 10
61.25
 20
-213.055
 10
61.25
 20
-199.055
 10
56.85
 20
-199.055
 10
56.85
 20
-213.055
 97
0
 75
1
 76
1
 52
0.0
 41
1.0
 77
0
 78
1
 53
45.0
 43
0.0
 44
0.0
 45
-2.2450640303
 46
2.2450640303
 79
0
 98
0
  0
HATCH
  5
126
330
17
100
AcDbEntity
  8
Hachura
 62
7
100
AcDbHatch
 10
0.0
 20
0.0
 30
0.0
210
0.0
220
0.0
230
1.0
  2
ANSI31
 70
0
 71
0
 91
1
 92
3
 72
0
 73
1
 93
5
 10
111.65
 20
-217.055
 10
107.25
 20
-217.055
 10
107.25
 20
-203.055
 10
111.65
 20
-203.055
 10
111.65
 20
-217.055
 97
0
 75
1
 76
1
 52
0.0
 41
1.0
 77
0
 78
1
 53
45.0
 43
0.0
 44
0.0
 45
-2.2450640303
 46
2.2450640303
 79
0
 98
0
  0
HATCH
  5
127
330
17
100
AcDbEntity
  8
Hachura
 62
7
100
AcDbHatch
 10
0.0
 20
0.0
 30
0.0
210
0.0
220
0.0
230
1.0
  2
ANSI31
 70
0
 71
0
 91
1
 92
3
 72
0
 73
1
 93
5
 10
56.85
 20
-254.60399999999998
 10
61.25
 20
-254.60399999999998
 10
61.25
 20
-240.60399999999998
 10
56.85
 20
-240.60399999999998
 10
56.85
 20
-254.60399999999998
 97
0
 75
1
 76
1
 52
0.0
 41
1.0
 77
0
 78
1
 53
45.0
 43
0.0
 44
0.0
 45
-2.2450640303
 46
2.2450640303
 79
0
 98
0
  0
HATCH
  5
128
330
17
100
AcDbEntity
  8
Hachura
 62
7
100
AcDbHatch
 10
0.0
 20
0.0
 30
0.0
210
0.0
220
0.0
230
1.0
  2
ANSI31
 70
0
 71
0
 91
1
 92
3
 72
0
 73
1
 93
5
 10
111.65
 20
-258.604
 10
107.25
 20
-258.604
 10
107.25
 20
-244.60399999999998
 10
111.65
 20
-244.60399999999998
 10
111.65
 20
-258.604
 97
0
 75
1
 76
1
 52
0.0
 41
1.0
 77
0
 78
1
 53
45.0
 43
0.0
 44
0.0
 45
-2.2450640303
 46
2.2450640303
 79
0
 98
0
  0
HATCH
  5
129
330
17
100
AcDbEntity
  8
Hachura
 62
7
100
AcDbHatch
 10
0.0
 20
0.0
 30
0.0
210
0.0
220
0.0
230
1.0
  2
ANSI31
 70
0
 71
0
 91
1
 92
3
 72
0
 73
1
 93
5
 10
56.85
 20
-296.568
 10
61.25
 20
-296.568
 10
61.25
 20
-282.568
 10
56.85
 20
-282.568
 10
56.85
 20
-296.568
 97
0
 75
1
 76
1
 52
0.0
 41
1.0
 77
0
 78
1
 53
45.0
 43
0.0
 44
0.0
 45
-2.2450640303
 46
2.2450640303
 79
0
 98
0
  0
HATCH
  5
12A
330
17
100
AcDbEntity
  8
Hachura
 62
7
100
AcDbHatch
 10
0.0
 20
0.0
 30
0.0
210
0.0
220
0.0
230
1.0
  2
ANSI31
 70
0
 71
0
 91
1
 92
3
 72
0
 73
1
 93
5
 10
111.65
 20
-300.568
 10
107.25
 20
-300.568
 10
107.25
 20
-286.568
 10
111.65
 20
-286.568
 10
111.65
 20
-300.568
 97
0
 75
1
 76
1
 52
0.0
 41
1.0
 77
0
 78
1
 53
45.0
 43
0.0
 44
0.0
 45
-2.2450640303
 46
2.2450640303
 79
0
 98
0
  0
LINE
  5
12B
330
17
100
AcDbEntity
  8
Painéis
100
AcDbLine
 10
1800.0
 20
-194.0
 30
0.0
 11
2044.0
 21
-194.0
 31
0.0
  0
LINE
  5
12C
330
17
100
AcDbEntity
  8
Painéis
100
AcDbLine
 10
1800.0
 20
-150.0
 30
0.0
 11
2044.0
 21
-150.0
 31
0.0
  0
LINE
  5
12D
330
17
100
AcDbEntity
  8
Painéis
100
AcDbLine
 10
1800.0
 20
-194.0
 30
0.0
 11
1800.0
 21
-150.0
 31
0.0
  0
HATCH
  5
12E
330
17
100
AcDbEntity
  8
Reaproveitamento
 62
7
100
AcDbHatch
 10
0.0
 20
0.0
 30
0.0
210
0.0
220
0.0
230
1.0
  2
ANSI31
 70
0
 71
0
 91
1
 92
3
 72
0
 73
1
 93
4
 10
1800.0
 20
-194.0
 10
2044.0
 20
-194.0
 10
2044.0
 20
-150.0
 10
1800.0
 20
-150.0
 97
0
 75
1
 76
1
 52
0.0
 41
1.0
 77
0
 78
1
 53
45.0
 43
0.0
 44
0.0
 45
-2.2450640303
 46
2.2450640303
 79
0
 98
0
  0
LWPOLYLINE
  5
12F
330
17
100
AcDbEntity
  8
SARR_2.2x7
100
AcDbPolyline
 90
2
 70
0
 10
1807.0
 20
-187.0
 10
2044.0
 20
-187.0
  0
LWPOLYLINE
  5
130
330
17
100
AcDbEntity
  8
SARR_2.2x7
100
AcDbPolyline
 90
2
 70
0
 10
1807.0
 20
-175.5
 10
2044.0
 20
-175.5
  0
LWPOLYLINE
  5
131
330
17
100
AcDbEntity
  8
SARR_2.2x7
100
AcDbPolyline
 90
2
 70
0
 10
1807.0
 20
-168.5
 10
2044.0
 20
-168.5
  0
LWPOLYLINE
  5
132
330
17
100
AcDbEntity
  8
SARR_2.2x7
100
AcDbPolyline
 90
2
 70
0
 10
1807.0
 20
-157.0
 10
2044.0
 20
-157.0
  0
LINE
  5
133
330
17
100
AcDbEntity
  8
Painéis
100
AcDbLine
 10
2044.0
 20
-194.0
 30
0.0
 11
2044.0
 21
-150.0
 31
0.0
  0
LINE
  5
134
330
17
100
AcDbEntity
  8
Painéis
100
AcDbLine
 10
2044.0
 20
-194.0
 30
0.0
 11
2072.7
 21
-194.0
 31
0.0
  0
LINE
  5
135
330
17
100
AcDbEntity
  8
Painéis
100
AcDbLine
 10
2044.0
 20
-150.0
 30
0.0
 11
2072.7
 21
-150.0
 31
0.0
  0
LWPOLYLINE
  5
136
330
17
100
AcDbEntity
  8
SARR_2.2x7
100
AcDbPolyline
 90
2
 70
0
 10
2044.0
 20
-187.0
 10
2072.7
 20
-187.0
  0
LWPOLYLINE
  5
137
330
17
100
AcDbEntity
  8
SARR_2.2x7
100
AcDbPolyline
 90
2
 70
0
 10
2044.0
 20
-175.5
 10
2072.7
 20
-175.5
  0
LWPOLYLINE
  5
138
330
17
100
AcDbEntity
  8
SARR_2.2x7
100
AcDbPolyline
 90
2
 70
0
 10
2044.0
 20
-168.5
 10
2072.7
 20
-168.5
  0
LWPOLYLINE
  5
139
330
17
100
AcDbEntity
  8
SARR_2.2x7
100
AcDbPolyline
 90
2
 70
0
 10
2044.0
 20
-157.0
 10
2072.7
 20
-157.0
  0
LINE
  5
13A
330
17
100
AcDbEntity
  8
Painéis
100
AcDbLine
 10
2072.7
 20
-194.0
 30
0.0
 11
2072.7
 21
-150.0
 31
0.0
  0
LINE
  5
13B
330
17
100
AcDbEntity
  8
Painéis
100
AcDbLine
 10
2072.7
 20
-194.0
 30
0.0
 11
2094.5
 21
-194.0
 31
0.0
  0
LINE
  5
13C
330
17
100
AcDbEntity
  8
Painéis
100
AcDbLine
 10
2072.7
 20
-150.0
 30
0.0
 11
2094.5
 21
-150.0
 31
0.0
  0
LWPOLYLINE
  5
13D
330
17
100
AcDbEntity
  8
SARR_2.2x7
100
AcDbPolyline
 90
2
 70
0
 10
2072.7
 20
-187.0
 10
2094.5
 20
-187.0
  0
LWPOLYLINE
  5
13E
330
17
100
AcDbEntity
  8
SARR_2.2x7
100
AcDbPolyline
 90
2
 70
0
 10
2072.7
 20
-175.5
 10
2094.5
 20
-175.5
  0
LWPOLYLINE
  5
13F
330
17
100
AcDbEntity
  8
SARR_2.2x7
100
AcDbPolyline
 90
2
 70
0
 10
2072.7
 20
-168.5
 10
2094.5
 20
-168.5
  0
LWPOLYLINE
  5
140
330
17
100
AcDbEntity
  8
SARR_2.2x7
100
AcDbPolyline
 90
2
 70
0
 10
2072.7
 20
-157.0
 10
2094.5
 20
-157.0
  0
LINE
  5
141
330
17
100
AcDbEntity
  8
Painéis
100
AcDbLine
 10
2094.5
 20
-259.0
 30
0.0
 11
2094.5
 21
-150.0
 31
0.0
  0
LINE
  5
142
330
17
100
AcDbEntity
  8
Painéis
100
AcDbLine
 10
2094.5
 20
-259.0
 30
0.0
 11
2205.5
 21
-259.0
 31
0.0
  0
LINE
  5
143
330
17
100
AcDbEntity
  8
Painéis
100
AcDbLine
 10
2094.5
 20
-150.0
 30
0.0
 11
2205.5
 21
-150.0
 31
0.0
  0
LWPOLYLINE
  5
144
330
17
100
AcDbEntity
  8
SARR_2.2x7
100
AcDbPolyline
 90
2
 70
0
 10
2094.5
 20
-252.0
 10
2205.5
 20
-252.0
  0
LWPOLYLINE
  5
145
330
17
100
AcDbEntity
  8
SARR_2.2x7
100
AcDbPolyline
 90
2
 70
0
 10
2094.5
 20
-235.25
 10
2205.5
 20
-235.25
  0
LWPOLYLINE
  5
146
330
17
100
AcDbEntity
  8
SARR_2.2x7
100
AcDbPolyline
 90
2
 70
0
 10
2094.5
 20
-228.25
 10
2205.5
 20
-228.25
  0
LWPOLYLINE
  5
147
330
17
100
AcDbEntity
  8
SARR_2.2x7
100
AcDbPolyline
 90
2
 70
0
 10
2094.5
 20
-208.0
 10
2205.5
 20
-208.0
  0
LWPOLYLINE
  5
148
330
17
100
AcDbEntity
  8
SARR_2.2x7
100
AcDbPolyline
 90
2
 70
0
 10
2094.5
 20
-201.0
 10
2205.5
 20
-201.0
  0
LWPOLYLINE
  5
149
330
17
100
AcDbEntity
  8
SARR_2.2x7
100
AcDbPolyline
 90
2
 70
0
 10
2094.5
 20
-180.75
 10
2205.5
 20
-180.75
  0
LWPOLYLINE
  5
14A
330
17
100
AcDbEntity
  8
SARR_2.2x7
100
AcDbPolyline
 90
2
 70
0
 10
2094.5
 20
-173.75
 10
2205.5
 20
-173.75
  0
LWPOLYLINE
  5
14B
330
17
100
AcDbEntity
  8
SARR_2.2x7
100
AcDbPolyline
 90
2
 70
0
 10
2094.5
 20
-157.0
 10
2205.5
 20
-157.0
  0
LINE
  5
14C
330
17
100
AcDbEntity
  8
Painéis
100
AcDbLine
 10
2205.5
 20
-259.0
 30
0.0
 11
2205.5
 21
-150.0
 31
0.0
  0
LINE
  5
14D
330
17
100
AcDbEntity
  8
Painéis
100
AcDbLine
 10
2205.5
 20
-259.0
 30
0.0
 11
2224.5
 21
-259.0
 31
0.0
  0
LINE
  5
14E
330
17
100
AcDbEntity
  8
Painéis
100
AcDbLine
 10
2205.5
 20
-150.0
 30
0.0
 11
2224.5
 21
-150.0
 31
0.0
  0
LWPOLYLINE
  5
14F
330
17
100
AcDbEntity
  8
SARR_2.2x7
100
AcDbPolyline
 90
2
 70
0
 10
2205.5
 20
-252.0
 10
2224.5
 20
-252.0
  0
LWPOLYLINE
  5
150
330
17
100
AcDbEntity
  8
SARR_2.2x7
100
AcDbPolyline
 90
2
 70
0
 10
2205.5
 20
-235.25
 10
2224.5
 20
-235.25
  0
LWPOLYLINE
  5
151
330
17
100
AcDbEntity
  8
SARR_2.2x7
100
AcDbPolyline
 90
2
 70
0
 10
2205.5
 20
-228.25
 10
2224.5
 20
-228.25
  0
LWPOLYLINE
  5
152
330
17
100
AcDbEntity
  8
SARR_2.2x7
100
AcDbPolyline
 90
2
 70
0
 10
2205.5
 20
-208.0
 10
2224.5
 20
-208.0
  0
LWPOLYLINE
  5
153
330
17
100
AcDbEntity
  8
SARR_2.2x7
100
AcDbPolyline
 90
2
 70
0
 10
2205.5
 20
-201.0
 10
2224.5
 20
-201.0
  0
LWPOLYLINE
  5
154
330
17
100
AcDbEntity
  8
SARR_2.2x7
100
AcDbPolyline
 90
2
 70
0
 10
2205.5
 20
-180.75
 10
2224.5
 20
-180.75
  0
LWPOLYLINE
  5
155
330
17
100
AcDbEntity
  8
SARR_2.2x7
100
AcDbPolyline
 90
2
 70
0
 10
2205.5
 20
-173.75
 10
2224.5
 20
-173.75
  0
LWPOLYLINE
  5
156
330
17
100
AcDbEntity
  8
SARR_2.2x7
100
AcDbPolyline
 90
2
 70
0
 10
2205.5
 20
-157.0
 10
2224.5
 20
-157.0
  0
LINE
  5
157
330
17
100
AcDbEntity
  8
Painéis
100
AcDbLine
 10
2224.5
 20
-259.0
 30
0.0
 11
2224.5
 21
-150.0
 31
0.0
  0
LINE
  5
158
330
17
100
AcDbEntity
  8
Painéis
100
AcDbLine
 10
2224.5
 20
-259.0
 30
0.0
 11
2245.7
 21
-259.0
 31
0.0
  0
LINE
  5
159
330
17
100
AcDbEntity
  8
Painéis
100
AcDbLine
 10
2224.5
 20
-150.0
 30
0.0
 11
2245.7
 21
-150.0
 31
0.0
  0
LINE
  5
15A
330
17
100
AcDbEntity
  8
Painéis
100
AcDbLine
 10
2245.7
 20
-259.0
 30
0.0
 11
2245.7
 21
-150.0
 31
0.0
  0
LWPOLYLINE
  5
15B
330
17
100
AcDbEntity
  8
SARR_2.2x7
100
AcDbPolyline
 90
2
 70
0
 10
2224.5
 20
-252.0
 10
2238.7
 20
-252.0
  0
LWPOLYLINE
  5
15C
330
17
100
AcDbEntity
  8
SARR_2.2x7
100
AcDbPolyline
 90
2
 70
0
 10
2224.5
 20
-235.25
 10
2238.7
 20
-235.25
  0
LWPOLYLINE
  5
15D
330
17
100
AcDbEntity
  8
SARR_2.2x7
100
AcDbPolyline
 90
2
 70
0
 10
2224.5
 20
-228.25
 10
2238.7
 20
-228.25
  0
LWPOLYLINE
  5
15E
330
17
100
AcDbEntity
  8
SARR_2.2x7
100
AcDbPolyline
 90
2
 70
0
 10
2224.5
 20
-208.0
 10
2238.7
 20
-208.0
  0
LWPOLYLINE
  5
15F
330
17
100
AcDbEntity
  8
SARR_2.2x7
100
AcDbPolyline
 90
2
 70
0
 10
2224.5
 20
-201.0
 10
2238.7
 20
-201.0
  0
LWPOLYLINE
  5
160
330
17
100
AcDbEntity
  8
SARR_2.2x7
100
AcDbPolyline
 90
2
 70
0
 10
2224.5
 20
-180.75
 10
2238.7
 20
-180.75
  0
LWPOLYLINE
  5
161
330
17
100
AcDbEntity
  8
SARR_2.2x7
100
AcDbPolyline
 90
2
 70
0
 10
2224.5
 20
-173.75
 10
2238.7
 20
-173.75
  0
LWPOLYLINE
  5
162
330
17
100
AcDbEntity
  8
SARR_2.2x7
100
AcDbPolyline
 90
2
 70
0
 10
2224.5
 20
-157.0
 10
2238.7
 20
-157.0
  0
LWPOLYLINE
  5
163
330
17
100
AcDbEntity
  8
SARR_2.2x7
100
AcDbPolyline
 90
2
 70
0
 10
1807.0
 20
-187.0
 10
2044.0
 20
-187.0
  0
LWPOLYLINE
  5
164
330
17
100
AcDbEntity
  8
SARR_2.2x7
100
AcDbPolyline
 90
2
 70
0
 10
1807.0
 20
-175.5
 10
2044.0
 20
-175.5
  0
LWPOLYLINE
  5
165
330
17
100
AcDbEntity
  8
SARR_2.2x7
100
AcDbPolyline
 90
2
 70
0
 10
1807.0
 20
-168.5
 10
2044.0
 20
-168.5
  0
LWPOLYLINE
  5
166
330
17
100
AcDbEntity
  8
SARR_2.2x7
100
AcDbPolyline
 90
2
 70
0
 10
1807.0
 20
-157.0
 10
2044.0
 20
-157.0
  0
LWPOLYLINE
  5
167
330
17
100
AcDbEntity
  8
SARR_2.2x7
100
AcDbPolyline
 90
2
 70
0
 10
2044.0
 20
-187.0
 10
2072.7
 20
-187.0
  0
LWPOLYLINE
  5
168
330
17
100
AcDbEntity
  8
SARR_2.2x7
100
AcDbPolyline
 90
2
 70
0
 10
2044.0
 20
-175.5
 10
2072.7
 20
-175.5
  0
LWPOLYLINE
  5
169
330
17
100
AcDbEntity
  8
SARR_2.2x7
100
AcDbPolyline
 90
2
 70
0
 10
2044.0
 20
-168.5
 10
2072.7
 20
-168.5
  0
LWPOLYLINE
  5
16A
330
17
100
AcDbEntity
  8
SARR_2.2x7
100
AcDbPolyline
 90
2
 70
0
 10
2044.0
 20
-157.0
 10
2072.7
 20
-157.0
  0
LWPOLYLINE
  5
16B
330
17
100
AcDbEntity
  8
SARR_2.2x7
100
AcDbPolyline
 90
2
 70
0
 10
2072.7
 20
-187.0
 10
2094.5
 20
-187.0
  0
LWPOLYLINE
  5
16C
330
17
100
AcDbEntity
  8
SARR_2.2x7
100
AcDbPolyline
 90
2
 70
0
 10
2072.7
 20
-175.5
 10
2094.5
 20
-175.5
  0
LWPOLYLINE
  5
16D
330
17
100
AcDbEntity
  8
SARR_2.2x7
100
AcDbPolyline
 90
2
 70
0
 10
2072.7
 20
-168.5
 10
2094.5
 20
-168.5
  0
LWPOLYLINE
  5
16E
330
17
100
AcDbEntity
  8
SARR_2.2x7
100
AcDbPolyline
 90
2
 70
0
 10
2072.7
 20
-157.0
 10
2094.5
 20
-157.0
  0
LWPOLYLINE
  5
16F
330
17
100
AcDbEntity
  8
SARR_2.2x7
100
AcDbPolyline
 90
2
 70
0
 10
2094.5
 20
-252.0
 10
2205.5
 20
-252.0
  0
LWPOLYLINE
  5
170
330
17
100
AcDbEntity
  8
SARR_2.2x7
100
AcDbPolyline
 90
2
 70
0
 10
2094.5
 20
-235.25
 10
2205.5
 20
-235.25
  0
LWPOLYLINE
  5
171
330
17
100
AcDbEntity
  8
SARR_2.2x7
100
AcDbPolyline
 90
2
 70
0
 10
2094.5
 20
-228.25
 10
2205.5
 20
-228.25
  0
LWPOLYLINE
  5
172
330
17
100
AcDbEntity
  8
SARR_2.2x7
100
AcDbPolyline
 90
2
 70
0
 10
2094.5
 20
-208.0
 10
2205.5
 20
-208.0
  0
LWPOLYLINE
  5
173
330
17
100
AcDbEntity
  8
SARR_2.2x7
100
AcDbPolyline
 90
2
 70
0
 10
2094.5
 20
-201.0
 10
2205.5
 20
-201.0
  0
LWPOLYLINE
  5
174
330
17
100
AcDbEntity
  8
SARR_2.2x7
100
AcDbPolyline
 90
2
 70
0
 10
2094.5
 20
-180.75
 10
2205.5
 20
-180.75
  0
LWPOLYLINE
  5
175
330
17
100
AcDbEntity
  8
SARR_2.2x7
100
AcDbPolyline
 90
2
 70
0
 10
2094.5
 20
-173.75
 10
2205.5
 20
-173.75
  0
LWPOLYLINE
  5
176
330
17
100
AcDbEntity
  8
SARR_2.2x7
100
AcDbPolyline
 90
2
 70
0
 10
2094.5
 20
-157.0
 10
2205.5
 20
-157.0
  0
LWPOLYLINE
  5
177
330
17
100
AcDbEntity
  8
SARR_2.2x7
100
AcDbPolyline
 90
2
 70
0
 10
2205.5
 20
-252.0
 10
2224.5
 20
-252.0
  0
LWPOLYLINE
  5
178
330
17
100
AcDbEntity
  8
SARR_2.2x7
100
AcDbPolyline
 90
2
 70
0
 10
2205.5
 20
-235.25
 10
2224.5
 20
-235.25
  0
LWPOLYLINE
  5
179
330
17
100
AcDbEntity
  8
SARR_2.2x7
100
AcDbPolyline
 90
2
 70
0
 10
2205.5
 20
-228.25
 10
2224.5
 20
-228.25
  0
LWPOLYLINE
  5
17A
330
17
100
AcDbEntity
  8
SARR_2.2x7
100
AcDbPolyline
 90
2
 70
0
 10
2205.5
 20
-208.0
 10
2224.5
 20
-208.0
  0
LWPOLYLINE
  5
17B
330
17
100
AcDbEntity
  8
SARR_2.2x7
100
AcDbPolyline
 90
2
 70
0
 10
2205.5
 20
-201.0
 10
2224.5
 20
-201.0
  0
LWPOLYLINE
  5
17C
330
17
100
AcDbEntity
  8
SARR_2.2x7
100
AcDbPolyline
 90
2
 70
0
 10
2205.5
 20
-180.75
 10
2224.5
 20
-180.75
  0
LWPOLYLINE
  5
17D
330
17
100
AcDbEntity
  8
SARR_2.2x7
100
AcDbPolyline
 90
2
 70
0
 10
2205.5
 20
-173.75
 10
2224.5
 20
-173.75
  0
LWPOLYLINE
  5
17E
330
17
100
AcDbEntity
  8
SARR_2.2x7
100
AcDbPolyline
 90
2
 70
0
 10
2205.5
 20
-157.0
 10
2224.5
 20
-157.0
  0
LWPOLYLINE
  5
17F
330
17
100
AcDbEntity
  8
SARR_2.2x7
100
AcDbPolyline
 90
2
 70
0
 10
2224.5
 20
-252.0
 10
2238.7
 20
-252.0
  0
LWPOLYLINE
  5
180
330
17
100
AcDbEntity
  8
SARR_2.2x7
100
AcDbPolyline
 90
2
 70
0
 10
2224.5
 20
-235.25
 10
2238.7
 20
-235.25
  0
LWPOLYLINE
  5
181
330
17
100
AcDbEntity
  8
SARR_2.2x7
100
AcDbPolyline
 90
2
 70
0
 10
2224.5
 20
-228.25
 10
2238.7
 20
-228.25
  0
LWPOLYLINE
  5
182
330
17
100
AcDbEntity
  8
SARR_2.2x7
100
AcDbPolyline
 90
2
 70
0
 10
2224.5
 20
-208.0
 10
2238.7
 20
-208.0
  0
LWPOLYLINE
  5
183
330
17
100
AcDbEntity
  8
SARR_2.2x7
100
AcDbPolyline
 90
2
 70
0
 10
2224.5
 20
-201.0
 10
2238.7
 20
-201.0
  0
LWPOLYLINE
  5
184
330
17
100
AcDbEntity
  8
SARR_2.2x7
100
AcDbPolyline
 90
2
 70
0
 10
2224.5
 20
-180.75
 10
2238.7
 20
-180.75
  0
LWPOLYLINE
  5
185
330
17
100
AcDbEntity
  8
SARR_2.2x7
100
AcDbPolyline
 90
2
 70
0
 10
2224.5
 20
-173.75
 10
2238.7
 20
-173.75
  0
LWPOLYLINE
  5
186
330
17
100
AcDbEntity
  8
SARR_2.2x7
100
AcDbPolyline
 90
2
 70
0
 10
2224.5
 20
-157.0
 10
2238.7
 20
-157.0
  0
TEXT
  5
187
330
17
100
AcDbEntity
  8
NOMENCLATURA
100
AcDbText
 10
1803.0
 20
-126.0
 30
0.0
 40
8.0
  1
V301.A
100
AcDbText
  0
DIMENSION
  5
188
330
17
100
AcDbEntity
  8
COTA
100
AcDbDimension
280
0
  2
*D1
  3
PAINEL
 10
1800.0
 20
-296.0
 30
0.0
 11
1922.0
 21
-288.0
 31
0.0
 70
32
 71
5
  1
<>
100
AcDbAlignedDimension
 13
1800.0
 23
-259.0
 33
0.0
 14
2044.0
 24
-259.0
 34
0.0
 50
0.0
100
AcDbRotatedDimension
  0
DIMENSION
  5
197
330
17
100
AcDbEntity
  8
COTA
100
AcDbDimension
280
0
  2
*D2
  3
PAINEL
 10
2044.0
 20
-296.0
 30
0.0
 11
2058.35
 21
-285.0
 31
0.0
 70
32
 71
5
  1
<>
100
AcDbAlignedDimension
 13
2044.0
 23
-259.0
 33
0.0
 14
2072.7
 24
-259.0
 34
0.0
 50
0.0
100
AcDbRotatedDimension
  0
DIMENSION
  5
1A6
330
17
100
AcDbEntity
  8
COTA
100
AcDbDimension
280
0
  2
*D3
  3
PAINEL
 10
2072.7
 20
-296.0
 30
0.0
 11
2083.6
 21
-285.0
 31
0.0
 70
32
 71
5
  1
<>
100
AcDbAlignedDimension
 13
2072.7
 23
-259.0
 33
0.0
 14
2094.5
 24
-259.0
 34
0.0
 50
0.0
100
AcDbRotatedDimension
  0
DIMENSION
  5
1B5
330
17
100
AcDbEntity
  8
COTA
100
AcDbDimension
280
0
  2
*D4
  3
PAINEL
 10
2094.5
 20
-296.0
 30
0.0
 11
2150.0
 21
-288.0
 31
0.0
 70
32
 71
5
  1
<>
100
AcDbAlignedDimension
 13
2094.5
 23
-259.0
 33
0.0
 14
2205.5
 24
-259.0
 34
0.0
 50
0.0
100
AcDbRotatedDimension
  0
DIMENSION
  5
1C4
330
17
100
AcDbEntity
  8
COTA
100
AcDbDimension
280
0
  2
*D5
  3
PAINEL
 10
2205.5
 20
-296.0
 30
0.0
 11
2215.0
 21
-285.0
 31
0.0
 70
32
 71
5
  1
<>
100
AcDbAlignedDimension
 13
2205.5
 23
-259.0
 33
0.0
 14
2224.5
 24
-259.0
 34
0.0
 50
0.0
100
AcDbRotatedDimension
  0
DIMENSION
  5
1D3
330
17
100
AcDbEntity
  8
COTA
100
AcDbDimension
280
0
  2
*D6
  3
PAINEL
 10
2224.5
 20
-296.0
 30
0.0
 11
2235.1
 21
-285.0
 31
0.0
 70
32
 71
5
  1
<>
100
AcDbAlignedDimension
 13
2224.5
 23
-259.0
 33
0.0
 14
2245.7
 24
-259.0
 34
0.0
 50
0.0
100
AcDbRotatedDimension
  0
DIMENSION
  5
1E2
330
17
100
AcDbEntity
  8
COTA
100
AcDbDimension
280
0
  2
*D7
  3
PAINEL
 10
1800.0
 20
-319.0
 30
0.0
 11
2022.85
 21
-311.0
 31
0.0
 70
32
 71
5
  1
<>
100
AcDbAlignedDimension
 13
1800.0
 23
-259.0
 33
0.0
 14
2245.7
 24
-259.0
 34
0.0
 50
0.0
100
AcDbRotatedDimension
  0
DIMENSION
  5
1F1
330
17
100
AcDbEntity
  8
COTA
100
AcDbDimension
280
0
  2
*D8
  3
PAINEL
 10
2273.7
 20
-259.0
 30
0.0
 11
2265.7
 21
-197.0
 31
0.0
 70
32
 71
5
  1
<>
100
AcDbAlignedDimension
 13
2245.7
 23
-259.0
 33
0.0
 14
2245.7
 24
-135.0
 34
0.0
 50
90.0
100
AcDbRotatedDimension
  0
DIMENSION
  5
200
330
17
100
AcDbEntity
  8
COTA
100
AcDbDimension
280
0
  2
*D9
  3
PAINEL
 10
2273.7
 20
-259.0
 30
0.0
 11
2265.7
 21
-204.5
 31
0.0
 70
32
 71
5
  1
<>
100
AcDbAlignedDimension
 13
2245.7
 23
-259.0
 33
0.0
 14
2245.7
 24
-150.0
 34
0.0
 50
90.0
100
AcDbRotatedDimension
  0
DIMENSION
  5
20F
330
17
100
AcDbEntity
  8
COTA
100
AcDbDimension
280
0
  2
*D10
  3
PAINEL
 10
2273.7
 20
-150.0
 30
0.0
 11
2262.7
 21
-142.5
 31
0.0
 70
32
 71
5
  1
<>
100
AcDbAlignedDimension
 13
2245.7
 23
-150.0
 33
0.0
 14
2245.7
 24
-135.0
 34
0.0
 50
90.0
100
AcDbRotatedDimension
  0
LINE
  5
21E
330
17
100
AcDbEntity
  8
Painéis
100
AcDbLine
 10
2445.7
 20
-193.6
 30
0.0
 11
2689.7
 21
-193.6
 31
0.0
  0
LINE
  5
21F
330
17
100
AcDbEntity
  8
Painéis
100
AcDbLine
 10
2445.7
 20
-150.0
 30
0.0
 11
2689.7
 21
-150.0
 31
0.0
  0
LINE
  5
220
330
17
100
AcDbEntity
  8
Painéis
100
AcDbLine
 10
2445.7
 20
-193.6
 30
0.0
 11
2445.7
 21
-150.0
 31
0.0
  0
HATCH
  5
221
330
17
100
AcDbEntity
  8
Reaproveitamento
 62
7
100
AcDbHatch
 10
0.0
 20
0.0
 30
0.0
210
0.0
220
0.0
230
1.0
  2
ANSI31
 70
0
 71
0
 91
1
 92
3
 72
0
 73
1
 93
4
 10
2445.7
 20
-193.6
 10
2689.7
 20
-193.6
 10
2689.7
 20
-150.0
 10
2445.7
 20
-150.0
 97
0
 75
1
 76
1
 52
0.0
 41
1.0
 77
0
 78
1
 53
45.0
 43
0.0
 44
0.0
 45
-2.2450640303
 46
2.2450640303
 79
0
 98
0
  0
LWPOLYLINE
  5
222
330
17
100
AcDbEntity
  8
SARR_2.2x7
100
AcDbPolyline
 90
2
 70
0
 10
2452.7
 20
-186.6
 10
2689.7
 20
-186.6
  0
LWPOLYLINE
  5
223
330
17
100
AcDbEntity
  8
SARR_2.2x7
100
AcDbPolyline
 90
2
 70
0
 10
2452.7
 20
-175.29999999999998
 10
2689.7
 20
-175.29999999999998
  0
LWPOLYLINE
  5
224
330
17
100
AcDbEntity
  8
SARR_2.2x7
100
AcDbPolyline
 90
2
 70
0
 10
2452.7
 20
-168.29999999999998
 10
2689.7
 20
-168.29999999999998
  0
LWPOLYLINE
  5
225
330
17
100
AcDbEntity
  8
SARR_2.2x7
100
AcDbPolyline
 90
2
 70
0
 10
2452.7
 20
-157.0
 10
2689.7
 20
-157.0
  0
LINE
  5
226
330
17
100
AcDbEntity
  8
Painéis
100
AcDbLine
 10
2689.7
 20
-193.6
 30
0.0
 11
2689.7
 21
-150.0
 31
0.0
  0
LINE
  5
227
330
17
100
AcDbEntity
  8
Painéis
100
AcDbLine
 10
2689.7
 20
-193.6
 30
0.0
 11
2730.8999999999996
 21
-193.6
 31
0.0
  0
LINE
  5
228
330
17
100
AcDbEntity
  8
Painéis
100
AcDbLine
 10
2689.7
 20
-150.0
 30
0.0
 11
2730.8999999999996
 21
-150.0
 31
0.0
  0
LWPOLYLINE
  5
229
330
17
100
AcDbEntity
  8
SARR_2.2x7
100
AcDbPolyline
 90
2
 70
0
 10
2689.7
 20
-186.6
 10
2730.8999999999996
 20
-186.6
  0
LWPOLYLINE
  5
22A
330
17
100
AcDbEntity
  8
SARR_2.2x7
100
AcDbPolyline
 90
2
 70
0
 10
2689.7
 20
-175.29999999999998
 10
2730.8999999999996
 20
-175.29999999999998
  0
LWPOLYLINE
  5
22B
330
17
100
AcDbEntity
  8
SARR_2.2x7
100
AcDbPolyline
 90
2
 70
0
 10
2689.7
 20
-168.29999999999998
 10
2730.8999999999996
 20
-168.29999999999998
  0
LWPOLYLINE
  5
22C
330
17
100
AcDbEntity
  8
SARR_2.2x7
100
AcDbPolyline
 90
2
 70
0
 10
2689.7
 20
-157.0
 10
2730.8999999999996
 20
-157.0
  0
LINE
  5
22D
330
17
100
AcDbEntity
  8
Painéis
100
AcDbLine
 10
2730.8999999999996
 20
-193.6
 30
0.0
 11
2730.8999999999996
 21
-150.0
 31
0.0
  0
LINE
  5
22E
330
17
100
AcDbEntity
  8
Painéis
100
AcDbLine
 10
2730.8999999999996
 20
-193.6
 30
0.0
 11
2752.7
 21
-193.6
 31
0.0
  0
LINE
  5
22F
330
17
100
AcDbEntity
  8
Painéis
100
AcDbLine
 10
2730.8999999999996
 20
-150.0
 30
0.0
 11
2752.7
 21
-150.0
 31
0.0
  0
LWPOLYLINE
  5
230
330
17
100
AcDbEntity
  8
SARR_2.2x7
100
AcDbPolyline
 90
2
 70
0
 10
2730.8999999999996
 20
-186.6
 10
2752.7
 20
-186.6
  0
LWPOLYLINE
  5
231
330
17
100
AcDbEntity
  8
SARR_2.2x7
100
AcDbPolyline
 90
2
 70
0
 10
2730.8999999999996
 20
-175.29999999999998
 10
2752.7
 20
-175.29999999999998
  0
LWPOLYLINE
  5
232
330
17
100
AcDbEntity
  8
SARR_2.2x7
100
AcDbPolyline
 90
2
 70
0
 10
2730.8999999999996
 20
-168.29999999999998
 10
2752.7
 20
-168.29999999999998
  0
LWPOLYLINE
  5
233
330
17
100
AcDbEntity
  8
SARR_2.2x7
100
AcDbPolyline
 90
2
 70
0
 10
2730.8999999999996
 20
-157.0
 10
2752.7
 20
-157.0
  0
LINE
  5
234
330
17
100
AcDbEntity
  8
Painéis
100
AcDbLine
 10
2752.7
 20
-259.0
 30
0.0
 11
2752.7
 21
-150.0
 31
0.0
  0
LINE
  5
235
330
17
100
AcDbEntity
  8
Painéis
100
AcDbLine
 10
2752.7
 20
-259.0
 30
0.0
 11
2863.7
 21
-259.0
 31
0.0
  0
LINE
  5
236
330
17
100
AcDbEntity
  8
Painéis
100
AcDbLine
 10
2752.7
 20
-150.0
 30
0.0
 11
2863.7
 21
-150.0
 31
0.0
  0
LWPOLYLINE
  5
237
330
17
100
AcDbEntity
  8
SARR_2.2x7
100
AcDbPolyline
 90
2
 70
0
 10
2752.7
 20
-252.0
 10
2863.7
 20
-252.0
  0
LWPOLYLINE
  5
238
330
17
100
AcDbEntity
  8
SARR_2.2x7
100
AcDbPolyline
 90
2
 70
0
 10
2752.7
 20
-235.25
 10
2863.7
 20
-235.25
  0
LWPOLYLINE
  5
239
330
17
100
AcDbEntity
  8
SARR_2.2x7
100
AcDbPolyline
 90
2
 70
0
 10
2752.7
 20
-228.25
 10
2863.7
 20
-228.25
  0
LWPOLYLINE
  5
23A
330
17
100
AcDbEntity
  8
SARR_2.2x7
100
AcDbPolyline
 90
2
 70
0
 10
2752.7
 20
-208.0
 10
2863.7
 20
-208.0
  0
LWPOLYLINE
  5
23B
330
17
100
AcDbEntity
  8
SARR_2.2x7
100
AcDbPolyline
 90
2
 70
0
 10
2752.7
 20
-201.0
 10
2863.7
 20
-201.0
  0
LWPOLYLINE
  5
23C
330
17
100
AcDbEntity
  8
SARR_2.2x7
100
AcDbPolyline
 90
2
 70
0
 10
2752.7
 20
-180.75
 10
2863.7
 20
-180.75
  0
LWPOLYLINE
  5
23D
330
17
100
AcDbEntity
  8
SARR_2.2x7
100
AcDbPolyline
 90
2
 70
0
 10
2752.7
 20
-173.75
 10
2863.7
 20
-173.75
  0
LWPOLYLINE
  5
23E
330
17
100
AcDbEntity
  8
SARR_2.2x7
100
AcDbPolyline
 90
2
 70
0
 10
2752.7
 20
-157.0
 10
2863.7
 20
-157.0
  0
LINE
  5
23F
330
17
100
AcDbEntity
  8
Painéis
100
AcDbLine
 10
2863.7
 20
-259.0
 30
0.0
 11
2863.7
 21
-150.0
 31
0.0
  0
LINE
  5
240
330
17
100
AcDbEntity
  8
Painéis
100
AcDbLine
 10
2863.7
 20
-259.0
 30
0.0
 11
2882.7
 21
-259.0
 31
0.0
  0
LINE
  5
241
330
17
100
AcDbEntity
  8
Painéis
100
AcDbLine
 10
2863.7
 20
-150.0
 30
0.0
 11
2882.7
 21
-150.0
 31
0.0
  0
LWPOLYLINE
  5
242
330
17
100
AcDbEntity
  8
SARR_2.2x7
100
AcDbPolyline
 90
2
 70
0
 10
2863.7
 20
-252.0
 10
2882.7
 20
-252.0
  0
LWPOLYLINE
  5
243
330
17
100
AcDbEntity
  8
SARR_2.2x7
100
AcDbPolyline
 90
2
 70
0
 10
2863.7
 20
-235.25
 10
2882.7
 20
-235.25
  0
LWPOLYLINE
  5
244
330
17
100
AcDbEntity
  8
SARR_2.2x7
100
AcDbPolyline
 90
2
 70
0
 10
2863.7
 20
-228.25
 10
2882.7
 20
-228.25
  0
LWPOLYLINE
  5
245
330
17
100
AcDbEntity
  8
SARR_2.2x7
100
AcDbPolyline
 90
2
 70
0
 10
2863.7
 20
-208.0
 10
2882.7
 20
-208.0
  0
LWPOLYLINE
  5
246
330
17
100
AcDbEntity
  8
SARR_2.2x7
100
AcDbPolyline
 90
2
 70
0
 10
2863.7
 20
-201.0
 10
2882.7
 20
-201.0
  0
LWPOLYLINE
  5
247
330
17
100
AcDbEntity
  8
SARR_2.2x7
100
AcDbPolyline
 90
2
 70
0
 10
2863.7
 20
-180.75
 10
2882.7
 20
-180.75
  0
LWPOLYLINE
  5
248
330
17
100
AcDbEntity
  8
SARR_2.2x7
100
AcDbPolyline
 90
2
 70
0
 10
2863.7
 20
-173.75
 10
2882.7
 20
-173.75
  0
LWPOLYLINE
  5
249
330
17
100
AcDbEntity
  8
SARR_2.2x7
100
AcDbPolyline
 90
2
 70
0
 10
2863.7
 20
-157.0
 10
2882.7
 20
-157.0
  0
LINE
  5
24A
330
17
100
AcDbEntity
  8
Painéis
100
AcDbLine
 10
2882.7
 20
-259.0
 30
0.0
 11
2882.7
 21
-150.0
 31
0.0
  0
LINE
  5
24B
330
17
100
AcDbEntity
  8
Painéis
100
AcDbLine
 10
2882.7
 20
-259.0
 30
0.0
 11
2903.8999999999996
 21
-259.0
 31
0.0
  0
LINE
  5
24C
330
17
100
AcDbEntity
  8
Painéis
100
AcDbLine
 10
2882.7
 20
-150.0
 30
0.0
 11
2903.8999999999996
 21
-150.0
 31
0.0
  0
LINE
  5
24D
330
17
100
AcDbEntity
  8
Painéis
100
AcDbLine
 10
2903.8999999999996
 20
-259.0
 30
0.0
 11
2903.8999999999996
 21
-150.0
 31
0.0
  0
LWPOLYLINE
  5
24E
330
17
100
AcDbEntity
  8
SARR_2.2x7
100
AcDbPolyline
 90
2
 70
0
 10
2882.7
 20
-252.0
 10
2896.8999999999996
 20
-252.0
  0
LWPOLYLINE
  5
24F
330
17
100
AcDbEntity
  8
SARR_2.2x7
100
AcDbPolyline
 90
2
 70
0
 10
2882.7
 20
-235.25
 10
2896.8999999999996
 20
-235.25
  0
LWPOLYLINE
  5
250
330
17
100
AcDbEntity
  8
SARR_2.2x7
100
AcDbPolyline
 90
2
 70
0
 10
2882.7
 20
-228.25
 10
2896.8999999999996
 20
-228.25
  0
LWPOLYLINE
  5
251
330
17
100
AcDbEntity
  8
SARR_2.2x7
100
AcDbPolyline
 90
2
 70
0
 10
2882.7
 20
-208.0
 10
2896.8999999999996
 20
-208.0
  0
LWPOLYLINE
  5
252
330
17
100
AcDbEntity
  8
SARR_2.2x7
100
AcDbPolyline
 90
2
 70
0
 10
2882.7
 20
-201.0
 10
2896.8999999999996
 20
-201.0
  0
LWPOLYLINE
  5
253
330
17
100
AcDbEntity
  8
SARR_2.2x7
100
AcDbPolyline
 90
2
 70
0
 10
2882.7
 20
-180.75
 10
2896.8999999999996
 20
-180.75
  0
LWPOLYLINE
  5
254
330
17
100
AcDbEntity
  8
SARR_2.2x7
100
AcDbPolyline
 90
2
 70
0
 10
2882.7
 20
-173.75
 10
2896.8999999999996
 20
-173.75
  0
LWPOLYLINE
  5
255
330
17
100
AcDbEntity
  8
SARR_2.2x7
100
AcDbPolyline
 90
2
 70
0
 10
2882.7
 20
-157.0
 10
2896.8999999999996
 20
-157.0
  0
LWPOLYLINE
  5
256
330
17
100
AcDbEntity
  8
SARR_2.2x7
100
AcDbPolyline
 90
2
 70
0
 10
2452.7
 20
-186.6
 10
2689.7
 20
-186.6
  0
LWPOLYLINE
  5
257
330
17
100
AcDbEntity
  8
SARR_2.2x7
100
AcDbPolyline
 90
2
 70
0
 10
2452.7
 20
-175.29999999999998
 10
2689.7
 20
-175.29999999999998
  0
LWPOLYLINE
  5
258
330
17
100
AcDbEntity
  8
SARR_2.2x7
100
AcDbPolyline
 90
2
 70
0
 10
2452.7
 20
-168.29999999999998
 10
2689.7
 20
-168.29999999999998
  0
LWPOLYLINE
  5
259
330
17
100
AcDbEntity
  8
SARR_2.2x7
100
AcDbPolyline
 90
2
 70
0
 10
2452.7
 20
-157.0
 10
2689.7
 20
-157.0
  0
LWPOLYLINE
  5
25A
330
17
100
AcDbEntity
  8
SARR_2.2x7
100
AcDbPolyline
 90
2
 70
0
 10
2689.7
 20
-186.6
 10
2730.8999999999996
 20
-186.6
  0
LWPOLYLINE
  5
25B
330
17
100
AcDbEntity
  8
SARR_2.2x7
100
AcDbPolyline
 90
2
 70
0
 10
2689.7
 20
-175.29999999999998
 10
2730.8999999999996
 20
-175.29999999999998
  0
LWPOLYLINE
  5
25C
330
17
100
AcDbEntity
  8
SARR_2.2x7
100
AcDbPolyline
 90
2
 70
0
 10
2689.7
 20
-168.29999999999998
 10
2730.8999999999996
 20
-168.29999999999998
  0
LWPOLYLINE
  5
25D
330
17
100
AcDbEntity
  8
SARR_2.2x7
100
AcDbPolyline
 90
2
 70
0
 10
2689.7
 20
-157.0
 10
2730.8999999999996
 20
-157.0
  0
LWPOLYLINE
  5
25E
330
17
100
AcDbEntity
  8
SARR_2.2x7
100
AcDbPolyline
 90
2
 70
0
 10
2730.8999999999996
 20
-186.6
 10
2752.7
 20
-186.6
  0
LWPOLYLINE
  5
25F
330
17
100
AcDbEntity
  8
SARR_2.2x7
100
AcDbPolyline
 90
2
 70
0
 10
2730.8999999999996
 20
-175.29999999999998
 10
2752.7
 20
-175.29999999999998
  0
LWPOLYLINE
  5
260
330
17
100
AcDbEntity
  8
SARR_2.2x7
100
AcDbPolyline
 90
2
 70
0
 10
2730.8999999999996
 20
-168.29999999999998
 10
2752.7
 20
-168.29999999999998
  0
LWPOLYLINE
  5
261
330
17
100
AcDbEntity
  8
SARR_2.2x7
100
AcDbPolyline
 90
2
 70
0
 10
2730.8999999999996
 20
-157.0
 10
2752.7
 20
-157.0
  0
LWPOLYLINE
  5
262
330
17
100
AcDbEntity
  8
SARR_2.2x7
100
AcDbPolyline
 90
2
 70
0
 10
2752.7
 20
-252.0
 10
2863.7
 20
-252.0
  0
LWPOLYLINE
  5
263
330
17
100
AcDbEntity
  8
SARR_2.2x7
100
AcDbPolyline
 90
2
 70
0
 10
2752.7
 20
-235.25
 10
2863.7
 20
-235.25
  0
LWPOLYLINE
  5
264
330
17
100
AcDbEntity
  8
SARR_2.2x7
100
AcDbPolyline
 90
2
 70
0
 10
2752.7
 20
-228.25
 10
2863.7
 20
-228.25
  0
LWPOLYLINE
  5
265
330
17
100
AcDbEntity
  8
SARR_2.2x7
100
AcDbPolyline
 90
2
 70
0
 10
2752.7
 20
-208.0
 10
2863.7
 20
-208.0
  0
LWPOLYLINE
  5
266
330
17
100
AcDbEntity
  8
SARR_2.2x7
100
AcDbPolyline
 90
2
 70
0
 10
2752.7
 20
-201.0
 10
2863.7
 20
-201.0
  0
LWPOLYLINE
  5
267
330
17
100
AcDbEntity
  8
SARR_2.2x7
100
AcDbPolyline
 90
2
 70
0
 10
2752.7
 20
-180.75
 10
2863.7
 20
-180.75
  0
LWPOLYLINE
  5
268
330
17
100
AcDbEntity
  8
SARR_2.2x7
100
AcDbPolyline
 90
2
 70
0
 10
2752.7
 20
-173.75
 10
2863.7
 20
-173.75
  0
LWPOLYLINE
  5
269
330
17
100
AcDbEntity
  8
SARR_2.2x7
100
AcDbPolyline
 90
2
 70
0
 10
2752.7
 20
-157.0
 10
2863.7
 20
-157.0
  0
LWPOLYLINE
  5
26A
330
17
100
AcDbEntity
  8
SARR_2.2x7
100
AcDbPolyline
 90
2
 70
0
 10
2863.7
 20
-252.0
 10
2882.7
 20
-252.0
  0
LWPOLYLINE
  5
26B
330
17
100
AcDbEntity
  8
SARR_2.2x7
100
AcDbPolyline
 90
2
 70
0
 10
2863.7
 20
-235.25
 10
2882.7
 20
-235.25
  0
LWPOLYLINE
  5
26C
330
17
100
AcDbEntity
  8
SARR_2.2x7
100
AcDbPolyline
 90
2
 70
0
 10
2863.7
 20
-228.25
 10
2882.7
 20
-228.25
  0
LWPOLYLINE
  5
26D
330
17
100
AcDbEntity
  8
SARR_2.2x7
100
AcDbPolyline
 90
2
 70
0
 10
2863.7
 20
-208.0
 10
2882.7
 20
-208.0
  0
LWPOLYLINE
  5
26E
330
17
100
AcDbEntity
  8
SARR_2.2x7
100
AcDbPolyline
 90
2
 70
0
 10
2863.7
 20
-201.0
 10
2882.7
 20
-201.0
  0
LWPOLYLINE
  5
26F
330
17
100
AcDbEntity
  8
SARR_2.2x7
100
AcDbPolyline
 90
2
 70
0
 10
2863.7
 20
-180.75
 10
2882.7
 20
-180.75
  0
LWPOLYLINE
  5
270
330
17
100
AcDbEntity
  8
SARR_2.2x7
100
AcDbPolyline
 90
2
 70
0
 10
2863.7
 20
-173.75
 10
2882.7
 20
-173.75
  0
LWPOLYLINE
  5
271
330
17
100
AcDbEntity
  8
SARR_2.2x7
100
AcDbPolyline
 90
2
 70
0
 10
2863.7
 20
-157.0
 10
2882.7
 20
-157.0
  0
LWPOLYLINE
  5
272
330
17
100
AcDbEntity
  8
SARR_2.2x7
100
AcDbPolyline
 90
2
 70
0
 10
2882.7
 20
-252.0
 10
2896.8999999999996
 20
-252.0
  0
LWPOLYLINE
  5
273
330
17
100
AcDbEntity
  8
SARR_2.2x7
100
AcDbPolyline
 90
2
 70
0
 10
2882.7
 20
-235.25
 10
2896.8999999999996
 20
-235.25
  0
LWPOLYLINE
  5
274
330
17
100
AcDbEntity
  8
SARR_2.2x7
100
AcDbPolyline
 90
2
 70
0
 10
2882.7
 20
-228.25
 10
2896.8999999999996
 20
-228.25
  0
LWPOLYLINE
  5
275
330
17
100
AcDbEntity
  8
SARR_2.2x7
100
AcDbPolyline
 90
2
 70
0
 10
2882.7
 20
-208.0
 10
2896.8999999999996
 20
-208.0
  0
LWPOLYLINE
  5
276
330
17
100
AcDbEntity
  8
SARR_2.2x7
100
AcDbPolyline
 90
2
 70
0
 10
2882.7
 20
-201.0
 10
2896.8999999999996
 20
-201.0
  0
LWPOLYLINE
  5
277
330
17
100
AcDbEntity
  8
SARR_2.2x7
100
AcDbPolyline
 90
2
 70
0
 10
2882.7
 20
-180.75
 10
2896.8999999999996
 20
-180.75
  0
LWPOLYLINE
  5
278
330
17
100
AcDbEntity
  8
SARR_2.2x7
100
AcDbPolyline
 90
2
 70
0
 10
2882.7
 20
-173.75
 10
2896.8999999999996
 20
-173.75
  0
LWPOLYLINE
  5
279
330
17
100
AcDbEntity
  8
SARR_2.2x7
100
AcDbPolyline
 90
2
 70
0
 10
2882.7
 20
-157.0
 10
2896.8999999999996
 20
-157.0
  0
TEXT
  5
27A
330
17
100
AcDbEntity
  8
NOMENCLATURA
100
AcDbText
 10
2448.7
 20
-126.0
 30
0.0
 40
8.0
  1
CONT. V301.A
100
AcDbText
  0
DIMENSION
  5
27B
330
17
100
AcDbEntity
  8
COTA
100
AcDbDimension
280
0
  2
*D11
  3
PAINEL
 10
2445.7
 20
-296.0
 30
0.0
 11
2567.7
 21
-288.0
 31
0.0
 70
32
 71
5
  1
<>
100
AcDbAlignedDimension
 13
2445.7
 23
-259.0
 33
0.0
 14
2689.7
 24
-259.0
 34
0.0
 50
0.0
100
AcDbRotatedDimension
  0
DIMENSION
  5
28A
330
17
100
AcDbEntity
  8
COTA
100
AcDbDimension
280
0
  2
*D12
  3
PAINEL
 10
2689.7
 20
-296.0
 30
0.0
 11
2710.2999999999997
 21
-288.0
 31
0.0
 70
32
 71
5
  1
<>
100
AcDbAlignedDimension
 13
2689.7
 23
-259.0
 33
0.0
 14
2730.8999999999996
 24
-259.0
 34
0.0
 50
0.0
100
AcDbRotatedDimension
  0
DIMENSION
  5
299
330
17
100
AcDbEntity
  8
COTA
100
AcDbDimension
280
0
  2
*D13
  3
PAINEL
 10
2730.8999999999996
 20
-296.0
 30
0.0
 11
2741.7999999999997
 21
-285.0
 31
0.0
 70
32
 71
5
  1
<>
100
AcDbAlignedDimension
 13
2730.8999999999996
 23
-259.0
 33
0.0
 14
2752.7
 24
-259.0
 34
0.0
 50
0.0
100
AcDbRotatedDimension
  0
DIMENSION
  5
2A8
330
17
100
AcDbEntity
  8
COTA
100
AcDbDimension
280
0
  2
*D14
  3
PAINEL
 10
2752.7
 20
-296.0
 30
0.0
 11
2808.2
 21
-288.0
 31
0.0
 70
32
 71
5
  1
<>
100
AcDbAlignedDimension
 13
2752.7
 23
-259.0
 33
0.0
 14
2863.7
 24
-259.0
 34
0.0
 50
0.0
100
AcDbRotatedDimension
  0
DIMENSION
  5
2B7
330
17
100
AcDbEntity
  8
COTA
100
AcDbDimension
280
0
  2
*D15
  3
PAINEL
 10
2863.7
 20
-296.0
 30
0.0
 11
2873.2
 21
-285.0
 31
0.0
 70
32
 71
5
  1
<>
100
AcDbAlignedDimension
 13
2863.7
 23
-259.0
 33
0.0
 14
2882.7
 24
-259.0
 34
0.0
 50
0.0
100
AcDbRotatedDimension
  0
DIMENSION
  5
2C6
330
17
100
AcDbEntity
  8
COTA
100
AcDbDimension
280
0
  2
*D16
  3
PAINEL
 10
2882.7
 20
-296.0
 30
0.0
 11
2893.2999999999997
 21
-285.0
 31
0.0
 70
32
 71
5
  1
<>
100
AcDbAlignedDimension
 13
2882.7
 23
-259.0
 33
0.0
 14
2903.8999999999996
 24
-259.0
 34
0.0
 50
0.0
100
AcDbRotatedDimension
  0
DIMENSION
  5
2D5
330
17
100
AcDbEntity
  8
COTA
100
AcDbDimension
280
0
  2
*D17
  3
PAINEL
 10
2445.7
 20
-319.0
 30
0.0
 11
2674.7999999999997
 21
-311.0
 31
0.0
 70
32
 71
5
  1
<>
100
AcDbAlignedDimension
 13
2445.7
 23
-259.0
 33
0.0
 14
2903.8999999999996
 24
-259.0
 34
0.0
 50
0.0
100
AcDbRotatedDimension
  0
DIMENSION
  5
2E4
330
17
100
AcDbEntity
  8
COTA
100
AcDbDimension
280
0
  2
*D18
  3
PAINEL
 10
2931.8999999999996
 20
-259.0
 30
0.0
 11
2923.8999999999996
 21
-197.0
 31
0.0
 70
32
 71
5
  1
<>
100
AcDbAlignedDimension
 13
2903.8999999999996
 23
-259.0
 33
0.0
 14
2903.8999999999996
 24
-135.0
 34
0.0
 50
90.0
100
AcDbRotatedDimension
  0
DIMENSION
  5
2F3
330
17
100
AcDbEntity
  8
COTA
100
AcDbDimension
280
0
  2
*D19
  3
PAINEL
 10
2931.8999999999996
 20
-259.0
 30
0.0
 11
2923.8999999999996
 21
-204.5
 31
0.0
 70
32
 71
5
  1
<>
100
AcDbAlignedDimension
 13
2903.8999999999996
 23
-259.0
 33
0.0
 14
2903.8999999999996
 24
-150.0
 34
0.0
 50
90.0
100
AcDbRotatedDimension
  0
DIMENSION
  5
302
330
17
100
AcDbEntity
  8
COTA
100
AcDbDimension
280
0
  2
*D20
  3
PAINEL
 10
2931.8999999999996
 20
-150.0
 30
0.0
 11
2920.8999999999996
 21
-142.5
 31
0.0
 70
32
 71
5
  1
<>
100
AcDbAlignedDimension
 13
2903.8999999999996
 23
-150.0
 33
0.0
 14
2903.8999999999996
 24
-135.0
 34
0.0
 50
90.0
100
AcDbRotatedDimension
  0
LINE
  5
311
330
17
100
AcDbEntity
  8
Painéis
100
AcDbLine
 10
3103.8999999999996
 20
-156.6
 30
0.0
 11
3347.8999999999996
 21
-156.6
 31
0.0
  0
LINE
  5
312
330
17
100
AcDbEntity
  8
Painéis
100
AcDbLine
 10
3103.8999999999996
 20
-150.0
 30
0.0
 11
3347.8999999999996
 21
-150.0
 31
0.0
  0
LINE
  5
313
330
17
100
AcDbEntity
  8
Painéis
100
AcDbLine
 10
3103.8999999999996
 20
-156.6
 30
0.0
 11
3103.8999999999996
 21
-150.0
 31
0.0
  0
HATCH
  5
314
330
17
100
AcDbEntity
  8
Reaproveitamento
 62
7
100
AcDbHatch
 10
0.0
 20
0.0
 30
0.0
210
0.0
220
0.0
230
1.0
  2
ANSI31
 70
0
 71
0
 91
1
 92
3
 72
0
 73
1
 93
4
 10
3103.8999999999996
 20
-156.6
 10
3347.8999999999996
 20
-156.6
 10
3347.8999999999996
 20
-150.0
 10
3103.8999999999996
 20
-150.0
 97
0
 75
1
 76
1
 52
0.0
 41
1.0
 77
0
 78
1
 53
45.0
 43
0.0
 44
0.0
 45
-2.2450640303
 46
2.2450640303
 79
0
 98
0
  0
LWPOLYLINE
  5
315
330
17
100
AcDbEntity
  8
SARR_2.2x7
100
AcDbPolyline
 90
2
 70
0
 10
3110.8999999999996
 20
-155.0
 10
3347.8999999999996
 20
-155.0
  0
LWPOLYLINE
  5
316
330
17
100
AcDbEntity
  8
SARR_2.2x7
100
AcDbPolyline
 90
2
 70
0
 10
3110.8999999999996
 20
-151.6
 10
3347.8999999999996
 20
-151.6
  0
LINE
  5
317
330
17
100
AcDbEntity
  8
Painéis
100
AcDbLine
 10
3347.8999999999996
 20
-156.6
 30
0.0
 11
3347.8999999999996
 21
-150.0
 31
0.0
  0
LINE
  5
318
330
17
100
AcDbEntity
  8
Painéis
100
AcDbLine
 10
3347.8999999999996
 20
-156.6
 30
0.0
 11
3370.3999999999996
 21
-156.6
 31
0.0
  0
LINE
  5
319
330
17
100
AcDbEntity
  8
Painéis
100
AcDbLine
 10
3347.8999999999996
 20
-150.0
 30
0.0
 11
3370.3999999999996
 21
-150.0
 31
0.0
  0
HATCH
  5
31A
330
17
100
AcDbEntity
  8
Reaproveitamento
 62
7
100
AcDbHatch
 10
0.0
 20
0.0
 30
0.0
210
0.0
220
0.0
230
1.0
  2
ANSI31
 70
0
 71
0
 91
1
 92
3
 72
0
 73
1
 93
4
 10
3347.8999999999996
 20
-156.6
 10
3370.3999999999996
 20
-156.6
 10
3370.3999999999996
 20
-150.0
 10
3347.8999999999996
 20
-150.0
 97
0
 75
1
 76
1
 52
0.0
 41
1.0
 77
0
 78
1
 53
45.0
 43
0.0
 44
0.0
 45
-2.2450640303
 46
2.2450640303
 79
0
 98
0
  0
LWPOLYLINE
  5
31B
330
17
100
AcDbEntity
  8
SARR_2.2x7
100
AcDbPolyline
 90
2
 70
0
 10
3347.8999999999996
 20
-155.0
 10
3370.3999999999996
 20
-155.0
  0
LWPOLYLINE
  5
31C
330
17
100
AcDbEntity
  8
SARR_2.2x7
100
AcDbPolyline
 90
2
 70
0
 10
3347.8999999999996
 20
-151.6
 10
3370.3999999999996
 20
-151.6
  0
LINE
  5
31D
330
17
100
AcDbEntity
  8
Painéis
100
AcDbLine
 10
3370.3999999999996
 20
-156.6
 30
0.0
 11
3370.3999999999996
 21
-150.0
 31
0.0
  0
LINE
  5
31E
330
17
100
AcDbEntity
  8
Painéis
100
AcDbLine
 10
3370.3999999999996
 20
-156.6
 30
0.0
 11
3422.8999999999996
 21
-156.6
 31
0.0
  0
LINE
  5
31F
330
17
100
AcDbEntity
  8
Painéis
100
AcDbLine
 10
3370.3999999999996
 20
-150.0
 30
0.0
 11
3422.8999999999996
 21
-150.0
 31
0.0
  0
HATCH
  5
320
330
17
100
AcDbEntity
  8
Reaproveitamento
 62
7
100
AcDbHatch
 10
0.0
 20
0.0
 30
0.0
210
0.0
220
0.0
230
1.0
  2
ANSI31
 70
0
 71
0
 91
1
 92
3
 72
0
 73
1
 93
4
 10
3370.3999999999996
 20
-156.6
 10
3422.8999999999996
 20
-156.6
 10
3422.8999999999996
 20
-150.0
 10
3370.3999999999996
 20
-150.0
 97
0
 75
1
 76
1
 52
0.0
 41
1.0
 77
0
 78
1
 53
45.0
 43
0.0
 44
0.0
 45
-2.2450640303
 46
2.2450640303
 79
0
 98
0
  0
LWPOLYLINE
  5
321
330
17
100
AcDbEntity
  8
SARR_2.2x7
100
AcDbPolyline
 90
2
 70
0
 10
3370.3999999999996
 20
-155.0
 10
3422.8999999999996
 20
-155.0
  0
LWPOLYLINE
  5
322
330
17
100
AcDbEntity
  8
SARR_2.2x7
100
AcDbPolyline
 90
2
 70
0
 10
3370.3999999999996
 20
-151.6
 10
3422.8999999999996
 20
-151.6
  0
LINE
  5
323
330
17
100
AcDbEntity
  8
Painéis
100
AcDbLine
 10
3422.8999999999996
 20
-156.6
 30
0.0
 11
3422.8999999999996
 21
-150.0
 31
0.0
  0
LINE
  5
324
330
17
100
AcDbEntity
  8
Painéis
100
AcDbLine
 10
3422.8999999999996
 20
-156.6
 30
0.0
 11
3444.5999999999995
 21
-156.6
 31
0.0
  0
LINE
  5
325
330
17
100
AcDbEntity
  8
Painéis
100
AcDbLine
 10
3422.8999999999996
 20
-150.0
 30
0.0
 11
3444.5999999999995
 21
-150.0
 31
0.0
  0
LWPOLYLINE
  5
326
330
17
100
AcDbEntity
  8
SARR_2.2x7
100
AcDbPolyline
 90
2
 70
0
 10
3422.8999999999996
 20
-155.0
 10
3444.5999999999995
 20
-155.0
  0
LWPOLYLINE
  5
327
330
17
100
AcDbEntity
  8
SARR_2.2x7
100
AcDbPolyline
 90
2
 70
0
 10
3422.8999999999996
 20
-151.6
 10
3444.5999999999995
 20
-151.6
  0
LINE
  5
328
330
17
100
AcDbEntity
  8
Painéis
100
AcDbLine
 10
3444.5999999999995
 20
-274.0
 30
0.0
 11
3444.5999999999995
 21
-150.0
 31
0.0
  0
LINE
  5
329
330
17
100
AcDbEntity
  8
Painéis
100
AcDbLine
 10
3444.5999999999995
 20
-274.0
 30
0.0
 11
3470.7999999999993
 21
-274.0
 31
0.0
  0
LINE
  5
32A
330
17
100
AcDbEntity
  8
Painéis
100
AcDbLine
 10
3444.5999999999995
 20
-150.0
 30
0.0
 11
3470.7999999999993
 21
-150.0
 31
0.0
  0
LINE
  5
32B
330
17
100
AcDbEntity
  8
Painéis
100
AcDbLine
 10
3470.7999999999993
 20
-274.0
 30
0.0
 11
3470.7999999999993
 21
-150.0
 31
0.0
  0
LWPOLYLINE
  5
32C
330
17
100
AcDbEntity
  8
SARR_2.2x7
100
AcDbPolyline
 90
2
 70
0
 10
3444.5999999999995
 20
-267.0
 10
3463.7999999999993
 20
-267.0
  0
LWPOLYLINE
  5
32D
330
17
100
AcDbEntity
  8
SARR_2.2x7
100
AcDbPolyline
 90
2
 70
0
 10
3444.5999999999995
 20
-246.5
 10
3463.7999999999993
 20
-246.5
  0
LWPOLYLINE
  5
32E
330
17
100
AcDbEntity
  8
SARR_2.2x7
100
AcDbPolyline
 90
2
 70
0
 10
3444.5999999999995
 20
-239.5
 10
3463.7999999999993
 20
-239.5
  0
LWPOLYLINE
  5
32F
330
17
100
AcDbEntity
  8
SARR_2.2x7
100
AcDbPolyline
 90
2
 70
0
 10
3444.5999999999995
 20
-215.5
 10
3463.7999999999993
 20
-215.5
  0
LWPOLYLINE
  5
330
330
17
100
AcDbEntity
  8
SARR_2.2x7
100
AcDbPolyline
 90
2
 70
0
 10
3444.5999999999995
 20
-208.5
 10
3463.7999999999993
 20
-208.5
  0
LWPOLYLINE
  5
331
330
17
100
AcDbEntity
  8
SARR_2.2x7
100
AcDbPolyline
 90
2
 70
0
 10
3444.5999999999995
 20
-184.5
 10
3463.7999999999993
 20
-184.5
  0
LWPOLYLINE
  5
332
330
17
100
AcDbEntity
  8
SARR_2.2x7
100
AcDbPolyline
 90
2
 70
0
 10
3444.5999999999995
 20
-177.5
 10
3463.7999999999993
 20
-177.5
  0
LWPOLYLINE
  5
333
330
17
100
AcDbEntity
  8
SARR_2.2x7
100
AcDbPolyline
 90
2
 70
0
 10
3444.5999999999995
 20
-157.0
 10
3463.7999999999993
 20
-157.0
  0
LWPOLYLINE
  5
334
330
17
100
AcDbEntity
  8
SARR_2.2x7
100
AcDbPolyline
 90
2
 70
0
 10
3110.8999999999996
 20
-155.0
 10
3347.8999999999996
 20
-155.0
  0
LWPOLYLINE
  5
335
330
17
100
AcDbEntity
  8
SARR_2.2x7
100
AcDbPolyline
 90
2
 70
0
 10
3110.8999999999996
 20
-151.6
 10
3347.8999999999996
 20
-151.6
  0
LWPOLYLINE
  5
336
330
17
100
AcDbEntity
  8
SARR_2.2x7
100
AcDbPolyline
 90
2
 70
0
 10
3347.8999999999996
 20
-155.0
 10
3370.3999999999996
 20
-155.0
  0
LWPOLYLINE
  5
337
330
17
100
AcDbEntity
  8
SARR_2.2x7
100
AcDbPolyline
 90
2
 70
0
 10
3347.8999999999996
 20
-151.6
 10
3370.3999999999996
 20
-151.6
  0
LWPOLYLINE
  5
338
330
17
100
AcDbEntity
  8
SARR_2.2x7
100
AcDbPolyline
 90
2
 70
0
 10
3370.3999999999996
 20
-155.0
 10
3422.8999999999996
 20
-155.0
  0
LWPOLYLINE
  5
339
330
17
100
AcDbEntity
  8
SARR_2.2x7
100
AcDbPolyline
 90
2
 70
0
 10
3370.3999999999996
 20
-151.6
 10
3422.8999999999996
 20
-151.6
  0
LWPOLYLINE
  5
33A
330
17
100
AcDbEntity
  8
SARR_2.2x7
100
AcDbPolyline
 90
2
 70
0
 10
3422.8999999999996
 20
-155.0
 10
3444.5999999999995
 20
-155.0
  0
LWPOLYLINE
  5
33B
330
17
100
AcDbEntity
  8
SARR_2.2x7
100
AcDbPolyline
 90
2
 70
0
 10
3422.8999999999996
 20
-151.6
 10
3444.5999999999995
 20
-151.6
  0
LWPOLYLINE
  5
33C
330
17
100
AcDbEntity
  8
SARR_2.2x7
100
AcDbPolyline
 90
2
 70
0
 10
3444.5999999999995
 20
-267.0
 10
3463.7999999999993
 20
-267.0
  0
LWPOLYLINE
  5
33D
330
17
100
AcDbEntity
  8
SARR_2.2x7
100
AcDbPolyline
 90
2
 70
0
 10
3444.5999999999995
 20
-246.5
 10
3463.7999999999993
 20
-246.5
  0
LWPOLYLINE
  5
33E
330
17
100
AcDbEntity
  8
SARR_2.2x7
100
AcDbPolyline
 90
2
 70
0
 10
3444.5999999999995
 20
-239.5
 10
3463.7999999999993
 20
-239.5
  0
LWPOLYLINE
  5
33F
330
17
100
AcDbEntity
  8
SARR_2.2x7
100
AcDbPolyline
 90
2
 70
0
 10
3444.5999999999995
 20
-215.5
 10
3463.7999999999993
 20
-215.5
  0
LWPOLYLINE
  5
340
330
17
100
AcDbEntity
  8
SARR_2.2x7
100
AcDbPolyline
 90
2
 70
0
 10
3444.5999999999995
 20
-208.5
 10
3463.7999999999993
 20
-208.5
  0
LWPOLYLINE
  5
341
330
17
100
AcDbEntity
  8
SARR_2.2x7
100
AcDbPolyline
 90
2
 70
0
 10
3444.5999999999995
 20
-184.5
 10
3463.7999999999993
 20
-184.5
  0
LWPOLYLINE
  5
342
330
17
100
AcDbEntity
  8
SARR_2.2x7
100
AcDbPolyline
 90
2
 70
0
 10
3444.5999999999995
 20
-177.5
 10
3463.7999999999993
 20
-177.5
  0
LWPOLYLINE
  5
343
330
17
100
AcDbEntity
  8
SARR_2.2x7
100
AcDbPolyline
 90
2
 70
0
 10
3444.5999999999995
 20
-157.0
 10
3463.7999999999993
 20
-157.0
  0
TEXT
  5
344
330
17
100
AcDbEntity
  8
NOMENCLATURA
100
AcDbText
 10
3106.8999999999996
 20
-141.0
 30
0.0
 40
8.0
  1
V301.B
100
AcDbText
  0
DIMENSION
  5
345
330
17
100
AcDbEntity
  8
COTA
100
AcDbDimension
280
0
  2
*D21
  3
PAINEL
 10
3103.8999999999996
 20
-311.0
 30
0.0
 11
3225.8999999999996
 21
-303.0
 31
0.0
 70
32
 71
5
  1
<>
100
AcDbAlignedDimension
 13
3103.8999999999996
 23
-274.0
 33
0.0
 14
3347.8999999999996
 24
-274.0
 34
0.0
 50
0.0
100
AcDbRotatedDimension
  0
DIMENSION
  5
354
330
17
100
AcDbEntity
  8
COTA
100
AcDbDimension
280
0
  2
*D22
  3
PAINEL
 10
3347.8999999999996
 20
-311.0
 30
0.0
 11
3359.1499999999996
 21
-300.0
 31
0.0
 70
32
 71
5
  1
<>
100
AcDbAlignedDimension
 13
3347.8999999999996
 23
-274.0
 33
0.0
 14
3370.3999999999996
 24
-274.0
 34
0.0
 50
0.0
100
AcDbRotatedDimension
  0
DIMENSION
  5
363
330
17
100
AcDbEntity
  8
COTA
100
AcDbDimension
280
0
  2
*D23
  3
PAINEL
 10
3370.3999999999996
 20
-311.0
 30
0.0
 11
3396.6499999999996
 21
-303.0
 31
0.0
 70
32
 71
5
  1
<>
100
AcDbAlignedDimension
 13
3370.3999999999996
 23
-274.0
 33
0.0
 14
3422.8999999999996
 24
-274.0
 34
0.0
 50
0.0
100
AcDbRotatedDimension
  0
DIMENSION
  5
372
330
17
100
AcDbEntity
  8
COTA
100
AcDbDimension
280
0
  2
*D24
  3
PAINEL
 10
3422.8999999999996
 20
-311.0
 30
0.0
 11
3433.7499999999995
 21
-300.0
 31
0.0
 70
32
 71
5
  1
<>
100
AcDbAlignedDimension
 13
3422.8999999999996
 23
-274.0
 33
0.0
 14
3444.5999999999995
 24
-274.0
 34
0.0
 50
0.0
100
AcDbRotatedDimension
  0
DIMENSION
  5
381
330
17
100
AcDbEntity
  8
COTA
100
AcDbDimension
280
0
  2
*D25
  3
PAINEL
 10
3444.5999999999995
 20
-311.0
 30
0.0
 11
3457.6999999999994
 21
-300.0
 31
0.0
 70
32
 71
5
  1
<>
100
AcDbAlignedDimension
 13
3444.5999999999995
 23
-274.0
 33
0.0
 14
3470.7999999999993
 24
-274.0
 34
0.0
 50
0.0
100
AcDbRotatedDimension
  0
DIMENSION
  5
390
330
17
100
AcDbEntity
  8
COTA
100
AcDbDimension
280
0
  2
*D26
  3
PAINEL
 10
3103.8999999999996
 20
-334.0
 30
0.0
 11
3287.3499999999995
 21
-326.0
 31
0.0
 70
32
 71
5
  1
<>
100
AcDbAlignedDimension
 13
3103.8999999999996
 23
-274.0
 33
0.0
 14
3470.7999999999997
 24
-274.0
 34
0.0
 50
0.0
100
AcDbRotatedDimension
  0
DIMENSION
  5
39F
330
17
100
AcDbEntity
  8
COTA
100
AcDbDimension
280
0
  2
*D27
  3
PAINEL
 10
3498.7999999999997
 20
-274.0
 30
0.0
 11
3490.7999999999997
 21
-212.0
 31
0.0
 70
32
 71
5
  1
<>
100
AcDbAlignedDimension
 13
3470.7999999999997
 23
-274.0
 33
0.0
 14
3470.7999999999997
 24
-150.0
 34
0.0
 50
90.0
100
AcDbRotatedDimension
  0
DIMENSION
  5
3AE
330
17
100
AcDbEntity
  8
COTA
100
AcDbDimension
280
0
  2
*D28
  3
PAINEL
 10
3498.7999999999997
 20
-274.0
 30
0.0
 11
3490.7999999999997
 21
-212.0
 31
0.0
 70
32
 71
5
  1
<>
100
AcDbAlignedDimension
 13
3470.7999999999997
 23
-274.0
 33
0.0
 14
3470.7999999999997
 24
-150.0
 34
0.0
 50
90.0
100
AcDbRotatedDimension
  0
LINE
  5
3BD
330
17
100
AcDbEntity
  8
Painéis
100
AcDbLine
 10
3670.7999999999997
 20
-157.4
 30
0.0
 11
3914.7999999999997
 21
-157.4
 31
0.0
  0
LINE
  5
3BE
330
17
100
AcDbEntity
  8
Painéis
100
AcDbLine
 10
3670.7999999999997
 20
-150.0
 30
0.0
 11
3914.7999999999997
 21
-150.0
 31
0.0
  0
LINE
  5
3BF
330
17
100
AcDbEntity
  8
Painéis
100
AcDbLine
 10
3670.7999999999997
 20
-157.4
 30
0.0
 11
3670.7999999999997
 21
-150.0
 31
0.0
  0
HATCH
  5
3C0
330
17
100
AcDbEntity
  8
Reaproveitamento
 62
7
100
AcDbHatch
 10
0.0
 20
0.0
 30
0.0
210
0.0
220
0.0
230
1.0
  2
ANSI31
 70
0
 71
0
 91
1
 92
3
 72
0
 73
1
 93
4
 10
3670.7999999999997
 20
-157.4
 10
3914.7999999999997
 20
-157.4
 10
3914.7999999999997
 20
-150.4
 10
3670.7999999999997
 20
-150.4
 97
0
 75
1
 76
1
 52
0.0
 41
1.0
 77
0
 78
1
 53
45.0
 43
0.0
 44
0.0
 45
-2.2450640303
 46
2.2450640303
 79
0
 98
0
  0
HATCH
  5
3C1
330
17
100
AcDbEntity
  8
Reaproveitamento
 62
7
100
AcDbHatch
 10
0.0
 20
0.0
 30
0.0
210
0.0
220
0.0
230
1.0
  2
ANSI31
 70
0
 71
0
 91
1
 92
3
 72
0
 73
1
 93
4
 10
3670.7999999999997
 20
-209.4
 10
3914.7999999999997
 20
-209.4
 10
3914.7999999999997
 20
-169.4
 10
3670.7999999999997
 20
-169.4
 97
0
 75
1
 76
1
 52
0.0
 41
1.0
 77
0
 78
1
 53
45.0
 43
0.0
 44
0.0
 45
-2.2450640303
 46
2.2450640303
 79
0
 98
0
  0
LWPOLYLINE
  5
3C2
330
17
100
AcDbEntity
  8
SARR_2.2x7
100
AcDbPolyline
 90
2
 70
0
 10
3677.7999999999997
 20
-155.0
 10
3914.7999999999997
 20
-155.0
  0
LWPOLYLINE
  5
3C3
330
17
100
AcDbEntity
  8
SARR_2.2x7
100
AcDbPolyline
 90
2
 70
0
 10
3677.7999999999997
 20
-152.4
 10
3914.7999999999997
 20
-152.4
  0
LINE
  5
3C4
330
17
100
AcDbEntity
  8
Painéis
100
AcDbLine
 10
3914.7999999999997
 20
-157.4
 30
0.0
 11
3914.7999999999997
 21
-150.0
 31
0.0
  0
LINE
  5
3C5
330
17
100
AcDbEntity
  8
Painéis
100
AcDbLine
 10
3914.7999999999997
 20
-157.4
 30
0.0
 11
3955.9999999999995
 21
-157.4
 31
0.0
  0
LINE
  5
3C6
330
17
100
AcDbEntity
  8
Painéis
100
AcDbLine
 10
3914.7999999999997
 20
-150.0
 30
0.0
 11
3955.9999999999995
 21
-150.0
 31
0.0
  0
HATCH
  5
3C7
330
17
100
AcDbEntity
  8
Reaproveitamento
 62
7
100
AcDbHatch
 10
0.0
 20
0.0
 30
0.0
210
0.0
220
0.0
230
1.0
  2
ANSI31
 70
0
 71
0
 91
1
 92
3
 72
0
 73
1
 93
4
 10
3927.2999999999997
 20
-157.4
 10
3955.9999999999995
 20
-157.4
 10
3955.9999999999995
 20
-150.4
 10
3927.2999999999997
 20
-150.4
 97
0
 75
1
 76
1
 52
0.0
 41
1.0
 77
0
 78
1
 53
45.0
 43
0.0
 44
0.0
 45
-2.2450640303
 46
2.2450640303
 79
0
 98
0
  0
LWPOLYLINE
  5
3C8
330
17
100
AcDbEntity
  8
SARR_2.2x7
100
AcDbPolyline
 90
2
 70
0
 10
3914.7999999999997
 20
-155.0
 10
3955.9999999999995
 20
-155.0
  0
LWPOLYLINE
  5
3C9
330
17
100
AcDbEntity
  8
SARR_2.2x7
100
AcDbPolyline
 90
2
 70
0
 10
3914.7999999999997
 20
-152.4
 10
3955.9999999999995
 20
-152.4
  0
LINE
  5
3CA
330
17
100
AcDbEntity
  8
Painéis
100
AcDbLine
 10
3955.9999999999995
 20
-157.4
 30
0.0
 11
3955.9999999999995
 21
-150.0
 31
0.0
  0
LINE
  5
3CB
330
17
100
AcDbEntity
  8
Painéis
100
AcDbLine
 10
3955.9999999999995
 20
-157.4
 30
0.0
 11
3977.7999999999997
 21
-157.4
 31
0.0
  0
LINE
  5
3CC
330
17
100
AcDbEntity
  8
Painéis
100
AcDbLine
 10
3955.9999999999995
 20
-150.0
 30
0.0
 11
3977.7999999999997
 21
-150.0
 31
0.0
  0
HATCH
  5
3CD
330
17
100
AcDbEntity
  8
Reaproveitamento
 62
7
100
AcDbHatch
 10
0.0
 20
0.0
 30
0.0
210
0.0
220
0.0
230
1.0
  2
ANSI31
 70
0
 71
0
 91
1
 92
3
 72
0
 73
1
 93
4
 10
3955.9999999999995
 20
-157.4
 10
3977.7999999999997
 20
-157.4
 10
3977.7999999999997
 20
-150.4
 10
3955.9999999999995
 20
-150.4
 97
0
 75
1
 76
1
 52
0.0
 41
1.0
 77
0
 78
1
 53
45.0
 43
0.0
 44
0.0
 45
-2.2450640303
 46
2.2450640303
 79
0
 98
0
  0
LWPOLYLINE
  5
3CE
330
17
100
AcDbEntity
  8
SARR_2.2x7
100
AcDbPolyline
 90
2
 70
0
 10
3955.9999999999995
 20
-155.0
 10
3977.7999999999997
 20
-155.0
  0
LWPOLYLINE
  5
3CF
330
17
100
AcDbEntity
  8
SARR_2.2x7
100
AcDbPolyline
 90
2
 70
0
 10
3955.9999999999995
 20
-152.4
 10
3977.7999999999997
 20
-152.4
  0
LINE
  5
3D0
330
17
100
AcDbEntity
  8
Painéis
100
AcDbLine
 10
3977.7999999999997
 20
-157.4
 30
0.0
 11
3977.7999999999997
 21
-150.0
 31
0.0
  0
LINE
  5
3D1
330
17
100
AcDbEntity
  8
Painéis
100
AcDbLine
 10
3977.7999999999997
 20
-157.4
 30
0.0
 11
4088.7999999999997
 21
-157.4
 31
0.0
  0
LINE
  5
3D2
330
17
100
AcDbEntity
  8
Painéis
100
AcDbLine
 10
3977.7999999999997
 20
-150.0
 30
0.0
 11
4088.7999999999997
 21
-150.0
 31
0.0
  0
LINE
  5
3D3
330
17
100
AcDbEntity
  8
Painéis
100
AcDbLine
 10
4088.7999999999997
 20
-157.4
 30
0.0
 11
4088.7999999999997
 21
-150.0
 31
0.0
  0
HATCH
  5
3D4
330
17
100
AcDbEntity
  8
Reaproveitamento
 62
7
100
AcDbHatch
 10
0.0
 20
0.0
 30
0.0
210
0.0
220
0.0
230
1.0
  2
ANSI31
 70
0
 71
0
 91
1
 92
3
 72
0
 73
1
 93
4
 10
3977.7999999999997
 20
-157.4
 10
4088.7999999999997
 20
-157.4
 10
4088.7999999999997
 20
-150.4
 10
3977.7999999999997
 20
-150.4
 97
0
 75
1
 76
1
 52
0.0
 41
1.0
 77
0
 78
1
 53
45.0
 43
0.0
 44
0.0
 45
-2.2450640303
 46
2.2450640303
 79
0
 98
0
  0
LWPOLYLINE
  5
3D5
330
17
100
AcDbEntity
  8
SARR_2.2x7
100
AcDbPolyline
 90
2
 70
0
 10
3977.7999999999997
 20
-155.0
 10
4081.7999999999997
 20
-155.0
  0
LWPOLYLINE
  5
3D6
330
17
100
AcDbEntity
  8
SARR_2.2x7
100
AcDbPolyline
 90
2
 70
0
 10
3977.7999999999997
 20
-152.4
 10
4081.7999999999997
 20
-152.4
  0
LWPOLYLINE
  5
3D7
330
17
100
AcDbEntity
  8
SARR_2.2x7
100
AcDbPolyline
 90
2
 70
0
 10
3677.7999999999997
 20
-155.0
 10
3914.7999999999997
 20
-155.0
  0
LWPOLYLINE
  5
3D8
330
17
100
AcDbEntity
  8
SARR_2.2x7
100
AcDbPolyline
 90
2
 70
0
 10
3677.7999999999997
 20
-152.4
 10
3914.7999999999997
 20
-152.4
  0
LWPOLYLINE
  5
3D9
330
17
100
AcDbEntity
  8
SARR_2.2x7
100
AcDbPolyline
 90
2
 70
0
 10
3914.7999999999997
 20
-155.0
 10
3955.9999999999995
 20
-155.0
  0
LWPOLYLINE
  5
3DA
330
17
100
AcDbEntity
  8
SARR_2.2x7
100
AcDbPolyline
 90
2
 70
0
 10
3914.7999999999997
 20
-152.4
 10
3955.9999999999995
 20
-152.4
  0
LWPOLYLINE
  5
3DB
330
17
100
AcDbEntity
  8
SARR_2.2x7
100
AcDbPolyline
 90
2
 70
0
 10
3955.9999999999995
 20
-155.0
 10
3977.7999999999997
 20
-155.0
  0
LWPOLYLINE
  5
3DC
330
17
100
AcDbEntity
  8
SARR_2.2x7
100
AcDbPolyline
 90
2
 70
0
 10
3955.9999999999995
 20
-152.4
 10
3977.7999999999997
 20
-152.4
  0
LWPOLYLINE
  5
3DD
330
17
100
AcDbEntity
  8
SARR_2.2x7
100
AcDbPolyline
 90
2
 70
0
 10
3977.7999999999997
 20
-155.0
 10
4081.7999999999997
 20
-155.0
  0
LWPOLYLINE
  5
3DE
330
17
100
AcDbEntity
  8
SARR_2.2x7
100
AcDbPolyline
 90
2
 70
0
 10
3977.7999999999997
 20
-152.4
 10
4081.7999999999997
 20
-152.4
  0
LINE
  5
3DF
330
17
100
AcDbEntity
  8
SARR_2.2x7
100
AcDbLine
 10
4081.7999999999997
 20
-274.0
 30
0.0
 11
4081.7999999999997
 21
-150.0
 31
0.0
  0
TEXT
  5
3E0
330
17
100
AcDbEntity
  8
NOMENCLATURA
100
AcDbText
 10
3673.7999999999997
 20
-141.0
 30
0.0
 40
8.0
  1
CONT. V301.B
100
AcDbText
  0
DIMENSION
  5
3E1
330
17
100
AcDbEntity
  8
COTA
100
AcDbDimension
280
0
  2
*D29
  3
PAINEL
 10
3670.7999999999997
 20
-311.0
 30
0.0
 11
3792.7999999999997
 21
-303.0
 31
0.0
 70
32
 71
5
  1
<>
100
AcDbAlignedDimension
 13
3670.7999999999997
 23
-274.0
 33
0.0
 14
3914.7999999999997
 24
-274.0
 34
0.0
 50
0.0
100
AcDbRotatedDimension
  0
DIMENSION
  5
3F0
330
17
100
AcDbEntity
  8
COTA
100
AcDbDimension
280
0
  2
*D30
  3
PAINEL
 10
3914.7999999999997
 20
-311.0
 30
0.0
 11
3935.3999999999996
 21
-303.0
 31
0.0
 70
32
 71
5
  1
<>
100
AcDbAlignedDimension
 13
3914.7999999999997
 23
-274.0
 33
0.0
 14
3955.9999999999995
 24
-274.0
 34
0.0
 50
0.0
100
AcDbRotatedDimension
  0
DIMENSION
  5
3FF
330
17
100
AcDbEntity
  8
COTA
100
AcDbDimension
280
0
  2
*D31
  3
PAINEL
 10
3955.9999999999995
 20
-311.0
 30
0.0
 11
3966.8999999999996
 21
-300.0
 31
0.0
 70
32
 71
5
  1
<>
100
AcDbAlignedDimension
 13
3955.9999999999995
 23
-274.0
 33
0.0
 14
3977.7999999999997
 24
-274.0
 34
0.0
 50
0.0
100
AcDbRotatedDimension
  0
DIMENSION
  5
40E
330
17
100
AcDbEntity
  8
COTA
100
AcDbDimension
280
0
  2
*D32
  3
PAINEL
 10
3977.7999999999997
 20
-311.0
 30
0.0
 11
4033.2999999999997
 21
-303.0
 31
0.0
 70
32
 71
5
  1
<>
100
AcDbAlignedDimension
 13
3977.7999999999997
 23
-274.0
 33
0.0
 14
4088.7999999999997
 24
-274.0
 34
0.0
 50
0.0
100
AcDbRotatedDimension
  0
DIMENSION
  5
41D
330
17
100
AcDbEntity
  8
COTA
100
AcDbDimension
280
0
  2
*D33
  3
PAINEL
 10
3670.7999999999997
 20
-334.0
 30
0.0
 11
3879.7999999999997
 21
-326.0
 31
0.0
 70
32
 71
5
  1
<>
100
AcDbAlignedDimension
 13
3670.7999999999997
 23
-274.0
 33
0.0
 14
4088.7999999999997
 24
-274.0
 34
0.0
 50
0.0
100
AcDbRotatedDimension
  0
DIMENSION
  5
42C
330
17
100
AcDbEntity
  8
COTA
100
AcDbDimension
280
0
  2
*D34
  3
PAINEL
 10
4116.799999999999
 20
-274.0
 30
0.0
 11
4108.799999999999
 21
-212.0
 31
0.0
 70
32
 71
5
  1
<>
100
AcDbAlignedDimension
 13
4088.7999999999997
 23
-274.0
 33
0.0
 14
4088.7999999999997
 24
-150.0
 34
0.0
 50
90.0
100
AcDbRotatedDimension
  0
DIMENSION
  5
43B
330
17
100
AcDbEntity
  8
COTA
100
AcDbDimension
280
0
  2
*D35
  3
PAINEL
 10
4116.799999999999
 20
-274.0
 30
0.0
 11
4108.799999999999
 21
-212.0
 31
0.0
 70
32
 71
5
  1
<>
100
AcDbAlignedDimension
 13
4088.7999999999997
 23
-274.0
 33
0.0
 14
4088.7999999999997
 24
-150.0
 34
0.0
 50
90.0
100
AcDbRotatedDimension
  0
LWPOLYLINE
  5
44A
330
17
100
AcDbEntity
  8
Folhas
370
50
100
AcDbPolyline
 90
4
 70
1
 10
0.0
 20
200.0
 10
1485.0
 20
200.0
 10
1485.0
 20
1250.0
 10
0.0
 20
1250.0
  0
LWPOLYLINE
  5
44B
330
17
100
AcDbEntity
  8
Folhas
370
25
100
AcDbPolyline
 90
4
 70
1
 10
75.0
 20
240.0
 10
1410.0
 20
240.0
 10
1410.0
 20
1210.0
 10
75.0
 20
1210.0
  0
LINE
  5
44C
330
17
100
AcDbEntity
  8
CARIMBO
370
35
100
AcDbLine
 10
0.0
 20
280.0
 30
0.0
 11
1485.0
 21
280.0
 31
0.0
  0
TEXT
  5
44D
330
17
100
AcDbEntity
  8
CARIMBO
100
AcDbText
 10
742.5
 20
270.0
 30
0.0
 40
14.0
  1
NOVA SISTEMAS CONSTRUTIVOS
100
AcDbText
  0
TEXT
  5
44E
330
17
100
AcDbEntity
  8
CARIMBO
100
AcDbText
 10
742.5
 20
252.0
 30
0.0
 40
12.0
  1
STOG
100
AcDbText
  0
TEXT
  5
44F
330
17
100
AcDbEntity
  8
CARIMBO
100
AcDbText
 10
742.5
 20
235.0
 30
0.0
 40
12.0
  1
LV 13PAV V301
100
AcDbText
  0
TEXT
  5
450
330
17
100
AcDbEntity
  8
CARIMBO
100
AcDbText
 10
742.5
 20
218.0
 30
0.0
 40
14.0
  1
LATERAL DE VIGAS
100
AcDbText
  0
TEXT
  5
451
330
17
100
AcDbEntity
  8
CARIMBO
100
AcDbText
 10
1425.0
 20
240.0
 30
0.0
 40
40.0
  1
1
100
AcDbText
  0
LWPOLYLINE
  5
452
330
17
100
AcDbEntity
  8
Folhas
370
50
100
AcDbPolyline
 90
4
 70
1
 10
1585.0
 20
200.0
 10
3070.0
 20
200.0
 10
3070.0
 20
1250.0
 10
1585.0
 20
1250.0
  0
LWPOLYLINE
  5
453
330
17
100
AcDbEntity
  8
Folhas
370
25
100
AcDbPolyline
 90
4
 70
1
 10
1660.0
 20
240.0
 10
2995.0
 20
240.0
 10
2995.0
 20
1210.0
 10
1660.0
 20
1210.0
  0
LINE
  5
454
330
17
100
AcDbEntity
  8
CARIMBO
370
35
100
AcDbLine
 10
1585.0
 20
280.0
 30
0.0
 11
3070.0
 21
280.0
 31
0.0
  0
TEXT
  5
455
330
17
100
AcDbEntity
  8
CARIMBO
100
AcDbText
 10
2327.5
 20
270.0
 30
0.0
 40
14.0
  1
NOVA SISTEMAS CONSTRUTIVOS
100
AcDbText
  0
TEXT
  5
456
330
17
100
AcDbEntity
  8
CARIMBO
100
AcDbText
 10
2327.5
 20
252.0
 30
0.0
 40
12.0
  1
STOG
100
AcDbText
  0
TEXT
  5
457
330
17
100
AcDbEntity
  8
CARIMBO
100
AcDbText
 10
2327.5
 20
235.0
 30
0.0
 40
12.0
  1
LV 13PAV V301
100
AcDbText
  0
TEXT
  5
458
330
17
100
AcDbEntity
  8
CARIMBO
100
AcDbText
 10
2327.5
 20
218.0
 30
0.0
 40
14.0
  1
LATERAL DE VIGAS
100
AcDbText
  0
TEXT
  5
459
330
17
100
AcDbEntity
  8
CARIMBO
100
AcDbText
 10
3010.0
 20
240.0
 30
0.0
 40
40.0
  1
2
100
AcDbText
  0
LINE
  5
45A
330
17
100
AcDbEntity
  8
Escoras
100
AcDbLine
 10
-9000.0
 20
0.0
 30
0.0
 11
-8990.0
 21
0.0
 31
0.0
  0
LINE
  5
45B
330
17
100
AcDbEntity
  8
Forcador
100
AcDbLine
 10
-9000.0
 20
0.0
 30
0.0
 11
-8990.0
 21
0.0
 31
0.0
  0
LINE
  5
45D
330
17
100
AcDbEntity
  8
GARFOS
100
AcDbLine
 10
-9000.0
 20
0.0
 30
0.0
 11
-8990.0
 21
0.0
 31
0.0
  0
LINE
  5
45F
330
17
100
AcDbEntity
  8
material do compensado
100
AcDbLine
 10
-9000.0
 20
0.0
 30
0.0
 11
-8990.0
 21
0.0
 31
0.0
  0
LINE
  5
461
330
17
100
AcDbEntity
  8
Perfil Metálico
100
AcDbLine
 10
-9000.0
 20
0.0
 30
0.0
 11
-8990.0
 21
0.0
 31
0.0
  0
LINE
  5
463
330
17
100
AcDbEntity
  8
BARRA DE ANCORAGEM
100
AcDbLine
 10
-9000.0
 20
0.0
 30
0.0
 11
-8990.0
 21
0.0
 31
0.0
  0
LINE
  5
464
330
17
100
AcDbEntity
  8
SARR_3.5x7
100
AcDbLine
 10
-9000.0
 20
0.0
 30
0.0
 11
-8990.0
 21
0.0
 31
0.0
  0
LINE
  5
465
330
17
100
AcDbEntity
  8
texto
100
AcDbLine
 10
-9000.0
 20
0.0
 30
0.0
 11
-8990.0
 21
0.0
 31
0.0
  0
LINE
  5
466
330
17
100
AcDbEntity
  8
CONCRETO
100
AcDbLine
 10
-9000.0
 20
0.0
 30
0.0
 11
-8990.0
 21
0.0
 31
0.0
  0
LINE
  5
467
330
17
100
AcDbEntity
  8
0
100
AcDbLine
 10
-9000.0
 20
0.0
 30
0.0
 11
-8990.0
 21
0.0
 31
0.0
  0
LINE
  5
468
330
17
100
AcDbEntity
  8
5
100
AcDbLine
 10
-9000.0
 20
0.0
 30
0.0
 11
-8990.0
 21
0.0
 31
0.0
  0
LINE
  5
469
330
17
100
AcDbEntity
  8
Painéis
100
AcDbLine
 10
-9000.0
 20
0.0
 30
0.0
 11
-8990.0
 21
0.0
 31
0.0
  0
LINE
  5
46A
330
17
100
AcDbEntity
  8
detalhes
100
AcDbLine
 10
-9000.0
 20
0.0
 30
0.0
 11
-8990.0
 21
0.0
 31
0.0
  0
LINE
  5
46B
330
17
100
AcDbEntity
  8
Madeira
100
AcDbLine
 10
-9000.0
 20
0.0
 30
0.0
 11
-8990.0
 21
0.0
 31
0.0
  0
ENDSEC
  0
SECTION
  2
OBJECTS
  0
DICTIONARY
  5
A
330
0
100
AcDbDictionary
281
1
  3
ACAD_COLOR
350
B
  3
ACAD_GROUP
350
C
  3
ACAD_LAYOUT
350
D
  3
ACAD_MATERIAL
350
E
  3
ACAD_MLEADERSTYLE
350
F
  3
ACAD_MLINESTYLE
350
10
  3
ACAD_PLOTSETTINGS
350
11
  3
ACAD_PLOTSTYLENAME
350
12
  3
ACAD_SCALELIST
350
14
  3
ACAD_TABLESTYLE
350
15
  3
ACAD_VISUALSTYLE
350
16
  3
EZDXF_META
350
2D
  0
DICTIONARY
  5
B
330
A
100
AcDbDictionary
281
1
  0
DICTIONARY
  5
C
330
A
100
AcDbDictionary
281
1
  0
DICTIONARY
  5
D
330
A
100
AcDbDictionary
281
1
  3
Model
350
1A
  3
Layout1
350
1E
  0
DICTIONARY
  5
E
330
A
100
AcDbDictionary
281
1
  3
ByBlock
350
1F
  3
ByLayer
350
20
  3
Global
350
21
  0
DICTIONARY
  5
F
330
A
100
AcDbDictionary
281
1
  3
Standard
350
2C
  0
DICTIONARY
  5
10
330
A
100
AcDbDictionary
281
1
  3
Standard
350
22
  0
DICTIONARY
  5
11
330
A
100
AcDbDictionary
281
1
  0
ACDBDICTIONARYWDFLT
  5
12
330
A
100
AcDbDictionary
281
1
  3
Normal
350
13
100
AcDbDictionaryWithDefault
340
13
  0
ACDBPLACEHOLDER
  5
13
330
12
  0
DICTIONARY
  5
14
330
A
100
AcDbDictionary
281
1
  0
DICTIONARY
  5
15
330
A
100
AcDbDictionary
281
1
  0
DICTIONARY
  5
16
330
A
100
AcDbDictionary
281
1
  0
LAYOUT
  5
1A
330
D
100
AcDbPlotSettings
  1

  4
A3
  6

 40
7.5
 41
20.0
 42
7.5
 43
20.0
 44
420.0
 45
297.0
 46
0.0
 47
0.0
 48
0.0
 49
0.0
140
0.0
141
0.0
142
1.0
143
1.0
 70
1024
 72
1
 73
0
 74
5
  7

 75
16
 76
0
 77
2
 78
300
147
1.0
148
0.0
149
0.0
100
AcDbLayout
  1
Model
 70
1
 71
0
 10
0.0
 20
0.0
 11
420.0
 21
297.0
 12
0.0
 22
0.0
 32
0.0
 14
1e+20
 24
1e+20
 34
1e+20
 15
-1e+20
 25
-1e+20
 35
-1e+20
146
0.0
 13
0.0
 23
0.0
 33
0.0
 16
1.0
 26
0.0
 36
0.0
 17
0.0
 27
1.0
 37
0.0
 76
1
330
17
  0
LAYOUT
  5
1E
330
D
100
AcDbPlotSettings
  1

  4
A3
  6

 40
7.5
 41
20.0
 42
7.5
 43
20.0
 44
420.0
 45
297.0
 46
0.0
 47
0.0
 48
0.0
 49
0.0
140
0.0
141
0.0
142
1.0
143
1.0
 70
0
 72
1
 73
0
 74
5
  7

 75
16
 76
0
 77
2
 78
300
147
1.0
148
0.0
149
0.0
100
AcDbLayout
  1
Layout1
 70
1
 71
1
 10
0.0
 20
0.0
 11
420.0
 21
297.0
 12
0.0
 22
0.0
 32
0.0
 14
1e+20
 24
1e+20
 34
1e+20
 15
-1e+20
 25
-1e+20
 35
-1e+20
146
0.0
 13
0.0
 23
0.0
 33
0.0
 16
1.0
 26
0.0
 36
0.0
 17
0.0
 27
1.0
 37
0.0
 76
1
330
1B
  0
MATERIAL
  5
1F
102
{ACAD_REACTORS
330
E
102
}
330
E
100
AcDbMaterial
  1
ByBlock
  2

 70
0
 40
1.0
 71
1
 41
1.0
 91
-1023410177
 42
1.0
 72
1
  3

 73
1
 74
1
 75
1
 44
0.5
 73
0
 45
1.0
 46
1.0
 77
1
  4

 78
1
 79
1
170
1
 48
1.0
171
1
  6

172
1
173
1
174
1
140
1.0
141
1.0
175
1
  7

176
1
177
1
178
1
143
1.0
179
1
  8

270
1
271
1
272
1
145
1.0
146
1.0
273
1
  9

274
1
275
1
276
1
 42
1.0
 72
1
  3

 73
1
 74
1
 75
1
 94
63
  0
MATERIAL
  5
20
102
{ACAD_REACTORS
330
E
102
}
330
E
100
AcDbMaterial
  1
ByLayer
  2

 70
0
 40
1.0
 71
1
 41
1.0
 91
-1023410177
 42
1.0
 72
1
  3

 73
1
 74
1
 75
1
 44
0.5
 73
0
 45
1.0
 46
1.0
 77
1
  4

 78
1
 79
1
170
1
 48
1.0
171
1
  6

172
1
173
1
174
1
140
1.0
141
1.0
175
1
  7

176
1
177
1
178
1
143
1.0
179
1
  8

270
1
271
1
272
1
145
1.0
146
1.0
273
1
  9

274
1
275
1
276
1
 42
1.0
 72
1
  3

 73
1
 74
1
 75
1
 94
63
  0
MATERIAL
  5
21
102
{ACAD_REACTORS
330
E
102
}
330
E
100
AcDbMaterial
  1
Global
  2

 70
0
 40
1.0
 71
1
 41
1.0
 91
-1023410177
 42
1.0
 72
1
  3

 73
1
 74
1
 75
1
 44
0.5
 73
0
 45
1.0
 46
1.0
 77
1
  4

 78
1
 79
1
170
1
 48
1.0
171
1
  6

172
1
173
1
174
1
140
1.0
141
1.0
175
1
  7

176
1
177
1
178
1
143
1.0
179
1
  8

270
1
271
1
272
1
145
1.0
146
1.0
273
1
  9

274
1
275
1
276
1
 42
1.0
 72
1
  3

 73
1
 74
1
 75
1
 94
63
  0
MLINESTYLE
  5
22
102
{ACAD_REACTORS
330
10
102
}
330
10
100
AcDbMlineStyle
  2
Standard
 70
0
  3

 62
256
 51
90.0
 52
90.0
 71
2
 49
0.5
 62
256
  6
BYLAYER
 49
-0.5
 62
256
  6
BYLAYER
  0
MLEADERSTYLE
  5
2C
102
{ACAD_REACTORS
330
F
102
}
330
F
100
AcDbMLeaderStyle
179
2
170
2
171
1
172
0
 90
2
 40
0.0
 41
0.0
173
1
 91
-1056964608
 92
-2
290
1
 42
2.0
291
1
 43
8.0
  3
Standard
 44
4.0
300

342
29
174
1
175
1
176
0
178
1
 93
-1056964608
 45
4.0
292
0
297
0
 46
4.0
 94
-1056964608
 47
1.0
 49
1.0
140
1.0
294
1
141
0.0
177
0
142
1.0
295
0
296
0
143
3.75
271
0
272
9
273
9
  0
DICTIONARY
  5
2D
330
A
100
AcDbDictionary
280
1
281
1
  3
CREATED_BY_EZDXF
350
2E
  3
WRITTEN_BY_EZDXF
350
46E
  0
DICTIONARYVAR
  5
2E
330
2D
100
DictionaryVariables
280
0
  1
1.4.4 @ 2026-07-16T22:44:35.855845+00:00
  0
DICTIONARYVAR
  5
46E
330
2D
100
DictionaryVariables
280
0
  1
1.4.4 @ 2026-07-16T22:44:35.919991+00:00
  0
ENDSEC
  0
EOF
