  0
SECTION
  2
HEADER
  9
$ACADVER
  1
AC1024
  9
$ACADMAINTVER
 70
6
  9
$DWGCODEPAGE
  3
ANSI_1252
  9
$LASTSAVEDBY
  1
ezdxf
  9
$INSBASE
 10
0.0
 20
0.0
 30
0.0
  9
$EXTMIN
 10
1e+20
 20
1e+20
 30
1e+20
  9
$EXTMAX
 10
-1e+20
 20
-1e+20
 30
-1e+20
  9
$LIMMIN
 10
0.0
 20
0.0
  9
$LIMMAX
 10
420.0
 20
297.0
  9
$ORTHOMODE
 70
0
  9
$REGENMODE
 70
1
  9
$FILLMODE
 70
1
  9
$QTEXTMODE
 70
0
  9
$MIRRTEXT
 70
1
  9
$LTSCALE
 40
1.0
  9
$ATTMODE
 70
1
  9
$TEXTSIZE
 40
2.5
  9
$TRACEWID
 40
1.0
  9
$TEXTSTYLE
  7
Standard
  9
$CLAYER
  8
0
  9
$CELTYPE
  6
ByLayer
  9
$CECOLOR
 62
256
  9
$CELTSCALE
 40
1.0
  9
$DISPSILH
 70
0
  9
$DIMSCALE
 40
1.0
  9
$DIMASZ
 40
2.5
  9
$DIMEXO
 40
0.625
  9
$DIMDLI
 40
3.75
  9
$DIMRND
 40
0.0
  9
$DIMDLE
 40
0.0
  9
$DIMEXE
 40
1.25
  9
$DIMTP
 40
0.0
  9
$DIMTM
 40
0.0
  9
$DIMTXT
 40
2.5
  9
$DIMCEN
 40
2.5
  9
$DIMTSZ
 40
0.0
  9
$DIMTOL
 70
0
  9
$DIMLIM
 70
0
  9
$DIMTIH
 70
0
  9
$DIMTOH
 70
0
  9
$DIMSE1
 70
0
  9
$DIMSE2
 70
0
  9
$DIMTAD
 70
1
  9
$DIMZIN
 70
8
  9
$DIMBLK
  1

  9
$DIMASO
 70
1
  9
$DIMSHO
 70
1
  9
$DIMPOST
  1

  9
$DIMAPOST
  1

  9
$DIMALT
 70
0
  9
$DIMALTD
 70
3
  9
$DIMALTF
 40
0.03937007874
  9
$DIMLFAC
 40
1.0
  9
$DIMTOFL
 70
1
  9
$DIMTVP
 40
0.0
  9
$DIMTIX
 70
0
  9
$DIMSOXD
 70
0
  9
$DIMSAH
 70
0
  9
$DIMBLK1
  1

  9
$DIMBLK2
  1

  9
$DIMSTYLE
  2
ISO-25
  9
$DIMCLRD
 70
0
  9
$DIMCLRE
 70
0
  9
$DIMCLRT
 70
0
  9
$DIMTFAC
 40
1.0
  9
$DIMGAP
 40
0.625
  9
$DIMJUST
 70
0
  9
$DIMSD1
 70
0
  9
$DIMSD2
 70
0
  9
$DIMTOLJ
 70
0
  9
$DIMTZIN
 70
8
  9
$DIMALTZ
 70
0
  9
$DIMALTTZ
 70
0
  9
$DIMUPT
 70
0
  9
$DIMDEC
 70
2
  9
$DIMTDEC
 70
2
  9
$DIMALTU
 70
2
  9
$DIMALTTD
 70
3
  9
$DIMTXSTY
  7
Standard
  9
$DIMAUNIT
 70
0
  9
$DIMADEC
 70
0
  9
$DIMALTRND
 40
0.0
  9
$DIMAZIN
 70
0
  9
$DIMDSEP
 70
44
  9
$DIMATFIT
 70
3
  9
$DIMFRAC
 70
0
  9
$DIMLDRBLK
  1

  9
$DIMLUNIT
 70
2
  9
$DIMLWD
 70
-2
  9
$DIMLWE
 70
-2
  9
$DIMTMOVE
 70
0
  9
$DIMFXL
 40
1.0
  9
$DIMFXLON
 70
0
  9
$DIMJOGANG
 40
0.785398163397
  9
$DIMTFILL
 70
0
  9
$DIMTFILLCLR
 70
0
  9
$DIMARCSYM
 70
0
  9
$DIMLTYPE
  6

  9
$DIMLTEX1
  6

  9
$DIMLTEX2
  6

  9
$DIMTXTDIRECTION
 70
0
  9
$LUNITS
 70
2
  9
$LUPREC
 70
4
  9
$SKETCHINC
 40
1.0
  9
$FILLETRAD
 40
10.0
  9
$AUNITS
 70
0
  9
$AUPREC
 70
2
  9
$MENU
  1
.
  9
$ELEVATION
 40
0.0
  9
$PELEVATION
 40
0.0
  9
$THICKNESS
 40
0.0
  9
$LIMCHECK
 70
0
  9
$CHAMFERA
 40
0.0
  9
$CHAMFERB
 40
0.0
  9
$CHAMFERC
 40
0.0
  9
$CHAMFERD
 40
0.0
  9
$SKPOLY
 70
0
  9
$TDCREATE
 40
2461189.4433796294
  9
$TDUCREATE
 40
2458532.153996898
  9
$TDUPDATE
 40
2461189.443414352
  9
$TDUUPDATE
 40
2458532.1544311
  9
$TDINDWG
 40
0.0
  9
$TDUSRTIMER
 40
0.0
  9
$USRTIMER
 70
1
  9
$ANGBASE
 50
0.0
  9
$ANGDIR
 70
0
  9
$PDMODE
 70
0
  9
$PDSIZE
 40
0.0
  9
$PLINEWID
 40
0.0
  9
$SPLFRAME
 70
0
  9
$SPLINETYPE
 70
6
  9
$SPLINESEGS
 70
8
  9
$HANDSEED
  5
670
  9
$SURFTAB1
 70
6
  9
$SURFTAB2
 70
6
  9
$SURFTYPE
 70
6
  9
$SURFU
 70
6
  9
$SURFV
 70
6
  9
$UCSBASE
  2

  9
$UCSNAME
  2

  9
$UCSORG
 10
0.0
 20
0.0
 30
0.0
  9
$UCSXDIR
 10
1.0
 20
0.0
 30
0.0
  9
$UCSYDIR
 10
0.0
 20
1.0
 30
0.0
  9
$UCSORTHOREF
  2

  9
$UCSORTHOVIEW
 70
0
  9
$UCSORGTOP
 10
0.0
 20
0.0
 30
0.0
  9
$UCSORGBOTTOM
 10
0.0
 20
0.0
 30
0.0
  9
$UCSORGLEFT
 10
0.0
 20
0.0
 30
0.0
  9
$UCSORGRIGHT
 10
0.0
 20
0.0
 30
0.0
  9
$UCSORGFRONT
 10
0.0
 20
0.0
 30
0.0
  9
$UCSORGBACK
 10
0.0
 20
0.0
 30
0.0
  9
$PUCSBASE
  2

  9
$PUCSNAME
  2

  9
$PUCSORG
 10
0.0
 20
0.0
 30
0.0
  9
$PUCSXDIR
 10
1.0
 20
0.0
 30
0.0
  9
$PUCSYDIR
 10
0.0
 20
1.0
 30
0.0
  9
$PUCSORTHOREF
  2

  9
$PUCSORTHOVIEW
 70
0
  9
$PUCSORGTOP
 10
0.0
 20
0.0
 30
0.0
  9
$PUCSORGBOTTOM
 10
0.0
 20
0.0
 30
0.0
  9
$PUCSORGLEFT
 10
0.0
 20
0.0
 30
0.0
  9
$PUCSORGRIGHT
 10
0.0
 20
0.0
 30
0.0
  9
$PUCSORGFRONT
 10
0.0
 20
0.0
 30
0.0
  9
$PUCSORGBACK
 10
0.0
 20
0.0
 30
0.0
  9
$USERI1
 70
0
  9
$USERI2
 70
0
  9
$USERI3
 70
0
  9
$USERI4
 70
0
  9
$USERI5
 70
0
  9
$USERR1
 40
0.0
  9
$USERR2
 40
0.0
  9
$USERR3
 40
0.0
  9
$USERR4
 40
0.0
  9
$USERR5
 40
0.0
  9
$WORLDVIEW
 70
1
  9
$SHADEDGE
 70
3
  9
$SHADEDIF
 70
70
  9
$TILEMODE
 70
1
  9
$MAXACTVP
 70
64
  9
$PINSBASE
 10
0.0
 20
0.0
 30
0.0
  9
$PLIMCHECK
 70
0
  9
$PEXTMIN
 10
1e+20
 20
1e+20
 30
1e+20
  9
$PEXTMAX
 10
-1e+20
 20
-1e+20
 30
-1e+20
  9
$PLIMMIN
 10
0.0
 20
0.0
  9
$PLIMMAX
 10
420.0
 20
297.0
  9
$UNITMODE
 70
0
  9
$VISRETAIN
 70
1
  9
$PLINEGEN
 70
0
  9
$PSLTSCALE
 70
1
  9
$TREEDEPTH
 70
3020
  9
$CMLSTYLE
  2
Standard
  9
$CMLJUST
 70
0
  9
$CMLSCALE
 40
20.0
  9
$PROXYGRAPHICS
 70
1
  9
$MEASUREMENT
 70
1
  9
$CELWEIGHT
370
-1
  9
$ENDCAPS
280
0
  9
$JOINSTYLE
280
0
  9
$LWDISPLAY
290
0
  9
$INSUNITS
 70
6
  9
$HYPERLINKBASE
  1

  9
$STYLESHEET
  1

  9
$XEDIT
290
1
  9
$CEPSNTYPE
380
0
  9
$PSTYLEMODE
290
1
  9
$FINGERPRINTGUID
  2
{3BA9EAE2-7370-4924-B4FC-E23E7D2DC624}
  9
$VERSIONGUID
  2
{4621D1F6-26C1-4C96-ADB5-06C470CA2C1C}
  9
$EXTNAMES
290
1
  9
$PSVPSCALE
 40
0.0
  9
$OLESTARTUP
290
0
  9
$SORTENTS
280
127
  9
$INDEXCTL
280
0
  9
$HIDETEXT
280
1
  9
$XCLIPFRAME
280
1
  9
$HALOGAP
280
0
  9
$OBSCOLOR
 70
257
  9
$OBSLTYPE
280
0
  9
$INTERSECTIONDISPLAY
280
0
  9
$INTERSECTIONCOLOR
 70
257
  9
$DIMASSOC
280
2
  9
$PROJECTNAME
  1

  9
$CAMERADISPLAY
290
0
  9
$LENSLENGTH
 40
50.0
  9
$CAMERAHEIGHT
 40
0.0
  9
$STEPSPERSEC
 40
24.0
  9
$STEPSIZE
 40
100.0
  9
$3DDWFPREC
 40
2.0
  9
$PSOLWIDTH
 40
0.005
  9
$PSOLHEIGHT
 40
0.08
  9
$LOFTANG1
 40
1.570796326795
  9
$LOFTANG2
 40
1.570796326795
  9
$LOFTMAG1
 40
0.0
  9
$LOFTMAG2
 40
0.0
  9
$LOFTPARAM
 70
7
  9
$LOFTNORMALS
280
1
  9
$LATITUDE
 40
37.795
  9
$LONGITUDE
 40
-122.394
  9
$NORTHDIRECTION
 40
0.0
  9
$TIMEZONE
 70
-8000
  9
$LIGHTGLYPHDISPLAY
280
1
  9
$TILEMODELIGHTSYNCH
280
1
  9
$CMATERIAL
347
20
  9
$SOLIDHIST
280
0
  9
$SHOWHIST
280
1
  9
$DWFFRAME
280
2
  9
$DGNFRAME
280
2
  9
$REALWORLDSCALE
290
1
  9
$INTERFERECOLOR
 62
256
  9
$CSHADOW
280
0
  9
$SHADOWPLANELOCATION
 40
0.0
  0
ENDSEC
  0
SECTION
  2
CLASSES
  0
CLASS
  1
ACDBDICTIONARYWDFLT
  2
AcDbDictionaryWithDefault
  3
ObjectDBX Classes
 90
0
 91
0
280
0
281
0
  0
CLASS
  1
SUN
  2
AcDbSun
  3
SCENEOE
 90
1153
 91
0
280
0
281
0
  0
CLASS
  1
VISUALSTYLE
  2
AcDbVisualStyle
  3
ObjectDBX Classes
 90
4095
 91
0
280
0
281
0
  0
CLASS
  1
MATERIAL
  2
AcDbMaterial
  3
ObjectDBX Classes
 90
1153
 91
0
280
0
281
0
  0
CLASS
  1
SCALE
  2
AcDbScale
  3
ObjectDBX Classes
 90
1153
 91
0
280
0
281
0
  0
CLASS
  1
TABLESTYLE
  2
AcDbTableStyle
  3
ObjectDBX Classes
 90
4095
 91
0
280
0
281
0
  0
CLASS
  1
MLEADERSTYLE
  2
AcDbMLeaderStyle
  3
ACDB_MLEADERSTYLE_CLASS
 90
4095
 91
0
280
0
281
0
  0
CLASS
  1
DICTIONARYVAR
  2
AcDbDictionaryVar
  3
ObjectDBX Classes
 90
0
 91
0
280
0
281
0
  0
CLASS
  1
CELLSTYLEMAP
  2
AcDbCellStyleMap
  3
ObjectDBX Classes
 90
1152
 91
0
280
0
281
0
  0
CLASS
  1
MENTALRAYRENDERSETTINGS
  2
AcDbMentalRayRenderSettings
  3
SCENEOE
 90
1024
 91
0
280
0
281
0
  0
CLASS
  1
ACDBDETAILVIEWSTYLE
  2
AcDbDetailViewStyle
  3
ObjectDBX Classes
 90
1025
 91
0
280
0
281
0
  0
CLASS
  1
ACDBSECTIONVIEWSTYLE
  2
AcDbSectionViewStyle
  3
ObjectDBX Classes
 90
1025
 91
0
280
0
281
0
  0
CLASS
  1
RASTERVARIABLES
  2
AcDbRasterVariables
  3
ISM
 90
0
 91
0
280
0
281
0
  0
CLASS
  1
LAYOUT
  2
AcDbLayout
  3
ObjectDBX Classes
 90
0
 91
0
280
0
281
0
  0
CLASS
  1
ACDBPLACEHOLDER
  2
AcDbPlaceHolder
  3
ObjectDBX Classes
 90
0
 91
0
280
0
281
0
  0
ENDSEC
  0
SECTION
  2
TABLES
  0
TABLE
  2
VPORT
  5
8
330
0
100
AcDbSymbolTable
 70
1
  0
VPORT
  5
23
330
8
100
AcDbSymbolTableRecord
100
AcDbViewportTableRecord
  2
*Active
 70
0
 10
0.0
 20
0.0
 11
1.0
 21
1.0
 12
0.0
 22
0.0
 13
0.0
 23
0.0
 14
0.5
 24
0.5
 15
0.5
 25
0.5
 16
0.0
 26
0.0
 36
1.0
 17
0.0
 27
0.0
 37
0.0
 40
1000.0
 41
1.34
 42
50.0
 43
0.0
 44
0.0
 50
0.0
 51
0.0
 71
0
 72
1000
 73
1
 74
3
 75
0
 76
0
 77
0
 78
0
281
0
 65
0
146
0.0
  0
ENDTAB
  0
TABLE
  2
LTYPE
  5
2
330
0
100
AcDbSymbolTable
 70
3
  0
LTYPE
  5
24
330
2
100
AcDbSymbolTableRecord
100
AcDbLinetypeTableRecord
  2
ByBlock
 70
0
  3

 72
65
 73
0
 40
0.0
  0
LTYPE
  5
25
330
2
100
AcDbSymbolTableRecord
100
AcDbLinetypeTableRecord
  2
ByLayer
 70
0
  3

 72
65
 73
0
 40
0.0
  0
LTYPE
  5
26
330
2
100
AcDbSymbolTableRecord
100
AcDbLinetypeTableRecord
  2
Continuous
 70
0
  3

 72
65
 73
0
 40
0.0
  0
ENDTAB
  0
TABLE
  2
LAYER
  5
1
330
0
100
AcDbSymbolTable
 70
2
  0
LAYER
  5
27
330
1
100
AcDbSymbolTableRecord
100
AcDbLayerTableRecord
  2
0
 70
0
 62
7
  6
Continuous
370
-3
390
13
347
21
  0
LAYER
  5
28
330
1
100
AcDbSymbolTableRecord
100
AcDbLayerTableRecord
  2
Defpoints
 70
0
 62
7
  6
Continuous
290
0
370
-3
390
13
347
21
  0
ENDTAB
  0
TABLE
  2
STYLE
  5
5
330
0
100
AcDbSymbolTable
 70
1
  0
STYLE
  5
29
330
5
100
AcDbSymbolTableRecord
100
AcDbTextStyleTableRecord
  2
Standard
 70
0
 40
0.0
 41
1.0
 50
0.0
 71
0
 42
2.5
  3
txt
  4

  0
ENDTAB
  0
TABLE
  2
VIEW
  5
7
330
0
100
AcDbSymbolTable
 70
0
  0
ENDTAB
  0
TABLE
  2
UCS
  5
6
330
0
100
AcDbSymbolTable
 70
0
  0
ENDTAB
  0
TABLE
  2
APPID
  5
3
330
0
100
AcDbSymbolTable
 70
3
  0
APPID
  5
2A
330
3
100
AcDbSymbolTableRecord
100
AcDbRegAppTableRecord
  2
ACAD
 70
0
  0
APPID
  5
66D
330
3
100
AcDbSymbolTableRecord
100
AcDbRegAppTableRecord
  2
HATCHBACKGROUNDCOLOR
 70
0
  0
APPID
  5
66E
330
3
100
AcDbSymbolTableRecord
100
AcDbRegAppTableRecord
  2
EZDXF
 70
0
  0
ENDTAB
  0
TABLE
  2
DIMSTYLE
  5
4
330
0
100
AcDbSymbolTable
 70
1
100
AcDbDimStyleTable
  0
DIMSTYLE
105
2B
330
4
100
AcDbSymbolTableRecord
100
AcDbDimStyleTableRecord
  2
Standard
 70
0
 40
1.0
 41
2.5
 42
0.625
 43
3.75
 44
1.25
 45
0.0
 46
0.0
 47
0.0
 48
0.0
 49
2.5
140
2.5
141
2.5
142
0.0
143
0.03937007874
144
1.0
145
0.0
146
1.0
147
0.625
148
0.0
 69
0
 70
0
 71
0
 72
0
 73
0
 74
0
 75
0
 76
0
 77
1
 78
8
 79
3
170
0
171
3
172
1
173
0
174
0
175
0
176
0
177
0
178
0
179
2
271
2
272
2
273
2
274
3
275
0
276
0
277
2
278
44
279
0
280
0
281
0
282
0
283
0
284
8
285
0
286
0
288
0
289
3
290
0
371
-2
372
-2
  0
ENDTAB
  0
TABLE
  2
BLOCK_RECORD
  5
9
330
0
100
AcDbSymbolTable
 70
2
  0
BLOCK_RECORD
  5
17
330
9
100
AcDbSymbolTableRecord
100
AcDbBlockTableRecord
  2
*Model_Space
340
1A
 70
0
280
1
281
0
  0
BLOCK_RECORD
  5
1B
330
9
100
AcDbSymbolTableRecord
100
AcDbBlockTableRecord
  2
*Paper_Space
340
1E
 70
0
280
1
281
0
  0
ENDTAB
  0
ENDSEC
  0
SECTION
  2
BLOCKS
  0
BLOCK
  5
18
330
17
100
AcDbEntity
  8
0
100
AcDbBlockBegin
  2
*Model_Space
 70
0
 10
0.0
 20
0.0
 30
0.0
  3
*Model_Space
  1

  0
ENDBLK
  5
19
330
17
100
AcDbEntity
  8
0
100
AcDbBlockEnd
  0
BLOCK
  5
1C
330
1B
100
AcDbEntity
  8
0
100
AcDbBlockBegin
  2
*Paper_Space
 70
0
 10
0.0
 20
0.0
 30
0.0
  3
*Paper_Space
  1

  0
ENDBLK
  5
1D
330
1B
100
AcDbEntity
  8
0
100
AcDbBlockEnd
  0
ENDSEC
  0
SECTION
  2
ENTITIES
  0
LWPOLYLINE
  5
2F
330
17
100
AcDbEntity
  8
Contorno
100
AcDbPolyline
 90
5
 70
1
 10
1749.45
 20
3529.7
 10
1874.45
 20
3529.7
 10
1874.45
 20
3334.7
 10
1749.45
 20
3334.7
 10
1749.45
 20
3529.7
  0
LWPOLYLINE
  5
30
330
17
100
AcDbEntity
  8
Paineis
100
AcDbPolyline
 90
4
 70
1
 10
1749.45
 20
3334.7
 10
1849.45
 20
3334.7
 10
1849.45
 20
3459.7
 10
1749.45
 20
3459.7
  0
LWPOLYLINE
  5
31
330
17
100
AcDbEntity
  8
Paineis
100
AcDbPolyline
 90
4
 70
1
 10
1849.45
 20
3334.7
 10
1944.45
 20
3334.7
 10
1944.45
 20
3459.7
 10
1849.45
 20
3459.7
  0
MTEXT
  5
32
330
17
100
AcDbEntity
  8
Texto Secao
100
AcDbMText
 10
1846.95
 20
3397.2
 30
0.0
 40
8.0
 71
1
  1
L1\Pe=12cm
  0
MTEXT
  5
33
330
17
100
AcDbEntity
  8
AUX00
100
AcDbMText
 10
1799.45
 20
3397.2
 30
0.0
 40
6.0
 71
1
  1
L1\P100X125\Pc/rec.\Pe=12cm
  0
MTEXT
  5
34
330
17
100
AcDbEntity
  8
AUX00
100
AcDbMText
 10
1896.95
 20
3397.2
 30
0.0
 40
6.0
 71
1
  1
L1\P95X125\Pc/rec.\Pe=12cm
  0
MTEXT
  5
35
330
17
100
AcDbEntity
  8
NOMENCLATURA
100
AcDbMText
 10
1749.45
 20
3489.7
 30
0.0
 40
10.0
 71
1
  1
12 PAV - L1  195x125cm  e=12cm  paineis: 3x1
  0
LWPOLYLINE
  5
36
330
17
100
AcDbEntity
  8
Contorno
100
AcDbPolyline
 90
5
 70
1
 10
2212.63
 20
3536.22
 10
2337.63
 20
3536.22
 10
2337.63
 20
3336.22
 10
2212.63
 20
3336.22
 10
2212.63
 20
3536.22
  0
LWPOLYLINE
  5
37
330
17
100
AcDbEntity
  8
Paineis
100
AcDbPolyline
 90
4
 70
1
 10
2212.63
 20
3336.22
 10
2312.63
 20
3336.22
 10
2312.63
 20
3461.22
 10
2212.63
 20
3461.22
  0
LWPOLYLINE
  5
38
330
17
100
AcDbEntity
  8
Paineis
100
AcDbPolyline
 90
4
 70
1
 10
2312.63
 20
3336.22
 10
2412.63
 20
3336.22
 10
2412.63
 20
3461.22
 10
2312.63
 20
3461.22
  0
MTEXT
  5
39
330
17
100
AcDbEntity
  8
Texto Secao
100
AcDbMText
 10
2312.63
 20
3398.72
 30
0.0
 40
8.0
 71
1
  1
L2\Pe=12cm
  0
MTEXT
  5
3A
330
17
100
AcDbEntity
  8
AUX00
100
AcDbMText
 10
2262.63
 20
3398.72
 30
0.0
 40
6.0
 71
1
  1
L2\P100X125\Pc/rec.\Pe=12cm
  0
MTEXT
  5
3B
330
17
100
AcDbEntity
  8
AUX00
100
AcDbMText
 10
2362.63
 20
3398.72
 30
0.0
 40
6.0
 71
1
  1
L2\P100X125\Pc/rec.\Pe=12cm
  0
MTEXT
  5
3C
330
17
100
AcDbEntity
  8
NOMENCLATURA
100
AcDbMText
 10
2212.63
 20
3491.22
 30
0.0
 40
10.0
 71
1
  1
12 PAV - L2  200x125cm  e=12cm  paineis: 3x1
  0
LWPOLYLINE
  5
3D
330
17
100
AcDbEntity
  8
Contorno
100
AcDbPolyline
 90
5
 70
1
 10
2644.05
 20
3535.32
 10
2769.05
 20
3535.32
 10
2769.05
 20
3335.32
 10
2644.05
 20
3335.32
 10
2644.05
 20
3535.32
  0
LWPOLYLINE
  5
3E
330
17
100
AcDbEntity
  8
Paineis
100
AcDbPolyline
 90
4
 70
1
 10
2644.05
 20
3335.32
 10
2744.05
 20
3335.32
 10
2744.05
 20
3460.32
 10
2644.05
 20
3460.32
  0
LWPOLYLINE
  5
3F
330
17
100
AcDbEntity
  8
Paineis
100
AcDbPolyline
 90
4
 70
1
 10
2744.05
 20
3335.32
 10
2844.05
 20
3335.32
 10
2844.05
 20
3460.32
 10
2744.05
 20
3460.32
  0
MTEXT
  5
40
330
17
100
AcDbEntity
  8
Texto Secao
100
AcDbMText
 10
2744.05
 20
3397.82
 30
0.0
 40
8.0
 71
1
  1
L3\Pe=12cm
  0
MTEXT
  5
41
330
17
100
AcDbEntity
  8
AUX00
100
AcDbMText
 10
2694.05
 20
3397.82
 30
0.0
 40
6.0
 71
1
  1
L3\P100X125\Pc/rec.\Pe=12cm
  0
MTEXT
  5
42
330
17
100
AcDbEntity
  8
AUX00
100
AcDbMText
 10
2794.05
 20
3397.82
 30
0.0
 40
6.0
 71
1
  1
L3\P100X125\Pc/rec.\Pe=12cm
  0
MTEXT
  5
43
330
17
100
AcDbEntity
  8
NOMENCLATURA
100
AcDbMText
 10
2644.05
 20
3490.32
 30
0.0
 40
10.0
 71
1
  1
12 PAV - L3  200x125cm  e=12cm  paineis: 3x1
  0
LWPOLYLINE
  5
44
330
17
100
AcDbEntity
  8
Contorno
100
AcDbPolyline
 90
5
 70
1
 10
3085.76
 20
3536.15
 10
3210.76
 20
3536.15
 10
3210.76
 20
3336.15
 10
3085.76
 20
3336.15
 10
3085.76
 20
3536.15
  0
LWPOLYLINE
  5
45
330
17
100
AcDbEntity
  8
Paineis
100
AcDbPolyline
 90
4
 70
1
 10
3085.76
 20
3336.15
 10
3185.76
 20
3336.15
 10
3185.76
 20
3461.15
 10
3085.76
 20
3461.15
  0
LWPOLYLINE
  5
46
330
17
100
AcDbEntity
  8
Paineis
100
AcDbPolyline
 90
4
 70
1
 10
3185.76
 20
3336.15
 10
3285.76
 20
3336.15
 10
3285.76
 20
3461.15
 10
3185.76
 20
3461.15
  0
MTEXT
  5
47
330
17
100
AcDbEntity
  8
Texto Secao
100
AcDbMText
 10
3185.76
 20
3398.65
 30
0.0
 40
8.0
 71
1
  1
L4\Pe=12cm
  0
MTEXT
  5
48
330
17
100
AcDbEntity
  8
AUX00
100
AcDbMText
 10
3135.76
 20
3398.65
 30
0.0
 40
6.0
 71
1
  1
L4\P100X125\Pc/rec.\Pe=12cm
  0
MTEXT
  5
49
330
17
100
AcDbEntity
  8
AUX00
100
AcDbMText
 10
3235.76
 20
3398.65
 30
0.0
 40
6.0
 71
1
  1
L4\P100X125\Pc/rec.\Pe=12cm
  0
MTEXT
  5
4A
330
17
100
AcDbEntity
  8
NOMENCLATURA
100
AcDbMText
 10
3085.76
 20
3491.15
 30
0.0
 40
10.0
 71
1
  1
12 PAV - L4  200x125cm  e=12cm  paineis: 3x1
  0
LWPOLYLINE
  5
4B
330
17
100
AcDbEntity
  8
Contorno
100
AcDbPolyline
 90
5
 70
1
 10
3471.5
 20
3534.48
 10
3596.5
 20
3534.48
 10
3596.5
 20
3334.48
 10
3471.5
 20
3334.48
 10
3471.5
 20
3534.48
  0
LWPOLYLINE
  5
4C
330
17
100
AcDbEntity
  8
Paineis
100
AcDbPolyline
 90
4
 70
1
 10
3471.5
 20
3334.48
 10
3571.5
 20
3334.48
 10
3571.5
 20
3459.48
 10
3471.5
 20
3459.48
  0
LWPOLYLINE
  5
4D
330
17
100
AcDbEntity
  8
Paineis
100
AcDbPolyline
 90
4
 70
1
 10
3571.5
 20
3334.48
 10
3671.5
 20
3334.48
 10
3671.5
 20
3459.48
 10
3571.5
 20
3459.48
  0
MTEXT
  5
4E
330
17
100
AcDbEntity
  8
Texto Secao
100
AcDbMText
 10
3571.5
 20
3396.98
 30
0.0
 40
8.0
 71
1
  1
L5\Pe=12cm
  0
MTEXT
  5
4F
330
17
100
AcDbEntity
  8
AUX00
100
AcDbMText
 10
3521.5
 20
3396.98
 30
0.0
 40
6.0
 71
1
  1
L5\P100X125\Pc/rec.\Pe=12cm
  0
MTEXT
  5
50
330
17
100
AcDbEntity
  8
AUX00
100
AcDbMText
 10
3621.5
 20
3396.98
 30
0.0
 40
6.0
 71
1
  1
L5\P100X125\Pc/rec.\Pe=12cm
  0
MTEXT
  5
51
330
17
100
AcDbEntity
  8
NOMENCLATURA
100
AcDbMText
 10
3471.5
 20
3489.48
 30
0.0
 40
10.0
 71
1
  1
12 PAV - L5  200x125cm  e=12cm  paineis: 3x1
  0
LWPOLYLINE
  5
52
330
17
100
AcDbEntity
  8
Contorno
100
AcDbPolyline
 90
5
 70
1
 10
3953.24
 20
3535.16
 10
4078.24
 20
3535.16
 10
4078.24
 20
3335.16
 10
3953.24
 20
3335.16
 10
3953.24
 20
3535.16
  0
LWPOLYLINE
  5
53
330
17
100
AcDbEntity
  8
Paineis
100
AcDbPolyline
 90
4
 70
1
 10
3953.24
 20
3335.16
 10
4053.24
 20
3335.16
 10
4053.24
 20
3460.16
 10
3953.24
 20
3460.16
  0
LWPOLYLINE
  5
54
330
17
100
AcDbEntity
  8
Paineis
100
AcDbPolyline
 90
4
 70
1
 10
4053.24
 20
3335.16
 10
4153.24
 20
3335.16
 10
4153.24
 20
3460.16
 10
4053.24
 20
3460.16
  0
MTEXT
  5
55
330
17
100
AcDbEntity
  8
Texto Secao
100
AcDbMText
 10
4053.24
 20
3397.66
 30
0.0
 40
8.0
 71
1
  1
L6\Pe=12cm
  0
MTEXT
  5
56
330
17
100
AcDbEntity
  8
AUX00
100
AcDbMText
 10
4003.24
 20
3397.66
 30
0.0
 40
6.0
 71
1
  1
L6\P100X125\Pc/rec.\Pe=12cm
  0
MTEXT
  5
57
330
17
100
AcDbEntity
  8
AUX00
100
AcDbMText
 10
4103.24
 20
3397.66
 30
0.0
 40
6.0
 71
1
  1
L6\P100X125\Pc/rec.\Pe=12cm
  0
MTEXT
  5
58
330
17
100
AcDbEntity
  8
NOMENCLATURA
100
AcDbMText
 10
3953.24
 20
3490.16
 30
0.0
 40
10.0
 71
1
  1
12 PAV - L6  200x125cm  e=12cm  paineis: 3x1
  0
LWPOLYLINE
  5
59
330
17
100
AcDbEntity
  8
Contorno
100
AcDbPolyline
 90
5
 70
1
 10
4387.57
 20
3535.16
 10
4512.57
 20
3535.16
 10
4512.57
 20
3335.16
 10
4387.57
 20
3335.16
 10
4387.57
 20
3535.16
  0
LWPOLYLINE
  5
5A
330
17
100
AcDbEntity
  8
Paineis
100
AcDbPolyline
 90
4
 70
1
 10
4387.57
 20
3335.16
 10
4487.57
 20
3335.16
 10
4487.57
 20
3460.16
 10
4387.57
 20
3460.16
  0
LWPOLYLINE
  5
5B
330
17
100
AcDbEntity
  8
Paineis
100
AcDbPolyline
 90
4
 70
1
 10
4487.57
 20
3335.16
 10
4587.57
 20
3335.16
 10
4587.57
 20
3460.16
 10
4487.57
 20
3460.16
  0
MTEXT
  5
5C
330
17
100
AcDbEntity
  8
Texto Secao
100
AcDbMText
 10
4487.57
 20
3397.66
 30
0.0
 40
8.0
 71
1
  1
L7\Pe=12cm
  0
MTEXT
  5
5D
330
17
100
AcDbEntity
  8
AUX00
100
AcDbMText
 10
4437.57
 20
3397.66
 30
0.0
 40
6.0
 71
1
  1
L7\P100X125\Pc/rec.\Pe=12cm
  0
MTEXT
  5
5E
330
17
100
AcDbEntity
  8
AUX00
100
AcDbMText
 10
4537.57
 20
3397.66
 30
0.0
 40
6.0
 71
1
  1
L7\P100X125\Pc/rec.\Pe=12cm
  0
MTEXT
  5
5F
330
17
100
AcDbEntity
  8
NOMENCLATURA
100
AcDbMText
 10
4387.57
 20
3490.16
 30
0.0
 40
10.0
 71
1
  1
12 PAV - L7  200x125cm  e=12cm  paineis: 3x1
  0
LWPOLYLINE
  5
60
330
17
100
AcDbEntity
  8
Contorno
100
AcDbPolyline
 90
5
 70
1
 10
4821.63
 20
3533.58
 10
4946.63
 20
3533.58
 10
4946.63
 20
3338.58
 10
4821.63
 20
3338.58
 10
4821.63
 20
3533.58
  0
LWPOLYLINE
  5
61
330
17
100
AcDbEntity
  8
Paineis
100
AcDbPolyline
 90
4
 70
1
 10
4821.63
 20
3338.58
 10
4921.63
 20
3338.58
 10
4921.63
 20
3463.58
 10
4821.63
 20
3463.58
  0
LWPOLYLINE
  5
62
330
17
100
AcDbEntity
  8
Paineis
100
AcDbPolyline
 90
4
 70
1
 10
4921.63
 20
3338.58
 10
5016.63
 20
3338.58
 10
5016.63
 20
3463.58
 10
4921.63
 20
3463.58
  0
MTEXT
  5
63
330
17
100
AcDbEntity
  8
Texto Secao
100
AcDbMText
 10
4919.13
 20
3401.08
 30
0.0
 40
8.0
 71
1
  1
L8\Pe=12cm
  0
MTEXT
  5
64
330
17
100
AcDbEntity
  8
AUX00
100
AcDbMText
 10
4871.63
 20
3401.08
 30
0.0
 40
6.0
 71
1
  1
L8\P100X125\Pc/rec.\Pe=12cm
  0
MTEXT
  5
65
330
17
100
AcDbEntity
  8
AUX00
100
AcDbMText
 10
4969.13
 20
3401.08
 30
0.0
 40
6.0
 71
1
  1
L8\P95X125\Pc/rec.\Pe=12cm
  0
MTEXT
  5
66
330
17
100
AcDbEntity
  8
NOMENCLATURA
100
AcDbMText
 10
4821.63
 20
3493.58
 30
0.0
 40
10.0
 71
1
  1
12 PAV - L8  195x125cm  e=12cm  paineis: 3x1
  0
LWPOLYLINE
  5
67
330
17
100
AcDbEntity
  8
Contorno
100
AcDbPolyline
 90
5
 70
1
 10
1796.25
 20
3325.15
 10
1921.25
 20
3325.15
 10
1921.25
 20
3130.15
 10
1796.25
 20
3130.15
 10
1796.25
 20
3325.15
  0
LWPOLYLINE
  5
68
330
17
100
AcDbEntity
  8
Paineis
100
AcDbPolyline
 90
4
 70
1
 10
1796.25
 20
3130.15
 10
1896.25
 20
3130.15
 10
1896.25
 20
3255.15
 10
1796.25
 20
3255.15
  0
LWPOLYLINE
  5
69
330
17
100
AcDbEntity
  8
Paineis
100
AcDbPolyline
 90
4
 70
1
 10
1896.25
 20
3130.15
 10
1991.25
 20
3130.15
 10
1991.25
 20
3255.15
 10
1896.25
 20
3255.15
  0
MTEXT
  5
6A
330
17
100
AcDbEntity
  8
Texto Secao
100
AcDbMText
 10
1893.75
 20
3192.65
 30
0.0
 40
8.0
 71
1
  1
L9\Pe=12cm
  0
MTEXT
  5
6B
330
17
100
AcDbEntity
  8
AUX00
100
AcDbMText
 10
1846.25
 20
3192.65
 30
0.0
 40
6.0
 71
1
  1
L9\P100X125\Pc/rec.\Pe=12cm
  0
MTEXT
  5
6C
330
17
100
AcDbEntity
  8
AUX00
100
AcDbMText
 10
1943.75
 20
3192.65
 30
0.0
 40
6.0
 71
1
  1
L9\P95X125\Pc/rec.\Pe=12cm
  0
MTEXT
  5
6D
330
17
100
AcDbEntity
  8
NOMENCLATURA
100
AcDbMText
 10
1796.25
 20
3285.15
 30
0.0
 40
10.0
 71
1
  1
12 PAV - L9  195x125cm  e=12cm  paineis: 3x1
  0
LWPOLYLINE
  5
6E
330
17
100
AcDbEntity
  8
Contorno
100
AcDbPolyline
 90
5
 70
1
 10
2295.87
 20
3357.11
 10
2170.87
 20
3357.11
 10
2170.87
 20
3157.11
 10
2295.87
 20
3157.11
 10
2295.87
 20
3357.11
  0
LWPOLYLINE
  5
6F
330
17
100
AcDbEntity
  8
Paineis
100
AcDbPolyline
 90
4
 70
1
 10
2170.87
 20
3157.11
 10
2270.87
 20
3157.11
 10
2270.87
 20
3282.11
 10
2170.87
 20
3282.11
  0
LWPOLYLINE
  5
70
330
17
100
AcDbEntity
  8
Paineis
100
AcDbPolyline
 90
4
 70
1
 10
2270.87
 20
3157.11
 10
2370.87
 20
3157.11
 10
2370.87
 20
3282.11
 10
2270.87
 20
3282.11
  0
MTEXT
  5
71
330
17
100
AcDbEntity
  8
Texto Secao
100
AcDbMText
 10
2270.87
 20
3219.61
 30
0.0
 40
8.0
 71
1
  1
L10\Pe=12cm
  0
MTEXT
  5
72
330
17
100
AcDbEntity
  8
AUX00
100
AcDbMText
 10
2220.87
 20
3219.61
 30
0.0
 40
6.0
 71
1
  1
L10\P100X125\Pc/rec.\Pe=12cm
  0
MTEXT
  5
73
330
17
100
AcDbEntity
  8
AUX00
100
AcDbMText
 10
2320.87
 20
3219.61
 30
0.0
 40
6.0
 71
1
  1
L10\P100X125\Pc/rec.\Pe=12cm
  0
MTEXT
  5
74
330
17
100
AcDbEntity
  8
NOMENCLATURA
100
AcDbMText
 10
2170.87
 20
3312.11
 30
0.0
 40
10.0
 71
1
  1
12 PAV - L10  200x125cm  e=12cm  paineis: 3x1
  0
LWPOLYLINE
  5
75
330
17
100
AcDbEntity
  8
Contorno
100
AcDbPolyline
 90
5
 70
1
 10
2660.12
 20
3128.36
 10
2785.12
 20
3128.36
 10
2785.12
 20
3328.36
 10
2660.12
 20
3328.36
 10
2660.12
 20
3128.36
  0
LWPOLYLINE
  5
76
330
17
100
AcDbEntity
  8
Paineis
100
AcDbPolyline
 90
4
 70
1
 10
2660.12
 20
3128.36
 10
2760.12
 20
3128.36
 10
2760.12
 20
3253.36
 10
2660.12
 20
3253.36
  0
LWPOLYLINE
  5
77
330
17
100
AcDbEntity
  8
Paineis
100
AcDbPolyline
 90
4
 70
1
 10
2760.12
 20
3128.36
 10
2860.12
 20
3128.36
 10
2860.12
 20
3253.36
 10
2760.12
 20
3253.36
  0
MTEXT
  5
78
330
17
100
AcDbEntity
  8
Texto Secao
100
AcDbMText
 10
2760.12
 20
3190.86
 30
0.0
 40
8.0
 71
1
  1
L11\Pe=12cm
  0
MTEXT
  5
79
330
17
100
AcDbEntity
  8
AUX00
100
AcDbMText
 10
2710.12
 20
3190.86
 30
0.0
 40
6.0
 71
1
  1
L11\P100X125\Pc/rec.\Pe=12cm
  0
MTEXT
  5
7A
330
17
100
AcDbEntity
  8
AUX00
100
AcDbMText
 10
2810.12
 20
3190.86
 30
0.0
 40
6.0
 71
1
  1
L11\P100X125\Pc/rec.\Pe=12cm
  0
MTEXT
  5
7B
330
17
100
AcDbEntity
  8
NOMENCLATURA
100
AcDbMText
 10
2660.12
 20
3283.36
 30
0.0
 40
10.0
 71
1
  1
12 PAV - L11  200x125cm  e=12cm  paineis: 3x1
  0
LWPOLYLINE
  5
7C
330
17
100
AcDbEntity
  8
Contorno
100
AcDbPolyline
 90
5
 70
1
 10
3194.21
 20
3341.81
 10
3069.21
 20
3341.81
 10
3069.21
 20
3141.81
 10
3194.21
 20
3141.81
 10
3194.21
 20
3341.81
  0
LWPOLYLINE
  5
7D
330
17
100
AcDbEntity
  8
Paineis
100
AcDbPolyline
 90
4
 70
1
 10
3069.21
 20
3141.81
 10
3169.21
 20
3141.81
 10
3169.21
 20
3266.81
 10
3069.21
 20
3266.81
  0
LWPOLYLINE
  5
7E
330
17
100
AcDbEntity
  8
Paineis
100
AcDbPolyline
 90
4
 70
1
 10
3169.21
 20
3141.81
 10
3269.21
 20
3141.81
 10
3269.21
 20
3266.81
 10
3169.21
 20
3266.81
  0
MTEXT
  5
7F
330
17
100
AcDbEntity
  8
Texto Secao
100
AcDbMText
 10
3169.21
 20
3204.31
 30
0.0
 40
8.0
 71
1
  1
L12\Pe=12cm
  0
MTEXT
  5
80
330
17
100
AcDbEntity
  8
AUX00
100
AcDbMText
 10
3119.21
 20
3204.31
 30
0.0
 40
6.0
 71
1
  1
L12\P100X125\Pc/rec.\Pe=12cm
  0
MTEXT
  5
81
330
17
100
AcDbEntity
  8
AUX00
100
AcDbMText
 10
3219.21
 20
3204.31
 30
0.0
 40
6.0
 71
1
  1
L12\P100X125\Pc/rec.\Pe=12cm
  0
MTEXT
  5
82
330
17
100
AcDbEntity
  8
NOMENCLATURA
100
AcDbMText
 10
3069.21
 20
3296.81
 30
0.0
 40
10.0
 71
1
  1
12 PAV - L12  200x125cm  e=12cm  paineis: 3x1
  0
LWPOLYLINE
  5
83
330
17
100
AcDbEntity
  8
Contorno
100
AcDbPolyline
 90
5
 70
1
 10
3424.46
 20
3141.01
 10
3549.46
 20
3141.01
 10
3549.46
 20
3341.01
 10
3424.46
 20
3341.01
 10
3424.46
 20
3141.01
  0
LWPOLYLINE
  5
84
330
17
100
AcDbEntity
  8
Paineis
100
AcDbPolyline
 90
4
 70
1
 10
3424.46
 20
3141.01
 10
3524.46
 20
3141.01
 10
3524.46
 20
3266.01
 10
3424.46
 20
3266.01
  0
LWPOLYLINE
  5
85
330
17
100
AcDbEntity
  8
Paineis
100
AcDbPolyline
 90
4
 70
1
 10
3524.46
 20
3141.01
 10
3624.46
 20
3141.01
 10
3624.46
 20
3266.01
 10
3524.46
 20
3266.01
  0
MTEXT
  5
86
330
17
100
AcDbEntity
  8
Texto Secao
100
AcDbMText
 10
3524.46
 20
3203.51
 30
0.0
 40
8.0
 71
1
  1
L13\Pe=12cm
  0
MTEXT
  5
87
330
17
100
AcDbEntity
  8
AUX00
100
AcDbMText
 10
3474.46
 20
3203.51
 30
0.0
 40
6.0
 71
1
  1
L13\P100X125\Pc/rec.\Pe=12cm
  0
MTEXT
  5
88
330
17
100
AcDbEntity
  8
AUX00
100
AcDbMText
 10
3574.46
 20
3203.51
 30
0.0
 40
6.0
 71
1
  1
L13\P100X125\Pc/rec.\Pe=12cm
  0
MTEXT
  5
89
330
17
100
AcDbEntity
  8
NOMENCLATURA
100
AcDbMText
 10
3424.46
 20
3296.01
 30
0.0
 40
10.0
 71
1
  1
12 PAV - L13  200x125cm  e=12cm  paineis: 3x1
  0
LWPOLYLINE
  5
8A
330
17
100
AcDbEntity
  8
Contorno
100
AcDbPolyline
 90
5
 70
1
 10
3927.1
 20
3136.1
 10
4052.1
 20
3136.1
 10
4052.1
 20
3336.1
 10
3927.1
 20
3336.1
 10
3927.1
 20
3136.1
  0
LWPOLYLINE
  5
8B
330
17
100
AcDbEntity
  8
Paineis
100
AcDbPolyline
 90
4
 70
1
 10
3927.1
 20
3136.1
 10
4027.1
 20
3136.1
 10
4027.1
 20
3261.1
 10
3927.1
 20
3261.1
  0
LWPOLYLINE
  5
8C
330
17
100
AcDbEntity
  8
Paineis
100
AcDbPolyline
 90
4
 70
1
 10
4027.1
 20
3136.1
 10
4127.1
 20
3136.1
 10
4127.1
 20
3261.1
 10
4027.1
 20
3261.1
  0
MTEXT
  5
8D
330
17
100
AcDbEntity
  8
Texto Secao
100
AcDbMText
 10
4027.1
 20
3198.6
 30
0.0
 40
8.0
 71
1
  1
L14\Pe=12cm
  0
MTEXT
  5
8E
330
17
100
AcDbEntity
  8
AUX00
100
AcDbMText
 10
3977.1
 20
3198.6
 30
0.0
 40
6.0
 71
1
  1
L14\P100X125\Pc/rec.\Pe=12cm
  0
MTEXT
  5
8F
330
17
100
AcDbEntity
  8
AUX00
100
AcDbMText
 10
4077.1
 20
3198.6
 30
0.0
 40
6.0
 71
1
  1
L14\P100X125\Pc/rec.\Pe=12cm
  0
MTEXT
  5
90
330
17
100
AcDbEntity
  8
NOMENCLATURA
100
AcDbMText
 10
3927.1
 20
3291.1
 30
0.0
 40
10.0
 71
1
  1
12 PAV - L14  200x125cm  e=12cm  paineis: 3x1
  0
LWPOLYLINE
  5
91
330
17
100
AcDbEntity
  8
Contorno
100
AcDbPolyline
 90
5
 70
1
 10
4506.98
 20
3157.08
 10
4381.98
 20
3157.08
 10
4381.98
 20
3357.08
 10
4506.98
 20
3357.08
 10
4506.98
 20
3157.08
  0
LWPOLYLINE
  5
92
330
17
100
AcDbEntity
  8
Paineis
100
AcDbPolyline
 90
4
 70
1
 10
4381.98
 20
3157.08
 10
4481.98
 20
3157.08
 10
4481.98
 20
3282.08
 10
4381.98
 20
3282.08
  0
LWPOLYLINE
  5
93
330
17
100
AcDbEntity
  8
Paineis
100
AcDbPolyline
 90
4
 70
1
 10
4481.98
 20
3157.08
 10
4581.98
 20
3157.08
 10
4581.98
 20
3282.08
 10
4481.98
 20
3282.08
  0
MTEXT
  5
94
330
17
100
AcDbEntity
  8
Texto Secao
100
AcDbMText
 10
4481.98
 20
3219.58
 30
0.0
 40
8.0
 71
1
  1
L15\Pe=12cm
  0
MTEXT
  5
95
330
17
100
AcDbEntity
  8
AUX00
100
AcDbMText
 10
4431.98
 20
3219.58
 30
0.0
 40
6.0
 71
1
  1
L15\P100X125\Pc/rec.\Pe=12cm
  0
MTEXT
  5
96
330
17
100
AcDbEntity
  8
AUX00
100
AcDbMText
 10
4531.98
 20
3219.58
 30
0.0
 40
6.0
 71
1
  1
L15\P100X125\Pc/rec.\Pe=12cm
  0
MTEXT
  5
97
330
17
100
AcDbEntity
  8
NOMENCLATURA
100
AcDbMText
 10
4381.98
 20
3312.08
 30
0.0
 40
10.0
 71
1
  1
12 PAV - L15  200x125cm  e=12cm  paineis: 3x1
  0
LWPOLYLINE
  5
98
330
17
100
AcDbEntity
  8
Contorno
100
AcDbPolyline
 90
5
 70
1
 10
5091.21
 20
2978.32
 10
5216.21
 20
2978.32
 10
5216.21
 20
3173.32
 10
5091.21
 20
3173.32
 10
5091.21
 20
2978.32
  0
LWPOLYLINE
  5
99
330
17
100
AcDbEntity
  8
Paineis
100
AcDbPolyline
 90
4
 70
1
 10
5091.21
 20
2978.32
 10
5191.21
 20
2978.32
 10
5191.21
 20
3103.32
 10
5091.21
 20
3103.32
  0
LWPOLYLINE
  5
9A
330
17
100
AcDbEntity
  8
Paineis
100
AcDbPolyline
 90
4
 70
1
 10
5191.21
 20
2978.32
 10
5286.21
 20
2978.32
 10
5286.21
 20
3103.32
 10
5191.21
 20
3103.32
  0
MTEXT
  5
9B
330
17
100
AcDbEntity
  8
Texto Secao
100
AcDbMText
 10
5188.71
 20
3040.82
 30
0.0
 40
8.0
 71
1
  1
L16\Pe=12cm
  0
MTEXT
  5
9C
330
17
100
AcDbEntity
  8
AUX00
100
AcDbMText
 10
5141.21
 20
3040.82
 30
0.0
 40
6.0
 71
1
  1
L16\P100X125\Pc/rec.\Pe=12cm
  0
MTEXT
  5
9D
330
17
100
AcDbEntity
  8
AUX00
100
AcDbMText
 10
5238.71
 20
3040.82
 30
0.0
 40
6.0
 71
1
  1
L16\P95X125\Pc/rec.\Pe=12cm
  0
MTEXT
  5
9E
330
17
100
AcDbEntity
  8
NOMENCLATURA
100
AcDbMText
 10
5091.21
 20
3133.32
 30
0.0
 40
10.0
 71
1
  1
12 PAV - L16  195x125cm  e=12cm  paineis: 3x1
  0
LWPOLYLINE
  5
9F
330
17
100
AcDbEntity
  8
Contorno
100
AcDbPolyline
 90
5
 70
1
 10
3939.5
 20
2875.97
 10
4064.5
 20
2875.97
 10
4064.5
 20
2675.97
 10
3939.5
 20
2675.97
 10
3939.5
 20
2875.97
  0
LWPOLYLINE
  5
A0
330
17
100
AcDbEntity
  8
Paineis
100
AcDbPolyline
 90
4
 70
1
 10
3939.5
 20
2675.97
 10
4039.5
 20
2675.97
 10
4039.5
 20
2800.97
 10
3939.5
 20
2800.97
  0
LWPOLYLINE
  5
A1
330
17
100
AcDbEntity
  8
Paineis
100
AcDbPolyline
 90
4
 70
1
 10
4039.5
 20
2675.97
 10
4139.5
 20
2675.97
 10
4139.5
 20
2800.97
 10
4039.5
 20
2800.97
  0
MTEXT
  5
A2
330
17
100
AcDbEntity
  8
Texto Secao
100
AcDbMText
 10
4039.5
 20
2738.47
 30
0.0
 40
8.0
 71
1
  1
L17\Pe=12cm
  0
MTEXT
  5
A3
330
17
100
AcDbEntity
  8
AUX00
100
AcDbMText
 10
3989.5
 20
2738.47
 30
0.0
 40
6.0
 71
1
  1
L17\P100X125\Pc/rec.\Pe=12cm
  0
MTEXT
  5
A4
330
17
100
AcDbEntity
  8
AUX00
100
AcDbMText
 10
4089.5
 20
2738.47
 30
0.0
 40
6.0
 71
1
  1
L17\P100X125\Pc/rec.\Pe=12cm
  0
MTEXT
  5
A5
330
17
100
AcDbEntity
  8
NOMENCLATURA
100
AcDbMText
 10
3939.5
 20
2830.97
 30
0.0
 40
10.0
 71
1
  1
12 PAV - L17  200x125cm  e=12cm  paineis: 3x1
  0
LWPOLYLINE
  5
A6
330
17
100
AcDbEntity
  8
Contorno
100
AcDbPolyline
 90
5
 70
1
 10
1764.97
 20
2600.56
 10
1947.47
 20
2600.56
 10
1947.47
 20
2388.56
 10
1764.97
 20
2388.56
 10
1764.97
 20
2600.56
  0
LWPOLYLINE
  5
A7
330
17
100
AcDbEntity
  8
Paineis
100
AcDbPolyline
 90
4
 70
1
 10
1764.97
 20
2388.56
 10
1864.97
 20
2388.56
 10
1864.97
 20
2571.06
 10
1764.97
 20
2571.06
  0
LWPOLYLINE
  5
A8
330
17
100
AcDbEntity
  8
Paineis
100
AcDbPolyline
 90
4
 70
1
 10
1864.97
 20
2388.56
 10
1964.97
 20
2388.56
 10
1964.97
 20
2571.06
 10
1864.97
 20
2571.06
  0
LWPOLYLINE
  5
A9
330
17
100
AcDbEntity
  8
Paineis
100
AcDbPolyline
 90
4
 70
1
 10
1964.97
 20
2388.56
 10
1976.97
 20
2388.56
 10
1976.97
 20
2571.06
 10
1964.97
 20
2571.06
  0
MTEXT
  5
AA
330
17
100
AcDbEntity
  8
Texto Secao
100
AcDbMText
 10
1870.97
 20
2479.81
 30
0.0
 40
8.48
 71
1
  1
L18\Pe=12cm
  0
MTEXT
  5
AB
330
17
100
AcDbEntity
  8
AUX00
100
AcDbMText
 10
1814.97
 20
2479.81
 30
0.0
 40
6.0
 71
1
  1
L18\P100X182\Pc/rec.\Pe=12cm
  0
MTEXT
  5
AC
330
17
100
AcDbEntity
  8
AUX00
100
AcDbMText
 10
1914.97
 20
2479.81
 30
0.0
 40
6.0
 71
1
  1
L18\P100X182\Pc/rec.\Pe=12cm
  0
MTEXT
  5
AD
330
17
100
AcDbEntity
  8
AUX00
100
AcDbMText
 10
1970.97
 20
2479.81
 30
0.0
 40
6.0
 71
1
  1
L18\P12X182\Pc/rec.\Pe=12cm
  0
MTEXT
  5
AE
330
17
100
AcDbEntity
  8
NOMENCLATURA
100
AcDbMText
 10
1764.97
 20
2601.06
 30
0.0
 40
10.0
 71
1
  1
12 PAV - L18  212x182cm  e=12cm  paineis: 4x1
  0
LWPOLYLINE
  5
AF
330
17
100
AcDbEntity
  8
Contorno
100
AcDbPolyline
 90
5
 70
1
 10
2329.24
 20
2407.83
 10
2204.24
 20
2407.83
 10
2204.24
 20
2607.83
 10
2329.24
 20
2607.83
 10
2329.24
 20
2407.83
  0
LWPOLYLINE
  5
B0
330
17
100
AcDbEntity
  8
Paineis
100
AcDbPolyline
 90
4
 70
1
 10
2204.24
 20
2407.83
 10
2304.24
 20
2407.83
 10
2304.24
 20
2532.83
 10
2204.24
 20
2532.83
  0
LWPOLYLINE
  5
B1
330
17
100
AcDbEntity
  8
Paineis
100
AcDbPolyline
 90
4
 70
1
 10
2304.24
 20
2407.83
 10
2404.24
 20
2407.83
 10
2404.24
 20
2532.83
 10
2304.24
 20
2532.83
  0
MTEXT
  5
B2
330
17
100
AcDbEntity
  8
Texto Secao
100
AcDbMText
 10
2304.24
 20
2470.33
 30
0.0
 40
8.0
 71
1
  1
L19\Pe=12cm
  0
MTEXT
  5
B3
330
17
100
AcDbEntity
  8
AUX00
100
AcDbMText
 10
2254.24
 20
2470.33
 30
0.0
 40
6.0
 71
1
  1
L19\P100X125\Pc/rec.\Pe=12cm
  0
MTEXT
  5
B4
330
17
100
AcDbEntity
  8
AUX00
100
AcDbMText
 10
2354.24
 20
2470.33
 30
0.0
 40
6.0
 71
1
  1
L19\P100X125\Pc/rec.\Pe=12cm
  0
MTEXT
  5
B5
330
17
100
AcDbEntity
  8
NOMENCLATURA
100
AcDbMText
 10
2204.24
 20
2562.83
 30
0.0
 40
10.0
 71
1
  1
12 PAV - L19  200x125cm  e=12cm  paineis: 3x1
  0
LWPOLYLINE
  5
B6
330
17
100
AcDbEntity
  8
Contorno
100
AcDbPolyline
 90
5
 70
1
 10
2647.14
 20
2609.29
 10
2772.14
 20
2609.29
 10
2772.14
 20
2409.29
 10
2647.14
 20
2409.29
 10
2647.14
 20
2609.29
  0
LWPOLYLINE
  5
B7
330
17
100
AcDbEntity
  8
Paineis
100
AcDbPolyline
 90
4
 70
1
 10
2647.14
 20
2409.29
 10
2747.14
 20
2409.29
 10
2747.14
 20
2534.29
 10
2647.14
 20
2534.29
  0
LWPOLYLINE
  5
B8
330
17
100
AcDbEntity
  8
Paineis
100
AcDbPolyline
 90
4
 70
1
 10
2747.14
 20
2409.29
 10
2847.14
 20
2409.29
 10
2847.14
 20
2534.29
 10
2747.14
 20
2534.29
  0
MTEXT
  5
B9
330
17
100
AcDbEntity
  8
Texto Secao
100
AcDbMText
 10
2747.14
 20
2471.79
 30
0.0
 40
8.0
 71
1
  1
L20\Pe=12cm
  0
MTEXT
  5
BA
330
17
100
AcDbEntity
  8
AUX00
100
AcDbMText
 10
2697.14
 20
2471.79
 30
0.0
 40
6.0
 71
1
  1
L20\P100X125\Pc/rec.\Pe=12cm
  0
MTEXT
  5
BB
330
17
100
AcDbEntity
  8
AUX00
100
AcDbMText
 10
2797.14
 20
2471.79
 30
0.0
 40
6.0
 71
1
  1
L20\P100X125\Pc/rec.\Pe=12cm
  0
MTEXT
  5
BC
330
17
100
AcDbEntity
  8
NOMENCLATURA
100
AcDbMText
 10
2647.14
 20
2564.29
 30
0.0
 40
10.0
 71
1
  1
12 PAV - L20  200x125cm  e=12cm  paineis: 3x1
  0
LWPOLYLINE
  5
BD
330
17
100
AcDbEntity
  8
Contorno
100
AcDbPolyline
 90
5
 70
1
 10
3069.09
 20
2409.29
 10
3194.09
 20
2409.29
 10
3194.09
 20
2609.29
 10
3069.09
 20
2609.29
 10
3069.09
 20
2409.29
  0
LWPOLYLINE
  5
BE
330
17
100
AcDbEntity
  8
Paineis
100
AcDbPolyline
 90
4
 70
1
 10
3069.09
 20
2409.29
 10
3169.09
 20
2409.29
 10
3169.09
 20
2534.29
 10
3069.09
 20
2534.29
  0
LWPOLYLINE
  5
BF
330
17
100
AcDbEntity
  8
Paineis
100
AcDbPolyline
 90
4
 70
1
 10
3169.09
 20
2409.29
 10
3269.09
 20
2409.29
 10
3269.09
 20
2534.29
 10
3169.09
 20
2534.29
  0
MTEXT
  5
C0
330
17
100
AcDbEntity
  8
Texto Secao
100
AcDbMText
 10
3169.09
 20
2471.79
 30
0.0
 40
8.0
 71
1
  1
L21\Pe=12cm
  0
MTEXT
  5
C1
330
17
100
AcDbEntity
  8
AUX00
100
AcDbMText
 10
3119.09
 20
2471.79
 30
0.0
 40
6.0
 71
1
  1
L21\P100X125\Pc/rec.\Pe=12cm
  0
MTEXT
  5
C2
330
17
100
AcDbEntity
  8
AUX00
100
AcDbMText
 10
3219.09
 20
2471.79
 30
0.0
 40
6.0
 71
1
  1
L21\P100X125\Pc/rec.\Pe=12cm
  0
MTEXT
  5
C3
330
17
100
AcDbEntity
  8
NOMENCLATURA
100
AcDbMText
 10
3069.09
 20
2564.29
 30
0.0
 40
10.0
 71
1
  1
12 PAV - L21  200x125cm  e=12cm  paineis: 3x1
  0
LWPOLYLINE
  5
C4
330
17
100
AcDbEntity
  8
Contorno
100
AcDbPolyline
 90
5
 70
1
 10
3471.68
 20
2408.76
 10
3596.68
 20
2408.76
 10
3596.68
 20
2608.76
 10
3471.68
 20
2608.76
 10
3471.68
 20
2408.76
  0
LWPOLYLINE
  5
C5
330
17
100
AcDbEntity
  8
Paineis
100
AcDbPolyline
 90
4
 70
1
 10
3471.68
 20
2408.76
 10
3571.68
 20
2408.76
 10
3571.68
 20
2533.76
 10
3471.68
 20
2533.76
  0
LWPOLYLINE
  5
C6
330
17
100
AcDbEntity
  8
Paineis
100
AcDbPolyline
 90
4
 70
1
 10
3571.68
 20
2408.76
 10
3671.68
 20
2408.76
 10
3671.68
 20
2533.76
 10
3571.68
 20
2533.76
  0
MTEXT
  5
C7
330
17
100
AcDbEntity
  8
Texto Secao
100
AcDbMText
 10
3571.68
 20
2471.26
 30
0.0
 40
8.0
 71
1
  1
L22\Pe=12cm
  0
MTEXT
  5
C8
330
17
100
AcDbEntity
  8
AUX00
100
AcDbMText
 10
3521.68
 20
2471.26
 30
0.0
 40
6.0
 71
1
  1
L22\P100X125\Pc/rec.\Pe=12cm
  0
MTEXT
  5
C9
330
17
100
AcDbEntity
  8
AUX00
100
AcDbMText
 10
3621.68
 20
2471.26
 30
0.0
 40
6.0
 71
1
  1
L22\P100X125\Pc/rec.\Pe=12cm
  0
MTEXT
  5
CA
330
17
100
AcDbEntity
  8
NOMENCLATURA
100
AcDbMText
 10
3471.68
 20
2563.76
 30
0.0
 40
10.0
 71
1
  1
12 PAV - L22  200x125cm  e=12cm  paineis: 3x1
  0
LWPOLYLINE
  5
CB
330
17
100
AcDbEntity
  8
Contorno
100
AcDbPolyline
 90
7
 70
1
 10
3924.14
 20
2395.55
 10
4089.14
 20
2395.55
 10
4089.14
 20
2414.55
 10
3943.14
 20
2414.55
 10
3943.14
 20
2613.55
 10
3924.14
 20
2613.55
 10
3924.14
 20
2395.55
  0
LWPOLYLINE
  5
CC
330
17
100
AcDbEntity
  8
Paineis
100
AcDbPolyline
 90
4
 70
1
 10
3924.14
 20
2395.55
 10
4024.14
 20
2395.55
 10
4024.14
 20
2560.55
 10
3924.14
 20
2560.55
  0
LWPOLYLINE
  5
CD
330
17
100
AcDbEntity
  8
Paineis
100
AcDbPolyline
 90
4
 70
1
 10
4024.14
 20
2395.55
 10
4124.139999999999
 20
2395.55
 10
4124.139999999999
 20
2560.55
 10
4024.14
 20
2560.55
  0
LWPOLYLINE
  5
CE
330
17
100
AcDbEntity
  8
Paineis
100
AcDbPolyline
 90
4
 70
1
 10
4124.139999999999
 20
2395.55
 10
4142.139999999999
 20
2395.55
 10
4142.139999999999
 20
2560.55
 10
4124.139999999999
 20
2560.55
  0
MTEXT
  5
CF
330
17
100
AcDbEntity
  8
Texto Secao
100
AcDbMText
 10
4033.14
 20
2478.05
 30
0.0
 40
8.72
 71
1
  1
L23\Pe=12cm
  0
MTEXT
  5
D0
330
17
100
AcDbEntity
  8
AUX00
100
AcDbMText
 10
3974.14
 20
2478.05
 30
0.0
 40
6.0
 71
1
  1
L23\P100X165\Pc/rec.\Pe=12cm
  0
MTEXT
  5
D1
330
17
100
AcDbEntity
  8
AUX00
100
AcDbMText
 10
4074.14
 20
2478.05
 30
0.0
 40
6.0
 71
1
  1
L23\P100X165\Pc/rec.\Pe=12cm
  0
MTEXT
  5
D2
330
17
100
AcDbEntity
  8
AUX00
100
AcDbMText
 10
4133.139999999999
 20
2478.05
 30
0.0
 40
6.0
 71
1
  1
L23\P18X165\Pc/rec.\Pe=12cm
  0
MTEXT
  5
D3
330
17
100
AcDbEntity
  8
NOMENCLATURA
100
AcDbMText
 10
3924.14
 20
2590.55
 30
0.0
 40
10.0
 71
1
  1
12 PAV - L23  218x165cm  e=12cm  paineis: 4x1
  0
LWPOLYLINE
  5
D4
330
17
100
AcDbEntity
  8
Contorno
100
AcDbPolyline
 90
7
 70
1
 10
4234.04
 20
2379.24
 10
4399.04
 20
2379.24
 10
4399.04
 20
2398.24
 10
4253.04
 20
2398.24
 10
4253.04
 20
2597.24
 10
4234.04
 20
2597.24
 10
4234.04
 20
2379.24
  0
LWPOLYLINE
  5
D5
330
17
100
AcDbEntity
  8
Paineis
100
AcDbPolyline
 90
4
 70
1
 10
4234.04
 20
2379.24
 10
4334.04
 20
2379.24
 10
4334.04
 20
2544.24
 10
4234.04
 20
2544.24
  0
LWPOLYLINE
  5
D6
330
17
100
AcDbEntity
  8
Paineis
100
AcDbPolyline
 90
4
 70
1
 10
4334.04
 20
2379.24
 10
4434.04
 20
2379.24
 10
4434.04
 20
2544.24
 10
4334.04
 20
2544.24
  0
LWPOLYLINE
  5
D7
330
17
100
AcDbEntity
  8
Paineis
100
AcDbPolyline
 90
4
 70
1
 10
4434.04
 20
2379.24
 10
4452.04
 20
2379.24
 10
4452.04
 20
2544.24
 10
4434.04
 20
2544.24
  0
MTEXT
  5
D8
330
17
100
AcDbEntity
  8
Texto Secao
100
AcDbMText
 10
4343.04
 20
2461.74
 30
0.0
 40
8.72
 71
1
  1
L24\Pe=12cm
  0
MTEXT
  5
D9
330
17
100
AcDbEntity
  8
AUX00
100
AcDbMText
 10
4284.04
 20
2461.74
 30
0.0
 40
6.0
 71
1
  1
L24\P100X165\Pc/rec.\Pe=12cm
  0
MTEXT
  5
DA
330
17
100
AcDbEntity
  8
AUX00
100
AcDbMText
 10
4384.04
 20
2461.74
 30
0.0
 40
6.0
 71
1
  1
L24\P100X165\Pc/rec.\Pe=12cm
  0
MTEXT
  5
DB
330
17
100
AcDbEntity
  8
AUX00
100
AcDbMText
 10
4443.04
 20
2461.74
 30
0.0
 40
6.0
 71
1
  1
L24\P18X165\Pc/rec.\Pe=12cm
  0
MTEXT
  5
DC
330
17
100
AcDbEntity
  8
NOMENCLATURA
100
AcDbMText
 10
4234.04
 20
2574.24
 30
0.0
 40
10.0
 71
1
  1
12 PAV - L24  218x165cm  e=12cm  paineis: 4x1
  0
LWPOLYLINE
  5
DD
330
17
100
AcDbEntity
  8
Contorno
100
AcDbPolyline
 90
5
 70
1
 10
1871.4
 20
2389.92
 10
2053.9
 20
2389.92
 10
2053.9
 20
2177.92
 10
1871.4
 20
2177.92
 10
1871.4
 20
2389.92
  0
LWPOLYLINE
  5
DE
330
17
100
AcDbEntity
  8
Paineis
100
AcDbPolyline
 90
4
 70
1
 10
1871.4
 20
2177.92
 10
1971.4
 20
2177.92
 10
1971.4
 20
2360.42
 10
1871.4
 20
2360.42
  0
LWPOLYLINE
  5
DF
330
17
100
AcDbEntity
  8
Paineis
100
AcDbPolyline
 90
4
 70
1
 10
1971.4
 20
2177.92
 10
2071.4
 20
2177.92
 10
2071.4
 20
2360.42
 10
1971.4
 20
2360.42
  0
LWPOLYLINE
  5
E0
330
17
100
AcDbEntity
  8
Paineis
100
AcDbPolyline
 90
4
 70
1
 10
2071.4
 20
2177.92
 10
2083.4
 20
2177.92
 10
2083.4
 20
2360.42
 10
2071.4
 20
2360.42
  0
MTEXT
  5
E1
330
17
100
AcDbEntity
  8
Texto Secao
100
AcDbMText
 10
1977.4
 20
2269.17
 30
0.0
 40
8.48
 71
1
  1
L25\Pe=12cm
  0
MTEXT
  5
E2
330
17
100
AcDbEntity
  8
AUX00
100
AcDbMText
 10
1921.4
 20
2269.17
 30
0.0
 40
6.0
 71
1
  1
L25\P100X182\Pc/rec.\Pe=12cm
  0
MTEXT
  5
E3
330
17
100
AcDbEntity
  8
AUX00
100
AcDbMText
 10
2021.4
 20
2269.17
 30
0.0
 40
6.0
 71
1
  1
L25\P100X182\Pc/rec.\Pe=12cm
  0
MTEXT
  5
E4
330
17
100
AcDbEntity
  8
AUX00
100
AcDbMText
 10
2077.4
 20
2269.17
 30
0.0
 40
6.0
 71
1
  1
L25\P12X182\Pc/rec.\Pe=12cm
  0
MTEXT
  5
E5
330
17
100
AcDbEntity
  8
NOMENCLATURA
100
AcDbMText
 10
1871.4
 20
2390.42
 30
0.0
 40
10.0
 71
1
  1
12 PAV - L25  212x182cm  e=12cm  paineis: 4x1
  0
LWPOLYLINE
  5
E6
330
17
100
AcDbEntity
  8
Contorno
100
AcDbPolyline
 90
5
 70
1
 10
2337.68
 20
2186.68
 10
2212.68
 20
2186.68
 10
2212.68
 20
2386.68
 10
2337.68
 20
2386.68
 10
2337.68
 20
2186.68
  0
LWPOLYLINE
  5
E7
330
17
100
AcDbEntity
  8
Paineis
100
AcDbPolyline
 90
4
 70
1
 10
2212.68
 20
2186.68
 10
2312.68
 20
2186.68
 10
2312.68
 20
2311.68
 10
2212.68
 20
2311.68
  0
LWPOLYLINE
  5
E8
330
17
100
AcDbEntity
  8
Paineis
100
AcDbPolyline
 90
4
 70
1
 10
2312.68
 20
2186.68
 10
2412.68
 20
2186.68
 10
2412.68
 20
2311.68
 10
2312.68
 20
2311.68
  0
MTEXT
  5
E9
330
17
100
AcDbEntity
  8
Texto Secao
100
AcDbMText
 10
2312.68
 20
2249.18
 30
0.0
 40
8.0
 71
1
  1
L26\Pe=12cm
  0
MTEXT
  5
EA
330
17
100
AcDbEntity
  8
AUX00
100
AcDbMText
 10
2262.68
 20
2249.18
 30
0.0
 40
6.0
 71
1
  1
L26\P100X125\Pc/rec.\Pe=12cm
  0
MTEXT
  5
EB
330
17
100
AcDbEntity
  8
AUX00
100
AcDbMText
 10
2362.68
 20
2249.18
 30
0.0
 40
6.0
 71
1
  1
L26\P100X125\Pc/rec.\Pe=12cm
  0
MTEXT
  5
EC
330
17
100
AcDbEntity
  8
NOMENCLATURA
100
AcDbMText
 10
2212.68
 20
2341.68
 30
0.0
 40
10.0
 71
1
  1
12 PAV - L26  200x125cm  e=12cm  paineis: 3x1
  0
LWPOLYLINE
  5
ED
330
17
100
AcDbEntity
  8
Contorno
100
AcDbPolyline
 90
5
 70
1
 10
2662.81
 20
2391.6
 10
2787.81
 20
2391.6
 10
2787.81
 20
2191.6
 10
2662.81
 20
2191.6
 10
2662.81
 20
2391.6
  0
LWPOLYLINE
  5
EE
330
17
100
AcDbEntity
  8
Paineis
100
AcDbPolyline
 90
4
 70
1
 10
2662.81
 20
2191.6
 10
2762.81
 20
2191.6
 10
2762.81
 20
2316.6
 10
2662.81
 20
2316.6
  0
LWPOLYLINE
  5
EF
330
17
100
AcDbEntity
  8
Paineis
100
AcDbPolyline
 90
4
 70
1
 10
2762.81
 20
2191.6
 10
2862.81
 20
2191.6
 10
2862.81
 20
2316.6
 10
2762.81
 20
2316.6
  0
MTEXT
  5
F0
330
17
100
AcDbEntity
  8
Texto Secao
100
AcDbMText
 10
2762.81
 20
2254.1
 30
0.0
 40
8.0
 71
1
  1
L27\Pe=12cm
  0
MTEXT
  5
F1
330
17
100
AcDbEntity
  8
AUX00
100
AcDbMText
 10
2712.81
 20
2254.1
 30
0.0
 40
6.0
 71
1
  1
L27\P100X125\Pc/rec.\Pe=12cm
  0
MTEXT
  5
F2
330
17
100
AcDbEntity
  8
AUX00
100
AcDbMText
 10
2812.81
 20
2254.1
 30
0.0
 40
6.0
 71
1
  1
L27\P100X125\Pc/rec.\Pe=12cm
  0
MTEXT
  5
F3
330
17
100
AcDbEntity
  8
NOMENCLATURA
100
AcDbMText
 10
2662.81
 20
2346.6
 30
0.0
 40
10.0
 71
1
  1
12 PAV - L27  200x125cm  e=12cm  paineis: 3x1
  0
LWPOLYLINE
  5
F4
330
17
100
AcDbEntity
  8
Contorno
100
AcDbPolyline
 90
5
 70
1
 10
3209.21
 20
2184.61
 10
3084.21
 20
2184.61
 10
3084.21
 20
2384.61
 10
3209.21
 20
2384.61
 10
3209.21
 20
2184.61
  0
LWPOLYLINE
  5
F5
330
17
100
AcDbEntity
  8
Paineis
100
AcDbPolyline
 90
4
 70
1
 10
3084.21
 20
2184.61
 10
3184.21
 20
2184.61
 10
3184.21
 20
2309.61
 10
3084.21
 20
2309.61
  0
LWPOLYLINE
  5
F6
330
17
100
AcDbEntity
  8
Paineis
100
AcDbPolyline
 90
4
 70
1
 10
3184.21
 20
2184.61
 10
3284.21
 20
2184.61
 10
3284.21
 20
2309.61
 10
3184.21
 20
2309.61
  0
MTEXT
  5
F7
330
17
100
AcDbEntity
  8
Texto Secao
100
AcDbMText
 10
3184.21
 20
2247.11
 30
0.0
 40
8.0
 71
1
  1
L28\Pe=12cm
  0
MTEXT
  5
F8
330
17
100
AcDbEntity
  8
AUX00
100
AcDbMText
 10
3134.21
 20
2247.11
 30
0.0
 40
6.0
 71
1
  1
L28\P100X125\Pc/rec.\Pe=12cm
  0
MTEXT
  5
F9
330
17
100
AcDbEntity
  8
AUX00
100
AcDbMText
 10
3234.21
 20
2247.11
 30
0.0
 40
6.0
 71
1
  1
L28\P100X125\Pc/rec.\Pe=12cm
  0
MTEXT
  5
FA
330
17
100
AcDbEntity
  8
NOMENCLATURA
100
AcDbMText
 10
3084.21
 20
2339.61
 30
0.0
 40
10.0
 71
1
  1
12 PAV - L28  200x125cm  e=12cm  paineis: 3x1
  0
LWPOLYLINE
  5
FB
330
17
100
AcDbEntity
  8
Contorno
100
AcDbPolyline
 90
5
 70
1
 10
3461.15
 20
2190.29
 10
3586.15
 20
2190.29
 10
3586.15
 20
2390.29
 10
3461.15
 20
2390.29
 10
3461.15
 20
2190.29
  0
LWPOLYLINE
  5
FC
330
17
100
AcDbEntity
  8
Paineis
100
AcDbPolyline
 90
4
 70
1
 10
3461.15
 20
2190.29
 10
3561.15
 20
2190.29
 10
3561.15
 20
2315.29
 10
3461.15
 20
2315.29
  0
LWPOLYLINE
  5
FD
330
17
100
AcDbEntity
  8
Paineis
100
AcDbPolyline
 90
4
 70
1
 10
3561.15
 20
2190.29
 10
3661.15
 20
2190.29
 10
3661.15
 20
2315.29
 10
3561.15
 20
2315.29
  0
MTEXT
  5
FE
330
17
100
AcDbEntity
  8
Texto Secao
100
AcDbMText
 10
3561.15
 20
2252.79
 30
0.0
 40
8.0
 71
1
  1
L29\Pe=12cm
  0
MTEXT
  5
FF
330
17
100
AcDbEntity
  8
AUX00
100
AcDbMText
 10
3511.15
 20
2252.79
 30
0.0
 40
6.0
 71
1
  1
L29\P100X125\Pc/rec.\Pe=12cm
  0
MTEXT
  5
100
330
17
100
AcDbEntity
  8
AUX00
100
AcDbMText
 10
3611.15
 20
2252.79
 30
0.0
 40
6.0
 71
1
  1
L29\P100X125\Pc/rec.\Pe=12cm
  0
MTEXT
  5
101
330
17
100
AcDbEntity
  8
NOMENCLATURA
100
AcDbMText
 10
3461.15
 20
2345.29
 30
0.0
 40
10.0
 71
1
  1
12 PAV - L29  200x125cm  e=12cm  paineis: 3x1
  0
LWPOLYLINE
  5
102
330
17
100
AcDbEntity
  8
Contorno
100
AcDbPolyline
 90
5
 70
1
 10
4065.7
 20
2387.82
 10
3940.7
 20
2387.82
 10
3940.7
 20
2187.82
 10
4065.7
 20
2187.82
 10
4065.7
 20
2387.82
  0
LWPOLYLINE
  5
103
330
17
100
AcDbEntity
  8
Paineis
100
AcDbPolyline
 90
4
 70
1
 10
3940.7
 20
2187.82
 10
4040.7
 20
2187.82
 10
4040.7
 20
2312.82
 10
3940.7
 20
2312.82
  0
LWPOLYLINE
  5
104
330
17
100
AcDbEntity
  8
Paineis
100
AcDbPolyline
 90
4
 70
1
 10
4040.7
 20
2187.82
 10
4140.7
 20
2187.82
 10
4140.7
 20
2312.82
 10
4040.7
 20
2312.82
  0
MTEXT
  5
105
330
17
100
AcDbEntity
  8
Texto Secao
100
AcDbMText
 10
4040.7
 20
2250.32
 30
0.0
 40
8.0
 71
1
  1
L30\Pe=12cm
  0
MTEXT
  5
106
330
17
100
AcDbEntity
  8
AUX00
100
AcDbMText
 10
3990.7
 20
2250.32
 30
0.0
 40
6.0
 71
1
  1
L30\P100X125\Pc/rec.\Pe=12cm
  0
MTEXT
  5
107
330
17
100
AcDbEntity
  8
AUX00
100
AcDbMText
 10
4090.7
 20
2250.32
 30
0.0
 40
6.0
 71
1
  1
L30\P100X125\Pc/rec.\Pe=12cm
  0
MTEXT
  5
108
330
17
100
AcDbEntity
  8
NOMENCLATURA
100
AcDbMText
 10
3940.7
 20
2342.82
 30
0.0
 40
10.0
 71
1
  1
12 PAV - L30  200x125cm  e=12cm  paineis: 3x1
  0
LWPOLYLINE
  5
109
330
17
100
AcDbEntity
  8
Contorno
100
AcDbPolyline
 90
5
 70
1
 10
2876.53
 20
3392.28
 10
3001.53
 20
3392.28
 10
3001.53
 20
3197.28
 10
2876.53
 20
3197.28
 10
2876.53
 20
3392.28
  0
LWPOLYLINE
  5
10A
330
17
100
AcDbEntity
  8
Paineis
100
AcDbPolyline
 90
4
 70
1
 10
2876.53
 20
3197.28
 10
2976.53
 20
3197.28
 10
2976.53
 20
3322.28
 10
2876.53
 20
3322.28
  0
LWPOLYLINE
  5
10B
330
17
100
AcDbEntity
  8
Paineis
100
AcDbPolyline
 90
4
 70
1
 10
2976.53
 20
3197.28
 10
3071.53
 20
3197.28
 10
3071.53
 20
3322.28
 10
2976.53
 20
3322.28
  0
MTEXT
  5
10C
330
17
100
AcDbEntity
  8
Texto Secao
100
AcDbMText
 10
2974.03
 20
3259.78
 30
0.0
 40
8.0
 71
1
  1
L51\Pe=12cm
  0
MTEXT
  5
10D
330
17
100
AcDbEntity
  8
AUX00
100
AcDbMText
 10
2926.53
 20
3259.78
 30
0.0
 40
6.0
 71
1
  1
L51\P100X125\Pc/rec.\Pe=12cm
  0
MTEXT
  5
10E
330
17
100
AcDbEntity
  8
AUX00
100
AcDbMText
 10
3024.03
 20
3259.78
 30
0.0
 40
6.0
 71
1
  1
L51\P95X125\Pc/rec.\Pe=12cm
  0
MTEXT
  5
10F
330
17
100
AcDbEntity
  8
NOMENCLATURA
100
AcDbMText
 10
2876.53
 20
3352.28
 30
0.0
 40
10.0
 71
1
  1
12 PAV - L51  195x125cm  e=12cm  paineis: 3x1
  0
LWPOLYLINE
  5
110
330
17
100
AcDbEntity
  8
Contorno
100
AcDbPolyline
 90
5
 70
1
 10
3437.72
 20
3392.06
 10
3312.72
 20
3392.06
 10
3312.72
 20
3192.06
 10
3437.72
 20
3192.06
 10
3437.72
 20
3392.06
  0
LWPOLYLINE
  5
111
330
17
100
AcDbEntity
  8
Paineis
100
AcDbPolyline
 90
4
 70
1
 10
3312.72
 20
3192.06
 10
3412.72
 20
3192.06
 10
3412.72
 20
3317.06
 10
3312.72
 20
3317.06
  0
LWPOLYLINE
  5
112
330
17
100
AcDbEntity
  8
Paineis
100
AcDbPolyline
 90
4
 70
1
 10
3412.72
 20
3192.06
 10
3512.72
 20
3192.06
 10
3512.72
 20
3317.06
 10
3412.72
 20
3317.06
  0
MTEXT
  5
113
330
17
100
AcDbEntity
  8
Texto Secao
100
AcDbMText
 10
3412.72
 20
3254.56
 30
0.0
 40
8.0
 71
1
  1
L52\Pe=12cm
  0
MTEXT
  5
114
330
17
100
AcDbEntity
  8
AUX00
100
AcDbMText
 10
3362.72
 20
3254.56
 30
0.0
 40
6.0
 71
1
  1
L52\P100X125\Pc/rec.\Pe=12cm
  0
MTEXT
  5
115
330
17
100
AcDbEntity
  8
AUX00
100
AcDbMText
 10
3462.72
 20
3254.56
 30
0.0
 40
6.0
 71
1
  1
L52\P100X125\Pc/rec.\Pe=12cm
  0
MTEXT
  5
116
330
17
100
AcDbEntity
  8
NOMENCLATURA
100
AcDbMText
 10
3312.72
 20
3347.06
 30
0.0
 40
10.0
 71
1
  1
12 PAV - L52  200x125cm  e=12cm  paineis: 3x1
  0
LWPOLYLINE
  5
117
330
17
100
AcDbEntity
  8
Contorno
100
AcDbPolyline
 90
5
 70
1
 10
3749.96
 20
3388.91
 10
3874.96
 20
3388.91
 10
3874.96
 20
3188.91
 10
3749.96
 20
3188.91
 10
3749.96
 20
3388.91
  0
LWPOLYLINE
  5
118
330
17
100
AcDbEntity
  8
Paineis
100
AcDbPolyline
 90
4
 70
1
 10
3749.96
 20
3188.91
 10
3849.96
 20
3188.91
 10
3849.96
 20
3313.91
 10
3749.96
 20
3313.91
  0
LWPOLYLINE
  5
119
330
17
100
AcDbEntity
  8
Paineis
100
AcDbPolyline
 90
4
 70
1
 10
3849.96
 20
3188.91
 10
3949.96
 20
3188.91
 10
3949.96
 20
3313.91
 10
3849.96
 20
3313.91
  0
MTEXT
  5
11A
330
17
100
AcDbEntity
  8
Texto Secao
100
AcDbMText
 10
3849.96
 20
3251.41
 30
0.0
 40
8.0
 71
1
  1
L53\Pe=12cm
  0
MTEXT
  5
11B
330
17
100
AcDbEntity
  8
AUX00
100
AcDbMText
 10
3799.96
 20
3251.41
 30
0.0
 40
6.0
 71
1
  1
L53\P100X125\Pc/rec.\Pe=12cm
  0
MTEXT
  5
11C
330
17
100
AcDbEntity
  8
AUX00
100
AcDbMText
 10
3899.96
 20
3251.41
 30
0.0
 40
6.0
 71
1
  1
L53\P100X125\Pc/rec.\Pe=12cm
  0
MTEXT
  5
11D
330
17
100
AcDbEntity
  8
NOMENCLATURA
100
AcDbMText
 10
3749.96
 20
3343.91
 30
0.0
 40
10.0
 71
1
  1
12 PAV - L53  200x125cm  e=12cm  paineis: 3x1
  0
LWPOLYLINE
  5
11E
330
17
100
AcDbEntity
  8
Contorno
100
AcDbPolyline
 90
5
 70
1
 10
4310.84
 20
3391.99
 10
4185.84
 20
3391.99
 10
4185.84
 20
3191.99
 10
4310.84
 20
3191.99
 10
4310.84
 20
3391.99
  0
LWPOLYLINE
  5
11F
330
17
100
AcDbEntity
  8
Paineis
100
AcDbPolyline
 90
4
 70
1
 10
4185.84
 20
3191.99
 10
4285.84
 20
3191.99
 10
4285.84
 20
3316.99
 10
4185.84
 20
3316.99
  0
LWPOLYLINE
  5
120
330
17
100
AcDbEntity
  8
Paineis
100
AcDbPolyline
 90
4
 70
1
 10
4285.84
 20
3191.99
 10
4385.84
 20
3191.99
 10
4385.84
 20
3316.99
 10
4285.84
 20
3316.99
  0
MTEXT
  5
121
330
17
100
AcDbEntity
  8
Texto Secao
100
AcDbMText
 10
4285.84
 20
3254.49
 30
0.0
 40
8.0
 71
1
  1
L54\Pe=12cm
  0
MTEXT
  5
122
330
17
100
AcDbEntity
  8
AUX00
100
AcDbMText
 10
4235.84
 20
3254.49
 30
0.0
 40
6.0
 71
1
  1
L54\P100X125\Pc/rec.\Pe=12cm
  0
MTEXT
  5
123
330
17
100
AcDbEntity
  8
AUX00
100
AcDbMText
 10
4335.84
 20
3254.49
 30
0.0
 40
6.0
 71
1
  1
L54\P100X125\Pc/rec.\Pe=12cm
  0
MTEXT
  5
124
330
17
100
AcDbEntity
  8
NOMENCLATURA
100
AcDbMText
 10
4185.84
 20
3346.99
 30
0.0
 40
10.0
 71
1
  1
12 PAV - L54  200x125cm  e=12cm  paineis: 3x1
  0
LWPOLYLINE
  5
125
330
17
100
AcDbEntity
  8
Contorno
100
AcDbPolyline
 90
5
 70
1
 10
4607.72
 20
3390.32
 10
4732.72
 20
3390.32
 10
4732.72
 20
3190.32
 10
4607.72
 20
3190.32
 10
4607.72
 20
3390.32
  0
LWPOLYLINE
  5
126
330
17
100
AcDbEntity
  8
Paineis
100
AcDbPolyline
 90
4
 70
1
 10
4607.72
 20
3190.32
 10
4707.72
 20
3190.32
 10
4707.72
 20
3315.32
 10
4607.72
 20
3315.32
  0
LWPOLYLINE
  5
127
330
17
100
AcDbEntity
  8
Paineis
100
AcDbPolyline
 90
4
 70
1
 10
4707.72
 20
3190.32
 10
4807.72
 20
3190.32
 10
4807.72
 20
3315.32
 10
4707.72
 20
3315.32
  0
MTEXT
  5
128
330
17
100
AcDbEntity
  8
Texto Secao
100
AcDbMText
 10
4707.72
 20
3252.82
 30
0.0
 40
8.0
 71
1
  1
L55\Pe=12cm
  0
MTEXT
  5
129
330
17
100
AcDbEntity
  8
AUX00
100
AcDbMText
 10
4657.72
 20
3252.82
 30
0.0
 40
6.0
 71
1
  1
L55\P100X125\Pc/rec.\Pe=12cm
  0
MTEXT
  5
12A
330
17
100
AcDbEntity
  8
AUX00
100
AcDbMText
 10
4757.72
 20
3252.82
 30
0.0
 40
6.0
 71
1
  1
L55\P100X125\Pc/rec.\Pe=12cm
  0
MTEXT
  5
12B
330
17
100
AcDbEntity
  8
NOMENCLATURA
100
AcDbMText
 10
4607.72
 20
3345.32
 30
0.0
 40
10.0
 71
1
  1
12 PAV - L55  200x125cm  e=12cm  paineis: 3x1
  0
LWPOLYLINE
  5
12C
330
17
100
AcDbEntity
  8
Contorno
100
AcDbPolyline
 90
5
 70
1
 10
5053.32
 20
3190.99
 10
5178.32
 20
3190.99
 10
5178.32
 20
3390.99
 10
5053.32
 20
3390.99
 10
5053.32
 20
3190.99
  0
LWPOLYLINE
  5
12D
330
17
100
AcDbEntity
  8
Paineis
100
AcDbPolyline
 90
4
 70
1
 10
5053.32
 20
3190.99
 10
5153.32
 20
3190.99
 10
5153.32
 20
3315.99
 10
5053.32
 20
3315.99
  0
LWPOLYLINE
  5
12E
330
17
100
AcDbEntity
  8
Paineis
100
AcDbPolyline
 90
4
 70
1
 10
5153.32
 20
3190.99
 10
5253.32
 20
3190.99
 10
5253.32
 20
3315.99
 10
5153.32
 20
3315.99
  0
MTEXT
  5
12F
330
17
100
AcDbEntity
  8
Texto Secao
100
AcDbMText
 10
5153.32
 20
3253.49
 30
0.0
 40
8.0
 71
1
  1
L56\Pe=12cm
  0
MTEXT
  5
130
330
17
100
AcDbEntity
  8
AUX00
100
AcDbMText
 10
5103.32
 20
3253.49
 30
0.0
 40
6.0
 71
1
  1
L56\P100X125\Pc/rec.\Pe=12cm
  0
MTEXT
  5
131
330
17
100
AcDbEntity
  8
AUX00
100
AcDbMText
 10
5203.32
 20
3253.49
 30
0.0
 40
6.0
 71
1
  1
L56\P100X125\Pc/rec.\Pe=12cm
  0
MTEXT
  5
132
330
17
100
AcDbEntity
  8
NOMENCLATURA
100
AcDbMText
 10
5053.32
 20
3345.99
 30
0.0
 40
10.0
 71
1
  1
12 PAV - L56  200x125cm  e=12cm  paineis: 3x1
  0
LWPOLYLINE
  5
133
330
17
100
AcDbEntity
  8
Contorno
100
AcDbPolyline
 90
5
 70
1
 10
5487.65
 20
3390.99
 10
5612.65
 20
3390.99
 10
5612.65
 20
3190.99
 10
5487.65
 20
3190.99
 10
5487.65
 20
3390.99
  0
LWPOLYLINE
  5
134
330
17
100
AcDbEntity
  8
Paineis
100
AcDbPolyline
 90
4
 70
1
 10
5487.65
 20
3190.99
 10
5587.65
 20
3190.99
 10
5587.65
 20
3315.99
 10
5487.65
 20
3315.99
  0
LWPOLYLINE
  5
135
330
17
100
AcDbEntity
  8
Paineis
100
AcDbPolyline
 90
4
 70
1
 10
5587.65
 20
3190.99
 10
5687.65
 20
3190.99
 10
5687.65
 20
3315.99
 10
5587.65
 20
3315.99
  0
MTEXT
  5
136
330
17
100
AcDbEntity
  8
Texto Secao
100
AcDbMText
 10
5587.65
 20
3253.49
 30
0.0
 40
8.0
 71
1
  1
L57\Pe=12cm
  0
MTEXT
  5
137
330
17
100
AcDbEntity
  8
AUX00
100
AcDbMText
 10
5537.65
 20
3253.49
 30
0.0
 40
6.0
 71
1
  1
L57\P100X125\Pc/rec.\Pe=12cm
  0
MTEXT
  5
138
330
17
100
AcDbEntity
  8
AUX00
100
AcDbMText
 10
5637.65
 20
3253.49
 30
0.0
 40
6.0
 71
1
  1
L57\P100X125\Pc/rec.\Pe=12cm
  0
MTEXT
  5
139
330
17
100
AcDbEntity
  8
NOMENCLATURA
100
AcDbMText
 10
5487.65
 20
3345.99
 30
0.0
 40
10.0
 71
1
  1
12 PAV - L57  200x125cm  e=12cm  paineis: 3x1
  0
LWPOLYLINE
  5
13A
330
17
100
AcDbEntity
  8
Contorno
100
AcDbPolyline
 90
5
 70
1
 10
5917.41
 20
3388.12
 10
6042.41
 20
3388.12
 10
6042.41
 20
3193.12
 10
5917.41
 20
3193.12
 10
5917.41
 20
3388.12
  0
LWPOLYLINE
  5
13B
330
17
100
AcDbEntity
  8
Paineis
100
AcDbPolyline
 90
4
 70
1
 10
5917.41
 20
3193.12
 10
6017.41
 20
3193.12
 10
6017.41
 20
3318.12
 10
5917.41
 20
3318.12
  0
LWPOLYLINE
  5
13C
330
17
100
AcDbEntity
  8
Paineis
100
AcDbPolyline
 90
4
 70
1
 10
6017.41
 20
3193.12
 10
6112.41
 20
3193.12
 10
6112.41
 20
3318.12
 10
6017.41
 20
3318.12
  0
MTEXT
  5
13D
330
17
100
AcDbEntity
  8
Texto Secao
100
AcDbMText
 10
6014.91
 20
3255.62
 30
0.0
 40
8.0
 71
1
  1
L58\Pe=12cm
  0
MTEXT
  5
13E
330
17
100
AcDbEntity
  8
AUX00
100
AcDbMText
 10
5967.41
 20
3255.62
 30
0.0
 40
6.0
 71
1
  1
L58\P100X125\Pc/rec.\Pe=12cm
  0
MTEXT
  5
13F
330
17
100
AcDbEntity
  8
AUX00
100
AcDbMText
 10
6064.91
 20
3255.62
 30
0.0
 40
6.0
 71
1
  1
L58\P95X125\Pc/rec.\Pe=12cm
  0
MTEXT
  5
140
330
17
100
AcDbEntity
  8
NOMENCLATURA
100
AcDbMText
 10
5917.41
 20
3348.12
 30
0.0
 40
10.0
 71
1
  1
12 PAV - L58  195x125cm  e=12cm  paineis: 3x1
  0
LWPOLYLINE
  5
141
330
17
100
AcDbEntity
  8
Contorno
100
AcDbPolyline
 90
5
 70
1
 10
2836.72
 20
3175.63
 10
2961.72
 20
3175.63
 10
2961.72
 20
2980.63
 10
2836.72
 20
2980.63
 10
2836.72
 20
3175.63
  0
LWPOLYLINE
  5
142
330
17
100
AcDbEntity
  8
Paineis
100
AcDbPolyline
 90
4
 70
1
 10
2836.72
 20
2980.63
 10
2936.72
 20
2980.63
 10
2936.72
 20
3105.63
 10
2836.72
 20
3105.63
  0
LWPOLYLINE
  5
143
330
17
100
AcDbEntity
  8
Paineis
100
AcDbPolyline
 90
4
 70
1
 10
2936.72
 20
2980.63
 10
3031.72
 20
2980.63
 10
3031.72
 20
3105.63
 10
2936.72
 20
3105.63
  0
MTEXT
  5
144
330
17
100
AcDbEntity
  8
Texto Secao
100
AcDbMText
 10
2934.22
 20
3043.13
 30
0.0
 40
8.0
 71
1
  1
L59\Pe=12cm
  0
MTEXT
  5
145
330
17
100
AcDbEntity
  8
AUX00
100
AcDbMText
 10
2886.72
 20
3043.13
 30
0.0
 40
6.0
 71
1
  1
L59\P100X125\Pc/rec.\Pe=12cm
  0
MTEXT
  5
146
330
17
100
AcDbEntity
  8
AUX00
100
AcDbMText
 10
2984.22
 20
3043.13
 30
0.0
 40
6.0
 71
1
  1
L59\P95X125\Pc/rec.\Pe=12cm
  0
MTEXT
  5
147
330
17
100
AcDbEntity
  8
NOMENCLATURA
100
AcDbMText
 10
2836.72
 20
3135.63
 30
0.0
 40
10.0
 71
1
  1
12 PAV - L59  195x125cm  e=12cm  paineis: 3x1
  0
LWPOLYLINE
  5
148
330
17
100
AcDbEntity
  8
Contorno
100
AcDbPolyline
 90
5
 70
1
 10
3417.54
 20
2955.7
 10
3292.54
 20
2955.7
 10
3292.54
 20
3155.7
 10
3417.54
 20
3155.7
 10
3417.54
 20
2955.7
  0
LWPOLYLINE
  5
149
330
17
100
AcDbEntity
  8
Paineis
100
AcDbPolyline
 90
4
 70
1
 10
3292.54
 20
2955.7
 10
3392.54
 20
2955.7
 10
3392.54
 20
3080.7
 10
3292.54
 20
3080.7
  0
LWPOLYLINE
  5
14A
330
17
100
AcDbEntity
  8
Paineis
100
AcDbPolyline
 90
4
 70
1
 10
3392.54
 20
2955.7
 10
3492.54
 20
2955.7
 10
3492.54
 20
3080.7
 10
3392.54
 20
3080.7
  0
MTEXT
  5
14B
330
17
100
AcDbEntity
  8
Texto Secao
100
AcDbMText
 10
3392.54
 20
3018.2
 30
0.0
 40
8.0
 71
1
  1
L60\Pe=12cm
  0
MTEXT
  5
14C
330
17
100
AcDbEntity
  8
AUX00
100
AcDbMText
 10
3342.54
 20
3018.2
 30
0.0
 40
6.0
 71
1
  1
L60\P100X125\Pc/rec.\Pe=12cm
  0
MTEXT
  5
14D
330
17
100
AcDbEntity
  8
AUX00
100
AcDbMText
 10
3442.54
 20
3018.2
 30
0.0
 40
6.0
 71
1
  1
L60\P100X125\Pc/rec.\Pe=12cm
  0
MTEXT
  5
14E
330
17
100
AcDbEntity
  8
NOMENCLATURA
100
AcDbMText
 10
3292.54
 20
3110.7
 30
0.0
 40
10.0
 71
1
  1
12 PAV - L60  200x125cm  e=12cm  paineis: 3x1
  0
LWPOLYLINE
  5
14F
330
17
100
AcDbEntity
  8
Contorno
100
AcDbPolyline
 90
5
 70
1
 10
3742.93
 20
3141.52
 10
3867.93
 20
3141.52
 10
3867.93
 20
2941.52
 10
3742.93
 20
2941.52
 10
3742.93
 20
3141.52
  0
LWPOLYLINE
  5
150
330
17
100
AcDbEntity
  8
Paineis
100
AcDbPolyline
 90
4
 70
1
 10
3742.93
 20
2941.52
 10
3842.93
 20
2941.52
 10
3842.93
 20
3066.52
 10
3742.93
 20
3066.52
  0
LWPOLYLINE
  5
151
330
17
100
AcDbEntity
  8
Paineis
100
AcDbPolyline
 90
4
 70
1
 10
3842.93
 20
2941.52
 10
3942.93
 20
2941.52
 10
3942.93
 20
3066.52
 10
3842.93
 20
3066.52
  0
MTEXT
  5
152
330
17
100
AcDbEntity
  8
Texto Secao
100
AcDbMText
 10
3842.93
 20
3004.02
 30
0.0
 40
8.0
 71
1
  1
L61\Pe=12cm
  0
MTEXT
  5
153
330
17
100
AcDbEntity
  8
AUX00
100
AcDbMText
 10
3792.93
 20
3004.02
 30
0.0
 40
6.0
 71
1
  1
L61\P100X125\Pc/rec.\Pe=12cm
  0
MTEXT
  5
154
330
17
100
AcDbEntity
  8
AUX00
100
AcDbMText
 10
3892.93
 20
3004.02
 30
0.0
 40
6.0
 71
1
  1
L61\P100X125\Pc/rec.\Pe=12cm
  0
MTEXT
  5
155
330
17
100
AcDbEntity
  8
NOMENCLATURA
100
AcDbMText
 10
3742.93
 20
3096.52
 30
0.0
 40
10.0
 71
1
  1
12 PAV - L61  200x125cm  e=12cm  paineis: 3x1
  0
LWPOLYLINE
  5
156
330
17
100
AcDbEntity
  8
Contorno
100
AcDbPolyline
 90
5
 70
1
 10
4185.26
 20
2945.03
 10
4310.26
 20
2945.03
 10
4310.26
 20
3145.03
 10
4185.26
 20
3145.03
 10
4185.26
 20
2945.03
  0
LWPOLYLINE
  5
157
330
17
100
AcDbEntity
  8
Paineis
100
AcDbPolyline
 90
4
 70
1
 10
4185.26
 20
2945.03
 10
4285.26
 20
2945.03
 10
4285.26
 20
3070.03
 10
4185.26
 20
3070.03
  0
LWPOLYLINE
  5
158
330
17
100
AcDbEntity
  8
Paineis
100
AcDbPolyline
 90
4
 70
1
 10
4285.26
 20
2945.03
 10
4385.26
 20
2945.03
 10
4385.26
 20
3070.03
 10
4285.26
 20
3070.03
  0
MTEXT
  5
159
330
17
100
AcDbEntity
  8
Texto Secao
100
AcDbMText
 10
4285.26
 20
3007.53
 30
0.0
 40
8.0
 71
1
  1
L62\Pe=12cm
  0
MTEXT
  5
15A
330
17
100
AcDbEntity
  8
AUX00
100
AcDbMText
 10
4235.26
 20
3007.53
 30
0.0
 40
6.0
 71
1
  1
L62\P100X125\Pc/rec.\Pe=12cm
  0
MTEXT
  5
15B
330
17
100
AcDbEntity
  8
AUX00
100
AcDbMText
 10
4335.26
 20
3007.53
 30
0.0
 40
6.0
 71
1
  1
L62\P100X125\Pc/rec.\Pe=12cm
  0
MTEXT
  5
15C
330
17
100
AcDbEntity
  8
NOMENCLATURA
100
AcDbMText
 10
4185.26
 20
3100.03
 30
0.0
 40
10.0
 71
1
  1
12 PAV - L62  200x125cm  e=12cm  paineis: 3x1
  0
LWPOLYLINE
  5
15D
330
17
100
AcDbEntity
  8
Contorno
100
AcDbPolyline
 90
5
 70
1
 10
4612.06
 20
3070.46
 10
4737.06
 20
3070.46
 10
4737.06
 20
2870.46
 10
4612.06
 20
2870.46
 10
4612.06
 20
3070.46
  0
LWPOLYLINE
  5
15E
330
17
100
AcDbEntity
  8
Paineis
100
AcDbPolyline
 90
4
 70
1
 10
4612.06
 20
2870.46
 10
4712.06
 20
2870.46
 10
4712.06
 20
2995.46
 10
4612.06
 20
2995.46
  0
LWPOLYLINE
  5
15F
330
17
100
AcDbEntity
  8
Paineis
100
AcDbPolyline
 90
4
 70
1
 10
4712.06
 20
2870.46
 10
4812.06
 20
2870.46
 10
4812.06
 20
2995.46
 10
4712.06
 20
2995.46
  0
MTEXT
  5
160
330
17
100
AcDbEntity
  8
Texto Secao
100
AcDbMText
 10
4712.06
 20
2932.96
 30
0.0
 40
8.0
 71
1
  1
L63\Pe=12cm
  0
MTEXT
  5
161
330
17
100
AcDbEntity
  8
AUX00
100
AcDbMText
 10
4662.06
 20
2932.96
 30
0.0
 40
6.0
 71
1
  1
L63\P100X125\Pc/rec.\Pe=12cm
  0
MTEXT
  5
162
330
17
100
AcDbEntity
  8
AUX00
100
AcDbMText
 10
4762.06
 20
2932.96
 30
0.0
 40
6.0
 71
1
  1
L63\P100X125\Pc/rec.\Pe=12cm
  0
MTEXT
  5
163
330
17
100
AcDbEntity
  8
NOMENCLATURA
100
AcDbMText
 10
4612.06
 20
3025.46
 30
0.0
 40
10.0
 71
1
  1
12 PAV - L63  200x125cm  e=12cm  paineis: 3x1
  0
LWPOLYLINE
  5
164
330
17
100
AcDbEntity
  8
Contorno
100
AcDbPolyline
 90
5
 70
1
 10
5164.45
 20
2876.62
 10
5039.45
 20
2876.62
 10
5039.45
 20
3076.62
 10
5164.45
 20
3076.62
 10
5164.45
 20
2876.62
  0
LWPOLYLINE
  5
165
330
17
100
AcDbEntity
  8
Paineis
100
AcDbPolyline
 90
4
 70
1
 10
5039.45
 20
2876.62
 10
5139.45
 20
2876.62
 10
5139.45
 20
3001.62
 10
5039.45
 20
3001.62
  0
LWPOLYLINE
  5
166
330
17
100
AcDbEntity
  8
Paineis
100
AcDbPolyline
 90
4
 70
1
 10
5139.45
 20
2876.62
 10
5239.45
 20
2876.62
 10
5239.45
 20
3001.62
 10
5139.45
 20
3001.62
  0
MTEXT
  5
167
330
17
100
AcDbEntity
  8
Texto Secao
100
AcDbMText
 10
5139.45
 20
2939.12
 30
0.0
 40
8.0
 71
1
  1
L64\Pe=12cm
  0
MTEXT
  5
168
330
17
100
AcDbEntity
  8
AUX00
100
AcDbMText
 10
5089.45
 20
2939.12
 30
0.0
 40
6.0
 71
1
  1
L64\P100X125\Pc/rec.\Pe=12cm
  0
MTEXT
  5
169
330
17
100
AcDbEntity
  8
AUX00
100
AcDbMText
 10
5189.45
 20
2939.12
 30
0.0
 40
6.0
 71
1
  1
L64\P100X125\Pc/rec.\Pe=12cm
  0
MTEXT
  5
16A
330
17
100
AcDbEntity
  8
NOMENCLATURA
100
AcDbMText
 10
5039.45
 20
3031.62
 30
0.0
 40
10.0
 71
1
  1
12 PAV - L64  200x125cm  e=12cm  paineis: 3x1
  0
LWPOLYLINE
  5
16B
330
17
100
AcDbEntity
  8
Contorno
100
AcDbPolyline
 90
5
 70
1
 10
5488.33
 20
2913.44
 10
5613.33
 20
2913.44
 10
5613.33
 20
3113.44
 10
5488.33
 20
3113.44
 10
5488.33
 20
2913.44
  0
LWPOLYLINE
  5
16C
330
17
100
AcDbEntity
  8
Paineis
100
AcDbPolyline
 90
4
 70
1
 10
5488.33
 20
2913.44
 10
5588.33
 20
2913.44
 10
5588.33
 20
3038.44
 10
5488.33
 20
3038.44
  0
LWPOLYLINE
  5
16D
330
17
100
AcDbEntity
  8
Paineis
100
AcDbPolyline
 90
4
 70
1
 10
5588.33
 20
2913.44
 10
5688.33
 20
2913.44
 10
5688.33
 20
3038.44
 10
5588.33
 20
3038.44
  0
MTEXT
  5
16E
330
17
100
AcDbEntity
  8
Texto Secao
100
AcDbMText
 10
5588.33
 20
2975.94
 30
0.0
 40
8.0
 71
1
  1
L65\Pe=12cm
  0
MTEXT
  5
16F
330
17
100
AcDbEntity
  8
AUX00
100
AcDbMText
 10
5538.33
 20
2975.94
 30
0.0
 40
6.0
 71
1
  1
L65\P100X125\Pc/rec.\Pe=12cm
  0
MTEXT
  5
170
330
17
100
AcDbEntity
  8
AUX00
100
AcDbMText
 10
5638.33
 20
2975.94
 30
0.0
 40
6.0
 71
1
  1
L65\P100X125\Pc/rec.\Pe=12cm
  0
MTEXT
  5
171
330
17
100
AcDbEntity
  8
NOMENCLATURA
100
AcDbMText
 10
5488.33
 20
3068.44
 30
0.0
 40
10.0
 71
1
  1
12 PAV - L65  200x125cm  e=12cm  paineis: 3x1
  0
LWPOLYLINE
  5
172
330
17
100
AcDbEntity
  8
Contorno
100
AcDbPolyline
 90
5
 70
1
 10
5924.84
 20
2915.94
 10
6049.84
 20
2915.94
 10
6049.84
 20
3110.94
 10
5924.84
 20
3110.94
 10
5924.84
 20
2915.94
  0
LWPOLYLINE
  5
173
330
17
100
AcDbEntity
  8
Paineis
100
AcDbPolyline
 90
4
 70
1
 10
5924.84
 20
2915.94
 10
6024.84
 20
2915.94
 10
6024.84
 20
3040.94
 10
5924.84
 20
3040.94
  0
LWPOLYLINE
  5
174
330
17
100
AcDbEntity
  8
Paineis
100
AcDbPolyline
 90
4
 70
1
 10
6024.84
 20
2915.94
 10
6119.84
 20
2915.94
 10
6119.84
 20
3040.94
 10
6024.84
 20
3040.94
  0
MTEXT
  5
175
330
17
100
AcDbEntity
  8
Texto Secao
100
AcDbMText
 10
6022.34
 20
2978.44
 30
0.0
 40
8.0
 71
1
  1
L66\Pe=12cm
  0
MTEXT
  5
176
330
17
100
AcDbEntity
  8
AUX00
100
AcDbMText
 10
5974.84
 20
2978.44
 30
0.0
 40
6.0
 71
1
  1
L66\P100X125\Pc/rec.\Pe=12cm
  0
MTEXT
  5
177
330
17
100
AcDbEntity
  8
AUX00
100
AcDbMText
 10
6072.34
 20
2978.44
 30
0.0
 40
6.0
 71
1
  1
L66\P95X125\Pc/rec.\Pe=12cm
  0
MTEXT
  5
178
330
17
100
AcDbEntity
  8
NOMENCLATURA
100
AcDbMText
 10
5924.84
 20
3070.94
 30
0.0
 40
10.0
 71
1
  1
12 PAV - L66  195x125cm  e=12cm  paineis: 3x1
  0
LWPOLYLINE
  5
179
330
17
100
AcDbEntity
  8
Contorno
100
AcDbPolyline
 90
5
 70
1
 10
4171.8
 20
2861.45
 10
4296.8
 20
2861.45
 10
4296.8
 20
2661.45
 10
4171.8
 20
2661.45
 10
4171.8
 20
2861.45
  0
LWPOLYLINE
  5
17A
330
17
100
AcDbEntity
  8
Paineis
100
AcDbPolyline
 90
4
 70
1
 10
4171.8
 20
2661.45
 10
4271.8
 20
2661.45
 10
4271.8
 20
2786.45
 10
4171.8
 20
2786.45
  0
LWPOLYLINE
  5
17B
330
17
100
AcDbEntity
  8
Paineis
100
AcDbPolyline
 90
4
 70
1
 10
4271.8
 20
2661.45
 10
4371.8
 20
2661.45
 10
4371.8
 20
2786.45
 10
4271.8
 20
2786.45
  0
MTEXT
  5
17C
330
17
100
AcDbEntity
  8
Texto Secao
100
AcDbMText
 10
4271.8
 20
2723.95
 30
0.0
 40
8.0
 71
1
  1
L67\Pe=12cm
  0
MTEXT
  5
17D
330
17
100
AcDbEntity
  8
AUX00
100
AcDbMText
 10
4221.8
 20
2723.95
 30
0.0
 40
6.0
 71
1
  1
L67\P100X125\Pc/rec.\Pe=12cm
  0
MTEXT
  5
17E
330
17
100
AcDbEntity
  8
AUX00
100
AcDbMText
 10
4321.8
 20
2723.95
 30
0.0
 40
6.0
 71
1
  1
L67\P100X125\Pc/rec.\Pe=12cm
  0
MTEXT
  5
17F
330
17
100
AcDbEntity
  8
NOMENCLATURA
100
AcDbMText
 10
4171.8
 20
2816.45
 30
0.0
 40
10.0
 71
1
  1
12 PAV - L67  200x125cm  e=12cm  paineis: 3x1
  0
LWPOLYLINE
  5
180
330
17
100
AcDbEntity
  8
Contorno
100
AcDbPolyline
 90
5
 70
1
 10
2865.92
 20
2527.19
 10
3048.42
 20
2527.19
 10
3048.42
 20
2315.19
 10
2865.92
 20
2315.19
 10
2865.92
 20
2527.19
  0
LWPOLYLINE
  5
181
330
17
100
AcDbEntity
  8
Paineis
100
AcDbPolyline
 90
4
 70
1
 10
2865.92
 20
2315.19
 10
2965.92
 20
2315.19
 10
2965.92
 20
2497.69
 10
2865.92
 20
2497.69
  0
LWPOLYLINE
  5
182
330
17
100
AcDbEntity
  8
Paineis
100
AcDbPolyline
 90
4
 70
1
 10
2965.92
 20
2315.19
 10
3065.92
 20
2315.19
 10
3065.92
 20
2497.69
 10
2965.92
 20
2497.69
  0
LWPOLYLINE
  5
183
330
17
100
AcDbEntity
  8
Paineis
100
AcDbPolyline
 90
4
 70
1
 10
3065.92
 20
2315.19
 10
3077.92
 20
2315.19
 10
3077.92
 20
2497.69
 10
3065.92
 20
2497.69
  0
MTEXT
  5
184
330
17
100
AcDbEntity
  8
Texto Secao
100
AcDbMText
 10
2971.92
 20
2406.44
 30
0.0
 40
8.48
 71
1
  1
L68\Pe=12cm
  0
MTEXT
  5
185
330
17
100
AcDbEntity
  8
AUX00
100
AcDbMText
 10
2915.92
 20
2406.44
 30
0.0
 40
6.0
 71
1
  1
L68\P100X182\Pc/rec.\Pe=12cm
  0
MTEXT
  5
186
330
17
100
AcDbEntity
  8
AUX00
100
AcDbMText
 10
3015.92
 20
2406.44
 30
0.0
 40
6.0
 71
1
  1
L68\P100X182\Pc/rec.\Pe=12cm
  0
MTEXT
  5
187
330
17
100
AcDbEntity
  8
AUX00
100
AcDbMText
 10
3071.92
 20
2406.44
 30
0.0
 40
6.0
 71
1
  1
L68\P12X182\Pc/rec.\Pe=12cm
  0
MTEXT
  5
188
330
17
100
AcDbEntity
  8
NOMENCLATURA
100
AcDbMText
 10
2865.92
 20
2527.69
 30
0.0
 40
10.0
 71
1
  1
12 PAV - L68  212x182cm  e=12cm  paineis: 4x1
  0
LWPOLYLINE
  5
189
330
17
100
AcDbEntity
  8
Contorno
100
AcDbPolyline
 90
5
 70
1
 10
3401.75
 20
2283.41
 10
3276.75
 20
2283.41
 10
3276.75
 20
2483.41
 10
3401.75
 20
2483.41
 10
3401.75
 20
2283.41
  0
LWPOLYLINE
  5
18A
330
17
100
AcDbEntity
  8
Paineis
100
AcDbPolyline
 90
4
 70
1
 10
3276.75
 20
2283.41
 10
3376.75
 20
2283.41
 10
3376.75
 20
2408.41
 10
3276.75
 20
2408.41
  0
LWPOLYLINE
  5
18B
330
17
100
AcDbEntity
  8
Paineis
100
AcDbPolyline
 90
4
 70
1
 10
3376.75
 20
2283.41
 10
3476.75
 20
2283.41
 10
3476.75
 20
2408.41
 10
3376.75
 20
2408.41
  0
MTEXT
  5
18C
330
17
100
AcDbEntity
  8
Texto Secao
100
AcDbMText
 10
3376.75
 20
2345.91
 30
0.0
 40
8.0
 71
1
  1
L69\Pe=12cm
  0
MTEXT
  5
18D
330
17
100
AcDbEntity
  8
AUX00
100
AcDbMText
 10
3326.75
 20
2345.91
 30
0.0
 40
6.0
 71
1
  1
L69\P100X125\Pc/rec.\Pe=12cm
  0
MTEXT
  5
18E
330
17
100
AcDbEntity
  8
AUX00
100
AcDbMText
 10
3426.75
 20
2345.91
 30
0.0
 40
6.0
 71
1
  1
L69\P100X125\Pc/rec.\Pe=12cm
  0
MTEXT
  5
18F
330
17
100
AcDbEntity
  8
NOMENCLATURA
100
AcDbMText
 10
3276.75
 20
2438.41
 30
0.0
 40
10.0
 71
1
  1
12 PAV - L69  200x125cm  e=12cm  paineis: 3x1
  0
LWPOLYLINE
  5
190
330
17
100
AcDbEntity
  8
Contorno
100
AcDbPolyline
 90
5
 70
1
 10
3744.5
 20
2301.53
 10
3869.5
 20
2301.53
 10
3869.5
 20
2501.53
 10
3744.5
 20
2501.53
 10
3744.5
 20
2301.53
  0
LWPOLYLINE
  5
191
330
17
100
AcDbEntity
  8
Paineis
100
AcDbPolyline
 90
4
 70
1
 10
3744.5
 20
2301.53
 10
3844.5
 20
2301.53
 10
3844.5
 20
2426.53
 10
3744.5
 20
2426.53
  0
LWPOLYLINE
  5
192
330
17
100
AcDbEntity
  8
Paineis
100
AcDbPolyline
 90
4
 70
1
 10
3844.5
 20
2301.53
 10
3944.5
 20
2301.53
 10
3944.5
 20
2426.53
 10
3844.5
 20
2426.53
  0
MTEXT
  5
193
330
17
100
AcDbEntity
  8
Texto Secao
100
AcDbMText
 10
3844.5
 20
2364.03
 30
0.0
 40
8.0
 71
1
  1
L70\Pe=12cm
  0
MTEXT
  5
194
330
17
100
AcDbEntity
  8
AUX00
100
AcDbMText
 10
3794.5
 20
2364.03
 30
0.0
 40
6.0
 71
1
  1
L70\P100X125\Pc/rec.\Pe=12cm
  0
MTEXT
  5
195
330
17
100
AcDbEntity
  8
AUX00
100
AcDbMText
 10
3894.5
 20
2364.03
 30
0.0
 40
6.0
 71
1
  1
L70\P100X125\Pc/rec.\Pe=12cm
  0
MTEXT
  5
196
330
17
100
AcDbEntity
  8
NOMENCLATURA
100
AcDbMText
 10
3744.5
 20
2456.53
 30
0.0
 40
10.0
 71
1
  1
12 PAV - L70  200x125cm  e=12cm  paineis: 3x1
  0
LWPOLYLINE
  5
197
330
17
100
AcDbEntity
  8
Contorno
100
AcDbPolyline
 90
5
 70
1
 10
4291.44
 20
2301.53
 10
4166.44
 20
2301.53
 10
4166.44
 20
2501.53
 10
4291.44
 20
2501.53
 10
4291.44
 20
2301.53
  0
LWPOLYLINE
  5
198
330
17
100
AcDbEntity
  8
Paineis
100
AcDbPolyline
 90
4
 70
1
 10
4166.44
 20
2301.53
 10
4266.44
 20
2301.53
 10
4266.44
 20
2426.53
 10
4166.44
 20
2426.53
  0
LWPOLYLINE
  5
199
330
17
100
AcDbEntity
  8
Paineis
100
AcDbPolyline
 90
4
 70
1
 10
4266.44
 20
2301.53
 10
4366.44
 20
2301.53
 10
4366.44
 20
2426.53
 10
4266.44
 20
2426.53
  0
MTEXT
  5
19A
330
17
100
AcDbEntity
  8
Texto Secao
100
AcDbMText
 10
4266.44
 20
2364.03
 30
0.0
 40
8.0
 71
1
  1
L71\Pe=12cm
  0
MTEXT
  5
19B
330
17
100
AcDbEntity
  8
AUX00
100
AcDbMText
 10
4216.44
 20
2364.03
 30
0.0
 40
6.0
 71
1
  1
L71\P100X125\Pc/rec.\Pe=12cm
  0
MTEXT
  5
19C
330
17
100
AcDbEntity
  8
AUX00
100
AcDbMText
 10
4316.44
 20
2364.03
 30
0.0
 40
6.0
 71
1
  1
L71\P100X125\Pc/rec.\Pe=12cm
  0
MTEXT
  5
19D
330
17
100
AcDbEntity
  8
NOMENCLATURA
100
AcDbMText
 10
4166.44
 20
2456.53
 30
0.0
 40
10.0
 71
1
  1
12 PAV - L71  200x125cm  e=12cm  paineis: 3x1
  0
LWPOLYLINE
  5
19E
330
17
100
AcDbEntity
  8
Contorno
100
AcDbPolyline
 90
5
 70
1
 10
4647.6
 20
2302.5
 10
4772.6
 20
2302.5
 10
4772.6
 20
2502.5
 10
4647.6
 20
2502.5
 10
4647.6
 20
2302.5
  0
LWPOLYLINE
  5
19F
330
17
100
AcDbEntity
  8
Paineis
100
AcDbPolyline
 90
4
 70
1
 10
4647.6
 20
2302.5
 10
4747.6
 20
2302.5
 10
4747.6
 20
2427.5
 10
4647.6
 20
2427.5
  0
LWPOLYLINE
  5
1A0
330
17
100
AcDbEntity
  8
Paineis
100
AcDbPolyline
 90
4
 70
1
 10
4747.6
 20
2302.5
 10
4847.6
 20
2302.5
 10
4847.6
 20
2427.5
 10
4747.6
 20
2427.5
  0
MTEXT
  5
1A1
330
17
100
AcDbEntity
  8
Texto Secao
100
AcDbMText
 10
4747.6
 20
2365.0
 30
0.0
 40
8.0
 71
1
  1
L72\Pe=12cm
  0
MTEXT
  5
1A2
330
17
100
AcDbEntity
  8
AUX00
100
AcDbMText
 10
4697.6
 20
2365.0
 30
0.0
 40
6.0
 71
1
  1
L72\P100X125\Pc/rec.\Pe=12cm
  0
MTEXT
  5
1A3
330
17
100
AcDbEntity
  8
AUX00
100
AcDbMText
 10
4797.6
 20
2365.0
 30
0.0
 40
6.0
 71
1
  1
L72\P100X125\Pc/rec.\Pe=12cm
  0
MTEXT
  5
1A4
330
17
100
AcDbEntity
  8
NOMENCLATURA
100
AcDbMText
 10
4647.6
 20
2457.5
 30
0.0
 40
10.0
 71
1
  1
12 PAV - L72  200x125cm  e=12cm  paineis: 3x1
  0
LWPOLYLINE
  5
1A5
330
17
100
AcDbEntity
  8
Contorno
100
AcDbPolyline
 90
5
 70
1
 10
5162.56
 20
2301.19
 10
5037.56
 20
2301.19
 10
5037.56
 20
2501.19
 10
5162.56
 20
2501.19
 10
5162.56
 20
2301.19
  0
LWPOLYLINE
  5
1A6
330
17
100
AcDbEntity
  8
Paineis
100
AcDbPolyline
 90
4
 70
1
 10
5037.56
 20
2301.19
 10
5137.56
 20
2301.19
 10
5137.56
 20
2426.19
 10
5037.56
 20
2426.19
  0
LWPOLYLINE
  5
1A7
330
17
100
AcDbEntity
  8
Paineis
100
AcDbPolyline
 90
4
 70
1
 10
5137.56
 20
2301.19
 10
5237.56
 20
2301.19
 10
5237.56
 20
2426.19
 10
5137.56
 20
2426.19
  0
MTEXT
  5
1A8
330
17
100
AcDbEntity
  8
Texto Secao
100
AcDbMText
 10
5137.56
 20
2363.69
 30
0.0
 40
8.0
 71
1
  1
L73\Pe=12cm
  0
MTEXT
  5
1A9
330
17
100
AcDbEntity
  8
AUX00
100
AcDbMText
 10
5087.56
 20
2363.69
 30
0.0
 40
6.0
 71
1
  1
L73\P100X125\Pc/rec.\Pe=12cm
  0
MTEXT
  5
1AA
330
17
100
AcDbEntity
  8
AUX00
100
AcDbMText
 10
5187.56
 20
2363.69
 30
0.0
 40
6.0
 71
1
  1
L73\P100X125\Pc/rec.\Pe=12cm
  0
MTEXT
  5
1AB
330
17
100
AcDbEntity
  8
NOMENCLATURA
100
AcDbMText
 10
5037.56
 20
2456.19
 30
0.0
 40
10.0
 71
1
  1
12 PAV - L73  200x125cm  e=12cm  paineis: 3x1
  0
LWPOLYLINE
  5
1AC
330
17
100
AcDbEntity
  8
Contorno
100
AcDbPolyline
 90
7
 70
1
 10
5335.35
 20
2269.39
 10
5500.35
 20
2269.39
 10
5500.35
 20
2288.39
 10
5354.35
 20
2288.39
 10
5354.35
 20
2487.39
 10
5335.35
 20
2487.39
 10
5335.35
 20
2269.39
  0
LWPOLYLINE
  5
1AD
330
17
100
AcDbEntity
  8
Paineis
100
AcDbPolyline
 90
4
 70
1
 10
5335.35
 20
2269.39
 10
5435.35
 20
2269.39
 10
5435.35
 20
2434.39
 10
5335.35
 20
2434.39
  0
LWPOLYLINE
  5
1AE
330
17
100
AcDbEntity
  8
Paineis
100
AcDbPolyline
 90
4
 70
1
 10
5435.35
 20
2269.39
 10
5535.35
 20
2269.39
 10
5535.35
 20
2434.39
 10
5435.35
 20
2434.39
  0
LWPOLYLINE
  5
1AF
330
17
100
AcDbEntity
  8
Paineis
100
AcDbPolyline
 90
4
 70
1
 10
5535.35
 20
2269.39
 10
5553.35
 20
2269.39
 10
5553.35
 20
2434.39
 10
5535.35
 20
2434.39
  0
MTEXT
  5
1B0
330
17
100
AcDbEntity
  8
Texto Secao
100
AcDbMText
 10
5444.35
 20
2351.89
 30
0.0
 40
8.72
 71
1
  1
L74\Pe=12cm
  0
MTEXT
  5
1B1
330
17
100
AcDbEntity
  8
AUX00
100
AcDbMText
 10
5385.35
 20
2351.89
 30
0.0
 40
6.0
 71
1
  1
L74\P100X165\Pc/rec.\Pe=12cm
  0
MTEXT
  5
1B2
330
17
100
AcDbEntity
  8
AUX00
100
AcDbMText
 10
5485.35
 20
2351.89
 30
0.0
 40
6.0
 71
1
  1
L74\P100X165\Pc/rec.\Pe=12cm
  0
MTEXT
  5
1B3
330
17
100
AcDbEntity
  8
AUX00
100
AcDbMText
 10
5544.35
 20
2351.89
 30
0.0
 40
6.0
 71
1
  1
L74\P18X165\Pc/rec.\Pe=12cm
  0
MTEXT
  5
1B4
330
17
100
AcDbEntity
  8
NOMENCLATURA
100
AcDbMText
 10
5335.35
 20
2464.39
 30
0.0
 40
10.0
 71
1
  1
12 PAV - L74  218x165cm  e=12cm  paineis: 4x1
  0
LWPOLYLINE
  5
1B5
330
17
100
AcDbEntity
  8
Contorno
100
AcDbPolyline
 90
5
 70
1
 10
2970.43
 20
2248.39
 10
3152.93
 20
2248.39
 10
3152.93
 20
2036.3899999999999
 10
2970.43
 20
2036.3899999999999
 10
2970.43
 20
2248.39
  0
LWPOLYLINE
  5
1B6
330
17
100
AcDbEntity
  8
Paineis
100
AcDbPolyline
 90
4
 70
1
 10
2970.43
 20
2036.3899999999999
 10
3070.43
 20
2036.3899999999999
 10
3070.43
 20
2218.89
 10
2970.43
 20
2218.89
  0
LWPOLYLINE
  5
1B7
330
17
100
AcDbEntity
  8
Paineis
100
AcDbPolyline
 90
4
 70
1
 10
3070.43
 20
2036.3899999999999
 10
3170.43
 20
2036.3899999999999
 10
3170.43
 20
2218.89
 10
3070.43
 20
2218.89
  0
LWPOLYLINE
  5
1B8
330
17
100
AcDbEntity
  8
Paineis
100
AcDbPolyline
 90
4
 70
1
 10
3170.43
 20
2036.3899999999999
 10
3182.43
 20
2036.3899999999999
 10
3182.43
 20
2218.89
 10
3170.43
 20
2218.89
  0
MTEXT
  5
1B9
330
17
100
AcDbEntity
  8
Texto Secao
100
AcDbMText
 10
3076.43
 20
2127.64
 30
0.0
 40
8.48
 71
1
  1
L75\Pe=12cm
  0
MTEXT
  5
1BA
330
17
100
AcDbEntity
  8
AUX00
100
AcDbMText
 10
3020.43
 20
2127.64
 30
0.0
 40
6.0
 71
1
  1
L75\P100X182\Pc/rec.\Pe=12cm
  0
MTEXT
  5
1BB
330
17
100
AcDbEntity
  8
AUX00
100
AcDbMText
 10
3120.43
 20
2127.64
 30
0.0
 40
6.0
 71
1
  1
L75\P100X182\Pc/rec.\Pe=12cm
  0
MTEXT
  5
1BC
330
17
100
AcDbEntity
  8
AUX00
100
AcDbMText
 10
3176.43
 20
2127.64
 30
0.0
 40
6.0
 71
1
  1
L75\P12X182\Pc/rec.\Pe=12cm
  0
MTEXT
  5
1BD
330
17
100
AcDbEntity
  8
NOMENCLATURA
100
AcDbMText
 10
2970.43
 20
2248.89
 30
0.0
 40
10.0
 71
1
  1
12 PAV - L75  212x182cm  e=12cm  paineis: 4x1
  0
LWPOLYLINE
  5
1BE
330
17
100
AcDbEntity
  8
Contorno
100
AcDbPolyline
 90
5
 70
1
 10
3277.0
 20
2243.99
 10
3402.0
 20
2243.99
 10
3402.0
 20
2043.9899999999998
 10
3277.0
 20
2043.9899999999998
 10
3277.0
 20
2243.99
  0
LWPOLYLINE
  5
1BF
330
17
100
AcDbEntity
  8
Paineis
100
AcDbPolyline
 90
4
 70
1
 10
3277.0
 20
2043.9899999999998
 10
3377.0
 20
2043.9899999999998
 10
3377.0
 20
2168.99
 10
3277.0
 20
2168.99
  0
LWPOLYLINE
  5
1C0
330
17
100
AcDbEntity
  8
Paineis
100
AcDbPolyline
 90
4
 70
1
 10
3377.0
 20
2043.9899999999998
 10
3477.0
 20
2043.9899999999998
 10
3477.0
 20
2168.99
 10
3377.0
 20
2168.99
  0
MTEXT
  5
1C1
330
17
100
AcDbEntity
  8
Texto Secao
100
AcDbMText
 10
3377.0
 20
2106.49
 30
0.0
 40
8.0
 71
1
  1
L76\Pe=12cm
  0
MTEXT
  5
1C2
330
17
100
AcDbEntity
  8
AUX00
100
AcDbMText
 10
3327.0
 20
2106.49
 30
0.0
 40
6.0
 71
1
  1
L76\P100X125\Pc/rec.\Pe=12cm
  0
MTEXT
  5
1C3
330
17
100
AcDbEntity
  8
AUX00
100
AcDbMText
 10
3427.0
 20
2106.49
 30
0.0
 40
6.0
 71
1
  1
L76\P100X125\Pc/rec.\Pe=12cm
  0
MTEXT
  5
1C4
330
17
100
AcDbEntity
  8
NOMENCLATURA
100
AcDbMText
 10
3277.0
 20
2198.99
 30
0.0
 40
10.0
 71
1
  1
12 PAV - L76  200x125cm  e=12cm  paineis: 3x1
  0
LWPOLYLINE
  5
1C5
330
17
100
AcDbEntity
  8
Contorno
100
AcDbPolyline
 90
5
 70
1
 10
3745.88
 20
2246.0
 10
3870.88
 20
2246.0
 10
3870.88
 20
2046.0
 10
3745.88
 20
2046.0
 10
3745.88
 20
2246.0
  0
LWPOLYLINE
  5
1C6
330
17
100
AcDbEntity
  8
Paineis
100
AcDbPolyline
 90
4
 70
1
 10
3745.88
 20
2046.0
 10
3845.88
 20
2046.0
 10
3845.88
 20
2171.0
 10
3745.88
 20
2171.0
  0
LWPOLYLINE
  5
1C7
330
17
100
AcDbEntity
  8
Paineis
100
AcDbPolyline
 90
4
 70
1
 10
3845.88
 20
2046.0
 10
3945.88
 20
2046.0
 10
3945.88
 20
2171.0
 10
3845.88
 20
2171.0
  0
MTEXT
  5
1C8
330
17
100
AcDbEntity
  8
Texto Secao
100
AcDbMText
 10
3845.88
 20
2108.5
 30
0.0
 40
8.0
 71
1
  1
L77\Pe=12cm
  0
MTEXT
  5
1C9
330
17
100
AcDbEntity
  8
AUX00
100
AcDbMText
 10
3795.88
 20
2108.5
 30
0.0
 40
6.0
 71
1
  1
L77\P100X125\Pc/rec.\Pe=12cm
  0
MTEXT
  5
1CA
330
17
100
AcDbEntity
  8
AUX00
100
AcDbMText
 10
3895.88
 20
2108.5
 30
0.0
 40
6.0
 71
1
  1
L77\P100X125\Pc/rec.\Pe=12cm
  0
MTEXT
  5
1CB
330
17
100
AcDbEntity
  8
NOMENCLATURA
100
AcDbMText
 10
3745.88
 20
2201.0
 30
0.0
 40
10.0
 71
1
  1
12 PAV - L77  200x125cm  e=12cm  paineis: 3x1
  0
LWPOLYLINE
  5
1CC
330
17
100
AcDbEntity
  8
Contorno
100
AcDbPolyline
 90
5
 70
1
 10
4184.3
 20
2040.4499999999998
 10
4309.3
 20
2040.4499999999998
 10
4309.3
 20
2240.45
 10
4184.3
 20
2240.45
 10
4184.3
 20
2040.4499999999998
  0
LWPOLYLINE
  5
1CD
330
17
100
AcDbEntity
  8
Paineis
100
AcDbPolyline
 90
4
 70
1
 10
4184.3
 20
2040.4499999999998
 10
4284.3
 20
2040.4499999999998
 10
4284.3
 20
2165.45
 10
4184.3
 20
2165.45
  0
LWPOLYLINE
  5
1CE
330
17
100
AcDbEntity
  8
Paineis
100
AcDbPolyline
 90
4
 70
1
 10
4284.3
 20
2040.4499999999998
 10
4384.3
 20
2040.4499999999998
 10
4384.3
 20
2165.45
 10
4284.3
 20
2165.45
  0
MTEXT
  5
1CF
330
17
100
AcDbEntity
  8
Texto Secao
100
AcDbMText
 10
4284.3
 20
2102.95
 30
0.0
 40
8.0
 71
1
  1
L78\Pe=12cm
  0
MTEXT
  5
1D0
330
17
100
AcDbEntity
  8
AUX00
100
AcDbMText
 10
4234.3
 20
2102.95
 30
0.0
 40
6.0
 71
1
  1
L78\P100X125\Pc/rec.\Pe=12cm
  0
MTEXT
  5
1D1
330
17
100
AcDbEntity
  8
AUX00
100
AcDbMText
 10
4334.3
 20
2102.95
 30
0.0
 40
6.0
 71
1
  1
L78\P100X125\Pc/rec.\Pe=12cm
  0
MTEXT
  5
1D2
330
17
100
AcDbEntity
  8
NOMENCLATURA
100
AcDbMText
 10
4184.3
 20
2195.45
 30
0.0
 40
10.0
 71
1
  1
12 PAV - L78  200x125cm  e=12cm  paineis: 3x1
  0
LWPOLYLINE
  5
1D3
330
17
100
AcDbEntity
  8
Contorno
100
AcDbPolyline
 90
5
 70
1
 10
4650.71
 20
2243.72
 10
4525.71
 20
2243.72
 10
4525.71
 20
2043.7199999999998
 10
4650.71
 20
2043.7199999999998
 10
4650.71
 20
2243.72
  0
LWPOLYLINE
  5
1D4
330
17
100
AcDbEntity
  8
Paineis
100
AcDbPolyline
 90
4
 70
1
 10
4525.71
 20
2043.7199999999998
 10
4625.71
 20
2043.7199999999998
 10
4625.71
 20
2168.72
 10
4525.71
 20
2168.72
  0
LWPOLYLINE
  5
1D5
330
17
100
AcDbEntity
  8
Paineis
100
AcDbPolyline
 90
4
 70
1
 10
4625.71
 20
2043.7199999999998
 10
4725.71
 20
2043.7199999999998
 10
4725.71
 20
2168.72
 10
4625.71
 20
2168.72
  0
MTEXT
  5
1D6
330
17
100
AcDbEntity
  8
Texto Secao
100
AcDbMText
 10
4625.71
 20
2106.22
 30
0.0
 40
8.0
 71
1
  1
L79\Pe=12cm
  0
MTEXT
  5
1D7
330
17
100
AcDbEntity
  8
AUX00
100
AcDbMText
 10
4575.71
 20
2106.22
 30
0.0
 40
6.0
 71
1
  1
L79\P100X125\Pc/rec.\Pe=12cm
  0
MTEXT
  5
1D8
330
17
100
AcDbEntity
  8
AUX00
100
AcDbMText
 10
4675.71
 20
2106.22
 30
0.0
 40
6.0
 71
1
  1
L79\P100X125\Pc/rec.\Pe=12cm
  0
MTEXT
  5
1D9
330
17
100
AcDbEntity
  8
NOMENCLATURA
100
AcDbMText
 10
4525.71
 20
2198.72
 30
0.0
 40
10.0
 71
1
  1
12 PAV - L79  200x125cm  e=12cm  paineis: 3x1
  0
LWPOLYLINE
  5
1DA
330
17
100
AcDbEntity
  8
Contorno
100
AcDbPolyline
 90
7
 70
1
 10
5224.79
 20
2034.65
 10
5224.79
 20
2252.65
 10
5205.79
 20
2252.65
 10
5205.79
 20
2053.65
 10
5059.79
 20
2053.65
 10
5059.79
 20
2034.65
 10
5224.79
 20
2034.65
  0
LWPOLYLINE
  5
1DB
330
17
100
AcDbEntity
  8
Paineis
100
AcDbPolyline
 90
4
 70
1
 10
5059.79
 20
2034.65
 10
5159.79
 20
2034.65
 10
5159.79
 20
2199.65
 10
5059.79
 20
2199.65
  0
LWPOLYLINE
  5
1DC
330
17
100
AcDbEntity
  8
Paineis
100
AcDbPolyline
 90
4
 70
1
 10
5159.79
 20
2034.65
 10
5259.79
 20
2034.65
 10
5259.79
 20
2199.65
 10
5159.79
 20
2199.65
  0
LWPOLYLINE
  5
1DD
330
17
100
AcDbEntity
  8
Paineis
100
AcDbPolyline
 90
4
 70
1
 10
5259.79
 20
2034.65
 10
5277.79
 20
2034.65
 10
5277.79
 20
2199.65
 10
5259.79
 20
2199.65
  0
MTEXT
  5
1DE
330
17
100
AcDbEntity
  8
Texto Secao
100
AcDbMText
 10
5168.79
 20
2117.15
 30
0.0
 40
8.72
 71
1
  1
L80\Pe=12cm
  0
MTEXT
  5
1DF
330
17
100
AcDbEntity
  8
AUX00
100
AcDbMText
 10
5109.79
 20
2117.15
 30
0.0
 40
6.0
 71
1
  1
L80\P100X165\Pc/rec.\Pe=12cm
  0
MTEXT
  5
1E0
330
17
100
AcDbEntity
  8
AUX00
100
AcDbMText
 10
5209.79
 20
2117.15
 30
0.0
 40
6.0
 71
1
  1
L80\P100X165\Pc/rec.\Pe=12cm
  0
MTEXT
  5
1E1
330
17
100
AcDbEntity
  8
AUX00
100
AcDbMText
 10
5268.79
 20
2117.15
 30
0.0
 40
6.0
 71
1
  1
L80\P18X165\Pc/rec.\Pe=12cm
  0
MTEXT
  5
1E2
330
17
100
AcDbEntity
  8
NOMENCLATURA
100
AcDbMText
 10
5059.79
 20
2229.65
 30
0.0
 40
10.0
 71
1
  1
12 PAV - L80  218x165cm  e=12cm  paineis: 4x1
  0
LWPOLYLINE
  5
1E3
330
17
100
AcDbEntity
  8
Contorno
100
AcDbPolyline
 90
9
 70
1
 10
2564.38
 20
2683.88
 10
2576.38
 20
2683.88
 10
2576.38
 20
2713.88
 10
2694.38
 20
2713.88
 10
2694.38
 20
2813.88
 10
2578.38
 20
2813.88
 10
2578.38
 20
2843.88
 10
2564.38
 20
2843.88
 10
2564.38
 20
2683.88
  0
LWPOLYLINE
  5
1E4
330
17
100
AcDbEntity
  8
Paineis
100
AcDbPolyline
 90
4
 70
1
 10
2564.38
 20
2683.88
 10
2664.38
 20
2683.88
 10
2664.38
 20
2813.88
 10
2564.38
 20
2813.88
  0
LWPOLYLINE
  5
1E5
330
17
100
AcDbEntity
  8
Paineis
100
AcDbPolyline
 90
4
 70
1
 10
2664.38
 20
2683.88
 10
2724.38
 20
2683.88
 10
2724.38
 20
2813.88
 10
2664.38
 20
2813.88
  0
MTEXT
  5
1E6
330
17
100
AcDbEntity
  8
Texto Secao
100
AcDbMText
 10
2644.38
 20
2748.88
 30
0.0
 40
8.0
 71
1
  1
L201\Pe=12cm
  0
MTEXT
  5
1E7
330
17
100
AcDbEntity
  8
AUX00
100
AcDbMText
 10
2614.38
 20
2748.88
 30
0.0
 40
6.0
 71
1
  1
L201\P100X130\Pc/rec.\Pe=12cm
  0
MTEXT
  5
1E8
330
17
100
AcDbEntity
  8
AUX00
100
AcDbMText
 10
2694.38
 20
2748.88
 30
0.0
 40
6.0
 71
1
  1
L201\P60X130\Pc/rec.\Pe=12cm
  0
MTEXT
  5
1E9
330
17
100
AcDbEntity
  8
NOMENCLATURA
100
AcDbMText
 10
2564.38
 20
2843.88
 30
0.0
 40
10.0
 71
1
  1
12 PAV - L201  160x130cm  e=12cm  paineis: 3x1
  0
LWPOLYLINE
  5
1EA
330
17
100
AcDbEntity
  8
Contorno
100
AcDbPolyline
 90
7
 70
1
 10
2892.94
 20
2695.53
 10
3022.94
 20
2695.53
 10
3022.94
 20
2795.53
 10
2904.94
 20
2795.53
 10
2904.94
 20
2825.53
 10
2892.94
 20
2825.53
 10
2892.94
 20
2695.53
  0
LWPOLYLINE
  5
1EB
330
17
100
AcDbEntity
  8
Paineis
100
AcDbPolyline
 90
4
 70
1
 10
2892.94
 20
2695.53
 10
2992.94
 20
2695.53
 10
2992.94
 20
2825.53
 10
2892.94
 20
2825.53
  0
LWPOLYLINE
  5
1EC
330
17
100
AcDbEntity
  8
Paineis
100
AcDbPolyline
 90
4
 70
1
 10
2992.94
 20
2695.53
 10
3022.94
 20
2695.53
 10
3022.94
 20
2825.53
 10
2992.94
 20
2825.53
  0
MTEXT
  5
1ED
330
17
100
AcDbEntity
  8
Texto Secao
100
AcDbMText
 10
2957.94
 20
2760.53
 30
0.0
 40
8.0
 71
1
  1
L202\Pe=12cm
  0
MTEXT
  5
1EE
330
17
100
AcDbEntity
  8
AUX00
100
AcDbMText
 10
2942.94
 20
2760.53
 30
0.0
 40
6.0
 71
1
  1
L202\P100X130\Pc/rec.\Pe=12cm
  0
MTEXT
  5
1EF
330
17
100
AcDbEntity
  8
AUX00
100
AcDbMText
 10
3007.94
 20
2760.53
 30
0.0
 40
6.0
 71
1
  1
L202\P30X130\Pc/rec.\Pe=12cm
  0
MTEXT
  5
1F0
330
17
100
AcDbEntity
  8
NOMENCLATURA
100
AcDbMText
 10
2892.94
 20
2855.53
 30
0.0
 40
10.0
 71
1
  1
12 PAV - L202  130x130cm  e=12cm  paineis: 3x1
  0
LWPOLYLINE
  5
1F1
330
17
100
AcDbEntity
  8
Contorno
100
AcDbPolyline
 90
7
 70
1
 10
3125.95
 20
2641.29
 10
3290.95
 20
2641.29
 10
3290.95
 20
2660.29
 10
3144.95
 20
2660.29
 10
3144.95
 20
2859.29
 10
3125.95
 20
2859.29
 10
3125.95
 20
2641.29
  0
LWPOLYLINE
  5
1F2
330
17
100
AcDbEntity
  8
Paineis
100
AcDbPolyline
 90
4
 70
1
 10
3125.95
 20
2641.29
 10
3225.95
 20
2641.29
 10
3225.95
 20
2806.29
 10
3125.95
 20
2806.29
  0
LWPOLYLINE
  5
1F3
330
17
100
AcDbEntity
  8
Paineis
100
AcDbPolyline
 90
4
 70
1
 10
3225.95
 20
2641.29
 10
3325.95
 20
2641.29
 10
3325.95
 20
2806.29
 10
3225.95
 20
2806.29
  0
LWPOLYLINE
  5
1F4
330
17
100
AcDbEntity
  8
Paineis
100
AcDbPolyline
 90
4
 70
1
 10
3325.95
 20
2641.29
 10
3343.95
 20
2641.29
 10
3343.95
 20
2806.29
 10
3325.95
 20
2806.29
  0
MTEXT
  5
1F5
330
17
100
AcDbEntity
  8
Texto Secao
100
AcDbMText
 10
3234.95
 20
2723.79
 30
0.0
 40
8.72
 71
1
  1
L203\Pe=12cm
  0
MTEXT
  5
1F6
330
17
100
AcDbEntity
  8
AUX00
100
AcDbMText
 10
3175.95
 20
2723.79
 30
0.0
 40
6.0
 71
1
  1
L203\P100X165\Pc/rec.\Pe=12cm
  0
MTEXT
  5
1F7
330
17
100
AcDbEntity
  8
AUX00
100
AcDbMText
 10
3275.95
 20
2723.79
 30
0.0
 40
6.0
 71
1
  1
L203\P100X165\Pc/rec.\Pe=12cm
  0
MTEXT
  5
1F8
330
17
100
AcDbEntity
  8
AUX00
100
AcDbMText
 10
3334.95
 20
2723.79
 30
0.0
 40
6.0
 71
1
  1
L203\P18X165\Pc/rec.\Pe=12cm
  0
MTEXT
  5
1F9
330
17
100
AcDbEntity
  8
NOMENCLATURA
100
AcDbMText
 10
3125.95
 20
2836.29
 30
0.0
 40
10.0
 71
1
  1
12 PAV - L203  218x165cm  e=12cm  paineis: 4x1
  0
LWPOLYLINE
  5
1FA
330
17
100
AcDbEntity
  8
Contorno
100
AcDbPolyline
 90
7
 70
1
 10
3618.19
 20
2674.82
 10
3618.19
 20
2892.82
 10
3599.19
 20
2892.82
 10
3599.19
 20
2693.82
 10
3453.19
 20
2693.82
 10
3453.19
 20
2674.82
 10
3618.19
 20
2674.82
  0
LWPOLYLINE
  5
1FB
330
17
100
AcDbEntity
  8
Paineis
100
AcDbPolyline
 90
4
 70
1
 10
3453.19
 20
2674.82
 10
3553.19
 20
2674.82
 10
3553.19
 20
2839.82
 10
3453.19
 20
2839.82
  0
LWPOLYLINE
  5
1FC
330
17
100
AcDbEntity
  8
Paineis
100
AcDbPolyline
 90
4
 70
1
 10
3553.19
 20
2674.82
 10
3653.19
 20
2674.82
 10
3653.19
 20
2839.82
 10
3553.19
 20
2839.82
  0
LWPOLYLINE
  5
1FD
330
17
100
AcDbEntity
  8
Paineis
100
AcDbPolyline
 90
4
 70
1
 10
3653.19
 20
2674.82
 10
3671.19
 20
2674.82
 10
3671.19
 20
2839.82
 10
3653.19
 20
2839.82
  0
MTEXT
  5
1FE
330
17
100
AcDbEntity
  8
Texto Secao
100
AcDbMText
 10
3562.19
 20
2757.32
 30
0.0
 40
8.72
 71
1
  1
L204\Pe=12cm
  0
MTEXT
  5
1FF
330
17
100
AcDbEntity
  8
AUX00
100
AcDbMText
 10
3503.19
 20
2757.32
 30
0.0
 40
6.0
 71
1
  1
L204\P100X165\Pc/rec.\Pe=12cm
  0
MTEXT
  5
200
330
17
100
AcDbEntity
  8
AUX00
100
AcDbMText
 10
3603.19
 20
2757.32
 30
0.0
 40
6.0
 71
1
  1
L204\P100X165\Pc/rec.\Pe=12cm
  0
MTEXT
  5
201
330
17
100
AcDbEntity
  8
AUX00
100
AcDbMText
 10
3662.19
 20
2757.32
 30
0.0
 40
6.0
 71
1
  1
L204\P18X165\Pc/rec.\Pe=12cm
  0
MTEXT
  5
202
330
17
100
AcDbEntity
  8
NOMENCLATURA
100
AcDbMText
 10
3453.19
 20
2869.82
 30
0.0
 40
10.0
 71
1
  1
12 PAV - L204  218x165cm  e=12cm  paineis: 4x1
  0
LWPOLYLINE
  5
203
330
17
100
AcDbEntity
  8
Contorno
100
AcDbPolyline
 90
7
 70
1
 10
3833.59
 20
2585.99
 10
3998.59
 20
2585.99
 10
3998.59
 20
2604.99
 10
3852.59
 20
2604.99
 10
3852.59
 20
2803.99
 10
3833.59
 20
2803.99
 10
3833.59
 20
2585.99
  0
LWPOLYLINE
  5
204
330
17
100
AcDbEntity
  8
Paineis
100
AcDbPolyline
 90
4
 70
1
 10
3833.59
 20
2585.99
 10
3933.59
 20
2585.99
 10
3933.59
 20
2750.99
 10
3833.59
 20
2750.99
  0
LWPOLYLINE
  5
205
330
17
100
AcDbEntity
  8
Paineis
100
AcDbPolyline
 90
4
 70
1
 10
3933.59
 20
2585.99
 10
4033.59
 20
2585.99
 10
4033.59
 20
2750.99
 10
3933.59
 20
2750.99
  0
LWPOLYLINE
  5
206
330
17
100
AcDbEntity
  8
Paineis
100
AcDbPolyline
 90
4
 70
1
 10
4033.59
 20
2585.99
 10
4051.59
 20
2585.99
 10
4051.59
 20
2750.99
 10
4033.59
 20
2750.99
  0
MTEXT
  5
207
330
17
100
AcDbEntity
  8
Texto Secao
100
AcDbMText
 10
3942.59
 20
2668.49
 30
0.0
 40
8.72
 71
1
  1
L205\Pe=12cm
  0
MTEXT
  5
208
330
17
100
AcDbEntity
  8
AUX00
100
AcDbMText
 10
3883.59
 20
2668.49
 30
0.0
 40
6.0
 71
1
  1
L205\P100X165\Pc/rec.\Pe=12cm
  0
MTEXT
  5
209
330
17
100
AcDbEntity
  8
AUX00
100
AcDbMText
 10
3983.59
 20
2668.49
 30
0.0
 40
6.0
 71
1
  1
L205\P100X165\Pc/rec.\Pe=12cm
  0
MTEXT
  5
20A
330
17
100
AcDbEntity
  8
AUX00
100
AcDbMText
 10
4042.59
 20
2668.49
 30
0.0
 40
6.0
 71
1
  1
L205\P18X165\Pc/rec.\Pe=12cm
  0
MTEXT
  5
20B
330
17
100
AcDbEntity
  8
NOMENCLATURA
100
AcDbMText
 10
3833.59
 20
2780.99
 30
0.0
 40
10.0
 71
1
  1
12 PAV - L205  218x165cm  e=12cm  paineis: 4x1
  0
LWPOLYLINE
  5
20C
330
17
100
AcDbEntity
  8
Contorno
100
AcDbPolyline
 90
7
 70
1
 10
4445.46
 20
2438.59
 10
4445.46
 20
2656.59
 10
4426.46
 20
2656.59
 10
4426.46
 20
2457.59
 10
4280.46
 20
2457.59
 10
4280.46
 20
2438.59
 10
4445.46
 20
2438.59
  0
LWPOLYLINE
  5
20D
330
17
100
AcDbEntity
  8
Paineis
100
AcDbPolyline
 90
4
 70
1
 10
4280.46
 20
2438.59
 10
4380.46
 20
2438.59
 10
4380.46
 20
2603.59
 10
4280.46
 20
2603.59
  0
LWPOLYLINE
  5
20E
330
17
100
AcDbEntity
  8
Paineis
100
AcDbPolyline
 90
4
 70
1
 10
4380.46
 20
2438.59
 10
4480.46
 20
2438.59
 10
4480.46
 20
2603.59
 10
4380.46
 20
2603.59
  0
LWPOLYLINE
  5
20F
330
17
100
AcDbEntity
  8
Paineis
100
AcDbPolyline
 90
4
 70
1
 10
4480.46
 20
2438.59
 10
4498.46
 20
2438.59
 10
4498.46
 20
2603.59
 10
4480.46
 20
2603.59
  0
MTEXT
  5
210
330
17
100
AcDbEntity
  8
Texto Secao
100
AcDbMText
 10
4389.46
 20
2521.09
 30
0.0
 40
8.72
 71
1
  1
L206\Pe=12cm
  0
MTEXT
  5
211
330
17
100
AcDbEntity
  8
AUX00
100
AcDbMText
 10
4330.46
 20
2521.09
 30
0.0
 40
6.0
 71
1
  1
L206\P100X165\Pc/rec.\Pe=12cm
  0
MTEXT
  5
212
330
17
100
AcDbEntity
  8
AUX00
100
AcDbMText
 10
4430.46
 20
2521.09
 30
0.0
 40
6.0
 71
1
  1
L206\P100X165\Pc/rec.\Pe=12cm
  0
MTEXT
  5
213
330
17
100
AcDbEntity
  8
AUX00
100
AcDbMText
 10
4489.46
 20
2521.09
 30
0.0
 40
6.0
 71
1
  1
L206\P18X165\Pc/rec.\Pe=12cm
  0
MTEXT
  5
214
330
17
100
AcDbEntity
  8
NOMENCLATURA
100
AcDbMText
 10
4280.46
 20
2633.59
 30
0.0
 40
10.0
 71
1
  1
12 PAV - L206  218x165cm  e=12cm  paineis: 4x1
  0
LWPOLYLINE
  5
215
330
17
100
AcDbEntity
  8
Contorno
100
AcDbPolyline
 90
5
 70
1
 10
4670.14
 20
2456.42
 10
4820.14
 20
2456.42
 10
4820.14
 20
2636.42
 10
4670.14
 20
2636.42
 10
4670.14
 20
2456.42
  0
LWPOLYLINE
  5
216
330
17
100
AcDbEntity
  8
Paineis
100
AcDbPolyline
 90
4
 70
1
 10
4670.14
 20
2456.42
 10
4770.14
 20
2456.42
 10
4770.14
 20
2606.42
 10
4670.14
 20
2606.42
  0
LWPOLYLINE
  5
217
330
17
100
AcDbEntity
  8
Paineis
100
AcDbPolyline
 90
4
 70
1
 10
4770.14
 20
2456.42
 10
4850.14
 20
2456.42
 10
4850.14
 20
2606.42
 10
4770.14
 20
2606.42
  0
MTEXT
  5
218
330
17
100
AcDbEntity
  8
Texto Secao
100
AcDbMText
 10
4760.14
 20
2531.42
 30
0.0
 40
8.0
 71
1
  1
L207\Pe=12cm
  0
MTEXT
  5
219
330
17
100
AcDbEntity
  8
AUX00
100
AcDbMText
 10
4720.14
 20
2531.42
 30
0.0
 40
6.0
 71
1
  1
L207\P100X150\Pc/rec.\Pe=12cm
  0
MTEXT
  5
21A
330
17
100
AcDbEntity
  8
AUX00
100
AcDbMText
 10
4810.14
 20
2531.42
 30
0.0
 40
6.0
 71
1
  1
L207\P80X150\Pc/rec.\Pe=12cm
  0
MTEXT
  5
21B
330
17
100
AcDbEntity
  8
NOMENCLATURA
100
AcDbMText
 10
4670.14
 20
2636.42
 30
0.0
 40
10.0
 71
1
  1
12 PAV - L207  180x150cm  e=12cm  paineis: 3x1
  0
LWPOLYLINE
  5
21C
330
17
100
AcDbEntity
  8
Contorno
100
AcDbPolyline
 90
17
 70
1
 10
3918.64
 20
2448.92
 10
3918.64
 20
2508.92
 10
2799.14
 20
2508.92
 10
2799.14
 20
2448.92
 10
2818.14
 20
2448.92
 10
2818.14
 20
2496.92
 10
3236.14
 20
2496.92
 10
3236.14
 20
2448.92
 10
3255.14
 20
2448.92
 10
3255.14
 20
2496.92
 10
3461.64
 20
2496.92
 10
3461.64
 20
2378.92
 10
3521.64
 20
2378.92
 10
3521.64
 20
2494.92
 10
3899.64
 20
2494.92
 10
3899.64
 20
2448.92
 10
3918.64
 20
2448.92
  0
LWPOLYLINE
  5
21D
330
17
100
AcDbEntity
  8
Paineis
100
AcDbPolyline
 90
4
 70
1
 10
2799.14
 20
2378.92
 10
2899.14
 20
2378.92
 10
2899.14
 20
2508.92
 10
2799.14
 20
2508.92
  0
LWPOLYLINE
  5
21E
330
17
100
AcDbEntity
  8
Paineis
100
AcDbPolyline
 90
4
 70
1
 10
2899.14
 20
2378.92
 10
2999.14
 20
2378.92
 10
2999.14
 20
2508.92
 10
2899.14
 20
2508.92
  0
LWPOLYLINE
  5
21F
330
17
100
AcDbEntity
  8
Paineis
100
AcDbPolyline
 90
4
 70
1
 10
2999.14
 20
2378.92
 10
3099.14
 20
2378.92
 10
3099.14
 20
2508.92
 10
2999.14
 20
2508.92
  0
LWPOLYLINE
  5
220
330
17
100
AcDbEntity
  8
Paineis
100
AcDbPolyline
 90
4
 70
1
 10
3099.14
 20
2378.92
 10
3199.14
 20
2378.92
 10
3199.14
 20
2508.92
 10
3099.14
 20
2508.92
  0
LWPOLYLINE
  5
221
330
17
100
AcDbEntity
  8
Paineis
100
AcDbPolyline
 90
4
 70
1
 10
3199.14
 20
2378.92
 10
3299.14
 20
2378.92
 10
3299.14
 20
2508.92
 10
3199.14
 20
2508.92
  0
LWPOLYLINE
  5
222
330
17
100
AcDbEntity
  8
Paineis
100
AcDbPolyline
 90
4
 70
1
 10
3299.14
 20
2378.92
 10
3399.14
 20
2378.92
 10
3399.14
 20
2508.92
 10
3299.14
 20
2508.92
  0
LWPOLYLINE
  5
223
330
17
100
AcDbEntity
  8
Paineis
100
AcDbPolyline
 90
4
 70
1
 10
3399.14
 20
2378.92
 10
3499.14
 20
2378.92
 10
3499.14
 20
2508.92
 10
3399.14
 20
2508.92
  0
LWPOLYLINE
  5
224
330
17
100
AcDbEntity
  8
Paineis
100
AcDbPolyline
 90
4
 70
1
 10
3499.14
 20
2378.92
 10
3599.14
 20
2378.92
 10
3599.14
 20
2508.92
 10
3499.14
 20
2508.92
  0
LWPOLYLINE
  5
225
330
17
100
AcDbEntity
  8
Paineis
100
AcDbPolyline
 90
4
 70
1
 10
3599.14
 20
2378.92
 10
3699.14
 20
2378.92
 10
3699.14
 20
2508.92
 10
3599.14
 20
2508.92
  0
LWPOLYLINE
  5
226
330
17
100
AcDbEntity
  8
Paineis
100
AcDbPolyline
 90
4
 70
1
 10
3699.14
 20
2378.92
 10
3799.14
 20
2378.92
 10
3799.14
 20
2508.92
 10
3699.14
 20
2508.92
  0
LWPOLYLINE
  5
227
330
17
100
AcDbEntity
  8
Paineis
100
AcDbPolyline
 90
4
 70
1
 10
3799.14
 20
2378.92
 10
3899.14
 20
2378.92
 10
3899.14
 20
2508.92
 10
3799.14
 20
2508.92
  0
LWPOLYLINE
  5
228
330
17
100
AcDbEntity
  8
Paineis
100
AcDbPolyline
 90
4
 70
1
 10
3899.14
 20
2378.92
 10
3918.64
 20
2378.92
 10
3918.64
 20
2508.92
 10
3899.14
 20
2508.92
  0
MTEXT
  5
229
330
17
100
AcDbEntity
  8
Texto Secao
100
AcDbMText
 10
3358.89
 20
2443.92
 30
0.0
 40
44.78
 71
1
  1
L208\Pe=12cm
  0
MTEXT
  5
22A
330
17
100
AcDbEntity
  8
AUX00
100
AcDbMText
 10
2849.14
 20
2443.92
 30
0.0
 40
6.0
 71
1
  1
L208\P100X130\Pc/rec.\Pe=12cm
  0
MTEXT
  5
22B
330
17
100
AcDbEntity
  8
AUX00
100
AcDbMText
 10
2949.14
 20
2443.92
 30
0.0
 40
6.0
 71
1
  1
L208\P100X130\Pc/rec.\Pe=12cm
  0
MTEXT
  5
22C
330
17
100
AcDbEntity
  8
AUX00
100
AcDbMText
 10
3049.14
 20
2443.92
 30
0.0
 40
6.0
 71
1
  1
L208\P100X130\Pc/rec.\Pe=12cm
  0
MTEXT
  5
22D
330
17
100
AcDbEntity
  8
AUX00
100
AcDbMText
 10
3149.14
 20
2443.92
 30
0.0
 40
6.0
 71
1
  1
L208\P100X130\Pc/rec.\Pe=12cm
  0
MTEXT
  5
22E
330
17
100
AcDbEntity
  8
AUX00
100
AcDbMText
 10
3249.14
 20
2443.92
 30
0.0
 40
6.0
 71
1
  1
L208\P100X130\Pc/rec.\Pe=12cm
  0
MTEXT
  5
22F
330
17
100
AcDbEntity
  8
AUX00
100
AcDbMText
 10
3349.14
 20
2443.92
 30
0.0
 40
6.0
 71
1
  1
L208\P100X130\Pc/rec.\Pe=12cm
  0
MTEXT
  5
230
330
17
100
AcDbEntity
  8
AUX00
100
AcDbMText
 10
3449.14
 20
2443.92
 30
0.0
 40
6.0
 71
1
  1
L208\P100X130\Pc/rec.\Pe=12cm
  0
MTEXT
  5
231
330
17
100
AcDbEntity
  8
AUX00
100
AcDbMText
 10
3549.14
 20
2443.92
 30
0.0
 40
6.0
 71
1
  1
L208\P100X130\Pc/rec.\Pe=12cm
  0
MTEXT
  5
232
330
17
100
AcDbEntity
  8
AUX00
100
AcDbMText
 10
3649.14
 20
2443.92
 30
0.0
 40
6.0
 71
1
  1
L208\P100X130\Pc/rec.\Pe=12cm
  0
MTEXT
  5
233
330
17
100
AcDbEntity
  8
AUX00
100
AcDbMText
 10
3749.14
 20
2443.92
 30
0.0
 40
6.0
 71
1
  1
L208\P100X130\Pc/rec.\Pe=12cm
  0
MTEXT
  5
234
330
17
100
AcDbEntity
  8
AUX00
100
AcDbMText
 10
3849.14
 20
2443.92
 30
0.0
 40
6.0
 71
1
  1
L208\P100X130\Pc/rec.\Pe=12cm
  0
MTEXT
  5
235
330
17
100
AcDbEntity
  8
AUX00
100
AcDbMText
 10
3908.89
 20
2443.92
 30
0.0
 40
6.0
 71
1
  1
L208\P20X130\Pc/rec.\Pe=12cm
  0
MTEXT
  5
236
330
17
100
AcDbEntity
  8
NOMENCLATURA
100
AcDbMText
 10
2799.14
 20
2538.92
 30
0.0
 40
10.0
 71
1
  1
12 PAV - L208  1120x130cm  e=12cm  paineis: 13x1
  0
LWPOLYLINE
  5
237
330
17
100
AcDbEntity
  8
Contorno
100
AcDbPolyline
 90
5
 70
1
 10
3904.59
 20
2267.12
 10
4087.59
 20
2267.12
 10
4087.59
 20
2445.12
 10
3904.59
 20
2445.12
 10
3904.59
 20
2267.12
  0
LWPOLYLINE
  5
238
330
17
100
AcDbEntity
  8
Paineis
100
AcDbPolyline
 90
4
 70
1
 10
3904.59
 20
2267.12
 10
4004.59
 20
2267.12
 10
4004.59
 20
2445.12
 10
3904.59
 20
2445.12
  0
LWPOLYLINE
  5
239
330
17
100
AcDbEntity
  8
Paineis
100
AcDbPolyline
 90
4
 70
1
 10
4004.59
 20
2267.12
 10
4087.59
 20
2267.12
 10
4087.59
 20
2445.12
 10
4004.59
 20
2445.12
  0
MTEXT
  5
23A
330
17
100
AcDbEntity
  8
Texto Secao
100
AcDbMText
 10
3996.09
 20
2356.12
 30
0.0
 40
8.0
 71
1
  1
L209\Pe=12cm
  0
MTEXT
  5
23B
330
17
100
AcDbEntity
  8
AUX00
100
AcDbMText
 10
3954.59
 20
2356.12
 30
0.0
 40
6.0
 71
1
  1
L209\P100X178\Pc/rec.\Pe=12cm
  0
MTEXT
  5
23C
330
17
100
AcDbEntity
  8
AUX00
100
AcDbMText
 10
4046.09
 20
2356.12
 30
0.0
 40
6.0
 71
1
  1
L209\P83X178\Pc/rec.\Pe=12cm
  0
MTEXT
  5
23D
330
17
100
AcDbEntity
  8
NOMENCLATURA
100
AcDbMText
 10
3904.59
 20
2475.12
 30
0.0
 40
10.0
 71
1
  1
12 PAV - L209  183x178cm  e=12cm  paineis: 3x1
  0
LWPOLYLINE
  5
23E
330
17
100
AcDbEntity
  8
Contorno
100
AcDbPolyline
 90
5
 70
1
 10
4443.4400000000005
 20
2273.66
 10
4593.4400000000005
 20
2273.66
 10
4593.4400000000005
 20
2456.96
 10
4443.4400000000005
 20
2456.96
 10
4443.4400000000005
 20
2273.66
  0
LWPOLYLINE
  5
23F
330
17
100
AcDbEntity
  8
Paineis
100
AcDbPolyline
 90
4
 70
1
 10
4443.4400000000005
 20
2273.66
 10
4543.4400000000005
 20
2273.66
 10
4543.4400000000005
 20
2423.66
 10
4443.4400000000005
 20
2423.66
  0
LWPOLYLINE
  5
240
330
17
100
AcDbEntity
  8
Paineis
100
AcDbPolyline
 90
4
 70
1
 10
4543.4400000000005
 20
2273.66
 10
4626.740000000001
 20
2273.66
 10
4626.740000000001
 20
2423.66
 10
4543.4400000000005
 20
2423.66
  0
MTEXT
  5
241
330
17
100
AcDbEntity
  8
Texto Secao
100
AcDbMText
 10
4535.09
 20
2348.66
 30
0.0
 40
8.0
 71
1
  1
L210\Pe=12cm
  0
MTEXT
  5
242
330
17
100
AcDbEntity
  8
AUX00
100
AcDbMText
 10
4493.4400000000005
 20
2348.66
 30
0.0
 40
6.0
 71
1
  1
L210\P100X150\Pc/rec.\Pe=12cm
  0
MTEXT
  5
243
330
17
100
AcDbEntity
  8
AUX00
100
AcDbMText
 10
4585.09
 20
2348.66
 30
0.0
 40
6.0
 71
1
  1
L210\P83X150\Pc/rec.\Pe=12cm
  0
MTEXT
  5
244
330
17
100
AcDbEntity
  8
NOMENCLATURA
100
AcDbMText
 10
4443.4400000000005
 20
2453.66
 30
0.0
 40
10.0
 71
1
  1
12 PAV - L210  183x150cm  e=12cm  paineis: 3x1
  0
LWPOLYLINE
  5
245
330
17
100
AcDbEntity
  8
Contorno
100
AcDbPolyline
 90
5
 70
1
 10
2213.73
 20
1767.86
 10
3031.5299999999997
 20
1767.86
 10
3031.5299999999997
 20
2212.3599999999997
 10
2213.73
 20
2212.3599999999997
 10
2213.73
 20
1767.86
  0
LWPOLYLINE
  5
246
330
17
100
AcDbEntity
  8
Paineis
100
AcDbPolyline
 90
4
 70
1
 10
2213.73
 20
1767.86
 10
2313.73
 20
1767.86
 10
2313.73
 20
2212.3599999999997
 10
2213.73
 20
2212.3599999999997
  0
LWPOLYLINE
  5
247
330
17
100
AcDbEntity
  8
Paineis
100
AcDbPolyline
 90
4
 70
1
 10
2313.73
 20
1767.86
 10
2413.73
 20
1767.86
 10
2413.73
 20
2212.3599999999997
 10
2313.73
 20
2212.3599999999997
  0
LWPOLYLINE
  5
248
330
17
100
AcDbEntity
  8
Paineis
100
AcDbPolyline
 90
4
 70
1
 10
2413.73
 20
1767.86
 10
2513.73
 20
1767.86
 10
2513.73
 20
2212.3599999999997
 10
2413.73
 20
2212.3599999999997
  0
LWPOLYLINE
  5
249
330
17
100
AcDbEntity
  8
Paineis
100
AcDbPolyline
 90
4
 70
1
 10
2513.73
 20
1767.86
 10
2613.73
 20
1767.86
 10
2613.73
 20
2212.3599999999997
 10
2513.73
 20
2212.3599999999997
  0
LWPOLYLINE
  5
24A
330
17
100
AcDbEntity
  8
Paineis
100
AcDbPolyline
 90
4
 70
1
 10
2613.73
 20
1767.86
 10
2713.73
 20
1767.86
 10
2713.73
 20
2212.3599999999997
 10
2613.73
 20
2212.3599999999997
  0
LWPOLYLINE
  5
24B
330
17
100
AcDbEntity
  8
Paineis
100
AcDbPolyline
 90
4
 70
1
 10
2713.73
 20
1767.86
 10
2813.73
 20
1767.86
 10
2813.73
 20
2212.3599999999997
 10
2713.73
 20
2212.3599999999997
  0
LWPOLYLINE
  5
24C
330
17
100
AcDbEntity
  8
Paineis
100
AcDbPolyline
 90
4
 70
1
 10
2813.73
 20
1767.86
 10
2913.73
 20
1767.86
 10
2913.73
 20
2212.3599999999997
 10
2813.73
 20
2212.3599999999997
  0
LWPOLYLINE
  5
24D
330
17
100
AcDbEntity
  8
Paineis
100
AcDbPolyline
 90
4
 70
1
 10
2913.73
 20
1767.86
 10
3013.73
 20
1767.86
 10
3013.73
 20
2212.3599999999997
 10
2913.73
 20
2212.3599999999997
  0
LWPOLYLINE
  5
24E
330
17
100
AcDbEntity
  8
Paineis
100
AcDbPolyline
 90
4
 70
1
 10
3013.73
 20
1767.86
 10
3031.5299999999997
 20
1767.86
 10
3031.5299999999997
 20
2212.3599999999997
 10
3013.73
 20
2212.3599999999997
  0
MTEXT
  5
24F
330
17
100
AcDbEntity
  8
Texto Secao
100
AcDbMText
 10
2622.63
 20
1990.11
 30
0.0
 40
32.711999999999996
 71
1
  1
L211\Pe=12cm
  0
MTEXT
  5
250
330
17
100
AcDbEntity
  8
AUX00
100
AcDbMText
 10
2263.73
 20
1990.11
 30
0.0
 40
6.0
 71
1
  1
L211\P100X444\Pc/rec.\Pe=12cm
  0
MTEXT
  5
251
330
17
100
AcDbEntity
  8
AUX00
100
AcDbMText
 10
2363.73
 20
1990.11
 30
0.0
 40
6.0
 71
1
  1
L211\P100X444\Pc/rec.\Pe=12cm
  0
MTEXT
  5
252
330
17
100
AcDbEntity
  8
AUX00
100
AcDbMText
 10
2463.73
 20
1990.11
 30
0.0
 40
6.0
 71
1
  1
L211\P100X444\Pc/rec.\Pe=12cm
  0
MTEXT
  5
253
330
17
100
AcDbEntity
  8
AUX00
100
AcDbMText
 10
2563.73
 20
1990.11
 30
0.0
 40
6.0
 71
1
  1
L211\P100X444\Pc/rec.\Pe=12cm
  0
MTEXT
  5
254
330
17
100
AcDbEntity
  8
AUX00
100
AcDbMText
 10
2663.73
 20
1990.11
 30
0.0
 40
6.0
 71
1
  1
L211\P100X444\Pc/rec.\Pe=12cm
  0
MTEXT
  5
255
330
17
100
AcDbEntity
  8
AUX00
100
AcDbMText
 10
2763.73
 20
1990.11
 30
0.0
 40
6.0
 71
1
  1
L211\P100X444\Pc/rec.\Pe=12cm
  0
MTEXT
  5
256
330
17
100
AcDbEntity
  8
AUX00
100
AcDbMText
 10
2863.73
 20
1990.11
 30
0.0
 40
6.0
 71
1
  1
L211\P100X444\Pc/rec.\Pe=12cm
  0
MTEXT
  5
257
330
17
100
AcDbEntity
  8
AUX00
100
AcDbMText
 10
2963.73
 20
1990.11
 30
0.0
 40
6.0
 71
1
  1
L211\P100X444\Pc/rec.\Pe=12cm
  0
MTEXT
  5
258
330
17
100
AcDbEntity
  8
AUX00
100
AcDbMText
 10
3022.63
 20
1990.11
 30
0.0
 40
6.0
 71
1
  1
L211\P18X444\Pc/rec.\Pe=12cm
  0
MTEXT
  5
259
330
17
100
AcDbEntity
  8
NOMENCLATURA
100
AcDbMText
 10
2213.73
 20
2242.3599999999997
 30
0.0
 40
10.0
 71
1
  1
12 PAV - L211  818x444cm  e=12cm  paineis: 10x1
  0
LWPOLYLINE
  5
25A
330
17
100
AcDbEntity
  8
Contorno
100
AcDbPolyline
 90
5
 70
1
 10
2724.71
 20
1887.08
 10
3169.21
 20
1887.08
 10
3169.21
 20
2093.58
 10
2724.71
 20
2093.58
 10
2724.71
 20
1887.08
  0
LWPOLYLINE
  5
25B
330
17
100
AcDbEntity
  8
Paineis
100
AcDbPolyline
 90
4
 70
1
 10
2724.71
 20
1887.08
 10
2824.71
 20
1887.08
 10
2824.71
 20
2093.58
 10
2724.71
 20
2093.58
  0
LWPOLYLINE
  5
25C
330
17
100
AcDbEntity
  8
Paineis
100
AcDbPolyline
 90
4
 70
1
 10
2824.71
 20
1887.08
 10
2924.71
 20
1887.08
 10
2924.71
 20
2093.58
 10
2824.71
 20
2093.58
  0
LWPOLYLINE
  5
25D
330
17
100
AcDbEntity
  8
Paineis
100
AcDbPolyline
 90
4
 70
1
 10
2924.71
 20
1887.08
 10
3024.71
 20
1887.08
 10
3024.71
 20
2093.58
 10
2924.71
 20
2093.58
  0
LWPOLYLINE
  5
25E
330
17
100
AcDbEntity
  8
Paineis
100
AcDbPolyline
 90
4
 70
1
 10
3024.71
 20
1887.08
 10
3124.71
 20
1887.08
 10
3124.71
 20
2093.58
 10
3024.71
 20
2093.58
  0
LWPOLYLINE
  5
25F
330
17
100
AcDbEntity
  8
Paineis
100
AcDbPolyline
 90
4
 70
1
 10
3124.71
 20
1887.08
 10
3169.21
 20
1887.08
 10
3169.21
 20
2093.58
 10
3124.71
 20
2093.58
  0
MTEXT
  5
260
330
17
100
AcDbEntity
  8
Texto Secao
100
AcDbMText
 10
2946.96
 20
1990.33
 30
0.0
 40
17.78
 71
1
  1
L212\Pe=12cm
  0
MTEXT
  5
261
330
17
100
AcDbEntity
  8
AUX00
100
AcDbMText
 10
2774.71
 20
1990.33
 30
0.0
 40
6.0
 71
1
  1
L212\P100X206\Pc/rec.\Pe=12cm
  0
MTEXT
  5
262
330
17
100
AcDbEntity
  8
AUX00
100
AcDbMText
 10
2874.71
 20
1990.33
 30
0.0
 40
6.0
 71
1
  1
L212\P100X206\Pc/rec.\Pe=12cm
  0
MTEXT
  5
263
330
17
100
AcDbEntity
  8
AUX00
100
AcDbMText
 10
2974.71
 20
1990.33
 30
0.0
 40
6.0
 71
1
  1
L212\P100X206\Pc/rec.\Pe=12cm
  0
MTEXT
  5
264
330
17
100
AcDbEntity
  8
AUX00
100
AcDbMText
 10
3074.71
 20
1990.33
 30
0.0
 40
6.0
 71
1
  1
L212\P100X206\Pc/rec.\Pe=12cm
  0
MTEXT
  5
265
330
17
100
AcDbEntity
  8
AUX00
100
AcDbMText
 10
3146.96
 20
1990.33
 30
0.0
 40
6.0
 71
1
  1
L212\P44X206\Pc/rec.\Pe=12cm
  0
MTEXT
  5
266
330
17
100
AcDbEntity
  8
NOMENCLATURA
100
AcDbMText
 10
2724.71
 20
2123.58
 30
0.0
 40
10.0
 71
1
  1
12 PAV - L212  444x206cm  e=12cm  paineis: 6x1
  0
LWPOLYLINE
  5
267
330
17
100
AcDbEntity
  8
Contorno
100
AcDbPolyline
 90
5
 70
1
 10
2903.64
 20
1764.02
 10
3721.4399999999996
 20
1764.02
 10
3721.4399999999996
 20
2198.02
 10
2903.64
 20
2198.02
 10
2903.64
 20
1764.02
  0
LWPOLYLINE
  5
268
330
17
100
AcDbEntity
  8
Paineis
100
AcDbPolyline
 90
4
 70
1
 10
2903.64
 20
1764.02
 10
3003.64
 20
1764.02
 10
3003.64
 20
2198.02
 10
2903.64
 20
2198.02
  0
LWPOLYLINE
  5
269
330
17
100
AcDbEntity
  8
Paineis
100
AcDbPolyline
 90
4
 70
1
 10
3003.64
 20
1764.02
 10
3103.64
 20
1764.02
 10
3103.64
 20
2198.02
 10
3003.64
 20
2198.02
  0
LWPOLYLINE
  5
26A
330
17
100
AcDbEntity
  8
Paineis
100
AcDbPolyline
 90
4
 70
1
 10
3103.64
 20
1764.02
 10
3203.64
 20
1764.02
 10
3203.64
 20
2198.02
 10
3103.64
 20
2198.02
  0
LWPOLYLINE
  5
26B
330
17
100
AcDbEntity
  8
Paineis
100
AcDbPolyline
 90
4
 70
1
 10
3203.64
 20
1764.02
 10
3303.64
 20
1764.02
 10
3303.64
 20
2198.02
 10
3203.64
 20
2198.02
  0
LWPOLYLINE
  5
26C
330
17
100
AcDbEntity
  8
Paineis
100
AcDbPolyline
 90
4
 70
1
 10
3303.64
 20
1764.02
 10
3403.64
 20
1764.02
 10
3403.64
 20
2198.02
 10
3303.64
 20
2198.02
  0
LWPOLYLINE
  5
26D
330
17
100
AcDbEntity
  8
Paineis
100
AcDbPolyline
 90
4
 70
1
 10
3403.64
 20
1764.02
 10
3503.64
 20
1764.02
 10
3503.64
 20
2198.02
 10
3403.64
 20
2198.02
  0
LWPOLYLINE
  5
26E
330
17
100
AcDbEntity
  8
Paineis
100
AcDbPolyline
 90
4
 70
1
 10
3503.64
 20
1764.02
 10
3603.64
 20
1764.02
 10
3603.64
 20
2198.02
 10
3503.64
 20
2198.02
  0
LWPOLYLINE
  5
26F
330
17
100
AcDbEntity
  8
Paineis
100
AcDbPolyline
 90
4
 70
1
 10
3603.64
 20
1764.02
 10
3703.64
 20
1764.02
 10
3703.64
 20
2198.02
 10
3603.64
 20
2198.02
  0
LWPOLYLINE
  5
270
330
17
100
AcDbEntity
  8
Paineis
100
AcDbPolyline
 90
4
 70
1
 10
3703.64
 20
1764.02
 10
3721.4399999999996
 20
1764.02
 10
3721.4399999999996
 20
2198.02
 10
3703.64
 20
2198.02
  0
MTEXT
  5
271
330
17
100
AcDbEntity
  8
Texto Secao
100
AcDbMText
 10
3312.54
 20
1981.02
 30
0.0
 40
32.711999999999996
 71
1
  1
L213\Pe=12cm
  0
MTEXT
  5
272
330
17
100
AcDbEntity
  8
AUX00
100
AcDbMText
 10
2953.64
 20
1981.02
 30
0.0
 40
6.0
 71
1
  1
L213\P100X434\Pc/rec.\Pe=12cm
  0
MTEXT
  5
273
330
17
100
AcDbEntity
  8
AUX00
100
AcDbMText
 10
3053.64
 20
1981.02
 30
0.0
 40
6.0
 71
1
  1
L213\P100X434\Pc/rec.\Pe=12cm
  0
MTEXT
  5
274
330
17
100
AcDbEntity
  8
AUX00
100
AcDbMText
 10
3153.64
 20
1981.02
 30
0.0
 40
6.0
 71
1
  1
L213\P100X434\Pc/rec.\Pe=12cm
  0
MTEXT
  5
275
330
17
100
AcDbEntity
  8
AUX00
100
AcDbMText
 10
3253.64
 20
1981.02
 30
0.0
 40
6.0
 71
1
  1
L213\P100X434\Pc/rec.\Pe=12cm
  0
MTEXT
  5
276
330
17
100
AcDbEntity
  8
AUX00
100
AcDbMText
 10
3353.64
 20
1981.02
 30
0.0
 40
6.0
 71
1
  1
L213\P100X434\Pc/rec.\Pe=12cm
  0
MTEXT
  5
277
330
17
100
AcDbEntity
  8
AUX00
100
AcDbMText
 10
3453.64
 20
1981.02
 30
0.0
 40
6.0
 71
1
  1
L213\P100X434\Pc/rec.\Pe=12cm
  0
MTEXT
  5
278
330
17
100
AcDbEntity
  8
AUX00
100
AcDbMText
 10
3553.64
 20
1981.02
 30
0.0
 40
6.0
 71
1
  1
L213\P100X434\Pc/rec.\Pe=12cm
  0
MTEXT
  5
279
330
17
100
AcDbEntity
  8
AUX00
100
AcDbMText
 10
3653.64
 20
1981.02
 30
0.0
 40
6.0
 71
1
  1
L213\P100X434\Pc/rec.\Pe=12cm
  0
MTEXT
  5
27A
330
17
100
AcDbEntity
  8
AUX00
100
AcDbMText
 10
3712.54
 20
1981.02
 30
0.0
 40
6.0
 71
1
  1
L213\P18X434\Pc/rec.\Pe=12cm
  0
MTEXT
  5
27B
330
17
100
AcDbEntity
  8
NOMENCLATURA
100
AcDbMText
 10
2903.64
 20
2228.02
 30
0.0
 40
10.0
 71
1
  1
12 PAV - L213  818x434cm  e=12cm  paineis: 10x1
  0
LWPOLYLINE
  5
27C
330
17
100
AcDbEntity
  8
Contorno
100
AcDbPolyline
 90
5
 70
1
 10
3939.42
 20
1842.58
 10
4171.92
 20
1842.58
 10
4171.92
 20
2025.58
 10
3939.42
 20
2025.58
 10
3939.42
 20
1842.58
  0
LWPOLYLINE
  5
27D
330
17
100
AcDbEntity
  8
Paineis
100
AcDbPolyline
 90
4
 70
1
 10
3939.42
 20
1842.58
 10
4039.42
 20
1842.58
 10
4039.42
 20
2025.58
 10
3939.42
 20
2025.58
  0
LWPOLYLINE
  5
27E
330
17
100
AcDbEntity
  8
Paineis
100
AcDbPolyline
 90
4
 70
1
 10
4039.42
 20
1842.58
 10
4139.42
 20
1842.58
 10
4139.42
 20
2025.58
 10
4039.42
 20
2025.58
  0
LWPOLYLINE
  5
27F
330
17
100
AcDbEntity
  8
Paineis
100
AcDbPolyline
 90
4
 70
1
 10
4139.42
 20
1842.58
 10
4171.92
 20
1842.58
 10
4171.92
 20
2025.58
 10
4139.42
 20
2025.58
  0
MTEXT
  5
280
330
17
100
AcDbEntity
  8
Texto Secao
100
AcDbMText
 10
4055.67
 20
1934.08
 30
0.0
 40
9.3
 71
1
  1
L214\Pe=12cm
  0
MTEXT
  5
281
330
17
100
AcDbEntity
  8
AUX00
100
AcDbMText
 10
3989.42
 20
1934.08
 30
0.0
 40
6.0
 71
1
  1
L214\P100X183\Pc/rec.\Pe=12cm
  0
MTEXT
  5
282
330
17
100
AcDbEntity
  8
AUX00
100
AcDbMText
 10
4089.42
 20
1934.08
 30
0.0
 40
6.0
 71
1
  1
L214\P100X183\Pc/rec.\Pe=12cm
  0
MTEXT
  5
283
330
17
100
AcDbEntity
  8
AUX00
100
AcDbMText
 10
4155.67
 20
1934.08
 30
0.0
 40
6.0
 71
1
  1
L214\P32X183\Pc/rec.\Pe=12cm
  0
MTEXT
  5
284
330
17
100
AcDbEntity
  8
NOMENCLATURA
100
AcDbMText
 10
3939.42
 20
2055.58
 30
0.0
 40
10.0
 71
1
  1
12 PAV - L214  232x183cm  e=12cm  paineis: 4x1
  0
LWPOLYLINE
  5
285
330
17
100
AcDbEntity
  8
Contorno
100
AcDbPolyline
 90
5
 70
1
 10
4143.01
 20
1984.08
 10
4326.01
 20
1984.08
 10
4326.01
 20
2113.08
 10
4143.01
 20
2113.08
 10
4143.01
 20
1984.08
  0
LWPOLYLINE
  5
286
330
17
100
AcDbEntity
  8
Paineis
100
AcDbPolyline
 90
4
 70
1
 10
4143.01
 20
1984.08
 10
4243.01
 20
1984.08
 10
4243.01
 20
2113.08
 10
4143.01
 20
2113.08
  0
LWPOLYLINE
  5
287
330
17
100
AcDbEntity
  8
Paineis
100
AcDbPolyline
 90
4
 70
1
 10
4243.01
 20
1984.08
 10
4326.01
 20
1984.08
 10
4326.01
 20
2113.08
 10
4243.01
 20
2113.08
  0
MTEXT
  5
288
330
17
100
AcDbEntity
  8
Texto Secao
100
AcDbMText
 10
4234.51
 20
2048.58
 30
0.0
 40
8.0
 71
1
  1
L215\Pe=12cm
  0
MTEXT
  5
289
330
17
100
AcDbEntity
  8
AUX00
100
AcDbMText
 10
4193.01
 20
2048.58
 30
0.0
 40
6.0
 71
1
  1
L215\P100X129\Pc/rec.\Pe=12cm
  0
MTEXT
  5
28A
330
17
100
AcDbEntity
  8
AUX00
100
AcDbMText
 10
4284.51
 20
2048.58
 30
0.0
 40
6.0
 71
1
  1
L215\P83X129\Pc/rec.\Pe=12cm
  0
MTEXT
  5
28B
330
17
100
AcDbEntity
  8
NOMENCLATURA
100
AcDbMText
 10
4143.01
 20
2143.08
 30
0.0
 40
10.0
 71
1
  1
12 PAV - L215  183x129cm  e=12cm  paineis: 3x1
  0
LWPOLYLINE
  5
28C
330
17
100
AcDbEntity
  8
Contorno
100
AcDbPolyline
 90
5
 70
1
 10
1755.15
 20
3215.44
 10
2571.65
 20
3215.44
 10
2571.65
 20
3505.44
 10
1755.15
 20
3505.44
 10
1755.15
 20
3215.44
  0
LWPOLYLINE
  5
28D
330
17
100
AcDbEntity
  8
Paineis
100
AcDbPolyline
 90
4
 70
1
 10
1755.15
 20
3215.44
 10
1855.15
 20
3215.44
 10
1855.15
 20
3505.44
 10
1755.15
 20
3505.44
  0
LWPOLYLINE
  5
28E
330
17
100
AcDbEntity
  8
Paineis
100
AcDbPolyline
 90
4
 70
1
 10
1855.15
 20
3215.44
 10
1955.15
 20
3215.44
 10
1955.15
 20
3505.44
 10
1855.15
 20
3505.44
  0
LWPOLYLINE
  5
28F
330
17
100
AcDbEntity
  8
Paineis
100
AcDbPolyline
 90
4
 70
1
 10
1955.15
 20
3215.44
 10
2055.15
 20
3215.44
 10
2055.15
 20
3505.44
 10
1955.15
 20
3505.44
  0
LWPOLYLINE
  5
290
330
17
100
AcDbEntity
  8
Paineis
100
AcDbPolyline
 90
4
 70
1
 10
2055.15
 20
3215.44
 10
2155.15
 20
3215.44
 10
2155.15
 20
3505.44
 10
2055.15
 20
3505.44
  0
LWPOLYLINE
  5
291
330
17
100
AcDbEntity
  8
Paineis
100
AcDbPolyline
 90
4
 70
1
 10
2155.15
 20
3215.44
 10
2255.15
 20
3215.44
 10
2255.15
 20
3505.44
 10
2155.15
 20
3505.44
  0
LWPOLYLINE
  5
292
330
17
100
AcDbEntity
  8
Paineis
100
AcDbPolyline
 90
4
 70
1
 10
2255.15
 20
3215.44
 10
2355.15
 20
3215.44
 10
2355.15
 20
3505.44
 10
2255.15
 20
3505.44
  0
LWPOLYLINE
  5
293
330
17
100
AcDbEntity
  8
Paineis
100
AcDbPolyline
 90
4
 70
1
 10
2355.15
 20
3215.44
 10
2455.15
 20
3215.44
 10
2455.15
 20
3505.44
 10
2355.15
 20
3505.44
  0
LWPOLYLINE
  5
294
330
17
100
AcDbEntity
  8
Paineis
100
AcDbPolyline
 90
4
 70
1
 10
2455.15
 20
3215.44
 10
2555.15
 20
3215.44
 10
2555.15
 20
3505.44
 10
2455.15
 20
3505.44
  0
LWPOLYLINE
  5
295
330
17
100
AcDbEntity
  8
Paineis
100
AcDbPolyline
 90
4
 70
1
 10
2555.15
 20
3215.44
 10
2571.65
 20
3215.44
 10
2571.65
 20
3505.44
 10
2555.15
 20
3505.44
  0
MTEXT
  5
296
330
17
100
AcDbEntity
  8
Texto Secao
100
AcDbMText
 10
2163.4
 20
3360.44
 30
0.0
 40
32.660000000000004
 71
1
  1
L251\Pe=12cm
  0
MTEXT
  5
297
330
17
100
AcDbEntity
  8
AUX00
100
AcDbMText
 10
1805.15
 20
3360.44
 30
0.0
 40
6.0
 71
1
  1
L251\P100X290\Pc/rec.\Pe=12cm
  0
MTEXT
  5
298
330
17
100
AcDbEntity
  8
AUX00
100
AcDbMText
 10
1905.15
 20
3360.44
 30
0.0
 40
6.0
 71
1
  1
L251\P100X290\Pc/rec.\Pe=12cm
  0
MTEXT
  5
299
330
17
100
AcDbEntity
  8
AUX00
100
AcDbMText
 10
2005.15
 20
3360.44
 30
0.0
 40
6.0
 71
1
  1
L251\P100X290\Pc/rec.\Pe=12cm
  0
MTEXT
  5
29A
330
17
100
AcDbEntity
  8
AUX00
100
AcDbMText
 10
2105.15
 20
3360.44
 30
0.0
 40
6.0
 71
1
  1
L251\P100X290\Pc/rec.\Pe=12cm
  0
MTEXT
  5
29B
330
17
100
AcDbEntity
  8
AUX00
100
AcDbMText
 10
2205.15
 20
3360.44
 30
0.0
 40
6.0
 71
1
  1
L251\P100X290\Pc/rec.\Pe=12cm
  0
MTEXT
  5
29C
330
17
100
AcDbEntity
  8
AUX00
100
AcDbMText
 10
2305.15
 20
3360.44
 30
0.0
 40
6.0
 71
1
  1
L251\P100X290\Pc/rec.\Pe=12cm
  0
MTEXT
  5
29D
330
17
100
AcDbEntity
  8
AUX00
100
AcDbMText
 10
2405.15
 20
3360.44
 30
0.0
 40
6.0
 71
1
  1
L251\P100X290\Pc/rec.\Pe=12cm
  0
MTEXT
  5
29E
330
17
100
AcDbEntity
  8
AUX00
100
AcDbMText
 10
2505.15
 20
3360.44
 30
0.0
 40
6.0
 71
1
  1
L251\P100X290\Pc/rec.\Pe=12cm
  0
MTEXT
  5
29F
330
17
100
AcDbEntity
  8
AUX00
100
AcDbMText
 10
2563.4
 20
3360.44
 30
0.0
 40
6.0
 71
1
  1
L251\P16X290\Pc/rec.\Pe=12cm
  0
MTEXT
  5
2A0
330
17
100
AcDbEntity
  8
NOMENCLATURA
100
AcDbMText
 10
1755.15
 20
3535.44
 30
0.0
 40
10.0
 71
1
  1
12 PAV - L251  816x290cm  e=12cm  paineis: 10x1
  0
LWPOLYLINE
  5
2A1
330
17
100
AcDbEntity
  8
Contorno
100
AcDbPolyline
 90
5
 70
1
 10
1700.79
 20
3020.43
 10
2517.29
 20
3020.43
 10
2517.29
 20
3272.43
 10
1700.79
 20
3272.43
 10
1700.79
 20
3020.43
  0
LWPOLYLINE
  5
2A2
330
17
100
AcDbEntity
  8
Paineis
100
AcDbPolyline
 90
4
 70
1
 10
1700.79
 20
3020.43
 10
1800.79
 20
3020.43
 10
1800.79
 20
3272.43
 10
1700.79
 20
3272.43
  0
LWPOLYLINE
  5
2A3
330
17
100
AcDbEntity
  8
Paineis
100
AcDbPolyline
 90
4
 70
1
 10
1800.79
 20
3020.43
 10
1900.79
 20
3020.43
 10
1900.79
 20
3272.43
 10
1800.79
 20
3272.43
  0
LWPOLYLINE
  5
2A4
330
17
100
AcDbEntity
  8
Paineis
100
AcDbPolyline
 90
4
 70
1
 10
1900.79
 20
3020.43
 10
2000.79
 20
3020.43
 10
2000.79
 20
3272.43
 10
1900.79
 20
3272.43
  0
LWPOLYLINE
  5
2A5
330
17
100
AcDbEntity
  8
Paineis
100
AcDbPolyline
 90
4
 70
1
 10
2000.79
 20
3020.43
 10
2100.79
 20
3020.43
 10
2100.79
 20
3272.43
 10
2000.79
 20
3272.43
  0
LWPOLYLINE
  5
2A6
330
17
100
AcDbEntity
  8
Paineis
100
AcDbPolyline
 90
4
 70
1
 10
2100.79
 20
3020.43
 10
2200.79
 20
3020.43
 10
2200.79
 20
3272.43
 10
2100.79
 20
3272.43
  0
LWPOLYLINE
  5
2A7
330
17
100
AcDbEntity
  8
Paineis
100
AcDbPolyline
 90
4
 70
1
 10
2200.79
 20
3020.43
 10
2300.79
 20
3020.43
 10
2300.79
 20
3272.43
 10
2200.79
 20
3272.43
  0
LWPOLYLINE
  5
2A8
330
17
100
AcDbEntity
  8
Paineis
100
AcDbPolyline
 90
4
 70
1
 10
2300.79
 20
3020.43
 10
2400.79
 20
3020.43
 10
2400.79
 20
3272.43
 10
2300.79
 20
3272.43
  0
LWPOLYLINE
  5
2A9
330
17
100
AcDbEntity
  8
Paineis
100
AcDbPolyline
 90
4
 70
1
 10
2400.79
 20
3020.43
 10
2500.79
 20
3020.43
 10
2500.79
 20
3272.43
 10
2400.79
 20
3272.43
  0
LWPOLYLINE
  5
2AA
330
17
100
AcDbEntity
  8
Paineis
100
AcDbPolyline
 90
4
 70
1
 10
2500.79
 20
3020.43
 10
2517.29
 20
3020.43
 10
2517.29
 20
3272.43
 10
2500.79
 20
3272.43
  0
MTEXT
  5
2AB
330
17
100
AcDbEntity
  8
Texto Secao
100
AcDbMText
 10
2109.04
 20
3146.43
 30
0.0
 40
32.660000000000004
 71
1
  1
L252\Pe=12cm
  0
MTEXT
  5
2AC
330
17
100
AcDbEntity
  8
AUX00
100
AcDbMText
 10
1750.79
 20
3146.43
 30
0.0
 40
6.0
 71
1
  1
L252\P100X252\Pc/rec.\Pe=12cm
  0
MTEXT
  5
2AD
330
17
100
AcDbEntity
  8
AUX00
100
AcDbMText
 10
1850.79
 20
3146.43
 30
0.0
 40
6.0
 71
1
  1
L252\P100X252\Pc/rec.\Pe=12cm
  0
MTEXT
  5
2AE
330
17
100
AcDbEntity
  8
AUX00
100
AcDbMText
 10
1950.79
 20
3146.43
 30
0.0
 40
6.0
 71
1
  1
L252\P100X252\Pc/rec.\Pe=12cm
  0
MTEXT
  5
2AF
330
17
100
AcDbEntity
  8
AUX00
100
AcDbMText
 10
2050.79
 20
3146.43
 30
0.0
 40
6.0
 71
1
  1
L252\P100X252\Pc/rec.\Pe=12cm
  0
MTEXT
  5
2B0
330
17
100
AcDbEntity
  8
AUX00
100
AcDbMText
 10
2150.79
 20
3146.43
 30
0.0
 40
6.0
 71
1
  1
L252\P100X252\Pc/rec.\Pe=12cm
  0
MTEXT
  5
2B1
330
17
100
AcDbEntity
  8
AUX00
100
AcDbMText
 10
2250.79
 20
3146.43
 30
0.0
 40
6.0
 71
1
  1
L252\P100X252\Pc/rec.\Pe=12cm
  0
MTEXT
  5
2B2
330
17
100
AcDbEntity
  8
AUX00
100
AcDbMText
 10
2350.79
 20
3146.43
 30
0.0
 40
6.0
 71
1
  1
L252\P100X252\Pc/rec.\Pe=12cm
  0
MTEXT
  5
2B3
330
17
100
AcDbEntity
  8
AUX00
100
AcDbMText
 10
2450.79
 20
3146.43
 30
0.0
 40
6.0
 71
1
  1
L252\P100X252\Pc/rec.\Pe=12cm
  0
MTEXT
  5
2B4
330
17
100
AcDbEntity
  8
AUX00
100
AcDbMText
 10
2509.04
 20
3146.43
 30
0.0
 40
6.0
 71
1
  1
L252\P16X252\Pc/rec.\Pe=12cm
  0
MTEXT
  5
2B5
330
17
100
AcDbEntity
  8
NOMENCLATURA
100
AcDbMText
 10
1700.79
 20
3302.43
 30
0.0
 40
10.0
 71
1
  1
12 PAV - L252  816x252cm  e=12cm  paineis: 10x1
  0
LWPOLYLINE
  5
2B6
330
17
100
AcDbEntity
  8
Contorno
100
AcDbPolyline
 90
5
 70
1
 10
1270.45
 20
3172.87
 10
1475.45
 20
3172.87
 10
1475.45
 20
3047.87
 10
1270.45
 20
3047.87
 10
1270.45
 20
3172.87
  0
LWPOLYLINE
  5
2B7
330
17
100
AcDbEntity
  8
Paineis
100
AcDbPolyline
 90
4
 70
1
 10
1270.45
 20
3047.87
 10
1370.45
 20
3047.87
 10
1370.45
 20
3172.87
 10
1270.45
 20
3172.87
  0
LWPOLYLINE
  5
2B8
330
17
100
AcDbEntity
  8
Paineis
100
AcDbPolyline
 90
4
 70
1
 10
1370.45
 20
3047.87
 10
1470.45
 20
3047.87
 10
1470.45
 20
3172.87
 10
1370.45
 20
3172.87
  0
LWPOLYLINE
  5
2B9
330
17
100
AcDbEntity
  8
Paineis
100
AcDbPolyline
 90
4
 70
1
 10
1470.45
 20
3047.87
 10
1475.45
 20
3047.87
 10
1475.45
 20
3172.87
 10
1470.45
 20
3172.87
  0
MTEXT
  5
2BA
330
17
100
AcDbEntity
  8
Texto Secao
100
AcDbMText
 10
1372.95
 20
3110.37
 30
0.0
 40
8.2
 71
1
  1
L301\Pe=12cm
  0
MTEXT
  5
2BB
330
17
100
AcDbEntity
  8
AUX00
100
AcDbMText
 10
1320.45
 20
3110.37
 30
0.0
 40
6.0
 71
1
  1
L301\P100X125\Pc/rec.\Pe=12cm
  0
MTEXT
  5
2BC
330
17
100
AcDbEntity
  8
AUX00
100
AcDbMText
 10
1420.45
 20
3110.37
 30
0.0
 40
6.0
 71
1
  1
L301\P100X125\Pc/rec.\Pe=12cm
  0
MTEXT
  5
2BD
330
17
100
AcDbEntity
  8
AUX00
100
AcDbMText
 10
1472.95
 20
3110.37
 30
0.0
 40
6.0
 71
1
  1
L301\P5X125\Pc/rec.\Pe=12cm
  0
MTEXT
  5
2BE
330
17
100
AcDbEntity
  8
NOMENCLATURA
100
AcDbMText
 10
1270.45
 20
3202.87
 30
0.0
 40
10.0
 71
1
  1
12 PAV - L301  205x125cm  e=12cm  paineis: 4x1
  0
LWPOLYLINE
  5
2BF
330
17
100
AcDbEntity
  8
Contorno
100
AcDbPolyline
 90
5
 70
1
 10
1713.99
 20
3170.15
 10
1918.99
 20
3170.15
 10
1918.99
 20
3045.15
 10
1713.99
 20
3045.15
 10
1713.99
 20
3170.15
  0
LWPOLYLINE
  5
2C0
330
17
100
AcDbEntity
  8
Paineis
100
AcDbPolyline
 90
4
 70
1
 10
1713.99
 20
3045.15
 10
1813.99
 20
3045.15
 10
1813.99
 20
3170.15
 10
1713.99
 20
3170.15
  0
LWPOLYLINE
  5
2C1
330
17
100
AcDbEntity
  8
Paineis
100
AcDbPolyline
 90
4
 70
1
 10
1813.99
 20
3045.15
 10
1913.99
 20
3045.15
 10
1913.99
 20
3170.15
 10
1813.99
 20
3170.15
  0
LWPOLYLINE
  5
2C2
330
17
100
AcDbEntity
  8
Paineis
100
AcDbPolyline
 90
4
 70
1
 10
1913.99
 20
3045.15
 10
1918.99
 20
3045.15
 10
1918.99
 20
3170.15
 10
1913.99
 20
3170.15
  0
MTEXT
  5
2C3
330
17
100
AcDbEntity
  8
Texto Secao
100
AcDbMText
 10
1816.49
 20
3107.65
 30
0.0
 40
8.2
 71
1
  1
L302\Pe=12cm
  0
MTEXT
  5
2C4
330
17
100
AcDbEntity
  8
AUX00
100
AcDbMText
 10
1763.99
 20
3107.65
 30
0.0
 40
6.0
 71
1
  1
L302\P100X125\Pc/rec.\Pe=12cm
  0
MTEXT
  5
2C5
330
17
100
AcDbEntity
  8
AUX00
100
AcDbMText
 10
1863.99
 20
3107.65
 30
0.0
 40
6.0
 71
1
  1
L302\P100X125\Pc/rec.\Pe=12cm
  0
MTEXT
  5
2C6
330
17
100
AcDbEntity
  8
AUX00
100
AcDbMText
 10
1916.49
 20
3107.65
 30
0.0
 40
6.0
 71
1
  1
L302\P5X125\Pc/rec.\Pe=12cm
  0
MTEXT
  5
2C7
330
17
100
AcDbEntity
  8
NOMENCLATURA
100
AcDbMText
 10
1713.99
 20
3200.15
 30
0.0
 40
10.0
 71
1
  1
12 PAV - L302  205x125cm  e=12cm  paineis: 4x1
  0
LWPOLYLINE
  5
2C8
330
17
100
AcDbEntity
  8
Contorno
100
AcDbPolyline
 90
5
 70
1
 10
2083.4
 20
3205.88
 10
2208.4
 20
3205.88
 10
2208.4
 20
3005.88
 10
2083.4
 20
3005.88
 10
2083.4
 20
3205.88
  0
LWPOLYLINE
  5
2C9
330
17
100
AcDbEntity
  8
Paineis
100
AcDbPolyline
 90
4
 70
1
 10
2083.4
 20
3005.88
 10
2183.4
 20
3005.88
 10
2183.4
 20
3130.88
 10
2083.4
 20
3130.88
  0
LWPOLYLINE
  5
2CA
330
17
100
AcDbEntity
  8
Paineis
100
AcDbPolyline
 90
4
 70
1
 10
2183.4
 20
3005.88
 10
2283.4
 20
3005.88
 10
2283.4
 20
3130.88
 10
2183.4
 20
3130.88
  0
MTEXT
  5
2CB
330
17
100
AcDbEntity
  8
Texto Secao
100
AcDbMText
 10
2183.4
 20
3068.38
 30
0.0
 40
8.0
 71
1
  1
L303\Pe=12cm
  0
MTEXT
  5
2CC
330
17
100
AcDbEntity
  8
AUX00
100
AcDbMText
 10
2133.4
 20
3068.38
 30
0.0
 40
6.0
 71
1
  1
L303\P100X125\Pc/rec.\Pe=12cm
  0
MTEXT
  5
2CD
330
17
100
AcDbEntity
  8
AUX00
100
AcDbMText
 10
2233.4
 20
3068.38
 30
0.0
 40
6.0
 71
1
  1
L303\P100X125\Pc/rec.\Pe=12cm
  0
MTEXT
  5
2CE
330
17
100
AcDbEntity
  8
NOMENCLATURA
100
AcDbMText
 10
2083.4
 20
3160.88
 30
0.0
 40
10.0
 71
1
  1
12 PAV - L303  200x125cm  e=12cm  paineis: 3x1
  0
LWPOLYLINE
  5
2CF
330
17
100
AcDbEntity
  8
Contorno
100
AcDbPolyline
 90
5
 70
1
 10
2581.6
 20
3171.25
 10
2786.6
 20
3171.25
 10
2786.6
 20
3046.25
 10
2581.6
 20
3046.25
 10
2581.6
 20
3171.25
  0
LWPOLYLINE
  5
2D0
330
17
100
AcDbEntity
  8
Paineis
100
AcDbPolyline
 90
4
 70
1
 10
2581.6
 20
3046.25
 10
2681.6
 20
3046.25
 10
2681.6
 20
3171.25
 10
2581.6
 20
3171.25
  0
LWPOLYLINE
  5
2D1
330
17
100
AcDbEntity
  8
Paineis
100
AcDbPolyline
 90
4
 70
1
 10
2681.6
 20
3046.25
 10
2781.6
 20
3046.25
 10
2781.6
 20
3171.25
 10
2681.6
 20
3171.25
  0
LWPOLYLINE
  5
2D2
330
17
100
AcDbEntity
  8
Paineis
100
AcDbPolyline
 90
4
 70
1
 10
2781.6
 20
3046.25
 10
2786.6
 20
3046.25
 10
2786.6
 20
3171.25
 10
2781.6
 20
3171.25
  0
MTEXT
  5
2D3
330
17
100
AcDbEntity
  8
Texto Secao
100
AcDbMText
 10
2684.1
 20
3108.75
 30
0.0
 40
8.2
 71
1
  1
L304\Pe=12cm
  0
MTEXT
  5
2D4
330
17
100
AcDbEntity
  8
AUX00
100
AcDbMText
 10
2631.6
 20
3108.75
 30
0.0
 40
6.0
 71
1
  1
L304\P100X125\Pc/rec.\Pe=12cm
  0
MTEXT
  5
2D5
330
17
100
AcDbEntity
  8
AUX00
100
AcDbMText
 10
2731.6
 20
3108.75
 30
0.0
 40
6.0
 71
1
  1
L304\P100X125\Pc/rec.\Pe=12cm
  0
MTEXT
  5
2D6
330
17
100
AcDbEntity
  8
AUX00
100
AcDbMText
 10
2784.1
 20
3108.75
 30
0.0
 40
6.0
 71
1
  1
L304\P5X125\Pc/rec.\Pe=12cm
  0
MTEXT
  5
2D7
330
17
100
AcDbEntity
  8
NOMENCLATURA
100
AcDbMText
 10
2581.6
 20
3201.25
 30
0.0
 40
10.0
 71
1
  1
12 PAV - L304  205x125cm  e=12cm  paineis: 4x1
  0
LWPOLYLINE
  5
2D8
330
17
100
AcDbEntity
  8
Contorno
100
AcDbPolyline
 90
5
 70
1
 10
3160.39
 20
3163.99
 10
2955.39
 20
3163.99
 10
2955.39
 20
3038.99
 10
3160.39
 20
3038.99
 10
3160.39
 20
3163.99
  0
LWPOLYLINE
  5
2D9
330
17
100
AcDbEntity
  8
Paineis
100
AcDbPolyline
 90
4
 70
1
 10
2955.39
 20
3038.99
 10
3055.39
 20
3038.99
 10
3055.39
 20
3163.99
 10
2955.39
 20
3163.99
  0
LWPOLYLINE
  5
2DA
330
17
100
AcDbEntity
  8
Paineis
100
AcDbPolyline
 90
4
 70
1
 10
3055.39
 20
3038.99
 10
3155.39
 20
3038.99
 10
3155.39
 20
3163.99
 10
3055.39
 20
3163.99
  0
LWPOLYLINE
  5
2DB
330
17
100
AcDbEntity
  8
Paineis
100
AcDbPolyline
 90
4
 70
1
 10
3155.39
 20
3038.99
 10
3160.39
 20
3038.99
 10
3160.39
 20
3163.99
 10
3155.39
 20
3163.99
  0
MTEXT
  5
2DC
330
17
100
AcDbEntity
  8
Texto Secao
100
AcDbMText
 10
3057.89
 20
3101.49
 30
0.0
 40
8.2
 71
1
  1
L305\Pe=12cm
  0
MTEXT
  5
2DD
330
17
100
AcDbEntity
  8
AUX00
100
AcDbMText
 10
3005.39
 20
3101.49
 30
0.0
 40
6.0
 71
1
  1
L305\P100X125\Pc/rec.\Pe=12cm
  0
MTEXT
  5
2DE
330
17
100
AcDbEntity
  8
AUX00
100
AcDbMText
 10
3105.39
 20
3101.49
 30
0.0
 40
6.0
 71
1
  1
L305\P100X125\Pc/rec.\Pe=12cm
  0
MTEXT
  5
2DF
330
17
100
AcDbEntity
  8
AUX00
100
AcDbMText
 10
3157.89
 20
3101.49
 30
0.0
 40
6.0
 71
1
  1
L305\P5X125\Pc/rec.\Pe=12cm
  0
MTEXT
  5
2E0
330
17
100
AcDbEntity
  8
NOMENCLATURA
100
AcDbMText
 10
2955.39
 20
3193.99
 30
0.0
 40
10.0
 71
1
  1
12 PAV - L305  205x125cm  e=12cm  paineis: 4x1
  0
LWPOLYLINE
  5
2E1
330
17
100
AcDbEntity
  8
Contorno
100
AcDbPolyline
 90
5
 70
1
 10
3440.73
 20
3030.19
 10
3645.73
 20
3030.19
 10
3645.73
 20
3155.19
 10
3440.73
 20
3155.19
 10
3440.73
 20
3030.19
  0
LWPOLYLINE
  5
2E2
330
17
100
AcDbEntity
  8
Paineis
100
AcDbPolyline
 90
4
 70
1
 10
3440.73
 20
3030.19
 10
3540.73
 20
3030.19
 10
3540.73
 20
3155.19
 10
3440.73
 20
3155.19
  0
LWPOLYLINE
  5
2E3
330
17
100
AcDbEntity
  8
Paineis
100
AcDbPolyline
 90
4
 70
1
 10
3540.73
 20
3030.19
 10
3640.73
 20
3030.19
 10
3640.73
 20
3155.19
 10
3540.73
 20
3155.19
  0
LWPOLYLINE
  5
2E4
330
17
100
AcDbEntity
  8
Paineis
100
AcDbPolyline
 90
4
 70
1
 10
3640.73
 20
3030.19
 10
3645.73
 20
3030.19
 10
3645.73
 20
3155.19
 10
3640.73
 20
3155.19
  0
MTEXT
  5
2E5
330
17
100
AcDbEntity
  8
Texto Secao
100
AcDbMText
 10
3543.23
 20
3092.69
 30
0.0
 40
8.2
 71
1
  1
L306\Pe=12cm
  0
MTEXT
  5
2E6
330
17
100
AcDbEntity
  8
AUX00
100
AcDbMText
 10
3490.73
 20
3092.69
 30
0.0
 40
6.0
 71
1
  1
L306\P100X125\Pc/rec.\Pe=12cm
  0
MTEXT
  5
2E7
330
17
100
AcDbEntity
  8
AUX00
100
AcDbMText
 10
3590.73
 20
3092.69
 30
0.0
 40
6.0
 71
1
  1
L306\P100X125\Pc/rec.\Pe=12cm
  0
MTEXT
  5
2E8
330
17
100
AcDbEntity
  8
AUX00
100
AcDbMText
 10
3643.23
 20
3092.69
 30
0.0
 40
6.0
 71
1
  1
L306\P5X125\Pc/rec.\Pe=12cm
  0
MTEXT
  5
2E9
330
17
100
AcDbEntity
  8
NOMENCLATURA
100
AcDbMText
 10
3440.73
 20
3185.19
 30
0.0
 40
10.0
 71
1
  1
12 PAV - L306  205x125cm  e=12cm  paineis: 4x1
  0
LWPOLYLINE
  5
2EA
330
17
100
AcDbEntity
  8
Contorno
100
AcDbPolyline
 90
5
 70
1
 10
3890.4
 20
3007.3
 10
4015.4
 20
3007.3
 10
4015.4
 20
3207.3
 10
3890.4
 20
3207.3
 10
3890.4
 20
3007.3
  0
LWPOLYLINE
  5
2EB
330
17
100
AcDbEntity
  8
Paineis
100
AcDbPolyline
 90
4
 70
1
 10
3890.4
 20
3007.3
 10
3990.4
 20
3007.3
 10
3990.4
 20
3132.3
 10
3890.4
 20
3132.3
  0
LWPOLYLINE
  5
2EC
330
17
100
AcDbEntity
  8
Paineis
100
AcDbPolyline
 90
4
 70
1
 10
3990.4
 20
3007.3
 10
4090.4
 20
3007.3
 10
4090.4
 20
3132.3
 10
3990.4
 20
3132.3
  0
MTEXT
  5
2ED
330
17
100
AcDbEntity
  8
Texto Secao
100
AcDbMText
 10
3990.4
 20
3069.8
 30
0.0
 40
8.0
 71
1
  1
L307\Pe=12cm
  0
MTEXT
  5
2EE
330
17
100
AcDbEntity
  8
AUX00
100
AcDbMText
 10
3940.4
 20
3069.8
 30
0.0
 40
6.0
 71
1
  1
L307\P100X125\Pc/rec.\Pe=12cm
  0
MTEXT
  5
2EF
330
17
100
AcDbEntity
  8
AUX00
100
AcDbMText
 10
4040.4
 20
3069.8
 30
0.0
 40
6.0
 71
1
  1
L307\P100X125\Pc/rec.\Pe=12cm
  0
MTEXT
  5
2F0
330
17
100
AcDbEntity
  8
NOMENCLATURA
100
AcDbMText
 10
3890.4
 20
3162.3
 30
0.0
 40
10.0
 71
1
  1
12 PAV - L307  200x125cm  e=12cm  paineis: 3x1
  0
LWPOLYLINE
  5
2F1
330
17
100
AcDbEntity
  8
Contorno
100
AcDbPolyline
 90
5
 70
1
 10
4351.04
 20
3004.86
 10
4226.04
 20
3004.86
 10
4226.04
 20
3204.86
 10
4351.04
 20
3204.86
 10
4351.04
 20
3004.86
  0
LWPOLYLINE
  5
2F2
330
17
100
AcDbEntity
  8
Paineis
100
AcDbPolyline
 90
4
 70
1
 10
4226.04
 20
3004.86
 10
4326.04
 20
3004.86
 10
4326.04
 20
3129.86
 10
4226.04
 20
3129.86
  0
LWPOLYLINE
  5
2F3
330
17
100
AcDbEntity
  8
Paineis
100
AcDbPolyline
 90
4
 70
1
 10
4326.04
 20
3004.86
 10
4426.04
 20
3004.86
 10
4426.04
 20
3129.86
 10
4326.04
 20
3129.86
  0
MTEXT
  5
2F4
330
17
100
AcDbEntity
  8
Texto Secao
100
AcDbMText
 10
4326.04
 20
3067.36
 30
0.0
 40
8.0
 71
1
  1
L308\Pe=12cm
  0
MTEXT
  5
2F5
330
17
100
AcDbEntity
  8
AUX00
100
AcDbMText
 10
4276.04
 20
3067.36
 30
0.0
 40
6.0
 71
1
  1
L308\P100X125\Pc/rec.\Pe=12cm
  0
MTEXT
  5
2F6
330
17
100
AcDbEntity
  8
AUX00
100
AcDbMText
 10
4376.04
 20
3067.36
 30
0.0
 40
6.0
 71
1
  1
L308\P100X125\Pc/rec.\Pe=12cm
  0
MTEXT
  5
2F7
330
17
100
AcDbEntity
  8
NOMENCLATURA
100
AcDbMText
 10
4226.04
 20
3159.86
 30
0.0
 40
10.0
 71
1
  1
12 PAV - L308  200x125cm  e=12cm  paineis: 3x1
  0
LWPOLYLINE
  5
2F8
330
17
100
AcDbEntity
  8
Contorno
100
AcDbPolyline
 90
5
 70
1
 10
1304.38
 20
2956.75
 10
1486.88
 20
2956.75
 10
1486.88
 20
2744.75
 10
1304.38
 20
2744.75
 10
1304.38
 20
2956.75
  0
LWPOLYLINE
  5
2F9
330
17
100
AcDbEntity
  8
Paineis
100
AcDbPolyline
 90
4
 70
1
 10
1304.38
 20
2744.75
 10
1404.38
 20
2744.75
 10
1404.38
 20
2927.25
 10
1304.38
 20
2927.25
  0
LWPOLYLINE
  5
2FA
330
17
100
AcDbEntity
  8
Paineis
100
AcDbPolyline
 90
4
 70
1
 10
1404.38
 20
2744.75
 10
1504.38
 20
2744.75
 10
1504.38
 20
2927.25
 10
1404.38
 20
2927.25
  0
LWPOLYLINE
  5
2FB
330
17
100
AcDbEntity
  8
Paineis
100
AcDbPolyline
 90
4
 70
1
 10
1504.38
 20
2744.75
 10
1516.38
 20
2744.75
 10
1516.38
 20
2927.25
 10
1504.38
 20
2927.25
  0
MTEXT
  5
2FC
330
17
100
AcDbEntity
  8
Texto Secao
100
AcDbMText
 10
1410.38
 20
2836.0
 30
0.0
 40
8.48
 71
1
  1
L309\Pe=12cm
  0
MTEXT
  5
2FD
330
17
100
AcDbEntity
  8
AUX00
100
AcDbMText
 10
1354.38
 20
2836.0
 30
0.0
 40
6.0
 71
1
  1
L309\P100X182\Pc/rec.\Pe=12cm
  0
MTEXT
  5
2FE
330
17
100
AcDbEntity
  8
AUX00
100
AcDbMText
 10
1454.38
 20
2836.0
 30
0.0
 40
6.0
 71
1
  1
L309\P100X182\Pc/rec.\Pe=12cm
  0
MTEXT
  5
2FF
330
17
100
AcDbEntity
  8
AUX00
100
AcDbMText
 10
1510.38
 20
2836.0
 30
0.0
 40
6.0
 71
1
  1
L309\P12X182\Pc/rec.\Pe=12cm
  0
MTEXT
  5
300
330
17
100
AcDbEntity
  8
NOMENCLATURA
100
AcDbMText
 10
1304.38
 20
2957.25
 30
0.0
 40
10.0
 71
1
  1
12 PAV - L309  212x182cm  e=12cm  paineis: 4x1
  0
LWPOLYLINE
  5
301
330
17
100
AcDbEntity
  8
Contorno
100
AcDbPolyline
 90
5
 70
1
 10
1699.8
 20
2928.0
 10
1824.8
 20
2928.0
 10
1824.8
 20
2728.0
 10
1699.8
 20
2728.0
 10
1699.8
 20
2928.0
  0
LWPOLYLINE
  5
302
330
17
100
AcDbEntity
  8
Paineis
100
AcDbPolyline
 90
4
 70
1
 10
1699.8
 20
2728.0
 10
1799.8
 20
2728.0
 10
1799.8
 20
2853.0
 10
1699.8
 20
2853.0
  0
LWPOLYLINE
  5
303
330
17
100
AcDbEntity
  8
Paineis
100
AcDbPolyline
 90
4
 70
1
 10
1799.8
 20
2728.0
 10
1899.8
 20
2728.0
 10
1899.8
 20
2853.0
 10
1799.8
 20
2853.0
  0
MTEXT
  5
304
330
17
100
AcDbEntity
  8
Texto Secao
100
AcDbMText
 10
1799.8
 20
2790.5
 30
0.0
 40
8.0
 71
1
  1
L310\Pe=12cm
  0
MTEXT
  5
305
330
17
100
AcDbEntity
  8
AUX00
100
AcDbMText
 10
1749.8
 20
2790.5
 30
0.0
 40
6.0
 71
1
  1
L310\P100X125\Pc/rec.\Pe=12cm
  0
MTEXT
  5
306
330
17
100
AcDbEntity
  8
AUX00
100
AcDbMText
 10
1849.8
 20
2790.5
 30
0.0
 40
6.0
 71
1
  1
L310\P100X125\Pc/rec.\Pe=12cm
  0
MTEXT
  5
307
330
17
100
AcDbEntity
  8
NOMENCLATURA
100
AcDbMText
 10
1699.8
 20
2883.0
 30
0.0
 40
10.0
 71
1
  1
12 PAV - L310  200x125cm  e=12cm  paineis: 3x1
  0
LWPOLYLINE
  5
308
330
17
100
AcDbEntity
  8
Contorno
100
AcDbPolyline
 90
5
 70
1
 10
2143.69
 20
2730.84
 10
2268.69
 20
2730.84
 10
2268.69
 20
2930.84
 10
2143.69
 20
2930.84
 10
2143.69
 20
2730.84
  0
LWPOLYLINE
  5
309
330
17
100
AcDbEntity
  8
Paineis
100
AcDbPolyline
 90
4
 70
1
 10
2143.69
 20
2730.84
 10
2243.69
 20
2730.84
 10
2243.69
 20
2855.84
 10
2143.69
 20
2855.84
  0
LWPOLYLINE
  5
30A
330
17
100
AcDbEntity
  8
Paineis
100
AcDbPolyline
 90
4
 70
1
 10
2243.69
 20
2730.84
 10
2343.69
 20
2730.84
 10
2343.69
 20
2855.84
 10
2243.69
 20
2855.84
  0
MTEXT
  5
30B
330
17
100
AcDbEntity
  8
Texto Secao
100
AcDbMText
 10
2243.69
 20
2793.34
 30
0.0
 40
8.0
 71
1
  1
L311\Pe=12cm
  0
MTEXT
  5
30C
330
17
100
AcDbEntity
  8
AUX00
100
AcDbMText
 10
2193.69
 20
2793.34
 30
0.0
 40
6.0
 71
1
  1
L311\P100X125\Pc/rec.\Pe=12cm
  0
MTEXT
  5
30D
330
17
100
AcDbEntity
  8
AUX00
100
AcDbMText
 10
2293.69
 20
2793.34
 30
0.0
 40
6.0
 71
1
  1
L311\P100X125\Pc/rec.\Pe=12cm
  0
MTEXT
  5
30E
330
17
100
AcDbEntity
  8
NOMENCLATURA
100
AcDbMText
 10
2143.69
 20
2885.84
 30
0.0
 40
10.0
 71
1
  1
12 PAV - L311  200x125cm  e=12cm  paineis: 3x1
  0
LWPOLYLINE
  5
30F
330
17
100
AcDbEntity
  8
Contorno
100
AcDbPolyline
 90
5
 70
1
 10
2579.18
 20
2941.17
 10
2784.18
 20
2941.17
 10
2784.18
 20
2816.17
 10
2579.18
 20
2816.17
 10
2579.18
 20
2941.17
  0
LWPOLYLINE
  5
310
330
17
100
AcDbEntity
  8
Paineis
100
AcDbPolyline
 90
4
 70
1
 10
2579.18
 20
2816.17
 10
2679.18
 20
2816.17
 10
2679.18
 20
2941.17
 10
2579.18
 20
2941.17
  0
LWPOLYLINE
  5
311
330
17
100
AcDbEntity
  8
Paineis
100
AcDbPolyline
 90
4
 70
1
 10
2679.18
 20
2816.17
 10
2779.18
 20
2816.17
 10
2779.18
 20
2941.17
 10
2679.18
 20
2941.17
  0
LWPOLYLINE
  5
312
330
17
100
AcDbEntity
  8
Paineis
100
AcDbPolyline
 90
4
 70
1
 10
2779.18
 20
2816.17
 10
2784.18
 20
2816.17
 10
2784.18
 20
2941.17
 10
2779.18
 20
2941.17
  0
MTEXT
  5
313
330
17
100
AcDbEntity
  8
Texto Secao
100
AcDbMText
 10
2681.68
 20
2878.67
 30
0.0
 40
8.2
 71
1
  1
L312\Pe=12cm
  0
MTEXT
  5
314
330
17
100
AcDbEntity
  8
AUX00
100
AcDbMText
 10
2629.18
 20
2878.67
 30
0.0
 40
6.0
 71
1
  1
L312\P100X125\Pc/rec.\Pe=12cm
  0
MTEXT
  5
315
330
17
100
AcDbEntity
  8
AUX00
100
AcDbMText
 10
2729.18
 20
2878.67
 30
0.0
 40
6.0
 71
1
  1
L312\P100X125\Pc/rec.\Pe=12cm
  0
MTEXT
  5
316
330
17
100
AcDbEntity
  8
AUX00
100
AcDbMText
 10
2781.68
 20
2878.67
 30
0.0
 40
6.0
 71
1
  1
L312\P5X125\Pc/rec.\Pe=12cm
  0
MTEXT
  5
317
330
17
100
AcDbEntity
  8
NOMENCLATURA
100
AcDbMText
 10
2579.18
 20
2971.17
 30
0.0
 40
10.0
 71
1
  1
12 PAV - L312  205x125cm  e=12cm  paineis: 4x1
  0
LWPOLYLINE
  5
318
330
17
100
AcDbEntity
  8
Contorno
100
AcDbPolyline
 90
5
 70
1
 10
2959.33
 20
2966.77
 10
3084.33
 20
2966.77
 10
3084.33
 20
2766.77
 10
2959.33
 20
2766.77
 10
2959.33
 20
2966.77
  0
LWPOLYLINE
  5
319
330
17
100
AcDbEntity
  8
Paineis
100
AcDbPolyline
 90
4
 70
1
 10
2959.33
 20
2766.77
 10
3059.33
 20
2766.77
 10
3059.33
 20
2891.77
 10
2959.33
 20
2891.77
  0
LWPOLYLINE
  5
31A
330
17
100
AcDbEntity
  8
Paineis
100
AcDbPolyline
 90
4
 70
1
 10
3059.33
 20
2766.77
 10
3159.33
 20
2766.77
 10
3159.33
 20
2891.77
 10
3059.33
 20
2891.77
  0
MTEXT
  5
31B
330
17
100
AcDbEntity
  8
Texto Secao
100
AcDbMText
 10
3059.33
 20
2829.27
 30
0.0
 40
8.0
 71
1
  1
L313\Pe=12cm
  0
MTEXT
  5
31C
330
17
100
AcDbEntity
  8
AUX00
100
AcDbMText
 10
3009.33
 20
2829.27
 30
0.0
 40
6.0
 71
1
  1
L313\P100X125\Pc/rec.\Pe=12cm
  0
MTEXT
  5
31D
330
17
100
AcDbEntity
  8
AUX00
100
AcDbMText
 10
3109.33
 20
2829.27
 30
0.0
 40
6.0
 71
1
  1
L313\P100X125\Pc/rec.\Pe=12cm
  0
MTEXT
  5
31E
330
17
100
AcDbEntity
  8
NOMENCLATURA
100
AcDbMText
 10
2959.33
 20
2921.77
 30
0.0
 40
10.0
 71
1
  1
12 PAV - L313  200x125cm  e=12cm  paineis: 3x1
  0
LWPOLYLINE
  5
31F
330
17
100
AcDbEntity
  8
Contorno
100
AcDbPolyline
 90
5
 70
1
 10
3566.71
 20
2924.21
 10
3441.71
 20
2924.21
 10
3441.71
 20
2724.21
 10
3566.71
 20
2724.21
 10
3566.71
 20
2924.21
  0
LWPOLYLINE
  5
320
330
17
100
AcDbEntity
  8
Paineis
100
AcDbPolyline
 90
4
 70
1
 10
3441.71
 20
2724.21
 10
3541.71
 20
2724.21
 10
3541.71
 20
2849.21
 10
3441.71
 20
2849.21
  0
LWPOLYLINE
  5
321
330
17
100
AcDbEntity
  8
Paineis
100
AcDbPolyline
 90
4
 70
1
 10
3541.71
 20
2724.21
 10
3641.71
 20
2724.21
 10
3641.71
 20
2849.21
 10
3541.71
 20
2849.21
  0
MTEXT
  5
322
330
17
100
AcDbEntity
  8
Texto Secao
100
AcDbMText
 10
3541.71
 20
2786.71
 30
0.0
 40
8.0
 71
1
  1
L314\Pe=12cm
  0
MTEXT
  5
323
330
17
100
AcDbEntity
  8
AUX00
100
AcDbMText
 10
3491.71
 20
2786.71
 30
0.0
 40
6.0
 71
1
  1
L314\P100X125\Pc/rec.\Pe=12cm
  0
MTEXT
  5
324
330
17
100
AcDbEntity
  8
AUX00
100
AcDbMText
 10
3591.71
 20
2786.71
 30
0.0
 40
6.0
 71
1
  1
L314\P100X125\Pc/rec.\Pe=12cm
  0
MTEXT
  5
325
330
17
100
AcDbEntity
  8
NOMENCLATURA
100
AcDbMText
 10
3441.71
 20
2879.21
 30
0.0
 40
10.0
 71
1
  1
12 PAV - L314  200x125cm  e=12cm  paineis: 3x1
  0
LWPOLYLINE
  5
326
330
17
100
AcDbEntity
  8
Contorno
100
AcDbPolyline
 90
7
 70
1
 10
3881.22
 20
2717.69
 10
4046.22
 20
2717.69
 10
4046.22
 20
2736.69
 10
3900.22
 20
2736.69
 10
3900.22
 20
2935.69
 10
3881.22
 20
2935.69
 10
3881.22
 20
2717.69
  0
LWPOLYLINE
  5
327
330
17
100
AcDbEntity
  8
Paineis
100
AcDbPolyline
 90
4
 70
1
 10
3881.22
 20
2717.69
 10
3981.22
 20
2717.69
 10
3981.22
 20
2882.69
 10
3881.22
 20
2882.69
  0
LWPOLYLINE
  5
328
330
17
100
AcDbEntity
  8
Paineis
100
AcDbPolyline
 90
4
 70
1
 10
3981.22
 20
2717.69
 10
4081.22
 20
2717.69
 10
4081.22
 20
2882.69
 10
3981.22
 20
2882.69
  0
LWPOLYLINE
  5
329
330
17
100
AcDbEntity
  8
Paineis
100
AcDbPolyline
 90
4
 70
1
 10
4081.22
 20
2717.69
 10
4099.219999999999
 20
2717.69
 10
4099.219999999999
 20
2882.69
 10
4081.22
 20
2882.69
  0
MTEXT
  5
32A
330
17
100
AcDbEntity
  8
Texto Secao
100
AcDbMText
 10
3990.22
 20
2800.19
 30
0.0
 40
8.72
 71
1
  1
L315\Pe=12cm
  0
MTEXT
  5
32B
330
17
100
AcDbEntity
  8
AUX00
100
AcDbMText
 10
3931.22
 20
2800.19
 30
0.0
 40
6.0
 71
1
  1
L315\P100X165\Pc/rec.\Pe=12cm
  0
MTEXT
  5
32C
330
17
100
AcDbEntity
  8
AUX00
100
AcDbMText
 10
4031.22
 20
2800.19
 30
0.0
 40
6.0
 71
1
  1
L315\P100X165\Pc/rec.\Pe=12cm
  0
MTEXT
  5
32D
330
17
100
AcDbEntity
  8
AUX00
100
AcDbMText
 10
4090.22
 20
2800.19
 30
0.0
 40
6.0
 71
1
  1
L315\P18X165\Pc/rec.\Pe=12cm
  0
MTEXT
  5
32E
330
17
100
AcDbEntity
  8
NOMENCLATURA
100
AcDbMText
 10
3881.22
 20
2912.69
 30
0.0
 40
10.0
 71
1
  1
12 PAV - L315  218x165cm  e=12cm  paineis: 4x1
  0
LWPOLYLINE
  5
32F
330
17
100
AcDbEntity
  8
Contorno
100
AcDbPolyline
 90
7
 70
1
 10
4354.99
 20
2705.88
 10
4354.99
 20
2923.88
 10
4335.99
 20
2923.88
 10
4335.99
 20
2724.88
 10
4189.99
 20
2724.88
 10
4189.99
 20
2705.88
 10
4354.99
 20
2705.88
  0
LWPOLYLINE
  5
330
330
17
100
AcDbEntity
  8
Paineis
100
AcDbPolyline
 90
4
 70
1
 10
4189.99
 20
2705.88
 10
4289.99
 20
2705.88
 10
4289.99
 20
2870.88
 10
4189.99
 20
2870.88
  0
LWPOLYLINE
  5
331
330
17
100
AcDbEntity
  8
Paineis
100
AcDbPolyline
 90
4
 70
1
 10
4289.99
 20
2705.88
 10
4389.99
 20
2705.88
 10
4389.99
 20
2870.88
 10
4289.99
 20
2870.88
  0
LWPOLYLINE
  5
332
330
17
100
AcDbEntity
  8
Paineis
100
AcDbPolyline
 90
4
 70
1
 10
4389.99
 20
2705.88
 10
4407.99
 20
2705.88
 10
4407.99
 20
2870.88
 10
4389.99
 20
2870.88
  0
MTEXT
  5
333
330
17
100
AcDbEntity
  8
Texto Secao
100
AcDbMText
 10
4298.99
 20
2788.38
 30
0.0
 40
8.72
 71
1
  1
L316\Pe=12cm
  0
MTEXT
  5
334
330
17
100
AcDbEntity
  8
AUX00
100
AcDbMText
 10
4239.99
 20
2788.38
 30
0.0
 40
6.0
 71
1
  1
L316\P100X165\Pc/rec.\Pe=12cm
  0
MTEXT
  5
335
330
17
100
AcDbEntity
  8
AUX00
100
AcDbMText
 10
4339.99
 20
2788.38
 30
0.0
 40
6.0
 71
1
  1
L316\P100X165\Pc/rec.\Pe=12cm
  0
MTEXT
  5
336
330
17
100
AcDbEntity
  8
AUX00
100
AcDbMText
 10
4398.99
 20
2788.38
 30
0.0
 40
6.0
 71
1
  1
L316\P18X165\Pc/rec.\Pe=12cm
  0
MTEXT
  5
337
330
17
100
AcDbEntity
  8
NOMENCLATURA
100
AcDbMText
 10
4189.99
 20
2900.88
 30
0.0
 40
10.0
 71
1
  1
12 PAV - L316  218x165cm  e=12cm  paineis: 4x1
  0
LWPOLYLINE
  5
338
330
17
100
AcDbEntity
  8
Contorno
100
AcDbPolyline
 90
5
 70
1
 10
4597.15
 20
2700.79
 10
4472.15
 20
2700.79
 10
4472.15
 20
2900.79
 10
4597.15
 20
2900.79
 10
4597.15
 20
2700.79
  0
LWPOLYLINE
  5
339
330
17
100
AcDbEntity
  8
Paineis
100
AcDbPolyline
 90
4
 70
1
 10
4472.15
 20
2700.79
 10
4572.15
 20
2700.79
 10
4572.15
 20
2825.79
 10
4472.15
 20
2825.79
  0
LWPOLYLINE
  5
33A
330
17
100
AcDbEntity
  8
Paineis
100
AcDbPolyline
 90
4
 70
1
 10
4572.15
 20
2700.79
 10
4672.15
 20
2700.79
 10
4672.15
 20
2825.79
 10
4572.15
 20
2825.79
  0
MTEXT
  5
33B
330
17
100
AcDbEntity
  8
Texto Secao
100
AcDbMText
 10
4572.15
 20
2763.29
 30
0.0
 40
8.0
 71
1
  1
L317\Pe=12cm
  0
MTEXT
  5
33C
330
17
100
AcDbEntity
  8
AUX00
100
AcDbMText
 10
4522.15
 20
2763.29
 30
0.0
 40
6.0
 71
1
  1
L317\P100X125\Pc/rec.\Pe=12cm
  0
MTEXT
  5
33D
330
17
100
AcDbEntity
  8
AUX00
100
AcDbMText
 10
4622.15
 20
2763.29
 30
0.0
 40
6.0
 71
1
  1
L317\P100X125\Pc/rec.\Pe=12cm
  0
MTEXT
  5
33E
330
17
100
AcDbEntity
  8
NOMENCLATURA
100
AcDbMText
 10
4472.15
 20
2855.79
 30
0.0
 40
10.0
 71
1
  1
12 PAV - L317  200x125cm  e=12cm  paineis: 3x1
  0
LWPOLYLINE
  5
33F
330
17
100
AcDbEntity
  8
Contorno
100
AcDbPolyline
 90
5
 70
1
 10
2693.17
 20
2637.3
 10
2568.17
 20
2637.3
 10
2568.17
 20
2437.3
 10
2693.17
 20
2437.3
 10
2693.17
 20
2637.3
  0
LWPOLYLINE
  5
340
330
17
100
AcDbEntity
  8
Paineis
100
AcDbPolyline
 90
4
 70
1
 10
2568.17
 20
2437.3
 10
2668.17
 20
2437.3
 10
2668.17
 20
2562.3
 10
2568.17
 20
2562.3
  0
LWPOLYLINE
  5
341
330
17
100
AcDbEntity
  8
Paineis
100
AcDbPolyline
 90
4
 70
1
 10
2668.17
 20
2437.3
 10
2768.17
 20
2437.3
 10
2768.17
 20
2562.3
 10
2668.17
 20
2562.3
  0
MTEXT
  5
342
330
17
100
AcDbEntity
  8
Texto Secao
100
AcDbMText
 10
2668.17
 20
2499.8
 30
0.0
 40
8.0
 71
1
  1
L318\Pe=12cm
  0
MTEXT
  5
343
330
17
100
AcDbEntity
  8
AUX00
100
AcDbMText
 10
2618.17
 20
2499.8
 30
0.0
 40
6.0
 71
1
  1
L318\P100X125\Pc/rec.\Pe=12cm
  0
MTEXT
  5
344
330
17
100
AcDbEntity
  8
AUX00
100
AcDbMText
 10
2718.17
 20
2499.8
 30
0.0
 40
6.0
 71
1
  1
L318\P100X125\Pc/rec.\Pe=12cm
  0
MTEXT
  5
345
330
17
100
AcDbEntity
  8
NOMENCLATURA
100
AcDbMText
 10
2568.17
 20
2592.3
 30
0.0
 40
10.0
 71
1
  1
12 PAV - L318  200x125cm  e=12cm  paineis: 3x1
  0
LWPOLYLINE
  5
346
330
17
100
AcDbEntity
  8
Contorno
100
AcDbPolyline
 90
5
 70
1
 10
1262.0
 20
2390.08
 10
1444.5
 20
2390.08
 10
1444.5
 20
2178.08
 10
1262.0
 20
2178.08
 10
1262.0
 20
2390.08
  0
LWPOLYLINE
  5
347
330
17
100
AcDbEntity
  8
Paineis
100
AcDbPolyline
 90
4
 70
1
 10
1262.0
 20
2178.08
 10
1362.0
 20
2178.08
 10
1362.0
 20
2360.58
 10
1262.0
 20
2360.58
  0
LWPOLYLINE
  5
348
330
17
100
AcDbEntity
  8
Paineis
100
AcDbPolyline
 90
4
 70
1
 10
1362.0
 20
2178.08
 10
1462.0
 20
2178.08
 10
1462.0
 20
2360.58
 10
1362.0
 20
2360.58
  0
LWPOLYLINE
  5
349
330
17
100
AcDbEntity
  8
Paineis
100
AcDbPolyline
 90
4
 70
1
 10
1462.0
 20
2178.08
 10
1474.0
 20
2178.08
 10
1474.0
 20
2360.58
 10
1462.0
 20
2360.58
  0
MTEXT
  5
34A
330
17
100
AcDbEntity
  8
Texto Secao
100
AcDbMText
 10
1368.0
 20
2269.33
 30
0.0
 40
8.48
 71
1
  1
L319\Pe=12cm
  0
MTEXT
  5
34B
330
17
100
AcDbEntity
  8
AUX00
100
AcDbMText
 10
1312.0
 20
2269.33
 30
0.0
 40
6.0
 71
1
  1
L319\P100X182\Pc/rec.\Pe=12cm
  0
MTEXT
  5
34C
330
17
100
AcDbEntity
  8
AUX00
100
AcDbMText
 10
1412.0
 20
2269.33
 30
0.0
 40
6.0
 71
1
  1
L319\P100X182\Pc/rec.\Pe=12cm
  0
MTEXT
  5
34D
330
17
100
AcDbEntity
  8
AUX00
100
AcDbMText
 10
1468.0
 20
2269.33
 30
0.0
 40
6.0
 71
1
  1
L319\P12X182\Pc/rec.\Pe=12cm
  0
MTEXT
  5
34E
330
17
100
AcDbEntity
  8
NOMENCLATURA
100
AcDbMText
 10
1262.0
 20
2390.58
 30
0.0
 40
10.0
 71
1
  1
12 PAV - L319  212x182cm  e=12cm  paineis: 4x1
  0
LWPOLYLINE
  5
34F
330
17
100
AcDbEntity
  8
Contorno
100
AcDbPolyline
 90
5
 70
1
 10
1827.85
 20
2364.42
 10
1702.85
 20
2364.42
 10
1702.85
 20
2164.42
 10
1827.85
 20
2164.42
 10
1827.85
 20
2364.42
  0
LWPOLYLINE
  5
350
330
17
100
AcDbEntity
  8
Paineis
100
AcDbPolyline
 90
4
 70
1
 10
1702.85
 20
2164.42
 10
1802.85
 20
2164.42
 10
1802.85
 20
2289.42
 10
1702.85
 20
2289.42
  0
LWPOLYLINE
  5
351
330
17
100
AcDbEntity
  8
Paineis
100
AcDbPolyline
 90
4
 70
1
 10
1802.85
 20
2164.42
 10
1902.85
 20
2164.42
 10
1902.85
 20
2289.42
 10
1802.85
 20
2289.42
  0
MTEXT
  5
352
330
17
100
AcDbEntity
  8
Texto Secao
100
AcDbMText
 10
1802.85
 20
2226.92
 30
0.0
 40
8.0
 71
1
  1
L320\Pe=12cm
  0
MTEXT
  5
353
330
17
100
AcDbEntity
  8
AUX00
100
AcDbMText
 10
1752.85
 20
2226.92
 30
0.0
 40
6.0
 71
1
  1
L320\P100X125\Pc/rec.\Pe=12cm
  0
MTEXT
  5
354
330
17
100
AcDbEntity
  8
AUX00
100
AcDbMText
 10
1852.85
 20
2226.92
 30
0.0
 40
6.0
 71
1
  1
L320\P100X125\Pc/rec.\Pe=12cm
  0
MTEXT
  5
355
330
17
100
AcDbEntity
  8
NOMENCLATURA
100
AcDbMText
 10
1702.85
 20
2319.42
 30
0.0
 40
10.0
 71
1
  1
12 PAV - L320  200x125cm  e=12cm  paineis: 3x1
  0
LWPOLYLINE
  5
356
330
17
100
AcDbEntity
  8
Contorno
100
AcDbPolyline
 90
5
 70
1
 10
2272.34
 20
2169.54
 10
2147.34
 20
2169.54
 10
2147.34
 20
2369.54
 10
2272.34
 20
2369.54
 10
2272.34
 20
2169.54
  0
LWPOLYLINE
  5
357
330
17
100
AcDbEntity
  8
Paineis
100
AcDbPolyline
 90
4
 70
1
 10
2147.34
 20
2169.54
 10
2247.34
 20
2169.54
 10
2247.34
 20
2294.54
 10
2147.34
 20
2294.54
  0
LWPOLYLINE
  5
358
330
17
100
AcDbEntity
  8
Paineis
100
AcDbPolyline
 90
4
 70
1
 10
2247.34
 20
2169.54
 10
2347.34
 20
2169.54
 10
2347.34
 20
2294.54
 10
2247.34
 20
2294.54
  0
MTEXT
  5
359
330
17
100
AcDbEntity
  8
Texto Secao
100
AcDbMText
 10
2247.34
 20
2232.04
 30
0.0
 40
8.0
 71
1
  1
L321\Pe=12cm
  0
MTEXT
  5
35A
330
17
100
AcDbEntity
  8
AUX00
100
AcDbMText
 10
2197.34
 20
2232.04
 30
0.0
 40
6.0
 71
1
  1
L321\P100X125\Pc/rec.\Pe=12cm
  0
MTEXT
  5
35B
330
17
100
AcDbEntity
  8
AUX00
100
AcDbMText
 10
2297.34
 20
2232.04
 30
0.0
 40
6.0
 71
1
  1
L321\P100X125\Pc/rec.\Pe=12cm
  0
MTEXT
  5
35C
330
17
100
AcDbEntity
  8
NOMENCLATURA
100
AcDbMText
 10
2147.34
 20
2324.54
 30
0.0
 40
10.0
 71
1
  1
12 PAV - L321  200x125cm  e=12cm  paineis: 3x1
  0
LWPOLYLINE
  5
35D
330
17
100
AcDbEntity
  8
Contorno
100
AcDbPolyline
 90
5
 70
1
 10
2567.46
 20
2167.72
 10
2692.46
 20
2167.72
 10
2692.46
 20
2367.72
 10
2567.46
 20
2367.72
 10
2567.46
 20
2167.72
  0
LWPOLYLINE
  5
35E
330
17
100
AcDbEntity
  8
Paineis
100
AcDbPolyline
 90
4
 70
1
 10
2567.46
 20
2167.72
 10
2667.46
 20
2167.72
 10
2667.46
 20
2292.72
 10
2567.46
 20
2292.72
  0
LWPOLYLINE
  5
35F
330
17
100
AcDbEntity
  8
Paineis
100
AcDbPolyline
 90
4
 70
1
 10
2667.46
 20
2167.72
 10
2767.46
 20
2167.72
 10
2767.46
 20
2292.72
 10
2667.46
 20
2292.72
  0
MTEXT
  5
360
330
17
100
AcDbEntity
  8
Texto Secao
100
AcDbMText
 10
2667.46
 20
2230.22
 30
0.0
 40
8.0
 71
1
  1
L322\Pe=12cm
  0
MTEXT
  5
361
330
17
100
AcDbEntity
  8
AUX00
100
AcDbMText
 10
2617.46
 20
2230.22
 30
0.0
 40
6.0
 71
1
  1
L322\P100X125\Pc/rec.\Pe=12cm
  0
MTEXT
  5
362
330
17
100
AcDbEntity
  8
AUX00
100
AcDbMText
 10
2717.46
 20
2230.22
 30
0.0
 40
6.0
 71
1
  1
L322\P100X125\Pc/rec.\Pe=12cm
  0
MTEXT
  5
363
330
17
100
AcDbEntity
  8
NOMENCLATURA
100
AcDbMText
 10
2567.46
 20
2322.72
 30
0.0
 40
10.0
 71
1
  1
12 PAV - L322  200x125cm  e=12cm  paineis: 3x1
  0
LWPOLYLINE
  5
364
330
17
100
AcDbEntity
  8
Contorno
100
AcDbPolyline
 90
5
 70
1
 10
164.84000000000015
 20
831.69
 10
6149.04
 20
831.69
 10
6149.04
 20
3701.69
 10
164.84000000000015
 20
3701.69
 10
164.84000000000015
 20
831.69
  0
LWPOLYLINE
  5
365
330
17
100
AcDbEntity
  8
Paineis
100
AcDbPolyline
 90
4
 70
1
 10
164.84000000000015
 20
831.69
 10
264.84000000000015
 20
831.69
 10
264.84000000000015
 20
3701.69
 10
164.84000000000015
 20
3701.69
  0
LWPOLYLINE
  5
366
330
17
100
AcDbEntity
  8
Paineis
100
AcDbPolyline
 90
4
 70
1
 10
264.84000000000015
 20
831.69
 10
364.84000000000015
 20
831.69
 10
364.84000000000015
 20
3701.69
 10
264.84000000000015
 20
3701.69
  0
LWPOLYLINE
  5
367
330
17
100
AcDbEntity
  8
Paineis
100
AcDbPolyline
 90
4
 70
1
 10
364.84000000000015
 20
831.69
 10
464.84000000000015
 20
831.69
 10
464.84000000000015
 20
3701.69
 10
364.84000000000015
 20
3701.69
  0
LWPOLYLINE
  5
368
330
17
100
AcDbEntity
  8
Paineis
100
AcDbPolyline
 90
4
 70
1
 10
464.84000000000015
 20
831.69
 10
564.8400000000001
 20
831.69
 10
564.8400000000001
 20
3701.69
 10
464.84000000000015
 20
3701.69
  0
LWPOLYLINE
  5
369
330
17
100
AcDbEntity
  8
Paineis
100
AcDbPolyline
 90
4
 70
1
 10
564.8400000000001
 20
831.69
 10
664.8400000000001
 20
831.69
 10
664.8400000000001
 20
3701.69
 10
564.8400000000001
 20
3701.69
  0
LWPOLYLINE
  5
36A
330
17
100
AcDbEntity
  8
Paineis
100
AcDbPolyline
 90
4
 70
1
 10
664.8400000000001
 20
831.69
 10
764.8400000000001
 20
831.69
 10
764.8400000000001
 20
3701.69
 10
664.8400000000001
 20
3701.69
  0
LWPOLYLINE
  5
36B
330
17
100
AcDbEntity
  8
Paineis
100
AcDbPolyline
 90
4
 70
1
 10
764.8400000000001
 20
831.69
 10
864.8400000000001
 20
831.69
 10
864.8400000000001
 20
3701.69
 10
764.8400000000001
 20
3701.69
  0
LWPOLYLINE
  5
36C
330
17
100
AcDbEntity
  8
Paineis
100
AcDbPolyline
 90
4
 70
1
 10
864.8400000000001
 20
831.69
 10
964.8400000000001
 20
831.69
 10
964.8400000000001
 20
3701.69
 10
864.8400000000001
 20
3701.69
  0
LWPOLYLINE
  5
36D
330
17
100
AcDbEntity
  8
Paineis
100
AcDbPolyline
 90
4
 70
1
 10
964.8400000000001
 20
831.69
 10
1064.8400000000001
 20
831.69
 10
1064.8400000000001
 20
3701.69
 10
964.8400000000001
 20
3701.69
  0
LWPOLYLINE
  5
36E
330
17
100
AcDbEntity
  8
Paineis
100
AcDbPolyline
 90
4
 70
1
 10
1064.8400000000001
 20
831.69
 10
1164.8400000000001
 20
831.69
 10
1164.8400000000001
 20
3701.69
 10
1064.8400000000001
 20
3701.69
  0
LWPOLYLINE
  5
36F
330
17
100
AcDbEntity
  8
Paineis
100
AcDbPolyline
 90
4
 70
1
 10
1164.8400000000001
 20
831.69
 10
1264.8400000000001
 20
831.69
 10
1264.8400000000001
 20
3701.69
 10
1164.8400000000001
 20
3701.69
  0
LWPOLYLINE
  5
370
330
17
100
AcDbEntity
  8
Paineis
100
AcDbPolyline
 90
4
 70
1
 10
1264.8400000000001
 20
831.69
 10
1364.8400000000001
 20
831.69
 10
1364.8400000000001
 20
3701.69
 10
1264.8400000000001
 20
3701.69
  0
LWPOLYLINE
  5
371
330
17
100
AcDbEntity
  8
Paineis
100
AcDbPolyline
 90
4
 70
1
 10
1364.8400000000001
 20
831.69
 10
1464.8400000000001
 20
831.69
 10
1464.8400000000001
 20
3701.69
 10
1364.8400000000001
 20
3701.69
  0
LWPOLYLINE
  5
372
330
17
100
AcDbEntity
  8
Paineis
100
AcDbPolyline
 90
4
 70
1
 10
1464.8400000000001
 20
831.69
 10
1564.8400000000001
 20
831.69
 10
1564.8400000000001
 20
3701.69
 10
1464.8400000000001
 20
3701.69
  0
LWPOLYLINE
  5
373
330
17
100
AcDbEntity
  8
Paineis
100
AcDbPolyline
 90
4
 70
1
 10
1564.8400000000001
 20
831.69
 10
1664.8400000000001
 20
831.69
 10
1664.8400000000001
 20
3701.69
 10
1564.8400000000001
 20
3701.69
  0
LWPOLYLINE
  5
374
330
17
100
AcDbEntity
  8
Paineis
100
AcDbPolyline
 90
4
 70
1
 10
1664.8400000000001
 20
831.69
 10
1764.8400000000001
 20
831.69
 10
1764.8400000000001
 20
3701.69
 10
1664.8400000000001
 20
3701.69
  0
LWPOLYLINE
  5
375
330
17
100
AcDbEntity
  8
Paineis
100
AcDbPolyline
 90
4
 70
1
 10
1764.8400000000001
 20
831.69
 10
1864.8400000000001
 20
831.69
 10
1864.8400000000001
 20
3701.69
 10
1764.8400000000001
 20
3701.69
  0
LWPOLYLINE
  5
376
330
17
100
AcDbEntity
  8
Paineis
100
AcDbPolyline
 90
4
 70
1
 10
1864.8400000000001
 20
831.69
 10
1964.8400000000001
 20
831.69
 10
1964.8400000000001
 20
3701.69
 10
1864.8400000000001
 20
3701.69
  0
LWPOLYLINE
  5
377
330
17
100
AcDbEntity
  8
Paineis
100
AcDbPolyline
 90
4
 70
1
 10
1964.8400000000001
 20
831.69
 10
2064.84
 20
831.69
 10
2064.84
 20
3701.69
 10
1964.8400000000001
 20
3701.69
  0
LWPOLYLINE
  5
378
330
17
100
AcDbEntity
  8
Paineis
100
AcDbPolyline
 90
4
 70
1
 10
2064.84
 20
831.69
 10
2164.84
 20
831.69
 10
2164.84
 20
3701.69
 10
2064.84
 20
3701.69
  0
LWPOLYLINE
  5
379
330
17
100
AcDbEntity
  8
Paineis
100
AcDbPolyline
 90
4
 70
1
 10
2164.84
 20
831.69
 10
2264.84
 20
831.69
 10
2264.84
 20
3701.69
 10
2164.84
 20
3701.69
  0
LWPOLYLINE
  5
37A
330
17
100
AcDbEntity
  8
Paineis
100
AcDbPolyline
 90
4
 70
1
 10
2264.84
 20
831.69
 10
2364.84
 20
831.69
 10
2364.84
 20
3701.69
 10
2264.84
 20
3701.69
  0
LWPOLYLINE
  5
37B
330
17
100
AcDbEntity
  8
Paineis
100
AcDbPolyline
 90
4
 70
1
 10
2364.84
 20
831.69
 10
2464.84
 20
831.69
 10
2464.84
 20
3701.69
 10
2364.84
 20
3701.69
  0
LWPOLYLINE
  5
37C
330
17
100
AcDbEntity
  8
Paineis
100
AcDbPolyline
 90
4
 70
1
 10
2464.84
 20
831.69
 10
2564.84
 20
831.69
 10
2564.84
 20
3701.69
 10
2464.84
 20
3701.69
  0
LWPOLYLINE
  5
37D
330
17
100
AcDbEntity
  8
Paineis
100
AcDbPolyline
 90
4
 70
1
 10
2564.84
 20
831.69
 10
2664.84
 20
831.69
 10
2664.84
 20
3701.69
 10
2564.84
 20
3701.69
  0
LWPOLYLINE
  5
37E
330
17
100
AcDbEntity
  8
Paineis
100
AcDbPolyline
 90
4
 70
1
 10
2664.84
 20
831.69
 10
2764.84
 20
831.69
 10
2764.84
 20
3701.69
 10
2664.84
 20
3701.69
  0
LWPOLYLINE
  5
37F
330
17
100
AcDbEntity
  8
Paineis
100
AcDbPolyline
 90
4
 70
1
 10
2764.84
 20
831.69
 10
2864.84
 20
831.69
 10
2864.84
 20
3701.69
 10
2764.84
 20
3701.69
  0
LWPOLYLINE
  5
380
330
17
100
AcDbEntity
  8
Paineis
100
AcDbPolyline
 90
4
 70
1
 10
2864.84
 20
831.69
 10
2964.84
 20
831.69
 10
2964.84
 20
3701.69
 10
2864.84
 20
3701.69
  0
LWPOLYLINE
  5
381
330
17
100
AcDbEntity
  8
Paineis
100
AcDbPolyline
 90
4
 70
1
 10
2964.84
 20
831.69
 10
3064.84
 20
831.69
 10
3064.84
 20
3701.69
 10
2964.84
 20
3701.69
  0
LWPOLYLINE
  5
382
330
17
100
AcDbEntity
  8
Paineis
100
AcDbPolyline
 90
4
 70
1
 10
3064.84
 20
831.69
 10
3164.84
 20
831.69
 10
3164.84
 20
3701.69
 10
3064.84
 20
3701.69
  0
LWPOLYLINE
  5
383
330
17
100
AcDbEntity
  8
Paineis
100
AcDbPolyline
 90
4
 70
1
 10
3164.84
 20
831.69
 10
3264.84
 20
831.69
 10
3264.84
 20
3701.69
 10
3164.84
 20
3701.69
  0
LWPOLYLINE
  5
384
330
17
100
AcDbEntity
  8
Paineis
100
AcDbPolyline
 90
4
 70
1
 10
3264.84
 20
831.69
 10
3364.84
 20
831.69
 10
3364.84
 20
3701.69
 10
3264.84
 20
3701.69
  0
LWPOLYLINE
  5
385
330
17
100
AcDbEntity
  8
Paineis
100
AcDbPolyline
 90
4
 70
1
 10
3364.84
 20
831.69
 10
3464.84
 20
831.69
 10
3464.84
 20
3701.69
 10
3364.84
 20
3701.69
  0
LWPOLYLINE
  5
386
330
17
100
AcDbEntity
  8
Paineis
100
AcDbPolyline
 90
4
 70
1
 10
3464.84
 20
831.69
 10
3564.84
 20
831.69
 10
3564.84
 20
3701.69
 10
3464.84
 20
3701.69
  0
LWPOLYLINE
  5
387
330
17
100
AcDbEntity
  8
Paineis
100
AcDbPolyline
 90
4
 70
1
 10
3564.84
 20
831.69
 10
3664.84
 20
831.69
 10
3664.84
 20
3701.69
 10
3564.84
 20
3701.69
  0
LWPOLYLINE
  5
388
330
17
100
AcDbEntity
  8
Paineis
100
AcDbPolyline
 90
4
 70
1
 10
3664.84
 20
831.69
 10
3764.84
 20
831.69
 10
3764.84
 20
3701.69
 10
3664.84
 20
3701.69
  0
LWPOLYLINE
  5
389
330
17
100
AcDbEntity
  8
Paineis
100
AcDbPolyline
 90
4
 70
1
 10
3764.84
 20
831.69
 10
3864.84
 20
831.69
 10
3864.84
 20
3701.69
 10
3764.84
 20
3701.69
  0
LWPOLYLINE
  5
38A
330
17
100
AcDbEntity
  8
Paineis
100
AcDbPolyline
 90
4
 70
1
 10
3864.84
 20
831.69
 10
3964.84
 20
831.69
 10
3964.84
 20
3701.69
 10
3864.84
 20
3701.69
  0
LWPOLYLINE
  5
38B
330
17
100
AcDbEntity
  8
Paineis
100
AcDbPolyline
 90
4
 70
1
 10
3964.84
 20
831.69
 10
4064.84
 20
831.69
 10
4064.84
 20
3701.69
 10
3964.84
 20
3701.69
  0
LWPOLYLINE
  5
38C
330
17
100
AcDbEntity
  8
Paineis
100
AcDbPolyline
 90
4
 70
1
 10
4064.84
 20
831.69
 10
4164.84
 20
831.69
 10
4164.84
 20
3701.69
 10
4064.84
 20
3701.69
  0
LWPOLYLINE
  5
38D
330
17
100
AcDbEntity
  8
Paineis
100
AcDbPolyline
 90
4
 70
1
 10
4164.84
 20
831.69
 10
4264.84
 20
831.69
 10
4264.84
 20
3701.69
 10
4164.84
 20
3701.69
  0
LWPOLYLINE
  5
38E
330
17
100
AcDbEntity
  8
Paineis
100
AcDbPolyline
 90
4
 70
1
 10
4264.84
 20
831.69
 10
4364.84
 20
831.69
 10
4364.84
 20
3701.69
 10
4264.84
 20
3701.69
  0
LWPOLYLINE
  5
38F
330
17
100
AcDbEntity
  8
Paineis
100
AcDbPolyline
 90
4
 70
1
 10
4364.84
 20
831.69
 10
4464.84
 20
831.69
 10
4464.84
 20
3701.69
 10
4364.84
 20
3701.69
  0
LWPOLYLINE
  5
390
330
17
100
AcDbEntity
  8
Paineis
100
AcDbPolyline
 90
4
 70
1
 10
4464.84
 20
831.69
 10
4564.84
 20
831.69
 10
4564.84
 20
3701.69
 10
4464.84
 20
3701.69
  0
LWPOLYLINE
  5
391
330
17
100
AcDbEntity
  8
Paineis
100
AcDbPolyline
 90
4
 70
1
 10
4564.84
 20
831.69
 10
4664.84
 20
831.69
 10
4664.84
 20
3701.69
 10
4564.84
 20
3701.69
  0
LWPOLYLINE
  5
392
330
17
100
AcDbEntity
  8
Paineis
100
AcDbPolyline
 90
4
 70
1
 10
4664.84
 20
831.69
 10
4764.84
 20
831.69
 10
4764.84
 20
3701.69
 10
4664.84
 20
3701.69
  0
LWPOLYLINE
  5
393
330
17
100
AcDbEntity
  8
Paineis
100
AcDbPolyline
 90
4
 70
1
 10
4764.84
 20
831.69
 10
4864.84
 20
831.69
 10
4864.84
 20
3701.69
 10
4764.84
 20
3701.69
  0
LWPOLYLINE
  5
394
330
17
100
AcDbEntity
  8
Paineis
100
AcDbPolyline
 90
4
 70
1
 10
4864.84
 20
831.69
 10
4964.84
 20
831.69
 10
4964.84
 20
3701.69
 10
4864.84
 20
3701.69
  0
LWPOLYLINE
  5
395
330
17
100
AcDbEntity
  8
Paineis
100
AcDbPolyline
 90
4
 70
1
 10
4964.84
 20
831.69
 10
5064.84
 20
831.69
 10
5064.84
 20
3701.69
 10
4964.84
 20
3701.69
  0
LWPOLYLINE
  5
396
330
17
100
AcDbEntity
  8
Paineis
100
AcDbPolyline
 90
4
 70
1
 10
5064.84
 20
831.69
 10
5164.84
 20
831.69
 10
5164.84
 20
3701.69
 10
5064.84
 20
3701.69
  0
LWPOLYLINE
  5
397
330
17
100
AcDbEntity
  8
Paineis
100
AcDbPolyline
 90
4
 70
1
 10
5164.84
 20
831.69
 10
5264.84
 20
831.69
 10
5264.84
 20
3701.69
 10
5164.84
 20
3701.69
  0
LWPOLYLINE
  5
398
330
17
100
AcDbEntity
  8
Paineis
100
AcDbPolyline
 90
4
 70
1
 10
5264.84
 20
831.69
 10
5364.84
 20
831.69
 10
5364.84
 20
3701.69
 10
5264.84
 20
3701.69
  0
LWPOLYLINE
  5
399
330
17
100
AcDbEntity
  8
Paineis
100
AcDbPolyline
 90
4
 70
1
 10
5364.84
 20
831.69
 10
5464.84
 20
831.69
 10
5464.84
 20
3701.69
 10
5364.84
 20
3701.69
  0
LWPOLYLINE
  5
39A
330
17
100
AcDbEntity
  8
Paineis
100
AcDbPolyline
 90
4
 70
1
 10
5464.84
 20
831.69
 10
5564.84
 20
831.69
 10
5564.84
 20
3701.69
 10
5464.84
 20
3701.69
  0
LWPOLYLINE
  5
39B
330
17
100
AcDbEntity
  8
Paineis
100
AcDbPolyline
 90
4
 70
1
 10
5564.84
 20
831.69
 10
5664.84
 20
831.69
 10
5664.84
 20
3701.69
 10
5564.84
 20
3701.69
  0
LWPOLYLINE
  5
39C
330
17
100
AcDbEntity
  8
Paineis
100
AcDbPolyline
 90
4
 70
1
 10
5664.84
 20
831.69
 10
5764.84
 20
831.69
 10
5764.84
 20
3701.69
 10
5664.84
 20
3701.69
  0
LWPOLYLINE
  5
39D
330
17
100
AcDbEntity
  8
Paineis
100
AcDbPolyline
 90
4
 70
1
 10
5764.84
 20
831.69
 10
5864.84
 20
831.69
 10
5864.84
 20
3701.69
 10
5764.84
 20
3701.69
  0
LWPOLYLINE
  5
39E
330
17
100
AcDbEntity
  8
Paineis
100
AcDbPolyline
 90
4
 70
1
 10
5864.84
 20
831.69
 10
5964.84
 20
831.69
 10
5964.84
 20
3701.69
 10
5864.84
 20
3701.69
  0
LWPOLYLINE
  5
39F
330
17
100
AcDbEntity
  8
Paineis
100
AcDbPolyline
 90
4
 70
1
 10
5964.84
 20
831.69
 10
6064.84
 20
831.69
 10
6064.84
 20
3701.69
 10
5964.84
 20
3701.69
  0
LWPOLYLINE
  5
3A0
330
17
100
AcDbEntity
  8
Paineis
100
AcDbPolyline
 90
4
 70
1
 10
6064.84
 20
831.69
 10
6149.04
 20
831.69
 10
6149.04
 20
3701.69
 10
6064.84
 20
3701.69
  0
MTEXT
  5
3A1
330
17
100
AcDbEntity
  8
Texto Secao
100
AcDbMText
 10
3156.94
 20
2266.69
 30
0.0
 40
239.368
 71
1
  1
L323\Pe=12cm
  0
MTEXT
  5
3A2
330
17
100
AcDbEntity
  8
AUX00
100
AcDbMText
 10
214.84000000000015
 20
2266.69
 30
0.0
 40
6.0
 71
1
  1
L323\P100X2870\Pc/rec.\Pe=12cm
  0
MTEXT
  5
3A3
330
17
100
AcDbEntity
  8
AUX00
100
AcDbMText
 10
314.84000000000015
 20
2266.69
 30
0.0
 40
6.0
 71
1
  1
L323\P100X2870\Pc/rec.\Pe=12cm
  0
MTEXT
  5
3A4
330
17
100
AcDbEntity
  8
AUX00
100
AcDbMText
 10
414.84000000000015
 20
2266.69
 30
0.0
 40
6.0
 71
1
  1
L323\P100X2870\Pc/rec.\Pe=12cm
  0
MTEXT
  5
3A5
330
17
100
AcDbEntity
  8
AUX00
100
AcDbMText
 10
514.8400000000001
 20
2266.69
 30
0.0
 40
6.0
 71
1
  1
L323\P100X2870\Pc/rec.\Pe=12cm
  0
MTEXT
  5
3A6
330
17
100
AcDbEntity
  8
AUX00
100
AcDbMText
 10
614.8400000000001
 20
2266.69
 30
0.0
 40
6.0
 71
1
  1
L323\P100X2870\Pc/rec.\Pe=12cm
  0
MTEXT
  5
3A7
330
17
100
AcDbEntity
  8
AUX00
100
AcDbMText
 10
714.8400000000001
 20
2266.69
 30
0.0
 40
6.0
 71
1
  1
L323\P100X2870\Pc/rec.\Pe=12cm
  0
MTEXT
  5
3A8
330
17
100
AcDbEntity
  8
AUX00
100
AcDbMText
 10
814.8400000000001
 20
2266.69
 30
0.0
 40
6.0
 71
1
  1
L323\P100X2870\Pc/rec.\Pe=12cm
  0
MTEXT
  5
3A9
330
17
100
AcDbEntity
  8
AUX00
100
AcDbMText
 10
914.8400000000001
 20
2266.69
 30
0.0
 40
6.0
 71
1
  1
L323\P100X2870\Pc/rec.\Pe=12cm
  0
MTEXT
  5
3AA
330
17
100
AcDbEntity
  8
AUX00
100
AcDbMText
 10
1014.8400000000001
 20
2266.69
 30
0.0
 40
6.0
 71
1
  1
L323\P100X2870\Pc/rec.\Pe=12cm
  0
MTEXT
  5
3AB
330
17
100
AcDbEntity
  8
AUX00
100
AcDbMText
 10
1114.8400000000001
 20
2266.69
 30
0.0
 40
6.0
 71
1
  1
L323\P100X2870\Pc/rec.\Pe=12cm
  0
MTEXT
  5
3AC
330
17
100
AcDbEntity
  8
AUX00
100
AcDbMText
 10
1214.8400000000001
 20
2266.69
 30
0.0
 40
6.0
 71
1
  1
L323\P100X2870\Pc/rec.\Pe=12cm
  0
MTEXT
  5
3AD
330
17
100
AcDbEntity
  8
AUX00
100
AcDbMText
 10
1314.8400000000001
 20
2266.69
 30
0.0
 40
6.0
 71
1
  1
L323\P100X2870\Pc/rec.\Pe=12cm
  0
MTEXT
  5
3AE
330
17
100
AcDbEntity
  8
AUX00
100
AcDbMText
 10
1414.8400000000001
 20
2266.69
 30
0.0
 40
6.0
 71
1
  1
L323\P100X2870\Pc/rec.\Pe=12cm
  0
MTEXT
  5
3AF
330
17
100
AcDbEntity
  8
AUX00
100
AcDbMText
 10
1514.8400000000001
 20
2266.69
 30
0.0
 40
6.0
 71
1
  1
L323\P100X2870\Pc/rec.\Pe=12cm
  0
MTEXT
  5
3B0
330
17
100
AcDbEntity
  8
AUX00
100
AcDbMText
 10
1614.8400000000001
 20
2266.69
 30
0.0
 40
6.0
 71
1
  1
L323\P100X2870\Pc/rec.\Pe=12cm
  0
MTEXT
  5
3B1
330
17
100
AcDbEntity
  8
AUX00
100
AcDbMText
 10
1714.8400000000001
 20
2266.69
 30
0.0
 40
6.0
 71
1
  1
L323\P100X2870\Pc/rec.\Pe=12cm
  0
MTEXT
  5
3B2
330
17
100
AcDbEntity
  8
AUX00
100
AcDbMText
 10
1814.8400000000001
 20
2266.69
 30
0.0
 40
6.0
 71
1
  1
L323\P100X2870\Pc/rec.\Pe=12cm
  0
MTEXT
  5
3B3
330
17
100
AcDbEntity
  8
AUX00
100
AcDbMText
 10
1914.8400000000001
 20
2266.69
 30
0.0
 40
6.0
 71
1
  1
L323\P100X2870\Pc/rec.\Pe=12cm
  0
MTEXT
  5
3B4
330
17
100
AcDbEntity
  8
AUX00
100
AcDbMText
 10
2014.8400000000001
 20
2266.69
 30
0.0
 40
6.0
 71
1
  1
L323\P100X2870\Pc/rec.\Pe=12cm
  0
MTEXT
  5
3B5
330
17
100
AcDbEntity
  8
AUX00
100
AcDbMText
 10
2114.84
 20
2266.69
 30
0.0
 40
6.0
 71
1
  1
L323\P100X2870\Pc/rec.\Pe=12cm
  0
MTEXT
  5
3B6
330
17
100
AcDbEntity
  8
AUX00
100
AcDbMText
 10
2214.84
 20
2266.69
 30
0.0
 40
6.0
 71
1
  1
L323\P100X2870\Pc/rec.\Pe=12cm
  0
MTEXT
  5
3B7
330
17
100
AcDbEntity
  8
AUX00
100
AcDbMText
 10
2314.84
 20
2266.69
 30
0.0
 40
6.0
 71
1
  1
L323\P100X2870\Pc/rec.\Pe=12cm
  0
MTEXT
  5
3B8
330
17
100
AcDbEntity
  8
AUX00
100
AcDbMText
 10
2414.84
 20
2266.69
 30
0.0
 40
6.0
 71
1
  1
L323\P100X2870\Pc/rec.\Pe=12cm
  0
MTEXT
  5
3B9
330
17
100
AcDbEntity
  8
AUX00
100
AcDbMText
 10
2514.84
 20
2266.69
 30
0.0
 40
6.0
 71
1
  1
L323\P100X2870\Pc/rec.\Pe=12cm
  0
MTEXT
  5
3BA
330
17
100
AcDbEntity
  8
AUX00
100
AcDbMText
 10
2614.84
 20
2266.69
 30
0.0
 40
6.0
 71
1
  1
L323\P100X2870\Pc/rec.\Pe=12cm
  0
MTEXT
  5
3BB
330
17
100
AcDbEntity
  8
AUX00
100
AcDbMText
 10
2714.84
 20
2266.69
 30
0.0
 40
6.0
 71
1
  1
L323\P100X2870\Pc/rec.\Pe=12cm
  0
MTEXT
  5
3BC
330
17
100
AcDbEntity
  8
AUX00
100
AcDbMText
 10
2814.84
 20
2266.69
 30
0.0
 40
6.0
 71
1
  1
L323\P100X2870\Pc/rec.\Pe=12cm
  0
MTEXT
  5
3BD
330
17
100
AcDbEntity
  8
AUX00
100
AcDbMText
 10
2914.84
 20
2266.69
 30
0.0
 40
6.0
 71
1
  1
L323\P100X2870\Pc/rec.\Pe=12cm
  0
MTEXT
  5
3BE
330
17
100
AcDbEntity
  8
AUX00
100
AcDbMText
 10
3014.84
 20
2266.69
 30
0.0
 40
6.0
 71
1
  1
L323\P100X2870\Pc/rec.\Pe=12cm
  0
MTEXT
  5
3BF
330
17
100
AcDbEntity
  8
AUX00
100
AcDbMText
 10
3114.84
 20
2266.69
 30
0.0
 40
6.0
 71
1
  1
L323\P100X2870\Pc/rec.\Pe=12cm
  0
MTEXT
  5
3C0
330
17
100
AcDbEntity
  8
AUX00
100
AcDbMText
 10
3214.84
 20
2266.69
 30
0.0
 40
6.0
 71
1
  1
L323\P100X2870\Pc/rec.\Pe=12cm
  0
MTEXT
  5
3C1
330
17
100
AcDbEntity
  8
AUX00
100
AcDbMText
 10
3314.84
 20
2266.69
 30
0.0
 40
6.0
 71
1
  1
L323\P100X2870\Pc/rec.\Pe=12cm
  0
MTEXT
  5
3C2
330
17
100
AcDbEntity
  8
AUX00
100
AcDbMText
 10
3414.84
 20
2266.69
 30
0.0
 40
6.0
 71
1
  1
L323\P100X2870\Pc/rec.\Pe=12cm
  0
MTEXT
  5
3C3
330
17
100
AcDbEntity
  8
AUX00
100
AcDbMText
 10
3514.84
 20
2266.69
 30
0.0
 40
6.0
 71
1
  1
L323\P100X2870\Pc/rec.\Pe=12cm
  0
MTEXT
  5
3C4
330
17
100
AcDbEntity
  8
AUX00
100
AcDbMText
 10
3614.84
 20
2266.69
 30
0.0
 40
6.0
 71
1
  1
L323\P100X2870\Pc/rec.\Pe=12cm
  0
MTEXT
  5
3C5
330
17
100
AcDbEntity
  8
AUX00
100
AcDbMText
 10
3714.84
 20
2266.69
 30
0.0
 40
6.0
 71
1
  1
L323\P100X2870\Pc/rec.\Pe=12cm
  0
MTEXT
  5
3C6
330
17
100
AcDbEntity
  8
AUX00
100
AcDbMText
 10
3814.84
 20
2266.69
 30
0.0
 40
6.0
 71
1
  1
L323\P100X2870\Pc/rec.\Pe=12cm
  0
MTEXT
  5
3C7
330
17
100
AcDbEntity
  8
AUX00
100
AcDbMText
 10
3914.84
 20
2266.69
 30
0.0
 40
6.0
 71
1
  1
L323\P100X2870\Pc/rec.\Pe=12cm
  0
MTEXT
  5
3C8
330
17
100
AcDbEntity
  8
AUX00
100
AcDbMText
 10
4014.84
 20
2266.69
 30
0.0
 40
6.0
 71
1
  1
L323\P100X2870\Pc/rec.\Pe=12cm
  0
MTEXT
  5
3C9
330
17
100
AcDbEntity
  8
AUX00
100
AcDbMText
 10
4114.84
 20
2266.69
 30
0.0
 40
6.0
 71
1
  1
L323\P100X2870\Pc/rec.\Pe=12cm
  0
MTEXT
  5
3CA
330
17
100
AcDbEntity
  8
AUX00
100
AcDbMText
 10
4214.84
 20
2266.69
 30
0.0
 40
6.0
 71
1
  1
L323\P100X2870\Pc/rec.\Pe=12cm
  0
MTEXT
  5
3CB
330
17
100
AcDbEntity
  8
AUX00
100
AcDbMText
 10
4314.84
 20
2266.69
 30
0.0
 40
6.0
 71
1
  1
L323\P100X2870\Pc/rec.\Pe=12cm
  0
MTEXT
  5
3CC
330
17
100
AcDbEntity
  8
AUX00
100
AcDbMText
 10
4414.84
 20
2266.69
 30
0.0
 40
6.0
 71
1
  1
L323\P100X2870\Pc/rec.\Pe=12cm
  0
MTEXT
  5
3CD
330
17
100
AcDbEntity
  8
AUX00
100
AcDbMText
 10
4514.84
 20
2266.69
 30
0.0
 40
6.0
 71
1
  1
L323\P100X2870\Pc/rec.\Pe=12cm
  0
MTEXT
  5
3CE
330
17
100
AcDbEntity
  8
AUX00
100
AcDbMText
 10
4614.84
 20
2266.69
 30
0.0
 40
6.0
 71
1
  1
L323\P100X2870\Pc/rec.\Pe=12cm
  0
MTEXT
  5
3CF
330
17
100
AcDbEntity
  8
AUX00
100
AcDbMText
 10
4714.84
 20
2266.69
 30
0.0
 40
6.0
 71
1
  1
L323\P100X2870\Pc/rec.\Pe=12cm
  0
MTEXT
  5
3D0
330
17
100
AcDbEntity
  8
AUX00
100
AcDbMText
 10
4814.84
 20
2266.69
 30
0.0
 40
6.0
 71
1
  1
L323\P100X2870\Pc/rec.\Pe=12cm
  0
MTEXT
  5
3D1
330
17
100
AcDbEntity
  8
AUX00
100
AcDbMText
 10
4914.84
 20
2266.69
 30
0.0
 40
6.0
 71
1
  1
L323\P100X2870\Pc/rec.\Pe=12cm
  0
MTEXT
  5
3D2
330
17
100
AcDbEntity
  8
AUX00
100
AcDbMText
 10
5014.84
 20
2266.69
 30
0.0
 40
6.0
 71
1
  1
L323\P100X2870\Pc/rec.\Pe=12cm
  0
MTEXT
  5
3D3
330
17
100
AcDbEntity
  8
AUX00
100
AcDbMText
 10
5114.84
 20
2266.69
 30
0.0
 40
6.0
 71
1
  1
L323\P100X2870\Pc/rec.\Pe=12cm
  0
MTEXT
  5
3D4
330
17
100
AcDbEntity
  8
AUX00
100
AcDbMText
 10
5214.84
 20
2266.69
 30
0.0
 40
6.0
 71
1
  1
L323\P100X2870\Pc/rec.\Pe=12cm
  0
MTEXT
  5
3D5
330
17
100
AcDbEntity
  8
AUX00
100
AcDbMText
 10
5314.84
 20
2266.69
 30
0.0
 40
6.0
 71
1
  1
L323\P100X2870\Pc/rec.\Pe=12cm
  0
MTEXT
  5
3D6
330
17
100
AcDbEntity
  8
AUX00
100
AcDbMText
 10
5414.84
 20
2266.69
 30
0.0
 40
6.0
 71
1
  1
L323\P100X2870\Pc/rec.\Pe=12cm
  0
MTEXT
  5
3D7
330
17
100
AcDbEntity
  8
AUX00
100
AcDbMText
 10
5514.84
 20
2266.69
 30
0.0
 40
6.0
 71
1
  1
L323\P100X2870\Pc/rec.\Pe=12cm
  0
MTEXT
  5
3D8
330
17
100
AcDbEntity
  8
AUX00
100
AcDbMText
 10
5614.84
 20
2266.69
 30
0.0
 40
6.0
 71
1
  1
L323\P100X2870\Pc/rec.\Pe=12cm
  0
MTEXT
  5
3D9
330
17
100
AcDbEntity
  8
AUX00
100
AcDbMText
 10
5714.84
 20
2266.69
 30
0.0
 40
6.0
 71
1
  1
L323\P100X2870\Pc/rec.\Pe=12cm
  0
MTEXT
  5
3DA
330
17
100
AcDbEntity
  8
AUX00
100
AcDbMText
 10
5814.84
 20
2266.69
 30
0.0
 40
6.0
 71
1
  1
L323\P100X2870\Pc/rec.\Pe=12cm
  0
MTEXT
  5
3DB
330
17
100
AcDbEntity
  8
AUX00
100
AcDbMText
 10
5914.84
 20
2266.69
 30
0.0
 40
6.0
 71
1
  1
L323\P100X2870\Pc/rec.\Pe=12cm
  0
MTEXT
  5
3DC
330
17
100
AcDbEntity
  8
AUX00
100
AcDbMText
 10
6014.84
 20
2266.69
 30
0.0
 40
6.0
 71
1
  1
L323\P100X2870\Pc/rec.\Pe=12cm
  0
MTEXT
  5
3DD
330
17
100
AcDbEntity
  8
AUX00
100
AcDbMText
 10
6106.9400000000005
 20
2266.69
 30
0.0
 40
6.0
 71
1
  1
L323\P84X2870\Pc/rec.\Pe=12cm
  0
MTEXT
  5
3DE
330
17
100
AcDbEntity
  8
NOMENCLATURA
100
AcDbMText
 10
164.84000000000015
 20
3731.69
 30
0.0
 40
10.0
 71
1
  1
12 PAV - L323  5984x2870cm  e=12cm  paineis: 61x1
  0
LWPOLYLINE
  5
3DF
330
17
100
AcDbEntity
  8
Contorno
100
AcDbPolyline
 90
5
 70
1
 10
3546.16
 20
2170.6
 10
3421.16
 20
2170.6
 10
3421.16
 20
2370.6
 10
3546.16
 20
2370.6
 10
3546.16
 20
2170.6
  0
LWPOLYLINE
  5
3E0
330
17
100
AcDbEntity
  8
Paineis
100
AcDbPolyline
 90
4
 70
1
 10
3421.16
 20
2170.6
 10
3521.16
 20
2170.6
 10
3521.16
 20
2295.6
 10
3421.16
 20
2295.6
  0
LWPOLYLINE
  5
3E1
330
17
100
AcDbEntity
  8
Paineis
100
AcDbPolyline
 90
4
 70
1
 10
3521.16
 20
2170.6
 10
3621.16
 20
2170.6
 10
3621.16
 20
2295.6
 10
3521.16
 20
2295.6
  0
MTEXT
  5
3E2
330
17
100
AcDbEntity
  8
Texto Secao
100
AcDbMText
 10
3521.16
 20
2233.1
 30
0.0
 40
8.0
 71
1
  1
L324\Pe=12cm
  0
MTEXT
  5
3E3
330
17
100
AcDbEntity
  8
AUX00
100
AcDbMText
 10
3471.16
 20
2233.1
 30
0.0
 40
6.0
 71
1
  1
L324\P100X125\Pc/rec.\Pe=12cm
  0
MTEXT
  5
3E4
330
17
100
AcDbEntity
  8
AUX00
100
AcDbMText
 10
3571.16
 20
2233.1
 30
0.0
 40
6.0
 71
1
  1
L324\P100X125\Pc/rec.\Pe=12cm
  0
MTEXT
  5
3E5
330
17
100
AcDbEntity
  8
NOMENCLATURA
100
AcDbMText
 10
3421.16
 20
2325.6
 30
0.0
 40
10.0
 71
1
  1
12 PAV - L324  200x125cm  e=12cm  paineis: 3x1
  0
LWPOLYLINE
  5
3E6
330
17
100
AcDbEntity
  8
Contorno
100
AcDbPolyline
 90
5
 70
1
 10
748.21
 20
688.5900000000001
 10
6932.41
 20
688.5900000000001
 10
6932.41
 20
3658.59
 10
748.21
 20
3658.59
 10
748.21
 20
688.5900000000001
  0
LWPOLYLINE
  5
3E7
330
17
100
AcDbEntity
  8
Paineis
100
AcDbPolyline
 90
4
 70
1
 10
748.21
 20
688.5900000000001
 10
848.21
 20
688.5900000000001
 10
848.21
 20
3658.59
 10
748.21
 20
3658.59
  0
LWPOLYLINE
  5
3E8
330
17
100
AcDbEntity
  8
Paineis
100
AcDbPolyline
 90
4
 70
1
 10
848.21
 20
688.5900000000001
 10
948.21
 20
688.5900000000001
 10
948.21
 20
3658.59
 10
848.21
 20
3658.59
  0
LWPOLYLINE
  5
3E9
330
17
100
AcDbEntity
  8
Paineis
100
AcDbPolyline
 90
4
 70
1
 10
948.21
 20
688.5900000000001
 10
1048.21
 20
688.5900000000001
 10
1048.21
 20
3658.59
 10
948.21
 20
3658.59
  0
LWPOLYLINE
  5
3EA
330
17
100
AcDbEntity
  8
Paineis
100
AcDbPolyline
 90
4
 70
1
 10
1048.21
 20
688.5900000000001
 10
1148.21
 20
688.5900000000001
 10
1148.21
 20
3658.59
 10
1048.21
 20
3658.59
  0
LWPOLYLINE
  5
3EB
330
17
100
AcDbEntity
  8
Paineis
100
AcDbPolyline
 90
4
 70
1
 10
1148.21
 20
688.5900000000001
 10
1248.21
 20
688.5900000000001
 10
1248.21
 20
3658.59
 10
1148.21
 20
3658.59
  0
LWPOLYLINE
  5
3EC
330
17
100
AcDbEntity
  8
Paineis
100
AcDbPolyline
 90
4
 70
1
 10
1248.21
 20
688.5900000000001
 10
1348.21
 20
688.5900000000001
 10
1348.21
 20
3658.59
 10
1248.21
 20
3658.59
  0
LWPOLYLINE
  5
3ED
330
17
100
AcDbEntity
  8
Paineis
100
AcDbPolyline
 90
4
 70
1
 10
1348.21
 20
688.5900000000001
 10
1448.21
 20
688.5900000000001
 10
1448.21
 20
3658.59
 10
1348.21
 20
3658.59
  0
LWPOLYLINE
  5
3EE
330
17
100
AcDbEntity
  8
Paineis
100
AcDbPolyline
 90
4
 70
1
 10
1448.21
 20
688.5900000000001
 10
1548.21
 20
688.5900000000001
 10
1548.21
 20
3658.59
 10
1448.21
 20
3658.59
  0
LWPOLYLINE
  5
3EF
330
17
100
AcDbEntity
  8
Paineis
100
AcDbPolyline
 90
4
 70
1
 10
1548.21
 20
688.5900000000001
 10
1648.21
 20
688.5900000000001
 10
1648.21
 20
3658.59
 10
1548.21
 20
3658.59
  0
LWPOLYLINE
  5
3F0
330
17
100
AcDbEntity
  8
Paineis
100
AcDbPolyline
 90
4
 70
1
 10
1648.21
 20
688.5900000000001
 10
1748.21
 20
688.5900000000001
 10
1748.21
 20
3658.59
 10
1648.21
 20
3658.59
  0
LWPOLYLINE
  5
3F1
330
17
100
AcDbEntity
  8
Paineis
100
AcDbPolyline
 90
4
 70
1
 10
1748.21
 20
688.5900000000001
 10
1848.21
 20
688.5900000000001
 10
1848.21
 20
3658.59
 10
1748.21
 20
3658.59
  0
LWPOLYLINE
  5
3F2
330
17
100
AcDbEntity
  8
Paineis
100
AcDbPolyline
 90
4
 70
1
 10
1848.21
 20
688.5900000000001
 10
1948.21
 20
688.5900000000001
 10
1948.21
 20
3658.59
 10
1848.21
 20
3658.59
  0
LWPOLYLINE
  5
3F3
330
17
100
AcDbEntity
  8
Paineis
100
AcDbPolyline
 90
4
 70
1
 10
1948.21
 20
688.5900000000001
 10
2048.21
 20
688.5900000000001
 10
2048.21
 20
3658.59
 10
1948.21
 20
3658.59
  0
LWPOLYLINE
  5
3F4
330
17
100
AcDbEntity
  8
Paineis
100
AcDbPolyline
 90
4
 70
1
 10
2048.21
 20
688.5900000000001
 10
2148.21
 20
688.5900000000001
 10
2148.21
 20
3658.59
 10
2048.21
 20
3658.59
  0
LWPOLYLINE
  5
3F5
330
17
100
AcDbEntity
  8
Paineis
100
AcDbPolyline
 90
4
 70
1
 10
2148.21
 20
688.5900000000001
 10
2248.21
 20
688.5900000000001
 10
2248.21
 20
3658.59
 10
2148.21
 20
3658.59
  0
LWPOLYLINE
  5
3F6
330
17
100
AcDbEntity
  8
Paineis
100
AcDbPolyline
 90
4
 70
1
 10
2248.21
 20
688.5900000000001
 10
2348.21
 20
688.5900000000001
 10
2348.21
 20
3658.59
 10
2248.21
 20
3658.59
  0
LWPOLYLINE
  5
3F7
330
17
100
AcDbEntity
  8
Paineis
100
AcDbPolyline
 90
4
 70
1
 10
2348.21
 20
688.5900000000001
 10
2448.21
 20
688.5900000000001
 10
2448.21
 20
3658.59
 10
2348.21
 20
3658.59
  0
LWPOLYLINE
  5
3F8
330
17
100
AcDbEntity
  8
Paineis
100
AcDbPolyline
 90
4
 70
1
 10
2448.21
 20
688.5900000000001
 10
2548.21
 20
688.5900000000001
 10
2548.21
 20
3658.59
 10
2448.21
 20
3658.59
  0
LWPOLYLINE
  5
3F9
330
17
100
AcDbEntity
  8
Paineis
100
AcDbPolyline
 90
4
 70
1
 10
2548.21
 20
688.5900000000001
 10
2648.21
 20
688.5900000000001
 10
2648.21
 20
3658.59
 10
2548.21
 20
3658.59
  0
LWPOLYLINE
  5
3FA
330
17
100
AcDbEntity
  8
Paineis
100
AcDbPolyline
 90
4
 70
1
 10
2648.21
 20
688.5900000000001
 10
2748.21
 20
688.5900000000001
 10
2748.21
 20
3658.59
 10
2648.21
 20
3658.59
  0
LWPOLYLINE
  5
3FB
330
17
100
AcDbEntity
  8
Paineis
100
AcDbPolyline
 90
4
 70
1
 10
2748.21
 20
688.5900000000001
 10
2848.21
 20
688.5900000000001
 10
2848.21
 20
3658.59
 10
2748.21
 20
3658.59
  0
LWPOLYLINE
  5
3FC
330
17
100
AcDbEntity
  8
Paineis
100
AcDbPolyline
 90
4
 70
1
 10
2848.21
 20
688.5900000000001
 10
2948.21
 20
688.5900000000001
 10
2948.21
 20
3658.59
 10
2848.21
 20
3658.59
  0
LWPOLYLINE
  5
3FD
330
17
100
AcDbEntity
  8
Paineis
100
AcDbPolyline
 90
4
 70
1
 10
2948.21
 20
688.5900000000001
 10
3048.21
 20
688.5900000000001
 10
3048.21
 20
3658.59
 10
2948.21
 20
3658.59
  0
LWPOLYLINE
  5
3FE
330
17
100
AcDbEntity
  8
Paineis
100
AcDbPolyline
 90
4
 70
1
 10
3048.21
 20
688.5900000000001
 10
3148.21
 20
688.5900000000001
 10
3148.21
 20
3658.59
 10
3048.21
 20
3658.59
  0
LWPOLYLINE
  5
3FF
330
17
100
AcDbEntity
  8
Paineis
100
AcDbPolyline
 90
4
 70
1
 10
3148.21
 20
688.5900000000001
 10
3248.21
 20
688.5900000000001
 10
3248.21
 20
3658.59
 10
3148.21
 20
3658.59
  0
LWPOLYLINE
  5
400
330
17
100
AcDbEntity
  8
Paineis
100
AcDbPolyline
 90
4
 70
1
 10
3248.21
 20
688.5900000000001
 10
3348.21
 20
688.5900000000001
 10
3348.21
 20
3658.59
 10
3248.21
 20
3658.59
  0
LWPOLYLINE
  5
401
330
17
100
AcDbEntity
  8
Paineis
100
AcDbPolyline
 90
4
 70
1
 10
3348.21
 20
688.5900000000001
 10
3448.21
 20
688.5900000000001
 10
3448.21
 20
3658.59
 10
3348.21
 20
3658.59
  0
LWPOLYLINE
  5
402
330
17
100
AcDbEntity
  8
Paineis
100
AcDbPolyline
 90
4
 70
1
 10
3448.21
 20
688.5900000000001
 10
3548.21
 20
688.5900000000001
 10
3548.21
 20
3658.59
 10
3448.21
 20
3658.59
  0
LWPOLYLINE
  5
403
330
17
100
AcDbEntity
  8
Paineis
100
AcDbPolyline
 90
4
 70
1
 10
3548.21
 20
688.5900000000001
 10
3648.21
 20
688.5900000000001
 10
3648.21
 20
3658.59
 10
3548.21
 20
3658.59
  0
LWPOLYLINE
  5
404
330
17
100
AcDbEntity
  8
Paineis
100
AcDbPolyline
 90
4
 70
1
 10
3648.21
 20
688.5900000000001
 10
3748.21
 20
688.5900000000001
 10
3748.21
 20
3658.59
 10
3648.21
 20
3658.59
  0
LWPOLYLINE
  5
405
330
17
100
AcDbEntity
  8
Paineis
100
AcDbPolyline
 90
4
 70
1
 10
3748.21
 20
688.5900000000001
 10
3848.21
 20
688.5900000000001
 10
3848.21
 20
3658.59
 10
3748.21
 20
3658.59
  0
LWPOLYLINE
  5
406
330
17
100
AcDbEntity
  8
Paineis
100
AcDbPolyline
 90
4
 70
1
 10
3848.21
 20
688.5900000000001
 10
3948.21
 20
688.5900000000001
 10
3948.21
 20
3658.59
 10
3848.21
 20
3658.59
  0
LWPOLYLINE
  5
407
330
17
100
AcDbEntity
  8
Paineis
100
AcDbPolyline
 90
4
 70
1
 10
3948.21
 20
688.5900000000001
 10
4048.21
 20
688.5900000000001
 10
4048.21
 20
3658.59
 10
3948.21
 20
3658.59
  0
LWPOLYLINE
  5
408
330
17
100
AcDbEntity
  8
Paineis
100
AcDbPolyline
 90
4
 70
1
 10
4048.21
 20
688.5900000000001
 10
4148.21
 20
688.5900000000001
 10
4148.21
 20
3658.59
 10
4048.21
 20
3658.59
  0
LWPOLYLINE
  5
409
330
17
100
AcDbEntity
  8
Paineis
100
AcDbPolyline
 90
4
 70
1
 10
4148.21
 20
688.5900000000001
 10
4248.21
 20
688.5900000000001
 10
4248.21
 20
3658.59
 10
4148.21
 20
3658.59
  0
LWPOLYLINE
  5
40A
330
17
100
AcDbEntity
  8
Paineis
100
AcDbPolyline
 90
4
 70
1
 10
4248.21
 20
688.5900000000001
 10
4348.21
 20
688.5900000000001
 10
4348.21
 20
3658.59
 10
4248.21
 20
3658.59
  0
LWPOLYLINE
  5
40B
330
17
100
AcDbEntity
  8
Paineis
100
AcDbPolyline
 90
4
 70
1
 10
4348.21
 20
688.5900000000001
 10
4448.21
 20
688.5900000000001
 10
4448.21
 20
3658.59
 10
4348.21
 20
3658.59
  0
LWPOLYLINE
  5
40C
330
17
100
AcDbEntity
  8
Paineis
100
AcDbPolyline
 90
4
 70
1
 10
4448.21
 20
688.5900000000001
 10
4548.21
 20
688.5900000000001
 10
4548.21
 20
3658.59
 10
4448.21
 20
3658.59
  0
LWPOLYLINE
  5
40D
330
17
100
AcDbEntity
  8
Paineis
100
AcDbPolyline
 90
4
 70
1
 10
4548.21
 20
688.5900000000001
 10
4648.21
 20
688.5900000000001
 10
4648.21
 20
3658.59
 10
4548.21
 20
3658.59
  0
LWPOLYLINE
  5
40E
330
17
100
AcDbEntity
  8
Paineis
100
AcDbPolyline
 90
4
 70
1
 10
4648.21
 20
688.5900000000001
 10
4748.21
 20
688.5900000000001
 10
4748.21
 20
3658.59
 10
4648.21
 20
3658.59
  0
LWPOLYLINE
  5
40F
330
17
100
AcDbEntity
  8
Paineis
100
AcDbPolyline
 90
4
 70
1
 10
4748.21
 20
688.5900000000001
 10
4848.21
 20
688.5900000000001
 10
4848.21
 20
3658.59
 10
4748.21
 20
3658.59
  0
LWPOLYLINE
  5
410
330
17
100
AcDbEntity
  8
Paineis
100
AcDbPolyline
 90
4
 70
1
 10
4848.21
 20
688.5900000000001
 10
4948.21
 20
688.5900000000001
 10
4948.21
 20
3658.59
 10
4848.21
 20
3658.59
  0
LWPOLYLINE
  5
411
330
17
100
AcDbEntity
  8
Paineis
100
AcDbPolyline
 90
4
 70
1
 10
4948.21
 20
688.5900000000001
 10
5048.21
 20
688.5900000000001
 10
5048.21
 20
3658.59
 10
4948.21
 20
3658.59
  0
LWPOLYLINE
  5
412
330
17
100
AcDbEntity
  8
Paineis
100
AcDbPolyline
 90
4
 70
1
 10
5048.21
 20
688.5900000000001
 10
5148.21
 20
688.5900000000001
 10
5148.21
 20
3658.59
 10
5048.21
 20
3658.59
  0
LWPOLYLINE
  5
413
330
17
100
AcDbEntity
  8
Paineis
100
AcDbPolyline
 90
4
 70
1
 10
5148.21
 20
688.5900000000001
 10
5248.21
 20
688.5900000000001
 10
5248.21
 20
3658.59
 10
5148.21
 20
3658.59
  0
LWPOLYLINE
  5
414
330
17
100
AcDbEntity
  8
Paineis
100
AcDbPolyline
 90
4
 70
1
 10
5248.21
 20
688.5900000000001
 10
5348.21
 20
688.5900000000001
 10
5348.21
 20
3658.59
 10
5248.21
 20
3658.59
  0
LWPOLYLINE
  5
415
330
17
100
AcDbEntity
  8
Paineis
100
AcDbPolyline
 90
4
 70
1
 10
5348.21
 20
688.5900000000001
 10
5448.21
 20
688.5900000000001
 10
5448.21
 20
3658.59
 10
5348.21
 20
3658.59
  0
LWPOLYLINE
  5
416
330
17
100
AcDbEntity
  8
Paineis
100
AcDbPolyline
 90
4
 70
1
 10
5448.21
 20
688.5900000000001
 10
5548.21
 20
688.5900000000001
 10
5548.21
 20
3658.59
 10
5448.21
 20
3658.59
  0
LWPOLYLINE
  5
417
330
17
100
AcDbEntity
  8
Paineis
100
AcDbPolyline
 90
4
 70
1
 10
5548.21
 20
688.5900000000001
 10
5648.21
 20
688.5900000000001
 10
5648.21
 20
3658.59
 10
5548.21
 20
3658.59
  0
LWPOLYLINE
  5
418
330
17
100
AcDbEntity
  8
Paineis
100
AcDbPolyline
 90
4
 70
1
 10
5648.21
 20
688.5900000000001
 10
5748.21
 20
688.5900000000001
 10
5748.21
 20
3658.59
 10
5648.21
 20
3658.59
  0
LWPOLYLINE
  5
419
330
17
100
AcDbEntity
  8
Paineis
100
AcDbPolyline
 90
4
 70
1
 10
5748.21
 20
688.5900000000001
 10
5848.21
 20
688.5900000000001
 10
5848.21
 20
3658.59
 10
5748.21
 20
3658.59
  0
LWPOLYLINE
  5
41A
330
17
100
AcDbEntity
  8
Paineis
100
AcDbPolyline
 90
4
 70
1
 10
5848.21
 20
688.5900000000001
 10
5948.21
 20
688.5900000000001
 10
5948.21
 20
3658.59
 10
5848.21
 20
3658.59
  0
LWPOLYLINE
  5
41B
330
17
100
AcDbEntity
  8
Paineis
100
AcDbPolyline
 90
4
 70
1
 10
5948.21
 20
688.5900000000001
 10
6048.21
 20
688.5900000000001
 10
6048.21
 20
3658.59
 10
5948.21
 20
3658.59
  0
LWPOLYLINE
  5
41C
330
17
100
AcDbEntity
  8
Paineis
100
AcDbPolyline
 90
4
 70
1
 10
6048.21
 20
688.5900000000001
 10
6148.21
 20
688.5900000000001
 10
6148.21
 20
3658.59
 10
6048.21
 20
3658.59
  0
LWPOLYLINE
  5
41D
330
17
100
AcDbEntity
  8
Paineis
100
AcDbPolyline
 90
4
 70
1
 10
6148.21
 20
688.5900000000001
 10
6248.21
 20
688.5900000000001
 10
6248.21
 20
3658.59
 10
6148.21
 20
3658.59
  0
LWPOLYLINE
  5
41E
330
17
100
AcDbEntity
  8
Paineis
100
AcDbPolyline
 90
4
 70
1
 10
6248.21
 20
688.5900000000001
 10
6348.21
 20
688.5900000000001
 10
6348.21
 20
3658.59
 10
6248.21
 20
3658.59
  0
LWPOLYLINE
  5
41F
330
17
100
AcDbEntity
  8
Paineis
100
AcDbPolyline
 90
4
 70
1
 10
6348.21
 20
688.5900000000001
 10
6448.21
 20
688.5900000000001
 10
6448.21
 20
3658.59
 10
6348.21
 20
3658.59
  0
LWPOLYLINE
  5
420
330
17
100
AcDbEntity
  8
Paineis
100
AcDbPolyline
 90
4
 70
1
 10
6448.21
 20
688.5900000000001
 10
6548.21
 20
688.5900000000001
 10
6548.21
 20
3658.59
 10
6448.21
 20
3658.59
  0
LWPOLYLINE
  5
421
330
17
100
AcDbEntity
  8
Paineis
100
AcDbPolyline
 90
4
 70
1
 10
6548.21
 20
688.5900000000001
 10
6648.21
 20
688.5900000000001
 10
6648.21
 20
3658.59
 10
6548.21
 20
3658.59
  0
LWPOLYLINE
  5
422
330
17
100
AcDbEntity
  8
Paineis
100
AcDbPolyline
 90
4
 70
1
 10
6648.21
 20
688.5900000000001
 10
6748.21
 20
688.5900000000001
 10
6748.21
 20
3658.59
 10
6648.21
 20
3658.59
  0
LWPOLYLINE
  5
423
330
17
100
AcDbEntity
  8
Paineis
100
AcDbPolyline
 90
4
 70
1
 10
6748.21
 20
688.5900000000001
 10
6848.21
 20
688.5900000000001
 10
6848.21
 20
3658.59
 10
6748.21
 20
3658.59
  0
LWPOLYLINE
  5
424
330
17
100
AcDbEntity
  8
Paineis
100
AcDbPolyline
 90
4
 70
1
 10
6848.21
 20
688.5900000000001
 10
6932.41
 20
688.5900000000001
 10
6932.41
 20
3658.59
 10
6848.21
 20
3658.59
  0
MTEXT
  5
425
330
17
100
AcDbEntity
  8
Texto Secao
100
AcDbMText
 10
3840.31
 20
2173.59
 30
0.0
 40
247.368
 71
1
  1
L325\Pe=12cm
  0
MTEXT
  5
426
330
17
100
AcDbEntity
  8
AUX00
100
AcDbMText
 10
798.21
 20
2173.59
 30
0.0
 40
6.0
 71
1
  1
L325\P100X2970\Pc/rec.\Pe=12cm
  0
MTEXT
  5
427
330
17
100
AcDbEntity
  8
AUX00
100
AcDbMText
 10
898.21
 20
2173.59
 30
0.0
 40
6.0
 71
1
  1
L325\P100X2970\Pc/rec.\Pe=12cm
  0
MTEXT
  5
428
330
17
100
AcDbEntity
  8
AUX00
100
AcDbMText
 10
998.21
 20
2173.59
 30
0.0
 40
6.0
 71
1
  1
L325\P100X2970\Pc/rec.\Pe=12cm
  0
MTEXT
  5
429
330
17
100
AcDbEntity
  8
AUX00
100
AcDbMText
 10
1098.21
 20
2173.59
 30
0.0
 40
6.0
 71
1
  1
L325\P100X2970\Pc/rec.\Pe=12cm
  0
MTEXT
  5
42A
330
17
100
AcDbEntity
  8
AUX00
100
AcDbMText
 10
1198.21
 20
2173.59
 30
0.0
 40
6.0
 71
1
  1
L325\P100X2970\Pc/rec.\Pe=12cm
  0
MTEXT
  5
42B
330
17
100
AcDbEntity
  8
AUX00
100
AcDbMText
 10
1298.21
 20
2173.59
 30
0.0
 40
6.0
 71
1
  1
L325\P100X2970\Pc/rec.\Pe=12cm
  0
MTEXT
  5
42C
330
17
100
AcDbEntity
  8
AUX00
100
AcDbMText
 10
1398.21
 20
2173.59
 30
0.0
 40
6.0
 71
1
  1
L325\P100X2970\Pc/rec.\Pe=12cm
  0
MTEXT
  5
42D
330
17
100
AcDbEntity
  8
AUX00
100
AcDbMText
 10
1498.21
 20
2173.59
 30
0.0
 40
6.0
 71
1
  1
L325\P100X2970\Pc/rec.\Pe=12cm
  0
MTEXT
  5
42E
330
17
100
AcDbEntity
  8
AUX00
100
AcDbMText
 10
1598.21
 20
2173.59
 30
0.0
 40
6.0
 71
1
  1
L325\P100X2970\Pc/rec.\Pe=12cm
  0
MTEXT
  5
42F
330
17
100
AcDbEntity
  8
AUX00
100
AcDbMText
 10
1698.21
 20
2173.59
 30
0.0
 40
6.0
 71
1
  1
L325\P100X2970\Pc/rec.\Pe=12cm
  0
MTEXT
  5
430
330
17
100
AcDbEntity
  8
AUX00
100
AcDbMText
 10
1798.21
 20
2173.59
 30
0.0
 40
6.0
 71
1
  1
L325\P100X2970\Pc/rec.\Pe=12cm
  0
MTEXT
  5
431
330
17
100
AcDbEntity
  8
AUX00
100
AcDbMText
 10
1898.21
 20
2173.59
 30
0.0
 40
6.0
 71
1
  1
L325\P100X2970\Pc/rec.\Pe=12cm
  0
MTEXT
  5
432
330
17
100
AcDbEntity
  8
AUX00
100
AcDbMText
 10
1998.21
 20
2173.59
 30
0.0
 40
6.0
 71
1
  1
L325\P100X2970\Pc/rec.\Pe=12cm
  0
MTEXT
  5
433
330
17
100
AcDbEntity
  8
AUX00
100
AcDbMText
 10
2098.21
 20
2173.59
 30
0.0
 40
6.0
 71
1
  1
L325\P100X2970\Pc/rec.\Pe=12cm
  0
MTEXT
  5
434
330
17
100
AcDbEntity
  8
AUX00
100
AcDbMText
 10
2198.21
 20
2173.59
 30
0.0
 40
6.0
 71
1
  1
L325\P100X2970\Pc/rec.\Pe=12cm
  0
MTEXT
  5
435
330
17
100
AcDbEntity
  8
AUX00
100
AcDbMText
 10
2298.21
 20
2173.59
 30
0.0
 40
6.0
 71
1
  1
L325\P100X2970\Pc/rec.\Pe=12cm
  0
MTEXT
  5
436
330
17
100
AcDbEntity
  8
AUX00
100
AcDbMText
 10
2398.21
 20
2173.59
 30
0.0
 40
6.0
 71
1
  1
L325\P100X2970\Pc/rec.\Pe=12cm
  0
MTEXT
  5
437
330
17
100
AcDbEntity
  8
AUX00
100
AcDbMText
 10
2498.21
 20
2173.59
 30
0.0
 40
6.0
 71
1
  1
L325\P100X2970\Pc/rec.\Pe=12cm
  0
MTEXT
  5
438
330
17
100
AcDbEntity
  8
AUX00
100
AcDbMText
 10
2598.21
 20
2173.59
 30
0.0
 40
6.0
 71
1
  1
L325\P100X2970\Pc/rec.\Pe=12cm
  0
MTEXT
  5
439
330
17
100
AcDbEntity
  8
AUX00
100
AcDbMText
 10
2698.21
 20
2173.59
 30
0.0
 40
6.0
 71
1
  1
L325\P100X2970\Pc/rec.\Pe=12cm
  0
MTEXT
  5
43A
330
17
100
AcDbEntity
  8
AUX00
100
AcDbMText
 10
2798.21
 20
2173.59
 30
0.0
 40
6.0
 71
1
  1
L325\P100X2970\Pc/rec.\Pe=12cm
  0
MTEXT
  5
43B
330
17
100
AcDbEntity
  8
AUX00
100
AcDbMText
 10
2898.21
 20
2173.59
 30
0.0
 40
6.0
 71
1
  1
L325\P100X2970\Pc/rec.\Pe=12cm
  0
MTEXT
  5
43C
330
17
100
AcDbEntity
  8
AUX00
100
AcDbMText
 10
2998.21
 20
2173.59
 30
0.0
 40
6.0
 71
1
  1
L325\P100X2970\Pc/rec.\Pe=12cm
  0
MTEXT
  5
43D
330
17
100
AcDbEntity
  8
AUX00
100
AcDbMText
 10
3098.21
 20
2173.59
 30
0.0
 40
6.0
 71
1
  1
L325\P100X2970\Pc/rec.\Pe=12cm
  0
MTEXT
  5
43E
330
17
100
AcDbEntity
  8
AUX00
100
AcDbMText
 10
3198.21
 20
2173.59
 30
0.0
 40
6.0
 71
1
  1
L325\P100X2970\Pc/rec.\Pe=12cm
  0
MTEXT
  5
43F
330
17
100
AcDbEntity
  8
AUX00
100
AcDbMText
 10
3298.21
 20
2173.59
 30
0.0
 40
6.0
 71
1
  1
L325\P100X2970\Pc/rec.\Pe=12cm
  0
MTEXT
  5
440
330
17
100
AcDbEntity
  8
AUX00
100
AcDbMText
 10
3398.21
 20
2173.59
 30
0.0
 40
6.0
 71
1
  1
L325\P100X2970\Pc/rec.\Pe=12cm
  0
MTEXT
  5
441
330
17
100
AcDbEntity
  8
AUX00
100
AcDbMText
 10
3498.21
 20
2173.59
 30
0.0
 40
6.0
 71
1
  1
L325\P100X2970\Pc/rec.\Pe=12cm
  0
MTEXT
  5
442
330
17
100
AcDbEntity
  8
AUX00
100
AcDbMText
 10
3598.21
 20
2173.59
 30
0.0
 40
6.0
 71
1
  1
L325\P100X2970\Pc/rec.\Pe=12cm
  0
MTEXT
  5
443
330
17
100
AcDbEntity
  8
AUX00
100
AcDbMText
 10
3698.21
 20
2173.59
 30
0.0
 40
6.0
 71
1
  1
L325\P100X2970\Pc/rec.\Pe=12cm
  0
MTEXT
  5
444
330
17
100
AcDbEntity
  8
AUX00
100
AcDbMText
 10
3798.21
 20
2173.59
 30
0.0
 40
6.0
 71
1
  1
L325\P100X2970\Pc/rec.\Pe=12cm
  0
MTEXT
  5
445
330
17
100
AcDbEntity
  8
AUX00
100
AcDbMText
 10
3898.21
 20
2173.59
 30
0.0
 40
6.0
 71
1
  1
L325\P100X2970\Pc/rec.\Pe=12cm
  0
MTEXT
  5
446
330
17
100
AcDbEntity
  8
AUX00
100
AcDbMText
 10
3998.21
 20
2173.59
 30
0.0
 40
6.0
 71
1
  1
L325\P100X2970\Pc/rec.\Pe=12cm
  0
MTEXT
  5
447
330
17
100
AcDbEntity
  8
AUX00
100
AcDbMText
 10
4098.21
 20
2173.59
 30
0.0
 40
6.0
 71
1
  1
L325\P100X2970\Pc/rec.\Pe=12cm
  0
MTEXT
  5
448
330
17
100
AcDbEntity
  8
AUX00
100
AcDbMText
 10
4198.21
 20
2173.59
 30
0.0
 40
6.0
 71
1
  1
L325\P100X2970\Pc/rec.\Pe=12cm
  0
MTEXT
  5
449
330
17
100
AcDbEntity
  8
AUX00
100
AcDbMText
 10
4298.21
 20
2173.59
 30
0.0
 40
6.0
 71
1
  1
L325\P100X2970\Pc/rec.\Pe=12cm
  0
MTEXT
  5
44A
330
17
100
AcDbEntity
  8
AUX00
100
AcDbMText
 10
4398.21
 20
2173.59
 30
0.0
 40
6.0
 71
1
  1
L325\P100X2970\Pc/rec.\Pe=12cm
  0
MTEXT
  5
44B
330
17
100
AcDbEntity
  8
AUX00
100
AcDbMText
 10
4498.21
 20
2173.59
 30
0.0
 40
6.0
 71
1
  1
L325\P100X2970\Pc/rec.\Pe=12cm
  0
MTEXT
  5
44C
330
17
100
AcDbEntity
  8
AUX00
100
AcDbMText
 10
4598.21
 20
2173.59
 30
0.0
 40
6.0
 71
1
  1
L325\P100X2970\Pc/rec.\Pe=12cm
  0
MTEXT
  5
44D
330
17
100
AcDbEntity
  8
AUX00
100
AcDbMText
 10
4698.21
 20
2173.59
 30
0.0
 40
6.0
 71
1
  1
L325\P100X2970\Pc/rec.\Pe=12cm
  0
MTEXT
  5
44E
330
17
100
AcDbEntity
  8
AUX00
100
AcDbMText
 10
4798.21
 20
2173.59
 30
0.0
 40
6.0
 71
1
  1
L325\P100X2970\Pc/rec.\Pe=12cm
  0
MTEXT
  5
44F
330
17
100
AcDbEntity
  8
AUX00
100
AcDbMText
 10
4898.21
 20
2173.59
 30
0.0
 40
6.0
 71
1
  1
L325\P100X2970\Pc/rec.\Pe=12cm
  0
MTEXT
  5
450
330
17
100
AcDbEntity
  8
AUX00
100
AcDbMText
 10
4998.21
 20
2173.59
 30
0.0
 40
6.0
 71
1
  1
L325\P100X2970\Pc/rec.\Pe=12cm
  0
MTEXT
  5
451
330
17
100
AcDbEntity
  8
AUX00
100
AcDbMText
 10
5098.21
 20
2173.59
 30
0.0
 40
6.0
 71
1
  1
L325\P100X2970\Pc/rec.\Pe=12cm
  0
MTEXT
  5
452
330
17
100
AcDbEntity
  8
AUX00
100
AcDbMText
 10
5198.21
 20
2173.59
 30
0.0
 40
6.0
 71
1
  1
L325\P100X2970\Pc/rec.\Pe=12cm
  0
MTEXT
  5
453
330
17
100
AcDbEntity
  8
AUX00
100
AcDbMText
 10
5298.21
 20
2173.59
 30
0.0
 40
6.0
 71
1
  1
L325\P100X2970\Pc/rec.\Pe=12cm
  0
MTEXT
  5
454
330
17
100
AcDbEntity
  8
AUX00
100
AcDbMText
 10
5398.21
 20
2173.59
 30
0.0
 40
6.0
 71
1
  1
L325\P100X2970\Pc/rec.\Pe=12cm
  0
MTEXT
  5
455
330
17
100
AcDbEntity
  8
AUX00
100
AcDbMText
 10
5498.21
 20
2173.59
 30
0.0
 40
6.0
 71
1
  1
L325\P100X2970\Pc/rec.\Pe=12cm
  0
MTEXT
  5
456
330
17
100
AcDbEntity
  8
AUX00
100
AcDbMText
 10
5598.21
 20
2173.59
 30
0.0
 40
6.0
 71
1
  1
L325\P100X2970\Pc/rec.\Pe=12cm
  0
MTEXT
  5
457
330
17
100
AcDbEntity
  8
AUX00
100
AcDbMText
 10
5698.21
 20
2173.59
 30
0.0
 40
6.0
 71
1
  1
L325\P100X2970\Pc/rec.\Pe=12cm
  0
MTEXT
  5
458
330
17
100
AcDbEntity
  8
AUX00
100
AcDbMText
 10
5798.21
 20
2173.59
 30
0.0
 40
6.0
 71
1
  1
L325\P100X2970\Pc/rec.\Pe=12cm
  0
MTEXT
  5
459
330
17
100
AcDbEntity
  8
AUX00
100
AcDbMText
 10
5898.21
 20
2173.59
 30
0.0
 40
6.0
 71
1
  1
L325\P100X2970\Pc/rec.\Pe=12cm
  0
MTEXT
  5
45A
330
17
100
AcDbEntity
  8
AUX00
100
AcDbMText
 10
5998.21
 20
2173.59
 30
0.0
 40
6.0
 71
1
  1
L325\P100X2970\Pc/rec.\Pe=12cm
  0
MTEXT
  5
45B
330
17
100
AcDbEntity
  8
AUX00
100
AcDbMText
 10
6098.21
 20
2173.59
 30
0.0
 40
6.0
 71
1
  1
L325\P100X2970\Pc/rec.\Pe=12cm
  0
MTEXT
  5
45C
330
17
100
AcDbEntity
  8
AUX00
100
AcDbMText
 10
6198.21
 20
2173.59
 30
0.0
 40
6.0
 71
1
  1
L325\P100X2970\Pc/rec.\Pe=12cm
  0
MTEXT
  5
45D
330
17
100
AcDbEntity
  8
AUX00
100
AcDbMText
 10
6298.21
 20
2173.59
 30
0.0
 40
6.0
 71
1
  1
L325\P100X2970\Pc/rec.\Pe=12cm
  0
MTEXT
  5
45E
330
17
100
AcDbEntity
  8
AUX00
100
AcDbMText
 10
6398.21
 20
2173.59
 30
0.0
 40
6.0
 71
1
  1
L325\P100X2970\Pc/rec.\Pe=12cm
  0
MTEXT
  5
45F
330
17
100
AcDbEntity
  8
AUX00
100
AcDbMText
 10
6498.21
 20
2173.59
 30
0.0
 40
6.0
 71
1
  1
L325\P100X2970\Pc/rec.\Pe=12cm
  0
MTEXT
  5
460
330
17
100
AcDbEntity
  8
AUX00
100
AcDbMText
 10
6598.21
 20
2173.59
 30
0.0
 40
6.0
 71
1
  1
L325\P100X2970\Pc/rec.\Pe=12cm
  0
MTEXT
  5
461
330
17
100
AcDbEntity
  8
AUX00
100
AcDbMText
 10
6698.21
 20
2173.59
 30
0.0
 40
6.0
 71
1
  1
L325\P100X2970\Pc/rec.\Pe=12cm
  0
MTEXT
  5
462
330
17
100
AcDbEntity
  8
AUX00
100
AcDbMText
 10
6798.21
 20
2173.59
 30
0.0
 40
6.0
 71
1
  1
L325\P100X2970\Pc/rec.\Pe=12cm
  0
MTEXT
  5
463
330
17
100
AcDbEntity
  8
AUX00
100
AcDbMText
 10
6890.31
 20
2173.59
 30
0.0
 40
6.0
 71
1
  1
L325\P84X2970\Pc/rec.\Pe=12cm
  0
MTEXT
  5
464
330
17
100
AcDbEntity
  8
NOMENCLATURA
100
AcDbMText
 10
748.21
 20
3688.59
 30
0.0
 40
10.0
 71
1
  1
12 PAV - L325  6184x2970cm  e=12cm  paineis: 63x1
  0
LWPOLYLINE
  5
465
330
17
100
AcDbEntity
  8
Contorno
100
AcDbPolyline
 90
37
 70
1
 10
-260.48
 20
1989.66
 10
-260.48
 20
2044.66
 10
3229.52
 20
2044.66
 10
3229.52
 20
1989.66
 10
3210.52
 20
1989.66
 10
3210.52
 20
2032.66
 10
2805.02
 20
2032.66
 10
2805.02
 20
1989.66
 10
2786.02
 20
1989.66
 10
2786.02
 20
2032.66
 10
2368.02
 20
2032.66
 10
2368.02
 20
1989.66
 10
2349.02
 20
1989.66
 10
2349.02
 20
2032.66
 10
1931.02
 20
2032.66
 10
1931.02
 20
1989.66
 10
1912.02
 20
1989.66
 10
1912.02
 20
2032.66
 10
1494.02
 20
2032.66
 10
1494.02
 20
1989.66
 10
1475.02
 20
1989.66
 10
1475.02
 20
2032.66
 10
1057.02
 20
2032.66
 10
1057.02
 20
1989.66
 10
1038.02
 20
1989.66
 10
1038.02
 20
2032.66
 10
620.02
 20
2032.66
 10
620.02
 20
1989.66
 10
601.02
 20
1989.66
 10
601.02
 20
2032.66
 10
183.01999999999998
 20
2032.66
 10
183.01999999999998
 20
1989.66
 10
164.01999999999998
 20
1989.66
 10
164.01999999999998
 20
2032.66
 10
-241.48000000000002
 20
2032.66
 10
-241.48000000000002
 20
1989.66
 10
-260.48
 20
1989.66
  0
LWPOLYLINE
  5
466
330
17
100
AcDbEntity
  8
Paineis
100
AcDbPolyline
 90
4
 70
1
 10
-260.48
 20
1989.66
 10
-160.48000000000002
 20
1989.66
 10
-160.48000000000002
 20
2044.66
 10
-260.48
 20
2044.66
  0
LWPOLYLINE
  5
467
330
17
100
AcDbEntity
  8
Paineis
100
AcDbPolyline
 90
4
 70
1
 10
-160.48000000000002
 20
1989.66
 10
-60.48000000000002
 20
1989.66
 10
-60.48000000000002
 20
2044.66
 10
-160.48000000000002
 20
2044.66
  0
LWPOLYLINE
  5
468
330
17
100
AcDbEntity
  8
Paineis
100
AcDbPolyline
 90
4
 70
1
 10
-60.48000000000002
 20
1989.66
 10
39.51999999999998
 20
1989.66
 10
39.51999999999998
 20
2044.66
 10
-60.48000000000002
 20
2044.66
  0
LWPOLYLINE
  5
469
330
17
100
AcDbEntity
  8
Paineis
100
AcDbPolyline
 90
4
 70
1
 10
39.51999999999998
 20
1989.66
 10
139.51999999999998
 20
1989.66
 10
139.51999999999998
 20
2044.66
 10
39.51999999999998
 20
2044.66
  0
LWPOLYLINE
  5
46A
330
17
100
AcDbEntity
  8
Paineis
100
AcDbPolyline
 90
4
 70
1
 10
139.51999999999998
 20
1989.66
 10
239.51999999999998
 20
1989.66
 10
239.51999999999998
 20
2044.66
 10
139.51999999999998
 20
2044.66
  0
LWPOLYLINE
  5
46B
330
17
100
AcDbEntity
  8
Paineis
100
AcDbPolyline
 90
4
 70
1
 10
239.51999999999998
 20
1989.66
 10
339.52
 20
1989.66
 10
339.52
 20
2044.66
 10
239.51999999999998
 20
2044.66
  0
LWPOLYLINE
  5
46C
330
17
100
AcDbEntity
  8
Paineis
100
AcDbPolyline
 90
4
 70
1
 10
339.52
 20
1989.66
 10
439.52
 20
1989.66
 10
439.52
 20
2044.66
 10
339.52
 20
2044.66
  0
LWPOLYLINE
  5
46D
330
17
100
AcDbEntity
  8
Paineis
100
AcDbPolyline
 90
4
 70
1
 10
439.52
 20
1989.66
 10
539.52
 20
1989.66
 10
539.52
 20
2044.66
 10
439.52
 20
2044.66
  0
LWPOLYLINE
  5
46E
330
17
100
AcDbEntity
  8
Paineis
100
AcDbPolyline
 90
4
 70
1
 10
539.52
 20
1989.66
 10
639.52
 20
1989.66
 10
639.52
 20
2044.66
 10
539.52
 20
2044.66
  0
LWPOLYLINE
  5
46F
330
17
100
AcDbEntity
  8
Paineis
100
AcDbPolyline
 90
4
 70
1
 10
639.52
 20
1989.66
 10
739.52
 20
1989.66
 10
739.52
 20
2044.66
 10
639.52
 20
2044.66
  0
LWPOLYLINE
  5
470
330
17
100
AcDbEntity
  8
Paineis
100
AcDbPolyline
 90
4
 70
1
 10
739.52
 20
1989.66
 10
839.52
 20
1989.66
 10
839.52
 20
2044.66
 10
739.52
 20
2044.66
  0
LWPOLYLINE
  5
471
330
17
100
AcDbEntity
  8
Paineis
100
AcDbPolyline
 90
4
 70
1
 10
839.52
 20
1989.66
 10
939.52
 20
1989.66
 10
939.52
 20
2044.66
 10
839.52
 20
2044.66
  0
LWPOLYLINE
  5
472
330
17
100
AcDbEntity
  8
Paineis
100
AcDbPolyline
 90
4
 70
1
 10
939.52
 20
1989.66
 10
1039.52
 20
1989.66
 10
1039.52
 20
2044.66
 10
939.52
 20
2044.66
  0
LWPOLYLINE
  5
473
330
17
100
AcDbEntity
  8
Paineis
100
AcDbPolyline
 90
4
 70
1
 10
1039.52
 20
1989.66
 10
1139.52
 20
1989.66
 10
1139.52
 20
2044.66
 10
1039.52
 20
2044.66
  0
LWPOLYLINE
  5
474
330
17
100
AcDbEntity
  8
Paineis
100
AcDbPolyline
 90
4
 70
1
 10
1139.52
 20
1989.66
 10
1239.52
 20
1989.66
 10
1239.52
 20
2044.66
 10
1139.52
 20
2044.66
  0
LWPOLYLINE
  5
475
330
17
100
AcDbEntity
  8
Paineis
100
AcDbPolyline
 90
4
 70
1
 10
1239.52
 20
1989.66
 10
1339.52
 20
1989.66
 10
1339.52
 20
2044.66
 10
1239.52
 20
2044.66
  0
LWPOLYLINE
  5
476
330
17
100
AcDbEntity
  8
Paineis
100
AcDbPolyline
 90
4
 70
1
 10
1339.52
 20
1989.66
 10
1439.52
 20
1989.66
 10
1439.52
 20
2044.66
 10
1339.52
 20
2044.66
  0
LWPOLYLINE
  5
477
330
17
100
AcDbEntity
  8
Paineis
100
AcDbPolyline
 90
4
 70
1
 10
1439.52
 20
1989.66
 10
1539.52
 20
1989.66
 10
1539.52
 20
2044.66
 10
1439.52
 20
2044.66
  0
LWPOLYLINE
  5
478
330
17
100
AcDbEntity
  8
Paineis
100
AcDbPolyline
 90
4
 70
1
 10
1539.52
 20
1989.66
 10
1639.52
 20
1989.66
 10
1639.52
 20
2044.66
 10
1539.52
 20
2044.66
  0
LWPOLYLINE
  5
479
330
17
100
AcDbEntity
  8
Paineis
100
AcDbPolyline
 90
4
 70
1
 10
1639.52
 20
1989.66
 10
1739.52
 20
1989.66
 10
1739.52
 20
2044.66
 10
1639.52
 20
2044.66
  0
LWPOLYLINE
  5
47A
330
17
100
AcDbEntity
  8
Paineis
100
AcDbPolyline
 90
4
 70
1
 10
1739.52
 20
1989.66
 10
1839.52
 20
1989.66
 10
1839.52
 20
2044.66
 10
1739.52
 20
2044.66
  0
LWPOLYLINE
  5
47B
330
17
100
AcDbEntity
  8
Paineis
100
AcDbPolyline
 90
4
 70
1
 10
1839.52
 20
1989.66
 10
1939.52
 20
1989.66
 10
1939.52
 20
2044.66
 10
1839.52
 20
2044.66
  0
LWPOLYLINE
  5
47C
330
17
100
AcDbEntity
  8
Paineis
100
AcDbPolyline
 90
4
 70
1
 10
1939.52
 20
1989.66
 10
2039.52
 20
1989.66
 10
2039.52
 20
2044.66
 10
1939.52
 20
2044.66
  0
LWPOLYLINE
  5
47D
330
17
100
AcDbEntity
  8
Paineis
100
AcDbPolyline
 90
4
 70
1
 10
2039.52
 20
1989.66
 10
2139.52
 20
1989.66
 10
2139.52
 20
2044.66
 10
2039.52
 20
2044.66
  0
LWPOLYLINE
  5
47E
330
17
100
AcDbEntity
  8
Paineis
100
AcDbPolyline
 90
4
 70
1
 10
2139.52
 20
1989.66
 10
2239.52
 20
1989.66
 10
2239.52
 20
2044.66
 10
2139.52
 20
2044.66
  0
LWPOLYLINE
  5
47F
330
17
100
AcDbEntity
  8
Paineis
100
AcDbPolyline
 90
4
 70
1
 10
2239.52
 20
1989.66
 10
2339.52
 20
1989.66
 10
2339.52
 20
2044.66
 10
2239.52
 20
2044.66
  0
LWPOLYLINE
  5
480
330
17
100
AcDbEntity
  8
Paineis
100
AcDbPolyline
 90
4
 70
1
 10
2339.52
 20
1989.66
 10
2439.52
 20
1989.66
 10
2439.52
 20
2044.66
 10
2339.52
 20
2044.66
  0
LWPOLYLINE
  5
481
330
17
100
AcDbEntity
  8
Paineis
100
AcDbPolyline
 90
4
 70
1
 10
2439.52
 20
1989.66
 10
2539.52
 20
1989.66
 10
2539.52
 20
2044.66
 10
2439.52
 20
2044.66
  0
LWPOLYLINE
  5
482
330
17
100
AcDbEntity
  8
Paineis
100
AcDbPolyline
 90
4
 70
1
 10
2539.52
 20
1989.66
 10
2639.52
 20
1989.66
 10
2639.52
 20
2044.66
 10
2539.52
 20
2044.66
  0
LWPOLYLINE
  5
483
330
17
100
AcDbEntity
  8
Paineis
100
AcDbPolyline
 90
4
 70
1
 10
2639.52
 20
1989.66
 10
2739.52
 20
1989.66
 10
2739.52
 20
2044.66
 10
2639.52
 20
2044.66
  0
LWPOLYLINE
  5
484
330
17
100
AcDbEntity
  8
Paineis
100
AcDbPolyline
 90
4
 70
1
 10
2739.52
 20
1989.66
 10
2839.52
 20
1989.66
 10
2839.52
 20
2044.66
 10
2739.52
 20
2044.66
  0
LWPOLYLINE
  5
485
330
17
100
AcDbEntity
  8
Paineis
100
AcDbPolyline
 90
4
 70
1
 10
2839.52
 20
1989.66
 10
2939.52
 20
1989.66
 10
2939.52
 20
2044.66
 10
2839.52
 20
2044.66
  0
LWPOLYLINE
  5
486
330
17
100
AcDbEntity
  8
Paineis
100
AcDbPolyline
 90
4
 70
1
 10
2939.52
 20
1989.66
 10
3039.52
 20
1989.66
 10
3039.52
 20
2044.66
 10
2939.52
 20
2044.66
  0
LWPOLYLINE
  5
487
330
17
100
AcDbEntity
  8
Paineis
100
AcDbPolyline
 90
4
 70
1
 10
3039.52
 20
1989.66
 10
3139.52
 20
1989.66
 10
3139.52
 20
2044.66
 10
3039.52
 20
2044.66
  0
LWPOLYLINE
  5
488
330
17
100
AcDbEntity
  8
Paineis
100
AcDbPolyline
 90
4
 70
1
 10
3139.52
 20
1989.66
 10
3229.52
 20
1989.66
 10
3229.52
 20
2044.66
 10
3139.52
 20
2044.66
  0
MTEXT
  5
489
330
17
100
AcDbEntity
  8
Texto Secao
100
AcDbMText
 10
1484.52
 20
2017.16
 30
0.0
 40
139.6
 71
1
  1
L326\Pe=12cm
  0
MTEXT
  5
48A
330
17
100
AcDbEntity
  8
AUX00
100
AcDbMText
 10
-210.48000000000002
 20
2017.16
 30
0.0
 40
6.0
 71
1
  1
L326\P100X55\Pc/rec.\Pe=12cm
  0
MTEXT
  5
48B
330
17
100
AcDbEntity
  8
AUX00
100
AcDbMText
 10
-110.48000000000002
 20
2017.16
 30
0.0
 40
6.0
 71
1
  1
L326\P100X55\Pc/rec.\Pe=12cm
  0
MTEXT
  5
48C
330
17
100
AcDbEntity
  8
AUX00
100
AcDbMText
 10
-10.480000000000018
 20
2017.16
 30
0.0
 40
6.0
 71
1
  1
L326\P100X55\Pc/rec.\Pe=12cm
  0
MTEXT
  5
48D
330
17
100
AcDbEntity
  8
AUX00
100
AcDbMText
 10
89.51999999999998
 20
2017.16
 30
0.0
 40
6.0
 71
1
  1
L326\P100X55\Pc/rec.\Pe=12cm
  0
MTEXT
  5
48E
330
17
100
AcDbEntity
  8
AUX00
100
AcDbMText
 10
189.51999999999998
 20
2017.16
 30
0.0
 40
6.0
 71
1
  1
L326\P100X55\Pc/rec.\Pe=12cm
  0
MTEXT
  5
48F
330
17
100
AcDbEntity
  8
AUX00
100
AcDbMText
 10
289.52
 20
2017.16
 30
0.0
 40
6.0
 71
1
  1
L326\P100X55\Pc/rec.\Pe=12cm
  0
MTEXT
  5
490
330
17
100
AcDbEntity
  8
AUX00
100
AcDbMText
 10
389.52
 20
2017.16
 30
0.0
 40
6.0
 71
1
  1
L326\P100X55\Pc/rec.\Pe=12cm
  0
MTEXT
  5
491
330
17
100
AcDbEntity
  8
AUX00
100
AcDbMText
 10
489.52
 20
2017.16
 30
0.0
 40
6.0
 71
1
  1
L326\P100X55\Pc/rec.\Pe=12cm
  0
MTEXT
  5
492
330
17
100
AcDbEntity
  8
AUX00
100
AcDbMText
 10
589.52
 20
2017.16
 30
0.0
 40
6.0
 71
1
  1
L326\P100X55\Pc/rec.\Pe=12cm
  0
MTEXT
  5
493
330
17
100
AcDbEntity
  8
AUX00
100
AcDbMText
 10
689.52
 20
2017.16
 30
0.0
 40
6.0
 71
1
  1
L326\P100X55\Pc/rec.\Pe=12cm
  0
MTEXT
  5
494
330
17
100
AcDbEntity
  8
AUX00
100
AcDbMText
 10
789.52
 20
2017.16
 30
0.0
 40
6.0
 71
1
  1
L326\P100X55\Pc/rec.\Pe=12cm
  0
MTEXT
  5
495
330
17
100
AcDbEntity
  8
AUX00
100
AcDbMText
 10
889.52
 20
2017.16
 30
0.0
 40
6.0
 71
1
  1
L326\P100X55\Pc/rec.\Pe=12cm
  0
MTEXT
  5
496
330
17
100
AcDbEntity
  8
AUX00
100
AcDbMText
 10
989.52
 20
2017.16
 30
0.0
 40
6.0
 71
1
  1
L326\P100X55\Pc/rec.\Pe=12cm
  0
MTEXT
  5
497
330
17
100
AcDbEntity
  8
AUX00
100
AcDbMText
 10
1089.52
 20
2017.16
 30
0.0
 40
6.0
 71
1
  1
L326\P100X55\Pc/rec.\Pe=12cm
  0
MTEXT
  5
498
330
17
100
AcDbEntity
  8
AUX00
100
AcDbMText
 10
1189.52
 20
2017.16
 30
0.0
 40
6.0
 71
1
  1
L326\P100X55\Pc/rec.\Pe=12cm
  0
MTEXT
  5
499
330
17
100
AcDbEntity
  8
AUX00
100
AcDbMText
 10
1289.52
 20
2017.16
 30
0.0
 40
6.0
 71
1
  1
L326\P100X55\Pc/rec.\Pe=12cm
  0
MTEXT
  5
49A
330
17
100
AcDbEntity
  8
AUX00
100
AcDbMText
 10
1389.52
 20
2017.16
 30
0.0
 40
6.0
 71
1
  1
L326\P100X55\Pc/rec.\Pe=12cm
  0
MTEXT
  5
49B
330
17
100
AcDbEntity
  8
AUX00
100
AcDbMText
 10
1489.52
 20
2017.16
 30
0.0
 40
6.0
 71
1
  1
L326\P100X55\Pc/rec.\Pe=12cm
  0
MTEXT
  5
49C
330
17
100
AcDbEntity
  8
AUX00
100
AcDbMText
 10
1589.52
 20
2017.16
 30
0.0
 40
6.0
 71
1
  1
L326\P100X55\Pc/rec.\Pe=12cm
  0
MTEXT
  5
49D
330
17
100
AcDbEntity
  8
AUX00
100
AcDbMText
 10
1689.52
 20
2017.16
 30
0.0
 40
6.0
 71
1
  1
L326\P100X55\Pc/rec.\Pe=12cm
  0
MTEXT
  5
49E
330
17
100
AcDbEntity
  8
AUX00
100
AcDbMText
 10
1789.52
 20
2017.16
 30
0.0
 40
6.0
 71
1
  1
L326\P100X55\Pc/rec.\Pe=12cm
  0
MTEXT
  5
49F
330
17
100
AcDbEntity
  8
AUX00
100
AcDbMText
 10
1889.52
 20
2017.16
 30
0.0
 40
6.0
 71
1
  1
L326\P100X55\Pc/rec.\Pe=12cm
  0
MTEXT
  5
4A0
330
17
100
AcDbEntity
  8
AUX00
100
AcDbMText
 10
1989.52
 20
2017.16
 30
0.0
 40
6.0
 71
1
  1
L326\P100X55\Pc/rec.\Pe=12cm
  0
MTEXT
  5
4A1
330
17
100
AcDbEntity
  8
AUX00
100
AcDbMText
 10
2089.52
 20
2017.16
 30
0.0
 40
6.0
 71
1
  1
L326\P100X55\Pc/rec.\Pe=12cm
  0
MTEXT
  5
4A2
330
17
100
AcDbEntity
  8
AUX00
100
AcDbMText
 10
2189.52
 20
2017.16
 30
0.0
 40
6.0
 71
1
  1
L326\P100X55\Pc/rec.\Pe=12cm
  0
MTEXT
  5
4A3
330
17
100
AcDbEntity
  8
AUX00
100
AcDbMText
 10
2289.52
 20
2017.16
 30
0.0
 40
6.0
 71
1
  1
L326\P100X55\Pc/rec.\Pe=12cm
  0
MTEXT
  5
4A4
330
17
100
AcDbEntity
  8
AUX00
100
AcDbMText
 10
2389.52
 20
2017.16
 30
0.0
 40
6.0
 71
1
  1
L326\P100X55\Pc/rec.\Pe=12cm
  0
MTEXT
  5
4A5
330
17
100
AcDbEntity
  8
AUX00
100
AcDbMText
 10
2489.52
 20
2017.16
 30
0.0
 40
6.0
 71
1
  1
L326\P100X55\Pc/rec.\Pe=12cm
  0
MTEXT
  5
4A6
330
17
100
AcDbEntity
  8
AUX00
100
AcDbMText
 10
2589.52
 20
2017.16
 30
0.0
 40
6.0
 71
1
  1
L326\P100X55\Pc/rec.\Pe=12cm
  0
MTEXT
  5
4A7
330
17
100
AcDbEntity
  8
AUX00
100
AcDbMText
 10
2689.52
 20
2017.16
 30
0.0
 40
6.0
 71
1
  1
L326\P100X55\Pc/rec.\Pe=12cm
  0
MTEXT
  5
4A8
330
17
100
AcDbEntity
  8
AUX00
100
AcDbMText
 10
2789.52
 20
2017.16
 30
0.0
 40
6.0
 71
1
  1
L326\P100X55\Pc/rec.\Pe=12cm
  0
MTEXT
  5
4A9
330
17
100
AcDbEntity
  8
AUX00
100
AcDbMText
 10
2889.52
 20
2017.16
 30
0.0
 40
6.0
 71
1
  1
L326\P100X55\Pc/rec.\Pe=12cm
  0
MTEXT
  5
4AA
330
17
100
AcDbEntity
  8
AUX00
100
AcDbMText
 10
2989.52
 20
2017.16
 30
0.0
 40
6.0
 71
1
  1
L326\P100X55\Pc/rec.\Pe=12cm
  0
MTEXT
  5
4AB
330
17
100
AcDbEntity
  8
AUX00
100
AcDbMText
 10
3089.52
 20
2017.16
 30
0.0
 40
6.0
 71
1
  1
L326\P100X55\Pc/rec.\Pe=12cm
  0
MTEXT
  5
4AC
330
17
100
AcDbEntity
  8
AUX00
100
AcDbMText
 10
3184.52
 20
2017.16
 30
0.0
 40
6.0
 71
1
  1
L326\P90X55\Pc/rec.\Pe=12cm
  0
MTEXT
  5
4AD
330
17
100
AcDbEntity
  8
NOMENCLATURA
100
AcDbMText
 10
-260.48
 20
2074.66
 30
0.0
 40
10.0
 71
1
  1
12 PAV - L326  3490x55cm  e=12cm  paineis: 36x1
  0
LWPOLYLINE
  5
4AE
330
17
100
AcDbEntity
  8
Contorno
100
AcDbPolyline
 90
41
 70
1
 10
43.82999999999993
 20
1894.51
 10
43.82999999999993
 20
2014.51
 10
3398.33
 20
2014.51
 10
3398.33
 20
2122.51
 10
3417.33
 20
2122.51
 10
3417.33
 20
2014.51
 10
3533.83
 20
2014.51
 10
3533.83
 20
1959.51
 10
3514.83
 20
1959.51
 10
3514.83
 20
2002.51
 10
3109.33
 20
2002.51
 10
3109.33
 20
1894.51
 10
3090.33
 20
1894.51
 10
3090.33
 20
2002.51
 10
2672.33
 20
2002.51
 10
2672.33
 20
1894.51
 10
2653.33
 20
1894.51
 10
2653.33
 20
2002.51
 10
2235.33
 20
2002.51
 10
2235.33
 20
1894.51
 10
2216.33
 20
1894.51
 10
2216.33
 20
2002.51
 10
1798.33
 20
2002.51
 10
1798.33
 20
1894.51
 10
1779.33
 20
1894.51
 10
1779.33
 20
2002.51
 10
1361.33
 20
2002.51
 10
1361.33
 20
1894.51
 10
1342.33
 20
1894.51
 10
1342.33
 20
2002.51
 10
924.3299999999999
 20
2002.51
 10
924.3299999999999
 20
1894.51
 10
905.3299999999999
 20
1894.51
 10
905.3299999999999
 20
2002.51
 10
487.3299999999999
 20
2002.51
 10
487.3299999999999
 20
1894.51
 10
468.3299999999999
 20
1894.51
 10
468.3299999999999
 20
2002.51
 10
62.82999999999993
 20
2002.51
 10
62.82999999999993
 20
1894.51
 10
43.82999999999993
 20
1894.51
  0
LWPOLYLINE
  5
4AF
330
17
100
AcDbEntity
  8
Paineis
100
AcDbPolyline
 90
4
 70
1
 10
43.82999999999993
 20
1894.51
 10
143.82999999999993
 20
1894.51
 10
143.82999999999993
 20
2122.51
 10
43.82999999999993
 20
2122.51
  0
LWPOLYLINE
  5
4B0
330
17
100
AcDbEntity
  8
Paineis
100
AcDbPolyline
 90
4
 70
1
 10
143.82999999999993
 20
1894.51
 10
243.82999999999993
 20
1894.51
 10
243.82999999999993
 20
2122.51
 10
143.82999999999993
 20
2122.51
  0
LWPOLYLINE
  5
4B1
330
17
100
AcDbEntity
  8
Paineis
100
AcDbPolyline
 90
4
 70
1
 10
243.82999999999993
 20
1894.51
 10
343.8299999999999
 20
1894.51
 10
343.8299999999999
 20
2122.51
 10
243.82999999999993
 20
2122.51
  0
LWPOLYLINE
  5
4B2
330
17
100
AcDbEntity
  8
Paineis
100
AcDbPolyline
 90
4
 70
1
 10
343.8299999999999
 20
1894.51
 10
443.8299999999999
 20
1894.51
 10
443.8299999999999
 20
2122.51
 10
343.8299999999999
 20
2122.51
  0
LWPOLYLINE
  5
4B3
330
17
100
AcDbEntity
  8
Paineis
100
AcDbPolyline
 90
4
 70
1
 10
443.8299999999999
 20
1894.51
 10
543.8299999999999
 20
1894.51
 10
543.8299999999999
 20
2122.51
 10
443.8299999999999
 20
2122.51
  0
LWPOLYLINE
  5
4B4
330
17
100
AcDbEntity
  8
Paineis
100
AcDbPolyline
 90
4
 70
1
 10
543.8299999999999
 20
1894.51
 10
643.8299999999999
 20
1894.51
 10
643.8299999999999
 20
2122.51
 10
543.8299999999999
 20
2122.51
  0
LWPOLYLINE
  5
4B5
330
17
100
AcDbEntity
  8
Paineis
100
AcDbPolyline
 90
4
 70
1
 10
643.8299999999999
 20
1894.51
 10
743.8299999999999
 20
1894.51
 10
743.8299999999999
 20
2122.51
 10
643.8299999999999
 20
2122.51
  0
LWPOLYLINE
  5
4B6
330
17
100
AcDbEntity
  8
Paineis
100
AcDbPolyline
 90
4
 70
1
 10
743.8299999999999
 20
1894.51
 10
843.8299999999999
 20
1894.51
 10
843.8299999999999
 20
2122.51
 10
743.8299999999999
 20
2122.51
  0
LWPOLYLINE
  5
4B7
330
17
100
AcDbEntity
  8
Paineis
100
AcDbPolyline
 90
4
 70
1
 10
843.8299999999999
 20
1894.51
 10
943.8299999999999
 20
1894.51
 10
943.8299999999999
 20
2122.51
 10
843.8299999999999
 20
2122.51
  0
LWPOLYLINE
  5
4B8
330
17
100
AcDbEntity
  8
Paineis
100
AcDbPolyline
 90
4
 70
1
 10
943.8299999999999
 20
1894.51
 10
1043.83
 20
1894.51
 10
1043.83
 20
2122.51
 10
943.8299999999999
 20
2122.51
  0
LWPOLYLINE
  5
4B9
330
17
100
AcDbEntity
  8
Paineis
100
AcDbPolyline
 90
4
 70
1
 10
1043.83
 20
1894.51
 10
1143.83
 20
1894.51
 10
1143.83
 20
2122.51
 10
1043.83
 20
2122.51
  0
LWPOLYLINE
  5
4BA
330
17
100
AcDbEntity
  8
Paineis
100
AcDbPolyline
 90
4
 70
1
 10
1143.83
 20
1894.51
 10
1243.83
 20
1894.51
 10
1243.83
 20
2122.51
 10
1143.83
 20
2122.51
  0
LWPOLYLINE
  5
4BB
330
17
100
AcDbEntity
  8
Paineis
100
AcDbPolyline
 90
4
 70
1
 10
1243.83
 20
1894.51
 10
1343.83
 20
1894.51
 10
1343.83
 20
2122.51
 10
1243.83
 20
2122.51
  0
LWPOLYLINE
  5
4BC
330
17
100
AcDbEntity
  8
Paineis
100
AcDbPolyline
 90
4
 70
1
 10
1343.83
 20
1894.51
 10
1443.83
 20
1894.51
 10
1443.83
 20
2122.51
 10
1343.83
 20
2122.51
  0
LWPOLYLINE
  5
4BD
330
17
100
AcDbEntity
  8
Paineis
100
AcDbPolyline
 90
4
 70
1
 10
1443.83
 20
1894.51
 10
1543.83
 20
1894.51
 10
1543.83
 20
2122.51
 10
1443.83
 20
2122.51
  0
LWPOLYLINE
  5
4BE
330
17
100
AcDbEntity
  8
Paineis
100
AcDbPolyline
 90
4
 70
1
 10
1543.83
 20
1894.51
 10
1643.83
 20
1894.51
 10
1643.83
 20
2122.51
 10
1543.83
 20
2122.51
  0
LWPOLYLINE
  5
4BF
330
17
100
AcDbEntity
  8
Paineis
100
AcDbPolyline
 90
4
 70
1
 10
1643.83
 20
1894.51
 10
1743.83
 20
1894.51
 10
1743.83
 20
2122.51
 10
1643.83
 20
2122.51
  0
LWPOLYLINE
  5
4C0
330
17
100
AcDbEntity
  8
Paineis
100
AcDbPolyline
 90
4
 70
1
 10
1743.83
 20
1894.51
 10
1843.83
 20
1894.51
 10
1843.83
 20
2122.51
 10
1743.83
 20
2122.51
  0
LWPOLYLINE
  5
4C1
330
17
100
AcDbEntity
  8
Paineis
100
AcDbPolyline
 90
4
 70
1
 10
1843.83
 20
1894.51
 10
1943.83
 20
1894.51
 10
1943.83
 20
2122.51
 10
1843.83
 20
2122.51
  0
LWPOLYLINE
  5
4C2
330
17
100
AcDbEntity
  8
Paineis
100
AcDbPolyline
 90
4
 70
1
 10
1943.83
 20
1894.51
 10
2043.83
 20
1894.51
 10
2043.83
 20
2122.51
 10
1943.83
 20
2122.51
  0
LWPOLYLINE
  5
4C3
330
17
100
AcDbEntity
  8
Paineis
100
AcDbPolyline
 90
4
 70
1
 10
2043.83
 20
1894.51
 10
2143.83
 20
1894.51
 10
2143.83
 20
2122.51
 10
2043.83
 20
2122.51
  0
LWPOLYLINE
  5
4C4
330
17
100
AcDbEntity
  8
Paineis
100
AcDbPolyline
 90
4
 70
1
 10
2143.83
 20
1894.51
 10
2243.83
 20
1894.51
 10
2243.83
 20
2122.51
 10
2143.83
 20
2122.51
  0
LWPOLYLINE
  5
4C5
330
17
100
AcDbEntity
  8
Paineis
100
AcDbPolyline
 90
4
 70
1
 10
2243.83
 20
1894.51
 10
2343.83
 20
1894.51
 10
2343.83
 20
2122.51
 10
2243.83
 20
2122.51
  0
LWPOLYLINE
  5
4C6
330
17
100
AcDbEntity
  8
Paineis
100
AcDbPolyline
 90
4
 70
1
 10
2343.83
 20
1894.51
 10
2443.83
 20
1894.51
 10
2443.83
 20
2122.51
 10
2343.83
 20
2122.51
  0
LWPOLYLINE
  5
4C7
330
17
100
AcDbEntity
  8
Paineis
100
AcDbPolyline
 90
4
 70
1
 10
2443.83
 20
1894.51
 10
2543.83
 20
1894.51
 10
2543.83
 20
2122.51
 10
2443.83
 20
2122.51
  0
LWPOLYLINE
  5
4C8
330
17
100
AcDbEntity
  8
Paineis
100
AcDbPolyline
 90
4
 70
1
 10
2543.83
 20
1894.51
 10
2643.83
 20
1894.51
 10
2643.83
 20
2122.51
 10
2543.83
 20
2122.51
  0
LWPOLYLINE
  5
4C9
330
17
100
AcDbEntity
  8
Paineis
100
AcDbPolyline
 90
4
 70
1
 10
2643.83
 20
1894.51
 10
2743.83
 20
1894.51
 10
2743.83
 20
2122.51
 10
2643.83
 20
2122.51
  0
LWPOLYLINE
  5
4CA
330
17
100
AcDbEntity
  8
Paineis
100
AcDbPolyline
 90
4
 70
1
 10
2743.83
 20
1894.51
 10
2843.83
 20
1894.51
 10
2843.83
 20
2122.51
 10
2743.83
 20
2122.51
  0
LWPOLYLINE
  5
4CB
330
17
100
AcDbEntity
  8
Paineis
100
AcDbPolyline
 90
4
 70
1
 10
2843.83
 20
1894.51
 10
2943.83
 20
1894.51
 10
2943.83
 20
2122.51
 10
2843.83
 20
2122.51
  0
LWPOLYLINE
  5
4CC
330
17
100
AcDbEntity
  8
Paineis
100
AcDbPolyline
 90
4
 70
1
 10
2943.83
 20
1894.51
 10
3043.83
 20
1894.51
 10
3043.83
 20
2122.51
 10
2943.83
 20
2122.51
  0
LWPOLYLINE
  5
4CD
330
17
100
AcDbEntity
  8
Paineis
100
AcDbPolyline
 90
4
 70
1
 10
3043.83
 20
1894.51
 10
3143.83
 20
1894.51
 10
3143.83
 20
2122.51
 10
3043.83
 20
2122.51
  0
LWPOLYLINE
  5
4CE
330
17
100
AcDbEntity
  8
Paineis
100
AcDbPolyline
 90
4
 70
1
 10
3143.83
 20
1894.51
 10
3243.83
 20
1894.51
 10
3243.83
 20
2122.51
 10
3143.83
 20
2122.51
  0
LWPOLYLINE
  5
4CF
330
17
100
AcDbEntity
  8
Paineis
100
AcDbPolyline
 90
4
 70
1
 10
3243.83
 20
1894.51
 10
3343.83
 20
1894.51
 10
3343.83
 20
2122.51
 10
3243.83
 20
2122.51
  0
LWPOLYLINE
  5
4D0
330
17
100
AcDbEntity
  8
Paineis
100
AcDbPolyline
 90
4
 70
1
 10
3343.83
 20
1894.51
 10
3443.83
 20
1894.51
 10
3443.83
 20
2122.51
 10
3343.83
 20
2122.51
  0
LWPOLYLINE
  5
4D1
330
17
100
AcDbEntity
  8
Paineis
100
AcDbPolyline
 90
4
 70
1
 10
3443.83
 20
1894.51
 10
3533.83
 20
1894.51
 10
3533.83
 20
2122.51
 10
3443.83
 20
2122.51
  0
MTEXT
  5
4D2
330
17
100
AcDbEntity
  8
Texto Secao
100
AcDbMText
 10
1788.83
 20
2008.51
 30
0.0
 40
139.6
 71
1
  1
L327\Pe=12cm
  0
MTEXT
  5
4D3
330
17
100
AcDbEntity
  8
AUX00
100
AcDbMText
 10
93.82999999999993
 20
2008.51
 30
0.0
 40
6.0
 71
1
  1
L327\P100X228\Pc/rec.\Pe=12cm
  0
MTEXT
  5
4D4
330
17
100
AcDbEntity
  8
AUX00
100
AcDbMText
 10
193.82999999999993
 20
2008.51
 30
0.0
 40
6.0
 71
1
  1
L327\P100X228\Pc/rec.\Pe=12cm
  0
MTEXT
  5
4D5
330
17
100
AcDbEntity
  8
AUX00
100
AcDbMText
 10
293.8299999999999
 20
2008.51
 30
0.0
 40
6.0
 71
1
  1
L327\P100X228\Pc/rec.\Pe=12cm
  0
MTEXT
  5
4D6
330
17
100
AcDbEntity
  8
AUX00
100
AcDbMText
 10
393.8299999999999
 20
2008.51
 30
0.0
 40
6.0
 71
1
  1
L327\P100X228\Pc/rec.\Pe=12cm
  0
MTEXT
  5
4D7
330
17
100
AcDbEntity
  8
AUX00
100
AcDbMText
 10
493.8299999999999
 20
2008.51
 30
0.0
 40
6.0
 71
1
  1
L327\P100X228\Pc/rec.\Pe=12cm
  0
MTEXT
  5
4D8
330
17
100
AcDbEntity
  8
AUX00
100
AcDbMText
 10
593.8299999999999
 20
2008.51
 30
0.0
 40
6.0
 71
1
  1
L327\P100X228\Pc/rec.\Pe=12cm
  0
MTEXT
  5
4D9
330
17
100
AcDbEntity
  8
AUX00
100
AcDbMText
 10
693.8299999999999
 20
2008.51
 30
0.0
 40
6.0
 71
1
  1
L327\P100X228\Pc/rec.\Pe=12cm
  0
MTEXT
  5
4DA
330
17
100
AcDbEntity
  8
AUX00
100
AcDbMText
 10
793.8299999999999
 20
2008.51
 30
0.0
 40
6.0
 71
1
  1
L327\P100X228\Pc/rec.\Pe=12cm
  0
MTEXT
  5
4DB
330
17
100
AcDbEntity
  8
AUX00
100
AcDbMText
 10
893.8299999999999
 20
2008.51
 30
0.0
 40
6.0
 71
1
  1
L327\P100X228\Pc/rec.\Pe=12cm
  0
MTEXT
  5
4DC
330
17
100
AcDbEntity
  8
AUX00
100
AcDbMText
 10
993.8299999999999
 20
2008.51
 30
0.0
 40
6.0
 71
1
  1
L327\P100X228\Pc/rec.\Pe=12cm
  0
MTEXT
  5
4DD
330
17
100
AcDbEntity
  8
AUX00
100
AcDbMText
 10
1093.83
 20
2008.51
 30
0.0
 40
6.0
 71
1
  1
L327\P100X228\Pc/rec.\Pe=12cm
  0
MTEXT
  5
4DE
330
17
100
AcDbEntity
  8
AUX00
100
AcDbMText
 10
1193.83
 20
2008.51
 30
0.0
 40
6.0
 71
1
  1
L327\P100X228\Pc/rec.\Pe=12cm
  0
MTEXT
  5
4DF
330
17
100
AcDbEntity
  8
AUX00
100
AcDbMText
 10
1293.83
 20
2008.51
 30
0.0
 40
6.0
 71
1
  1
L327\P100X228\Pc/rec.\Pe=12cm
  0
MTEXT
  5
4E0
330
17
100
AcDbEntity
  8
AUX00
100
AcDbMText
 10
1393.83
 20
2008.51
 30
0.0
 40
6.0
 71
1
  1
L327\P100X228\Pc/rec.\Pe=12cm
  0
MTEXT
  5
4E1
330
17
100
AcDbEntity
  8
AUX00
100
AcDbMText
 10
1493.83
 20
2008.51
 30
0.0
 40
6.0
 71
1
  1
L327\P100X228\Pc/rec.\Pe=12cm
  0
MTEXT
  5
4E2
330
17
100
AcDbEntity
  8
AUX00
100
AcDbMText
 10
1593.83
 20
2008.51
 30
0.0
 40
6.0
 71
1
  1
L327\P100X228\Pc/rec.\Pe=12cm
  0
MTEXT
  5
4E3
330
17
100
AcDbEntity
  8
AUX00
100
AcDbMText
 10
1693.83
 20
2008.51
 30
0.0
 40
6.0
 71
1
  1
L327\P100X228\Pc/rec.\Pe=12cm
  0
MTEXT
  5
4E4
330
17
100
AcDbEntity
  8
AUX00
100
AcDbMText
 10
1793.83
 20
2008.51
 30
0.0
 40
6.0
 71
1
  1
L327\P100X228\Pc/rec.\Pe=12cm
  0
MTEXT
  5
4E5
330
17
100
AcDbEntity
  8
AUX00
100
AcDbMText
 10
1893.83
 20
2008.51
 30
0.0
 40
6.0
 71
1
  1
L327\P100X228\Pc/rec.\Pe=12cm
  0
MTEXT
  5
4E6
330
17
100
AcDbEntity
  8
AUX00
100
AcDbMText
 10
1993.83
 20
2008.51
 30
0.0
 40
6.0
 71
1
  1
L327\P100X228\Pc/rec.\Pe=12cm
  0
MTEXT
  5
4E7
330
17
100
AcDbEntity
  8
AUX00
100
AcDbMText
 10
2093.83
 20
2008.51
 30
0.0
 40
6.0
 71
1
  1
L327\P100X228\Pc/rec.\Pe=12cm
  0
MTEXT
  5
4E8
330
17
100
AcDbEntity
  8
AUX00
100
AcDbMText
 10
2193.83
 20
2008.51
 30
0.0
 40
6.0
 71
1
  1
L327\P100X228\Pc/rec.\Pe=12cm
  0
MTEXT
  5
4E9
330
17
100
AcDbEntity
  8
AUX00
100
AcDbMText
 10
2293.83
 20
2008.51
 30
0.0
 40
6.0
 71
1
  1
L327\P100X228\Pc/rec.\Pe=12cm
  0
MTEXT
  5
4EA
330
17
100
AcDbEntity
  8
AUX00
100
AcDbMText
 10
2393.83
 20
2008.51
 30
0.0
 40
6.0
 71
1
  1
L327\P100X228\Pc/rec.\Pe=12cm
  0
MTEXT
  5
4EB
330
17
100
AcDbEntity
  8
AUX00
100
AcDbMText
 10
2493.83
 20
2008.51
 30
0.0
 40
6.0
 71
1
  1
L327\P100X228\Pc/rec.\Pe=12cm
  0
MTEXT
  5
4EC
330
17
100
AcDbEntity
  8
AUX00
100
AcDbMText
 10
2593.83
 20
2008.51
 30
0.0
 40
6.0
 71
1
  1
L327\P100X228\Pc/rec.\Pe=12cm
  0
MTEXT
  5
4ED
330
17
100
AcDbEntity
  8
AUX00
100
AcDbMText
 10
2693.83
 20
2008.51
 30
0.0
 40
6.0
 71
1
  1
L327\P100X228\Pc/rec.\Pe=12cm
  0
MTEXT
  5
4EE
330
17
100
AcDbEntity
  8
AUX00
100
AcDbMText
 10
2793.83
 20
2008.51
 30
0.0
 40
6.0
 71
1
  1
L327\P100X228\Pc/rec.\Pe=12cm
  0
MTEXT
  5
4EF
330
17
100
AcDbEntity
  8
AUX00
100
AcDbMText
 10
2893.83
 20
2008.51
 30
0.0
 40
6.0
 71
1
  1
L327\P100X228\Pc/rec.\Pe=12cm
  0
MTEXT
  5
4F0
330
17
100
AcDbEntity
  8
AUX00
100
AcDbMText
 10
2993.83
 20
2008.51
 30
0.0
 40
6.0
 71
1
  1
L327\P100X228\Pc/rec.\Pe=12cm
  0
MTEXT
  5
4F1
330
17
100
AcDbEntity
  8
AUX00
100
AcDbMText
 10
3093.83
 20
2008.51
 30
0.0
 40
6.0
 71
1
  1
L327\P100X228\Pc/rec.\Pe=12cm
  0
MTEXT
  5
4F2
330
17
100
AcDbEntity
  8
AUX00
100
AcDbMText
 10
3193.83
 20
2008.51
 30
0.0
 40
6.0
 71
1
  1
L327\P100X228\Pc/rec.\Pe=12cm
  0
MTEXT
  5
4F3
330
17
100
AcDbEntity
  8
AUX00
100
AcDbMText
 10
3293.83
 20
2008.51
 30
0.0
 40
6.0
 71
1
  1
L327\P100X228\Pc/rec.\Pe=12cm
  0
MTEXT
  5
4F4
330
17
100
AcDbEntity
  8
AUX00
100
AcDbMText
 10
3393.83
 20
2008.51
 30
0.0
 40
6.0
 71
1
  1
L327\P100X228\Pc/rec.\Pe=12cm
  0
MTEXT
  5
4F5
330
17
100
AcDbEntity
  8
AUX00
100
AcDbMText
 10
3488.83
 20
2008.51
 30
0.0
 40
6.0
 71
1
  1
L327\P90X228\Pc/rec.\Pe=12cm
  0
MTEXT
  5
4F6
330
17
100
AcDbEntity
  8
NOMENCLATURA
100
AcDbMText
 10
43.82999999999993
 20
2152.51
 30
0.0
 40
10.0
 71
1
  1
12 PAV - L327  3490x228cm  e=12cm  paineis: 36x1
  0
LWPOLYLINE
  5
4F7
330
17
100
AcDbEntity
  8
Contorno
100
AcDbPolyline
 90
5
 70
1
 10
1813.87
 20
1986.08
 10
2698.37
 20
1986.08
 10
2698.37
 20
2036.58
 10
1813.87
 20
2036.58
 10
1813.87
 20
1986.08
  0
LWPOLYLINE
  5
4F8
330
17
100
AcDbEntity
  8
Paineis
100
AcDbPolyline
 90
4
 70
1
 10
1813.87
 20
1986.08
 10
1913.87
 20
1986.08
 10
1913.87
 20
2036.58
 10
1813.87
 20
2036.58
  0
LWPOLYLINE
  5
4F9
330
17
100
AcDbEntity
  8
Paineis
100
AcDbPolyline
 90
4
 70
1
 10
1913.87
 20
1986.08
 10
2013.87
 20
1986.08
 10
2013.87
 20
2036.58
 10
1913.87
 20
2036.58
  0
LWPOLYLINE
  5
4FA
330
17
100
AcDbEntity
  8
Paineis
100
AcDbPolyline
 90
4
 70
1
 10
2013.87
 20
1986.08
 10
2113.87
 20
1986.08
 10
2113.87
 20
2036.58
 10
2013.87
 20
2036.58
  0
LWPOLYLINE
  5
4FB
330
17
100
AcDbEntity
  8
Paineis
100
AcDbPolyline
 90
4
 70
1
 10
2113.87
 20
1986.08
 10
2213.87
 20
1986.08
 10
2213.87
 20
2036.58
 10
2113.87
 20
2036.58
  0
LWPOLYLINE
  5
4FC
330
17
100
AcDbEntity
  8
Paineis
100
AcDbPolyline
 90
4
 70
1
 10
2213.87
 20
1986.08
 10
2313.87
 20
1986.08
 10
2313.87
 20
2036.58
 10
2213.87
 20
2036.58
  0
LWPOLYLINE
  5
4FD
330
17
100
AcDbEntity
  8
Paineis
100
AcDbPolyline
 90
4
 70
1
 10
2313.87
 20
1986.08
 10
2413.87
 20
1986.08
 10
2413.87
 20
2036.58
 10
2313.87
 20
2036.58
  0
LWPOLYLINE
  5
4FE
330
17
100
AcDbEntity
  8
Paineis
100
AcDbPolyline
 90
4
 70
1
 10
2413.87
 20
1986.08
 10
2513.87
 20
1986.08
 10
2513.87
 20
2036.58
 10
2413.87
 20
2036.58
  0
LWPOLYLINE
  5
4FF
330
17
100
AcDbEntity
  8
Paineis
100
AcDbPolyline
 90
4
 70
1
 10
2513.87
 20
1986.08
 10
2613.87
 20
1986.08
 10
2613.87
 20
2036.58
 10
2513.87
 20
2036.58
  0
LWPOLYLINE
  5
500
330
17
100
AcDbEntity
  8
Paineis
100
AcDbPolyline
 90
4
 70
1
 10
2613.87
 20
1986.08
 10
2698.37
 20
1986.08
 10
2698.37
 20
2036.58
 10
2613.87
 20
2036.58
  0
MTEXT
  5
501
330
17
100
AcDbEntity
  8
Texto Secao
100
AcDbMText
 10
2256.12
 20
2011.33
 30
0.0
 40
35.38
 71
1
  1
L328\Pe=12cm
  0
MTEXT
  5
502
330
17
100
AcDbEntity
  8
AUX00
100
AcDbMText
 10
1863.87
 20
2011.33
 30
0.0
 40
6.0
 71
1
  1
L328\P100X50\Pc/rec.\Pe=12cm
  0
MTEXT
  5
503
330
17
100
AcDbEntity
  8
AUX00
100
AcDbMText
 10
1963.87
 20
2011.33
 30
0.0
 40
6.0
 71
1
  1
L328\P100X50\Pc/rec.\Pe=12cm
  0
MTEXT
  5
504
330
17
100
AcDbEntity
  8
AUX00
100
AcDbMText
 10
2063.87
 20
2011.33
 30
0.0
 40
6.0
 71
1
  1
L328\P100X50\Pc/rec.\Pe=12cm
  0
MTEXT
  5
505
330
17
100
AcDbEntity
  8
AUX00
100
AcDbMText
 10
2163.87
 20
2011.33
 30
0.0
 40
6.0
 71
1
  1
L328\P100X50\Pc/rec.\Pe=12cm
  0
MTEXT
  5
506
330
17
100
AcDbEntity
  8
AUX00
100
AcDbMText
 10
2263.87
 20
2011.33
 30
0.0
 40
6.0
 71
1
  1
L328\P100X50\Pc/rec.\Pe=12cm
  0
MTEXT
  5
507
330
17
100
AcDbEntity
  8
AUX00
100
AcDbMText
 10
2363.87
 20
2011.33
 30
0.0
 40
6.0
 71
1
  1
L328\P100X50\Pc/rec.\Pe=12cm
  0
MTEXT
  5
508
330
17
100
AcDbEntity
  8
AUX00
100
AcDbMText
 10
2463.87
 20
2011.33
 30
0.0
 40
6.0
 71
1
  1
L328\P100X50\Pc/rec.\Pe=12cm
  0
MTEXT
  5
509
330
17
100
AcDbEntity
  8
AUX00
100
AcDbMText
 10
2563.87
 20
2011.33
 30
0.0
 40
6.0
 71
1
  1
L328\P100X50\Pc/rec.\Pe=12cm
  0
MTEXT
  5
50A
330
17
100
AcDbEntity
  8
AUX00
100
AcDbMText
 10
2656.12
 20
2011.33
 30
0.0
 40
6.0
 71
1
  1
L328\P84X50\Pc/rec.\Pe=12cm
  0
MTEXT
  5
50B
330
17
100
AcDbEntity
  8
NOMENCLATURA
100
AcDbMText
 10
1813.87
 20
2066.58
 30
0.0
 40
10.0
 71
1
  1
12 PAV - L328  884x50cm  e=12cm  paineis: 10x1
  0
LWPOLYLINE
  5
50C
330
17
100
AcDbEntity
  8
Contorno
100
AcDbPolyline
 90
5
 70
1
 10
2240.53
 20
2114.09
 10
3125.03
 20
2114.09
 10
3125.03
 20
1884.09
 10
2240.53
 20
1884.09
 10
2240.53
 20
2114.09
  0
LWPOLYLINE
  5
50D
330
17
100
AcDbEntity
  8
Paineis
100
AcDbPolyline
 90
4
 70
1
 10
2240.53
 20
1884.09
 10
2340.53
 20
1884.09
 10
2340.53
 20
2114.09
 10
2240.53
 20
2114.09
  0
LWPOLYLINE
  5
50E
330
17
100
AcDbEntity
  8
Paineis
100
AcDbPolyline
 90
4
 70
1
 10
2340.53
 20
1884.09
 10
2440.53
 20
1884.09
 10
2440.53
 20
2114.09
 10
2340.53
 20
2114.09
  0
LWPOLYLINE
  5
50F
330
17
100
AcDbEntity
  8
Paineis
100
AcDbPolyline
 90
4
 70
1
 10
2440.53
 20
1884.09
 10
2540.53
 20
1884.09
 10
2540.53
 20
2114.09
 10
2440.53
 20
2114.09
  0
LWPOLYLINE
  5
510
330
17
100
AcDbEntity
  8
Paineis
100
AcDbPolyline
 90
4
 70
1
 10
2540.53
 20
1884.09
 10
2640.53
 20
1884.09
 10
2640.53
 20
2114.09
 10
2540.53
 20
2114.09
  0
LWPOLYLINE
  5
511
330
17
100
AcDbEntity
  8
Paineis
100
AcDbPolyline
 90
4
 70
1
 10
2640.53
 20
1884.09
 10
2740.53
 20
1884.09
 10
2740.53
 20
2114.09
 10
2640.53
 20
2114.09
  0
LWPOLYLINE
  5
512
330
17
100
AcDbEntity
  8
Paineis
100
AcDbPolyline
 90
4
 70
1
 10
2740.53
 20
1884.09
 10
2840.53
 20
1884.09
 10
2840.53
 20
2114.09
 10
2740.53
 20
2114.09
  0
LWPOLYLINE
  5
513
330
17
100
AcDbEntity
  8
Paineis
100
AcDbPolyline
 90
4
 70
1
 10
2840.53
 20
1884.09
 10
2940.53
 20
1884.09
 10
2940.53
 20
2114.09
 10
2840.53
 20
2114.09
  0
LWPOLYLINE
  5
514
330
17
100
AcDbEntity
  8
Paineis
100
AcDbPolyline
 90
4
 70
1
 10
2940.53
 20
1884.09
 10
3040.53
 20
1884.09
 10
3040.53
 20
2114.09
 10
2940.53
 20
2114.09
  0
LWPOLYLINE
  5
515
330
17
100
AcDbEntity
  8
Paineis
100
AcDbPolyline
 90
4
 70
1
 10
3040.53
 20
1884.09
 10
3125.03
 20
1884.09
 10
3125.03
 20
2114.09
 10
3040.53
 20
2114.09
  0
MTEXT
  5
516
330
17
100
AcDbEntity
  8
Texto Secao
100
AcDbMText
 10
2682.78
 20
1999.09
 30
0.0
 40
35.38
 71
1
  1
L329\Pe=12cm
  0
MTEXT
  5
517
330
17
100
AcDbEntity
  8
AUX00
100
AcDbMText
 10
2290.53
 20
1999.09
 30
0.0
 40
6.0
 71
1
  1
L329\P100X230\Pc/rec.\Pe=12cm
  0
MTEXT
  5
518
330
17
100
AcDbEntity
  8
AUX00
100
AcDbMText
 10
2390.53
 20
1999.09
 30
0.0
 40
6.0
 71
1
  1
L329\P100X230\Pc/rec.\Pe=12cm
  0
MTEXT
  5
519
330
17
100
AcDbEntity
  8
AUX00
100
AcDbMText
 10
2490.53
 20
1999.09
 30
0.0
 40
6.0
 71
1
  1
L329\P100X230\Pc/rec.\Pe=12cm
  0
MTEXT
  5
51A
330
17
100
AcDbEntity
  8
AUX00
100
AcDbMText
 10
2590.53
 20
1999.09
 30
0.0
 40
6.0
 71
1
  1
L329\P100X230\Pc/rec.\Pe=12cm
  0
MTEXT
  5
51B
330
17
100
AcDbEntity
  8
AUX00
100
AcDbMText
 10
2690.53
 20
1999.09
 30
0.0
 40
6.0
 71
1
  1
L329\P100X230\Pc/rec.\Pe=12cm
  0
MTEXT
  5
51C
330
17
100
AcDbEntity
  8
AUX00
100
AcDbMText
 10
2790.53
 20
1999.09
 30
0.0
 40
6.0
 71
1
  1
L329\P100X230\Pc/rec.\Pe=12cm
  0
MTEXT
  5
51D
330
17
100
AcDbEntity
  8
AUX00
100
AcDbMText
 10
2890.53
 20
1999.09
 30
0.0
 40
6.0
 71
1
  1
L329\P100X230\Pc/rec.\Pe=12cm
  0
MTEXT
  5
51E
330
17
100
AcDbEntity
  8
AUX00
100
AcDbMText
 10
2990.53
 20
1999.09
 30
0.0
 40
6.0
 71
1
  1
L329\P100X230\Pc/rec.\Pe=12cm
  0
MTEXT
  5
51F
330
17
100
AcDbEntity
  8
AUX00
100
AcDbMText
 10
3082.78
 20
1999.09
 30
0.0
 40
6.0
 71
1
  1
L329\P84X230\Pc/rec.\Pe=12cm
  0
MTEXT
  5
520
330
17
100
AcDbEntity
  8
NOMENCLATURA
100
AcDbMText
 10
2240.53
 20
2144.09
 30
0.0
 40
10.0
 71
1
  1
12 PAV - L329  884x230cm  e=12cm  paineis: 10x1
  0
LWPOLYLINE
  5
521
330
17
100
AcDbEntity
  8
Contorno
100
AcDbPolyline
 90
5
 70
1
 10
2624.96
 20
1889.5800000000002
 10
3509.46
 20
1889.5800000000002
 10
3509.46
 20
2133.6800000000003
 10
2624.96
 20
2133.6800000000003
 10
2624.96
 20
1889.5800000000002
  0
LWPOLYLINE
  5
522
330
17
100
AcDbEntity
  8
Paineis
100
AcDbPolyline
 90
4
 70
1
 10
2624.96
 20
1889.5800000000002
 10
2724.96
 20
1889.5800000000002
 10
2724.96
 20
2133.6800000000003
 10
2624.96
 20
2133.6800000000003
  0
LWPOLYLINE
  5
523
330
17
100
AcDbEntity
  8
Paineis
100
AcDbPolyline
 90
4
 70
1
 10
2724.96
 20
1889.5800000000002
 10
2824.96
 20
1889.5800000000002
 10
2824.96
 20
2133.6800000000003
 10
2724.96
 20
2133.6800000000003
  0
LWPOLYLINE
  5
524
330
17
100
AcDbEntity
  8
Paineis
100
AcDbPolyline
 90
4
 70
1
 10
2824.96
 20
1889.5800000000002
 10
2924.96
 20
1889.5800000000002
 10
2924.96
 20
2133.6800000000003
 10
2824.96
 20
2133.6800000000003
  0
LWPOLYLINE
  5
525
330
17
100
AcDbEntity
  8
Paineis
100
AcDbPolyline
 90
4
 70
1
 10
2924.96
 20
1889.5800000000002
 10
3024.96
 20
1889.5800000000002
 10
3024.96
 20
2133.6800000000003
 10
2924.96
 20
2133.6800000000003
  0
LWPOLYLINE
  5
526
330
17
100
AcDbEntity
  8
Paineis
100
AcDbPolyline
 90
4
 70
1
 10
3024.96
 20
1889.5800000000002
 10
3124.96
 20
1889.5800000000002
 10
3124.96
 20
2133.6800000000003
 10
3024.96
 20
2133.6800000000003
  0
LWPOLYLINE
  5
527
330
17
100
AcDbEntity
  8
Paineis
100
AcDbPolyline
 90
4
 70
1
 10
3124.96
 20
1889.5800000000002
 10
3224.96
 20
1889.5800000000002
 10
3224.96
 20
2133.6800000000003
 10
3124.96
 20
2133.6800000000003
  0
LWPOLYLINE
  5
528
330
17
100
AcDbEntity
  8
Paineis
100
AcDbPolyline
 90
4
 70
1
 10
3224.96
 20
1889.5800000000002
 10
3324.96
 20
1889.5800000000002
 10
3324.96
 20
2133.6800000000003
 10
3224.96
 20
2133.6800000000003
  0
LWPOLYLINE
  5
529
330
17
100
AcDbEntity
  8
Paineis
100
AcDbPolyline
 90
4
 70
1
 10
3324.96
 20
1889.5800000000002
 10
3424.96
 20
1889.5800000000002
 10
3424.96
 20
2133.6800000000003
 10
3324.96
 20
2133.6800000000003
  0
LWPOLYLINE
  5
52A
330
17
100
AcDbEntity
  8
Paineis
100
AcDbPolyline
 90
4
 70
1
 10
3424.96
 20
1889.5800000000002
 10
3509.46
 20
1889.5800000000002
 10
3509.46
 20
2133.6800000000003
 10
3424.96
 20
2133.6800000000003
  0
MTEXT
  5
52B
330
17
100
AcDbEntity
  8
Texto Secao
100
AcDbMText
 10
3067.21
 20
2011.63
 30
0.0
 40
35.38
 71
1
  1
L330\Pe=12cm
  0
MTEXT
  5
52C
330
17
100
AcDbEntity
  8
AUX00
100
AcDbMText
 10
2674.96
 20
2011.63
 30
0.0
 40
6.0
 71
1
  1
L330\P100X244\Pc/rec.\Pe=12cm
  0
MTEXT
  5
52D
330
17
100
AcDbEntity
  8
AUX00
100
AcDbMText
 10
2774.96
 20
2011.63
 30
0.0
 40
6.0
 71
1
  1
L330\P100X244\Pc/rec.\Pe=12cm
  0
MTEXT
  5
52E
330
17
100
AcDbEntity
  8
AUX00
100
AcDbMText
 10
2874.96
 20
2011.63
 30
0.0
 40
6.0
 71
1
  1
L330\P100X244\Pc/rec.\Pe=12cm
  0
MTEXT
  5
52F
330
17
100
AcDbEntity
  8
AUX00
100
AcDbMText
 10
2974.96
 20
2011.63
 30
0.0
 40
6.0
 71
1
  1
L330\P100X244\Pc/rec.\Pe=12cm
  0
MTEXT
  5
530
330
17
100
AcDbEntity
  8
AUX00
100
AcDbMText
 10
3074.96
 20
2011.63
 30
0.0
 40
6.0
 71
1
  1
L330\P100X244\Pc/rec.\Pe=12cm
  0
MTEXT
  5
531
330
17
100
AcDbEntity
  8
AUX00
100
AcDbMText
 10
3174.96
 20
2011.63
 30
0.0
 40
6.0
 71
1
  1
L330\P100X244\Pc/rec.\Pe=12cm
  0
MTEXT
  5
532
330
17
100
AcDbEntity
  8
AUX00
100
AcDbMText
 10
3274.96
 20
2011.63
 30
0.0
 40
6.0
 71
1
  1
L330\P100X244\Pc/rec.\Pe=12cm
  0
MTEXT
  5
533
330
17
100
AcDbEntity
  8
AUX00
100
AcDbMText
 10
3374.96
 20
2011.63
 30
0.0
 40
6.0
 71
1
  1
L330\P100X244\Pc/rec.\Pe=12cm
  0
MTEXT
  5
534
330
17
100
AcDbEntity
  8
AUX00
100
AcDbMText
 10
3467.21
 20
2011.63
 30
0.0
 40
6.0
 71
1
  1
L330\P84X244\Pc/rec.\Pe=12cm
  0
MTEXT
  5
535
330
17
100
AcDbEntity
  8
NOMENCLATURA
100
AcDbMText
 10
2624.96
 20
2163.6800000000003
 30
0.0
 40
10.0
 71
1
  1
12 PAV - L330  884x244cm  e=12cm  paineis: 10x1
  0
LWPOLYLINE
  5
536
330
17
100
AcDbEntity
  8
Contorno
100
AcDbPolyline
 90
5
 70
1
 10
3159.37
 20
1793.45
 10
4011.47
 20
1793.45
 10
4011.47
 20
2208.95
 10
3159.37
 20
2208.95
 10
3159.37
 20
1793.45
  0
LWPOLYLINE
  5
537
330
17
100
AcDbEntity
  8
Paineis
100
AcDbPolyline
 90
4
 70
1
 10
3159.37
 20
1793.45
 10
3259.37
 20
1793.45
 10
3259.37
 20
2208.95
 10
3159.37
 20
2208.95
  0
LWPOLYLINE
  5
538
330
17
100
AcDbEntity
  8
Paineis
100
AcDbPolyline
 90
4
 70
1
 10
3259.37
 20
1793.45
 10
3359.37
 20
1793.45
 10
3359.37
 20
2208.95
 10
3259.37
 20
2208.95
  0
LWPOLYLINE
  5
539
330
17
100
AcDbEntity
  8
Paineis
100
AcDbPolyline
 90
4
 70
1
 10
3359.37
 20
1793.45
 10
3459.37
 20
1793.45
 10
3459.37
 20
2208.95
 10
3359.37
 20
2208.95
  0
LWPOLYLINE
  5
53A
330
17
100
AcDbEntity
  8
Paineis
100
AcDbPolyline
 90
4
 70
1
 10
3459.37
 20
1793.45
 10
3559.37
 20
1793.45
 10
3559.37
 20
2208.95
 10
3459.37
 20
2208.95
  0
LWPOLYLINE
  5
53B
330
17
100
AcDbEntity
  8
Paineis
100
AcDbPolyline
 90
4
 70
1
 10
3559.37
 20
1793.45
 10
3659.37
 20
1793.45
 10
3659.37
 20
2208.95
 10
3559.37
 20
2208.95
  0
LWPOLYLINE
  5
53C
330
17
100
AcDbEntity
  8
Paineis
100
AcDbPolyline
 90
4
 70
1
 10
3659.37
 20
1793.45
 10
3759.37
 20
1793.45
 10
3759.37
 20
2208.95
 10
3659.37
 20
2208.95
  0
LWPOLYLINE
  5
53D
330
17
100
AcDbEntity
  8
Paineis
100
AcDbPolyline
 90
4
 70
1
 10
3759.37
 20
1793.45
 10
3859.37
 20
1793.45
 10
3859.37
 20
2208.95
 10
3759.37
 20
2208.95
  0
LWPOLYLINE
  5
53E
330
17
100
AcDbEntity
  8
Paineis
100
AcDbPolyline
 90
4
 70
1
 10
3859.37
 20
1793.45
 10
3959.37
 20
1793.45
 10
3959.37
 20
2208.95
 10
3859.37
 20
2208.95
  0
LWPOLYLINE
  5
53F
330
17
100
AcDbEntity
  8
Paineis
100
AcDbPolyline
 90
4
 70
1
 10
3959.37
 20
1793.45
 10
4011.47
 20
1793.45
 10
4011.47
 20
2208.95
 10
3959.37
 20
2208.95
  0
MTEXT
  5
540
330
17
100
AcDbEntity
  8
Texto Secao
100
AcDbMText
 10
3585.42
 20
2001.2
 30
0.0
 40
34.084
 71
1
  1
L331\Pe=12cm
  0
MTEXT
  5
541
330
17
100
AcDbEntity
  8
AUX00
100
AcDbMText
 10
3209.37
 20
2001.2
 30
0.0
 40
6.0
 71
1
  1
L331\P100X416\Pc/rec.\Pe=12cm
  0
MTEXT
  5
542
330
17
100
AcDbEntity
  8
AUX00
100
AcDbMText
 10
3309.37
 20
2001.2
 30
0.0
 40
6.0
 71
1
  1
L331\P100X416\Pc/rec.\Pe=12cm
  0
MTEXT
  5
543
330
17
100
AcDbEntity
  8
AUX00
100
AcDbMText
 10
3409.37
 20
2001.2
 30
0.0
 40
6.0
 71
1
  1
L331\P100X416\Pc/rec.\Pe=12cm
  0
MTEXT
  5
544
330
17
100
AcDbEntity
  8
AUX00
100
AcDbMText
 10
3509.37
 20
2001.2
 30
0.0
 40
6.0
 71
1
  1
L331\P100X416\Pc/rec.\Pe=12cm
  0
MTEXT
  5
545
330
17
100
AcDbEntity
  8
AUX00
100
AcDbMText
 10
3609.37
 20
2001.2
 30
0.0
 40
6.0
 71
1
  1
L331\P100X416\Pc/rec.\Pe=12cm
  0
MTEXT
  5
546
330
17
100
AcDbEntity
  8
AUX00
100
AcDbMText
 10
3709.37
 20
2001.2
 30
0.0
 40
6.0
 71
1
  1
L331\P100X416\Pc/rec.\Pe=12cm
  0
MTEXT
  5
547
330
17
100
AcDbEntity
  8
AUX00
100
AcDbMText
 10
3809.37
 20
2001.2
 30
0.0
 40
6.0
 71
1
  1
L331\P100X416\Pc/rec.\Pe=12cm
  0
MTEXT
  5
548
330
17
100
AcDbEntity
  8
AUX00
100
AcDbMText
 10
3909.37
 20
2001.2
 30
0.0
 40
6.0
 71
1
  1
L331\P100X416\Pc/rec.\Pe=12cm
  0
MTEXT
  5
549
330
17
100
AcDbEntity
  8
AUX00
100
AcDbMText
 10
3985.42
 20
2001.2
 30
0.0
 40
6.0
 71
1
  1
L331\P52X416\Pc/rec.\Pe=12cm
  0
MTEXT
  5
54A
330
17
100
AcDbEntity
  8
NOMENCLATURA
100
AcDbMText
 10
3159.37
 20
2238.95
 30
0.0
 40
10.0
 71
1
  1
12 PAV - L331  852x416cm  e=12cm  paineis: 10x1
  0
LWPOLYLINE
  5
54B
330
17
100
AcDbEntity
  8
Contorno
100
AcDbPolyline
 90
5
 70
1
 10
2708.64
 20
3238.04
 10
2833.64
 20
3238.04
 10
2833.64
 20
3038.04
 10
2708.64
 20
3038.04
 10
2708.64
 20
3238.04
  0
LWPOLYLINE
  5
54C
330
17
100
AcDbEntity
  8
Paineis
100
AcDbPolyline
 90
4
 70
1
 10
2708.64
 20
3038.04
 10
2808.64
 20
3038.04
 10
2808.64
 20
3163.04
 10
2708.64
 20
3163.04
  0
LWPOLYLINE
  5
54D
330
17
100
AcDbEntity
  8
Paineis
100
AcDbPolyline
 90
4
 70
1
 10
2808.64
 20
3038.04
 10
2908.64
 20
3038.04
 10
2908.64
 20
3163.04
 10
2808.64
 20
3163.04
  0
MTEXT
  5
54E
330
17
100
AcDbEntity
  8
Texto Secao
100
AcDbMText
 10
2808.64
 20
3100.54
 30
0.0
 40
8.0
 71
1
  1
L401\Pe=12cm
  0
MTEXT
  5
54F
330
17
100
AcDbEntity
  8
AUX00
100
AcDbMText
 10
2758.64
 20
3100.54
 30
0.0
 40
6.0
 71
1
  1
L401\P100X125\Pc/rec.\Pe=12cm
  0
MTEXT
  5
550
330
17
100
AcDbEntity
  8
AUX00
100
AcDbMText
 10
2858.64
 20
3100.54
 30
0.0
 40
6.0
 71
1
  1
L401\P100X125\Pc/rec.\Pe=12cm
  0
MTEXT
  5
551
330
17
100
AcDbEntity
  8
NOMENCLATURA
100
AcDbMText
 10
2708.64
 20
3193.04
 30
0.0
 40
10.0
 71
1
  1
12 PAV - L401  200x125cm  e=12cm  paineis: 3x1
  0
LWPOLYLINE
  5
552
330
17
100
AcDbEntity
  8
Contorno
100
AcDbPolyline
 90
5
 70
1
 10
3266.83
 20
3081.28
 10
3061.83
 20
3081.28
 10
3061.83
 20
3206.28
 10
3266.83
 20
3206.28
 10
3266.83
 20
3081.28
  0
LWPOLYLINE
  5
553
330
17
100
AcDbEntity
  8
Paineis
100
AcDbPolyline
 90
4
 70
1
 10
3061.83
 20
3081.28
 10
3161.83
 20
3081.28
 10
3161.83
 20
3206.28
 10
3061.83
 20
3206.28
  0
LWPOLYLINE
  5
554
330
17
100
AcDbEntity
  8
Paineis
100
AcDbPolyline
 90
4
 70
1
 10
3161.83
 20
3081.28
 10
3261.83
 20
3081.28
 10
3261.83
 20
3206.28
 10
3161.83
 20
3206.28
  0
LWPOLYLINE
  5
555
330
17
100
AcDbEntity
  8
Paineis
100
AcDbPolyline
 90
4
 70
1
 10
3261.83
 20
3081.28
 10
3266.83
 20
3081.28
 10
3266.83
 20
3206.28
 10
3261.83
 20
3206.28
  0
MTEXT
  5
556
330
17
100
AcDbEntity
  8
Texto Secao
100
AcDbMText
 10
3164.33
 20
3143.78
 30
0.0
 40
8.2
 71
1
  1
L402\Pe=12cm
  0
MTEXT
  5
557
330
17
100
AcDbEntity
  8
AUX00
100
AcDbMText
 10
3111.83
 20
3143.78
 30
0.0
 40
6.0
 71
1
  1
L402\P100X125\Pc/rec.\Pe=12cm
  0
MTEXT
  5
558
330
17
100
AcDbEntity
  8
AUX00
100
AcDbMText
 10
3211.83
 20
3143.78
 30
0.0
 40
6.0
 71
1
  1
L402\P100X125\Pc/rec.\Pe=12cm
  0
MTEXT
  5
559
330
17
100
AcDbEntity
  8
AUX00
100
AcDbMText
 10
3264.33
 20
3143.78
 30
0.0
 40
6.0
 71
1
  1
L402\P5X125\Pc/rec.\Pe=12cm
  0
MTEXT
  5
55A
330
17
100
AcDbEntity
  8
NOMENCLATURA
100
AcDbMText
 10
3061.83
 20
3236.28
 30
0.0
 40
10.0
 71
1
  1
12 PAV - L402  205x125cm  e=12cm  paineis: 4x1
  0
LWPOLYLINE
  5
55B
330
17
100
AcDbEntity
  8
Contorno
100
AcDbPolyline
 90
5
 70
1
 10
4419.45
 20
3199.47
 10
4624.45
 20
3199.47
 10
4624.45
 20
3074.47
 10
4419.45
 20
3074.47
 10
4419.45
 20
3199.47
  0
LWPOLYLINE
  5
55C
330
17
100
AcDbEntity
  8
Paineis
100
AcDbPolyline
 90
4
 70
1
 10
4419.45
 20
3074.47
 10
4519.45
 20
3074.47
 10
4519.45
 20
3199.47
 10
4419.45
 20
3199.47
  0
LWPOLYLINE
  5
55D
330
17
100
AcDbEntity
  8
Paineis
100
AcDbPolyline
 90
4
 70
1
 10
4519.45
 20
3074.47
 10
4619.45
 20
3074.47
 10
4619.45
 20
3199.47
 10
4519.45
 20
3199.47
  0
LWPOLYLINE
  5
55E
330
17
100
AcDbEntity
  8
Paineis
100
AcDbPolyline
 90
4
 70
1
 10
4619.45
 20
3074.47
 10
4624.45
 20
3074.47
 10
4624.45
 20
3199.47
 10
4619.45
 20
3199.47
  0
MTEXT
  5
55F
330
17
100
AcDbEntity
  8
Texto Secao
100
AcDbMText
 10
4521.95
 20
3136.97
 30
0.0
 40
8.2
 71
1
  1
L403\Pe=12cm
  0
MTEXT
  5
560
330
17
100
AcDbEntity
  8
AUX00
100
AcDbMText
 10
4469.45
 20
3136.97
 30
0.0
 40
6.0
 71
1
  1
L403\P100X125\Pc/rec.\Pe=12cm
  0
MTEXT
  5
561
330
17
100
AcDbEntity
  8
AUX00
100
AcDbMText
 10
4569.45
 20
3136.97
 30
0.0
 40
6.0
 71
1
  1
L403\P100X125\Pc/rec.\Pe=12cm
  0
MTEXT
  5
562
330
17
100
AcDbEntity
  8
AUX00
100
AcDbMText
 10
4621.95
 20
3136.97
 30
0.0
 40
6.0
 71
1
  1
L403\P5X125\Pc/rec.\Pe=12cm
  0
MTEXT
  5
563
330
17
100
AcDbEntity
  8
NOMENCLATURA
100
AcDbMText
 10
4419.45
 20
3229.47
 30
0.0
 40
10.0
 71
1
  1
12 PAV - L403  205x125cm  e=12cm  paineis: 4x1
  0
LWPOLYLINE
  5
564
330
17
100
AcDbEntity
  8
Contorno
100
AcDbPolyline
 90
5
 70
1
 10
4815.68
 20
3039.68
 10
4940.68
 20
3039.68
 10
4940.68
 20
3239.68
 10
4815.68
 20
3239.68
 10
4815.68
 20
3039.68
  0
LWPOLYLINE
  5
565
330
17
100
AcDbEntity
  8
Paineis
100
AcDbPolyline
 90
4
 70
1
 10
4815.68
 20
3039.68
 10
4915.68
 20
3039.68
 10
4915.68
 20
3164.68
 10
4815.68
 20
3164.68
  0
LWPOLYLINE
  5
566
330
17
100
AcDbEntity
  8
Paineis
100
AcDbPolyline
 90
4
 70
1
 10
4915.68
 20
3039.68
 10
5015.68
 20
3039.68
 10
5015.68
 20
3164.68
 10
4915.68
 20
3164.68
  0
MTEXT
  5
567
330
17
100
AcDbEntity
  8
Texto Secao
100
AcDbMText
 10
4915.68
 20
3102.18
 30
0.0
 40
8.0
 71
1
  1
L404\Pe=12cm
  0
MTEXT
  5
568
330
17
100
AcDbEntity
  8
AUX00
100
AcDbMText
 10
4865.68
 20
3102.18
 30
0.0
 40
6.0
 71
1
  1
L404\P100X125\Pc/rec.\Pe=12cm
  0
MTEXT
  5
569
330
17
100
AcDbEntity
  8
AUX00
100
AcDbMText
 10
4965.68
 20
3102.18
 30
0.0
 40
6.0
 71
1
  1
L404\P100X125\Pc/rec.\Pe=12cm
  0
MTEXT
  5
56A
330
17
100
AcDbEntity
  8
NOMENCLATURA
100
AcDbMText
 10
4815.68
 20
3194.68
 30
0.0
 40
10.0
 71
1
  1
12 PAV - L404  200x125cm  e=12cm  paineis: 3x1
  0
LWPOLYLINE
  5
56B
330
17
100
AcDbEntity
  8
Contorno
100
AcDbPolyline
 90
5
 70
1
 10
2367.98
 20
2990.72
 10
2572.98
 20
2990.72
 10
2572.98
 20
2865.72
 10
2367.98
 20
2865.72
 10
2367.98
 20
2990.72
  0
LWPOLYLINE
  5
56C
330
17
100
AcDbEntity
  8
Paineis
100
AcDbPolyline
 90
4
 70
1
 10
2367.98
 20
2865.72
 10
2467.98
 20
2865.72
 10
2467.98
 20
2990.72
 10
2367.98
 20
2990.72
  0
LWPOLYLINE
  5
56D
330
17
100
AcDbEntity
  8
Paineis
100
AcDbPolyline
 90
4
 70
1
 10
2467.98
 20
2865.72
 10
2567.98
 20
2865.72
 10
2567.98
 20
2990.72
 10
2467.98
 20
2990.72
  0
LWPOLYLINE
  5
56E
330
17
100
AcDbEntity
  8
Paineis
100
AcDbPolyline
 90
4
 70
1
 10
2567.98
 20
2865.72
 10
2572.98
 20
2865.72
 10
2572.98
 20
2990.72
 10
2567.98
 20
2990.72
  0
MTEXT
  5
56F
330
17
100
AcDbEntity
  8
Texto Secao
100
AcDbMText
 10
2470.48
 20
2928.22
 30
0.0
 40
8.2
 71
1
  1
L405\Pe=12cm
  0
MTEXT
  5
570
330
17
100
AcDbEntity
  8
AUX00
100
AcDbMText
 10
2417.98
 20
2928.22
 30
0.0
 40
6.0
 71
1
  1
L405\P100X125\Pc/rec.\Pe=12cm
  0
MTEXT
  5
571
330
17
100
AcDbEntity
  8
AUX00
100
AcDbMText
 10
2517.98
 20
2928.22
 30
0.0
 40
6.0
 71
1
  1
L405\P100X125\Pc/rec.\Pe=12cm
  0
MTEXT
  5
572
330
17
100
AcDbEntity
  8
AUX00
100
AcDbMText
 10
2570.48
 20
2928.22
 30
0.0
 40
6.0
 71
1
  1
L405\P5X125\Pc/rec.\Pe=12cm
  0
MTEXT
  5
573
330
17
100
AcDbEntity
  8
NOMENCLATURA
100
AcDbMText
 10
2367.98
 20
3020.72
 30
0.0
 40
10.0
 71
1
  1
12 PAV - L405  205x125cm  e=12cm  paineis: 4x1
  0
LWPOLYLINE
  5
574
330
17
100
AcDbEntity
  8
Contorno
100
AcDbPolyline
 90
5
 70
1
 10
3501.83
 20
2864.09
 10
3296.83
 20
2864.09
 10
3296.83
 20
2989.09
 10
3501.83
 20
2989.09
 10
3501.83
 20
2864.09
  0
LWPOLYLINE
  5
575
330
17
100
AcDbEntity
  8
Paineis
100
AcDbPolyline
 90
4
 70
1
 10
3296.83
 20
2864.09
 10
3396.83
 20
2864.09
 10
3396.83
 20
2989.09
 10
3296.83
 20
2989.09
  0
LWPOLYLINE
  5
576
330
17
100
AcDbEntity
  8
Paineis
100
AcDbPolyline
 90
4
 70
1
 10
3396.83
 20
2864.09
 10
3496.83
 20
2864.09
 10
3496.83
 20
2989.09
 10
3396.83
 20
2989.09
  0
LWPOLYLINE
  5
577
330
17
100
AcDbEntity
  8
Paineis
100
AcDbPolyline
 90
4
 70
1
 10
3496.83
 20
2864.09
 10
3501.83
 20
2864.09
 10
3501.83
 20
2989.09
 10
3496.83
 20
2989.09
  0
MTEXT
  5
578
330
17
100
AcDbEntity
  8
Texto Secao
100
AcDbMText
 10
3399.33
 20
2926.59
 30
0.0
 40
8.2
 71
1
  1
L406\Pe=12cm
  0
MTEXT
  5
579
330
17
100
AcDbEntity
  8
AUX00
100
AcDbMText
 10
3346.83
 20
2926.59
 30
0.0
 40
6.0
 71
1
  1
L406\P100X125\Pc/rec.\Pe=12cm
  0
MTEXT
  5
57A
330
17
100
AcDbEntity
  8
AUX00
100
AcDbMText
 10
3446.83
 20
2926.59
 30
0.0
 40
6.0
 71
1
  1
L406\P100X125\Pc/rec.\Pe=12cm
  0
MTEXT
  5
57B
330
17
100
AcDbEntity
  8
AUX00
100
AcDbMText
 10
3499.33
 20
2926.59
 30
0.0
 40
6.0
 71
1
  1
L406\P5X125\Pc/rec.\Pe=12cm
  0
MTEXT
  5
57C
330
17
100
AcDbEntity
  8
NOMENCLATURA
100
AcDbMText
 10
3296.83
 20
3019.09
 30
0.0
 40
10.0
 71
1
  1
12 PAV - L406  205x125cm  e=12cm  paineis: 4x1
  0
LWPOLYLINE
  5
57D
330
17
100
AcDbEntity
  8
Contorno
100
AcDbPolyline
 90
5
 70
1
 10
4158.06
 20
2870.65
 10
4363.06
 20
2870.65
 10
4363.06
 20
2995.65
 10
4158.06
 20
2995.65
 10
4158.06
 20
2870.65
  0
LWPOLYLINE
  5
57E
330
17
100
AcDbEntity
  8
Paineis
100
AcDbPolyline
 90
4
 70
1
 10
4158.06
 20
2870.65
 10
4258.06
 20
2870.65
 10
4258.06
 20
2995.65
 10
4158.06
 20
2995.65
  0
LWPOLYLINE
  5
57F
330
17
100
AcDbEntity
  8
Paineis
100
AcDbPolyline
 90
4
 70
1
 10
4258.06
 20
2870.65
 10
4358.06
 20
2870.65
 10
4358.06
 20
2995.65
 10
4258.06
 20
2995.65
  0
LWPOLYLINE
  5
580
330
17
100
AcDbEntity
  8
Paineis
100
AcDbPolyline
 90
4
 70
1
 10
4358.06
 20
2870.65
 10
4363.06
 20
2870.65
 10
4363.06
 20
2995.65
 10
4358.06
 20
2995.65
  0
MTEXT
  5
581
330
17
100
AcDbEntity
  8
Texto Secao
100
AcDbMText
 10
4260.56
 20
2933.15
 30
0.0
 40
8.2
 71
1
  1
L407\Pe=12cm
  0
MTEXT
  5
582
330
17
100
AcDbEntity
  8
AUX00
100
AcDbMText
 10
4208.06
 20
2933.15
 30
0.0
 40
6.0
 71
1
  1
L407\P100X125\Pc/rec.\Pe=12cm
  0
MTEXT
  5
583
330
17
100
AcDbEntity
  8
AUX00
100
AcDbMText
 10
4308.06
 20
2933.15
 30
0.0
 40
6.0
 71
1
  1
L407\P100X125\Pc/rec.\Pe=12cm
  0
MTEXT
  5
584
330
17
100
AcDbEntity
  8
AUX00
100
AcDbMText
 10
4360.56
 20
2933.15
 30
0.0
 40
6.0
 71
1
  1
L407\P5X125\Pc/rec.\Pe=12cm
  0
MTEXT
  5
585
330
17
100
AcDbEntity
  8
NOMENCLATURA
100
AcDbMText
 10
4158.06
 20
3025.65
 30
0.0
 40
10.0
 71
1
  1
12 PAV - L407  205x125cm  e=12cm  paineis: 4x1
  0
LWPOLYLINE
  5
586
330
17
100
AcDbEntity
  8
Contorno
100
AcDbPolyline
 90
5
 70
1
 10
5115.84
 20
2823.92
 10
4990.84
 20
2823.92
 10
4990.84
 20
3023.92
 10
5115.84
 20
3023.92
 10
5115.84
 20
2823.92
  0
LWPOLYLINE
  5
587
330
17
100
AcDbEntity
  8
Paineis
100
AcDbPolyline
 90
4
 70
1
 10
4990.84
 20
2823.92
 10
5090.84
 20
2823.92
 10
5090.84
 20
2948.92
 10
4990.84
 20
2948.92
  0
LWPOLYLINE
  5
588
330
17
100
AcDbEntity
  8
Paineis
100
AcDbPolyline
 90
4
 70
1
 10
5090.84
 20
2823.92
 10
5190.84
 20
2823.92
 10
5190.84
 20
2948.92
 10
5090.84
 20
2948.92
  0
MTEXT
  5
589
330
17
100
AcDbEntity
  8
Texto Secao
100
AcDbMText
 10
5090.84
 20
2886.42
 30
0.0
 40
8.0
 71
1
  1
L408\Pe=12cm
  0
MTEXT
  5
58A
330
17
100
AcDbEntity
  8
AUX00
100
AcDbMText
 10
5040.84
 20
2886.42
 30
0.0
 40
6.0
 71
1
  1
L408\P100X125\Pc/rec.\Pe=12cm
  0
MTEXT
  5
58B
330
17
100
AcDbEntity
  8
AUX00
100
AcDbMText
 10
5140.84
 20
2886.42
 30
0.0
 40
6.0
 71
1
  1
L408\P100X125\Pc/rec.\Pe=12cm
  0
MTEXT
  5
58C
330
17
100
AcDbEntity
  8
NOMENCLATURA
100
AcDbMText
 10
4990.84
 20
2978.92
 30
0.0
 40
10.0
 71
1
  1
12 PAV - L408  200x125cm  e=12cm  paineis: 3x1
  0
LWPOLYLINE
  5
58D
330
17
100
AcDbEntity
  8
Contorno
100
AcDbPolyline
 90
5
 70
1
 10
4270.86
 20
2761.29
 10
4395.86
 20
2761.29
 10
4395.86
 20
2561.29
 10
4270.86
 20
2561.29
 10
4270.86
 20
2761.29
  0
LWPOLYLINE
  5
58E
330
17
100
AcDbEntity
  8
Paineis
100
AcDbPolyline
 90
4
 70
1
 10
4270.86
 20
2561.29
 10
4370.86
 20
2561.29
 10
4370.86
 20
2686.29
 10
4270.86
 20
2686.29
  0
LWPOLYLINE
  5
58F
330
17
100
AcDbEntity
  8
Paineis
100
AcDbPolyline
 90
4
 70
1
 10
4370.86
 20
2561.29
 10
4470.86
 20
2561.29
 10
4470.86
 20
2686.29
 10
4370.86
 20
2686.29
  0
MTEXT
  5
590
330
17
100
AcDbEntity
  8
Texto Secao
100
AcDbMText
 10
4370.86
 20
2623.79
 30
0.0
 40
8.0
 71
1
  1
L409\Pe=12cm
  0
MTEXT
  5
591
330
17
100
AcDbEntity
  8
AUX00
100
AcDbMText
 10
4320.86
 20
2623.79
 30
0.0
 40
6.0
 71
1
  1
L409\P100X125\Pc/rec.\Pe=12cm
  0
MTEXT
  5
592
330
17
100
AcDbEntity
  8
AUX00
100
AcDbMText
 10
4420.86
 20
2623.79
 30
0.0
 40
6.0
 71
1
  1
L409\P100X125\Pc/rec.\Pe=12cm
  0
MTEXT
  5
593
330
17
100
AcDbEntity
  8
NOMENCLATURA
100
AcDbMText
 10
4270.86
 20
2716.29
 30
0.0
 40
10.0
 71
1
  1
12 PAV - L409  200x125cm  e=12cm  paineis: 3x1
  0
LWPOLYLINE
  5
594
330
17
100
AcDbEntity
  8
Contorno
100
AcDbPolyline
 90
5
 70
1
 10
2372.22
 20
2275.61
 10
2189.72
 20
2275.61
 10
2189.72
 20
2487.61
 10
2372.22
 20
2487.61
 10
2372.22
 20
2275.61
  0
LWPOLYLINE
  5
595
330
17
100
AcDbEntity
  8
Paineis
100
AcDbPolyline
 90
4
 70
1
 10
2189.72
 20
2275.61
 10
2289.72
 20
2275.61
 10
2289.72
 20
2458.11
 10
2189.72
 20
2458.11
  0
LWPOLYLINE
  5
596
330
17
100
AcDbEntity
  8
Paineis
100
AcDbPolyline
 90
4
 70
1
 10
2289.72
 20
2275.61
 10
2389.72
 20
2275.61
 10
2389.72
 20
2458.11
 10
2289.72
 20
2458.11
  0
LWPOLYLINE
  5
597
330
17
100
AcDbEntity
  8
Paineis
100
AcDbPolyline
 90
4
 70
1
 10
2389.72
 20
2275.61
 10
2401.72
 20
2275.61
 10
2401.72
 20
2458.11
 10
2389.72
 20
2458.11
  0
MTEXT
  5
598
330
17
100
AcDbEntity
  8
Texto Secao
100
AcDbMText
 10
2295.72
 20
2366.86
 30
0.0
 40
8.48
 71
1
  1
L410\Pe=12cm
  0
MTEXT
  5
599
330
17
100
AcDbEntity
  8
AUX00
100
AcDbMText
 10
2239.72
 20
2366.86
 30
0.0
 40
6.0
 71
1
  1
L410\P100X182\Pc/rec.\Pe=12cm
  0
MTEXT
  5
59A
330
17
100
AcDbEntity
  8
AUX00
100
AcDbMText
 10
2339.72
 20
2366.86
 30
0.0
 40
6.0
 71
1
  1
L410\P100X182\Pc/rec.\Pe=12cm
  0
MTEXT
  5
59B
330
17
100
AcDbEntity
  8
AUX00
100
AcDbMText
 10
2395.72
 20
2366.86
 30
0.0
 40
6.0
 71
1
  1
L410\P12X182\Pc/rec.\Pe=12cm
  0
MTEXT
  5
59C
330
17
100
AcDbEntity
  8
NOMENCLATURA
100
AcDbMText
 10
2189.72
 20
2488.11
 30
0.0
 40
10.0
 71
1
  1
12 PAV - L410  212x182cm  e=12cm  paineis: 4x1
  0
LWPOLYLINE
  5
59D
330
17
100
AcDbEntity
  8
Contorno
100
AcDbPolyline
 90
5
 70
1
 10
2750.63
 20
2459.79
 10
2625.63
 20
2459.79
 10
2625.63
 20
2259.79
 10
2750.63
 20
2259.79
 10
2750.63
 20
2459.79
  0
LWPOLYLINE
  5
59E
330
17
100
AcDbEntity
  8
Paineis
100
AcDbPolyline
 90
4
 70
1
 10
2625.63
 20
2259.79
 10
2725.63
 20
2259.79
 10
2725.63
 20
2384.79
 10
2625.63
 20
2384.79
  0
LWPOLYLINE
  5
59F
330
17
100
AcDbEntity
  8
Paineis
100
AcDbPolyline
 90
4
 70
1
 10
2725.63
 20
2259.79
 10
2825.63
 20
2259.79
 10
2825.63
 20
2384.79
 10
2725.63
 20
2384.79
  0
MTEXT
  5
5A0
330
17
100
AcDbEntity
  8
Texto Secao
100
AcDbMText
 10
2725.63
 20
2322.29
 30
0.0
 40
8.0
 71
1
  1
L411\Pe=12cm
  0
MTEXT
  5
5A1
330
17
100
AcDbEntity
  8
AUX00
100
AcDbMText
 10
2675.63
 20
2322.29
 30
0.0
 40
6.0
 71
1
  1
L411\P100X125\Pc/rec.\Pe=12cm
  0
MTEXT
  5
5A2
330
17
100
AcDbEntity
  8
AUX00
100
AcDbMText
 10
2775.63
 20
2322.29
 30
0.0
 40
6.0
 71
1
  1
L411\P100X125\Pc/rec.\Pe=12cm
  0
MTEXT
  5
5A3
330
17
100
AcDbEntity
  8
NOMENCLATURA
100
AcDbMText
 10
2625.63
 20
2414.79
 30
0.0
 40
10.0
 71
1
  1
12 PAV - L411  200x125cm  e=12cm  paineis: 3x1
  0
LWPOLYLINE
  5
5A4
330
17
100
AcDbEntity
  8
Contorno
100
AcDbPolyline
 90
5
 70
1
 10
3062.82
 20
2262.53
 10
3187.82
 20
2262.53
 10
3187.82
 20
2462.53
 10
3062.82
 20
2462.53
 10
3062.82
 20
2262.53
  0
LWPOLYLINE
  5
5A5
330
17
100
AcDbEntity
  8
Paineis
100
AcDbPolyline
 90
4
 70
1
 10
3062.82
 20
2262.53
 10
3162.82
 20
2262.53
 10
3162.82
 20
2387.53
 10
3062.82
 20
2387.53
  0
LWPOLYLINE
  5
5A6
330
17
100
AcDbEntity
  8
Paineis
100
AcDbPolyline
 90
4
 70
1
 10
3162.82
 20
2262.53
 10
3262.82
 20
2262.53
 10
3262.82
 20
2387.53
 10
3162.82
 20
2387.53
  0
MTEXT
  5
5A7
330
17
100
AcDbEntity
  8
Texto Secao
100
AcDbMText
 10
3162.82
 20
2325.03
 30
0.0
 40
8.0
 71
1
  1
L412\Pe=12cm
  0
MTEXT
  5
5A8
330
17
100
AcDbEntity
  8
AUX00
100
AcDbMText
 10
3112.82
 20
2325.03
 30
0.0
 40
6.0
 71
1
  1
L412\P100X125\Pc/rec.\Pe=12cm
  0
MTEXT
  5
5A9
330
17
100
AcDbEntity
  8
AUX00
100
AcDbMText
 10
3212.82
 20
2325.03
 30
0.0
 40
6.0
 71
1
  1
L412\P100X125\Pc/rec.\Pe=12cm
  0
MTEXT
  5
5AA
330
17
100
AcDbEntity
  8
NOMENCLATURA
100
AcDbMText
 10
3062.82
 20
2417.53
 30
0.0
 40
10.0
 71
1
  1
12 PAV - L412  200x125cm  e=12cm  paineis: 3x1
  0
LWPOLYLINE
  5
5AB
330
17
100
AcDbEntity
  8
Contorno
100
AcDbPolyline
 90
5
 70
1
 10
3610.72
 20
2259.78
 10
3485.72
 20
2259.78
 10
3485.72
 20
2459.78
 10
3610.72
 20
2459.78
 10
3610.72
 20
2259.78
  0
LWPOLYLINE
  5
5AC
330
17
100
AcDbEntity
  8
Paineis
100
AcDbPolyline
 90
4
 70
1
 10
3485.72
 20
2259.78
 10
3585.72
 20
2259.78
 10
3585.72
 20
2384.78
 10
3485.72
 20
2384.78
  0
LWPOLYLINE
  5
5AD
330
17
100
AcDbEntity
  8
Paineis
100
AcDbPolyline
 90
4
 70
1
 10
3585.72
 20
2259.78
 10
3685.72
 20
2259.78
 10
3685.72
 20
2384.78
 10
3585.72
 20
2384.78
  0
MTEXT
  5
5AE
330
17
100
AcDbEntity
  8
Texto Secao
100
AcDbMText
 10
3585.72
 20
2322.28
 30
0.0
 40
8.0
 71
1
  1
L413\Pe=12cm
  0
MTEXT
  5
5AF
330
17
100
AcDbEntity
  8
AUX00
100
AcDbMText
 10
3535.72
 20
2322.28
 30
0.0
 40
6.0
 71
1
  1
L413\P100X125\Pc/rec.\Pe=12cm
  0
MTEXT
  5
5B0
330
17
100
AcDbEntity
  8
AUX00
100
AcDbMText
 10
3635.72
 20
2322.28
 30
0.0
 40
6.0
 71
1
  1
L413\P100X125\Pc/rec.\Pe=12cm
  0
MTEXT
  5
5B1
330
17
100
AcDbEntity
  8
NOMENCLATURA
100
AcDbMText
 10
3485.72
 20
2414.78
 30
0.0
 40
10.0
 71
1
  1
12 PAV - L413  200x125cm  e=12cm  paineis: 3x1
  0
LWPOLYLINE
  5
5B2
330
17
100
AcDbEntity
  8
Contorno
100
AcDbPolyline
 90
5
 70
1
 10
3889.31
 20
2260.97
 10
4014.31
 20
2260.97
 10
4014.31
 20
2460.97
 10
3889.31
 20
2460.97
 10
3889.31
 20
2260.97
  0
LWPOLYLINE
  5
5B3
330
17
100
AcDbEntity
  8
Paineis
100
AcDbPolyline
 90
4
 70
1
 10
3889.31
 20
2260.97
 10
3989.31
 20
2260.97
 10
3989.31
 20
2385.97
 10
3889.31
 20
2385.97
  0
LWPOLYLINE
  5
5B4
330
17
100
AcDbEntity
  8
Paineis
100
AcDbPolyline
 90
4
 70
1
 10
3989.31
 20
2260.97
 10
4089.31
 20
2260.97
 10
4089.31
 20
2385.97
 10
3989.31
 20
2385.97
  0
MTEXT
  5
5B5
330
17
100
AcDbEntity
  8
Texto Secao
100
AcDbMText
 10
3989.31
 20
2323.47
 30
0.0
 40
8.0
 71
1
  1
L414\Pe=12cm
  0
MTEXT
  5
5B6
330
17
100
AcDbEntity
  8
AUX00
100
AcDbMText
 10
3939.31
 20
2323.47
 30
0.0
 40
6.0
 71
1
  1
L414\P100X125\Pc/rec.\Pe=12cm
  0
MTEXT
  5
5B7
330
17
100
AcDbEntity
  8
AUX00
100
AcDbMText
 10
4039.31
 20
2323.47
 30
0.0
 40
6.0
 71
1
  1
L414\P100X125\Pc/rec.\Pe=12cm
  0
MTEXT
  5
5B8
330
17
100
AcDbEntity
  8
NOMENCLATURA
100
AcDbMText
 10
3889.31
 20
2415.97
 30
0.0
 40
10.0
 71
1
  1
12 PAV - L414  200x125cm  e=12cm  paineis: 3x1
  0
LWPOLYLINE
  5
5B9
330
17
100
AcDbEntity
  8
Contorno
100
AcDbPolyline
 90
5
 70
1
 10
4381.11
 20
2276.73
 10
4506.11
 20
2276.73
 10
4506.11
 20
2476.73
 10
4381.11
 20
2476.73
 10
4381.11
 20
2276.73
  0
LWPOLYLINE
  5
5BA
330
17
100
AcDbEntity
  8
Paineis
100
AcDbPolyline
 90
4
 70
1
 10
4381.11
 20
2276.73
 10
4481.11
 20
2276.73
 10
4481.11
 20
2401.73
 10
4381.11
 20
2401.73
  0
LWPOLYLINE
  5
5BB
330
17
100
AcDbEntity
  8
Paineis
100
AcDbPolyline
 90
4
 70
1
 10
4481.11
 20
2276.73
 10
4581.11
 20
2276.73
 10
4581.11
 20
2401.73
 10
4481.11
 20
2401.73
  0
MTEXT
  5
5BC
330
17
100
AcDbEntity
  8
Texto Secao
100
AcDbMText
 10
4481.11
 20
2339.23
 30
0.0
 40
8.0
 71
1
  1
L415\Pe=12cm
  0
MTEXT
  5
5BD
330
17
100
AcDbEntity
  8
AUX00
100
AcDbMText
 10
4431.11
 20
2339.23
 30
0.0
 40
6.0
 71
1
  1
L415\P100X125\Pc/rec.\Pe=12cm
  0
MTEXT
  5
5BE
330
17
100
AcDbEntity
  8
AUX00
100
AcDbMText
 10
4531.11
 20
2339.23
 30
0.0
 40
6.0
 71
1
  1
L415\P100X125\Pc/rec.\Pe=12cm
  0
MTEXT
  5
5BF
330
17
100
AcDbEntity
  8
NOMENCLATURA
100
AcDbMText
 10
4381.11
 20
2431.73
 30
0.0
 40
10.0
 71
1
  1
12 PAV - L415  200x125cm  e=12cm  paineis: 3x1
  0
LWPOLYLINE
  5
5C0
330
17
100
AcDbEntity
  8
Contorno
100
AcDbPolyline
 90
5
 70
1
 10
4787.0
 20
2203.3
 10
4662.0
 20
2203.3
 10
4662.0
 20
2403.3
 10
4787.0
 20
2403.3
 10
4787.0
 20
2203.3
  0
LWPOLYLINE
  5
5C1
330
17
100
AcDbEntity
  8
Paineis
100
AcDbPolyline
 90
4
 70
1
 10
4662.0
 20
2203.3
 10
4762.0
 20
2203.3
 10
4762.0
 20
2328.3
 10
4662.0
 20
2328.3
  0
LWPOLYLINE
  5
5C2
330
17
100
AcDbEntity
  8
Paineis
100
AcDbPolyline
 90
4
 70
1
 10
4762.0
 20
2203.3
 10
4862.0
 20
2203.3
 10
4862.0
 20
2328.3
 10
4762.0
 20
2328.3
  0
MTEXT
  5
5C3
330
17
100
AcDbEntity
  8
Texto Secao
100
AcDbMText
 10
4762.0
 20
2265.8
 30
0.0
 40
8.0
 71
1
  1
L416\Pe=12cm
  0
MTEXT
  5
5C4
330
17
100
AcDbEntity
  8
AUX00
100
AcDbMText
 10
4712.0
 20
2265.8
 30
0.0
 40
6.0
 71
1
  1
L416\P100X125\Pc/rec.\Pe=12cm
  0
MTEXT
  5
5C5
330
17
100
AcDbEntity
  8
AUX00
100
AcDbMText
 10
4812.0
 20
2265.8
 30
0.0
 40
6.0
 71
1
  1
L416\P100X125\Pc/rec.\Pe=12cm
  0
MTEXT
  5
5C6
330
17
100
AcDbEntity
  8
NOMENCLATURA
100
AcDbMText
 10
4662.0
 20
2358.3
 30
0.0
 40
10.0
 71
1
  1
12 PAV - L416  200x125cm  e=12cm  paineis: 3x1
  0
LWPOLYLINE
  5
5C7
330
17
100
AcDbEntity
  8
Contorno
100
AcDbPolyline
 90
5
 70
1
 10
2286.43
 20
2214.21
 10
2468.93
 20
2214.21
 10
2468.93
 20
2002.21
 10
2286.43
 20
2002.21
 10
2286.43
 20
2214.21
  0
LWPOLYLINE
  5
5C8
330
17
100
AcDbEntity
  8
Paineis
100
AcDbPolyline
 90
4
 70
1
 10
2286.43
 20
2002.21
 10
2386.43
 20
2002.21
 10
2386.43
 20
2184.71
 10
2286.43
 20
2184.71
  0
LWPOLYLINE
  5
5C9
330
17
100
AcDbEntity
  8
Paineis
100
AcDbPolyline
 90
4
 70
1
 10
2386.43
 20
2002.21
 10
2486.43
 20
2002.21
 10
2486.43
 20
2184.71
 10
2386.43
 20
2184.71
  0
LWPOLYLINE
  5
5CA
330
17
100
AcDbEntity
  8
Paineis
100
AcDbPolyline
 90
4
 70
1
 10
2486.43
 20
2002.21
 10
2498.43
 20
2002.21
 10
2498.43
 20
2184.71
 10
2486.43
 20
2184.71
  0
MTEXT
  5
5CB
330
17
100
AcDbEntity
  8
Texto Secao
100
AcDbMText
 10
2392.43
 20
2093.46
 30
0.0
 40
8.48
 71
1
  1
L417\Pe=12cm
  0
MTEXT
  5
5CC
330
17
100
AcDbEntity
  8
AUX00
100
AcDbMText
 10
2336.43
 20
2093.46
 30
0.0
 40
6.0
 71
1
  1
L417\P100X182\Pc/rec.\Pe=12cm
  0
MTEXT
  5
5CD
330
17
100
AcDbEntity
  8
AUX00
100
AcDbMText
 10
2436.43
 20
2093.46
 30
0.0
 40
6.0
 71
1
  1
L417\P100X182\Pc/rec.\Pe=12cm
  0
MTEXT
  5
5CE
330
17
100
AcDbEntity
  8
AUX00
100
AcDbMText
 10
2492.43
 20
2093.46
 30
0.0
 40
6.0
 71
1
  1
L417\P12X182\Pc/rec.\Pe=12cm
  0
MTEXT
  5
5CF
330
17
100
AcDbEntity
  8
NOMENCLATURA
100
AcDbMText
 10
2286.43
 20
2214.71
 30
0.0
 40
10.0
 71
1
  1
12 PAV - L417  212x182cm  e=12cm  paineis: 4x1
  0
LWPOLYLINE
  5
5D0
330
17
100
AcDbEntity
  8
Contorno
100
AcDbPolyline
 90
5
 70
1
 10
2630.22
 20
1999.7600000000002
 10
2755.22
 20
1999.7600000000002
 10
2755.22
 20
2199.76
 10
2630.22
 20
2199.76
 10
2630.22
 20
1999.7600000000002
  0
LWPOLYLINE
  5
5D1
330
17
100
AcDbEntity
  8
Paineis
100
AcDbPolyline
 90
4
 70
1
 10
2630.22
 20
1999.7600000000002
 10
2730.22
 20
1999.7600000000002
 10
2730.22
 20
2124.76
 10
2630.22
 20
2124.76
  0
LWPOLYLINE
  5
5D2
330
17
100
AcDbEntity
  8
Paineis
100
AcDbPolyline
 90
4
 70
1
 10
2730.22
 20
1999.7600000000002
 10
2830.22
 20
1999.7600000000002
 10
2830.22
 20
2124.76
 10
2730.22
 20
2124.76
  0
MTEXT
  5
5D3
330
17
100
AcDbEntity
  8
Texto Secao
100
AcDbMText
 10
2730.22
 20
2062.26
 30
0.0
 40
8.0
 71
1
  1
L418\Pe=12cm
  0
MTEXT
  5
5D4
330
17
100
AcDbEntity
  8
AUX00
100
AcDbMText
 10
2680.22
 20
2062.26
 30
0.0
 40
6.0
 71
1
  1
L418\P100X125\Pc/rec.\Pe=12cm
  0
MTEXT
  5
5D5
330
17
100
AcDbEntity
  8
AUX00
100
AcDbMText
 10
2780.22
 20
2062.26
 30
0.0
 40
6.0
 71
1
  1
L418\P100X125\Pc/rec.\Pe=12cm
  0
MTEXT
  5
5D6
330
17
100
AcDbEntity
  8
NOMENCLATURA
100
AcDbMText
 10
2630.22
 20
2154.76
 30
0.0
 40
10.0
 71
1
  1
12 PAV - L418  200x125cm  e=12cm  paineis: 3x1
  0
LWPOLYLINE
  5
5D7
330
17
100
AcDbEntity
  8
Contorno
100
AcDbPolyline
 90
5
 70
1
 10
3055.49
 20
1998.8899999999999
 10
3180.49
 20
1998.8899999999999
 10
3180.49
 20
2198.89
 10
3055.49
 20
2198.89
 10
3055.49
 20
1998.8899999999999
  0
LWPOLYLINE
  5
5D8
330
17
100
AcDbEntity
  8
Paineis
100
AcDbPolyline
 90
4
 70
1
 10
3055.49
 20
1998.8899999999999
 10
3155.49
 20
1998.8899999999999
 10
3155.49
 20
2123.89
 10
3055.49
 20
2123.89
  0
LWPOLYLINE
  5
5D9
330
17
100
AcDbEntity
  8
Paineis
100
AcDbPolyline
 90
4
 70
1
 10
3155.49
 20
1998.8899999999999
 10
3255.49
 20
1998.8899999999999
 10
3255.49
 20
2123.89
 10
3155.49
 20
2123.89
  0
MTEXT
  5
5DA
330
17
100
AcDbEntity
  8
Texto Secao
100
AcDbMText
 10
3155.49
 20
2061.39
 30
0.0
 40
8.0
 71
1
  1
L419\Pe=12cm
  0
MTEXT
  5
5DB
330
17
100
AcDbEntity
  8
AUX00
100
AcDbMText
 10
3105.49
 20
2061.39
 30
0.0
 40
6.0
 71
1
  1
L419\P100X125\Pc/rec.\Pe=12cm
  0
MTEXT
  5
5DC
330
17
100
AcDbEntity
  8
AUX00
100
AcDbMText
 10
3205.49
 20
2061.39
 30
0.0
 40
6.0
 71
1
  1
L419\P100X125\Pc/rec.\Pe=12cm
  0
MTEXT
  5
5DD
330
17
100
AcDbEntity
  8
NOMENCLATURA
100
AcDbMText
 10
3055.49
 20
2153.89
 30
0.0
 40
10.0
 71
1
  1
12 PAV - L419  200x125cm  e=12cm  paineis: 3x1
  0
LWPOLYLINE
  5
5DE
330
17
100
AcDbEntity
  8
Contorno
100
AcDbPolyline
 90
5
 70
1
 10
612.2800000000002
 20
664.9099999999999
 10
6596.48
 20
664.9099999999999
 10
6596.48
 20
3534.91
 10
612.2800000000002
 20
3534.91
 10
612.2800000000002
 20
664.9099999999999
  0
LWPOLYLINE
  5
5DF
330
17
100
AcDbEntity
  8
Paineis
100
AcDbPolyline
 90
4
 70
1
 10
612.2800000000002
 20
664.9099999999999
 10
712.2800000000002
 20
664.9099999999999
 10
712.2800000000002
 20
3534.91
 10
612.2800000000002
 20
3534.91
  0
LWPOLYLINE
  5
5E0
330
17
100
AcDbEntity
  8
Paineis
100
AcDbPolyline
 90
4
 70
1
 10
712.2800000000002
 20
664.9099999999999
 10
812.2800000000002
 20
664.9099999999999
 10
812.2800000000002
 20
3534.91
 10
712.2800000000002
 20
3534.91
  0
LWPOLYLINE
  5
5E1
330
17
100
AcDbEntity
  8
Paineis
100
AcDbPolyline
 90
4
 70
1
 10
812.2800000000002
 20
664.9099999999999
 10
912.2800000000002
 20
664.9099999999999
 10
912.2800000000002
 20
3534.91
 10
812.2800000000002
 20
3534.91
  0
LWPOLYLINE
  5
5E2
330
17
100
AcDbEntity
  8
Paineis
100
AcDbPolyline
 90
4
 70
1
 10
912.2800000000002
 20
664.9099999999999
 10
1012.2800000000002
 20
664.9099999999999
 10
1012.2800000000002
 20
3534.91
 10
912.2800000000002
 20
3534.91
  0
LWPOLYLINE
  5
5E3
330
17
100
AcDbEntity
  8
Paineis
100
AcDbPolyline
 90
4
 70
1
 10
1012.2800000000002
 20
664.9099999999999
 10
1112.2800000000002
 20
664.9099999999999
 10
1112.2800000000002
 20
3534.91
 10
1012.2800000000002
 20
3534.91
  0
LWPOLYLINE
  5
5E4
330
17
100
AcDbEntity
  8
Paineis
100
AcDbPolyline
 90
4
 70
1
 10
1112.2800000000002
 20
664.9099999999999
 10
1212.2800000000002
 20
664.9099999999999
 10
1212.2800000000002
 20
3534.91
 10
1112.2800000000002
 20
3534.91
  0
LWPOLYLINE
  5
5E5
330
17
100
AcDbEntity
  8
Paineis
100
AcDbPolyline
 90
4
 70
1
 10
1212.2800000000002
 20
664.9099999999999
 10
1312.2800000000002
 20
664.9099999999999
 10
1312.2800000000002
 20
3534.91
 10
1212.2800000000002
 20
3534.91
  0
LWPOLYLINE
  5
5E6
330
17
100
AcDbEntity
  8
Paineis
100
AcDbPolyline
 90
4
 70
1
 10
1312.2800000000002
 20
664.9099999999999
 10
1412.2800000000002
 20
664.9099999999999
 10
1412.2800000000002
 20
3534.91
 10
1312.2800000000002
 20
3534.91
  0
LWPOLYLINE
  5
5E7
330
17
100
AcDbEntity
  8
Paineis
100
AcDbPolyline
 90
4
 70
1
 10
1412.2800000000002
 20
664.9099999999999
 10
1512.2800000000002
 20
664.9099999999999
 10
1512.2800000000002
 20
3534.91
 10
1412.2800000000002
 20
3534.91
  0
LWPOLYLINE
  5
5E8
330
17
100
AcDbEntity
  8
Paineis
100
AcDbPolyline
 90
4
 70
1
 10
1512.2800000000002
 20
664.9099999999999
 10
1612.2800000000002
 20
664.9099999999999
 10
1612.2800000000002
 20
3534.91
 10
1512.2800000000002
 20
3534.91
  0
LWPOLYLINE
  5
5E9
330
17
100
AcDbEntity
  8
Paineis
100
AcDbPolyline
 90
4
 70
1
 10
1612.2800000000002
 20
664.9099999999999
 10
1712.2800000000002
 20
664.9099999999999
 10
1712.2800000000002
 20
3534.91
 10
1612.2800000000002
 20
3534.91
  0
LWPOLYLINE
  5
5EA
330
17
100
AcDbEntity
  8
Paineis
100
AcDbPolyline
 90
4
 70
1
 10
1712.2800000000002
 20
664.9099999999999
 10
1812.2800000000002
 20
664.9099999999999
 10
1812.2800000000002
 20
3534.91
 10
1712.2800000000002
 20
3534.91
  0
LWPOLYLINE
  5
5EB
330
17
100
AcDbEntity
  8
Paineis
100
AcDbPolyline
 90
4
 70
1
 10
1812.2800000000002
 20
664.9099999999999
 10
1912.2800000000002
 20
664.9099999999999
 10
1912.2800000000002
 20
3534.91
 10
1812.2800000000002
 20
3534.91
  0
LWPOLYLINE
  5
5EC
330
17
100
AcDbEntity
  8
Paineis
100
AcDbPolyline
 90
4
 70
1
 10
1912.2800000000002
 20
664.9099999999999
 10
2012.2800000000002
 20
664.9099999999999
 10
2012.2800000000002
 20
3534.91
 10
1912.2800000000002
 20
3534.91
  0
LWPOLYLINE
  5
5ED
330
17
100
AcDbEntity
  8
Paineis
100
AcDbPolyline
 90
4
 70
1
 10
2012.2800000000002
 20
664.9099999999999
 10
2112.28
 20
664.9099999999999
 10
2112.28
 20
3534.91
 10
2012.2800000000002
 20
3534.91
  0
LWPOLYLINE
  5
5EE
330
17
100
AcDbEntity
  8
Paineis
100
AcDbPolyline
 90
4
 70
1
 10
2112.28
 20
664.9099999999999
 10
2212.28
 20
664.9099999999999
 10
2212.28
 20
3534.91
 10
2112.28
 20
3534.91
  0
LWPOLYLINE
  5
5EF
330
17
100
AcDbEntity
  8
Paineis
100
AcDbPolyline
 90
4
 70
1
 10
2212.28
 20
664.9099999999999
 10
2312.28
 20
664.9099999999999
 10
2312.28
 20
3534.91
 10
2212.28
 20
3534.91
  0
LWPOLYLINE
  5
5F0
330
17
100
AcDbEntity
  8
Paineis
100
AcDbPolyline
 90
4
 70
1
 10
2312.28
 20
664.9099999999999
 10
2412.28
 20
664.9099999999999
 10
2412.28
 20
3534.91
 10
2312.28
 20
3534.91
  0
LWPOLYLINE
  5
5F1
330
17
100
AcDbEntity
  8
Paineis
100
AcDbPolyline
 90
4
 70
1
 10
2412.28
 20
664.9099999999999
 10
2512.28
 20
664.9099999999999
 10
2512.28
 20
3534.91
 10
2412.28
 20
3534.91
  0
LWPOLYLINE
  5
5F2
330
17
100
AcDbEntity
  8
Paineis
100
AcDbPolyline
 90
4
 70
1
 10
2512.28
 20
664.9099999999999
 10
2612.28
 20
664.9099999999999
 10
2612.28
 20
3534.91
 10
2512.28
 20
3534.91
  0
LWPOLYLINE
  5
5F3
330
17
100
AcDbEntity
  8
Paineis
100
AcDbPolyline
 90
4
 70
1
 10
2612.28
 20
664.9099999999999
 10
2712.28
 20
664.9099999999999
 10
2712.28
 20
3534.91
 10
2612.28
 20
3534.91
  0
LWPOLYLINE
  5
5F4
330
17
100
AcDbEntity
  8
Paineis
100
AcDbPolyline
 90
4
 70
1
 10
2712.28
 20
664.9099999999999
 10
2812.28
 20
664.9099999999999
 10
2812.28
 20
3534.91
 10
2712.28
 20
3534.91
  0
LWPOLYLINE
  5
5F5
330
17
100
AcDbEntity
  8
Paineis
100
AcDbPolyline
 90
4
 70
1
 10
2812.28
 20
664.9099999999999
 10
2912.28
 20
664.9099999999999
 10
2912.28
 20
3534.91
 10
2812.28
 20
3534.91
  0
LWPOLYLINE
  5
5F6
330
17
100
AcDbEntity
  8
Paineis
100
AcDbPolyline
 90
4
 70
1
 10
2912.28
 20
664.9099999999999
 10
3012.28
 20
664.9099999999999
 10
3012.28
 20
3534.91
 10
2912.28
 20
3534.91
  0
LWPOLYLINE
  5
5F7
330
17
100
AcDbEntity
  8
Paineis
100
AcDbPolyline
 90
4
 70
1
 10
3012.28
 20
664.9099999999999
 10
3112.28
 20
664.9099999999999
 10
3112.28
 20
3534.91
 10
3012.28
 20
3534.91
  0
LWPOLYLINE
  5
5F8
330
17
100
AcDbEntity
  8
Paineis
100
AcDbPolyline
 90
4
 70
1
 10
3112.28
 20
664.9099999999999
 10
3212.28
 20
664.9099999999999
 10
3212.28
 20
3534.91
 10
3112.28
 20
3534.91
  0
LWPOLYLINE
  5
5F9
330
17
100
AcDbEntity
  8
Paineis
100
AcDbPolyline
 90
4
 70
1
 10
3212.28
 20
664.9099999999999
 10
3312.28
 20
664.9099999999999
 10
3312.28
 20
3534.91
 10
3212.28
 20
3534.91
  0
LWPOLYLINE
  5
5FA
330
17
100
AcDbEntity
  8
Paineis
100
AcDbPolyline
 90
4
 70
1
 10
3312.28
 20
664.9099999999999
 10
3412.28
 20
664.9099999999999
 10
3412.28
 20
3534.91
 10
3312.28
 20
3534.91
  0
LWPOLYLINE
  5
5FB
330
17
100
AcDbEntity
  8
Paineis
100
AcDbPolyline
 90
4
 70
1
 10
3412.28
 20
664.9099999999999
 10
3512.28
 20
664.9099999999999
 10
3512.28
 20
3534.91
 10
3412.28
 20
3534.91
  0
LWPOLYLINE
  5
5FC
330
17
100
AcDbEntity
  8
Paineis
100
AcDbPolyline
 90
4
 70
1
 10
3512.28
 20
664.9099999999999
 10
3612.28
 20
664.9099999999999
 10
3612.28
 20
3534.91
 10
3512.28
 20
3534.91
  0
LWPOLYLINE
  5
5FD
330
17
100
AcDbEntity
  8
Paineis
100
AcDbPolyline
 90
4
 70
1
 10
3612.28
 20
664.9099999999999
 10
3712.28
 20
664.9099999999999
 10
3712.28
 20
3534.91
 10
3612.28
 20
3534.91
  0
LWPOLYLINE
  5
5FE
330
17
100
AcDbEntity
  8
Paineis
100
AcDbPolyline
 90
4
 70
1
 10
3712.28
 20
664.9099999999999
 10
3812.28
 20
664.9099999999999
 10
3812.28
 20
3534.91
 10
3712.28
 20
3534.91
  0
LWPOLYLINE
  5
5FF
330
17
100
AcDbEntity
  8
Paineis
100
AcDbPolyline
 90
4
 70
1
 10
3812.28
 20
664.9099999999999
 10
3912.28
 20
664.9099999999999
 10
3912.28
 20
3534.91
 10
3812.28
 20
3534.91
  0
LWPOLYLINE
  5
600
330
17
100
AcDbEntity
  8
Paineis
100
AcDbPolyline
 90
4
 70
1
 10
3912.28
 20
664.9099999999999
 10
4012.28
 20
664.9099999999999
 10
4012.28
 20
3534.91
 10
3912.28
 20
3534.91
  0
LWPOLYLINE
  5
601
330
17
100
AcDbEntity
  8
Paineis
100
AcDbPolyline
 90
4
 70
1
 10
4012.28
 20
664.9099999999999
 10
4112.280000000001
 20
664.9099999999999
 10
4112.280000000001
 20
3534.91
 10
4012.28
 20
3534.91
  0
LWPOLYLINE
  5
602
330
17
100
AcDbEntity
  8
Paineis
100
AcDbPolyline
 90
4
 70
1
 10
4112.280000000001
 20
664.9099999999999
 10
4212.280000000001
 20
664.9099999999999
 10
4212.280000000001
 20
3534.91
 10
4112.280000000001
 20
3534.91
  0
LWPOLYLINE
  5
603
330
17
100
AcDbEntity
  8
Paineis
100
AcDbPolyline
 90
4
 70
1
 10
4212.280000000001
 20
664.9099999999999
 10
4312.280000000001
 20
664.9099999999999
 10
4312.280000000001
 20
3534.91
 10
4212.280000000001
 20
3534.91
  0
LWPOLYLINE
  5
604
330
17
100
AcDbEntity
  8
Paineis
100
AcDbPolyline
 90
4
 70
1
 10
4312.280000000001
 20
664.9099999999999
 10
4412.280000000001
 20
664.9099999999999
 10
4412.280000000001
 20
3534.91
 10
4312.280000000001
 20
3534.91
  0
LWPOLYLINE
  5
605
330
17
100
AcDbEntity
  8
Paineis
100
AcDbPolyline
 90
4
 70
1
 10
4412.280000000001
 20
664.9099999999999
 10
4512.280000000001
 20
664.9099999999999
 10
4512.280000000001
 20
3534.91
 10
4412.280000000001
 20
3534.91
  0
LWPOLYLINE
  5
606
330
17
100
AcDbEntity
  8
Paineis
100
AcDbPolyline
 90
4
 70
1
 10
4512.280000000001
 20
664.9099999999999
 10
4612.280000000001
 20
664.9099999999999
 10
4612.280000000001
 20
3534.91
 10
4512.280000000001
 20
3534.91
  0
LWPOLYLINE
  5
607
330
17
100
AcDbEntity
  8
Paineis
100
AcDbPolyline
 90
4
 70
1
 10
4612.280000000001
 20
664.9099999999999
 10
4712.280000000001
 20
664.9099999999999
 10
4712.280000000001
 20
3534.91
 10
4612.280000000001
 20
3534.91
  0
LWPOLYLINE
  5
608
330
17
100
AcDbEntity
  8
Paineis
100
AcDbPolyline
 90
4
 70
1
 10
4712.280000000001
 20
664.9099999999999
 10
4812.280000000001
 20
664.9099999999999
 10
4812.280000000001
 20
3534.91
 10
4712.280000000001
 20
3534.91
  0
LWPOLYLINE
  5
609
330
17
100
AcDbEntity
  8
Paineis
100
AcDbPolyline
 90
4
 70
1
 10
4812.280000000001
 20
664.9099999999999
 10
4912.280000000001
 20
664.9099999999999
 10
4912.280000000001
 20
3534.91
 10
4812.280000000001
 20
3534.91
  0
LWPOLYLINE
  5
60A
330
17
100
AcDbEntity
  8
Paineis
100
AcDbPolyline
 90
4
 70
1
 10
4912.280000000001
 20
664.9099999999999
 10
5012.280000000001
 20
664.9099999999999
 10
5012.280000000001
 20
3534.91
 10
4912.280000000001
 20
3534.91
  0
LWPOLYLINE
  5
60B
330
17
100
AcDbEntity
  8
Paineis
100
AcDbPolyline
 90
4
 70
1
 10
5012.280000000001
 20
664.9099999999999
 10
5112.280000000001
 20
664.9099999999999
 10
5112.280000000001
 20
3534.91
 10
5012.280000000001
 20
3534.91
  0
LWPOLYLINE
  5
60C
330
17
100
AcDbEntity
  8
Paineis
100
AcDbPolyline
 90
4
 70
1
 10
5112.280000000001
 20
664.9099999999999
 10
5212.280000000001
 20
664.9099999999999
 10
5212.280000000001
 20
3534.91
 10
5112.280000000001
 20
3534.91
  0
LWPOLYLINE
  5
60D
330
17
100
AcDbEntity
  8
Paineis
100
AcDbPolyline
 90
4
 70
1
 10
5212.280000000001
 20
664.9099999999999
 10
5312.280000000001
 20
664.9099999999999
 10
5312.280000000001
 20
3534.91
 10
5212.280000000001
 20
3534.91
  0
LWPOLYLINE
  5
60E
330
17
100
AcDbEntity
  8
Paineis
100
AcDbPolyline
 90
4
 70
1
 10
5312.280000000001
 20
664.9099999999999
 10
5412.280000000001
 20
664.9099999999999
 10
5412.280000000001
 20
3534.91
 10
5312.280000000001
 20
3534.91
  0
LWPOLYLINE
  5
60F
330
17
100
AcDbEntity
  8
Paineis
100
AcDbPolyline
 90
4
 70
1
 10
5412.280000000001
 20
664.9099999999999
 10
5512.280000000001
 20
664.9099999999999
 10
5512.280000000001
 20
3534.91
 10
5412.280000000001
 20
3534.91
  0
LWPOLYLINE
  5
610
330
17
100
AcDbEntity
  8
Paineis
100
AcDbPolyline
 90
4
 70
1
 10
5512.280000000001
 20
664.9099999999999
 10
5612.280000000001
 20
664.9099999999999
 10
5612.280000000001
 20
3534.91
 10
5512.280000000001
 20
3534.91
  0
LWPOLYLINE
  5
611
330
17
100
AcDbEntity
  8
Paineis
100
AcDbPolyline
 90
4
 70
1
 10
5612.280000000001
 20
664.9099999999999
 10
5712.280000000001
 20
664.9099999999999
 10
5712.280000000001
 20
3534.91
 10
5612.280000000001
 20
3534.91
  0
LWPOLYLINE
  5
612
330
17
100
AcDbEntity
  8
Paineis
100
AcDbPolyline
 90
4
 70
1
 10
5712.280000000001
 20
664.9099999999999
 10
5812.280000000001
 20
664.9099999999999
 10
5812.280000000001
 20
3534.91
 10
5712.280000000001
 20
3534.91
  0
LWPOLYLINE
  5
613
330
17
100
AcDbEntity
  8
Paineis
100
AcDbPolyline
 90
4
 70
1
 10
5812.280000000001
 20
664.9099999999999
 10
5912.280000000001
 20
664.9099999999999
 10
5912.280000000001
 20
3534.91
 10
5812.280000000001
 20
3534.91
  0
LWPOLYLINE
  5
614
330
17
100
AcDbEntity
  8
Paineis
100
AcDbPolyline
 90
4
 70
1
 10
5912.280000000001
 20
664.9099999999999
 10
6012.280000000001
 20
664.9099999999999
 10
6012.280000000001
 20
3534.91
 10
5912.280000000001
 20
3534.91
  0
LWPOLYLINE
  5
615
330
17
100
AcDbEntity
  8
Paineis
100
AcDbPolyline
 90
4
 70
1
 10
6012.280000000001
 20
664.9099999999999
 10
6112.280000000001
 20
664.9099999999999
 10
6112.280000000001
 20
3534.91
 10
6012.280000000001
 20
3534.91
  0
LWPOLYLINE
  5
616
330
17
100
AcDbEntity
  8
Paineis
100
AcDbPolyline
 90
4
 70
1
 10
6112.280000000001
 20
664.9099999999999
 10
6212.280000000001
 20
664.9099999999999
 10
6212.280000000001
 20
3534.91
 10
6112.280000000001
 20
3534.91
  0
LWPOLYLINE
  5
617
330
17
100
AcDbEntity
  8
Paineis
100
AcDbPolyline
 90
4
 70
1
 10
6212.280000000001
 20
664.9099999999999
 10
6312.280000000001
 20
664.9099999999999
 10
6312.280000000001
 20
3534.91
 10
6212.280000000001
 20
3534.91
  0
LWPOLYLINE
  5
618
330
17
100
AcDbEntity
  8
Paineis
100
AcDbPolyline
 90
4
 70
1
 10
6312.280000000001
 20
664.9099999999999
 10
6412.280000000001
 20
664.9099999999999
 10
6412.280000000001
 20
3534.91
 10
6312.280000000001
 20
3534.91
  0
LWPOLYLINE
  5
619
330
17
100
AcDbEntity
  8
Paineis
100
AcDbPolyline
 90
4
 70
1
 10
6412.280000000001
 20
664.9099999999999
 10
6512.280000000001
 20
664.9099999999999
 10
6512.280000000001
 20
3534.91
 10
6412.280000000001
 20
3534.91
  0
LWPOLYLINE
  5
61A
330
17
100
AcDbEntity
  8
Paineis
100
AcDbPolyline
 90
4
 70
1
 10
6512.280000000001
 20
664.9099999999999
 10
6596.48
 20
664.9099999999999
 10
6596.48
 20
3534.91
 10
6512.280000000001
 20
3534.91
  0
MTEXT
  5
61B
330
17
100
AcDbEntity
  8
Texto Secao
100
AcDbMText
 10
3604.38
 20
2099.91
 30
0.0
 40
239.368
 71
1
  1
L420\Pe=12cm
  0
MTEXT
  5
61C
330
17
100
AcDbEntity
  8
AUX00
100
AcDbMText
 10
662.2800000000002
 20
2099.91
 30
0.0
 40
6.0
 71
1
  1
L420\P100X2870\Pc/rec.\Pe=12cm
  0
MTEXT
  5
61D
330
17
100
AcDbEntity
  8
AUX00
100
AcDbMText
 10
762.2800000000002
 20
2099.91
 30
0.0
 40
6.0
 71
1
  1
L420\P100X2870\Pc/rec.\Pe=12cm
  0
MTEXT
  5
61E
330
17
100
AcDbEntity
  8
AUX00
100
AcDbMText
 10
862.2800000000002
 20
2099.91
 30
0.0
 40
6.0
 71
1
  1
L420\P100X2870\Pc/rec.\Pe=12cm
  0
MTEXT
  5
61F
330
17
100
AcDbEntity
  8
AUX00
100
AcDbMText
 10
962.2800000000002
 20
2099.91
 30
0.0
 40
6.0
 71
1
  1
L420\P100X2870\Pc/rec.\Pe=12cm
  0
MTEXT
  5
620
330
17
100
AcDbEntity
  8
AUX00
100
AcDbMText
 10
1062.2800000000002
 20
2099.91
 30
0.0
 40
6.0
 71
1
  1
L420\P100X2870\Pc/rec.\Pe=12cm
  0
MTEXT
  5
621
330
17
100
AcDbEntity
  8
AUX00
100
AcDbMText
 10
1162.2800000000002
 20
2099.91
 30
0.0
 40
6.0
 71
1
  1
L420\P100X2870\Pc/rec.\Pe=12cm
  0
MTEXT
  5
622
330
17
100
AcDbEntity
  8
AUX00
100
AcDbMText
 10
1262.2800000000002
 20
2099.91
 30
0.0
 40
6.0
 71
1
  1
L420\P100X2870\Pc/rec.\Pe=12cm
  0
MTEXT
  5
623
330
17
100
AcDbEntity
  8
AUX00
100
AcDbMText
 10
1362.2800000000002
 20
2099.91
 30
0.0
 40
6.0
 71
1
  1
L420\P100X2870\Pc/rec.\Pe=12cm
  0
MTEXT
  5
624
330
17
100
AcDbEntity
  8
AUX00
100
AcDbMText
 10
1462.2800000000002
 20
2099.91
 30
0.0
 40
6.0
 71
1
  1
L420\P100X2870\Pc/rec.\Pe=12cm
  0
MTEXT
  5
625
330
17
100
AcDbEntity
  8
AUX00
100
AcDbMText
 10
1562.2800000000002
 20
2099.91
 30
0.0
 40
6.0
 71
1
  1
L420\P100X2870\Pc/rec.\Pe=12cm
  0
MTEXT
  5
626
330
17
100
AcDbEntity
  8
AUX00
100
AcDbMText
 10
1662.2800000000002
 20
2099.91
 30
0.0
 40
6.0
 71
1
  1
L420\P100X2870\Pc/rec.\Pe=12cm
  0
MTEXT
  5
627
330
17
100
AcDbEntity
  8
AUX00
100
AcDbMText
 10
1762.2800000000002
 20
2099.91
 30
0.0
 40
6.0
 71
1
  1
L420\P100X2870\Pc/rec.\Pe=12cm
  0
MTEXT
  5
628
330
17
100
AcDbEntity
  8
AUX00
100
AcDbMText
 10
1862.2800000000002
 20
2099.91
 30
0.0
 40
6.0
 71
1
  1
L420\P100X2870\Pc/rec.\Pe=12cm
  0
MTEXT
  5
629
330
17
100
AcDbEntity
  8
AUX00
100
AcDbMText
 10
1962.2800000000002
 20
2099.91
 30
0.0
 40
6.0
 71
1
  1
L420\P100X2870\Pc/rec.\Pe=12cm
  0
MTEXT
  5
62A
330
17
100
AcDbEntity
  8
AUX00
100
AcDbMText
 10
2062.28
 20
2099.91
 30
0.0
 40
6.0
 71
1
  1
L420\P100X2870\Pc/rec.\Pe=12cm
  0
MTEXT
  5
62B
330
17
100
AcDbEntity
  8
AUX00
100
AcDbMText
 10
2162.28
 20
2099.91
 30
0.0
 40
6.0
 71
1
  1
L420\P100X2870\Pc/rec.\Pe=12cm
  0
MTEXT
  5
62C
330
17
100
AcDbEntity
  8
AUX00
100
AcDbMText
 10
2262.28
 20
2099.91
 30
0.0
 40
6.0
 71
1
  1
L420\P100X2870\Pc/rec.\Pe=12cm
  0
MTEXT
  5
62D
330
17
100
AcDbEntity
  8
AUX00
100
AcDbMText
 10
2362.28
 20
2099.91
 30
0.0
 40
6.0
 71
1
  1
L420\P100X2870\Pc/rec.\Pe=12cm
  0
MTEXT
  5
62E
330
17
100
AcDbEntity
  8
AUX00
100
AcDbMText
 10
2462.28
 20
2099.91
 30
0.0
 40
6.0
 71
1
  1
L420\P100X2870\Pc/rec.\Pe=12cm
  0
MTEXT
  5
62F
330
17
100
AcDbEntity
  8
AUX00
100
AcDbMText
 10
2562.28
 20
2099.91
 30
0.0
 40
6.0
 71
1
  1
L420\P100X2870\Pc/rec.\Pe=12cm
  0
MTEXT
  5
630
330
17
100
AcDbEntity
  8
AUX00
100
AcDbMText
 10
2662.28
 20
2099.91
 30
0.0
 40
6.0
 71
1
  1
L420\P100X2870\Pc/rec.\Pe=12cm
  0
MTEXT
  5
631
330
17
100
AcDbEntity
  8
AUX00
100
AcDbMText
 10
2762.28
 20
2099.91
 30
0.0
 40
6.0
 71
1
  1
L420\P100X2870\Pc/rec.\Pe=12cm
  0
MTEXT
  5
632
330
17
100
AcDbEntity
  8
AUX00
100
AcDbMText
 10
2862.28
 20
2099.91
 30
0.0
 40
6.0
 71
1
  1
L420\P100X2870\Pc/rec.\Pe=12cm
  0
MTEXT
  5
633
330
17
100
AcDbEntity
  8
AUX00
100
AcDbMText
 10
2962.28
 20
2099.91
 30
0.0
 40
6.0
 71
1
  1
L420\P100X2870\Pc/rec.\Pe=12cm
  0
MTEXT
  5
634
330
17
100
AcDbEntity
  8
AUX00
100
AcDbMText
 10
3062.28
 20
2099.91
 30
0.0
 40
6.0
 71
1
  1
L420\P100X2870\Pc/rec.\Pe=12cm
  0
MTEXT
  5
635
330
17
100
AcDbEntity
  8
AUX00
100
AcDbMText
 10
3162.28
 20
2099.91
 30
0.0
 40
6.0
 71
1
  1
L420\P100X2870\Pc/rec.\Pe=12cm
  0
MTEXT
  5
636
330
17
100
AcDbEntity
  8
AUX00
100
AcDbMText
 10
3262.28
 20
2099.91
 30
0.0
 40
6.0
 71
1
  1
L420\P100X2870\Pc/rec.\Pe=12cm
  0
MTEXT
  5
637
330
17
100
AcDbEntity
  8
AUX00
100
AcDbMText
 10
3362.28
 20
2099.91
 30
0.0
 40
6.0
 71
1
  1
L420\P100X2870\Pc/rec.\Pe=12cm
  0
MTEXT
  5
638
330
17
100
AcDbEntity
  8
AUX00
100
AcDbMText
 10
3462.28
 20
2099.91
 30
0.0
 40
6.0
 71
1
  1
L420\P100X2870\Pc/rec.\Pe=12cm
  0
MTEXT
  5
639
330
17
100
AcDbEntity
  8
AUX00
100
AcDbMText
 10
3562.28
 20
2099.91
 30
0.0
 40
6.0
 71
1
  1
L420\P100X2870\Pc/rec.\Pe=12cm
  0
MTEXT
  5
63A
330
17
100
AcDbEntity
  8
AUX00
100
AcDbMText
 10
3662.28
 20
2099.91
 30
0.0
 40
6.0
 71
1
  1
L420\P100X2870\Pc/rec.\Pe=12cm
  0
MTEXT
  5
63B
330
17
100
AcDbEntity
  8
AUX00
100
AcDbMText
 10
3762.28
 20
2099.91
 30
0.0
 40
6.0
 71
1
  1
L420\P100X2870\Pc/rec.\Pe=12cm
  0
MTEXT
  5
63C
330
17
100
AcDbEntity
  8
AUX00
100
AcDbMText
 10
3862.28
 20
2099.91
 30
0.0
 40
6.0
 71
1
  1
L420\P100X2870\Pc/rec.\Pe=12cm
  0
MTEXT
  5
63D
330
17
100
AcDbEntity
  8
AUX00
100
AcDbMText
 10
3962.28
 20
2099.91
 30
0.0
 40
6.0
 71
1
  1
L420\P100X2870\Pc/rec.\Pe=12cm
  0
MTEXT
  5
63E
330
17
100
AcDbEntity
  8
AUX00
100
AcDbMText
 10
4062.28
 20
2099.91
 30
0.0
 40
6.0
 71
1
  1
L420\P100X2870\Pc/rec.\Pe=12cm
  0
MTEXT
  5
63F
330
17
100
AcDbEntity
  8
AUX00
100
AcDbMText
 10
4162.280000000001
 20
2099.91
 30
0.0
 40
6.0
 71
1
  1
L420\P100X2870\Pc/rec.\Pe=12cm
  0
MTEXT
  5
640
330
17
100
AcDbEntity
  8
AUX00
100
AcDbMText
 10
4262.280000000001
 20
2099.91
 30
0.0
 40
6.0
 71
1
  1
L420\P100X2870\Pc/rec.\Pe=12cm
  0
MTEXT
  5
641
330
17
100
AcDbEntity
  8
AUX00
100
AcDbMText
 10
4362.280000000001
 20
2099.91
 30
0.0
 40
6.0
 71
1
  1
L420\P100X2870\Pc/rec.\Pe=12cm
  0
MTEXT
  5
642
330
17
100
AcDbEntity
  8
AUX00
100
AcDbMText
 10
4462.280000000001
 20
2099.91
 30
0.0
 40
6.0
 71
1
  1
L420\P100X2870\Pc/rec.\Pe=12cm
  0
MTEXT
  5
643
330
17
100
AcDbEntity
  8
AUX00
100
AcDbMText
 10
4562.280000000001
 20
2099.91
 30
0.0
 40
6.0
 71
1
  1
L420\P100X2870\Pc/rec.\Pe=12cm
  0
MTEXT
  5
644
330
17
100
AcDbEntity
  8
AUX00
100
AcDbMText
 10
4662.280000000001
 20
2099.91
 30
0.0
 40
6.0
 71
1
  1
L420\P100X2870\Pc/rec.\Pe=12cm
  0
MTEXT
  5
645
330
17
100
AcDbEntity
  8
AUX00
100
AcDbMText
 10
4762.280000000001
 20
2099.91
 30
0.0
 40
6.0
 71
1
  1
L420\P100X2870\Pc/rec.\Pe=12cm
  0
MTEXT
  5
646
330
17
100
AcDbEntity
  8
AUX00
100
AcDbMText
 10
4862.280000000001
 20
2099.91
 30
0.0
 40
6.0
 71
1
  1
L420\P100X2870\Pc/rec.\Pe=12cm
  0
MTEXT
  5
647
330
17
100
AcDbEntity
  8
AUX00
100
AcDbMText
 10
4962.280000000001
 20
2099.91
 30
0.0
 40
6.0
 71
1
  1
L420\P100X2870\Pc/rec.\Pe=12cm
  0
MTEXT
  5
648
330
17
100
AcDbEntity
  8
AUX00
100
AcDbMText
 10
5062.280000000001
 20
2099.91
 30
0.0
 40
6.0
 71
1
  1
L420\P100X2870\Pc/rec.\Pe=12cm
  0
MTEXT
  5
649
330
17
100
AcDbEntity
  8
AUX00
100
AcDbMText
 10
5162.280000000001
 20
2099.91
 30
0.0
 40
6.0
 71
1
  1
L420\P100X2870\Pc/rec.\Pe=12cm
  0
MTEXT
  5
64A
330
17
100
AcDbEntity
  8
AUX00
100
AcDbMText
 10
5262.280000000001
 20
2099.91
 30
0.0
 40
6.0
 71
1
  1
L420\P100X2870\Pc/rec.\Pe=12cm
  0
MTEXT
  5
64B
330
17
100
AcDbEntity
  8
AUX00
100
AcDbMText
 10
5362.280000000001
 20
2099.91
 30
0.0
 40
6.0
 71
1
  1
L420\P100X2870\Pc/rec.\Pe=12cm
  0
MTEXT
  5
64C
330
17
100
AcDbEntity
  8
AUX00
100
AcDbMText
 10
5462.280000000001
 20
2099.91
 30
0.0
 40
6.0
 71
1
  1
L420\P100X2870\Pc/rec.\Pe=12cm
  0
MTEXT
  5
64D
330
17
100
AcDbEntity
  8
AUX00
100
AcDbMText
 10
5562.280000000001
 20
2099.91
 30
0.0
 40
6.0
 71
1
  1
L420\P100X2870\Pc/rec.\Pe=12cm
  0
MTEXT
  5
64E
330
17
100
AcDbEntity
  8
AUX00
100
AcDbMText
 10
5662.280000000001
 20
2099.91
 30
0.0
 40
6.0
 71
1
  1
L420\P100X2870\Pc/rec.\Pe=12cm
  0
MTEXT
  5
64F
330
17
100
AcDbEntity
  8
AUX00
100
AcDbMText
 10
5762.280000000001
 20
2099.91
 30
0.0
 40
6.0
 71
1
  1
L420\P100X2870\Pc/rec.\Pe=12cm
  0
MTEXT
  5
650
330
17
100
AcDbEntity
  8
AUX00
100
AcDbMText
 10
5862.280000000001
 20
2099.91
 30
0.0
 40
6.0
 71
1
  1
L420\P100X2870\Pc/rec.\Pe=12cm
  0
MTEXT
  5
651
330
17
100
AcDbEntity
  8
AUX00
100
AcDbMText
 10
5962.280000000001
 20
2099.91
 30
0.0
 40
6.0
 71
1
  1
L420\P100X2870\Pc/rec.\Pe=12cm
  0
MTEXT
  5
652
330
17
100
AcDbEntity
  8
AUX00
100
AcDbMText
 10
6062.280000000001
 20
2099.91
 30
0.0
 40
6.0
 71
1
  1
L420\P100X2870\Pc/rec.\Pe=12cm
  0
MTEXT
  5
653
330
17
100
AcDbEntity
  8
AUX00
100
AcDbMText
 10
6162.280000000001
 20
2099.91
 30
0.0
 40
6.0
 71
1
  1
L420\P100X2870\Pc/rec.\Pe=12cm
  0
MTEXT
  5
654
330
17
100
AcDbEntity
  8
AUX00
100
AcDbMText
 10
6262.280000000001
 20
2099.91
 30
0.0
 40
6.0
 71
1
  1
L420\P100X2870\Pc/rec.\Pe=12cm
  0
MTEXT
  5
655
330
17
100
AcDbEntity
  8
AUX00
100
AcDbMText
 10
6362.280000000001
 20
2099.91
 30
0.0
 40
6.0
 71
1
  1
L420\P100X2870\Pc/rec.\Pe=12cm
  0
MTEXT
  5
656
330
17
100
AcDbEntity
  8
AUX00
100
AcDbMText
 10
6462.280000000001
 20
2099.91
 30
0.0
 40
6.0
 71
1
  1
L420\P100X2870\Pc/rec.\Pe=12cm
  0
MTEXT
  5
657
330
17
100
AcDbEntity
  8
AUX00
100
AcDbMText
 10
6554.380000000001
 20
2099.91
 30
0.0
 40
6.0
 71
1
  1
L420\P84X2870\Pc/rec.\Pe=12cm
  0
MTEXT
  5
658
330
17
100
AcDbEntity
  8
NOMENCLATURA
100
AcDbMText
 10
612.2800000000002
 20
3564.91
 30
0.0
 40
10.0
 71
1
  1
12 PAV - L420  5984x2870cm  e=12cm  paineis: 61x1
  0
LWPOLYLINE
  5
659
330
17
100
AcDbEntity
  8
Contorno
100
AcDbPolyline
 90
5
 70
1
 10
3883.77
 20
1995.1100000000001
 10
4008.77
 20
1995.1100000000001
 10
4008.77
 20
2195.11
 10
3883.77
 20
2195.11
 10
3883.77
 20
1995.1100000000001
  0
LWPOLYLINE
  5
65A
330
17
100
AcDbEntity
  8
Paineis
100
AcDbPolyline
 90
4
 70
1
 10
3883.77
 20
1995.1100000000001
 10
3983.77
 20
1995.1100000000001
 10
3983.77
 20
2120.11
 10
3883.77
 20
2120.11
  0
LWPOLYLINE
  5
65B
330
17
100
AcDbEntity
  8
Paineis
100
AcDbPolyline
 90
4
 70
1
 10
3983.77
 20
1995.1100000000001
 10
4083.77
 20
1995.1100000000001
 10
4083.77
 20
2120.11
 10
3983.77
 20
2120.11
  0
MTEXT
  5
65C
330
17
100
AcDbEntity
  8
Texto Secao
100
AcDbMText
 10
3983.77
 20
2057.61
 30
0.0
 40
8.0
 71
1
  1
L421\Pe=12cm
  0
MTEXT
  5
65D
330
17
100
AcDbEntity
  8
AUX00
100
AcDbMText
 10
3933.77
 20
2057.61
 30
0.0
 40
6.0
 71
1
  1
L421\P100X125\Pc/rec.\Pe=12cm
  0
MTEXT
  5
65E
330
17
100
AcDbEntity
  8
AUX00
100
AcDbMText
 10
4033.77
 20
2057.61
 30
0.0
 40
6.0
 71
1
  1
L421\P100X125\Pc/rec.\Pe=12cm
  0
MTEXT
  5
65F
330
17
100
AcDbEntity
  8
NOMENCLATURA
100
AcDbMText
 10
3883.77
 20
2150.11
 30
0.0
 40
10.0
 71
1
  1
12 PAV - L421  200x125cm  e=12cm  paineis: 3x1
  0
LWPOLYLINE
  5
660
330
17
100
AcDbEntity
  8
Contorno
100
AcDbPolyline
 90
5
 70
1
 10
4268.48
 20
1973.4899999999998
 10
4268.48
 20
2224.49
 10
4670.98
 20
2224.49
 10
4670.98
 20
1973.4899999999998
 10
4268.48
 20
1973.4899999999998
  0
LWPOLYLINE
  5
661
330
17
100
AcDbEntity
  8
Paineis
100
AcDbPolyline
 90
4
 70
1
 10
4268.48
 20
1973.4899999999998
 10
4368.48
 20
1973.4899999999998
 10
4368.48
 20
2224.49
 10
4268.48
 20
2224.49
  0
LWPOLYLINE
  5
662
330
17
100
AcDbEntity
  8
Paineis
100
AcDbPolyline
 90
4
 70
1
 10
4368.48
 20
1973.4899999999998
 10
4468.48
 20
1973.4899999999998
 10
4468.48
 20
2224.49
 10
4368.48
 20
2224.49
  0
LWPOLYLINE
  5
663
330
17
100
AcDbEntity
  8
Paineis
100
AcDbPolyline
 90
4
 70
1
 10
4468.48
 20
1973.4899999999998
 10
4568.48
 20
1973.4899999999998
 10
4568.48
 20
2224.49
 10
4468.48
 20
2224.49
  0
LWPOLYLINE
  5
664
330
17
100
AcDbEntity
  8
Paineis
100
AcDbPolyline
 90
4
 70
1
 10
4568.48
 20
1973.4899999999998
 10
4668.48
 20
1973.4899999999998
 10
4668.48
 20
2224.49
 10
4568.48
 20
2224.49
  0
LWPOLYLINE
  5
665
330
17
100
AcDbEntity
  8
Paineis
100
AcDbPolyline
 90
4
 70
1
 10
4668.48
 20
1973.4899999999998
 10
4670.98
 20
1973.4899999999998
 10
4670.98
 20
2224.49
 10
4668.48
 20
2224.49
  0
MTEXT
  5
666
330
17
100
AcDbEntity
  8
Texto Secao
100
AcDbMText
 10
4469.73
 20
2098.99
 30
0.0
 40
16.1
 71
1
  1
L422\Pe=12cm
  0
MTEXT
  5
667
330
17
100
AcDbEntity
  8
AUX00
100
AcDbMText
 10
4318.48
 20
2098.99
 30
0.0
 40
6.0
 71
1
  1
L422\P100X251\Pc/rec.\Pe=12cm
  0
MTEXT
  5
668
330
17
100
AcDbEntity
  8
AUX00
100
AcDbMText
 10
4418.48
 20
2098.99
 30
0.0
 40
6.0
 71
1
  1
L422\P100X251\Pc/rec.\Pe=12cm
  0
MTEXT
  5
669
330
17
100
AcDbEntity
  8
AUX00
100
AcDbMText
 10
4518.48
 20
2098.99
 30
0.0
 40
6.0
 71
1
  1
L422\P100X251\Pc/rec.\Pe=12cm
  0
MTEXT
  5
66A
330
17
100
AcDbEntity
  8
AUX00
100
AcDbMText
 10
4618.48
 20
2098.99
 30
0.0
 40
6.0
 71
1
  1
L422\P100X251\Pc/rec.\Pe=12cm
  0
MTEXT
  5
66B
330
17
100
AcDbEntity
  8
AUX00
100
AcDbMText
 10
4669.73
 20
2098.99
 30
0.0
 40
6.0
 71
1
  1
L422\P2X251\Pc/rec.\Pe=12cm
  0
MTEXT
  5
66C
330
17
100
AcDbEntity
  8
NOMENCLATURA
100
AcDbMText
 10
4268.48
 20
2254.49
 30
0.0
 40
10.0
 71
1
  1
12 PAV - L422  402x251cm  e=12cm  paineis: 6x1
  0
ENDSEC
  0
SECTION
  2
OBJECTS
  0
DICTIONARY
  5
A
330
0
100
AcDbDictionary
281
1
  3
ACAD_COLOR
350
B
  3
ACAD_GROUP
350
C
  3
ACAD_LAYOUT
350
D
  3
ACAD_MATERIAL
350
E
  3
ACAD_MLEADERSTYLE
350
F
  3
ACAD_MLINESTYLE
350
10
  3
ACAD_PLOTSETTINGS
350
11
  3
ACAD_PLOTSTYLENAME
350
12
  3
ACAD_SCALELIST
350
14
  3
ACAD_TABLESTYLE
350
15
  3
ACAD_VISUALSTYLE
350
16
  3
EZDXF_META
350
2D
  0
DICTIONARY
  5
B
330
A
100
AcDbDictionary
281
1
  0
DICTIONARY
  5
C
330
A
100
AcDbDictionary
281
1
  0
DICTIONARY
  5
D
330
A
100
AcDbDictionary
281
1
  3
Model
350
1A
  3
Layout1
350
1E
  0
DICTIONARY
  5
E
330
A
100
AcDbDictionary
281
1
  3
ByBlock
350
1F
  3
ByLayer
350
20
  3
Global
350
21
  0
DICTIONARY
  5
F
330
A
100
AcDbDictionary
281
1
  3
Standard
350
2C
  0
DICTIONARY
  5
10
330
A
100
AcDbDictionary
281
1
  3
Standard
350
22
  0
DICTIONARY
  5
11
330
A
100
AcDbDictionary
281
1
  0
ACDBDICTIONARYWDFLT
  5
12
330
A
100
AcDbDictionary
281
1
  3
Normal
350
13
100
AcDbDictionaryWithDefault
340
13
  0
ACDBPLACEHOLDER
  5
13
330
12
  0
DICTIONARY
  5
14
330
A
100
AcDbDictionary
281
1
  0
DICTIONARY
  5
15
330
A
100
AcDbDictionary
281
1
  0
DICTIONARY
  5
16
330
A
100
AcDbDictionary
281
1
  0
LAYOUT
  5
1A
330
D
100
AcDbPlotSettings
  1

  4
A3
  6

 40
7.5
 41
20.0
 42
7.5
 43
20.0
 44
420.0
 45
297.0
 46
0.0
 47
0.0
 48
0.0
 49
0.0
140
0.0
141
0.0
142
1.0
143
1.0
 70
1024
 72
1
 73
0
 74
5
  7

 75
16
 76
0
 77
2
 78
300
147
1.0
148
0.0
149
0.0
100
AcDbLayout
  1
Model
 70
1
 71
0
 10
0.0
 20
0.0
 11
420.0
 21
297.0
 12
0.0
 22
0.0
 32
0.0
 14
1e+20
 24
1e+20
 34
1e+20
 15
-1e+20
 25
-1e+20
 35
-1e+20
146
0.0
 13
0.0
 23
0.0
 33
0.0
 16
1.0
 26
0.0
 36
0.0
 17
0.0
 27
1.0
 37
0.0
 76
1
330
17
  0
LAYOUT
  5
1E
330
D
100
AcDbPlotSettings
  1

  4
A3
  6

 40
7.5
 41
20.0
 42
7.5
 43
20.0
 44
420.0
 45
297.0
 46
0.0
 47
0.0
 48
0.0
 49
0.0
140
0.0
141
0.0
142
1.0
143
1.0
 70
0
 72
1
 73
0
 74
5
  7

 75
16
 76
0
 77
2
 78
300
147
1.0
148
0.0
149
0.0
100
AcDbLayout
  1
Layout1
 70
1
 71
1
 10
0.0
 20
0.0
 11
420.0
 21
297.0
 12
0.0
 22
0.0
 32
0.0
 14
1e+20
 24
1e+20
 34
1e+20
 15
-1e+20
 25
-1e+20
 35
-1e+20
146
0.0
 13
0.0
 23
0.0
 33
0.0
 16
1.0
 26
0.0
 36
0.0
 17
0.0
 27
1.0
 37
0.0
 76
1
330
1B
  0
MATERIAL
  5
1F
102
{ACAD_REACTORS
330
E
102
}
330
E
100
AcDbMaterial
  1
ByBlock
  2

 70
0
 40
1.0
 71
1
 41
1.0
 91
-1023410177
 42
1.0
 72
1
  3

 73
1
 74
1
 75
1
 44
0.5
 73
0
 45
1.0
 46
1.0
 77
1
  4

 78
1
 79
1
170
1
 48
1.0
171
1
  6

172
1
173
1
174
1
140
1.0
141
1.0
175
1
  7

176
1
177
1
178
1
143
1.0
179
1
  8

270
1
271
1
272
1
145
1.0
146
1.0
273
1
  9

274
1
275
1
276
1
 42
1.0
 72
1
  3

 73
1
 74
1
 75
1
 94
63
  0
MATERIAL
  5
20
102
{ACAD_REACTORS
330
E
102
}
330
E
100
AcDbMaterial
  1
ByLayer
  2

 70
0
 40
1.0
 71
1
 41
1.0
 91
-1023410177
 42
1.0
 72
1
  3

 73
1
 74
1
 75
1
 44
0.5
 73
0
 45
1.0
 46
1.0
 77
1
  4

 78
1
 79
1
170
1
 48
1.0
171
1
  6

172
1
173
1
174
1
140
1.0
141
1.0
175
1
  7

176
1
177
1
178
1
143
1.0
179
1
  8

270
1
271
1
272
1
145
1.0
146
1.0
273
1
  9

274
1
275
1
276
1
 42
1.0
 72
1
  3

 73
1
 74
1
 75
1
 94
63
  0
MATERIAL
  5
21
102
{ACAD_REACTORS
330
E
102
}
330
E
100
AcDbMaterial
  1
Global
  2

 70
0
 40
1.0
 71
1
 41
1.0
 91
-1023410177
 42
1.0
 72
1
  3

 73
1
 74
1
 75
1
 44
0.5
 73
0
 45
1.0
 46
1.0
 77
1
  4

 78
1
 79
1
170
1
 48
1.0
171
1
  6

172
1
173
1
174
1
140
1.0
141
1.0
175
1
  7

176
1
177
1
178
1
143
1.0
179
1
  8

270
1
271
1
272
1
145
1.0
146
1.0
273
1
  9

274
1
275
1
276
1
 42
1.0
 72
1
  3

 73
1
 74
1
 75
1
 94
63
  0
MLINESTYLE
  5
22
102
{ACAD_REACTORS
330
10
102
}
330
10
100
AcDbMlineStyle
  2
Standard
 70
0
  3

 62
256
 51
90.0
 52
90.0
 71
2
 49
0.5
 62
256
  6
BYLAYER
 49
-0.5
 62
256
  6
BYLAYER
  0
MLEADERSTYLE
  5
2C
102
{ACAD_REACTORS
330
F
102
}
330
F
100
AcDbMLeaderStyle
179
2
170
2
171
1
172
0
 90
2
 40
0.0
 41
0.0
173
1
 91
-1056964608
 92
-2
290
1
 42
2.0
291
1
 43
8.0
  3
Standard
 44
4.0
300

342
29
174
1
175
1
176
0
178
1
 93
-1056964608
 45
4.0
292
0
297
0
 46
4.0
 94
-1056964608
 47
1.0
 49
1.0
140
1.0
294
1
141
0.0
177
0
142
1.0
295
0
296
0
143
3.75
271
0
272
9
273
9
  0
DICTIONARY
  5
2D
330
A
100
AcDbDictionary
280
1
281
1
  3
CREATED_BY_EZDXF
350
2E
  3
WRITTEN_BY_EZDXF
350
66F
  0
DICTIONARYVAR
  5
2E
330
2D
100
DictionaryVariables
280
0
  1
1.4.3 @ 2026-05-28T13:38:28.987920+00:00
  0
DICTIONARYVAR
  5
66F
330
2D
100
DictionaryVariables
280
0
  1
1.4.3 @ 2026-05-28T13:38:31.029881+00:00
  0
ENDSEC
  0
EOF
