  0
SECTION
  2
HEADER
  9
$ACADVER
  1
AC1024
  9
$ACADMAINTVER
 70
6
  9
$DWGCODEPAGE
  3
ANSI_1252
  9
$LASTSAVEDBY
  1
ezdxf
  9
$INSBASE
 10
0.0
 20
0.0
 30
0.0
  9
$EXTMIN
 10
1e+20
 20
1e+20
 30
1e+20
  9
$EXTMAX
 10
-1e+20
 20
-1e+20
 30
-1e+20
  9
$LIMMIN
 10
0.0
 20
0.0
  9
$LIMMAX
 10
420.0
 20
297.0
  9
$ORTHOMODE
 70
0
  9
$REGENMODE
 70
1
  9
$FILLMODE
 70
1
  9
$QTEXTMODE
 70
0
  9
$MIRRTEXT
 70
1
  9
$LTSCALE
 40
1.0
  9
$ATTMODE
 70
1
  9
$TEXTSIZE
 40
2.5
  9
$TRACEWID
 40
1.0
  9
$TEXTSTYLE
  7
Standard
  9
$CLAYER
  8
0
  9
$CELTYPE
  6
ByLayer
  9
$CECOLOR
 62
256
  9
$CELTSCALE
 40
1.0
  9
$DISPSILH
 70
0
  9
$DIMSCALE
 40
1.0
  9
$DIMASZ
 40
2.5
  9
$DIMEXO
 40
0.625
  9
$DIMDLI
 40
3.75
  9
$DIMRND
 40
0.0
  9
$DIMDLE
 40
0.0
  9
$DIMEXE
 40
1.25
  9
$DIMTP
 40
0.0
  9
$DIMTM
 40
0.0
  9
$DIMTXT
 40
2.5
  9
$DIMCEN
 40
2.5
  9
$DIMTSZ
 40
0.0
  9
$DIMTOL
 70
0
  9
$DIMLIM
 70
0
  9
$DIMTIH
 70
0
  9
$DIMTOH
 70
0
  9
$DIMSE1
 70
0
  9
$DIMSE2
 70
0
  9
$DIMTAD
 70
1
  9
$DIMZIN
 70
8
  9
$DIMBLK
  1

  9
$DIMASO
 70
1
  9
$DIMSHO
 70
1
  9
$DIMPOST
  1

  9
$DIMAPOST
  1

  9
$DIMALT
 70
0
  9
$DIMALTD
 70
3
  9
$DIMALTF
 40
0.03937007874
  9
$DIMLFAC
 40
1.0
  9
$DIMTOFL
 70
1
  9
$DIMTVP
 40
0.0
  9
$DIMTIX
 70
0
  9
$DIMSOXD
 70
0
  9
$DIMSAH
 70
0
  9
$DIMBLK1
  1

  9
$DIMBLK2
  1

  9
$DIMSTYLE
  2
ISO-25
  9
$DIMCLRD
 70
0
  9
$DIMCLRE
 70
0
  9
$DIMCLRT
 70
0
  9
$DIMTFAC
 40
1.0
  9
$DIMGAP
 40
0.625
  9
$DIMJUST
 70
0
  9
$DIMSD1
 70
0
  9
$DIMSD2
 70
0
  9
$DIMTOLJ
 70
0
  9
$DIMTZIN
 70
8
  9
$DIMALTZ
 70
0
  9
$DIMALTTZ
 70
0
  9
$DIMUPT
 70
0
  9
$DIMDEC
 70
2
  9
$DIMTDEC
 70
2
  9
$DIMALTU
 70
2
  9
$DIMALTTD
 70
3
  9
$DIMTXSTY
  7
Standard
  9
$DIMAUNIT
 70
0
  9
$DIMADEC
 70
0
  9
$DIMALTRND
 40
0.0
  9
$DIMAZIN
 70
0
  9
$DIMDSEP
 70
44
  9
$DIMATFIT
 70
3
  9
$DIMFRAC
 70
0
  9
$DIMLDRBLK
  1

  9
$DIMLUNIT
 70
2
  9
$DIMLWD
 70
-2
  9
$DIMLWE
 70
-2
  9
$DIMTMOVE
 70
0
  9
$DIMFXL
 40
1.0
  9
$DIMFXLON
 70
0
  9
$DIMJOGANG
 40
0.785398163397
  9
$DIMTFILL
 70
0
  9
$DIMTFILLCLR
 70
0
  9
$DIMARCSYM
 70
0
  9
$DIMLTYPE
  6

  9
$DIMLTEX1
  6

  9
$DIMLTEX2
  6

  9
$DIMTXTDIRECTION
 70
0
  9
$LUNITS
 70
2
  9
$LUPREC
 70
4
  9
$SKETCHINC
 40
1.0
  9
$FILLETRAD
 40
10.0
  9
$AUNITS
 70
0
  9
$AUPREC
 70
2
  9
$MENU
  1
.
  9
$ELEVATION
 40
0.0
  9
$PELEVATION
 40
0.0
  9
$THICKNESS
 40
0.0
  9
$LIMCHECK
 70
0
  9
$CHAMFERA
 40
0.0
  9
$CHAMFERB
 40
0.0
  9
$CHAMFERC
 40
0.0
  9
$CHAMFERD
 40
0.0
  9
$SKPOLY
 70
0
  9
$TDCREATE
 40
2461202.6158564813
  9
$TDUCREATE
 40
2458532.153996898
  9
$TDUPDATE
 40
2461202.6158564813
  9
$TDUUPDATE
 40
2458532.1544311
  9
$TDINDWG
 40
0.0
  9
$TDUSRTIMER
 40
0.0
  9
$USRTIMER
 70
1
  9
$ANGBASE
 50
0.0
  9
$ANGDIR
 70
0
  9
$PDMODE
 70
0
  9
$PDSIZE
 40
0.0
  9
$PLINEWID
 40
0.0
  9
$SPLFRAME
 70
0
  9
$SPLINETYPE
 70
6
  9
$SPLINESEGS
 70
8
  9
$HANDSEED
  5
276
  9
$SURFTAB1
 70
6
  9
$SURFTAB2
 70
6
  9
$SURFTYPE
 70
6
  9
$SURFU
 70
6
  9
$SURFV
 70
6
  9
$UCSBASE
  2

  9
$UCSNAME
  2

  9
$UCSORG
 10
0.0
 20
0.0
 30
0.0
  9
$UCSXDIR
 10
1.0
 20
0.0
 30
0.0
  9
$UCSYDIR
 10
0.0
 20
1.0
 30
0.0
  9
$UCSORTHOREF
  2

  9
$UCSORTHOVIEW
 70
0
  9
$UCSORGTOP
 10
0.0
 20
0.0
 30
0.0
  9
$UCSORGBOTTOM
 10
0.0
 20
0.0
 30
0.0
  9
$UCSORGLEFT
 10
0.0
 20
0.0
 30
0.0
  9
$UCSORGRIGHT
 10
0.0
 20
0.0
 30
0.0
  9
$UCSORGFRONT
 10
0.0
 20
0.0
 30
0.0
  9
$UCSORGBACK
 10
0.0
 20
0.0
 30
0.0
  9
$PUCSBASE
  2

  9
$PUCSNAME
  2

  9
$PUCSORG
 10
0.0
 20
0.0
 30
0.0
  9
$PUCSXDIR
 10
1.0
 20
0.0
 30
0.0
  9
$PUCSYDIR
 10
0.0
 20
1.0
 30
0.0
  9
$PUCSORTHOREF
  2

  9
$PUCSORTHOVIEW
 70
0
  9
$PUCSORGTOP
 10
0.0
 20
0.0
 30
0.0
  9
$PUCSORGBOTTOM
 10
0.0
 20
0.0
 30
0.0
  9
$PUCSORGLEFT
 10
0.0
 20
0.0
 30
0.0
  9
$PUCSORGRIGHT
 10
0.0
 20
0.0
 30
0.0
  9
$PUCSORGFRONT
 10
0.0
 20
0.0
 30
0.0
  9
$PUCSORGBACK
 10
0.0
 20
0.0
 30
0.0
  9
$USERI1
 70
0
  9
$USERI2
 70
0
  9
$USERI3
 70
0
  9
$USERI4
 70
0
  9
$USERI5
 70
0
  9
$USERR1
 40
0.0
  9
$USERR2
 40
0.0
  9
$USERR3
 40
0.0
  9
$USERR4
 40
0.0
  9
$USERR5
 40
0.0
  9
$WORLDVIEW
 70
1
  9
$SHADEDGE
 70
3
  9
$SHADEDIF
 70
70
  9
$TILEMODE
 70
1
  9
$MAXACTVP
 70
64
  9
$PINSBASE
 10
0.0
 20
0.0
 30
0.0
  9
$PLIMCHECK
 70
0
  9
$PEXTMIN
 10
1e+20
 20
1e+20
 30
1e+20
  9
$PEXTMAX
 10
-1e+20
 20
-1e+20
 30
-1e+20
  9
$PLIMMIN
 10
0.0
 20
0.0
  9
$PLIMMAX
 10
420.0
 20
297.0
  9
$UNITMODE
 70
0
  9
$VISRETAIN
 70
1
  9
$PLINEGEN
 70
0
  9
$PSLTSCALE
 70
1
  9
$TREEDEPTH
 70
3020
  9
$CMLSTYLE
  2
Standard
  9
$CMLJUST
 70
0
  9
$CMLSCALE
 40
20.0
  9
$PROXYGRAPHICS
 70
1
  9
$MEASUREMENT
 70
1
  9
$CELWEIGHT
370
-1
  9
$ENDCAPS
280
0
  9
$JOINSTYLE
280
0
  9
$LWDISPLAY
290
0
  9
$INSUNITS
 70
6
  9
$HYPERLINKBASE
  1

  9
$STYLESHEET
  1

  9
$XEDIT
290
1
  9
$CEPSNTYPE
380
0
  9
$PSTYLEMODE
290
1
  9
$FINGERPRINTGUID
  2
{36394AE2-0BC5-459F-A3ED-EE74B1EE66F6}
  9
$VERSIONGUID
  2
{FEBBAE3B-DDF5-4F08-8E34-B1B53B86A2CB}
  9
$EXTNAMES
290
1
  9
$PSVPSCALE
 40
0.0
  9
$OLESTARTUP
290
0
  9
$SORTENTS
280
127
  9
$INDEXCTL
280
0
  9
$HIDETEXT
280
1
  9
$XCLIPFRAME
280
1
  9
$HALOGAP
280
0
  9
$OBSCOLOR
 70
257
  9
$OBSLTYPE
280
0
  9
$INTERSECTIONDISPLAY
280
0
  9
$INTERSECTIONCOLOR
 70
257
  9
$DIMASSOC
280
2
  9
$PROJECTNAME
  1

  9
$CAMERADISPLAY
290
0
  9
$LENSLENGTH
 40
50.0
  9
$CAMERAHEIGHT
 40
0.0
  9
$STEPSPERSEC
 40
24.0
  9
$STEPSIZE
 40
100.0
  9
$3DDWFPREC
 40
2.0
  9
$PSOLWIDTH
 40
0.005
  9
$PSOLHEIGHT
 40
0.08
  9
$LOFTANG1
 40
1.570796326795
  9
$LOFTANG2
 40
1.570796326795
  9
$LOFTMAG1
 40
0.0
  9
$LOFTMAG2
 40
0.0
  9
$LOFTPARAM
 70
7
  9
$LOFTNORMALS
280
1
  9
$LATITUDE
 40
37.795
  9
$LONGITUDE
 40
-122.394
  9
$NORTHDIRECTION
 40
0.0
  9
$TIMEZONE
 70
-8000
  9
$LIGHTGLYPHDISPLAY
280
1
  9
$TILEMODELIGHTSYNCH
280
1
  9
$CMATERIAL
347
20
  9
$SOLIDHIST
280
0
  9
$SHOWHIST
280
1
  9
$DWFFRAME
280
2
  9
$DGNFRAME
280
2
  9
$REALWORLDSCALE
290
1
  9
$INTERFERECOLOR
 62
256
  9
$CSHADOW
280
0
  9
$SHADOWPLANELOCATION
 40
0.0
  0
ENDSEC
  0
SECTION
  2
CLASSES
  0
CLASS
  1
ACDBDICTIONARYWDFLT
  2
AcDbDictionaryWithDefault
  3
ObjectDBX Classes
 90
0
 91
0
280
0
281
0
  0
CLASS
  1
SUN
  2
AcDbSun
  3
SCENEOE
 90
1153
 91
0
280
0
281
0
  0
CLASS
  1
VISUALSTYLE
  2
AcDbVisualStyle
  3
ObjectDBX Classes
 90
4095
 91
0
280
0
281
0
  0
CLASS
  1
MATERIAL
  2
AcDbMaterial
  3
ObjectDBX Classes
 90
1153
 91
0
280
0
281
0
  0
CLASS
  1
SCALE
  2
AcDbScale
  3
ObjectDBX Classes
 90
1153
 91
0
280
0
281
0
  0
CLASS
  1
TABLESTYLE
  2
AcDbTableStyle
  3
ObjectDBX Classes
 90
4095
 91
0
280
0
281
0
  0
CLASS
  1
MLEADERSTYLE
  2
AcDbMLeaderStyle
  3
ACDB_MLEADERSTYLE_CLASS
 90
4095
 91
0
280
0
281
0
  0
CLASS
  1
DICTIONARYVAR
  2
AcDbDictionaryVar
  3
ObjectDBX Classes
 90
0
 91
0
280
0
281
0
  0
CLASS
  1
CELLSTYLEMAP
  2
AcDbCellStyleMap
  3
ObjectDBX Classes
 90
1152
 91
0
280
0
281
0
  0
CLASS
  1
MENTALRAYRENDERSETTINGS
  2
AcDbMentalRayRenderSettings
  3
SCENEOE
 90
1024
 91
0
280
0
281
0
  0
CLASS
  1
ACDBDETAILVIEWSTYLE
  2
AcDbDetailViewStyle
  3
ObjectDBX Classes
 90
1025
 91
0
280
0
281
0
  0
CLASS
  1
ACDBSECTIONVIEWSTYLE
  2
AcDbSectionViewStyle
  3
ObjectDBX Classes
 90
1025
 91
0
280
0
281
0
  0
CLASS
  1
RASTERVARIABLES
  2
AcDbRasterVariables
  3
ISM
 90
0
 91
0
280
0
281
0
  0
CLASS
  1
ACDBPLACEHOLDER
  2
AcDbPlaceHolder
  3
ObjectDBX Classes
 90
0
 91
0
280
0
281
0
  0
CLASS
  1
LAYOUT
  2
AcDbLayout
  3
ObjectDBX Classes
 90
0
 91
0
280
0
281
0
  0
ENDSEC
  0
SECTION
  2
TABLES
  0
TABLE
  2
VPORT
  5
8
330
0
100
AcDbSymbolTable
 70
1
  0
VPORT
  5
23
330
8
100
AcDbSymbolTableRecord
100
AcDbViewportTableRecord
  2
*Active
 70
0
 10
0.0
 20
0.0
 11
1.0
 21
1.0
 12
0.0
 22
0.0
 13
0.0
 23
0.0
 14
0.5
 24
0.5
 15
0.5
 25
0.5
 16
0.0
 26
0.0
 36
1.0
 17
0.0
 27
0.0
 37
0.0
 40
1000.0
 41
1.34
 42
50.0
 43
0.0
 44
0.0
 50
0.0
 51
0.0
 71
0
 72
1000
 73
1
 74
3
 75
0
 76
0
 77
0
 78
0
281
0
 65
0
146
0.0
  0
ENDTAB
  0
TABLE
  2
LTYPE
  5
2
330
0
100
AcDbSymbolTable
 70
3
  0
LTYPE
  5
24
330
2
100
AcDbSymbolTableRecord
100
AcDbLinetypeTableRecord
  2
ByBlock
 70
0
  3

 72
65
 73
0
 40
0.0
  0
LTYPE
  5
25
330
2
100
AcDbSymbolTableRecord
100
AcDbLinetypeTableRecord
  2
ByLayer
 70
0
  3

 72
65
 73
0
 40
0.0
  0
LTYPE
  5
26
330
2
100
AcDbSymbolTableRecord
100
AcDbLinetypeTableRecord
  2
Continuous
 70
0
  3

 72
65
 73
0
 40
0.0
  0
ENDTAB
  0
TABLE
  2
LAYER
  5
1
330
0
100
AcDbSymbolTable
 70
18
  0
LAYER
  5
27
330
1
100
AcDbSymbolTableRecord
100
AcDbLayerTableRecord
  2
0
 70
0
 62
7
  6
Continuous
370
-3
390
13
347
21
  0
LAYER
  5
28
330
1
100
AcDbSymbolTableRecord
100
AcDbLayerTableRecord
  2
Defpoints
 70
0
 62
7
  6
Continuous
290
0
370
-3
390
13
347
21
  0
LAYER
  5
2F
330
1
100
AcDbSymbolTableRecord
100
AcDbLayerTableRecord
  2
detalhes
 70
0
 62
7
  6
Continuous
370
-3
390
13
347
21
  0
LAYER
  5
30
330
1
100
AcDbSymbolTableRecord
100
AcDbLayerTableRecord
  2
barrote
 70
0
 62
7
  6
Continuous
370
-3
390
13
347
21
  0
LAYER
  5
31
330
1
100
AcDbSymbolTableRecord
100
AcDbLayerTableRecord
  2
SARR_3.5x7
 70
0
 62
7
  6
Continuous
370
-3
390
13
347
21
  0
LAYER
  5
32
330
1
100
AcDbSymbolTableRecord
100
AcDbLayerTableRecord
  2
COTA
 70
0
 62
7
  6
Continuous
370
-3
390
13
347
21
  0
LAYER
  5
33
330
1
100
AcDbSymbolTableRecord
100
AcDbLayerTableRecord
  2
Hachura
 70
0
 62
7
  6
Continuous
370
-3
390
13
347
21
  0
LAYER
  5
34
330
1
100
AcDbSymbolTableRecord
100
AcDbLayerTableRecord
  2
CONCRETO
 70
0
 62
7
  6
Continuous
370
-3
390
13
347
21
  0
LAYER
  5
35
330
1
100
AcDbSymbolTableRecord
100
AcDbLayerTableRecord
  2
SCO-___-LAJ
 70
0
 62
7
  6
Continuous
370
-3
390
13
347
21
  0
LAYER
  5
36
330
1
100
AcDbSymbolTableRecord
100
AcDbLayerTableRecord
  2
Madeira
 70
0
 62
7
  6
Continuous
370
-3
390
13
347
21
  0
LAYER
  5
37
330
1
100
AcDbSymbolTableRecord
100
AcDbLayerTableRecord
  2
Cota Seção (2x)
 70
0
 62
7
  6
Continuous
370
-3
390
13
347
21
  0
LAYER
  5
38
330
1
100
AcDbSymbolTableRecord
100
AcDbLayerTableRecord
  2
Painéis
 70
0
 62
7
  6
Continuous
370
-3
390
13
347
21
  0
LAYER
  5
39
330
1
100
AcDbSymbolTableRecord
100
AcDbLayerTableRecord
  2
TENSOR
 70
0
 62
7
  6
Continuous
370
-3
390
13
347
21
  0
LAYER
  5
3A
330
1
100
AcDbSymbolTableRecord
100
AcDbLayerTableRecord
  2
presilha
 70
0
 62
7
  6
Continuous
370
-3
390
13
347
21
  0
LAYER
  5
3B
330
1
100
AcDbSymbolTableRecord
100
AcDbLayerTableRecord
  2
texto
 70
0
 62
7
  6
Continuous
370
-3
390
13
347
21
  0
LAYER
  5
3C
330
1
100
AcDbSymbolTableRecord
100
AcDbLayerTableRecord
  2
Texto Seção
 70
0
 62
7
  6
Continuous
370
-3
390
13
347
21
  0
LAYER
  5
3D
330
1
100
AcDbSymbolTableRecord
100
AcDbLayerTableRecord
  2
SARR_2.2x7
 70
0
 62
7
  6
Continuous
370
-3
390
13
347
21
  0
LAYER
  5
3E
330
1
100
AcDbSymbolTableRecord
100
AcDbLayerTableRecord
  2
5
 70
0
 62
7
  6
Continuous
370
-3
390
13
347
21
  0
ENDTAB
  0
TABLE
  2
STYLE
  5
5
330
0
100
AcDbSymbolTable
 70
1
  0
STYLE
  5
29
330
5
100
AcDbSymbolTableRecord
100
AcDbTextStyleTableRecord
  2
Standard
 70
0
 40
0.0
 41
1.0
 50
0.0
 71
0
 42
2.5
  3
txt
  4

  0
ENDTAB
  0
TABLE
  2
VIEW
  5
7
330
0
100
AcDbSymbolTable
 70
0
  0
ENDTAB
  0
TABLE
  2
UCS
  5
6
330
0
100
AcDbSymbolTable
 70
0
  0
ENDTAB
  0
TABLE
  2
APPID
  5
3
330
0
100
AcDbSymbolTable
 70
3
  0
APPID
  5
2A
330
3
100
AcDbSymbolTableRecord
100
AcDbRegAppTableRecord
  2
ACAD
 70
0
  0
APPID
  5
273
330
3
100
AcDbSymbolTableRecord
100
AcDbRegAppTableRecord
  2
HATCHBACKGROUNDCOLOR
 70
0
  0
APPID
  5
274
330
3
100
AcDbSymbolTableRecord
100
AcDbRegAppTableRecord
  2
EZDXF
 70
0
  0
ENDTAB
  0
TABLE
  2
DIMSTYLE
  5
4
330
0
100
AcDbSymbolTable
 70
1
100
AcDbDimStyleTable
  0
DIMSTYLE
105
2B
330
4
100
AcDbSymbolTableRecord
100
AcDbDimStyleTableRecord
  2
Standard
 70
0
 40
1.0
 41
2.5
 42
0.625
 43
3.75
 44
1.25
 45
0.0
 46
0.0
 47
0.0
 48
0.0
 49
2.5
140
2.5
141
2.5
142
0.0
143
0.03937007874
144
1.0
145
0.0
146
1.0
147
0.625
148
0.0
 69
0
 70
0
 71
0
 72
0
 73
0
 74
0
 75
0
 76
0
 77
1
 78
8
 79
3
170
0
171
3
172
1
173
0
174
0
175
0
176
0
177
0
178
0
179
2
271
2
272
2
273
2
274
3
275
0
276
0
277
2
278
44
279
0
280
0
281
0
282
0
283
0
284
8
285
0
286
0
288
0
289
3
290
0
371
-2
372
-2
  0
ENDTAB
  0
TABLE
  2
BLOCK_RECORD
  5
9
330
0
100
AcDbSymbolTable
 70
2
  0
BLOCK_RECORD
  5
17
330
9
100
AcDbSymbolTableRecord
100
AcDbBlockTableRecord
  2
*Model_Space
340
1A
 70
0
280
1
281
0
  0
BLOCK_RECORD
  5
1B
330
9
100
AcDbSymbolTableRecord
100
AcDbBlockTableRecord
  2
*Paper_Space
340
1E
 70
0
280
1
281
0
  0
ENDTAB
  0
ENDSEC
  0
SECTION
  2
BLOCKS
  0
BLOCK
  5
18
330
17
100
AcDbEntity
  8
0
100
AcDbBlockBegin
  2
*Model_Space
 70
0
 10
0.0
 20
0.0
 30
0.0
  3
*Model_Space
  1

  0
ENDBLK
  5
19
330
17
100
AcDbEntity
  8
0
100
AcDbBlockEnd
  0
BLOCK
  5
1C
330
1B
100
AcDbEntity
  8
0
100
AcDbBlockBegin
  2
*Paper_Space
 70
0
 10
0.0
 20
0.0
 30
0.0
  3
*Paper_Space
  1

  0
ENDBLK
  5
1D
330
1B
100
AcDbEntity
  8
0
100
AcDbBlockEnd
  0
ENDSEC
  0
SECTION
  2
ENTITIES
  0
LINE
  5
3F
330
17
100
AcDbEntity
  8
COTA
 62
241
370
25
100
AcDbLine
 10
5327.027766173217
 20
3552.872006563585
 30
0.0
 11
5327.027766173217
 21
3566.872006563585
 31
0.0
  0
LINE
  5
40
330
17
100
AcDbEntity
  8
COTA
 62
241
370
25
100
AcDbLine
 10
5327.027766173217
 20
3566.872006563585
 30
0.0
 11
5543.027766173223
 21
3566.872006563585
 31
0.0
  0
LINE
  5
41
330
17
100
AcDbEntity
  8
COTA
 62
241
370
25
100
AcDbLine
 10
5543.027766173223
 20
3552.872006563585
 30
0.0
 11
5543.027766173223
 21
3566.872006563585
 31
0.0
  0
LINE
  5
42
330
17
100
AcDbEntity
  8
Painéis
 62
200
370
25
100
AcDbLine
 10
5327.027766173217
 20
3552.872006563585
 30
0.0
 11
5543.027766173223
 21
3552.872006563585
 31
0.0
  0
LINE
  5
43
330
17
100
AcDbEntity
  8
Painéis
 62
200
370
25
100
AcDbLine
 10
5327.027766173217
 20
3522.872006563586
 30
0.0
 11
5543.027766173223
 21
3522.872006563586
 31
0.0
  0
LINE
  5
44
330
17
100
AcDbEntity
  8
Painéis
 62
200
370
25
100
AcDbLine
 10
5327.027766173217
 20
3522.872006563586
 30
0.0
 11
5327.027766173217
 21
3552.872006563585
 31
0.0
  0
LINE
  5
45
330
17
100
AcDbEntity
  8
Painéis
 62
200
370
25
100
AcDbLine
 10
5449.027766173223
 20
3522.872006563586
 30
0.0
 11
5449.027766173223
 21
3552.872006563585
 31
0.0
  0
LINE
  5
46
330
17
100
AcDbEntity
  8
Painéis
 62
200
370
25
100
AcDbLine
 10
5543.027766173223
 20
3522.872006563586
 30
0.0
 11
5543.027766173223
 21
3552.872006563585
 31
0.0
  0
LINE
  5
47
330
17
100
AcDbEntity
  8
SARR_2.2x7
 62
40
370
25
100
AcDbLine
 10
5334.027766173214
 20
3522.872006563586
 30
0.0
 11
5334.027766173214
 21
3552.872006563585
 31
0.0
  0
LINE
  5
48
330
17
100
AcDbEntity
  8
SARR_2.2x7
 62
40
370
25
100
AcDbLine
 10
5536.027766173223
 20
3522.872006563586
 30
0.0
 11
5536.027766173223
 21
3552.872006563585
 31
0.0
  0
LINE
  5
49
330
17
100
AcDbEntity
  8
SARR_2.2x7
 62
40
370
25
100
AcDbLine
 10
5342.027766173217
 20
3550.672006563588
 30
0.0
 11
5449.027766173223
 21
3550.672006563619
 31
0.0
  0
LINE
  5
4A
330
17
100
AcDbEntity
  8
SARR_3.5x7
 62
81
370
25
100
AcDbLine
 10
5342.027766173217
 20
3552.8720065636
 30
0.0
 11
5342.027766173218
 21
3522.872006563586
 31
0.0
  0
LINE
  5
4B
330
17
100
AcDbEntity
  8
SARR_3.5x7
 62
81
370
25
100
AcDbLine
 10
5345.527766173217
 20
3550.672006563603
 30
0.0
 11
5345.527766173218
 21
3522.872006563586
 31
0.0
  0
LINE
  5
4C
330
17
100
AcDbEntity
  8
SARR_2.2x7
 62
40
370
25
100
AcDbLine
 10
5449.027766173221
 20
3550.672006563592
 30
0.0
 11
5528.02776617321
 21
3550.672006563592
 31
0.0
  0
LINE
  5
4D
330
17
100
AcDbEntity
  8
SARR_3.5x7
 62
81
370
25
100
AcDbLine
 10
5528.027766173211
 20
3552.872006563575
 30
0.0
 11
5528.02776617321
 21
3522.872006563586
 31
0.0
  0
LINE
  5
4E
330
17
100
AcDbEntity
  8
SARR_3.5x7
 62
81
370
25
100
AcDbLine
 10
5524.527766173211
 20
3550.672006563578
 30
0.0
 11
5524.527766173209
 21
3522.872006563586
 31
0.0
  0
LINE
  5
4F
330
17
100
AcDbEntity
  8
SARR_3.5x7
 62
81
370
25
100
AcDbLine
 10
5452.527766173251
 20
3550.672006563644
 30
0.0
 11
5452.527766173276
 21
3522.872006563586
 31
0.0
  0
LINE
  5
50
330
17
100
AcDbEntity
  8
SARR_3.5x7
 62
81
370
25
100
AcDbLine
 10
5445.527766173164
 20
3550.672006563701
 30
0.0
 11
5445.527766173142
 21
3522.872006563586
 31
0.0
  0
LINE
  5
51
330
17
100
AcDbEntity
  8
0
 62
7
370
25
100
AcDbLine
 10
5062.893109151702
 20
3449.250956234511
 30
0.0
 11
5062.893109151702
 21
3437.250956234512
 31
0.0
  0
LINE
  5
52
330
17
100
AcDbEntity
  8
0
 62
7
370
25
100
AcDbLine
 10
5198.893109151732
 20
3446.250956234526
 30
0.0
 11
5198.893109151732
 21
3440.250956234526
 31
0.0
  0
LINE
  5
53
330
17
100
AcDbEntity
  8
0
 62
7
370
25
100
AcDbLine
 10
5196.893109151732
 20
3449.250956234526
 30
0.0
 11
5196.893109151732
 21
3437.250956234526
 31
0.0
  0
LINE
  5
54
330
17
100
AcDbEntity
  8
0
 62
7
370
25
100
AcDbLine
 10
5196.893109151732
 20
3440.250956234526
 30
0.0
 11
5198.893109151732
 21
3440.250956234526
 31
0.0
  0
LINE
  5
55
330
17
100
AcDbEntity
  8
0
 62
7
370
25
100
AcDbLine
 10
5062.893109151702
 20
3437.250956234512
 30
0.0
 11
5092.893109151702
 21
3437.250956234512
 31
0.0
  0
LINE
  5
56
330
17
100
AcDbEntity
  8
0
 62
7
370
25
100
AcDbLine
 10
5166.893109151732
 20
3442.250956234526
 30
0.0
 11
5196.893109151732
 21
3442.250956234526
 31
0.0
  0
LINE
  5
57
330
17
100
AcDbEntity
  8
0
 62
7
370
25
100
AcDbLine
 10
5166.893109151732
 20
3444.250956234526
 30
0.0
 11
5196.893109151732
 21
3444.250956234526
 31
0.0
  0
LINE
  5
58
330
17
100
AcDbEntity
  8
TENSOR
 62
3
370
25
100
AcDbLine
 10
5201.893109151732
 20
3443.250956234511
 30
0.0
 11
5057.589814973604
 21
3443.250956234511
 31
0.0
  0
LINE
  5
59
330
17
100
AcDbEntity
  8
0
 62
7
370
25
100
AcDbLine
 10
5196.893109151732
 20
3446.250956234526
 30
0.0
 11
5198.893109151732
 21
3446.250956234526
 31
0.0
  0
LINE
  5
5A
330
17
100
AcDbEntity
  8
0
 62
7
370
25
100
AcDbLine
 10
5092.893109151702
 20
3442.250956234512
 30
0.0
 11
5062.893109151702
 21
3442.250956234512
 31
0.0
  0
LINE
  5
5B
330
17
100
AcDbEntity
  8
0
 62
7
370
25
100
AcDbLine
 10
5092.893109151702
 20
3444.250956234512
 30
0.0
 11
5062.893109151702
 21
3444.250956234512
 31
0.0
  0
LINE
  5
5C
330
17
100
AcDbEntity
  8
0
 62
7
370
25
100
AcDbLine
 10
5062.893109151702
 20
3449.250956234511
 30
0.0
 11
5092.893109151702
 21
3449.250956234511
 31
0.0
  0
LINE
  5
5D
330
17
100
AcDbEntity
  8
0
 62
7
370
25
100
AcDbLine
 10
5196.893109151732
 20
3437.250956234526
 30
0.0
 11
5166.893109151732
 21
3437.250956234526
 31
0.0
  0
LINE
  5
5E
330
17
100
AcDbEntity
  8
0
 62
7
370
25
100
AcDbLine
 10
5196.893109151732
 20
3449.250956234526
 30
0.0
 11
5166.893109151732
 21
3449.250956234526
 31
0.0
  0
LINE
  5
5F
330
17
100
AcDbEntity
  8
0
 62
7
370
25
100
AcDbLine
 10
5060.893109151702
 20
3446.250956234511
 30
0.0
 11
5060.893109151702
 21
3440.250956234512
 31
0.0
  0
LINE
  5
60
330
17
100
AcDbEntity
  8
0
 62
7
370
25
100
AcDbLine
 10
5062.893109151702
 20
3440.250956234512
 30
0.0
 11
5060.893109151702
 21
3440.250956234512
 31
0.0
  0
LINE
  5
61
330
17
100
AcDbEntity
  8
0
 62
7
370
25
100
AcDbLine
 10
5060.893109151702
 20
3446.250956234511
 30
0.0
 11
5062.893109151702
 21
3446.250956234511
 31
0.0
  0
LINE
  5
62
330
17
100
AcDbEntity
  8
Painéis
 62
200
370
25
100
AcDbLine
 10
5672.794133733026
 20
3566.872006563585
 30
0.0
 11
5853.794133733032
 21
3566.872006563585
 31
0.0
  0
LINE
  5
63
330
17
100
AcDbEntity
  8
Painéis
 62
200
370
25
100
AcDbLine
 10
5672.794133733026
 20
3522.872006563586
 30
0.0
 11
5853.794133733032
 21
3522.872006563586
 31
0.0
  0
LINE
  5
64
330
17
100
AcDbEntity
  8
Painéis
 62
200
370
25
100
AcDbLine
 10
5672.794133733026
 20
3522.872006563586
 30
0.0
 11
5672.794133733026
 21
3566.872006563585
 31
0.0
  0
LINE
  5
65
330
17
100
AcDbEntity
  8
Painéis
 62
200
370
25
100
AcDbLine
 10
5853.794133733032
 20
3522.872006563586
 30
0.0
 11
5853.794133733032
 21
3566.872006563585
 31
0.0
  0
LINE
  5
66
330
17
100
AcDbEntity
  8
SARR_2.2x7
 62
40
370
25
100
AcDbLine
 10
5679.794133733022
 20
3522.872006563586
 30
0.0
 11
5679.794133733022
 21
3566.872006563585
 31
0.0
  0
LINE
  5
67
330
17
100
AcDbEntity
  8
SARR_2.2x7
 62
40
370
25
100
AcDbLine
 10
5846.794133733031
 20
3522.872006563586
 30
0.0
 11
5846.794133733031
 21
3566.872006563585
 31
0.0
  0
LINE
  5
68
330
17
100
AcDbEntity
  8
SARR_2.2x7
 62
40
370
25
100
AcDbLine
 10
5687.794133733025
 20
3564.672006563589
 30
0.0
 11
5838.79413373302
 21
3564.672006563576
 31
0.0
  0
LINE
  5
69
330
17
100
AcDbEntity
  8
SARR_3.5x7
 62
81
370
25
100
AcDbLine
 10
5687.794133733025
 20
3566.8720065636
 30
0.0
 11
5687.794133733027
 21
3522.872006563586
 31
0.0
  0
LINE
  5
6A
330
17
100
AcDbEntity
  8
SARR_3.5x7
 62
81
370
25
100
AcDbLine
 10
5691.294133733026
 20
3564.672006563603
 30
0.0
 11
5691.294133733027
 21
3522.872006563586
 31
0.0
  0
LINE
  5
6B
330
17
100
AcDbEntity
  8
SARR_3.5x7
 62
81
370
25
100
AcDbLine
 10
5838.794133733021
 20
3566.872006563575
 30
0.0
 11
5838.794133733017
 21
3522.872006563586
 31
0.0
  0
LINE
  5
6C
330
17
100
AcDbEntity
  8
SARR_3.5x7
 62
81
370
25
100
AcDbLine
 10
5835.294133733021
 20
3564.672006563578
 30
0.0
 11
5835.294133733018
 21
3522.872006563586
 31
0.0
  0
LINE
  5
6D
330
17
100
AcDbEntity
  8
Painéis
 62
200
370
25
100
AcDbLine
 10
5869.560435101899
 20
3566.872006563585
 30
0.0
 11
5923.560435101904
 21
3566.872006563585
 31
0.0
  0
LINE
  5
6E
330
17
100
AcDbEntity
  8
Painéis
 62
200
370
25
100
AcDbLine
 10
5869.560435101899
 20
3522.872006563586
 30
0.0
 11
5923.560435101904
 21
3522.872006563583
 31
0.0
  0
LINE
  5
6F
330
17
100
AcDbEntity
  8
Painéis
 62
200
370
25
100
AcDbLine
 10
5869.560435101899
 20
3522.872006563586
 30
0.0
 11
5869.560435101899
 21
3566.872006563585
 31
0.0
  0
LINE
  5
70
330
17
100
AcDbEntity
  8
Painéis
 62
200
370
25
100
AcDbLine
 10
5923.560435101904
 20
3522.872006563584
 30
0.0
 11
5923.560435101904
 21
3566.872006563585
 31
0.0
  0
LINE
  5
71
330
17
100
AcDbEntity
  8
SARR_2.2x7
 62
40
370
25
100
AcDbLine
 10
5876.560435101895
 20
3522.872006563586
 30
0.0
 11
5876.560435101895
 21
3566.872006563585
 31
0.0
  0
LINE
  5
72
330
17
100
AcDbEntity
  8
SARR_2.2x7
 62
40
370
25
100
AcDbLine
 10
5916.560435101904
 20
3522.872006563586
 30
0.0
 11
5916.560435101904
 21
3566.872006563585
 31
0.0
  0
LINE
  5
73
330
17
100
AcDbEntity
  8
SARR_2.2x7
 62
40
370
25
100
AcDbLine
 10
5884.560435101898
 20
3564.672006563589
 30
0.0
 11
5908.560435101892
 21
3564.672006563576
 31
0.0
  0
LINE
  5
74
330
17
100
AcDbEntity
  8
SARR_3.5x7
 62
81
370
25
100
AcDbLine
 10
5884.560435101898
 20
3566.8720065636
 30
0.0
 11
5884.560435101899
 21
3522.872006563586
 31
0.0
  0
LINE
  5
75
330
17
100
AcDbEntity
  8
SARR_3.5x7
 62
81
370
25
100
AcDbLine
 10
5888.060435101898
 20
3564.672006563603
 30
0.0
 11
5888.060435101899
 21
3522.872006563586
 31
0.0
  0
LINE
  5
76
330
17
100
AcDbEntity
  8
SARR_3.5x7
 62
81
370
25
100
AcDbLine
 10
5908.560435101893
 20
3566.872006563575
 30
0.0
 11
5908.56043510189
 21
3522.872006563586
 31
0.0
  0
LINE
  5
77
330
17
100
AcDbEntity
  8
SARR_3.5x7
 62
81
370
25
100
AcDbLine
 10
5905.060435101893
 20
3564.672006563578
 30
0.0
 11
5905.060435101891
 21
3522.872006563586
 31
0.0
  0
LINE
  5
78
330
17
100
AcDbEntity
  8
COTA
 62
241
370
25
100
AcDbLine
 10
4977.707468427921
 20
3276.459475030365
 30
0.0
 11
6347.707468427921
 21
3276.459475030365
 31
0.0
  0
LINE
  5
79
330
17
100
AcDbEntity
  8
COTA
 62
241
370
25
100
AcDbLine
 10
5327.027766173231
 20
3203.050582887728
 30
0.0
 11
5327.027766173231
 21
3217.050582887728
 31
0.0
  0
LINE
  5
7A
330
17
100
AcDbEntity
  8
COTA
 62
241
370
25
100
AcDbLine
 10
5327.027766173231
 20
3217.050582887728
 30
0.0
 11
5775.027766173238
 21
3217.050582887728
 31
0.0
  0
LINE
  5
7B
330
17
100
AcDbEntity
  8
COTA
 62
241
370
25
100
AcDbLine
 10
5775.027766173238
 20
3173.050582887728
 30
0.0
 11
5775.027766173238
 21
3217.050582887728
 31
0.0
  0
LINE
  5
7C
330
17
100
AcDbEntity
  8
Painéis
 62
200
370
25
100
AcDbLine
 10
5327.027766173231
 20
3203.050582887728
 30
0.0
 11
5745.027766173237
 21
3203.050582887728
 31
0.0
  0
LINE
  5
7D
330
17
100
AcDbEntity
  8
Painéis
 62
200
370
25
100
AcDbLine
 10
5327.027766173231
 20
3163.050582887728
 30
0.0
 11
5775.027766173237
 21
3163.050582887728
 31
0.0
  0
LINE
  5
7E
330
17
100
AcDbEntity
  8
Painéis
 62
200
370
25
100
AcDbLine
 10
5327.027766173231
 20
3163.050582887728
 30
0.0
 11
5327.027766173231
 21
3203.050582887728
 31
0.0
  0
LINE
  5
7F
330
17
100
AcDbEntity
  8
Painéis
 62
200
370
25
100
AcDbLine
 10
5571.027766173237
 20
3163.050582887728
 30
0.0
 11
5571.027766173237
 21
3203.050582887728
 31
0.0
  0
LINE
  5
80
330
17
100
AcDbEntity
  8
Painéis
 62
200
370
25
100
AcDbLine
 10
5745.027766173237
 20
3173.050582887728
 30
0.0
 11
5745.027766173237
 21
3203.050582887728
 31
0.0
  0
LINE
  5
81
330
17
100
AcDbEntity
  8
SARR_2.2x7
 62
40
370
25
100
AcDbLine
 10
5334.027766173228
 20
3163.050582887728
 30
0.0
 11
5334.027766173228
 21
3203.050582887728
 31
0.0
  0
LINE
  5
82
330
17
100
AcDbEntity
  8
SARR_2.2x7
 62
40
370
25
100
AcDbLine
 10
5342.027766173231
 20
3200.85058288773
 30
0.0
 11
5571.027766173237
 21
3200.850582887762
 31
0.0
  0
LINE
  5
83
330
17
100
AcDbEntity
  8
SARR_3.5x7
 62
81
370
25
100
AcDbLine
 10
5342.027766173231
 20
3203.050582887743
 30
0.0
 11
5342.027766173233
 21
3163.050582887728
 31
0.0
  0
LINE
  5
84
330
17
100
AcDbEntity
  8
SARR_3.5x7
 62
81
370
25
100
AcDbLine
 10
5345.527766173232
 20
3200.850582887746
 30
0.0
 11
5345.527766173232
 21
3163.050582887728
 31
0.0
  0
LINE
  5
85
330
17
100
AcDbEntity
  8
SARR_2.2x7
 62
40
370
25
100
AcDbLine
 10
5571.027766173236
 20
3200.850582887734
 30
0.0
 11
5745.027766173237
 21
3200.850582887734
 31
0.0
  0
LINE
  5
86
330
17
100
AcDbEntity
  8
SARR_3.5x7
 62
81
370
25
100
AcDbLine
 10
5745.027766173238
 20
3203.050582887717
 30
0.0
 11
5745.027766173235
 21
3163.050582887728
 31
0.0
  0
LINE
  5
87
330
17
100
AcDbEntity
  8
SARR_3.5x7
 62
81
370
25
100
AcDbLine
 10
5741.527766173238
 20
3200.85058288772
 30
0.0
 11
5741.527766173235
 21
3163.050582887728
 31
0.0
  0
LINE
  5
88
330
17
100
AcDbEntity
  8
SARR_3.5x7
 62
81
370
25
100
AcDbLine
 10
5574.527766173266
 20
3200.850582887786
 30
0.0
 11
5574.52776617329
 21
3163.050582887728
 31
0.0
  0
LINE
  5
89
330
17
100
AcDbEntity
  8
SARR_3.5x7
 62
81
370
25
100
AcDbLine
 10
5567.527766173179
 20
3200.850582887844
 30
0.0
 11
5567.527766173157
 21
3163.050582887728
 31
0.0
  0
LINE
  5
8A
330
17
100
AcDbEntity
  8
0
 62
7
370
25
100
AcDbLine
 10
5062.893109151717
 20
3099.429532558654
 30
0.0
 11
5062.893109151717
 21
3087.429532558654
 31
0.0
  0
LINE
  5
8B
330
17
100
AcDbEntity
  8
0
 62
7
370
25
100
AcDbLine
 10
5198.893109151747
 20
3096.429532558668
 30
0.0
 11
5198.893109151747
 21
3090.429532558668
 31
0.0
  0
LINE
  5
8C
330
17
100
AcDbEntity
  8
0
 62
7
370
25
100
AcDbLine
 10
5196.893109151746
 20
3099.429532558668
 30
0.0
 11
5196.893109151746
 21
3087.429532558668
 31
0.0
  0
LINE
  5
8D
330
17
100
AcDbEntity
  8
0
 62
7
370
25
100
AcDbLine
 10
5196.893109151746
 20
3090.429532558668
 30
0.0
 11
5198.893109151747
 21
3090.429532558668
 31
0.0
  0
LINE
  5
8E
330
17
100
AcDbEntity
  8
0
 62
7
370
25
100
AcDbLine
 10
5062.893109151717
 20
3087.429532558654
 30
0.0
 11
5092.893109151717
 21
3087.429532558654
 31
0.0
  0
LINE
  5
8F
330
17
100
AcDbEntity
  8
0
 62
7
370
25
100
AcDbLine
 10
5166.893109151747
 20
3092.429532558668
 30
0.0
 11
5196.893109151746
 21
3092.429532558668
 31
0.0
  0
LINE
  5
90
330
17
100
AcDbEntity
  8
0
 62
7
370
25
100
AcDbLine
 10
5166.893109151747
 20
3094.429532558669
 30
0.0
 11
5196.893109151746
 21
3094.429532558669
 31
0.0
  0
LINE
  5
91
330
17
100
AcDbEntity
  8
TENSOR
 62
3
370
25
100
AcDbLine
 10
5201.893109151746
 20
3093.429532558654
 30
0.0
 11
5057.589814973619
 21
3093.429532558654
 31
0.0
  0
LINE
  5
92
330
17
100
AcDbEntity
  8
0
 62
7
370
25
100
AcDbLine
 10
5196.893109151746
 20
3096.429532558668
 30
0.0
 11
5198.893109151747
 21
3096.429532558668
 31
0.0
  0
LINE
  5
93
330
17
100
AcDbEntity
  8
0
 62
7
370
25
100
AcDbLine
 10
5092.893109151717
 20
3092.429532558654
 30
0.0
 11
5062.893109151717
 21
3092.429532558654
 31
0.0
  0
LINE
  5
94
330
17
100
AcDbEntity
  8
0
 62
7
370
25
100
AcDbLine
 10
5092.893109151717
 20
3094.429532558654
 30
0.0
 11
5062.893109151717
 21
3094.429532558654
 31
0.0
  0
LINE
  5
95
330
17
100
AcDbEntity
  8
0
 62
7
370
25
100
AcDbLine
 10
5062.893109151717
 20
3099.429532558654
 30
0.0
 11
5092.893109151717
 21
3099.429532558654
 31
0.0
  0
LINE
  5
96
330
17
100
AcDbEntity
  8
0
 62
7
370
25
100
AcDbLine
 10
5196.893109151746
 20
3087.429532558668
 30
0.0
 11
5166.893109151747
 21
3087.429532558668
 31
0.0
  0
LINE
  5
97
330
17
100
AcDbEntity
  8
0
 62
7
370
25
100
AcDbLine
 10
5196.893109151746
 20
3099.429532558668
 30
0.0
 11
5166.893109151747
 21
3099.429532558668
 31
0.0
  0
LINE
  5
98
330
17
100
AcDbEntity
  8
0
 62
7
370
25
100
AcDbLine
 10
5060.893109151717
 20
3096.429532558654
 30
0.0
 11
5060.893109151717
 21
3090.429532558653
 31
0.0
  0
LINE
  5
99
330
17
100
AcDbEntity
  8
0
 62
7
370
25
100
AcDbLine
 10
5062.893109151717
 20
3090.429532558653
 30
0.0
 11
5060.893109151717
 21
3090.429532558653
 31
0.0
  0
LINE
  5
9A
330
17
100
AcDbEntity
  8
0
 62
7
370
25
100
AcDbLine
 10
5060.893109151717
 20
3096.429532558654
 30
0.0
 11
5062.893109151717
 21
3096.429532558654
 31
0.0
  0
LINE
  5
9B
330
17
100
AcDbEntity
  8
Painéis
 62
200
370
25
100
AcDbLine
 10
5327.027766173217
 20
3012.697778219924
 30
0.0
 11
5536.027766173223
 21
3012.697778219924
 31
0.0
  0
LINE
  5
9C
330
17
100
AcDbEntity
  8
Painéis
 62
200
370
25
100
AcDbLine
 10
5327.027766173217
 20
2958.697778219924
 30
0.0
 11
5563.027766173223
 21
2958.697778219924
 31
0.0
  0
LINE
  5
9D
330
17
100
AcDbEntity
  8
Painéis
 62
200
370
25
100
AcDbLine
 10
5327.027766173217
 20
2958.697778219924
 30
0.0
 11
5327.027766173217
 21
3012.697778219924
 31
0.0
  0
LINE
  5
9E
330
17
100
AcDbEntity
  8
Painéis
 62
200
370
25
100
AcDbLine
 10
5449.027766173223
 20
2958.697778219924
 30
0.0
 11
5449.027766173223
 21
3012.697778219924
 31
0.0
  0
LINE
  5
9F
330
17
100
AcDbEntity
  8
Painéis
 62
200
370
25
100
AcDbLine
 10
5563.027766173223
 20
2958.697778219924
 30
0.0
 11
5563.027766173223
 21
2968.697778219924
 31
0.0
  0
LINE
  5
A0
330
17
100
AcDbEntity
  8
SARR_2.2x7
 62
40
370
25
100
AcDbLine
 10
5334.027766173214
 20
2958.697778219924
 30
0.0
 11
5334.027766173214
 21
3012.697778219924
 31
0.0
  0
LINE
  5
A1
330
17
100
AcDbEntity
  8
SARR_2.2x7
 62
40
370
25
100
AcDbLine
 10
5327.027766173216
 20
3005.697778219913
 30
0.0
 11
5372.027766173216
 21
3005.697778219924
 31
0.0
  0
LINE
  5
A2
330
17
100
AcDbEntity
  8
SARR_3.5x7
 62
81
370
25
100
AcDbLine
 10
5372.027766173216
 20
3012.697778219938
 30
0.0
 11
5372.027766173217
 21
2958.697778219924
 31
0.0
  0
LINE
  5
A3
330
17
100
AcDbEntity
  8
SARR_3.5x7
 62
81
370
25
100
AcDbLine
 10
5375.527766173217
 20
3010.497778219941
 30
0.0
 11
5375.527766173217
 21
2958.697778219924
 31
0.0
  0
LINE
  5
A4
330
17
100
AcDbEntity
  8
SARR_2.2x7
 62
40
370
25
100
AcDbLine
 10
5449.027766173221
 20
3010.49777821993
 30
0.0
 11
5536.027766173223
 21
3010.49777821993
 31
0.0
  0
LINE
  5
A5
330
17
100
AcDbEntity
  8
SARR_3.5x7
 62
81
370
25
100
AcDbLine
 10
5536.027766173225
 20
3012.697778219913
 30
0.0
 11
5536.027766173222
 21
2958.697778219924
 31
0.0
  0
LINE
  5
A6
330
17
100
AcDbEntity
  8
SARR_3.5x7
 62
81
370
25
100
AcDbLine
 10
5532.527766173224
 20
3010.497778219916
 30
0.0
 11
5532.527766173221
 21
2958.697778219924
 31
0.0
  0
LINE
  5
A7
330
17
100
AcDbEntity
  8
SARR_3.5x7
 62
81
370
25
100
AcDbLine
 10
5452.527766173251
 20
3010.497778219982
 30
0.0
 11
5452.527766173276
 21
2958.697778219924
 31
0.0
  0
LINE
  5
A8
330
17
100
AcDbEntity
  8
SARR_3.5x7
 62
81
370
25
100
AcDbLine
 10
5445.527766173164
 20
3010.49777822004
 30
0.0
 11
5445.527766173142
 21
2958.697778219924
 31
0.0
  0
LINE
  5
A9
330
17
100
AcDbEntity
  8
COTA
 62
241
370
25
100
AcDbLine
 10
5536.027766173225
 20
3012.697778219936
 30
0.0
 11
5775.027766173228
 21
3012.697778219924
 31
0.0
  0
LINE
  5
AA
330
17
100
AcDbEntity
  8
COTA
 62
241
370
25
100
AcDbLine
 10
5775.027766173228
 20
2998.697778219924
 30
0.0
 11
5775.027766173228
 21
3012.697778219924
 31
0.0
  0
LINE
  5
AB
330
17
100
AcDbEntity
  8
Painéis
 62
200
370
25
100
AcDbLine
 10
5563.027766173223
 20
2998.697778219924
 30
0.0
 11
5775.027766173228
 21
2998.697778219924
 31
0.0
  0
LINE
  5
AC
330
17
100
AcDbEntity
  8
Painéis
 62
200
370
25
100
AcDbLine
 10
5563.027766173223
 20
2958.697778219924
 30
0.0
 11
5775.027766173228
 21
2958.697778219924
 31
0.0
  0
LINE
  5
AD
330
17
100
AcDbEntity
  8
Painéis
 62
200
370
25
100
AcDbLine
 10
5563.027766173223
 20
2958.697778219924
 30
0.0
 11
5563.027766173223
 21
2998.697778219924
 31
0.0
  0
LINE
  5
AE
330
17
100
AcDbEntity
  8
Painéis
 62
200
370
25
100
AcDbLine
 10
5685.027766173227
 20
2958.697778219924
 30
0.0
 11
5685.027766173227
 21
2998.697778219924
 31
0.0
  0
LINE
  5
AF
330
17
100
AcDbEntity
  8
Painéis
 62
200
370
25
100
AcDbLine
 10
5775.027766173228
 20
2958.697778219924
 30
0.0
 11
5775.027766173228
 21
2998.697778219924
 31
0.0
  0
LINE
  5
B0
330
17
100
AcDbEntity
  8
SARR_2.2x7
 62
40
370
25
100
AcDbLine
 10
5768.027766173228
 20
2958.697778219924
 30
0.0
 11
5768.027766173228
 21
2998.697778219924
 31
0.0
  0
LINE
  5
B1
330
17
100
AcDbEntity
  8
SARR_2.2x7
 62
40
370
25
100
AcDbLine
 10
5563.027766173223
 20
2996.497778219927
 30
0.0
 11
5685.027766173227
 21
2996.497778219957
 31
0.0
  0
LINE
  5
B2
330
17
100
AcDbEntity
  8
SARR_3.5x7
 62
81
370
25
100
AcDbLine
 10
5563.027766173223
 20
2998.697778219938
 30
0.0
 11
5563.027766173224
 21
2958.697778219924
 31
0.0
  0
LINE
  5
B3
330
17
100
AcDbEntity
  8
SARR_3.5x7
 62
81
370
25
100
AcDbLine
 10
5566.527766173223
 20
2996.497778219941
 30
0.0
 11
5566.527766173223
 21
2958.697778219924
 31
0.0
  0
LINE
  5
B4
330
17
100
AcDbEntity
  8
SARR_2.2x7
 62
40
370
25
100
AcDbLine
 10
5685.027766173227
 20
2996.49777821993
 30
0.0
 11
5760.027766173215
 21
2996.49777821993
 31
0.0
  0
LINE
  5
B5
330
17
100
AcDbEntity
  8
SARR_3.5x7
 62
81
370
25
100
AcDbLine
 10
5760.027766173217
 20
2998.697778219913
 30
0.0
 11
5760.027766173214
 21
2958.697778219924
 31
0.0
  0
LINE
  5
B6
330
17
100
AcDbEntity
  8
SARR_3.5x7
 62
81
370
25
100
AcDbLine
 10
5756.527766173217
 20
2996.497778219916
 30
0.0
 11
5756.527766173214
 21
2958.697778219924
 31
0.0
  0
LINE
  5
B7
330
17
100
AcDbEntity
  8
SARR_3.5x7
 62
81
370
25
100
AcDbLine
 10
5688.527766173257
 20
2996.497778219982
 30
0.0
 11
5688.527766173281
 21
2958.697778219924
 31
0.0
  0
LINE
  5
B8
330
17
100
AcDbEntity
  8
SARR_3.5x7
 62
81
370
25
100
AcDbLine
 10
5681.52776617317
 20
2996.49777822004
 30
0.0
 11
5681.527766173148
 21
2958.697778219924
 31
0.0
  0
LINE
  5
B9
330
17
100
AcDbEntity
  8
Painéis
 62
200
370
25
100
AcDbLine
 10
5536.027766173223
 20
3012.697778219924
 30
0.0
 11
5536.027766173223
 21
2968.697778219924
 31
0.0
  0
LINE
  5
BA
330
17
100
AcDbEntity
  8
Painéis
 62
200
370
25
100
AcDbLine
 10
5536.027766173223
 20
2968.697778219924
 30
0.0
 11
5563.027766173223
 21
2968.697778219924
 31
0.0
  0
LINE
  5
BB
330
17
100
AcDbEntity
  8
SARR_2.2x7
 62
40
370
25
100
AcDbLine
 10
5563.027766173223
 20
2963.697778219924
 30
0.0
 11
5536.027766173222
 21
2963.697778219924
 31
0.0
  0
LINE
  5
BC
330
17
100
AcDbEntity
  8
Painéis
 62
200
370
25
100
AcDbLine
 10
5775.027766173237
 20
3163.050582887728
 30
0.0
 11
5775.027766173237
 21
3173.050582887728
 31
0.0
  0
LINE
  5
BD
330
17
100
AcDbEntity
  8
Painéis
 62
200
370
25
100
AcDbLine
 10
5775.027766173237
 20
3173.050582887728
 30
0.0
 11
5745.027766173237
 21
3173.050582887728
 31
0.0
  0
LINE
  5
BE
330
17
100
AcDbEntity
  8
SARR_2.2x7
 62
40
370
25
100
AcDbLine
 10
5775.027766173237
 20
3168.050582887728
 30
0.0
 11
5745.027766173237
 21
3168.05058288773
 31
0.0
  0
LINE
  5
BF
330
17
100
AcDbEntity
  8
SARR_2.2x7
 62
40
370
25
100
AcDbLine
 10
5768.027766173236
 20
3163.050582887728
 30
0.0
 11
5768.027766173236
 21
3173.050582887728
 31
0.0
  0
LINE
  5
C0
330
17
100
AcDbEntity
  8
SARR_2.2x7
 62
40
370
25
100
AcDbLine
 10
5372.027766173216
 20
3010.497778219938
 30
0.0
 11
5449.027766173223
 21
3010.497778219958
 31
0.0
  0
LINE
  5
C1
330
17
100
AcDbEntity
  8
COTA
 62
4
370
25
100
AcDbLine
 10
5327.027766173217
 20
3519.872006563586
 30
0.0
 11
5327.027766173217
 21
3479.335128476406
 31
0.0
  0
LINE
  5
C2
330
17
100
AcDbEntity
  8
COTA
 62
4
370
25
100
AcDbLine
 10
5449.027766173223
 20
3519.8720065636
 30
0.0
 11
5449.027766173223
 21
3479.335128476406
 31
0.0
  0
LINE
  5
C3
330
17
100
AcDbEntity
  8
COTA
 62
4
370
25
100
AcDbLine
 10
5327.027766173217
 20
3482.335128476406
 30
0.0
 11
5449.027766173223
 21
3482.335128476406
 31
0.0
  0
LINE
  5
C4
330
17
100
AcDbEntity
  8
COTA
 62
0
370
25
100
AcDbLine
 10
5328.527766173217
 20
3483.835128476406
 30
0.0
 11
5325.527766173217
 21
3480.835128476406
 31
0.0
  0
LINE
  5
C5
330
17
100
AcDbEntity
  8
COTA
 62
0
370
25
100
AcDbLine
 10
5447.527766173223
 20
3480.835128476406
 30
0.0
 11
5450.527766173223
 21
3483.835128476406
 31
0.0
  0
LINE
  5
C6
330
17
100
AcDbEntity
  8
COTA
 62
4
370
25
100
AcDbLine
 10
5449.027766173223
 20
3519.8720065636
 30
0.0
 11
5449.027766173223
 21
3479.335128476406
 31
0.0
  0
LINE
  5
C7
330
17
100
AcDbEntity
  8
COTA
 62
4
370
25
100
AcDbLine
 10
5543.027766173223
 20
3519.872006563586
 30
0.0
 11
5543.027766173223
 21
3479.335128476406
 31
0.0
  0
LINE
  5
C8
330
17
100
AcDbEntity
  8
COTA
 62
4
370
25
100
AcDbLine
 10
5449.027766173223
 20
3482.335128476406
 30
0.0
 11
5543.027766173223
 21
3482.335128476406
 31
0.0
  0
LINE
  5
C9
330
17
100
AcDbEntity
  8
COTA
 62
0
370
25
100
AcDbLine
 10
5450.527766173223
 20
3483.835128476406
 30
0.0
 11
5447.527766173223
 21
3480.835128476406
 31
0.0
  0
LINE
  5
CA
330
17
100
AcDbEntity
  8
COTA
 62
0
370
25
100
AcDbLine
 10
5541.527766173223
 20
3480.835128476406
 30
0.0
 11
5544.527766173223
 21
3483.835128476406
 31
0.0
  0
LINE
  5
CB
330
17
100
AcDbEntity
  8
COTA
 62
4
370
25
100
AcDbLine
 10
5327.027766173217
 20
3519.872006563586
 30
0.0
 11
5327.027766173217
 21
3449.789893114254
 31
0.0
  0
LINE
  5
CC
330
17
100
AcDbEntity
  8
COTA
 62
4
370
25
100
AcDbLine
 10
5543.027766173223
 20
3519.872006563586
 30
0.0
 11
5543.027766173223
 21
3449.789893114254
 31
0.0
  0
LINE
  5
CD
330
17
100
AcDbEntity
  8
COTA
 62
4
370
25
100
AcDbLine
 10
5327.027766173217
 20
3452.789893114255
 30
0.0
 11
5543.027766173223
 21
3452.789893114255
 31
0.0
  0
LINE
  5
CE
330
17
100
AcDbEntity
  8
COTA
 62
0
370
25
100
AcDbLine
 10
5328.527766173217
 20
3454.289893114255
 30
0.0
 11
5325.527766173217
 21
3451.289893114255
 31
0.0
  0
LINE
  5
CF
330
17
100
AcDbEntity
  8
COTA
 62
0
370
25
100
AcDbLine
 10
5541.527766173223
 20
3451.289893114255
 30
0.0
 11
5544.527766173223
 21
3454.289893114255
 31
0.0
  0
LINE
  5
D0
330
17
100
AcDbEntity
  8
COTA
 62
4
370
25
100
AcDbLine
 10
5074.293109151756
 20
3413.280898706222
 30
0.0
 11
4999.916386062563
 21
3413.280898706222
 31
0.0
  0
LINE
  5
D1
330
17
100
AcDbEntity
  8
COTA
 62
4
370
25
100
AcDbLine
 10
5052.293109151757
 20
3501.280898706215
 30
0.0
 11
4999.916386062563
 21
3501.280898706215
 31
0.0
  0
LINE
  5
D2
330
17
100
AcDbEntity
  8
COTA
 62
4
370
25
100
AcDbLine
 10
5002.916386062563
 20
3413.280898706222
 30
0.0
 11
5002.916386062563
 21
3501.280898706215
 31
0.0
  0
LINE
  5
D3
330
17
100
AcDbEntity
  8
COTA
 62
4
370
25
100
AcDbLine
 10
5185.493109151739
 20
3413.280898706222
 30
0.0
 11
5228.764841910066
 21
3413.280898706222
 31
0.0
  0
LINE
  5
D4
330
17
100
AcDbEntity
  8
COTA
 62
4
370
25
100
AcDbLine
 10
5169.893109151744
 20
3501.280898706222
 30
0.0
 11
5228.764841910066
 21
3501.280898706222
 31
0.0
  0
LINE
  5
D5
330
17
100
AcDbEntity
  8
COTA
 62
4
370
25
100
AcDbLine
 10
5225.764841910066
 20
3413.280898706222
 30
0.0
 11
5225.764841910066
 21
3501.280898706222
 31
0.0
  0
LINE
  5
D6
330
17
100
AcDbEntity
  8
Cota Seção (2x)
 62
180
370
25
100
AcDbLine
 10
5144.393109153391
 20
3451.61423203952
 30
0.0
 11
5144.393109153391
 21
3470.947565372853
 31
0.0
  0
LINE
  5
D7
330
17
100
AcDbEntity
  8
Cota Seção (2x)
 62
180
370
25
100
AcDbLine
 10
5144.393109153391
 20
3470.947565372853
 30
0.0
 11
5129.39310915339
 21
3470.947565372853
 31
0.0
  0
LINE
  5
D8
330
17
100
AcDbEntity
  8
Cota Seção (2x)
 62
180
370
25
100
AcDbLine
 10
5129.39310915339
 20
3470.947565372853
 30
0.0
 11
5129.39310915339
 21
3451.61423203952
 31
0.0
  0
LINE
  5
D9
330
17
100
AcDbEntity
  8
Cota Seção (2x)
 62
180
370
25
100
AcDbLine
 10
5129.39310915339
 20
3451.61423203952
 30
0.0
 11
5144.393109153391
 21
3451.61423203952
 31
0.0
  0
LINE
  5
DA
330
17
100
AcDbEntity
  8
COTA
 62
4
370
25
100
AcDbLine
 10
5052.293109151757
 20
3501.280898706215
 30
0.0
 11
5019.235814548025
 21
3501.280898706215
 31
0.0
  0
LINE
  5
DB
330
17
100
AcDbEntity
  8
COTA
 62
4
370
25
100
AcDbLine
 10
5052.293109151757
 20
3477.280898706193
 30
0.0
 11
5019.235814548025
 21
3477.280898706193
 31
0.0
  0
LINE
  5
DC
330
17
100
AcDbEntity
  8
COTA
 62
4
370
25
100
AcDbLine
 10
5022.235814548025
 20
3501.280898706215
 30
0.0
 11
5022.235814548025
 21
3477.280898706193
 31
0.0
  0
LINE
  5
DD
330
17
100
AcDbEntity
  8
COTA
 62
4
370
25
100
AcDbLine
 10
5052.293109151757
 20
3473.280898706193
 30
0.0
 11
5019.235814548358
 21
3473.280898706193
 31
0.0
  0
LINE
  5
DE
330
17
100
AcDbEntity
  8
COTA
 62
4
370
25
100
AcDbLine
 10
5074.293109151756
 20
3413.280898706222
 30
0.0
 11
5019.235814548358
 21
3413.280898706222
 31
0.0
  0
LINE
  5
DF
330
17
100
AcDbEntity
  8
COTA
 62
4
370
25
100
AcDbLine
 10
5022.235814548357
 20
3473.280898706193
 30
0.0
 11
5022.235814548357
 21
3413.280898706222
 31
0.0
  0
LINE
  5
E0
330
17
100
AcDbEntity
  8
COTA
 62
4
370
25
100
AcDbLine
 10
5110.893109151732
 20
3410.280898706213
 30
0.0
 11
5110.893109151732
 21
3365.55408490403
 31
0.0
  0
LINE
  5
E1
330
17
100
AcDbEntity
  8
COTA
 62
4
370
25
100
AcDbLine
 10
5148.893109151732
 20
3410.280898706213
 30
0.0
 11
5148.893109151732
 21
3365.55408490403
 31
0.0
  0
LINE
  5
E2
330
17
100
AcDbEntity
  8
COTA
 62
4
370
25
100
AcDbLine
 10
5110.893109151732
 20
3368.55408490403
 30
0.0
 11
5148.893109151732
 21
3368.55408490403
 31
0.0
  0
LINE
  5
E3
330
17
100
AcDbEntity
  8
COTA
 62
4
370
25
100
AcDbLine
 10
5054.589814973606
 20
3443.250956234513
 30
0.0
 11
5036.035201704309
 21
3443.250956234513
 31
0.0
  0
LINE
  5
E4
330
17
100
AcDbEntity
  8
COTA
 62
4
370
25
100
AcDbLine
 10
5054.589814973606
 20
3413.280898706222
 30
0.0
 11
5036.035201704309
 21
3413.280898706222
 31
0.0
  0
LINE
  5
E5
330
17
100
AcDbEntity
  8
COTA
 62
4
370
25
100
AcDbLine
 10
5039.035201704308
 20
3443.250956234513
 30
0.0
 11
5039.035201704308
 21
3413.280898706222
 31
0.0
  0
LINE
  5
E6
330
17
100
AcDbEntity
  8
Cota Seção (2x)
 62
180
370
25
100
AcDbLine
 10
5120.893109151702
 20
3433.28089870622
 30
0.0
 11
5138.893109151702
 21
3433.28089870622
 31
0.0
  0
LINE
  5
E7
330
17
100
AcDbEntity
  8
Cota Seção (2x)
 62
180
370
25
100
AcDbLine
 10
5138.893109151702
 20
3433.28089870622
 30
0.0
 11
5138.893109151702
 21
3448.28089870622
 31
0.0
  0
LINE
  5
E8
330
17
100
AcDbEntity
  8
Cota Seção (2x)
 62
180
370
25
100
AcDbLine
 10
5138.893109151702
 20
3448.28089870622
 30
0.0
 11
5120.893109151702
 21
3448.28089870622
 31
0.0
  0
LINE
  5
E9
330
17
100
AcDbEntity
  8
Cota Seção (2x)
 62
180
370
25
100
AcDbLine
 10
5120.893109151702
 20
3448.28089870622
 30
0.0
 11
5120.893109151702
 21
3433.28089870622
 31
0.0
  0
LINE
  5
EA
330
17
100
AcDbEntity
  8
COTA
 62
4
370
25
100
AcDbLine
 10
5672.794133733026
 20
3519.872006563586
 30
0.0
 11
5672.794133733026
 21
3459.89880637485
 31
0.0
  0
LINE
  5
EB
330
17
100
AcDbEntity
  8
COTA
 62
4
370
25
100
AcDbLine
 10
5853.794133733032
 20
3519.872006563586
 30
0.0
 11
5853.794133733032
 21
3459.89880637485
 31
0.0
  0
LINE
  5
EC
330
17
100
AcDbEntity
  8
COTA
 62
4
370
25
100
AcDbLine
 10
5672.794133733026
 20
3462.89880637485
 30
0.0
 11
5853.794133733032
 21
3462.89880637485
 31
0.0
  0
LINE
  5
ED
330
17
100
AcDbEntity
  8
COTA
 62
0
370
25
100
AcDbLine
 10
5674.294133733026
 20
3464.39880637485
 30
0.0
 11
5671.294133733026
 21
3461.39880637485
 31
0.0
  0
LINE
  5
EE
330
17
100
AcDbEntity
  8
COTA
 62
0
370
25
100
AcDbLine
 10
5852.294133733032
 20
3461.39880637485
 30
0.0
 11
5855.294133733032
 21
3464.39880637485
 31
0.0
  0
LINE
  5
EF
330
17
100
AcDbEntity
  8
COTA
 62
4
370
25
100
AcDbLine
 10
5869.560435101899
 20
3519.872006563586
 30
0.0
 11
5869.560435101899
 21
3459.89880637485
 31
0.0
  0
LINE
  5
F0
330
17
100
AcDbEntity
  8
COTA
 62
4
370
25
100
AcDbLine
 10
5923.560435101903
 20
3519.872006563583
 30
0.0
 11
5923.560435101903
 21
3459.89880637485
 31
0.0
  0
LINE
  5
F1
330
17
100
AcDbEntity
  8
COTA
 62
4
370
25
100
AcDbLine
 10
5869.560435101899
 20
3462.89880637485
 30
0.0
 11
5923.560435101903
 21
3462.89880637485
 31
0.0
  0
LINE
  5
F2
330
17
100
AcDbEntity
  8
COTA
 62
0
370
25
100
AcDbLine
 10
5871.060435101899
 20
3464.39880637485
 30
0.0
 11
5868.060435101899
 21
3461.39880637485
 31
0.0
  0
LINE
  5
F3
330
17
100
AcDbEntity
  8
COTA
 62
0
370
25
100
AcDbLine
 10
5922.060435101903
 20
3461.39880637485
 30
0.0
 11
5925.060435101903
 21
3464.39880637485
 31
0.0
  0
LINE
  5
F4
330
17
100
AcDbEntity
  8
COTA
 62
4
370
25
100
AcDbLine
 10
5926.560435101905
 20
3566.872006563587
 30
0.0
 11
5974.064736046
 21
3566.872006563587
 31
0.0
  0
LINE
  5
F5
330
17
100
AcDbEntity
  8
COTA
 62
4
370
25
100
AcDbLine
 10
5926.560435101905
 20
3522.872006563587
 30
0.0
 11
5974.064736046
 21
3522.872006563587
 31
0.0
  0
LINE
  5
F6
330
17
100
AcDbEntity
  8
COTA
 62
4
370
25
100
AcDbLine
 10
5971.064736046
 20
3566.872006563587
 30
0.0
 11
5971.064736046
 21
3522.872006563587
 31
0.0
  0
LINE
  5
F7
330
17
100
AcDbEntity
  8
COTA
 62
0
370
25
100
AcDbLine
 10
5972.564736046
 20
3565.372006563587
 30
0.0
 11
5969.564736046
 21
3568.372006563587
 31
0.0
  0
LINE
  5
F8
330
17
100
AcDbEntity
  8
COTA
 62
0
370
25
100
AcDbLine
 10
5969.564736046
 20
3524.372006563587
 30
0.0
 11
5972.564736046
 21
3521.372006563587
 31
0.0
  0
LINE
  5
F9
330
17
100
AcDbEntity
  8
COTA
 62
4
370
25
100
AcDbLine
 10
5546.027766173224
 20
3552.872006563588
 30
0.0
 11
5572.213402055719
 21
3552.872006563588
 31
0.0
  0
LINE
  5
FA
330
17
100
AcDbEntity
  8
COTA
 62
4
370
25
100
AcDbLine
 10
5546.027766173224
 20
3522.872006563587
 30
0.0
 11
5572.213402055719
 21
3522.872006563587
 31
0.0
  0
LINE
  5
FB
330
17
100
AcDbEntity
  8
COTA
 62
4
370
25
100
AcDbLine
 10
5569.213402055719
 20
3552.872006563588
 30
0.0
 11
5569.213402055719
 21
3522.872006563587
 31
0.0
  0
LINE
  5
FC
330
17
100
AcDbEntity
  8
COTA
 62
0
370
25
100
AcDbLine
 10
5570.713402055719
 20
3551.372006563588
 30
0.0
 11
5567.713402055719
 21
3554.372006563588
 31
0.0
  0
LINE
  5
FD
330
17
100
AcDbEntity
  8
COTA
 62
0
370
25
100
AcDbLine
 10
5567.713402055719
 20
3524.372006563587
 30
0.0
 11
5570.713402055719
 21
3521.372006563587
 31
0.0
  0
LINE
  5
FE
330
17
100
AcDbEntity
  8
COTA
 62
4
370
25
100
AcDbLine
 10
5546.027766173224
 20
3552.872006563588
 30
0.0
 11
5572.213402055718
 21
3552.872006563588
 31
0.0
  0
LINE
  5
FF
330
17
100
AcDbEntity
  8
COTA
 62
4
370
25
100
AcDbLine
 10
5546.027766173224
 20
3566.872006563587
 30
0.0
 11
5572.213402055718
 21
3566.872006563587
 31
0.0
  0
LINE
  5
100
330
17
100
AcDbEntity
  8
COTA
 62
4
370
25
100
AcDbLine
 10
5569.213402055718
 20
3552.872006563588
 30
0.0
 11
5569.213402055718
 21
3566.872006563587
 31
0.0
  0
LINE
  5
101
330
17
100
AcDbEntity
  8
COTA
 62
4
370
25
100
AcDbLine
 10
5569.213402055718
 20
3566.872006563587
 30
0.0
 11
5569.213402055718
 21
3585.988965627915
 31
0.0
  0
LINE
  5
102
330
17
100
AcDbEntity
  8
COTA
 62
0
370
25
100
AcDbLine
 10
5567.713402055718
 20
3554.372006563588
 30
0.0
 11
5570.713402055718
 21
3551.372006563588
 31
0.0
  0
LINE
  5
103
330
17
100
AcDbEntity
  8
COTA
 62
0
370
25
100
AcDbLine
 10
5570.713402055718
 20
3565.372006563587
 30
0.0
 11
5567.713402055718
 21
3568.372006563587
 31
0.0
  0
LINE
  5
104
330
17
100
AcDbEntity
  8
COTA
 62
4
370
25
100
AcDbLine
 10
5546.027766173224
 20
3566.872006563587
 30
0.0
 11
5593.532067117322
 21
3566.872006563587
 31
0.0
  0
LINE
  5
105
330
17
100
AcDbEntity
  8
COTA
 62
4
370
25
100
AcDbLine
 10
5546.027766173224
 20
3522.872006563587
 30
0.0
 11
5593.532067117322
 21
3522.872006563587
 31
0.0
  0
LINE
  5
106
330
17
100
AcDbEntity
  8
COTA
 62
4
370
25
100
AcDbLine
 10
5590.532067117322
 20
3566.872006563587
 30
0.0
 11
5590.532067117322
 21
3522.872006563587
 31
0.0
  0
LINE
  5
107
330
17
100
AcDbEntity
  8
COTA
 62
0
370
25
100
AcDbLine
 10
5592.032067117322
 20
3565.372006563587
 30
0.0
 11
5589.032067117322
 21
3568.372006563587
 31
0.0
  0
LINE
  5
108
330
17
100
AcDbEntity
  8
COTA
 62
0
370
25
100
AcDbLine
 10
5589.032067117322
 20
3524.372006563587
 30
0.0
 11
5592.032067117322
 21
3521.372006563587
 31
0.0
  0
LINE
  5
109
330
17
100
AcDbEntity
  8
COTA
 62
4
370
25
100
AcDbLine
 10
5327.027766173231
 20
3160.050582887728
 30
0.0
 11
5327.027766173231
 21
3119.513704800548
 31
0.0
  0
LINE
  5
10A
330
17
100
AcDbEntity
  8
COTA
 62
4
370
25
100
AcDbLine
 10
5571.027766173237
 20
3160.050582887742
 30
0.0
 11
5571.027766173237
 21
3119.513704800548
 31
0.0
  0
LINE
  5
10B
330
17
100
AcDbEntity
  8
COTA
 62
4
370
25
100
AcDbLine
 10
5327.027766173231
 20
3122.513704800548
 30
0.0
 11
5571.027766173237
 21
3122.513704800548
 31
0.0
  0
LINE
  5
10C
330
17
100
AcDbEntity
  8
COTA
 62
0
370
25
100
AcDbLine
 10
5328.527766173231
 20
3124.013704800548
 30
0.0
 11
5325.527766173231
 21
3121.013704800548
 31
0.0
  0
LINE
  5
10D
330
17
100
AcDbEntity
  8
COTA
 62
0
370
25
100
AcDbLine
 10
5569.527766173237
 20
3121.013704800548
 30
0.0
 11
5572.527766173237
 21
3124.013704800548
 31
0.0
  0
LINE
  5
10E
330
17
100
AcDbEntity
  8
COTA
 62
4
370
25
100
AcDbLine
 10
5571.027766173237
 20
3160.050582887742
 30
0.0
 11
5571.027766173237
 21
3119.513704800548
 31
0.0
  0
LINE
  5
10F
330
17
100
AcDbEntity
  8
COTA
 62
4
370
25
100
AcDbLine
 10
5775.027766173237
 20
3160.050582887728
 30
0.0
 11
5775.027766173237
 21
3119.513704800548
 31
0.0
  0
LINE
  5
110
330
17
100
AcDbEntity
  8
COTA
 62
4
370
25
100
AcDbLine
 10
5571.027766173237
 20
3122.513704800548
 30
0.0
 11
5775.027766173237
 21
3122.513704800548
 31
0.0
  0
LINE
  5
111
330
17
100
AcDbEntity
  8
COTA
 62
0
370
25
100
AcDbLine
 10
5572.527766173237
 20
3124.013704800548
 30
0.0
 11
5569.527766173237
 21
3121.013704800548
 31
0.0
  0
LINE
  5
112
330
17
100
AcDbEntity
  8
COTA
 62
0
370
25
100
AcDbLine
 10
5773.527766173237
 20
3121.013704800548
 30
0.0
 11
5776.527766173237
 21
3124.013704800548
 31
0.0
  0
LINE
  5
113
330
17
100
AcDbEntity
  8
COTA
 62
4
370
25
100
AcDbLine
 10
5327.027766173231
 20
3160.050582887728
 30
0.0
 11
5327.027766173231
 21
3089.968469438397
 31
0.0
  0
LINE
  5
114
330
17
100
AcDbEntity
  8
COTA
 62
4
370
25
100
AcDbLine
 10
5775.027766173237
 20
3160.050582887728
 30
0.0
 11
5775.027766173237
 21
3089.968469438397
 31
0.0
  0
LINE
  5
115
330
17
100
AcDbEntity
  8
COTA
 62
4
370
25
100
AcDbLine
 10
5327.027766173231
 20
3092.968469438397
 30
0.0
 11
5775.027766173237
 21
3092.968469438397
 31
0.0
  0
LINE
  5
116
330
17
100
AcDbEntity
  8
COTA
 62
0
370
25
100
AcDbLine
 10
5328.527766173231
 20
3094.468469438397
 30
0.0
 11
5325.527766173231
 21
3091.468469438397
 31
0.0
  0
LINE
  5
117
330
17
100
AcDbEntity
  8
COTA
 62
0
370
25
100
AcDbLine
 10
5773.527766173237
 20
3091.468469438397
 30
0.0
 11
5776.527766173237
 21
3094.468469438397
 31
0.0
  0
LINE
  5
118
330
17
100
AcDbEntity
  8
COTA
 62
4
370
25
100
AcDbLine
 10
5748.027766173239
 20
3203.05058288773
 30
0.0
 11
5804.213402055747
 21
3203.05058288773
 31
0.0
  0
LINE
  5
119
330
17
100
AcDbEntity
  8
COTA
 62
4
370
25
100
AcDbLine
 10
5778.027766173239
 20
3163.050582887729
 30
0.0
 11
5804.213402055747
 21
3163.050582887729
 31
0.0
  0
LINE
  5
11A
330
17
100
AcDbEntity
  8
COTA
 62
4
370
25
100
AcDbLine
 10
5801.213402055747
 20
3203.05058288773
 30
0.0
 11
5801.213402055747
 21
3163.050582887729
 31
0.0
  0
LINE
  5
11B
330
17
100
AcDbEntity
  8
COTA
 62
0
370
25
100
AcDbLine
 10
5802.713402055747
 20
3201.55058288773
 30
0.0
 11
5799.713402055747
 21
3204.55058288773
 31
0.0
  0
LINE
  5
11C
330
17
100
AcDbEntity
  8
COTA
 62
0
370
25
100
AcDbLine
 10
5799.713402055747
 20
3164.550582887729
 30
0.0
 11
5802.713402055747
 21
3161.550582887729
 31
0.0
  0
LINE
  5
11D
330
17
100
AcDbEntity
  8
COTA
 62
4
370
25
100
AcDbLine
 10
5748.027766173239
 20
3203.05058288773
 30
0.0
 11
5804.213402055744
 21
3203.05058288773
 31
0.0
  0
LINE
  5
11E
330
17
100
AcDbEntity
  8
COTA
 62
4
370
25
100
AcDbLine
 10
5778.027766173239
 20
3217.05058288773
 30
0.0
 11
5804.213402055744
 21
3217.05058288773
 31
0.0
  0
LINE
  5
11F
330
17
100
AcDbEntity
  8
COTA
 62
4
370
25
100
AcDbLine
 10
5801.213402055743
 20
3203.05058288773
 30
0.0
 11
5801.213402055743
 21
3217.05058288773
 31
0.0
  0
LINE
  5
120
330
17
100
AcDbEntity
  8
COTA
 62
4
370
25
100
AcDbLine
 10
5801.213402055743
 20
3217.05058288773
 30
0.0
 11
5801.213402055743
 21
3236.167541952057
 31
0.0
  0
LINE
  5
121
330
17
100
AcDbEntity
  8
COTA
 62
0
370
25
100
AcDbLine
 10
5799.713402055743
 20
3204.55058288773
 30
0.0
 11
5802.713402055743
 21
3201.55058288773
 31
0.0
  0
LINE
  5
122
330
17
100
AcDbEntity
  8
COTA
 62
0
370
25
100
AcDbLine
 10
5802.713402055743
 20
3215.55058288773
 30
0.0
 11
5799.713402055743
 21
3218.55058288773
 31
0.0
  0
LINE
  5
123
330
17
100
AcDbEntity
  8
COTA
 62
4
370
25
100
AcDbLine
 10
5778.027766173239
 20
3217.05058288773
 30
0.0
 11
5825.532067117348
 21
3217.05058288773
 31
0.0
  0
LINE
  5
124
330
17
100
AcDbEntity
  8
COTA
 62
4
370
25
100
AcDbLine
 10
5778.027766173239
 20
3163.050582887729
 30
0.0
 11
5825.532067117348
 21
3163.050582887729
 31
0.0
  0
LINE
  5
125
330
17
100
AcDbEntity
  8
COTA
 62
4
370
25
100
AcDbLine
 10
5822.532067117347
 20
3217.05058288773
 30
0.0
 11
5822.532067117347
 21
3163.050582887729
 31
0.0
  0
LINE
  5
126
330
17
100
AcDbEntity
  8
COTA
 62
0
370
25
100
AcDbLine
 10
5824.032067117347
 20
3215.55058288773
 30
0.0
 11
5821.032067117347
 21
3218.55058288773
 31
0.0
  0
LINE
  5
127
330
17
100
AcDbEntity
  8
COTA
 62
0
370
25
100
AcDbLine
 10
5821.032067117347
 20
3164.550582887729
 30
0.0
 11
5824.032067117347
 21
3161.550582887729
 31
0.0
  0
LINE
  5
128
330
17
100
AcDbEntity
  8
COTA
 62
4
370
25
100
AcDbLine
 10
5074.293109151771
 20
3043.459475030363
 30
0.0
 11
4999.916386062576
 21
3043.459475030363
 31
0.0
  0
LINE
  5
129
330
17
100
AcDbEntity
  8
COTA
 62
4
370
25
100
AcDbLine
 10
5052.293109151771
 20
3151.459475030357
 30
0.0
 11
4999.916386062576
 21
3151.459475030357
 31
0.0
  0
LINE
  5
12A
330
17
100
AcDbEntity
  8
COTA
 62
4
370
25
100
AcDbLine
 10
5002.916386062576
 20
3043.459475030363
 30
0.0
 11
5002.916386062576
 21
3151.459475030357
 31
0.0
  0
LINE
  5
12B
330
17
100
AcDbEntity
  8
COTA
 62
4
370
25
100
AcDbLine
 10
5185.493109151753
 20
3043.459475030363
 30
0.0
 11
5228.764841910079
 21
3043.459475030363
 31
0.0
  0
LINE
  5
12C
330
17
100
AcDbEntity
  8
COTA
 62
4
370
25
100
AcDbLine
 10
5169.893109151758
 20
3151.459475030364
 30
0.0
 11
5228.764841910079
 21
3151.459475030364
 31
0.0
  0
LINE
  5
12D
330
17
100
AcDbEntity
  8
COTA
 62
4
370
25
100
AcDbLine
 10
5225.764841910079
 20
3043.459475030363
 30
0.0
 11
5225.764841910079
 21
3151.459475030364
 31
0.0
  0
LINE
  5
12E
330
17
100
AcDbEntity
  8
Cota Seção (2x)
 62
180
370
25
100
AcDbLine
 10
5144.393109153405
 20
3101.792808363662
 30
0.0
 11
5144.393109153405
 21
3121.126141696995
 31
0.0
  0
LINE
  5
12F
330
17
100
AcDbEntity
  8
Cota Seção (2x)
 62
180
370
25
100
AcDbLine
 10
5144.393109153405
 20
3121.126141696995
 30
0.0
 11
5129.393109153404
 21
3121.126141696995
 31
0.0
  0
LINE
  5
130
330
17
100
AcDbEntity
  8
Cota Seção (2x)
 62
180
370
25
100
AcDbLine
 10
5129.393109153404
 20
3121.126141696995
 30
0.0
 11
5129.393109153404
 21
3101.792808363662
 31
0.0
  0
LINE
  5
131
330
17
100
AcDbEntity
  8
Cota Seção (2x)
 62
180
370
25
100
AcDbLine
 10
5129.393109153404
 20
3101.792808363662
 30
0.0
 11
5144.393109153405
 21
3101.792808363662
 31
0.0
  0
LINE
  5
132
330
17
100
AcDbEntity
  8
COTA
 62
4
370
25
100
AcDbLine
 10
5052.293109151771
 20
3151.459475030357
 30
0.0
 11
5019.235814548039
 21
3151.459475030357
 31
0.0
  0
LINE
  5
133
330
17
100
AcDbEntity
  8
COTA
 62
4
370
25
100
AcDbLine
 10
5052.293109151771
 20
3127.459475030335
 30
0.0
 11
5019.235814548039
 21
3127.459475030335
 31
0.0
  0
LINE
  5
134
330
17
100
AcDbEntity
  8
COTA
 62
4
370
25
100
AcDbLine
 10
5022.235814548039
 20
3151.459475030357
 30
0.0
 11
5022.235814548039
 21
3127.459475030335
 31
0.0
  0
LINE
  5
135
330
17
100
AcDbEntity
  8
COTA
 62
4
370
25
100
AcDbLine
 10
5052.293109151771
 20
3123.459475030335
 30
0.0
 11
5019.23581454837
 21
3123.459475030335
 31
0.0
  0
LINE
  5
136
330
17
100
AcDbEntity
  8
COTA
 62
4
370
25
100
AcDbLine
 10
5074.293109151771
 20
3043.459475030363
 30
0.0
 11
5019.23581454837
 21
3043.459475030363
 31
0.0
  0
LINE
  5
137
330
17
100
AcDbEntity
  8
COTA
 62
4
370
25
100
AcDbLine
 10
5022.23581454837
 20
3123.459475030335
 30
0.0
 11
5022.23581454837
 21
3043.459475030363
 31
0.0
  0
LINE
  5
138
330
17
100
AcDbEntity
  8
COTA
 62
4
370
25
100
AcDbLine
 10
5110.893109151746
 20
3040.459475030355
 30
0.0
 11
5110.893109151746
 21
2995.732661228172
 31
0.0
  0
LINE
  5
139
330
17
100
AcDbEntity
  8
COTA
 62
4
370
25
100
AcDbLine
 10
5148.893109151746
 20
3040.459475030355
 30
0.0
 11
5148.893109151746
 21
2995.732661228172
 31
0.0
  0
LINE
  5
13A
330
17
100
AcDbEntity
  8
COTA
 62
4
370
25
100
AcDbLine
 10
5110.893109151746
 20
2998.732661228173
 30
0.0
 11
5148.893109151746
 21
2998.732661228173
 31
0.0
  0
LINE
  5
13B
330
17
100
AcDbEntity
  8
COTA
 62
4
370
25
100
AcDbLine
 10
5054.589814973621
 20
3093.429532558655
 30
0.0
 11
5036.035201704318
 21
3093.429532558655
 31
0.0
  0
LINE
  5
13C
330
17
100
AcDbEntity
  8
COTA
 62
4
370
25
100
AcDbLine
 10
5054.589814973621
 20
3043.459475030392
 30
0.0
 11
5036.035201704318
 21
3043.459475030392
 31
0.0
  0
LINE
  5
13D
330
17
100
AcDbEntity
  8
COTA
 62
4
370
25
100
AcDbLine
 10
5039.035201704318
 20
3093.429532558655
 30
0.0
 11
5039.035201704318
 21
3043.459475030392
 31
0.0
  0
LINE
  5
13E
330
17
100
AcDbEntity
  8
Cota Seção (2x)
 62
180
370
25
100
AcDbLine
 10
5120.893109151717
 20
3063.459475030362
 30
0.0
 11
5138.893109151717
 21
3063.459475030362
 31
0.0
  0
LINE
  5
13F
330
17
100
AcDbEntity
  8
Cota Seção (2x)
 62
180
370
25
100
AcDbLine
 10
5138.893109151717
 20
3063.459475030362
 30
0.0
 11
5138.893109151717
 21
3078.459475030362
 31
0.0
  0
LINE
  5
140
330
17
100
AcDbEntity
  8
Cota Seção (2x)
 62
180
370
25
100
AcDbLine
 10
5138.893109151717
 20
3078.459475030362
 30
0.0
 11
5120.893109151717
 21
3078.459475030362
 31
0.0
  0
LINE
  5
141
330
17
100
AcDbEntity
  8
Cota Seção (2x)
 62
180
370
25
100
AcDbLine
 10
5120.893109151717
 20
3078.459475030362
 30
0.0
 11
5120.893109151717
 21
3063.459475030362
 31
0.0
  0
LINE
  5
142
330
17
100
AcDbEntity
  8
COTA
 62
4
370
25
100
AcDbLine
 10
5327.027766173217
 20
2955.697778219924
 30
0.0
 11
5327.027766173217
 21
2925.160900132744
 31
0.0
  0
LINE
  5
143
330
17
100
AcDbEntity
  8
COTA
 62
4
370
25
100
AcDbLine
 10
5449.027766173223
 20
2955.697778219938
 30
0.0
 11
5449.027766173223
 21
2925.160900132744
 31
0.0
  0
LINE
  5
144
330
17
100
AcDbEntity
  8
COTA
 62
4
370
25
100
AcDbLine
 10
5327.027766173217
 20
2928.160900132744
 30
0.0
 11
5449.027766173223
 21
2928.160900132744
 31
0.0
  0
LINE
  5
145
330
17
100
AcDbEntity
  8
COTA
 62
0
370
25
100
AcDbLine
 10
5328.527766173217
 20
2929.660900132744
 30
0.0
 11
5325.527766173217
 21
2926.660900132744
 31
0.0
  0
LINE
  5
146
330
17
100
AcDbEntity
  8
COTA
 62
0
370
25
100
AcDbLine
 10
5447.527766173223
 20
2926.660900132744
 30
0.0
 11
5450.527766173223
 21
2929.660900132744
 31
0.0
  0
LINE
  5
147
330
17
100
AcDbEntity
  8
COTA
 62
4
370
25
100
AcDbLine
 10
5449.027766173223
 20
2955.697778219938
 30
0.0
 11
5449.027766173223
 21
2925.160900132744
 31
0.0
  0
LINE
  5
148
330
17
100
AcDbEntity
  8
COTA
 62
4
370
25
100
AcDbLine
 10
5563.027766173223
 20
2955.697778219924
 30
0.0
 11
5563.027766173223
 21
2925.160900132744
 31
0.0
  0
LINE
  5
149
330
17
100
AcDbEntity
  8
COTA
 62
4
370
25
100
AcDbLine
 10
5449.027766173223
 20
2928.160900132744
 30
0.0
 11
5563.027766173223
 21
2928.160900132744
 31
0.0
  0
LINE
  5
14A
330
17
100
AcDbEntity
  8
COTA
 62
0
370
25
100
AcDbLine
 10
5450.527766173223
 20
2929.660900132744
 30
0.0
 11
5447.527766173223
 21
2926.660900132744
 31
0.0
  0
LINE
  5
14B
330
17
100
AcDbEntity
  8
COTA
 62
0
370
25
100
AcDbLine
 10
5561.527766173223
 20
2926.660900132744
 30
0.0
 11
5564.527766173223
 21
2929.660900132744
 31
0.0
  0
LINE
  5
14C
330
17
100
AcDbEntity
  8
COTA
 62
4
370
25
100
AcDbLine
 10
5327.027766173217
 20
2955.697778219924
 30
0.0
 11
5327.027766173217
 21
2895.615664770593
 31
0.0
  0
LINE
  5
14D
330
17
100
AcDbEntity
  8
COTA
 62
4
370
25
100
AcDbLine
 10
5563.027766173223
 20
2955.697778219924
 30
0.0
 11
5563.027766173223
 21
2895.615664770593
 31
0.0
  0
LINE
  5
14E
330
17
100
AcDbEntity
  8
COTA
 62
4
370
25
100
AcDbLine
 10
5563.027766173223
 20
2955.697778219924
 30
0.0
 11
5563.027766173223
 21
2925.160900132744
 31
0.0
  0
LINE
  5
14F
330
17
100
AcDbEntity
  8
COTA
 62
4
370
25
100
AcDbLine
 10
5685.027766173227
 20
2955.697778219938
 30
0.0
 11
5685.027766173227
 21
2925.160900132744
 31
0.0
  0
LINE
  5
150
330
17
100
AcDbEntity
  8
COTA
 62
4
370
25
100
AcDbLine
 10
5563.027766173223
 20
2928.160900132744
 30
0.0
 11
5685.027766173227
 21
2928.160900132744
 31
0.0
  0
LINE
  5
151
330
17
100
AcDbEntity
  8
COTA
 62
0
370
25
100
AcDbLine
 10
5564.527766173223
 20
2929.660900132744
 30
0.0
 11
5561.527766173223
 21
2926.660900132744
 31
0.0
  0
LINE
  5
152
330
17
100
AcDbEntity
  8
COTA
 62
0
370
25
100
AcDbLine
 10
5683.527766173227
 20
2926.660900132744
 30
0.0
 11
5686.527766173227
 21
2929.660900132744
 31
0.0
  0
LINE
  5
153
330
17
100
AcDbEntity
  8
COTA
 62
4
370
25
100
AcDbLine
 10
5685.027766173227
 20
2955.697778219938
 30
0.0
 11
5685.027766173227
 21
2925.160900132744
 31
0.0
  0
LINE
  5
154
330
17
100
AcDbEntity
  8
COTA
 62
4
370
25
100
AcDbLine
 10
5775.027766173228
 20
2955.697778219924
 30
0.0
 11
5775.027766173228
 21
2925.160900132744
 31
0.0
  0
LINE
  5
155
330
17
100
AcDbEntity
  8
COTA
 62
4
370
25
100
AcDbLine
 10
5685.027766173227
 20
2928.160900132744
 30
0.0
 11
5775.027766173228
 21
2928.160900132744
 31
0.0
  0
LINE
  5
156
330
17
100
AcDbEntity
  8
COTA
 62
0
370
25
100
AcDbLine
 10
5686.527766173227
 20
2929.660900132744
 30
0.0
 11
5683.527766173227
 21
2926.660900132744
 31
0.0
  0
LINE
  5
157
330
17
100
AcDbEntity
  8
COTA
 62
0
370
25
100
AcDbLine
 10
5773.527766173228
 20
2926.660900132744
 30
0.0
 11
5776.527766173228
 21
2929.660900132744
 31
0.0
  0
LINE
  5
158
330
17
100
AcDbEntity
  8
COTA
 62
4
370
25
100
AcDbLine
 10
5563.027766173223
 20
2955.697778219924
 30
0.0
 11
5563.027766173223
 21
2895.615664770593
 31
0.0
  0
LINE
  5
159
330
17
100
AcDbEntity
  8
COTA
 62
4
370
25
100
AcDbLine
 10
5775.027766173228
 20
2955.697778219924
 30
0.0
 11
5775.027766173228
 21
2895.615664770593
 31
0.0
  0
LINE
  5
15A
330
17
100
AcDbEntity
  8
COTA
 62
4
370
25
100
AcDbLine
 10
5778.02776617323
 20
2998.697778219925
 30
0.0
 11
5804.213402055737
 21
2998.697778219925
 31
0.0
  0
LINE
  5
15B
330
17
100
AcDbEntity
  8
COTA
 62
4
370
25
100
AcDbLine
 10
5778.02776617323
 20
2958.697778219925
 30
0.0
 11
5804.213402055737
 21
2958.697778219925
 31
0.0
  0
LINE
  5
15C
330
17
100
AcDbEntity
  8
COTA
 62
4
370
25
100
AcDbLine
 10
5801.213402055737
 20
2998.697778219925
 30
0.0
 11
5801.213402055737
 21
2958.697778219925
 31
0.0
  0
LINE
  5
15D
330
17
100
AcDbEntity
  8
COTA
 62
0
370
25
100
AcDbLine
 10
5802.713402055737
 20
2997.197778219925
 30
0.0
 11
5799.713402055737
 21
3000.197778219925
 31
0.0
  0
LINE
  5
15E
330
17
100
AcDbEntity
  8
COTA
 62
0
370
25
100
AcDbLine
 10
5799.713402055737
 20
2960.197778219925
 30
0.0
 11
5802.713402055737
 21
2957.197778219925
 31
0.0
  0
LINE
  5
15F
330
17
100
AcDbEntity
  8
COTA
 62
4
370
25
100
AcDbLine
 10
5778.02776617323
 20
2998.697778219925
 30
0.0
 11
5804.213402055734
 21
2998.697778219925
 31
0.0
  0
LINE
  5
160
330
17
100
AcDbEntity
  8
COTA
 62
4
370
25
100
AcDbLine
 10
5778.02776617323
 20
3012.697778219925
 30
0.0
 11
5804.213402055734
 21
3012.697778219925
 31
0.0
  0
LINE
  5
161
330
17
100
AcDbEntity
  8
COTA
 62
4
370
25
100
AcDbLine
 10
5801.213402055734
 20
2998.697778219925
 30
0.0
 11
5801.213402055734
 21
3012.697778219925
 31
0.0
  0
LINE
  5
162
330
17
100
AcDbEntity
  8
COTA
 62
4
370
25
100
AcDbLine
 10
5801.213402055734
 20
3012.697778219925
 30
0.0
 11
5801.213402055734
 21
3031.814737284252
 31
0.0
  0
LINE
  5
163
330
17
100
AcDbEntity
  8
COTA
 62
0
370
25
100
AcDbLine
 10
5799.713402055734
 20
3000.197778219925
 30
0.0
 11
5802.713402055734
 21
2997.197778219925
 31
0.0
  0
LINE
  5
164
330
17
100
AcDbEntity
  8
COTA
 62
0
370
25
100
AcDbLine
 10
5802.713402055734
 20
3011.197778219925
 30
0.0
 11
5799.713402055734
 21
3014.197778219925
 31
0.0
  0
LINE
  5
165
330
17
100
AcDbEntity
  8
COTA
 62
4
370
25
100
AcDbLine
 10
5778.02776617323
 20
3012.697778219925
 30
0.0
 11
5825.53206711734
 21
3012.697778219925
 31
0.0
  0
LINE
  5
166
330
17
100
AcDbEntity
  8
COTA
 62
4
370
25
100
AcDbLine
 10
5778.02776617323
 20
2958.697778219925
 30
0.0
 11
5825.53206711734
 21
2958.697778219925
 31
0.0
  0
LINE
  5
167
330
17
100
AcDbEntity
  8
COTA
 62
4
370
25
100
AcDbLine
 10
5822.53206711734
 20
3012.697778219925
 30
0.0
 11
5822.53206711734
 21
2958.697778219925
 31
0.0
  0
LINE
  5
168
330
17
100
AcDbEntity
  8
COTA
 62
0
370
25
100
AcDbLine
 10
5824.03206711734
 20
3011.197778219925
 30
0.0
 11
5821.03206711734
 21
3014.197778219925
 31
0.0
  0
LINE
  5
169
330
17
100
AcDbEntity
  8
COTA
 62
0
370
25
100
AcDbLine
 10
5821.03206711734
 20
2960.197778219925
 30
0.0
 11
5824.03206711734
 21
2957.197778219925
 31
0.0
  0
LINE
  5
16A
330
17
100
AcDbEntity
  8
COTA
 62
4
370
25
100
AcDbLine
 10
5324.02776617322
 20
3012.697778219925
 30
0.0
 11
5310.117882181486
 21
3012.697778219925
 31
0.0
  0
LINE
  5
16B
330
17
100
AcDbEntity
  8
COTA
 62
4
370
25
100
AcDbLine
 10
5324.02776617322
 20
2958.697778219925
 30
0.0
 11
5310.117882181486
 21
2958.697778219925
 31
0.0
  0
LINE
  5
16C
330
17
100
AcDbEntity
  8
COTA
 62
4
370
25
100
AcDbLine
 10
5313.117882181487
 20
3012.697778219925
 30
0.0
 11
5313.117882181487
 21
2958.697778219925
 31
0.0
  0
LINE
  5
16D
330
17
100
AcDbEntity
  8
COTA
 62
0
370
25
100
AcDbLine
 10
5314.617882181487
 20
3011.197778219925
 30
0.0
 11
5311.617882181487
 21
3014.197778219925
 31
0.0
  0
LINE
  5
16E
330
17
100
AcDbEntity
  8
COTA
 62
0
370
25
100
AcDbLine
 10
5311.617882181487
 20
2960.197778219925
 30
0.0
 11
5314.617882181487
 21
2957.197778219925
 31
0.0
  0
LINE
  5
16F
330
17
100
AcDbEntity
  8
COTA
 62
4
370
25
100
AcDbLine
 10
5563.027766173223
 20
3001.697778219938
 30
0.0
 11
5563.027766173223
 21
3024.108885315712
 31
0.0
  0
LINE
  5
170
330
17
100
AcDbEntity
  8
COTA
 62
4
370
25
100
AcDbLine
 10
5536.027766173223
 20
3015.697778219924
 30
0.0
 11
5536.027766173223
 21
3024.108885315712
 31
0.0
  0
LINE
  5
171
330
17
100
AcDbEntity
  8
COTA
 62
4
370
25
100
AcDbLine
 10
5563.027766173223
 20
3021.108885315712
 30
0.0
 11
5536.027766173223
 21
3021.108885315712
 31
0.0
  0
LINE
  5
172
330
17
100
AcDbEntity
  8
COTA
 62
0
370
25
100
AcDbLine
 10
5561.527766173223
 20
3019.608885315712
 30
0.0
 11
5564.527766173223
 21
3022.608885315712
 31
0.0
  0
LINE
  5
173
330
17
100
AcDbEntity
  8
COTA
 62
0
370
25
100
AcDbLine
 10
5537.527766173223
 20
3022.608885315712
 30
0.0
 11
5534.527766173223
 21
3019.608885315712
 31
0.0
  0
LINE
  5
174
330
17
100
AcDbEntity
  8
COTA
 62
4
370
25
100
AcDbLine
 10
5533.027766173225
 20
3012.697778219925
 30
0.0
 11
5518.730688122804
 21
3012.697778219925
 31
0.0
  0
LINE
  5
175
330
17
100
AcDbEntity
  8
COTA
 62
4
370
25
100
AcDbLine
 10
5533.027766173225
 20
2968.697778219924
 30
0.0
 11
5518.730688122804
 21
2968.697778219924
 31
0.0
  0
LINE
  5
176
330
17
100
AcDbEntity
  8
COTA
 62
4
370
25
100
AcDbLine
 10
5521.730688122804
 20
3012.697778219925
 30
0.0
 11
5521.730688122804
 21
2968.697778219924
 31
0.0
  0
LINE
  5
177
330
17
100
AcDbEntity
  8
COTA
 62
0
370
25
100
AcDbLine
 10
5523.230688122804
 20
3011.197778219925
 30
0.0
 11
5520.230688122804
 21
3014.197778219925
 31
0.0
  0
LINE
  5
178
330
17
100
AcDbEntity
  8
COTA
 62
0
370
25
100
AcDbLine
 10
5520.230688122804
 20
2970.197778219924
 30
0.0
 11
5523.230688122804
 21
2967.197778219924
 31
0.0
  0
LINE
  5
179
330
17
100
AcDbEntity
  8
COTA
 62
4
370
25
100
AcDbLine
 10
5334.027766173214
 20
2955.697778219924
 30
0.0
 11
5334.027766173214
 21
2934.942573601605
 31
0.0
  0
LINE
  5
17A
330
17
100
AcDbEntity
  8
COTA
 62
4
370
25
100
AcDbLine
 10
5327.027766173217
 20
2955.697778219924
 30
0.0
 11
5327.027766173217
 21
2934.942573601605
 31
0.0
  0
LINE
  5
17B
330
17
100
AcDbEntity
  8
COTA
 62
4
370
25
100
AcDbLine
 10
5334.027766173214
 20
2937.942573601605
 30
0.0
 11
5327.027766173217
 21
2937.942573601605
 31
0.0
  0
LINE
  5
17C
330
17
100
AcDbEntity
  8
COTA
 62
4
370
25
100
AcDbLine
 10
5327.027766173217
 20
2937.942573601605
 30
0.0
 11
5312.29677202117
 21
2937.942573601605
 31
0.0
  0
LINE
  5
17D
330
17
100
AcDbEntity
  8
COTA
 62
0
370
25
100
AcDbLine
 10
5332.527766173214
 20
2936.442573601605
 30
0.0
 11
5335.527766173214
 21
2939.442573601605
 31
0.0
  0
LINE
  5
17E
330
17
100
AcDbEntity
  8
COTA
 62
0
370
25
100
AcDbLine
 10
5328.527766173217
 20
2939.442573601605
 30
0.0
 11
5325.527766173217
 21
2936.442573601605
 31
0.0
  0
LINE
  5
17F
330
17
100
AcDbEntity
  8
COTA
 62
4
370
25
100
AcDbLine
 10
5742.027766173239
 20
3203.05058288773
 30
0.0
 11
5729.29308987916
 21
3203.05058288773
 31
0.0
  0
LINE
  5
180
330
17
100
AcDbEntity
  8
COTA
 62
4
370
25
100
AcDbLine
 10
5742.027766173239
 20
3173.05058288773
 30
0.0
 11
5729.29308987916
 21
3173.05058288773
 31
0.0
  0
LINE
  5
181
330
17
100
AcDbEntity
  8
COTA
 62
4
370
25
100
AcDbLine
 10
5732.29308987916
 20
3203.05058288773
 30
0.0
 11
5732.29308987916
 21
3173.05058288773
 31
0.0
  0
LINE
  5
182
330
17
100
AcDbEntity
  8
COTA
 62
0
370
25
100
AcDbLine
 10
5733.79308987916
 20
3201.55058288773
 30
0.0
 11
5730.79308987916
 21
3204.55058288773
 31
0.0
  0
LINE
  5
183
330
17
100
AcDbEntity
  8
COTA
 62
0
370
25
100
AcDbLine
 10
5730.79308987916
 20
3174.55058288773
 30
0.0
 11
5733.79308987916
 21
3171.55058288773
 31
0.0
  0
LINE
  5
184
330
17
100
AcDbEntity
  8
COTA
 62
4
370
25
100
AcDbLine
 10
5775.027766173237
 20
3220.050582887728
 30
0.0
 11
5775.027766173237
 21
3232.603856885114
 31
0.0
  0
LINE
  5
185
330
17
100
AcDbEntity
  8
COTA
 62
4
370
25
100
AcDbLine
 10
5745.027766173238
 20
3206.050582887728
 30
0.0
 11
5745.027766173238
 21
3232.603856885114
 31
0.0
  0
LINE
  5
186
330
17
100
AcDbEntity
  8
COTA
 62
4
370
25
100
AcDbLine
 10
5775.027766173237
 20
3229.603856885114
 30
0.0
 11
5745.027766173238
 21
3229.603856885114
 31
0.0
  0
LINE
  5
187
330
17
100
AcDbEntity
  8
COTA
 62
0
370
25
100
AcDbLine
 10
5773.527766173237
 20
3228.103856885114
 30
0.0
 11
5776.527766173237
 21
3231.103856885114
 31
0.0
  0
LINE
  5
188
330
17
100
AcDbEntity
  8
COTA
 62
0
370
25
100
AcDbLine
 10
5746.527766173238
 20
3231.103856885114
 30
0.0
 11
5743.527766173238
 21
3228.103856885114
 31
0.0
  0
LINE
  5
189
330
17
100
AcDbEntity
  8
COTA
 62
4
370
25
100
AcDbLine
 10
5768.027766173236
 20
3160.050582887728
 30
0.0
 11
5768.027766173236
 21
3137.597513524342
 31
0.0
  0
LINE
  5
18A
330
17
100
AcDbEntity
  8
COTA
 62
4
370
25
100
AcDbLine
 10
5775.027766173237
 20
3160.050582887728
 30
0.0
 11
5775.027766173237
 21
3137.597513524342
 31
0.0
  0
LINE
  5
18B
330
17
100
AcDbEntity
  8
COTA
 62
4
370
25
100
AcDbLine
 10
5768.027766173236
 20
3140.597513524342
 30
0.0
 11
5775.027766173237
 21
3140.597513524342
 31
0.0
  0
LINE
  5
18C
330
17
100
AcDbEntity
  8
COTA
 62
4
370
25
100
AcDbLine
 10
5775.027766173237
 20
3140.597513524342
 30
0.0
 11
5789.758760325284
 21
3140.597513524342
 31
0.0
  0
LINE
  5
18D
330
17
100
AcDbEntity
  8
COTA
 62
0
370
25
100
AcDbLine
 10
5769.527766173236
 20
3142.097513524342
 30
0.0
 11
5766.527766173236
 21
3139.097513524342
 31
0.0
  0
LINE
  5
18E
330
17
100
AcDbEntity
  8
COTA
 62
0
370
25
100
AcDbLine
 10
5773.527766173237
 20
3139.097513524342
 30
0.0
 11
5776.527766173237
 21
3142.097513524342
 31
0.0
  0
LINE
  5
18F
330
17
100
AcDbEntity
  8
COTA
 62
4
370
25
100
AcDbLine
 10
5327.027766173217
 20
2982.697778219924
 30
0.0
 11
5327.027766173217
 21
2977.72541942757
 31
0.0
  0
LINE
  5
190
330
17
100
AcDbEntity
  8
COTA
 62
4
370
25
100
AcDbLine
 10
5372.027766173217
 20
2982.697778219924
 30
0.0
 11
5372.027766173217
 21
2977.72541942757
 31
0.0
  0
LINE
  5
191
330
17
100
AcDbEntity
  8
COTA
 62
4
370
25
100
AcDbLine
 10
5327.027766173217
 20
2980.725419427571
 30
0.0
 11
5372.027766173217
 21
2980.725419427571
 31
0.0
  0
LINE
  5
192
330
17
100
AcDbEntity
  8
COTA
 62
0
370
25
100
AcDbLine
 10
5328.527766173217
 20
2982.225419427571
 30
0.0
 11
5325.527766173217
 21
2979.225419427571
 31
0.0
  0
LINE
  5
193
330
17
100
AcDbEntity
  8
COTA
 62
0
370
25
100
AcDbLine
 10
5370.527766173217
 20
2979.225419427571
 30
0.0
 11
5373.527766173217
 21
2982.225419427571
 31
0.0
  0
LINE
  5
194
330
17
100
AcDbEntity
  8
Texto Seção
 62
252
370
15
100
AcDbLine
 10
5132.093109151728
 20
3501.28089870622
 30
0.0
 11
5132.093109151728
 21
3626.28089870622
 31
0.0
  0
LINE
  5
195
330
17
100
AcDbEntity
  8
presilha
 62
1
370
25
100
AcDbLine
 10
5089.02591001719
 20
3412.6475653729203
 30
0.0
 11
5089.02591001719
 21
3408.0477253729346
 31
0.0
  0
LINE
  5
196
330
17
100
AcDbEntity
  8
presilha
 62
1
370
25
100
AcDbLine
 10
5089.02591001719
 20
3408.0477253729346
 30
0.0
 11
5069.025545512838
 21
3408.0477253729273
 31
0.0
  0
LINE
  5
197
330
17
100
AcDbEntity
  8
presilha
 62
1
370
25
100
AcDbLine
 10
5068.025545512838
 20
3415.647565372921
 30
0.0
 11
5069.025545512838
 21
3415.647565372921
 31
0.0
  0
LINE
  5
198
330
17
100
AcDbEntity
  8
presilha
 62
1
370
25
100
AcDbLine
 10
5069.025545512838
 20
3415.647565372921
 30
0.0
 11
5069.025545512838
 21
3403.647565372921
 31
0.0
  0
LINE
  5
199
330
17
100
AcDbEntity
  8
presilha
 62
1
370
25
100
AcDbLine
 10
5069.025545512838
 20
3403.647565372921
 30
0.0
 11
5068.025545512838
 21
3403.647565372921
 31
0.0
  0
LINE
  5
19A
330
17
100
AcDbEntity
  8
presilha
 62
1
370
25
100
AcDbLine
 10
5068.025545512838
 20
3403.647565372921
 30
0.0
 11
5068.025545512838
 21
3415.647565372921
 31
0.0
  0
LINE
  5
19B
330
17
100
AcDbEntity
  8
presilha
 62
1
370
25
100
AcDbLine
 10
5072.025545512836
 20
3419.314232039587
 30
0.0
 11
5072.025545512836
 21
3418.314232039587
 31
0.0
  0
LINE
  5
19C
330
17
100
AcDbEntity
  8
presilha
 62
1
370
25
100
AcDbLine
 10
5089.02591001719
 20
3412.64756537292
 30
0.0
 11
5070.40591001719
 21
3412.64756537292
 31
0.0
  0
LINE
  5
19D
330
17
100
AcDbEntity
  8
presilha
 62
1
370
25
100
AcDbLine
 10
5069.02591001719
 20
3412.4075653729196
 30
0.0
 11
5069.025545512836
 21
3418.5542320395894
 31
0.0
  0
LINE
  5
19E
330
17
100
AcDbEntity
  8
presilha
 62
1
370
25
100
AcDbLine
 10
5070.025910017189
 20
3413.02756537292
 30
0.0
 11
5070.025545512836
 21
3417.9342320395867
 31
0.0
  0
LINE
  5
19F
330
17
100
AcDbEntity
  8
presilha
 62
1
370
25
100
AcDbLine
 10
5072.025545512836
 20
3419.314232039587
 30
0.0
 11
5069.7855455128165
 21
3419.314232039587
 31
0.0
  0
LINE
  5
1A0
330
17
100
AcDbEntity
  8
presilha
 62
1
370
25
100
AcDbLine
 10
5072.025545512836
 20
3418.314232039587
 30
0.0
 11
5070.405545512836
 21
3418.314232039587
 31
0.0
  0
LINE
  5
1A1
330
17
100
AcDbEntity
  8
presilha
 62
1
370
25
100
AcDbLine
 10
5064.025545512837
 20
3413.9808987062556
 30
0.0
 11
5068.025545512837
 21
3413.9808987062556
 31
0.0
  0
LINE
  5
1A2
330
17
100
AcDbEntity
  8
presilha
 62
1
370
25
100
AcDbLine
 10
5068.025545512837
 20
3413.9808987062556
 30
0.0
 11
5068.025545512837
 21
3405.314232039589
 31
0.0
  0
LINE
  5
1A3
330
17
100
AcDbEntity
  8
presilha
 62
1
370
25
100
AcDbLine
 10
5068.025545512837
 20
3405.314232039589
 30
0.0
 11
5064.025545512837
 21
3405.314232039589
 31
0.0
  0
LINE
  5
1A4
330
17
100
AcDbEntity
  8
presilha
 62
1
370
25
100
AcDbLine
 10
5064.025545512837
 20
3413.9808987062556
 30
0.0
 11
5064.025545512837
 21
3405.314232039589
 31
0.0
  0
LINE
  5
1A5
330
17
100
AcDbEntity
  8
presilha
 62
1
370
25
100
AcDbLine
 10
5170.760308286273
 20
3412.6475653729203
 30
0.0
 11
5170.760308286273
 21
3408.0477253729346
 31
0.0
  0
LINE
  5
1A6
330
17
100
AcDbEntity
  8
presilha
 62
1
370
25
100
AcDbLine
 10
5170.760308286273
 20
3408.0477253729346
 30
0.0
 11
5190.760672790625
 21
3408.0477253729273
 31
0.0
  0
LINE
  5
1A7
330
17
100
AcDbEntity
  8
presilha
 62
1
370
25
100
AcDbLine
 10
5191.760672790625
 20
3415.647565372921
 30
0.0
 11
5190.760672790625
 21
3415.647565372921
 31
0.0
  0
LINE
  5
1A8
330
17
100
AcDbEntity
  8
presilha
 62
1
370
25
100
AcDbLine
 10
5190.760672790625
 20
3415.647565372921
 30
0.0
 11
5190.760672790625
 21
3403.647565372921
 31
0.0
  0
LINE
  5
1A9
330
17
100
AcDbEntity
  8
presilha
 62
1
370
25
100
AcDbLine
 10
5190.760672790625
 20
3403.647565372921
 30
0.0
 11
5191.760672790625
 21
3403.647565372921
 31
0.0
  0
LINE
  5
1AA
330
17
100
AcDbEntity
  8
presilha
 62
1
370
25
100
AcDbLine
 10
5191.760672790625
 20
3403.647565372921
 30
0.0
 11
5191.760672790625
 21
3415.647565372921
 31
0.0
  0
LINE
  5
1AB
330
17
100
AcDbEntity
  8
presilha
 62
1
370
25
100
AcDbLine
 10
5187.760672790627
 20
3419.314232039587
 30
0.0
 11
5187.760672790627
 21
3418.314232039587
 31
0.0
  0
LINE
  5
1AC
330
17
100
AcDbEntity
  8
presilha
 62
1
370
25
100
AcDbLine
 10
5170.760308286273
 20
3412.64756537292
 30
0.0
 11
5189.380308286273
 21
3412.64756537292
 31
0.0
  0
LINE
  5
1AD
330
17
100
AcDbEntity
  8
presilha
 62
1
370
25
100
AcDbLine
 10
5190.760308286273
 20
3412.4075653729196
 30
0.0
 11
5190.760672790627
 21
3418.5542320395894
 31
0.0
  0
LINE
  5
1AE
330
17
100
AcDbEntity
  8
presilha
 62
1
370
25
100
AcDbLine
 10
5189.760308286274
 20
3413.02756537292
 30
0.0
 11
5189.760672790627
 21
3417.9342320395867
 31
0.0
  0
LINE
  5
1AF
330
17
100
AcDbEntity
  8
presilha
 62
1
370
25
100
AcDbLine
 10
5187.760672790627
 20
3419.314232039587
 30
0.0
 11
5190.000672790647
 21
3419.314232039587
 31
0.0
  0
LINE
  5
1B0
330
17
100
AcDbEntity
  8
presilha
 62
1
370
25
100
AcDbLine
 10
5187.760672790627
 20
3418.314232039587
 30
0.0
 11
5189.380672790627
 21
3418.314232039587
 31
0.0
  0
LINE
  5
1B1
330
17
100
AcDbEntity
  8
presilha
 62
1
370
25
100
AcDbLine
 10
5195.760672790626
 20
3413.9808987062556
 30
0.0
 11
5191.760672790626
 21
3413.9808987062556
 31
0.0
  0
LINE
  5
1B2
330
17
100
AcDbEntity
  8
presilha
 62
1
370
25
100
AcDbLine
 10
5191.760672790626
 20
3413.9808987062556
 30
0.0
 11
5191.760672790626
 21
3405.314232039589
 31
0.0
  0
LINE
  5
1B3
330
17
100
AcDbEntity
  8
presilha
 62
1
370
25
100
AcDbLine
 10
5191.760672790626
 20
3405.314232039589
 30
0.0
 11
5195.760672790626
 21
3405.314232039589
 31
0.0
  0
LINE
  5
1B4
330
17
100
AcDbEntity
  8
presilha
 62
1
370
25
100
AcDbLine
 10
5195.760672790626
 20
3413.9808987062556
 30
0.0
 11
5195.760672790626
 21
3405.314232039589
 31
0.0
  0
LINE
  5
1B5
330
17
100
AcDbEntity
  8
Texto Seção
 62
252
370
15
100
AcDbLine
 10
5132.093109151742
 20
3151.459475030363
 30
0.0
 11
5132.093109151742
 21
3276.459475030363
 31
0.0
  0
LINE
  5
1B6
330
17
100
AcDbEntity
  8
presilha
 62
1
370
25
100
AcDbLine
 10
5089.025910017203
 20
3042.826141697063
 30
0.0
 11
5089.025910017203
 21
3038.2263016970774
 31
0.0
  0
LINE
  5
1B7
330
17
100
AcDbEntity
  8
presilha
 62
1
370
25
100
AcDbLine
 10
5089.025910017203
 20
3038.2263016970774
 30
0.0
 11
5069.025545512852
 21
3038.22630169707
 31
0.0
  0
LINE
  5
1B8
330
17
100
AcDbEntity
  8
presilha
 62
1
370
25
100
AcDbLine
 10
5068.025545512852
 20
3045.8261416970636
 30
0.0
 11
5069.025545512852
 21
3045.8261416970636
 31
0.0
  0
LINE
  5
1B9
330
17
100
AcDbEntity
  8
presilha
 62
1
370
25
100
AcDbLine
 10
5069.025545512852
 20
3045.8261416970636
 30
0.0
 11
5069.025545512852
 21
3033.8261416970636
 31
0.0
  0
LINE
  5
1BA
330
17
100
AcDbEntity
  8
presilha
 62
1
370
25
100
AcDbLine
 10
5069.025545512852
 20
3033.8261416970636
 30
0.0
 11
5068.025545512852
 21
3033.8261416970636
 31
0.0
  0
LINE
  5
1BB
330
17
100
AcDbEntity
  8
presilha
 62
1
370
25
100
AcDbLine
 10
5068.025545512852
 20
3033.8261416970636
 30
0.0
 11
5068.025545512852
 21
3045.8261416970636
 31
0.0
  0
LINE
  5
1BC
330
17
100
AcDbEntity
  8
presilha
 62
1
370
25
100
AcDbLine
 10
5072.02554551285
 20
3049.4928083637296
 30
0.0
 11
5072.02554551285
 21
3048.4928083637296
 31
0.0
  0
LINE
  5
1BD
330
17
100
AcDbEntity
  8
presilha
 62
1
370
25
100
AcDbLine
 10
5089.025910017203
 20
3042.8261416970627
 30
0.0
 11
5070.4059100172035
 21
3042.8261416970627
 31
0.0
  0
LINE
  5
1BE
330
17
100
AcDbEntity
  8
presilha
 62
1
370
25
100
AcDbLine
 10
5069.025910017203
 20
3042.5861416970624
 30
0.0
 11
5069.02554551285
 21
3048.732808363732
 31
0.0
  0
LINE
  5
1BF
330
17
100
AcDbEntity
  8
presilha
 62
1
370
25
100
AcDbLine
 10
5070.0259100172025
 20
3043.206141697063
 30
0.0
 11
5070.02554551285
 21
3048.1128083637295
 31
0.0
  0
LINE
  5
1C0
330
17
100
AcDbEntity
  8
presilha
 62
1
370
25
100
AcDbLine
 10
5072.02554551285
 20
3049.4928083637296
 30
0.0
 11
5069.78554551283
 21
3049.4928083637296
 31
0.0
  0
LINE
  5
1C1
330
17
100
AcDbEntity
  8
presilha
 62
1
370
25
100
AcDbLine
 10
5072.02554551285
 20
3048.4928083637296
 30
0.0
 11
5070.40554551285
 21
3048.4928083637296
 31
0.0
  0
LINE
  5
1C2
330
17
100
AcDbEntity
  8
presilha
 62
1
370
25
100
AcDbLine
 10
5064.025545512851
 20
3044.1594750303984
 30
0.0
 11
5068.025545512851
 21
3044.1594750303984
 31
0.0
  0
LINE
  5
1C3
330
17
100
AcDbEntity
  8
presilha
 62
1
370
25
100
AcDbLine
 10
5068.025545512851
 20
3044.1594750303984
 30
0.0
 11
5068.025545512851
 21
3035.492808363732
 31
0.0
  0
LINE
  5
1C4
330
17
100
AcDbEntity
  8
presilha
 62
1
370
25
100
AcDbLine
 10
5068.025545512851
 20
3035.492808363732
 30
0.0
 11
5064.025545512851
 21
3035.492808363732
 31
0.0
  0
LINE
  5
1C5
330
17
100
AcDbEntity
  8
presilha
 62
1
370
25
100
AcDbLine
 10
5064.025545512851
 20
3044.1594750303984
 30
0.0
 11
5064.025545512851
 21
3035.492808363732
 31
0.0
  0
LINE
  5
1C6
330
17
100
AcDbEntity
  8
presilha
 62
1
370
25
100
AcDbLine
 10
5170.760308286287
 20
3042.826141697063
 30
0.0
 11
5170.760308286287
 21
3038.2263016970774
 31
0.0
  0
LINE
  5
1C7
330
17
100
AcDbEntity
  8
presilha
 62
1
370
25
100
AcDbLine
 10
5170.760308286287
 20
3038.2263016970774
 30
0.0
 11
5190.760672790639
 21
3038.22630169707
 31
0.0
  0
LINE
  5
1C8
330
17
100
AcDbEntity
  8
presilha
 62
1
370
25
100
AcDbLine
 10
5191.760672790639
 20
3045.8261416970636
 30
0.0
 11
5190.760672790639
 21
3045.8261416970636
 31
0.0
  0
LINE
  5
1C9
330
17
100
AcDbEntity
  8
presilha
 62
1
370
25
100
AcDbLine
 10
5190.760672790639
 20
3045.8261416970636
 30
0.0
 11
5190.760672790639
 21
3033.8261416970636
 31
0.0
  0
LINE
  5
1CA
330
17
100
AcDbEntity
  8
presilha
 62
1
370
25
100
AcDbLine
 10
5190.760672790639
 20
3033.8261416970636
 30
0.0
 11
5191.760672790639
 21
3033.8261416970636
 31
0.0
  0
LINE
  5
1CB
330
17
100
AcDbEntity
  8
presilha
 62
1
370
25
100
AcDbLine
 10
5191.760672790639
 20
3033.8261416970636
 30
0.0
 11
5191.760672790639
 21
3045.8261416970636
 31
0.0
  0
LINE
  5
1CC
330
17
100
AcDbEntity
  8
presilha
 62
1
370
25
100
AcDbLine
 10
5187.7606727906405
 20
3049.4928083637296
 30
0.0
 11
5187.7606727906405
 21
3048.4928083637296
 31
0.0
  0
LINE
  5
1CD
330
17
100
AcDbEntity
  8
presilha
 62
1
370
25
100
AcDbLine
 10
5170.760308286287
 20
3042.8261416970627
 30
0.0
 11
5189.380308286287
 21
3042.8261416970627
 31
0.0
  0
LINE
  5
1CE
330
17
100
AcDbEntity
  8
presilha
 62
1
370
25
100
AcDbLine
 10
5190.760308286287
 20
3042.5861416970624
 30
0.0
 11
5190.7606727906405
 21
3048.732808363732
 31
0.0
  0
LINE
  5
1CF
330
17
100
AcDbEntity
  8
presilha
 62
1
370
25
100
AcDbLine
 10
5189.760308286288
 20
3043.206141697063
 30
0.0
 11
5189.7606727906405
 21
3048.1128083637295
 31
0.0
  0
LINE
  5
1D0
330
17
100
AcDbEntity
  8
presilha
 62
1
370
25
100
AcDbLine
 10
5187.7606727906405
 20
3049.4928083637296
 30
0.0
 11
5190.00067279066
 21
3049.4928083637296
 31
0.0
  0
LINE
  5
1D1
330
17
100
AcDbEntity
  8
presilha
 62
1
370
25
100
AcDbLine
 10
5187.7606727906405
 20
3048.4928083637296
 30
0.0
 11
5189.38067279064
 21
3048.4928083637296
 31
0.0
  0
LINE
  5
1D2
330
17
100
AcDbEntity
  8
presilha
 62
1
370
25
100
AcDbLine
 10
5195.76067279064
 20
3044.1594750303984
 30
0.0
 11
5191.76067279064
 21
3044.1594750303984
 31
0.0
  0
LINE
  5
1D3
330
17
100
AcDbEntity
  8
presilha
 62
1
370
25
100
AcDbLine
 10
5191.76067279064
 20
3044.1594750303984
 30
0.0
 11
5191.76067279064
 21
3035.492808363732
 31
0.0
  0
LINE
  5
1D4
330
17
100
AcDbEntity
  8
presilha
 62
1
370
25
100
AcDbLine
 10
5191.76067279064
 20
3035.492808363732
 30
0.0
 11
5195.76067279064
 21
3035.492808363732
 31
0.0
  0
LINE
  5
1D5
330
17
100
AcDbEntity
  8
presilha
 62
1
370
25
100
AcDbLine
 10
5195.76067279064
 20
3044.1594750303984
 30
0.0
 11
5195.76067279064
 21
3035.492808363732
 31
0.0
  0
LWPOLYLINE
  5
1D6
330
17
100
AcDbEntity
  8
Painéis
 62
200
370
25
100
AcDbPolyline
 90
4
 70
1
 10
5106.893109151731
 20
3473.280898706198
 10
5110.893109151732
 20
3473.280898706198
 10
5110.893109151732
 20
3413.28089870622
 10
5106.893109151731
 20
3413.28089870622
  0
LWPOLYLINE
  5
1D7
330
17
100
AcDbEntity
  8
Madeira
 62
126
370
18
100
AcDbPolyline
 90
4
 70
1
 10
5106.893109151731
 20
3468.880898706197
 10
5106.893109151731
 20
3473.280898706198
 10
5092.893109151731
 20
3473.280898706198
 10
5092.893109151731
 20
3468.880898706197
  0
LWPOLYLINE
  5
1D8
330
17
100
AcDbEntity
  8
Madeira
 62
126
370
18
100
AcDbPolyline
 90
4
 70
1
 10
5072.893109151731
 20
3413.28089870622
 10
5072.893109151731
 20
3417.680898706214
 10
5092.893109151731
 20
3417.680898706214
 10
5092.893109151731
 20
3413.28089870622
  0
LWPOLYLINE
  5
1D9
330
17
100
AcDbEntity
  8
Madeira
 62
126
370
18
100
AcDbPolyline
 90
4
 70
1
 10
5106.893109151731
 20
3473.280898706198
 10
5092.893109151731
 20
3473.280898706198
 10
5092.893109151731
 20
3383.28089870622
 10
5106.893109151731
 20
3383.28089870622
  0
LWPOLYLINE
  5
1DA
330
17
100
AcDbEntity
  8
Madeira
 62
126
370
18
100
AcDbPolyline
 90
4
 70
1
 10
5148.893109151732
 20
3413.28089870622
 10
5148.893109151732
 20
3417.680898706214
 10
5134.893109151732
 20
3417.680898706214
 10
5134.893109151732
 20
3413.28089870622
  0
LWPOLYLINE
  5
1DB
330
17
100
AcDbEntity
  8
Painéis
 62
200
370
25
100
AcDbPolyline
 90
4
 70
1
 10
5148.893109151732
 20
3417.680898706214
 10
5148.893109151732
 20
3421.28089870622
 10
5110.893109151732
 20
3421.28089870622
 10
5110.893109151732
 20
3417.680898706214
  0
LWPOLYLINE
  5
1DC
330
17
100
AcDbEntity
  8
Madeira
 62
126
370
18
100
AcDbPolyline
 90
4
 70
1
 10
5110.893109151732
 20
3413.28089870622
 10
5110.893109151732
 20
3417.680898706214
 10
5124.893109151731
 20
3417.680898706214
 10
5124.893109151731
 20
3413.28089870622
  0
LWPOLYLINE
  5
1DD
330
17
100
AcDbEntity
  8
Painéis
 62
200
370
25
100
AcDbPolyline
 90
4
 70
1
 10
5152.893109151743
 20
3501.28089870622
 10
5148.893109151742
 20
3501.28089870622
 10
5148.893109151732
 20
3413.28089870622
 10
5152.893109151731
 20
3413.28089870622
  0
LWPOLYLINE
  5
1DE
330
17
100
AcDbEntity
  8
Madeira
 62
126
370
18
100
AcDbPolyline
 90
4
 70
1
 10
5152.893109151743
 20
3496.880898706218
 10
5152.893109151743
 20
3501.28089870622
 10
5166.893109151743
 20
3501.28089870622
 10
5166.893109151743
 20
3496.880898706218
  0
LWPOLYLINE
  5
1DF
330
17
100
AcDbEntity
  8
Madeira
 62
126
370
18
100
AcDbPolyline
 90
4
 70
1
 10
5186.893109151732
 20
3413.28089870622
 10
5186.893109151732
 20
3417.680898706214
 10
5166.893109151732
 20
3417.680898706214
 10
5166.893109151732
 20
3413.28089870622
  0
LWPOLYLINE
  5
1E0
330
17
100
AcDbEntity
  8
Madeira
 62
126
370
18
100
AcDbPolyline
 90
4
 70
1
 10
5152.893109151743
 20
3501.28089870622
 10
5166.893109151743
 20
3501.28089870622
 10
5166.893109151732
 20
3413.28089870622
 10
5152.893109151731
 20
3413.28089870622
  0
LWPOLYLINE
  5
1E1
330
17
100
AcDbEntity
  8
Painéis
 62
200
370
25
100
AcDbPolyline
 90
4
 70
1
 10
5110.893109151732
 20
3473.280898706198
 10
5110.893109151732
 20
3477.280898706198
 10
5055.293109151755
 20
3477.280898706191
 10
5055.293109151755
 20
3473.280898706191
  0
LWPOLYLINE
  5
1E2
330
17
100
AcDbEntity
  8
CONCRETO
 62
251
370
25
100
AcDbPolyline
 90
8
 70
1
 10
5055.293109151755
 20
3477.280898706191
 10
5055.293109151755
 20
3501.28089870622
 10
5148.893109151741
 20
3501.28089870622
 10
5148.893109151741
 20
3473.280898706206
 10
5148.893109151732
 20
3473.280898706206
 10
5148.893109151673
 20
3421.28089870622
 10
5110.893109151732
 20
3421.28089870622
 10
5110.893109151732
 20
3477.280898706198
  0
LWPOLYLINE
  5
1E3
330
17
100
AcDbEntity
  8
barrote
 62
251
370
25
100
AcDbPolyline
 90
4
 70
1
 10
5039.437911479837
 20
3393.280898706264
 10
5234.620851989532
 20
3393.280898706264
 10
5234.620851989532
 20
3413.28089870622
 10
5039.437911479837
 20
3413.28089870622
  0
LWPOLYLINE
  5
1E4
330
17
100
AcDbEntity
  8
SCO-___-LAJ
 62
1
370
0
100
AcDbPolyline
 90
4
 70
1
 10
5048.440178895298
 20
3411.947485372893
 10
5215.746039408159
 20
3411.947485372886
 10
5215.746039408159
 20
3408.74780537291
 10
5048.440178895298
 20
3408.747805372917
  0
LWPOLYLINE
  5
1E5
330
17
100
AcDbEntity
  8
Painéis
 62
200
370
25
100
AcDbPolyline
 90
4
 70
1
 10
5106.893109151746
 20
3123.459475030341
 10
5110.893109151746
 20
3123.459475030341
 10
5110.893109151746
 20
3043.459475030362
 10
5106.893109151746
 20
3043.459475030362
  0
LWPOLYLINE
  5
1E6
330
17
100
AcDbEntity
  8
Madeira
 62
126
370
18
100
AcDbPolyline
 90
4
 70
1
 10
5106.893109151746
 20
3119.059475030339
 10
5106.893109151746
 20
3123.459475030341
 10
5092.893109151746
 20
3123.459475030341
 10
5092.893109151746
 20
3119.059475030339
  0
LWPOLYLINE
  5
1E7
330
17
100
AcDbEntity
  8
Madeira
 62
126
370
18
100
AcDbPolyline
 90
4
 70
1
 10
5072.893109151745
 20
3043.459475030362
 10
5072.893109151745
 20
3047.859475030357
 10
5092.893109151746
 20
3047.859475030357
 10
5092.893109151746
 20
3043.459475030362
  0
LWPOLYLINE
  5
1E8
330
17
100
AcDbEntity
  8
Madeira
 62
126
370
18
100
AcDbPolyline
 90
4
 70
1
 10
5106.893109151746
 20
3123.459475030341
 10
5092.893109151746
 20
3123.459475030341
 10
5092.893109151746
 20
3013.459475030363
 10
5106.893109151746
 20
3013.459475030363
  0
LWPOLYLINE
  5
1E9
330
17
100
AcDbEntity
  8
Madeira
 62
126
370
18
100
AcDbPolyline
 90
4
 70
1
 10
5148.893109151746
 20
3043.459475030362
 10
5148.893109151746
 20
3047.859475030357
 10
5134.893109151747
 20
3047.859475030357
 10
5134.893109151747
 20
3043.459475030362
  0
LWPOLYLINE
  5
1EA
330
17
100
AcDbEntity
  8
Painéis
 62
200
370
25
100
AcDbPolyline
 90
4
 70
1
 10
5148.893109151746
 20
3047.859475030357
 10
5148.893109151746
 20
3051.459475030362
 10
5110.893109151746
 20
3051.459475030362
 10
5110.893109151746
 20
3047.859475030357
  0
LWPOLYLINE
  5
1EB
330
17
100
AcDbEntity
  8
Madeira
 62
126
370
18
100
AcDbPolyline
 90
4
 70
1
 10
5110.893109151746
 20
3043.459475030362
 10
5110.893109151746
 20
3047.859475030357
 10
5124.893109151746
 20
3047.859475030357
 10
5124.893109151746
 20
3043.459475030362
  0
LWPOLYLINE
  5
1EC
330
17
100
AcDbEntity
  8
Painéis
 62
200
370
25
100
AcDbPolyline
 90
4
 70
1
 10
5152.893109151757
 20
3151.459475030363
 10
5148.893109151757
 20
3151.459475030363
 10
5148.893109151746
 20
3043.459475030362
 10
5152.893109151746
 20
3043.459475030362
  0
LWPOLYLINE
  5
1ED
330
17
100
AcDbEntity
  8
Madeira
 62
126
370
18
100
AcDbPolyline
 90
4
 70
1
 10
5152.893109151757
 20
3147.059475030361
 10
5152.893109151757
 20
3151.459475030363
 10
5166.893109151757
 20
3151.459475030363
 10
5166.893109151757
 20
3147.059475030361
  0
LWPOLYLINE
  5
1EE
330
17
100
AcDbEntity
  8
Madeira
 62
126
370
18
100
AcDbPolyline
 90
4
 70
1
 10
5186.893109151746
 20
3043.459475030362
 10
5186.893109151746
 20
3047.859475030357
 10
5166.893109151747
 20
3047.859475030357
 10
5166.893109151747
 20
3043.459475030362
  0
LWPOLYLINE
  5
1EF
330
17
100
AcDbEntity
  8
Madeira
 62
126
370
18
100
AcDbPolyline
 90
4
 70
1
 10
5152.893109151757
 20
3151.459475030363
 10
5166.893109151757
 20
3151.459475030363
 10
5166.893109151747
 20
3043.459475030362
 10
5152.893109151746
 20
3043.459475030362
  0
LWPOLYLINE
  5
1F0
330
17
100
AcDbEntity
  8
Painéis
 62
200
370
25
100
AcDbPolyline
 90
4
 70
1
 10
5110.893109151746
 20
3123.459475030341
 10
5110.893109151746
 20
3127.45947503034
 10
5055.293109151769
 20
3127.459475030333
 10
5055.293109151769
 20
3123.459475030334
  0
LWPOLYLINE
  5
1F1
330
17
100
AcDbEntity
  8
CONCRETO
 62
251
370
25
100
AcDbPolyline
 90
8
 70
1
 10
5055.293109151769
 20
3127.459475030333
 10
5055.293109151769
 20
3151.459475030363
 10
5148.893109151755
 20
3151.459475030363
 10
5148.893109151755
 20
3123.459475030348
 10
5148.893109151746
 20
3123.459475030348
 10
5148.893109151688
 20
3051.459475030362
 10
5110.893109151746
 20
3051.459475030362
 10
5110.893109151746
 20
3127.45947503034
  0
LWPOLYLINE
  5
1F2
330
17
100
AcDbEntity
  8
barrote
 62
251
370
25
100
AcDbPolyline
 90
4
 70
1
 10
5039.437911479852
 20
3023.459475030406
 10
5234.620851989546
 20
3023.459475030406
 10
5234.620851989546
 20
3043.459475030362
 10
5039.437911479852
 20
3043.459475030362
  0
LWPOLYLINE
  5
1F3
330
17
100
AcDbEntity
  8
SCO-___-LAJ
 62
1
370
0
100
AcDbPolyline
 90
4
 70
1
 10
5048.440178895313
 20
3042.126061697036
 10
5215.746039408173
 20
3042.126061697029
 10
5215.746039408173
 20
3038.926381697053
 10
5048.440178895313
 20
3038.92638169706
  0
LWPOLYLINE
  5
1F4
330
17
100
AcDbEntity
  8
COTA
 62
0
370
25
100
AcDbPolyline
 90
2
 70
0
 10
5000.416386062563
 20
3415.780898706222
 10
5005.416386062563
 20
3410.780898706222
  0
LWPOLYLINE
  5
1F5
330
17
100
AcDbEntity
  8
COTA
 62
0
370
25
100
AcDbPolyline
 90
2
 70
0
 10
5005.416386062563
 20
3498.780898706215
 10
5000.416386062563
 20
3503.780898706215
  0
LWPOLYLINE
  5
1F6
330
17
100
AcDbEntity
  8
COTA
 62
0
370
25
100
AcDbPolyline
 90
2
 70
0
 10
5223.264841910066
 20
3415.780898706222
 10
5228.264841910066
 20
3410.780898706222
  0
LWPOLYLINE
  5
1F7
330
17
100
AcDbEntity
  8
COTA
 62
0
370
25
100
AcDbPolyline
 90
2
 70
0
 10
5228.264841910066
 20
3498.780898706222
 10
5223.264841910066
 20
3503.780898706222
  0
LWPOLYLINE
  5
1F8
330
17
100
AcDbEntity
  8
COTA
 62
0
370
25
100
AcDbPolyline
 90
2
 70
0
 10
5024.735814548025
 20
3498.780898706215
 10
5019.735814548025
 20
3503.780898706215
  0
LWPOLYLINE
  5
1F9
330
17
100
AcDbEntity
  8
COTA
 62
0
370
25
100
AcDbPolyline
 90
2
 70
0
 10
5019.735814548025
 20
3479.780898706193
 10
5024.735814548025
 20
3474.780898706193
  0
LWPOLYLINE
  5
1FA
330
17
100
AcDbEntity
  8
COTA
 62
0
370
25
100
AcDbPolyline
 90
2
 70
0
 10
5024.735814548357
 20
3470.780898706193
 10
5019.735814548357
 20
3475.780898706193
  0
LWPOLYLINE
  5
1FB
330
17
100
AcDbEntity
  8
COTA
 62
0
370
25
100
AcDbPolyline
 90
2
 70
0
 10
5019.735814548357
 20
3415.780898706222
 10
5024.735814548357
 20
3410.780898706222
  0
LWPOLYLINE
  5
1FC
330
17
100
AcDbEntity
  8
COTA
 62
0
370
25
100
AcDbPolyline
 90
2
 70
0
 10
5113.393109151732
 20
3371.05408490403
 10
5108.393109151732
 20
3366.05408490403
  0
LWPOLYLINE
  5
1FD
330
17
100
AcDbEntity
  8
COTA
 62
0
370
25
100
AcDbPolyline
 90
2
 70
0
 10
5146.393109151732
 20
3366.05408490403
 10
5151.393109151732
 20
3371.05408490403
  0
LWPOLYLINE
  5
1FE
330
17
100
AcDbEntity
  8
COTA
 62
0
370
25
100
AcDbPolyline
 90
2
 70
0
 10
5041.535201704308
 20
3440.750956234513
 10
5036.535201704308
 20
3445.750956234513
  0
LWPOLYLINE
  5
1FF
330
17
100
AcDbEntity
  8
COTA
 62
0
370
25
100
AcDbPolyline
 90
2
 70
0
 10
5036.535201704308
 20
3415.780898706222
 10
5041.535201704308
 20
3410.780898706222
  0
LWPOLYLINE
  5
200
330
17
100
AcDbEntity
  8
COTA
 62
0
370
25
100
AcDbPolyline
 90
2
 70
0
 10
5000.416386062576
 20
3045.959475030363
 10
5005.416386062576
 20
3040.959475030363
  0
LWPOLYLINE
  5
201
330
17
100
AcDbEntity
  8
COTA
 62
0
370
25
100
AcDbPolyline
 90
2
 70
0
 10
5005.416386062576
 20
3148.959475030357
 10
5000.416386062576
 20
3153.959475030357
  0
LWPOLYLINE
  5
202
330
17
100
AcDbEntity
  8
COTA
 62
0
370
25
100
AcDbPolyline
 90
2
 70
0
 10
5223.264841910079
 20
3045.959475030363
 10
5228.264841910079
 20
3040.959475030363
  0
LWPOLYLINE
  5
203
330
17
100
AcDbEntity
  8
COTA
 62
0
370
25
100
AcDbPolyline
 90
2
 70
0
 10
5228.264841910079
 20
3148.959475030364
 10
5223.264841910079
 20
3153.959475030364
  0
LWPOLYLINE
  5
204
330
17
100
AcDbEntity
  8
COTA
 62
0
370
25
100
AcDbPolyline
 90
2
 70
0
 10
5024.735814548039
 20
3148.959475030357
 10
5019.735814548039
 20
3153.959475030357
  0
LWPOLYLINE
  5
205
330
17
100
AcDbEntity
  8
COTA
 62
0
370
25
100
AcDbPolyline
 90
2
 70
0
 10
5019.735814548039
 20
3129.959475030335
 10
5024.735814548039
 20
3124.959475030335
  0
LWPOLYLINE
  5
206
330
17
100
AcDbEntity
  8
COTA
 62
0
370
25
100
AcDbPolyline
 90
2
 70
0
 10
5024.73581454837
 20
3120.959475030335
 10
5019.73581454837
 20
3125.959475030335
  0
LWPOLYLINE
  5
207
330
17
100
AcDbEntity
  8
COTA
 62
0
370
25
100
AcDbPolyline
 90
2
 70
0
 10
5019.73581454837
 20
3045.959475030363
 10
5024.73581454837
 20
3040.959475030363
  0
LWPOLYLINE
  5
208
330
17
100
AcDbEntity
  8
COTA
 62
0
370
25
100
AcDbPolyline
 90
2
 70
0
 10
5113.393109151746
 20
3001.232661228173
 10
5108.393109151746
 20
2996.232661228173
  0
LWPOLYLINE
  5
209
330
17
100
AcDbEntity
  8
COTA
 62
0
370
25
100
AcDbPolyline
 90
2
 70
0
 10
5146.393109151746
 20
2996.232661228173
 10
5151.393109151746
 20
3001.232661228173
  0
LWPOLYLINE
  5
20A
330
17
100
AcDbEntity
  8
COTA
 62
0
370
25
100
AcDbPolyline
 90
2
 70
0
 10
5041.535201704318
 20
3090.929532558655
 10
5036.535201704318
 20
3095.929532558655
  0
LWPOLYLINE
  5
20B
330
17
100
AcDbEntity
  8
COTA
 62
0
370
25
100
AcDbPolyline
 90
2
 70
0
 10
5036.535201704318
 20
3045.959475030392
 10
5041.535201704318
 20
3040.959475030392
  0
TEXT
  5
20C
330
17
100
AcDbEntity
  8
Texto Seção
 62
7
370
15
100
AcDbText
 10
5330.027766173188
 20
3576.058381984563
 30
0.0
 40
13.0
  1
VD2.A
100
AcDbText
  0
TEXT
  5
20D
330
17
100
AcDbEntity
  8
5
 62
5
370
25
100
AcDbText
 10
5328.069630628473
 20
3434.778411354447
 30
0.0
 40
12.0
  1
PD1
 50
3.55024762388e-05
100
AcDbText
  0
TEXT
  5
20E
330
17
100
AcDbEntity
  8
5
 62
5
370
25
100
AcDbText
 10
5513.316140153282
 20
3436.823665740077
 30
0.0
 40
12.0
  1
PD2
 50
3.55024762388e-05
100
AcDbText
  0
TEXT
  5
20F
330
17
100
AcDbEntity
  8
texto
 62
2
370
25
100
AcDbText
 10
5390.312927591097
 20
3535.446424833205
 30
0.0
 40
8.0
  1
5 1/2pont
100
AcDbText
  0
TEXT
  5
210
330
17
100
AcDbEntity
  8
texto
 62
2
370
25
100
AcDbText
 10
5489.421933190561
 20
3535.446424833205
 30
0.0
 40
8.0
  1
4 1/2pont
100
AcDbText
  0
TEXT
  5
211
330
17
100
AcDbEntity
  8
detalhes
 62
4
370
25
100
AcDbText
 10
5157.60759232777
 20
3431.470570235502
 30
0.0
 40
9.600000000000001
  1
b
100
AcDbText
  0
TEXT
  5
212
330
17
100
AcDbEntity
  8
detalhes
 62
4
370
25
100
AcDbText
 10
5095.063933682033
 20
3431.481627681078
 30
0.0
 40
9.600000000000001
  1
a
100
AcDbText
  0
TEXT
  5
213
330
17
100
AcDbEntity
  8
detalhes
 62
4
370
25
100
AcDbText
 10
5121.493374767176
 20
3423.516652226059
 30
0.0
 40
9.600000000000001
  1
c
100
AcDbText
  0
TEXT
  5
214
330
17
100
AcDbEntity
  8
Texto Seção
 62
7
370
15
100
AcDbText
 10
5675.794133732996
 20
3576.058381984563
 30
0.0
 40
13.0
  1
VD2.B
100
AcDbText
  0
TEXT
  5
215
330
17
100
AcDbEntity
  8
5
 62
5
370
25
100
AcDbText
 10
5673.835998188281
 20
3447.148067880898
 30
0.0
 40
12.0
  1
PD2
 50
3.55024762388e-05
100
AcDbText
  0
TEXT
  5
216
330
17
100
AcDbEntity
  8
5
 62
5
370
25
100
AcDbText
 10
5838.702108113355
 20
3444.453998525117
 30
0.0
 40
12.0
  1
VD12
 50
3.55024762388e-05
100
AcDbText
  0
TEXT
  5
217
330
17
100
AcDbEntity
  8
texto
 62
2
370
25
100
AcDbText
 10
5766.704406517934
 20
3544.878883820126
 30
0.0
 40
8.0
  1
6 1/2pont
100
AcDbText
  0
TEXT
  5
218
330
17
100
AcDbEntity
  8
5
 62
5
370
25
100
AcDbText
 10
5897.034457803985
 20
3444.453998525117
 30
0.0
 40
12.0
  1
PD1
 50
3.55024762388e-05
100
AcDbText
  0
TEXT
  5
219
330
17
100
AcDbEntity
  8
Texto Seção
 62
7
370
15
100
AcDbText
 10
5330.027766173202
 20
3226.236958308705
 30
0.0
 40
13.0
  1
VD3.A
100
AcDbText
  0
TEXT
  5
21A
330
17
100
AcDbEntity
  8
5
 62
5
370
25
100
AcDbText
 10
5328.069630628487
 20
3074.956987678589
 30
0.0
 40
12.0
  1
VD11
 50
3.55024762388e-05
100
AcDbText
  0
TEXT
  5
21B
330
17
100
AcDbEntity
  8
5
 62
5
370
25
100
AcDbText
 10
5715.316140153297
 20
3077.00224206422
 30
0.0
 40
12.0
  1
VD14
 50
3.55024762388e-05
100
AcDbText
  0
TEXT
  5
21C
330
17
100
AcDbEntity
  8
texto
 62
2
370
25
100
AcDbText
 10
5449.844873895561
 20
3185.625001157348
 30
0.0
 40
8.0
  1
8 1/2pont
100
AcDbText
  0
TEXT
  5
21D
330
17
100
AcDbEntity
  8
texto
 62
2
370
25
100
AcDbText
 10
5655.140703099494
 20
3185.625001157348
 30
0.0
 40
8.0
  1
6 1/2pont
100
AcDbText
  0
TEXT
  5
21E
330
17
100
AcDbEntity
  8
detalhes
 62
4
370
25
100
AcDbText
 10
5157.607592327784
 20
3061.649146559645
 30
0.0
 40
9.600000000000001
  1
b
100
AcDbText
  0
TEXT
  5
21F
330
17
100
AcDbEntity
  8
detalhes
 62
4
370
25
100
AcDbText
 10
5095.063933682048
 20
3061.66020400522
 30
0.0
 40
9.600000000000001
  1
a
100
AcDbText
  0
TEXT
  5
220
330
17
100
AcDbEntity
  8
detalhes
 62
4
370
25
100
AcDbText
 10
5121.493374767191
 20
3053.695228550201
 30
0.0
 40
9.600000000000001
  1
c
100
AcDbText
  0
TEXT
  5
221
330
17
100
AcDbEntity
  8
Texto Seção
 62
7
370
15
100
AcDbText
 10
5323.009575705931
 20
3017.900489259911
 30
0.0
 40
13.0
  1
VD3.B
100
AcDbText
  0
TEXT
  5
222
330
17
100
AcDbEntity
  8
texto
 62
2
370
25
100
AcDbText
 10
5390.312927591097
 20
2981.272196489544
 30
0.0
 40
8.0
  1
5 1/2pont
100
AcDbText
  0
TEXT
  5
223
330
17
100
AcDbEntity
  8
texto
 62
2
370
25
100
AcDbText
 10
5489.421933190561
 20
2981.272196489544
 30
0.0
 40
8.0
  1
4 1/2pont
100
AcDbText
  0
TEXT
  5
224
330
17
100
AcDbEntity
  8
texto
 62
2
370
25
100
AcDbText
 10
5626.312927591101
 20
2981.272196489544
 30
0.0
 40
8.0
  1
5 1/2pont
100
AcDbText
  0
TEXT
  5
225
330
17
100
AcDbEntity
  8
texto
 62
2
370
25
100
AcDbText
 10
5721.421933190566
 20
2981.272196489544
 30
0.0
 40
8.0
  1
4 1/2pont
100
AcDbText
  0
TEXT
  5
226
330
17
100
AcDbEntity
  8
COTA
 62
240
370
25
100
AcDbText
 10
5388.02776617322
 20
3490.39360800857
 30
0.0
 40
10.0
  1
122
100
AcDbText
  0
TEXT
  5
227
330
17
100
AcDbEntity
  8
COTA
 62
240
370
25
100
AcDbText
 10
5496.027766173223
 20
3490.437467657692
 30
0.0
 40
10.0
  1
94
100
AcDbText
  0
TEXT
  5
228
330
17
100
AcDbEntity
  8
COTA
 62
240
370
25
100
AcDbText
 10
5435.02776617322
 20
3460.892232295541
 30
0.0
 40
10.0
  1
216
100
AcDbText
  0
TEXT
  5
229
330
17
100
AcDbEntity
  8
COTA
 62
1
370
25
100
AcDbText
 10
5011.416386062563
 20
3457.280898706216
 30
0.0
 40
7.0
  1
44
 50
90.0
100
AcDbText
  0
TEXT
  5
22A
330
17
100
AcDbEntity
  8
COTA
 62
1
370
25
100
AcDbText
 10
5234.264841910066
 20
3457.280898706219
 30
0.0
 40
7.0
  1
44
 50
90.0
100
AcDbText
  0
TEXT
  5
22B
330
17
100
AcDbEntity
  8
Cota Seção (2x)
 62
1
370
25
100
AcDbText
 10
5150.89310915339
 20
3461.280898706184
 30
0.0
 40
7.0
  1
40
 50
90.0
100
AcDbText
  0
TEXT
  5
22C
330
17
100
AcDbEntity
  8
COTA
 62
1
370
25
100
AcDbText
 10
5030.735814548025
 20
3489.280898706201
 30
0.0
 40
7.0
  1
12
 50
90.0
100
AcDbText
  0
TEXT
  5
22D
330
17
100
AcDbEntity
  8
COTA
 62
1
370
25
100
AcDbText
 10
5030.735814548358
 20
3443.280898706206
 30
0.0
 40
7.0
  1
30
 50
90.0
100
AcDbText
  0
TEXT
  5
22E
330
17
100
AcDbEntity
  8
COTA
 62
1
370
25
100
AcDbText
 10
5129.893109151732
 20
3374.05408490403
 30
0.0
 40
7.0
  1
19
100
AcDbText
  0
TEXT
  5
22F
330
17
100
AcDbEntity
  8
COTA
 62
1
370
25
100
AcDbText
 10
5047.535201704308
 20
3428.265927470365
 30
0.0
 40
7.0
  1
15
 50
90.0
100
AcDbText
  0
TEXT
  5
230
330
17
100
AcDbEntity
  8
Cota Seção (2x)
 62
1
370
25
100
AcDbText
 10
5129.893109151702
 20
3440.78089870622
 30
0.0
 40
7.0
  1
19
100
AcDbText
  0
TEXT
  5
231
330
17
100
AcDbEntity
  8
COTA
 62
240
370
25
100
AcDbText
 10
5763.294133733029
 20
3470.993835614616
 30
0.0
 40
10.0
  1
181
100
AcDbText
  0
TEXT
  5
232
330
17
100
AcDbEntity
  8
COTA
 62
240
370
25
100
AcDbText
 10
5896.560435101901
 20
3471.008455497658
 30
0.0
 40
10.0
  1
54
100
AcDbText
  0
TEXT
  5
233
330
17
100
AcDbEntity
  8
COTA
 62
240
370
25
100
AcDbText
 10
5982.991636630795
 20
3544.872006563585
 30
0.0
 40
10.0
  1
44
 50
90.0
100
AcDbText
  0
TEXT
  5
234
330
17
100
AcDbEntity
  8
COTA
 62
240
370
25
100
AcDbText
 10
5580.994103810106
 20
3537.872006563585
 30
0.0
 40
10.0
  1
30
 50
90.0
100
AcDbText
  0
TEXT
  5
235
330
17
100
AcDbEntity
  8
COTA
 62
240
370
25
100
AcDbText
 10
5581.140302640513
 20
3577.930486095748
 30
0.0
 40
10.0
  1
14
 50
90.0
100
AcDbText
  0
TEXT
  5
236
330
17
100
AcDbEntity
  8
COTA
 62
240
370
25
100
AcDbText
 10
5602.458967702118
 20
3544.872006563585
 30
0.0
 40
10.0
  1
44
 50
90.0
100
AcDbText
  0
TEXT
  5
237
330
17
100
AcDbEntity
  8
COTA
 62
240
370
25
100
AcDbText
 10
5449.027766173234
 20
3130.586804215753
 30
0.0
 40
10.0
  1
244
100
AcDbText
  0
TEXT
  5
238
330
17
100
AcDbEntity
  8
COTA
 62
240
370
25
100
AcDbText
 10
5673.027766173238
 20
3130.616043981835
 30
0.0
 40
10.0
  1
204
100
AcDbText
  0
TEXT
  5
239
330
17
100
AcDbEntity
  8
COTA
 62
240
370
25
100
AcDbText
 10
5551.027766173234
 20
3101.063498678163
 30
0.0
 40
10.0
  1
448
100
AcDbText
  0
TEXT
  5
23A
330
17
100
AcDbEntity
  8
COTA
 62
240
370
25
100
AcDbText
 10
5813.111062874459
 20
3183.050582887727
 30
0.0
 40
10.0
  1
40
 50
90.0
100
AcDbText
  0
TEXT
  5
23B
330
17
100
AcDbEntity
  8
COTA
 62
240
370
25
100
AcDbText
 10
5813.140302640539
 20
3228.10906241989
 30
0.0
 40
10.0
  1
14
 50
90.0
100
AcDbText
  0
TEXT
  5
23C
330
17
100
AcDbEntity
  8
COTA
 62
240
370
25
100
AcDbText
 10
5834.42241799454
 20
3190.050582887727
 30
0.0
 40
10.0
  1
54
 50
90.0
100
AcDbText
  0
TEXT
  5
23D
330
17
100
AcDbEntity
  8
COTA
 62
1
370
25
100
AcDbText
 10
5011.416386062575
 20
3097.459475030358
 30
0.0
 40
7.0
  1
54
 50
90.0
100
AcDbText
  0
TEXT
  5
23E
330
17
100
AcDbEntity
  8
COTA
 62
1
370
25
100
AcDbText
 10
5234.264841910079
 20
3097.459475030361
 30
0.0
 40
7.0
  1
54
 50
90.0
100
AcDbText
  0
TEXT
  5
23F
330
17
100
AcDbEntity
  8
Cota Seção (2x)
 62
1
370
25
100
AcDbText
 10
5150.893109153405
 20
3111.459475030326
 30
0.0
 40
7.0
  1
50
 50
90.0
100
AcDbText
  0
TEXT
  5
240
330
17
100
AcDbEntity
  8
COTA
 62
1
370
25
100
AcDbText
 10
5030.735814548039
 20
3139.459475030344
 30
0.0
 40
7.0
  1
12
 50
90.0
100
AcDbText
  0
TEXT
  5
241
330
17
100
AcDbEntity
  8
COTA
 62
1
370
25
100
AcDbText
 10
5030.73581454837
 20
3083.459475030347
 30
0.0
 40
7.0
  1
40
 50
90.0
100
AcDbText
  0
TEXT
  5
242
330
17
100
AcDbEntity
  8
COTA
 62
1
370
25
100
AcDbText
 10
5129.893109151746
 20
3004.232661228173
 30
0.0
 40
7.0
  1
19
100
AcDbText
  0
TEXT
  5
243
330
17
100
AcDbEntity
  8
COTA
 62
1
370
25
100
AcDbText
 10
5047.535201704317
 20
3068.444503794522
 30
0.0
 40
7.0
  1
25
 50
90.0
100
AcDbText
  0
TEXT
  5
244
330
17
100
AcDbEntity
  8
Cota Seção (2x)
 62
1
370
25
100
AcDbText
 10
5129.893109151717
 20
3070.959475030362
 30
0.0
 40
7.0
  1
19
100
AcDbText
  0
TEXT
  5
245
330
17
100
AcDbEntity
  8
COTA
 62
240
370
25
100
AcDbText
 10
5388.02776617322
 20
2936.219379664908
 30
0.0
 40
10.0
  1
122
100
AcDbText
  0
TEXT
  5
246
330
17
100
AcDbEntity
  8
COTA
 62
240
370
25
100
AcDbText
 10
5506.027766173223
 20
2936.233999547949
 30
0.0
 40
10.0
  1
114
100
AcDbText
  0
TEXT
  5
247
330
17
100
AcDbEntity
  8
COTA
 62
240
370
25
100
AcDbText
 10
5624.027766173225
 20
2936.219379664908
 30
0.0
 40
10.0
  1
122
100
AcDbText
  0
TEXT
  5
248
330
17
100
AcDbEntity
  8
COTA
 62
240
370
25
100
AcDbText
 10
5730.027766173228
 20
2936.292479080113
 30
0.0
 40
10.0
  1
90
100
AcDbText
  0
TEXT
  5
249
330
17
100
AcDbEntity
  8
COTA
 62
240
370
25
100
AcDbText
 10
5813.111062874451
 20
2978.697778219923
 30
0.0
 40
10.0
  1
40
 50
90.0
100
AcDbText
  0
TEXT
  5
24A
330
17
100
AcDbEntity
  8
COTA
 62
240
370
25
100
AcDbText
 10
5813.14030264053
 20
3023.756257752086
 30
0.0
 40
10.0
  1
14
 50
90.0
100
AcDbText
  0
TEXT
  5
24B
330
17
100
AcDbEntity
  8
COTA
 62
240
370
25
100
AcDbText
 10
5834.422417994533
 20
2985.697778219922
 30
0.0
 40
10.0
  1
54
 50
90.0
100
AcDbText
  0
TEXT
  5
24C
330
17
100
AcDbEntity
  8
COTA
 62
240
370
25
100
AcDbText
 10
5325.008233058679
 20
2985.697778219922
 30
0.0
 40
10.0
  1
54
 50
90.0
100
AcDbText
  0
TEXT
  5
24D
330
17
100
AcDbEntity
  8
COTA
 62
240
370
25
100
AcDbText
 10
5549.527766173222
 20
3029.181984730917
 30
0.0
 40
10.0
  1
27
100
AcDbText
  0
TEXT
  5
24E
330
17
100
AcDbEntity
  8
COTA
 62
240
370
25
100
AcDbText
 10
5533.6575887076
 20
2990.697778219923
 30
0.0
 40
10.0
  1
44
 50
90.0
100
AcDbText
  0
TEXT
  5
24F
330
17
100
AcDbEntity
  8
COTA
 62
240
370
25
100
AcDbText
 10
5318.162269097193
 20
2946.015673016809
 30
0.0
 40
10.0
  1
7
100
AcDbText
  0
TEXT
  5
250
330
17
100
AcDbEntity
  8
COTA
 62
240
370
25
100
AcDbText
 10
5744.073791633546
 20
3188.050582887727
 30
0.0
 40
10.0
  1
30
 50
90.0
100
AcDbText
  0
TEXT
  5
251
330
17
100
AcDbEntity
  8
COTA
 62
240
370
25
100
AcDbText
 10
5760.027766173237
 20
3237.823155130728
 30
0.0
 40
10.0
  1
30
100
AcDbText
  0
TEXT
  5
252
330
17
100
AcDbEntity
  8
COTA
 62
240
370
25
100
AcDbText
 10
5783.893263249261
 20
3148.670612939546
 30
0.0
 40
10.0
  1
7
100
AcDbText
  0
TEXT
  5
253
330
17
100
AcDbEntity
  8
COTA
 62
240
370
25
100
AcDbText
 10
5349.527766173217
 20
2988.835068550378
 30
0.0
 40
10.0
  1
45
100
AcDbText
  0
HATCH
  5
254
330
17
100
AcDbEntity
  8
COTA
 62
7
100
AcDbHatch
 10
0.0
 20
0.0
 30
0.0
210
0.0
220
0.0
230
1.0
  2
AR-CONC
 70
0
 71
0
 91
1
 92
3
 72
0
 73
1
 93
5
 10
5543.027766173223
 20
3552.872006563585
 10
5543.027766173223
 20
3566.872006563585
 10
5327.027766173217
 20
3566.872006563585
 10
5327.027766173217
 20
3552.872006563585
 10
5543.027766173223
 20
3552.872006563585
 97
0
 75
1
 76
1
 52
0.0
 41
1.0
 77
0
 78
13
 53
50.0
 43
0.0
 44
0.0
 45
182.184668996
 46
-15.9390855389
 79
2
 49
19.05
 49
-209.55
 53
355.0
 43
0.0
 44
0.0
 45
-35.243421425
 46
191.056845239
 79
2
 49
15.24
 49
-167.64058417
 53
100.4514447
 43
15.182007
 44
-1.3282535
 45
146.9412470904
 46
175.1177519122
 79
2
 49
16.1900088
 49
-178.0902446
 53
46.1842
 43
0.0
 44
50.8
 45
271.0790408921
 46
-42.0423279327
 79
2
 49
28.575
 49
-314.325
 53
96.63555761
 43
22.5899
 44
47.2965
 45
237.4041340515
 46
247.4261245977
 79
2
 49
24.28502314
 49
-267.13560816
 53
351.18415117
 43
0.0
 44
50.8
 45
237.404134065
 46
247.4261245855
 79
2
 49
22.85996707
 49
-251.45973192
 53
21.0
 43
25.4
 44
38.1
 45
151.6143912691
 46
-102.2651981871
 79
2
 49
19.05
 49
-209.55
 53
326.0
 43
25.4
 44
38.1
 45
61.8020283476
 46
184.1879661223
 79
2
 49
15.24
 49
-167.64
 53
71.451445
 43
38.0345326
 44
29.5779001
 45
213.4164192787
 46
81.9227688859
 79
2
 49
16.1900088
 49
-178.0899376
 53
37.5
 43
0.0
 44
0.0
 45
3.0886032506
 46
84.5550388732
 79
6
 49
0.0
 49
-165.608
 49
0.0
 49
-170.18
 49
0.0
 49
-168.275
 53
7.5
 43
0.0
 44
0.0
 45
66.8196625103
 46
100.1805748181
 79
6
 49
0.0
 49
-97.028
 49
0.0
 49
-161.798
 49
0.0
 49
-64.135
 53
-32.5
 43
-56.642
 44
0.0
 45
135.5905951669
 46
-5.7287439927
 79
6
 49
0.0
 49
-63.5
 49
0.0
 49
-198.12
 49
0.0
 49
-262.89
 53
-42.5
 43
-82.042
 44
0.0
 45
148.129181386
 46
25.4264910333
 79
6
 49
0.0
 49
-82.55
 49
0.0
 49
-131.572
 49
0.0
 49
-186.69
 98
0
  0
HATCH
  5
255
330
17
100
AcDbEntity
  8
Hachura
 62
7
100
AcDbHatch
 10
0.0
 20
0.0
 30
0.0
210
0.0
220
0.0
230
1.0
  2
SOLID
 70
1
 71
0
 91
1
 92
3
 72
0
 73
1
 93
5
 10
5110.893109151733
 20
3473.280898706198
 10
5106.893109151733
 20
3473.280898706198
 10
5106.893109151731
 20
3413.28089870622
 10
5110.893109151732
 20
3413.28089870622
 10
5110.893109151733
 20
3473.280898706198
 97
0
 75
1
 76
1
 98
0
  0
HATCH
  5
256
330
17
100
AcDbEntity
  8
Hachura
 62
7
100
AcDbHatch
 10
0.0
 20
0.0
 30
0.0
210
0.0
220
0.0
230
1.0
  2
ANSI31
 70
0
 71
0
 91
1
 92
3
 72
0
 73
1
 93
5
 10
5106.893109151731
 20
3468.880898706197
 10
5106.893109151731
 20
3473.280898706198
 10
5092.893109151731
 20
3473.280898706198
 10
5092.893109151731
 20
3468.880898706197
 10
5106.893109151731
 20
3468.880898706197
 97
0
 75
1
 76
1
 52
0.0
 41
1.0
 77
0
 78
1
 53
45.0
 43
0.0
 44
0.0
 45
-2.2450640303
 46
2.2450640303
 79
0
 98
0
  0
HATCH
  5
257
330
17
100
AcDbEntity
  8
Hachura
 62
7
100
AcDbHatch
 10
0.0
 20
0.0
 30
0.0
210
0.0
220
0.0
230
1.0
  2
ANSI31
 70
0
 71
0
 91
1
 92
3
 72
0
 73
1
 93
5
 10
5072.893109151731
 20
3413.28089870622
 10
5072.893109151731
 20
3417.680898706214
 10
5092.893109151731
 20
3417.680898706214
 10
5092.893109151731
 20
3413.28089870622
 10
5072.893109151731
 20
3413.28089870622
 97
0
 75
1
 76
1
 52
0.0
 41
1.0
 77
0
 78
1
 53
45.0
 43
0.0
 44
0.0
 45
-2.2450640303
 46
2.2450640303
 79
0
 98
0
  0
HATCH
  5
258
330
17
100
AcDbEntity
  8
Hachura
 62
7
100
AcDbHatch
 10
0.0
 20
0.0
 30
0.0
210
0.0
220
0.0
230
1.0
  2
ANSI31
 70
0
 71
0
 91
1
 92
3
 72
0
 73
1
 93
5
 10
5148.893109151732
 20
3413.28089870622
 10
5148.893109151732
 20
3417.680898706214
 10
5134.893109151732
 20
3417.680898706214
 10
5134.893109151732
 20
3413.28089870622
 10
5148.893109151732
 20
3413.28089870622
 97
0
 75
1
 76
1
 52
0.0
 41
1.0
 77
0
 78
1
 53
45.0
 43
0.0
 44
0.0
 45
-2.2450640303
 46
2.2450640303
 79
0
 98
0
  0
HATCH
  5
259
330
17
100
AcDbEntity
  8
Hachura
 62
7
100
AcDbHatch
 10
0.0
 20
0.0
 30
0.0
210
0.0
220
0.0
230
1.0
  2
SOLID
 70
1
 71
0
 91
1
 92
3
 72
0
 73
1
 93
5
 10
5148.893109151732
 20
3417.680898706214
 10
5148.893109151732
 20
3421.28089870622
 10
5110.893109151732
 20
3421.28089870622
 10
5110.893109151732
 20
3417.680898706214
 10
5148.893109151732
 20
3417.680898706214
 97
0
 75
1
 76
1
 98
0
  0
HATCH
  5
25A
330
17
100
AcDbEntity
  8
Hachura
 62
7
100
AcDbHatch
 10
0.0
 20
0.0
 30
0.0
210
0.0
220
0.0
230
1.0
  2
ANSI31
 70
0
 71
0
 91
1
 92
3
 72
0
 73
1
 93
5
 10
5110.893109151732
 20
3413.28089870622
 10
5110.893109151732
 20
3417.680898706214
 10
5124.893109151731
 20
3417.680898706214
 10
5124.893109151731
 20
3413.28089870622
 10
5110.893109151732
 20
3413.28089870622
 97
0
 75
1
 76
1
 52
0.0
 41
1.0
 77
0
 78
1
 53
45.0
 43
0.0
 44
0.0
 45
-2.2450640303
 46
2.2450640303
 79
0
 98
0
  0
HATCH
  5
25B
330
17
100
AcDbEntity
  8
Hachura
 62
7
100
AcDbHatch
 10
0.0
 20
0.0
 30
0.0
210
0.0
220
0.0
230
1.0
  2
SOLID
 70
1
 71
0
 91
1
 92
3
 72
0
 73
1
 93
5
 10
5152.893109151743
 20
3501.28089870622
 10
5148.893109151742
 20
3501.28089870622
 10
5148.893109151732
 20
3413.28089870622
 10
5152.893109151731
 20
3413.28089870622
 10
5152.893109151743
 20
3501.28089870622
 97
0
 75
1
 76
1
 98
0
  0
HATCH
  5
25C
330
17
100
AcDbEntity
  8
Hachura
 62
7
100
AcDbHatch
 10
0.0
 20
0.0
 30
0.0
210
0.0
220
0.0
230
1.0
  2
ANSI31
 70
0
 71
0
 91
1
 92
3
 72
0
 73
1
 93
5
 10
5152.893109151743
 20
3496.880898706218
 10
5152.893109151743
 20
3501.28089870622
 10
5166.893109151743
 20
3501.28089870622
 10
5166.893109151743
 20
3496.880898706218
 10
5152.893109151743
 20
3496.880898706218
 97
0
 75
1
 76
1
 52
0.0
 41
1.0
 77
0
 78
1
 53
45.0
 43
0.0
 44
0.0
 45
-2.2450640303
 46
2.2450640303
 79
0
 98
0
  0
HATCH
  5
25D
330
17
100
AcDbEntity
  8
Hachura
 62
7
100
AcDbHatch
 10
0.0
 20
0.0
 30
0.0
210
0.0
220
0.0
230
1.0
  2
ANSI31
 70
0
 71
0
 91
1
 92
3
 72
0
 73
1
 93
5
 10
5186.893109151732
 20
3413.28089870622
 10
5186.893109151732
 20
3417.680898706214
 10
5166.893109151732
 20
3417.680898706214
 10
5166.893109151732
 20
3413.28089870622
 10
5186.893109151732
 20
3413.28089870622
 97
0
 75
1
 76
1
 52
0.0
 41
1.0
 77
0
 78
1
 53
45.0
 43
0.0
 44
0.0
 45
-2.2450640303
 46
2.2450640303
 79
0
 98
0
  0
HATCH
  5
25E
330
17
100
AcDbEntity
  8
Hachura
 62
7
100
AcDbHatch
 10
0.0
 20
0.0
 30
0.0
210
0.0
220
0.0
230
1.0
  2
SOLID
 70
1
 71
0
 91
1
 92
3
 72
0
 73
1
 93
5
 10
5110.893109151732
 20
3473.280898706198
 10
5110.893109151732
 20
3477.280898706198
 10
5055.293109151755
 20
3477.280898706191
 10
5055.293109151755
 20
3473.280898706191
 10
5110.893109151732
 20
3473.280898706198
 97
0
 75
1
 76
1
 98
0
  0
HATCH
  5
25F
330
17
100
AcDbEntity
  8
COTA
 62
7
100
AcDbHatch
 10
0.0
 20
0.0
 30
0.0
210
0.0
220
0.0
230
1.0
  2
AR-CONC
 70
0
 71
0
 91
1
 92
3
 72
0
 73
1
 93
7
 10
5327.027766173231
 20
3203.050582887728
 10
5745.027766173237
 20
3203.050582887728
 10
5745.027766173237
 20
3173.050582887728
 10
5775.027766173238
 20
3173.050582887728
 10
5775.027766173238
 20
3217.050582887728
 10
5327.027766173231
 20
3217.050582887728
 10
5327.027766173231
 20
3203.050582887728
 97
0
 75
1
 76
1
 52
0.0
 41
1.0
 77
0
 78
13
 53
50.0
 43
0.0
 44
0.0
 45
182.184668996
 46
-15.9390855389
 79
2
 49
19.05
 49
-209.55
 53
355.0
 43
0.0
 44
0.0
 45
-35.243421425
 46
191.056845239
 79
2
 49
15.24
 49
-167.64058417
 53
100.4514447
 43
15.182007
 44
-1.3282535
 45
146.9412470904
 46
175.1177519122
 79
2
 49
16.1900088
 49
-178.0902446
 53
46.1842
 43
0.0
 44
50.8
 45
271.0790408921
 46
-42.0423279327
 79
2
 49
28.575
 49
-314.325
 53
96.63555761
 43
22.5899
 44
47.2965
 45
237.4041340515
 46
247.4261245977
 79
2
 49
24.28502314
 49
-267.13560816
 53
351.18415117
 43
0.0
 44
50.8
 45
237.404134065
 46
247.4261245855
 79
2
 49
22.85996707
 49
-251.45973192
 53
21.0
 43
25.4
 44
38.1
 45
151.6143912691
 46
-102.2651981871
 79
2
 49
19.05
 49
-209.55
 53
326.0
 43
25.4
 44
38.1
 45
61.8020283476
 46
184.1879661223
 79
2
 49
15.24
 49
-167.64
 53
71.451445
 43
38.0345326
 44
29.5779001
 45
213.4164192787
 46
81.9227688859
 79
2
 49
16.1900088
 49
-178.0899376
 53
37.5
 43
0.0
 44
0.0
 45
3.0886032506
 46
84.5550388732
 79
6
 49
0.0
 49
-165.608
 49
0.0
 49
-170.18
 49
0.0
 49
-168.275
 53
7.5
 43
0.0
 44
0.0
 45
66.8196625103
 46
100.1805748181
 79
6
 49
0.0
 49
-97.028
 49
0.0
 49
-161.798
 49
0.0
 49
-64.135
 53
-32.5
 43
-56.642
 44
0.0
 45
135.5905951669
 46
-5.7287439927
 79
6
 49
0.0
 49
-63.5
 49
0.0
 49
-198.12
 49
0.0
 49
-262.89
 53
-42.5
 43
-82.042
 44
0.0
 45
148.129181386
 46
25.4264910333
 79
6
 49
0.0
 49
-82.55
 49
0.0
 49
-131.572
 49
0.0
 49
-186.69
 98
0
  0
HATCH
  5
260
330
17
100
AcDbEntity
  8
Hachura
 62
7
100
AcDbHatch
 10
0.0
 20
0.0
 30
0.0
210
0.0
220
0.0
230
1.0
  2
SOLID
 70
1
 71
0
 91
1
 92
3
 72
0
 73
1
 93
5
 10
5110.893109151746
 20
3127.45947503034
 10
5106.893109151744
 20
3127.45947503034
 10
5106.893109151746
 20
3043.459475030362
 10
5110.893109151746
 20
3043.459475030362
 10
5110.893109151746
 20
3127.45947503034
 97
0
 75
1
 76
1
 98
0
  0
HATCH
  5
261
330
17
100
AcDbEntity
  8
Hachura
 62
7
100
AcDbHatch
 10
0.0
 20
0.0
 30
0.0
210
0.0
220
0.0
230
1.0
  2
ANSI31
 70
0
 71
0
 91
1
 92
3
 72
0
 73
1
 93
5
 10
5106.893109151746
 20
3119.059475030339
 10
5106.893109151746
 20
3123.459475030341
 10
5092.893109151746
 20
3123.459475030341
 10
5092.893109151746
 20
3119.059475030339
 10
5106.893109151746
 20
3119.059475030339
 97
0
 75
1
 76
1
 52
0.0
 41
1.0
 77
0
 78
1
 53
45.0
 43
0.0
 44
0.0
 45
-2.2450640303
 46
2.2450640303
 79
0
 98
0
  0
HATCH
  5
262
330
17
100
AcDbEntity
  8
Hachura
 62
7
100
AcDbHatch
 10
0.0
 20
0.0
 30
0.0
210
0.0
220
0.0
230
1.0
  2
ANSI31
 70
0
 71
0
 91
1
 92
3
 72
0
 73
1
 93
5
 10
5072.893109151745
 20
3043.459475030362
 10
5072.893109151745
 20
3047.859475030357
 10
5092.893109151746
 20
3047.859475030357
 10
5092.893109151746
 20
3043.459475030362
 10
5072.893109151745
 20
3043.459475030362
 97
0
 75
1
 76
1
 52
0.0
 41
1.0
 77
0
 78
1
 53
45.0
 43
0.0
 44
0.0
 45
-2.2450640303
 46
2.2450640303
 79
0
 98
0
  0
HATCH
  5
263
330
17
100
AcDbEntity
  8
Hachura
 62
7
100
AcDbHatch
 10
0.0
 20
0.0
 30
0.0
210
0.0
220
0.0
230
1.0
  2
ANSI31
 70
0
 71
0
 91
1
 92
3
 72
0
 73
1
 93
5
 10
5148.893109151746
 20
3043.459475030362
 10
5148.893109151746
 20
3047.859475030357
 10
5134.893109151747
 20
3047.859475030357
 10
5134.893109151747
 20
3043.459475030362
 10
5148.893109151746
 20
3043.459475030362
 97
0
 75
1
 76
1
 52
0.0
 41
1.0
 77
0
 78
1
 53
45.0
 43
0.0
 44
0.0
 45
-2.2450640303
 46
2.2450640303
 79
0
 98
0
  0
HATCH
  5
264
330
17
100
AcDbEntity
  8
Hachura
 62
7
100
AcDbHatch
 10
0.0
 20
0.0
 30
0.0
210
0.0
220
0.0
230
1.0
  2
SOLID
 70
1
 71
0
 91
1
 92
3
 72
0
 73
1
 93
5
 10
5148.893109151746
 20
3047.859475030357
 10
5148.893109151746
 20
3051.459475030362
 10
5110.893109151746
 20
3051.459475030362
 10
5110.893109151746
 20
3047.859475030357
 10
5148.893109151746
 20
3047.859475030357
 97
0
 75
1
 76
1
 98
0
  0
HATCH
  5
265
330
17
100
AcDbEntity
  8
Hachura
 62
7
100
AcDbHatch
 10
0.0
 20
0.0
 30
0.0
210
0.0
220
0.0
230
1.0
  2
ANSI31
 70
0
 71
0
 91
1
 92
3
 72
0
 73
1
 93
5
 10
5110.893109151746
 20
3043.459475030362
 10
5110.893109151746
 20
3047.859475030357
 10
5124.893109151746
 20
3047.859475030357
 10
5124.893109151746
 20
3043.459475030362
 10
5110.893109151746
 20
3043.459475030362
 97
0
 75
1
 76
1
 52
0.0
 41
1.0
 77
0
 78
1
 53
45.0
 43
0.0
 44
0.0
 45
-2.2450640303
 46
2.2450640303
 79
0
 98
0
  0
HATCH
  5
266
330
17
100
AcDbEntity
  8
Hachura
 62
7
100
AcDbHatch
 10
0.0
 20
0.0
 30
0.0
210
0.0
220
0.0
230
1.0
  2
SOLID
 70
1
 71
0
 91
1
 92
3
 72
0
 73
1
 93
5
 10
5152.893109151746
 20
3151.459475030363
 10
5148.893109151746
 20
3151.459475030363
 10
5148.893109151746
 20
3043.459475030362
 10
5152.893109151746
 20
3043.459475030362
 10
5152.893109151746
 20
3151.459475030363
 97
0
 75
1
 76
1
 98
0
  0
HATCH
  5
267
330
17
100
AcDbEntity
  8
Hachura
 62
7
100
AcDbHatch
 10
0.0
 20
0.0
 30
0.0
210
0.0
220
0.0
230
1.0
  2
ANSI31
 70
0
 71
0
 91
1
 92
3
 72
0
 73
1
 93
5
 10
5152.893109151757
 20
3147.059475030361
 10
5152.893109151757
 20
3151.459475030363
 10
5166.893109151757
 20
3151.459475030363
 10
5166.893109151757
 20
3147.059475030361
 10
5152.893109151757
 20
3147.059475030361
 97
0
 75
1
 76
1
 52
0.0
 41
1.0
 77
0
 78
1
 53
45.0
 43
0.0
 44
0.0
 45
-2.2450640303
 46
2.2450640303
 79
0
 98
0
  0
HATCH
  5
268
330
17
100
AcDbEntity
  8
Hachura
 62
7
100
AcDbHatch
 10
0.0
 20
0.0
 30
0.0
210
0.0
220
0.0
230
1.0
  2
ANSI31
 70
0
 71
0
 91
1
 92
3
 72
0
 73
1
 93
5
 10
5186.893109151746
 20
3043.459475030362
 10
5186.893109151746
 20
3047.859475030357
 10
5166.893109151747
 20
3047.859475030357
 10
5166.893109151747
 20
3043.459475030362
 10
5186.893109151746
 20
3043.459475030362
 97
0
 75
1
 76
1
 52
0.0
 41
1.0
 77
0
 78
1
 53
45.0
 43
0.0
 44
0.0
 45
-2.2450640303
 46
2.2450640303
 79
0
 98
0
  0
HATCH
  5
269
330
17
100
AcDbEntity
  8
Hachura
 62
7
100
AcDbHatch
 10
0.0
 20
0.0
 30
0.0
210
0.0
220
0.0
230
1.0
  2
SOLID
 70
1
 71
0
 91
1
 92
3
 72
0
 73
1
 93
5
 10
5110.893109151746
 20
3123.459475030341
 10
5110.893109151746
 20
3127.45947503034
 10
5055.293109151769
 20
3127.459475030333
 10
5055.293109151769
 20
3123.459475030334
 10
5110.893109151746
 20
3123.459475030341
 97
0
 75
1
 76
1
 98
0
  0
HATCH
  5
26A
330
17
100
AcDbEntity
  8
COTA
 62
7
100
AcDbHatch
 10
0.0
 20
0.0
 30
0.0
210
0.0
220
0.0
230
1.0
  2
AR-CONC
 70
0
 71
0
 91
1
 92
3
 72
0
 73
1
 93
7
 10
5563.027766173223
 20
2998.697778219924
 10
5775.027766173228
 20
2998.697778219924
 10
5775.027766173228
 20
3012.697778219924
 10
5536.027766173225
 20
3012.697778219924
 10
5536.027766173223
 20
2968.697778219924
 10
5563.027766173224
 20
2968.697778219924
 10
5563.027766173223
 20
2998.697778219924
 97
0
 75
1
 76
1
 52
0.0
 41
1.0
 77
0
 78
13
 53
50.0
 43
0.0
 44
0.0
 45
182.184668996
 46
-15.9390855389
 79
2
 49
19.05
 49
-209.55
 53
355.0
 43
0.0
 44
0.0
 45
-35.243421425
 46
191.056845239
 79
2
 49
15.24
 49
-167.64058417
 53
100.4514447
 43
15.182007
 44
-1.3282535
 45
146.9412470904
 46
175.1177519122
 79
2
 49
16.1900088
 49
-178.0902446
 53
46.1842
 43
0.0
 44
50.8
 45
271.0790408921
 46
-42.0423279327
 79
2
 49
28.575
 49
-314.325
 53
96.63555761
 43
22.5899
 44
47.2965
 45
237.4041340515
 46
247.4261245977
 79
2
 49
24.28502314
 49
-267.13560816
 53
351.18415117
 43
0.0
 44
50.8
 45
237.404134065
 46
247.4261245855
 79
2
 49
22.85996707
 49
-251.45973192
 53
21.0
 43
25.4
 44
38.1
 45
151.6143912691
 46
-102.2651981871
 79
2
 49
19.05
 49
-209.55
 53
326.0
 43
25.4
 44
38.1
 45
61.8020283476
 46
184.1879661223
 79
2
 49
15.24
 49
-167.64
 53
71.451445
 43
38.0345326
 44
29.5779001
 45
213.4164192787
 46
81.9227688859
 79
2
 49
16.1900088
 49
-178.0899376
 53
37.5
 43
0.0
 44
0.0
 45
3.0886032506
 46
84.5550388732
 79
6
 49
0.0
 49
-165.608
 49
0.0
 49
-170.18
 49
0.0
 49
-168.275
 53
7.5
 43
0.0
 44
0.0
 45
66.8196625103
 46
100.1805748181
 79
6
 49
0.0
 49
-97.028
 49
0.0
 49
-161.798
 49
0.0
 49
-64.135
 53
-32.5
 43
-56.642
 44
0.0
 45
135.5905951669
 46
-5.7287439927
 79
6
 49
0.0
 49
-63.5
 49
0.0
 49
-198.12
 49
0.0
 49
-262.89
 53
-42.5
 43
-82.042
 44
0.0
 45
148.129181386
 46
25.4264910333
 79
6
 49
0.0
 49
-82.55
 49
0.0
 49
-131.572
 49
0.0
 49
-186.69
 98
0
  0
LINE
  5
26B
330
17
100
AcDbEntity
  8
COTA
 62
4
370
25
100
AcDbLine
 10
5327.027766173217
 20
2898.615664770593
 30
0.0
 11
5563.027766173223
 21
2898.615664770593
 31
0.0
  0
LINE
  5
26C
330
17
100
AcDbEntity
  8
COTA
 62
0
370
25
100
AcDbLine
 10
5328.527766173217
 20
2900.115664770593
 30
0.0
 11
5325.527766173217
 21
2897.115664770593
 31
0.0
  0
LINE
  5
26D
330
17
100
AcDbEntity
  8
COTA
 62
0
370
25
100
AcDbLine
 10
5561.527766173223
 20
2897.115664770593
 30
0.0
 11
5564.527766173223
 21
2900.115664770593
 31
0.0
  0
LINE
  5
26E
330
17
100
AcDbEntity
  8
COTA
 62
4
370
25
100
AcDbLine
 10
5563.027766173223
 20
2898.615664770593
 30
0.0
 11
5775.027766173228
 21
2898.615664770593
 31
0.0
  0
LINE
  5
26F
330
17
100
AcDbEntity
  8
COTA
 62
0
370
25
100
AcDbLine
 10
5564.527766173223
 20
2900.115664770593
 30
0.0
 11
5561.527766173223
 21
2897.115664770593
 31
0.0
  0
LINE
  5
270
330
17
100
AcDbEntity
  8
COTA
 62
0
370
25
100
AcDbLine
 10
5773.527766173228
 20
2897.115664770593
 30
0.0
 11
5776.527766173228
 21
2900.115664770593
 31
0.0
  0
TEXT
  5
271
330
17
100
AcDbEntity
  8
COTA
 62
240
370
25
100
AcDbText
 10
5445.02776617322
 20
2906.834963016207
 30
0.0
 40
10.0
  1
236
100
AcDbText
  0
TEXT
  5
272
330
17
100
AcDbEntity
  8
COTA
 62
240
370
25
100
AcDbText
 10
5669.027766173226
 20
2906.674144302757
 30
0.0
 40
10.0
  1
212
100
AcDbText
  0
ENDSEC
  0
SECTION
  2
OBJECTS
  0
DICTIONARY
  5
A
330
0
100
AcDbDictionary
281
1
  3
ACAD_COLOR
350
B
  3
ACAD_GROUP
350
C
  3
ACAD_LAYOUT
350
D
  3
ACAD_MATERIAL
350
E
  3
ACAD_MLEADERSTYLE
350
F
  3
ACAD_MLINESTYLE
350
10
  3
ACAD_PLOTSETTINGS
350
11
  3
ACAD_PLOTSTYLENAME
350
12
  3
ACAD_SCALELIST
350
14
  3
ACAD_TABLESTYLE
350
15
  3
ACAD_VISUALSTYLE
350
16
  3
EZDXF_META
350
2D
  0
DICTIONARY
  5
B
330
A
100
AcDbDictionary
281
1
  0
DICTIONARY
  5
C
330
A
100
AcDbDictionary
281
1
  0
DICTIONARY
  5
D
330
A
100
AcDbDictionary
281
1
  3
Model
350
1A
  3
Layout1
350
1E
  0
DICTIONARY
  5
E
330
A
100
AcDbDictionary
281
1
  3
ByBlock
350
1F
  3
ByLayer
350
20
  3
Global
350
21
  0
DICTIONARY
  5
F
330
A
100
AcDbDictionary
281
1
  3
Standard
350
2C
  0
DICTIONARY
  5
10
330
A
100
AcDbDictionary
281
1
  3
Standard
350
22
  0
DICTIONARY
  5
11
330
A
100
AcDbDictionary
281
1
  0
ACDBDICTIONARYWDFLT
  5
12
330
A
100
AcDbDictionary
281
1
  3
Normal
350
13
100
AcDbDictionaryWithDefault
340
13
  0
ACDBPLACEHOLDER
  5
13
330
12
  0
DICTIONARY
  5
14
330
A
100
AcDbDictionary
281
1
  0
DICTIONARY
  5
15
330
A
100
AcDbDictionary
281
1
  0
DICTIONARY
  5
16
330
A
100
AcDbDictionary
281
1
  0
LAYOUT
  5
1A
330
D
100
AcDbPlotSettings
  1

  4
A3
  6

 40
7.5
 41
20.0
 42
7.5
 43
20.0
 44
420.0
 45
297.0
 46
0.0
 47
0.0
 48
0.0
 49
0.0
140
0.0
141
0.0
142
1.0
143
1.0
 70
1024
 72
1
 73
0
 74
5
  7

 75
16
 76
0
 77
2
 78
300
147
1.0
148
0.0
149
0.0
100
AcDbLayout
  1
Model
 70
1
 71
0
 10
0.0
 20
0.0
 11
420.0
 21
297.0
 12
0.0
 22
0.0
 32
0.0
 14
1e+20
 24
1e+20
 34
1e+20
 15
-1e+20
 25
-1e+20
 35
-1e+20
146
0.0
 13
0.0
 23
0.0
 33
0.0
 16
1.0
 26
0.0
 36
0.0
 17
0.0
 27
1.0
 37
0.0
 76
1
330
17
  0
LAYOUT
  5
1E
330
D
100
AcDbPlotSettings
  1

  4
A3
  6

 40
7.5
 41
20.0
 42
7.5
 43
20.0
 44
420.0
 45
297.0
 46
0.0
 47
0.0
 48
0.0
 49
0.0
140
0.0
141
0.0
142
1.0
143
1.0
 70
0
 72
1
 73
0
 74
5
  7

 75
16
 76
0
 77
2
 78
300
147
1.0
148
0.0
149
0.0
100
AcDbLayout
  1
Layout1
 70
1
 71
1
 10
0.0
 20
0.0
 11
420.0
 21
297.0
 12
0.0
 22
0.0
 32
0.0
 14
1e+20
 24
1e+20
 34
1e+20
 15
-1e+20
 25
-1e+20
 35
-1e+20
146
0.0
 13
0.0
 23
0.0
 33
0.0
 16
1.0
 26
0.0
 36
0.0
 17
0.0
 27
1.0
 37
0.0
 76
1
330
1B
  0
MATERIAL
  5
1F
102
{ACAD_REACTORS
330
E
102
}
330
E
100
AcDbMaterial
  1
ByBlock
  2

 70
0
 40
1.0
 71
1
 41
1.0
 91
-1023410177
 42
1.0
 72
1
  3

 73
1
 74
1
 75
1
 44
0.5
 73
0
 45
1.0
 46
1.0
 77
1
  4

 78
1
 79
1
170
1
 48
1.0
171
1
  6

172
1
173
1
174
1
140
1.0
141
1.0
175
1
  7

176
1
177
1
178
1
143
1.0
179
1
  8

270
1
271
1
272
1
145
1.0
146
1.0
273
1
  9

274
1
275
1
276
1
 42
1.0
 72
1
  3

 73
1
 74
1
 75
1
 94
63
  0
MATERIAL
  5
20
102
{ACAD_REACTORS
330
E
102
}
330
E
100
AcDbMaterial
  1
ByLayer
  2

 70
0
 40
1.0
 71
1
 41
1.0
 91
-1023410177
 42
1.0
 72
1
  3

 73
1
 74
1
 75
1
 44
0.5
 73
0
 45
1.0
 46
1.0
 77
1
  4

 78
1
 79
1
170
1
 48
1.0
171
1
  6

172
1
173
1
174
1
140
1.0
141
1.0
175
1
  7

176
1
177
1
178
1
143
1.0
179
1
  8

270
1
271
1
272
1
145
1.0
146
1.0
273
1
  9

274
1
275
1
276
1
 42
1.0
 72
1
  3

 73
1
 74
1
 75
1
 94
63
  0
MATERIAL
  5
21
102
{ACAD_REACTORS
330
E
102
}
330
E
100
AcDbMaterial
  1
Global
  2

 70
0
 40
1.0
 71
1
 41
1.0
 91
-1023410177
 42
1.0
 72
1
  3

 73
1
 74
1
 75
1
 44
0.5
 73
0
 45
1.0
 46
1.0
 77
1
  4

 78
1
 79
1
170
1
 48
1.0
171
1
  6

172
1
173
1
174
1
140
1.0
141
1.0
175
1
  7

176
1
177
1
178
1
143
1.0
179
1
  8

270
1
271
1
272
1
145
1.0
146
1.0
273
1
  9

274
1
275
1
276
1
 42
1.0
 72
1
  3

 73
1
 74
1
 75
1
 94
63
  0
MLINESTYLE
  5
22
102
{ACAD_REACTORS
330
10
102
}
330
10
100
AcDbMlineStyle
  2
Standard
 70
0
  3

 62
256
 51
90.0
 52
90.0
 71
2
 49
0.5
 62
256
  6
BYLAYER
 49
-0.5
 62
256
  6
BYLAYER
  0
MLEADERSTYLE
  5
2C
102
{ACAD_REACTORS
330
F
102
}
330
F
100
AcDbMLeaderStyle
179
2
170
2
171
1
172
0
 90
2
 40
0.0
 41
0.0
173
1
 91
-1056964608
 92
-2
290
1
 42
2.0
291
1
 43
8.0
  3
Standard
 44
4.0
300

342
29
174
1
175
1
176
0
178
1
 93
-1056964608
 45
4.0
292
0
297
0
 46
4.0
 94
-1056964608
 47
1.0
 49
1.0
140
1.0
294
1
141
0.0
177
0
142
1.0
295
0
296
0
143
3.75
271
0
272
9
273
9
  0
DICTIONARY
  5
2D
330
A
100
AcDbDictionary
280
1
281
1
  3
CREATED_BY_EZDXF
350
2E
  3
WRITTEN_BY_EZDXF
350
275
  0
DICTIONARYVAR
  5
2E
330
2D
100
DictionaryVariables
280
0
  1
1.4.3 @ 2026-06-10T17:46:50.160238+00:00
  0
DICTIONARYVAR
  5
275
330
2D
100
DictionaryVariables
280
0
  1
1.4.3 @ 2026-06-10T17:46:50.178072+00:00
  0
ENDSEC
  0
EOF
