  0
SECTION
  2
HEADER
  9
$ACADVER
  1
AC1024
  9
$ACADMAINTVER
 70
6
  9
$DWGCODEPAGE
  3
ANSI_1252
  9
$LASTSAVEDBY
  1
ezdxf
  9
$INSBASE
 10
0.0
 20
0.0
 30
0.0
  9
$EXTMIN
 10
1e+20
 20
1e+20
 30
1e+20
  9
$EXTMAX
 10
-1e+20
 20
-1e+20
 30
-1e+20
  9
$LIMMIN
 10
0.0
 20
0.0
  9
$LIMMAX
 10
420.0
 20
297.0
  9
$ORTHOMODE
 70
0
  9
$REGENMODE
 70
1
  9
$FILLMODE
 70
1
  9
$QTEXTMODE
 70
0
  9
$MIRRTEXT
 70
1
  9
$LTSCALE
 40
1.0
  9
$ATTMODE
 70
1
  9
$TEXTSIZE
 40
2.5
  9
$TRACEWID
 40
1.0
  9
$TEXTSTYLE
  7
Standard
  9
$CLAYER
  8
0
  9
$CELTYPE
  6
ByLayer
  9
$CECOLOR
 62
256
  9
$CELTSCALE
 40
1.0
  9
$DISPSILH
 70
0
  9
$DIMSCALE
 40
1.0
  9
$DIMASZ
 40
2.5
  9
$DIMEXO
 40
0.625
  9
$DIMDLI
 40
3.75
  9
$DIMRND
 40
0.0
  9
$DIMDLE
 40
0.0
  9
$DIMEXE
 40
1.25
  9
$DIMTP
 40
0.0
  9
$DIMTM
 40
0.0
  9
$DIMTXT
 40
2.5
  9
$DIMCEN
 40
2.5
  9
$DIMTSZ
 40
0.0
  9
$DIMTOL
 70
0
  9
$DIMLIM
 70
0
  9
$DIMTIH
 70
0
  9
$DIMTOH
 70
0
  9
$DIMSE1
 70
0
  9
$DIMSE2
 70
0
  9
$DIMTAD
 70
1
  9
$DIMZIN
 70
8
  9
$DIMBLK
  1

  9
$DIMASO
 70
1
  9
$DIMSHO
 70
1
  9
$DIMPOST
  1

  9
$DIMAPOST
  1

  9
$DIMALT
 70
0
  9
$DIMALTD
 70
3
  9
$DIMALTF
 40
0.03937007874
  9
$DIMLFAC
 40
1.0
  9
$DIMTOFL
 70
1
  9
$DIMTVP
 40
0.0
  9
$DIMTIX
 70
0
  9
$DIMSOXD
 70
0
  9
$DIMSAH
 70
0
  9
$DIMBLK1
  1

  9
$DIMBLK2
  1

  9
$DIMSTYLE
  2
ISO-25
  9
$DIMCLRD
 70
0
  9
$DIMCLRE
 70
0
  9
$DIMCLRT
 70
0
  9
$DIMTFAC
 40
1.0
  9
$DIMGAP
 40
0.625
  9
$DIMJUST
 70
0
  9
$DIMSD1
 70
0
  9
$DIMSD2
 70
0
  9
$DIMTOLJ
 70
0
  9
$DIMTZIN
 70
8
  9
$DIMALTZ
 70
0
  9
$DIMALTTZ
 70
0
  9
$DIMUPT
 70
0
  9
$DIMDEC
 70
2
  9
$DIMTDEC
 70
2
  9
$DIMALTU
 70
2
  9
$DIMALTTD
 70
3
  9
$DIMTXSTY
  7
Standard
  9
$DIMAUNIT
 70
0
  9
$DIMADEC
 70
0
  9
$DIMALTRND
 40
0.0
  9
$DIMAZIN
 70
0
  9
$DIMDSEP
 70
44
  9
$DIMATFIT
 70
3
  9
$DIMFRAC
 70
0
  9
$DIMLDRBLK
  1

  9
$DIMLUNIT
 70
2
  9
$DIMLWD
 70
-2
  9
$DIMLWE
 70
-2
  9
$DIMTMOVE
 70
0
  9
$DIMFXL
 40
1.0
  9
$DIMFXLON
 70
0
  9
$DIMJOGANG
 40
0.785398163397
  9
$DIMTFILL
 70
0
  9
$DIMTFILLCLR
 70
0
  9
$DIMARCSYM
 70
0
  9
$DIMLTYPE
  6

  9
$DIMLTEX1
  6

  9
$DIMLTEX2
  6

  9
$DIMTXTDIRECTION
 70
0
  9
$LUNITS
 70
2
  9
$LUPREC
 70
4
  9
$SKETCHINC
 40
1.0
  9
$FILLETRAD
 40
10.0
  9
$AUNITS
 70
0
  9
$AUPREC
 70
2
  9
$MENU
  1
.
  9
$ELEVATION
 40
0.0
  9
$PELEVATION
 40
0.0
  9
$THICKNESS
 40
0.0
  9
$LIMCHECK
 70
0
  9
$CHAMFERA
 40
0.0
  9
$CHAMFERB
 40
0.0
  9
$CHAMFERC
 40
0.0
  9
$CHAMFERD
 40
0.0
  9
$SKPOLY
 70
0
  9
$TDCREATE
 40
2461202.615833333
  9
$TDUCREATE
 40
2458532.153996898
  9
$TDUPDATE
 40
2461202.615833333
  9
$TDUUPDATE
 40
2458532.1544311
  9
$TDINDWG
 40
0.0
  9
$TDUSRTIMER
 40
0.0
  9
$USRTIMER
 70
1
  9
$ANGBASE
 50
0.0
  9
$ANGDIR
 70
0
  9
$PDMODE
 70
0
  9
$PDSIZE
 40
0.0
  9
$PLINEWID
 40
0.0
  9
$SPLFRAME
 70
0
  9
$SPLINETYPE
 70
6
  9
$SPLINESEGS
 70
8
  9
$HANDSEED
  5
2FC
  9
$SURFTAB1
 70
6
  9
$SURFTAB2
 70
6
  9
$SURFTYPE
 70
6
  9
$SURFU
 70
6
  9
$SURFV
 70
6
  9
$UCSBASE
  2

  9
$UCSNAME
  2

  9
$UCSORG
 10
0.0
 20
0.0
 30
0.0
  9
$UCSXDIR
 10
1.0
 20
0.0
 30
0.0
  9
$UCSYDIR
 10
0.0
 20
1.0
 30
0.0
  9
$UCSORTHOREF
  2

  9
$UCSORTHOVIEW
 70
0
  9
$UCSORGTOP
 10
0.0
 20
0.0
 30
0.0
  9
$UCSORGBOTTOM
 10
0.0
 20
0.0
 30
0.0
  9
$UCSORGLEFT
 10
0.0
 20
0.0
 30
0.0
  9
$UCSORGRIGHT
 10
0.0
 20
0.0
 30
0.0
  9
$UCSORGFRONT
 10
0.0
 20
0.0
 30
0.0
  9
$UCSORGBACK
 10
0.0
 20
0.0
 30
0.0
  9
$PUCSBASE
  2

  9
$PUCSNAME
  2

  9
$PUCSORG
 10
0.0
 20
0.0
 30
0.0
  9
$PUCSXDIR
 10
1.0
 20
0.0
 30
0.0
  9
$PUCSYDIR
 10
0.0
 20
1.0
 30
0.0
  9
$PUCSORTHOREF
  2

  9
$PUCSORTHOVIEW
 70
0
  9
$PUCSORGTOP
 10
0.0
 20
0.0
 30
0.0
  9
$PUCSORGBOTTOM
 10
0.0
 20
0.0
 30
0.0
  9
$PUCSORGLEFT
 10
0.0
 20
0.0
 30
0.0
  9
$PUCSORGRIGHT
 10
0.0
 20
0.0
 30
0.0
  9
$PUCSORGFRONT
 10
0.0
 20
0.0
 30
0.0
  9
$PUCSORGBACK
 10
0.0
 20
0.0
 30
0.0
  9
$USERI1
 70
0
  9
$USERI2
 70
0
  9
$USERI3
 70
0
  9
$USERI4
 70
0
  9
$USERI5
 70
0
  9
$USERR1
 40
0.0
  9
$USERR2
 40
0.0
  9
$USERR3
 40
0.0
  9
$USERR4
 40
0.0
  9
$USERR5
 40
0.0
  9
$WORLDVIEW
 70
1
  9
$SHADEDGE
 70
3
  9
$SHADEDIF
 70
70
  9
$TILEMODE
 70
1
  9
$MAXACTVP
 70
64
  9
$PINSBASE
 10
0.0
 20
0.0
 30
0.0
  9
$PLIMCHECK
 70
0
  9
$PEXTMIN
 10
1e+20
 20
1e+20
 30
1e+20
  9
$PEXTMAX
 10
-1e+20
 20
-1e+20
 30
-1e+20
  9
$PLIMMIN
 10
0.0
 20
0.0
  9
$PLIMMAX
 10
420.0
 20
297.0
  9
$UNITMODE
 70
0
  9
$VISRETAIN
 70
1
  9
$PLINEGEN
 70
0
  9
$PSLTSCALE
 70
1
  9
$TREEDEPTH
 70
3020
  9
$CMLSTYLE
  2
Standard
  9
$CMLJUST
 70
0
  9
$CMLSCALE
 40
20.0
  9
$PROXYGRAPHICS
 70
1
  9
$MEASUREMENT
 70
1
  9
$CELWEIGHT
370
-1
  9
$ENDCAPS
280
0
  9
$JOINSTYLE
280
0
  9
$LWDISPLAY
290
0
  9
$INSUNITS
 70
6
  9
$HYPERLINKBASE
  1

  9
$STYLESHEET
  1

  9
$XEDIT
290
1
  9
$CEPSNTYPE
380
0
  9
$PSTYLEMODE
290
1
  9
$FINGERPRINTGUID
  2
{2C134005-6BB3-44FE-A2CC-C0EF8B89446D}
  9
$VERSIONGUID
  2
{B748C25D-D82E-4806-93C7-089F1530910D}
  9
$EXTNAMES
290
1
  9
$PSVPSCALE
 40
0.0
  9
$OLESTARTUP
290
0
  9
$SORTENTS
280
127
  9
$INDEXCTL
280
0
  9
$HIDETEXT
280
1
  9
$XCLIPFRAME
280
1
  9
$HALOGAP
280
0
  9
$OBSCOLOR
 70
257
  9
$OBSLTYPE
280
0
  9
$INTERSECTIONDISPLAY
280
0
  9
$INTERSECTIONCOLOR
 70
257
  9
$DIMASSOC
280
2
  9
$PROJECTNAME
  1

  9
$CAMERADISPLAY
290
0
  9
$LENSLENGTH
 40
50.0
  9
$CAMERAHEIGHT
 40
0.0
  9
$STEPSPERSEC
 40
24.0
  9
$STEPSIZE
 40
100.0
  9
$3DDWFPREC
 40
2.0
  9
$PSOLWIDTH
 40
0.005
  9
$PSOLHEIGHT
 40
0.08
  9
$LOFTANG1
 40
1.570796326795
  9
$LOFTANG2
 40
1.570796326795
  9
$LOFTMAG1
 40
0.0
  9
$LOFTMAG2
 40
0.0
  9
$LOFTPARAM
 70
7
  9
$LOFTNORMALS
280
1
  9
$LATITUDE
 40
37.795
  9
$LONGITUDE
 40
-122.394
  9
$NORTHDIRECTION
 40
0.0
  9
$TIMEZONE
 70
-8000
  9
$LIGHTGLYPHDISPLAY
280
1
  9
$TILEMODELIGHTSYNCH
280
1
  9
$CMATERIAL
347
20
  9
$SOLIDHIST
280
0
  9
$SHOWHIST
280
1
  9
$DWFFRAME
280
2
  9
$DGNFRAME
280
2
  9
$REALWORLDSCALE
290
1
  9
$INTERFERECOLOR
 62
256
  9
$CSHADOW
280
0
  9
$SHADOWPLANELOCATION
 40
0.0
  0
ENDSEC
  0
SECTION
  2
CLASSES
  0
CLASS
  1
ACDBDICTIONARYWDFLT
  2
AcDbDictionaryWithDefault
  3
ObjectDBX Classes
 90
0
 91
0
280
0
281
0
  0
CLASS
  1
SUN
  2
AcDbSun
  3
SCENEOE
 90
1153
 91
0
280
0
281
0
  0
CLASS
  1
VISUALSTYLE
  2
AcDbVisualStyle
  3
ObjectDBX Classes
 90
4095
 91
0
280
0
281
0
  0
CLASS
  1
MATERIAL
  2
AcDbMaterial
  3
ObjectDBX Classes
 90
1153
 91
0
280
0
281
0
  0
CLASS
  1
SCALE
  2
AcDbScale
  3
ObjectDBX Classes
 90
1153
 91
0
280
0
281
0
  0
CLASS
  1
TABLESTYLE
  2
AcDbTableStyle
  3
ObjectDBX Classes
 90
4095
 91
0
280
0
281
0
  0
CLASS
  1
MLEADERSTYLE
  2
AcDbMLeaderStyle
  3
ACDB_MLEADERSTYLE_CLASS
 90
4095
 91
0
280
0
281
0
  0
CLASS
  1
DICTIONARYVAR
  2
AcDbDictionaryVar
  3
ObjectDBX Classes
 90
0
 91
0
280
0
281
0
  0
CLASS
  1
CELLSTYLEMAP
  2
AcDbCellStyleMap
  3
ObjectDBX Classes
 90
1152
 91
0
280
0
281
0
  0
CLASS
  1
MENTALRAYRENDERSETTINGS
  2
AcDbMentalRayRenderSettings
  3
SCENEOE
 90
1024
 91
0
280
0
281
0
  0
CLASS
  1
ACDBDETAILVIEWSTYLE
  2
AcDbDetailViewStyle
  3
ObjectDBX Classes
 90
1025
 91
0
280
0
281
0
  0
CLASS
  1
ACDBSECTIONVIEWSTYLE
  2
AcDbSectionViewStyle
  3
ObjectDBX Classes
 90
1025
 91
0
280
0
281
0
  0
CLASS
  1
RASTERVARIABLES
  2
AcDbRasterVariables
  3
ISM
 90
0
 91
0
280
0
281
0
  0
CLASS
  1
ACDBPLACEHOLDER
  2
AcDbPlaceHolder
  3
ObjectDBX Classes
 90
0
 91
0
280
0
281
0
  0
CLASS
  1
LAYOUT
  2
AcDbLayout
  3
ObjectDBX Classes
 90
0
 91
0
280
0
281
0
  0
ENDSEC
  0
SECTION
  2
TABLES
  0
TABLE
  2
VPORT
  5
8
330
0
100
AcDbSymbolTable
 70
1
  0
VPORT
  5
23
330
8
100
AcDbSymbolTableRecord
100
AcDbViewportTableRecord
  2
*Active
 70
0
 10
0.0
 20
0.0
 11
1.0
 21
1.0
 12
0.0
 22
0.0
 13
0.0
 23
0.0
 14
0.5
 24
0.5
 15
0.5
 25
0.5
 16
0.0
 26
0.0
 36
1.0
 17
0.0
 27
0.0
 37
0.0
 40
1000.0
 41
1.34
 42
50.0
 43
0.0
 44
0.0
 50
0.0
 51
0.0
 71
0
 72
1000
 73
1
 74
3
 75
0
 76
0
 77
0
 78
0
281
0
 65
0
146
0.0
  0
ENDTAB
  0
TABLE
  2
LTYPE
  5
2
330
0
100
AcDbSymbolTable
 70
3
  0
LTYPE
  5
24
330
2
100
AcDbSymbolTableRecord
100
AcDbLinetypeTableRecord
  2
ByBlock
 70
0
  3

 72
65
 73
0
 40
0.0
  0
LTYPE
  5
25
330
2
100
AcDbSymbolTableRecord
100
AcDbLinetypeTableRecord
  2
ByLayer
 70
0
  3

 72
65
 73
0
 40
0.0
  0
LTYPE
  5
26
330
2
100
AcDbSymbolTableRecord
100
AcDbLinetypeTableRecord
  2
Continuous
 70
0
  3

 72
65
 73
0
 40
0.0
  0
ENDTAB
  0
TABLE
  2
LAYER
  5
1
330
0
100
AcDbSymbolTable
 70
21
  0
LAYER
  5
27
330
1
100
AcDbSymbolTableRecord
100
AcDbLayerTableRecord
  2
0
 70
0
 62
7
  6
Continuous
370
-3
390
13
347
21
  0
LAYER
  5
28
330
1
100
AcDbSymbolTableRecord
100
AcDbLayerTableRecord
  2
Defpoints
 70
0
 62
7
  6
Continuous
290
0
370
-3
390
13
347
21
  0
LAYER
  5
2F
330
1
100
AcDbSymbolTableRecord
100
AcDbLayerTableRecord
  2
barrote
 70
0
 62
7
  6
Continuous
370
-3
390
13
347
21
  0
LAYER
  5
30
330
1
100
AcDbSymbolTableRecord
100
AcDbLayerTableRecord
  2
COTA
 70
0
 62
7
  6
Continuous
370
-3
390
13
347
21
  0
LAYER
  5
31
330
1
100
AcDbSymbolTableRecord
100
AcDbLayerTableRecord
  2
SCO-___-LAJ
 70
0
 62
7
  6
Continuous
370
-3
390
13
347
21
  0
LAYER
  5
32
330
1
100
AcDbSymbolTableRecord
100
AcDbLayerTableRecord
  2
Cota Seção (2x)
 70
0
 62
7
  6
Continuous
370
-3
390
13
347
21
  0
LAYER
  5
33
330
1
100
AcDbSymbolTableRecord
100
AcDbLayerTableRecord
  2
SARRAFO DE PRESSAO
 70
0
 62
7
  6
Continuous
370
-3
390
13
347
21
  0
LAYER
  5
34
330
1
100
AcDbSymbolTableRecord
100
AcDbLayerTableRecord
  2
REAPROVEITAMENTO
 70
0
 62
7
  6
Continuous
370
-3
390
13
347
21
  0
LAYER
  5
35
330
1
100
AcDbSymbolTableRecord
100
AcDbLayerTableRecord
  2
5
 70
0
 62
7
  6
Continuous
370
-3
390
13
347
21
  0
LAYER
  5
36
330
1
100
AcDbSymbolTableRecord
100
AcDbLayerTableRecord
  2
detalhes
 70
0
 62
7
  6
Continuous
370
-3
390
13
347
21
  0
LAYER
  5
37
330
1
100
AcDbSymbolTableRecord
100
AcDbLayerTableRecord
  2
CONCRETO
 70
0
 62
7
  6
Continuous
370
-3
390
13
347
21
  0
LAYER
  5
38
330
1
100
AcDbSymbolTableRecord
100
AcDbLayerTableRecord
  2
Madeira
 70
0
 62
7
  6
Continuous
370
-3
390
13
347
21
  0
LAYER
  5
39
330
1
100
AcDbSymbolTableRecord
100
AcDbLayerTableRecord
  2
Texto Seção
 70
0
 62
7
  6
Continuous
370
-3
390
13
347
21
  0
LAYER
  5
3A
330
1
100
AcDbSymbolTableRecord
100
AcDbLayerTableRecord
  2
Hachura
 70
0
 62
7
  6
Continuous
370
-3
390
13
347
21
  0
LAYER
  5
3B
330
1
100
AcDbSymbolTableRecord
100
AcDbLayerTableRecord
  2
TENSOR
 70
0
 62
7
  6
Continuous
370
-3
390
13
347
21
  0
LAYER
  5
3C
330
1
100
AcDbSymbolTableRecord
100
AcDbLayerTableRecord
  2
presilha
 70
0
 62
7
  6
Continuous
370
-3
390
13
347
21
  0
LAYER
  5
3D
330
1
100
AcDbSymbolTableRecord
100
AcDbLayerTableRecord
  2
SARR_2.2x7
 70
0
 62
7
  6
Continuous
370
-3
390
13
347
21
  0
LAYER
  5
3E
330
1
100
AcDbSymbolTableRecord
100
AcDbLayerTableRecord
  2
SARR_3.5x7
 70
0
 62
7
  6
Continuous
370
-3
390
13
347
21
  0
LAYER
  5
3F
330
1
100
AcDbSymbolTableRecord
100
AcDbLayerTableRecord
  2
TEXTO PILAR
 70
0
 62
7
  6
Continuous
370
-3
390
13
347
21
  0
LAYER
  5
40
330
1
100
AcDbSymbolTableRecord
100
AcDbLayerTableRecord
  2
Painéis
 70
0
 62
7
  6
Continuous
370
-3
390
13
347
21
  0
LAYER
  5
41
330
1
100
AcDbSymbolTableRecord
100
AcDbLayerTableRecord
  2
Cotas
 70
0
 62
7
  6
Continuous
370
-3
390
13
347
21
  0
ENDTAB
  0
TABLE
  2
STYLE
  5
5
330
0
100
AcDbSymbolTable
 70
1
  0
STYLE
  5
29
330
5
100
AcDbSymbolTableRecord
100
AcDbTextStyleTableRecord
  2
Standard
 70
0
 40
0.0
 41
1.0
 50
0.0
 71
0
 42
2.5
  3
txt
  4

  0
ENDTAB
  0
TABLE
  2
VIEW
  5
7
330
0
100
AcDbSymbolTable
 70
0
  0
ENDTAB
  0
TABLE
  2
UCS
  5
6
330
0
100
AcDbSymbolTable
 70
0
  0
ENDTAB
  0
TABLE
  2
APPID
  5
3
330
0
100
AcDbSymbolTable
 70
3
  0
APPID
  5
2A
330
3
100
AcDbSymbolTableRecord
100
AcDbRegAppTableRecord
  2
ACAD
 70
0
  0
APPID
  5
2F9
330
3
100
AcDbSymbolTableRecord
100
AcDbRegAppTableRecord
  2
HATCHBACKGROUNDCOLOR
 70
0
  0
APPID
  5
2FA
330
3
100
AcDbSymbolTableRecord
100
AcDbRegAppTableRecord
  2
EZDXF
 70
0
  0
ENDTAB
  0
TABLE
  2
DIMSTYLE
  5
4
330
0
100
AcDbSymbolTable
 70
1
100
AcDbDimStyleTable
  0
DIMSTYLE
105
2B
330
4
100
AcDbSymbolTableRecord
100
AcDbDimStyleTableRecord
  2
Standard
 70
0
 40
1.0
 41
2.5
 42
0.625
 43
3.75
 44
1.25
 45
0.0
 46
0.0
 47
0.0
 48
0.0
 49
2.5
140
2.5
141
2.5
142
0.0
143
0.03937007874
144
1.0
145
0.0
146
1.0
147
0.625
148
0.0
 69
0
 70
0
 71
0
 72
0
 73
0
 74
0
 75
0
 76
0
 77
1
 78
8
 79
3
170
0
171
3
172
1
173
0
174
0
175
0
176
0
177
0
178
0
179
2
271
2
272
2
273
2
274
3
275
0
276
0
277
2
278
44
279
0
280
0
281
0
282
0
283
0
284
8
285
0
286
0
288
0
289
3
290
0
371
-2
372
-2
  0
ENDTAB
  0
TABLE
  2
BLOCK_RECORD
  5
9
330
0
100
AcDbSymbolTable
 70
2
  0
BLOCK_RECORD
  5
17
330
9
100
AcDbSymbolTableRecord
100
AcDbBlockTableRecord
  2
*Model_Space
340
1A
 70
0
280
1
281
0
  0
BLOCK_RECORD
  5
1B
330
9
100
AcDbSymbolTableRecord
100
AcDbBlockTableRecord
  2
*Paper_Space
340
1E
 70
0
280
1
281
0
  0
ENDTAB
  0
ENDSEC
  0
SECTION
  2
BLOCKS
  0
BLOCK
  5
18
330
17
100
AcDbEntity
  8
0
100
AcDbBlockBegin
  2
*Model_Space
 70
0
 10
0.0
 20
0.0
 30
0.0
  3
*Model_Space
  1

  0
ENDBLK
  5
19
330
17
100
AcDbEntity
  8
0
100
AcDbBlockEnd
  0
BLOCK
  5
1C
330
1B
100
AcDbEntity
  8
0
100
AcDbBlockBegin
  2
*Paper_Space
 70
0
 10
0.0
 20
0.0
 30
0.0
  3
*Paper_Space
  1

  0
ENDBLK
  5
1D
330
1B
100
AcDbEntity
  8
0
100
AcDbBlockEnd
  0
ENDSEC
  0
SECTION
  2
ENTITIES
  0
LINE
  5
42
330
17
100
AcDbEntity
  8
COTA
 62
241
370
25
100
AcDbLine
 10
5662.707468427921
 20
5923.431114079576
 30
0.0
 11
5662.707468427921
 21
5152.674627490473
 31
0.0
  0
LINE
  5
43
330
17
100
AcDbEntity
  8
SARR_2.2x7
 62
40
370
25
100
AcDbLine
 10
5070.48303116534
 20
5533.26980048393
 30
0.0
 11
5307.528171924527
 21
5533.269800483949
 31
0.0
  0
LINE
  5
44
330
17
100
AcDbEntity
  8
SARR_2.2x7
 62
40
370
25
100
AcDbLine
 10
5307.528171924527
 20
5533.269800483949
 30
0.0
 11
5471.528171924529
 21
5533.269800483729
 31
0.0
  0
LINE
  5
45
330
17
100
AcDbEntity
  8
Painéis
 62
200
370
25
100
AcDbLine
 10
5063.528171924524
 20
5540.269800483837
 30
0.0
 11
5478.52817192453
 21
5540.269800483861
 31
0.0
  0
LINE
  5
46
330
17
100
AcDbEntity
  8
Painéis
 62
200
370
25
100
AcDbLine
 10
5063.528171924527
 20
5473.269800483837
 30
0.0
 11
5520.528171924527
 21
5473.269800483863
 31
0.0
  0
LINE
  5
47
330
17
100
AcDbEntity
  8
Painéis
 62
200
370
25
100
AcDbLine
 10
5520.528171924527
 20
5473.269800483863
 30
0.0
 11
5520.528171924524
 21
5493.269800483838
 31
0.0
  0
LINE
  5
48
330
17
100
AcDbEntity
  8
Painéis
 62
200
370
25
100
AcDbLine
 10
5063.528171924527
 20
5473.269800483837
 30
0.0
 11
5063.528171924527
 21
5540.269800483837
 31
0.0
  0
LINE
  5
49
330
17
100
AcDbEntity
  8
SARR_2.2x7
 62
40
370
25
100
AcDbLine
 10
5070.483031165344
 20
5473.269800483834
 30
0.0
 11
5070.48303116534
 21
5540.269800483837
 31
0.0
  0
LINE
  5
4A
330
17
100
AcDbEntity
  8
Painéis
 62
200
370
25
100
AcDbLine
 10
5307.528171924527
 20
5473.269800483852
 30
0.0
 11
5307.528171924527
 21
5540.269800483851
 31
0.0
  0
LINE
  5
4B
330
17
100
AcDbEntity
  8
COTA
 62
241
370
25
100
AcDbLine
 10
5063.528171924524
 20
5540.269800483837
 30
0.0
 11
5063.528171924524
 21
5557.269800483838
 31
0.0
  0
LINE
  5
4C
330
17
100
AcDbEntity
  8
COTA
 62
241
370
25
100
AcDbLine
 10
5520.528171924524
 20
5557.269800483838
 30
0.0
 11
5520.528171924524
 21
5493.269800483838
 31
0.0
  0
LINE
  5
4D
330
17
100
AcDbEntity
  8
SARR_2.2x7
 62
40
370
25
100
AcDbLine
 10
5141.528171924527
 20
5480.26980048376
 30
0.0
 11
5307.528171924527
 21
5480.269800483749
 31
0.0
  0
LINE
  5
4E
330
17
100
AcDbEntity
  8
SARR_2.2x7
 62
40
370
25
100
AcDbLine
 10
5307.528171924527
 20
5480.269800483749
 30
0.0
 11
5520.528171924527
 21
5480.269800484022
 31
0.0
  0
LINE
  5
4F
330
17
100
AcDbEntity
  8
COTA
 62
241
370
25
100
AcDbLine
 10
5520.528171924524
 20
5557.269800483838
 30
0.0
 11
5063.528171924524
 21
5557.269800483838
 31
0.0
  0
LINE
  5
50
330
17
100
AcDbEntity
  8
SARR_2.2x7
 62
40
370
25
100
AcDbLine
 10
5141.528171924528
 20
5514.769800483807
 30
0.0
 11
5307.528171924527
 21
5514.769800483681
 31
0.0
  0
LINE
  5
51
330
17
100
AcDbEntity
  8
SARR_2.2x7
 62
40
370
25
100
AcDbLine
 10
5141.528171924527
 20
5521.769800483503
 30
0.0
 11
5307.528171924527
 21
5521.769800483376
 31
0.0
  0
LINE
  5
52
330
17
100
AcDbEntity
  8
SARR_2.2x7
 62
40
370
25
100
AcDbLine
 10
5307.528171924527
 20
5514.769800483882
 30
0.0
 11
5471.52817192453
 21
5514.769800483776
 31
0.0
  0
LINE
  5
53
330
17
100
AcDbEntity
  8
SARR_2.2x7
 62
40
370
25
100
AcDbLine
 10
5307.528171924527
 20
5521.769800483579
 30
0.0
 11
5471.528171924529
 21
5521.769800483472
 31
0.0
  0
LINE
  5
54
330
17
100
AcDbEntity
  8
SARR_2.2x7
 62
40
370
25
100
AcDbLine
 10
5141.528171924527
 20
5498.769800483896
 30
0.0
 11
5307.528171924527
 21
5498.769800484021
 31
0.0
  0
LINE
  5
55
330
17
100
AcDbEntity
  8
SARR_2.2x7
 62
40
370
25
100
AcDbLine
 10
5141.528171924528
 20
5491.769800484201
 30
0.0
 11
5307.528171924527
 21
5491.769800484329
 31
0.0
  0
LINE
  5
56
330
17
100
AcDbEntity
  8
SARR_2.2x7
 62
40
370
25
100
AcDbLine
 10
5307.528171924527
 20
5498.769800483823
 30
0.0
 11
5471.52817192453
 21
5498.769800483927
 31
0.0
  0
LINE
  5
57
330
17
100
AcDbEntity
  8
SARR_2.2x7
 62
40
370
25
100
AcDbLine
 10
5307.528171924527
 20
5491.769800484124
 30
0.0
 11
5471.528171924529
 21
5491.769800484231
 31
0.0
  0
LINE
  5
58
330
17
100
AcDbEntity
  8
Painéis
 62
200
370
25
100
AcDbLine
 10
5478.528171924534
 20
5493.269800483838
 30
0.0
 11
5478.52817192453
 21
5540.269800483861
 31
0.0
  0
LINE
  5
59
330
17
100
AcDbEntity
  8
SARR_2.2x7
 62
40
370
25
100
AcDbLine
 10
5471.52817192453
 20
5486.269800483838
 30
0.0
 11
5471.52817192453
 21
5540.26980048386
 31
0.0
  0
LINE
  5
5A
330
17
100
AcDbEntity
  8
Painéis
 62
200
370
25
100
AcDbLine
 10
5478.528171924534
 20
5493.269800483838
 30
0.0
 11
5520.528171924527
 21
5493.269800483838
 31
0.0
  0
LINE
  5
5B
330
17
100
AcDbEntity
  8
SARR_2.2x7
 62
40
370
25
100
AcDbLine
 10
5478.528171924534
 20
5486.269800483838
 30
0.0
 11
5520.528171924527
 21
5486.269800483839
 31
0.0
  0
LINE
  5
5C
330
17
100
AcDbEntity
  8
SARR_2.2x7
 62
40
370
25
100
AcDbLine
 10
5478.528171924534
 20
5486.269800483838
 30
0.0
 11
5471.528171924534
 21
5486.269800483838
 31
0.0
  0
LINE
  5
5D
330
17
100
AcDbEntity
  8
SARR_2.2x7
 62
40
370
25
100
AcDbLine
 10
5478.528171924534
 20
5493.269800483838
 30
0.0
 11
5478.528171924536
 21
5486.269800483838
 31
0.0
  0
LINE
  5
5E
330
17
100
AcDbEntity
  8
SARR_2.2x7
 62
40
370
25
100
AcDbLine
 10
5510.541339508141
 20
5300.964465391892
 30
0.0
 11
5324.496198748955
 21
5300.964465391906
 31
0.0
  0
LINE
  5
5F
330
17
100
AcDbEntity
  8
SARR_2.2x7
 62
40
370
25
100
AcDbLine
 10
5290.496198748955
 20
5300.96446539191
 30
0.0
 11
5109.496198748953
 21
5300.964465391692
 31
0.0
  0
LINE
  5
60
330
17
100
AcDbEntity
  8
Painéis
 62
200
370
25
100
AcDbLine
 10
5517.496198748959
 20
5307.964465391799
 30
0.0
 11
5317.496198748956
 21
5307.964465391812
 31
0.0
  0
LINE
  5
61
330
17
100
AcDbEntity
  8
Painéis
 62
200
370
25
100
AcDbLine
 10
5290.496198748955
 20
5307.964465391812
 30
0.0
 11
5102.496198748952
 21
5307.964465391822
 31
0.0
  0
LINE
  5
62
330
17
100
AcDbEntity
  8
Painéis
 62
200
370
25
100
AcDbLine
 10
5517.496198748955
 20
5237.964465391799
 30
0.0
 11
5060.496198748956
 21
5237.964465391825
 31
0.0
  0
LINE
  5
63
330
17
100
AcDbEntity
  8
Painéis
 62
200
370
25
100
AcDbLine
 10
5060.496198748956
 20
5237.964465391825
 30
0.0
 11
5060.496198748958
 21
5257.964465391801
 31
0.0
  0
LINE
  5
64
330
17
100
AcDbEntity
  8
Painéis
 62
200
370
25
100
AcDbLine
 10
5517.496198748955
 20
5237.964465391799
 30
0.0
 11
5517.496198748955
 21
5307.964465391799
 31
0.0
  0
LINE
  5
65
330
17
100
AcDbEntity
  8
SARR_2.2x7
 62
40
370
25
100
AcDbLine
 10
5510.541339508137
 20
5237.964465391796
 30
0.0
 11
5510.541339508141
 21
5307.964465391799
 31
0.0
  0
LINE
  5
66
330
17
100
AcDbEntity
  8
Painéis
 62
200
370
25
100
AcDbLine
 10
5290.496198748955
 20
5237.964465391814
 30
0.0
 11
5290.496198748955
 21
5307.964465391814
 31
0.0
  0
LINE
  5
67
330
17
100
AcDbEntity
  8
COTA
 62
241
370
25
100
AcDbLine
 10
5517.496198748959
 20
5307.964465391799
 30
0.0
 11
5517.496198748959
 21
5321.9644653918
 31
0.0
  0
LINE
  5
68
330
17
100
AcDbEntity
  8
COTA
 62
241
370
25
100
AcDbLine
 10
5060.49619874896
 20
5321.9644653918
 30
0.0
 11
5060.49619874896
 21
5257.964465391801
 31
0.0
  0
LINE
  5
69
330
17
100
AcDbEntity
  8
SARR_2.2x7
 62
40
370
25
100
AcDbLine
 10
5439.496198748955
 20
5244.964465391723
 30
0.0
 11
5290.496198748955
 21
5244.96446539171
 31
0.0
  0
LINE
  5
6A
330
17
100
AcDbEntity
  8
SARR_2.2x7
 62
40
370
25
100
AcDbLine
 10
5290.496198748955
 20
5244.96446539171
 30
0.0
 11
5060.496198748956
 21
5244.964465391984
 31
0.0
  0
LINE
  5
6B
330
17
100
AcDbEntity
  8
COTA
 62
241
370
25
100
AcDbLine
 10
5060.49619874896
 20
5321.9644653918
 30
0.0
 11
5517.496198748959
 21
5321.9644653918
 31
0.0
  0
LINE
  5
6C
330
17
100
AcDbEntity
  8
SARR_2.2x7
 62
40
370
25
100
AcDbLine
 10
5439.496198748957
 20
5279.464465391768
 30
0.0
 11
5324.496198748954
 21
5279.464465391672
 31
0.0
  0
LINE
  5
6D
330
17
100
AcDbEntity
  8
SARR_2.2x7
 62
40
370
25
100
AcDbLine
 10
5439.496198748957
 20
5286.464465391464
 30
0.0
 11
5324.496198748954
 21
5286.464465391366
 31
0.0
  0
LINE
  5
6E
330
17
100
AcDbEntity
  8
SARR_2.2x7
 62
40
370
25
100
AcDbLine
 10
5290.496198748955
 20
5279.464465391843
 30
0.0
 11
5109.496198748953
 21
5279.464465391739
 31
0.0
  0
LINE
  5
6F
330
17
100
AcDbEntity
  8
SARR_2.2x7
 62
40
370
25
100
AcDbLine
 10
5290.496198748955
 20
5286.464465391541
 30
0.0
 11
5109.496198748953
 21
5286.464465391434
 31
0.0
  0
LINE
  5
70
330
17
100
AcDbEntity
  8
SARR_2.2x7
 62
40
370
25
100
AcDbLine
 10
5439.496198748957
 20
5267.964465391676
 30
0.0
 11
5290.496198748955
 21
5267.964465391799
 31
0.0
  0
LINE
  5
71
330
17
100
AcDbEntity
  8
SARR_2.2x7
 62
40
370
25
100
AcDbLine
 10
5439.496198748957
 20
5260.964465391978
 30
0.0
 11
5290.496198748955
 21
5260.964465392106
 31
0.0
  0
LINE
  5
72
330
17
100
AcDbEntity
  8
SARR_2.2x7
 62
40
370
25
100
AcDbLine
 10
5290.496198748955
 20
5263.464465391785
 30
0.0
 11
5109.496198748953
 21
5263.46446539189
 31
0.0
  0
LINE
  5
73
330
17
100
AcDbEntity
  8
SARR_2.2x7
 62
40
370
25
100
AcDbLine
 10
5290.496198748955
 20
5256.464465392087
 30
0.0
 11
5109.496198748953
 21
5256.464465392195
 31
0.0
  0
LINE
  5
74
330
17
100
AcDbEntity
  8
Painéis
 62
200
370
25
100
AcDbLine
 10
5102.496198748949
 20
5257.9644653918
 30
0.0
 11
5102.496198748952
 21
5307.964465391822
 31
0.0
  0
LINE
  5
75
330
17
100
AcDbEntity
  8
SARR_2.2x7
 62
40
370
25
100
AcDbLine
 10
5109.496198748953
 20
5250.964465391799
 30
0.0
 11
5109.496198748953
 21
5307.964465391822
 31
0.0
  0
LINE
  5
76
330
17
100
AcDbEntity
  8
Painéis
 62
200
370
25
100
AcDbLine
 10
5102.496198748949
 20
5257.9644653918
 30
0.0
 11
5060.496198748956
 21
5257.964465391801
 31
0.0
  0
LINE
  5
77
330
17
100
AcDbEntity
  8
SARR_2.2x7
 62
40
370
25
100
AcDbLine
 10
5102.496198748949
 20
5250.964465391799
 30
0.0
 11
5060.496198748956
 21
5250.964465391802
 31
0.0
  0
LINE
  5
78
330
17
100
AcDbEntity
  8
SARR_2.2x7
 62
40
370
25
100
AcDbLine
 10
5102.496198748949
 20
5250.964465391799
 30
0.0
 11
5109.496198748949
 21
5250.964465391799
 31
0.0
  0
LINE
  5
79
330
17
100
AcDbEntity
  8
SARR_2.2x7
 62
40
370
25
100
AcDbLine
 10
5102.496198748949
 20
5257.9644653918
 30
0.0
 11
5102.496198748948
 21
5250.964465391799
 31
0.0
  0
LINE
  5
7A
330
17
100
AcDbEntity
  8
SARR_2.2x7
 62
40
370
25
100
AcDbLine
 10
5141.528171924527
 20
5473.269800483837
 30
0.0
 11
5141.528171924528
 21
5480.269800483761
 31
0.0
  0
LINE
  5
7B
330
17
100
AcDbEntity
  8
SARR_2.2x7
 62
40
370
25
100
AcDbLine
 10
5141.528171924529
 20
5491.769800484202
 30
0.0
 11
5141.528171924528
 21
5498.769800483897
 31
0.0
  0
LINE
  5
7C
330
17
100
AcDbEntity
  8
SARR_2.2x7
 62
40
370
25
100
AcDbLine
 10
5141.528171924528
 20
5514.769800483807
 30
0.0
 11
5141.528171924527
 21
5521.769800483503
 31
0.0
  0
LINE
  5
7D
330
17
100
AcDbEntity
  8
SARR_2.2x7
 62
40
370
25
100
AcDbLine
 10
5439.496198748955
 20
5237.964465391799
 30
0.0
 11
5439.496198748955
 21
5244.964465391723
 31
0.0
  0
LINE
  5
7E
330
17
100
AcDbEntity
  8
SARR_2.2x7
 62
40
370
25
100
AcDbLine
 10
5439.496198748957
 20
5260.964465391978
 30
0.0
 11
5439.496198748957
 21
5267.964465391676
 31
0.0
  0
LINE
  5
7F
330
17
100
AcDbEntity
  8
SARR_2.2x7
 62
40
370
25
100
AcDbLine
 10
5439.496198748957
 20
5279.464465391768
 30
0.0
 11
5439.496198748955
 21
5286.464465391464
 31
0.0
  0
LINE
  5
80
330
17
100
AcDbEntity
  8
Painéis
 62
200
370
25
100
AcDbLine
 10
5317.496198748955
 20
5307.964465391812
 30
0.0
 11
5317.496198748955
 21
5267.964465391799
 31
0.0
  0
LINE
  5
81
330
17
100
AcDbEntity
  8
Painéis
 62
200
370
25
100
AcDbLine
 10
5317.496198748955
 20
5267.964465391799
 30
0.0
 11
5290.496198748955
 21
5267.964465391799
 31
0.0
  0
LINE
  5
82
330
17
100
AcDbEntity
  8
SARR_2.2x7
 62
40
370
25
100
AcDbLine
 10
5324.496198748955
 20
5307.96446539181
 30
0.0
 11
5324.496198748955
 21
5267.964465391799
 31
0.0
  0
LINE
  5
83
330
17
100
AcDbEntity
  8
SARR_3.5x7
 62
81
370
25
100
AcDbLine
 10
5972.379202876864
 20
5538.234733213817
 30
0.0
 11
5972.379202876861
 21
5498.434733213828
 31
0.0
  0
LINE
  5
84
330
17
100
AcDbEntity
  8
0
 62
7
370
25
100
AcDbLine
 10
5901.356885858493
 20
5736.401171607862
 30
0.0
 11
5901.356885858493
 21
5724.401171607861
 31
0.0
  0
LINE
  5
85
330
17
100
AcDbEntity
  8
0
 62
7
370
25
100
AcDbLine
 10
6037.356885858522
 20
5733.401171607876
 30
0.0
 11
6037.356885858522
 21
5727.401171607876
 31
0.0
  0
LINE
  5
86
330
17
100
AcDbEntity
  8
0
 62
7
370
25
100
AcDbLine
 10
6035.356885858522
 20
5736.401171607876
 30
0.0
 11
6035.356885858522
 21
5724.401171607876
 31
0.0
  0
LINE
  5
87
330
17
100
AcDbEntity
  8
0
 62
7
370
25
100
AcDbLine
 10
6035.356885858522
 20
5727.401171607876
 30
0.0
 11
6037.356885858522
 21
5727.401171607876
 31
0.0
  0
LINE
  5
88
330
17
100
AcDbEntity
  8
0
 62
7
370
25
100
AcDbLine
 10
5901.356885858493
 20
5724.401171607861
 30
0.0
 11
5931.356885858493
 21
5724.401171607861
 31
0.0
  0
LINE
  5
89
330
17
100
AcDbEntity
  8
0
 62
7
370
25
100
AcDbLine
 10
6005.356885858522
 20
5729.401171607875
 30
0.0
 11
6035.356885858522
 21
5729.401171607875
 31
0.0
  0
LINE
  5
8A
330
17
100
AcDbEntity
  8
0
 62
7
370
25
100
AcDbLine
 10
6005.356885858522
 20
5731.401171607876
 30
0.0
 11
6035.356885858522
 21
5731.401171607876
 31
0.0
  0
LINE
  5
8B
330
17
100
AcDbEntity
  8
TENSOR
 62
3
370
25
100
AcDbLine
 10
6040.356885858522
 20
5730.401171607861
 30
0.0
 11
5896.053591680395
 21
5730.401171607861
 31
0.0
  0
LINE
  5
8C
330
17
100
AcDbEntity
  8
0
 62
7
370
25
100
AcDbLine
 10
6035.356885858522
 20
5733.401171607876
 30
0.0
 11
6037.356885858522
 21
5733.401171607876
 31
0.0
  0
LINE
  5
8D
330
17
100
AcDbEntity
  8
0
 62
7
370
25
100
AcDbLine
 10
5931.356885858493
 20
5729.401171607861
 30
0.0
 11
5901.356885858493
 21
5729.401171607861
 31
0.0
  0
LINE
  5
8E
330
17
100
AcDbEntity
  8
0
 62
7
370
25
100
AcDbLine
 10
5931.356885858493
 20
5731.401171607861
 30
0.0
 11
5901.356885858493
 21
5731.401171607861
 31
0.0
  0
LINE
  5
8F
330
17
100
AcDbEntity
  8
0
 62
7
370
25
100
AcDbLine
 10
5901.356885858493
 20
5736.401171607862
 30
0.0
 11
5931.356885858493
 21
5736.401171607862
 31
0.0
  0
LINE
  5
90
330
17
100
AcDbEntity
  8
0
 62
7
370
25
100
AcDbLine
 10
6035.356885858522
 20
5724.401171607876
 30
0.0
 11
6005.356885858522
 21
5724.401171607876
 31
0.0
  0
LINE
  5
91
330
17
100
AcDbEntity
  8
0
 62
7
370
25
100
AcDbLine
 10
6035.356885858522
 20
5736.401171607876
 30
0.0
 11
6005.356885858522
 21
5736.401171607876
 31
0.0
  0
LINE
  5
92
330
17
100
AcDbEntity
  8
0
 62
7
370
25
100
AcDbLine
 10
5899.356885858493
 20
5733.401171607861
 30
0.0
 11
5899.356885858493
 21
5727.401171607861
 31
0.0
  0
LINE
  5
93
330
17
100
AcDbEntity
  8
0
 62
7
370
25
100
AcDbLine
 10
5901.356885858493
 20
5727.401171607861
 30
0.0
 11
5899.356885858493
 21
5727.401171607861
 31
0.0
  0
LINE
  5
94
330
17
100
AcDbEntity
  8
0
 62
7
370
25
100
AcDbLine
 10
5899.356885858493
 20
5733.401171607861
 30
0.0
 11
5901.356885858493
 21
5733.401171607861
 31
0.0
  0
LINE
  5
95
330
17
100
AcDbEntity
  8
COTA
 62
241
370
25
100
AcDbLine
 10
6157.379202876864
 20
5557.434733213799
 30
0.0
 11
5850.379202876864
 21
5557.434733213825
 31
0.0
  0
LINE
  5
96
330
17
100
AcDbEntity
  8
COTA
 62
241
370
25
100
AcDbLine
 10
6157.379202876864
 20
5540.4347332138
 30
0.0
 11
6157.379202876864
 21
5557.434733213799
 31
0.0
  0
LINE
  5
97
330
17
100
AcDbEntity
  8
SARR_2.2x7
 62
40
370
25
100
AcDbLine
 10
6157.379202876864
 20
5533.434733213799
 30
0.0
 11
5972.379202876864
 21
5533.434733213828
 31
0.0
  0
LINE
  5
98
330
17
100
AcDbEntity
  8
SARR_2.2x7
 62
40
370
25
100
AcDbLine
 10
5850.379202876864
 20
5533.434733213825
 30
0.0
 11
5972.379202876864
 21
5533.434733214003
 31
0.0
  0
LINE
  5
99
330
17
100
AcDbEntity
  8
COTA
 62
241
370
25
100
AcDbLine
 10
5850.379202876864
 20
5540.434733213825
 30
0.0
 11
5850.379202876864
 21
5557.434733213825
 31
0.0
  0
LINE
  5
9A
330
17
100
AcDbEntity
  8
Painéis
 62
200
370
25
100
AcDbLine
 10
6157.379202876864
 20
5540.4347332138
 30
0.0
 11
5850.379202876864
 21
5540.434733213825
 31
0.0
  0
LINE
  5
9B
330
17
100
AcDbEntity
  8
Painéis
 62
200
370
25
100
AcDbLine
 10
6157.37920287686
 20
5498.434733213799
 30
0.0
 11
5850.37920287686
 21
5498.434733213825
 31
0.0
  0
LINE
  5
9C
330
17
100
AcDbEntity
  8
Painéis
 62
200
370
25
100
AcDbLine
 10
6157.37920287686
 20
5498.434733213799
 30
0.0
 11
6157.379202876864
 21
5540.4347332138
 31
0.0
  0
LINE
  5
9D
330
17
100
AcDbEntity
  8
Painéis
 62
200
370
25
100
AcDbLine
 10
5972.379202876861
 20
5498.434733213814
 30
0.0
 11
5972.379202876864
 21
5540.434733213814
 31
0.0
  0
LINE
  5
9E
330
17
100
AcDbEntity
  8
Painéis
 62
200
370
25
100
AcDbLine
 10
5850.37920287686
 20
5498.434733213825
 30
0.0
 11
5850.379202876864
 21
5540.434733213825
 31
0.0
  0
LINE
  5
9F
330
17
100
AcDbEntity
  8
SARR_3.5x7
 62
81
370
25
100
AcDbLine
 10
5971.325824974663
 20
5321.006098740575
 30
0.0
 11
5971.325824974667
 21
5281.206098740586
 31
0.0
  0
LINE
  5
A0
330
17
100
AcDbEntity
  8
COTA
 62
241
370
25
100
AcDbLine
 10
5786.325824974664
 20
5340.206098740558
 30
0.0
 11
6093.325824974663
 21
5340.206098740583
 31
0.0
  0
LINE
  5
A1
330
17
100
AcDbEntity
  8
COTA
 62
241
370
25
100
AcDbLine
 10
5786.325824974664
 20
5323.206098740557
 30
0.0
 11
5786.325824974664
 21
5340.206098740558
 31
0.0
  0
LINE
  5
A2
330
17
100
AcDbEntity
  8
SARR_2.2x7
 62
40
370
25
100
AcDbLine
 10
5786.325824974664
 20
5316.206098740558
 30
0.0
 11
5971.325824974663
 21
5316.206098740586
 31
0.0
  0
LINE
  5
A3
330
17
100
AcDbEntity
  8
SARR_2.2x7
 62
40
370
25
100
AcDbLine
 10
6093.325824974663
 20
5316.206098740583
 30
0.0
 11
5971.325824974665
 21
5316.206098740759
 31
0.0
  0
LINE
  5
A4
330
17
100
AcDbEntity
  8
COTA
 62
241
370
25
100
AcDbLine
 10
6093.325824974663
 20
5323.206098740583
 30
0.0
 11
6093.325824974663
 21
5340.206098740583
 31
0.0
  0
LINE
  5
A5
330
17
100
AcDbEntity
  8
Painéis
 62
200
370
25
100
AcDbLine
 10
5786.325824974664
 20
5323.206098740557
 30
0.0
 11
6093.325824974663
 21
5323.206098740583
 31
0.0
  0
LINE
  5
A6
330
17
100
AcDbEntity
  8
Painéis
 62
200
370
25
100
AcDbLine
 10
5786.325824974667
 20
5281.206098740558
 30
0.0
 11
6093.325824974667
 21
5281.206098740582
 31
0.0
  0
LINE
  5
A7
330
17
100
AcDbEntity
  8
Painéis
 62
200
370
25
100
AcDbLine
 10
5786.325824974667
 20
5281.206098740558
 30
0.0
 11
5786.325824974664
 21
5323.206098740557
 31
0.0
  0
LINE
  5
A8
330
17
100
AcDbEntity
  8
Painéis
 62
200
370
25
100
AcDbLine
 10
5971.325824974667
 20
5281.206098740572
 30
0.0
 11
5971.325824974663
 21
5323.206098740572
 31
0.0
  0
LINE
  5
A9
330
17
100
AcDbEntity
  8
Painéis
 62
200
370
25
100
AcDbLine
 10
6093.325824974667
 20
5281.206098740582
 30
0.0
 11
6093.325824974663
 21
5323.206098740583
 31
0.0
  0
LINE
  5
AA
330
17
100
AcDbEntity
  8
SARR_3.5x7
 62
81
370
25
100
AcDbLine
 10
5766.653880754084
 20
5543.434733213868
 30
0.0
 11
5766.653880754189
 21
5498.434733213825
 31
0.0
  0
LINE
  5
AB
330
17
100
AcDbEntity
  8
Painéis
 62
200
370
25
100
AcDbLine
 10
5766.653880754084
 20
5543.434733213825
 30
0.0
 11
5832.653880754083
 21
5543.434733213825
 31
0.0
  0
LINE
  5
AC
330
17
100
AcDbEntity
  8
Painéis
 62
200
370
25
100
AcDbLine
 10
5766.653880754084
 20
5498.434733213825
 30
0.0
 11
5832.653880754083
 21
5498.434733213825
 31
0.0
  0
LINE
  5
AD
330
17
100
AcDbEntity
  8
Painéis
 62
200
370
25
100
AcDbLine
 10
5766.653880754084
 20
5498.434733213825
 30
0.0
 11
5766.653880754084
 21
5543.434733213825
 31
0.0
  0
LINE
  5
AE
330
17
100
AcDbEntity
  8
Painéis
 62
200
370
25
100
AcDbLine
 10
5832.653880754083
 20
5498.434733213825
 30
0.0
 11
5832.653880754083
 21
5543.434733213825
 31
0.0
  0
LINE
  5
AF
330
17
100
AcDbEntity
  8
SARR_2.2x7
 62
40
370
25
100
AcDbLine
 10
5773.65388075408
 20
5498.434733213825
 30
0.0
 11
5773.653880754084
 21
5543.434733213825
 31
0.0
  0
LINE
  5
B0
330
17
100
AcDbEntity
  8
SARR_3.5x7
 62
81
370
25
100
AcDbLine
 10
6174.579507242319
 20
5326.206098740627
 30
0.0
 11
6174.579507242214
 21
5281.206098740582
 31
0.0
  0
LINE
  5
B1
330
17
100
AcDbEntity
  8
Painéis
 62
200
370
25
100
AcDbLine
 10
6174.579507242319
 20
5326.206098740583
 30
0.0
 11
6108.616909537186
 21
5326.206098740583
 31
0.0
  0
LINE
  5
B2
330
17
100
AcDbEntity
  8
Painéis
 62
200
370
25
100
AcDbLine
 10
6174.579507242319
 20
5281.206098740582
 30
0.0
 11
6108.616909537186
 21
5281.206098740582
 31
0.0
  0
LINE
  5
B3
330
17
100
AcDbEntity
  8
Painéis
 62
200
370
25
100
AcDbLine
 10
6174.579507242319
 20
5281.206098740582
 30
0.0
 11
6174.579507242319
 21
5326.206098740583
 31
0.0
  0
LINE
  5
B4
330
17
100
AcDbEntity
  8
Painéis
 62
200
370
25
100
AcDbLine
 10
6108.616909537186
 20
5281.206098740582
 30
0.0
 11
6108.616909537186
 21
5326.206098740583
 31
0.0
  0
LINE
  5
B5
330
17
100
AcDbEntity
  8
SARR_2.2x7
 62
40
370
25
100
AcDbLine
 10
6167.579507242322
 20
5281.206098740582
 30
0.0
 11
6167.579507242319
 21
5326.206098740583
 31
0.0
  0
LINE
  5
B6
330
17
100
AcDbEntity
  8
Painéis
 62
200
370
25
100
AcDbLine
 10
6240.25708462902
 20
5776.363863258647
 30
0.0
 11
6202.302066512937
 21
5776.363863258647
 31
0.0
  0
LINE
  5
B7
330
17
100
AcDbEntity
  8
Painéis
 62
200
370
25
100
AcDbLine
 10
6240.25708462902
 20
5658.363863258657
 30
0.0
 11
6202.31822828955
 21
5658.363863258646
 31
0.0
  0
LINE
  5
B8
330
17
100
AcDbEntity
  8
Painéis
 62
200
370
25
100
AcDbLine
 10
6202.31822828955
 20
5658.363863258646
 30
0.0
 11
6202.302066512937
 21
5776.363863258647
 31
0.0
  0
LINE
  5
B9
330
17
100
AcDbEntity
  8
Painéis
 62
200
370
25
100
AcDbLine
 10
6240.25708462902
 20
5776.363863258647
 30
0.0
 11
6240.25708462902
 21
5658.363863258657
 31
0.0
  0
LINE
  5
BA
330
17
100
AcDbEntity
  8
SARR_2.2x7
 62
40
370
25
100
AcDbLine
 10
5972.37920287683
 20
5503.434733213257
 30
0.0
 11
5892.334062117639
 21
5503.434733213998
 31
0.0
  0
LINE
  5
BB
330
17
100
AcDbEntity
  8
SARR_2.2x7
 62
40
370
25
100
AcDbLine
 10
5972.37920287683
 20
5513.034151035413
 30
0.0
 11
5892.334062117645
 21
5513.03415103535
 31
0.0
  0
LINE
  5
BC
330
17
100
AcDbEntity
  8
SARR_2.2x7
 62
40
370
25
100
AcDbLine
 10
5972.37920287683
 20
5520.034151035114
 30
0.0
 11
5892.334062117645
 21
5520.034151035048
 31
0.0
  0
LINE
  5
BD
330
17
100
AcDbEntity
  8
SARR_2.2x7
 62
40
370
25
100
AcDbLine
 10
6067.379202876829
 20
5503.434733213713
 30
0.0
 11
5972.37920287683
 21
5503.434733214554
 31
0.0
  0
LINE
  5
BE
330
17
100
AcDbEntity
  8
SARR_2.2x7
 62
40
370
25
100
AcDbLine
 10
6067.379202876831
 20
5513.034151035352
 30
0.0
 11
5972.37920287683
 21
5513.034151035279
 31
0.0
  0
LINE
  5
BF
330
17
100
AcDbEntity
  8
SARR_2.2x7
 62
40
370
25
100
AcDbLine
 10
6067.379202876831
 20
5520.03415103505
 30
0.0
 11
5972.37920287683
 21
5520.034151034974
 31
0.0
  0
LINE
  5
C0
330
17
100
AcDbEntity
  8
SARR_2.2x7
 62
40
370
25
100
AcDbLine
 10
5892.334062117645
 20
5520.034151035048
 30
0.0
 11
5892.37920287683
 21
5513.121770216297
 31
0.0
  0
LINE
  5
C1
330
17
100
AcDbEntity
  8
SARR_2.2x7
 62
40
370
25
100
AcDbLine
 10
5892.334062117639
 20
5503.434733213998
 30
0.0
 11
5892.334062117592
 21
5498.43473321384
 31
0.0
  0
LINE
  5
C2
330
17
100
AcDbEntity
  8
SARR_2.2x7
 62
40
370
25
100
AcDbLine
 10
6067.379202876831
 20
5520.03415103505
 30
0.0
 11
6067.424343636016
 21
5513.121770216301
 31
0.0
  0
LINE
  5
C3
330
17
100
AcDbEntity
  8
SARR_2.2x7
 62
40
370
25
100
AcDbLine
 10
6067.379202876826
 20
5503.434733214001
 30
0.0
 11
6067.379202876779
 21
5498.434733213843
 31
0.0
  0
LINE
  5
C4
330
17
100
AcDbEntity
  8
SARR_2.2x7
 62
40
370
25
100
AcDbLine
 10
5971.325824974665
 20
5286.206098739997
 30
0.0
 11
6051.370965733856
 21
5286.206098740738
 31
0.0
  0
LINE
  5
C5
330
17
100
AcDbEntity
  8
SARR_2.2x7
 62
40
370
25
100
AcDbLine
 10
5971.325824974665
 20
5295.805516562154
 30
0.0
 11
6051.370965733852
 21
5295.80551656209
 31
0.0
  0
LINE
  5
C6
330
17
100
AcDbEntity
  8
SARR_2.2x7
 62
40
370
25
100
AcDbLine
 10
5971.325824974665
 20
5302.805516561854
 30
0.0
 11
6051.370965733852
 21
5302.805516561787
 31
0.0
  0
LINE
  5
C7
330
17
100
AcDbEntity
  8
SARR_2.2x7
 62
40
370
25
100
AcDbLine
 10
5876.325824974667
 20
5286.206098740453
 30
0.0
 11
5971.325824974665
 21
5286.206098741293
 31
0.0
  0
LINE
  5
C8
330
17
100
AcDbEntity
  8
SARR_2.2x7
 62
40
370
25
100
AcDbLine
 10
5876.325824974665
 20
5295.805516562092
 30
0.0
 11
5971.325824974665
 21
5295.805516562019
 31
0.0
  0
LINE
  5
C9
330
17
100
AcDbEntity
  8
SARR_2.2x7
 62
40
370
25
100
AcDbLine
 10
5876.325824974665
 20
5302.80551656179
 30
0.0
 11
5971.325824974665
 21
5302.805516561715
 31
0.0
  0
LINE
  5
CA
330
17
100
AcDbEntity
  8
SARR_2.2x7
 62
40
370
25
100
AcDbLine
 10
6051.370965733852
 20
5302.805516561787
 30
0.0
 11
6051.325824974664
 21
5295.893135743037
 31
0.0
  0
LINE
  5
CB
330
17
100
AcDbEntity
  8
SARR_2.2x7
 62
40
370
25
100
AcDbLine
 10
6051.370965733856
 20
5286.206098740738
 30
0.0
 11
6051.370965733902
 21
5281.206098740579
 31
0.0
  0
LINE
  5
CC
330
17
100
AcDbEntity
  8
SARR_2.2x7
 62
40
370
25
100
AcDbLine
 10
5876.325824974665
 20
5302.80551656179
 30
0.0
 11
5876.280684215479
 21
5295.89313574304
 31
0.0
  0
LINE
  5
CD
330
17
100
AcDbEntity
  8
SARR_2.2x7
 62
40
370
25
100
AcDbLine
 10
5876.325824974671
 20
5286.20609874074
 30
0.0
 11
5876.325824974716
 21
5281.206098740582
 31
0.0
  0
LINE
  5
CE
330
17
100
AcDbEntity
  8
SARR_2.2x7
 62
40
370
25
100
AcDbLine
 10
5766.653880754097
 20
5536.434733213896
 30
0.0
 11
5832.653880754093
 21
5536.434733213816
 31
0.0
  0
LINE
  5
CF
330
17
100
AcDbEntity
  8
SARR_2.2x7
 62
40
370
25
100
AcDbLine
 10
5766.653880754176
 20
5505.435300258928
 30
0.0
 11
5832.653880754176
 21
5505.435300258994
 31
0.0
  0
LINE
  5
D0
330
17
100
AcDbEntity
  8
SARR_2.2x7
 62
40
370
25
100
AcDbLine
 10
5766.653880754144
 20
5517.144549060637
 30
0.0
 11
5832.65388075414
 21
5517.144549060557
 31
0.0
  0
LINE
  5
D1
330
17
100
AcDbEntity
  8
SARR_2.2x7
 62
40
370
25
100
AcDbLine
 10
5766.653880754131
 20
5524.144549060334
 30
0.0
 11
5832.653880754129
 21
5524.144549060418
 31
0.0
  0
LINE
  5
D2
330
17
100
AcDbEntity
  8
SARR_2.2x7
 62
40
370
25
100
AcDbLine
 10
6108.616909537186
 20
5319.206098740697
 30
0.0
 11
6174.579507242328
 21
5319.206098740618
 31
0.0
  0
LINE
  5
D3
330
17
100
AcDbEntity
  8
SARR_2.2x7
 62
40
370
25
100
AcDbLine
 10
6108.616909537186
 20
5288.206665785731
 30
0.0
 11
6174.579507242412
 21
5288.206665785796
 31
0.0
  0
LINE
  5
D4
330
17
100
AcDbEntity
  8
SARR_2.2x7
 62
40
370
25
100
AcDbLine
 10
6108.616909537186
 20
5299.915914587439
 30
0.0
 11
6174.579507242375
 21
5299.915914587359
 31
0.0
  0
LINE
  5
D5
330
17
100
AcDbEntity
  8
SARR_2.2x7
 62
40
370
25
100
AcDbLine
 10
6108.616909537186
 20
5306.915914587136
 30
0.0
 11
6174.579507242365
 21
5306.915914587219
 31
0.0
  0
LINE
  5
D6
330
17
100
AcDbEntity
  8
COTA
 62
241
370
25
100
AcDbLine
 10
5766.653880754084
 20
5543.434733213868
 30
0.0
 11
5766.65388075405
 21
5557.434733213868
 31
0.0
  0
LINE
  5
D7
330
17
100
AcDbEntity
  8
COTA
 62
241
370
25
100
AcDbLine
 10
5766.65388075405
 20
5557.434733213868
 30
0.0
 11
5832.65388075405
 21
5557.434733213868
 31
0.0
  0
LINE
  5
D8
330
17
100
AcDbEntity
  8
COTA
 62
241
370
25
100
AcDbLine
 10
5832.65388075405
 20
5557.434733213868
 30
0.0
 11
5832.653880754083
 21
5543.434733213825
 31
0.0
  0
LINE
  5
D9
330
17
100
AcDbEntity
  8
COTA
 62
241
370
25
100
AcDbLine
 10
6108.616909537186
 20
5326.206098740583
 30
0.0
 11
6108.616909537152
 21
5340.206098740583
 31
0.0
  0
LINE
  5
DA
330
17
100
AcDbEntity
  8
COTA
 62
241
370
25
100
AcDbLine
 10
6108.616909537152
 20
5340.206098740583
 30
0.0
 11
6174.616909537153
 21
5340.206098740583
 31
0.0
  0
LINE
  5
DB
330
17
100
AcDbEntity
  8
COTA
 62
241
370
25
100
AcDbLine
 10
6174.616909537153
 20
5340.206098740583
 30
0.0
 11
6174.616909537186
 21
5326.206098740539
 31
0.0
  0
LINE
  5
DC
330
17
100
AcDbEntity
  8
COTA
 62
4
370
25
100
AcDbLine
 10
5309.001960283175
 20
5835.790690100873
 30
0.0
 11
5325.873693041252
 21
5835.790690100873
 31
0.0
  0
LINE
  5
DD
330
17
100
AcDbEntity
  8
COTA
 62
4
370
25
100
AcDbLine
 10
5309.001960283175
 20
5805.790690100859
 30
0.0
 11
5325.873693041252
 21
5805.790690100859
 31
0.0
  0
LINE
  5
DE
330
17
100
AcDbEntity
  8
COTA
 62
4
370
25
100
AcDbLine
 10
5322.873693041252
 20
5835.790690100873
 30
0.0
 11
5322.873693041252
 21
5805.790690100859
 31
0.0
  0
LINE
  5
DF
330
17
100
AcDbEntity
  8
COTA
 62
4
370
25
100
AcDbLine
 10
5182.601960283136
 20
5667.79069010088
 30
0.0
 11
5097.025237194168
 21
5667.79069010088
 31
0.0
  0
LINE
  5
E0
330
17
100
AcDbEntity
  8
COTA
 62
4
370
25
100
AcDbLine
 10
5149.401960283227
 20
5835.790690100873
 30
0.0
 11
5097.025237194168
 21
5835.790690100873
 31
0.0
  0
LINE
  5
E1
330
17
100
AcDbEntity
  8
COTA
 62
4
370
25
100
AcDbLine
 10
5100.025237194167
 20
5667.79069010088
 30
0.0
 11
5100.025237194167
 21
5835.790690100873
 31
0.0
  0
LINE
  5
E2
330
17
100
AcDbEntity
  8
COTA
 62
4
370
25
100
AcDbLine
 10
5271.401960283336
 20
5667.790690100878
 30
0.0
 11
5325.873693041678
 21
5667.790690100878
 31
0.0
  0
LINE
  5
E3
330
17
100
AcDbEntity
  8
COTA
 62
4
370
25
100
AcDbLine
 10
5309.001960283175
 20
5801.790690100858
 30
0.0
 11
5325.873693041678
 21
5801.790690100858
 31
0.0
  0
LINE
  5
E4
330
17
100
AcDbEntity
  8
COTA
 62
4
370
25
100
AcDbLine
 10
5322.873693041678
 20
5667.790690100878
 30
0.0
 11
5322.873693041678
 21
5801.790690100858
 31
0.0
  0
LINE
  5
E5
330
17
100
AcDbEntity
  8
Cota Seção (2x)
 62
180
370
25
100
AcDbLine
 10
5241.50196028486
 20
5784.124023434177
 30
0.0
 11
5241.50196028486
 21
5803.457356767511
 31
0.0
  0
LINE
  5
E6
330
17
100
AcDbEntity
  8
Cota Seção (2x)
 62
180
370
25
100
AcDbLine
 10
5241.50196028486
 20
5803.457356767511
 30
0.0
 11
5226.501960284861
 21
5803.457356767511
 31
0.0
  0
LINE
  5
E7
330
17
100
AcDbEntity
  8
Cota Seção (2x)
 62
180
370
25
100
AcDbLine
 10
5226.501960284861
 20
5803.457356767511
 30
0.0
 11
5226.501960284861
 21
5784.124023434177
 31
0.0
  0
LINE
  5
E8
330
17
100
AcDbEntity
  8
Cota Seção (2x)
 62
180
370
25
100
AcDbLine
 10
5226.501960284861
 20
5784.124023434177
 30
0.0
 11
5241.50196028486
 21
5784.124023434177
 31
0.0
  0
LINE
  5
E9
330
17
100
AcDbEntity
  8
COTA
 62
4
370
25
100
AcDbLine
 10
5149.401960283227
 20
5835.790690100873
 30
0.0
 11
5116.34466567963
 21
5835.790690100873
 31
0.0
  0
LINE
  5
EA
330
17
100
AcDbEntity
  8
COTA
 62
4
370
25
100
AcDbLine
 10
5149.401960283227
 20
5805.790690100851
 30
0.0
 11
5116.34466567963
 21
5805.790690100851
 31
0.0
  0
LINE
  5
EB
330
17
100
AcDbEntity
  8
COTA
 62
4
370
25
100
AcDbLine
 10
5119.34466567963
 20
5835.790690100873
 30
0.0
 11
5119.34466567963
 21
5805.790690100851
 31
0.0
  0
LINE
  5
EC
330
17
100
AcDbEntity
  8
COTA
 62
4
370
25
100
AcDbLine
 10
5149.401960283227
 20
5801.790690100851
 30
0.0
 11
5116.344665679967
 21
5801.790690100851
 31
0.0
  0
LINE
  5
ED
330
17
100
AcDbEntity
  8
COTA
 62
4
370
25
100
AcDbLine
 10
5182.601960283136
 20
5667.79069010088
 30
0.0
 11
5116.344665679967
 21
5667.79069010088
 31
0.0
  0
LINE
  5
EE
330
17
100
AcDbEntity
  8
COTA
 62
4
370
25
100
AcDbLine
 10
5119.344665679967
 20
5801.790690100851
 30
0.0
 11
5119.344665679967
 21
5667.79069010088
 31
0.0
  0
LINE
  5
EF
330
17
100
AcDbEntity
  8
COTA
 62
4
370
25
100
AcDbLine
 10
5208.001960283201
 20
5664.790690100871
 30
0.0
 11
5208.001960283201
 21
5620.063876298688
 31
0.0
  0
LINE
  5
F0
330
17
100
AcDbEntity
  8
COTA
 62
4
370
25
100
AcDbLine
 10
5246.001960283201
 20
5664.790690100871
 30
0.0
 11
5246.001960283201
 21
5620.063876298688
 31
0.0
  0
LINE
  5
F1
330
17
100
AcDbEntity
  8
COTA
 62
4
370
25
100
AcDbLine
 10
5208.001960283201
 20
5623.063876298688
 30
0.0
 11
5246.001960283201
 21
5623.063876298688
 31
0.0
  0
LINE
  5
F2
330
17
100
AcDbEntity
  8
Cota Seção (2x)
 62
180
370
25
100
AcDbLine
 10
5218.001960283173
 20
5687.790690100879
 30
0.0
 11
5236.001960283172
 21
5687.790690100879
 31
0.0
  0
LINE
  5
F3
330
17
100
AcDbEntity
  8
Cota Seção (2x)
 62
180
370
25
100
AcDbLine
 10
5236.001960283172
 20
5687.790690100879
 30
0.0
 11
5236.001960283172
 21
5702.790690100878
 31
0.0
  0
LINE
  5
F4
330
17
100
AcDbEntity
  8
Cota Seção (2x)
 62
180
370
25
100
AcDbLine
 10
5236.001960283172
 20
5702.790690100878
 30
0.0
 11
5218.001960283173
 21
5702.790690100878
 31
0.0
  0
LINE
  5
F5
330
17
100
AcDbEntity
  8
Cota Seção (2x)
 62
180
370
25
100
AcDbLine
 10
5218.001960283173
 20
5702.790690100878
 30
0.0
 11
5218.001960283173
 21
5687.790690100879
 31
0.0
  0
LINE
  5
F6
330
17
100
AcDbEntity
  8
COTA
 62
4
370
25
100
AcDbLine
 10
5063.528171924527
 20
5470.269800483837
 30
0.0
 11
5063.528171924527
 21
5443.729874505682
 31
0.0
  0
LINE
  5
F7
330
17
100
AcDbEntity
  8
COTA
 62
4
370
25
100
AcDbLine
 10
5307.528171924527
 20
5470.269800483866
 30
0.0
 11
5307.528171924527
 21
5443.729874505682
 31
0.0
  0
LINE
  5
F8
330
17
100
AcDbEntity
  8
COTA
 62
4
370
25
100
AcDbLine
 10
5063.528171924527
 20
5446.729874505682
 30
0.0
 11
5307.528171924527
 21
5446.729874505682
 31
0.0
  0
LINE
  5
F9
330
17
100
AcDbEntity
  8
COTA
 62
0
370
25
100
AcDbLine
 10
5065.028171924527
 20
5448.229874505682
 30
0.0
 11
5062.028171924527
 21
5445.229874505682
 31
0.0
  0
LINE
  5
FA
330
17
100
AcDbEntity
  8
COTA
 62
0
370
25
100
AcDbLine
 10
5306.028171924527
 20
5445.229874505682
 30
0.0
 11
5309.028171924527
 21
5448.229874505682
 31
0.0
  0
LINE
  5
FB
330
17
100
AcDbEntity
  8
COTA
 62
4
370
25
100
AcDbLine
 10
5307.528171924527
 20
5470.269800483866
 30
0.0
 11
5307.528171924527
 21
5443.729874505693
 31
0.0
  0
LINE
  5
FC
330
17
100
AcDbEntity
  8
COTA
 62
4
370
25
100
AcDbLine
 10
5520.528171924527
 20
5470.269800483863
 30
0.0
 11
5520.528171924527
 21
5443.729874505693
 31
0.0
  0
LINE
  5
FD
330
17
100
AcDbEntity
  8
COTA
 62
4
370
25
100
AcDbLine
 10
5307.528171924527
 20
5446.729874505694
 30
0.0
 11
5520.528171924527
 21
5446.729874505694
 31
0.0
  0
LINE
  5
FE
330
17
100
AcDbEntity
  8
COTA
 62
0
370
25
100
AcDbLine
 10
5309.028171924527
 20
5448.229874505694
 30
0.0
 11
5306.028171924527
 21
5445.229874505694
 31
0.0
  0
LINE
  5
FF
330
17
100
AcDbEntity
  8
COTA
 62
0
370
25
100
AcDbLine
 10
5519.028171924527
 20
5445.229874505694
 30
0.0
 11
5522.028171924527
 21
5448.229874505694
 31
0.0
  0
LINE
  5
100
330
17
100
AcDbEntity
  8
COTA
 62
4
370
25
100
AcDbLine
 10
5063.528171924527
 20
5470.269800483837
 30
0.0
 11
5063.528171924527
 21
5415.19136381696
 31
0.0
  0
LINE
  5
101
330
17
100
AcDbEntity
  8
COTA
 62
4
370
25
100
AcDbLine
 10
5520.528171924527
 20
5470.269800483863
 30
0.0
 11
5520.528171924527
 21
5415.19136381696
 31
0.0
  0
LINE
  5
102
330
17
100
AcDbEntity
  8
COTA
 62
4
370
25
100
AcDbLine
 10
5063.528171924527
 20
5418.191363816959
 30
0.0
 11
5520.528171924527
 21
5418.191363816959
 31
0.0
  0
LINE
  5
103
330
17
100
AcDbEntity
  8
COTA
 62
0
370
25
100
AcDbLine
 10
5065.028171924527
 20
5419.691363816959
 30
0.0
 11
5062.028171924527
 21
5416.691363816959
 31
0.0
  0
LINE
  5
104
330
17
100
AcDbEntity
  8
COTA
 62
0
370
25
100
AcDbLine
 10
5519.028171924527
 20
5416.691363816959
 30
0.0
 11
5522.028171924527
 21
5419.691363816959
 31
0.0
  0
LINE
  5
105
330
17
100
AcDbEntity
  8
COTA
 62
4
370
25
100
AcDbLine
 10
5481.528171924532
 20
5540.269800483837
 30
0.0
 11
5546.905604087366
 21
5540.269800483837
 31
0.0
  0
LINE
  5
106
330
17
100
AcDbEntity
  8
COTA
 62
4
370
25
100
AcDbLine
 10
5523.528171924535
 20
5557.269800483839
 30
0.0
 11
5546.905604087366
 21
5557.269800483839
 31
0.0
  0
LINE
  5
107
330
17
100
AcDbEntity
  8
COTA
 62
4
370
25
100
AcDbLine
 10
5543.905604087366
 20
5540.269800483837
 30
0.0
 11
5543.905604087366
 21
5557.269800483839
 31
0.0
  0
LINE
  5
108
330
17
100
AcDbEntity
  8
COTA
 62
0
370
25
100
AcDbLine
 10
5542.405604087366
 20
5541.769800483837
 30
0.0
 11
5545.405604087366
 21
5538.769800483837
 31
0.0
  0
LINE
  5
109
330
17
100
AcDbEntity
  8
COTA
 62
0
370
25
100
AcDbLine
 10
5545.405604087366
 20
5555.769800483839
 30
0.0
 11
5542.405604087366
 21
5558.769800483839
 31
0.0
  0
LINE
  5
10A
330
17
100
AcDbEntity
  8
COTA
 62
4
370
25
100
AcDbLine
 10
5481.528171924532
 20
5540.269800483837
 30
0.0
 11
5546.905604087366
 21
5540.269800483837
 31
0.0
  0
LINE
  5
10B
330
17
100
AcDbEntity
  8
COTA
 62
4
370
25
100
AcDbLine
 10
5523.528171924528
 20
5473.26980048384
 30
0.0
 11
5546.905604087366
 21
5473.26980048384
 31
0.0
  0
LINE
  5
10C
330
17
100
AcDbEntity
  8
COTA
 62
4
370
25
100
AcDbLine
 10
5543.905604087366
 20
5540.269800483837
 30
0.0
 11
5543.905604087366
 21
5473.26980048384
 31
0.0
  0
LINE
  5
10D
330
17
100
AcDbEntity
  8
COTA
 62
0
370
25
100
AcDbLine
 10
5545.405604087366
 20
5538.769800483837
 30
0.0
 11
5542.405604087366
 21
5541.769800483837
 31
0.0
  0
LINE
  5
10E
330
17
100
AcDbEntity
  8
COTA
 62
0
370
25
100
AcDbLine
 10
5542.405604087366
 20
5474.76980048384
 30
0.0
 11
5545.405604087366
 21
5471.76980048384
 31
0.0
  0
LINE
  5
10F
330
17
100
AcDbEntity
  8
COTA
 62
4
370
25
100
AcDbLine
 10
5523.528171924535
 20
5557.269800483839
 30
0.0
 11
5572.078644609708
 21
5557.269800483839
 31
0.0
  0
LINE
  5
110
330
17
100
AcDbEntity
  8
COTA
 62
4
370
25
100
AcDbLine
 10
5523.528171924528
 20
5473.26980048384
 30
0.0
 11
5572.078644609708
 21
5473.26980048384
 31
0.0
  0
LINE
  5
111
330
17
100
AcDbEntity
  8
COTA
 62
4
370
25
100
AcDbLine
 10
5569.078644609708
 20
5557.269800483839
 30
0.0
 11
5569.078644609708
 21
5473.26980048384
 31
0.0
  0
LINE
  5
112
330
17
100
AcDbEntity
  8
COTA
 62
0
370
25
100
AcDbLine
 10
5570.578644609708
 20
5555.769800483839
 30
0.0
 11
5567.578644609708
 21
5558.769800483839
 31
0.0
  0
LINE
  5
113
330
17
100
AcDbEntity
  8
COTA
 62
0
370
25
100
AcDbLine
 10
5567.578644609708
 20
5474.76980048384
 30
0.0
 11
5570.578644609708
 21
5471.76980048384
 31
0.0
  0
LINE
  5
114
330
17
100
AcDbEntity
  8
COTA
 62
4
370
25
100
AcDbLine
 10
5520.528171924534
 20
5560.269800483837
 30
0.0
 11
5520.528171924534
 21
5568.020925444407
 31
0.0
  0
LINE
  5
115
330
17
100
AcDbEntity
  8
COTA
 62
4
370
25
100
AcDbLine
 10
5478.528171924536
 20
5543.269800483861
 30
0.0
 11
5478.528171924536
 21
5568.020925444407
 31
0.0
  0
LINE
  5
116
330
17
100
AcDbEntity
  8
COTA
 62
4
370
25
100
AcDbLine
 10
5520.528171924534
 20
5565.020925444407
 30
0.0
 11
5478.528171924536
 21
5565.020925444407
 31
0.0
  0
LINE
  5
117
330
17
100
AcDbEntity
  8
COTA
 62
0
370
25
100
AcDbLine
 10
5519.028171924534
 20
5563.520925444407
 30
0.0
 11
5522.028171924534
 21
5566.520925444407
 31
0.0
  0
LINE
  5
118
330
17
100
AcDbEntity
  8
COTA
 62
0
370
25
100
AcDbLine
 10
5480.028171924536
 20
5566.520925444407
 30
0.0
 11
5477.028171924536
 21
5563.520925444407
 31
0.0
  0
LINE
  5
119
330
17
100
AcDbEntity
  8
COTA
 62
4
370
25
100
AcDbLine
 10
5475.528171924533
 20
5540.269800483863
 30
0.0
 11
5452.168802785219
 21
5540.269800483863
 31
0.0
  0
LINE
  5
11A
330
17
100
AcDbEntity
  8
COTA
 62
4
370
25
100
AcDbLine
 10
5475.528171924536
 20
5493.269800483839
 30
0.0
 11
5452.168802785219
 21
5493.269800483839
 31
0.0
  0
LINE
  5
11B
330
17
100
AcDbEntity
  8
COTA
 62
4
370
25
100
AcDbLine
 10
5455.16880278522
 20
5540.269800483863
 30
0.0
 11
5455.16880278522
 21
5493.269800483839
 31
0.0
  0
LINE
  5
11C
330
17
100
AcDbEntity
  8
COTA
 62
0
370
25
100
AcDbLine
 10
5456.66880278522
 20
5538.769800483863
 30
0.0
 11
5453.66880278522
 21
5541.769800483863
 31
0.0
  0
LINE
  5
11D
330
17
100
AcDbEntity
  8
COTA
 62
0
370
25
100
AcDbLine
 10
5453.66880278522
 20
5494.769800483839
 30
0.0
 11
5456.66880278522
 21
5491.769800483839
 31
0.0
  0
LINE
  5
11E
330
17
100
AcDbEntity
  8
COTA
 62
4
370
25
100
AcDbLine
 10
5517.496198748955
 20
5234.9644653918
 30
0.0
 11
5517.496198748955
 21
5208.424539413645
 31
0.0
  0
LINE
  5
11F
330
17
100
AcDbEntity
  8
COTA
 62
4
370
25
100
AcDbLine
 10
5290.496198748955
 20
5234.964465391829
 30
0.0
 11
5290.496198748955
 21
5208.424539413645
 31
0.0
  0
LINE
  5
120
330
17
100
AcDbEntity
  8
COTA
 62
4
370
25
100
AcDbLine
 10
5517.496198748955
 20
5211.424539413645
 30
0.0
 11
5290.496198748955
 21
5211.424539413645
 31
0.0
  0
LINE
  5
121
330
17
100
AcDbEntity
  8
COTA
 62
0
370
25
100
AcDbLine
 10
5515.996198748955
 20
5209.924539413645
 30
0.0
 11
5518.996198748955
 21
5212.924539413645
 31
0.0
  0
LINE
  5
122
330
17
100
AcDbEntity
  8
COTA
 62
0
370
25
100
AcDbLine
 10
5291.996198748955
 20
5212.924539413645
 30
0.0
 11
5288.996198748955
 21
5209.924539413645
 31
0.0
  0
LINE
  5
123
330
17
100
AcDbEntity
  8
COTA
 62
4
370
25
100
AcDbLine
 10
5290.496198748955
 20
5234.964465391829
 30
0.0
 11
5290.496198748955
 21
5208.424539413655
 31
0.0
  0
LINE
  5
124
330
17
100
AcDbEntity
  8
COTA
 62
4
370
25
100
AcDbLine
 10
5060.496198748956
 20
5234.964465391825
 30
0.0
 11
5060.496198748956
 21
5208.424539413655
 31
0.0
  0
LINE
  5
125
330
17
100
AcDbEntity
  8
COTA
 62
4
370
25
100
AcDbLine
 10
5290.496198748955
 20
5211.424539413656
 30
0.0
 11
5060.496198748956
 21
5211.424539413656
 31
0.0
  0
LINE
  5
126
330
17
100
AcDbEntity
  8
COTA
 62
0
370
25
100
AcDbLine
 10
5288.996198748955
 20
5209.924539413656
 30
0.0
 11
5291.996198748955
 21
5212.924539413656
 31
0.0
  0
LINE
  5
127
330
17
100
AcDbEntity
  8
COTA
 62
0
370
25
100
AcDbLine
 10
5061.996198748956
 20
5212.924539413656
 30
0.0
 11
5058.996198748956
 21
5209.924539413656
 31
0.0
  0
LINE
  5
128
330
17
100
AcDbEntity
  8
COTA
 62
4
370
25
100
AcDbLine
 10
5517.496198748955
 20
5234.9644653918
 30
0.0
 11
5517.496198748955
 21
5179.886028724922
 31
0.0
  0
LINE
  5
129
330
17
100
AcDbEntity
  8
COTA
 62
4
370
25
100
AcDbLine
 10
5060.496198748956
 20
5234.964465391825
 30
0.0
 11
5060.496198748956
 21
5179.886028724922
 31
0.0
  0
LINE
  5
12A
330
17
100
AcDbEntity
  8
COTA
 62
4
370
25
100
AcDbLine
 10
5099.496198748955
 20
5307.964465391799
 30
0.0
 11
5045.172698209536
 21
5307.964465391799
 31
0.0
  0
LINE
  5
12B
330
17
100
AcDbEntity
  8
COTA
 62
4
370
25
100
AcDbLine
 10
5057.496198748951
 20
5321.964465391801
 30
0.0
 11
5045.172698209536
 21
5321.964465391801
 31
0.0
  0
LINE
  5
12C
330
17
100
AcDbEntity
  8
COTA
 62
4
370
25
100
AcDbLine
 10
5048.172698209536
 20
5307.964465391799
 30
0.0
 11
5048.172698209536
 21
5321.964465391801
 31
0.0
  0
LINE
  5
12D
330
17
100
AcDbEntity
  8
COTA
 62
4
370
25
100
AcDbLine
 10
5048.172698209536
 20
5321.964465391801
 30
0.0
 11
5048.172698209536
 21
5341.081424456128
 31
0.0
  0
LINE
  5
12E
330
17
100
AcDbEntity
  8
COTA
 62
0
370
25
100
AcDbLine
 10
5046.672698209536
 20
5309.464465391799
 30
0.0
 11
5049.672698209536
 21
5306.464465391799
 31
0.0
  0
LINE
  5
12F
330
17
100
AcDbEntity
  8
COTA
 62
0
370
25
100
AcDbLine
 10
5049.672698209536
 20
5320.464465391801
 30
0.0
 11
5046.672698209536
 21
5323.464465391801
 31
0.0
  0
LINE
  5
130
330
17
100
AcDbEntity
  8
COTA
 62
4
370
25
100
AcDbLine
 10
5099.496198748955
 20
5307.964465391799
 30
0.0
 11
5045.172698209536
 21
5307.964465391799
 31
0.0
  0
LINE
  5
131
330
17
100
AcDbEntity
  8
COTA
 62
4
370
25
100
AcDbLine
 10
5057.496198748958
 20
5237.964465391801
 30
0.0
 11
5045.172698209536
 21
5237.964465391801
 31
0.0
  0
LINE
  5
132
330
17
100
AcDbEntity
  8
COTA
 62
4
370
25
100
AcDbLine
 10
5048.172698209536
 20
5307.964465391799
 30
0.0
 11
5048.172698209536
 21
5237.964465391801
 31
0.0
  0
LINE
  5
133
330
17
100
AcDbEntity
  8
COTA
 62
0
370
25
100
AcDbLine
 10
5049.672698209536
 20
5306.464465391799
 30
0.0
 11
5046.672698209536
 21
5309.464465391799
 31
0.0
  0
LINE
  5
134
330
17
100
AcDbEntity
  8
COTA
 62
0
370
25
100
AcDbLine
 10
5046.672698209536
 20
5239.464465391801
 30
0.0
 11
5049.672698209536
 21
5236.464465391801
 31
0.0
  0
LINE
  5
135
330
17
100
AcDbEntity
  8
COTA
 62
4
370
25
100
AcDbLine
 10
5057.496198748951
 20
5321.964465391801
 30
0.0
 11
5019.999657687116
 21
5321.964465391801
 31
0.0
  0
LINE
  5
136
330
17
100
AcDbEntity
  8
COTA
 62
4
370
25
100
AcDbLine
 10
5057.496198748958
 20
5237.964465391801
 30
0.0
 11
5019.999657687116
 21
5237.964465391801
 31
0.0
  0
LINE
  5
137
330
17
100
AcDbEntity
  8
COTA
 62
4
370
25
100
AcDbLine
 10
5022.999657687116
 20
5321.964465391801
 30
0.0
 11
5022.999657687116
 21
5237.964465391801
 31
0.0
  0
LINE
  5
138
330
17
100
AcDbEntity
  8
COTA
 62
0
370
25
100
AcDbLine
 10
5024.499657687116
 20
5320.464465391801
 30
0.0
 11
5021.499657687116
 21
5323.464465391801
 31
0.0
  0
LINE
  5
139
330
17
100
AcDbEntity
  8
COTA
 62
0
370
25
100
AcDbLine
 10
5021.499657687116
 20
5239.464465391801
 30
0.0
 11
5024.499657687116
 21
5236.464465391801
 31
0.0
  0
LINE
  5
13A
330
17
100
AcDbEntity
  8
COTA
 62
4
370
25
100
AcDbLine
 10
5060.496198748949
 20
5324.9644653918
 30
0.0
 11
5060.496198748949
 21
5332.715590352371
 31
0.0
  0
LINE
  5
13B
330
17
100
AcDbEntity
  8
COTA
 62
4
370
25
100
AcDbLine
 10
5102.496198748948
 20
5310.964465391823
 30
0.0
 11
5102.496198748948
 21
5332.715590352371
 31
0.0
  0
LINE
  5
13C
330
17
100
AcDbEntity
  8
COTA
 62
4
370
25
100
AcDbLine
 10
5060.496198748949
 20
5329.715590352371
 30
0.0
 11
5102.496198748948
 21
5329.715590352371
 31
0.0
  0
LINE
  5
13D
330
17
100
AcDbEntity
  8
COTA
 62
0
370
25
100
AcDbLine
 10
5061.996198748949
 20
5331.215590352371
 30
0.0
 11
5058.996198748949
 21
5328.215590352371
 31
0.0
  0
LINE
  5
13E
330
17
100
AcDbEntity
  8
COTA
 62
0
370
25
100
AcDbLine
 10
5100.996198748948
 20
5328.215590352371
 30
0.0
 11
5103.996198748948
 21
5331.215590352371
 31
0.0
  0
LINE
  5
13F
330
17
100
AcDbEntity
  8
COTA
 62
4
370
25
100
AcDbLine
 10
5105.496198748954
 20
5307.964465391825
 30
0.0
 11
5128.855567888341
 21
5307.964465391825
 31
0.0
  0
LINE
  5
140
330
17
100
AcDbEntity
  8
COTA
 62
4
370
25
100
AcDbLine
 10
5105.496198748951
 20
5257.964465391801
 30
0.0
 11
5128.855567888341
 21
5257.964465391801
 31
0.0
  0
LINE
  5
141
330
17
100
AcDbEntity
  8
COTA
 62
4
370
25
100
AcDbLine
 10
5125.855567888341
 20
5307.964465391825
 30
0.0
 11
5125.855567888341
 21
5257.964465391801
 31
0.0
  0
LINE
  5
142
330
17
100
AcDbEntity
  8
COTA
 62
0
370
25
100
AcDbLine
 10
5127.355567888341
 20
5306.464465391825
 30
0.0
 11
5124.355567888341
 21
5309.464465391825
 31
0.0
  0
LINE
  5
143
330
17
100
AcDbEntity
  8
COTA
 62
0
370
25
100
AcDbLine
 10
5124.355567888341
 20
5259.464465391801
 30
0.0
 11
5127.355567888341
 21
5256.464465391801
 31
0.0
  0
LINE
  5
144
330
17
100
AcDbEntity
  8
COTA
 62
4
370
25
100
AcDbLine
 10
5520.496198748957
 20
5307.964465391799
 30
0.0
 11
5543.873630911805
 21
5307.964465391799
 31
0.0
  0
LINE
  5
145
330
17
100
AcDbEntity
  8
COTA
 62
4
370
25
100
AcDbLine
 10
5520.496198748972
 20
5321.964465391801
 30
0.0
 11
5543.873630911805
 21
5321.964465391801
 31
0.0
  0
LINE
  5
146
330
17
100
AcDbEntity
  8
COTA
 62
4
370
25
100
AcDbLine
 10
5540.873630911804
 20
5307.964465391799
 30
0.0
 11
5540.873630911804
 21
5321.964465391801
 31
0.0
  0
LINE
  5
147
330
17
100
AcDbEntity
  8
COTA
 62
4
370
25
100
AcDbLine
 10
5540.873630911804
 20
5321.964465391801
 30
0.0
 11
5540.873630911804
 21
5341.081424456128
 31
0.0
  0
LINE
  5
148
330
17
100
AcDbEntity
  8
COTA
 62
0
370
25
100
AcDbLine
 10
5539.373630911804
 20
5309.464465391799
 30
0.0
 11
5542.373630911804
 21
5306.464465391799
 31
0.0
  0
LINE
  5
149
330
17
100
AcDbEntity
  8
COTA
 62
0
370
25
100
AcDbLine
 10
5542.373630911804
 20
5320.464465391801
 30
0.0
 11
5539.373630911804
 21
5323.464465391801
 31
0.0
  0
LINE
  5
14A
330
17
100
AcDbEntity
  8
COTA
 62
4
370
25
100
AcDbLine
 10
5520.496198748957
 20
5307.964465391799
 30
0.0
 11
5543.873630911805
 21
5307.964465391799
 31
0.0
  0
LINE
  5
14B
330
17
100
AcDbEntity
  8
COTA
 62
4
370
25
100
AcDbLine
 10
5520.496198748964
 20
5237.964465391801
 30
0.0
 11
5543.873630911805
 21
5237.964465391801
 31
0.0
  0
LINE
  5
14C
330
17
100
AcDbEntity
  8
COTA
 62
4
370
25
100
AcDbLine
 10
5540.873630911804
 20
5307.964465391799
 30
0.0
 11
5540.873630911804
 21
5237.964465391801
 31
0.0
  0
LINE
  5
14D
330
17
100
AcDbEntity
  8
COTA
 62
0
370
25
100
AcDbLine
 10
5542.373630911804
 20
5306.464465391799
 30
0.0
 11
5539.373630911804
 21
5309.464465391799
 31
0.0
  0
LINE
  5
14E
330
17
100
AcDbEntity
  8
COTA
 62
0
370
25
100
AcDbLine
 10
5539.373630911804
 20
5239.464465391801
 30
0.0
 11
5542.373630911804
 21
5236.464465391801
 31
0.0
  0
LINE
  5
14F
330
17
100
AcDbEntity
  8
COTA
 62
4
370
25
100
AcDbLine
 10
5520.496198748972
 20
5321.964465391801
 30
0.0
 11
5569.046671434144
 21
5321.964465391801
 31
0.0
  0
LINE
  5
150
330
17
100
AcDbEntity
  8
COTA
 62
4
370
25
100
AcDbLine
 10
5520.496198748964
 20
5237.964465391801
 30
0.0
 11
5569.046671434144
 21
5237.964465391801
 31
0.0
  0
LINE
  5
151
330
17
100
AcDbEntity
  8
COTA
 62
4
370
25
100
AcDbLine
 10
5566.046671434143
 20
5321.964465391801
 30
0.0
 11
5566.046671434143
 21
5237.964465391801
 31
0.0
  0
LINE
  5
152
330
17
100
AcDbEntity
  8
COTA
 62
0
370
25
100
AcDbLine
 10
5567.546671434143
 20
5320.464465391801
 30
0.0
 11
5564.546671434143
 21
5323.464465391801
 31
0.0
  0
LINE
  5
153
330
17
100
AcDbEntity
  8
COTA
 62
0
370
25
100
AcDbLine
 10
5564.546671434143
 20
5239.464465391801
 30
0.0
 11
5567.546671434143
 21
5236.464465391801
 31
0.0
  0
LINE
  5
154
330
17
100
AcDbEntity
  8
COTA
 62
4
370
25
100
AcDbLine
 10
5141.528171924528
 20
5491.769800484201
 30
0.0
 11
5063.528171924527
 21
5491.769800484201
 31
0.0
  0
LINE
  5
155
330
17
100
AcDbEntity
  8
COTA
 62
0
370
25
100
AcDbLine
 10
5140.028171924528
 20
5490.269800484201
 30
0.0
 11
5143.028171924528
 21
5493.269800484201
 31
0.0
  0
LINE
  5
156
330
17
100
AcDbEntity
  8
COTA
 62
0
370
25
100
AcDbLine
 10
5065.028171924527
 20
5493.269800484201
 30
0.0
 11
5062.028171924527
 21
5490.269800484201
 31
0.0
  0
LINE
  5
157
330
17
100
AcDbEntity
  8
COTA
 62
4
370
25
100
AcDbLine
 10
5439.496198748957
 20
5260.964465391913
 30
0.0
 11
5517.496198748955
 21
5260.964465391913
 31
0.0
  0
LINE
  5
158
330
17
100
AcDbEntity
  8
COTA
 62
0
370
25
100
AcDbLine
 10
5440.996198748957
 20
5262.464465391913
 30
0.0
 11
5437.996198748957
 21
5259.464465391913
 31
0.0
  0
LINE
  5
159
330
17
100
AcDbEntity
  8
COTA
 62
0
370
25
100
AcDbLine
 10
5515.996198748955
 20
5259.464465391913
 30
0.0
 11
5518.996198748955
 21
5262.464465391913
 31
0.0
  0
LINE
  5
15A
330
17
100
AcDbEntity
  8
COTA
 62
4
370
25
100
AcDbLine
 10
5317.496198748955
 20
5310.96446539181
 30
0.0
 11
5317.496198748955
 21
5337.724007541075
 31
0.0
  0
LINE
  5
15B
330
17
100
AcDbEntity
  8
COTA
 62
4
370
25
100
AcDbLine
 10
5290.496198748955
 20
5310.964465391813
 30
0.0
 11
5290.496198748955
 21
5337.724007541075
 31
0.0
  0
LINE
  5
15C
330
17
100
AcDbEntity
  8
COTA
 62
4
370
25
100
AcDbLine
 10
5317.496198748955
 20
5334.724007541074
 30
0.0
 11
5290.496198748955
 21
5334.724007541074
 31
0.0
  0
LINE
  5
15D
330
17
100
AcDbEntity
  8
COTA
 62
0
370
25
100
AcDbLine
 10
5315.996198748955
 20
5333.224007541074
 30
0.0
 11
5318.996198748955
 21
5336.224007541074
 31
0.0
  0
LINE
  5
15E
330
17
100
AcDbEntity
  8
COTA
 62
0
370
25
100
AcDbLine
 10
5291.996198748955
 20
5336.224007541074
 30
0.0
 11
5288.996198748955
 21
5333.224007541074
 31
0.0
  0
LINE
  5
15F
330
17
100
AcDbEntity
  8
COTA
 62
4
370
25
100
AcDbLine
 10
5320.496198748957
 20
5307.964465391812
 30
0.0
 11
5352.681009456378
 21
5307.964465391812
 31
0.0
  0
LINE
  5
160
330
17
100
AcDbEntity
  8
COTA
 62
4
370
25
100
AcDbLine
 10
5320.496198748957
 20
5267.964465391801
 30
0.0
 11
5352.681009456378
 21
5267.964465391801
 31
0.0
  0
LINE
  5
161
330
17
100
AcDbEntity
  8
COTA
 62
4
370
25
100
AcDbLine
 10
5349.681009456379
 20
5307.964465391812
 30
0.0
 11
5349.681009456379
 21
5267.964465391801
 31
0.0
  0
LINE
  5
162
330
17
100
AcDbEntity
  8
COTA
 62
0
370
25
100
AcDbLine
 10
5351.181009456379
 20
5306.464465391812
 30
0.0
 11
5348.181009456379
 21
5309.464465391812
 31
0.0
  0
LINE
  5
163
330
17
100
AcDbEntity
  8
COTA
 62
0
370
25
100
AcDbLine
 10
5348.181009456379
 20
5269.464465391801
 30
0.0
 11
5351.181009456379
 21
5266.464465391801
 31
0.0
  0
LINE
  5
164
330
17
100
AcDbEntity
  8
COTA
 62
4
370
25
100
AcDbLine
 10
6050.356885858494
 20
5798.431114079565
 30
0.0
 11
6067.228618616425
 21
5798.431114079565
 31
0.0
  0
LINE
  5
165
330
17
100
AcDbEntity
  8
COTA
 62
4
370
25
100
AcDbLine
 10
6050.356885858494
 20
5768.43111407955
 30
0.0
 11
6067.228618616425
 21
5768.43111407955
 31
0.0
  0
LINE
  5
166
330
17
100
AcDbEntity
  8
COTA
 62
4
370
25
100
AcDbLine
 10
6064.228618616425
 20
5798.431114079565
 30
0.0
 11
6064.228618616425
 21
5768.43111407955
 31
0.0
  0
LINE
  5
167
330
17
100
AcDbEntity
  8
COTA
 62
4
370
25
100
AcDbLine
 10
5912.756885858548
 20
5680.431114079572
 30
0.0
 11
5832.880162769297
 21
5680.431114079572
 31
0.0
  0
LINE
  5
168
330
17
100
AcDbEntity
  8
COTA
 62
4
370
25
100
AcDbLine
 10
5890.756885858547
 20
5798.431114079565
 30
0.0
 11
5832.880162769297
 21
5798.431114079565
 31
0.0
  0
LINE
  5
169
330
17
100
AcDbEntity
  8
COTA
 62
4
370
25
100
AcDbLine
 10
5835.880162769297
 20
5680.431114079572
 30
0.0
 11
5835.880162769297
 21
5798.431114079565
 31
0.0
  0
LINE
  5
16A
330
17
100
AcDbEntity
  8
COTA
 62
4
370
25
100
AcDbLine
 10
6023.95688585853
 20
5680.431114079572
 30
0.0
 11
6067.228618616844
 21
5680.431114079572
 31
0.0
  0
LINE
  5
16B
330
17
100
AcDbEntity
  8
COTA
 62
4
370
25
100
AcDbLine
 10
6050.356885858494
 20
5764.43111407955
 30
0.0
 11
6067.228618616844
 21
5764.43111407955
 31
0.0
  0
LINE
  5
16C
330
17
100
AcDbEntity
  8
COTA
 62
4
370
25
100
AcDbLine
 10
6064.228618616843
 20
5680.431114079572
 30
0.0
 11
6064.228618616843
 21
5764.43111407955
 31
0.0
  0
LINE
  5
16D
330
17
100
AcDbEntity
  8
Cota Seção (2x)
 62
180
370
25
100
AcDbLine
 10
5982.856885860181
 20
5746.764447412868
 30
0.0
 11
5982.856885860181
 21
5766.097780746203
 31
0.0
  0
LINE
  5
16E
330
17
100
AcDbEntity
  8
Cota Seção (2x)
 62
180
370
25
100
AcDbLine
 10
5982.856885860181
 20
5766.097780746203
 30
0.0
 11
5967.856885860181
 21
5766.097780746203
 31
0.0
  0
LINE
  5
16F
330
17
100
AcDbEntity
  8
Cota Seção (2x)
 62
180
370
25
100
AcDbLine
 10
5967.856885860181
 20
5766.097780746203
 30
0.0
 11
5967.856885860181
 21
5746.764447412868
 31
0.0
  0
LINE
  5
170
330
17
100
AcDbEntity
  8
Cota Seção (2x)
 62
180
370
25
100
AcDbLine
 10
5967.856885860181
 20
5746.764447412868
 30
0.0
 11
5982.856885860181
 21
5746.764447412868
 31
0.0
  0
LINE
  5
171
330
17
100
AcDbEntity
  8
COTA
 62
4
370
25
100
AcDbLine
 10
5890.756885858547
 20
5798.431114079565
 30
0.0
 11
5857.69959125479
 21
5798.431114079565
 31
0.0
  0
LINE
  5
172
330
17
100
AcDbEntity
  8
COTA
 62
4
370
25
100
AcDbLine
 10
5890.756885858547
 20
5768.431114079543
 30
0.0
 11
5857.69959125479
 21
5768.431114079543
 31
0.0
  0
LINE
  5
173
330
17
100
AcDbEntity
  8
COTA
 62
4
370
25
100
AcDbLine
 10
5860.69959125479
 20
5798.431114079565
 30
0.0
 11
5860.69959125479
 21
5768.431114079543
 31
0.0
  0
LINE
  5
174
330
17
100
AcDbEntity
  8
COTA
 62
4
370
25
100
AcDbLine
 10
5890.756885858547
 20
5764.431114079542
 30
0.0
 11
5857.699591255121
 21
5764.431114079542
 31
0.0
  0
LINE
  5
175
330
17
100
AcDbEntity
  8
COTA
 62
4
370
25
100
AcDbLine
 10
5912.756885858548
 20
5680.431114079572
 30
0.0
 11
5857.699591255121
 21
5680.431114079572
 31
0.0
  0
LINE
  5
176
330
17
100
AcDbEntity
  8
COTA
 62
4
370
25
100
AcDbLine
 10
5860.699591255121
 20
5764.431114079542
 30
0.0
 11
5860.699591255121
 21
5680.431114079572
 31
0.0
  0
LINE
  5
177
330
17
100
AcDbEntity
  8
COTA
 62
4
370
25
100
AcDbLine
 10
5949.356885858522
 20
5677.431114079563
 30
0.0
 11
5949.356885858522
 21
5632.70430027738
 31
0.0
  0
LINE
  5
178
330
17
100
AcDbEntity
  8
COTA
 62
4
370
25
100
AcDbLine
 10
5987.356885858522
 20
5677.431114079563
 30
0.0
 11
5987.356885858522
 21
5632.70430027738
 31
0.0
  0
LINE
  5
179
330
17
100
AcDbEntity
  8
COTA
 62
4
370
25
100
AcDbLine
 10
5949.356885858522
 20
5635.70430027738
 30
0.0
 11
5987.356885858522
 21
5635.70430027738
 31
0.0
  0
LINE
  5
17A
330
17
100
AcDbEntity
  8
COTA
 62
4
370
25
100
AcDbLine
 10
5893.053591680397
 20
5730.401171607863
 30
0.0
 11
5874.498978411074
 21
5730.401171607863
 31
0.0
  0
LINE
  5
17B
330
17
100
AcDbEntity
  8
COTA
 62
4
370
25
100
AcDbLine
 10
5893.053591680397
 20
5680.431114079601
 30
0.0
 11
5874.498978411074
 21
5680.431114079601
 31
0.0
  0
LINE
  5
17C
330
17
100
AcDbEntity
  8
COTA
 62
4
370
25
100
AcDbLine
 10
5877.498978411074
 20
5730.401171607863
 30
0.0
 11
5877.498978411074
 21
5680.431114079601
 31
0.0
  0
LINE
  5
17D
330
17
100
AcDbEntity
  8
Cota Seção (2x)
 62
180
370
25
100
AcDbLine
 10
5959.356885858493
 20
5700.43111407957
 30
0.0
 11
5977.356885858493
 21
5700.43111407957
 31
0.0
  0
LINE
  5
17E
330
17
100
AcDbEntity
  8
Cota Seção (2x)
 62
180
370
25
100
AcDbLine
 10
5977.356885858493
 20
5700.43111407957
 30
0.0
 11
5977.356885858493
 21
5715.43111407957
 31
0.0
  0
LINE
  5
17F
330
17
100
AcDbEntity
  8
Cota Seção (2x)
 62
180
370
25
100
AcDbLine
 10
5977.356885858493
 20
5715.43111407957
 30
0.0
 11
5959.356885858493
 21
5715.43111407957
 31
0.0
  0
LINE
  5
180
330
17
100
AcDbEntity
  8
Cota Seção (2x)
 62
180
370
25
100
AcDbLine
 10
5959.356885858493
 20
5715.43111407957
 30
0.0
 11
5959.356885858493
 21
5700.43111407957
 31
0.0
  0
LINE
  5
181
330
17
100
AcDbEntity
  8
COTA
 62
4
370
25
100
AcDbLine
 10
6157.37920287686
 20
5495.4347332138
 30
0.0
 11
6157.37920287686
 21
5471.636054473817
 31
0.0
  0
LINE
  5
182
330
17
100
AcDbEntity
  8
COTA
 62
4
370
25
100
AcDbLine
 10
5972.379202876861
 20
5495.434733213829
 30
0.0
 11
5972.379202876861
 21
5471.636054473817
 31
0.0
  0
LINE
  5
183
330
17
100
AcDbEntity
  8
COTA
 62
4
370
25
100
AcDbLine
 10
6157.37920287686
 20
5474.636054473817
 30
0.0
 11
5972.379202876861
 21
5474.636054473817
 31
0.0
  0
LINE
  5
184
330
17
100
AcDbEntity
  8
COTA
 62
0
370
25
100
AcDbLine
 10
6155.87920287686
 20
5473.136054473817
 30
0.0
 11
6158.87920287686
 21
5476.136054473817
 31
0.0
  0
LINE
  5
185
330
17
100
AcDbEntity
  8
COTA
 62
0
370
25
100
AcDbLine
 10
5973.879202876861
 20
5476.136054473817
 30
0.0
 11
5970.879202876861
 21
5473.136054473817
 31
0.0
  0
LINE
  5
186
330
17
100
AcDbEntity
  8
COTA
 62
4
370
25
100
AcDbLine
 10
5972.379202876861
 20
5495.434733213829
 30
0.0
 11
5972.379202876861
 21
5471.636054473828
 31
0.0
  0
LINE
  5
187
330
17
100
AcDbEntity
  8
COTA
 62
4
370
25
100
AcDbLine
 10
5850.37920287686
 20
5495.434733213825
 30
0.0
 11
5850.37920287686
 21
5471.636054473828
 31
0.0
  0
LINE
  5
188
330
17
100
AcDbEntity
  8
COTA
 62
4
370
25
100
AcDbLine
 10
5972.379202876861
 20
5474.636054473828
 30
0.0
 11
5850.37920287686
 21
5474.636054473828
 31
0.0
  0
LINE
  5
189
330
17
100
AcDbEntity
  8
COTA
 62
0
370
25
100
AcDbLine
 10
5970.879202876861
 20
5473.136054473828
 30
0.0
 11
5973.879202876861
 21
5476.136054473828
 31
0.0
  0
LINE
  5
18A
330
17
100
AcDbEntity
  8
COTA
 62
0
370
25
100
AcDbLine
 10
5851.87920287686
 20
5476.136054473828
 30
0.0
 11
5848.87920287686
 21
5473.136054473828
 31
0.0
  0
LINE
  5
18B
330
17
100
AcDbEntity
  8
COTA
 62
4
370
25
100
AcDbLine
 10
6157.37920287686
 20
5495.4347332138
 30
0.0
 11
6157.37920287686
 21
5444.669071143643
 31
0.0
  0
LINE
  5
18C
330
17
100
AcDbEntity
  8
COTA
 62
4
370
25
100
AcDbLine
 10
5850.37920287686
 20
5495.434733213825
 30
0.0
 11
5850.37920287686
 21
5444.669071143643
 31
0.0
  0
LINE
  5
18D
330
17
100
AcDbEntity
  8
COTA
 62
4
370
25
100
AcDbLine
 10
6157.37920287686
 20
5447.669071143643
 30
0.0
 11
5850.37920287686
 21
5447.669071143643
 31
0.0
  0
LINE
  5
18E
330
17
100
AcDbEntity
  8
COTA
 62
0
370
25
100
AcDbLine
 10
6155.87920287686
 20
5446.169071143643
 30
0.0
 11
6158.87920287686
 21
5449.169071143643
 31
0.0
  0
LINE
  5
18F
330
17
100
AcDbEntity
  8
COTA
 62
0
370
25
100
AcDbLine
 10
5851.87920287686
 20
5449.169071143643
 30
0.0
 11
5848.87920287686
 21
5446.169071143643
 31
0.0
  0
LINE
  5
190
330
17
100
AcDbEntity
  8
COTA
 62
4
370
25
100
AcDbLine
 10
6160.37920287686
 20
5540.434733213816
 30
0.0
 11
6182.808144997434
 21
5540.434733213816
 31
0.0
  0
LINE
  5
191
330
17
100
AcDbEntity
  8
COTA
 62
4
370
25
100
AcDbLine
 10
6160.37920287686
 20
5498.434733213816
 30
0.0
 11
6182.808144997434
 21
5498.434733213816
 31
0.0
  0
LINE
  5
192
330
17
100
AcDbEntity
  8
COTA
 62
4
370
25
100
AcDbLine
 10
6179.808144997434
 20
5540.434733213816
 30
0.0
 11
6179.808144997434
 21
5498.434733213816
 31
0.0
  0
LINE
  5
193
330
17
100
AcDbEntity
  8
COTA
 62
0
370
25
100
AcDbLine
 10
6181.308144997434
 20
5538.934733213816
 30
0.0
 11
6178.308144997434
 21
5541.934733213816
 31
0.0
  0
LINE
  5
194
330
17
100
AcDbEntity
  8
COTA
 62
0
370
25
100
AcDbLine
 10
6178.308144997434
 20
5499.934733213816
 30
0.0
 11
6181.308144997434
 21
5496.934733213816
 31
0.0
  0
LINE
  5
195
330
17
100
AcDbEntity
  8
COTA
 62
4
370
25
100
AcDbLine
 10
6160.37920287686
 20
5540.434733213816
 30
0.0
 11
6182.80814499743
 21
5540.434733213816
 31
0.0
  0
LINE
  5
196
330
17
100
AcDbEntity
  8
COTA
 62
4
370
25
100
AcDbLine
 10
6160.37920287686
 20
5557.434733213816
 30
0.0
 11
6182.80814499743
 21
5557.434733213816
 31
0.0
  0
LINE
  5
197
330
17
100
AcDbEntity
  8
COTA
 62
4
370
25
100
AcDbLine
 10
6179.80814499743
 20
5540.434733213816
 30
0.0
 11
6179.80814499743
 21
5557.434733213816
 31
0.0
  0
LINE
  5
198
330
17
100
AcDbEntity
  8
COTA
 62
0
370
25
100
AcDbLine
 10
6178.30814499743
 20
5541.934733213816
 30
0.0
 11
6181.30814499743
 21
5538.934733213816
 31
0.0
  0
LINE
  5
199
330
17
100
AcDbEntity
  8
COTA
 62
0
370
25
100
AcDbLine
 10
6181.30814499743
 20
5555.934733213816
 30
0.0
 11
6178.30814499743
 21
5558.934733213816
 31
0.0
  0
LINE
  5
19A
330
17
100
AcDbEntity
  8
COTA
 62
4
370
25
100
AcDbLine
 10
6160.37920287686
 20
5557.434733213816
 30
0.0
 11
6204.423650671061
 21
5557.434733213816
 31
0.0
  0
LINE
  5
19B
330
17
100
AcDbEntity
  8
COTA
 62
4
370
25
100
AcDbLine
 10
6160.37920287686
 20
5498.434733213816
 30
0.0
 11
6204.423650671061
 21
5498.434733213816
 31
0.0
  0
LINE
  5
19C
330
17
100
AcDbEntity
  8
COTA
 62
4
370
25
100
AcDbLine
 10
6201.423650671062
 20
5557.434733213816
 30
0.0
 11
6201.423650671062
 21
5498.434733213816
 31
0.0
  0
LINE
  5
19D
330
17
100
AcDbEntity
  8
COTA
 62
0
370
25
100
AcDbLine
 10
6202.923650671062
 20
5555.934733213816
 30
0.0
 11
6199.923650671062
 21
5558.934733213816
 31
0.0
  0
LINE
  5
19E
330
17
100
AcDbEntity
  8
COTA
 62
0
370
25
100
AcDbLine
 10
6199.923650671062
 20
5499.934733213816
 30
0.0
 11
6202.923650671062
 21
5496.934733213816
 31
0.0
  0
LINE
  5
19F
330
17
100
AcDbEntity
  8
COTA
 62
4
370
25
100
AcDbLine
 10
5850.379202876862
 20
5516.434733213825
 30
0.0
 11
5850.379202876862
 21
5511.808807218733
 31
0.0
  0
LINE
  5
1A0
330
17
100
AcDbEntity
  8
COTA
 62
4
370
25
100
AcDbLine
 10
5892.379202876862
 20
5514.434733213825
 30
0.0
 11
5892.379202876862
 21
5511.808807218733
 31
0.0
  0
LINE
  5
1A1
330
17
100
AcDbEntity
  8
COTA
 62
4
370
25
100
AcDbLine
 10
5850.379202876862
 20
5514.808807218733
 30
0.0
 11
5892.379202876862
 21
5514.808807218733
 31
0.0
  0
LINE
  5
1A2
330
17
100
AcDbEntity
  8
COTA
 62
0
370
25
100
AcDbLine
 10
5851.879202876862
 20
5516.308807218733
 30
0.0
 11
5848.879202876862
 21
5513.308807218733
 31
0.0
  0
LINE
  5
1A3
330
17
100
AcDbEntity
  8
COTA
 62
0
370
25
100
AcDbLine
 10
5890.879202876862
 20
5513.308807218733
 30
0.0
 11
5893.879202876862
 21
5516.308807218733
 31
0.0
  0
LINE
  5
1A4
330
17
100
AcDbEntity
  8
COTA
 62
4
370
25
100
AcDbLine
 10
6157.379202876862
 20
5516.434733213799
 30
0.0
 11
6157.379202876862
 21
5512.296944164027
 31
0.0
  0
LINE
  5
1A5
330
17
100
AcDbEntity
  8
COTA
 62
4
370
25
100
AcDbLine
 10
6067.379202876862
 20
5514.4347332138
 30
0.0
 11
6067.379202876862
 21
5512.296944164027
 31
0.0
  0
LINE
  5
1A6
330
17
100
AcDbEntity
  8
COTA
 62
4
370
25
100
AcDbLine
 10
6157.379202876862
 20
5515.296944164028
 30
0.0
 11
6067.379202876862
 21
5515.296944164028
 31
0.0
  0
LINE
  5
1A7
330
17
100
AcDbEntity
  8
COTA
 62
0
370
25
100
AcDbLine
 10
6155.879202876862
 20
5513.796944164028
 30
0.0
 11
6158.879202876862
 21
5516.796944164028
 31
0.0
  0
LINE
  5
1A8
330
17
100
AcDbEntity
  8
COTA
 62
0
370
25
100
AcDbLine
 10
6068.879202876862
 20
5516.796944164028
 30
0.0
 11
6065.879202876862
 21
5513.796944164028
 31
0.0
  0
LINE
  5
1A9
330
17
100
AcDbEntity
  8
COTA
 62
4
370
25
100
AcDbLine
 10
5786.325824974667
 20
5278.206098740557
 30
0.0
 11
5786.325824974667
 21
5254.407420000575
 31
0.0
  0
LINE
  5
1AA
330
17
100
AcDbEntity
  8
COTA
 62
4
370
25
100
AcDbLine
 10
5971.325824974667
 20
5278.206098740587
 30
0.0
 11
5971.325824974667
 21
5254.407420000575
 31
0.0
  0
LINE
  5
1AB
330
17
100
AcDbEntity
  8
COTA
 62
4
370
25
100
AcDbLine
 10
5786.325824974667
 20
5257.407420000575
 30
0.0
 11
5971.325824974667
 21
5257.407420000575
 31
0.0
  0
LINE
  5
1AC
330
17
100
AcDbEntity
  8
COTA
 62
0
370
25
100
AcDbLine
 10
5787.825824974667
 20
5258.907420000575
 30
0.0
 11
5784.825824974667
 21
5255.907420000575
 31
0.0
  0
LINE
  5
1AD
330
17
100
AcDbEntity
  8
COTA
 62
0
370
25
100
AcDbLine
 10
5969.825824974667
 20
5255.907420000575
 30
0.0
 11
5972.825824974667
 21
5258.907420000575
 31
0.0
  0
LINE
  5
1AE
330
17
100
AcDbEntity
  8
COTA
 62
4
370
25
100
AcDbLine
 10
5971.325824974667
 20
5278.206098740587
 30
0.0
 11
5971.325824974667
 21
5254.407420000586
 31
0.0
  0
LINE
  5
1AF
330
17
100
AcDbEntity
  8
COTA
 62
4
370
25
100
AcDbLine
 10
6093.325824974667
 20
5278.206098740582
 30
0.0
 11
6093.325824974667
 21
5254.407420000586
 31
0.0
  0
LINE
  5
1B0
330
17
100
AcDbEntity
  8
COTA
 62
4
370
25
100
AcDbLine
 10
5971.325824974667
 20
5257.407420000586
 30
0.0
 11
6093.325824974667
 21
5257.407420000586
 31
0.0
  0
LINE
  5
1B1
330
17
100
AcDbEntity
  8
COTA
 62
0
370
25
100
AcDbLine
 10
5972.825824974667
 20
5258.907420000586
 30
0.0
 11
5969.825824974667
 21
5255.907420000586
 31
0.0
  0
LINE
  5
1B2
330
17
100
AcDbEntity
  8
COTA
 62
0
370
25
100
AcDbLine
 10
6091.825824974667
 20
5255.907420000586
 30
0.0
 11
6094.825824974667
 21
5258.907420000586
 31
0.0
  0
LINE
  5
1B3
330
17
100
AcDbEntity
  8
COTA
 62
4
370
25
100
AcDbLine
 10
5786.325824974667
 20
5278.206098740557
 30
0.0
 11
5786.325824974667
 21
5227.440436670401
 31
0.0
  0
LINE
  5
1B4
330
17
100
AcDbEntity
  8
COTA
 62
4
370
25
100
AcDbLine
 10
6093.325824974667
 20
5278.206098740582
 30
0.0
 11
6093.325824974667
 21
5227.440436670401
 31
0.0
  0
LINE
  5
1B5
330
17
100
AcDbEntity
  8
COTA
 62
4
370
25
100
AcDbLine
 10
5786.325824974667
 20
5230.440436670401
 30
0.0
 11
6093.325824974667
 21
5230.440436670401
 31
0.0
  0
LINE
  5
1B6
330
17
100
AcDbEntity
  8
COTA
 62
0
370
25
100
AcDbLine
 10
5787.825824974667
 20
5231.940436670401
 30
0.0
 11
5784.825824974667
 21
5228.940436670401
 31
0.0
  0
LINE
  5
1B7
330
17
100
AcDbEntity
  8
COTA
 62
0
370
25
100
AcDbLine
 10
6091.825824974667
 20
5228.940436670401
 30
0.0
 11
6094.825824974667
 21
5231.940436670401
 31
0.0
  0
LINE
  5
1B8
330
17
100
AcDbEntity
  8
COTA
 62
4
370
25
100
AcDbLine
 10
5783.325824974673
 20
5323.206098740573
 30
0.0
 11
5760.896882854162
 21
5323.206098740573
 31
0.0
  0
LINE
  5
1B9
330
17
100
AcDbEntity
  8
COTA
 62
4
370
25
100
AcDbLine
 10
5783.325824974673
 20
5281.206098740574
 30
0.0
 11
5760.896882854162
 21
5281.206098740574
 31
0.0
  0
LINE
  5
1BA
330
17
100
AcDbEntity
  8
COTA
 62
4
370
25
100
AcDbLine
 10
5763.896882854162
 20
5323.206098740573
 30
0.0
 11
5763.896882854162
 21
5281.206098740574
 31
0.0
  0
LINE
  5
1BB
330
17
100
AcDbEntity
  8
COTA
 62
0
370
25
100
AcDbLine
 10
5765.396882854162
 20
5321.706098740573
 30
0.0
 11
5762.396882854162
 21
5324.706098740573
 31
0.0
  0
LINE
  5
1BC
330
17
100
AcDbEntity
  8
COTA
 62
0
370
25
100
AcDbLine
 10
5762.396882854162
 20
5282.706098740574
 30
0.0
 11
5765.396882854162
 21
5279.706098740574
 31
0.0
  0
LINE
  5
1BD
330
17
100
AcDbEntity
  8
COTA
 62
4
370
25
100
AcDbLine
 10
5783.325824974673
 20
5323.206098740573
 30
0.0
 11
5760.896882854165
 21
5323.206098740573
 31
0.0
  0
LINE
  5
1BE
330
17
100
AcDbEntity
  8
COTA
 62
4
370
25
100
AcDbLine
 10
5783.325824974673
 20
5340.206098740574
 30
0.0
 11
5760.896882854165
 21
5340.206098740574
 31
0.0
  0
LINE
  5
1BF
330
17
100
AcDbEntity
  8
COTA
 62
4
370
25
100
AcDbLine
 10
5763.896882854165
 20
5323.206098740573
 30
0.0
 11
5763.896882854165
 21
5340.206098740574
 31
0.0
  0
LINE
  5
1C0
330
17
100
AcDbEntity
  8
COTA
 62
0
370
25
100
AcDbLine
 10
5762.396882854165
 20
5324.706098740573
 30
0.0
 11
5765.396882854165
 21
5321.706098740573
 31
0.0
  0
LINE
  5
1C1
330
17
100
AcDbEntity
  8
COTA
 62
0
370
25
100
AcDbLine
 10
5765.396882854165
 20
5338.706098740574
 30
0.0
 11
5762.396882854165
 21
5341.706098740574
 31
0.0
  0
LINE
  5
1C2
330
17
100
AcDbEntity
  8
COTA
 62
4
370
25
100
AcDbLine
 10
5783.325824974673
 20
5340.206098740574
 30
0.0
 11
5739.281377180534
 21
5340.206098740574
 31
0.0
  0
LINE
  5
1C3
330
17
100
AcDbEntity
  8
COTA
 62
4
370
25
100
AcDbLine
 10
5783.325824974673
 20
5281.206098740574
 30
0.0
 11
5739.281377180534
 21
5281.206098740574
 31
0.0
  0
LINE
  5
1C4
330
17
100
AcDbEntity
  8
COTA
 62
4
370
25
100
AcDbLine
 10
5742.281377180534
 20
5340.206098740574
 30
0.0
 11
5742.281377180534
 21
5281.206098740574
 31
0.0
  0
LINE
  5
1C5
330
17
100
AcDbEntity
  8
COTA
 62
0
370
25
100
AcDbLine
 10
5743.781377180534
 20
5338.706098740574
 30
0.0
 11
5740.781377180534
 21
5341.706098740574
 31
0.0
  0
LINE
  5
1C6
330
17
100
AcDbEntity
  8
COTA
 62
0
370
25
100
AcDbLine
 10
5740.781377180534
 20
5282.706098740574
 30
0.0
 11
5743.781377180534
 21
5279.706098740574
 31
0.0
  0
LINE
  5
1C7
330
17
100
AcDbEntity
  8
COTA
 62
4
370
25
100
AcDbLine
 10
6093.325824974665
 20
5299.206098740583
 30
0.0
 11
6093.325824974665
 21
5294.580172745491
 31
0.0
  0
LINE
  5
1C8
330
17
100
AcDbEntity
  8
COTA
 62
4
370
25
100
AcDbLine
 10
6051.325824974664
 20
5297.206098740583
 30
0.0
 11
6051.325824974664
 21
5294.580172745491
 31
0.0
  0
LINE
  5
1C9
330
17
100
AcDbEntity
  8
COTA
 62
4
370
25
100
AcDbLine
 10
6093.325824974665
 20
5297.58017274549
 30
0.0
 11
6051.325824974664
 21
5297.58017274549
 31
0.0
  0
LINE
  5
1CA
330
17
100
AcDbEntity
  8
COTA
 62
0
370
25
100
AcDbLine
 10
6091.825824974665
 20
5296.08017274549
 30
0.0
 11
6094.825824974665
 21
5299.08017274549
 31
0.0
  0
LINE
  5
1CB
330
17
100
AcDbEntity
  8
COTA
 62
0
370
25
100
AcDbLine
 10
6052.825824974664
 20
5299.08017274549
 30
0.0
 11
6049.825824974664
 21
5296.08017274549
 31
0.0
  0
LINE
  5
1CC
330
17
100
AcDbEntity
  8
COTA
 62
4
370
25
100
AcDbLine
 10
5786.325824974665
 20
5299.206098740558
 30
0.0
 11
5786.325824974665
 21
5295.068309690786
 31
0.0
  0
LINE
  5
1CD
330
17
100
AcDbEntity
  8
COTA
 62
4
370
25
100
AcDbLine
 10
5876.325824974665
 20
5297.206098740558
 30
0.0
 11
5876.325824974665
 21
5295.068309690786
 31
0.0
  0
LINE
  5
1CE
330
17
100
AcDbEntity
  8
COTA
 62
4
370
25
100
AcDbLine
 10
5786.325824974665
 20
5298.068309690786
 30
0.0
 11
5876.325824974665
 21
5298.068309690786
 31
0.0
  0
LINE
  5
1CF
330
17
100
AcDbEntity
  8
COTA
 62
0
370
25
100
AcDbLine
 10
5787.825824974665
 20
5299.568309690786
 30
0.0
 11
5784.825824974665
 21
5296.568309690786
 31
0.0
  0
LINE
  5
1D0
330
17
100
AcDbEntity
  8
COTA
 62
0
370
25
100
AcDbLine
 10
5874.825824974665
 20
5296.568309690786
 30
0.0
 11
5877.825824974665
 21
5299.568309690786
 31
0.0
  0
LINE
  5
1D1
330
17
100
AcDbEntity
  8
COTA
 62
4
370
25
100
AcDbLine
 10
5763.653880754089
 20
5543.434733213802
 30
0.0
 11
5737.657378698163
 21
5543.434733213802
 31
0.0
  0
LINE
  5
1D2
330
17
100
AcDbEntity
  8
COTA
 62
4
370
25
100
AcDbLine
 10
5763.653880754093
 20
5498.434733213802
 30
0.0
 11
5737.657378698163
 21
5498.434733213802
 31
0.0
  0
LINE
  5
1D3
330
17
100
AcDbEntity
  8
COTA
 62
4
370
25
100
AcDbLine
 10
5740.657378698163
 20
5543.434733213802
 30
0.0
 11
5740.657378698163
 21
5498.434733213802
 31
0.0
  0
LINE
  5
1D4
330
17
100
AcDbEntity
  8
COTA
 62
0
370
25
100
AcDbLine
 10
5742.157378698163
 20
5541.934733213802
 30
0.0
 11
5739.157378698163
 21
5544.934733213802
 31
0.0
  0
LINE
  5
1D5
330
17
100
AcDbEntity
  8
COTA
 62
0
370
25
100
AcDbLine
 10
5739.157378698163
 20
5499.934733213802
 30
0.0
 11
5742.157378698163
 21
5496.934733213802
 31
0.0
  0
LINE
  5
1D6
330
17
100
AcDbEntity
  8
COTA
 62
4
370
25
100
AcDbLine
 10
5766.653880754084
 20
5495.434733213825
 30
0.0
 11
5766.653880754084
 21
5444.669071143643
 31
0.0
  0
LINE
  5
1D7
330
17
100
AcDbEntity
  8
COTA
 62
4
370
25
100
AcDbLine
 10
5832.653880754083
 20
5495.434733213825
 30
0.0
 11
5832.653880754083
 21
5444.669071143643
 31
0.0
  0
LINE
  5
1D8
330
17
100
AcDbEntity
  8
COTA
 62
4
370
25
100
AcDbLine
 10
5766.653880754084
 20
5447.669071143643
 30
0.0
 11
5832.653880754083
 21
5447.669071143643
 31
0.0
  0
LINE
  5
1D9
330
17
100
AcDbEntity
  8
COTA
 62
0
370
25
100
AcDbLine
 10
5768.153880754084
 20
5449.169071143643
 30
0.0
 11
5765.153880754084
 21
5446.169071143643
 31
0.0
  0
LINE
  5
1DA
330
17
100
AcDbEntity
  8
COTA
 62
0
370
25
100
AcDbLine
 10
5831.153880754083
 20
5446.169071143643
 30
0.0
 11
5834.153880754083
 21
5449.169071143643
 31
0.0
  0
LINE
  5
1DB
330
17
100
AcDbEntity
  8
COTA
 62
4
370
25
100
AcDbLine
 10
5773.653880754091
 20
5495.4347332138
 30
0.0
 11
5773.653880754091
 21
5470.396841797882
 31
0.0
  0
LINE
  5
1DC
330
17
100
AcDbEntity
  8
COTA
 62
4
370
25
100
AcDbLine
 10
5766.653880754091
 20
5495.4347332138
 30
0.0
 11
5766.653880754091
 21
5470.396841797882
 31
0.0
  0
LINE
  5
1DD
330
17
100
AcDbEntity
  8
COTA
 62
4
370
25
100
AcDbLine
 10
5773.653880754091
 20
5473.396841797882
 30
0.0
 11
5766.653880754091
 21
5473.396841797882
 31
0.0
  0
LINE
  5
1DE
330
17
100
AcDbEntity
  8
COTA
 62
4
370
25
100
AcDbLine
 10
5766.653880754091
 20
5473.396841797882
 30
0.0
 11
5751.922886602044
 21
5473.396841797882
 31
0.0
  0
LINE
  5
1DF
330
17
100
AcDbEntity
  8
COTA
 62
0
370
25
100
AcDbLine
 10
5772.153880754091
 20
5471.896841797882
 30
0.0
 11
5775.153880754091
 21
5474.896841797882
 31
0.0
  0
LINE
  5
1E0
330
17
100
AcDbEntity
  8
COTA
 62
0
370
25
100
AcDbLine
 10
5768.153880754091
 20
5474.896841797882
 30
0.0
 11
5765.153880754091
 21
5471.896841797882
 31
0.0
  0
LINE
  5
1E1
330
17
100
AcDbEntity
  8
COTA
 62
4
370
25
100
AcDbLine
 10
6177.579507242319
 20
5326.206098740559
 30
0.0
 11
6203.576009298315
 21
5326.206098740559
 31
0.0
  0
LINE
  5
1E2
330
17
100
AcDbEntity
  8
COTA
 62
4
370
25
100
AcDbLine
 10
6177.579507242315
 20
5281.206098740559
 30
0.0
 11
6203.576009298315
 21
5281.206098740559
 31
0.0
  0
LINE
  5
1E3
330
17
100
AcDbEntity
  8
COTA
 62
4
370
25
100
AcDbLine
 10
6200.576009298316
 20
5326.206098740559
 30
0.0
 11
6200.576009298316
 21
5281.206098740559
 31
0.0
  0
LINE
  5
1E4
330
17
100
AcDbEntity
  8
COTA
 62
0
370
25
100
AcDbLine
 10
6202.076009298316
 20
5324.706098740559
 30
0.0
 11
6199.076009298316
 21
5327.706098740559
 31
0.0
  0
LINE
  5
1E5
330
17
100
AcDbEntity
  8
COTA
 62
0
370
25
100
AcDbLine
 10
6199.076009298316
 20
5282.706098740559
 30
0.0
 11
6202.076009298316
 21
5279.706098740559
 31
0.0
  0
LINE
  5
1E6
330
17
100
AcDbEntity
  8
COTA
 62
4
370
25
100
AcDbLine
 10
6174.579507242319
 20
5278.206098740582
 30
0.0
 11
6174.579507242319
 21
5227.440436670401
 31
0.0
  0
LINE
  5
1E7
330
17
100
AcDbEntity
  8
COTA
 62
4
370
25
100
AcDbLine
 10
6108.616909537186
 20
5278.206098740582
 30
0.0
 11
6108.616909537186
 21
5227.440436670401
 31
0.0
  0
LINE
  5
1E8
330
17
100
AcDbEntity
  8
COTA
 62
4
370
25
100
AcDbLine
 10
6174.579507242319
 20
5230.440436670401
 30
0.0
 11
6108.616909537186
 21
5230.440436670401
 31
0.0
  0
LINE
  5
1E9
330
17
100
AcDbEntity
  8
COTA
 62
0
370
25
100
AcDbLine
 10
6173.079507242319
 20
5228.940436670401
 30
0.0
 11
6176.079507242319
 21
5231.940436670401
 31
0.0
  0
LINE
  5
1EA
330
17
100
AcDbEntity
  8
COTA
 62
0
370
25
100
AcDbLine
 10
6110.116909537186
 20
5231.940436670401
 30
0.0
 11
6107.116909537186
 21
5228.940436670401
 31
0.0
  0
LINE
  5
1EB
330
17
100
AcDbEntity
  8
COTA
 62
4
370
25
100
AcDbLine
 10
6167.579507242312
 20
5278.206098740557
 30
0.0
 11
6167.579507242312
 21
5252.027933624408
 31
0.0
  0
LINE
  5
1EC
330
17
100
AcDbEntity
  8
COTA
 62
4
370
25
100
AcDbLine
 10
6174.579507242311
 20
5278.206098740557
 30
0.0
 11
6174.579507242311
 21
5252.027933624408
 31
0.0
  0
LINE
  5
1ED
330
17
100
AcDbEntity
  8
COTA
 62
4
370
25
100
AcDbLine
 10
6167.579507242312
 20
5255.027933624408
 30
0.0
 11
6174.579507242311
 21
5255.027933624408
 31
0.0
  0
LINE
  5
1EE
330
17
100
AcDbEntity
  8
COTA
 62
4
370
25
100
AcDbLine
 10
6174.579507242311
 20
5255.027933624408
 30
0.0
 11
6189.310501394359
 21
5255.027933624408
 31
0.0
  0
LINE
  5
1EF
330
17
100
AcDbEntity
  8
COTA
 62
0
370
25
100
AcDbLine
 10
6169.079507242312
 20
5256.527933624408
 30
0.0
 11
6166.079507242312
 21
5253.527933624408
 31
0.0
  0
LINE
  5
1F0
330
17
100
AcDbEntity
  8
COTA
 62
0
370
25
100
AcDbLine
 10
6173.079507242311
 20
5253.527933624408
 30
0.0
 11
6176.079507242311
 21
5256.527933624408
 31
0.0
  0
LINE
  5
1F1
330
17
100
AcDbEntity
  8
COTA
 62
4
370
25
100
AcDbLine
 10
6202.31822828955
 20
5653.363863258645
 30
0.0
 11
6202.31822828955
 21
5618.167529879823
 31
0.0
  0
LINE
  5
1F2
330
17
100
AcDbEntity
  8
COTA
 62
4
370
25
100
AcDbLine
 10
6240.25708462902
 20
5653.363863258657
 30
0.0
 11
6240.25708462902
 21
5618.167529879823
 31
0.0
  0
LINE
  5
1F3
330
17
100
AcDbEntity
  8
COTA
 62
4
370
25
100
AcDbLine
 10
6197.31822828955
 20
5623.167529879823
 30
0.0
 11
6245.25708462902
 21
5623.167529879823
 31
0.0
  0
LINE
  5
1F4
330
17
100
AcDbEntity
  8
COTA
 62
4
370
25
100
AcDbLine
 10
6245.257084629024
 20
5658.363863258658
 30
0.0
 11
6263.255159864031
 21
5658.363863258658
 31
0.0
  0
LINE
  5
1F5
330
17
100
AcDbEntity
  8
COTA
 62
4
370
25
100
AcDbLine
 10
6245.257084629024
 20
5776.363863258649
 30
0.0
 11
6263.255159864031
 21
5776.363863258649
 31
0.0
  0
LINE
  5
1F6
330
17
100
AcDbEntity
  8
COTA
 62
4
370
25
100
AcDbLine
 10
6258.255159864031
 20
5653.363863258658
 30
0.0
 11
6258.255159864031
 21
5781.363863258649
 31
0.0
  0
LINE
  5
1F7
330
17
100
AcDbEntity
  8
COTA
 62
4
370
25
100
AcDbLine
 10
5763.653880754086
 20
5543.434733213871
 30
0.0
 11
5737.657378698163
 21
5543.434733213871
 31
0.0
  0
LINE
  5
1F8
330
17
100
AcDbEntity
  8
COTA
 62
4
370
25
100
AcDbLine
 10
5763.653880754052
 20
5557.43473321387
 30
0.0
 11
5737.657378698163
 21
5557.43473321387
 31
0.0
  0
LINE
  5
1F9
330
17
100
AcDbEntity
  8
COTA
 62
4
370
25
100
AcDbLine
 10
5740.657378698163
 20
5543.434733213871
 30
0.0
 11
5740.657378698163
 21
5557.43473321387
 31
0.0
  0
LINE
  5
1FA
330
17
100
AcDbEntity
  8
COTA
 62
4
370
25
100
AcDbLine
 10
5740.657378698163
 20
5557.43473321387
 30
0.0
 11
5740.657378698163
 21
5576.551692278198
 31
0.0
  0
LINE
  5
1FB
330
17
100
AcDbEntity
  8
COTA
 62
0
370
25
100
AcDbLine
 10
5739.157378698163
 20
5544.934733213871
 30
0.0
 11
5742.157378698163
 21
5541.934733213871
 31
0.0
  0
LINE
  5
1FC
330
17
100
AcDbEntity
  8
COTA
 62
0
370
25
100
AcDbLine
 10
5742.157378698163
 20
5555.93473321387
 30
0.0
 11
5739.157378698163
 21
5558.93473321387
 31
0.0
  0
LINE
  5
1FD
330
17
100
AcDbEntity
  8
COTA
 62
4
370
25
100
AcDbLine
 10
5763.653880754052
 20
5557.43473321387
 30
0.0
 11
5712.750849708871
 21
5557.43473321387
 31
0.0
  0
LINE
  5
1FE
330
17
100
AcDbEntity
  8
COTA
 62
4
370
25
100
AcDbLine
 10
5763.653880754191
 20
5498.434733213827
 30
0.0
 11
5712.750849708871
 21
5498.434733213827
 31
0.0
  0
LINE
  5
1FF
330
17
100
AcDbEntity
  8
COTA
 62
4
370
25
100
AcDbLine
 10
5715.750849708872
 20
5557.43473321387
 30
0.0
 11
5715.750849708872
 21
5498.434733213827
 31
0.0
  0
LINE
  5
200
330
17
100
AcDbEntity
  8
COTA
 62
0
370
25
100
AcDbLine
 10
5717.250849708872
 20
5555.93473321387
 30
0.0
 11
5714.250849708872
 21
5558.93473321387
 31
0.0
  0
LINE
  5
201
330
17
100
AcDbEntity
  8
COTA
 62
0
370
25
100
AcDbLine
 10
5714.250849708872
 20
5499.934733213827
 30
0.0
 11
5717.250849708872
 21
5496.934733213827
 31
0.0
  0
LINE
  5
202
330
17
100
AcDbEntity
  8
COTA
 62
4
370
25
100
AcDbLine
 10
6177.61690953719
 20
5326.206098740541
 30
0.0
 11
6203.576009298316
 21
5326.206098740541
 31
0.0
  0
LINE
  5
203
330
17
100
AcDbEntity
  8
COTA
 62
4
370
25
100
AcDbLine
 10
6177.616909537157
 20
5340.206098740584
 30
0.0
 11
6203.576009298316
 21
5340.206098740584
 31
0.0
  0
LINE
  5
204
330
17
100
AcDbEntity
  8
COTA
 62
4
370
25
100
AcDbLine
 10
6200.576009298316
 20
5326.206098740541
 30
0.0
 11
6200.576009298316
 21
5340.206098740584
 31
0.0
  0
LINE
  5
205
330
17
100
AcDbEntity
  8
COTA
 62
4
370
25
100
AcDbLine
 10
6200.576009298316
 20
5340.206098740584
 30
0.0
 11
6200.576009298316
 21
5359.323057804912
 31
0.0
  0
LINE
  5
206
330
17
100
AcDbEntity
  8
COTA
 62
0
370
25
100
AcDbLine
 10
6199.076009298316
 20
5327.706098740541
 30
0.0
 11
6202.076009298316
 21
5324.706098740541
 31
0.0
  0
LINE
  5
207
330
17
100
AcDbEntity
  8
COTA
 62
0
370
25
100
AcDbLine
 10
6202.076009298316
 20
5338.706098740584
 30
0.0
 11
6199.076009298316
 21
5341.706098740584
 31
0.0
  0
LINE
  5
208
330
17
100
AcDbEntity
  8
COTA
 62
4
370
25
100
AcDbLine
 10
6177.616909537157
 20
5340.206098740584
 30
0.0
 11
6228.266624085251
 21
5340.206098740584
 31
0.0
  0
LINE
  5
209
330
17
100
AcDbEntity
  8
COTA
 62
4
370
25
100
AcDbLine
 10
6177.616909537157
 20
5281.20609874056
 30
0.0
 11
6228.266624085251
 21
5281.20609874056
 31
0.0
  0
LINE
  5
20A
330
17
100
AcDbEntity
  8
COTA
 62
4
370
25
100
AcDbLine
 10
6225.266624085251
 20
5340.206098740584
 30
0.0
 11
6225.266624085251
 21
5281.20609874056
 31
0.0
  0
LINE
  5
20B
330
17
100
AcDbEntity
  8
COTA
 62
0
370
25
100
AcDbLine
 10
6226.766624085251
 20
5338.706098740584
 30
0.0
 11
6223.766624085251
 21
5341.706098740584
 31
0.0
  0
LINE
  5
20C
330
17
100
AcDbEntity
  8
COTA
 62
0
370
25
100
AcDbLine
 10
6223.766624085251
 20
5282.70609874056
 30
0.0
 11
6226.766624085251
 21
5279.70609874056
 31
0.0
  0
LINE
  5
20D
330
17
100
AcDbEntity
  8
Texto Seção
 62
252
370
15
100
AcDbLine
 10
5229.201960283199
 20
5798.431114079579
 30
0.0
 11
5229.201960283199
 21
5923.431114079579
 31
0.0
  0
LINE
  5
20E
330
17
100
AcDbEntity
  8
Texto Seção
 62
252
370
15
100
AcDbLine
 10
5970.55688585852
 20
5798.431114079569
 30
0.0
 11
5970.55688585852
 21
5923.431114079569
 31
0.0
  0
LINE
  5
20F
330
17
100
AcDbEntity
  8
presilha
 62
1
370
25
100
AcDbLine
 10
5927.48968672398
 20
5679.79778074627
 30
0.0
 11
5927.48968672398
 21
5675.197940746284
 31
0.0
  0
LINE
  5
210
330
17
100
AcDbEntity
  8
presilha
 62
1
370
25
100
AcDbLine
 10
5927.48968672398
 20
5675.197940746284
 30
0.0
 11
5907.489322219629
 21
5675.197940746277
 31
0.0
  0
LINE
  5
211
330
17
100
AcDbEntity
  8
presilha
 62
1
370
25
100
AcDbLine
 10
5906.489322219629
 20
5682.79778074627
 30
0.0
 11
5907.489322219629
 21
5682.79778074627
 31
0.0
  0
LINE
  5
212
330
17
100
AcDbEntity
  8
presilha
 62
1
370
25
100
AcDbLine
 10
5907.489322219629
 20
5682.79778074627
 30
0.0
 11
5907.489322219629
 21
5670.79778074627
 31
0.0
  0
LINE
  5
213
330
17
100
AcDbEntity
  8
presilha
 62
1
370
25
100
AcDbLine
 10
5907.489322219629
 20
5670.79778074627
 30
0.0
 11
5906.489322219629
 21
5670.79778074627
 31
0.0
  0
LINE
  5
214
330
17
100
AcDbEntity
  8
presilha
 62
1
370
25
100
AcDbLine
 10
5906.489322219629
 20
5670.79778074627
 30
0.0
 11
5906.489322219629
 21
5682.79778074627
 31
0.0
  0
LINE
  5
215
330
17
100
AcDbEntity
  8
presilha
 62
1
370
25
100
AcDbLine
 10
5910.489322219627
 20
5686.464447412936
 30
0.0
 11
5910.489322219627
 21
5685.464447412936
 31
0.0
  0
LINE
  5
216
330
17
100
AcDbEntity
  8
presilha
 62
1
370
25
100
AcDbLine
 10
5927.48968672398
 20
5679.79778074627
 30
0.0
 11
5908.8696867239805
 21
5679.79778074627
 31
0.0
  0
LINE
  5
217
330
17
100
AcDbEntity
  8
presilha
 62
1
370
25
100
AcDbLine
 10
5907.48968672398
 20
5679.55778074627
 30
0.0
 11
5907.489322219627
 21
5685.70444741294
 31
0.0
  0
LINE
  5
218
330
17
100
AcDbEntity
  8
presilha
 62
1
370
25
100
AcDbLine
 10
5908.4896867239795
 20
5680.1777807462695
 30
0.0
 11
5908.489322219627
 21
5685.084447412937
 31
0.0
  0
LINE
  5
219
330
17
100
AcDbEntity
  8
presilha
 62
1
370
25
100
AcDbLine
 10
5910.489322219627
 20
5686.464447412936
 30
0.0
 11
5908.249322219607
 21
5686.464447412936
 31
0.0
  0
LINE
  5
21A
330
17
100
AcDbEntity
  8
presilha
 62
1
370
25
100
AcDbLine
 10
5910.489322219627
 20
5685.464447412936
 30
0.0
 11
5908.869322219627
 21
5685.464447412936
 31
0.0
  0
LINE
  5
21B
330
17
100
AcDbEntity
  8
presilha
 62
1
370
25
100
AcDbLine
 10
5902.489322219628
 20
5681.131114079606
 30
0.0
 11
5906.489322219628
 21
5681.131114079606
 31
0.0
  0
LINE
  5
21C
330
17
100
AcDbEntity
  8
presilha
 62
1
370
25
100
AcDbLine
 10
5906.489322219628
 20
5681.131114079606
 30
0.0
 11
5906.489322219628
 21
5672.464447412939
 31
0.0
  0
LINE
  5
21D
330
17
100
AcDbEntity
  8
presilha
 62
1
370
25
100
AcDbLine
 10
5906.489322219628
 20
5672.464447412939
 30
0.0
 11
5902.489322219628
 21
5672.464447412939
 31
0.0
  0
LINE
  5
21E
330
17
100
AcDbEntity
  8
presilha
 62
1
370
25
100
AcDbLine
 10
5902.489322219628
 20
5681.131114079606
 30
0.0
 11
5902.489322219628
 21
5672.464447412939
 31
0.0
  0
LINE
  5
21F
330
17
100
AcDbEntity
  8
presilha
 62
1
370
25
100
AcDbLine
 10
6009.224084993064
 20
5679.79778074627
 30
0.0
 11
6009.224084993064
 21
5675.197940746284
 31
0.0
  0
LINE
  5
220
330
17
100
AcDbEntity
  8
presilha
 62
1
370
25
100
AcDbLine
 10
6009.224084993064
 20
5675.197940746284
 30
0.0
 11
6029.224449497416
 21
5675.197940746277
 31
0.0
  0
LINE
  5
221
330
17
100
AcDbEntity
  8
presilha
 62
1
370
25
100
AcDbLine
 10
6030.224449497416
 20
5682.79778074627
 30
0.0
 11
6029.224449497416
 21
5682.79778074627
 31
0.0
  0
LINE
  5
222
330
17
100
AcDbEntity
  8
presilha
 62
1
370
25
100
AcDbLine
 10
6029.224449497416
 20
5682.79778074627
 30
0.0
 11
6029.224449497416
 21
5670.79778074627
 31
0.0
  0
LINE
  5
223
330
17
100
AcDbEntity
  8
presilha
 62
1
370
25
100
AcDbLine
 10
6029.224449497416
 20
5670.79778074627
 30
0.0
 11
6030.224449497416
 21
5670.79778074627
 31
0.0
  0
LINE
  5
224
330
17
100
AcDbEntity
  8
presilha
 62
1
370
25
100
AcDbLine
 10
6030.224449497416
 20
5670.79778074627
 30
0.0
 11
6030.224449497416
 21
5682.79778074627
 31
0.0
  0
LINE
  5
225
330
17
100
AcDbEntity
  8
presilha
 62
1
370
25
100
AcDbLine
 10
6026.2244494974175
 20
5686.464447412936
 30
0.0
 11
6026.2244494974175
 21
5685.464447412936
 31
0.0
  0
LINE
  5
226
330
17
100
AcDbEntity
  8
presilha
 62
1
370
25
100
AcDbLine
 10
6009.224084993064
 20
5679.79778074627
 30
0.0
 11
6027.844084993064
 21
5679.79778074627
 31
0.0
  0
LINE
  5
227
330
17
100
AcDbEntity
  8
presilha
 62
1
370
25
100
AcDbLine
 10
6029.224084993064
 20
5679.55778074627
 30
0.0
 11
6029.2244494974175
 21
5685.70444741294
 31
0.0
  0
LINE
  5
228
330
17
100
AcDbEntity
  8
presilha
 62
1
370
25
100
AcDbLine
 10
6028.224084993065
 20
5680.1777807462695
 30
0.0
 11
6028.2244494974175
 21
5685.084447412937
 31
0.0
  0
LINE
  5
229
330
17
100
AcDbEntity
  8
presilha
 62
1
370
25
100
AcDbLine
 10
6026.2244494974175
 20
5686.464447412936
 30
0.0
 11
6028.464449497437
 21
5686.464447412936
 31
0.0
  0
LINE
  5
22A
330
17
100
AcDbEntity
  8
presilha
 62
1
370
25
100
AcDbLine
 10
6026.2244494974175
 20
5685.464447412936
 30
0.0
 11
6027.844449497417
 21
5685.464447412936
 31
0.0
  0
LINE
  5
22B
330
17
100
AcDbEntity
  8
presilha
 62
1
370
25
100
AcDbLine
 10
6034.224449497417
 20
5681.131114079606
 30
0.0
 11
6030.224449497417
 21
5681.131114079606
 31
0.0
  0
LINE
  5
22C
330
17
100
AcDbEntity
  8
presilha
 62
1
370
25
100
AcDbLine
 10
6030.224449497417
 20
5681.131114079606
 30
0.0
 11
6030.224449497417
 21
5672.464447412939
 31
0.0
  0
LINE
  5
22D
330
17
100
AcDbEntity
  8
presilha
 62
1
370
25
100
AcDbLine
 10
6030.224449497417
 20
5672.464447412939
 30
0.0
 11
6034.224449497417
 21
5672.464447412939
 31
0.0
  0
LINE
  5
22E
330
17
100
AcDbEntity
  8
presilha
 62
1
370
25
100
AcDbLine
 10
6034.224449497417
 20
5681.131114079606
 30
0.0
 11
6034.224449497417
 21
5672.464447412939
 31
0.0
  0
LWPOLYLINE
  5
22F
330
17
100
AcDbEntity
  8
Painéis
 62
200
370
25
100
AcDbPolyline
 90
4
 70
1
 10
5204.001960283202
 20
5801.790690100856
 10
5208.001960283201
 20
5801.790690100856
 10
5208.001960283201
 20
5667.790690100878
 10
5204.001960283202
 20
5667.790690100878
  0
LWPOLYLINE
  5
230
330
17
100
AcDbEntity
  8
Madeira
 62
126
370
18
100
AcDbPolyline
 90
4
 70
1
 10
5246.001960283201
 20
5667.790690100878
 10
5246.001960283201
 20
5672.190690100872
 10
5232.001960283202
 20
5672.190690100872
 10
5232.001960283202
 20
5667.790690100878
  0
LWPOLYLINE
  5
231
330
17
100
AcDbEntity
  8
Painéis
 62
200
370
25
100
AcDbPolyline
 90
4
 70
1
 10
5246.001960283201
 20
5672.190690100872
 10
5246.001960283201
 20
5675.790690100878
 10
5208.001960283201
 20
5675.790690100878
 10
5208.001960283201
 20
5672.190690100872
  0
LWPOLYLINE
  5
232
330
17
100
AcDbEntity
  8
Madeira
 62
126
370
18
100
AcDbPolyline
 90
4
 70
1
 10
5208.001960283201
 20
5667.790690100878
 10
5208.001960283201
 20
5672.190690100872
 10
5222.001960283201
 20
5672.190690100872
 10
5222.001960283201
 20
5667.790690100878
  0
LWPOLYLINE
  5
233
330
17
100
AcDbEntity
  8
Painéis
 62
200
370
25
100
AcDbPolyline
 90
4
 70
1
 10
5250.001960283202
 20
5801.790690100856
 10
5246.001960283201
 20
5801.790690100856
 10
5246.001960283201
 20
5667.790690100878
 10
5250.001960283202
 20
5667.790690100878
  0
LWPOLYLINE
  5
234
330
17
100
AcDbEntity
  8
Painéis
 62
200
370
25
100
AcDbPolyline
 90
4
 70
1
 10
5306.001960283173
 20
5801.790690100856
 10
5306.001960283173
 20
5805.790690100856
 10
5246.001960283201
 20
5805.790690100856
 10
5246.001960283201
 20
5801.790690100856
  0
LWPOLYLINE
  5
235
330
17
100
AcDbEntity
  8
Painéis
 62
200
370
25
100
AcDbPolyline
 90
4
 70
1
 10
5208.001960283201
 20
5801.790690100856
 10
5208.001960283201
 20
5805.790690100856
 10
5152.401960283225
 20
5805.790690100849
 10
5152.401960283225
 20
5801.790690100849
  0
LWPOLYLINE
  5
236
330
17
100
AcDbEntity
  8
CONCRETO
 62
251
370
25
100
AcDbPolyline
 90
8
 70
1
 10
5152.401960283225
 20
5805.790690100849
 10
5152.401960283225
 20
5835.790690100878
 10
5306.001960283173
 20
5835.790690100878
 10
5306.001960283173
 20
5805.790690100863
 10
5246.001960283201
 20
5805.790690100863
 10
5246.001960283144
 20
5675.790690100878
 10
5208.001960283201
 20
5675.790690100878
 10
5208.001960283201
 20
5805.790690100856
  0
LWPOLYLINE
  5
237
330
17
100
AcDbEntity
  8
Madeira
 62
126
370
18
100
AcDbPolyline
 90
4
 70
1
 10
5199.601960283207
 20
5787.790690100856
 10
5204.001960283202
 20
5787.790690100856
 10
5204.001960283202
 20
5801.790690100856
 10
5199.601960283207
 20
5801.790690100856
  0
LWPOLYLINE
  5
238
330
17
100
AcDbEntity
  8
Madeira
 62
126
370
18
100
AcDbPolyline
 90
4
 70
1
 10
5199.601960283207
 20
5667.790690100878
 10
5204.001960283202
 20
5667.790690100878
 10
5204.001960283202
 20
5681.790690100879
 10
5199.601960283207
 20
5681.790690100879
  0
LWPOLYLINE
  5
239
330
17
100
AcDbEntity
  8
Madeira
 62
126
370
18
100
AcDbPolyline
 90
4
 70
1
 10
5254.401960283196
 20
5787.790690100856
 10
5250.001960283202
 20
5787.790690100856
 10
5250.001960283202
 20
5801.790690100856
 10
5254.401960283196
 20
5801.790690100856
  0
LWPOLYLINE
  5
23A
330
17
100
AcDbEntity
  8
Madeira
 62
126
370
18
100
AcDbPolyline
 90
4
 70
1
 10
5254.401960283196
 20
5667.790690100878
 10
5250.001960283202
 20
5667.790690100878
 10
5250.001960283202
 20
5681.790690100879
 10
5254.401960283196
 20
5681.790690100879
  0
LWPOLYLINE
  5
23B
330
17
100
AcDbEntity
  8
SARR_3.5x7
 62
81
370
25
100
AcDbPolyline
 90
4
 70
1
 10
5185.601960283146
 20
5795.790690100856
 10
5199.601960283146
 20
5795.790690100856
 10
5199.601960283273
 20
5591.312476695073
 10
5185.601960283273
 20
5591.312476695073
  0
LWPOLYLINE
  5
23C
330
17
100
AcDbEntity
  8
SARR_3.5x7
 62
81
370
25
100
AcDbPolyline
 90
4
 70
1
 10
5268.401960283433
 20
5795.790690100858
 10
5254.401960283432
 20
5795.790690100858
 10
5254.401960283287
 20
5591.312476695073
 10
5268.401960283287
 20
5591.312476695073
  0
LWPOLYLINE
  5
23D
330
17
100
AcDbEntity
  8
SARR_3.5x7
 62
81
370
25
100
AcDbPolyline
 90
4
 70
1
 10
5185.601960283134
 20
5667.790690100878
 10
5268.401960283334
 20
5667.790690100876
 10
5268.401960283334
 20
5637.732628496877
 10
5185.601960283134
 20
5637.73262849688
  0
LWPOLYLINE
  5
23E
330
17
100
AcDbEntity
  8
Madeira
 62
126
370
18
100
AcDbPolyline
 90
4
 70
1
 10
5199.601960283207
 20
5702.790690100868
 10
5204.001960283202
 20
5702.790690100868
 10
5204.001960283202
 20
5716.790690100868
 10
5199.601960283207
 20
5716.790690100868
  0
LWPOLYLINE
  5
23F
330
17
100
AcDbEntity
  8
Madeira
 62
126
370
18
100
AcDbPolyline
 90
4
 70
1
 10
5254.401960283196
 20
5704.790690100868
 10
5250.001960283202
 20
5704.790690100868
 10
5250.001960283202
 20
5718.790690100867
 10
5254.401960283196
 20
5718.790690100867
  0
LWPOLYLINE
  5
240
330
17
100
AcDbEntity
  8
Madeira
 62
126
370
18
100
AcDbPolyline
 90
4
 70
1
 10
5199.601960283207
 20
5747.443979208677
 10
5204.001960283202
 20
5747.443979208677
 10
5204.001960283202
 20
5761.443979208677
 10
5199.601960283207
 20
5761.443979208677
  0
LWPOLYLINE
  5
241
330
17
100
AcDbEntity
  8
Madeira
 62
126
370
18
100
AcDbPolyline
 90
4
 70
1
 10
5254.401960283196
 20
5749.443979208678
 10
5250.001960283202
 20
5749.443979208678
 10
5250.001960283202
 20
5763.443979208677
 10
5254.401960283196
 20
5763.443979208677
  0
LWPOLYLINE
  5
242
330
17
100
AcDbEntity
  8
Painéis
 62
200
370
25
100
AcDbPolyline
 90
4
 70
1
 10
5945.356885858522
 20
5764.431114079548
 10
5949.356885858522
 20
5764.431114079548
 10
5949.356885858522
 20
5680.43111407957
 10
5945.356885858522
 20
5680.43111407957
  0
LWPOLYLINE
  5
243
330
17
100
AcDbEntity
  8
Madeira
 62
126
370
18
100
AcDbPolyline
 90
4
 70
1
 10
5945.356885858522
 20
5760.031114079547
 10
5945.356885858522
 20
5764.431114079548
 10
5931.356885858522
 20
5764.431114079548
 10
5931.356885858522
 20
5760.031114079547
  0
LWPOLYLINE
  5
244
330
17
100
AcDbEntity
  8
Madeira
 62
126
370
18
100
AcDbPolyline
 90
4
 70
1
 10
5911.356885858523
 20
5680.43111407957
 10
5911.356885858523
 20
5684.831114079564
 10
5931.356885858522
 20
5684.831114079564
 10
5931.356885858522
 20
5680.43111407957
  0
LWPOLYLINE
  5
245
330
17
100
AcDbEntity
  8
Madeira
 62
126
370
18
100
AcDbPolyline
 90
4
 70
1
 10
5945.356885858522
 20
5764.431114079548
 10
5931.356885858522
 20
5764.431114079548
 10
5931.356885858522
 20
5680.43111407957
 10
5945.356885858522
 20
5680.43111407957
  0
LWPOLYLINE
  5
246
330
17
100
AcDbEntity
  8
Madeira
 62
126
370
18
100
AcDbPolyline
 90
4
 70
1
 10
5987.356885858522
 20
5680.43111407957
 10
5987.356885858522
 20
5684.831114079564
 10
5973.356885858522
 20
5684.831114079564
 10
5973.356885858522
 20
5680.43111407957
  0
LWPOLYLINE
  5
247
330
17
100
AcDbEntity
  8
Painéis
 62
200
370
25
100
AcDbPolyline
 90
4
 70
1
 10
5987.356885858522
 20
5684.831114079564
 10
5987.356885858522
 20
5688.43111407957
 10
5949.356885858522
 20
5688.43111407957
 10
5949.356885858522
 20
5684.831114079564
  0
LWPOLYLINE
  5
248
330
17
100
AcDbEntity
  8
Madeira
 62
126
370
18
100
AcDbPolyline
 90
4
 70
1
 10
5949.356885858522
 20
5680.43111407957
 10
5949.356885858522
 20
5684.831114079564
 10
5963.356885858522
 20
5684.831114079564
 10
5963.356885858522
 20
5680.43111407957
  0
LWPOLYLINE
  5
249
330
17
100
AcDbEntity
  8
Painéis
 62
200
370
25
100
AcDbPolyline
 90
4
 70
1
 10
5991.356885858522
 20
5764.431114079548
 10
5987.356885858522
 20
5764.431114079548
 10
5987.356885858522
 20
5680.43111407957
 10
5991.356885858522
 20
5680.43111407957
  0
LWPOLYLINE
  5
24A
330
17
100
AcDbEntity
  8
Painéis
 62
200
370
25
100
AcDbPolyline
 90
4
 70
1
 10
6047.356885858493
 20
5764.431114079548
 10
6047.356885858493
 20
5768.431114079548
 10
5987.356885858522
 20
5768.431114079548
 10
5987.356885858522
 20
5764.431114079548
  0
LWPOLYLINE
  5
24B
330
17
100
AcDbEntity
  8
Madeira
 62
126
370
18
100
AcDbPolyline
 90
4
 70
1
 10
5991.356885858522
 20
5760.031114079547
 10
5991.356885858522
 20
5764.431114079548
 10
6005.356885858522
 20
5764.431114079548
 10
6005.356885858522
 20
5760.031114079547
  0
LWPOLYLINE
  5
24C
330
17
100
AcDbEntity
  8
Madeira
 62
126
370
18
100
AcDbPolyline
 90
4
 70
1
 10
6025.356885858522
 20
5680.43111407957
 10
6025.356885858522
 20
5684.831114079564
 10
6005.356885858522
 20
5684.831114079564
 10
6005.356885858522
 20
5680.43111407957
  0
LWPOLYLINE
  5
24D
330
17
100
AcDbEntity
  8
Madeira
 62
126
370
18
100
AcDbPolyline
 90
4
 70
1
 10
5991.356885858522
 20
5764.431114079548
 10
6005.356885858522
 20
5764.431114079548
 10
6005.356885858522
 20
5680.43111407957
 10
5991.356885858522
 20
5680.43111407957
  0
LWPOLYLINE
  5
24E
330
17
100
AcDbEntity
  8
Painéis
 62
200
370
25
100
AcDbPolyline
 90
4
 70
1
 10
5949.356885858522
 20
5764.431114079548
 10
5949.356885858522
 20
5768.431114079548
 10
5893.756885858546
 20
5768.431114079541
 10
5893.756885858546
 20
5764.431114079541
  0
LWPOLYLINE
  5
24F
330
17
100
AcDbEntity
  8
CONCRETO
 62
251
370
25
100
AcDbPolyline
 90
8
 70
1
 10
5893.756885858546
 20
5768.431114079541
 10
5893.756885858546
 20
5798.431114079569
 10
6047.356885858493
 20
5798.431114079569
 10
6047.356885858493
 20
5768.431114079556
 10
5987.356885858522
 20
5768.431114079556
 10
5987.356885858464
 20
5688.43111407957
 10
5949.356885858522
 20
5688.43111407957
 10
5949.356885858522
 20
5768.431114079548
  0
LWPOLYLINE
  5
250
330
17
100
AcDbEntity
  8
barrote
 62
251
370
25
100
AcDbPolyline
 90
4
 70
1
 10
5877.901688186629
 20
5660.431114079614
 10
6073.084628696323
 20
5660.431114079614
 10
6073.084628696323
 20
5680.43111407957
 10
5877.901688186629
 20
5680.43111407957
  0
LWPOLYLINE
  5
251
330
17
100
AcDbEntity
  8
SCO-___-LAJ
 62
1
370
0
100
AcDbPolyline
 90
4
 70
1
 10
5886.903955602089
 20
5679.097700746243
 10
6054.20981611495
 20
5679.097700746236
 10
6054.20981611495
 20
5675.898020746259
 10
5886.903955602089
 20
5675.898020746267
  0
LWPOLYLINE
  5
252
330
17
100
AcDbEntity
  8
SARR_2.2x7
 62
40
370
25
100
AcDbPolyline
 90
4
 70
1
 10
6226.277721671433
 20
5776.363863258647
 10
6240.25708462902
 20
5776.363863258647
 10
6240.25708462902
 20
5658.363863258657
 10
6226.277721671433
 20
5658.363863258657
  0
LWPOLYLINE
  5
253
330
17
100
AcDbEntity
  8
SARR_2.2x7
 62
40
370
25
100
AcDbPolyline
 90
4
 70
1
 10
6216.297591247137
 20
5776.363863258647
 10
6202.31822828955
 20
5776.363863258647
 10
6202.31822828955
 20
5658.363863258657
 10
6216.297591247137
 20
5658.363863258657
  0
LWPOLYLINE
  5
254
330
17
100
AcDbEntity
  8
Cotas
 62
1
370
25
100
AcDbPolyline
 90
4
 70
1
 10
6158.874528101675
 20
5809.763088273113
 10
6291.240588531437
 20
5809.763088273113
 10
6291.240588531437
 20
5598.19523477604
 10
6158.874528101675
 20
5598.19523477604
  0
LWPOLYLINE
  5
255
330
17
100
AcDbEntity
  8
COTA
 62
0
370
25
100
AcDbPolyline
 90
2
 70
0
 10
5325.373693041252
 20
5833.290690100873
 10
5320.373693041252
 20
5838.290690100873
  0
LWPOLYLINE
  5
256
330
17
100
AcDbEntity
  8
COTA
 62
0
370
25
100
AcDbPolyline
 90
2
 70
0
 10
5320.373693041252
 20
5808.290690100859
 10
5325.373693041252
 20
5803.290690100859
  0
LWPOLYLINE
  5
257
330
17
100
AcDbEntity
  8
COTA
 62
0
370
25
100
AcDbPolyline
 90
2
 70
0
 10
5097.525237194167
 20
5670.29069010088
 10
5102.525237194167
 20
5665.29069010088
  0
LWPOLYLINE
  5
258
330
17
100
AcDbEntity
  8
COTA
 62
0
370
25
100
AcDbPolyline
 90
2
 70
0
 10
5102.525237194167
 20
5833.290690100873
 10
5097.525237194167
 20
5838.290690100873
  0
LWPOLYLINE
  5
259
330
17
100
AcDbEntity
  8
COTA
 62
0
370
25
100
AcDbPolyline
 90
2
 70
0
 10
5320.373693041678
 20
5670.290690100878
 10
5325.373693041678
 20
5665.290690100878
  0
LWPOLYLINE
  5
25A
330
17
100
AcDbEntity
  8
COTA
 62
0
370
25
100
AcDbPolyline
 90
2
 70
0
 10
5325.373693041678
 20
5799.290690100858
 10
5320.373693041678
 20
5804.290690100858
  0
LWPOLYLINE
  5
25B
330
17
100
AcDbEntity
  8
COTA
 62
0
370
25
100
AcDbPolyline
 90
2
 70
0
 10
5121.84466567963
 20
5833.290690100873
 10
5116.84466567963
 20
5838.290690100873
  0
LWPOLYLINE
  5
25C
330
17
100
AcDbEntity
  8
COTA
 62
0
370
25
100
AcDbPolyline
 90
2
 70
0
 10
5116.84466567963
 20
5808.290690100851
 10
5121.84466567963
 20
5803.290690100851
  0
LWPOLYLINE
  5
25D
330
17
100
AcDbEntity
  8
COTA
 62
0
370
25
100
AcDbPolyline
 90
2
 70
0
 10
5121.844665679967
 20
5799.290690100851
 10
5116.844665679967
 20
5804.290690100851
  0
LWPOLYLINE
  5
25E
330
17
100
AcDbEntity
  8
COTA
 62
0
370
25
100
AcDbPolyline
 90
2
 70
0
 10
5116.844665679967
 20
5670.29069010088
 10
5121.844665679967
 20
5665.29069010088
  0
LWPOLYLINE
  5
25F
330
17
100
AcDbEntity
  8
COTA
 62
0
370
25
100
AcDbPolyline
 90
2
 70
0
 10
5210.501960283201
 20
5625.563876298688
 10
5205.501960283201
 20
5620.563876298688
  0
LWPOLYLINE
  5
260
330
17
100
AcDbEntity
  8
COTA
 62
0
370
25
100
AcDbPolyline
 90
2
 70
0
 10
5243.501960283201
 20
5620.563876298688
 10
5248.501960283201
 20
5625.563876298688
  0
LWPOLYLINE
  5
261
330
17
100
AcDbEntity
  8
COTA
 62
0
370
25
100
AcDbPolyline
 90
2
 70
0
 10
6066.728618616425
 20
5795.931114079565
 10
6061.728618616425
 20
5800.931114079565
  0
LWPOLYLINE
  5
262
330
17
100
AcDbEntity
  8
COTA
 62
0
370
25
100
AcDbPolyline
 90
2
 70
0
 10
6061.728618616425
 20
5770.93111407955
 10
6066.728618616425
 20
5765.93111407955
  0
LWPOLYLINE
  5
263
330
17
100
AcDbEntity
  8
COTA
 62
0
370
25
100
AcDbPolyline
 90
2
 70
0
 10
5833.380162769297
 20
5682.931114079572
 10
5838.380162769297
 20
5677.931114079572
  0
LWPOLYLINE
  5
264
330
17
100
AcDbEntity
  8
COTA
 62
0
370
25
100
AcDbPolyline
 90
2
 70
0
 10
5838.380162769297
 20
5795.931114079565
 10
5833.380162769297
 20
5800.931114079565
  0
LWPOLYLINE
  5
265
330
17
100
AcDbEntity
  8
COTA
 62
0
370
25
100
AcDbPolyline
 90
2
 70
0
 10
6061.728618616843
 20
5682.931114079572
 10
6066.728618616843
 20
5677.931114079572
  0
LWPOLYLINE
  5
266
330
17
100
AcDbEntity
  8
COTA
 62
0
370
25
100
AcDbPolyline
 90
2
 70
0
 10
6066.728618616843
 20
5761.93111407955
 10
6061.728618616843
 20
5766.93111407955
  0
LWPOLYLINE
  5
267
330
17
100
AcDbEntity
  8
COTA
 62
0
370
25
100
AcDbPolyline
 90
2
 70
0
 10
5863.19959125479
 20
5795.931114079565
 10
5858.19959125479
 20
5800.931114079565
  0
LWPOLYLINE
  5
268
330
17
100
AcDbEntity
  8
COTA
 62
0
370
25
100
AcDbPolyline
 90
2
 70
0
 10
5858.19959125479
 20
5770.931114079543
 10
5863.19959125479
 20
5765.931114079543
  0
LWPOLYLINE
  5
269
330
17
100
AcDbEntity
  8
COTA
 62
0
370
25
100
AcDbPolyline
 90
2
 70
0
 10
5863.199591255121
 20
5761.931114079542
 10
5858.199591255121
 20
5766.931114079542
  0
LWPOLYLINE
  5
26A
330
17
100
AcDbEntity
  8
COTA
 62
0
370
25
100
AcDbPolyline
 90
2
 70
0
 10
5858.199591255121
 20
5682.931114079572
 10
5863.199591255121
 20
5677.931114079572
  0
LWPOLYLINE
  5
26B
330
17
100
AcDbEntity
  8
COTA
 62
0
370
25
100
AcDbPolyline
 90
2
 70
0
 10
5951.856885858522
 20
5638.20430027738
 10
5946.856885858522
 20
5633.20430027738
  0
LWPOLYLINE
  5
26C
330
17
100
AcDbEntity
  8
COTA
 62
0
370
25
100
AcDbPolyline
 90
2
 70
0
 10
5984.856885858522
 20
5633.20430027738
 10
5989.856885858522
 20
5638.20430027738
  0
LWPOLYLINE
  5
26D
330
17
100
AcDbEntity
  8
COTA
 62
0
370
25
100
AcDbPolyline
 90
2
 70
0
 10
5879.998978411074
 20
5727.901171607863
 10
5874.998978411074
 20
5732.901171607863
  0
LWPOLYLINE
  5
26E
330
17
100
AcDbEntity
  8
COTA
 62
0
370
25
100
AcDbPolyline
 90
2
 70
0
 10
5874.998978411074
 20
5682.931114079601
 10
5879.998978411074
 20
5677.931114079601
  0
LWPOLYLINE
  5
26F
330
17
100
AcDbEntity
  8
COTA
 62
0
370
25
100
AcDbPolyline
 90
2
 70
0
 10
6204.31822828955
 20
5625.167529879823
 10
6200.31822828955
 20
5621.167529879823
  0
LWPOLYLINE
  5
270
330
17
100
AcDbEntity
  8
COTA
 62
0
370
25
100
AcDbPolyline
 90
2
 70
0
 10
6238.25708462902
 20
5621.167529879823
 10
6242.25708462902
 20
5625.167529879823
  0
LWPOLYLINE
  5
271
330
17
100
AcDbEntity
  8
COTA
 62
0
370
25
100
AcDbPolyline
 90
2
 70
0
 10
6256.255159864031
 20
5660.363863258658
 10
6260.255159864031
 20
5656.363863258658
  0
LWPOLYLINE
  5
272
330
17
100
AcDbEntity
  8
COTA
 62
0
370
25
100
AcDbPolyline
 90
2
 70
0
 10
6260.255159864031
 20
5774.363863258649
 10
6256.255159864031
 20
5778.363863258649
  0
TEXT
  5
273
330
17
100
AcDbEntity
  8
detalhes
 62
4
370
25
100
AcDbText
 10
5254.71644345924
 20
5685.980361630161
 30
0.0
 40
9.600000000000001
  1
b
100
AcDbText
  0
TEXT
  5
274
330
17
100
AcDbEntity
  8
detalhes
 62
4
370
25
100
AcDbText
 10
5192.172784813504
 20
5685.991419075737
 30
0.0
 40
9.600000000000001
  1
a
100
AcDbText
  0
TEXT
  5
275
330
17
100
AcDbEntity
  8
detalhes
 62
4
370
25
100
AcDbText
 10
5218.602225898647
 20
5678.026443620717
 30
0.0
 40
9.600000000000001
  1
c
100
AcDbText
  0
TEXT
  5
276
330
17
100
AcDbEntity
  8
Texto Seção
 62
7
370
15
100
AcDbText
 10
5069.56790044917
 20
5565.865841188987
 30
0.0
 40
13.0
  1
V518.A
100
AcDbText
  0
TEXT
  5
277
330
17
100
AcDbEntity
  8
5
 62
5
370
25
100
AcDbText
 10
5063.424085600511
 20
5396.224936307836
 30
0.0
 40
12.0
  1
P22
 50
3.55024762388e-05
100
AcDbText
  0
TEXT
  5
278
330
17
100
AcDbEntity
  8
5
 62
5
370
25
100
AcDbText
 10
5492.984089789125
 20
5390.318414557938
 30
0.0
 40
12.0
  1
P31
 50
3.55024762388e-05
100
AcDbText
  0
TEXT
  5
279
330
17
100
AcDbEntity
  8
Texto Seção
 62
7
370
15
100
AcDbText
 10
5064.72043550321
 20
5351.275866125742
 30
0.0
 40
13.0
  1
V518.B
100
AcDbText
  0
TEXT
  5
27A
330
17
100
AcDbEntity
  8
detalhes
 62
4
370
25
100
AcDbText
 10
5996.071369034559
 20
5698.620785608852
 30
0.0
 40
9.600000000000001
  1
b
100
AcDbText
  0
TEXT
  5
27B
330
17
100
AcDbEntity
  8
detalhes
 62
4
370
25
100
AcDbText
 10
5933.527710388823
 20
5698.631843054428
 30
0.0
 40
9.600000000000001
  1
a
100
AcDbText
  0
TEXT
  5
27C
330
17
100
AcDbEntity
  8
detalhes
 62
4
370
25
100
AcDbText
 10
5959.957151473967
 20
5690.666867599409
 30
0.0
 40
9.600000000000001
  1
c
100
AcDbText
  0
TEXT
  5
27D
330
17
100
AcDbEntity
  8
5
 62
5
370
25
100
AcDbText
 10
5825.711511417457
 20
5425.427381349248
 30
0.0
 40
12.0
  1
P45
 50
359.9999644975238
100
AcDbText
  0
TEXT
  5
27E
330
17
100
AcDbEntity
  8
5
 62
5
370
25
100
AcDbText
 10
6128.14053242055
 20
5429.467697787082
 30
0.0
 40
12.0
  1
P14
 50
3.55024762388e-05
100
AcDbText
  0
TEXT
  5
27F
330
17
100
AcDbEntity
  8
Texto Seção
 62
7
370
15
100
AcDbText
 10
5764.021549797345
 20
5562.162347606672
 30
0.0
 40
13.0
  1
V519.A
100
AcDbText
  0
TEXT
  5
280
330
17
100
AcDbEntity
  8
5
 62
5
370
25
100
AcDbText
 10
6087.633352723297
 20
5208.198728063783
 30
0.0
 40
12.0
  1
P45
 50
3.55024762388e-05
100
AcDbText
  0
TEXT
  5
281
330
17
100
AcDbEntity
  8
5
 62
5
370
25
100
AcDbText
 10
5785.327114803425
 20
5212.239082049982
 30
0.0
 40
12.0
  1
P14
 50
359.9999644975238
100
AcDbText
  0
TEXT
  5
282
330
17
100
AcDbEntity
  8
Texto Seção
 62
7
370
15
100
AcDbText
 10
5791.465622293594
 20
5347.16353064052
 30
0.0
 40
13.0
  1
V519.B
100
AcDbText
  0
TEXT
  5
283
330
17
100
AcDbEntity
  8
TEXTO PILAR
 62
3
370
15
100
AcDbText
 10
6224.041295953044
 20
5797.019561214856
 30
0.0
 40
12.0
  1
FECHAMENTO
100
AcDbText
  0
TEXT
  5
284
330
17
100
AcDbEntity
  8
COTA
 62
1
370
25
100
AcDbText
 10
5331.373693041252
 20
5820.790690100864
 30
0.0
 40
7.0
  1
15
 50
90.0
100
AcDbText
  0
TEXT
  5
285
330
17
100
AcDbEntity
  8
COTA
 62
1
370
25
100
AcDbText
 10
5108.525237194168
 20
5751.790690100875
 30
0.0
 40
7.0
  1
84
 50
90.0
100
AcDbText
  0
TEXT
  5
286
330
17
100
AcDbEntity
  8
COTA
 62
1
370
25
100
AcDbText
 10
5331.373693041678
 20
5734.790690100866
 30
0.0
 40
7.0
  1
67
 50
90.0
100
AcDbText
  0
TEXT
  5
287
330
17
100
AcDbEntity
  8
Cota Seção (2x)
 62
1
370
25
100
AcDbText
 10
5248.00196028486
 20
5793.790690100841
 30
0.0
 40
7.0
  1
80
 50
90.0
100
AcDbText
  0
TEXT
  5
288
330
17
100
AcDbEntity
  8
COTA
 62
1
370
25
100
AcDbText
 10
5127.844665679629
 20
5820.79069010086
 30
0.0
 40
7.0
  1
15
 50
90.0
100
AcDbText
  0
TEXT
  5
289
330
17
100
AcDbEntity
  8
COTA
 62
1
370
25
100
AcDbText
 10
5127.844665679968
 20
5734.790690100863
 30
0.0
 40
7.0
  1
67
 50
90.0
100
AcDbText
  0
TEXT
  5
28A
330
17
100
AcDbEntity
  8
COTA
 62
1
370
25
100
AcDbText
 10
5227.001960283201
 20
5628.563876298688
 30
0.0
 40
7.0
  1
19
100
AcDbText
  0
TEXT
  5
28B
330
17
100
AcDbEntity
  8
Cota Seção (2x)
 62
1
370
25
100
AcDbText
 10
5227.001960283172
 20
5695.290690100878
 30
0.0
 40
7.0
  1
19
100
AcDbText
  0
TEXT
  5
28C
330
17
100
AcDbEntity
  8
COTA
 62
240
370
25
100
AcDbText
 10
5185.528171924527
 20
5454.802973920887
 30
0.0
 40
10.0
  1
244
100
AcDbText
  0
TEXT
  5
28D
330
17
100
AcDbEntity
  8
COTA
 62
240
370
25
100
AcDbText
 10
5414.028171924527
 20
5454.949172751308
 30
0.0
 40
10.0
  1
213
100
AcDbText
  0
TEXT
  5
28E
330
17
100
AcDbEntity
  8
COTA
 62
240
370
25
100
AcDbText
 10
5292.028171924527
 20
5426.301012939767
 30
0.0
 40
10.0
  1
457
100
AcDbText
  0
TEXT
  5
28F
330
17
100
AcDbEntity
  8
COTA
 62
240
370
25
100
AcDbText
 10
5555.832504672161
 20
5548.769800483836
 30
0.0
 40
10.0
  1
17
 50
90.0
100
AcDbText
  0
TEXT
  5
290
330
17
100
AcDbEntity
  8
COTA
 62
240
370
25
100
AcDbText
 10
5555.803264906078
 20
5506.769800483837
 30
0.0
 40
10.0
  1
67
 50
90.0
100
AcDbText
  0
TEXT
  5
291
330
17
100
AcDbEntity
  8
COTA
 62
240
370
25
100
AcDbText
 10
5580.983615369941
 20
5513.269800483836
 30
0.0
 40
10.0
  1
84
 50
90.0
100
AcDbText
  0
TEXT
  5
292
330
17
100
AcDbEntity
  8
COTA
 62
240
370
25
100
AcDbText
 10
5499.528171924534
 20
5573.094024859613
 30
0.0
 40
10.0
  1
42
100
AcDbText
  0
TEXT
  5
293
330
17
100
AcDbEntity
  8
COTA
 62
240
370
25
100
AcDbText
 10
5467.095703370015
 20
5516.769800483849
 30
0.0
 40
10.0
  1
47
 50
90.0
100
AcDbText
  0
TEXT
  5
294
330
17
100
AcDbEntity
  8
COTA
 62
240
370
25
100
AcDbText
 10
5403.996198748956
 20
5219.497638828848
 30
0.0
 40
10.0
  1
227
100
AcDbText
  0
TEXT
  5
295
330
17
100
AcDbEntity
  8
COTA
 62
240
370
25
100
AcDbText
 10
5175.496198748955
 20
5219.643837659269
 30
0.0
 40
10.0
  1
230
100
AcDbText
  0
TEXT
  5
296
330
17
100
AcDbEntity
  8
COTA
 62
240
370
25
100
AcDbText
 10
5060.099598794332
 20
5333.022944923963
 30
0.0
 40
10.0
  1
14
 50
90.0
100
AcDbText
  0
TEXT
  5
297
330
17
100
AcDbEntity
  8
COTA
 62
240
370
25
100
AcDbText
 10
5060.070359028248
 20
5272.964465391798
 30
0.0
 40
10.0
  1
70
 50
90.0
100
AcDbText
  0
TEXT
  5
298
330
17
100
AcDbEntity
  8
COTA
 62
240
370
25
100
AcDbText
 10
5034.90462844735
 20
5277.964465391797
 30
0.0
 40
10.0
  1
84
 50
90.0
100
AcDbText
  0
TEXT
  5
299
330
17
100
AcDbEntity
  8
COTA
 62
240
370
25
100
AcDbText
 10
5081.496198748948
 20
5337.788689767575
 30
0.0
 40
10.0
  1
42
100
AcDbText
  0
TEXT
  5
29A
330
17
100
AcDbEntity
  8
COTA
 62
240
370
25
100
AcDbText
 10
5137.745918765534
 20
5282.964465391811
 30
0.0
 40
10.0
  1
50
 50
90.0
100
AcDbText
  0
TEXT
  5
29B
330
17
100
AcDbEntity
  8
COTA
 62
240
370
25
100
AcDbText
 10
5552.800531496601
 20
5333.022944923963
 30
0.0
 40
10.0
  1
14
 50
90.0
100
AcDbText
  0
TEXT
  5
29C
330
17
100
AcDbEntity
  8
COTA
 62
240
370
25
100
AcDbText
 10
5552.771291730518
 20
5272.964465391798
 30
0.0
 40
10.0
  1
70
 50
90.0
100
AcDbText
  0
TEXT
  5
29D
330
17
100
AcDbEntity
  8
COTA
 62
240
370
25
100
AcDbText
 10
5577.951642194377
 20
5277.964465391797
 30
0.0
 40
10.0
  1
84
 50
90.0
100
AcDbText
  0
TEXT
  5
29E
330
17
100
AcDbEntity
  8
COTA
 62
240
370
25
100
AcDbText
 10
5102.528171924527
 20
5499.864829723967
 30
0.0
 40
10.0
  1
78
100
AcDbText
  0
TEXT
  5
29F
330
17
100
AcDbEntity
  8
COTA
 62
240
370
25
100
AcDbText
 10
5478.496198748956
 20
5269.059494631679
 30
0.0
 40
10.0
  1
78
100
AcDbText
  0
TEXT
  5
2A0
330
17
100
AcDbEntity
  8
COTA
 62
240
370
25
100
AcDbText
 10
5303.996198748955
 20
5342.797106956279
 30
0.0
 40
10.0
  1
27
100
AcDbText
  0
TEXT
  5
2A1
330
17
100
AcDbEntity
  8
COTA
 62
240
370
25
100
AcDbText
 10
5361.578670275091
 20
5287.964465391805
 30
0.0
 40
10.0
  1
40
 50
90.0
100
AcDbText
  0
TEXT
  5
2A2
330
17
100
AcDbEntity
  8
COTA
 62
1
370
25
100
AcDbText
 10
6072.728618616425
 20
5783.431114079555
 30
0.0
 40
7.0
  1
15
 50
90.0
100
AcDbText
  0
TEXT
  5
2A3
330
17
100
AcDbEntity
  8
COTA
 62
1
370
25
100
AcDbText
 10
5844.380162769298
 20
5732.431114079567
 30
0.0
 40
7.0
  1
59
 50
90.0
100
AcDbText
  0
TEXT
  5
2A4
330
17
100
AcDbEntity
  8
COTA
 62
1
370
25
100
AcDbText
 10
6072.728618616843
 20
5722.431114079559
 30
0.0
 40
7.0
  1
42
 50
90.0
100
AcDbText
  0
TEXT
  5
2A5
330
17
100
AcDbEntity
  8
Cota Seção (2x)
 62
1
370
25
100
AcDbText
 10
5989.356885860181
 20
5756.431114079533
 30
0.0
 40
7.0
  1
55
 50
90.0
100
AcDbText
  0
TEXT
  5
2A6
330
17
100
AcDbEntity
  8
COTA
 62
1
370
25
100
AcDbText
 10
5869.19959125479
 20
5783.431114079552
 30
0.0
 40
7.0
  1
15
 50
90.0
100
AcDbText
  0
TEXT
  5
2A7
330
17
100
AcDbEntity
  8
COTA
 62
1
370
25
100
AcDbText
 10
5869.199591255122
 20
5722.431114079555
 30
0.0
 40
7.0
  1
42
 50
90.0
100
AcDbText
  0
TEXT
  5
2A8
330
17
100
AcDbEntity
  8
COTA
 62
1
370
25
100
AcDbText
 10
5968.356885858522
 20
5641.204300277379
 30
0.0
 40
7.0
  1
19
100
AcDbText
  0
TEXT
  5
2A9
330
17
100
AcDbEntity
  8
COTA
 62
1
370
25
100
AcDbText
 10
5885.998978411074
 20
5705.416142843731
 30
0.0
 40
7.0
  1
25
 50
90.0
100
AcDbText
  0
TEXT
  5
2AA
330
17
100
AcDbEntity
  8
Cota Seção (2x)
 62
1
370
25
100
AcDbText
 10
5968.356885858494
 20
5707.93111407957
 30
0.0
 40
7.0
  1
19
100
AcDbText
  0
TEXT
  5
2AB
330
17
100
AcDbEntity
  8
COTA
 62
240
370
25
100
AcDbText
 10
6064.87920287686
 20
5482.767633421186
 30
0.0
 40
10.0
  1
185
100
AcDbText
  0
TEXT
  5
2AC
330
17
100
AcDbEntity
  8
COTA
 62
240
370
25
100
AcDbText
 10
5911.379202876861
 20
5482.694534005992
 30
0.0
 40
10.0
  1
122
100
AcDbText
  0
TEXT
  5
2AD
330
17
100
AcDbEntity
  8
COTA
 62
240
370
25
100
AcDbText
 10
6003.87920287686
 20
5455.888369389257
 30
0.0
 40
10.0
  1
307
100
AcDbText
  0
TEXT
  5
2AE
330
17
100
AcDbEntity
  8
COTA
 62
240
370
25
100
AcDbText
 10
6191.735045582227
 20
5519.434733213813
 30
0.0
 40
10.0
  1
42
 50
90.0
100
AcDbText
  0
TEXT
  5
2AF
330
17
100
AcDbEntity
  8
COTA
 62
240
370
25
100
AcDbText
 10
6191.735045582224
 20
5548.934733213813
 30
0.0
 40
10.0
  1
17
 50
90.0
100
AcDbText
  0
TEXT
  5
2B0
330
17
100
AcDbEntity
  8
COTA
 62
240
370
25
100
AcDbText
 10
6213.284761782172
 20
5527.934733213813
 30
0.0
 40
10.0
  1
59
 50
90.0
100
AcDbText
  0
TEXT
  5
2B1
330
17
100
AcDbEntity
  8
COTA
 62
240
370
25
100
AcDbText
 10
5871.379202876862
 20
5522.881906633937
 30
0.0
 40
10.0
  1
42
100
AcDbText
  0
TEXT
  5
2B2
330
17
100
AcDbEntity
  8
COTA
 62
240
370
25
100
AcDbText
 10
6112.379202876862
 20
5523.428523111396
 30
0.0
 40
10.0
  1
90
100
AcDbText
  0
TEXT
  5
2B3
330
17
100
AcDbEntity
  8
COTA
 62
240
370
25
100
AcDbText
 10
5878.825824974667
 20
5265.538998947944
 30
0.0
 40
10.0
  1
185
100
AcDbText
  0
TEXT
  5
2B4
330
17
100
AcDbEntity
  8
COTA
 62
240
370
25
100
AcDbText
 10
6032.325824974667
 20
5265.46589953275
 30
0.0
 40
10.0
  1
122
100
AcDbText
  0
TEXT
  5
2B5
330
17
100
AcDbEntity
  8
COTA
 62
240
370
25
100
AcDbText
 10
5939.825824974667
 20
5238.659734916016
 30
0.0
 40
10.0
  1
307
100
AcDbText
  0
TEXT
  5
2B6
330
17
100
AcDbEntity
  8
COTA
 62
240
370
25
100
AcDbText
 10
5775.823783438957
 20
5302.206098740573
 30
0.0
 40
10.0
  1
42
 50
90.0
100
AcDbText
  0
TEXT
  5
2B7
330
17
100
AcDbEntity
  8
COTA
 62
240
370
25
100
AcDbText
 10
5775.823783438962
 20
5331.706098740572
 30
0.0
 40
10.0
  1
17
 50
90.0
100
AcDbText
  0
TEXT
  5
2B8
330
17
100
AcDbEntity
  8
COTA
 62
240
370
25
100
AcDbText
 10
5754.142488291645
 20
5310.706098740572
 30
0.0
 40
10.0
  1
59
 50
90.0
100
AcDbText
  0
TEXT
  5
2B9
330
17
100
AcDbEntity
  8
COTA
 62
240
370
25
100
AcDbText
 10
6072.325824974665
 20
5305.653272160696
 30
0.0
 40
10.0
  1
42
100
AcDbText
  0
TEXT
  5
2BA
330
17
100
AcDbEntity
  8
COTA
 62
240
370
25
100
AcDbText
 10
5831.325824974666
 20
5306.199888638154
 30
0.0
 40
10.0
  1
90
100
AcDbText
  0
TEXT
  5
2BB
330
17
100
AcDbEntity
  8
COTA
 62
240
370
25
100
AcDbText
 10
5752.547729575355
 20
5520.934733213799
 30
0.0
 40
10.0
  1
45
 50
90.0
100
AcDbText
  0
TEXT
  5
2BC
330
17
100
AcDbEntity
  8
COTA
 62
240
370
25
100
AcDbText
 10
5799.653880754084
 20
5455.77141032493
 30
0.0
 40
10.0
  1
66
100
AcDbText
  0
TEXT
  5
2BD
330
17
100
AcDbEntity
  8
COTA
 62
240
370
25
100
AcDbText
 10
5757.788383678068
 20
5481.469941213085
 30
0.0
 40
10.0
  1
7
100
AcDbText
  0
TEXT
  5
2BE
330
17
100
AcDbEntity
  8
COTA
 62
240
370
25
100
AcDbText
 10
6212.466360175508
 20
5303.706098740557
 30
0.0
 40
10.0
  1
45
 50
90.0
100
AcDbText
  0
TEXT
  5
2BF
330
17
100
AcDbEntity
  8
COTA
 62
240
370
25
100
AcDbText
 10
6141.598208389752
 20
5238.542775851688
 30
0.0
 40
10.0
  1
66
100
AcDbText
  0
TEXT
  5
2C0
330
17
100
AcDbEntity
  8
COTA
 62
240
370
25
100
AcDbText
 10
6183.445004318335
 20
5263.101033039612
 30
0.0
 40
10.0
  1
7
100
AcDbText
  0
TEXT
  5
2C1
330
17
100
AcDbEntity
  8
COTA
 62
240
370
25
100
AcDbText
 10
6221.287656459285
 20
5630.667529879822
 30
0.0
 40
9.0
  1
19
100
AcDbText
  0
TEXT
  5
2C2
330
17
100
AcDbEntity
  8
COTA
 62
240
370
25
100
AcDbText
 10
6268.755159864031
 20
5717.36386325865
 30
0.0
 40
9.0
  1
59
 50
90.0
100
AcDbText
  0
TEXT
  5
2C3
330
17
100
AcDbEntity
  8
COTA
 62
240
370
25
100
AcDbText
 10
5752.584279282958
 20
5568.493212746033
 30
0.0
 40
10.0
  1
14
 50
90.0
100
AcDbText
  0
TEXT
  5
2C4
330
17
100
AcDbEntity
  8
COTA
 62
240
370
25
100
AcDbText
 10
5727.611960819983
 20
5527.934733213847
 30
0.0
 40
10.0
  1
59
 50
90.0
100
AcDbText
  0
TEXT
  5
2C5
330
17
100
AcDbEntity
  8
COTA
 62
240
370
25
100
AcDbText
 10
6212.502909883111
 20
5351.264578272746
 30
0.0
 40
10.0
  1
14
 50
90.0
100
AcDbText
  0
TEXT
  5
2C6
330
17
100
AcDbEntity
  8
COTA
 62
240
370
25
100
AcDbText
 10
6237.127735196362
 20
5310.70609874057
 30
0.0
 40
10.0
  1
59
 50
90.0
100
AcDbText
  0
TEXT
  5
2C7
330
17
100
AcDbEntity
  8
Texto Seção
 62
3
370
15
100
AcDbText
 10
5229.201960283199
 20
5869.8798784525525
 30
0.0
 40
17.0
  1

100
AcDbText
  0
TEXT
  5
2C8
330
17
100
AcDbEntity
  8
Texto Seção
 62
3
370
15
100
AcDbText
 10
5229.201960283199
 20
5839.979293808231
 30
0.0
 40
12.0
  1

100
AcDbText
  0
TEXT
  5
2C9
330
17
100
AcDbEntity
  8
Texto Seção
 62
7
370
15
100
AcDbText
 10
5229.201960283199
 20
5814.007864919745
 30
0.0
 40
10.0
  1

100
AcDbText
  0
TEXT
  5
2CA
330
17
100
AcDbEntity
  8
Texto Seção
 62
3
370
15
100
AcDbText
 10
5970.55688585852
 20
5869.8798784525425
 30
0.0
 40
17.0
  1

100
AcDbText
  0
TEXT
  5
2CB
330
17
100
AcDbEntity
  8
Texto Seção
 62
3
370
15
100
AcDbText
 10
5970.55688585852
 20
5839.979293808221
 30
0.0
 40
12.0
  1

100
AcDbText
  0
TEXT
  5
2CC
330
17
100
AcDbEntity
  8
Texto Seção
 62
7
370
15
100
AcDbText
 10
5970.55688585852
 20
5814.007864919735
 30
0.0
 40
10.0
  1

100
AcDbText
  0
HATCH
  5
2CD
330
17
100
AcDbEntity
  8
Hachura
 62
7
100
AcDbHatch
 10
0.0
 20
0.0
 30
0.0
210
0.0
220
0.0
230
1.0
  2
SOLID
 70
1
 71
0
 91
1
 92
3
 72
0
 73
1
 93
5
 10
5204.001960283195
 20
5803.790690100857
 10
5208.001960283195
 20
5803.790690100857
 10
5208.001960283201
 20
5667.790690100878
 10
5204.001960283202
 20
5667.790690100878
 10
5204.001960283195
 20
5803.790690100857
 97
0
 75
1
 76
1
 98
0
  0
HATCH
  5
2CE
330
17
100
AcDbEntity
  8
Hachura
 62
7
100
AcDbHatch
 10
0.0
 20
0.0
 30
0.0
210
0.0
220
0.0
230
1.0
  2
ANSI31
 70
0
 71
0
 91
1
 92
3
 72
0
 73
1
 93
5
 10
5246.001960283201
 20
5667.790690100878
 10
5246.001960283201
 20
5672.190690100872
 10
5232.001960283202
 20
5672.190690100872
 10
5232.001960283202
 20
5667.790690100878
 10
5246.001960283201
 20
5667.790690100878
 97
0
 75
1
 76
1
 52
0.0
 41
1.0
 77
0
 78
1
 53
45.0
 43
0.0
 44
0.0
 45
-2.2450640303
 46
2.2450640303
 79
0
 98
0
  0
HATCH
  5
2CF
330
17
100
AcDbEntity
  8
Hachura
 62
7
100
AcDbHatch
 10
0.0
 20
0.0
 30
0.0
210
0.0
220
0.0
230
1.0
  2
SOLID
 70
1
 71
0
 91
1
 92
3
 72
0
 73
1
 93
5
 10
5246.001960283201
 20
5672.190690100872
 10
5246.001960283201
 20
5675.790690100878
 10
5208.001960283201
 20
5675.790690100878
 10
5208.001960283201
 20
5672.190690100872
 10
5246.001960283201
 20
5672.190690100872
 97
0
 75
1
 76
1
 98
0
  0
HATCH
  5
2D0
330
17
100
AcDbEntity
  8
Hachura
 62
7
100
AcDbHatch
 10
0.0
 20
0.0
 30
0.0
210
0.0
220
0.0
230
1.0
  2
ANSI31
 70
0
 71
0
 91
1
 92
3
 72
0
 73
1
 93
5
 10
5208.001960283201
 20
5667.790690100878
 10
5208.001960283201
 20
5672.190690100872
 10
5222.001960283201
 20
5672.190690100872
 10
5222.001960283201
 20
5667.790690100878
 10
5208.001960283201
 20
5667.790690100878
 97
0
 75
1
 76
1
 52
0.0
 41
1.0
 77
0
 78
1
 53
45.0
 43
0.0
 44
0.0
 45
-2.2450640303
 46
2.2450640303
 79
0
 98
0
  0
HATCH
  5
2D1
330
17
100
AcDbEntity
  8
Hachura
 62
7
100
AcDbHatch
 10
0.0
 20
0.0
 30
0.0
210
0.0
220
0.0
230
1.0
  2
SOLID
 70
1
 71
0
 91
1
 92
3
 72
0
 73
1
 93
5
 10
5250.001960283202
 20
5805.790690100856
 10
5246.001960283201
 20
5805.790690100856
 10
5246.001960283201
 20
5667.790690100878
 10
5250.001960283202
 20
5667.790690100878
 10
5250.001960283202
 20
5805.790690100856
 97
0
 75
1
 76
1
 98
0
  0
HATCH
  5
2D2
330
17
100
AcDbEntity
  8
Hachura
 62
7
100
AcDbHatch
 10
0.0
 20
0.0
 30
0.0
210
0.0
220
0.0
230
1.0
  2
SOLID
 70
1
 71
0
 91
1
 92
3
 72
0
 73
1
 93
5
 10
5306.001960283173
 20
5801.790690100856
 10
5306.001960283173
 20
5805.790690100856
 10
5246.001960283201
 20
5805.790690100856
 10
5246.001960283201
 20
5801.790690100856
 10
5306.001960283173
 20
5801.790690100856
 97
0
 75
1
 76
1
 98
0
  0
HATCH
  5
2D3
330
17
100
AcDbEntity
  8
Hachura
 62
7
100
AcDbHatch
 10
0.0
 20
0.0
 30
0.0
210
0.0
220
0.0
230
1.0
  2
SOLID
 70
1
 71
0
 91
1
 92
3
 72
0
 73
1
 93
5
 10
5208.001960283201
 20
5801.790690100856
 10
5208.001960283201
 20
5805.790690100856
 10
5152.401960283225
 20
5805.790690100849
 10
5152.401960283225
 20
5801.790690100849
 10
5208.001960283201
 20
5801.790690100856
 97
0
 75
1
 76
1
 98
0
  0
HATCH
  5
2D4
330
17
100
AcDbEntity
  8
Hachura
 62
7
100
AcDbHatch
 10
0.0
 20
0.0
 30
0.0
210
0.0
220
0.0
230
1.0
  2
ANSI31
 70
0
 71
0
 91
1
 92
3
 72
0
 73
1
 93
5
 10
5199.601960283207
 20
5787.790690100856
 10
5204.001960283202
 20
5787.790690100856
 10
5204.001960283202
 20
5801.790690100856
 10
5199.601960283207
 20
5801.790690100856
 10
5199.601960283207
 20
5787.790690100856
 97
0
 75
1
 76
1
 52
0.0
 41
1.0
 77
0
 78
1
 53
45.0
 43
0.0
 44
0.0
 45
-2.2450640303
 46
2.2450640303
 79
0
 98
0
  0
HATCH
  5
2D5
330
17
100
AcDbEntity
  8
Hachura
 62
7
100
AcDbHatch
 10
0.0
 20
0.0
 30
0.0
210
0.0
220
0.0
230
1.0
  2
ANSI31
 70
0
 71
0
 91
1
 92
3
 72
0
 73
1
 93
5
 10
5199.601960283207
 20
5667.790690100878
 10
5204.001960283202
 20
5667.790690100878
 10
5204.001960283202
 20
5681.790690100879
 10
5199.601960283207
 20
5681.790690100879
 10
5199.601960283207
 20
5667.790690100878
 97
0
 75
1
 76
1
 52
0.0
 41
1.0
 77
0
 78
1
 53
45.0
 43
0.0
 44
0.0
 45
-2.2450640303
 46
2.2450640303
 79
0
 98
0
  0
HATCH
  5
2D6
330
17
100
AcDbEntity
  8
Hachura
 62
7
100
AcDbHatch
 10
0.0
 20
0.0
 30
0.0
210
0.0
220
0.0
230
1.0
  2
ANSI31
 70
0
 71
0
 91
1
 92
3
 72
0
 73
1
 93
5
 10
5254.401960283196
 20
5787.790690100856
 10
5250.001960283202
 20
5787.790690100856
 10
5250.001960283202
 20
5801.790690100856
 10
5254.401960283196
 20
5801.790690100856
 10
5254.401960283196
 20
5787.790690100856
 97
0
 75
1
 76
1
 52
0.0
 41
1.0
 77
0
 78
1
 53
45.0
 43
0.0
 44
0.0
 45
-2.2450640303
 46
2.2450640303
 79
0
 98
0
  0
HATCH
  5
2D7
330
17
100
AcDbEntity
  8
Hachura
 62
7
100
AcDbHatch
 10
0.0
 20
0.0
 30
0.0
210
0.0
220
0.0
230
1.0
  2
ANSI31
 70
0
 71
0
 91
1
 92
3
 72
0
 73
1
 93
5
 10
5254.401960283196
 20
5667.790690100878
 10
5250.001960283202
 20
5667.790690100878
 10
5250.001960283202
 20
5681.790690100879
 10
5254.401960283196
 20
5681.790690100879
 10
5254.401960283196
 20
5667.790690100878
 97
0
 75
1
 76
1
 52
0.0
 41
1.0
 77
0
 78
1
 53
45.0
 43
0.0
 44
0.0
 45
-2.2450640303
 46
2.2450640303
 79
0
 98
0
  0
HATCH
  5
2D8
330
17
100
AcDbEntity
  8
Hachura
 62
7
100
AcDbHatch
 10
0.0
 20
0.0
 30
0.0
210
0.0
220
0.0
230
1.0
  2
ANSI31
 70
0
 71
0
 91
1
 92
3
 72
0
 73
1
 93
5
 10
5199.601960283207
 20
5702.790690100868
 10
5204.001960283202
 20
5702.790690100868
 10
5204.001960283202
 20
5716.790690100868
 10
5199.601960283207
 20
5716.790690100868
 10
5199.601960283207
 20
5702.790690100868
 97
0
 75
1
 76
1
 52
0.0
 41
1.0
 77
0
 78
1
 53
45.0
 43
0.0
 44
0.0
 45
-2.2450640303
 46
2.2450640303
 79
0
 98
0
  0
HATCH
  5
2D9
330
17
100
AcDbEntity
  8
Hachura
 62
7
100
AcDbHatch
 10
0.0
 20
0.0
 30
0.0
210
0.0
220
0.0
230
1.0
  2
ANSI31
 70
0
 71
0
 91
1
 92
3
 72
0
 73
1
 93
5
 10
5254.401960283196
 20
5704.790690100868
 10
5250.001960283202
 20
5704.790690100868
 10
5250.001960283202
 20
5718.790690100867
 10
5254.401960283196
 20
5718.790690100867
 10
5254.401960283196
 20
5704.790690100868
 97
0
 75
1
 76
1
 52
0.0
 41
1.0
 77
0
 78
1
 53
45.0
 43
0.0
 44
0.0
 45
-2.2450640303
 46
2.2450640303
 79
0
 98
0
  0
HATCH
  5
2DA
330
17
100
AcDbEntity
  8
Hachura
 62
7
100
AcDbHatch
 10
0.0
 20
0.0
 30
0.0
210
0.0
220
0.0
230
1.0
  2
ANSI31
 70
0
 71
0
 91
1
 92
3
 72
0
 73
1
 93
5
 10
5199.601960283207
 20
5747.443979208677
 10
5204.001960283202
 20
5747.443979208677
 10
5204.001960283202
 20
5761.443979208677
 10
5199.601960283207
 20
5761.443979208677
 10
5199.601960283207
 20
5747.443979208677
 97
0
 75
1
 76
1
 52
0.0
 41
1.0
 77
0
 78
1
 53
45.0
 43
0.0
 44
0.0
 45
-2.2450640303
 46
2.2450640303
 79
0
 98
0
  0
HATCH
  5
2DB
330
17
100
AcDbEntity
  8
Hachura
 62
7
100
AcDbHatch
 10
0.0
 20
0.0
 30
0.0
210
0.0
220
0.0
230
1.0
  2
ANSI31
 70
0
 71
0
 91
1
 92
3
 72
0
 73
1
 93
5
 10
5254.401960283196
 20
5749.443979208678
 10
5250.001960283202
 20
5749.443979208678
 10
5250.001960283202
 20
5763.443979208677
 10
5254.401960283196
 20
5763.443979208677
 10
5254.401960283196
 20
5749.443979208678
 97
0
 75
1
 76
1
 52
0.0
 41
1.0
 77
0
 78
1
 53
45.0
 43
0.0
 44
0.0
 45
-2.2450640303
 46
2.2450640303
 79
0
 98
0
  0
HATCH
  5
2DC
330
17
100
AcDbEntity
  8
COTA
 62
7
100
AcDbHatch
 10
0.0
 20
0.0
 30
0.0
210
0.0
220
0.0
230
1.0
  2
AR-CONC
 70
0
 71
0
 91
1
 92
3
 72
0
 73
1
 93
7
 10
5482.52817192453
 20
5540.269800483861
 10
5482.528171924535
 20
5493.269800483838
 10
5524.653171924525
 20
5493.269800483839
 10
5524.403171924522
 20
5557.269800483838
 10
5063.403171924523
 20
5557.269800483838
 10
5063.653171924524
 20
5540.269800483837
 10
5482.52817192453
 20
5540.269800483861
 97
0
 75
1
 76
1
 52
0.0
 41
1.0
 77
0
 78
13
 53
50.0
 43
0.0
 44
0.0
 45
182.184668996
 46
-15.9390855389
 79
2
 49
19.05
 49
-209.55
 53
355.0
 43
0.0
 44
0.0
 45
-35.243421425
 46
191.056845239
 79
2
 49
15.24
 49
-167.64058417
 53
100.4514447
 43
15.182007
 44
-1.3282535
 45
146.9412470904
 46
175.1177519122
 79
2
 49
16.1900088
 49
-178.0902446
 53
46.1842
 43
0.0
 44
50.8
 45
271.0790408921
 46
-42.0423279327
 79
2
 49
28.575
 49
-314.325
 53
96.63555761
 43
22.5899
 44
47.2965
 45
237.4041340515
 46
247.4261245977
 79
2
 49
24.28502314
 49
-267.13560816
 53
351.18415117
 43
0.0
 44
50.8
 45
237.404134065
 46
247.4261245855
 79
2
 49
22.85996707
 49
-251.45973192
 53
21.0
 43
25.4
 44
38.1
 45
151.6143912691
 46
-102.2651981871
 79
2
 49
19.05
 49
-209.55
 53
326.0
 43
25.4
 44
38.1
 45
61.8020283476
 46
184.1879661223
 79
2
 49
15.24
 49
-167.64
 53
71.451445
 43
38.0345326
 44
29.5779001
 45
213.4164192787
 46
81.9227688859
 79
2
 49
16.1900088
 49
-178.0899376
 53
37.5
 43
0.0
 44
0.0
 45
3.0886032506
 46
84.5550388732
 79
6
 49
0.0
 49
-165.608
 49
0.0
 49
-170.18
 49
0.0
 49
-168.275
 53
7.5
 43
0.0
 44
0.0
 45
66.8196625103
 46
100.1805748181
 79
6
 49
0.0
 49
-97.028
 49
0.0
 49
-161.798
 49
0.0
 49
-64.135
 53
-32.5
 43
-56.642
 44
0.0
 45
135.5905951669
 46
-5.7287439927
 79
6
 49
0.0
 49
-63.5
 49
0.0
 49
-198.12
 49
0.0
 49
-262.89
 53
-42.5
 43
-82.042
 44
0.0
 45
148.129181386
 46
25.4264910333
 79
6
 49
0.0
 49
-82.55
 49
0.0
 49
-131.572
 49
0.0
 49
-186.69
 98
0
  0
HATCH
  5
2DD
330
17
100
AcDbEntity
  8
COTA
 62
7
100
AcDbHatch
 10
0.0
 20
0.0
 30
0.0
210
0.0
220
0.0
230
1.0
  2
AR-CONC
 70
0
 71
0
 91
1
 92
3
 72
0
 73
1
 93
11
 10
5317.496198748955
 20
5307.964465391812
 10
5517.463791341551
 20
5307.964465391799
 10
5517.528606156366
 20
5321.9644653918
 10
5060.621198748961
 20
5321.9644653918
 10
5060.371198748958
 20
5257.964465391801
 10
5102.496198748948
 20
5257.9644653918
 10
5102.496198748951
 20
5307.964465391822
 10
5290.496198748956
 20
5307.964465391813
 10
5290.496198748956
 20
5267.9644653918
 10
5317.496198748955
 20
5267.964465391799
 10
5317.496198748955
 20
5307.964465391812
 97
0
 75
1
 76
1
 52
0.0
 41
1.0
 77
0
 78
13
 53
50.0
 43
0.0
 44
0.0
 45
182.184668996
 46
-15.9390855389
 79
2
 49
19.05
 49
-209.55
 53
355.0
 43
0.0
 44
0.0
 45
-35.243421425
 46
191.056845239
 79
2
 49
15.24
 49
-167.64058417
 53
100.4514447
 43
15.182007
 44
-1.3282535
 45
146.9412470904
 46
175.1177519122
 79
2
 49
16.1900088
 49
-178.0902446
 53
46.1842
 43
0.0
 44
50.8
 45
271.0790408921
 46
-42.0423279327
 79
2
 49
28.575
 49
-314.325
 53
96.63555761
 43
22.5899
 44
47.2965
 45
237.4041340515
 46
247.4261245977
 79
2
 49
24.28502314
 49
-267.13560816
 53
351.18415117
 43
0.0
 44
50.8
 45
237.404134065
 46
247.4261245855
 79
2
 49
22.85996707
 49
-251.45973192
 53
21.0
 43
25.4
 44
38.1
 45
151.6143912691
 46
-102.2651981871
 79
2
 49
19.05
 49
-209.55
 53
326.0
 43
25.4
 44
38.1
 45
61.8020283476
 46
184.1879661223
 79
2
 49
15.24
 49
-167.64
 53
71.451445
 43
38.0345326
 44
29.5779001
 45
213.4164192787
 46
81.9227688859
 79
2
 49
16.1900088
 49
-178.0899376
 53
37.5
 43
0.0
 44
0.0
 45
3.0886032506
 46
84.5550388732
 79
6
 49
0.0
 49
-165.608
 49
0.0
 49
-170.18
 49
0.0
 49
-168.275
 53
7.5
 43
0.0
 44
0.0
 45
66.8196625103
 46
100.1805748181
 79
6
 49
0.0
 49
-97.028
 49
0.0
 49
-161.798
 49
0.0
 49
-64.135
 53
-32.5
 43
-56.642
 44
0.0
 45
135.5905951669
 46
-5.7287439927
 79
6
 49
0.0
 49
-63.5
 49
0.0
 49
-198.12
 49
0.0
 49
-262.89
 53
-42.5
 43
-82.042
 44
0.0
 45
148.129181386
 46
25.4264910333
 79
6
 49
0.0
 49
-82.55
 49
0.0
 49
-131.572
 49
0.0
 49
-186.69
 98
0
  0
HATCH
  5
2DE
330
17
100
AcDbEntity
  8
Hachura
 62
7
100
AcDbHatch
 10
0.0
 20
0.0
 30
0.0
210
0.0
220
0.0
230
1.0
  2
SOLID
 70
1
 71
0
 91
1
 92
3
 72
0
 73
1
 93
5
 10
5945.356885858522
 20
5764.431114079548
 10
5949.356885858522
 20
5764.431114079548
 10
5949.356885858522
 20
5680.43111407957
 10
5945.356885858522
 20
5680.43111407957
 10
5945.356885858522
 20
5764.431114079548
 97
0
 75
1
 76
1
 98
0
  0
HATCH
  5
2DF
330
17
100
AcDbEntity
  8
Hachura
 62
7
100
AcDbHatch
 10
0.0
 20
0.0
 30
0.0
210
0.0
220
0.0
230
1.0
  2
ANSI31
 70
0
 71
0
 91
1
 92
3
 72
0
 73
1
 93
5
 10
5945.356885858522
 20
5760.031114079547
 10
5945.356885858522
 20
5764.431114079548
 10
5931.356885858522
 20
5764.431114079548
 10
5931.356885858522
 20
5760.031114079547
 10
5945.356885858522
 20
5760.031114079547
 97
0
 75
1
 76
1
 52
0.0
 41
1.0
 77
0
 78
1
 53
45.0
 43
0.0
 44
0.0
 45
-2.2450640303
 46
2.2450640303
 79
0
 98
0
  0
HATCH
  5
2E0
330
17
100
AcDbEntity
  8
Hachura
 62
7
100
AcDbHatch
 10
0.0
 20
0.0
 30
0.0
210
0.0
220
0.0
230
1.0
  2
ANSI31
 70
0
 71
0
 91
1
 92
3
 72
0
 73
1
 93
5
 10
5911.356885858523
 20
5680.43111407957
 10
5911.356885858523
 20
5684.831114079564
 10
5931.356885858522
 20
5684.831114079564
 10
5931.356885858522
 20
5680.43111407957
 10
5911.356885858523
 20
5680.43111407957
 97
0
 75
1
 76
1
 52
0.0
 41
1.0
 77
0
 78
1
 53
45.0
 43
0.0
 44
0.0
 45
-2.2450640303
 46
2.2450640303
 79
0
 98
0
  0
HATCH
  5
2E1
330
17
100
AcDbEntity
  8
Hachura
 62
7
100
AcDbHatch
 10
0.0
 20
0.0
 30
0.0
210
0.0
220
0.0
230
1.0
  2
ANSI31
 70
0
 71
0
 91
1
 92
3
 72
0
 73
1
 93
5
 10
5987.356885858522
 20
5680.43111407957
 10
5987.356885858522
 20
5684.831114079564
 10
5973.356885858522
 20
5684.831114079564
 10
5973.356885858522
 20
5680.43111407957
 10
5987.356885858522
 20
5680.43111407957
 97
0
 75
1
 76
1
 52
0.0
 41
1.0
 77
0
 78
1
 53
45.0
 43
0.0
 44
0.0
 45
-2.2450640303
 46
2.2450640303
 79
0
 98
0
  0
HATCH
  5
2E2
330
17
100
AcDbEntity
  8
Hachura
 62
7
100
AcDbHatch
 10
0.0
 20
0.0
 30
0.0
210
0.0
220
0.0
230
1.0
  2
SOLID
 70
1
 71
0
 91
1
 92
3
 72
0
 73
1
 93
5
 10
5987.356885858522
 20
5684.831114079564
 10
5987.356885858522
 20
5688.43111407957
 10
5949.356885858522
 20
5688.43111407957
 10
5949.356885858522
 20
5684.831114079564
 10
5987.356885858522
 20
5684.831114079564
 97
0
 75
1
 76
1
 98
0
  0
HATCH
  5
2E3
330
17
100
AcDbEntity
  8
Hachura
 62
7
100
AcDbHatch
 10
0.0
 20
0.0
 30
0.0
210
0.0
220
0.0
230
1.0
  2
ANSI31
 70
0
 71
0
 91
1
 92
3
 72
0
 73
1
 93
5
 10
5949.356885858522
 20
5680.43111407957
 10
5949.356885858522
 20
5684.831114079564
 10
5963.356885858522
 20
5684.831114079564
 10
5963.356885858522
 20
5680.43111407957
 10
5949.356885858522
 20
5680.43111407957
 97
0
 75
1
 76
1
 52
0.0
 41
1.0
 77
0
 78
1
 53
45.0
 43
0.0
 44
0.0
 45
-2.2450640303
 46
2.2450640303
 79
0
 98
0
  0
HATCH
  5
2E4
330
17
100
AcDbEntity
  8
Hachura
 62
7
100
AcDbHatch
 10
0.0
 20
0.0
 30
0.0
210
0.0
220
0.0
230
1.0
  2
SOLID
 70
1
 71
0
 91
1
 92
3
 72
0
 73
1
 93
5
 10
5991.356885858522
 20
5764.431114079548
 10
5987.356885858522
 20
5764.431114079548
 10
5987.356885858522
 20
5680.43111407957
 10
5991.356885858522
 20
5680.43111407957
 10
5991.356885858522
 20
5764.431114079548
 97
0
 75
1
 76
1
 98
0
  0
HATCH
  5
2E5
330
17
100
AcDbEntity
  8
Hachura
 62
7
100
AcDbHatch
 10
0.0
 20
0.0
 30
0.0
210
0.0
220
0.0
230
1.0
  2
SOLID
 70
1
 71
0
 91
1
 92
3
 72
0
 73
1
 93
5
 10
6047.356885858493
 20
5764.431114079548
 10
6047.356885858493
 20
5768.431114079548
 10
5987.356885858522
 20
5768.431114079548
 10
5987.356885858522
 20
5764.431114079548
 10
6047.356885858493
 20
5764.431114079548
 97
0
 75
1
 76
1
 98
0
  0
HATCH
  5
2E6
330
17
100
AcDbEntity
  8
Hachura
 62
7
100
AcDbHatch
 10
0.0
 20
0.0
 30
0.0
210
0.0
220
0.0
230
1.0
  2
ANSI31
 70
0
 71
0
 91
1
 92
3
 72
0
 73
1
 93
5
 10
5991.356885858522
 20
5760.031114079547
 10
5991.356885858522
 20
5764.431114079548
 10
6005.356885858522
 20
5764.431114079548
 10
6005.356885858522
 20
5760.031114079547
 10
5991.356885858522
 20
5760.031114079547
 97
0
 75
1
 76
1
 52
0.0
 41
1.0
 77
0
 78
1
 53
45.0
 43
0.0
 44
0.0
 45
-2.2450640303
 46
2.2450640303
 79
0
 98
0
  0
HATCH
  5
2E7
330
17
100
AcDbEntity
  8
Hachura
 62
7
100
AcDbHatch
 10
0.0
 20
0.0
 30
0.0
210
0.0
220
0.0
230
1.0
  2
ANSI31
 70
0
 71
0
 91
1
 92
3
 72
0
 73
1
 93
5
 10
6025.356885858522
 20
5680.43111407957
 10
6025.356885858522
 20
5684.831114079564
 10
6005.356885858522
 20
5684.831114079564
 10
6005.356885858522
 20
5680.43111407957
 10
6025.356885858522
 20
5680.43111407957
 97
0
 75
1
 76
1
 52
0.0
 41
1.0
 77
0
 78
1
 53
45.0
 43
0.0
 44
0.0
 45
-2.2450640303
 46
2.2450640303
 79
0
 98
0
  0
HATCH
  5
2E8
330
17
100
AcDbEntity
  8
Hachura
 62
7
100
AcDbHatch
 10
0.0
 20
0.0
 30
0.0
210
0.0
220
0.0
230
1.0
  2
SOLID
 70
1
 71
0
 91
1
 92
3
 72
0
 73
1
 93
5
 10
5949.356885858522
 20
5764.431114079548
 10
5949.356885858522
 20
5768.431114079548
 10
5893.756885858546
 20
5768.431114079541
 10
5893.756885858546
 20
5764.431114079541
 10
5949.356885858522
 20
5764.431114079548
 97
0
 75
1
 76
1
 98
0
  0
HATCH
  5
2E9
330
17
100
AcDbEntity
  8
COTA
 62
7
100
AcDbHatch
 10
0.0
 20
0.0
 30
0.0
210
0.0
220
0.0
230
1.0
  2
AR-CONC
 70
0
 71
0
 91
1
 92
3
 72
0
 73
1
 93
5
 10
6157.379202876865
 20
5540.434733213803
 10
6157.379202876863
 20
5557.434733213806
 10
5850.379202876864
 20
5557.434733213823
 10
5850.379202876864
 20
5540.434733213818
 10
6157.379202876865
 20
5540.434733213803
 97
0
 75
1
 76
1
 52
0.0
 41
1.0
 77
0
 78
13
 53
50.0
 43
0.0
 44
0.0
 45
182.184668996
 46
-15.9390855389
 79
2
 49
19.05
 49
-209.55
 53
355.0
 43
0.0
 44
0.0
 45
-35.243421425
 46
191.056845239
 79
2
 49
15.24
 49
-167.64058417
 53
100.4514447
 43
15.182007
 44
-1.3282535
 45
146.9412470904
 46
175.1177519122
 79
2
 49
16.1900088
 49
-178.0902446
 53
46.1842
 43
0.0
 44
50.8
 45
271.0790408921
 46
-42.0423279327
 79
2
 49
28.575
 49
-314.325
 53
96.63555761
 43
22.5899
 44
47.2965
 45
237.4041340515
 46
247.4261245977
 79
2
 49
24.28502314
 49
-267.13560816
 53
351.18415117
 43
0.0
 44
50.8
 45
237.404134065
 46
247.4261245855
 79
2
 49
22.85996707
 49
-251.45973192
 53
21.0
 43
25.4
 44
38.1
 45
151.6143912691
 46
-102.2651981871
 79
2
 49
19.05
 49
-209.55
 53
326.0
 43
25.4
 44
38.1
 45
61.8020283476
 46
184.1879661223
 79
2
 49
15.24
 49
-167.64
 53
71.451445
 43
38.0345326
 44
29.5779001
 45
213.4164192787
 46
81.9227688859
 79
2
 49
16.1900088
 49
-178.0899376
 53
37.5
 43
0.0
 44
0.0
 45
3.0886032506
 46
84.5550388732
 79
6
 49
0.0
 49
-165.608
 49
0.0
 49
-170.18
 49
0.0
 49
-168.275
 53
7.5
 43
0.0
 44
0.0
 45
66.8196625103
 46
100.1805748181
 79
6
 49
0.0
 49
-97.028
 49
0.0
 49
-161.798
 49
0.0
 49
-64.135
 53
-32.5
 43
-56.642
 44
0.0
 45
135.5905951669
 46
-5.7287439927
 79
6
 49
0.0
 49
-63.5
 49
0.0
 49
-198.12
 49
0.0
 49
-262.89
 53
-42.5
 43
-82.042
 44
0.0
 45
148.129181386
 46
25.4264910333
 79
6
 49
0.0
 49
-82.55
 49
0.0
 49
-131.572
 49
0.0
 49
-186.69
 98
0
  0
HATCH
  5
2EA
330
17
100
AcDbEntity
  8
COTA
 62
7
100
AcDbHatch
 10
0.0
 20
0.0
 30
0.0
210
0.0
220
0.0
230
1.0
  2
AR-CONC
 70
0
 71
0
 91
1
 92
3
 72
0
 73
1
 93
5
 10
5786.325824974664
 20
5340.206098740565
 10
5786.325824974664
 20
5323.206098740561
 10
6093.325824974663
 20
5323.206098740581
 10
6093.325824974663
 20
5340.206098740586
 10
5786.325824974664
 20
5340.206098740565
 97
0
 75
1
 76
1
 52
0.0
 41
1.0
 77
0
 78
13
 53
50.0
 43
0.0
 44
0.0
 45
182.184668996
 46
-15.9390855389
 79
2
 49
19.05
 49
-209.55
 53
355.0
 43
0.0
 44
0.0
 45
-35.243421425
 46
191.056845239
 79
2
 49
15.24
 49
-167.64058417
 53
100.4514447
 43
15.182007
 44
-1.3282535
 45
146.9412470904
 46
175.1177519122
 79
2
 49
16.1900088
 49
-178.0902446
 53
46.1842
 43
0.0
 44
50.8
 45
271.0790408921
 46
-42.0423279327
 79
2
 49
28.575
 49
-314.325
 53
96.63555761
 43
22.5899
 44
47.2965
 45
237.4041340515
 46
247.4261245977
 79
2
 49
24.28502314
 49
-267.13560816
 53
351.18415117
 43
0.0
 44
50.8
 45
237.404134065
 46
247.4261245855
 79
2
 49
22.85996707
 49
-251.45973192
 53
21.0
 43
25.4
 44
38.1
 45
151.6143912691
 46
-102.2651981871
 79
2
 49
19.05
 49
-209.55
 53
326.0
 43
25.4
 44
38.1
 45
61.8020283476
 46
184.1879661223
 79
2
 49
15.24
 49
-167.64
 53
71.451445
 43
38.0345326
 44
29.5779001
 45
213.4164192787
 46
81.9227688859
 79
2
 49
16.1900088
 49
-178.0899376
 53
37.5
 43
0.0
 44
0.0
 45
3.0886032506
 46
84.5550388732
 79
6
 49
0.0
 49
-165.608
 49
0.0
 49
-170.18
 49
0.0
 49
-168.275
 53
7.5
 43
0.0
 44
0.0
 45
66.8196625103
 46
100.1805748181
 79
6
 49
0.0
 49
-97.028
 49
0.0
 49
-161.798
 49
0.0
 49
-64.135
 53
-32.5
 43
-56.642
 44
0.0
 45
135.5905951669
 46
-5.7287439927
 79
6
 49
0.0
 49
-63.5
 49
0.0
 49
-198.12
 49
0.0
 49
-262.89
 53
-42.5
 43
-82.042
 44
0.0
 45
148.129181386
 46
25.4264910333
 79
6
 49
0.0
 49
-82.55
 49
0.0
 49
-131.572
 49
0.0
 49
-186.69
 98
0
  0
HATCH
  5
2EB
330
17
100
AcDbEntity
  8
REAPROVEITAMENTO
 62
7
100
AcDbHatch
 10
0.0
 20
0.0
 30
0.0
210
0.0
220
0.0
230
1.0
  2
ANSI37
 70
0
 71
0
 91
1
 92
3
 72
0
 73
1
 93
5
 10
5832.653880754087
 20
5498.43473321383
 10
5832.653880754083
 20
5543.434733213852
 10
5766.653880754077
 20
5543.434733213848
 10
5766.653880754081
 20
5498.43473321382
 10
5832.653880754087
 20
5498.43473321383
 97
0
 75
1
 76
1
 52
0.0
 41
1.0
 77
0
 78
2
 53
45.0
 43
0.0
 44
0.0
 45
-2.2450640303
 46
2.2450640303
 79
0
 53
135.0
 43
0.0
 44
0.0
 45
-2.2450640303
 46
-2.2450640303
 79
0
 98
0
  0
HATCH
  5
2EC
330
17
100
AcDbEntity
  8
REAPROVEITAMENTO
 62
7
100
AcDbHatch
 10
0.0
 20
0.0
 30
0.0
210
0.0
220
0.0
230
1.0
  2
ANSI37
 70
0
 71
0
 91
1
 92
3
 72
0
 73
1
 93
5
 10
6174.616909537189
 20
5281.206098740543
 10
6174.616909537186
 20
5326.206098740566
 10
6108.616909537179
 20
5326.206098740562
 10
6108.616909537182
 20
5281.206098740534
 10
6174.616909537189
 20
5281.206098740543
 97
0
 75
1
 76
1
 52
0.0
 41
1.0
 77
0
 78
2
 53
45.0
 43
0.0
 44
0.0
 45
-2.2450640303
 46
2.2450640303
 79
0
 53
135.0
 43
0.0
 44
0.0
 45
-2.2450640303
 46
-2.2450640303
 79
0
 98
0
  0
HATCH
  5
2ED
330
17
100
AcDbEntity
  8
REAPROVEITAMENTO
 62
7
100
AcDbHatch
 10
0.0
 20
0.0
 30
0.0
210
0.0
220
0.0
230
1.0
  2
ANSI31
 70
0
 71
0
 91
1
 92
3
 72
0
 73
1
 93
5
 10
6157.379202876866
 20
5498.434733213791
 10
6157.379202876859
 20
5540.434733213809
 10
5850.379202876853
 20
5540.434733213825
 10
5850.379202876853
 20
5498.434733213793
 10
6157.379202876866
 20
5498.434733213791
 97
0
 75
1
 76
1
 52
0.0
 41
1.0
 77
0
 78
1
 53
45.0
 43
0.0
 44
0.0
 45
-2.2450640303
 46
2.2450640303
 79
0
 98
0
  0
HATCH
  5
2EE
330
17
100
AcDbEntity
  8
REAPROVEITAMENTO
 62
7
100
AcDbHatch
 10
0.0
 20
0.0
 30
0.0
210
0.0
220
0.0
230
1.0
  2
ANSI31
 70
0
 71
0
 91
1
 92
3
 72
0
 73
1
 93
5
 10
6093.325824974669
 20
5281.206098740574
 10
6093.325824974662
 20
5323.206098740592
 10
5786.325824974652
 20
5323.206098740557
 10
5786.325824974652
 20
5281.206098740526
 10
6093.325824974669
 20
5281.206098740574
 97
0
 75
1
 76
1
 52
0.0
 41
1.0
 77
0
 78
1
 53
45.0
 43
0.0
 44
0.0
 45
-2.2450640303
 46
2.2450640303
 79
0
 98
0
  0
HATCH
  5
2EF
330
17
100
AcDbEntity
  8
REAPROVEITAMENTO
 62
7
100
AcDbHatch
 10
0.0
 20
0.0
 30
0.0
210
0.0
220
0.0
230
1.0
  2
ANSI31
 70
0
 71
0
 91
1
 92
3
 72
0
 73
1
 93
5
 10
6240.25708462902
 20
5658.36386325865
 10
6240.25708462902
 20
5776.363863258645
 10
6202.31822828954
 20
5776.363863258647
 10
6202.31822828954
 20
5658.36386325865
 10
6240.25708462902
 20
5658.36386325865
 97
0
 75
1
 76
1
 52
0.0
 41
1.0
 77
0
 78
1
 53
45.0
 43
0.0
 44
0.0
 45
-2.2450640303
 46
2.2450640303
 79
0
 98
0
  0
LINE
  5
2F0
330
17
100
AcDbEntity
  8
COTA
 62
4
370
25
100
AcDbLine
 10
5517.496198748955
 20
5182.886028724922
 30
0.0
 11
5060.496198748956
 21
5182.886028724922
 31
0.0
  0
LINE
  5
2F1
330
17
100
AcDbEntity
  8
COTA
 62
0
370
25
100
AcDbLine
 10
5515.996198748955
 20
5181.386028724922
 30
0.0
 11
5518.996198748955
 21
5184.386028724922
 31
0.0
  0
LINE
  5
2F2
330
17
100
AcDbEntity
  8
COTA
 62
0
370
25
100
AcDbLine
 10
5061.996198748956
 20
5184.386028724922
 30
0.0
 11
5058.996198748956
 21
5181.386028724922
 31
0.0
  0
LINE
  5
2F3
330
17
100
AcDbEntity
  8
SARRAFO DE PRESSAO
 62
30
370
9
100
AcDbLine
 10
5328.291076537818
 20
4953.4311140795835
 30
0.0
 11
5328.291076537818
 21
5152.674627490473
 31
0.0
  0
LWPOLYLINE
  5
2F4
330
17
100
AcDbEntity
  8
Texto Seção
 62
7
370
15
100
AcDbPolyline
 90
4
 70
1
 10
6194.71039205537
 20
5198.000355020703
 10
6336.159710207627
 20
5198.000355020703
 10
6336.159710207627
 20
5174.799477952952
 10
6194.71039205537
 20
5174.799477952952
  0
TEXT
  5
2F5
330
17
100
AcDbEntity
  8
5
 62
5
370
25
100
AcDbText
 10
5490.99002391795
 20
5160.919625049348
 30
0.0
 40
12.0
  1
P22
 50
359.9999644975238
100
AcDbText
  0
TEXT
  5
2F6
330
17
100
AcDbEntity
  8
5
 62
5
370
25
100
AcDbText
 10
5057.655560556943
 20
5164.213639165321
 30
0.0
 40
12.0
  1
P31
 50
359.9999644975238
100
AcDbText
  0
TEXT
  5
2F7
330
17
100
AcDbEntity
  8
Texto Seção
 62
7
370
15
100
AcDbText
 10
6264.571344812539
 20
5186.051073040172
 30
0.0
 40
13.0
  1
VEM DA V417
100
AcDbText
  0
TEXT
  5
2F8
330
17
100
AcDbEntity
  8
COTA
 62
240
370
25
100
AcDbText
 10
5288.996198748955
 20
5190.995677847729
 30
0.0
 40
10.0
  1
457
100
AcDbText
  0
ENDSEC
  0
SECTION
  2
OBJECTS
  0
DICTIONARY
  5
A
330
0
100
AcDbDictionary
281
1
  3
ACAD_COLOR
350
B
  3
ACAD_GROUP
350
C
  3
ACAD_LAYOUT
350
D
  3
ACAD_MATERIAL
350
E
  3
ACAD_MLEADERSTYLE
350
F
  3
ACAD_MLINESTYLE
350
10
  3
ACAD_PLOTSETTINGS
350
11
  3
ACAD_PLOTSTYLENAME
350
12
  3
ACAD_SCALELIST
350
14
  3
ACAD_TABLESTYLE
350
15
  3
ACAD_VISUALSTYLE
350
16
  3
EZDXF_META
350
2D
  0
DICTIONARY
  5
B
330
A
100
AcDbDictionary
281
1
  0
DICTIONARY
  5
C
330
A
100
AcDbDictionary
281
1
  0
DICTIONARY
  5
D
330
A
100
AcDbDictionary
281
1
  3
Model
350
1A
  3
Layout1
350
1E
  0
DICTIONARY
  5
E
330
A
100
AcDbDictionary
281
1
  3
ByBlock
350
1F
  3
ByLayer
350
20
  3
Global
350
21
  0
DICTIONARY
  5
F
330
A
100
AcDbDictionary
281
1
  3
Standard
350
2C
  0
DICTIONARY
  5
10
330
A
100
AcDbDictionary
281
1
  3
Standard
350
22
  0
DICTIONARY
  5
11
330
A
100
AcDbDictionary
281
1
  0
ACDBDICTIONARYWDFLT
  5
12
330
A
100
AcDbDictionary
281
1
  3
Normal
350
13
100
AcDbDictionaryWithDefault
340
13
  0
ACDBPLACEHOLDER
  5
13
330
12
  0
DICTIONARY
  5
14
330
A
100
AcDbDictionary
281
1
  0
DICTIONARY
  5
15
330
A
100
AcDbDictionary
281
1
  0
DICTIONARY
  5
16
330
A
100
AcDbDictionary
281
1
  0
LAYOUT
  5
1A
330
D
100
AcDbPlotSettings
  1

  4
A3
  6

 40
7.5
 41
20.0
 42
7.5
 43
20.0
 44
420.0
 45
297.0
 46
0.0
 47
0.0
 48
0.0
 49
0.0
140
0.0
141
0.0
142
1.0
143
1.0
 70
1024
 72
1
 73
0
 74
5
  7

 75
16
 76
0
 77
2
 78
300
147
1.0
148
0.0
149
0.0
100
AcDbLayout
  1
Model
 70
1
 71
0
 10
0.0
 20
0.0
 11
420.0
 21
297.0
 12
0.0
 22
0.0
 32
0.0
 14
1e+20
 24
1e+20
 34
1e+20
 15
-1e+20
 25
-1e+20
 35
-1e+20
146
0.0
 13
0.0
 23
0.0
 33
0.0
 16
1.0
 26
0.0
 36
0.0
 17
0.0
 27
1.0
 37
0.0
 76
1
330
17
  0
LAYOUT
  5
1E
330
D
100
AcDbPlotSettings
  1

  4
A3
  6

 40
7.5
 41
20.0
 42
7.5
 43
20.0
 44
420.0
 45
297.0
 46
0.0
 47
0.0
 48
0.0
 49
0.0
140
0.0
141
0.0
142
1.0
143
1.0
 70
0
 72
1
 73
0
 74
5
  7

 75
16
 76
0
 77
2
 78
300
147
1.0
148
0.0
149
0.0
100
AcDbLayout
  1
Layout1
 70
1
 71
1
 10
0.0
 20
0.0
 11
420.0
 21
297.0
 12
0.0
 22
0.0
 32
0.0
 14
1e+20
 24
1e+20
 34
1e+20
 15
-1e+20
 25
-1e+20
 35
-1e+20
146
0.0
 13
0.0
 23
0.0
 33
0.0
 16
1.0
 26
0.0
 36
0.0
 17
0.0
 27
1.0
 37
0.0
 76
1
330
1B
  0
MATERIAL
  5
1F
102
{ACAD_REACTORS
330
E
102
}
330
E
100
AcDbMaterial
  1
ByBlock
  2

 70
0
 40
1.0
 71
1
 41
1.0
 91
-1023410177
 42
1.0
 72
1
  3

 73
1
 74
1
 75
1
 44
0.5
 73
0
 45
1.0
 46
1.0
 77
1
  4

 78
1
 79
1
170
1
 48
1.0
171
1
  6

172
1
173
1
174
1
140
1.0
141
1.0
175
1
  7

176
1
177
1
178
1
143
1.0
179
1
  8

270
1
271
1
272
1
145
1.0
146
1.0
273
1
  9

274
1
275
1
276
1
 42
1.0
 72
1
  3

 73
1
 74
1
 75
1
 94
63
  0
MATERIAL
  5
20
102
{ACAD_REACTORS
330
E
102
}
330
E
100
AcDbMaterial
  1
ByLayer
  2

 70
0
 40
1.0
 71
1
 41
1.0
 91
-1023410177
 42
1.0
 72
1
  3

 73
1
 74
1
 75
1
 44
0.5
 73
0
 45
1.0
 46
1.0
 77
1
  4

 78
1
 79
1
170
1
 48
1.0
171
1
  6

172
1
173
1
174
1
140
1.0
141
1.0
175
1
  7

176
1
177
1
178
1
143
1.0
179
1
  8

270
1
271
1
272
1
145
1.0
146
1.0
273
1
  9

274
1
275
1
276
1
 42
1.0
 72
1
  3

 73
1
 74
1
 75
1
 94
63
  0
MATERIAL
  5
21
102
{ACAD_REACTORS
330
E
102
}
330
E
100
AcDbMaterial
  1
Global
  2

 70
0
 40
1.0
 71
1
 41
1.0
 91
-1023410177
 42
1.0
 72
1
  3

 73
1
 74
1
 75
1
 44
0.5
 73
0
 45
1.0
 46
1.0
 77
1
  4

 78
1
 79
1
170
1
 48
1.0
171
1
  6

172
1
173
1
174
1
140
1.0
141
1.0
175
1
  7

176
1
177
1
178
1
143
1.0
179
1
  8

270
1
271
1
272
1
145
1.0
146
1.0
273
1
  9

274
1
275
1
276
1
 42
1.0
 72
1
  3

 73
1
 74
1
 75
1
 94
63
  0
MLINESTYLE
  5
22
102
{ACAD_REACTORS
330
10
102
}
330
10
100
AcDbMlineStyle
  2
Standard
 70
0
  3

 62
256
 51
90.0
 52
90.0
 71
2
 49
0.5
 62
256
  6
BYLAYER
 49
-0.5
 62
256
  6
BYLAYER
  0
MLEADERSTYLE
  5
2C
102
{ACAD_REACTORS
330
F
102
}
330
F
100
AcDbMLeaderStyle
179
2
170
2
171
1
172
0
 90
2
 40
0.0
 41
0.0
173
1
 91
-1056964608
 92
-2
290
1
 42
2.0
291
1
 43
8.0
  3
Standard
 44
4.0
300

342
29
174
1
175
1
176
0
178
1
 93
-1056964608
 45
4.0
292
0
297
0
 46
4.0
 94
-1056964608
 47
1.0
 49
1.0
140
1.0
294
1
141
0.0
177
0
142
1.0
295
0
296
0
143
3.75
271
0
272
9
273
9
  0
DICTIONARY
  5
2D
330
A
100
AcDbDictionary
280
1
281
1
  3
CREATED_BY_EZDXF
350
2E
  3
WRITTEN_BY_EZDXF
350
2FB
  0
DICTIONARYVAR
  5
2E
330
2D
100
DictionaryVariables
280
0
  1
1.4.3 @ 2026-06-10T17:46:48.086024+00:00
  0
DICTIONARYVAR
  5
2FB
330
2D
100
DictionaryVariables
280
0
  1
1.4.3 @ 2026-06-10T17:46:48.108467+00:00
  0
ENDSEC
  0
EOF
