  0
SECTION
  2
HEADER
  9
$ACADVER
  1
AC1024
  9
$ACADMAINTVER
 70
6
  9
$DWGCODEPAGE
  3
ANSI_1252
  9
$LASTSAVEDBY
  1
ezdxf
  9
$INSBASE
 10
0.0
 20
0.0
 30
0.0
  9
$EXTMIN
 10
1e+20
 20
1e+20
 30
1e+20
  9
$EXTMAX
 10
-1e+20
 20
-1e+20
 30
-1e+20
  9
$LIMMIN
 10
0.0
 20
0.0
  9
$LIMMAX
 10
420.0
 20
297.0
  9
$ORTHOMODE
 70
0
  9
$REGENMODE
 70
1
  9
$FILLMODE
 70
1
  9
$QTEXTMODE
 70
0
  9
$MIRRTEXT
 70
1
  9
$LTSCALE
 40
1.0
  9
$ATTMODE
 70
1
  9
$TEXTSIZE
 40
2.5
  9
$TRACEWID
 40
1.0
  9
$TEXTSTYLE
  7
Standard
  9
$CLAYER
  8
0
  9
$CELTYPE
  6
ByLayer
  9
$CECOLOR
 62
256
  9
$CELTSCALE
 40
1.0
  9
$DISPSILH
 70
0
  9
$DIMSCALE
 40
1.0
  9
$DIMASZ
 40
2.5
  9
$DIMEXO
 40
0.625
  9
$DIMDLI
 40
3.75
  9
$DIMRND
 40
0.0
  9
$DIMDLE
 40
0.0
  9
$DIMEXE
 40
1.25
  9
$DIMTP
 40
0.0
  9
$DIMTM
 40
0.0
  9
$DIMTXT
 40
2.5
  9
$DIMCEN
 40
2.5
  9
$DIMTSZ
 40
0.0
  9
$DIMTOL
 70
0
  9
$DIMLIM
 70
0
  9
$DIMTIH
 70
0
  9
$DIMTOH
 70
0
  9
$DIMSE1
 70
0
  9
$DIMSE2
 70
0
  9
$DIMTAD
 70
1
  9
$DIMZIN
 70
8
  9
$DIMBLK
  1

  9
$DIMASO
 70
1
  9
$DIMSHO
 70
1
  9
$DIMPOST
  1

  9
$DIMAPOST
  1

  9
$DIMALT
 70
0
  9
$DIMALTD
 70
3
  9
$DIMALTF
 40
0.03937007874
  9
$DIMLFAC
 40
1.0
  9
$DIMTOFL
 70
1
  9
$DIMTVP
 40
0.0
  9
$DIMTIX
 70
0
  9
$DIMSOXD
 70
0
  9
$DIMSAH
 70
0
  9
$DIMBLK1
  1

  9
$DIMBLK2
  1

  9
$DIMSTYLE
  2
ISO-25
  9
$DIMCLRD
 70
0
  9
$DIMCLRE
 70
0
  9
$DIMCLRT
 70
0
  9
$DIMTFAC
 40
1.0
  9
$DIMGAP
 40
0.625
  9
$DIMJUST
 70
0
  9
$DIMSD1
 70
0
  9
$DIMSD2
 70
0
  9
$DIMTOLJ
 70
0
  9
$DIMTZIN
 70
8
  9
$DIMALTZ
 70
0
  9
$DIMALTTZ
 70
0
  9
$DIMUPT
 70
0
  9
$DIMDEC
 70
2
  9
$DIMTDEC
 70
2
  9
$DIMALTU
 70
2
  9
$DIMALTTD
 70
3
  9
$DIMTXSTY
  7
Standard
  9
$DIMAUNIT
 70
0
  9
$DIMADEC
 70
0
  9
$DIMALTRND
 40
0.0
  9
$DIMAZIN
 70
0
  9
$DIMDSEP
 70
44
  9
$DIMATFIT
 70
3
  9
$DIMFRAC
 70
0
  9
$DIMLDRBLK
  1

  9
$DIMLUNIT
 70
2
  9
$DIMLWD
 70
-2
  9
$DIMLWE
 70
-2
  9
$DIMTMOVE
 70
0
  9
$DIMFXL
 40
1.0
  9
$DIMFXLON
 70
0
  9
$DIMJOGANG
 40
0.785398163397
  9
$DIMTFILL
 70
0
  9
$DIMTFILLCLR
 70
0
  9
$DIMARCSYM
 70
0
  9
$DIMLTYPE
  6

  9
$DIMLTEX1
  6

  9
$DIMLTEX2
  6

  9
$DIMTXTDIRECTION
 70
0
  9
$LUNITS
 70
2
  9
$LUPREC
 70
4
  9
$SKETCHINC
 40
1.0
  9
$FILLETRAD
 40
10.0
  9
$AUNITS
 70
0
  9
$AUPREC
 70
2
  9
$MENU
  1
.
  9
$ELEVATION
 40
0.0
  9
$PELEVATION
 40
0.0
  9
$THICKNESS
 40
0.0
  9
$LIMCHECK
 70
0
  9
$CHAMFERA
 40
0.0
  9
$CHAMFERB
 40
0.0
  9
$CHAMFERC
 40
0.0
  9
$CHAMFERD
 40
0.0
  9
$SKPOLY
 70
0
  9
$TDCREATE
 40
2461119.8238541665
  9
$TDUCREATE
 40
2458532.153996898
  9
$TDUPDATE
 40
2461119.8238541665
  9
$TDUUPDATE
 40
2458532.1544311
  9
$TDINDWG
 40
0.0
  9
$TDUSRTIMER
 40
0.0
  9
$USRTIMER
 70
1
  9
$ANGBASE
 50
0.0
  9
$ANGDIR
 70
0
  9
$PDMODE
 70
0
  9
$PDSIZE
 40
0.0
  9
$PLINEWID
 40
0.0
  9
$SPLFRAME
 70
0
  9
$SPLINETYPE
 70
6
  9
$SPLINESEGS
 70
8
  9
$HANDSEED
  5
C60
  9
$SURFTAB1
 70
6
  9
$SURFTAB2
 70
6
  9
$SURFTYPE
 70
6
  9
$SURFU
 70
6
  9
$SURFV
 70
6
  9
$UCSBASE
  2

  9
$UCSNAME
  2

  9
$UCSORG
 10
0.0
 20
0.0
 30
0.0
  9
$UCSXDIR
 10
1.0
 20
0.0
 30
0.0
  9
$UCSYDIR
 10
0.0
 20
1.0
 30
0.0
  9
$UCSORTHOREF
  2

  9
$UCSORTHOVIEW
 70
0
  9
$UCSORGTOP
 10
0.0
 20
0.0
 30
0.0
  9
$UCSORGBOTTOM
 10
0.0
 20
0.0
 30
0.0
  9
$UCSORGLEFT
 10
0.0
 20
0.0
 30
0.0
  9
$UCSORGRIGHT
 10
0.0
 20
0.0
 30
0.0
  9
$UCSORGFRONT
 10
0.0
 20
0.0
 30
0.0
  9
$UCSORGBACK
 10
0.0
 20
0.0
 30
0.0
  9
$PUCSBASE
  2

  9
$PUCSNAME
  2

  9
$PUCSORG
 10
0.0
 20
0.0
 30
0.0
  9
$PUCSXDIR
 10
1.0
 20
0.0
 30
0.0
  9
$PUCSYDIR
 10
0.0
 20
1.0
 30
0.0
  9
$PUCSORTHOREF
  2

  9
$PUCSORTHOVIEW
 70
0
  9
$PUCSORGTOP
 10
0.0
 20
0.0
 30
0.0
  9
$PUCSORGBOTTOM
 10
0.0
 20
0.0
 30
0.0
  9
$PUCSORGLEFT
 10
0.0
 20
0.0
 30
0.0
  9
$PUCSORGRIGHT
 10
0.0
 20
0.0
 30
0.0
  9
$PUCSORGFRONT
 10
0.0
 20
0.0
 30
0.0
  9
$PUCSORGBACK
 10
0.0
 20
0.0
 30
0.0
  9
$USERI1
 70
0
  9
$USERI2
 70
0
  9
$USERI3
 70
0
  9
$USERI4
 70
0
  9
$USERI5
 70
0
  9
$USERR1
 40
0.0
  9
$USERR2
 40
0.0
  9
$USERR3
 40
0.0
  9
$USERR4
 40
0.0
  9
$USERR5
 40
0.0
  9
$WORLDVIEW
 70
1
  9
$SHADEDGE
 70
3
  9
$SHADEDIF
 70
70
  9
$TILEMODE
 70
1
  9
$MAXACTVP
 70
64
  9
$PINSBASE
 10
0.0
 20
0.0
 30
0.0
  9
$PLIMCHECK
 70
0
  9
$PEXTMIN
 10
1e+20
 20
1e+20
 30
1e+20
  9
$PEXTMAX
 10
-1e+20
 20
-1e+20
 30
-1e+20
  9
$PLIMMIN
 10
0.0
 20
0.0
  9
$PLIMMAX
 10
420.0
 20
297.0
  9
$UNITMODE
 70
0
  9
$VISRETAIN
 70
1
  9
$PLINEGEN
 70
0
  9
$PSLTSCALE
 70
1
  9
$TREEDEPTH
 70
3020
  9
$CMLSTYLE
  2
Standard
  9
$CMLJUST
 70
0
  9
$CMLSCALE
 40
20.0
  9
$PROXYGRAPHICS
 70
1
  9
$MEASUREMENT
 70
1
  9
$CELWEIGHT
370
-1
  9
$ENDCAPS
280
0
  9
$JOINSTYLE
280
0
  9
$LWDISPLAY
290
0
  9
$INSUNITS
 70
6
  9
$HYPERLINKBASE
  1

  9
$STYLESHEET
  1

  9
$XEDIT
290
1
  9
$CEPSNTYPE
380
0
  9
$PSTYLEMODE
290
1
  9
$FINGERPRINTGUID
  2
{F55F7FF5-18E7-4EFB-999C-395C17191898}
  9
$VERSIONGUID
  2
{33BEC052-10CA-4E03-BADB-2059C69D05DD}
  9
$EXTNAMES
290
1
  9
$PSVPSCALE
 40
0.0
  9
$OLESTARTUP
290
0
  9
$SORTENTS
280
127
  9
$INDEXCTL
280
0
  9
$HIDETEXT
280
1
  9
$XCLIPFRAME
280
1
  9
$HALOGAP
280
0
  9
$OBSCOLOR
 70
257
  9
$OBSLTYPE
280
0
  9
$INTERSECTIONDISPLAY
280
0
  9
$INTERSECTIONCOLOR
 70
257
  9
$DIMASSOC
280
2
  9
$PROJECTNAME
  1

  9
$CAMERADISPLAY
290
0
  9
$LENSLENGTH
 40
50.0
  9
$CAMERAHEIGHT
 40
0.0
  9
$STEPSPERSEC
 40
24.0
  9
$STEPSIZE
 40
100.0
  9
$3DDWFPREC
 40
2.0
  9
$PSOLWIDTH
 40
0.005
  9
$PSOLHEIGHT
 40
0.08
  9
$LOFTANG1
 40
1.570796326795
  9
$LOFTANG2
 40
1.570796326795
  9
$LOFTMAG1
 40
0.0
  9
$LOFTMAG2
 40
0.0
  9
$LOFTPARAM
 70
7
  9
$LOFTNORMALS
280
1
  9
$LATITUDE
 40
37.795
  9
$LONGITUDE
 40
-122.394
  9
$NORTHDIRECTION
 40
0.0
  9
$TIMEZONE
 70
-8000
  9
$LIGHTGLYPHDISPLAY
280
1
  9
$TILEMODELIGHTSYNCH
280
1
  9
$CMATERIAL
347
20
  9
$SOLIDHIST
280
0
  9
$SHOWHIST
280
1
  9
$DWFFRAME
280
2
  9
$DGNFRAME
280
2
  9
$REALWORLDSCALE
290
1
  9
$INTERFERECOLOR
 62
256
  9
$CSHADOW
280
0
  9
$SHADOWPLANELOCATION
 40
0.0
  0
ENDSEC
  0
SECTION
  2
CLASSES
  0
CLASS
  1
ACDBDICTIONARYWDFLT
  2
AcDbDictionaryWithDefault
  3
ObjectDBX Classes
 90
0
 91
0
280
0
281
0
  0
CLASS
  1
SUN
  2
AcDbSun
  3
SCENEOE
 90
1153
 91
0
280
0
281
0
  0
CLASS
  1
VISUALSTYLE
  2
AcDbVisualStyle
  3
ObjectDBX Classes
 90
4095
 91
0
280
0
281
0
  0
CLASS
  1
MATERIAL
  2
AcDbMaterial
  3
ObjectDBX Classes
 90
1153
 91
0
280
0
281
0
  0
CLASS
  1
SCALE
  2
AcDbScale
  3
ObjectDBX Classes
 90
1153
 91
0
280
0
281
0
  0
CLASS
  1
TABLESTYLE
  2
AcDbTableStyle
  3
ObjectDBX Classes
 90
4095
 91
0
280
0
281
0
  0
CLASS
  1
MLEADERSTYLE
  2
AcDbMLeaderStyle
  3
ACDB_MLEADERSTYLE_CLASS
 90
4095
 91
0
280
0
281
0
  0
CLASS
  1
DICTIONARYVAR
  2
AcDbDictionaryVar
  3
ObjectDBX Classes
 90
0
 91
0
280
0
281
0
  0
CLASS
  1
CELLSTYLEMAP
  2
AcDbCellStyleMap
  3
ObjectDBX Classes
 90
1152
 91
0
280
0
281
0
  0
CLASS
  1
MENTALRAYRENDERSETTINGS
  2
AcDbMentalRayRenderSettings
  3
SCENEOE
 90
1024
 91
0
280
0
281
0
  0
CLASS
  1
ACDBDETAILVIEWSTYLE
  2
AcDbDetailViewStyle
  3
ObjectDBX Classes
 90
1025
 91
0
280
0
281
0
  0
CLASS
  1
ACDBSECTIONVIEWSTYLE
  2
AcDbSectionViewStyle
  3
ObjectDBX Classes
 90
1025
 91
0
280
0
281
0
  0
CLASS
  1
RASTERVARIABLES
  2
AcDbRasterVariables
  3
ISM
 90
0
 91
0
280
0
281
0
  0
CLASS
  1
ACDBPLACEHOLDER
  2
AcDbPlaceHolder
  3
ObjectDBX Classes
 90
0
 91
0
280
0
281
0
  0
CLASS
  1
LAYOUT
  2
AcDbLayout
  3
ObjectDBX Classes
 90
0
 91
0
280
0
281
0
  0
ENDSEC
  0
SECTION
  2
TABLES
  0
TABLE
  2
VPORT
  5
8
330
0
100
AcDbSymbolTable
 70
1
  0
VPORT
  5
23
330
8
100
AcDbSymbolTableRecord
100
AcDbViewportTableRecord
  2
*Active
 70
0
 10
0.0
 20
0.0
 11
1.0
 21
1.0
 12
0.0
 22
0.0
 13
0.0
 23
0.0
 14
0.5
 24
0.5
 15
0.5
 25
0.5
 16
0.0
 26
0.0
 36
1.0
 17
0.0
 27
0.0
 37
0.0
 40
1000.0
 41
1.34
 42
50.0
 43
0.0
 44
0.0
 50
0.0
 51
0.0
 71
0
 72
1000
 73
1
 74
3
 75
0
 76
0
 77
0
 78
0
281
0
 65
0
146
0.0
  0
ENDTAB
  0
TABLE
  2
LTYPE
  5
2
330
0
100
AcDbSymbolTable
 70
5
  0
LTYPE
  5
24
330
2
100
AcDbSymbolTableRecord
100
AcDbLinetypeTableRecord
  2
ByBlock
 70
0
  3

 72
65
 73
0
 40
0.0
  0
LTYPE
  5
25
330
2
100
AcDbSymbolTableRecord
100
AcDbLinetypeTableRecord
  2
ByLayer
 70
0
  3

 72
65
 73
0
 40
0.0
  0
LTYPE
  5
26
330
2
100
AcDbSymbolTableRecord
100
AcDbLinetypeTableRecord
  2
Continuous
 70
0
  3

 72
65
 73
0
 40
0.0
  0
LTYPE
  5
2F
330
2
100
AcDbSymbolTableRecord
100
AcDbLinetypeTableRecord
  2
HIDDEN
 70
0
  3

 72
65
 73
2
 40
0.375
 49
0.25
 74
0
 49
-0.125
 74
0
  0
LTYPE
  5
30
330
2
100
AcDbSymbolTableRecord
100
AcDbLinetypeTableRecord
  2
DASHED
 70
0
  3

 72
65
 73
2
 40
0.5
 49
0.25
 74
0
 49
-0.25
 74
0
  0
ENDTAB
  0
TABLE
  2
LAYER
  5
1
330
0
100
AcDbSymbolTable
 70
16
  0
LAYER
  5
27
330
1
100
AcDbSymbolTableRecord
100
AcDbLayerTableRecord
  2
0
 70
0
 62
7
  6
Continuous
370
-3
390
13
347
21
  0
LAYER
  5
28
330
1
100
AcDbSymbolTableRecord
100
AcDbLayerTableRecord
  2
Defpoints
 70
0
 62
7
  6
Continuous
290
0
370
-3
390
13
347
21
  0
LAYER
  5
31
330
1
100
AcDbSymbolTableRecord
100
AcDbLayerTableRecord
  2
Paineis
 70
0
 62
200
  6
Continuous
370
-3
390
13
347
21
  0
LAYER
  5
32
330
1
100
AcDbSymbolTableRecord
100
AcDbLayerTableRecord
  2
SARR_2.2x7
 70
0
 62
40
  6
Continuous
370
-3
390
13
347
21
  0
LAYER
  5
33
330
1
100
AcDbSymbolTableRecord
100
AcDbLayerTableRecord
  2
CONCRETO
 70
0
 62
4
  6
Continuous
370
-3
390
13
347
21
  0
LAYER
  5
34
330
1
100
AcDbSymbolTableRecord
100
AcDbLayerTableRecord
  2
CHAPA
 70
0
 62
1
  6
Continuous
370
-3
390
13
347
21
  0
LAYER
  5
35
330
1
100
AcDbSymbolTableRecord
100
AcDbLayerTableRecord
  2
Hachura
 70
0
 62
251
  6
Continuous
370
-3
390
13
347
21
  0
LAYER
  5
36
330
1
100
AcDbSymbolTableRecord
100
AcDbLayerTableRecord
  2
Texto Secao
 70
0
 62
2
  6
Continuous
370
-3
390
13
347
21
  0
LAYER
  5
37
330
1
100
AcDbSymbolTableRecord
100
AcDbLayerTableRecord
  2
NOMENCLATURA
 70
0
 62
1
  6
Continuous
370
-3
390
13
347
21
  0
LAYER
  5
38
330
1
100
AcDbSymbolTableRecord
100
AcDbLayerTableRecord
  2
COTA
 70
0
 62
241
  6
Continuous
370
-3
390
13
347
21
  0
LAYER
  5
39
330
1
100
AcDbSymbolTableRecord
100
AcDbLayerTableRecord
  2
Nivel
 70
0
 62
4
  6
Continuous
370
-3
390
13
347
21
  0
LAYER
  5
3A
330
1
100
AcDbSymbolTableRecord
100
AcDbLayerTableRecord
  2
CARIMBO
 70
0
 62
9
  6
Continuous
370
-3
390
13
347
21
  0
LAYER
  5
3B
330
1
100
AcDbSymbolTableRecord
100
AcDbLayerTableRecord
  2
TEXTO_GERAL
 70
0
 62
2
  6
Continuous
370
-3
390
13
347
21
  0
LAYER
  5
3C
330
1
100
AcDbSymbolTableRecord
100
AcDbLayerTableRecord
  2
BORDA_CELULA
 70
0
 62
9
  6
Continuous
370
-3
390
13
347
21
  0
LAYER
  5
3D
330
1
100
AcDbSymbolTableRecord
100
AcDbLayerTableRecord
  2
LABEL_ID
 70
0
 62
3
  6
Continuous
370
-3
390
13
347
21
  0
LAYER
  5
3E
330
1
100
AcDbSymbolTableRecord
100
AcDbLayerTableRecord
  2
CELL_BORDER
 70
0
 62
8
  6
Continuous
370
-3
390
13
347
21
  0
ENDTAB
  0
TABLE
  2
STYLE
  5
5
330
0
100
AcDbSymbolTable
 70
1
  0
STYLE
  5
29
330
5
100
AcDbSymbolTableRecord
100
AcDbTextStyleTableRecord
  2
Standard
 70
0
 40
0.0
 41
1.0
 50
0.0
 71
0
 42
2.5
  3
txt
  4

  0
ENDTAB
  0
TABLE
  2
VIEW
  5
7
330
0
100
AcDbSymbolTable
 70
0
  0
ENDTAB
  0
TABLE
  2
UCS
  5
6
330
0
100
AcDbSymbolTable
 70
0
  0
ENDTAB
  0
TABLE
  2
APPID
  5
3
330
0
100
AcDbSymbolTable
 70
3
  0
APPID
  5
2A
330
3
100
AcDbSymbolTableRecord
100
AcDbRegAppTableRecord
  2
ACAD
 70
0
  0
APPID
  5
C5D
330
3
100
AcDbSymbolTableRecord
100
AcDbRegAppTableRecord
  2
HATCHBACKGROUNDCOLOR
 70
0
  0
APPID
  5
C5E
330
3
100
AcDbSymbolTableRecord
100
AcDbRegAppTableRecord
  2
EZDXF
 70
0
  0
ENDTAB
  0
TABLE
  2
DIMSTYLE
  5
4
330
0
100
AcDbSymbolTable
 70
1
100
AcDbDimStyleTable
  0
DIMSTYLE
105
2B
330
4
100
AcDbSymbolTableRecord
100
AcDbDimStyleTableRecord
  2
Standard
 70
0
 40
1.0
 41
2.5
 42
0.625
 43
3.75
 44
1.25
 45
0.0
 46
0.0
 47
0.0
 48
0.0
 49
2.5
140
2.5
141
2.5
142
0.0
143
0.03937007874
144
1.0
145
0.0
146
1.0
147
0.625
148
0.0
 69
0
 70
0
 71
0
 72
0
 73
0
 74
0
 75
0
 76
0
 77
1
 78
8
 79
3
170
0
171
3
172
1
173
0
174
0
175
0
176
0
177
0
178
0
179
2
271
2
272
2
273
2
274
3
275
0
276
0
277
2
278
44
279
0
280
0
281
0
282
0
283
0
284
8
285
0
286
0
288
0
289
3
290
0
371
-2
372
-2
  0
ENDTAB
  0
TABLE
  2
BLOCK_RECORD
  5
9
330
0
100
AcDbSymbolTable
 70
2
  0
BLOCK_RECORD
  5
17
330
9
100
AcDbSymbolTableRecord
100
AcDbBlockTableRecord
  2
*Model_Space
340
1A
 70
0
280
1
281
0
  0
BLOCK_RECORD
  5
1B
330
9
100
AcDbSymbolTableRecord
100
AcDbBlockTableRecord
  2
*Paper_Space
340
1E
 70
0
280
1
281
0
  0
ENDTAB
  0
ENDSEC
  0
SECTION
  2
BLOCKS
  0
BLOCK
  5
18
330
17
100
AcDbEntity
  8
0
100
AcDbBlockBegin
  2
*Model_Space
 70
0
 10
0.0
 20
0.0
 30
0.0
  3
*Model_Space
  1

  0
ENDBLK
  5
19
330
17
100
AcDbEntity
  8
0
100
AcDbBlockEnd
  0
BLOCK
  5
1C
330
1B
100
AcDbEntity
  8
0
100
AcDbBlockBegin
  2
*Paper_Space
 70
0
 10
0.0
 20
0.0
 30
0.0
  3
*Paper_Space
  1

  0
ENDBLK
  5
1D
330
1B
100
AcDbEntity
  8
0
100
AcDbBlockEnd
  0
ENDSEC
  0
SECTION
  2
ENTITIES
  0
LWPOLYLINE
  5
3F
330
17
100
AcDbEntity
  8
BORDA_CELULA
 62
9
100
AcDbPolyline
 90
4
 70
1
 10
0.0
 20
0.0
 10
393.4
 20
0.0
 10
393.4
 20
405.0
 10
0.0
 20
405.0
  0
TEXT
  5
40
330
17
100
AcDbEntity
  8
TEXTO_GERAL
 62
2
100
AcDbText
 10
383.4
 20
400.0
 30
0.0
 40
3.0
  1
TÉRREO - PD: 280.00
 72
2
 11
383.4
 21
400.0
 31
0.0
100
AcDbText
  0
TEXT
  5
41
330
17
100
AcDbEntity
  8
TEXTO_GERAL
 62
2
100
AcDbText
 10
383.4
 20
395.0
 30
0.0
 40
3.0
  1
NIVEL DE SAIDA: 280.00
 72
2
 11
383.4
 21
395.0
 31
0.0
100
AcDbText
  0
TEXT
  5
42
330
17
100
AcDbEntity
  8
TEXTO_GERAL
 62
2
100
AcDbText
 10
383.4
 20
390.0
 30
0.0
 40
3.0
  1
NIVEL DE CHEGADA: 0.00
 72
2
 11
383.4
 21
390.0
 31
0.0
100
AcDbText
  0
TEXT
  5
43
330
17
100
AcDbEntity
  8
NOMENCLATURA
 62
1
100
AcDbText
 10
20.0
 20
393.0
 30
0.0
 40
10.0
  1
P11
100
AcDbText
  0
LWPOLYLINE
  5
44
330
17
100
AcDbEntity
  8
CONCRETO
 62
4
100
AcDbPolyline
 90
4
 70
1
 10
31.200000000000003
 20
271.99999999999994
 10
87.2
 20
271.99999999999994
 10
87.2
 20
317.99999999999994
 10
31.200000000000003
 20
317.99999999999994
  0
HATCH
  5
45
330
17
100
AcDbEntity
  8
COTA
100
AcDbHatch
 10
0.0
 20
0.0
 30
0.0
210
0.0
220
0.0
230
1.0
  2
AR-CONC
 70
0
 71
0
 91
1
 92
3
 72
0
 73
1
 93
4
 10
31.200000000000003
 20
271.99999999999994
 10
87.2
 20
271.99999999999994
 10
87.2
 20
317.99999999999994
 10
31.200000000000003
 20
317.99999999999994
 97
0
 75
1
 76
1
 52
0.0
 41
0.03
 77
0
 78
13
 53
50.0
 43
0.0
 44
0.0
 45
5.4655400699
 46
-0.4781725662
 79
2
 49
0.5715
 49
-6.2865
 53
355.0
 43
0.0
 44
0.0
 45
-1.0573026428
 46
5.7317053572
 79
2
 49
0.4572
 49
-5.0292175251
 53
100.4514447
 43
0.45546021
 44
-0.039847605
 45
4.4082374127
 46
5.2535325574
 79
2
 49
0.485700264
 49
-5.342707338
 53
46.1842
 43
0.0
 44
1.524
 45
8.1323712268
 46
-1.261269838
 79
2
 49
0.85725
 49
-9.42975
 53
96.63555761
 43
0.677697
 44
1.418895
 45
7.1221240215
 46
7.4227837379
 79
2
 49
0.7285506942
 49
-8.0140682448
 53
351.18415117
 43
0.0
 44
1.524
 45
7.1221240219
 46
7.4227837376
 79
2
 49
0.6857990121
 49
-7.5437919576
 53
21.0
 43
0.762
 44
1.143
 45
4.5484317381
 46
-3.0679559456
 79
2
 49
0.5715
 49
-6.2865
 53
326.0
 43
0.762
 44
1.143
 45
1.8540608504
 46
5.5256389837
 79
2
 49
0.4572
 49
-5.0292
 53
71.451445
 43
1.141035978
 44
0.887337003
 45
6.4024925784
 46
2.4576830666
 79
2
 49
0.485700264
 49
-5.342698128
 53
37.5
 43
0.0
 44
0.0
 45
0.0926580975
 46
2.5366511662
 79
6
 49
0.0
 49
-4.96824
 49
0.0
 49
-5.1054
 49
0.0
 49
-5.04825
 53
7.5
 43
0.0
 44
0.0
 45
2.0045898753
 46
3.0054172445
 79
6
 49
0.0
 49
-2.91084
 49
0.0
 49
-4.85394
 49
0.0
 49
-1.92405
 53
-32.5
 43
-1.69926
 44
0.0
 45
4.067717855
 46
-0.1718623198
 79
6
 49
0.0
 49
-1.905
 49
0.0
 49
-5.9436
 49
0.0
 49
-7.8867
 53
-42.5
 43
-2.46126
 44
0.0
 45
4.4438754416
 46
0.762794731
 79
6
 49
0.0
 49
-2.4765
 49
0.0
 49
-3.94716
 49
0.0
 49
-5.6007
 98
0
  0
LWPOLYLINE
  5
46
330
17
100
AcDbEntity
  8
Paineis
100
AcDbPolyline
 90
4
 70
1
 10
31.200000000000003
 20
269.79999999999995
 10
87.2
 20
269.79999999999995
 10
87.2
 20
271.99999999999994
 10
31.200000000000003
 20
271.99999999999994
  0
HATCH
  5
47
330
17
100
AcDbEntity
  8
Paineis
100
AcDbHatch
 10
0.0
 20
0.0
 30
0.0
210
0.0
220
0.0
230
1.0
  2
SOLID
 70
1
 71
0
 91
1
 92
3
 72
0
 73
1
 93
4
 10
31.200000000000003
 20
269.79999999999995
 10
87.2
 20
269.79999999999995
 10
87.2
 20
271.99999999999994
 10
31.200000000000003
 20
271.99999999999994
 97
0
 75
0
 76
1
 98
0
  0
HATCH
  5
48
330
17
100
AcDbEntity
  8
Paineis
100
AcDbHatch
 10
0.0
 20
0.0
 30
0.0
210
0.0
220
0.0
230
1.0
  2
ANSI31
 70
0
 71
0
 91
1
 92
3
 72
0
 73
1
 93
4
 10
31.200000000000003
 20
269.79999999999995
 10
87.2
 20
269.79999999999995
 10
87.2
 20
271.99999999999994
 10
31.200000000000003
 20
271.99999999999994
 97
0
 75
1
 76
1
 52
270.0
 41
0.5
 77
0
 78
1
 53
315.0
 43
-0.0
 44
-0.0
 45
1.1225320152
 46
1.1225320151
 79
0
 98
0
  0
LWPOLYLINE
  5
49
330
17
100
AcDbEntity
  8
Paineis
100
AcDbPolyline
 90
4
 70
1
 10
31.200000000000003
 20
317.99999999999994
 10
87.2
 20
317.99999999999994
 10
87.2
 20
320.19999999999993
 10
31.200000000000003
 20
320.19999999999993
  0
HATCH
  5
4A
330
17
100
AcDbEntity
  8
Paineis
100
AcDbHatch
 10
0.0
 20
0.0
 30
0.0
210
0.0
220
0.0
230
1.0
  2
SOLID
 70
1
 71
0
 91
1
 92
3
 72
0
 73
1
 93
4
 10
31.200000000000003
 20
317.99999999999994
 10
87.2
 20
317.99999999999994
 10
87.2
 20
320.19999999999993
 10
31.200000000000003
 20
320.19999999999993
 97
0
 75
0
 76
1
 98
0
  0
HATCH
  5
4B
330
17
100
AcDbEntity
  8
Paineis
100
AcDbHatch
 10
0.0
 20
0.0
 30
0.0
210
0.0
220
0.0
230
1.0
  2
ANSI31
 70
0
 71
0
 91
1
 92
3
 72
0
 73
1
 93
4
 10
31.200000000000003
 20
317.99999999999994
 10
87.2
 20
317.99999999999994
 10
87.2
 20
320.19999999999993
 10
31.200000000000003
 20
320.19999999999993
 97
0
 75
1
 76
1
 52
270.0
 41
0.5
 77
0
 78
1
 53
315.0
 43
-0.0
 44
-0.0
 45
1.1225320152
 46
1.1225320151
 79
0
 98
0
  0
LWPOLYLINE
  5
4C
330
17
100
AcDbEntity
  8
Paineis
100
AcDbPolyline
 90
4
 70
1
 10
29.000000000000004
 20
271.99999999999994
 10
31.200000000000003
 20
271.99999999999994
 10
31.200000000000003
 20
317.99999999999994
 10
29.000000000000004
 20
317.99999999999994
  0
HATCH
  5
4D
330
17
100
AcDbEntity
  8
Paineis
100
AcDbHatch
 10
0.0
 20
0.0
 30
0.0
210
0.0
220
0.0
230
1.0
  2
SOLID
 70
1
 71
0
 91
1
 92
3
 72
0
 73
1
 93
4
 10
29.000000000000004
 20
271.99999999999994
 10
31.200000000000003
 20
271.99999999999994
 10
31.200000000000003
 20
317.99999999999994
 10
29.000000000000004
 20
317.99999999999994
 97
0
 75
0
 76
1
 98
0
  0
HATCH
  5
4E
330
17
100
AcDbEntity
  8
Paineis
100
AcDbHatch
 10
0.0
 20
0.0
 30
0.0
210
0.0
220
0.0
230
1.0
  2
ANSI31
 70
0
 71
0
 91
1
 92
3
 72
0
 73
1
 93
4
 10
29.000000000000004
 20
271.99999999999994
 10
31.200000000000003
 20
271.99999999999994
 10
31.200000000000003
 20
317.99999999999994
 10
29.000000000000004
 20
317.99999999999994
 97
0
 75
1
 76
1
 52
270.0
 41
0.5
 77
0
 78
1
 53
315.0
 43
-0.0
 44
-0.0
 45
1.1225320152
 46
1.1225320151
 79
0
 98
0
  0
LWPOLYLINE
  5
4F
330
17
100
AcDbEntity
  8
Paineis
100
AcDbPolyline
 90
4
 70
1
 10
87.2
 20
271.99999999999994
 10
89.4
 20
271.99999999999994
 10
89.4
 20
317.99999999999994
 10
87.2
 20
317.99999999999994
  0
HATCH
  5
50
330
17
100
AcDbEntity
  8
Paineis
100
AcDbHatch
 10
0.0
 20
0.0
 30
0.0
210
0.0
220
0.0
230
1.0
  2
SOLID
 70
1
 71
0
 91
1
 92
3
 72
0
 73
1
 93
4
 10
87.2
 20
271.99999999999994
 10
89.4
 20
271.99999999999994
 10
89.4
 20
317.99999999999994
 10
87.2
 20
317.99999999999994
 97
0
 75
0
 76
1
 98
0
  0
HATCH
  5
51
330
17
100
AcDbEntity
  8
Paineis
100
AcDbHatch
 10
0.0
 20
0.0
 30
0.0
210
0.0
220
0.0
230
1.0
  2
ANSI31
 70
0
 71
0
 91
1
 92
3
 72
0
 73
1
 93
4
 10
87.2
 20
271.99999999999994
 10
89.4
 20
271.99999999999994
 10
89.4
 20
317.99999999999994
 10
87.2
 20
317.99999999999994
 97
0
 75
1
 76
1
 52
270.0
 41
0.5
 77
0
 78
1
 53
315.0
 43
-0.0
 44
-0.0
 45
1.1225320152
 46
1.1225320151
 79
0
 98
0
  0
LWPOLYLINE
  5
52
330
17
100
AcDbEntity
  8
SARR_2.2x7
100
AcDbPolyline
 90
4
 70
1
 10
31.200000000000003
 20
262.79999999999995
 10
33.400000000000006
 20
262.79999999999995
 10
33.400000000000006
 20
269.79999999999995
 10
31.200000000000003
 20
269.79999999999995
  0
HATCH
  5
53
330
17
100
AcDbEntity
  8
SARR_2.2x7
100
AcDbHatch
 10
0.0
 20
0.0
 30
0.0
210
0.0
220
0.0
230
1.0
  2
SOLID
 70
1
 71
0
 91
1
 92
3
 72
0
 73
1
 93
4
 10
31.200000000000003
 20
262.79999999999995
 10
33.400000000000006
 20
262.79999999999995
 10
33.400000000000006
 20
269.79999999999995
 10
31.200000000000003
 20
269.79999999999995
 97
0
 75
0
 76
1
 98
0
  0
HATCH
  5
54
330
17
100
AcDbEntity
  8
SARR_2.2x7
100
AcDbHatch
 10
0.0
 20
0.0
 30
0.0
210
0.0
220
0.0
230
1.0
  2
ANSI31
 70
0
 71
0
 91
1
 92
3
 72
0
 73
1
 93
4
 10
31.200000000000003
 20
262.79999999999995
 10
33.400000000000006
 20
262.79999999999995
 10
33.400000000000006
 20
269.79999999999995
 10
31.200000000000003
 20
269.79999999999995
 97
0
 75
1
 76
1
 52
270.0
 41
0.5
 77
0
 78
1
 53
315.0
 43
-0.0
 44
-0.0
 45
1.1225320152
 46
1.1225320151
 79
0
 98
0
  0
LWPOLYLINE
  5
55
330
17
100
AcDbEntity
  8
SARR_2.2x7
100
AcDbPolyline
 90
4
 70
1
 10
49.13333333333333
 20
262.79999999999995
 10
51.333333333333336
 20
262.79999999999995
 10
51.333333333333336
 20
269.79999999999995
 10
49.13333333333333
 20
269.79999999999995
  0
HATCH
  5
56
330
17
100
AcDbEntity
  8
SARR_2.2x7
100
AcDbHatch
 10
0.0
 20
0.0
 30
0.0
210
0.0
220
0.0
230
1.0
  2
SOLID
 70
1
 71
0
 91
1
 92
3
 72
0
 73
1
 93
4
 10
49.13333333333333
 20
262.79999999999995
 10
51.333333333333336
 20
262.79999999999995
 10
51.333333333333336
 20
269.79999999999995
 10
49.13333333333333
 20
269.79999999999995
 97
0
 75
0
 76
1
 98
0
  0
HATCH
  5
57
330
17
100
AcDbEntity
  8
SARR_2.2x7
100
AcDbHatch
 10
0.0
 20
0.0
 30
0.0
210
0.0
220
0.0
230
1.0
  2
ANSI31
 70
0
 71
0
 91
1
 92
3
 72
0
 73
1
 93
4
 10
49.13333333333333
 20
262.79999999999995
 10
51.333333333333336
 20
262.79999999999995
 10
51.333333333333336
 20
269.79999999999995
 10
49.13333333333333
 20
269.79999999999995
 97
0
 75
1
 76
1
 52
270.0
 41
0.5
 77
0
 78
1
 53
315.0
 43
-0.0
 44
-0.0
 45
1.1225320152
 46
1.1225320151
 79
0
 98
0
  0
LWPOLYLINE
  5
58
330
17
100
AcDbEntity
  8
SARR_2.2x7
100
AcDbPolyline
 90
4
 70
1
 10
67.06666666666668
 20
262.79999999999995
 10
69.26666666666668
 20
262.79999999999995
 10
69.26666666666668
 20
269.79999999999995
 10
67.06666666666668
 20
269.79999999999995
  0
HATCH
  5
59
330
17
100
AcDbEntity
  8
SARR_2.2x7
100
AcDbHatch
 10
0.0
 20
0.0
 30
0.0
210
0.0
220
0.0
230
1.0
  2
SOLID
 70
1
 71
0
 91
1
 92
3
 72
0
 73
1
 93
4
 10
67.06666666666668
 20
262.79999999999995
 10
69.26666666666668
 20
262.79999999999995
 10
69.26666666666668
 20
269.79999999999995
 10
67.06666666666668
 20
269.79999999999995
 97
0
 75
0
 76
1
 98
0
  0
HATCH
  5
5A
330
17
100
AcDbEntity
  8
SARR_2.2x7
100
AcDbHatch
 10
0.0
 20
0.0
 30
0.0
210
0.0
220
0.0
230
1.0
  2
ANSI31
 70
0
 71
0
 91
1
 92
3
 72
0
 73
1
 93
4
 10
67.06666666666668
 20
262.79999999999995
 10
69.26666666666668
 20
262.79999999999995
 10
69.26666666666668
 20
269.79999999999995
 10
67.06666666666668
 20
269.79999999999995
 97
0
 75
1
 76
1
 52
270.0
 41
0.5
 77
0
 78
1
 53
315.0
 43
-0.0
 44
-0.0
 45
1.1225320152
 46
1.1225320151
 79
0
 98
0
  0
LWPOLYLINE
  5
5B
330
17
100
AcDbEntity
  8
SARR_2.2x7
100
AcDbPolyline
 90
4
 70
1
 10
85.0
 20
262.79999999999995
 10
87.2
 20
262.79999999999995
 10
87.2
 20
269.79999999999995
 10
85.0
 20
269.79999999999995
  0
HATCH
  5
5C
330
17
100
AcDbEntity
  8
SARR_2.2x7
100
AcDbHatch
 10
0.0
 20
0.0
 30
0.0
210
0.0
220
0.0
230
1.0
  2
SOLID
 70
1
 71
0
 91
1
 92
3
 72
0
 73
1
 93
4
 10
85.0
 20
262.79999999999995
 10
87.2
 20
262.79999999999995
 10
87.2
 20
269.79999999999995
 10
85.0
 20
269.79999999999995
 97
0
 75
0
 76
1
 98
0
  0
HATCH
  5
5D
330
17
100
AcDbEntity
  8
SARR_2.2x7
100
AcDbHatch
 10
0.0
 20
0.0
 30
0.0
210
0.0
220
0.0
230
1.0
  2
ANSI31
 70
0
 71
0
 91
1
 92
3
 72
0
 73
1
 93
4
 10
85.0
 20
262.79999999999995
 10
87.2
 20
262.79999999999995
 10
87.2
 20
269.79999999999995
 10
85.0
 20
269.79999999999995
 97
0
 75
1
 76
1
 52
270.0
 41
0.5
 77
0
 78
1
 53
315.0
 43
-0.0
 44
-0.0
 45
1.1225320152
 46
1.1225320151
 79
0
 98
0
  0
LWPOLYLINE
  5
5E
330
17
100
AcDbEntity
  8
SARR_2.2x7
100
AcDbPolyline
 90
4
 70
1
 10
31.200000000000003
 20
320.19999999999993
 10
33.400000000000006
 20
320.19999999999993
 10
33.400000000000006
 20
327.19999999999993
 10
31.200000000000003
 20
327.19999999999993
  0
HATCH
  5
5F
330
17
100
AcDbEntity
  8
SARR_2.2x7
100
AcDbHatch
 10
0.0
 20
0.0
 30
0.0
210
0.0
220
0.0
230
1.0
  2
SOLID
 70
1
 71
0
 91
1
 92
3
 72
0
 73
1
 93
4
 10
31.200000000000003
 20
320.19999999999993
 10
33.400000000000006
 20
320.19999999999993
 10
33.400000000000006
 20
327.19999999999993
 10
31.200000000000003
 20
327.19999999999993
 97
0
 75
0
 76
1
 98
0
  0
HATCH
  5
60
330
17
100
AcDbEntity
  8
SARR_2.2x7
100
AcDbHatch
 10
0.0
 20
0.0
 30
0.0
210
0.0
220
0.0
230
1.0
  2
ANSI31
 70
0
 71
0
 91
1
 92
3
 72
0
 73
1
 93
4
 10
31.200000000000003
 20
320.19999999999993
 10
33.400000000000006
 20
320.19999999999993
 10
33.400000000000006
 20
327.19999999999993
 10
31.200000000000003
 20
327.19999999999993
 97
0
 75
1
 76
1
 52
270.0
 41
0.5
 77
0
 78
1
 53
315.0
 43
-0.0
 44
-0.0
 45
1.1225320152
 46
1.1225320151
 79
0
 98
0
  0
LWPOLYLINE
  5
61
330
17
100
AcDbEntity
  8
SARR_2.2x7
100
AcDbPolyline
 90
4
 70
1
 10
49.13333333333333
 20
320.19999999999993
 10
51.333333333333336
 20
320.19999999999993
 10
51.333333333333336
 20
327.19999999999993
 10
49.13333333333333
 20
327.19999999999993
  0
HATCH
  5
62
330
17
100
AcDbEntity
  8
SARR_2.2x7
100
AcDbHatch
 10
0.0
 20
0.0
 30
0.0
210
0.0
220
0.0
230
1.0
  2
SOLID
 70
1
 71
0
 91
1
 92
3
 72
0
 73
1
 93
4
 10
49.13333333333333
 20
320.19999999999993
 10
51.333333333333336
 20
320.19999999999993
 10
51.333333333333336
 20
327.19999999999993
 10
49.13333333333333
 20
327.19999999999993
 97
0
 75
0
 76
1
 98
0
  0
HATCH
  5
63
330
17
100
AcDbEntity
  8
SARR_2.2x7
100
AcDbHatch
 10
0.0
 20
0.0
 30
0.0
210
0.0
220
0.0
230
1.0
  2
ANSI31
 70
0
 71
0
 91
1
 92
3
 72
0
 73
1
 93
4
 10
49.13333333333333
 20
320.19999999999993
 10
51.333333333333336
 20
320.19999999999993
 10
51.333333333333336
 20
327.19999999999993
 10
49.13333333333333
 20
327.19999999999993
 97
0
 75
1
 76
1
 52
270.0
 41
0.5
 77
0
 78
1
 53
315.0
 43
-0.0
 44
-0.0
 45
1.1225320152
 46
1.1225320151
 79
0
 98
0
  0
LWPOLYLINE
  5
64
330
17
100
AcDbEntity
  8
SARR_2.2x7
100
AcDbPolyline
 90
4
 70
1
 10
67.06666666666668
 20
320.19999999999993
 10
69.26666666666668
 20
320.19999999999993
 10
69.26666666666668
 20
327.19999999999993
 10
67.06666666666668
 20
327.19999999999993
  0
HATCH
  5
65
330
17
100
AcDbEntity
  8
SARR_2.2x7
100
AcDbHatch
 10
0.0
 20
0.0
 30
0.0
210
0.0
220
0.0
230
1.0
  2
SOLID
 70
1
 71
0
 91
1
 92
3
 72
0
 73
1
 93
4
 10
67.06666666666668
 20
320.19999999999993
 10
69.26666666666668
 20
320.19999999999993
 10
69.26666666666668
 20
327.19999999999993
 10
67.06666666666668
 20
327.19999999999993
 97
0
 75
0
 76
1
 98
0
  0
HATCH
  5
66
330
17
100
AcDbEntity
  8
SARR_2.2x7
100
AcDbHatch
 10
0.0
 20
0.0
 30
0.0
210
0.0
220
0.0
230
1.0
  2
ANSI31
 70
0
 71
0
 91
1
 92
3
 72
0
 73
1
 93
4
 10
67.06666666666668
 20
320.19999999999993
 10
69.26666666666668
 20
320.19999999999993
 10
69.26666666666668
 20
327.19999999999993
 10
67.06666666666668
 20
327.19999999999993
 97
0
 75
1
 76
1
 52
270.0
 41
0.5
 77
0
 78
1
 53
315.0
 43
-0.0
 44
-0.0
 45
1.1225320152
 46
1.1225320151
 79
0
 98
0
  0
LWPOLYLINE
  5
67
330
17
100
AcDbEntity
  8
SARR_2.2x7
100
AcDbPolyline
 90
4
 70
1
 10
85.0
 20
320.19999999999993
 10
87.2
 20
320.19999999999993
 10
87.2
 20
327.19999999999993
 10
85.0
 20
327.19999999999993
  0
HATCH
  5
68
330
17
100
AcDbEntity
  8
SARR_2.2x7
100
AcDbHatch
 10
0.0
 20
0.0
 30
0.0
210
0.0
220
0.0
230
1.0
  2
SOLID
 70
1
 71
0
 91
1
 92
3
 72
0
 73
1
 93
4
 10
85.0
 20
320.19999999999993
 10
87.2
 20
320.19999999999993
 10
87.2
 20
327.19999999999993
 10
85.0
 20
327.19999999999993
 97
0
 75
0
 76
1
 98
0
  0
HATCH
  5
69
330
17
100
AcDbEntity
  8
SARR_2.2x7
100
AcDbHatch
 10
0.0
 20
0.0
 30
0.0
210
0.0
220
0.0
230
1.0
  2
ANSI31
 70
0
 71
0
 91
1
 92
3
 72
0
 73
1
 93
4
 10
85.0
 20
320.19999999999993
 10
87.2
 20
320.19999999999993
 10
87.2
 20
327.19999999999993
 10
85.0
 20
327.19999999999993
 97
0
 75
1
 76
1
 52
270.0
 41
0.5
 77
0
 78
1
 53
315.0
 43
-0.0
 44
-0.0
 45
1.1225320152
 46
1.1225320151
 79
0
 98
0
  0
LWPOLYLINE
  5
6A
330
17
100
AcDbEntity
  8
SARR_2.2x7
100
AcDbPolyline
 90
4
 70
1
 10
22.000000000000004
 20
271.99999999999994
 10
29.000000000000004
 20
271.99999999999994
 10
29.000000000000004
 20
274.19999999999993
 10
22.000000000000004
 20
274.19999999999993
  0
HATCH
  5
6B
330
17
100
AcDbEntity
  8
SARR_2.2x7
100
AcDbHatch
 10
0.0
 20
0.0
 30
0.0
210
0.0
220
0.0
230
1.0
  2
SOLID
 70
1
 71
0
 91
1
 92
3
 72
0
 73
1
 93
4
 10
22.000000000000004
 20
271.99999999999994
 10
29.000000000000004
 20
271.99999999999994
 10
29.000000000000004
 20
274.19999999999993
 10
22.000000000000004
 20
274.19999999999993
 97
0
 75
0
 76
1
 98
0
  0
HATCH
  5
6C
330
17
100
AcDbEntity
  8
SARR_2.2x7
100
AcDbHatch
 10
0.0
 20
0.0
 30
0.0
210
0.0
220
0.0
230
1.0
  2
ANSI31
 70
0
 71
0
 91
1
 92
3
 72
0
 73
1
 93
4
 10
22.000000000000004
 20
271.99999999999994
 10
29.000000000000004
 20
271.99999999999994
 10
29.000000000000004
 20
274.19999999999993
 10
22.000000000000004
 20
274.19999999999993
 97
0
 75
1
 76
1
 52
270.0
 41
0.5
 77
0
 78
1
 53
315.0
 43
-0.0
 44
-0.0
 45
1.1225320152
 46
1.1225320151
 79
0
 98
0
  0
LWPOLYLINE
  5
6D
330
17
100
AcDbEntity
  8
SARR_2.2x7
100
AcDbPolyline
 90
4
 70
1
 10
22.000000000000004
 20
293.8999999999999
 10
29.000000000000004
 20
293.8999999999999
 10
29.000000000000004
 20
296.0999999999999
 10
22.000000000000004
 20
296.0999999999999
  0
HATCH
  5
6E
330
17
100
AcDbEntity
  8
SARR_2.2x7
100
AcDbHatch
 10
0.0
 20
0.0
 30
0.0
210
0.0
220
0.0
230
1.0
  2
SOLID
 70
1
 71
0
 91
1
 92
3
 72
0
 73
1
 93
4
 10
22.000000000000004
 20
293.8999999999999
 10
29.000000000000004
 20
293.8999999999999
 10
29.000000000000004
 20
296.0999999999999
 10
22.000000000000004
 20
296.0999999999999
 97
0
 75
0
 76
1
 98
0
  0
HATCH
  5
6F
330
17
100
AcDbEntity
  8
SARR_2.2x7
100
AcDbHatch
 10
0.0
 20
0.0
 30
0.0
210
0.0
220
0.0
230
1.0
  2
ANSI31
 70
0
 71
0
 91
1
 92
3
 72
0
 73
1
 93
4
 10
22.000000000000004
 20
293.8999999999999
 10
29.000000000000004
 20
293.8999999999999
 10
29.000000000000004
 20
296.0999999999999
 10
22.000000000000004
 20
296.0999999999999
 97
0
 75
1
 76
1
 52
270.0
 41
0.5
 77
0
 78
1
 53
315.0
 43
-0.0
 44
-0.0
 45
1.1225320152
 46
1.1225320151
 79
0
 98
0
  0
LWPOLYLINE
  5
70
330
17
100
AcDbEntity
  8
SARR_2.2x7
100
AcDbPolyline
 90
4
 70
1
 10
22.000000000000004
 20
315.7999999999999
 10
29.000000000000004
 20
315.7999999999999
 10
29.000000000000004
 20
317.9999999999999
 10
22.000000000000004
 20
317.9999999999999
  0
HATCH
  5
71
330
17
100
AcDbEntity
  8
SARR_2.2x7
100
AcDbHatch
 10
0.0
 20
0.0
 30
0.0
210
0.0
220
0.0
230
1.0
  2
SOLID
 70
1
 71
0
 91
1
 92
3
 72
0
 73
1
 93
4
 10
22.000000000000004
 20
315.7999999999999
 10
29.000000000000004
 20
315.7999999999999
 10
29.000000000000004
 20
317.9999999999999
 10
22.000000000000004
 20
317.9999999999999
 97
0
 75
0
 76
1
 98
0
  0
HATCH
  5
72
330
17
100
AcDbEntity
  8
SARR_2.2x7
100
AcDbHatch
 10
0.0
 20
0.0
 30
0.0
210
0.0
220
0.0
230
1.0
  2
ANSI31
 70
0
 71
0
 91
1
 92
3
 72
0
 73
1
 93
4
 10
22.000000000000004
 20
315.7999999999999
 10
29.000000000000004
 20
315.7999999999999
 10
29.000000000000004
 20
317.9999999999999
 10
22.000000000000004
 20
317.9999999999999
 97
0
 75
1
 76
1
 52
270.0
 41
0.5
 77
0
 78
1
 53
315.0
 43
-0.0
 44
-0.0
 45
1.1225320152
 46
1.1225320151
 79
0
 98
0
  0
LWPOLYLINE
  5
73
330
17
100
AcDbEntity
  8
SARR_2.2x7
100
AcDbPolyline
 90
4
 70
1
 10
89.4
 20
271.99999999999994
 10
96.4
 20
271.99999999999994
 10
96.4
 20
274.19999999999993
 10
89.4
 20
274.19999999999993
  0
HATCH
  5
74
330
17
100
AcDbEntity
  8
SARR_2.2x7
100
AcDbHatch
 10
0.0
 20
0.0
 30
0.0
210
0.0
220
0.0
230
1.0
  2
SOLID
 70
1
 71
0
 91
1
 92
3
 72
0
 73
1
 93
4
 10
89.4
 20
271.99999999999994
 10
96.4
 20
271.99999999999994
 10
96.4
 20
274.19999999999993
 10
89.4
 20
274.19999999999993
 97
0
 75
0
 76
1
 98
0
  0
HATCH
  5
75
330
17
100
AcDbEntity
  8
SARR_2.2x7
100
AcDbHatch
 10
0.0
 20
0.0
 30
0.0
210
0.0
220
0.0
230
1.0
  2
ANSI31
 70
0
 71
0
 91
1
 92
3
 72
0
 73
1
 93
4
 10
89.4
 20
271.99999999999994
 10
96.4
 20
271.99999999999994
 10
96.4
 20
274.19999999999993
 10
89.4
 20
274.19999999999993
 97
0
 75
1
 76
1
 52
270.0
 41
0.5
 77
0
 78
1
 53
315.0
 43
-0.0
 44
-0.0
 45
1.1225320152
 46
1.1225320151
 79
0
 98
0
  0
LWPOLYLINE
  5
76
330
17
100
AcDbEntity
  8
SARR_2.2x7
100
AcDbPolyline
 90
4
 70
1
 10
89.4
 20
293.8999999999999
 10
96.4
 20
293.8999999999999
 10
96.4
 20
296.0999999999999
 10
89.4
 20
296.0999999999999
  0
HATCH
  5
77
330
17
100
AcDbEntity
  8
SARR_2.2x7
100
AcDbHatch
 10
0.0
 20
0.0
 30
0.0
210
0.0
220
0.0
230
1.0
  2
SOLID
 70
1
 71
0
 91
1
 92
3
 72
0
 73
1
 93
4
 10
89.4
 20
293.8999999999999
 10
96.4
 20
293.8999999999999
 10
96.4
 20
296.0999999999999
 10
89.4
 20
296.0999999999999
 97
0
 75
0
 76
1
 98
0
  0
HATCH
  5
78
330
17
100
AcDbEntity
  8
SARR_2.2x7
100
AcDbHatch
 10
0.0
 20
0.0
 30
0.0
210
0.0
220
0.0
230
1.0
  2
ANSI31
 70
0
 71
0
 91
1
 92
3
 72
0
 73
1
 93
4
 10
89.4
 20
293.8999999999999
 10
96.4
 20
293.8999999999999
 10
96.4
 20
296.0999999999999
 10
89.4
 20
296.0999999999999
 97
0
 75
1
 76
1
 52
270.0
 41
0.5
 77
0
 78
1
 53
315.0
 43
-0.0
 44
-0.0
 45
1.1225320152
 46
1.1225320151
 79
0
 98
0
  0
LWPOLYLINE
  5
79
330
17
100
AcDbEntity
  8
SARR_2.2x7
100
AcDbPolyline
 90
4
 70
1
 10
89.4
 20
315.7999999999999
 10
96.4
 20
315.7999999999999
 10
96.4
 20
317.9999999999999
 10
89.4
 20
317.9999999999999
  0
HATCH
  5
7A
330
17
100
AcDbEntity
  8
SARR_2.2x7
100
AcDbHatch
 10
0.0
 20
0.0
 30
0.0
210
0.0
220
0.0
230
1.0
  2
SOLID
 70
1
 71
0
 91
1
 92
3
 72
0
 73
1
 93
4
 10
89.4
 20
315.7999999999999
 10
96.4
 20
315.7999999999999
 10
96.4
 20
317.9999999999999
 10
89.4
 20
317.9999999999999
 97
0
 75
0
 76
1
 98
0
  0
HATCH
  5
7B
330
17
100
AcDbEntity
  8
SARR_2.2x7
100
AcDbHatch
 10
0.0
 20
0.0
 30
0.0
210
0.0
220
0.0
230
1.0
  2
ANSI31
 70
0
 71
0
 91
1
 92
3
 72
0
 73
1
 93
4
 10
89.4
 20
315.7999999999999
 10
96.4
 20
315.7999999999999
 10
96.4
 20
317.9999999999999
 10
89.4
 20
317.9999999999999
 97
0
 75
1
 76
1
 52
270.0
 41
0.5
 77
0
 78
1
 53
315.0
 43
-0.0
 44
-0.0
 45
1.1225320152
 46
1.1225320151
 79
0
 98
0
  0
LWPOLYLINE
  5
7C
330
17
100
AcDbEntity
  8
CHAPA
 62
1
100
AcDbPolyline
 90
4
 70
1
 10
27.000000000000004
 20
267.79999999999995
 10
29.000000000000004
 20
267.79999999999995
 10
29.000000000000004
 20
269.79999999999995
 10
27.000000000000004
 20
269.79999999999995
  0
HATCH
  5
7D
330
17
100
AcDbEntity
  8
CHAPA
 62
1
100
AcDbHatch
 10
0.0
 20
0.0
 30
0.0
210
0.0
220
0.0
230
1.0
  2
SOLID
 70
1
 71
0
 91
1
 92
3
 72
0
 73
1
 93
4
 10
27.000000000000004
 20
267.79999999999995
 10
29.000000000000004
 20
267.79999999999995
 10
29.000000000000004
 20
269.79999999999995
 10
27.000000000000004
 20
269.79999999999995
 97
0
 75
0
 76
1
 98
0
  0
LWPOLYLINE
  5
7E
330
17
100
AcDbEntity
  8
CHAPA
 62
1
100
AcDbPolyline
 90
4
 70
1
 10
89.4
 20
267.79999999999995
 10
91.4
 20
267.79999999999995
 10
91.4
 20
269.79999999999995
 10
89.4
 20
269.79999999999995
  0
HATCH
  5
7F
330
17
100
AcDbEntity
  8
CHAPA
 62
1
100
AcDbHatch
 10
0.0
 20
0.0
 30
0.0
210
0.0
220
0.0
230
1.0
  2
SOLID
 70
1
 71
0
 91
1
 92
3
 72
0
 73
1
 93
4
 10
89.4
 20
267.79999999999995
 10
91.4
 20
267.79999999999995
 10
91.4
 20
269.79999999999995
 10
89.4
 20
269.79999999999995
 97
0
 75
0
 76
1
 98
0
  0
LWPOLYLINE
  5
80
330
17
100
AcDbEntity
  8
CHAPA
 62
1
100
AcDbPolyline
 90
4
 70
1
 10
89.4
 20
320.19999999999993
 10
91.4
 20
320.19999999999993
 10
91.4
 20
322.19999999999993
 10
89.4
 20
322.19999999999993
  0
HATCH
  5
81
330
17
100
AcDbEntity
  8
CHAPA
 62
1
100
AcDbHatch
 10
0.0
 20
0.0
 30
0.0
210
0.0
220
0.0
230
1.0
  2
SOLID
 70
1
 71
0
 91
1
 92
3
 72
0
 73
1
 93
4
 10
89.4
 20
320.19999999999993
 10
91.4
 20
320.19999999999993
 10
91.4
 20
322.19999999999993
 10
89.4
 20
322.19999999999993
 97
0
 75
0
 76
1
 98
0
  0
LWPOLYLINE
  5
82
330
17
100
AcDbEntity
  8
CHAPA
 62
1
100
AcDbPolyline
 90
4
 70
1
 10
27.000000000000004
 20
320.19999999999993
 10
29.000000000000004
 20
320.19999999999993
 10
29.000000000000004
 20
322.19999999999993
 10
27.000000000000004
 20
322.19999999999993
  0
HATCH
  5
83
330
17
100
AcDbEntity
  8
CHAPA
 62
1
100
AcDbHatch
 10
0.0
 20
0.0
 30
0.0
210
0.0
220
0.0
230
1.0
  2
SOLID
 70
1
 71
0
 91
1
 92
3
 72
0
 73
1
 93
4
 10
27.000000000000004
 20
320.19999999999993
 10
29.000000000000004
 20
320.19999999999993
 10
29.000000000000004
 20
322.19999999999993
 10
27.000000000000004
 20
322.19999999999993
 97
0
 75
0
 76
1
 98
0
  0
TEXT
  5
84
330
17
100
AcDbEntity
  8
Texto Secao
 62
2
100
AcDbText
 10
59.2
 20
259.79999999999995
 30
0.0
 40
4.0
  1
A
 72
1
 11
59.2
 21
259.79999999999995
 31
0.0
100
AcDbText
 73
3
  0
TEXT
  5
85
330
17
100
AcDbEntity
  8
Texto Secao
 62
2
100
AcDbText
 10
59.2
 20
330.19999999999993
 30
0.0
 40
4.0
  1
C
 72
1
 11
59.2
 21
330.19999999999993
 31
0.0
100
AcDbText
 73
1
  0
TEXT
  5
86
330
17
100
AcDbEntity
  8
Texto Secao
 62
2
100
AcDbText
 10
19.000000000000004
 20
294.99999999999994
 30
0.0
 40
4.0
  1
D
 72
2
 11
19.000000000000004
 21
294.99999999999994
 31
0.0
100
AcDbText
 73
2
  0
TEXT
  5
87
330
17
100
AcDbEntity
  8
Texto Secao
 62
2
100
AcDbText
 10
99.4
 20
294.99999999999994
 30
0.0
 40
4.0
  1
B
 11
99.4
 21
294.99999999999994
 31
0.0
100
AcDbText
 73
2
  0
TEXT
  5
88
330
17
100
AcDbEntity
  8
Cota Secao (2x)
 62
4
100
AcDbText
 10
59.2
 20
250.79999999999995
 30
0.0
 40
3.4
  1
56x46cm
 72
1
 11
59.2
 21
250.79999999999995
 31
0.0
100
AcDbText
 73
3
  0
TEXT
  5
89
330
17
100
AcDbEntity
  8
Texto Secao
 62
2
100
AcDbText
 10
59.2
 20
339.19999999999993
 30
0.0
 40
4.0
  1
VISAO DE CIMA
 72
1
 11
59.2
 21
339.19999999999993
 31
0.0
100
AcDbText
 73
1
  0
LWPOLYLINE
  5
8A
330
17
100
AcDbEntity
  8
Paineis
100
AcDbPolyline
 90
4
 70
1
 10
128.4
 20
55.0
 10
184.4
 20
55.0
 10
184.4
 20
301.0
 10
128.4
 20
301.0
  0
HATCH
  5
8B
330
17
100
AcDbEntity
  8
Hachura
100
AcDbHatch
 10
0.0
 20
0.0
 30
0.0
210
0.0
220
0.0
230
1.0
  2
SOLID
 70
1
 71
0
 91
1
 92
3
 72
0
 73
1
 93
4
 10
128.4
 20
55.0
 10
184.4
 20
55.0
 10
184.4
 20
301.0
 10
128.4
 20
301.0
 97
0
 75
0
 76
1
 98
0
  0
HATCH
  5
8C
330
17
100
AcDbEntity
  8
Hachura
100
AcDbHatch
 10
0.0
 20
0.0
 30
0.0
210
0.0
220
0.0
230
1.0
  2
ANSI31
 70
0
 71
0
 91
1
 92
3
 72
0
 73
1
 93
4
 10
128.4
 20
55.0
 10
184.4
 20
55.0
 10
184.4
 20
301.0
 10
128.4
 20
301.0
 97
0
 75
1
 76
1
 52
0.0
 41
5.0
 77
0
 78
1
 53
45.0
 43
0.0
 44
0.0
 45
-11.2253201515
 46
11.2253201515
 79
0
 98
0
  0
LWPOLYLINE
  5
8D
330
17
100
AcDbEntity
  8
Paineis
100
AcDbPolyline
 90
4
 70
1
 10
128.4
 20
301.0
 10
184.4
 20
301.0
 10
184.4
 20
335.0
 10
128.4
 20
335.0
  0
HATCH
  5
8E
330
17
100
AcDbEntity
  8
Hachura
100
AcDbHatch
 10
0.0
 20
0.0
 30
0.0
210
0.0
220
0.0
230
1.0
  2
SOLID
 70
1
 71
0
 91
1
 92
3
 72
0
 73
1
 93
4
 10
128.4
 20
301.0
 10
184.4
 20
301.0
 10
184.4
 20
335.0
 10
128.4
 20
335.0
 97
0
 75
0
 76
1
 98
0
  0
HATCH
  5
8F
330
17
100
AcDbEntity
  8
Hachura
100
AcDbHatch
 10
0.0
 20
0.0
 30
0.0
210
0.0
220
0.0
230
1.0
  2
ANSI31
 70
0
 71
0
 91
1
 92
3
 72
0
 73
1
 93
4
 10
128.4
 20
301.0
 10
184.4
 20
301.0
 10
184.4
 20
335.0
 10
128.4
 20
335.0
 97
0
 75
1
 76
1
 52
0.0
 41
2.5
 77
0
 78
1
 53
45.0
 43
0.0
 44
0.0
 45
-5.6126600758
 46
5.6126600758
 79
0
 98
0
  0
LINE
  5
90
330
17
100
AcDbEntity
  8
Paineis
100
AcDbLine
 10
128.4
 20
299.0
 30
0.0
 11
184.4
 21
299.0
 31
0.0
  0
LINE
  5
91
330
17
100
AcDbEntity
  8
Paineis
100
AcDbLine
 10
128.4
 20
57.0
 30
0.0
 11
184.4
 21
57.0
 31
0.0
  0
LINE
  5
92
330
17
100
AcDbEntity
  8
SARR_2.2x7
  6
HIDDEN
 48
30.0
100
AcDbLine
 10
129.5
 20
55.0
 30
0.0
 11
129.5
 21
335.0
 31
0.0
  0
LINE
  5
93
330
17
100
AcDbEntity
  8
SARR_2.2x7
  6
HIDDEN
 48
30.0
100
AcDbLine
 10
147.43333333333334
 20
55.0
 30
0.0
 11
147.43333333333334
 21
335.0
 31
0.0
  0
LINE
  5
94
330
17
100
AcDbEntity
  8
SARR_2.2x7
  6
HIDDEN
 48
30.0
100
AcDbLine
 10
165.36666666666667
 20
55.0
 30
0.0
 11
165.36666666666667
 21
335.0
 31
0.0
  0
LINE
  5
95
330
17
100
AcDbEntity
  8
SARR_2.2x7
  6
HIDDEN
 48
30.0
100
AcDbLine
 10
183.3
 20
55.0
 30
0.0
 11
183.3
 21
335.0
 31
0.0
  0
TEXT
  5
96
330
17
100
AcDbEntity
  8
Texto Secao
 62
2
100
AcDbText
 10
156.4
 20
47.0
 30
0.0
 40
4.5
  1
P11.A
 50
90.0
100
AcDbText
  0
LWPOLYLINE
  5
97
330
17
100
AcDbEntity
  8
Paineis
100
AcDbPolyline
 90
4
 70
1
 10
192.4
 20
55.0
 10
238.4
 20
55.0
 10
238.4
 20
301.0
 10
192.4
 20
301.0
  0
HATCH
  5
98
330
17
100
AcDbEntity
  8
Hachura
100
AcDbHatch
 10
0.0
 20
0.0
 30
0.0
210
0.0
220
0.0
230
1.0
  2
SOLID
 70
1
 71
0
 91
1
 92
3
 72
0
 73
1
 93
4
 10
192.4
 20
55.0
 10
238.4
 20
55.0
 10
238.4
 20
301.0
 10
192.4
 20
301.0
 97
0
 75
0
 76
1
 98
0
  0
HATCH
  5
99
330
17
100
AcDbEntity
  8
Hachura
100
AcDbHatch
 10
0.0
 20
0.0
 30
0.0
210
0.0
220
0.0
230
1.0
  2
ANSI31
 70
0
 71
0
 91
1
 92
3
 72
0
 73
1
 93
4
 10
192.4
 20
55.0
 10
238.4
 20
55.0
 10
238.4
 20
301.0
 10
192.4
 20
301.0
 97
0
 75
1
 76
1
 52
0.0
 41
5.0
 77
0
 78
1
 53
45.0
 43
0.0
 44
0.0
 45
-11.2253201515
 46
11.2253201515
 79
0
 98
0
  0
LWPOLYLINE
  5
9A
330
17
100
AcDbEntity
  8
Paineis
100
AcDbPolyline
 90
4
 70
1
 10
192.4
 20
301.0
 10
238.4
 20
301.0
 10
238.4
 20
335.0
 10
192.4
 20
335.0
  0
HATCH
  5
9B
330
17
100
AcDbEntity
  8
Hachura
100
AcDbHatch
 10
0.0
 20
0.0
 30
0.0
210
0.0
220
0.0
230
1.0
  2
SOLID
 70
1
 71
0
 91
1
 92
3
 72
0
 73
1
 93
4
 10
192.4
 20
301.0
 10
238.4
 20
301.0
 10
238.4
 20
335.0
 10
192.4
 20
335.0
 97
0
 75
0
 76
1
 98
0
  0
HATCH
  5
9C
330
17
100
AcDbEntity
  8
Hachura
100
AcDbHatch
 10
0.0
 20
0.0
 30
0.0
210
0.0
220
0.0
230
1.0
  2
ANSI31
 70
0
 71
0
 91
1
 92
3
 72
0
 73
1
 93
4
 10
192.4
 20
301.0
 10
238.4
 20
301.0
 10
238.4
 20
335.0
 10
192.4
 20
335.0
 97
0
 75
1
 76
1
 52
0.0
 41
2.5
 77
0
 78
1
 53
45.0
 43
0.0
 44
0.0
 45
-5.6126600758
 46
5.6126600758
 79
0
 98
0
  0
LINE
  5
9D
330
17
100
AcDbEntity
  8
Paineis
100
AcDbLine
 10
192.4
 20
299.0
 30
0.0
 11
238.4
 21
299.0
 31
0.0
  0
LINE
  5
9E
330
17
100
AcDbEntity
  8
Paineis
100
AcDbLine
 10
192.4
 20
57.0
 30
0.0
 11
238.4
 21
57.0
 31
0.0
  0
LINE
  5
9F
330
17
100
AcDbEntity
  8
SARR_2.2x7
  6
HIDDEN
 48
30.0
100
AcDbLine
 10
193.5
 20
55.0
 30
0.0
 11
193.5
 21
335.0
 31
0.0
  0
LINE
  5
A0
330
17
100
AcDbEntity
  8
SARR_2.2x7
  6
HIDDEN
 48
30.0
100
AcDbLine
 10
215.4
 20
55.0
 30
0.0
 11
215.4
 21
335.0
 31
0.0
  0
LINE
  5
A1
330
17
100
AcDbEntity
  8
SARR_2.2x7
  6
HIDDEN
 48
30.0
100
AcDbLine
 10
237.3
 20
55.0
 30
0.0
 11
237.3
 21
335.0
 31
0.0
  0
TEXT
  5
A2
330
17
100
AcDbEntity
  8
Texto Secao
 62
2
100
AcDbText
 10
215.4
 20
47.0
 30
0.0
 40
4.5
  1
P11.B
 50
90.0
100
AcDbText
  0
LWPOLYLINE
  5
A3
330
17
100
AcDbEntity
  8
Paineis
100
AcDbPolyline
 90
4
 70
1
 10
246.4
 20
55.0
 10
302.4
 20
55.0
 10
302.4
 20
301.0
 10
246.4
 20
301.0
  0
HATCH
  5
A4
330
17
100
AcDbEntity
  8
Hachura
100
AcDbHatch
 10
0.0
 20
0.0
 30
0.0
210
0.0
220
0.0
230
1.0
  2
SOLID
 70
1
 71
0
 91
1
 92
3
 72
0
 73
1
 93
4
 10
246.4
 20
55.0
 10
302.4
 20
55.0
 10
302.4
 20
301.0
 10
246.4
 20
301.0
 97
0
 75
0
 76
1
 98
0
  0
HATCH
  5
A5
330
17
100
AcDbEntity
  8
Hachura
100
AcDbHatch
 10
0.0
 20
0.0
 30
0.0
210
0.0
220
0.0
230
1.0
  2
ANSI31
 70
0
 71
0
 91
1
 92
3
 72
0
 73
1
 93
4
 10
246.4
 20
55.0
 10
302.4
 20
55.0
 10
302.4
 20
301.0
 10
246.4
 20
301.0
 97
0
 75
1
 76
1
 52
0.0
 41
5.0
 77
0
 78
1
 53
45.0
 43
0.0
 44
0.0
 45
-11.2253201515
 46
11.2253201515
 79
0
 98
0
  0
LWPOLYLINE
  5
A6
330
17
100
AcDbEntity
  8
Paineis
100
AcDbPolyline
 90
4
 70
1
 10
246.4
 20
301.0
 10
302.4
 20
301.0
 10
302.4
 20
335.0
 10
246.4
 20
335.0
  0
HATCH
  5
A7
330
17
100
AcDbEntity
  8
Hachura
100
AcDbHatch
 10
0.0
 20
0.0
 30
0.0
210
0.0
220
0.0
230
1.0
  2
SOLID
 70
1
 71
0
 91
1
 92
3
 72
0
 73
1
 93
4
 10
246.4
 20
301.0
 10
302.4
 20
301.0
 10
302.4
 20
335.0
 10
246.4
 20
335.0
 97
0
 75
0
 76
1
 98
0
  0
HATCH
  5
A8
330
17
100
AcDbEntity
  8
Hachura
100
AcDbHatch
 10
0.0
 20
0.0
 30
0.0
210
0.0
220
0.0
230
1.0
  2
ANSI31
 70
0
 71
0
 91
1
 92
3
 72
0
 73
1
 93
4
 10
246.4
 20
301.0
 10
302.4
 20
301.0
 10
302.4
 20
335.0
 10
246.4
 20
335.0
 97
0
 75
1
 76
1
 52
0.0
 41
2.5
 77
0
 78
1
 53
45.0
 43
0.0
 44
0.0
 45
-5.6126600758
 46
5.6126600758
 79
0
 98
0
  0
LINE
  5
A9
330
17
100
AcDbEntity
  8
Paineis
100
AcDbLine
 10
246.4
 20
299.0
 30
0.0
 11
302.4
 21
299.0
 31
0.0
  0
LINE
  5
AA
330
17
100
AcDbEntity
  8
Paineis
100
AcDbLine
 10
246.4
 20
57.0
 30
0.0
 11
302.4
 21
57.0
 31
0.0
  0
LINE
  5
AB
330
17
100
AcDbEntity
  8
SARR_2.2x7
  6
HIDDEN
 48
30.0
100
AcDbLine
 10
247.5
 20
55.0
 30
0.0
 11
247.5
 21
335.0
 31
0.0
  0
LINE
  5
AC
330
17
100
AcDbEntity
  8
SARR_2.2x7
  6
HIDDEN
 48
30.0
100
AcDbLine
 10
265.43333333333334
 20
55.0
 30
0.0
 11
265.43333333333334
 21
335.0
 31
0.0
  0
LINE
  5
AD
330
17
100
AcDbEntity
  8
SARR_2.2x7
  6
HIDDEN
 48
30.0
100
AcDbLine
 10
283.3666666666667
 20
55.0
 30
0.0
 11
283.3666666666667
 21
335.0
 31
0.0
  0
LINE
  5
AE
330
17
100
AcDbEntity
  8
SARR_2.2x7
  6
HIDDEN
 48
30.0
100
AcDbLine
 10
301.3
 20
55.0
 30
0.0
 11
301.3
 21
335.0
 31
0.0
  0
TEXT
  5
AF
330
17
100
AcDbEntity
  8
Texto Secao
 62
2
100
AcDbText
 10
274.4
 20
47.0
 30
0.0
 40
4.5
  1
P11.C
 50
90.0
100
AcDbText
  0
LWPOLYLINE
  5
B0
330
17
100
AcDbEntity
  8
Paineis
100
AcDbPolyline
 90
4
 70
1
 10
310.4
 20
55.0
 10
356.4
 20
55.0
 10
356.4
 20
301.0
 10
310.4
 20
301.0
  0
HATCH
  5
B1
330
17
100
AcDbEntity
  8
Hachura
100
AcDbHatch
 10
0.0
 20
0.0
 30
0.0
210
0.0
220
0.0
230
1.0
  2
SOLID
 70
1
 71
0
 91
1
 92
3
 72
0
 73
1
 93
4
 10
310.4
 20
55.0
 10
356.4
 20
55.0
 10
356.4
 20
301.0
 10
310.4
 20
301.0
 97
0
 75
0
 76
1
 98
0
  0
HATCH
  5
B2
330
17
100
AcDbEntity
  8
Hachura
100
AcDbHatch
 10
0.0
 20
0.0
 30
0.0
210
0.0
220
0.0
230
1.0
  2
ANSI31
 70
0
 71
0
 91
1
 92
3
 72
0
 73
1
 93
4
 10
310.4
 20
55.0
 10
356.4
 20
55.0
 10
356.4
 20
301.0
 10
310.4
 20
301.0
 97
0
 75
1
 76
1
 52
0.0
 41
5.0
 77
0
 78
1
 53
45.0
 43
0.0
 44
0.0
 45
-11.2253201515
 46
11.2253201515
 79
0
 98
0
  0
LWPOLYLINE
  5
B3
330
17
100
AcDbEntity
  8
Paineis
100
AcDbPolyline
 90
4
 70
1
 10
310.4
 20
301.0
 10
356.4
 20
301.0
 10
356.4
 20
335.0
 10
310.4
 20
335.0
  0
HATCH
  5
B4
330
17
100
AcDbEntity
  8
Hachura
100
AcDbHatch
 10
0.0
 20
0.0
 30
0.0
210
0.0
220
0.0
230
1.0
  2
SOLID
 70
1
 71
0
 91
1
 92
3
 72
0
 73
1
 93
4
 10
310.4
 20
301.0
 10
356.4
 20
301.0
 10
356.4
 20
335.0
 10
310.4
 20
335.0
 97
0
 75
0
 76
1
 98
0
  0
HATCH
  5
B5
330
17
100
AcDbEntity
  8
Hachura
100
AcDbHatch
 10
0.0
 20
0.0
 30
0.0
210
0.0
220
0.0
230
1.0
  2
ANSI31
 70
0
 71
0
 91
1
 92
3
 72
0
 73
1
 93
4
 10
310.4
 20
301.0
 10
356.4
 20
301.0
 10
356.4
 20
335.0
 10
310.4
 20
335.0
 97
0
 75
1
 76
1
 52
0.0
 41
2.5
 77
0
 78
1
 53
45.0
 43
0.0
 44
0.0
 45
-5.6126600758
 46
5.6126600758
 79
0
 98
0
  0
LINE
  5
B6
330
17
100
AcDbEntity
  8
Paineis
100
AcDbLine
 10
310.4
 20
299.0
 30
0.0
 11
356.4
 21
299.0
 31
0.0
  0
LINE
  5
B7
330
17
100
AcDbEntity
  8
Paineis
100
AcDbLine
 10
310.4
 20
57.0
 30
0.0
 11
356.4
 21
57.0
 31
0.0
  0
LINE
  5
B8
330
17
100
AcDbEntity
  8
SARR_2.2x7
  6
HIDDEN
 48
30.0
100
AcDbLine
 10
311.5
 20
55.0
 30
0.0
 11
311.5
 21
335.0
 31
0.0
  0
LINE
  5
B9
330
17
100
AcDbEntity
  8
SARR_2.2x7
  6
HIDDEN
 48
30.0
100
AcDbLine
 10
333.4
 20
55.0
 30
0.0
 11
333.4
 21
335.0
 31
0.0
  0
LINE
  5
BA
330
17
100
AcDbEntity
  8
SARR_2.2x7
  6
HIDDEN
 48
30.0
100
AcDbLine
 10
355.29999999999995
 20
55.0
 30
0.0
 11
355.29999999999995
 21
335.0
 31
0.0
  0
TEXT
  5
BB
330
17
100
AcDbEntity
  8
Texto Secao
 62
2
100
AcDbText
 10
333.4
 20
47.0
 30
0.0
 40
4.5
  1
P11.D
 50
90.0
100
AcDbText
  0
LINE
  5
BC
330
17
100
AcDbEntity
  8
COTA
 62
8
100
AcDbLine
 10
364.4
 20
55.0
 30
0.0
 11
364.4
 21
335.0
 31
0.0
  0
LINE
  5
BD
330
17
100
AcDbEntity
  8
COTA
 62
8
100
AcDbLine
 10
362.4
 20
55.0
 30
0.0
 11
366.4
 21
55.0
 31
0.0
  0
LINE
  5
BE
330
17
100
AcDbEntity
  8
COTA
 62
8
100
AcDbLine
 10
362.4
 20
57.0
 30
0.0
 11
366.4
 21
57.0
 31
0.0
  0
TEXT
  5
BF
330
17
100
AcDbEntity
  8
COTA
 62
8
100
AcDbText
 10
369.4
 20
56.0
 30
0.0
 40
3.0
  1
h1=2
100
AcDbText
  0
LINE
  5
C0
330
17
100
AcDbEntity
  8
COTA
 62
8
100
AcDbLine
 10
362.4
 20
57.0
 30
0.0
 11
366.4
 21
57.0
 31
0.0
  0
LINE
  5
C1
330
17
100
AcDbEntity
  8
COTA
 62
8
100
AcDbLine
 10
362.4
 20
301.0
 30
0.0
 11
366.4
 21
301.0
 31
0.0
  0
TEXT
  5
C2
330
17
100
AcDbEntity
  8
COTA
 62
8
100
AcDbText
 10
369.4
 20
179.0
 30
0.0
 40
3.0
  1
h2=244
100
AcDbText
  0
LINE
  5
C3
330
17
100
AcDbEntity
  8
COTA
 62
8
100
AcDbLine
 10
362.4
 20
301.0
 30
0.0
 11
366.4
 21
301.0
 31
0.0
  0
LINE
  5
C4
330
17
100
AcDbEntity
  8
COTA
 62
8
100
AcDbLine
 10
362.4
 20
335.0
 30
0.0
 11
366.4
 21
335.0
 31
0.0
  0
TEXT
  5
C5
330
17
100
AcDbEntity
  8
COTA
 62
8
100
AcDbText
 10
369.4
 20
318.0
 30
0.0
 40
3.0
  1
h3=34
100
AcDbText
  0
TEXT
  5
C6
330
17
100
AcDbEntity
  8
COTA
 62
8
100
AcDbText
 10
369.4
 20
338.0
 30
0.0
 40
3.5
  1
TOTAL=280
100
AcDbText
  0
LINE
  5
C7
330
17
100
AcDbEntity
  8
Nivel
 62
4
100
AcDbLine
 10
2.0
 20
55.0
 30
0.0
 11
369.4
 21
55.0
 31
0.0
  0
LINE
  5
C8
330
17
100
AcDbEntity
  8
Nivel
 62
4
100
AcDbLine
 10
1.0
 20
60.0
 30
0.0
 11
4.0
 21
55.0
 31
0.0
  0
LINE
  5
C9
330
17
100
AcDbEntity
  8
Nivel
 62
4
100
AcDbLine
 10
7.0
 20
60.0
 30
0.0
 11
4.0
 21
55.0
 31
0.0
  0
TEXT
  5
CA
330
17
100
AcDbEntity
  8
Nivel
 62
4
100
AcDbText
 10
9.0
 20
56.0
 30
0.0
 40
4.0
  1
1o PAV.
100
AcDbText
  0
LINE
  5
CB
330
17
100
AcDbEntity
  8
Nivel
 62
4
100
AcDbLine
 10
2.0
 20
301.0
 30
0.0
 11
369.4
 21
301.0
 31
0.0
  0
LINE
  5
CC
330
17
100
AcDbEntity
  8
Nivel
 62
4
100
AcDbLine
 10
1.0
 20
306.0
 30
0.0
 11
4.0
 21
301.0
 31
0.0
  0
LINE
  5
CD
330
17
100
AcDbEntity
  8
Nivel
 62
4
100
AcDbLine
 10
7.0
 20
306.0
 30
0.0
 11
4.0
 21
301.0
 31
0.0
  0
TEXT
  5
CE
330
17
100
AcDbEntity
  8
Nivel
 62
4
100
AcDbText
 10
9.0
 20
302.0
 30
0.0
 40
4.0
  1
2o PAV.
100
AcDbText
  0
LWPOLYLINE
  5
CF
330
17
100
AcDbEntity
  8
CARIMBO
 62
40
100
AcDbPolyline
 90
4
 70
1
 10
0.0
 20
0.0
 10
393.4
 20
0.0
 10
393.4
 20
40.0
 10
0.0
 20
40.0
  0
LINE
  5
D0
330
17
100
AcDbEntity
  8
CARIMBO
 62
40
100
AcDbLine
 10
0.0
 20
10.0
 30
0.0
 11
393.4
 21
10.0
 31
0.0
  0
LINE
  5
D1
330
17
100
AcDbEntity
  8
CARIMBO
 62
40
100
AcDbLine
 10
0.0
 20
20.0
 30
0.0
 11
393.4
 21
20.0
 31
0.0
  0
LINE
  5
D2
330
17
100
AcDbEntity
  8
CARIMBO
 62
40
100
AcDbLine
 10
0.0
 20
30.0
 30
0.0
 11
393.4
 21
30.0
 31
0.0
  0
LINE
  5
D3
330
17
100
AcDbEntity
  8
CARIMBO
 62
40
100
AcDbLine
 10
137.68999999999997
 20
0.0
 30
0.0
 11
137.68999999999997
 21
40.0
 31
0.0
  0
TEXT
  5
D4
330
17
100
AcDbEntity
  8
CARIMBO
 62
9
100
AcDbText
 10
3.0
 20
35.0
 30
0.0
 40
3.0
  1
CLIENTE:
100
AcDbText
  0
TEXT
  5
D5
330
17
100
AcDbEntity
  8
TEXTO_GERAL
 62
2
100
AcDbText
 10
140.68999999999997
 20
35.0
 30
0.0
 40
3.0
  1
ALIMONTI
100
AcDbText
  0
TEXT
  5
D6
330
17
100
AcDbEntity
  8
CARIMBO
 62
9
100
AcDbText
 10
3.0
 20
25.0
 30
0.0
 40
3.0
  1
OBRA:
100
AcDbText
  0
TEXT
  5
D7
330
17
100
AcDbEntity
  8
TEXTO_GERAL
 62
2
100
AcDbText
 10
140.68999999999997
 20
25.0
 30
0.0
 40
3.0
  1
Obra_TREINO_1
100
AcDbText
  0
TEXT
  5
D8
330
17
100
AcDbEntity
  8
CARIMBO
 62
9
100
AcDbText
 10
3.0
 20
15.0
 30
0.0
 40
3.0
  1
PAVIMENTO:
100
AcDbText
  0
TEXT
  5
D9
330
17
100
AcDbEntity
  8
TEXTO_GERAL
 62
2
100
AcDbText
 10
140.68999999999997
 20
15.0
 30
0.0
 40
3.0
  1
TERREO
100
AcDbText
  0
TEXT
  5
DA
330
17
100
AcDbEntity
  8
CARIMBO
 62
9
100
AcDbText
 10
3.0
 20
5.0
 30
0.0
 40
3.0
  1
PROJETO:
100
AcDbText
  0
TEXT
  5
DB
330
17
100
AcDbEntity
  8
TEXTO_GERAL
 62
2
100
AcDbText
 10
140.68999999999997
 20
5.0
 30
0.0
 40
3.0
  1
PILARES
100
AcDbText
  0
TEXT
  5
DC
330
17
100
AcDbEntity
  8
LABEL_ID
 62
3
100
AcDbText
 10
378.4
 20
5.0
 30
0.0
 40
8.0
  1
01
100
AcDbText
  0
LWPOLYLINE
  5
DD
330
17
100
AcDbEntity
  8
BORDA_CELULA
 62
9
100
AcDbPolyline
 90
4
 70
1
 10
413.4
 20
0.0
 10
776.8
 20
0.0
 10
776.8
 20
405.0
 10
413.4
 20
405.0
  0
TEXT
  5
DE
330
17
100
AcDbEntity
  8
TEXTO_GERAL
 62
2
100
AcDbText
 10
766.8
 20
400.0
 30
0.0
 40
3.0
  1
TÉRREO - PD: 280.00
 72
2
 11
766.8
 21
400.0
 31
0.0
100
AcDbText
  0
TEXT
  5
DF
330
17
100
AcDbEntity
  8
TEXTO_GERAL
 62
2
100
AcDbText
 10
766.8
 20
395.0
 30
0.0
 40
3.0
  1
NIVEL DE SAIDA: 280.00
 72
2
 11
766.8
 21
395.0
 31
0.0
100
AcDbText
  0
TEXT
  5
E0
330
17
100
AcDbEntity
  8
TEXTO_GERAL
 62
2
100
AcDbText
 10
766.8
 20
390.0
 30
0.0
 40
3.0
  1
NIVEL DE CHEGADA: 0.00
 72
2
 11
766.8
 21
390.0
 31
0.0
100
AcDbText
  0
TEXT
  5
E1
330
17
100
AcDbEntity
  8
NOMENCLATURA
 62
1
100
AcDbText
 10
433.4
 20
393.0
 30
0.0
 40
10.0
  1
P12
100
AcDbText
  0
LWPOLYLINE
  5
E2
330
17
100
AcDbEntity
  8
CONCRETO
 62
4
100
AcDbPolyline
 90
4
 70
1
 10
444.59999999999997
 20
312.5
 10
508.59999999999997
 20
312.5
 10
508.59999999999997
 20
331.5
 10
444.59999999999997
 20
331.5
  0
HATCH
  5
E3
330
17
100
AcDbEntity
  8
COTA
100
AcDbHatch
 10
0.0
 20
0.0
 30
0.0
210
0.0
220
0.0
230
1.0
  2
AR-CONC
 70
0
 71
0
 91
1
 92
3
 72
0
 73
1
 93
4
 10
444.59999999999997
 20
312.5
 10
508.59999999999997
 20
312.5
 10
508.59999999999997
 20
331.5
 10
444.59999999999997
 20
331.5
 97
0
 75
1
 76
1
 52
0.0
 41
0.03
 77
0
 78
13
 53
50.0
 43
0.0
 44
0.0
 45
5.4655400699
 46
-0.4781725662
 79
2
 49
0.5715
 49
-6.2865
 53
355.0
 43
0.0
 44
0.0
 45
-1.0573026428
 46
5.7317053572
 79
2
 49
0.4572
 49
-5.0292175251
 53
100.4514447
 43
0.45546021
 44
-0.039847605
 45
4.4082374127
 46
5.2535325574
 79
2
 49
0.485700264
 49
-5.342707338
 53
46.1842
 43
0.0
 44
1.524
 45
8.1323712268
 46
-1.261269838
 79
2
 49
0.85725
 49
-9.42975
 53
96.63555761
 43
0.677697
 44
1.418895
 45
7.1221240215
 46
7.4227837379
 79
2
 49
0.7285506942
 49
-8.0140682448
 53
351.18415117
 43
0.0
 44
1.524
 45
7.1221240219
 46
7.4227837376
 79
2
 49
0.6857990121
 49
-7.5437919576
 53
21.0
 43
0.762
 44
1.143
 45
4.5484317381
 46
-3.0679559456
 79
2
 49
0.5715
 49
-6.2865
 53
326.0
 43
0.762
 44
1.143
 45
1.8540608504
 46
5.5256389837
 79
2
 49
0.4572
 49
-5.0292
 53
71.451445
 43
1.141035978
 44
0.887337003
 45
6.4024925784
 46
2.4576830666
 79
2
 49
0.485700264
 49
-5.342698128
 53
37.5
 43
0.0
 44
0.0
 45
0.0926580975
 46
2.5366511662
 79
6
 49
0.0
 49
-4.96824
 49
0.0
 49
-5.1054
 49
0.0
 49
-5.04825
 53
7.5
 43
0.0
 44
0.0
 45
2.0045898753
 46
3.0054172445
 79
6
 49
0.0
 49
-2.91084
 49
0.0
 49
-4.85394
 49
0.0
 49
-1.92405
 53
-32.5
 43
-1.69926
 44
0.0
 45
4.067717855
 46
-0.1718623198
 79
6
 49
0.0
 49
-1.905
 49
0.0
 49
-5.9436
 49
0.0
 49
-7.8867
 53
-42.5
 43
-2.46126
 44
0.0
 45
4.4438754416
 46
0.762794731
 79
6
 49
0.0
 49
-2.4765
 49
0.0
 49
-3.94716
 49
0.0
 49
-5.6007
 98
0
  0
LWPOLYLINE
  5
E4
330
17
100
AcDbEntity
  8
Paineis
100
AcDbPolyline
 90
4
 70
1
 10
444.59999999999997
 20
310.3
 10
508.59999999999997
 20
310.3
 10
508.59999999999997
 20
312.5
 10
444.59999999999997
 20
312.5
  0
HATCH
  5
E5
330
17
100
AcDbEntity
  8
Paineis
100
AcDbHatch
 10
0.0
 20
0.0
 30
0.0
210
0.0
220
0.0
230
1.0
  2
SOLID
 70
1
 71
0
 91
1
 92
3
 72
0
 73
1
 93
4
 10
444.59999999999997
 20
310.3
 10
508.59999999999997
 20
310.3
 10
508.59999999999997
 20
312.5
 10
444.59999999999997
 20
312.5
 97
0
 75
0
 76
1
 98
0
  0
HATCH
  5
E6
330
17
100
AcDbEntity
  8
Paineis
100
AcDbHatch
 10
0.0
 20
0.0
 30
0.0
210
0.0
220
0.0
230
1.0
  2
ANSI31
 70
0
 71
0
 91
1
 92
3
 72
0
 73
1
 93
4
 10
444.59999999999997
 20
310.3
 10
508.59999999999997
 20
310.3
 10
508.59999999999997
 20
312.5
 10
444.59999999999997
 20
312.5
 97
0
 75
1
 76
1
 52
270.0
 41
0.5
 77
0
 78
1
 53
315.0
 43
-0.0
 44
-0.0
 45
1.1225320152
 46
1.1225320151
 79
0
 98
0
  0
LWPOLYLINE
  5
E7
330
17
100
AcDbEntity
  8
Paineis
100
AcDbPolyline
 90
4
 70
1
 10
444.59999999999997
 20
331.5
 10
508.59999999999997
 20
331.5
 10
508.59999999999997
 20
333.7
 10
444.59999999999997
 20
333.7
  0
HATCH
  5
E8
330
17
100
AcDbEntity
  8
Paineis
100
AcDbHatch
 10
0.0
 20
0.0
 30
0.0
210
0.0
220
0.0
230
1.0
  2
SOLID
 70
1
 71
0
 91
1
 92
3
 72
0
 73
1
 93
4
 10
444.59999999999997
 20
331.5
 10
508.59999999999997
 20
331.5
 10
508.59999999999997
 20
333.7
 10
444.59999999999997
 20
333.7
 97
0
 75
0
 76
1
 98
0
  0
HATCH
  5
E9
330
17
100
AcDbEntity
  8
Paineis
100
AcDbHatch
 10
0.0
 20
0.0
 30
0.0
210
0.0
220
0.0
230
1.0
  2
ANSI31
 70
0
 71
0
 91
1
 92
3
 72
0
 73
1
 93
4
 10
444.59999999999997
 20
331.5
 10
508.59999999999997
 20
331.5
 10
508.59999999999997
 20
333.7
 10
444.59999999999997
 20
333.7
 97
0
 75
1
 76
1
 52
270.0
 41
0.5
 77
0
 78
1
 53
315.0
 43
-0.0
 44
-0.0
 45
1.1225320152
 46
1.1225320151
 79
0
 98
0
  0
LWPOLYLINE
  5
EA
330
17
100
AcDbEntity
  8
Paineis
100
AcDbPolyline
 90
4
 70
1
 10
442.4
 20
312.5
 10
444.59999999999997
 20
312.5
 10
444.59999999999997
 20
331.5
 10
442.4
 20
331.5
  0
HATCH
  5
EB
330
17
100
AcDbEntity
  8
Paineis
100
AcDbHatch
 10
0.0
 20
0.0
 30
0.0
210
0.0
220
0.0
230
1.0
  2
SOLID
 70
1
 71
0
 91
1
 92
3
 72
0
 73
1
 93
4
 10
442.4
 20
312.5
 10
444.59999999999997
 20
312.5
 10
444.59999999999997
 20
331.5
 10
442.4
 20
331.5
 97
0
 75
0
 76
1
 98
0
  0
HATCH
  5
EC
330
17
100
AcDbEntity
  8
Paineis
100
AcDbHatch
 10
0.0
 20
0.0
 30
0.0
210
0.0
220
0.0
230
1.0
  2
ANSI31
 70
0
 71
0
 91
1
 92
3
 72
0
 73
1
 93
4
 10
442.4
 20
312.5
 10
444.59999999999997
 20
312.5
 10
444.59999999999997
 20
331.5
 10
442.4
 20
331.5
 97
0
 75
1
 76
1
 52
270.0
 41
0.5
 77
0
 78
1
 53
315.0
 43
-0.0
 44
-0.0
 45
1.1225320152
 46
1.1225320151
 79
0
 98
0
  0
LWPOLYLINE
  5
ED
330
17
100
AcDbEntity
  8
Paineis
100
AcDbPolyline
 90
4
 70
1
 10
508.59999999999997
 20
312.5
 10
510.79999999999995
 20
312.5
 10
510.79999999999995
 20
331.5
 10
508.59999999999997
 20
331.5
  0
HATCH
  5
EE
330
17
100
AcDbEntity
  8
Paineis
100
AcDbHatch
 10
0.0
 20
0.0
 30
0.0
210
0.0
220
0.0
230
1.0
  2
SOLID
 70
1
 71
0
 91
1
 92
3
 72
0
 73
1
 93
4
 10
508.59999999999997
 20
312.5
 10
510.79999999999995
 20
312.5
 10
510.79999999999995
 20
331.5
 10
508.59999999999997
 20
331.5
 97
0
 75
0
 76
1
 98
0
  0
HATCH
  5
EF
330
17
100
AcDbEntity
  8
Paineis
100
AcDbHatch
 10
0.0
 20
0.0
 30
0.0
210
0.0
220
0.0
230
1.0
  2
ANSI31
 70
0
 71
0
 91
1
 92
3
 72
0
 73
1
 93
4
 10
508.59999999999997
 20
312.5
 10
510.79999999999995
 20
312.5
 10
510.79999999999995
 20
331.5
 10
508.59999999999997
 20
331.5
 97
0
 75
1
 76
1
 52
270.0
 41
0.5
 77
0
 78
1
 53
315.0
 43
-0.0
 44
-0.0
 45
1.1225320152
 46
1.1225320151
 79
0
 98
0
  0
LWPOLYLINE
  5
F0
330
17
100
AcDbEntity
  8
SARR_2.2x7
100
AcDbPolyline
 90
4
 70
1
 10
444.59999999999997
 20
303.3
 10
446.79999999999995
 20
303.3
 10
446.79999999999995
 20
310.3
 10
444.59999999999997
 20
310.3
  0
HATCH
  5
F1
330
17
100
AcDbEntity
  8
SARR_2.2x7
100
AcDbHatch
 10
0.0
 20
0.0
 30
0.0
210
0.0
220
0.0
230
1.0
  2
SOLID
 70
1
 71
0
 91
1
 92
3
 72
0
 73
1
 93
4
 10
444.59999999999997
 20
303.3
 10
446.79999999999995
 20
303.3
 10
446.79999999999995
 20
310.3
 10
444.59999999999997
 20
310.3
 97
0
 75
0
 76
1
 98
0
  0
HATCH
  5
F2
330
17
100
AcDbEntity
  8
SARR_2.2x7
100
AcDbHatch
 10
0.0
 20
0.0
 30
0.0
210
0.0
220
0.0
230
1.0
  2
ANSI31
 70
0
 71
0
 91
1
 92
3
 72
0
 73
1
 93
4
 10
444.59999999999997
 20
303.3
 10
446.79999999999995
 20
303.3
 10
446.79999999999995
 20
310.3
 10
444.59999999999997
 20
310.3
 97
0
 75
1
 76
1
 52
270.0
 41
0.5
 77
0
 78
1
 53
315.0
 43
-0.0
 44
-0.0
 45
1.1225320152
 46
1.1225320151
 79
0
 98
0
  0
LWPOLYLINE
  5
F3
330
17
100
AcDbEntity
  8
SARR_2.2x7
100
AcDbPolyline
 90
4
 70
1
 10
465.19999999999993
 20
303.3
 10
467.3999999999999
 20
303.3
 10
467.3999999999999
 20
310.3
 10
465.19999999999993
 20
310.3
  0
HATCH
  5
F4
330
17
100
AcDbEntity
  8
SARR_2.2x7
100
AcDbHatch
 10
0.0
 20
0.0
 30
0.0
210
0.0
220
0.0
230
1.0
  2
SOLID
 70
1
 71
0
 91
1
 92
3
 72
0
 73
1
 93
4
 10
465.19999999999993
 20
303.3
 10
467.3999999999999
 20
303.3
 10
467.3999999999999
 20
310.3
 10
465.19999999999993
 20
310.3
 97
0
 75
0
 76
1
 98
0
  0
HATCH
  5
F5
330
17
100
AcDbEntity
  8
SARR_2.2x7
100
AcDbHatch
 10
0.0
 20
0.0
 30
0.0
210
0.0
220
0.0
230
1.0
  2
ANSI31
 70
0
 71
0
 91
1
 92
3
 72
0
 73
1
 93
4
 10
465.19999999999993
 20
303.3
 10
467.3999999999999
 20
303.3
 10
467.3999999999999
 20
310.3
 10
465.19999999999993
 20
310.3
 97
0
 75
1
 76
1
 52
270.0
 41
0.5
 77
0
 78
1
 53
315.0
 43
-0.0
 44
-0.0
 45
1.1225320152
 46
1.1225320151
 79
0
 98
0
  0
LWPOLYLINE
  5
F6
330
17
100
AcDbEntity
  8
SARR_2.2x7
100
AcDbPolyline
 90
4
 70
1
 10
485.79999999999995
 20
303.3
 10
487.99999999999994
 20
303.3
 10
487.99999999999994
 20
310.3
 10
485.79999999999995
 20
310.3
  0
HATCH
  5
F7
330
17
100
AcDbEntity
  8
SARR_2.2x7
100
AcDbHatch
 10
0.0
 20
0.0
 30
0.0
210
0.0
220
0.0
230
1.0
  2
SOLID
 70
1
 71
0
 91
1
 92
3
 72
0
 73
1
 93
4
 10
485.79999999999995
 20
303.3
 10
487.99999999999994
 20
303.3
 10
487.99999999999994
 20
310.3
 10
485.79999999999995
 20
310.3
 97
0
 75
0
 76
1
 98
0
  0
HATCH
  5
F8
330
17
100
AcDbEntity
  8
SARR_2.2x7
100
AcDbHatch
 10
0.0
 20
0.0
 30
0.0
210
0.0
220
0.0
230
1.0
  2
ANSI31
 70
0
 71
0
 91
1
 92
3
 72
0
 73
1
 93
4
 10
485.79999999999995
 20
303.3
 10
487.99999999999994
 20
303.3
 10
487.99999999999994
 20
310.3
 10
485.79999999999995
 20
310.3
 97
0
 75
1
 76
1
 52
270.0
 41
0.5
 77
0
 78
1
 53
315.0
 43
-0.0
 44
-0.0
 45
1.1225320152
 46
1.1225320151
 79
0
 98
0
  0
LWPOLYLINE
  5
F9
330
17
100
AcDbEntity
  8
SARR_2.2x7
100
AcDbPolyline
 90
4
 70
1
 10
506.3999999999999
 20
303.3
 10
508.5999999999999
 20
303.3
 10
508.5999999999999
 20
310.3
 10
506.3999999999999
 20
310.3
  0
HATCH
  5
FA
330
17
100
AcDbEntity
  8
SARR_2.2x7
100
AcDbHatch
 10
0.0
 20
0.0
 30
0.0
210
0.0
220
0.0
230
1.0
  2
SOLID
 70
1
 71
0
 91
1
 92
3
 72
0
 73
1
 93
4
 10
506.3999999999999
 20
303.3
 10
508.5999999999999
 20
303.3
 10
508.5999999999999
 20
310.3
 10
506.3999999999999
 20
310.3
 97
0
 75
0
 76
1
 98
0
  0
HATCH
  5
FB
330
17
100
AcDbEntity
  8
SARR_2.2x7
100
AcDbHatch
 10
0.0
 20
0.0
 30
0.0
210
0.0
220
0.0
230
1.0
  2
ANSI31
 70
0
 71
0
 91
1
 92
3
 72
0
 73
1
 93
4
 10
506.3999999999999
 20
303.3
 10
508.5999999999999
 20
303.3
 10
508.5999999999999
 20
310.3
 10
506.3999999999999
 20
310.3
 97
0
 75
1
 76
1
 52
270.0
 41
0.5
 77
0
 78
1
 53
315.0
 43
-0.0
 44
-0.0
 45
1.1225320152
 46
1.1225320151
 79
0
 98
0
  0
LWPOLYLINE
  5
FC
330
17
100
AcDbEntity
  8
SARR_2.2x7
100
AcDbPolyline
 90
4
 70
1
 10
444.59999999999997
 20
333.7
 10
446.79999999999995
 20
333.7
 10
446.79999999999995
 20
340.7
 10
444.59999999999997
 20
340.7
  0
HATCH
  5
FD
330
17
100
AcDbEntity
  8
SARR_2.2x7
100
AcDbHatch
 10
0.0
 20
0.0
 30
0.0
210
0.0
220
0.0
230
1.0
  2
SOLID
 70
1
 71
0
 91
1
 92
3
 72
0
 73
1
 93
4
 10
444.59999999999997
 20
333.7
 10
446.79999999999995
 20
333.7
 10
446.79999999999995
 20
340.7
 10
444.59999999999997
 20
340.7
 97
0
 75
0
 76
1
 98
0
  0
HATCH
  5
FE
330
17
100
AcDbEntity
  8
SARR_2.2x7
100
AcDbHatch
 10
0.0
 20
0.0
 30
0.0
210
0.0
220
0.0
230
1.0
  2
ANSI31
 70
0
 71
0
 91
1
 92
3
 72
0
 73
1
 93
4
 10
444.59999999999997
 20
333.7
 10
446.79999999999995
 20
333.7
 10
446.79999999999995
 20
340.7
 10
444.59999999999997
 20
340.7
 97
0
 75
1
 76
1
 52
270.0
 41
0.5
 77
0
 78
1
 53
315.0
 43
-0.0
 44
-0.0
 45
1.1225320152
 46
1.1225320151
 79
0
 98
0
  0
LWPOLYLINE
  5
FF
330
17
100
AcDbEntity
  8
SARR_2.2x7
100
AcDbPolyline
 90
4
 70
1
 10
465.19999999999993
 20
333.7
 10
467.3999999999999
 20
333.7
 10
467.3999999999999
 20
340.7
 10
465.19999999999993
 20
340.7
  0
HATCH
  5
100
330
17
100
AcDbEntity
  8
SARR_2.2x7
100
AcDbHatch
 10
0.0
 20
0.0
 30
0.0
210
0.0
220
0.0
230
1.0
  2
SOLID
 70
1
 71
0
 91
1
 92
3
 72
0
 73
1
 93
4
 10
465.19999999999993
 20
333.7
 10
467.3999999999999
 20
333.7
 10
467.3999999999999
 20
340.7
 10
465.19999999999993
 20
340.7
 97
0
 75
0
 76
1
 98
0
  0
HATCH
  5
101
330
17
100
AcDbEntity
  8
SARR_2.2x7
100
AcDbHatch
 10
0.0
 20
0.0
 30
0.0
210
0.0
220
0.0
230
1.0
  2
ANSI31
 70
0
 71
0
 91
1
 92
3
 72
0
 73
1
 93
4
 10
465.19999999999993
 20
333.7
 10
467.3999999999999
 20
333.7
 10
467.3999999999999
 20
340.7
 10
465.19999999999993
 20
340.7
 97
0
 75
1
 76
1
 52
270.0
 41
0.5
 77
0
 78
1
 53
315.0
 43
-0.0
 44
-0.0
 45
1.1225320152
 46
1.1225320151
 79
0
 98
0
  0
LWPOLYLINE
  5
102
330
17
100
AcDbEntity
  8
SARR_2.2x7
100
AcDbPolyline
 90
4
 70
1
 10
485.79999999999995
 20
333.7
 10
487.99999999999994
 20
333.7
 10
487.99999999999994
 20
340.7
 10
485.79999999999995
 20
340.7
  0
HATCH
  5
103
330
17
100
AcDbEntity
  8
SARR_2.2x7
100
AcDbHatch
 10
0.0
 20
0.0
 30
0.0
210
0.0
220
0.0
230
1.0
  2
SOLID
 70
1
 71
0
 91
1
 92
3
 72
0
 73
1
 93
4
 10
485.79999999999995
 20
333.7
 10
487.99999999999994
 20
333.7
 10
487.99999999999994
 20
340.7
 10
485.79999999999995
 20
340.7
 97
0
 75
0
 76
1
 98
0
  0
HATCH
  5
104
330
17
100
AcDbEntity
  8
SARR_2.2x7
100
AcDbHatch
 10
0.0
 20
0.0
 30
0.0
210
0.0
220
0.0
230
1.0
  2
ANSI31
 70
0
 71
0
 91
1
 92
3
 72
0
 73
1
 93
4
 10
485.79999999999995
 20
333.7
 10
487.99999999999994
 20
333.7
 10
487.99999999999994
 20
340.7
 10
485.79999999999995
 20
340.7
 97
0
 75
1
 76
1
 52
270.0
 41
0.5
 77
0
 78
1
 53
315.0
 43
-0.0
 44
-0.0
 45
1.1225320152
 46
1.1225320151
 79
0
 98
0
  0
LWPOLYLINE
  5
105
330
17
100
AcDbEntity
  8
SARR_2.2x7
100
AcDbPolyline
 90
4
 70
1
 10
506.3999999999999
 20
333.7
 10
508.5999999999999
 20
333.7
 10
508.5999999999999
 20
340.7
 10
506.3999999999999
 20
340.7
  0
HATCH
  5
106
330
17
100
AcDbEntity
  8
SARR_2.2x7
100
AcDbHatch
 10
0.0
 20
0.0
 30
0.0
210
0.0
220
0.0
230
1.0
  2
SOLID
 70
1
 71
0
 91
1
 92
3
 72
0
 73
1
 93
4
 10
506.3999999999999
 20
333.7
 10
508.5999999999999
 20
333.7
 10
508.5999999999999
 20
340.7
 10
506.3999999999999
 20
340.7
 97
0
 75
0
 76
1
 98
0
  0
HATCH
  5
107
330
17
100
AcDbEntity
  8
SARR_2.2x7
100
AcDbHatch
 10
0.0
 20
0.0
 30
0.0
210
0.0
220
0.0
230
1.0
  2
ANSI31
 70
0
 71
0
 91
1
 92
3
 72
0
 73
1
 93
4
 10
506.3999999999999
 20
333.7
 10
508.5999999999999
 20
333.7
 10
508.5999999999999
 20
340.7
 10
506.3999999999999
 20
340.7
 97
0
 75
1
 76
1
 52
270.0
 41
0.5
 77
0
 78
1
 53
315.0
 43
-0.0
 44
-0.0
 45
1.1225320152
 46
1.1225320151
 79
0
 98
0
  0
LWPOLYLINE
  5
108
330
17
100
AcDbEntity
  8
SARR_2.2x7
100
AcDbPolyline
 90
4
 70
1
 10
435.4
 20
312.5
 10
442.4
 20
312.5
 10
442.4
 20
314.7
 10
435.4
 20
314.7
  0
HATCH
  5
109
330
17
100
AcDbEntity
  8
SARR_2.2x7
100
AcDbHatch
 10
0.0
 20
0.0
 30
0.0
210
0.0
220
0.0
230
1.0
  2
SOLID
 70
1
 71
0
 91
1
 92
3
 72
0
 73
1
 93
4
 10
435.4
 20
312.5
 10
442.4
 20
312.5
 10
442.4
 20
314.7
 10
435.4
 20
314.7
 97
0
 75
0
 76
1
 98
0
  0
HATCH
  5
10A
330
17
100
AcDbEntity
  8
SARR_2.2x7
100
AcDbHatch
 10
0.0
 20
0.0
 30
0.0
210
0.0
220
0.0
230
1.0
  2
ANSI31
 70
0
 71
0
 91
1
 92
3
 72
0
 73
1
 93
4
 10
435.4
 20
312.5
 10
442.4
 20
312.5
 10
442.4
 20
314.7
 10
435.4
 20
314.7
 97
0
 75
1
 76
1
 52
270.0
 41
0.5
 77
0
 78
1
 53
315.0
 43
-0.0
 44
-0.0
 45
1.1225320152
 46
1.1225320151
 79
0
 98
0
  0
LWPOLYLINE
  5
10B
330
17
100
AcDbEntity
  8
SARR_2.2x7
100
AcDbPolyline
 90
4
 70
1
 10
435.4
 20
329.29999999999995
 10
442.4
 20
329.29999999999995
 10
442.4
 20
331.49999999999994
 10
435.4
 20
331.49999999999994
  0
HATCH
  5
10C
330
17
100
AcDbEntity
  8
SARR_2.2x7
100
AcDbHatch
 10
0.0
 20
0.0
 30
0.0
210
0.0
220
0.0
230
1.0
  2
SOLID
 70
1
 71
0
 91
1
 92
3
 72
0
 73
1
 93
4
 10
435.4
 20
329.29999999999995
 10
442.4
 20
329.29999999999995
 10
442.4
 20
331.49999999999994
 10
435.4
 20
331.49999999999994
 97
0
 75
0
 76
1
 98
0
  0
HATCH
  5
10D
330
17
100
AcDbEntity
  8
SARR_2.2x7
100
AcDbHatch
 10
0.0
 20
0.0
 30
0.0
210
0.0
220
0.0
230
1.0
  2
ANSI31
 70
0
 71
0
 91
1
 92
3
 72
0
 73
1
 93
4
 10
435.4
 20
329.29999999999995
 10
442.4
 20
329.29999999999995
 10
442.4
 20
331.49999999999994
 10
435.4
 20
331.49999999999994
 97
0
 75
1
 76
1
 52
270.0
 41
0.5
 77
0
 78
1
 53
315.0
 43
-0.0
 44
-0.0
 45
1.1225320152
 46
1.1225320151
 79
0
 98
0
  0
LWPOLYLINE
  5
10E
330
17
100
AcDbEntity
  8
SARR_2.2x7
100
AcDbPolyline
 90
4
 70
1
 10
510.79999999999995
 20
312.5
 10
517.8
 20
312.5
 10
517.8
 20
314.7
 10
510.79999999999995
 20
314.7
  0
HATCH
  5
10F
330
17
100
AcDbEntity
  8
SARR_2.2x7
100
AcDbHatch
 10
0.0
 20
0.0
 30
0.0
210
0.0
220
0.0
230
1.0
  2
SOLID
 70
1
 71
0
 91
1
 92
3
 72
0
 73
1
 93
4
 10
510.79999999999995
 20
312.5
 10
517.8
 20
312.5
 10
517.8
 20
314.7
 10
510.79999999999995
 20
314.7
 97
0
 75
0
 76
1
 98
0
  0
HATCH
  5
110
330
17
100
AcDbEntity
  8
SARR_2.2x7
100
AcDbHatch
 10
0.0
 20
0.0
 30
0.0
210
0.0
220
0.0
230
1.0
  2
ANSI31
 70
0
 71
0
 91
1
 92
3
 72
0
 73
1
 93
4
 10
510.79999999999995
 20
312.5
 10
517.8
 20
312.5
 10
517.8
 20
314.7
 10
510.79999999999995
 20
314.7
 97
0
 75
1
 76
1
 52
270.0
 41
0.5
 77
0
 78
1
 53
315.0
 43
-0.0
 44
-0.0
 45
1.1225320152
 46
1.1225320151
 79
0
 98
0
  0
LWPOLYLINE
  5
111
330
17
100
AcDbEntity
  8
SARR_2.2x7
100
AcDbPolyline
 90
4
 70
1
 10
510.79999999999995
 20
329.29999999999995
 10
517.8
 20
329.29999999999995
 10
517.8
 20
331.49999999999994
 10
510.79999999999995
 20
331.49999999999994
  0
HATCH
  5
112
330
17
100
AcDbEntity
  8
SARR_2.2x7
100
AcDbHatch
 10
0.0
 20
0.0
 30
0.0
210
0.0
220
0.0
230
1.0
  2
SOLID
 70
1
 71
0
 91
1
 92
3
 72
0
 73
1
 93
4
 10
510.79999999999995
 20
329.29999999999995
 10
517.8
 20
329.29999999999995
 10
517.8
 20
331.49999999999994
 10
510.79999999999995
 20
331.49999999999994
 97
0
 75
0
 76
1
 98
0
  0
HATCH
  5
113
330
17
100
AcDbEntity
  8
SARR_2.2x7
100
AcDbHatch
 10
0.0
 20
0.0
 30
0.0
210
0.0
220
0.0
230
1.0
  2
ANSI31
 70
0
 71
0
 91
1
 92
3
 72
0
 73
1
 93
4
 10
510.79999999999995
 20
329.29999999999995
 10
517.8
 20
329.29999999999995
 10
517.8
 20
331.49999999999994
 10
510.79999999999995
 20
331.49999999999994
 97
0
 75
1
 76
1
 52
270.0
 41
0.5
 77
0
 78
1
 53
315.0
 43
-0.0
 44
-0.0
 45
1.1225320152
 46
1.1225320151
 79
0
 98
0
  0
LWPOLYLINE
  5
114
330
17
100
AcDbEntity
  8
CHAPA
 62
1
100
AcDbPolyline
 90
4
 70
1
 10
440.4
 20
308.3
 10
442.4
 20
308.3
 10
442.4
 20
310.3
 10
440.4
 20
310.3
  0
HATCH
  5
115
330
17
100
AcDbEntity
  8
CHAPA
 62
1
100
AcDbHatch
 10
0.0
 20
0.0
 30
0.0
210
0.0
220
0.0
230
1.0
  2
SOLID
 70
1
 71
0
 91
1
 92
3
 72
0
 73
1
 93
4
 10
440.4
 20
308.3
 10
442.4
 20
308.3
 10
442.4
 20
310.3
 10
440.4
 20
310.3
 97
0
 75
0
 76
1
 98
0
  0
LWPOLYLINE
  5
116
330
17
100
AcDbEntity
  8
CHAPA
 62
1
100
AcDbPolyline
 90
4
 70
1
 10
510.79999999999995
 20
308.3
 10
512.8
 20
308.3
 10
512.8
 20
310.3
 10
510.79999999999995
 20
310.3
  0
HATCH
  5
117
330
17
100
AcDbEntity
  8
CHAPA
 62
1
100
AcDbHatch
 10
0.0
 20
0.0
 30
0.0
210
0.0
220
0.0
230
1.0
  2
SOLID
 70
1
 71
0
 91
1
 92
3
 72
0
 73
1
 93
4
 10
510.79999999999995
 20
308.3
 10
512.8
 20
308.3
 10
512.8
 20
310.3
 10
510.79999999999995
 20
310.3
 97
0
 75
0
 76
1
 98
0
  0
LWPOLYLINE
  5
118
330
17
100
AcDbEntity
  8
CHAPA
 62
1
100
AcDbPolyline
 90
4
 70
1
 10
510.79999999999995
 20
333.7
 10
512.8
 20
333.7
 10
512.8
 20
335.7
 10
510.79999999999995
 20
335.7
  0
HATCH
  5
119
330
17
100
AcDbEntity
  8
CHAPA
 62
1
100
AcDbHatch
 10
0.0
 20
0.0
 30
0.0
210
0.0
220
0.0
230
1.0
  2
SOLID
 70
1
 71
0
 91
1
 92
3
 72
0
 73
1
 93
4
 10
510.79999999999995
 20
333.7
 10
512.8
 20
333.7
 10
512.8
 20
335.7
 10
510.79999999999995
 20
335.7
 97
0
 75
0
 76
1
 98
0
  0
LWPOLYLINE
  5
11A
330
17
100
AcDbEntity
  8
CHAPA
 62
1
100
AcDbPolyline
 90
4
 70
1
 10
440.4
 20
333.7
 10
442.4
 20
333.7
 10
442.4
 20
335.7
 10
440.4
 20
335.7
  0
HATCH
  5
11B
330
17
100
AcDbEntity
  8
CHAPA
 62
1
100
AcDbHatch
 10
0.0
 20
0.0
 30
0.0
210
0.0
220
0.0
230
1.0
  2
SOLID
 70
1
 71
0
 91
1
 92
3
 72
0
 73
1
 93
4
 10
440.4
 20
333.7
 10
442.4
 20
333.7
 10
442.4
 20
335.7
 10
440.4
 20
335.7
 97
0
 75
0
 76
1
 98
0
  0
TEXT
  5
11C
330
17
100
AcDbEntity
  8
Texto Secao
 62
2
100
AcDbText
 10
476.59999999999997
 20
300.3
 30
0.0
 40
4.0
  1
A
 72
1
 11
476.59999999999997
 21
300.3
 31
0.0
100
AcDbText
 73
3
  0
TEXT
  5
11D
330
17
100
AcDbEntity
  8
Texto Secao
 62
2
100
AcDbText
 10
476.59999999999997
 20
343.7
 30
0.0
 40
4.0
  1
C
 72
1
 11
476.59999999999997
 21
343.7
 31
0.0
100
AcDbText
 73
1
  0
TEXT
  5
11E
330
17
100
AcDbEntity
  8
Texto Secao
 62
2
100
AcDbText
 10
432.4
 20
322.0
 30
0.0
 40
4.0
  1
D
 72
2
 11
432.4
 21
322.0
 31
0.0
100
AcDbText
 73
2
  0
TEXT
  5
11F
330
17
100
AcDbEntity
  8
Texto Secao
 62
2
100
AcDbText
 10
520.8
 20
322.0
 30
0.0
 40
4.0
  1
B
 11
520.8
 21
322.0
 31
0.0
100
AcDbText
 73
2
  0
TEXT
  5
120
330
17
100
AcDbEntity
  8
Cota Secao (2x)
 62
4
100
AcDbText
 10
476.59999999999997
 20
291.3
 30
0.0
 40
3.4
  1
64x19cm
 72
1
 11
476.59999999999997
 21
291.3
 31
0.0
100
AcDbText
 73
3
  0
TEXT
  5
121
330
17
100
AcDbEntity
  8
Texto Secao
 62
2
100
AcDbText
 10
476.59999999999997
 20
352.7
 30
0.0
 40
4.0
  1
VISAO DE CIMA
 72
1
 11
476.59999999999997
 21
352.7
 31
0.0
100
AcDbText
 73
1
  0
LWPOLYLINE
  5
122
330
17
100
AcDbEntity
  8
Paineis
100
AcDbPolyline
 90
4
 70
1
 10
549.8
 20
55.0
 10
613.8
 20
55.0
 10
613.8
 20
301.0
 10
549.8
 20
301.0
  0
HATCH
  5
123
330
17
100
AcDbEntity
  8
Hachura
100
AcDbHatch
 10
0.0
 20
0.0
 30
0.0
210
0.0
220
0.0
230
1.0
  2
SOLID
 70
1
 71
0
 91
1
 92
3
 72
0
 73
1
 93
4
 10
549.8
 20
55.0
 10
613.8
 20
55.0
 10
613.8
 20
301.0
 10
549.8
 20
301.0
 97
0
 75
0
 76
1
 98
0
  0
HATCH
  5
124
330
17
100
AcDbEntity
  8
Hachura
100
AcDbHatch
 10
0.0
 20
0.0
 30
0.0
210
0.0
220
0.0
230
1.0
  2
ANSI31
 70
0
 71
0
 91
1
 92
3
 72
0
 73
1
 93
4
 10
549.8
 20
55.0
 10
613.8
 20
55.0
 10
613.8
 20
301.0
 10
549.8
 20
301.0
 97
0
 75
1
 76
1
 52
0.0
 41
5.0
 77
0
 78
1
 53
45.0
 43
0.0
 44
0.0
 45
-11.2253201515
 46
11.2253201515
 79
0
 98
0
  0
LWPOLYLINE
  5
125
330
17
100
AcDbEntity
  8
Paineis
100
AcDbPolyline
 90
4
 70
1
 10
549.8
 20
301.0
 10
613.8
 20
301.0
 10
613.8
 20
335.0
 10
549.8
 20
335.0
  0
HATCH
  5
126
330
17
100
AcDbEntity
  8
Hachura
100
AcDbHatch
 10
0.0
 20
0.0
 30
0.0
210
0.0
220
0.0
230
1.0
  2
SOLID
 70
1
 71
0
 91
1
 92
3
 72
0
 73
1
 93
4
 10
549.8
 20
301.0
 10
613.8
 20
301.0
 10
613.8
 20
335.0
 10
549.8
 20
335.0
 97
0
 75
0
 76
1
 98
0
  0
HATCH
  5
127
330
17
100
AcDbEntity
  8
Hachura
100
AcDbHatch
 10
0.0
 20
0.0
 30
0.0
210
0.0
220
0.0
230
1.0
  2
ANSI31
 70
0
 71
0
 91
1
 92
3
 72
0
 73
1
 93
4
 10
549.8
 20
301.0
 10
613.8
 20
301.0
 10
613.8
 20
335.0
 10
549.8
 20
335.0
 97
0
 75
1
 76
1
 52
0.0
 41
2.5
 77
0
 78
1
 53
45.0
 43
0.0
 44
0.0
 45
-5.6126600758
 46
5.6126600758
 79
0
 98
0
  0
LINE
  5
128
330
17
100
AcDbEntity
  8
Paineis
100
AcDbLine
 10
549.8
 20
299.0
 30
0.0
 11
613.8
 21
299.0
 31
0.0
  0
LINE
  5
129
330
17
100
AcDbEntity
  8
Paineis
100
AcDbLine
 10
549.8
 20
57.0
 30
0.0
 11
613.8
 21
57.0
 31
0.0
  0
LINE
  5
12A
330
17
100
AcDbEntity
  8
SARR_2.2x7
  6
HIDDEN
 48
30.0
100
AcDbLine
 10
550.9
 20
55.0
 30
0.0
 11
550.9
 21
335.0
 31
0.0
  0
LINE
  5
12B
330
17
100
AcDbEntity
  8
SARR_2.2x7
  6
HIDDEN
 48
30.0
100
AcDbLine
 10
571.5
 20
55.0
 30
0.0
 11
571.5
 21
335.0
 31
0.0
  0
LINE
  5
12C
330
17
100
AcDbEntity
  8
SARR_2.2x7
  6
HIDDEN
 48
30.0
100
AcDbLine
 10
592.0999999999999
 20
55.0
 30
0.0
 11
592.0999999999999
 21
335.0
 31
0.0
  0
LINE
  5
12D
330
17
100
AcDbEntity
  8
SARR_2.2x7
  6
HIDDEN
 48
30.0
100
AcDbLine
 10
612.6999999999999
 20
55.0
 30
0.0
 11
612.6999999999999
 21
335.0
 31
0.0
  0
TEXT
  5
12E
330
17
100
AcDbEntity
  8
Texto Secao
 62
2
100
AcDbText
 10
581.8
 20
47.0
 30
0.0
 40
4.5
  1
P12.A
 50
90.0
100
AcDbText
  0
LWPOLYLINE
  5
12F
330
17
100
AcDbEntity
  8
Paineis
100
AcDbPolyline
 90
4
 70
1
 10
621.8
 20
55.0
 10
640.8
 20
55.0
 10
640.8
 20
301.0
 10
621.8
 20
301.0
  0
HATCH
  5
130
330
17
100
AcDbEntity
  8
Hachura
100
AcDbHatch
 10
0.0
 20
0.0
 30
0.0
210
0.0
220
0.0
230
1.0
  2
SOLID
 70
1
 71
0
 91
1
 92
3
 72
0
 73
1
 93
4
 10
621.8
 20
55.0
 10
640.8
 20
55.0
 10
640.8
 20
301.0
 10
621.8
 20
301.0
 97
0
 75
0
 76
1
 98
0
  0
HATCH
  5
131
330
17
100
AcDbEntity
  8
Hachura
100
AcDbHatch
 10
0.0
 20
0.0
 30
0.0
210
0.0
220
0.0
230
1.0
  2
ANSI31
 70
0
 71
0
 91
1
 92
3
 72
0
 73
1
 93
4
 10
621.8
 20
55.0
 10
640.8
 20
55.0
 10
640.8
 20
301.0
 10
621.8
 20
301.0
 97
0
 75
1
 76
1
 52
0.0
 41
5.0
 77
0
 78
1
 53
45.0
 43
0.0
 44
0.0
 45
-11.2253201515
 46
11.2253201515
 79
0
 98
0
  0
LWPOLYLINE
  5
132
330
17
100
AcDbEntity
  8
Paineis
100
AcDbPolyline
 90
4
 70
1
 10
621.8
 20
301.0
 10
640.8
 20
301.0
 10
640.8
 20
335.0
 10
621.8
 20
335.0
  0
HATCH
  5
133
330
17
100
AcDbEntity
  8
Hachura
100
AcDbHatch
 10
0.0
 20
0.0
 30
0.0
210
0.0
220
0.0
230
1.0
  2
SOLID
 70
1
 71
0
 91
1
 92
3
 72
0
 73
1
 93
4
 10
621.8
 20
301.0
 10
640.8
 20
301.0
 10
640.8
 20
335.0
 10
621.8
 20
335.0
 97
0
 75
0
 76
1
 98
0
  0
HATCH
  5
134
330
17
100
AcDbEntity
  8
Hachura
100
AcDbHatch
 10
0.0
 20
0.0
 30
0.0
210
0.0
220
0.0
230
1.0
  2
ANSI31
 70
0
 71
0
 91
1
 92
3
 72
0
 73
1
 93
4
 10
621.8
 20
301.0
 10
640.8
 20
301.0
 10
640.8
 20
335.0
 10
621.8
 20
335.0
 97
0
 75
1
 76
1
 52
0.0
 41
2.5
 77
0
 78
1
 53
45.0
 43
0.0
 44
0.0
 45
-5.6126600758
 46
5.6126600758
 79
0
 98
0
  0
LINE
  5
135
330
17
100
AcDbEntity
  8
Paineis
100
AcDbLine
 10
621.8
 20
299.0
 30
0.0
 11
640.8
 21
299.0
 31
0.0
  0
LINE
  5
136
330
17
100
AcDbEntity
  8
Paineis
100
AcDbLine
 10
621.8
 20
57.0
 30
0.0
 11
640.8
 21
57.0
 31
0.0
  0
LINE
  5
137
330
17
100
AcDbEntity
  8
SARR_2.2x7
  6
HIDDEN
 48
30.0
100
AcDbLine
 10
622.9
 20
55.0
 30
0.0
 11
622.9
 21
335.0
 31
0.0
  0
LINE
  5
138
330
17
100
AcDbEntity
  8
SARR_2.2x7
  6
HIDDEN
 48
30.0
100
AcDbLine
 10
639.6999999999999
 20
55.0
 30
0.0
 11
639.6999999999999
 21
335.0
 31
0.0
  0
TEXT
  5
139
330
17
100
AcDbEntity
  8
Texto Secao
 62
2
100
AcDbText
 10
631.3
 20
47.0
 30
0.0
 40
4.5
  1
P12.B
 50
90.0
100
AcDbText
  0
LWPOLYLINE
  5
13A
330
17
100
AcDbEntity
  8
Paineis
100
AcDbPolyline
 90
4
 70
1
 10
648.8
 20
55.0
 10
712.8
 20
55.0
 10
712.8
 20
301.0
 10
648.8
 20
301.0
  0
HATCH
  5
13B
330
17
100
AcDbEntity
  8
Hachura
100
AcDbHatch
 10
0.0
 20
0.0
 30
0.0
210
0.0
220
0.0
230
1.0
  2
SOLID
 70
1
 71
0
 91
1
 92
3
 72
0
 73
1
 93
4
 10
648.8
 20
55.0
 10
712.8
 20
55.0
 10
712.8
 20
301.0
 10
648.8
 20
301.0
 97
0
 75
0
 76
1
 98
0
  0
HATCH
  5
13C
330
17
100
AcDbEntity
  8
Hachura
100
AcDbHatch
 10
0.0
 20
0.0
 30
0.0
210
0.0
220
0.0
230
1.0
  2
ANSI31
 70
0
 71
0
 91
1
 92
3
 72
0
 73
1
 93
4
 10
648.8
 20
55.0
 10
712.8
 20
55.0
 10
712.8
 20
301.0
 10
648.8
 20
301.0
 97
0
 75
1
 76
1
 52
0.0
 41
5.0
 77
0
 78
1
 53
45.0
 43
0.0
 44
0.0
 45
-11.2253201515
 46
11.2253201515
 79
0
 98
0
  0
LWPOLYLINE
  5
13D
330
17
100
AcDbEntity
  8
Paineis
100
AcDbPolyline
 90
4
 70
1
 10
648.8
 20
301.0
 10
712.8
 20
301.0
 10
712.8
 20
335.0
 10
648.8
 20
335.0
  0
HATCH
  5
13E
330
17
100
AcDbEntity
  8
Hachura
100
AcDbHatch
 10
0.0
 20
0.0
 30
0.0
210
0.0
220
0.0
230
1.0
  2
SOLID
 70
1
 71
0
 91
1
 92
3
 72
0
 73
1
 93
4
 10
648.8
 20
301.0
 10
712.8
 20
301.0
 10
712.8
 20
335.0
 10
648.8
 20
335.0
 97
0
 75
0
 76
1
 98
0
  0
HATCH
  5
13F
330
17
100
AcDbEntity
  8
Hachura
100
AcDbHatch
 10
0.0
 20
0.0
 30
0.0
210
0.0
220
0.0
230
1.0
  2
ANSI31
 70
0
 71
0
 91
1
 92
3
 72
0
 73
1
 93
4
 10
648.8
 20
301.0
 10
712.8
 20
301.0
 10
712.8
 20
335.0
 10
648.8
 20
335.0
 97
0
 75
1
 76
1
 52
0.0
 41
2.5
 77
0
 78
1
 53
45.0
 43
0.0
 44
0.0
 45
-5.6126600758
 46
5.6126600758
 79
0
 98
0
  0
LINE
  5
140
330
17
100
AcDbEntity
  8
Paineis
100
AcDbLine
 10
648.8
 20
299.0
 30
0.0
 11
712.8
 21
299.0
 31
0.0
  0
LINE
  5
141
330
17
100
AcDbEntity
  8
Paineis
100
AcDbLine
 10
648.8
 20
57.0
 30
0.0
 11
712.8
 21
57.0
 31
0.0
  0
LINE
  5
142
330
17
100
AcDbEntity
  8
SARR_2.2x7
  6
HIDDEN
 48
30.0
100
AcDbLine
 10
649.9
 20
55.0
 30
0.0
 11
649.9
 21
335.0
 31
0.0
  0
LINE
  5
143
330
17
100
AcDbEntity
  8
SARR_2.2x7
  6
HIDDEN
 48
30.0
100
AcDbLine
 10
670.5
 20
55.0
 30
0.0
 11
670.5
 21
335.0
 31
0.0
  0
LINE
  5
144
330
17
100
AcDbEntity
  8
SARR_2.2x7
  6
HIDDEN
 48
30.0
100
AcDbLine
 10
691.0999999999999
 20
55.0
 30
0.0
 11
691.0999999999999
 21
335.0
 31
0.0
  0
LINE
  5
145
330
17
100
AcDbEntity
  8
SARR_2.2x7
  6
HIDDEN
 48
30.0
100
AcDbLine
 10
711.6999999999999
 20
55.0
 30
0.0
 11
711.6999999999999
 21
335.0
 31
0.0
  0
TEXT
  5
146
330
17
100
AcDbEntity
  8
Texto Secao
 62
2
100
AcDbText
 10
680.8
 20
47.0
 30
0.0
 40
4.5
  1
P12.C
 50
90.0
100
AcDbText
  0
LWPOLYLINE
  5
147
330
17
100
AcDbEntity
  8
Paineis
100
AcDbPolyline
 90
4
 70
1
 10
720.8
 20
55.0
 10
739.8
 20
55.0
 10
739.8
 20
301.0
 10
720.8
 20
301.0
  0
HATCH
  5
148
330
17
100
AcDbEntity
  8
Hachura
100
AcDbHatch
 10
0.0
 20
0.0
 30
0.0
210
0.0
220
0.0
230
1.0
  2
SOLID
 70
1
 71
0
 91
1
 92
3
 72
0
 73
1
 93
4
 10
720.8
 20
55.0
 10
739.8
 20
55.0
 10
739.8
 20
301.0
 10
720.8
 20
301.0
 97
0
 75
0
 76
1
 98
0
  0
HATCH
  5
149
330
17
100
AcDbEntity
  8
Hachura
100
AcDbHatch
 10
0.0
 20
0.0
 30
0.0
210
0.0
220
0.0
230
1.0
  2
ANSI31
 70
0
 71
0
 91
1
 92
3
 72
0
 73
1
 93
4
 10
720.8
 20
55.0
 10
739.8
 20
55.0
 10
739.8
 20
301.0
 10
720.8
 20
301.0
 97
0
 75
1
 76
1
 52
0.0
 41
5.0
 77
0
 78
1
 53
45.0
 43
0.0
 44
0.0
 45
-11.2253201515
 46
11.2253201515
 79
0
 98
0
  0
LWPOLYLINE
  5
14A
330
17
100
AcDbEntity
  8
Paineis
100
AcDbPolyline
 90
4
 70
1
 10
720.8
 20
301.0
 10
739.8
 20
301.0
 10
739.8
 20
335.0
 10
720.8
 20
335.0
  0
HATCH
  5
14B
330
17
100
AcDbEntity
  8
Hachura
100
AcDbHatch
 10
0.0
 20
0.0
 30
0.0
210
0.0
220
0.0
230
1.0
  2
SOLID
 70
1
 71
0
 91
1
 92
3
 72
0
 73
1
 93
4
 10
720.8
 20
301.0
 10
739.8
 20
301.0
 10
739.8
 20
335.0
 10
720.8
 20
335.0
 97
0
 75
0
 76
1
 98
0
  0
HATCH
  5
14C
330
17
100
AcDbEntity
  8
Hachura
100
AcDbHatch
 10
0.0
 20
0.0
 30
0.0
210
0.0
220
0.0
230
1.0
  2
ANSI31
 70
0
 71
0
 91
1
 92
3
 72
0
 73
1
 93
4
 10
720.8
 20
301.0
 10
739.8
 20
301.0
 10
739.8
 20
335.0
 10
720.8
 20
335.0
 97
0
 75
1
 76
1
 52
0.0
 41
2.5
 77
0
 78
1
 53
45.0
 43
0.0
 44
0.0
 45
-5.6126600758
 46
5.6126600758
 79
0
 98
0
  0
LINE
  5
14D
330
17
100
AcDbEntity
  8
Paineis
100
AcDbLine
 10
720.8
 20
299.0
 30
0.0
 11
739.8
 21
299.0
 31
0.0
  0
LINE
  5
14E
330
17
100
AcDbEntity
  8
Paineis
100
AcDbLine
 10
720.8
 20
57.0
 30
0.0
 11
739.8
 21
57.0
 31
0.0
  0
LINE
  5
14F
330
17
100
AcDbEntity
  8
SARR_2.2x7
  6
HIDDEN
 48
30.0
100
AcDbLine
 10
721.9
 20
55.0
 30
0.0
 11
721.9
 21
335.0
 31
0.0
  0
LINE
  5
150
330
17
100
AcDbEntity
  8
SARR_2.2x7
  6
HIDDEN
 48
30.0
100
AcDbLine
 10
738.6999999999999
 20
55.0
 30
0.0
 11
738.6999999999999
 21
335.0
 31
0.0
  0
TEXT
  5
151
330
17
100
AcDbEntity
  8
Texto Secao
 62
2
100
AcDbText
 10
730.3
 20
47.0
 30
0.0
 40
4.5
  1
P12.D
 50
90.0
100
AcDbText
  0
LINE
  5
152
330
17
100
AcDbEntity
  8
COTA
 62
8
100
AcDbLine
 10
747.8
 20
55.0
 30
0.0
 11
747.8
 21
335.0
 31
0.0
  0
LINE
  5
153
330
17
100
AcDbEntity
  8
COTA
 62
8
100
AcDbLine
 10
745.8
 20
55.0
 30
0.0
 11
749.8
 21
55.0
 31
0.0
  0
LINE
  5
154
330
17
100
AcDbEntity
  8
COTA
 62
8
100
AcDbLine
 10
745.8
 20
57.0
 30
0.0
 11
749.8
 21
57.0
 31
0.0
  0
TEXT
  5
155
330
17
100
AcDbEntity
  8
COTA
 62
8
100
AcDbText
 10
752.8
 20
56.0
 30
0.0
 40
3.0
  1
h1=2
100
AcDbText
  0
LINE
  5
156
330
17
100
AcDbEntity
  8
COTA
 62
8
100
AcDbLine
 10
745.8
 20
57.0
 30
0.0
 11
749.8
 21
57.0
 31
0.0
  0
LINE
  5
157
330
17
100
AcDbEntity
  8
COTA
 62
8
100
AcDbLine
 10
745.8
 20
301.0
 30
0.0
 11
749.8
 21
301.0
 31
0.0
  0
TEXT
  5
158
330
17
100
AcDbEntity
  8
COTA
 62
8
100
AcDbText
 10
752.8
 20
179.0
 30
0.0
 40
3.0
  1
h2=244
100
AcDbText
  0
LINE
  5
159
330
17
100
AcDbEntity
  8
COTA
 62
8
100
AcDbLine
 10
745.8
 20
301.0
 30
0.0
 11
749.8
 21
301.0
 31
0.0
  0
LINE
  5
15A
330
17
100
AcDbEntity
  8
COTA
 62
8
100
AcDbLine
 10
745.8
 20
335.0
 30
0.0
 11
749.8
 21
335.0
 31
0.0
  0
TEXT
  5
15B
330
17
100
AcDbEntity
  8
COTA
 62
8
100
AcDbText
 10
752.8
 20
318.0
 30
0.0
 40
3.0
  1
h3=34
100
AcDbText
  0
TEXT
  5
15C
330
17
100
AcDbEntity
  8
COTA
 62
8
100
AcDbText
 10
752.8
 20
338.0
 30
0.0
 40
3.5
  1
TOTAL=280
100
AcDbText
  0
LINE
  5
15D
330
17
100
AcDbEntity
  8
Nivel
 62
4
100
AcDbLine
 10
415.4
 20
55.0
 30
0.0
 11
752.8
 21
55.0
 31
0.0
  0
LINE
  5
15E
330
17
100
AcDbEntity
  8
Nivel
 62
4
100
AcDbLine
 10
414.4
 20
60.0
 30
0.0
 11
417.4
 21
55.0
 31
0.0
  0
LINE
  5
15F
330
17
100
AcDbEntity
  8
Nivel
 62
4
100
AcDbLine
 10
420.4
 20
60.0
 30
0.0
 11
417.4
 21
55.0
 31
0.0
  0
TEXT
  5
160
330
17
100
AcDbEntity
  8
Nivel
 62
4
100
AcDbText
 10
422.4
 20
56.0
 30
0.0
 40
4.0
  1
1o PAV.
100
AcDbText
  0
LINE
  5
161
330
17
100
AcDbEntity
  8
Nivel
 62
4
100
AcDbLine
 10
415.4
 20
301.0
 30
0.0
 11
752.8
 21
301.0
 31
0.0
  0
LINE
  5
162
330
17
100
AcDbEntity
  8
Nivel
 62
4
100
AcDbLine
 10
414.4
 20
306.0
 30
0.0
 11
417.4
 21
301.0
 31
0.0
  0
LINE
  5
163
330
17
100
AcDbEntity
  8
Nivel
 62
4
100
AcDbLine
 10
420.4
 20
306.0
 30
0.0
 11
417.4
 21
301.0
 31
0.0
  0
TEXT
  5
164
330
17
100
AcDbEntity
  8
Nivel
 62
4
100
AcDbText
 10
422.4
 20
302.0
 30
0.0
 40
4.0
  1
2o PAV.
100
AcDbText
  0
LWPOLYLINE
  5
165
330
17
100
AcDbEntity
  8
CARIMBO
 62
40
100
AcDbPolyline
 90
4
 70
1
 10
413.4
 20
0.0
 10
776.8
 20
0.0
 10
776.8
 20
40.0
 10
413.4
 20
40.0
  0
LINE
  5
166
330
17
100
AcDbEntity
  8
CARIMBO
 62
40
100
AcDbLine
 10
413.4
 20
10.0
 30
0.0
 11
776.8
 21
10.0
 31
0.0
  0
LINE
  5
167
330
17
100
AcDbEntity
  8
CARIMBO
 62
40
100
AcDbLine
 10
413.4
 20
20.0
 30
0.0
 11
776.8
 21
20.0
 31
0.0
  0
LINE
  5
168
330
17
100
AcDbEntity
  8
CARIMBO
 62
40
100
AcDbLine
 10
413.4
 20
30.0
 30
0.0
 11
776.8
 21
30.0
 31
0.0
  0
LINE
  5
169
330
17
100
AcDbEntity
  8
CARIMBO
 62
40
100
AcDbLine
 10
540.5899999999999
 20
0.0
 30
0.0
 11
540.5899999999999
 21
40.0
 31
0.0
  0
TEXT
  5
16A
330
17
100
AcDbEntity
  8
CARIMBO
 62
9
100
AcDbText
 10
416.4
 20
35.0
 30
0.0
 40
3.0
  1
CLIENTE:
100
AcDbText
  0
TEXT
  5
16B
330
17
100
AcDbEntity
  8
TEXTO_GERAL
 62
2
100
AcDbText
 10
543.5899999999999
 20
35.0
 30
0.0
 40
3.0
  1
ALIMONTI
100
AcDbText
  0
TEXT
  5
16C
330
17
100
AcDbEntity
  8
CARIMBO
 62
9
100
AcDbText
 10
416.4
 20
25.0
 30
0.0
 40
3.0
  1
OBRA:
100
AcDbText
  0
TEXT
  5
16D
330
17
100
AcDbEntity
  8
TEXTO_GERAL
 62
2
100
AcDbText
 10
543.5899999999999
 20
25.0
 30
0.0
 40
3.0
  1
Obra_TREINO_1
100
AcDbText
  0
TEXT
  5
16E
330
17
100
AcDbEntity
  8
CARIMBO
 62
9
100
AcDbText
 10
416.4
 20
15.0
 30
0.0
 40
3.0
  1
PAVIMENTO:
100
AcDbText
  0
TEXT
  5
16F
330
17
100
AcDbEntity
  8
TEXTO_GERAL
 62
2
100
AcDbText
 10
543.5899999999999
 20
15.0
 30
0.0
 40
3.0
  1
TERREO
100
AcDbText
  0
TEXT
  5
170
330
17
100
AcDbEntity
  8
CARIMBO
 62
9
100
AcDbText
 10
416.4
 20
5.0
 30
0.0
 40
3.0
  1
PROJETO:
100
AcDbText
  0
TEXT
  5
171
330
17
100
AcDbEntity
  8
TEXTO_GERAL
 62
2
100
AcDbText
 10
543.5899999999999
 20
5.0
 30
0.0
 40
3.0
  1
PILARES
100
AcDbText
  0
TEXT
  5
172
330
17
100
AcDbEntity
  8
LABEL_ID
 62
3
100
AcDbText
 10
761.8
 20
5.0
 30
0.0
 40
8.0
  1
02
100
AcDbText
  0
LWPOLYLINE
  5
173
330
17
100
AcDbEntity
  8
BORDA_CELULA
 62
9
100
AcDbPolyline
 90
4
 70
1
 10
796.8
 20
0.0
 10
1170.1999999999998
 20
0.0
 10
1170.1999999999998
 20
405.0
 10
796.8
 20
405.0
  0
TEXT
  5
174
330
17
100
AcDbEntity
  8
TEXTO_GERAL
 62
2
100
AcDbText
 10
1160.1999999999998
 20
400.0
 30
0.0
 40
3.0
  1
TÉRREO - PD: 280.00
 72
2
 11
1160.1999999999998
 21
400.0
 31
0.0
100
AcDbText
  0
TEXT
  5
175
330
17
100
AcDbEntity
  8
TEXTO_GERAL
 62
2
100
AcDbText
 10
1160.1999999999998
 20
395.0
 30
0.0
 40
3.0
  1
NIVEL DE SAIDA: 280.00
 72
2
 11
1160.1999999999998
 21
395.0
 31
0.0
100
AcDbText
  0
TEXT
  5
176
330
17
100
AcDbEntity
  8
TEXTO_GERAL
 62
2
100
AcDbText
 10
1160.1999999999998
 20
390.0
 30
0.0
 40
3.0
  1
NIVEL DE CHEGADA: 0.00
 72
2
 11
1160.1999999999998
 21
390.0
 31
0.0
100
AcDbText
  0
TEXT
  5
177
330
17
100
AcDbEntity
  8
NOMENCLATURA
 62
1
100
AcDbText
 10
816.8
 20
393.0
 30
0.0
 40
10.0
  1
P13
100
AcDbText
  0
LWPOLYLINE
  5
178
330
17
100
AcDbEntity
  8
CONCRETO
 62
4
100
AcDbPolyline
 90
4
 70
1
 10
828.0
 20
305.0
 10
892.0
 20
305.0
 10
892.0
 20
329.0
 10
828.0
 20
329.0
  0
HATCH
  5
179
330
17
100
AcDbEntity
  8
COTA
100
AcDbHatch
 10
0.0
 20
0.0
 30
0.0
210
0.0
220
0.0
230
1.0
  2
AR-CONC
 70
0
 71
0
 91
1
 92
3
 72
0
 73
1
 93
4
 10
828.0
 20
305.0
 10
892.0
 20
305.0
 10
892.0
 20
329.0
 10
828.0
 20
329.0
 97
0
 75
1
 76
1
 52
0.0
 41
0.03
 77
0
 78
13
 53
50.0
 43
0.0
 44
0.0
 45
5.4655400699
 46
-0.4781725662
 79
2
 49
0.5715
 49
-6.2865
 53
355.0
 43
0.0
 44
0.0
 45
-1.0573026428
 46
5.7317053572
 79
2
 49
0.4572
 49
-5.0292175251
 53
100.4514447
 43
0.45546021
 44
-0.039847605
 45
4.4082374127
 46
5.2535325574
 79
2
 49
0.485700264
 49
-5.342707338
 53
46.1842
 43
0.0
 44
1.524
 45
8.1323712268
 46
-1.261269838
 79
2
 49
0.85725
 49
-9.42975
 53
96.63555761
 43
0.677697
 44
1.418895
 45
7.1221240215
 46
7.4227837379
 79
2
 49
0.7285506942
 49
-8.0140682448
 53
351.18415117
 43
0.0
 44
1.524
 45
7.1221240219
 46
7.4227837376
 79
2
 49
0.6857990121
 49
-7.5437919576
 53
21.0
 43
0.762
 44
1.143
 45
4.5484317381
 46
-3.0679559456
 79
2
 49
0.5715
 49
-6.2865
 53
326.0
 43
0.762
 44
1.143
 45
1.8540608504
 46
5.5256389837
 79
2
 49
0.4572
 49
-5.0292
 53
71.451445
 43
1.141035978
 44
0.887337003
 45
6.4024925784
 46
2.4576830666
 79
2
 49
0.485700264
 49
-5.342698128
 53
37.5
 43
0.0
 44
0.0
 45
0.0926580975
 46
2.5366511662
 79
6
 49
0.0
 49
-4.96824
 49
0.0
 49
-5.1054
 49
0.0
 49
-5.04825
 53
7.5
 43
0.0
 44
0.0
 45
2.0045898753
 46
3.0054172445
 79
6
 49
0.0
 49
-2.91084
 49
0.0
 49
-4.85394
 49
0.0
 49
-1.92405
 53
-32.5
 43
-1.69926
 44
0.0
 45
4.067717855
 46
-0.1718623198
 79
6
 49
0.0
 49
-1.905
 49
0.0
 49
-5.9436
 49
0.0
 49
-7.8867
 53
-42.5
 43
-2.46126
 44
0.0
 45
4.4438754416
 46
0.762794731
 79
6
 49
0.0
 49
-2.4765
 49
0.0
 49
-3.94716
 49
0.0
 49
-5.6007
 98
0
  0
LWPOLYLINE
  5
17A
330
17
100
AcDbEntity
  8
Paineis
100
AcDbPolyline
 90
4
 70
1
 10
828.0
 20
302.8
 10
892.0
 20
302.8
 10
892.0
 20
305.0
 10
828.0
 20
305.0
  0
HATCH
  5
17B
330
17
100
AcDbEntity
  8
Paineis
100
AcDbHatch
 10
0.0
 20
0.0
 30
0.0
210
0.0
220
0.0
230
1.0
  2
SOLID
 70
1
 71
0
 91
1
 92
3
 72
0
 73
1
 93
4
 10
828.0
 20
302.8
 10
892.0
 20
302.8
 10
892.0
 20
305.0
 10
828.0
 20
305.0
 97
0
 75
0
 76
1
 98
0
  0
HATCH
  5
17C
330
17
100
AcDbEntity
  8
Paineis
100
AcDbHatch
 10
0.0
 20
0.0
 30
0.0
210
0.0
220
0.0
230
1.0
  2
ANSI31
 70
0
 71
0
 91
1
 92
3
 72
0
 73
1
 93
4
 10
828.0
 20
302.8
 10
892.0
 20
302.8
 10
892.0
 20
305.0
 10
828.0
 20
305.0
 97
0
 75
1
 76
1
 52
270.0
 41
0.5
 77
0
 78
1
 53
315.0
 43
-0.0
 44
-0.0
 45
1.1225320152
 46
1.1225320151
 79
0
 98
0
  0
LWPOLYLINE
  5
17D
330
17
100
AcDbEntity
  8
Paineis
100
AcDbPolyline
 90
4
 70
1
 10
828.0
 20
329.0
 10
892.0
 20
329.0
 10
892.0
 20
331.2
 10
828.0
 20
331.2
  0
HATCH
  5
17E
330
17
100
AcDbEntity
  8
Paineis
100
AcDbHatch
 10
0.0
 20
0.0
 30
0.0
210
0.0
220
0.0
230
1.0
  2
SOLID
 70
1
 71
0
 91
1
 92
3
 72
0
 73
1
 93
4
 10
828.0
 20
329.0
 10
892.0
 20
329.0
 10
892.0
 20
331.2
 10
828.0
 20
331.2
 97
0
 75
0
 76
1
 98
0
  0
HATCH
  5
17F
330
17
100
AcDbEntity
  8
Paineis
100
AcDbHatch
 10
0.0
 20
0.0
 30
0.0
210
0.0
220
0.0
230
1.0
  2
ANSI31
 70
0
 71
0
 91
1
 92
3
 72
0
 73
1
 93
4
 10
828.0
 20
329.0
 10
892.0
 20
329.0
 10
892.0
 20
331.2
 10
828.0
 20
331.2
 97
0
 75
1
 76
1
 52
270.0
 41
0.5
 77
0
 78
1
 53
315.0
 43
-0.0
 44
-0.0
 45
1.1225320152
 46
1.1225320151
 79
0
 98
0
  0
LWPOLYLINE
  5
180
330
17
100
AcDbEntity
  8
Paineis
100
AcDbPolyline
 90
4
 70
1
 10
825.8
 20
305.0
 10
828.0
 20
305.0
 10
828.0
 20
329.0
 10
825.8
 20
329.0
  0
HATCH
  5
181
330
17
100
AcDbEntity
  8
Paineis
100
AcDbHatch
 10
0.0
 20
0.0
 30
0.0
210
0.0
220
0.0
230
1.0
  2
SOLID
 70
1
 71
0
 91
1
 92
3
 72
0
 73
1
 93
4
 10
825.8
 20
305.0
 10
828.0
 20
305.0
 10
828.0
 20
329.0
 10
825.8
 20
329.0
 97
0
 75
0
 76
1
 98
0
  0
HATCH
  5
182
330
17
100
AcDbEntity
  8
Paineis
100
AcDbHatch
 10
0.0
 20
0.0
 30
0.0
210
0.0
220
0.0
230
1.0
  2
ANSI31
 70
0
 71
0
 91
1
 92
3
 72
0
 73
1
 93
4
 10
825.8
 20
305.0
 10
828.0
 20
305.0
 10
828.0
 20
329.0
 10
825.8
 20
329.0
 97
0
 75
1
 76
1
 52
270.0
 41
0.5
 77
0
 78
1
 53
315.0
 43
-0.0
 44
-0.0
 45
1.1225320152
 46
1.1225320151
 79
0
 98
0
  0
LWPOLYLINE
  5
183
330
17
100
AcDbEntity
  8
Paineis
100
AcDbPolyline
 90
4
 70
1
 10
892.0
 20
305.0
 10
894.2
 20
305.0
 10
894.2
 20
329.0
 10
892.0
 20
329.0
  0
HATCH
  5
184
330
17
100
AcDbEntity
  8
Paineis
100
AcDbHatch
 10
0.0
 20
0.0
 30
0.0
210
0.0
220
0.0
230
1.0
  2
SOLID
 70
1
 71
0
 91
1
 92
3
 72
0
 73
1
 93
4
 10
892.0
 20
305.0
 10
894.2
 20
305.0
 10
894.2
 20
329.0
 10
892.0
 20
329.0
 97
0
 75
0
 76
1
 98
0
  0
HATCH
  5
185
330
17
100
AcDbEntity
  8
Paineis
100
AcDbHatch
 10
0.0
 20
0.0
 30
0.0
210
0.0
220
0.0
230
1.0
  2
ANSI31
 70
0
 71
0
 91
1
 92
3
 72
0
 73
1
 93
4
 10
892.0
 20
305.0
 10
894.2
 20
305.0
 10
894.2
 20
329.0
 10
892.0
 20
329.0
 97
0
 75
1
 76
1
 52
270.0
 41
0.5
 77
0
 78
1
 53
315.0
 43
-0.0
 44
-0.0
 45
1.1225320152
 46
1.1225320151
 79
0
 98
0
  0
LWPOLYLINE
  5
186
330
17
100
AcDbEntity
  8
SARR_2.2x7
100
AcDbPolyline
 90
4
 70
1
 10
828.0
 20
295.8
 10
830.2
 20
295.8
 10
830.2
 20
302.8
 10
828.0
 20
302.8
  0
HATCH
  5
187
330
17
100
AcDbEntity
  8
SARR_2.2x7
100
AcDbHatch
 10
0.0
 20
0.0
 30
0.0
210
0.0
220
0.0
230
1.0
  2
SOLID
 70
1
 71
0
 91
1
 92
3
 72
0
 73
1
 93
4
 10
828.0
 20
295.8
 10
830.2
 20
295.8
 10
830.2
 20
302.8
 10
828.0
 20
302.8
 97
0
 75
0
 76
1
 98
0
  0
HATCH
  5
188
330
17
100
AcDbEntity
  8
SARR_2.2x7
100
AcDbHatch
 10
0.0
 20
0.0
 30
0.0
210
0.0
220
0.0
230
1.0
  2
ANSI31
 70
0
 71
0
 91
1
 92
3
 72
0
 73
1
 93
4
 10
828.0
 20
295.8
 10
830.2
 20
295.8
 10
830.2
 20
302.8
 10
828.0
 20
302.8
 97
0
 75
1
 76
1
 52
270.0
 41
0.5
 77
0
 78
1
 53
315.0
 43
-0.0
 44
-0.0
 45
1.1225320152
 46
1.1225320151
 79
0
 98
0
  0
LWPOLYLINE
  5
189
330
17
100
AcDbEntity
  8
SARR_2.2x7
100
AcDbPolyline
 90
4
 70
1
 10
848.6
 20
295.8
 10
850.8000000000001
 20
295.8
 10
850.8000000000001
 20
302.8
 10
848.6
 20
302.8
  0
HATCH
  5
18A
330
17
100
AcDbEntity
  8
SARR_2.2x7
100
AcDbHatch
 10
0.0
 20
0.0
 30
0.0
210
0.0
220
0.0
230
1.0
  2
SOLID
 70
1
 71
0
 91
1
 92
3
 72
0
 73
1
 93
4
 10
848.6
 20
295.8
 10
850.8000000000001
 20
295.8
 10
850.8000000000001
 20
302.8
 10
848.6
 20
302.8
 97
0
 75
0
 76
1
 98
0
  0
HATCH
  5
18B
330
17
100
AcDbEntity
  8
SARR_2.2x7
100
AcDbHatch
 10
0.0
 20
0.0
 30
0.0
210
0.0
220
0.0
230
1.0
  2
ANSI31
 70
0
 71
0
 91
1
 92
3
 72
0
 73
1
 93
4
 10
848.6
 20
295.8
 10
850.8000000000001
 20
295.8
 10
850.8000000000001
 20
302.8
 10
848.6
 20
302.8
 97
0
 75
1
 76
1
 52
270.0
 41
0.5
 77
0
 78
1
 53
315.0
 43
-0.0
 44
-0.0
 45
1.1225320152
 46
1.1225320151
 79
0
 98
0
  0
LWPOLYLINE
  5
18C
330
17
100
AcDbEntity
  8
SARR_2.2x7
100
AcDbPolyline
 90
4
 70
1
 10
869.1999999999999
 20
295.8
 10
871.4
 20
295.8
 10
871.4
 20
302.8
 10
869.1999999999999
 20
302.8
  0
HATCH
  5
18D
330
17
100
AcDbEntity
  8
SARR_2.2x7
100
AcDbHatch
 10
0.0
 20
0.0
 30
0.0
210
0.0
220
0.0
230
1.0
  2
SOLID
 70
1
 71
0
 91
1
 92
3
 72
0
 73
1
 93
4
 10
869.1999999999999
 20
295.8
 10
871.4
 20
295.8
 10
871.4
 20
302.8
 10
869.1999999999999
 20
302.8
 97
0
 75
0
 76
1
 98
0
  0
HATCH
  5
18E
330
17
100
AcDbEntity
  8
SARR_2.2x7
100
AcDbHatch
 10
0.0
 20
0.0
 30
0.0
210
0.0
220
0.0
230
1.0
  2
ANSI31
 70
0
 71
0
 91
1
 92
3
 72
0
 73
1
 93
4
 10
869.1999999999999
 20
295.8
 10
871.4
 20
295.8
 10
871.4
 20
302.8
 10
869.1999999999999
 20
302.8
 97
0
 75
1
 76
1
 52
270.0
 41
0.5
 77
0
 78
1
 53
315.0
 43
-0.0
 44
-0.0
 45
1.1225320152
 46
1.1225320151
 79
0
 98
0
  0
LWPOLYLINE
  5
18F
330
17
100
AcDbEntity
  8
SARR_2.2x7
100
AcDbPolyline
 90
4
 70
1
 10
889.8
 20
295.8
 10
892.0
 20
295.8
 10
892.0
 20
302.8
 10
889.8
 20
302.8
  0
HATCH
  5
190
330
17
100
AcDbEntity
  8
SARR_2.2x7
100
AcDbHatch
 10
0.0
 20
0.0
 30
0.0
210
0.0
220
0.0
230
1.0
  2
SOLID
 70
1
 71
0
 91
1
 92
3
 72
0
 73
1
 93
4
 10
889.8
 20
295.8
 10
892.0
 20
295.8
 10
892.0
 20
302.8
 10
889.8
 20
302.8
 97
0
 75
0
 76
1
 98
0
  0
HATCH
  5
191
330
17
100
AcDbEntity
  8
SARR_2.2x7
100
AcDbHatch
 10
0.0
 20
0.0
 30
0.0
210
0.0
220
0.0
230
1.0
  2
ANSI31
 70
0
 71
0
 91
1
 92
3
 72
0
 73
1
 93
4
 10
889.8
 20
295.8
 10
892.0
 20
295.8
 10
892.0
 20
302.8
 10
889.8
 20
302.8
 97
0
 75
1
 76
1
 52
270.0
 41
0.5
 77
0
 78
1
 53
315.0
 43
-0.0
 44
-0.0
 45
1.1225320152
 46
1.1225320151
 79
0
 98
0
  0
LWPOLYLINE
  5
192
330
17
100
AcDbEntity
  8
SARR_2.2x7
100
AcDbPolyline
 90
4
 70
1
 10
828.0
 20
331.2
 10
830.2
 20
331.2
 10
830.2
 20
338.2
 10
828.0
 20
338.2
  0
HATCH
  5
193
330
17
100
AcDbEntity
  8
SARR_2.2x7
100
AcDbHatch
 10
0.0
 20
0.0
 30
0.0
210
0.0
220
0.0
230
1.0
  2
SOLID
 70
1
 71
0
 91
1
 92
3
 72
0
 73
1
 93
4
 10
828.0
 20
331.2
 10
830.2
 20
331.2
 10
830.2
 20
338.2
 10
828.0
 20
338.2
 97
0
 75
0
 76
1
 98
0
  0
HATCH
  5
194
330
17
100
AcDbEntity
  8
SARR_2.2x7
100
AcDbHatch
 10
0.0
 20
0.0
 30
0.0
210
0.0
220
0.0
230
1.0
  2
ANSI31
 70
0
 71
0
 91
1
 92
3
 72
0
 73
1
 93
4
 10
828.0
 20
331.2
 10
830.2
 20
331.2
 10
830.2
 20
338.2
 10
828.0
 20
338.2
 97
0
 75
1
 76
1
 52
270.0
 41
0.5
 77
0
 78
1
 53
315.0
 43
-0.0
 44
-0.0
 45
1.1225320152
 46
1.1225320151
 79
0
 98
0
  0
LWPOLYLINE
  5
195
330
17
100
AcDbEntity
  8
SARR_2.2x7
100
AcDbPolyline
 90
4
 70
1
 10
848.6
 20
331.2
 10
850.8000000000001
 20
331.2
 10
850.8000000000001
 20
338.2
 10
848.6
 20
338.2
  0
HATCH
  5
196
330
17
100
AcDbEntity
  8
SARR_2.2x7
100
AcDbHatch
 10
0.0
 20
0.0
 30
0.0
210
0.0
220
0.0
230
1.0
  2
SOLID
 70
1
 71
0
 91
1
 92
3
 72
0
 73
1
 93
4
 10
848.6
 20
331.2
 10
850.8000000000001
 20
331.2
 10
850.8000000000001
 20
338.2
 10
848.6
 20
338.2
 97
0
 75
0
 76
1
 98
0
  0
HATCH
  5
197
330
17
100
AcDbEntity
  8
SARR_2.2x7
100
AcDbHatch
 10
0.0
 20
0.0
 30
0.0
210
0.0
220
0.0
230
1.0
  2
ANSI31
 70
0
 71
0
 91
1
 92
3
 72
0
 73
1
 93
4
 10
848.6
 20
331.2
 10
850.8000000000001
 20
331.2
 10
850.8000000000001
 20
338.2
 10
848.6
 20
338.2
 97
0
 75
1
 76
1
 52
270.0
 41
0.5
 77
0
 78
1
 53
315.0
 43
-0.0
 44
-0.0
 45
1.1225320152
 46
1.1225320151
 79
0
 98
0
  0
LWPOLYLINE
  5
198
330
17
100
AcDbEntity
  8
SARR_2.2x7
100
AcDbPolyline
 90
4
 70
1
 10
869.1999999999999
 20
331.2
 10
871.4
 20
331.2
 10
871.4
 20
338.2
 10
869.1999999999999
 20
338.2
  0
HATCH
  5
199
330
17
100
AcDbEntity
  8
SARR_2.2x7
100
AcDbHatch
 10
0.0
 20
0.0
 30
0.0
210
0.0
220
0.0
230
1.0
  2
SOLID
 70
1
 71
0
 91
1
 92
3
 72
0
 73
1
 93
4
 10
869.1999999999999
 20
331.2
 10
871.4
 20
331.2
 10
871.4
 20
338.2
 10
869.1999999999999
 20
338.2
 97
0
 75
0
 76
1
 98
0
  0
HATCH
  5
19A
330
17
100
AcDbEntity
  8
SARR_2.2x7
100
AcDbHatch
 10
0.0
 20
0.0
 30
0.0
210
0.0
220
0.0
230
1.0
  2
ANSI31
 70
0
 71
0
 91
1
 92
3
 72
0
 73
1
 93
4
 10
869.1999999999999
 20
331.2
 10
871.4
 20
331.2
 10
871.4
 20
338.2
 10
869.1999999999999
 20
338.2
 97
0
 75
1
 76
1
 52
270.0
 41
0.5
 77
0
 78
1
 53
315.0
 43
-0.0
 44
-0.0
 45
1.1225320152
 46
1.1225320151
 79
0
 98
0
  0
LWPOLYLINE
  5
19B
330
17
100
AcDbEntity
  8
SARR_2.2x7
100
AcDbPolyline
 90
4
 70
1
 10
889.8
 20
331.2
 10
892.0
 20
331.2
 10
892.0
 20
338.2
 10
889.8
 20
338.2
  0
HATCH
  5
19C
330
17
100
AcDbEntity
  8
SARR_2.2x7
100
AcDbHatch
 10
0.0
 20
0.0
 30
0.0
210
0.0
220
0.0
230
1.0
  2
SOLID
 70
1
 71
0
 91
1
 92
3
 72
0
 73
1
 93
4
 10
889.8
 20
331.2
 10
892.0
 20
331.2
 10
892.0
 20
338.2
 10
889.8
 20
338.2
 97
0
 75
0
 76
1
 98
0
  0
HATCH
  5
19D
330
17
100
AcDbEntity
  8
SARR_2.2x7
100
AcDbHatch
 10
0.0
 20
0.0
 30
0.0
210
0.0
220
0.0
230
1.0
  2
ANSI31
 70
0
 71
0
 91
1
 92
3
 72
0
 73
1
 93
4
 10
889.8
 20
331.2
 10
892.0
 20
331.2
 10
892.0
 20
338.2
 10
889.8
 20
338.2
 97
0
 75
1
 76
1
 52
270.0
 41
0.5
 77
0
 78
1
 53
315.0
 43
-0.0
 44
-0.0
 45
1.1225320152
 46
1.1225320151
 79
0
 98
0
  0
LWPOLYLINE
  5
19E
330
17
100
AcDbEntity
  8
SARR_2.2x7
100
AcDbPolyline
 90
4
 70
1
 10
818.8
 20
305.0
 10
825.8
 20
305.0
 10
825.8
 20
307.2
 10
818.8
 20
307.2
  0
HATCH
  5
19F
330
17
100
AcDbEntity
  8
SARR_2.2x7
100
AcDbHatch
 10
0.0
 20
0.0
 30
0.0
210
0.0
220
0.0
230
1.0
  2
SOLID
 70
1
 71
0
 91
1
 92
3
 72
0
 73
1
 93
4
 10
818.8
 20
305.0
 10
825.8
 20
305.0
 10
825.8
 20
307.2
 10
818.8
 20
307.2
 97
0
 75
0
 76
1
 98
0
  0
HATCH
  5
1A0
330
17
100
AcDbEntity
  8
SARR_2.2x7
100
AcDbHatch
 10
0.0
 20
0.0
 30
0.0
210
0.0
220
0.0
230
1.0
  2
ANSI31
 70
0
 71
0
 91
1
 92
3
 72
0
 73
1
 93
4
 10
818.8
 20
305.0
 10
825.8
 20
305.0
 10
825.8
 20
307.2
 10
818.8
 20
307.2
 97
0
 75
1
 76
1
 52
270.0
 41
0.5
 77
0
 78
1
 53
315.0
 43
-0.0
 44
-0.0
 45
1.1225320152
 46
1.1225320151
 79
0
 98
0
  0
LWPOLYLINE
  5
1A1
330
17
100
AcDbEntity
  8
SARR_2.2x7
100
AcDbPolyline
 90
4
 70
1
 10
818.8
 20
326.79999999999995
 10
825.8
 20
326.79999999999995
 10
825.8
 20
328.99999999999994
 10
818.8
 20
328.99999999999994
  0
HATCH
  5
1A2
330
17
100
AcDbEntity
  8
SARR_2.2x7
100
AcDbHatch
 10
0.0
 20
0.0
 30
0.0
210
0.0
220
0.0
230
1.0
  2
SOLID
 70
1
 71
0
 91
1
 92
3
 72
0
 73
1
 93
4
 10
818.8
 20
326.79999999999995
 10
825.8
 20
326.79999999999995
 10
825.8
 20
328.99999999999994
 10
818.8
 20
328.99999999999994
 97
0
 75
0
 76
1
 98
0
  0
HATCH
  5
1A3
330
17
100
AcDbEntity
  8
SARR_2.2x7
100
AcDbHatch
 10
0.0
 20
0.0
 30
0.0
210
0.0
220
0.0
230
1.0
  2
ANSI31
 70
0
 71
0
 91
1
 92
3
 72
0
 73
1
 93
4
 10
818.8
 20
326.79999999999995
 10
825.8
 20
326.79999999999995
 10
825.8
 20
328.99999999999994
 10
818.8
 20
328.99999999999994
 97
0
 75
1
 76
1
 52
270.0
 41
0.5
 77
0
 78
1
 53
315.0
 43
-0.0
 44
-0.0
 45
1.1225320152
 46
1.1225320151
 79
0
 98
0
  0
LWPOLYLINE
  5
1A4
330
17
100
AcDbEntity
  8
SARR_2.2x7
100
AcDbPolyline
 90
4
 70
1
 10
894.2
 20
305.0
 10
901.2
 20
305.0
 10
901.2
 20
307.2
 10
894.2
 20
307.2
  0
HATCH
  5
1A5
330
17
100
AcDbEntity
  8
SARR_2.2x7
100
AcDbHatch
 10
0.0
 20
0.0
 30
0.0
210
0.0
220
0.0
230
1.0
  2
SOLID
 70
1
 71
0
 91
1
 92
3
 72
0
 73
1
 93
4
 10
894.2
 20
305.0
 10
901.2
 20
305.0
 10
901.2
 20
307.2
 10
894.2
 20
307.2
 97
0
 75
0
 76
1
 98
0
  0
HATCH
  5
1A6
330
17
100
AcDbEntity
  8
SARR_2.2x7
100
AcDbHatch
 10
0.0
 20
0.0
 30
0.0
210
0.0
220
0.0
230
1.0
  2
ANSI31
 70
0
 71
0
 91
1
 92
3
 72
0
 73
1
 93
4
 10
894.2
 20
305.0
 10
901.2
 20
305.0
 10
901.2
 20
307.2
 10
894.2
 20
307.2
 97
0
 75
1
 76
1
 52
270.0
 41
0.5
 77
0
 78
1
 53
315.0
 43
-0.0
 44
-0.0
 45
1.1225320152
 46
1.1225320151
 79
0
 98
0
  0
LWPOLYLINE
  5
1A7
330
17
100
AcDbEntity
  8
SARR_2.2x7
100
AcDbPolyline
 90
4
 70
1
 10
894.2
 20
326.79999999999995
 10
901.2
 20
326.79999999999995
 10
901.2
 20
328.99999999999994
 10
894.2
 20
328.99999999999994
  0
HATCH
  5
1A8
330
17
100
AcDbEntity
  8
SARR_2.2x7
100
AcDbHatch
 10
0.0
 20
0.0
 30
0.0
210
0.0
220
0.0
230
1.0
  2
SOLID
 70
1
 71
0
 91
1
 92
3
 72
0
 73
1
 93
4
 10
894.2
 20
326.79999999999995
 10
901.2
 20
326.79999999999995
 10
901.2
 20
328.99999999999994
 10
894.2
 20
328.99999999999994
 97
0
 75
0
 76
1
 98
0
  0
HATCH
  5
1A9
330
17
100
AcDbEntity
  8
SARR_2.2x7
100
AcDbHatch
 10
0.0
 20
0.0
 30
0.0
210
0.0
220
0.0
230
1.0
  2
ANSI31
 70
0
 71
0
 91
1
 92
3
 72
0
 73
1
 93
4
 10
894.2
 20
326.79999999999995
 10
901.2
 20
326.79999999999995
 10
901.2
 20
328.99999999999994
 10
894.2
 20
328.99999999999994
 97
0
 75
1
 76
1
 52
270.0
 41
0.5
 77
0
 78
1
 53
315.0
 43
-0.0
 44
-0.0
 45
1.1225320152
 46
1.1225320151
 79
0
 98
0
  0
LWPOLYLINE
  5
1AA
330
17
100
AcDbEntity
  8
CHAPA
 62
1
100
AcDbPolyline
 90
4
 70
1
 10
823.8
 20
300.8
 10
825.8
 20
300.8
 10
825.8
 20
302.8
 10
823.8
 20
302.8
  0
HATCH
  5
1AB
330
17
100
AcDbEntity
  8
CHAPA
 62
1
100
AcDbHatch
 10
0.0
 20
0.0
 30
0.0
210
0.0
220
0.0
230
1.0
  2
SOLID
 70
1
 71
0
 91
1
 92
3
 72
0
 73
1
 93
4
 10
823.8
 20
300.8
 10
825.8
 20
300.8
 10
825.8
 20
302.8
 10
823.8
 20
302.8
 97
0
 75
0
 76
1
 98
0
  0
LWPOLYLINE
  5
1AC
330
17
100
AcDbEntity
  8
CHAPA
 62
1
100
AcDbPolyline
 90
4
 70
1
 10
894.2
 20
300.8
 10
896.2
 20
300.8
 10
896.2
 20
302.8
 10
894.2
 20
302.8
  0
HATCH
  5
1AD
330
17
100
AcDbEntity
  8
CHAPA
 62
1
100
AcDbHatch
 10
0.0
 20
0.0
 30
0.0
210
0.0
220
0.0
230
1.0
  2
SOLID
 70
1
 71
0
 91
1
 92
3
 72
0
 73
1
 93
4
 10
894.2
 20
300.8
 10
896.2
 20
300.8
 10
896.2
 20
302.8
 10
894.2
 20
302.8
 97
0
 75
0
 76
1
 98
0
  0
LWPOLYLINE
  5
1AE
330
17
100
AcDbEntity
  8
CHAPA
 62
1
100
AcDbPolyline
 90
4
 70
1
 10
894.2
 20
331.2
 10
896.2
 20
331.2
 10
896.2
 20
333.2
 10
894.2
 20
333.2
  0
HATCH
  5
1AF
330
17
100
AcDbEntity
  8
CHAPA
 62
1
100
AcDbHatch
 10
0.0
 20
0.0
 30
0.0
210
0.0
220
0.0
230
1.0
  2
SOLID
 70
1
 71
0
 91
1
 92
3
 72
0
 73
1
 93
4
 10
894.2
 20
331.2
 10
896.2
 20
331.2
 10
896.2
 20
333.2
 10
894.2
 20
333.2
 97
0
 75
0
 76
1
 98
0
  0
LWPOLYLINE
  5
1B0
330
17
100
AcDbEntity
  8
CHAPA
 62
1
100
AcDbPolyline
 90
4
 70
1
 10
823.8
 20
331.2
 10
825.8
 20
331.2
 10
825.8
 20
333.2
 10
823.8
 20
333.2
  0
HATCH
  5
1B1
330
17
100
AcDbEntity
  8
CHAPA
 62
1
100
AcDbHatch
 10
0.0
 20
0.0
 30
0.0
210
0.0
220
0.0
230
1.0
  2
SOLID
 70
1
 71
0
 91
1
 92
3
 72
0
 73
1
 93
4
 10
823.8
 20
331.2
 10
825.8
 20
331.2
 10
825.8
 20
333.2
 10
823.8
 20
333.2
 97
0
 75
0
 76
1
 98
0
  0
TEXT
  5
1B2
330
17
100
AcDbEntity
  8
Texto Secao
 62
2
100
AcDbText
 10
860.0
 20
292.8
 30
0.0
 40
4.0
  1
A
 72
1
 11
860.0
 21
292.8
 31
0.0
100
AcDbText
 73
3
  0
TEXT
  5
1B3
330
17
100
AcDbEntity
  8
Texto Secao
 62
2
100
AcDbText
 10
860.0
 20
341.2
 30
0.0
 40
4.0
  1
C
 72
1
 11
860.0
 21
341.2
 31
0.0
100
AcDbText
 73
1
  0
TEXT
  5
1B4
330
17
100
AcDbEntity
  8
Texto Secao
 62
2
100
AcDbText
 10
815.8
 20
317.0
 30
0.0
 40
4.0
  1
D
 72
2
 11
815.8
 21
317.0
 31
0.0
100
AcDbText
 73
2
  0
TEXT
  5
1B5
330
17
100
AcDbEntity
  8
Texto Secao
 62
2
100
AcDbText
 10
904.2
 20
317.0
 30
0.0
 40
4.0
  1
B
 11
904.2
 21
317.0
 31
0.0
100
AcDbText
 73
2
  0
TEXT
  5
1B6
330
17
100
AcDbEntity
  8
Cota Secao (2x)
 62
4
100
AcDbText
 10
860.0
 20
283.8
 30
0.0
 40
3.4
  1
64x24cm
 72
1
 11
860.0
 21
283.8
 31
0.0
100
AcDbText
 73
3
  0
TEXT
  5
1B7
330
17
100
AcDbEntity
  8
Texto Secao
 62
2
100
AcDbText
 10
860.0
 20
350.2
 30
0.0
 40
4.0
  1
VISAO DE CIMA
 72
1
 11
860.0
 21
350.2
 31
0.0
100
AcDbText
 73
1
  0
LWPOLYLINE
  5
1B8
330
17
100
AcDbEntity
  8
Paineis
100
AcDbPolyline
 90
4
 70
1
 10
933.1999999999999
 20
55.0
 10
997.1999999999999
 20
55.0
 10
997.1999999999999
 20
301.0
 10
933.1999999999999
 20
301.0
  0
HATCH
  5
1B9
330
17
100
AcDbEntity
  8
Hachura
100
AcDbHatch
 10
0.0
 20
0.0
 30
0.0
210
0.0
220
0.0
230
1.0
  2
SOLID
 70
1
 71
0
 91
1
 92
3
 72
0
 73
1
 93
4
 10
933.1999999999999
 20
55.0
 10
997.1999999999999
 20
55.0
 10
997.1999999999999
 20
301.0
 10
933.1999999999999
 20
301.0
 97
0
 75
0
 76
1
 98
0
  0
HATCH
  5
1BA
330
17
100
AcDbEntity
  8
Hachura
100
AcDbHatch
 10
0.0
 20
0.0
 30
0.0
210
0.0
220
0.0
230
1.0
  2
ANSI31
 70
0
 71
0
 91
1
 92
3
 72
0
 73
1
 93
4
 10
933.1999999999999
 20
55.0
 10
997.1999999999999
 20
55.0
 10
997.1999999999999
 20
301.0
 10
933.1999999999999
 20
301.0
 97
0
 75
1
 76
1
 52
0.0
 41
5.0
 77
0
 78
1
 53
45.0
 43
0.0
 44
0.0
 45
-11.2253201515
 46
11.2253201515
 79
0
 98
0
  0
LWPOLYLINE
  5
1BB
330
17
100
AcDbEntity
  8
Paineis
100
AcDbPolyline
 90
4
 70
1
 10
933.1999999999999
 20
301.0
 10
997.1999999999999
 20
301.0
 10
997.1999999999999
 20
335.0
 10
933.1999999999999
 20
335.0
  0
HATCH
  5
1BC
330
17
100
AcDbEntity
  8
Hachura
100
AcDbHatch
 10
0.0
 20
0.0
 30
0.0
210
0.0
220
0.0
230
1.0
  2
SOLID
 70
1
 71
0
 91
1
 92
3
 72
0
 73
1
 93
4
 10
933.1999999999999
 20
301.0
 10
997.1999999999999
 20
301.0
 10
997.1999999999999
 20
335.0
 10
933.1999999999999
 20
335.0
 97
0
 75
0
 76
1
 98
0
  0
HATCH
  5
1BD
330
17
100
AcDbEntity
  8
Hachura
100
AcDbHatch
 10
0.0
 20
0.0
 30
0.0
210
0.0
220
0.0
230
1.0
  2
ANSI31
 70
0
 71
0
 91
1
 92
3
 72
0
 73
1
 93
4
 10
933.1999999999999
 20
301.0
 10
997.1999999999999
 20
301.0
 10
997.1999999999999
 20
335.0
 10
933.1999999999999
 20
335.0
 97
0
 75
1
 76
1
 52
0.0
 41
2.5
 77
0
 78
1
 53
45.0
 43
0.0
 44
0.0
 45
-5.6126600758
 46
5.6126600758
 79
0
 98
0
  0
LINE
  5
1BE
330
17
100
AcDbEntity
  8
Paineis
100
AcDbLine
 10
933.1999999999999
 20
299.0
 30
0.0
 11
997.1999999999999
 21
299.0
 31
0.0
  0
LINE
  5
1BF
330
17
100
AcDbEntity
  8
Paineis
100
AcDbLine
 10
933.1999999999999
 20
57.0
 30
0.0
 11
997.1999999999999
 21
57.0
 31
0.0
  0
LINE
  5
1C0
330
17
100
AcDbEntity
  8
SARR_2.2x7
  6
HIDDEN
 48
30.0
100
AcDbLine
 10
934.3
 20
55.0
 30
0.0
 11
934.3
 21
335.0
 31
0.0
  0
LINE
  5
1C1
330
17
100
AcDbEntity
  8
SARR_2.2x7
  6
HIDDEN
 48
30.0
100
AcDbLine
 10
954.9
 20
55.0
 30
0.0
 11
954.9
 21
335.0
 31
0.0
  0
LINE
  5
1C2
330
17
100
AcDbEntity
  8
SARR_2.2x7
  6
HIDDEN
 48
30.0
100
AcDbLine
 10
975.4999999999999
 20
55.0
 30
0.0
 11
975.4999999999999
 21
335.0
 31
0.0
  0
LINE
  5
1C3
330
17
100
AcDbEntity
  8
SARR_2.2x7
  6
HIDDEN
 48
30.0
100
AcDbLine
 10
996.0999999999999
 20
55.0
 30
0.0
 11
996.0999999999999
 21
335.0
 31
0.0
  0
TEXT
  5
1C4
330
17
100
AcDbEntity
  8
Texto Secao
 62
2
100
AcDbText
 10
965.1999999999999
 20
47.0
 30
0.0
 40
4.5
  1
P13.A
 50
90.0
100
AcDbText
  0
LWPOLYLINE
  5
1C5
330
17
100
AcDbEntity
  8
Paineis
100
AcDbPolyline
 90
4
 70
1
 10
1005.1999999999999
 20
55.0
 10
1029.1999999999998
 20
55.0
 10
1029.1999999999998
 20
301.0
 10
1005.1999999999999
 20
301.0
  0
HATCH
  5
1C6
330
17
100
AcDbEntity
  8
Hachura
100
AcDbHatch
 10
0.0
 20
0.0
 30
0.0
210
0.0
220
0.0
230
1.0
  2
SOLID
 70
1
 71
0
 91
1
 92
3
 72
0
 73
1
 93
4
 10
1005.1999999999999
 20
55.0
 10
1029.1999999999998
 20
55.0
 10
1029.1999999999998
 20
301.0
 10
1005.1999999999999
 20
301.0
 97
0
 75
0
 76
1
 98
0
  0
HATCH
  5
1C7
330
17
100
AcDbEntity
  8
Hachura
100
AcDbHatch
 10
0.0
 20
0.0
 30
0.0
210
0.0
220
0.0
230
1.0
  2
ANSI31
 70
0
 71
0
 91
1
 92
3
 72
0
 73
1
 93
4
 10
1005.1999999999999
 20
55.0
 10
1029.1999999999998
 20
55.0
 10
1029.1999999999998
 20
301.0
 10
1005.1999999999999
 20
301.0
 97
0
 75
1
 76
1
 52
0.0
 41
5.0
 77
0
 78
1
 53
45.0
 43
0.0
 44
0.0
 45
-11.2253201515
 46
11.2253201515
 79
0
 98
0
  0
LWPOLYLINE
  5
1C8
330
17
100
AcDbEntity
  8
Paineis
100
AcDbPolyline
 90
4
 70
1
 10
1005.1999999999999
 20
301.0
 10
1029.1999999999998
 20
301.0
 10
1029.1999999999998
 20
335.0
 10
1005.1999999999999
 20
335.0
  0
HATCH
  5
1C9
330
17
100
AcDbEntity
  8
Hachura
100
AcDbHatch
 10
0.0
 20
0.0
 30
0.0
210
0.0
220
0.0
230
1.0
  2
SOLID
 70
1
 71
0
 91
1
 92
3
 72
0
 73
1
 93
4
 10
1005.1999999999999
 20
301.0
 10
1029.1999999999998
 20
301.0
 10
1029.1999999999998
 20
335.0
 10
1005.1999999999999
 20
335.0
 97
0
 75
0
 76
1
 98
0
  0
HATCH
  5
1CA
330
17
100
AcDbEntity
  8
Hachura
100
AcDbHatch
 10
0.0
 20
0.0
 30
0.0
210
0.0
220
0.0
230
1.0
  2
ANSI31
 70
0
 71
0
 91
1
 92
3
 72
0
 73
1
 93
4
 10
1005.1999999999999
 20
301.0
 10
1029.1999999999998
 20
301.0
 10
1029.1999999999998
 20
335.0
 10
1005.1999999999999
 20
335.0
 97
0
 75
1
 76
1
 52
0.0
 41
2.5
 77
0
 78
1
 53
45.0
 43
0.0
 44
0.0
 45
-5.6126600758
 46
5.6126600758
 79
0
 98
0
  0
LINE
  5
1CB
330
17
100
AcDbEntity
  8
Paineis
100
AcDbLine
 10
1005.1999999999999
 20
299.0
 30
0.0
 11
1029.1999999999998
 21
299.0
 31
0.0
  0
LINE
  5
1CC
330
17
100
AcDbEntity
  8
Paineis
100
AcDbLine
 10
1005.1999999999999
 20
57.0
 30
0.0
 11
1029.1999999999998
 21
57.0
 31
0.0
  0
LINE
  5
1CD
330
17
100
AcDbEntity
  8
SARR_2.2x7
  6
HIDDEN
 48
30.0
100
AcDbLine
 10
1006.3
 20
55.0
 30
0.0
 11
1006.3
 21
335.0
 31
0.0
  0
LINE
  5
1CE
330
17
100
AcDbEntity
  8
SARR_2.2x7
  6
HIDDEN
 48
30.0
100
AcDbLine
 10
1028.1
 20
55.0
 30
0.0
 11
1028.1
 21
335.0
 31
0.0
  0
TEXT
  5
1CF
330
17
100
AcDbEntity
  8
Texto Secao
 62
2
100
AcDbText
 10
1017.1999999999999
 20
47.0
 30
0.0
 40
4.5
  1
P13.B
 50
90.0
100
AcDbText
  0
LWPOLYLINE
  5
1D0
330
17
100
AcDbEntity
  8
Paineis
100
AcDbPolyline
 90
4
 70
1
 10
1037.1999999999998
 20
55.0
 10
1101.1999999999998
 20
55.0
 10
1101.1999999999998
 20
301.0
 10
1037.1999999999998
 20
301.0
  0
HATCH
  5
1D1
330
17
100
AcDbEntity
  8
Hachura
100
AcDbHatch
 10
0.0
 20
0.0
 30
0.0
210
0.0
220
0.0
230
1.0
  2
SOLID
 70
1
 71
0
 91
1
 92
3
 72
0
 73
1
 93
4
 10
1037.1999999999998
 20
55.0
 10
1101.1999999999998
 20
55.0
 10
1101.1999999999998
 20
301.0
 10
1037.1999999999998
 20
301.0
 97
0
 75
0
 76
1
 98
0
  0
HATCH
  5
1D2
330
17
100
AcDbEntity
  8
Hachura
100
AcDbHatch
 10
0.0
 20
0.0
 30
0.0
210
0.0
220
0.0
230
1.0
  2
ANSI31
 70
0
 71
0
 91
1
 92
3
 72
0
 73
1
 93
4
 10
1037.1999999999998
 20
55.0
 10
1101.1999999999998
 20
55.0
 10
1101.1999999999998
 20
301.0
 10
1037.1999999999998
 20
301.0
 97
0
 75
1
 76
1
 52
0.0
 41
5.0
 77
0
 78
1
 53
45.0
 43
0.0
 44
0.0
 45
-11.2253201515
 46
11.2253201515
 79
0
 98
0
  0
LWPOLYLINE
  5
1D3
330
17
100
AcDbEntity
  8
Paineis
100
AcDbPolyline
 90
4
 70
1
 10
1037.1999999999998
 20
301.0
 10
1101.1999999999998
 20
301.0
 10
1101.1999999999998
 20
335.0
 10
1037.1999999999998
 20
335.0
  0
HATCH
  5
1D4
330
17
100
AcDbEntity
  8
Hachura
100
AcDbHatch
 10
0.0
 20
0.0
 30
0.0
210
0.0
220
0.0
230
1.0
  2
SOLID
 70
1
 71
0
 91
1
 92
3
 72
0
 73
1
 93
4
 10
1037.1999999999998
 20
301.0
 10
1101.1999999999998
 20
301.0
 10
1101.1999999999998
 20
335.0
 10
1037.1999999999998
 20
335.0
 97
0
 75
0
 76
1
 98
0
  0
HATCH
  5
1D5
330
17
100
AcDbEntity
  8
Hachura
100
AcDbHatch
 10
0.0
 20
0.0
 30
0.0
210
0.0
220
0.0
230
1.0
  2
ANSI31
 70
0
 71
0
 91
1
 92
3
 72
0
 73
1
 93
4
 10
1037.1999999999998
 20
301.0
 10
1101.1999999999998
 20
301.0
 10
1101.1999999999998
 20
335.0
 10
1037.1999999999998
 20
335.0
 97
0
 75
1
 76
1
 52
0.0
 41
2.5
 77
0
 78
1
 53
45.0
 43
0.0
 44
0.0
 45
-5.6126600758
 46
5.6126600758
 79
0
 98
0
  0
LINE
  5
1D6
330
17
100
AcDbEntity
  8
Paineis
100
AcDbLine
 10
1037.1999999999998
 20
299.0
 30
0.0
 11
1101.1999999999998
 21
299.0
 31
0.0
  0
LINE
  5
1D7
330
17
100
AcDbEntity
  8
Paineis
100
AcDbLine
 10
1037.1999999999998
 20
57.0
 30
0.0
 11
1101.1999999999998
 21
57.0
 31
0.0
  0
LINE
  5
1D8
330
17
100
AcDbEntity
  8
SARR_2.2x7
  6
HIDDEN
 48
30.0
100
AcDbLine
 10
1038.2999999999997
 20
55.0
 30
0.0
 11
1038.2999999999997
 21
335.0
 31
0.0
  0
LINE
  5
1D9
330
17
100
AcDbEntity
  8
SARR_2.2x7
  6
HIDDEN
 48
30.0
100
AcDbLine
 10
1058.8999999999999
 20
55.0
 30
0.0
 11
1058.8999999999999
 21
335.0
 31
0.0
  0
LINE
  5
1DA
330
17
100
AcDbEntity
  8
SARR_2.2x7
  6
HIDDEN
 48
30.0
100
AcDbLine
 10
1079.4999999999998
 20
55.0
 30
0.0
 11
1079.4999999999998
 21
335.0
 31
0.0
  0
LINE
  5
1DB
330
17
100
AcDbEntity
  8
SARR_2.2x7
  6
HIDDEN
 48
30.0
100
AcDbLine
 10
1100.1
 20
55.0
 30
0.0
 11
1100.1
 21
335.0
 31
0.0
  0
TEXT
  5
1DC
330
17
100
AcDbEntity
  8
Texto Secao
 62
2
100
AcDbText
 10
1069.1999999999998
 20
47.0
 30
0.0
 40
4.5
  1
P13.C
 50
90.0
100
AcDbText
  0
LWPOLYLINE
  5
1DD
330
17
100
AcDbEntity
  8
Paineis
100
AcDbPolyline
 90
4
 70
1
 10
1109.1999999999998
 20
55.0
 10
1133.1999999999998
 20
55.0
 10
1133.1999999999998
 20
301.0
 10
1109.1999999999998
 20
301.0
  0
HATCH
  5
1DE
330
17
100
AcDbEntity
  8
Hachura
100
AcDbHatch
 10
0.0
 20
0.0
 30
0.0
210
0.0
220
0.0
230
1.0
  2
SOLID
 70
1
 71
0
 91
1
 92
3
 72
0
 73
1
 93
4
 10
1109.1999999999998
 20
55.0
 10
1133.1999999999998
 20
55.0
 10
1133.1999999999998
 20
301.0
 10
1109.1999999999998
 20
301.0
 97
0
 75
0
 76
1
 98
0
  0
HATCH
  5
1DF
330
17
100
AcDbEntity
  8
Hachura
100
AcDbHatch
 10
0.0
 20
0.0
 30
0.0
210
0.0
220
0.0
230
1.0
  2
ANSI31
 70
0
 71
0
 91
1
 92
3
 72
0
 73
1
 93
4
 10
1109.1999999999998
 20
55.0
 10
1133.1999999999998
 20
55.0
 10
1133.1999999999998
 20
301.0
 10
1109.1999999999998
 20
301.0
 97
0
 75
1
 76
1
 52
0.0
 41
5.0
 77
0
 78
1
 53
45.0
 43
0.0
 44
0.0
 45
-11.2253201515
 46
11.2253201515
 79
0
 98
0
  0
LWPOLYLINE
  5
1E0
330
17
100
AcDbEntity
  8
Paineis
100
AcDbPolyline
 90
4
 70
1
 10
1109.1999999999998
 20
301.0
 10
1133.1999999999998
 20
301.0
 10
1133.1999999999998
 20
335.0
 10
1109.1999999999998
 20
335.0
  0
HATCH
  5
1E1
330
17
100
AcDbEntity
  8
Hachura
100
AcDbHatch
 10
0.0
 20
0.0
 30
0.0
210
0.0
220
0.0
230
1.0
  2
SOLID
 70
1
 71
0
 91
1
 92
3
 72
0
 73
1
 93
4
 10
1109.1999999999998
 20
301.0
 10
1133.1999999999998
 20
301.0
 10
1133.1999999999998
 20
335.0
 10
1109.1999999999998
 20
335.0
 97
0
 75
0
 76
1
 98
0
  0
HATCH
  5
1E2
330
17
100
AcDbEntity
  8
Hachura
100
AcDbHatch
 10
0.0
 20
0.0
 30
0.0
210
0.0
220
0.0
230
1.0
  2
ANSI31
 70
0
 71
0
 91
1
 92
3
 72
0
 73
1
 93
4
 10
1109.1999999999998
 20
301.0
 10
1133.1999999999998
 20
301.0
 10
1133.1999999999998
 20
335.0
 10
1109.1999999999998
 20
335.0
 97
0
 75
1
 76
1
 52
0.0
 41
2.5
 77
0
 78
1
 53
45.0
 43
0.0
 44
0.0
 45
-5.6126600758
 46
5.6126600758
 79
0
 98
0
  0
LINE
  5
1E3
330
17
100
AcDbEntity
  8
Paineis
100
AcDbLine
 10
1109.1999999999998
 20
299.0
 30
0.0
 11
1133.1999999999998
 21
299.0
 31
0.0
  0
LINE
  5
1E4
330
17
100
AcDbEntity
  8
Paineis
100
AcDbLine
 10
1109.1999999999998
 20
57.0
 30
0.0
 11
1133.1999999999998
 21
57.0
 31
0.0
  0
LINE
  5
1E5
330
17
100
AcDbEntity
  8
SARR_2.2x7
  6
HIDDEN
 48
30.0
100
AcDbLine
 10
1110.2999999999997
 20
55.0
 30
0.0
 11
1110.2999999999997
 21
335.0
 31
0.0
  0
LINE
  5
1E6
330
17
100
AcDbEntity
  8
SARR_2.2x7
  6
HIDDEN
 48
30.0
100
AcDbLine
 10
1132.1
 20
55.0
 30
0.0
 11
1132.1
 21
335.0
 31
0.0
  0
TEXT
  5
1E7
330
17
100
AcDbEntity
  8
Texto Secao
 62
2
100
AcDbText
 10
1121.1999999999998
 20
47.0
 30
0.0
 40
4.5
  1
P13.D
 50
90.0
100
AcDbText
  0
LINE
  5
1E8
330
17
100
AcDbEntity
  8
COTA
 62
8
100
AcDbLine
 10
1141.1999999999998
 20
55.0
 30
0.0
 11
1141.1999999999998
 21
335.0
 31
0.0
  0
LINE
  5
1E9
330
17
100
AcDbEntity
  8
COTA
 62
8
100
AcDbLine
 10
1139.1999999999998
 20
55.0
 30
0.0
 11
1143.1999999999998
 21
55.0
 31
0.0
  0
LINE
  5
1EA
330
17
100
AcDbEntity
  8
COTA
 62
8
100
AcDbLine
 10
1139.1999999999998
 20
57.0
 30
0.0
 11
1143.1999999999998
 21
57.0
 31
0.0
  0
TEXT
  5
1EB
330
17
100
AcDbEntity
  8
COTA
 62
8
100
AcDbText
 10
1146.1999999999998
 20
56.0
 30
0.0
 40
3.0
  1
h1=2
100
AcDbText
  0
LINE
  5
1EC
330
17
100
AcDbEntity
  8
COTA
 62
8
100
AcDbLine
 10
1139.1999999999998
 20
57.0
 30
0.0
 11
1143.1999999999998
 21
57.0
 31
0.0
  0
LINE
  5
1ED
330
17
100
AcDbEntity
  8
COTA
 62
8
100
AcDbLine
 10
1139.1999999999998
 20
301.0
 30
0.0
 11
1143.1999999999998
 21
301.0
 31
0.0
  0
TEXT
  5
1EE
330
17
100
AcDbEntity
  8
COTA
 62
8
100
AcDbText
 10
1146.1999999999998
 20
179.0
 30
0.0
 40
3.0
  1
h2=244
100
AcDbText
  0
LINE
  5
1EF
330
17
100
AcDbEntity
  8
COTA
 62
8
100
AcDbLine
 10
1139.1999999999998
 20
301.0
 30
0.0
 11
1143.1999999999998
 21
301.0
 31
0.0
  0
LINE
  5
1F0
330
17
100
AcDbEntity
  8
COTA
 62
8
100
AcDbLine
 10
1139.1999999999998
 20
335.0
 30
0.0
 11
1143.1999999999998
 21
335.0
 31
0.0
  0
TEXT
  5
1F1
330
17
100
AcDbEntity
  8
COTA
 62
8
100
AcDbText
 10
1146.1999999999998
 20
318.0
 30
0.0
 40
3.0
  1
h3=34
100
AcDbText
  0
TEXT
  5
1F2
330
17
100
AcDbEntity
  8
COTA
 62
8
100
AcDbText
 10
1146.1999999999998
 20
338.0
 30
0.0
 40
3.5
  1
TOTAL=280
100
AcDbText
  0
LINE
  5
1F3
330
17
100
AcDbEntity
  8
Nivel
 62
4
100
AcDbLine
 10
798.8
 20
55.0
 30
0.0
 11
1146.1999999999998
 21
55.0
 31
0.0
  0
LINE
  5
1F4
330
17
100
AcDbEntity
  8
Nivel
 62
4
100
AcDbLine
 10
797.8
 20
60.0
 30
0.0
 11
800.8
 21
55.0
 31
0.0
  0
LINE
  5
1F5
330
17
100
AcDbEntity
  8
Nivel
 62
4
100
AcDbLine
 10
803.8
 20
60.0
 30
0.0
 11
800.8
 21
55.0
 31
0.0
  0
TEXT
  5
1F6
330
17
100
AcDbEntity
  8
Nivel
 62
4
100
AcDbText
 10
805.8
 20
56.0
 30
0.0
 40
4.0
  1
1o PAV.
100
AcDbText
  0
LINE
  5
1F7
330
17
100
AcDbEntity
  8
Nivel
 62
4
100
AcDbLine
 10
798.8
 20
301.0
 30
0.0
 11
1146.1999999999998
 21
301.0
 31
0.0
  0
LINE
  5
1F8
330
17
100
AcDbEntity
  8
Nivel
 62
4
100
AcDbLine
 10
797.8
 20
306.0
 30
0.0
 11
800.8
 21
301.0
 31
0.0
  0
LINE
  5
1F9
330
17
100
AcDbEntity
  8
Nivel
 62
4
100
AcDbLine
 10
803.8
 20
306.0
 30
0.0
 11
800.8
 21
301.0
 31
0.0
  0
TEXT
  5
1FA
330
17
100
AcDbEntity
  8
Nivel
 62
4
100
AcDbText
 10
805.8
 20
302.0
 30
0.0
 40
4.0
  1
2o PAV.
100
AcDbText
  0
LWPOLYLINE
  5
1FB
330
17
100
AcDbEntity
  8
CARIMBO
 62
40
100
AcDbPolyline
 90
4
 70
1
 10
796.8
 20
0.0
 10
1170.1999999999998
 20
0.0
 10
1170.1999999999998
 20
40.0
 10
796.8
 20
40.0
  0
LINE
  5
1FC
330
17
100
AcDbEntity
  8
CARIMBO
 62
40
100
AcDbLine
 10
796.8
 20
10.0
 30
0.0
 11
1170.1999999999998
 21
10.0
 31
0.0
  0
LINE
  5
1FD
330
17
100
AcDbEntity
  8
CARIMBO
 62
40
100
AcDbLine
 10
796.8
 20
20.0
 30
0.0
 11
1170.1999999999998
 21
20.0
 31
0.0
  0
LINE
  5
1FE
330
17
100
AcDbEntity
  8
CARIMBO
 62
40
100
AcDbLine
 10
796.8
 20
30.0
 30
0.0
 11
1170.1999999999998
 21
30.0
 31
0.0
  0
LINE
  5
1FF
330
17
100
AcDbEntity
  8
CARIMBO
 62
40
100
AcDbLine
 10
927.49
 20
0.0
 30
0.0
 11
927.49
 21
40.0
 31
0.0
  0
TEXT
  5
200
330
17
100
AcDbEntity
  8
CARIMBO
 62
9
100
AcDbText
 10
799.8
 20
35.0
 30
0.0
 40
3.0
  1
CLIENTE:
100
AcDbText
  0
TEXT
  5
201
330
17
100
AcDbEntity
  8
TEXTO_GERAL
 62
2
100
AcDbText
 10
930.49
 20
35.0
 30
0.0
 40
3.0
  1
ALIMONTI
100
AcDbText
  0
TEXT
  5
202
330
17
100
AcDbEntity
  8
CARIMBO
 62
9
100
AcDbText
 10
799.8
 20
25.0
 30
0.0
 40
3.0
  1
OBRA:
100
AcDbText
  0
TEXT
  5
203
330
17
100
AcDbEntity
  8
TEXTO_GERAL
 62
2
100
AcDbText
 10
930.49
 20
25.0
 30
0.0
 40
3.0
  1
Obra_TREINO_1
100
AcDbText
  0
TEXT
  5
204
330
17
100
AcDbEntity
  8
CARIMBO
 62
9
100
AcDbText
 10
799.8
 20
15.0
 30
0.0
 40
3.0
  1
PAVIMENTO:
100
AcDbText
  0
TEXT
  5
205
330
17
100
AcDbEntity
  8
TEXTO_GERAL
 62
2
100
AcDbText
 10
930.49
 20
15.0
 30
0.0
 40
3.0
  1
TERREO
100
AcDbText
  0
TEXT
  5
206
330
17
100
AcDbEntity
  8
CARIMBO
 62
9
100
AcDbText
 10
799.8
 20
5.0
 30
0.0
 40
3.0
  1
PROJETO:
100
AcDbText
  0
TEXT
  5
207
330
17
100
AcDbEntity
  8
TEXTO_GERAL
 62
2
100
AcDbText
 10
930.49
 20
5.0
 30
0.0
 40
3.0
  1
PILARES
100
AcDbText
  0
TEXT
  5
208
330
17
100
AcDbEntity
  8
LABEL_ID
 62
3
100
AcDbText
 10
1155.1999999999998
 20
5.0
 30
0.0
 40
8.0
  1
03
100
AcDbText
  0
LWPOLYLINE
  5
209
330
17
100
AcDbEntity
  8
BORDA_CELULA
 62
9
100
AcDbPolyline
 90
4
 70
1
 10
1263.1999999999998
 20
0.0
 10
1549.6
 20
0.0
 10
1549.6
 20
405.0
 10
1263.1999999999998
 20
405.0
  0
TEXT
  5
20A
330
17
100
AcDbEntity
  8
TEXTO_GERAL
 62
2
100
AcDbText
 10
1539.6
 20
400.0
 30
0.0
 40
3.0
  1
TÉRREO - PD: 280.00
 72
2
 11
1539.6
 21
400.0
 31
0.0
100
AcDbText
  0
TEXT
  5
20B
330
17
100
AcDbEntity
  8
TEXTO_GERAL
 62
2
100
AcDbText
 10
1539.6
 20
395.0
 30
0.0
 40
3.0
  1
NIVEL DE SAIDA: 280.00
 72
2
 11
1539.6
 21
395.0
 31
0.0
100
AcDbText
  0
TEXT
  5
20C
330
17
100
AcDbEntity
  8
TEXTO_GERAL
 62
2
100
AcDbText
 10
1539.6
 20
390.0
 30
0.0
 40
3.0
  1
NIVEL DE CHEGADA: 0.00
 72
2
 11
1539.6
 21
390.0
 31
0.0
100
AcDbText
  0
TEXT
  5
20D
330
17
100
AcDbEntity
  8
NOMENCLATURA
 62
1
100
AcDbText
 10
1283.1999999999998
 20
393.0
 30
0.0
 40
10.0
  1
P15
100
AcDbText
  0
LWPOLYLINE
  5
20E
330
17
100
AcDbEntity
  8
CONCRETO
 62
4
100
AcDbPolyline
 90
4
 70
1
 10
1294.3999999999999
 20
302.75
 10
1328.3999999999999
 20
302.75
 10
1328.3999999999999
 20
328.25
 10
1294.3999999999999
 20
328.25
  0
HATCH
  5
20F
330
17
100
AcDbEntity
  8
COTA
100
AcDbHatch
 10
0.0
 20
0.0
 30
0.0
210
0.0
220
0.0
230
1.0
  2
AR-CONC
 70
0
 71
0
 91
1
 92
3
 72
0
 73
1
 93
4
 10
1294.3999999999999
 20
302.75
 10
1328.3999999999999
 20
302.75
 10
1328.3999999999999
 20
328.25
 10
1294.3999999999999
 20
328.25
 97
0
 75
1
 76
1
 52
0.0
 41
0.03
 77
0
 78
13
 53
50.0
 43
0.0
 44
0.0
 45
5.4655400699
 46
-0.4781725662
 79
2
 49
0.5715
 49
-6.2865
 53
355.0
 43
0.0
 44
0.0
 45
-1.0573026428
 46
5.7317053572
 79
2
 49
0.4572
 49
-5.0292175251
 53
100.4514447
 43
0.45546021
 44
-0.039847605
 45
4.4082374127
 46
5.2535325574
 79
2
 49
0.485700264
 49
-5.342707338
 53
46.1842
 43
0.0
 44
1.524
 45
8.1323712268
 46
-1.261269838
 79
2
 49
0.85725
 49
-9.42975
 53
96.63555761
 43
0.677697
 44
1.418895
 45
7.1221240215
 46
7.4227837379
 79
2
 49
0.7285506942
 49
-8.0140682448
 53
351.18415117
 43
0.0
 44
1.524
 45
7.1221240219
 46
7.4227837376
 79
2
 49
0.6857990121
 49
-7.5437919576
 53
21.0
 43
0.762
 44
1.143
 45
4.5484317381
 46
-3.0679559456
 79
2
 49
0.5715
 49
-6.2865
 53
326.0
 43
0.762
 44
1.143
 45
1.8540608504
 46
5.5256389837
 79
2
 49
0.4572
 49
-5.0292
 53
71.451445
 43
1.141035978
 44
0.887337003
 45
6.4024925784
 46
2.4576830666
 79
2
 49
0.485700264
 49
-5.342698128
 53
37.5
 43
0.0
 44
0.0
 45
0.0926580975
 46
2.5366511662
 79
6
 49
0.0
 49
-4.96824
 49
0.0
 49
-5.1054
 49
0.0
 49
-5.04825
 53
7.5
 43
0.0
 44
0.0
 45
2.0045898753
 46
3.0054172445
 79
6
 49
0.0
 49
-2.91084
 49
0.0
 49
-4.85394
 49
0.0
 49
-1.92405
 53
-32.5
 43
-1.69926
 44
0.0
 45
4.067717855
 46
-0.1718623198
 79
6
 49
0.0
 49
-1.905
 49
0.0
 49
-5.9436
 49
0.0
 49
-7.8867
 53
-42.5
 43
-2.46126
 44
0.0
 45
4.4438754416
 46
0.762794731
 79
6
 49
0.0
 49
-2.4765
 49
0.0
 49
-3.94716
 49
0.0
 49
-5.6007
 98
0
  0
LWPOLYLINE
  5
210
330
17
100
AcDbEntity
  8
Paineis
100
AcDbPolyline
 90
4
 70
1
 10
1294.3999999999999
 20
300.55
 10
1328.3999999999999
 20
300.55
 10
1328.3999999999999
 20
302.75
 10
1294.3999999999999
 20
302.75
  0
HATCH
  5
211
330
17
100
AcDbEntity
  8
Paineis
100
AcDbHatch
 10
0.0
 20
0.0
 30
0.0
210
0.0
220
0.0
230
1.0
  2
SOLID
 70
1
 71
0
 91
1
 92
3
 72
0
 73
1
 93
4
 10
1294.3999999999999
 20
300.55
 10
1328.3999999999999
 20
300.55
 10
1328.3999999999999
 20
302.75
 10
1294.3999999999999
 20
302.75
 97
0
 75
0
 76
1
 98
0
  0
HATCH
  5
212
330
17
100
AcDbEntity
  8
Paineis
100
AcDbHatch
 10
0.0
 20
0.0
 30
0.0
210
0.0
220
0.0
230
1.0
  2
ANSI31
 70
0
 71
0
 91
1
 92
3
 72
0
 73
1
 93
4
 10
1294.3999999999999
 20
300.55
 10
1328.3999999999999
 20
300.55
 10
1328.3999999999999
 20
302.75
 10
1294.3999999999999
 20
302.75
 97
0
 75
1
 76
1
 52
270.0
 41
0.5
 77
0
 78
1
 53
315.0
 43
-0.0
 44
-0.0
 45
1.1225320152
 46
1.1225320151
 79
0
 98
0
  0
LWPOLYLINE
  5
213
330
17
100
AcDbEntity
  8
Paineis
100
AcDbPolyline
 90
4
 70
1
 10
1294.3999999999999
 20
328.25
 10
1328.3999999999999
 20
328.25
 10
1328.3999999999999
 20
330.45
 10
1294.3999999999999
 20
330.45
  0
HATCH
  5
214
330
17
100
AcDbEntity
  8
Paineis
100
AcDbHatch
 10
0.0
 20
0.0
 30
0.0
210
0.0
220
0.0
230
1.0
  2
SOLID
 70
1
 71
0
 91
1
 92
3
 72
0
 73
1
 93
4
 10
1294.3999999999999
 20
328.25
 10
1328.3999999999999
 20
328.25
 10
1328.3999999999999
 20
330.45
 10
1294.3999999999999
 20
330.45
 97
0
 75
0
 76
1
 98
0
  0
HATCH
  5
215
330
17
100
AcDbEntity
  8
Paineis
100
AcDbHatch
 10
0.0
 20
0.0
 30
0.0
210
0.0
220
0.0
230
1.0
  2
ANSI31
 70
0
 71
0
 91
1
 92
3
 72
0
 73
1
 93
4
 10
1294.3999999999999
 20
328.25
 10
1328.3999999999999
 20
328.25
 10
1328.3999999999999
 20
330.45
 10
1294.3999999999999
 20
330.45
 97
0
 75
1
 76
1
 52
270.0
 41
0.5
 77
0
 78
1
 53
315.0
 43
-0.0
 44
-0.0
 45
1.1225320152
 46
1.1225320151
 79
0
 98
0
  0
LWPOLYLINE
  5
216
330
17
100
AcDbEntity
  8
Paineis
100
AcDbPolyline
 90
4
 70
1
 10
1292.1999999999998
 20
302.75
 10
1294.3999999999999
 20
302.75
 10
1294.3999999999999
 20
328.25
 10
1292.1999999999998
 20
328.25
  0
HATCH
  5
217
330
17
100
AcDbEntity
  8
Paineis
100
AcDbHatch
 10
0.0
 20
0.0
 30
0.0
210
0.0
220
0.0
230
1.0
  2
SOLID
 70
1
 71
0
 91
1
 92
3
 72
0
 73
1
 93
4
 10
1292.1999999999998
 20
302.75
 10
1294.3999999999999
 20
302.75
 10
1294.3999999999999
 20
328.25
 10
1292.1999999999998
 20
328.25
 97
0
 75
0
 76
1
 98
0
  0
HATCH
  5
218
330
17
100
AcDbEntity
  8
Paineis
100
AcDbHatch
 10
0.0
 20
0.0
 30
0.0
210
0.0
220
0.0
230
1.0
  2
ANSI31
 70
0
 71
0
 91
1
 92
3
 72
0
 73
1
 93
4
 10
1292.1999999999998
 20
302.75
 10
1294.3999999999999
 20
302.75
 10
1294.3999999999999
 20
328.25
 10
1292.1999999999998
 20
328.25
 97
0
 75
1
 76
1
 52
270.0
 41
0.5
 77
0
 78
1
 53
315.0
 43
-0.0
 44
-0.0
 45
1.1225320152
 46
1.1225320151
 79
0
 98
0
  0
LWPOLYLINE
  5
219
330
17
100
AcDbEntity
  8
Paineis
100
AcDbPolyline
 90
4
 70
1
 10
1328.3999999999999
 20
302.75
 10
1330.6
 20
302.75
 10
1330.6
 20
328.25
 10
1328.3999999999999
 20
328.25
  0
HATCH
  5
21A
330
17
100
AcDbEntity
  8
Paineis
100
AcDbHatch
 10
0.0
 20
0.0
 30
0.0
210
0.0
220
0.0
230
1.0
  2
SOLID
 70
1
 71
0
 91
1
 92
3
 72
0
 73
1
 93
4
 10
1328.3999999999999
 20
302.75
 10
1330.6
 20
302.75
 10
1330.6
 20
328.25
 10
1328.3999999999999
 20
328.25
 97
0
 75
0
 76
1
 98
0
  0
HATCH
  5
21B
330
17
100
AcDbEntity
  8
Paineis
100
AcDbHatch
 10
0.0
 20
0.0
 30
0.0
210
0.0
220
0.0
230
1.0
  2
ANSI31
 70
0
 71
0
 91
1
 92
3
 72
0
 73
1
 93
4
 10
1328.3999999999999
 20
302.75
 10
1330.6
 20
302.75
 10
1330.6
 20
328.25
 10
1328.3999999999999
 20
328.25
 97
0
 75
1
 76
1
 52
270.0
 41
0.5
 77
0
 78
1
 53
315.0
 43
-0.0
 44
-0.0
 45
1.1225320152
 46
1.1225320151
 79
0
 98
0
  0
LWPOLYLINE
  5
21C
330
17
100
AcDbEntity
  8
SARR_2.2x7
100
AcDbPolyline
 90
4
 70
1
 10
1294.3999999999999
 20
293.55
 10
1296.6
 20
293.55
 10
1296.6
 20
300.55
 10
1294.3999999999999
 20
300.55
  0
HATCH
  5
21D
330
17
100
AcDbEntity
  8
SARR_2.2x7
100
AcDbHatch
 10
0.0
 20
0.0
 30
0.0
210
0.0
220
0.0
230
1.0
  2
SOLID
 70
1
 71
0
 91
1
 92
3
 72
0
 73
1
 93
4
 10
1294.3999999999999
 20
293.55
 10
1296.6
 20
293.55
 10
1296.6
 20
300.55
 10
1294.3999999999999
 20
300.55
 97
0
 75
0
 76
1
 98
0
  0
HATCH
  5
21E
330
17
100
AcDbEntity
  8
SARR_2.2x7
100
AcDbHatch
 10
0.0
 20
0.0
 30
0.0
210
0.0
220
0.0
230
1.0
  2
ANSI31
 70
0
 71
0
 91
1
 92
3
 72
0
 73
1
 93
4
 10
1294.3999999999999
 20
293.55
 10
1296.6
 20
293.55
 10
1296.6
 20
300.55
 10
1294.3999999999999
 20
300.55
 97
0
 75
1
 76
1
 52
270.0
 41
0.5
 77
0
 78
1
 53
315.0
 43
-0.0
 44
-0.0
 45
1.1225320152
 46
1.1225320151
 79
0
 98
0
  0
LWPOLYLINE
  5
21F
330
17
100
AcDbEntity
  8
SARR_2.2x7
100
AcDbPolyline
 90
4
 70
1
 10
1326.2
 20
293.55
 10
1328.4
 20
293.55
 10
1328.4
 20
300.55
 10
1326.2
 20
300.55
  0
HATCH
  5
220
330
17
100
AcDbEntity
  8
SARR_2.2x7
100
AcDbHatch
 10
0.0
 20
0.0
 30
0.0
210
0.0
220
0.0
230
1.0
  2
SOLID
 70
1
 71
0
 91
1
 92
3
 72
0
 73
1
 93
4
 10
1326.2
 20
293.55
 10
1328.4
 20
293.55
 10
1328.4
 20
300.55
 10
1326.2
 20
300.55
 97
0
 75
0
 76
1
 98
0
  0
HATCH
  5
221
330
17
100
AcDbEntity
  8
SARR_2.2x7
100
AcDbHatch
 10
0.0
 20
0.0
 30
0.0
210
0.0
220
0.0
230
1.0
  2
ANSI31
 70
0
 71
0
 91
1
 92
3
 72
0
 73
1
 93
4
 10
1326.2
 20
293.55
 10
1328.4
 20
293.55
 10
1328.4
 20
300.55
 10
1326.2
 20
300.55
 97
0
 75
1
 76
1
 52
270.0
 41
0.5
 77
0
 78
1
 53
315.0
 43
-0.0
 44
-0.0
 45
1.1225320152
 46
1.1225320151
 79
0
 98
0
  0
LWPOLYLINE
  5
222
330
17
100
AcDbEntity
  8
SARR_2.2x7
100
AcDbPolyline
 90
4
 70
1
 10
1294.3999999999999
 20
330.45
 10
1296.6
 20
330.45
 10
1296.6
 20
337.45
 10
1294.3999999999999
 20
337.45
  0
HATCH
  5
223
330
17
100
AcDbEntity
  8
SARR_2.2x7
100
AcDbHatch
 10
0.0
 20
0.0
 30
0.0
210
0.0
220
0.0
230
1.0
  2
SOLID
 70
1
 71
0
 91
1
 92
3
 72
0
 73
1
 93
4
 10
1294.3999999999999
 20
330.45
 10
1296.6
 20
330.45
 10
1296.6
 20
337.45
 10
1294.3999999999999
 20
337.45
 97
0
 75
0
 76
1
 98
0
  0
HATCH
  5
224
330
17
100
AcDbEntity
  8
SARR_2.2x7
100
AcDbHatch
 10
0.0
 20
0.0
 30
0.0
210
0.0
220
0.0
230
1.0
  2
ANSI31
 70
0
 71
0
 91
1
 92
3
 72
0
 73
1
 93
4
 10
1294.3999999999999
 20
330.45
 10
1296.6
 20
330.45
 10
1296.6
 20
337.45
 10
1294.3999999999999
 20
337.45
 97
0
 75
1
 76
1
 52
270.0
 41
0.5
 77
0
 78
1
 53
315.0
 43
-0.0
 44
-0.0
 45
1.1225320152
 46
1.1225320151
 79
0
 98
0
  0
LWPOLYLINE
  5
225
330
17
100
AcDbEntity
  8
SARR_2.2x7
100
AcDbPolyline
 90
4
 70
1
 10
1326.2
 20
330.45
 10
1328.4
 20
330.45
 10
1328.4
 20
337.45
 10
1326.2
 20
337.45
  0
HATCH
  5
226
330
17
100
AcDbEntity
  8
SARR_2.2x7
100
AcDbHatch
 10
0.0
 20
0.0
 30
0.0
210
0.0
220
0.0
230
1.0
  2
SOLID
 70
1
 71
0
 91
1
 92
3
 72
0
 73
1
 93
4
 10
1326.2
 20
330.45
 10
1328.4
 20
330.45
 10
1328.4
 20
337.45
 10
1326.2
 20
337.45
 97
0
 75
0
 76
1
 98
0
  0
HATCH
  5
227
330
17
100
AcDbEntity
  8
SARR_2.2x7
100
AcDbHatch
 10
0.0
 20
0.0
 30
0.0
210
0.0
220
0.0
230
1.0
  2
ANSI31
 70
0
 71
0
 91
1
 92
3
 72
0
 73
1
 93
4
 10
1326.2
 20
330.45
 10
1328.4
 20
330.45
 10
1328.4
 20
337.45
 10
1326.2
 20
337.45
 97
0
 75
1
 76
1
 52
270.0
 41
0.5
 77
0
 78
1
 53
315.0
 43
-0.0
 44
-0.0
 45
1.1225320152
 46
1.1225320151
 79
0
 98
0
  0
LWPOLYLINE
  5
228
330
17
100
AcDbEntity
  8
SARR_2.2x7
100
AcDbPolyline
 90
4
 70
1
 10
1285.1999999999998
 20
302.75
 10
1292.1999999999998
 20
302.75
 10
1292.1999999999998
 20
304.95
 10
1285.1999999999998
 20
304.95
  0
HATCH
  5
229
330
17
100
AcDbEntity
  8
SARR_2.2x7
100
AcDbHatch
 10
0.0
 20
0.0
 30
0.0
210
0.0
220
0.0
230
1.0
  2
SOLID
 70
1
 71
0
 91
1
 92
3
 72
0
 73
1
 93
4
 10
1285.1999999999998
 20
302.75
 10
1292.1999999999998
 20
302.75
 10
1292.1999999999998
 20
304.95
 10
1285.1999999999998
 20
304.95
 97
0
 75
0
 76
1
 98
0
  0
HATCH
  5
22A
330
17
100
AcDbEntity
  8
SARR_2.2x7
100
AcDbHatch
 10
0.0
 20
0.0
 30
0.0
210
0.0
220
0.0
230
1.0
  2
ANSI31
 70
0
 71
0
 91
1
 92
3
 72
0
 73
1
 93
4
 10
1285.1999999999998
 20
302.75
 10
1292.1999999999998
 20
302.75
 10
1292.1999999999998
 20
304.95
 10
1285.1999999999998
 20
304.95
 97
0
 75
1
 76
1
 52
270.0
 41
0.5
 77
0
 78
1
 53
315.0
 43
-0.0
 44
-0.0
 45
1.1225320152
 46
1.1225320151
 79
0
 98
0
  0
LWPOLYLINE
  5
22B
330
17
100
AcDbEntity
  8
SARR_2.2x7
100
AcDbPolyline
 90
4
 70
1
 10
1285.1999999999998
 20
326.04999999999995
 10
1292.1999999999998
 20
326.04999999999995
 10
1292.1999999999998
 20
328.24999999999994
 10
1285.1999999999998
 20
328.24999999999994
  0
HATCH
  5
22C
330
17
100
AcDbEntity
  8
SARR_2.2x7
100
AcDbHatch
 10
0.0
 20
0.0
 30
0.0
210
0.0
220
0.0
230
1.0
  2
SOLID
 70
1
 71
0
 91
1
 92
3
 72
0
 73
1
 93
4
 10
1285.1999999999998
 20
326.04999999999995
 10
1292.1999999999998
 20
326.04999999999995
 10
1292.1999999999998
 20
328.24999999999994
 10
1285.1999999999998
 20
328.24999999999994
 97
0
 75
0
 76
1
 98
0
  0
HATCH
  5
22D
330
17
100
AcDbEntity
  8
SARR_2.2x7
100
AcDbHatch
 10
0.0
 20
0.0
 30
0.0
210
0.0
220
0.0
230
1.0
  2
ANSI31
 70
0
 71
0
 91
1
 92
3
 72
0
 73
1
 93
4
 10
1285.1999999999998
 20
326.04999999999995
 10
1292.1999999999998
 20
326.04999999999995
 10
1292.1999999999998
 20
328.24999999999994
 10
1285.1999999999998
 20
328.24999999999994
 97
0
 75
1
 76
1
 52
270.0
 41
0.5
 77
0
 78
1
 53
315.0
 43
-0.0
 44
-0.0
 45
1.1225320152
 46
1.1225320151
 79
0
 98
0
  0
LWPOLYLINE
  5
22E
330
17
100
AcDbEntity
  8
SARR_2.2x7
100
AcDbPolyline
 90
4
 70
1
 10
1330.6
 20
302.75
 10
1337.6
 20
302.75
 10
1337.6
 20
304.95
 10
1330.6
 20
304.95
  0
HATCH
  5
22F
330
17
100
AcDbEntity
  8
SARR_2.2x7
100
AcDbHatch
 10
0.0
 20
0.0
 30
0.0
210
0.0
220
0.0
230
1.0
  2
SOLID
 70
1
 71
0
 91
1
 92
3
 72
0
 73
1
 93
4
 10
1330.6
 20
302.75
 10
1337.6
 20
302.75
 10
1337.6
 20
304.95
 10
1330.6
 20
304.95
 97
0
 75
0
 76
1
 98
0
  0
HATCH
  5
230
330
17
100
AcDbEntity
  8
SARR_2.2x7
100
AcDbHatch
 10
0.0
 20
0.0
 30
0.0
210
0.0
220
0.0
230
1.0
  2
ANSI31
 70
0
 71
0
 91
1
 92
3
 72
0
 73
1
 93
4
 10
1330.6
 20
302.75
 10
1337.6
 20
302.75
 10
1337.6
 20
304.95
 10
1330.6
 20
304.95
 97
0
 75
1
 76
1
 52
270.0
 41
0.5
 77
0
 78
1
 53
315.0
 43
-0.0
 44
-0.0
 45
1.1225320152
 46
1.1225320151
 79
0
 98
0
  0
LWPOLYLINE
  5
231
330
17
100
AcDbEntity
  8
SARR_2.2x7
100
AcDbPolyline
 90
4
 70
1
 10
1330.6
 20
326.04999999999995
 10
1337.6
 20
326.04999999999995
 10
1337.6
 20
328.24999999999994
 10
1330.6
 20
328.24999999999994
  0
HATCH
  5
232
330
17
100
AcDbEntity
  8
SARR_2.2x7
100
AcDbHatch
 10
0.0
 20
0.0
 30
0.0
210
0.0
220
0.0
230
1.0
  2
SOLID
 70
1
 71
0
 91
1
 92
3
 72
0
 73
1
 93
4
 10
1330.6
 20
326.04999999999995
 10
1337.6
 20
326.04999999999995
 10
1337.6
 20
328.24999999999994
 10
1330.6
 20
328.24999999999994
 97
0
 75
0
 76
1
 98
0
  0
HATCH
  5
233
330
17
100
AcDbEntity
  8
SARR_2.2x7
100
AcDbHatch
 10
0.0
 20
0.0
 30
0.0
210
0.0
220
0.0
230
1.0
  2
ANSI31
 70
0
 71
0
 91
1
 92
3
 72
0
 73
1
 93
4
 10
1330.6
 20
326.04999999999995
 10
1337.6
 20
326.04999999999995
 10
1337.6
 20
328.24999999999994
 10
1330.6
 20
328.24999999999994
 97
0
 75
1
 76
1
 52
270.0
 41
0.5
 77
0
 78
1
 53
315.0
 43
-0.0
 44
-0.0
 45
1.1225320152
 46
1.1225320151
 79
0
 98
0
  0
LWPOLYLINE
  5
234
330
17
100
AcDbEntity
  8
CHAPA
 62
1
100
AcDbPolyline
 90
4
 70
1
 10
1290.1999999999998
 20
298.55
 10
1292.1999999999998
 20
298.55
 10
1292.1999999999998
 20
300.55
 10
1290.1999999999998
 20
300.55
  0
HATCH
  5
235
330
17
100
AcDbEntity
  8
CHAPA
 62
1
100
AcDbHatch
 10
0.0
 20
0.0
 30
0.0
210
0.0
220
0.0
230
1.0
  2
SOLID
 70
1
 71
0
 91
1
 92
3
 72
0
 73
1
 93
4
 10
1290.1999999999998
 20
298.55
 10
1292.1999999999998
 20
298.55
 10
1292.1999999999998
 20
300.55
 10
1290.1999999999998
 20
300.55
 97
0
 75
0
 76
1
 98
0
  0
LWPOLYLINE
  5
236
330
17
100
AcDbEntity
  8
CHAPA
 62
1
100
AcDbPolyline
 90
4
 70
1
 10
1330.6
 20
298.55
 10
1332.6
 20
298.55
 10
1332.6
 20
300.55
 10
1330.6
 20
300.55
  0
HATCH
  5
237
330
17
100
AcDbEntity
  8
CHAPA
 62
1
100
AcDbHatch
 10
0.0
 20
0.0
 30
0.0
210
0.0
220
0.0
230
1.0
  2
SOLID
 70
1
 71
0
 91
1
 92
3
 72
0
 73
1
 93
4
 10
1330.6
 20
298.55
 10
1332.6
 20
298.55
 10
1332.6
 20
300.55
 10
1330.6
 20
300.55
 97
0
 75
0
 76
1
 98
0
  0
LWPOLYLINE
  5
238
330
17
100
AcDbEntity
  8
CHAPA
 62
1
100
AcDbPolyline
 90
4
 70
1
 10
1330.6
 20
330.45
 10
1332.6
 20
330.45
 10
1332.6
 20
332.45
 10
1330.6
 20
332.45
  0
HATCH
  5
239
330
17
100
AcDbEntity
  8
CHAPA
 62
1
100
AcDbHatch
 10
0.0
 20
0.0
 30
0.0
210
0.0
220
0.0
230
1.0
  2
SOLID
 70
1
 71
0
 91
1
 92
3
 72
0
 73
1
 93
4
 10
1330.6
 20
330.45
 10
1332.6
 20
330.45
 10
1332.6
 20
332.45
 10
1330.6
 20
332.45
 97
0
 75
0
 76
1
 98
0
  0
LWPOLYLINE
  5
23A
330
17
100
AcDbEntity
  8
CHAPA
 62
1
100
AcDbPolyline
 90
4
 70
1
 10
1290.1999999999998
 20
330.45
 10
1292.1999999999998
 20
330.45
 10
1292.1999999999998
 20
332.45
 10
1290.1999999999998
 20
332.45
  0
HATCH
  5
23B
330
17
100
AcDbEntity
  8
CHAPA
 62
1
100
AcDbHatch
 10
0.0
 20
0.0
 30
0.0
210
0.0
220
0.0
230
1.0
  2
SOLID
 70
1
 71
0
 91
1
 92
3
 72
0
 73
1
 93
4
 10
1290.1999999999998
 20
330.45
 10
1292.1999999999998
 20
330.45
 10
1292.1999999999998
 20
332.45
 10
1290.1999999999998
 20
332.45
 97
0
 75
0
 76
1
 98
0
  0
TEXT
  5
23C
330
17
100
AcDbEntity
  8
Texto Secao
 62
2
100
AcDbText
 10
1311.3999999999999
 20
290.55
 30
0.0
 40
4.0
  1
A
 72
1
 11
1311.3999999999999
 21
290.55
 31
0.0
100
AcDbText
 73
3
  0
TEXT
  5
23D
330
17
100
AcDbEntity
  8
Texto Secao
 62
2
100
AcDbText
 10
1311.3999999999999
 20
340.45
 30
0.0
 40
4.0
  1
C
 72
1
 11
1311.3999999999999
 21
340.45
 31
0.0
100
AcDbText
 73
1
  0
TEXT
  5
23E
330
17
100
AcDbEntity
  8
Texto Secao
 62
2
100
AcDbText
 10
1282.1999999999998
 20
315.5
 30
0.0
 40
4.0
  1
D
 72
2
 11
1282.1999999999998
 21
315.5
 31
0.0
100
AcDbText
 73
2
  0
TEXT
  5
23F
330
17
100
AcDbEntity
  8
Texto Secao
 62
2
100
AcDbText
 10
1340.6
 20
315.5
 30
0.0
 40
4.0
  1
B
 11
1340.6
 21
315.5
 31
0.0
100
AcDbText
 73
2
  0
TEXT
  5
240
330
17
100
AcDbEntity
  8
Cota Secao (2x)
 62
4
100
AcDbText
 10
1311.3999999999999
 20
281.55
 30
0.0
 40
3.4
  1
34x26cm
 72
1
 11
1311.3999999999999
 21
281.55
 31
0.0
100
AcDbText
 73
3
  0
TEXT
  5
241
330
17
100
AcDbEntity
  8
Texto Secao
 62
2
100
AcDbText
 10
1311.3999999999999
 20
349.45
 30
0.0
 40
4.0
  1
VISAO DE CIMA
 72
1
 11
1311.3999999999999
 21
349.45
 31
0.0
100
AcDbText
 73
1
  0
LWPOLYLINE
  5
242
330
17
100
AcDbEntity
  8
Paineis
100
AcDbPolyline
 90
4
 70
1
 10
1369.6
 20
55.0
 10
1403.6
 20
55.0
 10
1403.6
 20
301.0
 10
1369.6
 20
301.0
  0
HATCH
  5
243
330
17
100
AcDbEntity
  8
Hachura
100
AcDbHatch
 10
0.0
 20
0.0
 30
0.0
210
0.0
220
0.0
230
1.0
  2
SOLID
 70
1
 71
0
 91
1
 92
3
 72
0
 73
1
 93
4
 10
1369.6
 20
55.0
 10
1403.6
 20
55.0
 10
1403.6
 20
301.0
 10
1369.6
 20
301.0
 97
0
 75
0
 76
1
 98
0
  0
HATCH
  5
244
330
17
100
AcDbEntity
  8
Hachura
100
AcDbHatch
 10
0.0
 20
0.0
 30
0.0
210
0.0
220
0.0
230
1.0
  2
ANSI31
 70
0
 71
0
 91
1
 92
3
 72
0
 73
1
 93
4
 10
1369.6
 20
55.0
 10
1403.6
 20
55.0
 10
1403.6
 20
301.0
 10
1369.6
 20
301.0
 97
0
 75
1
 76
1
 52
0.0
 41
5.0
 77
0
 78
1
 53
45.0
 43
0.0
 44
0.0
 45
-11.2253201515
 46
11.2253201515
 79
0
 98
0
  0
LWPOLYLINE
  5
245
330
17
100
AcDbEntity
  8
Paineis
100
AcDbPolyline
 90
4
 70
1
 10
1369.6
 20
301.0
 10
1403.6
 20
301.0
 10
1403.6
 20
335.0
 10
1369.6
 20
335.0
  0
HATCH
  5
246
330
17
100
AcDbEntity
  8
Hachura
100
AcDbHatch
 10
0.0
 20
0.0
 30
0.0
210
0.0
220
0.0
230
1.0
  2
SOLID
 70
1
 71
0
 91
1
 92
3
 72
0
 73
1
 93
4
 10
1369.6
 20
301.0
 10
1403.6
 20
301.0
 10
1403.6
 20
335.0
 10
1369.6
 20
335.0
 97
0
 75
0
 76
1
 98
0
  0
HATCH
  5
247
330
17
100
AcDbEntity
  8
Hachura
100
AcDbHatch
 10
0.0
 20
0.0
 30
0.0
210
0.0
220
0.0
230
1.0
  2
ANSI31
 70
0
 71
0
 91
1
 92
3
 72
0
 73
1
 93
4
 10
1369.6
 20
301.0
 10
1403.6
 20
301.0
 10
1403.6
 20
335.0
 10
1369.6
 20
335.0
 97
0
 75
1
 76
1
 52
0.0
 41
2.5
 77
0
 78
1
 53
45.0
 43
0.0
 44
0.0
 45
-5.6126600758
 46
5.6126600758
 79
0
 98
0
  0
LINE
  5
248
330
17
100
AcDbEntity
  8
Paineis
100
AcDbLine
 10
1369.6
 20
299.0
 30
0.0
 11
1403.6
 21
299.0
 31
0.0
  0
LINE
  5
249
330
17
100
AcDbEntity
  8
Paineis
100
AcDbLine
 10
1369.6
 20
57.0
 30
0.0
 11
1403.6
 21
57.0
 31
0.0
  0
LINE
  5
24A
330
17
100
AcDbEntity
  8
SARR_2.2x7
  6
HIDDEN
 48
30.0
100
AcDbLine
 10
1370.6999999999998
 20
55.0
 30
0.0
 11
1370.6999999999998
 21
335.0
 31
0.0
  0
LINE
  5
24B
330
17
100
AcDbEntity
  8
SARR_2.2x7
  6
HIDDEN
 48
30.0
100
AcDbLine
 10
1402.5
 20
55.0
 30
0.0
 11
1402.5
 21
335.0
 31
0.0
  0
TEXT
  5
24C
330
17
100
AcDbEntity
  8
Texto Secao
 62
2
100
AcDbText
 10
1386.6
 20
47.0
 30
0.0
 40
4.5
  1
P15.A
 50
90.0
100
AcDbText
  0
LWPOLYLINE
  5
24D
330
17
100
AcDbEntity
  8
Paineis
100
AcDbPolyline
 90
4
 70
1
 10
1411.6
 20
55.0
 10
1437.1
 20
55.0
 10
1437.1
 20
301.0
 10
1411.6
 20
301.0
  0
HATCH
  5
24E
330
17
100
AcDbEntity
  8
Hachura
100
AcDbHatch
 10
0.0
 20
0.0
 30
0.0
210
0.0
220
0.0
230
1.0
  2
SOLID
 70
1
 71
0
 91
1
 92
3
 72
0
 73
1
 93
4
 10
1411.6
 20
55.0
 10
1437.1
 20
55.0
 10
1437.1
 20
301.0
 10
1411.6
 20
301.0
 97
0
 75
0
 76
1
 98
0
  0
HATCH
  5
24F
330
17
100
AcDbEntity
  8
Hachura
100
AcDbHatch
 10
0.0
 20
0.0
 30
0.0
210
0.0
220
0.0
230
1.0
  2
ANSI31
 70
0
 71
0
 91
1
 92
3
 72
0
 73
1
 93
4
 10
1411.6
 20
55.0
 10
1437.1
 20
55.0
 10
1437.1
 20
301.0
 10
1411.6
 20
301.0
 97
0
 75
1
 76
1
 52
0.0
 41
5.0
 77
0
 78
1
 53
45.0
 43
0.0
 44
0.0
 45
-11.2253201515
 46
11.2253201515
 79
0
 98
0
  0
LWPOLYLINE
  5
250
330
17
100
AcDbEntity
  8
Paineis
100
AcDbPolyline
 90
4
 70
1
 10
1411.6
 20
301.0
 10
1437.1
 20
301.0
 10
1437.1
 20
335.0
 10
1411.6
 20
335.0
  0
HATCH
  5
251
330
17
100
AcDbEntity
  8
Hachura
100
AcDbHatch
 10
0.0
 20
0.0
 30
0.0
210
0.0
220
0.0
230
1.0
  2
SOLID
 70
1
 71
0
 91
1
 92
3
 72
0
 73
1
 93
4
 10
1411.6
 20
301.0
 10
1437.1
 20
301.0
 10
1437.1
 20
335.0
 10
1411.6
 20
335.0
 97
0
 75
0
 76
1
 98
0
  0
HATCH
  5
252
330
17
100
AcDbEntity
  8
Hachura
100
AcDbHatch
 10
0.0
 20
0.0
 30
0.0
210
0.0
220
0.0
230
1.0
  2
ANSI31
 70
0
 71
0
 91
1
 92
3
 72
0
 73
1
 93
4
 10
1411.6
 20
301.0
 10
1437.1
 20
301.0
 10
1437.1
 20
335.0
 10
1411.6
 20
335.0
 97
0
 75
1
 76
1
 52
0.0
 41
2.5
 77
0
 78
1
 53
45.0
 43
0.0
 44
0.0
 45
-5.6126600758
 46
5.6126600758
 79
0
 98
0
  0
LINE
  5
253
330
17
100
AcDbEntity
  8
Paineis
100
AcDbLine
 10
1411.6
 20
299.0
 30
0.0
 11
1437.1
 21
299.0
 31
0.0
  0
LINE
  5
254
330
17
100
AcDbEntity
  8
Paineis
100
AcDbLine
 10
1411.6
 20
57.0
 30
0.0
 11
1437.1
 21
57.0
 31
0.0
  0
LINE
  5
255
330
17
100
AcDbEntity
  8
SARR_2.2x7
  6
HIDDEN
 48
30.0
100
AcDbLine
 10
1412.6999999999998
 20
55.0
 30
0.0
 11
1412.6999999999998
 21
335.0
 31
0.0
  0
LINE
  5
256
330
17
100
AcDbEntity
  8
SARR_2.2x7
  6
HIDDEN
 48
30.0
100
AcDbLine
 10
1436.0
 20
55.0
 30
0.0
 11
1436.0
 21
335.0
 31
0.0
  0
TEXT
  5
257
330
17
100
AcDbEntity
  8
Texto Secao
 62
2
100
AcDbText
 10
1424.35
 20
47.0
 30
0.0
 40
4.5
  1
P15.B
 50
90.0
100
AcDbText
  0
LWPOLYLINE
  5
258
330
17
100
AcDbEntity
  8
Paineis
100
AcDbPolyline
 90
4
 70
1
 10
1445.1
 20
55.0
 10
1479.1
 20
55.0
 10
1479.1
 20
301.0
 10
1445.1
 20
301.0
  0
HATCH
  5
259
330
17
100
AcDbEntity
  8
Hachura
100
AcDbHatch
 10
0.0
 20
0.0
 30
0.0
210
0.0
220
0.0
230
1.0
  2
SOLID
 70
1
 71
0
 91
1
 92
3
 72
0
 73
1
 93
4
 10
1445.1
 20
55.0
 10
1479.1
 20
55.0
 10
1479.1
 20
301.0
 10
1445.1
 20
301.0
 97
0
 75
0
 76
1
 98
0
  0
HATCH
  5
25A
330
17
100
AcDbEntity
  8
Hachura
100
AcDbHatch
 10
0.0
 20
0.0
 30
0.0
210
0.0
220
0.0
230
1.0
  2
ANSI31
 70
0
 71
0
 91
1
 92
3
 72
0
 73
1
 93
4
 10
1445.1
 20
55.0
 10
1479.1
 20
55.0
 10
1479.1
 20
301.0
 10
1445.1
 20
301.0
 97
0
 75
1
 76
1
 52
0.0
 41
5.0
 77
0
 78
1
 53
45.0
 43
0.0
 44
0.0
 45
-11.2253201515
 46
11.2253201515
 79
0
 98
0
  0
LWPOLYLINE
  5
25B
330
17
100
AcDbEntity
  8
Paineis
100
AcDbPolyline
 90
4
 70
1
 10
1445.1
 20
301.0
 10
1479.1
 20
301.0
 10
1479.1
 20
335.0
 10
1445.1
 20
335.0
  0
HATCH
  5
25C
330
17
100
AcDbEntity
  8
Hachura
100
AcDbHatch
 10
0.0
 20
0.0
 30
0.0
210
0.0
220
0.0
230
1.0
  2
SOLID
 70
1
 71
0
 91
1
 92
3
 72
0
 73
1
 93
4
 10
1445.1
 20
301.0
 10
1479.1
 20
301.0
 10
1479.1
 20
335.0
 10
1445.1
 20
335.0
 97
0
 75
0
 76
1
 98
0
  0
HATCH
  5
25D
330
17
100
AcDbEntity
  8
Hachura
100
AcDbHatch
 10
0.0
 20
0.0
 30
0.0
210
0.0
220
0.0
230
1.0
  2
ANSI31
 70
0
 71
0
 91
1
 92
3
 72
0
 73
1
 93
4
 10
1445.1
 20
301.0
 10
1479.1
 20
301.0
 10
1479.1
 20
335.0
 10
1445.1
 20
335.0
 97
0
 75
1
 76
1
 52
0.0
 41
2.5
 77
0
 78
1
 53
45.0
 43
0.0
 44
0.0
 45
-5.6126600758
 46
5.6126600758
 79
0
 98
0
  0
LINE
  5
25E
330
17
100
AcDbEntity
  8
Paineis
100
AcDbLine
 10
1445.1
 20
299.0
 30
0.0
 11
1479.1
 21
299.0
 31
0.0
  0
LINE
  5
25F
330
17
100
AcDbEntity
  8
Paineis
100
AcDbLine
 10
1445.1
 20
57.0
 30
0.0
 11
1479.1
 21
57.0
 31
0.0
  0
LINE
  5
260
330
17
100
AcDbEntity
  8
SARR_2.2x7
  6
HIDDEN
 48
30.0
100
AcDbLine
 10
1446.1999999999998
 20
55.0
 30
0.0
 11
1446.1999999999998
 21
335.0
 31
0.0
  0
LINE
  5
261
330
17
100
AcDbEntity
  8
SARR_2.2x7
  6
HIDDEN
 48
30.0
100
AcDbLine
 10
1478.0
 20
55.0
 30
0.0
 11
1478.0
 21
335.0
 31
0.0
  0
TEXT
  5
262
330
17
100
AcDbEntity
  8
Texto Secao
 62
2
100
AcDbText
 10
1462.1
 20
47.0
 30
0.0
 40
4.5
  1
P15.C
 50
90.0
100
AcDbText
  0
LWPOLYLINE
  5
263
330
17
100
AcDbEntity
  8
Paineis
100
AcDbPolyline
 90
4
 70
1
 10
1487.1
 20
55.0
 10
1512.6
 20
55.0
 10
1512.6
 20
301.0
 10
1487.1
 20
301.0
  0
HATCH
  5
264
330
17
100
AcDbEntity
  8
Hachura
100
AcDbHatch
 10
0.0
 20
0.0
 30
0.0
210
0.0
220
0.0
230
1.0
  2
SOLID
 70
1
 71
0
 91
1
 92
3
 72
0
 73
1
 93
4
 10
1487.1
 20
55.0
 10
1512.6
 20
55.0
 10
1512.6
 20
301.0
 10
1487.1
 20
301.0
 97
0
 75
0
 76
1
 98
0
  0
HATCH
  5
265
330
17
100
AcDbEntity
  8
Hachura
100
AcDbHatch
 10
0.0
 20
0.0
 30
0.0
210
0.0
220
0.0
230
1.0
  2
ANSI31
 70
0
 71
0
 91
1
 92
3
 72
0
 73
1
 93
4
 10
1487.1
 20
55.0
 10
1512.6
 20
55.0
 10
1512.6
 20
301.0
 10
1487.1
 20
301.0
 97
0
 75
1
 76
1
 52
0.0
 41
5.0
 77
0
 78
1
 53
45.0
 43
0.0
 44
0.0
 45
-11.2253201515
 46
11.2253201515
 79
0
 98
0
  0
LWPOLYLINE
  5
266
330
17
100
AcDbEntity
  8
Paineis
100
AcDbPolyline
 90
4
 70
1
 10
1487.1
 20
301.0
 10
1512.6
 20
301.0
 10
1512.6
 20
335.0
 10
1487.1
 20
335.0
  0
HATCH
  5
267
330
17
100
AcDbEntity
  8
Hachura
100
AcDbHatch
 10
0.0
 20
0.0
 30
0.0
210
0.0
220
0.0
230
1.0
  2
SOLID
 70
1
 71
0
 91
1
 92
3
 72
0
 73
1
 93
4
 10
1487.1
 20
301.0
 10
1512.6
 20
301.0
 10
1512.6
 20
335.0
 10
1487.1
 20
335.0
 97
0
 75
0
 76
1
 98
0
  0
HATCH
  5
268
330
17
100
AcDbEntity
  8
Hachura
100
AcDbHatch
 10
0.0
 20
0.0
 30
0.0
210
0.0
220
0.0
230
1.0
  2
ANSI31
 70
0
 71
0
 91
1
 92
3
 72
0
 73
1
 93
4
 10
1487.1
 20
301.0
 10
1512.6
 20
301.0
 10
1512.6
 20
335.0
 10
1487.1
 20
335.0
 97
0
 75
1
 76
1
 52
0.0
 41
2.5
 77
0
 78
1
 53
45.0
 43
0.0
 44
0.0
 45
-5.6126600758
 46
5.6126600758
 79
0
 98
0
  0
LINE
  5
269
330
17
100
AcDbEntity
  8
Paineis
100
AcDbLine
 10
1487.1
 20
299.0
 30
0.0
 11
1512.6
 21
299.0
 31
0.0
  0
LINE
  5
26A
330
17
100
AcDbEntity
  8
Paineis
100
AcDbLine
 10
1487.1
 20
57.0
 30
0.0
 11
1512.6
 21
57.0
 31
0.0
  0
LINE
  5
26B
330
17
100
AcDbEntity
  8
SARR_2.2x7
  6
HIDDEN
 48
30.0
100
AcDbLine
 10
1488.1999999999998
 20
55.0
 30
0.0
 11
1488.1999999999998
 21
335.0
 31
0.0
  0
LINE
  5
26C
330
17
100
AcDbEntity
  8
SARR_2.2x7
  6
HIDDEN
 48
30.0
100
AcDbLine
 10
1511.5
 20
55.0
 30
0.0
 11
1511.5
 21
335.0
 31
0.0
  0
TEXT
  5
26D
330
17
100
AcDbEntity
  8
Texto Secao
 62
2
100
AcDbText
 10
1499.85
 20
47.0
 30
0.0
 40
4.5
  1
P15.D
 50
90.0
100
AcDbText
  0
LINE
  5
26E
330
17
100
AcDbEntity
  8
COTA
 62
8
100
AcDbLine
 10
1520.6
 20
55.0
 30
0.0
 11
1520.6
 21
335.0
 31
0.0
  0
LINE
  5
26F
330
17
100
AcDbEntity
  8
COTA
 62
8
100
AcDbLine
 10
1518.6
 20
55.0
 30
0.0
 11
1522.6
 21
55.0
 31
0.0
  0
LINE
  5
270
330
17
100
AcDbEntity
  8
COTA
 62
8
100
AcDbLine
 10
1518.6
 20
57.0
 30
0.0
 11
1522.6
 21
57.0
 31
0.0
  0
TEXT
  5
271
330
17
100
AcDbEntity
  8
COTA
 62
8
100
AcDbText
 10
1525.6
 20
56.0
 30
0.0
 40
3.0
  1
h1=2
100
AcDbText
  0
LINE
  5
272
330
17
100
AcDbEntity
  8
COTA
 62
8
100
AcDbLine
 10
1518.6
 20
57.0
 30
0.0
 11
1522.6
 21
57.0
 31
0.0
  0
LINE
  5
273
330
17
100
AcDbEntity
  8
COTA
 62
8
100
AcDbLine
 10
1518.6
 20
301.0
 30
0.0
 11
1522.6
 21
301.0
 31
0.0
  0
TEXT
  5
274
330
17
100
AcDbEntity
  8
COTA
 62
8
100
AcDbText
 10
1525.6
 20
179.0
 30
0.0
 40
3.0
  1
h2=244
100
AcDbText
  0
LINE
  5
275
330
17
100
AcDbEntity
  8
COTA
 62
8
100
AcDbLine
 10
1518.6
 20
301.0
 30
0.0
 11
1522.6
 21
301.0
 31
0.0
  0
LINE
  5
276
330
17
100
AcDbEntity
  8
COTA
 62
8
100
AcDbLine
 10
1518.6
 20
335.0
 30
0.0
 11
1522.6
 21
335.0
 31
0.0
  0
TEXT
  5
277
330
17
100
AcDbEntity
  8
COTA
 62
8
100
AcDbText
 10
1525.6
 20
318.0
 30
0.0
 40
3.0
  1
h3=34
100
AcDbText
  0
TEXT
  5
278
330
17
100
AcDbEntity
  8
COTA
 62
8
100
AcDbText
 10
1525.6
 20
338.0
 30
0.0
 40
3.5
  1
TOTAL=280
100
AcDbText
  0
LINE
  5
279
330
17
100
AcDbEntity
  8
Nivel
 62
4
100
AcDbLine
 10
1265.1999999999998
 20
55.0
 30
0.0
 11
1525.6
 21
55.0
 31
0.0
  0
LINE
  5
27A
330
17
100
AcDbEntity
  8
Nivel
 62
4
100
AcDbLine
 10
1264.1999999999998
 20
60.0
 30
0.0
 11
1267.1999999999998
 21
55.0
 31
0.0
  0
LINE
  5
27B
330
17
100
AcDbEntity
  8
Nivel
 62
4
100
AcDbLine
 10
1270.1999999999998
 20
60.0
 30
0.0
 11
1267.1999999999998
 21
55.0
 31
0.0
  0
TEXT
  5
27C
330
17
100
AcDbEntity
  8
Nivel
 62
4
100
AcDbText
 10
1272.1999999999998
 20
56.0
 30
0.0
 40
4.0
  1
1o PAV.
100
AcDbText
  0
LINE
  5
27D
330
17
100
AcDbEntity
  8
Nivel
 62
4
100
AcDbLine
 10
1265.1999999999998
 20
301.0
 30
0.0
 11
1525.6
 21
301.0
 31
0.0
  0
LINE
  5
27E
330
17
100
AcDbEntity
  8
Nivel
 62
4
100
AcDbLine
 10
1264.1999999999998
 20
306.0
 30
0.0
 11
1267.1999999999998
 21
301.0
 31
0.0
  0
LINE
  5
27F
330
17
100
AcDbEntity
  8
Nivel
 62
4
100
AcDbLine
 10
1270.1999999999998
 20
306.0
 30
0.0
 11
1267.1999999999998
 21
301.0
 31
0.0
  0
TEXT
  5
280
330
17
100
AcDbEntity
  8
Nivel
 62
4
100
AcDbText
 10
1272.1999999999998
 20
302.0
 30
0.0
 40
4.0
  1
2o PAV.
100
AcDbText
  0
LWPOLYLINE
  5
281
330
17
100
AcDbEntity
  8
CARIMBO
 62
40
100
AcDbPolyline
 90
4
 70
1
 10
1263.1999999999998
 20
0.0
 10
1549.6
 20
0.0
 10
1549.6
 20
40.0
 10
1263.1999999999998
 20
40.0
  0
LINE
  5
282
330
17
100
AcDbEntity
  8
CARIMBO
 62
40
100
AcDbLine
 10
1263.1999999999998
 20
10.0
 30
0.0
 11
1549.6
 21
10.0
 31
0.0
  0
LINE
  5
283
330
17
100
AcDbEntity
  8
CARIMBO
 62
40
100
AcDbLine
 10
1263.1999999999998
 20
20.0
 30
0.0
 11
1549.6
 21
20.0
 31
0.0
  0
LINE
  5
284
330
17
100
AcDbEntity
  8
CARIMBO
 62
40
100
AcDbLine
 10
1263.1999999999998
 20
30.0
 30
0.0
 11
1549.6
 21
30.0
 31
0.0
  0
LINE
  5
285
330
17
100
AcDbEntity
  8
CARIMBO
 62
40
100
AcDbLine
 10
1363.4399999999998
 20
0.0
 30
0.0
 11
1363.4399999999998
 21
40.0
 31
0.0
  0
TEXT
  5
286
330
17
100
AcDbEntity
  8
CARIMBO
 62
9
100
AcDbText
 10
1266.1999999999998
 20
35.0
 30
0.0
 40
3.0
  1
CLIENTE:
100
AcDbText
  0
TEXT
  5
287
330
17
100
AcDbEntity
  8
TEXTO_GERAL
 62
2
100
AcDbText
 10
1366.4399999999998
 20
35.0
 30
0.0
 40
3.0
  1
ALIMONTI
100
AcDbText
  0
TEXT
  5
288
330
17
100
AcDbEntity
  8
CARIMBO
 62
9
100
AcDbText
 10
1266.1999999999998
 20
25.0
 30
0.0
 40
3.0
  1
OBRA:
100
AcDbText
  0
TEXT
  5
289
330
17
100
AcDbEntity
  8
TEXTO_GERAL
 62
2
100
AcDbText
 10
1366.4399999999998
 20
25.0
 30
0.0
 40
3.0
  1
Obra_TREINO_1
100
AcDbText
  0
TEXT
  5
28A
330
17
100
AcDbEntity
  8
CARIMBO
 62
9
100
AcDbText
 10
1266.1999999999998
 20
15.0
 30
0.0
 40
3.0
  1
PAVIMENTO:
100
AcDbText
  0
TEXT
  5
28B
330
17
100
AcDbEntity
  8
TEXTO_GERAL
 62
2
100
AcDbText
 10
1366.4399999999998
 20
15.0
 30
0.0
 40
3.0
  1
TERREO
100
AcDbText
  0
TEXT
  5
28C
330
17
100
AcDbEntity
  8
CARIMBO
 62
9
100
AcDbText
 10
1266.1999999999998
 20
5.0
 30
0.0
 40
3.0
  1
PROJETO:
100
AcDbText
  0
TEXT
  5
28D
330
17
100
AcDbEntity
  8
TEXTO_GERAL
 62
2
100
AcDbText
 10
1366.4399999999998
 20
5.0
 30
0.0
 40
3.0
  1
PILARES
100
AcDbText
  0
TEXT
  5
28E
330
17
100
AcDbEntity
  8
LABEL_ID
 62
3
100
AcDbText
 10
1534.6
 20
5.0
 30
0.0
 40
8.0
  1
04
100
AcDbText
  0
LWPOLYLINE
  5
28F
330
17
100
AcDbEntity
  8
BORDA_CELULA
 62
9
100
AcDbPolyline
 90
4
 70
1
 10
1659.6
 20
0.0
 10
1897.0
 20
0.0
 10
1897.0
 20
405.0
 10
1659.6
 20
405.0
  0
TEXT
  5
290
330
17
100
AcDbEntity
  8
TEXTO_GERAL
 62
2
100
AcDbText
 10
1887.0
 20
400.0
 30
0.0
 40
3.0
  1
TÉRREO - PD: 280.00
 72
2
 11
1887.0
 21
400.0
 31
0.0
100
AcDbText
  0
TEXT
  5
291
330
17
100
AcDbEntity
  8
TEXTO_GERAL
 62
2
100
AcDbText
 10
1887.0
 20
395.0
 30
0.0
 40
3.0
  1
NIVEL DE SAIDA: 280.00
 72
2
 11
1887.0
 21
395.0
 31
0.0
100
AcDbText
  0
TEXT
  5
292
330
17
100
AcDbEntity
  8
TEXTO_GERAL
 62
2
100
AcDbText
 10
1887.0
 20
390.0
 30
0.0
 40
3.0
  1
NIVEL DE CHEGADA: 0.00
 72
2
 11
1887.0
 21
390.0
 31
0.0
100
AcDbText
  0
TEXT
  5
293
330
17
100
AcDbEntity
  8
NOMENCLATURA
 62
1
100
AcDbText
 10
1679.6
 20
393.0
 30
0.0
 40
10.0
  1
P16
100
AcDbText
  0
LWPOLYLINE
  5
294
330
17
100
AcDbEntity
  8
CONCRETO
 62
4
100
AcDbPolyline
 90
4
 70
1
 10
1690.8
 20
317.0
 10
1714.8
 20
317.0
 10
1714.8
 20
333.0
 10
1690.8
 20
333.0
  0
HATCH
  5
295
330
17
100
AcDbEntity
  8
COTA
100
AcDbHatch
 10
0.0
 20
0.0
 30
0.0
210
0.0
220
0.0
230
1.0
  2
AR-CONC
 70
0
 71
0
 91
1
 92
3
 72
0
 73
1
 93
4
 10
1690.8
 20
317.0
 10
1714.8
 20
317.0
 10
1714.8
 20
333.0
 10
1690.8
 20
333.0
 97
0
 75
1
 76
1
 52
0.0
 41
0.03
 77
0
 78
13
 53
50.0
 43
0.0
 44
0.0
 45
5.4655400699
 46
-0.4781725662
 79
2
 49
0.5715
 49
-6.2865
 53
355.0
 43
0.0
 44
0.0
 45
-1.0573026428
 46
5.7317053572
 79
2
 49
0.4572
 49
-5.0292175251
 53
100.4514447
 43
0.45546021
 44
-0.039847605
 45
4.4082374127
 46
5.2535325574
 79
2
 49
0.485700264
 49
-5.342707338
 53
46.1842
 43
0.0
 44
1.524
 45
8.1323712268
 46
-1.261269838
 79
2
 49
0.85725
 49
-9.42975
 53
96.63555761
 43
0.677697
 44
1.418895
 45
7.1221240215
 46
7.4227837379
 79
2
 49
0.7285506942
 49
-8.0140682448
 53
351.18415117
 43
0.0
 44
1.524
 45
7.1221240219
 46
7.4227837376
 79
2
 49
0.6857990121
 49
-7.5437919576
 53
21.0
 43
0.762
 44
1.143
 45
4.5484317381
 46
-3.0679559456
 79
2
 49
0.5715
 49
-6.2865
 53
326.0
 43
0.762
 44
1.143
 45
1.8540608504
 46
5.5256389837
 79
2
 49
0.4572
 49
-5.0292
 53
71.451445
 43
1.141035978
 44
0.887337003
 45
6.4024925784
 46
2.4576830666
 79
2
 49
0.485700264
 49
-5.342698128
 53
37.5
 43
0.0
 44
0.0
 45
0.0926580975
 46
2.5366511662
 79
6
 49
0.0
 49
-4.96824
 49
0.0
 49
-5.1054
 49
0.0
 49
-5.04825
 53
7.5
 43
0.0
 44
0.0
 45
2.0045898753
 46
3.0054172445
 79
6
 49
0.0
 49
-2.91084
 49
0.0
 49
-4.85394
 49
0.0
 49
-1.92405
 53
-32.5
 43
-1.69926
 44
0.0
 45
4.067717855
 46
-0.1718623198
 79
6
 49
0.0
 49
-1.905
 49
0.0
 49
-5.9436
 49
0.0
 49
-7.8867
 53
-42.5
 43
-2.46126
 44
0.0
 45
4.4438754416
 46
0.762794731
 79
6
 49
0.0
 49
-2.4765
 49
0.0
 49
-3.94716
 49
0.0
 49
-5.6007
 98
0
  0
LWPOLYLINE
  5
296
330
17
100
AcDbEntity
  8
Paineis
100
AcDbPolyline
 90
4
 70
1
 10
1690.8
 20
314.8
 10
1714.8
 20
314.8
 10
1714.8
 20
317.0
 10
1690.8
 20
317.0
  0
HATCH
  5
297
330
17
100
AcDbEntity
  8
Paineis
100
AcDbHatch
 10
0.0
 20
0.0
 30
0.0
210
0.0
220
0.0
230
1.0
  2
SOLID
 70
1
 71
0
 91
1
 92
3
 72
0
 73
1
 93
4
 10
1690.8
 20
314.8
 10
1714.8
 20
314.8
 10
1714.8
 20
317.0
 10
1690.8
 20
317.0
 97
0
 75
0
 76
1
 98
0
  0
HATCH
  5
298
330
17
100
AcDbEntity
  8
Paineis
100
AcDbHatch
 10
0.0
 20
0.0
 30
0.0
210
0.0
220
0.0
230
1.0
  2
ANSI31
 70
0
 71
0
 91
1
 92
3
 72
0
 73
1
 93
4
 10
1690.8
 20
314.8
 10
1714.8
 20
314.8
 10
1714.8
 20
317.0
 10
1690.8
 20
317.0
 97
0
 75
1
 76
1
 52
270.0
 41
0.5
 77
0
 78
1
 53
315.0
 43
-0.0
 44
-0.0
 45
1.1225320152
 46
1.1225320151
 79
0
 98
0
  0
LWPOLYLINE
  5
299
330
17
100
AcDbEntity
  8
Paineis
100
AcDbPolyline
 90
4
 70
1
 10
1690.8
 20
333.0
 10
1714.8
 20
333.0
 10
1714.8
 20
335.2
 10
1690.8
 20
335.2
  0
HATCH
  5
29A
330
17
100
AcDbEntity
  8
Paineis
100
AcDbHatch
 10
0.0
 20
0.0
 30
0.0
210
0.0
220
0.0
230
1.0
  2
SOLID
 70
1
 71
0
 91
1
 92
3
 72
0
 73
1
 93
4
 10
1690.8
 20
333.0
 10
1714.8
 20
333.0
 10
1714.8
 20
335.2
 10
1690.8
 20
335.2
 97
0
 75
0
 76
1
 98
0
  0
HATCH
  5
29B
330
17
100
AcDbEntity
  8
Paineis
100
AcDbHatch
 10
0.0
 20
0.0
 30
0.0
210
0.0
220
0.0
230
1.0
  2
ANSI31
 70
0
 71
0
 91
1
 92
3
 72
0
 73
1
 93
4
 10
1690.8
 20
333.0
 10
1714.8
 20
333.0
 10
1714.8
 20
335.2
 10
1690.8
 20
335.2
 97
0
 75
1
 76
1
 52
270.0
 41
0.5
 77
0
 78
1
 53
315.0
 43
-0.0
 44
-0.0
 45
1.1225320152
 46
1.1225320151
 79
0
 98
0
  0
LWPOLYLINE
  5
29C
330
17
100
AcDbEntity
  8
Paineis
100
AcDbPolyline
 90
4
 70
1
 10
1688.6
 20
317.0
 10
1690.8
 20
317.0
 10
1690.8
 20
333.0
 10
1688.6
 20
333.0
  0
HATCH
  5
29D
330
17
100
AcDbEntity
  8
Paineis
100
AcDbHatch
 10
0.0
 20
0.0
 30
0.0
210
0.0
220
0.0
230
1.0
  2
SOLID
 70
1
 71
0
 91
1
 92
3
 72
0
 73
1
 93
4
 10
1688.6
 20
317.0
 10
1690.8
 20
317.0
 10
1690.8
 20
333.0
 10
1688.6
 20
333.0
 97
0
 75
0
 76
1
 98
0
  0
HATCH
  5
29E
330
17
100
AcDbEntity
  8
Paineis
100
AcDbHatch
 10
0.0
 20
0.0
 30
0.0
210
0.0
220
0.0
230
1.0
  2
ANSI31
 70
0
 71
0
 91
1
 92
3
 72
0
 73
1
 93
4
 10
1688.6
 20
317.0
 10
1690.8
 20
317.0
 10
1690.8
 20
333.0
 10
1688.6
 20
333.0
 97
0
 75
1
 76
1
 52
270.0
 41
0.5
 77
0
 78
1
 53
315.0
 43
-0.0
 44
-0.0
 45
1.1225320152
 46
1.1225320151
 79
0
 98
0
  0
LWPOLYLINE
  5
29F
330
17
100
AcDbEntity
  8
Paineis
100
AcDbPolyline
 90
4
 70
1
 10
1714.8
 20
317.0
 10
1717.0
 20
317.0
 10
1717.0
 20
333.0
 10
1714.8
 20
333.0
  0
HATCH
  5
2A0
330
17
100
AcDbEntity
  8
Paineis
100
AcDbHatch
 10
0.0
 20
0.0
 30
0.0
210
0.0
220
0.0
230
1.0
  2
SOLID
 70
1
 71
0
 91
1
 92
3
 72
0
 73
1
 93
4
 10
1714.8
 20
317.0
 10
1717.0
 20
317.0
 10
1717.0
 20
333.0
 10
1714.8
 20
333.0
 97
0
 75
0
 76
1
 98
0
  0
HATCH
  5
2A1
330
17
100
AcDbEntity
  8
Paineis
100
AcDbHatch
 10
0.0
 20
0.0
 30
0.0
210
0.0
220
0.0
230
1.0
  2
ANSI31
 70
0
 71
0
 91
1
 92
3
 72
0
 73
1
 93
4
 10
1714.8
 20
317.0
 10
1717.0
 20
317.0
 10
1717.0
 20
333.0
 10
1714.8
 20
333.0
 97
0
 75
1
 76
1
 52
270.0
 41
0.5
 77
0
 78
1
 53
315.0
 43
-0.0
 44
-0.0
 45
1.1225320152
 46
1.1225320151
 79
0
 98
0
  0
LWPOLYLINE
  5
2A2
330
17
100
AcDbEntity
  8
SARR_2.2x7
100
AcDbPolyline
 90
4
 70
1
 10
1690.8
 20
307.8
 10
1693.0
 20
307.8
 10
1693.0
 20
314.8
 10
1690.8
 20
314.8
  0
HATCH
  5
2A3
330
17
100
AcDbEntity
  8
SARR_2.2x7
100
AcDbHatch
 10
0.0
 20
0.0
 30
0.0
210
0.0
220
0.0
230
1.0
  2
SOLID
 70
1
 71
0
 91
1
 92
3
 72
0
 73
1
 93
4
 10
1690.8
 20
307.8
 10
1693.0
 20
307.8
 10
1693.0
 20
314.8
 10
1690.8
 20
314.8
 97
0
 75
0
 76
1
 98
0
  0
HATCH
  5
2A4
330
17
100
AcDbEntity
  8
SARR_2.2x7
100
AcDbHatch
 10
0.0
 20
0.0
 30
0.0
210
0.0
220
0.0
230
1.0
  2
ANSI31
 70
0
 71
0
 91
1
 92
3
 72
0
 73
1
 93
4
 10
1690.8
 20
307.8
 10
1693.0
 20
307.8
 10
1693.0
 20
314.8
 10
1690.8
 20
314.8
 97
0
 75
1
 76
1
 52
270.0
 41
0.5
 77
0
 78
1
 53
315.0
 43
-0.0
 44
-0.0
 45
1.1225320152
 46
1.1225320151
 79
0
 98
0
  0
LWPOLYLINE
  5
2A5
330
17
100
AcDbEntity
  8
SARR_2.2x7
100
AcDbPolyline
 90
4
 70
1
 10
1712.6000000000001
 20
307.8
 10
1714.8000000000002
 20
307.8
 10
1714.8000000000002
 20
314.8
 10
1712.6000000000001
 20
314.8
  0
HATCH
  5
2A6
330
17
100
AcDbEntity
  8
SARR_2.2x7
100
AcDbHatch
 10
0.0
 20
0.0
 30
0.0
210
0.0
220
0.0
230
1.0
  2
SOLID
 70
1
 71
0
 91
1
 92
3
 72
0
 73
1
 93
4
 10
1712.6000000000001
 20
307.8
 10
1714.8000000000002
 20
307.8
 10
1714.8000000000002
 20
314.8
 10
1712.6000000000001
 20
314.8
 97
0
 75
0
 76
1
 98
0
  0
HATCH
  5
2A7
330
17
100
AcDbEntity
  8
SARR_2.2x7
100
AcDbHatch
 10
0.0
 20
0.0
 30
0.0
210
0.0
220
0.0
230
1.0
  2
ANSI31
 70
0
 71
0
 91
1
 92
3
 72
0
 73
1
 93
4
 10
1712.6000000000001
 20
307.8
 10
1714.8000000000002
 20
307.8
 10
1714.8000000000002
 20
314.8
 10
1712.6000000000001
 20
314.8
 97
0
 75
1
 76
1
 52
270.0
 41
0.5
 77
0
 78
1
 53
315.0
 43
-0.0
 44
-0.0
 45
1.1225320152
 46
1.1225320151
 79
0
 98
0
  0
LWPOLYLINE
  5
2A8
330
17
100
AcDbEntity
  8
SARR_2.2x7
100
AcDbPolyline
 90
4
 70
1
 10
1690.8
 20
335.2
 10
1693.0
 20
335.2
 10
1693.0
 20
342.2
 10
1690.8
 20
342.2
  0
HATCH
  5
2A9
330
17
100
AcDbEntity
  8
SARR_2.2x7
100
AcDbHatch
 10
0.0
 20
0.0
 30
0.0
210
0.0
220
0.0
230
1.0
  2
SOLID
 70
1
 71
0
 91
1
 92
3
 72
0
 73
1
 93
4
 10
1690.8
 20
335.2
 10
1693.0
 20
335.2
 10
1693.0
 20
342.2
 10
1690.8
 20
342.2
 97
0
 75
0
 76
1
 98
0
  0
HATCH
  5
2AA
330
17
100
AcDbEntity
  8
SARR_2.2x7
100
AcDbHatch
 10
0.0
 20
0.0
 30
0.0
210
0.0
220
0.0
230
1.0
  2
ANSI31
 70
0
 71
0
 91
1
 92
3
 72
0
 73
1
 93
4
 10
1690.8
 20
335.2
 10
1693.0
 20
335.2
 10
1693.0
 20
342.2
 10
1690.8
 20
342.2
 97
0
 75
1
 76
1
 52
270.0
 41
0.5
 77
0
 78
1
 53
315.0
 43
-0.0
 44
-0.0
 45
1.1225320152
 46
1.1225320151
 79
0
 98
0
  0
LWPOLYLINE
  5
2AB
330
17
100
AcDbEntity
  8
SARR_2.2x7
100
AcDbPolyline
 90
4
 70
1
 10
1712.6000000000001
 20
335.2
 10
1714.8000000000002
 20
335.2
 10
1714.8000000000002
 20
342.2
 10
1712.6000000000001
 20
342.2
  0
HATCH
  5
2AC
330
17
100
AcDbEntity
  8
SARR_2.2x7
100
AcDbHatch
 10
0.0
 20
0.0
 30
0.0
210
0.0
220
0.0
230
1.0
  2
SOLID
 70
1
 71
0
 91
1
 92
3
 72
0
 73
1
 93
4
 10
1712.6000000000001
 20
335.2
 10
1714.8000000000002
 20
335.2
 10
1714.8000000000002
 20
342.2
 10
1712.6000000000001
 20
342.2
 97
0
 75
0
 76
1
 98
0
  0
HATCH
  5
2AD
330
17
100
AcDbEntity
  8
SARR_2.2x7
100
AcDbHatch
 10
0.0
 20
0.0
 30
0.0
210
0.0
220
0.0
230
1.0
  2
ANSI31
 70
0
 71
0
 91
1
 92
3
 72
0
 73
1
 93
4
 10
1712.6000000000001
 20
335.2
 10
1714.8000000000002
 20
335.2
 10
1714.8000000000002
 20
342.2
 10
1712.6000000000001
 20
342.2
 97
0
 75
1
 76
1
 52
270.0
 41
0.5
 77
0
 78
1
 53
315.0
 43
-0.0
 44
-0.0
 45
1.1225320152
 46
1.1225320151
 79
0
 98
0
  0
LWPOLYLINE
  5
2AE
330
17
100
AcDbEntity
  8
SARR_2.2x7
100
AcDbPolyline
 90
4
 70
1
 10
1681.6
 20
317.0
 10
1688.6
 20
317.0
 10
1688.6
 20
319.2
 10
1681.6
 20
319.2
  0
HATCH
  5
2AF
330
17
100
AcDbEntity
  8
SARR_2.2x7
100
AcDbHatch
 10
0.0
 20
0.0
 30
0.0
210
0.0
220
0.0
230
1.0
  2
SOLID
 70
1
 71
0
 91
1
 92
3
 72
0
 73
1
 93
4
 10
1681.6
 20
317.0
 10
1688.6
 20
317.0
 10
1688.6
 20
319.2
 10
1681.6
 20
319.2
 97
0
 75
0
 76
1
 98
0
  0
HATCH
  5
2B0
330
17
100
AcDbEntity
  8
SARR_2.2x7
100
AcDbHatch
 10
0.0
 20
0.0
 30
0.0
210
0.0
220
0.0
230
1.0
  2
ANSI31
 70
0
 71
0
 91
1
 92
3
 72
0
 73
1
 93
4
 10
1681.6
 20
317.0
 10
1688.6
 20
317.0
 10
1688.6
 20
319.2
 10
1681.6
 20
319.2
 97
0
 75
1
 76
1
 52
270.0
 41
0.5
 77
0
 78
1
 53
315.0
 43
-0.0
 44
-0.0
 45
1.1225320152
 46
1.1225320151
 79
0
 98
0
  0
LWPOLYLINE
  5
2B1
330
17
100
AcDbEntity
  8
SARR_2.2x7
100
AcDbPolyline
 90
4
 70
1
 10
1681.6
 20
330.79999999999995
 10
1688.6
 20
330.79999999999995
 10
1688.6
 20
332.99999999999994
 10
1681.6
 20
332.99999999999994
  0
HATCH
  5
2B2
330
17
100
AcDbEntity
  8
SARR_2.2x7
100
AcDbHatch
 10
0.0
 20
0.0
 30
0.0
210
0.0
220
0.0
230
1.0
  2
SOLID
 70
1
 71
0
 91
1
 92
3
 72
0
 73
1
 93
4
 10
1681.6
 20
330.79999999999995
 10
1688.6
 20
330.79999999999995
 10
1688.6
 20
332.99999999999994
 10
1681.6
 20
332.99999999999994
 97
0
 75
0
 76
1
 98
0
  0
HATCH
  5
2B3
330
17
100
AcDbEntity
  8
SARR_2.2x7
100
AcDbHatch
 10
0.0
 20
0.0
 30
0.0
210
0.0
220
0.0
230
1.0
  2
ANSI31
 70
0
 71
0
 91
1
 92
3
 72
0
 73
1
 93
4
 10
1681.6
 20
330.79999999999995
 10
1688.6
 20
330.79999999999995
 10
1688.6
 20
332.99999999999994
 10
1681.6
 20
332.99999999999994
 97
0
 75
1
 76
1
 52
270.0
 41
0.5
 77
0
 78
1
 53
315.0
 43
-0.0
 44
-0.0
 45
1.1225320152
 46
1.1225320151
 79
0
 98
0
  0
LWPOLYLINE
  5
2B4
330
17
100
AcDbEntity
  8
SARR_2.2x7
100
AcDbPolyline
 90
4
 70
1
 10
1717.0
 20
317.0
 10
1724.0
 20
317.0
 10
1724.0
 20
319.2
 10
1717.0
 20
319.2
  0
HATCH
  5
2B5
330
17
100
AcDbEntity
  8
SARR_2.2x7
100
AcDbHatch
 10
0.0
 20
0.0
 30
0.0
210
0.0
220
0.0
230
1.0
  2
SOLID
 70
1
 71
0
 91
1
 92
3
 72
0
 73
1
 93
4
 10
1717.0
 20
317.0
 10
1724.0
 20
317.0
 10
1724.0
 20
319.2
 10
1717.0
 20
319.2
 97
0
 75
0
 76
1
 98
0
  0
HATCH
  5
2B6
330
17
100
AcDbEntity
  8
SARR_2.2x7
100
AcDbHatch
 10
0.0
 20
0.0
 30
0.0
210
0.0
220
0.0
230
1.0
  2
ANSI31
 70
0
 71
0
 91
1
 92
3
 72
0
 73
1
 93
4
 10
1717.0
 20
317.0
 10
1724.0
 20
317.0
 10
1724.0
 20
319.2
 10
1717.0
 20
319.2
 97
0
 75
1
 76
1
 52
270.0
 41
0.5
 77
0
 78
1
 53
315.0
 43
-0.0
 44
-0.0
 45
1.1225320152
 46
1.1225320151
 79
0
 98
0
  0
LWPOLYLINE
  5
2B7
330
17
100
AcDbEntity
  8
SARR_2.2x7
100
AcDbPolyline
 90
4
 70
1
 10
1717.0
 20
330.79999999999995
 10
1724.0
 20
330.79999999999995
 10
1724.0
 20
332.99999999999994
 10
1717.0
 20
332.99999999999994
  0
HATCH
  5
2B8
330
17
100
AcDbEntity
  8
SARR_2.2x7
100
AcDbHatch
 10
0.0
 20
0.0
 30
0.0
210
0.0
220
0.0
230
1.0
  2
SOLID
 70
1
 71
0
 91
1
 92
3
 72
0
 73
1
 93
4
 10
1717.0
 20
330.79999999999995
 10
1724.0
 20
330.79999999999995
 10
1724.0
 20
332.99999999999994
 10
1717.0
 20
332.99999999999994
 97
0
 75
0
 76
1
 98
0
  0
HATCH
  5
2B9
330
17
100
AcDbEntity
  8
SARR_2.2x7
100
AcDbHatch
 10
0.0
 20
0.0
 30
0.0
210
0.0
220
0.0
230
1.0
  2
ANSI31
 70
0
 71
0
 91
1
 92
3
 72
0
 73
1
 93
4
 10
1717.0
 20
330.79999999999995
 10
1724.0
 20
330.79999999999995
 10
1724.0
 20
332.99999999999994
 10
1717.0
 20
332.99999999999994
 97
0
 75
1
 76
1
 52
270.0
 41
0.5
 77
0
 78
1
 53
315.0
 43
-0.0
 44
-0.0
 45
1.1225320152
 46
1.1225320151
 79
0
 98
0
  0
LWPOLYLINE
  5
2BA
330
17
100
AcDbEntity
  8
CHAPA
 62
1
100
AcDbPolyline
 90
4
 70
1
 10
1686.6
 20
312.8
 10
1688.6
 20
312.8
 10
1688.6
 20
314.8
 10
1686.6
 20
314.8
  0
HATCH
  5
2BB
330
17
100
AcDbEntity
  8
CHAPA
 62
1
100
AcDbHatch
 10
0.0
 20
0.0
 30
0.0
210
0.0
220
0.0
230
1.0
  2
SOLID
 70
1
 71
0
 91
1
 92
3
 72
0
 73
1
 93
4
 10
1686.6
 20
312.8
 10
1688.6
 20
312.8
 10
1688.6
 20
314.8
 10
1686.6
 20
314.8
 97
0
 75
0
 76
1
 98
0
  0
LWPOLYLINE
  5
2BC
330
17
100
AcDbEntity
  8
CHAPA
 62
1
100
AcDbPolyline
 90
4
 70
1
 10
1717.0
 20
312.8
 10
1719.0
 20
312.8
 10
1719.0
 20
314.8
 10
1717.0
 20
314.8
  0
HATCH
  5
2BD
330
17
100
AcDbEntity
  8
CHAPA
 62
1
100
AcDbHatch
 10
0.0
 20
0.0
 30
0.0
210
0.0
220
0.0
230
1.0
  2
SOLID
 70
1
 71
0
 91
1
 92
3
 72
0
 73
1
 93
4
 10
1717.0
 20
312.8
 10
1719.0
 20
312.8
 10
1719.0
 20
314.8
 10
1717.0
 20
314.8
 97
0
 75
0
 76
1
 98
0
  0
LWPOLYLINE
  5
2BE
330
17
100
AcDbEntity
  8
CHAPA
 62
1
100
AcDbPolyline
 90
4
 70
1
 10
1717.0
 20
335.2
 10
1719.0
 20
335.2
 10
1719.0
 20
337.2
 10
1717.0
 20
337.2
  0
HATCH
  5
2BF
330
17
100
AcDbEntity
  8
CHAPA
 62
1
100
AcDbHatch
 10
0.0
 20
0.0
 30
0.0
210
0.0
220
0.0
230
1.0
  2
SOLID
 70
1
 71
0
 91
1
 92
3
 72
0
 73
1
 93
4
 10
1717.0
 20
335.2
 10
1719.0
 20
335.2
 10
1719.0
 20
337.2
 10
1717.0
 20
337.2
 97
0
 75
0
 76
1
 98
0
  0
LWPOLYLINE
  5
2C0
330
17
100
AcDbEntity
  8
CHAPA
 62
1
100
AcDbPolyline
 90
4
 70
1
 10
1686.6
 20
335.2
 10
1688.6
 20
335.2
 10
1688.6
 20
337.2
 10
1686.6
 20
337.2
  0
HATCH
  5
2C1
330
17
100
AcDbEntity
  8
CHAPA
 62
1
100
AcDbHatch
 10
0.0
 20
0.0
 30
0.0
210
0.0
220
0.0
230
1.0
  2
SOLID
 70
1
 71
0
 91
1
 92
3
 72
0
 73
1
 93
4
 10
1686.6
 20
335.2
 10
1688.6
 20
335.2
 10
1688.6
 20
337.2
 10
1686.6
 20
337.2
 97
0
 75
0
 76
1
 98
0
  0
TEXT
  5
2C2
330
17
100
AcDbEntity
  8
Texto Secao
 62
2
100
AcDbText
 10
1702.8
 20
304.8
 30
0.0
 40
4.0
  1
A
 72
1
 11
1702.8
 21
304.8
 31
0.0
100
AcDbText
 73
3
  0
TEXT
  5
2C3
330
17
100
AcDbEntity
  8
Texto Secao
 62
2
100
AcDbText
 10
1702.8
 20
345.2
 30
0.0
 40
4.0
  1
C
 72
1
 11
1702.8
 21
345.2
 31
0.0
100
AcDbText
 73
1
  0
TEXT
  5
2C4
330
17
100
AcDbEntity
  8
Texto Secao
 62
2
100
AcDbText
 10
1678.6
 20
325.0
 30
0.0
 40
4.0
  1
D
 72
2
 11
1678.6
 21
325.0
 31
0.0
100
AcDbText
 73
2
  0
TEXT
  5
2C5
330
17
100
AcDbEntity
  8
Texto Secao
 62
2
100
AcDbText
 10
1727.0
 20
325.0
 30
0.0
 40
4.0
  1
B
 11
1727.0
 21
325.0
 31
0.0
100
AcDbText
 73
2
  0
TEXT
  5
2C6
330
17
100
AcDbEntity
  8
Cota Secao (2x)
 62
4
100
AcDbText
 10
1702.8
 20
295.8
 30
0.0
 40
3.4
  1
24x16cm
 72
1
 11
1702.8
 21
295.8
 31
0.0
100
AcDbText
 73
3
  0
TEXT
  5
2C7
330
17
100
AcDbEntity
  8
Texto Secao
 62
2
100
AcDbText
 10
1702.8
 20
354.2
 30
0.0
 40
4.0
  1
VISAO DE CIMA
 72
1
 11
1702.8
 21
354.2
 31
0.0
100
AcDbText
 73
1
  0
LWPOLYLINE
  5
2C8
330
17
100
AcDbEntity
  8
Paineis
100
AcDbPolyline
 90
4
 70
1
 10
1756.0
 20
55.0
 10
1780.0
 20
55.0
 10
1780.0
 20
301.0
 10
1756.0
 20
301.0
  0
HATCH
  5
2C9
330
17
100
AcDbEntity
  8
Hachura
100
AcDbHatch
 10
0.0
 20
0.0
 30
0.0
210
0.0
220
0.0
230
1.0
  2
SOLID
 70
1
 71
0
 91
1
 92
3
 72
0
 73
1
 93
4
 10
1756.0
 20
55.0
 10
1780.0
 20
55.0
 10
1780.0
 20
301.0
 10
1756.0
 20
301.0
 97
0
 75
0
 76
1
 98
0
  0
HATCH
  5
2CA
330
17
100
AcDbEntity
  8
Hachura
100
AcDbHatch
 10
0.0
 20
0.0
 30
0.0
210
0.0
220
0.0
230
1.0
  2
ANSI31
 70
0
 71
0
 91
1
 92
3
 72
0
 73
1
 93
4
 10
1756.0
 20
55.0
 10
1780.0
 20
55.0
 10
1780.0
 20
301.0
 10
1756.0
 20
301.0
 97
0
 75
1
 76
1
 52
0.0
 41
5.0
 77
0
 78
1
 53
45.0
 43
0.0
 44
0.0
 45
-11.2253201515
 46
11.2253201515
 79
0
 98
0
  0
LWPOLYLINE
  5
2CB
330
17
100
AcDbEntity
  8
Paineis
100
AcDbPolyline
 90
4
 70
1
 10
1756.0
 20
301.0
 10
1780.0
 20
301.0
 10
1780.0
 20
335.0
 10
1756.0
 20
335.0
  0
HATCH
  5
2CC
330
17
100
AcDbEntity
  8
Hachura
100
AcDbHatch
 10
0.0
 20
0.0
 30
0.0
210
0.0
220
0.0
230
1.0
  2
SOLID
 70
1
 71
0
 91
1
 92
3
 72
0
 73
1
 93
4
 10
1756.0
 20
301.0
 10
1780.0
 20
301.0
 10
1780.0
 20
335.0
 10
1756.0
 20
335.0
 97
0
 75
0
 76
1
 98
0
  0
HATCH
  5
2CD
330
17
100
AcDbEntity
  8
Hachura
100
AcDbHatch
 10
0.0
 20
0.0
 30
0.0
210
0.0
220
0.0
230
1.0
  2
ANSI31
 70
0
 71
0
 91
1
 92
3
 72
0
 73
1
 93
4
 10
1756.0
 20
301.0
 10
1780.0
 20
301.0
 10
1780.0
 20
335.0
 10
1756.0
 20
335.0
 97
0
 75
1
 76
1
 52
0.0
 41
2.5
 77
0
 78
1
 53
45.0
 43
0.0
 44
0.0
 45
-5.6126600758
 46
5.6126600758
 79
0
 98
0
  0
LINE
  5
2CE
330
17
100
AcDbEntity
  8
Paineis
100
AcDbLine
 10
1756.0
 20
299.0
 30
0.0
 11
1780.0
 21
299.0
 31
0.0
  0
LINE
  5
2CF
330
17
100
AcDbEntity
  8
Paineis
100
AcDbLine
 10
1756.0
 20
57.0
 30
0.0
 11
1780.0
 21
57.0
 31
0.0
  0
LINE
  5
2D0
330
17
100
AcDbEntity
  8
SARR_2.2x7
  6
HIDDEN
 48
30.0
100
AcDbLine
 10
1757.1
 20
55.0
 30
0.0
 11
1757.1
 21
335.0
 31
0.0
  0
LINE
  5
2D1
330
17
100
AcDbEntity
  8
SARR_2.2x7
  6
HIDDEN
 48
30.0
100
AcDbLine
 10
1778.9
 20
55.0
 30
0.0
 11
1778.9
 21
335.0
 31
0.0
  0
TEXT
  5
2D2
330
17
100
AcDbEntity
  8
Texto Secao
 62
2
100
AcDbText
 10
1768.0
 20
47.0
 30
0.0
 40
4.5
  1
P16.A
 50
90.0
100
AcDbText
  0
LWPOLYLINE
  5
2D3
330
17
100
AcDbEntity
  8
Paineis
100
AcDbPolyline
 90
4
 70
1
 10
1788.0
 20
55.0
 10
1804.0
 20
55.0
 10
1804.0
 20
301.0
 10
1788.0
 20
301.0
  0
HATCH
  5
2D4
330
17
100
AcDbEntity
  8
Hachura
100
AcDbHatch
 10
0.0
 20
0.0
 30
0.0
210
0.0
220
0.0
230
1.0
  2
SOLID
 70
1
 71
0
 91
1
 92
3
 72
0
 73
1
 93
4
 10
1788.0
 20
55.0
 10
1804.0
 20
55.0
 10
1804.0
 20
301.0
 10
1788.0
 20
301.0
 97
0
 75
0
 76
1
 98
0
  0
HATCH
  5
2D5
330
17
100
AcDbEntity
  8
Hachura
100
AcDbHatch
 10
0.0
 20
0.0
 30
0.0
210
0.0
220
0.0
230
1.0
  2
ANSI31
 70
0
 71
0
 91
1
 92
3
 72
0
 73
1
 93
4
 10
1788.0
 20
55.0
 10
1804.0
 20
55.0
 10
1804.0
 20
301.0
 10
1788.0
 20
301.0
 97
0
 75
1
 76
1
 52
0.0
 41
5.0
 77
0
 78
1
 53
45.0
 43
0.0
 44
0.0
 45
-11.2253201515
 46
11.2253201515
 79
0
 98
0
  0
LWPOLYLINE
  5
2D6
330
17
100
AcDbEntity
  8
Paineis
100
AcDbPolyline
 90
4
 70
1
 10
1788.0
 20
301.0
 10
1804.0
 20
301.0
 10
1804.0
 20
335.0
 10
1788.0
 20
335.0
  0
HATCH
  5
2D7
330
17
100
AcDbEntity
  8
Hachura
100
AcDbHatch
 10
0.0
 20
0.0
 30
0.0
210
0.0
220
0.0
230
1.0
  2
SOLID
 70
1
 71
0
 91
1
 92
3
 72
0
 73
1
 93
4
 10
1788.0
 20
301.0
 10
1804.0
 20
301.0
 10
1804.0
 20
335.0
 10
1788.0
 20
335.0
 97
0
 75
0
 76
1
 98
0
  0
HATCH
  5
2D8
330
17
100
AcDbEntity
  8
Hachura
100
AcDbHatch
 10
0.0
 20
0.0
 30
0.0
210
0.0
220
0.0
230
1.0
  2
ANSI31
 70
0
 71
0
 91
1
 92
3
 72
0
 73
1
 93
4
 10
1788.0
 20
301.0
 10
1804.0
 20
301.0
 10
1804.0
 20
335.0
 10
1788.0
 20
335.0
 97
0
 75
1
 76
1
 52
0.0
 41
2.5
 77
0
 78
1
 53
45.0
 43
0.0
 44
0.0
 45
-5.6126600758
 46
5.6126600758
 79
0
 98
0
  0
LINE
  5
2D9
330
17
100
AcDbEntity
  8
Paineis
100
AcDbLine
 10
1788.0
 20
299.0
 30
0.0
 11
1804.0
 21
299.0
 31
0.0
  0
LINE
  5
2DA
330
17
100
AcDbEntity
  8
Paineis
100
AcDbLine
 10
1788.0
 20
57.0
 30
0.0
 11
1804.0
 21
57.0
 31
0.0
  0
LINE
  5
2DB
330
17
100
AcDbEntity
  8
SARR_2.2x7
  6
HIDDEN
 48
30.0
100
AcDbLine
 10
1789.1
 20
55.0
 30
0.0
 11
1789.1
 21
335.0
 31
0.0
  0
LINE
  5
2DC
330
17
100
AcDbEntity
  8
SARR_2.2x7
  6
HIDDEN
 48
30.0
100
AcDbLine
 10
1802.9
 20
55.0
 30
0.0
 11
1802.9
 21
335.0
 31
0.0
  0
TEXT
  5
2DD
330
17
100
AcDbEntity
  8
Texto Secao
 62
2
100
AcDbText
 10
1796.0
 20
47.0
 30
0.0
 40
4.5
  1
P16.B
 50
90.0
100
AcDbText
  0
LWPOLYLINE
  5
2DE
330
17
100
AcDbEntity
  8
Paineis
100
AcDbPolyline
 90
4
 70
1
 10
1812.0
 20
55.0
 10
1836.0
 20
55.0
 10
1836.0
 20
301.0
 10
1812.0
 20
301.0
  0
HATCH
  5
2DF
330
17
100
AcDbEntity
  8
Hachura
100
AcDbHatch
 10
0.0
 20
0.0
 30
0.0
210
0.0
220
0.0
230
1.0
  2
SOLID
 70
1
 71
0
 91
1
 92
3
 72
0
 73
1
 93
4
 10
1812.0
 20
55.0
 10
1836.0
 20
55.0
 10
1836.0
 20
301.0
 10
1812.0
 20
301.0
 97
0
 75
0
 76
1
 98
0
  0
HATCH
  5
2E0
330
17
100
AcDbEntity
  8
Hachura
100
AcDbHatch
 10
0.0
 20
0.0
 30
0.0
210
0.0
220
0.0
230
1.0
  2
ANSI31
 70
0
 71
0
 91
1
 92
3
 72
0
 73
1
 93
4
 10
1812.0
 20
55.0
 10
1836.0
 20
55.0
 10
1836.0
 20
301.0
 10
1812.0
 20
301.0
 97
0
 75
1
 76
1
 52
0.0
 41
5.0
 77
0
 78
1
 53
45.0
 43
0.0
 44
0.0
 45
-11.2253201515
 46
11.2253201515
 79
0
 98
0
  0
LWPOLYLINE
  5
2E1
330
17
100
AcDbEntity
  8
Paineis
100
AcDbPolyline
 90
4
 70
1
 10
1812.0
 20
301.0
 10
1836.0
 20
301.0
 10
1836.0
 20
335.0
 10
1812.0
 20
335.0
  0
HATCH
  5
2E2
330
17
100
AcDbEntity
  8
Hachura
100
AcDbHatch
 10
0.0
 20
0.0
 30
0.0
210
0.0
220
0.0
230
1.0
  2
SOLID
 70
1
 71
0
 91
1
 92
3
 72
0
 73
1
 93
4
 10
1812.0
 20
301.0
 10
1836.0
 20
301.0
 10
1836.0
 20
335.0
 10
1812.0
 20
335.0
 97
0
 75
0
 76
1
 98
0
  0
HATCH
  5
2E3
330
17
100
AcDbEntity
  8
Hachura
100
AcDbHatch
 10
0.0
 20
0.0
 30
0.0
210
0.0
220
0.0
230
1.0
  2
ANSI31
 70
0
 71
0
 91
1
 92
3
 72
0
 73
1
 93
4
 10
1812.0
 20
301.0
 10
1836.0
 20
301.0
 10
1836.0
 20
335.0
 10
1812.0
 20
335.0
 97
0
 75
1
 76
1
 52
0.0
 41
2.5
 77
0
 78
1
 53
45.0
 43
0.0
 44
0.0
 45
-5.6126600758
 46
5.6126600758
 79
0
 98
0
  0
LINE
  5
2E4
330
17
100
AcDbEntity
  8
Paineis
100
AcDbLine
 10
1812.0
 20
299.0
 30
0.0
 11
1836.0
 21
299.0
 31
0.0
  0
LINE
  5
2E5
330
17
100
AcDbEntity
  8
Paineis
100
AcDbLine
 10
1812.0
 20
57.0
 30
0.0
 11
1836.0
 21
57.0
 31
0.0
  0
LINE
  5
2E6
330
17
100
AcDbEntity
  8
SARR_2.2x7
  6
HIDDEN
 48
30.0
100
AcDbLine
 10
1813.1
 20
55.0
 30
0.0
 11
1813.1
 21
335.0
 31
0.0
  0
LINE
  5
2E7
330
17
100
AcDbEntity
  8
SARR_2.2x7
  6
HIDDEN
 48
30.0
100
AcDbLine
 10
1834.9
 20
55.0
 30
0.0
 11
1834.9
 21
335.0
 31
0.0
  0
TEXT
  5
2E8
330
17
100
AcDbEntity
  8
Texto Secao
 62
2
100
AcDbText
 10
1824.0
 20
47.0
 30
0.0
 40
4.5
  1
P16.C
 50
90.0
100
AcDbText
  0
LWPOLYLINE
  5
2E9
330
17
100
AcDbEntity
  8
Paineis
100
AcDbPolyline
 90
4
 70
1
 10
1844.0
 20
55.0
 10
1860.0
 20
55.0
 10
1860.0
 20
301.0
 10
1844.0
 20
301.0
  0
HATCH
  5
2EA
330
17
100
AcDbEntity
  8
Hachura
100
AcDbHatch
 10
0.0
 20
0.0
 30
0.0
210
0.0
220
0.0
230
1.0
  2
SOLID
 70
1
 71
0
 91
1
 92
3
 72
0
 73
1
 93
4
 10
1844.0
 20
55.0
 10
1860.0
 20
55.0
 10
1860.0
 20
301.0
 10
1844.0
 20
301.0
 97
0
 75
0
 76
1
 98
0
  0
HATCH
  5
2EB
330
17
100
AcDbEntity
  8
Hachura
100
AcDbHatch
 10
0.0
 20
0.0
 30
0.0
210
0.0
220
0.0
230
1.0
  2
ANSI31
 70
0
 71
0
 91
1
 92
3
 72
0
 73
1
 93
4
 10
1844.0
 20
55.0
 10
1860.0
 20
55.0
 10
1860.0
 20
301.0
 10
1844.0
 20
301.0
 97
0
 75
1
 76
1
 52
0.0
 41
5.0
 77
0
 78
1
 53
45.0
 43
0.0
 44
0.0
 45
-11.2253201515
 46
11.2253201515
 79
0
 98
0
  0
LWPOLYLINE
  5
2EC
330
17
100
AcDbEntity
  8
Paineis
100
AcDbPolyline
 90
4
 70
1
 10
1844.0
 20
301.0
 10
1860.0
 20
301.0
 10
1860.0
 20
335.0
 10
1844.0
 20
335.0
  0
HATCH
  5
2ED
330
17
100
AcDbEntity
  8
Hachura
100
AcDbHatch
 10
0.0
 20
0.0
 30
0.0
210
0.0
220
0.0
230
1.0
  2
SOLID
 70
1
 71
0
 91
1
 92
3
 72
0
 73
1
 93
4
 10
1844.0
 20
301.0
 10
1860.0
 20
301.0
 10
1860.0
 20
335.0
 10
1844.0
 20
335.0
 97
0
 75
0
 76
1
 98
0
  0
HATCH
  5
2EE
330
17
100
AcDbEntity
  8
Hachura
100
AcDbHatch
 10
0.0
 20
0.0
 30
0.0
210
0.0
220
0.0
230
1.0
  2
ANSI31
 70
0
 71
0
 91
1
 92
3
 72
0
 73
1
 93
4
 10
1844.0
 20
301.0
 10
1860.0
 20
301.0
 10
1860.0
 20
335.0
 10
1844.0
 20
335.0
 97
0
 75
1
 76
1
 52
0.0
 41
2.5
 77
0
 78
1
 53
45.0
 43
0.0
 44
0.0
 45
-5.6126600758
 46
5.6126600758
 79
0
 98
0
  0
LINE
  5
2EF
330
17
100
AcDbEntity
  8
Paineis
100
AcDbLine
 10
1844.0
 20
299.0
 30
0.0
 11
1860.0
 21
299.0
 31
0.0
  0
LINE
  5
2F0
330
17
100
AcDbEntity
  8
Paineis
100
AcDbLine
 10
1844.0
 20
57.0
 30
0.0
 11
1860.0
 21
57.0
 31
0.0
  0
LINE
  5
2F1
330
17
100
AcDbEntity
  8
SARR_2.2x7
  6
HIDDEN
 48
30.0
100
AcDbLine
 10
1845.1
 20
55.0
 30
0.0
 11
1845.1
 21
335.0
 31
0.0
  0
LINE
  5
2F2
330
17
100
AcDbEntity
  8
SARR_2.2x7
  6
HIDDEN
 48
30.0
100
AcDbLine
 10
1858.9
 20
55.0
 30
0.0
 11
1858.9
 21
335.0
 31
0.0
  0
TEXT
  5
2F3
330
17
100
AcDbEntity
  8
Texto Secao
 62
2
100
AcDbText
 10
1852.0
 20
47.0
 30
0.0
 40
4.5
  1
P16.D
 50
90.0
100
AcDbText
  0
LINE
  5
2F4
330
17
100
AcDbEntity
  8
COTA
 62
8
100
AcDbLine
 10
1868.0
 20
55.0
 30
0.0
 11
1868.0
 21
335.0
 31
0.0
  0
LINE
  5
2F5
330
17
100
AcDbEntity
  8
COTA
 62
8
100
AcDbLine
 10
1866.0
 20
55.0
 30
0.0
 11
1870.0
 21
55.0
 31
0.0
  0
LINE
  5
2F6
330
17
100
AcDbEntity
  8
COTA
 62
8
100
AcDbLine
 10
1866.0
 20
57.0
 30
0.0
 11
1870.0
 21
57.0
 31
0.0
  0
TEXT
  5
2F7
330
17
100
AcDbEntity
  8
COTA
 62
8
100
AcDbText
 10
1873.0
 20
56.0
 30
0.0
 40
3.0
  1
h1=2
100
AcDbText
  0
LINE
  5
2F8
330
17
100
AcDbEntity
  8
COTA
 62
8
100
AcDbLine
 10
1866.0
 20
57.0
 30
0.0
 11
1870.0
 21
57.0
 31
0.0
  0
LINE
  5
2F9
330
17
100
AcDbEntity
  8
COTA
 62
8
100
AcDbLine
 10
1866.0
 20
301.0
 30
0.0
 11
1870.0
 21
301.0
 31
0.0
  0
TEXT
  5
2FA
330
17
100
AcDbEntity
  8
COTA
 62
8
100
AcDbText
 10
1873.0
 20
179.0
 30
0.0
 40
3.0
  1
h2=244
100
AcDbText
  0
LINE
  5
2FB
330
17
100
AcDbEntity
  8
COTA
 62
8
100
AcDbLine
 10
1866.0
 20
301.0
 30
0.0
 11
1870.0
 21
301.0
 31
0.0
  0
LINE
  5
2FC
330
17
100
AcDbEntity
  8
COTA
 62
8
100
AcDbLine
 10
1866.0
 20
335.0
 30
0.0
 11
1870.0
 21
335.0
 31
0.0
  0
TEXT
  5
2FD
330
17
100
AcDbEntity
  8
COTA
 62
8
100
AcDbText
 10
1873.0
 20
318.0
 30
0.0
 40
3.0
  1
h3=34
100
AcDbText
  0
TEXT
  5
2FE
330
17
100
AcDbEntity
  8
COTA
 62
8
100
AcDbText
 10
1873.0
 20
338.0
 30
0.0
 40
3.5
  1
TOTAL=280
100
AcDbText
  0
LINE
  5
2FF
330
17
100
AcDbEntity
  8
Nivel
 62
4
100
AcDbLine
 10
1661.6
 20
55.0
 30
0.0
 11
1873.0
 21
55.0
 31
0.0
  0
LINE
  5
300
330
17
100
AcDbEntity
  8
Nivel
 62
4
100
AcDbLine
 10
1660.6
 20
60.0
 30
0.0
 11
1663.6
 21
55.0
 31
0.0
  0
LINE
  5
301
330
17
100
AcDbEntity
  8
Nivel
 62
4
100
AcDbLine
 10
1666.6
 20
60.0
 30
0.0
 11
1663.6
 21
55.0
 31
0.0
  0
TEXT
  5
302
330
17
100
AcDbEntity
  8
Nivel
 62
4
100
AcDbText
 10
1668.6
 20
56.0
 30
0.0
 40
4.0
  1
1o PAV.
100
AcDbText
  0
LINE
  5
303
330
17
100
AcDbEntity
  8
Nivel
 62
4
100
AcDbLine
 10
1661.6
 20
301.0
 30
0.0
 11
1873.0
 21
301.0
 31
0.0
  0
LINE
  5
304
330
17
100
AcDbEntity
  8
Nivel
 62
4
100
AcDbLine
 10
1660.6
 20
306.0
 30
0.0
 11
1663.6
 21
301.0
 31
0.0
  0
LINE
  5
305
330
17
100
AcDbEntity
  8
Nivel
 62
4
100
AcDbLine
 10
1666.6
 20
306.0
 30
0.0
 11
1663.6
 21
301.0
 31
0.0
  0
TEXT
  5
306
330
17
100
AcDbEntity
  8
Nivel
 62
4
100
AcDbText
 10
1668.6
 20
302.0
 30
0.0
 40
4.0
  1
2o PAV.
100
AcDbText
  0
LWPOLYLINE
  5
307
330
17
100
AcDbEntity
  8
CARIMBO
 62
40
100
AcDbPolyline
 90
4
 70
1
 10
1659.6
 20
0.0
 10
1897.0
 20
0.0
 10
1897.0
 20
40.0
 10
1659.6
 20
40.0
  0
LINE
  5
308
330
17
100
AcDbEntity
  8
CARIMBO
 62
40
100
AcDbLine
 10
1659.6
 20
10.0
 30
0.0
 11
1897.0
 21
10.0
 31
0.0
  0
LINE
  5
309
330
17
100
AcDbEntity
  8
CARIMBO
 62
40
100
AcDbLine
 10
1659.6
 20
20.0
 30
0.0
 11
1897.0
 21
20.0
 31
0.0
  0
LINE
  5
30A
330
17
100
AcDbEntity
  8
CARIMBO
 62
40
100
AcDbLine
 10
1659.6
 20
30.0
 30
0.0
 11
1897.0
 21
30.0
 31
0.0
  0
LINE
  5
30B
330
17
100
AcDbEntity
  8
CARIMBO
 62
40
100
AcDbLine
 10
1742.6899999999998
 20
0.0
 30
0.0
 11
1742.6899999999998
 21
40.0
 31
0.0
  0
TEXT
  5
30C
330
17
100
AcDbEntity
  8
CARIMBO
 62
9
100
AcDbText
 10
1662.6
 20
35.0
 30
0.0
 40
3.0
  1
CLIENTE:
100
AcDbText
  0
TEXT
  5
30D
330
17
100
AcDbEntity
  8
TEXTO_GERAL
 62
2
100
AcDbText
 10
1745.6899999999998
 20
35.0
 30
0.0
 40
3.0
  1
ALIMONTI
100
AcDbText
  0
TEXT
  5
30E
330
17
100
AcDbEntity
  8
CARIMBO
 62
9
100
AcDbText
 10
1662.6
 20
25.0
 30
0.0
 40
3.0
  1
OBRA:
100
AcDbText
  0
TEXT
  5
30F
330
17
100
AcDbEntity
  8
TEXTO_GERAL
 62
2
100
AcDbText
 10
1745.6899999999998
 20
25.0
 30
0.0
 40
3.0
  1
Obra_TREINO_1
100
AcDbText
  0
TEXT
  5
310
330
17
100
AcDbEntity
  8
CARIMBO
 62
9
100
AcDbText
 10
1662.6
 20
15.0
 30
0.0
 40
3.0
  1
PAVIMENTO:
100
AcDbText
  0
TEXT
  5
311
330
17
100
AcDbEntity
  8
TEXTO_GERAL
 62
2
100
AcDbText
 10
1745.6899999999998
 20
15.0
 30
0.0
 40
3.0
  1
TERREO
100
AcDbText
  0
TEXT
  5
312
330
17
100
AcDbEntity
  8
CARIMBO
 62
9
100
AcDbText
 10
1662.6
 20
5.0
 30
0.0
 40
3.0
  1
PROJETO:
100
AcDbText
  0
TEXT
  5
313
330
17
100
AcDbEntity
  8
TEXTO_GERAL
 62
2
100
AcDbText
 10
1745.6899999999998
 20
5.0
 30
0.0
 40
3.0
  1
PILARES
100
AcDbText
  0
TEXT
  5
314
330
17
100
AcDbEntity
  8
LABEL_ID
 62
3
100
AcDbText
 10
1882.0
 20
5.0
 30
0.0
 40
8.0
  1
05
100
AcDbText
  0
LWPOLYLINE
  5
315
330
17
100
AcDbEntity
  8
BORDA_CELULA
 62
9
100
AcDbPolyline
 90
4
 70
1
 10
0.0
 20
425.0
 10
243.4
 20
425.0
 10
243.4
 20
830.0
 10
0.0
 20
830.0
  0
TEXT
  5
316
330
17
100
AcDbEntity
  8
TEXTO_GERAL
 62
2
100
AcDbText
 10
233.4
 20
825.0
 30
0.0
 40
3.0
  1
TÉRREO - PD: 280.00
 72
2
 11
233.4
 21
825.0
 31
0.0
100
AcDbText
  0
TEXT
  5
317
330
17
100
AcDbEntity
  8
TEXTO_GERAL
 62
2
100
AcDbText
 10
233.4
 20
820.0
 30
0.0
 40
3.0
  1
NIVEL DE SAIDA: 280.00
 72
2
 11
233.4
 21
820.0
 31
0.0
100
AcDbText
  0
TEXT
  5
318
330
17
100
AcDbEntity
  8
TEXTO_GERAL
 62
2
100
AcDbText
 10
233.4
 20
815.0
 30
0.0
 40
3.0
  1
NIVEL DE CHEGADA: 0.00
 72
2
 11
233.4
 21
815.0
 31
0.0
100
AcDbText
  0
TEXT
  5
319
330
17
100
AcDbEntity
  8
NOMENCLATURA
 62
1
100
AcDbText
 10
20.0
 20
818.0
 30
0.0
 40
10.0
  1
P17
100
AcDbText
  0
LWPOLYLINE
  5
31A
330
17
100
AcDbEntity
  8
CONCRETO
 62
4
100
AcDbPolyline
 90
4
 70
1
 10
31.200000000000003
 20
737.5000000000001
 10
55.2
 20
737.5000000000001
 10
55.2
 20
756.5000000000001
 10
31.200000000000003
 20
756.5000000000001
  0
HATCH
  5
31B
330
17
100
AcDbEntity
  8
COTA
100
AcDbHatch
 10
0.0
 20
0.0
 30
0.0
210
0.0
220
0.0
230
1.0
  2
AR-CONC
 70
0
 71
0
 91
1
 92
3
 72
0
 73
1
 93
4
 10
31.200000000000003
 20
737.5000000000001
 10
55.2
 20
737.5000000000001
 10
55.2
 20
756.5000000000001
 10
31.200000000000003
 20
756.5000000000001
 97
0
 75
1
 76
1
 52
0.0
 41
0.03
 77
0
 78
13
 53
50.0
 43
0.0
 44
0.0
 45
5.4655400699
 46
-0.4781725662
 79
2
 49
0.5715
 49
-6.2865
 53
355.0
 43
0.0
 44
0.0
 45
-1.0573026428
 46
5.7317053572
 79
2
 49
0.4572
 49
-5.0292175251
 53
100.4514447
 43
0.45546021
 44
-0.039847605
 45
4.4082374127
 46
5.2535325574
 79
2
 49
0.485700264
 49
-5.342707338
 53
46.1842
 43
0.0
 44
1.524
 45
8.1323712268
 46
-1.261269838
 79
2
 49
0.85725
 49
-9.42975
 53
96.63555761
 43
0.677697
 44
1.418895
 45
7.1221240215
 46
7.4227837379
 79
2
 49
0.7285506942
 49
-8.0140682448
 53
351.18415117
 43
0.0
 44
1.524
 45
7.1221240219
 46
7.4227837376
 79
2
 49
0.6857990121
 49
-7.5437919576
 53
21.0
 43
0.762
 44
1.143
 45
4.5484317381
 46
-3.0679559456
 79
2
 49
0.5715
 49
-6.2865
 53
326.0
 43
0.762
 44
1.143
 45
1.8540608504
 46
5.5256389837
 79
2
 49
0.4572
 49
-5.0292
 53
71.451445
 43
1.141035978
 44
0.887337003
 45
6.4024925784
 46
2.4576830666
 79
2
 49
0.485700264
 49
-5.342698128
 53
37.5
 43
0.0
 44
0.0
 45
0.0926580975
 46
2.5366511662
 79
6
 49
0.0
 49
-4.96824
 49
0.0
 49
-5.1054
 49
0.0
 49
-5.04825
 53
7.5
 43
0.0
 44
0.0
 45
2.0045898753
 46
3.0054172445
 79
6
 49
0.0
 49
-2.91084
 49
0.0
 49
-4.85394
 49
0.0
 49
-1.92405
 53
-32.5
 43
-1.69926
 44
0.0
 45
4.067717855
 46
-0.1718623198
 79
6
 49
0.0
 49
-1.905
 49
0.0
 49
-5.9436
 49
0.0
 49
-7.8867
 53
-42.5
 43
-2.46126
 44
0.0
 45
4.4438754416
 46
0.762794731
 79
6
 49
0.0
 49
-2.4765
 49
0.0
 49
-3.94716
 49
0.0
 49
-5.6007
 98
0
  0
LWPOLYLINE
  5
31C
330
17
100
AcDbEntity
  8
Paineis
100
AcDbPolyline
 90
4
 70
1
 10
31.200000000000003
 20
735.3000000000001
 10
55.2
 20
735.3000000000001
 10
55.2
 20
737.5000000000001
 10
31.200000000000003
 20
737.5000000000001
  0
HATCH
  5
31D
330
17
100
AcDbEntity
  8
Paineis
100
AcDbHatch
 10
0.0
 20
0.0
 30
0.0
210
0.0
220
0.0
230
1.0
  2
SOLID
 70
1
 71
0
 91
1
 92
3
 72
0
 73
1
 93
4
 10
31.200000000000003
 20
735.3000000000001
 10
55.2
 20
735.3000000000001
 10
55.2
 20
737.5000000000001
 10
31.200000000000003
 20
737.5000000000001
 97
0
 75
0
 76
1
 98
0
  0
HATCH
  5
31E
330
17
100
AcDbEntity
  8
Paineis
100
AcDbHatch
 10
0.0
 20
0.0
 30
0.0
210
0.0
220
0.0
230
1.0
  2
ANSI31
 70
0
 71
0
 91
1
 92
3
 72
0
 73
1
 93
4
 10
31.200000000000003
 20
735.3000000000001
 10
55.2
 20
735.3000000000001
 10
55.2
 20
737.5000000000001
 10
31.200000000000003
 20
737.5000000000001
 97
0
 75
1
 76
1
 52
270.0
 41
0.5
 77
0
 78
1
 53
315.0
 43
-0.0
 44
-0.0
 45
1.1225320152
 46
1.1225320151
 79
0
 98
0
  0
LWPOLYLINE
  5
31F
330
17
100
AcDbEntity
  8
Paineis
100
AcDbPolyline
 90
4
 70
1
 10
31.200000000000003
 20
756.5000000000001
 10
55.2
 20
756.5000000000001
 10
55.2
 20
758.7000000000002
 10
31.200000000000003
 20
758.7000000000002
  0
HATCH
  5
320
330
17
100
AcDbEntity
  8
Paineis
100
AcDbHatch
 10
0.0
 20
0.0
 30
0.0
210
0.0
220
0.0
230
1.0
  2
SOLID
 70
1
 71
0
 91
1
 92
3
 72
0
 73
1
 93
4
 10
31.200000000000003
 20
756.5000000000001
 10
55.2
 20
756.5000000000001
 10
55.2
 20
758.7000000000002
 10
31.200000000000003
 20
758.7000000000002
 97
0
 75
0
 76
1
 98
0
  0
HATCH
  5
321
330
17
100
AcDbEntity
  8
Paineis
100
AcDbHatch
 10
0.0
 20
0.0
 30
0.0
210
0.0
220
0.0
230
1.0
  2
ANSI31
 70
0
 71
0
 91
1
 92
3
 72
0
 73
1
 93
4
 10
31.200000000000003
 20
756.5000000000001
 10
55.2
 20
756.5000000000001
 10
55.2
 20
758.7000000000002
 10
31.200000000000003
 20
758.7000000000002
 97
0
 75
1
 76
1
 52
270.0
 41
0.5
 77
0
 78
1
 53
315.0
 43
-0.0
 44
-0.0
 45
1.1225320152
 46
1.1225320151
 79
0
 98
0
  0
LWPOLYLINE
  5
322
330
17
100
AcDbEntity
  8
Paineis
100
AcDbPolyline
 90
4
 70
1
 10
29.000000000000004
 20
737.5000000000001
 10
31.200000000000003
 20
737.5000000000001
 10
31.200000000000003
 20
756.5000000000001
 10
29.000000000000004
 20
756.5000000000001
  0
HATCH
  5
323
330
17
100
AcDbEntity
  8
Paineis
100
AcDbHatch
 10
0.0
 20
0.0
 30
0.0
210
0.0
220
0.0
230
1.0
  2
SOLID
 70
1
 71
0
 91
1
 92
3
 72
0
 73
1
 93
4
 10
29.000000000000004
 20
737.5000000000001
 10
31.200000000000003
 20
737.5000000000001
 10
31.200000000000003
 20
756.5000000000001
 10
29.000000000000004
 20
756.5000000000001
 97
0
 75
0
 76
1
 98
0
  0
HATCH
  5
324
330
17
100
AcDbEntity
  8
Paineis
100
AcDbHatch
 10
0.0
 20
0.0
 30
0.0
210
0.0
220
0.0
230
1.0
  2
ANSI31
 70
0
 71
0
 91
1
 92
3
 72
0
 73
1
 93
4
 10
29.000000000000004
 20
737.5000000000001
 10
31.200000000000003
 20
737.5000000000001
 10
31.200000000000003
 20
756.5000000000001
 10
29.000000000000004
 20
756.5000000000001
 97
0
 75
1
 76
1
 52
270.0
 41
0.5
 77
0
 78
1
 53
315.0
 43
-0.0
 44
-0.0
 45
1.1225320152
 46
1.1225320151
 79
0
 98
0
  0
LWPOLYLINE
  5
325
330
17
100
AcDbEntity
  8
Paineis
100
AcDbPolyline
 90
4
 70
1
 10
55.2
 20
737.5000000000001
 10
57.400000000000006
 20
737.5000000000001
 10
57.400000000000006
 20
756.5000000000001
 10
55.2
 20
756.5000000000001
  0
HATCH
  5
326
330
17
100
AcDbEntity
  8
Paineis
100
AcDbHatch
 10
0.0
 20
0.0
 30
0.0
210
0.0
220
0.0
230
1.0
  2
SOLID
 70
1
 71
0
 91
1
 92
3
 72
0
 73
1
 93
4
 10
55.2
 20
737.5000000000001
 10
57.400000000000006
 20
737.5000000000001
 10
57.400000000000006
 20
756.5000000000001
 10
55.2
 20
756.5000000000001
 97
0
 75
0
 76
1
 98
0
  0
HATCH
  5
327
330
17
100
AcDbEntity
  8
Paineis
100
AcDbHatch
 10
0.0
 20
0.0
 30
0.0
210
0.0
220
0.0
230
1.0
  2
ANSI31
 70
0
 71
0
 91
1
 92
3
 72
0
 73
1
 93
4
 10
55.2
 20
737.5000000000001
 10
57.400000000000006
 20
737.5000000000001
 10
57.400000000000006
 20
756.5000000000001
 10
55.2
 20
756.5000000000001
 97
0
 75
1
 76
1
 52
270.0
 41
0.5
 77
0
 78
1
 53
315.0
 43
-0.0
 44
-0.0
 45
1.1225320152
 46
1.1225320151
 79
0
 98
0
  0
LWPOLYLINE
  5
328
330
17
100
AcDbEntity
  8
SARR_2.2x7
100
AcDbPolyline
 90
4
 70
1
 10
31.200000000000003
 20
728.3000000000001
 10
33.400000000000006
 20
728.3000000000001
 10
33.400000000000006
 20
735.3000000000001
 10
31.200000000000003
 20
735.3000000000001
  0
HATCH
  5
329
330
17
100
AcDbEntity
  8
SARR_2.2x7
100
AcDbHatch
 10
0.0
 20
0.0
 30
0.0
210
0.0
220
0.0
230
1.0
  2
SOLID
 70
1
 71
0
 91
1
 92
3
 72
0
 73
1
 93
4
 10
31.200000000000003
 20
728.3000000000001
 10
33.400000000000006
 20
728.3000000000001
 10
33.400000000000006
 20
735.3000000000001
 10
31.200000000000003
 20
735.3000000000001
 97
0
 75
0
 76
1
 98
0
  0
HATCH
  5
32A
330
17
100
AcDbEntity
  8
SARR_2.2x7
100
AcDbHatch
 10
0.0
 20
0.0
 30
0.0
210
0.0
220
0.0
230
1.0
  2
ANSI31
 70
0
 71
0
 91
1
 92
3
 72
0
 73
1
 93
4
 10
31.200000000000003
 20
728.3000000000001
 10
33.400000000000006
 20
728.3000000000001
 10
33.400000000000006
 20
735.3000000000001
 10
31.200000000000003
 20
735.3000000000001
 97
0
 75
1
 76
1
 52
270.0
 41
0.5
 77
0
 78
1
 53
315.0
 43
-0.0
 44
-0.0
 45
1.1225320152
 46
1.1225320151
 79
0
 98
0
  0
LWPOLYLINE
  5
32B
330
17
100
AcDbEntity
  8
SARR_2.2x7
100
AcDbPolyline
 90
4
 70
1
 10
53.00000000000001
 20
728.3000000000001
 10
55.20000000000001
 20
728.3000000000001
 10
55.20000000000001
 20
735.3000000000001
 10
53.00000000000001
 20
735.3000000000001
  0
HATCH
  5
32C
330
17
100
AcDbEntity
  8
SARR_2.2x7
100
AcDbHatch
 10
0.0
 20
0.0
 30
0.0
210
0.0
220
0.0
230
1.0
  2
SOLID
 70
1
 71
0
 91
1
 92
3
 72
0
 73
1
 93
4
 10
53.00000000000001
 20
728.3000000000001
 10
55.20000000000001
 20
728.3000000000001
 10
55.20000000000001
 20
735.3000000000001
 10
53.00000000000001
 20
735.3000000000001
 97
0
 75
0
 76
1
 98
0
  0
HATCH
  5
32D
330
17
100
AcDbEntity
  8
SARR_2.2x7
100
AcDbHatch
 10
0.0
 20
0.0
 30
0.0
210
0.0
220
0.0
230
1.0
  2
ANSI31
 70
0
 71
0
 91
1
 92
3
 72
0
 73
1
 93
4
 10
53.00000000000001
 20
728.3000000000001
 10
55.20000000000001
 20
728.3000000000001
 10
55.20000000000001
 20
735.3000000000001
 10
53.00000000000001
 20
735.3000000000001
 97
0
 75
1
 76
1
 52
270.0
 41
0.5
 77
0
 78
1
 53
315.0
 43
-0.0
 44
-0.0
 45
1.1225320152
 46
1.1225320151
 79
0
 98
0
  0
LWPOLYLINE
  5
32E
330
17
100
AcDbEntity
  8
SARR_2.2x7
100
AcDbPolyline
 90
4
 70
1
 10
31.200000000000003
 20
758.7000000000002
 10
33.400000000000006
 20
758.7000000000002
 10
33.400000000000006
 20
765.7000000000002
 10
31.200000000000003
 20
765.7000000000002
  0
HATCH
  5
32F
330
17
100
AcDbEntity
  8
SARR_2.2x7
100
AcDbHatch
 10
0.0
 20
0.0
 30
0.0
210
0.0
220
0.0
230
1.0
  2
SOLID
 70
1
 71
0
 91
1
 92
3
 72
0
 73
1
 93
4
 10
31.200000000000003
 20
758.7000000000002
 10
33.400000000000006
 20
758.7000000000002
 10
33.400000000000006
 20
765.7000000000002
 10
31.200000000000003
 20
765.7000000000002
 97
0
 75
0
 76
1
 98
0
  0
HATCH
  5
330
330
17
100
AcDbEntity
  8
SARR_2.2x7
100
AcDbHatch
 10
0.0
 20
0.0
 30
0.0
210
0.0
220
0.0
230
1.0
  2
ANSI31
 70
0
 71
0
 91
1
 92
3
 72
0
 73
1
 93
4
 10
31.200000000000003
 20
758.7000000000002
 10
33.400000000000006
 20
758.7000000000002
 10
33.400000000000006
 20
765.7000000000002
 10
31.200000000000003
 20
765.7000000000002
 97
0
 75
1
 76
1
 52
270.0
 41
0.5
 77
0
 78
1
 53
315.0
 43
-0.0
 44
-0.0
 45
1.1225320152
 46
1.1225320151
 79
0
 98
0
  0
LWPOLYLINE
  5
331
330
17
100
AcDbEntity
  8
SARR_2.2x7
100
AcDbPolyline
 90
4
 70
1
 10
53.00000000000001
 20
758.7000000000002
 10
55.20000000000001
 20
758.7000000000002
 10
55.20000000000001
 20
765.7000000000002
 10
53.00000000000001
 20
765.7000000000002
  0
HATCH
  5
332
330
17
100
AcDbEntity
  8
SARR_2.2x7
100
AcDbHatch
 10
0.0
 20
0.0
 30
0.0
210
0.0
220
0.0
230
1.0
  2
SOLID
 70
1
 71
0
 91
1
 92
3
 72
0
 73
1
 93
4
 10
53.00000000000001
 20
758.7000000000002
 10
55.20000000000001
 20
758.7000000000002
 10
55.20000000000001
 20
765.7000000000002
 10
53.00000000000001
 20
765.7000000000002
 97
0
 75
0
 76
1
 98
0
  0
HATCH
  5
333
330
17
100
AcDbEntity
  8
SARR_2.2x7
100
AcDbHatch
 10
0.0
 20
0.0
 30
0.0
210
0.0
220
0.0
230
1.0
  2
ANSI31
 70
0
 71
0
 91
1
 92
3
 72
0
 73
1
 93
4
 10
53.00000000000001
 20
758.7000000000002
 10
55.20000000000001
 20
758.7000000000002
 10
55.20000000000001
 20
765.7000000000002
 10
53.00000000000001
 20
765.7000000000002
 97
0
 75
1
 76
1
 52
270.0
 41
0.5
 77
0
 78
1
 53
315.0
 43
-0.0
 44
-0.0
 45
1.1225320152
 46
1.1225320151
 79
0
 98
0
  0
LWPOLYLINE
  5
334
330
17
100
AcDbEntity
  8
SARR_2.2x7
100
AcDbPolyline
 90
4
 70
1
 10
22.000000000000004
 20
737.5000000000001
 10
29.000000000000004
 20
737.5000000000001
 10
29.000000000000004
 20
739.7000000000002
 10
22.000000000000004
 20
739.7000000000002
  0
HATCH
  5
335
330
17
100
AcDbEntity
  8
SARR_2.2x7
100
AcDbHatch
 10
0.0
 20
0.0
 30
0.0
210
0.0
220
0.0
230
1.0
  2
SOLID
 70
1
 71
0
 91
1
 92
3
 72
0
 73
1
 93
4
 10
22.000000000000004
 20
737.5000000000001
 10
29.000000000000004
 20
737.5000000000001
 10
29.000000000000004
 20
739.7000000000002
 10
22.000000000000004
 20
739.7000000000002
 97
0
 75
0
 76
1
 98
0
  0
HATCH
  5
336
330
17
100
AcDbEntity
  8
SARR_2.2x7
100
AcDbHatch
 10
0.0
 20
0.0
 30
0.0
210
0.0
220
0.0
230
1.0
  2
ANSI31
 70
0
 71
0
 91
1
 92
3
 72
0
 73
1
 93
4
 10
22.000000000000004
 20
737.5000000000001
 10
29.000000000000004
 20
737.5000000000001
 10
29.000000000000004
 20
739.7000000000002
 10
22.000000000000004
 20
739.7000000000002
 97
0
 75
1
 76
1
 52
270.0
 41
0.5
 77
0
 78
1
 53
315.0
 43
-0.0
 44
-0.0
 45
1.1225320152
 46
1.1225320151
 79
0
 98
0
  0
LWPOLYLINE
  5
337
330
17
100
AcDbEntity
  8
SARR_2.2x7
100
AcDbPolyline
 90
4
 70
1
 10
22.000000000000004
 20
754.3000000000001
 10
29.000000000000004
 20
754.3000000000001
 10
29.000000000000004
 20
756.5000000000001
 10
22.000000000000004
 20
756.5000000000001
  0
HATCH
  5
338
330
17
100
AcDbEntity
  8
SARR_2.2x7
100
AcDbHatch
 10
0.0
 20
0.0
 30
0.0
210
0.0
220
0.0
230
1.0
  2
SOLID
 70
1
 71
0
 91
1
 92
3
 72
0
 73
1
 93
4
 10
22.000000000000004
 20
754.3000000000001
 10
29.000000000000004
 20
754.3000000000001
 10
29.000000000000004
 20
756.5000000000001
 10
22.000000000000004
 20
756.5000000000001
 97
0
 75
0
 76
1
 98
0
  0
HATCH
  5
339
330
17
100
AcDbEntity
  8
SARR_2.2x7
100
AcDbHatch
 10
0.0
 20
0.0
 30
0.0
210
0.0
220
0.0
230
1.0
  2
ANSI31
 70
0
 71
0
 91
1
 92
3
 72
0
 73
1
 93
4
 10
22.000000000000004
 20
754.3000000000001
 10
29.000000000000004
 20
754.3000000000001
 10
29.000000000000004
 20
756.5000000000001
 10
22.000000000000004
 20
756.5000000000001
 97
0
 75
1
 76
1
 52
270.0
 41
0.5
 77
0
 78
1
 53
315.0
 43
-0.0
 44
-0.0
 45
1.1225320152
 46
1.1225320151
 79
0
 98
0
  0
LWPOLYLINE
  5
33A
330
17
100
AcDbEntity
  8
SARR_2.2x7
100
AcDbPolyline
 90
4
 70
1
 10
57.400000000000006
 20
737.5000000000001
 10
64.4
 20
737.5000000000001
 10
64.4
 20
739.7000000000002
 10
57.400000000000006
 20
739.7000000000002
  0
HATCH
  5
33B
330
17
100
AcDbEntity
  8
SARR_2.2x7
100
AcDbHatch
 10
0.0
 20
0.0
 30
0.0
210
0.0
220
0.0
230
1.0
  2
SOLID
 70
1
 71
0
 91
1
 92
3
 72
0
 73
1
 93
4
 10
57.400000000000006
 20
737.5000000000001
 10
64.4
 20
737.5000000000001
 10
64.4
 20
739.7000000000002
 10
57.400000000000006
 20
739.7000000000002
 97
0
 75
0
 76
1
 98
0
  0
HATCH
  5
33C
330
17
100
AcDbEntity
  8
SARR_2.2x7
100
AcDbHatch
 10
0.0
 20
0.0
 30
0.0
210
0.0
220
0.0
230
1.0
  2
ANSI31
 70
0
 71
0
 91
1
 92
3
 72
0
 73
1
 93
4
 10
57.400000000000006
 20
737.5000000000001
 10
64.4
 20
737.5000000000001
 10
64.4
 20
739.7000000000002
 10
57.400000000000006
 20
739.7000000000002
 97
0
 75
1
 76
1
 52
270.0
 41
0.5
 77
0
 78
1
 53
315.0
 43
-0.0
 44
-0.0
 45
1.1225320152
 46
1.1225320151
 79
0
 98
0
  0
LWPOLYLINE
  5
33D
330
17
100
AcDbEntity
  8
SARR_2.2x7
100
AcDbPolyline
 90
4
 70
1
 10
57.400000000000006
 20
754.3000000000001
 10
64.4
 20
754.3000000000001
 10
64.4
 20
756.5000000000001
 10
57.400000000000006
 20
756.5000000000001
  0
HATCH
  5
33E
330
17
100
AcDbEntity
  8
SARR_2.2x7
100
AcDbHatch
 10
0.0
 20
0.0
 30
0.0
210
0.0
220
0.0
230
1.0
  2
SOLID
 70
1
 71
0
 91
1
 92
3
 72
0
 73
1
 93
4
 10
57.400000000000006
 20
754.3000000000001
 10
64.4
 20
754.3000000000001
 10
64.4
 20
756.5000000000001
 10
57.400000000000006
 20
756.5000000000001
 97
0
 75
0
 76
1
 98
0
  0
HATCH
  5
33F
330
17
100
AcDbEntity
  8
SARR_2.2x7
100
AcDbHatch
 10
0.0
 20
0.0
 30
0.0
210
0.0
220
0.0
230
1.0
  2
ANSI31
 70
0
 71
0
 91
1
 92
3
 72
0
 73
1
 93
4
 10
57.400000000000006
 20
754.3000000000001
 10
64.4
 20
754.3000000000001
 10
64.4
 20
756.5000000000001
 10
57.400000000000006
 20
756.5000000000001
 97
0
 75
1
 76
1
 52
270.0
 41
0.5
 77
0
 78
1
 53
315.0
 43
-0.0
 44
-0.0
 45
1.1225320152
 46
1.1225320151
 79
0
 98
0
  0
LWPOLYLINE
  5
340
330
17
100
AcDbEntity
  8
CHAPA
 62
1
100
AcDbPolyline
 90
4
 70
1
 10
27.000000000000004
 20
733.3000000000001
 10
29.000000000000004
 20
733.3000000000001
 10
29.000000000000004
 20
735.3000000000001
 10
27.000000000000004
 20
735.3000000000001
  0
HATCH
  5
341
330
17
100
AcDbEntity
  8
CHAPA
 62
1
100
AcDbHatch
 10
0.0
 20
0.0
 30
0.0
210
0.0
220
0.0
230
1.0
  2
SOLID
 70
1
 71
0
 91
1
 92
3
 72
0
 73
1
 93
4
 10
27.000000000000004
 20
733.3000000000001
 10
29.000000000000004
 20
733.3000000000001
 10
29.000000000000004
 20
735.3000000000001
 10
27.000000000000004
 20
735.3000000000001
 97
0
 75
0
 76
1
 98
0
  0
LWPOLYLINE
  5
342
330
17
100
AcDbEntity
  8
CHAPA
 62
1
100
AcDbPolyline
 90
4
 70
1
 10
57.400000000000006
 20
733.3000000000001
 10
59.400000000000006
 20
733.3000000000001
 10
59.400000000000006
 20
735.3000000000001
 10
57.400000000000006
 20
735.3000000000001
  0
HATCH
  5
343
330
17
100
AcDbEntity
  8
CHAPA
 62
1
100
AcDbHatch
 10
0.0
 20
0.0
 30
0.0
210
0.0
220
0.0
230
1.0
  2
SOLID
 70
1
 71
0
 91
1
 92
3
 72
0
 73
1
 93
4
 10
57.400000000000006
 20
733.3000000000001
 10
59.400000000000006
 20
733.3000000000001
 10
59.400000000000006
 20
735.3000000000001
 10
57.400000000000006
 20
735.3000000000001
 97
0
 75
0
 76
1
 98
0
  0
LWPOLYLINE
  5
344
330
17
100
AcDbEntity
  8
CHAPA
 62
1
100
AcDbPolyline
 90
4
 70
1
 10
57.400000000000006
 20
758.7000000000002
 10
59.400000000000006
 20
758.7000000000002
 10
59.400000000000006
 20
760.7000000000002
 10
57.400000000000006
 20
760.7000000000002
  0
HATCH
  5
345
330
17
100
AcDbEntity
  8
CHAPA
 62
1
100
AcDbHatch
 10
0.0
 20
0.0
 30
0.0
210
0.0
220
0.0
230
1.0
  2
SOLID
 70
1
 71
0
 91
1
 92
3
 72
0
 73
1
 93
4
 10
57.400000000000006
 20
758.7000000000002
 10
59.400000000000006
 20
758.7000000000002
 10
59.400000000000006
 20
760.7000000000002
 10
57.400000000000006
 20
760.7000000000002
 97
0
 75
0
 76
1
 98
0
  0
LWPOLYLINE
  5
346
330
17
100
AcDbEntity
  8
CHAPA
 62
1
100
AcDbPolyline
 90
4
 70
1
 10
27.000000000000004
 20
758.7000000000002
 10
29.000000000000004
 20
758.7000000000002
 10
29.000000000000004
 20
760.7000000000002
 10
27.000000000000004
 20
760.7000000000002
  0
HATCH
  5
347
330
17
100
AcDbEntity
  8
CHAPA
 62
1
100
AcDbHatch
 10
0.0
 20
0.0
 30
0.0
210
0.0
220
0.0
230
1.0
  2
SOLID
 70
1
 71
0
 91
1
 92
3
 72
0
 73
1
 93
4
 10
27.000000000000004
 20
758.7000000000002
 10
29.000000000000004
 20
758.7000000000002
 10
29.000000000000004
 20
760.7000000000002
 10
27.000000000000004
 20
760.7000000000002
 97
0
 75
0
 76
1
 98
0
  0
TEXT
  5
348
330
17
100
AcDbEntity
  8
Texto Secao
 62
2
100
AcDbText
 10
43.2
 20
725.3000000000001
 30
0.0
 40
4.0
  1
A
 72
1
 11
43.2
 21
725.3000000000001
 31
0.0
100
AcDbText
 73
3
  0
TEXT
  5
349
330
17
100
AcDbEntity
  8
Texto Secao
 62
2
100
AcDbText
 10
43.2
 20
768.7000000000002
 30
0.0
 40
4.0
  1
C
 72
1
 11
43.2
 21
768.7000000000002
 31
0.0
100
AcDbText
 73
1
  0
TEXT
  5
34A
330
17
100
AcDbEntity
  8
Texto Secao
 62
2
100
AcDbText
 10
19.000000000000004
 20
747.0000000000001
 30
0.0
 40
4.0
  1
D
 72
2
 11
19.000000000000004
 21
747.0000000000001
 31
0.0
100
AcDbText
 73
2
  0
TEXT
  5
34B
330
17
100
AcDbEntity
  8
Texto Secao
 62
2
100
AcDbText
 10
67.4
 20
747.0000000000001
 30
0.0
 40
4.0
  1
B
 11
67.4
 21
747.0000000000001
 31
0.0
100
AcDbText
 73
2
  0
TEXT
  5
34C
330
17
100
AcDbEntity
  8
Cota Secao (2x)
 62
4
100
AcDbText
 10
43.2
 20
716.3000000000001
 30
0.0
 40
3.4
  1
24x19cm
 72
1
 11
43.2
 21
716.3000000000001
 31
0.0
100
AcDbText
 73
3
  0
TEXT
  5
34D
330
17
100
AcDbEntity
  8
Texto Secao
 62
2
100
AcDbText
 10
43.2
 20
777.7000000000002
 30
0.0
 40
4.0
  1
VISAO DE CIMA
 72
1
 11
43.2
 21
777.7000000000002
 31
0.0
100
AcDbText
 73
1
  0
LWPOLYLINE
  5
34E
330
17
100
AcDbEntity
  8
Paineis
100
AcDbPolyline
 90
4
 70
1
 10
96.4
 20
480.0
 10
120.4
 20
480.0
 10
120.4
 20
726.0
 10
96.4
 20
726.0
  0
HATCH
  5
34F
330
17
100
AcDbEntity
  8
Hachura
100
AcDbHatch
 10
0.0
 20
0.0
 30
0.0
210
0.0
220
0.0
230
1.0
  2
SOLID
 70
1
 71
0
 91
1
 92
3
 72
0
 73
1
 93
4
 10
96.4
 20
480.0
 10
120.4
 20
480.0
 10
120.4
 20
726.0
 10
96.4
 20
726.0
 97
0
 75
0
 76
1
 98
0
  0
HATCH
  5
350
330
17
100
AcDbEntity
  8
Hachura
100
AcDbHatch
 10
0.0
 20
0.0
 30
0.0
210
0.0
220
0.0
230
1.0
  2
ANSI31
 70
0
 71
0
 91
1
 92
3
 72
0
 73
1
 93
4
 10
96.4
 20
480.0
 10
120.4
 20
480.0
 10
120.4
 20
726.0
 10
96.4
 20
726.0
 97
0
 75
1
 76
1
 52
0.0
 41
5.0
 77
0
 78
1
 53
45.0
 43
0.0
 44
0.0
 45
-11.2253201515
 46
11.2253201515
 79
0
 98
0
  0
LWPOLYLINE
  5
351
330
17
100
AcDbEntity
  8
Paineis
100
AcDbPolyline
 90
4
 70
1
 10
96.4
 20
726.0
 10
120.4
 20
726.0
 10
120.4
 20
760.0
 10
96.4
 20
760.0
  0
HATCH
  5
352
330
17
100
AcDbEntity
  8
Hachura
100
AcDbHatch
 10
0.0
 20
0.0
 30
0.0
210
0.0
220
0.0
230
1.0
  2
SOLID
 70
1
 71
0
 91
1
 92
3
 72
0
 73
1
 93
4
 10
96.4
 20
726.0
 10
120.4
 20
726.0
 10
120.4
 20
760.0
 10
96.4
 20
760.0
 97
0
 75
0
 76
1
 98
0
  0
HATCH
  5
353
330
17
100
AcDbEntity
  8
Hachura
100
AcDbHatch
 10
0.0
 20
0.0
 30
0.0
210
0.0
220
0.0
230
1.0
  2
ANSI31
 70
0
 71
0
 91
1
 92
3
 72
0
 73
1
 93
4
 10
96.4
 20
726.0
 10
120.4
 20
726.0
 10
120.4
 20
760.0
 10
96.4
 20
760.0
 97
0
 75
1
 76
1
 52
0.0
 41
2.5
 77
0
 78
1
 53
45.0
 43
0.0
 44
0.0
 45
-5.6126600758
 46
5.6126600758
 79
0
 98
0
  0
LINE
  5
354
330
17
100
AcDbEntity
  8
Paineis
100
AcDbLine
 10
96.4
 20
724.0
 30
0.0
 11
120.4
 21
724.0
 31
0.0
  0
LINE
  5
355
330
17
100
AcDbEntity
  8
Paineis
100
AcDbLine
 10
96.4
 20
482.0
 30
0.0
 11
120.4
 21
482.0
 31
0.0
  0
LINE
  5
356
330
17
100
AcDbEntity
  8
SARR_2.2x7
  6
HIDDEN
 48
30.0
100
AcDbLine
 10
97.5
 20
480.0
 30
0.0
 11
97.5
 21
760.0
 31
0.0
  0
LINE
  5
357
330
17
100
AcDbEntity
  8
SARR_2.2x7
  6
HIDDEN
 48
30.0
100
AcDbLine
 10
119.30000000000001
 20
480.0
 30
0.0
 11
119.30000000000001
 21
760.0
 31
0.0
  0
TEXT
  5
358
330
17
100
AcDbEntity
  8
Texto Secao
 62
2
100
AcDbText
 10
108.4
 20
472.0
 30
0.0
 40
4.5
  1
P17.A
 50
90.0
100
AcDbText
  0
LWPOLYLINE
  5
359
330
17
100
AcDbEntity
  8
Paineis
100
AcDbPolyline
 90
4
 70
1
 10
128.4
 20
480.0
 10
147.4
 20
480.0
 10
147.4
 20
726.0
 10
128.4
 20
726.0
  0
HATCH
  5
35A
330
17
100
AcDbEntity
  8
Hachura
100
AcDbHatch
 10
0.0
 20
0.0
 30
0.0
210
0.0
220
0.0
230
1.0
  2
SOLID
 70
1
 71
0
 91
1
 92
3
 72
0
 73
1
 93
4
 10
128.4
 20
480.0
 10
147.4
 20
480.0
 10
147.4
 20
726.0
 10
128.4
 20
726.0
 97
0
 75
0
 76
1
 98
0
  0
HATCH
  5
35B
330
17
100
AcDbEntity
  8
Hachura
100
AcDbHatch
 10
0.0
 20
0.0
 30
0.0
210
0.0
220
0.0
230
1.0
  2
ANSI31
 70
0
 71
0
 91
1
 92
3
 72
0
 73
1
 93
4
 10
128.4
 20
480.0
 10
147.4
 20
480.0
 10
147.4
 20
726.0
 10
128.4
 20
726.0
 97
0
 75
1
 76
1
 52
0.0
 41
5.0
 77
0
 78
1
 53
45.0
 43
0.0
 44
0.0
 45
-11.2253201515
 46
11.2253201515
 79
0
 98
0
  0
LWPOLYLINE
  5
35C
330
17
100
AcDbEntity
  8
Paineis
100
AcDbPolyline
 90
4
 70
1
 10
128.4
 20
726.0
 10
147.4
 20
726.0
 10
147.4
 20
760.0
 10
128.4
 20
760.0
  0
HATCH
  5
35D
330
17
100
AcDbEntity
  8
Hachura
100
AcDbHatch
 10
0.0
 20
0.0
 30
0.0
210
0.0
220
0.0
230
1.0
  2
SOLID
 70
1
 71
0
 91
1
 92
3
 72
0
 73
1
 93
4
 10
128.4
 20
726.0
 10
147.4
 20
726.0
 10
147.4
 20
760.0
 10
128.4
 20
760.0
 97
0
 75
0
 76
1
 98
0
  0
HATCH
  5
35E
330
17
100
AcDbEntity
  8
Hachura
100
AcDbHatch
 10
0.0
 20
0.0
 30
0.0
210
0.0
220
0.0
230
1.0
  2
ANSI31
 70
0
 71
0
 91
1
 92
3
 72
0
 73
1
 93
4
 10
128.4
 20
726.0
 10
147.4
 20
726.0
 10
147.4
 20
760.0
 10
128.4
 20
760.0
 97
0
 75
1
 76
1
 52
0.0
 41
2.5
 77
0
 78
1
 53
45.0
 43
0.0
 44
0.0
 45
-5.6126600758
 46
5.6126600758
 79
0
 98
0
  0
LINE
  5
35F
330
17
100
AcDbEntity
  8
Paineis
100
AcDbLine
 10
128.4
 20
724.0
 30
0.0
 11
147.4
 21
724.0
 31
0.0
  0
LINE
  5
360
330
17
100
AcDbEntity
  8
Paineis
100
AcDbLine
 10
128.4
 20
482.0
 30
0.0
 11
147.4
 21
482.0
 31
0.0
  0
LINE
  5
361
330
17
100
AcDbEntity
  8
SARR_2.2x7
  6
HIDDEN
 48
30.0
100
AcDbLine
 10
129.5
 20
480.0
 30
0.0
 11
129.5
 21
760.0
 31
0.0
  0
LINE
  5
362
330
17
100
AcDbEntity
  8
SARR_2.2x7
  6
HIDDEN
 48
30.0
100
AcDbLine
 10
146.3
 20
480.0
 30
0.0
 11
146.3
 21
760.0
 31
0.0
  0
TEXT
  5
363
330
17
100
AcDbEntity
  8
Texto Secao
 62
2
100
AcDbText
 10
137.9
 20
472.0
 30
0.0
 40
4.5
  1
P17.B
 50
90.0
100
AcDbText
  0
LWPOLYLINE
  5
364
330
17
100
AcDbEntity
  8
Paineis
100
AcDbPolyline
 90
4
 70
1
 10
155.4
 20
480.0
 10
179.4
 20
480.0
 10
179.4
 20
726.0
 10
155.4
 20
726.0
  0
HATCH
  5
365
330
17
100
AcDbEntity
  8
Hachura
100
AcDbHatch
 10
0.0
 20
0.0
 30
0.0
210
0.0
220
0.0
230
1.0
  2
SOLID
 70
1
 71
0
 91
1
 92
3
 72
0
 73
1
 93
4
 10
155.4
 20
480.0
 10
179.4
 20
480.0
 10
179.4
 20
726.0
 10
155.4
 20
726.0
 97
0
 75
0
 76
1
 98
0
  0
HATCH
  5
366
330
17
100
AcDbEntity
  8
Hachura
100
AcDbHatch
 10
0.0
 20
0.0
 30
0.0
210
0.0
220
0.0
230
1.0
  2
ANSI31
 70
0
 71
0
 91
1
 92
3
 72
0
 73
1
 93
4
 10
155.4
 20
480.0
 10
179.4
 20
480.0
 10
179.4
 20
726.0
 10
155.4
 20
726.0
 97
0
 75
1
 76
1
 52
0.0
 41
5.0
 77
0
 78
1
 53
45.0
 43
0.0
 44
0.0
 45
-11.2253201515
 46
11.2253201515
 79
0
 98
0
  0
LWPOLYLINE
  5
367
330
17
100
AcDbEntity
  8
Paineis
100
AcDbPolyline
 90
4
 70
1
 10
155.4
 20
726.0
 10
179.4
 20
726.0
 10
179.4
 20
760.0
 10
155.4
 20
760.0
  0
HATCH
  5
368
330
17
100
AcDbEntity
  8
Hachura
100
AcDbHatch
 10
0.0
 20
0.0
 30
0.0
210
0.0
220
0.0
230
1.0
  2
SOLID
 70
1
 71
0
 91
1
 92
3
 72
0
 73
1
 93
4
 10
155.4
 20
726.0
 10
179.4
 20
726.0
 10
179.4
 20
760.0
 10
155.4
 20
760.0
 97
0
 75
0
 76
1
 98
0
  0
HATCH
  5
369
330
17
100
AcDbEntity
  8
Hachura
100
AcDbHatch
 10
0.0
 20
0.0
 30
0.0
210
0.0
220
0.0
230
1.0
  2
ANSI31
 70
0
 71
0
 91
1
 92
3
 72
0
 73
1
 93
4
 10
155.4
 20
726.0
 10
179.4
 20
726.0
 10
179.4
 20
760.0
 10
155.4
 20
760.0
 97
0
 75
1
 76
1
 52
0.0
 41
2.5
 77
0
 78
1
 53
45.0
 43
0.0
 44
0.0
 45
-5.6126600758
 46
5.6126600758
 79
0
 98
0
  0
LINE
  5
36A
330
17
100
AcDbEntity
  8
Paineis
100
AcDbLine
 10
155.4
 20
724.0
 30
0.0
 11
179.4
 21
724.0
 31
0.0
  0
LINE
  5
36B
330
17
100
AcDbEntity
  8
Paineis
100
AcDbLine
 10
155.4
 20
482.0
 30
0.0
 11
179.4
 21
482.0
 31
0.0
  0
LINE
  5
36C
330
17
100
AcDbEntity
  8
SARR_2.2x7
  6
HIDDEN
 48
30.0
100
AcDbLine
 10
156.5
 20
480.0
 30
0.0
 11
156.5
 21
760.0
 31
0.0
  0
LINE
  5
36D
330
17
100
AcDbEntity
  8
SARR_2.2x7
  6
HIDDEN
 48
30.0
100
AcDbLine
 10
178.3
 20
480.0
 30
0.0
 11
178.3
 21
760.0
 31
0.0
  0
TEXT
  5
36E
330
17
100
AcDbEntity
  8
Texto Secao
 62
2
100
AcDbText
 10
167.4
 20
472.0
 30
0.0
 40
4.5
  1
P17.C
 50
90.0
100
AcDbText
  0
LWPOLYLINE
  5
36F
330
17
100
AcDbEntity
  8
Paineis
100
AcDbPolyline
 90
4
 70
1
 10
187.4
 20
480.0
 10
206.4
 20
480.0
 10
206.4
 20
726.0
 10
187.4
 20
726.0
  0
HATCH
  5
370
330
17
100
AcDbEntity
  8
Hachura
100
AcDbHatch
 10
0.0
 20
0.0
 30
0.0
210
0.0
220
0.0
230
1.0
  2
SOLID
 70
1
 71
0
 91
1
 92
3
 72
0
 73
1
 93
4
 10
187.4
 20
480.0
 10
206.4
 20
480.0
 10
206.4
 20
726.0
 10
187.4
 20
726.0
 97
0
 75
0
 76
1
 98
0
  0
HATCH
  5
371
330
17
100
AcDbEntity
  8
Hachura
100
AcDbHatch
 10
0.0
 20
0.0
 30
0.0
210
0.0
220
0.0
230
1.0
  2
ANSI31
 70
0
 71
0
 91
1
 92
3
 72
0
 73
1
 93
4
 10
187.4
 20
480.0
 10
206.4
 20
480.0
 10
206.4
 20
726.0
 10
187.4
 20
726.0
 97
0
 75
1
 76
1
 52
0.0
 41
5.0
 77
0
 78
1
 53
45.0
 43
0.0
 44
0.0
 45
-11.2253201515
 46
11.2253201515
 79
0
 98
0
  0
LWPOLYLINE
  5
372
330
17
100
AcDbEntity
  8
Paineis
100
AcDbPolyline
 90
4
 70
1
 10
187.4
 20
726.0
 10
206.4
 20
726.0
 10
206.4
 20
760.0
 10
187.4
 20
760.0
  0
HATCH
  5
373
330
17
100
AcDbEntity
  8
Hachura
100
AcDbHatch
 10
0.0
 20
0.0
 30
0.0
210
0.0
220
0.0
230
1.0
  2
SOLID
 70
1
 71
0
 91
1
 92
3
 72
0
 73
1
 93
4
 10
187.4
 20
726.0
 10
206.4
 20
726.0
 10
206.4
 20
760.0
 10
187.4
 20
760.0
 97
0
 75
0
 76
1
 98
0
  0
HATCH
  5
374
330
17
100
AcDbEntity
  8
Hachura
100
AcDbHatch
 10
0.0
 20
0.0
 30
0.0
210
0.0
220
0.0
230
1.0
  2
ANSI31
 70
0
 71
0
 91
1
 92
3
 72
0
 73
1
 93
4
 10
187.4
 20
726.0
 10
206.4
 20
726.0
 10
206.4
 20
760.0
 10
187.4
 20
760.0
 97
0
 75
1
 76
1
 52
0.0
 41
2.5
 77
0
 78
1
 53
45.0
 43
0.0
 44
0.0
 45
-5.6126600758
 46
5.6126600758
 79
0
 98
0
  0
LINE
  5
375
330
17
100
AcDbEntity
  8
Paineis
100
AcDbLine
 10
187.4
 20
724.0
 30
0.0
 11
206.4
 21
724.0
 31
0.0
  0
LINE
  5
376
330
17
100
AcDbEntity
  8
Paineis
100
AcDbLine
 10
187.4
 20
482.0
 30
0.0
 11
206.4
 21
482.0
 31
0.0
  0
LINE
  5
377
330
17
100
AcDbEntity
  8
SARR_2.2x7
  6
HIDDEN
 48
30.0
100
AcDbLine
 10
188.5
 20
480.0
 30
0.0
 11
188.5
 21
760.0
 31
0.0
  0
LINE
  5
378
330
17
100
AcDbEntity
  8
SARR_2.2x7
  6
HIDDEN
 48
30.0
100
AcDbLine
 10
205.3
 20
480.0
 30
0.0
 11
205.3
 21
760.0
 31
0.0
  0
TEXT
  5
379
330
17
100
AcDbEntity
  8
Texto Secao
 62
2
100
AcDbText
 10
196.9
 20
472.0
 30
0.0
 40
4.5
  1
P17.D
 50
90.0
100
AcDbText
  0
LINE
  5
37A
330
17
100
AcDbEntity
  8
COTA
 62
8
100
AcDbLine
 10
214.4
 20
480.0
 30
0.0
 11
214.4
 21
760.0
 31
0.0
  0
LINE
  5
37B
330
17
100
AcDbEntity
  8
COTA
 62
8
100
AcDbLine
 10
212.4
 20
480.0
 30
0.0
 11
216.4
 21
480.0
 31
0.0
  0
LINE
  5
37C
330
17
100
AcDbEntity
  8
COTA
 62
8
100
AcDbLine
 10
212.4
 20
482.0
 30
0.0
 11
216.4
 21
482.0
 31
0.0
  0
TEXT
  5
37D
330
17
100
AcDbEntity
  8
COTA
 62
8
100
AcDbText
 10
219.4
 20
481.0
 30
0.0
 40
3.0
  1
h1=2
100
AcDbText
  0
LINE
  5
37E
330
17
100
AcDbEntity
  8
COTA
 62
8
100
AcDbLine
 10
212.4
 20
482.0
 30
0.0
 11
216.4
 21
482.0
 31
0.0
  0
LINE
  5
37F
330
17
100
AcDbEntity
  8
COTA
 62
8
100
AcDbLine
 10
212.4
 20
726.0
 30
0.0
 11
216.4
 21
726.0
 31
0.0
  0
TEXT
  5
380
330
17
100
AcDbEntity
  8
COTA
 62
8
100
AcDbText
 10
219.4
 20
604.0
 30
0.0
 40
3.0
  1
h2=244
100
AcDbText
  0
LINE
  5
381
330
17
100
AcDbEntity
  8
COTA
 62
8
100
AcDbLine
 10
212.4
 20
726.0
 30
0.0
 11
216.4
 21
726.0
 31
0.0
  0
LINE
  5
382
330
17
100
AcDbEntity
  8
COTA
 62
8
100
AcDbLine
 10
212.4
 20
760.0
 30
0.0
 11
216.4
 21
760.0
 31
0.0
  0
TEXT
  5
383
330
17
100
AcDbEntity
  8
COTA
 62
8
100
AcDbText
 10
219.4
 20
743.0
 30
0.0
 40
3.0
  1
h3=34
100
AcDbText
  0
TEXT
  5
384
330
17
100
AcDbEntity
  8
COTA
 62
8
100
AcDbText
 10
219.4
 20
763.0
 30
0.0
 40
3.5
  1
TOTAL=280
100
AcDbText
  0
LINE
  5
385
330
17
100
AcDbEntity
  8
Nivel
 62
4
100
AcDbLine
 10
2.0
 20
480.0
 30
0.0
 11
219.4
 21
480.0
 31
0.0
  0
LINE
  5
386
330
17
100
AcDbEntity
  8
Nivel
 62
4
100
AcDbLine
 10
1.0
 20
485.0
 30
0.0
 11
4.0
 21
480.0
 31
0.0
  0
LINE
  5
387
330
17
100
AcDbEntity
  8
Nivel
 62
4
100
AcDbLine
 10
7.0
 20
485.0
 30
0.0
 11
4.0
 21
480.0
 31
0.0
  0
TEXT
  5
388
330
17
100
AcDbEntity
  8
Nivel
 62
4
100
AcDbText
 10
9.0
 20
481.0
 30
0.0
 40
4.0
  1
1o PAV.
100
AcDbText
  0
LINE
  5
389
330
17
100
AcDbEntity
  8
Nivel
 62
4
100
AcDbLine
 10
2.0
 20
726.0
 30
0.0
 11
219.4
 21
726.0
 31
0.0
  0
LINE
  5
38A
330
17
100
AcDbEntity
  8
Nivel
 62
4
100
AcDbLine
 10
1.0
 20
731.0
 30
0.0
 11
4.0
 21
726.0
 31
0.0
  0
LINE
  5
38B
330
17
100
AcDbEntity
  8
Nivel
 62
4
100
AcDbLine
 10
7.0
 20
731.0
 30
0.0
 11
4.0
 21
726.0
 31
0.0
  0
TEXT
  5
38C
330
17
100
AcDbEntity
  8
Nivel
 62
4
100
AcDbText
 10
9.0
 20
727.0
 30
0.0
 40
4.0
  1
2o PAV.
100
AcDbText
  0
LWPOLYLINE
  5
38D
330
17
100
AcDbEntity
  8
CARIMBO
 62
40
100
AcDbPolyline
 90
4
 70
1
 10
0.0
 20
425.0
 10
243.4
 20
425.0
 10
243.4
 20
465.0
 10
0.0
 20
465.0
  0
LINE
  5
38E
330
17
100
AcDbEntity
  8
CARIMBO
 62
40
100
AcDbLine
 10
0.0
 20
435.0
 30
0.0
 11
243.4
 21
435.0
 31
0.0
  0
LINE
  5
38F
330
17
100
AcDbEntity
  8
CARIMBO
 62
40
100
AcDbLine
 10
0.0
 20
445.0
 30
0.0
 11
243.4
 21
445.0
 31
0.0
  0
LINE
  5
390
330
17
100
AcDbEntity
  8
CARIMBO
 62
40
100
AcDbLine
 10
0.0
 20
455.0
 30
0.0
 11
243.4
 21
455.0
 31
0.0
  0
LINE
  5
391
330
17
100
AcDbEntity
  8
CARIMBO
 62
40
100
AcDbLine
 10
85.19
 20
425.0
 30
0.0
 11
85.19
 21
465.0
 31
0.0
  0
TEXT
  5
392
330
17
100
AcDbEntity
  8
CARIMBO
 62
9
100
AcDbText
 10
3.0
 20
460.0
 30
0.0
 40
3.0
  1
CLIENTE:
100
AcDbText
  0
TEXT
  5
393
330
17
100
AcDbEntity
  8
TEXTO_GERAL
 62
2
100
AcDbText
 10
88.19
 20
460.0
 30
0.0
 40
3.0
  1
ALIMONTI
100
AcDbText
  0
TEXT
  5
394
330
17
100
AcDbEntity
  8
CARIMBO
 62
9
100
AcDbText
 10
3.0
 20
450.0
 30
0.0
 40
3.0
  1
OBRA:
100
AcDbText
  0
TEXT
  5
395
330
17
100
AcDbEntity
  8
TEXTO_GERAL
 62
2
100
AcDbText
 10
88.19
 20
450.0
 30
0.0
 40
3.0
  1
Obra_TREINO_1
100
AcDbText
  0
TEXT
  5
396
330
17
100
AcDbEntity
  8
CARIMBO
 62
9
100
AcDbText
 10
3.0
 20
440.0
 30
0.0
 40
3.0
  1
PAVIMENTO:
100
AcDbText
  0
TEXT
  5
397
330
17
100
AcDbEntity
  8
TEXTO_GERAL
 62
2
100
AcDbText
 10
88.19
 20
440.0
 30
0.0
 40
3.0
  1
TERREO
100
AcDbText
  0
TEXT
  5
398
330
17
100
AcDbEntity
  8
CARIMBO
 62
9
100
AcDbText
 10
3.0
 20
430.0
 30
0.0
 40
3.0
  1
PROJETO:
100
AcDbText
  0
TEXT
  5
399
330
17
100
AcDbEntity
  8
TEXTO_GERAL
 62
2
100
AcDbText
 10
88.19
 20
430.0
 30
0.0
 40
3.0
  1
PILARES
100
AcDbText
  0
TEXT
  5
39A
330
17
100
AcDbEntity
  8
LABEL_ID
 62
3
100
AcDbText
 10
228.4
 20
430.0
 30
0.0
 40
8.0
  1
06
100
AcDbText
  0
LWPOLYLINE
  5
39B
330
17
100
AcDbEntity
  8
BORDA_CELULA
 62
9
100
AcDbPolyline
 90
4
 70
1
 10
413.4
 20
425.0
 10
776.8
 20
425.0
 10
776.8
 20
830.0
 10
413.4
 20
830.0
  0
TEXT
  5
39C
330
17
100
AcDbEntity
  8
TEXTO_GERAL
 62
2
100
AcDbText
 10
766.8
 20
825.0
 30
0.0
 40
3.0
  1
TÉRREO - PD: 280.00
 72
2
 11
766.8
 21
825.0
 31
0.0
100
AcDbText
  0
TEXT
  5
39D
330
17
100
AcDbEntity
  8
TEXTO_GERAL
 62
2
100
AcDbText
 10
766.8
 20
820.0
 30
0.0
 40
3.0
  1
NIVEL DE SAIDA: 280.00
 72
2
 11
766.8
 21
820.0
 31
0.0
100
AcDbText
  0
TEXT
  5
39E
330
17
100
AcDbEntity
  8
TEXTO_GERAL
 62
2
100
AcDbText
 10
766.8
 20
815.0
 30
0.0
 40
3.0
  1
NIVEL DE CHEGADA: 0.00
 72
2
 11
766.8
 21
815.0
 31
0.0
100
AcDbText
  0
TEXT
  5
39F
330
17
100
AcDbEntity
  8
NOMENCLATURA
 62
1
100
AcDbText
 10
433.4
 20
818.0
 30
0.0
 40
10.0
  1
P18
100
AcDbText
  0
LWPOLYLINE
  5
3A0
330
17
100
AcDbEntity
  8
CONCRETO
 62
4
100
AcDbPolyline
 90
4
 70
1
 10
444.59999999999997
 20
715.0000000000001
 10
498.59999999999997
 20
715.0000000000001
 10
498.59999999999997
 20
749.0000000000001
 10
444.59999999999997
 20
749.0000000000001
  0
HATCH
  5
3A1
330
17
100
AcDbEntity
  8
COTA
100
AcDbHatch
 10
0.0
 20
0.0
 30
0.0
210
0.0
220
0.0
230
1.0
  2
AR-CONC
 70
0
 71
0
 91
1
 92
3
 72
0
 73
1
 93
4
 10
444.59999999999997
 20
715.0000000000001
 10
498.59999999999997
 20
715.0000000000001
 10
498.59999999999997
 20
749.0000000000001
 10
444.59999999999997
 20
749.0000000000001
 97
0
 75
1
 76
1
 52
0.0
 41
0.03
 77
0
 78
13
 53
50.0
 43
0.0
 44
0.0
 45
5.4655400699
 46
-0.4781725662
 79
2
 49
0.5715
 49
-6.2865
 53
355.0
 43
0.0
 44
0.0
 45
-1.0573026428
 46
5.7317053572
 79
2
 49
0.4572
 49
-5.0292175251
 53
100.4514447
 43
0.45546021
 44
-0.039847605
 45
4.4082374127
 46
5.2535325574
 79
2
 49
0.485700264
 49
-5.342707338
 53
46.1842
 43
0.0
 44
1.524
 45
8.1323712268
 46
-1.261269838
 79
2
 49
0.85725
 49
-9.42975
 53
96.63555761
 43
0.677697
 44
1.418895
 45
7.1221240215
 46
7.4227837379
 79
2
 49
0.7285506942
 49
-8.0140682448
 53
351.18415117
 43
0.0
 44
1.524
 45
7.1221240219
 46
7.4227837376
 79
2
 49
0.6857990121
 49
-7.5437919576
 53
21.0
 43
0.762
 44
1.143
 45
4.5484317381
 46
-3.0679559456
 79
2
 49
0.5715
 49
-6.2865
 53
326.0
 43
0.762
 44
1.143
 45
1.8540608504
 46
5.5256389837
 79
2
 49
0.4572
 49
-5.0292
 53
71.451445
 43
1.141035978
 44
0.887337003
 45
6.4024925784
 46
2.4576830666
 79
2
 49
0.485700264
 49
-5.342698128
 53
37.5
 43
0.0
 44
0.0
 45
0.0926580975
 46
2.5366511662
 79
6
 49
0.0
 49
-4.96824
 49
0.0
 49
-5.1054
 49
0.0
 49
-5.04825
 53
7.5
 43
0.0
 44
0.0
 45
2.0045898753
 46
3.0054172445
 79
6
 49
0.0
 49
-2.91084
 49
0.0
 49
-4.85394
 49
0.0
 49
-1.92405
 53
-32.5
 43
-1.69926
 44
0.0
 45
4.067717855
 46
-0.1718623198
 79
6
 49
0.0
 49
-1.905
 49
0.0
 49
-5.9436
 49
0.0
 49
-7.8867
 53
-42.5
 43
-2.46126
 44
0.0
 45
4.4438754416
 46
0.762794731
 79
6
 49
0.0
 49
-2.4765
 49
0.0
 49
-3.94716
 49
0.0
 49
-5.6007
 98
0
  0
LWPOLYLINE
  5
3A2
330
17
100
AcDbEntity
  8
Paineis
100
AcDbPolyline
 90
4
 70
1
 10
444.59999999999997
 20
712.8000000000001
 10
498.59999999999997
 20
712.8000000000001
 10
498.59999999999997
 20
715.0000000000001
 10
444.59999999999997
 20
715.0000000000001
  0
HATCH
  5
3A3
330
17
100
AcDbEntity
  8
Paineis
100
AcDbHatch
 10
0.0
 20
0.0
 30
0.0
210
0.0
220
0.0
230
1.0
  2
SOLID
 70
1
 71
0
 91
1
 92
3
 72
0
 73
1
 93
4
 10
444.59999999999997
 20
712.8000000000001
 10
498.59999999999997
 20
712.8000000000001
 10
498.59999999999997
 20
715.0000000000001
 10
444.59999999999997
 20
715.0000000000001
 97
0
 75
0
 76
1
 98
0
  0
HATCH
  5
3A4
330
17
100
AcDbEntity
  8
Paineis
100
AcDbHatch
 10
0.0
 20
0.0
 30
0.0
210
0.0
220
0.0
230
1.0
  2
ANSI31
 70
0
 71
0
 91
1
 92
3
 72
0
 73
1
 93
4
 10
444.59999999999997
 20
712.8000000000001
 10
498.59999999999997
 20
712.8000000000001
 10
498.59999999999997
 20
715.0000000000001
 10
444.59999999999997
 20
715.0000000000001
 97
0
 75
1
 76
1
 52
270.0
 41
0.5
 77
0
 78
1
 53
315.0
 43
-0.0
 44
-0.0
 45
1.1225320152
 46
1.1225320151
 79
0
 98
0
  0
LWPOLYLINE
  5
3A5
330
17
100
AcDbEntity
  8
Paineis
100
AcDbPolyline
 90
4
 70
1
 10
444.59999999999997
 20
749.0000000000001
 10
498.59999999999997
 20
749.0000000000001
 10
498.59999999999997
 20
751.2000000000002
 10
444.59999999999997
 20
751.2000000000002
  0
HATCH
  5
3A6
330
17
100
AcDbEntity
  8
Paineis
100
AcDbHatch
 10
0.0
 20
0.0
 30
0.0
210
0.0
220
0.0
230
1.0
  2
SOLID
 70
1
 71
0
 91
1
 92
3
 72
0
 73
1
 93
4
 10
444.59999999999997
 20
749.0000000000001
 10
498.59999999999997
 20
749.0000000000001
 10
498.59999999999997
 20
751.2000000000002
 10
444.59999999999997
 20
751.2000000000002
 97
0
 75
0
 76
1
 98
0
  0
HATCH
  5
3A7
330
17
100
AcDbEntity
  8
Paineis
100
AcDbHatch
 10
0.0
 20
0.0
 30
0.0
210
0.0
220
0.0
230
1.0
  2
ANSI31
 70
0
 71
0
 91
1
 92
3
 72
0
 73
1
 93
4
 10
444.59999999999997
 20
749.0000000000001
 10
498.59999999999997
 20
749.0000000000001
 10
498.59999999999997
 20
751.2000000000002
 10
444.59999999999997
 20
751.2000000000002
 97
0
 75
1
 76
1
 52
270.0
 41
0.5
 77
0
 78
1
 53
315.0
 43
-0.0
 44
-0.0
 45
1.1225320152
 46
1.1225320151
 79
0
 98
0
  0
LWPOLYLINE
  5
3A8
330
17
100
AcDbEntity
  8
Paineis
100
AcDbPolyline
 90
4
 70
1
 10
442.4
 20
715.0000000000001
 10
444.59999999999997
 20
715.0000000000001
 10
444.59999999999997
 20
749.0000000000001
 10
442.4
 20
749.0000000000001
  0
HATCH
  5
3A9
330
17
100
AcDbEntity
  8
Paineis
100
AcDbHatch
 10
0.0
 20
0.0
 30
0.0
210
0.0
220
0.0
230
1.0
  2
SOLID
 70
1
 71
0
 91
1
 92
3
 72
0
 73
1
 93
4
 10
442.4
 20
715.0000000000001
 10
444.59999999999997
 20
715.0000000000001
 10
444.59999999999997
 20
749.0000000000001
 10
442.4
 20
749.0000000000001
 97
0
 75
0
 76
1
 98
0
  0
HATCH
  5
3AA
330
17
100
AcDbEntity
  8
Paineis
100
AcDbHatch
 10
0.0
 20
0.0
 30
0.0
210
0.0
220
0.0
230
1.0
  2
ANSI31
 70
0
 71
0
 91
1
 92
3
 72
0
 73
1
 93
4
 10
442.4
 20
715.0000000000001
 10
444.59999999999997
 20
715.0000000000001
 10
444.59999999999997
 20
749.0000000000001
 10
442.4
 20
749.0000000000001
 97
0
 75
1
 76
1
 52
270.0
 41
0.5
 77
0
 78
1
 53
315.0
 43
-0.0
 44
-0.0
 45
1.1225320152
 46
1.1225320151
 79
0
 98
0
  0
LWPOLYLINE
  5
3AB
330
17
100
AcDbEntity
  8
Paineis
100
AcDbPolyline
 90
4
 70
1
 10
498.59999999999997
 20
715.0000000000001
 10
500.79999999999995
 20
715.0000000000001
 10
500.79999999999995
 20
749.0000000000001
 10
498.59999999999997
 20
749.0000000000001
  0
HATCH
  5
3AC
330
17
100
AcDbEntity
  8
Paineis
100
AcDbHatch
 10
0.0
 20
0.0
 30
0.0
210
0.0
220
0.0
230
1.0
  2
SOLID
 70
1
 71
0
 91
1
 92
3
 72
0
 73
1
 93
4
 10
498.59999999999997
 20
715.0000000000001
 10
500.79999999999995
 20
715.0000000000001
 10
500.79999999999995
 20
749.0000000000001
 10
498.59999999999997
 20
749.0000000000001
 97
0
 75
0
 76
1
 98
0
  0
HATCH
  5
3AD
330
17
100
AcDbEntity
  8
Paineis
100
AcDbHatch
 10
0.0
 20
0.0
 30
0.0
210
0.0
220
0.0
230
1.0
  2
ANSI31
 70
0
 71
0
 91
1
 92
3
 72
0
 73
1
 93
4
 10
498.59999999999997
 20
715.0000000000001
 10
500.79999999999995
 20
715.0000000000001
 10
500.79999999999995
 20
749.0000000000001
 10
498.59999999999997
 20
749.0000000000001
 97
0
 75
1
 76
1
 52
270.0
 41
0.5
 77
0
 78
1
 53
315.0
 43
-0.0
 44
-0.0
 45
1.1225320152
 46
1.1225320151
 79
0
 98
0
  0
LWPOLYLINE
  5
3AE
330
17
100
AcDbEntity
  8
SARR_2.2x7
100
AcDbPolyline
 90
4
 70
1
 10
444.59999999999997
 20
705.8000000000001
 10
446.79999999999995
 20
705.8000000000001
 10
446.79999999999995
 20
712.8000000000001
 10
444.59999999999997
 20
712.8000000000001
  0
HATCH
  5
3AF
330
17
100
AcDbEntity
  8
SARR_2.2x7
100
AcDbHatch
 10
0.0
 20
0.0
 30
0.0
210
0.0
220
0.0
230
1.0
  2
SOLID
 70
1
 71
0
 91
1
 92
3
 72
0
 73
1
 93
4
 10
444.59999999999997
 20
705.8000000000001
 10
446.79999999999995
 20
705.8000000000001
 10
446.79999999999995
 20
712.8000000000001
 10
444.59999999999997
 20
712.8000000000001
 97
0
 75
0
 76
1
 98
0
  0
HATCH
  5
3B0
330
17
100
AcDbEntity
  8
SARR_2.2x7
100
AcDbHatch
 10
0.0
 20
0.0
 30
0.0
210
0.0
220
0.0
230
1.0
  2
ANSI31
 70
0
 71
0
 91
1
 92
3
 72
0
 73
1
 93
4
 10
444.59999999999997
 20
705.8000000000001
 10
446.79999999999995
 20
705.8000000000001
 10
446.79999999999995
 20
712.8000000000001
 10
444.59999999999997
 20
712.8000000000001
 97
0
 75
1
 76
1
 52
270.0
 41
0.5
 77
0
 78
1
 53
315.0
 43
-0.0
 44
-0.0
 45
1.1225320152
 46
1.1225320151
 79
0
 98
0
  0
LWPOLYLINE
  5
3B1
330
17
100
AcDbEntity
  8
SARR_2.2x7
100
AcDbPolyline
 90
4
 70
1
 10
461.8666666666666
 20
705.8000000000001
 10
464.0666666666666
 20
705.8000000000001
 10
464.0666666666666
 20
712.8000000000001
 10
461.8666666666666
 20
712.8000000000001
  0
HATCH
  5
3B2
330
17
100
AcDbEntity
  8
SARR_2.2x7
100
AcDbHatch
 10
0.0
 20
0.0
 30
0.0
210
0.0
220
0.0
230
1.0
  2
SOLID
 70
1
 71
0
 91
1
 92
3
 72
0
 73
1
 93
4
 10
461.8666666666666
 20
705.8000000000001
 10
464.0666666666666
 20
705.8000000000001
 10
464.0666666666666
 20
712.8000000000001
 10
461.8666666666666
 20
712.8000000000001
 97
0
 75
0
 76
1
 98
0
  0
HATCH
  5
3B3
330
17
100
AcDbEntity
  8
SARR_2.2x7
100
AcDbHatch
 10
0.0
 20
0.0
 30
0.0
210
0.0
220
0.0
230
1.0
  2
ANSI31
 70
0
 71
0
 91
1
 92
3
 72
0
 73
1
 93
4
 10
461.8666666666666
 20
705.8000000000001
 10
464.0666666666666
 20
705.8000000000001
 10
464.0666666666666
 20
712.8000000000001
 10
461.8666666666666
 20
712.8000000000001
 97
0
 75
1
 76
1
 52
270.0
 41
0.5
 77
0
 78
1
 53
315.0
 43
-0.0
 44
-0.0
 45
1.1225320152
 46
1.1225320151
 79
0
 98
0
  0
LWPOLYLINE
  5
3B4
330
17
100
AcDbEntity
  8
SARR_2.2x7
100
AcDbPolyline
 90
4
 70
1
 10
479.13333333333327
 20
705.8000000000001
 10
481.33333333333326
 20
705.8000000000001
 10
481.33333333333326
 20
712.8000000000001
 10
479.13333333333327
 20
712.8000000000001
  0
HATCH
  5
3B5
330
17
100
AcDbEntity
  8
SARR_2.2x7
100
AcDbHatch
 10
0.0
 20
0.0
 30
0.0
210
0.0
220
0.0
230
1.0
  2
SOLID
 70
1
 71
0
 91
1
 92
3
 72
0
 73
1
 93
4
 10
479.13333333333327
 20
705.8000000000001
 10
481.33333333333326
 20
705.8000000000001
 10
481.33333333333326
 20
712.8000000000001
 10
479.13333333333327
 20
712.8000000000001
 97
0
 75
0
 76
1
 98
0
  0
HATCH
  5
3B6
330
17
100
AcDbEntity
  8
SARR_2.2x7
100
AcDbHatch
 10
0.0
 20
0.0
 30
0.0
210
0.0
220
0.0
230
1.0
  2
ANSI31
 70
0
 71
0
 91
1
 92
3
 72
0
 73
1
 93
4
 10
479.13333333333327
 20
705.8000000000001
 10
481.33333333333326
 20
705.8000000000001
 10
481.33333333333326
 20
712.8000000000001
 10
479.13333333333327
 20
712.8000000000001
 97
0
 75
1
 76
1
 52
270.0
 41
0.5
 77
0
 78
1
 53
315.0
 43
-0.0
 44
-0.0
 45
1.1225320152
 46
1.1225320151
 79
0
 98
0
  0
LWPOLYLINE
  5
3B7
330
17
100
AcDbEntity
  8
SARR_2.2x7
100
AcDbPolyline
 90
4
 70
1
 10
496.3999999999999
 20
705.8000000000001
 10
498.5999999999999
 20
705.8000000000001
 10
498.5999999999999
 20
712.8000000000001
 10
496.3999999999999
 20
712.8000000000001
  0
HATCH
  5
3B8
330
17
100
AcDbEntity
  8
SARR_2.2x7
100
AcDbHatch
 10
0.0
 20
0.0
 30
0.0
210
0.0
220
0.0
230
1.0
  2
SOLID
 70
1
 71
0
 91
1
 92
3
 72
0
 73
1
 93
4
 10
496.3999999999999
 20
705.8000000000001
 10
498.5999999999999
 20
705.8000000000001
 10
498.5999999999999
 20
712.8000000000001
 10
496.3999999999999
 20
712.8000000000001
 97
0
 75
0
 76
1
 98
0
  0
HATCH
  5
3B9
330
17
100
AcDbEntity
  8
SARR_2.2x7
100
AcDbHatch
 10
0.0
 20
0.0
 30
0.0
210
0.0
220
0.0
230
1.0
  2
ANSI31
 70
0
 71
0
 91
1
 92
3
 72
0
 73
1
 93
4
 10
496.3999999999999
 20
705.8000000000001
 10
498.5999999999999
 20
705.8000000000001
 10
498.5999999999999
 20
712.8000000000001
 10
496.3999999999999
 20
712.8000000000001
 97
0
 75
1
 76
1
 52
270.0
 41
0.5
 77
0
 78
1
 53
315.0
 43
-0.0
 44
-0.0
 45
1.1225320152
 46
1.1225320151
 79
0
 98
0
  0
LWPOLYLINE
  5
3BA
330
17
100
AcDbEntity
  8
SARR_2.2x7
100
AcDbPolyline
 90
4
 70
1
 10
444.59999999999997
 20
751.2000000000002
 10
446.79999999999995
 20
751.2000000000002
 10
446.79999999999995
 20
758.2000000000002
 10
444.59999999999997
 20
758.2000000000002
  0
HATCH
  5
3BB
330
17
100
AcDbEntity
  8
SARR_2.2x7
100
AcDbHatch
 10
0.0
 20
0.0
 30
0.0
210
0.0
220
0.0
230
1.0
  2
SOLID
 70
1
 71
0
 91
1
 92
3
 72
0
 73
1
 93
4
 10
444.59999999999997
 20
751.2000000000002
 10
446.79999999999995
 20
751.2000000000002
 10
446.79999999999995
 20
758.2000000000002
 10
444.59999999999997
 20
758.2000000000002
 97
0
 75
0
 76
1
 98
0
  0
HATCH
  5
3BC
330
17
100
AcDbEntity
  8
SARR_2.2x7
100
AcDbHatch
 10
0.0
 20
0.0
 30
0.0
210
0.0
220
0.0
230
1.0
  2
ANSI31
 70
0
 71
0
 91
1
 92
3
 72
0
 73
1
 93
4
 10
444.59999999999997
 20
751.2000000000002
 10
446.79999999999995
 20
751.2000000000002
 10
446.79999999999995
 20
758.2000000000002
 10
444.59999999999997
 20
758.2000000000002
 97
0
 75
1
 76
1
 52
270.0
 41
0.5
 77
0
 78
1
 53
315.0
 43
-0.0
 44
-0.0
 45
1.1225320152
 46
1.1225320151
 79
0
 98
0
  0
LWPOLYLINE
  5
3BD
330
17
100
AcDbEntity
  8
SARR_2.2x7
100
AcDbPolyline
 90
4
 70
1
 10
461.8666666666666
 20
751.2000000000002
 10
464.0666666666666
 20
751.2000000000002
 10
464.0666666666666
 20
758.2000000000002
 10
461.8666666666666
 20
758.2000000000002
  0
HATCH
  5
3BE
330
17
100
AcDbEntity
  8
SARR_2.2x7
100
AcDbHatch
 10
0.0
 20
0.0
 30
0.0
210
0.0
220
0.0
230
1.0
  2
SOLID
 70
1
 71
0
 91
1
 92
3
 72
0
 73
1
 93
4
 10
461.8666666666666
 20
751.2000000000002
 10
464.0666666666666
 20
751.2000000000002
 10
464.0666666666666
 20
758.2000000000002
 10
461.8666666666666
 20
758.2000000000002
 97
0
 75
0
 76
1
 98
0
  0
HATCH
  5
3BF
330
17
100
AcDbEntity
  8
SARR_2.2x7
100
AcDbHatch
 10
0.0
 20
0.0
 30
0.0
210
0.0
220
0.0
230
1.0
  2
ANSI31
 70
0
 71
0
 91
1
 92
3
 72
0
 73
1
 93
4
 10
461.8666666666666
 20
751.2000000000002
 10
464.0666666666666
 20
751.2000000000002
 10
464.0666666666666
 20
758.2000000000002
 10
461.8666666666666
 20
758.2000000000002
 97
0
 75
1
 76
1
 52
270.0
 41
0.5
 77
0
 78
1
 53
315.0
 43
-0.0
 44
-0.0
 45
1.1225320152
 46
1.1225320151
 79
0
 98
0
  0
LWPOLYLINE
  5
3C0
330
17
100
AcDbEntity
  8
SARR_2.2x7
100
AcDbPolyline
 90
4
 70
1
 10
479.13333333333327
 20
751.2000000000002
 10
481.33333333333326
 20
751.2000000000002
 10
481.33333333333326
 20
758.2000000000002
 10
479.13333333333327
 20
758.2000000000002
  0
HATCH
  5
3C1
330
17
100
AcDbEntity
  8
SARR_2.2x7
100
AcDbHatch
 10
0.0
 20
0.0
 30
0.0
210
0.0
220
0.0
230
1.0
  2
SOLID
 70
1
 71
0
 91
1
 92
3
 72
0
 73
1
 93
4
 10
479.13333333333327
 20
751.2000000000002
 10
481.33333333333326
 20
751.2000000000002
 10
481.33333333333326
 20
758.2000000000002
 10
479.13333333333327
 20
758.2000000000002
 97
0
 75
0
 76
1
 98
0
  0
HATCH
  5
3C2
330
17
100
AcDbEntity
  8
SARR_2.2x7
100
AcDbHatch
 10
0.0
 20
0.0
 30
0.0
210
0.0
220
0.0
230
1.0
  2
ANSI31
 70
0
 71
0
 91
1
 92
3
 72
0
 73
1
 93
4
 10
479.13333333333327
 20
751.2000000000002
 10
481.33333333333326
 20
751.2000000000002
 10
481.33333333333326
 20
758.2000000000002
 10
479.13333333333327
 20
758.2000000000002
 97
0
 75
1
 76
1
 52
270.0
 41
0.5
 77
0
 78
1
 53
315.0
 43
-0.0
 44
-0.0
 45
1.1225320152
 46
1.1225320151
 79
0
 98
0
  0
LWPOLYLINE
  5
3C3
330
17
100
AcDbEntity
  8
SARR_2.2x7
100
AcDbPolyline
 90
4
 70
1
 10
496.3999999999999
 20
751.2000000000002
 10
498.5999999999999
 20
751.2000000000002
 10
498.5999999999999
 20
758.2000000000002
 10
496.3999999999999
 20
758.2000000000002
  0
HATCH
  5
3C4
330
17
100
AcDbEntity
  8
SARR_2.2x7
100
AcDbHatch
 10
0.0
 20
0.0
 30
0.0
210
0.0
220
0.0
230
1.0
  2
SOLID
 70
1
 71
0
 91
1
 92
3
 72
0
 73
1
 93
4
 10
496.3999999999999
 20
751.2000000000002
 10
498.5999999999999
 20
751.2000000000002
 10
498.5999999999999
 20
758.2000000000002
 10
496.3999999999999
 20
758.2000000000002
 97
0
 75
0
 76
1
 98
0
  0
HATCH
  5
3C5
330
17
100
AcDbEntity
  8
SARR_2.2x7
100
AcDbHatch
 10
0.0
 20
0.0
 30
0.0
210
0.0
220
0.0
230
1.0
  2
ANSI31
 70
0
 71
0
 91
1
 92
3
 72
0
 73
1
 93
4
 10
496.3999999999999
 20
751.2000000000002
 10
498.5999999999999
 20
751.2000000000002
 10
498.5999999999999
 20
758.2000000000002
 10
496.3999999999999
 20
758.2000000000002
 97
0
 75
1
 76
1
 52
270.0
 41
0.5
 77
0
 78
1
 53
315.0
 43
-0.0
 44
-0.0
 45
1.1225320152
 46
1.1225320151
 79
0
 98
0
  0
LWPOLYLINE
  5
3C6
330
17
100
AcDbEntity
  8
SARR_2.2x7
100
AcDbPolyline
 90
4
 70
1
 10
435.4
 20
715.0000000000001
 10
442.4
 20
715.0000000000001
 10
442.4
 20
717.2000000000002
 10
435.4
 20
717.2000000000002
  0
HATCH
  5
3C7
330
17
100
AcDbEntity
  8
SARR_2.2x7
100
AcDbHatch
 10
0.0
 20
0.0
 30
0.0
210
0.0
220
0.0
230
1.0
  2
SOLID
 70
1
 71
0
 91
1
 92
3
 72
0
 73
1
 93
4
 10
435.4
 20
715.0000000000001
 10
442.4
 20
715.0000000000001
 10
442.4
 20
717.2000000000002
 10
435.4
 20
717.2000000000002
 97
0
 75
0
 76
1
 98
0
  0
HATCH
  5
3C8
330
17
100
AcDbEntity
  8
SARR_2.2x7
100
AcDbHatch
 10
0.0
 20
0.0
 30
0.0
210
0.0
220
0.0
230
1.0
  2
ANSI31
 70
0
 71
0
 91
1
 92
3
 72
0
 73
1
 93
4
 10
435.4
 20
715.0000000000001
 10
442.4
 20
715.0000000000001
 10
442.4
 20
717.2000000000002
 10
435.4
 20
717.2000000000002
 97
0
 75
1
 76
1
 52
270.0
 41
0.5
 77
0
 78
1
 53
315.0
 43
-0.0
 44
-0.0
 45
1.1225320152
 46
1.1225320151
 79
0
 98
0
  0
LWPOLYLINE
  5
3C9
330
17
100
AcDbEntity
  8
SARR_2.2x7
100
AcDbPolyline
 90
4
 70
1
 10
435.4
 20
746.8000000000001
 10
442.4
 20
746.8000000000001
 10
442.4
 20
749.0000000000001
 10
435.4
 20
749.0000000000001
  0
HATCH
  5
3CA
330
17
100
AcDbEntity
  8
SARR_2.2x7
100
AcDbHatch
 10
0.0
 20
0.0
 30
0.0
210
0.0
220
0.0
230
1.0
  2
SOLID
 70
1
 71
0
 91
1
 92
3
 72
0
 73
1
 93
4
 10
435.4
 20
746.8000000000001
 10
442.4
 20
746.8000000000001
 10
442.4
 20
749.0000000000001
 10
435.4
 20
749.0000000000001
 97
0
 75
0
 76
1
 98
0
  0
HATCH
  5
3CB
330
17
100
AcDbEntity
  8
SARR_2.2x7
100
AcDbHatch
 10
0.0
 20
0.0
 30
0.0
210
0.0
220
0.0
230
1.0
  2
ANSI31
 70
0
 71
0
 91
1
 92
3
 72
0
 73
1
 93
4
 10
435.4
 20
746.8000000000001
 10
442.4
 20
746.8000000000001
 10
442.4
 20
749.0000000000001
 10
435.4
 20
749.0000000000001
 97
0
 75
1
 76
1
 52
270.0
 41
0.5
 77
0
 78
1
 53
315.0
 43
-0.0
 44
-0.0
 45
1.1225320152
 46
1.1225320151
 79
0
 98
0
  0
LWPOLYLINE
  5
3CC
330
17
100
AcDbEntity
  8
SARR_2.2x7
100
AcDbPolyline
 90
4
 70
1
 10
500.79999999999995
 20
715.0000000000001
 10
507.79999999999995
 20
715.0000000000001
 10
507.79999999999995
 20
717.2000000000002
 10
500.79999999999995
 20
717.2000000000002
  0
HATCH
  5
3CD
330
17
100
AcDbEntity
  8
SARR_2.2x7
100
AcDbHatch
 10
0.0
 20
0.0
 30
0.0
210
0.0
220
0.0
230
1.0
  2
SOLID
 70
1
 71
0
 91
1
 92
3
 72
0
 73
1
 93
4
 10
500.79999999999995
 20
715.0000000000001
 10
507.79999999999995
 20
715.0000000000001
 10
507.79999999999995
 20
717.2000000000002
 10
500.79999999999995
 20
717.2000000000002
 97
0
 75
0
 76
1
 98
0
  0
HATCH
  5
3CE
330
17
100
AcDbEntity
  8
SARR_2.2x7
100
AcDbHatch
 10
0.0
 20
0.0
 30
0.0
210
0.0
220
0.0
230
1.0
  2
ANSI31
 70
0
 71
0
 91
1
 92
3
 72
0
 73
1
 93
4
 10
500.79999999999995
 20
715.0000000000001
 10
507.79999999999995
 20
715.0000000000001
 10
507.79999999999995
 20
717.2000000000002
 10
500.79999999999995
 20
717.2000000000002
 97
0
 75
1
 76
1
 52
270.0
 41
0.5
 77
0
 78
1
 53
315.0
 43
-0.0
 44
-0.0
 45
1.1225320152
 46
1.1225320151
 79
0
 98
0
  0
LWPOLYLINE
  5
3CF
330
17
100
AcDbEntity
  8
SARR_2.2x7
100
AcDbPolyline
 90
4
 70
1
 10
500.79999999999995
 20
746.8000000000001
 10
507.79999999999995
 20
746.8000000000001
 10
507.79999999999995
 20
749.0000000000001
 10
500.79999999999995
 20
749.0000000000001
  0
HATCH
  5
3D0
330
17
100
AcDbEntity
  8
SARR_2.2x7
100
AcDbHatch
 10
0.0
 20
0.0
 30
0.0
210
0.0
220
0.0
230
1.0
  2
SOLID
 70
1
 71
0
 91
1
 92
3
 72
0
 73
1
 93
4
 10
500.79999999999995
 20
746.8000000000001
 10
507.79999999999995
 20
746.8000000000001
 10
507.79999999999995
 20
749.0000000000001
 10
500.79999999999995
 20
749.0000000000001
 97
0
 75
0
 76
1
 98
0
  0
HATCH
  5
3D1
330
17
100
AcDbEntity
  8
SARR_2.2x7
100
AcDbHatch
 10
0.0
 20
0.0
 30
0.0
210
0.0
220
0.0
230
1.0
  2
ANSI31
 70
0
 71
0
 91
1
 92
3
 72
0
 73
1
 93
4
 10
500.79999999999995
 20
746.8000000000001
 10
507.79999999999995
 20
746.8000000000001
 10
507.79999999999995
 20
749.0000000000001
 10
500.79999999999995
 20
749.0000000000001
 97
0
 75
1
 76
1
 52
270.0
 41
0.5
 77
0
 78
1
 53
315.0
 43
-0.0
 44
-0.0
 45
1.1225320152
 46
1.1225320151
 79
0
 98
0
  0
LWPOLYLINE
  5
3D2
330
17
100
AcDbEntity
  8
CHAPA
 62
1
100
AcDbPolyline
 90
4
 70
1
 10
440.4
 20
710.8000000000001
 10
442.4
 20
710.8000000000001
 10
442.4
 20
712.8000000000001
 10
440.4
 20
712.8000000000001
  0
HATCH
  5
3D3
330
17
100
AcDbEntity
  8
CHAPA
 62
1
100
AcDbHatch
 10
0.0
 20
0.0
 30
0.0
210
0.0
220
0.0
230
1.0
  2
SOLID
 70
1
 71
0
 91
1
 92
3
 72
0
 73
1
 93
4
 10
440.4
 20
710.8000000000001
 10
442.4
 20
710.8000000000001
 10
442.4
 20
712.8000000000001
 10
440.4
 20
712.8000000000001
 97
0
 75
0
 76
1
 98
0
  0
LWPOLYLINE
  5
3D4
330
17
100
AcDbEntity
  8
CHAPA
 62
1
100
AcDbPolyline
 90
4
 70
1
 10
500.79999999999995
 20
710.8000000000001
 10
502.79999999999995
 20
710.8000000000001
 10
502.79999999999995
 20
712.8000000000001
 10
500.79999999999995
 20
712.8000000000001
  0
HATCH
  5
3D5
330
17
100
AcDbEntity
  8
CHAPA
 62
1
100
AcDbHatch
 10
0.0
 20
0.0
 30
0.0
210
0.0
220
0.0
230
1.0
  2
SOLID
 70
1
 71
0
 91
1
 92
3
 72
0
 73
1
 93
4
 10
500.79999999999995
 20
710.8000000000001
 10
502.79999999999995
 20
710.8000000000001
 10
502.79999999999995
 20
712.8000000000001
 10
500.79999999999995
 20
712.8000000000001
 97
0
 75
0
 76
1
 98
0
  0
LWPOLYLINE
  5
3D6
330
17
100
AcDbEntity
  8
CHAPA
 62
1
100
AcDbPolyline
 90
4
 70
1
 10
500.79999999999995
 20
751.2000000000002
 10
502.79999999999995
 20
751.2000000000002
 10
502.79999999999995
 20
753.2000000000002
 10
500.79999999999995
 20
753.2000000000002
  0
HATCH
  5
3D7
330
17
100
AcDbEntity
  8
CHAPA
 62
1
100
AcDbHatch
 10
0.0
 20
0.0
 30
0.0
210
0.0
220
0.0
230
1.0
  2
SOLID
 70
1
 71
0
 91
1
 92
3
 72
0
 73
1
 93
4
 10
500.79999999999995
 20
751.2000000000002
 10
502.79999999999995
 20
751.2000000000002
 10
502.79999999999995
 20
753.2000000000002
 10
500.79999999999995
 20
753.2000000000002
 97
0
 75
0
 76
1
 98
0
  0
LWPOLYLINE
  5
3D8
330
17
100
AcDbEntity
  8
CHAPA
 62
1
100
AcDbPolyline
 90
4
 70
1
 10
440.4
 20
751.2000000000002
 10
442.4
 20
751.2000000000002
 10
442.4
 20
753.2000000000002
 10
440.4
 20
753.2000000000002
  0
HATCH
  5
3D9
330
17
100
AcDbEntity
  8
CHAPA
 62
1
100
AcDbHatch
 10
0.0
 20
0.0
 30
0.0
210
0.0
220
0.0
230
1.0
  2
SOLID
 70
1
 71
0
 91
1
 92
3
 72
0
 73
1
 93
4
 10
440.4
 20
751.2000000000002
 10
442.4
 20
751.2000000000002
 10
442.4
 20
753.2000000000002
 10
440.4
 20
753.2000000000002
 97
0
 75
0
 76
1
 98
0
  0
TEXT
  5
3DA
330
17
100
AcDbEntity
  8
Texto Secao
 62
2
100
AcDbText
 10
471.59999999999997
 20
702.8000000000001
 30
0.0
 40
4.0
  1
A
 72
1
 11
471.59999999999997
 21
702.8000000000001
 31
0.0
100
AcDbText
 73
3
  0
TEXT
  5
3DB
330
17
100
AcDbEntity
  8
Texto Secao
 62
2
100
AcDbText
 10
471.59999999999997
 20
761.2000000000002
 30
0.0
 40
4.0
  1
C
 72
1
 11
471.59999999999997
 21
761.2000000000002
 31
0.0
100
AcDbText
 73
1
  0
TEXT
  5
3DC
330
17
100
AcDbEntity
  8
Texto Secao
 62
2
100
AcDbText
 10
432.4
 20
732.0000000000001
 30
0.0
 40
4.0
  1
D
 72
2
 11
432.4
 21
732.0000000000001
 31
0.0
100
AcDbText
 73
2
  0
TEXT
  5
3DD
330
17
100
AcDbEntity
  8
Texto Secao
 62
2
100
AcDbText
 10
510.79999999999995
 20
732.0000000000001
 30
0.0
 40
4.0
  1
B
 11
510.79999999999995
 21
732.0000000000001
 31
0.0
100
AcDbText
 73
2
  0
TEXT
  5
3DE
330
17
100
AcDbEntity
  8
Cota Secao (2x)
 62
4
100
AcDbText
 10
471.59999999999997
 20
693.8000000000001
 30
0.0
 40
3.4
  1
54x34cm
 72
1
 11
471.59999999999997
 21
693.8000000000001
 31
0.0
100
AcDbText
 73
3
  0
TEXT
  5
3DF
330
17
100
AcDbEntity
  8
Texto Secao
 62
2
100
AcDbText
 10
471.59999999999997
 20
770.2000000000002
 30
0.0
 40
4.0
  1
VISAO DE CIMA
 72
1
 11
471.59999999999997
 21
770.2000000000002
 31
0.0
100
AcDbText
 73
1
  0
LWPOLYLINE
  5
3E0
330
17
100
AcDbEntity
  8
Paineis
100
AcDbPolyline
 90
4
 70
1
 10
539.8
 20
480.0
 10
593.8
 20
480.0
 10
593.8
 20
726.0
 10
539.8
 20
726.0
  0
HATCH
  5
3E1
330
17
100
AcDbEntity
  8
Hachura
100
AcDbHatch
 10
0.0
 20
0.0
 30
0.0
210
0.0
220
0.0
230
1.0
  2
SOLID
 70
1
 71
0
 91
1
 92
3
 72
0
 73
1
 93
4
 10
539.8
 20
480.0
 10
593.8
 20
480.0
 10
593.8
 20
726.0
 10
539.8
 20
726.0
 97
0
 75
0
 76
1
 98
0
  0
HATCH
  5
3E2
330
17
100
AcDbEntity
  8
Hachura
100
AcDbHatch
 10
0.0
 20
0.0
 30
0.0
210
0.0
220
0.0
230
1.0
  2
ANSI31
 70
0
 71
0
 91
1
 92
3
 72
0
 73
1
 93
4
 10
539.8
 20
480.0
 10
593.8
 20
480.0
 10
593.8
 20
726.0
 10
539.8
 20
726.0
 97
0
 75
1
 76
1
 52
0.0
 41
5.0
 77
0
 78
1
 53
45.0
 43
0.0
 44
0.0
 45
-11.2253201515
 46
11.2253201515
 79
0
 98
0
  0
LWPOLYLINE
  5
3E3
330
17
100
AcDbEntity
  8
Paineis
100
AcDbPolyline
 90
4
 70
1
 10
539.8
 20
726.0
 10
593.8
 20
726.0
 10
593.8
 20
760.0
 10
539.8
 20
760.0
  0
HATCH
  5
3E4
330
17
100
AcDbEntity
  8
Hachura
100
AcDbHatch
 10
0.0
 20
0.0
 30
0.0
210
0.0
220
0.0
230
1.0
  2
SOLID
 70
1
 71
0
 91
1
 92
3
 72
0
 73
1
 93
4
 10
539.8
 20
726.0
 10
593.8
 20
726.0
 10
593.8
 20
760.0
 10
539.8
 20
760.0
 97
0
 75
0
 76
1
 98
0
  0
HATCH
  5
3E5
330
17
100
AcDbEntity
  8
Hachura
100
AcDbHatch
 10
0.0
 20
0.0
 30
0.0
210
0.0
220
0.0
230
1.0
  2
ANSI31
 70
0
 71
0
 91
1
 92
3
 72
0
 73
1
 93
4
 10
539.8
 20
726.0
 10
593.8
 20
726.0
 10
593.8
 20
760.0
 10
539.8
 20
760.0
 97
0
 75
1
 76
1
 52
0.0
 41
2.5
 77
0
 78
1
 53
45.0
 43
0.0
 44
0.0
 45
-5.6126600758
 46
5.6126600758
 79
0
 98
0
  0
LINE
  5
3E6
330
17
100
AcDbEntity
  8
Paineis
100
AcDbLine
 10
539.8
 20
724.0
 30
0.0
 11
593.8
 21
724.0
 31
0.0
  0
LINE
  5
3E7
330
17
100
AcDbEntity
  8
Paineis
100
AcDbLine
 10
539.8
 20
482.0
 30
0.0
 11
593.8
 21
482.0
 31
0.0
  0
LINE
  5
3E8
330
17
100
AcDbEntity
  8
SARR_2.2x7
  6
HIDDEN
 48
30.0
100
AcDbLine
 10
540.9
 20
480.0
 30
0.0
 11
540.9
 21
760.0
 31
0.0
  0
LINE
  5
3E9
330
17
100
AcDbEntity
  8
SARR_2.2x7
  6
HIDDEN
 48
30.0
100
AcDbLine
 10
558.1666666666666
 20
480.0
 30
0.0
 11
558.1666666666666
 21
760.0
 31
0.0
  0
LINE
  5
3EA
330
17
100
AcDbEntity
  8
SARR_2.2x7
  6
HIDDEN
 48
30.0
100
AcDbLine
 10
575.4333333333333
 20
480.0
 30
0.0
 11
575.4333333333333
 21
760.0
 31
0.0
  0
LINE
  5
3EB
330
17
100
AcDbEntity
  8
SARR_2.2x7
  6
HIDDEN
 48
30.0
100
AcDbLine
 10
592.6999999999999
 20
480.0
 30
0.0
 11
592.6999999999999
 21
760.0
 31
0.0
  0
TEXT
  5
3EC
330
17
100
AcDbEntity
  8
Texto Secao
 62
2
100
AcDbText
 10
566.8
 20
472.0
 30
0.0
 40
4.5
  1
P18.A
 50
90.0
100
AcDbText
  0
LWPOLYLINE
  5
3ED
330
17
100
AcDbEntity
  8
Paineis
100
AcDbPolyline
 90
4
 70
1
 10
601.8
 20
480.0
 10
635.8
 20
480.0
 10
635.8
 20
726.0
 10
601.8
 20
726.0
  0
HATCH
  5
3EE
330
17
100
AcDbEntity
  8
Hachura
100
AcDbHatch
 10
0.0
 20
0.0
 30
0.0
210
0.0
220
0.0
230
1.0
  2
SOLID
 70
1
 71
0
 91
1
 92
3
 72
0
 73
1
 93
4
 10
601.8
 20
480.0
 10
635.8
 20
480.0
 10
635.8
 20
726.0
 10
601.8
 20
726.0
 97
0
 75
0
 76
1
 98
0
  0
HATCH
  5
3EF
330
17
100
AcDbEntity
  8
Hachura
100
AcDbHatch
 10
0.0
 20
0.0
 30
0.0
210
0.0
220
0.0
230
1.0
  2
ANSI31
 70
0
 71
0
 91
1
 92
3
 72
0
 73
1
 93
4
 10
601.8
 20
480.0
 10
635.8
 20
480.0
 10
635.8
 20
726.0
 10
601.8
 20
726.0
 97
0
 75
1
 76
1
 52
0.0
 41
5.0
 77
0
 78
1
 53
45.0
 43
0.0
 44
0.0
 45
-11.2253201515
 46
11.2253201515
 79
0
 98
0
  0
LWPOLYLINE
  5
3F0
330
17
100
AcDbEntity
  8
Paineis
100
AcDbPolyline
 90
4
 70
1
 10
601.8
 20
726.0
 10
635.8
 20
726.0
 10
635.8
 20
760.0
 10
601.8
 20
760.0
  0
HATCH
  5
3F1
330
17
100
AcDbEntity
  8
Hachura
100
AcDbHatch
 10
0.0
 20
0.0
 30
0.0
210
0.0
220
0.0
230
1.0
  2
SOLID
 70
1
 71
0
 91
1
 92
3
 72
0
 73
1
 93
4
 10
601.8
 20
726.0
 10
635.8
 20
726.0
 10
635.8
 20
760.0
 10
601.8
 20
760.0
 97
0
 75
0
 76
1
 98
0
  0
HATCH
  5
3F2
330
17
100
AcDbEntity
  8
Hachura
100
AcDbHatch
 10
0.0
 20
0.0
 30
0.0
210
0.0
220
0.0
230
1.0
  2
ANSI31
 70
0
 71
0
 91
1
 92
3
 72
0
 73
1
 93
4
 10
601.8
 20
726.0
 10
635.8
 20
726.0
 10
635.8
 20
760.0
 10
601.8
 20
760.0
 97
0
 75
1
 76
1
 52
0.0
 41
2.5
 77
0
 78
1
 53
45.0
 43
0.0
 44
0.0
 45
-5.6126600758
 46
5.6126600758
 79
0
 98
0
  0
LINE
  5
3F3
330
17
100
AcDbEntity
  8
Paineis
100
AcDbLine
 10
601.8
 20
724.0
 30
0.0
 11
635.8
 21
724.0
 31
0.0
  0
LINE
  5
3F4
330
17
100
AcDbEntity
  8
Paineis
100
AcDbLine
 10
601.8
 20
482.0
 30
0.0
 11
635.8
 21
482.0
 31
0.0
  0
LINE
  5
3F5
330
17
100
AcDbEntity
  8
SARR_2.2x7
  6
HIDDEN
 48
30.0
100
AcDbLine
 10
602.9
 20
480.0
 30
0.0
 11
602.9
 21
760.0
 31
0.0
  0
LINE
  5
3F6
330
17
100
AcDbEntity
  8
SARR_2.2x7
  6
HIDDEN
 48
30.0
100
AcDbLine
 10
634.6999999999999
 20
480.0
 30
0.0
 11
634.6999999999999
 21
760.0
 31
0.0
  0
TEXT
  5
3F7
330
17
100
AcDbEntity
  8
Texto Secao
 62
2
100
AcDbText
 10
618.8
 20
472.0
 30
0.0
 40
4.5
  1
P18.B
 50
90.0
100
AcDbText
  0
LWPOLYLINE
  5
3F8
330
17
100
AcDbEntity
  8
Paineis
100
AcDbPolyline
 90
4
 70
1
 10
643.8
 20
480.0
 10
697.8
 20
480.0
 10
697.8
 20
726.0
 10
643.8
 20
726.0
  0
HATCH
  5
3F9
330
17
100
AcDbEntity
  8
Hachura
100
AcDbHatch
 10
0.0
 20
0.0
 30
0.0
210
0.0
220
0.0
230
1.0
  2
SOLID
 70
1
 71
0
 91
1
 92
3
 72
0
 73
1
 93
4
 10
643.8
 20
480.0
 10
697.8
 20
480.0
 10
697.8
 20
726.0
 10
643.8
 20
726.0
 97
0
 75
0
 76
1
 98
0
  0
HATCH
  5
3FA
330
17
100
AcDbEntity
  8
Hachura
100
AcDbHatch
 10
0.0
 20
0.0
 30
0.0
210
0.0
220
0.0
230
1.0
  2
ANSI31
 70
0
 71
0
 91
1
 92
3
 72
0
 73
1
 93
4
 10
643.8
 20
480.0
 10
697.8
 20
480.0
 10
697.8
 20
726.0
 10
643.8
 20
726.0
 97
0
 75
1
 76
1
 52
0.0
 41
5.0
 77
0
 78
1
 53
45.0
 43
0.0
 44
0.0
 45
-11.2253201515
 46
11.2253201515
 79
0
 98
0
  0
LWPOLYLINE
  5
3FB
330
17
100
AcDbEntity
  8
Paineis
100
AcDbPolyline
 90
4
 70
1
 10
643.8
 20
726.0
 10
697.8
 20
726.0
 10
697.8
 20
760.0
 10
643.8
 20
760.0
  0
HATCH
  5
3FC
330
17
100
AcDbEntity
  8
Hachura
100
AcDbHatch
 10
0.0
 20
0.0
 30
0.0
210
0.0
220
0.0
230
1.0
  2
SOLID
 70
1
 71
0
 91
1
 92
3
 72
0
 73
1
 93
4
 10
643.8
 20
726.0
 10
697.8
 20
726.0
 10
697.8
 20
760.0
 10
643.8
 20
760.0
 97
0
 75
0
 76
1
 98
0
  0
HATCH
  5
3FD
330
17
100
AcDbEntity
  8
Hachura
100
AcDbHatch
 10
0.0
 20
0.0
 30
0.0
210
0.0
220
0.0
230
1.0
  2
ANSI31
 70
0
 71
0
 91
1
 92
3
 72
0
 73
1
 93
4
 10
643.8
 20
726.0
 10
697.8
 20
726.0
 10
697.8
 20
760.0
 10
643.8
 20
760.0
 97
0
 75
1
 76
1
 52
0.0
 41
2.5
 77
0
 78
1
 53
45.0
 43
0.0
 44
0.0
 45
-5.6126600758
 46
5.6126600758
 79
0
 98
0
  0
LINE
  5
3FE
330
17
100
AcDbEntity
  8
Paineis
100
AcDbLine
 10
643.8
 20
724.0
 30
0.0
 11
697.8
 21
724.0
 31
0.0
  0
LINE
  5
3FF
330
17
100
AcDbEntity
  8
Paineis
100
AcDbLine
 10
643.8
 20
482.0
 30
0.0
 11
697.8
 21
482.0
 31
0.0
  0
LINE
  5
400
330
17
100
AcDbEntity
  8
SARR_2.2x7
  6
HIDDEN
 48
30.0
100
AcDbLine
 10
644.9
 20
480.0
 30
0.0
 11
644.9
 21
760.0
 31
0.0
  0
LINE
  5
401
330
17
100
AcDbEntity
  8
SARR_2.2x7
  6
HIDDEN
 48
30.0
100
AcDbLine
 10
662.1666666666666
 20
480.0
 30
0.0
 11
662.1666666666666
 21
760.0
 31
0.0
  0
LINE
  5
402
330
17
100
AcDbEntity
  8
SARR_2.2x7
  6
HIDDEN
 48
30.0
100
AcDbLine
 10
679.4333333333333
 20
480.0
 30
0.0
 11
679.4333333333333
 21
760.0
 31
0.0
  0
LINE
  5
403
330
17
100
AcDbEntity
  8
SARR_2.2x7
  6
HIDDEN
 48
30.0
100
AcDbLine
 10
696.6999999999999
 20
480.0
 30
0.0
 11
696.6999999999999
 21
760.0
 31
0.0
  0
TEXT
  5
404
330
17
100
AcDbEntity
  8
Texto Secao
 62
2
100
AcDbText
 10
670.8
 20
472.0
 30
0.0
 40
4.5
  1
P18.C
 50
90.0
100
AcDbText
  0
LWPOLYLINE
  5
405
330
17
100
AcDbEntity
  8
Paineis
100
AcDbPolyline
 90
4
 70
1
 10
705.8
 20
480.0
 10
739.8
 20
480.0
 10
739.8
 20
726.0
 10
705.8
 20
726.0
  0
HATCH
  5
406
330
17
100
AcDbEntity
  8
Hachura
100
AcDbHatch
 10
0.0
 20
0.0
 30
0.0
210
0.0
220
0.0
230
1.0
  2
SOLID
 70
1
 71
0
 91
1
 92
3
 72
0
 73
1
 93
4
 10
705.8
 20
480.0
 10
739.8
 20
480.0
 10
739.8
 20
726.0
 10
705.8
 20
726.0
 97
0
 75
0
 76
1
 98
0
  0
HATCH
  5
407
330
17
100
AcDbEntity
  8
Hachura
100
AcDbHatch
 10
0.0
 20
0.0
 30
0.0
210
0.0
220
0.0
230
1.0
  2
ANSI31
 70
0
 71
0
 91
1
 92
3
 72
0
 73
1
 93
4
 10
705.8
 20
480.0
 10
739.8
 20
480.0
 10
739.8
 20
726.0
 10
705.8
 20
726.0
 97
0
 75
1
 76
1
 52
0.0
 41
5.0
 77
0
 78
1
 53
45.0
 43
0.0
 44
0.0
 45
-11.2253201515
 46
11.2253201515
 79
0
 98
0
  0
LWPOLYLINE
  5
408
330
17
100
AcDbEntity
  8
Paineis
100
AcDbPolyline
 90
4
 70
1
 10
705.8
 20
726.0
 10
739.8
 20
726.0
 10
739.8
 20
760.0
 10
705.8
 20
760.0
  0
HATCH
  5
409
330
17
100
AcDbEntity
  8
Hachura
100
AcDbHatch
 10
0.0
 20
0.0
 30
0.0
210
0.0
220
0.0
230
1.0
  2
SOLID
 70
1
 71
0
 91
1
 92
3
 72
0
 73
1
 93
4
 10
705.8
 20
726.0
 10
739.8
 20
726.0
 10
739.8
 20
760.0
 10
705.8
 20
760.0
 97
0
 75
0
 76
1
 98
0
  0
HATCH
  5
40A
330
17
100
AcDbEntity
  8
Hachura
100
AcDbHatch
 10
0.0
 20
0.0
 30
0.0
210
0.0
220
0.0
230
1.0
  2
ANSI31
 70
0
 71
0
 91
1
 92
3
 72
0
 73
1
 93
4
 10
705.8
 20
726.0
 10
739.8
 20
726.0
 10
739.8
 20
760.0
 10
705.8
 20
760.0
 97
0
 75
1
 76
1
 52
0.0
 41
2.5
 77
0
 78
1
 53
45.0
 43
0.0
 44
0.0
 45
-5.6126600758
 46
5.6126600758
 79
0
 98
0
  0
LINE
  5
40B
330
17
100
AcDbEntity
  8
Paineis
100
AcDbLine
 10
705.8
 20
724.0
 30
0.0
 11
739.8
 21
724.0
 31
0.0
  0
LINE
  5
40C
330
17
100
AcDbEntity
  8
Paineis
100
AcDbLine
 10
705.8
 20
482.0
 30
0.0
 11
739.8
 21
482.0
 31
0.0
  0
LINE
  5
40D
330
17
100
AcDbEntity
  8
SARR_2.2x7
  6
HIDDEN
 48
30.0
100
AcDbLine
 10
706.9
 20
480.0
 30
0.0
 11
706.9
 21
760.0
 31
0.0
  0
LINE
  5
40E
330
17
100
AcDbEntity
  8
SARR_2.2x7
  6
HIDDEN
 48
30.0
100
AcDbLine
 10
738.6999999999999
 20
480.0
 30
0.0
 11
738.6999999999999
 21
760.0
 31
0.0
  0
TEXT
  5
40F
330
17
100
AcDbEntity
  8
Texto Secao
 62
2
100
AcDbText
 10
722.8
 20
472.0
 30
0.0
 40
4.5
  1
P18.D
 50
90.0
100
AcDbText
  0
LINE
  5
410
330
17
100
AcDbEntity
  8
COTA
 62
8
100
AcDbLine
 10
747.8
 20
480.0
 30
0.0
 11
747.8
 21
760.0
 31
0.0
  0
LINE
  5
411
330
17
100
AcDbEntity
  8
COTA
 62
8
100
AcDbLine
 10
745.8
 20
480.0
 30
0.0
 11
749.8
 21
480.0
 31
0.0
  0
LINE
  5
412
330
17
100
AcDbEntity
  8
COTA
 62
8
100
AcDbLine
 10
745.8
 20
482.0
 30
0.0
 11
749.8
 21
482.0
 31
0.0
  0
TEXT
  5
413
330
17
100
AcDbEntity
  8
COTA
 62
8
100
AcDbText
 10
752.8
 20
481.0
 30
0.0
 40
3.0
  1
h1=2
100
AcDbText
  0
LINE
  5
414
330
17
100
AcDbEntity
  8
COTA
 62
8
100
AcDbLine
 10
745.8
 20
482.0
 30
0.0
 11
749.8
 21
482.0
 31
0.0
  0
LINE
  5
415
330
17
100
AcDbEntity
  8
COTA
 62
8
100
AcDbLine
 10
745.8
 20
726.0
 30
0.0
 11
749.8
 21
726.0
 31
0.0
  0
TEXT
  5
416
330
17
100
AcDbEntity
  8
COTA
 62
8
100
AcDbText
 10
752.8
 20
604.0
 30
0.0
 40
3.0
  1
h2=244
100
AcDbText
  0
LINE
  5
417
330
17
100
AcDbEntity
  8
COTA
 62
8
100
AcDbLine
 10
745.8
 20
726.0
 30
0.0
 11
749.8
 21
726.0
 31
0.0
  0
LINE
  5
418
330
17
100
AcDbEntity
  8
COTA
 62
8
100
AcDbLine
 10
745.8
 20
760.0
 30
0.0
 11
749.8
 21
760.0
 31
0.0
  0
TEXT
  5
419
330
17
100
AcDbEntity
  8
COTA
 62
8
100
AcDbText
 10
752.8
 20
743.0
 30
0.0
 40
3.0
  1
h3=34
100
AcDbText
  0
TEXT
  5
41A
330
17
100
AcDbEntity
  8
COTA
 62
8
100
AcDbText
 10
752.8
 20
763.0
 30
0.0
 40
3.5
  1
TOTAL=280
100
AcDbText
  0
LINE
  5
41B
330
17
100
AcDbEntity
  8
Nivel
 62
4
100
AcDbLine
 10
415.4
 20
480.0
 30
0.0
 11
752.8
 21
480.0
 31
0.0
  0
LINE
  5
41C
330
17
100
AcDbEntity
  8
Nivel
 62
4
100
AcDbLine
 10
414.4
 20
485.0
 30
0.0
 11
417.4
 21
480.0
 31
0.0
  0
LINE
  5
41D
330
17
100
AcDbEntity
  8
Nivel
 62
4
100
AcDbLine
 10
420.4
 20
485.0
 30
0.0
 11
417.4
 21
480.0
 31
0.0
  0
TEXT
  5
41E
330
17
100
AcDbEntity
  8
Nivel
 62
4
100
AcDbText
 10
422.4
 20
481.0
 30
0.0
 40
4.0
  1
1o PAV.
100
AcDbText
  0
LINE
  5
41F
330
17
100
AcDbEntity
  8
Nivel
 62
4
100
AcDbLine
 10
415.4
 20
726.0
 30
0.0
 11
752.8
 21
726.0
 31
0.0
  0
LINE
  5
420
330
17
100
AcDbEntity
  8
Nivel
 62
4
100
AcDbLine
 10
414.4
 20
731.0
 30
0.0
 11
417.4
 21
726.0
 31
0.0
  0
LINE
  5
421
330
17
100
AcDbEntity
  8
Nivel
 62
4
100
AcDbLine
 10
420.4
 20
731.0
 30
0.0
 11
417.4
 21
726.0
 31
0.0
  0
TEXT
  5
422
330
17
100
AcDbEntity
  8
Nivel
 62
4
100
AcDbText
 10
422.4
 20
727.0
 30
0.0
 40
4.0
  1
2o PAV.
100
AcDbText
  0
LWPOLYLINE
  5
423
330
17
100
AcDbEntity
  8
CARIMBO
 62
40
100
AcDbPolyline
 90
4
 70
1
 10
413.4
 20
425.0
 10
776.8
 20
425.0
 10
776.8
 20
465.0
 10
413.4
 20
465.0
  0
LINE
  5
424
330
17
100
AcDbEntity
  8
CARIMBO
 62
40
100
AcDbLine
 10
413.4
 20
435.0
 30
0.0
 11
776.8
 21
435.0
 31
0.0
  0
LINE
  5
425
330
17
100
AcDbEntity
  8
CARIMBO
 62
40
100
AcDbLine
 10
413.4
 20
445.0
 30
0.0
 11
776.8
 21
445.0
 31
0.0
  0
LINE
  5
426
330
17
100
AcDbEntity
  8
CARIMBO
 62
40
100
AcDbLine
 10
413.4
 20
455.0
 30
0.0
 11
776.8
 21
455.0
 31
0.0
  0
LINE
  5
427
330
17
100
AcDbEntity
  8
CARIMBO
 62
40
100
AcDbLine
 10
540.5899999999999
 20
425.0
 30
0.0
 11
540.5899999999999
 21
465.0
 31
0.0
  0
TEXT
  5
428
330
17
100
AcDbEntity
  8
CARIMBO
 62
9
100
AcDbText
 10
416.4
 20
460.0
 30
0.0
 40
3.0
  1
CLIENTE:
100
AcDbText
  0
TEXT
  5
429
330
17
100
AcDbEntity
  8
TEXTO_GERAL
 62
2
100
AcDbText
 10
543.5899999999999
 20
460.0
 30
0.0
 40
3.0
  1
ALIMONTI
100
AcDbText
  0
TEXT
  5
42A
330
17
100
AcDbEntity
  8
CARIMBO
 62
9
100
AcDbText
 10
416.4
 20
450.0
 30
0.0
 40
3.0
  1
OBRA:
100
AcDbText
  0
TEXT
  5
42B
330
17
100
AcDbEntity
  8
TEXTO_GERAL
 62
2
100
AcDbText
 10
543.5899999999999
 20
450.0
 30
0.0
 40
3.0
  1
Obra_TREINO_1
100
AcDbText
  0
TEXT
  5
42C
330
17
100
AcDbEntity
  8
CARIMBO
 62
9
100
AcDbText
 10
416.4
 20
440.0
 30
0.0
 40
3.0
  1
PAVIMENTO:
100
AcDbText
  0
TEXT
  5
42D
330
17
100
AcDbEntity
  8
TEXTO_GERAL
 62
2
100
AcDbText
 10
543.5899999999999
 20
440.0
 30
0.0
 40
3.0
  1
TERREO
100
AcDbText
  0
TEXT
  5
42E
330
17
100
AcDbEntity
  8
CARIMBO
 62
9
100
AcDbText
 10
416.4
 20
430.0
 30
0.0
 40
3.0
  1
PROJETO:
100
AcDbText
  0
TEXT
  5
42F
330
17
100
AcDbEntity
  8
TEXTO_GERAL
 62
2
100
AcDbText
 10
543.5899999999999
 20
430.0
 30
0.0
 40
3.0
  1
PILARES
100
AcDbText
  0
TEXT
  5
430
330
17
100
AcDbEntity
  8
LABEL_ID
 62
3
100
AcDbText
 10
761.8
 20
430.0
 30
0.0
 40
8.0
  1
07
100
AcDbText
  0
LWPOLYLINE
  5
431
330
17
100
AcDbEntity
  8
BORDA_CELULA
 62
9
100
AcDbPolyline
 90
4
 70
1
 10
796.8
 20
425.0
 10
1147.4
 20
425.0
 10
1147.4
 20
830.0
 10
796.8
 20
830.0
  0
TEXT
  5
432
330
17
100
AcDbEntity
  8
TEXTO_GERAL
 62
2
100
AcDbText
 10
1137.4
 20
825.0
 30
0.0
 40
3.0
  1
TÉRREO - PD: 280.00
 72
2
 11
1137.4
 21
825.0
 31
0.0
100
AcDbText
  0
TEXT
  5
433
330
17
100
AcDbEntity
  8
TEXTO_GERAL
 62
2
100
AcDbText
 10
1137.4
 20
820.0
 30
0.0
 40
3.0
  1
NIVEL DE SAIDA: 280.00
 72
2
 11
1137.4
 21
820.0
 31
0.0
100
AcDbText
  0
TEXT
  5
434
330
17
100
AcDbEntity
  8
TEXTO_GERAL
 62
2
100
AcDbText
 10
1137.4
 20
815.0
 30
0.0
 40
3.0
  1
NIVEL DE CHEGADA: 0.00
 72
2
 11
1137.4
 21
815.0
 31
0.0
100
AcDbText
  0
TEXT
  5
435
330
17
100
AcDbEntity
  8
NOMENCLATURA
 62
1
100
AcDbText
 10
816.8
 20
818.0
 30
0.0
 40
10.0
  1
P19
100
AcDbText
  0
LWPOLYLINE
  5
436
330
17
100
AcDbEntity
  8
CONCRETO
 62
4
100
AcDbPolyline
 90
4
 70
1
 10
828.0
 20
724.6000000000001
 10
882.0
 20
724.6000000000001
 10
882.0
 20
752.2000000000002
 10
828.0
 20
752.2000000000002
  0
HATCH
  5
437
330
17
100
AcDbEntity
  8
COTA
100
AcDbHatch
 10
0.0
 20
0.0
 30
0.0
210
0.0
220
0.0
230
1.0
  2
AR-CONC
 70
0
 71
0
 91
1
 92
3
 72
0
 73
1
 93
4
 10
828.0
 20
724.6000000000001
 10
882.0
 20
724.6000000000001
 10
882.0
 20
752.2000000000002
 10
828.0
 20
752.2000000000002
 97
0
 75
1
 76
1
 52
0.0
 41
0.03
 77
0
 78
13
 53
50.0
 43
0.0
 44
0.0
 45
5.4655400699
 46
-0.4781725662
 79
2
 49
0.5715
 49
-6.2865
 53
355.0
 43
0.0
 44
0.0
 45
-1.0573026428
 46
5.7317053572
 79
2
 49
0.4572
 49
-5.0292175251
 53
100.4514447
 43
0.45546021
 44
-0.039847605
 45
4.4082374127
 46
5.2535325574
 79
2
 49
0.485700264
 49
-5.342707338
 53
46.1842
 43
0.0
 44
1.524
 45
8.1323712268
 46
-1.261269838
 79
2
 49
0.85725
 49
-9.42975
 53
96.63555761
 43
0.677697
 44
1.418895
 45
7.1221240215
 46
7.4227837379
 79
2
 49
0.7285506942
 49
-8.0140682448
 53
351.18415117
 43
0.0
 44
1.524
 45
7.1221240219
 46
7.4227837376
 79
2
 49
0.6857990121
 49
-7.5437919576
 53
21.0
 43
0.762
 44
1.143
 45
4.5484317381
 46
-3.0679559456
 79
2
 49
0.5715
 49
-6.2865
 53
326.0
 43
0.762
 44
1.143
 45
1.8540608504
 46
5.5256389837
 79
2
 49
0.4572
 49
-5.0292
 53
71.451445
 43
1.141035978
 44
0.887337003
 45
6.4024925784
 46
2.4576830666
 79
2
 49
0.485700264
 49
-5.342698128
 53
37.5
 43
0.0
 44
0.0
 45
0.0926580975
 46
2.5366511662
 79
6
 49
0.0
 49
-4.96824
 49
0.0
 49
-5.1054
 49
0.0
 49
-5.04825
 53
7.5
 43
0.0
 44
0.0
 45
2.0045898753
 46
3.0054172445
 79
6
 49
0.0
 49
-2.91084
 49
0.0
 49
-4.85394
 49
0.0
 49
-1.92405
 53
-32.5
 43
-1.69926
 44
0.0
 45
4.067717855
 46
-0.1718623198
 79
6
 49
0.0
 49
-1.905
 49
0.0
 49
-5.9436
 49
0.0
 49
-7.8867
 53
-42.5
 43
-2.46126
 44
0.0
 45
4.4438754416
 46
0.762794731
 79
6
 49
0.0
 49
-2.4765
 49
0.0
 49
-3.94716
 49
0.0
 49
-5.6007
 98
0
  0
LWPOLYLINE
  5
438
330
17
100
AcDbEntity
  8
Paineis
100
AcDbPolyline
 90
4
 70
1
 10
828.0
 20
722.4000000000001
 10
882.0
 20
722.4000000000001
 10
882.0
 20
724.6000000000001
 10
828.0
 20
724.6000000000001
  0
HATCH
  5
439
330
17
100
AcDbEntity
  8
Paineis
100
AcDbHatch
 10
0.0
 20
0.0
 30
0.0
210
0.0
220
0.0
230
1.0
  2
SOLID
 70
1
 71
0
 91
1
 92
3
 72
0
 73
1
 93
4
 10
828.0
 20
722.4000000000001
 10
882.0
 20
722.4000000000001
 10
882.0
 20
724.6000000000001
 10
828.0
 20
724.6000000000001
 97
0
 75
0
 76
1
 98
0
  0
HATCH
  5
43A
330
17
100
AcDbEntity
  8
Paineis
100
AcDbHatch
 10
0.0
 20
0.0
 30
0.0
210
0.0
220
0.0
230
1.0
  2
ANSI31
 70
0
 71
0
 91
1
 92
3
 72
0
 73
1
 93
4
 10
828.0
 20
722.4000000000001
 10
882.0
 20
722.4000000000001
 10
882.0
 20
724.6000000000001
 10
828.0
 20
724.6000000000001
 97
0
 75
1
 76
1
 52
270.0
 41
0.5
 77
0
 78
1
 53
315.0
 43
-0.0
 44
-0.0
 45
1.1225320152
 46
1.1225320151
 79
0
 98
0
  0
LWPOLYLINE
  5
43B
330
17
100
AcDbEntity
  8
Paineis
100
AcDbPolyline
 90
4
 70
1
 10
828.0
 20
752.2000000000002
 10
882.0
 20
752.2000000000002
 10
882.0
 20
754.4000000000002
 10
828.0
 20
754.4000000000002
  0
HATCH
  5
43C
330
17
100
AcDbEntity
  8
Paineis
100
AcDbHatch
 10
0.0
 20
0.0
 30
0.0
210
0.0
220
0.0
230
1.0
  2
SOLID
 70
1
 71
0
 91
1
 92
3
 72
0
 73
1
 93
4
 10
828.0
 20
752.2000000000002
 10
882.0
 20
752.2000000000002
 10
882.0
 20
754.4000000000002
 10
828.0
 20
754.4000000000002
 97
0
 75
0
 76
1
 98
0
  0
HATCH
  5
43D
330
17
100
AcDbEntity
  8
Paineis
100
AcDbHatch
 10
0.0
 20
0.0
 30
0.0
210
0.0
220
0.0
230
1.0
  2
ANSI31
 70
0
 71
0
 91
1
 92
3
 72
0
 73
1
 93
4
 10
828.0
 20
752.2000000000002
 10
882.0
 20
752.2000000000002
 10
882.0
 20
754.4000000000002
 10
828.0
 20
754.4000000000002
 97
0
 75
1
 76
1
 52
270.0
 41
0.5
 77
0
 78
1
 53
315.0
 43
-0.0
 44
-0.0
 45
1.1225320152
 46
1.1225320151
 79
0
 98
0
  0
LWPOLYLINE
  5
43E
330
17
100
AcDbEntity
  8
Paineis
100
AcDbPolyline
 90
4
 70
1
 10
825.8
 20
724.6000000000001
 10
828.0
 20
724.6000000000001
 10
828.0
 20
752.2000000000002
 10
825.8
 20
752.2000000000002
  0
HATCH
  5
43F
330
17
100
AcDbEntity
  8
Paineis
100
AcDbHatch
 10
0.0
 20
0.0
 30
0.0
210
0.0
220
0.0
230
1.0
  2
SOLID
 70
1
 71
0
 91
1
 92
3
 72
0
 73
1
 93
4
 10
825.8
 20
724.6000000000001
 10
828.0
 20
724.6000000000001
 10
828.0
 20
752.2000000000002
 10
825.8
 20
752.2000000000002
 97
0
 75
0
 76
1
 98
0
  0
HATCH
  5
440
330
17
100
AcDbEntity
  8
Paineis
100
AcDbHatch
 10
0.0
 20
0.0
 30
0.0
210
0.0
220
0.0
230
1.0
  2
ANSI31
 70
0
 71
0
 91
1
 92
3
 72
0
 73
1
 93
4
 10
825.8
 20
724.6000000000001
 10
828.0
 20
724.6000000000001
 10
828.0
 20
752.2000000000002
 10
825.8
 20
752.2000000000002
 97
0
 75
1
 76
1
 52
270.0
 41
0.5
 77
0
 78
1
 53
315.0
 43
-0.0
 44
-0.0
 45
1.1225320152
 46
1.1225320151
 79
0
 98
0
  0
LWPOLYLINE
  5
441
330
17
100
AcDbEntity
  8
Paineis
100
AcDbPolyline
 90
4
 70
1
 10
882.0
 20
724.6000000000001
 10
884.2
 20
724.6000000000001
 10
884.2
 20
752.2000000000002
 10
882.0
 20
752.2000000000002
  0
HATCH
  5
442
330
17
100
AcDbEntity
  8
Paineis
100
AcDbHatch
 10
0.0
 20
0.0
 30
0.0
210
0.0
220
0.0
230
1.0
  2
SOLID
 70
1
 71
0
 91
1
 92
3
 72
0
 73
1
 93
4
 10
882.0
 20
724.6000000000001
 10
884.2
 20
724.6000000000001
 10
884.2
 20
752.2000000000002
 10
882.0
 20
752.2000000000002
 97
0
 75
0
 76
1
 98
0
  0
HATCH
  5
443
330
17
100
AcDbEntity
  8
Paineis
100
AcDbHatch
 10
0.0
 20
0.0
 30
0.0
210
0.0
220
0.0
230
1.0
  2
ANSI31
 70
0
 71
0
 91
1
 92
3
 72
0
 73
1
 93
4
 10
882.0
 20
724.6000000000001
 10
884.2
 20
724.6000000000001
 10
884.2
 20
752.2000000000002
 10
882.0
 20
752.2000000000002
 97
0
 75
1
 76
1
 52
270.0
 41
0.5
 77
0
 78
1
 53
315.0
 43
-0.0
 44
-0.0
 45
1.1225320152
 46
1.1225320151
 79
0
 98
0
  0
LWPOLYLINE
  5
444
330
17
100
AcDbEntity
  8
SARR_2.2x7
100
AcDbPolyline
 90
4
 70
1
 10
828.0
 20
715.4000000000001
 10
830.2
 20
715.4000000000001
 10
830.2
 20
722.4000000000001
 10
828.0
 20
722.4000000000001
  0
HATCH
  5
445
330
17
100
AcDbEntity
  8
SARR_2.2x7
100
AcDbHatch
 10
0.0
 20
0.0
 30
0.0
210
0.0
220
0.0
230
1.0
  2
SOLID
 70
1
 71
0
 91
1
 92
3
 72
0
 73
1
 93
4
 10
828.0
 20
715.4000000000001
 10
830.2
 20
715.4000000000001
 10
830.2
 20
722.4000000000001
 10
828.0
 20
722.4000000000001
 97
0
 75
0
 76
1
 98
0
  0
HATCH
  5
446
330
17
100
AcDbEntity
  8
SARR_2.2x7
100
AcDbHatch
 10
0.0
 20
0.0
 30
0.0
210
0.0
220
0.0
230
1.0
  2
ANSI31
 70
0
 71
0
 91
1
 92
3
 72
0
 73
1
 93
4
 10
828.0
 20
715.4000000000001
 10
830.2
 20
715.4000000000001
 10
830.2
 20
722.4000000000001
 10
828.0
 20
722.4000000000001
 97
0
 75
1
 76
1
 52
270.0
 41
0.5
 77
0
 78
1
 53
315.0
 43
-0.0
 44
-0.0
 45
1.1225320152
 46
1.1225320151
 79
0
 98
0
  0
LWPOLYLINE
  5
447
330
17
100
AcDbEntity
  8
SARR_2.2x7
100
AcDbPolyline
 90
4
 70
1
 10
845.2666666666667
 20
715.4000000000001
 10
847.4666666666667
 20
715.4000000000001
 10
847.4666666666667
 20
722.4000000000001
 10
845.2666666666667
 20
722.4000000000001
  0
HATCH
  5
448
330
17
100
AcDbEntity
  8
SARR_2.2x7
100
AcDbHatch
 10
0.0
 20
0.0
 30
0.0
210
0.0
220
0.0
230
1.0
  2
SOLID
 70
1
 71
0
 91
1
 92
3
 72
0
 73
1
 93
4
 10
845.2666666666667
 20
715.4000000000001
 10
847.4666666666667
 20
715.4000000000001
 10
847.4666666666667
 20
722.4000000000001
 10
845.2666666666667
 20
722.4000000000001
 97
0
 75
0
 76
1
 98
0
  0
HATCH
  5
449
330
17
100
AcDbEntity
  8
SARR_2.2x7
100
AcDbHatch
 10
0.0
 20
0.0
 30
0.0
210
0.0
220
0.0
230
1.0
  2
ANSI31
 70
0
 71
0
 91
1
 92
3
 72
0
 73
1
 93
4
 10
845.2666666666667
 20
715.4000000000001
 10
847.4666666666667
 20
715.4000000000001
 10
847.4666666666667
 20
722.4000000000001
 10
845.2666666666667
 20
722.4000000000001
 97
0
 75
1
 76
1
 52
270.0
 41
0.5
 77
0
 78
1
 53
315.0
 43
-0.0
 44
-0.0
 45
1.1225320152
 46
1.1225320151
 79
0
 98
0
  0
LWPOLYLINE
  5
44A
330
17
100
AcDbEntity
  8
SARR_2.2x7
100
AcDbPolyline
 90
4
 70
1
 10
862.5333333333333
 20
715.4000000000001
 10
864.7333333333333
 20
715.4000000000001
 10
864.7333333333333
 20
722.4000000000001
 10
862.5333333333333
 20
722.4000000000001
  0
HATCH
  5
44B
330
17
100
AcDbEntity
  8
SARR_2.2x7
100
AcDbHatch
 10
0.0
 20
0.0
 30
0.0
210
0.0
220
0.0
230
1.0
  2
SOLID
 70
1
 71
0
 91
1
 92
3
 72
0
 73
1
 93
4
 10
862.5333333333333
 20
715.4000000000001
 10
864.7333333333333
 20
715.4000000000001
 10
864.7333333333333
 20
722.4000000000001
 10
862.5333333333333
 20
722.4000000000001
 97
0
 75
0
 76
1
 98
0
  0
HATCH
  5
44C
330
17
100
AcDbEntity
  8
SARR_2.2x7
100
AcDbHatch
 10
0.0
 20
0.0
 30
0.0
210
0.0
220
0.0
230
1.0
  2
ANSI31
 70
0
 71
0
 91
1
 92
3
 72
0
 73
1
 93
4
 10
862.5333333333333
 20
715.4000000000001
 10
864.7333333333333
 20
715.4000000000001
 10
864.7333333333333
 20
722.4000000000001
 10
862.5333333333333
 20
722.4000000000001
 97
0
 75
1
 76
1
 52
270.0
 41
0.5
 77
0
 78
1
 53
315.0
 43
-0.0
 44
-0.0
 45
1.1225320152
 46
1.1225320151
 79
0
 98
0
  0
LWPOLYLINE
  5
44D
330
17
100
AcDbEntity
  8
SARR_2.2x7
100
AcDbPolyline
 90
4
 70
1
 10
879.8
 20
715.4000000000001
 10
882.0
 20
715.4000000000001
 10
882.0
 20
722.4000000000001
 10
879.8
 20
722.4000000000001
  0
HATCH
  5
44E
330
17
100
AcDbEntity
  8
SARR_2.2x7
100
AcDbHatch
 10
0.0
 20
0.0
 30
0.0
210
0.0
220
0.0
230
1.0
  2
SOLID
 70
1
 71
0
 91
1
 92
3
 72
0
 73
1
 93
4
 10
879.8
 20
715.4000000000001
 10
882.0
 20
715.4000000000001
 10
882.0
 20
722.4000000000001
 10
879.8
 20
722.4000000000001
 97
0
 75
0
 76
1
 98
0
  0
HATCH
  5
44F
330
17
100
AcDbEntity
  8
SARR_2.2x7
100
AcDbHatch
 10
0.0
 20
0.0
 30
0.0
210
0.0
220
0.0
230
1.0
  2
ANSI31
 70
0
 71
0
 91
1
 92
3
 72
0
 73
1
 93
4
 10
879.8
 20
715.4000000000001
 10
882.0
 20
715.4000000000001
 10
882.0
 20
722.4000000000001
 10
879.8
 20
722.4000000000001
 97
0
 75
1
 76
1
 52
270.0
 41
0.5
 77
0
 78
1
 53
315.0
 43
-0.0
 44
-0.0
 45
1.1225320152
 46
1.1225320151
 79
0
 98
0
  0
LWPOLYLINE
  5
450
330
17
100
AcDbEntity
  8
SARR_2.2x7
100
AcDbPolyline
 90
4
 70
1
 10
828.0
 20
754.4000000000002
 10
830.2
 20
754.4000000000002
 10
830.2
 20
761.4000000000002
 10
828.0
 20
761.4000000000002
  0
HATCH
  5
451
330
17
100
AcDbEntity
  8
SARR_2.2x7
100
AcDbHatch
 10
0.0
 20
0.0
 30
0.0
210
0.0
220
0.0
230
1.0
  2
SOLID
 70
1
 71
0
 91
1
 92
3
 72
0
 73
1
 93
4
 10
828.0
 20
754.4000000000002
 10
830.2
 20
754.4000000000002
 10
830.2
 20
761.4000000000002
 10
828.0
 20
761.4000000000002
 97
0
 75
0
 76
1
 98
0
  0
HATCH
  5
452
330
17
100
AcDbEntity
  8
SARR_2.2x7
100
AcDbHatch
 10
0.0
 20
0.0
 30
0.0
210
0.0
220
0.0
230
1.0
  2
ANSI31
 70
0
 71
0
 91
1
 92
3
 72
0
 73
1
 93
4
 10
828.0
 20
754.4000000000002
 10
830.2
 20
754.4000000000002
 10
830.2
 20
761.4000000000002
 10
828.0
 20
761.4000000000002
 97
0
 75
1
 76
1
 52
270.0
 41
0.5
 77
0
 78
1
 53
315.0
 43
-0.0
 44
-0.0
 45
1.1225320152
 46
1.1225320151
 79
0
 98
0
  0
LWPOLYLINE
  5
453
330
17
100
AcDbEntity
  8
SARR_2.2x7
100
AcDbPolyline
 90
4
 70
1
 10
845.2666666666667
 20
754.4000000000002
 10
847.4666666666667
 20
754.4000000000002
 10
847.4666666666667
 20
761.4000000000002
 10
845.2666666666667
 20
761.4000000000002
  0
HATCH
  5
454
330
17
100
AcDbEntity
  8
SARR_2.2x7
100
AcDbHatch
 10
0.0
 20
0.0
 30
0.0
210
0.0
220
0.0
230
1.0
  2
SOLID
 70
1
 71
0
 91
1
 92
3
 72
0
 73
1
 93
4
 10
845.2666666666667
 20
754.4000000000002
 10
847.4666666666667
 20
754.4000000000002
 10
847.4666666666667
 20
761.4000000000002
 10
845.2666666666667
 20
761.4000000000002
 97
0
 75
0
 76
1
 98
0
  0
HATCH
  5
455
330
17
100
AcDbEntity
  8
SARR_2.2x7
100
AcDbHatch
 10
0.0
 20
0.0
 30
0.0
210
0.0
220
0.0
230
1.0
  2
ANSI31
 70
0
 71
0
 91
1
 92
3
 72
0
 73
1
 93
4
 10
845.2666666666667
 20
754.4000000000002
 10
847.4666666666667
 20
754.4000000000002
 10
847.4666666666667
 20
761.4000000000002
 10
845.2666666666667
 20
761.4000000000002
 97
0
 75
1
 76
1
 52
270.0
 41
0.5
 77
0
 78
1
 53
315.0
 43
-0.0
 44
-0.0
 45
1.1225320152
 46
1.1225320151
 79
0
 98
0
  0
LWPOLYLINE
  5
456
330
17
100
AcDbEntity
  8
SARR_2.2x7
100
AcDbPolyline
 90
4
 70
1
 10
862.5333333333333
 20
754.4000000000002
 10
864.7333333333333
 20
754.4000000000002
 10
864.7333333333333
 20
761.4000000000002
 10
862.5333333333333
 20
761.4000000000002
  0
HATCH
  5
457
330
17
100
AcDbEntity
  8
SARR_2.2x7
100
AcDbHatch
 10
0.0
 20
0.0
 30
0.0
210
0.0
220
0.0
230
1.0
  2
SOLID
 70
1
 71
0
 91
1
 92
3
 72
0
 73
1
 93
4
 10
862.5333333333333
 20
754.4000000000002
 10
864.7333333333333
 20
754.4000000000002
 10
864.7333333333333
 20
761.4000000000002
 10
862.5333333333333
 20
761.4000000000002
 97
0
 75
0
 76
1
 98
0
  0
HATCH
  5
458
330
17
100
AcDbEntity
  8
SARR_2.2x7
100
AcDbHatch
 10
0.0
 20
0.0
 30
0.0
210
0.0
220
0.0
230
1.0
  2
ANSI31
 70
0
 71
0
 91
1
 92
3
 72
0
 73
1
 93
4
 10
862.5333333333333
 20
754.4000000000002
 10
864.7333333333333
 20
754.4000000000002
 10
864.7333333333333
 20
761.4000000000002
 10
862.5333333333333
 20
761.4000000000002
 97
0
 75
1
 76
1
 52
270.0
 41
0.5
 77
0
 78
1
 53
315.0
 43
-0.0
 44
-0.0
 45
1.1225320152
 46
1.1225320151
 79
0
 98
0
  0
LWPOLYLINE
  5
459
330
17
100
AcDbEntity
  8
SARR_2.2x7
100
AcDbPolyline
 90
4
 70
1
 10
879.8
 20
754.4000000000002
 10
882.0
 20
754.4000000000002
 10
882.0
 20
761.4000000000002
 10
879.8
 20
761.4000000000002
  0
HATCH
  5
45A
330
17
100
AcDbEntity
  8
SARR_2.2x7
100
AcDbHatch
 10
0.0
 20
0.0
 30
0.0
210
0.0
220
0.0
230
1.0
  2
SOLID
 70
1
 71
0
 91
1
 92
3
 72
0
 73
1
 93
4
 10
879.8
 20
754.4000000000002
 10
882.0
 20
754.4000000000002
 10
882.0
 20
761.4000000000002
 10
879.8
 20
761.4000000000002
 97
0
 75
0
 76
1
 98
0
  0
HATCH
  5
45B
330
17
100
AcDbEntity
  8
SARR_2.2x7
100
AcDbHatch
 10
0.0
 20
0.0
 30
0.0
210
0.0
220
0.0
230
1.0
  2
ANSI31
 70
0
 71
0
 91
1
 92
3
 72
0
 73
1
 93
4
 10
879.8
 20
754.4000000000002
 10
882.0
 20
754.4000000000002
 10
882.0
 20
761.4000000000002
 10
879.8
 20
761.4000000000002
 97
0
 75
1
 76
1
 52
270.0
 41
0.5
 77
0
 78
1
 53
315.0
 43
-0.0
 44
-0.0
 45
1.1225320152
 46
1.1225320151
 79
0
 98
0
  0
LWPOLYLINE
  5
45C
330
17
100
AcDbEntity
  8
SARR_2.2x7
100
AcDbPolyline
 90
4
 70
1
 10
818.8
 20
724.6000000000001
 10
825.8
 20
724.6000000000001
 10
825.8
 20
726.8000000000002
 10
818.8
 20
726.8000000000002
  0
HATCH
  5
45D
330
17
100
AcDbEntity
  8
SARR_2.2x7
100
AcDbHatch
 10
0.0
 20
0.0
 30
0.0
210
0.0
220
0.0
230
1.0
  2
SOLID
 70
1
 71
0
 91
1
 92
3
 72
0
 73
1
 93
4
 10
818.8
 20
724.6000000000001
 10
825.8
 20
724.6000000000001
 10
825.8
 20
726.8000000000002
 10
818.8
 20
726.8000000000002
 97
0
 75
0
 76
1
 98
0
  0
HATCH
  5
45E
330
17
100
AcDbEntity
  8
SARR_2.2x7
100
AcDbHatch
 10
0.0
 20
0.0
 30
0.0
210
0.0
220
0.0
230
1.0
  2
ANSI31
 70
0
 71
0
 91
1
 92
3
 72
0
 73
1
 93
4
 10
818.8
 20
724.6000000000001
 10
825.8
 20
724.6000000000001
 10
825.8
 20
726.8000000000002
 10
818.8
 20
726.8000000000002
 97
0
 75
1
 76
1
 52
270.0
 41
0.5
 77
0
 78
1
 53
315.0
 43
-0.0
 44
-0.0
 45
1.1225320152
 46
1.1225320151
 79
0
 98
0
  0
LWPOLYLINE
  5
45F
330
17
100
AcDbEntity
  8
SARR_2.2x7
100
AcDbPolyline
 90
4
 70
1
 10
818.8
 20
750.0000000000001
 10
825.8
 20
750.0000000000001
 10
825.8
 20
752.2000000000002
 10
818.8
 20
752.2000000000002
  0
HATCH
  5
460
330
17
100
AcDbEntity
  8
SARR_2.2x7
100
AcDbHatch
 10
0.0
 20
0.0
 30
0.0
210
0.0
220
0.0
230
1.0
  2
SOLID
 70
1
 71
0
 91
1
 92
3
 72
0
 73
1
 93
4
 10
818.8
 20
750.0000000000001
 10
825.8
 20
750.0000000000001
 10
825.8
 20
752.2000000000002
 10
818.8
 20
752.2000000000002
 97
0
 75
0
 76
1
 98
0
  0
HATCH
  5
461
330
17
100
AcDbEntity
  8
SARR_2.2x7
100
AcDbHatch
 10
0.0
 20
0.0
 30
0.0
210
0.0
220
0.0
230
1.0
  2
ANSI31
 70
0
 71
0
 91
1
 92
3
 72
0
 73
1
 93
4
 10
818.8
 20
750.0000000000001
 10
825.8
 20
750.0000000000001
 10
825.8
 20
752.2000000000002
 10
818.8
 20
752.2000000000002
 97
0
 75
1
 76
1
 52
270.0
 41
0.5
 77
0
 78
1
 53
315.0
 43
-0.0
 44
-0.0
 45
1.1225320152
 46
1.1225320151
 79
0
 98
0
  0
LWPOLYLINE
  5
462
330
17
100
AcDbEntity
  8
SARR_2.2x7
100
AcDbPolyline
 90
4
 70
1
 10
884.2
 20
724.6000000000001
 10
891.2
 20
724.6000000000001
 10
891.2
 20
726.8000000000002
 10
884.2
 20
726.8000000000002
  0
HATCH
  5
463
330
17
100
AcDbEntity
  8
SARR_2.2x7
100
AcDbHatch
 10
0.0
 20
0.0
 30
0.0
210
0.0
220
0.0
230
1.0
  2
SOLID
 70
1
 71
0
 91
1
 92
3
 72
0
 73
1
 93
4
 10
884.2
 20
724.6000000000001
 10
891.2
 20
724.6000000000001
 10
891.2
 20
726.8000000000002
 10
884.2
 20
726.8000000000002
 97
0
 75
0
 76
1
 98
0
  0
HATCH
  5
464
330
17
100
AcDbEntity
  8
SARR_2.2x7
100
AcDbHatch
 10
0.0
 20
0.0
 30
0.0
210
0.0
220
0.0
230
1.0
  2
ANSI31
 70
0
 71
0
 91
1
 92
3
 72
0
 73
1
 93
4
 10
884.2
 20
724.6000000000001
 10
891.2
 20
724.6000000000001
 10
891.2
 20
726.8000000000002
 10
884.2
 20
726.8000000000002
 97
0
 75
1
 76
1
 52
270.0
 41
0.5
 77
0
 78
1
 53
315.0
 43
-0.0
 44
-0.0
 45
1.1225320152
 46
1.1225320151
 79
0
 98
0
  0
LWPOLYLINE
  5
465
330
17
100
AcDbEntity
  8
SARR_2.2x7
100
AcDbPolyline
 90
4
 70
1
 10
884.2
 20
750.0000000000001
 10
891.2
 20
750.0000000000001
 10
891.2
 20
752.2000000000002
 10
884.2
 20
752.2000000000002
  0
HATCH
  5
466
330
17
100
AcDbEntity
  8
SARR_2.2x7
100
AcDbHatch
 10
0.0
 20
0.0
 30
0.0
210
0.0
220
0.0
230
1.0
  2
SOLID
 70
1
 71
0
 91
1
 92
3
 72
0
 73
1
 93
4
 10
884.2
 20
750.0000000000001
 10
891.2
 20
750.0000000000001
 10
891.2
 20
752.2000000000002
 10
884.2
 20
752.2000000000002
 97
0
 75
0
 76
1
 98
0
  0
HATCH
  5
467
330
17
100
AcDbEntity
  8
SARR_2.2x7
100
AcDbHatch
 10
0.0
 20
0.0
 30
0.0
210
0.0
220
0.0
230
1.0
  2
ANSI31
 70
0
 71
0
 91
1
 92
3
 72
0
 73
1
 93
4
 10
884.2
 20
750.0000000000001
 10
891.2
 20
750.0000000000001
 10
891.2
 20
752.2000000000002
 10
884.2
 20
752.2000000000002
 97
0
 75
1
 76
1
 52
270.0
 41
0.5
 77
0
 78
1
 53
315.0
 43
-0.0
 44
-0.0
 45
1.1225320152
 46
1.1225320151
 79
0
 98
0
  0
LWPOLYLINE
  5
468
330
17
100
AcDbEntity
  8
CHAPA
 62
1
100
AcDbPolyline
 90
4
 70
1
 10
823.8
 20
720.4000000000001
 10
825.8
 20
720.4000000000001
 10
825.8
 20
722.4000000000001
 10
823.8
 20
722.4000000000001
  0
HATCH
  5
469
330
17
100
AcDbEntity
  8
CHAPA
 62
1
100
AcDbHatch
 10
0.0
 20
0.0
 30
0.0
210
0.0
220
0.0
230
1.0
  2
SOLID
 70
1
 71
0
 91
1
 92
3
 72
0
 73
1
 93
4
 10
823.8
 20
720.4000000000001
 10
825.8
 20
720.4000000000001
 10
825.8
 20
722.4000000000001
 10
823.8
 20
722.4000000000001
 97
0
 75
0
 76
1
 98
0
  0
LWPOLYLINE
  5
46A
330
17
100
AcDbEntity
  8
CHAPA
 62
1
100
AcDbPolyline
 90
4
 70
1
 10
884.2
 20
720.4000000000001
 10
886.2
 20
720.4000000000001
 10
886.2
 20
722.4000000000001
 10
884.2
 20
722.4000000000001
  0
HATCH
  5
46B
330
17
100
AcDbEntity
  8
CHAPA
 62
1
100
AcDbHatch
 10
0.0
 20
0.0
 30
0.0
210
0.0
220
0.0
230
1.0
  2
SOLID
 70
1
 71
0
 91
1
 92
3
 72
0
 73
1
 93
4
 10
884.2
 20
720.4000000000001
 10
886.2
 20
720.4000000000001
 10
886.2
 20
722.4000000000001
 10
884.2
 20
722.4000000000001
 97
0
 75
0
 76
1
 98
0
  0
LWPOLYLINE
  5
46C
330
17
100
AcDbEntity
  8
CHAPA
 62
1
100
AcDbPolyline
 90
4
 70
1
 10
884.2
 20
754.4000000000002
 10
886.2
 20
754.4000000000002
 10
886.2
 20
756.4000000000002
 10
884.2
 20
756.4000000000002
  0
HATCH
  5
46D
330
17
100
AcDbEntity
  8
CHAPA
 62
1
100
AcDbHatch
 10
0.0
 20
0.0
 30
0.0
210
0.0
220
0.0
230
1.0
  2
SOLID
 70
1
 71
0
 91
1
 92
3
 72
0
 73
1
 93
4
 10
884.2
 20
754.4000000000002
 10
886.2
 20
754.4000000000002
 10
886.2
 20
756.4000000000002
 10
884.2
 20
756.4000000000002
 97
0
 75
0
 76
1
 98
0
  0
LWPOLYLINE
  5
46E
330
17
100
AcDbEntity
  8
CHAPA
 62
1
100
AcDbPolyline
 90
4
 70
1
 10
823.8
 20
754.4000000000002
 10
825.8
 20
754.4000000000002
 10
825.8
 20
756.4000000000002
 10
823.8
 20
756.4000000000002
  0
HATCH
  5
46F
330
17
100
AcDbEntity
  8
CHAPA
 62
1
100
AcDbHatch
 10
0.0
 20
0.0
 30
0.0
210
0.0
220
0.0
230
1.0
  2
SOLID
 70
1
 71
0
 91
1
 92
3
 72
0
 73
1
 93
4
 10
823.8
 20
754.4000000000002
 10
825.8
 20
754.4000000000002
 10
825.8
 20
756.4000000000002
 10
823.8
 20
756.4000000000002
 97
0
 75
0
 76
1
 98
0
  0
TEXT
  5
470
330
17
100
AcDbEntity
  8
Texto Secao
 62
2
100
AcDbText
 10
855.0
 20
712.4000000000001
 30
0.0
 40
4.0
  1
A
 72
1
 11
855.0
 21
712.4000000000001
 31
0.0
100
AcDbText
 73
3
  0
TEXT
  5
471
330
17
100
AcDbEntity
  8
Texto Secao
 62
2
100
AcDbText
 10
855.0
 20
764.4000000000002
 30
0.0
 40
4.0
  1
C
 72
1
 11
855.0
 21
764.4000000000002
 31
0.0
100
AcDbText
 73
1
  0
TEXT
  5
472
330
17
100
AcDbEntity
  8
Texto Secao
 62
2
100
AcDbText
 10
815.8
 20
738.4000000000001
 30
0.0
 40
4.0
  1
D
 72
2
 11
815.8
 21
738.4000000000001
 31
0.0
100
AcDbText
 73
2
  0
TEXT
  5
473
330
17
100
AcDbEntity
  8
Texto Secao
 62
2
100
AcDbText
 10
894.2
 20
738.4000000000001
 30
0.0
 40
4.0
  1
B
 11
894.2
 21
738.4000000000001
 31
0.0
100
AcDbText
 73
2
  0
TEXT
  5
474
330
17
100
AcDbEntity
  8
Cota Secao (2x)
 62
4
100
AcDbText
 10
855.0
 20
703.4000000000001
 30
0.0
 40
3.4
  1
54x28cm
 72
1
 11
855.0
 21
703.4000000000001
 31
0.0
100
AcDbText
 73
3
  0
TEXT
  5
475
330
17
100
AcDbEntity
  8
Texto Secao
 62
2
100
AcDbText
 10
855.0
 20
773.4000000000002
 30
0.0
 40
4.0
  1
VISAO DE CIMA
 72
1
 11
855.0
 21
773.4000000000002
 31
0.0
100
AcDbText
 73
1
  0
LWPOLYLINE
  5
476
330
17
100
AcDbEntity
  8
Paineis
100
AcDbPolyline
 90
4
 70
1
 10
923.1999999999999
 20
480.0
 10
977.1999999999999
 20
480.0
 10
977.1999999999999
 20
726.0
 10
923.1999999999999
 20
726.0
  0
HATCH
  5
477
330
17
100
AcDbEntity
  8
Hachura
100
AcDbHatch
 10
0.0
 20
0.0
 30
0.0
210
0.0
220
0.0
230
1.0
  2
SOLID
 70
1
 71
0
 91
1
 92
3
 72
0
 73
1
 93
4
 10
923.1999999999999
 20
480.0
 10
977.1999999999999
 20
480.0
 10
977.1999999999999
 20
726.0
 10
923.1999999999999
 20
726.0
 97
0
 75
0
 76
1
 98
0
  0
HATCH
  5
478
330
17
100
AcDbEntity
  8
Hachura
100
AcDbHatch
 10
0.0
 20
0.0
 30
0.0
210
0.0
220
0.0
230
1.0
  2
ANSI31
 70
0
 71
0
 91
1
 92
3
 72
0
 73
1
 93
4
 10
923.1999999999999
 20
480.0
 10
977.1999999999999
 20
480.0
 10
977.1999999999999
 20
726.0
 10
923.1999999999999
 20
726.0
 97
0
 75
1
 76
1
 52
0.0
 41
5.0
 77
0
 78
1
 53
45.0
 43
0.0
 44
0.0
 45
-11.2253201515
 46
11.2253201515
 79
0
 98
0
  0
LWPOLYLINE
  5
479
330
17
100
AcDbEntity
  8
Paineis
100
AcDbPolyline
 90
4
 70
1
 10
923.1999999999999
 20
726.0
 10
977.1999999999999
 20
726.0
 10
977.1999999999999
 20
760.0
 10
923.1999999999999
 20
760.0
  0
HATCH
  5
47A
330
17
100
AcDbEntity
  8
Hachura
100
AcDbHatch
 10
0.0
 20
0.0
 30
0.0
210
0.0
220
0.0
230
1.0
  2
SOLID
 70
1
 71
0
 91
1
 92
3
 72
0
 73
1
 93
4
 10
923.1999999999999
 20
726.0
 10
977.1999999999999
 20
726.0
 10
977.1999999999999
 20
760.0
 10
923.1999999999999
 20
760.0
 97
0
 75
0
 76
1
 98
0
  0
HATCH
  5
47B
330
17
100
AcDbEntity
  8
Hachura
100
AcDbHatch
 10
0.0
 20
0.0
 30
0.0
210
0.0
220
0.0
230
1.0
  2
ANSI31
 70
0
 71
0
 91
1
 92
3
 72
0
 73
1
 93
4
 10
923.1999999999999
 20
726.0
 10
977.1999999999999
 20
726.0
 10
977.1999999999999
 20
760.0
 10
923.1999999999999
 20
760.0
 97
0
 75
1
 76
1
 52
0.0
 41
2.5
 77
0
 78
1
 53
45.0
 43
0.0
 44
0.0
 45
-5.6126600758
 46
5.6126600758
 79
0
 98
0
  0
LINE
  5
47C
330
17
100
AcDbEntity
  8
Paineis
100
AcDbLine
 10
923.1999999999999
 20
724.0
 30
0.0
 11
977.1999999999999
 21
724.0
 31
0.0
  0
LINE
  5
47D
330
17
100
AcDbEntity
  8
Paineis
100
AcDbLine
 10
923.1999999999999
 20
482.0
 30
0.0
 11
977.1999999999999
 21
482.0
 31
0.0
  0
LINE
  5
47E
330
17
100
AcDbEntity
  8
SARR_2.2x7
  6
HIDDEN
 48
30.0
100
AcDbLine
 10
924.3
 20
480.0
 30
0.0
 11
924.3
 21
760.0
 31
0.0
  0
LINE
  5
47F
330
17
100
AcDbEntity
  8
SARR_2.2x7
  6
HIDDEN
 48
30.0
100
AcDbLine
 10
941.5666666666666
 20
480.0
 30
0.0
 11
941.5666666666666
 21
760.0
 31
0.0
  0
LINE
  5
480
330
17
100
AcDbEntity
  8
SARR_2.2x7
  6
HIDDEN
 48
30.0
100
AcDbLine
 10
958.8333333333333
 20
480.0
 30
0.0
 11
958.8333333333333
 21
760.0
 31
0.0
  0
LINE
  5
481
330
17
100
AcDbEntity
  8
SARR_2.2x7
  6
HIDDEN
 48
30.0
100
AcDbLine
 10
976.0999999999999
 20
480.0
 30
0.0
 11
976.0999999999999
 21
760.0
 31
0.0
  0
TEXT
  5
482
330
17
100
AcDbEntity
  8
Texto Secao
 62
2
100
AcDbText
 10
950.1999999999999
 20
472.0
 30
0.0
 40
4.5
  1
P19.A
 50
90.0
100
AcDbText
  0
LWPOLYLINE
  5
483
330
17
100
AcDbEntity
  8
Paineis
100
AcDbPolyline
 90
4
 70
1
 10
985.1999999999999
 20
480.0
 10
1012.8
 20
480.0
 10
1012.8
 20
726.0
 10
985.1999999999999
 20
726.0
  0
HATCH
  5
484
330
17
100
AcDbEntity
  8
Hachura
100
AcDbHatch
 10
0.0
 20
0.0
 30
0.0
210
0.0
220
0.0
230
1.0
  2
SOLID
 70
1
 71
0
 91
1
 92
3
 72
0
 73
1
 93
4
 10
985.1999999999999
 20
480.0
 10
1012.8
 20
480.0
 10
1012.8
 20
726.0
 10
985.1999999999999
 20
726.0
 97
0
 75
0
 76
1
 98
0
  0
HATCH
  5
485
330
17
100
AcDbEntity
  8
Hachura
100
AcDbHatch
 10
0.0
 20
0.0
 30
0.0
210
0.0
220
0.0
230
1.0
  2
ANSI31
 70
0
 71
0
 91
1
 92
3
 72
0
 73
1
 93
4
 10
985.1999999999999
 20
480.0
 10
1012.8
 20
480.0
 10
1012.8
 20
726.0
 10
985.1999999999999
 20
726.0
 97
0
 75
1
 76
1
 52
0.0
 41
5.0
 77
0
 78
1
 53
45.0
 43
0.0
 44
0.0
 45
-11.2253201515
 46
11.2253201515
 79
0
 98
0
  0
LWPOLYLINE
  5
486
330
17
100
AcDbEntity
  8
Paineis
100
AcDbPolyline
 90
4
 70
1
 10
985.1999999999999
 20
726.0
 10
1012.8
 20
726.0
 10
1012.8
 20
760.0
 10
985.1999999999999
 20
760.0
  0
HATCH
  5
487
330
17
100
AcDbEntity
  8
Hachura
100
AcDbHatch
 10
0.0
 20
0.0
 30
0.0
210
0.0
220
0.0
230
1.0
  2
SOLID
 70
1
 71
0
 91
1
 92
3
 72
0
 73
1
 93
4
 10
985.1999999999999
 20
726.0
 10
1012.8
 20
726.0
 10
1012.8
 20
760.0
 10
985.1999999999999
 20
760.0
 97
0
 75
0
 76
1
 98
0
  0
HATCH
  5
488
330
17
100
AcDbEntity
  8
Hachura
100
AcDbHatch
 10
0.0
 20
0.0
 30
0.0
210
0.0
220
0.0
230
1.0
  2
ANSI31
 70
0
 71
0
 91
1
 92
3
 72
0
 73
1
 93
4
 10
985.1999999999999
 20
726.0
 10
1012.8
 20
726.0
 10
1012.8
 20
760.0
 10
985.1999999999999
 20
760.0
 97
0
 75
1
 76
1
 52
0.0
 41
2.5
 77
0
 78
1
 53
45.0
 43
0.0
 44
0.0
 45
-5.6126600758
 46
5.6126600758
 79
0
 98
0
  0
LINE
  5
489
330
17
100
AcDbEntity
  8
Paineis
100
AcDbLine
 10
985.1999999999999
 20
724.0
 30
0.0
 11
1012.8
 21
724.0
 31
0.0
  0
LINE
  5
48A
330
17
100
AcDbEntity
  8
Paineis
100
AcDbLine
 10
985.1999999999999
 20
482.0
 30
0.0
 11
1012.8
 21
482.0
 31
0.0
  0
LINE
  5
48B
330
17
100
AcDbEntity
  8
SARR_2.2x7
  6
HIDDEN
 48
30.0
100
AcDbLine
 10
986.3
 20
480.0
 30
0.0
 11
986.3
 21
760.0
 31
0.0
  0
LINE
  5
48C
330
17
100
AcDbEntity
  8
SARR_2.2x7
  6
HIDDEN
 48
30.0
100
AcDbLine
 10
1011.6999999999999
 20
480.0
 30
0.0
 11
1011.6999999999999
 21
760.0
 31
0.0
  0
TEXT
  5
48D
330
17
100
AcDbEntity
  8
Texto Secao
 62
2
100
AcDbText
 10
998.9999999999999
 20
472.0
 30
0.0
 40
4.5
  1
P19.B
 50
90.0
100
AcDbText
  0
LWPOLYLINE
  5
48E
330
17
100
AcDbEntity
  8
Paineis
100
AcDbPolyline
 90
4
 70
1
 10
1020.8
 20
480.0
 10
1074.8
 20
480.0
 10
1074.8
 20
726.0
 10
1020.8
 20
726.0
  0
HATCH
  5
48F
330
17
100
AcDbEntity
  8
Hachura
100
AcDbHatch
 10
0.0
 20
0.0
 30
0.0
210
0.0
220
0.0
230
1.0
  2
SOLID
 70
1
 71
0
 91
1
 92
3
 72
0
 73
1
 93
4
 10
1020.8
 20
480.0
 10
1074.8
 20
480.0
 10
1074.8
 20
726.0
 10
1020.8
 20
726.0
 97
0
 75
0
 76
1
 98
0
  0
HATCH
  5
490
330
17
100
AcDbEntity
  8
Hachura
100
AcDbHatch
 10
0.0
 20
0.0
 30
0.0
210
0.0
220
0.0
230
1.0
  2
ANSI31
 70
0
 71
0
 91
1
 92
3
 72
0
 73
1
 93
4
 10
1020.8
 20
480.0
 10
1074.8
 20
480.0
 10
1074.8
 20
726.0
 10
1020.8
 20
726.0
 97
0
 75
1
 76
1
 52
0.0
 41
5.0
 77
0
 78
1
 53
45.0
 43
0.0
 44
0.0
 45
-11.2253201515
 46
11.2253201515
 79
0
 98
0
  0
LWPOLYLINE
  5
491
330
17
100
AcDbEntity
  8
Paineis
100
AcDbPolyline
 90
4
 70
1
 10
1020.8
 20
726.0
 10
1074.8
 20
726.0
 10
1074.8
 20
760.0
 10
1020.8
 20
760.0
  0
HATCH
  5
492
330
17
100
AcDbEntity
  8
Hachura
100
AcDbHatch
 10
0.0
 20
0.0
 30
0.0
210
0.0
220
0.0
230
1.0
  2
SOLID
 70
1
 71
0
 91
1
 92
3
 72
0
 73
1
 93
4
 10
1020.8
 20
726.0
 10
1074.8
 20
726.0
 10
1074.8
 20
760.0
 10
1020.8
 20
760.0
 97
0
 75
0
 76
1
 98
0
  0
HATCH
  5
493
330
17
100
AcDbEntity
  8
Hachura
100
AcDbHatch
 10
0.0
 20
0.0
 30
0.0
210
0.0
220
0.0
230
1.0
  2
ANSI31
 70
0
 71
0
 91
1
 92
3
 72
0
 73
1
 93
4
 10
1020.8
 20
726.0
 10
1074.8
 20
726.0
 10
1074.8
 20
760.0
 10
1020.8
 20
760.0
 97
0
 75
1
 76
1
 52
0.0
 41
2.5
 77
0
 78
1
 53
45.0
 43
0.0
 44
0.0
 45
-5.6126600758
 46
5.6126600758
 79
0
 98
0
  0
LINE
  5
494
330
17
100
AcDbEntity
  8
Paineis
100
AcDbLine
 10
1020.8
 20
724.0
 30
0.0
 11
1074.8
 21
724.0
 31
0.0
  0
LINE
  5
495
330
17
100
AcDbEntity
  8
Paineis
100
AcDbLine
 10
1020.8
 20
482.0
 30
0.0
 11
1074.8
 21
482.0
 31
0.0
  0
LINE
  5
496
330
17
100
AcDbEntity
  8
SARR_2.2x7
  6
HIDDEN
 48
30.0
100
AcDbLine
 10
1021.9
 20
480.0
 30
0.0
 11
1021.9
 21
760.0
 31
0.0
  0
LINE
  5
497
330
17
100
AcDbEntity
  8
SARR_2.2x7
  6
HIDDEN
 48
30.0
100
AcDbLine
 10
1039.1666666666665
 20
480.0
 30
0.0
 11
1039.1666666666665
 21
760.0
 31
0.0
  0
LINE
  5
498
330
17
100
AcDbEntity
  8
SARR_2.2x7
  6
HIDDEN
 48
30.0
100
AcDbLine
 10
1056.4333333333334
 20
480.0
 30
0.0
 11
1056.4333333333334
 21
760.0
 31
0.0
  0
LINE
  5
499
330
17
100
AcDbEntity
  8
SARR_2.2x7
  6
HIDDEN
 48
30.0
100
AcDbLine
 10
1073.7
 20
480.0
 30
0.0
 11
1073.7
 21
760.0
 31
0.0
  0
TEXT
  5
49A
330
17
100
AcDbEntity
  8
Texto Secao
 62
2
100
AcDbText
 10
1047.8
 20
472.0
 30
0.0
 40
4.5
  1
P19.C
 50
90.0
100
AcDbText
  0
LWPOLYLINE
  5
49B
330
17
100
AcDbEntity
  8
Paineis
100
AcDbPolyline
 90
4
 70
1
 10
1082.8
 20
480.0
 10
1110.3999999999999
 20
480.0
 10
1110.3999999999999
 20
726.0
 10
1082.8
 20
726.0
  0
HATCH
  5
49C
330
17
100
AcDbEntity
  8
Hachura
100
AcDbHatch
 10
0.0
 20
0.0
 30
0.0
210
0.0
220
0.0
230
1.0
  2
SOLID
 70
1
 71
0
 91
1
 92
3
 72
0
 73
1
 93
4
 10
1082.8
 20
480.0
 10
1110.3999999999999
 20
480.0
 10
1110.3999999999999
 20
726.0
 10
1082.8
 20
726.0
 97
0
 75
0
 76
1
 98
0
  0
HATCH
  5
49D
330
17
100
AcDbEntity
  8
Hachura
100
AcDbHatch
 10
0.0
 20
0.0
 30
0.0
210
0.0
220
0.0
230
1.0
  2
ANSI31
 70
0
 71
0
 91
1
 92
3
 72
0
 73
1
 93
4
 10
1082.8
 20
480.0
 10
1110.3999999999999
 20
480.0
 10
1110.3999999999999
 20
726.0
 10
1082.8
 20
726.0
 97
0
 75
1
 76
1
 52
0.0
 41
5.0
 77
0
 78
1
 53
45.0
 43
0.0
 44
0.0
 45
-11.2253201515
 46
11.2253201515
 79
0
 98
0
  0
LWPOLYLINE
  5
49E
330
17
100
AcDbEntity
  8
Paineis
100
AcDbPolyline
 90
4
 70
1
 10
1082.8
 20
726.0
 10
1110.3999999999999
 20
726.0
 10
1110.3999999999999
 20
760.0
 10
1082.8
 20
760.0
  0
HATCH
  5
49F
330
17
100
AcDbEntity
  8
Hachura
100
AcDbHatch
 10
0.0
 20
0.0
 30
0.0
210
0.0
220
0.0
230
1.0
  2
SOLID
 70
1
 71
0
 91
1
 92
3
 72
0
 73
1
 93
4
 10
1082.8
 20
726.0
 10
1110.3999999999999
 20
726.0
 10
1110.3999999999999
 20
760.0
 10
1082.8
 20
760.0
 97
0
 75
0
 76
1
 98
0
  0
HATCH
  5
4A0
330
17
100
AcDbEntity
  8
Hachura
100
AcDbHatch
 10
0.0
 20
0.0
 30
0.0
210
0.0
220
0.0
230
1.0
  2
ANSI31
 70
0
 71
0
 91
1
 92
3
 72
0
 73
1
 93
4
 10
1082.8
 20
726.0
 10
1110.3999999999999
 20
726.0
 10
1110.3999999999999
 20
760.0
 10
1082.8
 20
760.0
 97
0
 75
1
 76
1
 52
0.0
 41
2.5
 77
0
 78
1
 53
45.0
 43
0.0
 44
0.0
 45
-5.6126600758
 46
5.6126600758
 79
0
 98
0
  0
LINE
  5
4A1
330
17
100
AcDbEntity
  8
Paineis
100
AcDbLine
 10
1082.8
 20
724.0
 30
0.0
 11
1110.3999999999999
 21
724.0
 31
0.0
  0
LINE
  5
4A2
330
17
100
AcDbEntity
  8
Paineis
100
AcDbLine
 10
1082.8
 20
482.0
 30
0.0
 11
1110.3999999999999
 21
482.0
 31
0.0
  0
LINE
  5
4A3
330
17
100
AcDbEntity
  8
SARR_2.2x7
  6
HIDDEN
 48
30.0
100
AcDbLine
 10
1083.8999999999999
 20
480.0
 30
0.0
 11
1083.8999999999999
 21
760.0
 31
0.0
  0
LINE
  5
4A4
330
17
100
AcDbEntity
  8
SARR_2.2x7
  6
HIDDEN
 48
30.0
100
AcDbLine
 10
1109.3
 20
480.0
 30
0.0
 11
1109.3
 21
760.0
 31
0.0
  0
TEXT
  5
4A5
330
17
100
AcDbEntity
  8
Texto Secao
 62
2
100
AcDbText
 10
1096.6
 20
472.0
 30
0.0
 40
4.5
  1
P19.D
 50
90.0
100
AcDbText
  0
LINE
  5
4A6
330
17
100
AcDbEntity
  8
COTA
 62
8
100
AcDbLine
 10
1118.3999999999999
 20
480.0
 30
0.0
 11
1118.3999999999999
 21
760.0
 31
0.0
  0
LINE
  5
4A7
330
17
100
AcDbEntity
  8
COTA
 62
8
100
AcDbLine
 10
1116.3999999999999
 20
480.0
 30
0.0
 11
1120.3999999999999
 21
480.0
 31
0.0
  0
LINE
  5
4A8
330
17
100
AcDbEntity
  8
COTA
 62
8
100
AcDbLine
 10
1116.3999999999999
 20
482.0
 30
0.0
 11
1120.3999999999999
 21
482.0
 31
0.0
  0
TEXT
  5
4A9
330
17
100
AcDbEntity
  8
COTA
 62
8
100
AcDbText
 10
1123.3999999999999
 20
481.0
 30
0.0
 40
3.0
  1
h1=2
100
AcDbText
  0
LINE
  5
4AA
330
17
100
AcDbEntity
  8
COTA
 62
8
100
AcDbLine
 10
1116.3999999999999
 20
482.0
 30
0.0
 11
1120.3999999999999
 21
482.0
 31
0.0
  0
LINE
  5
4AB
330
17
100
AcDbEntity
  8
COTA
 62
8
100
AcDbLine
 10
1116.3999999999999
 20
726.0
 30
0.0
 11
1120.3999999999999
 21
726.0
 31
0.0
  0
TEXT
  5
4AC
330
17
100
AcDbEntity
  8
COTA
 62
8
100
AcDbText
 10
1123.3999999999999
 20
604.0
 30
0.0
 40
3.0
  1
h2=244
100
AcDbText
  0
LINE
  5
4AD
330
17
100
AcDbEntity
  8
COTA
 62
8
100
AcDbLine
 10
1116.3999999999999
 20
726.0
 30
0.0
 11
1120.3999999999999
 21
726.0
 31
0.0
  0
LINE
  5
4AE
330
17
100
AcDbEntity
  8
COTA
 62
8
100
AcDbLine
 10
1116.3999999999999
 20
760.0
 30
0.0
 11
1120.3999999999999
 21
760.0
 31
0.0
  0
TEXT
  5
4AF
330
17
100
AcDbEntity
  8
COTA
 62
8
100
AcDbText
 10
1123.3999999999999
 20
743.0
 30
0.0
 40
3.0
  1
h3=34
100
AcDbText
  0
TEXT
  5
4B0
330
17
100
AcDbEntity
  8
COTA
 62
8
100
AcDbText
 10
1123.3999999999999
 20
763.0
 30
0.0
 40
3.5
  1
TOTAL=280
100
AcDbText
  0
LINE
  5
4B1
330
17
100
AcDbEntity
  8
Nivel
 62
4
100
AcDbLine
 10
798.8
 20
480.0
 30
0.0
 11
1123.3999999999999
 21
480.0
 31
0.0
  0
LINE
  5
4B2
330
17
100
AcDbEntity
  8
Nivel
 62
4
100
AcDbLine
 10
797.8
 20
485.0
 30
0.0
 11
800.8
 21
480.0
 31
0.0
  0
LINE
  5
4B3
330
17
100
AcDbEntity
  8
Nivel
 62
4
100
AcDbLine
 10
803.8
 20
485.0
 30
0.0
 11
800.8
 21
480.0
 31
0.0
  0
TEXT
  5
4B4
330
17
100
AcDbEntity
  8
Nivel
 62
4
100
AcDbText
 10
805.8
 20
481.0
 30
0.0
 40
4.0
  1
1o PAV.
100
AcDbText
  0
LINE
  5
4B5
330
17
100
AcDbEntity
  8
Nivel
 62
4
100
AcDbLine
 10
798.8
 20
726.0
 30
0.0
 11
1123.3999999999999
 21
726.0
 31
0.0
  0
LINE
  5
4B6
330
17
100
AcDbEntity
  8
Nivel
 62
4
100
AcDbLine
 10
797.8
 20
731.0
 30
0.0
 11
800.8
 21
726.0
 31
0.0
  0
LINE
  5
4B7
330
17
100
AcDbEntity
  8
Nivel
 62
4
100
AcDbLine
 10
803.8
 20
731.0
 30
0.0
 11
800.8
 21
726.0
 31
0.0
  0
TEXT
  5
4B8
330
17
100
AcDbEntity
  8
Nivel
 62
4
100
AcDbText
 10
805.8
 20
727.0
 30
0.0
 40
4.0
  1
2o PAV.
100
AcDbText
  0
LWPOLYLINE
  5
4B9
330
17
100
AcDbEntity
  8
CARIMBO
 62
40
100
AcDbPolyline
 90
4
 70
1
 10
796.8
 20
425.0
 10
1147.4
 20
425.0
 10
1147.4
 20
465.0
 10
796.8
 20
465.0
  0
LINE
  5
4BA
330
17
100
AcDbEntity
  8
CARIMBO
 62
40
100
AcDbLine
 10
796.8
 20
435.0
 30
0.0
 11
1147.4
 21
435.0
 31
0.0
  0
LINE
  5
4BB
330
17
100
AcDbEntity
  8
CARIMBO
 62
40
100
AcDbLine
 10
796.8
 20
445.0
 30
0.0
 11
1147.4
 21
445.0
 31
0.0
  0
LINE
  5
4BC
330
17
100
AcDbEntity
  8
CARIMBO
 62
40
100
AcDbLine
 10
796.8
 20
455.0
 30
0.0
 11
1147.4
 21
455.0
 31
0.0
  0
LINE
  5
4BD
330
17
100
AcDbEntity
  8
CARIMBO
 62
40
100
AcDbLine
 10
919.51
 20
425.0
 30
0.0
 11
919.51
 21
465.0
 31
0.0
  0
TEXT
  5
4BE
330
17
100
AcDbEntity
  8
CARIMBO
 62
9
100
AcDbText
 10
799.8
 20
460.0
 30
0.0
 40
3.0
  1
CLIENTE:
100
AcDbText
  0
TEXT
  5
4BF
330
17
100
AcDbEntity
  8
TEXTO_GERAL
 62
2
100
AcDbText
 10
922.51
 20
460.0
 30
0.0
 40
3.0
  1
ALIMONTI
100
AcDbText
  0
TEXT
  5
4C0
330
17
100
AcDbEntity
  8
CARIMBO
 62
9
100
AcDbText
 10
799.8
 20
450.0
 30
0.0
 40
3.0
  1
OBRA:
100
AcDbText
  0
TEXT
  5
4C1
330
17
100
AcDbEntity
  8
TEXTO_GERAL
 62
2
100
AcDbText
 10
922.51
 20
450.0
 30
0.0
 40
3.0
  1
Obra_TREINO_1
100
AcDbText
  0
TEXT
  5
4C2
330
17
100
AcDbEntity
  8
CARIMBO
 62
9
100
AcDbText
 10
799.8
 20
440.0
 30
0.0
 40
3.0
  1
PAVIMENTO:
100
AcDbText
  0
TEXT
  5
4C3
330
17
100
AcDbEntity
  8
TEXTO_GERAL
 62
2
100
AcDbText
 10
922.51
 20
440.0
 30
0.0
 40
3.0
  1
TERREO
100
AcDbText
  0
TEXT
  5
4C4
330
17
100
AcDbEntity
  8
CARIMBO
 62
9
100
AcDbText
 10
799.8
 20
430.0
 30
0.0
 40
3.0
  1
PROJETO:
100
AcDbText
  0
TEXT
  5
4C5
330
17
100
AcDbEntity
  8
TEXTO_GERAL
 62
2
100
AcDbText
 10
922.51
 20
430.0
 30
0.0
 40
3.0
  1
PILARES
100
AcDbText
  0
TEXT
  5
4C6
330
17
100
AcDbEntity
  8
LABEL_ID
 62
3
100
AcDbText
 10
1132.4
 20
430.0
 30
0.0
 40
8.0
  1
08
100
AcDbText
  0
LWPOLYLINE
  5
4C7
330
17
100
AcDbEntity
  8
BORDA_CELULA
 62
9
100
AcDbPolyline
 90
4
 70
1
 10
1263.1999999999998
 20
425.0
 10
1590.6
 20
425.0
 10
1590.6
 20
830.0
 10
1263.1999999999998
 20
830.0
  0
TEXT
  5
4C8
330
17
100
AcDbEntity
  8
TEXTO_GERAL
 62
2
100
AcDbText
 10
1580.6
 20
825.0
 30
0.0
 40
3.0
  1
TÉRREO - PD: 280.00
 72
2
 11
1580.6
 21
825.0
 31
0.0
100
AcDbText
  0
TEXT
  5
4C9
330
17
100
AcDbEntity
  8
TEXTO_GERAL
 62
2
100
AcDbText
 10
1580.6
 20
820.0
 30
0.0
 40
3.0
  1
NIVEL DE SAIDA: 280.00
 72
2
 11
1580.6
 21
820.0
 31
0.0
100
AcDbText
  0
TEXT
  5
4CA
330
17
100
AcDbEntity
  8
TEXTO_GERAL
 62
2
100
AcDbText
 10
1580.6
 20
815.0
 30
0.0
 40
3.0
  1
NIVEL DE CHEGADA: 0.00
 72
2
 11
1580.6
 21
815.0
 31
0.0
100
AcDbText
  0
TEXT
  5
4CB
330
17
100
AcDbEntity
  8
NOMENCLATURA
 62
1
100
AcDbText
 10
1283.1999999999998
 20
818.0
 30
0.0
 40
10.0
  1
P20
100
AcDbText
  0
LWPOLYLINE
  5
4CC
330
17
100
AcDbEntity
  8
CONCRETO
 62
4
100
AcDbPolyline
 90
4
 70
1
 10
1294.3999999999999
 20
742.0000000000001
 10
1348.3999999999999
 20
742.0000000000001
 10
1348.3999999999999
 20
758.0000000000001
 10
1294.3999999999999
 20
758.0000000000001
  0
HATCH
  5
4CD
330
17
100
AcDbEntity
  8
COTA
100
AcDbHatch
 10
0.0
 20
0.0
 30
0.0
210
0.0
220
0.0
230
1.0
  2
AR-CONC
 70
0
 71
0
 91
1
 92
3
 72
0
 73
1
 93
4
 10
1294.3999999999999
 20
742.0000000000001
 10
1348.3999999999999
 20
742.0000000000001
 10
1348.3999999999999
 20
758.0000000000001
 10
1294.3999999999999
 20
758.0000000000001
 97
0
 75
1
 76
1
 52
0.0
 41
0.03
 77
0
 78
13
 53
50.0
 43
0.0
 44
0.0
 45
5.4655400699
 46
-0.4781725662
 79
2
 49
0.5715
 49
-6.2865
 53
355.0
 43
0.0
 44
0.0
 45
-1.0573026428
 46
5.7317053572
 79
2
 49
0.4572
 49
-5.0292175251
 53
100.4514447
 43
0.45546021
 44
-0.039847605
 45
4.4082374127
 46
5.2535325574
 79
2
 49
0.485700264
 49
-5.342707338
 53
46.1842
 43
0.0
 44
1.524
 45
8.1323712268
 46
-1.261269838
 79
2
 49
0.85725
 49
-9.42975
 53
96.63555761
 43
0.677697
 44
1.418895
 45
7.1221240215
 46
7.4227837379
 79
2
 49
0.7285506942
 49
-8.0140682448
 53
351.18415117
 43
0.0
 44
1.524
 45
7.1221240219
 46
7.4227837376
 79
2
 49
0.6857990121
 49
-7.5437919576
 53
21.0
 43
0.762
 44
1.143
 45
4.5484317381
 46
-3.0679559456
 79
2
 49
0.5715
 49
-6.2865
 53
326.0
 43
0.762
 44
1.143
 45
1.8540608504
 46
5.5256389837
 79
2
 49
0.4572
 49
-5.0292
 53
71.451445
 43
1.141035978
 44
0.887337003
 45
6.4024925784
 46
2.4576830666
 79
2
 49
0.485700264
 49
-5.342698128
 53
37.5
 43
0.0
 44
0.0
 45
0.0926580975
 46
2.5366511662
 79
6
 49
0.0
 49
-4.96824
 49
0.0
 49
-5.1054
 49
0.0
 49
-5.04825
 53
7.5
 43
0.0
 44
0.0
 45
2.0045898753
 46
3.0054172445
 79
6
 49
0.0
 49
-2.91084
 49
0.0
 49
-4.85394
 49
0.0
 49
-1.92405
 53
-32.5
 43
-1.69926
 44
0.0
 45
4.067717855
 46
-0.1718623198
 79
6
 49
0.0
 49
-1.905
 49
0.0
 49
-5.9436
 49
0.0
 49
-7.8867
 53
-42.5
 43
-2.46126
 44
0.0
 45
4.4438754416
 46
0.762794731
 79
6
 49
0.0
 49
-2.4765
 49
0.0
 49
-3.94716
 49
0.0
 49
-5.6007
 98
0
  0
LWPOLYLINE
  5
4CE
330
17
100
AcDbEntity
  8
Paineis
100
AcDbPolyline
 90
4
 70
1
 10
1294.3999999999999
 20
739.8000000000001
 10
1348.3999999999999
 20
739.8000000000001
 10
1348.3999999999999
 20
742.0000000000001
 10
1294.3999999999999
 20
742.0000000000001
  0
HATCH
  5
4CF
330
17
100
AcDbEntity
  8
Paineis
100
AcDbHatch
 10
0.0
 20
0.0
 30
0.0
210
0.0
220
0.0
230
1.0
  2
SOLID
 70
1
 71
0
 91
1
 92
3
 72
0
 73
1
 93
4
 10
1294.3999999999999
 20
739.8000000000001
 10
1348.3999999999999
 20
739.8000000000001
 10
1348.3999999999999
 20
742.0000000000001
 10
1294.3999999999999
 20
742.0000000000001
 97
0
 75
0
 76
1
 98
0
  0
HATCH
  5
4D0
330
17
100
AcDbEntity
  8
Paineis
100
AcDbHatch
 10
0.0
 20
0.0
 30
0.0
210
0.0
220
0.0
230
1.0
  2
ANSI31
 70
0
 71
0
 91
1
 92
3
 72
0
 73
1
 93
4
 10
1294.3999999999999
 20
739.8000000000001
 10
1348.3999999999999
 20
739.8000000000001
 10
1348.3999999999999
 20
742.0000000000001
 10
1294.3999999999999
 20
742.0000000000001
 97
0
 75
1
 76
1
 52
270.0
 41
0.5
 77
0
 78
1
 53
315.0
 43
-0.0
 44
-0.0
 45
1.1225320152
 46
1.1225320151
 79
0
 98
0
  0
LWPOLYLINE
  5
4D1
330
17
100
AcDbEntity
  8
Paineis
100
AcDbPolyline
 90
4
 70
1
 10
1294.3999999999999
 20
758.0000000000001
 10
1348.3999999999999
 20
758.0000000000001
 10
1348.3999999999999
 20
760.2000000000002
 10
1294.3999999999999
 20
760.2000000000002
  0
HATCH
  5
4D2
330
17
100
AcDbEntity
  8
Paineis
100
AcDbHatch
 10
0.0
 20
0.0
 30
0.0
210
0.0
220
0.0
230
1.0
  2
SOLID
 70
1
 71
0
 91
1
 92
3
 72
0
 73
1
 93
4
 10
1294.3999999999999
 20
758.0000000000001
 10
1348.3999999999999
 20
758.0000000000001
 10
1348.3999999999999
 20
760.2000000000002
 10
1294.3999999999999
 20
760.2000000000002
 97
0
 75
0
 76
1
 98
0
  0
HATCH
  5
4D3
330
17
100
AcDbEntity
  8
Paineis
100
AcDbHatch
 10
0.0
 20
0.0
 30
0.0
210
0.0
220
0.0
230
1.0
  2
ANSI31
 70
0
 71
0
 91
1
 92
3
 72
0
 73
1
 93
4
 10
1294.3999999999999
 20
758.0000000000001
 10
1348.3999999999999
 20
758.0000000000001
 10
1348.3999999999999
 20
760.2000000000002
 10
1294.3999999999999
 20
760.2000000000002
 97
0
 75
1
 76
1
 52
270.0
 41
0.5
 77
0
 78
1
 53
315.0
 43
-0.0
 44
-0.0
 45
1.1225320152
 46
1.1225320151
 79
0
 98
0
  0
LWPOLYLINE
  5
4D4
330
17
100
AcDbEntity
  8
Paineis
100
AcDbPolyline
 90
4
 70
1
 10
1292.1999999999998
 20
742.0000000000001
 10
1294.3999999999999
 20
742.0000000000001
 10
1294.3999999999999
 20
758.0000000000001
 10
1292.1999999999998
 20
758.0000000000001
  0
HATCH
  5
4D5
330
17
100
AcDbEntity
  8
Paineis
100
AcDbHatch
 10
0.0
 20
0.0
 30
0.0
210
0.0
220
0.0
230
1.0
  2
SOLID
 70
1
 71
0
 91
1
 92
3
 72
0
 73
1
 93
4
 10
1292.1999999999998
 20
742.0000000000001
 10
1294.3999999999999
 20
742.0000000000001
 10
1294.3999999999999
 20
758.0000000000001
 10
1292.1999999999998
 20
758.0000000000001
 97
0
 75
0
 76
1
 98
0
  0
HATCH
  5
4D6
330
17
100
AcDbEntity
  8
Paineis
100
AcDbHatch
 10
0.0
 20
0.0
 30
0.0
210
0.0
220
0.0
230
1.0
  2
ANSI31
 70
0
 71
0
 91
1
 92
3
 72
0
 73
1
 93
4
 10
1292.1999999999998
 20
742.0000000000001
 10
1294.3999999999999
 20
742.0000000000001
 10
1294.3999999999999
 20
758.0000000000001
 10
1292.1999999999998
 20
758.0000000000001
 97
0
 75
1
 76
1
 52
270.0
 41
0.5
 77
0
 78
1
 53
315.0
 43
-0.0
 44
-0.0
 45
1.1225320152
 46
1.1225320151
 79
0
 98
0
  0
LWPOLYLINE
  5
4D7
330
17
100
AcDbEntity
  8
Paineis
100
AcDbPolyline
 90
4
 70
1
 10
1348.3999999999999
 20
742.0000000000001
 10
1350.6
 20
742.0000000000001
 10
1350.6
 20
758.0000000000001
 10
1348.3999999999999
 20
758.0000000000001
  0
HATCH
  5
4D8
330
17
100
AcDbEntity
  8
Paineis
100
AcDbHatch
 10
0.0
 20
0.0
 30
0.0
210
0.0
220
0.0
230
1.0
  2
SOLID
 70
1
 71
0
 91
1
 92
3
 72
0
 73
1
 93
4
 10
1348.3999999999999
 20
742.0000000000001
 10
1350.6
 20
742.0000000000001
 10
1350.6
 20
758.0000000000001
 10
1348.3999999999999
 20
758.0000000000001
 97
0
 75
0
 76
1
 98
0
  0
HATCH
  5
4D9
330
17
100
AcDbEntity
  8
Paineis
100
AcDbHatch
 10
0.0
 20
0.0
 30
0.0
210
0.0
220
0.0
230
1.0
  2
ANSI31
 70
0
 71
0
 91
1
 92
3
 72
0
 73
1
 93
4
 10
1348.3999999999999
 20
742.0000000000001
 10
1350.6
 20
742.0000000000001
 10
1350.6
 20
758.0000000000001
 10
1348.3999999999999
 20
758.0000000000001
 97
0
 75
1
 76
1
 52
270.0
 41
0.5
 77
0
 78
1
 53
315.0
 43
-0.0
 44
-0.0
 45
1.1225320152
 46
1.1225320151
 79
0
 98
0
  0
LWPOLYLINE
  5
4DA
330
17
100
AcDbEntity
  8
SARR_2.2x7
100
AcDbPolyline
 90
4
 70
1
 10
1294.3999999999999
 20
732.8000000000001
 10
1296.6
 20
732.8000000000001
 10
1296.6
 20
739.8000000000001
 10
1294.3999999999999
 20
739.8000000000001
  0
HATCH
  5
4DB
330
17
100
AcDbEntity
  8
SARR_2.2x7
100
AcDbHatch
 10
0.0
 20
0.0
 30
0.0
210
0.0
220
0.0
230
1.0
  2
SOLID
 70
1
 71
0
 91
1
 92
3
 72
0
 73
1
 93
4
 10
1294.3999999999999
 20
732.8000000000001
 10
1296.6
 20
732.8000000000001
 10
1296.6
 20
739.8000000000001
 10
1294.3999999999999
 20
739.8000000000001
 97
0
 75
0
 76
1
 98
0
  0
HATCH
  5
4DC
330
17
100
AcDbEntity
  8
SARR_2.2x7
100
AcDbHatch
 10
0.0
 20
0.0
 30
0.0
210
0.0
220
0.0
230
1.0
  2
ANSI31
 70
0
 71
0
 91
1
 92
3
 72
0
 73
1
 93
4
 10
1294.3999999999999
 20
732.8000000000001
 10
1296.6
 20
732.8000000000001
 10
1296.6
 20
739.8000000000001
 10
1294.3999999999999
 20
739.8000000000001
 97
0
 75
1
 76
1
 52
270.0
 41
0.5
 77
0
 78
1
 53
315.0
 43
-0.0
 44
-0.0
 45
1.1225320152
 46
1.1225320151
 79
0
 98
0
  0
LWPOLYLINE
  5
4DD
330
17
100
AcDbEntity
  8
SARR_2.2x7
100
AcDbPolyline
 90
4
 70
1
 10
1311.6666666666665
 20
732.8000000000001
 10
1313.8666666666666
 20
732.8000000000001
 10
1313.8666666666666
 20
739.8000000000001
 10
1311.6666666666665
 20
739.8000000000001
  0
HATCH
  5
4DE
330
17
100
AcDbEntity
  8
SARR_2.2x7
100
AcDbHatch
 10
0.0
 20
0.0
 30
0.0
210
0.0
220
0.0
230
1.0
  2
SOLID
 70
1
 71
0
 91
1
 92
3
 72
0
 73
1
 93
4
 10
1311.6666666666665
 20
732.8000000000001
 10
1313.8666666666666
 20
732.8000000000001
 10
1313.8666666666666
 20
739.8000000000001
 10
1311.6666666666665
 20
739.8000000000001
 97
0
 75
0
 76
1
 98
0
  0
HATCH
  5
4DF
330
17
100
AcDbEntity
  8
SARR_2.2x7
100
AcDbHatch
 10
0.0
 20
0.0
 30
0.0
210
0.0
220
0.0
230
1.0
  2
ANSI31
 70
0
 71
0
 91
1
 92
3
 72
0
 73
1
 93
4
 10
1311.6666666666665
 20
732.8000000000001
 10
1313.8666666666666
 20
732.8000000000001
 10
1313.8666666666666
 20
739.8000000000001
 10
1311.6666666666665
 20
739.8000000000001
 97
0
 75
1
 76
1
 52
270.0
 41
0.5
 77
0
 78
1
 53
315.0
 43
-0.0
 44
-0.0
 45
1.1225320152
 46
1.1225320151
 79
0
 98
0
  0
LWPOLYLINE
  5
4E0
330
17
100
AcDbEntity
  8
SARR_2.2x7
100
AcDbPolyline
 90
4
 70
1
 10
1328.9333333333334
 20
732.8000000000001
 10
1331.1333333333334
 20
732.8000000000001
 10
1331.1333333333334
 20
739.8000000000001
 10
1328.9333333333334
 20
739.8000000000001
  0
HATCH
  5
4E1
330
17
100
AcDbEntity
  8
SARR_2.2x7
100
AcDbHatch
 10
0.0
 20
0.0
 30
0.0
210
0.0
220
0.0
230
1.0
  2
SOLID
 70
1
 71
0
 91
1
 92
3
 72
0
 73
1
 93
4
 10
1328.9333333333334
 20
732.8000000000001
 10
1331.1333333333334
 20
732.8000000000001
 10
1331.1333333333334
 20
739.8000000000001
 10
1328.9333333333334
 20
739.8000000000001
 97
0
 75
0
 76
1
 98
0
  0
HATCH
  5
4E2
330
17
100
AcDbEntity
  8
SARR_2.2x7
100
AcDbHatch
 10
0.0
 20
0.0
 30
0.0
210
0.0
220
0.0
230
1.0
  2
ANSI31
 70
0
 71
0
 91
1
 92
3
 72
0
 73
1
 93
4
 10
1328.9333333333334
 20
732.8000000000001
 10
1331.1333333333334
 20
732.8000000000001
 10
1331.1333333333334
 20
739.8000000000001
 10
1328.9333333333334
 20
739.8000000000001
 97
0
 75
1
 76
1
 52
270.0
 41
0.5
 77
0
 78
1
 53
315.0
 43
-0.0
 44
-0.0
 45
1.1225320152
 46
1.1225320151
 79
0
 98
0
  0
LWPOLYLINE
  5
4E3
330
17
100
AcDbEntity
  8
SARR_2.2x7
100
AcDbPolyline
 90
4
 70
1
 10
1346.2
 20
732.8000000000001
 10
1348.4
 20
732.8000000000001
 10
1348.4
 20
739.8000000000001
 10
1346.2
 20
739.8000000000001
  0
HATCH
  5
4E4
330
17
100
AcDbEntity
  8
SARR_2.2x7
100
AcDbHatch
 10
0.0
 20
0.0
 30
0.0
210
0.0
220
0.0
230
1.0
  2
SOLID
 70
1
 71
0
 91
1
 92
3
 72
0
 73
1
 93
4
 10
1346.2
 20
732.8000000000001
 10
1348.4
 20
732.8000000000001
 10
1348.4
 20
739.8000000000001
 10
1346.2
 20
739.8000000000001
 97
0
 75
0
 76
1
 98
0
  0
HATCH
  5
4E5
330
17
100
AcDbEntity
  8
SARR_2.2x7
100
AcDbHatch
 10
0.0
 20
0.0
 30
0.0
210
0.0
220
0.0
230
1.0
  2
ANSI31
 70
0
 71
0
 91
1
 92
3
 72
0
 73
1
 93
4
 10
1346.2
 20
732.8000000000001
 10
1348.4
 20
732.8000000000001
 10
1348.4
 20
739.8000000000001
 10
1346.2
 20
739.8000000000001
 97
0
 75
1
 76
1
 52
270.0
 41
0.5
 77
0
 78
1
 53
315.0
 43
-0.0
 44
-0.0
 45
1.1225320152
 46
1.1225320151
 79
0
 98
0
  0
LWPOLYLINE
  5
4E6
330
17
100
AcDbEntity
  8
SARR_2.2x7
100
AcDbPolyline
 90
4
 70
1
 10
1294.3999999999999
 20
760.2000000000002
 10
1296.6
 20
760.2000000000002
 10
1296.6
 20
767.2000000000002
 10
1294.3999999999999
 20
767.2000000000002
  0
HATCH
  5
4E7
330
17
100
AcDbEntity
  8
SARR_2.2x7
100
AcDbHatch
 10
0.0
 20
0.0
 30
0.0
210
0.0
220
0.0
230
1.0
  2
SOLID
 70
1
 71
0
 91
1
 92
3
 72
0
 73
1
 93
4
 10
1294.3999999999999
 20
760.2000000000002
 10
1296.6
 20
760.2000000000002
 10
1296.6
 20
767.2000000000002
 10
1294.3999999999999
 20
767.2000000000002
 97
0
 75
0
 76
1
 98
0
  0
HATCH
  5
4E8
330
17
100
AcDbEntity
  8
SARR_2.2x7
100
AcDbHatch
 10
0.0
 20
0.0
 30
0.0
210
0.0
220
0.0
230
1.0
  2
ANSI31
 70
0
 71
0
 91
1
 92
3
 72
0
 73
1
 93
4
 10
1294.3999999999999
 20
760.2000000000002
 10
1296.6
 20
760.2000000000002
 10
1296.6
 20
767.2000000000002
 10
1294.3999999999999
 20
767.2000000000002
 97
0
 75
1
 76
1
 52
270.0
 41
0.5
 77
0
 78
1
 53
315.0
 43
-0.0
 44
-0.0
 45
1.1225320152
 46
1.1225320151
 79
0
 98
0
  0
LWPOLYLINE
  5
4E9
330
17
100
AcDbEntity
  8
SARR_2.2x7
100
AcDbPolyline
 90
4
 70
1
 10
1311.6666666666665
 20
760.2000000000002
 10
1313.8666666666666
 20
760.2000000000002
 10
1313.8666666666666
 20
767.2000000000002
 10
1311.6666666666665
 20
767.2000000000002
  0
HATCH
  5
4EA
330
17
100
AcDbEntity
  8
SARR_2.2x7
100
AcDbHatch
 10
0.0
 20
0.0
 30
0.0
210
0.0
220
0.0
230
1.0
  2
SOLID
 70
1
 71
0
 91
1
 92
3
 72
0
 73
1
 93
4
 10
1311.6666666666665
 20
760.2000000000002
 10
1313.8666666666666
 20
760.2000000000002
 10
1313.8666666666666
 20
767.2000000000002
 10
1311.6666666666665
 20
767.2000000000002
 97
0
 75
0
 76
1
 98
0
  0
HATCH
  5
4EB
330
17
100
AcDbEntity
  8
SARR_2.2x7
100
AcDbHatch
 10
0.0
 20
0.0
 30
0.0
210
0.0
220
0.0
230
1.0
  2
ANSI31
 70
0
 71
0
 91
1
 92
3
 72
0
 73
1
 93
4
 10
1311.6666666666665
 20
760.2000000000002
 10
1313.8666666666666
 20
760.2000000000002
 10
1313.8666666666666
 20
767.2000000000002
 10
1311.6666666666665
 20
767.2000000000002
 97
0
 75
1
 76
1
 52
270.0
 41
0.5
 77
0
 78
1
 53
315.0
 43
-0.0
 44
-0.0
 45
1.1225320152
 46
1.1225320151
 79
0
 98
0
  0
LWPOLYLINE
  5
4EC
330
17
100
AcDbEntity
  8
SARR_2.2x7
100
AcDbPolyline
 90
4
 70
1
 10
1328.9333333333334
 20
760.2000000000002
 10
1331.1333333333334
 20
760.2000000000002
 10
1331.1333333333334
 20
767.2000000000002
 10
1328.9333333333334
 20
767.2000000000002
  0
HATCH
  5
4ED
330
17
100
AcDbEntity
  8
SARR_2.2x7
100
AcDbHatch
 10
0.0
 20
0.0
 30
0.0
210
0.0
220
0.0
230
1.0
  2
SOLID
 70
1
 71
0
 91
1
 92
3
 72
0
 73
1
 93
4
 10
1328.9333333333334
 20
760.2000000000002
 10
1331.1333333333334
 20
760.2000000000002
 10
1331.1333333333334
 20
767.2000000000002
 10
1328.9333333333334
 20
767.2000000000002
 97
0
 75
0
 76
1
 98
0
  0
HATCH
  5
4EE
330
17
100
AcDbEntity
  8
SARR_2.2x7
100
AcDbHatch
 10
0.0
 20
0.0
 30
0.0
210
0.0
220
0.0
230
1.0
  2
ANSI31
 70
0
 71
0
 91
1
 92
3
 72
0
 73
1
 93
4
 10
1328.9333333333334
 20
760.2000000000002
 10
1331.1333333333334
 20
760.2000000000002
 10
1331.1333333333334
 20
767.2000000000002
 10
1328.9333333333334
 20
767.2000000000002
 97
0
 75
1
 76
1
 52
270.0
 41
0.5
 77
0
 78
1
 53
315.0
 43
-0.0
 44
-0.0
 45
1.1225320152
 46
1.1225320151
 79
0
 98
0
  0
LWPOLYLINE
  5
4EF
330
17
100
AcDbEntity
  8
SARR_2.2x7
100
AcDbPolyline
 90
4
 70
1
 10
1346.2
 20
760.2000000000002
 10
1348.4
 20
760.2000000000002
 10
1348.4
 20
767.2000000000002
 10
1346.2
 20
767.2000000000002
  0
HATCH
  5
4F0
330
17
100
AcDbEntity
  8
SARR_2.2x7
100
AcDbHatch
 10
0.0
 20
0.0
 30
0.0
210
0.0
220
0.0
230
1.0
  2
SOLID
 70
1
 71
0
 91
1
 92
3
 72
0
 73
1
 93
4
 10
1346.2
 20
760.2000000000002
 10
1348.4
 20
760.2000000000002
 10
1348.4
 20
767.2000000000002
 10
1346.2
 20
767.2000000000002
 97
0
 75
0
 76
1
 98
0
  0
HATCH
  5
4F1
330
17
100
AcDbEntity
  8
SARR_2.2x7
100
AcDbHatch
 10
0.0
 20
0.0
 30
0.0
210
0.0
220
0.0
230
1.0
  2
ANSI31
 70
0
 71
0
 91
1
 92
3
 72
0
 73
1
 93
4
 10
1346.2
 20
760.2000000000002
 10
1348.4
 20
760.2000000000002
 10
1348.4
 20
767.2000000000002
 10
1346.2
 20
767.2000000000002
 97
0
 75
1
 76
1
 52
270.0
 41
0.5
 77
0
 78
1
 53
315.0
 43
-0.0
 44
-0.0
 45
1.1225320152
 46
1.1225320151
 79
0
 98
0
  0
LWPOLYLINE
  5
4F2
330
17
100
AcDbEntity
  8
SARR_2.2x7
100
AcDbPolyline
 90
4
 70
1
 10
1285.1999999999998
 20
742.0000000000001
 10
1292.1999999999998
 20
742.0000000000001
 10
1292.1999999999998
 20
744.2000000000002
 10
1285.1999999999998
 20
744.2000000000002
  0
HATCH
  5
4F3
330
17
100
AcDbEntity
  8
SARR_2.2x7
100
AcDbHatch
 10
0.0
 20
0.0
 30
0.0
210
0.0
220
0.0
230
1.0
  2
SOLID
 70
1
 71
0
 91
1
 92
3
 72
0
 73
1
 93
4
 10
1285.1999999999998
 20
742.0000000000001
 10
1292.1999999999998
 20
742.0000000000001
 10
1292.1999999999998
 20
744.2000000000002
 10
1285.1999999999998
 20
744.2000000000002
 97
0
 75
0
 76
1
 98
0
  0
HATCH
  5
4F4
330
17
100
AcDbEntity
  8
SARR_2.2x7
100
AcDbHatch
 10
0.0
 20
0.0
 30
0.0
210
0.0
220
0.0
230
1.0
  2
ANSI31
 70
0
 71
0
 91
1
 92
3
 72
0
 73
1
 93
4
 10
1285.1999999999998
 20
742.0000000000001
 10
1292.1999999999998
 20
742.0000000000001
 10
1292.1999999999998
 20
744.2000000000002
 10
1285.1999999999998
 20
744.2000000000002
 97
0
 75
1
 76
1
 52
270.0
 41
0.5
 77
0
 78
1
 53
315.0
 43
-0.0
 44
-0.0
 45
1.1225320152
 46
1.1225320151
 79
0
 98
0
  0
LWPOLYLINE
  5
4F5
330
17
100
AcDbEntity
  8
SARR_2.2x7
100
AcDbPolyline
 90
4
 70
1
 10
1285.1999999999998
 20
755.8000000000001
 10
1292.1999999999998
 20
755.8000000000001
 10
1292.1999999999998
 20
758.0000000000001
 10
1285.1999999999998
 20
758.0000000000001
  0
HATCH
  5
4F6
330
17
100
AcDbEntity
  8
SARR_2.2x7
100
AcDbHatch
 10
0.0
 20
0.0
 30
0.0
210
0.0
220
0.0
230
1.0
  2
SOLID
 70
1
 71
0
 91
1
 92
3
 72
0
 73
1
 93
4
 10
1285.1999999999998
 20
755.8000000000001
 10
1292.1999999999998
 20
755.8000000000001
 10
1292.1999999999998
 20
758.0000000000001
 10
1285.1999999999998
 20
758.0000000000001
 97
0
 75
0
 76
1
 98
0
  0
HATCH
  5
4F7
330
17
100
AcDbEntity
  8
SARR_2.2x7
100
AcDbHatch
 10
0.0
 20
0.0
 30
0.0
210
0.0
220
0.0
230
1.0
  2
ANSI31
 70
0
 71
0
 91
1
 92
3
 72
0
 73
1
 93
4
 10
1285.1999999999998
 20
755.8000000000001
 10
1292.1999999999998
 20
755.8000000000001
 10
1292.1999999999998
 20
758.0000000000001
 10
1285.1999999999998
 20
758.0000000000001
 97
0
 75
1
 76
1
 52
270.0
 41
0.5
 77
0
 78
1
 53
315.0
 43
-0.0
 44
-0.0
 45
1.1225320152
 46
1.1225320151
 79
0
 98
0
  0
LWPOLYLINE
  5
4F8
330
17
100
AcDbEntity
  8
SARR_2.2x7
100
AcDbPolyline
 90
4
 70
1
 10
1350.6
 20
742.0000000000001
 10
1357.6
 20
742.0000000000001
 10
1357.6
 20
744.2000000000002
 10
1350.6
 20
744.2000000000002
  0
HATCH
  5
4F9
330
17
100
AcDbEntity
  8
SARR_2.2x7
100
AcDbHatch
 10
0.0
 20
0.0
 30
0.0
210
0.0
220
0.0
230
1.0
  2
SOLID
 70
1
 71
0
 91
1
 92
3
 72
0
 73
1
 93
4
 10
1350.6
 20
742.0000000000001
 10
1357.6
 20
742.0000000000001
 10
1357.6
 20
744.2000000000002
 10
1350.6
 20
744.2000000000002
 97
0
 75
0
 76
1
 98
0
  0
HATCH
  5
4FA
330
17
100
AcDbEntity
  8
SARR_2.2x7
100
AcDbHatch
 10
0.0
 20
0.0
 30
0.0
210
0.0
220
0.0
230
1.0
  2
ANSI31
 70
0
 71
0
 91
1
 92
3
 72
0
 73
1
 93
4
 10
1350.6
 20
742.0000000000001
 10
1357.6
 20
742.0000000000001
 10
1357.6
 20
744.2000000000002
 10
1350.6
 20
744.2000000000002
 97
0
 75
1
 76
1
 52
270.0
 41
0.5
 77
0
 78
1
 53
315.0
 43
-0.0
 44
-0.0
 45
1.1225320152
 46
1.1225320151
 79
0
 98
0
  0
LWPOLYLINE
  5
4FB
330
17
100
AcDbEntity
  8
SARR_2.2x7
100
AcDbPolyline
 90
4
 70
1
 10
1350.6
 20
755.8000000000001
 10
1357.6
 20
755.8000000000001
 10
1357.6
 20
758.0000000000001
 10
1350.6
 20
758.0000000000001
  0
HATCH
  5
4FC
330
17
100
AcDbEntity
  8
SARR_2.2x7
100
AcDbHatch
 10
0.0
 20
0.0
 30
0.0
210
0.0
220
0.0
230
1.0
  2
SOLID
 70
1
 71
0
 91
1
 92
3
 72
0
 73
1
 93
4
 10
1350.6
 20
755.8000000000001
 10
1357.6
 20
755.8000000000001
 10
1357.6
 20
758.0000000000001
 10
1350.6
 20
758.0000000000001
 97
0
 75
0
 76
1
 98
0
  0
HATCH
  5
4FD
330
17
100
AcDbEntity
  8
SARR_2.2x7
100
AcDbHatch
 10
0.0
 20
0.0
 30
0.0
210
0.0
220
0.0
230
1.0
  2
ANSI31
 70
0
 71
0
 91
1
 92
3
 72
0
 73
1
 93
4
 10
1350.6
 20
755.8000000000001
 10
1357.6
 20
755.8000000000001
 10
1357.6
 20
758.0000000000001
 10
1350.6
 20
758.0000000000001
 97
0
 75
1
 76
1
 52
270.0
 41
0.5
 77
0
 78
1
 53
315.0
 43
-0.0
 44
-0.0
 45
1.1225320152
 46
1.1225320151
 79
0
 98
0
  0
LWPOLYLINE
  5
4FE
330
17
100
AcDbEntity
  8
CHAPA
 62
1
100
AcDbPolyline
 90
4
 70
1
 10
1290.1999999999998
 20
737.8000000000001
 10
1292.1999999999998
 20
737.8000000000001
 10
1292.1999999999998
 20
739.8000000000001
 10
1290.1999999999998
 20
739.8000000000001
  0
HATCH
  5
4FF
330
17
100
AcDbEntity
  8
CHAPA
 62
1
100
AcDbHatch
 10
0.0
 20
0.0
 30
0.0
210
0.0
220
0.0
230
1.0
  2
SOLID
 70
1
 71
0
 91
1
 92
3
 72
0
 73
1
 93
4
 10
1290.1999999999998
 20
737.8000000000001
 10
1292.1999999999998
 20
737.8000000000001
 10
1292.1999999999998
 20
739.8000000000001
 10
1290.1999999999998
 20
739.8000000000001
 97
0
 75
0
 76
1
 98
0
  0
LWPOLYLINE
  5
500
330
17
100
AcDbEntity
  8
CHAPA
 62
1
100
AcDbPolyline
 90
4
 70
1
 10
1350.6
 20
737.8000000000001
 10
1352.6
 20
737.8000000000001
 10
1352.6
 20
739.8000000000001
 10
1350.6
 20
739.8000000000001
  0
HATCH
  5
501
330
17
100
AcDbEntity
  8
CHAPA
 62
1
100
AcDbHatch
 10
0.0
 20
0.0
 30
0.0
210
0.0
220
0.0
230
1.0
  2
SOLID
 70
1
 71
0
 91
1
 92
3
 72
0
 73
1
 93
4
 10
1350.6
 20
737.8000000000001
 10
1352.6
 20
737.8000000000001
 10
1352.6
 20
739.8000000000001
 10
1350.6
 20
739.8000000000001
 97
0
 75
0
 76
1
 98
0
  0
LWPOLYLINE
  5
502
330
17
100
AcDbEntity
  8
CHAPA
 62
1
100
AcDbPolyline
 90
4
 70
1
 10
1350.6
 20
760.2000000000002
 10
1352.6
 20
760.2000000000002
 10
1352.6
 20
762.2000000000002
 10
1350.6
 20
762.2000000000002
  0
HATCH
  5
503
330
17
100
AcDbEntity
  8
CHAPA
 62
1
100
AcDbHatch
 10
0.0
 20
0.0
 30
0.0
210
0.0
220
0.0
230
1.0
  2
SOLID
 70
1
 71
0
 91
1
 92
3
 72
0
 73
1
 93
4
 10
1350.6
 20
760.2000000000002
 10
1352.6
 20
760.2000000000002
 10
1352.6
 20
762.2000000000002
 10
1350.6
 20
762.2000000000002
 97
0
 75
0
 76
1
 98
0
  0
LWPOLYLINE
  5
504
330
17
100
AcDbEntity
  8
CHAPA
 62
1
100
AcDbPolyline
 90
4
 70
1
 10
1290.1999999999998
 20
760.2000000000002
 10
1292.1999999999998
 20
760.2000000000002
 10
1292.1999999999998
 20
762.2000000000002
 10
1290.1999999999998
 20
762.2000000000002
  0
HATCH
  5
505
330
17
100
AcDbEntity
  8
CHAPA
 62
1
100
AcDbHatch
 10
0.0
 20
0.0
 30
0.0
210
0.0
220
0.0
230
1.0
  2
SOLID
 70
1
 71
0
 91
1
 92
3
 72
0
 73
1
 93
4
 10
1290.1999999999998
 20
760.2000000000002
 10
1292.1999999999998
 20
760.2000000000002
 10
1292.1999999999998
 20
762.2000000000002
 10
1290.1999999999998
 20
762.2000000000002
 97
0
 75
0
 76
1
 98
0
  0
TEXT
  5
506
330
17
100
AcDbEntity
  8
Texto Secao
 62
2
100
AcDbText
 10
1321.3999999999999
 20
729.8000000000001
 30
0.0
 40
4.0
  1
A
 72
1
 11
1321.3999999999999
 21
729.8000000000001
 31
0.0
100
AcDbText
 73
3
  0
TEXT
  5
507
330
17
100
AcDbEntity
  8
Texto Secao
 62
2
100
AcDbText
 10
1321.3999999999999
 20
770.2000000000002
 30
0.0
 40
4.0
  1
C
 72
1
 11
1321.3999999999999
 21
770.2000000000002
 31
0.0
100
AcDbText
 73
1
  0
TEXT
  5
508
330
17
100
AcDbEntity
  8
Texto Secao
 62
2
100
AcDbText
 10
1282.1999999999998
 20
750.0000000000001
 30
0.0
 40
4.0
  1
D
 72
2
 11
1282.1999999999998
 21
750.0000000000001
 31
0.0
100
AcDbText
 73
2
  0
TEXT
  5
509
330
17
100
AcDbEntity
  8
Texto Secao
 62
2
100
AcDbText
 10
1360.6
 20
750.0000000000001
 30
0.0
 40
4.0
  1
B
 11
1360.6
 21
750.0000000000001
 31
0.0
100
AcDbText
 73
2
  0
TEXT
  5
50A
330
17
100
AcDbEntity
  8
Cota Secao (2x)
 62
4
100
AcDbText
 10
1321.3999999999999
 20
720.8000000000001
 30
0.0
 40
3.4
  1
54x16cm
 72
1
 11
1321.3999999999999
 21
720.8000000000001
 31
0.0
100
AcDbText
 73
3
  0
TEXT
  5
50B
330
17
100
AcDbEntity
  8
Texto Secao
 62
2
100
AcDbText
 10
1321.3999999999999
 20
779.2000000000002
 30
0.0
 40
4.0
  1
VISAO DE CIMA
 72
1
 11
1321.3999999999999
 21
779.2000000000002
 31
0.0
100
AcDbText
 73
1
  0
LWPOLYLINE
  5
50C
330
17
100
AcDbEntity
  8
Paineis
100
AcDbPolyline
 90
4
 70
1
 10
1389.6
 20
480.0
 10
1443.6
 20
480.0
 10
1443.6
 20
726.0
 10
1389.6
 20
726.0
  0
HATCH
  5
50D
330
17
100
AcDbEntity
  8
Hachura
100
AcDbHatch
 10
0.0
 20
0.0
 30
0.0
210
0.0
220
0.0
230
1.0
  2
SOLID
 70
1
 71
0
 91
1
 92
3
 72
0
 73
1
 93
4
 10
1389.6
 20
480.0
 10
1443.6
 20
480.0
 10
1443.6
 20
726.0
 10
1389.6
 20
726.0
 97
0
 75
0
 76
1
 98
0
  0
HATCH
  5
50E
330
17
100
AcDbEntity
  8
Hachura
100
AcDbHatch
 10
0.0
 20
0.0
 30
0.0
210
0.0
220
0.0
230
1.0
  2
ANSI31
 70
0
 71
0
 91
1
 92
3
 72
0
 73
1
 93
4
 10
1389.6
 20
480.0
 10
1443.6
 20
480.0
 10
1443.6
 20
726.0
 10
1389.6
 20
726.0
 97
0
 75
1
 76
1
 52
0.0
 41
5.0
 77
0
 78
1
 53
45.0
 43
0.0
 44
0.0
 45
-11.2253201515
 46
11.2253201515
 79
0
 98
0
  0
LWPOLYLINE
  5
50F
330
17
100
AcDbEntity
  8
Paineis
100
AcDbPolyline
 90
4
 70
1
 10
1389.6
 20
726.0
 10
1443.6
 20
726.0
 10
1443.6
 20
760.0
 10
1389.6
 20
760.0
  0
HATCH
  5
510
330
17
100
AcDbEntity
  8
Hachura
100
AcDbHatch
 10
0.0
 20
0.0
 30
0.0
210
0.0
220
0.0
230
1.0
  2
SOLID
 70
1
 71
0
 91
1
 92
3
 72
0
 73
1
 93
4
 10
1389.6
 20
726.0
 10
1443.6
 20
726.0
 10
1443.6
 20
760.0
 10
1389.6
 20
760.0
 97
0
 75
0
 76
1
 98
0
  0
HATCH
  5
511
330
17
100
AcDbEntity
  8
Hachura
100
AcDbHatch
 10
0.0
 20
0.0
 30
0.0
210
0.0
220
0.0
230
1.0
  2
ANSI31
 70
0
 71
0
 91
1
 92
3
 72
0
 73
1
 93
4
 10
1389.6
 20
726.0
 10
1443.6
 20
726.0
 10
1443.6
 20
760.0
 10
1389.6
 20
760.0
 97
0
 75
1
 76
1
 52
0.0
 41
2.5
 77
0
 78
1
 53
45.0
 43
0.0
 44
0.0
 45
-5.6126600758
 46
5.6126600758
 79
0
 98
0
  0
LINE
  5
512
330
17
100
AcDbEntity
  8
Paineis
100
AcDbLine
 10
1389.6
 20
724.0
 30
0.0
 11
1443.6
 21
724.0
 31
0.0
  0
LINE
  5
513
330
17
100
AcDbEntity
  8
Paineis
100
AcDbLine
 10
1389.6
 20
482.0
 30
0.0
 11
1443.6
 21
482.0
 31
0.0
  0
LINE
  5
514
330
17
100
AcDbEntity
  8
SARR_2.2x7
  6
HIDDEN
 48
30.0
100
AcDbLine
 10
1390.6999999999998
 20
480.0
 30
0.0
 11
1390.6999999999998
 21
760.0
 31
0.0
  0
LINE
  5
515
330
17
100
AcDbEntity
  8
SARR_2.2x7
  6
HIDDEN
 48
30.0
100
AcDbLine
 10
1407.9666666666665
 20
480.0
 30
0.0
 11
1407.9666666666665
 21
760.0
 31
0.0
  0
LINE
  5
516
330
17
100
AcDbEntity
  8
SARR_2.2x7
  6
HIDDEN
 48
30.0
100
AcDbLine
 10
1425.2333333333333
 20
480.0
 30
0.0
 11
1425.2333333333333
 21
760.0
 31
0.0
  0
LINE
  5
517
330
17
100
AcDbEntity
  8
SARR_2.2x7
  6
HIDDEN
 48
30.0
100
AcDbLine
 10
1442.5
 20
480.0
 30
0.0
 11
1442.5
 21
760.0
 31
0.0
  0
TEXT
  5
518
330
17
100
AcDbEntity
  8
Texto Secao
 62
2
100
AcDbText
 10
1416.6
 20
472.0
 30
0.0
 40
4.5
  1
P20.A
 50
90.0
100
AcDbText
  0
LWPOLYLINE
  5
519
330
17
100
AcDbEntity
  8
Paineis
100
AcDbPolyline
 90
4
 70
1
 10
1451.6
 20
480.0
 10
1467.6
 20
480.0
 10
1467.6
 20
726.0
 10
1451.6
 20
726.0
  0
HATCH
  5
51A
330
17
100
AcDbEntity
  8
Hachura
100
AcDbHatch
 10
0.0
 20
0.0
 30
0.0
210
0.0
220
0.0
230
1.0
  2
SOLID
 70
1
 71
0
 91
1
 92
3
 72
0
 73
1
 93
4
 10
1451.6
 20
480.0
 10
1467.6
 20
480.0
 10
1467.6
 20
726.0
 10
1451.6
 20
726.0
 97
0
 75
0
 76
1
 98
0
  0
HATCH
  5
51B
330
17
100
AcDbEntity
  8
Hachura
100
AcDbHatch
 10
0.0
 20
0.0
 30
0.0
210
0.0
220
0.0
230
1.0
  2
ANSI31
 70
0
 71
0
 91
1
 92
3
 72
0
 73
1
 93
4
 10
1451.6
 20
480.0
 10
1467.6
 20
480.0
 10
1467.6
 20
726.0
 10
1451.6
 20
726.0
 97
0
 75
1
 76
1
 52
0.0
 41
5.0
 77
0
 78
1
 53
45.0
 43
0.0
 44
0.0
 45
-11.2253201515
 46
11.2253201515
 79
0
 98
0
  0
LWPOLYLINE
  5
51C
330
17
100
AcDbEntity
  8
Paineis
100
AcDbPolyline
 90
4
 70
1
 10
1451.6
 20
726.0
 10
1467.6
 20
726.0
 10
1467.6
 20
760.0
 10
1451.6
 20
760.0
  0
HATCH
  5
51D
330
17
100
AcDbEntity
  8
Hachura
100
AcDbHatch
 10
0.0
 20
0.0
 30
0.0
210
0.0
220
0.0
230
1.0
  2
SOLID
 70
1
 71
0
 91
1
 92
3
 72
0
 73
1
 93
4
 10
1451.6
 20
726.0
 10
1467.6
 20
726.0
 10
1467.6
 20
760.0
 10
1451.6
 20
760.0
 97
0
 75
0
 76
1
 98
0
  0
HATCH
  5
51E
330
17
100
AcDbEntity
  8
Hachura
100
AcDbHatch
 10
0.0
 20
0.0
 30
0.0
210
0.0
220
0.0
230
1.0
  2
ANSI31
 70
0
 71
0
 91
1
 92
3
 72
0
 73
1
 93
4
 10
1451.6
 20
726.0
 10
1467.6
 20
726.0
 10
1467.6
 20
760.0
 10
1451.6
 20
760.0
 97
0
 75
1
 76
1
 52
0.0
 41
2.5
 77
0
 78
1
 53
45.0
 43
0.0
 44
0.0
 45
-5.6126600758
 46
5.6126600758
 79
0
 98
0
  0
LINE
  5
51F
330
17
100
AcDbEntity
  8
Paineis
100
AcDbLine
 10
1451.6
 20
724.0
 30
0.0
 11
1467.6
 21
724.0
 31
0.0
  0
LINE
  5
520
330
17
100
AcDbEntity
  8
Paineis
100
AcDbLine
 10
1451.6
 20
482.0
 30
0.0
 11
1467.6
 21
482.0
 31
0.0
  0
LINE
  5
521
330
17
100
AcDbEntity
  8
SARR_2.2x7
  6
HIDDEN
 48
30.0
100
AcDbLine
 10
1452.6999999999998
 20
480.0
 30
0.0
 11
1452.6999999999998
 21
760.0
 31
0.0
  0
LINE
  5
522
330
17
100
AcDbEntity
  8
SARR_2.2x7
  6
HIDDEN
 48
30.0
100
AcDbLine
 10
1466.5
 20
480.0
 30
0.0
 11
1466.5
 21
760.0
 31
0.0
  0
TEXT
  5
523
330
17
100
AcDbEntity
  8
Texto Secao
 62
2
100
AcDbText
 10
1459.6
 20
472.0
 30
0.0
 40
4.5
  1
P20.B
 50
90.0
100
AcDbText
  0
LWPOLYLINE
  5
524
330
17
100
AcDbEntity
  8
Paineis
100
AcDbPolyline
 90
4
 70
1
 10
1475.6
 20
480.0
 10
1529.6
 20
480.0
 10
1529.6
 20
726.0
 10
1475.6
 20
726.0
  0
HATCH
  5
525
330
17
100
AcDbEntity
  8
Hachura
100
AcDbHatch
 10
0.0
 20
0.0
 30
0.0
210
0.0
220
0.0
230
1.0
  2
SOLID
 70
1
 71
0
 91
1
 92
3
 72
0
 73
1
 93
4
 10
1475.6
 20
480.0
 10
1529.6
 20
480.0
 10
1529.6
 20
726.0
 10
1475.6
 20
726.0
 97
0
 75
0
 76
1
 98
0
  0
HATCH
  5
526
330
17
100
AcDbEntity
  8
Hachura
100
AcDbHatch
 10
0.0
 20
0.0
 30
0.0
210
0.0
220
0.0
230
1.0
  2
ANSI31
 70
0
 71
0
 91
1
 92
3
 72
0
 73
1
 93
4
 10
1475.6
 20
480.0
 10
1529.6
 20
480.0
 10
1529.6
 20
726.0
 10
1475.6
 20
726.0
 97
0
 75
1
 76
1
 52
0.0
 41
5.0
 77
0
 78
1
 53
45.0
 43
0.0
 44
0.0
 45
-11.2253201515
 46
11.2253201515
 79
0
 98
0
  0
LWPOLYLINE
  5
527
330
17
100
AcDbEntity
  8
Paineis
100
AcDbPolyline
 90
4
 70
1
 10
1475.6
 20
726.0
 10
1529.6
 20
726.0
 10
1529.6
 20
760.0
 10
1475.6
 20
760.0
  0
HATCH
  5
528
330
17
100
AcDbEntity
  8
Hachura
100
AcDbHatch
 10
0.0
 20
0.0
 30
0.0
210
0.0
220
0.0
230
1.0
  2
SOLID
 70
1
 71
0
 91
1
 92
3
 72
0
 73
1
 93
4
 10
1475.6
 20
726.0
 10
1529.6
 20
726.0
 10
1529.6
 20
760.0
 10
1475.6
 20
760.0
 97
0
 75
0
 76
1
 98
0
  0
HATCH
  5
529
330
17
100
AcDbEntity
  8
Hachura
100
AcDbHatch
 10
0.0
 20
0.0
 30
0.0
210
0.0
220
0.0
230
1.0
  2
ANSI31
 70
0
 71
0
 91
1
 92
3
 72
0
 73
1
 93
4
 10
1475.6
 20
726.0
 10
1529.6
 20
726.0
 10
1529.6
 20
760.0
 10
1475.6
 20
760.0
 97
0
 75
1
 76
1
 52
0.0
 41
2.5
 77
0
 78
1
 53
45.0
 43
0.0
 44
0.0
 45
-5.6126600758
 46
5.6126600758
 79
0
 98
0
  0
LINE
  5
52A
330
17
100
AcDbEntity
  8
Paineis
100
AcDbLine
 10
1475.6
 20
724.0
 30
0.0
 11
1529.6
 21
724.0
 31
0.0
  0
LINE
  5
52B
330
17
100
AcDbEntity
  8
Paineis
100
AcDbLine
 10
1475.6
 20
482.0
 30
0.0
 11
1529.6
 21
482.0
 31
0.0
  0
LINE
  5
52C
330
17
100
AcDbEntity
  8
SARR_2.2x7
  6
HIDDEN
 48
30.0
100
AcDbLine
 10
1476.6999999999998
 20
480.0
 30
0.0
 11
1476.6999999999998
 21
760.0
 31
0.0
  0
LINE
  5
52D
330
17
100
AcDbEntity
  8
SARR_2.2x7
  6
HIDDEN
 48
30.0
100
AcDbLine
 10
1493.9666666666665
 20
480.0
 30
0.0
 11
1493.9666666666665
 21
760.0
 31
0.0
  0
LINE
  5
52E
330
17
100
AcDbEntity
  8
SARR_2.2x7
  6
HIDDEN
 48
30.0
100
AcDbLine
 10
1511.2333333333333
 20
480.0
 30
0.0
 11
1511.2333333333333
 21
760.0
 31
0.0
  0
LINE
  5
52F
330
17
100
AcDbEntity
  8
SARR_2.2x7
  6
HIDDEN
 48
30.0
100
AcDbLine
 10
1528.5
 20
480.0
 30
0.0
 11
1528.5
 21
760.0
 31
0.0
  0
TEXT
  5
530
330
17
100
AcDbEntity
  8
Texto Secao
 62
2
100
AcDbText
 10
1502.6
 20
472.0
 30
0.0
 40
4.5
  1
P20.C
 50
90.0
100
AcDbText
  0
LWPOLYLINE
  5
531
330
17
100
AcDbEntity
  8
Paineis
100
AcDbPolyline
 90
4
 70
1
 10
1537.6
 20
480.0
 10
1553.6
 20
480.0
 10
1553.6
 20
726.0
 10
1537.6
 20
726.0
  0
HATCH
  5
532
330
17
100
AcDbEntity
  8
Hachura
100
AcDbHatch
 10
0.0
 20
0.0
 30
0.0
210
0.0
220
0.0
230
1.0
  2
SOLID
 70
1
 71
0
 91
1
 92
3
 72
0
 73
1
 93
4
 10
1537.6
 20
480.0
 10
1553.6
 20
480.0
 10
1553.6
 20
726.0
 10
1537.6
 20
726.0
 97
0
 75
0
 76
1
 98
0
  0
HATCH
  5
533
330
17
100
AcDbEntity
  8
Hachura
100
AcDbHatch
 10
0.0
 20
0.0
 30
0.0
210
0.0
220
0.0
230
1.0
  2
ANSI31
 70
0
 71
0
 91
1
 92
3
 72
0
 73
1
 93
4
 10
1537.6
 20
480.0
 10
1553.6
 20
480.0
 10
1553.6
 20
726.0
 10
1537.6
 20
726.0
 97
0
 75
1
 76
1
 52
0.0
 41
5.0
 77
0
 78
1
 53
45.0
 43
0.0
 44
0.0
 45
-11.2253201515
 46
11.2253201515
 79
0
 98
0
  0
LWPOLYLINE
  5
534
330
17
100
AcDbEntity
  8
Paineis
100
AcDbPolyline
 90
4
 70
1
 10
1537.6
 20
726.0
 10
1553.6
 20
726.0
 10
1553.6
 20
760.0
 10
1537.6
 20
760.0
  0
HATCH
  5
535
330
17
100
AcDbEntity
  8
Hachura
100
AcDbHatch
 10
0.0
 20
0.0
 30
0.0
210
0.0
220
0.0
230
1.0
  2
SOLID
 70
1
 71
0
 91
1
 92
3
 72
0
 73
1
 93
4
 10
1537.6
 20
726.0
 10
1553.6
 20
726.0
 10
1553.6
 20
760.0
 10
1537.6
 20
760.0
 97
0
 75
0
 76
1
 98
0
  0
HATCH
  5
536
330
17
100
AcDbEntity
  8
Hachura
100
AcDbHatch
 10
0.0
 20
0.0
 30
0.0
210
0.0
220
0.0
230
1.0
  2
ANSI31
 70
0
 71
0
 91
1
 92
3
 72
0
 73
1
 93
4
 10
1537.6
 20
726.0
 10
1553.6
 20
726.0
 10
1553.6
 20
760.0
 10
1537.6
 20
760.0
 97
0
 75
1
 76
1
 52
0.0
 41
2.5
 77
0
 78
1
 53
45.0
 43
0.0
 44
0.0
 45
-5.6126600758
 46
5.6126600758
 79
0
 98
0
  0
LINE
  5
537
330
17
100
AcDbEntity
  8
Paineis
100
AcDbLine
 10
1537.6
 20
724.0
 30
0.0
 11
1553.6
 21
724.0
 31
0.0
  0
LINE
  5
538
330
17
100
AcDbEntity
  8
Paineis
100
AcDbLine
 10
1537.6
 20
482.0
 30
0.0
 11
1553.6
 21
482.0
 31
0.0
  0
LINE
  5
539
330
17
100
AcDbEntity
  8
SARR_2.2x7
  6
HIDDEN
 48
30.0
100
AcDbLine
 10
1538.6999999999998
 20
480.0
 30
0.0
 11
1538.6999999999998
 21
760.0
 31
0.0
  0
LINE
  5
53A
330
17
100
AcDbEntity
  8
SARR_2.2x7
  6
HIDDEN
 48
30.0
100
AcDbLine
 10
1552.5
 20
480.0
 30
0.0
 11
1552.5
 21
760.0
 31
0.0
  0
TEXT
  5
53B
330
17
100
AcDbEntity
  8
Texto Secao
 62
2
100
AcDbText
 10
1545.6
 20
472.0
 30
0.0
 40
4.5
  1
P20.D
 50
90.0
100
AcDbText
  0
LINE
  5
53C
330
17
100
AcDbEntity
  8
COTA
 62
8
100
AcDbLine
 10
1561.6
 20
480.0
 30
0.0
 11
1561.6
 21
760.0
 31
0.0
  0
LINE
  5
53D
330
17
100
AcDbEntity
  8
COTA
 62
8
100
AcDbLine
 10
1559.6
 20
480.0
 30
0.0
 11
1563.6
 21
480.0
 31
0.0
  0
LINE
  5
53E
330
17
100
AcDbEntity
  8
COTA
 62
8
100
AcDbLine
 10
1559.6
 20
482.0
 30
0.0
 11
1563.6
 21
482.0
 31
0.0
  0
TEXT
  5
53F
330
17
100
AcDbEntity
  8
COTA
 62
8
100
AcDbText
 10
1566.6
 20
481.0
 30
0.0
 40
3.0
  1
h1=2
100
AcDbText
  0
LINE
  5
540
330
17
100
AcDbEntity
  8
COTA
 62
8
100
AcDbLine
 10
1559.6
 20
482.0
 30
0.0
 11
1563.6
 21
482.0
 31
0.0
  0
LINE
  5
541
330
17
100
AcDbEntity
  8
COTA
 62
8
100
AcDbLine
 10
1559.6
 20
726.0
 30
0.0
 11
1563.6
 21
726.0
 31
0.0
  0
TEXT
  5
542
330
17
100
AcDbEntity
  8
COTA
 62
8
100
AcDbText
 10
1566.6
 20
604.0
 30
0.0
 40
3.0
  1
h2=244
100
AcDbText
  0
LINE
  5
543
330
17
100
AcDbEntity
  8
COTA
 62
8
100
AcDbLine
 10
1559.6
 20
726.0
 30
0.0
 11
1563.6
 21
726.0
 31
0.0
  0
LINE
  5
544
330
17
100
AcDbEntity
  8
COTA
 62
8
100
AcDbLine
 10
1559.6
 20
760.0
 30
0.0
 11
1563.6
 21
760.0
 31
0.0
  0
TEXT
  5
545
330
17
100
AcDbEntity
  8
COTA
 62
8
100
AcDbText
 10
1566.6
 20
743.0
 30
0.0
 40
3.0
  1
h3=34
100
AcDbText
  0
TEXT
  5
546
330
17
100
AcDbEntity
  8
COTA
 62
8
100
AcDbText
 10
1566.6
 20
763.0
 30
0.0
 40
3.5
  1
TOTAL=280
100
AcDbText
  0
LINE
  5
547
330
17
100
AcDbEntity
  8
Nivel
 62
4
100
AcDbLine
 10
1265.1999999999998
 20
480.0
 30
0.0
 11
1566.6
 21
480.0
 31
0.0
  0
LINE
  5
548
330
17
100
AcDbEntity
  8
Nivel
 62
4
100
AcDbLine
 10
1264.1999999999998
 20
485.0
 30
0.0
 11
1267.1999999999998
 21
480.0
 31
0.0
  0
LINE
  5
549
330
17
100
AcDbEntity
  8
Nivel
 62
4
100
AcDbLine
 10
1270.1999999999998
 20
485.0
 30
0.0
 11
1267.1999999999998
 21
480.0
 31
0.0
  0
TEXT
  5
54A
330
17
100
AcDbEntity
  8
Nivel
 62
4
100
AcDbText
 10
1272.1999999999998
 20
481.0
 30
0.0
 40
4.0
  1
1o PAV.
100
AcDbText
  0
LINE
  5
54B
330
17
100
AcDbEntity
  8
Nivel
 62
4
100
AcDbLine
 10
1265.1999999999998
 20
726.0
 30
0.0
 11
1566.6
 21
726.0
 31
0.0
  0
LINE
  5
54C
330
17
100
AcDbEntity
  8
Nivel
 62
4
100
AcDbLine
 10
1264.1999999999998
 20
731.0
 30
0.0
 11
1267.1999999999998
 21
726.0
 31
0.0
  0
LINE
  5
54D
330
17
100
AcDbEntity
  8
Nivel
 62
4
100
AcDbLine
 10
1270.1999999999998
 20
731.0
 30
0.0
 11
1267.1999999999998
 21
726.0
 31
0.0
  0
TEXT
  5
54E
330
17
100
AcDbEntity
  8
Nivel
 62
4
100
AcDbText
 10
1272.1999999999998
 20
727.0
 30
0.0
 40
4.0
  1
2o PAV.
100
AcDbText
  0
LWPOLYLINE
  5
54F
330
17
100
AcDbEntity
  8
CARIMBO
 62
40
100
AcDbPolyline
 90
4
 70
1
 10
1263.1999999999998
 20
425.0
 10
1590.6
 20
425.0
 10
1590.6
 20
465.0
 10
1263.1999999999998
 20
465.0
  0
LINE
  5
550
330
17
100
AcDbEntity
  8
CARIMBO
 62
40
100
AcDbLine
 10
1263.1999999999998
 20
435.0
 30
0.0
 11
1590.6
 21
435.0
 31
0.0
  0
LINE
  5
551
330
17
100
AcDbEntity
  8
CARIMBO
 62
40
100
AcDbLine
 10
1263.1999999999998
 20
445.0
 30
0.0
 11
1590.6
 21
445.0
 31
0.0
  0
LINE
  5
552
330
17
100
AcDbEntity
  8
CARIMBO
 62
40
100
AcDbLine
 10
1263.1999999999998
 20
455.0
 30
0.0
 11
1590.6
 21
455.0
 31
0.0
  0
LINE
  5
553
330
17
100
AcDbEntity
  8
CARIMBO
 62
40
100
AcDbLine
 10
1377.7899999999997
 20
425.0
 30
0.0
 11
1377.7899999999997
 21
465.0
 31
0.0
  0
TEXT
  5
554
330
17
100
AcDbEntity
  8
CARIMBO
 62
9
100
AcDbText
 10
1266.1999999999998
 20
460.0
 30
0.0
 40
3.0
  1
CLIENTE:
100
AcDbText
  0
TEXT
  5
555
330
17
100
AcDbEntity
  8
TEXTO_GERAL
 62
2
100
AcDbText
 10
1380.7899999999997
 20
460.0
 30
0.0
 40
3.0
  1
ALIMONTI
100
AcDbText
  0
TEXT
  5
556
330
17
100
AcDbEntity
  8
CARIMBO
 62
9
100
AcDbText
 10
1266.1999999999998
 20
450.0
 30
0.0
 40
3.0
  1
OBRA:
100
AcDbText
  0
TEXT
  5
557
330
17
100
AcDbEntity
  8
TEXTO_GERAL
 62
2
100
AcDbText
 10
1380.7899999999997
 20
450.0
 30
0.0
 40
3.0
  1
Obra_TREINO_1
100
AcDbText
  0
TEXT
  5
558
330
17
100
AcDbEntity
  8
CARIMBO
 62
9
100
AcDbText
 10
1266.1999999999998
 20
440.0
 30
0.0
 40
3.0
  1
PAVIMENTO:
100
AcDbText
  0
TEXT
  5
559
330
17
100
AcDbEntity
  8
TEXTO_GERAL
 62
2
100
AcDbText
 10
1380.7899999999997
 20
440.0
 30
0.0
 40
3.0
  1
TERREO
100
AcDbText
  0
TEXT
  5
55A
330
17
100
AcDbEntity
  8
CARIMBO
 62
9
100
AcDbText
 10
1266.1999999999998
 20
430.0
 30
0.0
 40
3.0
  1
PROJETO:
100
AcDbText
  0
TEXT
  5
55B
330
17
100
AcDbEntity
  8
TEXTO_GERAL
 62
2
100
AcDbText
 10
1380.7899999999997
 20
430.0
 30
0.0
 40
3.0
  1
PILARES
100
AcDbText
  0
TEXT
  5
55C
330
17
100
AcDbEntity
  8
LABEL_ID
 62
3
100
AcDbText
 10
1575.6
 20
430.0
 30
0.0
 40
8.0
  1
09
100
AcDbText
  0
LWPOLYLINE
  5
55D
330
17
100
AcDbEntity
  8
BORDA_CELULA
 62
9
100
AcDbPolyline
 90
4
 70
1
 10
1659.6
 20
425.0
 10
1882.0
 20
425.0
 10
1882.0
 20
830.0
 10
1659.6
 20
830.0
  0
TEXT
  5
55E
330
17
100
AcDbEntity
  8
TEXTO_GERAL
 62
2
100
AcDbText
 10
1872.0
 20
825.0
 30
0.0
 40
3.0
  1
TÉRREO - PD: 280.00
 72
2
 11
1872.0
 21
825.0
 31
0.0
100
AcDbText
  0
TEXT
  5
55F
330
17
100
AcDbEntity
  8
TEXTO_GERAL
 62
2
100
AcDbText
 10
1872.0
 20
820.0
 30
0.0
 40
3.0
  1
NIVEL DE SAIDA: 280.00
 72
2
 11
1872.0
 21
820.0
 31
0.0
100
AcDbText
  0
TEXT
  5
560
330
17
100
AcDbEntity
  8
TEXTO_GERAL
 62
2
100
AcDbText
 10
1872.0
 20
815.0
 30
0.0
 40
3.0
  1
NIVEL DE CHEGADA: 0.00
 72
2
 11
1872.0
 21
815.0
 31
0.0
100
AcDbText
  0
TEXT
  5
561
330
17
100
AcDbEntity
  8
NOMENCLATURA
 62
1
100
AcDbText
 10
1679.6
 20
818.0
 30
0.0
 40
10.0
  1
P21
100
AcDbText
  0
LWPOLYLINE
  5
562
330
17
100
AcDbEntity
  8
CONCRETO
 62
4
100
AcDbPolyline
 90
4
 70
1
 10
1690.8
 20
742.0000000000001
 10
1709.8
 20
742.0000000000001
 10
1709.8
 20
758.0000000000001
 10
1690.8
 20
758.0000000000001
  0
HATCH
  5
563
330
17
100
AcDbEntity
  8
COTA
100
AcDbHatch
 10
0.0
 20
0.0
 30
0.0
210
0.0
220
0.0
230
1.0
  2
AR-CONC
 70
0
 71
0
 91
1
 92
3
 72
0
 73
1
 93
4
 10
1690.8
 20
742.0000000000001
 10
1709.8
 20
742.0000000000001
 10
1709.8
 20
758.0000000000001
 10
1690.8
 20
758.0000000000001
 97
0
 75
1
 76
1
 52
0.0
 41
0.03
 77
0
 78
13
 53
50.0
 43
0.0
 44
0.0
 45
5.4655400699
 46
-0.4781725662
 79
2
 49
0.5715
 49
-6.2865
 53
355.0
 43
0.0
 44
0.0
 45
-1.0573026428
 46
5.7317053572
 79
2
 49
0.4572
 49
-5.0292175251
 53
100.4514447
 43
0.45546021
 44
-0.039847605
 45
4.4082374127
 46
5.2535325574
 79
2
 49
0.485700264
 49
-5.342707338
 53
46.1842
 43
0.0
 44
1.524
 45
8.1323712268
 46
-1.261269838
 79
2
 49
0.85725
 49
-9.42975
 53
96.63555761
 43
0.677697
 44
1.418895
 45
7.1221240215
 46
7.4227837379
 79
2
 49
0.7285506942
 49
-8.0140682448
 53
351.18415117
 43
0.0
 44
1.524
 45
7.1221240219
 46
7.4227837376
 79
2
 49
0.6857990121
 49
-7.5437919576
 53
21.0
 43
0.762
 44
1.143
 45
4.5484317381
 46
-3.0679559456
 79
2
 49
0.5715
 49
-6.2865
 53
326.0
 43
0.762
 44
1.143
 45
1.8540608504
 46
5.5256389837
 79
2
 49
0.4572
 49
-5.0292
 53
71.451445
 43
1.141035978
 44
0.887337003
 45
6.4024925784
 46
2.4576830666
 79
2
 49
0.485700264
 49
-5.342698128
 53
37.5
 43
0.0
 44
0.0
 45
0.0926580975
 46
2.5366511662
 79
6
 49
0.0
 49
-4.96824
 49
0.0
 49
-5.1054
 49
0.0
 49
-5.04825
 53
7.5
 43
0.0
 44
0.0
 45
2.0045898753
 46
3.0054172445
 79
6
 49
0.0
 49
-2.91084
 49
0.0
 49
-4.85394
 49
0.0
 49
-1.92405
 53
-32.5
 43
-1.69926
 44
0.0
 45
4.067717855
 46
-0.1718623198
 79
6
 49
0.0
 49
-1.905
 49
0.0
 49
-5.9436
 49
0.0
 49
-7.8867
 53
-42.5
 43
-2.46126
 44
0.0
 45
4.4438754416
 46
0.762794731
 79
6
 49
0.0
 49
-2.4765
 49
0.0
 49
-3.94716
 49
0.0
 49
-5.6007
 98
0
  0
LWPOLYLINE
  5
564
330
17
100
AcDbEntity
  8
Paineis
100
AcDbPolyline
 90
4
 70
1
 10
1690.8
 20
739.8000000000001
 10
1709.8
 20
739.8000000000001
 10
1709.8
 20
742.0000000000001
 10
1690.8
 20
742.0000000000001
  0
HATCH
  5
565
330
17
100
AcDbEntity
  8
Paineis
100
AcDbHatch
 10
0.0
 20
0.0
 30
0.0
210
0.0
220
0.0
230
1.0
  2
SOLID
 70
1
 71
0
 91
1
 92
3
 72
0
 73
1
 93
4
 10
1690.8
 20
739.8000000000001
 10
1709.8
 20
739.8000000000001
 10
1709.8
 20
742.0000000000001
 10
1690.8
 20
742.0000000000001
 97
0
 75
0
 76
1
 98
0
  0
HATCH
  5
566
330
17
100
AcDbEntity
  8
Paineis
100
AcDbHatch
 10
0.0
 20
0.0
 30
0.0
210
0.0
220
0.0
230
1.0
  2
ANSI31
 70
0
 71
0
 91
1
 92
3
 72
0
 73
1
 93
4
 10
1690.8
 20
739.8000000000001
 10
1709.8
 20
739.8000000000001
 10
1709.8
 20
742.0000000000001
 10
1690.8
 20
742.0000000000001
 97
0
 75
1
 76
1
 52
270.0
 41
0.5
 77
0
 78
1
 53
315.0
 43
-0.0
 44
-0.0
 45
1.1225320152
 46
1.1225320151
 79
0
 98
0
  0
LWPOLYLINE
  5
567
330
17
100
AcDbEntity
  8
Paineis
100
AcDbPolyline
 90
4
 70
1
 10
1690.8
 20
758.0000000000001
 10
1709.8
 20
758.0000000000001
 10
1709.8
 20
760.2000000000002
 10
1690.8
 20
760.2000000000002
  0
HATCH
  5
568
330
17
100
AcDbEntity
  8
Paineis
100
AcDbHatch
 10
0.0
 20
0.0
 30
0.0
210
0.0
220
0.0
230
1.0
  2
SOLID
 70
1
 71
0
 91
1
 92
3
 72
0
 73
1
 93
4
 10
1690.8
 20
758.0000000000001
 10
1709.8
 20
758.0000000000001
 10
1709.8
 20
760.2000000000002
 10
1690.8
 20
760.2000000000002
 97
0
 75
0
 76
1
 98
0
  0
HATCH
  5
569
330
17
100
AcDbEntity
  8
Paineis
100
AcDbHatch
 10
0.0
 20
0.0
 30
0.0
210
0.0
220
0.0
230
1.0
  2
ANSI31
 70
0
 71
0
 91
1
 92
3
 72
0
 73
1
 93
4
 10
1690.8
 20
758.0000000000001
 10
1709.8
 20
758.0000000000001
 10
1709.8
 20
760.2000000000002
 10
1690.8
 20
760.2000000000002
 97
0
 75
1
 76
1
 52
270.0
 41
0.5
 77
0
 78
1
 53
315.0
 43
-0.0
 44
-0.0
 45
1.1225320152
 46
1.1225320151
 79
0
 98
0
  0
LWPOLYLINE
  5
56A
330
17
100
AcDbEntity
  8
Paineis
100
AcDbPolyline
 90
4
 70
1
 10
1688.6
 20
742.0000000000001
 10
1690.8
 20
742.0000000000001
 10
1690.8
 20
758.0000000000001
 10
1688.6
 20
758.0000000000001
  0
HATCH
  5
56B
330
17
100
AcDbEntity
  8
Paineis
100
AcDbHatch
 10
0.0
 20
0.0
 30
0.0
210
0.0
220
0.0
230
1.0
  2
SOLID
 70
1
 71
0
 91
1
 92
3
 72
0
 73
1
 93
4
 10
1688.6
 20
742.0000000000001
 10
1690.8
 20
742.0000000000001
 10
1690.8
 20
758.0000000000001
 10
1688.6
 20
758.0000000000001
 97
0
 75
0
 76
1
 98
0
  0
HATCH
  5
56C
330
17
100
AcDbEntity
  8
Paineis
100
AcDbHatch
 10
0.0
 20
0.0
 30
0.0
210
0.0
220
0.0
230
1.0
  2
ANSI31
 70
0
 71
0
 91
1
 92
3
 72
0
 73
1
 93
4
 10
1688.6
 20
742.0000000000001
 10
1690.8
 20
742.0000000000001
 10
1690.8
 20
758.0000000000001
 10
1688.6
 20
758.0000000000001
 97
0
 75
1
 76
1
 52
270.0
 41
0.5
 77
0
 78
1
 53
315.0
 43
-0.0
 44
-0.0
 45
1.1225320152
 46
1.1225320151
 79
0
 98
0
  0
LWPOLYLINE
  5
56D
330
17
100
AcDbEntity
  8
Paineis
100
AcDbPolyline
 90
4
 70
1
 10
1709.8
 20
742.0000000000001
 10
1712.0
 20
742.0000000000001
 10
1712.0
 20
758.0000000000001
 10
1709.8
 20
758.0000000000001
  0
HATCH
  5
56E
330
17
100
AcDbEntity
  8
Paineis
100
AcDbHatch
 10
0.0
 20
0.0
 30
0.0
210
0.0
220
0.0
230
1.0
  2
SOLID
 70
1
 71
0
 91
1
 92
3
 72
0
 73
1
 93
4
 10
1709.8
 20
742.0000000000001
 10
1712.0
 20
742.0000000000001
 10
1712.0
 20
758.0000000000001
 10
1709.8
 20
758.0000000000001
 97
0
 75
0
 76
1
 98
0
  0
HATCH
  5
56F
330
17
100
AcDbEntity
  8
Paineis
100
AcDbHatch
 10
0.0
 20
0.0
 30
0.0
210
0.0
220
0.0
230
1.0
  2
ANSI31
 70
0
 71
0
 91
1
 92
3
 72
0
 73
1
 93
4
 10
1709.8
 20
742.0000000000001
 10
1712.0
 20
742.0000000000001
 10
1712.0
 20
758.0000000000001
 10
1709.8
 20
758.0000000000001
 97
0
 75
1
 76
1
 52
270.0
 41
0.5
 77
0
 78
1
 53
315.0
 43
-0.0
 44
-0.0
 45
1.1225320152
 46
1.1225320151
 79
0
 98
0
  0
LWPOLYLINE
  5
570
330
17
100
AcDbEntity
  8
SARR_2.2x7
100
AcDbPolyline
 90
4
 70
1
 10
1690.8
 20
732.8000000000001
 10
1693.0
 20
732.8000000000001
 10
1693.0
 20
739.8000000000001
 10
1690.8
 20
739.8000000000001
  0
HATCH
  5
571
330
17
100
AcDbEntity
  8
SARR_2.2x7
100
AcDbHatch
 10
0.0
 20
0.0
 30
0.0
210
0.0
220
0.0
230
1.0
  2
SOLID
 70
1
 71
0
 91
1
 92
3
 72
0
 73
1
 93
4
 10
1690.8
 20
732.8000000000001
 10
1693.0
 20
732.8000000000001
 10
1693.0
 20
739.8000000000001
 10
1690.8
 20
739.8000000000001
 97
0
 75
0
 76
1
 98
0
  0
HATCH
  5
572
330
17
100
AcDbEntity
  8
SARR_2.2x7
100
AcDbHatch
 10
0.0
 20
0.0
 30
0.0
210
0.0
220
0.0
230
1.0
  2
ANSI31
 70
0
 71
0
 91
1
 92
3
 72
0
 73
1
 93
4
 10
1690.8
 20
732.8000000000001
 10
1693.0
 20
732.8000000000001
 10
1693.0
 20
739.8000000000001
 10
1690.8
 20
739.8000000000001
 97
0
 75
1
 76
1
 52
270.0
 41
0.5
 77
0
 78
1
 53
315.0
 43
-0.0
 44
-0.0
 45
1.1225320152
 46
1.1225320151
 79
0
 98
0
  0
LWPOLYLINE
  5
573
330
17
100
AcDbEntity
  8
SARR_2.2x7
100
AcDbPolyline
 90
4
 70
1
 10
1707.6000000000001
 20
732.8000000000001
 10
1709.8000000000002
 20
732.8000000000001
 10
1709.8000000000002
 20
739.8000000000001
 10
1707.6000000000001
 20
739.8000000000001
  0
HATCH
  5
574
330
17
100
AcDbEntity
  8
SARR_2.2x7
100
AcDbHatch
 10
0.0
 20
0.0
 30
0.0
210
0.0
220
0.0
230
1.0
  2
SOLID
 70
1
 71
0
 91
1
 92
3
 72
0
 73
1
 93
4
 10
1707.6000000000001
 20
732.8000000000001
 10
1709.8000000000002
 20
732.8000000000001
 10
1709.8000000000002
 20
739.8000000000001
 10
1707.6000000000001
 20
739.8000000000001
 97
0
 75
0
 76
1
 98
0
  0
HATCH
  5
575
330
17
100
AcDbEntity
  8
SARR_2.2x7
100
AcDbHatch
 10
0.0
 20
0.0
 30
0.0
210
0.0
220
0.0
230
1.0
  2
ANSI31
 70
0
 71
0
 91
1
 92
3
 72
0
 73
1
 93
4
 10
1707.6000000000001
 20
732.8000000000001
 10
1709.8000000000002
 20
732.8000000000001
 10
1709.8000000000002
 20
739.8000000000001
 10
1707.6000000000001
 20
739.8000000000001
 97
0
 75
1
 76
1
 52
270.0
 41
0.5
 77
0
 78
1
 53
315.0
 43
-0.0
 44
-0.0
 45
1.1225320152
 46
1.1225320151
 79
0
 98
0
  0
LWPOLYLINE
  5
576
330
17
100
AcDbEntity
  8
SARR_2.2x7
100
AcDbPolyline
 90
4
 70
1
 10
1690.8
 20
760.2000000000002
 10
1693.0
 20
760.2000000000002
 10
1693.0
 20
767.2000000000002
 10
1690.8
 20
767.2000000000002
  0
HATCH
  5
577
330
17
100
AcDbEntity
  8
SARR_2.2x7
100
AcDbHatch
 10
0.0
 20
0.0
 30
0.0
210
0.0
220
0.0
230
1.0
  2
SOLID
 70
1
 71
0
 91
1
 92
3
 72
0
 73
1
 93
4
 10
1690.8
 20
760.2000000000002
 10
1693.0
 20
760.2000000000002
 10
1693.0
 20
767.2000000000002
 10
1690.8
 20
767.2000000000002
 97
0
 75
0
 76
1
 98
0
  0
HATCH
  5
578
330
17
100
AcDbEntity
  8
SARR_2.2x7
100
AcDbHatch
 10
0.0
 20
0.0
 30
0.0
210
0.0
220
0.0
230
1.0
  2
ANSI31
 70
0
 71
0
 91
1
 92
3
 72
0
 73
1
 93
4
 10
1690.8
 20
760.2000000000002
 10
1693.0
 20
760.2000000000002
 10
1693.0
 20
767.2000000000002
 10
1690.8
 20
767.2000000000002
 97
0
 75
1
 76
1
 52
270.0
 41
0.5
 77
0
 78
1
 53
315.0
 43
-0.0
 44
-0.0
 45
1.1225320152
 46
1.1225320151
 79
0
 98
0
  0
LWPOLYLINE
  5
579
330
17
100
AcDbEntity
  8
SARR_2.2x7
100
AcDbPolyline
 90
4
 70
1
 10
1707.6000000000001
 20
760.2000000000002
 10
1709.8000000000002
 20
760.2000000000002
 10
1709.8000000000002
 20
767.2000000000002
 10
1707.6000000000001
 20
767.2000000000002
  0
HATCH
  5
57A
330
17
100
AcDbEntity
  8
SARR_2.2x7
100
AcDbHatch
 10
0.0
 20
0.0
 30
0.0
210
0.0
220
0.0
230
1.0
  2
SOLID
 70
1
 71
0
 91
1
 92
3
 72
0
 73
1
 93
4
 10
1707.6000000000001
 20
760.2000000000002
 10
1709.8000000000002
 20
760.2000000000002
 10
1709.8000000000002
 20
767.2000000000002
 10
1707.6000000000001
 20
767.2000000000002
 97
0
 75
0
 76
1
 98
0
  0
HATCH
  5
57B
330
17
100
AcDbEntity
  8
SARR_2.2x7
100
AcDbHatch
 10
0.0
 20
0.0
 30
0.0
210
0.0
220
0.0
230
1.0
  2
ANSI31
 70
0
 71
0
 91
1
 92
3
 72
0
 73
1
 93
4
 10
1707.6000000000001
 20
760.2000000000002
 10
1709.8000000000002
 20
760.2000000000002
 10
1709.8000000000002
 20
767.2000000000002
 10
1707.6000000000001
 20
767.2000000000002
 97
0
 75
1
 76
1
 52
270.0
 41
0.5
 77
0
 78
1
 53
315.0
 43
-0.0
 44
-0.0
 45
1.1225320152
 46
1.1225320151
 79
0
 98
0
  0
LWPOLYLINE
  5
57C
330
17
100
AcDbEntity
  8
SARR_2.2x7
100
AcDbPolyline
 90
4
 70
1
 10
1681.6
 20
742.0000000000001
 10
1688.6
 20
742.0000000000001
 10
1688.6
 20
744.2000000000002
 10
1681.6
 20
744.2000000000002
  0
HATCH
  5
57D
330
17
100
AcDbEntity
  8
SARR_2.2x7
100
AcDbHatch
 10
0.0
 20
0.0
 30
0.0
210
0.0
220
0.0
230
1.0
  2
SOLID
 70
1
 71
0
 91
1
 92
3
 72
0
 73
1
 93
4
 10
1681.6
 20
742.0000000000001
 10
1688.6
 20
742.0000000000001
 10
1688.6
 20
744.2000000000002
 10
1681.6
 20
744.2000000000002
 97
0
 75
0
 76
1
 98
0
  0
HATCH
  5
57E
330
17
100
AcDbEntity
  8
SARR_2.2x7
100
AcDbHatch
 10
0.0
 20
0.0
 30
0.0
210
0.0
220
0.0
230
1.0
  2
ANSI31
 70
0
 71
0
 91
1
 92
3
 72
0
 73
1
 93
4
 10
1681.6
 20
742.0000000000001
 10
1688.6
 20
742.0000000000001
 10
1688.6
 20
744.2000000000002
 10
1681.6
 20
744.2000000000002
 97
0
 75
1
 76
1
 52
270.0
 41
0.5
 77
0
 78
1
 53
315.0
 43
-0.0
 44
-0.0
 45
1.1225320152
 46
1.1225320151
 79
0
 98
0
  0
LWPOLYLINE
  5
57F
330
17
100
AcDbEntity
  8
SARR_2.2x7
100
AcDbPolyline
 90
4
 70
1
 10
1681.6
 20
755.8000000000001
 10
1688.6
 20
755.8000000000001
 10
1688.6
 20
758.0000000000001
 10
1681.6
 20
758.0000000000001
  0
HATCH
  5
580
330
17
100
AcDbEntity
  8
SARR_2.2x7
100
AcDbHatch
 10
0.0
 20
0.0
 30
0.0
210
0.0
220
0.0
230
1.0
  2
SOLID
 70
1
 71
0
 91
1
 92
3
 72
0
 73
1
 93
4
 10
1681.6
 20
755.8000000000001
 10
1688.6
 20
755.8000000000001
 10
1688.6
 20
758.0000000000001
 10
1681.6
 20
758.0000000000001
 97
0
 75
0
 76
1
 98
0
  0
HATCH
  5
581
330
17
100
AcDbEntity
  8
SARR_2.2x7
100
AcDbHatch
 10
0.0
 20
0.0
 30
0.0
210
0.0
220
0.0
230
1.0
  2
ANSI31
 70
0
 71
0
 91
1
 92
3
 72
0
 73
1
 93
4
 10
1681.6
 20
755.8000000000001
 10
1688.6
 20
755.8000000000001
 10
1688.6
 20
758.0000000000001
 10
1681.6
 20
758.0000000000001
 97
0
 75
1
 76
1
 52
270.0
 41
0.5
 77
0
 78
1
 53
315.0
 43
-0.0
 44
-0.0
 45
1.1225320152
 46
1.1225320151
 79
0
 98
0
  0
LWPOLYLINE
  5
582
330
17
100
AcDbEntity
  8
SARR_2.2x7
100
AcDbPolyline
 90
4
 70
1
 10
1712.0
 20
742.0000000000001
 10
1719.0
 20
742.0000000000001
 10
1719.0
 20
744.2000000000002
 10
1712.0
 20
744.2000000000002
  0
HATCH
  5
583
330
17
100
AcDbEntity
  8
SARR_2.2x7
100
AcDbHatch
 10
0.0
 20
0.0
 30
0.0
210
0.0
220
0.0
230
1.0
  2
SOLID
 70
1
 71
0
 91
1
 92
3
 72
0
 73
1
 93
4
 10
1712.0
 20
742.0000000000001
 10
1719.0
 20
742.0000000000001
 10
1719.0
 20
744.2000000000002
 10
1712.0
 20
744.2000000000002
 97
0
 75
0
 76
1
 98
0
  0
HATCH
  5
584
330
17
100
AcDbEntity
  8
SARR_2.2x7
100
AcDbHatch
 10
0.0
 20
0.0
 30
0.0
210
0.0
220
0.0
230
1.0
  2
ANSI31
 70
0
 71
0
 91
1
 92
3
 72
0
 73
1
 93
4
 10
1712.0
 20
742.0000000000001
 10
1719.0
 20
742.0000000000001
 10
1719.0
 20
744.2000000000002
 10
1712.0
 20
744.2000000000002
 97
0
 75
1
 76
1
 52
270.0
 41
0.5
 77
0
 78
1
 53
315.0
 43
-0.0
 44
-0.0
 45
1.1225320152
 46
1.1225320151
 79
0
 98
0
  0
LWPOLYLINE
  5
585
330
17
100
AcDbEntity
  8
SARR_2.2x7
100
AcDbPolyline
 90
4
 70
1
 10
1712.0
 20
755.8000000000001
 10
1719.0
 20
755.8000000000001
 10
1719.0
 20
758.0000000000001
 10
1712.0
 20
758.0000000000001
  0
HATCH
  5
586
330
17
100
AcDbEntity
  8
SARR_2.2x7
100
AcDbHatch
 10
0.0
 20
0.0
 30
0.0
210
0.0
220
0.0
230
1.0
  2
SOLID
 70
1
 71
0
 91
1
 92
3
 72
0
 73
1
 93
4
 10
1712.0
 20
755.8000000000001
 10
1719.0
 20
755.8000000000001
 10
1719.0
 20
758.0000000000001
 10
1712.0
 20
758.0000000000001
 97
0
 75
0
 76
1
 98
0
  0
HATCH
  5
587
330
17
100
AcDbEntity
  8
SARR_2.2x7
100
AcDbHatch
 10
0.0
 20
0.0
 30
0.0
210
0.0
220
0.0
230
1.0
  2
ANSI31
 70
0
 71
0
 91
1
 92
3
 72
0
 73
1
 93
4
 10
1712.0
 20
755.8000000000001
 10
1719.0
 20
755.8000000000001
 10
1719.0
 20
758.0000000000001
 10
1712.0
 20
758.0000000000001
 97
0
 75
1
 76
1
 52
270.0
 41
0.5
 77
0
 78
1
 53
315.0
 43
-0.0
 44
-0.0
 45
1.1225320152
 46
1.1225320151
 79
0
 98
0
  0
LWPOLYLINE
  5
588
330
17
100
AcDbEntity
  8
CHAPA
 62
1
100
AcDbPolyline
 90
4
 70
1
 10
1686.6
 20
737.8000000000001
 10
1688.6
 20
737.8000000000001
 10
1688.6
 20
739.8000000000001
 10
1686.6
 20
739.8000000000001
  0
HATCH
  5
589
330
17
100
AcDbEntity
  8
CHAPA
 62
1
100
AcDbHatch
 10
0.0
 20
0.0
 30
0.0
210
0.0
220
0.0
230
1.0
  2
SOLID
 70
1
 71
0
 91
1
 92
3
 72
0
 73
1
 93
4
 10
1686.6
 20
737.8000000000001
 10
1688.6
 20
737.8000000000001
 10
1688.6
 20
739.8000000000001
 10
1686.6
 20
739.8000000000001
 97
0
 75
0
 76
1
 98
0
  0
LWPOLYLINE
  5
58A
330
17
100
AcDbEntity
  8
CHAPA
 62
1
100
AcDbPolyline
 90
4
 70
1
 10
1712.0
 20
737.8000000000001
 10
1714.0
 20
737.8000000000001
 10
1714.0
 20
739.8000000000001
 10
1712.0
 20
739.8000000000001
  0
HATCH
  5
58B
330
17
100
AcDbEntity
  8
CHAPA
 62
1
100
AcDbHatch
 10
0.0
 20
0.0
 30
0.0
210
0.0
220
0.0
230
1.0
  2
SOLID
 70
1
 71
0
 91
1
 92
3
 72
0
 73
1
 93
4
 10
1712.0
 20
737.8000000000001
 10
1714.0
 20
737.8000000000001
 10
1714.0
 20
739.8000000000001
 10
1712.0
 20
739.8000000000001
 97
0
 75
0
 76
1
 98
0
  0
LWPOLYLINE
  5
58C
330
17
100
AcDbEntity
  8
CHAPA
 62
1
100
AcDbPolyline
 90
4
 70
1
 10
1712.0
 20
760.2000000000002
 10
1714.0
 20
760.2000000000002
 10
1714.0
 20
762.2000000000002
 10
1712.0
 20
762.2000000000002
  0
HATCH
  5
58D
330
17
100
AcDbEntity
  8
CHAPA
 62
1
100
AcDbHatch
 10
0.0
 20
0.0
 30
0.0
210
0.0
220
0.0
230
1.0
  2
SOLID
 70
1
 71
0
 91
1
 92
3
 72
0
 73
1
 93
4
 10
1712.0
 20
760.2000000000002
 10
1714.0
 20
760.2000000000002
 10
1714.0
 20
762.2000000000002
 10
1712.0
 20
762.2000000000002
 97
0
 75
0
 76
1
 98
0
  0
LWPOLYLINE
  5
58E
330
17
100
AcDbEntity
  8
CHAPA
 62
1
100
AcDbPolyline
 90
4
 70
1
 10
1686.6
 20
760.2000000000002
 10
1688.6
 20
760.2000000000002
 10
1688.6
 20
762.2000000000002
 10
1686.6
 20
762.2000000000002
  0
HATCH
  5
58F
330
17
100
AcDbEntity
  8
CHAPA
 62
1
100
AcDbHatch
 10
0.0
 20
0.0
 30
0.0
210
0.0
220
0.0
230
1.0
  2
SOLID
 70
1
 71
0
 91
1
 92
3
 72
0
 73
1
 93
4
 10
1686.6
 20
760.2000000000002
 10
1688.6
 20
760.2000000000002
 10
1688.6
 20
762.2000000000002
 10
1686.6
 20
762.2000000000002
 97
0
 75
0
 76
1
 98
0
  0
TEXT
  5
590
330
17
100
AcDbEntity
  8
Texto Secao
 62
2
100
AcDbText
 10
1700.3
 20
729.8000000000001
 30
0.0
 40
4.0
  1
A
 72
1
 11
1700.3
 21
729.8000000000001
 31
0.0
100
AcDbText
 73
3
  0
TEXT
  5
591
330
17
100
AcDbEntity
  8
Texto Secao
 62
2
100
AcDbText
 10
1700.3
 20
770.2000000000002
 30
0.0
 40
4.0
  1
C
 72
1
 11
1700.3
 21
770.2000000000002
 31
0.0
100
AcDbText
 73
1
  0
TEXT
  5
592
330
17
100
AcDbEntity
  8
Texto Secao
 62
2
100
AcDbText
 10
1678.6
 20
750.0000000000001
 30
0.0
 40
4.0
  1
D
 72
2
 11
1678.6
 21
750.0000000000001
 31
0.0
100
AcDbText
 73
2
  0
TEXT
  5
593
330
17
100
AcDbEntity
  8
Texto Secao
 62
2
100
AcDbText
 10
1722.0
 20
750.0000000000001
 30
0.0
 40
4.0
  1
B
 11
1722.0
 21
750.0000000000001
 31
0.0
100
AcDbText
 73
2
  0
TEXT
  5
594
330
17
100
AcDbEntity
  8
Cota Secao (2x)
 62
4
100
AcDbText
 10
1700.3
 20
720.8000000000001
 30
0.0
 40
3.4
  1
19x16cm
 72
1
 11
1700.3
 21
720.8000000000001
 31
0.0
100
AcDbText
 73
3
  0
TEXT
  5
595
330
17
100
AcDbEntity
  8
Texto Secao
 62
2
100
AcDbText
 10
1700.3
 20
779.2000000000002
 30
0.0
 40
4.0
  1
VISAO DE CIMA
 72
1
 11
1700.3
 21
779.2000000000002
 31
0.0
100
AcDbText
 73
1
  0
LWPOLYLINE
  5
596
330
17
100
AcDbEntity
  8
Paineis
100
AcDbPolyline
 90
4
 70
1
 10
1751.0
 20
480.0
 10
1770.0
 20
480.0
 10
1770.0
 20
726.0
 10
1751.0
 20
726.0
  0
HATCH
  5
597
330
17
100
AcDbEntity
  8
Hachura
100
AcDbHatch
 10
0.0
 20
0.0
 30
0.0
210
0.0
220
0.0
230
1.0
  2
SOLID
 70
1
 71
0
 91
1
 92
3
 72
0
 73
1
 93
4
 10
1751.0
 20
480.0
 10
1770.0
 20
480.0
 10
1770.0
 20
726.0
 10
1751.0
 20
726.0
 97
0
 75
0
 76
1
 98
0
  0
HATCH
  5
598
330
17
100
AcDbEntity
  8
Hachura
100
AcDbHatch
 10
0.0
 20
0.0
 30
0.0
210
0.0
220
0.0
230
1.0
  2
ANSI31
 70
0
 71
0
 91
1
 92
3
 72
0
 73
1
 93
4
 10
1751.0
 20
480.0
 10
1770.0
 20
480.0
 10
1770.0
 20
726.0
 10
1751.0
 20
726.0
 97
0
 75
1
 76
1
 52
0.0
 41
5.0
 77
0
 78
1
 53
45.0
 43
0.0
 44
0.0
 45
-11.2253201515
 46
11.2253201515
 79
0
 98
0
  0
LWPOLYLINE
  5
599
330
17
100
AcDbEntity
  8
Paineis
100
AcDbPolyline
 90
4
 70
1
 10
1751.0
 20
726.0
 10
1770.0
 20
726.0
 10
1770.0
 20
760.0
 10
1751.0
 20
760.0
  0
HATCH
  5
59A
330
17
100
AcDbEntity
  8
Hachura
100
AcDbHatch
 10
0.0
 20
0.0
 30
0.0
210
0.0
220
0.0
230
1.0
  2
SOLID
 70
1
 71
0
 91
1
 92
3
 72
0
 73
1
 93
4
 10
1751.0
 20
726.0
 10
1770.0
 20
726.0
 10
1770.0
 20
760.0
 10
1751.0
 20
760.0
 97
0
 75
0
 76
1
 98
0
  0
HATCH
  5
59B
330
17
100
AcDbEntity
  8
Hachura
100
AcDbHatch
 10
0.0
 20
0.0
 30
0.0
210
0.0
220
0.0
230
1.0
  2
ANSI31
 70
0
 71
0
 91
1
 92
3
 72
0
 73
1
 93
4
 10
1751.0
 20
726.0
 10
1770.0
 20
726.0
 10
1770.0
 20
760.0
 10
1751.0
 20
760.0
 97
0
 75
1
 76
1
 52
0.0
 41
2.5
 77
0
 78
1
 53
45.0
 43
0.0
 44
0.0
 45
-5.6126600758
 46
5.6126600758
 79
0
 98
0
  0
LINE
  5
59C
330
17
100
AcDbEntity
  8
Paineis
100
AcDbLine
 10
1751.0
 20
724.0
 30
0.0
 11
1770.0
 21
724.0
 31
0.0
  0
LINE
  5
59D
330
17
100
AcDbEntity
  8
Paineis
100
AcDbLine
 10
1751.0
 20
482.0
 30
0.0
 11
1770.0
 21
482.0
 31
0.0
  0
LINE
  5
59E
330
17
100
AcDbEntity
  8
SARR_2.2x7
  6
HIDDEN
 48
30.0
100
AcDbLine
 10
1752.1
 20
480.0
 30
0.0
 11
1752.1
 21
760.0
 31
0.0
  0
LINE
  5
59F
330
17
100
AcDbEntity
  8
SARR_2.2x7
  6
HIDDEN
 48
30.0
100
AcDbLine
 10
1768.9
 20
480.0
 30
0.0
 11
1768.9
 21
760.0
 31
0.0
  0
TEXT
  5
5A0
330
17
100
AcDbEntity
  8
Texto Secao
 62
2
100
AcDbText
 10
1760.5
 20
472.0
 30
0.0
 40
4.5
  1
P21.A
 50
90.0
100
AcDbText
  0
LWPOLYLINE
  5
5A1
330
17
100
AcDbEntity
  8
Paineis
100
AcDbPolyline
 90
4
 70
1
 10
1778.0
 20
480.0
 10
1794.0
 20
480.0
 10
1794.0
 20
726.0
 10
1778.0
 20
726.0
  0
HATCH
  5
5A2
330
17
100
AcDbEntity
  8
Hachura
100
AcDbHatch
 10
0.0
 20
0.0
 30
0.0
210
0.0
220
0.0
230
1.0
  2
SOLID
 70
1
 71
0
 91
1
 92
3
 72
0
 73
1
 93
4
 10
1778.0
 20
480.0
 10
1794.0
 20
480.0
 10
1794.0
 20
726.0
 10
1778.0
 20
726.0
 97
0
 75
0
 76
1
 98
0
  0
HATCH
  5
5A3
330
17
100
AcDbEntity
  8
Hachura
100
AcDbHatch
 10
0.0
 20
0.0
 30
0.0
210
0.0
220
0.0
230
1.0
  2
ANSI31
 70
0
 71
0
 91
1
 92
3
 72
0
 73
1
 93
4
 10
1778.0
 20
480.0
 10
1794.0
 20
480.0
 10
1794.0
 20
726.0
 10
1778.0
 20
726.0
 97
0
 75
1
 76
1
 52
0.0
 41
5.0
 77
0
 78
1
 53
45.0
 43
0.0
 44
0.0
 45
-11.2253201515
 46
11.2253201515
 79
0
 98
0
  0
LWPOLYLINE
  5
5A4
330
17
100
AcDbEntity
  8
Paineis
100
AcDbPolyline
 90
4
 70
1
 10
1778.0
 20
726.0
 10
1794.0
 20
726.0
 10
1794.0
 20
760.0
 10
1778.0
 20
760.0
  0
HATCH
  5
5A5
330
17
100
AcDbEntity
  8
Hachura
100
AcDbHatch
 10
0.0
 20
0.0
 30
0.0
210
0.0
220
0.0
230
1.0
  2
SOLID
 70
1
 71
0
 91
1
 92
3
 72
0
 73
1
 93
4
 10
1778.0
 20
726.0
 10
1794.0
 20
726.0
 10
1794.0
 20
760.0
 10
1778.0
 20
760.0
 97
0
 75
0
 76
1
 98
0
  0
HATCH
  5
5A6
330
17
100
AcDbEntity
  8
Hachura
100
AcDbHatch
 10
0.0
 20
0.0
 30
0.0
210
0.0
220
0.0
230
1.0
  2
ANSI31
 70
0
 71
0
 91
1
 92
3
 72
0
 73
1
 93
4
 10
1778.0
 20
726.0
 10
1794.0
 20
726.0
 10
1794.0
 20
760.0
 10
1778.0
 20
760.0
 97
0
 75
1
 76
1
 52
0.0
 41
2.5
 77
0
 78
1
 53
45.0
 43
0.0
 44
0.0
 45
-5.6126600758
 46
5.6126600758
 79
0
 98
0
  0
LINE
  5
5A7
330
17
100
AcDbEntity
  8
Paineis
100
AcDbLine
 10
1778.0
 20
724.0
 30
0.0
 11
1794.0
 21
724.0
 31
0.0
  0
LINE
  5
5A8
330
17
100
AcDbEntity
  8
Paineis
100
AcDbLine
 10
1778.0
 20
482.0
 30
0.0
 11
1794.0
 21
482.0
 31
0.0
  0
LINE
  5
5A9
330
17
100
AcDbEntity
  8
SARR_2.2x7
  6
HIDDEN
 48
30.0
100
AcDbLine
 10
1779.1
 20
480.0
 30
0.0
 11
1779.1
 21
760.0
 31
0.0
  0
LINE
  5
5AA
330
17
100
AcDbEntity
  8
SARR_2.2x7
  6
HIDDEN
 48
30.0
100
AcDbLine
 10
1792.9
 20
480.0
 30
0.0
 11
1792.9
 21
760.0
 31
0.0
  0
TEXT
  5
5AB
330
17
100
AcDbEntity
  8
Texto Secao
 62
2
100
AcDbText
 10
1786.0
 20
472.0
 30
0.0
 40
4.5
  1
P21.B
 50
90.0
100
AcDbText
  0
LWPOLYLINE
  5
5AC
330
17
100
AcDbEntity
  8
Paineis
100
AcDbPolyline
 90
4
 70
1
 10
1802.0
 20
480.0
 10
1821.0
 20
480.0
 10
1821.0
 20
726.0
 10
1802.0
 20
726.0
  0
HATCH
  5
5AD
330
17
100
AcDbEntity
  8
Hachura
100
AcDbHatch
 10
0.0
 20
0.0
 30
0.0
210
0.0
220
0.0
230
1.0
  2
SOLID
 70
1
 71
0
 91
1
 92
3
 72
0
 73
1
 93
4
 10
1802.0
 20
480.0
 10
1821.0
 20
480.0
 10
1821.0
 20
726.0
 10
1802.0
 20
726.0
 97
0
 75
0
 76
1
 98
0
  0
HATCH
  5
5AE
330
17
100
AcDbEntity
  8
Hachura
100
AcDbHatch
 10
0.0
 20
0.0
 30
0.0
210
0.0
220
0.0
230
1.0
  2
ANSI31
 70
0
 71
0
 91
1
 92
3
 72
0
 73
1
 93
4
 10
1802.0
 20
480.0
 10
1821.0
 20
480.0
 10
1821.0
 20
726.0
 10
1802.0
 20
726.0
 97
0
 75
1
 76
1
 52
0.0
 41
5.0
 77
0
 78
1
 53
45.0
 43
0.0
 44
0.0
 45
-11.2253201515
 46
11.2253201515
 79
0
 98
0
  0
LWPOLYLINE
  5
5AF
330
17
100
AcDbEntity
  8
Paineis
100
AcDbPolyline
 90
4
 70
1
 10
1802.0
 20
726.0
 10
1821.0
 20
726.0
 10
1821.0
 20
760.0
 10
1802.0
 20
760.0
  0
HATCH
  5
5B0
330
17
100
AcDbEntity
  8
Hachura
100
AcDbHatch
 10
0.0
 20
0.0
 30
0.0
210
0.0
220
0.0
230
1.0
  2
SOLID
 70
1
 71
0
 91
1
 92
3
 72
0
 73
1
 93
4
 10
1802.0
 20
726.0
 10
1821.0
 20
726.0
 10
1821.0
 20
760.0
 10
1802.0
 20
760.0
 97
0
 75
0
 76
1
 98
0
  0
HATCH
  5
5B1
330
17
100
AcDbEntity
  8
Hachura
100
AcDbHatch
 10
0.0
 20
0.0
 30
0.0
210
0.0
220
0.0
230
1.0
  2
ANSI31
 70
0
 71
0
 91
1
 92
3
 72
0
 73
1
 93
4
 10
1802.0
 20
726.0
 10
1821.0
 20
726.0
 10
1821.0
 20
760.0
 10
1802.0
 20
760.0
 97
0
 75
1
 76
1
 52
0.0
 41
2.5
 77
0
 78
1
 53
45.0
 43
0.0
 44
0.0
 45
-5.6126600758
 46
5.6126600758
 79
0
 98
0
  0
LINE
  5
5B2
330
17
100
AcDbEntity
  8
Paineis
100
AcDbLine
 10
1802.0
 20
724.0
 30
0.0
 11
1821.0
 21
724.0
 31
0.0
  0
LINE
  5
5B3
330
17
100
AcDbEntity
  8
Paineis
100
AcDbLine
 10
1802.0
 20
482.0
 30
0.0
 11
1821.0
 21
482.0
 31
0.0
  0
LINE
  5
5B4
330
17
100
AcDbEntity
  8
SARR_2.2x7
  6
HIDDEN
 48
30.0
100
AcDbLine
 10
1803.1
 20
480.0
 30
0.0
 11
1803.1
 21
760.0
 31
0.0
  0
LINE
  5
5B5
330
17
100
AcDbEntity
  8
SARR_2.2x7
  6
HIDDEN
 48
30.0
100
AcDbLine
 10
1819.9
 20
480.0
 30
0.0
 11
1819.9
 21
760.0
 31
0.0
  0
TEXT
  5
5B6
330
17
100
AcDbEntity
  8
Texto Secao
 62
2
100
AcDbText
 10
1811.5
 20
472.0
 30
0.0
 40
4.5
  1
P21.C
 50
90.0
100
AcDbText
  0
LWPOLYLINE
  5
5B7
330
17
100
AcDbEntity
  8
Paineis
100
AcDbPolyline
 90
4
 70
1
 10
1829.0
 20
480.0
 10
1845.0
 20
480.0
 10
1845.0
 20
726.0
 10
1829.0
 20
726.0
  0
HATCH
  5
5B8
330
17
100
AcDbEntity
  8
Hachura
100
AcDbHatch
 10
0.0
 20
0.0
 30
0.0
210
0.0
220
0.0
230
1.0
  2
SOLID
 70
1
 71
0
 91
1
 92
3
 72
0
 73
1
 93
4
 10
1829.0
 20
480.0
 10
1845.0
 20
480.0
 10
1845.0
 20
726.0
 10
1829.0
 20
726.0
 97
0
 75
0
 76
1
 98
0
  0
HATCH
  5
5B9
330
17
100
AcDbEntity
  8
Hachura
100
AcDbHatch
 10
0.0
 20
0.0
 30
0.0
210
0.0
220
0.0
230
1.0
  2
ANSI31
 70
0
 71
0
 91
1
 92
3
 72
0
 73
1
 93
4
 10
1829.0
 20
480.0
 10
1845.0
 20
480.0
 10
1845.0
 20
726.0
 10
1829.0
 20
726.0
 97
0
 75
1
 76
1
 52
0.0
 41
5.0
 77
0
 78
1
 53
45.0
 43
0.0
 44
0.0
 45
-11.2253201515
 46
11.2253201515
 79
0
 98
0
  0
LWPOLYLINE
  5
5BA
330
17
100
AcDbEntity
  8
Paineis
100
AcDbPolyline
 90
4
 70
1
 10
1829.0
 20
726.0
 10
1845.0
 20
726.0
 10
1845.0
 20
760.0
 10
1829.0
 20
760.0
  0
HATCH
  5
5BB
330
17
100
AcDbEntity
  8
Hachura
100
AcDbHatch
 10
0.0
 20
0.0
 30
0.0
210
0.0
220
0.0
230
1.0
  2
SOLID
 70
1
 71
0
 91
1
 92
3
 72
0
 73
1
 93
4
 10
1829.0
 20
726.0
 10
1845.0
 20
726.0
 10
1845.0
 20
760.0
 10
1829.0
 20
760.0
 97
0
 75
0
 76
1
 98
0
  0
HATCH
  5
5BC
330
17
100
AcDbEntity
  8
Hachura
100
AcDbHatch
 10
0.0
 20
0.0
 30
0.0
210
0.0
220
0.0
230
1.0
  2
ANSI31
 70
0
 71
0
 91
1
 92
3
 72
0
 73
1
 93
4
 10
1829.0
 20
726.0
 10
1845.0
 20
726.0
 10
1845.0
 20
760.0
 10
1829.0
 20
760.0
 97
0
 75
1
 76
1
 52
0.0
 41
2.5
 77
0
 78
1
 53
45.0
 43
0.0
 44
0.0
 45
-5.6126600758
 46
5.6126600758
 79
0
 98
0
  0
LINE
  5
5BD
330
17
100
AcDbEntity
  8
Paineis
100
AcDbLine
 10
1829.0
 20
724.0
 30
0.0
 11
1845.0
 21
724.0
 31
0.0
  0
LINE
  5
5BE
330
17
100
AcDbEntity
  8
Paineis
100
AcDbLine
 10
1829.0
 20
482.0
 30
0.0
 11
1845.0
 21
482.0
 31
0.0
  0
LINE
  5
5BF
330
17
100
AcDbEntity
  8
SARR_2.2x7
  6
HIDDEN
 48
30.0
100
AcDbLine
 10
1830.1
 20
480.0
 30
0.0
 11
1830.1
 21
760.0
 31
0.0
  0
LINE
  5
5C0
330
17
100
AcDbEntity
  8
SARR_2.2x7
  6
HIDDEN
 48
30.0
100
AcDbLine
 10
1843.9
 20
480.0
 30
0.0
 11
1843.9
 21
760.0
 31
0.0
  0
TEXT
  5
5C1
330
17
100
AcDbEntity
  8
Texto Secao
 62
2
100
AcDbText
 10
1837.0
 20
472.0
 30
0.0
 40
4.5
  1
P21.D
 50
90.0
100
AcDbText
  0
LINE
  5
5C2
330
17
100
AcDbEntity
  8
COTA
 62
8
100
AcDbLine
 10
1853.0
 20
480.0
 30
0.0
 11
1853.0
 21
760.0
 31
0.0
  0
LINE
  5
5C3
330
17
100
AcDbEntity
  8
COTA
 62
8
100
AcDbLine
 10
1851.0
 20
480.0
 30
0.0
 11
1855.0
 21
480.0
 31
0.0
  0
LINE
  5
5C4
330
17
100
AcDbEntity
  8
COTA
 62
8
100
AcDbLine
 10
1851.0
 20
482.0
 30
0.0
 11
1855.0
 21
482.0
 31
0.0
  0
TEXT
  5
5C5
330
17
100
AcDbEntity
  8
COTA
 62
8
100
AcDbText
 10
1858.0
 20
481.0
 30
0.0
 40
3.0
  1
h1=2
100
AcDbText
  0
LINE
  5
5C6
330
17
100
AcDbEntity
  8
COTA
 62
8
100
AcDbLine
 10
1851.0
 20
482.0
 30
0.0
 11
1855.0
 21
482.0
 31
0.0
  0
LINE
  5
5C7
330
17
100
AcDbEntity
  8
COTA
 62
8
100
AcDbLine
 10
1851.0
 20
726.0
 30
0.0
 11
1855.0
 21
726.0
 31
0.0
  0
TEXT
  5
5C8
330
17
100
AcDbEntity
  8
COTA
 62
8
100
AcDbText
 10
1858.0
 20
604.0
 30
0.0
 40
3.0
  1
h2=244
100
AcDbText
  0
LINE
  5
5C9
330
17
100
AcDbEntity
  8
COTA
 62
8
100
AcDbLine
 10
1851.0
 20
726.0
 30
0.0
 11
1855.0
 21
726.0
 31
0.0
  0
LINE
  5
5CA
330
17
100
AcDbEntity
  8
COTA
 62
8
100
AcDbLine
 10
1851.0
 20
760.0
 30
0.0
 11
1855.0
 21
760.0
 31
0.0
  0
TEXT
  5
5CB
330
17
100
AcDbEntity
  8
COTA
 62
8
100
AcDbText
 10
1858.0
 20
743.0
 30
0.0
 40
3.0
  1
h3=34
100
AcDbText
  0
TEXT
  5
5CC
330
17
100
AcDbEntity
  8
COTA
 62
8
100
AcDbText
 10
1858.0
 20
763.0
 30
0.0
 40
3.5
  1
TOTAL=280
100
AcDbText
  0
LINE
  5
5CD
330
17
100
AcDbEntity
  8
Nivel
 62
4
100
AcDbLine
 10
1661.6
 20
480.0
 30
0.0
 11
1858.0
 21
480.0
 31
0.0
  0
LINE
  5
5CE
330
17
100
AcDbEntity
  8
Nivel
 62
4
100
AcDbLine
 10
1660.6
 20
485.0
 30
0.0
 11
1663.6
 21
480.0
 31
0.0
  0
LINE
  5
5CF
330
17
100
AcDbEntity
  8
Nivel
 62
4
100
AcDbLine
 10
1666.6
 20
485.0
 30
0.0
 11
1663.6
 21
480.0
 31
0.0
  0
TEXT
  5
5D0
330
17
100
AcDbEntity
  8
Nivel
 62
4
100
AcDbText
 10
1668.6
 20
481.0
 30
0.0
 40
4.0
  1
1o PAV.
100
AcDbText
  0
LINE
  5
5D1
330
17
100
AcDbEntity
  8
Nivel
 62
4
100
AcDbLine
 10
1661.6
 20
726.0
 30
0.0
 11
1858.0
 21
726.0
 31
0.0
  0
LINE
  5
5D2
330
17
100
AcDbEntity
  8
Nivel
 62
4
100
AcDbLine
 10
1660.6
 20
731.0
 30
0.0
 11
1663.6
 21
726.0
 31
0.0
  0
LINE
  5
5D3
330
17
100
AcDbEntity
  8
Nivel
 62
4
100
AcDbLine
 10
1666.6
 20
731.0
 30
0.0
 11
1663.6
 21
726.0
 31
0.0
  0
TEXT
  5
5D4
330
17
100
AcDbEntity
  8
Nivel
 62
4
100
AcDbText
 10
1668.6
 20
727.0
 30
0.0
 40
4.0
  1
2o PAV.
100
AcDbText
  0
LWPOLYLINE
  5
5D5
330
17
100
AcDbEntity
  8
CARIMBO
 62
40
100
AcDbPolyline
 90
4
 70
1
 10
1659.6
 20
425.0
 10
1882.0
 20
425.0
 10
1882.0
 20
465.0
 10
1659.6
 20
465.0
  0
LINE
  5
5D6
330
17
100
AcDbEntity
  8
CARIMBO
 62
40
100
AcDbLine
 10
1659.6
 20
435.0
 30
0.0
 11
1882.0
 21
435.0
 31
0.0
  0
LINE
  5
5D7
330
17
100
AcDbEntity
  8
CARIMBO
 62
40
100
AcDbLine
 10
1659.6
 20
445.0
 30
0.0
 11
1882.0
 21
445.0
 31
0.0
  0
LINE
  5
5D8
330
17
100
AcDbEntity
  8
CARIMBO
 62
40
100
AcDbLine
 10
1659.6
 20
455.0
 30
0.0
 11
1882.0
 21
455.0
 31
0.0
  0
LINE
  5
5D9
330
17
100
AcDbEntity
  8
CARIMBO
 62
40
100
AcDbLine
 10
1737.4399999999998
 20
425.0
 30
0.0
 11
1737.4399999999998
 21
465.0
 31
0.0
  0
TEXT
  5
5DA
330
17
100
AcDbEntity
  8
CARIMBO
 62
9
100
AcDbText
 10
1662.6
 20
460.0
 30
0.0
 40
3.0
  1
CLIENTE:
100
AcDbText
  0
TEXT
  5
5DB
330
17
100
AcDbEntity
  8
TEXTO_GERAL
 62
2
100
AcDbText
 10
1740.4399999999998
 20
460.0
 30
0.0
 40
3.0
  1
ALIMONTI
100
AcDbText
  0
TEXT
  5
5DC
330
17
100
AcDbEntity
  8
CARIMBO
 62
9
100
AcDbText
 10
1662.6
 20
450.0
 30
0.0
 40
3.0
  1
OBRA:
100
AcDbText
  0
TEXT
  5
5DD
330
17
100
AcDbEntity
  8
TEXTO_GERAL
 62
2
100
AcDbText
 10
1740.4399999999998
 20
450.0
 30
0.0
 40
3.0
  1
Obra_TREINO_1
100
AcDbText
  0
TEXT
  5
5DE
330
17
100
AcDbEntity
  8
CARIMBO
 62
9
100
AcDbText
 10
1662.6
 20
440.0
 30
0.0
 40
3.0
  1
PAVIMENTO:
100
AcDbText
  0
TEXT
  5
5DF
330
17
100
AcDbEntity
  8
TEXTO_GERAL
 62
2
100
AcDbText
 10
1740.4399999999998
 20
440.0
 30
0.0
 40
3.0
  1
TERREO
100
AcDbText
  0
TEXT
  5
5E0
330
17
100
AcDbEntity
  8
CARIMBO
 62
9
100
AcDbText
 10
1662.6
 20
430.0
 30
0.0
 40
3.0
  1
PROJETO:
100
AcDbText
  0
TEXT
  5
5E1
330
17
100
AcDbEntity
  8
TEXTO_GERAL
 62
2
100
AcDbText
 10
1740.4399999999998
 20
430.0
 30
0.0
 40
3.0
  1
PILARES
100
AcDbText
  0
TEXT
  5
5E2
330
17
100
AcDbEntity
  8
LABEL_ID
 62
3
100
AcDbText
 10
1867.0
 20
430.0
 30
0.0
 40
8.0
  1
10
100
AcDbText
  0
LWPOLYLINE
  5
5E3
330
17
100
AcDbEntity
  8
BORDA_CELULA
 62
9
100
AcDbPolyline
 90
4
 70
1
 10
0.0
 20
850.0
 10
359.4
 20
850.0
 10
359.4
 20
1255.0
 10
0.0
 20
1255.0
  0
TEXT
  5
5E4
330
17
100
AcDbEntity
  8
TEXTO_GERAL
 62
2
100
AcDbText
 10
349.4
 20
1250.0
 30
0.0
 40
3.0
  1
TÉRREO - PD: 280.00
 72
2
 11
349.4
 21
1250.0
 31
0.0
100
AcDbText
  0
TEXT
  5
5E5
330
17
100
AcDbEntity
  8
TEXTO_GERAL
 62
2
100
AcDbText
 10
349.4
 20
1245.0
 30
0.0
 40
3.0
  1
NIVEL DE SAIDA: 280.00
 72
2
 11
349.4
 21
1245.0
 31
0.0
100
AcDbText
  0
TEXT
  5
5E6
330
17
100
AcDbEntity
  8
TEXTO_GERAL
 62
2
100
AcDbText
 10
349.4
 20
1240.0
 30
0.0
 40
3.0
  1
NIVEL DE CHEGADA: 0.00
 72
2
 11
349.4
 21
1240.0
 31
0.0
100
AcDbText
  0
TEXT
  5
5E7
330
17
100
AcDbEntity
  8
NOMENCLATURA
 62
1
100
AcDbText
 10
20.0
 20
1243.0
 30
0.0
 40
10.0
  1
P23
100
AcDbText
  0
LWPOLYLINE
  5
5E8
330
17
100
AcDbEntity
  8
CONCRETO
 62
4
100
AcDbPolyline
 90
4
 70
1
 10
31.200000000000003
 20
1165.5
 10
95.2
 20
1165.5
 10
95.2
 20
1182.5
 10
31.200000000000003
 20
1182.5
  0
HATCH
  5
5E9
330
17
100
AcDbEntity
  8
COTA
100
AcDbHatch
 10
0.0
 20
0.0
 30
0.0
210
0.0
220
0.0
230
1.0
  2
AR-CONC
 70
0
 71
0
 91
1
 92
3
 72
0
 73
1
 93
4
 10
31.200000000000003
 20
1165.5
 10
95.2
 20
1165.5
 10
95.2
 20
1182.5
 10
31.200000000000003
 20
1182.5
 97
0
 75
1
 76
1
 52
0.0
 41
0.03
 77
0
 78
13
 53
50.0
 43
0.0
 44
0.0
 45
5.4655400699
 46
-0.4781725662
 79
2
 49
0.5715
 49
-6.2865
 53
355.0
 43
0.0
 44
0.0
 45
-1.0573026428
 46
5.7317053572
 79
2
 49
0.4572
 49
-5.0292175251
 53
100.4514447
 43
0.45546021
 44
-0.039847605
 45
4.4082374127
 46
5.2535325574
 79
2
 49
0.485700264
 49
-5.342707338
 53
46.1842
 43
0.0
 44
1.524
 45
8.1323712268
 46
-1.261269838
 79
2
 49
0.85725
 49
-9.42975
 53
96.63555761
 43
0.677697
 44
1.418895
 45
7.1221240215
 46
7.4227837379
 79
2
 49
0.7285506942
 49
-8.0140682448
 53
351.18415117
 43
0.0
 44
1.524
 45
7.1221240219
 46
7.4227837376
 79
2
 49
0.6857990121
 49
-7.5437919576
 53
21.0
 43
0.762
 44
1.143
 45
4.5484317381
 46
-3.0679559456
 79
2
 49
0.5715
 49
-6.2865
 53
326.0
 43
0.762
 44
1.143
 45
1.8540608504
 46
5.5256389837
 79
2
 49
0.4572
 49
-5.0292
 53
71.451445
 43
1.141035978
 44
0.887337003
 45
6.4024925784
 46
2.4576830666
 79
2
 49
0.485700264
 49
-5.342698128
 53
37.5
 43
0.0
 44
0.0
 45
0.0926580975
 46
2.5366511662
 79
6
 49
0.0
 49
-4.96824
 49
0.0
 49
-5.1054
 49
0.0
 49
-5.04825
 53
7.5
 43
0.0
 44
0.0
 45
2.0045898753
 46
3.0054172445
 79
6
 49
0.0
 49
-2.91084
 49
0.0
 49
-4.85394
 49
0.0
 49
-1.92405
 53
-32.5
 43
-1.69926
 44
0.0
 45
4.067717855
 46
-0.1718623198
 79
6
 49
0.0
 49
-1.905
 49
0.0
 49
-5.9436
 49
0.0
 49
-7.8867
 53
-42.5
 43
-2.46126
 44
0.0
 45
4.4438754416
 46
0.762794731
 79
6
 49
0.0
 49
-2.4765
 49
0.0
 49
-3.94716
 49
0.0
 49
-5.6007
 98
0
  0
LWPOLYLINE
  5
5EA
330
17
100
AcDbEntity
  8
Paineis
100
AcDbPolyline
 90
4
 70
1
 10
31.200000000000003
 20
1163.3
 10
95.2
 20
1163.3
 10
95.2
 20
1165.5
 10
31.200000000000003
 20
1165.5
  0
HATCH
  5
5EB
330
17
100
AcDbEntity
  8
Paineis
100
AcDbHatch
 10
0.0
 20
0.0
 30
0.0
210
0.0
220
0.0
230
1.0
  2
SOLID
 70
1
 71
0
 91
1
 92
3
 72
0
 73
1
 93
4
 10
31.200000000000003
 20
1163.3
 10
95.2
 20
1163.3
 10
95.2
 20
1165.5
 10
31.200000000000003
 20
1165.5
 97
0
 75
0
 76
1
 98
0
  0
HATCH
  5
5EC
330
17
100
AcDbEntity
  8
Paineis
100
AcDbHatch
 10
0.0
 20
0.0
 30
0.0
210
0.0
220
0.0
230
1.0
  2
ANSI31
 70
0
 71
0
 91
1
 92
3
 72
0
 73
1
 93
4
 10
31.200000000000003
 20
1163.3
 10
95.2
 20
1163.3
 10
95.2
 20
1165.5
 10
31.200000000000003
 20
1165.5
 97
0
 75
1
 76
1
 52
270.0
 41
0.5
 77
0
 78
1
 53
315.0
 43
-0.0
 44
-0.0
 45
1.1225320152
 46
1.1225320151
 79
0
 98
0
  0
LWPOLYLINE
  5
5ED
330
17
100
AcDbEntity
  8
Paineis
100
AcDbPolyline
 90
4
 70
1
 10
31.200000000000003
 20
1182.5
 10
95.2
 20
1182.5
 10
95.2
 20
1184.7
 10
31.200000000000003
 20
1184.7
  0
HATCH
  5
5EE
330
17
100
AcDbEntity
  8
Paineis
100
AcDbHatch
 10
0.0
 20
0.0
 30
0.0
210
0.0
220
0.0
230
1.0
  2
SOLID
 70
1
 71
0
 91
1
 92
3
 72
0
 73
1
 93
4
 10
31.200000000000003
 20
1182.5
 10
95.2
 20
1182.5
 10
95.2
 20
1184.7
 10
31.200000000000003
 20
1184.7
 97
0
 75
0
 76
1
 98
0
  0
HATCH
  5
5EF
330
17
100
AcDbEntity
  8
Paineis
100
AcDbHatch
 10
0.0
 20
0.0
 30
0.0
210
0.0
220
0.0
230
1.0
  2
ANSI31
 70
0
 71
0
 91
1
 92
3
 72
0
 73
1
 93
4
 10
31.200000000000003
 20
1182.5
 10
95.2
 20
1182.5
 10
95.2
 20
1184.7
 10
31.200000000000003
 20
1184.7
 97
0
 75
1
 76
1
 52
270.0
 41
0.5
 77
0
 78
1
 53
315.0
 43
-0.0
 44
-0.0
 45
1.1225320152
 46
1.1225320151
 79
0
 98
0
  0
LWPOLYLINE
  5
5F0
330
17
100
AcDbEntity
  8
Paineis
100
AcDbPolyline
 90
4
 70
1
 10
29.000000000000004
 20
1165.5
 10
31.200000000000003
 20
1165.5
 10
31.200000000000003
 20
1182.5
 10
29.000000000000004
 20
1182.5
  0
HATCH
  5
5F1
330
17
100
AcDbEntity
  8
Paineis
100
AcDbHatch
 10
0.0
 20
0.0
 30
0.0
210
0.0
220
0.0
230
1.0
  2
SOLID
 70
1
 71
0
 91
1
 92
3
 72
0
 73
1
 93
4
 10
29.000000000000004
 20
1165.5
 10
31.200000000000003
 20
1165.5
 10
31.200000000000003
 20
1182.5
 10
29.000000000000004
 20
1182.5
 97
0
 75
0
 76
1
 98
0
  0
HATCH
  5
5F2
330
17
100
AcDbEntity
  8
Paineis
100
AcDbHatch
 10
0.0
 20
0.0
 30
0.0
210
0.0
220
0.0
230
1.0
  2
ANSI31
 70
0
 71
0
 91
1
 92
3
 72
0
 73
1
 93
4
 10
29.000000000000004
 20
1165.5
 10
31.200000000000003
 20
1165.5
 10
31.200000000000003
 20
1182.5
 10
29.000000000000004
 20
1182.5
 97
0
 75
1
 76
1
 52
270.0
 41
0.5
 77
0
 78
1
 53
315.0
 43
-0.0
 44
-0.0
 45
1.1225320152
 46
1.1225320151
 79
0
 98
0
  0
LWPOLYLINE
  5
5F3
330
17
100
AcDbEntity
  8
Paineis
100
AcDbPolyline
 90
4
 70
1
 10
95.2
 20
1165.5
 10
97.4
 20
1165.5
 10
97.4
 20
1182.5
 10
95.2
 20
1182.5
  0
HATCH
  5
5F4
330
17
100
AcDbEntity
  8
Paineis
100
AcDbHatch
 10
0.0
 20
0.0
 30
0.0
210
0.0
220
0.0
230
1.0
  2
SOLID
 70
1
 71
0
 91
1
 92
3
 72
0
 73
1
 93
4
 10
95.2
 20
1165.5
 10
97.4
 20
1165.5
 10
97.4
 20
1182.5
 10
95.2
 20
1182.5
 97
0
 75
0
 76
1
 98
0
  0
HATCH
  5
5F5
330
17
100
AcDbEntity
  8
Paineis
100
AcDbHatch
 10
0.0
 20
0.0
 30
0.0
210
0.0
220
0.0
230
1.0
  2
ANSI31
 70
0
 71
0
 91
1
 92
3
 72
0
 73
1
 93
4
 10
95.2
 20
1165.5
 10
97.4
 20
1165.5
 10
97.4
 20
1182.5
 10
95.2
 20
1182.5
 97
0
 75
1
 76
1
 52
270.0
 41
0.5
 77
0
 78
1
 53
315.0
 43
-0.0
 44
-0.0
 45
1.1225320152
 46
1.1225320151
 79
0
 98
0
  0
LWPOLYLINE
  5
5F6
330
17
100
AcDbEntity
  8
SARR_2.2x7
100
AcDbPolyline
 90
4
 70
1
 10
31.200000000000003
 20
1156.3
 10
33.400000000000006
 20
1156.3
 10
33.400000000000006
 20
1163.3
 10
31.200000000000003
 20
1163.3
  0
HATCH
  5
5F7
330
17
100
AcDbEntity
  8
SARR_2.2x7
100
AcDbHatch
 10
0.0
 20
0.0
 30
0.0
210
0.0
220
0.0
230
1.0
  2
SOLID
 70
1
 71
0
 91
1
 92
3
 72
0
 73
1
 93
4
 10
31.200000000000003
 20
1156.3
 10
33.400000000000006
 20
1156.3
 10
33.400000000000006
 20
1163.3
 10
31.200000000000003
 20
1163.3
 97
0
 75
0
 76
1
 98
0
  0
HATCH
  5
5F8
330
17
100
AcDbEntity
  8
SARR_2.2x7
100
AcDbHatch
 10
0.0
 20
0.0
 30
0.0
210
0.0
220
0.0
230
1.0
  2
ANSI31
 70
0
 71
0
 91
1
 92
3
 72
0
 73
1
 93
4
 10
31.200000000000003
 20
1156.3
 10
33.400000000000006
 20
1156.3
 10
33.400000000000006
 20
1163.3
 10
31.200000000000003
 20
1163.3
 97
0
 75
1
 76
1
 52
270.0
 41
0.5
 77
0
 78
1
 53
315.0
 43
-0.0
 44
-0.0
 45
1.1225320152
 46
1.1225320151
 79
0
 98
0
  0
LWPOLYLINE
  5
5F9
330
17
100
AcDbEntity
  8
SARR_2.2x7
100
AcDbPolyline
 90
4
 70
1
 10
51.800000000000004
 20
1156.3
 10
54.00000000000001
 20
1156.3
 10
54.00000000000001
 20
1163.3
 10
51.800000000000004
 20
1163.3
  0
HATCH
  5
5FA
330
17
100
AcDbEntity
  8
SARR_2.2x7
100
AcDbHatch
 10
0.0
 20
0.0
 30
0.0
210
0.0
220
0.0
230
1.0
  2
SOLID
 70
1
 71
0
 91
1
 92
3
 72
0
 73
1
 93
4
 10
51.800000000000004
 20
1156.3
 10
54.00000000000001
 20
1156.3
 10
54.00000000000001
 20
1163.3
 10
51.800000000000004
 20
1163.3
 97
0
 75
0
 76
1
 98
0
  0
HATCH
  5
5FB
330
17
100
AcDbEntity
  8
SARR_2.2x7
100
AcDbHatch
 10
0.0
 20
0.0
 30
0.0
210
0.0
220
0.0
230
1.0
  2
ANSI31
 70
0
 71
0
 91
1
 92
3
 72
0
 73
1
 93
4
 10
51.800000000000004
 20
1156.3
 10
54.00000000000001
 20
1156.3
 10
54.00000000000001
 20
1163.3
 10
51.800000000000004
 20
1163.3
 97
0
 75
1
 76
1
 52
270.0
 41
0.5
 77
0
 78
1
 53
315.0
 43
-0.0
 44
-0.0
 45
1.1225320152
 46
1.1225320151
 79
0
 98
0
  0
LWPOLYLINE
  5
5FC
330
17
100
AcDbEntity
  8
SARR_2.2x7
100
AcDbPolyline
 90
4
 70
1
 10
72.4
 20
1156.3
 10
74.60000000000001
 20
1156.3
 10
74.60000000000001
 20
1163.3
 10
72.4
 20
1163.3
  0
HATCH
  5
5FD
330
17
100
AcDbEntity
  8
SARR_2.2x7
100
AcDbHatch
 10
0.0
 20
0.0
 30
0.0
210
0.0
220
0.0
230
1.0
  2
SOLID
 70
1
 71
0
 91
1
 92
3
 72
0
 73
1
 93
4
 10
72.4
 20
1156.3
 10
74.60000000000001
 20
1156.3
 10
74.60000000000001
 20
1163.3
 10
72.4
 20
1163.3
 97
0
 75
0
 76
1
 98
0
  0
HATCH
  5
5FE
330
17
100
AcDbEntity
  8
SARR_2.2x7
100
AcDbHatch
 10
0.0
 20
0.0
 30
0.0
210
0.0
220
0.0
230
1.0
  2
ANSI31
 70
0
 71
0
 91
1
 92
3
 72
0
 73
1
 93
4
 10
72.4
 20
1156.3
 10
74.60000000000001
 20
1156.3
 10
74.60000000000001
 20
1163.3
 10
72.4
 20
1163.3
 97
0
 75
1
 76
1
 52
270.0
 41
0.5
 77
0
 78
1
 53
315.0
 43
-0.0
 44
-0.0
 45
1.1225320152
 46
1.1225320151
 79
0
 98
0
  0
LWPOLYLINE
  5
5FF
330
17
100
AcDbEntity
  8
SARR_2.2x7
100
AcDbPolyline
 90
4
 70
1
 10
93.0
 20
1156.3
 10
95.2
 20
1156.3
 10
95.2
 20
1163.3
 10
93.0
 20
1163.3
  0
HATCH
  5
600
330
17
100
AcDbEntity
  8
SARR_2.2x7
100
AcDbHatch
 10
0.0
 20
0.0
 30
0.0
210
0.0
220
0.0
230
1.0
  2
SOLID
 70
1
 71
0
 91
1
 92
3
 72
0
 73
1
 93
4
 10
93.0
 20
1156.3
 10
95.2
 20
1156.3
 10
95.2
 20
1163.3
 10
93.0
 20
1163.3
 97
0
 75
0
 76
1
 98
0
  0
HATCH
  5
601
330
17
100
AcDbEntity
  8
SARR_2.2x7
100
AcDbHatch
 10
0.0
 20
0.0
 30
0.0
210
0.0
220
0.0
230
1.0
  2
ANSI31
 70
0
 71
0
 91
1
 92
3
 72
0
 73
1
 93
4
 10
93.0
 20
1156.3
 10
95.2
 20
1156.3
 10
95.2
 20
1163.3
 10
93.0
 20
1163.3
 97
0
 75
1
 76
1
 52
270.0
 41
0.5
 77
0
 78
1
 53
315.0
 43
-0.0
 44
-0.0
 45
1.1225320152
 46
1.1225320151
 79
0
 98
0
  0
LWPOLYLINE
  5
602
330
17
100
AcDbEntity
  8
SARR_2.2x7
100
AcDbPolyline
 90
4
 70
1
 10
31.200000000000003
 20
1184.7
 10
33.400000000000006
 20
1184.7
 10
33.400000000000006
 20
1191.7
 10
31.200000000000003
 20
1191.7
  0
HATCH
  5
603
330
17
100
AcDbEntity
  8
SARR_2.2x7
100
AcDbHatch
 10
0.0
 20
0.0
 30
0.0
210
0.0
220
0.0
230
1.0
  2
SOLID
 70
1
 71
0
 91
1
 92
3
 72
0
 73
1
 93
4
 10
31.200000000000003
 20
1184.7
 10
33.400000000000006
 20
1184.7
 10
33.400000000000006
 20
1191.7
 10
31.200000000000003
 20
1191.7
 97
0
 75
0
 76
1
 98
0
  0
HATCH
  5
604
330
17
100
AcDbEntity
  8
SARR_2.2x7
100
AcDbHatch
 10
0.0
 20
0.0
 30
0.0
210
0.0
220
0.0
230
1.0
  2
ANSI31
 70
0
 71
0
 91
1
 92
3
 72
0
 73
1
 93
4
 10
31.200000000000003
 20
1184.7
 10
33.400000000000006
 20
1184.7
 10
33.400000000000006
 20
1191.7
 10
31.200000000000003
 20
1191.7
 97
0
 75
1
 76
1
 52
270.0
 41
0.5
 77
0
 78
1
 53
315.0
 43
-0.0
 44
-0.0
 45
1.1225320152
 46
1.1225320151
 79
0
 98
0
  0
LWPOLYLINE
  5
605
330
17
100
AcDbEntity
  8
SARR_2.2x7
100
AcDbPolyline
 90
4
 70
1
 10
51.800000000000004
 20
1184.7
 10
54.00000000000001
 20
1184.7
 10
54.00000000000001
 20
1191.7
 10
51.800000000000004
 20
1191.7
  0
HATCH
  5
606
330
17
100
AcDbEntity
  8
SARR_2.2x7
100
AcDbHatch
 10
0.0
 20
0.0
 30
0.0
210
0.0
220
0.0
230
1.0
  2
SOLID
 70
1
 71
0
 91
1
 92
3
 72
0
 73
1
 93
4
 10
51.800000000000004
 20
1184.7
 10
54.00000000000001
 20
1184.7
 10
54.00000000000001
 20
1191.7
 10
51.800000000000004
 20
1191.7
 97
0
 75
0
 76
1
 98
0
  0
HATCH
  5
607
330
17
100
AcDbEntity
  8
SARR_2.2x7
100
AcDbHatch
 10
0.0
 20
0.0
 30
0.0
210
0.0
220
0.0
230
1.0
  2
ANSI31
 70
0
 71
0
 91
1
 92
3
 72
0
 73
1
 93
4
 10
51.800000000000004
 20
1184.7
 10
54.00000000000001
 20
1184.7
 10
54.00000000000001
 20
1191.7
 10
51.800000000000004
 20
1191.7
 97
0
 75
1
 76
1
 52
270.0
 41
0.5
 77
0
 78
1
 53
315.0
 43
-0.0
 44
-0.0
 45
1.1225320152
 46
1.1225320151
 79
0
 98
0
  0
LWPOLYLINE
  5
608
330
17
100
AcDbEntity
  8
SARR_2.2x7
100
AcDbPolyline
 90
4
 70
1
 10
72.4
 20
1184.7
 10
74.60000000000001
 20
1184.7
 10
74.60000000000001
 20
1191.7
 10
72.4
 20
1191.7
  0
HATCH
  5
609
330
17
100
AcDbEntity
  8
SARR_2.2x7
100
AcDbHatch
 10
0.0
 20
0.0
 30
0.0
210
0.0
220
0.0
230
1.0
  2
SOLID
 70
1
 71
0
 91
1
 92
3
 72
0
 73
1
 93
4
 10
72.4
 20
1184.7
 10
74.60000000000001
 20
1184.7
 10
74.60000000000001
 20
1191.7
 10
72.4
 20
1191.7
 97
0
 75
0
 76
1
 98
0
  0
HATCH
  5
60A
330
17
100
AcDbEntity
  8
SARR_2.2x7
100
AcDbHatch
 10
0.0
 20
0.0
 30
0.0
210
0.0
220
0.0
230
1.0
  2
ANSI31
 70
0
 71
0
 91
1
 92
3
 72
0
 73
1
 93
4
 10
72.4
 20
1184.7
 10
74.60000000000001
 20
1184.7
 10
74.60000000000001
 20
1191.7
 10
72.4
 20
1191.7
 97
0
 75
1
 76
1
 52
270.0
 41
0.5
 77
0
 78
1
 53
315.0
 43
-0.0
 44
-0.0
 45
1.1225320152
 46
1.1225320151
 79
0
 98
0
  0
LWPOLYLINE
  5
60B
330
17
100
AcDbEntity
  8
SARR_2.2x7
100
AcDbPolyline
 90
4
 70
1
 10
93.0
 20
1184.7
 10
95.2
 20
1184.7
 10
95.2
 20
1191.7
 10
93.0
 20
1191.7
  0
HATCH
  5
60C
330
17
100
AcDbEntity
  8
SARR_2.2x7
100
AcDbHatch
 10
0.0
 20
0.0
 30
0.0
210
0.0
220
0.0
230
1.0
  2
SOLID
 70
1
 71
0
 91
1
 92
3
 72
0
 73
1
 93
4
 10
93.0
 20
1184.7
 10
95.2
 20
1184.7
 10
95.2
 20
1191.7
 10
93.0
 20
1191.7
 97
0
 75
0
 76
1
 98
0
  0
HATCH
  5
60D
330
17
100
AcDbEntity
  8
SARR_2.2x7
100
AcDbHatch
 10
0.0
 20
0.0
 30
0.0
210
0.0
220
0.0
230
1.0
  2
ANSI31
 70
0
 71
0
 91
1
 92
3
 72
0
 73
1
 93
4
 10
93.0
 20
1184.7
 10
95.2
 20
1184.7
 10
95.2
 20
1191.7
 10
93.0
 20
1191.7
 97
0
 75
1
 76
1
 52
270.0
 41
0.5
 77
0
 78
1
 53
315.0
 43
-0.0
 44
-0.0
 45
1.1225320152
 46
1.1225320151
 79
0
 98
0
  0
LWPOLYLINE
  5
60E
330
17
100
AcDbEntity
  8
SARR_2.2x7
100
AcDbPolyline
 90
4
 70
1
 10
22.000000000000004
 20
1165.5
 10
29.000000000000004
 20
1165.5
 10
29.000000000000004
 20
1167.7
 10
22.000000000000004
 20
1167.7
  0
HATCH
  5
60F
330
17
100
AcDbEntity
  8
SARR_2.2x7
100
AcDbHatch
 10
0.0
 20
0.0
 30
0.0
210
0.0
220
0.0
230
1.0
  2
SOLID
 70
1
 71
0
 91
1
 92
3
 72
0
 73
1
 93
4
 10
22.000000000000004
 20
1165.5
 10
29.000000000000004
 20
1165.5
 10
29.000000000000004
 20
1167.7
 10
22.000000000000004
 20
1167.7
 97
0
 75
0
 76
1
 98
0
  0
HATCH
  5
610
330
17
100
AcDbEntity
  8
SARR_2.2x7
100
AcDbHatch
 10
0.0
 20
0.0
 30
0.0
210
0.0
220
0.0
230
1.0
  2
ANSI31
 70
0
 71
0
 91
1
 92
3
 72
0
 73
1
 93
4
 10
22.000000000000004
 20
1165.5
 10
29.000000000000004
 20
1165.5
 10
29.000000000000004
 20
1167.7
 10
22.000000000000004
 20
1167.7
 97
0
 75
1
 76
1
 52
270.0
 41
0.5
 77
0
 78
1
 53
315.0
 43
-0.0
 44
-0.0
 45
1.1225320152
 46
1.1225320151
 79
0
 98
0
  0
LWPOLYLINE
  5
611
330
17
100
AcDbEntity
  8
SARR_2.2x7
100
AcDbPolyline
 90
4
 70
1
 10
22.000000000000004
 20
1180.3000000000002
 10
29.000000000000004
 20
1180.3000000000002
 10
29.000000000000004
 20
1182.5000000000002
 10
22.000000000000004
 20
1182.5000000000002
  0
HATCH
  5
612
330
17
100
AcDbEntity
  8
SARR_2.2x7
100
AcDbHatch
 10
0.0
 20
0.0
 30
0.0
210
0.0
220
0.0
230
1.0
  2
SOLID
 70
1
 71
0
 91
1
 92
3
 72
0
 73
1
 93
4
 10
22.000000000000004
 20
1180.3000000000002
 10
29.000000000000004
 20
1180.3000000000002
 10
29.000000000000004
 20
1182.5000000000002
 10
22.000000000000004
 20
1182.5000000000002
 97
0
 75
0
 76
1
 98
0
  0
HATCH
  5
613
330
17
100
AcDbEntity
  8
SARR_2.2x7
100
AcDbHatch
 10
0.0
 20
0.0
 30
0.0
210
0.0
220
0.0
230
1.0
  2
ANSI31
 70
0
 71
0
 91
1
 92
3
 72
0
 73
1
 93
4
 10
22.000000000000004
 20
1180.3000000000002
 10
29.000000000000004
 20
1180.3000000000002
 10
29.000000000000004
 20
1182.5000000000002
 10
22.000000000000004
 20
1182.5000000000002
 97
0
 75
1
 76
1
 52
270.0
 41
0.5
 77
0
 78
1
 53
315.0
 43
-0.0
 44
-0.0
 45
1.1225320152
 46
1.1225320151
 79
0
 98
0
  0
LWPOLYLINE
  5
614
330
17
100
AcDbEntity
  8
SARR_2.2x7
100
AcDbPolyline
 90
4
 70
1
 10
97.4
 20
1165.5
 10
104.4
 20
1165.5
 10
104.4
 20
1167.7
 10
97.4
 20
1167.7
  0
HATCH
  5
615
330
17
100
AcDbEntity
  8
SARR_2.2x7
100
AcDbHatch
 10
0.0
 20
0.0
 30
0.0
210
0.0
220
0.0
230
1.0
  2
SOLID
 70
1
 71
0
 91
1
 92
3
 72
0
 73
1
 93
4
 10
97.4
 20
1165.5
 10
104.4
 20
1165.5
 10
104.4
 20
1167.7
 10
97.4
 20
1167.7
 97
0
 75
0
 76
1
 98
0
  0
HATCH
  5
616
330
17
100
AcDbEntity
  8
SARR_2.2x7
100
AcDbHatch
 10
0.0
 20
0.0
 30
0.0
210
0.0
220
0.0
230
1.0
  2
ANSI31
 70
0
 71
0
 91
1
 92
3
 72
0
 73
1
 93
4
 10
97.4
 20
1165.5
 10
104.4
 20
1165.5
 10
104.4
 20
1167.7
 10
97.4
 20
1167.7
 97
0
 75
1
 76
1
 52
270.0
 41
0.5
 77
0
 78
1
 53
315.0
 43
-0.0
 44
-0.0
 45
1.1225320152
 46
1.1225320151
 79
0
 98
0
  0
LWPOLYLINE
  5
617
330
17
100
AcDbEntity
  8
SARR_2.2x7
100
AcDbPolyline
 90
4
 70
1
 10
97.4
 20
1180.3000000000002
 10
104.4
 20
1180.3000000000002
 10
104.4
 20
1182.5000000000002
 10
97.4
 20
1182.5000000000002
  0
HATCH
  5
618
330
17
100
AcDbEntity
  8
SARR_2.2x7
100
AcDbHatch
 10
0.0
 20
0.0
 30
0.0
210
0.0
220
0.0
230
1.0
  2
SOLID
 70
1
 71
0
 91
1
 92
3
 72
0
 73
1
 93
4
 10
97.4
 20
1180.3000000000002
 10
104.4
 20
1180.3000000000002
 10
104.4
 20
1182.5000000000002
 10
97.4
 20
1182.5000000000002
 97
0
 75
0
 76
1
 98
0
  0
HATCH
  5
619
330
17
100
AcDbEntity
  8
SARR_2.2x7
100
AcDbHatch
 10
0.0
 20
0.0
 30
0.0
210
0.0
220
0.0
230
1.0
  2
ANSI31
 70
0
 71
0
 91
1
 92
3
 72
0
 73
1
 93
4
 10
97.4
 20
1180.3000000000002
 10
104.4
 20
1180.3000000000002
 10
104.4
 20
1182.5000000000002
 10
97.4
 20
1182.5000000000002
 97
0
 75
1
 76
1
 52
270.0
 41
0.5
 77
0
 78
1
 53
315.0
 43
-0.0
 44
-0.0
 45
1.1225320152
 46
1.1225320151
 79
0
 98
0
  0
LWPOLYLINE
  5
61A
330
17
100
AcDbEntity
  8
CHAPA
 62
1
100
AcDbPolyline
 90
4
 70
1
 10
27.000000000000004
 20
1161.3
 10
29.000000000000004
 20
1161.3
 10
29.000000000000004
 20
1163.3
 10
27.000000000000004
 20
1163.3
  0
HATCH
  5
61B
330
17
100
AcDbEntity
  8
CHAPA
 62
1
100
AcDbHatch
 10
0.0
 20
0.0
 30
0.0
210
0.0
220
0.0
230
1.0
  2
SOLID
 70
1
 71
0
 91
1
 92
3
 72
0
 73
1
 93
4
 10
27.000000000000004
 20
1161.3
 10
29.000000000000004
 20
1161.3
 10
29.000000000000004
 20
1163.3
 10
27.000000000000004
 20
1163.3
 97
0
 75
0
 76
1
 98
0
  0
LWPOLYLINE
  5
61C
330
17
100
AcDbEntity
  8
CHAPA
 62
1
100
AcDbPolyline
 90
4
 70
1
 10
97.4
 20
1161.3
 10
99.4
 20
1161.3
 10
99.4
 20
1163.3
 10
97.4
 20
1163.3
  0
HATCH
  5
61D
330
17
100
AcDbEntity
  8
CHAPA
 62
1
100
AcDbHatch
 10
0.0
 20
0.0
 30
0.0
210
0.0
220
0.0
230
1.0
  2
SOLID
 70
1
 71
0
 91
1
 92
3
 72
0
 73
1
 93
4
 10
97.4
 20
1161.3
 10
99.4
 20
1161.3
 10
99.4
 20
1163.3
 10
97.4
 20
1163.3
 97
0
 75
0
 76
1
 98
0
  0
LWPOLYLINE
  5
61E
330
17
100
AcDbEntity
  8
CHAPA
 62
1
100
AcDbPolyline
 90
4
 70
1
 10
97.4
 20
1184.7
 10
99.4
 20
1184.7
 10
99.4
 20
1186.7
 10
97.4
 20
1186.7
  0
HATCH
  5
61F
330
17
100
AcDbEntity
  8
CHAPA
 62
1
100
AcDbHatch
 10
0.0
 20
0.0
 30
0.0
210
0.0
220
0.0
230
1.0
  2
SOLID
 70
1
 71
0
 91
1
 92
3
 72
0
 73
1
 93
4
 10
97.4
 20
1184.7
 10
99.4
 20
1184.7
 10
99.4
 20
1186.7
 10
97.4
 20
1186.7
 97
0
 75
0
 76
1
 98
0
  0
LWPOLYLINE
  5
620
330
17
100
AcDbEntity
  8
CHAPA
 62
1
100
AcDbPolyline
 90
4
 70
1
 10
27.000000000000004
 20
1184.7
 10
29.000000000000004
 20
1184.7
 10
29.000000000000004
 20
1186.7
 10
27.000000000000004
 20
1186.7
  0
HATCH
  5
621
330
17
100
AcDbEntity
  8
CHAPA
 62
1
100
AcDbHatch
 10
0.0
 20
0.0
 30
0.0
210
0.0
220
0.0
230
1.0
  2
SOLID
 70
1
 71
0
 91
1
 92
3
 72
0
 73
1
 93
4
 10
27.000000000000004
 20
1184.7
 10
29.000000000000004
 20
1184.7
 10
29.000000000000004
 20
1186.7
 10
27.000000000000004
 20
1186.7
 97
0
 75
0
 76
1
 98
0
  0
TEXT
  5
622
330
17
100
AcDbEntity
  8
Texto Secao
 62
2
100
AcDbText
 10
63.2
 20
1153.3
 30
0.0
 40
4.0
  1
A
 72
1
 11
63.2
 21
1153.3
 31
0.0
100
AcDbText
 73
3
  0
TEXT
  5
623
330
17
100
AcDbEntity
  8
Texto Secao
 62
2
100
AcDbText
 10
63.2
 20
1194.7
 30
0.0
 40
4.0
  1
C
 72
1
 11
63.2
 21
1194.7
 31
0.0
100
AcDbText
 73
1
  0
TEXT
  5
624
330
17
100
AcDbEntity
  8
Texto Secao
 62
2
100
AcDbText
 10
19.000000000000004
 20
1174.0
 30
0.0
 40
4.0
  1
D
 72
2
 11
19.000000000000004
 21
1174.0
 31
0.0
100
AcDbText
 73
2
  0
TEXT
  5
625
330
17
100
AcDbEntity
  8
Texto Secao
 62
2
100
AcDbText
 10
107.4
 20
1174.0
 30
0.0
 40
4.0
  1
B
 11
107.4
 21
1174.0
 31
0.0
100
AcDbText
 73
2
  0
TEXT
  5
626
330
17
100
AcDbEntity
  8
Cota Secao (2x)
 62
4
100
AcDbText
 10
63.2
 20
1144.3
 30
0.0
 40
3.4
  1
64x17cm
 72
1
 11
63.2
 21
1144.3
 31
0.0
100
AcDbText
 73
3
  0
TEXT
  5
627
330
17
100
AcDbEntity
  8
Texto Secao
 62
2
100
AcDbText
 10
63.2
 20
1203.7
 30
0.0
 40
4.0
  1
VISAO DE CIMA
 72
1
 11
63.2
 21
1203.7
 31
0.0
100
AcDbText
 73
1
  0
LWPOLYLINE
  5
628
330
17
100
AcDbEntity
  8
Paineis
100
AcDbPolyline
 90
4
 70
1
 10
136.4
 20
905.0
 10
200.4
 20
905.0
 10
200.4
 20
1151.0
 10
136.4
 20
1151.0
  0
HATCH
  5
629
330
17
100
AcDbEntity
  8
Hachura
100
AcDbHatch
 10
0.0
 20
0.0
 30
0.0
210
0.0
220
0.0
230
1.0
  2
SOLID
 70
1
 71
0
 91
1
 92
3
 72
0
 73
1
 93
4
 10
136.4
 20
905.0
 10
200.4
 20
905.0
 10
200.4
 20
1151.0
 10
136.4
 20
1151.0
 97
0
 75
0
 76
1
 98
0
  0
HATCH
  5
62A
330
17
100
AcDbEntity
  8
Hachura
100
AcDbHatch
 10
0.0
 20
0.0
 30
0.0
210
0.0
220
0.0
230
1.0
  2
ANSI31
 70
0
 71
0
 91
1
 92
3
 72
0
 73
1
 93
4
 10
136.4
 20
905.0
 10
200.4
 20
905.0
 10
200.4
 20
1151.0
 10
136.4
 20
1151.0
 97
0
 75
1
 76
1
 52
0.0
 41
5.0
 77
0
 78
1
 53
45.0
 43
0.0
 44
0.0
 45
-11.2253201515
 46
11.2253201515
 79
0
 98
0
  0
LWPOLYLINE
  5
62B
330
17
100
AcDbEntity
  8
Paineis
100
AcDbPolyline
 90
4
 70
1
 10
136.4
 20
1151.0
 10
200.4
 20
1151.0
 10
200.4
 20
1185.0
 10
136.4
 20
1185.0
  0
HATCH
  5
62C
330
17
100
AcDbEntity
  8
Hachura
100
AcDbHatch
 10
0.0
 20
0.0
 30
0.0
210
0.0
220
0.0
230
1.0
  2
SOLID
 70
1
 71
0
 91
1
 92
3
 72
0
 73
1
 93
4
 10
136.4
 20
1151.0
 10
200.4
 20
1151.0
 10
200.4
 20
1185.0
 10
136.4
 20
1185.0
 97
0
 75
0
 76
1
 98
0
  0
HATCH
  5
62D
330
17
100
AcDbEntity
  8
Hachura
100
AcDbHatch
 10
0.0
 20
0.0
 30
0.0
210
0.0
220
0.0
230
1.0
  2
ANSI31
 70
0
 71
0
 91
1
 92
3
 72
0
 73
1
 93
4
 10
136.4
 20
1151.0
 10
200.4
 20
1151.0
 10
200.4
 20
1185.0
 10
136.4
 20
1185.0
 97
0
 75
1
 76
1
 52
0.0
 41
2.5
 77
0
 78
1
 53
45.0
 43
0.0
 44
0.0
 45
-5.6126600758
 46
5.6126600758
 79
0
 98
0
  0
LINE
  5
62E
330
17
100
AcDbEntity
  8
Paineis
100
AcDbLine
 10
136.4
 20
1149.0
 30
0.0
 11
200.4
 21
1149.0
 31
0.0
  0
LINE
  5
62F
330
17
100
AcDbEntity
  8
Paineis
100
AcDbLine
 10
136.4
 20
907.0
 30
0.0
 11
200.4
 21
907.0
 31
0.0
  0
LINE
  5
630
330
17
100
AcDbEntity
  8
SARR_2.2x7
  6
HIDDEN
 48
30.0
100
AcDbLine
 10
137.5
 20
905.0
 30
0.0
 11
137.5
 21
1185.0
 31
0.0
  0
LINE
  5
631
330
17
100
AcDbEntity
  8
SARR_2.2x7
  6
HIDDEN
 48
30.0
100
AcDbLine
 10
158.1
 20
905.0
 30
0.0
 11
158.1
 21
1185.0
 31
0.0
  0
LINE
  5
632
330
17
100
AcDbEntity
  8
SARR_2.2x7
  6
HIDDEN
 48
30.0
100
AcDbLine
 10
178.7
 20
905.0
 30
0.0
 11
178.7
 21
1185.0
 31
0.0
  0
LINE
  5
633
330
17
100
AcDbEntity
  8
SARR_2.2x7
  6
HIDDEN
 48
30.0
100
AcDbLine
 10
199.3
 20
905.0
 30
0.0
 11
199.3
 21
1185.0
 31
0.0
  0
TEXT
  5
634
330
17
100
AcDbEntity
  8
Texto Secao
 62
2
100
AcDbText
 10
168.4
 20
897.0
 30
0.0
 40
4.5
  1
P23.A
 50
90.0
100
AcDbText
  0
LWPOLYLINE
  5
635
330
17
100
AcDbEntity
  8
Paineis
100
AcDbPolyline
 90
4
 70
1
 10
208.4
 20
905.0
 10
225.4
 20
905.0
 10
225.4
 20
1151.0
 10
208.4
 20
1151.0
  0
HATCH
  5
636
330
17
100
AcDbEntity
  8
Hachura
100
AcDbHatch
 10
0.0
 20
0.0
 30
0.0
210
0.0
220
0.0
230
1.0
  2
SOLID
 70
1
 71
0
 91
1
 92
3
 72
0
 73
1
 93
4
 10
208.4
 20
905.0
 10
225.4
 20
905.0
 10
225.4
 20
1151.0
 10
208.4
 20
1151.0
 97
0
 75
0
 76
1
 98
0
  0
HATCH
  5
637
330
17
100
AcDbEntity
  8
Hachura
100
AcDbHatch
 10
0.0
 20
0.0
 30
0.0
210
0.0
220
0.0
230
1.0
  2
ANSI31
 70
0
 71
0
 91
1
 92
3
 72
0
 73
1
 93
4
 10
208.4
 20
905.0
 10
225.4
 20
905.0
 10
225.4
 20
1151.0
 10
208.4
 20
1151.0
 97
0
 75
1
 76
1
 52
0.0
 41
5.0
 77
0
 78
1
 53
45.0
 43
0.0
 44
0.0
 45
-11.2253201515
 46
11.2253201515
 79
0
 98
0
  0
LWPOLYLINE
  5
638
330
17
100
AcDbEntity
  8
Paineis
100
AcDbPolyline
 90
4
 70
1
 10
208.4
 20
1151.0
 10
225.4
 20
1151.0
 10
225.4
 20
1185.0
 10
208.4
 20
1185.0
  0
HATCH
  5
639
330
17
100
AcDbEntity
  8
Hachura
100
AcDbHatch
 10
0.0
 20
0.0
 30
0.0
210
0.0
220
0.0
230
1.0
  2
SOLID
 70
1
 71
0
 91
1
 92
3
 72
0
 73
1
 93
4
 10
208.4
 20
1151.0
 10
225.4
 20
1151.0
 10
225.4
 20
1185.0
 10
208.4
 20
1185.0
 97
0
 75
0
 76
1
 98
0
  0
HATCH
  5
63A
330
17
100
AcDbEntity
  8
Hachura
100
AcDbHatch
 10
0.0
 20
0.0
 30
0.0
210
0.0
220
0.0
230
1.0
  2
ANSI31
 70
0
 71
0
 91
1
 92
3
 72
0
 73
1
 93
4
 10
208.4
 20
1151.0
 10
225.4
 20
1151.0
 10
225.4
 20
1185.0
 10
208.4
 20
1185.0
 97
0
 75
1
 76
1
 52
0.0
 41
2.5
 77
0
 78
1
 53
45.0
 43
0.0
 44
0.0
 45
-5.6126600758
 46
5.6126600758
 79
0
 98
0
  0
LINE
  5
63B
330
17
100
AcDbEntity
  8
Paineis
100
AcDbLine
 10
208.4
 20
1149.0
 30
0.0
 11
225.4
 21
1149.0
 31
0.0
  0
LINE
  5
63C
330
17
100
AcDbEntity
  8
Paineis
100
AcDbLine
 10
208.4
 20
907.0
 30
0.0
 11
225.4
 21
907.0
 31
0.0
  0
LINE
  5
63D
330
17
100
AcDbEntity
  8
SARR_2.2x7
  6
HIDDEN
 48
30.0
100
AcDbLine
 10
209.5
 20
905.0
 30
0.0
 11
209.5
 21
1185.0
 31
0.0
  0
LINE
  5
63E
330
17
100
AcDbEntity
  8
SARR_2.2x7
  6
HIDDEN
 48
30.0
100
AcDbLine
 10
224.3
 20
905.0
 30
0.0
 11
224.3
 21
1185.0
 31
0.0
  0
TEXT
  5
63F
330
17
100
AcDbEntity
  8
Texto Secao
 62
2
100
AcDbText
 10
216.9
 20
897.0
 30
0.0
 40
4.5
  1
P23.B
 50
90.0
100
AcDbText
  0
LWPOLYLINE
  5
640
330
17
100
AcDbEntity
  8
Paineis
100
AcDbPolyline
 90
4
 70
1
 10
233.4
 20
905.0
 10
297.4
 20
905.0
 10
297.4
 20
1151.0
 10
233.4
 20
1151.0
  0
HATCH
  5
641
330
17
100
AcDbEntity
  8
Hachura
100
AcDbHatch
 10
0.0
 20
0.0
 30
0.0
210
0.0
220
0.0
230
1.0
  2
SOLID
 70
1
 71
0
 91
1
 92
3
 72
0
 73
1
 93
4
 10
233.4
 20
905.0
 10
297.4
 20
905.0
 10
297.4
 20
1151.0
 10
233.4
 20
1151.0
 97
0
 75
0
 76
1
 98
0
  0
HATCH
  5
642
330
17
100
AcDbEntity
  8
Hachura
100
AcDbHatch
 10
0.0
 20
0.0
 30
0.0
210
0.0
220
0.0
230
1.0
  2
ANSI31
 70
0
 71
0
 91
1
 92
3
 72
0
 73
1
 93
4
 10
233.4
 20
905.0
 10
297.4
 20
905.0
 10
297.4
 20
1151.0
 10
233.4
 20
1151.0
 97
0
 75
1
 76
1
 52
0.0
 41
5.0
 77
0
 78
1
 53
45.0
 43
0.0
 44
0.0
 45
-11.2253201515
 46
11.2253201515
 79
0
 98
0
  0
LWPOLYLINE
  5
643
330
17
100
AcDbEntity
  8
Paineis
100
AcDbPolyline
 90
4
 70
1
 10
233.4
 20
1151.0
 10
297.4
 20
1151.0
 10
297.4
 20
1185.0
 10
233.4
 20
1185.0
  0
HATCH
  5
644
330
17
100
AcDbEntity
  8
Hachura
100
AcDbHatch
 10
0.0
 20
0.0
 30
0.0
210
0.0
220
0.0
230
1.0
  2
SOLID
 70
1
 71
0
 91
1
 92
3
 72
0
 73
1
 93
4
 10
233.4
 20
1151.0
 10
297.4
 20
1151.0
 10
297.4
 20
1185.0
 10
233.4
 20
1185.0
 97
0
 75
0
 76
1
 98
0
  0
HATCH
  5
645
330
17
100
AcDbEntity
  8
Hachura
100
AcDbHatch
 10
0.0
 20
0.0
 30
0.0
210
0.0
220
0.0
230
1.0
  2
ANSI31
 70
0
 71
0
 91
1
 92
3
 72
0
 73
1
 93
4
 10
233.4
 20
1151.0
 10
297.4
 20
1151.0
 10
297.4
 20
1185.0
 10
233.4
 20
1185.0
 97
0
 75
1
 76
1
 52
0.0
 41
2.5
 77
0
 78
1
 53
45.0
 43
0.0
 44
0.0
 45
-5.6126600758
 46
5.6126600758
 79
0
 98
0
  0
LINE
  5
646
330
17
100
AcDbEntity
  8
Paineis
100
AcDbLine
 10
233.4
 20
1149.0
 30
0.0
 11
297.4
 21
1149.0
 31
0.0
  0
LINE
  5
647
330
17
100
AcDbEntity
  8
Paineis
100
AcDbLine
 10
233.4
 20
907.0
 30
0.0
 11
297.4
 21
907.0
 31
0.0
  0
LINE
  5
648
330
17
100
AcDbEntity
  8
SARR_2.2x7
  6
HIDDEN
 48
30.0
100
AcDbLine
 10
234.5
 20
905.0
 30
0.0
 11
234.5
 21
1185.0
 31
0.0
  0
LINE
  5
649
330
17
100
AcDbEntity
  8
SARR_2.2x7
  6
HIDDEN
 48
30.0
100
AcDbLine
 10
255.1
 20
905.0
 30
0.0
 11
255.1
 21
1185.0
 31
0.0
  0
LINE
  5
64A
330
17
100
AcDbEntity
  8
SARR_2.2x7
  6
HIDDEN
 48
30.0
100
AcDbLine
 10
275.7
 20
905.0
 30
0.0
 11
275.7
 21
1185.0
 31
0.0
  0
LINE
  5
64B
330
17
100
AcDbEntity
  8
SARR_2.2x7
  6
HIDDEN
 48
30.0
100
AcDbLine
 10
296.3
 20
905.0
 30
0.0
 11
296.3
 21
1185.0
 31
0.0
  0
TEXT
  5
64C
330
17
100
AcDbEntity
  8
Texto Secao
 62
2
100
AcDbText
 10
265.4
 20
897.0
 30
0.0
 40
4.5
  1
P23.C
 50
90.0
100
AcDbText
  0
LWPOLYLINE
  5
64D
330
17
100
AcDbEntity
  8
Paineis
100
AcDbPolyline
 90
4
 70
1
 10
305.4
 20
905.0
 10
322.4
 20
905.0
 10
322.4
 20
1151.0
 10
305.4
 20
1151.0
  0
HATCH
  5
64E
330
17
100
AcDbEntity
  8
Hachura
100
AcDbHatch
 10
0.0
 20
0.0
 30
0.0
210
0.0
220
0.0
230
1.0
  2
SOLID
 70
1
 71
0
 91
1
 92
3
 72
0
 73
1
 93
4
 10
305.4
 20
905.0
 10
322.4
 20
905.0
 10
322.4
 20
1151.0
 10
305.4
 20
1151.0
 97
0
 75
0
 76
1
 98
0
  0
HATCH
  5
64F
330
17
100
AcDbEntity
  8
Hachura
100
AcDbHatch
 10
0.0
 20
0.0
 30
0.0
210
0.0
220
0.0
230
1.0
  2
ANSI31
 70
0
 71
0
 91
1
 92
3
 72
0
 73
1
 93
4
 10
305.4
 20
905.0
 10
322.4
 20
905.0
 10
322.4
 20
1151.0
 10
305.4
 20
1151.0
 97
0
 75
1
 76
1
 52
0.0
 41
5.0
 77
0
 78
1
 53
45.0
 43
0.0
 44
0.0
 45
-11.2253201515
 46
11.2253201515
 79
0
 98
0
  0
LWPOLYLINE
  5
650
330
17
100
AcDbEntity
  8
Paineis
100
AcDbPolyline
 90
4
 70
1
 10
305.4
 20
1151.0
 10
322.4
 20
1151.0
 10
322.4
 20
1185.0
 10
305.4
 20
1185.0
  0
HATCH
  5
651
330
17
100
AcDbEntity
  8
Hachura
100
AcDbHatch
 10
0.0
 20
0.0
 30
0.0
210
0.0
220
0.0
230
1.0
  2
SOLID
 70
1
 71
0
 91
1
 92
3
 72
0
 73
1
 93
4
 10
305.4
 20
1151.0
 10
322.4
 20
1151.0
 10
322.4
 20
1185.0
 10
305.4
 20
1185.0
 97
0
 75
0
 76
1
 98
0
  0
HATCH
  5
652
330
17
100
AcDbEntity
  8
Hachura
100
AcDbHatch
 10
0.0
 20
0.0
 30
0.0
210
0.0
220
0.0
230
1.0
  2
ANSI31
 70
0
 71
0
 91
1
 92
3
 72
0
 73
1
 93
4
 10
305.4
 20
1151.0
 10
322.4
 20
1151.0
 10
322.4
 20
1185.0
 10
305.4
 20
1185.0
 97
0
 75
1
 76
1
 52
0.0
 41
2.5
 77
0
 78
1
 53
45.0
 43
0.0
 44
0.0
 45
-5.6126600758
 46
5.6126600758
 79
0
 98
0
  0
LINE
  5
653
330
17
100
AcDbEntity
  8
Paineis
100
AcDbLine
 10
305.4
 20
1149.0
 30
0.0
 11
322.4
 21
1149.0
 31
0.0
  0
LINE
  5
654
330
17
100
AcDbEntity
  8
Paineis
100
AcDbLine
 10
305.4
 20
907.0
 30
0.0
 11
322.4
 21
907.0
 31
0.0
  0
LINE
  5
655
330
17
100
AcDbEntity
  8
SARR_2.2x7
  6
HIDDEN
 48
30.0
100
AcDbLine
 10
306.5
 20
905.0
 30
0.0
 11
306.5
 21
1185.0
 31
0.0
  0
LINE
  5
656
330
17
100
AcDbEntity
  8
SARR_2.2x7
  6
HIDDEN
 48
30.0
100
AcDbLine
 10
321.29999999999995
 20
905.0
 30
0.0
 11
321.29999999999995
 21
1185.0
 31
0.0
  0
TEXT
  5
657
330
17
100
AcDbEntity
  8
Texto Secao
 62
2
100
AcDbText
 10
313.9
 20
897.0
 30
0.0
 40
4.5
  1
P23.D
 50
90.0
100
AcDbText
  0
LINE
  5
658
330
17
100
AcDbEntity
  8
COTA
 62
8
100
AcDbLine
 10
330.4
 20
905.0
 30
0.0
 11
330.4
 21
1185.0
 31
0.0
  0
LINE
  5
659
330
17
100
AcDbEntity
  8
COTA
 62
8
100
AcDbLine
 10
328.4
 20
905.0
 30
0.0
 11
332.4
 21
905.0
 31
0.0
  0
LINE
  5
65A
330
17
100
AcDbEntity
  8
COTA
 62
8
100
AcDbLine
 10
328.4
 20
907.0
 30
0.0
 11
332.4
 21
907.0
 31
0.0
  0
TEXT
  5
65B
330
17
100
AcDbEntity
  8
COTA
 62
8
100
AcDbText
 10
335.4
 20
906.0
 30
0.0
 40
3.0
  1
h1=2
100
AcDbText
  0
LINE
  5
65C
330
17
100
AcDbEntity
  8
COTA
 62
8
100
AcDbLine
 10
328.4
 20
907.0
 30
0.0
 11
332.4
 21
907.0
 31
0.0
  0
LINE
  5
65D
330
17
100
AcDbEntity
  8
COTA
 62
8
100
AcDbLine
 10
328.4
 20
1151.0
 30
0.0
 11
332.4
 21
1151.0
 31
0.0
  0
TEXT
  5
65E
330
17
100
AcDbEntity
  8
COTA
 62
8
100
AcDbText
 10
335.4
 20
1029.0
 30
0.0
 40
3.0
  1
h2=244
100
AcDbText
  0
LINE
  5
65F
330
17
100
AcDbEntity
  8
COTA
 62
8
100
AcDbLine
 10
328.4
 20
1151.0
 30
0.0
 11
332.4
 21
1151.0
 31
0.0
  0
LINE
  5
660
330
17
100
AcDbEntity
  8
COTA
 62
8
100
AcDbLine
 10
328.4
 20
1185.0
 30
0.0
 11
332.4
 21
1185.0
 31
0.0
  0
TEXT
  5
661
330
17
100
AcDbEntity
  8
COTA
 62
8
100
AcDbText
 10
335.4
 20
1168.0
 30
0.0
 40
3.0
  1
h3=34
100
AcDbText
  0
TEXT
  5
662
330
17
100
AcDbEntity
  8
COTA
 62
8
100
AcDbText
 10
335.4
 20
1188.0
 30
0.0
 40
3.5
  1
TOTAL=280
100
AcDbText
  0
LINE
  5
663
330
17
100
AcDbEntity
  8
Nivel
 62
4
100
AcDbLine
 10
2.0
 20
905.0
 30
0.0
 11
335.4
 21
905.0
 31
0.0
  0
LINE
  5
664
330
17
100
AcDbEntity
  8
Nivel
 62
4
100
AcDbLine
 10
1.0
 20
910.0
 30
0.0
 11
4.0
 21
905.0
 31
0.0
  0
LINE
  5
665
330
17
100
AcDbEntity
  8
Nivel
 62
4
100
AcDbLine
 10
7.0
 20
910.0
 30
0.0
 11
4.0
 21
905.0
 31
0.0
  0
TEXT
  5
666
330
17
100
AcDbEntity
  8
Nivel
 62
4
100
AcDbText
 10
9.0
 20
906.0
 30
0.0
 40
4.0
  1
1o PAV.
100
AcDbText
  0
LINE
  5
667
330
17
100
AcDbEntity
  8
Nivel
 62
4
100
AcDbLine
 10
2.0
 20
1151.0
 30
0.0
 11
335.4
 21
1151.0
 31
0.0
  0
LINE
  5
668
330
17
100
AcDbEntity
  8
Nivel
 62
4
100
AcDbLine
 10
1.0
 20
1156.0
 30
0.0
 11
4.0
 21
1151.0
 31
0.0
  0
LINE
  5
669
330
17
100
AcDbEntity
  8
Nivel
 62
4
100
AcDbLine
 10
7.0
 20
1156.0
 30
0.0
 11
4.0
 21
1151.0
 31
0.0
  0
TEXT
  5
66A
330
17
100
AcDbEntity
  8
Nivel
 62
4
100
AcDbText
 10
9.0
 20
1152.0
 30
0.0
 40
4.0
  1
2o PAV.
100
AcDbText
  0
LWPOLYLINE
  5
66B
330
17
100
AcDbEntity
  8
CARIMBO
 62
40
100
AcDbPolyline
 90
4
 70
1
 10
0.0
 20
850.0
 10
359.4
 20
850.0
 10
359.4
 20
890.0
 10
0.0
 20
890.0
  0
LINE
  5
66C
330
17
100
AcDbEntity
  8
CARIMBO
 62
40
100
AcDbLine
 10
0.0
 20
860.0
 30
0.0
 11
359.4
 21
860.0
 31
0.0
  0
LINE
  5
66D
330
17
100
AcDbEntity
  8
CARIMBO
 62
40
100
AcDbLine
 10
0.0
 20
870.0
 30
0.0
 11
359.4
 21
870.0
 31
0.0
  0
LINE
  5
66E
330
17
100
AcDbEntity
  8
CARIMBO
 62
40
100
AcDbLine
 10
0.0
 20
880.0
 30
0.0
 11
359.4
 21
880.0
 31
0.0
  0
LINE
  5
66F
330
17
100
AcDbEntity
  8
CARIMBO
 62
40
100
AcDbLine
 10
125.78999999999998
 20
850.0
 30
0.0
 11
125.78999999999998
 21
890.0
 31
0.0
  0
TEXT
  5
670
330
17
100
AcDbEntity
  8
CARIMBO
 62
9
100
AcDbText
 10
3.0
 20
885.0
 30
0.0
 40
3.0
  1
CLIENTE:
100
AcDbText
  0
TEXT
  5
671
330
17
100
AcDbEntity
  8
TEXTO_GERAL
 62
2
100
AcDbText
 10
128.78999999999996
 20
885.0
 30
0.0
 40
3.0
  1
ALIMONTI
100
AcDbText
  0
TEXT
  5
672
330
17
100
AcDbEntity
  8
CARIMBO
 62
9
100
AcDbText
 10
3.0
 20
875.0
 30
0.0
 40
3.0
  1
OBRA:
100
AcDbText
  0
TEXT
  5
673
330
17
100
AcDbEntity
  8
TEXTO_GERAL
 62
2
100
AcDbText
 10
128.78999999999996
 20
875.0
 30
0.0
 40
3.0
  1
Obra_TREINO_1
100
AcDbText
  0
TEXT
  5
674
330
17
100
AcDbEntity
  8
CARIMBO
 62
9
100
AcDbText
 10
3.0
 20
865.0
 30
0.0
 40
3.0
  1
PAVIMENTO:
100
AcDbText
  0
TEXT
  5
675
330
17
100
AcDbEntity
  8
TEXTO_GERAL
 62
2
100
AcDbText
 10
128.78999999999996
 20
865.0
 30
0.0
 40
3.0
  1
TERREO
100
AcDbText
  0
TEXT
  5
676
330
17
100
AcDbEntity
  8
CARIMBO
 62
9
100
AcDbText
 10
3.0
 20
855.0
 30
0.0
 40
3.0
  1
PROJETO:
100
AcDbText
  0
TEXT
  5
677
330
17
100
AcDbEntity
  8
TEXTO_GERAL
 62
2
100
AcDbText
 10
128.78999999999996
 20
855.0
 30
0.0
 40
3.0
  1
PILARES
100
AcDbText
  0
TEXT
  5
678
330
17
100
AcDbEntity
  8
LABEL_ID
 62
3
100
AcDbText
 10
344.4
 20
855.0
 30
0.0
 40
8.0
  1
11
100
AcDbText
  0
LWPOLYLINE
  5
679
330
17
100
AcDbEntity
  8
BORDA_CELULA
 62
9
100
AcDbPolyline
 90
4
 70
1
 10
413.4
 20
850.0
 10
635.8
 20
850.0
 10
635.8
 20
1255.0
 10
413.4
 20
1255.0
  0
TEXT
  5
67A
330
17
100
AcDbEntity
  8
TEXTO_GERAL
 62
2
100
AcDbText
 10
625.8
 20
1250.0
 30
0.0
 40
3.0
  1
TÉRREO - PD: 280.00
 72
2
 11
625.8
 21
1250.0
 31
0.0
100
AcDbText
  0
TEXT
  5
67B
330
17
100
AcDbEntity
  8
TEXTO_GERAL
 62
2
100
AcDbText
 10
625.8
 20
1245.0
 30
0.0
 40
3.0
  1
NIVEL DE SAIDA: 280.00
 72
2
 11
625.8
 21
1245.0
 31
0.0
100
AcDbText
  0
TEXT
  5
67C
330
17
100
AcDbEntity
  8
TEXTO_GERAL
 62
2
100
AcDbText
 10
625.8
 20
1240.0
 30
0.0
 40
3.0
  1
NIVEL DE CHEGADA: 0.00
 72
2
 11
625.8
 21
1240.0
 31
0.0
100
AcDbText
  0
TEXT
  5
67D
330
17
100
AcDbEntity
  8
NOMENCLATURA
 62
1
100
AcDbText
 10
433.4
 20
1243.0
 30
0.0
 40
10.0
  1
P24
100
AcDbText
  0
LWPOLYLINE
  5
67E
330
17
100
AcDbEntity
  8
CONCRETO
 62
4
100
AcDbPolyline
 90
4
 70
1
 10
444.59999999999997
 20
1167.0
 10
463.59999999999997
 20
1167.0
 10
463.59999999999997
 20
1183.0
 10
444.59999999999997
 20
1183.0
  0
HATCH
  5
67F
330
17
100
AcDbEntity
  8
COTA
100
AcDbHatch
 10
0.0
 20
0.0
 30
0.0
210
0.0
220
0.0
230
1.0
  2
AR-CONC
 70
0
 71
0
 91
1
 92
3
 72
0
 73
1
 93
4
 10
444.59999999999997
 20
1167.0
 10
463.59999999999997
 20
1167.0
 10
463.59999999999997
 20
1183.0
 10
444.59999999999997
 20
1183.0
 97
0
 75
1
 76
1
 52
0.0
 41
0.03
 77
0
 78
13
 53
50.0
 43
0.0
 44
0.0
 45
5.4655400699
 46
-0.4781725662
 79
2
 49
0.5715
 49
-6.2865
 53
355.0
 43
0.0
 44
0.0
 45
-1.0573026428
 46
5.7317053572
 79
2
 49
0.4572
 49
-5.0292175251
 53
100.4514447
 43
0.45546021
 44
-0.039847605
 45
4.4082374127
 46
5.2535325574
 79
2
 49
0.485700264
 49
-5.342707338
 53
46.1842
 43
0.0
 44
1.524
 45
8.1323712268
 46
-1.261269838
 79
2
 49
0.85725
 49
-9.42975
 53
96.63555761
 43
0.677697
 44
1.418895
 45
7.1221240215
 46
7.4227837379
 79
2
 49
0.7285506942
 49
-8.0140682448
 53
351.18415117
 43
0.0
 44
1.524
 45
7.1221240219
 46
7.4227837376
 79
2
 49
0.6857990121
 49
-7.5437919576
 53
21.0
 43
0.762
 44
1.143
 45
4.5484317381
 46
-3.0679559456
 79
2
 49
0.5715
 49
-6.2865
 53
326.0
 43
0.762
 44
1.143
 45
1.8540608504
 46
5.5256389837
 79
2
 49
0.4572
 49
-5.0292
 53
71.451445
 43
1.141035978
 44
0.887337003
 45
6.4024925784
 46
2.4576830666
 79
2
 49
0.485700264
 49
-5.342698128
 53
37.5
 43
0.0
 44
0.0
 45
0.0926580975
 46
2.5366511662
 79
6
 49
0.0
 49
-4.96824
 49
0.0
 49
-5.1054
 49
0.0
 49
-5.04825
 53
7.5
 43
0.0
 44
0.0
 45
2.0045898753
 46
3.0054172445
 79
6
 49
0.0
 49
-2.91084
 49
0.0
 49
-4.85394
 49
0.0
 49
-1.92405
 53
-32.5
 43
-1.69926
 44
0.0
 45
4.067717855
 46
-0.1718623198
 79
6
 49
0.0
 49
-1.905
 49
0.0
 49
-5.9436
 49
0.0
 49
-7.8867
 53
-42.5
 43
-2.46126
 44
0.0
 45
4.4438754416
 46
0.762794731
 79
6
 49
0.0
 49
-2.4765
 49
0.0
 49
-3.94716
 49
0.0
 49
-5.6007
 98
0
  0
LWPOLYLINE
  5
680
330
17
100
AcDbEntity
  8
Paineis
100
AcDbPolyline
 90
4
 70
1
 10
444.59999999999997
 20
1164.8
 10
463.59999999999997
 20
1164.8
 10
463.59999999999997
 20
1167.0
 10
444.59999999999997
 20
1167.0
  0
HATCH
  5
681
330
17
100
AcDbEntity
  8
Paineis
100
AcDbHatch
 10
0.0
 20
0.0
 30
0.0
210
0.0
220
0.0
230
1.0
  2
SOLID
 70
1
 71
0
 91
1
 92
3
 72
0
 73
1
 93
4
 10
444.59999999999997
 20
1164.8
 10
463.59999999999997
 20
1164.8
 10
463.59999999999997
 20
1167.0
 10
444.59999999999997
 20
1167.0
 97
0
 75
0
 76
1
 98
0
  0
HATCH
  5
682
330
17
100
AcDbEntity
  8
Paineis
100
AcDbHatch
 10
0.0
 20
0.0
 30
0.0
210
0.0
220
0.0
230
1.0
  2
ANSI31
 70
0
 71
0
 91
1
 92
3
 72
0
 73
1
 93
4
 10
444.59999999999997
 20
1164.8
 10
463.59999999999997
 20
1164.8
 10
463.59999999999997
 20
1167.0
 10
444.59999999999997
 20
1167.0
 97
0
 75
1
 76
1
 52
270.0
 41
0.5
 77
0
 78
1
 53
315.0
 43
-0.0
 44
-0.0
 45
1.1225320152
 46
1.1225320151
 79
0
 98
0
  0
LWPOLYLINE
  5
683
330
17
100
AcDbEntity
  8
Paineis
100
AcDbPolyline
 90
4
 70
1
 10
444.59999999999997
 20
1183.0
 10
463.59999999999997
 20
1183.0
 10
463.59999999999997
 20
1185.2
 10
444.59999999999997
 20
1185.2
  0
HATCH
  5
684
330
17
100
AcDbEntity
  8
Paineis
100
AcDbHatch
 10
0.0
 20
0.0
 30
0.0
210
0.0
220
0.0
230
1.0
  2
SOLID
 70
1
 71
0
 91
1
 92
3
 72
0
 73
1
 93
4
 10
444.59999999999997
 20
1183.0
 10
463.59999999999997
 20
1183.0
 10
463.59999999999997
 20
1185.2
 10
444.59999999999997
 20
1185.2
 97
0
 75
0
 76
1
 98
0
  0
HATCH
  5
685
330
17
100
AcDbEntity
  8
Paineis
100
AcDbHatch
 10
0.0
 20
0.0
 30
0.0
210
0.0
220
0.0
230
1.0
  2
ANSI31
 70
0
 71
0
 91
1
 92
3
 72
0
 73
1
 93
4
 10
444.59999999999997
 20
1183.0
 10
463.59999999999997
 20
1183.0
 10
463.59999999999997
 20
1185.2
 10
444.59999999999997
 20
1185.2
 97
0
 75
1
 76
1
 52
270.0
 41
0.5
 77
0
 78
1
 53
315.0
 43
-0.0
 44
-0.0
 45
1.1225320152
 46
1.1225320151
 79
0
 98
0
  0
LWPOLYLINE
  5
686
330
17
100
AcDbEntity
  8
Paineis
100
AcDbPolyline
 90
4
 70
1
 10
442.4
 20
1167.0
 10
444.59999999999997
 20
1167.0
 10
444.59999999999997
 20
1183.0
 10
442.4
 20
1183.0
  0
HATCH
  5
687
330
17
100
AcDbEntity
  8
Paineis
100
AcDbHatch
 10
0.0
 20
0.0
 30
0.0
210
0.0
220
0.0
230
1.0
  2
SOLID
 70
1
 71
0
 91
1
 92
3
 72
0
 73
1
 93
4
 10
442.4
 20
1167.0
 10
444.59999999999997
 20
1167.0
 10
444.59999999999997
 20
1183.0
 10
442.4
 20
1183.0
 97
0
 75
0
 76
1
 98
0
  0
HATCH
  5
688
330
17
100
AcDbEntity
  8
Paineis
100
AcDbHatch
 10
0.0
 20
0.0
 30
0.0
210
0.0
220
0.0
230
1.0
  2
ANSI31
 70
0
 71
0
 91
1
 92
3
 72
0
 73
1
 93
4
 10
442.4
 20
1167.0
 10
444.59999999999997
 20
1167.0
 10
444.59999999999997
 20
1183.0
 10
442.4
 20
1183.0
 97
0
 75
1
 76
1
 52
270.0
 41
0.5
 77
0
 78
1
 53
315.0
 43
-0.0
 44
-0.0
 45
1.1225320152
 46
1.1225320151
 79
0
 98
0
  0
LWPOLYLINE
  5
689
330
17
100
AcDbEntity
  8
Paineis
100
AcDbPolyline
 90
4
 70
1
 10
463.59999999999997
 20
1167.0
 10
465.79999999999995
 20
1167.0
 10
465.79999999999995
 20
1183.0
 10
463.59999999999997
 20
1183.0
  0
HATCH
  5
68A
330
17
100
AcDbEntity
  8
Paineis
100
AcDbHatch
 10
0.0
 20
0.0
 30
0.0
210
0.0
220
0.0
230
1.0
  2
SOLID
 70
1
 71
0
 91
1
 92
3
 72
0
 73
1
 93
4
 10
463.59999999999997
 20
1167.0
 10
465.79999999999995
 20
1167.0
 10
465.79999999999995
 20
1183.0
 10
463.59999999999997
 20
1183.0
 97
0
 75
0
 76
1
 98
0
  0
HATCH
  5
68B
330
17
100
AcDbEntity
  8
Paineis
100
AcDbHatch
 10
0.0
 20
0.0
 30
0.0
210
0.0
220
0.0
230
1.0
  2
ANSI31
 70
0
 71
0
 91
1
 92
3
 72
0
 73
1
 93
4
 10
463.59999999999997
 20
1167.0
 10
465.79999999999995
 20
1167.0
 10
465.79999999999995
 20
1183.0
 10
463.59999999999997
 20
1183.0
 97
0
 75
1
 76
1
 52
270.0
 41
0.5
 77
0
 78
1
 53
315.0
 43
-0.0
 44
-0.0
 45
1.1225320152
 46
1.1225320151
 79
0
 98
0
  0
LWPOLYLINE
  5
68C
330
17
100
AcDbEntity
  8
SARR_2.2x7
100
AcDbPolyline
 90
4
 70
1
 10
444.59999999999997
 20
1157.8
 10
446.79999999999995
 20
1157.8
 10
446.79999999999995
 20
1164.8
 10
444.59999999999997
 20
1164.8
  0
HATCH
  5
68D
330
17
100
AcDbEntity
  8
SARR_2.2x7
100
AcDbHatch
 10
0.0
 20
0.0
 30
0.0
210
0.0
220
0.0
230
1.0
  2
SOLID
 70
1
 71
0
 91
1
 92
3
 72
0
 73
1
 93
4
 10
444.59999999999997
 20
1157.8
 10
446.79999999999995
 20
1157.8
 10
446.79999999999995
 20
1164.8
 10
444.59999999999997
 20
1164.8
 97
0
 75
0
 76
1
 98
0
  0
HATCH
  5
68E
330
17
100
AcDbEntity
  8
SARR_2.2x7
100
AcDbHatch
 10
0.0
 20
0.0
 30
0.0
210
0.0
220
0.0
230
1.0
  2
ANSI31
 70
0
 71
0
 91
1
 92
3
 72
0
 73
1
 93
4
 10
444.59999999999997
 20
1157.8
 10
446.79999999999995
 20
1157.8
 10
446.79999999999995
 20
1164.8
 10
444.59999999999997
 20
1164.8
 97
0
 75
1
 76
1
 52
270.0
 41
0.5
 77
0
 78
1
 53
315.0
 43
-0.0
 44
-0.0
 45
1.1225320152
 46
1.1225320151
 79
0
 98
0
  0
LWPOLYLINE
  5
68F
330
17
100
AcDbEntity
  8
SARR_2.2x7
100
AcDbPolyline
 90
4
 70
1
 10
461.3999999999999
 20
1157.8
 10
463.5999999999999
 20
1157.8
 10
463.5999999999999
 20
1164.8
 10
461.3999999999999
 20
1164.8
  0
HATCH
  5
690
330
17
100
AcDbEntity
  8
SARR_2.2x7
100
AcDbHatch
 10
0.0
 20
0.0
 30
0.0
210
0.0
220
0.0
230
1.0
  2
SOLID
 70
1
 71
0
 91
1
 92
3
 72
0
 73
1
 93
4
 10
461.3999999999999
 20
1157.8
 10
463.5999999999999
 20
1157.8
 10
463.5999999999999
 20
1164.8
 10
461.3999999999999
 20
1164.8
 97
0
 75
0
 76
1
 98
0
  0
HATCH
  5
691
330
17
100
AcDbEntity
  8
SARR_2.2x7
100
AcDbHatch
 10
0.0
 20
0.0
 30
0.0
210
0.0
220
0.0
230
1.0
  2
ANSI31
 70
0
 71
0
 91
1
 92
3
 72
0
 73
1
 93
4
 10
461.3999999999999
 20
1157.8
 10
463.5999999999999
 20
1157.8
 10
463.5999999999999
 20
1164.8
 10
461.3999999999999
 20
1164.8
 97
0
 75
1
 76
1
 52
270.0
 41
0.5
 77
0
 78
1
 53
315.0
 43
-0.0
 44
-0.0
 45
1.1225320152
 46
1.1225320151
 79
0
 98
0
  0
LWPOLYLINE
  5
692
330
17
100
AcDbEntity
  8
SARR_2.2x7
100
AcDbPolyline
 90
4
 70
1
 10
444.59999999999997
 20
1185.2
 10
446.79999999999995
 20
1185.2
 10
446.79999999999995
 20
1192.2
 10
444.59999999999997
 20
1192.2
  0
HATCH
  5
693
330
17
100
AcDbEntity
  8
SARR_2.2x7
100
AcDbHatch
 10
0.0
 20
0.0
 30
0.0
210
0.0
220
0.0
230
1.0
  2
SOLID
 70
1
 71
0
 91
1
 92
3
 72
0
 73
1
 93
4
 10
444.59999999999997
 20
1185.2
 10
446.79999999999995
 20
1185.2
 10
446.79999999999995
 20
1192.2
 10
444.59999999999997
 20
1192.2
 97
0
 75
0
 76
1
 98
0
  0
HATCH
  5
694
330
17
100
AcDbEntity
  8
SARR_2.2x7
100
AcDbHatch
 10
0.0
 20
0.0
 30
0.0
210
0.0
220
0.0
230
1.0
  2
ANSI31
 70
0
 71
0
 91
1
 92
3
 72
0
 73
1
 93
4
 10
444.59999999999997
 20
1185.2
 10
446.79999999999995
 20
1185.2
 10
446.79999999999995
 20
1192.2
 10
444.59999999999997
 20
1192.2
 97
0
 75
1
 76
1
 52
270.0
 41
0.5
 77
0
 78
1
 53
315.0
 43
-0.0
 44
-0.0
 45
1.1225320152
 46
1.1225320151
 79
0
 98
0
  0
LWPOLYLINE
  5
695
330
17
100
AcDbEntity
  8
SARR_2.2x7
100
AcDbPolyline
 90
4
 70
1
 10
461.3999999999999
 20
1185.2
 10
463.5999999999999
 20
1185.2
 10
463.5999999999999
 20
1192.2
 10
461.3999999999999
 20
1192.2
  0
HATCH
  5
696
330
17
100
AcDbEntity
  8
SARR_2.2x7
100
AcDbHatch
 10
0.0
 20
0.0
 30
0.0
210
0.0
220
0.0
230
1.0
  2
SOLID
 70
1
 71
0
 91
1
 92
3
 72
0
 73
1
 93
4
 10
461.3999999999999
 20
1185.2
 10
463.5999999999999
 20
1185.2
 10
463.5999999999999
 20
1192.2
 10
461.3999999999999
 20
1192.2
 97
0
 75
0
 76
1
 98
0
  0
HATCH
  5
697
330
17
100
AcDbEntity
  8
SARR_2.2x7
100
AcDbHatch
 10
0.0
 20
0.0
 30
0.0
210
0.0
220
0.0
230
1.0
  2
ANSI31
 70
0
 71
0
 91
1
 92
3
 72
0
 73
1
 93
4
 10
461.3999999999999
 20
1185.2
 10
463.5999999999999
 20
1185.2
 10
463.5999999999999
 20
1192.2
 10
461.3999999999999
 20
1192.2
 97
0
 75
1
 76
1
 52
270.0
 41
0.5
 77
0
 78
1
 53
315.0
 43
-0.0
 44
-0.0
 45
1.1225320152
 46
1.1225320151
 79
0
 98
0
  0
LWPOLYLINE
  5
698
330
17
100
AcDbEntity
  8
SARR_2.2x7
100
AcDbPolyline
 90
4
 70
1
 10
435.4
 20
1167.0
 10
442.4
 20
1167.0
 10
442.4
 20
1169.2
 10
435.4
 20
1169.2
  0
HATCH
  5
699
330
17
100
AcDbEntity
  8
SARR_2.2x7
100
AcDbHatch
 10
0.0
 20
0.0
 30
0.0
210
0.0
220
0.0
230
1.0
  2
SOLID
 70
1
 71
0
 91
1
 92
3
 72
0
 73
1
 93
4
 10
435.4
 20
1167.0
 10
442.4
 20
1167.0
 10
442.4
 20
1169.2
 10
435.4
 20
1169.2
 97
0
 75
0
 76
1
 98
0
  0
HATCH
  5
69A
330
17
100
AcDbEntity
  8
SARR_2.2x7
100
AcDbHatch
 10
0.0
 20
0.0
 30
0.0
210
0.0
220
0.0
230
1.0
  2
ANSI31
 70
0
 71
0
 91
1
 92
3
 72
0
 73
1
 93
4
 10
435.4
 20
1167.0
 10
442.4
 20
1167.0
 10
442.4
 20
1169.2
 10
435.4
 20
1169.2
 97
0
 75
1
 76
1
 52
270.0
 41
0.5
 77
0
 78
1
 53
315.0
 43
-0.0
 44
-0.0
 45
1.1225320152
 46
1.1225320151
 79
0
 98
0
  0
LWPOLYLINE
  5
69B
330
17
100
AcDbEntity
  8
SARR_2.2x7
100
AcDbPolyline
 90
4
 70
1
 10
435.4
 20
1180.8000000000002
 10
442.4
 20
1180.8000000000002
 10
442.4
 20
1183.0000000000002
 10
435.4
 20
1183.0000000000002
  0
HATCH
  5
69C
330
17
100
AcDbEntity
  8
SARR_2.2x7
100
AcDbHatch
 10
0.0
 20
0.0
 30
0.0
210
0.0
220
0.0
230
1.0
  2
SOLID
 70
1
 71
0
 91
1
 92
3
 72
0
 73
1
 93
4
 10
435.4
 20
1180.8000000000002
 10
442.4
 20
1180.8000000000002
 10
442.4
 20
1183.0000000000002
 10
435.4
 20
1183.0000000000002
 97
0
 75
0
 76
1
 98
0
  0
HATCH
  5
69D
330
17
100
AcDbEntity
  8
SARR_2.2x7
100
AcDbHatch
 10
0.0
 20
0.0
 30
0.0
210
0.0
220
0.0
230
1.0
  2
ANSI31
 70
0
 71
0
 91
1
 92
3
 72
0
 73
1
 93
4
 10
435.4
 20
1180.8000000000002
 10
442.4
 20
1180.8000000000002
 10
442.4
 20
1183.0000000000002
 10
435.4
 20
1183.0000000000002
 97
0
 75
1
 76
1
 52
270.0
 41
0.5
 77
0
 78
1
 53
315.0
 43
-0.0
 44
-0.0
 45
1.1225320152
 46
1.1225320151
 79
0
 98
0
  0
LWPOLYLINE
  5
69E
330
17
100
AcDbEntity
  8
SARR_2.2x7
100
AcDbPolyline
 90
4
 70
1
 10
465.79999999999995
 20
1167.0
 10
472.79999999999995
 20
1167.0
 10
472.79999999999995
 20
1169.2
 10
465.79999999999995
 20
1169.2
  0
HATCH
  5
69F
330
17
100
AcDbEntity
  8
SARR_2.2x7
100
AcDbHatch
 10
0.0
 20
0.0
 30
0.0
210
0.0
220
0.0
230
1.0
  2
SOLID
 70
1
 71
0
 91
1
 92
3
 72
0
 73
1
 93
4
 10
465.79999999999995
 20
1167.0
 10
472.79999999999995
 20
1167.0
 10
472.79999999999995
 20
1169.2
 10
465.79999999999995
 20
1169.2
 97
0
 75
0
 76
1
 98
0
  0
HATCH
  5
6A0
330
17
100
AcDbEntity
  8
SARR_2.2x7
100
AcDbHatch
 10
0.0
 20
0.0
 30
0.0
210
0.0
220
0.0
230
1.0
  2
ANSI31
 70
0
 71
0
 91
1
 92
3
 72
0
 73
1
 93
4
 10
465.79999999999995
 20
1167.0
 10
472.79999999999995
 20
1167.0
 10
472.79999999999995
 20
1169.2
 10
465.79999999999995
 20
1169.2
 97
0
 75
1
 76
1
 52
270.0
 41
0.5
 77
0
 78
1
 53
315.0
 43
-0.0
 44
-0.0
 45
1.1225320152
 46
1.1225320151
 79
0
 98
0
  0
LWPOLYLINE
  5
6A1
330
17
100
AcDbEntity
  8
SARR_2.2x7
100
AcDbPolyline
 90
4
 70
1
 10
465.79999999999995
 20
1180.8000000000002
 10
472.79999999999995
 20
1180.8000000000002
 10
472.79999999999995
 20
1183.0000000000002
 10
465.79999999999995
 20
1183.0000000000002
  0
HATCH
  5
6A2
330
17
100
AcDbEntity
  8
SARR_2.2x7
100
AcDbHatch
 10
0.0
 20
0.0
 30
0.0
210
0.0
220
0.0
230
1.0
  2
SOLID
 70
1
 71
0
 91
1
 92
3
 72
0
 73
1
 93
4
 10
465.79999999999995
 20
1180.8000000000002
 10
472.79999999999995
 20
1180.8000000000002
 10
472.79999999999995
 20
1183.0000000000002
 10
465.79999999999995
 20
1183.0000000000002
 97
0
 75
0
 76
1
 98
0
  0
HATCH
  5
6A3
330
17
100
AcDbEntity
  8
SARR_2.2x7
100
AcDbHatch
 10
0.0
 20
0.0
 30
0.0
210
0.0
220
0.0
230
1.0
  2
ANSI31
 70
0
 71
0
 91
1
 92
3
 72
0
 73
1
 93
4
 10
465.79999999999995
 20
1180.8000000000002
 10
472.79999999999995
 20
1180.8000000000002
 10
472.79999999999995
 20
1183.0000000000002
 10
465.79999999999995
 20
1183.0000000000002
 97
0
 75
1
 76
1
 52
270.0
 41
0.5
 77
0
 78
1
 53
315.0
 43
-0.0
 44
-0.0
 45
1.1225320152
 46
1.1225320151
 79
0
 98
0
  0
LWPOLYLINE
  5
6A4
330
17
100
AcDbEntity
  8
CHAPA
 62
1
100
AcDbPolyline
 90
4
 70
1
 10
440.4
 20
1162.8
 10
442.4
 20
1162.8
 10
442.4
 20
1164.8
 10
440.4
 20
1164.8
  0
HATCH
  5
6A5
330
17
100
AcDbEntity
  8
CHAPA
 62
1
100
AcDbHatch
 10
0.0
 20
0.0
 30
0.0
210
0.0
220
0.0
230
1.0
  2
SOLID
 70
1
 71
0
 91
1
 92
3
 72
0
 73
1
 93
4
 10
440.4
 20
1162.8
 10
442.4
 20
1162.8
 10
442.4
 20
1164.8
 10
440.4
 20
1164.8
 97
0
 75
0
 76
1
 98
0
  0
LWPOLYLINE
  5
6A6
330
17
100
AcDbEntity
  8
CHAPA
 62
1
100
AcDbPolyline
 90
4
 70
1
 10
465.79999999999995
 20
1162.8
 10
467.79999999999995
 20
1162.8
 10
467.79999999999995
 20
1164.8
 10
465.79999999999995
 20
1164.8
  0
HATCH
  5
6A7
330
17
100
AcDbEntity
  8
CHAPA
 62
1
100
AcDbHatch
 10
0.0
 20
0.0
 30
0.0
210
0.0
220
0.0
230
1.0
  2
SOLID
 70
1
 71
0
 91
1
 92
3
 72
0
 73
1
 93
4
 10
465.79999999999995
 20
1162.8
 10
467.79999999999995
 20
1162.8
 10
467.79999999999995
 20
1164.8
 10
465.79999999999995
 20
1164.8
 97
0
 75
0
 76
1
 98
0
  0
LWPOLYLINE
  5
6A8
330
17
100
AcDbEntity
  8
CHAPA
 62
1
100
AcDbPolyline
 90
4
 70
1
 10
465.79999999999995
 20
1185.2
 10
467.79999999999995
 20
1185.2
 10
467.79999999999995
 20
1187.2
 10
465.79999999999995
 20
1187.2
  0
HATCH
  5
6A9
330
17
100
AcDbEntity
  8
CHAPA
 62
1
100
AcDbHatch
 10
0.0
 20
0.0
 30
0.0
210
0.0
220
0.0
230
1.0
  2
SOLID
 70
1
 71
0
 91
1
 92
3
 72
0
 73
1
 93
4
 10
465.79999999999995
 20
1185.2
 10
467.79999999999995
 20
1185.2
 10
467.79999999999995
 20
1187.2
 10
465.79999999999995
 20
1187.2
 97
0
 75
0
 76
1
 98
0
  0
LWPOLYLINE
  5
6AA
330
17
100
AcDbEntity
  8
CHAPA
 62
1
100
AcDbPolyline
 90
4
 70
1
 10
440.4
 20
1185.2
 10
442.4
 20
1185.2
 10
442.4
 20
1187.2
 10
440.4
 20
1187.2
  0
HATCH
  5
6AB
330
17
100
AcDbEntity
  8
CHAPA
 62
1
100
AcDbHatch
 10
0.0
 20
0.0
 30
0.0
210
0.0
220
0.0
230
1.0
  2
SOLID
 70
1
 71
0
 91
1
 92
3
 72
0
 73
1
 93
4
 10
440.4
 20
1185.2
 10
442.4
 20
1185.2
 10
442.4
 20
1187.2
 10
440.4
 20
1187.2
 97
0
 75
0
 76
1
 98
0
  0
TEXT
  5
6AC
330
17
100
AcDbEntity
  8
Texto Secao
 62
2
100
AcDbText
 10
454.09999999999997
 20
1154.8
 30
0.0
 40
4.0
  1
A
 72
1
 11
454.09999999999997
 21
1154.8
 31
0.0
100
AcDbText
 73
3
  0
TEXT
  5
6AD
330
17
100
AcDbEntity
  8
Texto Secao
 62
2
100
AcDbText
 10
454.09999999999997
 20
1195.2
 30
0.0
 40
4.0
  1
C
 72
1
 11
454.09999999999997
 21
1195.2
 31
0.0
100
AcDbText
 73
1
  0
TEXT
  5
6AE
330
17
100
AcDbEntity
  8
Texto Secao
 62
2
100
AcDbText
 10
432.4
 20
1175.0
 30
0.0
 40
4.0
  1
D
 72
2
 11
432.4
 21
1175.0
 31
0.0
100
AcDbText
 73
2
  0
TEXT
  5
6AF
330
17
100
AcDbEntity
  8
Texto Secao
 62
2
100
AcDbText
 10
475.79999999999995
 20
1175.0
 30
0.0
 40
4.0
  1
B
 11
475.79999999999995
 21
1175.0
 31
0.0
100
AcDbText
 73
2
  0
TEXT
  5
6B0
330
17
100
AcDbEntity
  8
Cota Secao (2x)
 62
4
100
AcDbText
 10
454.09999999999997
 20
1145.8
 30
0.0
 40
3.4
  1
19x16cm
 72
1
 11
454.09999999999997
 21
1145.8
 31
0.0
100
AcDbText
 73
3
  0
TEXT
  5
6B1
330
17
100
AcDbEntity
  8
Texto Secao
 62
2
100
AcDbText
 10
454.09999999999997
 20
1204.2
 30
0.0
 40
4.0
  1
VISAO DE CIMA
 72
1
 11
454.09999999999997
 21
1204.2
 31
0.0
100
AcDbText
 73
1
  0
LWPOLYLINE
  5
6B2
330
17
100
AcDbEntity
  8
Paineis
100
AcDbPolyline
 90
4
 70
1
 10
504.79999999999995
 20
905.0
 10
523.8
 20
905.0
 10
523.8
 20
1151.0
 10
504.79999999999995
 20
1151.0
  0
HATCH
  5
6B3
330
17
100
AcDbEntity
  8
Hachura
100
AcDbHatch
 10
0.0
 20
0.0
 30
0.0
210
0.0
220
0.0
230
1.0
  2
SOLID
 70
1
 71
0
 91
1
 92
3
 72
0
 73
1
 93
4
 10
504.79999999999995
 20
905.0
 10
523.8
 20
905.0
 10
523.8
 20
1151.0
 10
504.79999999999995
 20
1151.0
 97
0
 75
0
 76
1
 98
0
  0
HATCH
  5
6B4
330
17
100
AcDbEntity
  8
Hachura
100
AcDbHatch
 10
0.0
 20
0.0
 30
0.0
210
0.0
220
0.0
230
1.0
  2
ANSI31
 70
0
 71
0
 91
1
 92
3
 72
0
 73
1
 93
4
 10
504.79999999999995
 20
905.0
 10
523.8
 20
905.0
 10
523.8
 20
1151.0
 10
504.79999999999995
 20
1151.0
 97
0
 75
1
 76
1
 52
0.0
 41
5.0
 77
0
 78
1
 53
45.0
 43
0.0
 44
0.0
 45
-11.2253201515
 46
11.2253201515
 79
0
 98
0
  0
LWPOLYLINE
  5
6B5
330
17
100
AcDbEntity
  8
Paineis
100
AcDbPolyline
 90
4
 70
1
 10
504.79999999999995
 20
1151.0
 10
523.8
 20
1151.0
 10
523.8
 20
1185.0
 10
504.79999999999995
 20
1185.0
  0
HATCH
  5
6B6
330
17
100
AcDbEntity
  8
Hachura
100
AcDbHatch
 10
0.0
 20
0.0
 30
0.0
210
0.0
220
0.0
230
1.0
  2
SOLID
 70
1
 71
0
 91
1
 92
3
 72
0
 73
1
 93
4
 10
504.79999999999995
 20
1151.0
 10
523.8
 20
1151.0
 10
523.8
 20
1185.0
 10
504.79999999999995
 20
1185.0
 97
0
 75
0
 76
1
 98
0
  0
HATCH
  5
6B7
330
17
100
AcDbEntity
  8
Hachura
100
AcDbHatch
 10
0.0
 20
0.0
 30
0.0
210
0.0
220
0.0
230
1.0
  2
ANSI31
 70
0
 71
0
 91
1
 92
3
 72
0
 73
1
 93
4
 10
504.79999999999995
 20
1151.0
 10
523.8
 20
1151.0
 10
523.8
 20
1185.0
 10
504.79999999999995
 20
1185.0
 97
0
 75
1
 76
1
 52
0.0
 41
2.5
 77
0
 78
1
 53
45.0
 43
0.0
 44
0.0
 45
-5.6126600758
 46
5.6126600758
 79
0
 98
0
  0
LINE
  5
6B8
330
17
100
AcDbEntity
  8
Paineis
100
AcDbLine
 10
504.79999999999995
 20
1149.0
 30
0.0
 11
523.8
 21
1149.0
 31
0.0
  0
LINE
  5
6B9
330
17
100
AcDbEntity
  8
Paineis
100
AcDbLine
 10
504.79999999999995
 20
907.0
 30
0.0
 11
523.8
 21
907.0
 31
0.0
  0
LINE
  5
6BA
330
17
100
AcDbEntity
  8
SARR_2.2x7
  6
HIDDEN
 48
30.0
100
AcDbLine
 10
505.9
 20
905.0
 30
0.0
 11
505.9
 21
1185.0
 31
0.0
  0
LINE
  5
6BB
330
17
100
AcDbEntity
  8
SARR_2.2x7
  6
HIDDEN
 48
30.0
100
AcDbLine
 10
522.6999999999999
 20
905.0
 30
0.0
 11
522.6999999999999
 21
1185.0
 31
0.0
  0
TEXT
  5
6BC
330
17
100
AcDbEntity
  8
Texto Secao
 62
2
100
AcDbText
 10
514.3
 20
897.0
 30
0.0
 40
4.5
  1
P24.A
 50
90.0
100
AcDbText
  0
LWPOLYLINE
  5
6BD
330
17
100
AcDbEntity
  8
Paineis
100
AcDbPolyline
 90
4
 70
1
 10
531.8
 20
905.0
 10
547.8
 20
905.0
 10
547.8
 20
1151.0
 10
531.8
 20
1151.0
  0
HATCH
  5
6BE
330
17
100
AcDbEntity
  8
Hachura
100
AcDbHatch
 10
0.0
 20
0.0
 30
0.0
210
0.0
220
0.0
230
1.0
  2
SOLID
 70
1
 71
0
 91
1
 92
3
 72
0
 73
1
 93
4
 10
531.8
 20
905.0
 10
547.8
 20
905.0
 10
547.8
 20
1151.0
 10
531.8
 20
1151.0
 97
0
 75
0
 76
1
 98
0
  0
HATCH
  5
6BF
330
17
100
AcDbEntity
  8
Hachura
100
AcDbHatch
 10
0.0
 20
0.0
 30
0.0
210
0.0
220
0.0
230
1.0
  2
ANSI31
 70
0
 71
0
 91
1
 92
3
 72
0
 73
1
 93
4
 10
531.8
 20
905.0
 10
547.8
 20
905.0
 10
547.8
 20
1151.0
 10
531.8
 20
1151.0
 97
0
 75
1
 76
1
 52
0.0
 41
5.0
 77
0
 78
1
 53
45.0
 43
0.0
 44
0.0
 45
-11.2253201515
 46
11.2253201515
 79
0
 98
0
  0
LWPOLYLINE
  5
6C0
330
17
100
AcDbEntity
  8
Paineis
100
AcDbPolyline
 90
4
 70
1
 10
531.8
 20
1151.0
 10
547.8
 20
1151.0
 10
547.8
 20
1185.0
 10
531.8
 20
1185.0
  0
HATCH
  5
6C1
330
17
100
AcDbEntity
  8
Hachura
100
AcDbHatch
 10
0.0
 20
0.0
 30
0.0
210
0.0
220
0.0
230
1.0
  2
SOLID
 70
1
 71
0
 91
1
 92
3
 72
0
 73
1
 93
4
 10
531.8
 20
1151.0
 10
547.8
 20
1151.0
 10
547.8
 20
1185.0
 10
531.8
 20
1185.0
 97
0
 75
0
 76
1
 98
0
  0
HATCH
  5
6C2
330
17
100
AcDbEntity
  8
Hachura
100
AcDbHatch
 10
0.0
 20
0.0
 30
0.0
210
0.0
220
0.0
230
1.0
  2
ANSI31
 70
0
 71
0
 91
1
 92
3
 72
0
 73
1
 93
4
 10
531.8
 20
1151.0
 10
547.8
 20
1151.0
 10
547.8
 20
1185.0
 10
531.8
 20
1185.0
 97
0
 75
1
 76
1
 52
0.0
 41
2.5
 77
0
 78
1
 53
45.0
 43
0.0
 44
0.0
 45
-5.6126600758
 46
5.6126600758
 79
0
 98
0
  0
LINE
  5
6C3
330
17
100
AcDbEntity
  8
Paineis
100
AcDbLine
 10
531.8
 20
1149.0
 30
0.0
 11
547.8
 21
1149.0
 31
0.0
  0
LINE
  5
6C4
330
17
100
AcDbEntity
  8
Paineis
100
AcDbLine
 10
531.8
 20
907.0
 30
0.0
 11
547.8
 21
907.0
 31
0.0
  0
LINE
  5
6C5
330
17
100
AcDbEntity
  8
SARR_2.2x7
  6
HIDDEN
 48
30.0
100
AcDbLine
 10
532.9
 20
905.0
 30
0.0
 11
532.9
 21
1185.0
 31
0.0
  0
LINE
  5
6C6
330
17
100
AcDbEntity
  8
SARR_2.2x7
  6
HIDDEN
 48
30.0
100
AcDbLine
 10
546.6999999999999
 20
905.0
 30
0.0
 11
546.6999999999999
 21
1185.0
 31
0.0
  0
TEXT
  5
6C7
330
17
100
AcDbEntity
  8
Texto Secao
 62
2
100
AcDbText
 10
539.8
 20
897.0
 30
0.0
 40
4.5
  1
P24.B
 50
90.0
100
AcDbText
  0
LWPOLYLINE
  5
6C8
330
17
100
AcDbEntity
  8
Paineis
100
AcDbPolyline
 90
4
 70
1
 10
555.8
 20
905.0
 10
574.8
 20
905.0
 10
574.8
 20
1151.0
 10
555.8
 20
1151.0
  0
HATCH
  5
6C9
330
17
100
AcDbEntity
  8
Hachura
100
AcDbHatch
 10
0.0
 20
0.0
 30
0.0
210
0.0
220
0.0
230
1.0
  2
SOLID
 70
1
 71
0
 91
1
 92
3
 72
0
 73
1
 93
4
 10
555.8
 20
905.0
 10
574.8
 20
905.0
 10
574.8
 20
1151.0
 10
555.8
 20
1151.0
 97
0
 75
0
 76
1
 98
0
  0
HATCH
  5
6CA
330
17
100
AcDbEntity
  8
Hachura
100
AcDbHatch
 10
0.0
 20
0.0
 30
0.0
210
0.0
220
0.0
230
1.0
  2
ANSI31
 70
0
 71
0
 91
1
 92
3
 72
0
 73
1
 93
4
 10
555.8
 20
905.0
 10
574.8
 20
905.0
 10
574.8
 20
1151.0
 10
555.8
 20
1151.0
 97
0
 75
1
 76
1
 52
0.0
 41
5.0
 77
0
 78
1
 53
45.0
 43
0.0
 44
0.0
 45
-11.2253201515
 46
11.2253201515
 79
0
 98
0
  0
LWPOLYLINE
  5
6CB
330
17
100
AcDbEntity
  8
Paineis
100
AcDbPolyline
 90
4
 70
1
 10
555.8
 20
1151.0
 10
574.8
 20
1151.0
 10
574.8
 20
1185.0
 10
555.8
 20
1185.0
  0
HATCH
  5
6CC
330
17
100
AcDbEntity
  8
Hachura
100
AcDbHatch
 10
0.0
 20
0.0
 30
0.0
210
0.0
220
0.0
230
1.0
  2
SOLID
 70
1
 71
0
 91
1
 92
3
 72
0
 73
1
 93
4
 10
555.8
 20
1151.0
 10
574.8
 20
1151.0
 10
574.8
 20
1185.0
 10
555.8
 20
1185.0
 97
0
 75
0
 76
1
 98
0
  0
HATCH
  5
6CD
330
17
100
AcDbEntity
  8
Hachura
100
AcDbHatch
 10
0.0
 20
0.0
 30
0.0
210
0.0
220
0.0
230
1.0
  2
ANSI31
 70
0
 71
0
 91
1
 92
3
 72
0
 73
1
 93
4
 10
555.8
 20
1151.0
 10
574.8
 20
1151.0
 10
574.8
 20
1185.0
 10
555.8
 20
1185.0
 97
0
 75
1
 76
1
 52
0.0
 41
2.5
 77
0
 78
1
 53
45.0
 43
0.0
 44
0.0
 45
-5.6126600758
 46
5.6126600758
 79
0
 98
0
  0
LINE
  5
6CE
330
17
100
AcDbEntity
  8
Paineis
100
AcDbLine
 10
555.8
 20
1149.0
 30
0.0
 11
574.8
 21
1149.0
 31
0.0
  0
LINE
  5
6CF
330
17
100
AcDbEntity
  8
Paineis
100
AcDbLine
 10
555.8
 20
907.0
 30
0.0
 11
574.8
 21
907.0
 31
0.0
  0
LINE
  5
6D0
330
17
100
AcDbEntity
  8
SARR_2.2x7
  6
HIDDEN
 48
30.0
100
AcDbLine
 10
556.9
 20
905.0
 30
0.0
 11
556.9
 21
1185.0
 31
0.0
  0
LINE
  5
6D1
330
17
100
AcDbEntity
  8
SARR_2.2x7
  6
HIDDEN
 48
30.0
100
AcDbLine
 10
573.6999999999999
 20
905.0
 30
0.0
 11
573.6999999999999
 21
1185.0
 31
0.0
  0
TEXT
  5
6D2
330
17
100
AcDbEntity
  8
Texto Secao
 62
2
100
AcDbText
 10
565.3
 20
897.0
 30
0.0
 40
4.5
  1
P24.C
 50
90.0
100
AcDbText
  0
LWPOLYLINE
  5
6D3
330
17
100
AcDbEntity
  8
Paineis
100
AcDbPolyline
 90
4
 70
1
 10
582.8
 20
905.0
 10
598.8
 20
905.0
 10
598.8
 20
1151.0
 10
582.8
 20
1151.0
  0
HATCH
  5
6D4
330
17
100
AcDbEntity
  8
Hachura
100
AcDbHatch
 10
0.0
 20
0.0
 30
0.0
210
0.0
220
0.0
230
1.0
  2
SOLID
 70
1
 71
0
 91
1
 92
3
 72
0
 73
1
 93
4
 10
582.8
 20
905.0
 10
598.8
 20
905.0
 10
598.8
 20
1151.0
 10
582.8
 20
1151.0
 97
0
 75
0
 76
1
 98
0
  0
HATCH
  5
6D5
330
17
100
AcDbEntity
  8
Hachura
100
AcDbHatch
 10
0.0
 20
0.0
 30
0.0
210
0.0
220
0.0
230
1.0
  2
ANSI31
 70
0
 71
0
 91
1
 92
3
 72
0
 73
1
 93
4
 10
582.8
 20
905.0
 10
598.8
 20
905.0
 10
598.8
 20
1151.0
 10
582.8
 20
1151.0
 97
0
 75
1
 76
1
 52
0.0
 41
5.0
 77
0
 78
1
 53
45.0
 43
0.0
 44
0.0
 45
-11.2253201515
 46
11.2253201515
 79
0
 98
0
  0
LWPOLYLINE
  5
6D6
330
17
100
AcDbEntity
  8
Paineis
100
AcDbPolyline
 90
4
 70
1
 10
582.8
 20
1151.0
 10
598.8
 20
1151.0
 10
598.8
 20
1185.0
 10
582.8
 20
1185.0
  0
HATCH
  5
6D7
330
17
100
AcDbEntity
  8
Hachura
100
AcDbHatch
 10
0.0
 20
0.0
 30
0.0
210
0.0
220
0.0
230
1.0
  2
SOLID
 70
1
 71
0
 91
1
 92
3
 72
0
 73
1
 93
4
 10
582.8
 20
1151.0
 10
598.8
 20
1151.0
 10
598.8
 20
1185.0
 10
582.8
 20
1185.0
 97
0
 75
0
 76
1
 98
0
  0
HATCH
  5
6D8
330
17
100
AcDbEntity
  8
Hachura
100
AcDbHatch
 10
0.0
 20
0.0
 30
0.0
210
0.0
220
0.0
230
1.0
  2
ANSI31
 70
0
 71
0
 91
1
 92
3
 72
0
 73
1
 93
4
 10
582.8
 20
1151.0
 10
598.8
 20
1151.0
 10
598.8
 20
1185.0
 10
582.8
 20
1185.0
 97
0
 75
1
 76
1
 52
0.0
 41
2.5
 77
0
 78
1
 53
45.0
 43
0.0
 44
0.0
 45
-5.6126600758
 46
5.6126600758
 79
0
 98
0
  0
LINE
  5
6D9
330
17
100
AcDbEntity
  8
Paineis
100
AcDbLine
 10
582.8
 20
1149.0
 30
0.0
 11
598.8
 21
1149.0
 31
0.0
  0
LINE
  5
6DA
330
17
100
AcDbEntity
  8
Paineis
100
AcDbLine
 10
582.8
 20
907.0
 30
0.0
 11
598.8
 21
907.0
 31
0.0
  0
LINE
  5
6DB
330
17
100
AcDbEntity
  8
SARR_2.2x7
  6
HIDDEN
 48
30.0
100
AcDbLine
 10
583.9
 20
905.0
 30
0.0
 11
583.9
 21
1185.0
 31
0.0
  0
LINE
  5
6DC
330
17
100
AcDbEntity
  8
SARR_2.2x7
  6
HIDDEN
 48
30.0
100
AcDbLine
 10
597.6999999999999
 20
905.0
 30
0.0
 11
597.6999999999999
 21
1185.0
 31
0.0
  0
TEXT
  5
6DD
330
17
100
AcDbEntity
  8
Texto Secao
 62
2
100
AcDbText
 10
590.8
 20
897.0
 30
0.0
 40
4.5
  1
P24.D
 50
90.0
100
AcDbText
  0
LINE
  5
6DE
330
17
100
AcDbEntity
  8
COTA
 62
8
100
AcDbLine
 10
606.8
 20
905.0
 30
0.0
 11
606.8
 21
1185.0
 31
0.0
  0
LINE
  5
6DF
330
17
100
AcDbEntity
  8
COTA
 62
8
100
AcDbLine
 10
604.8
 20
905.0
 30
0.0
 11
608.8
 21
905.0
 31
0.0
  0
LINE
  5
6E0
330
17
100
AcDbEntity
  8
COTA
 62
8
100
AcDbLine
 10
604.8
 20
907.0
 30
0.0
 11
608.8
 21
907.0
 31
0.0
  0
TEXT
  5
6E1
330
17
100
AcDbEntity
  8
COTA
 62
8
100
AcDbText
 10
611.8
 20
906.0
 30
0.0
 40
3.0
  1
h1=2
100
AcDbText
  0
LINE
  5
6E2
330
17
100
AcDbEntity
  8
COTA
 62
8
100
AcDbLine
 10
604.8
 20
907.0
 30
0.0
 11
608.8
 21
907.0
 31
0.0
  0
LINE
  5
6E3
330
17
100
AcDbEntity
  8
COTA
 62
8
100
AcDbLine
 10
604.8
 20
1151.0
 30
0.0
 11
608.8
 21
1151.0
 31
0.0
  0
TEXT
  5
6E4
330
17
100
AcDbEntity
  8
COTA
 62
8
100
AcDbText
 10
611.8
 20
1029.0
 30
0.0
 40
3.0
  1
h2=244
100
AcDbText
  0
LINE
  5
6E5
330
17
100
AcDbEntity
  8
COTA
 62
8
100
AcDbLine
 10
604.8
 20
1151.0
 30
0.0
 11
608.8
 21
1151.0
 31
0.0
  0
LINE
  5
6E6
330
17
100
AcDbEntity
  8
COTA
 62
8
100
AcDbLine
 10
604.8
 20
1185.0
 30
0.0
 11
608.8
 21
1185.0
 31
0.0
  0
TEXT
  5
6E7
330
17
100
AcDbEntity
  8
COTA
 62
8
100
AcDbText
 10
611.8
 20
1168.0
 30
0.0
 40
3.0
  1
h3=34
100
AcDbText
  0
TEXT
  5
6E8
330
17
100
AcDbEntity
  8
COTA
 62
8
100
AcDbText
 10
611.8
 20
1188.0
 30
0.0
 40
3.5
  1
TOTAL=280
100
AcDbText
  0
LINE
  5
6E9
330
17
100
AcDbEntity
  8
Nivel
 62
4
100
AcDbLine
 10
415.4
 20
905.0
 30
0.0
 11
611.8
 21
905.0
 31
0.0
  0
LINE
  5
6EA
330
17
100
AcDbEntity
  8
Nivel
 62
4
100
AcDbLine
 10
414.4
 20
910.0
 30
0.0
 11
417.4
 21
905.0
 31
0.0
  0
LINE
  5
6EB
330
17
100
AcDbEntity
  8
Nivel
 62
4
100
AcDbLine
 10
420.4
 20
910.0
 30
0.0
 11
417.4
 21
905.0
 31
0.0
  0
TEXT
  5
6EC
330
17
100
AcDbEntity
  8
Nivel
 62
4
100
AcDbText
 10
422.4
 20
906.0
 30
0.0
 40
4.0
  1
1o PAV.
100
AcDbText
  0
LINE
  5
6ED
330
17
100
AcDbEntity
  8
Nivel
 62
4
100
AcDbLine
 10
415.4
 20
1151.0
 30
0.0
 11
611.8
 21
1151.0
 31
0.0
  0
LINE
  5
6EE
330
17
100
AcDbEntity
  8
Nivel
 62
4
100
AcDbLine
 10
414.4
 20
1156.0
 30
0.0
 11
417.4
 21
1151.0
 31
0.0
  0
LINE
  5
6EF
330
17
100
AcDbEntity
  8
Nivel
 62
4
100
AcDbLine
 10
420.4
 20
1156.0
 30
0.0
 11
417.4
 21
1151.0
 31
0.0
  0
TEXT
  5
6F0
330
17
100
AcDbEntity
  8
Nivel
 62
4
100
AcDbText
 10
422.4
 20
1152.0
 30
0.0
 40
4.0
  1
2o PAV.
100
AcDbText
  0
LWPOLYLINE
  5
6F1
330
17
100
AcDbEntity
  8
CARIMBO
 62
40
100
AcDbPolyline
 90
4
 70
1
 10
413.4
 20
850.0
 10
635.8
 20
850.0
 10
635.8
 20
890.0
 10
413.4
 20
890.0
  0
LINE
  5
6F2
330
17
100
AcDbEntity
  8
CARIMBO
 62
40
100
AcDbLine
 10
413.4
 20
860.0
 30
0.0
 11
635.8
 21
860.0
 31
0.0
  0
LINE
  5
6F3
330
17
100
AcDbEntity
  8
CARIMBO
 62
40
100
AcDbLine
 10
413.4
 20
870.0
 30
0.0
 11
635.8
 21
870.0
 31
0.0
  0
LINE
  5
6F4
330
17
100
AcDbEntity
  8
CARIMBO
 62
40
100
AcDbLine
 10
413.4
 20
880.0
 30
0.0
 11
635.8
 21
880.0
 31
0.0
  0
LINE
  5
6F5
330
17
100
AcDbEntity
  8
CARIMBO
 62
40
100
AcDbLine
 10
491.24
 20
850.0
 30
0.0
 11
491.24
 21
890.0
 31
0.0
  0
TEXT
  5
6F6
330
17
100
AcDbEntity
  8
CARIMBO
 62
9
100
AcDbText
 10
416.4
 20
885.0
 30
0.0
 40
3.0
  1
CLIENTE:
100
AcDbText
  0
TEXT
  5
6F7
330
17
100
AcDbEntity
  8
TEXTO_GERAL
 62
2
100
AcDbText
 10
494.24
 20
885.0
 30
0.0
 40
3.0
  1
ALIMONTI
100
AcDbText
  0
TEXT
  5
6F8
330
17
100
AcDbEntity
  8
CARIMBO
 62
9
100
AcDbText
 10
416.4
 20
875.0
 30
0.0
 40
3.0
  1
OBRA:
100
AcDbText
  0
TEXT
  5
6F9
330
17
100
AcDbEntity
  8
TEXTO_GERAL
 62
2
100
AcDbText
 10
494.24
 20
875.0
 30
0.0
 40
3.0
  1
Obra_TREINO_1
100
AcDbText
  0
TEXT
  5
6FA
330
17
100
AcDbEntity
  8
CARIMBO
 62
9
100
AcDbText
 10
416.4
 20
865.0
 30
0.0
 40
3.0
  1
PAVIMENTO:
100
AcDbText
  0
TEXT
  5
6FB
330
17
100
AcDbEntity
  8
TEXTO_GERAL
 62
2
100
AcDbText
 10
494.24
 20
865.0
 30
0.0
 40
3.0
  1
TERREO
100
AcDbText
  0
TEXT
  5
6FC
330
17
100
AcDbEntity
  8
CARIMBO
 62
9
100
AcDbText
 10
416.4
 20
855.0
 30
0.0
 40
3.0
  1
PROJETO:
100
AcDbText
  0
TEXT
  5
6FD
330
17
100
AcDbEntity
  8
TEXTO_GERAL
 62
2
100
AcDbText
 10
494.24
 20
855.0
 30
0.0
 40
3.0
  1
PILARES
100
AcDbText
  0
TEXT
  5
6FE
330
17
100
AcDbEntity
  8
LABEL_ID
 62
3
100
AcDbText
 10
620.8
 20
855.0
 30
0.0
 40
8.0
  1
12
100
AcDbText
  0
LWPOLYLINE
  5
6FF
330
17
100
AcDbEntity
  8
BORDA_CELULA
 62
9
100
AcDbPolyline
 90
4
 70
1
 10
796.8
 20
850.0
 10
1190.1999999999998
 20
850.0
 10
1190.1999999999998
 20
1255.0
 10
796.8
 20
1255.0
  0
TEXT
  5
700
330
17
100
AcDbEntity
  8
TEXTO_GERAL
 62
2
100
AcDbText
 10
1180.1999999999998
 20
1250.0
 30
0.0
 40
3.0
  1
TÉRREO - PD: 280.00
 72
2
 11
1180.1999999999998
 21
1250.0
 31
0.0
100
AcDbText
  0
TEXT
  5
701
330
17
100
AcDbEntity
  8
TEXTO_GERAL
 62
2
100
AcDbText
 10
1180.1999999999998
 20
1245.0
 30
0.0
 40
3.0
  1
NIVEL DE SAIDA: 280.00
 72
2
 11
1180.1999999999998
 21
1245.0
 31
0.0
100
AcDbText
  0
TEXT
  5
702
330
17
100
AcDbEntity
  8
TEXTO_GERAL
 62
2
100
AcDbText
 10
1180.1999999999998
 20
1240.0
 30
0.0
 40
3.0
  1
NIVEL DE CHEGADA: 0.00
 72
2
 11
1180.1999999999998
 21
1240.0
 31
0.0
100
AcDbText
  0
TEXT
  5
703
330
17
100
AcDbEntity
  8
NOMENCLATURA
 62
1
100
AcDbText
 10
816.8
 20
1243.0
 30
0.0
 40
10.0
  1
P26
100
AcDbText
  0
LWPOLYLINE
  5
704
330
17
100
AcDbEntity
  8
CONCRETO
 62
4
100
AcDbPolyline
 90
4
 70
1
 10
828.0
 20
1122.0
 10
884.0
 20
1122.0
 10
884.0
 20
1168.0
 10
828.0
 20
1168.0
  0
HATCH
  5
705
330
17
100
AcDbEntity
  8
COTA
100
AcDbHatch
 10
0.0
 20
0.0
 30
0.0
210
0.0
220
0.0
230
1.0
  2
AR-CONC
 70
0
 71
0
 91
1
 92
3
 72
0
 73
1
 93
4
 10
828.0
 20
1122.0
 10
884.0
 20
1122.0
 10
884.0
 20
1168.0
 10
828.0
 20
1168.0
 97
0
 75
1
 76
1
 52
0.0
 41
0.03
 77
0
 78
13
 53
50.0
 43
0.0
 44
0.0
 45
5.4655400699
 46
-0.4781725662
 79
2
 49
0.5715
 49
-6.2865
 53
355.0
 43
0.0
 44
0.0
 45
-1.0573026428
 46
5.7317053572
 79
2
 49
0.4572
 49
-5.0292175251
 53
100.4514447
 43
0.45546021
 44
-0.039847605
 45
4.4082374127
 46
5.2535325574
 79
2
 49
0.485700264
 49
-5.342707338
 53
46.1842
 43
0.0
 44
1.524
 45
8.1323712268
 46
-1.261269838
 79
2
 49
0.85725
 49
-9.42975
 53
96.63555761
 43
0.677697
 44
1.418895
 45
7.1221240215
 46
7.4227837379
 79
2
 49
0.7285506942
 49
-8.0140682448
 53
351.18415117
 43
0.0
 44
1.524
 45
7.1221240219
 46
7.4227837376
 79
2
 49
0.6857990121
 49
-7.5437919576
 53
21.0
 43
0.762
 44
1.143
 45
4.5484317381
 46
-3.0679559456
 79
2
 49
0.5715
 49
-6.2865
 53
326.0
 43
0.762
 44
1.143
 45
1.8540608504
 46
5.5256389837
 79
2
 49
0.4572
 49
-5.0292
 53
71.451445
 43
1.141035978
 44
0.887337003
 45
6.4024925784
 46
2.4576830666
 79
2
 49
0.485700264
 49
-5.342698128
 53
37.5
 43
0.0
 44
0.0
 45
0.0926580975
 46
2.5366511662
 79
6
 49
0.0
 49
-4.96824
 49
0.0
 49
-5.1054
 49
0.0
 49
-5.04825
 53
7.5
 43
0.0
 44
0.0
 45
2.0045898753
 46
3.0054172445
 79
6
 49
0.0
 49
-2.91084
 49
0.0
 49
-4.85394
 49
0.0
 49
-1.92405
 53
-32.5
 43
-1.69926
 44
0.0
 45
4.067717855
 46
-0.1718623198
 79
6
 49
0.0
 49
-1.905
 49
0.0
 49
-5.9436
 49
0.0
 49
-7.8867
 53
-42.5
 43
-2.46126
 44
0.0
 45
4.4438754416
 46
0.762794731
 79
6
 49
0.0
 49
-2.4765
 49
0.0
 49
-3.94716
 49
0.0
 49
-5.6007
 98
0
  0
LWPOLYLINE
  5
706
330
17
100
AcDbEntity
  8
Paineis
100
AcDbPolyline
 90
4
 70
1
 10
828.0
 20
1119.8
 10
884.0
 20
1119.8
 10
884.0
 20
1122.0
 10
828.0
 20
1122.0
  0
HATCH
  5
707
330
17
100
AcDbEntity
  8
Paineis
100
AcDbHatch
 10
0.0
 20
0.0
 30
0.0
210
0.0
220
0.0
230
1.0
  2
SOLID
 70
1
 71
0
 91
1
 92
3
 72
0
 73
1
 93
4
 10
828.0
 20
1119.8
 10
884.0
 20
1119.8
 10
884.0
 20
1122.0
 10
828.0
 20
1122.0
 97
0
 75
0
 76
1
 98
0
  0
HATCH
  5
708
330
17
100
AcDbEntity
  8
Paineis
100
AcDbHatch
 10
0.0
 20
0.0
 30
0.0
210
0.0
220
0.0
230
1.0
  2
ANSI31
 70
0
 71
0
 91
1
 92
3
 72
0
 73
1
 93
4
 10
828.0
 20
1119.8
 10
884.0
 20
1119.8
 10
884.0
 20
1122.0
 10
828.0
 20
1122.0
 97
0
 75
1
 76
1
 52
270.0
 41
0.5
 77
0
 78
1
 53
315.0
 43
-0.0
 44
-0.0
 45
1.1225320152
 46
1.1225320151
 79
0
 98
0
  0
LWPOLYLINE
  5
709
330
17
100
AcDbEntity
  8
Paineis
100
AcDbPolyline
 90
4
 70
1
 10
828.0
 20
1168.0
 10
884.0
 20
1168.0
 10
884.0
 20
1170.2
 10
828.0
 20
1170.2
  0
HATCH
  5
70A
330
17
100
AcDbEntity
  8
Paineis
100
AcDbHatch
 10
0.0
 20
0.0
 30
0.0
210
0.0
220
0.0
230
1.0
  2
SOLID
 70
1
 71
0
 91
1
 92
3
 72
0
 73
1
 93
4
 10
828.0
 20
1168.0
 10
884.0
 20
1168.0
 10
884.0
 20
1170.2
 10
828.0
 20
1170.2
 97
0
 75
0
 76
1
 98
0
  0
HATCH
  5
70B
330
17
100
AcDbEntity
  8
Paineis
100
AcDbHatch
 10
0.0
 20
0.0
 30
0.0
210
0.0
220
0.0
230
1.0
  2
ANSI31
 70
0
 71
0
 91
1
 92
3
 72
0
 73
1
 93
4
 10
828.0
 20
1168.0
 10
884.0
 20
1168.0
 10
884.0
 20
1170.2
 10
828.0
 20
1170.2
 97
0
 75
1
 76
1
 52
270.0
 41
0.5
 77
0
 78
1
 53
315.0
 43
-0.0
 44
-0.0
 45
1.1225320152
 46
1.1225320151
 79
0
 98
0
  0
LWPOLYLINE
  5
70C
330
17
100
AcDbEntity
  8
Paineis
100
AcDbPolyline
 90
4
 70
1
 10
825.8
 20
1122.0
 10
828.0
 20
1122.0
 10
828.0
 20
1168.0
 10
825.8
 20
1168.0
  0
HATCH
  5
70D
330
17
100
AcDbEntity
  8
Paineis
100
AcDbHatch
 10
0.0
 20
0.0
 30
0.0
210
0.0
220
0.0
230
1.0
  2
SOLID
 70
1
 71
0
 91
1
 92
3
 72
0
 73
1
 93
4
 10
825.8
 20
1122.0
 10
828.0
 20
1122.0
 10
828.0
 20
1168.0
 10
825.8
 20
1168.0
 97
0
 75
0
 76
1
 98
0
  0
HATCH
  5
70E
330
17
100
AcDbEntity
  8
Paineis
100
AcDbHatch
 10
0.0
 20
0.0
 30
0.0
210
0.0
220
0.0
230
1.0
  2
ANSI31
 70
0
 71
0
 91
1
 92
3
 72
0
 73
1
 93
4
 10
825.8
 20
1122.0
 10
828.0
 20
1122.0
 10
828.0
 20
1168.0
 10
825.8
 20
1168.0
 97
0
 75
1
 76
1
 52
270.0
 41
0.5
 77
0
 78
1
 53
315.0
 43
-0.0
 44
-0.0
 45
1.1225320152
 46
1.1225320151
 79
0
 98
0
  0
LWPOLYLINE
  5
70F
330
17
100
AcDbEntity
  8
Paineis
100
AcDbPolyline
 90
4
 70
1
 10
884.0
 20
1122.0
 10
886.2
 20
1122.0
 10
886.2
 20
1168.0
 10
884.0
 20
1168.0
  0
HATCH
  5
710
330
17
100
AcDbEntity
  8
Paineis
100
AcDbHatch
 10
0.0
 20
0.0
 30
0.0
210
0.0
220
0.0
230
1.0
  2
SOLID
 70
1
 71
0
 91
1
 92
3
 72
0
 73
1
 93
4
 10
884.0
 20
1122.0
 10
886.2
 20
1122.0
 10
886.2
 20
1168.0
 10
884.0
 20
1168.0
 97
0
 75
0
 76
1
 98
0
  0
HATCH
  5
711
330
17
100
AcDbEntity
  8
Paineis
100
AcDbHatch
 10
0.0
 20
0.0
 30
0.0
210
0.0
220
0.0
230
1.0
  2
ANSI31
 70
0
 71
0
 91
1
 92
3
 72
0
 73
1
 93
4
 10
884.0
 20
1122.0
 10
886.2
 20
1122.0
 10
886.2
 20
1168.0
 10
884.0
 20
1168.0
 97
0
 75
1
 76
1
 52
270.0
 41
0.5
 77
0
 78
1
 53
315.0
 43
-0.0
 44
-0.0
 45
1.1225320152
 46
1.1225320151
 79
0
 98
0
  0
LWPOLYLINE
  5
712
330
17
100
AcDbEntity
  8
SARR_2.2x7
100
AcDbPolyline
 90
4
 70
1
 10
828.0
 20
1112.8
 10
830.2
 20
1112.8
 10
830.2
 20
1119.8
 10
828.0
 20
1119.8
  0
HATCH
  5
713
330
17
100
AcDbEntity
  8
SARR_2.2x7
100
AcDbHatch
 10
0.0
 20
0.0
 30
0.0
210
0.0
220
0.0
230
1.0
  2
SOLID
 70
1
 71
0
 91
1
 92
3
 72
0
 73
1
 93
4
 10
828.0
 20
1112.8
 10
830.2
 20
1112.8
 10
830.2
 20
1119.8
 10
828.0
 20
1119.8
 97
0
 75
0
 76
1
 98
0
  0
HATCH
  5
714
330
17
100
AcDbEntity
  8
SARR_2.2x7
100
AcDbHatch
 10
0.0
 20
0.0
 30
0.0
210
0.0
220
0.0
230
1.0
  2
ANSI31
 70
0
 71
0
 91
1
 92
3
 72
0
 73
1
 93
4
 10
828.0
 20
1112.8
 10
830.2
 20
1112.8
 10
830.2
 20
1119.8
 10
828.0
 20
1119.8
 97
0
 75
1
 76
1
 52
270.0
 41
0.5
 77
0
 78
1
 53
315.0
 43
-0.0
 44
-0.0
 45
1.1225320152
 46
1.1225320151
 79
0
 98
0
  0
LWPOLYLINE
  5
715
330
17
100
AcDbEntity
  8
SARR_2.2x7
100
AcDbPolyline
 90
4
 70
1
 10
845.9333333333333
 20
1112.8
 10
848.1333333333333
 20
1112.8
 10
848.1333333333333
 20
1119.8
 10
845.9333333333333
 20
1119.8
  0
HATCH
  5
716
330
17
100
AcDbEntity
  8
SARR_2.2x7
100
AcDbHatch
 10
0.0
 20
0.0
 30
0.0
210
0.0
220
0.0
230
1.0
  2
SOLID
 70
1
 71
0
 91
1
 92
3
 72
0
 73
1
 93
4
 10
845.9333333333333
 20
1112.8
 10
848.1333333333333
 20
1112.8
 10
848.1333333333333
 20
1119.8
 10
845.9333333333333
 20
1119.8
 97
0
 75
0
 76
1
 98
0
  0
HATCH
  5
717
330
17
100
AcDbEntity
  8
SARR_2.2x7
100
AcDbHatch
 10
0.0
 20
0.0
 30
0.0
210
0.0
220
0.0
230
1.0
  2
ANSI31
 70
0
 71
0
 91
1
 92
3
 72
0
 73
1
 93
4
 10
845.9333333333333
 20
1112.8
 10
848.1333333333333
 20
1112.8
 10
848.1333333333333
 20
1119.8
 10
845.9333333333333
 20
1119.8
 97
0
 75
1
 76
1
 52
270.0
 41
0.5
 77
0
 78
1
 53
315.0
 43
-0.0
 44
-0.0
 45
1.1225320152
 46
1.1225320151
 79
0
 98
0
  0
LWPOLYLINE
  5
718
330
17
100
AcDbEntity
  8
SARR_2.2x7
100
AcDbPolyline
 90
4
 70
1
 10
863.8666666666667
 20
1112.8
 10
866.0666666666667
 20
1112.8
 10
866.0666666666667
 20
1119.8
 10
863.8666666666667
 20
1119.8
  0
HATCH
  5
719
330
17
100
AcDbEntity
  8
SARR_2.2x7
100
AcDbHatch
 10
0.0
 20
0.0
 30
0.0
210
0.0
220
0.0
230
1.0
  2
SOLID
 70
1
 71
0
 91
1
 92
3
 72
0
 73
1
 93
4
 10
863.8666666666667
 20
1112.8
 10
866.0666666666667
 20
1112.8
 10
866.0666666666667
 20
1119.8
 10
863.8666666666667
 20
1119.8
 97
0
 75
0
 76
1
 98
0
  0
HATCH
  5
71A
330
17
100
AcDbEntity
  8
SARR_2.2x7
100
AcDbHatch
 10
0.0
 20
0.0
 30
0.0
210
0.0
220
0.0
230
1.0
  2
ANSI31
 70
0
 71
0
 91
1
 92
3
 72
0
 73
1
 93
4
 10
863.8666666666667
 20
1112.8
 10
866.0666666666667
 20
1112.8
 10
866.0666666666667
 20
1119.8
 10
863.8666666666667
 20
1119.8
 97
0
 75
1
 76
1
 52
270.0
 41
0.5
 77
0
 78
1
 53
315.0
 43
-0.0
 44
-0.0
 45
1.1225320152
 46
1.1225320151
 79
0
 98
0
  0
LWPOLYLINE
  5
71B
330
17
100
AcDbEntity
  8
SARR_2.2x7
100
AcDbPolyline
 90
4
 70
1
 10
881.8
 20
1112.8
 10
884.0
 20
1112.8
 10
884.0
 20
1119.8
 10
881.8
 20
1119.8
  0
HATCH
  5
71C
330
17
100
AcDbEntity
  8
SARR_2.2x7
100
AcDbHatch
 10
0.0
 20
0.0
 30
0.0
210
0.0
220
0.0
230
1.0
  2
SOLID
 70
1
 71
0
 91
1
 92
3
 72
0
 73
1
 93
4
 10
881.8
 20
1112.8
 10
884.0
 20
1112.8
 10
884.0
 20
1119.8
 10
881.8
 20
1119.8
 97
0
 75
0
 76
1
 98
0
  0
HATCH
  5
71D
330
17
100
AcDbEntity
  8
SARR_2.2x7
100
AcDbHatch
 10
0.0
 20
0.0
 30
0.0
210
0.0
220
0.0
230
1.0
  2
ANSI31
 70
0
 71
0
 91
1
 92
3
 72
0
 73
1
 93
4
 10
881.8
 20
1112.8
 10
884.0
 20
1112.8
 10
884.0
 20
1119.8
 10
881.8
 20
1119.8
 97
0
 75
1
 76
1
 52
270.0
 41
0.5
 77
0
 78
1
 53
315.0
 43
-0.0
 44
-0.0
 45
1.1225320152
 46
1.1225320151
 79
0
 98
0
  0
LWPOLYLINE
  5
71E
330
17
100
AcDbEntity
  8
SARR_2.2x7
100
AcDbPolyline
 90
4
 70
1
 10
828.0
 20
1170.2
 10
830.2
 20
1170.2
 10
830.2
 20
1177.2
 10
828.0
 20
1177.2
  0
HATCH
  5
71F
330
17
100
AcDbEntity
  8
SARR_2.2x7
100
AcDbHatch
 10
0.0
 20
0.0
 30
0.0
210
0.0
220
0.0
230
1.0
  2
SOLID
 70
1
 71
0
 91
1
 92
3
 72
0
 73
1
 93
4
 10
828.0
 20
1170.2
 10
830.2
 20
1170.2
 10
830.2
 20
1177.2
 10
828.0
 20
1177.2
 97
0
 75
0
 76
1
 98
0
  0
HATCH
  5
720
330
17
100
AcDbEntity
  8
SARR_2.2x7
100
AcDbHatch
 10
0.0
 20
0.0
 30
0.0
210
0.0
220
0.0
230
1.0
  2
ANSI31
 70
0
 71
0
 91
1
 92
3
 72
0
 73
1
 93
4
 10
828.0
 20
1170.2
 10
830.2
 20
1170.2
 10
830.2
 20
1177.2
 10
828.0
 20
1177.2
 97
0
 75
1
 76
1
 52
270.0
 41
0.5
 77
0
 78
1
 53
315.0
 43
-0.0
 44
-0.0
 45
1.1225320152
 46
1.1225320151
 79
0
 98
0
  0
LWPOLYLINE
  5
721
330
17
100
AcDbEntity
  8
SARR_2.2x7
100
AcDbPolyline
 90
4
 70
1
 10
845.9333333333333
 20
1170.2
 10
848.1333333333333
 20
1170.2
 10
848.1333333333333
 20
1177.2
 10
845.9333333333333
 20
1177.2
  0
HATCH
  5
722
330
17
100
AcDbEntity
  8
SARR_2.2x7
100
AcDbHatch
 10
0.0
 20
0.0
 30
0.0
210
0.0
220
0.0
230
1.0
  2
SOLID
 70
1
 71
0
 91
1
 92
3
 72
0
 73
1
 93
4
 10
845.9333333333333
 20
1170.2
 10
848.1333333333333
 20
1170.2
 10
848.1333333333333
 20
1177.2
 10
845.9333333333333
 20
1177.2
 97
0
 75
0
 76
1
 98
0
  0
HATCH
  5
723
330
17
100
AcDbEntity
  8
SARR_2.2x7
100
AcDbHatch
 10
0.0
 20
0.0
 30
0.0
210
0.0
220
0.0
230
1.0
  2
ANSI31
 70
0
 71
0
 91
1
 92
3
 72
0
 73
1
 93
4
 10
845.9333333333333
 20
1170.2
 10
848.1333333333333
 20
1170.2
 10
848.1333333333333
 20
1177.2
 10
845.9333333333333
 20
1177.2
 97
0
 75
1
 76
1
 52
270.0
 41
0.5
 77
0
 78
1
 53
315.0
 43
-0.0
 44
-0.0
 45
1.1225320152
 46
1.1225320151
 79
0
 98
0
  0
LWPOLYLINE
  5
724
330
17
100
AcDbEntity
  8
SARR_2.2x7
100
AcDbPolyline
 90
4
 70
1
 10
863.8666666666667
 20
1170.2
 10
866.0666666666667
 20
1170.2
 10
866.0666666666667
 20
1177.2
 10
863.8666666666667
 20
1177.2
  0
HATCH
  5
725
330
17
100
AcDbEntity
  8
SARR_2.2x7
100
AcDbHatch
 10
0.0
 20
0.0
 30
0.0
210
0.0
220
0.0
230
1.0
  2
SOLID
 70
1
 71
0
 91
1
 92
3
 72
0
 73
1
 93
4
 10
863.8666666666667
 20
1170.2
 10
866.0666666666667
 20
1170.2
 10
866.0666666666667
 20
1177.2
 10
863.8666666666667
 20
1177.2
 97
0
 75
0
 76
1
 98
0
  0
HATCH
  5
726
330
17
100
AcDbEntity
  8
SARR_2.2x7
100
AcDbHatch
 10
0.0
 20
0.0
 30
0.0
210
0.0
220
0.0
230
1.0
  2
ANSI31
 70
0
 71
0
 91
1
 92
3
 72
0
 73
1
 93
4
 10
863.8666666666667
 20
1170.2
 10
866.0666666666667
 20
1170.2
 10
866.0666666666667
 20
1177.2
 10
863.8666666666667
 20
1177.2
 97
0
 75
1
 76
1
 52
270.0
 41
0.5
 77
0
 78
1
 53
315.0
 43
-0.0
 44
-0.0
 45
1.1225320152
 46
1.1225320151
 79
0
 98
0
  0
LWPOLYLINE
  5
727
330
17
100
AcDbEntity
  8
SARR_2.2x7
100
AcDbPolyline
 90
4
 70
1
 10
881.8
 20
1170.2
 10
884.0
 20
1170.2
 10
884.0
 20
1177.2
 10
881.8
 20
1177.2
  0
HATCH
  5
728
330
17
100
AcDbEntity
  8
SARR_2.2x7
100
AcDbHatch
 10
0.0
 20
0.0
 30
0.0
210
0.0
220
0.0
230
1.0
  2
SOLID
 70
1
 71
0
 91
1
 92
3
 72
0
 73
1
 93
4
 10
881.8
 20
1170.2
 10
884.0
 20
1170.2
 10
884.0
 20
1177.2
 10
881.8
 20
1177.2
 97
0
 75
0
 76
1
 98
0
  0
HATCH
  5
729
330
17
100
AcDbEntity
  8
SARR_2.2x7
100
AcDbHatch
 10
0.0
 20
0.0
 30
0.0
210
0.0
220
0.0
230
1.0
  2
ANSI31
 70
0
 71
0
 91
1
 92
3
 72
0
 73
1
 93
4
 10
881.8
 20
1170.2
 10
884.0
 20
1170.2
 10
884.0
 20
1177.2
 10
881.8
 20
1177.2
 97
0
 75
1
 76
1
 52
270.0
 41
0.5
 77
0
 78
1
 53
315.0
 43
-0.0
 44
-0.0
 45
1.1225320152
 46
1.1225320151
 79
0
 98
0
  0
LWPOLYLINE
  5
72A
330
17
100
AcDbEntity
  8
SARR_2.2x7
100
AcDbPolyline
 90
4
 70
1
 10
818.8
 20
1122.0
 10
825.8
 20
1122.0
 10
825.8
 20
1124.2
 10
818.8
 20
1124.2
  0
HATCH
  5
72B
330
17
100
AcDbEntity
  8
SARR_2.2x7
100
AcDbHatch
 10
0.0
 20
0.0
 30
0.0
210
0.0
220
0.0
230
1.0
  2
SOLID
 70
1
 71
0
 91
1
 92
3
 72
0
 73
1
 93
4
 10
818.8
 20
1122.0
 10
825.8
 20
1122.0
 10
825.8
 20
1124.2
 10
818.8
 20
1124.2
 97
0
 75
0
 76
1
 98
0
  0
HATCH
  5
72C
330
17
100
AcDbEntity
  8
SARR_2.2x7
100
AcDbHatch
 10
0.0
 20
0.0
 30
0.0
210
0.0
220
0.0
230
1.0
  2
ANSI31
 70
0
 71
0
 91
1
 92
3
 72
0
 73
1
 93
4
 10
818.8
 20
1122.0
 10
825.8
 20
1122.0
 10
825.8
 20
1124.2
 10
818.8
 20
1124.2
 97
0
 75
1
 76
1
 52
270.0
 41
0.5
 77
0
 78
1
 53
315.0
 43
-0.0
 44
-0.0
 45
1.1225320152
 46
1.1225320151
 79
0
 98
0
  0
LWPOLYLINE
  5
72D
330
17
100
AcDbEntity
  8
SARR_2.2x7
100
AcDbPolyline
 90
4
 70
1
 10
818.8
 20
1143.9
 10
825.8
 20
1143.9
 10
825.8
 20
1146.1000000000001
 10
818.8
 20
1146.1000000000001
  0
HATCH
  5
72E
330
17
100
AcDbEntity
  8
SARR_2.2x7
100
AcDbHatch
 10
0.0
 20
0.0
 30
0.0
210
0.0
220
0.0
230
1.0
  2
SOLID
 70
1
 71
0
 91
1
 92
3
 72
0
 73
1
 93
4
 10
818.8
 20
1143.9
 10
825.8
 20
1143.9
 10
825.8
 20
1146.1000000000001
 10
818.8
 20
1146.1000000000001
 97
0
 75
0
 76
1
 98
0
  0
HATCH
  5
72F
330
17
100
AcDbEntity
  8
SARR_2.2x7
100
AcDbHatch
 10
0.0
 20
0.0
 30
0.0
210
0.0
220
0.0
230
1.0
  2
ANSI31
 70
0
 71
0
 91
1
 92
3
 72
0
 73
1
 93
4
 10
818.8
 20
1143.9
 10
825.8
 20
1143.9
 10
825.8
 20
1146.1000000000001
 10
818.8
 20
1146.1000000000001
 97
0
 75
1
 76
1
 52
270.0
 41
0.5
 77
0
 78
1
 53
315.0
 43
-0.0
 44
-0.0
 45
1.1225320152
 46
1.1225320151
 79
0
 98
0
  0
LWPOLYLINE
  5
730
330
17
100
AcDbEntity
  8
SARR_2.2x7
100
AcDbPolyline
 90
4
 70
1
 10
818.8
 20
1165.8000000000002
 10
825.8
 20
1165.8000000000002
 10
825.8
 20
1168.0000000000002
 10
818.8
 20
1168.0000000000002
  0
HATCH
  5
731
330
17
100
AcDbEntity
  8
SARR_2.2x7
100
AcDbHatch
 10
0.0
 20
0.0
 30
0.0
210
0.0
220
0.0
230
1.0
  2
SOLID
 70
1
 71
0
 91
1
 92
3
 72
0
 73
1
 93
4
 10
818.8
 20
1165.8000000000002
 10
825.8
 20
1165.8000000000002
 10
825.8
 20
1168.0000000000002
 10
818.8
 20
1168.0000000000002
 97
0
 75
0
 76
1
 98
0
  0
HATCH
  5
732
330
17
100
AcDbEntity
  8
SARR_2.2x7
100
AcDbHatch
 10
0.0
 20
0.0
 30
0.0
210
0.0
220
0.0
230
1.0
  2
ANSI31
 70
0
 71
0
 91
1
 92
3
 72
0
 73
1
 93
4
 10
818.8
 20
1165.8000000000002
 10
825.8
 20
1165.8000000000002
 10
825.8
 20
1168.0000000000002
 10
818.8
 20
1168.0000000000002
 97
0
 75
1
 76
1
 52
270.0
 41
0.5
 77
0
 78
1
 53
315.0
 43
-0.0
 44
-0.0
 45
1.1225320152
 46
1.1225320151
 79
0
 98
0
  0
LWPOLYLINE
  5
733
330
17
100
AcDbEntity
  8
SARR_2.2x7
100
AcDbPolyline
 90
4
 70
1
 10
886.2
 20
1122.0
 10
893.2
 20
1122.0
 10
893.2
 20
1124.2
 10
886.2
 20
1124.2
  0
HATCH
  5
734
330
17
100
AcDbEntity
  8
SARR_2.2x7
100
AcDbHatch
 10
0.0
 20
0.0
 30
0.0
210
0.0
220
0.0
230
1.0
  2
SOLID
 70
1
 71
0
 91
1
 92
3
 72
0
 73
1
 93
4
 10
886.2
 20
1122.0
 10
893.2
 20
1122.0
 10
893.2
 20
1124.2
 10
886.2
 20
1124.2
 97
0
 75
0
 76
1
 98
0
  0
HATCH
  5
735
330
17
100
AcDbEntity
  8
SARR_2.2x7
100
AcDbHatch
 10
0.0
 20
0.0
 30
0.0
210
0.0
220
0.0
230
1.0
  2
ANSI31
 70
0
 71
0
 91
1
 92
3
 72
0
 73
1
 93
4
 10
886.2
 20
1122.0
 10
893.2
 20
1122.0
 10
893.2
 20
1124.2
 10
886.2
 20
1124.2
 97
0
 75
1
 76
1
 52
270.0
 41
0.5
 77
0
 78
1
 53
315.0
 43
-0.0
 44
-0.0
 45
1.1225320152
 46
1.1225320151
 79
0
 98
0
  0
LWPOLYLINE
  5
736
330
17
100
AcDbEntity
  8
SARR_2.2x7
100
AcDbPolyline
 90
4
 70
1
 10
886.2
 20
1143.9
 10
893.2
 20
1143.9
 10
893.2
 20
1146.1000000000001
 10
886.2
 20
1146.1000000000001
  0
HATCH
  5
737
330
17
100
AcDbEntity
  8
SARR_2.2x7
100
AcDbHatch
 10
0.0
 20
0.0
 30
0.0
210
0.0
220
0.0
230
1.0
  2
SOLID
 70
1
 71
0
 91
1
 92
3
 72
0
 73
1
 93
4
 10
886.2
 20
1143.9
 10
893.2
 20
1143.9
 10
893.2
 20
1146.1000000000001
 10
886.2
 20
1146.1000000000001
 97
0
 75
0
 76
1
 98
0
  0
HATCH
  5
738
330
17
100
AcDbEntity
  8
SARR_2.2x7
100
AcDbHatch
 10
0.0
 20
0.0
 30
0.0
210
0.0
220
0.0
230
1.0
  2
ANSI31
 70
0
 71
0
 91
1
 92
3
 72
0
 73
1
 93
4
 10
886.2
 20
1143.9
 10
893.2
 20
1143.9
 10
893.2
 20
1146.1000000000001
 10
886.2
 20
1146.1000000000001
 97
0
 75
1
 76
1
 52
270.0
 41
0.5
 77
0
 78
1
 53
315.0
 43
-0.0
 44
-0.0
 45
1.1225320152
 46
1.1225320151
 79
0
 98
0
  0
LWPOLYLINE
  5
739
330
17
100
AcDbEntity
  8
SARR_2.2x7
100
AcDbPolyline
 90
4
 70
1
 10
886.2
 20
1165.8000000000002
 10
893.2
 20
1165.8000000000002
 10
893.2
 20
1168.0000000000002
 10
886.2
 20
1168.0000000000002
  0
HATCH
  5
73A
330
17
100
AcDbEntity
  8
SARR_2.2x7
100
AcDbHatch
 10
0.0
 20
0.0
 30
0.0
210
0.0
220
0.0
230
1.0
  2
SOLID
 70
1
 71
0
 91
1
 92
3
 72
0
 73
1
 93
4
 10
886.2
 20
1165.8000000000002
 10
893.2
 20
1165.8000000000002
 10
893.2
 20
1168.0000000000002
 10
886.2
 20
1168.0000000000002
 97
0
 75
0
 76
1
 98
0
  0
HATCH
  5
73B
330
17
100
AcDbEntity
  8
SARR_2.2x7
100
AcDbHatch
 10
0.0
 20
0.0
 30
0.0
210
0.0
220
0.0
230
1.0
  2
ANSI31
 70
0
 71
0
 91
1
 92
3
 72
0
 73
1
 93
4
 10
886.2
 20
1165.8000000000002
 10
893.2
 20
1165.8000000000002
 10
893.2
 20
1168.0000000000002
 10
886.2
 20
1168.0000000000002
 97
0
 75
1
 76
1
 52
270.0
 41
0.5
 77
0
 78
1
 53
315.0
 43
-0.0
 44
-0.0
 45
1.1225320152
 46
1.1225320151
 79
0
 98
0
  0
LWPOLYLINE
  5
73C
330
17
100
AcDbEntity
  8
CHAPA
 62
1
100
AcDbPolyline
 90
4
 70
1
 10
823.8
 20
1117.8
 10
825.8
 20
1117.8
 10
825.8
 20
1119.8
 10
823.8
 20
1119.8
  0
HATCH
  5
73D
330
17
100
AcDbEntity
  8
CHAPA
 62
1
100
AcDbHatch
 10
0.0
 20
0.0
 30
0.0
210
0.0
220
0.0
230
1.0
  2
SOLID
 70
1
 71
0
 91
1
 92
3
 72
0
 73
1
 93
4
 10
823.8
 20
1117.8
 10
825.8
 20
1117.8
 10
825.8
 20
1119.8
 10
823.8
 20
1119.8
 97
0
 75
0
 76
1
 98
0
  0
LWPOLYLINE
  5
73E
330
17
100
AcDbEntity
  8
CHAPA
 62
1
100
AcDbPolyline
 90
4
 70
1
 10
886.2
 20
1117.8
 10
888.2
 20
1117.8
 10
888.2
 20
1119.8
 10
886.2
 20
1119.8
  0
HATCH
  5
73F
330
17
100
AcDbEntity
  8
CHAPA
 62
1
100
AcDbHatch
 10
0.0
 20
0.0
 30
0.0
210
0.0
220
0.0
230
1.0
  2
SOLID
 70
1
 71
0
 91
1
 92
3
 72
0
 73
1
 93
4
 10
886.2
 20
1117.8
 10
888.2
 20
1117.8
 10
888.2
 20
1119.8
 10
886.2
 20
1119.8
 97
0
 75
0
 76
1
 98
0
  0
LWPOLYLINE
  5
740
330
17
100
AcDbEntity
  8
CHAPA
 62
1
100
AcDbPolyline
 90
4
 70
1
 10
886.2
 20
1170.2
 10
888.2
 20
1170.2
 10
888.2
 20
1172.2
 10
886.2
 20
1172.2
  0
HATCH
  5
741
330
17
100
AcDbEntity
  8
CHAPA
 62
1
100
AcDbHatch
 10
0.0
 20
0.0
 30
0.0
210
0.0
220
0.0
230
1.0
  2
SOLID
 70
1
 71
0
 91
1
 92
3
 72
0
 73
1
 93
4
 10
886.2
 20
1170.2
 10
888.2
 20
1170.2
 10
888.2
 20
1172.2
 10
886.2
 20
1172.2
 97
0
 75
0
 76
1
 98
0
  0
LWPOLYLINE
  5
742
330
17
100
AcDbEntity
  8
CHAPA
 62
1
100
AcDbPolyline
 90
4
 70
1
 10
823.8
 20
1170.2
 10
825.8
 20
1170.2
 10
825.8
 20
1172.2
 10
823.8
 20
1172.2
  0
HATCH
  5
743
330
17
100
AcDbEntity
  8
CHAPA
 62
1
100
AcDbHatch
 10
0.0
 20
0.0
 30
0.0
210
0.0
220
0.0
230
1.0
  2
SOLID
 70
1
 71
0
 91
1
 92
3
 72
0
 73
1
 93
4
 10
823.8
 20
1170.2
 10
825.8
 20
1170.2
 10
825.8
 20
1172.2
 10
823.8
 20
1172.2
 97
0
 75
0
 76
1
 98
0
  0
TEXT
  5
744
330
17
100
AcDbEntity
  8
Texto Secao
 62
2
100
AcDbText
 10
856.0
 20
1109.8
 30
0.0
 40
4.0
  1
A
 72
1
 11
856.0
 21
1109.8
 31
0.0
100
AcDbText
 73
3
  0
TEXT
  5
745
330
17
100
AcDbEntity
  8
Texto Secao
 62
2
100
AcDbText
 10
856.0
 20
1180.2
 30
0.0
 40
4.0
  1
C
 72
1
 11
856.0
 21
1180.2
 31
0.0
100
AcDbText
 73
1
  0
TEXT
  5
746
330
17
100
AcDbEntity
  8
Texto Secao
 62
2
100
AcDbText
 10
815.8
 20
1145.0
 30
0.0
 40
4.0
  1
D
 72
2
 11
815.8
 21
1145.0
 31
0.0
100
AcDbText
 73
2
  0
TEXT
  5
747
330
17
100
AcDbEntity
  8
Texto Secao
 62
2
100
AcDbText
 10
896.2
 20
1145.0
 30
0.0
 40
4.0
  1
B
 11
896.2
 21
1145.0
 31
0.0
100
AcDbText
 73
2
  0
TEXT
  5
748
330
17
100
AcDbEntity
  8
Cota Secao (2x)
 62
4
100
AcDbText
 10
856.0
 20
1100.8
 30
0.0
 40
3.4
  1
56x46cm
 72
1
 11
856.0
 21
1100.8
 31
0.0
100
AcDbText
 73
3
  0
TEXT
  5
749
330
17
100
AcDbEntity
  8
Texto Secao
 62
2
100
AcDbText
 10
856.0
 20
1189.2
 30
0.0
 40
4.0
  1
VISAO DE CIMA
 72
1
 11
856.0
 21
1189.2
 31
0.0
100
AcDbText
 73
1
  0
LWPOLYLINE
  5
74A
330
17
100
AcDbEntity
  8
Paineis
100
AcDbPolyline
 90
4
 70
1
 10
925.1999999999999
 20
905.0
 10
981.1999999999999
 20
905.0
 10
981.1999999999999
 20
1151.0
 10
925.1999999999999
 20
1151.0
  0
HATCH
  5
74B
330
17
100
AcDbEntity
  8
Hachura
100
AcDbHatch
 10
0.0
 20
0.0
 30
0.0
210
0.0
220
0.0
230
1.0
  2
SOLID
 70
1
 71
0
 91
1
 92
3
 72
0
 73
1
 93
4
 10
925.1999999999999
 20
905.0
 10
981.1999999999999
 20
905.0
 10
981.1999999999999
 20
1151.0
 10
925.1999999999999
 20
1151.0
 97
0
 75
0
 76
1
 98
0
  0
HATCH
  5
74C
330
17
100
AcDbEntity
  8
Hachura
100
AcDbHatch
 10
0.0
 20
0.0
 30
0.0
210
0.0
220
0.0
230
1.0
  2
ANSI31
 70
0
 71
0
 91
1
 92
3
 72
0
 73
1
 93
4
 10
925.1999999999999
 20
905.0
 10
981.1999999999999
 20
905.0
 10
981.1999999999999
 20
1151.0
 10
925.1999999999999
 20
1151.0
 97
0
 75
1
 76
1
 52
0.0
 41
5.0
 77
0
 78
1
 53
45.0
 43
0.0
 44
0.0
 45
-11.2253201515
 46
11.2253201515
 79
0
 98
0
  0
LWPOLYLINE
  5
74D
330
17
100
AcDbEntity
  8
Paineis
100
AcDbPolyline
 90
4
 70
1
 10
925.1999999999999
 20
1151.0
 10
981.1999999999999
 20
1151.0
 10
981.1999999999999
 20
1185.0
 10
925.1999999999999
 20
1185.0
  0
HATCH
  5
74E
330
17
100
AcDbEntity
  8
Hachura
100
AcDbHatch
 10
0.0
 20
0.0
 30
0.0
210
0.0
220
0.0
230
1.0
  2
SOLID
 70
1
 71
0
 91
1
 92
3
 72
0
 73
1
 93
4
 10
925.1999999999999
 20
1151.0
 10
981.1999999999999
 20
1151.0
 10
981.1999999999999
 20
1185.0
 10
925.1999999999999
 20
1185.0
 97
0
 75
0
 76
1
 98
0
  0
HATCH
  5
74F
330
17
100
AcDbEntity
  8
Hachura
100
AcDbHatch
 10
0.0
 20
0.0
 30
0.0
210
0.0
220
0.0
230
1.0
  2
ANSI31
 70
0
 71
0
 91
1
 92
3
 72
0
 73
1
 93
4
 10
925.1999999999999
 20
1151.0
 10
981.1999999999999
 20
1151.0
 10
981.1999999999999
 20
1185.0
 10
925.1999999999999
 20
1185.0
 97
0
 75
1
 76
1
 52
0.0
 41
2.5
 77
0
 78
1
 53
45.0
 43
0.0
 44
0.0
 45
-5.6126600758
 46
5.6126600758
 79
0
 98
0
  0
LINE
  5
750
330
17
100
AcDbEntity
  8
Paineis
100
AcDbLine
 10
925.1999999999999
 20
1149.0
 30
0.0
 11
981.1999999999999
 21
1149.0
 31
0.0
  0
LINE
  5
751
330
17
100
AcDbEntity
  8
Paineis
100
AcDbLine
 10
925.1999999999999
 20
907.0
 30
0.0
 11
981.1999999999999
 21
907.0
 31
0.0
  0
LINE
  5
752
330
17
100
AcDbEntity
  8
SARR_2.2x7
  6
HIDDEN
 48
30.0
100
AcDbLine
 10
926.3
 20
905.0
 30
0.0
 11
926.3
 21
1185.0
 31
0.0
  0
LINE
  5
753
330
17
100
AcDbEntity
  8
SARR_2.2x7
  6
HIDDEN
 48
30.0
100
AcDbLine
 10
944.2333333333332
 20
905.0
 30
0.0
 11
944.2333333333332
 21
1185.0
 31
0.0
  0
LINE
  5
754
330
17
100
AcDbEntity
  8
SARR_2.2x7
  6
HIDDEN
 48
30.0
100
AcDbLine
 10
962.1666666666666
 20
905.0
 30
0.0
 11
962.1666666666666
 21
1185.0
 31
0.0
  0
LINE
  5
755
330
17
100
AcDbEntity
  8
SARR_2.2x7
  6
HIDDEN
 48
30.0
100
AcDbLine
 10
980.0999999999999
 20
905.0
 30
0.0
 11
980.0999999999999
 21
1185.0
 31
0.0
  0
TEXT
  5
756
330
17
100
AcDbEntity
  8
Texto Secao
 62
2
100
AcDbText
 10
953.1999999999999
 20
897.0
 30
0.0
 40
4.5
  1
P26.A
 50
90.0
100
AcDbText
  0
LWPOLYLINE
  5
757
330
17
100
AcDbEntity
  8
Paineis
100
AcDbPolyline
 90
4
 70
1
 10
989.1999999999999
 20
905.0
 10
1035.1999999999998
 20
905.0
 10
1035.1999999999998
 20
1151.0
 10
989.1999999999999
 20
1151.0
  0
HATCH
  5
758
330
17
100
AcDbEntity
  8
Hachura
100
AcDbHatch
 10
0.0
 20
0.0
 30
0.0
210
0.0
220
0.0
230
1.0
  2
SOLID
 70
1
 71
0
 91
1
 92
3
 72
0
 73
1
 93
4
 10
989.1999999999999
 20
905.0
 10
1035.1999999999998
 20
905.0
 10
1035.1999999999998
 20
1151.0
 10
989.1999999999999
 20
1151.0
 97
0
 75
0
 76
1
 98
0
  0
HATCH
  5
759
330
17
100
AcDbEntity
  8
Hachura
100
AcDbHatch
 10
0.0
 20
0.0
 30
0.0
210
0.0
220
0.0
230
1.0
  2
ANSI31
 70
0
 71
0
 91
1
 92
3
 72
0
 73
1
 93
4
 10
989.1999999999999
 20
905.0
 10
1035.1999999999998
 20
905.0
 10
1035.1999999999998
 20
1151.0
 10
989.1999999999999
 20
1151.0
 97
0
 75
1
 76
1
 52
0.0
 41
5.0
 77
0
 78
1
 53
45.0
 43
0.0
 44
0.0
 45
-11.2253201515
 46
11.2253201515
 79
0
 98
0
  0
LWPOLYLINE
  5
75A
330
17
100
AcDbEntity
  8
Paineis
100
AcDbPolyline
 90
4
 70
1
 10
989.1999999999999
 20
1151.0
 10
1035.1999999999998
 20
1151.0
 10
1035.1999999999998
 20
1185.0
 10
989.1999999999999
 20
1185.0
  0
HATCH
  5
75B
330
17
100
AcDbEntity
  8
Hachura
100
AcDbHatch
 10
0.0
 20
0.0
 30
0.0
210
0.0
220
0.0
230
1.0
  2
SOLID
 70
1
 71
0
 91
1
 92
3
 72
0
 73
1
 93
4
 10
989.1999999999999
 20
1151.0
 10
1035.1999999999998
 20
1151.0
 10
1035.1999999999998
 20
1185.0
 10
989.1999999999999
 20
1185.0
 97
0
 75
0
 76
1
 98
0
  0
HATCH
  5
75C
330
17
100
AcDbEntity
  8
Hachura
100
AcDbHatch
 10
0.0
 20
0.0
 30
0.0
210
0.0
220
0.0
230
1.0
  2
ANSI31
 70
0
 71
0
 91
1
 92
3
 72
0
 73
1
 93
4
 10
989.1999999999999
 20
1151.0
 10
1035.1999999999998
 20
1151.0
 10
1035.1999999999998
 20
1185.0
 10
989.1999999999999
 20
1185.0
 97
0
 75
1
 76
1
 52
0.0
 41
2.5
 77
0
 78
1
 53
45.0
 43
0.0
 44
0.0
 45
-5.6126600758
 46
5.6126600758
 79
0
 98
0
  0
LINE
  5
75D
330
17
100
AcDbEntity
  8
Paineis
100
AcDbLine
 10
989.1999999999999
 20
1149.0
 30
0.0
 11
1035.1999999999998
 21
1149.0
 31
0.0
  0
LINE
  5
75E
330
17
100
AcDbEntity
  8
Paineis
100
AcDbLine
 10
989.1999999999999
 20
907.0
 30
0.0
 11
1035.1999999999998
 21
907.0
 31
0.0
  0
LINE
  5
75F
330
17
100
AcDbEntity
  8
SARR_2.2x7
  6
HIDDEN
 48
30.0
100
AcDbLine
 10
990.3
 20
905.0
 30
0.0
 11
990.3
 21
1185.0
 31
0.0
  0
LINE
  5
760
330
17
100
AcDbEntity
  8
SARR_2.2x7
  6
HIDDEN
 48
30.0
100
AcDbLine
 10
1012.1999999999999
 20
905.0
 30
0.0
 11
1012.1999999999999
 21
1185.0
 31
0.0
  0
LINE
  5
761
330
17
100
AcDbEntity
  8
SARR_2.2x7
  6
HIDDEN
 48
30.0
100
AcDbLine
 10
1034.1
 20
905.0
 30
0.0
 11
1034.1
 21
1185.0
 31
0.0
  0
TEXT
  5
762
330
17
100
AcDbEntity
  8
Texto Secao
 62
2
100
AcDbText
 10
1012.1999999999999
 20
897.0
 30
0.0
 40
4.5
  1
P26.B
 50
90.0
100
AcDbText
  0
LWPOLYLINE
  5
763
330
17
100
AcDbEntity
  8
Paineis
100
AcDbPolyline
 90
4
 70
1
 10
1043.1999999999998
 20
905.0
 10
1099.1999999999998
 20
905.0
 10
1099.1999999999998
 20
1151.0
 10
1043.1999999999998
 20
1151.0
  0
HATCH
  5
764
330
17
100
AcDbEntity
  8
Hachura
100
AcDbHatch
 10
0.0
 20
0.0
 30
0.0
210
0.0
220
0.0
230
1.0
  2
SOLID
 70
1
 71
0
 91
1
 92
3
 72
0
 73
1
 93
4
 10
1043.1999999999998
 20
905.0
 10
1099.1999999999998
 20
905.0
 10
1099.1999999999998
 20
1151.0
 10
1043.1999999999998
 20
1151.0
 97
0
 75
0
 76
1
 98
0
  0
HATCH
  5
765
330
17
100
AcDbEntity
  8
Hachura
100
AcDbHatch
 10
0.0
 20
0.0
 30
0.0
210
0.0
220
0.0
230
1.0
  2
ANSI31
 70
0
 71
0
 91
1
 92
3
 72
0
 73
1
 93
4
 10
1043.1999999999998
 20
905.0
 10
1099.1999999999998
 20
905.0
 10
1099.1999999999998
 20
1151.0
 10
1043.1999999999998
 20
1151.0
 97
0
 75
1
 76
1
 52
0.0
 41
5.0
 77
0
 78
1
 53
45.0
 43
0.0
 44
0.0
 45
-11.2253201515
 46
11.2253201515
 79
0
 98
0
  0
LWPOLYLINE
  5
766
330
17
100
AcDbEntity
  8
Paineis
100
AcDbPolyline
 90
4
 70
1
 10
1043.1999999999998
 20
1151.0
 10
1099.1999999999998
 20
1151.0
 10
1099.1999999999998
 20
1185.0
 10
1043.1999999999998
 20
1185.0
  0
HATCH
  5
767
330
17
100
AcDbEntity
  8
Hachura
100
AcDbHatch
 10
0.0
 20
0.0
 30
0.0
210
0.0
220
0.0
230
1.0
  2
SOLID
 70
1
 71
0
 91
1
 92
3
 72
0
 73
1
 93
4
 10
1043.1999999999998
 20
1151.0
 10
1099.1999999999998
 20
1151.0
 10
1099.1999999999998
 20
1185.0
 10
1043.1999999999998
 20
1185.0
 97
0
 75
0
 76
1
 98
0
  0
HATCH
  5
768
330
17
100
AcDbEntity
  8
Hachura
100
AcDbHatch
 10
0.0
 20
0.0
 30
0.0
210
0.0
220
0.0
230
1.0
  2
ANSI31
 70
0
 71
0
 91
1
 92
3
 72
0
 73
1
 93
4
 10
1043.1999999999998
 20
1151.0
 10
1099.1999999999998
 20
1151.0
 10
1099.1999999999998
 20
1185.0
 10
1043.1999999999998
 20
1185.0
 97
0
 75
1
 76
1
 52
0.0
 41
2.5
 77
0
 78
1
 53
45.0
 43
0.0
 44
0.0
 45
-5.6126600758
 46
5.6126600758
 79
0
 98
0
  0
LINE
  5
769
330
17
100
AcDbEntity
  8
Paineis
100
AcDbLine
 10
1043.1999999999998
 20
1149.0
 30
0.0
 11
1099.1999999999998
 21
1149.0
 31
0.0
  0
LINE
  5
76A
330
17
100
AcDbEntity
  8
Paineis
100
AcDbLine
 10
1043.1999999999998
 20
907.0
 30
0.0
 11
1099.1999999999998
 21
907.0
 31
0.0
  0
LINE
  5
76B
330
17
100
AcDbEntity
  8
SARR_2.2x7
  6
HIDDEN
 48
30.0
100
AcDbLine
 10
1044.2999999999997
 20
905.0
 30
0.0
 11
1044.2999999999997
 21
1185.0
 31
0.0
  0
LINE
  5
76C
330
17
100
AcDbEntity
  8
SARR_2.2x7
  6
HIDDEN
 48
30.0
100
AcDbLine
 10
1062.2333333333331
 20
905.0
 30
0.0
 11
1062.2333333333331
 21
1185.0
 31
0.0
  0
LINE
  5
76D
330
17
100
AcDbEntity
  8
SARR_2.2x7
  6
HIDDEN
 48
30.0
100
AcDbLine
 10
1080.1666666666665
 20
905.0
 30
0.0
 11
1080.1666666666665
 21
1185.0
 31
0.0
  0
LINE
  5
76E
330
17
100
AcDbEntity
  8
SARR_2.2x7
  6
HIDDEN
 48
30.0
100
AcDbLine
 10
1098.1
 20
905.0
 30
0.0
 11
1098.1
 21
1185.0
 31
0.0
  0
TEXT
  5
76F
330
17
100
AcDbEntity
  8
Texto Secao
 62
2
100
AcDbText
 10
1071.1999999999998
 20
897.0
 30
0.0
 40
4.5
  1
P26.C
 50
90.0
100
AcDbText
  0
LWPOLYLINE
  5
770
330
17
100
AcDbEntity
  8
Paineis
100
AcDbPolyline
 90
4
 70
1
 10
1107.1999999999998
 20
905.0
 10
1153.1999999999998
 20
905.0
 10
1153.1999999999998
 20
1151.0
 10
1107.1999999999998
 20
1151.0
  0
HATCH
  5
771
330
17
100
AcDbEntity
  8
Hachura
100
AcDbHatch
 10
0.0
 20
0.0
 30
0.0
210
0.0
220
0.0
230
1.0
  2
SOLID
 70
1
 71
0
 91
1
 92
3
 72
0
 73
1
 93
4
 10
1107.1999999999998
 20
905.0
 10
1153.1999999999998
 20
905.0
 10
1153.1999999999998
 20
1151.0
 10
1107.1999999999998
 20
1151.0
 97
0
 75
0
 76
1
 98
0
  0
HATCH
  5
772
330
17
100
AcDbEntity
  8
Hachura
100
AcDbHatch
 10
0.0
 20
0.0
 30
0.0
210
0.0
220
0.0
230
1.0
  2
ANSI31
 70
0
 71
0
 91
1
 92
3
 72
0
 73
1
 93
4
 10
1107.1999999999998
 20
905.0
 10
1153.1999999999998
 20
905.0
 10
1153.1999999999998
 20
1151.0
 10
1107.1999999999998
 20
1151.0
 97
0
 75
1
 76
1
 52
0.0
 41
5.0
 77
0
 78
1
 53
45.0
 43
0.0
 44
0.0
 45
-11.2253201515
 46
11.2253201515
 79
0
 98
0
  0
LWPOLYLINE
  5
773
330
17
100
AcDbEntity
  8
Paineis
100
AcDbPolyline
 90
4
 70
1
 10
1107.1999999999998
 20
1151.0
 10
1153.1999999999998
 20
1151.0
 10
1153.1999999999998
 20
1185.0
 10
1107.1999999999998
 20
1185.0
  0
HATCH
  5
774
330
17
100
AcDbEntity
  8
Hachura
100
AcDbHatch
 10
0.0
 20
0.0
 30
0.0
210
0.0
220
0.0
230
1.0
  2
SOLID
 70
1
 71
0
 91
1
 92
3
 72
0
 73
1
 93
4
 10
1107.1999999999998
 20
1151.0
 10
1153.1999999999998
 20
1151.0
 10
1153.1999999999998
 20
1185.0
 10
1107.1999999999998
 20
1185.0
 97
0
 75
0
 76
1
 98
0
  0
HATCH
  5
775
330
17
100
AcDbEntity
  8
Hachura
100
AcDbHatch
 10
0.0
 20
0.0
 30
0.0
210
0.0
220
0.0
230
1.0
  2
ANSI31
 70
0
 71
0
 91
1
 92
3
 72
0
 73
1
 93
4
 10
1107.1999999999998
 20
1151.0
 10
1153.1999999999998
 20
1151.0
 10
1153.1999999999998
 20
1185.0
 10
1107.1999999999998
 20
1185.0
 97
0
 75
1
 76
1
 52
0.0
 41
2.5
 77
0
 78
1
 53
45.0
 43
0.0
 44
0.0
 45
-5.6126600758
 46
5.6126600758
 79
0
 98
0
  0
LINE
  5
776
330
17
100
AcDbEntity
  8
Paineis
100
AcDbLine
 10
1107.1999999999998
 20
1149.0
 30
0.0
 11
1153.1999999999998
 21
1149.0
 31
0.0
  0
LINE
  5
777
330
17
100
AcDbEntity
  8
Paineis
100
AcDbLine
 10
1107.1999999999998
 20
907.0
 30
0.0
 11
1153.1999999999998
 21
907.0
 31
0.0
  0
LINE
  5
778
330
17
100
AcDbEntity
  8
SARR_2.2x7
  6
HIDDEN
 48
30.0
100
AcDbLine
 10
1108.2999999999997
 20
905.0
 30
0.0
 11
1108.2999999999997
 21
1185.0
 31
0.0
  0
LINE
  5
779
330
17
100
AcDbEntity
  8
SARR_2.2x7
  6
HIDDEN
 48
30.0
100
AcDbLine
 10
1130.1999999999998
 20
905.0
 30
0.0
 11
1130.1999999999998
 21
1185.0
 31
0.0
  0
LINE
  5
77A
330
17
100
AcDbEntity
  8
SARR_2.2x7
  6
HIDDEN
 48
30.0
100
AcDbLine
 10
1152.1
 20
905.0
 30
0.0
 11
1152.1
 21
1185.0
 31
0.0
  0
TEXT
  5
77B
330
17
100
AcDbEntity
  8
Texto Secao
 62
2
100
AcDbText
 10
1130.1999999999998
 20
897.0
 30
0.0
 40
4.5
  1
P26.D
 50
90.0
100
AcDbText
  0
LINE
  5
77C
330
17
100
AcDbEntity
  8
COTA
 62
8
100
AcDbLine
 10
1161.1999999999998
 20
905.0
 30
0.0
 11
1161.1999999999998
 21
1185.0
 31
0.0
  0
LINE
  5
77D
330
17
100
AcDbEntity
  8
COTA
 62
8
100
AcDbLine
 10
1159.1999999999998
 20
905.0
 30
0.0
 11
1163.1999999999998
 21
905.0
 31
0.0
  0
LINE
  5
77E
330
17
100
AcDbEntity
  8
COTA
 62
8
100
AcDbLine
 10
1159.1999999999998
 20
907.0
 30
0.0
 11
1163.1999999999998
 21
907.0
 31
0.0
  0
TEXT
  5
77F
330
17
100
AcDbEntity
  8
COTA
 62
8
100
AcDbText
 10
1166.1999999999998
 20
906.0
 30
0.0
 40
3.0
  1
h1=2
100
AcDbText
  0
LINE
  5
780
330
17
100
AcDbEntity
  8
COTA
 62
8
100
AcDbLine
 10
1159.1999999999998
 20
907.0
 30
0.0
 11
1163.1999999999998
 21
907.0
 31
0.0
  0
LINE
  5
781
330
17
100
AcDbEntity
  8
COTA
 62
8
100
AcDbLine
 10
1159.1999999999998
 20
1151.0
 30
0.0
 11
1163.1999999999998
 21
1151.0
 31
0.0
  0
TEXT
  5
782
330
17
100
AcDbEntity
  8
COTA
 62
8
100
AcDbText
 10
1166.1999999999998
 20
1029.0
 30
0.0
 40
3.0
  1
h2=244
100
AcDbText
  0
LINE
  5
783
330
17
100
AcDbEntity
  8
COTA
 62
8
100
AcDbLine
 10
1159.1999999999998
 20
1151.0
 30
0.0
 11
1163.1999999999998
 21
1151.0
 31
0.0
  0
LINE
  5
784
330
17
100
AcDbEntity
  8
COTA
 62
8
100
AcDbLine
 10
1159.1999999999998
 20
1185.0
 30
0.0
 11
1163.1999999999998
 21
1185.0
 31
0.0
  0
TEXT
  5
785
330
17
100
AcDbEntity
  8
COTA
 62
8
100
AcDbText
 10
1166.1999999999998
 20
1168.0
 30
0.0
 40
3.0
  1
h3=34
100
AcDbText
  0
TEXT
  5
786
330
17
100
AcDbEntity
  8
COTA
 62
8
100
AcDbText
 10
1166.1999999999998
 20
1188.0
 30
0.0
 40
3.5
  1
TOTAL=280
100
AcDbText
  0
LINE
  5
787
330
17
100
AcDbEntity
  8
Nivel
 62
4
100
AcDbLine
 10
798.8
 20
905.0
 30
0.0
 11
1166.1999999999998
 21
905.0
 31
0.0
  0
LINE
  5
788
330
17
100
AcDbEntity
  8
Nivel
 62
4
100
AcDbLine
 10
797.8
 20
910.0
 30
0.0
 11
800.8
 21
905.0
 31
0.0
  0
LINE
  5
789
330
17
100
AcDbEntity
  8
Nivel
 62
4
100
AcDbLine
 10
803.8
 20
910.0
 30
0.0
 11
800.8
 21
905.0
 31
0.0
  0
TEXT
  5
78A
330
17
100
AcDbEntity
  8
Nivel
 62
4
100
AcDbText
 10
805.8
 20
906.0
 30
0.0
 40
4.0
  1
1o PAV.
100
AcDbText
  0
LINE
  5
78B
330
17
100
AcDbEntity
  8
Nivel
 62
4
100
AcDbLine
 10
798.8
 20
1151.0
 30
0.0
 11
1166.1999999999998
 21
1151.0
 31
0.0
  0
LINE
  5
78C
330
17
100
AcDbEntity
  8
Nivel
 62
4
100
AcDbLine
 10
797.8
 20
1156.0
 30
0.0
 11
800.8
 21
1151.0
 31
0.0
  0
LINE
  5
78D
330
17
100
AcDbEntity
  8
Nivel
 62
4
100
AcDbLine
 10
803.8
 20
1156.0
 30
0.0
 11
800.8
 21
1151.0
 31
0.0
  0
TEXT
  5
78E
330
17
100
AcDbEntity
  8
Nivel
 62
4
100
AcDbText
 10
805.8
 20
1152.0
 30
0.0
 40
4.0
  1
2o PAV.
100
AcDbText
  0
LWPOLYLINE
  5
78F
330
17
100
AcDbEntity
  8
CARIMBO
 62
40
100
AcDbPolyline
 90
4
 70
1
 10
796.8
 20
850.0
 10
1190.1999999999998
 20
850.0
 10
1190.1999999999998
 20
890.0
 10
796.8
 20
890.0
  0
LINE
  5
790
330
17
100
AcDbEntity
  8
CARIMBO
 62
40
100
AcDbLine
 10
796.8
 20
860.0
 30
0.0
 11
1190.1999999999998
 21
860.0
 31
0.0
  0
LINE
  5
791
330
17
100
AcDbEntity
  8
CARIMBO
 62
40
100
AcDbLine
 10
796.8
 20
870.0
 30
0.0
 11
1190.1999999999998
 21
870.0
 31
0.0
  0
LINE
  5
792
330
17
100
AcDbEntity
  8
CARIMBO
 62
40
100
AcDbLine
 10
796.8
 20
880.0
 30
0.0
 11
1190.1999999999998
 21
880.0
 31
0.0
  0
LINE
  5
793
330
17
100
AcDbEntity
  8
CARIMBO
 62
40
100
AcDbLine
 10
934.4899999999999
 20
850.0
 30
0.0
 11
934.4899999999999
 21
890.0
 31
0.0
  0
TEXT
  5
794
330
17
100
AcDbEntity
  8
CARIMBO
 62
9
100
AcDbText
 10
799.8
 20
885.0
 30
0.0
 40
3.0
  1
CLIENTE:
100
AcDbText
  0
TEXT
  5
795
330
17
100
AcDbEntity
  8
TEXTO_GERAL
 62
2
100
AcDbText
 10
937.4899999999999
 20
885.0
 30
0.0
 40
3.0
  1
ALIMONTI
100
AcDbText
  0
TEXT
  5
796
330
17
100
AcDbEntity
  8
CARIMBO
 62
9
100
AcDbText
 10
799.8
 20
875.0
 30
0.0
 40
3.0
  1
OBRA:
100
AcDbText
  0
TEXT
  5
797
330
17
100
AcDbEntity
  8
TEXTO_GERAL
 62
2
100
AcDbText
 10
937.4899999999999
 20
875.0
 30
0.0
 40
3.0
  1
Obra_TREINO_1
100
AcDbText
  0
TEXT
  5
798
330
17
100
AcDbEntity
  8
CARIMBO
 62
9
100
AcDbText
 10
799.8
 20
865.0
 30
0.0
 40
3.0
  1
PAVIMENTO:
100
AcDbText
  0
TEXT
  5
799
330
17
100
AcDbEntity
  8
TEXTO_GERAL
 62
2
100
AcDbText
 10
937.4899999999999
 20
865.0
 30
0.0
 40
3.0
  1
TERREO
100
AcDbText
  0
TEXT
  5
79A
330
17
100
AcDbEntity
  8
CARIMBO
 62
9
100
AcDbText
 10
799.8
 20
855.0
 30
0.0
 40
3.0
  1
PROJETO:
100
AcDbText
  0
TEXT
  5
79B
330
17
100
AcDbEntity
  8
TEXTO_GERAL
 62
2
100
AcDbText
 10
937.4899999999999
 20
855.0
 30
0.0
 40
3.0
  1
PILARES
100
AcDbText
  0
TEXT
  5
79C
330
17
100
AcDbEntity
  8
LABEL_ID
 62
3
100
AcDbText
 10
1175.1999999999998
 20
855.0
 30
0.0
 40
8.0
  1
13
100
AcDbText
  0
LWPOLYLINE
  5
79D
330
17
100
AcDbEntity
  8
BORDA_CELULA
 62
9
100
AcDbPolyline
 90
4
 70
1
 10
1263.1999999999998
 20
850.0
 10
1578.6
 20
850.0
 10
1578.6
 20
1255.0
 10
1263.1999999999998
 20
1255.0
  0
TEXT
  5
79E
330
17
100
AcDbEntity
  8
TEXTO_GERAL
 62
2
100
AcDbText
 10
1568.6
 20
1250.0
 30
0.0
 40
3.0
  1
TÉRREO - PD: 280.00
 72
2
 11
1568.6
 21
1250.0
 31
0.0
100
AcDbText
  0
TEXT
  5
79F
330
17
100
AcDbEntity
  8
TEXTO_GERAL
 62
2
100
AcDbText
 10
1568.6
 20
1245.0
 30
0.0
 40
3.0
  1
NIVEL DE SAIDA: 280.00
 72
2
 11
1568.6
 21
1245.0
 31
0.0
100
AcDbText
  0
TEXT
  5
7A0
330
17
100
AcDbEntity
  8
TEXTO_GERAL
 62
2
100
AcDbText
 10
1568.6
 20
1240.0
 30
0.0
 40
3.0
  1
NIVEL DE CHEGADA: 0.00
 72
2
 11
1568.6
 21
1240.0
 31
0.0
100
AcDbText
  0
TEXT
  5
7A1
330
17
100
AcDbEntity
  8
NOMENCLATURA
 62
1
100
AcDbText
 10
1283.1999999999998
 20
1243.0
 30
0.0
 40
10.0
  1
P27
100
AcDbText
  0
LWPOLYLINE
  5
7A2
330
17
100
AcDbEntity
  8
CONCRETO
 62
4
100
AcDbPolyline
 90
4
 70
1
 10
1294.3999999999999
 20
1167.0
 10
1344.3999999999999
 20
1167.0
 10
1344.3999999999999
 20
1183.0
 10
1294.3999999999999
 20
1183.0
  0
HATCH
  5
7A3
330
17
100
AcDbEntity
  8
COTA
100
AcDbHatch
 10
0.0
 20
0.0
 30
0.0
210
0.0
220
0.0
230
1.0
  2
AR-CONC
 70
0
 71
0
 91
1
 92
3
 72
0
 73
1
 93
4
 10
1294.3999999999999
 20
1167.0
 10
1344.3999999999999
 20
1167.0
 10
1344.3999999999999
 20
1183.0
 10
1294.3999999999999
 20
1183.0
 97
0
 75
1
 76
1
 52
0.0
 41
0.03
 77
0
 78
13
 53
50.0
 43
0.0
 44
0.0
 45
5.4655400699
 46
-0.4781725662
 79
2
 49
0.5715
 49
-6.2865
 53
355.0
 43
0.0
 44
0.0
 45
-1.0573026428
 46
5.7317053572
 79
2
 49
0.4572
 49
-5.0292175251
 53
100.4514447
 43
0.45546021
 44
-0.039847605
 45
4.4082374127
 46
5.2535325574
 79
2
 49
0.485700264
 49
-5.342707338
 53
46.1842
 43
0.0
 44
1.524
 45
8.1323712268
 46
-1.261269838
 79
2
 49
0.85725
 49
-9.42975
 53
96.63555761
 43
0.677697
 44
1.418895
 45
7.1221240215
 46
7.4227837379
 79
2
 49
0.7285506942
 49
-8.0140682448
 53
351.18415117
 43
0.0
 44
1.524
 45
7.1221240219
 46
7.4227837376
 79
2
 49
0.6857990121
 49
-7.5437919576
 53
21.0
 43
0.762
 44
1.143
 45
4.5484317381
 46
-3.0679559456
 79
2
 49
0.5715
 49
-6.2865
 53
326.0
 43
0.762
 44
1.143
 45
1.8540608504
 46
5.5256389837
 79
2
 49
0.4572
 49
-5.0292
 53
71.451445
 43
1.141035978
 44
0.887337003
 45
6.4024925784
 46
2.4576830666
 79
2
 49
0.485700264
 49
-5.342698128
 53
37.5
 43
0.0
 44
0.0
 45
0.0926580975
 46
2.5366511662
 79
6
 49
0.0
 49
-4.96824
 49
0.0
 49
-5.1054
 49
0.0
 49
-5.04825
 53
7.5
 43
0.0
 44
0.0
 45
2.0045898753
 46
3.0054172445
 79
6
 49
0.0
 49
-2.91084
 49
0.0
 49
-4.85394
 49
0.0
 49
-1.92405
 53
-32.5
 43
-1.69926
 44
0.0
 45
4.067717855
 46
-0.1718623198
 79
6
 49
0.0
 49
-1.905
 49
0.0
 49
-5.9436
 49
0.0
 49
-7.8867
 53
-42.5
 43
-2.46126
 44
0.0
 45
4.4438754416
 46
0.762794731
 79
6
 49
0.0
 49
-2.4765
 49
0.0
 49
-3.94716
 49
0.0
 49
-5.6007
 98
0
  0
LWPOLYLINE
  5
7A4
330
17
100
AcDbEntity
  8
Paineis
100
AcDbPolyline
 90
4
 70
1
 10
1294.3999999999999
 20
1164.8
 10
1344.3999999999999
 20
1164.8
 10
1344.3999999999999
 20
1167.0
 10
1294.3999999999999
 20
1167.0
  0
HATCH
  5
7A5
330
17
100
AcDbEntity
  8
Paineis
100
AcDbHatch
 10
0.0
 20
0.0
 30
0.0
210
0.0
220
0.0
230
1.0
  2
SOLID
 70
1
 71
0
 91
1
 92
3
 72
0
 73
1
 93
4
 10
1294.3999999999999
 20
1164.8
 10
1344.3999999999999
 20
1164.8
 10
1344.3999999999999
 20
1167.0
 10
1294.3999999999999
 20
1167.0
 97
0
 75
0
 76
1
 98
0
  0
HATCH
  5
7A6
330
17
100
AcDbEntity
  8
Paineis
100
AcDbHatch
 10
0.0
 20
0.0
 30
0.0
210
0.0
220
0.0
230
1.0
  2
ANSI31
 70
0
 71
0
 91
1
 92
3
 72
0
 73
1
 93
4
 10
1294.3999999999999
 20
1164.8
 10
1344.3999999999999
 20
1164.8
 10
1344.3999999999999
 20
1167.0
 10
1294.3999999999999
 20
1167.0
 97
0
 75
1
 76
1
 52
270.0
 41
0.5
 77
0
 78
1
 53
315.0
 43
-0.0
 44
-0.0
 45
1.1225320152
 46
1.1225320151
 79
0
 98
0
  0
LWPOLYLINE
  5
7A7
330
17
100
AcDbEntity
  8
Paineis
100
AcDbPolyline
 90
4
 70
1
 10
1294.3999999999999
 20
1183.0
 10
1344.3999999999999
 20
1183.0
 10
1344.3999999999999
 20
1185.2
 10
1294.3999999999999
 20
1185.2
  0
HATCH
  5
7A8
330
17
100
AcDbEntity
  8
Paineis
100
AcDbHatch
 10
0.0
 20
0.0
 30
0.0
210
0.0
220
0.0
230
1.0
  2
SOLID
 70
1
 71
0
 91
1
 92
3
 72
0
 73
1
 93
4
 10
1294.3999999999999
 20
1183.0
 10
1344.3999999999999
 20
1183.0
 10
1344.3999999999999
 20
1185.2
 10
1294.3999999999999
 20
1185.2
 97
0
 75
0
 76
1
 98
0
  0
HATCH
  5
7A9
330
17
100
AcDbEntity
  8
Paineis
100
AcDbHatch
 10
0.0
 20
0.0
 30
0.0
210
0.0
220
0.0
230
1.0
  2
ANSI31
 70
0
 71
0
 91
1
 92
3
 72
0
 73
1
 93
4
 10
1294.3999999999999
 20
1183.0
 10
1344.3999999999999
 20
1183.0
 10
1344.3999999999999
 20
1185.2
 10
1294.3999999999999
 20
1185.2
 97
0
 75
1
 76
1
 52
270.0
 41
0.5
 77
0
 78
1
 53
315.0
 43
-0.0
 44
-0.0
 45
1.1225320152
 46
1.1225320151
 79
0
 98
0
  0
LWPOLYLINE
  5
7AA
330
17
100
AcDbEntity
  8
Paineis
100
AcDbPolyline
 90
4
 70
1
 10
1292.1999999999998
 20
1167.0
 10
1294.3999999999999
 20
1167.0
 10
1294.3999999999999
 20
1183.0
 10
1292.1999999999998
 20
1183.0
  0
HATCH
  5
7AB
330
17
100
AcDbEntity
  8
Paineis
100
AcDbHatch
 10
0.0
 20
0.0
 30
0.0
210
0.0
220
0.0
230
1.0
  2
SOLID
 70
1
 71
0
 91
1
 92
3
 72
0
 73
1
 93
4
 10
1292.1999999999998
 20
1167.0
 10
1294.3999999999999
 20
1167.0
 10
1294.3999999999999
 20
1183.0
 10
1292.1999999999998
 20
1183.0
 97
0
 75
0
 76
1
 98
0
  0
HATCH
  5
7AC
330
17
100
AcDbEntity
  8
Paineis
100
AcDbHatch
 10
0.0
 20
0.0
 30
0.0
210
0.0
220
0.0
230
1.0
  2
ANSI31
 70
0
 71
0
 91
1
 92
3
 72
0
 73
1
 93
4
 10
1292.1999999999998
 20
1167.0
 10
1294.3999999999999
 20
1167.0
 10
1294.3999999999999
 20
1183.0
 10
1292.1999999999998
 20
1183.0
 97
0
 75
1
 76
1
 52
270.0
 41
0.5
 77
0
 78
1
 53
315.0
 43
-0.0
 44
-0.0
 45
1.1225320152
 46
1.1225320151
 79
0
 98
0
  0
LWPOLYLINE
  5
7AD
330
17
100
AcDbEntity
  8
Paineis
100
AcDbPolyline
 90
4
 70
1
 10
1344.3999999999999
 20
1167.0
 10
1346.6
 20
1167.0
 10
1346.6
 20
1183.0
 10
1344.3999999999999
 20
1183.0
  0
HATCH
  5
7AE
330
17
100
AcDbEntity
  8
Paineis
100
AcDbHatch
 10
0.0
 20
0.0
 30
0.0
210
0.0
220
0.0
230
1.0
  2
SOLID
 70
1
 71
0
 91
1
 92
3
 72
0
 73
1
 93
4
 10
1344.3999999999999
 20
1167.0
 10
1346.6
 20
1167.0
 10
1346.6
 20
1183.0
 10
1344.3999999999999
 20
1183.0
 97
0
 75
0
 76
1
 98
0
  0
HATCH
  5
7AF
330
17
100
AcDbEntity
  8
Paineis
100
AcDbHatch
 10
0.0
 20
0.0
 30
0.0
210
0.0
220
0.0
230
1.0
  2
ANSI31
 70
0
 71
0
 91
1
 92
3
 72
0
 73
1
 93
4
 10
1344.3999999999999
 20
1167.0
 10
1346.6
 20
1167.0
 10
1346.6
 20
1183.0
 10
1344.3999999999999
 20
1183.0
 97
0
 75
1
 76
1
 52
270.0
 41
0.5
 77
0
 78
1
 53
315.0
 43
-0.0
 44
-0.0
 45
1.1225320152
 46
1.1225320151
 79
0
 98
0
  0
LWPOLYLINE
  5
7B0
330
17
100
AcDbEntity
  8
SARR_2.2x7
100
AcDbPolyline
 90
4
 70
1
 10
1294.3999999999999
 20
1157.8
 10
1296.6
 20
1157.8
 10
1296.6
 20
1164.8
 10
1294.3999999999999
 20
1164.8
  0
HATCH
  5
7B1
330
17
100
AcDbEntity
  8
SARR_2.2x7
100
AcDbHatch
 10
0.0
 20
0.0
 30
0.0
210
0.0
220
0.0
230
1.0
  2
SOLID
 70
1
 71
0
 91
1
 92
3
 72
0
 73
1
 93
4
 10
1294.3999999999999
 20
1157.8
 10
1296.6
 20
1157.8
 10
1296.6
 20
1164.8
 10
1294.3999999999999
 20
1164.8
 97
0
 75
0
 76
1
 98
0
  0
HATCH
  5
7B2
330
17
100
AcDbEntity
  8
SARR_2.2x7
100
AcDbHatch
 10
0.0
 20
0.0
 30
0.0
210
0.0
220
0.0
230
1.0
  2
ANSI31
 70
0
 71
0
 91
1
 92
3
 72
0
 73
1
 93
4
 10
1294.3999999999999
 20
1157.8
 10
1296.6
 20
1157.8
 10
1296.6
 20
1164.8
 10
1294.3999999999999
 20
1164.8
 97
0
 75
1
 76
1
 52
270.0
 41
0.5
 77
0
 78
1
 53
315.0
 43
-0.0
 44
-0.0
 45
1.1225320152
 46
1.1225320151
 79
0
 98
0
  0
LWPOLYLINE
  5
7B3
330
17
100
AcDbEntity
  8
SARR_2.2x7
100
AcDbPolyline
 90
4
 70
1
 10
1318.3
 20
1157.8
 10
1320.5
 20
1157.8
 10
1320.5
 20
1164.8
 10
1318.3
 20
1164.8
  0
HATCH
  5
7B4
330
17
100
AcDbEntity
  8
SARR_2.2x7
100
AcDbHatch
 10
0.0
 20
0.0
 30
0.0
210
0.0
220
0.0
230
1.0
  2
SOLID
 70
1
 71
0
 91
1
 92
3
 72
0
 73
1
 93
4
 10
1318.3
 20
1157.8
 10
1320.5
 20
1157.8
 10
1320.5
 20
1164.8
 10
1318.3
 20
1164.8
 97
0
 75
0
 76
1
 98
0
  0
HATCH
  5
7B5
330
17
100
AcDbEntity
  8
SARR_2.2x7
100
AcDbHatch
 10
0.0
 20
0.0
 30
0.0
210
0.0
220
0.0
230
1.0
  2
ANSI31
 70
0
 71
0
 91
1
 92
3
 72
0
 73
1
 93
4
 10
1318.3
 20
1157.8
 10
1320.5
 20
1157.8
 10
1320.5
 20
1164.8
 10
1318.3
 20
1164.8
 97
0
 75
1
 76
1
 52
270.0
 41
0.5
 77
0
 78
1
 53
315.0
 43
-0.0
 44
-0.0
 45
1.1225320152
 46
1.1225320151
 79
0
 98
0
  0
LWPOLYLINE
  5
7B6
330
17
100
AcDbEntity
  8
SARR_2.2x7
100
AcDbPolyline
 90
4
 70
1
 10
1342.2
 20
1157.8
 10
1344.4
 20
1157.8
 10
1344.4
 20
1164.8
 10
1342.2
 20
1164.8
  0
HATCH
  5
7B7
330
17
100
AcDbEntity
  8
SARR_2.2x7
100
AcDbHatch
 10
0.0
 20
0.0
 30
0.0
210
0.0
220
0.0
230
1.0
  2
SOLID
 70
1
 71
0
 91
1
 92
3
 72
0
 73
1
 93
4
 10
1342.2
 20
1157.8
 10
1344.4
 20
1157.8
 10
1344.4
 20
1164.8
 10
1342.2
 20
1164.8
 97
0
 75
0
 76
1
 98
0
  0
HATCH
  5
7B8
330
17
100
AcDbEntity
  8
SARR_2.2x7
100
AcDbHatch
 10
0.0
 20
0.0
 30
0.0
210
0.0
220
0.0
230
1.0
  2
ANSI31
 70
0
 71
0
 91
1
 92
3
 72
0
 73
1
 93
4
 10
1342.2
 20
1157.8
 10
1344.4
 20
1157.8
 10
1344.4
 20
1164.8
 10
1342.2
 20
1164.8
 97
0
 75
1
 76
1
 52
270.0
 41
0.5
 77
0
 78
1
 53
315.0
 43
-0.0
 44
-0.0
 45
1.1225320152
 46
1.1225320151
 79
0
 98
0
  0
LWPOLYLINE
  5
7B9
330
17
100
AcDbEntity
  8
SARR_2.2x7
100
AcDbPolyline
 90
4
 70
1
 10
1294.3999999999999
 20
1185.2
 10
1296.6
 20
1185.2
 10
1296.6
 20
1192.2
 10
1294.3999999999999
 20
1192.2
  0
HATCH
  5
7BA
330
17
100
AcDbEntity
  8
SARR_2.2x7
100
AcDbHatch
 10
0.0
 20
0.0
 30
0.0
210
0.0
220
0.0
230
1.0
  2
SOLID
 70
1
 71
0
 91
1
 92
3
 72
0
 73
1
 93
4
 10
1294.3999999999999
 20
1185.2
 10
1296.6
 20
1185.2
 10
1296.6
 20
1192.2
 10
1294.3999999999999
 20
1192.2
 97
0
 75
0
 76
1
 98
0
  0
HATCH
  5
7BB
330
17
100
AcDbEntity
  8
SARR_2.2x7
100
AcDbHatch
 10
0.0
 20
0.0
 30
0.0
210
0.0
220
0.0
230
1.0
  2
ANSI31
 70
0
 71
0
 91
1
 92
3
 72
0
 73
1
 93
4
 10
1294.3999999999999
 20
1185.2
 10
1296.6
 20
1185.2
 10
1296.6
 20
1192.2
 10
1294.3999999999999
 20
1192.2
 97
0
 75
1
 76
1
 52
270.0
 41
0.5
 77
0
 78
1
 53
315.0
 43
-0.0
 44
-0.0
 45
1.1225320152
 46
1.1225320151
 79
0
 98
0
  0
LWPOLYLINE
  5
7BC
330
17
100
AcDbEntity
  8
SARR_2.2x7
100
AcDbPolyline
 90
4
 70
1
 10
1318.3
 20
1185.2
 10
1320.5
 20
1185.2
 10
1320.5
 20
1192.2
 10
1318.3
 20
1192.2
  0
HATCH
  5
7BD
330
17
100
AcDbEntity
  8
SARR_2.2x7
100
AcDbHatch
 10
0.0
 20
0.0
 30
0.0
210
0.0
220
0.0
230
1.0
  2
SOLID
 70
1
 71
0
 91
1
 92
3
 72
0
 73
1
 93
4
 10
1318.3
 20
1185.2
 10
1320.5
 20
1185.2
 10
1320.5
 20
1192.2
 10
1318.3
 20
1192.2
 97
0
 75
0
 76
1
 98
0
  0
HATCH
  5
7BE
330
17
100
AcDbEntity
  8
SARR_2.2x7
100
AcDbHatch
 10
0.0
 20
0.0
 30
0.0
210
0.0
220
0.0
230
1.0
  2
ANSI31
 70
0
 71
0
 91
1
 92
3
 72
0
 73
1
 93
4
 10
1318.3
 20
1185.2
 10
1320.5
 20
1185.2
 10
1320.5
 20
1192.2
 10
1318.3
 20
1192.2
 97
0
 75
1
 76
1
 52
270.0
 41
0.5
 77
0
 78
1
 53
315.0
 43
-0.0
 44
-0.0
 45
1.1225320152
 46
1.1225320151
 79
0
 98
0
  0
LWPOLYLINE
  5
7BF
330
17
100
AcDbEntity
  8
SARR_2.2x7
100
AcDbPolyline
 90
4
 70
1
 10
1342.2
 20
1185.2
 10
1344.4
 20
1185.2
 10
1344.4
 20
1192.2
 10
1342.2
 20
1192.2
  0
HATCH
  5
7C0
330
17
100
AcDbEntity
  8
SARR_2.2x7
100
AcDbHatch
 10
0.0
 20
0.0
 30
0.0
210
0.0
220
0.0
230
1.0
  2
SOLID
 70
1
 71
0
 91
1
 92
3
 72
0
 73
1
 93
4
 10
1342.2
 20
1185.2
 10
1344.4
 20
1185.2
 10
1344.4
 20
1192.2
 10
1342.2
 20
1192.2
 97
0
 75
0
 76
1
 98
0
  0
HATCH
  5
7C1
330
17
100
AcDbEntity
  8
SARR_2.2x7
100
AcDbHatch
 10
0.0
 20
0.0
 30
0.0
210
0.0
220
0.0
230
1.0
  2
ANSI31
 70
0
 71
0
 91
1
 92
3
 72
0
 73
1
 93
4
 10
1342.2
 20
1185.2
 10
1344.4
 20
1185.2
 10
1344.4
 20
1192.2
 10
1342.2
 20
1192.2
 97
0
 75
1
 76
1
 52
270.0
 41
0.5
 77
0
 78
1
 53
315.0
 43
-0.0
 44
-0.0
 45
1.1225320152
 46
1.1225320151
 79
0
 98
0
  0
LWPOLYLINE
  5
7C2
330
17
100
AcDbEntity
  8
SARR_2.2x7
100
AcDbPolyline
 90
4
 70
1
 10
1285.1999999999998
 20
1167.0
 10
1292.1999999999998
 20
1167.0
 10
1292.1999999999998
 20
1169.2
 10
1285.1999999999998
 20
1169.2
  0
HATCH
  5
7C3
330
17
100
AcDbEntity
  8
SARR_2.2x7
100
AcDbHatch
 10
0.0
 20
0.0
 30
0.0
210
0.0
220
0.0
230
1.0
  2
SOLID
 70
1
 71
0
 91
1
 92
3
 72
0
 73
1
 93
4
 10
1285.1999999999998
 20
1167.0
 10
1292.1999999999998
 20
1167.0
 10
1292.1999999999998
 20
1169.2
 10
1285.1999999999998
 20
1169.2
 97
0
 75
0
 76
1
 98
0
  0
HATCH
  5
7C4
330
17
100
AcDbEntity
  8
SARR_2.2x7
100
AcDbHatch
 10
0.0
 20
0.0
 30
0.0
210
0.0
220
0.0
230
1.0
  2
ANSI31
 70
0
 71
0
 91
1
 92
3
 72
0
 73
1
 93
4
 10
1285.1999999999998
 20
1167.0
 10
1292.1999999999998
 20
1167.0
 10
1292.1999999999998
 20
1169.2
 10
1285.1999999999998
 20
1169.2
 97
0
 75
1
 76
1
 52
270.0
 41
0.5
 77
0
 78
1
 53
315.0
 43
-0.0
 44
-0.0
 45
1.1225320152
 46
1.1225320151
 79
0
 98
0
  0
LWPOLYLINE
  5
7C5
330
17
100
AcDbEntity
  8
SARR_2.2x7
100
AcDbPolyline
 90
4
 70
1
 10
1285.1999999999998
 20
1180.8000000000002
 10
1292.1999999999998
 20
1180.8000000000002
 10
1292.1999999999998
 20
1183.0000000000002
 10
1285.1999999999998
 20
1183.0000000000002
  0
HATCH
  5
7C6
330
17
100
AcDbEntity
  8
SARR_2.2x7
100
AcDbHatch
 10
0.0
 20
0.0
 30
0.0
210
0.0
220
0.0
230
1.0
  2
SOLID
 70
1
 71
0
 91
1
 92
3
 72
0
 73
1
 93
4
 10
1285.1999999999998
 20
1180.8000000000002
 10
1292.1999999999998
 20
1180.8000000000002
 10
1292.1999999999998
 20
1183.0000000000002
 10
1285.1999999999998
 20
1183.0000000000002
 97
0
 75
0
 76
1
 98
0
  0
HATCH
  5
7C7
330
17
100
AcDbEntity
  8
SARR_2.2x7
100
AcDbHatch
 10
0.0
 20
0.0
 30
0.0
210
0.0
220
0.0
230
1.0
  2
ANSI31
 70
0
 71
0
 91
1
 92
3
 72
0
 73
1
 93
4
 10
1285.1999999999998
 20
1180.8000000000002
 10
1292.1999999999998
 20
1180.8000000000002
 10
1292.1999999999998
 20
1183.0000000000002
 10
1285.1999999999998
 20
1183.0000000000002
 97
0
 75
1
 76
1
 52
270.0
 41
0.5
 77
0
 78
1
 53
315.0
 43
-0.0
 44
-0.0
 45
1.1225320152
 46
1.1225320151
 79
0
 98
0
  0
LWPOLYLINE
  5
7C8
330
17
100
AcDbEntity
  8
SARR_2.2x7
100
AcDbPolyline
 90
4
 70
1
 10
1346.6
 20
1167.0
 10
1353.6
 20
1167.0
 10
1353.6
 20
1169.2
 10
1346.6
 20
1169.2
  0
HATCH
  5
7C9
330
17
100
AcDbEntity
  8
SARR_2.2x7
100
AcDbHatch
 10
0.0
 20
0.0
 30
0.0
210
0.0
220
0.0
230
1.0
  2
SOLID
 70
1
 71
0
 91
1
 92
3
 72
0
 73
1
 93
4
 10
1346.6
 20
1167.0
 10
1353.6
 20
1167.0
 10
1353.6
 20
1169.2
 10
1346.6
 20
1169.2
 97
0
 75
0
 76
1
 98
0
  0
HATCH
  5
7CA
330
17
100
AcDbEntity
  8
SARR_2.2x7
100
AcDbHatch
 10
0.0
 20
0.0
 30
0.0
210
0.0
220
0.0
230
1.0
  2
ANSI31
 70
0
 71
0
 91
1
 92
3
 72
0
 73
1
 93
4
 10
1346.6
 20
1167.0
 10
1353.6
 20
1167.0
 10
1353.6
 20
1169.2
 10
1346.6
 20
1169.2
 97
0
 75
1
 76
1
 52
270.0
 41
0.5
 77
0
 78
1
 53
315.0
 43
-0.0
 44
-0.0
 45
1.1225320152
 46
1.1225320151
 79
0
 98
0
  0
LWPOLYLINE
  5
7CB
330
17
100
AcDbEntity
  8
SARR_2.2x7
100
AcDbPolyline
 90
4
 70
1
 10
1346.6
 20
1180.8000000000002
 10
1353.6
 20
1180.8000000000002
 10
1353.6
 20
1183.0000000000002
 10
1346.6
 20
1183.0000000000002
  0
HATCH
  5
7CC
330
17
100
AcDbEntity
  8
SARR_2.2x7
100
AcDbHatch
 10
0.0
 20
0.0
 30
0.0
210
0.0
220
0.0
230
1.0
  2
SOLID
 70
1
 71
0
 91
1
 92
3
 72
0
 73
1
 93
4
 10
1346.6
 20
1180.8000000000002
 10
1353.6
 20
1180.8000000000002
 10
1353.6
 20
1183.0000000000002
 10
1346.6
 20
1183.0000000000002
 97
0
 75
0
 76
1
 98
0
  0
HATCH
  5
7CD
330
17
100
AcDbEntity
  8
SARR_2.2x7
100
AcDbHatch
 10
0.0
 20
0.0
 30
0.0
210
0.0
220
0.0
230
1.0
  2
ANSI31
 70
0
 71
0
 91
1
 92
3
 72
0
 73
1
 93
4
 10
1346.6
 20
1180.8000000000002
 10
1353.6
 20
1180.8000000000002
 10
1353.6
 20
1183.0000000000002
 10
1346.6
 20
1183.0000000000002
 97
0
 75
1
 76
1
 52
270.0
 41
0.5
 77
0
 78
1
 53
315.0
 43
-0.0
 44
-0.0
 45
1.1225320152
 46
1.1225320151
 79
0
 98
0
  0
LWPOLYLINE
  5
7CE
330
17
100
AcDbEntity
  8
CHAPA
 62
1
100
AcDbPolyline
 90
4
 70
1
 10
1290.1999999999998
 20
1162.8
 10
1292.1999999999998
 20
1162.8
 10
1292.1999999999998
 20
1164.8
 10
1290.1999999999998
 20
1164.8
  0
HATCH
  5
7CF
330
17
100
AcDbEntity
  8
CHAPA
 62
1
100
AcDbHatch
 10
0.0
 20
0.0
 30
0.0
210
0.0
220
0.0
230
1.0
  2
SOLID
 70
1
 71
0
 91
1
 92
3
 72
0
 73
1
 93
4
 10
1290.1999999999998
 20
1162.8
 10
1292.1999999999998
 20
1162.8
 10
1292.1999999999998
 20
1164.8
 10
1290.1999999999998
 20
1164.8
 97
0
 75
0
 76
1
 98
0
  0
LWPOLYLINE
  5
7D0
330
17
100
AcDbEntity
  8
CHAPA
 62
1
100
AcDbPolyline
 90
4
 70
1
 10
1346.6
 20
1162.8
 10
1348.6
 20
1162.8
 10
1348.6
 20
1164.8
 10
1346.6
 20
1164.8
  0
HATCH
  5
7D1
330
17
100
AcDbEntity
  8
CHAPA
 62
1
100
AcDbHatch
 10
0.0
 20
0.0
 30
0.0
210
0.0
220
0.0
230
1.0
  2
SOLID
 70
1
 71
0
 91
1
 92
3
 72
0
 73
1
 93
4
 10
1346.6
 20
1162.8
 10
1348.6
 20
1162.8
 10
1348.6
 20
1164.8
 10
1346.6
 20
1164.8
 97
0
 75
0
 76
1
 98
0
  0
LWPOLYLINE
  5
7D2
330
17
100
AcDbEntity
  8
CHAPA
 62
1
100
AcDbPolyline
 90
4
 70
1
 10
1346.6
 20
1185.2
 10
1348.6
 20
1185.2
 10
1348.6
 20
1187.2
 10
1346.6
 20
1187.2
  0
HATCH
  5
7D3
330
17
100
AcDbEntity
  8
CHAPA
 62
1
100
AcDbHatch
 10
0.0
 20
0.0
 30
0.0
210
0.0
220
0.0
230
1.0
  2
SOLID
 70
1
 71
0
 91
1
 92
3
 72
0
 73
1
 93
4
 10
1346.6
 20
1185.2
 10
1348.6
 20
1185.2
 10
1348.6
 20
1187.2
 10
1346.6
 20
1187.2
 97
0
 75
0
 76
1
 98
0
  0
LWPOLYLINE
  5
7D4
330
17
100
AcDbEntity
  8
CHAPA
 62
1
100
AcDbPolyline
 90
4
 70
1
 10
1290.1999999999998
 20
1185.2
 10
1292.1999999999998
 20
1185.2
 10
1292.1999999999998
 20
1187.2
 10
1290.1999999999998
 20
1187.2
  0
HATCH
  5
7D5
330
17
100
AcDbEntity
  8
CHAPA
 62
1
100
AcDbHatch
 10
0.0
 20
0.0
 30
0.0
210
0.0
220
0.0
230
1.0
  2
SOLID
 70
1
 71
0
 91
1
 92
3
 72
0
 73
1
 93
4
 10
1290.1999999999998
 20
1185.2
 10
1292.1999999999998
 20
1185.2
 10
1292.1999999999998
 20
1187.2
 10
1290.1999999999998
 20
1187.2
 97
0
 75
0
 76
1
 98
0
  0
TEXT
  5
7D6
330
17
100
AcDbEntity
  8
Texto Secao
 62
2
100
AcDbText
 10
1319.3999999999999
 20
1154.8
 30
0.0
 40
4.0
  1
A
 72
1
 11
1319.3999999999999
 21
1154.8
 31
0.0
100
AcDbText
 73
3
  0
TEXT
  5
7D7
330
17
100
AcDbEntity
  8
Texto Secao
 62
2
100
AcDbText
 10
1319.3999999999999
 20
1195.2
 30
0.0
 40
4.0
  1
C
 72
1
 11
1319.3999999999999
 21
1195.2
 31
0.0
100
AcDbText
 73
1
  0
TEXT
  5
7D8
330
17
100
AcDbEntity
  8
Texto Secao
 62
2
100
AcDbText
 10
1282.1999999999998
 20
1175.0
 30
0.0
 40
4.0
  1
D
 72
2
 11
1282.1999999999998
 21
1175.0
 31
0.0
100
AcDbText
 73
2
  0
TEXT
  5
7D9
330
17
100
AcDbEntity
  8
Texto Secao
 62
2
100
AcDbText
 10
1356.6
 20
1175.0
 30
0.0
 40
4.0
  1
B
 11
1356.6
 21
1175.0
 31
0.0
100
AcDbText
 73
2
  0
TEXT
  5
7DA
330
17
100
AcDbEntity
  8
Cota Secao (2x)
 62
4
100
AcDbText
 10
1319.3999999999999
 20
1145.8
 30
0.0
 40
3.4
  1
50x16cm
 72
1
 11
1319.3999999999999
 21
1145.8
 31
0.0
100
AcDbText
 73
3
  0
TEXT
  5
7DB
330
17
100
AcDbEntity
  8
Texto Secao
 62
2
100
AcDbText
 10
1319.3999999999999
 20
1204.2
 30
0.0
 40
4.0
  1
VISAO DE CIMA
 72
1
 11
1319.3999999999999
 21
1204.2
 31
0.0
100
AcDbText
 73
1
  0
LWPOLYLINE
  5
7DC
330
17
100
AcDbEntity
  8
Paineis
100
AcDbPolyline
 90
4
 70
1
 10
1385.6
 20
905.0
 10
1435.6
 20
905.0
 10
1435.6
 20
1151.0
 10
1385.6
 20
1151.0
  0
HATCH
  5
7DD
330
17
100
AcDbEntity
  8
Hachura
100
AcDbHatch
 10
0.0
 20
0.0
 30
0.0
210
0.0
220
0.0
230
1.0
  2
SOLID
 70
1
 71
0
 91
1
 92
3
 72
0
 73
1
 93
4
 10
1385.6
 20
905.0
 10
1435.6
 20
905.0
 10
1435.6
 20
1151.0
 10
1385.6
 20
1151.0
 97
0
 75
0
 76
1
 98
0
  0
HATCH
  5
7DE
330
17
100
AcDbEntity
  8
Hachura
100
AcDbHatch
 10
0.0
 20
0.0
 30
0.0
210
0.0
220
0.0
230
1.0
  2
ANSI31
 70
0
 71
0
 91
1
 92
3
 72
0
 73
1
 93
4
 10
1385.6
 20
905.0
 10
1435.6
 20
905.0
 10
1435.6
 20
1151.0
 10
1385.6
 20
1151.0
 97
0
 75
1
 76
1
 52
0.0
 41
5.0
 77
0
 78
1
 53
45.0
 43
0.0
 44
0.0
 45
-11.2253201515
 46
11.2253201515
 79
0
 98
0
  0
LWPOLYLINE
  5
7DF
330
17
100
AcDbEntity
  8
Paineis
100
AcDbPolyline
 90
4
 70
1
 10
1385.6
 20
1151.0
 10
1435.6
 20
1151.0
 10
1435.6
 20
1185.0
 10
1385.6
 20
1185.0
  0
HATCH
  5
7E0
330
17
100
AcDbEntity
  8
Hachura
100
AcDbHatch
 10
0.0
 20
0.0
 30
0.0
210
0.0
220
0.0
230
1.0
  2
SOLID
 70
1
 71
0
 91
1
 92
3
 72
0
 73
1
 93
4
 10
1385.6
 20
1151.0
 10
1435.6
 20
1151.0
 10
1435.6
 20
1185.0
 10
1385.6
 20
1185.0
 97
0
 75
0
 76
1
 98
0
  0
HATCH
  5
7E1
330
17
100
AcDbEntity
  8
Hachura
100
AcDbHatch
 10
0.0
 20
0.0
 30
0.0
210
0.0
220
0.0
230
1.0
  2
ANSI31
 70
0
 71
0
 91
1
 92
3
 72
0
 73
1
 93
4
 10
1385.6
 20
1151.0
 10
1435.6
 20
1151.0
 10
1435.6
 20
1185.0
 10
1385.6
 20
1185.0
 97
0
 75
1
 76
1
 52
0.0
 41
2.5
 77
0
 78
1
 53
45.0
 43
0.0
 44
0.0
 45
-5.6126600758
 46
5.6126600758
 79
0
 98
0
  0
LINE
  5
7E2
330
17
100
AcDbEntity
  8
Paineis
100
AcDbLine
 10
1385.6
 20
1149.0
 30
0.0
 11
1435.6
 21
1149.0
 31
0.0
  0
LINE
  5
7E3
330
17
100
AcDbEntity
  8
Paineis
100
AcDbLine
 10
1385.6
 20
907.0
 30
0.0
 11
1435.6
 21
907.0
 31
0.0
  0
LINE
  5
7E4
330
17
100
AcDbEntity
  8
SARR_2.2x7
  6
HIDDEN
 48
30.0
100
AcDbLine
 10
1386.6999999999998
 20
905.0
 30
0.0
 11
1386.6999999999998
 21
1185.0
 31
0.0
  0
LINE
  5
7E5
330
17
100
AcDbEntity
  8
SARR_2.2x7
  6
HIDDEN
 48
30.0
100
AcDbLine
 10
1410.6
 20
905.0
 30
0.0
 11
1410.6
 21
1185.0
 31
0.0
  0
LINE
  5
7E6
330
17
100
AcDbEntity
  8
SARR_2.2x7
  6
HIDDEN
 48
30.0
100
AcDbLine
 10
1434.5
 20
905.0
 30
0.0
 11
1434.5
 21
1185.0
 31
0.0
  0
TEXT
  5
7E7
330
17
100
AcDbEntity
  8
Texto Secao
 62
2
100
AcDbText
 10
1410.6
 20
897.0
 30
0.0
 40
4.5
  1
P27.A
 50
90.0
100
AcDbText
  0
LWPOLYLINE
  5
7E8
330
17
100
AcDbEntity
  8
Paineis
100
AcDbPolyline
 90
4
 70
1
 10
1443.6
 20
905.0
 10
1459.6
 20
905.0
 10
1459.6
 20
1151.0
 10
1443.6
 20
1151.0
  0
HATCH
  5
7E9
330
17
100
AcDbEntity
  8
Hachura
100
AcDbHatch
 10
0.0
 20
0.0
 30
0.0
210
0.0
220
0.0
230
1.0
  2
SOLID
 70
1
 71
0
 91
1
 92
3
 72
0
 73
1
 93
4
 10
1443.6
 20
905.0
 10
1459.6
 20
905.0
 10
1459.6
 20
1151.0
 10
1443.6
 20
1151.0
 97
0
 75
0
 76
1
 98
0
  0
HATCH
  5
7EA
330
17
100
AcDbEntity
  8
Hachura
100
AcDbHatch
 10
0.0
 20
0.0
 30
0.0
210
0.0
220
0.0
230
1.0
  2
ANSI31
 70
0
 71
0
 91
1
 92
3
 72
0
 73
1
 93
4
 10
1443.6
 20
905.0
 10
1459.6
 20
905.0
 10
1459.6
 20
1151.0
 10
1443.6
 20
1151.0
 97
0
 75
1
 76
1
 52
0.0
 41
5.0
 77
0
 78
1
 53
45.0
 43
0.0
 44
0.0
 45
-11.2253201515
 46
11.2253201515
 79
0
 98
0
  0
LWPOLYLINE
  5
7EB
330
17
100
AcDbEntity
  8
Paineis
100
AcDbPolyline
 90
4
 70
1
 10
1443.6
 20
1151.0
 10
1459.6
 20
1151.0
 10
1459.6
 20
1185.0
 10
1443.6
 20
1185.0
  0
HATCH
  5
7EC
330
17
100
AcDbEntity
  8
Hachura
100
AcDbHatch
 10
0.0
 20
0.0
 30
0.0
210
0.0
220
0.0
230
1.0
  2
SOLID
 70
1
 71
0
 91
1
 92
3
 72
0
 73
1
 93
4
 10
1443.6
 20
1151.0
 10
1459.6
 20
1151.0
 10
1459.6
 20
1185.0
 10
1443.6
 20
1185.0
 97
0
 75
0
 76
1
 98
0
  0
HATCH
  5
7ED
330
17
100
AcDbEntity
  8
Hachura
100
AcDbHatch
 10
0.0
 20
0.0
 30
0.0
210
0.0
220
0.0
230
1.0
  2
ANSI31
 70
0
 71
0
 91
1
 92
3
 72
0
 73
1
 93
4
 10
1443.6
 20
1151.0
 10
1459.6
 20
1151.0
 10
1459.6
 20
1185.0
 10
1443.6
 20
1185.0
 97
0
 75
1
 76
1
 52
0.0
 41
2.5
 77
0
 78
1
 53
45.0
 43
0.0
 44
0.0
 45
-5.6126600758
 46
5.6126600758
 79
0
 98
0
  0
LINE
  5
7EE
330
17
100
AcDbEntity
  8
Paineis
100
AcDbLine
 10
1443.6
 20
1149.0
 30
0.0
 11
1459.6
 21
1149.0
 31
0.0
  0
LINE
  5
7EF
330
17
100
AcDbEntity
  8
Paineis
100
AcDbLine
 10
1443.6
 20
907.0
 30
0.0
 11
1459.6
 21
907.0
 31
0.0
  0
LINE
  5
7F0
330
17
100
AcDbEntity
  8
SARR_2.2x7
  6
HIDDEN
 48
30.0
100
AcDbLine
 10
1444.6999999999998
 20
905.0
 30
0.0
 11
1444.6999999999998
 21
1185.0
 31
0.0
  0
LINE
  5
7F1
330
17
100
AcDbEntity
  8
SARR_2.2x7
  6
HIDDEN
 48
30.0
100
AcDbLine
 10
1458.5
 20
905.0
 30
0.0
 11
1458.5
 21
1185.0
 31
0.0
  0
TEXT
  5
7F2
330
17
100
AcDbEntity
  8
Texto Secao
 62
2
100
AcDbText
 10
1451.6
 20
897.0
 30
0.0
 40
4.5
  1
P27.B
 50
90.0
100
AcDbText
  0
LWPOLYLINE
  5
7F3
330
17
100
AcDbEntity
  8
Paineis
100
AcDbPolyline
 90
4
 70
1
 10
1467.6
 20
905.0
 10
1517.6
 20
905.0
 10
1517.6
 20
1151.0
 10
1467.6
 20
1151.0
  0
HATCH
  5
7F4
330
17
100
AcDbEntity
  8
Hachura
100
AcDbHatch
 10
0.0
 20
0.0
 30
0.0
210
0.0
220
0.0
230
1.0
  2
SOLID
 70
1
 71
0
 91
1
 92
3
 72
0
 73
1
 93
4
 10
1467.6
 20
905.0
 10
1517.6
 20
905.0
 10
1517.6
 20
1151.0
 10
1467.6
 20
1151.0
 97
0
 75
0
 76
1
 98
0
  0
HATCH
  5
7F5
330
17
100
AcDbEntity
  8
Hachura
100
AcDbHatch
 10
0.0
 20
0.0
 30
0.0
210
0.0
220
0.0
230
1.0
  2
ANSI31
 70
0
 71
0
 91
1
 92
3
 72
0
 73
1
 93
4
 10
1467.6
 20
905.0
 10
1517.6
 20
905.0
 10
1517.6
 20
1151.0
 10
1467.6
 20
1151.0
 97
0
 75
1
 76
1
 52
0.0
 41
5.0
 77
0
 78
1
 53
45.0
 43
0.0
 44
0.0
 45
-11.2253201515
 46
11.2253201515
 79
0
 98
0
  0
LWPOLYLINE
  5
7F6
330
17
100
AcDbEntity
  8
Paineis
100
AcDbPolyline
 90
4
 70
1
 10
1467.6
 20
1151.0
 10
1517.6
 20
1151.0
 10
1517.6
 20
1185.0
 10
1467.6
 20
1185.0
  0
HATCH
  5
7F7
330
17
100
AcDbEntity
  8
Hachura
100
AcDbHatch
 10
0.0
 20
0.0
 30
0.0
210
0.0
220
0.0
230
1.0
  2
SOLID
 70
1
 71
0
 91
1
 92
3
 72
0
 73
1
 93
4
 10
1467.6
 20
1151.0
 10
1517.6
 20
1151.0
 10
1517.6
 20
1185.0
 10
1467.6
 20
1185.0
 97
0
 75
0
 76
1
 98
0
  0
HATCH
  5
7F8
330
17
100
AcDbEntity
  8
Hachura
100
AcDbHatch
 10
0.0
 20
0.0
 30
0.0
210
0.0
220
0.0
230
1.0
  2
ANSI31
 70
0
 71
0
 91
1
 92
3
 72
0
 73
1
 93
4
 10
1467.6
 20
1151.0
 10
1517.6
 20
1151.0
 10
1517.6
 20
1185.0
 10
1467.6
 20
1185.0
 97
0
 75
1
 76
1
 52
0.0
 41
2.5
 77
0
 78
1
 53
45.0
 43
0.0
 44
0.0
 45
-5.6126600758
 46
5.6126600758
 79
0
 98
0
  0
LINE
  5
7F9
330
17
100
AcDbEntity
  8
Paineis
100
AcDbLine
 10
1467.6
 20
1149.0
 30
0.0
 11
1517.6
 21
1149.0
 31
0.0
  0
LINE
  5
7FA
330
17
100
AcDbEntity
  8
Paineis
100
AcDbLine
 10
1467.6
 20
907.0
 30
0.0
 11
1517.6
 21
907.0
 31
0.0
  0
LINE
  5
7FB
330
17
100
AcDbEntity
  8
SARR_2.2x7
  6
HIDDEN
 48
30.0
100
AcDbLine
 10
1468.6999999999998
 20
905.0
 30
0.0
 11
1468.6999999999998
 21
1185.0
 31
0.0
  0
LINE
  5
7FC
330
17
100
AcDbEntity
  8
SARR_2.2x7
  6
HIDDEN
 48
30.0
100
AcDbLine
 10
1492.6
 20
905.0
 30
0.0
 11
1492.6
 21
1185.0
 31
0.0
  0
LINE
  5
7FD
330
17
100
AcDbEntity
  8
SARR_2.2x7
  6
HIDDEN
 48
30.0
100
AcDbLine
 10
1516.5
 20
905.0
 30
0.0
 11
1516.5
 21
1185.0
 31
0.0
  0
TEXT
  5
7FE
330
17
100
AcDbEntity
  8
Texto Secao
 62
2
100
AcDbText
 10
1492.6
 20
897.0
 30
0.0
 40
4.5
  1
P27.C
 50
90.0
100
AcDbText
  0
LWPOLYLINE
  5
7FF
330
17
100
AcDbEntity
  8
Paineis
100
AcDbPolyline
 90
4
 70
1
 10
1525.6
 20
905.0
 10
1541.6
 20
905.0
 10
1541.6
 20
1151.0
 10
1525.6
 20
1151.0
  0
HATCH
  5
800
330
17
100
AcDbEntity
  8
Hachura
100
AcDbHatch
 10
0.0
 20
0.0
 30
0.0
210
0.0
220
0.0
230
1.0
  2
SOLID
 70
1
 71
0
 91
1
 92
3
 72
0
 73
1
 93
4
 10
1525.6
 20
905.0
 10
1541.6
 20
905.0
 10
1541.6
 20
1151.0
 10
1525.6
 20
1151.0
 97
0
 75
0
 76
1
 98
0
  0
HATCH
  5
801
330
17
100
AcDbEntity
  8
Hachura
100
AcDbHatch
 10
0.0
 20
0.0
 30
0.0
210
0.0
220
0.0
230
1.0
  2
ANSI31
 70
0
 71
0
 91
1
 92
3
 72
0
 73
1
 93
4
 10
1525.6
 20
905.0
 10
1541.6
 20
905.0
 10
1541.6
 20
1151.0
 10
1525.6
 20
1151.0
 97
0
 75
1
 76
1
 52
0.0
 41
5.0
 77
0
 78
1
 53
45.0
 43
0.0
 44
0.0
 45
-11.2253201515
 46
11.2253201515
 79
0
 98
0
  0
LWPOLYLINE
  5
802
330
17
100
AcDbEntity
  8
Paineis
100
AcDbPolyline
 90
4
 70
1
 10
1525.6
 20
1151.0
 10
1541.6
 20
1151.0
 10
1541.6
 20
1185.0
 10
1525.6
 20
1185.0
  0
HATCH
  5
803
330
17
100
AcDbEntity
  8
Hachura
100
AcDbHatch
 10
0.0
 20
0.0
 30
0.0
210
0.0
220
0.0
230
1.0
  2
SOLID
 70
1
 71
0
 91
1
 92
3
 72
0
 73
1
 93
4
 10
1525.6
 20
1151.0
 10
1541.6
 20
1151.0
 10
1541.6
 20
1185.0
 10
1525.6
 20
1185.0
 97
0
 75
0
 76
1
 98
0
  0
HATCH
  5
804
330
17
100
AcDbEntity
  8
Hachura
100
AcDbHatch
 10
0.0
 20
0.0
 30
0.0
210
0.0
220
0.0
230
1.0
  2
ANSI31
 70
0
 71
0
 91
1
 92
3
 72
0
 73
1
 93
4
 10
1525.6
 20
1151.0
 10
1541.6
 20
1151.0
 10
1541.6
 20
1185.0
 10
1525.6
 20
1185.0
 97
0
 75
1
 76
1
 52
0.0
 41
2.5
 77
0
 78
1
 53
45.0
 43
0.0
 44
0.0
 45
-5.6126600758
 46
5.6126600758
 79
0
 98
0
  0
LINE
  5
805
330
17
100
AcDbEntity
  8
Paineis
100
AcDbLine
 10
1525.6
 20
1149.0
 30
0.0
 11
1541.6
 21
1149.0
 31
0.0
  0
LINE
  5
806
330
17
100
AcDbEntity
  8
Paineis
100
AcDbLine
 10
1525.6
 20
907.0
 30
0.0
 11
1541.6
 21
907.0
 31
0.0
  0
LINE
  5
807
330
17
100
AcDbEntity
  8
SARR_2.2x7
  6
HIDDEN
 48
30.0
100
AcDbLine
 10
1526.6999999999998
 20
905.0
 30
0.0
 11
1526.6999999999998
 21
1185.0
 31
0.0
  0
LINE
  5
808
330
17
100
AcDbEntity
  8
SARR_2.2x7
  6
HIDDEN
 48
30.0
100
AcDbLine
 10
1540.5
 20
905.0
 30
0.0
 11
1540.5
 21
1185.0
 31
0.0
  0
TEXT
  5
809
330
17
100
AcDbEntity
  8
Texto Secao
 62
2
100
AcDbText
 10
1533.6
 20
897.0
 30
0.0
 40
4.5
  1
P27.D
 50
90.0
100
AcDbText
  0
LINE
  5
80A
330
17
100
AcDbEntity
  8
COTA
 62
8
100
AcDbLine
 10
1549.6
 20
905.0
 30
0.0
 11
1549.6
 21
1185.0
 31
0.0
  0
LINE
  5
80B
330
17
100
AcDbEntity
  8
COTA
 62
8
100
AcDbLine
 10
1547.6
 20
905.0
 30
0.0
 11
1551.6
 21
905.0
 31
0.0
  0
LINE
  5
80C
330
17
100
AcDbEntity
  8
COTA
 62
8
100
AcDbLine
 10
1547.6
 20
907.0
 30
0.0
 11
1551.6
 21
907.0
 31
0.0
  0
TEXT
  5
80D
330
17
100
AcDbEntity
  8
COTA
 62
8
100
AcDbText
 10
1554.6
 20
906.0
 30
0.0
 40
3.0
  1
h1=2
100
AcDbText
  0
LINE
  5
80E
330
17
100
AcDbEntity
  8
COTA
 62
8
100
AcDbLine
 10
1547.6
 20
907.0
 30
0.0
 11
1551.6
 21
907.0
 31
0.0
  0
LINE
  5
80F
330
17
100
AcDbEntity
  8
COTA
 62
8
100
AcDbLine
 10
1547.6
 20
1151.0
 30
0.0
 11
1551.6
 21
1151.0
 31
0.0
  0
TEXT
  5
810
330
17
100
AcDbEntity
  8
COTA
 62
8
100
AcDbText
 10
1554.6
 20
1029.0
 30
0.0
 40
3.0
  1
h2=244
100
AcDbText
  0
LINE
  5
811
330
17
100
AcDbEntity
  8
COTA
 62
8
100
AcDbLine
 10
1547.6
 20
1151.0
 30
0.0
 11
1551.6
 21
1151.0
 31
0.0
  0
LINE
  5
812
330
17
100
AcDbEntity
  8
COTA
 62
8
100
AcDbLine
 10
1547.6
 20
1185.0
 30
0.0
 11
1551.6
 21
1185.0
 31
0.0
  0
TEXT
  5
813
330
17
100
AcDbEntity
  8
COTA
 62
8
100
AcDbText
 10
1554.6
 20
1168.0
 30
0.0
 40
3.0
  1
h3=34
100
AcDbText
  0
TEXT
  5
814
330
17
100
AcDbEntity
  8
COTA
 62
8
100
AcDbText
 10
1554.6
 20
1188.0
 30
0.0
 40
3.5
  1
TOTAL=280
100
AcDbText
  0
LINE
  5
815
330
17
100
AcDbEntity
  8
Nivel
 62
4
100
AcDbLine
 10
1265.1999999999998
 20
905.0
 30
0.0
 11
1554.6
 21
905.0
 31
0.0
  0
LINE
  5
816
330
17
100
AcDbEntity
  8
Nivel
 62
4
100
AcDbLine
 10
1264.1999999999998
 20
910.0
 30
0.0
 11
1267.1999999999998
 21
905.0
 31
0.0
  0
LINE
  5
817
330
17
100
AcDbEntity
  8
Nivel
 62
4
100
AcDbLine
 10
1270.1999999999998
 20
910.0
 30
0.0
 11
1267.1999999999998
 21
905.0
 31
0.0
  0
TEXT
  5
818
330
17
100
AcDbEntity
  8
Nivel
 62
4
100
AcDbText
 10
1272.1999999999998
 20
906.0
 30
0.0
 40
4.0
  1
1o PAV.
100
AcDbText
  0
LINE
  5
819
330
17
100
AcDbEntity
  8
Nivel
 62
4
100
AcDbLine
 10
1265.1999999999998
 20
1151.0
 30
0.0
 11
1554.6
 21
1151.0
 31
0.0
  0
LINE
  5
81A
330
17
100
AcDbEntity
  8
Nivel
 62
4
100
AcDbLine
 10
1264.1999999999998
 20
1156.0
 30
0.0
 11
1267.1999999999998
 21
1151.0
 31
0.0
  0
LINE
  5
81B
330
17
100
AcDbEntity
  8
Nivel
 62
4
100
AcDbLine
 10
1270.1999999999998
 20
1156.0
 30
0.0
 11
1267.1999999999998
 21
1151.0
 31
0.0
  0
TEXT
  5
81C
330
17
100
AcDbEntity
  8
Nivel
 62
4
100
AcDbText
 10
1272.1999999999998
 20
1152.0
 30
0.0
 40
4.0
  1
2o PAV.
100
AcDbText
  0
LWPOLYLINE
  5
81D
330
17
100
AcDbEntity
  8
CARIMBO
 62
40
100
AcDbPolyline
 90
4
 70
1
 10
1263.1999999999998
 20
850.0
 10
1578.6
 20
850.0
 10
1578.6
 20
890.0
 10
1263.1999999999998
 20
890.0
  0
LINE
  5
81E
330
17
100
AcDbEntity
  8
CARIMBO
 62
40
100
AcDbLine
 10
1263.1999999999998
 20
860.0
 30
0.0
 11
1578.6
 21
860.0
 31
0.0
  0
LINE
  5
81F
330
17
100
AcDbEntity
  8
CARIMBO
 62
40
100
AcDbLine
 10
1263.1999999999998
 20
870.0
 30
0.0
 11
1578.6
 21
870.0
 31
0.0
  0
LINE
  5
820
330
17
100
AcDbEntity
  8
CARIMBO
 62
40
100
AcDbLine
 10
1263.1999999999998
 20
880.0
 30
0.0
 11
1578.6
 21
880.0
 31
0.0
  0
LINE
  5
821
330
17
100
AcDbEntity
  8
CARIMBO
 62
40
100
AcDbLine
 10
1373.5899999999997
 20
850.0
 30
0.0
 11
1373.5899999999997
 21
890.0
 31
0.0
  0
TEXT
  5
822
330
17
100
AcDbEntity
  8
CARIMBO
 62
9
100
AcDbText
 10
1266.1999999999998
 20
885.0
 30
0.0
 40
3.0
  1
CLIENTE:
100
AcDbText
  0
TEXT
  5
823
330
17
100
AcDbEntity
  8
TEXTO_GERAL
 62
2
100
AcDbText
 10
1376.5899999999997
 20
885.0
 30
0.0
 40
3.0
  1
ALIMONTI
100
AcDbText
  0
TEXT
  5
824
330
17
100
AcDbEntity
  8
CARIMBO
 62
9
100
AcDbText
 10
1266.1999999999998
 20
875.0
 30
0.0
 40
3.0
  1
OBRA:
100
AcDbText
  0
TEXT
  5
825
330
17
100
AcDbEntity
  8
TEXTO_GERAL
 62
2
100
AcDbText
 10
1376.5899999999997
 20
875.0
 30
0.0
 40
3.0
  1
Obra_TREINO_1
100
AcDbText
  0
TEXT
  5
826
330
17
100
AcDbEntity
  8
CARIMBO
 62
9
100
AcDbText
 10
1266.1999999999998
 20
865.0
 30
0.0
 40
3.0
  1
PAVIMENTO:
100
AcDbText
  0
TEXT
  5
827
330
17
100
AcDbEntity
  8
TEXTO_GERAL
 62
2
100
AcDbText
 10
1376.5899999999997
 20
865.0
 30
0.0
 40
3.0
  1
TERREO
100
AcDbText
  0
TEXT
  5
828
330
17
100
AcDbEntity
  8
CARIMBO
 62
9
100
AcDbText
 10
1266.1999999999998
 20
855.0
 30
0.0
 40
3.0
  1
PROJETO:
100
AcDbText
  0
TEXT
  5
829
330
17
100
AcDbEntity
  8
TEXTO_GERAL
 62
2
100
AcDbText
 10
1376.5899999999997
 20
855.0
 30
0.0
 40
3.0
  1
PILARES
100
AcDbText
  0
TEXT
  5
82A
330
17
100
AcDbEntity
  8
LABEL_ID
 62
3
100
AcDbText
 10
1563.6
 20
855.0
 30
0.0
 40
8.0
  1
14
100
AcDbText
  0
LWPOLYLINE
  5
82B
330
17
100
AcDbEntity
  8
BORDA_CELULA
 62
9
100
AcDbPolyline
 90
4
 70
1
 10
1659.6
 20
850.0
 10
2084.0
 20
850.0
 10
2084.0
 20
1255.0
 10
1659.6
 20
1255.0
  0
TEXT
  5
82C
330
17
100
AcDbEntity
  8
TEXTO_GERAL
 62
2
100
AcDbText
 10
2074.0
 20
1250.0
 30
0.0
 40
3.0
  1
TÉRREO - PD: 280.00
 72
2
 11
2074.0
 21
1250.0
 31
0.0
100
AcDbText
  0
TEXT
  5
82D
330
17
100
AcDbEntity
  8
TEXTO_GERAL
 62
2
100
AcDbText
 10
2074.0
 20
1245.0
 30
0.0
 40
3.0
  1
NIVEL DE SAIDA: 280.00
 72
2
 11
2074.0
 21
1245.0
 31
0.0
100
AcDbText
  0
TEXT
  5
82E
330
17
100
AcDbEntity
  8
TEXTO_GERAL
 62
2
100
AcDbText
 10
2074.0
 20
1240.0
 30
0.0
 40
3.0
  1
NIVEL DE CHEGADA: 0.00
 72
2
 11
2074.0
 21
1240.0
 31
0.0
100
AcDbText
  0
TEXT
  5
82F
330
17
100
AcDbEntity
  8
NOMENCLATURA
 62
1
100
AcDbText
 10
1679.6
 20
1243.0
 30
0.0
 40
10.0
  1
P28
100
AcDbText
  0
LWPOLYLINE
  5
830
330
17
100
AcDbEntity
  8
CONCRETO
 62
4
100
AcDbPolyline
 90
4
 70
1
 10
1690.8
 20
1119.0
 10
1755.8
 20
1119.0
 10
1755.8
 20
1167.0
 10
1690.8
 20
1167.0
  0
HATCH
  5
831
330
17
100
AcDbEntity
  8
COTA
100
AcDbHatch
 10
0.0
 20
0.0
 30
0.0
210
0.0
220
0.0
230
1.0
  2
AR-CONC
 70
0
 71
0
 91
1
 92
3
 72
0
 73
1
 93
4
 10
1690.8
 20
1119.0
 10
1755.8
 20
1119.0
 10
1755.8
 20
1167.0
 10
1690.8
 20
1167.0
 97
0
 75
1
 76
1
 52
0.0
 41
0.03
 77
0
 78
13
 53
50.0
 43
0.0
 44
0.0
 45
5.4655400699
 46
-0.4781725662
 79
2
 49
0.5715
 49
-6.2865
 53
355.0
 43
0.0
 44
0.0
 45
-1.0573026428
 46
5.7317053572
 79
2
 49
0.4572
 49
-5.0292175251
 53
100.4514447
 43
0.45546021
 44
-0.039847605
 45
4.4082374127
 46
5.2535325574
 79
2
 49
0.485700264
 49
-5.342707338
 53
46.1842
 43
0.0
 44
1.524
 45
8.1323712268
 46
-1.261269838
 79
2
 49
0.85725
 49
-9.42975
 53
96.63555761
 43
0.677697
 44
1.418895
 45
7.1221240215
 46
7.4227837379
 79
2
 49
0.7285506942
 49
-8.0140682448
 53
351.18415117
 43
0.0
 44
1.524
 45
7.1221240219
 46
7.4227837376
 79
2
 49
0.6857990121
 49
-7.5437919576
 53
21.0
 43
0.762
 44
1.143
 45
4.5484317381
 46
-3.0679559456
 79
2
 49
0.5715
 49
-6.2865
 53
326.0
 43
0.762
 44
1.143
 45
1.8540608504
 46
5.5256389837
 79
2
 49
0.4572
 49
-5.0292
 53
71.451445
 43
1.141035978
 44
0.887337003
 45
6.4024925784
 46
2.4576830666
 79
2
 49
0.485700264
 49
-5.342698128
 53
37.5
 43
0.0
 44
0.0
 45
0.0926580975
 46
2.5366511662
 79
6
 49
0.0
 49
-4.96824
 49
0.0
 49
-5.1054
 49
0.0
 49
-5.04825
 53
7.5
 43
0.0
 44
0.0
 45
2.0045898753
 46
3.0054172445
 79
6
 49
0.0
 49
-2.91084
 49
0.0
 49
-4.85394
 49
0.0
 49
-1.92405
 53
-32.5
 43
-1.69926
 44
0.0
 45
4.067717855
 46
-0.1718623198
 79
6
 49
0.0
 49
-1.905
 49
0.0
 49
-5.9436
 49
0.0
 49
-7.8867
 53
-42.5
 43
-2.46126
 44
0.0
 45
4.4438754416
 46
0.762794731
 79
6
 49
0.0
 49
-2.4765
 49
0.0
 49
-3.94716
 49
0.0
 49
-5.6007
 98
0
  0
LWPOLYLINE
  5
832
330
17
100
AcDbEntity
  8
Paineis
100
AcDbPolyline
 90
4
 70
1
 10
1690.8
 20
1116.8
 10
1755.8
 20
1116.8
 10
1755.8
 20
1119.0
 10
1690.8
 20
1119.0
  0
HATCH
  5
833
330
17
100
AcDbEntity
  8
Paineis
100
AcDbHatch
 10
0.0
 20
0.0
 30
0.0
210
0.0
220
0.0
230
1.0
  2
SOLID
 70
1
 71
0
 91
1
 92
3
 72
0
 73
1
 93
4
 10
1690.8
 20
1116.8
 10
1755.8
 20
1116.8
 10
1755.8
 20
1119.0
 10
1690.8
 20
1119.0
 97
0
 75
0
 76
1
 98
0
  0
HATCH
  5
834
330
17
100
AcDbEntity
  8
Paineis
100
AcDbHatch
 10
0.0
 20
0.0
 30
0.0
210
0.0
220
0.0
230
1.0
  2
ANSI31
 70
0
 71
0
 91
1
 92
3
 72
0
 73
1
 93
4
 10
1690.8
 20
1116.8
 10
1755.8
 20
1116.8
 10
1755.8
 20
1119.0
 10
1690.8
 20
1119.0
 97
0
 75
1
 76
1
 52
270.0
 41
0.5
 77
0
 78
1
 53
315.0
 43
-0.0
 44
-0.0
 45
1.1225320152
 46
1.1225320151
 79
0
 98
0
  0
LWPOLYLINE
  5
835
330
17
100
AcDbEntity
  8
Paineis
100
AcDbPolyline
 90
4
 70
1
 10
1690.8
 20
1167.0
 10
1755.8
 20
1167.0
 10
1755.8
 20
1169.2
 10
1690.8
 20
1169.2
  0
HATCH
  5
836
330
17
100
AcDbEntity
  8
Paineis
100
AcDbHatch
 10
0.0
 20
0.0
 30
0.0
210
0.0
220
0.0
230
1.0
  2
SOLID
 70
1
 71
0
 91
1
 92
3
 72
0
 73
1
 93
4
 10
1690.8
 20
1167.0
 10
1755.8
 20
1167.0
 10
1755.8
 20
1169.2
 10
1690.8
 20
1169.2
 97
0
 75
0
 76
1
 98
0
  0
HATCH
  5
837
330
17
100
AcDbEntity
  8
Paineis
100
AcDbHatch
 10
0.0
 20
0.0
 30
0.0
210
0.0
220
0.0
230
1.0
  2
ANSI31
 70
0
 71
0
 91
1
 92
3
 72
0
 73
1
 93
4
 10
1690.8
 20
1167.0
 10
1755.8
 20
1167.0
 10
1755.8
 20
1169.2
 10
1690.8
 20
1169.2
 97
0
 75
1
 76
1
 52
270.0
 41
0.5
 77
0
 78
1
 53
315.0
 43
-0.0
 44
-0.0
 45
1.1225320152
 46
1.1225320151
 79
0
 98
0
  0
LWPOLYLINE
  5
838
330
17
100
AcDbEntity
  8
Paineis
100
AcDbPolyline
 90
4
 70
1
 10
1688.6
 20
1119.0
 10
1690.8
 20
1119.0
 10
1690.8
 20
1167.0
 10
1688.6
 20
1167.0
  0
HATCH
  5
839
330
17
100
AcDbEntity
  8
Paineis
100
AcDbHatch
 10
0.0
 20
0.0
 30
0.0
210
0.0
220
0.0
230
1.0
  2
SOLID
 70
1
 71
0
 91
1
 92
3
 72
0
 73
1
 93
4
 10
1688.6
 20
1119.0
 10
1690.8
 20
1119.0
 10
1690.8
 20
1167.0
 10
1688.6
 20
1167.0
 97
0
 75
0
 76
1
 98
0
  0
HATCH
  5
83A
330
17
100
AcDbEntity
  8
Paineis
100
AcDbHatch
 10
0.0
 20
0.0
 30
0.0
210
0.0
220
0.0
230
1.0
  2
ANSI31
 70
0
 71
0
 91
1
 92
3
 72
0
 73
1
 93
4
 10
1688.6
 20
1119.0
 10
1690.8
 20
1119.0
 10
1690.8
 20
1167.0
 10
1688.6
 20
1167.0
 97
0
 75
1
 76
1
 52
270.0
 41
0.5
 77
0
 78
1
 53
315.0
 43
-0.0
 44
-0.0
 45
1.1225320152
 46
1.1225320151
 79
0
 98
0
  0
LWPOLYLINE
  5
83B
330
17
100
AcDbEntity
  8
Paineis
100
AcDbPolyline
 90
4
 70
1
 10
1755.8
 20
1119.0
 10
1758.0
 20
1119.0
 10
1758.0
 20
1167.0
 10
1755.8
 20
1167.0
  0
HATCH
  5
83C
330
17
100
AcDbEntity
  8
Paineis
100
AcDbHatch
 10
0.0
 20
0.0
 30
0.0
210
0.0
220
0.0
230
1.0
  2
SOLID
 70
1
 71
0
 91
1
 92
3
 72
0
 73
1
 93
4
 10
1755.8
 20
1119.0
 10
1758.0
 20
1119.0
 10
1758.0
 20
1167.0
 10
1755.8
 20
1167.0
 97
0
 75
0
 76
1
 98
0
  0
HATCH
  5
83D
330
17
100
AcDbEntity
  8
Paineis
100
AcDbHatch
 10
0.0
 20
0.0
 30
0.0
210
0.0
220
0.0
230
1.0
  2
ANSI31
 70
0
 71
0
 91
1
 92
3
 72
0
 73
1
 93
4
 10
1755.8
 20
1119.0
 10
1758.0
 20
1119.0
 10
1758.0
 20
1167.0
 10
1755.8
 20
1167.0
 97
0
 75
1
 76
1
 52
270.0
 41
0.5
 77
0
 78
1
 53
315.0
 43
-0.0
 44
-0.0
 45
1.1225320152
 46
1.1225320151
 79
0
 98
0
  0
LWPOLYLINE
  5
83E
330
17
100
AcDbEntity
  8
SARR_2.2x7
100
AcDbPolyline
 90
4
 70
1
 10
1690.8
 20
1109.8
 10
1693.0
 20
1109.8
 10
1693.0
 20
1116.8
 10
1690.8
 20
1116.8
  0
HATCH
  5
83F
330
17
100
AcDbEntity
  8
SARR_2.2x7
100
AcDbHatch
 10
0.0
 20
0.0
 30
0.0
210
0.0
220
0.0
230
1.0
  2
SOLID
 70
1
 71
0
 91
1
 92
3
 72
0
 73
1
 93
4
 10
1690.8
 20
1109.8
 10
1693.0
 20
1109.8
 10
1693.0
 20
1116.8
 10
1690.8
 20
1116.8
 97
0
 75
0
 76
1
 98
0
  0
HATCH
  5
840
330
17
100
AcDbEntity
  8
SARR_2.2x7
100
AcDbHatch
 10
0.0
 20
0.0
 30
0.0
210
0.0
220
0.0
230
1.0
  2
ANSI31
 70
0
 71
0
 91
1
 92
3
 72
0
 73
1
 93
4
 10
1690.8
 20
1109.8
 10
1693.0
 20
1109.8
 10
1693.0
 20
1116.8
 10
1690.8
 20
1116.8
 97
0
 75
1
 76
1
 52
270.0
 41
0.5
 77
0
 78
1
 53
315.0
 43
-0.0
 44
-0.0
 45
1.1225320152
 46
1.1225320151
 79
0
 98
0
  0
LWPOLYLINE
  5
841
330
17
100
AcDbEntity
  8
SARR_2.2x7
100
AcDbPolyline
 90
4
 70
1
 10
1711.7333333333333
 20
1109.8
 10
1713.9333333333334
 20
1109.8
 10
1713.9333333333334
 20
1116.8
 10
1711.7333333333333
 20
1116.8
  0
HATCH
  5
842
330
17
100
AcDbEntity
  8
SARR_2.2x7
100
AcDbHatch
 10
0.0
 20
0.0
 30
0.0
210
0.0
220
0.0
230
1.0
  2
SOLID
 70
1
 71
0
 91
1
 92
3
 72
0
 73
1
 93
4
 10
1711.7333333333333
 20
1109.8
 10
1713.9333333333334
 20
1109.8
 10
1713.9333333333334
 20
1116.8
 10
1711.7333333333333
 20
1116.8
 97
0
 75
0
 76
1
 98
0
  0
HATCH
  5
843
330
17
100
AcDbEntity
  8
SARR_2.2x7
100
AcDbHatch
 10
0.0
 20
0.0
 30
0.0
210
0.0
220
0.0
230
1.0
  2
ANSI31
 70
0
 71
0
 91
1
 92
3
 72
0
 73
1
 93
4
 10
1711.7333333333333
 20
1109.8
 10
1713.9333333333334
 20
1109.8
 10
1713.9333333333334
 20
1116.8
 10
1711.7333333333333
 20
1116.8
 97
0
 75
1
 76
1
 52
270.0
 41
0.5
 77
0
 78
1
 53
315.0
 43
-0.0
 44
-0.0
 45
1.1225320152
 46
1.1225320151
 79
0
 98
0
  0
LWPOLYLINE
  5
844
330
17
100
AcDbEntity
  8
SARR_2.2x7
100
AcDbPolyline
 90
4
 70
1
 10
1732.6666666666667
 20
1109.8
 10
1734.8666666666668
 20
1109.8
 10
1734.8666666666668
 20
1116.8
 10
1732.6666666666667
 20
1116.8
  0
HATCH
  5
845
330
17
100
AcDbEntity
  8
SARR_2.2x7
100
AcDbHatch
 10
0.0
 20
0.0
 30
0.0
210
0.0
220
0.0
230
1.0
  2
SOLID
 70
1
 71
0
 91
1
 92
3
 72
0
 73
1
 93
4
 10
1732.6666666666667
 20
1109.8
 10
1734.8666666666668
 20
1109.8
 10
1734.8666666666668
 20
1116.8
 10
1732.6666666666667
 20
1116.8
 97
0
 75
0
 76
1
 98
0
  0
HATCH
  5
846
330
17
100
AcDbEntity
  8
SARR_2.2x7
100
AcDbHatch
 10
0.0
 20
0.0
 30
0.0
210
0.0
220
0.0
230
1.0
  2
ANSI31
 70
0
 71
0
 91
1
 92
3
 72
0
 73
1
 93
4
 10
1732.6666666666667
 20
1109.8
 10
1734.8666666666668
 20
1109.8
 10
1734.8666666666668
 20
1116.8
 10
1732.6666666666667
 20
1116.8
 97
0
 75
1
 76
1
 52
270.0
 41
0.5
 77
0
 78
1
 53
315.0
 43
-0.0
 44
-0.0
 45
1.1225320152
 46
1.1225320151
 79
0
 98
0
  0
LWPOLYLINE
  5
847
330
17
100
AcDbEntity
  8
SARR_2.2x7
100
AcDbPolyline
 90
4
 70
1
 10
1753.6000000000001
 20
1109.8
 10
1755.8000000000002
 20
1109.8
 10
1755.8000000000002
 20
1116.8
 10
1753.6000000000001
 20
1116.8
  0
HATCH
  5
848
330
17
100
AcDbEntity
  8
SARR_2.2x7
100
AcDbHatch
 10
0.0
 20
0.0
 30
0.0
210
0.0
220
0.0
230
1.0
  2
SOLID
 70
1
 71
0
 91
1
 92
3
 72
0
 73
1
 93
4
 10
1753.6000000000001
 20
1109.8
 10
1755.8000000000002
 20
1109.8
 10
1755.8000000000002
 20
1116.8
 10
1753.6000000000001
 20
1116.8
 97
0
 75
0
 76
1
 98
0
  0
HATCH
  5
849
330
17
100
AcDbEntity
  8
SARR_2.2x7
100
AcDbHatch
 10
0.0
 20
0.0
 30
0.0
210
0.0
220
0.0
230
1.0
  2
ANSI31
 70
0
 71
0
 91
1
 92
3
 72
0
 73
1
 93
4
 10
1753.6000000000001
 20
1109.8
 10
1755.8000000000002
 20
1109.8
 10
1755.8000000000002
 20
1116.8
 10
1753.6000000000001
 20
1116.8
 97
0
 75
1
 76
1
 52
270.0
 41
0.5
 77
0
 78
1
 53
315.0
 43
-0.0
 44
-0.0
 45
1.1225320152
 46
1.1225320151
 79
0
 98
0
  0
LWPOLYLINE
  5
84A
330
17
100
AcDbEntity
  8
SARR_2.2x7
100
AcDbPolyline
 90
4
 70
1
 10
1690.8
 20
1169.2
 10
1693.0
 20
1169.2
 10
1693.0
 20
1176.2
 10
1690.8
 20
1176.2
  0
HATCH
  5
84B
330
17
100
AcDbEntity
  8
SARR_2.2x7
100
AcDbHatch
 10
0.0
 20
0.0
 30
0.0
210
0.0
220
0.0
230
1.0
  2
SOLID
 70
1
 71
0
 91
1
 92
3
 72
0
 73
1
 93
4
 10
1690.8
 20
1169.2
 10
1693.0
 20
1169.2
 10
1693.0
 20
1176.2
 10
1690.8
 20
1176.2
 97
0
 75
0
 76
1
 98
0
  0
HATCH
  5
84C
330
17
100
AcDbEntity
  8
SARR_2.2x7
100
AcDbHatch
 10
0.0
 20
0.0
 30
0.0
210
0.0
220
0.0
230
1.0
  2
ANSI31
 70
0
 71
0
 91
1
 92
3
 72
0
 73
1
 93
4
 10
1690.8
 20
1169.2
 10
1693.0
 20
1169.2
 10
1693.0
 20
1176.2
 10
1690.8
 20
1176.2
 97
0
 75
1
 76
1
 52
270.0
 41
0.5
 77
0
 78
1
 53
315.0
 43
-0.0
 44
-0.0
 45
1.1225320152
 46
1.1225320151
 79
0
 98
0
  0
LWPOLYLINE
  5
84D
330
17
100
AcDbEntity
  8
SARR_2.2x7
100
AcDbPolyline
 90
4
 70
1
 10
1711.7333333333333
 20
1169.2
 10
1713.9333333333334
 20
1169.2
 10
1713.9333333333334
 20
1176.2
 10
1711.7333333333333
 20
1176.2
  0
HATCH
  5
84E
330
17
100
AcDbEntity
  8
SARR_2.2x7
100
AcDbHatch
 10
0.0
 20
0.0
 30
0.0
210
0.0
220
0.0
230
1.0
  2
SOLID
 70
1
 71
0
 91
1
 92
3
 72
0
 73
1
 93
4
 10
1711.7333333333333
 20
1169.2
 10
1713.9333333333334
 20
1169.2
 10
1713.9333333333334
 20
1176.2
 10
1711.7333333333333
 20
1176.2
 97
0
 75
0
 76
1
 98
0
  0
HATCH
  5
84F
330
17
100
AcDbEntity
  8
SARR_2.2x7
100
AcDbHatch
 10
0.0
 20
0.0
 30
0.0
210
0.0
220
0.0
230
1.0
  2
ANSI31
 70
0
 71
0
 91
1
 92
3
 72
0
 73
1
 93
4
 10
1711.7333333333333
 20
1169.2
 10
1713.9333333333334
 20
1169.2
 10
1713.9333333333334
 20
1176.2
 10
1711.7333333333333
 20
1176.2
 97
0
 75
1
 76
1
 52
270.0
 41
0.5
 77
0
 78
1
 53
315.0
 43
-0.0
 44
-0.0
 45
1.1225320152
 46
1.1225320151
 79
0
 98
0
  0
LWPOLYLINE
  5
850
330
17
100
AcDbEntity
  8
SARR_2.2x7
100
AcDbPolyline
 90
4
 70
1
 10
1732.6666666666667
 20
1169.2
 10
1734.8666666666668
 20
1169.2
 10
1734.8666666666668
 20
1176.2
 10
1732.6666666666667
 20
1176.2
  0
HATCH
  5
851
330
17
100
AcDbEntity
  8
SARR_2.2x7
100
AcDbHatch
 10
0.0
 20
0.0
 30
0.0
210
0.0
220
0.0
230
1.0
  2
SOLID
 70
1
 71
0
 91
1
 92
3
 72
0
 73
1
 93
4
 10
1732.6666666666667
 20
1169.2
 10
1734.8666666666668
 20
1169.2
 10
1734.8666666666668
 20
1176.2
 10
1732.6666666666667
 20
1176.2
 97
0
 75
0
 76
1
 98
0
  0
HATCH
  5
852
330
17
100
AcDbEntity
  8
SARR_2.2x7
100
AcDbHatch
 10
0.0
 20
0.0
 30
0.0
210
0.0
220
0.0
230
1.0
  2
ANSI31
 70
0
 71
0
 91
1
 92
3
 72
0
 73
1
 93
4
 10
1732.6666666666667
 20
1169.2
 10
1734.8666666666668
 20
1169.2
 10
1734.8666666666668
 20
1176.2
 10
1732.6666666666667
 20
1176.2
 97
0
 75
1
 76
1
 52
270.0
 41
0.5
 77
0
 78
1
 53
315.0
 43
-0.0
 44
-0.0
 45
1.1225320152
 46
1.1225320151
 79
0
 98
0
  0
LWPOLYLINE
  5
853
330
17
100
AcDbEntity
  8
SARR_2.2x7
100
AcDbPolyline
 90
4
 70
1
 10
1753.6000000000001
 20
1169.2
 10
1755.8000000000002
 20
1169.2
 10
1755.8000000000002
 20
1176.2
 10
1753.6000000000001
 20
1176.2
  0
HATCH
  5
854
330
17
100
AcDbEntity
  8
SARR_2.2x7
100
AcDbHatch
 10
0.0
 20
0.0
 30
0.0
210
0.0
220
0.0
230
1.0
  2
SOLID
 70
1
 71
0
 91
1
 92
3
 72
0
 73
1
 93
4
 10
1753.6000000000001
 20
1169.2
 10
1755.8000000000002
 20
1169.2
 10
1755.8000000000002
 20
1176.2
 10
1753.6000000000001
 20
1176.2
 97
0
 75
0
 76
1
 98
0
  0
HATCH
  5
855
330
17
100
AcDbEntity
  8
SARR_2.2x7
100
AcDbHatch
 10
0.0
 20
0.0
 30
0.0
210
0.0
220
0.0
230
1.0
  2
ANSI31
 70
0
 71
0
 91
1
 92
3
 72
0
 73
1
 93
4
 10
1753.6000000000001
 20
1169.2
 10
1755.8000000000002
 20
1169.2
 10
1755.8000000000002
 20
1176.2
 10
1753.6000000000001
 20
1176.2
 97
0
 75
1
 76
1
 52
270.0
 41
0.5
 77
0
 78
1
 53
315.0
 43
-0.0
 44
-0.0
 45
1.1225320152
 46
1.1225320151
 79
0
 98
0
  0
LWPOLYLINE
  5
856
330
17
100
AcDbEntity
  8
SARR_2.2x7
100
AcDbPolyline
 90
4
 70
1
 10
1681.6
 20
1119.0
 10
1688.6
 20
1119.0
 10
1688.6
 20
1121.2
 10
1681.6
 20
1121.2
  0
HATCH
  5
857
330
17
100
AcDbEntity
  8
SARR_2.2x7
100
AcDbHatch
 10
0.0
 20
0.0
 30
0.0
210
0.0
220
0.0
230
1.0
  2
SOLID
 70
1
 71
0
 91
1
 92
3
 72
0
 73
1
 93
4
 10
1681.6
 20
1119.0
 10
1688.6
 20
1119.0
 10
1688.6
 20
1121.2
 10
1681.6
 20
1121.2
 97
0
 75
0
 76
1
 98
0
  0
HATCH
  5
858
330
17
100
AcDbEntity
  8
SARR_2.2x7
100
AcDbHatch
 10
0.0
 20
0.0
 30
0.0
210
0.0
220
0.0
230
1.0
  2
ANSI31
 70
0
 71
0
 91
1
 92
3
 72
0
 73
1
 93
4
 10
1681.6
 20
1119.0
 10
1688.6
 20
1119.0
 10
1688.6
 20
1121.2
 10
1681.6
 20
1121.2
 97
0
 75
1
 76
1
 52
270.0
 41
0.5
 77
0
 78
1
 53
315.0
 43
-0.0
 44
-0.0
 45
1.1225320152
 46
1.1225320151
 79
0
 98
0
  0
LWPOLYLINE
  5
859
330
17
100
AcDbEntity
  8
SARR_2.2x7
100
AcDbPolyline
 90
4
 70
1
 10
1681.6
 20
1141.9
 10
1688.6
 20
1141.9
 10
1688.6
 20
1144.1000000000001
 10
1681.6
 20
1144.1000000000001
  0
HATCH
  5
85A
330
17
100
AcDbEntity
  8
SARR_2.2x7
100
AcDbHatch
 10
0.0
 20
0.0
 30
0.0
210
0.0
220
0.0
230
1.0
  2
SOLID
 70
1
 71
0
 91
1
 92
3
 72
0
 73
1
 93
4
 10
1681.6
 20
1141.9
 10
1688.6
 20
1141.9
 10
1688.6
 20
1144.1000000000001
 10
1681.6
 20
1144.1000000000001
 97
0
 75
0
 76
1
 98
0
  0
HATCH
  5
85B
330
17
100
AcDbEntity
  8
SARR_2.2x7
100
AcDbHatch
 10
0.0
 20
0.0
 30
0.0
210
0.0
220
0.0
230
1.0
  2
ANSI31
 70
0
 71
0
 91
1
 92
3
 72
0
 73
1
 93
4
 10
1681.6
 20
1141.9
 10
1688.6
 20
1141.9
 10
1688.6
 20
1144.1000000000001
 10
1681.6
 20
1144.1000000000001
 97
0
 75
1
 76
1
 52
270.0
 41
0.5
 77
0
 78
1
 53
315.0
 43
-0.0
 44
-0.0
 45
1.1225320152
 46
1.1225320151
 79
0
 98
0
  0
LWPOLYLINE
  5
85C
330
17
100
AcDbEntity
  8
SARR_2.2x7
100
AcDbPolyline
 90
4
 70
1
 10
1681.6
 20
1164.8000000000002
 10
1688.6
 20
1164.8000000000002
 10
1688.6
 20
1167.0000000000002
 10
1681.6
 20
1167.0000000000002
  0
HATCH
  5
85D
330
17
100
AcDbEntity
  8
SARR_2.2x7
100
AcDbHatch
 10
0.0
 20
0.0
 30
0.0
210
0.0
220
0.0
230
1.0
  2
SOLID
 70
1
 71
0
 91
1
 92
3
 72
0
 73
1
 93
4
 10
1681.6
 20
1164.8000000000002
 10
1688.6
 20
1164.8000000000002
 10
1688.6
 20
1167.0000000000002
 10
1681.6
 20
1167.0000000000002
 97
0
 75
0
 76
1
 98
0
  0
HATCH
  5
85E
330
17
100
AcDbEntity
  8
SARR_2.2x7
100
AcDbHatch
 10
0.0
 20
0.0
 30
0.0
210
0.0
220
0.0
230
1.0
  2
ANSI31
 70
0
 71
0
 91
1
 92
3
 72
0
 73
1
 93
4
 10
1681.6
 20
1164.8000000000002
 10
1688.6
 20
1164.8000000000002
 10
1688.6
 20
1167.0000000000002
 10
1681.6
 20
1167.0000000000002
 97
0
 75
1
 76
1
 52
270.0
 41
0.5
 77
0
 78
1
 53
315.0
 43
-0.0
 44
-0.0
 45
1.1225320152
 46
1.1225320151
 79
0
 98
0
  0
LWPOLYLINE
  5
85F
330
17
100
AcDbEntity
  8
SARR_2.2x7
100
AcDbPolyline
 90
4
 70
1
 10
1758.0
 20
1119.0
 10
1765.0
 20
1119.0
 10
1765.0
 20
1121.2
 10
1758.0
 20
1121.2
  0
HATCH
  5
860
330
17
100
AcDbEntity
  8
SARR_2.2x7
100
AcDbHatch
 10
0.0
 20
0.0
 30
0.0
210
0.0
220
0.0
230
1.0
  2
SOLID
 70
1
 71
0
 91
1
 92
3
 72
0
 73
1
 93
4
 10
1758.0
 20
1119.0
 10
1765.0
 20
1119.0
 10
1765.0
 20
1121.2
 10
1758.0
 20
1121.2
 97
0
 75
0
 76
1
 98
0
  0
HATCH
  5
861
330
17
100
AcDbEntity
  8
SARR_2.2x7
100
AcDbHatch
 10
0.0
 20
0.0
 30
0.0
210
0.0
220
0.0
230
1.0
  2
ANSI31
 70
0
 71
0
 91
1
 92
3
 72
0
 73
1
 93
4
 10
1758.0
 20
1119.0
 10
1765.0
 20
1119.0
 10
1765.0
 20
1121.2
 10
1758.0
 20
1121.2
 97
0
 75
1
 76
1
 52
270.0
 41
0.5
 77
0
 78
1
 53
315.0
 43
-0.0
 44
-0.0
 45
1.1225320152
 46
1.1225320151
 79
0
 98
0
  0
LWPOLYLINE
  5
862
330
17
100
AcDbEntity
  8
SARR_2.2x7
100
AcDbPolyline
 90
4
 70
1
 10
1758.0
 20
1141.9
 10
1765.0
 20
1141.9
 10
1765.0
 20
1144.1000000000001
 10
1758.0
 20
1144.1000000000001
  0
HATCH
  5
863
330
17
100
AcDbEntity
  8
SARR_2.2x7
100
AcDbHatch
 10
0.0
 20
0.0
 30
0.0
210
0.0
220
0.0
230
1.0
  2
SOLID
 70
1
 71
0
 91
1
 92
3
 72
0
 73
1
 93
4
 10
1758.0
 20
1141.9
 10
1765.0
 20
1141.9
 10
1765.0
 20
1144.1000000000001
 10
1758.0
 20
1144.1000000000001
 97
0
 75
0
 76
1
 98
0
  0
HATCH
  5
864
330
17
100
AcDbEntity
  8
SARR_2.2x7
100
AcDbHatch
 10
0.0
 20
0.0
 30
0.0
210
0.0
220
0.0
230
1.0
  2
ANSI31
 70
0
 71
0
 91
1
 92
3
 72
0
 73
1
 93
4
 10
1758.0
 20
1141.9
 10
1765.0
 20
1141.9
 10
1765.0
 20
1144.1000000000001
 10
1758.0
 20
1144.1000000000001
 97
0
 75
1
 76
1
 52
270.0
 41
0.5
 77
0
 78
1
 53
315.0
 43
-0.0
 44
-0.0
 45
1.1225320152
 46
1.1225320151
 79
0
 98
0
  0
LWPOLYLINE
  5
865
330
17
100
AcDbEntity
  8
SARR_2.2x7
100
AcDbPolyline
 90
4
 70
1
 10
1758.0
 20
1164.8000000000002
 10
1765.0
 20
1164.8000000000002
 10
1765.0
 20
1167.0000000000002
 10
1758.0
 20
1167.0000000000002
  0
HATCH
  5
866
330
17
100
AcDbEntity
  8
SARR_2.2x7
100
AcDbHatch
 10
0.0
 20
0.0
 30
0.0
210
0.0
220
0.0
230
1.0
  2
SOLID
 70
1
 71
0
 91
1
 92
3
 72
0
 73
1
 93
4
 10
1758.0
 20
1164.8000000000002
 10
1765.0
 20
1164.8000000000002
 10
1765.0
 20
1167.0000000000002
 10
1758.0
 20
1167.0000000000002
 97
0
 75
0
 76
1
 98
0
  0
HATCH
  5
867
330
17
100
AcDbEntity
  8
SARR_2.2x7
100
AcDbHatch
 10
0.0
 20
0.0
 30
0.0
210
0.0
220
0.0
230
1.0
  2
ANSI31
 70
0
 71
0
 91
1
 92
3
 72
0
 73
1
 93
4
 10
1758.0
 20
1164.8000000000002
 10
1765.0
 20
1164.8000000000002
 10
1765.0
 20
1167.0000000000002
 10
1758.0
 20
1167.0000000000002
 97
0
 75
1
 76
1
 52
270.0
 41
0.5
 77
0
 78
1
 53
315.0
 43
-0.0
 44
-0.0
 45
1.1225320152
 46
1.1225320151
 79
0
 98
0
  0
LWPOLYLINE
  5
868
330
17
100
AcDbEntity
  8
CHAPA
 62
1
100
AcDbPolyline
 90
4
 70
1
 10
1686.6
 20
1114.8
 10
1688.6
 20
1114.8
 10
1688.6
 20
1116.8
 10
1686.6
 20
1116.8
  0
HATCH
  5
869
330
17
100
AcDbEntity
  8
CHAPA
 62
1
100
AcDbHatch
 10
0.0
 20
0.0
 30
0.0
210
0.0
220
0.0
230
1.0
  2
SOLID
 70
1
 71
0
 91
1
 92
3
 72
0
 73
1
 93
4
 10
1686.6
 20
1114.8
 10
1688.6
 20
1114.8
 10
1688.6
 20
1116.8
 10
1686.6
 20
1116.8
 97
0
 75
0
 76
1
 98
0
  0
LWPOLYLINE
  5
86A
330
17
100
AcDbEntity
  8
CHAPA
 62
1
100
AcDbPolyline
 90
4
 70
1
 10
1758.0
 20
1114.8
 10
1760.0
 20
1114.8
 10
1760.0
 20
1116.8
 10
1758.0
 20
1116.8
  0
HATCH
  5
86B
330
17
100
AcDbEntity
  8
CHAPA
 62
1
100
AcDbHatch
 10
0.0
 20
0.0
 30
0.0
210
0.0
220
0.0
230
1.0
  2
SOLID
 70
1
 71
0
 91
1
 92
3
 72
0
 73
1
 93
4
 10
1758.0
 20
1114.8
 10
1760.0
 20
1114.8
 10
1760.0
 20
1116.8
 10
1758.0
 20
1116.8
 97
0
 75
0
 76
1
 98
0
  0
LWPOLYLINE
  5
86C
330
17
100
AcDbEntity
  8
CHAPA
 62
1
100
AcDbPolyline
 90
4
 70
1
 10
1758.0
 20
1169.2
 10
1760.0
 20
1169.2
 10
1760.0
 20
1171.2
 10
1758.0
 20
1171.2
  0
HATCH
  5
86D
330
17
100
AcDbEntity
  8
CHAPA
 62
1
100
AcDbHatch
 10
0.0
 20
0.0
 30
0.0
210
0.0
220
0.0
230
1.0
  2
SOLID
 70
1
 71
0
 91
1
 92
3
 72
0
 73
1
 93
4
 10
1758.0
 20
1169.2
 10
1760.0
 20
1169.2
 10
1760.0
 20
1171.2
 10
1758.0
 20
1171.2
 97
0
 75
0
 76
1
 98
0
  0
LWPOLYLINE
  5
86E
330
17
100
AcDbEntity
  8
CHAPA
 62
1
100
AcDbPolyline
 90
4
 70
1
 10
1686.6
 20
1169.2
 10
1688.6
 20
1169.2
 10
1688.6
 20
1171.2
 10
1686.6
 20
1171.2
  0
HATCH
  5
86F
330
17
100
AcDbEntity
  8
CHAPA
 62
1
100
AcDbHatch
 10
0.0
 20
0.0
 30
0.0
210
0.0
220
0.0
230
1.0
  2
SOLID
 70
1
 71
0
 91
1
 92
3
 72
0
 73
1
 93
4
 10
1686.6
 20
1169.2
 10
1688.6
 20
1169.2
 10
1688.6
 20
1171.2
 10
1686.6
 20
1171.2
 97
0
 75
0
 76
1
 98
0
  0
TEXT
  5
870
330
17
100
AcDbEntity
  8
Texto Secao
 62
2
100
AcDbText
 10
1723.3
 20
1106.8
 30
0.0
 40
4.0
  1
A
 72
1
 11
1723.3
 21
1106.8
 31
0.0
100
AcDbText
 73
3
  0
TEXT
  5
871
330
17
100
AcDbEntity
  8
Texto Secao
 62
2
100
AcDbText
 10
1723.3
 20
1179.2
 30
0.0
 40
4.0
  1
C
 72
1
 11
1723.3
 21
1179.2
 31
0.0
100
AcDbText
 73
1
  0
TEXT
  5
872
330
17
100
AcDbEntity
  8
Texto Secao
 62
2
100
AcDbText
 10
1678.6
 20
1143.0
 30
0.0
 40
4.0
  1
D
 72
2
 11
1678.6
 21
1143.0
 31
0.0
100
AcDbText
 73
2
  0
TEXT
  5
873
330
17
100
AcDbEntity
  8
Texto Secao
 62
2
100
AcDbText
 10
1768.0
 20
1143.0
 30
0.0
 40
4.0
  1
B
 11
1768.0
 21
1143.0
 31
0.0
100
AcDbText
 73
2
  0
TEXT
  5
874
330
17
100
AcDbEntity
  8
Cota Secao (2x)
 62
4
100
AcDbText
 10
1723.3
 20
1097.8
 30
0.0
 40
3.4
  1
65x48cm
 72
1
 11
1723.3
 21
1097.8
 31
0.0
100
AcDbText
 73
3
  0
TEXT
  5
875
330
17
100
AcDbEntity
  8
Texto Secao
 62
2
100
AcDbText
 10
1723.3
 20
1188.2
 30
0.0
 40
4.0
  1
VISAO DE CIMA
 72
1
 11
1723.3
 21
1188.2
 31
0.0
100
AcDbText
 73
1
  0
LWPOLYLINE
  5
876
330
17
100
AcDbEntity
  8
Paineis
100
AcDbPolyline
 90
4
 70
1
 10
1797.0
 20
905.0
 10
1862.0
 20
905.0
 10
1862.0
 20
1151.0
 10
1797.0
 20
1151.0
  0
HATCH
  5
877
330
17
100
AcDbEntity
  8
Hachura
100
AcDbHatch
 10
0.0
 20
0.0
 30
0.0
210
0.0
220
0.0
230
1.0
  2
SOLID
 70
1
 71
0
 91
1
 92
3
 72
0
 73
1
 93
4
 10
1797.0
 20
905.0
 10
1862.0
 20
905.0
 10
1862.0
 20
1151.0
 10
1797.0
 20
1151.0
 97
0
 75
0
 76
1
 98
0
  0
HATCH
  5
878
330
17
100
AcDbEntity
  8
Hachura
100
AcDbHatch
 10
0.0
 20
0.0
 30
0.0
210
0.0
220
0.0
230
1.0
  2
ANSI31
 70
0
 71
0
 91
1
 92
3
 72
0
 73
1
 93
4
 10
1797.0
 20
905.0
 10
1862.0
 20
905.0
 10
1862.0
 20
1151.0
 10
1797.0
 20
1151.0
 97
0
 75
1
 76
1
 52
0.0
 41
5.0
 77
0
 78
1
 53
45.0
 43
0.0
 44
0.0
 45
-11.2253201515
 46
11.2253201515
 79
0
 98
0
  0
LWPOLYLINE
  5
879
330
17
100
AcDbEntity
  8
Paineis
100
AcDbPolyline
 90
4
 70
1
 10
1797.0
 20
1151.0
 10
1862.0
 20
1151.0
 10
1862.0
 20
1185.0
 10
1797.0
 20
1185.0
  0
HATCH
  5
87A
330
17
100
AcDbEntity
  8
Hachura
100
AcDbHatch
 10
0.0
 20
0.0
 30
0.0
210
0.0
220
0.0
230
1.0
  2
SOLID
 70
1
 71
0
 91
1
 92
3
 72
0
 73
1
 93
4
 10
1797.0
 20
1151.0
 10
1862.0
 20
1151.0
 10
1862.0
 20
1185.0
 10
1797.0
 20
1185.0
 97
0
 75
0
 76
1
 98
0
  0
HATCH
  5
87B
330
17
100
AcDbEntity
  8
Hachura
100
AcDbHatch
 10
0.0
 20
0.0
 30
0.0
210
0.0
220
0.0
230
1.0
  2
ANSI31
 70
0
 71
0
 91
1
 92
3
 72
0
 73
1
 93
4
 10
1797.0
 20
1151.0
 10
1862.0
 20
1151.0
 10
1862.0
 20
1185.0
 10
1797.0
 20
1185.0
 97
0
 75
1
 76
1
 52
0.0
 41
2.5
 77
0
 78
1
 53
45.0
 43
0.0
 44
0.0
 45
-5.6126600758
 46
5.6126600758
 79
0
 98
0
  0
LINE
  5
87C
330
17
100
AcDbEntity
  8
Paineis
100
AcDbLine
 10
1797.0
 20
1149.0
 30
0.0
 11
1862.0
 21
1149.0
 31
0.0
  0
LINE
  5
87D
330
17
100
AcDbEntity
  8
Paineis
100
AcDbLine
 10
1797.0
 20
907.0
 30
0.0
 11
1862.0
 21
907.0
 31
0.0
  0
LINE
  5
87E
330
17
100
AcDbEntity
  8
SARR_2.2x7
  6
HIDDEN
 48
30.0
100
AcDbLine
 10
1798.1
 20
905.0
 30
0.0
 11
1798.1
 21
1185.0
 31
0.0
  0
LINE
  5
87F
330
17
100
AcDbEntity
  8
SARR_2.2x7
  6
HIDDEN
 48
30.0
100
AcDbLine
 10
1819.0333333333333
 20
905.0
 30
0.0
 11
1819.0333333333333
 21
1185.0
 31
0.0
  0
LINE
  5
880
330
17
100
AcDbEntity
  8
SARR_2.2x7
  6
HIDDEN
 48
30.0
100
AcDbLine
 10
1839.9666666666667
 20
905.0
 30
0.0
 11
1839.9666666666667
 21
1185.0
 31
0.0
  0
LINE
  5
881
330
17
100
AcDbEntity
  8
SARR_2.2x7
  6
HIDDEN
 48
30.0
100
AcDbLine
 10
1860.9
 20
905.0
 30
0.0
 11
1860.9
 21
1185.0
 31
0.0
  0
TEXT
  5
882
330
17
100
AcDbEntity
  8
Texto Secao
 62
2
100
AcDbText
 10
1829.5
 20
897.0
 30
0.0
 40
4.5
  1
P28.A
 50
90.0
100
AcDbText
  0
LWPOLYLINE
  5
883
330
17
100
AcDbEntity
  8
Paineis
100
AcDbPolyline
 90
4
 70
1
 10
1870.0
 20
905.0
 10
1918.0
 20
905.0
 10
1918.0
 20
1151.0
 10
1870.0
 20
1151.0
  0
HATCH
  5
884
330
17
100
AcDbEntity
  8
Hachura
100
AcDbHatch
 10
0.0
 20
0.0
 30
0.0
210
0.0
220
0.0
230
1.0
  2
SOLID
 70
1
 71
0
 91
1
 92
3
 72
0
 73
1
 93
4
 10
1870.0
 20
905.0
 10
1918.0
 20
905.0
 10
1918.0
 20
1151.0
 10
1870.0
 20
1151.0
 97
0
 75
0
 76
1
 98
0
  0
HATCH
  5
885
330
17
100
AcDbEntity
  8
Hachura
100
AcDbHatch
 10
0.0
 20
0.0
 30
0.0
210
0.0
220
0.0
230
1.0
  2
ANSI31
 70
0
 71
0
 91
1
 92
3
 72
0
 73
1
 93
4
 10
1870.0
 20
905.0
 10
1918.0
 20
905.0
 10
1918.0
 20
1151.0
 10
1870.0
 20
1151.0
 97
0
 75
1
 76
1
 52
0.0
 41
5.0
 77
0
 78
1
 53
45.0
 43
0.0
 44
0.0
 45
-11.2253201515
 46
11.2253201515
 79
0
 98
0
  0
LWPOLYLINE
  5
886
330
17
100
AcDbEntity
  8
Paineis
100
AcDbPolyline
 90
4
 70
1
 10
1870.0
 20
1151.0
 10
1918.0
 20
1151.0
 10
1918.0
 20
1185.0
 10
1870.0
 20
1185.0
  0
HATCH
  5
887
330
17
100
AcDbEntity
  8
Hachura
100
AcDbHatch
 10
0.0
 20
0.0
 30
0.0
210
0.0
220
0.0
230
1.0
  2
SOLID
 70
1
 71
0
 91
1
 92
3
 72
0
 73
1
 93
4
 10
1870.0
 20
1151.0
 10
1918.0
 20
1151.0
 10
1918.0
 20
1185.0
 10
1870.0
 20
1185.0
 97
0
 75
0
 76
1
 98
0
  0
HATCH
  5
888
330
17
100
AcDbEntity
  8
Hachura
100
AcDbHatch
 10
0.0
 20
0.0
 30
0.0
210
0.0
220
0.0
230
1.0
  2
ANSI31
 70
0
 71
0
 91
1
 92
3
 72
0
 73
1
 93
4
 10
1870.0
 20
1151.0
 10
1918.0
 20
1151.0
 10
1918.0
 20
1185.0
 10
1870.0
 20
1185.0
 97
0
 75
1
 76
1
 52
0.0
 41
2.5
 77
0
 78
1
 53
45.0
 43
0.0
 44
0.0
 45
-5.6126600758
 46
5.6126600758
 79
0
 98
0
  0
LINE
  5
889
330
17
100
AcDbEntity
  8
Paineis
100
AcDbLine
 10
1870.0
 20
1149.0
 30
0.0
 11
1918.0
 21
1149.0
 31
0.0
  0
LINE
  5
88A
330
17
100
AcDbEntity
  8
Paineis
100
AcDbLine
 10
1870.0
 20
907.0
 30
0.0
 11
1918.0
 21
907.0
 31
0.0
  0
LINE
  5
88B
330
17
100
AcDbEntity
  8
SARR_2.2x7
  6
HIDDEN
 48
30.0
100
AcDbLine
 10
1871.1
 20
905.0
 30
0.0
 11
1871.1
 21
1185.0
 31
0.0
  0
LINE
  5
88C
330
17
100
AcDbEntity
  8
SARR_2.2x7
  6
HIDDEN
 48
30.0
100
AcDbLine
 10
1894.0
 20
905.0
 30
0.0
 11
1894.0
 21
1185.0
 31
0.0
  0
LINE
  5
88D
330
17
100
AcDbEntity
  8
SARR_2.2x7
  6
HIDDEN
 48
30.0
100
AcDbLine
 10
1916.9
 20
905.0
 30
0.0
 11
1916.9
 21
1185.0
 31
0.0
  0
TEXT
  5
88E
330
17
100
AcDbEntity
  8
Texto Secao
 62
2
100
AcDbText
 10
1894.0
 20
897.0
 30
0.0
 40
4.5
  1
P28.B
 50
90.0
100
AcDbText
  0
LWPOLYLINE
  5
88F
330
17
100
AcDbEntity
  8
Paineis
100
AcDbPolyline
 90
4
 70
1
 10
1926.0
 20
905.0
 10
1991.0
 20
905.0
 10
1991.0
 20
1151.0
 10
1926.0
 20
1151.0
  0
HATCH
  5
890
330
17
100
AcDbEntity
  8
Hachura
100
AcDbHatch
 10
0.0
 20
0.0
 30
0.0
210
0.0
220
0.0
230
1.0
  2
SOLID
 70
1
 71
0
 91
1
 92
3
 72
0
 73
1
 93
4
 10
1926.0
 20
905.0
 10
1991.0
 20
905.0
 10
1991.0
 20
1151.0
 10
1926.0
 20
1151.0
 97
0
 75
0
 76
1
 98
0
  0
HATCH
  5
891
330
17
100
AcDbEntity
  8
Hachura
100
AcDbHatch
 10
0.0
 20
0.0
 30
0.0
210
0.0
220
0.0
230
1.0
  2
ANSI31
 70
0
 71
0
 91
1
 92
3
 72
0
 73
1
 93
4
 10
1926.0
 20
905.0
 10
1991.0
 20
905.0
 10
1991.0
 20
1151.0
 10
1926.0
 20
1151.0
 97
0
 75
1
 76
1
 52
0.0
 41
5.0
 77
0
 78
1
 53
45.0
 43
0.0
 44
0.0
 45
-11.2253201515
 46
11.2253201515
 79
0
 98
0
  0
LWPOLYLINE
  5
892
330
17
100
AcDbEntity
  8
Paineis
100
AcDbPolyline
 90
4
 70
1
 10
1926.0
 20
1151.0
 10
1991.0
 20
1151.0
 10
1991.0
 20
1185.0
 10
1926.0
 20
1185.0
  0
HATCH
  5
893
330
17
100
AcDbEntity
  8
Hachura
100
AcDbHatch
 10
0.0
 20
0.0
 30
0.0
210
0.0
220
0.0
230
1.0
  2
SOLID
 70
1
 71
0
 91
1
 92
3
 72
0
 73
1
 93
4
 10
1926.0
 20
1151.0
 10
1991.0
 20
1151.0
 10
1991.0
 20
1185.0
 10
1926.0
 20
1185.0
 97
0
 75
0
 76
1
 98
0
  0
HATCH
  5
894
330
17
100
AcDbEntity
  8
Hachura
100
AcDbHatch
 10
0.0
 20
0.0
 30
0.0
210
0.0
220
0.0
230
1.0
  2
ANSI31
 70
0
 71
0
 91
1
 92
3
 72
0
 73
1
 93
4
 10
1926.0
 20
1151.0
 10
1991.0
 20
1151.0
 10
1991.0
 20
1185.0
 10
1926.0
 20
1185.0
 97
0
 75
1
 76
1
 52
0.0
 41
2.5
 77
0
 78
1
 53
45.0
 43
0.0
 44
0.0
 45
-5.6126600758
 46
5.6126600758
 79
0
 98
0
  0
LINE
  5
895
330
17
100
AcDbEntity
  8
Paineis
100
AcDbLine
 10
1926.0
 20
1149.0
 30
0.0
 11
1991.0
 21
1149.0
 31
0.0
  0
LINE
  5
896
330
17
100
AcDbEntity
  8
Paineis
100
AcDbLine
 10
1926.0
 20
907.0
 30
0.0
 11
1991.0
 21
907.0
 31
0.0
  0
LINE
  5
897
330
17
100
AcDbEntity
  8
SARR_2.2x7
  6
HIDDEN
 48
30.0
100
AcDbLine
 10
1927.1
 20
905.0
 30
0.0
 11
1927.1
 21
1185.0
 31
0.0
  0
LINE
  5
898
330
17
100
AcDbEntity
  8
SARR_2.2x7
  6
HIDDEN
 48
30.0
100
AcDbLine
 10
1948.0333333333333
 20
905.0
 30
0.0
 11
1948.0333333333333
 21
1185.0
 31
0.0
  0
LINE
  5
899
330
17
100
AcDbEntity
  8
SARR_2.2x7
  6
HIDDEN
 48
30.0
100
AcDbLine
 10
1968.9666666666667
 20
905.0
 30
0.0
 11
1968.9666666666667
 21
1185.0
 31
0.0
  0
LINE
  5
89A
330
17
100
AcDbEntity
  8
SARR_2.2x7
  6
HIDDEN
 48
30.0
100
AcDbLine
 10
1989.9
 20
905.0
 30
0.0
 11
1989.9
 21
1185.0
 31
0.0
  0
TEXT
  5
89B
330
17
100
AcDbEntity
  8
Texto Secao
 62
2
100
AcDbText
 10
1958.5
 20
897.0
 30
0.0
 40
4.5
  1
P28.C
 50
90.0
100
AcDbText
  0
LWPOLYLINE
  5
89C
330
17
100
AcDbEntity
  8
Paineis
100
AcDbPolyline
 90
4
 70
1
 10
1999.0
 20
905.0
 10
2047.0
 20
905.0
 10
2047.0
 20
1151.0
 10
1999.0
 20
1151.0
  0
HATCH
  5
89D
330
17
100
AcDbEntity
  8
Hachura
100
AcDbHatch
 10
0.0
 20
0.0
 30
0.0
210
0.0
220
0.0
230
1.0
  2
SOLID
 70
1
 71
0
 91
1
 92
3
 72
0
 73
1
 93
4
 10
1999.0
 20
905.0
 10
2047.0
 20
905.0
 10
2047.0
 20
1151.0
 10
1999.0
 20
1151.0
 97
0
 75
0
 76
1
 98
0
  0
HATCH
  5
89E
330
17
100
AcDbEntity
  8
Hachura
100
AcDbHatch
 10
0.0
 20
0.0
 30
0.0
210
0.0
220
0.0
230
1.0
  2
ANSI31
 70
0
 71
0
 91
1
 92
3
 72
0
 73
1
 93
4
 10
1999.0
 20
905.0
 10
2047.0
 20
905.0
 10
2047.0
 20
1151.0
 10
1999.0
 20
1151.0
 97
0
 75
1
 76
1
 52
0.0
 41
5.0
 77
0
 78
1
 53
45.0
 43
0.0
 44
0.0
 45
-11.2253201515
 46
11.2253201515
 79
0
 98
0
  0
LWPOLYLINE
  5
89F
330
17
100
AcDbEntity
  8
Paineis
100
AcDbPolyline
 90
4
 70
1
 10
1999.0
 20
1151.0
 10
2047.0
 20
1151.0
 10
2047.0
 20
1185.0
 10
1999.0
 20
1185.0
  0
HATCH
  5
8A0
330
17
100
AcDbEntity
  8
Hachura
100
AcDbHatch
 10
0.0
 20
0.0
 30
0.0
210
0.0
220
0.0
230
1.0
  2
SOLID
 70
1
 71
0
 91
1
 92
3
 72
0
 73
1
 93
4
 10
1999.0
 20
1151.0
 10
2047.0
 20
1151.0
 10
2047.0
 20
1185.0
 10
1999.0
 20
1185.0
 97
0
 75
0
 76
1
 98
0
  0
HATCH
  5
8A1
330
17
100
AcDbEntity
  8
Hachura
100
AcDbHatch
 10
0.0
 20
0.0
 30
0.0
210
0.0
220
0.0
230
1.0
  2
ANSI31
 70
0
 71
0
 91
1
 92
3
 72
0
 73
1
 93
4
 10
1999.0
 20
1151.0
 10
2047.0
 20
1151.0
 10
2047.0
 20
1185.0
 10
1999.0
 20
1185.0
 97
0
 75
1
 76
1
 52
0.0
 41
2.5
 77
0
 78
1
 53
45.0
 43
0.0
 44
0.0
 45
-5.6126600758
 46
5.6126600758
 79
0
 98
0
  0
LINE
  5
8A2
330
17
100
AcDbEntity
  8
Paineis
100
AcDbLine
 10
1999.0
 20
1149.0
 30
0.0
 11
2047.0
 21
1149.0
 31
0.0
  0
LINE
  5
8A3
330
17
100
AcDbEntity
  8
Paineis
100
AcDbLine
 10
1999.0
 20
907.0
 30
0.0
 11
2047.0
 21
907.0
 31
0.0
  0
LINE
  5
8A4
330
17
100
AcDbEntity
  8
SARR_2.2x7
  6
HIDDEN
 48
30.0
100
AcDbLine
 10
2000.1
 20
905.0
 30
0.0
 11
2000.1
 21
1185.0
 31
0.0
  0
LINE
  5
8A5
330
17
100
AcDbEntity
  8
SARR_2.2x7
  6
HIDDEN
 48
30.0
100
AcDbLine
 10
2023.0
 20
905.0
 30
0.0
 11
2023.0
 21
1185.0
 31
0.0
  0
LINE
  5
8A6
330
17
100
AcDbEntity
  8
SARR_2.2x7
  6
HIDDEN
 48
30.0
100
AcDbLine
 10
2045.9
 20
905.0
 30
0.0
 11
2045.9
 21
1185.0
 31
0.0
  0
TEXT
  5
8A7
330
17
100
AcDbEntity
  8
Texto Secao
 62
2
100
AcDbText
 10
2023.0
 20
897.0
 30
0.0
 40
4.5
  1
P28.D
 50
90.0
100
AcDbText
  0
LINE
  5
8A8
330
17
100
AcDbEntity
  8
COTA
 62
8
100
AcDbLine
 10
2055.0
 20
905.0
 30
0.0
 11
2055.0
 21
1185.0
 31
0.0
  0
LINE
  5
8A9
330
17
100
AcDbEntity
  8
COTA
 62
8
100
AcDbLine
 10
2053.0
 20
905.0
 30
0.0
 11
2057.0
 21
905.0
 31
0.0
  0
LINE
  5
8AA
330
17
100
AcDbEntity
  8
COTA
 62
8
100
AcDbLine
 10
2053.0
 20
907.0
 30
0.0
 11
2057.0
 21
907.0
 31
0.0
  0
TEXT
  5
8AB
330
17
100
AcDbEntity
  8
COTA
 62
8
100
AcDbText
 10
2060.0
 20
906.0
 30
0.0
 40
3.0
  1
h1=2
100
AcDbText
  0
LINE
  5
8AC
330
17
100
AcDbEntity
  8
COTA
 62
8
100
AcDbLine
 10
2053.0
 20
907.0
 30
0.0
 11
2057.0
 21
907.0
 31
0.0
  0
LINE
  5
8AD
330
17
100
AcDbEntity
  8
COTA
 62
8
100
AcDbLine
 10
2053.0
 20
1151.0
 30
0.0
 11
2057.0
 21
1151.0
 31
0.0
  0
TEXT
  5
8AE
330
17
100
AcDbEntity
  8
COTA
 62
8
100
AcDbText
 10
2060.0
 20
1029.0
 30
0.0
 40
3.0
  1
h2=244
100
AcDbText
  0
LINE
  5
8AF
330
17
100
AcDbEntity
  8
COTA
 62
8
100
AcDbLine
 10
2053.0
 20
1151.0
 30
0.0
 11
2057.0
 21
1151.0
 31
0.0
  0
LINE
  5
8B0
330
17
100
AcDbEntity
  8
COTA
 62
8
100
AcDbLine
 10
2053.0
 20
1185.0
 30
0.0
 11
2057.0
 21
1185.0
 31
0.0
  0
TEXT
  5
8B1
330
17
100
AcDbEntity
  8
COTA
 62
8
100
AcDbText
 10
2060.0
 20
1168.0
 30
0.0
 40
3.0
  1
h3=34
100
AcDbText
  0
TEXT
  5
8B2
330
17
100
AcDbEntity
  8
COTA
 62
8
100
AcDbText
 10
2060.0
 20
1188.0
 30
0.0
 40
3.5
  1
TOTAL=280
100
AcDbText
  0
LINE
  5
8B3
330
17
100
AcDbEntity
  8
Nivel
 62
4
100
AcDbLine
 10
1661.6
 20
905.0
 30
0.0
 11
2060.0
 21
905.0
 31
0.0
  0
LINE
  5
8B4
330
17
100
AcDbEntity
  8
Nivel
 62
4
100
AcDbLine
 10
1660.6
 20
910.0
 30
0.0
 11
1663.6
 21
905.0
 31
0.0
  0
LINE
  5
8B5
330
17
100
AcDbEntity
  8
Nivel
 62
4
100
AcDbLine
 10
1666.6
 20
910.0
 30
0.0
 11
1663.6
 21
905.0
 31
0.0
  0
TEXT
  5
8B6
330
17
100
AcDbEntity
  8
Nivel
 62
4
100
AcDbText
 10
1668.6
 20
906.0
 30
0.0
 40
4.0
  1
1o PAV.
100
AcDbText
  0
LINE
  5
8B7
330
17
100
AcDbEntity
  8
Nivel
 62
4
100
AcDbLine
 10
1661.6
 20
1151.0
 30
0.0
 11
2060.0
 21
1151.0
 31
0.0
  0
LINE
  5
8B8
330
17
100
AcDbEntity
  8
Nivel
 62
4
100
AcDbLine
 10
1660.6
 20
1156.0
 30
0.0
 11
1663.6
 21
1151.0
 31
0.0
  0
LINE
  5
8B9
330
17
100
AcDbEntity
  8
Nivel
 62
4
100
AcDbLine
 10
1666.6
 20
1156.0
 30
0.0
 11
1663.6
 21
1151.0
 31
0.0
  0
TEXT
  5
8BA
330
17
100
AcDbEntity
  8
Nivel
 62
4
100
AcDbText
 10
1668.6
 20
1152.0
 30
0.0
 40
4.0
  1
2o PAV.
100
AcDbText
  0
LWPOLYLINE
  5
8BB
330
17
100
AcDbEntity
  8
CARIMBO
 62
40
100
AcDbPolyline
 90
4
 70
1
 10
1659.6
 20
850.0
 10
2084.0
 20
850.0
 10
2084.0
 20
890.0
 10
1659.6
 20
890.0
  0
LINE
  5
8BC
330
17
100
AcDbEntity
  8
CARIMBO
 62
40
100
AcDbLine
 10
1659.6
 20
860.0
 30
0.0
 11
2084.0
 21
860.0
 31
0.0
  0
LINE
  5
8BD
330
17
100
AcDbEntity
  8
CARIMBO
 62
40
100
AcDbLine
 10
1659.6
 20
870.0
 30
0.0
 11
2084.0
 21
870.0
 31
0.0
  0
LINE
  5
8BE
330
17
100
AcDbEntity
  8
CARIMBO
 62
40
100
AcDbLine
 10
1659.6
 20
880.0
 30
0.0
 11
2084.0
 21
880.0
 31
0.0
  0
LINE
  5
8BF
330
17
100
AcDbEntity
  8
CARIMBO
 62
40
100
AcDbLine
 10
1808.1399999999999
 20
850.0
 30
0.0
 11
1808.1399999999999
 21
890.0
 31
0.0
  0
TEXT
  5
8C0
330
17
100
AcDbEntity
  8
CARIMBO
 62
9
100
AcDbText
 10
1662.6
 20
885.0
 30
0.0
 40
3.0
  1
CLIENTE:
100
AcDbText
  0
TEXT
  5
8C1
330
17
100
AcDbEntity
  8
TEXTO_GERAL
 62
2
100
AcDbText
 10
1811.1399999999999
 20
885.0
 30
0.0
 40
3.0
  1
ALIMONTI
100
AcDbText
  0
TEXT
  5
8C2
330
17
100
AcDbEntity
  8
CARIMBO
 62
9
100
AcDbText
 10
1662.6
 20
875.0
 30
0.0
 40
3.0
  1
OBRA:
100
AcDbText
  0
TEXT
  5
8C3
330
17
100
AcDbEntity
  8
TEXTO_GERAL
 62
2
100
AcDbText
 10
1811.1399999999999
 20
875.0
 30
0.0
 40
3.0
  1
Obra_TREINO_1
100
AcDbText
  0
TEXT
  5
8C4
330
17
100
AcDbEntity
  8
CARIMBO
 62
9
100
AcDbText
 10
1662.6
 20
865.0
 30
0.0
 40
3.0
  1
PAVIMENTO:
100
AcDbText
  0
TEXT
  5
8C5
330
17
100
AcDbEntity
  8
TEXTO_GERAL
 62
2
100
AcDbText
 10
1811.1399999999999
 20
865.0
 30
0.0
 40
3.0
  1
TERREO
100
AcDbText
  0
TEXT
  5
8C6
330
17
100
AcDbEntity
  8
CARIMBO
 62
9
100
AcDbText
 10
1662.6
 20
855.0
 30
0.0
 40
3.0
  1
PROJETO:
100
AcDbText
  0
TEXT
  5
8C7
330
17
100
AcDbEntity
  8
TEXTO_GERAL
 62
2
100
AcDbText
 10
1811.1399999999999
 20
855.0
 30
0.0
 40
3.0
  1
PILARES
100
AcDbText
  0
TEXT
  5
8C8
330
17
100
AcDbEntity
  8
LABEL_ID
 62
3
100
AcDbText
 10
2069.0
 20
855.0
 30
0.0
 40
8.0
  1
15
100
AcDbText
  0
LWPOLYLINE
  5
8C9
330
17
100
AcDbEntity
  8
BORDA_CELULA
 62
9
100
AcDbPolyline
 90
4
 70
1
 10
0.0
 20
1275.0
 10
363.4
 20
1275.0
 10
363.4
 20
1680.0
 10
0.0
 20
1680.0
  0
TEXT
  5
8CA
330
17
100
AcDbEntity
  8
TEXTO_GERAL
 62
2
100
AcDbText
 10
353.4
 20
1675.0
 30
0.0
 40
3.0
  1
TÉRREO - PD: 280.00
 72
2
 11
353.4
 21
1675.0
 31
0.0
100
AcDbText
  0
TEXT
  5
8CB
330
17
100
AcDbEntity
  8
TEXTO_GERAL
 62
2
100
AcDbText
 10
353.4
 20
1670.0
 30
0.0
 40
3.0
  1
NIVEL DE SAIDA: 280.00
 72
2
 11
353.4
 21
1670.0
 31
0.0
100
AcDbText
  0
TEXT
  5
8CC
330
17
100
AcDbEntity
  8
TEXTO_GERAL
 62
2
100
AcDbText
 10
353.4
 20
1665.0
 30
0.0
 40
3.0
  1
NIVEL DE CHEGADA: 0.00
 72
2
 11
353.4
 21
1665.0
 31
0.0
100
AcDbText
  0
TEXT
  5
8CD
330
17
100
AcDbEntity
  8
NOMENCLATURA
 62
1
100
AcDbText
 10
20.0
 20
1668.0
 30
0.0
 40
10.0
  1
P29
100
AcDbText
  0
LWPOLYLINE
  5
8CE
330
17
100
AcDbEntity
  8
CONCRETO
 62
4
100
AcDbPolyline
 90
4
 70
1
 10
31.200000000000003
 20
1587.5
 10
95.2
 20
1587.5
 10
95.2
 20
1606.5
 10
31.200000000000003
 20
1606.5
  0
HATCH
  5
8CF
330
17
100
AcDbEntity
  8
COTA
100
AcDbHatch
 10
0.0
 20
0.0
 30
0.0
210
0.0
220
0.0
230
1.0
  2
AR-CONC
 70
0
 71
0
 91
1
 92
3
 72
0
 73
1
 93
4
 10
31.200000000000003
 20
1587.5
 10
95.2
 20
1587.5
 10
95.2
 20
1606.5
 10
31.200000000000003
 20
1606.5
 97
0
 75
1
 76
1
 52
0.0
 41
0.03
 77
0
 78
13
 53
50.0
 43
0.0
 44
0.0
 45
5.4655400699
 46
-0.4781725662
 79
2
 49
0.5715
 49
-6.2865
 53
355.0
 43
0.0
 44
0.0
 45
-1.0573026428
 46
5.7317053572
 79
2
 49
0.4572
 49
-5.0292175251
 53
100.4514447
 43
0.45546021
 44
-0.039847605
 45
4.4082374127
 46
5.2535325574
 79
2
 49
0.485700264
 49
-5.342707338
 53
46.1842
 43
0.0
 44
1.524
 45
8.1323712268
 46
-1.261269838
 79
2
 49
0.85725
 49
-9.42975
 53
96.63555761
 43
0.677697
 44
1.418895
 45
7.1221240215
 46
7.4227837379
 79
2
 49
0.7285506942
 49
-8.0140682448
 53
351.18415117
 43
0.0
 44
1.524
 45
7.1221240219
 46
7.4227837376
 79
2
 49
0.6857990121
 49
-7.5437919576
 53
21.0
 43
0.762
 44
1.143
 45
4.5484317381
 46
-3.0679559456
 79
2
 49
0.5715
 49
-6.2865
 53
326.0
 43
0.762
 44
1.143
 45
1.8540608504
 46
5.5256389837
 79
2
 49
0.4572
 49
-5.0292
 53
71.451445
 43
1.141035978
 44
0.887337003
 45
6.4024925784
 46
2.4576830666
 79
2
 49
0.485700264
 49
-5.342698128
 53
37.5
 43
0.0
 44
0.0
 45
0.0926580975
 46
2.5366511662
 79
6
 49
0.0
 49
-4.96824
 49
0.0
 49
-5.1054
 49
0.0
 49
-5.04825
 53
7.5
 43
0.0
 44
0.0
 45
2.0045898753
 46
3.0054172445
 79
6
 49
0.0
 49
-2.91084
 49
0.0
 49
-4.85394
 49
0.0
 49
-1.92405
 53
-32.5
 43
-1.69926
 44
0.0
 45
4.067717855
 46
-0.1718623198
 79
6
 49
0.0
 49
-1.905
 49
0.0
 49
-5.9436
 49
0.0
 49
-7.8867
 53
-42.5
 43
-2.46126
 44
0.0
 45
4.4438754416
 46
0.762794731
 79
6
 49
0.0
 49
-2.4765
 49
0.0
 49
-3.94716
 49
0.0
 49
-5.6007
 98
0
  0
LWPOLYLINE
  5
8D0
330
17
100
AcDbEntity
  8
Paineis
100
AcDbPolyline
 90
4
 70
1
 10
31.200000000000003
 20
1585.3
 10
95.2
 20
1585.3
 10
95.2
 20
1587.5
 10
31.200000000000003
 20
1587.5
  0
HATCH
  5
8D1
330
17
100
AcDbEntity
  8
Paineis
100
AcDbHatch
 10
0.0
 20
0.0
 30
0.0
210
0.0
220
0.0
230
1.0
  2
SOLID
 70
1
 71
0
 91
1
 92
3
 72
0
 73
1
 93
4
 10
31.200000000000003
 20
1585.3
 10
95.2
 20
1585.3
 10
95.2
 20
1587.5
 10
31.200000000000003
 20
1587.5
 97
0
 75
0
 76
1
 98
0
  0
HATCH
  5
8D2
330
17
100
AcDbEntity
  8
Paineis
100
AcDbHatch
 10
0.0
 20
0.0
 30
0.0
210
0.0
220
0.0
230
1.0
  2
ANSI31
 70
0
 71
0
 91
1
 92
3
 72
0
 73
1
 93
4
 10
31.200000000000003
 20
1585.3
 10
95.2
 20
1585.3
 10
95.2
 20
1587.5
 10
31.200000000000003
 20
1587.5
 97
0
 75
1
 76
1
 52
270.0
 41
0.5
 77
0
 78
1
 53
315.0
 43
-0.0
 44
-0.0
 45
1.1225320152
 46
1.1225320151
 79
0
 98
0
  0
LWPOLYLINE
  5
8D3
330
17
100
AcDbEntity
  8
Paineis
100
AcDbPolyline
 90
4
 70
1
 10
31.200000000000003
 20
1606.5
 10
95.2
 20
1606.5
 10
95.2
 20
1608.7
 10
31.200000000000003
 20
1608.7
  0
HATCH
  5
8D4
330
17
100
AcDbEntity
  8
Paineis
100
AcDbHatch
 10
0.0
 20
0.0
 30
0.0
210
0.0
220
0.0
230
1.0
  2
SOLID
 70
1
 71
0
 91
1
 92
3
 72
0
 73
1
 93
4
 10
31.200000000000003
 20
1606.5
 10
95.2
 20
1606.5
 10
95.2
 20
1608.7
 10
31.200000000000003
 20
1608.7
 97
0
 75
0
 76
1
 98
0
  0
HATCH
  5
8D5
330
17
100
AcDbEntity
  8
Paineis
100
AcDbHatch
 10
0.0
 20
0.0
 30
0.0
210
0.0
220
0.0
230
1.0
  2
ANSI31
 70
0
 71
0
 91
1
 92
3
 72
0
 73
1
 93
4
 10
31.200000000000003
 20
1606.5
 10
95.2
 20
1606.5
 10
95.2
 20
1608.7
 10
31.200000000000003
 20
1608.7
 97
0
 75
1
 76
1
 52
270.0
 41
0.5
 77
0
 78
1
 53
315.0
 43
-0.0
 44
-0.0
 45
1.1225320152
 46
1.1225320151
 79
0
 98
0
  0
LWPOLYLINE
  5
8D6
330
17
100
AcDbEntity
  8
Paineis
100
AcDbPolyline
 90
4
 70
1
 10
29.000000000000004
 20
1587.5
 10
31.200000000000003
 20
1587.5
 10
31.200000000000003
 20
1606.5
 10
29.000000000000004
 20
1606.5
  0
HATCH
  5
8D7
330
17
100
AcDbEntity
  8
Paineis
100
AcDbHatch
 10
0.0
 20
0.0
 30
0.0
210
0.0
220
0.0
230
1.0
  2
SOLID
 70
1
 71
0
 91
1
 92
3
 72
0
 73
1
 93
4
 10
29.000000000000004
 20
1587.5
 10
31.200000000000003
 20
1587.5
 10
31.200000000000003
 20
1606.5
 10
29.000000000000004
 20
1606.5
 97
0
 75
0
 76
1
 98
0
  0
HATCH
  5
8D8
330
17
100
AcDbEntity
  8
Paineis
100
AcDbHatch
 10
0.0
 20
0.0
 30
0.0
210
0.0
220
0.0
230
1.0
  2
ANSI31
 70
0
 71
0
 91
1
 92
3
 72
0
 73
1
 93
4
 10
29.000000000000004
 20
1587.5
 10
31.200000000000003
 20
1587.5
 10
31.200000000000003
 20
1606.5
 10
29.000000000000004
 20
1606.5
 97
0
 75
1
 76
1
 52
270.0
 41
0.5
 77
0
 78
1
 53
315.0
 43
-0.0
 44
-0.0
 45
1.1225320152
 46
1.1225320151
 79
0
 98
0
  0
LWPOLYLINE
  5
8D9
330
17
100
AcDbEntity
  8
Paineis
100
AcDbPolyline
 90
4
 70
1
 10
95.2
 20
1587.5
 10
97.4
 20
1587.5
 10
97.4
 20
1606.5
 10
95.2
 20
1606.5
  0
HATCH
  5
8DA
330
17
100
AcDbEntity
  8
Paineis
100
AcDbHatch
 10
0.0
 20
0.0
 30
0.0
210
0.0
220
0.0
230
1.0
  2
SOLID
 70
1
 71
0
 91
1
 92
3
 72
0
 73
1
 93
4
 10
95.2
 20
1587.5
 10
97.4
 20
1587.5
 10
97.4
 20
1606.5
 10
95.2
 20
1606.5
 97
0
 75
0
 76
1
 98
0
  0
HATCH
  5
8DB
330
17
100
AcDbEntity
  8
Paineis
100
AcDbHatch
 10
0.0
 20
0.0
 30
0.0
210
0.0
220
0.0
230
1.0
  2
ANSI31
 70
0
 71
0
 91
1
 92
3
 72
0
 73
1
 93
4
 10
95.2
 20
1587.5
 10
97.4
 20
1587.5
 10
97.4
 20
1606.5
 10
95.2
 20
1606.5
 97
0
 75
1
 76
1
 52
270.0
 41
0.5
 77
0
 78
1
 53
315.0
 43
-0.0
 44
-0.0
 45
1.1225320152
 46
1.1225320151
 79
0
 98
0
  0
LWPOLYLINE
  5
8DC
330
17
100
AcDbEntity
  8
SARR_2.2x7
100
AcDbPolyline
 90
4
 70
1
 10
31.200000000000003
 20
1578.3
 10
33.400000000000006
 20
1578.3
 10
33.400000000000006
 20
1585.3
 10
31.200000000000003
 20
1585.3
  0
HATCH
  5
8DD
330
17
100
AcDbEntity
  8
SARR_2.2x7
100
AcDbHatch
 10
0.0
 20
0.0
 30
0.0
210
0.0
220
0.0
230
1.0
  2
SOLID
 70
1
 71
0
 91
1
 92
3
 72
0
 73
1
 93
4
 10
31.200000000000003
 20
1578.3
 10
33.400000000000006
 20
1578.3
 10
33.400000000000006
 20
1585.3
 10
31.200000000000003
 20
1585.3
 97
0
 75
0
 76
1
 98
0
  0
HATCH
  5
8DE
330
17
100
AcDbEntity
  8
SARR_2.2x7
100
AcDbHatch
 10
0.0
 20
0.0
 30
0.0
210
0.0
220
0.0
230
1.0
  2
ANSI31
 70
0
 71
0
 91
1
 92
3
 72
0
 73
1
 93
4
 10
31.200000000000003
 20
1578.3
 10
33.400000000000006
 20
1578.3
 10
33.400000000000006
 20
1585.3
 10
31.200000000000003
 20
1585.3
 97
0
 75
1
 76
1
 52
270.0
 41
0.5
 77
0
 78
1
 53
315.0
 43
-0.0
 44
-0.0
 45
1.1225320152
 46
1.1225320151
 79
0
 98
0
  0
LWPOLYLINE
  5
8DF
330
17
100
AcDbEntity
  8
SARR_2.2x7
100
AcDbPolyline
 90
4
 70
1
 10
51.800000000000004
 20
1578.3
 10
54.00000000000001
 20
1578.3
 10
54.00000000000001
 20
1585.3
 10
51.800000000000004
 20
1585.3
  0
HATCH
  5
8E0
330
17
100
AcDbEntity
  8
SARR_2.2x7
100
AcDbHatch
 10
0.0
 20
0.0
 30
0.0
210
0.0
220
0.0
230
1.0
  2
SOLID
 70
1
 71
0
 91
1
 92
3
 72
0
 73
1
 93
4
 10
51.800000000000004
 20
1578.3
 10
54.00000000000001
 20
1578.3
 10
54.00000000000001
 20
1585.3
 10
51.800000000000004
 20
1585.3
 97
0
 75
0
 76
1
 98
0
  0
HATCH
  5
8E1
330
17
100
AcDbEntity
  8
SARR_2.2x7
100
AcDbHatch
 10
0.0
 20
0.0
 30
0.0
210
0.0
220
0.0
230
1.0
  2
ANSI31
 70
0
 71
0
 91
1
 92
3
 72
0
 73
1
 93
4
 10
51.800000000000004
 20
1578.3
 10
54.00000000000001
 20
1578.3
 10
54.00000000000001
 20
1585.3
 10
51.800000000000004
 20
1585.3
 97
0
 75
1
 76
1
 52
270.0
 41
0.5
 77
0
 78
1
 53
315.0
 43
-0.0
 44
-0.0
 45
1.1225320152
 46
1.1225320151
 79
0
 98
0
  0
LWPOLYLINE
  5
8E2
330
17
100
AcDbEntity
  8
SARR_2.2x7
100
AcDbPolyline
 90
4
 70
1
 10
72.4
 20
1578.3
 10
74.60000000000001
 20
1578.3
 10
74.60000000000001
 20
1585.3
 10
72.4
 20
1585.3
  0
HATCH
  5
8E3
330
17
100
AcDbEntity
  8
SARR_2.2x7
100
AcDbHatch
 10
0.0
 20
0.0
 30
0.0
210
0.0
220
0.0
230
1.0
  2
SOLID
 70
1
 71
0
 91
1
 92
3
 72
0
 73
1
 93
4
 10
72.4
 20
1578.3
 10
74.60000000000001
 20
1578.3
 10
74.60000000000001
 20
1585.3
 10
72.4
 20
1585.3
 97
0
 75
0
 76
1
 98
0
  0
HATCH
  5
8E4
330
17
100
AcDbEntity
  8
SARR_2.2x7
100
AcDbHatch
 10
0.0
 20
0.0
 30
0.0
210
0.0
220
0.0
230
1.0
  2
ANSI31
 70
0
 71
0
 91
1
 92
3
 72
0
 73
1
 93
4
 10
72.4
 20
1578.3
 10
74.60000000000001
 20
1578.3
 10
74.60000000000001
 20
1585.3
 10
72.4
 20
1585.3
 97
0
 75
1
 76
1
 52
270.0
 41
0.5
 77
0
 78
1
 53
315.0
 43
-0.0
 44
-0.0
 45
1.1225320152
 46
1.1225320151
 79
0
 98
0
  0
LWPOLYLINE
  5
8E5
330
17
100
AcDbEntity
  8
SARR_2.2x7
100
AcDbPolyline
 90
4
 70
1
 10
93.0
 20
1578.3
 10
95.2
 20
1578.3
 10
95.2
 20
1585.3
 10
93.0
 20
1585.3
  0
HATCH
  5
8E6
330
17
100
AcDbEntity
  8
SARR_2.2x7
100
AcDbHatch
 10
0.0
 20
0.0
 30
0.0
210
0.0
220
0.0
230
1.0
  2
SOLID
 70
1
 71
0
 91
1
 92
3
 72
0
 73
1
 93
4
 10
93.0
 20
1578.3
 10
95.2
 20
1578.3
 10
95.2
 20
1585.3
 10
93.0
 20
1585.3
 97
0
 75
0
 76
1
 98
0
  0
HATCH
  5
8E7
330
17
100
AcDbEntity
  8
SARR_2.2x7
100
AcDbHatch
 10
0.0
 20
0.0
 30
0.0
210
0.0
220
0.0
230
1.0
  2
ANSI31
 70
0
 71
0
 91
1
 92
3
 72
0
 73
1
 93
4
 10
93.0
 20
1578.3
 10
95.2
 20
1578.3
 10
95.2
 20
1585.3
 10
93.0
 20
1585.3
 97
0
 75
1
 76
1
 52
270.0
 41
0.5
 77
0
 78
1
 53
315.0
 43
-0.0
 44
-0.0
 45
1.1225320152
 46
1.1225320151
 79
0
 98
0
  0
LWPOLYLINE
  5
8E8
330
17
100
AcDbEntity
  8
SARR_2.2x7
100
AcDbPolyline
 90
4
 70
1
 10
31.200000000000003
 20
1608.7
 10
33.400000000000006
 20
1608.7
 10
33.400000000000006
 20
1615.7
 10
31.200000000000003
 20
1615.7
  0
HATCH
  5
8E9
330
17
100
AcDbEntity
  8
SARR_2.2x7
100
AcDbHatch
 10
0.0
 20
0.0
 30
0.0
210
0.0
220
0.0
230
1.0
  2
SOLID
 70
1
 71
0
 91
1
 92
3
 72
0
 73
1
 93
4
 10
31.200000000000003
 20
1608.7
 10
33.400000000000006
 20
1608.7
 10
33.400000000000006
 20
1615.7
 10
31.200000000000003
 20
1615.7
 97
0
 75
0
 76
1
 98
0
  0
HATCH
  5
8EA
330
17
100
AcDbEntity
  8
SARR_2.2x7
100
AcDbHatch
 10
0.0
 20
0.0
 30
0.0
210
0.0
220
0.0
230
1.0
  2
ANSI31
 70
0
 71
0
 91
1
 92
3
 72
0
 73
1
 93
4
 10
31.200000000000003
 20
1608.7
 10
33.400000000000006
 20
1608.7
 10
33.400000000000006
 20
1615.7
 10
31.200000000000003
 20
1615.7
 97
0
 75
1
 76
1
 52
270.0
 41
0.5
 77
0
 78
1
 53
315.0
 43
-0.0
 44
-0.0
 45
1.1225320152
 46
1.1225320151
 79
0
 98
0
  0
LWPOLYLINE
  5
8EB
330
17
100
AcDbEntity
  8
SARR_2.2x7
100
AcDbPolyline
 90
4
 70
1
 10
51.800000000000004
 20
1608.7
 10
54.00000000000001
 20
1608.7
 10
54.00000000000001
 20
1615.7
 10
51.800000000000004
 20
1615.7
  0
HATCH
  5
8EC
330
17
100
AcDbEntity
  8
SARR_2.2x7
100
AcDbHatch
 10
0.0
 20
0.0
 30
0.0
210
0.0
220
0.0
230
1.0
  2
SOLID
 70
1
 71
0
 91
1
 92
3
 72
0
 73
1
 93
4
 10
51.800000000000004
 20
1608.7
 10
54.00000000000001
 20
1608.7
 10
54.00000000000001
 20
1615.7
 10
51.800000000000004
 20
1615.7
 97
0
 75
0
 76
1
 98
0
  0
HATCH
  5
8ED
330
17
100
AcDbEntity
  8
SARR_2.2x7
100
AcDbHatch
 10
0.0
 20
0.0
 30
0.0
210
0.0
220
0.0
230
1.0
  2
ANSI31
 70
0
 71
0
 91
1
 92
3
 72
0
 73
1
 93
4
 10
51.800000000000004
 20
1608.7
 10
54.00000000000001
 20
1608.7
 10
54.00000000000001
 20
1615.7
 10
51.800000000000004
 20
1615.7
 97
0
 75
1
 76
1
 52
270.0
 41
0.5
 77
0
 78
1
 53
315.0
 43
-0.0
 44
-0.0
 45
1.1225320152
 46
1.1225320151
 79
0
 98
0
  0
LWPOLYLINE
  5
8EE
330
17
100
AcDbEntity
  8
SARR_2.2x7
100
AcDbPolyline
 90
4
 70
1
 10
72.4
 20
1608.7
 10
74.60000000000001
 20
1608.7
 10
74.60000000000001
 20
1615.7
 10
72.4
 20
1615.7
  0
HATCH
  5
8EF
330
17
100
AcDbEntity
  8
SARR_2.2x7
100
AcDbHatch
 10
0.0
 20
0.0
 30
0.0
210
0.0
220
0.0
230
1.0
  2
SOLID
 70
1
 71
0
 91
1
 92
3
 72
0
 73
1
 93
4
 10
72.4
 20
1608.7
 10
74.60000000000001
 20
1608.7
 10
74.60000000000001
 20
1615.7
 10
72.4
 20
1615.7
 97
0
 75
0
 76
1
 98
0
  0
HATCH
  5
8F0
330
17
100
AcDbEntity
  8
SARR_2.2x7
100
AcDbHatch
 10
0.0
 20
0.0
 30
0.0
210
0.0
220
0.0
230
1.0
  2
ANSI31
 70
0
 71
0
 91
1
 92
3
 72
0
 73
1
 93
4
 10
72.4
 20
1608.7
 10
74.60000000000001
 20
1608.7
 10
74.60000000000001
 20
1615.7
 10
72.4
 20
1615.7
 97
0
 75
1
 76
1
 52
270.0
 41
0.5
 77
0
 78
1
 53
315.0
 43
-0.0
 44
-0.0
 45
1.1225320152
 46
1.1225320151
 79
0
 98
0
  0
LWPOLYLINE
  5
8F1
330
17
100
AcDbEntity
  8
SARR_2.2x7
100
AcDbPolyline
 90
4
 70
1
 10
93.0
 20
1608.7
 10
95.2
 20
1608.7
 10
95.2
 20
1615.7
 10
93.0
 20
1615.7
  0
HATCH
  5
8F2
330
17
100
AcDbEntity
  8
SARR_2.2x7
100
AcDbHatch
 10
0.0
 20
0.0
 30
0.0
210
0.0
220
0.0
230
1.0
  2
SOLID
 70
1
 71
0
 91
1
 92
3
 72
0
 73
1
 93
4
 10
93.0
 20
1608.7
 10
95.2
 20
1608.7
 10
95.2
 20
1615.7
 10
93.0
 20
1615.7
 97
0
 75
0
 76
1
 98
0
  0
HATCH
  5
8F3
330
17
100
AcDbEntity
  8
SARR_2.2x7
100
AcDbHatch
 10
0.0
 20
0.0
 30
0.0
210
0.0
220
0.0
230
1.0
  2
ANSI31
 70
0
 71
0
 91
1
 92
3
 72
0
 73
1
 93
4
 10
93.0
 20
1608.7
 10
95.2
 20
1608.7
 10
95.2
 20
1615.7
 10
93.0
 20
1615.7
 97
0
 75
1
 76
1
 52
270.0
 41
0.5
 77
0
 78
1
 53
315.0
 43
-0.0
 44
-0.0
 45
1.1225320152
 46
1.1225320151
 79
0
 98
0
  0
LWPOLYLINE
  5
8F4
330
17
100
AcDbEntity
  8
SARR_2.2x7
100
AcDbPolyline
 90
4
 70
1
 10
22.000000000000004
 20
1587.5
 10
29.000000000000004
 20
1587.5
 10
29.000000000000004
 20
1589.7
 10
22.000000000000004
 20
1589.7
  0
HATCH
  5
8F5
330
17
100
AcDbEntity
  8
SARR_2.2x7
100
AcDbHatch
 10
0.0
 20
0.0
 30
0.0
210
0.0
220
0.0
230
1.0
  2
SOLID
 70
1
 71
0
 91
1
 92
3
 72
0
 73
1
 93
4
 10
22.000000000000004
 20
1587.5
 10
29.000000000000004
 20
1587.5
 10
29.000000000000004
 20
1589.7
 10
22.000000000000004
 20
1589.7
 97
0
 75
0
 76
1
 98
0
  0
HATCH
  5
8F6
330
17
100
AcDbEntity
  8
SARR_2.2x7
100
AcDbHatch
 10
0.0
 20
0.0
 30
0.0
210
0.0
220
0.0
230
1.0
  2
ANSI31
 70
0
 71
0
 91
1
 92
3
 72
0
 73
1
 93
4
 10
22.000000000000004
 20
1587.5
 10
29.000000000000004
 20
1587.5
 10
29.000000000000004
 20
1589.7
 10
22.000000000000004
 20
1589.7
 97
0
 75
1
 76
1
 52
270.0
 41
0.5
 77
0
 78
1
 53
315.0
 43
-0.0
 44
-0.0
 45
1.1225320152
 46
1.1225320151
 79
0
 98
0
  0
LWPOLYLINE
  5
8F7
330
17
100
AcDbEntity
  8
SARR_2.2x7
100
AcDbPolyline
 90
4
 70
1
 10
22.000000000000004
 20
1604.3000000000002
 10
29.000000000000004
 20
1604.3000000000002
 10
29.000000000000004
 20
1606.5000000000002
 10
22.000000000000004
 20
1606.5000000000002
  0
HATCH
  5
8F8
330
17
100
AcDbEntity
  8
SARR_2.2x7
100
AcDbHatch
 10
0.0
 20
0.0
 30
0.0
210
0.0
220
0.0
230
1.0
  2
SOLID
 70
1
 71
0
 91
1
 92
3
 72
0
 73
1
 93
4
 10
22.000000000000004
 20
1604.3000000000002
 10
29.000000000000004
 20
1604.3000000000002
 10
29.000000000000004
 20
1606.5000000000002
 10
22.000000000000004
 20
1606.5000000000002
 97
0
 75
0
 76
1
 98
0
  0
HATCH
  5
8F9
330
17
100
AcDbEntity
  8
SARR_2.2x7
100
AcDbHatch
 10
0.0
 20
0.0
 30
0.0
210
0.0
220
0.0
230
1.0
  2
ANSI31
 70
0
 71
0
 91
1
 92
3
 72
0
 73
1
 93
4
 10
22.000000000000004
 20
1604.3000000000002
 10
29.000000000000004
 20
1604.3000000000002
 10
29.000000000000004
 20
1606.5000000000002
 10
22.000000000000004
 20
1606.5000000000002
 97
0
 75
1
 76
1
 52
270.0
 41
0.5
 77
0
 78
1
 53
315.0
 43
-0.0
 44
-0.0
 45
1.1225320152
 46
1.1225320151
 79
0
 98
0
  0
LWPOLYLINE
  5
8FA
330
17
100
AcDbEntity
  8
SARR_2.2x7
100
AcDbPolyline
 90
4
 70
1
 10
97.4
 20
1587.5
 10
104.4
 20
1587.5
 10
104.4
 20
1589.7
 10
97.4
 20
1589.7
  0
HATCH
  5
8FB
330
17
100
AcDbEntity
  8
SARR_2.2x7
100
AcDbHatch
 10
0.0
 20
0.0
 30
0.0
210
0.0
220
0.0
230
1.0
  2
SOLID
 70
1
 71
0
 91
1
 92
3
 72
0
 73
1
 93
4
 10
97.4
 20
1587.5
 10
104.4
 20
1587.5
 10
104.4
 20
1589.7
 10
97.4
 20
1589.7
 97
0
 75
0
 76
1
 98
0
  0
HATCH
  5
8FC
330
17
100
AcDbEntity
  8
SARR_2.2x7
100
AcDbHatch
 10
0.0
 20
0.0
 30
0.0
210
0.0
220
0.0
230
1.0
  2
ANSI31
 70
0
 71
0
 91
1
 92
3
 72
0
 73
1
 93
4
 10
97.4
 20
1587.5
 10
104.4
 20
1587.5
 10
104.4
 20
1589.7
 10
97.4
 20
1589.7
 97
0
 75
1
 76
1
 52
270.0
 41
0.5
 77
0
 78
1
 53
315.0
 43
-0.0
 44
-0.0
 45
1.1225320152
 46
1.1225320151
 79
0
 98
0
  0
LWPOLYLINE
  5
8FD
330
17
100
AcDbEntity
  8
SARR_2.2x7
100
AcDbPolyline
 90
4
 70
1
 10
97.4
 20
1604.3000000000002
 10
104.4
 20
1604.3000000000002
 10
104.4
 20
1606.5000000000002
 10
97.4
 20
1606.5000000000002
  0
HATCH
  5
8FE
330
17
100
AcDbEntity
  8
SARR_2.2x7
100
AcDbHatch
 10
0.0
 20
0.0
 30
0.0
210
0.0
220
0.0
230
1.0
  2
SOLID
 70
1
 71
0
 91
1
 92
3
 72
0
 73
1
 93
4
 10
97.4
 20
1604.3000000000002
 10
104.4
 20
1604.3000000000002
 10
104.4
 20
1606.5000000000002
 10
97.4
 20
1606.5000000000002
 97
0
 75
0
 76
1
 98
0
  0
HATCH
  5
8FF
330
17
100
AcDbEntity
  8
SARR_2.2x7
100
AcDbHatch
 10
0.0
 20
0.0
 30
0.0
210
0.0
220
0.0
230
1.0
  2
ANSI31
 70
0
 71
0
 91
1
 92
3
 72
0
 73
1
 93
4
 10
97.4
 20
1604.3000000000002
 10
104.4
 20
1604.3000000000002
 10
104.4
 20
1606.5000000000002
 10
97.4
 20
1606.5000000000002
 97
0
 75
1
 76
1
 52
270.0
 41
0.5
 77
0
 78
1
 53
315.0
 43
-0.0
 44
-0.0
 45
1.1225320152
 46
1.1225320151
 79
0
 98
0
  0
LWPOLYLINE
  5
900
330
17
100
AcDbEntity
  8
CHAPA
 62
1
100
AcDbPolyline
 90
4
 70
1
 10
27.000000000000004
 20
1583.3
 10
29.000000000000004
 20
1583.3
 10
29.000000000000004
 20
1585.3
 10
27.000000000000004
 20
1585.3
  0
HATCH
  5
901
330
17
100
AcDbEntity
  8
CHAPA
 62
1
100
AcDbHatch
 10
0.0
 20
0.0
 30
0.0
210
0.0
220
0.0
230
1.0
  2
SOLID
 70
1
 71
0
 91
1
 92
3
 72
0
 73
1
 93
4
 10
27.000000000000004
 20
1583.3
 10
29.000000000000004
 20
1583.3
 10
29.000000000000004
 20
1585.3
 10
27.000000000000004
 20
1585.3
 97
0
 75
0
 76
1
 98
0
  0
LWPOLYLINE
  5
902
330
17
100
AcDbEntity
  8
CHAPA
 62
1
100
AcDbPolyline
 90
4
 70
1
 10
97.4
 20
1583.3
 10
99.4
 20
1583.3
 10
99.4
 20
1585.3
 10
97.4
 20
1585.3
  0
HATCH
  5
903
330
17
100
AcDbEntity
  8
CHAPA
 62
1
100
AcDbHatch
 10
0.0
 20
0.0
 30
0.0
210
0.0
220
0.0
230
1.0
  2
SOLID
 70
1
 71
0
 91
1
 92
3
 72
0
 73
1
 93
4
 10
97.4
 20
1583.3
 10
99.4
 20
1583.3
 10
99.4
 20
1585.3
 10
97.4
 20
1585.3
 97
0
 75
0
 76
1
 98
0
  0
LWPOLYLINE
  5
904
330
17
100
AcDbEntity
  8
CHAPA
 62
1
100
AcDbPolyline
 90
4
 70
1
 10
97.4
 20
1608.7
 10
99.4
 20
1608.7
 10
99.4
 20
1610.7
 10
97.4
 20
1610.7
  0
HATCH
  5
905
330
17
100
AcDbEntity
  8
CHAPA
 62
1
100
AcDbHatch
 10
0.0
 20
0.0
 30
0.0
210
0.0
220
0.0
230
1.0
  2
SOLID
 70
1
 71
0
 91
1
 92
3
 72
0
 73
1
 93
4
 10
97.4
 20
1608.7
 10
99.4
 20
1608.7
 10
99.4
 20
1610.7
 10
97.4
 20
1610.7
 97
0
 75
0
 76
1
 98
0
  0
LWPOLYLINE
  5
906
330
17
100
AcDbEntity
  8
CHAPA
 62
1
100
AcDbPolyline
 90
4
 70
1
 10
27.000000000000004
 20
1608.7
 10
29.000000000000004
 20
1608.7
 10
29.000000000000004
 20
1610.7
 10
27.000000000000004
 20
1610.7
  0
HATCH
  5
907
330
17
100
AcDbEntity
  8
CHAPA
 62
1
100
AcDbHatch
 10
0.0
 20
0.0
 30
0.0
210
0.0
220
0.0
230
1.0
  2
SOLID
 70
1
 71
0
 91
1
 92
3
 72
0
 73
1
 93
4
 10
27.000000000000004
 20
1608.7
 10
29.000000000000004
 20
1608.7
 10
29.000000000000004
 20
1610.7
 10
27.000000000000004
 20
1610.7
 97
0
 75
0
 76
1
 98
0
  0
TEXT
  5
908
330
17
100
AcDbEntity
  8
Texto Secao
 62
2
100
AcDbText
 10
63.2
 20
1575.3
 30
0.0
 40
4.0
  1
A
 72
1
 11
63.2
 21
1575.3
 31
0.0
100
AcDbText
 73
3
  0
TEXT
  5
909
330
17
100
AcDbEntity
  8
Texto Secao
 62
2
100
AcDbText
 10
63.2
 20
1618.7
 30
0.0
 40
4.0
  1
C
 72
1
 11
63.2
 21
1618.7
 31
0.0
100
AcDbText
 73
1
  0
TEXT
  5
90A
330
17
100
AcDbEntity
  8
Texto Secao
 62
2
100
AcDbText
 10
19.000000000000004
 20
1597.0
 30
0.0
 40
4.0
  1
D
 72
2
 11
19.000000000000004
 21
1597.0
 31
0.0
100
AcDbText
 73
2
  0
TEXT
  5
90B
330
17
100
AcDbEntity
  8
Texto Secao
 62
2
100
AcDbText
 10
107.4
 20
1597.0
 30
0.0
 40
4.0
  1
B
 11
107.4
 21
1597.0
 31
0.0
100
AcDbText
 73
2
  0
TEXT
  5
90C
330
17
100
AcDbEntity
  8
Cota Secao (2x)
 62
4
100
AcDbText
 10
63.2
 20
1566.3
 30
0.0
 40
3.4
  1
64x19cm
 72
1
 11
63.2
 21
1566.3
 31
0.0
100
AcDbText
 73
3
  0
TEXT
  5
90D
330
17
100
AcDbEntity
  8
Texto Secao
 62
2
100
AcDbText
 10
63.2
 20
1627.7
 30
0.0
 40
4.0
  1
VISAO DE CIMA
 72
1
 11
63.2
 21
1627.7
 31
0.0
100
AcDbText
 73
1
  0
LWPOLYLINE
  5
90E
330
17
100
AcDbEntity
  8
Paineis
100
AcDbPolyline
 90
4
 70
1
 10
136.4
 20
1330.0
 10
200.4
 20
1330.0
 10
200.4
 20
1576.0
 10
136.4
 20
1576.0
  0
HATCH
  5
90F
330
17
100
AcDbEntity
  8
Hachura
100
AcDbHatch
 10
0.0
 20
0.0
 30
0.0
210
0.0
220
0.0
230
1.0
  2
SOLID
 70
1
 71
0
 91
1
 92
3
 72
0
 73
1
 93
4
 10
136.4
 20
1330.0
 10
200.4
 20
1330.0
 10
200.4
 20
1576.0
 10
136.4
 20
1576.0
 97
0
 75
0
 76
1
 98
0
  0
HATCH
  5
910
330
17
100
AcDbEntity
  8
Hachura
100
AcDbHatch
 10
0.0
 20
0.0
 30
0.0
210
0.0
220
0.0
230
1.0
  2
ANSI31
 70
0
 71
0
 91
1
 92
3
 72
0
 73
1
 93
4
 10
136.4
 20
1330.0
 10
200.4
 20
1330.0
 10
200.4
 20
1576.0
 10
136.4
 20
1576.0
 97
0
 75
1
 76
1
 52
0.0
 41
5.0
 77
0
 78
1
 53
45.0
 43
0.0
 44
0.0
 45
-11.2253201515
 46
11.2253201515
 79
0
 98
0
  0
LWPOLYLINE
  5
911
330
17
100
AcDbEntity
  8
Paineis
100
AcDbPolyline
 90
4
 70
1
 10
136.4
 20
1576.0
 10
200.4
 20
1576.0
 10
200.4
 20
1610.0
 10
136.4
 20
1610.0
  0
HATCH
  5
912
330
17
100
AcDbEntity
  8
Hachura
100
AcDbHatch
 10
0.0
 20
0.0
 30
0.0
210
0.0
220
0.0
230
1.0
  2
SOLID
 70
1
 71
0
 91
1
 92
3
 72
0
 73
1
 93
4
 10
136.4
 20
1576.0
 10
200.4
 20
1576.0
 10
200.4
 20
1610.0
 10
136.4
 20
1610.0
 97
0
 75
0
 76
1
 98
0
  0
HATCH
  5
913
330
17
100
AcDbEntity
  8
Hachura
100
AcDbHatch
 10
0.0
 20
0.0
 30
0.0
210
0.0
220
0.0
230
1.0
  2
ANSI31
 70
0
 71
0
 91
1
 92
3
 72
0
 73
1
 93
4
 10
136.4
 20
1576.0
 10
200.4
 20
1576.0
 10
200.4
 20
1610.0
 10
136.4
 20
1610.0
 97
0
 75
1
 76
1
 52
0.0
 41
2.5
 77
0
 78
1
 53
45.0
 43
0.0
 44
0.0
 45
-5.6126600758
 46
5.6126600758
 79
0
 98
0
  0
LINE
  5
914
330
17
100
AcDbEntity
  8
Paineis
100
AcDbLine
 10
136.4
 20
1574.0
 30
0.0
 11
200.4
 21
1574.0
 31
0.0
  0
LINE
  5
915
330
17
100
AcDbEntity
  8
Paineis
100
AcDbLine
 10
136.4
 20
1332.0
 30
0.0
 11
200.4
 21
1332.0
 31
0.0
  0
LINE
  5
916
330
17
100
AcDbEntity
  8
SARR_2.2x7
  6
HIDDEN
 48
30.0
100
AcDbLine
 10
137.5
 20
1330.0
 30
0.0
 11
137.5
 21
1610.0
 31
0.0
  0
LINE
  5
917
330
17
100
AcDbEntity
  8
SARR_2.2x7
  6
HIDDEN
 48
30.0
100
AcDbLine
 10
158.1
 20
1330.0
 30
0.0
 11
158.1
 21
1610.0
 31
0.0
  0
LINE
  5
918
330
17
100
AcDbEntity
  8
SARR_2.2x7
  6
HIDDEN
 48
30.0
100
AcDbLine
 10
178.7
 20
1330.0
 30
0.0
 11
178.7
 21
1610.0
 31
0.0
  0
LINE
  5
919
330
17
100
AcDbEntity
  8
SARR_2.2x7
  6
HIDDEN
 48
30.0
100
AcDbLine
 10
199.3
 20
1330.0
 30
0.0
 11
199.3
 21
1610.0
 31
0.0
  0
TEXT
  5
91A
330
17
100
AcDbEntity
  8
Texto Secao
 62
2
100
AcDbText
 10
168.4
 20
1322.0
 30
0.0
 40
4.5
  1
P29.A
 50
90.0
100
AcDbText
  0
LWPOLYLINE
  5
91B
330
17
100
AcDbEntity
  8
Paineis
100
AcDbPolyline
 90
4
 70
1
 10
208.4
 20
1330.0
 10
227.4
 20
1330.0
 10
227.4
 20
1576.0
 10
208.4
 20
1576.0
  0
HATCH
  5
91C
330
17
100
AcDbEntity
  8
Hachura
100
AcDbHatch
 10
0.0
 20
0.0
 30
0.0
210
0.0
220
0.0
230
1.0
  2
SOLID
 70
1
 71
0
 91
1
 92
3
 72
0
 73
1
 93
4
 10
208.4
 20
1330.0
 10
227.4
 20
1330.0
 10
227.4
 20
1576.0
 10
208.4
 20
1576.0
 97
0
 75
0
 76
1
 98
0
  0
HATCH
  5
91D
330
17
100
AcDbEntity
  8
Hachura
100
AcDbHatch
 10
0.0
 20
0.0
 30
0.0
210
0.0
220
0.0
230
1.0
  2
ANSI31
 70
0
 71
0
 91
1
 92
3
 72
0
 73
1
 93
4
 10
208.4
 20
1330.0
 10
227.4
 20
1330.0
 10
227.4
 20
1576.0
 10
208.4
 20
1576.0
 97
0
 75
1
 76
1
 52
0.0
 41
5.0
 77
0
 78
1
 53
45.0
 43
0.0
 44
0.0
 45
-11.2253201515
 46
11.2253201515
 79
0
 98
0
  0
LWPOLYLINE
  5
91E
330
17
100
AcDbEntity
  8
Paineis
100
AcDbPolyline
 90
4
 70
1
 10
208.4
 20
1576.0
 10
227.4
 20
1576.0
 10
227.4
 20
1610.0
 10
208.4
 20
1610.0
  0
HATCH
  5
91F
330
17
100
AcDbEntity
  8
Hachura
100
AcDbHatch
 10
0.0
 20
0.0
 30
0.0
210
0.0
220
0.0
230
1.0
  2
SOLID
 70
1
 71
0
 91
1
 92
3
 72
0
 73
1
 93
4
 10
208.4
 20
1576.0
 10
227.4
 20
1576.0
 10
227.4
 20
1610.0
 10
208.4
 20
1610.0
 97
0
 75
0
 76
1
 98
0
  0
HATCH
  5
920
330
17
100
AcDbEntity
  8
Hachura
100
AcDbHatch
 10
0.0
 20
0.0
 30
0.0
210
0.0
220
0.0
230
1.0
  2
ANSI31
 70
0
 71
0
 91
1
 92
3
 72
0
 73
1
 93
4
 10
208.4
 20
1576.0
 10
227.4
 20
1576.0
 10
227.4
 20
1610.0
 10
208.4
 20
1610.0
 97
0
 75
1
 76
1
 52
0.0
 41
2.5
 77
0
 78
1
 53
45.0
 43
0.0
 44
0.0
 45
-5.6126600758
 46
5.6126600758
 79
0
 98
0
  0
LINE
  5
921
330
17
100
AcDbEntity
  8
Paineis
100
AcDbLine
 10
208.4
 20
1574.0
 30
0.0
 11
227.4
 21
1574.0
 31
0.0
  0
LINE
  5
922
330
17
100
AcDbEntity
  8
Paineis
100
AcDbLine
 10
208.4
 20
1332.0
 30
0.0
 11
227.4
 21
1332.0
 31
0.0
  0
LINE
  5
923
330
17
100
AcDbEntity
  8
SARR_2.2x7
  6
HIDDEN
 48
30.0
100
AcDbLine
 10
209.5
 20
1330.0
 30
0.0
 11
209.5
 21
1610.0
 31
0.0
  0
LINE
  5
924
330
17
100
AcDbEntity
  8
SARR_2.2x7
  6
HIDDEN
 48
30.0
100
AcDbLine
 10
226.3
 20
1330.0
 30
0.0
 11
226.3
 21
1610.0
 31
0.0
  0
TEXT
  5
925
330
17
100
AcDbEntity
  8
Texto Secao
 62
2
100
AcDbText
 10
217.9
 20
1322.0
 30
0.0
 40
4.5
  1
P29.B
 50
90.0
100
AcDbText
  0
LWPOLYLINE
  5
926
330
17
100
AcDbEntity
  8
Paineis
100
AcDbPolyline
 90
4
 70
1
 10
235.4
 20
1330.0
 10
299.4
 20
1330.0
 10
299.4
 20
1576.0
 10
235.4
 20
1576.0
  0
HATCH
  5
927
330
17
100
AcDbEntity
  8
Hachura
100
AcDbHatch
 10
0.0
 20
0.0
 30
0.0
210
0.0
220
0.0
230
1.0
  2
SOLID
 70
1
 71
0
 91
1
 92
3
 72
0
 73
1
 93
4
 10
235.4
 20
1330.0
 10
299.4
 20
1330.0
 10
299.4
 20
1576.0
 10
235.4
 20
1576.0
 97
0
 75
0
 76
1
 98
0
  0
HATCH
  5
928
330
17
100
AcDbEntity
  8
Hachura
100
AcDbHatch
 10
0.0
 20
0.0
 30
0.0
210
0.0
220
0.0
230
1.0
  2
ANSI31
 70
0
 71
0
 91
1
 92
3
 72
0
 73
1
 93
4
 10
235.4
 20
1330.0
 10
299.4
 20
1330.0
 10
299.4
 20
1576.0
 10
235.4
 20
1576.0
 97
0
 75
1
 76
1
 52
0.0
 41
5.0
 77
0
 78
1
 53
45.0
 43
0.0
 44
0.0
 45
-11.2253201515
 46
11.2253201515
 79
0
 98
0
  0
LWPOLYLINE
  5
929
330
17
100
AcDbEntity
  8
Paineis
100
AcDbPolyline
 90
4
 70
1
 10
235.4
 20
1576.0
 10
299.4
 20
1576.0
 10
299.4
 20
1610.0
 10
235.4
 20
1610.0
  0
HATCH
  5
92A
330
17
100
AcDbEntity
  8
Hachura
100
AcDbHatch
 10
0.0
 20
0.0
 30
0.0
210
0.0
220
0.0
230
1.0
  2
SOLID
 70
1
 71
0
 91
1
 92
3
 72
0
 73
1
 93
4
 10
235.4
 20
1576.0
 10
299.4
 20
1576.0
 10
299.4
 20
1610.0
 10
235.4
 20
1610.0
 97
0
 75
0
 76
1
 98
0
  0
HATCH
  5
92B
330
17
100
AcDbEntity
  8
Hachura
100
AcDbHatch
 10
0.0
 20
0.0
 30
0.0
210
0.0
220
0.0
230
1.0
  2
ANSI31
 70
0
 71
0
 91
1
 92
3
 72
0
 73
1
 93
4
 10
235.4
 20
1576.0
 10
299.4
 20
1576.0
 10
299.4
 20
1610.0
 10
235.4
 20
1610.0
 97
0
 75
1
 76
1
 52
0.0
 41
2.5
 77
0
 78
1
 53
45.0
 43
0.0
 44
0.0
 45
-5.6126600758
 46
5.6126600758
 79
0
 98
0
  0
LINE
  5
92C
330
17
100
AcDbEntity
  8
Paineis
100
AcDbLine
 10
235.4
 20
1574.0
 30
0.0
 11
299.4
 21
1574.0
 31
0.0
  0
LINE
  5
92D
330
17
100
AcDbEntity
  8
Paineis
100
AcDbLine
 10
235.4
 20
1332.0
 30
0.0
 11
299.4
 21
1332.0
 31
0.0
  0
LINE
  5
92E
330
17
100
AcDbEntity
  8
SARR_2.2x7
  6
HIDDEN
 48
30.0
100
AcDbLine
 10
236.5
 20
1330.0
 30
0.0
 11
236.5
 21
1610.0
 31
0.0
  0
LINE
  5
92F
330
17
100
AcDbEntity
  8
SARR_2.2x7
  6
HIDDEN
 48
30.0
100
AcDbLine
 10
257.1
 20
1330.0
 30
0.0
 11
257.1
 21
1610.0
 31
0.0
  0
LINE
  5
930
330
17
100
AcDbEntity
  8
SARR_2.2x7
  6
HIDDEN
 48
30.0
100
AcDbLine
 10
277.7
 20
1330.0
 30
0.0
 11
277.7
 21
1610.0
 31
0.0
  0
LINE
  5
931
330
17
100
AcDbEntity
  8
SARR_2.2x7
  6
HIDDEN
 48
30.0
100
AcDbLine
 10
298.3
 20
1330.0
 30
0.0
 11
298.3
 21
1610.0
 31
0.0
  0
TEXT
  5
932
330
17
100
AcDbEntity
  8
Texto Secao
 62
2
100
AcDbText
 10
267.4
 20
1322.0
 30
0.0
 40
4.5
  1
P29.C
 50
90.0
100
AcDbText
  0
LWPOLYLINE
  5
933
330
17
100
AcDbEntity
  8
Paineis
100
AcDbPolyline
 90
4
 70
1
 10
307.4
 20
1330.0
 10
326.4
 20
1330.0
 10
326.4
 20
1576.0
 10
307.4
 20
1576.0
  0
HATCH
  5
934
330
17
100
AcDbEntity
  8
Hachura
100
AcDbHatch
 10
0.0
 20
0.0
 30
0.0
210
0.0
220
0.0
230
1.0
  2
SOLID
 70
1
 71
0
 91
1
 92
3
 72
0
 73
1
 93
4
 10
307.4
 20
1330.0
 10
326.4
 20
1330.0
 10
326.4
 20
1576.0
 10
307.4
 20
1576.0
 97
0
 75
0
 76
1
 98
0
  0
HATCH
  5
935
330
17
100
AcDbEntity
  8
Hachura
100
AcDbHatch
 10
0.0
 20
0.0
 30
0.0
210
0.0
220
0.0
230
1.0
  2
ANSI31
 70
0
 71
0
 91
1
 92
3
 72
0
 73
1
 93
4
 10
307.4
 20
1330.0
 10
326.4
 20
1330.0
 10
326.4
 20
1576.0
 10
307.4
 20
1576.0
 97
0
 75
1
 76
1
 52
0.0
 41
5.0
 77
0
 78
1
 53
45.0
 43
0.0
 44
0.0
 45
-11.2253201515
 46
11.2253201515
 79
0
 98
0
  0
LWPOLYLINE
  5
936
330
17
100
AcDbEntity
  8
Paineis
100
AcDbPolyline
 90
4
 70
1
 10
307.4
 20
1576.0
 10
326.4
 20
1576.0
 10
326.4
 20
1610.0
 10
307.4
 20
1610.0
  0
HATCH
  5
937
330
17
100
AcDbEntity
  8
Hachura
100
AcDbHatch
 10
0.0
 20
0.0
 30
0.0
210
0.0
220
0.0
230
1.0
  2
SOLID
 70
1
 71
0
 91
1
 92
3
 72
0
 73
1
 93
4
 10
307.4
 20
1576.0
 10
326.4
 20
1576.0
 10
326.4
 20
1610.0
 10
307.4
 20
1610.0
 97
0
 75
0
 76
1
 98
0
  0
HATCH
  5
938
330
17
100
AcDbEntity
  8
Hachura
100
AcDbHatch
 10
0.0
 20
0.0
 30
0.0
210
0.0
220
0.0
230
1.0
  2
ANSI31
 70
0
 71
0
 91
1
 92
3
 72
0
 73
1
 93
4
 10
307.4
 20
1576.0
 10
326.4
 20
1576.0
 10
326.4
 20
1610.0
 10
307.4
 20
1610.0
 97
0
 75
1
 76
1
 52
0.0
 41
2.5
 77
0
 78
1
 53
45.0
 43
0.0
 44
0.0
 45
-5.6126600758
 46
5.6126600758
 79
0
 98
0
  0
LINE
  5
939
330
17
100
AcDbEntity
  8
Paineis
100
AcDbLine
 10
307.4
 20
1574.0
 30
0.0
 11
326.4
 21
1574.0
 31
0.0
  0
LINE
  5
93A
330
17
100
AcDbEntity
  8
Paineis
100
AcDbLine
 10
307.4
 20
1332.0
 30
0.0
 11
326.4
 21
1332.0
 31
0.0
  0
LINE
  5
93B
330
17
100
AcDbEntity
  8
SARR_2.2x7
  6
HIDDEN
 48
30.0
100
AcDbLine
 10
308.5
 20
1330.0
 30
0.0
 11
308.5
 21
1610.0
 31
0.0
  0
LINE
  5
93C
330
17
100
AcDbEntity
  8
SARR_2.2x7
  6
HIDDEN
 48
30.0
100
AcDbLine
 10
325.29999999999995
 20
1330.0
 30
0.0
 11
325.29999999999995
 21
1610.0
 31
0.0
  0
TEXT
  5
93D
330
17
100
AcDbEntity
  8
Texto Secao
 62
2
100
AcDbText
 10
316.9
 20
1322.0
 30
0.0
 40
4.5
  1
P29.D
 50
90.0
100
AcDbText
  0
LINE
  5
93E
330
17
100
AcDbEntity
  8
COTA
 62
8
100
AcDbLine
 10
334.4
 20
1330.0
 30
0.0
 11
334.4
 21
1610.0
 31
0.0
  0
LINE
  5
93F
330
17
100
AcDbEntity
  8
COTA
 62
8
100
AcDbLine
 10
332.4
 20
1330.0
 30
0.0
 11
336.4
 21
1330.0
 31
0.0
  0
LINE
  5
940
330
17
100
AcDbEntity
  8
COTA
 62
8
100
AcDbLine
 10
332.4
 20
1332.0
 30
0.0
 11
336.4
 21
1332.0
 31
0.0
  0
TEXT
  5
941
330
17
100
AcDbEntity
  8
COTA
 62
8
100
AcDbText
 10
339.4
 20
1331.0
 30
0.0
 40
3.0
  1
h1=2
100
AcDbText
  0
LINE
  5
942
330
17
100
AcDbEntity
  8
COTA
 62
8
100
AcDbLine
 10
332.4
 20
1332.0
 30
0.0
 11
336.4
 21
1332.0
 31
0.0
  0
LINE
  5
943
330
17
100
AcDbEntity
  8
COTA
 62
8
100
AcDbLine
 10
332.4
 20
1576.0
 30
0.0
 11
336.4
 21
1576.0
 31
0.0
  0
TEXT
  5
944
330
17
100
AcDbEntity
  8
COTA
 62
8
100
AcDbText
 10
339.4
 20
1454.0
 30
0.0
 40
3.0
  1
h2=244
100
AcDbText
  0
LINE
  5
945
330
17
100
AcDbEntity
  8
COTA
 62
8
100
AcDbLine
 10
332.4
 20
1576.0
 30
0.0
 11
336.4
 21
1576.0
 31
0.0
  0
LINE
  5
946
330
17
100
AcDbEntity
  8
COTA
 62
8
100
AcDbLine
 10
332.4
 20
1610.0
 30
0.0
 11
336.4
 21
1610.0
 31
0.0
  0
TEXT
  5
947
330
17
100
AcDbEntity
  8
COTA
 62
8
100
AcDbText
 10
339.4
 20
1593.0
 30
0.0
 40
3.0
  1
h3=34
100
AcDbText
  0
TEXT
  5
948
330
17
100
AcDbEntity
  8
COTA
 62
8
100
AcDbText
 10
339.4
 20
1613.0
 30
0.0
 40
3.5
  1
TOTAL=280
100
AcDbText
  0
LINE
  5
949
330
17
100
AcDbEntity
  8
Nivel
 62
4
100
AcDbLine
 10
2.0
 20
1330.0
 30
0.0
 11
339.4
 21
1330.0
 31
0.0
  0
LINE
  5
94A
330
17
100
AcDbEntity
  8
Nivel
 62
4
100
AcDbLine
 10
1.0
 20
1335.0
 30
0.0
 11
4.0
 21
1330.0
 31
0.0
  0
LINE
  5
94B
330
17
100
AcDbEntity
  8
Nivel
 62
4
100
AcDbLine
 10
7.0
 20
1335.0
 30
0.0
 11
4.0
 21
1330.0
 31
0.0
  0
TEXT
  5
94C
330
17
100
AcDbEntity
  8
Nivel
 62
4
100
AcDbText
 10
9.0
 20
1331.0
 30
0.0
 40
4.0
  1
1o PAV.
100
AcDbText
  0
LINE
  5
94D
330
17
100
AcDbEntity
  8
Nivel
 62
4
100
AcDbLine
 10
2.0
 20
1576.0
 30
0.0
 11
339.4
 21
1576.0
 31
0.0
  0
LINE
  5
94E
330
17
100
AcDbEntity
  8
Nivel
 62
4
100
AcDbLine
 10
1.0
 20
1581.0
 30
0.0
 11
4.0
 21
1576.0
 31
0.0
  0
LINE
  5
94F
330
17
100
AcDbEntity
  8
Nivel
 62
4
100
AcDbLine
 10
7.0
 20
1581.0
 30
0.0
 11
4.0
 21
1576.0
 31
0.0
  0
TEXT
  5
950
330
17
100
AcDbEntity
  8
Nivel
 62
4
100
AcDbText
 10
9.0
 20
1577.0
 30
0.0
 40
4.0
  1
2o PAV.
100
AcDbText
  0
LWPOLYLINE
  5
951
330
17
100
AcDbEntity
  8
CARIMBO
 62
40
100
AcDbPolyline
 90
4
 70
1
 10
0.0
 20
1275.0
 10
363.4
 20
1275.0
 10
363.4
 20
1315.0
 10
0.0
 20
1315.0
  0
LINE
  5
952
330
17
100
AcDbEntity
  8
CARIMBO
 62
40
100
AcDbLine
 10
0.0
 20
1285.0
 30
0.0
 11
363.4
 21
1285.0
 31
0.0
  0
LINE
  5
953
330
17
100
AcDbEntity
  8
CARIMBO
 62
40
100
AcDbLine
 10
0.0
 20
1295.0
 30
0.0
 11
363.4
 21
1295.0
 31
0.0
  0
LINE
  5
954
330
17
100
AcDbEntity
  8
CARIMBO
 62
40
100
AcDbLine
 10
0.0
 20
1305.0
 30
0.0
 11
363.4
 21
1305.0
 31
0.0
  0
LINE
  5
955
330
17
100
AcDbEntity
  8
CARIMBO
 62
40
100
AcDbLine
 10
127.18999999999998
 20
1275.0
 30
0.0
 11
127.18999999999998
 21
1315.0
 31
0.0
  0
TEXT
  5
956
330
17
100
AcDbEntity
  8
CARIMBO
 62
9
100
AcDbText
 10
3.0
 20
1310.0
 30
0.0
 40
3.0
  1
CLIENTE:
100
AcDbText
  0
TEXT
  5
957
330
17
100
AcDbEntity
  8
TEXTO_GERAL
 62
2
100
AcDbText
 10
130.19
 20
1310.0
 30
0.0
 40
3.0
  1
ALIMONTI
100
AcDbText
  0
TEXT
  5
958
330
17
100
AcDbEntity
  8
CARIMBO
 62
9
100
AcDbText
 10
3.0
 20
1300.0
 30
0.0
 40
3.0
  1
OBRA:
100
AcDbText
  0
TEXT
  5
959
330
17
100
AcDbEntity
  8
TEXTO_GERAL
 62
2
100
AcDbText
 10
130.19
 20
1300.0
 30
0.0
 40
3.0
  1
Obra_TREINO_1
100
AcDbText
  0
TEXT
  5
95A
330
17
100
AcDbEntity
  8
CARIMBO
 62
9
100
AcDbText
 10
3.0
 20
1290.0
 30
0.0
 40
3.0
  1
PAVIMENTO:
100
AcDbText
  0
TEXT
  5
95B
330
17
100
AcDbEntity
  8
TEXTO_GERAL
 62
2
100
AcDbText
 10
130.19
 20
1290.0
 30
0.0
 40
3.0
  1
TERREO
100
AcDbText
  0
TEXT
  5
95C
330
17
100
AcDbEntity
  8
CARIMBO
 62
9
100
AcDbText
 10
3.0
 20
1280.0
 30
0.0
 40
3.0
  1
PROJETO:
100
AcDbText
  0
TEXT
  5
95D
330
17
100
AcDbEntity
  8
TEXTO_GERAL
 62
2
100
AcDbText
 10
130.19
 20
1280.0
 30
0.0
 40
3.0
  1
PILARES
100
AcDbText
  0
TEXT
  5
95E
330
17
100
AcDbEntity
  8
LABEL_ID
 62
3
100
AcDbText
 10
348.4
 20
1280.0
 30
0.0
 40
8.0
  1
16
100
AcDbText
  0
LWPOLYLINE
  5
95F
330
17
100
AcDbEntity
  8
BORDA_CELULA
 62
9
100
AcDbPolyline
 90
4
 70
1
 10
413.4
 20
1275.0
 10
733.8
 20
1275.0
 10
733.8
 20
1680.0
 10
413.4
 20
1680.0
  0
TEXT
  5
960
330
17
100
AcDbEntity
  8
TEXTO_GERAL
 62
2
100
AcDbText
 10
723.8
 20
1675.0
 30
0.0
 40
3.0
  1
TÉRREO - PD: 280.00
 72
2
 11
723.8
 21
1675.0
 31
0.0
100
AcDbText
  0
TEXT
  5
961
330
17
100
AcDbEntity
  8
TEXTO_GERAL
 62
2
100
AcDbText
 10
723.8
 20
1670.0
 30
0.0
 40
3.0
  1
NIVEL DE SAIDA: 280.00
 72
2
 11
723.8
 21
1670.0
 31
0.0
100
AcDbText
  0
TEXT
  5
962
330
17
100
AcDbEntity
  8
TEXTO_GERAL
 62
2
100
AcDbText
 10
723.8
 20
1665.0
 30
0.0
 40
3.0
  1
NIVEL DE CHEGADA: 0.00
 72
2
 11
723.8
 21
1665.0
 31
0.0
100
AcDbText
  0
TEXT
  5
963
330
17
100
AcDbEntity
  8
NOMENCLATURA
 62
1
100
AcDbText
 10
433.4
 20
1668.0
 30
0.0
 40
10.0
  1
P31
100
AcDbText
  0
LWPOLYLINE
  5
964
330
17
100
AcDbEntity
  8
CONCRETO
 62
4
100
AcDbPolyline
 90
4
 70
1
 10
444.59999999999997
 20
1588.25
 10
494.59999999999997
 20
1588.25
 10
494.59999999999997
 20
1606.75
 10
444.59999999999997
 20
1606.75
  0
HATCH
  5
965
330
17
100
AcDbEntity
  8
COTA
100
AcDbHatch
 10
0.0
 20
0.0
 30
0.0
210
0.0
220
0.0
230
1.0
  2
AR-CONC
 70
0
 71
0
 91
1
 92
3
 72
0
 73
1
 93
4
 10
444.59999999999997
 20
1588.25
 10
494.59999999999997
 20
1588.25
 10
494.59999999999997
 20
1606.75
 10
444.59999999999997
 20
1606.75
 97
0
 75
1
 76
1
 52
0.0
 41
0.03
 77
0
 78
13
 53
50.0
 43
0.0
 44
0.0
 45
5.4655400699
 46
-0.4781725662
 79
2
 49
0.5715
 49
-6.2865
 53
355.0
 43
0.0
 44
0.0
 45
-1.0573026428
 46
5.7317053572
 79
2
 49
0.4572
 49
-5.0292175251
 53
100.4514447
 43
0.45546021
 44
-0.039847605
 45
4.4082374127
 46
5.2535325574
 79
2
 49
0.485700264
 49
-5.342707338
 53
46.1842
 43
0.0
 44
1.524
 45
8.1323712268
 46
-1.261269838
 79
2
 49
0.85725
 49
-9.42975
 53
96.63555761
 43
0.677697
 44
1.418895
 45
7.1221240215
 46
7.4227837379
 79
2
 49
0.7285506942
 49
-8.0140682448
 53
351.18415117
 43
0.0
 44
1.524
 45
7.1221240219
 46
7.4227837376
 79
2
 49
0.6857990121
 49
-7.5437919576
 53
21.0
 43
0.762
 44
1.143
 45
4.5484317381
 46
-3.0679559456
 79
2
 49
0.5715
 49
-6.2865
 53
326.0
 43
0.762
 44
1.143
 45
1.8540608504
 46
5.5256389837
 79
2
 49
0.4572
 49
-5.0292
 53
71.451445
 43
1.141035978
 44
0.887337003
 45
6.4024925784
 46
2.4576830666
 79
2
 49
0.485700264
 49
-5.342698128
 53
37.5
 43
0.0
 44
0.0
 45
0.0926580975
 46
2.5366511662
 79
6
 49
0.0
 49
-4.96824
 49
0.0
 49
-5.1054
 49
0.0
 49
-5.04825
 53
7.5
 43
0.0
 44
0.0
 45
2.0045898753
 46
3.0054172445
 79
6
 49
0.0
 49
-2.91084
 49
0.0
 49
-4.85394
 49
0.0
 49
-1.92405
 53
-32.5
 43
-1.69926
 44
0.0
 45
4.067717855
 46
-0.1718623198
 79
6
 49
0.0
 49
-1.905
 49
0.0
 49
-5.9436
 49
0.0
 49
-7.8867
 53
-42.5
 43
-2.46126
 44
0.0
 45
4.4438754416
 46
0.762794731
 79
6
 49
0.0
 49
-2.4765
 49
0.0
 49
-3.94716
 49
0.0
 49
-5.6007
 98
0
  0
LWPOLYLINE
  5
966
330
17
100
AcDbEntity
  8
Paineis
100
AcDbPolyline
 90
4
 70
1
 10
444.59999999999997
 20
1586.05
 10
494.59999999999997
 20
1586.05
 10
494.59999999999997
 20
1588.25
 10
444.59999999999997
 20
1588.25
  0
HATCH
  5
967
330
17
100
AcDbEntity
  8
Paineis
100
AcDbHatch
 10
0.0
 20
0.0
 30
0.0
210
0.0
220
0.0
230
1.0
  2
SOLID
 70
1
 71
0
 91
1
 92
3
 72
0
 73
1
 93
4
 10
444.59999999999997
 20
1586.05
 10
494.59999999999997
 20
1586.05
 10
494.59999999999997
 20
1588.25
 10
444.59999999999997
 20
1588.25
 97
0
 75
0
 76
1
 98
0
  0
HATCH
  5
968
330
17
100
AcDbEntity
  8
Paineis
100
AcDbHatch
 10
0.0
 20
0.0
 30
0.0
210
0.0
220
0.0
230
1.0
  2
ANSI31
 70
0
 71
0
 91
1
 92
3
 72
0
 73
1
 93
4
 10
444.59999999999997
 20
1586.05
 10
494.59999999999997
 20
1586.05
 10
494.59999999999997
 20
1588.25
 10
444.59999999999997
 20
1588.25
 97
0
 75
1
 76
1
 52
270.0
 41
0.5
 77
0
 78
1
 53
315.0
 43
-0.0
 44
-0.0
 45
1.1225320152
 46
1.1225320151
 79
0
 98
0
  0
LWPOLYLINE
  5
969
330
17
100
AcDbEntity
  8
Paineis
100
AcDbPolyline
 90
4
 70
1
 10
444.59999999999997
 20
1606.75
 10
494.59999999999997
 20
1606.75
 10
494.59999999999997
 20
1608.95
 10
444.59999999999997
 20
1608.95
  0
HATCH
  5
96A
330
17
100
AcDbEntity
  8
Paineis
100
AcDbHatch
 10
0.0
 20
0.0
 30
0.0
210
0.0
220
0.0
230
1.0
  2
SOLID
 70
1
 71
0
 91
1
 92
3
 72
0
 73
1
 93
4
 10
444.59999999999997
 20
1606.75
 10
494.59999999999997
 20
1606.75
 10
494.59999999999997
 20
1608.95
 10
444.59999999999997
 20
1608.95
 97
0
 75
0
 76
1
 98
0
  0
HATCH
  5
96B
330
17
100
AcDbEntity
  8
Paineis
100
AcDbHatch
 10
0.0
 20
0.0
 30
0.0
210
0.0
220
0.0
230
1.0
  2
ANSI31
 70
0
 71
0
 91
1
 92
3
 72
0
 73
1
 93
4
 10
444.59999999999997
 20
1606.75
 10
494.59999999999997
 20
1606.75
 10
494.59999999999997
 20
1608.95
 10
444.59999999999997
 20
1608.95
 97
0
 75
1
 76
1
 52
270.0
 41
0.5
 77
0
 78
1
 53
315.0
 43
-0.0
 44
-0.0
 45
1.1225320152
 46
1.1225320151
 79
0
 98
0
  0
LWPOLYLINE
  5
96C
330
17
100
AcDbEntity
  8
Paineis
100
AcDbPolyline
 90
4
 70
1
 10
442.4
 20
1588.25
 10
444.59999999999997
 20
1588.25
 10
444.59999999999997
 20
1606.75
 10
442.4
 20
1606.75
  0
HATCH
  5
96D
330
17
100
AcDbEntity
  8
Paineis
100
AcDbHatch
 10
0.0
 20
0.0
 30
0.0
210
0.0
220
0.0
230
1.0
  2
SOLID
 70
1
 71
0
 91
1
 92
3
 72
0
 73
1
 93
4
 10
442.4
 20
1588.25
 10
444.59999999999997
 20
1588.25
 10
444.59999999999997
 20
1606.75
 10
442.4
 20
1606.75
 97
0
 75
0
 76
1
 98
0
  0
HATCH
  5
96E
330
17
100
AcDbEntity
  8
Paineis
100
AcDbHatch
 10
0.0
 20
0.0
 30
0.0
210
0.0
220
0.0
230
1.0
  2
ANSI31
 70
0
 71
0
 91
1
 92
3
 72
0
 73
1
 93
4
 10
442.4
 20
1588.25
 10
444.59999999999997
 20
1588.25
 10
444.59999999999997
 20
1606.75
 10
442.4
 20
1606.75
 97
0
 75
1
 76
1
 52
270.0
 41
0.5
 77
0
 78
1
 53
315.0
 43
-0.0
 44
-0.0
 45
1.1225320152
 46
1.1225320151
 79
0
 98
0
  0
LWPOLYLINE
  5
96F
330
17
100
AcDbEntity
  8
Paineis
100
AcDbPolyline
 90
4
 70
1
 10
494.59999999999997
 20
1588.25
 10
496.79999999999995
 20
1588.25
 10
496.79999999999995
 20
1606.75
 10
494.59999999999997
 20
1606.75
  0
HATCH
  5
970
330
17
100
AcDbEntity
  8
Paineis
100
AcDbHatch
 10
0.0
 20
0.0
 30
0.0
210
0.0
220
0.0
230
1.0
  2
SOLID
 70
1
 71
0
 91
1
 92
3
 72
0
 73
1
 93
4
 10
494.59999999999997
 20
1588.25
 10
496.79999999999995
 20
1588.25
 10
496.79999999999995
 20
1606.75
 10
494.59999999999997
 20
1606.75
 97
0
 75
0
 76
1
 98
0
  0
HATCH
  5
971
330
17
100
AcDbEntity
  8
Paineis
100
AcDbHatch
 10
0.0
 20
0.0
 30
0.0
210
0.0
220
0.0
230
1.0
  2
ANSI31
 70
0
 71
0
 91
1
 92
3
 72
0
 73
1
 93
4
 10
494.59999999999997
 20
1588.25
 10
496.79999999999995
 20
1588.25
 10
496.79999999999995
 20
1606.75
 10
494.59999999999997
 20
1606.75
 97
0
 75
1
 76
1
 52
270.0
 41
0.5
 77
0
 78
1
 53
315.0
 43
-0.0
 44
-0.0
 45
1.1225320152
 46
1.1225320151
 79
0
 98
0
  0
LWPOLYLINE
  5
972
330
17
100
AcDbEntity
  8
SARR_2.2x7
100
AcDbPolyline
 90
4
 70
1
 10
444.59999999999997
 20
1579.05
 10
446.79999999999995
 20
1579.05
 10
446.79999999999995
 20
1586.05
 10
444.59999999999997
 20
1586.05
  0
HATCH
  5
973
330
17
100
AcDbEntity
  8
SARR_2.2x7
100
AcDbHatch
 10
0.0
 20
0.0
 30
0.0
210
0.0
220
0.0
230
1.0
  2
SOLID
 70
1
 71
0
 91
1
 92
3
 72
0
 73
1
 93
4
 10
444.59999999999997
 20
1579.05
 10
446.79999999999995
 20
1579.05
 10
446.79999999999995
 20
1586.05
 10
444.59999999999997
 20
1586.05
 97
0
 75
0
 76
1
 98
0
  0
HATCH
  5
974
330
17
100
AcDbEntity
  8
SARR_2.2x7
100
AcDbHatch
 10
0.0
 20
0.0
 30
0.0
210
0.0
220
0.0
230
1.0
  2
ANSI31
 70
0
 71
0
 91
1
 92
3
 72
0
 73
1
 93
4
 10
444.59999999999997
 20
1579.05
 10
446.79999999999995
 20
1579.05
 10
446.79999999999995
 20
1586.05
 10
444.59999999999997
 20
1586.05
 97
0
 75
1
 76
1
 52
270.0
 41
0.5
 77
0
 78
1
 53
315.0
 43
-0.0
 44
-0.0
 45
1.1225320152
 46
1.1225320151
 79
0
 98
0
  0
LWPOLYLINE
  5
975
330
17
100
AcDbEntity
  8
SARR_2.2x7
100
AcDbPolyline
 90
4
 70
1
 10
468.49999999999994
 20
1579.05
 10
470.69999999999993
 20
1579.05
 10
470.69999999999993
 20
1586.05
 10
468.49999999999994
 20
1586.05
  0
HATCH
  5
976
330
17
100
AcDbEntity
  8
SARR_2.2x7
100
AcDbHatch
 10
0.0
 20
0.0
 30
0.0
210
0.0
220
0.0
230
1.0
  2
SOLID
 70
1
 71
0
 91
1
 92
3
 72
0
 73
1
 93
4
 10
468.49999999999994
 20
1579.05
 10
470.69999999999993
 20
1579.05
 10
470.69999999999993
 20
1586.05
 10
468.49999999999994
 20
1586.05
 97
0
 75
0
 76
1
 98
0
  0
HATCH
  5
977
330
17
100
AcDbEntity
  8
SARR_2.2x7
100
AcDbHatch
 10
0.0
 20
0.0
 30
0.0
210
0.0
220
0.0
230
1.0
  2
ANSI31
 70
0
 71
0
 91
1
 92
3
 72
0
 73
1
 93
4
 10
468.49999999999994
 20
1579.05
 10
470.69999999999993
 20
1579.05
 10
470.69999999999993
 20
1586.05
 10
468.49999999999994
 20
1586.05
 97
0
 75
1
 76
1
 52
270.0
 41
0.5
 77
0
 78
1
 53
315.0
 43
-0.0
 44
-0.0
 45
1.1225320152
 46
1.1225320151
 79
0
 98
0
  0
LWPOLYLINE
  5
978
330
17
100
AcDbEntity
  8
SARR_2.2x7
100
AcDbPolyline
 90
4
 70
1
 10
492.3999999999999
 20
1579.05
 10
494.5999999999999
 20
1579.05
 10
494.5999999999999
 20
1586.05
 10
492.3999999999999
 20
1586.05
  0
HATCH
  5
979
330
17
100
AcDbEntity
  8
SARR_2.2x7
100
AcDbHatch
 10
0.0
 20
0.0
 30
0.0
210
0.0
220
0.0
230
1.0
  2
SOLID
 70
1
 71
0
 91
1
 92
3
 72
0
 73
1
 93
4
 10
492.3999999999999
 20
1579.05
 10
494.5999999999999
 20
1579.05
 10
494.5999999999999
 20
1586.05
 10
492.3999999999999
 20
1586.05
 97
0
 75
0
 76
1
 98
0
  0
HATCH
  5
97A
330
17
100
AcDbEntity
  8
SARR_2.2x7
100
AcDbHatch
 10
0.0
 20
0.0
 30
0.0
210
0.0
220
0.0
230
1.0
  2
ANSI31
 70
0
 71
0
 91
1
 92
3
 72
0
 73
1
 93
4
 10
492.3999999999999
 20
1579.05
 10
494.5999999999999
 20
1579.05
 10
494.5999999999999
 20
1586.05
 10
492.3999999999999
 20
1586.05
 97
0
 75
1
 76
1
 52
270.0
 41
0.5
 77
0
 78
1
 53
315.0
 43
-0.0
 44
-0.0
 45
1.1225320152
 46
1.1225320151
 79
0
 98
0
  0
LWPOLYLINE
  5
97B
330
17
100
AcDbEntity
  8
SARR_2.2x7
100
AcDbPolyline
 90
4
 70
1
 10
444.59999999999997
 20
1608.95
 10
446.79999999999995
 20
1608.95
 10
446.79999999999995
 20
1615.95
 10
444.59999999999997
 20
1615.95
  0
HATCH
  5
97C
330
17
100
AcDbEntity
  8
SARR_2.2x7
100
AcDbHatch
 10
0.0
 20
0.0
 30
0.0
210
0.0
220
0.0
230
1.0
  2
SOLID
 70
1
 71
0
 91
1
 92
3
 72
0
 73
1
 93
4
 10
444.59999999999997
 20
1608.95
 10
446.79999999999995
 20
1608.95
 10
446.79999999999995
 20
1615.95
 10
444.59999999999997
 20
1615.95
 97
0
 75
0
 76
1
 98
0
  0
HATCH
  5
97D
330
17
100
AcDbEntity
  8
SARR_2.2x7
100
AcDbHatch
 10
0.0
 20
0.0
 30
0.0
210
0.0
220
0.0
230
1.0
  2
ANSI31
 70
0
 71
0
 91
1
 92
3
 72
0
 73
1
 93
4
 10
444.59999999999997
 20
1608.95
 10
446.79999999999995
 20
1608.95
 10
446.79999999999995
 20
1615.95
 10
444.59999999999997
 20
1615.95
 97
0
 75
1
 76
1
 52
270.0
 41
0.5
 77
0
 78
1
 53
315.0
 43
-0.0
 44
-0.0
 45
1.1225320152
 46
1.1225320151
 79
0
 98
0
  0
LWPOLYLINE
  5
97E
330
17
100
AcDbEntity
  8
SARR_2.2x7
100
AcDbPolyline
 90
4
 70
1
 10
468.49999999999994
 20
1608.95
 10
470.69999999999993
 20
1608.95
 10
470.69999999999993
 20
1615.95
 10
468.49999999999994
 20
1615.95
  0
HATCH
  5
97F
330
17
100
AcDbEntity
  8
SARR_2.2x7
100
AcDbHatch
 10
0.0
 20
0.0
 30
0.0
210
0.0
220
0.0
230
1.0
  2
SOLID
 70
1
 71
0
 91
1
 92
3
 72
0
 73
1
 93
4
 10
468.49999999999994
 20
1608.95
 10
470.69999999999993
 20
1608.95
 10
470.69999999999993
 20
1615.95
 10
468.49999999999994
 20
1615.95
 97
0
 75
0
 76
1
 98
0
  0
HATCH
  5
980
330
17
100
AcDbEntity
  8
SARR_2.2x7
100
AcDbHatch
 10
0.0
 20
0.0
 30
0.0
210
0.0
220
0.0
230
1.0
  2
ANSI31
 70
0
 71
0
 91
1
 92
3
 72
0
 73
1
 93
4
 10
468.49999999999994
 20
1608.95
 10
470.69999999999993
 20
1608.95
 10
470.69999999999993
 20
1615.95
 10
468.49999999999994
 20
1615.95
 97
0
 75
1
 76
1
 52
270.0
 41
0.5
 77
0
 78
1
 53
315.0
 43
-0.0
 44
-0.0
 45
1.1225320152
 46
1.1225320151
 79
0
 98
0
  0
LWPOLYLINE
  5
981
330
17
100
AcDbEntity
  8
SARR_2.2x7
100
AcDbPolyline
 90
4
 70
1
 10
492.3999999999999
 20
1608.95
 10
494.5999999999999
 20
1608.95
 10
494.5999999999999
 20
1615.95
 10
492.3999999999999
 20
1615.95
  0
HATCH
  5
982
330
17
100
AcDbEntity
  8
SARR_2.2x7
100
AcDbHatch
 10
0.0
 20
0.0
 30
0.0
210
0.0
220
0.0
230
1.0
  2
SOLID
 70
1
 71
0
 91
1
 92
3
 72
0
 73
1
 93
4
 10
492.3999999999999
 20
1608.95
 10
494.5999999999999
 20
1608.95
 10
494.5999999999999
 20
1615.95
 10
492.3999999999999
 20
1615.95
 97
0
 75
0
 76
1
 98
0
  0
HATCH
  5
983
330
17
100
AcDbEntity
  8
SARR_2.2x7
100
AcDbHatch
 10
0.0
 20
0.0
 30
0.0
210
0.0
220
0.0
230
1.0
  2
ANSI31
 70
0
 71
0
 91
1
 92
3
 72
0
 73
1
 93
4
 10
492.3999999999999
 20
1608.95
 10
494.5999999999999
 20
1608.95
 10
494.5999999999999
 20
1615.95
 10
492.3999999999999
 20
1615.95
 97
0
 75
1
 76
1
 52
270.0
 41
0.5
 77
0
 78
1
 53
315.0
 43
-0.0
 44
-0.0
 45
1.1225320152
 46
1.1225320151
 79
0
 98
0
  0
LWPOLYLINE
  5
984
330
17
100
AcDbEntity
  8
SARR_2.2x7
100
AcDbPolyline
 90
4
 70
1
 10
435.4
 20
1588.25
 10
442.4
 20
1588.25
 10
442.4
 20
1590.45
 10
435.4
 20
1590.45
  0
HATCH
  5
985
330
17
100
AcDbEntity
  8
SARR_2.2x7
100
AcDbHatch
 10
0.0
 20
0.0
 30
0.0
210
0.0
220
0.0
230
1.0
  2
SOLID
 70
1
 71
0
 91
1
 92
3
 72
0
 73
1
 93
4
 10
435.4
 20
1588.25
 10
442.4
 20
1588.25
 10
442.4
 20
1590.45
 10
435.4
 20
1590.45
 97
0
 75
0
 76
1
 98
0
  0
HATCH
  5
986
330
17
100
AcDbEntity
  8
SARR_2.2x7
100
AcDbHatch
 10
0.0
 20
0.0
 30
0.0
210
0.0
220
0.0
230
1.0
  2
ANSI31
 70
0
 71
0
 91
1
 92
3
 72
0
 73
1
 93
4
 10
435.4
 20
1588.25
 10
442.4
 20
1588.25
 10
442.4
 20
1590.45
 10
435.4
 20
1590.45
 97
0
 75
1
 76
1
 52
270.0
 41
0.5
 77
0
 78
1
 53
315.0
 43
-0.0
 44
-0.0
 45
1.1225320152
 46
1.1225320151
 79
0
 98
0
  0
LWPOLYLINE
  5
987
330
17
100
AcDbEntity
  8
SARR_2.2x7
100
AcDbPolyline
 90
4
 70
1
 10
435.4
 20
1604.5500000000002
 10
442.4
 20
1604.5500000000002
 10
442.4
 20
1606.7500000000002
 10
435.4
 20
1606.7500000000002
  0
HATCH
  5
988
330
17
100
AcDbEntity
  8
SARR_2.2x7
100
AcDbHatch
 10
0.0
 20
0.0
 30
0.0
210
0.0
220
0.0
230
1.0
  2
SOLID
 70
1
 71
0
 91
1
 92
3
 72
0
 73
1
 93
4
 10
435.4
 20
1604.5500000000002
 10
442.4
 20
1604.5500000000002
 10
442.4
 20
1606.7500000000002
 10
435.4
 20
1606.7500000000002
 97
0
 75
0
 76
1
 98
0
  0
HATCH
  5
989
330
17
100
AcDbEntity
  8
SARR_2.2x7
100
AcDbHatch
 10
0.0
 20
0.0
 30
0.0
210
0.0
220
0.0
230
1.0
  2
ANSI31
 70
0
 71
0
 91
1
 92
3
 72
0
 73
1
 93
4
 10
435.4
 20
1604.5500000000002
 10
442.4
 20
1604.5500000000002
 10
442.4
 20
1606.7500000000002
 10
435.4
 20
1606.7500000000002
 97
0
 75
1
 76
1
 52
270.0
 41
0.5
 77
0
 78
1
 53
315.0
 43
-0.0
 44
-0.0
 45
1.1225320152
 46
1.1225320151
 79
0
 98
0
  0
LWPOLYLINE
  5
98A
330
17
100
AcDbEntity
  8
SARR_2.2x7
100
AcDbPolyline
 90
4
 70
1
 10
496.79999999999995
 20
1588.25
 10
503.79999999999995
 20
1588.25
 10
503.79999999999995
 20
1590.45
 10
496.79999999999995
 20
1590.45
  0
HATCH
  5
98B
330
17
100
AcDbEntity
  8
SARR_2.2x7
100
AcDbHatch
 10
0.0
 20
0.0
 30
0.0
210
0.0
220
0.0
230
1.0
  2
SOLID
 70
1
 71
0
 91
1
 92
3
 72
0
 73
1
 93
4
 10
496.79999999999995
 20
1588.25
 10
503.79999999999995
 20
1588.25
 10
503.79999999999995
 20
1590.45
 10
496.79999999999995
 20
1590.45
 97
0
 75
0
 76
1
 98
0
  0
HATCH
  5
98C
330
17
100
AcDbEntity
  8
SARR_2.2x7
100
AcDbHatch
 10
0.0
 20
0.0
 30
0.0
210
0.0
220
0.0
230
1.0
  2
ANSI31
 70
0
 71
0
 91
1
 92
3
 72
0
 73
1
 93
4
 10
496.79999999999995
 20
1588.25
 10
503.79999999999995
 20
1588.25
 10
503.79999999999995
 20
1590.45
 10
496.79999999999995
 20
1590.45
 97
0
 75
1
 76
1
 52
270.0
 41
0.5
 77
0
 78
1
 53
315.0
 43
-0.0
 44
-0.0
 45
1.1225320152
 46
1.1225320151
 79
0
 98
0
  0
LWPOLYLINE
  5
98D
330
17
100
AcDbEntity
  8
SARR_2.2x7
100
AcDbPolyline
 90
4
 70
1
 10
496.79999999999995
 20
1604.5500000000002
 10
503.79999999999995
 20
1604.5500000000002
 10
503.79999999999995
 20
1606.7500000000002
 10
496.79999999999995
 20
1606.7500000000002
  0
HATCH
  5
98E
330
17
100
AcDbEntity
  8
SARR_2.2x7
100
AcDbHatch
 10
0.0
 20
0.0
 30
0.0
210
0.0
220
0.0
230
1.0
  2
SOLID
 70
1
 71
0
 91
1
 92
3
 72
0
 73
1
 93
4
 10
496.79999999999995
 20
1604.5500000000002
 10
503.79999999999995
 20
1604.5500000000002
 10
503.79999999999995
 20
1606.7500000000002
 10
496.79999999999995
 20
1606.7500000000002
 97
0
 75
0
 76
1
 98
0
  0
HATCH
  5
98F
330
17
100
AcDbEntity
  8
SARR_2.2x7
100
AcDbHatch
 10
0.0
 20
0.0
 30
0.0
210
0.0
220
0.0
230
1.0
  2
ANSI31
 70
0
 71
0
 91
1
 92
3
 72
0
 73
1
 93
4
 10
496.79999999999995
 20
1604.5500000000002
 10
503.79999999999995
 20
1604.5500000000002
 10
503.79999999999995
 20
1606.7500000000002
 10
496.79999999999995
 20
1606.7500000000002
 97
0
 75
1
 76
1
 52
270.0
 41
0.5
 77
0
 78
1
 53
315.0
 43
-0.0
 44
-0.0
 45
1.1225320152
 46
1.1225320151
 79
0
 98
0
  0
LWPOLYLINE
  5
990
330
17
100
AcDbEntity
  8
CHAPA
 62
1
100
AcDbPolyline
 90
4
 70
1
 10
440.4
 20
1584.05
 10
442.4
 20
1584.05
 10
442.4
 20
1586.05
 10
440.4
 20
1586.05
  0
HATCH
  5
991
330
17
100
AcDbEntity
  8
CHAPA
 62
1
100
AcDbHatch
 10
0.0
 20
0.0
 30
0.0
210
0.0
220
0.0
230
1.0
  2
SOLID
 70
1
 71
0
 91
1
 92
3
 72
0
 73
1
 93
4
 10
440.4
 20
1584.05
 10
442.4
 20
1584.05
 10
442.4
 20
1586.05
 10
440.4
 20
1586.05
 97
0
 75
0
 76
1
 98
0
  0
LWPOLYLINE
  5
992
330
17
100
AcDbEntity
  8
CHAPA
 62
1
100
AcDbPolyline
 90
4
 70
1
 10
496.79999999999995
 20
1584.05
 10
498.79999999999995
 20
1584.05
 10
498.79999999999995
 20
1586.05
 10
496.79999999999995
 20
1586.05
  0
HATCH
  5
993
330
17
100
AcDbEntity
  8
CHAPA
 62
1
100
AcDbHatch
 10
0.0
 20
0.0
 30
0.0
210
0.0
220
0.0
230
1.0
  2
SOLID
 70
1
 71
0
 91
1
 92
3
 72
0
 73
1
 93
4
 10
496.79999999999995
 20
1584.05
 10
498.79999999999995
 20
1584.05
 10
498.79999999999995
 20
1586.05
 10
496.79999999999995
 20
1586.05
 97
0
 75
0
 76
1
 98
0
  0
LWPOLYLINE
  5
994
330
17
100
AcDbEntity
  8
CHAPA
 62
1
100
AcDbPolyline
 90
4
 70
1
 10
496.79999999999995
 20
1608.95
 10
498.79999999999995
 20
1608.95
 10
498.79999999999995
 20
1610.95
 10
496.79999999999995
 20
1610.95
  0
HATCH
  5
995
330
17
100
AcDbEntity
  8
CHAPA
 62
1
100
AcDbHatch
 10
0.0
 20
0.0
 30
0.0
210
0.0
220
0.0
230
1.0
  2
SOLID
 70
1
 71
0
 91
1
 92
3
 72
0
 73
1
 93
4
 10
496.79999999999995
 20
1608.95
 10
498.79999999999995
 20
1608.95
 10
498.79999999999995
 20
1610.95
 10
496.79999999999995
 20
1610.95
 97
0
 75
0
 76
1
 98
0
  0
LWPOLYLINE
  5
996
330
17
100
AcDbEntity
  8
CHAPA
 62
1
100
AcDbPolyline
 90
4
 70
1
 10
440.4
 20
1608.95
 10
442.4
 20
1608.95
 10
442.4
 20
1610.95
 10
440.4
 20
1610.95
  0
HATCH
  5
997
330
17
100
AcDbEntity
  8
CHAPA
 62
1
100
AcDbHatch
 10
0.0
 20
0.0
 30
0.0
210
0.0
220
0.0
230
1.0
  2
SOLID
 70
1
 71
0
 91
1
 92
3
 72
0
 73
1
 93
4
 10
440.4
 20
1608.95
 10
442.4
 20
1608.95
 10
442.4
 20
1610.95
 10
440.4
 20
1610.95
 97
0
 75
0
 76
1
 98
0
  0
TEXT
  5
998
330
17
100
AcDbEntity
  8
Texto Secao
 62
2
100
AcDbText
 10
469.59999999999997
 20
1576.05
 30
0.0
 40
4.0
  1
A
 72
1
 11
469.59999999999997
 21
1576.05
 31
0.0
100
AcDbText
 73
3
  0
TEXT
  5
999
330
17
100
AcDbEntity
  8
Texto Secao
 62
2
100
AcDbText
 10
469.59999999999997
 20
1618.95
 30
0.0
 40
4.0
  1
C
 72
1
 11
469.59999999999997
 21
1618.95
 31
0.0
100
AcDbText
 73
1
  0
TEXT
  5
99A
330
17
100
AcDbEntity
  8
Texto Secao
 62
2
100
AcDbText
 10
432.4
 20
1597.5
 30
0.0
 40
4.0
  1
D
 72
2
 11
432.4
 21
1597.5
 31
0.0
100
AcDbText
 73
2
  0
TEXT
  5
99B
330
17
100
AcDbEntity
  8
Texto Secao
 62
2
100
AcDbText
 10
506.79999999999995
 20
1597.5
 30
0.0
 40
4.0
  1
B
 11
506.79999999999995
 21
1597.5
 31
0.0
100
AcDbText
 73
2
  0
TEXT
  5
99C
330
17
100
AcDbEntity
  8
Cota Secao (2x)
 62
4
100
AcDbText
 10
469.59999999999997
 20
1567.05
 30
0.0
 40
3.4
  1
50x18cm
 72
1
 11
469.59999999999997
 21
1567.05
 31
0.0
100
AcDbText
 73
3
  0
TEXT
  5
99D
330
17
100
AcDbEntity
  8
Texto Secao
 62
2
100
AcDbText
 10
469.59999999999997
 20
1627.95
 30
0.0
 40
4.0
  1
VISAO DE CIMA
 72
1
 11
469.59999999999997
 21
1627.95
 31
0.0
100
AcDbText
 73
1
  0
LWPOLYLINE
  5
99E
330
17
100
AcDbEntity
  8
Paineis
100
AcDbPolyline
 90
4
 70
1
 10
535.8
 20
1330.0
 10
585.8
 20
1330.0
 10
585.8
 20
1576.0
 10
535.8
 20
1576.0
  0
HATCH
  5
99F
330
17
100
AcDbEntity
  8
Hachura
100
AcDbHatch
 10
0.0
 20
0.0
 30
0.0
210
0.0
220
0.0
230
1.0
  2
SOLID
 70
1
 71
0
 91
1
 92
3
 72
0
 73
1
 93
4
 10
535.8
 20
1330.0
 10
585.8
 20
1330.0
 10
585.8
 20
1576.0
 10
535.8
 20
1576.0
 97
0
 75
0
 76
1
 98
0
  0
HATCH
  5
9A0
330
17
100
AcDbEntity
  8
Hachura
100
AcDbHatch
 10
0.0
 20
0.0
 30
0.0
210
0.0
220
0.0
230
1.0
  2
ANSI31
 70
0
 71
0
 91
1
 92
3
 72
0
 73
1
 93
4
 10
535.8
 20
1330.0
 10
585.8
 20
1330.0
 10
585.8
 20
1576.0
 10
535.8
 20
1576.0
 97
0
 75
1
 76
1
 52
0.0
 41
5.0
 77
0
 78
1
 53
45.0
 43
0.0
 44
0.0
 45
-11.2253201515
 46
11.2253201515
 79
0
 98
0
  0
LWPOLYLINE
  5
9A1
330
17
100
AcDbEntity
  8
Paineis
100
AcDbPolyline
 90
4
 70
1
 10
535.8
 20
1576.0
 10
585.8
 20
1576.0
 10
585.8
 20
1610.0
 10
535.8
 20
1610.0
  0
HATCH
  5
9A2
330
17
100
AcDbEntity
  8
Hachura
100
AcDbHatch
 10
0.0
 20
0.0
 30
0.0
210
0.0
220
0.0
230
1.0
  2
SOLID
 70
1
 71
0
 91
1
 92
3
 72
0
 73
1
 93
4
 10
535.8
 20
1576.0
 10
585.8
 20
1576.0
 10
585.8
 20
1610.0
 10
535.8
 20
1610.0
 97
0
 75
0
 76
1
 98
0
  0
HATCH
  5
9A3
330
17
100
AcDbEntity
  8
Hachura
100
AcDbHatch
 10
0.0
 20
0.0
 30
0.0
210
0.0
220
0.0
230
1.0
  2
ANSI31
 70
0
 71
0
 91
1
 92
3
 72
0
 73
1
 93
4
 10
535.8
 20
1576.0
 10
585.8
 20
1576.0
 10
585.8
 20
1610.0
 10
535.8
 20
1610.0
 97
0
 75
1
 76
1
 52
0.0
 41
2.5
 77
0
 78
1
 53
45.0
 43
0.0
 44
0.0
 45
-5.6126600758
 46
5.6126600758
 79
0
 98
0
  0
LINE
  5
9A4
330
17
100
AcDbEntity
  8
Paineis
100
AcDbLine
 10
535.8
 20
1574.0
 30
0.0
 11
585.8
 21
1574.0
 31
0.0
  0
LINE
  5
9A5
330
17
100
AcDbEntity
  8
Paineis
100
AcDbLine
 10
535.8
 20
1332.0
 30
0.0
 11
585.8
 21
1332.0
 31
0.0
  0
LINE
  5
9A6
330
17
100
AcDbEntity
  8
SARR_2.2x7
  6
HIDDEN
 48
30.0
100
AcDbLine
 10
536.9
 20
1330.0
 30
0.0
 11
536.9
 21
1610.0
 31
0.0
  0
LINE
  5
9A7
330
17
100
AcDbEntity
  8
SARR_2.2x7
  6
HIDDEN
 48
30.0
100
AcDbLine
 10
560.8
 20
1330.0
 30
0.0
 11
560.8
 21
1610.0
 31
0.0
  0
LINE
  5
9A8
330
17
100
AcDbEntity
  8
SARR_2.2x7
  6
HIDDEN
 48
30.0
100
AcDbLine
 10
584.6999999999999
 20
1330.0
 30
0.0
 11
584.6999999999999
 21
1610.0
 31
0.0
  0
TEXT
  5
9A9
330
17
100
AcDbEntity
  8
Texto Secao
 62
2
100
AcDbText
 10
560.8
 20
1322.0
 30
0.0
 40
4.5
  1
P31.A
 50
90.0
100
AcDbText
  0
LWPOLYLINE
  5
9AA
330
17
100
AcDbEntity
  8
Paineis
100
AcDbPolyline
 90
4
 70
1
 10
593.8
 20
1330.0
 10
612.3
 20
1330.0
 10
612.3
 20
1576.0
 10
593.8
 20
1576.0
  0
HATCH
  5
9AB
330
17
100
AcDbEntity
  8
Hachura
100
AcDbHatch
 10
0.0
 20
0.0
 30
0.0
210
0.0
220
0.0
230
1.0
  2
SOLID
 70
1
 71
0
 91
1
 92
3
 72
0
 73
1
 93
4
 10
593.8
 20
1330.0
 10
612.3
 20
1330.0
 10
612.3
 20
1576.0
 10
593.8
 20
1576.0
 97
0
 75
0
 76
1
 98
0
  0
HATCH
  5
9AC
330
17
100
AcDbEntity
  8
Hachura
100
AcDbHatch
 10
0.0
 20
0.0
 30
0.0
210
0.0
220
0.0
230
1.0
  2
ANSI31
 70
0
 71
0
 91
1
 92
3
 72
0
 73
1
 93
4
 10
593.8
 20
1330.0
 10
612.3
 20
1330.0
 10
612.3
 20
1576.0
 10
593.8
 20
1576.0
 97
0
 75
1
 76
1
 52
0.0
 41
5.0
 77
0
 78
1
 53
45.0
 43
0.0
 44
0.0
 45
-11.2253201515
 46
11.2253201515
 79
0
 98
0
  0
LWPOLYLINE
  5
9AD
330
17
100
AcDbEntity
  8
Paineis
100
AcDbPolyline
 90
4
 70
1
 10
593.8
 20
1576.0
 10
612.3
 20
1576.0
 10
612.3
 20
1610.0
 10
593.8
 20
1610.0
  0
HATCH
  5
9AE
330
17
100
AcDbEntity
  8
Hachura
100
AcDbHatch
 10
0.0
 20
0.0
 30
0.0
210
0.0
220
0.0
230
1.0
  2
SOLID
 70
1
 71
0
 91
1
 92
3
 72
0
 73
1
 93
4
 10
593.8
 20
1576.0
 10
612.3
 20
1576.0
 10
612.3
 20
1610.0
 10
593.8
 20
1610.0
 97
0
 75
0
 76
1
 98
0
  0
HATCH
  5
9AF
330
17
100
AcDbEntity
  8
Hachura
100
AcDbHatch
 10
0.0
 20
0.0
 30
0.0
210
0.0
220
0.0
230
1.0
  2
ANSI31
 70
0
 71
0
 91
1
 92
3
 72
0
 73
1
 93
4
 10
593.8
 20
1576.0
 10
612.3
 20
1576.0
 10
612.3
 20
1610.0
 10
593.8
 20
1610.0
 97
0
 75
1
 76
1
 52
0.0
 41
2.5
 77
0
 78
1
 53
45.0
 43
0.0
 44
0.0
 45
-5.6126600758
 46
5.6126600758
 79
0
 98
0
  0
LINE
  5
9B0
330
17
100
AcDbEntity
  8
Paineis
100
AcDbLine
 10
593.8
 20
1574.0
 30
0.0
 11
612.3
 21
1574.0
 31
0.0
  0
LINE
  5
9B1
330
17
100
AcDbEntity
  8
Paineis
100
AcDbLine
 10
593.8
 20
1332.0
 30
0.0
 11
612.3
 21
1332.0
 31
0.0
  0
LINE
  5
9B2
330
17
100
AcDbEntity
  8
SARR_2.2x7
  6
HIDDEN
 48
30.0
100
AcDbLine
 10
594.9
 20
1330.0
 30
0.0
 11
594.9
 21
1610.0
 31
0.0
  0
LINE
  5
9B3
330
17
100
AcDbEntity
  8
SARR_2.2x7
  6
HIDDEN
 48
30.0
100
AcDbLine
 10
611.1999999999999
 20
1330.0
 30
0.0
 11
611.1999999999999
 21
1610.0
 31
0.0
  0
TEXT
  5
9B4
330
17
100
AcDbEntity
  8
Texto Secao
 62
2
100
AcDbText
 10
603.05
 20
1322.0
 30
0.0
 40
4.5
  1
P31.B
 50
90.0
100
AcDbText
  0
LWPOLYLINE
  5
9B5
330
17
100
AcDbEntity
  8
Paineis
100
AcDbPolyline
 90
4
 70
1
 10
620.3
 20
1330.0
 10
670.3
 20
1330.0
 10
670.3
 20
1576.0
 10
620.3
 20
1576.0
  0
HATCH
  5
9B6
330
17
100
AcDbEntity
  8
Hachura
100
AcDbHatch
 10
0.0
 20
0.0
 30
0.0
210
0.0
220
0.0
230
1.0
  2
SOLID
 70
1
 71
0
 91
1
 92
3
 72
0
 73
1
 93
4
 10
620.3
 20
1330.0
 10
670.3
 20
1330.0
 10
670.3
 20
1576.0
 10
620.3
 20
1576.0
 97
0
 75
0
 76
1
 98
0
  0
HATCH
  5
9B7
330
17
100
AcDbEntity
  8
Hachura
100
AcDbHatch
 10
0.0
 20
0.0
 30
0.0
210
0.0
220
0.0
230
1.0
  2
ANSI31
 70
0
 71
0
 91
1
 92
3
 72
0
 73
1
 93
4
 10
620.3
 20
1330.0
 10
670.3
 20
1330.0
 10
670.3
 20
1576.0
 10
620.3
 20
1576.0
 97
0
 75
1
 76
1
 52
0.0
 41
5.0
 77
0
 78
1
 53
45.0
 43
0.0
 44
0.0
 45
-11.2253201515
 46
11.2253201515
 79
0
 98
0
  0
LWPOLYLINE
  5
9B8
330
17
100
AcDbEntity
  8
Paineis
100
AcDbPolyline
 90
4
 70
1
 10
620.3
 20
1576.0
 10
670.3
 20
1576.0
 10
670.3
 20
1610.0
 10
620.3
 20
1610.0
  0
HATCH
  5
9B9
330
17
100
AcDbEntity
  8
Hachura
100
AcDbHatch
 10
0.0
 20
0.0
 30
0.0
210
0.0
220
0.0
230
1.0
  2
SOLID
 70
1
 71
0
 91
1
 92
3
 72
0
 73
1
 93
4
 10
620.3
 20
1576.0
 10
670.3
 20
1576.0
 10
670.3
 20
1610.0
 10
620.3
 20
1610.0
 97
0
 75
0
 76
1
 98
0
  0
HATCH
  5
9BA
330
17
100
AcDbEntity
  8
Hachura
100
AcDbHatch
 10
0.0
 20
0.0
 30
0.0
210
0.0
220
0.0
230
1.0
  2
ANSI31
 70
0
 71
0
 91
1
 92
3
 72
0
 73
1
 93
4
 10
620.3
 20
1576.0
 10
670.3
 20
1576.0
 10
670.3
 20
1610.0
 10
620.3
 20
1610.0
 97
0
 75
1
 76
1
 52
0.0
 41
2.5
 77
0
 78
1
 53
45.0
 43
0.0
 44
0.0
 45
-5.6126600758
 46
5.6126600758
 79
0
 98
0
  0
LINE
  5
9BB
330
17
100
AcDbEntity
  8
Paineis
100
AcDbLine
 10
620.3
 20
1574.0
 30
0.0
 11
670.3
 21
1574.0
 31
0.0
  0
LINE
  5
9BC
330
17
100
AcDbEntity
  8
Paineis
100
AcDbLine
 10
620.3
 20
1332.0
 30
0.0
 11
670.3
 21
1332.0
 31
0.0
  0
LINE
  5
9BD
330
17
100
AcDbEntity
  8
SARR_2.2x7
  6
HIDDEN
 48
30.0
100
AcDbLine
 10
621.4
 20
1330.0
 30
0.0
 11
621.4
 21
1610.0
 31
0.0
  0
LINE
  5
9BE
330
17
100
AcDbEntity
  8
SARR_2.2x7
  6
HIDDEN
 48
30.0
100
AcDbLine
 10
645.3
 20
1330.0
 30
0.0
 11
645.3
 21
1610.0
 31
0.0
  0
LINE
  5
9BF
330
17
100
AcDbEntity
  8
SARR_2.2x7
  6
HIDDEN
 48
30.0
100
AcDbLine
 10
669.1999999999999
 20
1330.0
 30
0.0
 11
669.1999999999999
 21
1610.0
 31
0.0
  0
TEXT
  5
9C0
330
17
100
AcDbEntity
  8
Texto Secao
 62
2
100
AcDbText
 10
645.3
 20
1322.0
 30
0.0
 40
4.5
  1
P31.C
 50
90.0
100
AcDbText
  0
LWPOLYLINE
  5
9C1
330
17
100
AcDbEntity
  8
Paineis
100
AcDbPolyline
 90
4
 70
1
 10
678.3
 20
1330.0
 10
696.8
 20
1330.0
 10
696.8
 20
1576.0
 10
678.3
 20
1576.0
  0
HATCH
  5
9C2
330
17
100
AcDbEntity
  8
Hachura
100
AcDbHatch
 10
0.0
 20
0.0
 30
0.0
210
0.0
220
0.0
230
1.0
  2
SOLID
 70
1
 71
0
 91
1
 92
3
 72
0
 73
1
 93
4
 10
678.3
 20
1330.0
 10
696.8
 20
1330.0
 10
696.8
 20
1576.0
 10
678.3
 20
1576.0
 97
0
 75
0
 76
1
 98
0
  0
HATCH
  5
9C3
330
17
100
AcDbEntity
  8
Hachura
100
AcDbHatch
 10
0.0
 20
0.0
 30
0.0
210
0.0
220
0.0
230
1.0
  2
ANSI31
 70
0
 71
0
 91
1
 92
3
 72
0
 73
1
 93
4
 10
678.3
 20
1330.0
 10
696.8
 20
1330.0
 10
696.8
 20
1576.0
 10
678.3
 20
1576.0
 97
0
 75
1
 76
1
 52
0.0
 41
5.0
 77
0
 78
1
 53
45.0
 43
0.0
 44
0.0
 45
-11.2253201515
 46
11.2253201515
 79
0
 98
0
  0
LWPOLYLINE
  5
9C4
330
17
100
AcDbEntity
  8
Paineis
100
AcDbPolyline
 90
4
 70
1
 10
678.3
 20
1576.0
 10
696.8
 20
1576.0
 10
696.8
 20
1610.0
 10
678.3
 20
1610.0
  0
HATCH
  5
9C5
330
17
100
AcDbEntity
  8
Hachura
100
AcDbHatch
 10
0.0
 20
0.0
 30
0.0
210
0.0
220
0.0
230
1.0
  2
SOLID
 70
1
 71
0
 91
1
 92
3
 72
0
 73
1
 93
4
 10
678.3
 20
1576.0
 10
696.8
 20
1576.0
 10
696.8
 20
1610.0
 10
678.3
 20
1610.0
 97
0
 75
0
 76
1
 98
0
  0
HATCH
  5
9C6
330
17
100
AcDbEntity
  8
Hachura
100
AcDbHatch
 10
0.0
 20
0.0
 30
0.0
210
0.0
220
0.0
230
1.0
  2
ANSI31
 70
0
 71
0
 91
1
 92
3
 72
0
 73
1
 93
4
 10
678.3
 20
1576.0
 10
696.8
 20
1576.0
 10
696.8
 20
1610.0
 10
678.3
 20
1610.0
 97
0
 75
1
 76
1
 52
0.0
 41
2.5
 77
0
 78
1
 53
45.0
 43
0.0
 44
0.0
 45
-5.6126600758
 46
5.6126600758
 79
0
 98
0
  0
LINE
  5
9C7
330
17
100
AcDbEntity
  8
Paineis
100
AcDbLine
 10
678.3
 20
1574.0
 30
0.0
 11
696.8
 21
1574.0
 31
0.0
  0
LINE
  5
9C8
330
17
100
AcDbEntity
  8
Paineis
100
AcDbLine
 10
678.3
 20
1332.0
 30
0.0
 11
696.8
 21
1332.0
 31
0.0
  0
LINE
  5
9C9
330
17
100
AcDbEntity
  8
SARR_2.2x7
  6
HIDDEN
 48
30.0
100
AcDbLine
 10
679.4
 20
1330.0
 30
0.0
 11
679.4
 21
1610.0
 31
0.0
  0
LINE
  5
9CA
330
17
100
AcDbEntity
  8
SARR_2.2x7
  6
HIDDEN
 48
30.0
100
AcDbLine
 10
695.6999999999999
 20
1330.0
 30
0.0
 11
695.6999999999999
 21
1610.0
 31
0.0
  0
TEXT
  5
9CB
330
17
100
AcDbEntity
  8
Texto Secao
 62
2
100
AcDbText
 10
687.55
 20
1322.0
 30
0.0
 40
4.5
  1
P31.D
 50
90.0
100
AcDbText
  0
LINE
  5
9CC
330
17
100
AcDbEntity
  8
COTA
 62
8
100
AcDbLine
 10
704.8
 20
1330.0
 30
0.0
 11
704.8
 21
1610.0
 31
0.0
  0
LINE
  5
9CD
330
17
100
AcDbEntity
  8
COTA
 62
8
100
AcDbLine
 10
702.8
 20
1330.0
 30
0.0
 11
706.8
 21
1330.0
 31
0.0
  0
LINE
  5
9CE
330
17
100
AcDbEntity
  8
COTA
 62
8
100
AcDbLine
 10
702.8
 20
1332.0
 30
0.0
 11
706.8
 21
1332.0
 31
0.0
  0
TEXT
  5
9CF
330
17
100
AcDbEntity
  8
COTA
 62
8
100
AcDbText
 10
709.8
 20
1331.0
 30
0.0
 40
3.0
  1
h1=2
100
AcDbText
  0
LINE
  5
9D0
330
17
100
AcDbEntity
  8
COTA
 62
8
100
AcDbLine
 10
702.8
 20
1332.0
 30
0.0
 11
706.8
 21
1332.0
 31
0.0
  0
LINE
  5
9D1
330
17
100
AcDbEntity
  8
COTA
 62
8
100
AcDbLine
 10
702.8
 20
1576.0
 30
0.0
 11
706.8
 21
1576.0
 31
0.0
  0
TEXT
  5
9D2
330
17
100
AcDbEntity
  8
COTA
 62
8
100
AcDbText
 10
709.8
 20
1454.0
 30
0.0
 40
3.0
  1
h2=244
100
AcDbText
  0
LINE
  5
9D3
330
17
100
AcDbEntity
  8
COTA
 62
8
100
AcDbLine
 10
702.8
 20
1576.0
 30
0.0
 11
706.8
 21
1576.0
 31
0.0
  0
LINE
  5
9D4
330
17
100
AcDbEntity
  8
COTA
 62
8
100
AcDbLine
 10
702.8
 20
1610.0
 30
0.0
 11
706.8
 21
1610.0
 31
0.0
  0
TEXT
  5
9D5
330
17
100
AcDbEntity
  8
COTA
 62
8
100
AcDbText
 10
709.8
 20
1593.0
 30
0.0
 40
3.0
  1
h3=34
100
AcDbText
  0
TEXT
  5
9D6
330
17
100
AcDbEntity
  8
COTA
 62
8
100
AcDbText
 10
709.8
 20
1613.0
 30
0.0
 40
3.5
  1
TOTAL=280
100
AcDbText
  0
LINE
  5
9D7
330
17
100
AcDbEntity
  8
Nivel
 62
4
100
AcDbLine
 10
415.4
 20
1330.0
 30
0.0
 11
709.8
 21
1330.0
 31
0.0
  0
LINE
  5
9D8
330
17
100
AcDbEntity
  8
Nivel
 62
4
100
AcDbLine
 10
414.4
 20
1335.0
 30
0.0
 11
417.4
 21
1330.0
 31
0.0
  0
LINE
  5
9D9
330
17
100
AcDbEntity
  8
Nivel
 62
4
100
AcDbLine
 10
420.4
 20
1335.0
 30
0.0
 11
417.4
 21
1330.0
 31
0.0
  0
TEXT
  5
9DA
330
17
100
AcDbEntity
  8
Nivel
 62
4
100
AcDbText
 10
422.4
 20
1331.0
 30
0.0
 40
4.0
  1
1o PAV.
100
AcDbText
  0
LINE
  5
9DB
330
17
100
AcDbEntity
  8
Nivel
 62
4
100
AcDbLine
 10
415.4
 20
1576.0
 30
0.0
 11
709.8
 21
1576.0
 31
0.0
  0
LINE
  5
9DC
330
17
100
AcDbEntity
  8
Nivel
 62
4
100
AcDbLine
 10
414.4
 20
1581.0
 30
0.0
 11
417.4
 21
1576.0
 31
0.0
  0
LINE
  5
9DD
330
17
100
AcDbEntity
  8
Nivel
 62
4
100
AcDbLine
 10
420.4
 20
1581.0
 30
0.0
 11
417.4
 21
1576.0
 31
0.0
  0
TEXT
  5
9DE
330
17
100
AcDbEntity
  8
Nivel
 62
4
100
AcDbText
 10
422.4
 20
1577.0
 30
0.0
 40
4.0
  1
2o PAV.
100
AcDbText
  0
LWPOLYLINE
  5
9DF
330
17
100
AcDbEntity
  8
CARIMBO
 62
40
100
AcDbPolyline
 90
4
 70
1
 10
413.4
 20
1275.0
 10
733.8
 20
1275.0
 10
733.8
 20
1315.0
 10
413.4
 20
1315.0
  0
LINE
  5
9E0
330
17
100
AcDbEntity
  8
CARIMBO
 62
40
100
AcDbLine
 10
413.4
 20
1285.0
 30
0.0
 11
733.8
 21
1285.0
 31
0.0
  0
LINE
  5
9E1
330
17
100
AcDbEntity
  8
CARIMBO
 62
40
100
AcDbLine
 10
413.4
 20
1295.0
 30
0.0
 11
733.8
 21
1295.0
 31
0.0
  0
LINE
  5
9E2
330
17
100
AcDbEntity
  8
CARIMBO
 62
40
100
AcDbLine
 10
413.4
 20
1305.0
 30
0.0
 11
733.8
 21
1305.0
 31
0.0
  0
LINE
  5
9E3
330
17
100
AcDbEntity
  8
CARIMBO
 62
40
100
AcDbLine
 10
525.54
 20
1275.0
 30
0.0
 11
525.54
 21
1315.0
 31
0.0
  0
TEXT
  5
9E4
330
17
100
AcDbEntity
  8
CARIMBO
 62
9
100
AcDbText
 10
416.4
 20
1310.0
 30
0.0
 40
3.0
  1
CLIENTE:
100
AcDbText
  0
TEXT
  5
9E5
330
17
100
AcDbEntity
  8
TEXTO_GERAL
 62
2
100
AcDbText
 10
528.54
 20
1310.0
 30
0.0
 40
3.0
  1
ALIMONTI
100
AcDbText
  0
TEXT
  5
9E6
330
17
100
AcDbEntity
  8
CARIMBO
 62
9
100
AcDbText
 10
416.4
 20
1300.0
 30
0.0
 40
3.0
  1
OBRA:
100
AcDbText
  0
TEXT
  5
9E7
330
17
100
AcDbEntity
  8
TEXTO_GERAL
 62
2
100
AcDbText
 10
528.54
 20
1300.0
 30
0.0
 40
3.0
  1
Obra_TREINO_1
100
AcDbText
  0
TEXT
  5
9E8
330
17
100
AcDbEntity
  8
CARIMBO
 62
9
100
AcDbText
 10
416.4
 20
1290.0
 30
0.0
 40
3.0
  1
PAVIMENTO:
100
AcDbText
  0
TEXT
  5
9E9
330
17
100
AcDbEntity
  8
TEXTO_GERAL
 62
2
100
AcDbText
 10
528.54
 20
1290.0
 30
0.0
 40
3.0
  1
TERREO
100
AcDbText
  0
TEXT
  5
9EA
330
17
100
AcDbEntity
  8
CARIMBO
 62
9
100
AcDbText
 10
416.4
 20
1280.0
 30
0.0
 40
3.0
  1
PROJETO:
100
AcDbText
  0
TEXT
  5
9EB
330
17
100
AcDbEntity
  8
TEXTO_GERAL
 62
2
100
AcDbText
 10
528.54
 20
1280.0
 30
0.0
 40
3.0
  1
PILARES
100
AcDbText
  0
TEXT
  5
9EC
330
17
100
AcDbEntity
  8
LABEL_ID
 62
3
100
AcDbText
 10
718.8
 20
1280.0
 30
0.0
 40
8.0
  1
17
100
AcDbText
  0
LWPOLYLINE
  5
9ED
330
17
100
AcDbEntity
  8
BORDA_CELULA
 62
9
100
AcDbPolyline
 90
4
 70
1
 10
796.8
 20
1275.0
 10
1243.1999999999998
 20
1275.0
 10
1243.1999999999998
 20
1680.0
 10
796.8
 20
1680.0
  0
TEXT
  5
9EE
330
17
100
AcDbEntity
  8
TEXTO_GERAL
 62
2
100
AcDbText
 10
1233.1999999999998
 20
1675.0
 30
0.0
 40
3.0
  1
TÉRREO - PD: 280.00
 72
2
 11
1233.1999999999998
 21
1675.0
 31
0.0
100
AcDbText
  0
TEXT
  5
9EF
330
17
100
AcDbEntity
  8
TEXTO_GERAL
 62
2
100
AcDbText
 10
1233.1999999999998
 20
1670.0
 30
0.0
 40
3.0
  1
NIVEL DE SAIDA: 280.00
 72
2
 11
1233.1999999999998
 21
1670.0
 31
0.0
100
AcDbText
  0
TEXT
  5
9F0
330
17
100
AcDbEntity
  8
TEXTO_GERAL
 62
2
100
AcDbText
 10
1233.1999999999998
 20
1665.0
 30
0.0
 40
3.0
  1
NIVEL DE CHEGADA: 0.00
 72
2
 11
1233.1999999999998
 21
1665.0
 31
0.0
100
AcDbText
  0
TEXT
  5
9F1
330
17
100
AcDbEntity
  8
NOMENCLATURA
 62
1
100
AcDbText
 10
816.8
 20
1668.0
 30
0.0
 40
10.0
  1
P32
100
AcDbText
  0
LWPOLYLINE
  5
9F2
330
17
100
AcDbEntity
  8
CONCRETO
 62
4
100
AcDbPolyline
 90
4
 70
1
 10
828.0
 20
1588.25
 10
920.0
 20
1588.25
 10
920.0
 20
1606.75
 10
828.0
 20
1606.75
  0
HATCH
  5
9F3
330
17
100
AcDbEntity
  8
COTA
100
AcDbHatch
 10
0.0
 20
0.0
 30
0.0
210
0.0
220
0.0
230
1.0
  2
AR-CONC
 70
0
 71
0
 91
1
 92
3
 72
0
 73
1
 93
4
 10
828.0
 20
1588.25
 10
920.0
 20
1588.25
 10
920.0
 20
1606.75
 10
828.0
 20
1606.75
 97
0
 75
1
 76
1
 52
0.0
 41
0.03
 77
0
 78
13
 53
50.0
 43
0.0
 44
0.0
 45
5.4655400699
 46
-0.4781725662
 79
2
 49
0.5715
 49
-6.2865
 53
355.0
 43
0.0
 44
0.0
 45
-1.0573026428
 46
5.7317053572
 79
2
 49
0.4572
 49
-5.0292175251
 53
100.4514447
 43
0.45546021
 44
-0.039847605
 45
4.4082374127
 46
5.2535325574
 79
2
 49
0.485700264
 49
-5.342707338
 53
46.1842
 43
0.0
 44
1.524
 45
8.1323712268
 46
-1.261269838
 79
2
 49
0.85725
 49
-9.42975
 53
96.63555761
 43
0.677697
 44
1.418895
 45
7.1221240215
 46
7.4227837379
 79
2
 49
0.7285506942
 49
-8.0140682448
 53
351.18415117
 43
0.0
 44
1.524
 45
7.1221240219
 46
7.4227837376
 79
2
 49
0.6857990121
 49
-7.5437919576
 53
21.0
 43
0.762
 44
1.143
 45
4.5484317381
 46
-3.0679559456
 79
2
 49
0.5715
 49
-6.2865
 53
326.0
 43
0.762
 44
1.143
 45
1.8540608504
 46
5.5256389837
 79
2
 49
0.4572
 49
-5.0292
 53
71.451445
 43
1.141035978
 44
0.887337003
 45
6.4024925784
 46
2.4576830666
 79
2
 49
0.485700264
 49
-5.342698128
 53
37.5
 43
0.0
 44
0.0
 45
0.0926580975
 46
2.5366511662
 79
6
 49
0.0
 49
-4.96824
 49
0.0
 49
-5.1054
 49
0.0
 49
-5.04825
 53
7.5
 43
0.0
 44
0.0
 45
2.0045898753
 46
3.0054172445
 79
6
 49
0.0
 49
-2.91084
 49
0.0
 49
-4.85394
 49
0.0
 49
-1.92405
 53
-32.5
 43
-1.69926
 44
0.0
 45
4.067717855
 46
-0.1718623198
 79
6
 49
0.0
 49
-1.905
 49
0.0
 49
-5.9436
 49
0.0
 49
-7.8867
 53
-42.5
 43
-2.46126
 44
0.0
 45
4.4438754416
 46
0.762794731
 79
6
 49
0.0
 49
-2.4765
 49
0.0
 49
-3.94716
 49
0.0
 49
-5.6007
 98
0
  0
LWPOLYLINE
  5
9F4
330
17
100
AcDbEntity
  8
Paineis
100
AcDbPolyline
 90
4
 70
1
 10
828.0
 20
1586.05
 10
920.0
 20
1586.05
 10
920.0
 20
1588.25
 10
828.0
 20
1588.25
  0
HATCH
  5
9F5
330
17
100
AcDbEntity
  8
Paineis
100
AcDbHatch
 10
0.0
 20
0.0
 30
0.0
210
0.0
220
0.0
230
1.0
  2
SOLID
 70
1
 71
0
 91
1
 92
3
 72
0
 73
1
 93
4
 10
828.0
 20
1586.05
 10
920.0
 20
1586.05
 10
920.0
 20
1588.25
 10
828.0
 20
1588.25
 97
0
 75
0
 76
1
 98
0
  0
HATCH
  5
9F6
330
17
100
AcDbEntity
  8
Paineis
100
AcDbHatch
 10
0.0
 20
0.0
 30
0.0
210
0.0
220
0.0
230
1.0
  2
ANSI31
 70
0
 71
0
 91
1
 92
3
 72
0
 73
1
 93
4
 10
828.0
 20
1586.05
 10
920.0
 20
1586.05
 10
920.0
 20
1588.25
 10
828.0
 20
1588.25
 97
0
 75
1
 76
1
 52
270.0
 41
0.5
 77
0
 78
1
 53
315.0
 43
-0.0
 44
-0.0
 45
1.1225320152
 46
1.1225320151
 79
0
 98
0
  0
LWPOLYLINE
  5
9F7
330
17
100
AcDbEntity
  8
Paineis
100
AcDbPolyline
 90
4
 70
1
 10
828.0
 20
1606.75
 10
920.0
 20
1606.75
 10
920.0
 20
1608.95
 10
828.0
 20
1608.95
  0
HATCH
  5
9F8
330
17
100
AcDbEntity
  8
Paineis
100
AcDbHatch
 10
0.0
 20
0.0
 30
0.0
210
0.0
220
0.0
230
1.0
  2
SOLID
 70
1
 71
0
 91
1
 92
3
 72
0
 73
1
 93
4
 10
828.0
 20
1606.75
 10
920.0
 20
1606.75
 10
920.0
 20
1608.95
 10
828.0
 20
1608.95
 97
0
 75
0
 76
1
 98
0
  0
HATCH
  5
9F9
330
17
100
AcDbEntity
  8
Paineis
100
AcDbHatch
 10
0.0
 20
0.0
 30
0.0
210
0.0
220
0.0
230
1.0
  2
ANSI31
 70
0
 71
0
 91
1
 92
3
 72
0
 73
1
 93
4
 10
828.0
 20
1606.75
 10
920.0
 20
1606.75
 10
920.0
 20
1608.95
 10
828.0
 20
1608.95
 97
0
 75
1
 76
1
 52
270.0
 41
0.5
 77
0
 78
1
 53
315.0
 43
-0.0
 44
-0.0
 45
1.1225320152
 46
1.1225320151
 79
0
 98
0
  0
LWPOLYLINE
  5
9FA
330
17
100
AcDbEntity
  8
Paineis
100
AcDbPolyline
 90
4
 70
1
 10
825.8
 20
1588.25
 10
828.0
 20
1588.25
 10
828.0
 20
1606.75
 10
825.8
 20
1606.75
  0
HATCH
  5
9FB
330
17
100
AcDbEntity
  8
Paineis
100
AcDbHatch
 10
0.0
 20
0.0
 30
0.0
210
0.0
220
0.0
230
1.0
  2
SOLID
 70
1
 71
0
 91
1
 92
3
 72
0
 73
1
 93
4
 10
825.8
 20
1588.25
 10
828.0
 20
1588.25
 10
828.0
 20
1606.75
 10
825.8
 20
1606.75
 97
0
 75
0
 76
1
 98
0
  0
HATCH
  5
9FC
330
17
100
AcDbEntity
  8
Paineis
100
AcDbHatch
 10
0.0
 20
0.0
 30
0.0
210
0.0
220
0.0
230
1.0
  2
ANSI31
 70
0
 71
0
 91
1
 92
3
 72
0
 73
1
 93
4
 10
825.8
 20
1588.25
 10
828.0
 20
1588.25
 10
828.0
 20
1606.75
 10
825.8
 20
1606.75
 97
0
 75
1
 76
1
 52
270.0
 41
0.5
 77
0
 78
1
 53
315.0
 43
-0.0
 44
-0.0
 45
1.1225320152
 46
1.1225320151
 79
0
 98
0
  0
LWPOLYLINE
  5
9FD
330
17
100
AcDbEntity
  8
Paineis
100
AcDbPolyline
 90
4
 70
1
 10
920.0
 20
1588.25
 10
922.2
 20
1588.25
 10
922.2
 20
1606.75
 10
920.0
 20
1606.75
  0
HATCH
  5
9FE
330
17
100
AcDbEntity
  8
Paineis
100
AcDbHatch
 10
0.0
 20
0.0
 30
0.0
210
0.0
220
0.0
230
1.0
  2
SOLID
 70
1
 71
0
 91
1
 92
3
 72
0
 73
1
 93
4
 10
920.0
 20
1588.25
 10
922.2
 20
1588.25
 10
922.2
 20
1606.75
 10
920.0
 20
1606.75
 97
0
 75
0
 76
1
 98
0
  0
HATCH
  5
9FF
330
17
100
AcDbEntity
  8
Paineis
100
AcDbHatch
 10
0.0
 20
0.0
 30
0.0
210
0.0
220
0.0
230
1.0
  2
ANSI31
 70
0
 71
0
 91
1
 92
3
 72
0
 73
1
 93
4
 10
920.0
 20
1588.25
 10
922.2
 20
1588.25
 10
922.2
 20
1606.75
 10
920.0
 20
1606.75
 97
0
 75
1
 76
1
 52
270.0
 41
0.5
 77
0
 78
1
 53
315.0
 43
-0.0
 44
-0.0
 45
1.1225320152
 46
1.1225320151
 79
0
 98
0
  0
LWPOLYLINE
  5
A00
330
17
100
AcDbEntity
  8
SARR_2.2x7
100
AcDbPolyline
 90
4
 70
1
 10
828.0
 20
1579.05
 10
830.2
 20
1579.05
 10
830.2
 20
1586.05
 10
828.0
 20
1586.05
  0
HATCH
  5
A01
330
17
100
AcDbEntity
  8
SARR_2.2x7
100
AcDbHatch
 10
0.0
 20
0.0
 30
0.0
210
0.0
220
0.0
230
1.0
  2
SOLID
 70
1
 71
0
 91
1
 92
3
 72
0
 73
1
 93
4
 10
828.0
 20
1579.05
 10
830.2
 20
1579.05
 10
830.2
 20
1586.05
 10
828.0
 20
1586.05
 97
0
 75
0
 76
1
 98
0
  0
HATCH
  5
A02
330
17
100
AcDbEntity
  8
SARR_2.2x7
100
AcDbHatch
 10
0.0
 20
0.0
 30
0.0
210
0.0
220
0.0
230
1.0
  2
ANSI31
 70
0
 71
0
 91
1
 92
3
 72
0
 73
1
 93
4
 10
828.0
 20
1579.05
 10
830.2
 20
1579.05
 10
830.2
 20
1586.05
 10
828.0
 20
1586.05
 97
0
 75
1
 76
1
 52
270.0
 41
0.5
 77
0
 78
1
 53
315.0
 43
-0.0
 44
-0.0
 45
1.1225320152
 46
1.1225320151
 79
0
 98
0
  0
LWPOLYLINE
  5
A03
330
17
100
AcDbEntity
  8
SARR_2.2x7
100
AcDbPolyline
 90
4
 70
1
 10
845.9599999999999
 20
1579.05
 10
848.16
 20
1579.05
 10
848.16
 20
1586.05
 10
845.9599999999999
 20
1586.05
  0
HATCH
  5
A04
330
17
100
AcDbEntity
  8
SARR_2.2x7
100
AcDbHatch
 10
0.0
 20
0.0
 30
0.0
210
0.0
220
0.0
230
1.0
  2
SOLID
 70
1
 71
0
 91
1
 92
3
 72
0
 73
1
 93
4
 10
845.9599999999999
 20
1579.05
 10
848.16
 20
1579.05
 10
848.16
 20
1586.05
 10
845.9599999999999
 20
1586.05
 97
0
 75
0
 76
1
 98
0
  0
HATCH
  5
A05
330
17
100
AcDbEntity
  8
SARR_2.2x7
100
AcDbHatch
 10
0.0
 20
0.0
 30
0.0
210
0.0
220
0.0
230
1.0
  2
ANSI31
 70
0
 71
0
 91
1
 92
3
 72
0
 73
1
 93
4
 10
845.9599999999999
 20
1579.05
 10
848.16
 20
1579.05
 10
848.16
 20
1586.05
 10
845.9599999999999
 20
1586.05
 97
0
 75
1
 76
1
 52
270.0
 41
0.5
 77
0
 78
1
 53
315.0
 43
-0.0
 44
-0.0
 45
1.1225320152
 46
1.1225320151
 79
0
 98
0
  0
LWPOLYLINE
  5
A06
330
17
100
AcDbEntity
  8
SARR_2.2x7
100
AcDbPolyline
 90
4
 70
1
 10
863.92
 20
1579.05
 10
866.12
 20
1579.05
 10
866.12
 20
1586.05
 10
863.92
 20
1586.05
  0
HATCH
  5
A07
330
17
100
AcDbEntity
  8
SARR_2.2x7
100
AcDbHatch
 10
0.0
 20
0.0
 30
0.0
210
0.0
220
0.0
230
1.0
  2
SOLID
 70
1
 71
0
 91
1
 92
3
 72
0
 73
1
 93
4
 10
863.92
 20
1579.05
 10
866.12
 20
1579.05
 10
866.12
 20
1586.05
 10
863.92
 20
1586.05
 97
0
 75
0
 76
1
 98
0
  0
HATCH
  5
A08
330
17
100
AcDbEntity
  8
SARR_2.2x7
100
AcDbHatch
 10
0.0
 20
0.0
 30
0.0
210
0.0
220
0.0
230
1.0
  2
ANSI31
 70
0
 71
0
 91
1
 92
3
 72
0
 73
1
 93
4
 10
863.92
 20
1579.05
 10
866.12
 20
1579.05
 10
866.12
 20
1586.05
 10
863.92
 20
1586.05
 97
0
 75
1
 76
1
 52
270.0
 41
0.5
 77
0
 78
1
 53
315.0
 43
-0.0
 44
-0.0
 45
1.1225320152
 46
1.1225320151
 79
0
 98
0
  0
LWPOLYLINE
  5
A09
330
17
100
AcDbEntity
  8
SARR_2.2x7
100
AcDbPolyline
 90
4
 70
1
 10
881.88
 20
1579.05
 10
884.08
 20
1579.05
 10
884.08
 20
1586.05
 10
881.88
 20
1586.05
  0
HATCH
  5
A0A
330
17
100
AcDbEntity
  8
SARR_2.2x7
100
AcDbHatch
 10
0.0
 20
0.0
 30
0.0
210
0.0
220
0.0
230
1.0
  2
SOLID
 70
1
 71
0
 91
1
 92
3
 72
0
 73
1
 93
4
 10
881.88
 20
1579.05
 10
884.08
 20
1579.05
 10
884.08
 20
1586.05
 10
881.88
 20
1586.05
 97
0
 75
0
 76
1
 98
0
  0
HATCH
  5
A0B
330
17
100
AcDbEntity
  8
SARR_2.2x7
100
AcDbHatch
 10
0.0
 20
0.0
 30
0.0
210
0.0
220
0.0
230
1.0
  2
ANSI31
 70
0
 71
0
 91
1
 92
3
 72
0
 73
1
 93
4
 10
881.88
 20
1579.05
 10
884.08
 20
1579.05
 10
884.08
 20
1586.05
 10
881.88
 20
1586.05
 97
0
 75
1
 76
1
 52
270.0
 41
0.5
 77
0
 78
1
 53
315.0
 43
-0.0
 44
-0.0
 45
1.1225320152
 46
1.1225320151
 79
0
 98
0
  0
LWPOLYLINE
  5
A0C
330
17
100
AcDbEntity
  8
SARR_2.2x7
100
AcDbPolyline
 90
4
 70
1
 10
899.84
 20
1579.05
 10
902.0400000000001
 20
1579.05
 10
902.0400000000001
 20
1586.05
 10
899.84
 20
1586.05
  0
HATCH
  5
A0D
330
17
100
AcDbEntity
  8
SARR_2.2x7
100
AcDbHatch
 10
0.0
 20
0.0
 30
0.0
210
0.0
220
0.0
230
1.0
  2
SOLID
 70
1
 71
0
 91
1
 92
3
 72
0
 73
1
 93
4
 10
899.84
 20
1579.05
 10
902.0400000000001
 20
1579.05
 10
902.0400000000001
 20
1586.05
 10
899.84
 20
1586.05
 97
0
 75
0
 76
1
 98
0
  0
HATCH
  5
A0E
330
17
100
AcDbEntity
  8
SARR_2.2x7
100
AcDbHatch
 10
0.0
 20
0.0
 30
0.0
210
0.0
220
0.0
230
1.0
  2
ANSI31
 70
0
 71
0
 91
1
 92
3
 72
0
 73
1
 93
4
 10
899.84
 20
1579.05
 10
902.0400000000001
 20
1579.05
 10
902.0400000000001
 20
1586.05
 10
899.84
 20
1586.05
 97
0
 75
1
 76
1
 52
270.0
 41
0.5
 77
0
 78
1
 53
315.0
 43
-0.0
 44
-0.0
 45
1.1225320152
 46
1.1225320151
 79
0
 98
0
  0
LWPOLYLINE
  5
A0F
330
17
100
AcDbEntity
  8
SARR_2.2x7
100
AcDbPolyline
 90
4
 70
1
 10
917.8
 20
1579.05
 10
920.0
 20
1579.05
 10
920.0
 20
1586.05
 10
917.8
 20
1586.05
  0
HATCH
  5
A10
330
17
100
AcDbEntity
  8
SARR_2.2x7
100
AcDbHatch
 10
0.0
 20
0.0
 30
0.0
210
0.0
220
0.0
230
1.0
  2
SOLID
 70
1
 71
0
 91
1
 92
3
 72
0
 73
1
 93
4
 10
917.8
 20
1579.05
 10
920.0
 20
1579.05
 10
920.0
 20
1586.05
 10
917.8
 20
1586.05
 97
0
 75
0
 76
1
 98
0
  0
HATCH
  5
A11
330
17
100
AcDbEntity
  8
SARR_2.2x7
100
AcDbHatch
 10
0.0
 20
0.0
 30
0.0
210
0.0
220
0.0
230
1.0
  2
ANSI31
 70
0
 71
0
 91
1
 92
3
 72
0
 73
1
 93
4
 10
917.8
 20
1579.05
 10
920.0
 20
1579.05
 10
920.0
 20
1586.05
 10
917.8
 20
1586.05
 97
0
 75
1
 76
1
 52
270.0
 41
0.5
 77
0
 78
1
 53
315.0
 43
-0.0
 44
-0.0
 45
1.1225320152
 46
1.1225320151
 79
0
 98
0
  0
LWPOLYLINE
  5
A12
330
17
100
AcDbEntity
  8
SARR_2.2x7
100
AcDbPolyline
 90
4
 70
1
 10
828.0
 20
1608.95
 10
830.2
 20
1608.95
 10
830.2
 20
1615.95
 10
828.0
 20
1615.95
  0
HATCH
  5
A13
330
17
100
AcDbEntity
  8
SARR_2.2x7
100
AcDbHatch
 10
0.0
 20
0.0
 30
0.0
210
0.0
220
0.0
230
1.0
  2
SOLID
 70
1
 71
0
 91
1
 92
3
 72
0
 73
1
 93
4
 10
828.0
 20
1608.95
 10
830.2
 20
1608.95
 10
830.2
 20
1615.95
 10
828.0
 20
1615.95
 97
0
 75
0
 76
1
 98
0
  0
HATCH
  5
A14
330
17
100
AcDbEntity
  8
SARR_2.2x7
100
AcDbHatch
 10
0.0
 20
0.0
 30
0.0
210
0.0
220
0.0
230
1.0
  2
ANSI31
 70
0
 71
0
 91
1
 92
3
 72
0
 73
1
 93
4
 10
828.0
 20
1608.95
 10
830.2
 20
1608.95
 10
830.2
 20
1615.95
 10
828.0
 20
1615.95
 97
0
 75
1
 76
1
 52
270.0
 41
0.5
 77
0
 78
1
 53
315.0
 43
-0.0
 44
-0.0
 45
1.1225320152
 46
1.1225320151
 79
0
 98
0
  0
LWPOLYLINE
  5
A15
330
17
100
AcDbEntity
  8
SARR_2.2x7
100
AcDbPolyline
 90
4
 70
1
 10
845.9599999999999
 20
1608.95
 10
848.16
 20
1608.95
 10
848.16
 20
1615.95
 10
845.9599999999999
 20
1615.95
  0
HATCH
  5
A16
330
17
100
AcDbEntity
  8
SARR_2.2x7
100
AcDbHatch
 10
0.0
 20
0.0
 30
0.0
210
0.0
220
0.0
230
1.0
  2
SOLID
 70
1
 71
0
 91
1
 92
3
 72
0
 73
1
 93
4
 10
845.9599999999999
 20
1608.95
 10
848.16
 20
1608.95
 10
848.16
 20
1615.95
 10
845.9599999999999
 20
1615.95
 97
0
 75
0
 76
1
 98
0
  0
HATCH
  5
A17
330
17
100
AcDbEntity
  8
SARR_2.2x7
100
AcDbHatch
 10
0.0
 20
0.0
 30
0.0
210
0.0
220
0.0
230
1.0
  2
ANSI31
 70
0
 71
0
 91
1
 92
3
 72
0
 73
1
 93
4
 10
845.9599999999999
 20
1608.95
 10
848.16
 20
1608.95
 10
848.16
 20
1615.95
 10
845.9599999999999
 20
1615.95
 97
0
 75
1
 76
1
 52
270.0
 41
0.5
 77
0
 78
1
 53
315.0
 43
-0.0
 44
-0.0
 45
1.1225320152
 46
1.1225320151
 79
0
 98
0
  0
LWPOLYLINE
  5
A18
330
17
100
AcDbEntity
  8
SARR_2.2x7
100
AcDbPolyline
 90
4
 70
1
 10
863.92
 20
1608.95
 10
866.12
 20
1608.95
 10
866.12
 20
1615.95
 10
863.92
 20
1615.95
  0
HATCH
  5
A19
330
17
100
AcDbEntity
  8
SARR_2.2x7
100
AcDbHatch
 10
0.0
 20
0.0
 30
0.0
210
0.0
220
0.0
230
1.0
  2
SOLID
 70
1
 71
0
 91
1
 92
3
 72
0
 73
1
 93
4
 10
863.92
 20
1608.95
 10
866.12
 20
1608.95
 10
866.12
 20
1615.95
 10
863.92
 20
1615.95
 97
0
 75
0
 76
1
 98
0
  0
HATCH
  5
A1A
330
17
100
AcDbEntity
  8
SARR_2.2x7
100
AcDbHatch
 10
0.0
 20
0.0
 30
0.0
210
0.0
220
0.0
230
1.0
  2
ANSI31
 70
0
 71
0
 91
1
 92
3
 72
0
 73
1
 93
4
 10
863.92
 20
1608.95
 10
866.12
 20
1608.95
 10
866.12
 20
1615.95
 10
863.92
 20
1615.95
 97
0
 75
1
 76
1
 52
270.0
 41
0.5
 77
0
 78
1
 53
315.0
 43
-0.0
 44
-0.0
 45
1.1225320152
 46
1.1225320151
 79
0
 98
0
  0
LWPOLYLINE
  5
A1B
330
17
100
AcDbEntity
  8
SARR_2.2x7
100
AcDbPolyline
 90
4
 70
1
 10
881.88
 20
1608.95
 10
884.08
 20
1608.95
 10
884.08
 20
1615.95
 10
881.88
 20
1615.95
  0
HATCH
  5
A1C
330
17
100
AcDbEntity
  8
SARR_2.2x7
100
AcDbHatch
 10
0.0
 20
0.0
 30
0.0
210
0.0
220
0.0
230
1.0
  2
SOLID
 70
1
 71
0
 91
1
 92
3
 72
0
 73
1
 93
4
 10
881.88
 20
1608.95
 10
884.08
 20
1608.95
 10
884.08
 20
1615.95
 10
881.88
 20
1615.95
 97
0
 75
0
 76
1
 98
0
  0
HATCH
  5
A1D
330
17
100
AcDbEntity
  8
SARR_2.2x7
100
AcDbHatch
 10
0.0
 20
0.0
 30
0.0
210
0.0
220
0.0
230
1.0
  2
ANSI31
 70
0
 71
0
 91
1
 92
3
 72
0
 73
1
 93
4
 10
881.88
 20
1608.95
 10
884.08
 20
1608.95
 10
884.08
 20
1615.95
 10
881.88
 20
1615.95
 97
0
 75
1
 76
1
 52
270.0
 41
0.5
 77
0
 78
1
 53
315.0
 43
-0.0
 44
-0.0
 45
1.1225320152
 46
1.1225320151
 79
0
 98
0
  0
LWPOLYLINE
  5
A1E
330
17
100
AcDbEntity
  8
SARR_2.2x7
100
AcDbPolyline
 90
4
 70
1
 10
899.84
 20
1608.95
 10
902.0400000000001
 20
1608.95
 10
902.0400000000001
 20
1615.95
 10
899.84
 20
1615.95
  0
HATCH
  5
A1F
330
17
100
AcDbEntity
  8
SARR_2.2x7
100
AcDbHatch
 10
0.0
 20
0.0
 30
0.0
210
0.0
220
0.0
230
1.0
  2
SOLID
 70
1
 71
0
 91
1
 92
3
 72
0
 73
1
 93
4
 10
899.84
 20
1608.95
 10
902.0400000000001
 20
1608.95
 10
902.0400000000001
 20
1615.95
 10
899.84
 20
1615.95
 97
0
 75
0
 76
1
 98
0
  0
HATCH
  5
A20
330
17
100
AcDbEntity
  8
SARR_2.2x7
100
AcDbHatch
 10
0.0
 20
0.0
 30
0.0
210
0.0
220
0.0
230
1.0
  2
ANSI31
 70
0
 71
0
 91
1
 92
3
 72
0
 73
1
 93
4
 10
899.84
 20
1608.95
 10
902.0400000000001
 20
1608.95
 10
902.0400000000001
 20
1615.95
 10
899.84
 20
1615.95
 97
0
 75
1
 76
1
 52
270.0
 41
0.5
 77
0
 78
1
 53
315.0
 43
-0.0
 44
-0.0
 45
1.1225320152
 46
1.1225320151
 79
0
 98
0
  0
LWPOLYLINE
  5
A21
330
17
100
AcDbEntity
  8
SARR_2.2x7
100
AcDbPolyline
 90
4
 70
1
 10
917.8
 20
1608.95
 10
920.0
 20
1608.95
 10
920.0
 20
1615.95
 10
917.8
 20
1615.95
  0
HATCH
  5
A22
330
17
100
AcDbEntity
  8
SARR_2.2x7
100
AcDbHatch
 10
0.0
 20
0.0
 30
0.0
210
0.0
220
0.0
230
1.0
  2
SOLID
 70
1
 71
0
 91
1
 92
3
 72
0
 73
1
 93
4
 10
917.8
 20
1608.95
 10
920.0
 20
1608.95
 10
920.0
 20
1615.95
 10
917.8
 20
1615.95
 97
0
 75
0
 76
1
 98
0
  0
HATCH
  5
A23
330
17
100
AcDbEntity
  8
SARR_2.2x7
100
AcDbHatch
 10
0.0
 20
0.0
 30
0.0
210
0.0
220
0.0
230
1.0
  2
ANSI31
 70
0
 71
0
 91
1
 92
3
 72
0
 73
1
 93
4
 10
917.8
 20
1608.95
 10
920.0
 20
1608.95
 10
920.0
 20
1615.95
 10
917.8
 20
1615.95
 97
0
 75
1
 76
1
 52
270.0
 41
0.5
 77
0
 78
1
 53
315.0
 43
-0.0
 44
-0.0
 45
1.1225320152
 46
1.1225320151
 79
0
 98
0
  0
LWPOLYLINE
  5
A24
330
17
100
AcDbEntity
  8
SARR_2.2x7
100
AcDbPolyline
 90
4
 70
1
 10
818.8
 20
1588.25
 10
825.8
 20
1588.25
 10
825.8
 20
1590.45
 10
818.8
 20
1590.45
  0
HATCH
  5
A25
330
17
100
AcDbEntity
  8
SARR_2.2x7
100
AcDbHatch
 10
0.0
 20
0.0
 30
0.0
210
0.0
220
0.0
230
1.0
  2
SOLID
 70
1
 71
0
 91
1
 92
3
 72
0
 73
1
 93
4
 10
818.8
 20
1588.25
 10
825.8
 20
1588.25
 10
825.8
 20
1590.45
 10
818.8
 20
1590.45
 97
0
 75
0
 76
1
 98
0
  0
HATCH
  5
A26
330
17
100
AcDbEntity
  8
SARR_2.2x7
100
AcDbHatch
 10
0.0
 20
0.0
 30
0.0
210
0.0
220
0.0
230
1.0
  2
ANSI31
 70
0
 71
0
 91
1
 92
3
 72
0
 73
1
 93
4
 10
818.8
 20
1588.25
 10
825.8
 20
1588.25
 10
825.8
 20
1590.45
 10
818.8
 20
1590.45
 97
0
 75
1
 76
1
 52
270.0
 41
0.5
 77
0
 78
1
 53
315.0
 43
-0.0
 44
-0.0
 45
1.1225320152
 46
1.1225320151
 79
0
 98
0
  0
LWPOLYLINE
  5
A27
330
17
100
AcDbEntity
  8
SARR_2.2x7
100
AcDbPolyline
 90
4
 70
1
 10
818.8
 20
1604.5500000000002
 10
825.8
 20
1604.5500000000002
 10
825.8
 20
1606.7500000000002
 10
818.8
 20
1606.7500000000002
  0
HATCH
  5
A28
330
17
100
AcDbEntity
  8
SARR_2.2x7
100
AcDbHatch
 10
0.0
 20
0.0
 30
0.0
210
0.0
220
0.0
230
1.0
  2
SOLID
 70
1
 71
0
 91
1
 92
3
 72
0
 73
1
 93
4
 10
818.8
 20
1604.5500000000002
 10
825.8
 20
1604.5500000000002
 10
825.8
 20
1606.7500000000002
 10
818.8
 20
1606.7500000000002
 97
0
 75
0
 76
1
 98
0
  0
HATCH
  5
A29
330
17
100
AcDbEntity
  8
SARR_2.2x7
100
AcDbHatch
 10
0.0
 20
0.0
 30
0.0
210
0.0
220
0.0
230
1.0
  2
ANSI31
 70
0
 71
0
 91
1
 92
3
 72
0
 73
1
 93
4
 10
818.8
 20
1604.5500000000002
 10
825.8
 20
1604.5500000000002
 10
825.8
 20
1606.7500000000002
 10
818.8
 20
1606.7500000000002
 97
0
 75
1
 76
1
 52
270.0
 41
0.5
 77
0
 78
1
 53
315.0
 43
-0.0
 44
-0.0
 45
1.1225320152
 46
1.1225320151
 79
0
 98
0
  0
LWPOLYLINE
  5
A2A
330
17
100
AcDbEntity
  8
SARR_2.2x7
100
AcDbPolyline
 90
4
 70
1
 10
922.2
 20
1588.25
 10
929.2
 20
1588.25
 10
929.2
 20
1590.45
 10
922.2
 20
1590.45
  0
HATCH
  5
A2B
330
17
100
AcDbEntity
  8
SARR_2.2x7
100
AcDbHatch
 10
0.0
 20
0.0
 30
0.0
210
0.0
220
0.0
230
1.0
  2
SOLID
 70
1
 71
0
 91
1
 92
3
 72
0
 73
1
 93
4
 10
922.2
 20
1588.25
 10
929.2
 20
1588.25
 10
929.2
 20
1590.45
 10
922.2
 20
1590.45
 97
0
 75
0
 76
1
 98
0
  0
HATCH
  5
A2C
330
17
100
AcDbEntity
  8
SARR_2.2x7
100
AcDbHatch
 10
0.0
 20
0.0
 30
0.0
210
0.0
220
0.0
230
1.0
  2
ANSI31
 70
0
 71
0
 91
1
 92
3
 72
0
 73
1
 93
4
 10
922.2
 20
1588.25
 10
929.2
 20
1588.25
 10
929.2
 20
1590.45
 10
922.2
 20
1590.45
 97
0
 75
1
 76
1
 52
270.0
 41
0.5
 77
0
 78
1
 53
315.0
 43
-0.0
 44
-0.0
 45
1.1225320152
 46
1.1225320151
 79
0
 98
0
  0
LWPOLYLINE
  5
A2D
330
17
100
AcDbEntity
  8
SARR_2.2x7
100
AcDbPolyline
 90
4
 70
1
 10
922.2
 20
1604.5500000000002
 10
929.2
 20
1604.5500000000002
 10
929.2
 20
1606.7500000000002
 10
922.2
 20
1606.7500000000002
  0
HATCH
  5
A2E
330
17
100
AcDbEntity
  8
SARR_2.2x7
100
AcDbHatch
 10
0.0
 20
0.0
 30
0.0
210
0.0
220
0.0
230
1.0
  2
SOLID
 70
1
 71
0
 91
1
 92
3
 72
0
 73
1
 93
4
 10
922.2
 20
1604.5500000000002
 10
929.2
 20
1604.5500000000002
 10
929.2
 20
1606.7500000000002
 10
922.2
 20
1606.7500000000002
 97
0
 75
0
 76
1
 98
0
  0
HATCH
  5
A2F
330
17
100
AcDbEntity
  8
SARR_2.2x7
100
AcDbHatch
 10
0.0
 20
0.0
 30
0.0
210
0.0
220
0.0
230
1.0
  2
ANSI31
 70
0
 71
0
 91
1
 92
3
 72
0
 73
1
 93
4
 10
922.2
 20
1604.5500000000002
 10
929.2
 20
1604.5500000000002
 10
929.2
 20
1606.7500000000002
 10
922.2
 20
1606.7500000000002
 97
0
 75
1
 76
1
 52
270.0
 41
0.5
 77
0
 78
1
 53
315.0
 43
-0.0
 44
-0.0
 45
1.1225320152
 46
1.1225320151
 79
0
 98
0
  0
LWPOLYLINE
  5
A30
330
17
100
AcDbEntity
  8
CHAPA
 62
1
100
AcDbPolyline
 90
4
 70
1
 10
823.8
 20
1584.05
 10
825.8
 20
1584.05
 10
825.8
 20
1586.05
 10
823.8
 20
1586.05
  0
HATCH
  5
A31
330
17
100
AcDbEntity
  8
CHAPA
 62
1
100
AcDbHatch
 10
0.0
 20
0.0
 30
0.0
210
0.0
220
0.0
230
1.0
  2
SOLID
 70
1
 71
0
 91
1
 92
3
 72
0
 73
1
 93
4
 10
823.8
 20
1584.05
 10
825.8
 20
1584.05
 10
825.8
 20
1586.05
 10
823.8
 20
1586.05
 97
0
 75
0
 76
1
 98
0
  0
LWPOLYLINE
  5
A32
330
17
100
AcDbEntity
  8
CHAPA
 62
1
100
AcDbPolyline
 90
4
 70
1
 10
922.2
 20
1584.05
 10
924.2
 20
1584.05
 10
924.2
 20
1586.05
 10
922.2
 20
1586.05
  0
HATCH
  5
A33
330
17
100
AcDbEntity
  8
CHAPA
 62
1
100
AcDbHatch
 10
0.0
 20
0.0
 30
0.0
210
0.0
220
0.0
230
1.0
  2
SOLID
 70
1
 71
0
 91
1
 92
3
 72
0
 73
1
 93
4
 10
922.2
 20
1584.05
 10
924.2
 20
1584.05
 10
924.2
 20
1586.05
 10
922.2
 20
1586.05
 97
0
 75
0
 76
1
 98
0
  0
LWPOLYLINE
  5
A34
330
17
100
AcDbEntity
  8
CHAPA
 62
1
100
AcDbPolyline
 90
4
 70
1
 10
922.2
 20
1608.95
 10
924.2
 20
1608.95
 10
924.2
 20
1610.95
 10
922.2
 20
1610.95
  0
HATCH
  5
A35
330
17
100
AcDbEntity
  8
CHAPA
 62
1
100
AcDbHatch
 10
0.0
 20
0.0
 30
0.0
210
0.0
220
0.0
230
1.0
  2
SOLID
 70
1
 71
0
 91
1
 92
3
 72
0
 73
1
 93
4
 10
922.2
 20
1608.95
 10
924.2
 20
1608.95
 10
924.2
 20
1610.95
 10
922.2
 20
1610.95
 97
0
 75
0
 76
1
 98
0
  0
LWPOLYLINE
  5
A36
330
17
100
AcDbEntity
  8
CHAPA
 62
1
100
AcDbPolyline
 90
4
 70
1
 10
823.8
 20
1608.95
 10
825.8
 20
1608.95
 10
825.8
 20
1610.95
 10
823.8
 20
1610.95
  0
HATCH
  5
A37
330
17
100
AcDbEntity
  8
CHAPA
 62
1
100
AcDbHatch
 10
0.0
 20
0.0
 30
0.0
210
0.0
220
0.0
230
1.0
  2
SOLID
 70
1
 71
0
 91
1
 92
3
 72
0
 73
1
 93
4
 10
823.8
 20
1608.95
 10
825.8
 20
1608.95
 10
825.8
 20
1610.95
 10
823.8
 20
1610.95
 97
0
 75
0
 76
1
 98
0
  0
TEXT
  5
A38
330
17
100
AcDbEntity
  8
Texto Secao
 62
2
100
AcDbText
 10
874.0
 20
1576.05
 30
0.0
 40
4.0
  1
A
 72
1
 11
874.0
 21
1576.05
 31
0.0
100
AcDbText
 73
3
  0
TEXT
  5
A39
330
17
100
AcDbEntity
  8
Texto Secao
 62
2
100
AcDbText
 10
874.0
 20
1618.95
 30
0.0
 40
4.0
  1
C
 72
1
 11
874.0
 21
1618.95
 31
0.0
100
AcDbText
 73
1
  0
TEXT
  5
A3A
330
17
100
AcDbEntity
  8
Texto Secao
 62
2
100
AcDbText
 10
815.8
 20
1597.5
 30
0.0
 40
4.0
  1
D
 72
2
 11
815.8
 21
1597.5
 31
0.0
100
AcDbText
 73
2
  0
TEXT
  5
A3B
330
17
100
AcDbEntity
  8
Texto Secao
 62
2
100
AcDbText
 10
932.2
 20
1597.5
 30
0.0
 40
4.0
  1
B
 11
932.2
 21
1597.5
 31
0.0
100
AcDbText
 73
2
  0
TEXT
  5
A3C
330
17
100
AcDbEntity
  8
Cota Secao (2x)
 62
4
100
AcDbText
 10
874.0
 20
1567.05
 30
0.0
 40
3.4
  1
92x18cm
 72
1
 11
874.0
 21
1567.05
 31
0.0
100
AcDbText
 73
3
  0
TEXT
  5
A3D
330
17
100
AcDbEntity
  8
Texto Secao
 62
2
100
AcDbText
 10
874.0
 20
1627.95
 30
0.0
 40
4.0
  1
VISAO DE CIMA
 72
1
 11
874.0
 21
1627.95
 31
0.0
100
AcDbText
 73
1
  0
LWPOLYLINE
  5
A3E
330
17
100
AcDbEntity
  8
Paineis
100
AcDbPolyline
 90
4
 70
1
 10
961.1999999999999
 20
1330.0
 10
1053.1999999999998
 20
1330.0
 10
1053.1999999999998
 20
1576.0
 10
961.1999999999999
 20
1576.0
  0
HATCH
  5
A3F
330
17
100
AcDbEntity
  8
Hachura
100
AcDbHatch
 10
0.0
 20
0.0
 30
0.0
210
0.0
220
0.0
230
1.0
  2
SOLID
 70
1
 71
0
 91
1
 92
3
 72
0
 73
1
 93
4
 10
961.1999999999999
 20
1330.0
 10
1053.1999999999998
 20
1330.0
 10
1053.1999999999998
 20
1576.0
 10
961.1999999999999
 20
1576.0
 97
0
 75
0
 76
1
 98
0
  0
HATCH
  5
A40
330
17
100
AcDbEntity
  8
Hachura
100
AcDbHatch
 10
0.0
 20
0.0
 30
0.0
210
0.0
220
0.0
230
1.0
  2
ANSI31
 70
0
 71
0
 91
1
 92
3
 72
0
 73
1
 93
4
 10
961.1999999999999
 20
1330.0
 10
1053.1999999999998
 20
1330.0
 10
1053.1999999999998
 20
1576.0
 10
961.1999999999999
 20
1576.0
 97
0
 75
1
 76
1
 52
0.0
 41
5.0
 77
0
 78
1
 53
45.0
 43
0.0
 44
0.0
 45
-11.2253201515
 46
11.2253201515
 79
0
 98
0
  0
LWPOLYLINE
  5
A41
330
17
100
AcDbEntity
  8
Paineis
100
AcDbPolyline
 90
4
 70
1
 10
961.1999999999999
 20
1576.0
 10
1053.1999999999998
 20
1576.0
 10
1053.1999999999998
 20
1610.0
 10
961.1999999999999
 20
1610.0
  0
HATCH
  5
A42
330
17
100
AcDbEntity
  8
Hachura
100
AcDbHatch
 10
0.0
 20
0.0
 30
0.0
210
0.0
220
0.0
230
1.0
  2
SOLID
 70
1
 71
0
 91
1
 92
3
 72
0
 73
1
 93
4
 10
961.1999999999999
 20
1576.0
 10
1053.1999999999998
 20
1576.0
 10
1053.1999999999998
 20
1610.0
 10
961.1999999999999
 20
1610.0
 97
0
 75
0
 76
1
 98
0
  0
HATCH
  5
A43
330
17
100
AcDbEntity
  8
Hachura
100
AcDbHatch
 10
0.0
 20
0.0
 30
0.0
210
0.0
220
0.0
230
1.0
  2
ANSI31
 70
0
 71
0
 91
1
 92
3
 72
0
 73
1
 93
4
 10
961.1999999999999
 20
1576.0
 10
1053.1999999999998
 20
1576.0
 10
1053.1999999999998
 20
1610.0
 10
961.1999999999999
 20
1610.0
 97
0
 75
1
 76
1
 52
0.0
 41
2.5
 77
0
 78
1
 53
45.0
 43
0.0
 44
0.0
 45
-5.6126600758
 46
5.6126600758
 79
0
 98
0
  0
LINE
  5
A44
330
17
100
AcDbEntity
  8
Paineis
100
AcDbLine
 10
961.1999999999999
 20
1574.0
 30
0.0
 11
1053.1999999999998
 21
1574.0
 31
0.0
  0
LINE
  5
A45
330
17
100
AcDbEntity
  8
Paineis
100
AcDbLine
 10
961.1999999999999
 20
1332.0
 30
0.0
 11
1053.1999999999998
 21
1332.0
 31
0.0
  0
LINE
  5
A46
330
17
100
AcDbEntity
  8
SARR_2.2x7
  6
HIDDEN
 48
30.0
100
AcDbLine
 10
962.3
 20
1330.0
 30
0.0
 11
962.3
 21
1610.0
 31
0.0
  0
LINE
  5
A47
330
17
100
AcDbEntity
  8
SARR_2.2x7
  6
HIDDEN
 48
30.0
100
AcDbLine
 10
980.26
 20
1330.0
 30
0.0
 11
980.26
 21
1610.0
 31
0.0
  0
LINE
  5
A48
330
17
100
AcDbEntity
  8
SARR_2.2x7
  6
HIDDEN
 48
30.0
100
AcDbLine
 10
998.2199999999999
 20
1330.0
 30
0.0
 11
998.2199999999999
 21
1610.0
 31
0.0
  0
LINE
  5
A49
330
17
100
AcDbEntity
  8
SARR_2.2x7
  6
HIDDEN
 48
30.0
100
AcDbLine
 10
1016.18
 20
1330.0
 30
0.0
 11
1016.18
 21
1610.0
 31
0.0
  0
LINE
  5
A4A
330
17
100
AcDbEntity
  8
SARR_2.2x7
  6
HIDDEN
 48
30.0
100
AcDbLine
 10
1034.1399999999999
 20
1330.0
 30
0.0
 11
1034.1399999999999
 21
1610.0
 31
0.0
  0
LINE
  5
A4B
330
17
100
AcDbEntity
  8
SARR_2.2x7
  6
HIDDEN
 48
30.0
100
AcDbLine
 10
1052.1
 20
1330.0
 30
0.0
 11
1052.1
 21
1610.0
 31
0.0
  0
TEXT
  5
A4C
330
17
100
AcDbEntity
  8
Texto Secao
 62
2
100
AcDbText
 10
1007.1999999999999
 20
1322.0
 30
0.0
 40
4.5
  1
P32.A
 50
90.0
100
AcDbText
  0
LWPOLYLINE
  5
A4D
330
17
100
AcDbEntity
  8
Paineis
100
AcDbPolyline
 90
4
 70
1
 10
1061.1999999999998
 20
1330.0
 10
1079.6999999999998
 20
1330.0
 10
1079.6999999999998
 20
1576.0
 10
1061.1999999999998
 20
1576.0
  0
HATCH
  5
A4E
330
17
100
AcDbEntity
  8
Hachura
100
AcDbHatch
 10
0.0
 20
0.0
 30
0.0
210
0.0
220
0.0
230
1.0
  2
SOLID
 70
1
 71
0
 91
1
 92
3
 72
0
 73
1
 93
4
 10
1061.1999999999998
 20
1330.0
 10
1079.6999999999998
 20
1330.0
 10
1079.6999999999998
 20
1576.0
 10
1061.1999999999998
 20
1576.0
 97
0
 75
0
 76
1
 98
0
  0
HATCH
  5
A4F
330
17
100
AcDbEntity
  8
Hachura
100
AcDbHatch
 10
0.0
 20
0.0
 30
0.0
210
0.0
220
0.0
230
1.0
  2
ANSI31
 70
0
 71
0
 91
1
 92
3
 72
0
 73
1
 93
4
 10
1061.1999999999998
 20
1330.0
 10
1079.6999999999998
 20
1330.0
 10
1079.6999999999998
 20
1576.0
 10
1061.1999999999998
 20
1576.0
 97
0
 75
1
 76
1
 52
0.0
 41
5.0
 77
0
 78
1
 53
45.0
 43
0.0
 44
0.0
 45
-11.2253201515
 46
11.2253201515
 79
0
 98
0
  0
LWPOLYLINE
  5
A50
330
17
100
AcDbEntity
  8
Paineis
100
AcDbPolyline
 90
4
 70
1
 10
1061.1999999999998
 20
1576.0
 10
1079.6999999999998
 20
1576.0
 10
1079.6999999999998
 20
1610.0
 10
1061.1999999999998
 20
1610.0
  0
HATCH
  5
A51
330
17
100
AcDbEntity
  8
Hachura
100
AcDbHatch
 10
0.0
 20
0.0
 30
0.0
210
0.0
220
0.0
230
1.0
  2
SOLID
 70
1
 71
0
 91
1
 92
3
 72
0
 73
1
 93
4
 10
1061.1999999999998
 20
1576.0
 10
1079.6999999999998
 20
1576.0
 10
1079.6999999999998
 20
1610.0
 10
1061.1999999999998
 20
1610.0
 97
0
 75
0
 76
1
 98
0
  0
HATCH
  5
A52
330
17
100
AcDbEntity
  8
Hachura
100
AcDbHatch
 10
0.0
 20
0.0
 30
0.0
210
0.0
220
0.0
230
1.0
  2
ANSI31
 70
0
 71
0
 91
1
 92
3
 72
0
 73
1
 93
4
 10
1061.1999999999998
 20
1576.0
 10
1079.6999999999998
 20
1576.0
 10
1079.6999999999998
 20
1610.0
 10
1061.1999999999998
 20
1610.0
 97
0
 75
1
 76
1
 52
0.0
 41
2.5
 77
0
 78
1
 53
45.0
 43
0.0
 44
0.0
 45
-5.6126600758
 46
5.6126600758
 79
0
 98
0
  0
LINE
  5
A53
330
17
100
AcDbEntity
  8
Paineis
100
AcDbLine
 10
1061.1999999999998
 20
1574.0
 30
0.0
 11
1079.6999999999998
 21
1574.0
 31
0.0
  0
LINE
  5
A54
330
17
100
AcDbEntity
  8
Paineis
100
AcDbLine
 10
1061.1999999999998
 20
1332.0
 30
0.0
 11
1079.6999999999998
 21
1332.0
 31
0.0
  0
LINE
  5
A55
330
17
100
AcDbEntity
  8
SARR_2.2x7
  6
HIDDEN
 48
30.0
100
AcDbLine
 10
1062.2999999999997
 20
1330.0
 30
0.0
 11
1062.2999999999997
 21
1610.0
 31
0.0
  0
LINE
  5
A56
330
17
100
AcDbEntity
  8
SARR_2.2x7
  6
HIDDEN
 48
30.0
100
AcDbLine
 10
1078.6
 20
1330.0
 30
0.0
 11
1078.6
 21
1610.0
 31
0.0
  0
TEXT
  5
A57
330
17
100
AcDbEntity
  8
Texto Secao
 62
2
100
AcDbText
 10
1070.4499999999998
 20
1322.0
 30
0.0
 40
4.5
  1
P32.B
 50
90.0
100
AcDbText
  0
LWPOLYLINE
  5
A58
330
17
100
AcDbEntity
  8
Paineis
100
AcDbPolyline
 90
4
 70
1
 10
1087.6999999999998
 20
1330.0
 10
1179.6999999999998
 20
1330.0
 10
1179.6999999999998
 20
1576.0
 10
1087.6999999999998
 20
1576.0
  0
HATCH
  5
A59
330
17
100
AcDbEntity
  8
Hachura
100
AcDbHatch
 10
0.0
 20
0.0
 30
0.0
210
0.0
220
0.0
230
1.0
  2
SOLID
 70
1
 71
0
 91
1
 92
3
 72
0
 73
1
 93
4
 10
1087.6999999999998
 20
1330.0
 10
1179.6999999999998
 20
1330.0
 10
1179.6999999999998
 20
1576.0
 10
1087.6999999999998
 20
1576.0
 97
0
 75
0
 76
1
 98
0
  0
HATCH
  5
A5A
330
17
100
AcDbEntity
  8
Hachura
100
AcDbHatch
 10
0.0
 20
0.0
 30
0.0
210
0.0
220
0.0
230
1.0
  2
ANSI31
 70
0
 71
0
 91
1
 92
3
 72
0
 73
1
 93
4
 10
1087.6999999999998
 20
1330.0
 10
1179.6999999999998
 20
1330.0
 10
1179.6999999999998
 20
1576.0
 10
1087.6999999999998
 20
1576.0
 97
0
 75
1
 76
1
 52
0.0
 41
5.0
 77
0
 78
1
 53
45.0
 43
0.0
 44
0.0
 45
-11.2253201515
 46
11.2253201515
 79
0
 98
0
  0
LWPOLYLINE
  5
A5B
330
17
100
AcDbEntity
  8
Paineis
100
AcDbPolyline
 90
4
 70
1
 10
1087.6999999999998
 20
1576.0
 10
1179.6999999999998
 20
1576.0
 10
1179.6999999999998
 20
1610.0
 10
1087.6999999999998
 20
1610.0
  0
HATCH
  5
A5C
330
17
100
AcDbEntity
  8
Hachura
100
AcDbHatch
 10
0.0
 20
0.0
 30
0.0
210
0.0
220
0.0
230
1.0
  2
SOLID
 70
1
 71
0
 91
1
 92
3
 72
0
 73
1
 93
4
 10
1087.6999999999998
 20
1576.0
 10
1179.6999999999998
 20
1576.0
 10
1179.6999999999998
 20
1610.0
 10
1087.6999999999998
 20
1610.0
 97
0
 75
0
 76
1
 98
0
  0
HATCH
  5
A5D
330
17
100
AcDbEntity
  8
Hachura
100
AcDbHatch
 10
0.0
 20
0.0
 30
0.0
210
0.0
220
0.0
230
1.0
  2
ANSI31
 70
0
 71
0
 91
1
 92
3
 72
0
 73
1
 93
4
 10
1087.6999999999998
 20
1576.0
 10
1179.6999999999998
 20
1576.0
 10
1179.6999999999998
 20
1610.0
 10
1087.6999999999998
 20
1610.0
 97
0
 75
1
 76
1
 52
0.0
 41
2.5
 77
0
 78
1
 53
45.0
 43
0.0
 44
0.0
 45
-5.6126600758
 46
5.6126600758
 79
0
 98
0
  0
LINE
  5
A5E
330
17
100
AcDbEntity
  8
Paineis
100
AcDbLine
 10
1087.6999999999998
 20
1574.0
 30
0.0
 11
1179.6999999999998
 21
1574.0
 31
0.0
  0
LINE
  5
A5F
330
17
100
AcDbEntity
  8
Paineis
100
AcDbLine
 10
1087.6999999999998
 20
1332.0
 30
0.0
 11
1179.6999999999998
 21
1332.0
 31
0.0
  0
LINE
  5
A60
330
17
100
AcDbEntity
  8
SARR_2.2x7
  6
HIDDEN
 48
30.0
100
AcDbLine
 10
1088.7999999999997
 20
1330.0
 30
0.0
 11
1088.7999999999997
 21
1610.0
 31
0.0
  0
LINE
  5
A61
330
17
100
AcDbEntity
  8
SARR_2.2x7
  6
HIDDEN
 48
30.0
100
AcDbLine
 10
1106.7599999999998
 20
1330.0
 30
0.0
 11
1106.7599999999998
 21
1610.0
 31
0.0
  0
LINE
  5
A62
330
17
100
AcDbEntity
  8
SARR_2.2x7
  6
HIDDEN
 48
30.0
100
AcDbLine
 10
1124.7199999999998
 20
1330.0
 30
0.0
 11
1124.7199999999998
 21
1610.0
 31
0.0
  0
LINE
  5
A63
330
17
100
AcDbEntity
  8
SARR_2.2x7
  6
HIDDEN
 48
30.0
100
AcDbLine
 10
1142.6799999999998
 20
1330.0
 30
0.0
 11
1142.6799999999998
 21
1610.0
 31
0.0
  0
LINE
  5
A64
330
17
100
AcDbEntity
  8
SARR_2.2x7
  6
HIDDEN
 48
30.0
100
AcDbLine
 10
1160.6399999999999
 20
1330.0
 30
0.0
 11
1160.6399999999999
 21
1610.0
 31
0.0
  0
LINE
  5
A65
330
17
100
AcDbEntity
  8
SARR_2.2x7
  6
HIDDEN
 48
30.0
100
AcDbLine
 10
1178.6
 20
1330.0
 30
0.0
 11
1178.6
 21
1610.0
 31
0.0
  0
TEXT
  5
A66
330
17
100
AcDbEntity
  8
Texto Secao
 62
2
100
AcDbText
 10
1133.6999999999998
 20
1322.0
 30
0.0
 40
4.5
  1
P32.C
 50
90.0
100
AcDbText
  0
LWPOLYLINE
  5
A67
330
17
100
AcDbEntity
  8
Paineis
100
AcDbPolyline
 90
4
 70
1
 10
1187.6999999999998
 20
1330.0
 10
1206.1999999999998
 20
1330.0
 10
1206.1999999999998
 20
1576.0
 10
1187.6999999999998
 20
1576.0
  0
HATCH
  5
A68
330
17
100
AcDbEntity
  8
Hachura
100
AcDbHatch
 10
0.0
 20
0.0
 30
0.0
210
0.0
220
0.0
230
1.0
  2
SOLID
 70
1
 71
0
 91
1
 92
3
 72
0
 73
1
 93
4
 10
1187.6999999999998
 20
1330.0
 10
1206.1999999999998
 20
1330.0
 10
1206.1999999999998
 20
1576.0
 10
1187.6999999999998
 20
1576.0
 97
0
 75
0
 76
1
 98
0
  0
HATCH
  5
A69
330
17
100
AcDbEntity
  8
Hachura
100
AcDbHatch
 10
0.0
 20
0.0
 30
0.0
210
0.0
220
0.0
230
1.0
  2
ANSI31
 70
0
 71
0
 91
1
 92
3
 72
0
 73
1
 93
4
 10
1187.6999999999998
 20
1330.0
 10
1206.1999999999998
 20
1330.0
 10
1206.1999999999998
 20
1576.0
 10
1187.6999999999998
 20
1576.0
 97
0
 75
1
 76
1
 52
0.0
 41
5.0
 77
0
 78
1
 53
45.0
 43
0.0
 44
0.0
 45
-11.2253201515
 46
11.2253201515
 79
0
 98
0
  0
LWPOLYLINE
  5
A6A
330
17
100
AcDbEntity
  8
Paineis
100
AcDbPolyline
 90
4
 70
1
 10
1187.6999999999998
 20
1576.0
 10
1206.1999999999998
 20
1576.0
 10
1206.1999999999998
 20
1610.0
 10
1187.6999999999998
 20
1610.0
  0
HATCH
  5
A6B
330
17
100
AcDbEntity
  8
Hachura
100
AcDbHatch
 10
0.0
 20
0.0
 30
0.0
210
0.0
220
0.0
230
1.0
  2
SOLID
 70
1
 71
0
 91
1
 92
3
 72
0
 73
1
 93
4
 10
1187.6999999999998
 20
1576.0
 10
1206.1999999999998
 20
1576.0
 10
1206.1999999999998
 20
1610.0
 10
1187.6999999999998
 20
1610.0
 97
0
 75
0
 76
1
 98
0
  0
HATCH
  5
A6C
330
17
100
AcDbEntity
  8
Hachura
100
AcDbHatch
 10
0.0
 20
0.0
 30
0.0
210
0.0
220
0.0
230
1.0
  2
ANSI31
 70
0
 71
0
 91
1
 92
3
 72
0
 73
1
 93
4
 10
1187.6999999999998
 20
1576.0
 10
1206.1999999999998
 20
1576.0
 10
1206.1999999999998
 20
1610.0
 10
1187.6999999999998
 20
1610.0
 97
0
 75
1
 76
1
 52
0.0
 41
2.5
 77
0
 78
1
 53
45.0
 43
0.0
 44
0.0
 45
-5.6126600758
 46
5.6126600758
 79
0
 98
0
  0
LINE
  5
A6D
330
17
100
AcDbEntity
  8
Paineis
100
AcDbLine
 10
1187.6999999999998
 20
1574.0
 30
0.0
 11
1206.1999999999998
 21
1574.0
 31
0.0
  0
LINE
  5
A6E
330
17
100
AcDbEntity
  8
Paineis
100
AcDbLine
 10
1187.6999999999998
 20
1332.0
 30
0.0
 11
1206.1999999999998
 21
1332.0
 31
0.0
  0
LINE
  5
A6F
330
17
100
AcDbEntity
  8
SARR_2.2x7
  6
HIDDEN
 48
30.0
100
AcDbLine
 10
1188.7999999999997
 20
1330.0
 30
0.0
 11
1188.7999999999997
 21
1610.0
 31
0.0
  0
LINE
  5
A70
330
17
100
AcDbEntity
  8
SARR_2.2x7
  6
HIDDEN
 48
30.0
100
AcDbLine
 10
1205.1
 20
1330.0
 30
0.0
 11
1205.1
 21
1610.0
 31
0.0
  0
TEXT
  5
A71
330
17
100
AcDbEntity
  8
Texto Secao
 62
2
100
AcDbText
 10
1196.9499999999998
 20
1322.0
 30
0.0
 40
4.5
  1
P32.D
 50
90.0
100
AcDbText
  0
LINE
  5
A72
330
17
100
AcDbEntity
  8
COTA
 62
8
100
AcDbLine
 10
1214.1999999999998
 20
1330.0
 30
0.0
 11
1214.1999999999998
 21
1610.0
 31
0.0
  0
LINE
  5
A73
330
17
100
AcDbEntity
  8
COTA
 62
8
100
AcDbLine
 10
1212.1999999999998
 20
1330.0
 30
0.0
 11
1216.1999999999998
 21
1330.0
 31
0.0
  0
LINE
  5
A74
330
17
100
AcDbEntity
  8
COTA
 62
8
100
AcDbLine
 10
1212.1999999999998
 20
1332.0
 30
0.0
 11
1216.1999999999998
 21
1332.0
 31
0.0
  0
TEXT
  5
A75
330
17
100
AcDbEntity
  8
COTA
 62
8
100
AcDbText
 10
1219.1999999999998
 20
1331.0
 30
0.0
 40
3.0
  1
h1=2
100
AcDbText
  0
LINE
  5
A76
330
17
100
AcDbEntity
  8
COTA
 62
8
100
AcDbLine
 10
1212.1999999999998
 20
1332.0
 30
0.0
 11
1216.1999999999998
 21
1332.0
 31
0.0
  0
LINE
  5
A77
330
17
100
AcDbEntity
  8
COTA
 62
8
100
AcDbLine
 10
1212.1999999999998
 20
1576.0
 30
0.0
 11
1216.1999999999998
 21
1576.0
 31
0.0
  0
TEXT
  5
A78
330
17
100
AcDbEntity
  8
COTA
 62
8
100
AcDbText
 10
1219.1999999999998
 20
1454.0
 30
0.0
 40
3.0
  1
h2=244
100
AcDbText
  0
LINE
  5
A79
330
17
100
AcDbEntity
  8
COTA
 62
8
100
AcDbLine
 10
1212.1999999999998
 20
1576.0
 30
0.0
 11
1216.1999999999998
 21
1576.0
 31
0.0
  0
LINE
  5
A7A
330
17
100
AcDbEntity
  8
COTA
 62
8
100
AcDbLine
 10
1212.1999999999998
 20
1610.0
 30
0.0
 11
1216.1999999999998
 21
1610.0
 31
0.0
  0
TEXT
  5
A7B
330
17
100
AcDbEntity
  8
COTA
 62
8
100
AcDbText
 10
1219.1999999999998
 20
1593.0
 30
0.0
 40
3.0
  1
h3=34
100
AcDbText
  0
TEXT
  5
A7C
330
17
100
AcDbEntity
  8
COTA
 62
8
100
AcDbText
 10
1219.1999999999998
 20
1613.0
 30
0.0
 40
3.5
  1
TOTAL=280
100
AcDbText
  0
LINE
  5
A7D
330
17
100
AcDbEntity
  8
Nivel
 62
4
100
AcDbLine
 10
798.8
 20
1330.0
 30
0.0
 11
1219.1999999999998
 21
1330.0
 31
0.0
  0
LINE
  5
A7E
330
17
100
AcDbEntity
  8
Nivel
 62
4
100
AcDbLine
 10
797.8
 20
1335.0
 30
0.0
 11
800.8
 21
1330.0
 31
0.0
  0
LINE
  5
A7F
330
17
100
AcDbEntity
  8
Nivel
 62
4
100
AcDbLine
 10
803.8
 20
1335.0
 30
0.0
 11
800.8
 21
1330.0
 31
0.0
  0
TEXT
  5
A80
330
17
100
AcDbEntity
  8
Nivel
 62
4
100
AcDbText
 10
805.8
 20
1331.0
 30
0.0
 40
4.0
  1
1o PAV.
100
AcDbText
  0
LINE
  5
A81
330
17
100
AcDbEntity
  8
Nivel
 62
4
100
AcDbLine
 10
798.8
 20
1576.0
 30
0.0
 11
1219.1999999999998
 21
1576.0
 31
0.0
  0
LINE
  5
A82
330
17
100
AcDbEntity
  8
Nivel
 62
4
100
AcDbLine
 10
797.8
 20
1581.0
 30
0.0
 11
800.8
 21
1576.0
 31
0.0
  0
LINE
  5
A83
330
17
100
AcDbEntity
  8
Nivel
 62
4
100
AcDbLine
 10
803.8
 20
1581.0
 30
0.0
 11
800.8
 21
1576.0
 31
0.0
  0
TEXT
  5
A84
330
17
100
AcDbEntity
  8
Nivel
 62
4
100
AcDbText
 10
805.8
 20
1577.0
 30
0.0
 40
4.0
  1
2o PAV.
100
AcDbText
  0
LWPOLYLINE
  5
A85
330
17
100
AcDbEntity
  8
CARIMBO
 62
40
100
AcDbPolyline
 90
4
 70
1
 10
796.8
 20
1275.0
 10
1243.1999999999998
 20
1275.0
 10
1243.1999999999998
 20
1315.0
 10
796.8
 20
1315.0
  0
LINE
  5
A86
330
17
100
AcDbEntity
  8
CARIMBO
 62
40
100
AcDbLine
 10
796.8
 20
1285.0
 30
0.0
 11
1243.1999999999998
 21
1285.0
 31
0.0
  0
LINE
  5
A87
330
17
100
AcDbEntity
  8
CARIMBO
 62
40
100
AcDbLine
 10
796.8
 20
1295.0
 30
0.0
 11
1243.1999999999998
 21
1295.0
 31
0.0
  0
LINE
  5
A88
330
17
100
AcDbEntity
  8
CARIMBO
 62
40
100
AcDbLine
 10
796.8
 20
1305.0
 30
0.0
 11
1243.1999999999998
 21
1305.0
 31
0.0
  0
LINE
  5
A89
330
17
100
AcDbEntity
  8
CARIMBO
 62
40
100
AcDbLine
 10
953.04
 20
1275.0
 30
0.0
 11
953.04
 21
1315.0
 31
0.0
  0
TEXT
  5
A8A
330
17
100
AcDbEntity
  8
CARIMBO
 62
9
100
AcDbText
 10
799.8
 20
1310.0
 30
0.0
 40
3.0
  1
CLIENTE:
100
AcDbText
  0
TEXT
  5
A8B
330
17
100
AcDbEntity
  8
TEXTO_GERAL
 62
2
100
AcDbText
 10
956.04
 20
1310.0
 30
0.0
 40
3.0
  1
ALIMONTI
100
AcDbText
  0
TEXT
  5
A8C
330
17
100
AcDbEntity
  8
CARIMBO
 62
9
100
AcDbText
 10
799.8
 20
1300.0
 30
0.0
 40
3.0
  1
OBRA:
100
AcDbText
  0
TEXT
  5
A8D
330
17
100
AcDbEntity
  8
TEXTO_GERAL
 62
2
100
AcDbText
 10
956.04
 20
1300.0
 30
0.0
 40
3.0
  1
Obra_TREINO_1
100
AcDbText
  0
TEXT
  5
A8E
330
17
100
AcDbEntity
  8
CARIMBO
 62
9
100
AcDbText
 10
799.8
 20
1290.0
 30
0.0
 40
3.0
  1
PAVIMENTO:
100
AcDbText
  0
TEXT
  5
A8F
330
17
100
AcDbEntity
  8
TEXTO_GERAL
 62
2
100
AcDbText
 10
956.04
 20
1290.0
 30
0.0
 40
3.0
  1
TERREO
100
AcDbText
  0
TEXT
  5
A90
330
17
100
AcDbEntity
  8
CARIMBO
 62
9
100
AcDbText
 10
799.8
 20
1280.0
 30
0.0
 40
3.0
  1
PROJETO:
100
AcDbText
  0
TEXT
  5
A91
330
17
100
AcDbEntity
  8
TEXTO_GERAL
 62
2
100
AcDbText
 10
956.04
 20
1280.0
 30
0.0
 40
3.0
  1
PILARES
100
AcDbText
  0
TEXT
  5
A92
330
17
100
AcDbEntity
  8
LABEL_ID
 62
3
100
AcDbText
 10
1228.1999999999998
 20
1280.0
 30
0.0
 40
8.0
  1
18
100
AcDbText
  0
LWPOLYLINE
  5
A93
330
17
100
AcDbEntity
  8
BORDA_CELULA
 62
9
100
AcDbPolyline
 90
4
 70
1
 10
1263.1999999999998
 20
1275.0
 10
1639.6
 20
1275.0
 10
1639.6
 20
1680.0
 10
1263.1999999999998
 20
1680.0
  0
TEXT
  5
A94
330
17
100
AcDbEntity
  8
TEXTO_GERAL
 62
2
100
AcDbText
 10
1629.6
 20
1675.0
 30
0.0
 40
3.0
  1
TÉRREO - PD: 280.00
 72
2
 11
1629.6
 21
1675.0
 31
0.0
100
AcDbText
  0
TEXT
  5
A95
330
17
100
AcDbEntity
  8
TEXTO_GERAL
 62
2
100
AcDbText
 10
1629.6
 20
1670.0
 30
0.0
 40
3.0
  1
NIVEL DE SAIDA: 280.00
 72
2
 11
1629.6
 21
1670.0
 31
0.0
100
AcDbText
  0
TEXT
  5
A96
330
17
100
AcDbEntity
  8
TEXTO_GERAL
 62
2
100
AcDbText
 10
1629.6
 20
1665.0
 30
0.0
 40
3.0
  1
NIVEL DE CHEGADA: 0.00
 72
2
 11
1629.6
 21
1665.0
 31
0.0
100
AcDbText
  0
TEXT
  5
A97
330
17
100
AcDbEntity
  8
NOMENCLATURA
 62
1
100
AcDbText
 10
1283.1999999999998
 20
1668.0
 30
0.0
 40
10.0
  1
P101
100
AcDbText
  0
LWPOLYLINE
  5
A98
330
17
100
AcDbEntity
  8
CONCRETO
 62
4
100
AcDbPolyline
 90
4
 70
1
 10
1294.3999999999999
 20
1580.0
 10
1359.3999999999999
 20
1580.0
 10
1359.3999999999999
 20
1604.0
 10
1294.3999999999999
 20
1604.0
  0
HATCH
  5
A99
330
17
100
AcDbEntity
  8
COTA
100
AcDbHatch
 10
0.0
 20
0.0
 30
0.0
210
0.0
220
0.0
230
1.0
  2
AR-CONC
 70
0
 71
0
 91
1
 92
3
 72
0
 73
1
 93
4
 10
1294.3999999999999
 20
1580.0
 10
1359.3999999999999
 20
1580.0
 10
1359.3999999999999
 20
1604.0
 10
1294.3999999999999
 20
1604.0
 97
0
 75
1
 76
1
 52
0.0
 41
0.03
 77
0
 78
13
 53
50.0
 43
0.0
 44
0.0
 45
5.4655400699
 46
-0.4781725662
 79
2
 49
0.5715
 49
-6.2865
 53
355.0
 43
0.0
 44
0.0
 45
-1.0573026428
 46
5.7317053572
 79
2
 49
0.4572
 49
-5.0292175251
 53
100.4514447
 43
0.45546021
 44
-0.039847605
 45
4.4082374127
 46
5.2535325574
 79
2
 49
0.485700264
 49
-5.342707338
 53
46.1842
 43
0.0
 44
1.524
 45
8.1323712268
 46
-1.261269838
 79
2
 49
0.85725
 49
-9.42975
 53
96.63555761
 43
0.677697
 44
1.418895
 45
7.1221240215
 46
7.4227837379
 79
2
 49
0.7285506942
 49
-8.0140682448
 53
351.18415117
 43
0.0
 44
1.524
 45
7.1221240219
 46
7.4227837376
 79
2
 49
0.6857990121
 49
-7.5437919576
 53
21.0
 43
0.762
 44
1.143
 45
4.5484317381
 46
-3.0679559456
 79
2
 49
0.5715
 49
-6.2865
 53
326.0
 43
0.762
 44
1.143
 45
1.8540608504
 46
5.5256389837
 79
2
 49
0.4572
 49
-5.0292
 53
71.451445
 43
1.141035978
 44
0.887337003
 45
6.4024925784
 46
2.4576830666
 79
2
 49
0.485700264
 49
-5.342698128
 53
37.5
 43
0.0
 44
0.0
 45
0.0926580975
 46
2.5366511662
 79
6
 49
0.0
 49
-4.96824
 49
0.0
 49
-5.1054
 49
0.0
 49
-5.04825
 53
7.5
 43
0.0
 44
0.0
 45
2.0045898753
 46
3.0054172445
 79
6
 49
0.0
 49
-2.91084
 49
0.0
 49
-4.85394
 49
0.0
 49
-1.92405
 53
-32.5
 43
-1.69926
 44
0.0
 45
4.067717855
 46
-0.1718623198
 79
6
 49
0.0
 49
-1.905
 49
0.0
 49
-5.9436
 49
0.0
 49
-7.8867
 53
-42.5
 43
-2.46126
 44
0.0
 45
4.4438754416
 46
0.762794731
 79
6
 49
0.0
 49
-2.4765
 49
0.0
 49
-3.94716
 49
0.0
 49
-5.6007
 98
0
  0
LWPOLYLINE
  5
A9A
330
17
100
AcDbEntity
  8
Paineis
100
AcDbPolyline
 90
4
 70
1
 10
1294.3999999999999
 20
1577.8
 10
1359.3999999999999
 20
1577.8
 10
1359.3999999999999
 20
1580.0
 10
1294.3999999999999
 20
1580.0
  0
HATCH
  5
A9B
330
17
100
AcDbEntity
  8
Paineis
100
AcDbHatch
 10
0.0
 20
0.0
 30
0.0
210
0.0
220
0.0
230
1.0
  2
SOLID
 70
1
 71
0
 91
1
 92
3
 72
0
 73
1
 93
4
 10
1294.3999999999999
 20
1577.8
 10
1359.3999999999999
 20
1577.8
 10
1359.3999999999999
 20
1580.0
 10
1294.3999999999999
 20
1580.0
 97
0
 75
0
 76
1
 98
0
  0
HATCH
  5
A9C
330
17
100
AcDbEntity
  8
Paineis
100
AcDbHatch
 10
0.0
 20
0.0
 30
0.0
210
0.0
220
0.0
230
1.0
  2
ANSI31
 70
0
 71
0
 91
1
 92
3
 72
0
 73
1
 93
4
 10
1294.3999999999999
 20
1577.8
 10
1359.3999999999999
 20
1577.8
 10
1359.3999999999999
 20
1580.0
 10
1294.3999999999999
 20
1580.0
 97
0
 75
1
 76
1
 52
270.0
 41
0.5
 77
0
 78
1
 53
315.0
 43
-0.0
 44
-0.0
 45
1.1225320152
 46
1.1225320151
 79
0
 98
0
  0
LWPOLYLINE
  5
A9D
330
17
100
AcDbEntity
  8
Paineis
100
AcDbPolyline
 90
4
 70
1
 10
1294.3999999999999
 20
1604.0
 10
1359.3999999999999
 20
1604.0
 10
1359.3999999999999
 20
1606.2
 10
1294.3999999999999
 20
1606.2
  0
HATCH
  5
A9E
330
17
100
AcDbEntity
  8
Paineis
100
AcDbHatch
 10
0.0
 20
0.0
 30
0.0
210
0.0
220
0.0
230
1.0
  2
SOLID
 70
1
 71
0
 91
1
 92
3
 72
0
 73
1
 93
4
 10
1294.3999999999999
 20
1604.0
 10
1359.3999999999999
 20
1604.0
 10
1359.3999999999999
 20
1606.2
 10
1294.3999999999999
 20
1606.2
 97
0
 75
0
 76
1
 98
0
  0
HATCH
  5
A9F
330
17
100
AcDbEntity
  8
Paineis
100
AcDbHatch
 10
0.0
 20
0.0
 30
0.0
210
0.0
220
0.0
230
1.0
  2
ANSI31
 70
0
 71
0
 91
1
 92
3
 72
0
 73
1
 93
4
 10
1294.3999999999999
 20
1604.0
 10
1359.3999999999999
 20
1604.0
 10
1359.3999999999999
 20
1606.2
 10
1294.3999999999999
 20
1606.2
 97
0
 75
1
 76
1
 52
270.0
 41
0.5
 77
0
 78
1
 53
315.0
 43
-0.0
 44
-0.0
 45
1.1225320152
 46
1.1225320151
 79
0
 98
0
  0
LWPOLYLINE
  5
AA0
330
17
100
AcDbEntity
  8
Paineis
100
AcDbPolyline
 90
4
 70
1
 10
1292.1999999999998
 20
1580.0
 10
1294.3999999999999
 20
1580.0
 10
1294.3999999999999
 20
1604.0
 10
1292.1999999999998
 20
1604.0
  0
HATCH
  5
AA1
330
17
100
AcDbEntity
  8
Paineis
100
AcDbHatch
 10
0.0
 20
0.0
 30
0.0
210
0.0
220
0.0
230
1.0
  2
SOLID
 70
1
 71
0
 91
1
 92
3
 72
0
 73
1
 93
4
 10
1292.1999999999998
 20
1580.0
 10
1294.3999999999999
 20
1580.0
 10
1294.3999999999999
 20
1604.0
 10
1292.1999999999998
 20
1604.0
 97
0
 75
0
 76
1
 98
0
  0
HATCH
  5
AA2
330
17
100
AcDbEntity
  8
Paineis
100
AcDbHatch
 10
0.0
 20
0.0
 30
0.0
210
0.0
220
0.0
230
1.0
  2
ANSI31
 70
0
 71
0
 91
1
 92
3
 72
0
 73
1
 93
4
 10
1292.1999999999998
 20
1580.0
 10
1294.3999999999999
 20
1580.0
 10
1294.3999999999999
 20
1604.0
 10
1292.1999999999998
 20
1604.0
 97
0
 75
1
 76
1
 52
270.0
 41
0.5
 77
0
 78
1
 53
315.0
 43
-0.0
 44
-0.0
 45
1.1225320152
 46
1.1225320151
 79
0
 98
0
  0
LWPOLYLINE
  5
AA3
330
17
100
AcDbEntity
  8
Paineis
100
AcDbPolyline
 90
4
 70
1
 10
1359.3999999999999
 20
1580.0
 10
1361.6
 20
1580.0
 10
1361.6
 20
1604.0
 10
1359.3999999999999
 20
1604.0
  0
HATCH
  5
AA4
330
17
100
AcDbEntity
  8
Paineis
100
AcDbHatch
 10
0.0
 20
0.0
 30
0.0
210
0.0
220
0.0
230
1.0
  2
SOLID
 70
1
 71
0
 91
1
 92
3
 72
0
 73
1
 93
4
 10
1359.3999999999999
 20
1580.0
 10
1361.6
 20
1580.0
 10
1361.6
 20
1604.0
 10
1359.3999999999999
 20
1604.0
 97
0
 75
0
 76
1
 98
0
  0
HATCH
  5
AA5
330
17
100
AcDbEntity
  8
Paineis
100
AcDbHatch
 10
0.0
 20
0.0
 30
0.0
210
0.0
220
0.0
230
1.0
  2
ANSI31
 70
0
 71
0
 91
1
 92
3
 72
0
 73
1
 93
4
 10
1359.3999999999999
 20
1580.0
 10
1361.6
 20
1580.0
 10
1361.6
 20
1604.0
 10
1359.3999999999999
 20
1604.0
 97
0
 75
1
 76
1
 52
270.0
 41
0.5
 77
0
 78
1
 53
315.0
 43
-0.0
 44
-0.0
 45
1.1225320152
 46
1.1225320151
 79
0
 98
0
  0
LWPOLYLINE
  5
AA6
330
17
100
AcDbEntity
  8
SARR_2.2x7
100
AcDbPolyline
 90
4
 70
1
 10
1294.3999999999999
 20
1570.8
 10
1296.6
 20
1570.8
 10
1296.6
 20
1577.8
 10
1294.3999999999999
 20
1577.8
  0
HATCH
  5
AA7
330
17
100
AcDbEntity
  8
SARR_2.2x7
100
AcDbHatch
 10
0.0
 20
0.0
 30
0.0
210
0.0
220
0.0
230
1.0
  2
SOLID
 70
1
 71
0
 91
1
 92
3
 72
0
 73
1
 93
4
 10
1294.3999999999999
 20
1570.8
 10
1296.6
 20
1570.8
 10
1296.6
 20
1577.8
 10
1294.3999999999999
 20
1577.8
 97
0
 75
0
 76
1
 98
0
  0
HATCH
  5
AA8
330
17
100
AcDbEntity
  8
SARR_2.2x7
100
AcDbHatch
 10
0.0
 20
0.0
 30
0.0
210
0.0
220
0.0
230
1.0
  2
ANSI31
 70
0
 71
0
 91
1
 92
3
 72
0
 73
1
 93
4
 10
1294.3999999999999
 20
1570.8
 10
1296.6
 20
1570.8
 10
1296.6
 20
1577.8
 10
1294.3999999999999
 20
1577.8
 97
0
 75
1
 76
1
 52
270.0
 41
0.5
 77
0
 78
1
 53
315.0
 43
-0.0
 44
-0.0
 45
1.1225320152
 46
1.1225320151
 79
0
 98
0
  0
LWPOLYLINE
  5
AA9
330
17
100
AcDbEntity
  8
SARR_2.2x7
100
AcDbPolyline
 90
4
 70
1
 10
1315.3333333333333
 20
1570.8
 10
1317.5333333333333
 20
1570.8
 10
1317.5333333333333
 20
1577.8
 10
1315.3333333333333
 20
1577.8
  0
HATCH
  5
AAA
330
17
100
AcDbEntity
  8
SARR_2.2x7
100
AcDbHatch
 10
0.0
 20
0.0
 30
0.0
210
0.0
220
0.0
230
1.0
  2
SOLID
 70
1
 71
0
 91
1
 92
3
 72
0
 73
1
 93
4
 10
1315.3333333333333
 20
1570.8
 10
1317.5333333333333
 20
1570.8
 10
1317.5333333333333
 20
1577.8
 10
1315.3333333333333
 20
1577.8
 97
0
 75
0
 76
1
 98
0
  0
HATCH
  5
AAB
330
17
100
AcDbEntity
  8
SARR_2.2x7
100
AcDbHatch
 10
0.0
 20
0.0
 30
0.0
210
0.0
220
0.0
230
1.0
  2
ANSI31
 70
0
 71
0
 91
1
 92
3
 72
0
 73
1
 93
4
 10
1315.3333333333333
 20
1570.8
 10
1317.5333333333333
 20
1570.8
 10
1317.5333333333333
 20
1577.8
 10
1315.3333333333333
 20
1577.8
 97
0
 75
1
 76
1
 52
270.0
 41
0.5
 77
0
 78
1
 53
315.0
 43
-0.0
 44
-0.0
 45
1.1225320152
 46
1.1225320151
 79
0
 98
0
  0
LWPOLYLINE
  5
AAC
330
17
100
AcDbEntity
  8
SARR_2.2x7
100
AcDbPolyline
 90
4
 70
1
 10
1336.2666666666667
 20
1570.8
 10
1338.4666666666667
 20
1570.8
 10
1338.4666666666667
 20
1577.8
 10
1336.2666666666667
 20
1577.8
  0
HATCH
  5
AAD
330
17
100
AcDbEntity
  8
SARR_2.2x7
100
AcDbHatch
 10
0.0
 20
0.0
 30
0.0
210
0.0
220
0.0
230
1.0
  2
SOLID
 70
1
 71
0
 91
1
 92
3
 72
0
 73
1
 93
4
 10
1336.2666666666667
 20
1570.8
 10
1338.4666666666667
 20
1570.8
 10
1338.4666666666667
 20
1577.8
 10
1336.2666666666667
 20
1577.8
 97
0
 75
0
 76
1
 98
0
  0
HATCH
  5
AAE
330
17
100
AcDbEntity
  8
SARR_2.2x7
100
AcDbHatch
 10
0.0
 20
0.0
 30
0.0
210
0.0
220
0.0
230
1.0
  2
ANSI31
 70
0
 71
0
 91
1
 92
3
 72
0
 73
1
 93
4
 10
1336.2666666666667
 20
1570.8
 10
1338.4666666666667
 20
1570.8
 10
1338.4666666666667
 20
1577.8
 10
1336.2666666666667
 20
1577.8
 97
0
 75
1
 76
1
 52
270.0
 41
0.5
 77
0
 78
1
 53
315.0
 43
-0.0
 44
-0.0
 45
1.1225320152
 46
1.1225320151
 79
0
 98
0
  0
LWPOLYLINE
  5
AAF
330
17
100
AcDbEntity
  8
SARR_2.2x7
100
AcDbPolyline
 90
4
 70
1
 10
1357.2
 20
1570.8
 10
1359.4
 20
1570.8
 10
1359.4
 20
1577.8
 10
1357.2
 20
1577.8
  0
HATCH
  5
AB0
330
17
100
AcDbEntity
  8
SARR_2.2x7
100
AcDbHatch
 10
0.0
 20
0.0
 30
0.0
210
0.0
220
0.0
230
1.0
  2
SOLID
 70
1
 71
0
 91
1
 92
3
 72
0
 73
1
 93
4
 10
1357.2
 20
1570.8
 10
1359.4
 20
1570.8
 10
1359.4
 20
1577.8
 10
1357.2
 20
1577.8
 97
0
 75
0
 76
1
 98
0
  0
HATCH
  5
AB1
330
17
100
AcDbEntity
  8
SARR_2.2x7
100
AcDbHatch
 10
0.0
 20
0.0
 30
0.0
210
0.0
220
0.0
230
1.0
  2
ANSI31
 70
0
 71
0
 91
1
 92
3
 72
0
 73
1
 93
4
 10
1357.2
 20
1570.8
 10
1359.4
 20
1570.8
 10
1359.4
 20
1577.8
 10
1357.2
 20
1577.8
 97
0
 75
1
 76
1
 52
270.0
 41
0.5
 77
0
 78
1
 53
315.0
 43
-0.0
 44
-0.0
 45
1.1225320152
 46
1.1225320151
 79
0
 98
0
  0
LWPOLYLINE
  5
AB2
330
17
100
AcDbEntity
  8
SARR_2.2x7
100
AcDbPolyline
 90
4
 70
1
 10
1294.3999999999999
 20
1606.2
 10
1296.6
 20
1606.2
 10
1296.6
 20
1613.2
 10
1294.3999999999999
 20
1613.2
  0
HATCH
  5
AB3
330
17
100
AcDbEntity
  8
SARR_2.2x7
100
AcDbHatch
 10
0.0
 20
0.0
 30
0.0
210
0.0
220
0.0
230
1.0
  2
SOLID
 70
1
 71
0
 91
1
 92
3
 72
0
 73
1
 93
4
 10
1294.3999999999999
 20
1606.2
 10
1296.6
 20
1606.2
 10
1296.6
 20
1613.2
 10
1294.3999999999999
 20
1613.2
 97
0
 75
0
 76
1
 98
0
  0
HATCH
  5
AB4
330
17
100
AcDbEntity
  8
SARR_2.2x7
100
AcDbHatch
 10
0.0
 20
0.0
 30
0.0
210
0.0
220
0.0
230
1.0
  2
ANSI31
 70
0
 71
0
 91
1
 92
3
 72
0
 73
1
 93
4
 10
1294.3999999999999
 20
1606.2
 10
1296.6
 20
1606.2
 10
1296.6
 20
1613.2
 10
1294.3999999999999
 20
1613.2
 97
0
 75
1
 76
1
 52
270.0
 41
0.5
 77
0
 78
1
 53
315.0
 43
-0.0
 44
-0.0
 45
1.1225320152
 46
1.1225320151
 79
0
 98
0
  0
LWPOLYLINE
  5
AB5
330
17
100
AcDbEntity
  8
SARR_2.2x7
100
AcDbPolyline
 90
4
 70
1
 10
1315.3333333333333
 20
1606.2
 10
1317.5333333333333
 20
1606.2
 10
1317.5333333333333
 20
1613.2
 10
1315.3333333333333
 20
1613.2
  0
HATCH
  5
AB6
330
17
100
AcDbEntity
  8
SARR_2.2x7
100
AcDbHatch
 10
0.0
 20
0.0
 30
0.0
210
0.0
220
0.0
230
1.0
  2
SOLID
 70
1
 71
0
 91
1
 92
3
 72
0
 73
1
 93
4
 10
1315.3333333333333
 20
1606.2
 10
1317.5333333333333
 20
1606.2
 10
1317.5333333333333
 20
1613.2
 10
1315.3333333333333
 20
1613.2
 97
0
 75
0
 76
1
 98
0
  0
HATCH
  5
AB7
330
17
100
AcDbEntity
  8
SARR_2.2x7
100
AcDbHatch
 10
0.0
 20
0.0
 30
0.0
210
0.0
220
0.0
230
1.0
  2
ANSI31
 70
0
 71
0
 91
1
 92
3
 72
0
 73
1
 93
4
 10
1315.3333333333333
 20
1606.2
 10
1317.5333333333333
 20
1606.2
 10
1317.5333333333333
 20
1613.2
 10
1315.3333333333333
 20
1613.2
 97
0
 75
1
 76
1
 52
270.0
 41
0.5
 77
0
 78
1
 53
315.0
 43
-0.0
 44
-0.0
 45
1.1225320152
 46
1.1225320151
 79
0
 98
0
  0
LWPOLYLINE
  5
AB8
330
17
100
AcDbEntity
  8
SARR_2.2x7
100
AcDbPolyline
 90
4
 70
1
 10
1336.2666666666667
 20
1606.2
 10
1338.4666666666667
 20
1606.2
 10
1338.4666666666667
 20
1613.2
 10
1336.2666666666667
 20
1613.2
  0
HATCH
  5
AB9
330
17
100
AcDbEntity
  8
SARR_2.2x7
100
AcDbHatch
 10
0.0
 20
0.0
 30
0.0
210
0.0
220
0.0
230
1.0
  2
SOLID
 70
1
 71
0
 91
1
 92
3
 72
0
 73
1
 93
4
 10
1336.2666666666667
 20
1606.2
 10
1338.4666666666667
 20
1606.2
 10
1338.4666666666667
 20
1613.2
 10
1336.2666666666667
 20
1613.2
 97
0
 75
0
 76
1
 98
0
  0
HATCH
  5
ABA
330
17
100
AcDbEntity
  8
SARR_2.2x7
100
AcDbHatch
 10
0.0
 20
0.0
 30
0.0
210
0.0
220
0.0
230
1.0
  2
ANSI31
 70
0
 71
0
 91
1
 92
3
 72
0
 73
1
 93
4
 10
1336.2666666666667
 20
1606.2
 10
1338.4666666666667
 20
1606.2
 10
1338.4666666666667
 20
1613.2
 10
1336.2666666666667
 20
1613.2
 97
0
 75
1
 76
1
 52
270.0
 41
0.5
 77
0
 78
1
 53
315.0
 43
-0.0
 44
-0.0
 45
1.1225320152
 46
1.1225320151
 79
0
 98
0
  0
LWPOLYLINE
  5
ABB
330
17
100
AcDbEntity
  8
SARR_2.2x7
100
AcDbPolyline
 90
4
 70
1
 10
1357.2
 20
1606.2
 10
1359.4
 20
1606.2
 10
1359.4
 20
1613.2
 10
1357.2
 20
1613.2
  0
HATCH
  5
ABC
330
17
100
AcDbEntity
  8
SARR_2.2x7
100
AcDbHatch
 10
0.0
 20
0.0
 30
0.0
210
0.0
220
0.0
230
1.0
  2
SOLID
 70
1
 71
0
 91
1
 92
3
 72
0
 73
1
 93
4
 10
1357.2
 20
1606.2
 10
1359.4
 20
1606.2
 10
1359.4
 20
1613.2
 10
1357.2
 20
1613.2
 97
0
 75
0
 76
1
 98
0
  0
HATCH
  5
ABD
330
17
100
AcDbEntity
  8
SARR_2.2x7
100
AcDbHatch
 10
0.0
 20
0.0
 30
0.0
210
0.0
220
0.0
230
1.0
  2
ANSI31
 70
0
 71
0
 91
1
 92
3
 72
0
 73
1
 93
4
 10
1357.2
 20
1606.2
 10
1359.4
 20
1606.2
 10
1359.4
 20
1613.2
 10
1357.2
 20
1613.2
 97
0
 75
1
 76
1
 52
270.0
 41
0.5
 77
0
 78
1
 53
315.0
 43
-0.0
 44
-0.0
 45
1.1225320152
 46
1.1225320151
 79
0
 98
0
  0
LWPOLYLINE
  5
ABE
330
17
100
AcDbEntity
  8
SARR_2.2x7
100
AcDbPolyline
 90
4
 70
1
 10
1285.1999999999998
 20
1580.0
 10
1292.1999999999998
 20
1580.0
 10
1292.1999999999998
 20
1582.2
 10
1285.1999999999998
 20
1582.2
  0
HATCH
  5
ABF
330
17
100
AcDbEntity
  8
SARR_2.2x7
100
AcDbHatch
 10
0.0
 20
0.0
 30
0.0
210
0.0
220
0.0
230
1.0
  2
SOLID
 70
1
 71
0
 91
1
 92
3
 72
0
 73
1
 93
4
 10
1285.1999999999998
 20
1580.0
 10
1292.1999999999998
 20
1580.0
 10
1292.1999999999998
 20
1582.2
 10
1285.1999999999998
 20
1582.2
 97
0
 75
0
 76
1
 98
0
  0
HATCH
  5
AC0
330
17
100
AcDbEntity
  8
SARR_2.2x7
100
AcDbHatch
 10
0.0
 20
0.0
 30
0.0
210
0.0
220
0.0
230
1.0
  2
ANSI31
 70
0
 71
0
 91
1
 92
3
 72
0
 73
1
 93
4
 10
1285.1999999999998
 20
1580.0
 10
1292.1999999999998
 20
1580.0
 10
1292.1999999999998
 20
1582.2
 10
1285.1999999999998
 20
1582.2
 97
0
 75
1
 76
1
 52
270.0
 41
0.5
 77
0
 78
1
 53
315.0
 43
-0.0
 44
-0.0
 45
1.1225320152
 46
1.1225320151
 79
0
 98
0
  0
LWPOLYLINE
  5
AC1
330
17
100
AcDbEntity
  8
SARR_2.2x7
100
AcDbPolyline
 90
4
 70
1
 10
1285.1999999999998
 20
1601.8000000000002
 10
1292.1999999999998
 20
1601.8000000000002
 10
1292.1999999999998
 20
1604.0000000000002
 10
1285.1999999999998
 20
1604.0000000000002
  0
HATCH
  5
AC2
330
17
100
AcDbEntity
  8
SARR_2.2x7
100
AcDbHatch
 10
0.0
 20
0.0
 30
0.0
210
0.0
220
0.0
230
1.0
  2
SOLID
 70
1
 71
0
 91
1
 92
3
 72
0
 73
1
 93
4
 10
1285.1999999999998
 20
1601.8000000000002
 10
1292.1999999999998
 20
1601.8000000000002
 10
1292.1999999999998
 20
1604.0000000000002
 10
1285.1999999999998
 20
1604.0000000000002
 97
0
 75
0
 76
1
 98
0
  0
HATCH
  5
AC3
330
17
100
AcDbEntity
  8
SARR_2.2x7
100
AcDbHatch
 10
0.0
 20
0.0
 30
0.0
210
0.0
220
0.0
230
1.0
  2
ANSI31
 70
0
 71
0
 91
1
 92
3
 72
0
 73
1
 93
4
 10
1285.1999999999998
 20
1601.8000000000002
 10
1292.1999999999998
 20
1601.8000000000002
 10
1292.1999999999998
 20
1604.0000000000002
 10
1285.1999999999998
 20
1604.0000000000002
 97
0
 75
1
 76
1
 52
270.0
 41
0.5
 77
0
 78
1
 53
315.0
 43
-0.0
 44
-0.0
 45
1.1225320152
 46
1.1225320151
 79
0
 98
0
  0
LWPOLYLINE
  5
AC4
330
17
100
AcDbEntity
  8
SARR_2.2x7
100
AcDbPolyline
 90
4
 70
1
 10
1361.6
 20
1580.0
 10
1368.6
 20
1580.0
 10
1368.6
 20
1582.2
 10
1361.6
 20
1582.2
  0
HATCH
  5
AC5
330
17
100
AcDbEntity
  8
SARR_2.2x7
100
AcDbHatch
 10
0.0
 20
0.0
 30
0.0
210
0.0
220
0.0
230
1.0
  2
SOLID
 70
1
 71
0
 91
1
 92
3
 72
0
 73
1
 93
4
 10
1361.6
 20
1580.0
 10
1368.6
 20
1580.0
 10
1368.6
 20
1582.2
 10
1361.6
 20
1582.2
 97
0
 75
0
 76
1
 98
0
  0
HATCH
  5
AC6
330
17
100
AcDbEntity
  8
SARR_2.2x7
100
AcDbHatch
 10
0.0
 20
0.0
 30
0.0
210
0.0
220
0.0
230
1.0
  2
ANSI31
 70
0
 71
0
 91
1
 92
3
 72
0
 73
1
 93
4
 10
1361.6
 20
1580.0
 10
1368.6
 20
1580.0
 10
1368.6
 20
1582.2
 10
1361.6
 20
1582.2
 97
0
 75
1
 76
1
 52
270.0
 41
0.5
 77
0
 78
1
 53
315.0
 43
-0.0
 44
-0.0
 45
1.1225320152
 46
1.1225320151
 79
0
 98
0
  0
LWPOLYLINE
  5
AC7
330
17
100
AcDbEntity
  8
SARR_2.2x7
100
AcDbPolyline
 90
4
 70
1
 10
1361.6
 20
1601.8000000000002
 10
1368.6
 20
1601.8000000000002
 10
1368.6
 20
1604.0000000000002
 10
1361.6
 20
1604.0000000000002
  0
HATCH
  5
AC8
330
17
100
AcDbEntity
  8
SARR_2.2x7
100
AcDbHatch
 10
0.0
 20
0.0
 30
0.0
210
0.0
220
0.0
230
1.0
  2
SOLID
 70
1
 71
0
 91
1
 92
3
 72
0
 73
1
 93
4
 10
1361.6
 20
1601.8000000000002
 10
1368.6
 20
1601.8000000000002
 10
1368.6
 20
1604.0000000000002
 10
1361.6
 20
1604.0000000000002
 97
0
 75
0
 76
1
 98
0
  0
HATCH
  5
AC9
330
17
100
AcDbEntity
  8
SARR_2.2x7
100
AcDbHatch
 10
0.0
 20
0.0
 30
0.0
210
0.0
220
0.0
230
1.0
  2
ANSI31
 70
0
 71
0
 91
1
 92
3
 72
0
 73
1
 93
4
 10
1361.6
 20
1601.8000000000002
 10
1368.6
 20
1601.8000000000002
 10
1368.6
 20
1604.0000000000002
 10
1361.6
 20
1604.0000000000002
 97
0
 75
1
 76
1
 52
270.0
 41
0.5
 77
0
 78
1
 53
315.0
 43
-0.0
 44
-0.0
 45
1.1225320152
 46
1.1225320151
 79
0
 98
0
  0
LWPOLYLINE
  5
ACA
330
17
100
AcDbEntity
  8
CHAPA
 62
1
100
AcDbPolyline
 90
4
 70
1
 10
1290.1999999999998
 20
1575.8
 10
1292.1999999999998
 20
1575.8
 10
1292.1999999999998
 20
1577.8
 10
1290.1999999999998
 20
1577.8
  0
HATCH
  5
ACB
330
17
100
AcDbEntity
  8
CHAPA
 62
1
100
AcDbHatch
 10
0.0
 20
0.0
 30
0.0
210
0.0
220
0.0
230
1.0
  2
SOLID
 70
1
 71
0
 91
1
 92
3
 72
0
 73
1
 93
4
 10
1290.1999999999998
 20
1575.8
 10
1292.1999999999998
 20
1575.8
 10
1292.1999999999998
 20
1577.8
 10
1290.1999999999998
 20
1577.8
 97
0
 75
0
 76
1
 98
0
  0
LWPOLYLINE
  5
ACC
330
17
100
AcDbEntity
  8
CHAPA
 62
1
100
AcDbPolyline
 90
4
 70
1
 10
1361.6
 20
1575.8
 10
1363.6
 20
1575.8
 10
1363.6
 20
1577.8
 10
1361.6
 20
1577.8
  0
HATCH
  5
ACD
330
17
100
AcDbEntity
  8
CHAPA
 62
1
100
AcDbHatch
 10
0.0
 20
0.0
 30
0.0
210
0.0
220
0.0
230
1.0
  2
SOLID
 70
1
 71
0
 91
1
 92
3
 72
0
 73
1
 93
4
 10
1361.6
 20
1575.8
 10
1363.6
 20
1575.8
 10
1363.6
 20
1577.8
 10
1361.6
 20
1577.8
 97
0
 75
0
 76
1
 98
0
  0
LWPOLYLINE
  5
ACE
330
17
100
AcDbEntity
  8
CHAPA
 62
1
100
AcDbPolyline
 90
4
 70
1
 10
1361.6
 20
1606.2
 10
1363.6
 20
1606.2
 10
1363.6
 20
1608.2
 10
1361.6
 20
1608.2
  0
HATCH
  5
ACF
330
17
100
AcDbEntity
  8
CHAPA
 62
1
100
AcDbHatch
 10
0.0
 20
0.0
 30
0.0
210
0.0
220
0.0
230
1.0
  2
SOLID
 70
1
 71
0
 91
1
 92
3
 72
0
 73
1
 93
4
 10
1361.6
 20
1606.2
 10
1363.6
 20
1606.2
 10
1363.6
 20
1608.2
 10
1361.6
 20
1608.2
 97
0
 75
0
 76
1
 98
0
  0
LWPOLYLINE
  5
AD0
330
17
100
AcDbEntity
  8
CHAPA
 62
1
100
AcDbPolyline
 90
4
 70
1
 10
1290.1999999999998
 20
1606.2
 10
1292.1999999999998
 20
1606.2
 10
1292.1999999999998
 20
1608.2
 10
1290.1999999999998
 20
1608.2
  0
HATCH
  5
AD1
330
17
100
AcDbEntity
  8
CHAPA
 62
1
100
AcDbHatch
 10
0.0
 20
0.0
 30
0.0
210
0.0
220
0.0
230
1.0
  2
SOLID
 70
1
 71
0
 91
1
 92
3
 72
0
 73
1
 93
4
 10
1290.1999999999998
 20
1606.2
 10
1292.1999999999998
 20
1606.2
 10
1292.1999999999998
 20
1608.2
 10
1290.1999999999998
 20
1608.2
 97
0
 75
0
 76
1
 98
0
  0
TEXT
  5
AD2
330
17
100
AcDbEntity
  8
Texto Secao
 62
2
100
AcDbText
 10
1326.8999999999999
 20
1567.8
 30
0.0
 40
4.0
  1
A
 72
1
 11
1326.8999999999999
 21
1567.8
 31
0.0
100
AcDbText
 73
3
  0
TEXT
  5
AD3
330
17
100
AcDbEntity
  8
Texto Secao
 62
2
100
AcDbText
 10
1326.8999999999999
 20
1616.2
 30
0.0
 40
4.0
  1
C
 72
1
 11
1326.8999999999999
 21
1616.2
 31
0.0
100
AcDbText
 73
1
  0
TEXT
  5
AD4
330
17
100
AcDbEntity
  8
Texto Secao
 62
2
100
AcDbText
 10
1282.1999999999998
 20
1592.0
 30
0.0
 40
4.0
  1
D
 72
2
 11
1282.1999999999998
 21
1592.0
 31
0.0
100
AcDbText
 73
2
  0
TEXT
  5
AD5
330
17
100
AcDbEntity
  8
Texto Secao
 62
2
100
AcDbText
 10
1371.6
 20
1592.0
 30
0.0
 40
4.0
  1
B
 11
1371.6
 21
1592.0
 31
0.0
100
AcDbText
 73
2
  0
TEXT
  5
AD6
330
17
100
AcDbEntity
  8
Cota Secao (2x)
 62
4
100
AcDbText
 10
1326.8999999999999
 20
1558.8
 30
0.0
 40
3.4
  1
65x24cm
 72
1
 11
1326.8999999999999
 21
1558.8
 31
0.0
100
AcDbText
 73
3
  0
TEXT
  5
AD7
330
17
100
AcDbEntity
  8
Texto Secao
 62
2
100
AcDbText
 10
1326.8999999999999
 20
1625.2
 30
0.0
 40
4.0
  1
VISAO DE CIMA
 72
1
 11
1326.8999999999999
 21
1625.2
 31
0.0
100
AcDbText
 73
1
  0
LWPOLYLINE
  5
AD8
330
17
100
AcDbEntity
  8
Paineis
100
AcDbPolyline
 90
4
 70
1
 10
1400.6
 20
1330.0
 10
1465.6
 20
1330.0
 10
1465.6
 20
1576.0
 10
1400.6
 20
1576.0
  0
HATCH
  5
AD9
330
17
100
AcDbEntity
  8
Hachura
100
AcDbHatch
 10
0.0
 20
0.0
 30
0.0
210
0.0
220
0.0
230
1.0
  2
SOLID
 70
1
 71
0
 91
1
 92
3
 72
0
 73
1
 93
4
 10
1400.6
 20
1330.0
 10
1465.6
 20
1330.0
 10
1465.6
 20
1576.0
 10
1400.6
 20
1576.0
 97
0
 75
0
 76
1
 98
0
  0
HATCH
  5
ADA
330
17
100
AcDbEntity
  8
Hachura
100
AcDbHatch
 10
0.0
 20
0.0
 30
0.0
210
0.0
220
0.0
230
1.0
  2
ANSI31
 70
0
 71
0
 91
1
 92
3
 72
0
 73
1
 93
4
 10
1400.6
 20
1330.0
 10
1465.6
 20
1330.0
 10
1465.6
 20
1576.0
 10
1400.6
 20
1576.0
 97
0
 75
1
 76
1
 52
0.0
 41
5.0
 77
0
 78
1
 53
45.0
 43
0.0
 44
0.0
 45
-11.2253201515
 46
11.2253201515
 79
0
 98
0
  0
LWPOLYLINE
  5
ADB
330
17
100
AcDbEntity
  8
Paineis
100
AcDbPolyline
 90
4
 70
1
 10
1400.6
 20
1576.0
 10
1465.6
 20
1576.0
 10
1465.6
 20
1610.0
 10
1400.6
 20
1610.0
  0
HATCH
  5
ADC
330
17
100
AcDbEntity
  8
Hachura
100
AcDbHatch
 10
0.0
 20
0.0
 30
0.0
210
0.0
220
0.0
230
1.0
  2
SOLID
 70
1
 71
0
 91
1
 92
3
 72
0
 73
1
 93
4
 10
1400.6
 20
1576.0
 10
1465.6
 20
1576.0
 10
1465.6
 20
1610.0
 10
1400.6
 20
1610.0
 97
0
 75
0
 76
1
 98
0
  0
HATCH
  5
ADD
330
17
100
AcDbEntity
  8
Hachura
100
AcDbHatch
 10
0.0
 20
0.0
 30
0.0
210
0.0
220
0.0
230
1.0
  2
ANSI31
 70
0
 71
0
 91
1
 92
3
 72
0
 73
1
 93
4
 10
1400.6
 20
1576.0
 10
1465.6
 20
1576.0
 10
1465.6
 20
1610.0
 10
1400.6
 20
1610.0
 97
0
 75
1
 76
1
 52
0.0
 41
2.5
 77
0
 78
1
 53
45.0
 43
0.0
 44
0.0
 45
-5.6126600758
 46
5.6126600758
 79
0
 98
0
  0
LINE
  5
ADE
330
17
100
AcDbEntity
  8
Paineis
100
AcDbLine
 10
1400.6
 20
1574.0
 30
0.0
 11
1465.6
 21
1574.0
 31
0.0
  0
LINE
  5
ADF
330
17
100
AcDbEntity
  8
Paineis
100
AcDbLine
 10
1400.6
 20
1332.0
 30
0.0
 11
1465.6
 21
1332.0
 31
0.0
  0
LINE
  5
AE0
330
17
100
AcDbEntity
  8
SARR_2.2x7
  6
HIDDEN
 48
30.0
100
AcDbLine
 10
1401.6999999999998
 20
1330.0
 30
0.0
 11
1401.6999999999998
 21
1610.0
 31
0.0
  0
LINE
  5
AE1
330
17
100
AcDbEntity
  8
SARR_2.2x7
  6
HIDDEN
 48
30.0
100
AcDbLine
 10
1422.6333333333332
 20
1330.0
 30
0.0
 11
1422.6333333333332
 21
1610.0
 31
0.0
  0
LINE
  5
AE2
330
17
100
AcDbEntity
  8
SARR_2.2x7
  6
HIDDEN
 48
30.0
100
AcDbLine
 10
1443.5666666666666
 20
1330.0
 30
0.0
 11
1443.5666666666666
 21
1610.0
 31
0.0
  0
LINE
  5
AE3
330
17
100
AcDbEntity
  8
SARR_2.2x7
  6
HIDDEN
 48
30.0
100
AcDbLine
 10
1464.5
 20
1330.0
 30
0.0
 11
1464.5
 21
1610.0
 31
0.0
  0
TEXT
  5
AE4
330
17
100
AcDbEntity
  8
Texto Secao
 62
2
100
AcDbText
 10
1433.1
 20
1322.0
 30
0.0
 40
4.5
  1
P101.A
 50
90.0
100
AcDbText
  0
LWPOLYLINE
  5
AE5
330
17
100
AcDbEntity
  8
Paineis
100
AcDbPolyline
 90
4
 70
1
 10
1473.6
 20
1330.0
 10
1497.6
 20
1330.0
 10
1497.6
 20
1576.0
 10
1473.6
 20
1576.0
  0
HATCH
  5
AE6
330
17
100
AcDbEntity
  8
Hachura
100
AcDbHatch
 10
0.0
 20
0.0
 30
0.0
210
0.0
220
0.0
230
1.0
  2
SOLID
 70
1
 71
0
 91
1
 92
3
 72
0
 73
1
 93
4
 10
1473.6
 20
1330.0
 10
1497.6
 20
1330.0
 10
1497.6
 20
1576.0
 10
1473.6
 20
1576.0
 97
0
 75
0
 76
1
 98
0
  0
HATCH
  5
AE7
330
17
100
AcDbEntity
  8
Hachura
100
AcDbHatch
 10
0.0
 20
0.0
 30
0.0
210
0.0
220
0.0
230
1.0
  2
ANSI31
 70
0
 71
0
 91
1
 92
3
 72
0
 73
1
 93
4
 10
1473.6
 20
1330.0
 10
1497.6
 20
1330.0
 10
1497.6
 20
1576.0
 10
1473.6
 20
1576.0
 97
0
 75
1
 76
1
 52
0.0
 41
5.0
 77
0
 78
1
 53
45.0
 43
0.0
 44
0.0
 45
-11.2253201515
 46
11.2253201515
 79
0
 98
0
  0
LWPOLYLINE
  5
AE8
330
17
100
AcDbEntity
  8
Paineis
100
AcDbPolyline
 90
4
 70
1
 10
1473.6
 20
1576.0
 10
1497.6
 20
1576.0
 10
1497.6
 20
1610.0
 10
1473.6
 20
1610.0
  0
HATCH
  5
AE9
330
17
100
AcDbEntity
  8
Hachura
100
AcDbHatch
 10
0.0
 20
0.0
 30
0.0
210
0.0
220
0.0
230
1.0
  2
SOLID
 70
1
 71
0
 91
1
 92
3
 72
0
 73
1
 93
4
 10
1473.6
 20
1576.0
 10
1497.6
 20
1576.0
 10
1497.6
 20
1610.0
 10
1473.6
 20
1610.0
 97
0
 75
0
 76
1
 98
0
  0
HATCH
  5
AEA
330
17
100
AcDbEntity
  8
Hachura
100
AcDbHatch
 10
0.0
 20
0.0
 30
0.0
210
0.0
220
0.0
230
1.0
  2
ANSI31
 70
0
 71
0
 91
1
 92
3
 72
0
 73
1
 93
4
 10
1473.6
 20
1576.0
 10
1497.6
 20
1576.0
 10
1497.6
 20
1610.0
 10
1473.6
 20
1610.0
 97
0
 75
1
 76
1
 52
0.0
 41
2.5
 77
0
 78
1
 53
45.0
 43
0.0
 44
0.0
 45
-5.6126600758
 46
5.6126600758
 79
0
 98
0
  0
LINE
  5
AEB
330
17
100
AcDbEntity
  8
Paineis
100
AcDbLine
 10
1473.6
 20
1574.0
 30
0.0
 11
1497.6
 21
1574.0
 31
0.0
  0
LINE
  5
AEC
330
17
100
AcDbEntity
  8
Paineis
100
AcDbLine
 10
1473.6
 20
1332.0
 30
0.0
 11
1497.6
 21
1332.0
 31
0.0
  0
LINE
  5
AED
330
17
100
AcDbEntity
  8
SARR_2.2x7
  6
HIDDEN
 48
30.0
100
AcDbLine
 10
1474.6999999999998
 20
1330.0
 30
0.0
 11
1474.6999999999998
 21
1610.0
 31
0.0
  0
LINE
  5
AEE
330
17
100
AcDbEntity
  8
SARR_2.2x7
  6
HIDDEN
 48
30.0
100
AcDbLine
 10
1496.5
 20
1330.0
 30
0.0
 11
1496.5
 21
1610.0
 31
0.0
  0
TEXT
  5
AEF
330
17
100
AcDbEntity
  8
Texto Secao
 62
2
100
AcDbText
 10
1485.6
 20
1322.0
 30
0.0
 40
4.5
  1
P101.B
 50
90.0
100
AcDbText
  0
LWPOLYLINE
  5
AF0
330
17
100
AcDbEntity
  8
Paineis
100
AcDbPolyline
 90
4
 70
1
 10
1505.6
 20
1330.0
 10
1570.6
 20
1330.0
 10
1570.6
 20
1576.0
 10
1505.6
 20
1576.0
  0
HATCH
  5
AF1
330
17
100
AcDbEntity
  8
Hachura
100
AcDbHatch
 10
0.0
 20
0.0
 30
0.0
210
0.0
220
0.0
230
1.0
  2
SOLID
 70
1
 71
0
 91
1
 92
3
 72
0
 73
1
 93
4
 10
1505.6
 20
1330.0
 10
1570.6
 20
1330.0
 10
1570.6
 20
1576.0
 10
1505.6
 20
1576.0
 97
0
 75
0
 76
1
 98
0
  0
HATCH
  5
AF2
330
17
100
AcDbEntity
  8
Hachura
100
AcDbHatch
 10
0.0
 20
0.0
 30
0.0
210
0.0
220
0.0
230
1.0
  2
ANSI31
 70
0
 71
0
 91
1
 92
3
 72
0
 73
1
 93
4
 10
1505.6
 20
1330.0
 10
1570.6
 20
1330.0
 10
1570.6
 20
1576.0
 10
1505.6
 20
1576.0
 97
0
 75
1
 76
1
 52
0.0
 41
5.0
 77
0
 78
1
 53
45.0
 43
0.0
 44
0.0
 45
-11.2253201515
 46
11.2253201515
 79
0
 98
0
  0
LWPOLYLINE
  5
AF3
330
17
100
AcDbEntity
  8
Paineis
100
AcDbPolyline
 90
4
 70
1
 10
1505.6
 20
1576.0
 10
1570.6
 20
1576.0
 10
1570.6
 20
1610.0
 10
1505.6
 20
1610.0
  0
HATCH
  5
AF4
330
17
100
AcDbEntity
  8
Hachura
100
AcDbHatch
 10
0.0
 20
0.0
 30
0.0
210
0.0
220
0.0
230
1.0
  2
SOLID
 70
1
 71
0
 91
1
 92
3
 72
0
 73
1
 93
4
 10
1505.6
 20
1576.0
 10
1570.6
 20
1576.0
 10
1570.6
 20
1610.0
 10
1505.6
 20
1610.0
 97
0
 75
0
 76
1
 98
0
  0
HATCH
  5
AF5
330
17
100
AcDbEntity
  8
Hachura
100
AcDbHatch
 10
0.0
 20
0.0
 30
0.0
210
0.0
220
0.0
230
1.0
  2
ANSI31
 70
0
 71
0
 91
1
 92
3
 72
0
 73
1
 93
4
 10
1505.6
 20
1576.0
 10
1570.6
 20
1576.0
 10
1570.6
 20
1610.0
 10
1505.6
 20
1610.0
 97
0
 75
1
 76
1
 52
0.0
 41
2.5
 77
0
 78
1
 53
45.0
 43
0.0
 44
0.0
 45
-5.6126600758
 46
5.6126600758
 79
0
 98
0
  0
LINE
  5
AF6
330
17
100
AcDbEntity
  8
Paineis
100
AcDbLine
 10
1505.6
 20
1574.0
 30
0.0
 11
1570.6
 21
1574.0
 31
0.0
  0
LINE
  5
AF7
330
17
100
AcDbEntity
  8
Paineis
100
AcDbLine
 10
1505.6
 20
1332.0
 30
0.0
 11
1570.6
 21
1332.0
 31
0.0
  0
LINE
  5
AF8
330
17
100
AcDbEntity
  8
SARR_2.2x7
  6
HIDDEN
 48
30.0
100
AcDbLine
 10
1506.6999999999998
 20
1330.0
 30
0.0
 11
1506.6999999999998
 21
1610.0
 31
0.0
  0
LINE
  5
AF9
330
17
100
AcDbEntity
  8
SARR_2.2x7
  6
HIDDEN
 48
30.0
100
AcDbLine
 10
1527.6333333333332
 20
1330.0
 30
0.0
 11
1527.6333333333332
 21
1610.0
 31
0.0
  0
LINE
  5
AFA
330
17
100
AcDbEntity
  8
SARR_2.2x7
  6
HIDDEN
 48
30.0
100
AcDbLine
 10
1548.5666666666666
 20
1330.0
 30
0.0
 11
1548.5666666666666
 21
1610.0
 31
0.0
  0
LINE
  5
AFB
330
17
100
AcDbEntity
  8
SARR_2.2x7
  6
HIDDEN
 48
30.0
100
AcDbLine
 10
1569.5
 20
1330.0
 30
0.0
 11
1569.5
 21
1610.0
 31
0.0
  0
TEXT
  5
AFC
330
17
100
AcDbEntity
  8
Texto Secao
 62
2
100
AcDbText
 10
1538.1
 20
1322.0
 30
0.0
 40
4.5
  1
P101.C
 50
90.0
100
AcDbText
  0
LWPOLYLINE
  5
AFD
330
17
100
AcDbEntity
  8
Paineis
100
AcDbPolyline
 90
4
 70
1
 10
1578.6
 20
1330.0
 10
1602.6
 20
1330.0
 10
1602.6
 20
1576.0
 10
1578.6
 20
1576.0
  0
HATCH
  5
AFE
330
17
100
AcDbEntity
  8
Hachura
100
AcDbHatch
 10
0.0
 20
0.0
 30
0.0
210
0.0
220
0.0
230
1.0
  2
SOLID
 70
1
 71
0
 91
1
 92
3
 72
0
 73
1
 93
4
 10
1578.6
 20
1330.0
 10
1602.6
 20
1330.0
 10
1602.6
 20
1576.0
 10
1578.6
 20
1576.0
 97
0
 75
0
 76
1
 98
0
  0
HATCH
  5
AFF
330
17
100
AcDbEntity
  8
Hachura
100
AcDbHatch
 10
0.0
 20
0.0
 30
0.0
210
0.0
220
0.0
230
1.0
  2
ANSI31
 70
0
 71
0
 91
1
 92
3
 72
0
 73
1
 93
4
 10
1578.6
 20
1330.0
 10
1602.6
 20
1330.0
 10
1602.6
 20
1576.0
 10
1578.6
 20
1576.0
 97
0
 75
1
 76
1
 52
0.0
 41
5.0
 77
0
 78
1
 53
45.0
 43
0.0
 44
0.0
 45
-11.2253201515
 46
11.2253201515
 79
0
 98
0
  0
LWPOLYLINE
  5
B00
330
17
100
AcDbEntity
  8
Paineis
100
AcDbPolyline
 90
4
 70
1
 10
1578.6
 20
1576.0
 10
1602.6
 20
1576.0
 10
1602.6
 20
1610.0
 10
1578.6
 20
1610.0
  0
HATCH
  5
B01
330
17
100
AcDbEntity
  8
Hachura
100
AcDbHatch
 10
0.0
 20
0.0
 30
0.0
210
0.0
220
0.0
230
1.0
  2
SOLID
 70
1
 71
0
 91
1
 92
3
 72
0
 73
1
 93
4
 10
1578.6
 20
1576.0
 10
1602.6
 20
1576.0
 10
1602.6
 20
1610.0
 10
1578.6
 20
1610.0
 97
0
 75
0
 76
1
 98
0
  0
HATCH
  5
B02
330
17
100
AcDbEntity
  8
Hachura
100
AcDbHatch
 10
0.0
 20
0.0
 30
0.0
210
0.0
220
0.0
230
1.0
  2
ANSI31
 70
0
 71
0
 91
1
 92
3
 72
0
 73
1
 93
4
 10
1578.6
 20
1576.0
 10
1602.6
 20
1576.0
 10
1602.6
 20
1610.0
 10
1578.6
 20
1610.0
 97
0
 75
1
 76
1
 52
0.0
 41
2.5
 77
0
 78
1
 53
45.0
 43
0.0
 44
0.0
 45
-5.6126600758
 46
5.6126600758
 79
0
 98
0
  0
LINE
  5
B03
330
17
100
AcDbEntity
  8
Paineis
100
AcDbLine
 10
1578.6
 20
1574.0
 30
0.0
 11
1602.6
 21
1574.0
 31
0.0
  0
LINE
  5
B04
330
17
100
AcDbEntity
  8
Paineis
100
AcDbLine
 10
1578.6
 20
1332.0
 30
0.0
 11
1602.6
 21
1332.0
 31
0.0
  0
LINE
  5
B05
330
17
100
AcDbEntity
  8
SARR_2.2x7
  6
HIDDEN
 48
30.0
100
AcDbLine
 10
1579.6999999999998
 20
1330.0
 30
0.0
 11
1579.6999999999998
 21
1610.0
 31
0.0
  0
LINE
  5
B06
330
17
100
AcDbEntity
  8
SARR_2.2x7
  6
HIDDEN
 48
30.0
100
AcDbLine
 10
1601.5
 20
1330.0
 30
0.0
 11
1601.5
 21
1610.0
 31
0.0
  0
TEXT
  5
B07
330
17
100
AcDbEntity
  8
Texto Secao
 62
2
100
AcDbText
 10
1590.6
 20
1322.0
 30
0.0
 40
4.5
  1
P101.D
 50
90.0
100
AcDbText
  0
LINE
  5
B08
330
17
100
AcDbEntity
  8
COTA
 62
8
100
AcDbLine
 10
1610.6
 20
1330.0
 30
0.0
 11
1610.6
 21
1610.0
 31
0.0
  0
LINE
  5
B09
330
17
100
AcDbEntity
  8
COTA
 62
8
100
AcDbLine
 10
1608.6
 20
1330.0
 30
0.0
 11
1612.6
 21
1330.0
 31
0.0
  0
LINE
  5
B0A
330
17
100
AcDbEntity
  8
COTA
 62
8
100
AcDbLine
 10
1608.6
 20
1332.0
 30
0.0
 11
1612.6
 21
1332.0
 31
0.0
  0
TEXT
  5
B0B
330
17
100
AcDbEntity
  8
COTA
 62
8
100
AcDbText
 10
1615.6
 20
1331.0
 30
0.0
 40
3.0
  1
h1=2
100
AcDbText
  0
LINE
  5
B0C
330
17
100
AcDbEntity
  8
COTA
 62
8
100
AcDbLine
 10
1608.6
 20
1332.0
 30
0.0
 11
1612.6
 21
1332.0
 31
0.0
  0
LINE
  5
B0D
330
17
100
AcDbEntity
  8
COTA
 62
8
100
AcDbLine
 10
1608.6
 20
1576.0
 30
0.0
 11
1612.6
 21
1576.0
 31
0.0
  0
TEXT
  5
B0E
330
17
100
AcDbEntity
  8
COTA
 62
8
100
AcDbText
 10
1615.6
 20
1454.0
 30
0.0
 40
3.0
  1
h2=244
100
AcDbText
  0
LINE
  5
B0F
330
17
100
AcDbEntity
  8
COTA
 62
8
100
AcDbLine
 10
1608.6
 20
1576.0
 30
0.0
 11
1612.6
 21
1576.0
 31
0.0
  0
LINE
  5
B10
330
17
100
AcDbEntity
  8
COTA
 62
8
100
AcDbLine
 10
1608.6
 20
1610.0
 30
0.0
 11
1612.6
 21
1610.0
 31
0.0
  0
TEXT
  5
B11
330
17
100
AcDbEntity
  8
COTA
 62
8
100
AcDbText
 10
1615.6
 20
1593.0
 30
0.0
 40
3.0
  1
h3=34
100
AcDbText
  0
TEXT
  5
B12
330
17
100
AcDbEntity
  8
COTA
 62
8
100
AcDbText
 10
1615.6
 20
1613.0
 30
0.0
 40
3.5
  1
TOTAL=280
100
AcDbText
  0
LINE
  5
B13
330
17
100
AcDbEntity
  8
Nivel
 62
4
100
AcDbLine
 10
1265.1999999999998
 20
1330.0
 30
0.0
 11
1615.6
 21
1330.0
 31
0.0
  0
LINE
  5
B14
330
17
100
AcDbEntity
  8
Nivel
 62
4
100
AcDbLine
 10
1264.1999999999998
 20
1335.0
 30
0.0
 11
1267.1999999999998
 21
1330.0
 31
0.0
  0
LINE
  5
B15
330
17
100
AcDbEntity
  8
Nivel
 62
4
100
AcDbLine
 10
1270.1999999999998
 20
1335.0
 30
0.0
 11
1267.1999999999998
 21
1330.0
 31
0.0
  0
TEXT
  5
B16
330
17
100
AcDbEntity
  8
Nivel
 62
4
100
AcDbText
 10
1272.1999999999998
 20
1331.0
 30
0.0
 40
4.0
  1
1o PAV.
100
AcDbText
  0
LINE
  5
B17
330
17
100
AcDbEntity
  8
Nivel
 62
4
100
AcDbLine
 10
1265.1999999999998
 20
1576.0
 30
0.0
 11
1615.6
 21
1576.0
 31
0.0
  0
LINE
  5
B18
330
17
100
AcDbEntity
  8
Nivel
 62
4
100
AcDbLine
 10
1264.1999999999998
 20
1581.0
 30
0.0
 11
1267.1999999999998
 21
1576.0
 31
0.0
  0
LINE
  5
B19
330
17
100
AcDbEntity
  8
Nivel
 62
4
100
AcDbLine
 10
1270.1999999999998
 20
1581.0
 30
0.0
 11
1267.1999999999998
 21
1576.0
 31
0.0
  0
TEXT
  5
B1A
330
17
100
AcDbEntity
  8
Nivel
 62
4
100
AcDbText
 10
1272.1999999999998
 20
1577.0
 30
0.0
 40
4.0
  1
2o PAV.
100
AcDbText
  0
LWPOLYLINE
  5
B1B
330
17
100
AcDbEntity
  8
CARIMBO
 62
40
100
AcDbPolyline
 90
4
 70
1
 10
1263.1999999999998
 20
1275.0
 10
1639.6
 20
1275.0
 10
1639.6
 20
1315.0
 10
1263.1999999999998
 20
1315.0
  0
LINE
  5
B1C
330
17
100
AcDbEntity
  8
CARIMBO
 62
40
100
AcDbLine
 10
1263.1999999999998
 20
1285.0
 30
0.0
 11
1639.6
 21
1285.0
 31
0.0
  0
LINE
  5
B1D
330
17
100
AcDbEntity
  8
CARIMBO
 62
40
100
AcDbLine
 10
1263.1999999999998
 20
1295.0
 30
0.0
 11
1639.6
 21
1295.0
 31
0.0
  0
LINE
  5
B1E
330
17
100
AcDbEntity
  8
CARIMBO
 62
40
100
AcDbLine
 10
1263.1999999999998
 20
1305.0
 30
0.0
 11
1639.6
 21
1305.0
 31
0.0
  0
LINE
  5
B1F
330
17
100
AcDbEntity
  8
CARIMBO
 62
40
100
AcDbLine
 10
1394.9399999999998
 20
1275.0
 30
0.0
 11
1394.9399999999998
 21
1315.0
 31
0.0
  0
TEXT
  5
B20
330
17
100
AcDbEntity
  8
CARIMBO
 62
9
100
AcDbText
 10
1266.1999999999998
 20
1310.0
 30
0.0
 40
3.0
  1
CLIENTE:
100
AcDbText
  0
TEXT
  5
B21
330
17
100
AcDbEntity
  8
TEXTO_GERAL
 62
2
100
AcDbText
 10
1397.9399999999998
 20
1310.0
 30
0.0
 40
3.0
  1
ALIMONTI
100
AcDbText
  0
TEXT
  5
B22
330
17
100
AcDbEntity
  8
CARIMBO
 62
9
100
AcDbText
 10
1266.1999999999998
 20
1300.0
 30
0.0
 40
3.0
  1
OBRA:
100
AcDbText
  0
TEXT
  5
B23
330
17
100
AcDbEntity
  8
TEXTO_GERAL
 62
2
100
AcDbText
 10
1397.9399999999998
 20
1300.0
 30
0.0
 40
3.0
  1
Obra_TREINO_1
100
AcDbText
  0
TEXT
  5
B24
330
17
100
AcDbEntity
  8
CARIMBO
 62
9
100
AcDbText
 10
1266.1999999999998
 20
1290.0
 30
0.0
 40
3.0
  1
PAVIMENTO:
100
AcDbText
  0
TEXT
  5
B25
330
17
100
AcDbEntity
  8
TEXTO_GERAL
 62
2
100
AcDbText
 10
1397.9399999999998
 20
1290.0
 30
0.0
 40
3.0
  1
TERREO
100
AcDbText
  0
TEXT
  5
B26
330
17
100
AcDbEntity
  8
CARIMBO
 62
9
100
AcDbText
 10
1266.1999999999998
 20
1280.0
 30
0.0
 40
3.0
  1
PROJETO:
100
AcDbText
  0
TEXT
  5
B27
330
17
100
AcDbEntity
  8
TEXTO_GERAL
 62
2
100
AcDbText
 10
1397.9399999999998
 20
1280.0
 30
0.0
 40
3.0
  1
PILARES
100
AcDbText
  0
TEXT
  5
B28
330
17
100
AcDbEntity
  8
LABEL_ID
 62
3
100
AcDbText
 10
1624.6
 20
1280.0
 30
0.0
 40
8.0
  1
19
100
AcDbText
  0
LWPOLYLINE
  5
B29
330
17
100
AcDbEntity
  8
BORDA_CELULA
 62
9
100
AcDbPolyline
 90
4
 70
1
 10
1659.6
 20
1275.0
 10
2087.0
 20
1275.0
 10
2087.0
 20
1680.0
 10
1659.6
 20
1680.0
  0
TEXT
  5
B2A
330
17
100
AcDbEntity
  8
TEXTO_GERAL
 62
2
100
AcDbText
 10
2077.0
 20
1675.0
 30
0.0
 40
3.0
  1
TÉRREO - PD: 280.00
 72
2
 11
2077.0
 21
1675.0
 31
0.0
100
AcDbText
  0
TEXT
  5
B2B
330
17
100
AcDbEntity
  8
TEXTO_GERAL
 62
2
100
AcDbText
 10
2077.0
 20
1670.0
 30
0.0
 40
3.0
  1
NIVEL DE SAIDA: 280.00
 72
2
 11
2077.0
 21
1670.0
 31
0.0
100
AcDbText
  0
TEXT
  5
B2C
330
17
100
AcDbEntity
  8
TEXTO_GERAL
 62
2
100
AcDbText
 10
2077.0
 20
1665.0
 30
0.0
 40
3.0
  1
NIVEL DE CHEGADA: 0.00
 72
2
 11
2077.0
 21
1665.0
 31
0.0
100
AcDbText
  0
TEXT
  5
B2D
330
17
100
AcDbEntity
  8
NOMENCLATURA
 62
1
100
AcDbText
 10
1679.6
 20
1668.0
 30
0.0
 40
10.0
  1
P102
100
AcDbText
  0
LWPOLYLINE
  5
B2E
330
17
100
AcDbEntity
  8
CONCRETO
 62
4
100
AcDbPolyline
 90
4
 70
1
 10
1690.8
 20
1580.0
 10
1772.8
 20
1580.0
 10
1772.8
 20
1604.0
 10
1690.8
 20
1604.0
  0
HATCH
  5
B2F
330
17
100
AcDbEntity
  8
COTA
100
AcDbHatch
 10
0.0
 20
0.0
 30
0.0
210
0.0
220
0.0
230
1.0
  2
AR-CONC
 70
0
 71
0
 91
1
 92
3
 72
0
 73
1
 93
4
 10
1690.8
 20
1580.0
 10
1772.8
 20
1580.0
 10
1772.8
 20
1604.0
 10
1690.8
 20
1604.0
 97
0
 75
1
 76
1
 52
0.0
 41
0.03
 77
0
 78
13
 53
50.0
 43
0.0
 44
0.0
 45
5.4655400699
 46
-0.4781725662
 79
2
 49
0.5715
 49
-6.2865
 53
355.0
 43
0.0
 44
0.0
 45
-1.0573026428
 46
5.7317053572
 79
2
 49
0.4572
 49
-5.0292175251
 53
100.4514447
 43
0.45546021
 44
-0.039847605
 45
4.4082374127
 46
5.2535325574
 79
2
 49
0.485700264
 49
-5.342707338
 53
46.1842
 43
0.0
 44
1.524
 45
8.1323712268
 46
-1.261269838
 79
2
 49
0.85725
 49
-9.42975
 53
96.63555761
 43
0.677697
 44
1.418895
 45
7.1221240215
 46
7.4227837379
 79
2
 49
0.7285506942
 49
-8.0140682448
 53
351.18415117
 43
0.0
 44
1.524
 45
7.1221240219
 46
7.4227837376
 79
2
 49
0.6857990121
 49
-7.5437919576
 53
21.0
 43
0.762
 44
1.143
 45
4.5484317381
 46
-3.0679559456
 79
2
 49
0.5715
 49
-6.2865
 53
326.0
 43
0.762
 44
1.143
 45
1.8540608504
 46
5.5256389837
 79
2
 49
0.4572
 49
-5.0292
 53
71.451445
 43
1.141035978
 44
0.887337003
 45
6.4024925784
 46
2.4576830666
 79
2
 49
0.485700264
 49
-5.342698128
 53
37.5
 43
0.0
 44
0.0
 45
0.0926580975
 46
2.5366511662
 79
6
 49
0.0
 49
-4.96824
 49
0.0
 49
-5.1054
 49
0.0
 49
-5.04825
 53
7.5
 43
0.0
 44
0.0
 45
2.0045898753
 46
3.0054172445
 79
6
 49
0.0
 49
-2.91084
 49
0.0
 49
-4.85394
 49
0.0
 49
-1.92405
 53
-32.5
 43
-1.69926
 44
0.0
 45
4.067717855
 46
-0.1718623198
 79
6
 49
0.0
 49
-1.905
 49
0.0
 49
-5.9436
 49
0.0
 49
-7.8867
 53
-42.5
 43
-2.46126
 44
0.0
 45
4.4438754416
 46
0.762794731
 79
6
 49
0.0
 49
-2.4765
 49
0.0
 49
-3.94716
 49
0.0
 49
-5.6007
 98
0
  0
LWPOLYLINE
  5
B30
330
17
100
AcDbEntity
  8
Paineis
100
AcDbPolyline
 90
4
 70
1
 10
1690.8
 20
1577.8
 10
1772.8
 20
1577.8
 10
1772.8
 20
1580.0
 10
1690.8
 20
1580.0
  0
HATCH
  5
B31
330
17
100
AcDbEntity
  8
Paineis
100
AcDbHatch
 10
0.0
 20
0.0
 30
0.0
210
0.0
220
0.0
230
1.0
  2
SOLID
 70
1
 71
0
 91
1
 92
3
 72
0
 73
1
 93
4
 10
1690.8
 20
1577.8
 10
1772.8
 20
1577.8
 10
1772.8
 20
1580.0
 10
1690.8
 20
1580.0
 97
0
 75
0
 76
1
 98
0
  0
HATCH
  5
B32
330
17
100
AcDbEntity
  8
Paineis
100
AcDbHatch
 10
0.0
 20
0.0
 30
0.0
210
0.0
220
0.0
230
1.0
  2
ANSI31
 70
0
 71
0
 91
1
 92
3
 72
0
 73
1
 93
4
 10
1690.8
 20
1577.8
 10
1772.8
 20
1577.8
 10
1772.8
 20
1580.0
 10
1690.8
 20
1580.0
 97
0
 75
1
 76
1
 52
270.0
 41
0.5
 77
0
 78
1
 53
315.0
 43
-0.0
 44
-0.0
 45
1.1225320152
 46
1.1225320151
 79
0
 98
0
  0
LWPOLYLINE
  5
B33
330
17
100
AcDbEntity
  8
Paineis
100
AcDbPolyline
 90
4
 70
1
 10
1690.8
 20
1604.0
 10
1772.8
 20
1604.0
 10
1772.8
 20
1606.2
 10
1690.8
 20
1606.2
  0
HATCH
  5
B34
330
17
100
AcDbEntity
  8
Paineis
100
AcDbHatch
 10
0.0
 20
0.0
 30
0.0
210
0.0
220
0.0
230
1.0
  2
SOLID
 70
1
 71
0
 91
1
 92
3
 72
0
 73
1
 93
4
 10
1690.8
 20
1604.0
 10
1772.8
 20
1604.0
 10
1772.8
 20
1606.2
 10
1690.8
 20
1606.2
 97
0
 75
0
 76
1
 98
0
  0
HATCH
  5
B35
330
17
100
AcDbEntity
  8
Paineis
100
AcDbHatch
 10
0.0
 20
0.0
 30
0.0
210
0.0
220
0.0
230
1.0
  2
ANSI31
 70
0
 71
0
 91
1
 92
3
 72
0
 73
1
 93
4
 10
1690.8
 20
1604.0
 10
1772.8
 20
1604.0
 10
1772.8
 20
1606.2
 10
1690.8
 20
1606.2
 97
0
 75
1
 76
1
 52
270.0
 41
0.5
 77
0
 78
1
 53
315.0
 43
-0.0
 44
-0.0
 45
1.1225320152
 46
1.1225320151
 79
0
 98
0
  0
LWPOLYLINE
  5
B36
330
17
100
AcDbEntity
  8
Paineis
100
AcDbPolyline
 90
4
 70
1
 10
1688.6
 20
1580.0
 10
1690.8
 20
1580.0
 10
1690.8
 20
1604.0
 10
1688.6
 20
1604.0
  0
HATCH
  5
B37
330
17
100
AcDbEntity
  8
Paineis
100
AcDbHatch
 10
0.0
 20
0.0
 30
0.0
210
0.0
220
0.0
230
1.0
  2
SOLID
 70
1
 71
0
 91
1
 92
3
 72
0
 73
1
 93
4
 10
1688.6
 20
1580.0
 10
1690.8
 20
1580.0
 10
1690.8
 20
1604.0
 10
1688.6
 20
1604.0
 97
0
 75
0
 76
1
 98
0
  0
HATCH
  5
B38
330
17
100
AcDbEntity
  8
Paineis
100
AcDbHatch
 10
0.0
 20
0.0
 30
0.0
210
0.0
220
0.0
230
1.0
  2
ANSI31
 70
0
 71
0
 91
1
 92
3
 72
0
 73
1
 93
4
 10
1688.6
 20
1580.0
 10
1690.8
 20
1580.0
 10
1690.8
 20
1604.0
 10
1688.6
 20
1604.0
 97
0
 75
1
 76
1
 52
270.0
 41
0.5
 77
0
 78
1
 53
315.0
 43
-0.0
 44
-0.0
 45
1.1225320152
 46
1.1225320151
 79
0
 98
0
  0
LWPOLYLINE
  5
B39
330
17
100
AcDbEntity
  8
Paineis
100
AcDbPolyline
 90
4
 70
1
 10
1772.8
 20
1580.0
 10
1775.0
 20
1580.0
 10
1775.0
 20
1604.0
 10
1772.8
 20
1604.0
  0
HATCH
  5
B3A
330
17
100
AcDbEntity
  8
Paineis
100
AcDbHatch
 10
0.0
 20
0.0
 30
0.0
210
0.0
220
0.0
230
1.0
  2
SOLID
 70
1
 71
0
 91
1
 92
3
 72
0
 73
1
 93
4
 10
1772.8
 20
1580.0
 10
1775.0
 20
1580.0
 10
1775.0
 20
1604.0
 10
1772.8
 20
1604.0
 97
0
 75
0
 76
1
 98
0
  0
HATCH
  5
B3B
330
17
100
AcDbEntity
  8
Paineis
100
AcDbHatch
 10
0.0
 20
0.0
 30
0.0
210
0.0
220
0.0
230
1.0
  2
ANSI31
 70
0
 71
0
 91
1
 92
3
 72
0
 73
1
 93
4
 10
1772.8
 20
1580.0
 10
1775.0
 20
1580.0
 10
1775.0
 20
1604.0
 10
1772.8
 20
1604.0
 97
0
 75
1
 76
1
 52
270.0
 41
0.5
 77
0
 78
1
 53
315.0
 43
-0.0
 44
-0.0
 45
1.1225320152
 46
1.1225320151
 79
0
 98
0
  0
LWPOLYLINE
  5
B3C
330
17
100
AcDbEntity
  8
SARR_2.2x7
100
AcDbPolyline
 90
4
 70
1
 10
1690.8
 20
1570.8
 10
1693.0
 20
1570.8
 10
1693.0
 20
1577.8
 10
1690.8
 20
1577.8
  0
HATCH
  5
B3D
330
17
100
AcDbEntity
  8
SARR_2.2x7
100
AcDbHatch
 10
0.0
 20
0.0
 30
0.0
210
0.0
220
0.0
230
1.0
  2
SOLID
 70
1
 71
0
 91
1
 92
3
 72
0
 73
1
 93
4
 10
1690.8
 20
1570.8
 10
1693.0
 20
1570.8
 10
1693.0
 20
1577.8
 10
1690.8
 20
1577.8
 97
0
 75
0
 76
1
 98
0
  0
HATCH
  5
B3E
330
17
100
AcDbEntity
  8
SARR_2.2x7
100
AcDbHatch
 10
0.0
 20
0.0
 30
0.0
210
0.0
220
0.0
230
1.0
  2
ANSI31
 70
0
 71
0
 91
1
 92
3
 72
0
 73
1
 93
4
 10
1690.8
 20
1570.8
 10
1693.0
 20
1570.8
 10
1693.0
 20
1577.8
 10
1690.8
 20
1577.8
 97
0
 75
1
 76
1
 52
270.0
 41
0.5
 77
0
 78
1
 53
315.0
 43
-0.0
 44
-0.0
 45
1.1225320152
 46
1.1225320151
 79
0
 98
0
  0
LWPOLYLINE
  5
B3F
330
17
100
AcDbEntity
  8
SARR_2.2x7
100
AcDbPolyline
 90
4
 70
1
 10
1710.75
 20
1570.8
 10
1712.95
 20
1570.8
 10
1712.95
 20
1577.8
 10
1710.75
 20
1577.8
  0
HATCH
  5
B40
330
17
100
AcDbEntity
  8
SARR_2.2x7
100
AcDbHatch
 10
0.0
 20
0.0
 30
0.0
210
0.0
220
0.0
230
1.0
  2
SOLID
 70
1
 71
0
 91
1
 92
3
 72
0
 73
1
 93
4
 10
1710.75
 20
1570.8
 10
1712.95
 20
1570.8
 10
1712.95
 20
1577.8
 10
1710.75
 20
1577.8
 97
0
 75
0
 76
1
 98
0
  0
HATCH
  5
B41
330
17
100
AcDbEntity
  8
SARR_2.2x7
100
AcDbHatch
 10
0.0
 20
0.0
 30
0.0
210
0.0
220
0.0
230
1.0
  2
ANSI31
 70
0
 71
0
 91
1
 92
3
 72
0
 73
1
 93
4
 10
1710.75
 20
1570.8
 10
1712.95
 20
1570.8
 10
1712.95
 20
1577.8
 10
1710.75
 20
1577.8
 97
0
 75
1
 76
1
 52
270.0
 41
0.5
 77
0
 78
1
 53
315.0
 43
-0.0
 44
-0.0
 45
1.1225320152
 46
1.1225320151
 79
0
 98
0
  0
LWPOLYLINE
  5
B42
330
17
100
AcDbEntity
  8
SARR_2.2x7
100
AcDbPolyline
 90
4
 70
1
 10
1730.7
 20
1570.8
 10
1732.9
 20
1570.8
 10
1732.9
 20
1577.8
 10
1730.7
 20
1577.8
  0
HATCH
  5
B43
330
17
100
AcDbEntity
  8
SARR_2.2x7
100
AcDbHatch
 10
0.0
 20
0.0
 30
0.0
210
0.0
220
0.0
230
1.0
  2
SOLID
 70
1
 71
0
 91
1
 92
3
 72
0
 73
1
 93
4
 10
1730.7
 20
1570.8
 10
1732.9
 20
1570.8
 10
1732.9
 20
1577.8
 10
1730.7
 20
1577.8
 97
0
 75
0
 76
1
 98
0
  0
HATCH
  5
B44
330
17
100
AcDbEntity
  8
SARR_2.2x7
100
AcDbHatch
 10
0.0
 20
0.0
 30
0.0
210
0.0
220
0.0
230
1.0
  2
ANSI31
 70
0
 71
0
 91
1
 92
3
 72
0
 73
1
 93
4
 10
1730.7
 20
1570.8
 10
1732.9
 20
1570.8
 10
1732.9
 20
1577.8
 10
1730.7
 20
1577.8
 97
0
 75
1
 76
1
 52
270.0
 41
0.5
 77
0
 78
1
 53
315.0
 43
-0.0
 44
-0.0
 45
1.1225320152
 46
1.1225320151
 79
0
 98
0
  0
LWPOLYLINE
  5
B45
330
17
100
AcDbEntity
  8
SARR_2.2x7
100
AcDbPolyline
 90
4
 70
1
 10
1750.65
 20
1570.8
 10
1752.8500000000001
 20
1570.8
 10
1752.8500000000001
 20
1577.8
 10
1750.65
 20
1577.8
  0
HATCH
  5
B46
330
17
100
AcDbEntity
  8
SARR_2.2x7
100
AcDbHatch
 10
0.0
 20
0.0
 30
0.0
210
0.0
220
0.0
230
1.0
  2
SOLID
 70
1
 71
0
 91
1
 92
3
 72
0
 73
1
 93
4
 10
1750.65
 20
1570.8
 10
1752.8500000000001
 20
1570.8
 10
1752.8500000000001
 20
1577.8
 10
1750.65
 20
1577.8
 97
0
 75
0
 76
1
 98
0
  0
HATCH
  5
B47
330
17
100
AcDbEntity
  8
SARR_2.2x7
100
AcDbHatch
 10
0.0
 20
0.0
 30
0.0
210
0.0
220
0.0
230
1.0
  2
ANSI31
 70
0
 71
0
 91
1
 92
3
 72
0
 73
1
 93
4
 10
1750.65
 20
1570.8
 10
1752.8500000000001
 20
1570.8
 10
1752.8500000000001
 20
1577.8
 10
1750.65
 20
1577.8
 97
0
 75
1
 76
1
 52
270.0
 41
0.5
 77
0
 78
1
 53
315.0
 43
-0.0
 44
-0.0
 45
1.1225320152
 46
1.1225320151
 79
0
 98
0
  0
LWPOLYLINE
  5
B48
330
17
100
AcDbEntity
  8
SARR_2.2x7
100
AcDbPolyline
 90
4
 70
1
 10
1770.6000000000001
 20
1570.8
 10
1772.8000000000002
 20
1570.8
 10
1772.8000000000002
 20
1577.8
 10
1770.6000000000001
 20
1577.8
  0
HATCH
  5
B49
330
17
100
AcDbEntity
  8
SARR_2.2x7
100
AcDbHatch
 10
0.0
 20
0.0
 30
0.0
210
0.0
220
0.0
230
1.0
  2
SOLID
 70
1
 71
0
 91
1
 92
3
 72
0
 73
1
 93
4
 10
1770.6000000000001
 20
1570.8
 10
1772.8000000000002
 20
1570.8
 10
1772.8000000000002
 20
1577.8
 10
1770.6000000000001
 20
1577.8
 97
0
 75
0
 76
1
 98
0
  0
HATCH
  5
B4A
330
17
100
AcDbEntity
  8
SARR_2.2x7
100
AcDbHatch
 10
0.0
 20
0.0
 30
0.0
210
0.0
220
0.0
230
1.0
  2
ANSI31
 70
0
 71
0
 91
1
 92
3
 72
0
 73
1
 93
4
 10
1770.6000000000001
 20
1570.8
 10
1772.8000000000002
 20
1570.8
 10
1772.8000000000002
 20
1577.8
 10
1770.6000000000001
 20
1577.8
 97
0
 75
1
 76
1
 52
270.0
 41
0.5
 77
0
 78
1
 53
315.0
 43
-0.0
 44
-0.0
 45
1.1225320152
 46
1.1225320151
 79
0
 98
0
  0
LWPOLYLINE
  5
B4B
330
17
100
AcDbEntity
  8
SARR_2.2x7
100
AcDbPolyline
 90
4
 70
1
 10
1690.8
 20
1606.2
 10
1693.0
 20
1606.2
 10
1693.0
 20
1613.2
 10
1690.8
 20
1613.2
  0
HATCH
  5
B4C
330
17
100
AcDbEntity
  8
SARR_2.2x7
100
AcDbHatch
 10
0.0
 20
0.0
 30
0.0
210
0.0
220
0.0
230
1.0
  2
SOLID
 70
1
 71
0
 91
1
 92
3
 72
0
 73
1
 93
4
 10
1690.8
 20
1606.2
 10
1693.0
 20
1606.2
 10
1693.0
 20
1613.2
 10
1690.8
 20
1613.2
 97
0
 75
0
 76
1
 98
0
  0
HATCH
  5
B4D
330
17
100
AcDbEntity
  8
SARR_2.2x7
100
AcDbHatch
 10
0.0
 20
0.0
 30
0.0
210
0.0
220
0.0
230
1.0
  2
ANSI31
 70
0
 71
0
 91
1
 92
3
 72
0
 73
1
 93
4
 10
1690.8
 20
1606.2
 10
1693.0
 20
1606.2
 10
1693.0
 20
1613.2
 10
1690.8
 20
1613.2
 97
0
 75
1
 76
1
 52
270.0
 41
0.5
 77
0
 78
1
 53
315.0
 43
-0.0
 44
-0.0
 45
1.1225320152
 46
1.1225320151
 79
0
 98
0
  0
LWPOLYLINE
  5
B4E
330
17
100
AcDbEntity
  8
SARR_2.2x7
100
AcDbPolyline
 90
4
 70
1
 10
1710.75
 20
1606.2
 10
1712.95
 20
1606.2
 10
1712.95
 20
1613.2
 10
1710.75
 20
1613.2
  0
HATCH
  5
B4F
330
17
100
AcDbEntity
  8
SARR_2.2x7
100
AcDbHatch
 10
0.0
 20
0.0
 30
0.0
210
0.0
220
0.0
230
1.0
  2
SOLID
 70
1
 71
0
 91
1
 92
3
 72
0
 73
1
 93
4
 10
1710.75
 20
1606.2
 10
1712.95
 20
1606.2
 10
1712.95
 20
1613.2
 10
1710.75
 20
1613.2
 97
0
 75
0
 76
1
 98
0
  0
HATCH
  5
B50
330
17
100
AcDbEntity
  8
SARR_2.2x7
100
AcDbHatch
 10
0.0
 20
0.0
 30
0.0
210
0.0
220
0.0
230
1.0
  2
ANSI31
 70
0
 71
0
 91
1
 92
3
 72
0
 73
1
 93
4
 10
1710.75
 20
1606.2
 10
1712.95
 20
1606.2
 10
1712.95
 20
1613.2
 10
1710.75
 20
1613.2
 97
0
 75
1
 76
1
 52
270.0
 41
0.5
 77
0
 78
1
 53
315.0
 43
-0.0
 44
-0.0
 45
1.1225320152
 46
1.1225320151
 79
0
 98
0
  0
LWPOLYLINE
  5
B51
330
17
100
AcDbEntity
  8
SARR_2.2x7
100
AcDbPolyline
 90
4
 70
1
 10
1730.7
 20
1606.2
 10
1732.9
 20
1606.2
 10
1732.9
 20
1613.2
 10
1730.7
 20
1613.2
  0
HATCH
  5
B52
330
17
100
AcDbEntity
  8
SARR_2.2x7
100
AcDbHatch
 10
0.0
 20
0.0
 30
0.0
210
0.0
220
0.0
230
1.0
  2
SOLID
 70
1
 71
0
 91
1
 92
3
 72
0
 73
1
 93
4
 10
1730.7
 20
1606.2
 10
1732.9
 20
1606.2
 10
1732.9
 20
1613.2
 10
1730.7
 20
1613.2
 97
0
 75
0
 76
1
 98
0
  0
HATCH
  5
B53
330
17
100
AcDbEntity
  8
SARR_2.2x7
100
AcDbHatch
 10
0.0
 20
0.0
 30
0.0
210
0.0
220
0.0
230
1.0
  2
ANSI31
 70
0
 71
0
 91
1
 92
3
 72
0
 73
1
 93
4
 10
1730.7
 20
1606.2
 10
1732.9
 20
1606.2
 10
1732.9
 20
1613.2
 10
1730.7
 20
1613.2
 97
0
 75
1
 76
1
 52
270.0
 41
0.5
 77
0
 78
1
 53
315.0
 43
-0.0
 44
-0.0
 45
1.1225320152
 46
1.1225320151
 79
0
 98
0
  0
LWPOLYLINE
  5
B54
330
17
100
AcDbEntity
  8
SARR_2.2x7
100
AcDbPolyline
 90
4
 70
1
 10
1750.65
 20
1606.2
 10
1752.8500000000001
 20
1606.2
 10
1752.8500000000001
 20
1613.2
 10
1750.65
 20
1613.2
  0
HATCH
  5
B55
330
17
100
AcDbEntity
  8
SARR_2.2x7
100
AcDbHatch
 10
0.0
 20
0.0
 30
0.0
210
0.0
220
0.0
230
1.0
  2
SOLID
 70
1
 71
0
 91
1
 92
3
 72
0
 73
1
 93
4
 10
1750.65
 20
1606.2
 10
1752.8500000000001
 20
1606.2
 10
1752.8500000000001
 20
1613.2
 10
1750.65
 20
1613.2
 97
0
 75
0
 76
1
 98
0
  0
HATCH
  5
B56
330
17
100
AcDbEntity
  8
SARR_2.2x7
100
AcDbHatch
 10
0.0
 20
0.0
 30
0.0
210
0.0
220
0.0
230
1.0
  2
ANSI31
 70
0
 71
0
 91
1
 92
3
 72
0
 73
1
 93
4
 10
1750.65
 20
1606.2
 10
1752.8500000000001
 20
1606.2
 10
1752.8500000000001
 20
1613.2
 10
1750.65
 20
1613.2
 97
0
 75
1
 76
1
 52
270.0
 41
0.5
 77
0
 78
1
 53
315.0
 43
-0.0
 44
-0.0
 45
1.1225320152
 46
1.1225320151
 79
0
 98
0
  0
LWPOLYLINE
  5
B57
330
17
100
AcDbEntity
  8
SARR_2.2x7
100
AcDbPolyline
 90
4
 70
1
 10
1770.6000000000001
 20
1606.2
 10
1772.8000000000002
 20
1606.2
 10
1772.8000000000002
 20
1613.2
 10
1770.6000000000001
 20
1613.2
  0
HATCH
  5
B58
330
17
100
AcDbEntity
  8
SARR_2.2x7
100
AcDbHatch
 10
0.0
 20
0.0
 30
0.0
210
0.0
220
0.0
230
1.0
  2
SOLID
 70
1
 71
0
 91
1
 92
3
 72
0
 73
1
 93
4
 10
1770.6000000000001
 20
1606.2
 10
1772.8000000000002
 20
1606.2
 10
1772.8000000000002
 20
1613.2
 10
1770.6000000000001
 20
1613.2
 97
0
 75
0
 76
1
 98
0
  0
HATCH
  5
B59
330
17
100
AcDbEntity
  8
SARR_2.2x7
100
AcDbHatch
 10
0.0
 20
0.0
 30
0.0
210
0.0
220
0.0
230
1.0
  2
ANSI31
 70
0
 71
0
 91
1
 92
3
 72
0
 73
1
 93
4
 10
1770.6000000000001
 20
1606.2
 10
1772.8000000000002
 20
1606.2
 10
1772.8000000000002
 20
1613.2
 10
1770.6000000000001
 20
1613.2
 97
0
 75
1
 76
1
 52
270.0
 41
0.5
 77
0
 78
1
 53
315.0
 43
-0.0
 44
-0.0
 45
1.1225320152
 46
1.1225320151
 79
0
 98
0
  0
LWPOLYLINE
  5
B5A
330
17
100
AcDbEntity
  8
SARR_2.2x7
100
AcDbPolyline
 90
4
 70
1
 10
1681.6
 20
1580.0
 10
1688.6
 20
1580.0
 10
1688.6
 20
1582.2
 10
1681.6
 20
1582.2
  0
HATCH
  5
B5B
330
17
100
AcDbEntity
  8
SARR_2.2x7
100
AcDbHatch
 10
0.0
 20
0.0
 30
0.0
210
0.0
220
0.0
230
1.0
  2
SOLID
 70
1
 71
0
 91
1
 92
3
 72
0
 73
1
 93
4
 10
1681.6
 20
1580.0
 10
1688.6
 20
1580.0
 10
1688.6
 20
1582.2
 10
1681.6
 20
1582.2
 97
0
 75
0
 76
1
 98
0
  0
HATCH
  5
B5C
330
17
100
AcDbEntity
  8
SARR_2.2x7
100
AcDbHatch
 10
0.0
 20
0.0
 30
0.0
210
0.0
220
0.0
230
1.0
  2
ANSI31
 70
0
 71
0
 91
1
 92
3
 72
0
 73
1
 93
4
 10
1681.6
 20
1580.0
 10
1688.6
 20
1580.0
 10
1688.6
 20
1582.2
 10
1681.6
 20
1582.2
 97
0
 75
1
 76
1
 52
270.0
 41
0.5
 77
0
 78
1
 53
315.0
 43
-0.0
 44
-0.0
 45
1.1225320152
 46
1.1225320151
 79
0
 98
0
  0
LWPOLYLINE
  5
B5D
330
17
100
AcDbEntity
  8
SARR_2.2x7
100
AcDbPolyline
 90
4
 70
1
 10
1681.6
 20
1601.8000000000002
 10
1688.6
 20
1601.8000000000002
 10
1688.6
 20
1604.0000000000002
 10
1681.6
 20
1604.0000000000002
  0
HATCH
  5
B5E
330
17
100
AcDbEntity
  8
SARR_2.2x7
100
AcDbHatch
 10
0.0
 20
0.0
 30
0.0
210
0.0
220
0.0
230
1.0
  2
SOLID
 70
1
 71
0
 91
1
 92
3
 72
0
 73
1
 93
4
 10
1681.6
 20
1601.8000000000002
 10
1688.6
 20
1601.8000000000002
 10
1688.6
 20
1604.0000000000002
 10
1681.6
 20
1604.0000000000002
 97
0
 75
0
 76
1
 98
0
  0
HATCH
  5
B5F
330
17
100
AcDbEntity
  8
SARR_2.2x7
100
AcDbHatch
 10
0.0
 20
0.0
 30
0.0
210
0.0
220
0.0
230
1.0
  2
ANSI31
 70
0
 71
0
 91
1
 92
3
 72
0
 73
1
 93
4
 10
1681.6
 20
1601.8000000000002
 10
1688.6
 20
1601.8000000000002
 10
1688.6
 20
1604.0000000000002
 10
1681.6
 20
1604.0000000000002
 97
0
 75
1
 76
1
 52
270.0
 41
0.5
 77
0
 78
1
 53
315.0
 43
-0.0
 44
-0.0
 45
1.1225320152
 46
1.1225320151
 79
0
 98
0
  0
LWPOLYLINE
  5
B60
330
17
100
AcDbEntity
  8
SARR_2.2x7
100
AcDbPolyline
 90
4
 70
1
 10
1775.0
 20
1580.0
 10
1782.0
 20
1580.0
 10
1782.0
 20
1582.2
 10
1775.0
 20
1582.2
  0
HATCH
  5
B61
330
17
100
AcDbEntity
  8
SARR_2.2x7
100
AcDbHatch
 10
0.0
 20
0.0
 30
0.0
210
0.0
220
0.0
230
1.0
  2
SOLID
 70
1
 71
0
 91
1
 92
3
 72
0
 73
1
 93
4
 10
1775.0
 20
1580.0
 10
1782.0
 20
1580.0
 10
1782.0
 20
1582.2
 10
1775.0
 20
1582.2
 97
0
 75
0
 76
1
 98
0
  0
HATCH
  5
B62
330
17
100
AcDbEntity
  8
SARR_2.2x7
100
AcDbHatch
 10
0.0
 20
0.0
 30
0.0
210
0.0
220
0.0
230
1.0
  2
ANSI31
 70
0
 71
0
 91
1
 92
3
 72
0
 73
1
 93
4
 10
1775.0
 20
1580.0
 10
1782.0
 20
1580.0
 10
1782.0
 20
1582.2
 10
1775.0
 20
1582.2
 97
0
 75
1
 76
1
 52
270.0
 41
0.5
 77
0
 78
1
 53
315.0
 43
-0.0
 44
-0.0
 45
1.1225320152
 46
1.1225320151
 79
0
 98
0
  0
LWPOLYLINE
  5
B63
330
17
100
AcDbEntity
  8
SARR_2.2x7
100
AcDbPolyline
 90
4
 70
1
 10
1775.0
 20
1601.8000000000002
 10
1782.0
 20
1601.8000000000002
 10
1782.0
 20
1604.0000000000002
 10
1775.0
 20
1604.0000000000002
  0
HATCH
  5
B64
330
17
100
AcDbEntity
  8
SARR_2.2x7
100
AcDbHatch
 10
0.0
 20
0.0
 30
0.0
210
0.0
220
0.0
230
1.0
  2
SOLID
 70
1
 71
0
 91
1
 92
3
 72
0
 73
1
 93
4
 10
1775.0
 20
1601.8000000000002
 10
1782.0
 20
1601.8000000000002
 10
1782.0
 20
1604.0000000000002
 10
1775.0
 20
1604.0000000000002
 97
0
 75
0
 76
1
 98
0
  0
HATCH
  5
B65
330
17
100
AcDbEntity
  8
SARR_2.2x7
100
AcDbHatch
 10
0.0
 20
0.0
 30
0.0
210
0.0
220
0.0
230
1.0
  2
ANSI31
 70
0
 71
0
 91
1
 92
3
 72
0
 73
1
 93
4
 10
1775.0
 20
1601.8000000000002
 10
1782.0
 20
1601.8000000000002
 10
1782.0
 20
1604.0000000000002
 10
1775.0
 20
1604.0000000000002
 97
0
 75
1
 76
1
 52
270.0
 41
0.5
 77
0
 78
1
 53
315.0
 43
-0.0
 44
-0.0
 45
1.1225320152
 46
1.1225320151
 79
0
 98
0
  0
LWPOLYLINE
  5
B66
330
17
100
AcDbEntity
  8
CHAPA
 62
1
100
AcDbPolyline
 90
4
 70
1
 10
1686.6
 20
1575.8
 10
1688.6
 20
1575.8
 10
1688.6
 20
1577.8
 10
1686.6
 20
1577.8
  0
HATCH
  5
B67
330
17
100
AcDbEntity
  8
CHAPA
 62
1
100
AcDbHatch
 10
0.0
 20
0.0
 30
0.0
210
0.0
220
0.0
230
1.0
  2
SOLID
 70
1
 71
0
 91
1
 92
3
 72
0
 73
1
 93
4
 10
1686.6
 20
1575.8
 10
1688.6
 20
1575.8
 10
1688.6
 20
1577.8
 10
1686.6
 20
1577.8
 97
0
 75
0
 76
1
 98
0
  0
LWPOLYLINE
  5
B68
330
17
100
AcDbEntity
  8
CHAPA
 62
1
100
AcDbPolyline
 90
4
 70
1
 10
1775.0
 20
1575.8
 10
1777.0
 20
1575.8
 10
1777.0
 20
1577.8
 10
1775.0
 20
1577.8
  0
HATCH
  5
B69
330
17
100
AcDbEntity
  8
CHAPA
 62
1
100
AcDbHatch
 10
0.0
 20
0.0
 30
0.0
210
0.0
220
0.0
230
1.0
  2
SOLID
 70
1
 71
0
 91
1
 92
3
 72
0
 73
1
 93
4
 10
1775.0
 20
1575.8
 10
1777.0
 20
1575.8
 10
1777.0
 20
1577.8
 10
1775.0
 20
1577.8
 97
0
 75
0
 76
1
 98
0
  0
LWPOLYLINE
  5
B6A
330
17
100
AcDbEntity
  8
CHAPA
 62
1
100
AcDbPolyline
 90
4
 70
1
 10
1775.0
 20
1606.2
 10
1777.0
 20
1606.2
 10
1777.0
 20
1608.2
 10
1775.0
 20
1608.2
  0
HATCH
  5
B6B
330
17
100
AcDbEntity
  8
CHAPA
 62
1
100
AcDbHatch
 10
0.0
 20
0.0
 30
0.0
210
0.0
220
0.0
230
1.0
  2
SOLID
 70
1
 71
0
 91
1
 92
3
 72
0
 73
1
 93
4
 10
1775.0
 20
1606.2
 10
1777.0
 20
1606.2
 10
1777.0
 20
1608.2
 10
1775.0
 20
1608.2
 97
0
 75
0
 76
1
 98
0
  0
LWPOLYLINE
  5
B6C
330
17
100
AcDbEntity
  8
CHAPA
 62
1
100
AcDbPolyline
 90
4
 70
1
 10
1686.6
 20
1606.2
 10
1688.6
 20
1606.2
 10
1688.6
 20
1608.2
 10
1686.6
 20
1608.2
  0
HATCH
  5
B6D
330
17
100
AcDbEntity
  8
CHAPA
 62
1
100
AcDbHatch
 10
0.0
 20
0.0
 30
0.0
210
0.0
220
0.0
230
1.0
  2
SOLID
 70
1
 71
0
 91
1
 92
3
 72
0
 73
1
 93
4
 10
1686.6
 20
1606.2
 10
1688.6
 20
1606.2
 10
1688.6
 20
1608.2
 10
1686.6
 20
1608.2
 97
0
 75
0
 76
1
 98
0
  0
TEXT
  5
B6E
330
17
100
AcDbEntity
  8
Texto Secao
 62
2
100
AcDbText
 10
1731.8
 20
1567.8
 30
0.0
 40
4.0
  1
A
 72
1
 11
1731.8
 21
1567.8
 31
0.0
100
AcDbText
 73
3
  0
TEXT
  5
B6F
330
17
100
AcDbEntity
  8
Texto Secao
 62
2
100
AcDbText
 10
1731.8
 20
1616.2
 30
0.0
 40
4.0
  1
C
 72
1
 11
1731.8
 21
1616.2
 31
0.0
100
AcDbText
 73
1
  0
TEXT
  5
B70
330
17
100
AcDbEntity
  8
Texto Secao
 62
2
100
AcDbText
 10
1678.6
 20
1592.0
 30
0.0
 40
4.0
  1
D
 72
2
 11
1678.6
 21
1592.0
 31
0.0
100
AcDbText
 73
2
  0
TEXT
  5
B71
330
17
100
AcDbEntity
  8
Texto Secao
 62
2
100
AcDbText
 10
1785.0
 20
1592.0
 30
0.0
 40
4.0
  1
B
 11
1785.0
 21
1592.0
 31
0.0
100
AcDbText
 73
2
  0
TEXT
  5
B72
330
17
100
AcDbEntity
  8
Cota Secao (2x)
 62
4
100
AcDbText
 10
1731.8
 20
1558.8
 30
0.0
 40
3.4
  1
82x24cm
 72
1
 11
1731.8
 21
1558.8
 31
0.0
100
AcDbText
 73
3
  0
TEXT
  5
B73
330
17
100
AcDbEntity
  8
Texto Secao
 62
2
100
AcDbText
 10
1731.8
 20
1625.2
 30
0.0
 40
4.0
  1
VISAO DE CIMA
 72
1
 11
1731.8
 21
1625.2
 31
0.0
100
AcDbText
 73
1
  0
LWPOLYLINE
  5
B74
330
17
100
AcDbEntity
  8
Paineis
100
AcDbPolyline
 90
4
 70
1
 10
1814.0
 20
1330.0
 10
1896.0
 20
1330.0
 10
1896.0
 20
1576.0
 10
1814.0
 20
1576.0
  0
HATCH
  5
B75
330
17
100
AcDbEntity
  8
Hachura
100
AcDbHatch
 10
0.0
 20
0.0
 30
0.0
210
0.0
220
0.0
230
1.0
  2
SOLID
 70
1
 71
0
 91
1
 92
3
 72
0
 73
1
 93
4
 10
1814.0
 20
1330.0
 10
1896.0
 20
1330.0
 10
1896.0
 20
1576.0
 10
1814.0
 20
1576.0
 97
0
 75
0
 76
1
 98
0
  0
HATCH
  5
B76
330
17
100
AcDbEntity
  8
Hachura
100
AcDbHatch
 10
0.0
 20
0.0
 30
0.0
210
0.0
220
0.0
230
1.0
  2
ANSI31
 70
0
 71
0
 91
1
 92
3
 72
0
 73
1
 93
4
 10
1814.0
 20
1330.0
 10
1896.0
 20
1330.0
 10
1896.0
 20
1576.0
 10
1814.0
 20
1576.0
 97
0
 75
1
 76
1
 52
0.0
 41
5.0
 77
0
 78
1
 53
45.0
 43
0.0
 44
0.0
 45
-11.2253201515
 46
11.2253201515
 79
0
 98
0
  0
LWPOLYLINE
  5
B77
330
17
100
AcDbEntity
  8
Paineis
100
AcDbPolyline
 90
4
 70
1
 10
1814.0
 20
1576.0
 10
1896.0
 20
1576.0
 10
1896.0
 20
1610.0
 10
1814.0
 20
1610.0
  0
HATCH
  5
B78
330
17
100
AcDbEntity
  8
Hachura
100
AcDbHatch
 10
0.0
 20
0.0
 30
0.0
210
0.0
220
0.0
230
1.0
  2
SOLID
 70
1
 71
0
 91
1
 92
3
 72
0
 73
1
 93
4
 10
1814.0
 20
1576.0
 10
1896.0
 20
1576.0
 10
1896.0
 20
1610.0
 10
1814.0
 20
1610.0
 97
0
 75
0
 76
1
 98
0
  0
HATCH
  5
B79
330
17
100
AcDbEntity
  8
Hachura
100
AcDbHatch
 10
0.0
 20
0.0
 30
0.0
210
0.0
220
0.0
230
1.0
  2
ANSI31
 70
0
 71
0
 91
1
 92
3
 72
0
 73
1
 93
4
 10
1814.0
 20
1576.0
 10
1896.0
 20
1576.0
 10
1896.0
 20
1610.0
 10
1814.0
 20
1610.0
 97
0
 75
1
 76
1
 52
0.0
 41
2.5
 77
0
 78
1
 53
45.0
 43
0.0
 44
0.0
 45
-5.6126600758
 46
5.6126600758
 79
0
 98
0
  0
LINE
  5
B7A
330
17
100
AcDbEntity
  8
Paineis
100
AcDbLine
 10
1814.0
 20
1574.0
 30
0.0
 11
1896.0
 21
1574.0
 31
0.0
  0
LINE
  5
B7B
330
17
100
AcDbEntity
  8
Paineis
100
AcDbLine
 10
1814.0
 20
1332.0
 30
0.0
 11
1896.0
 21
1332.0
 31
0.0
  0
LINE
  5
B7C
330
17
100
AcDbEntity
  8
SARR_2.2x7
  6
HIDDEN
 48
30.0
100
AcDbLine
 10
1815.1
 20
1330.0
 30
0.0
 11
1815.1
 21
1610.0
 31
0.0
  0
LINE
  5
B7D
330
17
100
AcDbEntity
  8
SARR_2.2x7
  6
HIDDEN
 48
30.0
100
AcDbLine
 10
1835.05
 20
1330.0
 30
0.0
 11
1835.05
 21
1610.0
 31
0.0
  0
LINE
  5
B7E
330
17
100
AcDbEntity
  8
SARR_2.2x7
  6
HIDDEN
 48
30.0
100
AcDbLine
 10
1855.0
 20
1330.0
 30
0.0
 11
1855.0
 21
1610.0
 31
0.0
  0
LINE
  5
B7F
330
17
100
AcDbEntity
  8
SARR_2.2x7
  6
HIDDEN
 48
30.0
100
AcDbLine
 10
1874.95
 20
1330.0
 30
0.0
 11
1874.95
 21
1610.0
 31
0.0
  0
LINE
  5
B80
330
17
100
AcDbEntity
  8
SARR_2.2x7
  6
HIDDEN
 48
30.0
100
AcDbLine
 10
1894.9
 20
1330.0
 30
0.0
 11
1894.9
 21
1610.0
 31
0.0
  0
TEXT
  5
B81
330
17
100
AcDbEntity
  8
Texto Secao
 62
2
100
AcDbText
 10
1855.0
 20
1322.0
 30
0.0
 40
4.5
  1
P102.A
 50
90.0
100
AcDbText
  0
LWPOLYLINE
  5
B82
330
17
100
AcDbEntity
  8
Paineis
100
AcDbPolyline
 90
4
 70
1
 10
1904.0
 20
1330.0
 10
1928.0
 20
1330.0
 10
1928.0
 20
1576.0
 10
1904.0
 20
1576.0
  0
HATCH
  5
B83
330
17
100
AcDbEntity
  8
Hachura
100
AcDbHatch
 10
0.0
 20
0.0
 30
0.0
210
0.0
220
0.0
230
1.0
  2
SOLID
 70
1
 71
0
 91
1
 92
3
 72
0
 73
1
 93
4
 10
1904.0
 20
1330.0
 10
1928.0
 20
1330.0
 10
1928.0
 20
1576.0
 10
1904.0
 20
1576.0
 97
0
 75
0
 76
1
 98
0
  0
HATCH
  5
B84
330
17
100
AcDbEntity
  8
Hachura
100
AcDbHatch
 10
0.0
 20
0.0
 30
0.0
210
0.0
220
0.0
230
1.0
  2
ANSI31
 70
0
 71
0
 91
1
 92
3
 72
0
 73
1
 93
4
 10
1904.0
 20
1330.0
 10
1928.0
 20
1330.0
 10
1928.0
 20
1576.0
 10
1904.0
 20
1576.0
 97
0
 75
1
 76
1
 52
0.0
 41
5.0
 77
0
 78
1
 53
45.0
 43
0.0
 44
0.0
 45
-11.2253201515
 46
11.2253201515
 79
0
 98
0
  0
LWPOLYLINE
  5
B85
330
17
100
AcDbEntity
  8
Paineis
100
AcDbPolyline
 90
4
 70
1
 10
1904.0
 20
1576.0
 10
1928.0
 20
1576.0
 10
1928.0
 20
1610.0
 10
1904.0
 20
1610.0
  0
HATCH
  5
B86
330
17
100
AcDbEntity
  8
Hachura
100
AcDbHatch
 10
0.0
 20
0.0
 30
0.0
210
0.0
220
0.0
230
1.0
  2
SOLID
 70
1
 71
0
 91
1
 92
3
 72
0
 73
1
 93
4
 10
1904.0
 20
1576.0
 10
1928.0
 20
1576.0
 10
1928.0
 20
1610.0
 10
1904.0
 20
1610.0
 97
0
 75
0
 76
1
 98
0
  0
HATCH
  5
B87
330
17
100
AcDbEntity
  8
Hachura
100
AcDbHatch
 10
0.0
 20
0.0
 30
0.0
210
0.0
220
0.0
230
1.0
  2
ANSI31
 70
0
 71
0
 91
1
 92
3
 72
0
 73
1
 93
4
 10
1904.0
 20
1576.0
 10
1928.0
 20
1576.0
 10
1928.0
 20
1610.0
 10
1904.0
 20
1610.0
 97
0
 75
1
 76
1
 52
0.0
 41
2.5
 77
0
 78
1
 53
45.0
 43
0.0
 44
0.0
 45
-5.6126600758
 46
5.6126600758
 79
0
 98
0
  0
LINE
  5
B88
330
17
100
AcDbEntity
  8
Paineis
100
AcDbLine
 10
1904.0
 20
1574.0
 30
0.0
 11
1928.0
 21
1574.0
 31
0.0
  0
LINE
  5
B89
330
17
100
AcDbEntity
  8
Paineis
100
AcDbLine
 10
1904.0
 20
1332.0
 30
0.0
 11
1928.0
 21
1332.0
 31
0.0
  0
LINE
  5
B8A
330
17
100
AcDbEntity
  8
SARR_2.2x7
  6
HIDDEN
 48
30.0
100
AcDbLine
 10
1905.1
 20
1330.0
 30
0.0
 11
1905.1
 21
1610.0
 31
0.0
  0
LINE
  5
B8B
330
17
100
AcDbEntity
  8
SARR_2.2x7
  6
HIDDEN
 48
30.0
100
AcDbLine
 10
1926.9
 20
1330.0
 30
0.0
 11
1926.9
 21
1610.0
 31
0.0
  0
TEXT
  5
B8C
330
17
100
AcDbEntity
  8
Texto Secao
 62
2
100
AcDbText
 10
1916.0
 20
1322.0
 30
0.0
 40
4.5
  1
P102.B
 50
90.0
100
AcDbText
  0
LWPOLYLINE
  5
B8D
330
17
100
AcDbEntity
  8
Paineis
100
AcDbPolyline
 90
4
 70
1
 10
1936.0
 20
1330.0
 10
2018.0
 20
1330.0
 10
2018.0
 20
1576.0
 10
1936.0
 20
1576.0
  0
HATCH
  5
B8E
330
17
100
AcDbEntity
  8
Hachura
100
AcDbHatch
 10
0.0
 20
0.0
 30
0.0
210
0.0
220
0.0
230
1.0
  2
SOLID
 70
1
 71
0
 91
1
 92
3
 72
0
 73
1
 93
4
 10
1936.0
 20
1330.0
 10
2018.0
 20
1330.0
 10
2018.0
 20
1576.0
 10
1936.0
 20
1576.0
 97
0
 75
0
 76
1
 98
0
  0
HATCH
  5
B8F
330
17
100
AcDbEntity
  8
Hachura
100
AcDbHatch
 10
0.0
 20
0.0
 30
0.0
210
0.0
220
0.0
230
1.0
  2
ANSI31
 70
0
 71
0
 91
1
 92
3
 72
0
 73
1
 93
4
 10
1936.0
 20
1330.0
 10
2018.0
 20
1330.0
 10
2018.0
 20
1576.0
 10
1936.0
 20
1576.0
 97
0
 75
1
 76
1
 52
0.0
 41
5.0
 77
0
 78
1
 53
45.0
 43
0.0
 44
0.0
 45
-11.2253201515
 46
11.2253201515
 79
0
 98
0
  0
LWPOLYLINE
  5
B90
330
17
100
AcDbEntity
  8
Paineis
100
AcDbPolyline
 90
4
 70
1
 10
1936.0
 20
1576.0
 10
2018.0
 20
1576.0
 10
2018.0
 20
1610.0
 10
1936.0
 20
1610.0
  0
HATCH
  5
B91
330
17
100
AcDbEntity
  8
Hachura
100
AcDbHatch
 10
0.0
 20
0.0
 30
0.0
210
0.0
220
0.0
230
1.0
  2
SOLID
 70
1
 71
0
 91
1
 92
3
 72
0
 73
1
 93
4
 10
1936.0
 20
1576.0
 10
2018.0
 20
1576.0
 10
2018.0
 20
1610.0
 10
1936.0
 20
1610.0
 97
0
 75
0
 76
1
 98
0
  0
HATCH
  5
B92
330
17
100
AcDbEntity
  8
Hachura
100
AcDbHatch
 10
0.0
 20
0.0
 30
0.0
210
0.0
220
0.0
230
1.0
  2
ANSI31
 70
0
 71
0
 91
1
 92
3
 72
0
 73
1
 93
4
 10
1936.0
 20
1576.0
 10
2018.0
 20
1576.0
 10
2018.0
 20
1610.0
 10
1936.0
 20
1610.0
 97
0
 75
1
 76
1
 52
0.0
 41
2.5
 77
0
 78
1
 53
45.0
 43
0.0
 44
0.0
 45
-5.6126600758
 46
5.6126600758
 79
0
 98
0
  0
LINE
  5
B93
330
17
100
AcDbEntity
  8
Paineis
100
AcDbLine
 10
1936.0
 20
1574.0
 30
0.0
 11
2018.0
 21
1574.0
 31
0.0
  0
LINE
  5
B94
330
17
100
AcDbEntity
  8
Paineis
100
AcDbLine
 10
1936.0
 20
1332.0
 30
0.0
 11
2018.0
 21
1332.0
 31
0.0
  0
LINE
  5
B95
330
17
100
AcDbEntity
  8
SARR_2.2x7
  6
HIDDEN
 48
30.0
100
AcDbLine
 10
1937.1
 20
1330.0
 30
0.0
 11
1937.1
 21
1610.0
 31
0.0
  0
LINE
  5
B96
330
17
100
AcDbEntity
  8
SARR_2.2x7
  6
HIDDEN
 48
30.0
100
AcDbLine
 10
1957.05
 20
1330.0
 30
0.0
 11
1957.05
 21
1610.0
 31
0.0
  0
LINE
  5
B97
330
17
100
AcDbEntity
  8
SARR_2.2x7
  6
HIDDEN
 48
30.0
100
AcDbLine
 10
1977.0
 20
1330.0
 30
0.0
 11
1977.0
 21
1610.0
 31
0.0
  0
LINE
  5
B98
330
17
100
AcDbEntity
  8
SARR_2.2x7
  6
HIDDEN
 48
30.0
100
AcDbLine
 10
1996.95
 20
1330.0
 30
0.0
 11
1996.95
 21
1610.0
 31
0.0
  0
LINE
  5
B99
330
17
100
AcDbEntity
  8
SARR_2.2x7
  6
HIDDEN
 48
30.0
100
AcDbLine
 10
2016.9
 20
1330.0
 30
0.0
 11
2016.9
 21
1610.0
 31
0.0
  0
TEXT
  5
B9A
330
17
100
AcDbEntity
  8
Texto Secao
 62
2
100
AcDbText
 10
1977.0
 20
1322.0
 30
0.0
 40
4.5
  1
P102.C
 50
90.0
100
AcDbText
  0
LWPOLYLINE
  5
B9B
330
17
100
AcDbEntity
  8
Paineis
100
AcDbPolyline
 90
4
 70
1
 10
2026.0
 20
1330.0
 10
2050.0
 20
1330.0
 10
2050.0
 20
1576.0
 10
2026.0
 20
1576.0
  0
HATCH
  5
B9C
330
17
100
AcDbEntity
  8
Hachura
100
AcDbHatch
 10
0.0
 20
0.0
 30
0.0
210
0.0
220
0.0
230
1.0
  2
SOLID
 70
1
 71
0
 91
1
 92
3
 72
0
 73
1
 93
4
 10
2026.0
 20
1330.0
 10
2050.0
 20
1330.0
 10
2050.0
 20
1576.0
 10
2026.0
 20
1576.0
 97
0
 75
0
 76
1
 98
0
  0
HATCH
  5
B9D
330
17
100
AcDbEntity
  8
Hachura
100
AcDbHatch
 10
0.0
 20
0.0
 30
0.0
210
0.0
220
0.0
230
1.0
  2
ANSI31
 70
0
 71
0
 91
1
 92
3
 72
0
 73
1
 93
4
 10
2026.0
 20
1330.0
 10
2050.0
 20
1330.0
 10
2050.0
 20
1576.0
 10
2026.0
 20
1576.0
 97
0
 75
1
 76
1
 52
0.0
 41
5.0
 77
0
 78
1
 53
45.0
 43
0.0
 44
0.0
 45
-11.2253201515
 46
11.2253201515
 79
0
 98
0
  0
LWPOLYLINE
  5
B9E
330
17
100
AcDbEntity
  8
Paineis
100
AcDbPolyline
 90
4
 70
1
 10
2026.0
 20
1576.0
 10
2050.0
 20
1576.0
 10
2050.0
 20
1610.0
 10
2026.0
 20
1610.0
  0
HATCH
  5
B9F
330
17
100
AcDbEntity
  8
Hachura
100
AcDbHatch
 10
0.0
 20
0.0
 30
0.0
210
0.0
220
0.0
230
1.0
  2
SOLID
 70
1
 71
0
 91
1
 92
3
 72
0
 73
1
 93
4
 10
2026.0
 20
1576.0
 10
2050.0
 20
1576.0
 10
2050.0
 20
1610.0
 10
2026.0
 20
1610.0
 97
0
 75
0
 76
1
 98
0
  0
HATCH
  5
BA0
330
17
100
AcDbEntity
  8
Hachura
100
AcDbHatch
 10
0.0
 20
0.0
 30
0.0
210
0.0
220
0.0
230
1.0
  2
ANSI31
 70
0
 71
0
 91
1
 92
3
 72
0
 73
1
 93
4
 10
2026.0
 20
1576.0
 10
2050.0
 20
1576.0
 10
2050.0
 20
1610.0
 10
2026.0
 20
1610.0
 97
0
 75
1
 76
1
 52
0.0
 41
2.5
 77
0
 78
1
 53
45.0
 43
0.0
 44
0.0
 45
-5.6126600758
 46
5.6126600758
 79
0
 98
0
  0
LINE
  5
BA1
330
17
100
AcDbEntity
  8
Paineis
100
AcDbLine
 10
2026.0
 20
1574.0
 30
0.0
 11
2050.0
 21
1574.0
 31
0.0
  0
LINE
  5
BA2
330
17
100
AcDbEntity
  8
Paineis
100
AcDbLine
 10
2026.0
 20
1332.0
 30
0.0
 11
2050.0
 21
1332.0
 31
0.0
  0
LINE
  5
BA3
330
17
100
AcDbEntity
  8
SARR_2.2x7
  6
HIDDEN
 48
30.0
100
AcDbLine
 10
2027.1
 20
1330.0
 30
0.0
 11
2027.1
 21
1610.0
 31
0.0
  0
LINE
  5
BA4
330
17
100
AcDbEntity
  8
SARR_2.2x7
  6
HIDDEN
 48
30.0
100
AcDbLine
 10
2048.9
 20
1330.0
 30
0.0
 11
2048.9
 21
1610.0
 31
0.0
  0
TEXT
  5
BA5
330
17
100
AcDbEntity
  8
Texto Secao
 62
2
100
AcDbText
 10
2038.0
 20
1322.0
 30
0.0
 40
4.5
  1
P102.D
 50
90.0
100
AcDbText
  0
LINE
  5
BA6
330
17
100
AcDbEntity
  8
COTA
 62
8
100
AcDbLine
 10
2058.0
 20
1330.0
 30
0.0
 11
2058.0
 21
1610.0
 31
0.0
  0
LINE
  5
BA7
330
17
100
AcDbEntity
  8
COTA
 62
8
100
AcDbLine
 10
2056.0
 20
1330.0
 30
0.0
 11
2060.0
 21
1330.0
 31
0.0
  0
LINE
  5
BA8
330
17
100
AcDbEntity
  8
COTA
 62
8
100
AcDbLine
 10
2056.0
 20
1332.0
 30
0.0
 11
2060.0
 21
1332.0
 31
0.0
  0
TEXT
  5
BA9
330
17
100
AcDbEntity
  8
COTA
 62
8
100
AcDbText
 10
2063.0
 20
1331.0
 30
0.0
 40
3.0
  1
h1=2
100
AcDbText
  0
LINE
  5
BAA
330
17
100
AcDbEntity
  8
COTA
 62
8
100
AcDbLine
 10
2056.0
 20
1332.0
 30
0.0
 11
2060.0
 21
1332.0
 31
0.0
  0
LINE
  5
BAB
330
17
100
AcDbEntity
  8
COTA
 62
8
100
AcDbLine
 10
2056.0
 20
1576.0
 30
0.0
 11
2060.0
 21
1576.0
 31
0.0
  0
TEXT
  5
BAC
330
17
100
AcDbEntity
  8
COTA
 62
8
100
AcDbText
 10
2063.0
 20
1454.0
 30
0.0
 40
3.0
  1
h2=244
100
AcDbText
  0
LINE
  5
BAD
330
17
100
AcDbEntity
  8
COTA
 62
8
100
AcDbLine
 10
2056.0
 20
1576.0
 30
0.0
 11
2060.0
 21
1576.0
 31
0.0
  0
LINE
  5
BAE
330
17
100
AcDbEntity
  8
COTA
 62
8
100
AcDbLine
 10
2056.0
 20
1610.0
 30
0.0
 11
2060.0
 21
1610.0
 31
0.0
  0
TEXT
  5
BAF
330
17
100
AcDbEntity
  8
COTA
 62
8
100
AcDbText
 10
2063.0
 20
1593.0
 30
0.0
 40
3.0
  1
h3=34
100
AcDbText
  0
TEXT
  5
BB0
330
17
100
AcDbEntity
  8
COTA
 62
8
100
AcDbText
 10
2063.0
 20
1613.0
 30
0.0
 40
3.5
  1
TOTAL=280
100
AcDbText
  0
LINE
  5
BB1
330
17
100
AcDbEntity
  8
Nivel
 62
4
100
AcDbLine
 10
1661.6
 20
1330.0
 30
0.0
 11
2063.0
 21
1330.0
 31
0.0
  0
LINE
  5
BB2
330
17
100
AcDbEntity
  8
Nivel
 62
4
100
AcDbLine
 10
1660.6
 20
1335.0
 30
0.0
 11
1663.6
 21
1330.0
 31
0.0
  0
LINE
  5
BB3
330
17
100
AcDbEntity
  8
Nivel
 62
4
100
AcDbLine
 10
1666.6
 20
1335.0
 30
0.0
 11
1663.6
 21
1330.0
 31
0.0
  0
TEXT
  5
BB4
330
17
100
AcDbEntity
  8
Nivel
 62
4
100
AcDbText
 10
1668.6
 20
1331.0
 30
0.0
 40
4.0
  1
1o PAV.
100
AcDbText
  0
LINE
  5
BB5
330
17
100
AcDbEntity
  8
Nivel
 62
4
100
AcDbLine
 10
1661.6
 20
1576.0
 30
0.0
 11
2063.0
 21
1576.0
 31
0.0
  0
LINE
  5
BB6
330
17
100
AcDbEntity
  8
Nivel
 62
4
100
AcDbLine
 10
1660.6
 20
1581.0
 30
0.0
 11
1663.6
 21
1576.0
 31
0.0
  0
LINE
  5
BB7
330
17
100
AcDbEntity
  8
Nivel
 62
4
100
AcDbLine
 10
1666.6
 20
1581.0
 30
0.0
 11
1663.6
 21
1576.0
 31
0.0
  0
TEXT
  5
BB8
330
17
100
AcDbEntity
  8
Nivel
 62
4
100
AcDbText
 10
1668.6
 20
1577.0
 30
0.0
 40
4.0
  1
2o PAV.
100
AcDbText
  0
LWPOLYLINE
  5
BB9
330
17
100
AcDbEntity
  8
CARIMBO
 62
40
100
AcDbPolyline
 90
4
 70
1
 10
1659.6
 20
1275.0
 10
2087.0
 20
1275.0
 10
2087.0
 20
1315.0
 10
1659.6
 20
1315.0
  0
LINE
  5
BBA
330
17
100
AcDbEntity
  8
CARIMBO
 62
40
100
AcDbLine
 10
1659.6
 20
1285.0
 30
0.0
 11
2087.0
 21
1285.0
 31
0.0
  0
LINE
  5
BBB
330
17
100
AcDbEntity
  8
CARIMBO
 62
40
100
AcDbLine
 10
1659.6
 20
1295.0
 30
0.0
 11
2087.0
 21
1295.0
 31
0.0
  0
LINE
  5
BBC
330
17
100
AcDbEntity
  8
CARIMBO
 62
40
100
AcDbLine
 10
1659.6
 20
1305.0
 30
0.0
 11
2087.0
 21
1305.0
 31
0.0
  0
LINE
  5
BBD
330
17
100
AcDbEntity
  8
CARIMBO
 62
40
100
AcDbLine
 10
1809.1899999999998
 20
1275.0
 30
0.0
 11
1809.1899999999998
 21
1315.0
 31
0.0
  0
TEXT
  5
BBE
330
17
100
AcDbEntity
  8
CARIMBO
 62
9
100
AcDbText
 10
1662.6
 20
1310.0
 30
0.0
 40
3.0
  1
CLIENTE:
100
AcDbText
  0
TEXT
  5
BBF
330
17
100
AcDbEntity
  8
TEXTO_GERAL
 62
2
100
AcDbText
 10
1812.1899999999998
 20
1310.0
 30
0.0
 40
3.0
  1
ALIMONTI
100
AcDbText
  0
TEXT
  5
BC0
330
17
100
AcDbEntity
  8
CARIMBO
 62
9
100
AcDbText
 10
1662.6
 20
1300.0
 30
0.0
 40
3.0
  1
OBRA:
100
AcDbText
  0
TEXT
  5
BC1
330
17
100
AcDbEntity
  8
TEXTO_GERAL
 62
2
100
AcDbText
 10
1812.1899999999998
 20
1300.0
 30
0.0
 40
3.0
  1
Obra_TREINO_1
100
AcDbText
  0
TEXT
  5
BC2
330
17
100
AcDbEntity
  8
CARIMBO
 62
9
100
AcDbText
 10
1662.6
 20
1290.0
 30
0.0
 40
3.0
  1
PAVIMENTO:
100
AcDbText
  0
TEXT
  5
BC3
330
17
100
AcDbEntity
  8
TEXTO_GERAL
 62
2
100
AcDbText
 10
1812.1899999999998
 20
1290.0
 30
0.0
 40
3.0
  1
TERREO
100
AcDbText
  0
TEXT
  5
BC4
330
17
100
AcDbEntity
  8
CARIMBO
 62
9
100
AcDbText
 10
1662.6
 20
1280.0
 30
0.0
 40
3.0
  1
PROJETO:
100
AcDbText
  0
TEXT
  5
BC5
330
17
100
AcDbEntity
  8
TEXTO_GERAL
 62
2
100
AcDbText
 10
1812.1899999999998
 20
1280.0
 30
0.0
 40
3.0
  1
PILARES
100
AcDbText
  0
TEXT
  5
BC6
330
17
100
AcDbEntity
  8
LABEL_ID
 62
3
100
AcDbText
 10
2072.0
 20
1280.0
 30
0.0
 40
8.0
  1
20
100
AcDbText
  0
LWPOLYLINE
  5
BC7
330
17
100
AcDbEntity
  8
BORDA_CELULA
 62
9
100
AcDbPolyline
 90
4
 70
1
 10
0.0
 20
1700.0
 10
349.4
 20
1700.0
 10
349.4
 20
2105.0
 10
0.0
 20
2105.0
  0
TEXT
  5
BC8
330
17
100
AcDbEntity
  8
TEXTO_GERAL
 62
2
100
AcDbText
 10
339.4
 20
2100.0
 30
0.0
 40
3.0
  1
TÉRREO - PD: 280.00
 72
2
 11
339.4
 21
2100.0
 31
0.0
100
AcDbText
  0
TEXT
  5
BC9
330
17
100
AcDbEntity
  8
TEXTO_GERAL
 62
2
100
AcDbText
 10
339.4
 20
2095.0
 30
0.0
 40
3.0
  1
NIVEL DE SAIDA: 280.00
 72
2
 11
339.4
 21
2095.0
 31
0.0
100
AcDbText
  0
TEXT
  5
BCA
330
17
100
AcDbEntity
  8
TEXTO_GERAL
 62
2
100
AcDbText
 10
339.4
 20
2090.0
 30
0.0
 40
3.0
  1
NIVEL DE CHEGADA: 0.00
 72
2
 11
339.4
 21
2090.0
 31
0.0
100
AcDbText
  0
TEXT
  5
BCB
330
17
100
AcDbEntity
  8
NOMENCLATURA
 62
1
100
AcDbText
 10
20.0
 20
2093.0
 30
0.0
 40
10.0
  1
P103
100
AcDbText
  0
LWPOLYLINE
  5
BCC
330
17
100
AcDbEntity
  8
CONCRETO
 62
4
100
AcDbPolyline
 90
4
 70
1
 10
31.200000000000003
 20
2005.0
 10
87.2
 20
2005.0
 10
87.2
 20
2029.0
 10
31.200000000000003
 20
2029.0
  0
HATCH
  5
BCD
330
17
100
AcDbEntity
  8
COTA
100
AcDbHatch
 10
0.0
 20
0.0
 30
0.0
210
0.0
220
0.0
230
1.0
  2
AR-CONC
 70
0
 71
0
 91
1
 92
3
 72
0
 73
1
 93
4
 10
31.200000000000003
 20
2005.0
 10
87.2
 20
2005.0
 10
87.2
 20
2029.0
 10
31.200000000000003
 20
2029.0
 97
0
 75
1
 76
1
 52
0.0
 41
0.03
 77
0
 78
13
 53
50.0
 43
0.0
 44
0.0
 45
5.4655400699
 46
-0.4781725662
 79
2
 49
0.5715
 49
-6.2865
 53
355.0
 43
0.0
 44
0.0
 45
-1.0573026428
 46
5.7317053572
 79
2
 49
0.4572
 49
-5.0292175251
 53
100.4514447
 43
0.45546021
 44
-0.039847605
 45
4.4082374127
 46
5.2535325574
 79
2
 49
0.485700264
 49
-5.342707338
 53
46.1842
 43
0.0
 44
1.524
 45
8.1323712268
 46
-1.261269838
 79
2
 49
0.85725
 49
-9.42975
 53
96.63555761
 43
0.677697
 44
1.418895
 45
7.1221240215
 46
7.4227837379
 79
2
 49
0.7285506942
 49
-8.0140682448
 53
351.18415117
 43
0.0
 44
1.524
 45
7.1221240219
 46
7.4227837376
 79
2
 49
0.6857990121
 49
-7.5437919576
 53
21.0
 43
0.762
 44
1.143
 45
4.5484317381
 46
-3.0679559456
 79
2
 49
0.5715
 49
-6.2865
 53
326.0
 43
0.762
 44
1.143
 45
1.8540608504
 46
5.5256389837
 79
2
 49
0.4572
 49
-5.0292
 53
71.451445
 43
1.141035978
 44
0.887337003
 45
6.4024925784
 46
2.4576830666
 79
2
 49
0.485700264
 49
-5.342698128
 53
37.5
 43
0.0
 44
0.0
 45
0.0926580975
 46
2.5366511662
 79
6
 49
0.0
 49
-4.96824
 49
0.0
 49
-5.1054
 49
0.0
 49
-5.04825
 53
7.5
 43
0.0
 44
0.0
 45
2.0045898753
 46
3.0054172445
 79
6
 49
0.0
 49
-2.91084
 49
0.0
 49
-4.85394
 49
0.0
 49
-1.92405
 53
-32.5
 43
-1.69926
 44
0.0
 45
4.067717855
 46
-0.1718623198
 79
6
 49
0.0
 49
-1.905
 49
0.0
 49
-5.9436
 49
0.0
 49
-7.8867
 53
-42.5
 43
-2.46126
 44
0.0
 45
4.4438754416
 46
0.762794731
 79
6
 49
0.0
 49
-2.4765
 49
0.0
 49
-3.94716
 49
0.0
 49
-5.6007
 98
0
  0
LWPOLYLINE
  5
BCE
330
17
100
AcDbEntity
  8
Paineis
100
AcDbPolyline
 90
4
 70
1
 10
31.200000000000003
 20
2002.8
 10
87.2
 20
2002.8
 10
87.2
 20
2005.0
 10
31.200000000000003
 20
2005.0
  0
HATCH
  5
BCF
330
17
100
AcDbEntity
  8
Paineis
100
AcDbHatch
 10
0.0
 20
0.0
 30
0.0
210
0.0
220
0.0
230
1.0
  2
SOLID
 70
1
 71
0
 91
1
 92
3
 72
0
 73
1
 93
4
 10
31.200000000000003
 20
2002.8
 10
87.2
 20
2002.8
 10
87.2
 20
2005.0
 10
31.200000000000003
 20
2005.0
 97
0
 75
0
 76
1
 98
0
  0
HATCH
  5
BD0
330
17
100
AcDbEntity
  8
Paineis
100
AcDbHatch
 10
0.0
 20
0.0
 30
0.0
210
0.0
220
0.0
230
1.0
  2
ANSI31
 70
0
 71
0
 91
1
 92
3
 72
0
 73
1
 93
4
 10
31.200000000000003
 20
2002.8
 10
87.2
 20
2002.8
 10
87.2
 20
2005.0
 10
31.200000000000003
 20
2005.0
 97
0
 75
1
 76
1
 52
270.0
 41
0.5
 77
0
 78
1
 53
315.0
 43
-0.0
 44
-0.0
 45
1.1225320152
 46
1.1225320151
 79
0
 98
0
  0
LWPOLYLINE
  5
BD1
330
17
100
AcDbEntity
  8
Paineis
100
AcDbPolyline
 90
4
 70
1
 10
31.200000000000003
 20
2029.0
 10
87.2
 20
2029.0
 10
87.2
 20
2031.2
 10
31.200000000000003
 20
2031.2
  0
HATCH
  5
BD2
330
17
100
AcDbEntity
  8
Paineis
100
AcDbHatch
 10
0.0
 20
0.0
 30
0.0
210
0.0
220
0.0
230
1.0
  2
SOLID
 70
1
 71
0
 91
1
 92
3
 72
0
 73
1
 93
4
 10
31.200000000000003
 20
2029.0
 10
87.2
 20
2029.0
 10
87.2
 20
2031.2
 10
31.200000000000003
 20
2031.2
 97
0
 75
0
 76
1
 98
0
  0
HATCH
  5
BD3
330
17
100
AcDbEntity
  8
Paineis
100
AcDbHatch
 10
0.0
 20
0.0
 30
0.0
210
0.0
220
0.0
230
1.0
  2
ANSI31
 70
0
 71
0
 91
1
 92
3
 72
0
 73
1
 93
4
 10
31.200000000000003
 20
2029.0
 10
87.2
 20
2029.0
 10
87.2
 20
2031.2
 10
31.200000000000003
 20
2031.2
 97
0
 75
1
 76
1
 52
270.0
 41
0.5
 77
0
 78
1
 53
315.0
 43
-0.0
 44
-0.0
 45
1.1225320152
 46
1.1225320151
 79
0
 98
0
  0
LWPOLYLINE
  5
BD4
330
17
100
AcDbEntity
  8
Paineis
100
AcDbPolyline
 90
4
 70
1
 10
29.000000000000004
 20
2005.0
 10
31.200000000000003
 20
2005.0
 10
31.200000000000003
 20
2029.0
 10
29.000000000000004
 20
2029.0
  0
HATCH
  5
BD5
330
17
100
AcDbEntity
  8
Paineis
100
AcDbHatch
 10
0.0
 20
0.0
 30
0.0
210
0.0
220
0.0
230
1.0
  2
SOLID
 70
1
 71
0
 91
1
 92
3
 72
0
 73
1
 93
4
 10
29.000000000000004
 20
2005.0
 10
31.200000000000003
 20
2005.0
 10
31.200000000000003
 20
2029.0
 10
29.000000000000004
 20
2029.0
 97
0
 75
0
 76
1
 98
0
  0
HATCH
  5
BD6
330
17
100
AcDbEntity
  8
Paineis
100
AcDbHatch
 10
0.0
 20
0.0
 30
0.0
210
0.0
220
0.0
230
1.0
  2
ANSI31
 70
0
 71
0
 91
1
 92
3
 72
0
 73
1
 93
4
 10
29.000000000000004
 20
2005.0
 10
31.200000000000003
 20
2005.0
 10
31.200000000000003
 20
2029.0
 10
29.000000000000004
 20
2029.0
 97
0
 75
1
 76
1
 52
270.0
 41
0.5
 77
0
 78
1
 53
315.0
 43
-0.0
 44
-0.0
 45
1.1225320152
 46
1.1225320151
 79
0
 98
0
  0
LWPOLYLINE
  5
BD7
330
17
100
AcDbEntity
  8
Paineis
100
AcDbPolyline
 90
4
 70
1
 10
87.2
 20
2005.0
 10
89.4
 20
2005.0
 10
89.4
 20
2029.0
 10
87.2
 20
2029.0
  0
HATCH
  5
BD8
330
17
100
AcDbEntity
  8
Paineis
100
AcDbHatch
 10
0.0
 20
0.0
 30
0.0
210
0.0
220
0.0
230
1.0
  2
SOLID
 70
1
 71
0
 91
1
 92
3
 72
0
 73
1
 93
4
 10
87.2
 20
2005.0
 10
89.4
 20
2005.0
 10
89.4
 20
2029.0
 10
87.2
 20
2029.0
 97
0
 75
0
 76
1
 98
0
  0
HATCH
  5
BD9
330
17
100
AcDbEntity
  8
Paineis
100
AcDbHatch
 10
0.0
 20
0.0
 30
0.0
210
0.0
220
0.0
230
1.0
  2
ANSI31
 70
0
 71
0
 91
1
 92
3
 72
0
 73
1
 93
4
 10
87.2
 20
2005.0
 10
89.4
 20
2005.0
 10
89.4
 20
2029.0
 10
87.2
 20
2029.0
 97
0
 75
1
 76
1
 52
270.0
 41
0.5
 77
0
 78
1
 53
315.0
 43
-0.0
 44
-0.0
 45
1.1225320152
 46
1.1225320151
 79
0
 98
0
  0
LWPOLYLINE
  5
BDA
330
17
100
AcDbEntity
  8
SARR_2.2x7
100
AcDbPolyline
 90
4
 70
1
 10
31.200000000000003
 20
1995.8
 10
33.400000000000006
 20
1995.8
 10
33.400000000000006
 20
2002.8
 10
31.200000000000003
 20
2002.8
  0
HATCH
  5
BDB
330
17
100
AcDbEntity
  8
SARR_2.2x7
100
AcDbHatch
 10
0.0
 20
0.0
 30
0.0
210
0.0
220
0.0
230
1.0
  2
SOLID
 70
1
 71
0
 91
1
 92
3
 72
0
 73
1
 93
4
 10
31.200000000000003
 20
1995.8
 10
33.400000000000006
 20
1995.8
 10
33.400000000000006
 20
2002.8
 10
31.200000000000003
 20
2002.8
 97
0
 75
0
 76
1
 98
0
  0
HATCH
  5
BDC
330
17
100
AcDbEntity
  8
SARR_2.2x7
100
AcDbHatch
 10
0.0
 20
0.0
 30
0.0
210
0.0
220
0.0
230
1.0
  2
ANSI31
 70
0
 71
0
 91
1
 92
3
 72
0
 73
1
 93
4
 10
31.200000000000003
 20
1995.8
 10
33.400000000000006
 20
1995.8
 10
33.400000000000006
 20
2002.8
 10
31.200000000000003
 20
2002.8
 97
0
 75
1
 76
1
 52
270.0
 41
0.5
 77
0
 78
1
 53
315.0
 43
-0.0
 44
-0.0
 45
1.1225320152
 46
1.1225320151
 79
0
 98
0
  0
LWPOLYLINE
  5
BDD
330
17
100
AcDbEntity
  8
SARR_2.2x7
100
AcDbPolyline
 90
4
 70
1
 10
49.13333333333333
 20
1995.8
 10
51.333333333333336
 20
1995.8
 10
51.333333333333336
 20
2002.8
 10
49.13333333333333
 20
2002.8
  0
HATCH
  5
BDE
330
17
100
AcDbEntity
  8
SARR_2.2x7
100
AcDbHatch
 10
0.0
 20
0.0
 30
0.0
210
0.0
220
0.0
230
1.0
  2
SOLID
 70
1
 71
0
 91
1
 92
3
 72
0
 73
1
 93
4
 10
49.13333333333333
 20
1995.8
 10
51.333333333333336
 20
1995.8
 10
51.333333333333336
 20
2002.8
 10
49.13333333333333
 20
2002.8
 97
0
 75
0
 76
1
 98
0
  0
HATCH
  5
BDF
330
17
100
AcDbEntity
  8
SARR_2.2x7
100
AcDbHatch
 10
0.0
 20
0.0
 30
0.0
210
0.0
220
0.0
230
1.0
  2
ANSI31
 70
0
 71
0
 91
1
 92
3
 72
0
 73
1
 93
4
 10
49.13333333333333
 20
1995.8
 10
51.333333333333336
 20
1995.8
 10
51.333333333333336
 20
2002.8
 10
49.13333333333333
 20
2002.8
 97
0
 75
1
 76
1
 52
270.0
 41
0.5
 77
0
 78
1
 53
315.0
 43
-0.0
 44
-0.0
 45
1.1225320152
 46
1.1225320151
 79
0
 98
0
  0
LWPOLYLINE
  5
BE0
330
17
100
AcDbEntity
  8
SARR_2.2x7
100
AcDbPolyline
 90
4
 70
1
 10
67.06666666666668
 20
1995.8
 10
69.26666666666668
 20
1995.8
 10
69.26666666666668
 20
2002.8
 10
67.06666666666668
 20
2002.8
  0
HATCH
  5
BE1
330
17
100
AcDbEntity
  8
SARR_2.2x7
100
AcDbHatch
 10
0.0
 20
0.0
 30
0.0
210
0.0
220
0.0
230
1.0
  2
SOLID
 70
1
 71
0
 91
1
 92
3
 72
0
 73
1
 93
4
 10
67.06666666666668
 20
1995.8
 10
69.26666666666668
 20
1995.8
 10
69.26666666666668
 20
2002.8
 10
67.06666666666668
 20
2002.8
 97
0
 75
0
 76
1
 98
0
  0
HATCH
  5
BE2
330
17
100
AcDbEntity
  8
SARR_2.2x7
100
AcDbHatch
 10
0.0
 20
0.0
 30
0.0
210
0.0
220
0.0
230
1.0
  2
ANSI31
 70
0
 71
0
 91
1
 92
3
 72
0
 73
1
 93
4
 10
67.06666666666668
 20
1995.8
 10
69.26666666666668
 20
1995.8
 10
69.26666666666668
 20
2002.8
 10
67.06666666666668
 20
2002.8
 97
0
 75
1
 76
1
 52
270.0
 41
0.5
 77
0
 78
1
 53
315.0
 43
-0.0
 44
-0.0
 45
1.1225320152
 46
1.1225320151
 79
0
 98
0
  0
LWPOLYLINE
  5
BE3
330
17
100
AcDbEntity
  8
SARR_2.2x7
100
AcDbPolyline
 90
4
 70
1
 10
85.0
 20
1995.8
 10
87.2
 20
1995.8
 10
87.2
 20
2002.8
 10
85.0
 20
2002.8
  0
HATCH
  5
BE4
330
17
100
AcDbEntity
  8
SARR_2.2x7
100
AcDbHatch
 10
0.0
 20
0.0
 30
0.0
210
0.0
220
0.0
230
1.0
  2
SOLID
 70
1
 71
0
 91
1
 92
3
 72
0
 73
1
 93
4
 10
85.0
 20
1995.8
 10
87.2
 20
1995.8
 10
87.2
 20
2002.8
 10
85.0
 20
2002.8
 97
0
 75
0
 76
1
 98
0
  0
HATCH
  5
BE5
330
17
100
AcDbEntity
  8
SARR_2.2x7
100
AcDbHatch
 10
0.0
 20
0.0
 30
0.0
210
0.0
220
0.0
230
1.0
  2
ANSI31
 70
0
 71
0
 91
1
 92
3
 72
0
 73
1
 93
4
 10
85.0
 20
1995.8
 10
87.2
 20
1995.8
 10
87.2
 20
2002.8
 10
85.0
 20
2002.8
 97
0
 75
1
 76
1
 52
270.0
 41
0.5
 77
0
 78
1
 53
315.0
 43
-0.0
 44
-0.0
 45
1.1225320152
 46
1.1225320151
 79
0
 98
0
  0
LWPOLYLINE
  5
BE6
330
17
100
AcDbEntity
  8
SARR_2.2x7
100
AcDbPolyline
 90
4
 70
1
 10
31.200000000000003
 20
2031.2
 10
33.400000000000006
 20
2031.2
 10
33.400000000000006
 20
2038.2
 10
31.200000000000003
 20
2038.2
  0
HATCH
  5
BE7
330
17
100
AcDbEntity
  8
SARR_2.2x7
100
AcDbHatch
 10
0.0
 20
0.0
 30
0.0
210
0.0
220
0.0
230
1.0
  2
SOLID
 70
1
 71
0
 91
1
 92
3
 72
0
 73
1
 93
4
 10
31.200000000000003
 20
2031.2
 10
33.400000000000006
 20
2031.2
 10
33.400000000000006
 20
2038.2
 10
31.200000000000003
 20
2038.2
 97
0
 75
0
 76
1
 98
0
  0
HATCH
  5
BE8
330
17
100
AcDbEntity
  8
SARR_2.2x7
100
AcDbHatch
 10
0.0
 20
0.0
 30
0.0
210
0.0
220
0.0
230
1.0
  2
ANSI31
 70
0
 71
0
 91
1
 92
3
 72
0
 73
1
 93
4
 10
31.200000000000003
 20
2031.2
 10
33.400000000000006
 20
2031.2
 10
33.400000000000006
 20
2038.2
 10
31.200000000000003
 20
2038.2
 97
0
 75
1
 76
1
 52
270.0
 41
0.5
 77
0
 78
1
 53
315.0
 43
-0.0
 44
-0.0
 45
1.1225320152
 46
1.1225320151
 79
0
 98
0
  0
LWPOLYLINE
  5
BE9
330
17
100
AcDbEntity
  8
SARR_2.2x7
100
AcDbPolyline
 90
4
 70
1
 10
49.13333333333333
 20
2031.2
 10
51.333333333333336
 20
2031.2
 10
51.333333333333336
 20
2038.2
 10
49.13333333333333
 20
2038.2
  0
HATCH
  5
BEA
330
17
100
AcDbEntity
  8
SARR_2.2x7
100
AcDbHatch
 10
0.0
 20
0.0
 30
0.0
210
0.0
220
0.0
230
1.0
  2
SOLID
 70
1
 71
0
 91
1
 92
3
 72
0
 73
1
 93
4
 10
49.13333333333333
 20
2031.2
 10
51.333333333333336
 20
2031.2
 10
51.333333333333336
 20
2038.2
 10
49.13333333333333
 20
2038.2
 97
0
 75
0
 76
1
 98
0
  0
HATCH
  5
BEB
330
17
100
AcDbEntity
  8
SARR_2.2x7
100
AcDbHatch
 10
0.0
 20
0.0
 30
0.0
210
0.0
220
0.0
230
1.0
  2
ANSI31
 70
0
 71
0
 91
1
 92
3
 72
0
 73
1
 93
4
 10
49.13333333333333
 20
2031.2
 10
51.333333333333336
 20
2031.2
 10
51.333333333333336
 20
2038.2
 10
49.13333333333333
 20
2038.2
 97
0
 75
1
 76
1
 52
270.0
 41
0.5
 77
0
 78
1
 53
315.0
 43
-0.0
 44
-0.0
 45
1.1225320152
 46
1.1225320151
 79
0
 98
0
  0
LWPOLYLINE
  5
BEC
330
17
100
AcDbEntity
  8
SARR_2.2x7
100
AcDbPolyline
 90
4
 70
1
 10
67.06666666666668
 20
2031.2
 10
69.26666666666668
 20
2031.2
 10
69.26666666666668
 20
2038.2
 10
67.06666666666668
 20
2038.2
  0
HATCH
  5
BED
330
17
100
AcDbEntity
  8
SARR_2.2x7
100
AcDbHatch
 10
0.0
 20
0.0
 30
0.0
210
0.0
220
0.0
230
1.0
  2
SOLID
 70
1
 71
0
 91
1
 92
3
 72
0
 73
1
 93
4
 10
67.06666666666668
 20
2031.2
 10
69.26666666666668
 20
2031.2
 10
69.26666666666668
 20
2038.2
 10
67.06666666666668
 20
2038.2
 97
0
 75
0
 76
1
 98
0
  0
HATCH
  5
BEE
330
17
100
AcDbEntity
  8
SARR_2.2x7
100
AcDbHatch
 10
0.0
 20
0.0
 30
0.0
210
0.0
220
0.0
230
1.0
  2
ANSI31
 70
0
 71
0
 91
1
 92
3
 72
0
 73
1
 93
4
 10
67.06666666666668
 20
2031.2
 10
69.26666666666668
 20
2031.2
 10
69.26666666666668
 20
2038.2
 10
67.06666666666668
 20
2038.2
 97
0
 75
1
 76
1
 52
270.0
 41
0.5
 77
0
 78
1
 53
315.0
 43
-0.0
 44
-0.0
 45
1.1225320152
 46
1.1225320151
 79
0
 98
0
  0
LWPOLYLINE
  5
BEF
330
17
100
AcDbEntity
  8
SARR_2.2x7
100
AcDbPolyline
 90
4
 70
1
 10
85.0
 20
2031.2
 10
87.2
 20
2031.2
 10
87.2
 20
2038.2
 10
85.0
 20
2038.2
  0
HATCH
  5
BF0
330
17
100
AcDbEntity
  8
SARR_2.2x7
100
AcDbHatch
 10
0.0
 20
0.0
 30
0.0
210
0.0
220
0.0
230
1.0
  2
SOLID
 70
1
 71
0
 91
1
 92
3
 72
0
 73
1
 93
4
 10
85.0
 20
2031.2
 10
87.2
 20
2031.2
 10
87.2
 20
2038.2
 10
85.0
 20
2038.2
 97
0
 75
0
 76
1
 98
0
  0
HATCH
  5
BF1
330
17
100
AcDbEntity
  8
SARR_2.2x7
100
AcDbHatch
 10
0.0
 20
0.0
 30
0.0
210
0.0
220
0.0
230
1.0
  2
ANSI31
 70
0
 71
0
 91
1
 92
3
 72
0
 73
1
 93
4
 10
85.0
 20
2031.2
 10
87.2
 20
2031.2
 10
87.2
 20
2038.2
 10
85.0
 20
2038.2
 97
0
 75
1
 76
1
 52
270.0
 41
0.5
 77
0
 78
1
 53
315.0
 43
-0.0
 44
-0.0
 45
1.1225320152
 46
1.1225320151
 79
0
 98
0
  0
LWPOLYLINE
  5
BF2
330
17
100
AcDbEntity
  8
SARR_2.2x7
100
AcDbPolyline
 90
4
 70
1
 10
22.000000000000004
 20
2005.0
 10
29.000000000000004
 20
2005.0
 10
29.000000000000004
 20
2007.2
 10
22.000000000000004
 20
2007.2
  0
HATCH
  5
BF3
330
17
100
AcDbEntity
  8
SARR_2.2x7
100
AcDbHatch
 10
0.0
 20
0.0
 30
0.0
210
0.0
220
0.0
230
1.0
  2
SOLID
 70
1
 71
0
 91
1
 92
3
 72
0
 73
1
 93
4
 10
22.000000000000004
 20
2005.0
 10
29.000000000000004
 20
2005.0
 10
29.000000000000004
 20
2007.2
 10
22.000000000000004
 20
2007.2
 97
0
 75
0
 76
1
 98
0
  0
HATCH
  5
BF4
330
17
100
AcDbEntity
  8
SARR_2.2x7
100
AcDbHatch
 10
0.0
 20
0.0
 30
0.0
210
0.0
220
0.0
230
1.0
  2
ANSI31
 70
0
 71
0
 91
1
 92
3
 72
0
 73
1
 93
4
 10
22.000000000000004
 20
2005.0
 10
29.000000000000004
 20
2005.0
 10
29.000000000000004
 20
2007.2
 10
22.000000000000004
 20
2007.2
 97
0
 75
1
 76
1
 52
270.0
 41
0.5
 77
0
 78
1
 53
315.0
 43
-0.0
 44
-0.0
 45
1.1225320152
 46
1.1225320151
 79
0
 98
0
  0
LWPOLYLINE
  5
BF5
330
17
100
AcDbEntity
  8
SARR_2.2x7
100
AcDbPolyline
 90
4
 70
1
 10
22.000000000000004
 20
2026.8000000000002
 10
29.000000000000004
 20
2026.8000000000002
 10
29.000000000000004
 20
2029.0000000000002
 10
22.000000000000004
 20
2029.0000000000002
  0
HATCH
  5
BF6
330
17
100
AcDbEntity
  8
SARR_2.2x7
100
AcDbHatch
 10
0.0
 20
0.0
 30
0.0
210
0.0
220
0.0
230
1.0
  2
SOLID
 70
1
 71
0
 91
1
 92
3
 72
0
 73
1
 93
4
 10
22.000000000000004
 20
2026.8000000000002
 10
29.000000000000004
 20
2026.8000000000002
 10
29.000000000000004
 20
2029.0000000000002
 10
22.000000000000004
 20
2029.0000000000002
 97
0
 75
0
 76
1
 98
0
  0
HATCH
  5
BF7
330
17
100
AcDbEntity
  8
SARR_2.2x7
100
AcDbHatch
 10
0.0
 20
0.0
 30
0.0
210
0.0
220
0.0
230
1.0
  2
ANSI31
 70
0
 71
0
 91
1
 92
3
 72
0
 73
1
 93
4
 10
22.000000000000004
 20
2026.8000000000002
 10
29.000000000000004
 20
2026.8000000000002
 10
29.000000000000004
 20
2029.0000000000002
 10
22.000000000000004
 20
2029.0000000000002
 97
0
 75
1
 76
1
 52
270.0
 41
0.5
 77
0
 78
1
 53
315.0
 43
-0.0
 44
-0.0
 45
1.1225320152
 46
1.1225320151
 79
0
 98
0
  0
LWPOLYLINE
  5
BF8
330
17
100
AcDbEntity
  8
SARR_2.2x7
100
AcDbPolyline
 90
4
 70
1
 10
89.4
 20
2005.0
 10
96.4
 20
2005.0
 10
96.4
 20
2007.2
 10
89.4
 20
2007.2
  0
HATCH
  5
BF9
330
17
100
AcDbEntity
  8
SARR_2.2x7
100
AcDbHatch
 10
0.0
 20
0.0
 30
0.0
210
0.0
220
0.0
230
1.0
  2
SOLID
 70
1
 71
0
 91
1
 92
3
 72
0
 73
1
 93
4
 10
89.4
 20
2005.0
 10
96.4
 20
2005.0
 10
96.4
 20
2007.2
 10
89.4
 20
2007.2
 97
0
 75
0
 76
1
 98
0
  0
HATCH
  5
BFA
330
17
100
AcDbEntity
  8
SARR_2.2x7
100
AcDbHatch
 10
0.0
 20
0.0
 30
0.0
210
0.0
220
0.0
230
1.0
  2
ANSI31
 70
0
 71
0
 91
1
 92
3
 72
0
 73
1
 93
4
 10
89.4
 20
2005.0
 10
96.4
 20
2005.0
 10
96.4
 20
2007.2
 10
89.4
 20
2007.2
 97
0
 75
1
 76
1
 52
270.0
 41
0.5
 77
0
 78
1
 53
315.0
 43
-0.0
 44
-0.0
 45
1.1225320152
 46
1.1225320151
 79
0
 98
0
  0
LWPOLYLINE
  5
BFB
330
17
100
AcDbEntity
  8
SARR_2.2x7
100
AcDbPolyline
 90
4
 70
1
 10
89.4
 20
2026.8000000000002
 10
96.4
 20
2026.8000000000002
 10
96.4
 20
2029.0000000000002
 10
89.4
 20
2029.0000000000002
  0
HATCH
  5
BFC
330
17
100
AcDbEntity
  8
SARR_2.2x7
100
AcDbHatch
 10
0.0
 20
0.0
 30
0.0
210
0.0
220
0.0
230
1.0
  2
SOLID
 70
1
 71
0
 91
1
 92
3
 72
0
 73
1
 93
4
 10
89.4
 20
2026.8000000000002
 10
96.4
 20
2026.8000000000002
 10
96.4
 20
2029.0000000000002
 10
89.4
 20
2029.0000000000002
 97
0
 75
0
 76
1
 98
0
  0
HATCH
  5
BFD
330
17
100
AcDbEntity
  8
SARR_2.2x7
100
AcDbHatch
 10
0.0
 20
0.0
 30
0.0
210
0.0
220
0.0
230
1.0
  2
ANSI31
 70
0
 71
0
 91
1
 92
3
 72
0
 73
1
 93
4
 10
89.4
 20
2026.8000000000002
 10
96.4
 20
2026.8000000000002
 10
96.4
 20
2029.0000000000002
 10
89.4
 20
2029.0000000000002
 97
0
 75
1
 76
1
 52
270.0
 41
0.5
 77
0
 78
1
 53
315.0
 43
-0.0
 44
-0.0
 45
1.1225320152
 46
1.1225320151
 79
0
 98
0
  0
LWPOLYLINE
  5
BFE
330
17
100
AcDbEntity
  8
CHAPA
 62
1
100
AcDbPolyline
 90
4
 70
1
 10
27.000000000000004
 20
2000.8
 10
29.000000000000004
 20
2000.8
 10
29.000000000000004
 20
2002.8
 10
27.000000000000004
 20
2002.8
  0
HATCH
  5
BFF
330
17
100
AcDbEntity
  8
CHAPA
 62
1
100
AcDbHatch
 10
0.0
 20
0.0
 30
0.0
210
0.0
220
0.0
230
1.0
  2
SOLID
 70
1
 71
0
 91
1
 92
3
 72
0
 73
1
 93
4
 10
27.000000000000004
 20
2000.8
 10
29.000000000000004
 20
2000.8
 10
29.000000000000004
 20
2002.8
 10
27.000000000000004
 20
2002.8
 97
0
 75
0
 76
1
 98
0
  0
LWPOLYLINE
  5
C00
330
17
100
AcDbEntity
  8
CHAPA
 62
1
100
AcDbPolyline
 90
4
 70
1
 10
89.4
 20
2000.8
 10
91.4
 20
2000.8
 10
91.4
 20
2002.8
 10
89.4
 20
2002.8
  0
HATCH
  5
C01
330
17
100
AcDbEntity
  8
CHAPA
 62
1
100
AcDbHatch
 10
0.0
 20
0.0
 30
0.0
210
0.0
220
0.0
230
1.0
  2
SOLID
 70
1
 71
0
 91
1
 92
3
 72
0
 73
1
 93
4
 10
89.4
 20
2000.8
 10
91.4
 20
2000.8
 10
91.4
 20
2002.8
 10
89.4
 20
2002.8
 97
0
 75
0
 76
1
 98
0
  0
LWPOLYLINE
  5
C02
330
17
100
AcDbEntity
  8
CHAPA
 62
1
100
AcDbPolyline
 90
4
 70
1
 10
89.4
 20
2031.2
 10
91.4
 20
2031.2
 10
91.4
 20
2033.2
 10
89.4
 20
2033.2
  0
HATCH
  5
C03
330
17
100
AcDbEntity
  8
CHAPA
 62
1
100
AcDbHatch
 10
0.0
 20
0.0
 30
0.0
210
0.0
220
0.0
230
1.0
  2
SOLID
 70
1
 71
0
 91
1
 92
3
 72
0
 73
1
 93
4
 10
89.4
 20
2031.2
 10
91.4
 20
2031.2
 10
91.4
 20
2033.2
 10
89.4
 20
2033.2
 97
0
 75
0
 76
1
 98
0
  0
LWPOLYLINE
  5
C04
330
17
100
AcDbEntity
  8
CHAPA
 62
1
100
AcDbPolyline
 90
4
 70
1
 10
27.000000000000004
 20
2031.2
 10
29.000000000000004
 20
2031.2
 10
29.000000000000004
 20
2033.2
 10
27.000000000000004
 20
2033.2
  0
HATCH
  5
C05
330
17
100
AcDbEntity
  8
CHAPA
 62
1
100
AcDbHatch
 10
0.0
 20
0.0
 30
0.0
210
0.0
220
0.0
230
1.0
  2
SOLID
 70
1
 71
0
 91
1
 92
3
 72
0
 73
1
 93
4
 10
27.000000000000004
 20
2031.2
 10
29.000000000000004
 20
2031.2
 10
29.000000000000004
 20
2033.2
 10
27.000000000000004
 20
2033.2
 97
0
 75
0
 76
1
 98
0
  0
TEXT
  5
C06
330
17
100
AcDbEntity
  8
Texto Secao
 62
2
100
AcDbText
 10
59.2
 20
1992.8
 30
0.0
 40
4.0
  1
A
 72
1
 11
59.2
 21
1992.8
 31
0.0
100
AcDbText
 73
3
  0
TEXT
  5
C07
330
17
100
AcDbEntity
  8
Texto Secao
 62
2
100
AcDbText
 10
59.2
 20
2041.2
 30
0.0
 40
4.0
  1
C
 72
1
 11
59.2
 21
2041.2
 31
0.0
100
AcDbText
 73
1
  0
TEXT
  5
C08
330
17
100
AcDbEntity
  8
Texto Secao
 62
2
100
AcDbText
 10
19.000000000000004
 20
2017.0
 30
0.0
 40
4.0
  1
D
 72
2
 11
19.000000000000004
 21
2017.0
 31
0.0
100
AcDbText
 73
2
  0
TEXT
  5
C09
330
17
100
AcDbEntity
  8
Texto Secao
 62
2
100
AcDbText
 10
99.4
 20
2017.0
 30
0.0
 40
4.0
  1
B
 11
99.4
 21
2017.0
 31
0.0
100
AcDbText
 73
2
  0
TEXT
  5
C0A
330
17
100
AcDbEntity
  8
Cota Secao (2x)
 62
4
100
AcDbText
 10
59.2
 20
1983.8
 30
0.0
 40
3.4
  1
56x24cm
 72
1
 11
59.2
 21
1983.8
 31
0.0
100
AcDbText
 73
3
  0
TEXT
  5
C0B
330
17
100
AcDbEntity
  8
Texto Secao
 62
2
100
AcDbText
 10
59.2
 20
2050.2
 30
0.0
 40
4.0
  1
VISAO DE CIMA
 72
1
 11
59.2
 21
2050.2
 31
0.0
100
AcDbText
 73
1
  0
LWPOLYLINE
  5
C0C
330
17
100
AcDbEntity
  8
Paineis
100
AcDbPolyline
 90
4
 70
1
 10
128.4
 20
1755.0
 10
184.4
 20
1755.0
 10
184.4
 20
2001.0
 10
128.4
 20
2001.0
  0
HATCH
  5
C0D
330
17
100
AcDbEntity
  8
Hachura
100
AcDbHatch
 10
0.0
 20
0.0
 30
0.0
210
0.0
220
0.0
230
1.0
  2
SOLID
 70
1
 71
0
 91
1
 92
3
 72
0
 73
1
 93
4
 10
128.4
 20
1755.0
 10
184.4
 20
1755.0
 10
184.4
 20
2001.0
 10
128.4
 20
2001.0
 97
0
 75
0
 76
1
 98
0
  0
HATCH
  5
C0E
330
17
100
AcDbEntity
  8
Hachura
100
AcDbHatch
 10
0.0
 20
0.0
 30
0.0
210
0.0
220
0.0
230
1.0
  2
ANSI31
 70
0
 71
0
 91
1
 92
3
 72
0
 73
1
 93
4
 10
128.4
 20
1755.0
 10
184.4
 20
1755.0
 10
184.4
 20
2001.0
 10
128.4
 20
2001.0
 97
0
 75
1
 76
1
 52
0.0
 41
5.0
 77
0
 78
1
 53
45.0
 43
0.0
 44
0.0
 45
-11.2253201515
 46
11.2253201515
 79
0
 98
0
  0
LWPOLYLINE
  5
C0F
330
17
100
AcDbEntity
  8
Paineis
100
AcDbPolyline
 90
4
 70
1
 10
128.4
 20
2001.0
 10
184.4
 20
2001.0
 10
184.4
 20
2035.0
 10
128.4
 20
2035.0
  0
HATCH
  5
C10
330
17
100
AcDbEntity
  8
Hachura
100
AcDbHatch
 10
0.0
 20
0.0
 30
0.0
210
0.0
220
0.0
230
1.0
  2
SOLID
 70
1
 71
0
 91
1
 92
3
 72
0
 73
1
 93
4
 10
128.4
 20
2001.0
 10
184.4
 20
2001.0
 10
184.4
 20
2035.0
 10
128.4
 20
2035.0
 97
0
 75
0
 76
1
 98
0
  0
HATCH
  5
C11
330
17
100
AcDbEntity
  8
Hachura
100
AcDbHatch
 10
0.0
 20
0.0
 30
0.0
210
0.0
220
0.0
230
1.0
  2
ANSI31
 70
0
 71
0
 91
1
 92
3
 72
0
 73
1
 93
4
 10
128.4
 20
2001.0
 10
184.4
 20
2001.0
 10
184.4
 20
2035.0
 10
128.4
 20
2035.0
 97
0
 75
1
 76
1
 52
0.0
 41
2.5
 77
0
 78
1
 53
45.0
 43
0.0
 44
0.0
 45
-5.6126600758
 46
5.6126600758
 79
0
 98
0
  0
LINE
  5
C12
330
17
100
AcDbEntity
  8
Paineis
100
AcDbLine
 10
128.4
 20
1999.0
 30
0.0
 11
184.4
 21
1999.0
 31
0.0
  0
LINE
  5
C13
330
17
100
AcDbEntity
  8
Paineis
100
AcDbLine
 10
128.4
 20
1757.0
 30
0.0
 11
184.4
 21
1757.0
 31
0.0
  0
LINE
  5
C14
330
17
100
AcDbEntity
  8
SARR_2.2x7
  6
HIDDEN
 48
30.0
100
AcDbLine
 10
129.5
 20
1755.0
 30
0.0
 11
129.5
 21
2035.0
 31
0.0
  0
LINE
  5
C15
330
17
100
AcDbEntity
  8
SARR_2.2x7
  6
HIDDEN
 48
30.0
100
AcDbLine
 10
147.43333333333334
 20
1755.0
 30
0.0
 11
147.43333333333334
 21
2035.0
 31
0.0
  0
LINE
  5
C16
330
17
100
AcDbEntity
  8
SARR_2.2x7
  6
HIDDEN
 48
30.0
100
AcDbLine
 10
165.36666666666667
 20
1755.0
 30
0.0
 11
165.36666666666667
 21
2035.0
 31
0.0
  0
LINE
  5
C17
330
17
100
AcDbEntity
  8
SARR_2.2x7
  6
HIDDEN
 48
30.0
100
AcDbLine
 10
183.3
 20
1755.0
 30
0.0
 11
183.3
 21
2035.0
 31
0.0
  0
TEXT
  5
C18
330
17
100
AcDbEntity
  8
Texto Secao
 62
2
100
AcDbText
 10
156.4
 20
1747.0
 30
0.0
 40
4.5
  1
P103.A
 50
90.0
100
AcDbText
  0
LWPOLYLINE
  5
C19
330
17
100
AcDbEntity
  8
Paineis
100
AcDbPolyline
 90
4
 70
1
 10
192.4
 20
1755.0
 10
216.4
 20
1755.0
 10
216.4
 20
2001.0
 10
192.4
 20
2001.0
  0
HATCH
  5
C1A
330
17
100
AcDbEntity
  8
Hachura
100
AcDbHatch
 10
0.0
 20
0.0
 30
0.0
210
0.0
220
0.0
230
1.0
  2
SOLID
 70
1
 71
0
 91
1
 92
3
 72
0
 73
1
 93
4
 10
192.4
 20
1755.0
 10
216.4
 20
1755.0
 10
216.4
 20
2001.0
 10
192.4
 20
2001.0
 97
0
 75
0
 76
1
 98
0
  0
HATCH
  5
C1B
330
17
100
AcDbEntity
  8
Hachura
100
AcDbHatch
 10
0.0
 20
0.0
 30
0.0
210
0.0
220
0.0
230
1.0
  2
ANSI31
 70
0
 71
0
 91
1
 92
3
 72
0
 73
1
 93
4
 10
192.4
 20
1755.0
 10
216.4
 20
1755.0
 10
216.4
 20
2001.0
 10
192.4
 20
2001.0
 97
0
 75
1
 76
1
 52
0.0
 41
5.0
 77
0
 78
1
 53
45.0
 43
0.0
 44
0.0
 45
-11.2253201515
 46
11.2253201515
 79
0
 98
0
  0
LWPOLYLINE
  5
C1C
330
17
100
AcDbEntity
  8
Paineis
100
AcDbPolyline
 90
4
 70
1
 10
192.4
 20
2001.0
 10
216.4
 20
2001.0
 10
216.4
 20
2035.0
 10
192.4
 20
2035.0
  0
HATCH
  5
C1D
330
17
100
AcDbEntity
  8
Hachura
100
AcDbHatch
 10
0.0
 20
0.0
 30
0.0
210
0.0
220
0.0
230
1.0
  2
SOLID
 70
1
 71
0
 91
1
 92
3
 72
0
 73
1
 93
4
 10
192.4
 20
2001.0
 10
216.4
 20
2001.0
 10
216.4
 20
2035.0
 10
192.4
 20
2035.0
 97
0
 75
0
 76
1
 98
0
  0
HATCH
  5
C1E
330
17
100
AcDbEntity
  8
Hachura
100
AcDbHatch
 10
0.0
 20
0.0
 30
0.0
210
0.0
220
0.0
230
1.0
  2
ANSI31
 70
0
 71
0
 91
1
 92
3
 72
0
 73
1
 93
4
 10
192.4
 20
2001.0
 10
216.4
 20
2001.0
 10
216.4
 20
2035.0
 10
192.4
 20
2035.0
 97
0
 75
1
 76
1
 52
0.0
 41
2.5
 77
0
 78
1
 53
45.0
 43
0.0
 44
0.0
 45
-5.6126600758
 46
5.6126600758
 79
0
 98
0
  0
LINE
  5
C1F
330
17
100
AcDbEntity
  8
Paineis
100
AcDbLine
 10
192.4
 20
1999.0
 30
0.0
 11
216.4
 21
1999.0
 31
0.0
  0
LINE
  5
C20
330
17
100
AcDbEntity
  8
Paineis
100
AcDbLine
 10
192.4
 20
1757.0
 30
0.0
 11
216.4
 21
1757.0
 31
0.0
  0
LINE
  5
C21
330
17
100
AcDbEntity
  8
SARR_2.2x7
  6
HIDDEN
 48
30.0
100
AcDbLine
 10
193.5
 20
1755.0
 30
0.0
 11
193.5
 21
2035.0
 31
0.0
  0
LINE
  5
C22
330
17
100
AcDbEntity
  8
SARR_2.2x7
  6
HIDDEN
 48
30.0
100
AcDbLine
 10
215.3
 20
1755.0
 30
0.0
 11
215.3
 21
2035.0
 31
0.0
  0
TEXT
  5
C23
330
17
100
AcDbEntity
  8
Texto Secao
 62
2
100
AcDbText
 10
204.4
 20
1747.0
 30
0.0
 40
4.5
  1
P103.B
 50
90.0
100
AcDbText
  0
LWPOLYLINE
  5
C24
330
17
100
AcDbEntity
  8
Paineis
100
AcDbPolyline
 90
4
 70
1
 10
224.4
 20
1755.0
 10
280.4
 20
1755.0
 10
280.4
 20
2001.0
 10
224.4
 20
2001.0
  0
HATCH
  5
C25
330
17
100
AcDbEntity
  8
Hachura
100
AcDbHatch
 10
0.0
 20
0.0
 30
0.0
210
0.0
220
0.0
230
1.0
  2
SOLID
 70
1
 71
0
 91
1
 92
3
 72
0
 73
1
 93
4
 10
224.4
 20
1755.0
 10
280.4
 20
1755.0
 10
280.4
 20
2001.0
 10
224.4
 20
2001.0
 97
0
 75
0
 76
1
 98
0
  0
HATCH
  5
C26
330
17
100
AcDbEntity
  8
Hachura
100
AcDbHatch
 10
0.0
 20
0.0
 30
0.0
210
0.0
220
0.0
230
1.0
  2
ANSI31
 70
0
 71
0
 91
1
 92
3
 72
0
 73
1
 93
4
 10
224.4
 20
1755.0
 10
280.4
 20
1755.0
 10
280.4
 20
2001.0
 10
224.4
 20
2001.0
 97
0
 75
1
 76
1
 52
0.0
 41
5.0
 77
0
 78
1
 53
45.0
 43
0.0
 44
0.0
 45
-11.2253201515
 46
11.2253201515
 79
0
 98
0
  0
LWPOLYLINE
  5
C27
330
17
100
AcDbEntity
  8
Paineis
100
AcDbPolyline
 90
4
 70
1
 10
224.4
 20
2001.0
 10
280.4
 20
2001.0
 10
280.4
 20
2035.0
 10
224.4
 20
2035.0
  0
HATCH
  5
C28
330
17
100
AcDbEntity
  8
Hachura
100
AcDbHatch
 10
0.0
 20
0.0
 30
0.0
210
0.0
220
0.0
230
1.0
  2
SOLID
 70
1
 71
0
 91
1
 92
3
 72
0
 73
1
 93
4
 10
224.4
 20
2001.0
 10
280.4
 20
2001.0
 10
280.4
 20
2035.0
 10
224.4
 20
2035.0
 97
0
 75
0
 76
1
 98
0
  0
HATCH
  5
C29
330
17
100
AcDbEntity
  8
Hachura
100
AcDbHatch
 10
0.0
 20
0.0
 30
0.0
210
0.0
220
0.0
230
1.0
  2
ANSI31
 70
0
 71
0
 91
1
 92
3
 72
0
 73
1
 93
4
 10
224.4
 20
2001.0
 10
280.4
 20
2001.0
 10
280.4
 20
2035.0
 10
224.4
 20
2035.0
 97
0
 75
1
 76
1
 52
0.0
 41
2.5
 77
0
 78
1
 53
45.0
 43
0.0
 44
0.0
 45
-5.6126600758
 46
5.6126600758
 79
0
 98
0
  0
LINE
  5
C2A
330
17
100
AcDbEntity
  8
Paineis
100
AcDbLine
 10
224.4
 20
1999.0
 30
0.0
 11
280.4
 21
1999.0
 31
0.0
  0
LINE
  5
C2B
330
17
100
AcDbEntity
  8
Paineis
100
AcDbLine
 10
224.4
 20
1757.0
 30
0.0
 11
280.4
 21
1757.0
 31
0.0
  0
LINE
  5
C2C
330
17
100
AcDbEntity
  8
SARR_2.2x7
  6
HIDDEN
 48
30.0
100
AcDbLine
 10
225.5
 20
1755.0
 30
0.0
 11
225.5
 21
2035.0
 31
0.0
  0
LINE
  5
C2D
330
17
100
AcDbEntity
  8
SARR_2.2x7
  6
HIDDEN
 48
30.0
100
AcDbLine
 10
243.43333333333334
 20
1755.0
 30
0.0
 11
243.43333333333334
 21
2035.0
 31
0.0
  0
LINE
  5
C2E
330
17
100
AcDbEntity
  8
SARR_2.2x7
  6
HIDDEN
 48
30.0
100
AcDbLine
 10
261.3666666666667
 20
1755.0
 30
0.0
 11
261.3666666666667
 21
2035.0
 31
0.0
  0
LINE
  5
C2F
330
17
100
AcDbEntity
  8
SARR_2.2x7
  6
HIDDEN
 48
30.0
100
AcDbLine
 10
279.3
 20
1755.0
 30
0.0
 11
279.3
 21
2035.0
 31
0.0
  0
TEXT
  5
C30
330
17
100
AcDbEntity
  8
Texto Secao
 62
2
100
AcDbText
 10
252.4
 20
1747.0
 30
0.0
 40
4.5
  1
P103.C
 50
90.0
100
AcDbText
  0
LWPOLYLINE
  5
C31
330
17
100
AcDbEntity
  8
Paineis
100
AcDbPolyline
 90
4
 70
1
 10
288.4
 20
1755.0
 10
312.4
 20
1755.0
 10
312.4
 20
2001.0
 10
288.4
 20
2001.0
  0
HATCH
  5
C32
330
17
100
AcDbEntity
  8
Hachura
100
AcDbHatch
 10
0.0
 20
0.0
 30
0.0
210
0.0
220
0.0
230
1.0
  2
SOLID
 70
1
 71
0
 91
1
 92
3
 72
0
 73
1
 93
4
 10
288.4
 20
1755.0
 10
312.4
 20
1755.0
 10
312.4
 20
2001.0
 10
288.4
 20
2001.0
 97
0
 75
0
 76
1
 98
0
  0
HATCH
  5
C33
330
17
100
AcDbEntity
  8
Hachura
100
AcDbHatch
 10
0.0
 20
0.0
 30
0.0
210
0.0
220
0.0
230
1.0
  2
ANSI31
 70
0
 71
0
 91
1
 92
3
 72
0
 73
1
 93
4
 10
288.4
 20
1755.0
 10
312.4
 20
1755.0
 10
312.4
 20
2001.0
 10
288.4
 20
2001.0
 97
0
 75
1
 76
1
 52
0.0
 41
5.0
 77
0
 78
1
 53
45.0
 43
0.0
 44
0.0
 45
-11.2253201515
 46
11.2253201515
 79
0
 98
0
  0
LWPOLYLINE
  5
C34
330
17
100
AcDbEntity
  8
Paineis
100
AcDbPolyline
 90
4
 70
1
 10
288.4
 20
2001.0
 10
312.4
 20
2001.0
 10
312.4
 20
2035.0
 10
288.4
 20
2035.0
  0
HATCH
  5
C35
330
17
100
AcDbEntity
  8
Hachura
100
AcDbHatch
 10
0.0
 20
0.0
 30
0.0
210
0.0
220
0.0
230
1.0
  2
SOLID
 70
1
 71
0
 91
1
 92
3
 72
0
 73
1
 93
4
 10
288.4
 20
2001.0
 10
312.4
 20
2001.0
 10
312.4
 20
2035.0
 10
288.4
 20
2035.0
 97
0
 75
0
 76
1
 98
0
  0
HATCH
  5
C36
330
17
100
AcDbEntity
  8
Hachura
100
AcDbHatch
 10
0.0
 20
0.0
 30
0.0
210
0.0
220
0.0
230
1.0
  2
ANSI31
 70
0
 71
0
 91
1
 92
3
 72
0
 73
1
 93
4
 10
288.4
 20
2001.0
 10
312.4
 20
2001.0
 10
312.4
 20
2035.0
 10
288.4
 20
2035.0
 97
0
 75
1
 76
1
 52
0.0
 41
2.5
 77
0
 78
1
 53
45.0
 43
0.0
 44
0.0
 45
-5.6126600758
 46
5.6126600758
 79
0
 98
0
  0
LINE
  5
C37
330
17
100
AcDbEntity
  8
Paineis
100
AcDbLine
 10
288.4
 20
1999.0
 30
0.0
 11
312.4
 21
1999.0
 31
0.0
  0
LINE
  5
C38
330
17
100
AcDbEntity
  8
Paineis
100
AcDbLine
 10
288.4
 20
1757.0
 30
0.0
 11
312.4
 21
1757.0
 31
0.0
  0
LINE
  5
C39
330
17
100
AcDbEntity
  8
SARR_2.2x7
  6
HIDDEN
 48
30.0
100
AcDbLine
 10
289.5
 20
1755.0
 30
0.0
 11
289.5
 21
2035.0
 31
0.0
  0
LINE
  5
C3A
330
17
100
AcDbEntity
  8
SARR_2.2x7
  6
HIDDEN
 48
30.0
100
AcDbLine
 10
311.29999999999995
 20
1755.0
 30
0.0
 11
311.29999999999995
 21
2035.0
 31
0.0
  0
TEXT
  5
C3B
330
17
100
AcDbEntity
  8
Texto Secao
 62
2
100
AcDbText
 10
300.4
 20
1747.0
 30
0.0
 40
4.5
  1
P103.D
 50
90.0
100
AcDbText
  0
LINE
  5
C3C
330
17
100
AcDbEntity
  8
COTA
 62
8
100
AcDbLine
 10
320.4
 20
1755.0
 30
0.0
 11
320.4
 21
2035.0
 31
0.0
  0
LINE
  5
C3D
330
17
100
AcDbEntity
  8
COTA
 62
8
100
AcDbLine
 10
318.4
 20
1755.0
 30
0.0
 11
322.4
 21
1755.0
 31
0.0
  0
LINE
  5
C3E
330
17
100
AcDbEntity
  8
COTA
 62
8
100
AcDbLine
 10
318.4
 20
1757.0
 30
0.0
 11
322.4
 21
1757.0
 31
0.0
  0
TEXT
  5
C3F
330
17
100
AcDbEntity
  8
COTA
 62
8
100
AcDbText
 10
325.4
 20
1756.0
 30
0.0
 40
3.0
  1
h1=2
100
AcDbText
  0
LINE
  5
C40
330
17
100
AcDbEntity
  8
COTA
 62
8
100
AcDbLine
 10
318.4
 20
1757.0
 30
0.0
 11
322.4
 21
1757.0
 31
0.0
  0
LINE
  5
C41
330
17
100
AcDbEntity
  8
COTA
 62
8
100
AcDbLine
 10
318.4
 20
2001.0
 30
0.0
 11
322.4
 21
2001.0
 31
0.0
  0
TEXT
  5
C42
330
17
100
AcDbEntity
  8
COTA
 62
8
100
AcDbText
 10
325.4
 20
1879.0
 30
0.0
 40
3.0
  1
h2=244
100
AcDbText
  0
LINE
  5
C43
330
17
100
AcDbEntity
  8
COTA
 62
8
100
AcDbLine
 10
318.4
 20
2001.0
 30
0.0
 11
322.4
 21
2001.0
 31
0.0
  0
LINE
  5
C44
330
17
100
AcDbEntity
  8
COTA
 62
8
100
AcDbLine
 10
318.4
 20
2035.0
 30
0.0
 11
322.4
 21
2035.0
 31
0.0
  0
TEXT
  5
C45
330
17
100
AcDbEntity
  8
COTA
 62
8
100
AcDbText
 10
325.4
 20
2018.0
 30
0.0
 40
3.0
  1
h3=34
100
AcDbText
  0
TEXT
  5
C46
330
17
100
AcDbEntity
  8
COTA
 62
8
100
AcDbText
 10
325.4
 20
2038.0
 30
0.0
 40
3.5
  1
TOTAL=280
100
AcDbText
  0
LINE
  5
C47
330
17
100
AcDbEntity
  8
Nivel
 62
4
100
AcDbLine
 10
2.0
 20
1755.0
 30
0.0
 11
325.4
 21
1755.0
 31
0.0
  0
LINE
  5
C48
330
17
100
AcDbEntity
  8
Nivel
 62
4
100
AcDbLine
 10
1.0
 20
1760.0
 30
0.0
 11
4.0
 21
1755.0
 31
0.0
  0
LINE
  5
C49
330
17
100
AcDbEntity
  8
Nivel
 62
4
100
AcDbLine
 10
7.0
 20
1760.0
 30
0.0
 11
4.0
 21
1755.0
 31
0.0
  0
TEXT
  5
C4A
330
17
100
AcDbEntity
  8
Nivel
 62
4
100
AcDbText
 10
9.0
 20
1756.0
 30
0.0
 40
4.0
  1
1o PAV.
100
AcDbText
  0
LINE
  5
C4B
330
17
100
AcDbEntity
  8
Nivel
 62
4
100
AcDbLine
 10
2.0
 20
2001.0
 30
0.0
 11
325.4
 21
2001.0
 31
0.0
  0
LINE
  5
C4C
330
17
100
AcDbEntity
  8
Nivel
 62
4
100
AcDbLine
 10
1.0
 20
2006.0
 30
0.0
 11
4.0
 21
2001.0
 31
0.0
  0
LINE
  5
C4D
330
17
100
AcDbEntity
  8
Nivel
 62
4
100
AcDbLine
 10
7.0
 20
2006.0
 30
0.0
 11
4.0
 21
2001.0
 31
0.0
  0
TEXT
  5
C4E
330
17
100
AcDbEntity
  8
Nivel
 62
4
100
AcDbText
 10
9.0
 20
2002.0
 30
0.0
 40
4.0
  1
2o PAV.
100
AcDbText
  0
LWPOLYLINE
  5
C4F
330
17
100
AcDbEntity
  8
CARIMBO
 62
40
100
AcDbPolyline
 90
4
 70
1
 10
0.0
 20
1700.0
 10
349.4
 20
1700.0
 10
349.4
 20
1740.0
 10
0.0
 20
1740.0
  0
LINE
  5
C50
330
17
100
AcDbEntity
  8
CARIMBO
 62
40
100
AcDbLine
 10
0.0
 20
1710.0
 30
0.0
 11
349.4
 21
1710.0
 31
0.0
  0
LINE
  5
C51
330
17
100
AcDbEntity
  8
CARIMBO
 62
40
100
AcDbLine
 10
0.0
 20
1720.0
 30
0.0
 11
349.4
 21
1720.0
 31
0.0
  0
LINE
  5
C52
330
17
100
AcDbEntity
  8
CARIMBO
 62
40
100
AcDbLine
 10
0.0
 20
1730.0
 30
0.0
 11
349.4
 21
1730.0
 31
0.0
  0
LINE
  5
C53
330
17
100
AcDbEntity
  8
CARIMBO
 62
40
100
AcDbLine
 10
122.28999999999998
 20
1700.0
 30
0.0
 11
122.28999999999998
 21
1740.0
 31
0.0
  0
TEXT
  5
C54
330
17
100
AcDbEntity
  8
CARIMBO
 62
9
100
AcDbText
 10
3.0
 20
1735.0
 30
0.0
 40
3.0
  1
CLIENTE:
100
AcDbText
  0
TEXT
  5
C55
330
17
100
AcDbEntity
  8
TEXTO_GERAL
 62
2
100
AcDbText
 10
125.28999999999998
 20
1735.0
 30
0.0
 40
3.0
  1
ALIMONTI
100
AcDbText
  0
TEXT
  5
C56
330
17
100
AcDbEntity
  8
CARIMBO
 62
9
100
AcDbText
 10
3.0
 20
1725.0
 30
0.0
 40
3.0
  1
OBRA:
100
AcDbText
  0
TEXT
  5
C57
330
17
100
AcDbEntity
  8
TEXTO_GERAL
 62
2
100
AcDbText
 10
125.28999999999998
 20
1725.0
 30
0.0
 40
3.0
  1
Obra_TREINO_1
100
AcDbText
  0
TEXT
  5
C58
330
17
100
AcDbEntity
  8
CARIMBO
 62
9
100
AcDbText
 10
3.0
 20
1715.0
 30
0.0
 40
3.0
  1
PAVIMENTO:
100
AcDbText
  0
TEXT
  5
C59
330
17
100
AcDbEntity
  8
TEXTO_GERAL
 62
2
100
AcDbText
 10
125.28999999999998
 20
1715.0
 30
0.0
 40
3.0
  1
TERREO
100
AcDbText
  0
TEXT
  5
C5A
330
17
100
AcDbEntity
  8
CARIMBO
 62
9
100
AcDbText
 10
3.0
 20
1705.0
 30
0.0
 40
3.0
  1
PROJETO:
100
AcDbText
  0
TEXT
  5
C5B
330
17
100
AcDbEntity
  8
TEXTO_GERAL
 62
2
100
AcDbText
 10
125.28999999999998
 20
1705.0
 30
0.0
 40
3.0
  1
PILARES
100
AcDbText
  0
TEXT
  5
C5C
330
17
100
AcDbEntity
  8
LABEL_ID
 62
3
100
AcDbText
 10
334.4
 20
1705.0
 30
0.0
 40
8.0
  1
21
100
AcDbText
  0
ENDSEC
  0
SECTION
  2
OBJECTS
  0
DICTIONARY
  5
A
330
0
100
AcDbDictionary
281
1
  3
ACAD_COLOR
350
B
  3
ACAD_GROUP
350
C
  3
ACAD_LAYOUT
350
D
  3
ACAD_MATERIAL
350
E
  3
ACAD_MLEADERSTYLE
350
F
  3
ACAD_MLINESTYLE
350
10
  3
ACAD_PLOTSETTINGS
350
11
  3
ACAD_PLOTSTYLENAME
350
12
  3
ACAD_SCALELIST
350
14
  3
ACAD_TABLESTYLE
350
15
  3
ACAD_VISUALSTYLE
350
16
  3
EZDXF_META
350
2D
  0
DICTIONARY
  5
B
330
A
100
AcDbDictionary
281
1
  0
DICTIONARY
  5
C
330
A
100
AcDbDictionary
281
1
  0
DICTIONARY
  5
D
330
A
100
AcDbDictionary
281
1
  3
Model
350
1A
  3
Layout1
350
1E
  0
DICTIONARY
  5
E
330
A
100
AcDbDictionary
281
1
  3
ByBlock
350
1F
  3
ByLayer
350
20
  3
Global
350
21
  0
DICTIONARY
  5
F
330
A
100
AcDbDictionary
281
1
  3
Standard
350
2C
  0
DICTIONARY
  5
10
330
A
100
AcDbDictionary
281
1
  3
Standard
350
22
  0
DICTIONARY
  5
11
330
A
100
AcDbDictionary
281
1
  0
ACDBDICTIONARYWDFLT
  5
12
330
A
100
AcDbDictionary
281
1
  3
Normal
350
13
100
AcDbDictionaryWithDefault
340
13
  0
ACDBPLACEHOLDER
  5
13
330
12
  0
DICTIONARY
  5
14
330
A
100
AcDbDictionary
281
1
  0
DICTIONARY
  5
15
330
A
100
AcDbDictionary
281
1
  0
DICTIONARY
  5
16
330
A
100
AcDbDictionary
281
1
  0
LAYOUT
  5
1A
330
D
100
AcDbPlotSettings
  1

  4
A3
  6

 40
7.5
 41
20.0
 42
7.5
 43
20.0
 44
420.0
 45
297.0
 46
0.0
 47
0.0
 48
0.0
 49
0.0
140
0.0
141
0.0
142
1.0
143
1.0
 70
1024
 72
1
 73
0
 74
5
  7

 75
16
 76
0
 77
2
 78
300
147
1.0
148
0.0
149
0.0
100
AcDbLayout
  1
Model
 70
1
 71
0
 10
0.0
 20
0.0
 11
420.0
 21
297.0
 12
0.0
 22
0.0
 32
0.0
 14
1e+20
 24
1e+20
 34
1e+20
 15
-1e+20
 25
-1e+20
 35
-1e+20
146
0.0
 13
0.0
 23
0.0
 33
0.0
 16
1.0
 26
0.0
 36
0.0
 17
0.0
 27
1.0
 37
0.0
 76
1
330
17
  0
LAYOUT
  5
1E
330
D
100
AcDbPlotSettings
  1

  4
A3
  6

 40
7.5
 41
20.0
 42
7.5
 43
20.0
 44
420.0
 45
297.0
 46
0.0
 47
0.0
 48
0.0
 49
0.0
140
0.0
141
0.0
142
1.0
143
1.0
 70
0
 72
1
 73
0
 74
5
  7

 75
16
 76
0
 77
2
 78
300
147
1.0
148
0.0
149
0.0
100
AcDbLayout
  1
Layout1
 70
1
 71
1
 10
0.0
 20
0.0
 11
420.0
 21
297.0
 12
0.0
 22
0.0
 32
0.0
 14
1e+20
 24
1e+20
 34
1e+20
 15
-1e+20
 25
-1e+20
 35
-1e+20
146
0.0
 13
0.0
 23
0.0
 33
0.0
 16
1.0
 26
0.0
 36
0.0
 17
0.0
 27
1.0
 37
0.0
 76
1
330
1B
  0
MATERIAL
  5
1F
102
{ACAD_REACTORS
330
E
102
}
330
E
100
AcDbMaterial
  1
ByBlock
  2

 70
0
 40
1.0
 71
1
 41
1.0
 91
-1023410177
 42
1.0
 72
1
  3

 73
1
 74
1
 75
1
 44
0.5
 73
0
 45
1.0
 46
1.0
 77
1
  4

 78
1
 79
1
170
1
 48
1.0
171
1
  6

172
1
173
1
174
1
140
1.0
141
1.0
175
1
  7

176
1
177
1
178
1
143
1.0
179
1
  8

270
1
271
1
272
1
145
1.0
146
1.0
273
1
  9

274
1
275
1
276
1
 42
1.0
 72
1
  3

 73
1
 74
1
 75
1
 94
63
  0
MATERIAL
  5
20
102
{ACAD_REACTORS
330
E
102
}
330
E
100
AcDbMaterial
  1
ByLayer
  2

 70
0
 40
1.0
 71
1
 41
1.0
 91
-1023410177
 42
1.0
 72
1
  3

 73
1
 74
1
 75
1
 44
0.5
 73
0
 45
1.0
 46
1.0
 77
1
  4

 78
1
 79
1
170
1
 48
1.0
171
1
  6

172
1
173
1
174
1
140
1.0
141
1.0
175
1
  7

176
1
177
1
178
1
143
1.0
179
1
  8

270
1
271
1
272
1
145
1.0
146
1.0
273
1
  9

274
1
275
1
276
1
 42
1.0
 72
1
  3

 73
1
 74
1
 75
1
 94
63
  0
MATERIAL
  5
21
102
{ACAD_REACTORS
330
E
102
}
330
E
100
AcDbMaterial
  1
Global
  2

 70
0
 40
1.0
 71
1
 41
1.0
 91
-1023410177
 42
1.0
 72
1
  3

 73
1
 74
1
 75
1
 44
0.5
 73
0
 45
1.0
 46
1.0
 77
1
  4

 78
1
 79
1
170
1
 48
1.0
171
1
  6

172
1
173
1
174
1
140
1.0
141
1.0
175
1
  7

176
1
177
1
178
1
143
1.0
179
1
  8

270
1
271
1
272
1
145
1.0
146
1.0
273
1
  9

274
1
275
1
276
1
 42
1.0
 72
1
  3

 73
1
 74
1
 75
1
 94
63
  0
MLINESTYLE
  5
22
102
{ACAD_REACTORS
330
10
102
}
330
10
100
AcDbMlineStyle
  2
Standard
 70
0
  3

 62
256
 51
90.0
 52
90.0
 71
2
 49
0.5
 62
256
  6
BYLAYER
 49
-0.5
 62
256
  6
BYLAYER
  0
MLEADERSTYLE
  5
2C
102
{ACAD_REACTORS
330
F
102
}
330
F
100
AcDbMLeaderStyle
179
2
170
2
171
1
172
0
 90
2
 40
0.0
 41
0.0
173
1
 91
-1056964608
 92
-2
290
1
 42
2.0
291
1
 43
8.0
  3
Standard
 44
4.0
300

342
29
174
1
175
1
176
0
178
1
 93
-1056964608
 45
4.0
292
0
297
0
 46
4.0
 94
-1056964608
 47
1.0
 49
1.0
140
1.0
294
1
141
0.0
177
0
142
1.0
295
0
296
0
143
3.75
271
0
272
9
273
9
  0
DICTIONARY
  5
2D
330
A
100
AcDbDictionary
280
1
281
1
  3
CREATED_BY_EZDXF
350
2E
  3
WRITTEN_BY_EZDXF
350
C5F
  0
DICTIONARYVAR
  5
2E
330
2D
100
DictionaryVariables
280
0
  1
1.4.3 @ 2026-03-19T22:46:21.623850+00:00
  0
DICTIONARYVAR
  5
C5F
330
2D
100
DictionaryVariables
280
0
  1
1.4.3 @ 2026-03-19T22:46:21.757770+00:00
  0
ENDSEC
  0
EOF
