  0
SECTION
  2
HEADER
  9
$ACADVER
  1
AC1024
  9
$ACADMAINTVER
 70
6
  9
$DWGCODEPAGE
  3
ANSI_1252
  9
$LASTSAVEDBY
  1
ezdxf
  9
$INSBASE
 10
0.0
 20
0.0
 30
0.0
  9
$EXTMIN
 10
1e+20
 20
1e+20
 30
1e+20
  9
$EXTMAX
 10
-1e+20
 20
-1e+20
 30
-1e+20
  9
$LIMMIN
 10
0.0
 20
0.0
  9
$LIMMAX
 10
420.0
 20
297.0
  9
$ORTHOMODE
 70
0
  9
$REGENMODE
 70
1
  9
$FILLMODE
 70
1
  9
$QTEXTMODE
 70
0
  9
$MIRRTEXT
 70
1
  9
$LTSCALE
 40
1.0
  9
$ATTMODE
 70
1
  9
$TEXTSIZE
 40
2.5
  9
$TRACEWID
 40
1.0
  9
$TEXTSTYLE
  7
Standard
  9
$CLAYER
  8
0
  9
$CELTYPE
  6
ByLayer
  9
$CECOLOR
 62
256
  9
$CELTSCALE
 40
1.0
  9
$DISPSILH
 70
0
  9
$DIMSCALE
 40
1.0
  9
$DIMASZ
 40
2.5
  9
$DIMEXO
 40
0.625
  9
$DIMDLI
 40
3.75
  9
$DIMRND
 40
0.0
  9
$DIMDLE
 40
0.0
  9
$DIMEXE
 40
1.25
  9
$DIMTP
 40
0.0
  9
$DIMTM
 40
0.0
  9
$DIMTXT
 40
2.5
  9
$DIMCEN
 40
2.5
  9
$DIMTSZ
 40
0.0
  9
$DIMTOL
 70
0
  9
$DIMLIM
 70
0
  9
$DIMTIH
 70
0
  9
$DIMTOH
 70
0
  9
$DIMSE1
 70
0
  9
$DIMSE2
 70
0
  9
$DIMTAD
 70
1
  9
$DIMZIN
 70
8
  9
$DIMBLK
  1

  9
$DIMASO
 70
1
  9
$DIMSHO
 70
1
  9
$DIMPOST
  1

  9
$DIMAPOST
  1

  9
$DIMALT
 70
0
  9
$DIMALTD
 70
3
  9
$DIMALTF
 40
0.03937007874
  9
$DIMLFAC
 40
1.0
  9
$DIMTOFL
 70
1
  9
$DIMTVP
 40
0.0
  9
$DIMTIX
 70
0
  9
$DIMSOXD
 70
0
  9
$DIMSAH
 70
0
  9
$DIMBLK1
  1

  9
$DIMBLK2
  1

  9
$DIMSTYLE
  2
ISO-25
  9
$DIMCLRD
 70
0
  9
$DIMCLRE
 70
0
  9
$DIMCLRT
 70
0
  9
$DIMTFAC
 40
1.0
  9
$DIMGAP
 40
0.625
  9
$DIMJUST
 70
0
  9
$DIMSD1
 70
0
  9
$DIMSD2
 70
0
  9
$DIMTOLJ
 70
0
  9
$DIMTZIN
 70
8
  9
$DIMALTZ
 70
0
  9
$DIMALTTZ
 70
0
  9
$DIMUPT
 70
0
  9
$DIMDEC
 70
2
  9
$DIMTDEC
 70
2
  9
$DIMALTU
 70
2
  9
$DIMALTTD
 70
3
  9
$DIMTXSTY
  7
Standard
  9
$DIMAUNIT
 70
0
  9
$DIMADEC
 70
0
  9
$DIMALTRND
 40
0.0
  9
$DIMAZIN
 70
0
  9
$DIMDSEP
 70
44
  9
$DIMATFIT
 70
3
  9
$DIMFRAC
 70
0
  9
$DIMLDRBLK
  1

  9
$DIMLUNIT
 70
2
  9
$DIMLWD
 70
-2
  9
$DIMLWE
 70
-2
  9
$DIMTMOVE
 70
0
  9
$DIMFXL
 40
1.0
  9
$DIMFXLON
 70
0
  9
$DIMJOGANG
 40
0.785398163397
  9
$DIMTFILL
 70
0
  9
$DIMTFILLCLR
 70
0
  9
$DIMARCSYM
 70
0
  9
$DIMLTYPE
  6

  9
$DIMLTEX1
  6

  9
$DIMLTEX2
  6

  9
$DIMTXTDIRECTION
 70
0
  9
$LUNITS
 70
2
  9
$LUPREC
 70
4
  9
$SKETCHINC
 40
1.0
  9
$FILLETRAD
 40
10.0
  9
$AUNITS
 70
0
  9
$AUPREC
 70
2
  9
$MENU
  1
.
  9
$ELEVATION
 40
0.0
  9
$PELEVATION
 40
0.0
  9
$THICKNESS
 40
0.0
  9
$LIMCHECK
 70
0
  9
$CHAMFERA
 40
0.0
  9
$CHAMFERB
 40
0.0
  9
$CHAMFERC
 40
0.0
  9
$CHAMFERD
 40
0.0
  9
$SKPOLY
 70
0
  9
$TDCREATE
 40
2461202.6153472224
  9
$TDUCREATE
 40
2458532.153996898
  9
$TDUPDATE
 40
2461202.6153472224
  9
$TDUUPDATE
 40
2458532.1544311
  9
$TDINDWG
 40
0.0
  9
$TDUSRTIMER
 40
0.0
  9
$USRTIMER
 70
1
  9
$ANGBASE
 50
0.0
  9
$ANGDIR
 70
0
  9
$PDMODE
 70
0
  9
$PDSIZE
 40
0.0
  9
$PLINEWID
 40
0.0
  9
$SPLFRAME
 70
0
  9
$SPLINETYPE
 70
6
  9
$SPLINESEGS
 70
8
  9
$HANDSEED
  5
226
  9
$SURFTAB1
 70
6
  9
$SURFTAB2
 70
6
  9
$SURFTYPE
 70
6
  9
$SURFU
 70
6
  9
$SURFV
 70
6
  9
$UCSBASE
  2

  9
$UCSNAME
  2

  9
$UCSORG
 10
0.0
 20
0.0
 30
0.0
  9
$UCSXDIR
 10
1.0
 20
0.0
 30
0.0
  9
$UCSYDIR
 10
0.0
 20
1.0
 30
0.0
  9
$UCSORTHOREF
  2

  9
$UCSORTHOVIEW
 70
0
  9
$UCSORGTOP
 10
0.0
 20
0.0
 30
0.0
  9
$UCSORGBOTTOM
 10
0.0
 20
0.0
 30
0.0
  9
$UCSORGLEFT
 10
0.0
 20
0.0
 30
0.0
  9
$UCSORGRIGHT
 10
0.0
 20
0.0
 30
0.0
  9
$UCSORGFRONT
 10
0.0
 20
0.0
 30
0.0
  9
$UCSORGBACK
 10
0.0
 20
0.0
 30
0.0
  9
$PUCSBASE
  2

  9
$PUCSNAME
  2

  9
$PUCSORG
 10
0.0
 20
0.0
 30
0.0
  9
$PUCSXDIR
 10
1.0
 20
0.0
 30
0.0
  9
$PUCSYDIR
 10
0.0
 20
1.0
 30
0.0
  9
$PUCSORTHOREF
  2

  9
$PUCSORTHOVIEW
 70
0
  9
$PUCSORGTOP
 10
0.0
 20
0.0
 30
0.0
  9
$PUCSORGBOTTOM
 10
0.0
 20
0.0
 30
0.0
  9
$PUCSORGLEFT
 10
0.0
 20
0.0
 30
0.0
  9
$PUCSORGRIGHT
 10
0.0
 20
0.0
 30
0.0
  9
$PUCSORGFRONT
 10
0.0
 20
0.0
 30
0.0
  9
$PUCSORGBACK
 10
0.0
 20
0.0
 30
0.0
  9
$USERI1
 70
0
  9
$USERI2
 70
0
  9
$USERI3
 70
0
  9
$USERI4
 70
0
  9
$USERI5
 70
0
  9
$USERR1
 40
0.0
  9
$USERR2
 40
0.0
  9
$USERR3
 40
0.0
  9
$USERR4
 40
0.0
  9
$USERR5
 40
0.0
  9
$WORLDVIEW
 70
1
  9
$SHADEDGE
 70
3
  9
$SHADEDIF
 70
70
  9
$TILEMODE
 70
1
  9
$MAXACTVP
 70
64
  9
$PINSBASE
 10
0.0
 20
0.0
 30
0.0
  9
$PLIMCHECK
 70
0
  9
$PEXTMIN
 10
1e+20
 20
1e+20
 30
1e+20
  9
$PEXTMAX
 10
-1e+20
 20
-1e+20
 30
-1e+20
  9
$PLIMMIN
 10
0.0
 20
0.0
  9
$PLIMMAX
 10
420.0
 20
297.0
  9
$UNITMODE
 70
0
  9
$VISRETAIN
 70
1
  9
$PLINEGEN
 70
0
  9
$PSLTSCALE
 70
1
  9
$TREEDEPTH
 70
3020
  9
$CMLSTYLE
  2
Standard
  9
$CMLJUST
 70
0
  9
$CMLSCALE
 40
20.0
  9
$PROXYGRAPHICS
 70
1
  9
$MEASUREMENT
 70
1
  9
$CELWEIGHT
370
-1
  9
$ENDCAPS
280
0
  9
$JOINSTYLE
280
0
  9
$LWDISPLAY
290
0
  9
$INSUNITS
 70
6
  9
$HYPERLINKBASE
  1

  9
$STYLESHEET
  1

  9
$XEDIT
290
1
  9
$CEPSNTYPE
380
0
  9
$PSTYLEMODE
290
1
  9
$FINGERPRINTGUID
  2
{4F7066B0-3857-40D2-806E-67EA611EB896}
  9
$VERSIONGUID
  2
{C2BFE0FE-65D1-4FEE-9786-5397051B3267}
  9
$EXTNAMES
290
1
  9
$PSVPSCALE
 40
0.0
  9
$OLESTARTUP
290
0
  9
$SORTENTS
280
127
  9
$INDEXCTL
280
0
  9
$HIDETEXT
280
1
  9
$XCLIPFRAME
280
1
  9
$HALOGAP
280
0
  9
$OBSCOLOR
 70
257
  9
$OBSLTYPE
280
0
  9
$INTERSECTIONDISPLAY
280
0
  9
$INTERSECTIONCOLOR
 70
257
  9
$DIMASSOC
280
2
  9
$PROJECTNAME
  1

  9
$CAMERADISPLAY
290
0
  9
$LENSLENGTH
 40
50.0
  9
$CAMERAHEIGHT
 40
0.0
  9
$STEPSPERSEC
 40
24.0
  9
$STEPSIZE
 40
100.0
  9
$3DDWFPREC
 40
2.0
  9
$PSOLWIDTH
 40
0.005
  9
$PSOLHEIGHT
 40
0.08
  9
$LOFTANG1
 40
1.570796326795
  9
$LOFTANG2
 40
1.570796326795
  9
$LOFTMAG1
 40
0.0
  9
$LOFTMAG2
 40
0.0
  9
$LOFTPARAM
 70
7
  9
$LOFTNORMALS
280
1
  9
$LATITUDE
 40
37.795
  9
$LONGITUDE
 40
-122.394
  9
$NORTHDIRECTION
 40
0.0
  9
$TIMEZONE
 70
-8000
  9
$LIGHTGLYPHDISPLAY
280
1
  9
$TILEMODELIGHTSYNCH
280
1
  9
$CMATERIAL
347
20
  9
$SOLIDHIST
280
0
  9
$SHOWHIST
280
1
  9
$DWFFRAME
280
2
  9
$DGNFRAME
280
2
  9
$REALWORLDSCALE
290
1
  9
$INTERFERECOLOR
 62
256
  9
$CSHADOW
280
0
  9
$SHADOWPLANELOCATION
 40
0.0
  0
ENDSEC
  0
SECTION
  2
CLASSES
  0
CLASS
  1
ACDBDICTIONARYWDFLT
  2
AcDbDictionaryWithDefault
  3
ObjectDBX Classes
 90
0
 91
0
280
0
281
0
  0
CLASS
  1
SUN
  2
AcDbSun
  3
SCENEOE
 90
1153
 91
0
280
0
281
0
  0
CLASS
  1
VISUALSTYLE
  2
AcDbVisualStyle
  3
ObjectDBX Classes
 90
4095
 91
0
280
0
281
0
  0
CLASS
  1
MATERIAL
  2
AcDbMaterial
  3
ObjectDBX Classes
 90
1153
 91
0
280
0
281
0
  0
CLASS
  1
SCALE
  2
AcDbScale
  3
ObjectDBX Classes
 90
1153
 91
0
280
0
281
0
  0
CLASS
  1
TABLESTYLE
  2
AcDbTableStyle
  3
ObjectDBX Classes
 90
4095
 91
0
280
0
281
0
  0
CLASS
  1
MLEADERSTYLE
  2
AcDbMLeaderStyle
  3
ACDB_MLEADERSTYLE_CLASS
 90
4095
 91
0
280
0
281
0
  0
CLASS
  1
DICTIONARYVAR
  2
AcDbDictionaryVar
  3
ObjectDBX Classes
 90
0
 91
0
280
0
281
0
  0
CLASS
  1
CELLSTYLEMAP
  2
AcDbCellStyleMap
  3
ObjectDBX Classes
 90
1152
 91
0
280
0
281
0
  0
CLASS
  1
MENTALRAYRENDERSETTINGS
  2
AcDbMentalRayRenderSettings
  3
SCENEOE
 90
1024
 91
0
280
0
281
0
  0
CLASS
  1
ACDBDETAILVIEWSTYLE
  2
AcDbDetailViewStyle
  3
ObjectDBX Classes
 90
1025
 91
0
280
0
281
0
  0
CLASS
  1
ACDBSECTIONVIEWSTYLE
  2
AcDbSectionViewStyle
  3
ObjectDBX Classes
 90
1025
 91
0
280
0
281
0
  0
CLASS
  1
RASTERVARIABLES
  2
AcDbRasterVariables
  3
ISM
 90
0
 91
0
280
0
281
0
  0
CLASS
  1
ACDBPLACEHOLDER
  2
AcDbPlaceHolder
  3
ObjectDBX Classes
 90
0
 91
0
280
0
281
0
  0
CLASS
  1
LAYOUT
  2
AcDbLayout
  3
ObjectDBX Classes
 90
0
 91
0
280
0
281
0
  0
ENDSEC
  0
SECTION
  2
TABLES
  0
TABLE
  2
VPORT
  5
8
330
0
100
AcDbSymbolTable
 70
1
  0
VPORT
  5
23
330
8
100
AcDbSymbolTableRecord
100
AcDbViewportTableRecord
  2
*Active
 70
0
 10
0.0
 20
0.0
 11
1.0
 21
1.0
 12
0.0
 22
0.0
 13
0.0
 23
0.0
 14
0.5
 24
0.5
 15
0.5
 25
0.5
 16
0.0
 26
0.0
 36
1.0
 17
0.0
 27
0.0
 37
0.0
 40
1000.0
 41
1.34
 42
50.0
 43
0.0
 44
0.0
 50
0.0
 51
0.0
 71
0
 72
1000
 73
1
 74
3
 75
0
 76
0
 77
0
 78
0
281
0
 65
0
146
0.0
  0
ENDTAB
  0
TABLE
  2
LTYPE
  5
2
330
0
100
AcDbSymbolTable
 70
3
  0
LTYPE
  5
24
330
2
100
AcDbSymbolTableRecord
100
AcDbLinetypeTableRecord
  2
ByBlock
 70
0
  3

 72
65
 73
0
 40
0.0
  0
LTYPE
  5
25
330
2
100
AcDbSymbolTableRecord
100
AcDbLinetypeTableRecord
  2
ByLayer
 70
0
  3

 72
65
 73
0
 40
0.0
  0
LTYPE
  5
26
330
2
100
AcDbSymbolTableRecord
100
AcDbLinetypeTableRecord
  2
Continuous
 70
0
  3

 72
65
 73
0
 40
0.0
  0
ENDTAB
  0
TABLE
  2
LAYER
  5
1
330
0
100
AcDbSymbolTable
 70
16
  0
LAYER
  5
27
330
1
100
AcDbSymbolTableRecord
100
AcDbLayerTableRecord
  2
0
 70
0
 62
7
  6
Continuous
370
-3
390
13
347
21
  0
LAYER
  5
28
330
1
100
AcDbSymbolTableRecord
100
AcDbLayerTableRecord
  2
Defpoints
 70
0
 62
7
  6
Continuous
290
0
370
-3
390
13
347
21
  0
LAYER
  5
2F
330
1
100
AcDbSymbolTableRecord
100
AcDbLayerTableRecord
  2
detalhes
 70
0
 62
7
  6
Continuous
370
-3
390
13
347
21
  0
LAYER
  5
30
330
1
100
AcDbSymbolTableRecord
100
AcDbLayerTableRecord
  2
barrote
 70
0
 62
7
  6
Continuous
370
-3
390
13
347
21
  0
LAYER
  5
31
330
1
100
AcDbSymbolTableRecord
100
AcDbLayerTableRecord
  2
SARR_3.5x7
 70
0
 62
7
  6
Continuous
370
-3
390
13
347
21
  0
LAYER
  5
32
330
1
100
AcDbSymbolTableRecord
100
AcDbLayerTableRecord
  2
COTA
 70
0
 62
7
  6
Continuous
370
-3
390
13
347
21
  0
LAYER
  5
33
330
1
100
AcDbSymbolTableRecord
100
AcDbLayerTableRecord
  2
Hachura
 70
0
 62
7
  6
Continuous
370
-3
390
13
347
21
  0
LAYER
  5
34
330
1
100
AcDbSymbolTableRecord
100
AcDbLayerTableRecord
  2
CONCRETO
 70
0
 62
7
  6
Continuous
370
-3
390
13
347
21
  0
LAYER
  5
35
330
1
100
AcDbSymbolTableRecord
100
AcDbLayerTableRecord
  2
Madeira
 70
0
 62
7
  6
Continuous
370
-3
390
13
347
21
  0
LAYER
  5
36
330
1
100
AcDbSymbolTableRecord
100
AcDbLayerTableRecord
  2
Cota Seção (2x)
 70
0
 62
7
  6
Continuous
370
-3
390
13
347
21
  0
LAYER
  5
37
330
1
100
AcDbSymbolTableRecord
100
AcDbLayerTableRecord
  2
Painéis
 70
0
 62
7
  6
Continuous
370
-3
390
13
347
21
  0
LAYER
  5
38
330
1
100
AcDbSymbolTableRecord
100
AcDbLayerTableRecord
  2
TENSOR
 70
0
 62
7
  6
Continuous
370
-3
390
13
347
21
  0
LAYER
  5
39
330
1
100
AcDbSymbolTableRecord
100
AcDbLayerTableRecord
  2
texto
 70
0
 62
7
  6
Continuous
370
-3
390
13
347
21
  0
LAYER
  5
3A
330
1
100
AcDbSymbolTableRecord
100
AcDbLayerTableRecord
  2
Texto Seção
 70
0
 62
7
  6
Continuous
370
-3
390
13
347
21
  0
LAYER
  5
3B
330
1
100
AcDbSymbolTableRecord
100
AcDbLayerTableRecord
  2
SARR_2.2x7
 70
0
 62
7
  6
Continuous
370
-3
390
13
347
21
  0
LAYER
  5
3C
330
1
100
AcDbSymbolTableRecord
100
AcDbLayerTableRecord
  2
5
 70
0
 62
7
  6
Continuous
370
-3
390
13
347
21
  0
ENDTAB
  0
TABLE
  2
STYLE
  5
5
330
0
100
AcDbSymbolTable
 70
1
  0
STYLE
  5
29
330
5
100
AcDbSymbolTableRecord
100
AcDbTextStyleTableRecord
  2
Standard
 70
0
 40
0.0
 41
1.0
 50
0.0
 71
0
 42
2.5
  3
txt
  4

  0
ENDTAB
  0
TABLE
  2
VIEW
  5
7
330
0
100
AcDbSymbolTable
 70
0
  0
ENDTAB
  0
TABLE
  2
UCS
  5
6
330
0
100
AcDbSymbolTable
 70
0
  0
ENDTAB
  0
TABLE
  2
APPID
  5
3
330
0
100
AcDbSymbolTable
 70
3
  0
APPID
  5
2A
330
3
100
AcDbSymbolTableRecord
100
AcDbRegAppTableRecord
  2
ACAD
 70
0
  0
APPID
  5
223
330
3
100
AcDbSymbolTableRecord
100
AcDbRegAppTableRecord
  2
HATCHBACKGROUNDCOLOR
 70
0
  0
APPID
  5
224
330
3
100
AcDbSymbolTableRecord
100
AcDbRegAppTableRecord
  2
EZDXF
 70
0
  0
ENDTAB
  0
TABLE
  2
DIMSTYLE
  5
4
330
0
100
AcDbSymbolTable
 70
1
100
AcDbDimStyleTable
  0
DIMSTYLE
105
2B
330
4
100
AcDbSymbolTableRecord
100
AcDbDimStyleTableRecord
  2
Standard
 70
0
 40
1.0
 41
2.5
 42
0.625
 43
3.75
 44
1.25
 45
0.0
 46
0.0
 47
0.0
 48
0.0
 49
2.5
140
2.5
141
2.5
142
0.0
143
0.03937007874
144
1.0
145
0.0
146
1.0
147
0.625
148
0.0
 69
0
 70
0
 71
0
 72
0
 73
0
 74
0
 75
0
 76
0
 77
1
 78
8
 79
3
170
0
171
3
172
1
173
0
174
0
175
0
176
0
177
0
178
0
179
2
271
2
272
2
273
2
274
3
275
0
276
0
277
2
278
44
279
0
280
0
281
0
282
0
283
0
284
8
285
0
286
0
288
0
289
3
290
0
371
-2
372
-2
  0
ENDTAB
  0
TABLE
  2
BLOCK_RECORD
  5
9
330
0
100
AcDbSymbolTable
 70
2
  0
BLOCK_RECORD
  5
17
330
9
100
AcDbSymbolTableRecord
100
AcDbBlockTableRecord
  2
*Model_Space
340
1A
 70
0
280
1
281
0
  0
BLOCK_RECORD
  5
1B
330
9
100
AcDbSymbolTableRecord
100
AcDbBlockTableRecord
  2
*Paper_Space
340
1E
 70
0
280
1
281
0
  0
ENDTAB
  0
ENDSEC
  0
SECTION
  2
BLOCKS
  0
BLOCK
  5
18
330
17
100
AcDbEntity
  8
0
100
AcDbBlockBegin
  2
*Model_Space
 70
0
 10
0.0
 20
0.0
 30
0.0
  3
*Model_Space
  1

  0
ENDBLK
  5
19
330
17
100
AcDbEntity
  8
0
100
AcDbBlockEnd
  0
BLOCK
  5
1C
330
1B
100
AcDbEntity
  8
0
100
AcDbBlockBegin
  2
*Paper_Space
 70
0
 10
0.0
 20
0.0
 30
0.0
  3
*Paper_Space
  1

  0
ENDBLK
  5
1D
330
1B
100
AcDbEntity
  8
0
100
AcDbBlockEnd
  0
ENDSEC
  0
SECTION
  2
ENTITIES
  0
LINE
  5
3D
330
17
100
AcDbEntity
  8
0
 62
7
370
25
100
AcDbLine
 10
4989.159505681936
 20
14191.32248846821
 30
0.0
 11
4989.159505681936
 21
14179.32248846821
 31
0.0
  0
LINE
  5
3E
330
17
100
AcDbEntity
  8
0
 62
7
370
25
100
AcDbLine
 10
5125.159505681964
 20
14188.32248846823
 30
0.0
 11
5125.159505681964
 21
14182.32248846823
 31
0.0
  0
LINE
  5
3F
330
17
100
AcDbEntity
  8
0
 62
7
370
25
100
AcDbLine
 10
5123.159505681964
 20
14191.32248846823
 30
0.0
 11
5123.159505681964
 21
14179.32248846823
 31
0.0
  0
LINE
  5
40
330
17
100
AcDbEntity
  8
0
 62
7
370
25
100
AcDbLine
 10
5123.159505681964
 20
14182.32248846823
 30
0.0
 11
5125.159505681964
 21
14182.32248846823
 31
0.0
  0
LINE
  5
41
330
17
100
AcDbEntity
  8
0
 62
7
370
25
100
AcDbLine
 10
4989.159505681936
 20
14179.32248846821
 30
0.0
 11
5019.159505681935
 21
14179.32248846821
 31
0.0
  0
LINE
  5
42
330
17
100
AcDbEntity
  8
0
 62
7
370
25
100
AcDbLine
 10
5093.159505681964
 20
14184.32248846823
 30
0.0
 11
5123.159505681964
 21
14184.32248846823
 31
0.0
  0
LINE
  5
43
330
17
100
AcDbEntity
  8
0
 62
7
370
25
100
AcDbLine
 10
5093.159505681964
 20
14186.32248846823
 30
0.0
 11
5123.159505681964
 21
14186.32248846823
 31
0.0
  0
LINE
  5
44
330
17
100
AcDbEntity
  8
TENSOR
 62
3
370
25
100
AcDbLine
 10
5128.159505681963
 20
14185.32248846821
 30
0.0
 11
4983.856211503837
 21
14185.32248846821
 31
0.0
  0
LINE
  5
45
330
17
100
AcDbEntity
  8
0
 62
7
370
25
100
AcDbLine
 10
5123.159505681964
 20
14188.32248846823
 30
0.0
 11
5125.159505681964
 21
14188.32248846823
 31
0.0
  0
LINE
  5
46
330
17
100
AcDbEntity
  8
0
 62
7
370
25
100
AcDbLine
 10
5019.159505681935
 20
14184.32248846821
 30
0.0
 11
4989.159505681936
 21
14184.32248846821
 31
0.0
  0
LINE
  5
47
330
17
100
AcDbEntity
  8
0
 62
7
370
25
100
AcDbLine
 10
5019.159505681935
 20
14186.32248846821
 30
0.0
 11
4989.159505681936
 21
14186.32248846821
 31
0.0
  0
LINE
  5
48
330
17
100
AcDbEntity
  8
0
 62
7
370
25
100
AcDbLine
 10
4989.159505681936
 20
14191.32248846821
 30
0.0
 11
5019.159505681935
 21
14191.32248846821
 31
0.0
  0
LINE
  5
49
330
17
100
AcDbEntity
  8
0
 62
7
370
25
100
AcDbLine
 10
5123.159505681964
 20
14179.32248846823
 30
0.0
 11
5093.159505681964
 21
14179.32248846823
 31
0.0
  0
LINE
  5
4A
330
17
100
AcDbEntity
  8
0
 62
7
370
25
100
AcDbLine
 10
5123.159505681964
 20
14191.32248846823
 30
0.0
 11
5093.159505681964
 21
14191.32248846823
 31
0.0
  0
LINE
  5
4B
330
17
100
AcDbEntity
  8
0
 62
7
370
25
100
AcDbLine
 10
4987.159505681935
 20
14188.32248846821
 30
0.0
 11
4987.159505681935
 21
14182.32248846821
 31
0.0
  0
LINE
  5
4C
330
17
100
AcDbEntity
  8
0
 62
7
370
25
100
AcDbLine
 10
4989.159505681936
 20
14182.32248846821
 30
0.0
 11
4987.159505681935
 21
14182.32248846821
 31
0.0
  0
LINE
  5
4D
330
17
100
AcDbEntity
  8
0
 62
7
370
25
100
AcDbLine
 10
4987.159505681935
 20
14188.32248846821
 30
0.0
 11
4989.159505681936
 21
14188.32248846821
 31
0.0
  0
LINE
  5
4E
330
17
100
AcDbEntity
  8
0
 62
7
370
25
100
AcDbLine
 10
4989.159505681936
 20
14281.32248846821
 30
0.0
 11
4989.159505681936
 21
14269.32248846821
 31
0.0
  0
LINE
  5
4F
330
17
100
AcDbEntity
  8
0
 62
7
370
25
100
AcDbLine
 10
5125.159505681964
 20
14278.32248846823
 30
0.0
 11
5125.159505681964
 21
14272.32248846823
 31
0.0
  0
LINE
  5
50
330
17
100
AcDbEntity
  8
0
 62
7
370
25
100
AcDbLine
 10
5123.159505681964
 20
14281.32248846823
 30
0.0
 11
5123.159505681964
 21
14269.32248846823
 31
0.0
  0
LINE
  5
51
330
17
100
AcDbEntity
  8
0
 62
7
370
25
100
AcDbLine
 10
5123.159505681964
 20
14272.32248846823
 30
0.0
 11
5125.159505681964
 21
14272.32248846823
 31
0.0
  0
LINE
  5
52
330
17
100
AcDbEntity
  8
0
 62
7
370
25
100
AcDbLine
 10
4989.159505681936
 20
14269.32248846821
 30
0.0
 11
5019.159505681935
 21
14269.32248846821
 31
0.0
  0
LINE
  5
53
330
17
100
AcDbEntity
  8
0
 62
7
370
25
100
AcDbLine
 10
5093.159505681964
 20
14274.32248846823
 30
0.0
 11
5123.159505681964
 21
14274.32248846823
 31
0.0
  0
LINE
  5
54
330
17
100
AcDbEntity
  8
0
 62
7
370
25
100
AcDbLine
 10
5093.159505681964
 20
14276.32248846823
 30
0.0
 11
5123.159505681964
 21
14276.32248846823
 31
0.0
  0
LINE
  5
55
330
17
100
AcDbEntity
  8
TENSOR
 62
3
370
25
100
AcDbLine
 10
5128.159505681963
 20
14275.32248846821
 30
0.0
 11
4983.856211503837
 21
14275.32248846821
 31
0.0
  0
LINE
  5
56
330
17
100
AcDbEntity
  8
0
 62
7
370
25
100
AcDbLine
 10
5123.159505681964
 20
14278.32248846823
 30
0.0
 11
5125.159505681964
 21
14278.32248846823
 31
0.0
  0
LINE
  5
57
330
17
100
AcDbEntity
  8
0
 62
7
370
25
100
AcDbLine
 10
5019.159505681935
 20
14274.32248846821
 30
0.0
 11
4989.159505681936
 21
14274.32248846821
 31
0.0
  0
LINE
  5
58
330
17
100
AcDbEntity
  8
0
 62
7
370
25
100
AcDbLine
 10
5019.159505681935
 20
14276.32248846821
 30
0.0
 11
4989.159505681936
 21
14276.32248846821
 31
0.0
  0
LINE
  5
59
330
17
100
AcDbEntity
  8
0
 62
7
370
25
100
AcDbLine
 10
4989.159505681936
 20
14281.32248846821
 30
0.0
 11
5019.159505681935
 21
14281.32248846821
 31
0.0
  0
LINE
  5
5A
330
17
100
AcDbEntity
  8
0
 62
7
370
25
100
AcDbLine
 10
5123.159505681964
 20
14269.32248846823
 30
0.0
 11
5093.159505681964
 21
14269.32248846823
 31
0.0
  0
LINE
  5
5B
330
17
100
AcDbEntity
  8
0
 62
7
370
25
100
AcDbLine
 10
5123.159505681964
 20
14281.32248846823
 30
0.0
 11
5093.159505681964
 21
14281.32248846823
 31
0.0
  0
LINE
  5
5C
330
17
100
AcDbEntity
  8
0
 62
7
370
25
100
AcDbLine
 10
4987.159505681935
 20
14278.32248846821
 30
0.0
 11
4987.159505681935
 21
14272.32248846821
 31
0.0
  0
LINE
  5
5D
330
17
100
AcDbEntity
  8
0
 62
7
370
25
100
AcDbLine
 10
4989.159505681936
 20
14272.32248846821
 30
0.0
 11
4987.159505681935
 21
14272.32248846821
 31
0.0
  0
LINE
  5
5E
330
17
100
AcDbEntity
  8
0
 62
7
370
25
100
AcDbLine
 10
4987.159505681935
 20
14278.32248846821
 30
0.0
 11
4989.159505681936
 21
14278.32248846821
 31
0.0
  0
LINE
  5
5F
330
17
100
AcDbEntity
  8
0
 62
7
370
25
100
AcDbLine
 10
4989.159505681936
 20
14371.32248846821
 30
0.0
 11
4989.159505681936
 21
14359.32248846821
 31
0.0
  0
LINE
  5
60
330
17
100
AcDbEntity
  8
0
 62
7
370
25
100
AcDbLine
 10
5125.159505681964
 20
14368.32248846823
 30
0.0
 11
5125.159505681964
 21
14362.32248846823
 31
0.0
  0
LINE
  5
61
330
17
100
AcDbEntity
  8
0
 62
7
370
25
100
AcDbLine
 10
5123.159505681964
 20
14371.32248846823
 30
0.0
 11
5123.159505681964
 21
14359.32248846823
 31
0.0
  0
LINE
  5
62
330
17
100
AcDbEntity
  8
0
 62
7
370
25
100
AcDbLine
 10
5123.159505681964
 20
14362.32248846823
 30
0.0
 11
5125.159505681964
 21
14362.32248846823
 31
0.0
  0
LINE
  5
63
330
17
100
AcDbEntity
  8
0
 62
7
370
25
100
AcDbLine
 10
4989.159505681936
 20
14359.32248846821
 30
0.0
 11
5019.159505681935
 21
14359.32248846821
 31
0.0
  0
LINE
  5
64
330
17
100
AcDbEntity
  8
0
 62
7
370
25
100
AcDbLine
 10
5093.159505681964
 20
14364.32248846823
 30
0.0
 11
5123.159505681964
 21
14364.32248846823
 31
0.0
  0
LINE
  5
65
330
17
100
AcDbEntity
  8
0
 62
7
370
25
100
AcDbLine
 10
5093.159505681964
 20
14366.32248846823
 30
0.0
 11
5123.159505681964
 21
14366.32248846823
 31
0.0
  0
LINE
  5
66
330
17
100
AcDbEntity
  8
TENSOR
 62
3
370
25
100
AcDbLine
 10
5128.159505681963
 20
14365.32248846821
 30
0.0
 11
4983.856211503837
 21
14365.32248846821
 31
0.0
  0
LINE
  5
67
330
17
100
AcDbEntity
  8
0
 62
7
370
25
100
AcDbLine
 10
5123.159505681964
 20
14368.32248846823
 30
0.0
 11
5125.159505681964
 21
14368.32248846823
 31
0.0
  0
LINE
  5
68
330
17
100
AcDbEntity
  8
0
 62
7
370
25
100
AcDbLine
 10
5019.159505681935
 20
14364.32248846821
 30
0.0
 11
4989.159505681936
 21
14364.32248846821
 31
0.0
  0
LINE
  5
69
330
17
100
AcDbEntity
  8
0
 62
7
370
25
100
AcDbLine
 10
5019.159505681935
 20
14366.32248846821
 30
0.0
 11
4989.159505681936
 21
14366.32248846821
 31
0.0
  0
LINE
  5
6A
330
17
100
AcDbEntity
  8
0
 62
7
370
25
100
AcDbLine
 10
4989.159505681936
 20
14371.32248846821
 30
0.0
 11
5019.159505681935
 21
14371.32248846821
 31
0.0
  0
LINE
  5
6B
330
17
100
AcDbEntity
  8
0
 62
7
370
25
100
AcDbLine
 10
5123.159505681964
 20
14359.32248846823
 30
0.0
 11
5093.159505681964
 21
14359.32248846823
 31
0.0
  0
LINE
  5
6C
330
17
100
AcDbEntity
  8
0
 62
7
370
25
100
AcDbLine
 10
5123.159505681964
 20
14371.32248846823
 30
0.0
 11
5093.159505681964
 21
14371.32248846823
 31
0.0
  0
LINE
  5
6D
330
17
100
AcDbEntity
  8
0
 62
7
370
25
100
AcDbLine
 10
4987.159505681935
 20
14368.32248846821
 30
0.0
 11
4987.159505681935
 21
14362.32248846821
 31
0.0
  0
LINE
  5
6E
330
17
100
AcDbEntity
  8
0
 62
7
370
25
100
AcDbLine
 10
4989.159505681936
 20
14362.32248846821
 30
0.0
 11
4987.159505681935
 21
14362.32248846821
 31
0.0
  0
LINE
  5
6F
330
17
100
AcDbEntity
  8
0
 62
7
370
25
100
AcDbLine
 10
4987.159505681935
 20
14368.32248846821
 30
0.0
 11
4989.159505681936
 21
14368.32248846821
 31
0.0
  0
LINE
  5
70
330
17
100
AcDbEntity
  8
0
 62
7
370
25
100
AcDbLine
 10
4989.159505681936
 20
14461.32248846821
 30
0.0
 11
4989.159505681936
 21
14449.32248846821
 31
0.0
  0
LINE
  5
71
330
17
100
AcDbEntity
  8
0
 62
7
370
25
100
AcDbLine
 10
5125.159505681964
 20
14458.32248846823
 30
0.0
 11
5125.159505681964
 21
14452.32248846823
 31
0.0
  0
LINE
  5
72
330
17
100
AcDbEntity
  8
0
 62
7
370
25
100
AcDbLine
 10
5123.159505681964
 20
14461.32248846823
 30
0.0
 11
5123.159505681964
 21
14449.32248846823
 31
0.0
  0
LINE
  5
73
330
17
100
AcDbEntity
  8
0
 62
7
370
25
100
AcDbLine
 10
5123.159505681964
 20
14452.32248846823
 30
0.0
 11
5125.159505681964
 21
14452.32248846823
 31
0.0
  0
LINE
  5
74
330
17
100
AcDbEntity
  8
0
 62
7
370
25
100
AcDbLine
 10
4989.159505681936
 20
14449.32248846821
 30
0.0
 11
5019.159505681935
 21
14449.32248846821
 31
0.0
  0
LINE
  5
75
330
17
100
AcDbEntity
  8
0
 62
7
370
25
100
AcDbLine
 10
5093.159505681964
 20
14454.32248846823
 30
0.0
 11
5123.159505681964
 21
14454.32248846823
 31
0.0
  0
LINE
  5
76
330
17
100
AcDbEntity
  8
0
 62
7
370
25
100
AcDbLine
 10
5093.159505681964
 20
14456.32248846823
 30
0.0
 11
5123.159505681964
 21
14456.32248846823
 31
0.0
  0
LINE
  5
77
330
17
100
AcDbEntity
  8
TENSOR
 62
3
370
25
100
AcDbLine
 10
5128.159505681963
 20
14455.32248846821
 30
0.0
 11
4983.856211503837
 21
14455.32248846821
 31
0.0
  0
LINE
  5
78
330
17
100
AcDbEntity
  8
0
 62
7
370
25
100
AcDbLine
 10
5123.159505681964
 20
14458.32248846823
 30
0.0
 11
5125.159505681964
 21
14458.32248846823
 31
0.0
  0
LINE
  5
79
330
17
100
AcDbEntity
  8
0
 62
7
370
25
100
AcDbLine
 10
5019.159505681935
 20
14454.32248846821
 30
0.0
 11
4989.159505681936
 21
14454.32248846821
 31
0.0
  0
LINE
  5
7A
330
17
100
AcDbEntity
  8
0
 62
7
370
25
100
AcDbLine
 10
5019.159505681935
 20
14456.32248846821
 30
0.0
 11
4989.159505681936
 21
14456.32248846821
 31
0.0
  0
LINE
  5
7B
330
17
100
AcDbEntity
  8
0
 62
7
370
25
100
AcDbLine
 10
4989.159505681936
 20
14461.32248846821
 30
0.0
 11
5019.159505681935
 21
14461.32248846821
 31
0.0
  0
LINE
  5
7C
330
17
100
AcDbEntity
  8
0
 62
7
370
25
100
AcDbLine
 10
5123.159505681964
 20
14449.32248846823
 30
0.0
 11
5093.159505681964
 21
14449.32248846823
 31
0.0
  0
LINE
  5
7D
330
17
100
AcDbEntity
  8
0
 62
7
370
25
100
AcDbLine
 10
5123.159505681964
 20
14461.32248846823
 30
0.0
 11
5093.159505681964
 21
14461.32248846823
 31
0.0
  0
LINE
  5
7E
330
17
100
AcDbEntity
  8
0
 62
7
370
25
100
AcDbLine
 10
4987.159505681935
 20
14458.32248846821
 30
0.0
 11
4987.159505681935
 21
14452.32248846821
 31
0.0
  0
LINE
  5
7F
330
17
100
AcDbEntity
  8
0
 62
7
370
25
100
AcDbLine
 10
4989.159505681936
 20
14452.32248846821
 30
0.0
 11
4987.159505681935
 21
14452.32248846821
 31
0.0
  0
LINE
  5
80
330
17
100
AcDbEntity
  8
0
 62
7
370
25
100
AcDbLine
 10
4987.159505681935
 20
14458.32248846821
 30
0.0
 11
4989.159505681936
 21
14458.32248846821
 31
0.0
  0
LINE
  5
81
330
17
100
AcDbEntity
  8
SARR_2.2x7
 62
40
370
25
100
AcDbLine
 10
5472.983023392446
 20
14548.41563765419
 30
0.0
 11
5579.983023392446
 21
14548.41563765419
 31
0.0
  0
LINE
  5
82
330
17
100
AcDbEntity
  8
SARR_2.2x7
 62
40
370
25
100
AcDbLine
 10
5579.983023392443
 20
14548.41563765419
 30
0.0
 11
5701.983023392446
 21
14548.4156376542
 31
0.0
  0
LINE
  5
83
330
17
100
AcDbEntity
  8
SARR_2.2x7
 62
40
370
25
100
AcDbLine
 10
5701.983023392446
 20
14548.4156376542
 30
0.0
 11
6020.983023392446
 21
14548.41563765421
 31
0.0
  0
LINE
  5
84
330
17
100
AcDbEntity
  8
SARR_2.2x7
 62
40
370
25
100
AcDbLine
 10
5464.983023392448
 20
14395.61563765418
 30
0.0
 11
5464.983023392445
 21
14550.61563765418
 31
0.0
  0
LINE
  5
85
330
17
100
AcDbEntity
  8
SARR_2.2x7
 62
40
370
25
100
AcDbLine
 10
6028.983023392448
 20
14395.61563765421
 30
0.0
 11
6028.983023392445
 21
14550.61563765421
 31
0.0
  0
LINE
  5
86
330
17
100
AcDbEntity
  8
SARR_3.5x7
 62
81
370
25
100
AcDbLine
 10
6020.983023392445
 20
14550.61563765425
 30
0.0
 11
6020.983023392361
 21
14395.61563765421
 31
0.0
  0
LINE
  5
87
330
17
100
AcDbEntity
  8
SARR_3.5x7
 62
81
370
25
100
AcDbLine
 10
6017.483023392446
 20
14548.41563765425
 30
0.0
 11
6017.483023392419
 21
14395.61563765421
 31
0.0
  0
LINE
  5
88
330
17
100
AcDbEntity
  8
SARR_3.5x7
 62
81
370
25
100
AcDbLine
 10
5705.483023392474
 20
14548.41563765424
 30
0.0
 11
5705.483023392506
 21
14395.6156376542
 31
0.0
  0
LINE
  5
89
330
17
100
AcDbEntity
  8
SARR_3.5x7
 62
81
370
25
100
AcDbLine
 10
5698.483023392387
 20
14548.4156376543
 30
0.0
 11
5698.48302339236
 21
14395.6156376542
 31
0.0
  0
LINE
  5
8A
330
17
100
AcDbEntity
  8
SARR_3.5x7
 62
81
370
25
100
AcDbLine
 10
5472.983023392445
 20
14550.6156376542
 30
0.0
 11
5472.983023392448
 21
14395.61563765418
 31
0.0
  0
LINE
  5
8B
330
17
100
AcDbEntity
  8
SARR_3.5x7
 62
81
370
25
100
AcDbLine
 10
5476.483023392446
 20
14548.4156376542
 30
0.0
 11
5476.483023392447
 21
14395.61563765418
 31
0.0
  0
LINE
  5
8C
330
17
100
AcDbEntity
  8
SARR_3.5x7
 62
81
370
25
100
AcDbLine
 10
5701.983023392446
 20
14548.4156376542
 30
0.0
 11
5701.983023392448
 21
14395.61563765421
 31
0.0
  0
LINE
  5
8D
330
17
100
AcDbEntity
  8
SARR_3.5x7
 62
81
370
25
100
AcDbLine
 10
5698.48302339236
 20
14395.6156376542
 30
0.0
 11
5701.983023392448
 21
14395.6156376542
 31
0.0
  0
LINE
  5
8E
330
17
100
AcDbEntity
  8
SARR_3.5x7
 62
81
370
25
100
AcDbLine
 10
5701.983023392448
 20
14395.6156376542
 30
0.0
 11
5705.483023392506
 21
14395.6156376542
 31
0.0
  0
LINE
  5
8F
330
17
100
AcDbEntity
  8
SARR_3.5x7
 62
81
370
25
100
AcDbLine
 10
6017.483023392419
 20
14395.61563765421
 30
0.0
 11
6020.983023392361
 21
14395.61563765421
 31
0.0
  0
LINE
  5
90
330
17
100
AcDbEntity
  8
SARR_3.5x7
 62
81
370
25
100
AcDbLine
 10
5472.983023392448
 20
14395.61563765418
 30
0.0
 11
5476.483023392447
 21
14395.61563765418
 31
0.0
  0
LINE
  5
91
330
17
100
AcDbEntity
  8
Painéis
 62
200
370
25
100
AcDbLine
 10
5457.983023392444
 20
14550.61563765418
 30
0.0
 11
6035.983023392445
 21
14550.61563765421
 31
0.0
  0
LINE
  5
92
330
17
100
AcDbEntity
  8
Painéis
 62
200
370
25
100
AcDbLine
 10
5457.983023392447
 20
14395.61563765418
 30
0.0
 11
6035.983023392447
 21
14395.61563765421
 31
0.0
  0
LINE
  5
93
330
17
100
AcDbEntity
  8
Painéis
 62
200
370
25
100
AcDbLine
 10
5457.983023392447
 20
14395.61563765418
 30
0.0
 11
5457.983023392444
 21
14550.61563765418
 31
0.0
  0
LINE
  5
94
330
17
100
AcDbEntity
  8
Painéis
 62
200
370
25
100
AcDbLine
 10
5701.983023392448
 20
14395.6156376542
 30
0.0
 11
5701.983023392445
 21
14550.6156376542
 31
0.0
  0
LINE
  5
95
330
17
100
AcDbEntity
  8
Painéis
 62
200
370
25
100
AcDbLine
 10
6035.983023392447
 20
14395.61563765421
 30
0.0
 11
6035.983023392445
 21
14550.61563765421
 31
0.0
  0
LINE
  5
96
330
17
100
AcDbEntity
  8
COTA
 62
241
370
25
100
AcDbLine
 10
5457.983023392444
 20
14380.61563765423
 30
0.0
 11
6035.983023392444
 21
14380.61563765421
 31
0.0
  0
LINE
  5
97
330
17
100
AcDbEntity
  8
COTA
 62
241
370
25
100
AcDbLine
 10
5457.983023392444
 20
14395.61563765423
 30
0.0
 11
5457.983023392444
 21
14380.61563765423
 31
0.0
  0
LINE
  5
98
330
17
100
AcDbEntity
  8
COTA
 62
241
370
25
100
AcDbLine
 10
6035.983023392445
 20
14395.61563765421
 30
0.0
 11
6035.983023392444
 21
14380.61563765421
 31
0.0
  0
LINE
  5
99
330
17
100
AcDbEntity
  8
SARR_3.5x7
 62
81
370
25
100
AcDbLine
 10
5583.483023392474
 20
14548.41563765424
 30
0.0
 11
5583.483023392506
 21
14395.6156376542
 31
0.0
  0
LINE
  5
9A
330
17
100
AcDbEntity
  8
SARR_3.5x7
 62
81
370
25
100
AcDbLine
 10
5576.483023392388
 20
14548.4156376543
 30
0.0
 11
5576.48302339236
 21
14395.6156376542
 31
0.0
  0
LINE
  5
9B
330
17
100
AcDbEntity
  8
SARR_3.5x7
 62
81
370
25
100
AcDbLine
 10
5579.983023392446
 20
14548.4156376542
 30
0.0
 11
5579.983023392447
 21
14395.61563765421
 31
0.0
  0
LINE
  5
9C
330
17
100
AcDbEntity
  8
Painéis
 62
200
370
25
100
AcDbLine
 10
5579.983023392447
 20
14395.6156376542
 30
0.0
 11
5579.983023392445
 21
14550.6156376542
 31
0.0
  0
LINE
  5
9D
330
17
100
AcDbEntity
  8
SARR_3.5x7
 62
81
370
25
100
AcDbLine
 10
5827.483023392475
 20
14548.41563765424
 30
0.0
 11
5827.483023392506
 21
14395.6156376542
 31
0.0
  0
LINE
  5
9E
330
17
100
AcDbEntity
  8
SARR_3.5x7
 62
81
370
25
100
AcDbLine
 10
5820.483023392387
 20
14548.4156376543
 30
0.0
 11
5820.48302339236
 21
14395.6156376542
 31
0.0
  0
LINE
  5
9F
330
17
100
AcDbEntity
  8
SARR_3.5x7
 62
81
370
25
100
AcDbLine
 10
5823.983023392446
 20
14548.4156376542
 30
0.0
 11
5823.983023392448
 21
14395.61563765421
 31
0.0
  0
LINE
  5
A0
330
17
100
AcDbEntity
  8
Painéis
 62
200
370
25
100
AcDbLine
 10
5823.983023392448
 20
14395.6156376542
 30
0.0
 11
5823.983023392445
 21
14550.6156376542
 31
0.0
  0
LINE
  5
A1
330
17
100
AcDbEntity
  8
SARR_3.5x7
 62
81
370
25
100
AcDbLine
 10
5949.483023392475
 20
14548.41563765424
 30
0.0
 11
5949.483023392506
 21
14395.6156376542
 31
0.0
  0
LINE
  5
A2
330
17
100
AcDbEntity
  8
SARR_3.5x7
 62
81
370
25
100
AcDbLine
 10
5942.483023392387
 20
14548.4156376543
 30
0.0
 11
5942.483023392361
 21
14395.6156376542
 31
0.0
  0
LINE
  5
A3
330
17
100
AcDbEntity
  8
SARR_3.5x7
 62
81
370
25
100
AcDbLine
 10
5945.983023392446
 20
14548.4156376542
 30
0.0
 11
5945.983023392447
 21
14395.61563765421
 31
0.0
  0
LINE
  5
A4
330
17
100
AcDbEntity
  8
Painéis
 62
200
370
25
100
AcDbLine
 10
5945.983023392447
 20
14395.6156376542
 30
0.0
 11
5945.983023392445
 21
14550.6156376542
 31
0.0
  0
LINE
  5
A5
330
17
100
AcDbEntity
  8
SARR_2.2x7
 62
40
370
25
100
AcDbLine
 10
5325.681207775882
 20
14534.41563765418
 30
0.0
 11
5371.681207775882
 21
14534.41563765418
 31
0.0
  0
LINE
  5
A6
330
17
100
AcDbEntity
  8
SARR_2.2x7
 62
40
370
25
100
AcDbLine
 10
5371.681207775882
 20
14534.41563765418
 30
0.0
 11
5424.681207775882
 21
14534.41563765418
 31
0.0
  0
LINE
  5
A7
330
17
100
AcDbEntity
  8
SARR_2.2x7
 62
40
370
25
100
AcDbLine
 10
5317.681207775882
 20
14486.61563765417
 30
0.0
 11
5317.681207775882
 21
14536.61563765417
 31
0.0
  0
LINE
  5
A8
330
17
100
AcDbEntity
  8
SARR_2.2x7
 62
40
370
25
100
AcDbLine
 10
5432.681207775882
 20
14486.61563765417
 30
0.0
 11
5432.681207775882
 21
14536.61563765417
 31
0.0
  0
LINE
  5
A9
330
17
100
AcDbEntity
  8
SARR_3.5x7
 62
81
370
25
100
AcDbLine
 10
5424.681207775882
 20
14536.61563765422
 30
0.0
 11
5424.681207775794
 21
14486.61563765417
 31
0.0
  0
LINE
  5
AA
330
17
100
AcDbEntity
  8
SARR_3.5x7
 62
81
370
25
100
AcDbLine
 10
5421.181207775881
 20
14534.41563765422
 30
0.0
 11
5421.181207775852
 21
14486.61563765417
 31
0.0
  0
LINE
  5
AB
330
17
100
AcDbEntity
  8
SARR_3.5x7
 62
81
370
25
100
AcDbLine
 10
5375.18120777591
 20
14534.41563765422
 30
0.0
 11
5375.181207775939
 21
14486.61563765417
 31
0.0
  0
LINE
  5
AC
330
17
100
AcDbEntity
  8
SARR_3.5x7
 62
81
370
25
100
AcDbLine
 10
5368.181207775823
 20
14534.41563765428
 30
0.0
 11
5368.181207775794
 21
14486.61563765417
 31
0.0
  0
LINE
  5
AD
330
17
100
AcDbEntity
  8
SARR_3.5x7
 62
81
370
25
100
AcDbLine
 10
5325.681207775882
 20
14536.61563765419
 30
0.0
 11
5325.681207775882
 21
14486.61563765417
 31
0.0
  0
LINE
  5
AE
330
17
100
AcDbEntity
  8
SARR_3.5x7
 62
81
370
25
100
AcDbLine
 10
5329.181207775882
 20
14534.41563765419
 30
0.0
 11
5329.181207775882
 21
14486.61563765417
 31
0.0
  0
LINE
  5
AF
330
17
100
AcDbEntity
  8
SARR_3.5x7
 62
81
370
25
100
AcDbLine
 10
5371.681207775882
 20
14534.41563765418
 30
0.0
 11
5371.681207775882
 21
14486.61563765419
 31
0.0
  0
LINE
  5
B0
330
17
100
AcDbEntity
  8
SARR_3.5x7
 62
81
370
25
100
AcDbLine
 10
5368.181207775794
 20
14486.61563765417
 30
0.0
 11
5371.681207775882
 21
14486.61563765417
 31
0.0
  0
LINE
  5
B1
330
17
100
AcDbEntity
  8
SARR_3.5x7
 62
81
370
25
100
AcDbLine
 10
5371.681207775882
 20
14486.61563765417
 30
0.0
 11
5375.181207775939
 21
14486.61563765417
 31
0.0
  0
LINE
  5
B2
330
17
100
AcDbEntity
  8
SARR_3.5x7
 62
81
370
25
100
AcDbLine
 10
5421.181207775852
 20
14486.61563765417
 30
0.0
 11
5424.681207775794
 21
14486.61563765417
 31
0.0
  0
LINE
  5
B3
330
17
100
AcDbEntity
  8
SARR_3.5x7
 62
81
370
25
100
AcDbLine
 10
5325.681207775882
 20
14486.61563765417
 30
0.0
 11
5329.181207775882
 21
14486.61563765417
 31
0.0
  0
LINE
  5
B4
330
17
100
AcDbEntity
  8
Painéis
 62
200
370
25
100
AcDbLine
 10
5310.681207775882
 20
14536.61563765417
 30
0.0
 11
5439.681207775882
 21
14536.61563765417
 31
0.0
  0
LINE
  5
B5
330
17
100
AcDbEntity
  8
Painéis
 62
200
370
25
100
AcDbLine
 10
5310.681207775882
 20
14486.61563765417
 30
0.0
 11
5439.681207775882
 21
14486.61563765417
 31
0.0
  0
LINE
  5
B6
330
17
100
AcDbEntity
  8
Painéis
 62
200
370
25
100
AcDbLine
 10
5310.681207775882
 20
14486.61563765417
 30
0.0
 11
5310.681207775882
 21
14536.61563765417
 31
0.0
  0
LINE
  5
B7
330
17
100
AcDbEntity
  8
Painéis
 62
200
370
25
100
AcDbLine
 10
5371.681207775882
 20
14486.61563765417
 30
0.0
 11
5371.681207775882
 21
14536.61563765417
 31
0.0
  0
LINE
  5
B8
330
17
100
AcDbEntity
  8
Painéis
 62
200
370
25
100
AcDbLine
 10
5439.681207775882
 20
14486.61563765417
 30
0.0
 11
5439.681207775882
 21
14536.61563765417
 31
0.0
  0
LINE
  5
B9
330
17
100
AcDbEntity
  8
SARR_3.5x7
 62
81
370
25
100
AcDbLine
 10
5346.931207775853
 20
14534.41563765418
 30
0.0
 11
5346.931207775853
 21
14486.61563765416
 31
0.0
  0
LINE
  5
BA
330
17
100
AcDbEntity
  8
SARR_3.5x7
 62
81
370
25
100
AcDbLine
 10
5350.431207775852
 20
14534.41563765418
 30
0.0
 11
5350.431207775852
 21
14486.61563765416
 31
0.0
  0
LINE
  5
BB
330
17
100
AcDbEntity
  8
COTA
 62
241
370
25
100
AcDbLine
 10
5439.681207775882
 20
14536.61563765417
 30
0.0
 11
5439.681207775882
 21
14550.61563765418
 31
0.0
  0
LINE
  5
BC
330
17
100
AcDbEntity
  8
COTA
 62
241
370
25
100
AcDbLine
 10
5439.681207775882
 20
14550.61563765418
 30
0.0
 11
5310.681207775882
 21
14550.61563765417
 31
0.0
  0
LINE
  5
BD
330
17
100
AcDbEntity
  8
COTA
 62
241
370
25
100
AcDbLine
 10
5310.681207775882
 20
14550.61563765417
 30
0.0
 11
5310.681207775882
 21
14536.61563765417
 31
0.0
  0
LINE
  5
BE
330
17
100
AcDbEntity
  8
SARR_3.5x7
 62
81
370
25
100
AcDbLine
 10
5401.43120777591
 20
14534.41563765418
 30
0.0
 11
5401.43120777591
 21
14486.61563765416
 31
0.0
  0
LINE
  5
BF
330
17
100
AcDbEntity
  8
SARR_3.5x7
 62
81
370
25
100
AcDbLine
 10
5397.93120777591
 20
14534.41563765418
 30
0.0
 11
5397.93120777591
 21
14486.61563765416
 31
0.0
  0
LINE
  5
C0
330
17
100
AcDbEntity
  8
SARR_2.2x7
 62
40
370
25
100
AcDbLine
 10
5282.929509762976
 20
14196.92397992807
 30
0.0
 11
5381.929509762978
 21
14196.92397992808
 31
0.0
  0
LINE
  5
C1
330
17
100
AcDbEntity
  8
SARR_2.2x7
 62
40
370
25
100
AcDbLine
 10
5381.929509762977
 20
14196.92397992808
 30
0.0
 11
5503.929509762978
 21
14196.92397992808
 31
0.0
  0
LINE
  5
C2
330
17
100
AcDbEntity
  8
SARR_2.2x7
 62
40
370
25
100
AcDbLine
 10
5503.929509762978
 20
14196.92397992808
 30
0.0
 11
5875.929509762999
 21
14196.92397992809
 31
0.0
  0
LINE
  5
C3
330
17
100
AcDbEntity
  8
SARR_2.2x7
 62
40
370
25
100
AcDbLine
 10
5266.92950976298
 20
14026.12397992806
 30
0.0
 11
5266.92950976298
 21
14142.12397992806
 31
0.0
  0
LINE
  5
C4
330
17
100
AcDbEntity
  8
SARR_3.5x7
 62
81
370
25
100
AcDbLine
 10
5875.929509762997
 20
14199.12397992813
 30
0.0
 11
5875.929509762912
 21
14026.12397992809
 31
0.0
  0
LINE
  5
C5
330
17
100
AcDbEntity
  8
SARR_3.5x7
 62
81
370
25
100
AcDbLine
 10
5872.429509762998
 20
14196.92397992814
 30
0.0
 11
5872.429509762971
 21
14026.12397992809
 31
0.0
  0
LINE
  5
C6
330
17
100
AcDbEntity
  8
SARR_3.5x7
 62
81
370
25
100
AcDbLine
 10
5507.429509763007
 20
14196.92397992813
 30
0.0
 11
5507.429509763039
 21
14026.12397992808
 31
0.0
  0
LINE
  5
C7
330
17
100
AcDbEntity
  8
SARR_3.5x7
 62
81
370
25
100
AcDbLine
 10
5500.42950976292
 20
14196.92397992818
 30
0.0
 11
5500.429509762892
 21
14026.12397992808
 31
0.0
  0
LINE
  5
C8
330
17
100
AcDbEntity
  8
SARR_3.5x7
 62
81
370
25
100
AcDbLine
 10
5282.929509762976
 20
14199.12397992808
 30
0.0
 11
5282.929509762978
 21
14026.12397992806
 31
0.0
  0
LINE
  5
C9
330
17
100
AcDbEntity
  8
SARR_3.5x7
 62
81
370
25
100
AcDbLine
 10
5286.429509762976
 20
14196.92397992808
 30
0.0
 11
5286.429509762978
 21
14026.12397992806
 31
0.0
  0
LINE
  5
CA
330
17
100
AcDbEntity
  8
SARR_3.5x7
 62
81
370
25
100
AcDbLine
 10
5503.929509762978
 20
14196.92397992808
 30
0.0
 11
5503.92950976298
 21
14026.12397992809
 31
0.0
  0
LINE
  5
CB
330
17
100
AcDbEntity
  8
SARR_3.5x7
 62
81
370
25
100
AcDbLine
 10
5500.429509762892
 20
14026.12397992808
 30
0.0
 11
5503.92950976298
 21
14026.12397992808
 31
0.0
  0
LINE
  5
CC
330
17
100
AcDbEntity
  8
SARR_3.5x7
 62
81
370
25
100
AcDbLine
 10
5503.92950976298
 20
14026.12397992808
 30
0.0
 11
5507.429509763039
 21
14026.12397992808
 31
0.0
  0
LINE
  5
CD
330
17
100
AcDbEntity
  8
SARR_3.5x7
 62
81
370
25
100
AcDbLine
 10
5872.429509762971
 20
14026.12397992809
 30
0.0
 11
5875.929509762912
 21
14026.12397992809
 31
0.0
  0
LINE
  5
CE
330
17
100
AcDbEntity
  8
SARR_3.5x7
 62
81
370
25
100
AcDbLine
 10
5274.92950976298
 20
14026.12397992806
 30
0.0
 11
5278.42950976298
 21
14026.12397992806
 31
0.0
  0
LINE
  5
CF
330
17
100
AcDbEntity
  8
Painéis
 62
200
370
25
100
AcDbLine
 10
5282.929509762976
 20
14199.12397992806
 30
0.0
 11
6004.929509762977
 21
14199.12397992811
 31
0.0
  0
LINE
  5
D0
330
17
100
AcDbEntity
  8
Painéis
 62
200
370
25
100
AcDbLine
 10
5259.92950976298
 20
14026.12397992806
 30
0.0
 11
5875.92950976298
 21
14026.12397992809
 31
0.0
  0
LINE
  5
D1
330
17
100
AcDbEntity
  8
Painéis
 62
200
370
25
100
AcDbLine
 10
5259.92950976298
 20
14026.12397992806
 30
0.0
 11
5259.929509762979
 21
14149.12397992806
 31
0.0
  0
LINE
  5
D2
330
17
100
AcDbEntity
  8
Painéis
 62
200
370
25
100
AcDbLine
 10
5503.92950976298
 20
14026.12397992808
 30
0.0
 11
5503.929509762977
 21
14199.12397992808
 31
0.0
  0
LINE
  5
D3
330
17
100
AcDbEntity
  8
Painéis
 62
200
370
25
100
AcDbLine
 10
5875.92950976298
 20
14026.12397992809
 30
0.0
 11
5875.929509762977
 21
14199.12397992809
 31
0.0
  0
LINE
  5
D4
330
17
100
AcDbEntity
  8
COTA
 62
241
370
25
100
AcDbLine
 10
5259.929509762976
 20
14213.12397992806
 30
0.0
 11
6004.929509762977
 21
14213.12397992809
 31
0.0
  0
LINE
  5
D5
330
17
100
AcDbEntity
  8
COTA
 62
241
370
25
100
AcDbLine
 10
5259.929509762979
 20
14149.12397992806
 30
0.0
 11
5259.929509762976
 21
14213.12397992806
 31
0.0
  0
LINE
  5
D6
330
17
100
AcDbEntity
  8
COTA
 62
241
370
25
100
AcDbLine
 10
6004.929509762977
 20
14199.12397992809
 30
0.0
 11
6004.929509762977
 21
14213.12397992809
 31
0.0
  0
LINE
  5
D7
330
17
100
AcDbEntity
  8
SARR_3.5x7
 62
81
370
25
100
AcDbLine
 10
5385.429509763008
 20
14196.92397992813
 30
0.0
 11
5385.429509763039
 21
14026.12397992808
 31
0.0
  0
LINE
  5
D8
330
17
100
AcDbEntity
  8
SARR_3.5x7
 62
81
370
25
100
AcDbLine
 10
5378.42950976292
 20
14196.92397992818
 30
0.0
 11
5378.429509762892
 21
14026.12397992808
 31
0.0
  0
LINE
  5
D9
330
17
100
AcDbEntity
  8
SARR_3.5x7
 62
81
370
25
100
AcDbLine
 10
5381.929509762978
 20
14196.92397992808
 30
0.0
 11
5381.92950976298
 21
14026.12397992809
 31
0.0
  0
LINE
  5
DA
330
17
100
AcDbEntity
  8
Painéis
 62
200
370
25
100
AcDbLine
 10
5381.92950976298
 20
14026.12397992808
 30
0.0
 11
5381.929509762978
 21
14199.12397992808
 31
0.0
  0
LINE
  5
DB
330
17
100
AcDbEntity
  8
SARR_3.5x7
 62
81
370
25
100
AcDbLine
 10
5629.429509763007
 20
14196.92397992813
 30
0.0
 11
5629.429509763038
 21
14026.12397992808
 31
0.0
  0
LINE
  5
DC
330
17
100
AcDbEntity
  8
SARR_3.5x7
 62
81
370
25
100
AcDbLine
 10
5622.42950976292
 20
14196.92397992818
 30
0.0
 11
5622.429509762893
 21
14026.12397992808
 31
0.0
  0
LINE
  5
DD
330
17
100
AcDbEntity
  8
SARR_3.5x7
 62
81
370
25
100
AcDbLine
 10
5625.929509762978
 20
14196.92397992808
 30
0.0
 11
5625.92950976298
 21
14026.12397992809
 31
0.0
  0
LINE
  5
DE
330
17
100
AcDbEntity
  8
Painéis
 62
200
370
25
100
AcDbLine
 10
5625.92950976298
 20
14026.12397992808
 30
0.0
 11
5625.929509762977
 21
14199.12397992808
 31
0.0
  0
LINE
  5
DF
330
17
100
AcDbEntity
  8
SARR_3.5x7
 62
81
370
25
100
AcDbLine
 10
5751.429509763007
 20
14196.92397992813
 30
0.0
 11
5751.429509763038
 21
14026.12397992808
 31
0.0
  0
LINE
  5
E0
330
17
100
AcDbEntity
  8
SARR_3.5x7
 62
81
370
25
100
AcDbLine
 10
5744.42950976292
 20
14196.92397992818
 30
0.0
 11
5744.429509762893
 21
14026.12397992808
 31
0.0
  0
LINE
  5
E1
330
17
100
AcDbEntity
  8
SARR_3.5x7
 62
81
370
25
100
AcDbLine
 10
5747.929509762979
 20
14196.92397992808
 30
0.0
 11
5747.92950976298
 21
14026.12397992809
 31
0.0
  0
LINE
  5
E2
330
17
100
AcDbEntity
  8
Painéis
 62
200
370
25
100
AcDbLine
 10
5747.92950976298
 20
14026.12397992808
 30
0.0
 11
5747.929509762977
 21
14199.12397992808
 31
0.0
  0
LINE
  5
E3
330
17
100
AcDbEntity
  8
Painéis
 62
200
370
25
100
AcDbLine
 10
5259.929509762979
 20
14149.12397992806
 30
0.0
 11
5282.929509762978
 21
14149.12397992806
 31
0.0
  0
LINE
  5
E4
330
17
100
AcDbEntity
  8
Painéis
 62
200
370
25
100
AcDbLine
 10
5282.929509762978
 20
14149.12397992806
 30
0.0
 11
5282.929509762976
 21
14199.12397992806
 31
0.0
  0
LINE
  5
E5
330
17
100
AcDbEntity
  8
SARR_2.2x7
 62
40
370
25
100
AcDbLine
 10
5259.929509762979
 20
14142.12397992806
 30
0.0
 11
5282.929509762978
 21
14142.12397992806
 31
0.0
  0
LINE
  5
E6
330
17
100
AcDbEntity
  8
SARR_3.5x7
 62
81
370
25
100
AcDbLine
 10
5812.429509763007
 20
14196.92397992813
 30
0.0
 11
5812.429509763038
 21
14026.12397992808
 31
0.0
  0
LINE
  5
E7
330
17
100
AcDbEntity
  8
SARR_3.5x7
 62
81
370
25
100
AcDbLine
 10
5805.42950976292
 20
14196.92397992818
 30
0.0
 11
5805.429509762893
 21
14026.12397992808
 31
0.0
  0
LINE
  5
E8
330
17
100
AcDbEntity
  8
SARR_3.5x7
 62
81
370
25
100
AcDbLine
 10
5808.929509762979
 20
14196.92397992808
 30
0.0
 11
5808.92950976298
 21
14026.12397992809
 31
0.0
  0
LINE
  5
E9
330
17
100
AcDbEntity
  8
Painéis
 62
200
370
25
100
AcDbLine
 10
5808.92950976298
 20
14026.12397992808
 30
0.0
 11
5808.929509762977
 21
14199.12397992808
 31
0.0
  0
LINE
  5
EA
330
17
100
AcDbEntity
  8
Painéis
 62
200
370
25
100
AcDbLine
 10
5875.929509762978
 20
14149.12397992809
 30
0.0
 11
6004.929509762979
 21
14149.12397992809
 31
0.0
  0
LINE
  5
EB
330
17
100
AcDbEntity
  8
Painéis
 62
200
370
25
100
AcDbLine
 10
6004.929509762979
 20
14149.12397992809
 30
0.0
 11
6004.929509762979
 21
14199.1239799281
 31
0.0
  0
LINE
  5
EC
330
17
100
AcDbEntity
  8
SARR_2.2x7
 62
40
370
25
100
AcDbLine
 10
5997.929509762979
 20
14149.12397992809
 30
0.0
 11
5997.929509762977
 21
14199.12397992809
 31
0.0
  0
LINE
  5
ED
330
17
100
AcDbEntity
  8
SARR_3.5x7
 62
81
370
25
100
AcDbLine
 10
5989.929509762977
 20
14199.12397992813
 30
0.0
 11
5989.929509762953
 21
14149.12397992809
 31
0.0
  0
LINE
  5
EE
330
17
100
AcDbEntity
  8
SARR_3.5x7
 62
81
370
25
100
AcDbLine
 10
5986.429509762978
 20
14196.92397992814
 30
0.0
 11
5986.42950976297
 21
14149.12397992809
 31
0.0
  0
LINE
  5
EF
330
17
100
AcDbEntity
  8
SARR_2.2x7
 62
40
370
25
100
AcDbLine
 10
5875.929509762997
 20
14196.92397992814
 30
0.0
 11
5989.929509762976
 21
14196.92397992814
 31
0.0
  0
LINE
  5
F0
330
17
100
AcDbEntity
  8
SARR_3.5x7
 62
81
370
25
100
AcDbLine
 10
5879.429509763027
 20
14196.92397992818
 30
0.0
 11
5879.429509763056
 21
14149.12397992813
 31
0.0
  0
LINE
  5
F1
330
17
100
AcDbEntity
  8
SARR_3.5x7
 62
81
370
25
100
AcDbLine
 10
5776.679509762935
 20
14196.92397992818
 30
0.0
 11
5776.679509762908
 21
14026.12397992807
 31
0.0
  0
LINE
  5
F2
330
17
100
AcDbEntity
  8
SARR_3.5x7
 62
81
370
25
100
AcDbLine
 10
5780.179509762993
 20
14196.92397992808
 30
0.0
 11
5780.179509762994
 21
14026.12397992809
 31
0.0
  0
LINE
  5
F3
330
17
100
AcDbEntity
  8
SARR_3.5x7
 62
81
370
25
100
AcDbLine
 10
5780.179509762994
 20
14026.12397992807
 30
0.0
 11
5780.179509762992
 21
14196.92397992809
 31
0.0
  0
LINE
  5
F4
330
17
100
AcDbEntity
  8
SARR_3.5x7
 62
81
370
25
100
AcDbLine
 10
5840.679509762974
 20
14196.92397992818
 30
0.0
 11
5840.679509762947
 21
14026.12397992807
 31
0.0
  0
LINE
  5
F5
330
17
100
AcDbEntity
  8
SARR_3.5x7
 62
81
370
25
100
AcDbLine
 10
5844.179509763032
 20
14196.92397992808
 30
0.0
 11
5844.179509763034
 21
14026.12397992809
 31
0.0
  0
LINE
  5
F6
330
17
100
AcDbEntity
  8
SARR_3.5x7
 62
81
370
25
100
AcDbLine
 10
5844.179509763034
 20
14026.12397992807
 30
0.0
 11
5844.17950976303
 21
14196.92397992809
 31
0.0
  0
LINE
  5
F7
330
17
100
AcDbEntity
  8
COTA
 62
4
370
25
100
AcDbLine
 10
5159.157037681968
 20
14475.27467693995
 30
0.0
 11
5186.70829094291
 21
14475.27467693995
 31
0.0
  0
LINE
  5
F8
330
17
100
AcDbEntity
  8
COTA
 62
4
370
25
100
AcDbLine
 10
5159.157037681968
 20
14499.27467693995
 30
0.0
 11
5186.70829094291
 21
14499.27467693995
 31
0.0
  0
LINE
  5
F9
330
17
100
AcDbEntity
  8
COTA
 62
4
370
25
100
AcDbLine
 10
5183.708290942909
 20
14475.27467693995
 30
0.0
 11
5183.708290942909
 21
14499.27467693995
 31
0.0
  0
LINE
  5
FA
330
17
100
AcDbEntity
  8
COTA
 62
4
370
25
100
AcDbLine
 10
4952.436749681971
 20
14125.25243093997
 30
0.0
 11
4895.709512086083
 21
14125.25243093997
 31
0.0
  0
LINE
  5
FB
330
17
100
AcDbEntity
  8
COTA
 62
4
370
25
100
AcDbLine
 10
4952.436749681971
 20
14159.25243093995
 30
0.0
 11
4895.709512086083
 21
14159.25243093995
 31
0.0
  0
LINE
  5
FC
330
17
100
AcDbEntity
  8
COTA
 62
4
370
25
100
AcDbLine
 10
4898.709512086083
 20
14125.25243093997
 30
0.0
 11
4898.709512086083
 21
14159.25243093995
 31
0.0
  0
LINE
  5
FD
330
17
100
AcDbEntity
  8
COTA
 62
4
370
25
100
AcDbLine
 10
5037.159505681964
 20
14122.25243093996
 30
0.0
 11
5037.159505681964
 21
14077.92561713778
 31
0.0
  0
LINE
  5
FE
330
17
100
AcDbEntity
  8
COTA
 62
4
370
25
100
AcDbLine
 10
5075.159505681964
 20
14122.25243093996
 30
0.0
 11
5075.159505681964
 21
14077.92561713778
 31
0.0
  0
LINE
  5
FF
330
17
100
AcDbEntity
  8
COTA
 62
4
370
25
100
AcDbLine
 10
5037.159505681964
 20
14080.92561713778
 30
0.0
 11
5075.159505681964
 21
14080.92561713778
 31
0.0
  0
LINE
  5
100
330
17
100
AcDbEntity
  8
Cota Seção (2x)
 62
180
370
25
100
AcDbLine
 10
5071.159505681961
 20
14285.66355393994
 30
0.0
 11
5071.159505681961
 21
14310.66355393994
 31
0.0
  0
LINE
  5
101
330
17
100
AcDbEntity
  8
Cota Seção (2x)
 62
180
370
25
100
AcDbLine
 10
5071.159505681961
 20
14310.66355393994
 30
0.0
 11
5056.159505681961
 21
14310.66355393994
 31
0.0
  0
LINE
  5
102
330
17
100
AcDbEntity
  8
Cota Seção (2x)
 62
180
370
25
100
AcDbLine
 10
5056.159505681961
 20
14310.66355393994
 30
0.0
 11
5056.159505681961
 21
14285.66355393994
 31
0.0
  0
LINE
  5
103
330
17
100
AcDbEntity
  8
Cota Seção (2x)
 62
180
370
25
100
AcDbLine
 10
5056.159505681961
 20
14285.66355393994
 30
0.0
 11
5071.159505681961
 21
14285.66355393994
 31
0.0
  0
LINE
  5
104
330
17
100
AcDbEntity
  8
COTA
 62
4
370
25
100
AcDbLine
 10
4980.856211503838
 20
14185.32248846822
 30
0.0
 11
4934.251563141241
 21
14185.32248846822
 31
0.0
  0
LINE
  5
105
330
17
100
AcDbEntity
  8
COTA
 62
4
370
25
100
AcDbLine
 10
4952.436749681971
 20
14125.25243093997
 30
0.0
 11
4934.251563141241
 21
14125.25243093997
 31
0.0
  0
LINE
  5
106
330
17
100
AcDbEntity
  8
COTA
 62
4
370
25
100
AcDbLine
 10
4937.251563141241
 20
14185.32248846822
 30
0.0
 11
4937.251563141241
 21
14125.25243093997
 31
0.0
  0
LINE
  5
107
330
17
100
AcDbEntity
  8
Cota Seção (2x)
 62
180
370
25
100
AcDbLine
 10
5047.159505681935
 20
14141.25243093994
 30
0.0
 11
5065.159505681934
 21
14141.25243093994
 31
0.0
  0
LINE
  5
108
330
17
100
AcDbEntity
  8
Cota Seção (2x)
 62
180
370
25
100
AcDbLine
 10
5065.159505681934
 20
14141.25243093994
 30
0.0
 11
5065.159505681934
 21
14156.25243093994
 31
0.0
  0
LINE
  5
109
330
17
100
AcDbEntity
  8
Cota Seção (2x)
 62
180
370
25
100
AcDbLine
 10
5065.159505681934
 20
14156.25243093994
 30
0.0
 11
5047.159505681935
 21
14156.25243093994
 31
0.0
  0
LINE
  5
10A
330
17
100
AcDbEntity
  8
Cota Seção (2x)
 62
180
370
25
100
AcDbLine
 10
5047.159505681935
 20
14156.25243093994
 30
0.0
 11
5047.159505681935
 21
14141.25243093994
 31
0.0
  0
LINE
  5
10B
330
17
100
AcDbEntity
  8
COTA
 62
4
370
25
100
AcDbLine
 10
4980.856211503838
 20
14275.32248846822
 30
0.0
 11
4934.251563141241
 21
14275.32248846822
 31
0.0
  0
LINE
  5
10C
330
17
100
AcDbEntity
  8
COTA
 62
4
370
25
100
AcDbLine
 10
4980.856211503838
 20
14185.35243093996
 30
0.0
 11
4934.251563141241
 21
14185.35243093996
 31
0.0
  0
LINE
  5
10D
330
17
100
AcDbEntity
  8
COTA
 62
4
370
25
100
AcDbLine
 10
4937.251563141241
 20
14275.32248846822
 30
0.0
 11
4937.251563141241
 21
14185.35243093996
 31
0.0
  0
LINE
  5
10E
330
17
100
AcDbEntity
  8
COTA
 62
4
370
25
100
AcDbLine
 10
4980.856211503838
 20
14365.32248846822
 30
0.0
 11
4934.25156314124
 21
14365.32248846822
 31
0.0
  0
LINE
  5
10F
330
17
100
AcDbEntity
  8
COTA
 62
4
370
25
100
AcDbLine
 10
4980.856211503838
 20
14275.35243093996
 30
0.0
 11
4934.251563141241
 21
14275.35243093996
 31
0.0
  0
LINE
  5
110
330
17
100
AcDbEntity
  8
COTA
 62
4
370
25
100
AcDbLine
 10
4937.25156314124
 20
14365.32248846822
 30
0.0
 11
4937.251563141241
 21
14275.35243093996
 31
0.0
  0
LINE
  5
111
330
17
100
AcDbEntity
  8
COTA
 62
4
370
25
100
AcDbLine
 10
4980.856211503838
 20
14455.32248846822
 30
0.0
 11
4934.251563141241
 21
14455.32248846822
 31
0.0
  0
LINE
  5
112
330
17
100
AcDbEntity
  8
COTA
 62
4
370
25
100
AcDbLine
 10
4980.856211503838
 20
14365.35243093996
 30
0.0
 11
4934.251563141241
 21
14365.35243093996
 31
0.0
  0
LINE
  5
113
330
17
100
AcDbEntity
  8
COTA
 62
4
370
25
100
AcDbLine
 10
4937.251563141241
 20
14455.32248846822
 30
0.0
 11
4937.251563141241
 21
14365.35243093996
 31
0.0
  0
LINE
  5
114
330
17
100
AcDbEntity
  8
COTA
 62
4
370
25
100
AcDbLine
 10
5096.159505681966
 20
14125.25243093997
 30
0.0
 11
5186.708290942913
 21
14125.25243093997
 31
0.0
  0
LINE
  5
115
330
17
100
AcDbEntity
  8
COTA
 62
4
370
25
100
AcDbLine
 10
5096.159505682011
 20
14471.27467693994
 30
0.0
 11
5186.708290942913
 21
14471.27467693994
 31
0.0
  0
LINE
  5
116
330
17
100
AcDbEntity
  8
COTA
 62
4
370
25
100
AcDbLine
 10
5183.708290942913
 20
14125.25243093997
 30
0.0
 11
5183.708290942913
 21
14471.27467693994
 31
0.0
  0
LINE
  5
117
330
17
100
AcDbEntity
  8
COTA
 62
4
370
25
100
AcDbLine
 10
4952.436749681971
 20
14125.25243093997
 30
0.0
 11
4865.742779540038
 21
14125.25243093997
 31
0.0
  0
LINE
  5
118
330
17
100
AcDbEntity
  8
COTA
 62
4
370
25
100
AcDbLine
 10
5016.159505681966
 20
14499.27467693995
 30
0.0
 11
4865.742779540037
 21
14499.27467693995
 31
0.0
  0
LINE
  5
119
330
17
100
AcDbEntity
  8
COTA
 62
4
370
25
100
AcDbLine
 10
4868.742779540038
 20
14125.25243093997
 30
0.0
 11
4868.742779540037
 21
14499.27467693995
 31
0.0
  0
LINE
  5
11A
330
17
100
AcDbEntity
  8
COTA
 62
4
370
25
100
AcDbLine
 10
4952.436749681971
 20
14159.25243093995
 30
0.0
 11
4895.709512086088
 21
14159.25243093995
 31
0.0
  0
LINE
  5
11B
330
17
100
AcDbEntity
  8
COTA
 62
4
370
25
100
AcDbLine
 10
5016.159505681966
 20
14499.27467693995
 30
0.0
 11
4895.709512086087
 21
14499.27467693995
 31
0.0
  0
LINE
  5
11C
330
17
100
AcDbEntity
  8
COTA
 62
4
370
25
100
AcDbLine
 10
4898.709512086088
 20
14159.25243093995
 30
0.0
 11
4898.709512086087
 21
14499.27467693995
 31
0.0
  0
LINE
  5
11D
330
17
100
AcDbEntity
  8
COTA
 62
4
370
25
100
AcDbLine
 10
5457.983023392447
 20
14392.61563765418
 30
0.0
 11
5457.983023392447
 21
14348.07571167603
 31
0.0
  0
LINE
  5
11E
330
17
100
AcDbEntity
  8
COTA
 62
4
370
25
100
AcDbLine
 10
5579.983023392447
 20
14392.61563765419
 30
0.0
 11
5579.983023392447
 21
14348.07571167603
 31
0.0
  0
LINE
  5
11F
330
17
100
AcDbEntity
  8
COTA
 62
4
370
25
100
AcDbLine
 10
5457.983023392447
 20
14351.07571167603
 30
0.0
 11
5579.983023392447
 21
14351.07571167603
 31
0.0
  0
LINE
  5
120
330
17
100
AcDbEntity
  8
COTA
 62
0
370
25
100
AcDbLine
 10
5459.483023392447
 20
14352.57571167603
 30
0.0
 11
5456.483023392447
 21
14349.57571167603
 31
0.0
  0
LINE
  5
121
330
17
100
AcDbEntity
  8
COTA
 62
0
370
25
100
AcDbLine
 10
5578.483023392447
 20
14349.57571167603
 30
0.0
 11
5581.483023392447
 21
14352.57571167603
 31
0.0
  0
LINE
  5
122
330
17
100
AcDbEntity
  8
COTA
 62
4
370
25
100
AcDbLine
 10
5701.983023392448
 20
14392.61563765421
 30
0.0
 11
5701.983023392448
 21
14348.07571167604
 31
0.0
  0
LINE
  5
123
330
17
100
AcDbEntity
  8
COTA
 62
4
370
25
100
AcDbLine
 10
5823.983023392448
 20
14392.6156376542
 30
0.0
 11
5823.983023392448
 21
14348.07571167604
 31
0.0
  0
LINE
  5
124
330
17
100
AcDbEntity
  8
COTA
 62
4
370
25
100
AcDbLine
 10
5701.983023392448
 20
14351.07571167604
 30
0.0
 11
5823.983023392448
 21
14351.07571167604
 31
0.0
  0
LINE
  5
125
330
17
100
AcDbEntity
  8
COTA
 62
0
370
25
100
AcDbLine
 10
5703.483023392448
 20
14352.57571167604
 30
0.0
 11
5700.483023392448
 21
14349.57571167604
 31
0.0
  0
LINE
  5
126
330
17
100
AcDbEntity
  8
COTA
 62
0
370
25
100
AcDbLine
 10
5822.483023392448
 20
14349.57571167604
 30
0.0
 11
5825.483023392448
 21
14352.57571167604
 31
0.0
  0
LINE
  5
127
330
17
100
AcDbEntity
  8
COTA
 62
4
370
25
100
AcDbLine
 10
5457.983023392447
 20
14392.61563765418
 30
0.0
 11
5457.983023392447
 21
14314.5372009873
 31
0.0
  0
LINE
  5
128
330
17
100
AcDbEntity
  8
COTA
 62
4
370
25
100
AcDbLine
 10
6035.983023392447
 20
14392.61563765421
 30
0.0
 11
6035.983023392447
 21
14314.5372009873
 31
0.0
  0
LINE
  5
129
330
17
100
AcDbEntity
  8
COTA
 62
4
370
25
100
AcDbLine
 10
5457.983023392447
 20
14317.5372009873
 30
0.0
 11
6035.983023392447
 21
14317.5372009873
 31
0.0
  0
LINE
  5
12A
330
17
100
AcDbEntity
  8
COTA
 62
0
370
25
100
AcDbLine
 10
5459.483023392447
 20
14319.0372009873
 30
0.0
 11
5456.483023392447
 21
14316.0372009873
 31
0.0
  0
LINE
  5
12B
330
17
100
AcDbEntity
  8
COTA
 62
0
370
25
100
AcDbLine
 10
6034.483023392447
 20
14316.0372009873
 30
0.0
 11
6037.483023392447
 21
14319.0372009873
 31
0.0
  0
LINE
  5
12C
330
17
100
AcDbEntity
  8
COTA
 62
4
370
25
100
AcDbLine
 10
6038.983023392447
 20
14550.61563765422
 30
0.0
 11
6059.211241990429
 21
14550.61563765422
 31
0.0
  0
LINE
  5
12D
330
17
100
AcDbEntity
  8
COTA
 62
4
370
25
100
AcDbLine
 10
6038.98302339245
 20
14395.61563765422
 30
0.0
 11
6059.211241990429
 21
14395.61563765422
 31
0.0
  0
LINE
  5
12E
330
17
100
AcDbEntity
  8
COTA
 62
4
370
25
100
AcDbLine
 10
6056.211241990429
 20
14550.61563765422
 30
0.0
 11
6056.211241990429
 21
14395.61563765422
 31
0.0
  0
LINE
  5
12F
330
17
100
AcDbEntity
  8
COTA
 62
0
370
25
100
AcDbLine
 10
6057.711241990429
 20
14549.11563765422
 30
0.0
 11
6054.711241990429
 21
14552.11563765422
 31
0.0
  0
LINE
  5
130
330
17
100
AcDbEntity
  8
COTA
 62
0
370
25
100
AcDbLine
 10
6054.711241990429
 20
14397.11563765422
 30
0.0
 11
6057.711241990429
 21
14394.11563765422
 31
0.0
  0
LINE
  5
131
330
17
100
AcDbEntity
  8
COTA
 62
4
370
25
100
AcDbLine
 10
6038.983023392447
 20
14395.61563765422
 30
0.0
 11
6059.211241990436
 21
14395.61563765422
 31
0.0
  0
LINE
  5
132
330
17
100
AcDbEntity
  8
COTA
 62
4
370
25
100
AcDbLine
 10
6038.983023392446
 20
14380.61563765421
 30
0.0
 11
6059.211241990436
 21
14380.61563765421
 31
0.0
  0
LINE
  5
133
330
17
100
AcDbEntity
  8
COTA
 62
4
370
25
100
AcDbLine
 10
6056.211241990435
 20
14395.61563765422
 30
0.0
 11
6056.211241990435
 21
14380.61563765421
 31
0.0
  0
LINE
  5
134
330
17
100
AcDbEntity
  8
COTA
 62
4
370
25
100
AcDbLine
 10
6056.211241990435
 20
14380.61563765421
 30
0.0
 11
6056.211241990435
 21
14362.24429262497
 31
0.0
  0
LINE
  5
135
330
17
100
AcDbEntity
  8
COTA
 62
0
370
25
100
AcDbLine
 10
6057.711241990435
 20
14394.11563765422
 30
0.0
 11
6054.711241990435
 21
14397.11563765422
 31
0.0
  0
LINE
  5
136
330
17
100
AcDbEntity
  8
COTA
 62
0
370
25
100
AcDbLine
 10
6054.711241990435
 20
14382.11563765421
 30
0.0
 11
6057.711241990435
 21
14379.11563765421
 31
0.0
  0
LINE
  5
137
330
17
100
AcDbEntity
  8
COTA
 62
4
370
25
100
AcDbLine
 10
6038.98302339245
 20
14380.61563765421
 30
0.0
 11
6083.085910619718
 21
14380.61563765421
 31
0.0
  0
LINE
  5
138
330
17
100
AcDbEntity
  8
COTA
 62
4
370
25
100
AcDbLine
 10
6038.983023392447
 20
14550.61563765422
 30
0.0
 11
6083.085910619718
 21
14550.61563765422
 31
0.0
  0
LINE
  5
139
330
17
100
AcDbEntity
  8
COTA
 62
4
370
25
100
AcDbLine
 10
6080.085910619718
 20
14380.61563765421
 30
0.0
 11
6080.085910619718
 21
14550.61563765422
 31
0.0
  0
LINE
  5
13A
330
17
100
AcDbEntity
  8
COTA
 62
0
370
25
100
AcDbLine
 10
6078.585910619718
 20
14382.11563765421
 30
0.0
 11
6081.585910619718
 21
14379.11563765421
 31
0.0
  0
LINE
  5
13B
330
17
100
AcDbEntity
  8
COTA
 62
0
370
25
100
AcDbLine
 10
6081.585910619718
 20
14549.11563765422
 30
0.0
 11
6078.585910619718
 21
14552.11563765422
 31
0.0
  0
LINE
  5
13C
330
17
100
AcDbEntity
  8
COTA
 62
4
370
25
100
AcDbLine
 10
5579.983023392447
 20
14392.61563765419
 30
0.0
 11
5579.983023392447
 21
14348.07571167604
 31
0.0
  0
LINE
  5
13D
330
17
100
AcDbEntity
  8
COTA
 62
4
370
25
100
AcDbLine
 10
5701.983023392448
 20
14392.61563765421
 30
0.0
 11
5701.983023392448
 21
14348.07571167604
 31
0.0
  0
LINE
  5
13E
330
17
100
AcDbEntity
  8
COTA
 62
4
370
25
100
AcDbLine
 10
5579.983023392447
 20
14351.07571167604
 30
0.0
 11
5701.983023392448
 21
14351.07571167604
 31
0.0
  0
LINE
  5
13F
330
17
100
AcDbEntity
  8
COTA
 62
0
370
25
100
AcDbLine
 10
5581.483023392447
 20
14352.57571167604
 30
0.0
 11
5578.483023392447
 21
14349.57571167604
 31
0.0
  0
LINE
  5
140
330
17
100
AcDbEntity
  8
COTA
 62
0
370
25
100
AcDbLine
 10
5700.483023392448
 20
14349.57571167604
 30
0.0
 11
5703.483023392448
 21
14352.57571167604
 31
0.0
  0
LINE
  5
141
330
17
100
AcDbEntity
  8
COTA
 62
4
370
25
100
AcDbLine
 10
5823.983023392448
 20
14392.6156376542
 30
0.0
 11
5823.983023392448
 21
14348.07571167604
 31
0.0
  0
LINE
  5
142
330
17
100
AcDbEntity
  8
COTA
 62
4
370
25
100
AcDbLine
 10
5945.983023392447
 20
14392.6156376542
 30
0.0
 11
5945.983023392447
 21
14348.07571167604
 31
0.0
  0
LINE
  5
143
330
17
100
AcDbEntity
  8
COTA
 62
4
370
25
100
AcDbLine
 10
5823.983023392448
 20
14351.07571167604
 30
0.0
 11
5945.983023392447
 21
14351.07571167604
 31
0.0
  0
LINE
  5
144
330
17
100
AcDbEntity
  8
COTA
 62
0
370
25
100
AcDbLine
 10
5825.483023392448
 20
14352.57571167604
 30
0.0
 11
5822.483023392448
 21
14349.57571167604
 31
0.0
  0
LINE
  5
145
330
17
100
AcDbEntity
  8
COTA
 62
0
370
25
100
AcDbLine
 10
5944.483023392447
 20
14349.57571167604
 30
0.0
 11
5947.483023392447
 21
14352.57571167604
 31
0.0
  0
LINE
  5
146
330
17
100
AcDbEntity
  8
COTA
 62
4
370
25
100
AcDbLine
 10
5945.983023392447
 20
14392.61563765421
 30
0.0
 11
5945.983023392447
 21
14348.07571167604
 31
0.0
  0
LINE
  5
147
330
17
100
AcDbEntity
  8
COTA
 62
4
370
25
100
AcDbLine
 10
6035.983023392445
 20
14392.61563765421
 30
0.0
 11
6035.983023392445
 21
14348.07571167604
 31
0.0
  0
LINE
  5
148
330
17
100
AcDbEntity
  8
COTA
 62
4
370
25
100
AcDbLine
 10
5945.983023392447
 20
14351.07571167604
 30
0.0
 11
6035.983023392445
 21
14351.07571167604
 31
0.0
  0
LINE
  5
149
330
17
100
AcDbEntity
  8
COTA
 62
0
370
25
100
AcDbLine
 10
5947.483023392447
 20
14352.57571167604
 30
0.0
 11
5944.483023392447
 21
14349.57571167604
 31
0.0
  0
LINE
  5
14A
330
17
100
AcDbEntity
  8
COTA
 62
0
370
25
100
AcDbLine
 10
6034.483023392445
 20
14349.57571167604
 30
0.0
 11
6037.483023392445
 21
14352.57571167604
 31
0.0
  0
LINE
  5
14B
330
17
100
AcDbEntity
  8
COTA
 62
4
370
25
100
AcDbLine
 10
5310.681207775882
 20
14483.61563765417
 30
0.0
 11
5310.681207775882
 21
14459.07571167601
 31
0.0
  0
LINE
  5
14C
330
17
100
AcDbEntity
  8
COTA
 62
4
370
25
100
AcDbLine
 10
5371.681207775882
 20
14483.61563765419
 30
0.0
 11
5371.681207775882
 21
14459.07571167601
 31
0.0
  0
LINE
  5
14D
330
17
100
AcDbEntity
  8
COTA
 62
4
370
25
100
AcDbLine
 10
5310.681207775882
 20
14462.07571167601
 30
0.0
 11
5371.681207775882
 21
14462.07571167601
 31
0.0
  0
LINE
  5
14E
330
17
100
AcDbEntity
  8
COTA
 62
0
370
25
100
AcDbLine
 10
5312.181207775882
 20
14463.57571167601
 30
0.0
 11
5309.181207775882
 21
14460.57571167601
 31
0.0
  0
LINE
  5
14F
330
17
100
AcDbEntity
  8
COTA
 62
0
370
25
100
AcDbLine
 10
5370.181207775882
 20
14460.57571167601
 30
0.0
 11
5373.181207775882
 21
14463.57571167601
 31
0.0
  0
LINE
  5
150
330
17
100
AcDbEntity
  8
COTA
 62
4
370
25
100
AcDbLine
 10
5371.681207775882
 20
14483.61563765419
 30
0.0
 11
5371.681207775882
 21
14459.07571167601
 31
0.0
  0
LINE
  5
151
330
17
100
AcDbEntity
  8
COTA
 62
4
370
25
100
AcDbLine
 10
5439.681207775882
 20
14483.61563765417
 30
0.0
 11
5439.681207775882
 21
14459.07571167601
 31
0.0
  0
LINE
  5
152
330
17
100
AcDbEntity
  8
COTA
 62
4
370
25
100
AcDbLine
 10
5371.681207775882
 20
14462.07571167601
 30
0.0
 11
5439.681207775882
 21
14462.07571167601
 31
0.0
  0
LINE
  5
153
330
17
100
AcDbEntity
  8
COTA
 62
0
370
25
100
AcDbLine
 10
5373.181207775882
 20
14463.57571167601
 30
0.0
 11
5370.181207775882
 21
14460.57571167601
 31
0.0
  0
LINE
  5
154
330
17
100
AcDbEntity
  8
COTA
 62
0
370
25
100
AcDbLine
 10
5438.181207775882
 20
14460.57571167601
 30
0.0
 11
5441.181207775882
 21
14463.57571167601
 31
0.0
  0
LINE
  5
155
330
17
100
AcDbEntity
  8
COTA
 62
4
370
25
100
AcDbLine
 10
5310.681207775882
 20
14483.61563765417
 30
0.0
 11
5310.681207775882
 21
14425.53720098727
 31
0.0
  0
LINE
  5
156
330
17
100
AcDbEntity
  8
COTA
 62
4
370
25
100
AcDbLine
 10
5439.681207775882
 20
14483.61563765417
 30
0.0
 11
5439.681207775882
 21
14425.53720098727
 31
0.0
  0
LINE
  5
157
330
17
100
AcDbEntity
  8
COTA
 62
4
370
25
100
AcDbLine
 10
5310.681207775882
 20
14428.53720098727
 30
0.0
 11
5439.681207775882
 21
14428.53720098727
 31
0.0
  0
LINE
  5
158
330
17
100
AcDbEntity
  8
COTA
 62
0
370
25
100
AcDbLine
 10
5312.181207775882
 20
14430.03720098727
 30
0.0
 11
5309.181207775882
 21
14427.03720098727
 31
0.0
  0
LINE
  5
159
330
17
100
AcDbEntity
  8
COTA
 62
0
370
25
100
AcDbLine
 10
5438.181207775882
 20
14427.03720098727
 30
0.0
 11
5441.181207775882
 21
14430.03720098727
 31
0.0
  0
LINE
  5
15A
330
17
100
AcDbEntity
  8
COTA
 62
4
370
25
100
AcDbLine
 10
5307.681207775883
 20
14550.61563765418
 30
0.0
 11
5272.166553133676
 21
14550.61563765418
 31
0.0
  0
LINE
  5
15B
330
17
100
AcDbEntity
  8
COTA
 62
4
370
25
100
AcDbLine
 10
5307.681207775883
 20
14486.61563765418
 30
0.0
 11
5272.166553133676
 21
14486.61563765418
 31
0.0
  0
LINE
  5
15C
330
17
100
AcDbEntity
  8
COTA
 62
4
370
25
100
AcDbLine
 10
5275.166553133676
 20
14550.61563765418
 30
0.0
 11
5275.166553133676
 21
14486.61563765418
 31
0.0
  0
LINE
  5
15D
330
17
100
AcDbEntity
  8
COTA
 62
0
370
25
100
AcDbLine
 10
5276.666553133676
 20
14549.11563765418
 30
0.0
 11
5273.666553133676
 21
14552.11563765418
 31
0.0
  0
LINE
  5
15E
330
17
100
AcDbEntity
  8
COTA
 62
0
370
25
100
AcDbLine
 10
5273.666553133676
 20
14488.11563765418
 30
0.0
 11
5276.666553133676
 21
14485.11563765418
 31
0.0
  0
LINE
  5
15F
330
17
100
AcDbEntity
  8
COTA
 62
4
370
25
100
AcDbLine
 10
5307.681207775885
 20
14536.61563765418
 30
0.0
 11
5293.782058807281
 21
14536.61563765418
 31
0.0
  0
LINE
  5
160
330
17
100
AcDbEntity
  8
COTA
 62
4
370
25
100
AcDbLine
 10
5307.681207775885
 20
14486.61563765418
 30
0.0
 11
5293.782058807281
 21
14486.61563765418
 31
0.0
  0
LINE
  5
161
330
17
100
AcDbEntity
  8
COTA
 62
4
370
25
100
AcDbLine
 10
5296.782058807281
 20
14536.61563765418
 30
0.0
 11
5296.782058807281
 21
14486.61563765418
 31
0.0
  0
LINE
  5
162
330
17
100
AcDbEntity
  8
COTA
 62
0
370
25
100
AcDbLine
 10
5298.282058807281
 20
14535.11563765418
 30
0.0
 11
5295.282058807281
 21
14538.11563765418
 31
0.0
  0
LINE
  5
163
330
17
100
AcDbEntity
  8
COTA
 62
0
370
25
100
AcDbLine
 10
5295.282058807281
 20
14488.11563765418
 30
0.0
 11
5298.282058807281
 21
14485.11563765418
 31
0.0
  0
LINE
  5
164
330
17
100
AcDbEntity
  8
COTA
 62
4
370
25
100
AcDbLine
 10
5307.681207775885
 20
14536.61563765418
 30
0.0
 11
5293.782058807283
 21
14536.61563765418
 31
0.0
  0
LINE
  5
165
330
17
100
AcDbEntity
  8
COTA
 62
4
370
25
100
AcDbLine
 10
5307.681207775885
 20
14550.61563765418
 30
0.0
 11
5293.782058807283
 21
14550.61563765418
 31
0.0
  0
LINE
  5
166
330
17
100
AcDbEntity
  8
COTA
 62
4
370
25
100
AcDbLine
 10
5296.782058807282
 20
14536.61563765418
 30
0.0
 11
5296.782058807282
 21
14550.61563765418
 31
0.0
  0
LINE
  5
167
330
17
100
AcDbEntity
  8
COTA
 62
4
370
25
100
AcDbLine
 10
5296.782058807282
 20
14550.61563765418
 30
0.0
 11
5296.782058807282
 21
14569.73259671851
 31
0.0
  0
LINE
  5
168
330
17
100
AcDbEntity
  8
COTA
 62
0
370
25
100
AcDbLine
 10
5295.282058807282
 20
14538.11563765418
 30
0.0
 11
5298.282058807282
 21
14535.11563765418
 31
0.0
  0
LINE
  5
169
330
17
100
AcDbEntity
  8
COTA
 62
0
370
25
100
AcDbLine
 10
5298.282058807282
 20
14549.11563765418
 30
0.0
 11
5295.282058807282
 21
14552.11563765418
 31
0.0
  0
LINE
  5
16A
330
17
100
AcDbEntity
  8
COTA
 62
4
370
25
100
AcDbLine
 10
5259.92950976298
 20
14023.12397992806
 30
0.0
 11
5259.92950976298
 21
13995.88244800347
 31
0.0
  0
LINE
  5
16B
330
17
100
AcDbEntity
  8
COTA
 62
4
370
25
100
AcDbLine
 10
5381.92950976298
 20
14023.12397992807
 30
0.0
 11
5381.92950976298
 21
13995.88244800347
 31
0.0
  0
LINE
  5
16C
330
17
100
AcDbEntity
  8
COTA
 62
4
370
25
100
AcDbLine
 10
5259.92950976298
 20
13998.88244800347
 30
0.0
 11
5381.92950976298
 21
13998.88244800347
 31
0.0
  0
LINE
  5
16D
330
17
100
AcDbEntity
  8
COTA
 62
0
370
25
100
AcDbLine
 10
5261.42950976298
 20
14000.38244800347
 30
0.0
 11
5258.42950976298
 21
13997.38244800347
 31
0.0
  0
LINE
  5
16E
330
17
100
AcDbEntity
  8
COTA
 62
0
370
25
100
AcDbLine
 10
5380.42950976298
 20
13997.38244800347
 30
0.0
 11
5383.42950976298
 21
14000.38244800347
 31
0.0
  0
LINE
  5
16F
330
17
100
AcDbEntity
  8
COTA
 62
4
370
25
100
AcDbLine
 10
5503.92950976298
 20
14023.12397992809
 30
0.0
 11
5503.92950976298
 21
13995.88244800348
 31
0.0
  0
LINE
  5
170
330
17
100
AcDbEntity
  8
COTA
 62
4
370
25
100
AcDbLine
 10
5625.92950976298
 20
14023.12397992808
 30
0.0
 11
5625.92950976298
 21
13995.88244800348
 31
0.0
  0
LINE
  5
171
330
17
100
AcDbEntity
  8
COTA
 62
4
370
25
100
AcDbLine
 10
5503.92950976298
 20
13998.88244800348
 30
0.0
 11
5625.92950976298
 21
13998.88244800348
 31
0.0
  0
LINE
  5
172
330
17
100
AcDbEntity
  8
COTA
 62
0
370
25
100
AcDbLine
 10
5505.42950976298
 20
14000.38244800348
 30
0.0
 11
5502.42950976298
 21
13997.38244800348
 31
0.0
  0
LINE
  5
173
330
17
100
AcDbEntity
  8
COTA
 62
0
370
25
100
AcDbLine
 10
5624.42950976298
 20
13997.38244800348
 30
0.0
 11
5627.42950976298
 21
14000.38244800348
 31
0.0
  0
LINE
  5
174
330
17
100
AcDbEntity
  8
COTA
 62
4
370
25
100
AcDbLine
 10
5259.92950976298
 20
14023.12397992806
 30
0.0
 11
5259.92950976298
 21
13962.34393731475
 31
0.0
  0
LINE
  5
175
330
17
100
AcDbEntity
  8
COTA
 62
4
370
25
100
AcDbLine
 10
6004.929509762979
 20
14146.12397992809
 30
0.0
 11
6004.929509762979
 21
13962.34393731475
 31
0.0
  0
LINE
  5
176
330
17
100
AcDbEntity
  8
COTA
 62
4
370
25
100
AcDbLine
 10
5259.92950976298
 20
13965.34393731475
 30
0.0
 11
6004.929509762979
 21
13965.34393731475
 31
0.0
  0
LINE
  5
177
330
17
100
AcDbEntity
  8
COTA
 62
0
370
25
100
AcDbLine
 10
5261.42950976298
 20
13966.84393731475
 30
0.0
 11
5258.42950976298
 21
13963.84393731475
 31
0.0
  0
LINE
  5
178
330
17
100
AcDbEntity
  8
COTA
 62
0
370
25
100
AcDbLine
 10
6003.429509762979
 20
13963.84393731475
 30
0.0
 11
6006.429509762979
 21
13966.84393731475
 31
0.0
  0
LINE
  5
179
330
17
100
AcDbEntity
  8
COTA
 62
4
370
25
100
AcDbLine
 10
5878.929509762979
 20
14026.1239799281
 30
0.0
 11
5908.934818410004
 21
14026.1239799281
 31
0.0
  0
LINE
  5
17A
330
17
100
AcDbEntity
  8
COTA
 62
4
370
25
100
AcDbLine
 10
5878.929509762982
 20
14149.1239799281
 30
0.0
 11
5908.934818410004
 21
14149.1239799281
 31
0.0
  0
LINE
  5
17B
330
17
100
AcDbEntity
  8
COTA
 62
4
370
25
100
AcDbLine
 10
5905.934818410004
 20
14026.1239799281
 30
0.0
 11
5905.934818410004
 21
14149.1239799281
 31
0.0
  0
LINE
  5
17C
330
17
100
AcDbEntity
  8
COTA
 62
0
370
25
100
AcDbLine
 10
5904.434818410004
 20
14027.6239799281
 30
0.0
 11
5907.434818410004
 21
14024.6239799281
 31
0.0
  0
LINE
  5
17D
330
17
100
AcDbEntity
  8
COTA
 62
0
370
25
100
AcDbLine
 10
5907.434818410004
 20
14147.6239799281
 30
0.0
 11
5904.434818410004
 21
14150.6239799281
 31
0.0
  0
LINE
  5
17E
330
17
100
AcDbEntity
  8
COTA
 62
4
370
25
100
AcDbLine
 10
6007.92950976298
 20
14199.1239799281
 30
0.0
 11
6028.157728360978
 21
14199.1239799281
 31
0.0
  0
LINE
  5
17F
330
17
100
AcDbEntity
  8
COTA
 62
4
370
25
100
AcDbLine
 10
6007.929509762978
 20
14213.1239799281
 30
0.0
 11
6028.157728360978
 21
14213.1239799281
 31
0.0
  0
LINE
  5
180
330
17
100
AcDbEntity
  8
COTA
 62
4
370
25
100
AcDbLine
 10
6025.157728360978
 20
14199.1239799281
 30
0.0
 11
6025.157728360978
 21
14213.1239799281
 31
0.0
  0
LINE
  5
181
330
17
100
AcDbEntity
  8
COTA
 62
4
370
25
100
AcDbLine
 10
6025.157728360978
 20
14213.1239799281
 30
0.0
 11
6025.157728360978
 21
14232.24093899242
 31
0.0
  0
LINE
  5
182
330
17
100
AcDbEntity
  8
COTA
 62
0
370
25
100
AcDbLine
 10
6023.657728360978
 20
14200.6239799281
 30
0.0
 11
6026.657728360978
 21
14197.6239799281
 31
0.0
  0
LINE
  5
183
330
17
100
AcDbEntity
  8
COTA
 62
0
370
25
100
AcDbLine
 10
6026.657728360978
 20
14211.6239799281
 30
0.0
 11
6023.657728360978
 21
14214.6239799281
 31
0.0
  0
LINE
  5
184
330
17
100
AcDbEntity
  8
COTA
 62
4
370
25
100
AcDbLine
 10
6007.929509762978
 20
14213.1239799281
 30
0.0
 11
6065.22812055403
 21
14213.1239799281
 31
0.0
  0
LINE
  5
185
330
17
100
AcDbEntity
  8
COTA
 62
4
370
25
100
AcDbLine
 10
5878.929509762979
 20
14026.1239799281
 30
0.0
 11
6065.22812055403
 21
14026.1239799281
 31
0.0
  0
LINE
  5
186
330
17
100
AcDbEntity
  8
COTA
 62
4
370
25
100
AcDbLine
 10
6062.22812055403
 20
14213.1239799281
 30
0.0
 11
6062.22812055403
 21
14026.1239799281
 31
0.0
  0
LINE
  5
187
330
17
100
AcDbEntity
  8
COTA
 62
0
370
25
100
AcDbLine
 10
6063.72812055403
 20
14211.6239799281
 30
0.0
 11
6060.72812055403
 21
14214.6239799281
 31
0.0
  0
LINE
  5
188
330
17
100
AcDbEntity
  8
COTA
 62
0
370
25
100
AcDbLine
 10
6060.72812055403
 20
14027.6239799281
 30
0.0
 11
6063.72812055403
 21
14024.6239799281
 31
0.0
  0
LINE
  5
189
330
17
100
AcDbEntity
  8
COTA
 62
4
370
25
100
AcDbLine
 10
5381.92950976298
 20
14023.12397992807
 30
0.0
 11
5381.92950976298
 21
13995.88244800348
 31
0.0
  0
LINE
  5
18A
330
17
100
AcDbEntity
  8
COTA
 62
4
370
25
100
AcDbLine
 10
5503.92950976298
 20
14023.12397992809
 30
0.0
 11
5503.92950976298
 21
13995.88244800348
 31
0.0
  0
LINE
  5
18B
330
17
100
AcDbEntity
  8
COTA
 62
4
370
25
100
AcDbLine
 10
5381.92950976298
 20
13998.88244800348
 30
0.0
 11
5503.92950976298
 21
13998.88244800348
 31
0.0
  0
LINE
  5
18C
330
17
100
AcDbEntity
  8
COTA
 62
0
370
25
100
AcDbLine
 10
5383.42950976298
 20
14000.38244800348
 30
0.0
 11
5380.42950976298
 21
13997.38244800348
 31
0.0
  0
LINE
  5
18D
330
17
100
AcDbEntity
  8
COTA
 62
0
370
25
100
AcDbLine
 10
5502.42950976298
 20
13997.38244800348
 30
0.0
 11
5505.42950976298
 21
14000.38244800348
 31
0.0
  0
LINE
  5
18E
330
17
100
AcDbEntity
  8
COTA
 62
4
370
25
100
AcDbLine
 10
5625.92950976298
 20
14023.12397992808
 30
0.0
 11
5625.92950976298
 21
13995.88244800348
 31
0.0
  0
LINE
  5
18F
330
17
100
AcDbEntity
  8
COTA
 62
4
370
25
100
AcDbLine
 10
5747.92950976298
 20
14023.12397992808
 30
0.0
 11
5747.92950976298
 21
13995.88244800348
 31
0.0
  0
LINE
  5
190
330
17
100
AcDbEntity
  8
COTA
 62
4
370
25
100
AcDbLine
 10
5625.92950976298
 20
13998.88244800348
 30
0.0
 11
5747.92950976298
 21
13998.88244800348
 31
0.0
  0
LINE
  5
191
330
17
100
AcDbEntity
  8
COTA
 62
0
370
25
100
AcDbLine
 10
5627.42950976298
 20
14000.38244800348
 30
0.0
 11
5624.42950976298
 21
13997.38244800348
 31
0.0
  0
LINE
  5
192
330
17
100
AcDbEntity
  8
COTA
 62
0
370
25
100
AcDbLine
 10
5746.42950976298
 20
13997.38244800348
 30
0.0
 11
5749.42950976298
 21
14000.38244800348
 31
0.0
  0
LINE
  5
193
330
17
100
AcDbEntity
  8
COTA
 62
4
370
25
100
AcDbLine
 10
5747.92950976298
 20
14023.12397992809
 30
0.0
 11
5747.92950976298
 21
13995.88244800348
 31
0.0
  0
LINE
  5
194
330
17
100
AcDbEntity
  8
COTA
 62
4
370
25
100
AcDbLine
 10
5808.92950976298
 20
14023.12397992808
 30
0.0
 11
5808.92950976298
 21
13995.88244800348
 31
0.0
  0
LINE
  5
195
330
17
100
AcDbEntity
  8
COTA
 62
4
370
25
100
AcDbLine
 10
5747.92950976298
 20
13998.88244800348
 30
0.0
 11
5808.92950976298
 21
13998.88244800348
 31
0.0
  0
LINE
  5
196
330
17
100
AcDbEntity
  8
COTA
 62
0
370
25
100
AcDbLine
 10
5749.42950976298
 20
14000.38244800348
 30
0.0
 11
5746.42950976298
 21
13997.38244800348
 31
0.0
  0
LINE
  5
197
330
17
100
AcDbEntity
  8
COTA
 62
0
370
25
100
AcDbLine
 10
5807.42950976298
 20
13997.38244800348
 30
0.0
 11
5810.42950976298
 21
14000.38244800348
 31
0.0
  0
LINE
  5
198
330
17
100
AcDbEntity
  8
COTA
 62
4
370
25
100
AcDbLine
 10
5256.929509762978
 20
14213.12397992807
 30
0.0
 11
5247.777999977635
 21
14213.12397992807
 31
0.0
  0
LINE
  5
199
330
17
100
AcDbEntity
  8
COTA
 62
4
370
25
100
AcDbLine
 10
5256.92950976298
 20
14149.12397992807
 30
0.0
 11
5247.777999977635
 21
14149.12397992807
 31
0.0
  0
LINE
  5
19A
330
17
100
AcDbEntity
  8
COTA
 62
4
370
25
100
AcDbLine
 10
5250.777999977636
 20
14213.12397992807
 30
0.0
 11
5250.777999977636
 21
14149.12397992807
 31
0.0
  0
LINE
  5
19B
330
17
100
AcDbEntity
  8
COTA
 62
0
370
25
100
AcDbLine
 10
5252.277999977636
 20
14211.62397992807
 30
0.0
 11
5249.277999977636
 21
14214.62397992807
 31
0.0
  0
LINE
  5
19C
330
17
100
AcDbEntity
  8
COTA
 62
0
370
25
100
AcDbLine
 10
5249.277999977636
 20
14150.62397992807
 30
0.0
 11
5252.277999977636
 21
14147.62397992807
 31
0.0
  0
LINE
  5
19D
330
17
100
AcDbEntity
  8
COTA
 62
4
370
25
100
AcDbLine
 10
5259.929509762979
 20
14216.77177761019
 30
0.0
 11
5259.929509762979
 21
14231.77177761019
 31
0.0
  0
LINE
  5
19E
330
17
100
AcDbEntity
  8
COTA
 62
4
370
25
100
AcDbLine
 10
5282.929509762978
 20
14152.12397992806
 30
0.0
 11
5282.929509762978
 21
14231.77177761019
 31
0.0
  0
LINE
  5
19F
330
17
100
AcDbEntity
  8
COTA
 62
4
370
25
100
AcDbLine
 10
5259.929509762979
 20
14228.77177761019
 30
0.0
 11
5282.929509762978
 21
14228.77177761019
 31
0.0
  0
LINE
  5
1A0
330
17
100
AcDbEntity
  8
COTA
 62
0
370
25
100
AcDbLine
 10
5261.429509762979
 20
14230.27177761019
 30
0.0
 11
5258.429509762979
 21
14227.27177761019
 31
0.0
  0
LINE
  5
1A1
330
17
100
AcDbEntity
  8
COTA
 62
0
370
25
100
AcDbLine
 10
5281.429509762978
 20
14227.27177761019
 30
0.0
 11
5284.429509762978
 21
14230.27177761019
 31
0.0
  0
LINE
  5
1A2
330
17
100
AcDbEntity
  8
COTA
 62
4
370
25
100
AcDbLine
 10
5808.92950976298
 20
14023.12397992808
 30
0.0
 11
5808.92950976298
 21
13995.88244800348
 31
0.0
  0
LINE
  5
1A3
330
17
100
AcDbEntity
  8
COTA
 62
4
370
25
100
AcDbLine
 10
5875.92950976298
 20
14023.12397992808
 30
0.0
 11
5875.92950976298
 21
13995.88244800348
 31
0.0
  0
LINE
  5
1A4
330
17
100
AcDbEntity
  8
COTA
 62
4
370
25
100
AcDbLine
 10
5808.92950976298
 20
13998.88244800348
 30
0.0
 11
5875.92950976298
 21
13998.88244800348
 31
0.0
  0
LINE
  5
1A5
330
17
100
AcDbEntity
  8
COTA
 62
0
370
25
100
AcDbLine
 10
5810.42950976298
 20
14000.38244800348
 30
0.0
 11
5807.42950976298
 21
13997.38244800348
 31
0.0
  0
LINE
  5
1A6
330
17
100
AcDbEntity
  8
COTA
 62
0
370
25
100
AcDbLine
 10
5874.42950976298
 20
13997.38244800348
 30
0.0
 11
5877.42950976298
 21
14000.38244800348
 31
0.0
  0
LINE
  5
1A7
330
17
100
AcDbEntity
  8
COTA
 62
4
370
25
100
AcDbLine
 10
6007.929509762978
 20
14213.1239799281
 30
0.0
 11
6045.87698174931
 21
14213.1239799281
 31
0.0
  0
LINE
  5
1A8
330
17
100
AcDbEntity
  8
COTA
 62
4
370
25
100
AcDbLine
 10
6007.929509762983
 20
14149.1239799281
 30
0.0
 11
6045.87698174931
 21
14149.1239799281
 31
0.0
  0
LINE
  5
1A9
330
17
100
AcDbEntity
  8
COTA
 62
4
370
25
100
AcDbLine
 10
6042.87698174931
 20
14213.1239799281
 30
0.0
 11
6042.87698174931
 21
14149.1239799281
 31
0.0
  0
LINE
  5
1AA
330
17
100
AcDbEntity
  8
COTA
 62
0
370
25
100
AcDbLine
 10
6044.37698174931
 20
14211.6239799281
 30
0.0
 11
6041.37698174931
 21
14214.6239799281
 31
0.0
  0
LINE
  5
1AB
330
17
100
AcDbEntity
  8
COTA
 62
0
370
25
100
AcDbLine
 10
6041.37698174931
 20
14150.6239799281
 30
0.0
 11
6044.37698174931
 21
14147.6239799281
 31
0.0
  0
LINE
  5
1AC
330
17
100
AcDbEntity
  8
COTA
 62
4
370
25
100
AcDbLine
 10
6007.92950976298
 20
14199.1239799281
 30
0.0
 11
6028.157728360982
 21
14199.1239799281
 31
0.0
  0
LINE
  5
1AD
330
17
100
AcDbEntity
  8
COTA
 62
4
370
25
100
AcDbLine
 10
6007.929509762983
 20
14149.1239799281
 30
0.0
 11
6028.157728360982
 21
14149.1239799281
 31
0.0
  0
LINE
  5
1AE
330
17
100
AcDbEntity
  8
COTA
 62
4
370
25
100
AcDbLine
 10
6025.157728360983
 20
14199.1239799281
 30
0.0
 11
6025.157728360983
 21
14149.1239799281
 31
0.0
  0
LINE
  5
1AF
330
17
100
AcDbEntity
  8
COTA
 62
0
370
25
100
AcDbLine
 10
6026.657728360983
 20
14197.6239799281
 30
0.0
 11
6023.657728360983
 21
14200.6239799281
 31
0.0
  0
LINE
  5
1B0
330
17
100
AcDbEntity
  8
COTA
 62
0
370
25
100
AcDbLine
 10
6023.657728360983
 20
14150.6239799281
 30
0.0
 11
6026.657728360983
 21
14147.6239799281
 31
0.0
  0
LINE
  5
1B1
330
17
100
AcDbEntity
  8
COTA
 62
4
370
25
100
AcDbLine
 10
5875.92950976298
 20
14023.12397992808
 30
0.0
 11
5875.92950976298
 21
13995.88244800348
 31
0.0
  0
LINE
  5
1B2
330
17
100
AcDbEntity
  8
COTA
 62
4
370
25
100
AcDbLine
 10
6004.929509762979
 20
14023.12397992808
 30
0.0
 11
6004.929509762979
 21
13995.88244800348
 31
0.0
  0
LINE
  5
1B3
330
17
100
AcDbEntity
  8
COTA
 62
4
370
25
100
AcDbLine
 10
5875.92950976298
 20
13998.88244800348
 30
0.0
 11
6004.929509762979
 21
13998.88244800348
 31
0.0
  0
LINE
  5
1B4
330
17
100
AcDbEntity
  8
COTA
 62
0
370
25
100
AcDbLine
 10
5877.42950976298
 20
14000.38244800348
 30
0.0
 11
5874.42950976298
 21
13997.38244800348
 31
0.0
  0
LINE
  5
1B5
330
17
100
AcDbEntity
  8
COTA
 62
0
370
25
100
AcDbLine
 10
6003.429509762979
 20
13997.38244800348
 30
0.0
 11
6006.429509762979
 21
14000.38244800348
 31
0.0
  0
LINE
  5
1B6
330
17
100
AcDbEntity
  8
Texto Seção
 62
252
370
15
100
AcDbLine
 10
5057.535763341293
 20
14499.27467693994
 30
0.0
 11
5057.535763341293
 21
14624.27467693994
 31
0.0
  0
LWPOLYLINE
  5
1B7
330
17
100
AcDbEntity
  8
CONCRETO
 62
251
370
25
100
AcDbPolyline
 90
9
 70
0
 10
5037.159505681964
 20
14499.27467693994
 10
5156.157037681965
 20
14499.27467693994
 10
5156.157037681965
 20
14475.27467693994
 10
5075.159505681964
 20
14475.27467693994
 10
5075.159505681964
 20
14129.25243093994
 10
4955.436749681968
 20
14129.25243093994
 10
4955.436749681968
 20
14159.25243093994
 10
5037.159505681964
 20
14159.25243093994
 10
5037.159505681964
 20
14499.27467693994
  0
LWPOLYLINE
  5
1B8
330
17
100
AcDbEntity
  8
Painéis
 62
200
370
25
100
AcDbPolyline
 90
4
 70
1
 10
5079.159505681964
 20
14471.27467693994
 10
5075.159505681964
 20
14471.27467693994
 10
5075.159505681964
 20
14125.25243093994
 10
5079.159505681964
 20
14125.25243093994
  0
LWPOLYLINE
  5
1B9
330
17
100
AcDbEntity
  8
Madeira
 62
126
370
18
100
AcDbPolyline
 90
4
 70
1
 10
5079.159505681964
 20
14466.87467693994
 10
5079.159505681964
 20
14471.27467693994
 10
5093.159505681964
 20
14471.27467693994
 10
5093.159505681964
 20
14466.87467693994
  0
LWPOLYLINE
  5
1BA
330
17
100
AcDbEntity
  8
Madeira
 62
126
370
18
100
AcDbPolyline
 90
4
 70
1
 10
5079.159505681964
 20
14471.27467693994
 10
5093.159505681964
 20
14471.27467693994
 10
5093.159505681964
 20
14125.25243093994
 10
5079.159505681964
 20
14125.25243093994
  0
LWPOLYLINE
  5
1BB
330
17
100
AcDbEntity
  8
Painéis
 62
200
370
25
100
AcDbPolyline
 90
4
 70
1
 10
5075.159505681964
 20
14471.27467693994
 10
5075.159505681964
 20
14475.27467693994
 10
5130.759505681941
 20
14475.27467693993
 10
5130.759505681941
 20
14471.27467693993
  0
LWPOLYLINE
  5
1BC
330
17
100
AcDbEntity
  8
Painéis
 62
200
370
25
100
AcDbPolyline
 90
4
 70
1
 10
5075.159505682023
 20
14125.25243093994
 10
5075.159505682023
 20
14129.25243093994
 10
5037.159505681964
 20
14129.25243093996
 10
5037.159505681964
 20
14125.25243093996
  0
LWPOLYLINE
  5
1BD
330
17
100
AcDbEntity
  8
Painéis
 62
200
370
25
100
AcDbPolyline
 90
4
 70
1
 10
5033.159505681965
 20
14499.27467693994
 10
5037.159505681964
 20
14499.27467693994
 10
5037.159505681977
 20
14159.25243093994
 10
5033.159505681976
 20
14159.25243093994
  0
LWPOLYLINE
  5
1BE
330
17
100
AcDbEntity
  8
Madeira
 62
126
370
18
100
AcDbPolyline
 90
4
 70
1
 10
5033.159505681965
 20
14494.87467693994
 10
5033.159505681965
 20
14499.27467693994
 10
5019.159505681964
 20
14499.27467693994
 10
5019.159505681964
 20
14494.87467693994
  0
LWPOLYLINE
  5
1BF
330
17
100
AcDbEntity
  8
Madeira
 62
126
370
18
100
AcDbPolyline
 90
4
 70
1
 10
5033.159505681965
 20
14499.27467693994
 10
5019.159505681964
 20
14499.27467693994
 10
5019.159505681976
 20
14159.25243093994
 10
5033.159505681976
 20
14159.25243093994
  0
LWPOLYLINE
  5
1C0
330
17
100
AcDbEntity
  8
barrote
 62
251
370
25
100
AcDbPolyline
 90
4
 70
1
 10
4965.704308010071
 20
14105.65243094001
 10
5160.887248519764
 20
14105.65243094001
 10
5160.887248519764
 20
14125.25243093997
 10
4965.704308010071
 20
14125.25243093997
  0
LWPOLYLINE
  5
1C1
330
17
100
AcDbEntity
  8
Painéis
 62
200
370
25
100
AcDbPolyline
 90
4
 70
1
 10
5037.159505682023
 20
14125.25243093994
 10
5037.159505682023
 20
14129.25243093994
 10
4955.436749681968
 20
14129.25243093996
 10
4955.436749681968
 20
14125.25243093996
  0
LWPOLYLINE
  5
1C2
330
17
100
AcDbEntity
  8
Madeira
 62
126
370
18
100
AcDbPolyline
 90
4
 70
1
 10
5113.159505681964
 20
14125.25243093997
 10
5113.159505681964
 20
14129.65243093996
 10
5093.159505681964
 20
14129.65243093996
 10
5093.159505681964
 20
14125.25243093997
  0
LWPOLYLINE
  5
1C3
330
17
100
AcDbEntity
  8
COTA
 62
0
370
25
100
AcDbPolyline
 90
2
 70
0
 10
5181.208290942909
 20
14477.77467693995
 10
5186.208290942909
 20
14472.77467693995
  0
LWPOLYLINE
  5
1C4
330
17
100
AcDbEntity
  8
COTA
 62
0
370
25
100
AcDbPolyline
 90
2
 70
0
 10
5186.208290942909
 20
14496.77467693995
 10
5181.208290942909
 20
14501.77467693995
  0
LWPOLYLINE
  5
1C5
330
17
100
AcDbEntity
  8
COTA
 62
0
370
25
100
AcDbPolyline
 90
2
 70
0
 10
4896.209512086083
 20
14127.75243093997
 10
4901.209512086083
 20
14122.75243093997
  0
LWPOLYLINE
  5
1C6
330
17
100
AcDbEntity
  8
COTA
 62
0
370
25
100
AcDbPolyline
 90
2
 70
0
 10
4901.209512086083
 20
14156.75243093995
 10
4896.209512086083
 20
14161.75243093995
  0
LWPOLYLINE
  5
1C7
330
17
100
AcDbEntity
  8
COTA
 62
0
370
25
100
AcDbPolyline
 90
2
 70
0
 10
5039.659505681964
 20
14083.42561713778
 10
5034.659505681964
 20
14078.42561713778
  0
LWPOLYLINE
  5
1C8
330
17
100
AcDbEntity
  8
COTA
 62
0
370
25
100
AcDbPolyline
 90
2
 70
0
 10
5072.659505681964
 20
14078.42561713778
 10
5077.659505681964
 20
14083.42561713778
  0
LWPOLYLINE
  5
1C9
330
17
100
AcDbEntity
  8
COTA
 62
0
370
25
100
AcDbPolyline
 90
2
 70
0
 10
4939.751563141241
 20
14182.82248846822
 10
4934.751563141241
 20
14187.82248846822
  0
LWPOLYLINE
  5
1CA
330
17
100
AcDbEntity
  8
COTA
 62
0
370
25
100
AcDbPolyline
 90
2
 70
0
 10
4934.751563141241
 20
14127.75243093997
 10
4939.751563141241
 20
14122.75243093997
  0
LWPOLYLINE
  5
1CB
330
17
100
AcDbEntity
  8
COTA
 62
0
370
25
100
AcDbPolyline
 90
2
 70
0
 10
4939.751563141241
 20
14272.82248846822
 10
4934.751563141241
 20
14277.82248846822
  0
LWPOLYLINE
  5
1CC
330
17
100
AcDbEntity
  8
COTA
 62
0
370
25
100
AcDbPolyline
 90
2
 70
0
 10
4934.751563141241
 20
14187.85243093996
 10
4939.751563141241
 20
14182.85243093996
  0
LWPOLYLINE
  5
1CD
330
17
100
AcDbEntity
  8
COTA
 62
0
370
25
100
AcDbPolyline
 90
2
 70
0
 10
4939.75156314124
 20
14362.82248846822
 10
4934.75156314124
 20
14367.82248846822
  0
LWPOLYLINE
  5
1CE
330
17
100
AcDbEntity
  8
COTA
 62
0
370
25
100
AcDbPolyline
 90
2
 70
0
 10
4934.751563141241
 20
14277.85243093996
 10
4939.751563141241
 20
14272.85243093996
  0
LWPOLYLINE
  5
1CF
330
17
100
AcDbEntity
  8
COTA
 62
0
370
25
100
AcDbPolyline
 90
2
 70
0
 10
4939.751563141241
 20
14452.82248846822
 10
4934.751563141241
 20
14457.82248846822
  0
LWPOLYLINE
  5
1D0
330
17
100
AcDbEntity
  8
COTA
 62
0
370
25
100
AcDbPolyline
 90
2
 70
0
 10
4934.751563141241
 20
14367.85243093996
 10
4939.751563141241
 20
14362.85243093996
  0
LWPOLYLINE
  5
1D1
330
17
100
AcDbEntity
  8
COTA
 62
0
370
25
100
AcDbPolyline
 90
2
 70
0
 10
5181.208290942913
 20
14127.75243093997
 10
5186.208290942913
 20
14122.75243093997
  0
LWPOLYLINE
  5
1D2
330
17
100
AcDbEntity
  8
COTA
 62
0
370
25
100
AcDbPolyline
 90
2
 70
0
 10
5186.208290942913
 20
14468.77467693994
 10
5181.208290942913
 20
14473.77467693994
  0
LWPOLYLINE
  5
1D3
330
17
100
AcDbEntity
  8
COTA
 62
0
370
25
100
AcDbPolyline
 90
2
 70
0
 10
4866.242779540038
 20
14127.75243093997
 10
4871.242779540038
 20
14122.75243093997
  0
LWPOLYLINE
  5
1D4
330
17
100
AcDbEntity
  8
COTA
 62
0
370
25
100
AcDbPolyline
 90
2
 70
0
 10
4871.242779540037
 20
14496.77467693995
 10
4866.242779540037
 20
14501.77467693995
  0
LWPOLYLINE
  5
1D5
330
17
100
AcDbEntity
  8
COTA
 62
0
370
25
100
AcDbPolyline
 90
2
 70
0
 10
4896.209512086088
 20
14161.75243093995
 10
4901.209512086088
 20
14156.75243093995
  0
LWPOLYLINE
  5
1D6
330
17
100
AcDbEntity
  8
COTA
 62
0
370
25
100
AcDbPolyline
 90
2
 70
0
 10
4901.209512086087
 20
14496.77467693995
 10
4896.209512086087
 20
14501.77467693995
  0
TEXT
  5
1D7
330
17
100
AcDbEntity
  8
detalhes
 62
4
370
25
100
AcDbText
 10
5047.759771297467
 20
14131.48818445978
 30
0.0
 40
9.600000000000001
  1
c
100
AcDbText
  0
TEXT
  5
1D8
330
17
100
AcDbEntity
  8
detalhes
 62
4
370
25
100
AcDbText
 10
5083.873988858002
 20
14305.68394258863
 30
0.0
 40
9.600000000000001
  1
b
100
AcDbText
  0
TEXT
  5
1D9
330
17
100
AcDbEntity
  8
detalhes
 62
4
370
25
100
AcDbText
 10
5023.27356626837
 20
14305.68394258863
 30
0.0
 40
9.600000000000001
  1
a
100
AcDbText
  0
TEXT
  5
1DA
330
17
100
AcDbEntity
  8
texto
 62
2
370
25
100
AcDbText
 10
5528.059120828739
 20
14452.36441830695
 30
0.0
 40
8.0
  1
5 1/2pont
100
AcDbText
  0
TEXT
  5
1DB
330
17
100
AcDbEntity
  8
5
 62
5
370
25
100
AcDbText
 10
6002.799689682245
 20
14299.61113922138
 30
0.0
 40
12.0
  1
P27
 50
359.9999644975238
100
AcDbText
  0
TEXT
  5
1DC
330
17
100
AcDbEntity
  8
Texto Seção
 62
7
370
15
100
AcDbText
 10
5308.239102656255
 20
14559.29278391354
 30
0.0
 40
13.0
  1
V110.A
100
AcDbText
  0
TEXT
  5
1DD
330
17
100
AcDbEntity
  8
texto
 62
2
370
25
100
AcDbText
 10
5636.486194530636
 20
14452.36441830695
 30
0.0
 40
8.0
  1
5 1/2pont
100
AcDbText
  0
TEXT
  5
1DE
330
17
100
AcDbEntity
  8
texto
 62
2
370
25
100
AcDbText
 10
5758.061811085066
 20
14452.36441830695
 30
0.0
 40
8.0
  1
5 1/2pont
100
AcDbText
  0
TEXT
  5
1DF
330
17
100
AcDbEntity
  8
texto
 62
2
370
25
100
AcDbText
 10
5883.91353639767
 20
14452.36441830695
 30
0.0
 40
8.0
  1
5 1/2pont
100
AcDbText
  0
TEXT
  5
1E0
330
17
100
AcDbEntity
  8
texto
 62
2
370
25
100
AcDbText
 10
5985.789348748806
 20
14452.36441830695
 30
0.0
 40
8.0
  1
4 1/2pont
100
AcDbText
  0
TEXT
  5
1E1
330
17
100
AcDbEntity
  8
5
 62
5
370
25
100
AcDbText
 10
5311.908319422074
 20
14406.5708054067
 30
0.0
 40
12.0
  1
P24
 50
359.9999644975238
100
AcDbText
  0
TEXT
  5
1E2
330
17
100
AcDbEntity
  8
5
 62
5
370
25
100
AcDbText
 10
5423.852039031322
 20
14406.67661628566
 30
0.0
 40
12.0
  1
P26
 50
3.55024762388e-05
100
AcDbText
  0
TEXT
  5
1E3
330
17
100
AcDbEntity
  8
texto
 62
2
370
25
100
AcDbText
 10
5330.005607199272
 20
14099.87276058084
 30
0.0
 40
8.0
  1
5 1/2pont
100
AcDbText
  0
TEXT
  5
1E4
330
17
100
AcDbEntity
  8
5
 62
5
370
25
100
AcDbText
 10
5982.055113921653
 20
13947.41787554883
 30
0.0
 40
12.0
  1
P27
 50
359.9999644975238
100
AcDbText
  0
TEXT
  5
1E5
330
17
100
AcDbEntity
  8
texto
 62
2
370
25
100
AcDbText
 10
5438.432680901168
 20
14099.87276058084
 30
0.0
 40
8.0
  1
5 1/2pont
100
AcDbText
  0
TEXT
  5
1E6
330
17
100
AcDbEntity
  8
texto
 62
2
370
25
100
AcDbText
 10
5560.008297455598
 20
14099.87276058084
 30
0.0
 40
8.0
  1
5 1/2pont
100
AcDbText
  0
TEXT
  5
1E7
330
17
100
AcDbEntity
  8
texto
 62
2
370
25
100
AcDbText
 10
5685.860022768203
 20
14099.87276058084
 30
0.0
 40
8.0
  1
5 1/2pont
100
AcDbText
  0
TEXT
  5
1E8
330
17
100
AcDbEntity
  8
texto
 62
2
370
25
100
AcDbText
 10
5939.002821125008
 20
14172.80047225928
 30
0.0
 40
8.0
  1
5 1/2pont
100
AcDbText
  0
TEXT
  5
1E9
330
17
100
AcDbEntity
  8
Texto Seção
 62
7
370
15
100
AcDbText
 10
5308.239102656255
 20
14218.23184597046
 30
0.0
 40
13.0
  1
V110.B
100
AcDbText
  0
TEXT
  5
1EA
330
17
100
AcDbEntity
  8
5
 62
5
370
25
100
AcDbText
 10
5262.002263855219
 20
13942.69957971685
 30
0.0
 40
12.0
  1
P26
 50
3.55024762388e-05
100
AcDbText
  0
TEXT
  5
1EB
330
17
100
AcDbEntity
  8
COTA
 62
1
370
25
100
AcDbText
 10
5192.208290942913
 20
14487.27467693994
 30
0.0
 40
7.0
  1
12
 50
90.0
100
AcDbText
  0
TEXT
  5
1EC
330
17
100
AcDbEntity
  8
COTA
 62
1
370
25
100
AcDbText
 10
4907.209512086086
 20
14142.25243093995
 30
0.0
 40
7.0
  1
17
 50
90.0
100
AcDbText
  0
TEXT
  5
1ED
330
17
100
AcDbEntity
  8
COTA
 62
1
370
25
100
AcDbText
 10
5056.159505681964
 20
14086.42561713778
 30
0.0
 40
7.0
  1
19
100
AcDbText
  0
TEXT
  5
1EE
330
17
100
AcDbEntity
  8
Cota Seção (2x)
 62
1
370
25
100
AcDbText
 10
5077.659505681965
 20
14298.16355393994
 30
0.0
 40
7.0
  1
185
 50
90.0
100
AcDbText
  0
TEXT
  5
1EF
330
17
100
AcDbEntity
  8
COTA
 62
1
370
25
100
AcDbText
 10
4945.751563141244
 20
14155.28745970409
 30
0.0
 40
7.0
  1
30
 50
90.0
100
AcDbText
  0
TEXT
  5
1F0
330
17
100
AcDbEntity
  8
Cota Seção (2x)
 62
1
370
25
100
AcDbText
 10
5056.159505681934
 20
14148.75243093994
 30
0.0
 40
7.0
  1
19
100
AcDbText
  0
TEXT
  5
1F1
330
17
100
AcDbEntity
  8
COTA
 62
1
370
25
100
AcDbText
 10
4945.751563141244
 20
14230.33745970408
 30
0.0
 40
7.0
  1
45
 50
90.0
100
AcDbText
  0
TEXT
  5
1F2
330
17
100
AcDbEntity
  8
COTA
 62
1
370
25
100
AcDbText
 10
4945.751563141244
 20
14320.33745970408
 30
0.0
 40
7.0
  1
45
 50
90.0
100
AcDbText
  0
TEXT
  5
1F3
330
17
100
AcDbEntity
  8
COTA
 62
1
370
25
100
AcDbText
 10
4945.751563141244
 20
14410.33745970408
 30
0.0
 40
7.0
  1
45
 50
90.0
100
AcDbText
  0
TEXT
  5
1F4
330
17
100
AcDbEntity
  8
COTA
 62
1
370
25
100
AcDbText
 10
5192.208290942916
 20
14298.26355393995
 30
0.0
 40
7.0
  1
173
 50
90.0
100
AcDbText
  0
TEXT
  5
1F5
330
17
100
AcDbEntity
  8
COTA
 62
1
370
25
100
AcDbText
 10
4877.242779540041
 20
14312.26355393995
 30
0.0
 40
7.0
  1
187
 50
90.0
100
AcDbText
  0
TEXT
  5
1F6
330
17
100
AcDbEntity
  8
COTA
 62
1
370
25
100
AcDbText
 10
4907.209512086091
 20
14329.26355393994
 30
0.0
 40
7.0
  1
170
 50
90.0
100
AcDbText
  0
TEXT
  5
1F7
330
17
100
AcDbEntity
  8
COTA
 62
240
370
25
100
AcDbText
 10
5518.983023392447
 20
14359.13419120819
 30
0.0
 40
10.0
  1
122
100
AcDbText
  0
TEXT
  5
1F8
330
17
100
AcDbEntity
  8
COTA
 62
240
370
25
100
AcDbText
 10
5762.983023392448
 20
14359.1341912082
 30
0.0
 40
10.0
  1
122
100
AcDbText
  0
TEXT
  5
1F9
330
17
100
AcDbEntity
  8
COTA
 62
240
370
25
100
AcDbText
 10
5746.983023392448
 20
14325.66877993467
 30
0.0
 40
10.0
  1
578
100
AcDbText
  0
TEXT
  5
1FA
330
17
100
AcDbEntity
  8
COTA
 62
240
370
25
100
AcDbText
 10
6068.101592867626
 20
14473.11563765421
 30
0.0
 40
10.0
  1
155
 50
90.0
100
AcDbText
  0
TEXT
  5
1FB
330
17
100
AcDbEntity
  8
COTA
 62
240
370
25
100
AcDbText
 10
6068.101592867631
 20
14369.92996513959
 30
0.0
 40
10.0
  1
15
 50
90.0
100
AcDbText
  0
TEXT
  5
1FC
330
17
100
AcDbEntity
  8
COTA
 62
240
370
25
100
AcDbText
 10
6091.983571438435
 20
14465.61563765421
 30
0.0
 40
10.0
  1
170
 50
90.0
100
AcDbText
  0
TEXT
  5
1FD
330
17
100
AcDbEntity
  8
COTA
 62
240
370
25
100
AcDbText
 10
5640.983023392448
 20
14359.1341912082
 30
0.0
 40
10.0
  1
122
100
AcDbText
  0
TEXT
  5
1FE
330
17
100
AcDbEntity
  8
COTA
 62
240
370
25
100
AcDbText
 10
5884.983023392448
 20
14359.1341912082
 30
0.0
 40
10.0
  1
122
100
AcDbText
  0
TEXT
  5
1FF
330
17
100
AcDbEntity
  8
COTA
 62
240
370
25
100
AcDbText
 10
5990.983023392446
 20
14359.20729062341
 30
0.0
 40
10.0
  1
90
100
AcDbText
  0
TEXT
  5
200
330
17
100
AcDbEntity
  8
COTA
 62
240
370
25
100
AcDbText
 10
5341.181207775882
 20
14470.17805085729
 30
0.0
 40
10.0
  1
61
100
AcDbText
  0
TEXT
  5
201
330
17
100
AcDbEntity
  8
COTA
 62
240
370
25
100
AcDbText
 10
5405.681207775881
 20
14470.19998068185
 30
0.0
 40
10.0
  1
68
100
AcDbText
  0
TEXT
  5
202
330
17
100
AcDbEntity
  8
COTA
 62
240
370
25
100
AcDbText
 10
5375.181207775881
 20
14436.62492028552
 30
0.0
 40
10.0
  1
129
100
AcDbText
  0
TEXT
  5
203
330
17
100
AcDbEntity
  8
COTA
 62
240
370
25
100
AcDbText
 10
5287.064213952393
 20
14518.61563765418
 30
0.0
 40
10.0
  1
64
 50
90.0
100
AcDbText
  0
TEXT
  5
204
330
17
100
AcDbEntity
  8
COTA
 62
240
370
25
100
AcDbText
 10
5308.672409684477
 20
14511.61563765418
 30
0.0
 40
10.0
  1
50
 50
90.0
100
AcDbText
  0
TEXT
  5
205
330
17
100
AcDbEntity
  8
COTA
 62
240
370
25
100
AcDbText
 10
5308.708959392081
 20
14561.67411718634
 30
0.0
 40
10.0
  1
14
 50
90.0
100
AcDbText
  0
TEXT
  5
206
330
17
100
AcDbEntity
  8
COTA
 62
240
370
25
100
AcDbText
 10
5320.92950976298
 20
14006.94092753564
 30
0.0
 40
10.0
  1
122
100
AcDbText
  0
TEXT
  5
207
330
17
100
AcDbEntity
  8
COTA
 62
240
370
25
100
AcDbText
 10
5564.92950976298
 20
14006.94092753565
 30
0.0
 40
10.0
  1
122
100
AcDbText
  0
TEXT
  5
208
330
17
100
AcDbEntity
  8
COTA
 62
240
370
25
100
AcDbText
 10
5632.429509762979
 20
13973.45358643756
 30
0.0
 40
10.0
  1
745
100
AcDbText
  0
TEXT
  5
209
330
17
100
AcDbEntity
  8
COTA
 62
240
370
25
100
AcDbText
 10
5917.715520164392
 20
14087.62397992809
 30
0.0
 40
10.0
  1
123
 50
90.0
100
AcDbText
  0
TEXT
  5
20A
330
17
100
AcDbEntity
  8
COTA
 62
240
370
25
100
AcDbText
 10
6037.084628945777
 20
14224.18245946025
 30
0.0
 40
10.0
  1
14
 50
90.0
100
AcDbText
  0
TEXT
  5
20B
330
17
100
AcDbEntity
  8
COTA
 62
240
370
25
100
AcDbText
 10
6074.133091314266
 20
14119.62397992809
 30
0.0
 40
10.0
  1
187
 50
90.0
100
AcDbText
  0
TEXT
  5
20C
330
17
100
AcDbEntity
  8
COTA
 62
240
370
25
100
AcDbText
 10
5442.92950976298
 20
14006.94092753565
 30
0.0
 40
10.0
  1
122
100
AcDbText
  0
TEXT
  5
20D
330
17
100
AcDbEntity
  8
COTA
 62
240
370
25
100
AcDbText
 10
5686.92950976298
 20
14006.94092753565
 30
0.0
 40
10.0
  1
122
100
AcDbText
  0
TEXT
  5
20E
330
17
100
AcDbEntity
  8
COTA
 62
240
370
25
100
AcDbText
 10
5778.42950976298
 20
14006.98478718477
 30
0.0
 40
10.0
  1
61
100
AcDbText
  0
TEXT
  5
20F
330
17
100
AcDbEntity
  8
COTA
 62
240
370
25
100
AcDbText
 10
5262.675660796352
 20
14181.12397992807
 30
0.0
 40
10.0
  1
64
 50
90.0
100
AcDbText
  0
TEXT
  5
210
330
17
100
AcDbEntity
  8
COTA
 62
240
370
25
100
AcDbText
 10
5271.429509762978
 20
14236.99107585581
 30
0.0
 40
10.0
  1
23
100
AcDbText
  0
TEXT
  5
211
330
17
100
AcDbEntity
  8
COTA
 62
240
370
25
100
AcDbText
 10
5842.42950976298
 20
14006.98478718477
 30
0.0
 40
10.0
  1
67
100
AcDbText
  0
TEXT
  5
212
330
17
100
AcDbEntity
  8
COTA
 62
240
370
25
100
AcDbText
 10
6054.774642568026
 20
14181.12397992809
 30
0.0
 40
10.0
  1
64
 50
90.0
100
AcDbText
  0
TEXT
  5
213
330
17
100
AcDbEntity
  8
COTA
 62
240
370
25
100
AcDbText
 10
6037.048079238178
 20
14174.12397992809
 30
0.0
 40
10.0
  1
50
 50
90.0
100
AcDbText
  0
TEXT
  5
214
330
17
100
AcDbEntity
  8
COTA
 62
240
370
25
100
AcDbText
 10
5940.429509762979
 20
14006.97016730173
 30
0.0
 40
10.0
  1
129
100
AcDbText
  0
TEXT
  5
215
330
17
100
AcDbEntity
  8
Texto Seção
 62
3
370
15
100
AcDbText
 10
5057.535763341293
 20
14570.723441312914
 30
0.0
 40
17.0
  1

100
AcDbText
  0
TEXT
  5
216
330
17
100
AcDbEntity
  8
Texto Seção
 62
3
370
15
100
AcDbText
 10
5057.535763341293
 20
14540.822856668592
 30
0.0
 40
12.0
  1

100
AcDbText
  0
TEXT
  5
217
330
17
100
AcDbEntity
  8
Texto Seção
 62
7
370
15
100
AcDbText
 10
5057.535763341293
 20
14514.851427780106
 30
0.0
 40
10.0
  1

100
AcDbText
  0
HATCH
  5
218
330
17
100
AcDbEntity
  8
COTA
 62
7
100
AcDbHatch
 10
0.0
 20
0.0
 30
0.0
210
0.0
220
0.0
230
1.0
  2
AR-CONC
 70
0
 71
0
 91
1
 92
3
 72
0
 73
1
 93
7
 10
5282.929509762976
 20
14149.12397992806
 10
5282.929509762976
 20
14199.12397992806
 10
6004.929509762977
 20
14199.12397992809
 10
6004.929509762977
 20
14213.12397992809
 10
5259.929509762976
 20
14213.12397992806
 10
5259.929509762979
 20
14149.12397992806
 10
5282.929509762976
 20
14149.12397992806
 97
0
 75
1
 76
1
 52
0.0
 41
1.0
 77
0
 78
13
 53
50.0
 43
0.0
 44
0.0
 45
182.184668996
 46
-15.9390855389
 79
2
 49
19.05
 49
-209.55
 53
355.0
 43
0.0
 44
0.0
 45
-35.243421425
 46
191.056845239
 79
2
 49
15.24
 49
-167.64058417
 53
100.4514447
 43
15.182007
 44
-1.3282535
 45
146.9412470904
 46
175.1177519122
 79
2
 49
16.1900088
 49
-178.0902446
 53
46.1842
 43
0.0
 44
50.8
 45
271.0790408921
 46
-42.0423279327
 79
2
 49
28.575
 49
-314.325
 53
96.63555761
 43
22.5899
 44
47.2965
 45
237.4041340515
 46
247.4261245977
 79
2
 49
24.28502314
 49
-267.13560816
 53
351.18415117
 43
0.0
 44
50.8
 45
237.404134065
 46
247.4261245855
 79
2
 49
22.85996707
 49
-251.45973192
 53
21.0
 43
25.4
 44
38.1
 45
151.6143912691
 46
-102.2651981871
 79
2
 49
19.05
 49
-209.55
 53
326.0
 43
25.4
 44
38.1
 45
61.8020283476
 46
184.1879661223
 79
2
 49
15.24
 49
-167.64
 53
71.451445
 43
38.0345326
 44
29.5779001
 45
213.4164192787
 46
81.9227688859
 79
2
 49
16.1900088
 49
-178.0899376
 53
37.5
 43
0.0
 44
0.0
 45
3.0886032506
 46
84.5550388732
 79
6
 49
0.0
 49
-165.608
 49
0.0
 49
-170.18
 49
0.0
 49
-168.275
 53
7.5
 43
0.0
 44
0.0
 45
66.8196625103
 46
100.1805748181
 79
6
 49
0.0
 49
-97.028
 49
0.0
 49
-161.798
 49
0.0
 49
-64.135
 53
-32.5
 43
-56.642
 44
0.0
 45
135.5905951669
 46
-5.7287439927
 79
6
 49
0.0
 49
-63.5
 49
0.0
 49
-198.12
 49
0.0
 49
-262.89
 53
-42.5
 43
-82.042
 44
0.0
 45
148.129181386
 46
25.4264910333
 79
6
 49
0.0
 49
-82.55
 49
0.0
 49
-131.572
 49
0.0
 49
-186.69
 98
0
  0
HATCH
  5
219
330
17
100
AcDbEntity
  8
Hachura
 62
7
100
AcDbHatch
 10
0.0
 20
0.0
 30
0.0
210
0.0
220
0.0
230
1.0
  2
SOLID
 70
1
 71
0
 91
1
 92
3
 72
0
 73
1
 93
5
 10
5079.159505681966
 20
14470.97467693994
 10
5075.159505681966
 20
14470.97467693994
 10
5075.159505681964
 20
14125.35243093994
 10
5079.159505681964
 20
14125.35243093994
 10
5079.159505681966
 20
14470.97467693994
 97
0
 75
1
 76
1
 98
0
  0
HATCH
  5
21A
330
17
100
AcDbEntity
  8
Hachura
 62
7
100
AcDbHatch
 10
0.0
 20
0.0
 30
0.0
210
0.0
220
0.0
230
1.0
  2
ANSI31
 70
0
 71
0
 91
1
 92
3
 72
0
 73
1
 93
5
 10
5079.159505681964
 20
14466.87467693994
 10
5079.159505681964
 20
14471.27467693994
 10
5093.159505681964
 20
14471.27467693994
 10
5093.159505681964
 20
14466.87467693994
 10
5079.159505681964
 20
14466.87467693994
 97
0
 75
1
 76
1
 52
0.0
 41
1.0
 77
0
 78
1
 53
45.0
 43
0.0
 44
0.0
 45
-2.2450640303
 46
2.2450640303
 79
0
 98
0
  0
HATCH
  5
21B
330
17
100
AcDbEntity
  8
Hachura
 62
7
100
AcDbHatch
 10
0.0
 20
0.0
 30
0.0
210
0.0
220
0.0
230
1.0
  2
SOLID
 70
1
 71
0
 91
1
 92
3
 72
0
 73
1
 93
5
 10
5075.159505681964
 20
14471.27467693994
 10
5075.159505681964
 20
14475.27467693994
 10
5130.759505681941
 20
14475.27467693993
 10
5130.759505681941
 20
14471.27467693993
 10
5075.159505681964
 20
14471.27467693994
 97
0
 75
1
 76
1
 98
0
  0
HATCH
  5
21C
330
17
100
AcDbEntity
  8
Hachura
 62
7
100
AcDbHatch
 10
0.0
 20
0.0
 30
0.0
210
0.0
220
0.0
230
1.0
  2
SOLID
 70
1
 71
0
 91
1
 92
3
 72
0
 73
1
 93
5
 10
5075.159505682023
 20
14125.25243093994
 10
5075.159505682023
 20
14129.25243093994
 10
5037.159505681964
 20
14129.25243093996
 10
5037.159505681964
 20
14125.25243093996
 10
5075.159505682023
 20
14125.25243093994
 97
0
 75
1
 76
1
 98
0
  0
HATCH
  5
21D
330
17
100
AcDbEntity
  8
Hachura
 62
7
100
AcDbHatch
 10
0.0
 20
0.0
 30
0.0
210
0.0
220
0.0
230
1.0
  2
SOLID
 70
1
 71
0
 91
1
 92
3
 72
0
 73
1
 93
5
 10
5033.159505681965
 20
14498.97467693994
 10
5037.159505681964
 20
14498.97467693994
 10
5037.159505681977
 20
14158.95243093994
 10
5033.159505681976
 20
14158.95243093994
 10
5033.159505681965
 20
14498.97467693994
 97
0
 75
1
 76
1
 98
0
  0
HATCH
  5
21E
330
17
100
AcDbEntity
  8
Hachura
 62
7
100
AcDbHatch
 10
0.0
 20
0.0
 30
0.0
210
0.0
220
0.0
230
1.0
  2
ANSI31
 70
0
 71
0
 91
1
 92
3
 72
0
 73
1
 93
5
 10
5033.159505681965
 20
14494.87467693994
 10
5033.159505681965
 20
14499.27467693994
 10
5019.159505681964
 20
14499.27467693994
 10
5019.159505681964
 20
14494.87467693994
 10
5033.159505681965
 20
14494.87467693994
 97
0
 75
1
 76
1
 52
0.0
 41
1.0
 77
0
 78
1
 53
45.0
 43
0.0
 44
0.0
 45
-2.2450640303
 46
2.2450640303
 79
0
 98
0
  0
HATCH
  5
21F
330
17
100
AcDbEntity
  8
Hachura
 62
7
100
AcDbHatch
 10
0.0
 20
0.0
 30
0.0
210
0.0
220
0.0
230
1.0
  2
SOLID
 70
1
 71
0
 91
1
 92
3
 72
0
 73
1
 93
5
 10
5037.159505682023
 20
14125.25243093994
 10
5037.159505682023
 20
14129.25243093994
 10
4955.436749681968
 20
14129.25243093996
 10
4955.436749681968
 20
14125.25243093996
 10
5037.159505682023
 20
14125.25243093994
 97
0
 75
1
 76
1
 98
0
  0
HATCH
  5
220
330
17
100
AcDbEntity
  8
Hachura
 62
7
100
AcDbHatch
 10
0.0
 20
0.0
 30
0.0
210
0.0
220
0.0
230
1.0
  2
ANSI31
 70
0
 71
0
 91
1
 92
3
 72
0
 73
1
 93
5
 10
5113.159505681964
 20
14125.25243093997
 10
5113.159505681964
 20
14129.65243093996
 10
5093.159505681964
 20
14129.65243093996
 10
5093.159505681964
 20
14125.25243093997
 10
5113.159505681964
 20
14125.25243093997
 97
0
 75
1
 76
1
 52
0.0
 41
1.0
 77
0
 78
1
 53
45.0
 43
0.0
 44
0.0
 45
-2.2450640303
 46
2.2450640303
 79
0
 98
0
  0
HATCH
  5
221
330
17
100
AcDbEntity
  8
COTA
 62
7
100
AcDbHatch
 10
0.0
 20
0.0
 30
0.0
210
0.0
220
0.0
230
1.0
  2
AR-CONC
 70
0
 71
0
 91
1
 92
3
 72
0
 73
1
 93
5
 10
6035.983023392444
 20
14380.61563765421
 10
6035.983023392444
 20
14395.61563765421
 10
5457.983023392444
 20
14395.61563765423
 10
5457.983023392444
 20
14380.61563765423
 10
6035.983023392444
 20
14380.61563765421
 97
0
 75
1
 76
1
 52
0.0
 41
1.0
 77
0
 78
13
 53
50.0
 43
0.0
 44
0.0
 45
182.184668996
 46
-15.9390855389
 79
2
 49
19.05
 49
-209.55
 53
355.0
 43
0.0
 44
0.0
 45
-35.243421425
 46
191.056845239
 79
2
 49
15.24
 49
-167.64058417
 53
100.4514447
 43
15.182007
 44
-1.3282535
 45
146.9412470904
 46
175.1177519122
 79
2
 49
16.1900088
 49
-178.0902446
 53
46.1842
 43
0.0
 44
50.8
 45
271.0790408921
 46
-42.0423279327
 79
2
 49
28.575
 49
-314.325
 53
96.63555761
 43
22.5899
 44
47.2965
 45
237.4041340515
 46
247.4261245977
 79
2
 49
24.28502314
 49
-267.13560816
 53
351.18415117
 43
0.0
 44
50.8
 45
237.404134065
 46
247.4261245855
 79
2
 49
22.85996707
 49
-251.45973192
 53
21.0
 43
25.4
 44
38.1
 45
151.6143912691
 46
-102.2651981871
 79
2
 49
19.05
 49
-209.55
 53
326.0
 43
25.4
 44
38.1
 45
61.8020283476
 46
184.1879661223
 79
2
 49
15.24
 49
-167.64
 53
71.451445
 43
38.0345326
 44
29.5779001
 45
213.4164192787
 46
81.9227688859
 79
2
 49
16.1900088
 49
-178.0899376
 53
37.5
 43
0.0
 44
0.0
 45
3.0886032506
 46
84.5550388732
 79
6
 49
0.0
 49
-165.608
 49
0.0
 49
-170.18
 49
0.0
 49
-168.275
 53
7.5
 43
0.0
 44
0.0
 45
66.8196625103
 46
100.1805748181
 79
6
 49
0.0
 49
-97.028
 49
0.0
 49
-161.798
 49
0.0
 49
-64.135
 53
-32.5
 43
-56.642
 44
0.0
 45
135.5905951669
 46
-5.7287439927
 79
6
 49
0.0
 49
-63.5
 49
0.0
 49
-198.12
 49
0.0
 49
-262.89
 53
-42.5
 43
-82.042
 44
0.0
 45
148.129181386
 46
25.4264910333
 79
6
 49
0.0
 49
-82.55
 49
0.0
 49
-131.572
 49
0.0
 49
-186.69
 98
0
  0
HATCH
  5
222
330
17
100
AcDbEntity
  8
COTA
 62
7
100
AcDbHatch
 10
0.0
 20
0.0
 30
0.0
210
0.0
220
0.0
230
1.0
  2
AR-CONC
 70
0
 71
0
 91
1
 92
3
 72
0
 73
1
 93
5
 10
5439.681207775882
 20
14550.61563765418
 10
5310.681207775882
 20
14550.61563765417
 10
5310.681207775882
 20
14536.61563765417
 10
5439.681207775882
 20
14536.61563765417
 10
5439.681207775882
 20
14550.61563765418
 97
0
 75
1
 76
1
 52
0.0
 41
1.0
 77
0
 78
13
 53
50.0
 43
0.0
 44
0.0
 45
182.184668996
 46
-15.9390855389
 79
2
 49
19.05
 49
-209.55
 53
355.0
 43
0.0
 44
0.0
 45
-35.243421425
 46
191.056845239
 79
2
 49
15.24
 49
-167.64058417
 53
100.4514447
 43
15.182007
 44
-1.3282535
 45
146.9412470904
 46
175.1177519122
 79
2
 49
16.1900088
 49
-178.0902446
 53
46.1842
 43
0.0
 44
50.8
 45
271.0790408921
 46
-42.0423279327
 79
2
 49
28.575
 49
-314.325
 53
96.63555761
 43
22.5899
 44
47.2965
 45
237.4041340515
 46
247.4261245977
 79
2
 49
24.28502314
 49
-267.13560816
 53
351.18415117
 43
0.0
 44
50.8
 45
237.404134065
 46
247.4261245855
 79
2
 49
22.85996707
 49
-251.45973192
 53
21.0
 43
25.4
 44
38.1
 45
151.6143912691
 46
-102.2651981871
 79
2
 49
19.05
 49
-209.55
 53
326.0
 43
25.4
 44
38.1
 45
61.8020283476
 46
184.1879661223
 79
2
 49
15.24
 49
-167.64
 53
71.451445
 43
38.0345326
 44
29.5779001
 45
213.4164192787
 46
81.9227688859
 79
2
 49
16.1900088
 49
-178.0899376
 53
37.5
 43
0.0
 44
0.0
 45
3.0886032506
 46
84.5550388732
 79
6
 49
0.0
 49
-165.608
 49
0.0
 49
-170.18
 49
0.0
 49
-168.275
 53
7.5
 43
0.0
 44
0.0
 45
66.8196625103
 46
100.1805748181
 79
6
 49
0.0
 49
-97.028
 49
0.0
 49
-161.798
 49
0.0
 49
-64.135
 53
-32.5
 43
-56.642
 44
0.0
 45
135.5905951669
 46
-5.7287439927
 79
6
 49
0.0
 49
-63.5
 49
0.0
 49
-198.12
 49
0.0
 49
-262.89
 53
-42.5
 43
-82.042
 44
0.0
 45
148.129181386
 46
25.4264910333
 79
6
 49
0.0
 49
-82.55
 49
0.0
 49
-131.572
 49
0.0
 49
-186.69
 98
0
  0
ENDSEC
  0
SECTION
  2
OBJECTS
  0
DICTIONARY
  5
A
330
0
100
AcDbDictionary
281
1
  3
ACAD_COLOR
350
B
  3
ACAD_GROUP
350
C
  3
ACAD_LAYOUT
350
D
  3
ACAD_MATERIAL
350
E
  3
ACAD_MLEADERSTYLE
350
F
  3
ACAD_MLINESTYLE
350
10
  3
ACAD_PLOTSETTINGS
350
11
  3
ACAD_PLOTSTYLENAME
350
12
  3
ACAD_SCALELIST
350
14
  3
ACAD_TABLESTYLE
350
15
  3
ACAD_VISUALSTYLE
350
16
  3
EZDXF_META
350
2D
  0
DICTIONARY
  5
B
330
A
100
AcDbDictionary
281
1
  0
DICTIONARY
  5
C
330
A
100
AcDbDictionary
281
1
  0
DICTIONARY
  5
D
330
A
100
AcDbDictionary
281
1
  3
Model
350
1A
  3
Layout1
350
1E
  0
DICTIONARY
  5
E
330
A
100
AcDbDictionary
281
1
  3
ByBlock
350
1F
  3
ByLayer
350
20
  3
Global
350
21
  0
DICTIONARY
  5
F
330
A
100
AcDbDictionary
281
1
  3
Standard
350
2C
  0
DICTIONARY
  5
10
330
A
100
AcDbDictionary
281
1
  3
Standard
350
22
  0
DICTIONARY
  5
11
330
A
100
AcDbDictionary
281
1
  0
ACDBDICTIONARYWDFLT
  5
12
330
A
100
AcDbDictionary
281
1
  3
Normal
350
13
100
AcDbDictionaryWithDefault
340
13
  0
ACDBPLACEHOLDER
  5
13
330
12
  0
DICTIONARY
  5
14
330
A
100
AcDbDictionary
281
1
  0
DICTIONARY
  5
15
330
A
100
AcDbDictionary
281
1
  0
DICTIONARY
  5
16
330
A
100
AcDbDictionary
281
1
  0
LAYOUT
  5
1A
330
D
100
AcDbPlotSettings
  1

  4
A3
  6

 40
7.5
 41
20.0
 42
7.5
 43
20.0
 44
420.0
 45
297.0
 46
0.0
 47
0.0
 48
0.0
 49
0.0
140
0.0
141
0.0
142
1.0
143
1.0
 70
1024
 72
1
 73
0
 74
5
  7

 75
16
 76
0
 77
2
 78
300
147
1.0
148
0.0
149
0.0
100
AcDbLayout
  1
Model
 70
1
 71
0
 10
0.0
 20
0.0
 11
420.0
 21
297.0
 12
0.0
 22
0.0
 32
0.0
 14
1e+20
 24
1e+20
 34
1e+20
 15
-1e+20
 25
-1e+20
 35
-1e+20
146
0.0
 13
0.0
 23
0.0
 33
0.0
 16
1.0
 26
0.0
 36
0.0
 17
0.0
 27
1.0
 37
0.0
 76
1
330
17
  0
LAYOUT
  5
1E
330
D
100
AcDbPlotSettings
  1

  4
A3
  6

 40
7.5
 41
20.0
 42
7.5
 43
20.0
 44
420.0
 45
297.0
 46
0.0
 47
0.0
 48
0.0
 49
0.0
140
0.0
141
0.0
142
1.0
143
1.0
 70
0
 72
1
 73
0
 74
5
  7

 75
16
 76
0
 77
2
 78
300
147
1.0
148
0.0
149
0.0
100
AcDbLayout
  1
Layout1
 70
1
 71
1
 10
0.0
 20
0.0
 11
420.0
 21
297.0
 12
0.0
 22
0.0
 32
0.0
 14
1e+20
 24
1e+20
 34
1e+20
 15
-1e+20
 25
-1e+20
 35
-1e+20
146
0.0
 13
0.0
 23
0.0
 33
0.0
 16
1.0
 26
0.0
 36
0.0
 17
0.0
 27
1.0
 37
0.0
 76
1
330
1B
  0
MATERIAL
  5
1F
102
{ACAD_REACTORS
330
E
102
}
330
E
100
AcDbMaterial
  1
ByBlock
  2

 70
0
 40
1.0
 71
1
 41
1.0
 91
-1023410177
 42
1.0
 72
1
  3

 73
1
 74
1
 75
1
 44
0.5
 73
0
 45
1.0
 46
1.0
 77
1
  4

 78
1
 79
1
170
1
 48
1.0
171
1
  6

172
1
173
1
174
1
140
1.0
141
1.0
175
1
  7

176
1
177
1
178
1
143
1.0
179
1
  8

270
1
271
1
272
1
145
1.0
146
1.0
273
1
  9

274
1
275
1
276
1
 42
1.0
 72
1
  3

 73
1
 74
1
 75
1
 94
63
  0
MATERIAL
  5
20
102
{ACAD_REACTORS
330
E
102
}
330
E
100
AcDbMaterial
  1
ByLayer
  2

 70
0
 40
1.0
 71
1
 41
1.0
 91
-1023410177
 42
1.0
 72
1
  3

 73
1
 74
1
 75
1
 44
0.5
 73
0
 45
1.0
 46
1.0
 77
1
  4

 78
1
 79
1
170
1
 48
1.0
171
1
  6

172
1
173
1
174
1
140
1.0
141
1.0
175
1
  7

176
1
177
1
178
1
143
1.0
179
1
  8

270
1
271
1
272
1
145
1.0
146
1.0
273
1
  9

274
1
275
1
276
1
 42
1.0
 72
1
  3

 73
1
 74
1
 75
1
 94
63
  0
MATERIAL
  5
21
102
{ACAD_REACTORS
330
E
102
}
330
E
100
AcDbMaterial
  1
Global
  2

 70
0
 40
1.0
 71
1
 41
1.0
 91
-1023410177
 42
1.0
 72
1
  3

 73
1
 74
1
 75
1
 44
0.5
 73
0
 45
1.0
 46
1.0
 77
1
  4

 78
1
 79
1
170
1
 48
1.0
171
1
  6

172
1
173
1
174
1
140
1.0
141
1.0
175
1
  7

176
1
177
1
178
1
143
1.0
179
1
  8

270
1
271
1
272
1
145
1.0
146
1.0
273
1
  9

274
1
275
1
276
1
 42
1.0
 72
1
  3

 73
1
 74
1
 75
1
 94
63
  0
MLINESTYLE
  5
22
102
{ACAD_REACTORS
330
10
102
}
330
10
100
AcDbMlineStyle
  2
Standard
 70
0
  3

 62
256
 51
90.0
 52
90.0
 71
2
 49
0.5
 62
256
  6
BYLAYER
 49
-0.5
 62
256
  6
BYLAYER
  0
MLEADERSTYLE
  5
2C
102
{ACAD_REACTORS
330
F
102
}
330
F
100
AcDbMLeaderStyle
179
2
170
2
171
1
172
0
 90
2
 40
0.0
 41
0.0
173
1
 91
-1056964608
 92
-2
290
1
 42
2.0
291
1
 43
8.0
  3
Standard
 44
4.0
300

342
29
174
1
175
1
176
0
178
1
 93
-1056964608
 45
4.0
292
0
297
0
 46
4.0
 94
-1056964608
 47
1.0
 49
1.0
140
1.0
294
1
141
0.0
177
0
142
1.0
295
0
296
0
143
3.75
271
0
272
9
273
9
  0
DICTIONARY
  5
2D
330
A
100
AcDbDictionary
280
1
281
1
  3
CREATED_BY_EZDXF
350
2E
  3
WRITTEN_BY_EZDXF
350
225
  0
DICTIONARYVAR
  5
2E
330
2D
100
DictionaryVariables
280
0
  1
1.4.3 @ 2026-06-10T17:46:06.981878+00:00
  0
DICTIONARYVAR
  5
225
330
2D
100
DictionaryVariables
280
0
  1
1.4.3 @ 2026-06-10T17:46:06.997254+00:00
  0
ENDSEC
  0
EOF
