  0
SECTION
  2
HEADER
  9
$ACADVER
  1
AC1024
  9
$ACADMAINTVER
 70
6
  9
$DWGCODEPAGE
  3
ANSI_1252
  9
$LASTSAVEDBY
  1
ezdxf
  9
$INSBASE
 10
0.0
 20
0.0
 30
0.0
  9
$EXTMIN
 10
1e+20
 20
1e+20
 30
1e+20
  9
$EXTMAX
 10
-1e+20
 20
-1e+20
 30
-1e+20
  9
$LIMMIN
 10
0.0
 20
0.0
  9
$LIMMAX
 10
420.0
 20
297.0
  9
$ORTHOMODE
 70
0
  9
$REGENMODE
 70
1
  9
$FILLMODE
 70
1
  9
$QTEXTMODE
 70
0
  9
$MIRRTEXT
 70
1
  9
$LTSCALE
 40
1.0
  9
$ATTMODE
 70
1
  9
$TEXTSIZE
 40
2.5
  9
$TRACEWID
 40
1.0
  9
$TEXTSTYLE
  7
Standard
  9
$CLAYER
  8
0
  9
$CELTYPE
  6
ByLayer
  9
$CECOLOR
 62
256
  9
$CELTSCALE
 40
1.0
  9
$DISPSILH
 70
0
  9
$DIMSCALE
 40
1.0
  9
$DIMASZ
 40
2.5
  9
$DIMEXO
 40
0.625
  9
$DIMDLI
 40
3.75
  9
$DIMRND
 40
0.0
  9
$DIMDLE
 40
0.0
  9
$DIMEXE
 40
1.25
  9
$DIMTP
 40
0.0
  9
$DIMTM
 40
0.0
  9
$DIMTXT
 40
2.5
  9
$DIMCEN
 40
2.5
  9
$DIMTSZ
 40
0.0
  9
$DIMTOL
 70
0
  9
$DIMLIM
 70
0
  9
$DIMTIH
 70
0
  9
$DIMTOH
 70
0
  9
$DIMSE1
 70
0
  9
$DIMSE2
 70
0
  9
$DIMTAD
 70
1
  9
$DIMZIN
 70
8
  9
$DIMBLK
  1

  9
$DIMASO
 70
1
  9
$DIMSHO
 70
1
  9
$DIMPOST
  1

  9
$DIMAPOST
  1

  9
$DIMALT
 70
0
  9
$DIMALTD
 70
3
  9
$DIMALTF
 40
0.03937007874
  9
$DIMLFAC
 40
1.0
  9
$DIMTOFL
 70
1
  9
$DIMTVP
 40
0.0
  9
$DIMTIX
 70
0
  9
$DIMSOXD
 70
0
  9
$DIMSAH
 70
0
  9
$DIMBLK1
  1

  9
$DIMBLK2
  1

  9
$DIMSTYLE
  2
ISO-25
  9
$DIMCLRD
 70
0
  9
$DIMCLRE
 70
0
  9
$DIMCLRT
 70
0
  9
$DIMTFAC
 40
1.0
  9
$DIMGAP
 40
0.625
  9
$DIMJUST
 70
0
  9
$DIMSD1
 70
0
  9
$DIMSD2
 70
0
  9
$DIMTOLJ
 70
0
  9
$DIMTZIN
 70
8
  9
$DIMALTZ
 70
0
  9
$DIMALTTZ
 70
0
  9
$DIMUPT
 70
0
  9
$DIMDEC
 70
2
  9
$DIMTDEC
 70
2
  9
$DIMALTU
 70
2
  9
$DIMALTTD
 70
3
  9
$DIMTXSTY
  7
Standard
  9
$DIMAUNIT
 70
0
  9
$DIMADEC
 70
0
  9
$DIMALTRND
 40
0.0
  9
$DIMAZIN
 70
0
  9
$DIMDSEP
 70
44
  9
$DIMATFIT
 70
3
  9
$DIMFRAC
 70
0
  9
$DIMLDRBLK
  1

  9
$DIMLUNIT
 70
2
  9
$DIMLWD
 70
-2
  9
$DIMLWE
 70
-2
  9
$DIMTMOVE
 70
0
  9
$DIMFXL
 40
1.0
  9
$DIMFXLON
 70
0
  9
$DIMJOGANG
 40
0.785398163397
  9
$DIMTFILL
 70
0
  9
$DIMTFILLCLR
 70
0
  9
$DIMARCSYM
 70
0
  9
$DIMLTYPE
  6

  9
$DIMLTEX1
  6

  9
$DIMLTEX2
  6

  9
$DIMTXTDIRECTION
 70
0
  9
$LUNITS
 70
2
  9
$LUPREC
 70
4
  9
$SKETCHINC
 40
1.0
  9
$FILLETRAD
 40
10.0
  9
$AUNITS
 70
0
  9
$AUPREC
 70
2
  9
$MENU
  1
.
  9
$ELEVATION
 40
0.0
  9
$PELEVATION
 40
0.0
  9
$THICKNESS
 40
0.0
  9
$LIMCHECK
 70
0
  9
$CHAMFERA
 40
0.0
  9
$CHAMFERB
 40
0.0
  9
$CHAMFERC
 40
0.0
  9
$CHAMFERD
 40
0.0
  9
$SKPOLY
 70
0
  9
$TDCREATE
 40
2461202.5794212963
  9
$TDUCREATE
 40
2458532.153996898
  9
$TDUPDATE
 40
2461202.5794212963
  9
$TDUUPDATE
 40
2458532.1544311
  9
$TDINDWG
 40
0.0
  9
$TDUSRTIMER
 40
0.0
  9
$USRTIMER
 70
1
  9
$ANGBASE
 50
0.0
  9
$ANGDIR
 70
0
  9
$PDMODE
 70
0
  9
$PDSIZE
 40
0.0
  9
$PLINEWID
 40
0.0
  9
$SPLFRAME
 70
0
  9
$SPLINETYPE
 70
6
  9
$SPLINESEGS
 70
8
  9
$HANDSEED
  5
2B3
  9
$SURFTAB1
 70
6
  9
$SURFTAB2
 70
6
  9
$SURFTYPE
 70
6
  9
$SURFU
 70
6
  9
$SURFV
 70
6
  9
$UCSBASE
  2

  9
$UCSNAME
  2

  9
$UCSORG
 10
0.0
 20
0.0
 30
0.0
  9
$UCSXDIR
 10
1.0
 20
0.0
 30
0.0
  9
$UCSYDIR
 10
0.0
 20
1.0
 30
0.0
  9
$UCSORTHOREF
  2

  9
$UCSORTHOVIEW
 70
0
  9
$UCSORGTOP
 10
0.0
 20
0.0
 30
0.0
  9
$UCSORGBOTTOM
 10
0.0
 20
0.0
 30
0.0
  9
$UCSORGLEFT
 10
0.0
 20
0.0
 30
0.0
  9
$UCSORGRIGHT
 10
0.0
 20
0.0
 30
0.0
  9
$UCSORGFRONT
 10
0.0
 20
0.0
 30
0.0
  9
$UCSORGBACK
 10
0.0
 20
0.0
 30
0.0
  9
$PUCSBASE
  2

  9
$PUCSNAME
  2

  9
$PUCSORG
 10
0.0
 20
0.0
 30
0.0
  9
$PUCSXDIR
 10
1.0
 20
0.0
 30
0.0
  9
$PUCSYDIR
 10
0.0
 20
1.0
 30
0.0
  9
$PUCSORTHOREF
  2

  9
$PUCSORTHOVIEW
 70
0
  9
$PUCSORGTOP
 10
0.0
 20
0.0
 30
0.0
  9
$PUCSORGBOTTOM
 10
0.0
 20
0.0
 30
0.0
  9
$PUCSORGLEFT
 10
0.0
 20
0.0
 30
0.0
  9
$PUCSORGRIGHT
 10
0.0
 20
0.0
 30
0.0
  9
$PUCSORGFRONT
 10
0.0
 20
0.0
 30
0.0
  9
$PUCSORGBACK
 10
0.0
 20
0.0
 30
0.0
  9
$USERI1
 70
0
  9
$USERI2
 70
0
  9
$USERI3
 70
0
  9
$USERI4
 70
0
  9
$USERI5
 70
0
  9
$USERR1
 40
0.0
  9
$USERR2
 40
0.0
  9
$USERR3
 40
0.0
  9
$USERR4
 40
0.0
  9
$USERR5
 40
0.0
  9
$WORLDVIEW
 70
1
  9
$SHADEDGE
 70
3
  9
$SHADEDIF
 70
70
  9
$TILEMODE
 70
1
  9
$MAXACTVP
 70
64
  9
$PINSBASE
 10
0.0
 20
0.0
 30
0.0
  9
$PLIMCHECK
 70
0
  9
$PEXTMIN
 10
1e+20
 20
1e+20
 30
1e+20
  9
$PEXTMAX
 10
-1e+20
 20
-1e+20
 30
-1e+20
  9
$PLIMMIN
 10
0.0
 20
0.0
  9
$PLIMMAX
 10
420.0
 20
297.0
  9
$UNITMODE
 70
0
  9
$VISRETAIN
 70
1
  9
$PLINEGEN
 70
0
  9
$PSLTSCALE
 70
1
  9
$TREEDEPTH
 70
3020
  9
$CMLSTYLE
  2
Standard
  9
$CMLJUST
 70
0
  9
$CMLSCALE
 40
20.0
  9
$PROXYGRAPHICS
 70
1
  9
$MEASUREMENT
 70
1
  9
$CELWEIGHT
370
-1
  9
$ENDCAPS
280
0
  9
$JOINSTYLE
280
0
  9
$LWDISPLAY
290
0
  9
$INSUNITS
 70
6
  9
$HYPERLINKBASE
  1

  9
$STYLESHEET
  1

  9
$XEDIT
290
1
  9
$CEPSNTYPE
380
0
  9
$PSTYLEMODE
290
1
  9
$FINGERPRINTGUID
  2
{9CFFFDA5-BA9F-485E-9934-B449A7DA30DD}
  9
$VERSIONGUID
  2
{CE10F009-C4C7-4D11-AC47-F4789E359CB9}
  9
$EXTNAMES
290
1
  9
$PSVPSCALE
 40
0.0
  9
$OLESTARTUP
290
0
  9
$SORTENTS
280
127
  9
$INDEXCTL
280
0
  9
$HIDETEXT
280
1
  9
$XCLIPFRAME
280
1
  9
$HALOGAP
280
0
  9
$OBSCOLOR
 70
257
  9
$OBSLTYPE
280
0
  9
$INTERSECTIONDISPLAY
280
0
  9
$INTERSECTIONCOLOR
 70
257
  9
$DIMASSOC
280
2
  9
$PROJECTNAME
  1

  9
$CAMERADISPLAY
290
0
  9
$LENSLENGTH
 40
50.0
  9
$CAMERAHEIGHT
 40
0.0
  9
$STEPSPERSEC
 40
24.0
  9
$STEPSIZE
 40
100.0
  9
$3DDWFPREC
 40
2.0
  9
$PSOLWIDTH
 40
0.005
  9
$PSOLHEIGHT
 40
0.08
  9
$LOFTANG1
 40
1.570796326795
  9
$LOFTANG2
 40
1.570796326795
  9
$LOFTMAG1
 40
0.0
  9
$LOFTMAG2
 40
0.0
  9
$LOFTPARAM
 70
7
  9
$LOFTNORMALS
280
1
  9
$LATITUDE
 40
37.795
  9
$LONGITUDE
 40
-122.394
  9
$NORTHDIRECTION
 40
0.0
  9
$TIMEZONE
 70
-8000
  9
$LIGHTGLYPHDISPLAY
280
1
  9
$TILEMODELIGHTSYNCH
280
1
  9
$CMATERIAL
347
20
  9
$SOLIDHIST
280
0
  9
$SHOWHIST
280
1
  9
$DWFFRAME
280
2
  9
$DGNFRAME
280
2
  9
$REALWORLDSCALE
290
1
  9
$INTERFERECOLOR
 62
256
  9
$CSHADOW
280
0
  9
$SHADOWPLANELOCATION
 40
0.0
  0
ENDSEC
  0
SECTION
  2
CLASSES
  0
CLASS
  1
ACDBDICTIONARYWDFLT
  2
AcDbDictionaryWithDefault
  3
ObjectDBX Classes
 90
0
 91
0
280
0
281
0
  0
CLASS
  1
SUN
  2
AcDbSun
  3
SCENEOE
 90
1153
 91
0
280
0
281
0
  0
CLASS
  1
VISUALSTYLE
  2
AcDbVisualStyle
  3
ObjectDBX Classes
 90
4095
 91
0
280
0
281
0
  0
CLASS
  1
MATERIAL
  2
AcDbMaterial
  3
ObjectDBX Classes
 90
1153
 91
0
280
0
281
0
  0
CLASS
  1
SCALE
  2
AcDbScale
  3
ObjectDBX Classes
 90
1153
 91
0
280
0
281
0
  0
CLASS
  1
TABLESTYLE
  2
AcDbTableStyle
  3
ObjectDBX Classes
 90
4095
 91
0
280
0
281
0
  0
CLASS
  1
MLEADERSTYLE
  2
AcDbMLeaderStyle
  3
ACDB_MLEADERSTYLE_CLASS
 90
4095
 91
0
280
0
281
0
  0
CLASS
  1
DICTIONARYVAR
  2
AcDbDictionaryVar
  3
ObjectDBX Classes
 90
0
 91
0
280
0
281
0
  0
CLASS
  1
CELLSTYLEMAP
  2
AcDbCellStyleMap
  3
ObjectDBX Classes
 90
1152
 91
0
280
0
281
0
  0
CLASS
  1
MENTALRAYRENDERSETTINGS
  2
AcDbMentalRayRenderSettings
  3
SCENEOE
 90
1024
 91
0
280
0
281
0
  0
CLASS
  1
ACDBDETAILVIEWSTYLE
  2
AcDbDetailViewStyle
  3
ObjectDBX Classes
 90
1025
 91
0
280
0
281
0
  0
CLASS
  1
ACDBSECTIONVIEWSTYLE
  2
AcDbSectionViewStyle
  3
ObjectDBX Classes
 90
1025
 91
0
280
0
281
0
  0
CLASS
  1
RASTERVARIABLES
  2
AcDbRasterVariables
  3
ISM
 90
0
 91
0
280
0
281
0
  0
CLASS
  1
LAYOUT
  2
AcDbLayout
  3
ObjectDBX Classes
 90
0
 91
0
280
0
281
0
  0
CLASS
  1
ACDBPLACEHOLDER
  2
AcDbPlaceHolder
  3
ObjectDBX Classes
 90
0
 91
0
280
0
281
0
  0
ENDSEC
  0
SECTION
  2
TABLES
  0
TABLE
  2
VPORT
  5
8
330
0
100
AcDbSymbolTable
 70
1
  0
VPORT
  5
23
330
8
100
AcDbSymbolTableRecord
100
AcDbViewportTableRecord
  2
*Active
 70
0
 10
0.0
 20
0.0
 11
1.0
 21
1.0
 12
0.0
 22
0.0
 13
0.0
 23
0.0
 14
0.5
 24
0.5
 15
0.5
 25
0.5
 16
0.0
 26
0.0
 36
1.0
 17
0.0
 27
0.0
 37
0.0
 40
1000.0
 41
1.34
 42
50.0
 43
0.0
 44
0.0
 50
0.0
 51
0.0
 71
0
 72
1000
 73
1
 74
3
 75
0
 76
0
 77
0
 78
0
281
0
 65
0
146
0.0
  0
ENDTAB
  0
TABLE
  2
LTYPE
  5
2
330
0
100
AcDbSymbolTable
 70
3
  0
LTYPE
  5
24
330
2
100
AcDbSymbolTableRecord
100
AcDbLinetypeTableRecord
  2
ByBlock
 70
0
  3

 72
65
 73
0
 40
0.0
  0
LTYPE
  5
25
330
2
100
AcDbSymbolTableRecord
100
AcDbLinetypeTableRecord
  2
ByLayer
 70
0
  3

 72
65
 73
0
 40
0.0
  0
LTYPE
  5
26
330
2
100
AcDbSymbolTableRecord
100
AcDbLinetypeTableRecord
  2
Continuous
 70
0
  3

 72
65
 73
0
 40
0.0
  0
ENDTAB
  0
TABLE
  2
LAYER
  5
1
330
0
100
AcDbSymbolTable
 70
14
  0
LAYER
  5
27
330
1
100
AcDbSymbolTableRecord
100
AcDbLayerTableRecord
  2
0
 70
0
 62
7
  6
Continuous
370
-3
390
13
347
21
  0
LAYER
  5
28
330
1
100
AcDbSymbolTableRecord
100
AcDbLayerTableRecord
  2
Defpoints
 70
0
 62
7
  6
Continuous
290
0
370
-3
390
13
347
21
  0
LAYER
  5
2F
330
1
100
AcDbSymbolTableRecord
100
AcDbLayerTableRecord
  2
COTA
 70
0
 62
7
  6
Continuous
370
-3
390
13
347
21
  0
LAYER
  5
30
330
1
100
AcDbSymbolTableRecord
100
AcDbLayerTableRecord
  2
Perfil Metálico
 70
0
 62
7
  6
Continuous
370
-3
390
13
347
21
  0
LAYER
  5
31
330
1
100
AcDbSymbolTableRecord
100
AcDbLayerTableRecord
  2
TEXTO_GERAL
 70
0
 62
7
  6
Continuous
370
-3
390
13
347
21
  0
LAYER
  5
32
330
1
100
AcDbSymbolTableRecord
100
AcDbLayerTableRecord
  2
Hachura
 70
0
 62
7
  6
Continuous
370
-3
390
13
347
21
  0
LAYER
  5
33
330
1
100
AcDbSymbolTableRecord
100
AcDbLayerTableRecord
  2
Painéis
 70
0
 62
7
  6
Continuous
370
-3
390
13
347
21
  0
LAYER
  5
34
330
1
100
AcDbSymbolTableRecord
100
AcDbLayerTableRecord
  2
Madeira
 70
0
 62
7
  6
Continuous
370
-3
390
13
347
21
  0
LAYER
  5
35
330
1
100
AcDbSymbolTableRecord
100
AcDbLayerTableRecord
  2
CHAPA
 70
0
 62
7
  6
Continuous
370
-3
390
13
347
21
  0
LAYER
  5
36
330
1
100
AcDbSymbolTableRecord
100
AcDbLayerTableRecord
  2
SARR_2.2x7
 70
0
 62
7
  6
Continuous
370
-3
390
13
347
21
  0
LAYER
  5
37
330
1
100
AcDbSymbolTableRecord
100
AcDbLayerTableRecord
  2
SARRAFO
 70
0
 62
7
  6
Continuous
370
-3
390
13
347
21
  0
LAYER
  5
38
330
1
100
AcDbSymbolTableRecord
100
AcDbLayerTableRecord
  2
NOMENCLATURA
 70
0
 62
7
  6
Continuous
370
-3
390
13
347
21
  0
LAYER
  5
39
330
1
100
AcDbSymbolTableRecord
100
AcDbLayerTableRecord
  2
Nível
 70
0
 62
7
  6
Continuous
370
-3
390
13
347
21
  0
LAYER
  5
3A
330
1
100
AcDbSymbolTableRecord
100
AcDbLayerTableRecord
  2
Texto Seção
 70
0
 62
7
  6
Continuous
370
-3
390
13
347
21
  0
ENDTAB
  0
TABLE
  2
STYLE
  5
5
330
0
100
AcDbSymbolTable
 70
1
  0
STYLE
  5
29
330
5
100
AcDbSymbolTableRecord
100
AcDbTextStyleTableRecord
  2
Standard
 70
0
 40
0.0
 41
1.0
 50
0.0
 71
0
 42
2.5
  3
txt
  4

  0
ENDTAB
  0
TABLE
  2
VIEW
  5
7
330
0
100
AcDbSymbolTable
 70
0
  0
ENDTAB
  0
TABLE
  2
UCS
  5
6
330
0
100
AcDbSymbolTable
 70
0
  0
ENDTAB
  0
TABLE
  2
APPID
  5
3
330
0
100
AcDbSymbolTable
 70
3
  0
APPID
  5
2A
330
3
100
AcDbSymbolTableRecord
100
AcDbRegAppTableRecord
  2
ACAD
 70
0
  0
APPID
  5
2B0
330
3
100
AcDbSymbolTableRecord
100
AcDbRegAppTableRecord
  2
HATCHBACKGROUNDCOLOR
 70
0
  0
APPID
  5
2B1
330
3
100
AcDbSymbolTableRecord
100
AcDbRegAppTableRecord
  2
EZDXF
 70
0
  0
ENDTAB
  0
TABLE
  2
DIMSTYLE
  5
4
330
0
100
AcDbSymbolTable
 70
1
100
AcDbDimStyleTable
  0
DIMSTYLE
105
2B
330
4
100
AcDbSymbolTableRecord
100
AcDbDimStyleTableRecord
  2
Standard
 70
0
 40
1.0
 41
2.5
 42
0.625
 43
3.75
 44
1.25
 45
0.0
 46
0.0
 47
0.0
 48
0.0
 49
2.5
140
2.5
141
2.5
142
0.0
143
0.03937007874
144
1.0
145
0.0
146
1.0
147
0.625
148
0.0
 69
0
 70
0
 71
0
 72
0
 73
0
 74
0
 75
0
 76
0
 77
1
 78
8
 79
3
170
0
171
3
172
1
173
0
174
0
175
0
176
0
177
0
178
0
179
2
271
2
272
2
273
2
274
3
275
0
276
0
277
2
278
44
279
0
280
0
281
0
282
0
283
0
284
8
285
0
286
0
288
0
289
3
290
0
371
-2
372
-2
  0
ENDTAB
  0
TABLE
  2
BLOCK_RECORD
  5
9
330
0
100
AcDbSymbolTable
 70
2
  0
BLOCK_RECORD
  5
17
330
9
100
AcDbSymbolTableRecord
100
AcDbBlockTableRecord
  2
*Model_Space
340
1A
 70
0
280
1
281
0
  0
BLOCK_RECORD
  5
1B
330
9
100
AcDbSymbolTableRecord
100
AcDbBlockTableRecord
  2
*Paper_Space
340
1E
 70
0
280
1
281
0
  0
ENDTAB
  0
ENDSEC
  0
SECTION
  2
BLOCKS
  0
BLOCK
  5
18
330
17
100
AcDbEntity
  8
0
100
AcDbBlockBegin
  2
*Model_Space
 70
0
 10
0.0
 20
0.0
 30
0.0
  3
*Model_Space
  1

  0
ENDBLK
  5
19
330
17
100
AcDbEntity
  8
0
100
AcDbBlockEnd
  0
BLOCK
  5
1C
330
1B
100
AcDbEntity
  8
0
100
AcDbBlockBegin
  2
*Paper_Space
 70
0
 10
0.0
 20
0.0
 30
0.0
  3
*Paper_Space
  1

  0
ENDBLK
  5
1D
330
1B
100
AcDbEntity
  8
0
100
AcDbBlockEnd
  0
ENDSEC
  0
SECTION
  2
ENTITIES
  0
LINE
  5
3B
330
17
100
AcDbEntity
  8
Nível
 62
7
370
25
100
AcDbLine
 10
3066.083404945945
 20
5226.075338093889
 30
0.0
 11
3947.199407074946
 21
5226.075338093889
 31
0.0
  0
LINE
  5
3C
330
17
100
AcDbEntity
  8
SARR_2.2x7
 62
7
370
25
100
AcDbLine
 10
3202.994821544631
 20
5228.07533809389
 30
0.0
 11
3202.994821544682
 21
5350.075338093891
 31
0.0
  0
LINE
  5
3D
330
17
100
AcDbEntity
  8
SARR_2.2x7
 62
7
370
25
100
AcDbLine
 10
3202.994821544679
 20
5350.075338093891
 30
0.0
 11
3202.994821544719
 21
5447.075338093889
 31
0.0
  0
LINE
  5
3E
330
17
100
AcDbEntity
  8
SARR_2.2x7
 62
7
370
25
100
AcDbLine
 10
3290.994821544529
 20
5228.07533809389
 30
0.0
 11
3290.99482154462
 21
5350.07533809389
 31
0.0
  0
LINE
  5
3F
330
17
100
AcDbEntity
  8
SARR_2.2x7
 62
7
370
25
100
AcDbLine
 10
3290.994821544624
 20
5350.07533809389
 30
0.0
 11
3290.9948215447
 21
5447.075338093889
 31
0.0
  0
LINE
  5
40
330
17
100
AcDbEntity
  8
SARR_2.2x7
 62
7
370
25
100
AcDbLine
 10
3202.994821544791
 20
5228.07533809389
 30
0.0
 11
3202.994821544791
 21
5228.075338093916
 31
0.0
  0
LINE
  5
41
330
17
100
AcDbEntity
  8
SARR_2.2x7
 62
7
370
25
100
AcDbLine
 10
3290.994821544733
 20
5228.075338093904
 30
0.0
 11
3290.994821544733
 21
5228.07533809389
 31
0.0
  0
LINE
  5
42
330
17
100
AcDbEntity
  8
SARR_2.2x7
 62
7
370
25
100
AcDbLine
 10
3830.024851282437
 20
5447.075338093885
 30
0.0
 11
3830.024851282487
 21
5228.07533809389
 31
0.0
  0
LINE
  5
43
330
17
100
AcDbEntity
  8
SARR_2.2x7
 62
7
370
25
100
AcDbLine
 10
3825.02485128248
 20
5447.075338093885
 30
0.0
 11
3825.024851282429
 21
5228.07533809389
 31
0.0
  0
LINE
  5
44
330
17
100
AcDbEntity
  8
SARR_2.2x7
 62
7
370
25
100
AcDbLine
 10
3681.518910876241
 20
5447.075338093885
 30
0.0
 11
3681.518910876298
 21
5228.07533809389
 31
0.0
  0
LINE
  5
45
330
17
100
AcDbEntity
  8
SARR_2.2x7
 62
7
370
25
100
AcDbLine
 10
3676.518910876285
 20
5447.075338093885
 30
0.0
 11
3676.518910876239
 21
5228.07533809389
 31
0.0
  0
LINE
  5
46
330
17
100
AcDbEntity
  8
COTA
 62
7
370
25
100
AcDbLine
 10
3297.994821544619
 20
5447.075338093927
 30
0.0
 11
3297.994821544568
 21
5506.075338093889
 31
0.0
  0
LINE
  5
47
330
17
100
AcDbEntity
  8
COTA
 62
7
370
25
100
AcDbLine
 10
3297.994821544568
 20
5506.075338093889
 30
0.0
 11
3195.994821544568
 21
5506.075338093889
 31
0.0
  0
LINE
  5
48
330
17
100
AcDbEntity
  8
COTA
 62
7
370
25
100
AcDbLine
 10
3195.994821544619
 20
5447.075338093889
 30
0.0
 11
3195.994821544568
 21
5506.075338093889
 31
0.0
  0
LINE
  5
49
330
17
100
AcDbEntity
  8
Painéis
 62
7
370
25
100
AcDbLine
 10
3818.024851282459
 20
5228.07533809389
 30
0.0
 11
3837.024851282458
 21
5228.07533809389
 31
0.0
  0
LINE
  5
4A
330
17
100
AcDbEntity
  8
Painéis
 62
7
370
25
100
AcDbLine
 10
3837.024851282458
 20
5228.07533809389
 30
0.0
 11
3837.024851282456
 21
5447.075338093885
 31
0.0
  0
LINE
  5
4B
330
17
100
AcDbEntity
  8
Painéis
 62
7
370
25
100
AcDbLine
 10
3818.024851282456
 20
5447.075338093885
 30
0.0
 11
3818.024851282459
 21
5228.07533809389
 31
0.0
  0
LINE
  5
4C
330
17
100
AcDbEntity
  8
Painéis
 62
7
370
25
100
AcDbLine
 10
3669.518910876269
 20
5228.07533809389
 30
0.0
 11
3688.518910876268
 21
5228.07533809389
 31
0.0
  0
LINE
  5
4D
330
17
100
AcDbEntity
  8
Painéis
 62
7
370
25
100
AcDbLine
 10
3688.518910876268
 20
5228.07533809389
 30
0.0
 11
3688.518910876263
 21
5447.075338093885
 31
0.0
  0
LINE
  5
4E
330
17
100
AcDbEntity
  8
Painéis
 62
7
370
25
100
AcDbLine
 10
3669.518910876266
 20
5447.075338093885
 30
0.0
 11
3669.518910876269
 21
5228.07533809389
 31
0.0
  0
LINE
  5
4F
330
17
100
AcDbEntity
  8
Painéis
 62
7
370
25
100
AcDbLine
 10
3297.994821544791
 20
5226.07533809338
 30
0.0
 11
3297.994821544792
 21
5447.075338093885
 31
0.0
  0
LINE
  5
50
330
17
100
AcDbEntity
  8
Painéis
 62
7
370
25
100
AcDbLine
 10
3195.994821544793
 20
5447.075338093885
 30
0.0
 11
3195.994821544788
 21
5226.075338093409
 31
0.0
  0
LINE
  5
51
330
17
100
AcDbEntity
  8
Painéis
 62
7
370
25
100
AcDbLine
 10
3195.994821544788
 20
5228.07533809389
 30
0.0
 11
3297.994821544791
 21
5228.07533809389
 31
0.0
  0
LINE
  5
52
330
17
100
AcDbEntity
  8
Defpoints
 62
7
370
25
100
AcDbLine
 10
2785.431929062961
 20
5771.792203414039
 30
0.0
 11
2785.431929062961
 21
5896.792203414039
 31
0.0
  0
LINE
  5
53
330
17
100
AcDbEntity
  8
Painéis
 62
7
370
25
100
AcDbLine
 10
3195.994821544791
 20
5447.075338093892
 30
0.0
 11
3297.994821544733
 21
5447.075338093892
 31
0.0
  0
LINE
  5
54
330
17
100
AcDbEntity
  8
SARR_2.2x7
 62
7
370
25
100
AcDbLine
 10
3435.852231954294
 20
5228.07533809389
 30
0.0
 11
3435.852231954341
 21
5350.075338093891
 31
0.0
  0
LINE
  5
55
330
17
100
AcDbEntity
  8
SARR_2.2x7
 62
7
370
25
100
AcDbLine
 10
3435.852231954341
 20
5350.075338093891
 30
0.0
 11
3435.852231954381
 21
5447.075338093889
 31
0.0
  0
LINE
  5
56
330
17
100
AcDbEntity
  8
SARR_2.2x7
 62
7
370
25
100
AcDbLine
 10
3523.852231954192
 20
5228.07533809389
 30
0.0
 11
3523.852231954287
 21
5350.07533809389
 31
0.0
  0
LINE
  5
57
330
17
100
AcDbEntity
  8
SARR_2.2x7
 62
7
370
25
100
AcDbLine
 10
3523.852231954287
 20
5350.07533809389
 30
0.0
 11
3523.852231954363
 21
5447.075338093889
 31
0.0
  0
LINE
  5
58
330
17
100
AcDbEntity
  8
SARR_2.2x7
 62
7
370
25
100
AcDbLine
 10
3435.852231954453
 20
5228.07533809389
 30
0.0
 11
3435.852231954453
 21
5228.075338093916
 31
0.0
  0
LINE
  5
59
330
17
100
AcDbEntity
  8
SARR_2.2x7
 62
7
370
25
100
AcDbLine
 10
3523.852231954395
 20
5228.075338093904
 30
0.0
 11
3523.852231954395
 21
5228.07533809389
 31
0.0
  0
LINE
  5
5A
330
17
100
AcDbEntity
  8
COTA
 62
7
370
25
100
AcDbLine
 10
3530.852231954281
 20
5447.075338093927
 30
0.0
 11
3530.852231954231
 21
5506.075338093889
 31
0.0
  0
LINE
  5
5B
330
17
100
AcDbEntity
  8
COTA
 62
7
370
25
100
AcDbLine
 10
3530.852231954231
 20
5506.075338093889
 30
0.0
 11
3428.85223195423
 21
5506.075338093889
 31
0.0
  0
LINE
  5
5C
330
17
100
AcDbEntity
  8
COTA
 62
7
370
25
100
AcDbLine
 10
3428.852231954282
 20
5447.075338093889
 30
0.0
 11
3428.85223195423
 21
5506.075338093889
 31
0.0
  0
LINE
  5
5D
330
17
100
AcDbEntity
  8
Painéis
 62
7
370
25
100
AcDbLine
 10
3530.852231954454
 20
5226.07533809338
 30
0.0
 11
3530.852231954283
 21
5447.075338093885
 31
0.0
  0
LINE
  5
5E
330
17
100
AcDbEntity
  8
Painéis
 62
7
370
25
100
AcDbLine
 10
3428.852231954284
 20
5447.075338093885
 30
0.0
 11
3428.85223195445
 21
5226.075338093409
 31
0.0
  0
LINE
  5
5F
330
17
100
AcDbEntity
  8
Painéis
 62
7
370
25
100
AcDbLine
 10
3428.85223195445
 20
5228.07533809389
 30
0.0
 11
3530.852231954454
 21
5228.07533809389
 31
0.0
  0
LINE
  5
60
330
17
100
AcDbEntity
  8
Painéis
 62
7
370
25
100
AcDbLine
 10
3428.852231954453
 20
5447.075338093892
 30
0.0
 11
3530.852231954396
 21
5447.075338093892
 31
0.0
  0
LINE
  5
61
330
17
100
AcDbEntity
  8
Painéis
 62
7
370
25
100
AcDbLine
 10
3297.994821544733
 20
5350.07533809389
 30
0.0
 11
3195.994821544791
 21
5350.075338093891
 31
0.0
  0
LINE
  5
62
330
17
100
AcDbEntity
  8
Painéis
 62
7
370
25
100
AcDbLine
 10
3530.852231954454
 20
5350.07533809389
 30
0.0
 11
3428.852231954512
 21
5350.075338093891
 31
0.0
  0
LINE
  5
63
330
17
100
AcDbEntity
  8
Hachura
 62
7
370
25
100
AcDbLine
 10
2893.465881884874
 20
5712.7347994112615
 30
0.0
 11
2893.465881884874
 21
5713.379721866096
 31
0.0
  0
LINE
  5
64
330
17
100
AcDbEntity
  8
Hachura
 62
7
370
25
100
AcDbLine
 10
2893.465881884874
 20
5713.895659825676
 30
0.0
 11
2891.5311145203714
 21
5712.928276143422
 31
0.0
  0
LINE
  5
65
330
17
100
AcDbEntity
  8
Hachura
 62
7
370
25
100
AcDbLine
 10
2893.53856521572
 20
5713.803016985124
 30
0.0
 11
2891.372952458162
 21
5712.720210649223
 31
0.0
  0
LINE
  5
66
330
17
100
AcDbEntity
  8
Hachura
 62
7
370
25
100
AcDbLine
 10
2891.4313903485845
 20
5712.491460571766
 30
0.0
 11
2893.5719680172497
 21
5713.5617494275375
 31
0.0
  0
LINE
  5
67
330
17
100
AcDbEntity
  8
Hachura
 62
7
370
25
100
AcDbLine
 10
2891.5311145203714
 20
5712.412338183847
 30
0.0
 11
2893.465881884874
 21
5713.379721866096
 31
0.0
  0
LINE
  5
68
330
17
100
AcDbEntity
  8
Hachura
 62
7
370
25
100
AcDbLine
 10
2891.5311145203714
 20
5711.767415729013
 30
0.0
 11
2891.5311145203714
 21
5712.412338183847
 31
0.0
  0
LINE
  5
69
330
17
100
AcDbEntity
  8
Hachura
 62
7
370
25
100
AcDbLine
 10
2891.5311145203714
 20
5710.0906173443
 30
0.0
 11
2891.5311145203714
 21
5709.445694889466
 31
0.0
  0
LINE
  5
6A
330
17
100
AcDbEntity
  8
Hachura
 62
7
370
25
100
AcDbLine
 10
2891.5311145203714
 20
5711.039623109595
 30
0.0
 11
2891.5311145203714
 21
5711.25147775871
 31
0.0
  0
LINE
  5
6B
330
17
100
AcDbEntity
  8
Hachura
 62
7
370
25
100
AcDbLine
 10
2891.5311145203714
 20
5711.039623109595
 30
0.0
 11
2891.5311145203714
 21
5710.606555303881
 31
0.0
  0
LINE
  5
6C
330
17
100
AcDbEntity
  8
Hachura
 62
7
370
25
100
AcDbLine
 10
2893.465881884874
 20
5711.57393898613
 30
0.0
 11
2893.465881884874
 21
5712.218861440964
 31
0.0
  0
LINE
  5
6D
330
17
100
AcDbEntity
  8
Hachura
 62
7
370
25
100
AcDbLine
 10
2893.465881884874
 20
5710.413078571715
 30
0.0
 11
2893.465881884874
 21
5711.058001026549
 31
0.0
  0
LINE
  5
6E
330
17
100
AcDbEntity
  8
Hachura
 62
7
370
25
100
AcDbLine
 10
2893.465881884874
 20
5712.7347994112615
 30
0.0
 11
2891.5311145203714
 21
5711.767415729013
 31
0.0
  0
LINE
  5
6F
330
17
100
AcDbEntity
  8
Hachura
 62
7
370
25
100
AcDbLine
 10
2893.53856521572
 20
5712.642156559992
 30
0.0
 11
2891.372952458162
 21
5711.559350224092
 31
0.0
  0
LINE
  5
70
330
17
100
AcDbEntity
  8
Hachura
 62
7
370
25
100
AcDbLine
 10
2891.4313903485845
 20
5711.330600157356
 30
0.0
 11
2893.5719680172497
 21
5712.400889002405
 31
0.0
  0
LINE
  5
71
330
17
100
AcDbEntity
  8
Hachura
 62
7
370
25
100
AcDbLine
 10
2891.5311145203714
 20
5711.25147775871
 30
0.0
 11
2893.465881884874
 21
5712.218861440964
 31
0.0
  0
LINE
  5
72
330
17
100
AcDbEntity
  8
Hachura
 62
7
370
25
100
AcDbLine
 10
2893.465881884874
 20
5710.413078571715
 30
0.0
 11
2891.5311145203714
 21
5709.445694889466
 31
0.0
  0
LINE
  5
73
330
17
100
AcDbEntity
  8
Hachura
 62
7
370
25
100
AcDbLine
 10
2893.465881884874
 20
5711.57393898613
 30
0.0
 11
2891.5311145203714
 21
5710.606555303881
 31
0.0
  0
LINE
  5
74
330
17
100
AcDbEntity
  8
Hachura
 62
7
370
25
100
AcDbLine
 10
2893.53856521572
 20
5711.481296145577
 30
0.0
 11
2891.372952458162
 21
5710.398489809677
 31
0.0
  0
LINE
  5
75
330
17
100
AcDbEntity
  8
Hachura
 62
7
370
25
100
AcDbLine
 10
2891.4313903485845
 20
5710.169739742942
 30
0.0
 11
2893.5719680172497
 21
5711.240028587991
 31
0.0
  0
LINE
  5
76
330
17
100
AcDbEntity
  8
Hachura
 62
7
370
25
100
AcDbLine
 10
2891.5311145203714
 20
5710.0906173443
 30
0.0
 11
2893.465881884874
 21
5711.058001026549
 31
0.0
  0
LINE
  5
77
330
17
100
AcDbEntity
  8
Hachura
 62
7
370
25
100
AcDbLine
 10
2891.788876190806
 20
5714.218017414495
 30
0.0
 11
2891.5311145203714
 21
5714.089136557837
 31
0.0
  0
LINE
  5
78
330
17
100
AcDbEntity
  8
Hachura
 62
7
370
25
100
AcDbLine
 10
2892.046845181316
 20
5714.218017414495
 30
0.0
 11
2891.372952458162
 21
5713.881071052916
 31
0.0
  0
LINE
  5
79
330
17
100
AcDbEntity
  8
Hachura
 62
7
370
25
100
AcDbLine
 10
2891.5311145203714
 20
5714.089136557837
 30
0.0
 11
2891.5311145203714
 21
5714.218017414495
 31
0.0
  0
LINE
  5
7A
330
17
100
AcDbEntity
  8
Hachura
 62
7
370
25
100
AcDbLine
 10
2891.5329063060917
 20
5714.216407317912
 30
0.0
 11
2891.855367533509
 21
5714.53886856677
 31
0.0
  0
LINE
  5
7B
330
17
100
AcDbEntity
  8
Hachura
 62
7
370
25
100
AcDbLine
 10
2891.5311145203714
 20
5713.573198598257
 30
0.0
 11
2891.5311145203714
 21
5712.928276143422
 31
0.0
  0
LINE
  5
7C
330
17
100
AcDbEntity
  8
Hachura
 62
7
370
25
100
AcDbLine
 10
2893.465881884874
 20
5713.895659825676
 30
0.0
 11
2893.465881884874
 21
5714.218017414495
 31
0.0
  0
LINE
  5
7D
330
17
100
AcDbEntity
  8
Hachura
 62
7
370
25
100
AcDbLine
 10
2893.4677591713653
 20
5714.216407339351
 30
0.0
 11
2893.4677591713653
 21
5714.216329921277
 31
0.0
  0
LINE
  5
7E
330
17
100
AcDbEntity
  8
Hachura
 62
7
370
25
100
AcDbLine
 10
2893.4677591713653
 20
5714.216407339351
 30
0.0
 11
2893.145212443177
 21
5714.53886856677
 31
0.0
  0
LINE
  5
7F
330
17
100
AcDbEntity
  8
Hachura
 62
7
370
25
100
AcDbLine
 10
2893.465881884874
 20
5712.007006781127
 30
0.0
 11
2893.465881884874
 21
5712.218861430242
 31
0.0
  0
LINE
  5
80
330
17
100
AcDbEntity
  8
Hachura
 62
7
370
25
100
AcDbLine
 10
2891.4313903485845
 20
5713.652320986181
 30
0.0
 11
2892.5627831623333
 21
5714.218017414495
 31
0.0
  0
LINE
  5
81
330
17
100
AcDbEntity
  8
Hachura
 62
7
370
25
100
AcDbLine
 10
2891.5311145203714
 20
5713.573198598257
 30
0.0
 11
2892.820752109964
 21
5714.218017414495
 31
0.0
  0
LINE
  5
82
330
17
100
AcDbEntity
  8
Hachura
 62
7
370
25
100
AcDbLine
 10
2893.145212443177
 20
5714.53886856677
 30
0.0
 11
2891.855367533509
 21
5714.53886856677
 31
0.0
  0
LINE
  5
83
330
17
100
AcDbEntity
  8
Hachura
 62
7
370
25
100
AcDbLine
 10
2893.465881884874
 20
5713.895659825676
 30
0.0
 11
2891.5311145203714
 21
5712.928276143422
 31
0.0
  0
LINE
  5
84
330
17
100
AcDbEntity
  8
Hachura
 62
7
370
25
100
AcDbLine
 10
2891.5329063060917
 20
5714.216407317912
 30
0.0
 11
2893.467673670594
 21
5714.216407317912
 31
0.0
  0
LINE
  5
85
330
17
100
AcDbEntity
  8
Hachura
 62
7
370
25
100
AcDbLine
 10
2886.937551028247
 20
5702.738501361337
 30
0.0
 11
2894.752212772878
 21
5702.738501361337
 31
0.0
  0
LINE
  5
86
330
17
100
AcDbEntity
  8
Hachura
 62
7
370
25
100
AcDbLine
 10
2890.7572075488442
 20
5709.445694889466
 30
0.0
 11
2894.110804339708
 21
5709.445694889466
 31
0.0
  0
LINE
  5
87
330
17
100
AcDbEntity
  8
Hachura
 62
7
370
25
100
AcDbLine
 10
2890.7572075488442
 20
5709.377978032137
 30
0.0
 11
2894.110804339708
 21
5709.377978032137
 31
0.0
  0
LINE
  5
88
330
17
100
AcDbEntity
  8
Hachura
 62
7
370
25
100
AcDbLine
 10
2894.3687732873395
 20
5706.221082615297
 30
0.0
 11
2890.4992385583346
 21
5706.221082615297
 31
0.0
  0
LINE
  5
89
330
17
100
AcDbEntity
  8
Hachura
 62
7
370
25
100
AcDbLine
 10
2898.883230471176
 20
5703.641392795961
 30
0.0
 11
2885.9847813744973
 21
5703.641392795961
 31
0.0
  0
LINE
  5
8A
330
17
100
AcDbEntity
  8
Hachura
 62
7
370
25
100
AcDbLine
 10
2885.9847813744973
 20
5702.738501361337
 30
0.0
 11
2898.879688706783
 21
5702.738501361337
 31
0.0
  0
LINE
  5
8B
330
17
100
AcDbEntity
  8
Hachura
 62
7
370
25
100
AcDbLine
 10
2893.078928377671
 20
5709.445694889466
 30
0.0
 11
2893.078928377671
 21
5706.221082615297
 31
0.0
  0
LINE
  5
8C
330
17
100
AcDbEntity
  8
Hachura
 62
7
370
25
100
AcDbLine
 10
2894.110804339708
 20
5709.445694889466
 30
0.0
 11
2894.110804339708
 21
5706.221082615297
 31
0.0
  0
LINE
  5
8D
330
17
100
AcDbEntity
  8
Hachura
 62
7
370
25
100
AcDbLine
 10
2892.434005922837
 20
5703.641392795961
 30
0.0
 11
2894.3687732873395
 21
5703.641392795961
 31
0.0
  0
LINE
  5
8E
330
17
100
AcDbEntity
  8
Hachura
 62
7
370
25
100
AcDbLine
 10
2893.7238508325054
 20
5703.641392795961
 30
0.0
 11
2893.078928377671
 21
5703.641392795961
 31
0.0
  0
LINE
  5
8F
330
17
100
AcDbEntity
  8
Hachura
 62
7
370
25
100
AcDbLine
 10
2892.4396462851983
 20
5703.641392795961
 30
0.0
 11
2892.4396462851983
 21
5702.738501361337
 31
0.0
  0
LINE
  5
90
330
17
100
AcDbEntity
  8
Hachura
 62
7
370
25
100
AcDbLine
 10
2892.746187976547
 20
5703.641392795961
 30
0.0
 11
2892.746187976547
 21
5705.640551985419
 31
0.0
  0
LINE
  5
91
330
17
100
AcDbEntity
  8
Hachura
 62
7
370
25
100
AcDbLine
 10
2892.2302499955276
 20
5705.640551985419
 30
0.0
 11
2892.2302499955276
 21
5703.641392795961
 31
0.0
  0
LINE
  5
92
330
17
100
AcDbEntity
  8
Hachura
 62
7
370
25
100
AcDbLine
 10
2895.4738825465693
 20
5703.659667353028
 30
0.0
 11
2895.4738825465693
 21
5702.732444677947
 31
0.0
  0
LINE
  5
93
330
17
100
AcDbEntity
  8
Hachura
 62
7
370
25
100
AcDbLine
 10
2893.393621555585
 20
5702.888547239259
 30
0.0
 11
2893.393621555585
 21
5703.321615044979
 31
0.0
  0
LINE
  5
94
330
17
100
AcDbEntity
  8
Hachura
 62
7
370
25
100
AcDbLine
 10
2894.3687732873395
 20
5703.641392795961
 30
0.0
 11
2894.3687732873395
 21
5706.221082615297
 31
0.0
  0
LINE
  5
95
330
17
100
AcDbEntity
  8
Hachura
 62
7
370
25
100
AcDbLine
 10
2893.393621555585
 20
5703.321615044979
 30
0.0
 11
2893.393621555585
 21
5703.533469694094
 31
0.0
  0
LINE
  5
96
330
17
100
AcDbEntity
  8
Hachura
 62
7
370
25
100
AcDbLine
 10
2898.879688706783
 20
5702.738501361337
 30
0.0
 11
2898.879688706783
 21
5707.875169943422
 31
0.0
  0
LINE
  5
97
330
17
100
AcDbEntity
  8
Hachura
 62
7
370
25
100
AcDbLine
 10
2897.206432097183
 20
5707.897881000009
 30
0.0
 11
2896.6247720231286
 21
5705.687572682155
 31
0.0
  0
LINE
  5
98
330
17
100
AcDbEntity
  8
Hachura
 62
7
370
25
100
AcDbLine
 10
2898.883230471176
 20
5707.897881000009
 30
0.0
 11
2897.206432097183
 21
5707.897881000009
 31
0.0
  0
LINE
  5
99
330
17
100
AcDbEntity
  8
Hachura
 62
7
370
25
100
AcDbLine
 10
2896.3129279847553
 20
5705.447175675927
 30
0.0
 11
2894.3687732873395
 21
5705.447175675927
 31
0.0
  0
LINE
  5
9A
330
17
100
AcDbEntity
  8
Hachura
 62
7
370
25
100
AcDbLine
 10
2898.883230471176
 20
5703.641392795961
 30
0.0
 11
2893.7238508325054
 21
5703.641392795961
 31
0.0
  0
LINE
  5
9B
330
17
100
AcDbEntity
  8
Hachura
 62
7
370
25
100
AcDbLine
 10
2887.6615797913682
 20
5707.897881000009
 30
0.0
 11
2888.2432398654228
 21
5705.687572682155
 31
0.0
  0
LINE
  5
9C
330
17
100
AcDbEntity
  8
Hachura
 62
7
370
25
100
AcDbLine
 10
2890.7572075488442
 20
5706.221082615297
 30
0.0
 11
2890.7572075488442
 21
5709.445694889466
 31
0.0
  0
LINE
  5
9D
330
17
100
AcDbEntity
  8
Hachura
 62
7
370
25
100
AcDbLine
 10
2891.5311145203714
 20
5709.445694889466
 30
0.0
 11
2891.5311145203714
 21
5706.221082615297
 31
0.0
  0
LINE
  5
9E
330
17
100
AcDbEntity
  8
Hachura
 62
7
370
25
100
AcDbLine
 10
2889.407867952359
 20
5703.659667353028
 30
0.0
 11
2889.407867952359
 21
5702.738501361337
 31
0.0
  0
LINE
  5
9F
330
17
100
AcDbEntity
  8
Hachura
 62
7
370
25
100
AcDbLine
 10
2891.4588541910825
 20
5703.515091777141
 30
0.0
 11
2891.4588541910825
 21
5703.082023982142
 31
0.0
  0
LINE
  5
A0
330
17
100
AcDbEntity
  8
Hachura
 62
7
370
25
100
AcDbLine
 10
2887.9756143474942
 20
5703.659667353028
 30
0.0
 11
2887.9756143474942
 21
5702.732444677947
 31
0.0
  0
LINE
  5
A1
330
17
100
AcDbEntity
  8
Hachura
 62
7
370
25
100
AcDbLine
 10
2890.4992385583346
 20
5706.221082615297
 30
0.0
 11
2890.4992385583346
 21
5703.641392795961
 31
0.0
  0
LINE
  5
A2
330
17
100
AcDbEntity
  8
Hachura
 62
7
370
25
100
AcDbLine
 10
2890.4992385583346
 20
5706.221082615297
 30
0.0
 11
2890.7572075488442
 21
5706.221082615297
 31
0.0
  0
LINE
  5
A3
330
17
100
AcDbEntity
  8
Hachura
 62
7
370
25
100
AcDbLine
 10
2890.4992385583346
 20
5706.221082615297
 30
0.0
 11
2890.7572075488442
 21
5706.221082615297
 31
0.0
  0
LINE
  5
A4
330
17
100
AcDbEntity
  8
Hachura
 62
7
370
25
100
AcDbLine
 10
2888.5550839037987
 20
5705.447175675927
 30
0.0
 11
2890.5031204820134
 21
5705.447175675927
 31
0.0
  0
LINE
  5
A5
330
17
100
AcDbEntity
  8
Hachura
 62
7
370
25
100
AcDbLine
 10
2885.9847813744973
 20
5703.641392795961
 30
0.0
 11
2885.9847813744973
 21
5707.897881000009
 31
0.0
  0
LINE
  5
A6
330
17
100
AcDbEntity
  8
Hachura
 62
7
370
25
100
AcDbLine
 10
2885.9847813744973
 20
5703.641392795961
 30
0.0
 11
2885.9847813744973
 21
5702.738501361337
 31
0.0
  0
LINE
  5
A7
330
17
100
AcDbEntity
  8
Hachura
 62
7
370
25
100
AcDbLine
 10
2887.133112431292
 20
5703.659667353028
 30
0.0
 11
2887.133112431292
 21
5702.732444677947
 31
0.0
  0
LINE
  5
A8
330
17
100
AcDbEntity
  8
Hachura
 62
7
370
25
100
AcDbLine
 10
2886.669736199433
 20
5703.659667353028
 30
0.0
 11
2886.669736199433
 21
5702.732444677947
 31
0.0
  0
LINE
  5
A9
330
17
100
AcDbEntity
  8
Hachura
 62
7
370
25
100
AcDbLine
 10
2886.3327354672556
 20
5703.659667353028
 30
0.0
 11
2886.3327354672556
 21
5702.732444677947
 31
0.0
  0
LINE
  5
AA
330
17
100
AcDbEntity
  8
Hachura
 62
7
370
25
100
AcDbLine
 10
2886.1221097202106
 20
5703.659667353028
 30
0.0
 11
2886.1221097202106
 21
5702.732444677947
 31
0.0
  0
LINE
  5
AB
330
17
100
AcDbEntity
  8
Hachura
 62
7
370
25
100
AcDbLine
 10
2885.9847813744973
 20
5707.897881000009
 30
0.0
 11
2887.6615797913682
 21
5707.897881000009
 31
0.0
  0
LINE
  5
AC
330
17
100
AcDbEntity
  8
Hachura
 62
7
370
25
100
AcDbLine
 10
2892.3050214678824
 20
5709.445694889466
 30
0.0
 11
2893.5719680208476
 21
5710.079168172292
 31
0.0
  0
LINE
  5
AD
330
17
100
AcDbEntity
  8
Hachura
 62
7
370
25
100
AcDbLine
 10
2892.562990445701
 20
5709.445694889466
 30
0.0
 11
2893.465881888472
 21
5709.897140610851
 31
0.0
  0
LINE
  5
AE
330
17
100
AcDbEntity
  8
Hachura
 62
7
370
25
100
AcDbLine
 10
2893.4658818884727
 20
5709.445694889466
 30
0.0
 11
2893.4658818884727
 21
5709.897140610851
 31
0.0
  0
LINE
  5
AF
330
17
100
AcDbEntity
  8
Hachura
 62
7
370
25
100
AcDbLine
 10
2896.888855733786
 20
5703.659667353028
 30
0.0
 11
2896.888855733786
 21
5702.732444677947
 31
0.0
  0
LINE
  5
B0
330
17
100
AcDbEntity
  8
Hachura
 62
7
370
25
100
AcDbLine
 10
2897.7313576499882
 20
5703.659667353028
 30
0.0
 11
2897.7313576499882
 21
5702.732444677947
 31
0.0
  0
LINE
  5
B1
330
17
100
AcDbEntity
  8
Hachura
 62
7
370
25
100
AcDbLine
 10
2898.1947338818472
 20
5703.659667353028
 30
0.0
 11
2898.1947338818472
 21
5702.732444677947
 31
0.0
  0
LINE
  5
B2
330
17
100
AcDbEntity
  8
Hachura
 62
7
370
25
100
AcDbLine
 10
2898.5317346140246
 20
5703.659667353028
 30
0.0
 11
2898.5317346140246
 21
5702.732444677947
 31
0.0
  0
LINE
  5
B3
330
17
100
AcDbEntity
  8
Hachura
 62
7
370
25
100
AcDbLine
 10
2898.7423603610696
 20
5703.659667353028
 30
0.0
 11
2898.7423603610696
 21
5702.732444677947
 31
0.0
  0
LINE
  5
B4
330
17
100
AcDbEntity
  8
Hachura
 62
7
370
25
100
AcDbLine
 10
2893.4652596207357
 20
5578.742203389294
 30
0.0
 11
2893.4652596207357
 21
5578.09728093446
 31
0.0
  0
LINE
  5
B5
330
17
100
AcDbEntity
  8
Hachura
 62
7
370
25
100
AcDbLine
 10
2893.4652596207357
 20
5577.58134297488
 30
0.0
 11
2891.530492256233
 21
5578.548726657134
 31
0.0
  0
LINE
  5
B6
330
17
100
AcDbEntity
  8
Hachura
 62
7
370
25
100
AcDbLine
 10
2893.537942951582
 20
5577.673985815432
 30
0.0
 11
2891.372330194024
 21
5578.756792151333
 31
0.0
  0
LINE
  5
B7
330
17
100
AcDbEntity
  8
Hachura
 62
7
370
25
100
AcDbLine
 10
2891.4307680844463
 20
5578.98554222879
 30
0.0
 11
2893.5713457531115
 21
5577.9152533730185
 31
0.0
  0
LINE
  5
B8
330
17
100
AcDbEntity
  8
Hachura
 62
7
370
25
100
AcDbLine
 10
2891.530492256233
 20
5579.064664616709
 30
0.0
 11
2893.4652596207357
 21
5578.09728093446
 31
0.0
  0
LINE
  5
B9
330
17
100
AcDbEntity
  8
Hachura
 62
7
370
25
100
AcDbLine
 10
2891.530492256233
 20
5579.709587071543
 30
0.0
 11
2891.530492256233
 21
5579.064664616709
 31
0.0
  0
LINE
  5
BA
330
17
100
AcDbEntity
  8
Hachura
 62
7
370
25
100
AcDbLine
 10
2891.530492256233
 20
5581.386385456256
 30
0.0
 11
2891.530492256233
 21
5582.03130791109
 31
0.0
  0
LINE
  5
BB
330
17
100
AcDbEntity
  8
Hachura
 62
7
370
25
100
AcDbLine
 10
2891.530492256233
 20
5580.437379690961
 30
0.0
 11
2891.530492256233
 21
5580.225525041846
 31
0.0
  0
LINE
  5
BC
330
17
100
AcDbEntity
  8
Hachura
 62
7
370
25
100
AcDbLine
 10
2891.530492256233
 20
5580.437379690961
 30
0.0
 11
2891.530492256233
 21
5580.870447496675
 31
0.0
  0
LINE
  5
BD
330
17
100
AcDbEntity
  8
Hachura
 62
7
370
25
100
AcDbLine
 10
2893.4652596207357
 20
5579.903063814426
 30
0.0
 11
2893.4652596207357
 21
5579.258141359592
 31
0.0
  0
LINE
  5
BE
330
17
100
AcDbEntity
  8
Hachura
 62
7
370
25
100
AcDbLine
 10
2893.4652596207357
 20
5581.063924228841
 30
0.0
 11
2893.4652596207357
 21
5580.419001774007
 31
0.0
  0
LINE
  5
BF
330
17
100
AcDbEntity
  8
Hachura
 62
7
370
25
100
AcDbLine
 10
2893.4652596207357
 20
5578.742203389294
 30
0.0
 11
2891.530492256233
 21
5579.709587071543
 31
0.0
  0
LINE
  5
C0
330
17
100
AcDbEntity
  8
Hachura
 62
7
370
25
100
AcDbLine
 10
2893.537942951582
 20
5578.834846240564
 30
0.0
 11
2891.372330194024
 21
5579.917652576464
 31
0.0
  0
LINE
  5
C1
330
17
100
AcDbEntity
  8
Hachura
 62
7
370
25
100
AcDbLine
 10
2891.4307680844463
 20
5580.1464026432
 30
0.0
 11
2893.5713457531115
 21
5579.076113798151
 31
0.0
  0
LINE
  5
C2
330
17
100
AcDbEntity
  8
Hachura
 62
7
370
25
100
AcDbLine
 10
2891.530492256233
 20
5580.225525041846
 30
0.0
 11
2893.4652596207357
 21
5579.258141359592
 31
0.0
  0
LINE
  5
C3
330
17
100
AcDbEntity
  8
Hachura
 62
7
370
25
100
AcDbLine
 10
2893.4652596207357
 20
5581.063924228841
 30
0.0
 11
2891.530492256233
 21
5582.03130791109
 31
0.0
  0
LINE
  5
C4
330
17
100
AcDbEntity
  8
Hachura
 62
7
370
25
100
AcDbLine
 10
2893.4652596207357
 20
5579.903063814426
 30
0.0
 11
2891.530492256233
 21
5580.870447496675
 31
0.0
  0
LINE
  5
C5
330
17
100
AcDbEntity
  8
Hachura
 62
7
370
25
100
AcDbLine
 10
2893.537942951582
 20
5579.995706654979
 30
0.0
 11
2891.372330194024
 21
5581.078512990879
 31
0.0
  0
LINE
  5
C6
330
17
100
AcDbEntity
  8
Hachura
 62
7
370
25
100
AcDbLine
 10
2891.4307680844463
 20
5581.307263057614
 30
0.0
 11
2893.5713457531115
 21
5580.236974212565
 31
0.0
  0
LINE
  5
C7
330
17
100
AcDbEntity
  8
Hachura
 62
7
370
25
100
AcDbLine
 10
2891.530492256233
 20
5581.386385456256
 30
0.0
 11
2893.4652596207357
 21
5580.419001774007
 31
0.0
  0
LINE
  5
C8
330
17
100
AcDbEntity
  8
Hachura
 62
7
370
25
100
AcDbLine
 10
2891.788253926668
 20
5577.258985386061
 30
0.0
 11
2891.530492256233
 21
5577.387866242719
 31
0.0
  0
LINE
  5
C9
330
17
100
AcDbEntity
  8
Hachura
 62
7
370
25
100
AcDbLine
 10
2892.0462229171776
 20
5577.258985386061
 30
0.0
 11
2891.372330194024
 21
5577.59593174764
 31
0.0
  0
LINE
  5
CA
330
17
100
AcDbEntity
  8
Hachura
 62
7
370
25
100
AcDbLine
 10
2891.530492256233
 20
5577.387866242719
 30
0.0
 11
2891.530492256233
 21
5577.258985386061
 31
0.0
  0
LINE
  5
CB
330
17
100
AcDbEntity
  8
Hachura
 62
7
370
25
100
AcDbLine
 10
2891.5322840419535
 20
5577.260595482644
 30
0.0
 11
2891.8547452693706
 21
5576.938134233786
 31
0.0
  0
LINE
  5
CC
330
17
100
AcDbEntity
  8
Hachura
 62
7
370
25
100
AcDbLine
 10
2891.530492256233
 20
5577.903804202299
 30
0.0
 11
2891.530492256233
 21
5578.548726657134
 31
0.0
  0
LINE
  5
CD
330
17
100
AcDbEntity
  8
Hachura
 62
7
370
25
100
AcDbLine
 10
2893.4652596207357
 20
5577.58134297488
 30
0.0
 11
2893.4652596207357
 21
5577.258985386061
 31
0.0
  0
LINE
  5
CE
330
17
100
AcDbEntity
  8
Hachura
 62
7
370
25
100
AcDbLine
 10
2893.467136907227
 20
5577.260595461205
 30
0.0
 11
2893.467136907227
 21
5577.260672879279
 31
0.0
  0
LINE
  5
CF
330
17
100
AcDbEntity
  8
Hachura
 62
7
370
25
100
AcDbLine
 10
2893.467136907227
 20
5577.260595461205
 30
0.0
 11
2893.144590179039
 21
5576.938134233786
 31
0.0
  0
LINE
  5
D0
330
17
100
AcDbEntity
  8
Hachura
 62
7
370
25
100
AcDbLine
 10
2893.4652596207357
 20
5579.469996019429
 30
0.0
 11
2893.4652596207357
 21
5579.258141370314
 31
0.0
  0
LINE
  5
D1
330
17
100
AcDbEntity
  8
Hachura
 62
7
370
25
100
AcDbLine
 10
2891.4307680844463
 20
5577.824681814375
 30
0.0
 11
2892.562160898195
 21
5577.258985386061
 31
0.0
  0
LINE
  5
D2
330
17
100
AcDbEntity
  8
Hachura
 62
7
370
25
100
AcDbLine
 10
2891.530492256233
 20
5577.903804202299
 30
0.0
 11
2892.8201298458257
 21
5577.258985386061
 31
0.0
  0
LINE
  5
D3
330
17
100
AcDbEntity
  8
Hachura
 62
7
370
25
100
AcDbLine
 10
2893.144590179039
 20
5576.938134233786
 30
0.0
 11
2891.8547452693706
 21
5576.938134233786
 31
0.0
  0
LINE
  5
D4
330
17
100
AcDbEntity
  8
Hachura
 62
7
370
25
100
AcDbLine
 10
2893.4652596207357
 20
5577.58134297488
 30
0.0
 11
2891.530492256233
 21
5578.548726657134
 31
0.0
  0
LINE
  5
D5
330
17
100
AcDbEntity
  8
Hachura
 62
7
370
25
100
AcDbLine
 10
2891.5322840419535
 20
5577.260595482644
 30
0.0
 11
2893.467051406456
 21
5577.260595482644
 31
0.0
  0
LINE
  5
D6
330
17
100
AcDbEntity
  8
Hachura
 62
7
370
25
100
AcDbLine
 10
2886.936928764109
 20
5588.738501439219
 30
0.0
 11
2894.75159050874
 21
5588.738501439219
 31
0.0
  0
LINE
  5
D7
330
17
100
AcDbEntity
  8
Hachura
 62
7
370
25
100
AcDbLine
 10
2890.756585284706
 20
5582.03130791109
 30
0.0
 11
2894.11018207557
 21
5582.03130791109
 31
0.0
  0
LINE
  5
D8
330
17
100
AcDbEntity
  8
Hachura
 62
7
370
25
100
AcDbLine
 10
2890.756585284706
 20
5582.0990247684185
 30
0.0
 11
2894.11018207557
 21
5582.0990247684185
 31
0.0
  0
LINE
  5
D9
330
17
100
AcDbEntity
  8
Hachura
 62
7
370
25
100
AcDbLine
 10
2894.3681510232013
 20
5585.255920185259
 30
0.0
 11
2890.4986162941964
 21
5585.255920185259
 31
0.0
  0
LINE
  5
DA
330
17
100
AcDbEntity
  8
Hachura
 62
7
370
25
100
AcDbLine
 10
2898.8826082070377
 20
5587.835610004595
 30
0.0
 11
2885.984159110359
 21
5587.835610004595
 31
0.0
  0
LINE
  5
DB
330
17
100
AcDbEntity
  8
Hachura
 62
7
370
25
100
AcDbLine
 10
2885.984159110359
 20
5588.738501439219
 30
0.0
 11
2898.8790664426447
 21
5588.738501439219
 31
0.0
  0
LINE
  5
DC
330
17
100
AcDbEntity
  8
Hachura
 62
7
370
25
100
AcDbLine
 10
2893.078306113533
 20
5582.03130791109
 30
0.0
 11
2893.078306113533
 21
5585.255920185259
 31
0.0
  0
LINE
  5
DD
330
17
100
AcDbEntity
  8
Hachura
 62
7
370
25
100
AcDbLine
 10
2894.11018207557
 20
5582.03130791109
 30
0.0
 11
2894.11018207557
 21
5585.255920185259
 31
0.0
  0
LINE
  5
DE
330
17
100
AcDbEntity
  8
Hachura
 62
7
370
25
100
AcDbLine
 10
2892.433383658699
 20
5587.835610004595
 30
0.0
 11
2894.3681510232013
 21
5587.835610004595
 31
0.0
  0
LINE
  5
DF
330
17
100
AcDbEntity
  8
Hachura
 62
7
370
25
100
AcDbLine
 10
2893.723228568367
 20
5587.835610004595
 30
0.0
 11
2893.078306113533
 21
5587.835610004595
 31
0.0
  0
LINE
  5
E0
330
17
100
AcDbEntity
  8
Hachura
 62
7
370
25
100
AcDbLine
 10
2892.43902402106
 20
5587.835610004595
 30
0.0
 11
2892.43902402106
 21
5588.738501439219
 31
0.0
  0
LINE
  5
E1
330
17
100
AcDbEntity
  8
Hachura
 62
7
370
25
100
AcDbLine
 10
2892.7455657124087
 20
5587.835610004595
 30
0.0
 11
2892.7455657124087
 21
5585.836450815137
 31
0.0
  0
LINE
  5
E2
330
17
100
AcDbEntity
  8
Hachura
 62
7
370
25
100
AcDbLine
 10
2892.2296277313894
 20
5585.836450815137
 30
0.0
 11
2892.2296277313894
 21
5587.835610004595
 31
0.0
  0
LINE
  5
E3
330
17
100
AcDbEntity
  8
Hachura
 62
7
370
25
100
AcDbLine
 10
2895.473260282431
 20
5587.8173354475275
 30
0.0
 11
2895.473260282431
 21
5588.744558122609
 31
0.0
  0
LINE
  5
E4
330
17
100
AcDbEntity
  8
Hachura
 62
7
370
25
100
AcDbLine
 10
2893.392999291447
 20
5588.5884555612965
 30
0.0
 11
2893.392999291447
 21
5588.155387755577
 31
0.0
  0
LINE
  5
E5
330
17
100
AcDbEntity
  8
Hachura
 62
7
370
25
100
AcDbLine
 10
2894.3681510232013
 20
5587.835610004595
 30
0.0
 11
2894.3681510232013
 21
5585.255920185259
 31
0.0
  0
LINE
  5
E6
330
17
100
AcDbEntity
  8
Hachura
 62
7
370
25
100
AcDbLine
 10
2893.392999291447
 20
5588.155387755577
 30
0.0
 11
2893.392999291447
 21
5587.943533106462
 31
0.0
  0
LINE
  5
E7
330
17
100
AcDbEntity
  8
Hachura
 62
7
370
25
100
AcDbLine
 10
2898.8790664426447
 20
5588.738501439219
 30
0.0
 11
2898.8790664426447
 21
5583.601832857134
 31
0.0
  0
LINE
  5
E8
330
17
100
AcDbEntity
  8
Hachura
 62
7
370
25
100
AcDbLine
 10
2897.205809833045
 20
5583.579121800547
 30
0.0
 11
2896.6241497589904
 21
5585.789430118401
 31
0.0
  0
LINE
  5
E9
330
17
100
AcDbEntity
  8
Hachura
 62
7
370
25
100
AcDbLine
 10
2898.8826082070377
 20
5583.579121800547
 30
0.0
 11
2897.205809833045
 21
5583.579121800547
 31
0.0
  0
LINE
  5
EA
330
17
100
AcDbEntity
  8
Hachura
 62
7
370
25
100
AcDbLine
 10
2896.312305720617
 20
5586.029827124629
 30
0.0
 11
2894.3681510232013
 21
5586.029827124629
 31
0.0
  0
LINE
  5
EB
330
17
100
AcDbEntity
  8
Hachura
 62
7
370
25
100
AcDbLine
 10
2898.8826082070377
 20
5587.835610004595
 30
0.0
 11
2893.723228568367
 21
5587.835610004595
 31
0.0
  0
LINE
  5
EC
330
17
100
AcDbEntity
  8
Hachura
 62
7
370
25
100
AcDbLine
 10
2887.66095752723
 20
5583.579121800547
 30
0.0
 11
2888.2426176012846
 21
5585.789430118401
 31
0.0
  0
LINE
  5
ED
330
17
100
AcDbEntity
  8
Hachura
 62
7
370
25
100
AcDbLine
 10
2890.756585284706
 20
5585.255920185259
 30
0.0
 11
2890.756585284706
 21
5582.03130791109
 31
0.0
  0
LINE
  5
EE
330
17
100
AcDbEntity
  8
Hachura
 62
7
370
25
100
AcDbLine
 10
2891.530492256233
 20
5582.03130791109
 30
0.0
 11
2891.530492256233
 21
5585.255920185259
 31
0.0
  0
LINE
  5
EF
330
17
100
AcDbEntity
  8
Hachura
 62
7
370
25
100
AcDbLine
 10
2889.407245688221
 20
5587.8173354475275
 30
0.0
 11
2889.407245688221
 21
5588.738501439219
 31
0.0
  0
LINE
  5
F0
330
17
100
AcDbEntity
  8
Hachura
 62
7
370
25
100
AcDbLine
 10
2891.4582319269443
 20
5587.961911023415
 30
0.0
 11
2891.4582319269443
 21
5588.394978818414
 31
0.0
  0
LINE
  5
F1
330
17
100
AcDbEntity
  8
Hachura
 62
7
370
25
100
AcDbLine
 10
2887.974992083356
 20
5587.8173354475275
 30
0.0
 11
2887.974992083356
 21
5588.744558122609
 31
0.0
  0
LINE
  5
F2
330
17
100
AcDbEntity
  8
Hachura
 62
7
370
25
100
AcDbLine
 10
2890.4986162941964
 20
5585.255920185259
 30
0.0
 11
2890.4986162941964
 21
5587.835610004595
 31
0.0
  0
LINE
  5
F3
330
17
100
AcDbEntity
  8
Hachura
 62
7
370
25
100
AcDbLine
 10
2890.4986162941964
 20
5585.255920185259
 30
0.0
 11
2890.756585284706
 21
5585.255920185259
 31
0.0
  0
LINE
  5
F4
330
17
100
AcDbEntity
  8
Hachura
 62
7
370
25
100
AcDbLine
 10
2890.4986162941964
 20
5585.255920185259
 30
0.0
 11
2890.756585284706
 21
5585.255920185259
 31
0.0
  0
LINE
  5
F5
330
17
100
AcDbEntity
  8
Hachura
 62
7
370
25
100
AcDbLine
 10
2888.5544616396605
 20
5586.029827124629
 30
0.0
 11
2890.502498217875
 21
5586.029827124629
 31
0.0
  0
LINE
  5
F6
330
17
100
AcDbEntity
  8
Hachura
 62
7
370
25
100
AcDbLine
 10
2885.984159110359
 20
5587.835610004595
 30
0.0
 11
2885.984159110359
 21
5583.579121800547
 31
0.0
  0
LINE
  5
F7
330
17
100
AcDbEntity
  8
Hachura
 62
7
370
25
100
AcDbLine
 10
2885.984159110359
 20
5587.835610004595
 30
0.0
 11
2885.984159110359
 21
5588.738501439219
 31
0.0
  0
LINE
  5
F8
330
17
100
AcDbEntity
  8
Hachura
 62
7
370
25
100
AcDbLine
 10
2887.1324901671537
 20
5587.8173354475275
 30
0.0
 11
2887.1324901671537
 21
5588.744558122609
 31
0.0
  0
LINE
  5
F9
330
17
100
AcDbEntity
  8
Hachura
 62
7
370
25
100
AcDbLine
 10
2886.6691139352947
 20
5587.8173354475275
 30
0.0
 11
2886.6691139352947
 21
5588.744558122609
 31
0.0
  0
LINE
  5
FA
330
17
100
AcDbEntity
  8
Hachura
 62
7
370
25
100
AcDbLine
 10
2886.3321132031174
 20
5587.8173354475275
 30
0.0
 11
2886.3321132031174
 21
5588.744558122609
 31
0.0
  0
LINE
  5
FB
330
17
100
AcDbEntity
  8
Hachura
 62
7
370
25
100
AcDbLine
 10
2886.1214874560724
 20
5587.8173354475275
 30
0.0
 11
2886.1214874560724
 21
5588.744558122609
 31
0.0
  0
LINE
  5
FC
330
17
100
AcDbEntity
  8
Hachura
 62
7
370
25
100
AcDbLine
 10
2885.984159110359
 20
5583.579121800547
 30
0.0
 11
2887.66095752723
 21
5583.579121800547
 31
0.0
  0
LINE
  5
FD
330
17
100
AcDbEntity
  8
Hachura
 62
7
370
25
100
AcDbLine
 10
2892.304399203744
 20
5582.03130791109
 30
0.0
 11
2893.5713457567094
 21
5581.397834628264
 31
0.0
  0
LINE
  5
FE
330
17
100
AcDbEntity
  8
Hachura
 62
7
370
25
100
AcDbLine
 10
2892.5623681815628
 20
5582.03130791109
 30
0.0
 11
2893.4652596243336
 21
5581.579862189705
 31
0.0
  0
LINE
  5
FF
330
17
100
AcDbEntity
  8
Hachura
 62
7
370
25
100
AcDbLine
 10
2893.4652596243345
 20
5582.03130791109
 30
0.0
 11
2893.4652596243345
 21
5581.579862189705
 31
0.0
  0
LINE
  5
100
330
17
100
AcDbEntity
  8
Hachura
 62
7
370
25
100
AcDbLine
 10
2896.8882334696477
 20
5587.8173354475275
 30
0.0
 11
2896.8882334696477
 21
5588.744558122609
 31
0.0
  0
LINE
  5
101
330
17
100
AcDbEntity
  8
Hachura
 62
7
370
25
100
AcDbLine
 10
2897.73073538585
 20
5587.8173354475275
 30
0.0
 11
2897.73073538585
 21
5588.744558122609
 31
0.0
  0
LINE
  5
102
330
17
100
AcDbEntity
  8
Hachura
 62
7
370
25
100
AcDbLine
 10
2898.194111617709
 20
5587.8173354475275
 30
0.0
 11
2898.194111617709
 21
5588.744558122609
 31
0.0
  0
LINE
  5
103
330
17
100
AcDbEntity
  8
Hachura
 62
7
370
25
100
AcDbLine
 10
2898.5311123498864
 20
5587.8173354475275
 30
0.0
 11
2898.5311123498864
 21
5588.744558122609
 31
0.0
  0
LINE
  5
104
330
17
100
AcDbEntity
  8
Hachura
 62
7
370
25
100
AcDbLine
 10
2898.7417380969314
 20
5587.8173354475275
 30
0.0
 11
2898.7417380969314
 21
5588.744558122609
 31
0.0
  0
LINE
  5
105
330
17
100
AcDbEntity
  8
Hachura
 62
7
370
25
100
AcDbLine
 10
2892.43249545735
 20
5713.53886856674
 30
0.0
 11
2892.441036668224
 21
5581.738501439218
 31
0.0
  0
LINE
  5
106
330
17
100
AcDbEntity
  8
Hachura
 62
7
370
25
100
AcDbLine
 10
2683.397976245268
 20
5712.7347994112615
 30
0.0
 11
2683.397976245268
 21
5713.379721866096
 31
0.0
  0
LINE
  5
107
330
17
100
AcDbEntity
  8
Hachura
 62
7
370
25
100
AcDbLine
 10
2683.397976245268
 20
5713.895659825676
 30
0.0
 11
2685.3327436097707
 21
5712.928276143422
 31
0.0
  0
LINE
  5
108
330
17
100
AcDbEntity
  8
Hachura
 62
7
370
25
100
AcDbLine
 10
2683.325292914422
 20
5713.803016985124
 30
0.0
 11
2685.49090567198
 21
5712.720210649223
 31
0.0
  0
LINE
  5
109
330
17
100
AcDbEntity
  8
Hachura
 62
7
370
25
100
AcDbLine
 10
2685.4324677815575
 20
5712.491460571766
 30
0.0
 11
2683.2918901128924
 21
5713.5617494275375
 31
0.0
  0
LINE
  5
10A
330
17
100
AcDbEntity
  8
Hachura
 62
7
370
25
100
AcDbLine
 10
2685.3327436097707
 20
5712.412338183847
 30
0.0
 11
2683.397976245268
 21
5713.379721866096
 31
0.0
  0
LINE
  5
10B
330
17
100
AcDbEntity
  8
Hachura
 62
7
370
25
100
AcDbLine
 10
2685.3327436097707
 20
5711.767415729013
 30
0.0
 11
2685.3327436097707
 21
5712.412338183847
 31
0.0
  0
LINE
  5
10C
330
17
100
AcDbEntity
  8
Hachura
 62
7
370
25
100
AcDbLine
 10
2685.3327436097707
 20
5710.0906173443
 30
0.0
 11
2685.3327436097707
 21
5709.445694889466
 31
0.0
  0
LINE
  5
10D
330
17
100
AcDbEntity
  8
Hachura
 62
7
370
25
100
AcDbLine
 10
2685.3327436097707
 20
5711.039623109595
 30
0.0
 11
2685.3327436097707
 21
5711.25147775871
 31
0.0
  0
LINE
  5
10E
330
17
100
AcDbEntity
  8
Hachura
 62
7
370
25
100
AcDbLine
 10
2685.3327436097707
 20
5711.039623109595
 30
0.0
 11
2685.3327436097707
 21
5710.606555303881
 31
0.0
  0
LINE
  5
10F
330
17
100
AcDbEntity
  8
Hachura
 62
7
370
25
100
AcDbLine
 10
2683.397976245268
 20
5711.57393898613
 30
0.0
 11
2683.397976245268
 21
5712.218861440964
 31
0.0
  0
LINE
  5
110
330
17
100
AcDbEntity
  8
Hachura
 62
7
370
25
100
AcDbLine
 10
2683.397976245268
 20
5710.413078571715
 30
0.0
 11
2683.397976245268
 21
5711.058001026549
 31
0.0
  0
LINE
  5
111
330
17
100
AcDbEntity
  8
Hachura
 62
7
370
25
100
AcDbLine
 10
2683.397976245268
 20
5712.7347994112615
 30
0.0
 11
2685.3327436097707
 21
5711.767415729013
 31
0.0
  0
LINE
  5
112
330
17
100
AcDbEntity
  8
Hachura
 62
7
370
25
100
AcDbLine
 10
2683.325292914422
 20
5712.642156559992
 30
0.0
 11
2685.49090567198
 21
5711.559350224092
 31
0.0
  0
LINE
  5
113
330
17
100
AcDbEntity
  8
Hachura
 62
7
370
25
100
AcDbLine
 10
2685.4324677815575
 20
5711.330600157356
 30
0.0
 11
2683.2918901128924
 21
5712.400889002405
 31
0.0
  0
LINE
  5
114
330
17
100
AcDbEntity
  8
Hachura
 62
7
370
25
100
AcDbLine
 10
2685.3327436097707
 20
5711.25147775871
 30
0.0
 11
2683.397976245268
 21
5712.218861440964
 31
0.0
  0
LINE
  5
115
330
17
100
AcDbEntity
  8
Hachura
 62
7
370
25
100
AcDbLine
 10
2683.397976245268
 20
5710.413078571715
 30
0.0
 11
2685.3327436097707
 21
5709.445694889466
 31
0.0
  0
LINE
  5
116
330
17
100
AcDbEntity
  8
Hachura
 62
7
370
25
100
AcDbLine
 10
2683.397976245268
 20
5711.57393898613
 30
0.0
 11
2685.3327436097707
 21
5710.606555303881
 31
0.0
  0
LINE
  5
117
330
17
100
AcDbEntity
  8
Hachura
 62
7
370
25
100
AcDbLine
 10
2683.325292914422
 20
5711.481296145577
 30
0.0
 11
2685.49090567198
 21
5710.398489809677
 31
0.0
  0
LINE
  5
118
330
17
100
AcDbEntity
  8
Hachura
 62
7
370
25
100
AcDbLine
 10
2685.4324677815575
 20
5710.169739742942
 30
0.0
 11
2683.2918901128924
 21
5711.240028587991
 31
0.0
  0
LINE
  5
119
330
17
100
AcDbEntity
  8
Hachura
 62
7
370
25
100
AcDbLine
 10
2685.3327436097707
 20
5710.0906173443
 30
0.0
 11
2683.397976245268
 21
5711.058001026549
 31
0.0
  0
LINE
  5
11A
330
17
100
AcDbEntity
  8
Hachura
 62
7
370
25
100
AcDbLine
 10
2685.074981939336
 20
5714.218017414495
 30
0.0
 11
2685.3327436097707
 21
5714.089136557837
 31
0.0
  0
LINE
  5
11B
330
17
100
AcDbEntity
  8
Hachura
 62
7
370
25
100
AcDbLine
 10
2684.8170129488262
 20
5714.218017414495
 30
0.0
 11
2685.49090567198
 21
5713.881071052916
 31
0.0
  0
LINE
  5
11C
330
17
100
AcDbEntity
  8
Hachura
 62
7
370
25
100
AcDbLine
 10
2685.3327436097707
 20
5714.089136557837
 30
0.0
 11
2685.3327436097707
 21
5714.218017414495
 31
0.0
  0
LINE
  5
11D
330
17
100
AcDbEntity
  8
Hachura
 62
7
370
25
100
AcDbLine
 10
2685.3309518240503
 20
5714.216407317912
 30
0.0
 11
2685.0084905966332
 21
5714.53886856677
 31
0.0
  0
LINE
  5
11E
330
17
100
AcDbEntity
  8
Hachura
 62
7
370
25
100
AcDbLine
 10
2685.3327436097707
 20
5713.573198598257
 30
0.0
 11
2685.3327436097707
 21
5712.928276143422
 31
0.0
  0
LINE
  5
11F
330
17
100
AcDbEntity
  8
Hachura
 62
7
370
25
100
AcDbLine
 10
2683.397976245268
 20
5713.895659825676
 30
0.0
 11
2683.397976245268
 21
5714.218017414495
 31
0.0
  0
LINE
  5
120
330
17
100
AcDbEntity
  8
Hachura
 62
7
370
25
100
AcDbLine
 10
2683.3960989587767
 20
5714.216407339351
 30
0.0
 11
2683.3960989587767
 21
5714.216329921277
 31
0.0
  0
LINE
  5
121
330
17
100
AcDbEntity
  8
Hachura
 62
7
370
25
100
AcDbLine
 10
2683.3960989587767
 20
5714.216407339351
 30
0.0
 11
2683.718645686965
 21
5714.53886856677
 31
0.0
  0
LINE
  5
122
330
17
100
AcDbEntity
  8
Hachura
 62
7
370
25
100
AcDbLine
 10
2683.397976245268
 20
5712.007006781127
 30
0.0
 11
2683.397976245268
 21
5712.218861430242
 31
0.0
  0
LINE
  5
123
330
17
100
AcDbEntity
  8
Hachura
 62
7
370
25
100
AcDbLine
 10
2685.4324677815575
 20
5713.652320986181
 30
0.0
 11
2684.3010749678087
 21
5714.218017414495
 31
0.0
  0
LINE
  5
124
330
17
100
AcDbEntity
  8
Hachura
 62
7
370
25
100
AcDbLine
 10
2685.3327436097707
 20
5713.573198598257
 30
0.0
 11
2684.043106020178
 21
5714.218017414495
 31
0.0
  0
LINE
  5
125
330
17
100
AcDbEntity
  8
Hachura
 62
7
370
25
100
AcDbLine
 10
2683.718645686965
 20
5714.53886856677
 30
0.0
 11
2685.0084905966332
 21
5714.53886856677
 31
0.0
  0
LINE
  5
126
330
17
100
AcDbEntity
  8
Hachura
 62
7
370
25
100
AcDbLine
 10
2683.397976245268
 20
5713.895659825676
 30
0.0
 11
2685.3327436097707
 21
5712.928276143422
 31
0.0
  0
LINE
  5
127
330
17
100
AcDbEntity
  8
Hachura
 62
7
370
25
100
AcDbLine
 10
2685.3309518240503
 20
5714.216407317912
 30
0.0
 11
2683.396184459548
 21
5714.216407317912
 31
0.0
  0
LINE
  5
128
330
17
100
AcDbEntity
  8
Hachura
 62
7
370
25
100
AcDbLine
 10
2689.926307101895
 20
5702.738501361337
 30
0.0
 11
2682.111645357264
 21
5702.738501361337
 31
0.0
  0
LINE
  5
129
330
17
100
AcDbEntity
  8
Hachura
 62
7
370
25
100
AcDbLine
 10
2686.106650581298
 20
5709.445694889466
 30
0.0
 11
2682.753053790434
 21
5709.445694889466
 31
0.0
  0
LINE
  5
12A
330
17
100
AcDbEntity
  8
Hachura
 62
7
370
25
100
AcDbLine
 10
2686.106650581298
 20
5709.377978032137
 30
0.0
 11
2682.753053790434
 21
5709.377978032137
 31
0.0
  0
LINE
  5
12B
330
17
100
AcDbEntity
  8
Hachura
 62
7
370
25
100
AcDbLine
 10
2682.4950848428025
 20
5706.221082615297
 30
0.0
 11
2686.3646195718075
 21
5706.221082615297
 31
0.0
  0
LINE
  5
12C
330
17
100
AcDbEntity
  8
Hachura
 62
7
370
25
100
AcDbLine
 10
2677.980627658966
 20
5703.641392795961
 30
0.0
 11
2690.8790767556447
 21
5703.641392795961
 31
0.0
  0
LINE
  5
12D
330
17
100
AcDbEntity
  8
Hachura
 62
7
370
25
100
AcDbLine
 10
2690.8790767556447
 20
5702.738501361337
 30
0.0
 11
2677.984169423359
 21
5702.738501361337
 31
0.0
  0
LINE
  5
12E
330
17
100
AcDbEntity
  8
Hachura
 62
7
370
25
100
AcDbLine
 10
2683.784929752471
 20
5709.445694889466
 30
0.0
 11
2683.784929752471
 21
5706.221082615297
 31
0.0
  0
LINE
  5
12F
330
17
100
AcDbEntity
  8
Hachura
 62
7
370
25
100
AcDbLine
 10
2682.753053790434
 20
5709.445694889466
 30
0.0
 11
2682.753053790434
 21
5706.221082615297
 31
0.0
  0
LINE
  5
130
330
17
100
AcDbEntity
  8
Hachura
 62
7
370
25
100
AcDbLine
 10
2684.429852207305
 20
5703.641392795961
 30
0.0
 11
2682.4950848428025
 21
5703.641392795961
 31
0.0
  0
LINE
  5
131
330
17
100
AcDbEntity
  8
Hachura
 62
7
370
25
100
AcDbLine
 10
2683.1400072976367
 20
5703.641392795961
 30
0.0
 11
2683.784929752471
 21
5703.641392795961
 31
0.0
  0
LINE
  5
132
330
17
100
AcDbEntity
  8
Hachura
 62
7
370
25
100
AcDbLine
 10
2684.424211844944
 20
5703.641392795961
 30
0.0
 11
2684.424211844944
 21
5702.738501361337
 31
0.0
  0
LINE
  5
133
330
17
100
AcDbEntity
  8
Hachura
 62
7
370
25
100
AcDbLine
 10
2684.117670153595
 20
5703.641392795961
 30
0.0
 11
2684.117670153595
 21
5705.640551985419
 31
0.0
  0
LINE
  5
134
330
17
100
AcDbEntity
  8
Hachura
 62
7
370
25
100
AcDbLine
 10
2684.6336081346144
 20
5705.640551985419
 30
0.0
 11
2684.6336081346144
 21
5703.641392795961
 31
0.0
  0
LINE
  5
135
330
17
100
AcDbEntity
  8
Hachura
 62
7
370
25
100
AcDbLine
 10
2681.389975583573
 20
5703.659667353028
 30
0.0
 11
2681.389975583573
 21
5702.732444677947
 31
0.0
  0
LINE
  5
136
330
17
100
AcDbEntity
  8
Hachura
 62
7
370
25
100
AcDbLine
 10
2683.470236574557
 20
5702.888547239259
 30
0.0
 11
2683.470236574557
 21
5703.321615044979
 31
0.0
  0
LINE
  5
137
330
17
100
AcDbEntity
  8
Hachura
 62
7
370
25
100
AcDbLine
 10
2682.4950848428025
 20
5703.641392795961
 30
0.0
 11
2682.4950848428025
 21
5706.221082615297
 31
0.0
  0
LINE
  5
138
330
17
100
AcDbEntity
  8
Hachura
 62
7
370
25
100
AcDbLine
 10
2683.470236574557
 20
5703.321615044979
 30
0.0
 11
2683.470236574557
 21
5703.533469694094
 31
0.0
  0
LINE
  5
139
330
17
100
AcDbEntity
  8
Hachura
 62
7
370
25
100
AcDbLine
 10
2677.984169423359
 20
5702.738501361337
 30
0.0
 11
2677.984169423359
 21
5707.875169943422
 31
0.0
  0
LINE
  5
13A
330
17
100
AcDbEntity
  8
Hachura
 62
7
370
25
100
AcDbLine
 10
2679.657426032959
 20
5707.897881000009
 30
0.0
 11
2680.2390861070135
 21
5705.687572682155
 31
0.0
  0
LINE
  5
13B
330
17
100
AcDbEntity
  8
Hachura
 62
7
370
25
100
AcDbLine
 10
2677.980627658966
 20
5707.897881000009
 30
0.0
 11
2679.657426032959
 21
5707.897881000009
 31
0.0
  0
LINE
  5
13C
330
17
100
AcDbEntity
  8
Hachura
 62
7
370
25
100
AcDbLine
 10
2680.5509301453867
 20
5705.447175675927
 30
0.0
 11
2682.4950848428025
 21
5705.447175675927
 31
0.0
  0
LINE
  5
13D
330
17
100
AcDbEntity
  8
Hachura
 62
7
370
25
100
AcDbLine
 10
2677.980627658966
 20
5703.641392795961
 30
0.0
 11
2683.1400072976367
 21
5703.641392795961
 31
0.0
  0
LINE
  5
13E
330
17
100
AcDbEntity
  8
Hachura
 62
7
370
25
100
AcDbLine
 10
2689.202278338774
 20
5707.897881000009
 30
0.0
 11
2688.6206182647193
 21
5705.687572682155
 31
0.0
  0
LINE
  5
13F
330
17
100
AcDbEntity
  8
Hachura
 62
7
370
25
100
AcDbLine
 10
2686.106650581298
 20
5706.221082615297
 30
0.0
 11
2686.106650581298
 21
5709.445694889466
 31
0.0
  0
LINE
  5
140
330
17
100
AcDbEntity
  8
Hachura
 62
7
370
25
100
AcDbLine
 10
2685.3327436097707
 20
5709.445694889466
 30
0.0
 11
2685.3327436097707
 21
5706.221082615297
 31
0.0
  0
LINE
  5
141
330
17
100
AcDbEntity
  8
Hachura
 62
7
370
25
100
AcDbLine
 10
2687.455990177783
 20
5703.659667353028
 30
0.0
 11
2687.455990177783
 21
5702.738501361337
 31
0.0
  0
LINE
  5
142
330
17
100
AcDbEntity
  8
Hachura
 62
7
370
25
100
AcDbLine
 10
2685.4050039390595
 20
5703.515091777141
 30
0.0
 11
2685.4050039390595
 21
5703.082023982142
 31
0.0
  0
LINE
  5
143
330
17
100
AcDbEntity
  8
Hachura
 62
7
370
25
100
AcDbLine
 10
2688.888243782648
 20
5703.659667353028
 30
0.0
 11
2688.888243782648
 21
5702.732444677947
 31
0.0
  0
LINE
  5
144
330
17
100
AcDbEntity
  8
Hachura
 62
7
370
25
100
AcDbLine
 10
2686.3646195718075
 20
5706.221082615297
 30
0.0
 11
2686.3646195718075
 21
5703.641392795961
 31
0.0
  0
LINE
  5
145
330
17
100
AcDbEntity
  8
Hachura
 62
7
370
25
100
AcDbLine
 10
2686.3646195718075
 20
5706.221082615297
 30
0.0
 11
2686.106650581298
 21
5706.221082615297
 31
0.0
  0
LINE
  5
146
330
17
100
AcDbEntity
  8
Hachura
 62
7
370
25
100
AcDbLine
 10
2686.3646195718075
 20
5706.221082615297
 30
0.0
 11
2686.106650581298
 21
5706.221082615297
 31
0.0
  0
LINE
  5
147
330
17
100
AcDbEntity
  8
Hachura
 62
7
370
25
100
AcDbLine
 10
2688.3087742263433
 20
5705.447175675927
 30
0.0
 11
2686.3607376481286
 21
5705.447175675927
 31
0.0
  0
LINE
  5
148
330
17
100
AcDbEntity
  8
Hachura
 62
7
370
25
100
AcDbLine
 10
2690.8790767556447
 20
5703.641392795961
 30
0.0
 11
2690.8790767556447
 21
5707.897881000009
 31
0.0
  0
LINE
  5
149
330
17
100
AcDbEntity
  8
Hachura
 62
7
370
25
100
AcDbLine
 10
2690.8790767556447
 20
5703.641392795961
 30
0.0
 11
2690.8790767556447
 21
5702.738501361337
 31
0.0
  0
LINE
  5
14A
330
17
100
AcDbEntity
  8
Hachura
 62
7
370
25
100
AcDbLine
 10
2689.73074569885
 20
5703.659667353028
 30
0.0
 11
2689.73074569885
 21
5702.732444677947
 31
0.0
  0
LINE
  5
14B
330
17
100
AcDbEntity
  8
Hachura
 62
7
370
25
100
AcDbLine
 10
2690.194121930709
 20
5703.659667353028
 30
0.0
 11
2690.194121930709
 21
5702.732444677947
 31
0.0
  0
LINE
  5
14C
330
17
100
AcDbEntity
  8
Hachura
 62
7
370
25
100
AcDbLine
 10
2690.5311226628864
 20
5703.659667353028
 30
0.0
 11
2690.5311226628864
 21
5702.732444677947
 31
0.0
  0
LINE
  5
14D
330
17
100
AcDbEntity
  8
Hachura
 62
7
370
25
100
AcDbLine
 10
2690.7417484099315
 20
5703.659667353028
 30
0.0
 11
2690.7417484099315
 21
5702.732444677947
 31
0.0
  0
LINE
  5
14E
330
17
100
AcDbEntity
  8
Hachura
 62
7
370
25
100
AcDbLine
 10
2690.8790767556447
 20
5707.897881000009
 30
0.0
 11
2689.202278338774
 21
5707.897881000009
 31
0.0
  0
LINE
  5
14F
330
17
100
AcDbEntity
  8
Hachura
 62
7
370
25
100
AcDbLine
 10
2684.5588366622596
 20
5709.445694889466
 30
0.0
 11
2683.2918901092944
 21
5710.079168172292
 31
0.0
  0
LINE
  5
150
330
17
100
AcDbEntity
  8
Hachura
 62
7
370
25
100
AcDbLine
 10
2684.300867684441
 20
5709.445694889466
 30
0.0
 11
2683.39797624167
 21
5709.897140610851
 31
0.0
  0
LINE
  5
151
330
17
100
AcDbEntity
  8
Hachura
 62
7
370
25
100
AcDbLine
 10
2683.3979762416693
 20
5709.445694889466
 30
0.0
 11
2683.3979762416693
 21
5709.897140610851
 31
0.0
  0
LINE
  5
152
330
17
100
AcDbEntity
  8
Hachura
 62
7
370
25
100
AcDbLine
 10
2679.975002396356
 20
5703.659667353028
 30
0.0
 11
2679.975002396356
 21
5702.732444677947
 31
0.0
  0
LINE
  5
153
330
17
100
AcDbEntity
  8
Hachura
 62
7
370
25
100
AcDbLine
 10
2679.132500480154
 20
5703.659667353028
 30
0.0
 11
2679.132500480154
 21
5702.732444677947
 31
0.0
  0
LINE
  5
154
330
17
100
AcDbEntity
  8
Hachura
 62
7
370
25
100
AcDbLine
 10
2678.669124248295
 20
5703.659667353028
 30
0.0
 11
2678.669124248295
 21
5702.732444677947
 31
0.0
  0
LINE
  5
155
330
17
100
AcDbEntity
  8
Hachura
 62
7
370
25
100
AcDbLine
 10
2678.3321235161175
 20
5703.659667353028
 30
0.0
 11
2678.3321235161175
 21
5702.732444677947
 31
0.0
  0
LINE
  5
156
330
17
100
AcDbEntity
  8
Hachura
 62
7
370
25
100
AcDbLine
 10
2678.1214977690724
 20
5703.659667353028
 30
0.0
 11
2678.1214977690724
 21
5702.732444677947
 31
0.0
  0
LINE
  5
157
330
17
100
AcDbEntity
  8
Hachura
 62
7
370
25
100
AcDbLine
 10
2683.3985985094364
 20
5578.742203389294
 30
0.0
 11
2683.3985985094364
 21
5578.09728093446
 31
0.0
  0
LINE
  5
158
330
17
100
AcDbEntity
  8
Hachura
 62
7
370
25
100
AcDbLine
 10
2683.3985985094364
 20
5577.58134297488
 30
0.0
 11
2685.333365873939
 21
5578.548726657134
 31
0.0
  0
LINE
  5
159
330
17
100
AcDbEntity
  8
Hachura
 62
7
370
25
100
AcDbLine
 10
2683.32591517859
 20
5577.673985815432
 30
0.0
 11
2685.491527936148
 21
5578.756792151333
 31
0.0
  0
LINE
  5
15A
330
17
100
AcDbEntity
  8
Hachura
 62
7
370
25
100
AcDbLine
 10
2685.4330900457257
 20
5578.98554222879
 30
0.0
 11
2683.2925123770606
 21
5577.9152533730185
 31
0.0
  0
LINE
  5
15B
330
17
100
AcDbEntity
  8
Hachura
 62
7
370
25
100
AcDbLine
 10
2685.333365873939
 20
5579.064664616709
 30
0.0
 11
2683.3985985094364
 21
5578.09728093446
 31
0.0
  0
LINE
  5
15C
330
17
100
AcDbEntity
  8
Hachura
 62
7
370
25
100
AcDbLine
 10
2685.333365873939
 20
5579.709587071543
 30
0.0
 11
2685.333365873939
 21
5579.064664616709
 31
0.0
  0
LINE
  5
15D
330
17
100
AcDbEntity
  8
Hachura
 62
7
370
25
100
AcDbLine
 10
2685.333365873939
 20
5581.386385456256
 30
0.0
 11
2685.333365873939
 21
5582.03130791109
 31
0.0
  0
LINE
  5
15E
330
17
100
AcDbEntity
  8
Hachura
 62
7
370
25
100
AcDbLine
 10
2685.333365873939
 20
5580.437379690961
 30
0.0
 11
2685.333365873939
 21
5580.225525041846
 31
0.0
  0
LINE
  5
15F
330
17
100
AcDbEntity
  8
Hachura
 62
7
370
25
100
AcDbLine
 10
2685.333365873939
 20
5580.437379690961
 30
0.0
 11
2685.333365873939
 21
5580.870447496675
 31
0.0
  0
LINE
  5
160
330
17
100
AcDbEntity
  8
Hachura
 62
7
370
25
100
AcDbLine
 10
2683.3985985094364
 20
5579.903063814426
 30
0.0
 11
2683.3985985094364
 21
5579.258141359592
 31
0.0
  0
LINE
  5
161
330
17
100
AcDbEntity
  8
Hachura
 62
7
370
25
100
AcDbLine
 10
2683.3985985094364
 20
5581.063924228841
 30
0.0
 11
2683.3985985094364
 21
5580.419001774007
 31
0.0
  0
LINE
  5
162
330
17
100
AcDbEntity
  8
Hachura
 62
7
370
25
100
AcDbLine
 10
2683.3985985094364
 20
5578.742203389294
 30
0.0
 11
2685.333365873939
 21
5579.709587071543
 31
0.0
  0
LINE
  5
163
330
17
100
AcDbEntity
  8
Hachura
 62
7
370
25
100
AcDbLine
 10
2683.32591517859
 20
5578.834846240564
 30
0.0
 11
2685.491527936148
 21
5579.917652576464
 31
0.0
  0
LINE
  5
164
330
17
100
AcDbEntity
  8
Hachura
 62
7
370
25
100
AcDbLine
 10
2685.4330900457257
 20
5580.1464026432
 30
0.0
 11
2683.2925123770606
 21
5579.076113798151
 31
0.0
  0
LINE
  5
165
330
17
100
AcDbEntity
  8
Hachura
 62
7
370
25
100
AcDbLine
 10
2685.333365873939
 20
5580.225525041846
 30
0.0
 11
2683.3985985094364
 21
5579.258141359592
 31
0.0
  0
LINE
  5
166
330
17
100
AcDbEntity
  8
Hachura
 62
7
370
25
100
AcDbLine
 10
2683.3985985094364
 20
5581.063924228841
 30
0.0
 11
2685.333365873939
 21
5582.03130791109
 31
0.0
  0
LINE
  5
167
330
17
100
AcDbEntity
  8
Hachura
 62
7
370
25
100
AcDbLine
 10
2683.3985985094364
 20
5579.903063814426
 30
0.0
 11
2685.333365873939
 21
5580.870447496675
 31
0.0
  0
LINE
  5
168
330
17
100
AcDbEntity
  8
Hachura
 62
7
370
25
100
AcDbLine
 10
2683.32591517859
 20
5579.995706654979
 30
0.0
 11
2685.491527936148
 21
5581.078512990879
 31
0.0
  0
LINE
  5
169
330
17
100
AcDbEntity
  8
Hachura
 62
7
370
25
100
AcDbLine
 10
2685.4330900457257
 20
5581.307263057614
 30
0.0
 11
2683.2925123770606
 21
5580.236974212565
 31
0.0
  0
LINE
  5
16A
330
17
100
AcDbEntity
  8
Hachura
 62
7
370
25
100
AcDbLine
 10
2685.333365873939
 20
5581.386385456256
 30
0.0
 11
2683.3985985094364
 21
5580.419001774007
 31
0.0
  0
LINE
  5
16B
330
17
100
AcDbEntity
  8
Hachura
 62
7
370
25
100
AcDbLine
 10
2685.075604203504
 20
5577.258985386061
 30
0.0
 11
2685.333365873939
 21
5577.387866242719
 31
0.0
  0
LINE
  5
16C
330
17
100
AcDbEntity
  8
Hachura
 62
7
370
25
100
AcDbLine
 10
2684.8176352129944
 20
5577.258985386061
 30
0.0
 11
2685.491527936148
 21
5577.59593174764
 31
0.0
  0
LINE
  5
16D
330
17
100
AcDbEntity
  8
Hachura
 62
7
370
25
100
AcDbLine
 10
2685.333365873939
 20
5577.387866242719
 30
0.0
 11
2685.333365873939
 21
5577.258985386061
 31
0.0
  0
LINE
  5
16E
330
17
100
AcDbEntity
  8
Hachura
 62
7
370
25
100
AcDbLine
 10
2685.3315740882185
 20
5577.260595482644
 30
0.0
 11
2685.0091128608015
 21
5576.938134233786
 31
0.0
  0
LINE
  5
16F
330
17
100
AcDbEntity
  8
Hachura
 62
7
370
25
100
AcDbLine
 10
2685.333365873939
 20
5577.903804202299
 30
0.0
 11
2685.333365873939
 21
5578.548726657134
 31
0.0
  0
LINE
  5
170
330
17
100
AcDbEntity
  8
Hachura
 62
7
370
25
100
AcDbLine
 10
2683.3985985094364
 20
5577.58134297488
 30
0.0
 11
2683.3985985094364
 21
5577.258985386061
 31
0.0
  0
LINE
  5
171
330
17
100
AcDbEntity
  8
Hachura
 62
7
370
25
100
AcDbLine
 10
2683.396721222945
 20
5577.260595461205
 30
0.0
 11
2683.396721222945
 21
5577.260672879279
 31
0.0
  0
LINE
  5
172
330
17
100
AcDbEntity
  8
Hachura
 62
7
370
25
100
AcDbLine
 10
2683.396721222945
 20
5577.260595461205
 30
0.0
 11
2683.719267951133
 21
5576.938134233786
 31
0.0
  0
LINE
  5
173
330
17
100
AcDbEntity
  8
Hachura
 62
7
370
25
100
AcDbLine
 10
2683.3985985094364
 20
5579.469996019429
 30
0.0
 11
2683.3985985094364
 21
5579.258141370314
 31
0.0
  0
LINE
  5
174
330
17
100
AcDbEntity
  8
Hachura
 62
7
370
25
100
AcDbLine
 10
2685.4330900457257
 20
5577.824681814375
 30
0.0
 11
2684.301697231977
 21
5577.258985386061
 31
0.0
  0
LINE
  5
175
330
17
100
AcDbEntity
  8
Hachura
 62
7
370
25
100
AcDbLine
 10
2685.333365873939
 20
5577.903804202299
 30
0.0
 11
2684.0437282843463
 21
5577.258985386061
 31
0.0
  0
LINE
  5
176
330
17
100
AcDbEntity
  8
Hachura
 62
7
370
25
100
AcDbLine
 10
2683.719267951133
 20
5576.938134233786
 30
0.0
 11
2685.0091128608015
 21
5576.938134233786
 31
0.0
  0
LINE
  5
177
330
17
100
AcDbEntity
  8
Hachura
 62
7
370
25
100
AcDbLine
 10
2683.3985985094364
 20
5577.58134297488
 30
0.0
 11
2685.333365873939
 21
5578.548726657134
 31
0.0
  0
LINE
  5
178
330
17
100
AcDbEntity
  8
Hachura
 62
7
370
25
100
AcDbLine
 10
2685.3315740882185
 20
5577.260595482644
 30
0.0
 11
2683.396806723716
 21
5577.260595482644
 31
0.0
  0
LINE
  5
179
330
17
100
AcDbEntity
  8
Hachura
 62
7
370
25
100
AcDbLine
 10
2689.926929366063
 20
5588.738501439219
 30
0.0
 11
2682.1122676214322
 21
5588.738501439219
 31
0.0
  0
LINE
  5
17A
330
17
100
AcDbEntity
  8
Hachura
 62
7
370
25
100
AcDbLine
 10
2686.107272845466
 20
5582.03130791109
 30
0.0
 11
2682.7536760546022
 21
5582.03130791109
 31
0.0
  0
LINE
  5
17B
330
17
100
AcDbEntity
  8
Hachura
 62
7
370
25
100
AcDbLine
 10
2686.107272845466
 20
5582.0990247684185
 30
0.0
 11
2682.7536760546022
 21
5582.0990247684185
 31
0.0
  0
LINE
  5
17C
330
17
100
AcDbEntity
  8
Hachura
 62
7
370
25
100
AcDbLine
 10
2682.4957071069707
 20
5585.255920185259
 30
0.0
 11
2686.3652418359757
 21
5585.255920185259
 31
0.0
  0
LINE
  5
17D
330
17
100
AcDbEntity
  8
Hachura
 62
7
370
25
100
AcDbLine
 10
2677.9812499231343
 20
5587.835610004595
 30
0.0
 11
2690.879699019813
 21
5587.835610004595
 31
0.0
  0
LINE
  5
17E
330
17
100
AcDbEntity
  8
Hachura
 62
7
370
25
100
AcDbLine
 10
2690.879699019813
 20
5588.738501439219
 30
0.0
 11
2677.9847916875274
 21
5588.738501439219
 31
0.0
  0
LINE
  5
17F
330
17
100
AcDbEntity
  8
Hachura
 62
7
370
25
100
AcDbLine
 10
2683.785552016639
 20
5582.03130791109
 30
0.0
 11
2683.785552016639
 21
5585.255920185259
 31
0.0
  0
LINE
  5
180
330
17
100
AcDbEntity
  8
Hachura
 62
7
370
25
100
AcDbLine
 10
2682.7536760546022
 20
5582.03130791109
 30
0.0
 11
2682.7536760546022
 21
5585.255920185259
 31
0.0
  0
LINE
  5
181
330
17
100
AcDbEntity
  8
Hachura
 62
7
370
25
100
AcDbLine
 10
2684.430474471473
 20
5587.835610004595
 30
0.0
 11
2682.4957071069707
 21
5587.835610004595
 31
0.0
  0
LINE
  5
182
330
17
100
AcDbEntity
  8
Hachura
 62
7
370
25
100
AcDbLine
 10
2683.140629561805
 20
5587.835610004595
 30
0.0
 11
2683.785552016639
 21
5587.835610004595
 31
0.0
  0
LINE
  5
183
330
17
100
AcDbEntity
  8
Hachura
 62
7
370
25
100
AcDbLine
 10
2684.424834109112
 20
5587.835610004595
 30
0.0
 11
2684.424834109112
 21
5588.738501439219
 31
0.0
  0
LINE
  5
184
330
17
100
AcDbEntity
  8
Hachura
 62
7
370
25
100
AcDbLine
 10
2684.1182924177633
 20
5587.835610004595
 30
0.0
 11
2684.1182924177633
 21
5585.836450815137
 31
0.0
  0
LINE
  5
185
330
17
100
AcDbEntity
  8
Hachura
 62
7
370
25
100
AcDbLine
 10
2684.6342303987826
 20
5585.836450815137
 30
0.0
 11
2684.6342303987826
 21
5587.835610004595
 31
0.0
  0
LINE
  5
186
330
17
100
AcDbEntity
  8
Hachura
 62
7
370
25
100
AcDbLine
 10
2681.390597847741
 20
5587.8173354475275
 30
0.0
 11
2681.390597847741
 21
5588.744558122609
 31
0.0
  0
LINE
  5
187
330
17
100
AcDbEntity
  8
Hachura
 62
7
370
25
100
AcDbLine
 10
2683.4708588387252
 20
5588.5884555612965
 30
0.0
 11
2683.4708588387252
 21
5588.155387755577
 31
0.0
  0
LINE
  5
188
330
17
100
AcDbEntity
  8
Hachura
 62
7
370
25
100
AcDbLine
 10
2682.4957071069707
 20
5587.835610004595
 30
0.0
 11
2682.4957071069707
 21
5585.255920185259
 31
0.0
  0
LINE
  5
189
330
17
100
AcDbEntity
  8
Hachura
 62
7
370
25
100
AcDbLine
 10
2683.4708588387252
 20
5588.155387755577
 30
0.0
 11
2683.4708588387252
 21
5587.943533106462
 31
0.0
  0
LINE
  5
18A
330
17
100
AcDbEntity
  8
Hachura
 62
7
370
25
100
AcDbLine
 10
2677.9847916875274
 20
5588.738501439219
 30
0.0
 11
2677.9847916875274
 21
5583.601832857134
 31
0.0
  0
LINE
  5
18B
330
17
100
AcDbEntity
  8
Hachura
 62
7
370
25
100
AcDbLine
 10
2679.658048297127
 20
5583.579121800547
 30
0.0
 11
2680.2397083711817
 21
5585.789430118401
 31
0.0
  0
LINE
  5
18C
330
17
100
AcDbEntity
  8
Hachura
 62
7
370
25
100
AcDbLine
 10
2677.9812499231343
 20
5583.579121800547
 30
0.0
 11
2679.658048297127
 21
5583.579121800547
 31
0.0
  0
LINE
  5
18D
330
17
100
AcDbEntity
  8
Hachura
 62
7
370
25
100
AcDbLine
 10
2680.551552409555
 20
5586.029827124629
 30
0.0
 11
2682.4957071069707
 21
5586.029827124629
 31
0.0
  0
LINE
  5
18E
330
17
100
AcDbEntity
  8
Hachura
 62
7
370
25
100
AcDbLine
 10
2677.9812499231343
 20
5587.835610004595
 30
0.0
 11
2683.140629561805
 21
5587.835610004595
 31
0.0
  0
LINE
  5
18F
330
17
100
AcDbEntity
  8
Hachura
 62
7
370
25
100
AcDbLine
 10
2689.202900602942
 20
5583.579121800547
 30
0.0
 11
2688.6212405288875
 21
5585.789430118401
 31
0.0
  0
LINE
  5
190
330
17
100
AcDbEntity
  8
Hachura
 62
7
370
25
100
AcDbLine
 10
2686.107272845466
 20
5585.255920185259
 30
0.0
 11
2686.107272845466
 21
5582.03130791109
 31
0.0
  0
LINE
  5
191
330
17
100
AcDbEntity
  8
Hachura
 62
7
370
25
100
AcDbLine
 10
2685.333365873939
 20
5582.03130791109
 30
0.0
 11
2685.333365873939
 21
5585.255920185259
 31
0.0
  0
LINE
  5
192
330
17
100
AcDbEntity
  8
Hachura
 62
7
370
25
100
AcDbLine
 10
2687.456612441951
 20
5587.8173354475275
 30
0.0
 11
2687.456612441951
 21
5588.738501439219
 31
0.0
  0
LINE
  5
193
330
17
100
AcDbEntity
  8
Hachura
 62
7
370
25
100
AcDbLine
 10
2685.4056262032277
 20
5587.961911023415
 30
0.0
 11
2685.4056262032277
 21
5588.394978818414
 31
0.0
  0
LINE
  5
194
330
17
100
AcDbEntity
  8
Hachura
 62
7
370
25
100
AcDbLine
 10
2688.888866046816
 20
5587.8173354475275
 30
0.0
 11
2688.888866046816
 21
5588.744558122609
 31
0.0
  0
LINE
  5
195
330
17
100
AcDbEntity
  8
Hachura
 62
7
370
25
100
AcDbLine
 10
2686.3652418359757
 20
5585.255920185259
 30
0.0
 11
2686.3652418359757
 21
5587.835610004595
 31
0.0
  0
LINE
  5
196
330
17
100
AcDbEntity
  8
Hachura
 62
7
370
25
100
AcDbLine
 10
2686.3652418359757
 20
5585.255920185259
 30
0.0
 11
2686.107272845466
 21
5585.255920185259
 31
0.0
  0
LINE
  5
197
330
17
100
AcDbEntity
  8
Hachura
 62
7
370
25
100
AcDbLine
 10
2686.3652418359757
 20
5585.255920185259
 30
0.0
 11
2686.107272845466
 21
5585.255920185259
 31
0.0
  0
LINE
  5
198
330
17
100
AcDbEntity
  8
Hachura
 62
7
370
25
100
AcDbLine
 10
2688.3093964905115
 20
5586.029827124629
 30
0.0
 11
2686.361359912297
 21
5586.029827124629
 31
0.0
  0
LINE
  5
199
330
17
100
AcDbEntity
  8
Hachura
 62
7
370
25
100
AcDbLine
 10
2690.879699019813
 20
5587.835610004595
 30
0.0
 11
2690.879699019813
 21
5583.579121800547
 31
0.0
  0
LINE
  5
19A
330
17
100
AcDbEntity
  8
Hachura
 62
7
370
25
100
AcDbLine
 10
2690.879699019813
 20
5587.835610004595
 30
0.0
 11
2690.879699019813
 21
5588.738501439219
 31
0.0
  0
LINE
  5
19B
330
17
100
AcDbEntity
  8
Hachura
 62
7
370
25
100
AcDbLine
 10
2689.7313679630183
 20
5587.8173354475275
 30
0.0
 11
2689.7313679630183
 21
5588.744558122609
 31
0.0
  0
LINE
  5
19C
330
17
100
AcDbEntity
  8
Hachura
 62
7
370
25
100
AcDbLine
 10
2690.1947441948773
 20
5587.8173354475275
 30
0.0
 11
2690.1947441948773
 21
5588.744558122609
 31
0.0
  0
LINE
  5
19D
330
17
100
AcDbEntity
  8
Hachura
 62
7
370
25
100
AcDbLine
 10
2690.5317449270547
 20
5587.8173354475275
 30
0.0
 11
2690.5317449270547
 21
5588.744558122609
 31
0.0
  0
LINE
  5
19E
330
17
100
AcDbEntity
  8
Hachura
 62
7
370
25
100
AcDbLine
 10
2690.7423706740997
 20
5587.8173354475275
 30
0.0
 11
2690.7423706740997
 21
5588.744558122609
 31
0.0
  0
LINE
  5
19F
330
17
100
AcDbEntity
  8
Hachura
 62
7
370
25
100
AcDbLine
 10
2690.879699019813
 20
5583.579121800547
 30
0.0
 11
2689.202900602942
 21
5583.579121800547
 31
0.0
  0
LINE
  5
1A0
330
17
100
AcDbEntity
  8
Hachura
 62
7
370
25
100
AcDbLine
 10
2684.559458926428
 20
5582.03130791109
 30
0.0
 11
2683.2925123734626
 21
5581.397834628264
 31
0.0
  0
LINE
  5
1A1
330
17
100
AcDbEntity
  8
Hachura
 62
7
370
25
100
AcDbLine
 10
2684.3014899486093
 20
5582.03130791109
 30
0.0
 11
2683.3985985058384
 21
5581.579862189705
 31
0.0
  0
LINE
  5
1A2
330
17
100
AcDbEntity
  8
Hachura
 62
7
370
25
100
AcDbLine
 10
2683.3985985058375
 20
5582.03130791109
 30
0.0
 11
2683.3985985058375
 21
5581.579862189705
 31
0.0
  0
LINE
  5
1A3
330
17
100
AcDbEntity
  8
Hachura
 62
7
370
25
100
AcDbLine
 10
2679.9756246605243
 20
5587.8173354475275
 30
0.0
 11
2679.9756246605243
 21
5588.744558122609
 31
0.0
  0
LINE
  5
1A4
330
17
100
AcDbEntity
  8
Hachura
 62
7
370
25
100
AcDbLine
 10
2679.133122744322
 20
5587.8173354475275
 30
0.0
 11
2679.133122744322
 21
5588.744558122609
 31
0.0
  0
LINE
  5
1A5
330
17
100
AcDbEntity
  8
Hachura
 62
7
370
25
100
AcDbLine
 10
2678.669746512463
 20
5587.8173354475275
 30
0.0
 11
2678.669746512463
 21
5588.744558122609
 31
0.0
  0
LINE
  5
1A6
330
17
100
AcDbEntity
  8
Hachura
 62
7
370
25
100
AcDbLine
 10
2678.3327457802857
 20
5587.8173354475275
 30
0.0
 11
2678.3327457802857
 21
5588.744558122609
 31
0.0
  0
LINE
  5
1A7
330
17
100
AcDbEntity
  8
Hachura
 62
7
370
25
100
AcDbLine
 10
2678.1221200332407
 20
5587.8173354475275
 30
0.0
 11
2678.1221200332407
 21
5588.744558122609
 31
0.0
  0
LINE
  5
1A8
330
17
100
AcDbEntity
  8
Hachura
 62
7
370
25
100
AcDbLine
 10
2684.431362672793
 20
5713.53886856674
 30
0.0
 11
2684.422821461947
 21
5581.738501439218
 31
0.0
  0
LINE
  5
1A9
330
17
100
AcDbEntity
  8
Hachura
 62
7
370
25
100
AcDbLine
 10
2787.398282218727
 20
5712.7347994112615
 30
0.0
 11
2787.398282218727
 21
5713.379721866096
 31
0.0
  0
LINE
  5
1AA
330
17
100
AcDbEntity
  8
Hachura
 62
7
370
25
100
AcDbLine
 10
2787.398282218727
 20
5713.895659825676
 30
0.0
 11
2789.3330495832297
 21
5712.928276143422
 31
0.0
  0
LINE
  5
1AB
330
17
100
AcDbEntity
  8
Hachura
 62
7
370
25
100
AcDbLine
 10
2787.325598887881
 20
5713.803016985124
 30
0.0
 11
2789.491211645439
 21
5712.720210649223
 31
0.0
  0
LINE
  5
1AC
330
17
100
AcDbEntity
  8
Hachura
 62
7
370
25
100
AcDbLine
 10
2789.4327737550166
 20
5712.491460571766
 30
0.0
 11
2787.2921960863514
 21
5713.5617494275375
 31
0.0
  0
LINE
  5
1AD
330
17
100
AcDbEntity
  8
Hachura
 62
7
370
25
100
AcDbLine
 10
2789.3330495832297
 20
5712.412338183847
 30
0.0
 11
2787.398282218727
 21
5713.379721866096
 31
0.0
  0
LINE
  5
1AE
330
17
100
AcDbEntity
  8
Hachura
 62
7
370
25
100
AcDbLine
 10
2789.3330495832297
 20
5711.767415729013
 30
0.0
 11
2789.3330495832297
 21
5712.412338183847
 31
0.0
  0
LINE
  5
1AF
330
17
100
AcDbEntity
  8
Hachura
 62
7
370
25
100
AcDbLine
 10
2789.3330495832297
 20
5710.0906173443
 30
0.0
 11
2789.3330495832297
 21
5709.445694889466
 31
0.0
  0
LINE
  5
1B0
330
17
100
AcDbEntity
  8
Hachura
 62
7
370
25
100
AcDbLine
 10
2789.3330495832297
 20
5711.039623109595
 30
0.0
 11
2789.3330495832297
 21
5711.25147775871
 31
0.0
  0
LINE
  5
1B1
330
17
100
AcDbEntity
  8
Hachura
 62
7
370
25
100
AcDbLine
 10
2789.3330495832297
 20
5711.039623109595
 30
0.0
 11
2789.3330495832297
 21
5710.606555303881
 31
0.0
  0
LINE
  5
1B2
330
17
100
AcDbEntity
  8
Hachura
 62
7
370
25
100
AcDbLine
 10
2787.398282218727
 20
5711.57393898613
 30
0.0
 11
2787.398282218727
 21
5712.218861440964
 31
0.0
  0
LINE
  5
1B3
330
17
100
AcDbEntity
  8
Hachura
 62
7
370
25
100
AcDbLine
 10
2787.398282218727
 20
5710.413078571715
 30
0.0
 11
2787.398282218727
 21
5711.058001026549
 31
0.0
  0
LINE
  5
1B4
330
17
100
AcDbEntity
  8
Hachura
 62
7
370
25
100
AcDbLine
 10
2787.398282218727
 20
5712.7347994112615
 30
0.0
 11
2789.3330495832297
 21
5711.767415729013
 31
0.0
  0
LINE
  5
1B5
330
17
100
AcDbEntity
  8
Hachura
 62
7
370
25
100
AcDbLine
 10
2787.325598887881
 20
5712.642156559992
 30
0.0
 11
2789.491211645439
 21
5711.559350224092
 31
0.0
  0
LINE
  5
1B6
330
17
100
AcDbEntity
  8
Hachura
 62
7
370
25
100
AcDbLine
 10
2789.4327737550166
 20
5711.330600157356
 30
0.0
 11
2787.2921960863514
 21
5712.400889002405
 31
0.0
  0
LINE
  5
1B7
330
17
100
AcDbEntity
  8
Hachura
 62
7
370
25
100
AcDbLine
 10
2789.3330495832297
 20
5711.25147775871
 30
0.0
 11
2787.398282218727
 21
5712.218861440964
 31
0.0
  0
LINE
  5
1B8
330
17
100
AcDbEntity
  8
Hachura
 62
7
370
25
100
AcDbLine
 10
2787.398282218727
 20
5710.413078571715
 30
0.0
 11
2789.3330495832297
 21
5709.445694889466
 31
0.0
  0
LINE
  5
1B9
330
17
100
AcDbEntity
  8
Hachura
 62
7
370
25
100
AcDbLine
 10
2787.398282218727
 20
5711.57393898613
 30
0.0
 11
2789.3330495832297
 21
5710.606555303881
 31
0.0
  0
LINE
  5
1BA
330
17
100
AcDbEntity
  8
Hachura
 62
7
370
25
100
AcDbLine
 10
2787.325598887881
 20
5711.481296145577
 30
0.0
 11
2789.491211645439
 21
5710.398489809677
 31
0.0
  0
LINE
  5
1BB
330
17
100
AcDbEntity
  8
Hachura
 62
7
370
25
100
AcDbLine
 10
2789.4327737550166
 20
5710.169739742942
 30
0.0
 11
2787.2921960863514
 21
5711.240028587991
 31
0.0
  0
LINE
  5
1BC
330
17
100
AcDbEntity
  8
Hachura
 62
7
370
25
100
AcDbLine
 10
2789.3330495832297
 20
5710.0906173443
 30
0.0
 11
2787.398282218727
 21
5711.058001026549
 31
0.0
  0
LINE
  5
1BD
330
17
100
AcDbEntity
  8
Hachura
 62
7
370
25
100
AcDbLine
 10
2789.075287912795
 20
5714.218017414495
 30
0.0
 11
2789.3330495832297
 21
5714.089136557837
 31
0.0
  0
LINE
  5
1BE
330
17
100
AcDbEntity
  8
Hachura
 62
7
370
25
100
AcDbLine
 10
2788.8173189222853
 20
5714.218017414495
 30
0.0
 11
2789.491211645439
 21
5713.881071052916
 31
0.0
  0
LINE
  5
1BF
330
17
100
AcDbEntity
  8
Hachura
 62
7
370
25
100
AcDbLine
 10
2789.3330495832297
 20
5714.089136557837
 30
0.0
 11
2789.3330495832297
 21
5714.218017414495
 31
0.0
  0
LINE
  5
1C0
330
17
100
AcDbEntity
  8
Hachura
 62
7
370
25
100
AcDbLine
 10
2789.3312577975094
 20
5714.216407317912
 30
0.0
 11
2789.0087965700923
 21
5714.53886856677
 31
0.0
  0
LINE
  5
1C1
330
17
100
AcDbEntity
  8
Hachura
 62
7
370
25
100
AcDbLine
 10
2789.3330495832297
 20
5713.573198598257
 30
0.0
 11
2789.3330495832297
 21
5712.928276143422
 31
0.0
  0
LINE
  5
1C2
330
17
100
AcDbEntity
  8
Hachura
 62
7
370
25
100
AcDbLine
 10
2787.398282218727
 20
5713.895659825676
 30
0.0
 11
2787.398282218727
 21
5714.218017414495
 31
0.0
  0
LINE
  5
1C3
330
17
100
AcDbEntity
  8
Hachura
 62
7
370
25
100
AcDbLine
 10
2787.396404932236
 20
5714.216407339351
 30
0.0
 11
2787.396404932236
 21
5714.216329921277
 31
0.0
  0
LINE
  5
1C4
330
17
100
AcDbEntity
  8
Hachura
 62
7
370
25
100
AcDbLine
 10
2787.396404932236
 20
5714.216407339351
 30
0.0
 11
2787.718951660424
 21
5714.53886856677
 31
0.0
  0
LINE
  5
1C5
330
17
100
AcDbEntity
  8
Hachura
 62
7
370
25
100
AcDbLine
 10
2787.398282218727
 20
5712.007006781127
 30
0.0
 11
2787.398282218727
 21
5712.218861430242
 31
0.0
  0
LINE
  5
1C6
330
17
100
AcDbEntity
  8
Hachura
 62
7
370
25
100
AcDbLine
 10
2789.4327737550166
 20
5713.652320986181
 30
0.0
 11
2788.301380941268
 21
5714.218017414495
 31
0.0
  0
LINE
  5
1C7
330
17
100
AcDbEntity
  8
Hachura
 62
7
370
25
100
AcDbLine
 10
2789.3330495832297
 20
5713.573198598257
 30
0.0
 11
2788.043411993637
 21
5714.218017414495
 31
0.0
  0
LINE
  5
1C8
330
17
100
AcDbEntity
  8
Hachura
 62
7
370
25
100
AcDbLine
 10
2787.718951660424
 20
5714.53886856677
 30
0.0
 11
2789.0087965700923
 21
5714.53886856677
 31
0.0
  0
LINE
  5
1C9
330
17
100
AcDbEntity
  8
Hachura
 62
7
370
25
100
AcDbLine
 10
2787.398282218727
 20
5713.895659825676
 30
0.0
 11
2789.3330495832297
 21
5712.928276143422
 31
0.0
  0
LINE
  5
1CA
330
17
100
AcDbEntity
  8
Hachura
 62
7
370
25
100
AcDbLine
 10
2789.3312577975094
 20
5714.216407317912
 30
0.0
 11
2787.396490433007
 21
5714.216407317912
 31
0.0
  0
LINE
  5
1CB
330
17
100
AcDbEntity
  8
Hachura
 62
7
370
25
100
AcDbLine
 10
2793.926613075354
 20
5702.738501361337
 30
0.0
 11
2786.111951330723
 21
5702.738501361337
 31
0.0
  0
LINE
  5
1CC
330
17
100
AcDbEntity
  8
Hachura
 62
7
370
25
100
AcDbLine
 10
2790.106956554757
 20
5709.445694889466
 30
0.0
 11
2786.753359763893
 21
5709.445694889466
 31
0.0
  0
LINE
  5
1CD
330
17
100
AcDbEntity
  8
Hachura
 62
7
370
25
100
AcDbLine
 10
2790.106956554757
 20
5709.377978032137
 30
0.0
 11
2786.753359763893
 21
5709.377978032137
 31
0.0
  0
LINE
  5
1CE
330
17
100
AcDbEntity
  8
Hachura
 62
7
370
25
100
AcDbLine
 10
2786.4953908162615
 20
5706.221082615297
 30
0.0
 11
2790.3649255452665
 21
5706.221082615297
 31
0.0
  0
LINE
  5
1CF
330
17
100
AcDbEntity
  8
Hachura
 62
7
370
25
100
AcDbLine
 10
2781.980933632425
 20
5703.641392795961
 30
0.0
 11
2794.879382729104
 21
5703.641392795961
 31
0.0
  0
LINE
  5
1D0
330
17
100
AcDbEntity
  8
Hachura
 62
7
370
25
100
AcDbLine
 10
2794.879382729104
 20
5702.738501361337
 30
0.0
 11
2781.984475396818
 21
5702.738501361337
 31
0.0
  0
LINE
  5
1D1
330
17
100
AcDbEntity
  8
Hachura
 62
7
370
25
100
AcDbLine
 10
2787.78523572593
 20
5709.445694889466
 30
0.0
 11
2787.78523572593
 21
5706.221082615297
 31
0.0
  0
LINE
  5
1D2
330
17
100
AcDbEntity
  8
Hachura
 62
7
370
25
100
AcDbLine
 10
2786.753359763893
 20
5709.445694889466
 30
0.0
 11
2786.753359763893
 21
5706.221082615297
 31
0.0
  0
LINE
  5
1D3
330
17
100
AcDbEntity
  8
Hachura
 62
7
370
25
100
AcDbLine
 10
2788.430158180764
 20
5703.641392795961
 30
0.0
 11
2786.4953908162615
 21
5703.641392795961
 31
0.0
  0
LINE
  5
1D4
330
17
100
AcDbEntity
  8
Hachura
 62
7
370
25
100
AcDbLine
 10
2787.1403132710957
 20
5703.641392795961
 30
0.0
 11
2787.78523572593
 21
5703.641392795961
 31
0.0
  0
LINE
  5
1D5
330
17
100
AcDbEntity
  8
Hachura
 62
7
370
25
100
AcDbLine
 10
2788.424517818403
 20
5703.641392795961
 30
0.0
 11
2788.424517818403
 21
5702.738501361337
 31
0.0
  0
LINE
  5
1D6
330
17
100
AcDbEntity
  8
Hachura
 62
7
370
25
100
AcDbLine
 10
2788.117976127054
 20
5703.641392795961
 30
0.0
 11
2788.117976127054
 21
5705.640551985419
 31
0.0
  0
LINE
  5
1D7
330
17
100
AcDbEntity
  8
Hachura
 62
7
370
25
100
AcDbLine
 10
2788.6339141080734
 20
5705.640551985419
 30
0.0
 11
2788.6339141080734
 21
5703.641392795961
 31
0.0
  0
LINE
  5
1D8
330
17
100
AcDbEntity
  8
Hachura
 62
7
370
25
100
AcDbLine
 10
2785.390281557032
 20
5703.659667353028
 30
0.0
 11
2785.390281557032
 21
5702.732444677947
 31
0.0
  0
LINE
  5
1D9
330
17
100
AcDbEntity
  8
Hachura
 62
7
370
25
100
AcDbLine
 10
2787.470542548016
 20
5702.888547239259
 30
0.0
 11
2787.470542548016
 21
5703.321615044979
 31
0.0
  0
LINE
  5
1DA
330
17
100
AcDbEntity
  8
Hachura
 62
7
370
25
100
AcDbLine
 10
2786.4953908162615
 20
5703.641392795961
 30
0.0
 11
2786.4953908162615
 21
5706.221082615297
 31
0.0
  0
LINE
  5
1DB
330
17
100
AcDbEntity
  8
Hachura
 62
7
370
25
100
AcDbLine
 10
2787.470542548016
 20
5703.321615044979
 30
0.0
 11
2787.470542548016
 21
5703.533469694094
 31
0.0
  0
LINE
  5
1DC
330
17
100
AcDbEntity
  8
Hachura
 62
7
370
25
100
AcDbLine
 10
2781.984475396818
 20
5702.738501361337
 30
0.0
 11
2781.984475396818
 21
5707.875169943422
 31
0.0
  0
LINE
  5
1DD
330
17
100
AcDbEntity
  8
Hachura
 62
7
370
25
100
AcDbLine
 10
2783.657732006418
 20
5707.897881000009
 30
0.0
 11
2784.2393920804725
 21
5705.687572682155
 31
0.0
  0
LINE
  5
1DE
330
17
100
AcDbEntity
  8
Hachura
 62
7
370
25
100
AcDbLine
 10
2781.980933632425
 20
5707.897881000009
 30
0.0
 11
2783.657732006418
 21
5707.897881000009
 31
0.0
  0
LINE
  5
1DF
330
17
100
AcDbEntity
  8
Hachura
 62
7
370
25
100
AcDbLine
 10
2784.5512361188457
 20
5705.447175675927
 30
0.0
 11
2786.4953908162615
 21
5705.447175675927
 31
0.0
  0
LINE
  5
1E0
330
17
100
AcDbEntity
  8
Hachura
 62
7
370
25
100
AcDbLine
 10
2781.980933632425
 20
5703.641392795961
 30
0.0
 11
2787.1403132710957
 21
5703.641392795961
 31
0.0
  0
LINE
  5
1E1
330
17
100
AcDbEntity
  8
Hachura
 62
7
370
25
100
AcDbLine
 10
2793.202584312233
 20
5707.897881000009
 30
0.0
 11
2792.6209242381783
 21
5705.687572682155
 31
0.0
  0
LINE
  5
1E2
330
17
100
AcDbEntity
  8
Hachura
 62
7
370
25
100
AcDbLine
 10
2790.106956554757
 20
5706.221082615297
 30
0.0
 11
2790.106956554757
 21
5709.445694889466
 31
0.0
  0
LINE
  5
1E3
330
17
100
AcDbEntity
  8
Hachura
 62
7
370
25
100
AcDbLine
 10
2789.3330495832297
 20
5709.445694889466
 30
0.0
 11
2789.3330495832297
 21
5706.221082615297
 31
0.0
  0
LINE
  5
1E4
330
17
100
AcDbEntity
  8
Hachura
 62
7
370
25
100
AcDbLine
 10
2791.456296151242
 20
5703.659667353028
 30
0.0
 11
2791.456296151242
 21
5702.738501361337
 31
0.0
  0
LINE
  5
1E5
330
17
100
AcDbEntity
  8
Hachura
 62
7
370
25
100
AcDbLine
 10
2789.4053099125185
 20
5703.515091777141
 30
0.0
 11
2789.4053099125185
 21
5703.082023982142
 31
0.0
  0
LINE
  5
1E6
330
17
100
AcDbEntity
  8
Hachura
 62
7
370
25
100
AcDbLine
 10
2792.888549756107
 20
5703.659667353028
 30
0.0
 11
2792.888549756107
 21
5702.732444677947
 31
0.0
  0
LINE
  5
1E7
330
17
100
AcDbEntity
  8
Hachura
 62
7
370
25
100
AcDbLine
 10
2790.3649255452665
 20
5706.221082615297
 30
0.0
 11
2790.3649255452665
 21
5703.641392795961
 31
0.0
  0
LINE
  5
1E8
330
17
100
AcDbEntity
  8
Hachura
 62
7
370
25
100
AcDbLine
 10
2790.3649255452665
 20
5706.221082615297
 30
0.0
 11
2790.106956554757
 21
5706.221082615297
 31
0.0
  0
LINE
  5
1E9
330
17
100
AcDbEntity
  8
Hachura
 62
7
370
25
100
AcDbLine
 10
2790.3649255452665
 20
5706.221082615297
 30
0.0
 11
2790.106956554757
 21
5706.221082615297
 31
0.0
  0
LINE
  5
1EA
330
17
100
AcDbEntity
  8
Hachura
 62
7
370
25
100
AcDbLine
 10
2792.3090801998023
 20
5705.447175675927
 30
0.0
 11
2790.3610436215877
 21
5705.447175675927
 31
0.0
  0
LINE
  5
1EB
330
17
100
AcDbEntity
  8
Hachura
 62
7
370
25
100
AcDbLine
 10
2794.879382729104
 20
5703.641392795961
 30
0.0
 11
2794.879382729104
 21
5707.897881000009
 31
0.0
  0
LINE
  5
1EC
330
17
100
AcDbEntity
  8
Hachura
 62
7
370
25
100
AcDbLine
 10
2794.879382729104
 20
5703.641392795961
 30
0.0
 11
2794.879382729104
 21
5702.738501361337
 31
0.0
  0
LINE
  5
1ED
330
17
100
AcDbEntity
  8
Hachura
 62
7
370
25
100
AcDbLine
 10
2793.731051672309
 20
5703.659667353028
 30
0.0
 11
2793.731051672309
 21
5702.732444677947
 31
0.0
  0
LINE
  5
1EE
330
17
100
AcDbEntity
  8
Hachura
 62
7
370
25
100
AcDbLine
 10
2794.194427904168
 20
5703.659667353028
 30
0.0
 11
2794.194427904168
 21
5702.732444677947
 31
0.0
  0
LINE
  5
1EF
330
17
100
AcDbEntity
  8
Hachura
 62
7
370
25
100
AcDbLine
 10
2794.5314286363455
 20
5703.659667353028
 30
0.0
 11
2794.5314286363455
 21
5702.732444677947
 31
0.0
  0
LINE
  5
1F0
330
17
100
AcDbEntity
  8
Hachura
 62
7
370
25
100
AcDbLine
 10
2794.7420543833905
 20
5703.659667353028
 30
0.0
 11
2794.7420543833905
 21
5702.732444677947
 31
0.0
  0
LINE
  5
1F1
330
17
100
AcDbEntity
  8
Hachura
 62
7
370
25
100
AcDbLine
 10
2794.879382729104
 20
5707.897881000009
 30
0.0
 11
2793.202584312233
 21
5707.897881000009
 31
0.0
  0
LINE
  5
1F2
330
17
100
AcDbEntity
  8
Hachura
 62
7
370
25
100
AcDbLine
 10
2788.5591426357187
 20
5709.445694889466
 30
0.0
 11
2787.2921960827534
 21
5710.079168172292
 31
0.0
  0
LINE
  5
1F3
330
17
100
AcDbEntity
  8
Hachura
 62
7
370
25
100
AcDbLine
 10
2788.3011736579
 20
5709.445694889466
 30
0.0
 11
2787.3982822151293
 21
5709.897140610851
 31
0.0
  0
LINE
  5
1F4
330
17
100
AcDbEntity
  8
Hachura
 62
7
370
25
100
AcDbLine
 10
2787.3982822151283
 20
5709.445694889466
 30
0.0
 11
2787.3982822151283
 21
5709.897140610851
 31
0.0
  0
LINE
  5
1F5
330
17
100
AcDbEntity
  8
Hachura
 62
7
370
25
100
AcDbLine
 10
2783.975308369815
 20
5703.659667353028
 30
0.0
 11
2783.975308369815
 21
5702.732444677947
 31
0.0
  0
LINE
  5
1F6
330
17
100
AcDbEntity
  8
Hachura
 62
7
370
25
100
AcDbLine
 10
2783.132806453613
 20
5703.659667353028
 30
0.0
 11
2783.132806453613
 21
5702.732444677947
 31
0.0
  0
LINE
  5
1F7
330
17
100
AcDbEntity
  8
Hachura
 62
7
370
25
100
AcDbLine
 10
2782.669430221754
 20
5703.659667353028
 30
0.0
 11
2782.669430221754
 21
5702.732444677947
 31
0.0
  0
LINE
  5
1F8
330
17
100
AcDbEntity
  8
Hachura
 62
7
370
25
100
AcDbLine
 10
2782.3324294895765
 20
5703.659667353028
 30
0.0
 11
2782.3324294895765
 21
5702.732444677947
 31
0.0
  0
LINE
  5
1F9
330
17
100
AcDbEntity
  8
Hachura
 62
7
370
25
100
AcDbLine
 10
2782.1218037425315
 20
5703.659667353028
 30
0.0
 11
2782.1218037425315
 21
5702.732444677947
 31
0.0
  0
LINE
  5
1FA
330
17
100
AcDbEntity
  8
Hachura
 62
7
370
25
100
AcDbLine
 10
2787.3989044828663
 20
5578.742203389294
 30
0.0
 11
2787.3989044828663
 21
5578.09728093446
 31
0.0
  0
LINE
  5
1FB
330
17
100
AcDbEntity
  8
Hachura
 62
7
370
25
100
AcDbLine
 10
2787.3989044828663
 20
5577.58134297488
 30
0.0
 11
2789.333671847369
 21
5578.548726657134
 31
0.0
  0
LINE
  5
1FC
330
17
100
AcDbEntity
  8
Hachura
 62
7
370
25
100
AcDbLine
 10
2787.32622115202
 20
5577.673985815432
 30
0.0
 11
2789.491833909578
 21
5578.756792151333
 31
0.0
  0
LINE
  5
1FD
330
17
100
AcDbEntity
  8
Hachura
 62
7
370
25
100
AcDbLine
 10
2789.4333960191557
 20
5578.98554222879
 30
0.0
 11
2787.2928183504905
 21
5577.9152533730185
 31
0.0
  0
LINE
  5
1FE
330
17
100
AcDbEntity
  8
Hachura
 62
7
370
25
100
AcDbLine
 10
2789.333671847369
 20
5579.064664616709
 30
0.0
 11
2787.3989044828663
 21
5578.09728093446
 31
0.0
  0
LINE
  5
1FF
330
17
100
AcDbEntity
  8
Hachura
 62
7
370
25
100
AcDbLine
 10
2789.333671847369
 20
5579.709587071543
 30
0.0
 11
2789.333671847369
 21
5579.064664616709
 31
0.0
  0
LINE
  5
200
330
17
100
AcDbEntity
  8
Hachura
 62
7
370
25
100
AcDbLine
 10
2789.333671847369
 20
5581.386385456256
 30
0.0
 11
2789.333671847369
 21
5582.03130791109
 31
0.0
  0
LINE
  5
201
330
17
100
AcDbEntity
  8
Hachura
 62
7
370
25
100
AcDbLine
 10
2789.333671847369
 20
5580.437379690961
 30
0.0
 11
2789.333671847369
 21
5580.225525041846
 31
0.0
  0
LINE
  5
202
330
17
100
AcDbEntity
  8
Hachura
 62
7
370
25
100
AcDbLine
 10
2789.333671847369
 20
5580.437379690961
 30
0.0
 11
2789.333671847369
 21
5580.870447496675
 31
0.0
  0
LINE
  5
203
330
17
100
AcDbEntity
  8
Hachura
 62
7
370
25
100
AcDbLine
 10
2787.3989044828663
 20
5579.903063814426
 30
0.0
 11
2787.3989044828663
 21
5579.258141359592
 31
0.0
  0
LINE
  5
204
330
17
100
AcDbEntity
  8
Hachura
 62
7
370
25
100
AcDbLine
 10
2787.3989044828663
 20
5581.063924228841
 30
0.0
 11
2787.3989044828663
 21
5580.419001774007
 31
0.0
  0
LINE
  5
205
330
17
100
AcDbEntity
  8
Hachura
 62
7
370
25
100
AcDbLine
 10
2787.3989044828663
 20
5578.742203389294
 30
0.0
 11
2789.333671847369
 21
5579.709587071543
 31
0.0
  0
LINE
  5
206
330
17
100
AcDbEntity
  8
Hachura
 62
7
370
25
100
AcDbLine
 10
2787.32622115202
 20
5578.834846240564
 30
0.0
 11
2789.491833909578
 21
5579.917652576464
 31
0.0
  0
LINE
  5
207
330
17
100
AcDbEntity
  8
Hachura
 62
7
370
25
100
AcDbLine
 10
2789.4333960191557
 20
5580.1464026432
 30
0.0
 11
2787.2928183504905
 21
5579.076113798151
 31
0.0
  0
LINE
  5
208
330
17
100
AcDbEntity
  8
Hachura
 62
7
370
25
100
AcDbLine
 10
2789.333671847369
 20
5580.225525041846
 30
0.0
 11
2787.3989044828663
 21
5579.258141359592
 31
0.0
  0
LINE
  5
209
330
17
100
AcDbEntity
  8
Hachura
 62
7
370
25
100
AcDbLine
 10
2787.3989044828663
 20
5581.063924228841
 30
0.0
 11
2789.333671847369
 21
5582.03130791109
 31
0.0
  0
LINE
  5
20A
330
17
100
AcDbEntity
  8
Hachura
 62
7
370
25
100
AcDbLine
 10
2787.3989044828663
 20
5579.903063814426
 30
0.0
 11
2789.333671847369
 21
5580.870447496675
 31
0.0
  0
LINE
  5
20B
330
17
100
AcDbEntity
  8
Hachura
 62
7
370
25
100
AcDbLine
 10
2787.32622115202
 20
5579.995706654979
 30
0.0
 11
2789.491833909578
 21
5581.078512990879
 31
0.0
  0
LINE
  5
20C
330
17
100
AcDbEntity
  8
Hachura
 62
7
370
25
100
AcDbLine
 10
2789.4333960191557
 20
5581.307263057614
 30
0.0
 11
2787.2928183504905
 21
5580.236974212565
 31
0.0
  0
LINE
  5
20D
330
17
100
AcDbEntity
  8
Hachura
 62
7
370
25
100
AcDbLine
 10
2789.333671847369
 20
5581.386385456256
 30
0.0
 11
2787.3989044828663
 21
5580.419001774007
 31
0.0
  0
LINE
  5
20E
330
17
100
AcDbEntity
  8
Hachura
 62
7
370
25
100
AcDbLine
 10
2789.075910176934
 20
5577.258985386061
 30
0.0
 11
2789.333671847369
 21
5577.387866242719
 31
0.0
  0
LINE
  5
20F
330
17
100
AcDbEntity
  8
Hachura
 62
7
370
25
100
AcDbLine
 10
2788.8179411864244
 20
5577.258985386061
 30
0.0
 11
2789.491833909578
 21
5577.59593174764
 31
0.0
  0
LINE
  5
210
330
17
100
AcDbEntity
  8
Hachura
 62
7
370
25
100
AcDbLine
 10
2789.333671847369
 20
5577.387866242719
 30
0.0
 11
2789.333671847369
 21
5577.258985386061
 31
0.0
  0
LINE
  5
211
330
17
100
AcDbEntity
  8
Hachura
 62
7
370
25
100
AcDbLine
 10
2789.3318800616485
 20
5577.260595482644
 30
0.0
 11
2789.0094188342314
 21
5576.938134233786
 31
0.0
  0
LINE
  5
212
330
17
100
AcDbEntity
  8
Hachura
 62
7
370
25
100
AcDbLine
 10
2789.333671847369
 20
5577.903804202299
 30
0.0
 11
2789.333671847369
 21
5578.548726657134
 31
0.0
  0
LINE
  5
213
330
17
100
AcDbEntity
  8
Hachura
 62
7
370
25
100
AcDbLine
 10
2787.3989044828663
 20
5577.58134297488
 30
0.0
 11
2787.3989044828663
 21
5577.258985386061
 31
0.0
  0
LINE
  5
214
330
17
100
AcDbEntity
  8
Hachura
 62
7
370
25
100
AcDbLine
 10
2787.397027196375
 20
5577.260595461205
 30
0.0
 11
2787.397027196375
 21
5577.260672879279
 31
0.0
  0
LINE
  5
215
330
17
100
AcDbEntity
  8
Hachura
 62
7
370
25
100
AcDbLine
 10
2787.397027196375
 20
5577.260595461205
 30
0.0
 11
2787.719573924563
 21
5576.938134233786
 31
0.0
  0
LINE
  5
216
330
17
100
AcDbEntity
  8
Hachura
 62
7
370
25
100
AcDbLine
 10
2787.3989044828663
 20
5579.469996019429
 30
0.0
 11
2787.3989044828663
 21
5579.258141370314
 31
0.0
  0
LINE
  5
217
330
17
100
AcDbEntity
  8
Hachura
 62
7
370
25
100
AcDbLine
 10
2789.4333960191557
 20
5577.824681814375
 30
0.0
 11
2788.302003205407
 21
5577.258985386061
 31
0.0
  0
LINE
  5
218
330
17
100
AcDbEntity
  8
Hachura
 62
7
370
25
100
AcDbLine
 10
2789.333671847369
 20
5577.903804202299
 30
0.0
 11
2788.0440342577763
 21
5577.258985386061
 31
0.0
  0
LINE
  5
219
330
17
100
AcDbEntity
  8
Hachura
 62
7
370
25
100
AcDbLine
 10
2787.719573924563
 20
5576.938134233786
 30
0.0
 11
2789.0094188342314
 21
5576.938134233786
 31
0.0
  0
LINE
  5
21A
330
17
100
AcDbEntity
  8
Hachura
 62
7
370
25
100
AcDbLine
 10
2787.3989044828663
 20
5577.58134297488
 30
0.0
 11
2789.333671847369
 21
5578.548726657134
 31
0.0
  0
LINE
  5
21B
330
17
100
AcDbEntity
  8
Hachura
 62
7
370
25
100
AcDbLine
 10
2789.3318800616485
 20
5577.260595482644
 30
0.0
 11
2787.397112697146
 21
5577.260595482644
 31
0.0
  0
LINE
  5
21C
330
17
100
AcDbEntity
  8
Hachura
 62
7
370
25
100
AcDbLine
 10
2793.927235339493
 20
5588.738501439219
 30
0.0
 11
2786.112573594862
 21
5588.738501439219
 31
0.0
  0
LINE
  5
21D
330
17
100
AcDbEntity
  8
Hachura
 62
7
370
25
100
AcDbLine
 10
2790.107578818896
 20
5582.03130791109
 30
0.0
 11
2786.753982028032
 21
5582.03130791109
 31
0.0
  0
LINE
  5
21E
330
17
100
AcDbEntity
  8
Hachura
 62
7
370
25
100
AcDbLine
 10
2790.107578818896
 20
5582.0990247684185
 30
0.0
 11
2786.753982028032
 21
5582.0990247684185
 31
0.0
  0
LINE
  5
21F
330
17
100
AcDbEntity
  8
Hachura
 62
7
370
25
100
AcDbLine
 10
2786.4960130804006
 20
5585.255920185259
 30
0.0
 11
2790.3655478094056
 21
5585.255920185259
 31
0.0
  0
LINE
  5
220
330
17
100
AcDbEntity
  8
Hachura
 62
7
370
25
100
AcDbLine
 10
2781.9815558965643
 20
5587.835610004595
 30
0.0
 11
2794.880004993243
 21
5587.835610004595
 31
0.0
  0
LINE
  5
221
330
17
100
AcDbEntity
  8
Hachura
 62
7
370
25
100
AcDbLine
 10
2794.880004993243
 20
5588.738501439219
 30
0.0
 11
2781.9850976609573
 21
5588.738501439219
 31
0.0
  0
LINE
  5
222
330
17
100
AcDbEntity
  8
Hachura
 62
7
370
25
100
AcDbLine
 10
2787.785857990069
 20
5582.03130791109
 30
0.0
 11
2787.785857990069
 21
5585.255920185259
 31
0.0
  0
LINE
  5
223
330
17
100
AcDbEntity
  8
Hachura
 62
7
370
25
100
AcDbLine
 10
2786.753982028032
 20
5582.03130791109
 30
0.0
 11
2786.753982028032
 21
5585.255920185259
 31
0.0
  0
LINE
  5
224
330
17
100
AcDbEntity
  8
Hachura
 62
7
370
25
100
AcDbLine
 10
2788.430780444903
 20
5587.835610004595
 30
0.0
 11
2786.4960130804006
 21
5587.835610004595
 31
0.0
  0
LINE
  5
225
330
17
100
AcDbEntity
  8
Hachura
 62
7
370
25
100
AcDbLine
 10
2787.140935535235
 20
5587.835610004595
 30
0.0
 11
2787.785857990069
 21
5587.835610004595
 31
0.0
  0
LINE
  5
226
330
17
100
AcDbEntity
  8
Hachura
 62
7
370
25
100
AcDbLine
 10
2788.425140082542
 20
5587.835610004595
 30
0.0
 11
2788.425140082542
 21
5588.738501439219
 31
0.0
  0
LINE
  5
227
330
17
100
AcDbEntity
  8
Hachura
 62
7
370
25
100
AcDbLine
 10
2788.1185983911932
 20
5587.835610004595
 30
0.0
 11
2788.1185983911932
 21
5585.836450815137
 31
0.0
  0
LINE
  5
228
330
17
100
AcDbEntity
  8
Hachura
 62
7
370
25
100
AcDbLine
 10
2788.6345363722126
 20
5585.836450815137
 30
0.0
 11
2788.6345363722126
 21
5587.835610004595
 31
0.0
  0
LINE
  5
229
330
17
100
AcDbEntity
  8
Hachura
 62
7
370
25
100
AcDbLine
 10
2785.390903821171
 20
5587.8173354475275
 30
0.0
 11
2785.390903821171
 21
5588.744558122609
 31
0.0
  0
LINE
  5
22A
330
17
100
AcDbEntity
  8
Hachura
 62
7
370
25
100
AcDbLine
 10
2787.471164812155
 20
5588.5884555612965
 30
0.0
 11
2787.471164812155
 21
5588.155387755577
 31
0.0
  0
LINE
  5
22B
330
17
100
AcDbEntity
  8
Hachura
 62
7
370
25
100
AcDbLine
 10
2786.4960130804006
 20
5587.835610004595
 30
0.0
 11
2786.4960130804006
 21
5585.255920185259
 31
0.0
  0
LINE
  5
22C
330
17
100
AcDbEntity
  8
Hachura
 62
7
370
25
100
AcDbLine
 10
2787.471164812155
 20
5588.155387755577
 30
0.0
 11
2787.471164812155
 21
5587.943533106462
 31
0.0
  0
LINE
  5
22D
330
17
100
AcDbEntity
  8
Hachura
 62
7
370
25
100
AcDbLine
 10
2781.9850976609573
 20
5588.738501439219
 30
0.0
 11
2781.9850976609573
 21
5583.601832857134
 31
0.0
  0
LINE
  5
22E
330
17
100
AcDbEntity
  8
Hachura
 62
7
370
25
100
AcDbLine
 10
2783.658354270557
 20
5583.579121800547
 30
0.0
 11
2784.2400143446116
 21
5585.789430118401
 31
0.0
  0
LINE
  5
22F
330
17
100
AcDbEntity
  8
Hachura
 62
7
370
25
100
AcDbLine
 10
2781.9815558965643
 20
5583.579121800547
 30
0.0
 11
2783.658354270557
 21
5583.579121800547
 31
0.0
  0
LINE
  5
230
330
17
100
AcDbEntity
  8
Hachura
 62
7
370
25
100
AcDbLine
 10
2784.551858382985
 20
5586.029827124629
 30
0.0
 11
2786.4960130804006
 21
5586.029827124629
 31
0.0
  0
LINE
  5
231
330
17
100
AcDbEntity
  8
Hachura
 62
7
370
25
100
AcDbLine
 10
2781.9815558965643
 20
5587.835610004595
 30
0.0
 11
2787.140935535235
 21
5587.835610004595
 31
0.0
  0
LINE
  5
232
330
17
100
AcDbEntity
  8
Hachura
 62
7
370
25
100
AcDbLine
 10
2793.203206576372
 20
5583.579121800547
 30
0.0
 11
2792.6215465023174
 21
5585.789430118401
 31
0.0
  0
LINE
  5
233
330
17
100
AcDbEntity
  8
Hachura
 62
7
370
25
100
AcDbLine
 10
2790.107578818896
 20
5585.255920185259
 30
0.0
 11
2790.107578818896
 21
5582.03130791109
 31
0.0
  0
LINE
  5
234
330
17
100
AcDbEntity
  8
Hachura
 62
7
370
25
100
AcDbLine
 10
2789.333671847369
 20
5582.03130791109
 30
0.0
 11
2789.333671847369
 21
5585.255920185259
 31
0.0
  0
LINE
  5
235
330
17
100
AcDbEntity
  8
Hachura
 62
7
370
25
100
AcDbLine
 10
2791.456918415381
 20
5587.8173354475275
 30
0.0
 11
2791.456918415381
 21
5588.738501439219
 31
0.0
  0
LINE
  5
236
330
17
100
AcDbEntity
  8
Hachura
 62
7
370
25
100
AcDbLine
 10
2789.4059321766576
 20
5587.961911023415
 30
0.0
 11
2789.4059321766576
 21
5588.394978818414
 31
0.0
  0
LINE
  5
237
330
17
100
AcDbEntity
  8
Hachura
 62
7
370
25
100
AcDbLine
 10
2792.889172020246
 20
5587.8173354475275
 30
0.0
 11
2792.889172020246
 21
5588.744558122609
 31
0.0
  0
LINE
  5
238
330
17
100
AcDbEntity
  8
Hachura
 62
7
370
25
100
AcDbLine
 10
2790.3655478094056
 20
5585.255920185259
 30
0.0
 11
2790.3655478094056
 21
5587.835610004595
 31
0.0
  0
LINE
  5
239
330
17
100
AcDbEntity
  8
Hachura
 62
7
370
25
100
AcDbLine
 10
2790.3655478094056
 20
5585.255920185259
 30
0.0
 11
2790.107578818896
 21
5585.255920185259
 31
0.0
  0
LINE
  5
23A
330
17
100
AcDbEntity
  8
Hachura
 62
7
370
25
100
AcDbLine
 10
2790.3655478094056
 20
5585.255920185259
 30
0.0
 11
2790.107578818896
 21
5585.255920185259
 31
0.0
  0
LINE
  5
23B
330
17
100
AcDbEntity
  8
Hachura
 62
7
370
25
100
AcDbLine
 10
2792.3097024639414
 20
5586.029827124629
 30
0.0
 11
2790.361665885727
 21
5586.029827124629
 31
0.0
  0
LINE
  5
23C
330
17
100
AcDbEntity
  8
Hachura
 62
7
370
25
100
AcDbLine
 10
2794.880004993243
 20
5587.835610004595
 30
0.0
 11
2794.880004993243
 21
5583.579121800547
 31
0.0
  0
LINE
  5
23D
330
17
100
AcDbEntity
  8
Hachura
 62
7
370
25
100
AcDbLine
 10
2794.880004993243
 20
5587.835610004595
 30
0.0
 11
2794.880004993243
 21
5588.738501439219
 31
0.0
  0
LINE
  5
23E
330
17
100
AcDbEntity
  8
Hachura
 62
7
370
25
100
AcDbLine
 10
2793.7316739364483
 20
5587.8173354475275
 30
0.0
 11
2793.7316739364483
 21
5588.744558122609
 31
0.0
  0
LINE
  5
23F
330
17
100
AcDbEntity
  8
Hachura
 62
7
370
25
100
AcDbLine
 10
2794.1950501683073
 20
5587.8173354475275
 30
0.0
 11
2794.1950501683073
 21
5588.744558122609
 31
0.0
  0
LINE
  5
240
330
17
100
AcDbEntity
  8
Hachura
 62
7
370
25
100
AcDbLine
 10
2794.5320509004846
 20
5587.8173354475275
 30
0.0
 11
2794.5320509004846
 21
5588.744558122609
 31
0.0
  0
LINE
  5
241
330
17
100
AcDbEntity
  8
Hachura
 62
7
370
25
100
AcDbLine
 10
2794.7426766475296
 20
5587.8173354475275
 30
0.0
 11
2794.7426766475296
 21
5588.744558122609
 31
0.0
  0
LINE
  5
242
330
17
100
AcDbEntity
  8
Hachura
 62
7
370
25
100
AcDbLine
 10
2794.880004993243
 20
5583.579121800547
 30
0.0
 11
2793.203206576372
 21
5583.579121800547
 31
0.0
  0
LINE
  5
243
330
17
100
AcDbEntity
  8
Hachura
 62
7
370
25
100
AcDbLine
 10
2788.559764899858
 20
5582.03130791109
 30
0.0
 11
2787.2928183468925
 21
5581.397834628264
 31
0.0
  0
LINE
  5
244
330
17
100
AcDbEntity
  8
Hachura
 62
7
370
25
100
AcDbLine
 10
2788.301795922039
 20
5582.03130791109
 30
0.0
 11
2787.3989044792684
 21
5581.579862189705
 31
0.0
  0
LINE
  5
245
330
17
100
AcDbEntity
  8
Hachura
 62
7
370
25
100
AcDbLine
 10
2787.3989044792675
 20
5582.03130791109
 30
0.0
 11
2787.3989044792675
 21
5581.579862189705
 31
0.0
  0
LINE
  5
246
330
17
100
AcDbEntity
  8
Hachura
 62
7
370
25
100
AcDbLine
 10
2783.9759306339542
 20
5587.8173354475275
 30
0.0
 11
2783.9759306339542
 21
5588.744558122609
 31
0.0
  0
LINE
  5
247
330
17
100
AcDbEntity
  8
Hachura
 62
7
370
25
100
AcDbLine
 10
2783.133428717752
 20
5587.8173354475275
 30
0.0
 11
2783.133428717752
 21
5588.744558122609
 31
0.0
  0
LINE
  5
248
330
17
100
AcDbEntity
  8
Hachura
 62
7
370
25
100
AcDbLine
 10
2782.670052485893
 20
5587.8173354475275
 30
0.0
 11
2782.670052485893
 21
5588.744558122609
 31
0.0
  0
LINE
  5
249
330
17
100
AcDbEntity
  8
Hachura
 62
7
370
25
100
AcDbLine
 10
2782.3330517537156
 20
5587.8173354475275
 30
0.0
 11
2782.3330517537156
 21
5588.744558122609
 31
0.0
  0
LINE
  5
24A
330
17
100
AcDbEntity
  8
Hachura
 62
7
370
25
100
AcDbLine
 10
2782.1224260066706
 20
5587.8173354475275
 30
0.0
 11
2782.1224260066706
 21
5588.744558122609
 31
0.0
  0
LINE
  5
24B
330
17
100
AcDbEntity
  8
Hachura
 62
7
370
25
100
AcDbLine
 10
2788.431668646252
 20
5713.53886856674
 30
0.0
 11
2788.423127435377
 21
5581.738501439218
 31
0.0
  0
LINE
  5
24C
330
17
100
AcDbEntity
  8
Madeira
 62
7
370
25
100
AcDbLine
 10
2876.447309459905
 20
5608.723137912047
 30
0.0
 11
2887.9477575056217
 21
5622.735773834438
 31
0.0
  0
LINE
  5
24D
330
17
100
AcDbEntity
  8
Madeira
 62
7
370
25
100
AcDbLine
 10
2876.447309459905
 20
5608.723137912047
 30
0.0
 11
2879.9158023951677
 21
5622.726954753856
 31
0.0
  0
LINE
  5
24E
330
17
100
AcDbEntity
  8
Madeira
 62
7
370
25
100
AcDbLine
 10
2876.447309459905
 20
5608.723137912047
 30
0.0
 11
2890.4413418823788
 21
5614.165779891621
 31
0.0
  0
LINE
  5
24F
330
17
100
AcDbEntity
  8
Madeira
 62
7
370
25
100
AcDbLine
 10
2700.454281465875
 20
5608.742261102043
 30
0.0
 11
2688.923089460059
 21
5622.729608301234
 31
0.0
  0
LINE
  5
250
330
17
100
AcDbEntity
  8
Madeira
 62
7
370
25
100
AcDbLine
 10
2700.454281465875
 20
5608.742261102043
 30
0.0
 11
2696.955044570513
 21
5622.738427381816
 31
0.0
  0
LINE
  5
251
330
17
100
AcDbEntity
  8
Madeira
 62
7
370
25
100
AcDbLine
 10
2700.454281465875
 20
5608.742261102043
 30
0.0
 11
2686.448330766766
 21
5614.154159121519
 31
0.0
  0
LINE
  5
252
330
17
100
AcDbEntity
  8
Madeira
 62
7
370
25
100
AcDbLine
 10
2735.947398972228
 20
5608.730732156312
 30
0.0
 11
2728.9410810181694
 21
5614.480956173315
 31
0.0
  0
LINE
  5
253
330
17
100
AcDbEntity
  8
Madeira
 62
7
370
25
100
AcDbLine
 10
2735.947398972228
 20
5608.730732156312
 30
0.0
 11
2728.9454905584553
 21
5610.464978622178
 31
0.0
  0
LINE
  5
254
330
17
100
AcDbEntity
  8
Madeira
 62
7
370
25
100
AcDbLine
 10
2735.947398972228
 20
5608.730732156312
 30
0.0
 11
2730.5047569981975
 21
5622.724764564531
 31
0.0
  0
LINE
  5
255
330
17
100
AcDbEntity
  8
Madeira
 62
7
370
25
100
AcDbLine
 10
2781.947365811557
 20
5608.730732156312
 30
0.0
 11
2774.9410478574987
 21
5614.480956173315
 31
0.0
  0
LINE
  5
256
330
17
100
AcDbEntity
  8
Madeira
 62
7
370
25
100
AcDbLine
 10
2781.947365811557
 20
5608.730732156312
 30
0.0
 11
2774.9454573977846
 21
5610.464978622178
 31
0.0
  0
LINE
  5
257
330
17
100
AcDbEntity
  8
Madeira
 62
7
370
25
100
AcDbLine
 10
2781.947365811557
 20
5608.730732156312
 30
0.0
 11
2776.504723837527
 21
5622.724764564531
 31
0.0
  0
LINE
  5
258
330
17
100
AcDbEntity
  8
Madeira
 62
7
370
25
100
AcDbLine
 10
2837.947365811557
 20
5608.730732156312
 30
0.0
 11
2830.9410478574987
 21
5614.480956173315
 31
0.0
  0
LINE
  5
259
330
17
100
AcDbEntity
  8
Madeira
 62
7
370
25
100
AcDbLine
 10
2837.947365811557
 20
5608.730732156312
 30
0.0
 11
2830.9454573977846
 21
5610.464978622178
 31
0.0
  0
LINE
  5
25A
330
17
100
AcDbEntity
  8
Madeira
 62
7
370
25
100
AcDbLine
 10
2837.947365811557
 20
5608.730732156312
 30
0.0
 11
2832.504723837527
 21
5622.724764564531
 31
0.0
  0
LINE
  5
25B
330
17
100
AcDbEntity
  8
Madeira
 62
7
370
25
100
AcDbLine
 10
2876.447309459905
 20
5682.753864833152
 30
0.0
 11
2887.9477575056217
 21
5668.741228910761
 31
0.0
  0
LINE
  5
25C
330
17
100
AcDbEntity
  8
Madeira
 62
7
370
25
100
AcDbLine
 10
2876.447309459905
 20
5682.753864833152
 30
0.0
 11
2879.9158023951677
 21
5668.750047991342
 31
0.0
  0
LINE
  5
25D
330
17
100
AcDbEntity
  8
Madeira
 62
7
370
25
100
AcDbLine
 10
2876.447309459905
 20
5682.753864833152
 30
0.0
 11
2890.4413418823788
 21
5677.311222853577
 31
0.0
  0
LINE
  5
25E
330
17
100
AcDbEntity
  8
Madeira
 62
7
370
25
100
AcDbLine
 10
2700.454281465875
 20
5682.734741643156
 30
0.0
 11
2688.923089460059
 21
5668.747394443964
 31
0.0
  0
LINE
  5
25F
330
17
100
AcDbEntity
  8
Madeira
 62
7
370
25
100
AcDbLine
 10
2700.454281465875
 20
5682.734741643156
 30
0.0
 11
2696.955044570513
 21
5668.738575363383
 31
0.0
  0
LINE
  5
260
330
17
100
AcDbEntity
  8
Madeira
 62
7
370
25
100
AcDbLine
 10
2700.454281465875
 20
5682.734741643156
 30
0.0
 11
2686.448330766766
 21
5677.32284362368
 31
0.0
  0
LINE
  5
261
330
17
100
AcDbEntity
  8
Madeira
 62
7
370
25
100
AcDbLine
 10
2735.947398972228
 20
5682.746270588888
 30
0.0
 11
2728.9410810181694
 21
5676.996046571886
 31
0.0
  0
LINE
  5
262
330
17
100
AcDbEntity
  8
Madeira
 62
7
370
25
100
AcDbLine
 10
2735.947398972228
 20
5682.746270588888
 30
0.0
 11
2728.9454905584553
 21
5681.0120241230225
 31
0.0
  0
LINE
  5
263
330
17
100
AcDbEntity
  8
Madeira
 62
7
370
25
100
AcDbLine
 10
2735.947398972228
 20
5682.746270588888
 30
0.0
 11
2730.5047569981975
 21
5668.752238180669
 31
0.0
  0
LINE
  5
264
330
17
100
AcDbEntity
  8
Madeira
 62
7
370
25
100
AcDbLine
 10
2781.947365811557
 20
5682.746270588888
 30
0.0
 11
2774.9410478574987
 21
5676.996046571886
 31
0.0
  0
LINE
  5
265
330
17
100
AcDbEntity
  8
Madeira
 62
7
370
25
100
AcDbLine
 10
2781.947365811557
 20
5682.746270588888
 30
0.0
 11
2774.9454573977846
 21
5681.0120241230225
 31
0.0
  0
LINE
  5
266
330
17
100
AcDbEntity
  8
Madeira
 62
7
370
25
100
AcDbLine
 10
2781.947365811557
 20
5682.746270588888
 30
0.0
 11
2776.504723837527
 21
5668.752238180669
 31
0.0
  0
LINE
  5
267
330
17
100
AcDbEntity
  8
Madeira
 62
7
370
25
100
AcDbLine
 10
2837.947365811557
 20
5682.746270588888
 30
0.0
 11
2830.9410478574987
 21
5676.996046571886
 31
0.0
  0
LINE
  5
268
330
17
100
AcDbEntity
  8
Madeira
 62
7
370
25
100
AcDbLine
 10
2837.947365811557
 20
5682.746270588888
 30
0.0
 11
2830.9454573977846
 21
5681.0120241230225
 31
0.0
  0
LINE
  5
269
330
17
100
AcDbEntity
  8
Madeira
 62
7
370
25
100
AcDbLine
 10
2837.947365811557
 20
5682.746270588888
 30
0.0
 11
2832.504723837527
 21
5668.752238180669
 31
0.0
  0
LINE
  5
26A
330
17
100
AcDbEntity
  8
Painéis
 62
7
370
25
100
AcDbLine
 10
3837.024851282458
 20
5447.075338093895
 30
0.0
 11
3818.024851282455
 21
5447.075338093895
 31
0.0
  0
LINE
  5
26B
330
17
100
AcDbEntity
  8
Painéis
 62
7
370
25
100
AcDbLine
 10
3688.518910876268
 20
5447.075338093895
 30
0.0
 11
3669.518910876264
 21
5447.075338093895
 31
0.0
  0
LINE
  5
26C
330
17
100
AcDbEntity
  8
Nível
 62
7
370
25
100
AcDbLine
 10
3005.178619069935
 20
5506.075338093884
 30
0.0
 11
3947.19940707495
 21
5506.075338093884
 31
0.0
  0
LWPOLYLINE
  5
26D
330
17
100
AcDbEntity
  8
COTA
 62
7
370
25
100
AcDbPolyline
 90
4
 70
0
 10
3837.024851282453
 20
5447.075338093892
 10
3837.024851282453
 20
5506.075338093889
 10
3818.024851282453
 20
5506.075338093889
 10
3818.024851282453
 20
5447.075338093892
  0
LWPOLYLINE
  5
26E
330
17
100
AcDbEntity
  8
COTA
 62
7
370
25
100
AcDbPolyline
 90
4
 70
0
 10
3688.518910876263
 20
5447.075338093892
 10
3688.518910876263
 20
5506.075338093889
 10
3669.518910876263
 20
5506.075338093889
 10
3669.518910876263
 20
5447.075338093892
  0
LWPOLYLINE
  5
26F
330
17
100
AcDbEntity
  8
Painéis
 62
7
370
25
100
AcDbPolyline
 90
4
 70
1
 10
3818.024851282459
 20
5228.07533809389
 10
3837.024851282458
 20
5228.07533809389
 10
3837.024851282458
 20
5226.075338093889
 10
3818.024851282459
 20
5226.075338093889
  0
LWPOLYLINE
  5
270
330
17
100
AcDbEntity
  8
Painéis
 62
7
370
25
100
AcDbPolyline
 90
4
 70
1
 10
3669.518910876269
 20
5228.07533809389
 10
3688.518910876268
 20
5228.07533809389
 10
3688.518910876268
 20
5226.075338093889
 10
3669.518910876269
 20
5226.075338093889
  0
LWPOLYLINE
  5
271
330
17
100
AcDbEntity
  8
Painéis
 62
7
370
25
100
AcDbPolyline
 90
4
 70
1
 10
3297.994821544791
 20
5228.07533809389
 10
3195.994821544791
 20
5228.075338093919
 10
3195.994821544791
 20
5226.075338093918
 10
3297.994821544791
 20
5226.075338093889
  0
LWPOLYLINE
  5
272
330
17
100
AcDbEntity
  8
Painéis
 62
7
370
25
100
AcDbPolyline
 90
4
 70
1
 10
3530.852231954454
 20
5228.07533809389
 10
3428.852231954453
 20
5228.075338093919
 10
3428.852231954453
 20
5226.075338093918
 10
3530.852231954454
 20
5226.075338093889
  0
LWPOLYLINE
  5
273
330
17
100
AcDbEntity
  8
SARRAFO
 62
7
370
25
100
AcDbPolyline
 90
4
 70
1
 10
2686.431929084818
 20
5660.338501353223
 10
2700.431929070674
 20
5660.338501353339
 10
2700.431929070674
 20
5664.738501347658
 10
2686.431929084818
 20
5664.738501347658
  0
LWPOLYLINE
  5
274
330
17
100
AcDbEntity
  8
SARRAFO
 62
7
370
25
100
AcDbPolyline
 90
4
 70
1
 10
2890.431929040639
 20
5631.138501391919
 10
2876.431929054783
 20
5631.138501391861
 10
2876.431929054783
 20
5626.738501397542
 10
2890.431929040639
 20
5626.738501397542
  0
LWPOLYLINE
  5
275
330
17
100
AcDbEntity
  8
SARRAFO
 62
7
370
25
100
AcDbPolyline
 90
4
 70
1
 10
2890.431929040639
 20
5660.338501353223
 10
2876.431929054783
 20
5660.338501353339
 10
2876.431929054783
 20
5664.738501347658
 10
2890.431929040639
 20
5664.738501347658
  0
LWPOLYLINE
  5
276
330
17
100
AcDbEntity
  8
SARRAFO
 62
7
370
25
100
AcDbPolyline
 90
4
 70
1
 10
2686.431929084818
 20
5631.138501391919
 10
2700.431929070674
 20
5631.138501391861
 10
2700.431929070674
 20
5626.738501397542
 10
2686.431929084818
 20
5626.738501397542
  0
LWPOLYLINE
  5
277
330
17
100
AcDbEntity
  8
Perfil Metálico
 62
7
370
25
100
AcDbPolyline
 90
4
 70
1
 10
2926.431929008828
 20
5686.738501378682
 10
2926.431929008828
 20
5698.738501365644
 10
2650.431929117065
 20
5698.738501365644
 10
2650.431929117065
 20
5686.738501378682
  0
LWPOLYLINE
  5
278
330
17
100
AcDbEntity
  8
Perfil Metálico
 62
7
370
25
100
AcDbPolyline
 90
4
 70
1
 10
2650.431929117065
 20
5702.738501361337
 10
2650.431929117065
 20
5682.738501382932
 10
2926.431929008828
 20
5682.738501382932
 10
2926.431929008828
 20
5702.738501361337
  0
LWPOLYLINE
  5
279
330
17
100
AcDbEntity
  8
Perfil Metálico
 62
7
370
25
100
AcDbPolyline
 90
4
 70
1
 10
2926.431929008828
 20
5604.738501421873
 10
2926.431929008828
 20
5592.738501434912
 10
2650.431929117065
 20
5592.738501434912
 10
2650.431929117065
 20
5604.738501421873
  0
LWPOLYLINE
  5
27A
330
17
100
AcDbEntity
  8
Perfil Metálico
 62
7
370
25
100
AcDbPolyline
 90
4
 70
1
 10
2650.431929117065
 20
5588.738501439219
 10
2650.431929117065
 20
5608.738501417623
 10
2926.431929008828
 20
5608.738501417623
 10
2926.431929008828
 20
5588.738501439219
  0
LWPOLYLINE
  5
27B
330
17
100
AcDbEntity
  8
Madeira
 62
7
370
25
100
AcDbPolyline
 90
4
 70
1
 10
2700.454281465875
 20
5608.742261102043
 10
2700.4389094858257
 20
5622.742252662834
 10
2686.4389179250343
 20
5622.726880682785
 10
2686.4542899050834
 20
5608.726889121994
  0
LWPOLYLINE
  5
27C
330
17
100
AcDbEntity
  8
Madeira
 62
7
370
25
100
AcDbPolyline
 90
4
 70
1
 10
2890.44730102125
 20
5608.726889096985
 10
2890.431929041162
 20
5622.726880707834
 10
2686.438917925025
 20
5622.726880707805
 10
2686.454289905112
 20
5608.726889096955
  0
LWPOLYLINE
  5
27D
330
17
100
AcDbEntity
  8
Madeira
 62
7
370
25
100
AcDbPolyline
 90
4
 70
1
 10
2890.44730102125
 20
5682.750113648215
 10
2890.431929041162
 20
5668.750122037366
 10
2686.438917925025
 20
5668.750122037394
 10
2686.454289905112
 20
5682.750113648245
  0
LWPOLYLINE
  5
27E
330
17
100
AcDbEntity
  8
CHAPA
 62
7
370
25
100
AcDbPolyline
 90
4
 70
1
 10
2686.431929085284
 20
5626.738501452898
 10
2686.431929085284
 20
5622.738501452897
 10
2890.431929040639
 20
5622.738501452897
 10
2890.431929040639
 20
5626.738501452898
  0
LWPOLYLINE
  5
27F
330
17
100
AcDbEntity
  8
CHAPA
 62
7
370
25
100
AcDbPolyline
 90
4
 70
1
 10
2686.431929085284
 20
5664.738501292302
 10
2686.431929085284
 20
5668.738501292303
 10
2890.431929040639
 20
5668.738501292303
 10
2890.431929040639
 20
5664.738501292302
  0
LWPOLYLINE
  5
280
330
17
100
AcDbEntity
  8
CHAPA
 62
7
370
25
100
AcDbPolyline
 90
4
 70
1
 10
2872.031929065091
 20
5664.738501292302
 10
2868.431929065085
 20
5664.738501292302
 10
2868.431929065085
 20
5626.738501452898
 10
2872.031929065091
 20
5626.738501452898
  0
LWPOLYLINE
  5
281
330
17
100
AcDbEntity
  8
CHAPA
 62
7
370
25
100
AcDbPolyline
 90
4
 70
1
 10
2708.431929065086
 20
5664.738501292361
 10
2704.83192906508
 20
5664.738501292361
 10
2704.83192906508
 20
5626.738501452956
 10
2708.431929065086
 20
5626.738501452956
  0
LWPOLYLINE
  5
282
330
17
100
AcDbEntity
  8
CHAPA
 62
7
370
25
100
AcDbPolyline
 90
4
 70
1
 10
2686.431929085284
 20
5626.738501452898
 10
2686.431929085284
 20
5622.738501452897
 10
2890.431929040639
 20
5622.738501452897
 10
2890.431929040639
 20
5626.738501452898
  0
LWPOLYLINE
  5
283
330
17
100
AcDbEntity
  8
CHAPA
 62
7
370
25
100
AcDbPolyline
 90
4
 70
1
 10
2686.431929085284
 20
5664.738501292302
 10
2686.431929085284
 20
5668.738501292303
 10
2890.431929040639
 20
5668.738501292303
 10
2890.431929040639
 20
5664.738501292302
  0
LWPOLYLINE
  5
284
330
17
100
AcDbEntity
  8
CHAPA
 62
7
370
25
100
AcDbPolyline
 90
4
 70
1
 10
2872.031929065091
 20
5664.738501292302
 10
2868.431929065085
 20
5664.738501292302
 10
2868.431929065085
 20
5626.738501452898
 10
2872.031929065091
 20
5626.738501452898
  0
LWPOLYLINE
  5
285
330
17
100
AcDbEntity
  8
CHAPA
 62
7
370
25
100
AcDbPolyline
 90
4
 70
1
 10
2708.431929065086
 20
5664.738501292361
 10
2704.83192906508
 20
5664.738501292361
 10
2704.83192906508
 20
5626.738501452956
 10
2708.431929065086
 20
5626.738501452956
  0
LWPOLYLINE
  5
286
330
17
100
AcDbEntity
  8
SARRAFO
 62
7
370
25
100
AcDbPolyline
 90
4
 70
1
 10
2872.031929060377
 20
5640.738501549435
 10
2872.031929060464
 20
5626.738501563579
 10
2876.431929054783
 20
5626.738501563579
 10
2876.431929054783
 20
5640.738501549435
  0
LWPOLYLINE
  5
287
330
17
100
AcDbEntity
  8
SARRAFO
 62
7
370
25
100
AcDbPolyline
 90
4
 70
1
 10
2700.431929070674
 20
5640.738501549493
 10
2700.431929070761
 20
5626.738501563637
 10
2704.83192906508
 20
5626.738501563637
 10
2704.83192906508
 20
5640.738501549493
  0
LWPOLYLINE
  5
288
330
17
100
AcDbEntity
  8
SARRAFO
 62
7
370
25
100
AcDbPolyline
 90
4
 70
1
 10
2872.031929060377
 20
5650.738501195765
 10
2872.031929060464
 20
5664.73850118162
 10
2876.431929054783
 20
5664.73850118162
 10
2876.431929054783
 20
5650.738501195765
  0
LWPOLYLINE
  5
289
330
17
100
AcDbEntity
  8
SARRAFO
 62
7
370
25
100
AcDbPolyline
 90
4
 70
1
 10
2700.431929070674
 20
5650.738501195707
 10
2700.431929070761
 20
5664.738501181562
 10
2704.83192906508
 20
5664.738501181562
 10
2704.83192906508
 20
5650.738501195707
  0
LWPOLYLINE
  5
28A
330
17
100
AcDbEntity
  8
Painéis
 62
7
370
25
100
AcDbPolyline
 90
4
 70
1
 10
2868.431929065085
 20
5626.738501452898
 10
2868.431929065085
 20
5664.738501292302
 10
2708.431929065086
 20
5664.738501292302
 10
2708.431929065086
 20
5626.738501452898
  0
LWPOLYLINE
  5
28B
330
17
100
AcDbEntity
  8
Madeira
 62
7
370
25
100
AcDbPolyline
 90
4
 70
1
 10
2876.447309459905
 20
5682.753864833152
 10
2876.4319374798556
 20
5668.753873272361
 10
2890.431929040647
 20
5668.738501292311
 10
2890.447301020696
 20
5682.738492853103
  0
LWPOLYLINE
  5
28C
330
17
100
AcDbEntity
  8
Madeira
 62
7
370
25
100
AcDbPolyline
 90
4
 70
1
 10
2735.947398972228
 20
5682.746270588888
 10
2728.9474031989625
 20
5682.753956578905
 10
2728.932031218929
 20
5668.753965032374
 10
2735.932026992194
 20
5668.746279042358
  0
LWPOLYLINE
  5
28D
330
17
100
AcDbEntity
  8
Madeira
 62
7
370
25
100
AcDbPolyline
 90
4
 70
1
 10
2781.947365811557
 20
5682.746270588888
 10
2774.947370038292
 20
5682.753956578905
 10
2774.931998058258
 20
5668.753965032374
 10
2781.9319938315234
 20
5668.746279042358
  0
LWPOLYLINE
  5
28E
330
17
100
AcDbEntity
  8
Madeira
 62
7
370
25
100
AcDbPolyline
 90
4
 70
1
 10
2837.947365811557
 20
5682.746270588888
 10
2830.947370038292
 20
5682.753956578905
 10
2830.931998058258
 20
5668.753965032374
 10
2837.9319938315234
 20
5668.746279042358
  0
TEXT
  5
28F
330
17
100
AcDbEntity
  8
Texto Seção
 62
7
370
25
100
AcDbText
 10
3660.802747473874
 20
5242.976516624634
 30
0.0
 40
13.0
  1
P24C
100
AcDbText
  0
TEXT
  5
290
330
17
100
AcDbEntity
  8
Texto Seção
 62
7
370
25
100
AcDbText
 10
3810.92193346447
 20
5237.364911672105
 30
0.0
 40
13.0
  1
P24.D
100
AcDbText
  0
TEXT
  5
291
330
17
100
AcDbEntity
  8
Texto Seção
 62
7
370
25
100
AcDbText
 10
3187.050629933711
 20
5242.903933720064
 30
0.0
 40
13.0
  1
P24.A
100
AcDbText
  0
TEXT
  5
292
330
17
100
AcDbEntity
  8
Texto Seção
 62
7
370
25
100
AcDbText
 10
3419.908040343373
 20
5242.903933720064
 30
0.0
 40
13.0
  1
P24.B
100
AcDbText
  0
TEXT
  5
293
330
17
100
AcDbEntity
  8
TEXTO_GERAL
 62
7
370
25
100
AcDbText
 10
2789.951859660188
 20
5634.332965876273
 30
0.0
 40
10.99999999889889
  1
A
100
AcDbText
  0
TEXT
  5
294
330
17
100
AcDbEntity
  8
TEXTO_GERAL
 62
7
370
25
100
AcDbText
 10
2856.86376630207
 20
5642.189529125048
 30
0.0
 40
10.99999999889889
  1
D
100
AcDbText
  0
TEXT
  5
295
330
17
100
AcDbEntity
  8
TEXTO_GERAL
 62
7
370
25
100
AcDbText
 10
2708.623975074031
 20
5644.507444667811
 30
0.0
 40
10.99999999889889
  1
C
100
AcDbText
  0
TEXT
  5
296
330
17
100
AcDbEntity
  8
TEXTO_GERAL
 62
7
370
25
100
AcDbText
 10
2791.411146434478
 20
5654.069429278686
 30
0.0
 40
10.99999999889889
  1
B
100
AcDbText
  0
TEXT
  5
297
330
17
100
AcDbEntity
  8
NOMENCLATURA
 62
7
370
25
100
AcDbText
 10
3755.694964092585
 20
5866.586024876397
 30
0.0
 40
16.0
  1
3° AO 12° PAVIMENTO - PD: 2.80\PNIVEL DE CHEGADA: 820.98\PNIVEL DE CHEGADA: 823.78
100
AcDbText
  0
HATCH
  5
298
330
17
100
AcDbEntity
  8
COTA
 62
7
100
AcDbHatch
 10
0.0
 20
0.0
 30
0.0
210
0.0
220
0.0
230
1.0
  2
SOLID
 70
1
 71
0
 91
1
 92
3
 72
0
 73
1
 93
8
 10
3195.994821544705
 20
5447.075338093888
 10
3297.994821544654
 20
5447.075338093927
 10
3297.994821544654
 20
5447.075338093927
 10
3297.994821544543
 20
5506.075338093888
 10
3297.994821544543
 20
5506.075338093888
 10
3195.994821544593
 20
5506.075338093888
 10
3195.994821544593
 20
5506.075338093888
 10
3195.994821544705
 20
5447.075338093888
 97
0
 75
1
 76
1
 98
0
  0
HATCH
  5
299
330
17
100
AcDbEntity
  8
COTA
 62
7
100
AcDbHatch
 10
0.0
 20
0.0
 30
0.0
210
0.0
220
0.0
230
1.0
  2
SOLID
 70
1
 71
0
 91
1
 92
3
 72
0
 73
1
 93
8
 10
3669.518910876263
 20
5447.075338093888
 10
3688.518910876263
 20
5447.075338093889
 10
3688.518910876263
 20
5447.075338093889
 10
3688.518910876263
 20
5506.075338093891
 10
3688.518910876263
 20
5506.075338093891
 10
3669.518910876263
 20
5506.075338093889
 10
3669.518910876263
 20
5506.075338093889
 10
3669.518910876263
 20
5447.075338093888
 97
0
 75
1
 76
1
 98
0
  0
HATCH
  5
29A
330
17
100
AcDbEntity
  8
COTA
 62
7
100
AcDbHatch
 10
0.0
 20
0.0
 30
0.0
210
0.0
220
0.0
230
1.0
  2
SOLID
 70
1
 71
0
 91
1
 92
3
 72
0
 73
1
 93
8
 10
3818.02485128237
 20
5447.075338093892
 10
3837.024851282373
 20
5447.075338093892
 10
3837.024851282373
 20
5447.075338093892
 10
3837.024851282453
 20
5506.075338093891
 10
3837.024851282453
 20
5506.075338093891
 10
3818.024851282453
 20
5506.075338093889
 10
3818.024851282453
 20
5506.075338093889
 10
3818.02485128237
 20
5447.075338093892
 97
0
 75
1
 76
1
 98
0
  0
HATCH
  5
29B
330
17
100
AcDbEntity
  8
COTA
 62
7
100
AcDbHatch
 10
0.0
 20
0.0
 30
0.0
210
0.0
220
0.0
230
1.0
  2
SOLID
 70
1
 71
0
 91
1
 92
3
 72
0
 73
1
 93
8
 10
3428.852231954112
 20
5447.075338093926
 10
3530.852231954062
 20
5447.075338093974
 10
3530.852231954062
 20
5447.075338093974
 10
3530.852231954205
 20
5506.075338093896
 10
3530.852231954205
 20
5506.075338093896
 10
3428.852231954256
 20
5506.075338093888
 10
3428.852231954256
 20
5506.075338093888
 10
3428.852231954112
 20
5447.075338093926
 97
0
 75
1
 76
1
 98
0
  0
HATCH
  5
29C
330
17
100
AcDbEntity
  8
Hachura
 62
7
100
AcDbHatch
 10
0.0
 20
0.0
 30
0.0
210
0.0
220
0.0
230
1.0
  2
SOLID
 70
1
 71
0
 91
1
 92
3
 72
0
 73
1
 93
8
 10
2700.431929070674
 20
5626.738501397542
 10
2700.431929070674
 20
5631.138501391861
 10
2700.431929070674
 20
5631.138501391861
 10
2686.431929084818
 20
5631.138501391948
 10
2686.431929084818
 20
5631.138501391919
 10
2686.431929084818
 20
5626.738501397513
 10
2686.431929084818
 20
5626.738501397542
 10
2700.431929070674
 20
5626.738501397542
 97
0
 75
1
 76
1
 98
0
  0
HATCH
  5
29D
330
17
100
AcDbEntity
  8
Hachura
 62
7
100
AcDbHatch
 10
0.0
 20
0.0
 30
0.0
210
0.0
220
0.0
230
1.0
  2
SOLID
 70
1
 71
0
 91
1
 92
3
 72
0
 73
1
 93
8
 10
2700.431929070674
 20
5664.738501347658
 10
2700.431929070674
 20
5660.338501353339
 10
2700.431929070674
 20
5660.338501353339
 10
2686.431929084818
 20
5660.338501353251
 10
2686.431929084818
 20
5660.338501353223
 10
2686.431929084818
 20
5664.738501347629
 10
2686.431929084818
 20
5664.738501347658
 10
2700.431929070674
 20
5664.738501347658
 97
0
 75
1
 76
1
 98
0
  0
HATCH
  5
29E
330
17
100
AcDbEntity
  8
Hachura
 62
7
100
AcDbHatch
 10
0.0
 20
0.0
 30
0.0
210
0.0
220
0.0
230
1.0
  2
SOLID
 70
1
 71
0
 91
1
 92
3
 72
0
 73
1
 93
8
 10
2876.431929054783
 20
5626.738501397542
 10
2876.431929054783
 20
5631.138501391861
 10
2876.431929054783
 20
5631.138501391861
 10
2890.431929040639
 20
5631.138501391948
 10
2890.431929040639
 20
5631.138501391919
 10
2890.431929040639
 20
5626.738501397513
 10
2890.431929040639
 20
5626.738501397542
 10
2876.431929054783
 20
5626.738501397542
 97
0
 75
1
 76
1
 98
0
  0
HATCH
  5
29F
330
17
100
AcDbEntity
  8
Hachura
 62
7
100
AcDbHatch
 10
0.0
 20
0.0
 30
0.0
210
0.0
220
0.0
230
1.0
  2
SOLID
 70
1
 71
0
 91
1
 92
3
 72
0
 73
1
 93
8
 10
2686.431929085284
 20
5626.738501452898
 10
2686.431929085284
 20
5622.738501452897
 10
2686.431929085284
 20
5622.738501452897
 10
2890.431929040639
 20
5622.738501452897
 10
2890.431929040639
 20
5622.738501452897
 10
2890.431929040639
 20
5626.738501452898
 10
2890.431929040639
 20
5626.738501452898
 10
2686.431929085284
 20
5626.738501452898
 97
0
 75
1
 76
1
 98
0
  0
HATCH
  5
2A0
330
17
100
AcDbEntity
  8
Hachura
 62
7
100
AcDbHatch
 10
0.0
 20
0.0
 30
0.0
210
0.0
220
0.0
230
1.0
  2
SOLID
 70
1
 71
0
 91
1
 92
3
 72
0
 73
1
 93
8
 10
2686.431929085284
 20
5664.738501292302
 10
2686.431929085284
 20
5668.738501292303
 10
2686.431929085284
 20
5668.738501292303
 10
2890.431929040639
 20
5668.738501292303
 10
2890.431929040639
 20
5668.738501292303
 10
2890.431929040639
 20
5664.738501292302
 10
2890.431929040639
 20
5664.738501292302
 10
2686.431929085284
 20
5664.738501292302
 97
0
 75
1
 76
1
 98
0
  0
HATCH
  5
2A1
330
17
100
AcDbEntity
  8
Hachura
 62
7
100
AcDbHatch
 10
0.0
 20
0.0
 30
0.0
210
0.0
220
0.0
230
1.0
  2
SOLID
 70
1
 71
0
 91
1
 92
3
 72
0
 73
1
 93
8
 10
2872.031929065091
 20
5664.738501292302
 10
2868.431929065085
 20
5664.738501292302
 10
2868.431929065085
 20
5664.738501292302
 10
2868.431929065085
 20
5626.738501452898
 10
2868.431929065085
 20
5626.738501452898
 10
2872.031929065091
 20
5626.738501452898
 10
2872.031929065091
 20
5626.738501452898
 10
2872.031929065091
 20
5664.738501292302
 97
0
 75
1
 76
1
 98
0
  0
HATCH
  5
2A2
330
17
100
AcDbEntity
  8
Hachura
 62
7
100
AcDbHatch
 10
0.0
 20
0.0
 30
0.0
210
0.0
220
0.0
230
1.0
  2
SOLID
 70
1
 71
0
 91
1
 92
3
 72
0
 73
1
 93
8
 10
2708.431929065086
 20
5664.738501292361
 10
2704.83192906508
 20
5664.738501292361
 10
2704.83192906508
 20
5664.738501292361
 10
2704.83192906508
 20
5626.738501452956
 10
2704.83192906508
 20
5626.738501452956
 10
2708.431929065086
 20
5626.738501452956
 10
2708.431929065086
 20
5626.738501452956
 10
2708.431929065086
 20
5664.738501292361
 97
0
 75
1
 76
1
 98
0
  0
HATCH
  5
2A3
330
17
100
AcDbEntity
  8
Hachura
 62
7
100
AcDbHatch
 10
0.0
 20
0.0
 30
0.0
210
0.0
220
0.0
230
1.0
  2
SOLID
 70
1
 71
0
 91
1
 92
3
 72
0
 73
1
 93
8
 10
2876.431929054783
 20
5664.738501347658
 10
2876.431929054783
 20
5660.338501353339
 10
2876.431929054783
 20
5660.338501353339
 10
2890.431929040639
 20
5660.338501353251
 10
2890.431929040639
 20
5660.338501353223
 10
2890.431929040639
 20
5664.738501347629
 10
2890.431929040639
 20
5664.738501347658
 10
2876.431929054783
 20
5664.738501347658
 97
0
 75
1
 76
1
 98
0
  0
HATCH
  5
2A4
330
17
100
AcDbEntity
  8
Hachura
 62
7
100
AcDbHatch
 10
0.0
 20
0.0
 30
0.0
210
0.0
220
0.0
230
1.0
  2
SOLID
 70
1
 71
0
 91
1
 92
3
 72
0
 73
1
 93
8
 10
2686.431929085284
 20
5626.738501452898
 10
2686.431929085284
 20
5622.738501452897
 10
2686.431929085284
 20
5622.738501452897
 10
2890.431929040639
 20
5622.738501452897
 10
2890.431929040639
 20
5622.738501452897
 10
2890.431929040639
 20
5626.738501452898
 10
2890.431929040639
 20
5626.738501452898
 10
2686.431929085284
 20
5626.738501452898
 97
0
 75
1
 76
1
 98
0
  0
HATCH
  5
2A5
330
17
100
AcDbEntity
  8
Hachura
 62
7
100
AcDbHatch
 10
0.0
 20
0.0
 30
0.0
210
0.0
220
0.0
230
1.0
  2
SOLID
 70
1
 71
0
 91
1
 92
3
 72
0
 73
1
 93
8
 10
2686.431929085284
 20
5664.738501292302
 10
2686.431929085284
 20
5668.738501292303
 10
2686.431929085284
 20
5668.738501292303
 10
2890.431929040639
 20
5668.738501292303
 10
2890.431929040639
 20
5668.738501292303
 10
2890.431929040639
 20
5664.738501292302
 10
2890.431929040639
 20
5664.738501292302
 10
2686.431929085284
 20
5664.738501292302
 97
0
 75
1
 76
1
 98
0
  0
HATCH
  5
2A6
330
17
100
AcDbEntity
  8
Hachura
 62
7
100
AcDbHatch
 10
0.0
 20
0.0
 30
0.0
210
0.0
220
0.0
230
1.0
  2
SOLID
 70
1
 71
0
 91
1
 92
3
 72
0
 73
1
 93
8
 10
2872.031929065091
 20
5664.738501292302
 10
2868.431929065085
 20
5664.738501292302
 10
2868.431929065085
 20
5664.738501292302
 10
2868.431929065085
 20
5626.738501452898
 10
2868.431929065085
 20
5626.738501452898
 10
2872.031929065091
 20
5626.738501452898
 10
2872.031929065091
 20
5626.738501452898
 10
2872.031929065091
 20
5664.738501292302
 97
0
 75
1
 76
1
 98
0
  0
HATCH
  5
2A7
330
17
100
AcDbEntity
  8
Hachura
 62
7
100
AcDbHatch
 10
0.0
 20
0.0
 30
0.0
210
0.0
220
0.0
230
1.0
  2
SOLID
 70
1
 71
0
 91
1
 92
3
 72
0
 73
1
 93
8
 10
2708.431929065086
 20
5664.738501292361
 10
2704.83192906508
 20
5664.738501292361
 10
2704.83192906508
 20
5664.738501292361
 10
2704.83192906508
 20
5626.738501452956
 10
2704.83192906508
 20
5626.738501452956
 10
2708.431929065086
 20
5626.738501452956
 10
2708.431929065086
 20
5626.738501452956
 10
2708.431929065086
 20
5664.738501292361
 97
0
 75
1
 76
1
 98
0
  0
HATCH
  5
2A8
330
17
100
AcDbEntity
  8
Hachura
 62
7
100
AcDbHatch
 10
0.0
 20
0.0
 30
0.0
210
0.0
220
0.0
230
1.0
  2
SOLID
 70
1
 71
0
 91
1
 92
3
 72
0
 73
1
 93
8
 10
2876.431929054783
 20
5626.738501563579
 10
2872.031929060464
 20
5626.738501563579
 10
2872.031929060464
 20
5626.738501563579
 10
2872.031929060377
 20
5640.738501549435
 10
2872.031929060377
 20
5640.738501549435
 10
2876.431929054783
 20
5640.738501549435
 10
2876.431929054783
 20
5640.738501549435
 10
2876.431929054783
 20
5626.738501563579
 97
0
 75
1
 76
1
 98
0
  0
HATCH
  5
2A9
330
17
100
AcDbEntity
  8
Hachura
 62
7
100
AcDbHatch
 10
0.0
 20
0.0
 30
0.0
210
0.0
220
0.0
230
1.0
  2
SOLID
 70
1
 71
0
 91
1
 92
3
 72
0
 73
1
 93
8
 10
2704.83192906508
 20
5626.738501563637
 10
2700.431929070761
 20
5626.738501563637
 10
2700.431929070761
 20
5626.738501563637
 10
2700.431929070674
 20
5640.738501549493
 10
2700.431929070674
 20
5640.738501549493
 10
2704.83192906508
 20
5640.738501549493
 10
2704.83192906508
 20
5640.738501549493
 10
2704.83192906508
 20
5626.738501563637
 97
0
 75
1
 76
1
 98
0
  0
HATCH
  5
2AA
330
17
100
AcDbEntity
  8
Hachura
 62
7
100
AcDbHatch
 10
0.0
 20
0.0
 30
0.0
210
0.0
220
0.0
230
1.0
  2
SOLID
 70
1
 71
0
 91
1
 92
3
 72
0
 73
1
 93
8
 10
2876.431929054783
 20
5664.73850118162
 10
2872.031929060464
 20
5664.73850118162
 10
2872.031929060464
 20
5664.73850118162
 10
2872.031929060377
 20
5650.738501195765
 10
2872.031929060377
 20
5650.738501195765
 10
2876.431929054783
 20
5650.738501195765
 10
2876.431929054783
 20
5650.738501195765
 10
2876.431929054783
 20
5664.73850118162
 97
0
 75
1
 76
1
 98
0
  0
HATCH
  5
2AB
330
17
100
AcDbEntity
  8
Hachura
 62
7
100
AcDbHatch
 10
0.0
 20
0.0
 30
0.0
210
0.0
220
0.0
230
1.0
  2
SOLID
 70
1
 71
0
 91
1
 92
3
 72
0
 73
1
 93
8
 10
2704.83192906508
 20
5664.738501181562
 10
2700.431929070761
 20
5664.738501181562
 10
2700.431929070761
 20
5664.738501181562
 10
2700.431929070674
 20
5650.738501195707
 10
2700.431929070674
 20
5650.738501195707
 10
2704.83192906508
 20
5650.738501195707
 10
2704.83192906508
 20
5650.738501195707
 10
2704.83192906508
 20
5664.738501181562
 97
0
 75
1
 76
1
 98
0
  0
HATCH
  5
2AC
330
17
100
AcDbEntity
  8
Hachura
 62
7
100
AcDbHatch
 10
0.0
 20
0.0
 30
0.0
210
0.0
220
0.0
230
1.0
  2
SOLID
 70
1
 71
0
 91
1
 92
3
 72
0
 73
1
 93
8
 10
3297.994821544769
 20
5447.075338093883
 10
3195.994821544817
 20
5447.075338093885
 10
3195.994821544817
 20
5447.075338093885
 10
3195.994821544817
 20
5226.075338093895
 10
3195.994821544817
 20
5226.075338093895
 10
3297.994821544769
 20
5226.075338093913
 10
3297.994821544769
 20
5226.075338093913
 10
3297.994821544769
 20
5447.075338093883
 97
0
 75
1
 76
1
 98
0
  0
HATCH
  5
2AD
330
17
100
AcDbEntity
  8
Hachura
 62
7
100
AcDbHatch
 10
0.0
 20
0.0
 30
0.0
210
0.0
220
0.0
230
1.0
  2
SOLID
 70
1
 71
0
 91
1
 92
3
 72
0
 73
1
 93
8
 10
3530.852231954352
 20
5447.075338093883
 10
3428.8522319544
 20
5447.075338093885
 10
3428.8522319544
 20
5447.075338093885
 10
3428.852231954479
 20
5226.075338093895
 10
3428.852231954479
 20
5226.075338093895
 10
3530.852231954432
 20
5226.075338093913
 10
3530.852231954432
 20
5226.075338093913
 10
3530.852231954352
 20
5447.075338093883
 97
0
 75
1
 76
1
 98
0
  0
HATCH
  5
2AE
330
17
100
AcDbEntity
  8
Hachura
 62
7
100
AcDbHatch
 10
0.0
 20
0.0
 30
0.0
210
0.0
220
0.0
230
1.0
  2
SOLID
 70
1
 71
0
 91
1
 92
3
 72
0
 73
1
 93
8
 10
3688.518910876285
 20
5447.075338093883
 10
3669.518910876259
 20
5447.075338093885
 10
3669.518910876259
 20
5447.075338093885
 10
3669.51891087629
 20
5226.075338093895
 10
3669.51891087629
 20
5226.075338093895
 10
3688.518910876315
 20
5226.075338093911
 10
3688.518910876315
 20
5226.075338093911
 10
3688.518910876285
 20
5447.075338093883
 97
0
 75
1
 76
1
 98
0
  0
HATCH
  5
2AF
330
17
100
AcDbEntity
  8
Hachura
 62
7
100
AcDbHatch
 10
0.0
 20
0.0
 30
0.0
210
0.0
220
0.0
230
1.0
  2
SOLID
 70
1
 71
0
 91
1
 92
3
 72
0
 73
1
 93
8
 10
3837.024851282423
 20
5447.075338093885
 10
3818.024851282401
 20
5447.075338093885
 10
3818.024851282401
 20
5447.075338093885
 10
3818.02485128248
 20
5226.075338093895
 10
3818.02485128248
 20
5226.075338093895
 10
3837.024851282502
 20
5226.075338093911
 10
3837.024851282502
 20
5226.075338093911
 10
3837.024851282423
 20
5447.075338093885
 97
0
 75
1
 76
1
 98
0
  0
ENDSEC
  0
SECTION
  2
OBJECTS
  0
DICTIONARY
  5
A
330
0
100
AcDbDictionary
281
1
  3
ACAD_COLOR
350
B
  3
ACAD_GROUP
350
C
  3
ACAD_LAYOUT
350
D
  3
ACAD_MATERIAL
350
E
  3
ACAD_MLEADERSTYLE
350
F
  3
ACAD_MLINESTYLE
350
10
  3
ACAD_PLOTSETTINGS
350
11
  3
ACAD_PLOTSTYLENAME
350
12
  3
ACAD_SCALELIST
350
14
  3
ACAD_TABLESTYLE
350
15
  3
ACAD_VISUALSTYLE
350
16
  3
EZDXF_META
350
2D
  0
DICTIONARY
  5
B
330
A
100
AcDbDictionary
281
1
  0
DICTIONARY
  5
C
330
A
100
AcDbDictionary
281
1
  0
DICTIONARY
  5
D
330
A
100
AcDbDictionary
281
1
  3
Model
350
1A
  3
Layout1
350
1E
  0
DICTIONARY
  5
E
330
A
100
AcDbDictionary
281
1
  3
ByBlock
350
1F
  3
ByLayer
350
20
  3
Global
350
21
  0
DICTIONARY
  5
F
330
A
100
AcDbDictionary
281
1
  3
Standard
350
2C
  0
DICTIONARY
  5
10
330
A
100
AcDbDictionary
281
1
  3
Standard
350
22
  0
DICTIONARY
  5
11
330
A
100
AcDbDictionary
281
1
  0
ACDBDICTIONARYWDFLT
  5
12
330
A
100
AcDbDictionary
281
1
  3
Normal
350
13
100
AcDbDictionaryWithDefault
340
13
  0
ACDBPLACEHOLDER
  5
13
330
12
  0
DICTIONARY
  5
14
330
A
100
AcDbDictionary
281
1
  0
DICTIONARY
  5
15
330
A
100
AcDbDictionary
281
1
  0
DICTIONARY
  5
16
330
A
100
AcDbDictionary
281
1
  0
LAYOUT
  5
1A
330
D
100
AcDbPlotSettings
  1

  4
A3
  6

 40
7.5
 41
20.0
 42
7.5
 43
20.0
 44
420.0
 45
297.0
 46
0.0
 47
0.0
 48
0.0
 49
0.0
140
0.0
141
0.0
142
1.0
143
1.0
 70
1024
 72
1
 73
0
 74
5
  7

 75
16
 76
0
 77
2
 78
300
147
1.0
148
0.0
149
0.0
100
AcDbLayout
  1
Model
 70
1
 71
0
 10
0.0
 20
0.0
 11
420.0
 21
297.0
 12
0.0
 22
0.0
 32
0.0
 14
1e+20
 24
1e+20
 34
1e+20
 15
-1e+20
 25
-1e+20
 35
-1e+20
146
0.0
 13
0.0
 23
0.0
 33
0.0
 16
1.0
 26
0.0
 36
0.0
 17
0.0
 27
1.0
 37
0.0
 76
1
330
17
  0
LAYOUT
  5
1E
330
D
100
AcDbPlotSettings
  1

  4
A3
  6

 40
7.5
 41
20.0
 42
7.5
 43
20.0
 44
420.0
 45
297.0
 46
0.0
 47
0.0
 48
0.0
 49
0.0
140
0.0
141
0.0
142
1.0
143
1.0
 70
0
 72
1
 73
0
 74
5
  7

 75
16
 76
0
 77
2
 78
300
147
1.0
148
0.0
149
0.0
100
AcDbLayout
  1
Layout1
 70
1
 71
1
 10
0.0
 20
0.0
 11
420.0
 21
297.0
 12
0.0
 22
0.0
 32
0.0
 14
1e+20
 24
1e+20
 34
1e+20
 15
-1e+20
 25
-1e+20
 35
-1e+20
146
0.0
 13
0.0
 23
0.0
 33
0.0
 16
1.0
 26
0.0
 36
0.0
 17
0.0
 27
1.0
 37
0.0
 76
1
330
1B
  0
MATERIAL
  5
1F
102
{ACAD_REACTORS
330
E
102
}
330
E
100
AcDbMaterial
  1
ByBlock
  2

 70
0
 40
1.0
 71
1
 41
1.0
 91
-1023410177
 42
1.0
 72
1
  3

 73
1
 74
1
 75
1
 44
0.5
 73
0
 45
1.0
 46
1.0
 77
1
  4

 78
1
 79
1
170
1
 48
1.0
171
1
  6

172
1
173
1
174
1
140
1.0
141
1.0
175
1
  7

176
1
177
1
178
1
143
1.0
179
1
  8

270
1
271
1
272
1
145
1.0
146
1.0
273
1
  9

274
1
275
1
276
1
 42
1.0
 72
1
  3

 73
1
 74
1
 75
1
 94
63
  0
MATERIAL
  5
20
102
{ACAD_REACTORS
330
E
102
}
330
E
100
AcDbMaterial
  1
ByLayer
  2

 70
0
 40
1.0
 71
1
 41
1.0
 91
-1023410177
 42
1.0
 72
1
  3

 73
1
 74
1
 75
1
 44
0.5
 73
0
 45
1.0
 46
1.0
 77
1
  4

 78
1
 79
1
170
1
 48
1.0
171
1
  6

172
1
173
1
174
1
140
1.0
141
1.0
175
1
  7

176
1
177
1
178
1
143
1.0
179
1
  8

270
1
271
1
272
1
145
1.0
146
1.0
273
1
  9

274
1
275
1
276
1
 42
1.0
 72
1
  3

 73
1
 74
1
 75
1
 94
63
  0
MATERIAL
  5
21
102
{ACAD_REACTORS
330
E
102
}
330
E
100
AcDbMaterial
  1
Global
  2

 70
0
 40
1.0
 71
1
 41
1.0
 91
-1023410177
 42
1.0
 72
1
  3

 73
1
 74
1
 75
1
 44
0.5
 73
0
 45
1.0
 46
1.0
 77
1
  4

 78
1
 79
1
170
1
 48
1.0
171
1
  6

172
1
173
1
174
1
140
1.0
141
1.0
175
1
  7

176
1
177
1
178
1
143
1.0
179
1
  8

270
1
271
1
272
1
145
1.0
146
1.0
273
1
  9

274
1
275
1
276
1
 42
1.0
 72
1
  3

 73
1
 74
1
 75
1
 94
63
  0
MLINESTYLE
  5
22
102
{ACAD_REACTORS
330
10
102
}
330
10
100
AcDbMlineStyle
  2
Standard
 70
0
  3

 62
256
 51
90.0
 52
90.0
 71
2
 49
0.5
 62
256
  6
BYLAYER
 49
-0.5
 62
256
  6
BYLAYER
  0
MLEADERSTYLE
  5
2C
102
{ACAD_REACTORS
330
F
102
}
330
F
100
AcDbMLeaderStyle
179
2
170
2
171
1
172
0
 90
2
 40
0.0
 41
0.0
173
1
 91
-1056964608
 92
-2
290
1
 42
2.0
291
1
 43
8.0
  3
Standard
 44
4.0
300

342
29
174
1
175
1
176
0
178
1
 93
-1056964608
 45
4.0
292
0
297
0
 46
4.0
 94
-1056964608
 47
1.0
 49
1.0
140
1.0
294
1
141
0.0
177
0
142
1.0
295
0
296
0
143
3.75
271
0
272
9
273
9
  0
DICTIONARY
  5
2D
330
A
100
AcDbDictionary
280
1
281
1
  3
CREATED_BY_EZDXF
350
2E
  3
WRITTEN_BY_EZDXF
350
2B2
  0
DICTIONARYVAR
  5
2E
330
2D
100
DictionaryVariables
280
0
  1
1.4.3 @ 2026-06-10T16:54:22.346020+00:00
  0
DICTIONARYVAR
  5
2B2
330
2D
100
DictionaryVariables
280
0
  1
1.4.3 @ 2026-06-10T16:54:22.364755+00:00
  0
ENDSEC
  0
EOF
