2026-03-28 09:18:08 | debug_robo_cima | INFO | Iniciando logs de depuração para robo_cima
2026-03-28 09:18:08 | debug_robo_cima | INFO | Arquivo de log: logs\depuracao\robo_cima_20260328_091808.log
2026-03-28 09:18:08 | debug_robo_cima | INFO | ℹ️ 🔄 Instância do GeradorPilar registrada globalmente
2026-03-28 09:18:08 | debug_robo_cima | INFO | ℹ️ 🔄 Globais do pilar especial inicializadas
2026-03-28 09:18:09 | debug_robo_cima | INFO | 
----------------------------------------
2026-03-28 09:18:09 | debug_robo_cima | INFO | 📌 VERIFICAÇÃO DE PILAR ESPECIAL ATIVO
2026-03-28 09:18:09 | debug_robo_cima | INFO | ----------------------------------------
2026-03-28 09:18:09 | debug_robo_cima | INFO | ℹ️ 🔄 Verificando se pilar especial está ativo...
2026-03-28 09:18:09 | debug_robo_cima | INFO | ℹ️ 🔄 Status do checkbox pilar_rotacionado_var: False
2026-03-28 09:18:09 | debug_robo_cima | INFO | ℹ️ 🔄 Status do checkbox pilar_especial_ativo_var: False
2026-03-28 09:18:09 | debug_robo_cima | INFO | ℹ️ Pilar especial INATIVO - pilar_rotacionado: False, pilar_especial: False, globais: False, tipo: ''
2026-03-28 09:18:09 | debug_robo_cima | INFO | 
----------------------------------------
2026-03-28 09:18:09 | debug_robo_cima | INFO | 📌 VERIFICAÇÃO DE PILAR ESPECIAL ATIVO
2026-03-28 09:18:09 | debug_robo_cima | INFO | ----------------------------------------
2026-03-28 09:18:09 | debug_robo_cima | INFO | ℹ️ 🔄 Verificando se pilar especial está ativo...
2026-03-28 09:18:09 | debug_robo_cima | INFO | ℹ️ 🔄 Status do checkbox pilar_rotacionado_var: False
2026-03-28 09:18:09 | debug_robo_cima | INFO | ℹ️ 🔄 Status do checkbox pilar_especial_ativo_var: False
2026-03-28 09:18:09 | debug_robo_cima | INFO | ℹ️ Pilar especial INATIVO - pilar_rotacionado: False, pilar_especial: False, globais: False, tipo: ''
2026-03-28 09:18:09 | debug_robo_cima | INFO | 
----------------------------------------
2026-03-28 09:18:09 | debug_robo_cima | INFO | 📌 VERIFICAÇÃO DE PILAR ESPECIAL ATIVO
2026-03-28 09:18:09 | debug_robo_cima | INFO | ----------------------------------------
2026-03-28 09:18:09 | debug_robo_cima | INFO | ℹ️ 🔄 Verificando se pilar especial está ativo...
2026-03-28 09:18:09 | debug_robo_cima | INFO | ℹ️ 🔄 Status do checkbox pilar_rotacionado_var: False
2026-03-28 09:18:09 | debug_robo_cima | INFO | ℹ️ 🔄 Status do checkbox pilar_especial_ativo_var: False
2026-03-28 09:18:09 | debug_robo_cima | INFO | ℹ️ Pilar especial INATIVO - pilar_rotacionado: False, pilar_especial: False, globais: False, tipo: ''
2026-03-28 09:18:09 | debug_robo_cima | INFO | 
----------------------------------------
2026-03-28 09:18:09 | debug_robo_cima | INFO | 📌 VERIFICAÇÃO DE PILAR ESPECIAL ATIVO
2026-03-28 09:18:09 | debug_robo_cima | INFO | ----------------------------------------
2026-03-28 09:18:09 | debug_robo_cima | INFO | ℹ️ 🔄 Verificando se pilar especial está ativo...
2026-03-28 09:18:09 | debug_robo_cima | INFO | ℹ️ 🔄 Status do checkbox pilar_rotacionado_var: False
2026-03-28 09:18:09 | debug_robo_cima | INFO | ℹ️ 🔄 Status do checkbox pilar_especial_ativo_var: False
2026-03-28 09:18:09 | debug_robo_cima | INFO | ℹ️ Pilar especial INATIVO - pilar_rotacionado: False, pilar_especial: False, globais: False, tipo: ''
2026-03-28 09:18:09 | debug_robo_cima | INFO | 
----------------------------------------
2026-03-28 09:18:09 | debug_robo_cima | INFO | 📌 VERIFICAÇÃO DE PILAR ESPECIAL ATIVO
2026-03-28 09:18:09 | debug_robo_cima | INFO | ----------------------------------------
2026-03-28 09:18:09 | debug_robo_cima | INFO | ℹ️ 🔄 Verificando se pilar especial está ativo...
2026-03-28 09:18:09 | debug_robo_cima | INFO | ℹ️ 🔄 Status do checkbox pilar_rotacionado_var: False
2026-03-28 09:18:09 | debug_robo_cima | INFO | ℹ️ 🔄 Status do checkbox pilar_especial_ativo_var: False
2026-03-28 09:18:09 | debug_robo_cima | INFO | ℹ️ Pilar especial INATIVO - pilar_rotacionado: False, pilar_especial: False, globais: False, tipo: ''
2026-03-28 09:18:09 | debug_robo_cima | INFO | 
----------------------------------------
2026-03-28 09:18:09 | debug_robo_cima | INFO | 📌 VERIFICAÇÃO DE PILAR ESPECIAL ATIVO
2026-03-28 09:18:09 | debug_robo_cima | INFO | ----------------------------------------
2026-03-28 09:18:09 | debug_robo_cima | INFO | ℹ️ 🔄 Verificando se pilar especial está ativo...
2026-03-28 09:18:09 | debug_robo_cima | INFO | ℹ️ 🔄 Status do checkbox pilar_rotacionado_var: False
2026-03-28 09:18:09 | debug_robo_cima | INFO | ℹ️ 🔄 Status do checkbox pilar_especial_ativo_var: False
2026-03-28 09:18:09 | debug_robo_cima | INFO | ℹ️ Pilar especial INATIVO - pilar_rotacionado: False, pilar_especial: False, globais: False, tipo: ''
2026-03-28 09:18:09 | debug_robo_cima | INFO | 
----------------------------------------
2026-03-28 09:18:09 | debug_robo_cima | INFO | 📌 VERIFICAÇÃO DE PILAR ESPECIAL ATIVO
2026-03-28 09:18:09 | debug_robo_cima | INFO | ----------------------------------------
2026-03-28 09:18:09 | debug_robo_cima | INFO | ℹ️ 🔄 Verificando se pilar especial está ativo...
2026-03-28 09:18:09 | debug_robo_cima | INFO | ℹ️ 🔄 Status do checkbox pilar_rotacionado_var: False
2026-03-28 09:18:09 | debug_robo_cima | INFO | ℹ️ 🔄 Status do checkbox pilar_especial_ativo_var: False
2026-03-28 09:18:09 | debug_robo_cima | INFO | ℹ️ Pilar especial INATIVO - pilar_rotacionado: False, pilar_especial: False, globais: False, tipo: ''
2026-03-28 09:18:09 | debug_robo_cima | INFO | 
----------------------------------------
2026-03-28 09:18:09 | debug_robo_cima | INFO | 📌 VERIFICAÇÃO DE PILAR ESPECIAL ATIVO
2026-03-28 09:18:09 | debug_robo_cima | INFO | ----------------------------------------
2026-03-28 09:18:09 | debug_robo_cima | INFO | ℹ️ 🔄 Verificando se pilar especial está ativo...
2026-03-28 09:18:09 | debug_robo_cima | INFO | ℹ️ 🔄 Status do checkbox pilar_rotacionado_var: False
2026-03-28 09:18:09 | debug_robo_cima | INFO | ℹ️ 🔄 Status do checkbox pilar_especial_ativo_var: False
2026-03-28 09:18:09 | debug_robo_cima | INFO | ℹ️ Pilar especial INATIVO - pilar_rotacionado: False, pilar_especial: False, globais: False, tipo: ''
2026-03-28 09:18:09 | debug_robo_cima | INFO | 
----------------------------------------
2026-03-28 09:18:09 | debug_robo_cima | INFO | 📌 VERIFICAÇÃO DE PILAR ESPECIAL ATIVO
2026-03-28 09:18:09 | debug_robo_cima | INFO | ----------------------------------------
2026-03-28 09:18:09 | debug_robo_cima | INFO | ℹ️ 🔄 Verificando se pilar especial está ativo...
2026-03-28 09:18:09 | debug_robo_cima | INFO | ℹ️ 🔄 Status do checkbox pilar_rotacionado_var: False
2026-03-28 09:18:09 | debug_robo_cima | INFO | ℹ️ 🔄 Status do checkbox pilar_especial_ativo_var: False
2026-03-28 09:18:09 | debug_robo_cima | INFO | ℹ️ Pilar especial INATIVO - pilar_rotacionado: False, pilar_especial: False, globais: False, tipo: ''
2026-03-28 09:18:09 | debug_robo_cima | INFO | 
----------------------------------------
2026-03-28 09:18:09 | debug_robo_cima | INFO | 📌 VERIFICAÇÃO DE PILAR ESPECIAL ATIVO
2026-03-28 09:18:09 | debug_robo_cima | INFO | ----------------------------------------
2026-03-28 09:18:09 | debug_robo_cima | INFO | ℹ️ 🔄 Verificando se pilar especial está ativo...
2026-03-28 09:18:09 | debug_robo_cima | INFO | ℹ️ 🔄 Status do checkbox pilar_rotacionado_var: False
2026-03-28 09:18:09 | debug_robo_cima | INFO | ℹ️ 🔄 Status do checkbox pilar_especial_ativo_var: False
2026-03-28 09:18:09 | debug_robo_cima | INFO | ℹ️ Pilar especial INATIVO - pilar_rotacionado: False, pilar_especial: False, globais: False, tipo: ''
2026-03-28 09:18:09 | debug_robo_cima | INFO | 
----------------------------------------
2026-03-28 09:18:09 | debug_robo_cima | INFO | 📌 VERIFICAÇÃO DE PILAR ESPECIAL ATIVO
2026-03-28 09:18:09 | debug_robo_cima | INFO | ----------------------------------------
2026-03-28 09:18:09 | debug_robo_cima | INFO | ℹ️ 🔄 Verificando se pilar especial está ativo...
2026-03-28 09:18:09 | debug_robo_cima | INFO | ℹ️ 🔄 Status do checkbox pilar_rotacionado_var: False
2026-03-28 09:18:09 | debug_robo_cima | INFO | ℹ️ 🔄 Status do checkbox pilar_especial_ativo_var: False
2026-03-28 09:18:09 | debug_robo_cima | INFO | ℹ️ Pilar especial INATIVO - pilar_rotacionado: False, pilar_especial: False, globais: False, tipo: ''
2026-03-28 09:18:09 | debug_robo_cima | INFO | 
----------------------------------------
2026-03-28 09:18:09 | debug_robo_cima | INFO | 📌 VERIFICAÇÃO DE PILAR ESPECIAL ATIVO
2026-03-28 09:18:09 | debug_robo_cima | INFO | ----------------------------------------
2026-03-28 09:18:09 | debug_robo_cima | INFO | ℹ️ 🔄 Verificando se pilar especial está ativo...
2026-03-28 09:18:09 | debug_robo_cima | INFO | ℹ️ 🔄 Status do checkbox pilar_rotacionado_var: False
2026-03-28 09:18:09 | debug_robo_cima | INFO | ℹ️ 🔄 Status do checkbox pilar_especial_ativo_var: False
2026-03-28 09:18:09 | debug_robo_cima | INFO | ℹ️ Pilar especial INATIVO - pilar_rotacionado: False, pilar_especial: False, globais: False, tipo: ''
2026-03-28 09:18:09 | debug_robo_cima | INFO | 
----------------------------------------
2026-03-28 09:18:09 | debug_robo_cima | INFO | 📌 VERIFICAÇÃO DE PILAR ESPECIAL ATIVO
2026-03-28 09:18:09 | debug_robo_cima | INFO | ----------------------------------------
2026-03-28 09:18:09 | debug_robo_cima | INFO | ℹ️ 🔄 Verificando se pilar especial está ativo...
2026-03-28 09:18:09 | debug_robo_cima | INFO | ℹ️ 🔄 Status do checkbox pilar_rotacionado_var: False
2026-03-28 09:18:09 | debug_robo_cima | INFO | ℹ️ 🔄 Status do checkbox pilar_especial_ativo_var: False
2026-03-28 09:18:09 | debug_robo_cima | INFO | ℹ️ Pilar especial INATIVO - pilar_rotacionado: False, pilar_especial: False, globais: False, tipo: ''
2026-03-28 09:18:09 | debug_robo_cima | INFO | 
----------------------------------------
2026-03-28 09:18:09 | debug_robo_cima | INFO | 📌 VERIFICAÇÃO DE PILAR ESPECIAL ATIVO
2026-03-28 09:18:09 | debug_robo_cima | INFO | ----------------------------------------
2026-03-28 09:18:09 | debug_robo_cima | INFO | ℹ️ 🔄 Verificando se pilar especial está ativo...
2026-03-28 09:18:09 | debug_robo_cima | INFO | ℹ️ 🔄 Status do checkbox pilar_rotacionado_var: False
2026-03-28 09:18:09 | debug_robo_cima | INFO | ℹ️ 🔄 Status do checkbox pilar_especial_ativo_var: False
2026-03-28 09:18:09 | debug_robo_cima | INFO | ℹ️ Pilar especial INATIVO - pilar_rotacionado: False, pilar_especial: False, globais: False, tipo: ''
2026-03-28 09:18:09 | debug_robo_cima | INFO | 
----------------------------------------
2026-03-28 09:18:09 | debug_robo_cima | INFO | 📌 VERIFICAÇÃO DE PILAR ESPECIAL ATIVO
2026-03-28 09:18:09 | debug_robo_cima | INFO | ----------------------------------------
2026-03-28 09:18:09 | debug_robo_cima | INFO | ℹ️ 🔄 Verificando se pilar especial está ativo...
2026-03-28 09:18:09 | debug_robo_cima | INFO | ℹ️ 🔄 Status do checkbox pilar_rotacionado_var: False
2026-03-28 09:18:09 | debug_robo_cima | INFO | ℹ️ 🔄 Status do checkbox pilar_especial_ativo_var: False
2026-03-28 09:18:09 | debug_robo_cima | INFO | ℹ️ Pilar especial INATIVO - pilar_rotacionado: False, pilar_especial: False, globais: False, tipo: ''
2026-03-28 09:18:09 | debug_robo_cima | INFO | 
----------------------------------------
2026-03-28 09:18:09 | debug_robo_cima | INFO | 📌 VERIFICAÇÃO DE PILAR ESPECIAL ATIVO
2026-03-28 09:18:09 | debug_robo_cima | INFO | ----------------------------------------
2026-03-28 09:18:09 | debug_robo_cima | INFO | ℹ️ 🔄 Verificando se pilar especial está ativo...
2026-03-28 09:18:09 | debug_robo_cima | INFO | ℹ️ 🔄 Status do checkbox pilar_rotacionado_var: False
2026-03-28 09:18:09 | debug_robo_cima | INFO | ℹ️ 🔄 Status do checkbox pilar_especial_ativo_var: False
2026-03-28 09:18:09 | debug_robo_cima | INFO | ℹ️ Pilar especial INATIVO - pilar_rotacionado: False, pilar_especial: False, globais: False, tipo: ''
2026-03-28 09:18:09 | debug_robo_cima | INFO | 
----------------------------------------
2026-03-28 09:18:09 | debug_robo_cima | INFO | 📌 VERIFICAÇÃO DE PILAR ESPECIAL ATIVO
2026-03-28 09:18:09 | debug_robo_cima | INFO | ----------------------------------------
2026-03-28 09:18:09 | debug_robo_cima | INFO | ℹ️ 🔄 Verificando se pilar especial está ativo...
2026-03-28 09:18:09 | debug_robo_cima | INFO | ℹ️ 🔄 Status do checkbox pilar_rotacionado_var: False
2026-03-28 09:18:09 | debug_robo_cima | INFO | ℹ️ 🔄 Status do checkbox pilar_especial_ativo_var: False
2026-03-28 09:18:09 | debug_robo_cima | INFO | ℹ️ Pilar especial INATIVO - pilar_rotacionado: False, pilar_especial: False, globais: False, tipo: ''
2026-03-28 09:18:09 | debug_robo_cima | INFO | 
----------------------------------------
2026-03-28 09:18:09 | debug_robo_cima | INFO | 📌 VERIFICAÇÃO DE PILAR ESPECIAL ATIVO
2026-03-28 09:18:09 | debug_robo_cima | INFO | ----------------------------------------
2026-03-28 09:18:09 | debug_robo_cima | INFO | ℹ️ 🔄 Verificando se pilar especial está ativo...
2026-03-28 09:18:09 | debug_robo_cima | INFO | ℹ️ 🔄 Status do checkbox pilar_rotacionado_var: False
2026-03-28 09:18:09 | debug_robo_cima | INFO | ℹ️ 🔄 Status do checkbox pilar_especial_ativo_var: False
2026-03-28 09:18:09 | debug_robo_cima | INFO | ℹ️ Pilar especial INATIVO - pilar_rotacionado: False, pilar_especial: False, globais: False, tipo: ''
2026-03-28 09:18:09 | debug_robo_cima | INFO | 
----------------------------------------
2026-03-28 09:18:09 | debug_robo_cima | INFO | 📌 VERIFICAÇÃO DE PILAR ESPECIAL ATIVO
2026-03-28 09:18:09 | debug_robo_cima | INFO | ----------------------------------------
2026-03-28 09:18:09 | debug_robo_cima | INFO | ℹ️ 🔄 Verificando se pilar especial está ativo...
2026-03-28 09:18:09 | debug_robo_cima | INFO | ℹ️ 🔄 Status do checkbox pilar_rotacionado_var: False
2026-03-28 09:18:09 | debug_robo_cima | INFO | ℹ️ 🔄 Status do checkbox pilar_especial_ativo_var: False
2026-03-28 09:18:09 | debug_robo_cima | INFO | ℹ️ Pilar especial INATIVO - pilar_rotacionado: False, pilar_especial: False, globais: False, tipo: ''
2026-03-28 09:18:09 | debug_robo_cima | INFO | 
----------------------------------------
2026-03-28 09:18:09 | debug_robo_cima | INFO | 📌 VERIFICAÇÃO DE PILAR ESPECIAL ATIVO
2026-03-28 09:18:09 | debug_robo_cima | INFO | ----------------------------------------
2026-03-28 09:18:09 | debug_robo_cima | INFO | ℹ️ 🔄 Verificando se pilar especial está ativo...
2026-03-28 09:18:09 | debug_robo_cima | INFO | ℹ️ 🔄 Status do checkbox pilar_rotacionado_var: False
2026-03-28 09:18:09 | debug_robo_cima | INFO | ℹ️ 🔄 Status do checkbox pilar_especial_ativo_var: False
2026-03-28 09:18:09 | debug_robo_cima | INFO | ℹ️ Pilar especial INATIVO - pilar_rotacionado: False, pilar_especial: False, globais: False, tipo: ''
2026-03-28 09:18:09 | debug_robo_cima | INFO | 
----------------------------------------
2026-03-28 09:18:09 | debug_robo_cima | INFO | 📌 VERIFICAÇÃO DE PILAR ESPECIAL ATIVO
2026-03-28 09:18:09 | debug_robo_cima | INFO | ----------------------------------------
2026-03-28 09:18:09 | debug_robo_cima | INFO | ℹ️ 🔄 Verificando se pilar especial está ativo...
2026-03-28 09:18:09 | debug_robo_cima | INFO | ℹ️ 🔄 Status do checkbox pilar_rotacionado_var: False
2026-03-28 09:18:09 | debug_robo_cima | INFO | ℹ️ 🔄 Status do checkbox pilar_especial_ativo_var: False
2026-03-28 09:18:09 | debug_robo_cima | INFO | ℹ️ Pilar especial INATIVO - pilar_rotacionado: False, pilar_especial: False, globais: False, tipo: ''
2026-03-28 09:18:09 | debug_robo_cima | INFO | 
----------------------------------------
2026-03-28 09:18:09 | debug_robo_cima | INFO | 📌 VERIFICAÇÃO DE PILAR ESPECIAL ATIVO
2026-03-28 09:18:09 | debug_robo_cima | INFO | ----------------------------------------
2026-03-28 09:18:09 | debug_robo_cima | INFO | ℹ️ 🔄 Verificando se pilar especial está ativo...
2026-03-28 09:18:09 | debug_robo_cima | INFO | ℹ️ 🔄 Status do checkbox pilar_rotacionado_var: False
2026-03-28 09:18:09 | debug_robo_cima | INFO | ℹ️ 🔄 Status do checkbox pilar_especial_ativo_var: False
2026-03-28 09:18:09 | debug_robo_cima | INFO | ℹ️ Pilar especial INATIVO - pilar_rotacionado: False, pilar_especial: False, globais: False, tipo: ''
2026-03-28 09:18:09 | debug_robo_cima | INFO | 
----------------------------------------
2026-03-28 09:18:09 | debug_robo_cima | INFO | 📌 VERIFICAÇÃO DE PILAR ESPECIAL ATIVO
2026-03-28 09:18:09 | debug_robo_cima | INFO | ----------------------------------------
2026-03-28 09:18:09 | debug_robo_cima | INFO | ℹ️ 🔄 Verificando se pilar especial está ativo...
2026-03-28 09:18:09 | debug_robo_cima | INFO | ℹ️ 🔄 Status do checkbox pilar_rotacionado_var: False
2026-03-28 09:18:09 | debug_robo_cima | INFO | ℹ️ 🔄 Status do checkbox pilar_especial_ativo_var: False
2026-03-28 09:18:09 | debug_robo_cima | INFO | ℹ️ Pilar especial INATIVO - pilar_rotacionado: False, pilar_especial: False, globais: False, tipo: ''
2026-03-28 09:18:09 | debug_robo_cima | INFO | 
----------------------------------------
2026-03-28 09:18:09 | debug_robo_cima | INFO | 📌 VERIFICAÇÃO DE PILAR ESPECIAL ATIVO
2026-03-28 09:18:09 | debug_robo_cima | INFO | ----------------------------------------
2026-03-28 09:18:09 | debug_robo_cima | INFO | ℹ️ 🔄 Verificando se pilar especial está ativo...
2026-03-28 09:18:09 | debug_robo_cima | INFO | ℹ️ 🔄 Status do checkbox pilar_rotacionado_var: False
2026-03-28 09:18:09 | debug_robo_cima | INFO | ℹ️ 🔄 Status do checkbox pilar_especial_ativo_var: False
2026-03-28 09:18:09 | debug_robo_cima | INFO | ℹ️ Pilar especial INATIVO - pilar_rotacionado: False, pilar_especial: False, globais: False, tipo: ''
2026-03-28 09:18:09 | debug_robo_cima | INFO | 
----------------------------------------
2026-03-28 09:18:09 | debug_robo_cima | INFO | 📌 VERIFICAÇÃO DE PILAR ESPECIAL ATIVO
2026-03-28 09:18:09 | debug_robo_cima | INFO | ----------------------------------------
2026-03-28 09:18:09 | debug_robo_cima | INFO | ℹ️ 🔄 Verificando se pilar especial está ativo...
2026-03-28 09:18:09 | debug_robo_cima | INFO | ℹ️ 🔄 Status do checkbox pilar_rotacionado_var: False
2026-03-28 09:18:09 | debug_robo_cima | INFO | ℹ️ 🔄 Status do checkbox pilar_especial_ativo_var: False
2026-03-28 09:18:09 | debug_robo_cima | INFO | ℹ️ Pilar especial INATIVO - pilar_rotacionado: False, pilar_especial: False, globais: False, tipo: ''
2026-03-28 09:18:09 | debug_robo_cima | INFO | 
----------------------------------------
2026-03-28 09:18:09 | debug_robo_cima | INFO | 📌 VERIFICAÇÃO DE PILAR ESPECIAL ATIVO
2026-03-28 09:18:09 | debug_robo_cima | INFO | ----------------------------------------
2026-03-28 09:18:09 | debug_robo_cima | INFO | ℹ️ 🔄 Verificando se pilar especial está ativo...
2026-03-28 09:18:09 | debug_robo_cima | INFO | ℹ️ 🔄 Status do checkbox pilar_rotacionado_var: False
2026-03-28 09:18:09 | debug_robo_cima | INFO | ℹ️ 🔄 Status do checkbox pilar_especial_ativo_var: False
2026-03-28 09:18:09 | debug_robo_cima | INFO | ℹ️ Pilar especial INATIVO - pilar_rotacionado: False, pilar_especial: False, globais: False, tipo: ''
2026-03-28 09:18:09 | debug_robo_cima | INFO | 
----------------------------------------
2026-03-28 09:18:09 | debug_robo_cima | INFO | 📌 VERIFICAÇÃO DE PILAR ESPECIAL ATIVO
2026-03-28 09:18:09 | debug_robo_cima | INFO | ----------------------------------------
2026-03-28 09:18:09 | debug_robo_cima | INFO | ℹ️ 🔄 Verificando se pilar especial está ativo...
2026-03-28 09:18:09 | debug_robo_cima | INFO | ℹ️ 🔄 Status do checkbox pilar_rotacionado_var: False
2026-03-28 09:18:09 | debug_robo_cima | INFO | ℹ️ 🔄 Status do checkbox pilar_especial_ativo_var: False
2026-03-28 09:18:09 | debug_robo_cima | INFO | ℹ️ Pilar especial INATIVO - pilar_rotacionado: False, pilar_especial: False, globais: False, tipo: ''
2026-03-28 09:18:09 | debug_robo_cima | INFO | 
----------------------------------------
2026-03-28 09:18:09 | debug_robo_cima | INFO | 📌 VERIFICAÇÃO DE PILAR ESPECIAL ATIVO
2026-03-28 09:18:09 | debug_robo_cima | INFO | ----------------------------------------
2026-03-28 09:18:09 | debug_robo_cima | INFO | ℹ️ 🔄 Verificando se pilar especial está ativo...
2026-03-28 09:18:09 | debug_robo_cima | INFO | ℹ️ 🔄 Status do checkbox pilar_rotacionado_var: False
2026-03-28 09:18:09 | debug_robo_cima | INFO | ℹ️ 🔄 Status do checkbox pilar_especial_ativo_var: False
2026-03-28 09:18:09 | debug_robo_cima | INFO | ℹ️ Pilar especial INATIVO - pilar_rotacionado: False, pilar_especial: False, globais: False, tipo: ''
2026-03-28 09:18:09 | debug_robo_cima | INFO | 
----------------------------------------
2026-03-28 09:18:09 | debug_robo_cima | INFO | 📌 VERIFICAÇÃO DE PILAR ESPECIAL ATIVO
2026-03-28 09:18:09 | debug_robo_cima | INFO | ----------------------------------------
2026-03-28 09:18:09 | debug_robo_cima | INFO | ℹ️ 🔄 Verificando se pilar especial está ativo...
2026-03-28 09:18:09 | debug_robo_cima | INFO | ℹ️ 🔄 Status do checkbox pilar_rotacionado_var: False
2026-03-28 09:18:09 | debug_robo_cima | INFO | ℹ️ 🔄 Status do checkbox pilar_especial_ativo_var: False
2026-03-28 09:18:09 | debug_robo_cima | INFO | ℹ️ Pilar especial INATIVO - pilar_rotacionado: False, pilar_especial: False, globais: False, tipo: ''
2026-03-28 09:18:09 | debug_robo_cima | INFO | 
----------------------------------------
2026-03-28 09:18:09 | debug_robo_cima | INFO | 📌 VERIFICAÇÃO DE PILAR ESPECIAL ATIVO
2026-03-28 09:18:09 | debug_robo_cima | INFO | ----------------------------------------
2026-03-28 09:18:09 | debug_robo_cima | INFO | ℹ️ 🔄 Verificando se pilar especial está ativo...
2026-03-28 09:18:09 | debug_robo_cima | INFO | ℹ️ 🔄 Status do checkbox pilar_rotacionado_var: False
2026-03-28 09:18:09 | debug_robo_cima | INFO | ℹ️ 🔄 Status do checkbox pilar_especial_ativo_var: False
2026-03-28 09:18:09 | debug_robo_cima | INFO | ℹ️ Pilar especial INATIVO - pilar_rotacionado: False, pilar_especial: False, globais: False, tipo: ''
2026-03-28 09:18:09 | debug_robo_cima | INFO | 
----------------------------------------
2026-03-28 09:18:09 | debug_robo_cima | INFO | 📌 VERIFICAÇÃO DE PILAR ESPECIAL ATIVO
2026-03-28 09:18:09 | debug_robo_cima | INFO | ----------------------------------------
2026-03-28 09:18:09 | debug_robo_cima | INFO | ℹ️ 🔄 Verificando se pilar especial está ativo...
2026-03-28 09:18:09 | debug_robo_cima | INFO | ℹ️ 🔄 Status do checkbox pilar_rotacionado_var: False
2026-03-28 09:18:09 | debug_robo_cima | INFO | ℹ️ 🔄 Status do checkbox pilar_especial_ativo_var: False
2026-03-28 09:18:09 | debug_robo_cima | INFO | ℹ️ Pilar especial INATIVO - pilar_rotacionado: False, pilar_especial: False, globais: False, tipo: ''
2026-03-28 09:18:09 | debug_robo_cima | INFO | 
----------------------------------------
2026-03-28 09:18:09 | debug_robo_cima | INFO | 📌 VERIFICAÇÃO DE PILAR ESPECIAL ATIVO
2026-03-28 09:18:09 | debug_robo_cima | INFO | ----------------------------------------
2026-03-28 09:18:09 | debug_robo_cima | INFO | ℹ️ 🔄 Verificando se pilar especial está ativo...
2026-03-28 09:18:09 | debug_robo_cima | INFO | ℹ️ 🔄 Status do checkbox pilar_rotacionado_var: False
2026-03-28 09:18:09 | debug_robo_cima | INFO | ℹ️ 🔄 Status do checkbox pilar_especial_ativo_var: False
2026-03-28 09:18:09 | debug_robo_cima | INFO | ℹ️ Pilar especial INATIVO - pilar_rotacionado: False, pilar_especial: False, globais: False, tipo: ''
2026-03-28 09:18:09 | debug_robo_cima | INFO | 
----------------------------------------
2026-03-28 09:18:09 | debug_robo_cima | INFO | 📌 VERIFICAÇÃO DE PILAR ESPECIAL ATIVO
2026-03-28 09:18:09 | debug_robo_cima | INFO | ----------------------------------------
2026-03-28 09:18:09 | debug_robo_cima | INFO | ℹ️ 🔄 Verificando se pilar especial está ativo...
2026-03-28 09:18:09 | debug_robo_cima | INFO | ℹ️ 🔄 Status do checkbox pilar_rotacionado_var: False
2026-03-28 09:18:09 | debug_robo_cima | INFO | ℹ️ 🔄 Status do checkbox pilar_especial_ativo_var: False
2026-03-28 09:18:09 | debug_robo_cima | INFO | ℹ️ Pilar especial INATIVO - pilar_rotacionado: False, pilar_especial: False, globais: False, tipo: ''
2026-03-28 09:18:09 | debug_robo_cima | INFO | 
----------------------------------------
2026-03-28 09:18:09 | debug_robo_cima | INFO | 📌 VERIFICAÇÃO DE PILAR ESPECIAL ATIVO
2026-03-28 09:18:09 | debug_robo_cima | INFO | ----------------------------------------
2026-03-28 09:18:09 | debug_robo_cima | INFO | ℹ️ 🔄 Verificando se pilar especial está ativo...
2026-03-28 09:18:09 | debug_robo_cima | INFO | ℹ️ 🔄 Status do checkbox pilar_rotacionado_var: False
2026-03-28 09:18:09 | debug_robo_cima | INFO | ℹ️ 🔄 Status do checkbox pilar_especial_ativo_var: False
2026-03-28 09:18:09 | debug_robo_cima | INFO | ℹ️ Pilar especial INATIVO - pilar_rotacionado: False, pilar_especial: False, globais: False, tipo: ''
2026-03-28 09:18:09 | debug_robo_cima | INFO | 
----------------------------------------
2026-03-28 09:18:09 | debug_robo_cima | INFO | 📌 VERIFICAÇÃO DE PILAR ESPECIAL ATIVO
2026-03-28 09:18:09 | debug_robo_cima | INFO | ----------------------------------------
2026-03-28 09:18:09 | debug_robo_cima | INFO | ℹ️ 🔄 Verificando se pilar especial está ativo...
2026-03-28 09:18:09 | debug_robo_cima | INFO | ℹ️ 🔄 Status do checkbox pilar_rotacionado_var: False
2026-03-28 09:18:09 | debug_robo_cima | INFO | ℹ️ 🔄 Status do checkbox pilar_especial_ativo_var: False
2026-03-28 09:18:09 | debug_robo_cima | INFO | ℹ️ Pilar especial INATIVO - pilar_rotacionado: False, pilar_especial: False, globais: False, tipo: ''
2026-03-28 09:18:09 | debug_robo_cima | INFO | 
----------------------------------------
2026-03-28 09:18:09 | debug_robo_cima | INFO | 📌 VERIFICAÇÃO DE PILAR ESPECIAL ATIVO
2026-03-28 09:18:09 | debug_robo_cima | INFO | ----------------------------------------
2026-03-28 09:18:09 | debug_robo_cima | INFO | ℹ️ 🔄 Verificando se pilar especial está ativo...
2026-03-28 09:18:09 | debug_robo_cima | INFO | ℹ️ 🔄 Status do checkbox pilar_rotacionado_var: False
2026-03-28 09:18:09 | debug_robo_cima | INFO | ℹ️ 🔄 Status do checkbox pilar_especial_ativo_var: False
2026-03-28 09:18:09 | debug_robo_cima | INFO | ℹ️ Pilar especial INATIVO - pilar_rotacionado: False, pilar_especial: False, globais: False, tipo: ''
2026-03-28 09:18:09 | debug_robo_cima | INFO | 
----------------------------------------
2026-03-28 09:18:09 | debug_robo_cima | INFO | 📌 VERIFICAÇÃO DE PILAR ESPECIAL ATIVO
2026-03-28 09:18:09 | debug_robo_cima | INFO | ----------------------------------------
2026-03-28 09:18:09 | debug_robo_cima | INFO | ℹ️ 🔄 Verificando se pilar especial está ativo...
2026-03-28 09:18:09 | debug_robo_cima | INFO | ℹ️ 🔄 Status do checkbox pilar_rotacionado_var: False
2026-03-28 09:18:09 | debug_robo_cima | INFO | ℹ️ 🔄 Status do checkbox pilar_especial_ativo_var: False
2026-03-28 09:18:09 | debug_robo_cima | INFO | ℹ️ Pilar especial INATIVO - pilar_rotacionado: False, pilar_especial: False, globais: False, tipo: ''
2026-03-28 09:18:09 | debug_robo_cima | INFO | 
----------------------------------------
2026-03-28 09:18:09 | debug_robo_cima | INFO | 📌 VERIFICAÇÃO DE PILAR ESPECIAL ATIVO
2026-03-28 09:18:09 | debug_robo_cima | INFO | ----------------------------------------
2026-03-28 09:18:09 | debug_robo_cima | INFO | ℹ️ 🔄 Verificando se pilar especial está ativo...
2026-03-28 09:18:09 | debug_robo_cima | INFO | ℹ️ 🔄 Status do checkbox pilar_rotacionado_var: False
2026-03-28 09:18:09 | debug_robo_cima | INFO | ℹ️ 🔄 Status do checkbox pilar_especial_ativo_var: False
2026-03-28 09:18:09 | debug_robo_cima | INFO | ℹ️ Pilar especial INATIVO - pilar_rotacionado: False, pilar_especial: False, globais: False, tipo: ''
2026-03-28 09:18:09 | debug_robo_cima | INFO | 
----------------------------------------
2026-03-28 09:18:09 | debug_robo_cima | INFO | 📌 VERIFICAÇÃO DE PILAR ESPECIAL ATIVO
2026-03-28 09:18:10 | debug_robo_cima | INFO | ----------------------------------------
2026-03-28 09:18:10 | debug_robo_cima | INFO | ℹ️ 🔄 Verificando se pilar especial está ativo...
2026-03-28 09:18:10 | debug_robo_cima | INFO | ℹ️ 🔄 Status do checkbox pilar_rotacionado_var: False
2026-03-28 09:18:10 | debug_robo_cima | INFO | ℹ️ 🔄 Status do checkbox pilar_especial_ativo_var: False
2026-03-28 09:18:10 | debug_robo_cima | INFO | ℹ️ Pilar especial INATIVO - pilar_rotacionado: False, pilar_especial: False, globais: False, tipo: ''
2026-03-28 09:18:10 | debug_robo_cima | INFO | 
----------------------------------------
2026-03-28 09:18:10 | debug_robo_cima | INFO | 📌 VERIFICAÇÃO DE PILAR ESPECIAL ATIVO
2026-03-28 09:18:10 | debug_robo_cima | INFO | ----------------------------------------
2026-03-28 09:18:10 | debug_robo_cima | INFO | ℹ️ 🔄 Verificando se pilar especial está ativo...
2026-03-28 09:18:10 | debug_robo_cima | INFO | ℹ️ 🔄 Status do checkbox pilar_rotacionado_var: False
2026-03-28 09:18:10 | debug_robo_cima | INFO | ℹ️ 🔄 Status do checkbox pilar_especial_ativo_var: False
2026-03-28 09:18:10 | debug_robo_cima | INFO | ℹ️ Pilar especial INATIVO - pilar_rotacionado: False, pilar_especial: False, globais: False, tipo: ''
2026-03-28 09:18:10 | debug_robo_cima | INFO | 
----------------------------------------
2026-03-28 09:18:10 | debug_robo_cima | INFO | 📌 VERIFICAÇÃO DE PILAR ESPECIAL ATIVO
2026-03-28 09:18:10 | debug_robo_cima | INFO | ----------------------------------------
2026-03-28 09:18:10 | debug_robo_cima | INFO | ℹ️ 🔄 Verificando se pilar especial está ativo...
2026-03-28 09:18:10 | debug_robo_cima | INFO | ℹ️ 🔄 Status do checkbox pilar_rotacionado_var: False
2026-03-28 09:18:10 | debug_robo_cima | INFO | ℹ️ 🔄 Status do checkbox pilar_especial_ativo_var: False
2026-03-28 09:18:10 | debug_robo_cima | INFO | ℹ️ Pilar especial INATIVO - pilar_rotacionado: False, pilar_especial: False, globais: False, tipo: ''
2026-03-28 09:18:10 | debug_robo_cima | INFO | 
----------------------------------------
2026-03-28 09:18:10 | debug_robo_cima | INFO | 📌 VERIFICAÇÃO DE PILAR ESPECIAL ATIVO
2026-03-28 09:18:10 | debug_robo_cima | INFO | ----------------------------------------
2026-03-28 09:18:10 | debug_robo_cima | INFO | ℹ️ 🔄 Verificando se pilar especial está ativo...
2026-03-28 09:18:10 | debug_robo_cima | INFO | ℹ️ 🔄 Status do checkbox pilar_rotacionado_var: False
2026-03-28 09:18:10 | debug_robo_cima | INFO | ℹ️ 🔄 Status do checkbox pilar_especial_ativo_var: False
2026-03-28 09:18:10 | debug_robo_cima | INFO | ℹ️ Pilar especial INATIVO - pilar_rotacionado: False, pilar_especial: False, globais: False, tipo: ''
2026-03-28 09:18:10 | debug_robo_cima | INFO | 
----------------------------------------
2026-03-28 09:18:10 | debug_robo_cima | INFO | 📌 VERIFICAÇÃO DE PILAR ESPECIAL ATIVO
2026-03-28 09:18:10 | debug_robo_cima | INFO | ----------------------------------------
2026-03-28 09:18:10 | debug_robo_cima | INFO | ℹ️ 🔄 Verificando se pilar especial está ativo...
2026-03-28 09:18:10 | debug_robo_cima | INFO | ℹ️ 🔄 Status do checkbox pilar_rotacionado_var: False
2026-03-28 09:18:10 | debug_robo_cima | INFO | ℹ️ 🔄 Status do checkbox pilar_especial_ativo_var: False
2026-03-28 09:18:10 | debug_robo_cima | INFO | ℹ️ Pilar especial INATIVO - pilar_rotacionado: False, pilar_especial: False, globais: False, tipo: ''
2026-03-28 09:18:10 | debug_robo_cima | INFO | 
----------------------------------------
2026-03-28 09:18:10 | debug_robo_cima | INFO | 📌 VERIFICAÇÃO DE PILAR ESPECIAL ATIVO
2026-03-28 09:18:10 | debug_robo_cima | INFO | ----------------------------------------
2026-03-28 09:18:10 | debug_robo_cima | INFO | ℹ️ 🔄 Verificando se pilar especial está ativo...
2026-03-28 09:18:10 | debug_robo_cima | INFO | ℹ️ 🔄 Status do checkbox pilar_rotacionado_var: False
2026-03-28 09:18:10 | debug_robo_cima | INFO | ℹ️ 🔄 Status do checkbox pilar_especial_ativo_var: False
2026-03-28 09:18:10 | debug_robo_cima | INFO | ℹ️ Pilar especial INATIVO - pilar_rotacionado: False, pilar_especial: False, globais: False, tipo: ''
2026-03-28 09:18:10 | debug_robo_cima | INFO | 
----------------------------------------
2026-03-28 09:18:10 | debug_robo_cima | INFO | 📌 VERIFICAÇÃO DE PILAR ESPECIAL ATIVO
2026-03-28 09:18:10 | debug_robo_cima | INFO | ----------------------------------------
2026-03-28 09:18:10 | debug_robo_cima | INFO | ℹ️ 🔄 Verificando se pilar especial está ativo...
2026-03-28 09:18:10 | debug_robo_cima | INFO | ℹ️ 🔄 Status do checkbox pilar_rotacionado_var: False
2026-03-28 09:18:10 | debug_robo_cima | INFO | ℹ️ 🔄 Status do checkbox pilar_especial_ativo_var: False
2026-03-28 09:18:10 | debug_robo_cima | INFO | ℹ️ Pilar especial INATIVO - pilar_rotacionado: False, pilar_especial: False, globais: False, tipo: ''
2026-03-28 09:18:10 | debug_robo_cima | INFO | 
----------------------------------------
2026-03-28 09:18:10 | debug_robo_cima | INFO | 📌 VERIFICAÇÃO DE PILAR ESPECIAL ATIVO
2026-03-28 09:18:10 | debug_robo_cima | INFO | ----------------------------------------
2026-03-28 09:18:10 | debug_robo_cima | INFO | ℹ️ 🔄 Verificando se pilar especial está ativo...
2026-03-28 09:18:10 | debug_robo_cima | INFO | ℹ️ 🔄 Status do checkbox pilar_rotacionado_var: False
2026-03-28 09:18:10 | debug_robo_cima | INFO | ℹ️ 🔄 Status do checkbox pilar_especial_ativo_var: False
2026-03-28 09:18:10 | debug_robo_cima | INFO | ℹ️ Pilar especial INATIVO - pilar_rotacionado: False, pilar_especial: False, globais: False, tipo: ''
2026-03-28 09:18:10 | debug_robo_cima | INFO | 
----------------------------------------
2026-03-28 09:18:10 | debug_robo_cima | INFO | 📌 VERIFICAÇÃO DE PILAR ESPECIAL ATIVO
2026-03-28 09:18:10 | debug_robo_cima | INFO | ----------------------------------------
2026-03-28 09:18:10 | debug_robo_cima | INFO | ℹ️ 🔄 Verificando se pilar especial está ativo...
2026-03-28 09:18:10 | debug_robo_cima | INFO | ℹ️ 🔄 Status do checkbox pilar_rotacionado_var: False
2026-03-28 09:18:10 | debug_robo_cima | INFO | ℹ️ 🔄 Status do checkbox pilar_especial_ativo_var: False
2026-03-28 09:18:10 | debug_robo_cima | INFO | ℹ️ Pilar especial INATIVO - pilar_rotacionado: False, pilar_especial: False, globais: False, tipo: ''
2026-03-28 09:18:10 | debug_robo_cima | INFO | 
----------------------------------------
2026-03-28 09:18:10 | debug_robo_cima | INFO | 📌 VERIFICAÇÃO DE PILAR ESPECIAL ATIVO
2026-03-28 09:18:10 | debug_robo_cima | INFO | ----------------------------------------
2026-03-28 09:18:10 | debug_robo_cima | INFO | ℹ️ 🔄 Verificando se pilar especial está ativo...
2026-03-28 09:18:10 | debug_robo_cima | INFO | ℹ️ 🔄 Status do checkbox pilar_rotacionado_var: False
2026-03-28 09:18:10 | debug_robo_cima | INFO | ℹ️ 🔄 Status do checkbox pilar_especial_ativo_var: False
2026-03-28 09:18:10 | debug_robo_cima | INFO | ℹ️ Pilar especial INATIVO - pilar_rotacionado: False, pilar_especial: False, globais: False, tipo: ''
2026-03-28 09:18:10 | debug_robo_cima | INFO | 
----------------------------------------
2026-03-28 09:18:10 | debug_robo_cima | INFO | 📌 VERIFICAÇÃO DE PILAR ESPECIAL ATIVO
2026-03-28 09:18:10 | debug_robo_cima | INFO | ----------------------------------------
2026-03-28 09:18:10 | debug_robo_cima | INFO | ℹ️ 🔄 Verificando se pilar especial está ativo...
2026-03-28 09:18:10 | debug_robo_cima | INFO | ℹ️ 🔄 Status do checkbox pilar_rotacionado_var: False
2026-03-28 09:18:10 | debug_robo_cima | INFO | ℹ️ 🔄 Status do checkbox pilar_especial_ativo_var: False
2026-03-28 09:18:10 | debug_robo_cima | INFO | ℹ️ Pilar especial INATIVO - pilar_rotacionado: False, pilar_especial: False, globais: False, tipo: ''
2026-03-28 09:18:10 | debug_robo_cima | INFO | 
----------------------------------------
2026-03-28 09:18:10 | debug_robo_cima | INFO | 📌 VERIFICAÇÃO DE PILAR ESPECIAL ATIVO
2026-03-28 09:18:10 | debug_robo_cima | INFO | ----------------------------------------
2026-03-28 09:18:10 | debug_robo_cima | INFO | ℹ️ 🔄 Verificando se pilar especial está ativo...
2026-03-28 09:18:10 | debug_robo_cima | INFO | ℹ️ 🔄 Status do checkbox pilar_rotacionado_var: False
2026-03-28 09:18:10 | debug_robo_cima | INFO | ℹ️ 🔄 Status do checkbox pilar_especial_ativo_var: False
2026-03-28 09:18:10 | debug_robo_cima | INFO | ℹ️ Pilar especial INATIVO - pilar_rotacionado: False, pilar_especial: False, globais: False, tipo: ''
2026-03-28 09:18:10 | debug_robo_cima | INFO | 
----------------------------------------
2026-03-28 09:18:10 | debug_robo_cima | INFO | 📌 VERIFICAÇÃO DE PILAR ESPECIAL ATIVO
2026-03-28 09:18:10 | debug_robo_cima | INFO | ----------------------------------------
2026-03-28 09:18:10 | debug_robo_cima | INFO | ℹ️ 🔄 Verificando se pilar especial está ativo...
2026-03-28 09:18:10 | debug_robo_cima | INFO | ℹ️ 🔄 Status do checkbox pilar_rotacionado_var: False
2026-03-28 09:18:10 | debug_robo_cima | INFO | ℹ️ 🔄 Status do checkbox pilar_especial_ativo_var: False
2026-03-28 09:18:10 | debug_robo_cima | INFO | ℹ️ Pilar especial INATIVO - pilar_rotacionado: False, pilar_especial: False, globais: False, tipo: ''
2026-03-28 09:18:10 | debug_robo_cima | INFO | 
----------------------------------------
2026-03-28 09:18:10 | debug_robo_cima | INFO | 📌 VERIFICAÇÃO DE PILAR ESPECIAL ATIVO
2026-03-28 09:18:10 | debug_robo_cima | INFO | ----------------------------------------
2026-03-28 09:18:10 | debug_robo_cima | INFO | ℹ️ 🔄 Verificando se pilar especial está ativo...
2026-03-28 09:18:10 | debug_robo_cima | INFO | ℹ️ 🔄 Status do checkbox pilar_rotacionado_var: False
2026-03-28 09:18:10 | debug_robo_cima | INFO | ℹ️ 🔄 Status do checkbox pilar_especial_ativo_var: False
2026-03-28 09:18:10 | debug_robo_cima | INFO | ℹ️ Pilar especial INATIVO - pilar_rotacionado: False, pilar_especial: False, globais: False, tipo: ''
2026-03-28 09:18:10 | debug_robo_cima | INFO | 
----------------------------------------
2026-03-28 09:18:10 | debug_robo_cima | INFO | 📌 VERIFICAÇÃO DE PILAR ESPECIAL ATIVO
2026-03-28 09:18:10 | debug_robo_cima | INFO | ----------------------------------------
2026-03-28 09:18:10 | debug_robo_cima | INFO | ℹ️ 🔄 Verificando se pilar especial está ativo...
2026-03-28 09:18:10 | debug_robo_cima | INFO | ℹ️ 🔄 Status do checkbox pilar_rotacionado_var: False
2026-03-28 09:18:10 | debug_robo_cima | INFO | ℹ️ 🔄 Status do checkbox pilar_especial_ativo_var: False
2026-03-28 09:18:10 | debug_robo_cima | INFO | ℹ️ Pilar especial INATIVO - pilar_rotacionado: False, pilar_especial: False, globais: False, tipo: ''
2026-03-28 09:18:10 | debug_robo_cima | INFO | 
----------------------------------------
2026-03-28 09:18:10 | debug_robo_cima | INFO | 📌 VERIFICAÇÃO DE PILAR ESPECIAL ATIVO
2026-03-28 09:18:10 | debug_robo_cima | INFO | ----------------------------------------
2026-03-28 09:18:10 | debug_robo_cima | INFO | ℹ️ 🔄 Verificando se pilar especial está ativo...
2026-03-28 09:18:10 | debug_robo_cima | INFO | ℹ️ 🔄 Status do checkbox pilar_rotacionado_var: False
2026-03-28 09:18:10 | debug_robo_cima | INFO | ℹ️ 🔄 Status do checkbox pilar_especial_ativo_var: False
2026-03-28 09:18:10 | debug_robo_cima | INFO | ℹ️ Pilar especial INATIVO - pilar_rotacionado: False, pilar_especial: False, globais: False, tipo: ''
2026-03-28 09:18:10 | debug_robo_cima | INFO | 
----------------------------------------
2026-03-28 09:18:10 | debug_robo_cima | INFO | 📌 VERIFICAÇÃO DE PILAR ESPECIAL ATIVO
2026-03-28 09:18:10 | debug_robo_cima | INFO | ----------------------------------------
2026-03-28 09:18:10 | debug_robo_cima | INFO | ℹ️ 🔄 Verificando se pilar especial está ativo...
2026-03-28 09:18:10 | debug_robo_cima | INFO | ℹ️ 🔄 Status do checkbox pilar_rotacionado_var: False
2026-03-28 09:18:10 | debug_robo_cima | INFO | ℹ️ 🔄 Status do checkbox pilar_especial_ativo_var: False
2026-03-28 09:18:10 | debug_robo_cima | INFO | ℹ️ Pilar especial INATIVO - pilar_rotacionado: False, pilar_especial: False, globais: False, tipo: ''
2026-03-28 09:18:10 | debug_robo_cima | INFO | 
----------------------------------------
2026-03-28 09:18:10 | debug_robo_cima | INFO | 📌 VERIFICAÇÃO DE PILAR ESPECIAL ATIVO
2026-03-28 09:18:10 | debug_robo_cima | INFO | ----------------------------------------
2026-03-28 09:18:10 | debug_robo_cima | INFO | ℹ️ 🔄 Verificando se pilar especial está ativo...
2026-03-28 09:18:10 | debug_robo_cima | INFO | ℹ️ 🔄 Status do checkbox pilar_rotacionado_var: False
2026-03-28 09:18:10 | debug_robo_cima | INFO | ℹ️ 🔄 Status do checkbox pilar_especial_ativo_var: False
2026-03-28 09:18:10 | debug_robo_cima | INFO | ℹ️ Pilar especial INATIVO - pilar_rotacionado: False, pilar_especial: False, globais: False, tipo: ''
2026-03-28 09:18:10 | debug_robo_cima | INFO | 
----------------------------------------
2026-03-28 09:18:10 | debug_robo_cima | INFO | 📌 VERIFICAÇÃO DE PILAR ESPECIAL ATIVO
2026-03-28 09:18:10 | debug_robo_cima | INFO | ----------------------------------------
2026-03-28 09:18:10 | debug_robo_cima | INFO | ℹ️ 🔄 Verificando se pilar especial está ativo...
2026-03-28 09:18:10 | debug_robo_cima | INFO | ℹ️ 🔄 Status do checkbox pilar_rotacionado_var: False
2026-03-28 09:18:10 | debug_robo_cima | INFO | ℹ️ 🔄 Status do checkbox pilar_especial_ativo_var: False
2026-03-28 09:18:10 | debug_robo_cima | INFO | ℹ️ Pilar especial INATIVO - pilar_rotacionado: False, pilar_especial: False, globais: False, tipo: ''
2026-03-28 09:18:10 | debug_robo_cima | INFO | 
----------------------------------------
2026-03-28 09:18:10 | debug_robo_cima | INFO | 📌 VERIFICAÇÃO DE PILAR ESPECIAL ATIVO
2026-03-28 09:18:10 | debug_robo_cima | INFO | ----------------------------------------
2026-03-28 09:18:10 | debug_robo_cima | INFO | ℹ️ 🔄 Verificando se pilar especial está ativo...
2026-03-28 09:18:10 | debug_robo_cima | INFO | ℹ️ 🔄 Status do checkbox pilar_rotacionado_var: False
2026-03-28 09:18:10 | debug_robo_cima | INFO | ℹ️ 🔄 Status do checkbox pilar_especial_ativo_var: False
2026-03-28 09:18:10 | debug_robo_cima | INFO | ℹ️ Pilar especial INATIVO - pilar_rotacionado: False, pilar_especial: False, globais: False, tipo: ''
2026-03-28 09:18:10 | debug_robo_cima | INFO | 
----------------------------------------
2026-03-28 09:18:10 | debug_robo_cima | INFO | 📌 VERIFICAÇÃO DE PILAR ESPECIAL ATIVO
2026-03-28 09:18:10 | debug_robo_cima | INFO | ----------------------------------------
2026-03-28 09:18:10 | debug_robo_cima | INFO | ℹ️ 🔄 Verificando se pilar especial está ativo...
2026-03-28 09:18:10 | debug_robo_cima | INFO | ℹ️ 🔄 Status do checkbox pilar_rotacionado_var: False
2026-03-28 09:18:10 | debug_robo_cima | INFO | ℹ️ 🔄 Status do checkbox pilar_especial_ativo_var: False
2026-03-28 09:18:10 | debug_robo_cima | INFO | ℹ️ Pilar especial INATIVO - pilar_rotacionado: False, pilar_especial: False, globais: False, tipo: ''
2026-03-28 09:18:10 | debug_robo_cima | INFO | 
----------------------------------------
2026-03-28 09:18:10 | debug_robo_cima | INFO | 📌 VERIFICAÇÃO DE PILAR ESPECIAL ATIVO
2026-03-28 09:18:10 | debug_robo_cima | INFO | ----------------------------------------
2026-03-28 09:18:10 | debug_robo_cima | INFO | ℹ️ 🔄 Verificando se pilar especial está ativo...
2026-03-28 09:18:10 | debug_robo_cima | INFO | ℹ️ 🔄 Status do checkbox pilar_rotacionado_var: False
2026-03-28 09:18:10 | debug_robo_cima | INFO | ℹ️ 🔄 Status do checkbox pilar_especial_ativo_var: False
2026-03-28 09:18:10 | debug_robo_cima | INFO | ℹ️ Pilar especial INATIVO - pilar_rotacionado: False, pilar_especial: False, globais: False, tipo: ''
2026-03-28 09:18:10 | debug_robo_cima | INFO | 
----------------------------------------
2026-03-28 09:18:10 | debug_robo_cima | INFO | 📌 VERIFICAÇÃO DE PILAR ESPECIAL ATIVO
2026-03-28 09:18:10 | debug_robo_cima | INFO | ----------------------------------------
2026-03-28 09:18:10 | debug_robo_cima | INFO | ℹ️ 🔄 Verificando se pilar especial está ativo...
2026-03-28 09:18:10 | debug_robo_cima | INFO | ℹ️ 🔄 Status do checkbox pilar_rotacionado_var: False
2026-03-28 09:18:10 | debug_robo_cima | INFO | ℹ️ 🔄 Status do checkbox pilar_especial_ativo_var: False
2026-03-28 09:18:10 | debug_robo_cima | INFO | ℹ️ Pilar especial INATIVO - pilar_rotacionado: False, pilar_especial: False, globais: False, tipo: ''
2026-03-28 09:18:10 | debug_robo_cima | INFO | 
----------------------------------------
2026-03-28 09:18:10 | debug_robo_cima | INFO | 📌 VERIFICAÇÃO DE PILAR ESPECIAL ATIVO
2026-03-28 09:18:10 | debug_robo_cima | INFO | ----------------------------------------
2026-03-28 09:18:10 | debug_robo_cima | INFO | ℹ️ 🔄 Verificando se pilar especial está ativo...
2026-03-28 09:18:10 | debug_robo_cima | INFO | ℹ️ 🔄 Status do checkbox pilar_rotacionado_var: False
2026-03-28 09:18:10 | debug_robo_cima | INFO | ℹ️ 🔄 Status do checkbox pilar_especial_ativo_var: False
2026-03-28 09:18:10 | debug_robo_cima | INFO | ℹ️ Pilar especial INATIVO - pilar_rotacionado: False, pilar_especial: False, globais: False, tipo: ''
2026-03-28 09:18:10 | debug_robo_cima | INFO | 
----------------------------------------
2026-03-28 09:18:10 | debug_robo_cima | INFO | 📌 VERIFICAÇÃO DE PILAR ESPECIAL ATIVO
2026-03-28 09:18:10 | debug_robo_cima | INFO | ----------------------------------------
2026-03-28 09:18:10 | debug_robo_cima | INFO | ℹ️ 🔄 Verificando se pilar especial está ativo...
2026-03-28 09:18:10 | debug_robo_cima | INFO | ℹ️ 🔄 Status do checkbox pilar_rotacionado_var: False
2026-03-28 09:18:10 | debug_robo_cima | INFO | ℹ️ 🔄 Status do checkbox pilar_especial_ativo_var: False
2026-03-28 09:18:10 | debug_robo_cima | INFO | ℹ️ Pilar especial INATIVO - pilar_rotacionado: False, pilar_especial: False, globais: False, tipo: ''
2026-03-28 09:18:10 | debug_robo_cima | INFO | 
----------------------------------------
2026-03-28 09:18:10 | debug_robo_cima | INFO | 📌 VERIFICAÇÃO DE PILAR ESPECIAL ATIVO
2026-03-28 09:18:10 | debug_robo_cima | INFO | ----------------------------------------
2026-03-28 09:18:10 | debug_robo_cima | INFO | ℹ️ 🔄 Verificando se pilar especial está ativo...
2026-03-28 09:18:10 | debug_robo_cima | INFO | ℹ️ 🔄 Status do checkbox pilar_rotacionado_var: False
2026-03-28 09:18:10 | debug_robo_cima | INFO | ℹ️ 🔄 Status do checkbox pilar_especial_ativo_var: False
2026-03-28 09:18:10 | debug_robo_cima | INFO | ℹ️ Pilar especial INATIVO - pilar_rotacionado: False, pilar_especial: False, globais: False, tipo: ''
2026-03-28 09:18:10 | debug_robo_cima | INFO | 
============================================================
2026-03-28 09:18:10 | debug_robo_cima | INFO | 📋 GERAÇÃO DE SCRIPT CIMA
2026-03-28 09:18:10 | debug_robo_cima | INFO | ============================================================
2026-03-28 09:18:10 | debug_robo_cima | INFO | ℹ️ 🔄 === INÍCIO DO gerar_script() ===
2026-03-28 09:18:10 | debug_robo_cima | INFO | ℹ️ 🔄 Estado inicial das globais: ID=1996916051008, len=0
2026-03-28 09:18:10 | debug_robo_cima | WARNING | ⚠️ _globais_pilar_especial está vazio ou None!
2026-03-28 09:18:10 | debug_robo_cima | INFO | ℹ️ 🔄 Status pilar_rotacionado no inicio: False
2026-03-28 09:18:10 | debug_robo_cima | INFO | ℹ️ 🔄 Prestes a chamar _verificar_pilar_especial_ativo()...
2026-03-28 09:18:10 | debug_robo_cima | INFO | ℹ️ 🔄 Estado das globais ANTES da verificação: False
2026-03-28 09:18:10 | debug_robo_cima | INFO | 
----------------------------------------
2026-03-28 09:18:10 | debug_robo_cima | INFO | 📌 VERIFICAÇÃO DE PILAR ESPECIAL ATIVO
2026-03-28 09:18:10 | debug_robo_cima | INFO | ----------------------------------------
2026-03-28 09:18:10 | debug_robo_cima | INFO | ℹ️ 🔄 Verificando se pilar especial está ativo...
2026-03-28 09:18:10 | debug_robo_cima | INFO | ℹ️ 🔄 Status do checkbox pilar_rotacionado_var: False
2026-03-28 09:18:10 | debug_robo_cima | INFO | ℹ️ 🔄 Status do checkbox pilar_especial_ativo_var: False
2026-03-28 09:18:10 | debug_robo_cima | INFO | ℹ️ Pilar especial INATIVO - pilar_rotacionado: False, pilar_especial: False, globais: False, tipo: ''
2026-03-28 09:18:10 | debug_robo_cima | INFO | ℹ️ 🔄 Resultado da verificação: False
2026-03-28 09:18:10 | debug_robo_cima | INFO | ℹ️ 🔄 Estado das globais APÓS a verificação: False
2026-03-28 09:18:10 | debug_robo_cima | INFO | ℹ️ 🔄 Pilar especial ativo: False
2026-03-28 09:18:10 | debug_robo_cima | INFO | 
----------------------------------------
2026-03-28 09:18:10 | debug_robo_cima | INFO | 📌 APLICAÇÃO DE ALTERAÇÕES PILAR ESPECIAL - PAI.B
2026-03-28 09:18:10 | debug_robo_cima | INFO | ----------------------------------------
2026-03-28 09:18:10 | debug_robo_cima | INFO | ℹ️ 🔄 Aplicando alterações do pilar especial para PAI.B...
2026-03-28 09:18:10 | debug_robo_cima | WARNING | ⚠️ Pilar especial INATIVO (sem globais no gerador) - retornando valor original: -51
2026-03-28 09:18:10 | debug_robo_cima | WARNING | ⚠️ Pilar especial INATIVO (sem globais no gerador) - retornando valor original: 90.0
2026-03-28 09:18:10 | debug_robo_cima | WARNING | ⚠️ Pilar especial INATIVO (sem globais no gerador) - retornando valor original: 122.0
2026-03-28 09:18:10 | debug_robo_cima | INFO | ℹ️ 🔄 PAI.B - Posição X: -51 -> -51
2026-03-28 09:18:10 | debug_robo_cima | INFO | ℹ️ 🔄 PAI.B - Posição Y: 90.0 -> 90.0
2026-03-28 09:18:10 | debug_robo_cima | INFO | ℹ️ 🔄 PAI.B - Comprimento: 122.0 -> 122.0
2026-03-28 09:18:10 | debug_robo_cima | WARNING | ⚠️ Pilar especial INATIVO (sem globais no gerador) - retornando valor original: -51
2026-03-28 09:18:10 | debug_robo_cima | WARNING | ⚠️ Pilar especial INATIVO (sem globais no gerador) - retornando valor original: 70
2026-03-28 09:18:10 | debug_robo_cima | WARNING | ⚠️ Pilar especial INATIVO (sem globais no gerador) - retornando valor original: 122.0
2026-03-28 09:18:10 | debug_robo_cima | INFO | ℹ️ [REFERENCIA-DINAMICA] Parede esquerda PAI.A FINAL REAL registrada: -51
2026-03-28 09:18:10 | debug_robo_cima | WARNING | ⚠️ Pilar especial INATIVO (sem globais no gerador) - retornando valor original: -71
2026-03-28 09:18:10 | debug_robo_cima | WARNING | ⚠️ Pilar especial INATIVO (sem globais no gerador) - retornando valor original: 162.0
2026-03-28 09:18:10 | debug_robo_cima | INFO | ℹ️ 🔧 METAL A - posX=-71, posY=61.0, comp=162.0, endX=91.0, largura=7
2026-03-28 09:18:10 | debug_robo_cima | WARNING | ⚠️ Pilar especial INATIVO (sem globais no gerador) - retornando valor original: -71
2026-03-28 09:18:10 | debug_robo_cima | WARNING | ⚠️ Pilar especial INATIVO (sem globais no gerador) - retornando valor original: 162.0
2026-03-28 09:18:10 | debug_robo_cima | INFO | ℹ️ 🔧 METAL B - posX=-71, posY=99.0, comp=162.0, endX=91.0, largura=7
2026-03-28 09:18:10 | debug_robo_cima | INFO | ℹ️ DEBUG: Valores lidos Grade A - grade1=60.0, grade2=60.0, grade3=0.0, dist1=2.0, dist2=0.0
2026-03-28 09:18:10 | debug_robo_cima | INFO | ℹ️ DEBUG: Condição Grade A - grade1 > 0: True, grade2 > 0: True, grade3 > 0: False
2026-03-28 09:18:10 | debug_robo_cima | INFO | ℹ️ DEBUG: Condição Grade A - grade1 > 0 or grade2 > 0 or grade3 > 0: True
2026-03-28 09:18:10 | debug_robo_cima | INFO | ℹ️ GRA.A usando valores específicos: comprimentos=[60.0, 60.0, 0.0], espacos=[2.0, 0.0]
2026-03-28 09:18:10 | debug_robo_cima | INFO | 
----------------------------------------
2026-03-28 09:18:10 | debug_robo_cima | INFO | 📌 VERIFICAÇÃO DE PILAR ESPECIAL ATIVO
2026-03-28 09:18:10 | debug_robo_cima | INFO | ----------------------------------------
2026-03-28 09:18:10 | debug_robo_cima | INFO | ℹ️ 🔄 Verificando se pilar especial está ativo...
2026-03-28 09:18:10 | debug_robo_cima | INFO | ℹ️ 🔄 Status do checkbox pilar_rotacionado_var: False
2026-03-28 09:18:10 | debug_robo_cima | INFO | ℹ️ 🔄 Status do checkbox pilar_especial_ativo_var: False
2026-03-28 09:18:10 | debug_robo_cima | INFO | ℹ️ Pilar especial INATIVO - pilar_rotacionado: False, pilar_especial: False, globais: False, tipo: ''
2026-03-28 09:18:10 | debug_robo_cima | INFO | 
----------------------------------------
2026-03-28 09:18:10 | debug_robo_cima | INFO | 📌 VERIFICAÇÃO DE PILAR ESPECIAL ATIVO
2026-03-28 09:18:10 | debug_robo_cima | INFO | ----------------------------------------
2026-03-28 09:18:10 | debug_robo_cima | INFO | ℹ️ 🔄 Verificando se pilar especial está ativo...
2026-03-28 09:18:10 | debug_robo_cima | INFO | ℹ️ 🔄 Status do checkbox pilar_rotacionado_var: False
2026-03-28 09:18:10 | debug_robo_cima | INFO | ℹ️ 🔄 Status do checkbox pilar_especial_ativo_var: False
2026-03-28 09:18:10 | debug_robo_cima | INFO | ℹ️ Pilar especial INATIVO - pilar_rotacionado: False, pilar_especial: False, globais: False, tipo: ''
2026-03-28 09:18:10 | debug_robo_cima | INFO | ℹ️ DEBUG: Valores lidos Grade B - grade1_grupo2=0.0, grade2_grupo2=60.0, grade3_grupo2=60.0, dist1_grupo2=0.0, dist2_grupo2=2.0
2026-03-28 09:18:10 | debug_robo_cima | INFO | ℹ️ DEBUG: Condição Grade B - grade1_grupo2 > 0: False, grade2_grupo2 > 0: True, grade3_grupo2 > 0: True
2026-03-28 09:18:10 | debug_robo_cima | INFO | ℹ️ DEBUG: Condição Grade B - grade1_grupo2 > 0 or grade2_grupo2 > 0 or grade3_grupo2 > 0: True
2026-03-28 09:18:10 | debug_robo_cima | INFO | ℹ️ GRA.B usando valores específicos: comprimentos=[0.0, 60.0, 60.0], espacos=[0.0, 2.0]
2026-03-28 09:18:10 | debug_robo_cima | INFO | 
----------------------------------------
2026-03-28 09:18:10 | debug_robo_cima | INFO | 📌 VERIFICAÇÃO DE PILAR ESPECIAL ATIVO
2026-03-28 09:18:10 | debug_robo_cima | INFO | ----------------------------------------
2026-03-28 09:18:10 | debug_robo_cima | INFO | ℹ️ 🔄 Verificando se pilar especial está ativo...
2026-03-28 09:18:10 | debug_robo_cima | INFO | ℹ️ 🔄 Status do checkbox pilar_rotacionado_var: False
2026-03-28 09:18:10 | debug_robo_cima | INFO | ℹ️ 🔄 Status do checkbox pilar_especial_ativo_var: False
2026-03-28 09:18:10 | debug_robo_cima | INFO | ℹ️ Pilar especial INATIVO - pilar_rotacionado: False, pilar_especial: False, globais: False, tipo: ''
2026-03-28 09:18:10 | debug_robo_cima | INFO | 
----------------------------------------
2026-03-28 09:18:10 | debug_robo_cima | INFO | 📌 VERIFICAÇÃO DE PILAR ESPECIAL ATIVO
2026-03-28 09:18:10 | debug_robo_cima | INFO | ----------------------------------------
2026-03-28 09:18:10 | debug_robo_cima | INFO | ℹ️ 🔄 Verificando se pilar especial está ativo...
2026-03-28 09:18:10 | debug_robo_cima | INFO | ℹ️ 🔄 Status do checkbox pilar_rotacionado_var: False
2026-03-28 09:18:10 | debug_robo_cima | INFO | ℹ️ 🔄 Status do checkbox pilar_especial_ativo_var: False
2026-03-28 09:18:10 | debug_robo_cima | INFO | ℹ️ Pilar especial INATIVO - pilar_rotacionado: False, pilar_especial: False, globais: False, tipo: ''
2026-03-28 09:18:10 | debug_robo_cima | WARNING | ⚠️ Pilar especial INATIVO (sem globais no gerador) - retornando valor original: -52
2026-03-28 09:18:10 | debug_robo_cima | INFO | 
----------------------------------------
2026-03-28 09:18:10 | debug_robo_cima | INFO | 📌 VERIFICAÇÃO DE PILAR ESPECIAL ATIVO
2026-03-28 09:18:10 | debug_robo_cima | INFO | ----------------------------------------
2026-03-28 09:18:10 | debug_robo_cima | INFO | ℹ️ 🔄 Verificando se pilar especial está ativo...
2026-03-28 09:18:10 | debug_robo_cima | INFO | ℹ️ 🔄 Status do checkbox pilar_rotacionado_var: False
2026-03-28 09:18:10 | debug_robo_cima | INFO | ℹ️ 🔄 Status do checkbox pilar_especial_ativo_var: False
2026-03-28 09:18:10 | debug_robo_cima | INFO | ℹ️ Pilar especial INATIVO - pilar_rotacionado: False, pilar_especial: False, globais: False, tipo: ''
2026-03-28 09:18:10 | debug_robo_cima | INFO | 
----------------------------------------
2026-03-28 09:18:10 | debug_robo_cima | INFO | 📌 DECISÃO DE COMANDO SCALE/ROTATE
2026-03-28 09:18:10 | debug_robo_cima | INFO | ----------------------------------------
2026-03-28 09:18:10 | debug_robo_cima | INFO | ℹ️ 🔄 Verificando qual comando usar (SCALE ou ROTATE)...
2026-03-28 09:18:10 | debug_robo_cima | INFO | ℹ️ 🔄 Status pilar_rotacionado = False, usar_scale = True
2026-03-28 09:18:10 | debug_robo_cima | INFO | ℹ️ ✅ Usando _SCALE
2026-03-28 09:18:10 | debug_robo_cima | INFO | ℹ️ 🔄 Verificando se é pilar especial: False
2026-03-28 09:18:10 | debug_robo_cima | INFO | ℹ️ ✅ Pilar normal - usando valores padrão no _SCALE
2026-03-28 09:18:10 | debug_robo_cima | INFO | ℹ️ ✅ Script gerado com sucesso!
2026-03-28 09:18:10 | debug_robo_cima | INFO | 🔄 Script gerado: Tamanho: 3800 caracteres
2026-03-28 09:18:10 | debug_robo_cima | INFO | 
============================================================
2026-03-28 09:18:10 | debug_robo_cima | INFO | 📋 FIM DA GERAÇÃO DE SCRIPT CIMA
2026-03-28 09:18:10 | debug_robo_cima | INFO | ============================================================
2026-03-28 09:18:12 | debug_robo_cima | INFO | ℹ️ 🔄 Instância do GeradorPilar registrada globalmente
2026-03-28 09:18:12 | debug_robo_cima | INFO | ℹ️ 🔄 Globais do pilar especial inicializadas
2026-03-28 09:18:12 | debug_robo_cima | INFO | 
----------------------------------------
2026-03-28 09:18:12 | debug_robo_cima | INFO | 📌 VERIFICAÇÃO DE PILAR ESPECIAL ATIVO
2026-03-28 09:18:12 | debug_robo_cima | INFO | ----------------------------------------
2026-03-28 09:18:12 | debug_robo_cima | INFO | ℹ️ 🔄 Verificando se pilar especial está ativo...
2026-03-28 09:18:12 | debug_robo_cima | INFO | ℹ️ 🔄 Status do checkbox pilar_rotacionado_var: False
2026-03-28 09:18:12 | debug_robo_cima | INFO | ℹ️ 🔄 Status do checkbox pilar_especial_ativo_var: False
2026-03-28 09:18:12 | debug_robo_cima | INFO | ℹ️ Pilar especial INATIVO - pilar_rotacionado: False, pilar_especial: False, globais: False, tipo: ''
2026-03-28 09:18:12 | debug_robo_cima | INFO | 
----------------------------------------
2026-03-28 09:18:12 | debug_robo_cima | INFO | 📌 VERIFICAÇÃO DE PILAR ESPECIAL ATIVO
2026-03-28 09:18:12 | debug_robo_cima | INFO | ----------------------------------------
2026-03-28 09:18:12 | debug_robo_cima | INFO | ℹ️ 🔄 Verificando se pilar especial está ativo...
2026-03-28 09:18:12 | debug_robo_cima | INFO | ℹ️ 🔄 Status do checkbox pilar_rotacionado_var: False
2026-03-28 09:18:12 | debug_robo_cima | INFO | ℹ️ 🔄 Status do checkbox pilar_especial_ativo_var: False
2026-03-28 09:18:12 | debug_robo_cima | INFO | ℹ️ Pilar especial INATIVO - pilar_rotacionado: False, pilar_especial: False, globais: False, tipo: ''
2026-03-28 09:18:12 | debug_robo_cima | INFO | 
----------------------------------------
2026-03-28 09:18:12 | debug_robo_cima | INFO | 📌 VERIFICAÇÃO DE PILAR ESPECIAL ATIVO
2026-03-28 09:18:12 | debug_robo_cima | INFO | ----------------------------------------
2026-03-28 09:18:12 | debug_robo_cima | INFO | ℹ️ 🔄 Verificando se pilar especial está ativo...
2026-03-28 09:18:12 | debug_robo_cima | INFO | ℹ️ 🔄 Status do checkbox pilar_rotacionado_var: False
2026-03-28 09:18:12 | debug_robo_cima | INFO | ℹ️ 🔄 Status do checkbox pilar_especial_ativo_var: False
2026-03-28 09:18:12 | debug_robo_cima | INFO | ℹ️ Pilar especial INATIVO - pilar_rotacionado: False, pilar_especial: False, globais: False, tipo: ''
2026-03-28 09:18:12 | debug_robo_cima | INFO | 
----------------------------------------
2026-03-28 09:18:12 | debug_robo_cima | INFO | 📌 VERIFICAÇÃO DE PILAR ESPECIAL ATIVO
2026-03-28 09:18:12 | debug_robo_cima | INFO | ----------------------------------------
2026-03-28 09:18:12 | debug_robo_cima | INFO | ℹ️ 🔄 Verificando se pilar especial está ativo...
2026-03-28 09:18:12 | debug_robo_cima | INFO | ℹ️ 🔄 Status do checkbox pilar_rotacionado_var: False
2026-03-28 09:18:12 | debug_robo_cima | INFO | ℹ️ 🔄 Status do checkbox pilar_especial_ativo_var: False
2026-03-28 09:18:12 | debug_robo_cima | INFO | ℹ️ Pilar especial INATIVO - pilar_rotacionado: False, pilar_especial: False, globais: False, tipo: ''
2026-03-28 09:18:12 | debug_robo_cima | INFO | 
----------------------------------------
2026-03-28 09:18:12 | debug_robo_cima | INFO | 📌 VERIFICAÇÃO DE PILAR ESPECIAL ATIVO
2026-03-28 09:18:12 | debug_robo_cima | INFO | ----------------------------------------
2026-03-28 09:18:12 | debug_robo_cima | INFO | ℹ️ 🔄 Verificando se pilar especial está ativo...
2026-03-28 09:18:12 | debug_robo_cima | INFO | ℹ️ 🔄 Status do checkbox pilar_rotacionado_var: False
2026-03-28 09:18:12 | debug_robo_cima | INFO | ℹ️ 🔄 Status do checkbox pilar_especial_ativo_var: False
2026-03-28 09:18:12 | debug_robo_cima | INFO | ℹ️ Pilar especial INATIVO - pilar_rotacionado: False, pilar_especial: False, globais: False, tipo: ''
2026-03-28 09:18:12 | debug_robo_cima | INFO | 
----------------------------------------
2026-03-28 09:18:12 | debug_robo_cima | INFO | 📌 VERIFICAÇÃO DE PILAR ESPECIAL ATIVO
2026-03-28 09:18:12 | debug_robo_cima | INFO | ----------------------------------------
2026-03-28 09:18:12 | debug_robo_cima | INFO | ℹ️ 🔄 Verificando se pilar especial está ativo...
2026-03-28 09:18:12 | debug_robo_cima | INFO | ℹ️ 🔄 Status do checkbox pilar_rotacionado_var: False
2026-03-28 09:18:12 | debug_robo_cima | INFO | ℹ️ 🔄 Status do checkbox pilar_especial_ativo_var: False
2026-03-28 09:18:12 | debug_robo_cima | INFO | ℹ️ Pilar especial INATIVO - pilar_rotacionado: False, pilar_especial: False, globais: False, tipo: ''
2026-03-28 09:18:12 | debug_robo_cima | INFO | 
----------------------------------------
2026-03-28 09:18:12 | debug_robo_cima | INFO | 📌 VERIFICAÇÃO DE PILAR ESPECIAL ATIVO
2026-03-28 09:18:12 | debug_robo_cima | INFO | ----------------------------------------
2026-03-28 09:18:12 | debug_robo_cima | INFO | ℹ️ 🔄 Verificando se pilar especial está ativo...
2026-03-28 09:18:12 | debug_robo_cima | INFO | ℹ️ 🔄 Status do checkbox pilar_rotacionado_var: False
2026-03-28 09:18:12 | debug_robo_cima | INFO | ℹ️ 🔄 Status do checkbox pilar_especial_ativo_var: False
2026-03-28 09:18:12 | debug_robo_cima | INFO | ℹ️ Pilar especial INATIVO - pilar_rotacionado: False, pilar_especial: False, globais: False, tipo: ''
2026-03-28 09:18:12 | debug_robo_cima | INFO | 
----------------------------------------
2026-03-28 09:18:12 | debug_robo_cima | INFO | 📌 VERIFICAÇÃO DE PILAR ESPECIAL ATIVO
2026-03-28 09:18:12 | debug_robo_cima | INFO | ----------------------------------------
2026-03-28 09:18:12 | debug_robo_cima | INFO | ℹ️ 🔄 Verificando se pilar especial está ativo...
2026-03-28 09:18:12 | debug_robo_cima | INFO | ℹ️ 🔄 Status do checkbox pilar_rotacionado_var: False
2026-03-28 09:18:12 | debug_robo_cima | INFO | ℹ️ 🔄 Status do checkbox pilar_especial_ativo_var: False
2026-03-28 09:18:12 | debug_robo_cima | INFO | ℹ️ Pilar especial INATIVO - pilar_rotacionado: False, pilar_especial: False, globais: False, tipo: ''
2026-03-28 09:18:12 | debug_robo_cima | INFO | 
----------------------------------------
2026-03-28 09:18:12 | debug_robo_cima | INFO | 📌 VERIFICAÇÃO DE PILAR ESPECIAL ATIVO
2026-03-28 09:18:12 | debug_robo_cima | INFO | ----------------------------------------
2026-03-28 09:18:12 | debug_robo_cima | INFO | ℹ️ 🔄 Verificando se pilar especial está ativo...
2026-03-28 09:18:12 | debug_robo_cima | INFO | ℹ️ 🔄 Status do checkbox pilar_rotacionado_var: False
2026-03-28 09:18:12 | debug_robo_cima | INFO | ℹ️ 🔄 Status do checkbox pilar_especial_ativo_var: False
2026-03-28 09:18:12 | debug_robo_cima | INFO | ℹ️ Pilar especial INATIVO - pilar_rotacionado: False, pilar_especial: False, globais: False, tipo: ''
2026-03-28 09:18:12 | debug_robo_cima | INFO | 
----------------------------------------
2026-03-28 09:18:12 | debug_robo_cima | INFO | 📌 VERIFICAÇÃO DE PILAR ESPECIAL ATIVO
2026-03-28 09:18:12 | debug_robo_cima | INFO | ----------------------------------------
2026-03-28 09:18:12 | debug_robo_cima | INFO | ℹ️ 🔄 Verificando se pilar especial está ativo...
2026-03-28 09:18:12 | debug_robo_cima | INFO | ℹ️ 🔄 Status do checkbox pilar_rotacionado_var: False
2026-03-28 09:18:12 | debug_robo_cima | INFO | ℹ️ 🔄 Status do checkbox pilar_especial_ativo_var: False
2026-03-28 09:18:12 | debug_robo_cima | INFO | ℹ️ Pilar especial INATIVO - pilar_rotacionado: False, pilar_especial: False, globais: False, tipo: ''
2026-03-28 09:18:12 | debug_robo_cima | INFO | 
----------------------------------------
2026-03-28 09:18:12 | debug_robo_cima | INFO | 📌 VERIFICAÇÃO DE PILAR ESPECIAL ATIVO
2026-03-28 09:18:12 | debug_robo_cima | INFO | ----------------------------------------
2026-03-28 09:18:12 | debug_robo_cima | INFO | ℹ️ 🔄 Verificando se pilar especial está ativo...
2026-03-28 09:18:12 | debug_robo_cima | INFO | ℹ️ 🔄 Status do checkbox pilar_rotacionado_var: False
2026-03-28 09:18:12 | debug_robo_cima | INFO | ℹ️ 🔄 Status do checkbox pilar_especial_ativo_var: False
2026-03-28 09:18:12 | debug_robo_cima | INFO | ℹ️ Pilar especial INATIVO - pilar_rotacionado: False, pilar_especial: False, globais: False, tipo: ''
2026-03-28 09:18:12 | debug_robo_cima | INFO | 
----------------------------------------
2026-03-28 09:18:12 | debug_robo_cima | INFO | 📌 VERIFICAÇÃO DE PILAR ESPECIAL ATIVO
2026-03-28 09:18:12 | debug_robo_cima | INFO | ----------------------------------------
2026-03-28 09:18:12 | debug_robo_cima | INFO | ℹ️ 🔄 Verificando se pilar especial está ativo...
2026-03-28 09:18:12 | debug_robo_cima | INFO | ℹ️ 🔄 Status do checkbox pilar_rotacionado_var: False
2026-03-28 09:18:12 | debug_robo_cima | INFO | ℹ️ 🔄 Status do checkbox pilar_especial_ativo_var: False
2026-03-28 09:18:12 | debug_robo_cima | INFO | ℹ️ Pilar especial INATIVO - pilar_rotacionado: False, pilar_especial: False, globais: False, tipo: ''
2026-03-28 09:18:13 | debug_robo_cima | INFO | 
----------------------------------------
2026-03-28 09:18:13 | debug_robo_cima | INFO | 📌 VERIFICAÇÃO DE PILAR ESPECIAL ATIVO
2026-03-28 09:18:13 | debug_robo_cima | INFO | ----------------------------------------
2026-03-28 09:18:13 | debug_robo_cima | INFO | ℹ️ 🔄 Verificando se pilar especial está ativo...
2026-03-28 09:18:13 | debug_robo_cima | INFO | ℹ️ 🔄 Status do checkbox pilar_rotacionado_var: False
2026-03-28 09:18:13 | debug_robo_cima | INFO | ℹ️ 🔄 Status do checkbox pilar_especial_ativo_var: False
2026-03-28 09:18:13 | debug_robo_cima | INFO | ℹ️ Pilar especial INATIVO - pilar_rotacionado: False, pilar_especial: False, globais: False, tipo: ''
2026-03-28 09:18:13 | debug_robo_cima | INFO | 
----------------------------------------
2026-03-28 09:18:13 | debug_robo_cima | INFO | 📌 VERIFICAÇÃO DE PILAR ESPECIAL ATIVO
2026-03-28 09:18:13 | debug_robo_cima | INFO | ----------------------------------------
2026-03-28 09:18:13 | debug_robo_cima | INFO | ℹ️ 🔄 Verificando se pilar especial está ativo...
2026-03-28 09:18:13 | debug_robo_cima | INFO | ℹ️ 🔄 Status do checkbox pilar_rotacionado_var: False
2026-03-28 09:18:13 | debug_robo_cima | INFO | ℹ️ 🔄 Status do checkbox pilar_especial_ativo_var: False
2026-03-28 09:18:13 | debug_robo_cima | INFO | ℹ️ Pilar especial INATIVO - pilar_rotacionado: False, pilar_especial: False, globais: False, tipo: ''
2026-03-28 09:18:13 | debug_robo_cima | INFO | 
----------------------------------------
2026-03-28 09:18:13 | debug_robo_cima | INFO | 📌 VERIFICAÇÃO DE PILAR ESPECIAL ATIVO
2026-03-28 09:18:13 | debug_robo_cima | INFO | ----------------------------------------
2026-03-28 09:18:13 | debug_robo_cima | INFO | ℹ️ 🔄 Verificando se pilar especial está ativo...
2026-03-28 09:18:13 | debug_robo_cima | INFO | ℹ️ 🔄 Status do checkbox pilar_rotacionado_var: False
2026-03-28 09:18:13 | debug_robo_cima | INFO | ℹ️ 🔄 Status do checkbox pilar_especial_ativo_var: False
2026-03-28 09:18:13 | debug_robo_cima | INFO | ℹ️ Pilar especial INATIVO - pilar_rotacionado: False, pilar_especial: False, globais: False, tipo: ''
2026-03-28 09:18:13 | debug_robo_cima | INFO | 
----------------------------------------
2026-03-28 09:18:13 | debug_robo_cima | INFO | 📌 VERIFICAÇÃO DE PILAR ESPECIAL ATIVO
2026-03-28 09:18:13 | debug_robo_cima | INFO | ----------------------------------------
2026-03-28 09:18:13 | debug_robo_cima | INFO | ℹ️ 🔄 Verificando se pilar especial está ativo...
2026-03-28 09:18:13 | debug_robo_cima | INFO | ℹ️ 🔄 Status do checkbox pilar_rotacionado_var: False
2026-03-28 09:18:13 | debug_robo_cima | INFO | ℹ️ 🔄 Status do checkbox pilar_especial_ativo_var: False
2026-03-28 09:18:13 | debug_robo_cima | INFO | ℹ️ Pilar especial INATIVO - pilar_rotacionado: False, pilar_especial: False, globais: False, tipo: ''
2026-03-28 09:18:13 | debug_robo_cima | INFO | 
----------------------------------------
2026-03-28 09:18:13 | debug_robo_cima | INFO | 📌 VERIFICAÇÃO DE PILAR ESPECIAL ATIVO
2026-03-28 09:18:13 | debug_robo_cima | INFO | ----------------------------------------
2026-03-28 09:18:13 | debug_robo_cima | INFO | ℹ️ 🔄 Verificando se pilar especial está ativo...
2026-03-28 09:18:13 | debug_robo_cima | INFO | ℹ️ 🔄 Status do checkbox pilar_rotacionado_var: False
2026-03-28 09:18:13 | debug_robo_cima | INFO | ℹ️ 🔄 Status do checkbox pilar_especial_ativo_var: False
2026-03-28 09:18:13 | debug_robo_cima | INFO | ℹ️ Pilar especial INATIVO - pilar_rotacionado: False, pilar_especial: False, globais: False, tipo: ''
2026-03-28 09:18:13 | debug_robo_cima | INFO | 
----------------------------------------
2026-03-28 09:18:13 | debug_robo_cima | INFO | 📌 VERIFICAÇÃO DE PILAR ESPECIAL ATIVO
2026-03-28 09:18:13 | debug_robo_cima | INFO | ----------------------------------------
2026-03-28 09:18:13 | debug_robo_cima | INFO | ℹ️ 🔄 Verificando se pilar especial está ativo...
2026-03-28 09:18:13 | debug_robo_cima | INFO | ℹ️ 🔄 Status do checkbox pilar_rotacionado_var: False
2026-03-28 09:18:13 | debug_robo_cima | INFO | ℹ️ 🔄 Status do checkbox pilar_especial_ativo_var: False
2026-03-28 09:18:13 | debug_robo_cima | INFO | ℹ️ Pilar especial INATIVO - pilar_rotacionado: False, pilar_especial: False, globais: False, tipo: ''
2026-03-28 09:18:13 | debug_robo_cima | INFO | 
----------------------------------------
2026-03-28 09:18:13 | debug_robo_cima | INFO | 📌 VERIFICAÇÃO DE PILAR ESPECIAL ATIVO
2026-03-28 09:18:13 | debug_robo_cima | INFO | ----------------------------------------
2026-03-28 09:18:13 | debug_robo_cima | INFO | ℹ️ 🔄 Verificando se pilar especial está ativo...
2026-03-28 09:18:13 | debug_robo_cima | INFO | ℹ️ 🔄 Status do checkbox pilar_rotacionado_var: False
2026-03-28 09:18:13 | debug_robo_cima | INFO | ℹ️ 🔄 Status do checkbox pilar_especial_ativo_var: False
2026-03-28 09:18:13 | debug_robo_cima | INFO | ℹ️ Pilar especial INATIVO - pilar_rotacionado: False, pilar_especial: False, globais: False, tipo: ''
2026-03-28 09:18:13 | debug_robo_cima | INFO | 
----------------------------------------
2026-03-28 09:18:13 | debug_robo_cima | INFO | 📌 VERIFICAÇÃO DE PILAR ESPECIAL ATIVO
2026-03-28 09:18:13 | debug_robo_cima | INFO | ----------------------------------------
2026-03-28 09:18:13 | debug_robo_cima | INFO | ℹ️ 🔄 Verificando se pilar especial está ativo...
2026-03-28 09:18:13 | debug_robo_cima | INFO | ℹ️ 🔄 Status do checkbox pilar_rotacionado_var: False
2026-03-28 09:18:13 | debug_robo_cima | INFO | ℹ️ 🔄 Status do checkbox pilar_especial_ativo_var: False
2026-03-28 09:18:13 | debug_robo_cima | INFO | ℹ️ Pilar especial INATIVO - pilar_rotacionado: False, pilar_especial: False, globais: False, tipo: ''
2026-03-28 09:18:13 | debug_robo_cima | INFO | 
----------------------------------------
2026-03-28 09:18:13 | debug_robo_cima | INFO | 📌 VERIFICAÇÃO DE PILAR ESPECIAL ATIVO
2026-03-28 09:18:13 | debug_robo_cima | INFO | ----------------------------------------
2026-03-28 09:18:13 | debug_robo_cima | INFO | ℹ️ 🔄 Verificando se pilar especial está ativo...
2026-03-28 09:18:13 | debug_robo_cima | INFO | ℹ️ 🔄 Status do checkbox pilar_rotacionado_var: False
2026-03-28 09:18:13 | debug_robo_cima | INFO | ℹ️ 🔄 Status do checkbox pilar_especial_ativo_var: False
2026-03-28 09:18:13 | debug_robo_cima | INFO | ℹ️ Pilar especial INATIVO - pilar_rotacionado: False, pilar_especial: False, globais: False, tipo: ''
2026-03-28 09:18:13 | debug_robo_cima | INFO | 
----------------------------------------
2026-03-28 09:18:13 | debug_robo_cima | INFO | 📌 VERIFICAÇÃO DE PILAR ESPECIAL ATIVO
2026-03-28 09:18:13 | debug_robo_cima | INFO | ----------------------------------------
2026-03-28 09:18:13 | debug_robo_cima | INFO | ℹ️ 🔄 Verificando se pilar especial está ativo...
2026-03-28 09:18:13 | debug_robo_cima | INFO | ℹ️ 🔄 Status do checkbox pilar_rotacionado_var: False
2026-03-28 09:18:13 | debug_robo_cima | INFO | ℹ️ 🔄 Status do checkbox pilar_especial_ativo_var: False
2026-03-28 09:18:13 | debug_robo_cima | INFO | ℹ️ Pilar especial INATIVO - pilar_rotacionado: False, pilar_especial: False, globais: False, tipo: ''
2026-03-28 09:18:13 | debug_robo_cima | INFO | 
----------------------------------------
2026-03-28 09:18:13 | debug_robo_cima | INFO | 📌 VERIFICAÇÃO DE PILAR ESPECIAL ATIVO
2026-03-28 09:18:13 | debug_robo_cima | INFO | ----------------------------------------
2026-03-28 09:18:13 | debug_robo_cima | INFO | ℹ️ 🔄 Verificando se pilar especial está ativo...
2026-03-28 09:18:13 | debug_robo_cima | INFO | ℹ️ 🔄 Status do checkbox pilar_rotacionado_var: False
2026-03-28 09:18:13 | debug_robo_cima | INFO | ℹ️ 🔄 Status do checkbox pilar_especial_ativo_var: False
2026-03-28 09:18:13 | debug_robo_cima | INFO | ℹ️ Pilar especial INATIVO - pilar_rotacionado: False, pilar_especial: False, globais: False, tipo: ''
2026-03-28 09:18:13 | debug_robo_cima | INFO | 
----------------------------------------
2026-03-28 09:18:13 | debug_robo_cima | INFO | 📌 VERIFICAÇÃO DE PILAR ESPECIAL ATIVO
2026-03-28 09:18:13 | debug_robo_cima | INFO | ----------------------------------------
2026-03-28 09:18:13 | debug_robo_cima | INFO | ℹ️ 🔄 Verificando se pilar especial está ativo...
2026-03-28 09:18:13 | debug_robo_cima | INFO | ℹ️ 🔄 Status do checkbox pilar_rotacionado_var: False
2026-03-28 09:18:13 | debug_robo_cima | INFO | ℹ️ 🔄 Status do checkbox pilar_especial_ativo_var: False
2026-03-28 09:18:13 | debug_robo_cima | INFO | ℹ️ Pilar especial INATIVO - pilar_rotacionado: False, pilar_especial: False, globais: False, tipo: ''
2026-03-28 09:18:13 | debug_robo_cima | INFO | 
----------------------------------------
2026-03-28 09:18:13 | debug_robo_cima | INFO | 📌 VERIFICAÇÃO DE PILAR ESPECIAL ATIVO
2026-03-28 09:18:13 | debug_robo_cima | INFO | ----------------------------------------
2026-03-28 09:18:13 | debug_robo_cima | INFO | ℹ️ 🔄 Verificando se pilar especial está ativo...
2026-03-28 09:18:13 | debug_robo_cima | INFO | ℹ️ 🔄 Status do checkbox pilar_rotacionado_var: False
2026-03-28 09:18:13 | debug_robo_cima | INFO | ℹ️ 🔄 Status do checkbox pilar_especial_ativo_var: False
2026-03-28 09:18:13 | debug_robo_cima | INFO | ℹ️ Pilar especial INATIVO - pilar_rotacionado: False, pilar_especial: False, globais: False, tipo: ''
2026-03-28 09:18:13 | debug_robo_cima | INFO | 
----------------------------------------
2026-03-28 09:18:13 | debug_robo_cima | INFO | 📌 VERIFICAÇÃO DE PILAR ESPECIAL ATIVO
2026-03-28 09:18:13 | debug_robo_cima | INFO | ----------------------------------------
2026-03-28 09:18:13 | debug_robo_cima | INFO | ℹ️ 🔄 Verificando se pilar especial está ativo...
2026-03-28 09:18:13 | debug_robo_cima | INFO | ℹ️ 🔄 Status do checkbox pilar_rotacionado_var: False
2026-03-28 09:18:13 | debug_robo_cima | INFO | ℹ️ 🔄 Status do checkbox pilar_especial_ativo_var: False
2026-03-28 09:18:13 | debug_robo_cima | INFO | ℹ️ Pilar especial INATIVO - pilar_rotacionado: False, pilar_especial: False, globais: False, tipo: ''
2026-03-28 09:18:13 | debug_robo_cima | INFO | 
----------------------------------------
2026-03-28 09:18:13 | debug_robo_cima | INFO | 📌 VERIFICAÇÃO DE PILAR ESPECIAL ATIVO
2026-03-28 09:18:13 | debug_robo_cima | INFO | ----------------------------------------
2026-03-28 09:18:13 | debug_robo_cima | INFO | ℹ️ 🔄 Verificando se pilar especial está ativo...
2026-03-28 09:18:13 | debug_robo_cima | INFO | ℹ️ 🔄 Status do checkbox pilar_rotacionado_var: False
2026-03-28 09:18:13 | debug_robo_cima | INFO | ℹ️ 🔄 Status do checkbox pilar_especial_ativo_var: False
2026-03-28 09:18:13 | debug_robo_cima | INFO | ℹ️ Pilar especial INATIVO - pilar_rotacionado: False, pilar_especial: False, globais: False, tipo: ''
2026-03-28 09:18:13 | debug_robo_cima | INFO | 
----------------------------------------
2026-03-28 09:18:13 | debug_robo_cima | INFO | 📌 VERIFICAÇÃO DE PILAR ESPECIAL ATIVO
2026-03-28 09:18:13 | debug_robo_cima | INFO | ----------------------------------------
2026-03-28 09:18:13 | debug_robo_cima | INFO | ℹ️ 🔄 Verificando se pilar especial está ativo...
2026-03-28 09:18:13 | debug_robo_cima | INFO | ℹ️ 🔄 Status do checkbox pilar_rotacionado_var: False
2026-03-28 09:18:13 | debug_robo_cima | INFO | ℹ️ 🔄 Status do checkbox pilar_especial_ativo_var: False
2026-03-28 09:18:13 | debug_robo_cima | INFO | ℹ️ Pilar especial INATIVO - pilar_rotacionado: False, pilar_especial: False, globais: False, tipo: ''
2026-03-28 09:18:13 | debug_robo_cima | INFO | 
----------------------------------------
2026-03-28 09:18:13 | debug_robo_cima | INFO | 📌 VERIFICAÇÃO DE PILAR ESPECIAL ATIVO
2026-03-28 09:18:13 | debug_robo_cima | INFO | ----------------------------------------
2026-03-28 09:18:13 | debug_robo_cima | INFO | ℹ️ 🔄 Verificando se pilar especial está ativo...
2026-03-28 09:18:13 | debug_robo_cima | INFO | ℹ️ 🔄 Status do checkbox pilar_rotacionado_var: False
2026-03-28 09:18:13 | debug_robo_cima | INFO | ℹ️ 🔄 Status do checkbox pilar_especial_ativo_var: False
2026-03-28 09:18:13 | debug_robo_cima | INFO | ℹ️ Pilar especial INATIVO - pilar_rotacionado: False, pilar_especial: False, globais: False, tipo: ''
2026-03-28 09:18:13 | debug_robo_cima | INFO | 
----------------------------------------
2026-03-28 09:18:13 | debug_robo_cima | INFO | 📌 VERIFICAÇÃO DE PILAR ESPECIAL ATIVO
2026-03-28 09:18:13 | debug_robo_cima | INFO | ----------------------------------------
2026-03-28 09:18:13 | debug_robo_cima | INFO | ℹ️ 🔄 Verificando se pilar especial está ativo...
2026-03-28 09:18:13 | debug_robo_cima | INFO | ℹ️ 🔄 Status do checkbox pilar_rotacionado_var: False
2026-03-28 09:18:13 | debug_robo_cima | INFO | ℹ️ 🔄 Status do checkbox pilar_especial_ativo_var: False
2026-03-28 09:18:13 | debug_robo_cima | INFO | ℹ️ Pilar especial INATIVO - pilar_rotacionado: False, pilar_especial: False, globais: False, tipo: ''
2026-03-28 09:18:13 | debug_robo_cima | INFO | 
----------------------------------------
2026-03-28 09:18:13 | debug_robo_cima | INFO | 📌 VERIFICAÇÃO DE PILAR ESPECIAL ATIVO
2026-03-28 09:18:13 | debug_robo_cima | INFO | ----------------------------------------
2026-03-28 09:18:13 | debug_robo_cima | INFO | ℹ️ 🔄 Verificando se pilar especial está ativo...
2026-03-28 09:18:13 | debug_robo_cima | INFO | ℹ️ 🔄 Status do checkbox pilar_rotacionado_var: False
2026-03-28 09:18:13 | debug_robo_cima | INFO | ℹ️ 🔄 Status do checkbox pilar_especial_ativo_var: False
2026-03-28 09:18:13 | debug_robo_cima | INFO | ℹ️ Pilar especial INATIVO - pilar_rotacionado: False, pilar_especial: False, globais: False, tipo: ''
2026-03-28 09:18:13 | debug_robo_cima | INFO | 
----------------------------------------
2026-03-28 09:18:13 | debug_robo_cima | INFO | 📌 VERIFICAÇÃO DE PILAR ESPECIAL ATIVO
2026-03-28 09:18:13 | debug_robo_cima | INFO | ----------------------------------------
2026-03-28 09:18:13 | debug_robo_cima | INFO | ℹ️ 🔄 Verificando se pilar especial está ativo...
2026-03-28 09:18:13 | debug_robo_cima | INFO | ℹ️ 🔄 Status do checkbox pilar_rotacionado_var: False
2026-03-28 09:18:13 | debug_robo_cima | INFO | ℹ️ 🔄 Status do checkbox pilar_especial_ativo_var: False
2026-03-28 09:18:13 | debug_robo_cima | INFO | ℹ️ Pilar especial INATIVO - pilar_rotacionado: False, pilar_especial: False, globais: False, tipo: ''
2026-03-28 09:18:13 | debug_robo_cima | INFO | 
----------------------------------------
2026-03-28 09:18:13 | debug_robo_cima | INFO | 📌 VERIFICAÇÃO DE PILAR ESPECIAL ATIVO
2026-03-28 09:18:13 | debug_robo_cima | INFO | ----------------------------------------
2026-03-28 09:18:13 | debug_robo_cima | INFO | ℹ️ 🔄 Verificando se pilar especial está ativo...
2026-03-28 09:18:13 | debug_robo_cima | INFO | ℹ️ 🔄 Status do checkbox pilar_rotacionado_var: False
2026-03-28 09:18:13 | debug_robo_cima | INFO | ℹ️ 🔄 Status do checkbox pilar_especial_ativo_var: False
2026-03-28 09:18:13 | debug_robo_cima | INFO | ℹ️ Pilar especial INATIVO - pilar_rotacionado: False, pilar_especial: False, globais: False, tipo: ''
2026-03-28 09:18:13 | debug_robo_cima | INFO | 
----------------------------------------
2026-03-28 09:18:13 | debug_robo_cima | INFO | 📌 VERIFICAÇÃO DE PILAR ESPECIAL ATIVO
2026-03-28 09:18:13 | debug_robo_cima | INFO | ----------------------------------------
2026-03-28 09:18:13 | debug_robo_cima | INFO | ℹ️ 🔄 Verificando se pilar especial está ativo...
2026-03-28 09:18:13 | debug_robo_cima | INFO | ℹ️ 🔄 Status do checkbox pilar_rotacionado_var: False
2026-03-28 09:18:13 | debug_robo_cima | INFO | ℹ️ 🔄 Status do checkbox pilar_especial_ativo_var: False
2026-03-28 09:18:13 | debug_robo_cima | INFO | ℹ️ Pilar especial INATIVO - pilar_rotacionado: False, pilar_especial: False, globais: False, tipo: ''
2026-03-28 09:18:13 | debug_robo_cima | INFO | 
----------------------------------------
2026-03-28 09:18:13 | debug_robo_cima | INFO | 📌 VERIFICAÇÃO DE PILAR ESPECIAL ATIVO
2026-03-28 09:18:13 | debug_robo_cima | INFO | ----------------------------------------
2026-03-28 09:18:13 | debug_robo_cima | INFO | ℹ️ 🔄 Verificando se pilar especial está ativo...
2026-03-28 09:18:13 | debug_robo_cima | INFO | ℹ️ 🔄 Status do checkbox pilar_rotacionado_var: False
2026-03-28 09:18:13 | debug_robo_cima | INFO | ℹ️ 🔄 Status do checkbox pilar_especial_ativo_var: False
2026-03-28 09:18:13 | debug_robo_cima | INFO | ℹ️ Pilar especial INATIVO - pilar_rotacionado: False, pilar_especial: False, globais: False, tipo: ''
2026-03-28 09:18:13 | debug_robo_cima | INFO | 
----------------------------------------
2026-03-28 09:18:13 | debug_robo_cima | INFO | 📌 VERIFICAÇÃO DE PILAR ESPECIAL ATIVO
2026-03-28 09:18:13 | debug_robo_cima | INFO | ----------------------------------------
2026-03-28 09:18:13 | debug_robo_cima | INFO | ℹ️ 🔄 Verificando se pilar especial está ativo...
2026-03-28 09:18:13 | debug_robo_cima | INFO | ℹ️ 🔄 Status do checkbox pilar_rotacionado_var: False
2026-03-28 09:18:13 | debug_robo_cima | INFO | ℹ️ 🔄 Status do checkbox pilar_especial_ativo_var: False
2026-03-28 09:18:13 | debug_robo_cima | INFO | ℹ️ Pilar especial INATIVO - pilar_rotacionado: False, pilar_especial: False, globais: False, tipo: ''
2026-03-28 09:18:13 | debug_robo_cima | INFO | 
----------------------------------------
2026-03-28 09:18:13 | debug_robo_cima | INFO | 📌 VERIFICAÇÃO DE PILAR ESPECIAL ATIVO
2026-03-28 09:18:13 | debug_robo_cima | INFO | ----------------------------------------
2026-03-28 09:18:13 | debug_robo_cima | INFO | ℹ️ 🔄 Verificando se pilar especial está ativo...
2026-03-28 09:18:13 | debug_robo_cima | INFO | ℹ️ 🔄 Status do checkbox pilar_rotacionado_var: False
2026-03-28 09:18:13 | debug_robo_cima | INFO | ℹ️ 🔄 Status do checkbox pilar_especial_ativo_var: False
2026-03-28 09:18:13 | debug_robo_cima | INFO | ℹ️ Pilar especial INATIVO - pilar_rotacionado: False, pilar_especial: False, globais: False, tipo: ''
2026-03-28 09:18:13 | debug_robo_cima | INFO | 
----------------------------------------
2026-03-28 09:18:13 | debug_robo_cima | INFO | 📌 VERIFICAÇÃO DE PILAR ESPECIAL ATIVO
2026-03-28 09:18:13 | debug_robo_cima | INFO | ----------------------------------------
2026-03-28 09:18:13 | debug_robo_cima | INFO | ℹ️ 🔄 Verificando se pilar especial está ativo...
2026-03-28 09:18:13 | debug_robo_cima | INFO | ℹ️ 🔄 Status do checkbox pilar_rotacionado_var: False
2026-03-28 09:18:13 | debug_robo_cima | INFO | ℹ️ 🔄 Status do checkbox pilar_especial_ativo_var: False
2026-03-28 09:18:13 | debug_robo_cima | INFO | ℹ️ Pilar especial INATIVO - pilar_rotacionado: False, pilar_especial: False, globais: False, tipo: ''
2026-03-28 09:18:13 | debug_robo_cima | INFO | 
----------------------------------------
2026-03-28 09:18:13 | debug_robo_cima | INFO | 📌 VERIFICAÇÃO DE PILAR ESPECIAL ATIVO
2026-03-28 09:18:13 | debug_robo_cima | INFO | ----------------------------------------
2026-03-28 09:18:13 | debug_robo_cima | INFO | ℹ️ 🔄 Verificando se pilar especial está ativo...
2026-03-28 09:18:13 | debug_robo_cima | INFO | ℹ️ 🔄 Status do checkbox pilar_rotacionado_var: False
2026-03-28 09:18:13 | debug_robo_cima | INFO | ℹ️ 🔄 Status do checkbox pilar_especial_ativo_var: False
2026-03-28 09:18:13 | debug_robo_cima | INFO | ℹ️ Pilar especial INATIVO - pilar_rotacionado: False, pilar_especial: False, globais: False, tipo: ''
2026-03-28 09:18:13 | debug_robo_cima | INFO | 
----------------------------------------
2026-03-28 09:18:13 | debug_robo_cima | INFO | 📌 VERIFICAÇÃO DE PILAR ESPECIAL ATIVO
2026-03-28 09:18:13 | debug_robo_cima | INFO | ----------------------------------------
2026-03-28 09:18:13 | debug_robo_cima | INFO | ℹ️ 🔄 Verificando se pilar especial está ativo...
2026-03-28 09:18:13 | debug_robo_cima | INFO | ℹ️ 🔄 Status do checkbox pilar_rotacionado_var: False
2026-03-28 09:18:13 | debug_robo_cima | INFO | ℹ️ 🔄 Status do checkbox pilar_especial_ativo_var: False
2026-03-28 09:18:13 | debug_robo_cima | INFO | ℹ️ Pilar especial INATIVO - pilar_rotacionado: False, pilar_especial: False, globais: False, tipo: ''
2026-03-28 09:18:13 | debug_robo_cima | INFO | 
----------------------------------------
2026-03-28 09:18:13 | debug_robo_cima | INFO | 📌 VERIFICAÇÃO DE PILAR ESPECIAL ATIVO
2026-03-28 09:18:13 | debug_robo_cima | INFO | ----------------------------------------
2026-03-28 09:18:13 | debug_robo_cima | INFO | ℹ️ 🔄 Verificando se pilar especial está ativo...
2026-03-28 09:18:13 | debug_robo_cima | INFO | ℹ️ 🔄 Status do checkbox pilar_rotacionado_var: False
2026-03-28 09:18:13 | debug_robo_cima | INFO | ℹ️ 🔄 Status do checkbox pilar_especial_ativo_var: False
2026-03-28 09:18:13 | debug_robo_cima | INFO | ℹ️ Pilar especial INATIVO - pilar_rotacionado: False, pilar_especial: False, globais: False, tipo: ''
2026-03-28 09:18:13 | debug_robo_cima | INFO | 
----------------------------------------
2026-03-28 09:18:13 | debug_robo_cima | INFO | 📌 VERIFICAÇÃO DE PILAR ESPECIAL ATIVO
2026-03-28 09:18:13 | debug_robo_cima | INFO | ----------------------------------------
2026-03-28 09:18:13 | debug_robo_cima | INFO | ℹ️ 🔄 Verificando se pilar especial está ativo...
2026-03-28 09:18:13 | debug_robo_cima | INFO | ℹ️ 🔄 Status do checkbox pilar_rotacionado_var: False
2026-03-28 09:18:13 | debug_robo_cima | INFO | ℹ️ 🔄 Status do checkbox pilar_especial_ativo_var: False
2026-03-28 09:18:13 | debug_robo_cima | INFO | ℹ️ Pilar especial INATIVO - pilar_rotacionado: False, pilar_especial: False, globais: False, tipo: ''
2026-03-28 09:18:13 | debug_robo_cima | INFO | 
----------------------------------------
2026-03-28 09:18:13 | debug_robo_cima | INFO | 📌 VERIFICAÇÃO DE PILAR ESPECIAL ATIVO
2026-03-28 09:18:13 | debug_robo_cima | INFO | ----------------------------------------
2026-03-28 09:18:13 | debug_robo_cima | INFO | ℹ️ 🔄 Verificando se pilar especial está ativo...
2026-03-28 09:18:13 | debug_robo_cima | INFO | ℹ️ 🔄 Status do checkbox pilar_rotacionado_var: False
2026-03-28 09:18:13 | debug_robo_cima | INFO | ℹ️ 🔄 Status do checkbox pilar_especial_ativo_var: False
2026-03-28 09:18:13 | debug_robo_cima | INFO | ℹ️ Pilar especial INATIVO - pilar_rotacionado: False, pilar_especial: False, globais: False, tipo: ''
2026-03-28 09:18:13 | debug_robo_cima | INFO | 
----------------------------------------
2026-03-28 09:18:13 | debug_robo_cima | INFO | 📌 VERIFICAÇÃO DE PILAR ESPECIAL ATIVO
2026-03-28 09:18:13 | debug_robo_cima | INFO | ----------------------------------------
2026-03-28 09:18:13 | debug_robo_cima | INFO | ℹ️ 🔄 Verificando se pilar especial está ativo...
2026-03-28 09:18:13 | debug_robo_cima | INFO | ℹ️ 🔄 Status do checkbox pilar_rotacionado_var: False
2026-03-28 09:18:13 | debug_robo_cima | INFO | ℹ️ 🔄 Status do checkbox pilar_especial_ativo_var: False
2026-03-28 09:18:13 | debug_robo_cima | INFO | ℹ️ Pilar especial INATIVO - pilar_rotacionado: False, pilar_especial: False, globais: False, tipo: ''
2026-03-28 09:18:13 | debug_robo_cima | INFO | 
----------------------------------------
2026-03-28 09:18:13 | debug_robo_cima | INFO | 📌 VERIFICAÇÃO DE PILAR ESPECIAL ATIVO
2026-03-28 09:18:13 | debug_robo_cima | INFO | ----------------------------------------
2026-03-28 09:18:13 | debug_robo_cima | INFO | ℹ️ 🔄 Verificando se pilar especial está ativo...
2026-03-28 09:18:13 | debug_robo_cima | INFO | ℹ️ 🔄 Status do checkbox pilar_rotacionado_var: False
2026-03-28 09:18:13 | debug_robo_cima | INFO | ℹ️ 🔄 Status do checkbox pilar_especial_ativo_var: False
2026-03-28 09:18:13 | debug_robo_cima | INFO | ℹ️ Pilar especial INATIVO - pilar_rotacionado: False, pilar_especial: False, globais: False, tipo: ''
2026-03-28 09:18:13 | debug_robo_cima | INFO | 
----------------------------------------
2026-03-28 09:18:13 | debug_robo_cima | INFO | 📌 VERIFICAÇÃO DE PILAR ESPECIAL ATIVO
2026-03-28 09:18:13 | debug_robo_cima | INFO | ----------------------------------------
2026-03-28 09:18:13 | debug_robo_cima | INFO | ℹ️ 🔄 Verificando se pilar especial está ativo...
2026-03-28 09:18:13 | debug_robo_cima | INFO | ℹ️ 🔄 Status do checkbox pilar_rotacionado_var: False
2026-03-28 09:18:13 | debug_robo_cima | INFO | ℹ️ 🔄 Status do checkbox pilar_especial_ativo_var: False
2026-03-28 09:18:13 | debug_robo_cima | INFO | ℹ️ Pilar especial INATIVO - pilar_rotacionado: False, pilar_especial: False, globais: False, tipo: ''
2026-03-28 09:18:13 | debug_robo_cima | INFO | 
----------------------------------------
2026-03-28 09:18:13 | debug_robo_cima | INFO | 📌 VERIFICAÇÃO DE PILAR ESPECIAL ATIVO
2026-03-28 09:18:13 | debug_robo_cima | INFO | ----------------------------------------
2026-03-28 09:18:13 | debug_robo_cima | INFO | ℹ️ 🔄 Verificando se pilar especial está ativo...
2026-03-28 09:18:13 | debug_robo_cima | INFO | ℹ️ 🔄 Status do checkbox pilar_rotacionado_var: False
2026-03-28 09:18:13 | debug_robo_cima | INFO | ℹ️ 🔄 Status do checkbox pilar_especial_ativo_var: False
2026-03-28 09:18:13 | debug_robo_cima | INFO | ℹ️ Pilar especial INATIVO - pilar_rotacionado: False, pilar_especial: False, globais: False, tipo: ''
2026-03-28 09:18:13 | debug_robo_cima | INFO | 
----------------------------------------
2026-03-28 09:18:13 | debug_robo_cima | INFO | 📌 VERIFICAÇÃO DE PILAR ESPECIAL ATIVO
2026-03-28 09:18:13 | debug_robo_cima | INFO | ----------------------------------------
2026-03-28 09:18:13 | debug_robo_cima | INFO | ℹ️ 🔄 Verificando se pilar especial está ativo...
2026-03-28 09:18:13 | debug_robo_cima | INFO | ℹ️ 🔄 Status do checkbox pilar_rotacionado_var: False
2026-03-28 09:18:13 | debug_robo_cima | INFO | ℹ️ 🔄 Status do checkbox pilar_especial_ativo_var: False
2026-03-28 09:18:13 | debug_robo_cima | INFO | ℹ️ Pilar especial INATIVO - pilar_rotacionado: False, pilar_especial: False, globais: False, tipo: ''
2026-03-28 09:18:13 | debug_robo_cima | INFO | 
----------------------------------------
2026-03-28 09:18:13 | debug_robo_cima | INFO | 📌 VERIFICAÇÃO DE PILAR ESPECIAL ATIVO
2026-03-28 09:18:13 | debug_robo_cima | INFO | ----------------------------------------
2026-03-28 09:18:13 | debug_robo_cima | INFO | ℹ️ 🔄 Verificando se pilar especial está ativo...
2026-03-28 09:18:13 | debug_robo_cima | INFO | ℹ️ 🔄 Status do checkbox pilar_rotacionado_var: False
2026-03-28 09:18:13 | debug_robo_cima | INFO | ℹ️ 🔄 Status do checkbox pilar_especial_ativo_var: False
2026-03-28 09:18:13 | debug_robo_cima | INFO | ℹ️ Pilar especial INATIVO - pilar_rotacionado: False, pilar_especial: False, globais: False, tipo: ''
2026-03-28 09:18:13 | debug_robo_cima | INFO | 
----------------------------------------
2026-03-28 09:18:13 | debug_robo_cima | INFO | 📌 VERIFICAÇÃO DE PILAR ESPECIAL ATIVO
2026-03-28 09:18:13 | debug_robo_cima | INFO | ----------------------------------------
2026-03-28 09:18:13 | debug_robo_cima | INFO | ℹ️ 🔄 Verificando se pilar especial está ativo...
2026-03-28 09:18:13 | debug_robo_cima | INFO | ℹ️ 🔄 Status do checkbox pilar_rotacionado_var: False
2026-03-28 09:18:13 | debug_robo_cima | INFO | ℹ️ 🔄 Status do checkbox pilar_especial_ativo_var: False
2026-03-28 09:18:13 | debug_robo_cima | INFO | ℹ️ Pilar especial INATIVO - pilar_rotacionado: False, pilar_especial: False, globais: False, tipo: ''
2026-03-28 09:18:13 | debug_robo_cima | INFO | 
----------------------------------------
2026-03-28 09:18:13 | debug_robo_cima | INFO | 📌 VERIFICAÇÃO DE PILAR ESPECIAL ATIVO
2026-03-28 09:18:13 | debug_robo_cima | INFO | ----------------------------------------
2026-03-28 09:18:13 | debug_robo_cima | INFO | ℹ️ 🔄 Verificando se pilar especial está ativo...
2026-03-28 09:18:13 | debug_robo_cima | INFO | ℹ️ 🔄 Status do checkbox pilar_rotacionado_var: False
2026-03-28 09:18:13 | debug_robo_cima | INFO | ℹ️ 🔄 Status do checkbox pilar_especial_ativo_var: False
2026-03-28 09:18:13 | debug_robo_cima | INFO | ℹ️ Pilar especial INATIVO - pilar_rotacionado: False, pilar_especial: False, globais: False, tipo: ''
2026-03-28 09:18:13 | debug_robo_cima | INFO | 
----------------------------------------
2026-03-28 09:18:13 | debug_robo_cima | INFO | 📌 VERIFICAÇÃO DE PILAR ESPECIAL ATIVO
2026-03-28 09:18:13 | debug_robo_cima | INFO | ----------------------------------------
2026-03-28 09:18:13 | debug_robo_cima | INFO | ℹ️ 🔄 Verificando se pilar especial está ativo...
2026-03-28 09:18:13 | debug_robo_cima | INFO | ℹ️ 🔄 Status do checkbox pilar_rotacionado_var: False
2026-03-28 09:18:13 | debug_robo_cima | INFO | ℹ️ 🔄 Status do checkbox pilar_especial_ativo_var: False
2026-03-28 09:18:13 | debug_robo_cima | INFO | ℹ️ Pilar especial INATIVO - pilar_rotacionado: False, pilar_especial: False, globais: False, tipo: ''
2026-03-28 09:18:13 | debug_robo_cima | INFO | 
----------------------------------------
2026-03-28 09:18:13 | debug_robo_cima | INFO | 📌 VERIFICAÇÃO DE PILAR ESPECIAL ATIVO
2026-03-28 09:18:13 | debug_robo_cima | INFO | ----------------------------------------
2026-03-28 09:18:13 | debug_robo_cima | INFO | ℹ️ 🔄 Verificando se pilar especial está ativo...
2026-03-28 09:18:13 | debug_robo_cima | INFO | ℹ️ 🔄 Status do checkbox pilar_rotacionado_var: False
2026-03-28 09:18:13 | debug_robo_cima | INFO | ℹ️ 🔄 Status do checkbox pilar_especial_ativo_var: False
2026-03-28 09:18:13 | debug_robo_cima | INFO | ℹ️ Pilar especial INATIVO - pilar_rotacionado: False, pilar_especial: False, globais: False, tipo: ''
2026-03-28 09:18:13 | debug_robo_cima | INFO | 
----------------------------------------
2026-03-28 09:18:13 | debug_robo_cima | INFO | 📌 VERIFICAÇÃO DE PILAR ESPECIAL ATIVO
2026-03-28 09:18:13 | debug_robo_cima | INFO | ----------------------------------------
2026-03-28 09:18:13 | debug_robo_cima | INFO | ℹ️ 🔄 Verificando se pilar especial está ativo...
2026-03-28 09:18:13 | debug_robo_cima | INFO | ℹ️ 🔄 Status do checkbox pilar_rotacionado_var: False
2026-03-28 09:18:13 | debug_robo_cima | INFO | ℹ️ 🔄 Status do checkbox pilar_especial_ativo_var: False
2026-03-28 09:18:13 | debug_robo_cima | INFO | ℹ️ Pilar especial INATIVO - pilar_rotacionado: False, pilar_especial: False, globais: False, tipo: ''
2026-03-28 09:18:13 | debug_robo_cima | INFO | 
----------------------------------------
2026-03-28 09:18:13 | debug_robo_cima | INFO | 📌 VERIFICAÇÃO DE PILAR ESPECIAL ATIVO
2026-03-28 09:18:13 | debug_robo_cima | INFO | ----------------------------------------
2026-03-28 09:18:13 | debug_robo_cima | INFO | ℹ️ 🔄 Verificando se pilar especial está ativo...
2026-03-28 09:18:13 | debug_robo_cima | INFO | ℹ️ 🔄 Status do checkbox pilar_rotacionado_var: False
2026-03-28 09:18:13 | debug_robo_cima | INFO | ℹ️ 🔄 Status do checkbox pilar_especial_ativo_var: False
2026-03-28 09:18:13 | debug_robo_cima | INFO | ℹ️ Pilar especial INATIVO - pilar_rotacionado: False, pilar_especial: False, globais: False, tipo: ''
2026-03-28 09:18:13 | debug_robo_cima | INFO | 
----------------------------------------
2026-03-28 09:18:13 | debug_robo_cima | INFO | 📌 VERIFICAÇÃO DE PILAR ESPECIAL ATIVO
2026-03-28 09:18:13 | debug_robo_cima | INFO | ----------------------------------------
2026-03-28 09:18:13 | debug_robo_cima | INFO | ℹ️ 🔄 Verificando se pilar especial está ativo...
2026-03-28 09:18:13 | debug_robo_cima | INFO | ℹ️ 🔄 Status do checkbox pilar_rotacionado_var: False
2026-03-28 09:18:13 | debug_robo_cima | INFO | ℹ️ 🔄 Status do checkbox pilar_especial_ativo_var: False
2026-03-28 09:18:13 | debug_robo_cima | INFO | ℹ️ Pilar especial INATIVO - pilar_rotacionado: False, pilar_especial: False, globais: False, tipo: ''
2026-03-28 09:18:14 | debug_robo_cima | INFO | 
----------------------------------------
2026-03-28 09:18:14 | debug_robo_cima | INFO | 📌 VERIFICAÇÃO DE PILAR ESPECIAL ATIVO
2026-03-28 09:18:14 | debug_robo_cima | INFO | ----------------------------------------
2026-03-28 09:18:14 | debug_robo_cima | INFO | ℹ️ 🔄 Verificando se pilar especial está ativo...
2026-03-28 09:18:14 | debug_robo_cima | INFO | ℹ️ 🔄 Status do checkbox pilar_rotacionado_var: False
2026-03-28 09:18:14 | debug_robo_cima | INFO | ℹ️ 🔄 Status do checkbox pilar_especial_ativo_var: False
2026-03-28 09:18:14 | debug_robo_cima | INFO | ℹ️ Pilar especial INATIVO - pilar_rotacionado: False, pilar_especial: False, globais: False, tipo: ''
2026-03-28 09:18:14 | debug_robo_cima | INFO | 
----------------------------------------
2026-03-28 09:18:14 | debug_robo_cima | INFO | 📌 VERIFICAÇÃO DE PILAR ESPECIAL ATIVO
2026-03-28 09:18:14 | debug_robo_cima | INFO | ----------------------------------------
2026-03-28 09:18:14 | debug_robo_cima | INFO | ℹ️ 🔄 Verificando se pilar especial está ativo...
2026-03-28 09:18:14 | debug_robo_cima | INFO | ℹ️ 🔄 Status do checkbox pilar_rotacionado_var: False
2026-03-28 09:18:14 | debug_robo_cima | INFO | ℹ️ 🔄 Status do checkbox pilar_especial_ativo_var: False
2026-03-28 09:18:14 | debug_robo_cima | INFO | ℹ️ Pilar especial INATIVO - pilar_rotacionado: False, pilar_especial: False, globais: False, tipo: ''
2026-03-28 09:18:14 | debug_robo_cima | INFO | 
----------------------------------------
2026-03-28 09:18:14 | debug_robo_cima | INFO | 📌 VERIFICAÇÃO DE PILAR ESPECIAL ATIVO
2026-03-28 09:18:14 | debug_robo_cima | INFO | ----------------------------------------
2026-03-28 09:18:14 | debug_robo_cima | INFO | ℹ️ 🔄 Verificando se pilar especial está ativo...
2026-03-28 09:18:14 | debug_robo_cima | INFO | ℹ️ 🔄 Status do checkbox pilar_rotacionado_var: False
2026-03-28 09:18:14 | debug_robo_cima | INFO | ℹ️ 🔄 Status do checkbox pilar_especial_ativo_var: False
2026-03-28 09:18:14 | debug_robo_cima | INFO | ℹ️ Pilar especial INATIVO - pilar_rotacionado: False, pilar_especial: False, globais: False, tipo: ''
2026-03-28 09:18:14 | debug_robo_cima | INFO | 
----------------------------------------
2026-03-28 09:18:14 | debug_robo_cima | INFO | 📌 VERIFICAÇÃO DE PILAR ESPECIAL ATIVO
2026-03-28 09:18:14 | debug_robo_cima | INFO | ----------------------------------------
2026-03-28 09:18:14 | debug_robo_cima | INFO | ℹ️ 🔄 Verificando se pilar especial está ativo...
2026-03-28 09:18:14 | debug_robo_cima | INFO | ℹ️ 🔄 Status do checkbox pilar_rotacionado_var: False
2026-03-28 09:18:14 | debug_robo_cima | INFO | ℹ️ 🔄 Status do checkbox pilar_especial_ativo_var: False
2026-03-28 09:18:14 | debug_robo_cima | INFO | ℹ️ Pilar especial INATIVO - pilar_rotacionado: False, pilar_especial: False, globais: False, tipo: ''
2026-03-28 09:18:14 | debug_robo_cima | INFO | 
----------------------------------------
2026-03-28 09:18:14 | debug_robo_cima | INFO | 📌 VERIFICAÇÃO DE PILAR ESPECIAL ATIVO
2026-03-28 09:18:14 | debug_robo_cima | INFO | ----------------------------------------
2026-03-28 09:18:14 | debug_robo_cima | INFO | ℹ️ 🔄 Verificando se pilar especial está ativo...
2026-03-28 09:18:14 | debug_robo_cima | INFO | ℹ️ 🔄 Status do checkbox pilar_rotacionado_var: False
2026-03-28 09:18:14 | debug_robo_cima | INFO | ℹ️ 🔄 Status do checkbox pilar_especial_ativo_var: False
2026-03-28 09:18:14 | debug_robo_cima | INFO | ℹ️ Pilar especial INATIVO - pilar_rotacionado: False, pilar_especial: False, globais: False, tipo: ''
2026-03-28 09:18:14 | debug_robo_cima | INFO | 
----------------------------------------
2026-03-28 09:18:14 | debug_robo_cima | INFO | 📌 VERIFICAÇÃO DE PILAR ESPECIAL ATIVO
2026-03-28 09:18:14 | debug_robo_cima | INFO | ----------------------------------------
2026-03-28 09:18:14 | debug_robo_cima | INFO | ℹ️ 🔄 Verificando se pilar especial está ativo...
2026-03-28 09:18:14 | debug_robo_cima | INFO | ℹ️ 🔄 Status do checkbox pilar_rotacionado_var: False
2026-03-28 09:18:14 | debug_robo_cima | INFO | ℹ️ 🔄 Status do checkbox pilar_especial_ativo_var: False
2026-03-28 09:18:14 | debug_robo_cima | INFO | ℹ️ Pilar especial INATIVO - pilar_rotacionado: False, pilar_especial: False, globais: False, tipo: ''
2026-03-28 09:18:14 | debug_robo_cima | INFO | 
----------------------------------------
2026-03-28 09:18:14 | debug_robo_cima | INFO | 📌 VERIFICAÇÃO DE PILAR ESPECIAL ATIVO
2026-03-28 09:18:14 | debug_robo_cima | INFO | ----------------------------------------
2026-03-28 09:18:14 | debug_robo_cima | INFO | ℹ️ 🔄 Verificando se pilar especial está ativo...
2026-03-28 09:18:14 | debug_robo_cima | INFO | ℹ️ 🔄 Status do checkbox pilar_rotacionado_var: False
2026-03-28 09:18:14 | debug_robo_cima | INFO | ℹ️ 🔄 Status do checkbox pilar_especial_ativo_var: False
2026-03-28 09:18:14 | debug_robo_cima | INFO | ℹ️ Pilar especial INATIVO - pilar_rotacionado: False, pilar_especial: False, globais: False, tipo: ''
2026-03-28 09:18:14 | debug_robo_cima | INFO | 
----------------------------------------
2026-03-28 09:18:14 | debug_robo_cima | INFO | 📌 VERIFICAÇÃO DE PILAR ESPECIAL ATIVO
2026-03-28 09:18:14 | debug_robo_cima | INFO | ----------------------------------------
2026-03-28 09:18:14 | debug_robo_cima | INFO | ℹ️ 🔄 Verificando se pilar especial está ativo...
2026-03-28 09:18:14 | debug_robo_cima | INFO | ℹ️ 🔄 Status do checkbox pilar_rotacionado_var: False
2026-03-28 09:18:14 | debug_robo_cima | INFO | ℹ️ 🔄 Status do checkbox pilar_especial_ativo_var: False
2026-03-28 09:18:14 | debug_robo_cima | INFO | ℹ️ Pilar especial INATIVO - pilar_rotacionado: False, pilar_especial: False, globais: False, tipo: ''
2026-03-28 09:18:14 | debug_robo_cima | INFO | 
============================================================
2026-03-28 09:18:14 | debug_robo_cima | INFO | 📋 GERAÇÃO DE SCRIPT CIMA
2026-03-28 09:18:14 | debug_robo_cima | INFO | ============================================================
2026-03-28 09:18:14 | debug_robo_cima | INFO | ℹ️ 🔄 === INÍCIO DO gerar_script() ===
2026-03-28 09:18:14 | debug_robo_cima | INFO | ℹ️ 🔄 Estado inicial das globais: ID=1996916051008, len=0
2026-03-28 09:18:14 | debug_robo_cima | WARNING | ⚠️ _globais_pilar_especial está vazio ou None!
2026-03-28 09:18:14 | debug_robo_cima | INFO | ℹ️ 🔄 Status pilar_rotacionado no inicio: False
2026-03-28 09:18:14 | debug_robo_cima | INFO | ℹ️ 🔄 Prestes a chamar _verificar_pilar_especial_ativo()...
2026-03-28 09:18:14 | debug_robo_cima | INFO | ℹ️ 🔄 Estado das globais ANTES da verificação: False
2026-03-28 09:18:14 | debug_robo_cima | INFO | 
----------------------------------------
2026-03-28 09:18:14 | debug_robo_cima | INFO | 📌 VERIFICAÇÃO DE PILAR ESPECIAL ATIVO
2026-03-28 09:18:14 | debug_robo_cima | INFO | ----------------------------------------
2026-03-28 09:18:14 | debug_robo_cima | INFO | ℹ️ 🔄 Verificando se pilar especial está ativo...
2026-03-28 09:18:14 | debug_robo_cima | INFO | ℹ️ 🔄 Status do checkbox pilar_rotacionado_var: False
2026-03-28 09:18:14 | debug_robo_cima | INFO | ℹ️ 🔄 Status do checkbox pilar_especial_ativo_var: False
2026-03-28 09:18:14 | debug_robo_cima | INFO | ℹ️ Pilar especial INATIVO - pilar_rotacionado: False, pilar_especial: False, globais: False, tipo: ''
2026-03-28 09:18:14 | debug_robo_cima | INFO | ℹ️ 🔄 Resultado da verificação: False
2026-03-28 09:18:14 | debug_robo_cima | INFO | ℹ️ 🔄 Estado das globais APÓS a verificação: False
2026-03-28 09:18:14 | debug_robo_cima | INFO | ℹ️ 🔄 Pilar especial ativo: False
2026-03-28 09:18:14 | debug_robo_cima | INFO | 
----------------------------------------
2026-03-28 09:18:14 | debug_robo_cima | INFO | 📌 APLICAÇÃO DE ALTERAÇÕES PILAR ESPECIAL - PAI.B
2026-03-28 09:18:14 | debug_robo_cima | INFO | ----------------------------------------
2026-03-28 09:18:14 | debug_robo_cima | INFO | ℹ️ 🔄 Aplicando alterações do pilar especial para PAI.B...
2026-03-28 09:18:14 | debug_robo_cima | WARNING | ⚠️ Pilar especial INATIVO (sem globais no gerador) - retornando valor original: -51
2026-03-28 09:18:14 | debug_robo_cima | WARNING | ⚠️ Pilar especial INATIVO (sem globais no gerador) - retornando valor original: 95.0
2026-03-28 09:18:14 | debug_robo_cima | WARNING | ⚠️ Pilar especial INATIVO (sem globais no gerador) - retornando valor original: 142.0
2026-03-28 09:18:14 | debug_robo_cima | INFO | ℹ️ 🔄 PAI.B - Posição X: -51 -> -51
2026-03-28 09:18:14 | debug_robo_cima | INFO | ℹ️ 🔄 PAI.B - Posição Y: 95.0 -> 95.0
2026-03-28 09:18:14 | debug_robo_cima | INFO | ℹ️ 🔄 PAI.B - Comprimento: 142.0 -> 142.0
2026-03-28 09:18:14 | debug_robo_cima | WARNING | ⚠️ Pilar especial INATIVO (sem globais no gerador) - retornando valor original: -51
2026-03-28 09:18:14 | debug_robo_cima | WARNING | ⚠️ Pilar especial INATIVO (sem globais no gerador) - retornando valor original: 70
2026-03-28 09:18:14 | debug_robo_cima | WARNING | ⚠️ Pilar especial INATIVO (sem globais no gerador) - retornando valor original: 142.0
2026-03-28 09:18:14 | debug_robo_cima | INFO | ℹ️ [REFERENCIA-DINAMICA] Parede esquerda PAI.A FINAL REAL registrada: -51
2026-03-28 09:18:14 | debug_robo_cima | WARNING | ⚠️ Pilar especial INATIVO (sem globais no gerador) - retornando valor original: -71
2026-03-28 09:18:14 | debug_robo_cima | WARNING | ⚠️ Pilar especial INATIVO (sem globais no gerador) - retornando valor original: 182.0
2026-03-28 09:18:14 | debug_robo_cima | INFO | ℹ️ 🔧 METAL A - posX=-71, posY=61.0, comp=182.0, endX=111.0, largura=7
2026-03-28 09:18:14 | debug_robo_cima | WARNING | ⚠️ Pilar especial INATIVO (sem globais no gerador) - retornando valor original: -71
2026-03-28 09:18:14 | debug_robo_cima | WARNING | ⚠️ Pilar especial INATIVO (sem globais no gerador) - retornando valor original: 182.0
2026-03-28 09:18:14 | debug_robo_cima | INFO | ℹ️ 🔧 METAL B - posX=-71, posY=104.0, comp=182.0, endX=111.0, largura=7
2026-03-28 09:18:14 | debug_robo_cima | INFO | ℹ️ DEBUG: Valores lidos Grade A - grade1=70.0, grade2=70.0, grade3=0.0, dist1=2.0, dist2=0.0
2026-03-28 09:18:14 | debug_robo_cima | INFO | ℹ️ DEBUG: Condição Grade A - grade1 > 0: True, grade2 > 0: True, grade3 > 0: False
2026-03-28 09:18:14 | debug_robo_cima | INFO | ℹ️ DEBUG: Condição Grade A - grade1 > 0 or grade2 > 0 or grade3 > 0: True
2026-03-28 09:18:14 | debug_robo_cima | INFO | ℹ️ GRA.A usando valores específicos: comprimentos=[70.0, 70.0, 0.0], espacos=[2.0, 0.0]
2026-03-28 09:18:14 | debug_robo_cima | INFO | 
----------------------------------------
2026-03-28 09:18:14 | debug_robo_cima | INFO | 📌 VERIFICAÇÃO DE PILAR ESPECIAL ATIVO
2026-03-28 09:18:14 | debug_robo_cima | INFO | ----------------------------------------
2026-03-28 09:18:14 | debug_robo_cima | INFO | ℹ️ 🔄 Verificando se pilar especial está ativo...
2026-03-28 09:18:14 | debug_robo_cima | INFO | ℹ️ 🔄 Status do checkbox pilar_rotacionado_var: False
2026-03-28 09:18:14 | debug_robo_cima | INFO | ℹ️ 🔄 Status do checkbox pilar_especial_ativo_var: False
2026-03-28 09:18:14 | debug_robo_cima | INFO | ℹ️ Pilar especial INATIVO - pilar_rotacionado: False, pilar_especial: False, globais: False, tipo: ''
2026-03-28 09:18:14 | debug_robo_cima | INFO | 
----------------------------------------
2026-03-28 09:18:14 | debug_robo_cima | INFO | 📌 VERIFICAÇÃO DE PILAR ESPECIAL ATIVO
2026-03-28 09:18:14 | debug_robo_cima | INFO | ----------------------------------------
2026-03-28 09:18:14 | debug_robo_cima | INFO | ℹ️ 🔄 Verificando se pilar especial está ativo...
2026-03-28 09:18:14 | debug_robo_cima | INFO | ℹ️ 🔄 Status do checkbox pilar_rotacionado_var: False
2026-03-28 09:18:14 | debug_robo_cima | INFO | ℹ️ 🔄 Status do checkbox pilar_especial_ativo_var: False
2026-03-28 09:18:14 | debug_robo_cima | INFO | ℹ️ Pilar especial INATIVO - pilar_rotacionado: False, pilar_especial: False, globais: False, tipo: ''
2026-03-28 09:18:14 | debug_robo_cima | INFO | ℹ️ DEBUG: Valores lidos Grade B - grade1_grupo2=0.0, grade2_grupo2=70.0, grade3_grupo2=70.0, dist1_grupo2=0.0, dist2_grupo2=2.0
2026-03-28 09:18:14 | debug_robo_cima | INFO | ℹ️ DEBUG: Condição Grade B - grade1_grupo2 > 0: False, grade2_grupo2 > 0: True, grade3_grupo2 > 0: True
2026-03-28 09:18:14 | debug_robo_cima | INFO | ℹ️ DEBUG: Condição Grade B - grade1_grupo2 > 0 or grade2_grupo2 > 0 or grade3_grupo2 > 0: True
2026-03-28 09:18:14 | debug_robo_cima | INFO | ℹ️ GRA.B usando valores específicos: comprimentos=[0.0, 70.0, 70.0], espacos=[0.0, 2.0]
2026-03-28 09:18:14 | debug_robo_cima | INFO | 
----------------------------------------
2026-03-28 09:18:14 | debug_robo_cima | INFO | 📌 VERIFICAÇÃO DE PILAR ESPECIAL ATIVO
2026-03-28 09:18:14 | debug_robo_cima | INFO | ----------------------------------------
2026-03-28 09:18:14 | debug_robo_cima | INFO | ℹ️ 🔄 Verificando se pilar especial está ativo...
2026-03-28 09:18:14 | debug_robo_cima | INFO | ℹ️ 🔄 Status do checkbox pilar_rotacionado_var: False
2026-03-28 09:18:14 | debug_robo_cima | INFO | ℹ️ 🔄 Status do checkbox pilar_especial_ativo_var: False
2026-03-28 09:18:14 | debug_robo_cima | INFO | ℹ️ Pilar especial INATIVO - pilar_rotacionado: False, pilar_especial: False, globais: False, tipo: ''
2026-03-28 09:18:14 | debug_robo_cima | INFO | 
----------------------------------------
2026-03-28 09:18:14 | debug_robo_cima | INFO | 📌 VERIFICAÇÃO DE PILAR ESPECIAL ATIVO
2026-03-28 09:18:14 | debug_robo_cima | INFO | ----------------------------------------
2026-03-28 09:18:14 | debug_robo_cima | INFO | ℹ️ 🔄 Verificando se pilar especial está ativo...
2026-03-28 09:18:14 | debug_robo_cima | INFO | ℹ️ 🔄 Status do checkbox pilar_rotacionado_var: False
2026-03-28 09:18:14 | debug_robo_cima | INFO | ℹ️ 🔄 Status do checkbox pilar_especial_ativo_var: False
2026-03-28 09:18:14 | debug_robo_cima | INFO | ℹ️ Pilar especial INATIVO - pilar_rotacionado: False, pilar_especial: False, globais: False, tipo: ''
2026-03-28 09:18:14 | debug_robo_cima | WARNING | ⚠️ Pilar especial INATIVO (sem globais no gerador) - retornando valor original: -52
2026-03-28 09:18:14 | debug_robo_cima | INFO | 
----------------------------------------
2026-03-28 09:18:14 | debug_robo_cima | INFO | 📌 VERIFICAÇÃO DE PILAR ESPECIAL ATIVO
2026-03-28 09:18:14 | debug_robo_cima | INFO | ----------------------------------------
2026-03-28 09:18:14 | debug_robo_cima | INFO | ℹ️ 🔄 Verificando se pilar especial está ativo...
2026-03-28 09:18:14 | debug_robo_cima | INFO | ℹ️ 🔄 Status do checkbox pilar_rotacionado_var: False
2026-03-28 09:18:14 | debug_robo_cima | INFO | ℹ️ 🔄 Status do checkbox pilar_especial_ativo_var: False
2026-03-28 09:18:14 | debug_robo_cima | INFO | ℹ️ Pilar especial INATIVO - pilar_rotacionado: False, pilar_especial: False, globais: False, tipo: ''
2026-03-28 09:18:14 | debug_robo_cima | INFO | 
----------------------------------------
2026-03-28 09:18:14 | debug_robo_cima | INFO | 📌 DECISÃO DE COMANDO SCALE/ROTATE
2026-03-28 09:18:14 | debug_robo_cima | INFO | ----------------------------------------
2026-03-28 09:18:14 | debug_robo_cima | INFO | ℹ️ 🔄 Verificando qual comando usar (SCALE ou ROTATE)...
2026-03-28 09:18:14 | debug_robo_cima | INFO | ℹ️ 🔄 Status pilar_rotacionado = False, usar_scale = True
2026-03-28 09:18:14 | debug_robo_cima | INFO | ℹ️ ✅ Usando _SCALE
2026-03-28 09:18:14 | debug_robo_cima | INFO | ℹ️ 🔄 Verificando se é pilar especial: False
2026-03-28 09:18:14 | debug_robo_cima | INFO | ℹ️ ✅ Pilar normal - usando valores padrão no _SCALE
2026-03-28 09:18:14 | debug_robo_cima | INFO | ℹ️ ✅ Script gerado com sucesso!
2026-03-28 09:18:14 | debug_robo_cima | INFO | 🔄 Script gerado: Tamanho: 4162 caracteres
2026-03-28 09:18:14 | debug_robo_cima | INFO | 
============================================================
2026-03-28 09:18:14 | debug_robo_cima | INFO | 📋 FIM DA GERAÇÃO DE SCRIPT CIMA
2026-03-28 09:18:14 | debug_robo_cima | INFO | ============================================================
2026-03-28 09:18:15 | debug_robo_cima | INFO | ℹ️ 🔄 Instância do GeradorPilar registrada globalmente
2026-03-28 09:18:15 | debug_robo_cima | INFO | ℹ️ 🔄 Globais do pilar especial inicializadas
2026-03-28 09:18:16 | debug_robo_cima | INFO | 
----------------------------------------
2026-03-28 09:18:16 | debug_robo_cima | INFO | 📌 VERIFICAÇÃO DE PILAR ESPECIAL ATIVO
2026-03-28 09:18:16 | debug_robo_cima | INFO | ----------------------------------------
2026-03-28 09:18:16 | debug_robo_cima | INFO | ℹ️ 🔄 Verificando se pilar especial está ativo...
2026-03-28 09:18:16 | debug_robo_cima | INFO | ℹ️ 🔄 Status do checkbox pilar_rotacionado_var: False
2026-03-28 09:18:16 | debug_robo_cima | INFO | ℹ️ 🔄 Status do checkbox pilar_especial_ativo_var: False
2026-03-28 09:18:16 | debug_robo_cima | INFO | ℹ️ Pilar especial INATIVO - pilar_rotacionado: False, pilar_especial: False, globais: False, tipo: ''
2026-03-28 09:18:16 | debug_robo_cima | INFO | 
----------------------------------------
2026-03-28 09:18:16 | debug_robo_cima | INFO | 📌 VERIFICAÇÃO DE PILAR ESPECIAL ATIVO
2026-03-28 09:18:16 | debug_robo_cima | INFO | ----------------------------------------
2026-03-28 09:18:16 | debug_robo_cima | INFO | ℹ️ 🔄 Verificando se pilar especial está ativo...
2026-03-28 09:18:16 | debug_robo_cima | INFO | ℹ️ 🔄 Status do checkbox pilar_rotacionado_var: False
2026-03-28 09:18:16 | debug_robo_cima | INFO | ℹ️ 🔄 Status do checkbox pilar_especial_ativo_var: False
2026-03-28 09:18:16 | debug_robo_cima | INFO | ℹ️ Pilar especial INATIVO - pilar_rotacionado: False, pilar_especial: False, globais: False, tipo: ''
2026-03-28 09:18:16 | debug_robo_cima | INFO | 
----------------------------------------
2026-03-28 09:18:16 | debug_robo_cima | INFO | 📌 VERIFICAÇÃO DE PILAR ESPECIAL ATIVO
2026-03-28 09:18:16 | debug_robo_cima | INFO | ----------------------------------------
2026-03-28 09:18:16 | debug_robo_cima | INFO | ℹ️ 🔄 Verificando se pilar especial está ativo...
2026-03-28 09:18:16 | debug_robo_cima | INFO | ℹ️ 🔄 Status do checkbox pilar_rotacionado_var: False
2026-03-28 09:18:16 | debug_robo_cima | INFO | ℹ️ 🔄 Status do checkbox pilar_especial_ativo_var: False
2026-03-28 09:18:16 | debug_robo_cima | INFO | ℹ️ Pilar especial INATIVO - pilar_rotacionado: False, pilar_especial: False, globais: False, tipo: ''
2026-03-28 09:18:16 | debug_robo_cima | INFO | 
----------------------------------------
2026-03-28 09:18:16 | debug_robo_cima | INFO | 📌 VERIFICAÇÃO DE PILAR ESPECIAL ATIVO
2026-03-28 09:18:16 | debug_robo_cima | INFO | ----------------------------------------
2026-03-28 09:18:16 | debug_robo_cima | INFO | ℹ️ 🔄 Verificando se pilar especial está ativo...
2026-03-28 09:18:16 | debug_robo_cima | INFO | ℹ️ 🔄 Status do checkbox pilar_rotacionado_var: False
2026-03-28 09:18:16 | debug_robo_cima | INFO | ℹ️ 🔄 Status do checkbox pilar_especial_ativo_var: False
2026-03-28 09:18:16 | debug_robo_cima | INFO | ℹ️ Pilar especial INATIVO - pilar_rotacionado: False, pilar_especial: False, globais: False, tipo: ''
2026-03-28 09:18:16 | debug_robo_cima | INFO | 
----------------------------------------
2026-03-28 09:18:16 | debug_robo_cima | INFO | 📌 VERIFICAÇÃO DE PILAR ESPECIAL ATIVO
2026-03-28 09:18:16 | debug_robo_cima | INFO | ----------------------------------------
2026-03-28 09:18:16 | debug_robo_cima | INFO | ℹ️ 🔄 Verificando se pilar especial está ativo...
2026-03-28 09:18:16 | debug_robo_cima | INFO | ℹ️ 🔄 Status do checkbox pilar_rotacionado_var: False
2026-03-28 09:18:16 | debug_robo_cima | INFO | ℹ️ 🔄 Status do checkbox pilar_especial_ativo_var: False
2026-03-28 09:18:16 | debug_robo_cima | INFO | ℹ️ Pilar especial INATIVO - pilar_rotacionado: False, pilar_especial: False, globais: False, tipo: ''
2026-03-28 09:18:16 | debug_robo_cima | INFO | 
----------------------------------------
2026-03-28 09:18:16 | debug_robo_cima | INFO | 📌 VERIFICAÇÃO DE PILAR ESPECIAL ATIVO
2026-03-28 09:18:16 | debug_robo_cima | INFO | ----------------------------------------
2026-03-28 09:18:16 | debug_robo_cima | INFO | ℹ️ 🔄 Verificando se pilar especial está ativo...
2026-03-28 09:18:16 | debug_robo_cima | INFO | ℹ️ 🔄 Status do checkbox pilar_rotacionado_var: False
2026-03-28 09:18:16 | debug_robo_cima | INFO | ℹ️ 🔄 Status do checkbox pilar_especial_ativo_var: False
2026-03-28 09:18:16 | debug_robo_cima | INFO | ℹ️ Pilar especial INATIVO - pilar_rotacionado: False, pilar_especial: False, globais: False, tipo: ''
2026-03-28 09:18:16 | debug_robo_cima | INFO | 
----------------------------------------
2026-03-28 09:18:16 | debug_robo_cima | INFO | 📌 VERIFICAÇÃO DE PILAR ESPECIAL ATIVO
2026-03-28 09:18:16 | debug_robo_cima | INFO | ----------------------------------------
2026-03-28 09:18:16 | debug_robo_cima | INFO | ℹ️ 🔄 Verificando se pilar especial está ativo...
2026-03-28 09:18:16 | debug_robo_cima | INFO | ℹ️ 🔄 Status do checkbox pilar_rotacionado_var: False
2026-03-28 09:18:16 | debug_robo_cima | INFO | ℹ️ 🔄 Status do checkbox pilar_especial_ativo_var: False
2026-03-28 09:18:16 | debug_robo_cima | INFO | ℹ️ Pilar especial INATIVO - pilar_rotacionado: False, pilar_especial: False, globais: False, tipo: ''
2026-03-28 09:18:16 | debug_robo_cima | INFO | 
----------------------------------------
2026-03-28 09:18:16 | debug_robo_cima | INFO | 📌 VERIFICAÇÃO DE PILAR ESPECIAL ATIVO
2026-03-28 09:18:16 | debug_robo_cima | INFO | ----------------------------------------
2026-03-28 09:18:16 | debug_robo_cima | INFO | ℹ️ 🔄 Verificando se pilar especial está ativo...
2026-03-28 09:18:16 | debug_robo_cima | INFO | ℹ️ 🔄 Status do checkbox pilar_rotacionado_var: False
2026-03-28 09:18:16 | debug_robo_cima | INFO | ℹ️ 🔄 Status do checkbox pilar_especial_ativo_var: False
2026-03-28 09:18:16 | debug_robo_cima | INFO | ℹ️ Pilar especial INATIVO - pilar_rotacionado: False, pilar_especial: False, globais: False, tipo: ''
2026-03-28 09:18:16 | debug_robo_cima | INFO | 
----------------------------------------
2026-03-28 09:18:16 | debug_robo_cima | INFO | 📌 VERIFICAÇÃO DE PILAR ESPECIAL ATIVO
2026-03-28 09:18:16 | debug_robo_cima | INFO | ----------------------------------------
2026-03-28 09:18:16 | debug_robo_cima | INFO | ℹ️ 🔄 Verificando se pilar especial está ativo...
2026-03-28 09:18:16 | debug_robo_cima | INFO | ℹ️ 🔄 Status do checkbox pilar_rotacionado_var: False
2026-03-28 09:18:16 | debug_robo_cima | INFO | ℹ️ 🔄 Status do checkbox pilar_especial_ativo_var: False
2026-03-28 09:18:16 | debug_robo_cima | INFO | ℹ️ Pilar especial INATIVO - pilar_rotacionado: False, pilar_especial: False, globais: False, tipo: ''
2026-03-28 09:18:16 | debug_robo_cima | INFO | 
----------------------------------------
2026-03-28 09:18:16 | debug_robo_cima | INFO | 📌 VERIFICAÇÃO DE PILAR ESPECIAL ATIVO
2026-03-28 09:18:16 | debug_robo_cima | INFO | ----------------------------------------
2026-03-28 09:18:16 | debug_robo_cima | INFO | ℹ️ 🔄 Verificando se pilar especial está ativo...
2026-03-28 09:18:16 | debug_robo_cima | INFO | ℹ️ 🔄 Status do checkbox pilar_rotacionado_var: False
2026-03-28 09:18:16 | debug_robo_cima | INFO | ℹ️ 🔄 Status do checkbox pilar_especial_ativo_var: False
2026-03-28 09:18:16 | debug_robo_cima | INFO | ℹ️ Pilar especial INATIVO - pilar_rotacionado: False, pilar_especial: False, globais: False, tipo: ''
2026-03-28 09:18:16 | debug_robo_cima | INFO | 
----------------------------------------
2026-03-28 09:18:16 | debug_robo_cima | INFO | 📌 VERIFICAÇÃO DE PILAR ESPECIAL ATIVO
2026-03-28 09:18:16 | debug_robo_cima | INFO | ----------------------------------------
2026-03-28 09:18:16 | debug_robo_cima | INFO | ℹ️ 🔄 Verificando se pilar especial está ativo...
2026-03-28 09:18:16 | debug_robo_cima | INFO | ℹ️ 🔄 Status do checkbox pilar_rotacionado_var: False
2026-03-28 09:18:16 | debug_robo_cima | INFO | ℹ️ 🔄 Status do checkbox pilar_especial_ativo_var: False
2026-03-28 09:18:16 | debug_robo_cima | INFO | ℹ️ Pilar especial INATIVO - pilar_rotacionado: False, pilar_especial: False, globais: False, tipo: ''
2026-03-28 09:18:16 | debug_robo_cima | INFO | 
----------------------------------------
2026-03-28 09:18:16 | debug_robo_cima | INFO | 📌 VERIFICAÇÃO DE PILAR ESPECIAL ATIVO
2026-03-28 09:18:16 | debug_robo_cima | INFO | ----------------------------------------
2026-03-28 09:18:16 | debug_robo_cima | INFO | ℹ️ 🔄 Verificando se pilar especial está ativo...
2026-03-28 09:18:16 | debug_robo_cima | INFO | ℹ️ 🔄 Status do checkbox pilar_rotacionado_var: False
2026-03-28 09:18:16 | debug_robo_cima | INFO | ℹ️ 🔄 Status do checkbox pilar_especial_ativo_var: False
2026-03-28 09:18:16 | debug_robo_cima | INFO | ℹ️ Pilar especial INATIVO - pilar_rotacionado: False, pilar_especial: False, globais: False, tipo: ''
2026-03-28 09:18:16 | debug_robo_cima | INFO | 
----------------------------------------
2026-03-28 09:18:16 | debug_robo_cima | INFO | 📌 VERIFICAÇÃO DE PILAR ESPECIAL ATIVO
2026-03-28 09:18:16 | debug_robo_cima | INFO | ----------------------------------------
2026-03-28 09:18:16 | debug_robo_cima | INFO | ℹ️ 🔄 Verificando se pilar especial está ativo...
2026-03-28 09:18:16 | debug_robo_cima | INFO | ℹ️ 🔄 Status do checkbox pilar_rotacionado_var: False
2026-03-28 09:18:16 | debug_robo_cima | INFO | ℹ️ 🔄 Status do checkbox pilar_especial_ativo_var: False
2026-03-28 09:18:16 | debug_robo_cima | INFO | ℹ️ Pilar especial INATIVO - pilar_rotacionado: False, pilar_especial: False, globais: False, tipo: ''
2026-03-28 09:18:16 | debug_robo_cima | INFO | 
----------------------------------------
2026-03-28 09:18:16 | debug_robo_cima | INFO | 📌 VERIFICAÇÃO DE PILAR ESPECIAL ATIVO
2026-03-28 09:18:16 | debug_robo_cima | INFO | ----------------------------------------
2026-03-28 09:18:16 | debug_robo_cima | INFO | ℹ️ 🔄 Verificando se pilar especial está ativo...
2026-03-28 09:18:16 | debug_robo_cima | INFO | ℹ️ 🔄 Status do checkbox pilar_rotacionado_var: False
2026-03-28 09:18:16 | debug_robo_cima | INFO | ℹ️ 🔄 Status do checkbox pilar_especial_ativo_var: False
2026-03-28 09:18:16 | debug_robo_cima | INFO | ℹ️ Pilar especial INATIVO - pilar_rotacionado: False, pilar_especial: False, globais: False, tipo: ''
2026-03-28 09:18:16 | debug_robo_cima | INFO | 
----------------------------------------
2026-03-28 09:18:16 | debug_robo_cima | INFO | 📌 VERIFICAÇÃO DE PILAR ESPECIAL ATIVO
2026-03-28 09:18:16 | debug_robo_cima | INFO | ----------------------------------------
2026-03-28 09:18:16 | debug_robo_cima | INFO | ℹ️ 🔄 Verificando se pilar especial está ativo...
2026-03-28 09:18:16 | debug_robo_cima | INFO | ℹ️ 🔄 Status do checkbox pilar_rotacionado_var: False
2026-03-28 09:18:16 | debug_robo_cima | INFO | ℹ️ 🔄 Status do checkbox pilar_especial_ativo_var: False
2026-03-28 09:18:16 | debug_robo_cima | INFO | ℹ️ Pilar especial INATIVO - pilar_rotacionado: False, pilar_especial: False, globais: False, tipo: ''
2026-03-28 09:18:16 | debug_robo_cima | INFO | 
----------------------------------------
2026-03-28 09:18:16 | debug_robo_cima | INFO | 📌 VERIFICAÇÃO DE PILAR ESPECIAL ATIVO
2026-03-28 09:18:16 | debug_robo_cima | INFO | ----------------------------------------
2026-03-28 09:18:16 | debug_robo_cima | INFO | ℹ️ 🔄 Verificando se pilar especial está ativo...
2026-03-28 09:18:16 | debug_robo_cima | INFO | ℹ️ 🔄 Status do checkbox pilar_rotacionado_var: False
2026-03-28 09:18:16 | debug_robo_cima | INFO | ℹ️ 🔄 Status do checkbox pilar_especial_ativo_var: False
2026-03-28 09:18:16 | debug_robo_cima | INFO | ℹ️ Pilar especial INATIVO - pilar_rotacionado: False, pilar_especial: False, globais: False, tipo: ''
2026-03-28 09:18:16 | debug_robo_cima | INFO | 
----------------------------------------
2026-03-28 09:18:16 | debug_robo_cima | INFO | 📌 VERIFICAÇÃO DE PILAR ESPECIAL ATIVO
2026-03-28 09:18:16 | debug_robo_cima | INFO | ----------------------------------------
2026-03-28 09:18:16 | debug_robo_cima | INFO | ℹ️ 🔄 Verificando se pilar especial está ativo...
2026-03-28 09:18:16 | debug_robo_cima | INFO | ℹ️ 🔄 Status do checkbox pilar_rotacionado_var: False
2026-03-28 09:18:16 | debug_robo_cima | INFO | ℹ️ 🔄 Status do checkbox pilar_especial_ativo_var: False
2026-03-28 09:18:16 | debug_robo_cima | INFO | ℹ️ Pilar especial INATIVO - pilar_rotacionado: False, pilar_especial: False, globais: False, tipo: ''
2026-03-28 09:18:16 | debug_robo_cima | INFO | 
----------------------------------------
2026-03-28 09:18:16 | debug_robo_cima | INFO | 📌 VERIFICAÇÃO DE PILAR ESPECIAL ATIVO
2026-03-28 09:18:16 | debug_robo_cima | INFO | ----------------------------------------
2026-03-28 09:18:16 | debug_robo_cima | INFO | ℹ️ 🔄 Verificando se pilar especial está ativo...
2026-03-28 09:18:16 | debug_robo_cima | INFO | ℹ️ 🔄 Status do checkbox pilar_rotacionado_var: False
2026-03-28 09:18:16 | debug_robo_cima | INFO | ℹ️ 🔄 Status do checkbox pilar_especial_ativo_var: False
2026-03-28 09:18:16 | debug_robo_cima | INFO | ℹ️ Pilar especial INATIVO - pilar_rotacionado: False, pilar_especial: False, globais: False, tipo: ''
2026-03-28 09:18:16 | debug_robo_cima | INFO | 
----------------------------------------
2026-03-28 09:18:16 | debug_robo_cima | INFO | 📌 VERIFICAÇÃO DE PILAR ESPECIAL ATIVO
2026-03-28 09:18:16 | debug_robo_cima | INFO | ----------------------------------------
2026-03-28 09:18:16 | debug_robo_cima | INFO | ℹ️ 🔄 Verificando se pilar especial está ativo...
2026-03-28 09:18:16 | debug_robo_cima | INFO | ℹ️ 🔄 Status do checkbox pilar_rotacionado_var: False
2026-03-28 09:18:16 | debug_robo_cima | INFO | ℹ️ 🔄 Status do checkbox pilar_especial_ativo_var: False
2026-03-28 09:18:16 | debug_robo_cima | INFO | ℹ️ Pilar especial INATIVO - pilar_rotacionado: False, pilar_especial: False, globais: False, tipo: ''
2026-03-28 09:18:16 | debug_robo_cima | INFO | 
----------------------------------------
2026-03-28 09:18:16 | debug_robo_cima | INFO | 📌 VERIFICAÇÃO DE PILAR ESPECIAL ATIVO
2026-03-28 09:18:16 | debug_robo_cima | INFO | ----------------------------------------
2026-03-28 09:18:16 | debug_robo_cima | INFO | ℹ️ 🔄 Verificando se pilar especial está ativo...
2026-03-28 09:18:16 | debug_robo_cima | INFO | ℹ️ 🔄 Status do checkbox pilar_rotacionado_var: False
2026-03-28 09:18:16 | debug_robo_cima | INFO | ℹ️ 🔄 Status do checkbox pilar_especial_ativo_var: False
2026-03-28 09:18:16 | debug_robo_cima | INFO | ℹ️ Pilar especial INATIVO - pilar_rotacionado: False, pilar_especial: False, globais: False, tipo: ''
2026-03-28 09:18:16 | debug_robo_cima | INFO | 
----------------------------------------
2026-03-28 09:18:16 | debug_robo_cima | INFO | 📌 VERIFICAÇÃO DE PILAR ESPECIAL ATIVO
2026-03-28 09:18:16 | debug_robo_cima | INFO | ----------------------------------------
2026-03-28 09:18:16 | debug_robo_cima | INFO | ℹ️ 🔄 Verificando se pilar especial está ativo...
2026-03-28 09:18:16 | debug_robo_cima | INFO | ℹ️ 🔄 Status do checkbox pilar_rotacionado_var: False
2026-03-28 09:18:16 | debug_robo_cima | INFO | ℹ️ 🔄 Status do checkbox pilar_especial_ativo_var: False
2026-03-28 09:18:16 | debug_robo_cima | INFO | ℹ️ Pilar especial INATIVO - pilar_rotacionado: False, pilar_especial: False, globais: False, tipo: ''
2026-03-28 09:18:16 | debug_robo_cima | INFO | 
----------------------------------------
2026-03-28 09:18:16 | debug_robo_cima | INFO | 📌 VERIFICAÇÃO DE PILAR ESPECIAL ATIVO
2026-03-28 09:18:16 | debug_robo_cima | INFO | ----------------------------------------
2026-03-28 09:18:16 | debug_robo_cima | INFO | ℹ️ 🔄 Verificando se pilar especial está ativo...
2026-03-28 09:18:16 | debug_robo_cima | INFO | ℹ️ 🔄 Status do checkbox pilar_rotacionado_var: False
2026-03-28 09:18:16 | debug_robo_cima | INFO | ℹ️ 🔄 Status do checkbox pilar_especial_ativo_var: False
2026-03-28 09:18:16 | debug_robo_cima | INFO | ℹ️ Pilar especial INATIVO - pilar_rotacionado: False, pilar_especial: False, globais: False, tipo: ''
2026-03-28 09:18:16 | debug_robo_cima | INFO | 
----------------------------------------
2026-03-28 09:18:16 | debug_robo_cima | INFO | 📌 VERIFICAÇÃO DE PILAR ESPECIAL ATIVO
2026-03-28 09:18:16 | debug_robo_cima | INFO | ----------------------------------------
2026-03-28 09:18:16 | debug_robo_cima | INFO | ℹ️ 🔄 Verificando se pilar especial está ativo...
2026-03-28 09:18:16 | debug_robo_cima | INFO | ℹ️ 🔄 Status do checkbox pilar_rotacionado_var: False
2026-03-28 09:18:16 | debug_robo_cima | INFO | ℹ️ 🔄 Status do checkbox pilar_especial_ativo_var: False
2026-03-28 09:18:16 | debug_robo_cima | INFO | ℹ️ Pilar especial INATIVO - pilar_rotacionado: False, pilar_especial: False, globais: False, tipo: ''
2026-03-28 09:18:16 | debug_robo_cima | INFO | 
----------------------------------------
2026-03-28 09:18:16 | debug_robo_cima | INFO | 📌 VERIFICAÇÃO DE PILAR ESPECIAL ATIVO
2026-03-28 09:18:16 | debug_robo_cima | INFO | ----------------------------------------
2026-03-28 09:18:16 | debug_robo_cima | INFO | ℹ️ 🔄 Verificando se pilar especial está ativo...
2026-03-28 09:18:16 | debug_robo_cima | INFO | ℹ️ 🔄 Status do checkbox pilar_rotacionado_var: False
2026-03-28 09:18:16 | debug_robo_cima | INFO | ℹ️ 🔄 Status do checkbox pilar_especial_ativo_var: False
2026-03-28 09:18:16 | debug_robo_cima | INFO | ℹ️ Pilar especial INATIVO - pilar_rotacionado: False, pilar_especial: False, globais: False, tipo: ''
2026-03-28 09:18:16 | debug_robo_cima | INFO | 
----------------------------------------
2026-03-28 09:18:16 | debug_robo_cima | INFO | 📌 VERIFICAÇÃO DE PILAR ESPECIAL ATIVO
2026-03-28 09:18:16 | debug_robo_cima | INFO | ----------------------------------------
2026-03-28 09:18:16 | debug_robo_cima | INFO | ℹ️ 🔄 Verificando se pilar especial está ativo...
2026-03-28 09:18:16 | debug_robo_cima | INFO | ℹ️ 🔄 Status do checkbox pilar_rotacionado_var: False
2026-03-28 09:18:16 | debug_robo_cima | INFO | ℹ️ 🔄 Status do checkbox pilar_especial_ativo_var: False
2026-03-28 09:18:16 | debug_robo_cima | INFO | ℹ️ Pilar especial INATIVO - pilar_rotacionado: False, pilar_especial: False, globais: False, tipo: ''
2026-03-28 09:18:16 | debug_robo_cima | INFO | 
----------------------------------------
2026-03-28 09:18:16 | debug_robo_cima | INFO | 📌 VERIFICAÇÃO DE PILAR ESPECIAL ATIVO
2026-03-28 09:18:16 | debug_robo_cima | INFO | ----------------------------------------
2026-03-28 09:18:16 | debug_robo_cima | INFO | ℹ️ 🔄 Verificando se pilar especial está ativo...
2026-03-28 09:18:16 | debug_robo_cima | INFO | ℹ️ 🔄 Status do checkbox pilar_rotacionado_var: False
2026-03-28 09:18:16 | debug_robo_cima | INFO | ℹ️ 🔄 Status do checkbox pilar_especial_ativo_var: False
2026-03-28 09:18:16 | debug_robo_cima | INFO | ℹ️ Pilar especial INATIVO - pilar_rotacionado: False, pilar_especial: False, globais: False, tipo: ''
2026-03-28 09:18:16 | debug_robo_cima | INFO | 
----------------------------------------
2026-03-28 09:18:16 | debug_robo_cima | INFO | 📌 VERIFICAÇÃO DE PILAR ESPECIAL ATIVO
2026-03-28 09:18:16 | debug_robo_cima | INFO | ----------------------------------------
2026-03-28 09:18:16 | debug_robo_cima | INFO | ℹ️ 🔄 Verificando se pilar especial está ativo...
2026-03-28 09:18:16 | debug_robo_cima | INFO | ℹ️ 🔄 Status do checkbox pilar_rotacionado_var: False
2026-03-28 09:18:16 | debug_robo_cima | INFO | ℹ️ 🔄 Status do checkbox pilar_especial_ativo_var: False
2026-03-28 09:18:16 | debug_robo_cima | INFO | ℹ️ Pilar especial INATIVO - pilar_rotacionado: False, pilar_especial: False, globais: False, tipo: ''
2026-03-28 09:18:16 | debug_robo_cima | INFO | 
----------------------------------------
2026-03-28 09:18:16 | debug_robo_cima | INFO | 📌 VERIFICAÇÃO DE PILAR ESPECIAL ATIVO
2026-03-28 09:18:16 | debug_robo_cima | INFO | ----------------------------------------
2026-03-28 09:18:16 | debug_robo_cima | INFO | ℹ️ 🔄 Verificando se pilar especial está ativo...
2026-03-28 09:18:16 | debug_robo_cima | INFO | ℹ️ 🔄 Status do checkbox pilar_rotacionado_var: False
2026-03-28 09:18:16 | debug_robo_cima | INFO | ℹ️ 🔄 Status do checkbox pilar_especial_ativo_var: False
2026-03-28 09:18:16 | debug_robo_cima | INFO | ℹ️ Pilar especial INATIVO - pilar_rotacionado: False, pilar_especial: False, globais: False, tipo: ''
2026-03-28 09:18:16 | debug_robo_cima | INFO | 
----------------------------------------
2026-03-28 09:18:16 | debug_robo_cima | INFO | 📌 VERIFICAÇÃO DE PILAR ESPECIAL ATIVO
2026-03-28 09:18:16 | debug_robo_cima | INFO | ----------------------------------------
2026-03-28 09:18:16 | debug_robo_cima | INFO | ℹ️ 🔄 Verificando se pilar especial está ativo...
2026-03-28 09:18:16 | debug_robo_cima | INFO | ℹ️ 🔄 Status do checkbox pilar_rotacionado_var: False
2026-03-28 09:18:16 | debug_robo_cima | INFO | ℹ️ 🔄 Status do checkbox pilar_especial_ativo_var: False
2026-03-28 09:18:16 | debug_robo_cima | INFO | ℹ️ Pilar especial INATIVO - pilar_rotacionado: False, pilar_especial: False, globais: False, tipo: ''
2026-03-28 09:18:16 | debug_robo_cima | INFO | 
----------------------------------------
2026-03-28 09:18:16 | debug_robo_cima | INFO | 📌 VERIFICAÇÃO DE PILAR ESPECIAL ATIVO
2026-03-28 09:18:16 | debug_robo_cima | INFO | ----------------------------------------
2026-03-28 09:18:16 | debug_robo_cima | INFO | ℹ️ 🔄 Verificando se pilar especial está ativo...
2026-03-28 09:18:16 | debug_robo_cima | INFO | ℹ️ 🔄 Status do checkbox pilar_rotacionado_var: False
2026-03-28 09:18:16 | debug_robo_cima | INFO | ℹ️ 🔄 Status do checkbox pilar_especial_ativo_var: False
2026-03-28 09:18:16 | debug_robo_cima | INFO | ℹ️ Pilar especial INATIVO - pilar_rotacionado: False, pilar_especial: False, globais: False, tipo: ''
2026-03-28 09:18:16 | debug_robo_cima | INFO | 
----------------------------------------
2026-03-28 09:18:16 | debug_robo_cima | INFO | 📌 VERIFICAÇÃO DE PILAR ESPECIAL ATIVO
2026-03-28 09:18:16 | debug_robo_cima | INFO | ----------------------------------------
2026-03-28 09:18:16 | debug_robo_cima | INFO | ℹ️ 🔄 Verificando se pilar especial está ativo...
2026-03-28 09:18:16 | debug_robo_cima | INFO | ℹ️ 🔄 Status do checkbox pilar_rotacionado_var: False
2026-03-28 09:18:16 | debug_robo_cima | INFO | ℹ️ 🔄 Status do checkbox pilar_especial_ativo_var: False
2026-03-28 09:18:16 | debug_robo_cima | INFO | ℹ️ Pilar especial INATIVO - pilar_rotacionado: False, pilar_especial: False, globais: False, tipo: ''
2026-03-28 09:18:16 | debug_robo_cima | INFO | 
----------------------------------------
2026-03-28 09:18:16 | debug_robo_cima | INFO | 📌 VERIFICAÇÃO DE PILAR ESPECIAL ATIVO
2026-03-28 09:18:16 | debug_robo_cima | INFO | ----------------------------------------
2026-03-28 09:18:16 | debug_robo_cima | INFO | ℹ️ 🔄 Verificando se pilar especial está ativo...
2026-03-28 09:18:16 | debug_robo_cima | INFO | ℹ️ 🔄 Status do checkbox pilar_rotacionado_var: False
2026-03-28 09:18:16 | debug_robo_cima | INFO | ℹ️ 🔄 Status do checkbox pilar_especial_ativo_var: False
2026-03-28 09:18:16 | debug_robo_cima | INFO | ℹ️ Pilar especial INATIVO - pilar_rotacionado: False, pilar_especial: False, globais: False, tipo: ''
2026-03-28 09:18:17 | debug_robo_cima | INFO | 
----------------------------------------
2026-03-28 09:18:17 | debug_robo_cima | INFO | 📌 VERIFICAÇÃO DE PILAR ESPECIAL ATIVO
2026-03-28 09:18:17 | debug_robo_cima | INFO | ----------------------------------------
2026-03-28 09:18:17 | debug_robo_cima | INFO | ℹ️ 🔄 Verificando se pilar especial está ativo...
2026-03-28 09:18:17 | debug_robo_cima | INFO | ℹ️ 🔄 Status do checkbox pilar_rotacionado_var: False
2026-03-28 09:18:17 | debug_robo_cima | INFO | ℹ️ 🔄 Status do checkbox pilar_especial_ativo_var: False
2026-03-28 09:18:17 | debug_robo_cima | INFO | ℹ️ Pilar especial INATIVO - pilar_rotacionado: False, pilar_especial: False, globais: False, tipo: ''
2026-03-28 09:18:17 | debug_robo_cima | INFO | 
----------------------------------------
2026-03-28 09:18:17 | debug_robo_cima | INFO | 📌 VERIFICAÇÃO DE PILAR ESPECIAL ATIVO
2026-03-28 09:18:17 | debug_robo_cima | INFO | ----------------------------------------
2026-03-28 09:18:17 | debug_robo_cima | INFO | ℹ️ 🔄 Verificando se pilar especial está ativo...
2026-03-28 09:18:17 | debug_robo_cima | INFO | ℹ️ 🔄 Status do checkbox pilar_rotacionado_var: False
2026-03-28 09:18:17 | debug_robo_cima | INFO | ℹ️ 🔄 Status do checkbox pilar_especial_ativo_var: False
2026-03-28 09:18:17 | debug_robo_cima | INFO | ℹ️ Pilar especial INATIVO - pilar_rotacionado: False, pilar_especial: False, globais: False, tipo: ''
2026-03-28 09:18:17 | debug_robo_cima | INFO | 
----------------------------------------
2026-03-28 09:18:17 | debug_robo_cima | INFO | 📌 VERIFICAÇÃO DE PILAR ESPECIAL ATIVO
2026-03-28 09:18:17 | debug_robo_cima | INFO | ----------------------------------------
2026-03-28 09:18:17 | debug_robo_cima | INFO | ℹ️ 🔄 Verificando se pilar especial está ativo...
2026-03-28 09:18:17 | debug_robo_cima | INFO | ℹ️ 🔄 Status do checkbox pilar_rotacionado_var: False
2026-03-28 09:18:17 | debug_robo_cima | INFO | ℹ️ 🔄 Status do checkbox pilar_especial_ativo_var: False
2026-03-28 09:18:17 | debug_robo_cima | INFO | ℹ️ Pilar especial INATIVO - pilar_rotacionado: False, pilar_especial: False, globais: False, tipo: ''
2026-03-28 09:18:17 | debug_robo_cima | INFO | 
----------------------------------------
2026-03-28 09:18:17 | debug_robo_cima | INFO | 📌 VERIFICAÇÃO DE PILAR ESPECIAL ATIVO
2026-03-28 09:18:17 | debug_robo_cima | INFO | ----------------------------------------
2026-03-28 09:18:17 | debug_robo_cima | INFO | ℹ️ 🔄 Verificando se pilar especial está ativo...
2026-03-28 09:18:17 | debug_robo_cima | INFO | ℹ️ 🔄 Status do checkbox pilar_rotacionado_var: False
2026-03-28 09:18:17 | debug_robo_cima | INFO | ℹ️ 🔄 Status do checkbox pilar_especial_ativo_var: False
2026-03-28 09:18:17 | debug_robo_cima | INFO | ℹ️ Pilar especial INATIVO - pilar_rotacionado: False, pilar_especial: False, globais: False, tipo: ''
2026-03-28 09:18:17 | debug_robo_cima | INFO | 
----------------------------------------
2026-03-28 09:18:17 | debug_robo_cima | INFO | 📌 VERIFICAÇÃO DE PILAR ESPECIAL ATIVO
2026-03-28 09:18:17 | debug_robo_cima | INFO | ----------------------------------------
2026-03-28 09:18:17 | debug_robo_cima | INFO | ℹ️ 🔄 Verificando se pilar especial está ativo...
2026-03-28 09:18:17 | debug_robo_cima | INFO | ℹ️ 🔄 Status do checkbox pilar_rotacionado_var: False
2026-03-28 09:18:17 | debug_robo_cima | INFO | ℹ️ 🔄 Status do checkbox pilar_especial_ativo_var: False
2026-03-28 09:18:17 | debug_robo_cima | INFO | ℹ️ Pilar especial INATIVO - pilar_rotacionado: False, pilar_especial: False, globais: False, tipo: ''
2026-03-28 09:18:17 | debug_robo_cima | INFO | 
----------------------------------------
2026-03-28 09:18:17 | debug_robo_cima | INFO | 📌 VERIFICAÇÃO DE PILAR ESPECIAL ATIVO
2026-03-28 09:18:17 | debug_robo_cima | INFO | ----------------------------------------
2026-03-28 09:18:17 | debug_robo_cima | INFO | ℹ️ 🔄 Verificando se pilar especial está ativo...
2026-03-28 09:18:17 | debug_robo_cima | INFO | ℹ️ 🔄 Status do checkbox pilar_rotacionado_var: False
2026-03-28 09:18:17 | debug_robo_cima | INFO | ℹ️ 🔄 Status do checkbox pilar_especial_ativo_var: False
2026-03-28 09:18:17 | debug_robo_cima | INFO | ℹ️ Pilar especial INATIVO - pilar_rotacionado: False, pilar_especial: False, globais: False, tipo: ''
2026-03-28 09:18:17 | debug_robo_cima | INFO | 
----------------------------------------
2026-03-28 09:18:17 | debug_robo_cima | INFO | 📌 VERIFICAÇÃO DE PILAR ESPECIAL ATIVO
2026-03-28 09:18:17 | debug_robo_cima | INFO | ----------------------------------------
2026-03-28 09:18:17 | debug_robo_cima | INFO | ℹ️ 🔄 Verificando se pilar especial está ativo...
2026-03-28 09:18:17 | debug_robo_cima | INFO | ℹ️ 🔄 Status do checkbox pilar_rotacionado_var: False
2026-03-28 09:18:17 | debug_robo_cima | INFO | ℹ️ 🔄 Status do checkbox pilar_especial_ativo_var: False
2026-03-28 09:18:17 | debug_robo_cima | INFO | ℹ️ Pilar especial INATIVO - pilar_rotacionado: False, pilar_especial: False, globais: False, tipo: ''
2026-03-28 09:18:17 | debug_robo_cima | INFO | 
----------------------------------------
2026-03-28 09:18:17 | debug_robo_cima | INFO | 📌 VERIFICAÇÃO DE PILAR ESPECIAL ATIVO
2026-03-28 09:18:17 | debug_robo_cima | INFO | ----------------------------------------
2026-03-28 09:18:17 | debug_robo_cima | INFO | ℹ️ 🔄 Verificando se pilar especial está ativo...
2026-03-28 09:18:17 | debug_robo_cima | INFO | ℹ️ 🔄 Status do checkbox pilar_rotacionado_var: False
2026-03-28 09:18:17 | debug_robo_cima | INFO | ℹ️ 🔄 Status do checkbox pilar_especial_ativo_var: False
2026-03-28 09:18:17 | debug_robo_cima | INFO | ℹ️ Pilar especial INATIVO - pilar_rotacionado: False, pilar_especial: False, globais: False, tipo: ''
2026-03-28 09:18:17 | debug_robo_cima | INFO | 
----------------------------------------
2026-03-28 09:18:17 | debug_robo_cima | INFO | 📌 VERIFICAÇÃO DE PILAR ESPECIAL ATIVO
2026-03-28 09:18:17 | debug_robo_cima | INFO | ----------------------------------------
2026-03-28 09:18:17 | debug_robo_cima | INFO | ℹ️ 🔄 Verificando se pilar especial está ativo...
2026-03-28 09:18:17 | debug_robo_cima | INFO | ℹ️ 🔄 Status do checkbox pilar_rotacionado_var: False
2026-03-28 09:18:17 | debug_robo_cima | INFO | ℹ️ 🔄 Status do checkbox pilar_especial_ativo_var: False
2026-03-28 09:18:17 | debug_robo_cima | INFO | ℹ️ Pilar especial INATIVO - pilar_rotacionado: False, pilar_especial: False, globais: False, tipo: ''
2026-03-28 09:18:17 | debug_robo_cima | INFO | 
----------------------------------------
2026-03-28 09:18:17 | debug_robo_cima | INFO | 📌 VERIFICAÇÃO DE PILAR ESPECIAL ATIVO
2026-03-28 09:18:17 | debug_robo_cima | INFO | ----------------------------------------
2026-03-28 09:18:17 | debug_robo_cima | INFO | ℹ️ 🔄 Verificando se pilar especial está ativo...
2026-03-28 09:18:17 | debug_robo_cima | INFO | ℹ️ 🔄 Status do checkbox pilar_rotacionado_var: False
2026-03-28 09:18:17 | debug_robo_cima | INFO | ℹ️ 🔄 Status do checkbox pilar_especial_ativo_var: False
2026-03-28 09:18:17 | debug_robo_cima | INFO | ℹ️ Pilar especial INATIVO - pilar_rotacionado: False, pilar_especial: False, globais: False, tipo: ''
2026-03-28 09:18:17 | debug_robo_cima | INFO | 
----------------------------------------
2026-03-28 09:18:17 | debug_robo_cima | INFO | 📌 VERIFICAÇÃO DE PILAR ESPECIAL ATIVO
2026-03-28 09:18:17 | debug_robo_cima | INFO | ----------------------------------------
2026-03-28 09:18:17 | debug_robo_cima | INFO | ℹ️ 🔄 Verificando se pilar especial está ativo...
2026-03-28 09:18:17 | debug_robo_cima | INFO | ℹ️ 🔄 Status do checkbox pilar_rotacionado_var: False
2026-03-28 09:18:17 | debug_robo_cima | INFO | ℹ️ 🔄 Status do checkbox pilar_especial_ativo_var: False
2026-03-28 09:18:17 | debug_robo_cima | INFO | ℹ️ Pilar especial INATIVO - pilar_rotacionado: False, pilar_especial: False, globais: False, tipo: ''
2026-03-28 09:18:17 | debug_robo_cima | INFO | 
----------------------------------------
2026-03-28 09:18:17 | debug_robo_cima | INFO | 📌 VERIFICAÇÃO DE PILAR ESPECIAL ATIVO
2026-03-28 09:18:17 | debug_robo_cima | INFO | ----------------------------------------
2026-03-28 09:18:17 | debug_robo_cima | INFO | ℹ️ 🔄 Verificando se pilar especial está ativo...
2026-03-28 09:18:17 | debug_robo_cima | INFO | ℹ️ 🔄 Status do checkbox pilar_rotacionado_var: False
2026-03-28 09:18:17 | debug_robo_cima | INFO | ℹ️ 🔄 Status do checkbox pilar_especial_ativo_var: False
2026-03-28 09:18:17 | debug_robo_cima | INFO | ℹ️ Pilar especial INATIVO - pilar_rotacionado: False, pilar_especial: False, globais: False, tipo: ''
2026-03-28 09:18:17 | debug_robo_cima | INFO | 
----------------------------------------
2026-03-28 09:18:17 | debug_robo_cima | INFO | 📌 VERIFICAÇÃO DE PILAR ESPECIAL ATIVO
2026-03-28 09:18:17 | debug_robo_cima | INFO | ----------------------------------------
2026-03-28 09:18:17 | debug_robo_cima | INFO | ℹ️ 🔄 Verificando se pilar especial está ativo...
2026-03-28 09:18:17 | debug_robo_cima | INFO | ℹ️ 🔄 Status do checkbox pilar_rotacionado_var: False
2026-03-28 09:18:17 | debug_robo_cima | INFO | ℹ️ 🔄 Status do checkbox pilar_especial_ativo_var: False
2026-03-28 09:18:17 | debug_robo_cima | INFO | ℹ️ Pilar especial INATIVO - pilar_rotacionado: False, pilar_especial: False, globais: False, tipo: ''
2026-03-28 09:18:17 | debug_robo_cima | INFO | 
----------------------------------------
2026-03-28 09:18:17 | debug_robo_cima | INFO | 📌 VERIFICAÇÃO DE PILAR ESPECIAL ATIVO
2026-03-28 09:18:17 | debug_robo_cima | INFO | ----------------------------------------
2026-03-28 09:18:17 | debug_robo_cima | INFO | ℹ️ 🔄 Verificando se pilar especial está ativo...
2026-03-28 09:18:17 | debug_robo_cima | INFO | ℹ️ 🔄 Status do checkbox pilar_rotacionado_var: False
2026-03-28 09:18:17 | debug_robo_cima | INFO | ℹ️ 🔄 Status do checkbox pilar_especial_ativo_var: False
2026-03-28 09:18:17 | debug_robo_cima | INFO | ℹ️ Pilar especial INATIVO - pilar_rotacionado: False, pilar_especial: False, globais: False, tipo: ''
2026-03-28 09:18:17 | debug_robo_cima | INFO | 
----------------------------------------
2026-03-28 09:18:17 | debug_robo_cima | INFO | 📌 VERIFICAÇÃO DE PILAR ESPECIAL ATIVO
2026-03-28 09:18:17 | debug_robo_cima | INFO | ----------------------------------------
2026-03-28 09:18:17 | debug_robo_cima | INFO | ℹ️ 🔄 Verificando se pilar especial está ativo...
2026-03-28 09:18:17 | debug_robo_cima | INFO | ℹ️ 🔄 Status do checkbox pilar_rotacionado_var: False
2026-03-28 09:18:17 | debug_robo_cima | INFO | ℹ️ 🔄 Status do checkbox pilar_especial_ativo_var: False
2026-03-28 09:18:17 | debug_robo_cima | INFO | ℹ️ Pilar especial INATIVO - pilar_rotacionado: False, pilar_especial: False, globais: False, tipo: ''
2026-03-28 09:18:17 | debug_robo_cima | INFO | 
----------------------------------------
2026-03-28 09:18:17 | debug_robo_cima | INFO | 📌 VERIFICAÇÃO DE PILAR ESPECIAL ATIVO
2026-03-28 09:18:17 | debug_robo_cima | INFO | ----------------------------------------
2026-03-28 09:18:17 | debug_robo_cima | INFO | ℹ️ 🔄 Verificando se pilar especial está ativo...
2026-03-28 09:18:17 | debug_robo_cima | INFO | ℹ️ 🔄 Status do checkbox pilar_rotacionado_var: False
2026-03-28 09:18:17 | debug_robo_cima | INFO | ℹ️ 🔄 Status do checkbox pilar_especial_ativo_var: False
2026-03-28 09:18:17 | debug_robo_cima | INFO | ℹ️ Pilar especial INATIVO - pilar_rotacionado: False, pilar_especial: False, globais: False, tipo: ''
2026-03-28 09:18:17 | debug_robo_cima | INFO | 
----------------------------------------
2026-03-28 09:18:17 | debug_robo_cima | INFO | 📌 VERIFICAÇÃO DE PILAR ESPECIAL ATIVO
2026-03-28 09:18:17 | debug_robo_cima | INFO | ----------------------------------------
2026-03-28 09:18:17 | debug_robo_cima | INFO | ℹ️ 🔄 Verificando se pilar especial está ativo...
2026-03-28 09:18:17 | debug_robo_cima | INFO | ℹ️ 🔄 Status do checkbox pilar_rotacionado_var: False
2026-03-28 09:18:17 | debug_robo_cima | INFO | ℹ️ 🔄 Status do checkbox pilar_especial_ativo_var: False
2026-03-28 09:18:17 | debug_robo_cima | INFO | ℹ️ Pilar especial INATIVO - pilar_rotacionado: False, pilar_especial: False, globais: False, tipo: ''
2026-03-28 09:18:17 | debug_robo_cima | INFO | 
----------------------------------------
2026-03-28 09:18:17 | debug_robo_cima | INFO | 📌 VERIFICAÇÃO DE PILAR ESPECIAL ATIVO
2026-03-28 09:18:17 | debug_robo_cima | INFO | ----------------------------------------
2026-03-28 09:18:17 | debug_robo_cima | INFO | ℹ️ 🔄 Verificando se pilar especial está ativo...
2026-03-28 09:18:17 | debug_robo_cima | INFO | ℹ️ 🔄 Status do checkbox pilar_rotacionado_var: False
2026-03-28 09:18:17 | debug_robo_cima | INFO | ℹ️ 🔄 Status do checkbox pilar_especial_ativo_var: False
2026-03-28 09:18:17 | debug_robo_cima | INFO | ℹ️ Pilar especial INATIVO - pilar_rotacionado: False, pilar_especial: False, globais: False, tipo: ''
2026-03-28 09:18:17 | debug_robo_cima | INFO | 
----------------------------------------
2026-03-28 09:18:17 | debug_robo_cima | INFO | 📌 VERIFICAÇÃO DE PILAR ESPECIAL ATIVO
2026-03-28 09:18:17 | debug_robo_cima | INFO | ----------------------------------------
2026-03-28 09:18:17 | debug_robo_cima | INFO | ℹ️ 🔄 Verificando se pilar especial está ativo...
2026-03-28 09:18:17 | debug_robo_cima | INFO | ℹ️ 🔄 Status do checkbox pilar_rotacionado_var: False
2026-03-28 09:18:17 | debug_robo_cima | INFO | ℹ️ 🔄 Status do checkbox pilar_especial_ativo_var: False
2026-03-28 09:18:17 | debug_robo_cima | INFO | ℹ️ Pilar especial INATIVO - pilar_rotacionado: False, pilar_especial: False, globais: False, tipo: ''
2026-03-28 09:18:17 | debug_robo_cima | INFO | 
----------------------------------------
2026-03-28 09:18:17 | debug_robo_cima | INFO | 📌 VERIFICAÇÃO DE PILAR ESPECIAL ATIVO
2026-03-28 09:18:17 | debug_robo_cima | INFO | ----------------------------------------
2026-03-28 09:18:17 | debug_robo_cima | INFO | ℹ️ 🔄 Verificando se pilar especial está ativo...
2026-03-28 09:18:17 | debug_robo_cima | INFO | ℹ️ 🔄 Status do checkbox pilar_rotacionado_var: False
2026-03-28 09:18:17 | debug_robo_cima | INFO | ℹ️ 🔄 Status do checkbox pilar_especial_ativo_var: False
2026-03-28 09:18:17 | debug_robo_cima | INFO | ℹ️ Pilar especial INATIVO - pilar_rotacionado: False, pilar_especial: False, globais: False, tipo: ''
2026-03-28 09:18:17 | debug_robo_cima | INFO | 
----------------------------------------
2026-03-28 09:18:17 | debug_robo_cima | INFO | 📌 VERIFICAÇÃO DE PILAR ESPECIAL ATIVO
2026-03-28 09:18:17 | debug_robo_cima | INFO | ----------------------------------------
2026-03-28 09:18:17 | debug_robo_cima | INFO | ℹ️ 🔄 Verificando se pilar especial está ativo...
2026-03-28 09:18:17 | debug_robo_cima | INFO | ℹ️ 🔄 Status do checkbox pilar_rotacionado_var: False
2026-03-28 09:18:17 | debug_robo_cima | INFO | ℹ️ 🔄 Status do checkbox pilar_especial_ativo_var: False
2026-03-28 09:18:17 | debug_robo_cima | INFO | ℹ️ Pilar especial INATIVO - pilar_rotacionado: False, pilar_especial: False, globais: False, tipo: ''
2026-03-28 09:18:17 | debug_robo_cima | INFO | 
----------------------------------------
2026-03-28 09:18:17 | debug_robo_cima | INFO | 📌 VERIFICAÇÃO DE PILAR ESPECIAL ATIVO
2026-03-28 09:18:17 | debug_robo_cima | INFO | ----------------------------------------
2026-03-28 09:18:17 | debug_robo_cima | INFO | ℹ️ 🔄 Verificando se pilar especial está ativo...
2026-03-28 09:18:17 | debug_robo_cima | INFO | ℹ️ 🔄 Status do checkbox pilar_rotacionado_var: False
2026-03-28 09:18:17 | debug_robo_cima | INFO | ℹ️ 🔄 Status do checkbox pilar_especial_ativo_var: False
2026-03-28 09:18:17 | debug_robo_cima | INFO | ℹ️ Pilar especial INATIVO - pilar_rotacionado: False, pilar_especial: False, globais: False, tipo: ''
2026-03-28 09:18:17 | debug_robo_cima | INFO | 
----------------------------------------
2026-03-28 09:18:17 | debug_robo_cima | INFO | 📌 VERIFICAÇÃO DE PILAR ESPECIAL ATIVO
2026-03-28 09:18:17 | debug_robo_cima | INFO | ----------------------------------------
2026-03-28 09:18:17 | debug_robo_cima | INFO | ℹ️ 🔄 Verificando se pilar especial está ativo...
2026-03-28 09:18:17 | debug_robo_cima | INFO | ℹ️ 🔄 Status do checkbox pilar_rotacionado_var: False
2026-03-28 09:18:17 | debug_robo_cima | INFO | ℹ️ 🔄 Status do checkbox pilar_especial_ativo_var: False
2026-03-28 09:18:17 | debug_robo_cima | INFO | ℹ️ Pilar especial INATIVO - pilar_rotacionado: False, pilar_especial: False, globais: False, tipo: ''
2026-03-28 09:18:17 | debug_robo_cima | INFO | 
----------------------------------------
2026-03-28 09:18:17 | debug_robo_cima | INFO | 📌 VERIFICAÇÃO DE PILAR ESPECIAL ATIVO
2026-03-28 09:18:17 | debug_robo_cima | INFO | ----------------------------------------
2026-03-28 09:18:17 | debug_robo_cima | INFO | ℹ️ 🔄 Verificando se pilar especial está ativo...
2026-03-28 09:18:17 | debug_robo_cima | INFO | ℹ️ 🔄 Status do checkbox pilar_rotacionado_var: False
2026-03-28 09:18:17 | debug_robo_cima | INFO | ℹ️ 🔄 Status do checkbox pilar_especial_ativo_var: False
2026-03-28 09:18:17 | debug_robo_cima | INFO | ℹ️ Pilar especial INATIVO - pilar_rotacionado: False, pilar_especial: False, globais: False, tipo: ''
2026-03-28 09:18:17 | debug_robo_cima | INFO | 
----------------------------------------
2026-03-28 09:18:17 | debug_robo_cima | INFO | 📌 VERIFICAÇÃO DE PILAR ESPECIAL ATIVO
2026-03-28 09:18:17 | debug_robo_cima | INFO | ----------------------------------------
2026-03-28 09:18:17 | debug_robo_cima | INFO | ℹ️ 🔄 Verificando se pilar especial está ativo...
2026-03-28 09:18:17 | debug_robo_cima | INFO | ℹ️ 🔄 Status do checkbox pilar_rotacionado_var: False
2026-03-28 09:18:17 | debug_robo_cima | INFO | ℹ️ 🔄 Status do checkbox pilar_especial_ativo_var: False
2026-03-28 09:18:17 | debug_robo_cima | INFO | ℹ️ Pilar especial INATIVO - pilar_rotacionado: False, pilar_especial: False, globais: False, tipo: ''
2026-03-28 09:18:17 | debug_robo_cima | INFO | 
----------------------------------------
2026-03-28 09:18:17 | debug_robo_cima | INFO | 📌 VERIFICAÇÃO DE PILAR ESPECIAL ATIVO
2026-03-28 09:18:17 | debug_robo_cima | INFO | ----------------------------------------
2026-03-28 09:18:17 | debug_robo_cima | INFO | ℹ️ 🔄 Verificando se pilar especial está ativo...
2026-03-28 09:18:17 | debug_robo_cima | INFO | ℹ️ 🔄 Status do checkbox pilar_rotacionado_var: False
2026-03-28 09:18:17 | debug_robo_cima | INFO | ℹ️ 🔄 Status do checkbox pilar_especial_ativo_var: False
2026-03-28 09:18:17 | debug_robo_cima | INFO | ℹ️ Pilar especial INATIVO - pilar_rotacionado: False, pilar_especial: False, globais: False, tipo: ''
2026-03-28 09:18:17 | debug_robo_cima | INFO | 
----------------------------------------
2026-03-28 09:18:17 | debug_robo_cima | INFO | 📌 VERIFICAÇÃO DE PILAR ESPECIAL ATIVO
2026-03-28 09:18:17 | debug_robo_cima | INFO | ----------------------------------------
2026-03-28 09:18:17 | debug_robo_cima | INFO | ℹ️ 🔄 Verificando se pilar especial está ativo...
2026-03-28 09:18:17 | debug_robo_cima | INFO | ℹ️ 🔄 Status do checkbox pilar_rotacionado_var: False
2026-03-28 09:18:17 | debug_robo_cima | INFO | ℹ️ 🔄 Status do checkbox pilar_especial_ativo_var: False
2026-03-28 09:18:17 | debug_robo_cima | INFO | ℹ️ Pilar especial INATIVO - pilar_rotacionado: False, pilar_especial: False, globais: False, tipo: ''
2026-03-28 09:18:17 | debug_robo_cima | INFO | 
----------------------------------------
2026-03-28 09:18:17 | debug_robo_cima | INFO | 📌 VERIFICAÇÃO DE PILAR ESPECIAL ATIVO
2026-03-28 09:18:17 | debug_robo_cima | INFO | ----------------------------------------
2026-03-28 09:18:17 | debug_robo_cima | INFO | ℹ️ 🔄 Verificando se pilar especial está ativo...
2026-03-28 09:18:17 | debug_robo_cima | INFO | ℹ️ 🔄 Status do checkbox pilar_rotacionado_var: False
2026-03-28 09:18:17 | debug_robo_cima | INFO | ℹ️ 🔄 Status do checkbox pilar_especial_ativo_var: False
2026-03-28 09:18:17 | debug_robo_cima | INFO | ℹ️ Pilar especial INATIVO - pilar_rotacionado: False, pilar_especial: False, globais: False, tipo: ''
2026-03-28 09:18:17 | debug_robo_cima | INFO | 
----------------------------------------
2026-03-28 09:18:17 | debug_robo_cima | INFO | 📌 VERIFICAÇÃO DE PILAR ESPECIAL ATIVO
2026-03-28 09:18:17 | debug_robo_cima | INFO | ----------------------------------------
2026-03-28 09:18:17 | debug_robo_cima | INFO | ℹ️ 🔄 Verificando se pilar especial está ativo...
2026-03-28 09:18:17 | debug_robo_cima | INFO | ℹ️ 🔄 Status do checkbox pilar_rotacionado_var: False
2026-03-28 09:18:17 | debug_robo_cima | INFO | ℹ️ 🔄 Status do checkbox pilar_especial_ativo_var: False
2026-03-28 09:18:17 | debug_robo_cima | INFO | ℹ️ Pilar especial INATIVO - pilar_rotacionado: False, pilar_especial: False, globais: False, tipo: ''
2026-03-28 09:18:17 | debug_robo_cima | INFO | 
----------------------------------------
2026-03-28 09:18:17 | debug_robo_cima | INFO | 📌 VERIFICAÇÃO DE PILAR ESPECIAL ATIVO
2026-03-28 09:18:17 | debug_robo_cima | INFO | ----------------------------------------
2026-03-28 09:18:17 | debug_robo_cima | INFO | ℹ️ 🔄 Verificando se pilar especial está ativo...
2026-03-28 09:18:17 | debug_robo_cima | INFO | ℹ️ 🔄 Status do checkbox pilar_rotacionado_var: False
2026-03-28 09:18:17 | debug_robo_cima | INFO | ℹ️ 🔄 Status do checkbox pilar_especial_ativo_var: False
2026-03-28 09:18:17 | debug_robo_cima | INFO | ℹ️ Pilar especial INATIVO - pilar_rotacionado: False, pilar_especial: False, globais: False, tipo: ''
2026-03-28 09:18:17 | debug_robo_cima | INFO | 
----------------------------------------
2026-03-28 09:18:17 | debug_robo_cima | INFO | 📌 VERIFICAÇÃO DE PILAR ESPECIAL ATIVO
2026-03-28 09:18:17 | debug_robo_cima | INFO | ----------------------------------------
2026-03-28 09:18:17 | debug_robo_cima | INFO | ℹ️ 🔄 Verificando se pilar especial está ativo...
2026-03-28 09:18:17 | debug_robo_cima | INFO | ℹ️ 🔄 Status do checkbox pilar_rotacionado_var: False
2026-03-28 09:18:17 | debug_robo_cima | INFO | ℹ️ 🔄 Status do checkbox pilar_especial_ativo_var: False
2026-03-28 09:18:17 | debug_robo_cima | INFO | ℹ️ Pilar especial INATIVO - pilar_rotacionado: False, pilar_especial: False, globais: False, tipo: ''
2026-03-28 09:18:17 | debug_robo_cima | INFO | 
----------------------------------------
2026-03-28 09:18:17 | debug_robo_cima | INFO | 📌 VERIFICAÇÃO DE PILAR ESPECIAL ATIVO
2026-03-28 09:18:17 | debug_robo_cima | INFO | ----------------------------------------
2026-03-28 09:18:17 | debug_robo_cima | INFO | ℹ️ 🔄 Verificando se pilar especial está ativo...
2026-03-28 09:18:17 | debug_robo_cima | INFO | ℹ️ 🔄 Status do checkbox pilar_rotacionado_var: False
2026-03-28 09:18:17 | debug_robo_cima | INFO | ℹ️ 🔄 Status do checkbox pilar_especial_ativo_var: False
2026-03-28 09:18:17 | debug_robo_cima | INFO | ℹ️ Pilar especial INATIVO - pilar_rotacionado: False, pilar_especial: False, globais: False, tipo: ''
2026-03-28 09:18:17 | debug_robo_cima | INFO | 
============================================================
2026-03-28 09:18:17 | debug_robo_cima | INFO | 📋 GERAÇÃO DE SCRIPT CIMA
2026-03-28 09:18:17 | debug_robo_cima | INFO | ============================================================
2026-03-28 09:18:17 | debug_robo_cima | INFO | ℹ️ 🔄 === INÍCIO DO gerar_script() ===
2026-03-28 09:18:17 | debug_robo_cima | INFO | ℹ️ 🔄 Estado inicial das globais: ID=1996916051008, len=0
2026-03-28 09:18:17 | debug_robo_cima | WARNING | ⚠️ _globais_pilar_especial está vazio ou None!
2026-03-28 09:18:17 | debug_robo_cima | INFO | ℹ️ 🔄 Status pilar_rotacionado no inicio: False
2026-03-28 09:18:17 | debug_robo_cima | INFO | ℹ️ 🔄 Prestes a chamar _verificar_pilar_especial_ativo()...
2026-03-28 09:18:17 | debug_robo_cima | INFO | ℹ️ 🔄 Estado das globais ANTES da verificação: False
2026-03-28 09:18:17 | debug_robo_cima | INFO | 
----------------------------------------
2026-03-28 09:18:17 | debug_robo_cima | INFO | 📌 VERIFICAÇÃO DE PILAR ESPECIAL ATIVO
2026-03-28 09:18:17 | debug_robo_cima | INFO | ----------------------------------------
2026-03-28 09:18:17 | debug_robo_cima | INFO | ℹ️ 🔄 Verificando se pilar especial está ativo...
2026-03-28 09:18:17 | debug_robo_cima | INFO | ℹ️ 🔄 Status do checkbox pilar_rotacionado_var: False
2026-03-28 09:18:17 | debug_robo_cima | INFO | ℹ️ 🔄 Status do checkbox pilar_especial_ativo_var: False
2026-03-28 09:18:17 | debug_robo_cima | INFO | ℹ️ Pilar especial INATIVO - pilar_rotacionado: False, pilar_especial: False, globais: False, tipo: ''
2026-03-28 09:18:17 | debug_robo_cima | INFO | ℹ️ 🔄 Resultado da verificação: False
2026-03-28 09:18:17 | debug_robo_cima | INFO | ℹ️ 🔄 Estado das globais APÓS a verificação: False
2026-03-28 09:18:17 | debug_robo_cima | INFO | ℹ️ 🔄 Pilar especial ativo: False
2026-03-28 09:18:17 | debug_robo_cima | INFO | 
----------------------------------------
2026-03-28 09:18:17 | debug_robo_cima | INFO | 📌 APLICAÇÃO DE ALTERAÇÕES PILAR ESPECIAL - PAI.B
2026-03-28 09:18:17 | debug_robo_cima | INFO | ----------------------------------------
2026-03-28 09:18:17 | debug_robo_cima | INFO | ℹ️ 🔄 Aplicando alterações do pilar especial para PAI.B...
2026-03-28 09:18:17 | debug_robo_cima | WARNING | ⚠️ Pilar especial INATIVO (sem globais no gerador) - retornando valor original: -51
2026-03-28 09:18:17 | debug_robo_cima | WARNING | ⚠️ Pilar especial INATIVO (sem globais no gerador) - retornando valor original: 100.0
2026-03-28 09:18:17 | debug_robo_cima | WARNING | ⚠️ Pilar especial INATIVO (sem globais no gerador) - retornando valor original: 162.0
2026-03-28 09:18:17 | debug_robo_cima | INFO | ℹ️ 🔄 PAI.B - Posição X: -51 -> -51
2026-03-28 09:18:17 | debug_robo_cima | INFO | ℹ️ 🔄 PAI.B - Posição Y: 100.0 -> 100.0
2026-03-28 09:18:17 | debug_robo_cima | INFO | ℹ️ 🔄 PAI.B - Comprimento: 162.0 -> 162.0
2026-03-28 09:18:17 | debug_robo_cima | WARNING | ⚠️ Pilar especial INATIVO (sem globais no gerador) - retornando valor original: -51
2026-03-28 09:18:17 | debug_robo_cima | WARNING | ⚠️ Pilar especial INATIVO (sem globais no gerador) - retornando valor original: 70
2026-03-28 09:18:17 | debug_robo_cima | WARNING | ⚠️ Pilar especial INATIVO (sem globais no gerador) - retornando valor original: 162.0
2026-03-28 09:18:17 | debug_robo_cima | INFO | ℹ️ [REFERENCIA-DINAMICA] Parede esquerda PAI.A FINAL REAL registrada: -51
2026-03-28 09:18:17 | debug_robo_cima | WARNING | ⚠️ Pilar especial INATIVO (sem globais no gerador) - retornando valor original: -71
2026-03-28 09:18:17 | debug_robo_cima | WARNING | ⚠️ Pilar especial INATIVO (sem globais no gerador) - retornando valor original: 202.0
2026-03-28 09:18:17 | debug_robo_cima | INFO | ℹ️ 🔧 METAL A - posX=-71, posY=61.0, comp=202.0, endX=131.0, largura=7
2026-03-28 09:18:17 | debug_robo_cima | WARNING | ⚠️ Pilar especial INATIVO (sem globais no gerador) - retornando valor original: -71
2026-03-28 09:18:17 | debug_robo_cima | WARNING | ⚠️ Pilar especial INATIVO (sem globais no gerador) - retornando valor original: 202.0
2026-03-28 09:18:17 | debug_robo_cima | INFO | ℹ️ 🔧 METAL B - posX=-71, posY=109.0, comp=202.0, endX=131.0, largura=7
2026-03-28 09:18:17 | debug_robo_cima | INFO | ℹ️ DEBUG: Valores lidos Grade A - grade1=80.0, grade2=80.0, grade3=0.0, dist1=2.0, dist2=0.0
2026-03-28 09:18:17 | debug_robo_cima | INFO | ℹ️ DEBUG: Condição Grade A - grade1 > 0: True, grade2 > 0: True, grade3 > 0: False
2026-03-28 09:18:17 | debug_robo_cima | INFO | ℹ️ DEBUG: Condição Grade A - grade1 > 0 or grade2 > 0 or grade3 > 0: True
2026-03-28 09:18:17 | debug_robo_cima | INFO | ℹ️ GRA.A usando valores específicos: comprimentos=[80.0, 80.0, 0.0], espacos=[2.0, 0.0]
2026-03-28 09:18:17 | debug_robo_cima | INFO | 
----------------------------------------
2026-03-28 09:18:17 | debug_robo_cima | INFO | 📌 VERIFICAÇÃO DE PILAR ESPECIAL ATIVO
2026-03-28 09:18:17 | debug_robo_cima | INFO | ----------------------------------------
2026-03-28 09:18:17 | debug_robo_cima | INFO | ℹ️ 🔄 Verificando se pilar especial está ativo...
2026-03-28 09:18:17 | debug_robo_cima | INFO | ℹ️ 🔄 Status do checkbox pilar_rotacionado_var: False
2026-03-28 09:18:17 | debug_robo_cima | INFO | ℹ️ 🔄 Status do checkbox pilar_especial_ativo_var: False
2026-03-28 09:18:17 | debug_robo_cima | INFO | ℹ️ Pilar especial INATIVO - pilar_rotacionado: False, pilar_especial: False, globais: False, tipo: ''
2026-03-28 09:18:17 | debug_robo_cima | INFO | 
----------------------------------------
2026-03-28 09:18:17 | debug_robo_cima | INFO | 📌 VERIFICAÇÃO DE PILAR ESPECIAL ATIVO
2026-03-28 09:18:17 | debug_robo_cima | INFO | ----------------------------------------
2026-03-28 09:18:17 | debug_robo_cima | INFO | ℹ️ 🔄 Verificando se pilar especial está ativo...
2026-03-28 09:18:17 | debug_robo_cima | INFO | ℹ️ 🔄 Status do checkbox pilar_rotacionado_var: False
2026-03-28 09:18:17 | debug_robo_cima | INFO | ℹ️ 🔄 Status do checkbox pilar_especial_ativo_var: False
2026-03-28 09:18:17 | debug_robo_cima | INFO | ℹ️ Pilar especial INATIVO - pilar_rotacionado: False, pilar_especial: False, globais: False, tipo: ''
2026-03-28 09:18:17 | debug_robo_cima | INFO | ℹ️ DEBUG: Valores lidos Grade B - grade1_grupo2=0.0, grade2_grupo2=80.0, grade3_grupo2=80.0, dist1_grupo2=0.0, dist2_grupo2=2.0
2026-03-28 09:18:17 | debug_robo_cima | INFO | ℹ️ DEBUG: Condição Grade B - grade1_grupo2 > 0: False, grade2_grupo2 > 0: True, grade3_grupo2 > 0: True
2026-03-28 09:18:17 | debug_robo_cima | INFO | ℹ️ DEBUG: Condição Grade B - grade1_grupo2 > 0 or grade2_grupo2 > 0 or grade3_grupo2 > 0: True
2026-03-28 09:18:17 | debug_robo_cima | INFO | ℹ️ GRA.B usando valores específicos: comprimentos=[0.0, 80.0, 80.0], espacos=[0.0, 2.0]
2026-03-28 09:18:17 | debug_robo_cima | INFO | 
----------------------------------------
2026-03-28 09:18:17 | debug_robo_cima | INFO | 📌 VERIFICAÇÃO DE PILAR ESPECIAL ATIVO
2026-03-28 09:18:17 | debug_robo_cima | INFO | ----------------------------------------
2026-03-28 09:18:17 | debug_robo_cima | INFO | ℹ️ 🔄 Verificando se pilar especial está ativo...
2026-03-28 09:18:17 | debug_robo_cima | INFO | ℹ️ 🔄 Status do checkbox pilar_rotacionado_var: False
2026-03-28 09:18:17 | debug_robo_cima | INFO | ℹ️ 🔄 Status do checkbox pilar_especial_ativo_var: False
2026-03-28 09:18:17 | debug_robo_cima | INFO | ℹ️ Pilar especial INATIVO - pilar_rotacionado: False, pilar_especial: False, globais: False, tipo: ''
2026-03-28 09:18:17 | debug_robo_cima | INFO | 
----------------------------------------
2026-03-28 09:18:17 | debug_robo_cima | INFO | 📌 VERIFICAÇÃO DE PILAR ESPECIAL ATIVO
2026-03-28 09:18:17 | debug_robo_cima | INFO | ----------------------------------------
2026-03-28 09:18:17 | debug_robo_cima | INFO | ℹ️ 🔄 Verificando se pilar especial está ativo...
2026-03-28 09:18:17 | debug_robo_cima | INFO | ℹ️ 🔄 Status do checkbox pilar_rotacionado_var: False
2026-03-28 09:18:17 | debug_robo_cima | INFO | ℹ️ 🔄 Status do checkbox pilar_especial_ativo_var: False
2026-03-28 09:18:17 | debug_robo_cima | INFO | ℹ️ Pilar especial INATIVO - pilar_rotacionado: False, pilar_especial: False, globais: False, tipo: ''
2026-03-28 09:18:17 | debug_robo_cima | WARNING | ⚠️ Pilar especial INATIVO (sem globais no gerador) - retornando valor original: -52
2026-03-28 09:18:17 | debug_robo_cima | INFO | 
----------------------------------------
2026-03-28 09:18:17 | debug_robo_cima | INFO | 📌 VERIFICAÇÃO DE PILAR ESPECIAL ATIVO
2026-03-28 09:18:17 | debug_robo_cima | INFO | ----------------------------------------
2026-03-28 09:18:17 | debug_robo_cima | INFO | ℹ️ 🔄 Verificando se pilar especial está ativo...
2026-03-28 09:18:17 | debug_robo_cima | INFO | ℹ️ 🔄 Status do checkbox pilar_rotacionado_var: False
2026-03-28 09:18:17 | debug_robo_cima | INFO | ℹ️ 🔄 Status do checkbox pilar_especial_ativo_var: False
2026-03-28 09:18:17 | debug_robo_cima | INFO | ℹ️ Pilar especial INATIVO - pilar_rotacionado: False, pilar_especial: False, globais: False, tipo: ''
2026-03-28 09:18:17 | debug_robo_cima | INFO | 
----------------------------------------
2026-03-28 09:18:17 | debug_robo_cima | INFO | 📌 DECISÃO DE COMANDO SCALE/ROTATE
2026-03-28 09:18:17 | debug_robo_cima | INFO | ----------------------------------------
2026-03-28 09:18:17 | debug_robo_cima | INFO | ℹ️ 🔄 Verificando qual comando usar (SCALE ou ROTATE)...
2026-03-28 09:18:17 | debug_robo_cima | INFO | ℹ️ 🔄 Status pilar_rotacionado = False, usar_scale = True
2026-03-28 09:18:17 | debug_robo_cima | INFO | ℹ️ ✅ Usando _SCALE
2026-03-28 09:18:17 | debug_robo_cima | INFO | ℹ️ 🔄 Verificando se é pilar especial: False
2026-03-28 09:18:17 | debug_robo_cima | INFO | ℹ️ ✅ Pilar normal - usando valores padrão no _SCALE
2026-03-28 09:18:17 | debug_robo_cima | INFO | ℹ️ ✅ Script gerado com sucesso!
2026-03-28 09:18:17 | debug_robo_cima | INFO | 🔄 Script gerado: Tamanho: 4448 caracteres
2026-03-28 09:18:17 | debug_robo_cima | INFO | 
============================================================
2026-03-28 09:18:17 | debug_robo_cima | INFO | 📋 FIM DA GERAÇÃO DE SCRIPT CIMA
2026-03-28 09:18:17 | debug_robo_cima | INFO | ============================================================
2026-03-28 09:18:19 | debug_robo_cima | INFO | ℹ️ 🔄 Instância do GeradorPilar registrada globalmente
2026-03-28 09:18:19 | debug_robo_cima | INFO | ℹ️ 🔄 Globais do pilar especial inicializadas
2026-03-28 09:18:19 | debug_robo_cima | INFO | 
----------------------------------------
2026-03-28 09:18:19 | debug_robo_cima | INFO | 📌 VERIFICAÇÃO DE PILAR ESPECIAL ATIVO
2026-03-28 09:18:19 | debug_robo_cima | INFO | ----------------------------------------
2026-03-28 09:18:19 | debug_robo_cima | INFO | ℹ️ 🔄 Verificando se pilar especial está ativo...
2026-03-28 09:18:19 | debug_robo_cima | INFO | ℹ️ 🔄 Status do checkbox pilar_rotacionado_var: False
2026-03-28 09:18:19 | debug_robo_cima | INFO | ℹ️ 🔄 Status do checkbox pilar_especial_ativo_var: False
2026-03-28 09:18:19 | debug_robo_cima | INFO | ℹ️ Pilar especial INATIVO - pilar_rotacionado: False, pilar_especial: False, globais: False, tipo: ''
2026-03-28 09:18:19 | debug_robo_cima | INFO | 
----------------------------------------
2026-03-28 09:18:19 | debug_robo_cima | INFO | 📌 VERIFICAÇÃO DE PILAR ESPECIAL ATIVO
2026-03-28 09:18:19 | debug_robo_cima | INFO | ----------------------------------------
2026-03-28 09:18:19 | debug_robo_cima | INFO | ℹ️ 🔄 Verificando se pilar especial está ativo...
2026-03-28 09:18:19 | debug_robo_cima | INFO | ℹ️ 🔄 Status do checkbox pilar_rotacionado_var: False
2026-03-28 09:18:19 | debug_robo_cima | INFO | ℹ️ 🔄 Status do checkbox pilar_especial_ativo_var: False
2026-03-28 09:18:19 | debug_robo_cima | INFO | ℹ️ Pilar especial INATIVO - pilar_rotacionado: False, pilar_especial: False, globais: False, tipo: ''
2026-03-28 09:18:19 | debug_robo_cima | INFO | 
----------------------------------------
2026-03-28 09:18:19 | debug_robo_cima | INFO | 📌 VERIFICAÇÃO DE PILAR ESPECIAL ATIVO
2026-03-28 09:18:19 | debug_robo_cima | INFO | ----------------------------------------
2026-03-28 09:18:19 | debug_robo_cima | INFO | ℹ️ 🔄 Verificando se pilar especial está ativo...
2026-03-28 09:18:19 | debug_robo_cima | INFO | ℹ️ 🔄 Status do checkbox pilar_rotacionado_var: False
2026-03-28 09:18:19 | debug_robo_cima | INFO | ℹ️ 🔄 Status do checkbox pilar_especial_ativo_var: False
2026-03-28 09:18:19 | debug_robo_cima | INFO | ℹ️ Pilar especial INATIVO - pilar_rotacionado: False, pilar_especial: False, globais: False, tipo: ''
2026-03-28 09:18:19 | debug_robo_cima | INFO | 
----------------------------------------
2026-03-28 09:18:19 | debug_robo_cima | INFO | 📌 VERIFICAÇÃO DE PILAR ESPECIAL ATIVO
2026-03-28 09:18:19 | debug_robo_cima | INFO | ----------------------------------------
2026-03-28 09:18:19 | debug_robo_cima | INFO | ℹ️ 🔄 Verificando se pilar especial está ativo...
2026-03-28 09:18:19 | debug_robo_cima | INFO | ℹ️ 🔄 Status do checkbox pilar_rotacionado_var: False
2026-03-28 09:18:19 | debug_robo_cima | INFO | ℹ️ 🔄 Status do checkbox pilar_especial_ativo_var: False
2026-03-28 09:18:19 | debug_robo_cima | INFO | ℹ️ Pilar especial INATIVO - pilar_rotacionado: False, pilar_especial: False, globais: False, tipo: ''
2026-03-28 09:18:19 | debug_robo_cima | INFO | 
----------------------------------------
2026-03-28 09:18:19 | debug_robo_cima | INFO | 📌 VERIFICAÇÃO DE PILAR ESPECIAL ATIVO
2026-03-28 09:18:19 | debug_robo_cima | INFO | ----------------------------------------
2026-03-28 09:18:19 | debug_robo_cima | INFO | ℹ️ 🔄 Verificando se pilar especial está ativo...
2026-03-28 09:18:19 | debug_robo_cima | INFO | ℹ️ 🔄 Status do checkbox pilar_rotacionado_var: False
2026-03-28 09:18:19 | debug_robo_cima | INFO | ℹ️ 🔄 Status do checkbox pilar_especial_ativo_var: False
2026-03-28 09:18:19 | debug_robo_cima | INFO | ℹ️ Pilar especial INATIVO - pilar_rotacionado: False, pilar_especial: False, globais: False, tipo: ''
2026-03-28 09:18:19 | debug_robo_cima | INFO | 
----------------------------------------
2026-03-28 09:18:19 | debug_robo_cima | INFO | 📌 VERIFICAÇÃO DE PILAR ESPECIAL ATIVO
2026-03-28 09:18:19 | debug_robo_cima | INFO | ----------------------------------------
2026-03-28 09:18:19 | debug_robo_cima | INFO | ℹ️ 🔄 Verificando se pilar especial está ativo...
2026-03-28 09:18:19 | debug_robo_cima | INFO | ℹ️ 🔄 Status do checkbox pilar_rotacionado_var: False
2026-03-28 09:18:19 | debug_robo_cima | INFO | ℹ️ 🔄 Status do checkbox pilar_especial_ativo_var: False
2026-03-28 09:18:19 | debug_robo_cima | INFO | ℹ️ Pilar especial INATIVO - pilar_rotacionado: False, pilar_especial: False, globais: False, tipo: ''
2026-03-28 09:18:19 | debug_robo_cima | INFO | 
----------------------------------------
2026-03-28 09:18:19 | debug_robo_cima | INFO | 📌 VERIFICAÇÃO DE PILAR ESPECIAL ATIVO
2026-03-28 09:18:19 | debug_robo_cima | INFO | ----------------------------------------
2026-03-28 09:18:19 | debug_robo_cima | INFO | ℹ️ 🔄 Verificando se pilar especial está ativo...
2026-03-28 09:18:19 | debug_robo_cima | INFO | ℹ️ 🔄 Status do checkbox pilar_rotacionado_var: False
2026-03-28 09:18:19 | debug_robo_cima | INFO | ℹ️ 🔄 Status do checkbox pilar_especial_ativo_var: False
2026-03-28 09:18:19 | debug_robo_cima | INFO | ℹ️ Pilar especial INATIVO - pilar_rotacionado: False, pilar_especial: False, globais: False, tipo: ''
2026-03-28 09:18:19 | debug_robo_cima | INFO | 
----------------------------------------
2026-03-28 09:18:19 | debug_robo_cima | INFO | 📌 VERIFICAÇÃO DE PILAR ESPECIAL ATIVO
2026-03-28 09:18:19 | debug_robo_cima | INFO | ----------------------------------------
2026-03-28 09:18:19 | debug_robo_cima | INFO | ℹ️ 🔄 Verificando se pilar especial está ativo...
2026-03-28 09:18:19 | debug_robo_cima | INFO | ℹ️ 🔄 Status do checkbox pilar_rotacionado_var: False
2026-03-28 09:18:19 | debug_robo_cima | INFO | ℹ️ 🔄 Status do checkbox pilar_especial_ativo_var: False
2026-03-28 09:18:19 | debug_robo_cima | INFO | ℹ️ Pilar especial INATIVO - pilar_rotacionado: False, pilar_especial: False, globais: False, tipo: ''
2026-03-28 09:18:19 | debug_robo_cima | INFO | 
----------------------------------------
2026-03-28 09:18:19 | debug_robo_cima | INFO | 📌 VERIFICAÇÃO DE PILAR ESPECIAL ATIVO
2026-03-28 09:18:19 | debug_robo_cima | INFO | ----------------------------------------
2026-03-28 09:18:19 | debug_robo_cima | INFO | ℹ️ 🔄 Verificando se pilar especial está ativo...
2026-03-28 09:18:19 | debug_robo_cima | INFO | ℹ️ 🔄 Status do checkbox pilar_rotacionado_var: False
2026-03-28 09:18:19 | debug_robo_cima | INFO | ℹ️ 🔄 Status do checkbox pilar_especial_ativo_var: False
2026-03-28 09:18:19 | debug_robo_cima | INFO | ℹ️ Pilar especial INATIVO - pilar_rotacionado: False, pilar_especial: False, globais: False, tipo: ''
2026-03-28 09:18:19 | debug_robo_cima | INFO | 
----------------------------------------
2026-03-28 09:18:19 | debug_robo_cima | INFO | 📌 VERIFICAÇÃO DE PILAR ESPECIAL ATIVO
2026-03-28 09:18:19 | debug_robo_cima | INFO | ----------------------------------------
2026-03-28 09:18:19 | debug_robo_cima | INFO | ℹ️ 🔄 Verificando se pilar especial está ativo...
2026-03-28 09:18:19 | debug_robo_cima | INFO | ℹ️ 🔄 Status do checkbox pilar_rotacionado_var: False
2026-03-28 09:18:19 | debug_robo_cima | INFO | ℹ️ 🔄 Status do checkbox pilar_especial_ativo_var: False
2026-03-28 09:18:19 | debug_robo_cima | INFO | ℹ️ Pilar especial INATIVO - pilar_rotacionado: False, pilar_especial: False, globais: False, tipo: ''
2026-03-28 09:18:19 | debug_robo_cima | INFO | 
----------------------------------------
2026-03-28 09:18:19 | debug_robo_cima | INFO | 📌 VERIFICAÇÃO DE PILAR ESPECIAL ATIVO
2026-03-28 09:18:19 | debug_robo_cima | INFO | ----------------------------------------
2026-03-28 09:18:19 | debug_robo_cima | INFO | ℹ️ 🔄 Verificando se pilar especial está ativo...
2026-03-28 09:18:19 | debug_robo_cima | INFO | ℹ️ 🔄 Status do checkbox pilar_rotacionado_var: False
2026-03-28 09:18:19 | debug_robo_cima | INFO | ℹ️ 🔄 Status do checkbox pilar_especial_ativo_var: False
2026-03-28 09:18:19 | debug_robo_cima | INFO | ℹ️ Pilar especial INATIVO - pilar_rotacionado: False, pilar_especial: False, globais: False, tipo: ''
2026-03-28 09:18:19 | debug_robo_cima | INFO | 
----------------------------------------
2026-03-28 09:18:19 | debug_robo_cima | INFO | 📌 VERIFICAÇÃO DE PILAR ESPECIAL ATIVO
2026-03-28 09:18:19 | debug_robo_cima | INFO | ----------------------------------------
2026-03-28 09:18:19 | debug_robo_cima | INFO | ℹ️ 🔄 Verificando se pilar especial está ativo...
2026-03-28 09:18:19 | debug_robo_cima | INFO | ℹ️ 🔄 Status do checkbox pilar_rotacionado_var: False
2026-03-28 09:18:19 | debug_robo_cima | INFO | ℹ️ 🔄 Status do checkbox pilar_especial_ativo_var: False
2026-03-28 09:18:19 | debug_robo_cima | INFO | ℹ️ Pilar especial INATIVO - pilar_rotacionado: False, pilar_especial: False, globais: False, tipo: ''
2026-03-28 09:18:19 | debug_robo_cima | INFO | 
----------------------------------------
2026-03-28 09:18:19 | debug_robo_cima | INFO | 📌 VERIFICAÇÃO DE PILAR ESPECIAL ATIVO
2026-03-28 09:18:19 | debug_robo_cima | INFO | ----------------------------------------
2026-03-28 09:18:19 | debug_robo_cima | INFO | ℹ️ 🔄 Verificando se pilar especial está ativo...
2026-03-28 09:18:19 | debug_robo_cima | INFO | ℹ️ 🔄 Status do checkbox pilar_rotacionado_var: False
2026-03-28 09:18:19 | debug_robo_cima | INFO | ℹ️ 🔄 Status do checkbox pilar_especial_ativo_var: False
2026-03-28 09:18:19 | debug_robo_cima | INFO | ℹ️ Pilar especial INATIVO - pilar_rotacionado: False, pilar_especial: False, globais: False, tipo: ''
2026-03-28 09:18:19 | debug_robo_cima | INFO | 
----------------------------------------
2026-03-28 09:18:19 | debug_robo_cima | INFO | 📌 VERIFICAÇÃO DE PILAR ESPECIAL ATIVO
2026-03-28 09:18:19 | debug_robo_cima | INFO | ----------------------------------------
2026-03-28 09:18:19 | debug_robo_cima | INFO | ℹ️ 🔄 Verificando se pilar especial está ativo...
2026-03-28 09:18:19 | debug_robo_cima | INFO | ℹ️ 🔄 Status do checkbox pilar_rotacionado_var: False
2026-03-28 09:18:19 | debug_robo_cima | INFO | ℹ️ 🔄 Status do checkbox pilar_especial_ativo_var: False
2026-03-28 09:18:19 | debug_robo_cima | INFO | ℹ️ Pilar especial INATIVO - pilar_rotacionado: False, pilar_especial: False, globais: False, tipo: ''
2026-03-28 09:18:19 | debug_robo_cima | INFO | 
----------------------------------------
2026-03-28 09:18:19 | debug_robo_cima | INFO | 📌 VERIFICAÇÃO DE PILAR ESPECIAL ATIVO
2026-03-28 09:18:19 | debug_robo_cima | INFO | ----------------------------------------
2026-03-28 09:18:19 | debug_robo_cima | INFO | ℹ️ 🔄 Verificando se pilar especial está ativo...
2026-03-28 09:18:19 | debug_robo_cima | INFO | ℹ️ 🔄 Status do checkbox pilar_rotacionado_var: False
2026-03-28 09:18:19 | debug_robo_cima | INFO | ℹ️ 🔄 Status do checkbox pilar_especial_ativo_var: False
2026-03-28 09:18:19 | debug_robo_cima | INFO | ℹ️ Pilar especial INATIVO - pilar_rotacionado: False, pilar_especial: False, globais: False, tipo: ''
2026-03-28 09:18:19 | debug_robo_cima | INFO | 
----------------------------------------
2026-03-28 09:18:19 | debug_robo_cima | INFO | 📌 VERIFICAÇÃO DE PILAR ESPECIAL ATIVO
2026-03-28 09:18:19 | debug_robo_cima | INFO | ----------------------------------------
2026-03-28 09:18:19 | debug_robo_cima | INFO | ℹ️ 🔄 Verificando se pilar especial está ativo...
2026-03-28 09:18:19 | debug_robo_cima | INFO | ℹ️ 🔄 Status do checkbox pilar_rotacionado_var: False
2026-03-28 09:18:19 | debug_robo_cima | INFO | ℹ️ 🔄 Status do checkbox pilar_especial_ativo_var: False
2026-03-28 09:18:19 | debug_robo_cima | INFO | ℹ️ Pilar especial INATIVO - pilar_rotacionado: False, pilar_especial: False, globais: False, tipo: ''
2026-03-28 09:18:20 | debug_robo_cima | INFO | 
----------------------------------------
2026-03-28 09:18:20 | debug_robo_cima | INFO | 📌 VERIFICAÇÃO DE PILAR ESPECIAL ATIVO
2026-03-28 09:18:20 | debug_robo_cima | INFO | ----------------------------------------
2026-03-28 09:18:20 | debug_robo_cima | INFO | ℹ️ 🔄 Verificando se pilar especial está ativo...
2026-03-28 09:18:20 | debug_robo_cima | INFO | ℹ️ 🔄 Status do checkbox pilar_rotacionado_var: False
2026-03-28 09:18:20 | debug_robo_cima | INFO | ℹ️ 🔄 Status do checkbox pilar_especial_ativo_var: False
2026-03-28 09:18:20 | debug_robo_cima | INFO | ℹ️ Pilar especial INATIVO - pilar_rotacionado: False, pilar_especial: False, globais: False, tipo: ''
2026-03-28 09:18:20 | debug_robo_cima | INFO | 
----------------------------------------
2026-03-28 09:18:20 | debug_robo_cima | INFO | 📌 VERIFICAÇÃO DE PILAR ESPECIAL ATIVO
2026-03-28 09:18:20 | debug_robo_cima | INFO | ----------------------------------------
2026-03-28 09:18:20 | debug_robo_cima | INFO | ℹ️ 🔄 Verificando se pilar especial está ativo...
2026-03-28 09:18:20 | debug_robo_cima | INFO | ℹ️ 🔄 Status do checkbox pilar_rotacionado_var: False
2026-03-28 09:18:20 | debug_robo_cima | INFO | ℹ️ 🔄 Status do checkbox pilar_especial_ativo_var: False
2026-03-28 09:18:20 | debug_robo_cima | INFO | ℹ️ Pilar especial INATIVO - pilar_rotacionado: False, pilar_especial: False, globais: False, tipo: ''
2026-03-28 09:18:20 | debug_robo_cima | INFO | 
----------------------------------------
2026-03-28 09:18:20 | debug_robo_cima | INFO | 📌 VERIFICAÇÃO DE PILAR ESPECIAL ATIVO
2026-03-28 09:18:20 | debug_robo_cima | INFO | ----------------------------------------
2026-03-28 09:18:20 | debug_robo_cima | INFO | ℹ️ 🔄 Verificando se pilar especial está ativo...
2026-03-28 09:18:20 | debug_robo_cima | INFO | ℹ️ 🔄 Status do checkbox pilar_rotacionado_var: False
2026-03-28 09:18:20 | debug_robo_cima | INFO | ℹ️ 🔄 Status do checkbox pilar_especial_ativo_var: False
2026-03-28 09:18:20 | debug_robo_cima | INFO | ℹ️ Pilar especial INATIVO - pilar_rotacionado: False, pilar_especial: False, globais: False, tipo: ''
2026-03-28 09:18:20 | debug_robo_cima | INFO | 
----------------------------------------
2026-03-28 09:18:20 | debug_robo_cima | INFO | 📌 VERIFICAÇÃO DE PILAR ESPECIAL ATIVO
2026-03-28 09:18:20 | debug_robo_cima | INFO | ----------------------------------------
2026-03-28 09:18:20 | debug_robo_cima | INFO | ℹ️ 🔄 Verificando se pilar especial está ativo...
2026-03-28 09:18:20 | debug_robo_cima | INFO | ℹ️ 🔄 Status do checkbox pilar_rotacionado_var: False
2026-03-28 09:18:20 | debug_robo_cima | INFO | ℹ️ 🔄 Status do checkbox pilar_especial_ativo_var: False
2026-03-28 09:18:20 | debug_robo_cima | INFO | ℹ️ Pilar especial INATIVO - pilar_rotacionado: False, pilar_especial: False, globais: False, tipo: ''
2026-03-28 09:18:20 | debug_robo_cima | INFO | 
----------------------------------------
2026-03-28 09:18:20 | debug_robo_cima | INFO | 📌 VERIFICAÇÃO DE PILAR ESPECIAL ATIVO
2026-03-28 09:18:20 | debug_robo_cima | INFO | ----------------------------------------
2026-03-28 09:18:20 | debug_robo_cima | INFO | ℹ️ 🔄 Verificando se pilar especial está ativo...
2026-03-28 09:18:20 | debug_robo_cima | INFO | ℹ️ 🔄 Status do checkbox pilar_rotacionado_var: False
2026-03-28 09:18:20 | debug_robo_cima | INFO | ℹ️ 🔄 Status do checkbox pilar_especial_ativo_var: False
2026-03-28 09:18:20 | debug_robo_cima | INFO | ℹ️ Pilar especial INATIVO - pilar_rotacionado: False, pilar_especial: False, globais: False, tipo: ''
2026-03-28 09:18:20 | debug_robo_cima | INFO | 
----------------------------------------
2026-03-28 09:18:20 | debug_robo_cima | INFO | 📌 VERIFICAÇÃO DE PILAR ESPECIAL ATIVO
2026-03-28 09:18:20 | debug_robo_cima | INFO | ----------------------------------------
2026-03-28 09:18:20 | debug_robo_cima | INFO | ℹ️ 🔄 Verificando se pilar especial está ativo...
2026-03-28 09:18:20 | debug_robo_cima | INFO | ℹ️ 🔄 Status do checkbox pilar_rotacionado_var: False
2026-03-28 09:18:20 | debug_robo_cima | INFO | ℹ️ 🔄 Status do checkbox pilar_especial_ativo_var: False
2026-03-28 09:18:20 | debug_robo_cima | INFO | ℹ️ Pilar especial INATIVO - pilar_rotacionado: False, pilar_especial: False, globais: False, tipo: ''
2026-03-28 09:18:20 | debug_robo_cima | INFO | 
----------------------------------------
2026-03-28 09:18:20 | debug_robo_cima | INFO | 📌 VERIFICAÇÃO DE PILAR ESPECIAL ATIVO
2026-03-28 09:18:20 | debug_robo_cima | INFO | ----------------------------------------
2026-03-28 09:18:20 | debug_robo_cima | INFO | ℹ️ 🔄 Verificando se pilar especial está ativo...
2026-03-28 09:18:20 | debug_robo_cima | INFO | ℹ️ 🔄 Status do checkbox pilar_rotacionado_var: False
2026-03-28 09:18:20 | debug_robo_cima | INFO | ℹ️ 🔄 Status do checkbox pilar_especial_ativo_var: False
2026-03-28 09:18:20 | debug_robo_cima | INFO | ℹ️ Pilar especial INATIVO - pilar_rotacionado: False, pilar_especial: False, globais: False, tipo: ''
2026-03-28 09:18:20 | debug_robo_cima | INFO | 
----------------------------------------
2026-03-28 09:18:20 | debug_robo_cima | INFO | 📌 VERIFICAÇÃO DE PILAR ESPECIAL ATIVO
2026-03-28 09:18:20 | debug_robo_cima | INFO | ----------------------------------------
2026-03-28 09:18:20 | debug_robo_cima | INFO | ℹ️ 🔄 Verificando se pilar especial está ativo...
2026-03-28 09:18:20 | debug_robo_cima | INFO | ℹ️ 🔄 Status do checkbox pilar_rotacionado_var: False
2026-03-28 09:18:20 | debug_robo_cima | INFO | ℹ️ 🔄 Status do checkbox pilar_especial_ativo_var: False
2026-03-28 09:18:20 | debug_robo_cima | INFO | ℹ️ Pilar especial INATIVO - pilar_rotacionado: False, pilar_especial: False, globais: False, tipo: ''
2026-03-28 09:18:20 | debug_robo_cima | INFO | 
----------------------------------------
2026-03-28 09:18:20 | debug_robo_cima | INFO | 📌 VERIFICAÇÃO DE PILAR ESPECIAL ATIVO
2026-03-28 09:18:20 | debug_robo_cima | INFO | ----------------------------------------
2026-03-28 09:18:20 | debug_robo_cima | INFO | ℹ️ 🔄 Verificando se pilar especial está ativo...
2026-03-28 09:18:20 | debug_robo_cima | INFO | ℹ️ 🔄 Status do checkbox pilar_rotacionado_var: False
2026-03-28 09:18:20 | debug_robo_cima | INFO | ℹ️ 🔄 Status do checkbox pilar_especial_ativo_var: False
2026-03-28 09:18:20 | debug_robo_cima | INFO | ℹ️ Pilar especial INATIVO - pilar_rotacionado: False, pilar_especial: False, globais: False, tipo: ''
2026-03-28 09:18:20 | debug_robo_cima | INFO | 
----------------------------------------
2026-03-28 09:18:20 | debug_robo_cima | INFO | 📌 VERIFICAÇÃO DE PILAR ESPECIAL ATIVO
2026-03-28 09:18:20 | debug_robo_cima | INFO | ----------------------------------------
2026-03-28 09:18:20 | debug_robo_cima | INFO | ℹ️ 🔄 Verificando se pilar especial está ativo...
2026-03-28 09:18:20 | debug_robo_cima | INFO | ℹ️ 🔄 Status do checkbox pilar_rotacionado_var: False
2026-03-28 09:18:20 | debug_robo_cima | INFO | ℹ️ 🔄 Status do checkbox pilar_especial_ativo_var: False
2026-03-28 09:18:20 | debug_robo_cima | INFO | ℹ️ Pilar especial INATIVO - pilar_rotacionado: False, pilar_especial: False, globais: False, tipo: ''
2026-03-28 09:18:20 | debug_robo_cima | INFO | 
----------------------------------------
2026-03-28 09:18:20 | debug_robo_cima | INFO | 📌 VERIFICAÇÃO DE PILAR ESPECIAL ATIVO
2026-03-28 09:18:20 | debug_robo_cima | INFO | ----------------------------------------
2026-03-28 09:18:20 | debug_robo_cima | INFO | ℹ️ 🔄 Verificando se pilar especial está ativo...
2026-03-28 09:18:20 | debug_robo_cima | INFO | ℹ️ 🔄 Status do checkbox pilar_rotacionado_var: False
2026-03-28 09:18:20 | debug_robo_cima | INFO | ℹ️ 🔄 Status do checkbox pilar_especial_ativo_var: False
2026-03-28 09:18:20 | debug_robo_cima | INFO | ℹ️ Pilar especial INATIVO - pilar_rotacionado: False, pilar_especial: False, globais: False, tipo: ''
2026-03-28 09:18:20 | debug_robo_cima | INFO | 
----------------------------------------
2026-03-28 09:18:20 | debug_robo_cima | INFO | 📌 VERIFICAÇÃO DE PILAR ESPECIAL ATIVO
2026-03-28 09:18:20 | debug_robo_cima | INFO | ----------------------------------------
2026-03-28 09:18:20 | debug_robo_cima | INFO | ℹ️ 🔄 Verificando se pilar especial está ativo...
2026-03-28 09:18:20 | debug_robo_cima | INFO | ℹ️ 🔄 Status do checkbox pilar_rotacionado_var: False
2026-03-28 09:18:20 | debug_robo_cima | INFO | ℹ️ 🔄 Status do checkbox pilar_especial_ativo_var: False
2026-03-28 09:18:20 | debug_robo_cima | INFO | ℹ️ Pilar especial INATIVO - pilar_rotacionado: False, pilar_especial: False, globais: False, tipo: ''
2026-03-28 09:18:20 | debug_robo_cima | INFO | 
----------------------------------------
2026-03-28 09:18:20 | debug_robo_cima | INFO | 📌 VERIFICAÇÃO DE PILAR ESPECIAL ATIVO
2026-03-28 09:18:20 | debug_robo_cima | INFO | ----------------------------------------
2026-03-28 09:18:20 | debug_robo_cima | INFO | ℹ️ 🔄 Verificando se pilar especial está ativo...
2026-03-28 09:18:20 | debug_robo_cima | INFO | ℹ️ 🔄 Status do checkbox pilar_rotacionado_var: False
2026-03-28 09:18:20 | debug_robo_cima | INFO | ℹ️ 🔄 Status do checkbox pilar_especial_ativo_var: False
2026-03-28 09:18:20 | debug_robo_cima | INFO | ℹ️ Pilar especial INATIVO - pilar_rotacionado: False, pilar_especial: False, globais: False, tipo: ''
2026-03-28 09:18:20 | debug_robo_cima | INFO | 
----------------------------------------
2026-03-28 09:18:20 | debug_robo_cima | INFO | 📌 VERIFICAÇÃO DE PILAR ESPECIAL ATIVO
2026-03-28 09:18:20 | debug_robo_cima | INFO | ----------------------------------------
2026-03-28 09:18:20 | debug_robo_cima | INFO | ℹ️ 🔄 Verificando se pilar especial está ativo...
2026-03-28 09:18:20 | debug_robo_cima | INFO | ℹ️ 🔄 Status do checkbox pilar_rotacionado_var: False
2026-03-28 09:18:20 | debug_robo_cima | INFO | ℹ️ 🔄 Status do checkbox pilar_especial_ativo_var: False
2026-03-28 09:18:20 | debug_robo_cima | INFO | ℹ️ Pilar especial INATIVO - pilar_rotacionado: False, pilar_especial: False, globais: False, tipo: ''
2026-03-28 09:18:20 | debug_robo_cima | INFO | 
----------------------------------------
2026-03-28 09:18:20 | debug_robo_cima | INFO | 📌 VERIFICAÇÃO DE PILAR ESPECIAL ATIVO
2026-03-28 09:18:20 | debug_robo_cima | INFO | ----------------------------------------
2026-03-28 09:18:20 | debug_robo_cima | INFO | ℹ️ 🔄 Verificando se pilar especial está ativo...
2026-03-28 09:18:20 | debug_robo_cima | INFO | ℹ️ 🔄 Status do checkbox pilar_rotacionado_var: False
2026-03-28 09:18:20 | debug_robo_cima | INFO | ℹ️ 🔄 Status do checkbox pilar_especial_ativo_var: False
2026-03-28 09:18:20 | debug_robo_cima | INFO | ℹ️ Pilar especial INATIVO - pilar_rotacionado: False, pilar_especial: False, globais: False, tipo: ''
2026-03-28 09:18:20 | debug_robo_cima | INFO | 
----------------------------------------
2026-03-28 09:18:20 | debug_robo_cima | INFO | 📌 VERIFICAÇÃO DE PILAR ESPECIAL ATIVO
2026-03-28 09:18:20 | debug_robo_cima | INFO | ----------------------------------------
2026-03-28 09:18:20 | debug_robo_cima | INFO | ℹ️ 🔄 Verificando se pilar especial está ativo...
2026-03-28 09:18:20 | debug_robo_cima | INFO | ℹ️ 🔄 Status do checkbox pilar_rotacionado_var: False
2026-03-28 09:18:20 | debug_robo_cima | INFO | ℹ️ 🔄 Status do checkbox pilar_especial_ativo_var: False
2026-03-28 09:18:20 | debug_robo_cima | INFO | ℹ️ Pilar especial INATIVO - pilar_rotacionado: False, pilar_especial: False, globais: False, tipo: ''
2026-03-28 09:18:20 | debug_robo_cima | INFO | 
----------------------------------------
2026-03-28 09:18:20 | debug_robo_cima | INFO | 📌 VERIFICAÇÃO DE PILAR ESPECIAL ATIVO
2026-03-28 09:18:20 | debug_robo_cima | INFO | ----------------------------------------
2026-03-28 09:18:20 | debug_robo_cima | INFO | ℹ️ 🔄 Verificando se pilar especial está ativo...
2026-03-28 09:18:20 | debug_robo_cima | INFO | ℹ️ 🔄 Status do checkbox pilar_rotacionado_var: False
2026-03-28 09:18:20 | debug_robo_cima | INFO | ℹ️ 🔄 Status do checkbox pilar_especial_ativo_var: False
2026-03-28 09:18:20 | debug_robo_cima | INFO | ℹ️ Pilar especial INATIVO - pilar_rotacionado: False, pilar_especial: False, globais: False, tipo: ''
2026-03-28 09:18:20 | debug_robo_cima | INFO | 
----------------------------------------
2026-03-28 09:18:20 | debug_robo_cima | INFO | 📌 VERIFICAÇÃO DE PILAR ESPECIAL ATIVO
2026-03-28 09:18:20 | debug_robo_cima | INFO | ----------------------------------------
2026-03-28 09:18:20 | debug_robo_cima | INFO | ℹ️ 🔄 Verificando se pilar especial está ativo...
2026-03-28 09:18:20 | debug_robo_cima | INFO | ℹ️ 🔄 Status do checkbox pilar_rotacionado_var: False
2026-03-28 09:18:20 | debug_robo_cima | INFO | ℹ️ 🔄 Status do checkbox pilar_especial_ativo_var: False
2026-03-28 09:18:20 | debug_robo_cima | INFO | ℹ️ Pilar especial INATIVO - pilar_rotacionado: False, pilar_especial: False, globais: False, tipo: ''
2026-03-28 09:18:20 | debug_robo_cima | INFO | 
----------------------------------------
2026-03-28 09:18:20 | debug_robo_cima | INFO | 📌 VERIFICAÇÃO DE PILAR ESPECIAL ATIVO
2026-03-28 09:18:20 | debug_robo_cima | INFO | ----------------------------------------
2026-03-28 09:18:20 | debug_robo_cima | INFO | ℹ️ 🔄 Verificando se pilar especial está ativo...
2026-03-28 09:18:20 | debug_robo_cima | INFO | ℹ️ 🔄 Status do checkbox pilar_rotacionado_var: False
2026-03-28 09:18:20 | debug_robo_cima | INFO | ℹ️ 🔄 Status do checkbox pilar_especial_ativo_var: False
2026-03-28 09:18:20 | debug_robo_cima | INFO | ℹ️ Pilar especial INATIVO - pilar_rotacionado: False, pilar_especial: False, globais: False, tipo: ''
2026-03-28 09:18:20 | debug_robo_cima | INFO | 
----------------------------------------
2026-03-28 09:18:20 | debug_robo_cima | INFO | 📌 VERIFICAÇÃO DE PILAR ESPECIAL ATIVO
2026-03-28 09:18:20 | debug_robo_cima | INFO | ----------------------------------------
2026-03-28 09:18:20 | debug_robo_cima | INFO | ℹ️ 🔄 Verificando se pilar especial está ativo...
2026-03-28 09:18:20 | debug_robo_cima | INFO | ℹ️ 🔄 Status do checkbox pilar_rotacionado_var: False
2026-03-28 09:18:20 | debug_robo_cima | INFO | ℹ️ 🔄 Status do checkbox pilar_especial_ativo_var: False
2026-03-28 09:18:20 | debug_robo_cima | INFO | ℹ️ Pilar especial INATIVO - pilar_rotacionado: False, pilar_especial: False, globais: False, tipo: ''
2026-03-28 09:18:20 | debug_robo_cima | INFO | 
----------------------------------------
2026-03-28 09:18:20 | debug_robo_cima | INFO | 📌 VERIFICAÇÃO DE PILAR ESPECIAL ATIVO
2026-03-28 09:18:20 | debug_robo_cima | INFO | ----------------------------------------
2026-03-28 09:18:20 | debug_robo_cima | INFO | ℹ️ 🔄 Verificando se pilar especial está ativo...
2026-03-28 09:18:20 | debug_robo_cima | INFO | ℹ️ 🔄 Status do checkbox pilar_rotacionado_var: False
2026-03-28 09:18:20 | debug_robo_cima | INFO | ℹ️ 🔄 Status do checkbox pilar_especial_ativo_var: False
2026-03-28 09:18:20 | debug_robo_cima | INFO | ℹ️ Pilar especial INATIVO - pilar_rotacionado: False, pilar_especial: False, globais: False, tipo: ''
2026-03-28 09:18:20 | debug_robo_cima | INFO | 
----------------------------------------
2026-03-28 09:18:20 | debug_robo_cima | INFO | 📌 VERIFICAÇÃO DE PILAR ESPECIAL ATIVO
2026-03-28 09:18:20 | debug_robo_cima | INFO | ----------------------------------------
2026-03-28 09:18:20 | debug_robo_cima | INFO | ℹ️ 🔄 Verificando se pilar especial está ativo...
2026-03-28 09:18:20 | debug_robo_cima | INFO | ℹ️ 🔄 Status do checkbox pilar_rotacionado_var: False
2026-03-28 09:18:20 | debug_robo_cima | INFO | ℹ️ 🔄 Status do checkbox pilar_especial_ativo_var: False
2026-03-28 09:18:20 | debug_robo_cima | INFO | ℹ️ Pilar especial INATIVO - pilar_rotacionado: False, pilar_especial: False, globais: False, tipo: ''
2026-03-28 09:18:20 | debug_robo_cima | INFO | 
----------------------------------------
2026-03-28 09:18:20 | debug_robo_cima | INFO | 📌 VERIFICAÇÃO DE PILAR ESPECIAL ATIVO
2026-03-28 09:18:20 | debug_robo_cima | INFO | ----------------------------------------
2026-03-28 09:18:20 | debug_robo_cima | INFO | ℹ️ 🔄 Verificando se pilar especial está ativo...
2026-03-28 09:18:20 | debug_robo_cima | INFO | ℹ️ 🔄 Status do checkbox pilar_rotacionado_var: False
2026-03-28 09:18:20 | debug_robo_cima | INFO | ℹ️ 🔄 Status do checkbox pilar_especial_ativo_var: False
2026-03-28 09:18:20 | debug_robo_cima | INFO | ℹ️ Pilar especial INATIVO - pilar_rotacionado: False, pilar_especial: False, globais: False, tipo: ''
2026-03-28 09:18:20 | debug_robo_cima | INFO | 
----------------------------------------
2026-03-28 09:18:20 | debug_robo_cima | INFO | 📌 VERIFICAÇÃO DE PILAR ESPECIAL ATIVO
2026-03-28 09:18:20 | debug_robo_cima | INFO | ----------------------------------------
2026-03-28 09:18:20 | debug_robo_cima | INFO | ℹ️ 🔄 Verificando se pilar especial está ativo...
2026-03-28 09:18:20 | debug_robo_cima | INFO | ℹ️ 🔄 Status do checkbox pilar_rotacionado_var: False
2026-03-28 09:18:20 | debug_robo_cima | INFO | ℹ️ 🔄 Status do checkbox pilar_especial_ativo_var: False
2026-03-28 09:18:20 | debug_robo_cima | INFO | ℹ️ Pilar especial INATIVO - pilar_rotacionado: False, pilar_especial: False, globais: False, tipo: ''
2026-03-28 09:18:20 | debug_robo_cima | INFO | 
----------------------------------------
2026-03-28 09:18:20 | debug_robo_cima | INFO | 📌 VERIFICAÇÃO DE PILAR ESPECIAL ATIVO
2026-03-28 09:18:20 | debug_robo_cima | INFO | ----------------------------------------
2026-03-28 09:18:20 | debug_robo_cima | INFO | ℹ️ 🔄 Verificando se pilar especial está ativo...
2026-03-28 09:18:20 | debug_robo_cima | INFO | ℹ️ 🔄 Status do checkbox pilar_rotacionado_var: False
2026-03-28 09:18:20 | debug_robo_cima | INFO | ℹ️ 🔄 Status do checkbox pilar_especial_ativo_var: False
2026-03-28 09:18:20 | debug_robo_cima | INFO | ℹ️ Pilar especial INATIVO - pilar_rotacionado: False, pilar_especial: False, globais: False, tipo: ''
2026-03-28 09:18:20 | debug_robo_cima | INFO | 
----------------------------------------
2026-03-28 09:18:20 | debug_robo_cima | INFO | 📌 VERIFICAÇÃO DE PILAR ESPECIAL ATIVO
2026-03-28 09:18:20 | debug_robo_cima | INFO | ----------------------------------------
2026-03-28 09:18:20 | debug_robo_cima | INFO | ℹ️ 🔄 Verificando se pilar especial está ativo...
2026-03-28 09:18:20 | debug_robo_cima | INFO | ℹ️ 🔄 Status do checkbox pilar_rotacionado_var: False
2026-03-28 09:18:20 | debug_robo_cima | INFO | ℹ️ 🔄 Status do checkbox pilar_especial_ativo_var: False
2026-03-28 09:18:20 | debug_robo_cima | INFO | ℹ️ Pilar especial INATIVO - pilar_rotacionado: False, pilar_especial: False, globais: False, tipo: ''
2026-03-28 09:18:20 | debug_robo_cima | INFO | 
----------------------------------------
2026-03-28 09:18:20 | debug_robo_cima | INFO | 📌 VERIFICAÇÃO DE PILAR ESPECIAL ATIVO
2026-03-28 09:18:20 | debug_robo_cima | INFO | ----------------------------------------
2026-03-28 09:18:20 | debug_robo_cima | INFO | ℹ️ 🔄 Verificando se pilar especial está ativo...
2026-03-28 09:18:20 | debug_robo_cima | INFO | ℹ️ 🔄 Status do checkbox pilar_rotacionado_var: False
2026-03-28 09:18:20 | debug_robo_cima | INFO | ℹ️ 🔄 Status do checkbox pilar_especial_ativo_var: False
2026-03-28 09:18:20 | debug_robo_cima | INFO | ℹ️ Pilar especial INATIVO - pilar_rotacionado: False, pilar_especial: False, globais: False, tipo: ''
2026-03-28 09:18:20 | debug_robo_cima | INFO | 
----------------------------------------
2026-03-28 09:18:20 | debug_robo_cima | INFO | 📌 VERIFICAÇÃO DE PILAR ESPECIAL ATIVO
2026-03-28 09:18:20 | debug_robo_cima | INFO | ----------------------------------------
2026-03-28 09:18:20 | debug_robo_cima | INFO | ℹ️ 🔄 Verificando se pilar especial está ativo...
2026-03-28 09:18:20 | debug_robo_cima | INFO | ℹ️ 🔄 Status do checkbox pilar_rotacionado_var: False
2026-03-28 09:18:20 | debug_robo_cima | INFO | ℹ️ 🔄 Status do checkbox pilar_especial_ativo_var: False
2026-03-28 09:18:20 | debug_robo_cima | INFO | ℹ️ Pilar especial INATIVO - pilar_rotacionado: False, pilar_especial: False, globais: False, tipo: ''
2026-03-28 09:18:20 | debug_robo_cima | INFO | 
----------------------------------------
2026-03-28 09:18:20 | debug_robo_cima | INFO | 📌 VERIFICAÇÃO DE PILAR ESPECIAL ATIVO
2026-03-28 09:18:20 | debug_robo_cima | INFO | ----------------------------------------
2026-03-28 09:18:20 | debug_robo_cima | INFO | ℹ️ 🔄 Verificando se pilar especial está ativo...
2026-03-28 09:18:20 | debug_robo_cima | INFO | ℹ️ 🔄 Status do checkbox pilar_rotacionado_var: False
2026-03-28 09:18:20 | debug_robo_cima | INFO | ℹ️ 🔄 Status do checkbox pilar_especial_ativo_var: False
2026-03-28 09:18:20 | debug_robo_cima | INFO | ℹ️ Pilar especial INATIVO - pilar_rotacionado: False, pilar_especial: False, globais: False, tipo: ''
2026-03-28 09:18:20 | debug_robo_cima | INFO | 
----------------------------------------
2026-03-28 09:18:20 | debug_robo_cima | INFO | 📌 VERIFICAÇÃO DE PILAR ESPECIAL ATIVO
2026-03-28 09:18:20 | debug_robo_cima | INFO | ----------------------------------------
2026-03-28 09:18:20 | debug_robo_cima | INFO | ℹ️ 🔄 Verificando se pilar especial está ativo...
2026-03-28 09:18:20 | debug_robo_cima | INFO | ℹ️ 🔄 Status do checkbox pilar_rotacionado_var: False
2026-03-28 09:18:20 | debug_robo_cima | INFO | ℹ️ 🔄 Status do checkbox pilar_especial_ativo_var: False
2026-03-28 09:18:20 | debug_robo_cima | INFO | ℹ️ Pilar especial INATIVO - pilar_rotacionado: False, pilar_especial: False, globais: False, tipo: ''
2026-03-28 09:18:20 | debug_robo_cima | INFO | 
----------------------------------------
2026-03-28 09:18:20 | debug_robo_cima | INFO | 📌 VERIFICAÇÃO DE PILAR ESPECIAL ATIVO
2026-03-28 09:18:20 | debug_robo_cima | INFO | ----------------------------------------
2026-03-28 09:18:20 | debug_robo_cima | INFO | ℹ️ 🔄 Verificando se pilar especial está ativo...
2026-03-28 09:18:20 | debug_robo_cima | INFO | ℹ️ 🔄 Status do checkbox pilar_rotacionado_var: False
2026-03-28 09:18:20 | debug_robo_cima | INFO | ℹ️ 🔄 Status do checkbox pilar_especial_ativo_var: False
2026-03-28 09:18:20 | debug_robo_cima | INFO | ℹ️ Pilar especial INATIVO - pilar_rotacionado: False, pilar_especial: False, globais: False, tipo: ''
2026-03-28 09:18:20 | debug_robo_cima | INFO | 
----------------------------------------
2026-03-28 09:18:20 | debug_robo_cima | INFO | 📌 VERIFICAÇÃO DE PILAR ESPECIAL ATIVO
2026-03-28 09:18:20 | debug_robo_cima | INFO | ----------------------------------------
2026-03-28 09:18:20 | debug_robo_cima | INFO | ℹ️ 🔄 Verificando se pilar especial está ativo...
2026-03-28 09:18:20 | debug_robo_cima | INFO | ℹ️ 🔄 Status do checkbox pilar_rotacionado_var: False
2026-03-28 09:18:20 | debug_robo_cima | INFO | ℹ️ 🔄 Status do checkbox pilar_especial_ativo_var: False
2026-03-28 09:18:20 | debug_robo_cima | INFO | ℹ️ Pilar especial INATIVO - pilar_rotacionado: False, pilar_especial: False, globais: False, tipo: ''
2026-03-28 09:18:20 | debug_robo_cima | INFO | 
----------------------------------------
2026-03-28 09:18:20 | debug_robo_cima | INFO | 📌 VERIFICAÇÃO DE PILAR ESPECIAL ATIVO
2026-03-28 09:18:20 | debug_robo_cima | INFO | ----------------------------------------
2026-03-28 09:18:20 | debug_robo_cima | INFO | ℹ️ 🔄 Verificando se pilar especial está ativo...
2026-03-28 09:18:20 | debug_robo_cima | INFO | ℹ️ 🔄 Status do checkbox pilar_rotacionado_var: False
2026-03-28 09:18:20 | debug_robo_cima | INFO | ℹ️ 🔄 Status do checkbox pilar_especial_ativo_var: False
2026-03-28 09:18:20 | debug_robo_cima | INFO | ℹ️ Pilar especial INATIVO - pilar_rotacionado: False, pilar_especial: False, globais: False, tipo: ''
2026-03-28 09:18:20 | debug_robo_cima | INFO | 
----------------------------------------
2026-03-28 09:18:20 | debug_robo_cima | INFO | 📌 VERIFICAÇÃO DE PILAR ESPECIAL ATIVO
2026-03-28 09:18:20 | debug_robo_cima | INFO | ----------------------------------------
2026-03-28 09:18:20 | debug_robo_cima | INFO | ℹ️ 🔄 Verificando se pilar especial está ativo...
2026-03-28 09:18:20 | debug_robo_cima | INFO | ℹ️ 🔄 Status do checkbox pilar_rotacionado_var: False
2026-03-28 09:18:20 | debug_robo_cima | INFO | ℹ️ 🔄 Status do checkbox pilar_especial_ativo_var: False
2026-03-28 09:18:20 | debug_robo_cima | INFO | ℹ️ Pilar especial INATIVO - pilar_rotacionado: False, pilar_especial: False, globais: False, tipo: ''
2026-03-28 09:18:20 | debug_robo_cima | INFO | 
----------------------------------------
2026-03-28 09:18:20 | debug_robo_cima | INFO | 📌 VERIFICAÇÃO DE PILAR ESPECIAL ATIVO
2026-03-28 09:18:20 | debug_robo_cima | INFO | ----------------------------------------
2026-03-28 09:18:20 | debug_robo_cima | INFO | ℹ️ 🔄 Verificando se pilar especial está ativo...
2026-03-28 09:18:20 | debug_robo_cima | INFO | ℹ️ 🔄 Status do checkbox pilar_rotacionado_var: False
2026-03-28 09:18:20 | debug_robo_cima | INFO | ℹ️ 🔄 Status do checkbox pilar_especial_ativo_var: False
2026-03-28 09:18:20 | debug_robo_cima | INFO | ℹ️ Pilar especial INATIVO - pilar_rotacionado: False, pilar_especial: False, globais: False, tipo: ''
2026-03-28 09:18:20 | debug_robo_cima | INFO | 
----------------------------------------
2026-03-28 09:18:20 | debug_robo_cima | INFO | 📌 VERIFICAÇÃO DE PILAR ESPECIAL ATIVO
2026-03-28 09:18:20 | debug_robo_cima | INFO | ----------------------------------------
2026-03-28 09:18:20 | debug_robo_cima | INFO | ℹ️ 🔄 Verificando se pilar especial está ativo...
2026-03-28 09:18:20 | debug_robo_cima | INFO | ℹ️ 🔄 Status do checkbox pilar_rotacionado_var: False
2026-03-28 09:18:20 | debug_robo_cima | INFO | ℹ️ 🔄 Status do checkbox pilar_especial_ativo_var: False
2026-03-28 09:18:20 | debug_robo_cima | INFO | ℹ️ Pilar especial INATIVO - pilar_rotacionado: False, pilar_especial: False, globais: False, tipo: ''
2026-03-28 09:18:20 | debug_robo_cima | INFO | 
----------------------------------------
2026-03-28 09:18:20 | debug_robo_cima | INFO | 📌 VERIFICAÇÃO DE PILAR ESPECIAL ATIVO
2026-03-28 09:18:20 | debug_robo_cima | INFO | ----------------------------------------
2026-03-28 09:18:20 | debug_robo_cima | INFO | ℹ️ 🔄 Verificando se pilar especial está ativo...
2026-03-28 09:18:20 | debug_robo_cima | INFO | ℹ️ 🔄 Status do checkbox pilar_rotacionado_var: False
2026-03-28 09:18:20 | debug_robo_cima | INFO | ℹ️ 🔄 Status do checkbox pilar_especial_ativo_var: False
2026-03-28 09:18:20 | debug_robo_cima | INFO | ℹ️ Pilar especial INATIVO - pilar_rotacionado: False, pilar_especial: False, globais: False, tipo: ''
2026-03-28 09:18:20 | debug_robo_cima | INFO | 
----------------------------------------
2026-03-28 09:18:20 | debug_robo_cima | INFO | 📌 VERIFICAÇÃO DE PILAR ESPECIAL ATIVO
2026-03-28 09:18:20 | debug_robo_cima | INFO | ----------------------------------------
2026-03-28 09:18:20 | debug_robo_cima | INFO | ℹ️ 🔄 Verificando se pilar especial está ativo...
2026-03-28 09:18:20 | debug_robo_cima | INFO | ℹ️ 🔄 Status do checkbox pilar_rotacionado_var: False
2026-03-28 09:18:20 | debug_robo_cima | INFO | ℹ️ 🔄 Status do checkbox pilar_especial_ativo_var: False
2026-03-28 09:18:20 | debug_robo_cima | INFO | ℹ️ Pilar especial INATIVO - pilar_rotacionado: False, pilar_especial: False, globais: False, tipo: ''
2026-03-28 09:18:20 | debug_robo_cima | INFO | 
----------------------------------------
2026-03-28 09:18:20 | debug_robo_cima | INFO | 📌 VERIFICAÇÃO DE PILAR ESPECIAL ATIVO
2026-03-28 09:18:20 | debug_robo_cima | INFO | ----------------------------------------
2026-03-28 09:18:20 | debug_robo_cima | INFO | ℹ️ 🔄 Verificando se pilar especial está ativo...
2026-03-28 09:18:20 | debug_robo_cima | INFO | ℹ️ 🔄 Status do checkbox pilar_rotacionado_var: False
2026-03-28 09:18:20 | debug_robo_cima | INFO | ℹ️ 🔄 Status do checkbox pilar_especial_ativo_var: False
2026-03-28 09:18:20 | debug_robo_cima | INFO | ℹ️ Pilar especial INATIVO - pilar_rotacionado: False, pilar_especial: False, globais: False, tipo: ''
2026-03-28 09:18:20 | debug_robo_cima | INFO | 
----------------------------------------
2026-03-28 09:18:20 | debug_robo_cima | INFO | 📌 VERIFICAÇÃO DE PILAR ESPECIAL ATIVO
2026-03-28 09:18:20 | debug_robo_cima | INFO | ----------------------------------------
2026-03-28 09:18:20 | debug_robo_cima | INFO | ℹ️ 🔄 Verificando se pilar especial está ativo...
2026-03-28 09:18:20 | debug_robo_cima | INFO | ℹ️ 🔄 Status do checkbox pilar_rotacionado_var: False
2026-03-28 09:18:20 | debug_robo_cima | INFO | ℹ️ 🔄 Status do checkbox pilar_especial_ativo_var: False
2026-03-28 09:18:20 | debug_robo_cima | INFO | ℹ️ Pilar especial INATIVO - pilar_rotacionado: False, pilar_especial: False, globais: False, tipo: ''
2026-03-28 09:18:20 | debug_robo_cima | INFO | 
----------------------------------------
2026-03-28 09:18:20 | debug_robo_cima | INFO | 📌 VERIFICAÇÃO DE PILAR ESPECIAL ATIVO
2026-03-28 09:18:20 | debug_robo_cima | INFO | ----------------------------------------
2026-03-28 09:18:20 | debug_robo_cima | INFO | ℹ️ 🔄 Verificando se pilar especial está ativo...
2026-03-28 09:18:20 | debug_robo_cima | INFO | ℹ️ 🔄 Status do checkbox pilar_rotacionado_var: False
2026-03-28 09:18:20 | debug_robo_cima | INFO | ℹ️ 🔄 Status do checkbox pilar_especial_ativo_var: False
2026-03-28 09:18:20 | debug_robo_cima | INFO | ℹ️ Pilar especial INATIVO - pilar_rotacionado: False, pilar_especial: False, globais: False, tipo: ''
2026-03-28 09:18:20 | debug_robo_cima | INFO | 
----------------------------------------
2026-03-28 09:18:20 | debug_robo_cima | INFO | 📌 VERIFICAÇÃO DE PILAR ESPECIAL ATIVO
2026-03-28 09:18:20 | debug_robo_cima | INFO | ----------------------------------------
2026-03-28 09:18:20 | debug_robo_cima | INFO | ℹ️ 🔄 Verificando se pilar especial está ativo...
2026-03-28 09:18:20 | debug_robo_cima | INFO | ℹ️ 🔄 Status do checkbox pilar_rotacionado_var: False
2026-03-28 09:18:20 | debug_robo_cima | INFO | ℹ️ 🔄 Status do checkbox pilar_especial_ativo_var: False
2026-03-28 09:18:20 | debug_robo_cima | INFO | ℹ️ Pilar especial INATIVO - pilar_rotacionado: False, pilar_especial: False, globais: False, tipo: ''
2026-03-28 09:18:20 | debug_robo_cima | INFO | 
----------------------------------------
2026-03-28 09:18:20 | debug_robo_cima | INFO | 📌 VERIFICAÇÃO DE PILAR ESPECIAL ATIVO
2026-03-28 09:18:20 | debug_robo_cima | INFO | ----------------------------------------
2026-03-28 09:18:20 | debug_robo_cima | INFO | ℹ️ 🔄 Verificando se pilar especial está ativo...
2026-03-28 09:18:20 | debug_robo_cima | INFO | ℹ️ 🔄 Status do checkbox pilar_rotacionado_var: False
2026-03-28 09:18:20 | debug_robo_cima | INFO | ℹ️ 🔄 Status do checkbox pilar_especial_ativo_var: False
2026-03-28 09:18:20 | debug_robo_cima | INFO | ℹ️ Pilar especial INATIVO - pilar_rotacionado: False, pilar_especial: False, globais: False, tipo: ''
2026-03-28 09:18:20 | debug_robo_cima | INFO | 
----------------------------------------
2026-03-28 09:18:20 | debug_robo_cima | INFO | 📌 VERIFICAÇÃO DE PILAR ESPECIAL ATIVO
2026-03-28 09:18:20 | debug_robo_cima | INFO | ----------------------------------------
2026-03-28 09:18:20 | debug_robo_cima | INFO | ℹ️ 🔄 Verificando se pilar especial está ativo...
2026-03-28 09:18:20 | debug_robo_cima | INFO | ℹ️ 🔄 Status do checkbox pilar_rotacionado_var: False
2026-03-28 09:18:20 | debug_robo_cima | INFO | ℹ️ 🔄 Status do checkbox pilar_especial_ativo_var: False
2026-03-28 09:18:20 | debug_robo_cima | INFO | ℹ️ Pilar especial INATIVO - pilar_rotacionado: False, pilar_especial: False, globais: False, tipo: ''
2026-03-28 09:18:20 | debug_robo_cima | INFO | 
----------------------------------------
2026-03-28 09:18:20 | debug_robo_cima | INFO | 📌 VERIFICAÇÃO DE PILAR ESPECIAL ATIVO
2026-03-28 09:18:20 | debug_robo_cima | INFO | ----------------------------------------
2026-03-28 09:18:20 | debug_robo_cima | INFO | ℹ️ 🔄 Verificando se pilar especial está ativo...
2026-03-28 09:18:20 | debug_robo_cima | INFO | ℹ️ 🔄 Status do checkbox pilar_rotacionado_var: False
2026-03-28 09:18:20 | debug_robo_cima | INFO | ℹ️ 🔄 Status do checkbox pilar_especial_ativo_var: False
2026-03-28 09:18:20 | debug_robo_cima | INFO | ℹ️ Pilar especial INATIVO - pilar_rotacionado: False, pilar_especial: False, globais: False, tipo: ''
2026-03-28 09:18:20 | debug_robo_cima | INFO | 
----------------------------------------
2026-03-28 09:18:20 | debug_robo_cima | INFO | 📌 VERIFICAÇÃO DE PILAR ESPECIAL ATIVO
2026-03-28 09:18:20 | debug_robo_cima | INFO | ----------------------------------------
2026-03-28 09:18:20 | debug_robo_cima | INFO | ℹ️ 🔄 Verificando se pilar especial está ativo...
2026-03-28 09:18:20 | debug_robo_cima | INFO | ℹ️ 🔄 Status do checkbox pilar_rotacionado_var: False
2026-03-28 09:18:20 | debug_robo_cima | INFO | ℹ️ 🔄 Status do checkbox pilar_especial_ativo_var: False
2026-03-28 09:18:20 | debug_robo_cima | INFO | ℹ️ Pilar especial INATIVO - pilar_rotacionado: False, pilar_especial: False, globais: False, tipo: ''
2026-03-28 09:18:20 | debug_robo_cima | INFO | 
----------------------------------------
2026-03-28 09:18:20 | debug_robo_cima | INFO | 📌 VERIFICAÇÃO DE PILAR ESPECIAL ATIVO
2026-03-28 09:18:20 | debug_robo_cima | INFO | ----------------------------------------
2026-03-28 09:18:20 | debug_robo_cima | INFO | ℹ️ 🔄 Verificando se pilar especial está ativo...
2026-03-28 09:18:20 | debug_robo_cima | INFO | ℹ️ 🔄 Status do checkbox pilar_rotacionado_var: False
2026-03-28 09:18:20 | debug_robo_cima | INFO | ℹ️ 🔄 Status do checkbox pilar_especial_ativo_var: False
2026-03-28 09:18:20 | debug_robo_cima | INFO | ℹ️ Pilar especial INATIVO - pilar_rotacionado: False, pilar_especial: False, globais: False, tipo: ''
2026-03-28 09:18:20 | debug_robo_cima | INFO | 
----------------------------------------
2026-03-28 09:18:20 | debug_robo_cima | INFO | 📌 VERIFICAÇÃO DE PILAR ESPECIAL ATIVO
2026-03-28 09:18:20 | debug_robo_cima | INFO | ----------------------------------------
2026-03-28 09:18:20 | debug_robo_cima | INFO | ℹ️ 🔄 Verificando se pilar especial está ativo...
2026-03-28 09:18:20 | debug_robo_cima | INFO | ℹ️ 🔄 Status do checkbox pilar_rotacionado_var: False
2026-03-28 09:18:20 | debug_robo_cima | INFO | ℹ️ 🔄 Status do checkbox pilar_especial_ativo_var: False
2026-03-28 09:18:20 | debug_robo_cima | INFO | ℹ️ Pilar especial INATIVO - pilar_rotacionado: False, pilar_especial: False, globais: False, tipo: ''
2026-03-28 09:18:21 | debug_robo_cima | INFO | 
============================================================
2026-03-28 09:18:21 | debug_robo_cima | INFO | 📋 GERAÇÃO DE SCRIPT CIMA
2026-03-28 09:18:21 | debug_robo_cima | INFO | ============================================================
2026-03-28 09:18:21 | debug_robo_cima | INFO | ℹ️ 🔄 === INÍCIO DO gerar_script() ===
2026-03-28 09:18:21 | debug_robo_cima | INFO | ℹ️ 🔄 Estado inicial das globais: ID=1996916051008, len=0
2026-03-28 09:18:21 | debug_robo_cima | WARNING | ⚠️ _globais_pilar_especial está vazio ou None!
2026-03-28 09:18:21 | debug_robo_cima | INFO | ℹ️ 🔄 Status pilar_rotacionado no inicio: False
2026-03-28 09:18:21 | debug_robo_cima | INFO | ℹ️ 🔄 Prestes a chamar _verificar_pilar_especial_ativo()...
2026-03-28 09:18:21 | debug_robo_cima | INFO | ℹ️ 🔄 Estado das globais ANTES da verificação: False
2026-03-28 09:18:21 | debug_robo_cima | INFO | 
----------------------------------------
2026-03-28 09:18:21 | debug_robo_cima | INFO | 📌 VERIFICAÇÃO DE PILAR ESPECIAL ATIVO
2026-03-28 09:18:21 | debug_robo_cima | INFO | ----------------------------------------
2026-03-28 09:18:21 | debug_robo_cima | INFO | ℹ️ 🔄 Verificando se pilar especial está ativo...
2026-03-28 09:18:21 | debug_robo_cima | INFO | ℹ️ 🔄 Status do checkbox pilar_rotacionado_var: False
2026-03-28 09:18:21 | debug_robo_cima | INFO | ℹ️ 🔄 Status do checkbox pilar_especial_ativo_var: False
2026-03-28 09:18:21 | debug_robo_cima | INFO | ℹ️ Pilar especial INATIVO - pilar_rotacionado: False, pilar_especial: False, globais: False, tipo: ''
2026-03-28 09:18:21 | debug_robo_cima | INFO | ℹ️ 🔄 Resultado da verificação: False
2026-03-28 09:18:21 | debug_robo_cima | INFO | ℹ️ 🔄 Estado das globais APÓS a verificação: False
2026-03-28 09:18:21 | debug_robo_cima | INFO | ℹ️ 🔄 Pilar especial ativo: False
2026-03-28 09:18:21 | debug_robo_cima | INFO | 
----------------------------------------
2026-03-28 09:18:21 | debug_robo_cima | INFO | 📌 APLICAÇÃO DE ALTERAÇÕES PILAR ESPECIAL - PAI.B
2026-03-28 09:18:21 | debug_robo_cima | INFO | ----------------------------------------
2026-03-28 09:18:21 | debug_robo_cima | INFO | ℹ️ 🔄 Aplicando alterações do pilar especial para PAI.B...
2026-03-28 09:18:21 | debug_robo_cima | WARNING | ⚠️ Pilar especial INATIVO (sem globais no gerador) - retornando valor original: -51
2026-03-28 09:18:21 | debug_robo_cima | WARNING | ⚠️ Pilar especial INATIVO (sem globais no gerador) - retornando valor original: 90.0
2026-03-28 09:18:21 | debug_robo_cima | WARNING | ⚠️ Pilar especial INATIVO (sem globais no gerador) - retornando valor original: 182.0
2026-03-28 09:18:21 | debug_robo_cima | INFO | ℹ️ 🔄 PAI.B - Posição X: -51 -> -51
2026-03-28 09:18:21 | debug_robo_cima | INFO | ℹ️ 🔄 PAI.B - Posição Y: 90.0 -> 90.0
2026-03-28 09:18:21 | debug_robo_cima | INFO | ℹ️ 🔄 PAI.B - Comprimento: 182.0 -> 182.0
2026-03-28 09:18:21 | debug_robo_cima | WARNING | ⚠️ Pilar especial INATIVO (sem globais no gerador) - retornando valor original: -51
2026-03-28 09:18:21 | debug_robo_cima | WARNING | ⚠️ Pilar especial INATIVO (sem globais no gerador) - retornando valor original: 70
2026-03-28 09:18:21 | debug_robo_cima | WARNING | ⚠️ Pilar especial INATIVO (sem globais no gerador) - retornando valor original: 182.0
2026-03-28 09:18:21 | debug_robo_cima | INFO | ℹ️ [REFERENCIA-DINAMICA] Parede esquerda PAI.A FINAL REAL registrada: -51
2026-03-28 09:18:21 | debug_robo_cima | WARNING | ⚠️ Pilar especial INATIVO (sem globais no gerador) - retornando valor original: -71
2026-03-28 09:18:21 | debug_robo_cima | WARNING | ⚠️ Pilar especial INATIVO (sem globais no gerador) - retornando valor original: 222.0
2026-03-28 09:18:21 | debug_robo_cima | INFO | ℹ️ 🔧 METAL A - posX=-71, posY=61.0, comp=222.0, endX=151.0, largura=7
2026-03-28 09:18:21 | debug_robo_cima | WARNING | ⚠️ Pilar especial INATIVO (sem globais no gerador) - retornando valor original: -71
2026-03-28 09:18:21 | debug_robo_cima | WARNING | ⚠️ Pilar especial INATIVO (sem globais no gerador) - retornando valor original: 222.0
2026-03-28 09:18:21 | debug_robo_cima | INFO | ℹ️ 🔧 METAL B - posX=-71, posY=99.0, comp=222.0, endX=151.0, largura=7
2026-03-28 09:18:21 | debug_robo_cima | INFO | ℹ️ DEBUG: Valores lidos Grade A - grade1=90.0, grade2=90.0, grade3=0.0, dist1=2.0, dist2=0.0
2026-03-28 09:18:21 | debug_robo_cima | INFO | ℹ️ DEBUG: Condição Grade A - grade1 > 0: True, grade2 > 0: True, grade3 > 0: False
2026-03-28 09:18:21 | debug_robo_cima | INFO | ℹ️ DEBUG: Condição Grade A - grade1 > 0 or grade2 > 0 or grade3 > 0: True
2026-03-28 09:18:21 | debug_robo_cima | INFO | ℹ️ GRA.A usando valores específicos: comprimentos=[90.0, 90.0, 0.0], espacos=[2.0, 0.0]
2026-03-28 09:18:21 | debug_robo_cima | INFO | 
----------------------------------------
2026-03-28 09:18:21 | debug_robo_cima | INFO | 📌 VERIFICAÇÃO DE PILAR ESPECIAL ATIVO
2026-03-28 09:18:21 | debug_robo_cima | INFO | ----------------------------------------
2026-03-28 09:18:21 | debug_robo_cima | INFO | ℹ️ 🔄 Verificando se pilar especial está ativo...
2026-03-28 09:18:21 | debug_robo_cima | INFO | ℹ️ 🔄 Status do checkbox pilar_rotacionado_var: False
2026-03-28 09:18:21 | debug_robo_cima | INFO | ℹ️ 🔄 Status do checkbox pilar_especial_ativo_var: False
2026-03-28 09:18:21 | debug_robo_cima | INFO | ℹ️ Pilar especial INATIVO - pilar_rotacionado: False, pilar_especial: False, globais: False, tipo: ''
2026-03-28 09:18:21 | debug_robo_cima | INFO | 
----------------------------------------
2026-03-28 09:18:21 | debug_robo_cima | INFO | 📌 VERIFICAÇÃO DE PILAR ESPECIAL ATIVO
2026-03-28 09:18:21 | debug_robo_cima | INFO | ----------------------------------------
2026-03-28 09:18:21 | debug_robo_cima | INFO | ℹ️ 🔄 Verificando se pilar especial está ativo...
2026-03-28 09:18:21 | debug_robo_cima | INFO | ℹ️ 🔄 Status do checkbox pilar_rotacionado_var: False
2026-03-28 09:18:21 | debug_robo_cima | INFO | ℹ️ 🔄 Status do checkbox pilar_especial_ativo_var: False
2026-03-28 09:18:21 | debug_robo_cima | INFO | ℹ️ Pilar especial INATIVO - pilar_rotacionado: False, pilar_especial: False, globais: False, tipo: ''
2026-03-28 09:18:21 | debug_robo_cima | INFO | ℹ️ DEBUG: Valores lidos Grade B - grade1_grupo2=0.0, grade2_grupo2=90.0, grade3_grupo2=90.0, dist1_grupo2=0.0, dist2_grupo2=2.0
2026-03-28 09:18:21 | debug_robo_cima | INFO | ℹ️ DEBUG: Condição Grade B - grade1_grupo2 > 0: False, grade2_grupo2 > 0: True, grade3_grupo2 > 0: True
2026-03-28 09:18:21 | debug_robo_cima | INFO | ℹ️ DEBUG: Condição Grade B - grade1_grupo2 > 0 or grade2_grupo2 > 0 or grade3_grupo2 > 0: True
2026-03-28 09:18:21 | debug_robo_cima | INFO | ℹ️ GRA.B usando valores específicos: comprimentos=[0.0, 90.0, 90.0], espacos=[0.0, 2.0]
2026-03-28 09:18:21 | debug_robo_cima | INFO | 
----------------------------------------
2026-03-28 09:18:21 | debug_robo_cima | INFO | 📌 VERIFICAÇÃO DE PILAR ESPECIAL ATIVO
2026-03-28 09:18:21 | debug_robo_cima | INFO | ----------------------------------------
2026-03-28 09:18:21 | debug_robo_cima | INFO | ℹ️ 🔄 Verificando se pilar especial está ativo...
2026-03-28 09:18:21 | debug_robo_cima | INFO | ℹ️ 🔄 Status do checkbox pilar_rotacionado_var: False
2026-03-28 09:18:21 | debug_robo_cima | INFO | ℹ️ 🔄 Status do checkbox pilar_especial_ativo_var: False
2026-03-28 09:18:21 | debug_robo_cima | INFO | ℹ️ Pilar especial INATIVO - pilar_rotacionado: False, pilar_especial: False, globais: False, tipo: ''
2026-03-28 09:18:21 | debug_robo_cima | INFO | 
----------------------------------------
2026-03-28 09:18:21 | debug_robo_cima | INFO | 📌 VERIFICAÇÃO DE PILAR ESPECIAL ATIVO
2026-03-28 09:18:21 | debug_robo_cima | INFO | ----------------------------------------
2026-03-28 09:18:21 | debug_robo_cima | INFO | ℹ️ 🔄 Verificando se pilar especial está ativo...
2026-03-28 09:18:21 | debug_robo_cima | INFO | ℹ️ 🔄 Status do checkbox pilar_rotacionado_var: False
2026-03-28 09:18:21 | debug_robo_cima | INFO | ℹ️ 🔄 Status do checkbox pilar_especial_ativo_var: False
2026-03-28 09:18:21 | debug_robo_cima | INFO | ℹ️ Pilar especial INATIVO - pilar_rotacionado: False, pilar_especial: False, globais: False, tipo: ''
2026-03-28 09:18:21 | debug_robo_cima | WARNING | ⚠️ Pilar especial INATIVO (sem globais no gerador) - retornando valor original: -52
2026-03-28 09:18:21 | debug_robo_cima | INFO | 
----------------------------------------
2026-03-28 09:18:21 | debug_robo_cima | INFO | 📌 VERIFICAÇÃO DE PILAR ESPECIAL ATIVO
2026-03-28 09:18:21 | debug_robo_cima | INFO | ----------------------------------------
2026-03-28 09:18:21 | debug_robo_cima | INFO | ℹ️ 🔄 Verificando se pilar especial está ativo...
2026-03-28 09:18:21 | debug_robo_cima | INFO | ℹ️ 🔄 Status do checkbox pilar_rotacionado_var: False
2026-03-28 09:18:21 | debug_robo_cima | INFO | ℹ️ 🔄 Status do checkbox pilar_especial_ativo_var: False
2026-03-28 09:18:21 | debug_robo_cima | INFO | ℹ️ Pilar especial INATIVO - pilar_rotacionado: False, pilar_especial: False, globais: False, tipo: ''
2026-03-28 09:18:21 | debug_robo_cima | INFO | 
----------------------------------------
2026-03-28 09:18:21 | debug_robo_cima | INFO | 📌 DECISÃO DE COMANDO SCALE/ROTATE
2026-03-28 09:18:21 | debug_robo_cima | INFO | ----------------------------------------
2026-03-28 09:18:21 | debug_robo_cima | INFO | ℹ️ 🔄 Verificando qual comando usar (SCALE ou ROTATE)...
2026-03-28 09:18:21 | debug_robo_cima | INFO | ℹ️ 🔄 Status pilar_rotacionado = False, usar_scale = True
2026-03-28 09:18:21 | debug_robo_cima | INFO | ℹ️ ✅ Usando _SCALE
2026-03-28 09:18:21 | debug_robo_cima | INFO | ℹ️ 🔄 Verificando se é pilar especial: False
2026-03-28 09:18:21 | debug_robo_cima | INFO | ℹ️ ✅ Pilar normal - usando valores padrão no _SCALE
2026-03-28 09:18:21 | debug_robo_cima | INFO | ℹ️ ✅ Script gerado com sucesso!
2026-03-28 09:18:21 | debug_robo_cima | INFO | 🔄 Script gerado: Tamanho: 4665 caracteres
2026-03-28 09:18:21 | debug_robo_cima | INFO | 
============================================================
2026-03-28 09:18:21 | debug_robo_cima | INFO | 📋 FIM DA GERAÇÃO DE SCRIPT CIMA
2026-03-28 09:18:21 | debug_robo_cima | INFO | ============================================================
2026-03-28 09:18:22 | debug_robo_cima | INFO | ℹ️ 🔄 Instância do GeradorPilar registrada globalmente
2026-03-28 09:18:22 | debug_robo_cima | INFO | ℹ️ 🔄 Globais do pilar especial inicializadas
2026-03-28 09:18:23 | debug_robo_cima | INFO | 
----------------------------------------
2026-03-28 09:18:23 | debug_robo_cima | INFO | 📌 VERIFICAÇÃO DE PILAR ESPECIAL ATIVO
2026-03-28 09:18:23 | debug_robo_cima | INFO | ----------------------------------------
2026-03-28 09:18:23 | debug_robo_cima | INFO | ℹ️ 🔄 Verificando se pilar especial está ativo...
2026-03-28 09:18:23 | debug_robo_cima | INFO | ℹ️ 🔄 Status do checkbox pilar_rotacionado_var: False
2026-03-28 09:18:23 | debug_robo_cima | INFO | ℹ️ 🔄 Status do checkbox pilar_especial_ativo_var: False
2026-03-28 09:18:23 | debug_robo_cima | INFO | ℹ️ Pilar especial INATIVO - pilar_rotacionado: False, pilar_especial: False, globais: False, tipo: ''
2026-03-28 09:18:23 | debug_robo_cima | INFO | 
----------------------------------------
2026-03-28 09:18:23 | debug_robo_cima | INFO | 📌 VERIFICAÇÃO DE PILAR ESPECIAL ATIVO
2026-03-28 09:18:23 | debug_robo_cima | INFO | ----------------------------------------
2026-03-28 09:18:23 | debug_robo_cima | INFO | ℹ️ 🔄 Verificando se pilar especial está ativo...
2026-03-28 09:18:23 | debug_robo_cima | INFO | ℹ️ 🔄 Status do checkbox pilar_rotacionado_var: False
2026-03-28 09:18:23 | debug_robo_cima | INFO | ℹ️ 🔄 Status do checkbox pilar_especial_ativo_var: False
2026-03-28 09:18:23 | debug_robo_cima | INFO | ℹ️ Pilar especial INATIVO - pilar_rotacionado: False, pilar_especial: False, globais: False, tipo: ''
2026-03-28 09:18:23 | debug_robo_cima | INFO | 
----------------------------------------
2026-03-28 09:18:23 | debug_robo_cima | INFO | 📌 VERIFICAÇÃO DE PILAR ESPECIAL ATIVO
2026-03-28 09:18:23 | debug_robo_cima | INFO | ----------------------------------------
2026-03-28 09:18:23 | debug_robo_cima | INFO | ℹ️ 🔄 Verificando se pilar especial está ativo...
2026-03-28 09:18:23 | debug_robo_cima | INFO | ℹ️ 🔄 Status do checkbox pilar_rotacionado_var: False
2026-03-28 09:18:23 | debug_robo_cima | INFO | ℹ️ 🔄 Status do checkbox pilar_especial_ativo_var: False
2026-03-28 09:18:23 | debug_robo_cima | INFO | ℹ️ Pilar especial INATIVO - pilar_rotacionado: False, pilar_especial: False, globais: False, tipo: ''
2026-03-28 09:18:23 | debug_robo_cima | INFO | 
----------------------------------------
2026-03-28 09:18:23 | debug_robo_cima | INFO | 📌 VERIFICAÇÃO DE PILAR ESPECIAL ATIVO
2026-03-28 09:18:23 | debug_robo_cima | INFO | ----------------------------------------
2026-03-28 09:18:23 | debug_robo_cima | INFO | ℹ️ 🔄 Verificando se pilar especial está ativo...
2026-03-28 09:18:23 | debug_robo_cima | INFO | ℹ️ 🔄 Status do checkbox pilar_rotacionado_var: False
2026-03-28 09:18:23 | debug_robo_cima | INFO | ℹ️ 🔄 Status do checkbox pilar_especial_ativo_var: False
2026-03-28 09:18:23 | debug_robo_cima | INFO | ℹ️ Pilar especial INATIVO - pilar_rotacionado: False, pilar_especial: False, globais: False, tipo: ''
2026-03-28 09:18:23 | debug_robo_cima | INFO | 
----------------------------------------
2026-03-28 09:18:23 | debug_robo_cima | INFO | 📌 VERIFICAÇÃO DE PILAR ESPECIAL ATIVO
2026-03-28 09:18:23 | debug_robo_cima | INFO | ----------------------------------------
2026-03-28 09:18:23 | debug_robo_cima | INFO | ℹ️ 🔄 Verificando se pilar especial está ativo...
2026-03-28 09:18:23 | debug_robo_cima | INFO | ℹ️ 🔄 Status do checkbox pilar_rotacionado_var: False
2026-03-28 09:18:23 | debug_robo_cima | INFO | ℹ️ 🔄 Status do checkbox pilar_especial_ativo_var: False
2026-03-28 09:18:23 | debug_robo_cima | INFO | ℹ️ Pilar especial INATIVO - pilar_rotacionado: False, pilar_especial: False, globais: False, tipo: ''
2026-03-28 09:18:23 | debug_robo_cima | INFO | 
----------------------------------------
2026-03-28 09:18:23 | debug_robo_cima | INFO | 📌 VERIFICAÇÃO DE PILAR ESPECIAL ATIVO
2026-03-28 09:18:23 | debug_robo_cima | INFO | ----------------------------------------
2026-03-28 09:18:23 | debug_robo_cima | INFO | ℹ️ 🔄 Verificando se pilar especial está ativo...
2026-03-28 09:18:23 | debug_robo_cima | INFO | ℹ️ 🔄 Status do checkbox pilar_rotacionado_var: False
2026-03-28 09:18:23 | debug_robo_cima | INFO | ℹ️ 🔄 Status do checkbox pilar_especial_ativo_var: False
2026-03-28 09:18:23 | debug_robo_cima | INFO | ℹ️ Pilar especial INATIVO - pilar_rotacionado: False, pilar_especial: False, globais: False, tipo: ''
2026-03-28 09:18:23 | debug_robo_cima | INFO | 
----------------------------------------
2026-03-28 09:18:23 | debug_robo_cima | INFO | 📌 VERIFICAÇÃO DE PILAR ESPECIAL ATIVO
2026-03-28 09:18:23 | debug_robo_cima | INFO | ----------------------------------------
2026-03-28 09:18:23 | debug_robo_cima | INFO | ℹ️ 🔄 Verificando se pilar especial está ativo...
2026-03-28 09:18:23 | debug_robo_cima | INFO | ℹ️ 🔄 Status do checkbox pilar_rotacionado_var: False
2026-03-28 09:18:23 | debug_robo_cima | INFO | ℹ️ 🔄 Status do checkbox pilar_especial_ativo_var: False
2026-03-28 09:18:23 | debug_robo_cima | INFO | ℹ️ Pilar especial INATIVO - pilar_rotacionado: False, pilar_especial: False, globais: False, tipo: ''
2026-03-28 09:18:23 | debug_robo_cima | INFO | 
----------------------------------------
2026-03-28 09:18:23 | debug_robo_cima | INFO | 📌 VERIFICAÇÃO DE PILAR ESPECIAL ATIVO
2026-03-28 09:18:23 | debug_robo_cima | INFO | ----------------------------------------
2026-03-28 09:18:23 | debug_robo_cima | INFO | ℹ️ 🔄 Verificando se pilar especial está ativo...
2026-03-28 09:18:23 | debug_robo_cima | INFO | ℹ️ 🔄 Status do checkbox pilar_rotacionado_var: False
2026-03-28 09:18:23 | debug_robo_cima | INFO | ℹ️ 🔄 Status do checkbox pilar_especial_ativo_var: False
2026-03-28 09:18:23 | debug_robo_cima | INFO | ℹ️ Pilar especial INATIVO - pilar_rotacionado: False, pilar_especial: False, globais: False, tipo: ''
2026-03-28 09:18:23 | debug_robo_cima | INFO | 
----------------------------------------
2026-03-28 09:18:23 | debug_robo_cima | INFO | 📌 VERIFICAÇÃO DE PILAR ESPECIAL ATIVO
2026-03-28 09:18:23 | debug_robo_cima | INFO | ----------------------------------------
2026-03-28 09:18:23 | debug_robo_cima | INFO | ℹ️ 🔄 Verificando se pilar especial está ativo...
2026-03-28 09:18:23 | debug_robo_cima | INFO | ℹ️ 🔄 Status do checkbox pilar_rotacionado_var: False
2026-03-28 09:18:23 | debug_robo_cima | INFO | ℹ️ 🔄 Status do checkbox pilar_especial_ativo_var: False
2026-03-28 09:18:23 | debug_robo_cima | INFO | ℹ️ Pilar especial INATIVO - pilar_rotacionado: False, pilar_especial: False, globais: False, tipo: ''
2026-03-28 09:18:23 | debug_robo_cima | INFO | 
----------------------------------------
2026-03-28 09:18:23 | debug_robo_cima | INFO | 📌 VERIFICAÇÃO DE PILAR ESPECIAL ATIVO
2026-03-28 09:18:23 | debug_robo_cima | INFO | ----------------------------------------
2026-03-28 09:18:23 | debug_robo_cima | INFO | ℹ️ 🔄 Verificando se pilar especial está ativo...
2026-03-28 09:18:23 | debug_robo_cima | INFO | ℹ️ 🔄 Status do checkbox pilar_rotacionado_var: False
2026-03-28 09:18:23 | debug_robo_cima | INFO | ℹ️ 🔄 Status do checkbox pilar_especial_ativo_var: False
2026-03-28 09:18:23 | debug_robo_cima | INFO | ℹ️ Pilar especial INATIVO - pilar_rotacionado: False, pilar_especial: False, globais: False, tipo: ''
2026-03-28 09:18:23 | debug_robo_cima | INFO | 
----------------------------------------
2026-03-28 09:18:23 | debug_robo_cima | INFO | 📌 VERIFICAÇÃO DE PILAR ESPECIAL ATIVO
2026-03-28 09:18:23 | debug_robo_cima | INFO | ----------------------------------------
2026-03-28 09:18:23 | debug_robo_cima | INFO | ℹ️ 🔄 Verificando se pilar especial está ativo...
2026-03-28 09:18:23 | debug_robo_cima | INFO | ℹ️ 🔄 Status do checkbox pilar_rotacionado_var: False
2026-03-28 09:18:23 | debug_robo_cima | INFO | ℹ️ 🔄 Status do checkbox pilar_especial_ativo_var: False
2026-03-28 09:18:23 | debug_robo_cima | INFO | ℹ️ Pilar especial INATIVO - pilar_rotacionado: False, pilar_especial: False, globais: False, tipo: ''
2026-03-28 09:18:23 | debug_robo_cima | INFO | 
----------------------------------------
2026-03-28 09:18:23 | debug_robo_cima | INFO | 📌 VERIFICAÇÃO DE PILAR ESPECIAL ATIVO
2026-03-28 09:18:23 | debug_robo_cima | INFO | ----------------------------------------
2026-03-28 09:18:23 | debug_robo_cima | INFO | ℹ️ 🔄 Verificando se pilar especial está ativo...
2026-03-28 09:18:23 | debug_robo_cima | INFO | ℹ️ 🔄 Status do checkbox pilar_rotacionado_var: False
2026-03-28 09:18:23 | debug_robo_cima | INFO | ℹ️ 🔄 Status do checkbox pilar_especial_ativo_var: False
2026-03-28 09:18:23 | debug_robo_cima | INFO | ℹ️ Pilar especial INATIVO - pilar_rotacionado: False, pilar_especial: False, globais: False, tipo: ''
2026-03-28 09:18:23 | debug_robo_cima | INFO | 
----------------------------------------
2026-03-28 09:18:23 | debug_robo_cima | INFO | 📌 VERIFICAÇÃO DE PILAR ESPECIAL ATIVO
2026-03-28 09:18:23 | debug_robo_cima | INFO | ----------------------------------------
2026-03-28 09:18:23 | debug_robo_cima | INFO | ℹ️ 🔄 Verificando se pilar especial está ativo...
2026-03-28 09:18:23 | debug_robo_cima | INFO | ℹ️ 🔄 Status do checkbox pilar_rotacionado_var: False
2026-03-28 09:18:23 | debug_robo_cima | INFO | ℹ️ 🔄 Status do checkbox pilar_especial_ativo_var: False
2026-03-28 09:18:23 | debug_robo_cima | INFO | ℹ️ Pilar especial INATIVO - pilar_rotacionado: False, pilar_especial: False, globais: False, tipo: ''
2026-03-28 09:18:23 | debug_robo_cima | INFO | 
----------------------------------------
2026-03-28 09:18:23 | debug_robo_cima | INFO | 📌 VERIFICAÇÃO DE PILAR ESPECIAL ATIVO
2026-03-28 09:18:23 | debug_robo_cima | INFO | ----------------------------------------
2026-03-28 09:18:23 | debug_robo_cima | INFO | ℹ️ 🔄 Verificando se pilar especial está ativo...
2026-03-28 09:18:23 | debug_robo_cima | INFO | ℹ️ 🔄 Status do checkbox pilar_rotacionado_var: False
2026-03-28 09:18:23 | debug_robo_cima | INFO | ℹ️ 🔄 Status do checkbox pilar_especial_ativo_var: False
2026-03-28 09:18:23 | debug_robo_cima | INFO | ℹ️ Pilar especial INATIVO - pilar_rotacionado: False, pilar_especial: False, globais: False, tipo: ''
2026-03-28 09:18:23 | debug_robo_cima | INFO | 
----------------------------------------
2026-03-28 09:18:23 | debug_robo_cima | INFO | 📌 VERIFICAÇÃO DE PILAR ESPECIAL ATIVO
2026-03-28 09:18:23 | debug_robo_cima | INFO | ----------------------------------------
2026-03-28 09:18:23 | debug_robo_cima | INFO | ℹ️ 🔄 Verificando se pilar especial está ativo...
2026-03-28 09:18:23 | debug_robo_cima | INFO | ℹ️ 🔄 Status do checkbox pilar_rotacionado_var: False
2026-03-28 09:18:23 | debug_robo_cima | INFO | ℹ️ 🔄 Status do checkbox pilar_especial_ativo_var: False
2026-03-28 09:18:23 | debug_robo_cima | INFO | ℹ️ Pilar especial INATIVO - pilar_rotacionado: False, pilar_especial: False, globais: False, tipo: ''
2026-03-28 09:18:23 | debug_robo_cima | INFO | 
----------------------------------------
2026-03-28 09:18:23 | debug_robo_cima | INFO | 📌 VERIFICAÇÃO DE PILAR ESPECIAL ATIVO
2026-03-28 09:18:23 | debug_robo_cima | INFO | ----------------------------------------
2026-03-28 09:18:23 | debug_robo_cima | INFO | ℹ️ 🔄 Verificando se pilar especial está ativo...
2026-03-28 09:18:23 | debug_robo_cima | INFO | ℹ️ 🔄 Status do checkbox pilar_rotacionado_var: False
2026-03-28 09:18:23 | debug_robo_cima | INFO | ℹ️ 🔄 Status do checkbox pilar_especial_ativo_var: False
2026-03-28 09:18:23 | debug_robo_cima | INFO | ℹ️ Pilar especial INATIVO - pilar_rotacionado: False, pilar_especial: False, globais: False, tipo: ''
2026-03-28 09:18:23 | debug_robo_cima | INFO | 
----------------------------------------
2026-03-28 09:18:23 | debug_robo_cima | INFO | 📌 VERIFICAÇÃO DE PILAR ESPECIAL ATIVO
2026-03-28 09:18:23 | debug_robo_cima | INFO | ----------------------------------------
2026-03-28 09:18:23 | debug_robo_cima | INFO | ℹ️ 🔄 Verificando se pilar especial está ativo...
2026-03-28 09:18:23 | debug_robo_cima | INFO | ℹ️ 🔄 Status do checkbox pilar_rotacionado_var: False
2026-03-28 09:18:23 | debug_robo_cima | INFO | ℹ️ 🔄 Status do checkbox pilar_especial_ativo_var: False
2026-03-28 09:18:23 | debug_robo_cima | INFO | ℹ️ Pilar especial INATIVO - pilar_rotacionado: False, pilar_especial: False, globais: False, tipo: ''
2026-03-28 09:18:23 | debug_robo_cima | INFO | 
----------------------------------------
2026-03-28 09:18:23 | debug_robo_cima | INFO | 📌 VERIFICAÇÃO DE PILAR ESPECIAL ATIVO
2026-03-28 09:18:23 | debug_robo_cima | INFO | ----------------------------------------
2026-03-28 09:18:23 | debug_robo_cima | INFO | ℹ️ 🔄 Verificando se pilar especial está ativo...
2026-03-28 09:18:23 | debug_robo_cima | INFO | ℹ️ 🔄 Status do checkbox pilar_rotacionado_var: False
2026-03-28 09:18:23 | debug_robo_cima | INFO | ℹ️ 🔄 Status do checkbox pilar_especial_ativo_var: False
2026-03-28 09:18:23 | debug_robo_cima | INFO | ℹ️ Pilar especial INATIVO - pilar_rotacionado: False, pilar_especial: False, globais: False, tipo: ''
2026-03-28 09:18:23 | debug_robo_cima | INFO | 
----------------------------------------
2026-03-28 09:18:23 | debug_robo_cima | INFO | 📌 VERIFICAÇÃO DE PILAR ESPECIAL ATIVO
2026-03-28 09:18:23 | debug_robo_cima | INFO | ----------------------------------------
2026-03-28 09:18:23 | debug_robo_cima | INFO | ℹ️ 🔄 Verificando se pilar especial está ativo...
2026-03-28 09:18:23 | debug_robo_cima | INFO | ℹ️ 🔄 Status do checkbox pilar_rotacionado_var: False
2026-03-28 09:18:23 | debug_robo_cima | INFO | ℹ️ 🔄 Status do checkbox pilar_especial_ativo_var: False
2026-03-28 09:18:23 | debug_robo_cima | INFO | ℹ️ Pilar especial INATIVO - pilar_rotacionado: False, pilar_especial: False, globais: False, tipo: ''
2026-03-28 09:18:23 | debug_robo_cima | INFO | 
----------------------------------------
2026-03-28 09:18:23 | debug_robo_cima | INFO | 📌 VERIFICAÇÃO DE PILAR ESPECIAL ATIVO
2026-03-28 09:18:23 | debug_robo_cima | INFO | ----------------------------------------
2026-03-28 09:18:23 | debug_robo_cima | INFO | ℹ️ 🔄 Verificando se pilar especial está ativo...
2026-03-28 09:18:23 | debug_robo_cima | INFO | ℹ️ 🔄 Status do checkbox pilar_rotacionado_var: False
2026-03-28 09:18:23 | debug_robo_cima | INFO | ℹ️ 🔄 Status do checkbox pilar_especial_ativo_var: False
2026-03-28 09:18:23 | debug_robo_cima | INFO | ℹ️ Pilar especial INATIVO - pilar_rotacionado: False, pilar_especial: False, globais: False, tipo: ''
2026-03-28 09:18:23 | debug_robo_cima | INFO | 
----------------------------------------
2026-03-28 09:18:23 | debug_robo_cima | INFO | 📌 VERIFICAÇÃO DE PILAR ESPECIAL ATIVO
2026-03-28 09:18:23 | debug_robo_cima | INFO | ----------------------------------------
2026-03-28 09:18:23 | debug_robo_cima | INFO | ℹ️ 🔄 Verificando se pilar especial está ativo...
2026-03-28 09:18:23 | debug_robo_cima | INFO | ℹ️ 🔄 Status do checkbox pilar_rotacionado_var: False
2026-03-28 09:18:23 | debug_robo_cima | INFO | ℹ️ 🔄 Status do checkbox pilar_especial_ativo_var: False
2026-03-28 09:18:23 | debug_robo_cima | INFO | ℹ️ Pilar especial INATIVO - pilar_rotacionado: False, pilar_especial: False, globais: False, tipo: ''
2026-03-28 09:18:23 | debug_robo_cima | INFO | 
----------------------------------------
2026-03-28 09:18:23 | debug_robo_cima | INFO | 📌 VERIFICAÇÃO DE PILAR ESPECIAL ATIVO
2026-03-28 09:18:23 | debug_robo_cima | INFO | ----------------------------------------
2026-03-28 09:18:23 | debug_robo_cima | INFO | ℹ️ 🔄 Verificando se pilar especial está ativo...
2026-03-28 09:18:23 | debug_robo_cima | INFO | ℹ️ 🔄 Status do checkbox pilar_rotacionado_var: False
2026-03-28 09:18:23 | debug_robo_cima | INFO | ℹ️ 🔄 Status do checkbox pilar_especial_ativo_var: False
2026-03-28 09:18:23 | debug_robo_cima | INFO | ℹ️ Pilar especial INATIVO - pilar_rotacionado: False, pilar_especial: False, globais: False, tipo: ''
2026-03-28 09:18:23 | debug_robo_cima | INFO | 
----------------------------------------
2026-03-28 09:18:23 | debug_robo_cima | INFO | 📌 VERIFICAÇÃO DE PILAR ESPECIAL ATIVO
2026-03-28 09:18:23 | debug_robo_cima | INFO | ----------------------------------------
2026-03-28 09:18:23 | debug_robo_cima | INFO | ℹ️ 🔄 Verificando se pilar especial está ativo...
2026-03-28 09:18:23 | debug_robo_cima | INFO | ℹ️ 🔄 Status do checkbox pilar_rotacionado_var: False
2026-03-28 09:18:23 | debug_robo_cima | INFO | ℹ️ 🔄 Status do checkbox pilar_especial_ativo_var: False
2026-03-28 09:18:23 | debug_robo_cima | INFO | ℹ️ Pilar especial INATIVO - pilar_rotacionado: False, pilar_especial: False, globais: False, tipo: ''
2026-03-28 09:18:23 | debug_robo_cima | INFO | 
----------------------------------------
2026-03-28 09:18:23 | debug_robo_cima | INFO | 📌 VERIFICAÇÃO DE PILAR ESPECIAL ATIVO
2026-03-28 09:18:23 | debug_robo_cima | INFO | ----------------------------------------
2026-03-28 09:18:23 | debug_robo_cima | INFO | ℹ️ 🔄 Verificando se pilar especial está ativo...
2026-03-28 09:18:23 | debug_robo_cima | INFO | ℹ️ 🔄 Status do checkbox pilar_rotacionado_var: False
2026-03-28 09:18:23 | debug_robo_cima | INFO | ℹ️ 🔄 Status do checkbox pilar_especial_ativo_var: False
2026-03-28 09:18:23 | debug_robo_cima | INFO | ℹ️ Pilar especial INATIVO - pilar_rotacionado: False, pilar_especial: False, globais: False, tipo: ''
2026-03-28 09:18:23 | debug_robo_cima | INFO | 
----------------------------------------
2026-03-28 09:18:23 | debug_robo_cima | INFO | 📌 VERIFICAÇÃO DE PILAR ESPECIAL ATIVO
2026-03-28 09:18:23 | debug_robo_cima | INFO | ----------------------------------------
2026-03-28 09:18:23 | debug_robo_cima | INFO | ℹ️ 🔄 Verificando se pilar especial está ativo...
2026-03-28 09:18:23 | debug_robo_cima | INFO | ℹ️ 🔄 Status do checkbox pilar_rotacionado_var: False
2026-03-28 09:18:23 | debug_robo_cima | INFO | ℹ️ 🔄 Status do checkbox pilar_especial_ativo_var: False
2026-03-28 09:18:23 | debug_robo_cima | INFO | ℹ️ Pilar especial INATIVO - pilar_rotacionado: False, pilar_especial: False, globais: False, tipo: ''
2026-03-28 09:18:23 | debug_robo_cima | INFO | 
----------------------------------------
2026-03-28 09:18:23 | debug_robo_cima | INFO | 📌 VERIFICAÇÃO DE PILAR ESPECIAL ATIVO
2026-03-28 09:18:23 | debug_robo_cima | INFO | ----------------------------------------
2026-03-28 09:18:23 | debug_robo_cima | INFO | ℹ️ 🔄 Verificando se pilar especial está ativo...
2026-03-28 09:18:23 | debug_robo_cima | INFO | ℹ️ 🔄 Status do checkbox pilar_rotacionado_var: False
2026-03-28 09:18:23 | debug_robo_cima | INFO | ℹ️ 🔄 Status do checkbox pilar_especial_ativo_var: False
2026-03-28 09:18:23 | debug_robo_cima | INFO | ℹ️ Pilar especial INATIVO - pilar_rotacionado: False, pilar_especial: False, globais: False, tipo: ''
2026-03-28 09:18:23 | debug_robo_cima | INFO | 
----------------------------------------
2026-03-28 09:18:23 | debug_robo_cima | INFO | 📌 VERIFICAÇÃO DE PILAR ESPECIAL ATIVO
2026-03-28 09:18:23 | debug_robo_cima | INFO | ----------------------------------------
2026-03-28 09:18:23 | debug_robo_cima | INFO | ℹ️ 🔄 Verificando se pilar especial está ativo...
2026-03-28 09:18:23 | debug_robo_cima | INFO | ℹ️ 🔄 Status do checkbox pilar_rotacionado_var: False
2026-03-28 09:18:23 | debug_robo_cima | INFO | ℹ️ 🔄 Status do checkbox pilar_especial_ativo_var: False
2026-03-28 09:18:23 | debug_robo_cima | INFO | ℹ️ Pilar especial INATIVO - pilar_rotacionado: False, pilar_especial: False, globais: False, tipo: ''
2026-03-28 09:18:23 | debug_robo_cima | INFO | 
----------------------------------------
2026-03-28 09:18:23 | debug_robo_cima | INFO | 📌 VERIFICAÇÃO DE PILAR ESPECIAL ATIVO
2026-03-28 09:18:23 | debug_robo_cima | INFO | ----------------------------------------
2026-03-28 09:18:23 | debug_robo_cima | INFO | ℹ️ 🔄 Verificando se pilar especial está ativo...
2026-03-28 09:18:23 | debug_robo_cima | INFO | ℹ️ 🔄 Status do checkbox pilar_rotacionado_var: False
2026-03-28 09:18:23 | debug_robo_cima | INFO | ℹ️ 🔄 Status do checkbox pilar_especial_ativo_var: False
2026-03-28 09:18:23 | debug_robo_cima | INFO | ℹ️ Pilar especial INATIVO - pilar_rotacionado: False, pilar_especial: False, globais: False, tipo: ''
2026-03-28 09:18:23 | debug_robo_cima | INFO | 
----------------------------------------
2026-03-28 09:18:23 | debug_robo_cima | INFO | 📌 VERIFICAÇÃO DE PILAR ESPECIAL ATIVO
2026-03-28 09:18:23 | debug_robo_cima | INFO | ----------------------------------------
2026-03-28 09:18:23 | debug_robo_cima | INFO | ℹ️ 🔄 Verificando se pilar especial está ativo...
2026-03-28 09:18:23 | debug_robo_cima | INFO | ℹ️ 🔄 Status do checkbox pilar_rotacionado_var: False
2026-03-28 09:18:23 | debug_robo_cima | INFO | ℹ️ 🔄 Status do checkbox pilar_especial_ativo_var: False
2026-03-28 09:18:23 | debug_robo_cima | INFO | ℹ️ Pilar especial INATIVO - pilar_rotacionado: False, pilar_especial: False, globais: False, tipo: ''
2026-03-28 09:18:23 | debug_robo_cima | INFO | 
----------------------------------------
2026-03-28 09:18:23 | debug_robo_cima | INFO | 📌 VERIFICAÇÃO DE PILAR ESPECIAL ATIVO
2026-03-28 09:18:23 | debug_robo_cima | INFO | ----------------------------------------
2026-03-28 09:18:23 | debug_robo_cima | INFO | ℹ️ 🔄 Verificando se pilar especial está ativo...
2026-03-28 09:18:23 | debug_robo_cima | INFO | ℹ️ 🔄 Status do checkbox pilar_rotacionado_var: False
2026-03-28 09:18:23 | debug_robo_cima | INFO | ℹ️ 🔄 Status do checkbox pilar_especial_ativo_var: False
2026-03-28 09:18:23 | debug_robo_cima | INFO | ℹ️ Pilar especial INATIVO - pilar_rotacionado: False, pilar_especial: False, globais: False, tipo: ''
2026-03-28 09:18:23 | debug_robo_cima | INFO | 
----------------------------------------
2026-03-28 09:18:23 | debug_robo_cima | INFO | 📌 VERIFICAÇÃO DE PILAR ESPECIAL ATIVO
2026-03-28 09:18:23 | debug_robo_cima | INFO | ----------------------------------------
2026-03-28 09:18:23 | debug_robo_cima | INFO | ℹ️ 🔄 Verificando se pilar especial está ativo...
2026-03-28 09:18:23 | debug_robo_cima | INFO | ℹ️ 🔄 Status do checkbox pilar_rotacionado_var: False
2026-03-28 09:18:23 | debug_robo_cima | INFO | ℹ️ 🔄 Status do checkbox pilar_especial_ativo_var: False
2026-03-28 09:18:23 | debug_robo_cima | INFO | ℹ️ Pilar especial INATIVO - pilar_rotacionado: False, pilar_especial: False, globais: False, tipo: ''
2026-03-28 09:18:23 | debug_robo_cima | INFO | 
----------------------------------------
2026-03-28 09:18:23 | debug_robo_cima | INFO | 📌 VERIFICAÇÃO DE PILAR ESPECIAL ATIVO
2026-03-28 09:18:23 | debug_robo_cima | INFO | ----------------------------------------
2026-03-28 09:18:23 | debug_robo_cima | INFO | ℹ️ 🔄 Verificando se pilar especial está ativo...
2026-03-28 09:18:23 | debug_robo_cima | INFO | ℹ️ 🔄 Status do checkbox pilar_rotacionado_var: False
2026-03-28 09:18:23 | debug_robo_cima | INFO | ℹ️ 🔄 Status do checkbox pilar_especial_ativo_var: False
2026-03-28 09:18:23 | debug_robo_cima | INFO | ℹ️ Pilar especial INATIVO - pilar_rotacionado: False, pilar_especial: False, globais: False, tipo: ''
2026-03-28 09:18:23 | debug_robo_cima | INFO | 
----------------------------------------
2026-03-28 09:18:23 | debug_robo_cima | INFO | 📌 VERIFICAÇÃO DE PILAR ESPECIAL ATIVO
2026-03-28 09:18:23 | debug_robo_cima | INFO | ----------------------------------------
2026-03-28 09:18:23 | debug_robo_cima | INFO | ℹ️ 🔄 Verificando se pilar especial está ativo...
2026-03-28 09:18:23 | debug_robo_cima | INFO | ℹ️ 🔄 Status do checkbox pilar_rotacionado_var: False
2026-03-28 09:18:23 | debug_robo_cima | INFO | ℹ️ 🔄 Status do checkbox pilar_especial_ativo_var: False
2026-03-28 09:18:23 | debug_robo_cima | INFO | ℹ️ Pilar especial INATIVO - pilar_rotacionado: False, pilar_especial: False, globais: False, tipo: ''
2026-03-28 09:18:23 | debug_robo_cima | INFO | 
----------------------------------------
2026-03-28 09:18:23 | debug_robo_cima | INFO | 📌 VERIFICAÇÃO DE PILAR ESPECIAL ATIVO
2026-03-28 09:18:23 | debug_robo_cima | INFO | ----------------------------------------
2026-03-28 09:18:23 | debug_robo_cima | INFO | ℹ️ 🔄 Verificando se pilar especial está ativo...
2026-03-28 09:18:23 | debug_robo_cima | INFO | ℹ️ 🔄 Status do checkbox pilar_rotacionado_var: False
2026-03-28 09:18:23 | debug_robo_cima | INFO | ℹ️ 🔄 Status do checkbox pilar_especial_ativo_var: False
2026-03-28 09:18:23 | debug_robo_cima | INFO | ℹ️ Pilar especial INATIVO - pilar_rotacionado: False, pilar_especial: False, globais: False, tipo: ''
2026-03-28 09:18:23 | debug_robo_cima | INFO | 
----------------------------------------
2026-03-28 09:18:23 | debug_robo_cima | INFO | 📌 VERIFICAÇÃO DE PILAR ESPECIAL ATIVO
2026-03-28 09:18:23 | debug_robo_cima | INFO | ----------------------------------------
2026-03-28 09:18:23 | debug_robo_cima | INFO | ℹ️ 🔄 Verificando se pilar especial está ativo...
2026-03-28 09:18:23 | debug_robo_cima | INFO | ℹ️ 🔄 Status do checkbox pilar_rotacionado_var: False
2026-03-28 09:18:23 | debug_robo_cima | INFO | ℹ️ 🔄 Status do checkbox pilar_especial_ativo_var: False
2026-03-28 09:18:23 | debug_robo_cima | INFO | ℹ️ Pilar especial INATIVO - pilar_rotacionado: False, pilar_especial: False, globais: False, tipo: ''
2026-03-28 09:18:23 | debug_robo_cima | INFO | 
----------------------------------------
2026-03-28 09:18:23 | debug_robo_cima | INFO | 📌 VERIFICAÇÃO DE PILAR ESPECIAL ATIVO
2026-03-28 09:18:23 | debug_robo_cima | INFO | ----------------------------------------
2026-03-28 09:18:23 | debug_robo_cima | INFO | ℹ️ 🔄 Verificando se pilar especial está ativo...
2026-03-28 09:18:23 | debug_robo_cima | INFO | ℹ️ 🔄 Status do checkbox pilar_rotacionado_var: False
2026-03-28 09:18:23 | debug_robo_cima | INFO | ℹ️ 🔄 Status do checkbox pilar_especial_ativo_var: False
2026-03-28 09:18:23 | debug_robo_cima | INFO | ℹ️ Pilar especial INATIVO - pilar_rotacionado: False, pilar_especial: False, globais: False, tipo: ''
2026-03-28 09:18:24 | debug_robo_cima | INFO | 
----------------------------------------
2026-03-28 09:18:24 | debug_robo_cima | INFO | 📌 VERIFICAÇÃO DE PILAR ESPECIAL ATIVO
2026-03-28 09:18:24 | debug_robo_cima | INFO | ----------------------------------------
2026-03-28 09:18:24 | debug_robo_cima | INFO | ℹ️ 🔄 Verificando se pilar especial está ativo...
2026-03-28 09:18:24 | debug_robo_cima | INFO | ℹ️ 🔄 Status do checkbox pilar_rotacionado_var: False
2026-03-28 09:18:24 | debug_robo_cima | INFO | ℹ️ 🔄 Status do checkbox pilar_especial_ativo_var: False
2026-03-28 09:18:24 | debug_robo_cima | INFO | ℹ️ Pilar especial INATIVO - pilar_rotacionado: False, pilar_especial: False, globais: False, tipo: ''
2026-03-28 09:18:24 | debug_robo_cima | INFO | 
----------------------------------------
2026-03-28 09:18:24 | debug_robo_cima | INFO | 📌 VERIFICAÇÃO DE PILAR ESPECIAL ATIVO
2026-03-28 09:18:24 | debug_robo_cima | INFO | ----------------------------------------
2026-03-28 09:18:24 | debug_robo_cima | INFO | ℹ️ 🔄 Verificando se pilar especial está ativo...
2026-03-28 09:18:24 | debug_robo_cima | INFO | ℹ️ 🔄 Status do checkbox pilar_rotacionado_var: False
2026-03-28 09:18:24 | debug_robo_cima | INFO | ℹ️ 🔄 Status do checkbox pilar_especial_ativo_var: False
2026-03-28 09:18:24 | debug_robo_cima | INFO | ℹ️ Pilar especial INATIVO - pilar_rotacionado: False, pilar_especial: False, globais: False, tipo: ''
2026-03-28 09:18:24 | debug_robo_cima | INFO | 
----------------------------------------
2026-03-28 09:18:24 | debug_robo_cima | INFO | 📌 VERIFICAÇÃO DE PILAR ESPECIAL ATIVO
2026-03-28 09:18:24 | debug_robo_cima | INFO | ----------------------------------------
2026-03-28 09:18:24 | debug_robo_cima | INFO | ℹ️ 🔄 Verificando se pilar especial está ativo...
2026-03-28 09:18:24 | debug_robo_cima | INFO | ℹ️ 🔄 Status do checkbox pilar_rotacionado_var: False
2026-03-28 09:18:24 | debug_robo_cima | INFO | ℹ️ 🔄 Status do checkbox pilar_especial_ativo_var: False
2026-03-28 09:18:24 | debug_robo_cima | INFO | ℹ️ Pilar especial INATIVO - pilar_rotacionado: False, pilar_especial: False, globais: False, tipo: ''
2026-03-28 09:18:24 | debug_robo_cima | INFO | 
----------------------------------------
2026-03-28 09:18:24 | debug_robo_cima | INFO | 📌 VERIFICAÇÃO DE PILAR ESPECIAL ATIVO
2026-03-28 09:18:24 | debug_robo_cima | INFO | ----------------------------------------
2026-03-28 09:18:24 | debug_robo_cima | INFO | ℹ️ 🔄 Verificando se pilar especial está ativo...
2026-03-28 09:18:24 | debug_robo_cima | INFO | ℹ️ 🔄 Status do checkbox pilar_rotacionado_var: False
2026-03-28 09:18:24 | debug_robo_cima | INFO | ℹ️ 🔄 Status do checkbox pilar_especial_ativo_var: False
2026-03-28 09:18:24 | debug_robo_cima | INFO | ℹ️ Pilar especial INATIVO - pilar_rotacionado: False, pilar_especial: False, globais: False, tipo: ''
2026-03-28 09:18:24 | debug_robo_cima | INFO | 
----------------------------------------
2026-03-28 09:18:24 | debug_robo_cima | INFO | 📌 VERIFICAÇÃO DE PILAR ESPECIAL ATIVO
2026-03-28 09:18:24 | debug_robo_cima | INFO | ----------------------------------------
2026-03-28 09:18:24 | debug_robo_cima | INFO | ℹ️ 🔄 Verificando se pilar especial está ativo...
2026-03-28 09:18:24 | debug_robo_cima | INFO | ℹ️ 🔄 Status do checkbox pilar_rotacionado_var: False
2026-03-28 09:18:24 | debug_robo_cima | INFO | ℹ️ 🔄 Status do checkbox pilar_especial_ativo_var: False
2026-03-28 09:18:24 | debug_robo_cima | INFO | ℹ️ Pilar especial INATIVO - pilar_rotacionado: False, pilar_especial: False, globais: False, tipo: ''
2026-03-28 09:18:24 | debug_robo_cima | INFO | 
----------------------------------------
2026-03-28 09:18:24 | debug_robo_cima | INFO | 📌 VERIFICAÇÃO DE PILAR ESPECIAL ATIVO
2026-03-28 09:18:24 | debug_robo_cima | INFO | ----------------------------------------
2026-03-28 09:18:24 | debug_robo_cima | INFO | ℹ️ 🔄 Verificando se pilar especial está ativo...
2026-03-28 09:18:24 | debug_robo_cima | INFO | ℹ️ 🔄 Status do checkbox pilar_rotacionado_var: False
2026-03-28 09:18:24 | debug_robo_cima | INFO | ℹ️ 🔄 Status do checkbox pilar_especial_ativo_var: False
2026-03-28 09:18:24 | debug_robo_cima | INFO | ℹ️ Pilar especial INATIVO - pilar_rotacionado: False, pilar_especial: False, globais: False, tipo: ''
2026-03-28 09:18:24 | debug_robo_cima | INFO | 
----------------------------------------
2026-03-28 09:18:24 | debug_robo_cima | INFO | 📌 VERIFICAÇÃO DE PILAR ESPECIAL ATIVO
2026-03-28 09:18:24 | debug_robo_cima | INFO | ----------------------------------------
2026-03-28 09:18:24 | debug_robo_cima | INFO | ℹ️ 🔄 Verificando se pilar especial está ativo...
2026-03-28 09:18:24 | debug_robo_cima | INFO | ℹ️ 🔄 Status do checkbox pilar_rotacionado_var: False
2026-03-28 09:18:24 | debug_robo_cima | INFO | ℹ️ 🔄 Status do checkbox pilar_especial_ativo_var: False
2026-03-28 09:18:24 | debug_robo_cima | INFO | ℹ️ Pilar especial INATIVO - pilar_rotacionado: False, pilar_especial: False, globais: False, tipo: ''
2026-03-28 09:18:24 | debug_robo_cima | INFO | 
----------------------------------------
2026-03-28 09:18:24 | debug_robo_cima | INFO | 📌 VERIFICAÇÃO DE PILAR ESPECIAL ATIVO
2026-03-28 09:18:24 | debug_robo_cima | INFO | ----------------------------------------
2026-03-28 09:18:24 | debug_robo_cima | INFO | ℹ️ 🔄 Verificando se pilar especial está ativo...
2026-03-28 09:18:24 | debug_robo_cima | INFO | ℹ️ 🔄 Status do checkbox pilar_rotacionado_var: False
2026-03-28 09:18:24 | debug_robo_cima | INFO | ℹ️ 🔄 Status do checkbox pilar_especial_ativo_var: False
2026-03-28 09:18:24 | debug_robo_cima | INFO | ℹ️ Pilar especial INATIVO - pilar_rotacionado: False, pilar_especial: False, globais: False, tipo: ''
2026-03-28 09:18:24 | debug_robo_cima | INFO | 
----------------------------------------
2026-03-28 09:18:24 | debug_robo_cima | INFO | 📌 VERIFICAÇÃO DE PILAR ESPECIAL ATIVO
2026-03-28 09:18:24 | debug_robo_cima | INFO | ----------------------------------------
2026-03-28 09:18:24 | debug_robo_cima | INFO | ℹ️ 🔄 Verificando se pilar especial está ativo...
2026-03-28 09:18:24 | debug_robo_cima | INFO | ℹ️ 🔄 Status do checkbox pilar_rotacionado_var: False
2026-03-28 09:18:24 | debug_robo_cima | INFO | ℹ️ 🔄 Status do checkbox pilar_especial_ativo_var: False
2026-03-28 09:18:24 | debug_robo_cima | INFO | ℹ️ Pilar especial INATIVO - pilar_rotacionado: False, pilar_especial: False, globais: False, tipo: ''
2026-03-28 09:18:24 | debug_robo_cima | INFO | 
----------------------------------------
2026-03-28 09:18:24 | debug_robo_cima | INFO | 📌 VERIFICAÇÃO DE PILAR ESPECIAL ATIVO
2026-03-28 09:18:24 | debug_robo_cima | INFO | ----------------------------------------
2026-03-28 09:18:24 | debug_robo_cima | INFO | ℹ️ 🔄 Verificando se pilar especial está ativo...
2026-03-28 09:18:24 | debug_robo_cima | INFO | ℹ️ 🔄 Status do checkbox pilar_rotacionado_var: False
2026-03-28 09:18:24 | debug_robo_cima | INFO | ℹ️ 🔄 Status do checkbox pilar_especial_ativo_var: False
2026-03-28 09:18:24 | debug_robo_cima | INFO | ℹ️ Pilar especial INATIVO - pilar_rotacionado: False, pilar_especial: False, globais: False, tipo: ''
2026-03-28 09:18:24 | debug_robo_cima | INFO | 
----------------------------------------
2026-03-28 09:18:24 | debug_robo_cima | INFO | 📌 VERIFICAÇÃO DE PILAR ESPECIAL ATIVO
2026-03-28 09:18:24 | debug_robo_cima | INFO | ----------------------------------------
2026-03-28 09:18:24 | debug_robo_cima | INFO | ℹ️ 🔄 Verificando se pilar especial está ativo...
2026-03-28 09:18:24 | debug_robo_cima | INFO | ℹ️ 🔄 Status do checkbox pilar_rotacionado_var: False
2026-03-28 09:18:24 | debug_robo_cima | INFO | ℹ️ 🔄 Status do checkbox pilar_especial_ativo_var: False
2026-03-28 09:18:24 | debug_robo_cima | INFO | ℹ️ Pilar especial INATIVO - pilar_rotacionado: False, pilar_especial: False, globais: False, tipo: ''
2026-03-28 09:18:24 | debug_robo_cima | INFO | 
----------------------------------------
2026-03-28 09:18:24 | debug_robo_cima | INFO | 📌 VERIFICAÇÃO DE PILAR ESPECIAL ATIVO
2026-03-28 09:18:24 | debug_robo_cima | INFO | ----------------------------------------
2026-03-28 09:18:24 | debug_robo_cima | INFO | ℹ️ 🔄 Verificando se pilar especial está ativo...
2026-03-28 09:18:24 | debug_robo_cima | INFO | ℹ️ 🔄 Status do checkbox pilar_rotacionado_var: False
2026-03-28 09:18:24 | debug_robo_cima | INFO | ℹ️ 🔄 Status do checkbox pilar_especial_ativo_var: False
2026-03-28 09:18:24 | debug_robo_cima | INFO | ℹ️ Pilar especial INATIVO - pilar_rotacionado: False, pilar_especial: False, globais: False, tipo: ''
2026-03-28 09:18:24 | debug_robo_cima | INFO | 
----------------------------------------
2026-03-28 09:18:24 | debug_robo_cima | INFO | 📌 VERIFICAÇÃO DE PILAR ESPECIAL ATIVO
2026-03-28 09:18:24 | debug_robo_cima | INFO | ----------------------------------------
2026-03-28 09:18:24 | debug_robo_cima | INFO | ℹ️ 🔄 Verificando se pilar especial está ativo...
2026-03-28 09:18:24 | debug_robo_cima | INFO | ℹ️ 🔄 Status do checkbox pilar_rotacionado_var: False
2026-03-28 09:18:24 | debug_robo_cima | INFO | ℹ️ 🔄 Status do checkbox pilar_especial_ativo_var: False
2026-03-28 09:18:24 | debug_robo_cima | INFO | ℹ️ Pilar especial INATIVO - pilar_rotacionado: False, pilar_especial: False, globais: False, tipo: ''
2026-03-28 09:18:24 | debug_robo_cima | INFO | 
----------------------------------------
2026-03-28 09:18:24 | debug_robo_cima | INFO | 📌 VERIFICAÇÃO DE PILAR ESPECIAL ATIVO
2026-03-28 09:18:24 | debug_robo_cima | INFO | ----------------------------------------
2026-03-28 09:18:24 | debug_robo_cima | INFO | ℹ️ 🔄 Verificando se pilar especial está ativo...
2026-03-28 09:18:24 | debug_robo_cima | INFO | ℹ️ 🔄 Status do checkbox pilar_rotacionado_var: False
2026-03-28 09:18:24 | debug_robo_cima | INFO | ℹ️ 🔄 Status do checkbox pilar_especial_ativo_var: False
2026-03-28 09:18:24 | debug_robo_cima | INFO | ℹ️ Pilar especial INATIVO - pilar_rotacionado: False, pilar_especial: False, globais: False, tipo: ''
2026-03-28 09:18:24 | debug_robo_cima | INFO | 
----------------------------------------
2026-03-28 09:18:24 | debug_robo_cima | INFO | 📌 VERIFICAÇÃO DE PILAR ESPECIAL ATIVO
2026-03-28 09:18:24 | debug_robo_cima | INFO | ----------------------------------------
2026-03-28 09:18:24 | debug_robo_cima | INFO | ℹ️ 🔄 Verificando se pilar especial está ativo...
2026-03-28 09:18:24 | debug_robo_cima | INFO | ℹ️ 🔄 Status do checkbox pilar_rotacionado_var: False
2026-03-28 09:18:24 | debug_robo_cima | INFO | ℹ️ 🔄 Status do checkbox pilar_especial_ativo_var: False
2026-03-28 09:18:24 | debug_robo_cima | INFO | ℹ️ Pilar especial INATIVO - pilar_rotacionado: False, pilar_especial: False, globais: False, tipo: ''
2026-03-28 09:18:24 | debug_robo_cima | INFO | 
----------------------------------------
2026-03-28 09:18:24 | debug_robo_cima | INFO | 📌 VERIFICAÇÃO DE PILAR ESPECIAL ATIVO
2026-03-28 09:18:24 | debug_robo_cima | INFO | ----------------------------------------
2026-03-28 09:18:24 | debug_robo_cima | INFO | ℹ️ 🔄 Verificando se pilar especial está ativo...
2026-03-28 09:18:24 | debug_robo_cima | INFO | ℹ️ 🔄 Status do checkbox pilar_rotacionado_var: False
2026-03-28 09:18:24 | debug_robo_cima | INFO | ℹ️ 🔄 Status do checkbox pilar_especial_ativo_var: False
2026-03-28 09:18:24 | debug_robo_cima | INFO | ℹ️ Pilar especial INATIVO - pilar_rotacionado: False, pilar_especial: False, globais: False, tipo: ''
2026-03-28 09:18:24 | debug_robo_cima | INFO | 
----------------------------------------
2026-03-28 09:18:24 | debug_robo_cima | INFO | 📌 VERIFICAÇÃO DE PILAR ESPECIAL ATIVO
2026-03-28 09:18:24 | debug_robo_cima | INFO | ----------------------------------------
2026-03-28 09:18:24 | debug_robo_cima | INFO | ℹ️ 🔄 Verificando se pilar especial está ativo...
2026-03-28 09:18:24 | debug_robo_cima | INFO | ℹ️ 🔄 Status do checkbox pilar_rotacionado_var: False
2026-03-28 09:18:24 | debug_robo_cima | INFO | ℹ️ 🔄 Status do checkbox pilar_especial_ativo_var: False
2026-03-28 09:18:24 | debug_robo_cima | INFO | ℹ️ Pilar especial INATIVO - pilar_rotacionado: False, pilar_especial: False, globais: False, tipo: ''
2026-03-28 09:18:24 | debug_robo_cima | INFO | 
----------------------------------------
2026-03-28 09:18:24 | debug_robo_cima | INFO | 📌 VERIFICAÇÃO DE PILAR ESPECIAL ATIVO
2026-03-28 09:18:24 | debug_robo_cima | INFO | ----------------------------------------
2026-03-28 09:18:24 | debug_robo_cima | INFO | ℹ️ 🔄 Verificando se pilar especial está ativo...
2026-03-28 09:18:24 | debug_robo_cima | INFO | ℹ️ 🔄 Status do checkbox pilar_rotacionado_var: False
2026-03-28 09:18:24 | debug_robo_cima | INFO | ℹ️ 🔄 Status do checkbox pilar_especial_ativo_var: False
2026-03-28 09:18:24 | debug_robo_cima | INFO | ℹ️ Pilar especial INATIVO - pilar_rotacionado: False, pilar_especial: False, globais: False, tipo: ''
2026-03-28 09:18:24 | debug_robo_cima | INFO | 
----------------------------------------
2026-03-28 09:18:24 | debug_robo_cima | INFO | 📌 VERIFICAÇÃO DE PILAR ESPECIAL ATIVO
2026-03-28 09:18:24 | debug_robo_cima | INFO | ----------------------------------------
2026-03-28 09:18:24 | debug_robo_cima | INFO | ℹ️ 🔄 Verificando se pilar especial está ativo...
2026-03-28 09:18:24 | debug_robo_cima | INFO | ℹ️ 🔄 Status do checkbox pilar_rotacionado_var: False
2026-03-28 09:18:24 | debug_robo_cima | INFO | ℹ️ 🔄 Status do checkbox pilar_especial_ativo_var: False
2026-03-28 09:18:24 | debug_robo_cima | INFO | ℹ️ Pilar especial INATIVO - pilar_rotacionado: False, pilar_especial: False, globais: False, tipo: ''
2026-03-28 09:18:24 | debug_robo_cima | INFO | 
----------------------------------------
2026-03-28 09:18:24 | debug_robo_cima | INFO | 📌 VERIFICAÇÃO DE PILAR ESPECIAL ATIVO
2026-03-28 09:18:24 | debug_robo_cima | INFO | ----------------------------------------
2026-03-28 09:18:24 | debug_robo_cima | INFO | ℹ️ 🔄 Verificando se pilar especial está ativo...
2026-03-28 09:18:24 | debug_robo_cima | INFO | ℹ️ 🔄 Status do checkbox pilar_rotacionado_var: False
2026-03-28 09:18:24 | debug_robo_cima | INFO | ℹ️ 🔄 Status do checkbox pilar_especial_ativo_var: False
2026-03-28 09:18:24 | debug_robo_cima | INFO | ℹ️ Pilar especial INATIVO - pilar_rotacionado: False, pilar_especial: False, globais: False, tipo: ''
2026-03-28 09:18:24 | debug_robo_cima | INFO | 
----------------------------------------
2026-03-28 09:18:24 | debug_robo_cima | INFO | 📌 VERIFICAÇÃO DE PILAR ESPECIAL ATIVO
2026-03-28 09:18:24 | debug_robo_cima | INFO | ----------------------------------------
2026-03-28 09:18:24 | debug_robo_cima | INFO | ℹ️ 🔄 Verificando se pilar especial está ativo...
2026-03-28 09:18:24 | debug_robo_cima | INFO | ℹ️ 🔄 Status do checkbox pilar_rotacionado_var: False
2026-03-28 09:18:24 | debug_robo_cima | INFO | ℹ️ 🔄 Status do checkbox pilar_especial_ativo_var: False
2026-03-28 09:18:24 | debug_robo_cima | INFO | ℹ️ Pilar especial INATIVO - pilar_rotacionado: False, pilar_especial: False, globais: False, tipo: ''
2026-03-28 09:18:24 | debug_robo_cima | INFO | 
----------------------------------------
2026-03-28 09:18:24 | debug_robo_cima | INFO | 📌 VERIFICAÇÃO DE PILAR ESPECIAL ATIVO
2026-03-28 09:18:24 | debug_robo_cima | INFO | ----------------------------------------
2026-03-28 09:18:24 | debug_robo_cima | INFO | ℹ️ 🔄 Verificando se pilar especial está ativo...
2026-03-28 09:18:24 | debug_robo_cima | INFO | ℹ️ 🔄 Status do checkbox pilar_rotacionado_var: False
2026-03-28 09:18:24 | debug_robo_cima | INFO | ℹ️ 🔄 Status do checkbox pilar_especial_ativo_var: False
2026-03-28 09:18:24 | debug_robo_cima | INFO | ℹ️ Pilar especial INATIVO - pilar_rotacionado: False, pilar_especial: False, globais: False, tipo: ''
2026-03-28 09:18:24 | debug_robo_cima | INFO | 
----------------------------------------
2026-03-28 09:18:24 | debug_robo_cima | INFO | 📌 VERIFICAÇÃO DE PILAR ESPECIAL ATIVO
2026-03-28 09:18:24 | debug_robo_cima | INFO | ----------------------------------------
2026-03-28 09:18:24 | debug_robo_cima | INFO | ℹ️ 🔄 Verificando se pilar especial está ativo...
2026-03-28 09:18:24 | debug_robo_cima | INFO | ℹ️ 🔄 Status do checkbox pilar_rotacionado_var: False
2026-03-28 09:18:24 | debug_robo_cima | INFO | ℹ️ 🔄 Status do checkbox pilar_especial_ativo_var: False
2026-03-28 09:18:24 | debug_robo_cima | INFO | ℹ️ Pilar especial INATIVO - pilar_rotacionado: False, pilar_especial: False, globais: False, tipo: ''
2026-03-28 09:18:24 | debug_robo_cima | INFO | 
----------------------------------------
2026-03-28 09:18:24 | debug_robo_cima | INFO | 📌 VERIFICAÇÃO DE PILAR ESPECIAL ATIVO
2026-03-28 09:18:24 | debug_robo_cima | INFO | ----------------------------------------
2026-03-28 09:18:24 | debug_robo_cima | INFO | ℹ️ 🔄 Verificando se pilar especial está ativo...
2026-03-28 09:18:24 | debug_robo_cima | INFO | ℹ️ 🔄 Status do checkbox pilar_rotacionado_var: False
2026-03-28 09:18:24 | debug_robo_cima | INFO | ℹ️ 🔄 Status do checkbox pilar_especial_ativo_var: False
2026-03-28 09:18:24 | debug_robo_cima | INFO | ℹ️ Pilar especial INATIVO - pilar_rotacionado: False, pilar_especial: False, globais: False, tipo: ''
2026-03-28 09:18:24 | debug_robo_cima | INFO | 
----------------------------------------
2026-03-28 09:18:24 | debug_robo_cima | INFO | 📌 VERIFICAÇÃO DE PILAR ESPECIAL ATIVO
2026-03-28 09:18:24 | debug_robo_cima | INFO | ----------------------------------------
2026-03-28 09:18:24 | debug_robo_cima | INFO | ℹ️ 🔄 Verificando se pilar especial está ativo...
2026-03-28 09:18:24 | debug_robo_cima | INFO | ℹ️ 🔄 Status do checkbox pilar_rotacionado_var: False
2026-03-28 09:18:24 | debug_robo_cima | INFO | ℹ️ 🔄 Status do checkbox pilar_especial_ativo_var: False
2026-03-28 09:18:24 | debug_robo_cima | INFO | ℹ️ Pilar especial INATIVO - pilar_rotacionado: False, pilar_especial: False, globais: False, tipo: ''
2026-03-28 09:18:24 | debug_robo_cima | INFO | 
----------------------------------------
2026-03-28 09:18:24 | debug_robo_cima | INFO | 📌 VERIFICAÇÃO DE PILAR ESPECIAL ATIVO
2026-03-28 09:18:24 | debug_robo_cima | INFO | ----------------------------------------
2026-03-28 09:18:24 | debug_robo_cima | INFO | ℹ️ 🔄 Verificando se pilar especial está ativo...
2026-03-28 09:18:24 | debug_robo_cima | INFO | ℹ️ 🔄 Status do checkbox pilar_rotacionado_var: False
2026-03-28 09:18:24 | debug_robo_cima | INFO | ℹ️ 🔄 Status do checkbox pilar_especial_ativo_var: False
2026-03-28 09:18:24 | debug_robo_cima | INFO | ℹ️ Pilar especial INATIVO - pilar_rotacionado: False, pilar_especial: False, globais: False, tipo: ''
2026-03-28 09:18:24 | debug_robo_cima | INFO | 
----------------------------------------
2026-03-28 09:18:24 | debug_robo_cima | INFO | 📌 VERIFICAÇÃO DE PILAR ESPECIAL ATIVO
2026-03-28 09:18:24 | debug_robo_cima | INFO | ----------------------------------------
2026-03-28 09:18:24 | debug_robo_cima | INFO | ℹ️ 🔄 Verificando se pilar especial está ativo...
2026-03-28 09:18:24 | debug_robo_cima | INFO | ℹ️ 🔄 Status do checkbox pilar_rotacionado_var: False
2026-03-28 09:18:24 | debug_robo_cima | INFO | ℹ️ 🔄 Status do checkbox pilar_especial_ativo_var: False
2026-03-28 09:18:24 | debug_robo_cima | INFO | ℹ️ Pilar especial INATIVO - pilar_rotacionado: False, pilar_especial: False, globais: False, tipo: ''
2026-03-28 09:18:24 | debug_robo_cima | INFO | 
----------------------------------------
2026-03-28 09:18:24 | debug_robo_cima | INFO | 📌 VERIFICAÇÃO DE PILAR ESPECIAL ATIVO
2026-03-28 09:18:24 | debug_robo_cima | INFO | ----------------------------------------
2026-03-28 09:18:24 | debug_robo_cima | INFO | ℹ️ 🔄 Verificando se pilar especial está ativo...
2026-03-28 09:18:24 | debug_robo_cima | INFO | ℹ️ 🔄 Status do checkbox pilar_rotacionado_var: False
2026-03-28 09:18:24 | debug_robo_cima | INFO | ℹ️ 🔄 Status do checkbox pilar_especial_ativo_var: False
2026-03-28 09:18:24 | debug_robo_cima | INFO | ℹ️ Pilar especial INATIVO - pilar_rotacionado: False, pilar_especial: False, globais: False, tipo: ''
2026-03-28 09:18:24 | debug_robo_cima | INFO | 
============================================================
2026-03-28 09:18:24 | debug_robo_cima | INFO | 📋 GERAÇÃO DE SCRIPT CIMA
2026-03-28 09:18:24 | debug_robo_cima | INFO | ============================================================
2026-03-28 09:18:24 | debug_robo_cima | INFO | ℹ️ 🔄 === INÍCIO DO gerar_script() ===
2026-03-28 09:18:24 | debug_robo_cima | INFO | ℹ️ 🔄 Estado inicial das globais: ID=1996916051008, len=0
2026-03-28 09:18:24 | debug_robo_cima | WARNING | ⚠️ _globais_pilar_especial está vazio ou None!
2026-03-28 09:18:24 | debug_robo_cima | INFO | ℹ️ 🔄 Status pilar_rotacionado no inicio: False
2026-03-28 09:18:24 | debug_robo_cima | INFO | ℹ️ 🔄 Prestes a chamar _verificar_pilar_especial_ativo()...
2026-03-28 09:18:24 | debug_robo_cima | INFO | ℹ️ 🔄 Estado das globais ANTES da verificação: False
2026-03-28 09:18:24 | debug_robo_cima | INFO | 
----------------------------------------
2026-03-28 09:18:24 | debug_robo_cima | INFO | 📌 VERIFICAÇÃO DE PILAR ESPECIAL ATIVO
2026-03-28 09:18:24 | debug_robo_cima | INFO | ----------------------------------------
2026-03-28 09:18:24 | debug_robo_cima | INFO | ℹ️ 🔄 Verificando se pilar especial está ativo...
2026-03-28 09:18:24 | debug_robo_cima | INFO | ℹ️ 🔄 Status do checkbox pilar_rotacionado_var: False
2026-03-28 09:18:24 | debug_robo_cima | INFO | ℹ️ 🔄 Status do checkbox pilar_especial_ativo_var: False
2026-03-28 09:18:24 | debug_robo_cima | INFO | ℹ️ Pilar especial INATIVO - pilar_rotacionado: False, pilar_especial: False, globais: False, tipo: ''
2026-03-28 09:18:24 | debug_robo_cima | INFO | ℹ️ 🔄 Resultado da verificação: False
2026-03-28 09:18:24 | debug_robo_cima | INFO | ℹ️ 🔄 Estado das globais APÓS a verificação: False
2026-03-28 09:18:24 | debug_robo_cima | INFO | ℹ️ 🔄 Pilar especial ativo: False
2026-03-28 09:18:24 | debug_robo_cima | INFO | 
----------------------------------------
2026-03-28 09:18:24 | debug_robo_cima | INFO | 📌 APLICAÇÃO DE ALTERAÇÕES PILAR ESPECIAL - PAI.B
2026-03-28 09:18:24 | debug_robo_cima | INFO | ----------------------------------------
2026-03-28 09:18:24 | debug_robo_cima | INFO | ℹ️ 🔄 Aplicando alterações do pilar especial para PAI.B...
2026-03-28 09:18:24 | debug_robo_cima | WARNING | ⚠️ Pilar especial INATIVO (sem globais no gerador) - retornando valor original: -51
2026-03-28 09:18:24 | debug_robo_cima | WARNING | ⚠️ Pilar especial INATIVO (sem globais no gerador) - retornando valor original: 95.0
2026-03-28 09:18:24 | debug_robo_cima | WARNING | ⚠️ Pilar especial INATIVO (sem globais no gerador) - retornando valor original: 202.0
2026-03-28 09:18:24 | debug_robo_cima | INFO | ℹ️ 🔄 PAI.B - Posição X: -51 -> -51
2026-03-28 09:18:24 | debug_robo_cima | INFO | ℹ️ 🔄 PAI.B - Posição Y: 95.0 -> 95.0
2026-03-28 09:18:24 | debug_robo_cima | INFO | ℹ️ 🔄 PAI.B - Comprimento: 202.0 -> 202.0
2026-03-28 09:18:24 | debug_robo_cima | WARNING | ⚠️ Pilar especial INATIVO (sem globais no gerador) - retornando valor original: -51
2026-03-28 09:18:24 | debug_robo_cima | WARNING | ⚠️ Pilar especial INATIVO (sem globais no gerador) - retornando valor original: 70
2026-03-28 09:18:24 | debug_robo_cima | WARNING | ⚠️ Pilar especial INATIVO (sem globais no gerador) - retornando valor original: 202.0
2026-03-28 09:18:24 | debug_robo_cima | INFO | ℹ️ [REFERENCIA-DINAMICA] Parede esquerda PAI.A FINAL REAL registrada: -51
2026-03-28 09:18:24 | debug_robo_cima | WARNING | ⚠️ Pilar especial INATIVO (sem globais no gerador) - retornando valor original: -71
2026-03-28 09:18:24 | debug_robo_cima | WARNING | ⚠️ Pilar especial INATIVO (sem globais no gerador) - retornando valor original: 242.0
2026-03-28 09:18:24 | debug_robo_cima | INFO | ℹ️ 🔧 METAL A - posX=-71, posY=61.0, comp=242.0, endX=171.0, largura=7
2026-03-28 09:18:24 | debug_robo_cima | WARNING | ⚠️ Pilar especial INATIVO (sem globais no gerador) - retornando valor original: -71
2026-03-28 09:18:24 | debug_robo_cima | WARNING | ⚠️ Pilar especial INATIVO (sem globais no gerador) - retornando valor original: 242.0
2026-03-28 09:18:24 | debug_robo_cima | INFO | ℹ️ 🔧 METAL B - posX=-71, posY=104.0, comp=242.0, endX=171.0, largura=7
2026-03-28 09:18:24 | debug_robo_cima | INFO | ℹ️ DEBUG: Valores lidos Grade A - grade1=100.0, grade2=100.0, grade3=0.0, dist1=2.0, dist2=0.0
2026-03-28 09:18:24 | debug_robo_cima | INFO | ℹ️ DEBUG: Condição Grade A - grade1 > 0: True, grade2 > 0: True, grade3 > 0: False
2026-03-28 09:18:24 | debug_robo_cima | INFO | ℹ️ DEBUG: Condição Grade A - grade1 > 0 or grade2 > 0 or grade3 > 0: True
2026-03-28 09:18:24 | debug_robo_cima | INFO | ℹ️ GRA.A usando valores específicos: comprimentos=[100.0, 100.0, 0.0], espacos=[2.0, 0.0]
2026-03-28 09:18:24 | debug_robo_cima | INFO | 
----------------------------------------
2026-03-28 09:18:24 | debug_robo_cima | INFO | 📌 VERIFICAÇÃO DE PILAR ESPECIAL ATIVO
2026-03-28 09:18:24 | debug_robo_cima | INFO | ----------------------------------------
2026-03-28 09:18:24 | debug_robo_cima | INFO | ℹ️ 🔄 Verificando se pilar especial está ativo...
2026-03-28 09:18:24 | debug_robo_cima | INFO | ℹ️ 🔄 Status do checkbox pilar_rotacionado_var: False
2026-03-28 09:18:24 | debug_robo_cima | INFO | ℹ️ 🔄 Status do checkbox pilar_especial_ativo_var: False
2026-03-28 09:18:24 | debug_robo_cima | INFO | ℹ️ Pilar especial INATIVO - pilar_rotacionado: False, pilar_especial: False, globais: False, tipo: ''
2026-03-28 09:18:24 | debug_robo_cima | INFO | 
----------------------------------------
2026-03-28 09:18:24 | debug_robo_cima | INFO | 📌 VERIFICAÇÃO DE PILAR ESPECIAL ATIVO
2026-03-28 09:18:24 | debug_robo_cima | INFO | ----------------------------------------
2026-03-28 09:18:24 | debug_robo_cima | INFO | ℹ️ 🔄 Verificando se pilar especial está ativo...
2026-03-28 09:18:24 | debug_robo_cima | INFO | ℹ️ 🔄 Status do checkbox pilar_rotacionado_var: False
2026-03-28 09:18:24 | debug_robo_cima | INFO | ℹ️ 🔄 Status do checkbox pilar_especial_ativo_var: False
2026-03-28 09:18:24 | debug_robo_cima | INFO | ℹ️ Pilar especial INATIVO - pilar_rotacionado: False, pilar_especial: False, globais: False, tipo: ''
2026-03-28 09:18:24 | debug_robo_cima | INFO | ℹ️ DEBUG: Valores lidos Grade B - grade1_grupo2=0.0, grade2_grupo2=100.0, grade3_grupo2=100.0, dist1_grupo2=0.0, dist2_grupo2=2.0
2026-03-28 09:18:24 | debug_robo_cima | INFO | ℹ️ DEBUG: Condição Grade B - grade1_grupo2 > 0: False, grade2_grupo2 > 0: True, grade3_grupo2 > 0: True
2026-03-28 09:18:24 | debug_robo_cima | INFO | ℹ️ DEBUG: Condição Grade B - grade1_grupo2 > 0 or grade2_grupo2 > 0 or grade3_grupo2 > 0: True
2026-03-28 09:18:24 | debug_robo_cima | INFO | ℹ️ GRA.B usando valores específicos: comprimentos=[0.0, 100.0, 100.0], espacos=[0.0, 2.0]
2026-03-28 09:18:24 | debug_robo_cima | INFO | 
----------------------------------------
2026-03-28 09:18:24 | debug_robo_cima | INFO | 📌 VERIFICAÇÃO DE PILAR ESPECIAL ATIVO
2026-03-28 09:18:24 | debug_robo_cima | INFO | ----------------------------------------
2026-03-28 09:18:24 | debug_robo_cima | INFO | ℹ️ 🔄 Verificando se pilar especial está ativo...
2026-03-28 09:18:24 | debug_robo_cima | INFO | ℹ️ 🔄 Status do checkbox pilar_rotacionado_var: False
2026-03-28 09:18:24 | debug_robo_cima | INFO | ℹ️ 🔄 Status do checkbox pilar_especial_ativo_var: False
2026-03-28 09:18:24 | debug_robo_cima | INFO | ℹ️ Pilar especial INATIVO - pilar_rotacionado: False, pilar_especial: False, globais: False, tipo: ''
2026-03-28 09:18:24 | debug_robo_cima | INFO | 
----------------------------------------
2026-03-28 09:18:24 | debug_robo_cima | INFO | 📌 VERIFICAÇÃO DE PILAR ESPECIAL ATIVO
2026-03-28 09:18:24 | debug_robo_cima | INFO | ----------------------------------------
2026-03-28 09:18:24 | debug_robo_cima | INFO | ℹ️ 🔄 Verificando se pilar especial está ativo...
2026-03-28 09:18:24 | debug_robo_cima | INFO | ℹ️ 🔄 Status do checkbox pilar_rotacionado_var: False
2026-03-28 09:18:24 | debug_robo_cima | INFO | ℹ️ 🔄 Status do checkbox pilar_especial_ativo_var: False
2026-03-28 09:18:24 | debug_robo_cima | INFO | ℹ️ Pilar especial INATIVO - pilar_rotacionado: False, pilar_especial: False, globais: False, tipo: ''
2026-03-28 09:18:24 | debug_robo_cima | WARNING | ⚠️ Pilar especial INATIVO (sem globais no gerador) - retornando valor original: -52
2026-03-28 09:18:24 | debug_robo_cima | INFO | 
----------------------------------------
2026-03-28 09:18:24 | debug_robo_cima | INFO | 📌 VERIFICAÇÃO DE PILAR ESPECIAL ATIVO
2026-03-28 09:18:24 | debug_robo_cima | INFO | ----------------------------------------
2026-03-28 09:18:24 | debug_robo_cima | INFO | ℹ️ 🔄 Verificando se pilar especial está ativo...
2026-03-28 09:18:24 | debug_robo_cima | INFO | ℹ️ 🔄 Status do checkbox pilar_rotacionado_var: False
2026-03-28 09:18:24 | debug_robo_cima | INFO | ℹ️ 🔄 Status do checkbox pilar_especial_ativo_var: False
2026-03-28 09:18:24 | debug_robo_cima | INFO | ℹ️ Pilar especial INATIVO - pilar_rotacionado: False, pilar_especial: False, globais: False, tipo: ''
2026-03-28 09:18:24 | debug_robo_cima | INFO | 
----------------------------------------
2026-03-28 09:18:24 | debug_robo_cima | INFO | 📌 DECISÃO DE COMANDO SCALE/ROTATE
2026-03-28 09:18:24 | debug_robo_cima | INFO | ----------------------------------------
2026-03-28 09:18:24 | debug_robo_cima | INFO | ℹ️ 🔄 Verificando qual comando usar (SCALE ou ROTATE)...
2026-03-28 09:18:24 | debug_robo_cima | INFO | ℹ️ 🔄 Status pilar_rotacionado = False, usar_scale = True
2026-03-28 09:18:24 | debug_robo_cima | INFO | ℹ️ ✅ Usando _SCALE
2026-03-28 09:18:24 | debug_robo_cima | INFO | ℹ️ 🔄 Verificando se é pilar especial: False
2026-03-28 09:18:24 | debug_robo_cima | INFO | ℹ️ ✅ Pilar normal - usando valores padrão no _SCALE
2026-03-28 09:18:24 | debug_robo_cima | INFO | ℹ️ ✅ Script gerado com sucesso!
2026-03-28 09:18:24 | debug_robo_cima | INFO | 🔄 Script gerado: Tamanho: 5028 caracteres
2026-03-28 09:18:24 | debug_robo_cima | INFO | 
============================================================
2026-03-28 09:18:24 | debug_robo_cima | INFO | 📋 FIM DA GERAÇÃO DE SCRIPT CIMA
2026-03-28 09:18:24 | debug_robo_cima | INFO | ============================================================
2026-03-28 09:18:26 | debug_robo_cima | INFO | ℹ️ 🔄 Instância do GeradorPilar registrada globalmente
2026-03-28 09:18:26 | debug_robo_cima | INFO | ℹ️ 🔄 Globais do pilar especial inicializadas
2026-03-28 09:18:26 | debug_robo_cima | INFO | 
----------------------------------------
2026-03-28 09:18:26 | debug_robo_cima | INFO | 📌 VERIFICAÇÃO DE PILAR ESPECIAL ATIVO
2026-03-28 09:18:26 | debug_robo_cima | INFO | ----------------------------------------
2026-03-28 09:18:26 | debug_robo_cima | INFO | ℹ️ 🔄 Verificando se pilar especial está ativo...
2026-03-28 09:18:26 | debug_robo_cima | INFO | ℹ️ 🔄 Status do checkbox pilar_rotacionado_var: False
2026-03-28 09:18:26 | debug_robo_cima | INFO | ℹ️ 🔄 Status do checkbox pilar_especial_ativo_var: False
2026-03-28 09:18:26 | debug_robo_cima | INFO | ℹ️ Pilar especial INATIVO - pilar_rotacionado: False, pilar_especial: False, globais: False, tipo: ''
2026-03-28 09:18:26 | debug_robo_cima | INFO | 
----------------------------------------
2026-03-28 09:18:26 | debug_robo_cima | INFO | 📌 VERIFICAÇÃO DE PILAR ESPECIAL ATIVO
2026-03-28 09:18:26 | debug_robo_cima | INFO | ----------------------------------------
2026-03-28 09:18:26 | debug_robo_cima | INFO | ℹ️ 🔄 Verificando se pilar especial está ativo...
2026-03-28 09:18:26 | debug_robo_cima | INFO | ℹ️ 🔄 Status do checkbox pilar_rotacionado_var: False
2026-03-28 09:18:26 | debug_robo_cima | INFO | ℹ️ 🔄 Status do checkbox pilar_especial_ativo_var: False
2026-03-28 09:18:26 | debug_robo_cima | INFO | ℹ️ Pilar especial INATIVO - pilar_rotacionado: False, pilar_especial: False, globais: False, tipo: ''
2026-03-28 09:18:26 | debug_robo_cima | INFO | 
----------------------------------------
2026-03-28 09:18:26 | debug_robo_cima | INFO | 📌 VERIFICAÇÃO DE PILAR ESPECIAL ATIVO
2026-03-28 09:18:26 | debug_robo_cima | INFO | ----------------------------------------
2026-03-28 09:18:26 | debug_robo_cima | INFO | ℹ️ 🔄 Verificando se pilar especial está ativo...
2026-03-28 09:18:26 | debug_robo_cima | INFO | ℹ️ 🔄 Status do checkbox pilar_rotacionado_var: False
2026-03-28 09:18:26 | debug_robo_cima | INFO | ℹ️ 🔄 Status do checkbox pilar_especial_ativo_var: False
2026-03-28 09:18:26 | debug_robo_cima | INFO | ℹ️ Pilar especial INATIVO - pilar_rotacionado: False, pilar_especial: False, globais: False, tipo: ''
2026-03-28 09:18:26 | debug_robo_cima | INFO | 
----------------------------------------
2026-03-28 09:18:26 | debug_robo_cima | INFO | 📌 VERIFICAÇÃO DE PILAR ESPECIAL ATIVO
2026-03-28 09:18:26 | debug_robo_cima | INFO | ----------------------------------------
2026-03-28 09:18:26 | debug_robo_cima | INFO | ℹ️ 🔄 Verificando se pilar especial está ativo...
2026-03-28 09:18:26 | debug_robo_cima | INFO | ℹ️ 🔄 Status do checkbox pilar_rotacionado_var: False
2026-03-28 09:18:26 | debug_robo_cima | INFO | ℹ️ 🔄 Status do checkbox pilar_especial_ativo_var: False
2026-03-28 09:18:26 | debug_robo_cima | INFO | ℹ️ Pilar especial INATIVO - pilar_rotacionado: False, pilar_especial: False, globais: False, tipo: ''
2026-03-28 09:18:26 | debug_robo_cima | INFO | 
----------------------------------------
2026-03-28 09:18:26 | debug_robo_cima | INFO | 📌 VERIFICAÇÃO DE PILAR ESPECIAL ATIVO
2026-03-28 09:18:26 | debug_robo_cima | INFO | ----------------------------------------
2026-03-28 09:18:26 | debug_robo_cima | INFO | ℹ️ 🔄 Verificando se pilar especial está ativo...
2026-03-28 09:18:26 | debug_robo_cima | INFO | ℹ️ 🔄 Status do checkbox pilar_rotacionado_var: False
2026-03-28 09:18:26 | debug_robo_cima | INFO | ℹ️ 🔄 Status do checkbox pilar_especial_ativo_var: False
2026-03-28 09:18:26 | debug_robo_cima | INFO | ℹ️ Pilar especial INATIVO - pilar_rotacionado: False, pilar_especial: False, globais: False, tipo: ''
2026-03-28 09:18:26 | debug_robo_cima | INFO | 
----------------------------------------
2026-03-28 09:18:26 | debug_robo_cima | INFO | 📌 VERIFICAÇÃO DE PILAR ESPECIAL ATIVO
2026-03-28 09:18:26 | debug_robo_cima | INFO | ----------------------------------------
2026-03-28 09:18:26 | debug_robo_cima | INFO | ℹ️ 🔄 Verificando se pilar especial está ativo...
2026-03-28 09:18:26 | debug_robo_cima | INFO | ℹ️ 🔄 Status do checkbox pilar_rotacionado_var: False
2026-03-28 09:18:26 | debug_robo_cima | INFO | ℹ️ 🔄 Status do checkbox pilar_especial_ativo_var: False
2026-03-28 09:18:26 | debug_robo_cima | INFO | ℹ️ Pilar especial INATIVO - pilar_rotacionado: False, pilar_especial: False, globais: False, tipo: ''
2026-03-28 09:18:26 | debug_robo_cima | INFO | 
----------------------------------------
2026-03-28 09:18:26 | debug_robo_cima | INFO | 📌 VERIFICAÇÃO DE PILAR ESPECIAL ATIVO
2026-03-28 09:18:26 | debug_robo_cima | INFO | ----------------------------------------
2026-03-28 09:18:26 | debug_robo_cima | INFO | ℹ️ 🔄 Verificando se pilar especial está ativo...
2026-03-28 09:18:26 | debug_robo_cima | INFO | ℹ️ 🔄 Status do checkbox pilar_rotacionado_var: False
2026-03-28 09:18:26 | debug_robo_cima | INFO | ℹ️ 🔄 Status do checkbox pilar_especial_ativo_var: False
2026-03-28 09:18:26 | debug_robo_cima | INFO | ℹ️ Pilar especial INATIVO - pilar_rotacionado: False, pilar_especial: False, globais: False, tipo: ''
2026-03-28 09:18:26 | debug_robo_cima | INFO | 
----------------------------------------
2026-03-28 09:18:26 | debug_robo_cima | INFO | 📌 VERIFICAÇÃO DE PILAR ESPECIAL ATIVO
2026-03-28 09:18:26 | debug_robo_cima | INFO | ----------------------------------------
2026-03-28 09:18:26 | debug_robo_cima | INFO | ℹ️ 🔄 Verificando se pilar especial está ativo...
2026-03-28 09:18:26 | debug_robo_cima | INFO | ℹ️ 🔄 Status do checkbox pilar_rotacionado_var: False
2026-03-28 09:18:26 | debug_robo_cima | INFO | ℹ️ 🔄 Status do checkbox pilar_especial_ativo_var: False
2026-03-28 09:18:26 | debug_robo_cima | INFO | ℹ️ Pilar especial INATIVO - pilar_rotacionado: False, pilar_especial: False, globais: False, tipo: ''
2026-03-28 09:18:26 | debug_robo_cima | INFO | 
----------------------------------------
2026-03-28 09:18:26 | debug_robo_cima | INFO | 📌 VERIFICAÇÃO DE PILAR ESPECIAL ATIVO
2026-03-28 09:18:26 | debug_robo_cima | INFO | ----------------------------------------
2026-03-28 09:18:26 | debug_robo_cima | INFO | ℹ️ 🔄 Verificando se pilar especial está ativo...
2026-03-28 09:18:26 | debug_robo_cima | INFO | ℹ️ 🔄 Status do checkbox pilar_rotacionado_var: False
2026-03-28 09:18:26 | debug_robo_cima | INFO | ℹ️ 🔄 Status do checkbox pilar_especial_ativo_var: False
2026-03-28 09:18:26 | debug_robo_cima | INFO | ℹ️ Pilar especial INATIVO - pilar_rotacionado: False, pilar_especial: False, globais: False, tipo: ''
2026-03-28 09:18:26 | debug_robo_cima | INFO | 
----------------------------------------
2026-03-28 09:18:26 | debug_robo_cima | INFO | 📌 VERIFICAÇÃO DE PILAR ESPECIAL ATIVO
2026-03-28 09:18:26 | debug_robo_cima | INFO | ----------------------------------------
2026-03-28 09:18:26 | debug_robo_cima | INFO | ℹ️ 🔄 Verificando se pilar especial está ativo...
2026-03-28 09:18:26 | debug_robo_cima | INFO | ℹ️ 🔄 Status do checkbox pilar_rotacionado_var: False
2026-03-28 09:18:26 | debug_robo_cima | INFO | ℹ️ 🔄 Status do checkbox pilar_especial_ativo_var: False
2026-03-28 09:18:26 | debug_robo_cima | INFO | ℹ️ Pilar especial INATIVO - pilar_rotacionado: False, pilar_especial: False, globais: False, tipo: ''
2026-03-28 09:18:26 | debug_robo_cima | INFO | 
----------------------------------------
2026-03-28 09:18:26 | debug_robo_cima | INFO | 📌 VERIFICAÇÃO DE PILAR ESPECIAL ATIVO
2026-03-28 09:18:26 | debug_robo_cima | INFO | ----------------------------------------
2026-03-28 09:18:26 | debug_robo_cima | INFO | ℹ️ 🔄 Verificando se pilar especial está ativo...
2026-03-28 09:18:26 | debug_robo_cima | INFO | ℹ️ 🔄 Status do checkbox pilar_rotacionado_var: False
2026-03-28 09:18:26 | debug_robo_cima | INFO | ℹ️ 🔄 Status do checkbox pilar_especial_ativo_var: False
2026-03-28 09:18:26 | debug_robo_cima | INFO | ℹ️ Pilar especial INATIVO - pilar_rotacionado: False, pilar_especial: False, globais: False, tipo: ''
2026-03-28 09:18:26 | debug_robo_cima | INFO | 
----------------------------------------
2026-03-28 09:18:26 | debug_robo_cima | INFO | 📌 VERIFICAÇÃO DE PILAR ESPECIAL ATIVO
2026-03-28 09:18:26 | debug_robo_cima | INFO | ----------------------------------------
2026-03-28 09:18:26 | debug_robo_cima | INFO | ℹ️ 🔄 Verificando se pilar especial está ativo...
2026-03-28 09:18:26 | debug_robo_cima | INFO | ℹ️ 🔄 Status do checkbox pilar_rotacionado_var: False
2026-03-28 09:18:26 | debug_robo_cima | INFO | ℹ️ 🔄 Status do checkbox pilar_especial_ativo_var: False
2026-03-28 09:18:26 | debug_robo_cima | INFO | ℹ️ Pilar especial INATIVO - pilar_rotacionado: False, pilar_especial: False, globais: False, tipo: ''
2026-03-28 09:18:26 | debug_robo_cima | INFO | 
----------------------------------------
2026-03-28 09:18:26 | debug_robo_cima | INFO | 📌 VERIFICAÇÃO DE PILAR ESPECIAL ATIVO
2026-03-28 09:18:26 | debug_robo_cima | INFO | ----------------------------------------
2026-03-28 09:18:26 | debug_robo_cima | INFO | ℹ️ 🔄 Verificando se pilar especial está ativo...
2026-03-28 09:18:26 | debug_robo_cima | INFO | ℹ️ 🔄 Status do checkbox pilar_rotacionado_var: False
2026-03-28 09:18:26 | debug_robo_cima | INFO | ℹ️ 🔄 Status do checkbox pilar_especial_ativo_var: False
2026-03-28 09:18:26 | debug_robo_cima | INFO | ℹ️ Pilar especial INATIVO - pilar_rotacionado: False, pilar_especial: False, globais: False, tipo: ''
2026-03-28 09:18:26 | debug_robo_cima | INFO | 
----------------------------------------
2026-03-28 09:18:26 | debug_robo_cima | INFO | 📌 VERIFICAÇÃO DE PILAR ESPECIAL ATIVO
2026-03-28 09:18:26 | debug_robo_cima | INFO | ----------------------------------------
2026-03-28 09:18:26 | debug_robo_cima | INFO | ℹ️ 🔄 Verificando se pilar especial está ativo...
2026-03-28 09:18:26 | debug_robo_cima | INFO | ℹ️ 🔄 Status do checkbox pilar_rotacionado_var: False
2026-03-28 09:18:26 | debug_robo_cima | INFO | ℹ️ 🔄 Status do checkbox pilar_especial_ativo_var: False
2026-03-28 09:18:26 | debug_robo_cima | INFO | ℹ️ Pilar especial INATIVO - pilar_rotacionado: False, pilar_especial: False, globais: False, tipo: ''
2026-03-28 09:18:26 | debug_robo_cima | INFO | 
----------------------------------------
2026-03-28 09:18:26 | debug_robo_cima | INFO | 📌 VERIFICAÇÃO DE PILAR ESPECIAL ATIVO
2026-03-28 09:18:26 | debug_robo_cima | INFO | ----------------------------------------
2026-03-28 09:18:26 | debug_robo_cima | INFO | ℹ️ 🔄 Verificando se pilar especial está ativo...
2026-03-28 09:18:26 | debug_robo_cima | INFO | ℹ️ 🔄 Status do checkbox pilar_rotacionado_var: False
2026-03-28 09:18:26 | debug_robo_cima | INFO | ℹ️ 🔄 Status do checkbox pilar_especial_ativo_var: False
2026-03-28 09:18:26 | debug_robo_cima | INFO | ℹ️ Pilar especial INATIVO - pilar_rotacionado: False, pilar_especial: False, globais: False, tipo: ''
2026-03-28 09:18:26 | debug_robo_cima | INFO | 
----------------------------------------
2026-03-28 09:18:26 | debug_robo_cima | INFO | 📌 VERIFICAÇÃO DE PILAR ESPECIAL ATIVO
2026-03-28 09:18:26 | debug_robo_cima | INFO | ----------------------------------------
2026-03-28 09:18:26 | debug_robo_cima | INFO | ℹ️ 🔄 Verificando se pilar especial está ativo...
2026-03-28 09:18:26 | debug_robo_cima | INFO | ℹ️ 🔄 Status do checkbox pilar_rotacionado_var: False
2026-03-28 09:18:26 | debug_robo_cima | INFO | ℹ️ 🔄 Status do checkbox pilar_especial_ativo_var: False
2026-03-28 09:18:26 | debug_robo_cima | INFO | ℹ️ Pilar especial INATIVO - pilar_rotacionado: False, pilar_especial: False, globais: False, tipo: ''
2026-03-28 09:18:26 | debug_robo_cima | INFO | 
----------------------------------------
2026-03-28 09:18:26 | debug_robo_cima | INFO | 📌 VERIFICAÇÃO DE PILAR ESPECIAL ATIVO
2026-03-28 09:18:26 | debug_robo_cima | INFO | ----------------------------------------
2026-03-28 09:18:26 | debug_robo_cima | INFO | ℹ️ 🔄 Verificando se pilar especial está ativo...
2026-03-28 09:18:26 | debug_robo_cima | INFO | ℹ️ 🔄 Status do checkbox pilar_rotacionado_var: False
2026-03-28 09:18:26 | debug_robo_cima | INFO | ℹ️ 🔄 Status do checkbox pilar_especial_ativo_var: False
2026-03-28 09:18:26 | debug_robo_cima | INFO | ℹ️ Pilar especial INATIVO - pilar_rotacionado: False, pilar_especial: False, globais: False, tipo: ''
2026-03-28 09:18:26 | debug_robo_cima | INFO | 
----------------------------------------
2026-03-28 09:18:26 | debug_robo_cima | INFO | 📌 VERIFICAÇÃO DE PILAR ESPECIAL ATIVO
2026-03-28 09:18:26 | debug_robo_cima | INFO | ----------------------------------------
2026-03-28 09:18:26 | debug_robo_cima | INFO | ℹ️ 🔄 Verificando se pilar especial está ativo...
2026-03-28 09:18:26 | debug_robo_cima | INFO | ℹ️ 🔄 Status do checkbox pilar_rotacionado_var: False
2026-03-28 09:18:26 | debug_robo_cima | INFO | ℹ️ 🔄 Status do checkbox pilar_especial_ativo_var: False
2026-03-28 09:18:26 | debug_robo_cima | INFO | ℹ️ Pilar especial INATIVO - pilar_rotacionado: False, pilar_especial: False, globais: False, tipo: ''
2026-03-28 09:18:27 | debug_robo_cima | INFO | 
----------------------------------------
2026-03-28 09:18:27 | debug_robo_cima | INFO | 📌 VERIFICAÇÃO DE PILAR ESPECIAL ATIVO
2026-03-28 09:18:27 | debug_robo_cima | INFO | ----------------------------------------
2026-03-28 09:18:27 | debug_robo_cima | INFO | ℹ️ 🔄 Verificando se pilar especial está ativo...
2026-03-28 09:18:27 | debug_robo_cima | INFO | ℹ️ 🔄 Status do checkbox pilar_rotacionado_var: False
2026-03-28 09:18:27 | debug_robo_cima | INFO | ℹ️ 🔄 Status do checkbox pilar_especial_ativo_var: False
2026-03-28 09:18:27 | debug_robo_cima | INFO | ℹ️ Pilar especial INATIVO - pilar_rotacionado: False, pilar_especial: False, globais: False, tipo: ''
2026-03-28 09:18:27 | debug_robo_cima | INFO | 
----------------------------------------
2026-03-28 09:18:27 | debug_robo_cima | INFO | 📌 VERIFICAÇÃO DE PILAR ESPECIAL ATIVO
2026-03-28 09:18:27 | debug_robo_cima | INFO | ----------------------------------------
2026-03-28 09:18:27 | debug_robo_cima | INFO | ℹ️ 🔄 Verificando se pilar especial está ativo...
2026-03-28 09:18:27 | debug_robo_cima | INFO | ℹ️ 🔄 Status do checkbox pilar_rotacionado_var: False
2026-03-28 09:18:27 | debug_robo_cima | INFO | ℹ️ 🔄 Status do checkbox pilar_especial_ativo_var: False
2026-03-28 09:18:27 | debug_robo_cima | INFO | ℹ️ Pilar especial INATIVO - pilar_rotacionado: False, pilar_especial: False, globais: False, tipo: ''
2026-03-28 09:18:27 | debug_robo_cima | INFO | 
----------------------------------------
2026-03-28 09:18:27 | debug_robo_cima | INFO | 📌 VERIFICAÇÃO DE PILAR ESPECIAL ATIVO
2026-03-28 09:18:27 | debug_robo_cima | INFO | ----------------------------------------
2026-03-28 09:18:27 | debug_robo_cima | INFO | ℹ️ 🔄 Verificando se pilar especial está ativo...
2026-03-28 09:18:27 | debug_robo_cima | INFO | ℹ️ 🔄 Status do checkbox pilar_rotacionado_var: False
2026-03-28 09:18:27 | debug_robo_cima | INFO | ℹ️ 🔄 Status do checkbox pilar_especial_ativo_var: False
2026-03-28 09:18:27 | debug_robo_cima | INFO | ℹ️ Pilar especial INATIVO - pilar_rotacionado: False, pilar_especial: False, globais: False, tipo: ''
2026-03-28 09:18:27 | debug_robo_cima | INFO | 
----------------------------------------
2026-03-28 09:18:27 | debug_robo_cima | INFO | 📌 VERIFICAÇÃO DE PILAR ESPECIAL ATIVO
2026-03-28 09:18:27 | debug_robo_cima | INFO | ----------------------------------------
2026-03-28 09:18:27 | debug_robo_cima | INFO | ℹ️ 🔄 Verificando se pilar especial está ativo...
2026-03-28 09:18:27 | debug_robo_cima | INFO | ℹ️ 🔄 Status do checkbox pilar_rotacionado_var: False
2026-03-28 09:18:27 | debug_robo_cima | INFO | ℹ️ 🔄 Status do checkbox pilar_especial_ativo_var: False
2026-03-28 09:18:27 | debug_robo_cima | INFO | ℹ️ Pilar especial INATIVO - pilar_rotacionado: False, pilar_especial: False, globais: False, tipo: ''
2026-03-28 09:18:27 | debug_robo_cima | INFO | 
----------------------------------------
2026-03-28 09:18:27 | debug_robo_cima | INFO | 📌 VERIFICAÇÃO DE PILAR ESPECIAL ATIVO
2026-03-28 09:18:27 | debug_robo_cima | INFO | ----------------------------------------
2026-03-28 09:18:27 | debug_robo_cima | INFO | ℹ️ 🔄 Verificando se pilar especial está ativo...
2026-03-28 09:18:27 | debug_robo_cima | INFO | ℹ️ 🔄 Status do checkbox pilar_rotacionado_var: False
2026-03-28 09:18:27 | debug_robo_cima | INFO | ℹ️ 🔄 Status do checkbox pilar_especial_ativo_var: False
2026-03-28 09:18:27 | debug_robo_cima | INFO | ℹ️ Pilar especial INATIVO - pilar_rotacionado: False, pilar_especial: False, globais: False, tipo: ''
2026-03-28 09:18:27 | debug_robo_cima | INFO | 
----------------------------------------
2026-03-28 09:18:27 | debug_robo_cima | INFO | 📌 VERIFICAÇÃO DE PILAR ESPECIAL ATIVO
2026-03-28 09:18:27 | debug_robo_cima | INFO | ----------------------------------------
2026-03-28 09:18:27 | debug_robo_cima | INFO | ℹ️ 🔄 Verificando se pilar especial está ativo...
2026-03-28 09:18:27 | debug_robo_cima | INFO | ℹ️ 🔄 Status do checkbox pilar_rotacionado_var: False
2026-03-28 09:18:27 | debug_robo_cima | INFO | ℹ️ 🔄 Status do checkbox pilar_especial_ativo_var: False
2026-03-28 09:18:27 | debug_robo_cima | INFO | ℹ️ Pilar especial INATIVO - pilar_rotacionado: False, pilar_especial: False, globais: False, tipo: ''
2026-03-28 09:18:27 | debug_robo_cima | INFO | 
----------------------------------------
2026-03-28 09:18:27 | debug_robo_cima | INFO | 📌 VERIFICAÇÃO DE PILAR ESPECIAL ATIVO
2026-03-28 09:18:27 | debug_robo_cima | INFO | ----------------------------------------
2026-03-28 09:18:27 | debug_robo_cima | INFO | ℹ️ 🔄 Verificando se pilar especial está ativo...
2026-03-28 09:18:27 | debug_robo_cima | INFO | ℹ️ 🔄 Status do checkbox pilar_rotacionado_var: False
2026-03-28 09:18:27 | debug_robo_cima | INFO | ℹ️ 🔄 Status do checkbox pilar_especial_ativo_var: False
2026-03-28 09:18:27 | debug_robo_cima | INFO | ℹ️ Pilar especial INATIVO - pilar_rotacionado: False, pilar_especial: False, globais: False, tipo: ''
2026-03-28 09:18:27 | debug_robo_cima | INFO | 
----------------------------------------
2026-03-28 09:18:27 | debug_robo_cima | INFO | 📌 VERIFICAÇÃO DE PILAR ESPECIAL ATIVO
2026-03-28 09:18:27 | debug_robo_cima | INFO | ----------------------------------------
2026-03-28 09:18:27 | debug_robo_cima | INFO | ℹ️ 🔄 Verificando se pilar especial está ativo...
2026-03-28 09:18:27 | debug_robo_cima | INFO | ℹ️ 🔄 Status do checkbox pilar_rotacionado_var: False
2026-03-28 09:18:27 | debug_robo_cima | INFO | ℹ️ 🔄 Status do checkbox pilar_especial_ativo_var: False
2026-03-28 09:18:27 | debug_robo_cima | INFO | ℹ️ Pilar especial INATIVO - pilar_rotacionado: False, pilar_especial: False, globais: False, tipo: ''
2026-03-28 09:18:27 | debug_robo_cima | INFO | 
----------------------------------------
2026-03-28 09:18:27 | debug_robo_cima | INFO | 📌 VERIFICAÇÃO DE PILAR ESPECIAL ATIVO
2026-03-28 09:18:27 | debug_robo_cima | INFO | ----------------------------------------
2026-03-28 09:18:27 | debug_robo_cima | INFO | ℹ️ 🔄 Verificando se pilar especial está ativo...
2026-03-28 09:18:27 | debug_robo_cima | INFO | ℹ️ 🔄 Status do checkbox pilar_rotacionado_var: False
2026-03-28 09:18:27 | debug_robo_cima | INFO | ℹ️ 🔄 Status do checkbox pilar_especial_ativo_var: False
2026-03-28 09:18:27 | debug_robo_cima | INFO | ℹ️ Pilar especial INATIVO - pilar_rotacionado: False, pilar_especial: False, globais: False, tipo: ''
2026-03-28 09:18:27 | debug_robo_cima | INFO | 
----------------------------------------
2026-03-28 09:18:27 | debug_robo_cima | INFO | 📌 VERIFICAÇÃO DE PILAR ESPECIAL ATIVO
2026-03-28 09:18:27 | debug_robo_cima | INFO | ----------------------------------------
2026-03-28 09:18:27 | debug_robo_cima | INFO | ℹ️ 🔄 Verificando se pilar especial está ativo...
2026-03-28 09:18:27 | debug_robo_cima | INFO | ℹ️ 🔄 Status do checkbox pilar_rotacionado_var: False
2026-03-28 09:18:27 | debug_robo_cima | INFO | ℹ️ 🔄 Status do checkbox pilar_especial_ativo_var: False
2026-03-28 09:18:27 | debug_robo_cima | INFO | ℹ️ Pilar especial INATIVO - pilar_rotacionado: False, pilar_especial: False, globais: False, tipo: ''
2026-03-28 09:18:27 | debug_robo_cima | INFO | 
----------------------------------------
2026-03-28 09:18:27 | debug_robo_cima | INFO | 📌 VERIFICAÇÃO DE PILAR ESPECIAL ATIVO
2026-03-28 09:18:27 | debug_robo_cima | INFO | ----------------------------------------
2026-03-28 09:18:27 | debug_robo_cima | INFO | ℹ️ 🔄 Verificando se pilar especial está ativo...
2026-03-28 09:18:27 | debug_robo_cima | INFO | ℹ️ 🔄 Status do checkbox pilar_rotacionado_var: False
2026-03-28 09:18:27 | debug_robo_cima | INFO | ℹ️ 🔄 Status do checkbox pilar_especial_ativo_var: False
2026-03-28 09:18:27 | debug_robo_cima | INFO | ℹ️ Pilar especial INATIVO - pilar_rotacionado: False, pilar_especial: False, globais: False, tipo: ''
2026-03-28 09:18:27 | debug_robo_cima | INFO | 
----------------------------------------
2026-03-28 09:18:27 | debug_robo_cima | INFO | 📌 VERIFICAÇÃO DE PILAR ESPECIAL ATIVO
2026-03-28 09:18:27 | debug_robo_cima | INFO | ----------------------------------------
2026-03-28 09:18:27 | debug_robo_cima | INFO | ℹ️ 🔄 Verificando se pilar especial está ativo...
2026-03-28 09:18:27 | debug_robo_cima | INFO | ℹ️ 🔄 Status do checkbox pilar_rotacionado_var: False
2026-03-28 09:18:27 | debug_robo_cima | INFO | ℹ️ 🔄 Status do checkbox pilar_especial_ativo_var: False
2026-03-28 09:18:27 | debug_robo_cima | INFO | ℹ️ Pilar especial INATIVO - pilar_rotacionado: False, pilar_especial: False, globais: False, tipo: ''
2026-03-28 09:18:27 | debug_robo_cima | INFO | 
----------------------------------------
2026-03-28 09:18:27 | debug_robo_cima | INFO | 📌 VERIFICAÇÃO DE PILAR ESPECIAL ATIVO
2026-03-28 09:18:27 | debug_robo_cima | INFO | ----------------------------------------
2026-03-28 09:18:27 | debug_robo_cima | INFO | ℹ️ 🔄 Verificando se pilar especial está ativo...
2026-03-28 09:18:27 | debug_robo_cima | INFO | ℹ️ 🔄 Status do checkbox pilar_rotacionado_var: False
2026-03-28 09:18:27 | debug_robo_cima | INFO | ℹ️ 🔄 Status do checkbox pilar_especial_ativo_var: False
2026-03-28 09:18:27 | debug_robo_cima | INFO | ℹ️ Pilar especial INATIVO - pilar_rotacionado: False, pilar_especial: False, globais: False, tipo: ''
2026-03-28 09:18:27 | debug_robo_cima | INFO | 
----------------------------------------
2026-03-28 09:18:27 | debug_robo_cima | INFO | 📌 VERIFICAÇÃO DE PILAR ESPECIAL ATIVO
2026-03-28 09:18:27 | debug_robo_cima | INFO | ----------------------------------------
2026-03-28 09:18:27 | debug_robo_cima | INFO | ℹ️ 🔄 Verificando se pilar especial está ativo...
2026-03-28 09:18:27 | debug_robo_cima | INFO | ℹ️ 🔄 Status do checkbox pilar_rotacionado_var: False
2026-03-28 09:18:27 | debug_robo_cima | INFO | ℹ️ 🔄 Status do checkbox pilar_especial_ativo_var: False
2026-03-28 09:18:27 | debug_robo_cima | INFO | ℹ️ Pilar especial INATIVO - pilar_rotacionado: False, pilar_especial: False, globais: False, tipo: ''
2026-03-28 09:18:27 | debug_robo_cima | INFO | 
----------------------------------------
2026-03-28 09:18:27 | debug_robo_cima | INFO | 📌 VERIFICAÇÃO DE PILAR ESPECIAL ATIVO
2026-03-28 09:18:27 | debug_robo_cima | INFO | ----------------------------------------
2026-03-28 09:18:27 | debug_robo_cima | INFO | ℹ️ 🔄 Verificando se pilar especial está ativo...
2026-03-28 09:18:27 | debug_robo_cima | INFO | ℹ️ 🔄 Status do checkbox pilar_rotacionado_var: False
2026-03-28 09:18:27 | debug_robo_cima | INFO | ℹ️ 🔄 Status do checkbox pilar_especial_ativo_var: False
2026-03-28 09:18:27 | debug_robo_cima | INFO | ℹ️ Pilar especial INATIVO - pilar_rotacionado: False, pilar_especial: False, globais: False, tipo: ''
2026-03-28 09:18:27 | debug_robo_cima | INFO | 
----------------------------------------
2026-03-28 09:18:27 | debug_robo_cima | INFO | 📌 VERIFICAÇÃO DE PILAR ESPECIAL ATIVO
2026-03-28 09:18:27 | debug_robo_cima | INFO | ----------------------------------------
2026-03-28 09:18:27 | debug_robo_cima | INFO | ℹ️ 🔄 Verificando se pilar especial está ativo...
2026-03-28 09:18:27 | debug_robo_cima | INFO | ℹ️ 🔄 Status do checkbox pilar_rotacionado_var: False
2026-03-28 09:18:27 | debug_robo_cima | INFO | ℹ️ 🔄 Status do checkbox pilar_especial_ativo_var: False
2026-03-28 09:18:27 | debug_robo_cima | INFO | ℹ️ Pilar especial INATIVO - pilar_rotacionado: False, pilar_especial: False, globais: False, tipo: ''
2026-03-28 09:18:27 | debug_robo_cima | INFO | 
----------------------------------------
2026-03-28 09:18:27 | debug_robo_cima | INFO | 📌 VERIFICAÇÃO DE PILAR ESPECIAL ATIVO
2026-03-28 09:18:27 | debug_robo_cima | INFO | ----------------------------------------
2026-03-28 09:18:27 | debug_robo_cima | INFO | ℹ️ 🔄 Verificando se pilar especial está ativo...
2026-03-28 09:18:27 | debug_robo_cima | INFO | ℹ️ 🔄 Status do checkbox pilar_rotacionado_var: False
2026-03-28 09:18:27 | debug_robo_cima | INFO | ℹ️ 🔄 Status do checkbox pilar_especial_ativo_var: False
2026-03-28 09:18:27 | debug_robo_cima | INFO | ℹ️ Pilar especial INATIVO - pilar_rotacionado: False, pilar_especial: False, globais: False, tipo: ''
2026-03-28 09:18:27 | debug_robo_cima | INFO | 
----------------------------------------
2026-03-28 09:18:27 | debug_robo_cima | INFO | 📌 VERIFICAÇÃO DE PILAR ESPECIAL ATIVO
2026-03-28 09:18:27 | debug_robo_cima | INFO | ----------------------------------------
2026-03-28 09:18:27 | debug_robo_cima | INFO | ℹ️ 🔄 Verificando se pilar especial está ativo...
2026-03-28 09:18:27 | debug_robo_cima | INFO | ℹ️ 🔄 Status do checkbox pilar_rotacionado_var: False
2026-03-28 09:18:27 | debug_robo_cima | INFO | ℹ️ 🔄 Status do checkbox pilar_especial_ativo_var: False
2026-03-28 09:18:27 | debug_robo_cima | INFO | ℹ️ Pilar especial INATIVO - pilar_rotacionado: False, pilar_especial: False, globais: False, tipo: ''
2026-03-28 09:18:27 | debug_robo_cima | INFO | 
----------------------------------------
2026-03-28 09:18:27 | debug_robo_cima | INFO | 📌 VERIFICAÇÃO DE PILAR ESPECIAL ATIVO
2026-03-28 09:18:27 | debug_robo_cima | INFO | ----------------------------------------
2026-03-28 09:18:27 | debug_robo_cima | INFO | ℹ️ 🔄 Verificando se pilar especial está ativo...
2026-03-28 09:18:27 | debug_robo_cima | INFO | ℹ️ 🔄 Status do checkbox pilar_rotacionado_var: False
2026-03-28 09:18:27 | debug_robo_cima | INFO | ℹ️ 🔄 Status do checkbox pilar_especial_ativo_var: False
2026-03-28 09:18:27 | debug_robo_cima | INFO | ℹ️ Pilar especial INATIVO - pilar_rotacionado: False, pilar_especial: False, globais: False, tipo: ''
2026-03-28 09:18:27 | debug_robo_cima | INFO | 
----------------------------------------
2026-03-28 09:18:27 | debug_robo_cima | INFO | 📌 VERIFICAÇÃO DE PILAR ESPECIAL ATIVO
2026-03-28 09:18:27 | debug_robo_cima | INFO | ----------------------------------------
2026-03-28 09:18:27 | debug_robo_cima | INFO | ℹ️ 🔄 Verificando se pilar especial está ativo...
2026-03-28 09:18:27 | debug_robo_cima | INFO | ℹ️ 🔄 Status do checkbox pilar_rotacionado_var: False
2026-03-28 09:18:27 | debug_robo_cima | INFO | ℹ️ 🔄 Status do checkbox pilar_especial_ativo_var: False
2026-03-28 09:18:27 | debug_robo_cima | INFO | ℹ️ Pilar especial INATIVO - pilar_rotacionado: False, pilar_especial: False, globais: False, tipo: ''
2026-03-28 09:18:27 | debug_robo_cima | INFO | 
----------------------------------------
2026-03-28 09:18:27 | debug_robo_cima | INFO | 📌 VERIFICAÇÃO DE PILAR ESPECIAL ATIVO
2026-03-28 09:18:27 | debug_robo_cima | INFO | ----------------------------------------
2026-03-28 09:18:27 | debug_robo_cima | INFO | ℹ️ 🔄 Verificando se pilar especial está ativo...
2026-03-28 09:18:27 | debug_robo_cima | INFO | ℹ️ 🔄 Status do checkbox pilar_rotacionado_var: False
2026-03-28 09:18:27 | debug_robo_cima | INFO | ℹ️ 🔄 Status do checkbox pilar_especial_ativo_var: False
2026-03-28 09:18:27 | debug_robo_cima | INFO | ℹ️ Pilar especial INATIVO - pilar_rotacionado: False, pilar_especial: False, globais: False, tipo: ''
2026-03-28 09:18:27 | debug_robo_cima | INFO | 
----------------------------------------
2026-03-28 09:18:27 | debug_robo_cima | INFO | 📌 VERIFICAÇÃO DE PILAR ESPECIAL ATIVO
2026-03-28 09:18:27 | debug_robo_cima | INFO | ----------------------------------------
2026-03-28 09:18:27 | debug_robo_cima | INFO | ℹ️ 🔄 Verificando se pilar especial está ativo...
2026-03-28 09:18:27 | debug_robo_cima | INFO | ℹ️ 🔄 Status do checkbox pilar_rotacionado_var: False
2026-03-28 09:18:27 | debug_robo_cima | INFO | ℹ️ 🔄 Status do checkbox pilar_especial_ativo_var: False
2026-03-28 09:18:27 | debug_robo_cima | INFO | ℹ️ Pilar especial INATIVO - pilar_rotacionado: False, pilar_especial: False, globais: False, tipo: ''
2026-03-28 09:18:27 | debug_robo_cima | INFO | 
----------------------------------------
2026-03-28 09:18:27 | debug_robo_cima | INFO | 📌 VERIFICAÇÃO DE PILAR ESPECIAL ATIVO
2026-03-28 09:18:27 | debug_robo_cima | INFO | ----------------------------------------
2026-03-28 09:18:27 | debug_robo_cima | INFO | ℹ️ 🔄 Verificando se pilar especial está ativo...
2026-03-28 09:18:27 | debug_robo_cima | INFO | ℹ️ 🔄 Status do checkbox pilar_rotacionado_var: False
2026-03-28 09:18:27 | debug_robo_cima | INFO | ℹ️ 🔄 Status do checkbox pilar_especial_ativo_var: False
2026-03-28 09:18:27 | debug_robo_cima | INFO | ℹ️ Pilar especial INATIVO - pilar_rotacionado: False, pilar_especial: False, globais: False, tipo: ''
2026-03-28 09:18:27 | debug_robo_cima | INFO | 
----------------------------------------
2026-03-28 09:18:27 | debug_robo_cima | INFO | 📌 VERIFICAÇÃO DE PILAR ESPECIAL ATIVO
2026-03-28 09:18:27 | debug_robo_cima | INFO | ----------------------------------------
2026-03-28 09:18:27 | debug_robo_cima | INFO | ℹ️ 🔄 Verificando se pilar especial está ativo...
2026-03-28 09:18:27 | debug_robo_cima | INFO | ℹ️ 🔄 Status do checkbox pilar_rotacionado_var: False
2026-03-28 09:18:27 | debug_robo_cima | INFO | ℹ️ 🔄 Status do checkbox pilar_especial_ativo_var: False
2026-03-28 09:18:27 | debug_robo_cima | INFO | ℹ️ Pilar especial INATIVO - pilar_rotacionado: False, pilar_especial: False, globais: False, tipo: ''
2026-03-28 09:18:27 | debug_robo_cima | INFO | 
----------------------------------------
2026-03-28 09:18:27 | debug_robo_cima | INFO | 📌 VERIFICAÇÃO DE PILAR ESPECIAL ATIVO
2026-03-28 09:18:27 | debug_robo_cima | INFO | ----------------------------------------
2026-03-28 09:18:27 | debug_robo_cima | INFO | ℹ️ 🔄 Verificando se pilar especial está ativo...
2026-03-28 09:18:27 | debug_robo_cima | INFO | ℹ️ 🔄 Status do checkbox pilar_rotacionado_var: False
2026-03-28 09:18:27 | debug_robo_cima | INFO | ℹ️ 🔄 Status do checkbox pilar_especial_ativo_var: False
2026-03-28 09:18:27 | debug_robo_cima | INFO | ℹ️ Pilar especial INATIVO - pilar_rotacionado: False, pilar_especial: False, globais: False, tipo: ''
2026-03-28 09:18:27 | debug_robo_cima | INFO | 
----------------------------------------
2026-03-28 09:18:27 | debug_robo_cima | INFO | 📌 VERIFICAÇÃO DE PILAR ESPECIAL ATIVO
2026-03-28 09:18:27 | debug_robo_cima | INFO | ----------------------------------------
2026-03-28 09:18:27 | debug_robo_cima | INFO | ℹ️ 🔄 Verificando se pilar especial está ativo...
2026-03-28 09:18:27 | debug_robo_cima | INFO | ℹ️ 🔄 Status do checkbox pilar_rotacionado_var: False
2026-03-28 09:18:27 | debug_robo_cima | INFO | ℹ️ 🔄 Status do checkbox pilar_especial_ativo_var: False
2026-03-28 09:18:27 | debug_robo_cima | INFO | ℹ️ Pilar especial INATIVO - pilar_rotacionado: False, pilar_especial: False, globais: False, tipo: ''
2026-03-28 09:18:27 | debug_robo_cima | INFO | 
----------------------------------------
2026-03-28 09:18:27 | debug_robo_cima | INFO | 📌 VERIFICAÇÃO DE PILAR ESPECIAL ATIVO
2026-03-28 09:18:27 | debug_robo_cima | INFO | ----------------------------------------
2026-03-28 09:18:27 | debug_robo_cima | INFO | ℹ️ 🔄 Verificando se pilar especial está ativo...
2026-03-28 09:18:27 | debug_robo_cima | INFO | ℹ️ 🔄 Status do checkbox pilar_rotacionado_var: False
2026-03-28 09:18:27 | debug_robo_cima | INFO | ℹ️ 🔄 Status do checkbox pilar_especial_ativo_var: False
2026-03-28 09:18:27 | debug_robo_cima | INFO | ℹ️ Pilar especial INATIVO - pilar_rotacionado: False, pilar_especial: False, globais: False, tipo: ''
2026-03-28 09:18:27 | debug_robo_cima | INFO | 
----------------------------------------
2026-03-28 09:18:27 | debug_robo_cima | INFO | 📌 VERIFICAÇÃO DE PILAR ESPECIAL ATIVO
2026-03-28 09:18:27 | debug_robo_cima | INFO | ----------------------------------------
2026-03-28 09:18:27 | debug_robo_cima | INFO | ℹ️ 🔄 Verificando se pilar especial está ativo...
2026-03-28 09:18:27 | debug_robo_cima | INFO | ℹ️ 🔄 Status do checkbox pilar_rotacionado_var: False
2026-03-28 09:18:27 | debug_robo_cima | INFO | ℹ️ 🔄 Status do checkbox pilar_especial_ativo_var: False
2026-03-28 09:18:27 | debug_robo_cima | INFO | ℹ️ Pilar especial INATIVO - pilar_rotacionado: False, pilar_especial: False, globais: False, tipo: ''
2026-03-28 09:18:27 | debug_robo_cima | INFO | 
----------------------------------------
2026-03-28 09:18:27 | debug_robo_cima | INFO | 📌 VERIFICAÇÃO DE PILAR ESPECIAL ATIVO
2026-03-28 09:18:27 | debug_robo_cima | INFO | ----------------------------------------
2026-03-28 09:18:27 | debug_robo_cima | INFO | ℹ️ 🔄 Verificando se pilar especial está ativo...
2026-03-28 09:18:27 | debug_robo_cima | INFO | ℹ️ 🔄 Status do checkbox pilar_rotacionado_var: False
2026-03-28 09:18:27 | debug_robo_cima | INFO | ℹ️ 🔄 Status do checkbox pilar_especial_ativo_var: False
2026-03-28 09:18:27 | debug_robo_cima | INFO | ℹ️ Pilar especial INATIVO - pilar_rotacionado: False, pilar_especial: False, globais: False, tipo: ''
2026-03-28 09:18:27 | debug_robo_cima | INFO | 
----------------------------------------
2026-03-28 09:18:27 | debug_robo_cima | INFO | 📌 VERIFICAÇÃO DE PILAR ESPECIAL ATIVO
2026-03-28 09:18:27 | debug_robo_cima | INFO | ----------------------------------------
2026-03-28 09:18:27 | debug_robo_cima | INFO | ℹ️ 🔄 Verificando se pilar especial está ativo...
2026-03-28 09:18:27 | debug_robo_cima | INFO | ℹ️ 🔄 Status do checkbox pilar_rotacionado_var: False
2026-03-28 09:18:27 | debug_robo_cima | INFO | ℹ️ 🔄 Status do checkbox pilar_especial_ativo_var: False
2026-03-28 09:18:27 | debug_robo_cima | INFO | ℹ️ Pilar especial INATIVO - pilar_rotacionado: False, pilar_especial: False, globais: False, tipo: ''
2026-03-28 09:18:27 | debug_robo_cima | INFO | 
----------------------------------------
2026-03-28 09:18:27 | debug_robo_cima | INFO | 📌 VERIFICAÇÃO DE PILAR ESPECIAL ATIVO
2026-03-28 09:18:27 | debug_robo_cima | INFO | ----------------------------------------
2026-03-28 09:18:27 | debug_robo_cima | INFO | ℹ️ 🔄 Verificando se pilar especial está ativo...
2026-03-28 09:18:27 | debug_robo_cima | INFO | ℹ️ 🔄 Status do checkbox pilar_rotacionado_var: False
2026-03-28 09:18:27 | debug_robo_cima | INFO | ℹ️ 🔄 Status do checkbox pilar_especial_ativo_var: False
2026-03-28 09:18:27 | debug_robo_cima | INFO | ℹ️ Pilar especial INATIVO - pilar_rotacionado: False, pilar_especial: False, globais: False, tipo: ''
2026-03-28 09:18:27 | debug_robo_cima | INFO | 
----------------------------------------
2026-03-28 09:18:27 | debug_robo_cima | INFO | 📌 VERIFICAÇÃO DE PILAR ESPECIAL ATIVO
2026-03-28 09:18:27 | debug_robo_cima | INFO | ----------------------------------------
2026-03-28 09:18:27 | debug_robo_cima | INFO | ℹ️ 🔄 Verificando se pilar especial está ativo...
2026-03-28 09:18:27 | debug_robo_cima | INFO | ℹ️ 🔄 Status do checkbox pilar_rotacionado_var: False
2026-03-28 09:18:27 | debug_robo_cima | INFO | ℹ️ 🔄 Status do checkbox pilar_especial_ativo_var: False
2026-03-28 09:18:27 | debug_robo_cima | INFO | ℹ️ Pilar especial INATIVO - pilar_rotacionado: False, pilar_especial: False, globais: False, tipo: ''
2026-03-28 09:18:27 | debug_robo_cima | INFO | 
----------------------------------------
2026-03-28 09:18:27 | debug_robo_cima | INFO | 📌 VERIFICAÇÃO DE PILAR ESPECIAL ATIVO
2026-03-28 09:18:27 | debug_robo_cima | INFO | ----------------------------------------
2026-03-28 09:18:27 | debug_robo_cima | INFO | ℹ️ 🔄 Verificando se pilar especial está ativo...
2026-03-28 09:18:27 | debug_robo_cima | INFO | ℹ️ 🔄 Status do checkbox pilar_rotacionado_var: False
2026-03-28 09:18:27 | debug_robo_cima | INFO | ℹ️ 🔄 Status do checkbox pilar_especial_ativo_var: False
2026-03-28 09:18:27 | debug_robo_cima | INFO | ℹ️ Pilar especial INATIVO - pilar_rotacionado: False, pilar_especial: False, globais: False, tipo: ''
2026-03-28 09:18:27 | debug_robo_cima | INFO | 
----------------------------------------
2026-03-28 09:18:27 | debug_robo_cima | INFO | 📌 VERIFICAÇÃO DE PILAR ESPECIAL ATIVO
2026-03-28 09:18:27 | debug_robo_cima | INFO | ----------------------------------------
2026-03-28 09:18:27 | debug_robo_cima | INFO | ℹ️ 🔄 Verificando se pilar especial está ativo...
2026-03-28 09:18:27 | debug_robo_cima | INFO | ℹ️ 🔄 Status do checkbox pilar_rotacionado_var: False
2026-03-28 09:18:27 | debug_robo_cima | INFO | ℹ️ 🔄 Status do checkbox pilar_especial_ativo_var: False
2026-03-28 09:18:27 | debug_robo_cima | INFO | ℹ️ Pilar especial INATIVO - pilar_rotacionado: False, pilar_especial: False, globais: False, tipo: ''
2026-03-28 09:18:27 | debug_robo_cima | INFO | 
----------------------------------------
2026-03-28 09:18:27 | debug_robo_cima | INFO | 📌 VERIFICAÇÃO DE PILAR ESPECIAL ATIVO
2026-03-28 09:18:27 | debug_robo_cima | INFO | ----------------------------------------
2026-03-28 09:18:27 | debug_robo_cima | INFO | ℹ️ 🔄 Verificando se pilar especial está ativo...
2026-03-28 09:18:27 | debug_robo_cima | INFO | ℹ️ 🔄 Status do checkbox pilar_rotacionado_var: False
2026-03-28 09:18:27 | debug_robo_cima | INFO | ℹ️ 🔄 Status do checkbox pilar_especial_ativo_var: False
2026-03-28 09:18:27 | debug_robo_cima | INFO | ℹ️ Pilar especial INATIVO - pilar_rotacionado: False, pilar_especial: False, globais: False, tipo: ''
2026-03-28 09:18:27 | debug_robo_cima | INFO | 
----------------------------------------
2026-03-28 09:18:27 | debug_robo_cima | INFO | 📌 VERIFICAÇÃO DE PILAR ESPECIAL ATIVO
2026-03-28 09:18:27 | debug_robo_cima | INFO | ----------------------------------------
2026-03-28 09:18:27 | debug_robo_cima | INFO | ℹ️ 🔄 Verificando se pilar especial está ativo...
2026-03-28 09:18:27 | debug_robo_cima | INFO | ℹ️ 🔄 Status do checkbox pilar_rotacionado_var: False
2026-03-28 09:18:27 | debug_robo_cima | INFO | ℹ️ 🔄 Status do checkbox pilar_especial_ativo_var: False
2026-03-28 09:18:27 | debug_robo_cima | INFO | ℹ️ Pilar especial INATIVO - pilar_rotacionado: False, pilar_especial: False, globais: False, tipo: ''
2026-03-28 09:18:27 | debug_robo_cima | INFO | 
----------------------------------------
2026-03-28 09:18:27 | debug_robo_cima | INFO | 📌 VERIFICAÇÃO DE PILAR ESPECIAL ATIVO
2026-03-28 09:18:27 | debug_robo_cima | INFO | ----------------------------------------
2026-03-28 09:18:27 | debug_robo_cima | INFO | ℹ️ 🔄 Verificando se pilar especial está ativo...
2026-03-28 09:18:27 | debug_robo_cima | INFO | ℹ️ 🔄 Status do checkbox pilar_rotacionado_var: False
2026-03-28 09:18:27 | debug_robo_cima | INFO | ℹ️ 🔄 Status do checkbox pilar_especial_ativo_var: False
2026-03-28 09:18:27 | debug_robo_cima | INFO | ℹ️ Pilar especial INATIVO - pilar_rotacionado: False, pilar_especial: False, globais: False, tipo: ''
2026-03-28 09:18:27 | debug_robo_cima | INFO | 
----------------------------------------
2026-03-28 09:18:27 | debug_robo_cima | INFO | 📌 VERIFICAÇÃO DE PILAR ESPECIAL ATIVO
2026-03-28 09:18:27 | debug_robo_cima | INFO | ----------------------------------------
2026-03-28 09:18:27 | debug_robo_cima | INFO | ℹ️ 🔄 Verificando se pilar especial está ativo...
2026-03-28 09:18:27 | debug_robo_cima | INFO | ℹ️ 🔄 Status do checkbox pilar_rotacionado_var: False
2026-03-28 09:18:27 | debug_robo_cima | INFO | ℹ️ 🔄 Status do checkbox pilar_especial_ativo_var: False
2026-03-28 09:18:27 | debug_robo_cima | INFO | ℹ️ Pilar especial INATIVO - pilar_rotacionado: False, pilar_especial: False, globais: False, tipo: ''
2026-03-28 09:18:27 | debug_robo_cima | INFO | 
----------------------------------------
2026-03-28 09:18:27 | debug_robo_cima | INFO | 📌 VERIFICAÇÃO DE PILAR ESPECIAL ATIVO
2026-03-28 09:18:27 | debug_robo_cima | INFO | ----------------------------------------
2026-03-28 09:18:27 | debug_robo_cima | INFO | ℹ️ 🔄 Verificando se pilar especial está ativo...
2026-03-28 09:18:27 | debug_robo_cima | INFO | ℹ️ 🔄 Status do checkbox pilar_rotacionado_var: False
2026-03-28 09:18:27 | debug_robo_cima | INFO | ℹ️ 🔄 Status do checkbox pilar_especial_ativo_var: False
2026-03-28 09:18:27 | debug_robo_cima | INFO | ℹ️ Pilar especial INATIVO - pilar_rotacionado: False, pilar_especial: False, globais: False, tipo: ''
2026-03-28 09:18:27 | debug_robo_cima | INFO | 
----------------------------------------
2026-03-28 09:18:27 | debug_robo_cima | INFO | 📌 VERIFICAÇÃO DE PILAR ESPECIAL ATIVO
2026-03-28 09:18:27 | debug_robo_cima | INFO | ----------------------------------------
2026-03-28 09:18:27 | debug_robo_cima | INFO | ℹ️ 🔄 Verificando se pilar especial está ativo...
2026-03-28 09:18:27 | debug_robo_cima | INFO | ℹ️ 🔄 Status do checkbox pilar_rotacionado_var: False
2026-03-28 09:18:27 | debug_robo_cima | INFO | ℹ️ 🔄 Status do checkbox pilar_especial_ativo_var: False
2026-03-28 09:18:27 | debug_robo_cima | INFO | ℹ️ Pilar especial INATIVO - pilar_rotacionado: False, pilar_especial: False, globais: False, tipo: ''
2026-03-28 09:18:27 | debug_robo_cima | INFO | 
----------------------------------------
2026-03-28 09:18:27 | debug_robo_cima | INFO | 📌 VERIFICAÇÃO DE PILAR ESPECIAL ATIVO
2026-03-28 09:18:27 | debug_robo_cima | INFO | ----------------------------------------
2026-03-28 09:18:27 | debug_robo_cima | INFO | ℹ️ 🔄 Verificando se pilar especial está ativo...
2026-03-28 09:18:27 | debug_robo_cima | INFO | ℹ️ 🔄 Status do checkbox pilar_rotacionado_var: False
2026-03-28 09:18:27 | debug_robo_cima | INFO | ℹ️ 🔄 Status do checkbox pilar_especial_ativo_var: False
2026-03-28 09:18:27 | debug_robo_cima | INFO | ℹ️ Pilar especial INATIVO - pilar_rotacionado: False, pilar_especial: False, globais: False, tipo: ''
2026-03-28 09:18:27 | debug_robo_cima | INFO | 
----------------------------------------
2026-03-28 09:18:27 | debug_robo_cima | INFO | 📌 VERIFICAÇÃO DE PILAR ESPECIAL ATIVO
2026-03-28 09:18:27 | debug_robo_cima | INFO | ----------------------------------------
2026-03-28 09:18:27 | debug_robo_cima | INFO | ℹ️ 🔄 Verificando se pilar especial está ativo...
2026-03-28 09:18:27 | debug_robo_cima | INFO | ℹ️ 🔄 Status do checkbox pilar_rotacionado_var: False
2026-03-28 09:18:27 | debug_robo_cima | INFO | ℹ️ 🔄 Status do checkbox pilar_especial_ativo_var: False
2026-03-28 09:18:27 | debug_robo_cima | INFO | ℹ️ Pilar especial INATIVO - pilar_rotacionado: False, pilar_especial: False, globais: False, tipo: ''
2026-03-28 09:18:27 | debug_robo_cima | INFO | 
----------------------------------------
2026-03-28 09:18:27 | debug_robo_cima | INFO | 📌 VERIFICAÇÃO DE PILAR ESPECIAL ATIVO
2026-03-28 09:18:27 | debug_robo_cima | INFO | ----------------------------------------
2026-03-28 09:18:27 | debug_robo_cima | INFO | ℹ️ 🔄 Verificando se pilar especial está ativo...
2026-03-28 09:18:27 | debug_robo_cima | INFO | ℹ️ 🔄 Status do checkbox pilar_rotacionado_var: False
2026-03-28 09:18:27 | debug_robo_cima | INFO | ℹ️ 🔄 Status do checkbox pilar_especial_ativo_var: False
2026-03-28 09:18:27 | debug_robo_cima | INFO | ℹ️ Pilar especial INATIVO - pilar_rotacionado: False, pilar_especial: False, globais: False, tipo: ''
2026-03-28 09:18:27 | debug_robo_cima | INFO | 
----------------------------------------
2026-03-28 09:18:27 | debug_robo_cima | INFO | 📌 VERIFICAÇÃO DE PILAR ESPECIAL ATIVO
2026-03-28 09:18:27 | debug_robo_cima | INFO | ----------------------------------------
2026-03-28 09:18:27 | debug_robo_cima | INFO | ℹ️ 🔄 Verificando se pilar especial está ativo...
2026-03-28 09:18:27 | debug_robo_cima | INFO | ℹ️ 🔄 Status do checkbox pilar_rotacionado_var: False
2026-03-28 09:18:27 | debug_robo_cima | INFO | ℹ️ 🔄 Status do checkbox pilar_especial_ativo_var: False
2026-03-28 09:18:27 | debug_robo_cima | INFO | ℹ️ Pilar especial INATIVO - pilar_rotacionado: False, pilar_especial: False, globais: False, tipo: ''
2026-03-28 09:18:27 | debug_robo_cima | INFO | 
----------------------------------------
2026-03-28 09:18:27 | debug_robo_cima | INFO | 📌 VERIFICAÇÃO DE PILAR ESPECIAL ATIVO
2026-03-28 09:18:27 | debug_robo_cima | INFO | ----------------------------------------
2026-03-28 09:18:27 | debug_robo_cima | INFO | ℹ️ 🔄 Verificando se pilar especial está ativo...
2026-03-28 09:18:27 | debug_robo_cima | INFO | ℹ️ 🔄 Status do checkbox pilar_rotacionado_var: False
2026-03-28 09:18:27 | debug_robo_cima | INFO | ℹ️ 🔄 Status do checkbox pilar_especial_ativo_var: False
2026-03-28 09:18:27 | debug_robo_cima | INFO | ℹ️ Pilar especial INATIVO - pilar_rotacionado: False, pilar_especial: False, globais: False, tipo: ''
2026-03-28 09:18:27 | debug_robo_cima | INFO | 
----------------------------------------
2026-03-28 09:18:27 | debug_robo_cima | INFO | 📌 VERIFICAÇÃO DE PILAR ESPECIAL ATIVO
2026-03-28 09:18:27 | debug_robo_cima | INFO | ----------------------------------------
2026-03-28 09:18:27 | debug_robo_cima | INFO | ℹ️ 🔄 Verificando se pilar especial está ativo...
2026-03-28 09:18:27 | debug_robo_cima | INFO | ℹ️ 🔄 Status do checkbox pilar_rotacionado_var: False
2026-03-28 09:18:27 | debug_robo_cima | INFO | ℹ️ 🔄 Status do checkbox pilar_especial_ativo_var: False
2026-03-28 09:18:27 | debug_robo_cima | INFO | ℹ️ Pilar especial INATIVO - pilar_rotacionado: False, pilar_especial: False, globais: False, tipo: ''
2026-03-28 09:18:27 | debug_robo_cima | INFO | 
----------------------------------------
2026-03-28 09:18:27 | debug_robo_cima | INFO | 📌 VERIFICAÇÃO DE PILAR ESPECIAL ATIVO
2026-03-28 09:18:27 | debug_robo_cima | INFO | ----------------------------------------
2026-03-28 09:18:27 | debug_robo_cima | INFO | ℹ️ 🔄 Verificando se pilar especial está ativo...
2026-03-28 09:18:27 | debug_robo_cima | INFO | ℹ️ 🔄 Status do checkbox pilar_rotacionado_var: False
2026-03-28 09:18:27 | debug_robo_cima | INFO | ℹ️ 🔄 Status do checkbox pilar_especial_ativo_var: False
2026-03-28 09:18:27 | debug_robo_cima | INFO | ℹ️ Pilar especial INATIVO - pilar_rotacionado: False, pilar_especial: False, globais: False, tipo: ''
2026-03-28 09:18:27 | debug_robo_cima | INFO | 
----------------------------------------
2026-03-28 09:18:27 | debug_robo_cima | INFO | 📌 VERIFICAÇÃO DE PILAR ESPECIAL ATIVO
2026-03-28 09:18:27 | debug_robo_cima | INFO | ----------------------------------------
2026-03-28 09:18:27 | debug_robo_cima | INFO | ℹ️ 🔄 Verificando se pilar especial está ativo...
2026-03-28 09:18:27 | debug_robo_cima | INFO | ℹ️ 🔄 Status do checkbox pilar_rotacionado_var: False
2026-03-28 09:18:27 | debug_robo_cima | INFO | ℹ️ 🔄 Status do checkbox pilar_especial_ativo_var: False
2026-03-28 09:18:27 | debug_robo_cima | INFO | ℹ️ Pilar especial INATIVO - pilar_rotacionado: False, pilar_especial: False, globais: False, tipo: ''
2026-03-28 09:18:27 | debug_robo_cima | INFO | 
----------------------------------------
2026-03-28 09:18:27 | debug_robo_cima | INFO | 📌 VERIFICAÇÃO DE PILAR ESPECIAL ATIVO
2026-03-28 09:18:27 | debug_robo_cima | INFO | ----------------------------------------
2026-03-28 09:18:27 | debug_robo_cima | INFO | ℹ️ 🔄 Verificando se pilar especial está ativo...
2026-03-28 09:18:27 | debug_robo_cima | INFO | ℹ️ 🔄 Status do checkbox pilar_rotacionado_var: False
2026-03-28 09:18:27 | debug_robo_cima | INFO | ℹ️ 🔄 Status do checkbox pilar_especial_ativo_var: False
2026-03-28 09:18:27 | debug_robo_cima | INFO | ℹ️ Pilar especial INATIVO - pilar_rotacionado: False, pilar_especial: False, globais: False, tipo: ''
2026-03-28 09:18:27 | debug_robo_cima | INFO | 
----------------------------------------
2026-03-28 09:18:27 | debug_robo_cima | INFO | 📌 VERIFICAÇÃO DE PILAR ESPECIAL ATIVO
2026-03-28 09:18:27 | debug_robo_cima | INFO | ----------------------------------------
2026-03-28 09:18:27 | debug_robo_cima | INFO | ℹ️ 🔄 Verificando se pilar especial está ativo...
2026-03-28 09:18:27 | debug_robo_cima | INFO | ℹ️ 🔄 Status do checkbox pilar_rotacionado_var: False
2026-03-28 09:18:27 | debug_robo_cima | INFO | ℹ️ 🔄 Status do checkbox pilar_especial_ativo_var: False
2026-03-28 09:18:27 | debug_robo_cima | INFO | ℹ️ Pilar especial INATIVO - pilar_rotacionado: False, pilar_especial: False, globais: False, tipo: ''
2026-03-28 09:18:27 | debug_robo_cima | INFO | 
----------------------------------------
2026-03-28 09:18:27 | debug_robo_cima | INFO | 📌 VERIFICAÇÃO DE PILAR ESPECIAL ATIVO
2026-03-28 09:18:27 | debug_robo_cima | INFO | ----------------------------------------
2026-03-28 09:18:27 | debug_robo_cima | INFO | ℹ️ 🔄 Verificando se pilar especial está ativo...
2026-03-28 09:18:27 | debug_robo_cima | INFO | ℹ️ 🔄 Status do checkbox pilar_rotacionado_var: False
2026-03-28 09:18:27 | debug_robo_cima | INFO | ℹ️ 🔄 Status do checkbox pilar_especial_ativo_var: False
2026-03-28 09:18:27 | debug_robo_cima | INFO | ℹ️ Pilar especial INATIVO - pilar_rotacionado: False, pilar_especial: False, globais: False, tipo: ''
2026-03-28 09:18:27 | debug_robo_cima | INFO | 
----------------------------------------
2026-03-28 09:18:27 | debug_robo_cima | INFO | 📌 VERIFICAÇÃO DE PILAR ESPECIAL ATIVO
2026-03-28 09:18:27 | debug_robo_cima | INFO | ----------------------------------------
2026-03-28 09:18:27 | debug_robo_cima | INFO | ℹ️ 🔄 Verificando se pilar especial está ativo...
2026-03-28 09:18:27 | debug_robo_cima | INFO | ℹ️ 🔄 Status do checkbox pilar_rotacionado_var: False
2026-03-28 09:18:27 | debug_robo_cima | INFO | ℹ️ 🔄 Status do checkbox pilar_especial_ativo_var: False
2026-03-28 09:18:27 | debug_robo_cima | INFO | ℹ️ Pilar especial INATIVO - pilar_rotacionado: False, pilar_especial: False, globais: False, tipo: ''
2026-03-28 09:18:27 | debug_robo_cima | INFO | 
----------------------------------------
2026-03-28 09:18:27 | debug_robo_cima | INFO | 📌 VERIFICAÇÃO DE PILAR ESPECIAL ATIVO
2026-03-28 09:18:27 | debug_robo_cima | INFO | ----------------------------------------
2026-03-28 09:18:27 | debug_robo_cima | INFO | ℹ️ 🔄 Verificando se pilar especial está ativo...
2026-03-28 09:18:27 | debug_robo_cima | INFO | ℹ️ 🔄 Status do checkbox pilar_rotacionado_var: False
2026-03-28 09:18:27 | debug_robo_cima | INFO | ℹ️ 🔄 Status do checkbox pilar_especial_ativo_var: False
2026-03-28 09:18:27 | debug_robo_cima | INFO | ℹ️ Pilar especial INATIVO - pilar_rotacionado: False, pilar_especial: False, globais: False, tipo: ''
2026-03-28 09:18:27 | debug_robo_cima | INFO | 
----------------------------------------
2026-03-28 09:18:27 | debug_robo_cima | INFO | 📌 VERIFICAÇÃO DE PILAR ESPECIAL ATIVO
2026-03-28 09:18:27 | debug_robo_cima | INFO | ----------------------------------------
2026-03-28 09:18:27 | debug_robo_cima | INFO | ℹ️ 🔄 Verificando se pilar especial está ativo...
2026-03-28 09:18:27 | debug_robo_cima | INFO | ℹ️ 🔄 Status do checkbox pilar_rotacionado_var: False
2026-03-28 09:18:27 | debug_robo_cima | INFO | ℹ️ 🔄 Status do checkbox pilar_especial_ativo_var: False
2026-03-28 09:18:27 | debug_robo_cima | INFO | ℹ️ Pilar especial INATIVO - pilar_rotacionado: False, pilar_especial: False, globais: False, tipo: ''
2026-03-28 09:18:27 | debug_robo_cima | INFO | 
----------------------------------------
2026-03-28 09:18:27 | debug_robo_cima | INFO | 📌 VERIFICAÇÃO DE PILAR ESPECIAL ATIVO
2026-03-28 09:18:27 | debug_robo_cima | INFO | ----------------------------------------
2026-03-28 09:18:27 | debug_robo_cima | INFO | ℹ️ 🔄 Verificando se pilar especial está ativo...
2026-03-28 09:18:27 | debug_robo_cima | INFO | ℹ️ 🔄 Status do checkbox pilar_rotacionado_var: False
2026-03-28 09:18:27 | debug_robo_cima | INFO | ℹ️ 🔄 Status do checkbox pilar_especial_ativo_var: False
2026-03-28 09:18:27 | debug_robo_cima | INFO | ℹ️ Pilar especial INATIVO - pilar_rotacionado: False, pilar_especial: False, globais: False, tipo: ''
2026-03-28 09:18:27 | debug_robo_cima | INFO | 
----------------------------------------
2026-03-28 09:18:27 | debug_robo_cima | INFO | 📌 VERIFICAÇÃO DE PILAR ESPECIAL ATIVO
2026-03-28 09:18:27 | debug_robo_cima | INFO | ----------------------------------------
2026-03-28 09:18:27 | debug_robo_cima | INFO | ℹ️ 🔄 Verificando se pilar especial está ativo...
2026-03-28 09:18:27 | debug_robo_cima | INFO | ℹ️ 🔄 Status do checkbox pilar_rotacionado_var: False
2026-03-28 09:18:27 | debug_robo_cima | INFO | ℹ️ 🔄 Status do checkbox pilar_especial_ativo_var: False
2026-03-28 09:18:27 | debug_robo_cima | INFO | ℹ️ Pilar especial INATIVO - pilar_rotacionado: False, pilar_especial: False, globais: False, tipo: ''
2026-03-28 09:18:27 | debug_robo_cima | INFO | 
----------------------------------------
2026-03-28 09:18:27 | debug_robo_cima | INFO | 📌 VERIFICAÇÃO DE PILAR ESPECIAL ATIVO
2026-03-28 09:18:27 | debug_robo_cima | INFO | ----------------------------------------
2026-03-28 09:18:27 | debug_robo_cima | INFO | ℹ️ 🔄 Verificando se pilar especial está ativo...
2026-03-28 09:18:27 | debug_robo_cima | INFO | ℹ️ 🔄 Status do checkbox pilar_rotacionado_var: False
2026-03-28 09:18:27 | debug_robo_cima | INFO | ℹ️ 🔄 Status do checkbox pilar_especial_ativo_var: False
2026-03-28 09:18:27 | debug_robo_cima | INFO | ℹ️ Pilar especial INATIVO - pilar_rotacionado: False, pilar_especial: False, globais: False, tipo: ''
2026-03-28 09:18:27 | debug_robo_cima | INFO | 
----------------------------------------
2026-03-28 09:18:27 | debug_robo_cima | INFO | 📌 VERIFICAÇÃO DE PILAR ESPECIAL ATIVO
2026-03-28 09:18:27 | debug_robo_cima | INFO | ----------------------------------------
2026-03-28 09:18:27 | debug_robo_cima | INFO | ℹ️ 🔄 Verificando se pilar especial está ativo...
2026-03-28 09:18:27 | debug_robo_cima | INFO | ℹ️ 🔄 Status do checkbox pilar_rotacionado_var: False
2026-03-28 09:18:27 | debug_robo_cima | INFO | ℹ️ 🔄 Status do checkbox pilar_especial_ativo_var: False
2026-03-28 09:18:27 | debug_robo_cima | INFO | ℹ️ Pilar especial INATIVO - pilar_rotacionado: False, pilar_especial: False, globais: False, tipo: ''
2026-03-28 09:18:27 | debug_robo_cima | INFO | 
----------------------------------------
2026-03-28 09:18:27 | debug_robo_cima | INFO | 📌 VERIFICAÇÃO DE PILAR ESPECIAL ATIVO
2026-03-28 09:18:27 | debug_robo_cima | INFO | ----------------------------------------
2026-03-28 09:18:27 | debug_robo_cima | INFO | ℹ️ 🔄 Verificando se pilar especial está ativo...
2026-03-28 09:18:27 | debug_robo_cima | INFO | ℹ️ 🔄 Status do checkbox pilar_rotacionado_var: False
2026-03-28 09:18:27 | debug_robo_cima | INFO | ℹ️ 🔄 Status do checkbox pilar_especial_ativo_var: False
2026-03-28 09:18:27 | debug_robo_cima | INFO | ℹ️ Pilar especial INATIVO - pilar_rotacionado: False, pilar_especial: False, globais: False, tipo: ''
2026-03-28 09:18:27 | debug_robo_cima | INFO | 
----------------------------------------
2026-03-28 09:18:27 | debug_robo_cima | INFO | 📌 VERIFICAÇÃO DE PILAR ESPECIAL ATIVO
2026-03-28 09:18:27 | debug_robo_cima | INFO | ----------------------------------------
2026-03-28 09:18:27 | debug_robo_cima | INFO | ℹ️ 🔄 Verificando se pilar especial está ativo...
2026-03-28 09:18:27 | debug_robo_cima | INFO | ℹ️ 🔄 Status do checkbox pilar_rotacionado_var: False
2026-03-28 09:18:27 | debug_robo_cima | INFO | ℹ️ 🔄 Status do checkbox pilar_especial_ativo_var: False
2026-03-28 09:18:27 | debug_robo_cima | INFO | ℹ️ Pilar especial INATIVO - pilar_rotacionado: False, pilar_especial: False, globais: False, tipo: ''
2026-03-28 09:18:28 | debug_robo_cima | INFO | 
----------------------------------------
2026-03-28 09:18:28 | debug_robo_cima | INFO | 📌 VERIFICAÇÃO DE PILAR ESPECIAL ATIVO
2026-03-28 09:18:28 | debug_robo_cima | INFO | ----------------------------------------
2026-03-28 09:18:28 | debug_robo_cima | INFO | ℹ️ 🔄 Verificando se pilar especial está ativo...
2026-03-28 09:18:28 | debug_robo_cima | INFO | ℹ️ 🔄 Status do checkbox pilar_rotacionado_var: False
2026-03-28 09:18:28 | debug_robo_cima | INFO | ℹ️ 🔄 Status do checkbox pilar_especial_ativo_var: False
2026-03-28 09:18:28 | debug_robo_cima | INFO | ℹ️ Pilar especial INATIVO - pilar_rotacionado: False, pilar_especial: False, globais: False, tipo: ''
2026-03-28 09:18:28 | debug_robo_cima | INFO | 
----------------------------------------
2026-03-28 09:18:28 | debug_robo_cima | INFO | 📌 VERIFICAÇÃO DE PILAR ESPECIAL ATIVO
2026-03-28 09:18:28 | debug_robo_cima | INFO | ----------------------------------------
2026-03-28 09:18:28 | debug_robo_cima | INFO | ℹ️ 🔄 Verificando se pilar especial está ativo...
2026-03-28 09:18:28 | debug_robo_cima | INFO | ℹ️ 🔄 Status do checkbox pilar_rotacionado_var: False
2026-03-28 09:18:28 | debug_robo_cima | INFO | ℹ️ 🔄 Status do checkbox pilar_especial_ativo_var: False
2026-03-28 09:18:28 | debug_robo_cima | INFO | ℹ️ Pilar especial INATIVO - pilar_rotacionado: False, pilar_especial: False, globais: False, tipo: ''
2026-03-28 09:18:28 | debug_robo_cima | INFO | 
----------------------------------------
2026-03-28 09:18:28 | debug_robo_cima | INFO | 📌 VERIFICAÇÃO DE PILAR ESPECIAL ATIVO
2026-03-28 09:18:28 | debug_robo_cima | INFO | ----------------------------------------
2026-03-28 09:18:28 | debug_robo_cima | INFO | ℹ️ 🔄 Verificando se pilar especial está ativo...
2026-03-28 09:18:28 | debug_robo_cima | INFO | ℹ️ 🔄 Status do checkbox pilar_rotacionado_var: False
2026-03-28 09:18:28 | debug_robo_cima | INFO | ℹ️ 🔄 Status do checkbox pilar_especial_ativo_var: False
2026-03-28 09:18:28 | debug_robo_cima | INFO | ℹ️ Pilar especial INATIVO - pilar_rotacionado: False, pilar_especial: False, globais: False, tipo: ''
2026-03-28 09:18:28 | debug_robo_cima | INFO | 
----------------------------------------
2026-03-28 09:18:28 | debug_robo_cima | INFO | 📌 VERIFICAÇÃO DE PILAR ESPECIAL ATIVO
2026-03-28 09:18:28 | debug_robo_cima | INFO | ----------------------------------------
2026-03-28 09:18:28 | debug_robo_cima | INFO | ℹ️ 🔄 Verificando se pilar especial está ativo...
2026-03-28 09:18:28 | debug_robo_cima | INFO | ℹ️ 🔄 Status do checkbox pilar_rotacionado_var: False
2026-03-28 09:18:28 | debug_robo_cima | INFO | ℹ️ 🔄 Status do checkbox pilar_especial_ativo_var: False
2026-03-28 09:18:28 | debug_robo_cima | INFO | ℹ️ Pilar especial INATIVO - pilar_rotacionado: False, pilar_especial: False, globais: False, tipo: ''
2026-03-28 09:18:28 | debug_robo_cima | INFO | 
----------------------------------------
2026-03-28 09:18:28 | debug_robo_cima | INFO | 📌 VERIFICAÇÃO DE PILAR ESPECIAL ATIVO
2026-03-28 09:18:28 | debug_robo_cima | INFO | ----------------------------------------
2026-03-28 09:18:28 | debug_robo_cima | INFO | ℹ️ 🔄 Verificando se pilar especial está ativo...
2026-03-28 09:18:28 | debug_robo_cima | INFO | ℹ️ 🔄 Status do checkbox pilar_rotacionado_var: False
2026-03-28 09:18:28 | debug_robo_cima | INFO | ℹ️ 🔄 Status do checkbox pilar_especial_ativo_var: False
2026-03-28 09:18:28 | debug_robo_cima | INFO | ℹ️ Pilar especial INATIVO - pilar_rotacionado: False, pilar_especial: False, globais: False, tipo: ''
2026-03-28 09:18:28 | debug_robo_cima | INFO | 
----------------------------------------
2026-03-28 09:18:28 | debug_robo_cima | INFO | 📌 VERIFICAÇÃO DE PILAR ESPECIAL ATIVO
2026-03-28 09:18:28 | debug_robo_cima | INFO | ----------------------------------------
2026-03-28 09:18:28 | debug_robo_cima | INFO | ℹ️ 🔄 Verificando se pilar especial está ativo...
2026-03-28 09:18:28 | debug_robo_cima | INFO | ℹ️ 🔄 Status do checkbox pilar_rotacionado_var: False
2026-03-28 09:18:28 | debug_robo_cima | INFO | ℹ️ 🔄 Status do checkbox pilar_especial_ativo_var: False
2026-03-28 09:18:28 | debug_robo_cima | INFO | ℹ️ Pilar especial INATIVO - pilar_rotacionado: False, pilar_especial: False, globais: False, tipo: ''
2026-03-28 09:18:28 | debug_robo_cima | INFO | 
----------------------------------------
2026-03-28 09:18:28 | debug_robo_cima | INFO | 📌 VERIFICAÇÃO DE PILAR ESPECIAL ATIVO
2026-03-28 09:18:28 | debug_robo_cima | INFO | ----------------------------------------
2026-03-28 09:18:28 | debug_robo_cima | INFO | ℹ️ 🔄 Verificando se pilar especial está ativo...
2026-03-28 09:18:28 | debug_robo_cima | INFO | ℹ️ 🔄 Status do checkbox pilar_rotacionado_var: False
2026-03-28 09:18:28 | debug_robo_cima | INFO | ℹ️ 🔄 Status do checkbox pilar_especial_ativo_var: False
2026-03-28 09:18:28 | debug_robo_cima | INFO | ℹ️ Pilar especial INATIVO - pilar_rotacionado: False, pilar_especial: False, globais: False, tipo: ''
2026-03-28 09:18:28 | debug_robo_cima | INFO | 
----------------------------------------
2026-03-28 09:18:28 | debug_robo_cima | INFO | 📌 VERIFICAÇÃO DE PILAR ESPECIAL ATIVO
2026-03-28 09:18:28 | debug_robo_cima | INFO | ----------------------------------------
2026-03-28 09:18:28 | debug_robo_cima | INFO | ℹ️ 🔄 Verificando se pilar especial está ativo...
2026-03-28 09:18:28 | debug_robo_cima | INFO | ℹ️ 🔄 Status do checkbox pilar_rotacionado_var: False
2026-03-28 09:18:28 | debug_robo_cima | INFO | ℹ️ 🔄 Status do checkbox pilar_especial_ativo_var: False
2026-03-28 09:18:28 | debug_robo_cima | INFO | ℹ️ Pilar especial INATIVO - pilar_rotacionado: False, pilar_especial: False, globais: False, tipo: ''
2026-03-28 09:18:28 | debug_robo_cima | INFO | 
----------------------------------------
2026-03-28 09:18:28 | debug_robo_cima | INFO | 📌 VERIFICAÇÃO DE PILAR ESPECIAL ATIVO
2026-03-28 09:18:28 | debug_robo_cima | INFO | ----------------------------------------
2026-03-28 09:18:28 | debug_robo_cima | INFO | ℹ️ 🔄 Verificando se pilar especial está ativo...
2026-03-28 09:18:28 | debug_robo_cima | INFO | ℹ️ 🔄 Status do checkbox pilar_rotacionado_var: False
2026-03-28 09:18:28 | debug_robo_cima | INFO | ℹ️ 🔄 Status do checkbox pilar_especial_ativo_var: False
2026-03-28 09:18:28 | debug_robo_cima | INFO | ℹ️ Pilar especial INATIVO - pilar_rotacionado: False, pilar_especial: False, globais: False, tipo: ''
2026-03-28 09:18:28 | debug_robo_cima | INFO | 
----------------------------------------
2026-03-28 09:18:28 | debug_robo_cima | INFO | 📌 VERIFICAÇÃO DE PILAR ESPECIAL ATIVO
2026-03-28 09:18:28 | debug_robo_cima | INFO | ----------------------------------------
2026-03-28 09:18:28 | debug_robo_cima | INFO | ℹ️ 🔄 Verificando se pilar especial está ativo...
2026-03-28 09:18:28 | debug_robo_cima | INFO | ℹ️ 🔄 Status do checkbox pilar_rotacionado_var: False
2026-03-28 09:18:28 | debug_robo_cima | INFO | ℹ️ 🔄 Status do checkbox pilar_especial_ativo_var: False
2026-03-28 09:18:28 | debug_robo_cima | INFO | ℹ️ Pilar especial INATIVO - pilar_rotacionado: False, pilar_especial: False, globais: False, tipo: ''
2026-03-28 09:18:28 | debug_robo_cima | INFO | 
----------------------------------------
2026-03-28 09:18:28 | debug_robo_cima | INFO | 📌 VERIFICAÇÃO DE PILAR ESPECIAL ATIVO
2026-03-28 09:18:28 | debug_robo_cima | INFO | ----------------------------------------
2026-03-28 09:18:28 | debug_robo_cima | INFO | ℹ️ 🔄 Verificando se pilar especial está ativo...
2026-03-28 09:18:28 | debug_robo_cima | INFO | ℹ️ 🔄 Status do checkbox pilar_rotacionado_var: False
2026-03-28 09:18:28 | debug_robo_cima | INFO | ℹ️ 🔄 Status do checkbox pilar_especial_ativo_var: False
2026-03-28 09:18:28 | debug_robo_cima | INFO | ℹ️ Pilar especial INATIVO - pilar_rotacionado: False, pilar_especial: False, globais: False, tipo: ''
2026-03-28 09:18:28 | debug_robo_cima | INFO | 
----------------------------------------
2026-03-28 09:18:28 | debug_robo_cima | INFO | 📌 VERIFICAÇÃO DE PILAR ESPECIAL ATIVO
2026-03-28 09:18:28 | debug_robo_cima | INFO | ----------------------------------------
2026-03-28 09:18:28 | debug_robo_cima | INFO | ℹ️ 🔄 Verificando se pilar especial está ativo...
2026-03-28 09:18:28 | debug_robo_cima | INFO | ℹ️ 🔄 Status do checkbox pilar_rotacionado_var: False
2026-03-28 09:18:28 | debug_robo_cima | INFO | ℹ️ 🔄 Status do checkbox pilar_especial_ativo_var: False
2026-03-28 09:18:28 | debug_robo_cima | INFO | ℹ️ Pilar especial INATIVO - pilar_rotacionado: False, pilar_especial: False, globais: False, tipo: ''
2026-03-28 09:18:28 | debug_robo_cima | INFO | 
----------------------------------------
2026-03-28 09:18:28 | debug_robo_cima | INFO | 📌 VERIFICAÇÃO DE PILAR ESPECIAL ATIVO
2026-03-28 09:18:28 | debug_robo_cima | INFO | ----------------------------------------
2026-03-28 09:18:28 | debug_robo_cima | INFO | ℹ️ 🔄 Verificando se pilar especial está ativo...
2026-03-28 09:18:28 | debug_robo_cima | INFO | ℹ️ 🔄 Status do checkbox pilar_rotacionado_var: False
2026-03-28 09:18:28 | debug_robo_cima | INFO | ℹ️ 🔄 Status do checkbox pilar_especial_ativo_var: False
2026-03-28 09:18:28 | debug_robo_cima | INFO | ℹ️ Pilar especial INATIVO - pilar_rotacionado: False, pilar_especial: False, globais: False, tipo: ''
2026-03-28 09:18:28 | debug_robo_cima | INFO | 
----------------------------------------
2026-03-28 09:18:28 | debug_robo_cima | INFO | 📌 VERIFICAÇÃO DE PILAR ESPECIAL ATIVO
2026-03-28 09:18:28 | debug_robo_cima | INFO | ----------------------------------------
2026-03-28 09:18:28 | debug_robo_cima | INFO | ℹ️ 🔄 Verificando se pilar especial está ativo...
2026-03-28 09:18:28 | debug_robo_cima | INFO | ℹ️ 🔄 Status do checkbox pilar_rotacionado_var: False
2026-03-28 09:18:28 | debug_robo_cima | INFO | ℹ️ 🔄 Status do checkbox pilar_especial_ativo_var: False
2026-03-28 09:18:28 | debug_robo_cima | INFO | ℹ️ Pilar especial INATIVO - pilar_rotacionado: False, pilar_especial: False, globais: False, tipo: ''
2026-03-28 09:18:28 | debug_robo_cima | INFO | 
----------------------------------------
2026-03-28 09:18:28 | debug_robo_cima | INFO | 📌 VERIFICAÇÃO DE PILAR ESPECIAL ATIVO
2026-03-28 09:18:28 | debug_robo_cima | INFO | ----------------------------------------
2026-03-28 09:18:28 | debug_robo_cima | INFO | ℹ️ 🔄 Verificando se pilar especial está ativo...
2026-03-28 09:18:28 | debug_robo_cima | INFO | ℹ️ 🔄 Status do checkbox pilar_rotacionado_var: False
2026-03-28 09:18:28 | debug_robo_cima | INFO | ℹ️ 🔄 Status do checkbox pilar_especial_ativo_var: False
2026-03-28 09:18:28 | debug_robo_cima | INFO | ℹ️ Pilar especial INATIVO - pilar_rotacionado: False, pilar_especial: False, globais: False, tipo: ''
2026-03-28 09:18:28 | debug_robo_cima | INFO | 
----------------------------------------
2026-03-28 09:18:28 | debug_robo_cima | INFO | 📌 VERIFICAÇÃO DE PILAR ESPECIAL ATIVO
2026-03-28 09:18:28 | debug_robo_cima | INFO | ----------------------------------------
2026-03-28 09:18:28 | debug_robo_cima | INFO | ℹ️ 🔄 Verificando se pilar especial está ativo...
2026-03-28 09:18:28 | debug_robo_cima | INFO | ℹ️ 🔄 Status do checkbox pilar_rotacionado_var: False
2026-03-28 09:18:28 | debug_robo_cima | INFO | ℹ️ 🔄 Status do checkbox pilar_especial_ativo_var: False
2026-03-28 09:18:28 | debug_robo_cima | INFO | ℹ️ Pilar especial INATIVO - pilar_rotacionado: False, pilar_especial: False, globais: False, tipo: ''
2026-03-28 09:18:28 | debug_robo_cima | INFO | 
----------------------------------------
2026-03-28 09:18:28 | debug_robo_cima | INFO | 📌 VERIFICAÇÃO DE PILAR ESPECIAL ATIVO
2026-03-28 09:18:28 | debug_robo_cima | INFO | ----------------------------------------
2026-03-28 09:18:28 | debug_robo_cima | INFO | ℹ️ 🔄 Verificando se pilar especial está ativo...
2026-03-28 09:18:28 | debug_robo_cima | INFO | ℹ️ 🔄 Status do checkbox pilar_rotacionado_var: False
2026-03-28 09:18:28 | debug_robo_cima | INFO | ℹ️ 🔄 Status do checkbox pilar_especial_ativo_var: False
2026-03-28 09:18:28 | debug_robo_cima | INFO | ℹ️ Pilar especial INATIVO - pilar_rotacionado: False, pilar_especial: False, globais: False, tipo: ''
2026-03-28 09:18:28 | debug_robo_cima | INFO | 
----------------------------------------
2026-03-28 09:18:28 | debug_robo_cima | INFO | 📌 VERIFICAÇÃO DE PILAR ESPECIAL ATIVO
2026-03-28 09:18:28 | debug_robo_cima | INFO | ----------------------------------------
2026-03-28 09:18:28 | debug_robo_cima | INFO | ℹ️ 🔄 Verificando se pilar especial está ativo...
2026-03-28 09:18:28 | debug_robo_cima | INFO | ℹ️ 🔄 Status do checkbox pilar_rotacionado_var: False
2026-03-28 09:18:28 | debug_robo_cima | INFO | ℹ️ 🔄 Status do checkbox pilar_especial_ativo_var: False
2026-03-28 09:18:28 | debug_robo_cima | INFO | ℹ️ Pilar especial INATIVO - pilar_rotacionado: False, pilar_especial: False, globais: False, tipo: ''
2026-03-28 09:18:28 | debug_robo_cima | INFO | 
============================================================
2026-03-28 09:18:28 | debug_robo_cima | INFO | 📋 GERAÇÃO DE SCRIPT CIMA
2026-03-28 09:18:28 | debug_robo_cima | INFO | ============================================================
2026-03-28 09:18:28 | debug_robo_cima | INFO | ℹ️ 🔄 === INÍCIO DO gerar_script() ===
2026-03-28 09:18:28 | debug_robo_cima | INFO | ℹ️ 🔄 Estado inicial das globais: ID=1996916051008, len=0
2026-03-28 09:18:28 | debug_robo_cima | WARNING | ⚠️ _globais_pilar_especial está vazio ou None!
2026-03-28 09:18:28 | debug_robo_cima | INFO | ℹ️ 🔄 Status pilar_rotacionado no inicio: False
2026-03-28 09:18:28 | debug_robo_cima | INFO | ℹ️ 🔄 Prestes a chamar _verificar_pilar_especial_ativo()...
2026-03-28 09:18:28 | debug_robo_cima | INFO | ℹ️ 🔄 Estado das globais ANTES da verificação: False
2026-03-28 09:18:28 | debug_robo_cima | INFO | 
----------------------------------------
2026-03-28 09:18:28 | debug_robo_cima | INFO | 📌 VERIFICAÇÃO DE PILAR ESPECIAL ATIVO
2026-03-28 09:18:28 | debug_robo_cima | INFO | ----------------------------------------
2026-03-28 09:18:28 | debug_robo_cima | INFO | ℹ️ 🔄 Verificando se pilar especial está ativo...
2026-03-28 09:18:28 | debug_robo_cima | INFO | ℹ️ 🔄 Status do checkbox pilar_rotacionado_var: False
2026-03-28 09:18:28 | debug_robo_cima | INFO | ℹ️ 🔄 Status do checkbox pilar_especial_ativo_var: False
2026-03-28 09:18:28 | debug_robo_cima | INFO | ℹ️ Pilar especial INATIVO - pilar_rotacionado: False, pilar_especial: False, globais: False, tipo: ''
2026-03-28 09:18:28 | debug_robo_cima | INFO | ℹ️ 🔄 Resultado da verificação: False
2026-03-28 09:18:28 | debug_robo_cima | INFO | ℹ️ 🔄 Estado das globais APÓS a verificação: False
2026-03-28 09:18:28 | debug_robo_cima | INFO | ℹ️ 🔄 Pilar especial ativo: False
2026-03-28 09:18:28 | debug_robo_cima | INFO | 
----------------------------------------
2026-03-28 09:18:28 | debug_robo_cima | INFO | 📌 APLICAÇÃO DE ALTERAÇÕES PILAR ESPECIAL - PAI.B
2026-03-28 09:18:28 | debug_robo_cima | INFO | ----------------------------------------
2026-03-28 09:18:28 | debug_robo_cima | INFO | ℹ️ 🔄 Aplicando alterações do pilar especial para PAI.B...
2026-03-28 09:18:28 | debug_robo_cima | WARNING | ⚠️ Pilar especial INATIVO (sem globais no gerador) - retornando valor original: -51
2026-03-28 09:18:28 | debug_robo_cima | WARNING | ⚠️ Pilar especial INATIVO (sem globais no gerador) - retornando valor original: 100.0
2026-03-28 09:18:28 | debug_robo_cima | WARNING | ⚠️ Pilar especial INATIVO (sem globais no gerador) - retornando valor original: 222.0
2026-03-28 09:18:28 | debug_robo_cima | INFO | ℹ️ 🔄 PAI.B - Posição X: -51 -> -51
2026-03-28 09:18:28 | debug_robo_cima | INFO | ℹ️ 🔄 PAI.B - Posição Y: 100.0 -> 100.0
2026-03-28 09:18:28 | debug_robo_cima | INFO | ℹ️ 🔄 PAI.B - Comprimento: 222.0 -> 222.0
2026-03-28 09:18:28 | debug_robo_cima | WARNING | ⚠️ Pilar especial INATIVO (sem globais no gerador) - retornando valor original: -51
2026-03-28 09:18:28 | debug_robo_cima | WARNING | ⚠️ Pilar especial INATIVO (sem globais no gerador) - retornando valor original: 70
2026-03-28 09:18:28 | debug_robo_cima | WARNING | ⚠️ Pilar especial INATIVO (sem globais no gerador) - retornando valor original: 222.0
2026-03-28 09:18:28 | debug_robo_cima | INFO | ℹ️ [REFERENCIA-DINAMICA] Parede esquerda PAI.A FINAL REAL registrada: -51
2026-03-28 09:18:28 | debug_robo_cima | WARNING | ⚠️ Pilar especial INATIVO (sem globais no gerador) - retornando valor original: -71
2026-03-28 09:18:28 | debug_robo_cima | WARNING | ⚠️ Pilar especial INATIVO (sem globais no gerador) - retornando valor original: 262.0
2026-03-28 09:18:28 | debug_robo_cima | INFO | ℹ️ 🔧 METAL A - posX=-71, posY=61.0, comp=262.0, endX=191.0, largura=7
2026-03-28 09:18:28 | debug_robo_cima | WARNING | ⚠️ Pilar especial INATIVO (sem globais no gerador) - retornando valor original: -71
2026-03-28 09:18:28 | debug_robo_cima | WARNING | ⚠️ Pilar especial INATIVO (sem globais no gerador) - retornando valor original: 262.0
2026-03-28 09:18:28 | debug_robo_cima | INFO | ℹ️ 🔧 METAL B - posX=-71, posY=109.0, comp=262.0, endX=191.0, largura=7
2026-03-28 09:18:28 | debug_robo_cima | INFO | ℹ️ DEBUG: Valores lidos Grade A - grade1=105.0, grade2=105.0, grade3=0.0, dist1=12.0, dist2=0.0
2026-03-28 09:18:28 | debug_robo_cima | INFO | ℹ️ DEBUG: Condição Grade A - grade1 > 0: True, grade2 > 0: True, grade3 > 0: False
2026-03-28 09:18:28 | debug_robo_cima | INFO | ℹ️ DEBUG: Condição Grade A - grade1 > 0 or grade2 > 0 or grade3 > 0: True
2026-03-28 09:18:28 | debug_robo_cima | INFO | ℹ️ GRA.A usando valores específicos: comprimentos=[105.0, 105.0, 0.0], espacos=[12.0, 0.0]
2026-03-28 09:18:28 | debug_robo_cima | INFO | 
----------------------------------------
2026-03-28 09:18:28 | debug_robo_cima | INFO | 📌 VERIFICAÇÃO DE PILAR ESPECIAL ATIVO
2026-03-28 09:18:28 | debug_robo_cima | INFO | ----------------------------------------
2026-03-28 09:18:28 | debug_robo_cima | INFO | ℹ️ 🔄 Verificando se pilar especial está ativo...
2026-03-28 09:18:28 | debug_robo_cima | INFO | ℹ️ 🔄 Status do checkbox pilar_rotacionado_var: False
2026-03-28 09:18:28 | debug_robo_cima | INFO | ℹ️ 🔄 Status do checkbox pilar_especial_ativo_var: False
2026-03-28 09:18:28 | debug_robo_cima | INFO | ℹ️ Pilar especial INATIVO - pilar_rotacionado: False, pilar_especial: False, globais: False, tipo: ''
2026-03-28 09:18:28 | debug_robo_cima | INFO | 
----------------------------------------
2026-03-28 09:18:28 | debug_robo_cima | INFO | 📌 VERIFICAÇÃO DE PILAR ESPECIAL ATIVO
2026-03-28 09:18:28 | debug_robo_cima | INFO | ----------------------------------------
2026-03-28 09:18:28 | debug_robo_cima | INFO | ℹ️ 🔄 Verificando se pilar especial está ativo...
2026-03-28 09:18:28 | debug_robo_cima | INFO | ℹ️ 🔄 Status do checkbox pilar_rotacionado_var: False
2026-03-28 09:18:28 | debug_robo_cima | INFO | ℹ️ 🔄 Status do checkbox pilar_especial_ativo_var: False
2026-03-28 09:18:28 | debug_robo_cima | INFO | ℹ️ Pilar especial INATIVO - pilar_rotacionado: False, pilar_especial: False, globais: False, tipo: ''
2026-03-28 09:18:28 | debug_robo_cima | INFO | ℹ️ DEBUG: Valores lidos Grade B - grade1_grupo2=0.0, grade2_grupo2=105.0, grade3_grupo2=105.0, dist1_grupo2=0.0, dist2_grupo2=12.0
2026-03-28 09:18:28 | debug_robo_cima | INFO | ℹ️ DEBUG: Condição Grade B - grade1_grupo2 > 0: False, grade2_grupo2 > 0: True, grade3_grupo2 > 0: True
2026-03-28 09:18:28 | debug_robo_cima | INFO | ℹ️ DEBUG: Condição Grade B - grade1_grupo2 > 0 or grade2_grupo2 > 0 or grade3_grupo2 > 0: True
2026-03-28 09:18:28 | debug_robo_cima | INFO | ℹ️ GRA.B usando valores específicos: comprimentos=[0.0, 105.0, 105.0], espacos=[0.0, 12.0]
2026-03-28 09:18:28 | debug_robo_cima | INFO | 
----------------------------------------
2026-03-28 09:18:28 | debug_robo_cima | INFO | 📌 VERIFICAÇÃO DE PILAR ESPECIAL ATIVO
2026-03-28 09:18:28 | debug_robo_cima | INFO | ----------------------------------------
2026-03-28 09:18:28 | debug_robo_cima | INFO | ℹ️ 🔄 Verificando se pilar especial está ativo...
2026-03-28 09:18:28 | debug_robo_cima | INFO | ℹ️ 🔄 Status do checkbox pilar_rotacionado_var: False
2026-03-28 09:18:28 | debug_robo_cima | INFO | ℹ️ 🔄 Status do checkbox pilar_especial_ativo_var: False
2026-03-28 09:18:28 | debug_robo_cima | INFO | ℹ️ Pilar especial INATIVO - pilar_rotacionado: False, pilar_especial: False, globais: False, tipo: ''
2026-03-28 09:18:28 | debug_robo_cima | INFO | 
----------------------------------------
2026-03-28 09:18:28 | debug_robo_cima | INFO | 📌 VERIFICAÇÃO DE PILAR ESPECIAL ATIVO
2026-03-28 09:18:28 | debug_robo_cima | INFO | ----------------------------------------
2026-03-28 09:18:28 | debug_robo_cima | INFO | ℹ️ 🔄 Verificando se pilar especial está ativo...
2026-03-28 09:18:28 | debug_robo_cima | INFO | ℹ️ 🔄 Status do checkbox pilar_rotacionado_var: False
2026-03-28 09:18:28 | debug_robo_cima | INFO | ℹ️ 🔄 Status do checkbox pilar_especial_ativo_var: False
2026-03-28 09:18:28 | debug_robo_cima | INFO | ℹ️ Pilar especial INATIVO - pilar_rotacionado: False, pilar_especial: False, globais: False, tipo: ''
2026-03-28 09:18:28 | debug_robo_cima | WARNING | ⚠️ Pilar especial INATIVO (sem globais no gerador) - retornando valor original: -52
2026-03-28 09:18:28 | debug_robo_cima | INFO | 
----------------------------------------
2026-03-28 09:18:28 | debug_robo_cima | INFO | 📌 VERIFICAÇÃO DE PILAR ESPECIAL ATIVO
2026-03-28 09:18:28 | debug_robo_cima | INFO | ----------------------------------------
2026-03-28 09:18:28 | debug_robo_cima | INFO | ℹ️ 🔄 Verificando se pilar especial está ativo...
2026-03-28 09:18:28 | debug_robo_cima | INFO | ℹ️ 🔄 Status do checkbox pilar_rotacionado_var: False
2026-03-28 09:18:28 | debug_robo_cima | INFO | ℹ️ 🔄 Status do checkbox pilar_especial_ativo_var: False
2026-03-28 09:18:28 | debug_robo_cima | INFO | ℹ️ Pilar especial INATIVO - pilar_rotacionado: False, pilar_especial: False, globais: False, tipo: ''
2026-03-28 09:18:28 | debug_robo_cima | INFO | 
----------------------------------------
2026-03-28 09:18:28 | debug_robo_cima | INFO | 📌 DECISÃO DE COMANDO SCALE/ROTATE
2026-03-28 09:18:28 | debug_robo_cima | INFO | ----------------------------------------
2026-03-28 09:18:28 | debug_robo_cima | INFO | ℹ️ 🔄 Verificando qual comando usar (SCALE ou ROTATE)...
2026-03-28 09:18:28 | debug_robo_cima | INFO | ℹ️ 🔄 Status pilar_rotacionado = False, usar_scale = True
2026-03-28 09:18:28 | debug_robo_cima | INFO | ℹ️ ✅ Usando _SCALE
2026-03-28 09:18:28 | debug_robo_cima | INFO | ℹ️ 🔄 Verificando se é pilar especial: False
2026-03-28 09:18:28 | debug_robo_cima | INFO | ℹ️ ✅ Pilar normal - usando valores padrão no _SCALE
2026-03-28 09:18:28 | debug_robo_cima | INFO | ℹ️ ✅ Script gerado com sucesso!
2026-03-28 09:18:28 | debug_robo_cima | INFO | 🔄 Script gerado: Tamanho: 5288 caracteres
2026-03-28 09:18:28 | debug_robo_cima | INFO | 
============================================================
2026-03-28 09:18:28 | debug_robo_cima | INFO | 📋 FIM DA GERAÇÃO DE SCRIPT CIMA
2026-03-28 09:18:28 | debug_robo_cima | INFO | ============================================================
2026-03-28 09:18:29 | debug_robo_cima | INFO | ℹ️ 🔄 Instância do GeradorPilar registrada globalmente
2026-03-28 09:18:29 | debug_robo_cima | INFO | ℹ️ 🔄 Globais do pilar especial inicializadas
2026-03-28 09:18:30 | debug_robo_cima | INFO | 
----------------------------------------
2026-03-28 09:18:30 | debug_robo_cima | INFO | 📌 VERIFICAÇÃO DE PILAR ESPECIAL ATIVO
2026-03-28 09:18:30 | debug_robo_cima | INFO | ----------------------------------------
2026-03-28 09:18:30 | debug_robo_cima | INFO | ℹ️ 🔄 Verificando se pilar especial está ativo...
2026-03-28 09:18:30 | debug_robo_cima | INFO | ℹ️ 🔄 Status do checkbox pilar_rotacionado_var: False
2026-03-28 09:18:30 | debug_robo_cima | INFO | ℹ️ 🔄 Status do checkbox pilar_especial_ativo_var: False
2026-03-28 09:18:30 | debug_robo_cima | INFO | ℹ️ Pilar especial INATIVO - pilar_rotacionado: False, pilar_especial: False, globais: False, tipo: ''
2026-03-28 09:18:30 | debug_robo_cima | INFO | 
----------------------------------------
2026-03-28 09:18:30 | debug_robo_cima | INFO | 📌 VERIFICAÇÃO DE PILAR ESPECIAL ATIVO
2026-03-28 09:18:30 | debug_robo_cima | INFO | ----------------------------------------
2026-03-28 09:18:30 | debug_robo_cima | INFO | ℹ️ 🔄 Verificando se pilar especial está ativo...
2026-03-28 09:18:30 | debug_robo_cima | INFO | ℹ️ 🔄 Status do checkbox pilar_rotacionado_var: False
2026-03-28 09:18:30 | debug_robo_cima | INFO | ℹ️ 🔄 Status do checkbox pilar_especial_ativo_var: False
2026-03-28 09:18:30 | debug_robo_cima | INFO | ℹ️ Pilar especial INATIVO - pilar_rotacionado: False, pilar_especial: False, globais: False, tipo: ''
2026-03-28 09:18:30 | debug_robo_cima | INFO | 
----------------------------------------
2026-03-28 09:18:30 | debug_robo_cima | INFO | 📌 VERIFICAÇÃO DE PILAR ESPECIAL ATIVO
2026-03-28 09:18:30 | debug_robo_cima | INFO | ----------------------------------------
2026-03-28 09:18:30 | debug_robo_cima | INFO | ℹ️ 🔄 Verificando se pilar especial está ativo...
2026-03-28 09:18:30 | debug_robo_cima | INFO | ℹ️ 🔄 Status do checkbox pilar_rotacionado_var: False
2026-03-28 09:18:30 | debug_robo_cima | INFO | ℹ️ 🔄 Status do checkbox pilar_especial_ativo_var: False
2026-03-28 09:18:30 | debug_robo_cima | INFO | ℹ️ Pilar especial INATIVO - pilar_rotacionado: False, pilar_especial: False, globais: False, tipo: ''
2026-03-28 09:18:30 | debug_robo_cima | INFO | 
----------------------------------------
2026-03-28 09:18:30 | debug_robo_cima | INFO | 📌 VERIFICAÇÃO DE PILAR ESPECIAL ATIVO
2026-03-28 09:18:30 | debug_robo_cima | INFO | ----------------------------------------
2026-03-28 09:18:30 | debug_robo_cima | INFO | ℹ️ 🔄 Verificando se pilar especial está ativo...
2026-03-28 09:18:30 | debug_robo_cima | INFO | ℹ️ 🔄 Status do checkbox pilar_rotacionado_var: False
2026-03-28 09:18:30 | debug_robo_cima | INFO | ℹ️ 🔄 Status do checkbox pilar_especial_ativo_var: False
2026-03-28 09:18:30 | debug_robo_cima | INFO | ℹ️ Pilar especial INATIVO - pilar_rotacionado: False, pilar_especial: False, globais: False, tipo: ''
2026-03-28 09:18:30 | debug_robo_cima | INFO | 
----------------------------------------
2026-03-28 09:18:30 | debug_robo_cima | INFO | 📌 VERIFICAÇÃO DE PILAR ESPECIAL ATIVO
2026-03-28 09:18:30 | debug_robo_cima | INFO | ----------------------------------------
2026-03-28 09:18:30 | debug_robo_cima | INFO | ℹ️ 🔄 Verificando se pilar especial está ativo...
2026-03-28 09:18:30 | debug_robo_cima | INFO | ℹ️ 🔄 Status do checkbox pilar_rotacionado_var: False
2026-03-28 09:18:30 | debug_robo_cima | INFO | ℹ️ 🔄 Status do checkbox pilar_especial_ativo_var: False
2026-03-28 09:18:30 | debug_robo_cima | INFO | ℹ️ Pilar especial INATIVO - pilar_rotacionado: False, pilar_especial: False, globais: False, tipo: ''
2026-03-28 09:18:30 | debug_robo_cima | INFO | 
----------------------------------------
2026-03-28 09:18:30 | debug_robo_cima | INFO | 📌 VERIFICAÇÃO DE PILAR ESPECIAL ATIVO
2026-03-28 09:18:30 | debug_robo_cima | INFO | ----------------------------------------
2026-03-28 09:18:30 | debug_robo_cima | INFO | ℹ️ 🔄 Verificando se pilar especial está ativo...
2026-03-28 09:18:30 | debug_robo_cima | INFO | ℹ️ 🔄 Status do checkbox pilar_rotacionado_var: False
2026-03-28 09:18:30 | debug_robo_cima | INFO | ℹ️ 🔄 Status do checkbox pilar_especial_ativo_var: False
2026-03-28 09:18:30 | debug_robo_cima | INFO | ℹ️ Pilar especial INATIVO - pilar_rotacionado: False, pilar_especial: False, globais: False, tipo: ''
2026-03-28 09:18:30 | debug_robo_cima | INFO | 
----------------------------------------
2026-03-28 09:18:30 | debug_robo_cima | INFO | 📌 VERIFICAÇÃO DE PILAR ESPECIAL ATIVO
2026-03-28 09:18:30 | debug_robo_cima | INFO | ----------------------------------------
2026-03-28 09:18:30 | debug_robo_cima | INFO | ℹ️ 🔄 Verificando se pilar especial está ativo...
2026-03-28 09:18:30 | debug_robo_cima | INFO | ℹ️ 🔄 Status do checkbox pilar_rotacionado_var: False
2026-03-28 09:18:30 | debug_robo_cima | INFO | ℹ️ 🔄 Status do checkbox pilar_especial_ativo_var: False
2026-03-28 09:18:30 | debug_robo_cima | INFO | ℹ️ Pilar especial INATIVO - pilar_rotacionado: False, pilar_especial: False, globais: False, tipo: ''
2026-03-28 09:18:30 | debug_robo_cima | INFO | 
----------------------------------------
2026-03-28 09:18:30 | debug_robo_cima | INFO | 📌 VERIFICAÇÃO DE PILAR ESPECIAL ATIVO
2026-03-28 09:18:30 | debug_robo_cima | INFO | ----------------------------------------
2026-03-28 09:18:30 | debug_robo_cima | INFO | ℹ️ 🔄 Verificando se pilar especial está ativo...
2026-03-28 09:18:30 | debug_robo_cima | INFO | ℹ️ 🔄 Status do checkbox pilar_rotacionado_var: False
2026-03-28 09:18:30 | debug_robo_cima | INFO | ℹ️ 🔄 Status do checkbox pilar_especial_ativo_var: False
2026-03-28 09:18:30 | debug_robo_cima | INFO | ℹ️ Pilar especial INATIVO - pilar_rotacionado: False, pilar_especial: False, globais: False, tipo: ''
2026-03-28 09:18:30 | debug_robo_cima | INFO | 
----------------------------------------
2026-03-28 09:18:30 | debug_robo_cima | INFO | 📌 VERIFICAÇÃO DE PILAR ESPECIAL ATIVO
2026-03-28 09:18:30 | debug_robo_cima | INFO | ----------------------------------------
2026-03-28 09:18:30 | debug_robo_cima | INFO | ℹ️ 🔄 Verificando se pilar especial está ativo...
2026-03-28 09:18:30 | debug_robo_cima | INFO | ℹ️ 🔄 Status do checkbox pilar_rotacionado_var: False
2026-03-28 09:18:30 | debug_robo_cima | INFO | ℹ️ 🔄 Status do checkbox pilar_especial_ativo_var: False
2026-03-28 09:18:30 | debug_robo_cima | INFO | ℹ️ Pilar especial INATIVO - pilar_rotacionado: False, pilar_especial: False, globais: False, tipo: ''
2026-03-28 09:18:30 | debug_robo_cima | INFO | 
----------------------------------------
2026-03-28 09:18:30 | debug_robo_cima | INFO | 📌 VERIFICAÇÃO DE PILAR ESPECIAL ATIVO
2026-03-28 09:18:30 | debug_robo_cima | INFO | ----------------------------------------
2026-03-28 09:18:30 | debug_robo_cima | INFO | ℹ️ 🔄 Verificando se pilar especial está ativo...
2026-03-28 09:18:30 | debug_robo_cima | INFO | ℹ️ 🔄 Status do checkbox pilar_rotacionado_var: False
2026-03-28 09:18:30 | debug_robo_cima | INFO | ℹ️ 🔄 Status do checkbox pilar_especial_ativo_var: False
2026-03-28 09:18:30 | debug_robo_cima | INFO | ℹ️ Pilar especial INATIVO - pilar_rotacionado: False, pilar_especial: False, globais: False, tipo: ''
2026-03-28 09:18:30 | debug_robo_cima | INFO | 
----------------------------------------
2026-03-28 09:18:30 | debug_robo_cima | INFO | 📌 VERIFICAÇÃO DE PILAR ESPECIAL ATIVO
2026-03-28 09:18:30 | debug_robo_cima | INFO | ----------------------------------------
2026-03-28 09:18:30 | debug_robo_cima | INFO | ℹ️ 🔄 Verificando se pilar especial está ativo...
2026-03-28 09:18:30 | debug_robo_cima | INFO | ℹ️ 🔄 Status do checkbox pilar_rotacionado_var: False
2026-03-28 09:18:30 | debug_robo_cima | INFO | ℹ️ 🔄 Status do checkbox pilar_especial_ativo_var: False
2026-03-28 09:18:30 | debug_robo_cima | INFO | ℹ️ Pilar especial INATIVO - pilar_rotacionado: False, pilar_especial: False, globais: False, tipo: ''
2026-03-28 09:18:30 | debug_robo_cima | INFO | 
----------------------------------------
2026-03-28 09:18:30 | debug_robo_cima | INFO | 📌 VERIFICAÇÃO DE PILAR ESPECIAL ATIVO
2026-03-28 09:18:30 | debug_robo_cima | INFO | ----------------------------------------
2026-03-28 09:18:30 | debug_robo_cima | INFO | ℹ️ 🔄 Verificando se pilar especial está ativo...
2026-03-28 09:18:30 | debug_robo_cima | INFO | ℹ️ 🔄 Status do checkbox pilar_rotacionado_var: False
2026-03-28 09:18:30 | debug_robo_cima | INFO | ℹ️ 🔄 Status do checkbox pilar_especial_ativo_var: False
2026-03-28 09:18:30 | debug_robo_cima | INFO | ℹ️ Pilar especial INATIVO - pilar_rotacionado: False, pilar_especial: False, globais: False, tipo: ''
2026-03-28 09:18:30 | debug_robo_cima | INFO | 
----------------------------------------
2026-03-28 09:18:30 | debug_robo_cima | INFO | 📌 VERIFICAÇÃO DE PILAR ESPECIAL ATIVO
2026-03-28 09:18:30 | debug_robo_cima | INFO | ----------------------------------------
2026-03-28 09:18:30 | debug_robo_cima | INFO | ℹ️ 🔄 Verificando se pilar especial está ativo...
2026-03-28 09:18:30 | debug_robo_cima | INFO | ℹ️ 🔄 Status do checkbox pilar_rotacionado_var: False
2026-03-28 09:18:30 | debug_robo_cima | INFO | ℹ️ 🔄 Status do checkbox pilar_especial_ativo_var: False
2026-03-28 09:18:30 | debug_robo_cima | INFO | ℹ️ Pilar especial INATIVO - pilar_rotacionado: False, pilar_especial: False, globais: False, tipo: ''
2026-03-28 09:18:30 | debug_robo_cima | INFO | 
----------------------------------------
2026-03-28 09:18:30 | debug_robo_cima | INFO | 📌 VERIFICAÇÃO DE PILAR ESPECIAL ATIVO
2026-03-28 09:18:30 | debug_robo_cima | INFO | ----------------------------------------
2026-03-28 09:18:30 | debug_robo_cima | INFO | ℹ️ 🔄 Verificando se pilar especial está ativo...
2026-03-28 09:18:30 | debug_robo_cima | INFO | ℹ️ 🔄 Status do checkbox pilar_rotacionado_var: False
2026-03-28 09:18:30 | debug_robo_cima | INFO | ℹ️ 🔄 Status do checkbox pilar_especial_ativo_var: False
2026-03-28 09:18:30 | debug_robo_cima | INFO | ℹ️ Pilar especial INATIVO - pilar_rotacionado: False, pilar_especial: False, globais: False, tipo: ''
2026-03-28 09:18:30 | debug_robo_cima | INFO | 
----------------------------------------
2026-03-28 09:18:30 | debug_robo_cima | INFO | 📌 VERIFICAÇÃO DE PILAR ESPECIAL ATIVO
2026-03-28 09:18:30 | debug_robo_cima | INFO | ----------------------------------------
2026-03-28 09:18:30 | debug_robo_cima | INFO | ℹ️ 🔄 Verificando se pilar especial está ativo...
2026-03-28 09:18:30 | debug_robo_cima | INFO | ℹ️ 🔄 Status do checkbox pilar_rotacionado_var: False
2026-03-28 09:18:30 | debug_robo_cima | INFO | ℹ️ 🔄 Status do checkbox pilar_especial_ativo_var: False
2026-03-28 09:18:30 | debug_robo_cima | INFO | ℹ️ Pilar especial INATIVO - pilar_rotacionado: False, pilar_especial: False, globais: False, tipo: ''
2026-03-28 09:18:30 | debug_robo_cima | INFO | 
----------------------------------------
2026-03-28 09:18:30 | debug_robo_cima | INFO | 📌 VERIFICAÇÃO DE PILAR ESPECIAL ATIVO
2026-03-28 09:18:30 | debug_robo_cima | INFO | ----------------------------------------
2026-03-28 09:18:30 | debug_robo_cima | INFO | ℹ️ 🔄 Verificando se pilar especial está ativo...
2026-03-28 09:18:30 | debug_robo_cima | INFO | ℹ️ 🔄 Status do checkbox pilar_rotacionado_var: False
2026-03-28 09:18:30 | debug_robo_cima | INFO | ℹ️ 🔄 Status do checkbox pilar_especial_ativo_var: False
2026-03-28 09:18:30 | debug_robo_cima | INFO | ℹ️ Pilar especial INATIVO - pilar_rotacionado: False, pilar_especial: False, globais: False, tipo: ''
2026-03-28 09:18:30 | debug_robo_cima | INFO | 
----------------------------------------
2026-03-28 09:18:30 | debug_robo_cima | INFO | 📌 VERIFICAÇÃO DE PILAR ESPECIAL ATIVO
2026-03-28 09:18:30 | debug_robo_cima | INFO | ----------------------------------------
2026-03-28 09:18:30 | debug_robo_cima | INFO | ℹ️ 🔄 Verificando se pilar especial está ativo...
2026-03-28 09:18:30 | debug_robo_cima | INFO | ℹ️ 🔄 Status do checkbox pilar_rotacionado_var: False
2026-03-28 09:18:30 | debug_robo_cima | INFO | ℹ️ 🔄 Status do checkbox pilar_especial_ativo_var: False
2026-03-28 09:18:30 | debug_robo_cima | INFO | ℹ️ Pilar especial INATIVO - pilar_rotacionado: False, pilar_especial: False, globais: False, tipo: ''
2026-03-28 09:18:30 | debug_robo_cima | INFO | 
----------------------------------------
2026-03-28 09:18:30 | debug_robo_cima | INFO | 📌 VERIFICAÇÃO DE PILAR ESPECIAL ATIVO
2026-03-28 09:18:30 | debug_robo_cima | INFO | ----------------------------------------
2026-03-28 09:18:30 | debug_robo_cima | INFO | ℹ️ 🔄 Verificando se pilar especial está ativo...
2026-03-28 09:18:30 | debug_robo_cima | INFO | ℹ️ 🔄 Status do checkbox pilar_rotacionado_var: False
2026-03-28 09:18:30 | debug_robo_cima | INFO | ℹ️ 🔄 Status do checkbox pilar_especial_ativo_var: False
2026-03-28 09:18:30 | debug_robo_cima | INFO | ℹ️ Pilar especial INATIVO - pilar_rotacionado: False, pilar_especial: False, globais: False, tipo: ''
2026-03-28 09:18:30 | debug_robo_cima | INFO | 
----------------------------------------
2026-03-28 09:18:30 | debug_robo_cima | INFO | 📌 VERIFICAÇÃO DE PILAR ESPECIAL ATIVO
2026-03-28 09:18:30 | debug_robo_cima | INFO | ----------------------------------------
2026-03-28 09:18:30 | debug_robo_cima | INFO | ℹ️ 🔄 Verificando se pilar especial está ativo...
2026-03-28 09:18:30 | debug_robo_cima | INFO | ℹ️ 🔄 Status do checkbox pilar_rotacionado_var: False
2026-03-28 09:18:30 | debug_robo_cima | INFO | ℹ️ 🔄 Status do checkbox pilar_especial_ativo_var: False
2026-03-28 09:18:30 | debug_robo_cima | INFO | ℹ️ Pilar especial INATIVO - pilar_rotacionado: False, pilar_especial: False, globais: False, tipo: ''
2026-03-28 09:18:30 | debug_robo_cima | INFO | 
----------------------------------------
2026-03-28 09:18:30 | debug_robo_cima | INFO | 📌 VERIFICAÇÃO DE PILAR ESPECIAL ATIVO
2026-03-28 09:18:30 | debug_robo_cima | INFO | ----------------------------------------
2026-03-28 09:18:30 | debug_robo_cima | INFO | ℹ️ 🔄 Verificando se pilar especial está ativo...
2026-03-28 09:18:30 | debug_robo_cima | INFO | ℹ️ 🔄 Status do checkbox pilar_rotacionado_var: False
2026-03-28 09:18:30 | debug_robo_cima | INFO | ℹ️ 🔄 Status do checkbox pilar_especial_ativo_var: False
2026-03-28 09:18:30 | debug_robo_cima | INFO | ℹ️ Pilar especial INATIVO - pilar_rotacionado: False, pilar_especial: False, globais: False, tipo: ''
2026-03-28 09:18:30 | debug_robo_cima | INFO | 
----------------------------------------
2026-03-28 09:18:30 | debug_robo_cima | INFO | 📌 VERIFICAÇÃO DE PILAR ESPECIAL ATIVO
2026-03-28 09:18:30 | debug_robo_cima | INFO | ----------------------------------------
2026-03-28 09:18:30 | debug_robo_cima | INFO | ℹ️ 🔄 Verificando se pilar especial está ativo...
2026-03-28 09:18:30 | debug_robo_cima | INFO | ℹ️ 🔄 Status do checkbox pilar_rotacionado_var: False
2026-03-28 09:18:30 | debug_robo_cima | INFO | ℹ️ 🔄 Status do checkbox pilar_especial_ativo_var: False
2026-03-28 09:18:30 | debug_robo_cima | INFO | ℹ️ Pilar especial INATIVO - pilar_rotacionado: False, pilar_especial: False, globais: False, tipo: ''
2026-03-28 09:18:30 | debug_robo_cima | INFO | 
----------------------------------------
2026-03-28 09:18:30 | debug_robo_cima | INFO | 📌 VERIFICAÇÃO DE PILAR ESPECIAL ATIVO
2026-03-28 09:18:30 | debug_robo_cima | INFO | ----------------------------------------
2026-03-28 09:18:30 | debug_robo_cima | INFO | ℹ️ 🔄 Verificando se pilar especial está ativo...
2026-03-28 09:18:30 | debug_robo_cima | INFO | ℹ️ 🔄 Status do checkbox pilar_rotacionado_var: False
2026-03-28 09:18:30 | debug_robo_cima | INFO | ℹ️ 🔄 Status do checkbox pilar_especial_ativo_var: False
2026-03-28 09:18:30 | debug_robo_cima | INFO | ℹ️ Pilar especial INATIVO - pilar_rotacionado: False, pilar_especial: False, globais: False, tipo: ''
2026-03-28 09:18:30 | debug_robo_cima | INFO | 
----------------------------------------
2026-03-28 09:18:30 | debug_robo_cima | INFO | 📌 VERIFICAÇÃO DE PILAR ESPECIAL ATIVO
2026-03-28 09:18:30 | debug_robo_cima | INFO | ----------------------------------------
2026-03-28 09:18:30 | debug_robo_cima | INFO | ℹ️ 🔄 Verificando se pilar especial está ativo...
2026-03-28 09:18:30 | debug_robo_cima | INFO | ℹ️ 🔄 Status do checkbox pilar_rotacionado_var: False
2026-03-28 09:18:30 | debug_robo_cima | INFO | ℹ️ 🔄 Status do checkbox pilar_especial_ativo_var: False
2026-03-28 09:18:30 | debug_robo_cima | INFO | ℹ️ Pilar especial INATIVO - pilar_rotacionado: False, pilar_especial: False, globais: False, tipo: ''
2026-03-28 09:18:30 | debug_robo_cima | INFO | 
----------------------------------------
2026-03-28 09:18:30 | debug_robo_cima | INFO | 📌 VERIFICAÇÃO DE PILAR ESPECIAL ATIVO
2026-03-28 09:18:30 | debug_robo_cima | INFO | ----------------------------------------
2026-03-28 09:18:30 | debug_robo_cima | INFO | ℹ️ 🔄 Verificando se pilar especial está ativo...
2026-03-28 09:18:30 | debug_robo_cima | INFO | ℹ️ 🔄 Status do checkbox pilar_rotacionado_var: False
2026-03-28 09:18:30 | debug_robo_cima | INFO | ℹ️ 🔄 Status do checkbox pilar_especial_ativo_var: False
2026-03-28 09:18:30 | debug_robo_cima | INFO | ℹ️ Pilar especial INATIVO - pilar_rotacionado: False, pilar_especial: False, globais: False, tipo: ''
2026-03-28 09:18:30 | debug_robo_cima | INFO | 
----------------------------------------
2026-03-28 09:18:30 | debug_robo_cima | INFO | 📌 VERIFICAÇÃO DE PILAR ESPECIAL ATIVO
2026-03-28 09:18:30 | debug_robo_cima | INFO | ----------------------------------------
2026-03-28 09:18:30 | debug_robo_cima | INFO | ℹ️ 🔄 Verificando se pilar especial está ativo...
2026-03-28 09:18:30 | debug_robo_cima | INFO | ℹ️ 🔄 Status do checkbox pilar_rotacionado_var: False
2026-03-28 09:18:30 | debug_robo_cima | INFO | ℹ️ 🔄 Status do checkbox pilar_especial_ativo_var: False
2026-03-28 09:18:30 | debug_robo_cima | INFO | ℹ️ Pilar especial INATIVO - pilar_rotacionado: False, pilar_especial: False, globais: False, tipo: ''
2026-03-28 09:18:30 | debug_robo_cima | INFO | 
----------------------------------------
2026-03-28 09:18:30 | debug_robo_cima | INFO | 📌 VERIFICAÇÃO DE PILAR ESPECIAL ATIVO
2026-03-28 09:18:30 | debug_robo_cima | INFO | ----------------------------------------
2026-03-28 09:18:30 | debug_robo_cima | INFO | ℹ️ 🔄 Verificando se pilar especial está ativo...
2026-03-28 09:18:30 | debug_robo_cima | INFO | ℹ️ 🔄 Status do checkbox pilar_rotacionado_var: False
2026-03-28 09:18:30 | debug_robo_cima | INFO | ℹ️ 🔄 Status do checkbox pilar_especial_ativo_var: False
2026-03-28 09:18:30 | debug_robo_cima | INFO | ℹ️ Pilar especial INATIVO - pilar_rotacionado: False, pilar_especial: False, globais: False, tipo: ''
2026-03-28 09:18:30 | debug_robo_cima | INFO | 
----------------------------------------
2026-03-28 09:18:30 | debug_robo_cima | INFO | 📌 VERIFICAÇÃO DE PILAR ESPECIAL ATIVO
2026-03-28 09:18:30 | debug_robo_cima | INFO | ----------------------------------------
2026-03-28 09:18:30 | debug_robo_cima | INFO | ℹ️ 🔄 Verificando se pilar especial está ativo...
2026-03-28 09:18:30 | debug_robo_cima | INFO | ℹ️ 🔄 Status do checkbox pilar_rotacionado_var: False
2026-03-28 09:18:30 | debug_robo_cima | INFO | ℹ️ 🔄 Status do checkbox pilar_especial_ativo_var: False
2026-03-28 09:18:30 | debug_robo_cima | INFO | ℹ️ Pilar especial INATIVO - pilar_rotacionado: False, pilar_especial: False, globais: False, tipo: ''
2026-03-28 09:18:30 | debug_robo_cima | INFO | 
----------------------------------------
2026-03-28 09:18:30 | debug_robo_cima | INFO | 📌 VERIFICAÇÃO DE PILAR ESPECIAL ATIVO
2026-03-28 09:18:30 | debug_robo_cima | INFO | ----------------------------------------
2026-03-28 09:18:30 | debug_robo_cima | INFO | ℹ️ 🔄 Verificando se pilar especial está ativo...
2026-03-28 09:18:30 | debug_robo_cima | INFO | ℹ️ 🔄 Status do checkbox pilar_rotacionado_var: False
2026-03-28 09:18:30 | debug_robo_cima | INFO | ℹ️ 🔄 Status do checkbox pilar_especial_ativo_var: False
2026-03-28 09:18:30 | debug_robo_cima | INFO | ℹ️ Pilar especial INATIVO - pilar_rotacionado: False, pilar_especial: False, globais: False, tipo: ''
2026-03-28 09:18:30 | debug_robo_cima | INFO | 
----------------------------------------
2026-03-28 09:18:30 | debug_robo_cima | INFO | 📌 VERIFICAÇÃO DE PILAR ESPECIAL ATIVO
2026-03-28 09:18:30 | debug_robo_cima | INFO | ----------------------------------------
2026-03-28 09:18:30 | debug_robo_cima | INFO | ℹ️ 🔄 Verificando se pilar especial está ativo...
2026-03-28 09:18:30 | debug_robo_cima | INFO | ℹ️ 🔄 Status do checkbox pilar_rotacionado_var: False
2026-03-28 09:18:30 | debug_robo_cima | INFO | ℹ️ 🔄 Status do checkbox pilar_especial_ativo_var: False
2026-03-28 09:18:30 | debug_robo_cima | INFO | ℹ️ Pilar especial INATIVO - pilar_rotacionado: False, pilar_especial: False, globais: False, tipo: ''
2026-03-28 09:18:30 | debug_robo_cima | INFO | 
----------------------------------------
2026-03-28 09:18:30 | debug_robo_cima | INFO | 📌 VERIFICAÇÃO DE PILAR ESPECIAL ATIVO
2026-03-28 09:18:30 | debug_robo_cima | INFO | ----------------------------------------
2026-03-28 09:18:30 | debug_robo_cima | INFO | ℹ️ 🔄 Verificando se pilar especial está ativo...
2026-03-28 09:18:30 | debug_robo_cima | INFO | ℹ️ 🔄 Status do checkbox pilar_rotacionado_var: False
2026-03-28 09:18:30 | debug_robo_cima | INFO | ℹ️ 🔄 Status do checkbox pilar_especial_ativo_var: False
2026-03-28 09:18:30 | debug_robo_cima | INFO | ℹ️ Pilar especial INATIVO - pilar_rotacionado: False, pilar_especial: False, globais: False, tipo: ''
2026-03-28 09:18:30 | debug_robo_cima | INFO | 
----------------------------------------
2026-03-28 09:18:30 | debug_robo_cima | INFO | 📌 VERIFICAÇÃO DE PILAR ESPECIAL ATIVO
2026-03-28 09:18:30 | debug_robo_cima | INFO | ----------------------------------------
2026-03-28 09:18:30 | debug_robo_cima | INFO | ℹ️ 🔄 Verificando se pilar especial está ativo...
2026-03-28 09:18:30 | debug_robo_cima | INFO | ℹ️ 🔄 Status do checkbox pilar_rotacionado_var: False
2026-03-28 09:18:30 | debug_robo_cima | INFO | ℹ️ 🔄 Status do checkbox pilar_especial_ativo_var: False
2026-03-28 09:18:30 | debug_robo_cima | INFO | ℹ️ Pilar especial INATIVO - pilar_rotacionado: False, pilar_especial: False, globais: False, tipo: ''
2026-03-28 09:18:30 | debug_robo_cima | INFO | 
----------------------------------------
2026-03-28 09:18:30 | debug_robo_cima | INFO | 📌 VERIFICAÇÃO DE PILAR ESPECIAL ATIVO
2026-03-28 09:18:30 | debug_robo_cima | INFO | ----------------------------------------
2026-03-28 09:18:30 | debug_robo_cima | INFO | ℹ️ 🔄 Verificando se pilar especial está ativo...
2026-03-28 09:18:30 | debug_robo_cima | INFO | ℹ️ 🔄 Status do checkbox pilar_rotacionado_var: False
2026-03-28 09:18:30 | debug_robo_cima | INFO | ℹ️ 🔄 Status do checkbox pilar_especial_ativo_var: False
2026-03-28 09:18:30 | debug_robo_cima | INFO | ℹ️ Pilar especial INATIVO - pilar_rotacionado: False, pilar_especial: False, globais: False, tipo: ''
2026-03-28 09:18:30 | debug_robo_cima | INFO | 
----------------------------------------
2026-03-28 09:18:30 | debug_robo_cima | INFO | 📌 VERIFICAÇÃO DE PILAR ESPECIAL ATIVO
2026-03-28 09:18:30 | debug_robo_cima | INFO | ----------------------------------------
2026-03-28 09:18:30 | debug_robo_cima | INFO | ℹ️ 🔄 Verificando se pilar especial está ativo...
2026-03-28 09:18:30 | debug_robo_cima | INFO | ℹ️ 🔄 Status do checkbox pilar_rotacionado_var: False
2026-03-28 09:18:30 | debug_robo_cima | INFO | ℹ️ 🔄 Status do checkbox pilar_especial_ativo_var: False
2026-03-28 09:18:30 | debug_robo_cima | INFO | ℹ️ Pilar especial INATIVO - pilar_rotacionado: False, pilar_especial: False, globais: False, tipo: ''
2026-03-28 09:18:30 | debug_robo_cima | INFO | 
----------------------------------------
2026-03-28 09:18:30 | debug_robo_cima | INFO | 📌 VERIFICAÇÃO DE PILAR ESPECIAL ATIVO
2026-03-28 09:18:30 | debug_robo_cima | INFO | ----------------------------------------
2026-03-28 09:18:30 | debug_robo_cima | INFO | ℹ️ 🔄 Verificando se pilar especial está ativo...
2026-03-28 09:18:30 | debug_robo_cima | INFO | ℹ️ 🔄 Status do checkbox pilar_rotacionado_var: False
2026-03-28 09:18:30 | debug_robo_cima | INFO | ℹ️ 🔄 Status do checkbox pilar_especial_ativo_var: False
2026-03-28 09:18:31 | debug_robo_cima | INFO | ℹ️ Pilar especial INATIVO - pilar_rotacionado: False, pilar_especial: False, globais: False, tipo: ''
2026-03-28 09:18:31 | debug_robo_cima | INFO | 
----------------------------------------
2026-03-28 09:18:31 | debug_robo_cima | INFO | 📌 VERIFICAÇÃO DE PILAR ESPECIAL ATIVO
2026-03-28 09:18:31 | debug_robo_cima | INFO | ----------------------------------------
2026-03-28 09:18:31 | debug_robo_cima | INFO | ℹ️ 🔄 Verificando se pilar especial está ativo...
2026-03-28 09:18:31 | debug_robo_cima | INFO | ℹ️ 🔄 Status do checkbox pilar_rotacionado_var: False
2026-03-28 09:18:31 | debug_robo_cima | INFO | ℹ️ 🔄 Status do checkbox pilar_especial_ativo_var: False
2026-03-28 09:18:31 | debug_robo_cima | INFO | ℹ️ Pilar especial INATIVO - pilar_rotacionado: False, pilar_especial: False, globais: False, tipo: ''
2026-03-28 09:18:31 | debug_robo_cima | INFO | 
----------------------------------------
2026-03-28 09:18:31 | debug_robo_cima | INFO | 📌 VERIFICAÇÃO DE PILAR ESPECIAL ATIVO
2026-03-28 09:18:31 | debug_robo_cima | INFO | ----------------------------------------
2026-03-28 09:18:31 | debug_robo_cima | INFO | ℹ️ 🔄 Verificando se pilar especial está ativo...
2026-03-28 09:18:31 | debug_robo_cima | INFO | ℹ️ 🔄 Status do checkbox pilar_rotacionado_var: False
2026-03-28 09:18:31 | debug_robo_cima | INFO | ℹ️ 🔄 Status do checkbox pilar_especial_ativo_var: False
2026-03-28 09:18:31 | debug_robo_cima | INFO | ℹ️ Pilar especial INATIVO - pilar_rotacionado: False, pilar_especial: False, globais: False, tipo: ''
2026-03-28 09:18:31 | debug_robo_cima | INFO | 
----------------------------------------
2026-03-28 09:18:31 | debug_robo_cima | INFO | 📌 VERIFICAÇÃO DE PILAR ESPECIAL ATIVO
2026-03-28 09:18:31 | debug_robo_cima | INFO | ----------------------------------------
2026-03-28 09:18:31 | debug_robo_cima | INFO | ℹ️ 🔄 Verificando se pilar especial está ativo...
2026-03-28 09:18:31 | debug_robo_cima | INFO | ℹ️ 🔄 Status do checkbox pilar_rotacionado_var: False
2026-03-28 09:18:31 | debug_robo_cima | INFO | ℹ️ 🔄 Status do checkbox pilar_especial_ativo_var: False
2026-03-28 09:18:31 | debug_robo_cima | INFO | ℹ️ Pilar especial INATIVO - pilar_rotacionado: False, pilar_especial: False, globais: False, tipo: ''
2026-03-28 09:18:31 | debug_robo_cima | INFO | 
----------------------------------------
2026-03-28 09:18:31 | debug_robo_cima | INFO | 📌 VERIFICAÇÃO DE PILAR ESPECIAL ATIVO
2026-03-28 09:18:31 | debug_robo_cima | INFO | ----------------------------------------
2026-03-28 09:18:31 | debug_robo_cima | INFO | ℹ️ 🔄 Verificando se pilar especial está ativo...
2026-03-28 09:18:31 | debug_robo_cima | INFO | ℹ️ 🔄 Status do checkbox pilar_rotacionado_var: False
2026-03-28 09:18:31 | debug_robo_cima | INFO | ℹ️ 🔄 Status do checkbox pilar_especial_ativo_var: False
2026-03-28 09:18:31 | debug_robo_cima | INFO | ℹ️ Pilar especial INATIVO - pilar_rotacionado: False, pilar_especial: False, globais: False, tipo: ''
2026-03-28 09:18:31 | debug_robo_cima | INFO | 
----------------------------------------
2026-03-28 09:18:31 | debug_robo_cima | INFO | 📌 VERIFICAÇÃO DE PILAR ESPECIAL ATIVO
2026-03-28 09:18:31 | debug_robo_cima | INFO | ----------------------------------------
2026-03-28 09:18:31 | debug_robo_cima | INFO | ℹ️ 🔄 Verificando se pilar especial está ativo...
2026-03-28 09:18:31 | debug_robo_cima | INFO | ℹ️ 🔄 Status do checkbox pilar_rotacionado_var: False
2026-03-28 09:18:31 | debug_robo_cima | INFO | ℹ️ 🔄 Status do checkbox pilar_especial_ativo_var: False
2026-03-28 09:18:31 | debug_robo_cima | INFO | ℹ️ Pilar especial INATIVO - pilar_rotacionado: False, pilar_especial: False, globais: False, tipo: ''
2026-03-28 09:18:31 | debug_robo_cima | INFO | 
----------------------------------------
2026-03-28 09:18:31 | debug_robo_cima | INFO | 📌 VERIFICAÇÃO DE PILAR ESPECIAL ATIVO
2026-03-28 09:18:31 | debug_robo_cima | INFO | ----------------------------------------
2026-03-28 09:18:31 | debug_robo_cima | INFO | ℹ️ 🔄 Verificando se pilar especial está ativo...
2026-03-28 09:18:31 | debug_robo_cima | INFO | ℹ️ 🔄 Status do checkbox pilar_rotacionado_var: False
2026-03-28 09:18:31 | debug_robo_cima | INFO | ℹ️ 🔄 Status do checkbox pilar_especial_ativo_var: False
2026-03-28 09:18:31 | debug_robo_cima | INFO | ℹ️ Pilar especial INATIVO - pilar_rotacionado: False, pilar_especial: False, globais: False, tipo: ''
2026-03-28 09:18:31 | debug_robo_cima | INFO | 
----------------------------------------
2026-03-28 09:18:31 | debug_robo_cima | INFO | 📌 VERIFICAÇÃO DE PILAR ESPECIAL ATIVO
2026-03-28 09:18:31 | debug_robo_cima | INFO | ----------------------------------------
2026-03-28 09:18:31 | debug_robo_cima | INFO | ℹ️ 🔄 Verificando se pilar especial está ativo...
2026-03-28 09:18:31 | debug_robo_cima | INFO | ℹ️ 🔄 Status do checkbox pilar_rotacionado_var: False
2026-03-28 09:18:31 | debug_robo_cima | INFO | ℹ️ 🔄 Status do checkbox pilar_especial_ativo_var: False
2026-03-28 09:18:31 | debug_robo_cima | INFO | ℹ️ Pilar especial INATIVO - pilar_rotacionado: False, pilar_especial: False, globais: False, tipo: ''
2026-03-28 09:18:31 | debug_robo_cima | INFO | 
----------------------------------------
2026-03-28 09:18:31 | debug_robo_cima | INFO | 📌 VERIFICAÇÃO DE PILAR ESPECIAL ATIVO
2026-03-28 09:18:31 | debug_robo_cima | INFO | ----------------------------------------
2026-03-28 09:18:31 | debug_robo_cima | INFO | ℹ️ 🔄 Verificando se pilar especial está ativo...
2026-03-28 09:18:31 | debug_robo_cima | INFO | ℹ️ 🔄 Status do checkbox pilar_rotacionado_var: False
2026-03-28 09:18:31 | debug_robo_cima | INFO | ℹ️ 🔄 Status do checkbox pilar_especial_ativo_var: False
2026-03-28 09:18:31 | debug_robo_cima | INFO | ℹ️ Pilar especial INATIVO - pilar_rotacionado: False, pilar_especial: False, globais: False, tipo: ''
2026-03-28 09:18:31 | debug_robo_cima | INFO | 
----------------------------------------
2026-03-28 09:18:31 | debug_robo_cima | INFO | 📌 VERIFICAÇÃO DE PILAR ESPECIAL ATIVO
2026-03-28 09:18:31 | debug_robo_cima | INFO | ----------------------------------------
2026-03-28 09:18:31 | debug_robo_cima | INFO | ℹ️ 🔄 Verificando se pilar especial está ativo...
2026-03-28 09:18:31 | debug_robo_cima | INFO | ℹ️ 🔄 Status do checkbox pilar_rotacionado_var: False
2026-03-28 09:18:31 | debug_robo_cima | INFO | ℹ️ 🔄 Status do checkbox pilar_especial_ativo_var: False
2026-03-28 09:18:31 | debug_robo_cima | INFO | ℹ️ Pilar especial INATIVO - pilar_rotacionado: False, pilar_especial: False, globais: False, tipo: ''
2026-03-28 09:18:31 | debug_robo_cima | INFO | 
----------------------------------------
2026-03-28 09:18:31 | debug_robo_cima | INFO | 📌 VERIFICAÇÃO DE PILAR ESPECIAL ATIVO
2026-03-28 09:18:31 | debug_robo_cima | INFO | ----------------------------------------
2026-03-28 09:18:31 | debug_robo_cima | INFO | ℹ️ 🔄 Verificando se pilar especial está ativo...
2026-03-28 09:18:31 | debug_robo_cima | INFO | ℹ️ 🔄 Status do checkbox pilar_rotacionado_var: False
2026-03-28 09:18:31 | debug_robo_cima | INFO | ℹ️ 🔄 Status do checkbox pilar_especial_ativo_var: False
2026-03-28 09:18:31 | debug_robo_cima | INFO | ℹ️ Pilar especial INATIVO - pilar_rotacionado: False, pilar_especial: False, globais: False, tipo: ''
2026-03-28 09:18:31 | debug_robo_cima | INFO | 
----------------------------------------
2026-03-28 09:18:31 | debug_robo_cima | INFO | 📌 VERIFICAÇÃO DE PILAR ESPECIAL ATIVO
2026-03-28 09:18:31 | debug_robo_cima | INFO | ----------------------------------------
2026-03-28 09:18:31 | debug_robo_cima | INFO | ℹ️ 🔄 Verificando se pilar especial está ativo...
2026-03-28 09:18:31 | debug_robo_cima | INFO | ℹ️ 🔄 Status do checkbox pilar_rotacionado_var: False
2026-03-28 09:18:31 | debug_robo_cima | INFO | ℹ️ 🔄 Status do checkbox pilar_especial_ativo_var: False
2026-03-28 09:18:31 | debug_robo_cima | INFO | ℹ️ Pilar especial INATIVO - pilar_rotacionado: False, pilar_especial: False, globais: False, tipo: ''
2026-03-28 09:18:31 | debug_robo_cima | INFO | 
----------------------------------------
2026-03-28 09:18:31 | debug_robo_cima | INFO | 📌 VERIFICAÇÃO DE PILAR ESPECIAL ATIVO
2026-03-28 09:18:31 | debug_robo_cima | INFO | ----------------------------------------
2026-03-28 09:18:31 | debug_robo_cima | INFO | ℹ️ 🔄 Verificando se pilar especial está ativo...
2026-03-28 09:18:31 | debug_robo_cima | INFO | ℹ️ 🔄 Status do checkbox pilar_rotacionado_var: False
2026-03-28 09:18:31 | debug_robo_cima | INFO | ℹ️ 🔄 Status do checkbox pilar_especial_ativo_var: False
2026-03-28 09:18:31 | debug_robo_cima | INFO | ℹ️ Pilar especial INATIVO - pilar_rotacionado: False, pilar_especial: False, globais: False, tipo: ''
2026-03-28 09:18:31 | debug_robo_cima | INFO | 
----------------------------------------
2026-03-28 09:18:31 | debug_robo_cima | INFO | 📌 VERIFICAÇÃO DE PILAR ESPECIAL ATIVO
2026-03-28 09:18:31 | debug_robo_cima | INFO | ----------------------------------------
2026-03-28 09:18:31 | debug_robo_cima | INFO | ℹ️ 🔄 Verificando se pilar especial está ativo...
2026-03-28 09:18:31 | debug_robo_cima | INFO | ℹ️ 🔄 Status do checkbox pilar_rotacionado_var: False
2026-03-28 09:18:31 | debug_robo_cima | INFO | ℹ️ 🔄 Status do checkbox pilar_especial_ativo_var: False
2026-03-28 09:18:31 | debug_robo_cima | INFO | ℹ️ Pilar especial INATIVO - pilar_rotacionado: False, pilar_especial: False, globais: False, tipo: ''
2026-03-28 09:18:31 | debug_robo_cima | INFO | 
----------------------------------------
2026-03-28 09:18:31 | debug_robo_cima | INFO | 📌 VERIFICAÇÃO DE PILAR ESPECIAL ATIVO
2026-03-28 09:18:31 | debug_robo_cima | INFO | ----------------------------------------
2026-03-28 09:18:31 | debug_robo_cima | INFO | ℹ️ 🔄 Verificando se pilar especial está ativo...
2026-03-28 09:18:31 | debug_robo_cima | INFO | ℹ️ 🔄 Status do checkbox pilar_rotacionado_var: False
2026-03-28 09:18:31 | debug_robo_cima | INFO | ℹ️ 🔄 Status do checkbox pilar_especial_ativo_var: False
2026-03-28 09:18:31 | debug_robo_cima | INFO | ℹ️ Pilar especial INATIVO - pilar_rotacionado: False, pilar_especial: False, globais: False, tipo: ''
2026-03-28 09:18:31 | debug_robo_cima | INFO | 
----------------------------------------
2026-03-28 09:18:31 | debug_robo_cima | INFO | 📌 VERIFICAÇÃO DE PILAR ESPECIAL ATIVO
2026-03-28 09:18:31 | debug_robo_cima | INFO | ----------------------------------------
2026-03-28 09:18:31 | debug_robo_cima | INFO | ℹ️ 🔄 Verificando se pilar especial está ativo...
2026-03-28 09:18:31 | debug_robo_cima | INFO | ℹ️ 🔄 Status do checkbox pilar_rotacionado_var: False
2026-03-28 09:18:31 | debug_robo_cima | INFO | ℹ️ 🔄 Status do checkbox pilar_especial_ativo_var: False
2026-03-28 09:18:31 | debug_robo_cima | INFO | ℹ️ Pilar especial INATIVO - pilar_rotacionado: False, pilar_especial: False, globais: False, tipo: ''
2026-03-28 09:18:31 | debug_robo_cima | INFO | 
----------------------------------------
2026-03-28 09:18:31 | debug_robo_cima | INFO | 📌 VERIFICAÇÃO DE PILAR ESPECIAL ATIVO
2026-03-28 09:18:31 | debug_robo_cima | INFO | ----------------------------------------
2026-03-28 09:18:31 | debug_robo_cima | INFO | ℹ️ 🔄 Verificando se pilar especial está ativo...
2026-03-28 09:18:31 | debug_robo_cima | INFO | ℹ️ 🔄 Status do checkbox pilar_rotacionado_var: False
2026-03-28 09:18:31 | debug_robo_cima | INFO | ℹ️ 🔄 Status do checkbox pilar_especial_ativo_var: False
2026-03-28 09:18:31 | debug_robo_cima | INFO | ℹ️ Pilar especial INATIVO - pilar_rotacionado: False, pilar_especial: False, globais: False, tipo: ''
2026-03-28 09:18:31 | debug_robo_cima | INFO | 
----------------------------------------
2026-03-28 09:18:31 | debug_robo_cima | INFO | 📌 VERIFICAÇÃO DE PILAR ESPECIAL ATIVO
2026-03-28 09:18:31 | debug_robo_cima | INFO | ----------------------------------------
2026-03-28 09:18:31 | debug_robo_cima | INFO | ℹ️ 🔄 Verificando se pilar especial está ativo...
2026-03-28 09:18:31 | debug_robo_cima | INFO | ℹ️ 🔄 Status do checkbox pilar_rotacionado_var: False
2026-03-28 09:18:31 | debug_robo_cima | INFO | ℹ️ 🔄 Status do checkbox pilar_especial_ativo_var: False
2026-03-28 09:18:31 | debug_robo_cima | INFO | ℹ️ Pilar especial INATIVO - pilar_rotacionado: False, pilar_especial: False, globais: False, tipo: ''
2026-03-28 09:18:31 | debug_robo_cima | INFO | 
----------------------------------------
2026-03-28 09:18:31 | debug_robo_cima | INFO | 📌 VERIFICAÇÃO DE PILAR ESPECIAL ATIVO
2026-03-28 09:18:31 | debug_robo_cima | INFO | ----------------------------------------
2026-03-28 09:18:31 | debug_robo_cima | INFO | ℹ️ 🔄 Verificando se pilar especial está ativo...
2026-03-28 09:18:31 | debug_robo_cima | INFO | ℹ️ 🔄 Status do checkbox pilar_rotacionado_var: False
2026-03-28 09:18:31 | debug_robo_cima | INFO | ℹ️ 🔄 Status do checkbox pilar_especial_ativo_var: False
2026-03-28 09:18:31 | debug_robo_cima | INFO | ℹ️ Pilar especial INATIVO - pilar_rotacionado: False, pilar_especial: False, globais: False, tipo: ''
2026-03-28 09:18:31 | debug_robo_cima | INFO | 
----------------------------------------
2026-03-28 09:18:31 | debug_robo_cima | INFO | 📌 VERIFICAÇÃO DE PILAR ESPECIAL ATIVO
2026-03-28 09:18:31 | debug_robo_cima | INFO | ----------------------------------------
2026-03-28 09:18:31 | debug_robo_cima | INFO | ℹ️ 🔄 Verificando se pilar especial está ativo...
2026-03-28 09:18:31 | debug_robo_cima | INFO | ℹ️ 🔄 Status do checkbox pilar_rotacionado_var: False
2026-03-28 09:18:31 | debug_robo_cima | INFO | ℹ️ 🔄 Status do checkbox pilar_especial_ativo_var: False
2026-03-28 09:18:31 | debug_robo_cima | INFO | ℹ️ Pilar especial INATIVO - pilar_rotacionado: False, pilar_especial: False, globais: False, tipo: ''
2026-03-28 09:18:31 | debug_robo_cima | INFO | 
----------------------------------------
2026-03-28 09:18:31 | debug_robo_cima | INFO | 📌 VERIFICAÇÃO DE PILAR ESPECIAL ATIVO
2026-03-28 09:18:31 | debug_robo_cima | INFO | ----------------------------------------
2026-03-28 09:18:31 | debug_robo_cima | INFO | ℹ️ 🔄 Verificando se pilar especial está ativo...
2026-03-28 09:18:31 | debug_robo_cima | INFO | ℹ️ 🔄 Status do checkbox pilar_rotacionado_var: False
2026-03-28 09:18:31 | debug_robo_cima | INFO | ℹ️ 🔄 Status do checkbox pilar_especial_ativo_var: False
2026-03-28 09:18:31 | debug_robo_cima | INFO | ℹ️ Pilar especial INATIVO - pilar_rotacionado: False, pilar_especial: False, globais: False, tipo: ''
2026-03-28 09:18:31 | debug_robo_cima | INFO | 
----------------------------------------
2026-03-28 09:18:31 | debug_robo_cima | INFO | 📌 VERIFICAÇÃO DE PILAR ESPECIAL ATIVO
2026-03-28 09:18:31 | debug_robo_cima | INFO | ----------------------------------------
2026-03-28 09:18:31 | debug_robo_cima | INFO | ℹ️ 🔄 Verificando se pilar especial está ativo...
2026-03-28 09:18:31 | debug_robo_cima | INFO | ℹ️ 🔄 Status do checkbox pilar_rotacionado_var: False
2026-03-28 09:18:31 | debug_robo_cima | INFO | ℹ️ 🔄 Status do checkbox pilar_especial_ativo_var: False
2026-03-28 09:18:31 | debug_robo_cima | INFO | ℹ️ Pilar especial INATIVO - pilar_rotacionado: False, pilar_especial: False, globais: False, tipo: ''
2026-03-28 09:18:31 | debug_robo_cima | INFO | 
----------------------------------------
2026-03-28 09:18:31 | debug_robo_cima | INFO | 📌 VERIFICAÇÃO DE PILAR ESPECIAL ATIVO
2026-03-28 09:18:31 | debug_robo_cima | INFO | ----------------------------------------
2026-03-28 09:18:31 | debug_robo_cima | INFO | ℹ️ 🔄 Verificando se pilar especial está ativo...
2026-03-28 09:18:31 | debug_robo_cima | INFO | ℹ️ 🔄 Status do checkbox pilar_rotacionado_var: False
2026-03-28 09:18:31 | debug_robo_cima | INFO | ℹ️ 🔄 Status do checkbox pilar_especial_ativo_var: False
2026-03-28 09:18:31 | debug_robo_cima | INFO | ℹ️ Pilar especial INATIVO - pilar_rotacionado: False, pilar_especial: False, globais: False, tipo: ''
2026-03-28 09:18:31 | debug_robo_cima | INFO | 
----------------------------------------
2026-03-28 09:18:31 | debug_robo_cima | INFO | 📌 VERIFICAÇÃO DE PILAR ESPECIAL ATIVO
2026-03-28 09:18:31 | debug_robo_cima | INFO | ----------------------------------------
2026-03-28 09:18:31 | debug_robo_cima | INFO | ℹ️ 🔄 Verificando se pilar especial está ativo...
2026-03-28 09:18:31 | debug_robo_cima | INFO | ℹ️ 🔄 Status do checkbox pilar_rotacionado_var: False
2026-03-28 09:18:31 | debug_robo_cima | INFO | ℹ️ 🔄 Status do checkbox pilar_especial_ativo_var: False
2026-03-28 09:18:31 | debug_robo_cima | INFO | ℹ️ Pilar especial INATIVO - pilar_rotacionado: False, pilar_especial: False, globais: False, tipo: ''
2026-03-28 09:18:31 | debug_robo_cima | INFO | 
----------------------------------------
2026-03-28 09:18:31 | debug_robo_cima | INFO | 📌 VERIFICAÇÃO DE PILAR ESPECIAL ATIVO
2026-03-28 09:18:31 | debug_robo_cima | INFO | ----------------------------------------
2026-03-28 09:18:31 | debug_robo_cima | INFO | ℹ️ 🔄 Verificando se pilar especial está ativo...
2026-03-28 09:18:31 | debug_robo_cima | INFO | ℹ️ 🔄 Status do checkbox pilar_rotacionado_var: False
2026-03-28 09:18:31 | debug_robo_cima | INFO | ℹ️ 🔄 Status do checkbox pilar_especial_ativo_var: False
2026-03-28 09:18:31 | debug_robo_cima | INFO | ℹ️ Pilar especial INATIVO - pilar_rotacionado: False, pilar_especial: False, globais: False, tipo: ''
2026-03-28 09:18:31 | debug_robo_cima | INFO | 
----------------------------------------
2026-03-28 09:18:31 | debug_robo_cima | INFO | 📌 VERIFICAÇÃO DE PILAR ESPECIAL ATIVO
2026-03-28 09:18:31 | debug_robo_cima | INFO | ----------------------------------------
2026-03-28 09:18:31 | debug_robo_cima | INFO | ℹ️ 🔄 Verificando se pilar especial está ativo...
2026-03-28 09:18:31 | debug_robo_cima | INFO | ℹ️ 🔄 Status do checkbox pilar_rotacionado_var: False
2026-03-28 09:18:31 | debug_robo_cima | INFO | ℹ️ 🔄 Status do checkbox pilar_especial_ativo_var: False
2026-03-28 09:18:31 | debug_robo_cima | INFO | ℹ️ Pilar especial INATIVO - pilar_rotacionado: False, pilar_especial: False, globais: False, tipo: ''
2026-03-28 09:18:31 | debug_robo_cima | INFO | 
----------------------------------------
2026-03-28 09:18:31 | debug_robo_cima | INFO | 📌 VERIFICAÇÃO DE PILAR ESPECIAL ATIVO
2026-03-28 09:18:31 | debug_robo_cima | INFO | ----------------------------------------
2026-03-28 09:18:31 | debug_robo_cima | INFO | ℹ️ 🔄 Verificando se pilar especial está ativo...
2026-03-28 09:18:31 | debug_robo_cima | INFO | ℹ️ 🔄 Status do checkbox pilar_rotacionado_var: False
2026-03-28 09:18:31 | debug_robo_cima | INFO | ℹ️ 🔄 Status do checkbox pilar_especial_ativo_var: False
2026-03-28 09:18:31 | debug_robo_cima | INFO | ℹ️ Pilar especial INATIVO - pilar_rotacionado: False, pilar_especial: False, globais: False, tipo: ''
2026-03-28 09:18:31 | debug_robo_cima | INFO | 
----------------------------------------
2026-03-28 09:18:31 | debug_robo_cima | INFO | 📌 VERIFICAÇÃO DE PILAR ESPECIAL ATIVO
2026-03-28 09:18:31 | debug_robo_cima | INFO | ----------------------------------------
2026-03-28 09:18:31 | debug_robo_cima | INFO | ℹ️ 🔄 Verificando se pilar especial está ativo...
2026-03-28 09:18:31 | debug_robo_cima | INFO | ℹ️ 🔄 Status do checkbox pilar_rotacionado_var: False
2026-03-28 09:18:31 | debug_robo_cima | INFO | ℹ️ 🔄 Status do checkbox pilar_especial_ativo_var: False
2026-03-28 09:18:31 | debug_robo_cima | INFO | ℹ️ Pilar especial INATIVO - pilar_rotacionado: False, pilar_especial: False, globais: False, tipo: ''
2026-03-28 09:18:31 | debug_robo_cima | INFO | 
----------------------------------------
2026-03-28 09:18:31 | debug_robo_cima | INFO | 📌 VERIFICAÇÃO DE PILAR ESPECIAL ATIVO
2026-03-28 09:18:31 | debug_robo_cima | INFO | ----------------------------------------
2026-03-28 09:18:31 | debug_robo_cima | INFO | ℹ️ 🔄 Verificando se pilar especial está ativo...
2026-03-28 09:18:31 | debug_robo_cima | INFO | ℹ️ 🔄 Status do checkbox pilar_rotacionado_var: False
2026-03-28 09:18:31 | debug_robo_cima | INFO | ℹ️ 🔄 Status do checkbox pilar_especial_ativo_var: False
2026-03-28 09:18:31 | debug_robo_cima | INFO | ℹ️ Pilar especial INATIVO - pilar_rotacionado: False, pilar_especial: False, globais: False, tipo: ''
2026-03-28 09:18:31 | debug_robo_cima | INFO | 
----------------------------------------
2026-03-28 09:18:31 | debug_robo_cima | INFO | 📌 VERIFICAÇÃO DE PILAR ESPECIAL ATIVO
2026-03-28 09:18:31 | debug_robo_cima | INFO | ----------------------------------------
2026-03-28 09:18:31 | debug_robo_cima | INFO | ℹ️ 🔄 Verificando se pilar especial está ativo...
2026-03-28 09:18:31 | debug_robo_cima | INFO | ℹ️ 🔄 Status do checkbox pilar_rotacionado_var: False
2026-03-28 09:18:31 | debug_robo_cima | INFO | ℹ️ 🔄 Status do checkbox pilar_especial_ativo_var: False
2026-03-28 09:18:31 | debug_robo_cima | INFO | ℹ️ Pilar especial INATIVO - pilar_rotacionado: False, pilar_especial: False, globais: False, tipo: ''
2026-03-28 09:18:31 | debug_robo_cima | INFO | 
----------------------------------------
2026-03-28 09:18:31 | debug_robo_cima | INFO | 📌 VERIFICAÇÃO DE PILAR ESPECIAL ATIVO
2026-03-28 09:18:31 | debug_robo_cima | INFO | ----------------------------------------
2026-03-28 09:18:31 | debug_robo_cima | INFO | ℹ️ 🔄 Verificando se pilar especial está ativo...
2026-03-28 09:18:31 | debug_robo_cima | INFO | ℹ️ 🔄 Status do checkbox pilar_rotacionado_var: False
2026-03-28 09:18:31 | debug_robo_cima | INFO | ℹ️ 🔄 Status do checkbox pilar_especial_ativo_var: False
2026-03-28 09:18:31 | debug_robo_cima | INFO | ℹ️ Pilar especial INATIVO - pilar_rotacionado: False, pilar_especial: False, globais: False, tipo: ''
2026-03-28 09:18:31 | debug_robo_cima | INFO | 
----------------------------------------
2026-03-28 09:18:31 | debug_robo_cima | INFO | 📌 VERIFICAÇÃO DE PILAR ESPECIAL ATIVO
2026-03-28 09:18:31 | debug_robo_cima | INFO | ----------------------------------------
2026-03-28 09:18:31 | debug_robo_cima | INFO | ℹ️ 🔄 Verificando se pilar especial está ativo...
2026-03-28 09:18:31 | debug_robo_cima | INFO | ℹ️ 🔄 Status do checkbox pilar_rotacionado_var: False
2026-03-28 09:18:31 | debug_robo_cima | INFO | ℹ️ 🔄 Status do checkbox pilar_especial_ativo_var: False
2026-03-28 09:18:31 | debug_robo_cima | INFO | ℹ️ Pilar especial INATIVO - pilar_rotacionado: False, pilar_especial: False, globais: False, tipo: ''
2026-03-28 09:18:31 | debug_robo_cima | INFO | 
----------------------------------------
2026-03-28 09:18:31 | debug_robo_cima | INFO | 📌 VERIFICAÇÃO DE PILAR ESPECIAL ATIVO
2026-03-28 09:18:31 | debug_robo_cima | INFO | ----------------------------------------
2026-03-28 09:18:31 | debug_robo_cima | INFO | ℹ️ 🔄 Verificando se pilar especial está ativo...
2026-03-28 09:18:31 | debug_robo_cima | INFO | ℹ️ 🔄 Status do checkbox pilar_rotacionado_var: False
2026-03-28 09:18:31 | debug_robo_cima | INFO | ℹ️ 🔄 Status do checkbox pilar_especial_ativo_var: False
2026-03-28 09:18:31 | debug_robo_cima | INFO | ℹ️ Pilar especial INATIVO - pilar_rotacionado: False, pilar_especial: False, globais: False, tipo: ''
2026-03-28 09:18:31 | debug_robo_cima | INFO | 
----------------------------------------
2026-03-28 09:18:31 | debug_robo_cima | INFO | 📌 VERIFICAÇÃO DE PILAR ESPECIAL ATIVO
2026-03-28 09:18:31 | debug_robo_cima | INFO | ----------------------------------------
2026-03-28 09:18:31 | debug_robo_cima | INFO | ℹ️ 🔄 Verificando se pilar especial está ativo...
2026-03-28 09:18:31 | debug_robo_cima | INFO | ℹ️ 🔄 Status do checkbox pilar_rotacionado_var: False
2026-03-28 09:18:31 | debug_robo_cima | INFO | ℹ️ 🔄 Status do checkbox pilar_especial_ativo_var: False
2026-03-28 09:18:31 | debug_robo_cima | INFO | ℹ️ Pilar especial INATIVO - pilar_rotacionado: False, pilar_especial: False, globais: False, tipo: ''
2026-03-28 09:18:31 | debug_robo_cima | INFO | 
----------------------------------------
2026-03-28 09:18:31 | debug_robo_cima | INFO | 📌 VERIFICAÇÃO DE PILAR ESPECIAL ATIVO
2026-03-28 09:18:31 | debug_robo_cima | INFO | ----------------------------------------
2026-03-28 09:18:31 | debug_robo_cima | INFO | ℹ️ 🔄 Verificando se pilar especial está ativo...
2026-03-28 09:18:31 | debug_robo_cima | INFO | ℹ️ 🔄 Status do checkbox pilar_rotacionado_var: False
2026-03-28 09:18:31 | debug_robo_cima | INFO | ℹ️ 🔄 Status do checkbox pilar_especial_ativo_var: False
2026-03-28 09:18:31 | debug_robo_cima | INFO | ℹ️ Pilar especial INATIVO - pilar_rotacionado: False, pilar_especial: False, globais: False, tipo: ''
2026-03-28 09:18:31 | debug_robo_cima | INFO | 
----------------------------------------
2026-03-28 09:18:31 | debug_robo_cima | INFO | 📌 VERIFICAÇÃO DE PILAR ESPECIAL ATIVO
2026-03-28 09:18:31 | debug_robo_cima | INFO | ----------------------------------------
2026-03-28 09:18:31 | debug_robo_cima | INFO | ℹ️ 🔄 Verificando se pilar especial está ativo...
2026-03-28 09:18:31 | debug_robo_cima | INFO | ℹ️ 🔄 Status do checkbox pilar_rotacionado_var: False
2026-03-28 09:18:31 | debug_robo_cima | INFO | ℹ️ 🔄 Status do checkbox pilar_especial_ativo_var: False
2026-03-28 09:18:31 | debug_robo_cima | INFO | ℹ️ Pilar especial INATIVO - pilar_rotacionado: False, pilar_especial: False, globais: False, tipo: ''
2026-03-28 09:18:31 | debug_robo_cima | INFO | 
----------------------------------------
2026-03-28 09:18:31 | debug_robo_cima | INFO | 📌 VERIFICAÇÃO DE PILAR ESPECIAL ATIVO
2026-03-28 09:18:31 | debug_robo_cima | INFO | ----------------------------------------
2026-03-28 09:18:31 | debug_robo_cima | INFO | ℹ️ 🔄 Verificando se pilar especial está ativo...
2026-03-28 09:18:31 | debug_robo_cima | INFO | ℹ️ 🔄 Status do checkbox pilar_rotacionado_var: False
2026-03-28 09:18:31 | debug_robo_cima | INFO | ℹ️ 🔄 Status do checkbox pilar_especial_ativo_var: False
2026-03-28 09:18:31 | debug_robo_cima | INFO | ℹ️ Pilar especial INATIVO - pilar_rotacionado: False, pilar_especial: False, globais: False, tipo: ''
2026-03-28 09:18:31 | debug_robo_cima | INFO | 
----------------------------------------
2026-03-28 09:18:31 | debug_robo_cima | INFO | 📌 VERIFICAÇÃO DE PILAR ESPECIAL ATIVO
2026-03-28 09:18:31 | debug_robo_cima | INFO | ----------------------------------------
2026-03-28 09:18:31 | debug_robo_cima | INFO | ℹ️ 🔄 Verificando se pilar especial está ativo...
2026-03-28 09:18:31 | debug_robo_cima | INFO | ℹ️ 🔄 Status do checkbox pilar_rotacionado_var: False
2026-03-28 09:18:31 | debug_robo_cima | INFO | ℹ️ 🔄 Status do checkbox pilar_especial_ativo_var: False
2026-03-28 09:18:31 | debug_robo_cima | INFO | ℹ️ Pilar especial INATIVO - pilar_rotacionado: False, pilar_especial: False, globais: False, tipo: ''
2026-03-28 09:18:31 | debug_robo_cima | INFO | 
----------------------------------------
2026-03-28 09:18:31 | debug_robo_cima | INFO | 📌 VERIFICAÇÃO DE PILAR ESPECIAL ATIVO
2026-03-28 09:18:31 | debug_robo_cima | INFO | ----------------------------------------
2026-03-28 09:18:31 | debug_robo_cima | INFO | ℹ️ 🔄 Verificando se pilar especial está ativo...
2026-03-28 09:18:31 | debug_robo_cima | INFO | ℹ️ 🔄 Status do checkbox pilar_rotacionado_var: False
2026-03-28 09:18:31 | debug_robo_cima | INFO | ℹ️ 🔄 Status do checkbox pilar_especial_ativo_var: False
2026-03-28 09:18:31 | debug_robo_cima | INFO | ℹ️ Pilar especial INATIVO - pilar_rotacionado: False, pilar_especial: False, globais: False, tipo: ''
2026-03-28 09:18:31 | debug_robo_cima | INFO | 
----------------------------------------
2026-03-28 09:18:31 | debug_robo_cima | INFO | 📌 VERIFICAÇÃO DE PILAR ESPECIAL ATIVO
2026-03-28 09:18:31 | debug_robo_cima | INFO | ----------------------------------------
2026-03-28 09:18:31 | debug_robo_cima | INFO | ℹ️ 🔄 Verificando se pilar especial está ativo...
2026-03-28 09:18:31 | debug_robo_cima | INFO | ℹ️ 🔄 Status do checkbox pilar_rotacionado_var: False
2026-03-28 09:18:31 | debug_robo_cima | INFO | ℹ️ 🔄 Status do checkbox pilar_especial_ativo_var: False
2026-03-28 09:18:31 | debug_robo_cima | INFO | ℹ️ Pilar especial INATIVO - pilar_rotacionado: False, pilar_especial: False, globais: False, tipo: ''
2026-03-28 09:18:31 | debug_robo_cima | INFO | 
----------------------------------------
2026-03-28 09:18:31 | debug_robo_cima | INFO | 📌 VERIFICAÇÃO DE PILAR ESPECIAL ATIVO
2026-03-28 09:18:31 | debug_robo_cima | INFO | ----------------------------------------
2026-03-28 09:18:31 | debug_robo_cima | INFO | ℹ️ 🔄 Verificando se pilar especial está ativo...
2026-03-28 09:18:31 | debug_robo_cima | INFO | ℹ️ 🔄 Status do checkbox pilar_rotacionado_var: False
2026-03-28 09:18:31 | debug_robo_cima | INFO | ℹ️ 🔄 Status do checkbox pilar_especial_ativo_var: False
2026-03-28 09:18:31 | debug_robo_cima | INFO | ℹ️ Pilar especial INATIVO - pilar_rotacionado: False, pilar_especial: False, globais: False, tipo: ''
2026-03-28 09:18:31 | debug_robo_cima | INFO | 
----------------------------------------
2026-03-28 09:18:31 | debug_robo_cima | INFO | 📌 VERIFICAÇÃO DE PILAR ESPECIAL ATIVO
2026-03-28 09:18:31 | debug_robo_cima | INFO | ----------------------------------------
2026-03-28 09:18:31 | debug_robo_cima | INFO | ℹ️ 🔄 Verificando se pilar especial está ativo...
2026-03-28 09:18:31 | debug_robo_cima | INFO | ℹ️ 🔄 Status do checkbox pilar_rotacionado_var: False
2026-03-28 09:18:31 | debug_robo_cima | INFO | ℹ️ 🔄 Status do checkbox pilar_especial_ativo_var: False
2026-03-28 09:18:31 | debug_robo_cima | INFO | ℹ️ Pilar especial INATIVO - pilar_rotacionado: False, pilar_especial: False, globais: False, tipo: ''
2026-03-28 09:18:31 | debug_robo_cima | INFO | 
----------------------------------------
2026-03-28 09:18:31 | debug_robo_cima | INFO | 📌 VERIFICAÇÃO DE PILAR ESPECIAL ATIVO
2026-03-28 09:18:31 | debug_robo_cima | INFO | ----------------------------------------
2026-03-28 09:18:31 | debug_robo_cima | INFO | ℹ️ 🔄 Verificando se pilar especial está ativo...
2026-03-28 09:18:31 | debug_robo_cima | INFO | ℹ️ 🔄 Status do checkbox pilar_rotacionado_var: False
2026-03-28 09:18:31 | debug_robo_cima | INFO | ℹ️ 🔄 Status do checkbox pilar_especial_ativo_var: False
2026-03-28 09:18:31 | debug_robo_cima | INFO | ℹ️ Pilar especial INATIVO - pilar_rotacionado: False, pilar_especial: False, globais: False, tipo: ''
2026-03-28 09:18:31 | debug_robo_cima | INFO | 
----------------------------------------
2026-03-28 09:18:31 | debug_robo_cima | INFO | 📌 VERIFICAÇÃO DE PILAR ESPECIAL ATIVO
2026-03-28 09:18:31 | debug_robo_cima | INFO | ----------------------------------------
2026-03-28 09:18:31 | debug_robo_cima | INFO | ℹ️ 🔄 Verificando se pilar especial está ativo...
2026-03-28 09:18:31 | debug_robo_cima | INFO | ℹ️ 🔄 Status do checkbox pilar_rotacionado_var: False
2026-03-28 09:18:31 | debug_robo_cima | INFO | ℹ️ 🔄 Status do checkbox pilar_especial_ativo_var: False
2026-03-28 09:18:31 | debug_robo_cima | INFO | ℹ️ Pilar especial INATIVO - pilar_rotacionado: False, pilar_especial: False, globais: False, tipo: ''
2026-03-28 09:18:31 | debug_robo_cima | INFO | 
----------------------------------------
2026-03-28 09:18:31 | debug_robo_cima | INFO | 📌 VERIFICAÇÃO DE PILAR ESPECIAL ATIVO
2026-03-28 09:18:31 | debug_robo_cima | INFO | ----------------------------------------
2026-03-28 09:18:31 | debug_robo_cima | INFO | ℹ️ 🔄 Verificando se pilar especial está ativo...
2026-03-28 09:18:31 | debug_robo_cima | INFO | ℹ️ 🔄 Status do checkbox pilar_rotacionado_var: False
2026-03-28 09:18:31 | debug_robo_cima | INFO | ℹ️ 🔄 Status do checkbox pilar_especial_ativo_var: False
2026-03-28 09:18:31 | debug_robo_cima | INFO | ℹ️ Pilar especial INATIVO - pilar_rotacionado: False, pilar_especial: False, globais: False, tipo: ''
2026-03-28 09:18:31 | debug_robo_cima | INFO | 
----------------------------------------
2026-03-28 09:18:31 | debug_robo_cima | INFO | 📌 VERIFICAÇÃO DE PILAR ESPECIAL ATIVO
2026-03-28 09:18:31 | debug_robo_cima | INFO | ----------------------------------------
2026-03-28 09:18:31 | debug_robo_cima | INFO | ℹ️ 🔄 Verificando se pilar especial está ativo...
2026-03-28 09:18:31 | debug_robo_cima | INFO | ℹ️ 🔄 Status do checkbox pilar_rotacionado_var: False
2026-03-28 09:18:31 | debug_robo_cima | INFO | ℹ️ 🔄 Status do checkbox pilar_especial_ativo_var: False
2026-03-28 09:18:31 | debug_robo_cima | INFO | ℹ️ Pilar especial INATIVO - pilar_rotacionado: False, pilar_especial: False, globais: False, tipo: ''
2026-03-28 09:18:31 | debug_robo_cima | INFO | 
----------------------------------------
2026-03-28 09:18:31 | debug_robo_cima | INFO | 📌 VERIFICAÇÃO DE PILAR ESPECIAL ATIVO
2026-03-28 09:18:31 | debug_robo_cima | INFO | ----------------------------------------
2026-03-28 09:18:31 | debug_robo_cima | INFO | ℹ️ 🔄 Verificando se pilar especial está ativo...
2026-03-28 09:18:31 | debug_robo_cima | INFO | ℹ️ 🔄 Status do checkbox pilar_rotacionado_var: False
2026-03-28 09:18:31 | debug_robo_cima | INFO | ℹ️ 🔄 Status do checkbox pilar_especial_ativo_var: False
2026-03-28 09:18:31 | debug_robo_cima | INFO | ℹ️ Pilar especial INATIVO - pilar_rotacionado: False, pilar_especial: False, globais: False, tipo: ''
2026-03-28 09:18:31 | debug_robo_cima | INFO | 
----------------------------------------
2026-03-28 09:18:31 | debug_robo_cima | INFO | 📌 VERIFICAÇÃO DE PILAR ESPECIAL ATIVO
2026-03-28 09:18:31 | debug_robo_cima | INFO | ----------------------------------------
2026-03-28 09:18:31 | debug_robo_cima | INFO | ℹ️ 🔄 Verificando se pilar especial está ativo...
2026-03-28 09:18:31 | debug_robo_cima | INFO | ℹ️ 🔄 Status do checkbox pilar_rotacionado_var: False
2026-03-28 09:18:31 | debug_robo_cima | INFO | ℹ️ 🔄 Status do checkbox pilar_especial_ativo_var: False
2026-03-28 09:18:31 | debug_robo_cima | INFO | ℹ️ Pilar especial INATIVO - pilar_rotacionado: False, pilar_especial: False, globais: False, tipo: ''
2026-03-28 09:18:31 | debug_robo_cima | INFO | 
----------------------------------------
2026-03-28 09:18:31 | debug_robo_cima | INFO | 📌 VERIFICAÇÃO DE PILAR ESPECIAL ATIVO
2026-03-28 09:18:31 | debug_robo_cima | INFO | ----------------------------------------
2026-03-28 09:18:31 | debug_robo_cima | INFO | ℹ️ 🔄 Verificando se pilar especial está ativo...
2026-03-28 09:18:31 | debug_robo_cima | INFO | ℹ️ 🔄 Status do checkbox pilar_rotacionado_var: False
2026-03-28 09:18:31 | debug_robo_cima | INFO | ℹ️ 🔄 Status do checkbox pilar_especial_ativo_var: False
2026-03-28 09:18:31 | debug_robo_cima | INFO | ℹ️ Pilar especial INATIVO - pilar_rotacionado: False, pilar_especial: False, globais: False, tipo: ''
2026-03-28 09:18:31 | debug_robo_cima | INFO | 
----------------------------------------
2026-03-28 09:18:31 | debug_robo_cima | INFO | 📌 VERIFICAÇÃO DE PILAR ESPECIAL ATIVO
2026-03-28 09:18:31 | debug_robo_cima | INFO | ----------------------------------------
2026-03-28 09:18:31 | debug_robo_cima | INFO | ℹ️ 🔄 Verificando se pilar especial está ativo...
2026-03-28 09:18:31 | debug_robo_cima | INFO | ℹ️ 🔄 Status do checkbox pilar_rotacionado_var: False
2026-03-28 09:18:31 | debug_robo_cima | INFO | ℹ️ 🔄 Status do checkbox pilar_especial_ativo_var: False
2026-03-28 09:18:31 | debug_robo_cima | INFO | ℹ️ Pilar especial INATIVO - pilar_rotacionado: False, pilar_especial: False, globais: False, tipo: ''
2026-03-28 09:18:31 | debug_robo_cima | INFO | 
----------------------------------------
2026-03-28 09:18:31 | debug_robo_cima | INFO | 📌 VERIFICAÇÃO DE PILAR ESPECIAL ATIVO
2026-03-28 09:18:31 | debug_robo_cima | INFO | ----------------------------------------
2026-03-28 09:18:31 | debug_robo_cima | INFO | ℹ️ 🔄 Verificando se pilar especial está ativo...
2026-03-28 09:18:31 | debug_robo_cima | INFO | ℹ️ 🔄 Status do checkbox pilar_rotacionado_var: False
2026-03-28 09:18:31 | debug_robo_cima | INFO | ℹ️ 🔄 Status do checkbox pilar_especial_ativo_var: False
2026-03-28 09:18:31 | debug_robo_cima | INFO | ℹ️ Pilar especial INATIVO - pilar_rotacionado: False, pilar_especial: False, globais: False, tipo: ''
2026-03-28 09:18:31 | debug_robo_cima | INFO | 
----------------------------------------
2026-03-28 09:18:31 | debug_robo_cima | INFO | 📌 VERIFICAÇÃO DE PILAR ESPECIAL ATIVO
2026-03-28 09:18:31 | debug_robo_cima | INFO | ----------------------------------------
2026-03-28 09:18:31 | debug_robo_cima | INFO | ℹ️ 🔄 Verificando se pilar especial está ativo...
2026-03-28 09:18:31 | debug_robo_cima | INFO | ℹ️ 🔄 Status do checkbox pilar_rotacionado_var: False
2026-03-28 09:18:31 | debug_robo_cima | INFO | ℹ️ 🔄 Status do checkbox pilar_especial_ativo_var: False
2026-03-28 09:18:31 | debug_robo_cima | INFO | ℹ️ Pilar especial INATIVO - pilar_rotacionado: False, pilar_especial: False, globais: False, tipo: ''
2026-03-28 09:18:31 | debug_robo_cima | INFO | 
----------------------------------------
2026-03-28 09:18:31 | debug_robo_cima | INFO | 📌 VERIFICAÇÃO DE PILAR ESPECIAL ATIVO
2026-03-28 09:18:31 | debug_robo_cima | INFO | ----------------------------------------
2026-03-28 09:18:31 | debug_robo_cima | INFO | ℹ️ 🔄 Verificando se pilar especial está ativo...
2026-03-28 09:18:31 | debug_robo_cima | INFO | ℹ️ 🔄 Status do checkbox pilar_rotacionado_var: False
2026-03-28 09:18:31 | debug_robo_cima | INFO | ℹ️ 🔄 Status do checkbox pilar_especial_ativo_var: False
2026-03-28 09:18:31 | debug_robo_cima | INFO | ℹ️ Pilar especial INATIVO - pilar_rotacionado: False, pilar_especial: False, globais: False, tipo: ''
2026-03-28 09:18:31 | debug_robo_cima | INFO | 
----------------------------------------
2026-03-28 09:18:31 | debug_robo_cima | INFO | 📌 VERIFICAÇÃO DE PILAR ESPECIAL ATIVO
2026-03-28 09:18:31 | debug_robo_cima | INFO | ----------------------------------------
2026-03-28 09:18:31 | debug_robo_cima | INFO | ℹ️ 🔄 Verificando se pilar especial está ativo...
2026-03-28 09:18:31 | debug_robo_cima | INFO | ℹ️ 🔄 Status do checkbox pilar_rotacionado_var: False
2026-03-28 09:18:31 | debug_robo_cima | INFO | ℹ️ 🔄 Status do checkbox pilar_especial_ativo_var: False
2026-03-28 09:18:31 | debug_robo_cima | INFO | ℹ️ Pilar especial INATIVO - pilar_rotacionado: False, pilar_especial: False, globais: False, tipo: ''
2026-03-28 09:18:31 | debug_robo_cima | INFO | 
----------------------------------------
2026-03-28 09:18:31 | debug_robo_cima | INFO | 📌 VERIFICAÇÃO DE PILAR ESPECIAL ATIVO
2026-03-28 09:18:31 | debug_robo_cima | INFO | ----------------------------------------
2026-03-28 09:18:31 | debug_robo_cima | INFO | ℹ️ 🔄 Verificando se pilar especial está ativo...
2026-03-28 09:18:31 | debug_robo_cima | INFO | ℹ️ 🔄 Status do checkbox pilar_rotacionado_var: False
2026-03-28 09:18:31 | debug_robo_cima | INFO | ℹ️ 🔄 Status do checkbox pilar_especial_ativo_var: False
2026-03-28 09:18:31 | debug_robo_cima | INFO | ℹ️ Pilar especial INATIVO - pilar_rotacionado: False, pilar_especial: False, globais: False, tipo: ''
2026-03-28 09:18:31 | debug_robo_cima | INFO | 
----------------------------------------
2026-03-28 09:18:31 | debug_robo_cima | INFO | 📌 VERIFICAÇÃO DE PILAR ESPECIAL ATIVO
2026-03-28 09:18:31 | debug_robo_cima | INFO | ----------------------------------------
2026-03-28 09:18:31 | debug_robo_cima | INFO | ℹ️ 🔄 Verificando se pilar especial está ativo...
2026-03-28 09:18:31 | debug_robo_cima | INFO | ℹ️ 🔄 Status do checkbox pilar_rotacionado_var: False
2026-03-28 09:18:31 | debug_robo_cima | INFO | ℹ️ 🔄 Status do checkbox pilar_especial_ativo_var: False
2026-03-28 09:18:31 | debug_robo_cima | INFO | ℹ️ Pilar especial INATIVO - pilar_rotacionado: False, pilar_especial: False, globais: False, tipo: ''
2026-03-28 09:18:31 | debug_robo_cima | INFO | 
----------------------------------------
2026-03-28 09:18:31 | debug_robo_cima | INFO | 📌 VERIFICAÇÃO DE PILAR ESPECIAL ATIVO
2026-03-28 09:18:31 | debug_robo_cima | INFO | ----------------------------------------
2026-03-28 09:18:31 | debug_robo_cima | INFO | ℹ️ 🔄 Verificando se pilar especial está ativo...
2026-03-28 09:18:31 | debug_robo_cima | INFO | ℹ️ 🔄 Status do checkbox pilar_rotacionado_var: False
2026-03-28 09:18:31 | debug_robo_cima | INFO | ℹ️ 🔄 Status do checkbox pilar_especial_ativo_var: False
2026-03-28 09:18:31 | debug_robo_cima | INFO | ℹ️ Pilar especial INATIVO - pilar_rotacionado: False, pilar_especial: False, globais: False, tipo: ''
2026-03-28 09:18:32 | debug_robo_cima | INFO | 
----------------------------------------
2026-03-28 09:18:32 | debug_robo_cima | INFO | 📌 VERIFICAÇÃO DE PILAR ESPECIAL ATIVO
2026-03-28 09:18:32 | debug_robo_cima | INFO | ----------------------------------------
2026-03-28 09:18:32 | debug_robo_cima | INFO | ℹ️ 🔄 Verificando se pilar especial está ativo...
2026-03-28 09:18:32 | debug_robo_cima | INFO | ℹ️ 🔄 Status do checkbox pilar_rotacionado_var: False
2026-03-28 09:18:32 | debug_robo_cima | INFO | ℹ️ 🔄 Status do checkbox pilar_especial_ativo_var: False
2026-03-28 09:18:32 | debug_robo_cima | INFO | ℹ️ Pilar especial INATIVO - pilar_rotacionado: False, pilar_especial: False, globais: False, tipo: ''
2026-03-28 09:18:32 | debug_robo_cima | INFO | 
----------------------------------------
2026-03-28 09:18:32 | debug_robo_cima | INFO | 📌 VERIFICAÇÃO DE PILAR ESPECIAL ATIVO
2026-03-28 09:18:32 | debug_robo_cima | INFO | ----------------------------------------
2026-03-28 09:18:32 | debug_robo_cima | INFO | ℹ️ 🔄 Verificando se pilar especial está ativo...
2026-03-28 09:18:32 | debug_robo_cima | INFO | ℹ️ 🔄 Status do checkbox pilar_rotacionado_var: False
2026-03-28 09:18:32 | debug_robo_cima | INFO | ℹ️ 🔄 Status do checkbox pilar_especial_ativo_var: False
2026-03-28 09:18:32 | debug_robo_cima | INFO | ℹ️ Pilar especial INATIVO - pilar_rotacionado: False, pilar_especial: False, globais: False, tipo: ''
2026-03-28 09:18:32 | debug_robo_cima | INFO | 
----------------------------------------
2026-03-28 09:18:32 | debug_robo_cima | INFO | 📌 VERIFICAÇÃO DE PILAR ESPECIAL ATIVO
2026-03-28 09:18:32 | debug_robo_cima | INFO | ----------------------------------------
2026-03-28 09:18:32 | debug_robo_cima | INFO | ℹ️ 🔄 Verificando se pilar especial está ativo...
2026-03-28 09:18:32 | debug_robo_cima | INFO | ℹ️ 🔄 Status do checkbox pilar_rotacionado_var: False
2026-03-28 09:18:32 | debug_robo_cima | INFO | ℹ️ 🔄 Status do checkbox pilar_especial_ativo_var: False
2026-03-28 09:18:32 | debug_robo_cima | INFO | ℹ️ Pilar especial INATIVO - pilar_rotacionado: False, pilar_especial: False, globais: False, tipo: ''
2026-03-28 09:18:32 | debug_robo_cima | INFO | 
----------------------------------------
2026-03-28 09:18:32 | debug_robo_cima | INFO | 📌 VERIFICAÇÃO DE PILAR ESPECIAL ATIVO
2026-03-28 09:18:32 | debug_robo_cima | INFO | ----------------------------------------
2026-03-28 09:18:32 | debug_robo_cima | INFO | ℹ️ 🔄 Verificando se pilar especial está ativo...
2026-03-28 09:18:32 | debug_robo_cima | INFO | ℹ️ 🔄 Status do checkbox pilar_rotacionado_var: False
2026-03-28 09:18:32 | debug_robo_cima | INFO | ℹ️ 🔄 Status do checkbox pilar_especial_ativo_var: False
2026-03-28 09:18:32 | debug_robo_cima | INFO | ℹ️ Pilar especial INATIVO - pilar_rotacionado: False, pilar_especial: False, globais: False, tipo: ''
2026-03-28 09:18:32 | debug_robo_cima | INFO | 
----------------------------------------
2026-03-28 09:18:32 | debug_robo_cima | INFO | 📌 VERIFICAÇÃO DE PILAR ESPECIAL ATIVO
2026-03-28 09:18:32 | debug_robo_cima | INFO | ----------------------------------------
2026-03-28 09:18:32 | debug_robo_cima | INFO | ℹ️ 🔄 Verificando se pilar especial está ativo...
2026-03-28 09:18:32 | debug_robo_cima | INFO | ℹ️ 🔄 Status do checkbox pilar_rotacionado_var: False
2026-03-28 09:18:32 | debug_robo_cima | INFO | ℹ️ 🔄 Status do checkbox pilar_especial_ativo_var: False
2026-03-28 09:18:32 | debug_robo_cima | INFO | ℹ️ Pilar especial INATIVO - pilar_rotacionado: False, pilar_especial: False, globais: False, tipo: ''
2026-03-28 09:18:32 | debug_robo_cima | INFO | 
----------------------------------------
2026-03-28 09:18:32 | debug_robo_cima | INFO | 📌 VERIFICAÇÃO DE PILAR ESPECIAL ATIVO
2026-03-28 09:18:32 | debug_robo_cima | INFO | ----------------------------------------
2026-03-28 09:18:32 | debug_robo_cima | INFO | ℹ️ 🔄 Verificando se pilar especial está ativo...
2026-03-28 09:18:32 | debug_robo_cima | INFO | ℹ️ 🔄 Status do checkbox pilar_rotacionado_var: False
2026-03-28 09:18:32 | debug_robo_cima | INFO | ℹ️ 🔄 Status do checkbox pilar_especial_ativo_var: False
2026-03-28 09:18:32 | debug_robo_cima | INFO | ℹ️ Pilar especial INATIVO - pilar_rotacionado: False, pilar_especial: False, globais: False, tipo: ''
2026-03-28 09:18:32 | debug_robo_cima | INFO | 
============================================================
2026-03-28 09:18:32 | debug_robo_cima | INFO | 📋 GERAÇÃO DE SCRIPT CIMA
2026-03-28 09:18:32 | debug_robo_cima | INFO | ============================================================
2026-03-28 09:18:32 | debug_robo_cima | INFO | ℹ️ 🔄 === INÍCIO DO gerar_script() ===
2026-03-28 09:18:32 | debug_robo_cima | INFO | ℹ️ 🔄 Estado inicial das globais: ID=1996916051008, len=0
2026-03-28 09:18:32 | debug_robo_cima | WARNING | ⚠️ _globais_pilar_especial está vazio ou None!
2026-03-28 09:18:32 | debug_robo_cima | INFO | ℹ️ 🔄 Status pilar_rotacionado no inicio: False
2026-03-28 09:18:32 | debug_robo_cima | INFO | ℹ️ 🔄 Prestes a chamar _verificar_pilar_especial_ativo()...
2026-03-28 09:18:32 | debug_robo_cima | INFO | ℹ️ 🔄 Estado das globais ANTES da verificação: False
2026-03-28 09:18:32 | debug_robo_cima | INFO | 
----------------------------------------
2026-03-28 09:18:32 | debug_robo_cima | INFO | 📌 VERIFICAÇÃO DE PILAR ESPECIAL ATIVO
2026-03-28 09:18:32 | debug_robo_cima | INFO | ----------------------------------------
2026-03-28 09:18:32 | debug_robo_cima | INFO | ℹ️ 🔄 Verificando se pilar especial está ativo...
2026-03-28 09:18:32 | debug_robo_cima | INFO | ℹ️ 🔄 Status do checkbox pilar_rotacionado_var: False
2026-03-28 09:18:32 | debug_robo_cima | INFO | ℹ️ 🔄 Status do checkbox pilar_especial_ativo_var: False
2026-03-28 09:18:32 | debug_robo_cima | INFO | ℹ️ Pilar especial INATIVO - pilar_rotacionado: False, pilar_especial: False, globais: False, tipo: ''
2026-03-28 09:18:32 | debug_robo_cima | INFO | ℹ️ 🔄 Resultado da verificação: False
2026-03-28 09:18:32 | debug_robo_cima | INFO | ℹ️ 🔄 Estado das globais APÓS a verificação: False
2026-03-28 09:18:32 | debug_robo_cima | INFO | ℹ️ 🔄 Pilar especial ativo: False
2026-03-28 09:18:32 | debug_robo_cima | INFO | 
----------------------------------------
2026-03-28 09:18:32 | debug_robo_cima | INFO | 📌 APLICAÇÃO DE ALTERAÇÕES PILAR ESPECIAL - PAI.B
2026-03-28 09:18:32 | debug_robo_cima | INFO | ----------------------------------------
2026-03-28 09:18:32 | debug_robo_cima | INFO | ℹ️ 🔄 Aplicando alterações do pilar especial para PAI.B...
2026-03-28 09:18:32 | debug_robo_cima | WARNING | ⚠️ Pilar especial INATIVO (sem globais no gerador) - retornando valor original: -51
2026-03-28 09:18:32 | debug_robo_cima | WARNING | ⚠️ Pilar especial INATIVO (sem globais no gerador) - retornando valor original: 90.0
2026-03-28 09:18:32 | debug_robo_cima | WARNING | ⚠️ Pilar especial INATIVO (sem globais no gerador) - retornando valor original: 242.0
2026-03-28 09:18:32 | debug_robo_cima | INFO | ℹ️ 🔄 PAI.B - Posição X: -51 -> -51
2026-03-28 09:18:32 | debug_robo_cima | INFO | ℹ️ 🔄 PAI.B - Posição Y: 90.0 -> 90.0
2026-03-28 09:18:32 | debug_robo_cima | INFO | ℹ️ 🔄 PAI.B - Comprimento: 242.0 -> 242.0
2026-03-28 09:18:32 | debug_robo_cima | WARNING | ⚠️ Pilar especial INATIVO (sem globais no gerador) - retornando valor original: -51
2026-03-28 09:18:32 | debug_robo_cima | WARNING | ⚠️ Pilar especial INATIVO (sem globais no gerador) - retornando valor original: 70
2026-03-28 09:18:32 | debug_robo_cima | WARNING | ⚠️ Pilar especial INATIVO (sem globais no gerador) - retornando valor original: 242.0
2026-03-28 09:18:32 | debug_robo_cima | INFO | ℹ️ [REFERENCIA-DINAMICA] Parede esquerda PAI.A FINAL REAL registrada: -51
2026-03-28 09:18:32 | debug_robo_cima | WARNING | ⚠️ Pilar especial INATIVO (sem globais no gerador) - retornando valor original: -71
2026-03-28 09:18:32 | debug_robo_cima | WARNING | ⚠️ Pilar especial INATIVO (sem globais no gerador) - retornando valor original: 282.0
2026-03-28 09:18:32 | debug_robo_cima | INFO | ℹ️ 🔧 METAL A - posX=-71, posY=61.0, comp=282.0, endX=211.0, largura=7
2026-03-28 09:18:32 | debug_robo_cima | WARNING | ⚠️ Pilar especial INATIVO (sem globais no gerador) - retornando valor original: -71
2026-03-28 09:18:32 | debug_robo_cima | WARNING | ⚠️ Pilar especial INATIVO (sem globais no gerador) - retornando valor original: 282.0
2026-03-28 09:18:32 | debug_robo_cima | INFO | ℹ️ 🔧 METAL B - posX=-71, posY=99.0, comp=282.0, endX=211.0, largura=7
2026-03-28 09:18:32 | debug_robo_cima | INFO | ℹ️ DEBUG: Valores lidos Grade A - grade1=114.0, grade2=114.0, grade3=0.0, dist1=14.0, dist2=0.0
2026-03-28 09:18:32 | debug_robo_cima | INFO | ℹ️ DEBUG: Condição Grade A - grade1 > 0: True, grade2 > 0: True, grade3 > 0: False
2026-03-28 09:18:32 | debug_robo_cima | INFO | ℹ️ DEBUG: Condição Grade A - grade1 > 0 or grade2 > 0 or grade3 > 0: True
2026-03-28 09:18:32 | debug_robo_cima | INFO | ℹ️ GRA.A usando valores específicos: comprimentos=[114.0, 114.0, 0.0], espacos=[14.0, 0.0]
2026-03-28 09:18:32 | debug_robo_cima | INFO | 
----------------------------------------
2026-03-28 09:18:32 | debug_robo_cima | INFO | 📌 VERIFICAÇÃO DE PILAR ESPECIAL ATIVO
2026-03-28 09:18:32 | debug_robo_cima | INFO | ----------------------------------------
2026-03-28 09:18:32 | debug_robo_cima | INFO | ℹ️ 🔄 Verificando se pilar especial está ativo...
2026-03-28 09:18:32 | debug_robo_cima | INFO | ℹ️ 🔄 Status do checkbox pilar_rotacionado_var: False
2026-03-28 09:18:32 | debug_robo_cima | INFO | ℹ️ 🔄 Status do checkbox pilar_especial_ativo_var: False
2026-03-28 09:18:32 | debug_robo_cima | INFO | ℹ️ Pilar especial INATIVO - pilar_rotacionado: False, pilar_especial: False, globais: False, tipo: ''
2026-03-28 09:18:32 | debug_robo_cima | INFO | 
----------------------------------------
2026-03-28 09:18:32 | debug_robo_cima | INFO | 📌 VERIFICAÇÃO DE PILAR ESPECIAL ATIVO
2026-03-28 09:18:32 | debug_robo_cima | INFO | ----------------------------------------
2026-03-28 09:18:32 | debug_robo_cima | INFO | ℹ️ 🔄 Verificando se pilar especial está ativo...
2026-03-28 09:18:32 | debug_robo_cima | INFO | ℹ️ 🔄 Status do checkbox pilar_rotacionado_var: False
2026-03-28 09:18:32 | debug_robo_cima | INFO | ℹ️ 🔄 Status do checkbox pilar_especial_ativo_var: False
2026-03-28 09:18:32 | debug_robo_cima | INFO | ℹ️ Pilar especial INATIVO - pilar_rotacionado: False, pilar_especial: False, globais: False, tipo: ''
2026-03-28 09:18:32 | debug_robo_cima | INFO | ℹ️ DEBUG: Valores lidos Grade B - grade1_grupo2=0.0, grade2_grupo2=114.0, grade3_grupo2=114.0, dist1_grupo2=0.0, dist2_grupo2=14.0
2026-03-28 09:18:32 | debug_robo_cima | INFO | ℹ️ DEBUG: Condição Grade B - grade1_grupo2 > 0: False, grade2_grupo2 > 0: True, grade3_grupo2 > 0: True
2026-03-28 09:18:32 | debug_robo_cima | INFO | ℹ️ DEBUG: Condição Grade B - grade1_grupo2 > 0 or grade2_grupo2 > 0 or grade3_grupo2 > 0: True
2026-03-28 09:18:32 | debug_robo_cima | INFO | ℹ️ GRA.B usando valores específicos: comprimentos=[0.0, 114.0, 114.0], espacos=[0.0, 14.0]
2026-03-28 09:18:32 | debug_robo_cima | INFO | 
----------------------------------------
2026-03-28 09:18:32 | debug_robo_cima | INFO | 📌 VERIFICAÇÃO DE PILAR ESPECIAL ATIVO
2026-03-28 09:18:32 | debug_robo_cima | INFO | ----------------------------------------
2026-03-28 09:18:32 | debug_robo_cima | INFO | ℹ️ 🔄 Verificando se pilar especial está ativo...
2026-03-28 09:18:32 | debug_robo_cima | INFO | ℹ️ 🔄 Status do checkbox pilar_rotacionado_var: False
2026-03-28 09:18:32 | debug_robo_cima | INFO | ℹ️ 🔄 Status do checkbox pilar_especial_ativo_var: False
2026-03-28 09:18:32 | debug_robo_cima | INFO | ℹ️ Pilar especial INATIVO - pilar_rotacionado: False, pilar_especial: False, globais: False, tipo: ''
2026-03-28 09:18:32 | debug_robo_cima | INFO | 
----------------------------------------
2026-03-28 09:18:32 | debug_robo_cima | INFO | 📌 VERIFICAÇÃO DE PILAR ESPECIAL ATIVO
2026-03-28 09:18:32 | debug_robo_cima | INFO | ----------------------------------------
2026-03-28 09:18:32 | debug_robo_cima | INFO | ℹ️ 🔄 Verificando se pilar especial está ativo...
2026-03-28 09:18:32 | debug_robo_cima | INFO | ℹ️ 🔄 Status do checkbox pilar_rotacionado_var: False
2026-03-28 09:18:32 | debug_robo_cima | INFO | ℹ️ 🔄 Status do checkbox pilar_especial_ativo_var: False
2026-03-28 09:18:32 | debug_robo_cima | INFO | ℹ️ Pilar especial INATIVO - pilar_rotacionado: False, pilar_especial: False, globais: False, tipo: ''
2026-03-28 09:18:32 | debug_robo_cima | WARNING | ⚠️ Pilar especial INATIVO (sem globais no gerador) - retornando valor original: -52
2026-03-28 09:18:32 | debug_robo_cima | INFO | 
----------------------------------------
2026-03-28 09:18:32 | debug_robo_cima | INFO | 📌 VERIFICAÇÃO DE PILAR ESPECIAL ATIVO
2026-03-28 09:18:32 | debug_robo_cima | INFO | ----------------------------------------
2026-03-28 09:18:32 | debug_robo_cima | INFO | ℹ️ 🔄 Verificando se pilar especial está ativo...
2026-03-28 09:18:32 | debug_robo_cima | INFO | ℹ️ 🔄 Status do checkbox pilar_rotacionado_var: False
2026-03-28 09:18:32 | debug_robo_cima | INFO | ℹ️ 🔄 Status do checkbox pilar_especial_ativo_var: False
2026-03-28 09:18:32 | debug_robo_cima | INFO | ℹ️ Pilar especial INATIVO - pilar_rotacionado: False, pilar_especial: False, globais: False, tipo: ''
2026-03-28 09:18:32 | debug_robo_cima | INFO | 
----------------------------------------
2026-03-28 09:18:32 | debug_robo_cima | INFO | 📌 DECISÃO DE COMANDO SCALE/ROTATE
2026-03-28 09:18:32 | debug_robo_cima | INFO | ----------------------------------------
2026-03-28 09:18:32 | debug_robo_cima | INFO | ℹ️ 🔄 Verificando qual comando usar (SCALE ou ROTATE)...
2026-03-28 09:18:32 | debug_robo_cima | INFO | ℹ️ 🔄 Status pilar_rotacionado = False, usar_scale = True
2026-03-28 09:18:32 | debug_robo_cima | INFO | ℹ️ ✅ Usando _SCALE
2026-03-28 09:18:32 | debug_robo_cima | INFO | ℹ️ 🔄 Verificando se é pilar especial: False
2026-03-28 09:18:32 | debug_robo_cima | INFO | ℹ️ ✅ Pilar normal - usando valores padrão no _SCALE
2026-03-28 09:18:32 | debug_robo_cima | INFO | ℹ️ ✅ Script gerado com sucesso!
2026-03-28 09:18:32 | debug_robo_cima | INFO | 🔄 Script gerado: Tamanho: 5490 caracteres
2026-03-28 09:18:32 | debug_robo_cima | INFO | 
============================================================
2026-03-28 09:18:32 | debug_robo_cima | INFO | 📋 FIM DA GERAÇÃO DE SCRIPT CIMA
2026-03-28 09:18:32 | debug_robo_cima | INFO | ============================================================
2026-03-28 09:18:33 | debug_robo_cima | INFO | ℹ️ 🔄 Instância do GeradorPilar registrada globalmente
2026-03-28 09:18:33 | debug_robo_cima | INFO | ℹ️ 🔄 Globais do pilar especial inicializadas
2026-03-28 09:18:34 | debug_robo_cima | INFO | 
----------------------------------------
2026-03-28 09:18:34 | debug_robo_cima | INFO | 📌 VERIFICAÇÃO DE PILAR ESPECIAL ATIVO
2026-03-28 09:18:34 | debug_robo_cima | INFO | ----------------------------------------
2026-03-28 09:18:34 | debug_robo_cima | INFO | ℹ️ 🔄 Verificando se pilar especial está ativo...
2026-03-28 09:18:34 | debug_robo_cima | INFO | ℹ️ 🔄 Status do checkbox pilar_rotacionado_var: False
2026-03-28 09:18:34 | debug_robo_cima | INFO | ℹ️ 🔄 Status do checkbox pilar_especial_ativo_var: False
2026-03-28 09:18:34 | debug_robo_cima | INFO | ℹ️ Pilar especial INATIVO - pilar_rotacionado: False, pilar_especial: False, globais: False, tipo: ''
2026-03-28 09:18:34 | debug_robo_cima | INFO | 
----------------------------------------
2026-03-28 09:18:34 | debug_robo_cima | INFO | 📌 VERIFICAÇÃO DE PILAR ESPECIAL ATIVO
2026-03-28 09:18:34 | debug_robo_cima | INFO | ----------------------------------------
2026-03-28 09:18:34 | debug_robo_cima | INFO | ℹ️ 🔄 Verificando se pilar especial está ativo...
2026-03-28 09:18:34 | debug_robo_cima | INFO | ℹ️ 🔄 Status do checkbox pilar_rotacionado_var: False
2026-03-28 09:18:34 | debug_robo_cima | INFO | ℹ️ 🔄 Status do checkbox pilar_especial_ativo_var: False
2026-03-28 09:18:34 | debug_robo_cima | INFO | ℹ️ Pilar especial INATIVO - pilar_rotacionado: False, pilar_especial: False, globais: False, tipo: ''
2026-03-28 09:18:34 | debug_robo_cima | INFO | 
----------------------------------------
2026-03-28 09:18:34 | debug_robo_cima | INFO | 📌 VERIFICAÇÃO DE PILAR ESPECIAL ATIVO
2026-03-28 09:18:34 | debug_robo_cima | INFO | ----------------------------------------
2026-03-28 09:18:34 | debug_robo_cima | INFO | ℹ️ 🔄 Verificando se pilar especial está ativo...
2026-03-28 09:18:34 | debug_robo_cima | INFO | ℹ️ 🔄 Status do checkbox pilar_rotacionado_var: False
2026-03-28 09:18:34 | debug_robo_cima | INFO | ℹ️ 🔄 Status do checkbox pilar_especial_ativo_var: False
2026-03-28 09:18:34 | debug_robo_cima | INFO | ℹ️ Pilar especial INATIVO - pilar_rotacionado: False, pilar_especial: False, globais: False, tipo: ''
2026-03-28 09:18:34 | debug_robo_cima | INFO | 
----------------------------------------
2026-03-28 09:18:34 | debug_robo_cima | INFO | 📌 VERIFICAÇÃO DE PILAR ESPECIAL ATIVO
2026-03-28 09:18:34 | debug_robo_cima | INFO | ----------------------------------------
2026-03-28 09:18:34 | debug_robo_cima | INFO | ℹ️ 🔄 Verificando se pilar especial está ativo...
2026-03-28 09:18:34 | debug_robo_cima | INFO | ℹ️ 🔄 Status do checkbox pilar_rotacionado_var: False
2026-03-28 09:18:34 | debug_robo_cima | INFO | ℹ️ 🔄 Status do checkbox pilar_especial_ativo_var: False
2026-03-28 09:18:34 | debug_robo_cima | INFO | ℹ️ Pilar especial INATIVO - pilar_rotacionado: False, pilar_especial: False, globais: False, tipo: ''
2026-03-28 09:18:34 | debug_robo_cima | INFO | 
----------------------------------------
2026-03-28 09:18:34 | debug_robo_cima | INFO | 📌 VERIFICAÇÃO DE PILAR ESPECIAL ATIVO
2026-03-28 09:18:34 | debug_robo_cima | INFO | ----------------------------------------
2026-03-28 09:18:34 | debug_robo_cima | INFO | ℹ️ 🔄 Verificando se pilar especial está ativo...
2026-03-28 09:18:34 | debug_robo_cima | INFO | ℹ️ 🔄 Status do checkbox pilar_rotacionado_var: False
2026-03-28 09:18:34 | debug_robo_cima | INFO | ℹ️ 🔄 Status do checkbox pilar_especial_ativo_var: False
2026-03-28 09:18:34 | debug_robo_cima | INFO | ℹ️ Pilar especial INATIVO - pilar_rotacionado: False, pilar_especial: False, globais: False, tipo: ''
2026-03-28 09:18:34 | debug_robo_cima | INFO | 
----------------------------------------
2026-03-28 09:18:34 | debug_robo_cima | INFO | 📌 VERIFICAÇÃO DE PILAR ESPECIAL ATIVO
2026-03-28 09:18:34 | debug_robo_cima | INFO | ----------------------------------------
2026-03-28 09:18:34 | debug_robo_cima | INFO | ℹ️ 🔄 Verificando se pilar especial está ativo...
2026-03-28 09:18:34 | debug_robo_cima | INFO | ℹ️ 🔄 Status do checkbox pilar_rotacionado_var: False
2026-03-28 09:18:34 | debug_robo_cima | INFO | ℹ️ 🔄 Status do checkbox pilar_especial_ativo_var: False
2026-03-28 09:18:34 | debug_robo_cima | INFO | ℹ️ Pilar especial INATIVO - pilar_rotacionado: False, pilar_especial: False, globais: False, tipo: ''
2026-03-28 09:18:34 | debug_robo_cima | INFO | 
----------------------------------------
2026-03-28 09:18:34 | debug_robo_cima | INFO | 📌 VERIFICAÇÃO DE PILAR ESPECIAL ATIVO
2026-03-28 09:18:34 | debug_robo_cima | INFO | ----------------------------------------
2026-03-28 09:18:34 | debug_robo_cima | INFO | ℹ️ 🔄 Verificando se pilar especial está ativo...
2026-03-28 09:18:34 | debug_robo_cima | INFO | ℹ️ 🔄 Status do checkbox pilar_rotacionado_var: False
2026-03-28 09:18:34 | debug_robo_cima | INFO | ℹ️ 🔄 Status do checkbox pilar_especial_ativo_var: False
2026-03-28 09:18:34 | debug_robo_cima | INFO | ℹ️ Pilar especial INATIVO - pilar_rotacionado: False, pilar_especial: False, globais: False, tipo: ''
2026-03-28 09:18:34 | debug_robo_cima | INFO | 
----------------------------------------
2026-03-28 09:18:34 | debug_robo_cima | INFO | 📌 VERIFICAÇÃO DE PILAR ESPECIAL ATIVO
2026-03-28 09:18:34 | debug_robo_cima | INFO | ----------------------------------------
2026-03-28 09:18:34 | debug_robo_cima | INFO | ℹ️ 🔄 Verificando se pilar especial está ativo...
2026-03-28 09:18:34 | debug_robo_cima | INFO | ℹ️ 🔄 Status do checkbox pilar_rotacionado_var: False
2026-03-28 09:18:34 | debug_robo_cima | INFO | ℹ️ 🔄 Status do checkbox pilar_especial_ativo_var: False
2026-03-28 09:18:34 | debug_robo_cima | INFO | ℹ️ Pilar especial INATIVO - pilar_rotacionado: False, pilar_especial: False, globais: False, tipo: ''
2026-03-28 09:18:34 | debug_robo_cima | INFO | 
----------------------------------------
2026-03-28 09:18:34 | debug_robo_cima | INFO | 📌 VERIFICAÇÃO DE PILAR ESPECIAL ATIVO
2026-03-28 09:18:34 | debug_robo_cima | INFO | ----------------------------------------
2026-03-28 09:18:34 | debug_robo_cima | INFO | ℹ️ 🔄 Verificando se pilar especial está ativo...
2026-03-28 09:18:34 | debug_robo_cima | INFO | ℹ️ 🔄 Status do checkbox pilar_rotacionado_var: False
2026-03-28 09:18:34 | debug_robo_cima | INFO | ℹ️ 🔄 Status do checkbox pilar_especial_ativo_var: False
2026-03-28 09:18:34 | debug_robo_cima | INFO | ℹ️ Pilar especial INATIVO - pilar_rotacionado: False, pilar_especial: False, globais: False, tipo: ''
2026-03-28 09:18:34 | debug_robo_cima | INFO | 
----------------------------------------
2026-03-28 09:18:34 | debug_robo_cima | INFO | 📌 VERIFICAÇÃO DE PILAR ESPECIAL ATIVO
2026-03-28 09:18:34 | debug_robo_cima | INFO | ----------------------------------------
2026-03-28 09:18:34 | debug_robo_cima | INFO | ℹ️ 🔄 Verificando se pilar especial está ativo...
2026-03-28 09:18:34 | debug_robo_cima | INFO | ℹ️ 🔄 Status do checkbox pilar_rotacionado_var: False
2026-03-28 09:18:34 | debug_robo_cima | INFO | ℹ️ 🔄 Status do checkbox pilar_especial_ativo_var: False
2026-03-28 09:18:34 | debug_robo_cima | INFO | ℹ️ Pilar especial INATIVO - pilar_rotacionado: False, pilar_especial: False, globais: False, tipo: ''
2026-03-28 09:18:34 | debug_robo_cima | INFO | 
----------------------------------------
2026-03-28 09:18:34 | debug_robo_cima | INFO | 📌 VERIFICAÇÃO DE PILAR ESPECIAL ATIVO
2026-03-28 09:18:34 | debug_robo_cima | INFO | ----------------------------------------
2026-03-28 09:18:34 | debug_robo_cima | INFO | ℹ️ 🔄 Verificando se pilar especial está ativo...
2026-03-28 09:18:34 | debug_robo_cima | INFO | ℹ️ 🔄 Status do checkbox pilar_rotacionado_var: False
2026-03-28 09:18:34 | debug_robo_cima | INFO | ℹ️ 🔄 Status do checkbox pilar_especial_ativo_var: False
2026-03-28 09:18:34 | debug_robo_cima | INFO | ℹ️ Pilar especial INATIVO - pilar_rotacionado: False, pilar_especial: False, globais: False, tipo: ''
2026-03-28 09:18:34 | debug_robo_cima | INFO | 
----------------------------------------
2026-03-28 09:18:34 | debug_robo_cima | INFO | 📌 VERIFICAÇÃO DE PILAR ESPECIAL ATIVO
2026-03-28 09:18:34 | debug_robo_cima | INFO | ----------------------------------------
2026-03-28 09:18:34 | debug_robo_cima | INFO | ℹ️ 🔄 Verificando se pilar especial está ativo...
2026-03-28 09:18:34 | debug_robo_cima | INFO | ℹ️ 🔄 Status do checkbox pilar_rotacionado_var: False
2026-03-28 09:18:34 | debug_robo_cima | INFO | ℹ️ 🔄 Status do checkbox pilar_especial_ativo_var: False
2026-03-28 09:18:34 | debug_robo_cima | INFO | ℹ️ Pilar especial INATIVO - pilar_rotacionado: False, pilar_especial: False, globais: False, tipo: ''
2026-03-28 09:18:34 | debug_robo_cima | INFO | 
----------------------------------------
2026-03-28 09:18:34 | debug_robo_cima | INFO | 📌 VERIFICAÇÃO DE PILAR ESPECIAL ATIVO
2026-03-28 09:18:34 | debug_robo_cima | INFO | ----------------------------------------
2026-03-28 09:18:34 | debug_robo_cima | INFO | ℹ️ 🔄 Verificando se pilar especial está ativo...
2026-03-28 09:18:34 | debug_robo_cima | INFO | ℹ️ 🔄 Status do checkbox pilar_rotacionado_var: False
2026-03-28 09:18:34 | debug_robo_cima | INFO | ℹ️ 🔄 Status do checkbox pilar_especial_ativo_var: False
2026-03-28 09:18:34 | debug_robo_cima | INFO | ℹ️ Pilar especial INATIVO - pilar_rotacionado: False, pilar_especial: False, globais: False, tipo: ''
2026-03-28 09:18:34 | debug_robo_cima | INFO | 
----------------------------------------
2026-03-28 09:18:34 | debug_robo_cima | INFO | 📌 VERIFICAÇÃO DE PILAR ESPECIAL ATIVO
2026-03-28 09:18:34 | debug_robo_cima | INFO | ----------------------------------------
2026-03-28 09:18:34 | debug_robo_cima | INFO | ℹ️ 🔄 Verificando se pilar especial está ativo...
2026-03-28 09:18:34 | debug_robo_cima | INFO | ℹ️ 🔄 Status do checkbox pilar_rotacionado_var: False
2026-03-28 09:18:34 | debug_robo_cima | INFO | ℹ️ 🔄 Status do checkbox pilar_especial_ativo_var: False
2026-03-28 09:18:34 | debug_robo_cima | INFO | ℹ️ Pilar especial INATIVO - pilar_rotacionado: False, pilar_especial: False, globais: False, tipo: ''
2026-03-28 09:18:34 | debug_robo_cima | INFO | 
----------------------------------------
2026-03-28 09:18:34 | debug_robo_cima | INFO | 📌 VERIFICAÇÃO DE PILAR ESPECIAL ATIVO
2026-03-28 09:18:34 | debug_robo_cima | INFO | ----------------------------------------
2026-03-28 09:18:34 | debug_robo_cima | INFO | ℹ️ 🔄 Verificando se pilar especial está ativo...
2026-03-28 09:18:34 | debug_robo_cima | INFO | ℹ️ 🔄 Status do checkbox pilar_rotacionado_var: False
2026-03-28 09:18:34 | debug_robo_cima | INFO | ℹ️ 🔄 Status do checkbox pilar_especial_ativo_var: False
2026-03-28 09:18:34 | debug_robo_cima | INFO | ℹ️ Pilar especial INATIVO - pilar_rotacionado: False, pilar_especial: False, globais: False, tipo: ''
2026-03-28 09:18:34 | debug_robo_cima | INFO | 
----------------------------------------
2026-03-28 09:18:34 | debug_robo_cima | INFO | 📌 VERIFICAÇÃO DE PILAR ESPECIAL ATIVO
2026-03-28 09:18:34 | debug_robo_cima | INFO | ----------------------------------------
2026-03-28 09:18:34 | debug_robo_cima | INFO | ℹ️ 🔄 Verificando se pilar especial está ativo...
2026-03-28 09:18:34 | debug_robo_cima | INFO | ℹ️ 🔄 Status do checkbox pilar_rotacionado_var: False
2026-03-28 09:18:34 | debug_robo_cima | INFO | ℹ️ 🔄 Status do checkbox pilar_especial_ativo_var: False
2026-03-28 09:18:34 | debug_robo_cima | INFO | ℹ️ Pilar especial INATIVO - pilar_rotacionado: False, pilar_especial: False, globais: False, tipo: ''
2026-03-28 09:18:34 | debug_robo_cima | INFO | 
----------------------------------------
2026-03-28 09:18:34 | debug_robo_cima | INFO | 📌 VERIFICAÇÃO DE PILAR ESPECIAL ATIVO
2026-03-28 09:18:34 | debug_robo_cima | INFO | ----------------------------------------
2026-03-28 09:18:34 | debug_robo_cima | INFO | ℹ️ 🔄 Verificando se pilar especial está ativo...
2026-03-28 09:18:34 | debug_robo_cima | INFO | ℹ️ 🔄 Status do checkbox pilar_rotacionado_var: False
2026-03-28 09:18:34 | debug_robo_cima | INFO | ℹ️ 🔄 Status do checkbox pilar_especial_ativo_var: False
2026-03-28 09:18:34 | debug_robo_cima | INFO | ℹ️ Pilar especial INATIVO - pilar_rotacionado: False, pilar_especial: False, globais: False, tipo: ''
2026-03-28 09:18:34 | debug_robo_cima | INFO | 
----------------------------------------
2026-03-28 09:18:34 | debug_robo_cima | INFO | 📌 VERIFICAÇÃO DE PILAR ESPECIAL ATIVO
2026-03-28 09:18:34 | debug_robo_cima | INFO | ----------------------------------------
2026-03-28 09:18:34 | debug_robo_cima | INFO | ℹ️ 🔄 Verificando se pilar especial está ativo...
2026-03-28 09:18:34 | debug_robo_cima | INFO | ℹ️ 🔄 Status do checkbox pilar_rotacionado_var: False
2026-03-28 09:18:34 | debug_robo_cima | INFO | ℹ️ 🔄 Status do checkbox pilar_especial_ativo_var: False
2026-03-28 09:18:34 | debug_robo_cima | INFO | ℹ️ Pilar especial INATIVO - pilar_rotacionado: False, pilar_especial: False, globais: False, tipo: ''
2026-03-28 09:18:34 | debug_robo_cima | INFO | 
----------------------------------------
2026-03-28 09:18:34 | debug_robo_cima | INFO | 📌 VERIFICAÇÃO DE PILAR ESPECIAL ATIVO
2026-03-28 09:18:34 | debug_robo_cima | INFO | ----------------------------------------
2026-03-28 09:18:34 | debug_robo_cima | INFO | ℹ️ 🔄 Verificando se pilar especial está ativo...
2026-03-28 09:18:34 | debug_robo_cima | INFO | ℹ️ 🔄 Status do checkbox pilar_rotacionado_var: False
2026-03-28 09:18:34 | debug_robo_cima | INFO | ℹ️ 🔄 Status do checkbox pilar_especial_ativo_var: False
2026-03-28 09:18:34 | debug_robo_cima | INFO | ℹ️ Pilar especial INATIVO - pilar_rotacionado: False, pilar_especial: False, globais: False, tipo: ''
2026-03-28 09:18:34 | debug_robo_cima | INFO | 
----------------------------------------
2026-03-28 09:18:34 | debug_robo_cima | INFO | 📌 VERIFICAÇÃO DE PILAR ESPECIAL ATIVO
2026-03-28 09:18:34 | debug_robo_cima | INFO | ----------------------------------------
2026-03-28 09:18:34 | debug_robo_cima | INFO | ℹ️ 🔄 Verificando se pilar especial está ativo...
2026-03-28 09:18:34 | debug_robo_cima | INFO | ℹ️ 🔄 Status do checkbox pilar_rotacionado_var: False
2026-03-28 09:18:34 | debug_robo_cima | INFO | ℹ️ 🔄 Status do checkbox pilar_especial_ativo_var: False
2026-03-28 09:18:34 | debug_robo_cima | INFO | ℹ️ Pilar especial INATIVO - pilar_rotacionado: False, pilar_especial: False, globais: False, tipo: ''
2026-03-28 09:18:34 | debug_robo_cima | INFO | 
----------------------------------------
2026-03-28 09:18:34 | debug_robo_cima | INFO | 📌 VERIFICAÇÃO DE PILAR ESPECIAL ATIVO
2026-03-28 09:18:34 | debug_robo_cima | INFO | ----------------------------------------
2026-03-28 09:18:34 | debug_robo_cima | INFO | ℹ️ 🔄 Verificando se pilar especial está ativo...
2026-03-28 09:18:34 | debug_robo_cima | INFO | ℹ️ 🔄 Status do checkbox pilar_rotacionado_var: False
2026-03-28 09:18:34 | debug_robo_cima | INFO | ℹ️ 🔄 Status do checkbox pilar_especial_ativo_var: False
2026-03-28 09:18:34 | debug_robo_cima | INFO | ℹ️ Pilar especial INATIVO - pilar_rotacionado: False, pilar_especial: False, globais: False, tipo: ''
2026-03-28 09:18:34 | debug_robo_cima | INFO | 
----------------------------------------
2026-03-28 09:18:34 | debug_robo_cima | INFO | 📌 VERIFICAÇÃO DE PILAR ESPECIAL ATIVO
2026-03-28 09:18:34 | debug_robo_cima | INFO | ----------------------------------------
2026-03-28 09:18:34 | debug_robo_cima | INFO | ℹ️ 🔄 Verificando se pilar especial está ativo...
2026-03-28 09:18:34 | debug_robo_cima | INFO | ℹ️ 🔄 Status do checkbox pilar_rotacionado_var: False
2026-03-28 09:18:34 | debug_robo_cima | INFO | ℹ️ 🔄 Status do checkbox pilar_especial_ativo_var: False
2026-03-28 09:18:34 | debug_robo_cima | INFO | ℹ️ Pilar especial INATIVO - pilar_rotacionado: False, pilar_especial: False, globais: False, tipo: ''
2026-03-28 09:18:34 | debug_robo_cima | INFO | 
----------------------------------------
2026-03-28 09:18:34 | debug_robo_cima | INFO | 📌 VERIFICAÇÃO DE PILAR ESPECIAL ATIVO
2026-03-28 09:18:34 | debug_robo_cima | INFO | ----------------------------------------
2026-03-28 09:18:34 | debug_robo_cima | INFO | ℹ️ 🔄 Verificando se pilar especial está ativo...
2026-03-28 09:18:34 | debug_robo_cima | INFO | ℹ️ 🔄 Status do checkbox pilar_rotacionado_var: False
2026-03-28 09:18:34 | debug_robo_cima | INFO | ℹ️ 🔄 Status do checkbox pilar_especial_ativo_var: False
2026-03-28 09:18:34 | debug_robo_cima | INFO | ℹ️ Pilar especial INATIVO - pilar_rotacionado: False, pilar_especial: False, globais: False, tipo: ''
2026-03-28 09:18:34 | debug_robo_cima | INFO | 
----------------------------------------
2026-03-28 09:18:34 | debug_robo_cima | INFO | 📌 VERIFICAÇÃO DE PILAR ESPECIAL ATIVO
2026-03-28 09:18:34 | debug_robo_cima | INFO | ----------------------------------------
2026-03-28 09:18:34 | debug_robo_cima | INFO | ℹ️ 🔄 Verificando se pilar especial está ativo...
2026-03-28 09:18:34 | debug_robo_cima | INFO | ℹ️ 🔄 Status do checkbox pilar_rotacionado_var: False
2026-03-28 09:18:34 | debug_robo_cima | INFO | ℹ️ 🔄 Status do checkbox pilar_especial_ativo_var: False
2026-03-28 09:18:34 | debug_robo_cima | INFO | ℹ️ Pilar especial INATIVO - pilar_rotacionado: False, pilar_especial: False, globais: False, tipo: ''
2026-03-28 09:18:34 | debug_robo_cima | INFO | 
----------------------------------------
2026-03-28 09:18:34 | debug_robo_cima | INFO | 📌 VERIFICAÇÃO DE PILAR ESPECIAL ATIVO
2026-03-28 09:18:34 | debug_robo_cima | INFO | ----------------------------------------
2026-03-28 09:18:34 | debug_robo_cima | INFO | ℹ️ 🔄 Verificando se pilar especial está ativo...
2026-03-28 09:18:34 | debug_robo_cima | INFO | ℹ️ 🔄 Status do checkbox pilar_rotacionado_var: False
2026-03-28 09:18:34 | debug_robo_cima | INFO | ℹ️ 🔄 Status do checkbox pilar_especial_ativo_var: False
2026-03-28 09:18:34 | debug_robo_cima | INFO | ℹ️ Pilar especial INATIVO - pilar_rotacionado: False, pilar_especial: False, globais: False, tipo: ''
2026-03-28 09:18:34 | debug_robo_cima | INFO | 
----------------------------------------
2026-03-28 09:18:34 | debug_robo_cima | INFO | 📌 VERIFICAÇÃO DE PILAR ESPECIAL ATIVO
2026-03-28 09:18:34 | debug_robo_cima | INFO | ----------------------------------------
2026-03-28 09:18:34 | debug_robo_cima | INFO | ℹ️ 🔄 Verificando se pilar especial está ativo...
2026-03-28 09:18:34 | debug_robo_cima | INFO | ℹ️ 🔄 Status do checkbox pilar_rotacionado_var: False
2026-03-28 09:18:34 | debug_robo_cima | INFO | ℹ️ 🔄 Status do checkbox pilar_especial_ativo_var: False
2026-03-28 09:18:34 | debug_robo_cima | INFO | ℹ️ Pilar especial INATIVO - pilar_rotacionado: False, pilar_especial: False, globais: False, tipo: ''
2026-03-28 09:18:34 | debug_robo_cima | INFO | 
----------------------------------------
2026-03-28 09:18:34 | debug_robo_cima | INFO | 📌 VERIFICAÇÃO DE PILAR ESPECIAL ATIVO
2026-03-28 09:18:34 | debug_robo_cima | INFO | ----------------------------------------
2026-03-28 09:18:34 | debug_robo_cima | INFO | ℹ️ 🔄 Verificando se pilar especial está ativo...
2026-03-28 09:18:34 | debug_robo_cima | INFO | ℹ️ 🔄 Status do checkbox pilar_rotacionado_var: False
2026-03-28 09:18:34 | debug_robo_cima | INFO | ℹ️ 🔄 Status do checkbox pilar_especial_ativo_var: False
2026-03-28 09:18:34 | debug_robo_cima | INFO | ℹ️ Pilar especial INATIVO - pilar_rotacionado: False, pilar_especial: False, globais: False, tipo: ''
2026-03-28 09:18:34 | debug_robo_cima | INFO | 
----------------------------------------
2026-03-28 09:18:34 | debug_robo_cima | INFO | 📌 VERIFICAÇÃO DE PILAR ESPECIAL ATIVO
2026-03-28 09:18:34 | debug_robo_cima | INFO | ----------------------------------------
2026-03-28 09:18:34 | debug_robo_cima | INFO | ℹ️ 🔄 Verificando se pilar especial está ativo...
2026-03-28 09:18:34 | debug_robo_cima | INFO | ℹ️ 🔄 Status do checkbox pilar_rotacionado_var: False
2026-03-28 09:18:34 | debug_robo_cima | INFO | ℹ️ 🔄 Status do checkbox pilar_especial_ativo_var: False
2026-03-28 09:18:34 | debug_robo_cima | INFO | ℹ️ Pilar especial INATIVO - pilar_rotacionado: False, pilar_especial: False, globais: False, tipo: ''
2026-03-28 09:18:34 | debug_robo_cima | INFO | 
----------------------------------------
2026-03-28 09:18:34 | debug_robo_cima | INFO | 📌 VERIFICAÇÃO DE PILAR ESPECIAL ATIVO
2026-03-28 09:18:34 | debug_robo_cima | INFO | ----------------------------------------
2026-03-28 09:18:34 | debug_robo_cima | INFO | ℹ️ 🔄 Verificando se pilar especial está ativo...
2026-03-28 09:18:34 | debug_robo_cima | INFO | ℹ️ 🔄 Status do checkbox pilar_rotacionado_var: False
2026-03-28 09:18:34 | debug_robo_cima | INFO | ℹ️ 🔄 Status do checkbox pilar_especial_ativo_var: False
2026-03-28 09:18:34 | debug_robo_cima | INFO | ℹ️ Pilar especial INATIVO - pilar_rotacionado: False, pilar_especial: False, globais: False, tipo: ''
2026-03-28 09:18:34 | debug_robo_cima | INFO | 
----------------------------------------
2026-03-28 09:18:34 | debug_robo_cima | INFO | 📌 VERIFICAÇÃO DE PILAR ESPECIAL ATIVO
2026-03-28 09:18:34 | debug_robo_cima | INFO | ----------------------------------------
2026-03-28 09:18:34 | debug_robo_cima | INFO | ℹ️ 🔄 Verificando se pilar especial está ativo...
2026-03-28 09:18:34 | debug_robo_cima | INFO | ℹ️ 🔄 Status do checkbox pilar_rotacionado_var: False
2026-03-28 09:18:34 | debug_robo_cima | INFO | ℹ️ 🔄 Status do checkbox pilar_especial_ativo_var: False
2026-03-28 09:18:34 | debug_robo_cima | INFO | ℹ️ Pilar especial INATIVO - pilar_rotacionado: False, pilar_especial: False, globais: False, tipo: ''
2026-03-28 09:18:34 | debug_robo_cima | INFO | 
----------------------------------------
2026-03-28 09:18:34 | debug_robo_cima | INFO | 📌 VERIFICAÇÃO DE PILAR ESPECIAL ATIVO
2026-03-28 09:18:34 | debug_robo_cima | INFO | ----------------------------------------
2026-03-28 09:18:34 | debug_robo_cima | INFO | ℹ️ 🔄 Verificando se pilar especial está ativo...
2026-03-28 09:18:34 | debug_robo_cima | INFO | ℹ️ 🔄 Status do checkbox pilar_rotacionado_var: False
2026-03-28 09:18:34 | debug_robo_cima | INFO | ℹ️ 🔄 Status do checkbox pilar_especial_ativo_var: False
2026-03-28 09:18:34 | debug_robo_cima | INFO | ℹ️ Pilar especial INATIVO - pilar_rotacionado: False, pilar_especial: False, globais: False, tipo: ''
2026-03-28 09:18:34 | debug_robo_cima | INFO | 
----------------------------------------
2026-03-28 09:18:34 | debug_robo_cima | INFO | 📌 VERIFICAÇÃO DE PILAR ESPECIAL ATIVO
2026-03-28 09:18:34 | debug_robo_cima | INFO | ----------------------------------------
2026-03-28 09:18:34 | debug_robo_cima | INFO | ℹ️ 🔄 Verificando se pilar especial está ativo...
2026-03-28 09:18:34 | debug_robo_cima | INFO | ℹ️ 🔄 Status do checkbox pilar_rotacionado_var: False
2026-03-28 09:18:34 | debug_robo_cima | INFO | ℹ️ 🔄 Status do checkbox pilar_especial_ativo_var: False
2026-03-28 09:18:34 | debug_robo_cima | INFO | ℹ️ Pilar especial INATIVO - pilar_rotacionado: False, pilar_especial: False, globais: False, tipo: ''
2026-03-28 09:18:34 | debug_robo_cima | INFO | 
----------------------------------------
2026-03-28 09:18:34 | debug_robo_cima | INFO | 📌 VERIFICAÇÃO DE PILAR ESPECIAL ATIVO
2026-03-28 09:18:34 | debug_robo_cima | INFO | ----------------------------------------
2026-03-28 09:18:34 | debug_robo_cima | INFO | ℹ️ 🔄 Verificando se pilar especial está ativo...
2026-03-28 09:18:34 | debug_robo_cima | INFO | ℹ️ 🔄 Status do checkbox pilar_rotacionado_var: False
2026-03-28 09:18:34 | debug_robo_cima | INFO | ℹ️ 🔄 Status do checkbox pilar_especial_ativo_var: False
2026-03-28 09:18:34 | debug_robo_cima | INFO | ℹ️ Pilar especial INATIVO - pilar_rotacionado: False, pilar_especial: False, globais: False, tipo: ''
2026-03-28 09:18:34 | debug_robo_cima | INFO | 
----------------------------------------
2026-03-28 09:18:34 | debug_robo_cima | INFO | 📌 VERIFICAÇÃO DE PILAR ESPECIAL ATIVO
2026-03-28 09:18:34 | debug_robo_cima | INFO | ----------------------------------------
2026-03-28 09:18:34 | debug_robo_cima | INFO | ℹ️ 🔄 Verificando se pilar especial está ativo...
2026-03-28 09:18:34 | debug_robo_cima | INFO | ℹ️ 🔄 Status do checkbox pilar_rotacionado_var: False
2026-03-28 09:18:34 | debug_robo_cima | INFO | ℹ️ 🔄 Status do checkbox pilar_especial_ativo_var: False
2026-03-28 09:18:34 | debug_robo_cima | INFO | ℹ️ Pilar especial INATIVO - pilar_rotacionado: False, pilar_especial: False, globais: False, tipo: ''
2026-03-28 09:18:34 | debug_robo_cima | INFO | 
----------------------------------------
2026-03-28 09:18:34 | debug_robo_cima | INFO | 📌 VERIFICAÇÃO DE PILAR ESPECIAL ATIVO
2026-03-28 09:18:34 | debug_robo_cima | INFO | ----------------------------------------
2026-03-28 09:18:34 | debug_robo_cima | INFO | ℹ️ 🔄 Verificando se pilar especial está ativo...
2026-03-28 09:18:34 | debug_robo_cima | INFO | ℹ️ 🔄 Status do checkbox pilar_rotacionado_var: False
2026-03-28 09:18:34 | debug_robo_cima | INFO | ℹ️ 🔄 Status do checkbox pilar_especial_ativo_var: False
2026-03-28 09:18:34 | debug_robo_cima | INFO | ℹ️ Pilar especial INATIVO - pilar_rotacionado: False, pilar_especial: False, globais: False, tipo: ''
2026-03-28 09:18:34 | debug_robo_cima | INFO | 
----------------------------------------
2026-03-28 09:18:34 | debug_robo_cima | INFO | 📌 VERIFICAÇÃO DE PILAR ESPECIAL ATIVO
2026-03-28 09:18:34 | debug_robo_cima | INFO | ----------------------------------------
2026-03-28 09:18:34 | debug_robo_cima | INFO | ℹ️ 🔄 Verificando se pilar especial está ativo...
2026-03-28 09:18:34 | debug_robo_cima | INFO | ℹ️ 🔄 Status do checkbox pilar_rotacionado_var: False
2026-03-28 09:18:34 | debug_robo_cima | INFO | ℹ️ 🔄 Status do checkbox pilar_especial_ativo_var: False
2026-03-28 09:18:34 | debug_robo_cima | INFO | ℹ️ Pilar especial INATIVO - pilar_rotacionado: False, pilar_especial: False, globais: False, tipo: ''
2026-03-28 09:18:34 | debug_robo_cima | INFO | 
----------------------------------------
2026-03-28 09:18:34 | debug_robo_cima | INFO | 📌 VERIFICAÇÃO DE PILAR ESPECIAL ATIVO
2026-03-28 09:18:34 | debug_robo_cima | INFO | ----------------------------------------
2026-03-28 09:18:34 | debug_robo_cima | INFO | ℹ️ 🔄 Verificando se pilar especial está ativo...
2026-03-28 09:18:34 | debug_robo_cima | INFO | ℹ️ 🔄 Status do checkbox pilar_rotacionado_var: False
2026-03-28 09:18:34 | debug_robo_cima | INFO | ℹ️ 🔄 Status do checkbox pilar_especial_ativo_var: False
2026-03-28 09:18:34 | debug_robo_cima | INFO | ℹ️ Pilar especial INATIVO - pilar_rotacionado: False, pilar_especial: False, globais: False, tipo: ''
2026-03-28 09:18:34 | debug_robo_cima | INFO | 
----------------------------------------
2026-03-28 09:18:34 | debug_robo_cima | INFO | 📌 VERIFICAÇÃO DE PILAR ESPECIAL ATIVO
2026-03-28 09:18:34 | debug_robo_cima | INFO | ----------------------------------------
2026-03-28 09:18:34 | debug_robo_cima | INFO | ℹ️ 🔄 Verificando se pilar especial está ativo...
2026-03-28 09:18:34 | debug_robo_cima | INFO | ℹ️ 🔄 Status do checkbox pilar_rotacionado_var: False
2026-03-28 09:18:34 | debug_robo_cima | INFO | ℹ️ 🔄 Status do checkbox pilar_especial_ativo_var: False
2026-03-28 09:18:34 | debug_robo_cima | INFO | ℹ️ Pilar especial INATIVO - pilar_rotacionado: False, pilar_especial: False, globais: False, tipo: ''
2026-03-28 09:18:34 | debug_robo_cima | INFO | 
----------------------------------------
2026-03-28 09:18:34 | debug_robo_cima | INFO | 📌 VERIFICAÇÃO DE PILAR ESPECIAL ATIVO
2026-03-28 09:18:34 | debug_robo_cima | INFO | ----------------------------------------
2026-03-28 09:18:34 | debug_robo_cima | INFO | ℹ️ 🔄 Verificando se pilar especial está ativo...
2026-03-28 09:18:34 | debug_robo_cima | INFO | ℹ️ 🔄 Status do checkbox pilar_rotacionado_var: False
2026-03-28 09:18:34 | debug_robo_cima | INFO | ℹ️ 🔄 Status do checkbox pilar_especial_ativo_var: False
2026-03-28 09:18:34 | debug_robo_cima | INFO | ℹ️ Pilar especial INATIVO - pilar_rotacionado: False, pilar_especial: False, globais: False, tipo: ''
2026-03-28 09:18:34 | debug_robo_cima | INFO | 
----------------------------------------
2026-03-28 09:18:34 | debug_robo_cima | INFO | 📌 VERIFICAÇÃO DE PILAR ESPECIAL ATIVO
2026-03-28 09:18:34 | debug_robo_cima | INFO | ----------------------------------------
2026-03-28 09:18:34 | debug_robo_cima | INFO | ℹ️ 🔄 Verificando se pilar especial está ativo...
2026-03-28 09:18:34 | debug_robo_cima | INFO | ℹ️ 🔄 Status do checkbox pilar_rotacionado_var: False
2026-03-28 09:18:34 | debug_robo_cima | INFO | ℹ️ 🔄 Status do checkbox pilar_especial_ativo_var: False
2026-03-28 09:18:34 | debug_robo_cima | INFO | ℹ️ Pilar especial INATIVO - pilar_rotacionado: False, pilar_especial: False, globais: False, tipo: ''
2026-03-28 09:18:34 | debug_robo_cima | INFO | 
----------------------------------------
2026-03-28 09:18:34 | debug_robo_cima | INFO | 📌 VERIFICAÇÃO DE PILAR ESPECIAL ATIVO
2026-03-28 09:18:34 | debug_robo_cima | INFO | ----------------------------------------
2026-03-28 09:18:34 | debug_robo_cima | INFO | ℹ️ 🔄 Verificando se pilar especial está ativo...
2026-03-28 09:18:34 | debug_robo_cima | INFO | ℹ️ 🔄 Status do checkbox pilar_rotacionado_var: False
2026-03-28 09:18:34 | debug_robo_cima | INFO | ℹ️ 🔄 Status do checkbox pilar_especial_ativo_var: False
2026-03-28 09:18:34 | debug_robo_cima | INFO | ℹ️ Pilar especial INATIVO - pilar_rotacionado: False, pilar_especial: False, globais: False, tipo: ''
2026-03-28 09:18:34 | debug_robo_cima | INFO | 
----------------------------------------
2026-03-28 09:18:34 | debug_robo_cima | INFO | 📌 VERIFICAÇÃO DE PILAR ESPECIAL ATIVO
2026-03-28 09:18:34 | debug_robo_cima | INFO | ----------------------------------------
2026-03-28 09:18:34 | debug_robo_cima | INFO | ℹ️ 🔄 Verificando se pilar especial está ativo...
2026-03-28 09:18:34 | debug_robo_cima | INFO | ℹ️ 🔄 Status do checkbox pilar_rotacionado_var: False
2026-03-28 09:18:34 | debug_robo_cima | INFO | ℹ️ 🔄 Status do checkbox pilar_especial_ativo_var: False
2026-03-28 09:18:34 | debug_robo_cima | INFO | ℹ️ Pilar especial INATIVO - pilar_rotacionado: False, pilar_especial: False, globais: False, tipo: ''
2026-03-28 09:18:34 | debug_robo_cima | INFO | 
----------------------------------------
2026-03-28 09:18:34 | debug_robo_cima | INFO | 📌 VERIFICAÇÃO DE PILAR ESPECIAL ATIVO
2026-03-28 09:18:34 | debug_robo_cima | INFO | ----------------------------------------
2026-03-28 09:18:34 | debug_robo_cima | INFO | ℹ️ 🔄 Verificando se pilar especial está ativo...
2026-03-28 09:18:34 | debug_robo_cima | INFO | ℹ️ 🔄 Status do checkbox pilar_rotacionado_var: False
2026-03-28 09:18:34 | debug_robo_cima | INFO | ℹ️ 🔄 Status do checkbox pilar_especial_ativo_var: False
2026-03-28 09:18:34 | debug_robo_cima | INFO | ℹ️ Pilar especial INATIVO - pilar_rotacionado: False, pilar_especial: False, globais: False, tipo: ''
2026-03-28 09:18:34 | debug_robo_cima | INFO | 
----------------------------------------
2026-03-28 09:18:34 | debug_robo_cima | INFO | 📌 VERIFICAÇÃO DE PILAR ESPECIAL ATIVO
2026-03-28 09:18:34 | debug_robo_cima | INFO | ----------------------------------------
2026-03-28 09:18:34 | debug_robo_cima | INFO | ℹ️ 🔄 Verificando se pilar especial está ativo...
2026-03-28 09:18:34 | debug_robo_cima | INFO | ℹ️ 🔄 Status do checkbox pilar_rotacionado_var: False
2026-03-28 09:18:34 | debug_robo_cima | INFO | ℹ️ 🔄 Status do checkbox pilar_especial_ativo_var: False
2026-03-28 09:18:34 | debug_robo_cima | INFO | ℹ️ Pilar especial INATIVO - pilar_rotacionado: False, pilar_especial: False, globais: False, tipo: ''
2026-03-28 09:18:34 | debug_robo_cima | INFO | 
----------------------------------------
2026-03-28 09:18:34 | debug_robo_cima | INFO | 📌 VERIFICAÇÃO DE PILAR ESPECIAL ATIVO
2026-03-28 09:18:34 | debug_robo_cima | INFO | ----------------------------------------
2026-03-28 09:18:34 | debug_robo_cima | INFO | ℹ️ 🔄 Verificando se pilar especial está ativo...
2026-03-28 09:18:34 | debug_robo_cima | INFO | ℹ️ 🔄 Status do checkbox pilar_rotacionado_var: False
2026-03-28 09:18:34 | debug_robo_cima | INFO | ℹ️ 🔄 Status do checkbox pilar_especial_ativo_var: False
2026-03-28 09:18:34 | debug_robo_cima | INFO | ℹ️ Pilar especial INATIVO - pilar_rotacionado: False, pilar_especial: False, globais: False, tipo: ''
2026-03-28 09:18:34 | debug_robo_cima | INFO | 
----------------------------------------
2026-03-28 09:18:34 | debug_robo_cima | INFO | 📌 VERIFICAÇÃO DE PILAR ESPECIAL ATIVO
2026-03-28 09:18:34 | debug_robo_cima | INFO | ----------------------------------------
2026-03-28 09:18:34 | debug_robo_cima | INFO | ℹ️ 🔄 Verificando se pilar especial está ativo...
2026-03-28 09:18:34 | debug_robo_cima | INFO | ℹ️ 🔄 Status do checkbox pilar_rotacionado_var: False
2026-03-28 09:18:34 | debug_robo_cima | INFO | ℹ️ 🔄 Status do checkbox pilar_especial_ativo_var: False
2026-03-28 09:18:34 | debug_robo_cima | INFO | ℹ️ Pilar especial INATIVO - pilar_rotacionado: False, pilar_especial: False, globais: False, tipo: ''
2026-03-28 09:18:34 | debug_robo_cima | INFO | 
----------------------------------------
2026-03-28 09:18:34 | debug_robo_cima | INFO | 📌 VERIFICAÇÃO DE PILAR ESPECIAL ATIVO
2026-03-28 09:18:34 | debug_robo_cima | INFO | ----------------------------------------
2026-03-28 09:18:34 | debug_robo_cima | INFO | ℹ️ 🔄 Verificando se pilar especial está ativo...
2026-03-28 09:18:34 | debug_robo_cima | INFO | ℹ️ 🔄 Status do checkbox pilar_rotacionado_var: False
2026-03-28 09:18:34 | debug_robo_cima | INFO | ℹ️ 🔄 Status do checkbox pilar_especial_ativo_var: False
2026-03-28 09:18:34 | debug_robo_cima | INFO | ℹ️ Pilar especial INATIVO - pilar_rotacionado: False, pilar_especial: False, globais: False, tipo: ''
2026-03-28 09:18:34 | debug_robo_cima | INFO | 
----------------------------------------
2026-03-28 09:18:34 | debug_robo_cima | INFO | 📌 VERIFICAÇÃO DE PILAR ESPECIAL ATIVO
2026-03-28 09:18:34 | debug_robo_cima | INFO | ----------------------------------------
2026-03-28 09:18:34 | debug_robo_cima | INFO | ℹ️ 🔄 Verificando se pilar especial está ativo...
2026-03-28 09:18:34 | debug_robo_cima | INFO | ℹ️ 🔄 Status do checkbox pilar_rotacionado_var: False
2026-03-28 09:18:34 | debug_robo_cima | INFO | ℹ️ 🔄 Status do checkbox pilar_especial_ativo_var: False
2026-03-28 09:18:34 | debug_robo_cima | INFO | ℹ️ Pilar especial INATIVO - pilar_rotacionado: False, pilar_especial: False, globais: False, tipo: ''
2026-03-28 09:18:34 | debug_robo_cima | INFO | 
----------------------------------------
2026-03-28 09:18:34 | debug_robo_cima | INFO | 📌 VERIFICAÇÃO DE PILAR ESPECIAL ATIVO
2026-03-28 09:18:34 | debug_robo_cima | INFO | ----------------------------------------
2026-03-28 09:18:34 | debug_robo_cima | INFO | ℹ️ 🔄 Verificando se pilar especial está ativo...
2026-03-28 09:18:34 | debug_robo_cima | INFO | ℹ️ 🔄 Status do checkbox pilar_rotacionado_var: False
2026-03-28 09:18:34 | debug_robo_cima | INFO | ℹ️ 🔄 Status do checkbox pilar_especial_ativo_var: False
2026-03-28 09:18:34 | debug_robo_cima | INFO | ℹ️ Pilar especial INATIVO - pilar_rotacionado: False, pilar_especial: False, globais: False, tipo: ''
2026-03-28 09:18:34 | debug_robo_cima | INFO | 
----------------------------------------
2026-03-28 09:18:34 | debug_robo_cima | INFO | 📌 VERIFICAÇÃO DE PILAR ESPECIAL ATIVO
2026-03-28 09:18:34 | debug_robo_cima | INFO | ----------------------------------------
2026-03-28 09:18:34 | debug_robo_cima | INFO | ℹ️ 🔄 Verificando se pilar especial está ativo...
2026-03-28 09:18:34 | debug_robo_cima | INFO | ℹ️ 🔄 Status do checkbox pilar_rotacionado_var: False
2026-03-28 09:18:34 | debug_robo_cima | INFO | ℹ️ 🔄 Status do checkbox pilar_especial_ativo_var: False
2026-03-28 09:18:34 | debug_robo_cima | INFO | ℹ️ Pilar especial INATIVO - pilar_rotacionado: False, pilar_especial: False, globais: False, tipo: ''
2026-03-28 09:18:34 | debug_robo_cima | INFO | 
----------------------------------------
2026-03-28 09:18:34 | debug_robo_cima | INFO | 📌 VERIFICAÇÃO DE PILAR ESPECIAL ATIVO
2026-03-28 09:18:34 | debug_robo_cima | INFO | ----------------------------------------
2026-03-28 09:18:34 | debug_robo_cima | INFO | ℹ️ 🔄 Verificando se pilar especial está ativo...
2026-03-28 09:18:34 | debug_robo_cima | INFO | ℹ️ 🔄 Status do checkbox pilar_rotacionado_var: False
2026-03-28 09:18:34 | debug_robo_cima | INFO | ℹ️ 🔄 Status do checkbox pilar_especial_ativo_var: False
2026-03-28 09:18:34 | debug_robo_cima | INFO | ℹ️ Pilar especial INATIVO - pilar_rotacionado: False, pilar_especial: False, globais: False, tipo: ''
2026-03-28 09:18:34 | debug_robo_cima | INFO | 
----------------------------------------
2026-03-28 09:18:34 | debug_robo_cima | INFO | 📌 VERIFICAÇÃO DE PILAR ESPECIAL ATIVO
2026-03-28 09:18:34 | debug_robo_cima | INFO | ----------------------------------------
2026-03-28 09:18:34 | debug_robo_cima | INFO | ℹ️ 🔄 Verificando se pilar especial está ativo...
2026-03-28 09:18:34 | debug_robo_cima | INFO | ℹ️ 🔄 Status do checkbox pilar_rotacionado_var: False
2026-03-28 09:18:34 | debug_robo_cima | INFO | ℹ️ 🔄 Status do checkbox pilar_especial_ativo_var: False
2026-03-28 09:18:34 | debug_robo_cima | INFO | ℹ️ Pilar especial INATIVO - pilar_rotacionado: False, pilar_especial: False, globais: False, tipo: ''
2026-03-28 09:18:35 | debug_robo_cima | INFO | 
----------------------------------------
2026-03-28 09:18:35 | debug_robo_cima | INFO | 📌 VERIFICAÇÃO DE PILAR ESPECIAL ATIVO
2026-03-28 09:18:35 | debug_robo_cima | INFO | ----------------------------------------
2026-03-28 09:18:35 | debug_robo_cima | INFO | ℹ️ 🔄 Verificando se pilar especial está ativo...
2026-03-28 09:18:35 | debug_robo_cima | INFO | ℹ️ 🔄 Status do checkbox pilar_rotacionado_var: False
2026-03-28 09:18:35 | debug_robo_cima | INFO | ℹ️ 🔄 Status do checkbox pilar_especial_ativo_var: False
2026-03-28 09:18:35 | debug_robo_cima | INFO | ℹ️ Pilar especial INATIVO - pilar_rotacionado: False, pilar_especial: False, globais: False, tipo: ''
2026-03-28 09:18:35 | debug_robo_cima | INFO | 
----------------------------------------
2026-03-28 09:18:35 | debug_robo_cima | INFO | 📌 VERIFICAÇÃO DE PILAR ESPECIAL ATIVO
2026-03-28 09:18:35 | debug_robo_cima | INFO | ----------------------------------------
2026-03-28 09:18:35 | debug_robo_cima | INFO | ℹ️ 🔄 Verificando se pilar especial está ativo...
2026-03-28 09:18:35 | debug_robo_cima | INFO | ℹ️ 🔄 Status do checkbox pilar_rotacionado_var: False
2026-03-28 09:18:35 | debug_robo_cima | INFO | ℹ️ 🔄 Status do checkbox pilar_especial_ativo_var: False
2026-03-28 09:18:35 | debug_robo_cima | INFO | ℹ️ Pilar especial INATIVO - pilar_rotacionado: False, pilar_especial: False, globais: False, tipo: ''
2026-03-28 09:18:35 | debug_robo_cima | INFO | 
----------------------------------------
2026-03-28 09:18:35 | debug_robo_cima | INFO | 📌 VERIFICAÇÃO DE PILAR ESPECIAL ATIVO
2026-03-28 09:18:35 | debug_robo_cima | INFO | ----------------------------------------
2026-03-28 09:18:35 | debug_robo_cima | INFO | ℹ️ 🔄 Verificando se pilar especial está ativo...
2026-03-28 09:18:35 | debug_robo_cima | INFO | ℹ️ 🔄 Status do checkbox pilar_rotacionado_var: False
2026-03-28 09:18:35 | debug_robo_cima | INFO | ℹ️ 🔄 Status do checkbox pilar_especial_ativo_var: False
2026-03-28 09:18:35 | debug_robo_cima | INFO | ℹ️ Pilar especial INATIVO - pilar_rotacionado: False, pilar_especial: False, globais: False, tipo: ''
2026-03-28 09:18:35 | debug_robo_cima | INFO | 
----------------------------------------
2026-03-28 09:18:35 | debug_robo_cima | INFO | 📌 VERIFICAÇÃO DE PILAR ESPECIAL ATIVO
2026-03-28 09:18:35 | debug_robo_cima | INFO | ----------------------------------------
2026-03-28 09:18:35 | debug_robo_cima | INFO | ℹ️ 🔄 Verificando se pilar especial está ativo...
2026-03-28 09:18:35 | debug_robo_cima | INFO | ℹ️ 🔄 Status do checkbox pilar_rotacionado_var: False
2026-03-28 09:18:35 | debug_robo_cima | INFO | ℹ️ 🔄 Status do checkbox pilar_especial_ativo_var: False
2026-03-28 09:18:35 | debug_robo_cima | INFO | ℹ️ Pilar especial INATIVO - pilar_rotacionado: False, pilar_especial: False, globais: False, tipo: ''
2026-03-28 09:18:35 | debug_robo_cima | INFO | 
----------------------------------------
2026-03-28 09:18:35 | debug_robo_cima | INFO | 📌 VERIFICAÇÃO DE PILAR ESPECIAL ATIVO
2026-03-28 09:18:35 | debug_robo_cima | INFO | ----------------------------------------
2026-03-28 09:18:35 | debug_robo_cima | INFO | ℹ️ 🔄 Verificando se pilar especial está ativo...
2026-03-28 09:18:35 | debug_robo_cima | INFO | ℹ️ 🔄 Status do checkbox pilar_rotacionado_var: False
2026-03-28 09:18:35 | debug_robo_cima | INFO | ℹ️ 🔄 Status do checkbox pilar_especial_ativo_var: False
2026-03-28 09:18:35 | debug_robo_cima | INFO | ℹ️ Pilar especial INATIVO - pilar_rotacionado: False, pilar_especial: False, globais: False, tipo: ''
2026-03-28 09:18:35 | debug_robo_cima | INFO | 
----------------------------------------
2026-03-28 09:18:35 | debug_robo_cima | INFO | 📌 VERIFICAÇÃO DE PILAR ESPECIAL ATIVO
2026-03-28 09:18:35 | debug_robo_cima | INFO | ----------------------------------------
2026-03-28 09:18:35 | debug_robo_cima | INFO | ℹ️ 🔄 Verificando se pilar especial está ativo...
2026-03-28 09:18:35 | debug_robo_cima | INFO | ℹ️ 🔄 Status do checkbox pilar_rotacionado_var: False
2026-03-28 09:18:35 | debug_robo_cima | INFO | ℹ️ 🔄 Status do checkbox pilar_especial_ativo_var: False
2026-03-28 09:18:35 | debug_robo_cima | INFO | ℹ️ Pilar especial INATIVO - pilar_rotacionado: False, pilar_especial: False, globais: False, tipo: ''
2026-03-28 09:18:35 | debug_robo_cima | INFO | 
----------------------------------------
2026-03-28 09:18:35 | debug_robo_cima | INFO | 📌 VERIFICAÇÃO DE PILAR ESPECIAL ATIVO
2026-03-28 09:18:35 | debug_robo_cima | INFO | ----------------------------------------
2026-03-28 09:18:35 | debug_robo_cima | INFO | ℹ️ 🔄 Verificando se pilar especial está ativo...
2026-03-28 09:18:35 | debug_robo_cima | INFO | ℹ️ 🔄 Status do checkbox pilar_rotacionado_var: False
2026-03-28 09:18:35 | debug_robo_cima | INFO | ℹ️ 🔄 Status do checkbox pilar_especial_ativo_var: False
2026-03-28 09:18:35 | debug_robo_cima | INFO | ℹ️ Pilar especial INATIVO - pilar_rotacionado: False, pilar_especial: False, globais: False, tipo: ''
2026-03-28 09:18:35 | debug_robo_cima | INFO | 
----------------------------------------
2026-03-28 09:18:35 | debug_robo_cima | INFO | 📌 VERIFICAÇÃO DE PILAR ESPECIAL ATIVO
2026-03-28 09:18:35 | debug_robo_cima | INFO | ----------------------------------------
2026-03-28 09:18:35 | debug_robo_cima | INFO | ℹ️ 🔄 Verificando se pilar especial está ativo...
2026-03-28 09:18:35 | debug_robo_cima | INFO | ℹ️ 🔄 Status do checkbox pilar_rotacionado_var: False
2026-03-28 09:18:35 | debug_robo_cima | INFO | ℹ️ 🔄 Status do checkbox pilar_especial_ativo_var: False
2026-03-28 09:18:35 | debug_robo_cima | INFO | ℹ️ Pilar especial INATIVO - pilar_rotacionado: False, pilar_especial: False, globais: False, tipo: ''
2026-03-28 09:18:35 | debug_robo_cima | INFO | 
----------------------------------------
2026-03-28 09:18:35 | debug_robo_cima | INFO | 📌 VERIFICAÇÃO DE PILAR ESPECIAL ATIVO
2026-03-28 09:18:35 | debug_robo_cima | INFO | ----------------------------------------
2026-03-28 09:18:35 | debug_robo_cima | INFO | ℹ️ 🔄 Verificando se pilar especial está ativo...
2026-03-28 09:18:35 | debug_robo_cima | INFO | ℹ️ 🔄 Status do checkbox pilar_rotacionado_var: False
2026-03-28 09:18:35 | debug_robo_cima | INFO | ℹ️ 🔄 Status do checkbox pilar_especial_ativo_var: False
2026-03-28 09:18:35 | debug_robo_cima | INFO | ℹ️ Pilar especial INATIVO - pilar_rotacionado: False, pilar_especial: False, globais: False, tipo: ''
2026-03-28 09:18:35 | debug_robo_cima | INFO | 
----------------------------------------
2026-03-28 09:18:35 | debug_robo_cima | INFO | 📌 VERIFICAÇÃO DE PILAR ESPECIAL ATIVO
2026-03-28 09:18:35 | debug_robo_cima | INFO | ----------------------------------------
2026-03-28 09:18:35 | debug_robo_cima | INFO | ℹ️ 🔄 Verificando se pilar especial está ativo...
2026-03-28 09:18:35 | debug_robo_cima | INFO | ℹ️ 🔄 Status do checkbox pilar_rotacionado_var: False
2026-03-28 09:18:35 | debug_robo_cima | INFO | ℹ️ 🔄 Status do checkbox pilar_especial_ativo_var: False
2026-03-28 09:18:35 | debug_robo_cima | INFO | ℹ️ Pilar especial INATIVO - pilar_rotacionado: False, pilar_especial: False, globais: False, tipo: ''
2026-03-28 09:18:35 | debug_robo_cima | INFO | 
----------------------------------------
2026-03-28 09:18:35 | debug_robo_cima | INFO | 📌 VERIFICAÇÃO DE PILAR ESPECIAL ATIVO
2026-03-28 09:18:35 | debug_robo_cima | INFO | ----------------------------------------
2026-03-28 09:18:35 | debug_robo_cima | INFO | ℹ️ 🔄 Verificando se pilar especial está ativo...
2026-03-28 09:18:35 | debug_robo_cima | INFO | ℹ️ 🔄 Status do checkbox pilar_rotacionado_var: False
2026-03-28 09:18:35 | debug_robo_cima | INFO | ℹ️ 🔄 Status do checkbox pilar_especial_ativo_var: False
2026-03-28 09:18:35 | debug_robo_cima | INFO | ℹ️ Pilar especial INATIVO - pilar_rotacionado: False, pilar_especial: False, globais: False, tipo: ''
2026-03-28 09:18:35 | debug_robo_cima | INFO | 
----------------------------------------
2026-03-28 09:18:35 | debug_robo_cima | INFO | 📌 VERIFICAÇÃO DE PILAR ESPECIAL ATIVO
2026-03-28 09:18:35 | debug_robo_cima | INFO | ----------------------------------------
2026-03-28 09:18:35 | debug_robo_cima | INFO | ℹ️ 🔄 Verificando se pilar especial está ativo...
2026-03-28 09:18:35 | debug_robo_cima | INFO | ℹ️ 🔄 Status do checkbox pilar_rotacionado_var: False
2026-03-28 09:18:35 | debug_robo_cima | INFO | ℹ️ 🔄 Status do checkbox pilar_especial_ativo_var: False
2026-03-28 09:18:35 | debug_robo_cima | INFO | ℹ️ Pilar especial INATIVO - pilar_rotacionado: False, pilar_especial: False, globais: False, tipo: ''
2026-03-28 09:18:35 | debug_robo_cima | INFO | 
----------------------------------------
2026-03-28 09:18:35 | debug_robo_cima | INFO | 📌 VERIFICAÇÃO DE PILAR ESPECIAL ATIVO
2026-03-28 09:18:35 | debug_robo_cima | INFO | ----------------------------------------
2026-03-28 09:18:35 | debug_robo_cima | INFO | ℹ️ 🔄 Verificando se pilar especial está ativo...
2026-03-28 09:18:35 | debug_robo_cima | INFO | ℹ️ 🔄 Status do checkbox pilar_rotacionado_var: False
2026-03-28 09:18:35 | debug_robo_cima | INFO | ℹ️ 🔄 Status do checkbox pilar_especial_ativo_var: False
2026-03-28 09:18:35 | debug_robo_cima | INFO | ℹ️ Pilar especial INATIVO - pilar_rotacionado: False, pilar_especial: False, globais: False, tipo: ''
2026-03-28 09:18:35 | debug_robo_cima | INFO | 
----------------------------------------
2026-03-28 09:18:35 | debug_robo_cima | INFO | 📌 VERIFICAÇÃO DE PILAR ESPECIAL ATIVO
2026-03-28 09:18:35 | debug_robo_cima | INFO | ----------------------------------------
2026-03-28 09:18:35 | debug_robo_cima | INFO | ℹ️ 🔄 Verificando se pilar especial está ativo...
2026-03-28 09:18:35 | debug_robo_cima | INFO | ℹ️ 🔄 Status do checkbox pilar_rotacionado_var: False
2026-03-28 09:18:35 | debug_robo_cima | INFO | ℹ️ 🔄 Status do checkbox pilar_especial_ativo_var: False
2026-03-28 09:18:35 | debug_robo_cima | INFO | ℹ️ Pilar especial INATIVO - pilar_rotacionado: False, pilar_especial: False, globais: False, tipo: ''
2026-03-28 09:18:35 | debug_robo_cima | INFO | 
----------------------------------------
2026-03-28 09:18:35 | debug_robo_cima | INFO | 📌 VERIFICAÇÃO DE PILAR ESPECIAL ATIVO
2026-03-28 09:18:35 | debug_robo_cima | INFO | ----------------------------------------
2026-03-28 09:18:35 | debug_robo_cima | INFO | ℹ️ 🔄 Verificando se pilar especial está ativo...
2026-03-28 09:18:35 | debug_robo_cima | INFO | ℹ️ 🔄 Status do checkbox pilar_rotacionado_var: False
2026-03-28 09:18:35 | debug_robo_cima | INFO | ℹ️ 🔄 Status do checkbox pilar_especial_ativo_var: False
2026-03-28 09:18:35 | debug_robo_cima | INFO | ℹ️ Pilar especial INATIVO - pilar_rotacionado: False, pilar_especial: False, globais: False, tipo: ''
2026-03-28 09:18:35 | debug_robo_cima | INFO | 
----------------------------------------
2026-03-28 09:18:35 | debug_robo_cima | INFO | 📌 VERIFICAÇÃO DE PILAR ESPECIAL ATIVO
2026-03-28 09:18:35 | debug_robo_cima | INFO | ----------------------------------------
2026-03-28 09:18:35 | debug_robo_cima | INFO | ℹ️ 🔄 Verificando se pilar especial está ativo...
2026-03-28 09:18:35 | debug_robo_cima | INFO | ℹ️ 🔄 Status do checkbox pilar_rotacionado_var: False
2026-03-28 09:18:35 | debug_robo_cima | INFO | ℹ️ 🔄 Status do checkbox pilar_especial_ativo_var: False
2026-03-28 09:18:35 | debug_robo_cima | INFO | ℹ️ Pilar especial INATIVO - pilar_rotacionado: False, pilar_especial: False, globais: False, tipo: ''
2026-03-28 09:18:35 | debug_robo_cima | INFO | 
----------------------------------------
2026-03-28 09:18:35 | debug_robo_cima | INFO | 📌 VERIFICAÇÃO DE PILAR ESPECIAL ATIVO
2026-03-28 09:18:35 | debug_robo_cima | INFO | ----------------------------------------
2026-03-28 09:18:35 | debug_robo_cima | INFO | ℹ️ 🔄 Verificando se pilar especial está ativo...
2026-03-28 09:18:35 | debug_robo_cima | INFO | ℹ️ 🔄 Status do checkbox pilar_rotacionado_var: False
2026-03-28 09:18:35 | debug_robo_cima | INFO | ℹ️ 🔄 Status do checkbox pilar_especial_ativo_var: False
2026-03-28 09:18:35 | debug_robo_cima | INFO | ℹ️ Pilar especial INATIVO - pilar_rotacionado: False, pilar_especial: False, globais: False, tipo: ''
2026-03-28 09:18:35 | debug_robo_cima | INFO | 
----------------------------------------
2026-03-28 09:18:35 | debug_robo_cima | INFO | 📌 VERIFICAÇÃO DE PILAR ESPECIAL ATIVO
2026-03-28 09:18:35 | debug_robo_cima | INFO | ----------------------------------------
2026-03-28 09:18:35 | debug_robo_cima | INFO | ℹ️ 🔄 Verificando se pilar especial está ativo...
2026-03-28 09:18:35 | debug_robo_cima | INFO | ℹ️ 🔄 Status do checkbox pilar_rotacionado_var: False
2026-03-28 09:18:35 | debug_robo_cima | INFO | ℹ️ 🔄 Status do checkbox pilar_especial_ativo_var: False
2026-03-28 09:18:35 | debug_robo_cima | INFO | ℹ️ Pilar especial INATIVO - pilar_rotacionado: False, pilar_especial: False, globais: False, tipo: ''
2026-03-28 09:18:35 | debug_robo_cima | INFO | 
----------------------------------------
2026-03-28 09:18:35 | debug_robo_cima | INFO | 📌 VERIFICAÇÃO DE PILAR ESPECIAL ATIVO
2026-03-28 09:18:35 | debug_robo_cima | INFO | ----------------------------------------
2026-03-28 09:18:35 | debug_robo_cima | INFO | ℹ️ 🔄 Verificando se pilar especial está ativo...
2026-03-28 09:18:35 | debug_robo_cima | INFO | ℹ️ 🔄 Status do checkbox pilar_rotacionado_var: False
2026-03-28 09:18:35 | debug_robo_cima | INFO | ℹ️ 🔄 Status do checkbox pilar_especial_ativo_var: False
2026-03-28 09:18:35 | debug_robo_cima | INFO | ℹ️ Pilar especial INATIVO - pilar_rotacionado: False, pilar_especial: False, globais: False, tipo: ''
2026-03-28 09:18:35 | debug_robo_cima | INFO | 
----------------------------------------
2026-03-28 09:18:35 | debug_robo_cima | INFO | 📌 VERIFICAÇÃO DE PILAR ESPECIAL ATIVO
2026-03-28 09:18:35 | debug_robo_cima | INFO | ----------------------------------------
2026-03-28 09:18:35 | debug_robo_cima | INFO | ℹ️ 🔄 Verificando se pilar especial está ativo...
2026-03-28 09:18:35 | debug_robo_cima | INFO | ℹ️ 🔄 Status do checkbox pilar_rotacionado_var: False
2026-03-28 09:18:35 | debug_robo_cima | INFO | ℹ️ 🔄 Status do checkbox pilar_especial_ativo_var: False
2026-03-28 09:18:35 | debug_robo_cima | INFO | ℹ️ Pilar especial INATIVO - pilar_rotacionado: False, pilar_especial: False, globais: False, tipo: ''
2026-03-28 09:18:35 | debug_robo_cima | INFO | 
----------------------------------------
2026-03-28 09:18:35 | debug_robo_cima | INFO | 📌 VERIFICAÇÃO DE PILAR ESPECIAL ATIVO
2026-03-28 09:18:35 | debug_robo_cima | INFO | ----------------------------------------
2026-03-28 09:18:35 | debug_robo_cima | INFO | ℹ️ 🔄 Verificando se pilar especial está ativo...
2026-03-28 09:18:35 | debug_robo_cima | INFO | ℹ️ 🔄 Status do checkbox pilar_rotacionado_var: False
2026-03-28 09:18:35 | debug_robo_cima | INFO | ℹ️ 🔄 Status do checkbox pilar_especial_ativo_var: False
2026-03-28 09:18:35 | debug_robo_cima | INFO | ℹ️ Pilar especial INATIVO - pilar_rotacionado: False, pilar_especial: False, globais: False, tipo: ''
2026-03-28 09:18:35 | debug_robo_cima | INFO | 
----------------------------------------
2026-03-28 09:18:35 | debug_robo_cima | INFO | 📌 VERIFICAÇÃO DE PILAR ESPECIAL ATIVO
2026-03-28 09:18:35 | debug_robo_cima | INFO | ----------------------------------------
2026-03-28 09:18:35 | debug_robo_cima | INFO | ℹ️ 🔄 Verificando se pilar especial está ativo...
2026-03-28 09:18:35 | debug_robo_cima | INFO | ℹ️ 🔄 Status do checkbox pilar_rotacionado_var: False
2026-03-28 09:18:35 | debug_robo_cima | INFO | ℹ️ 🔄 Status do checkbox pilar_especial_ativo_var: False
2026-03-28 09:18:35 | debug_robo_cima | INFO | ℹ️ Pilar especial INATIVO - pilar_rotacionado: False, pilar_especial: False, globais: False, tipo: ''
2026-03-28 09:18:35 | debug_robo_cima | INFO | 
----------------------------------------
2026-03-28 09:18:35 | debug_robo_cima | INFO | 📌 VERIFICAÇÃO DE PILAR ESPECIAL ATIVO
2026-03-28 09:18:35 | debug_robo_cima | INFO | ----------------------------------------
2026-03-28 09:18:35 | debug_robo_cima | INFO | ℹ️ 🔄 Verificando se pilar especial está ativo...
2026-03-28 09:18:35 | debug_robo_cima | INFO | ℹ️ 🔄 Status do checkbox pilar_rotacionado_var: False
2026-03-28 09:18:35 | debug_robo_cima | INFO | ℹ️ 🔄 Status do checkbox pilar_especial_ativo_var: False
2026-03-28 09:18:35 | debug_robo_cima | INFO | ℹ️ Pilar especial INATIVO - pilar_rotacionado: False, pilar_especial: False, globais: False, tipo: ''
2026-03-28 09:18:35 | debug_robo_cima | INFO | 
----------------------------------------
2026-03-28 09:18:35 | debug_robo_cima | INFO | 📌 VERIFICAÇÃO DE PILAR ESPECIAL ATIVO
2026-03-28 09:18:35 | debug_robo_cima | INFO | ----------------------------------------
2026-03-28 09:18:35 | debug_robo_cima | INFO | ℹ️ 🔄 Verificando se pilar especial está ativo...
2026-03-28 09:18:35 | debug_robo_cima | INFO | ℹ️ 🔄 Status do checkbox pilar_rotacionado_var: False
2026-03-28 09:18:35 | debug_robo_cima | INFO | ℹ️ 🔄 Status do checkbox pilar_especial_ativo_var: False
2026-03-28 09:18:35 | debug_robo_cima | INFO | ℹ️ Pilar especial INATIVO - pilar_rotacionado: False, pilar_especial: False, globais: False, tipo: ''
2026-03-28 09:18:35 | debug_robo_cima | INFO | 
----------------------------------------
2026-03-28 09:18:35 | debug_robo_cima | INFO | 📌 VERIFICAÇÃO DE PILAR ESPECIAL ATIVO
2026-03-28 09:18:35 | debug_robo_cima | INFO | ----------------------------------------
2026-03-28 09:18:35 | debug_robo_cima | INFO | ℹ️ 🔄 Verificando se pilar especial está ativo...
2026-03-28 09:18:35 | debug_robo_cima | INFO | ℹ️ 🔄 Status do checkbox pilar_rotacionado_var: False
2026-03-28 09:18:35 | debug_robo_cima | INFO | ℹ️ 🔄 Status do checkbox pilar_especial_ativo_var: False
2026-03-28 09:18:35 | debug_robo_cima | INFO | ℹ️ Pilar especial INATIVO - pilar_rotacionado: False, pilar_especial: False, globais: False, tipo: ''
2026-03-28 09:18:35 | debug_robo_cima | INFO | 
----------------------------------------
2026-03-28 09:18:35 | debug_robo_cima | INFO | 📌 VERIFICAÇÃO DE PILAR ESPECIAL ATIVO
2026-03-28 09:18:35 | debug_robo_cima | INFO | ----------------------------------------
2026-03-28 09:18:35 | debug_robo_cima | INFO | ℹ️ 🔄 Verificando se pilar especial está ativo...
2026-03-28 09:18:35 | debug_robo_cima | INFO | ℹ️ 🔄 Status do checkbox pilar_rotacionado_var: False
2026-03-28 09:18:35 | debug_robo_cima | INFO | ℹ️ 🔄 Status do checkbox pilar_especial_ativo_var: False
2026-03-28 09:18:35 | debug_robo_cima | INFO | ℹ️ Pilar especial INATIVO - pilar_rotacionado: False, pilar_especial: False, globais: False, tipo: ''
2026-03-28 09:18:35 | debug_robo_cima | INFO | 
----------------------------------------
2026-03-28 09:18:35 | debug_robo_cima | INFO | 📌 VERIFICAÇÃO DE PILAR ESPECIAL ATIVO
2026-03-28 09:18:35 | debug_robo_cima | INFO | ----------------------------------------
2026-03-28 09:18:35 | debug_robo_cima | INFO | ℹ️ 🔄 Verificando se pilar especial está ativo...
2026-03-28 09:18:35 | debug_robo_cima | INFO | ℹ️ 🔄 Status do checkbox pilar_rotacionado_var: False
2026-03-28 09:18:35 | debug_robo_cima | INFO | ℹ️ 🔄 Status do checkbox pilar_especial_ativo_var: False
2026-03-28 09:18:35 | debug_robo_cima | INFO | ℹ️ Pilar especial INATIVO - pilar_rotacionado: False, pilar_especial: False, globais: False, tipo: ''
2026-03-28 09:18:35 | debug_robo_cima | INFO | 
----------------------------------------
2026-03-28 09:18:35 | debug_robo_cima | INFO | 📌 VERIFICAÇÃO DE PILAR ESPECIAL ATIVO
2026-03-28 09:18:35 | debug_robo_cima | INFO | ----------------------------------------
2026-03-28 09:18:35 | debug_robo_cima | INFO | ℹ️ 🔄 Verificando se pilar especial está ativo...
2026-03-28 09:18:35 | debug_robo_cima | INFO | ℹ️ 🔄 Status do checkbox pilar_rotacionado_var: False
2026-03-28 09:18:35 | debug_robo_cima | INFO | ℹ️ 🔄 Status do checkbox pilar_especial_ativo_var: False
2026-03-28 09:18:35 | debug_robo_cima | INFO | ℹ️ Pilar especial INATIVO - pilar_rotacionado: False, pilar_especial: False, globais: False, tipo: ''
2026-03-28 09:18:35 | debug_robo_cima | INFO | 
----------------------------------------
2026-03-28 09:18:35 | debug_robo_cima | INFO | 📌 VERIFICAÇÃO DE PILAR ESPECIAL ATIVO
2026-03-28 09:18:35 | debug_robo_cima | INFO | ----------------------------------------
2026-03-28 09:18:35 | debug_robo_cima | INFO | ℹ️ 🔄 Verificando se pilar especial está ativo...
2026-03-28 09:18:35 | debug_robo_cima | INFO | ℹ️ 🔄 Status do checkbox pilar_rotacionado_var: False
2026-03-28 09:18:35 | debug_robo_cima | INFO | ℹ️ 🔄 Status do checkbox pilar_especial_ativo_var: False
2026-03-28 09:18:35 | debug_robo_cima | INFO | ℹ️ Pilar especial INATIVO - pilar_rotacionado: False, pilar_especial: False, globais: False, tipo: ''
2026-03-28 09:18:35 | debug_robo_cima | INFO | 
----------------------------------------
2026-03-28 09:18:35 | debug_robo_cima | INFO | 📌 VERIFICAÇÃO DE PILAR ESPECIAL ATIVO
2026-03-28 09:18:35 | debug_robo_cima | INFO | ----------------------------------------
2026-03-28 09:18:35 | debug_robo_cima | INFO | ℹ️ 🔄 Verificando se pilar especial está ativo...
2026-03-28 09:18:35 | debug_robo_cima | INFO | ℹ️ 🔄 Status do checkbox pilar_rotacionado_var: False
2026-03-28 09:18:35 | debug_robo_cima | INFO | ℹ️ 🔄 Status do checkbox pilar_especial_ativo_var: False
2026-03-28 09:18:35 | debug_robo_cima | INFO | ℹ️ Pilar especial INATIVO - pilar_rotacionado: False, pilar_especial: False, globais: False, tipo: ''
2026-03-28 09:18:35 | debug_robo_cima | INFO | 
----------------------------------------
2026-03-28 09:18:35 | debug_robo_cima | INFO | 📌 VERIFICAÇÃO DE PILAR ESPECIAL ATIVO
2026-03-28 09:18:35 | debug_robo_cima | INFO | ----------------------------------------
2026-03-28 09:18:35 | debug_robo_cima | INFO | ℹ️ 🔄 Verificando se pilar especial está ativo...
2026-03-28 09:18:35 | debug_robo_cima | INFO | ℹ️ 🔄 Status do checkbox pilar_rotacionado_var: False
2026-03-28 09:18:35 | debug_robo_cima | INFO | ℹ️ 🔄 Status do checkbox pilar_especial_ativo_var: False
2026-03-28 09:18:35 | debug_robo_cima | INFO | ℹ️ Pilar especial INATIVO - pilar_rotacionado: False, pilar_especial: False, globais: False, tipo: ''
2026-03-28 09:18:35 | debug_robo_cima | INFO | 
----------------------------------------
2026-03-28 09:18:35 | debug_robo_cima | INFO | 📌 VERIFICAÇÃO DE PILAR ESPECIAL ATIVO
2026-03-28 09:18:35 | debug_robo_cima | INFO | ----------------------------------------
2026-03-28 09:18:35 | debug_robo_cima | INFO | ℹ️ 🔄 Verificando se pilar especial está ativo...
2026-03-28 09:18:35 | debug_robo_cima | INFO | ℹ️ 🔄 Status do checkbox pilar_rotacionado_var: False
2026-03-28 09:18:35 | debug_robo_cima | INFO | ℹ️ 🔄 Status do checkbox pilar_especial_ativo_var: False
2026-03-28 09:18:35 | debug_robo_cima | INFO | ℹ️ Pilar especial INATIVO - pilar_rotacionado: False, pilar_especial: False, globais: False, tipo: ''
2026-03-28 09:18:35 | debug_robo_cima | INFO | 
----------------------------------------
2026-03-28 09:18:35 | debug_robo_cima | INFO | 📌 VERIFICAÇÃO DE PILAR ESPECIAL ATIVO
2026-03-28 09:18:35 | debug_robo_cima | INFO | ----------------------------------------
2026-03-28 09:18:35 | debug_robo_cima | INFO | ℹ️ 🔄 Verificando se pilar especial está ativo...
2026-03-28 09:18:35 | debug_robo_cima | INFO | ℹ️ 🔄 Status do checkbox pilar_rotacionado_var: False
2026-03-28 09:18:35 | debug_robo_cima | INFO | ℹ️ 🔄 Status do checkbox pilar_especial_ativo_var: False
2026-03-28 09:18:35 | debug_robo_cima | INFO | ℹ️ Pilar especial INATIVO - pilar_rotacionado: False, pilar_especial: False, globais: False, tipo: ''
2026-03-28 09:18:35 | debug_robo_cima | INFO | 
----------------------------------------
2026-03-28 09:18:35 | debug_robo_cima | INFO | 📌 VERIFICAÇÃO DE PILAR ESPECIAL ATIVO
2026-03-28 09:18:35 | debug_robo_cima | INFO | ----------------------------------------
2026-03-28 09:18:35 | debug_robo_cima | INFO | ℹ️ 🔄 Verificando se pilar especial está ativo...
2026-03-28 09:18:35 | debug_robo_cima | INFO | ℹ️ 🔄 Status do checkbox pilar_rotacionado_var: False
2026-03-28 09:18:35 | debug_robo_cima | INFO | ℹ️ 🔄 Status do checkbox pilar_especial_ativo_var: False
2026-03-28 09:18:35 | debug_robo_cima | INFO | ℹ️ Pilar especial INATIVO - pilar_rotacionado: False, pilar_especial: False, globais: False, tipo: ''
2026-03-28 09:18:35 | debug_robo_cima | INFO | 
----------------------------------------
2026-03-28 09:18:35 | debug_robo_cima | INFO | 📌 VERIFICAÇÃO DE PILAR ESPECIAL ATIVO
2026-03-28 09:18:35 | debug_robo_cima | INFO | ----------------------------------------
2026-03-28 09:18:35 | debug_robo_cima | INFO | ℹ️ 🔄 Verificando se pilar especial está ativo...
2026-03-28 09:18:35 | debug_robo_cima | INFO | ℹ️ 🔄 Status do checkbox pilar_rotacionado_var: False
2026-03-28 09:18:35 | debug_robo_cima | INFO | ℹ️ 🔄 Status do checkbox pilar_especial_ativo_var: False
2026-03-28 09:18:35 | debug_robo_cima | INFO | ℹ️ Pilar especial INATIVO - pilar_rotacionado: False, pilar_especial: False, globais: False, tipo: ''
2026-03-28 09:18:35 | debug_robo_cima | INFO | 
----------------------------------------
2026-03-28 09:18:35 | debug_robo_cima | INFO | 📌 VERIFICAÇÃO DE PILAR ESPECIAL ATIVO
2026-03-28 09:18:35 | debug_robo_cima | INFO | ----------------------------------------
2026-03-28 09:18:35 | debug_robo_cima | INFO | ℹ️ 🔄 Verificando se pilar especial está ativo...
2026-03-28 09:18:35 | debug_robo_cima | INFO | ℹ️ 🔄 Status do checkbox pilar_rotacionado_var: False
2026-03-28 09:18:35 | debug_robo_cima | INFO | ℹ️ 🔄 Status do checkbox pilar_especial_ativo_var: False
2026-03-28 09:18:35 | debug_robo_cima | INFO | ℹ️ Pilar especial INATIVO - pilar_rotacionado: False, pilar_especial: False, globais: False, tipo: ''
2026-03-28 09:18:35 | debug_robo_cima | INFO | 
----------------------------------------
2026-03-28 09:18:35 | debug_robo_cima | INFO | 📌 VERIFICAÇÃO DE PILAR ESPECIAL ATIVO
2026-03-28 09:18:35 | debug_robo_cima | INFO | ----------------------------------------
2026-03-28 09:18:35 | debug_robo_cima | INFO | ℹ️ 🔄 Verificando se pilar especial está ativo...
2026-03-28 09:18:35 | debug_robo_cima | INFO | ℹ️ 🔄 Status do checkbox pilar_rotacionado_var: False
2026-03-28 09:18:35 | debug_robo_cima | INFO | ℹ️ 🔄 Status do checkbox pilar_especial_ativo_var: False
2026-03-28 09:18:35 | debug_robo_cima | INFO | ℹ️ Pilar especial INATIVO - pilar_rotacionado: False, pilar_especial: False, globais: False, tipo: ''
2026-03-28 09:18:35 | debug_robo_cima | INFO | 
----------------------------------------
2026-03-28 09:18:35 | debug_robo_cima | INFO | 📌 VERIFICAÇÃO DE PILAR ESPECIAL ATIVO
2026-03-28 09:18:35 | debug_robo_cima | INFO | ----------------------------------------
2026-03-28 09:18:35 | debug_robo_cima | INFO | ℹ️ 🔄 Verificando se pilar especial está ativo...
2026-03-28 09:18:35 | debug_robo_cima | INFO | ℹ️ 🔄 Status do checkbox pilar_rotacionado_var: False
2026-03-28 09:18:35 | debug_robo_cima | INFO | ℹ️ 🔄 Status do checkbox pilar_especial_ativo_var: False
2026-03-28 09:18:35 | debug_robo_cima | INFO | ℹ️ Pilar especial INATIVO - pilar_rotacionado: False, pilar_especial: False, globais: False, tipo: ''
2026-03-28 09:18:35 | debug_robo_cima | INFO | 
----------------------------------------
2026-03-28 09:18:35 | debug_robo_cima | INFO | 📌 VERIFICAÇÃO DE PILAR ESPECIAL ATIVO
2026-03-28 09:18:35 | debug_robo_cima | INFO | ----------------------------------------
2026-03-28 09:18:35 | debug_robo_cima | INFO | ℹ️ 🔄 Verificando se pilar especial está ativo...
2026-03-28 09:18:35 | debug_robo_cima | INFO | ℹ️ 🔄 Status do checkbox pilar_rotacionado_var: False
2026-03-28 09:18:35 | debug_robo_cima | INFO | ℹ️ 🔄 Status do checkbox pilar_especial_ativo_var: False
2026-03-28 09:18:35 | debug_robo_cima | INFO | ℹ️ Pilar especial INATIVO - pilar_rotacionado: False, pilar_especial: False, globais: False, tipo: ''
2026-03-28 09:18:35 | debug_robo_cima | INFO | 
----------------------------------------
2026-03-28 09:18:35 | debug_robo_cima | INFO | 📌 VERIFICAÇÃO DE PILAR ESPECIAL ATIVO
2026-03-28 09:18:35 | debug_robo_cima | INFO | ----------------------------------------
2026-03-28 09:18:35 | debug_robo_cima | INFO | ℹ️ 🔄 Verificando se pilar especial está ativo...
2026-03-28 09:18:35 | debug_robo_cima | INFO | ℹ️ 🔄 Status do checkbox pilar_rotacionado_var: False
2026-03-28 09:18:35 | debug_robo_cima | INFO | ℹ️ 🔄 Status do checkbox pilar_especial_ativo_var: False
2026-03-28 09:18:35 | debug_robo_cima | INFO | ℹ️ Pilar especial INATIVO - pilar_rotacionado: False, pilar_especial: False, globais: False, tipo: ''
2026-03-28 09:18:35 | debug_robo_cima | INFO | 
----------------------------------------
2026-03-28 09:18:35 | debug_robo_cima | INFO | 📌 VERIFICAÇÃO DE PILAR ESPECIAL ATIVO
2026-03-28 09:18:35 | debug_robo_cima | INFO | ----------------------------------------
2026-03-28 09:18:35 | debug_robo_cima | INFO | ℹ️ 🔄 Verificando se pilar especial está ativo...
2026-03-28 09:18:35 | debug_robo_cima | INFO | ℹ️ 🔄 Status do checkbox pilar_rotacionado_var: False
2026-03-28 09:18:35 | debug_robo_cima | INFO | ℹ️ 🔄 Status do checkbox pilar_especial_ativo_var: False
2026-03-28 09:18:35 | debug_robo_cima | INFO | ℹ️ Pilar especial INATIVO - pilar_rotacionado: False, pilar_especial: False, globais: False, tipo: ''
2026-03-28 09:18:35 | debug_robo_cima | INFO | 
----------------------------------------
2026-03-28 09:18:35 | debug_robo_cima | INFO | 📌 VERIFICAÇÃO DE PILAR ESPECIAL ATIVO
2026-03-28 09:18:35 | debug_robo_cima | INFO | ----------------------------------------
2026-03-28 09:18:35 | debug_robo_cima | INFO | ℹ️ 🔄 Verificando se pilar especial está ativo...
2026-03-28 09:18:35 | debug_robo_cima | INFO | ℹ️ 🔄 Status do checkbox pilar_rotacionado_var: False
2026-03-28 09:18:35 | debug_robo_cima | INFO | ℹ️ 🔄 Status do checkbox pilar_especial_ativo_var: False
2026-03-28 09:18:35 | debug_robo_cima | INFO | ℹ️ Pilar especial INATIVO - pilar_rotacionado: False, pilar_especial: False, globais: False, tipo: ''
2026-03-28 09:18:35 | debug_robo_cima | INFO | 
----------------------------------------
2026-03-28 09:18:35 | debug_robo_cima | INFO | 📌 VERIFICAÇÃO DE PILAR ESPECIAL ATIVO
2026-03-28 09:18:35 | debug_robo_cima | INFO | ----------------------------------------
2026-03-28 09:18:35 | debug_robo_cima | INFO | ℹ️ 🔄 Verificando se pilar especial está ativo...
2026-03-28 09:18:35 | debug_robo_cima | INFO | ℹ️ 🔄 Status do checkbox pilar_rotacionado_var: False
2026-03-28 09:18:35 | debug_robo_cima | INFO | ℹ️ 🔄 Status do checkbox pilar_especial_ativo_var: False
2026-03-28 09:18:35 | debug_robo_cima | INFO | ℹ️ Pilar especial INATIVO - pilar_rotacionado: False, pilar_especial: False, globais: False, tipo: ''
2026-03-28 09:18:35 | debug_robo_cima | INFO | 
----------------------------------------
2026-03-28 09:18:35 | debug_robo_cima | INFO | 📌 VERIFICAÇÃO DE PILAR ESPECIAL ATIVO
2026-03-28 09:18:35 | debug_robo_cima | INFO | ----------------------------------------
2026-03-28 09:18:35 | debug_robo_cima | INFO | ℹ️ 🔄 Verificando se pilar especial está ativo...
2026-03-28 09:18:35 | debug_robo_cima | INFO | ℹ️ 🔄 Status do checkbox pilar_rotacionado_var: False
2026-03-28 09:18:35 | debug_robo_cima | INFO | ℹ️ 🔄 Status do checkbox pilar_especial_ativo_var: False
2026-03-28 09:18:35 | debug_robo_cima | INFO | ℹ️ Pilar especial INATIVO - pilar_rotacionado: False, pilar_especial: False, globais: False, tipo: ''
2026-03-28 09:18:35 | debug_robo_cima | INFO | 
============================================================
2026-03-28 09:18:35 | debug_robo_cima | INFO | 📋 GERAÇÃO DE SCRIPT CIMA
2026-03-28 09:18:35 | debug_robo_cima | INFO | ============================================================
2026-03-28 09:18:35 | debug_robo_cima | INFO | ℹ️ 🔄 === INÍCIO DO gerar_script() ===
2026-03-28 09:18:35 | debug_robo_cima | INFO | ℹ️ 🔄 Estado inicial das globais: ID=1996916051008, len=0
2026-03-28 09:18:35 | debug_robo_cima | WARNING | ⚠️ _globais_pilar_especial está vazio ou None!
2026-03-28 09:18:35 | debug_robo_cima | INFO | ℹ️ 🔄 Status pilar_rotacionado no inicio: False
2026-03-28 09:18:35 | debug_robo_cima | INFO | ℹ️ 🔄 Prestes a chamar _verificar_pilar_especial_ativo()...
2026-03-28 09:18:35 | debug_robo_cima | INFO | ℹ️ 🔄 Estado das globais ANTES da verificação: False
2026-03-28 09:18:35 | debug_robo_cima | INFO | 
----------------------------------------
2026-03-28 09:18:35 | debug_robo_cima | INFO | 📌 VERIFICAÇÃO DE PILAR ESPECIAL ATIVO
2026-03-28 09:18:35 | debug_robo_cima | INFO | ----------------------------------------
2026-03-28 09:18:35 | debug_robo_cima | INFO | ℹ️ 🔄 Verificando se pilar especial está ativo...
2026-03-28 09:18:35 | debug_robo_cima | INFO | ℹ️ 🔄 Status do checkbox pilar_rotacionado_var: False
2026-03-28 09:18:35 | debug_robo_cima | INFO | ℹ️ 🔄 Status do checkbox pilar_especial_ativo_var: False
2026-03-28 09:18:35 | debug_robo_cima | INFO | ℹ️ Pilar especial INATIVO - pilar_rotacionado: False, pilar_especial: False, globais: False, tipo: ''
2026-03-28 09:18:35 | debug_robo_cima | INFO | ℹ️ 🔄 Resultado da verificação: False
2026-03-28 09:18:35 | debug_robo_cima | INFO | ℹ️ 🔄 Estado das globais APÓS a verificação: False
2026-03-28 09:18:35 | debug_robo_cima | INFO | ℹ️ 🔄 Pilar especial ativo: False
2026-03-28 09:18:35 | debug_robo_cima | INFO | 
----------------------------------------
2026-03-28 09:18:35 | debug_robo_cima | INFO | 📌 APLICAÇÃO DE ALTERAÇÕES PILAR ESPECIAL - PAI.B
2026-03-28 09:18:35 | debug_robo_cima | INFO | ----------------------------------------
2026-03-28 09:18:35 | debug_robo_cima | INFO | ℹ️ 🔄 Aplicando alterações do pilar especial para PAI.B...
2026-03-28 09:18:35 | debug_robo_cima | WARNING | ⚠️ Pilar especial INATIVO (sem globais no gerador) - retornando valor original: -51
2026-03-28 09:18:35 | debug_robo_cima | WARNING | ⚠️ Pilar especial INATIVO (sem globais no gerador) - retornando valor original: 95.0
2026-03-28 09:18:35 | debug_robo_cima | WARNING | ⚠️ Pilar especial INATIVO (sem globais no gerador) - retornando valor original: 262.0
2026-03-28 09:18:35 | debug_robo_cima | INFO | ℹ️ 🔄 PAI.B - Posição X: -51 -> -51
2026-03-28 09:18:35 | debug_robo_cima | INFO | ℹ️ 🔄 PAI.B - Posição Y: 95.0 -> 95.0
2026-03-28 09:18:35 | debug_robo_cima | INFO | ℹ️ 🔄 PAI.B - Comprimento: 262.0 -> 262.0
2026-03-28 09:18:35 | debug_robo_cima | WARNING | ⚠️ Pilar especial INATIVO (sem globais no gerador) - retornando valor original: -51
2026-03-28 09:18:35 | debug_robo_cima | WARNING | ⚠️ Pilar especial INATIVO (sem globais no gerador) - retornando valor original: 70
2026-03-28 09:18:35 | debug_robo_cima | WARNING | ⚠️ Pilar especial INATIVO (sem globais no gerador) - retornando valor original: 262.0
2026-03-28 09:18:35 | debug_robo_cima | INFO | ℹ️ [REFERENCIA-DINAMICA] Parede esquerda PAI.A FINAL REAL registrada: -51
2026-03-28 09:18:35 | debug_robo_cima | WARNING | ⚠️ Pilar especial INATIVO (sem globais no gerador) - retornando valor original: -71
2026-03-28 09:18:35 | debug_robo_cima | WARNING | ⚠️ Pilar especial INATIVO (sem globais no gerador) - retornando valor original: 302.0
2026-03-28 09:18:35 | debug_robo_cima | INFO | ℹ️ 🔧 METAL A - posX=-71, posY=58.8, comp=302.0, endX=231.0, largura=7
2026-03-28 09:18:35 | debug_robo_cima | WARNING | ⚠️ Pilar especial INATIVO (sem globais no gerador) - retornando valor original: -71
2026-03-28 09:18:35 | debug_robo_cima | WARNING | ⚠️ Pilar especial INATIVO (sem globais no gerador) - retornando valor original: 302.0
2026-03-28 09:18:35 | debug_robo_cima | INFO | ℹ️ 🔧 METAL B - posX=-71, posY=106.19999999999999, comp=302.0, endX=231.0, largura=7
2026-03-28 09:18:35 | debug_robo_cima | INFO | ℹ️ DEBUG: Valores lidos Grade A - grade1=85.0, grade2=85.0, grade3=85.0, dist1=3.5, dist2=3.5
2026-03-28 09:18:35 | debug_robo_cima | INFO | ℹ️ DEBUG: Condição Grade A - grade1 > 0: True, grade2 > 0: True, grade3 > 0: True
2026-03-28 09:18:35 | debug_robo_cima | INFO | ℹ️ DEBUG: Condição Grade A - grade1 > 0 or grade2 > 0 or grade3 > 0: True
2026-03-28 09:18:35 | debug_robo_cima | INFO | ℹ️ GRA.A usando valores específicos: comprimentos=[85.0, 85.0, 85.0], espacos=[3.5, 3.5]
2026-03-28 09:18:35 | debug_robo_cima | INFO | 
----------------------------------------
2026-03-28 09:18:35 | debug_robo_cima | INFO | 📌 VERIFICAÇÃO DE PILAR ESPECIAL ATIVO
2026-03-28 09:18:35 | debug_robo_cima | INFO | ----------------------------------------
2026-03-28 09:18:35 | debug_robo_cima | INFO | ℹ️ 🔄 Verificando se pilar especial está ativo...
2026-03-28 09:18:35 | debug_robo_cima | INFO | ℹ️ 🔄 Status do checkbox pilar_rotacionado_var: False
2026-03-28 09:18:35 | debug_robo_cima | INFO | ℹ️ 🔄 Status do checkbox pilar_especial_ativo_var: False
2026-03-28 09:18:35 | debug_robo_cima | INFO | ℹ️ Pilar especial INATIVO - pilar_rotacionado: False, pilar_especial: False, globais: False, tipo: ''
2026-03-28 09:18:35 | debug_robo_cima | INFO | 
----------------------------------------
2026-03-28 09:18:35 | debug_robo_cima | INFO | 📌 VERIFICAÇÃO DE PILAR ESPECIAL ATIVO
2026-03-28 09:18:35 | debug_robo_cima | INFO | ----------------------------------------
2026-03-28 09:18:35 | debug_robo_cima | INFO | ℹ️ 🔄 Verificando se pilar especial está ativo...
2026-03-28 09:18:35 | debug_robo_cima | INFO | ℹ️ 🔄 Status do checkbox pilar_rotacionado_var: False
2026-03-28 09:18:35 | debug_robo_cima | INFO | ℹ️ 🔄 Status do checkbox pilar_especial_ativo_var: False
2026-03-28 09:18:35 | debug_robo_cima | INFO | ℹ️ Pilar especial INATIVO - pilar_rotacionado: False, pilar_especial: False, globais: False, tipo: ''
2026-03-28 09:18:35 | debug_robo_cima | INFO | 
----------------------------------------
2026-03-28 09:18:35 | debug_robo_cima | INFO | 📌 VERIFICAÇÃO DE PILAR ESPECIAL ATIVO
2026-03-28 09:18:35 | debug_robo_cima | INFO | ----------------------------------------
2026-03-28 09:18:35 | debug_robo_cima | INFO | ℹ️ 🔄 Verificando se pilar especial está ativo...
2026-03-28 09:18:35 | debug_robo_cima | INFO | ℹ️ 🔄 Status do checkbox pilar_rotacionado_var: False
2026-03-28 09:18:35 | debug_robo_cima | INFO | ℹ️ 🔄 Status do checkbox pilar_especial_ativo_var: False
2026-03-28 09:18:35 | debug_robo_cima | INFO | ℹ️ Pilar especial INATIVO - pilar_rotacionado: False, pilar_especial: False, globais: False, tipo: ''
2026-03-28 09:18:35 | debug_robo_cima | INFO | ℹ️ DEBUG: Valores lidos Grade B - grade1_grupo2=85.0, grade2_grupo2=85.0, grade3_grupo2=85.0, dist1_grupo2=3.5, dist2_grupo2=3.5
2026-03-28 09:18:35 | debug_robo_cima | INFO | ℹ️ DEBUG: Condição Grade B - grade1_grupo2 > 0: True, grade2_grupo2 > 0: True, grade3_grupo2 > 0: True
2026-03-28 09:18:35 | debug_robo_cima | INFO | ℹ️ DEBUG: Condição Grade B - grade1_grupo2 > 0 or grade2_grupo2 > 0 or grade3_grupo2 > 0: True
2026-03-28 09:18:35 | debug_robo_cima | INFO | ℹ️ GRA.B usando valores específicos: comprimentos=[85.0, 85.0, 85.0], espacos=[3.5, 3.5]
2026-03-28 09:18:35 | debug_robo_cima | INFO | 
----------------------------------------
2026-03-28 09:18:35 | debug_robo_cima | INFO | 📌 VERIFICAÇÃO DE PILAR ESPECIAL ATIVO
2026-03-28 09:18:35 | debug_robo_cima | INFO | ----------------------------------------
2026-03-28 09:18:35 | debug_robo_cima | INFO | ℹ️ 🔄 Verificando se pilar especial está ativo...
2026-03-28 09:18:35 | debug_robo_cima | INFO | ℹ️ 🔄 Status do checkbox pilar_rotacionado_var: False
2026-03-28 09:18:35 | debug_robo_cima | INFO | ℹ️ 🔄 Status do checkbox pilar_especial_ativo_var: False
2026-03-28 09:18:35 | debug_robo_cima | INFO | ℹ️ Pilar especial INATIVO - pilar_rotacionado: False, pilar_especial: False, globais: False, tipo: ''
2026-03-28 09:18:35 | debug_robo_cima | INFO | 
----------------------------------------
2026-03-28 09:18:35 | debug_robo_cima | INFO | 📌 VERIFICAÇÃO DE PILAR ESPECIAL ATIVO
2026-03-28 09:18:35 | debug_robo_cima | INFO | ----------------------------------------
2026-03-28 09:18:35 | debug_robo_cima | INFO | ℹ️ 🔄 Verificando se pilar especial está ativo...
2026-03-28 09:18:35 | debug_robo_cima | INFO | ℹ️ 🔄 Status do checkbox pilar_rotacionado_var: False
2026-03-28 09:18:35 | debug_robo_cima | INFO | ℹ️ 🔄 Status do checkbox pilar_especial_ativo_var: False
2026-03-28 09:18:35 | debug_robo_cima | INFO | ℹ️ Pilar especial INATIVO - pilar_rotacionado: False, pilar_especial: False, globais: False, tipo: ''
2026-03-28 09:18:35 | debug_robo_cima | INFO | 
----------------------------------------
2026-03-28 09:18:35 | debug_robo_cima | INFO | 📌 VERIFICAÇÃO DE PILAR ESPECIAL ATIVO
2026-03-28 09:18:35 | debug_robo_cima | INFO | ----------------------------------------
2026-03-28 09:18:35 | debug_robo_cima | INFO | ℹ️ 🔄 Verificando se pilar especial está ativo...
2026-03-28 09:18:35 | debug_robo_cima | INFO | ℹ️ 🔄 Status do checkbox pilar_rotacionado_var: False
2026-03-28 09:18:35 | debug_robo_cima | INFO | ℹ️ 🔄 Status do checkbox pilar_especial_ativo_var: False
2026-03-28 09:18:35 | debug_robo_cima | INFO | ℹ️ Pilar especial INATIVO - pilar_rotacionado: False, pilar_especial: False, globais: False, tipo: ''
2026-03-28 09:18:35 | debug_robo_cima | WARNING | ⚠️ Pilar especial INATIVO (sem globais no gerador) - retornando valor original: -52
2026-03-28 09:18:35 | debug_robo_cima | INFO | 
----------------------------------------
2026-03-28 09:18:35 | debug_robo_cima | INFO | 📌 VERIFICAÇÃO DE PILAR ESPECIAL ATIVO
2026-03-28 09:18:35 | debug_robo_cima | INFO | ----------------------------------------
2026-03-28 09:18:35 | debug_robo_cima | INFO | ℹ️ 🔄 Verificando se pilar especial está ativo...
2026-03-28 09:18:35 | debug_robo_cima | INFO | ℹ️ 🔄 Status do checkbox pilar_rotacionado_var: False
2026-03-28 09:18:35 | debug_robo_cima | INFO | ℹ️ 🔄 Status do checkbox pilar_especial_ativo_var: False
2026-03-28 09:18:35 | debug_robo_cima | INFO | ℹ️ Pilar especial INATIVO - pilar_rotacionado: False, pilar_especial: False, globais: False, tipo: ''
2026-03-28 09:18:35 | debug_robo_cima | INFO | 
----------------------------------------
2026-03-28 09:18:35 | debug_robo_cima | INFO | 📌 DECISÃO DE COMANDO SCALE/ROTATE
2026-03-28 09:18:35 | debug_robo_cima | INFO | ----------------------------------------
2026-03-28 09:18:35 | debug_robo_cima | INFO | ℹ️ 🔄 Verificando qual comando usar (SCALE ou ROTATE)...
2026-03-28 09:18:35 | debug_robo_cima | INFO | ℹ️ 🔄 Status pilar_rotacionado = False, usar_scale = True
2026-03-28 09:18:35 | debug_robo_cima | INFO | ℹ️ ✅ Usando _SCALE
2026-03-28 09:18:35 | debug_robo_cima | INFO | ℹ️ 🔄 Verificando se é pilar especial: False
2026-03-28 09:18:35 | debug_robo_cima | INFO | ℹ️ ✅ Pilar normal - usando valores padrão no _SCALE
2026-03-28 09:18:35 | debug_robo_cima | INFO | ℹ️ ✅ Script gerado com sucesso!
2026-03-28 09:18:35 | debug_robo_cima | INFO | 🔄 Script gerado: Tamanho: 7240 caracteres
2026-03-28 09:18:35 | debug_robo_cima | INFO | 
============================================================
2026-03-28 09:18:35 | debug_robo_cima | INFO | 📋 FIM DA GERAÇÃO DE SCRIPT CIMA
2026-03-28 09:18:35 | debug_robo_cima | INFO | ============================================================
2026-03-28 09:18:37 | debug_robo_cima | INFO | ℹ️ 🔄 Instância do GeradorPilar registrada globalmente
2026-03-28 09:18:37 | debug_robo_cima | INFO | ℹ️ 🔄 Globais do pilar especial inicializadas
2026-03-28 09:18:37 | debug_robo_cima | INFO | 
----------------------------------------
2026-03-28 09:18:37 | debug_robo_cima | INFO | 📌 VERIFICAÇÃO DE PILAR ESPECIAL ATIVO
2026-03-28 09:18:37 | debug_robo_cima | INFO | ----------------------------------------
2026-03-28 09:18:37 | debug_robo_cima | INFO | ℹ️ 🔄 Verificando se pilar especial está ativo...
2026-03-28 09:18:37 | debug_robo_cima | INFO | ℹ️ 🔄 Status do checkbox pilar_rotacionado_var: False
2026-03-28 09:18:37 | debug_robo_cima | INFO | ℹ️ 🔄 Status do checkbox pilar_especial_ativo_var: False
2026-03-28 09:18:37 | debug_robo_cima | INFO | ℹ️ Pilar especial INATIVO - pilar_rotacionado: False, pilar_especial: False, globais: False, tipo: ''
2026-03-28 09:18:37 | debug_robo_cima | INFO | 
----------------------------------------
2026-03-28 09:18:37 | debug_robo_cima | INFO | 📌 VERIFICAÇÃO DE PILAR ESPECIAL ATIVO
2026-03-28 09:18:37 | debug_robo_cima | INFO | ----------------------------------------
2026-03-28 09:18:37 | debug_robo_cima | INFO | ℹ️ 🔄 Verificando se pilar especial está ativo...
2026-03-28 09:18:37 | debug_robo_cima | INFO | ℹ️ 🔄 Status do checkbox pilar_rotacionado_var: False
2026-03-28 09:18:37 | debug_robo_cima | INFO | ℹ️ 🔄 Status do checkbox pilar_especial_ativo_var: False
2026-03-28 09:18:37 | debug_robo_cima | INFO | ℹ️ Pilar especial INATIVO - pilar_rotacionado: False, pilar_especial: False, globais: False, tipo: ''
2026-03-28 09:18:37 | debug_robo_cima | INFO | 
----------------------------------------
2026-03-28 09:18:37 | debug_robo_cima | INFO | 📌 VERIFICAÇÃO DE PILAR ESPECIAL ATIVO
2026-03-28 09:18:37 | debug_robo_cima | INFO | ----------------------------------------
2026-03-28 09:18:37 | debug_robo_cima | INFO | ℹ️ 🔄 Verificando se pilar especial está ativo...
2026-03-28 09:18:37 | debug_robo_cima | INFO | ℹ️ 🔄 Status do checkbox pilar_rotacionado_var: False
2026-03-28 09:18:37 | debug_robo_cima | INFO | ℹ️ 🔄 Status do checkbox pilar_especial_ativo_var: False
2026-03-28 09:18:37 | debug_robo_cima | INFO | ℹ️ Pilar especial INATIVO - pilar_rotacionado: False, pilar_especial: False, globais: False, tipo: ''
2026-03-28 09:18:37 | debug_robo_cima | INFO | 
----------------------------------------
2026-03-28 09:18:37 | debug_robo_cima | INFO | 📌 VERIFICAÇÃO DE PILAR ESPECIAL ATIVO
2026-03-28 09:18:37 | debug_robo_cima | INFO | ----------------------------------------
2026-03-28 09:18:37 | debug_robo_cima | INFO | ℹ️ 🔄 Verificando se pilar especial está ativo...
2026-03-28 09:18:37 | debug_robo_cima | INFO | ℹ️ 🔄 Status do checkbox pilar_rotacionado_var: False
2026-03-28 09:18:37 | debug_robo_cima | INFO | ℹ️ 🔄 Status do checkbox pilar_especial_ativo_var: False
2026-03-28 09:18:37 | debug_robo_cima | INFO | ℹ️ Pilar especial INATIVO - pilar_rotacionado: False, pilar_especial: False, globais: False, tipo: ''
2026-03-28 09:18:37 | debug_robo_cima | INFO | 
----------------------------------------
2026-03-28 09:18:37 | debug_robo_cima | INFO | 📌 VERIFICAÇÃO DE PILAR ESPECIAL ATIVO
2026-03-28 09:18:37 | debug_robo_cima | INFO | ----------------------------------------
2026-03-28 09:18:37 | debug_robo_cima | INFO | ℹ️ 🔄 Verificando se pilar especial está ativo...
2026-03-28 09:18:37 | debug_robo_cima | INFO | ℹ️ 🔄 Status do checkbox pilar_rotacionado_var: False
2026-03-28 09:18:37 | debug_robo_cima | INFO | ℹ️ 🔄 Status do checkbox pilar_especial_ativo_var: False
2026-03-28 09:18:37 | debug_robo_cima | INFO | ℹ️ Pilar especial INATIVO - pilar_rotacionado: False, pilar_especial: False, globais: False, tipo: ''
2026-03-28 09:18:37 | debug_robo_cima | INFO | 
----------------------------------------
2026-03-28 09:18:37 | debug_robo_cima | INFO | 📌 VERIFICAÇÃO DE PILAR ESPECIAL ATIVO
2026-03-28 09:18:37 | debug_robo_cima | INFO | ----------------------------------------
2026-03-28 09:18:37 | debug_robo_cima | INFO | ℹ️ 🔄 Verificando se pilar especial está ativo...
2026-03-28 09:18:37 | debug_robo_cima | INFO | ℹ️ 🔄 Status do checkbox pilar_rotacionado_var: False
2026-03-28 09:18:37 | debug_robo_cima | INFO | ℹ️ 🔄 Status do checkbox pilar_especial_ativo_var: False
2026-03-28 09:18:37 | debug_robo_cima | INFO | ℹ️ Pilar especial INATIVO - pilar_rotacionado: False, pilar_especial: False, globais: False, tipo: ''
2026-03-28 09:18:37 | debug_robo_cima | INFO | 
----------------------------------------
2026-03-28 09:18:37 | debug_robo_cima | INFO | 📌 VERIFICAÇÃO DE PILAR ESPECIAL ATIVO
2026-03-28 09:18:37 | debug_robo_cima | INFO | ----------------------------------------
2026-03-28 09:18:37 | debug_robo_cima | INFO | ℹ️ 🔄 Verificando se pilar especial está ativo...
2026-03-28 09:18:37 | debug_robo_cima | INFO | ℹ️ 🔄 Status do checkbox pilar_rotacionado_var: False
2026-03-28 09:18:37 | debug_robo_cima | INFO | ℹ️ 🔄 Status do checkbox pilar_especial_ativo_var: False
2026-03-28 09:18:37 | debug_robo_cima | INFO | ℹ️ Pilar especial INATIVO - pilar_rotacionado: False, pilar_especial: False, globais: False, tipo: ''
2026-03-28 09:18:37 | debug_robo_cima | INFO | 
----------------------------------------
2026-03-28 09:18:37 | debug_robo_cima | INFO | 📌 VERIFICAÇÃO DE PILAR ESPECIAL ATIVO
2026-03-28 09:18:37 | debug_robo_cima | INFO | ----------------------------------------
2026-03-28 09:18:37 | debug_robo_cima | INFO | ℹ️ 🔄 Verificando se pilar especial está ativo...
2026-03-28 09:18:37 | debug_robo_cima | INFO | ℹ️ 🔄 Status do checkbox pilar_rotacionado_var: False
2026-03-28 09:18:37 | debug_robo_cima | INFO | ℹ️ 🔄 Status do checkbox pilar_especial_ativo_var: False
2026-03-28 09:18:37 | debug_robo_cima | INFO | ℹ️ Pilar especial INATIVO - pilar_rotacionado: False, pilar_especial: False, globais: False, tipo: ''
2026-03-28 09:18:37 | debug_robo_cima | INFO | 
----------------------------------------
2026-03-28 09:18:37 | debug_robo_cima | INFO | 📌 VERIFICAÇÃO DE PILAR ESPECIAL ATIVO
2026-03-28 09:18:37 | debug_robo_cima | INFO | ----------------------------------------
2026-03-28 09:18:37 | debug_robo_cima | INFO | ℹ️ 🔄 Verificando se pilar especial está ativo...
2026-03-28 09:18:37 | debug_robo_cima | INFO | ℹ️ 🔄 Status do checkbox pilar_rotacionado_var: False
2026-03-28 09:18:37 | debug_robo_cima | INFO | ℹ️ 🔄 Status do checkbox pilar_especial_ativo_var: False
2026-03-28 09:18:37 | debug_robo_cima | INFO | ℹ️ Pilar especial INATIVO - pilar_rotacionado: False, pilar_especial: False, globais: False, tipo: ''
2026-03-28 09:18:37 | debug_robo_cima | INFO | 
----------------------------------------
2026-03-28 09:18:37 | debug_robo_cima | INFO | 📌 VERIFICAÇÃO DE PILAR ESPECIAL ATIVO
2026-03-28 09:18:37 | debug_robo_cima | INFO | ----------------------------------------
2026-03-28 09:18:37 | debug_robo_cima | INFO | ℹ️ 🔄 Verificando se pilar especial está ativo...
2026-03-28 09:18:37 | debug_robo_cima | INFO | ℹ️ 🔄 Status do checkbox pilar_rotacionado_var: False
2026-03-28 09:18:37 | debug_robo_cima | INFO | ℹ️ 🔄 Status do checkbox pilar_especial_ativo_var: False
2026-03-28 09:18:37 | debug_robo_cima | INFO | ℹ️ Pilar especial INATIVO - pilar_rotacionado: False, pilar_especial: False, globais: False, tipo: ''
2026-03-28 09:18:37 | debug_robo_cima | INFO | 
----------------------------------------
2026-03-28 09:18:37 | debug_robo_cima | INFO | 📌 VERIFICAÇÃO DE PILAR ESPECIAL ATIVO
2026-03-28 09:18:37 | debug_robo_cima | INFO | ----------------------------------------
2026-03-28 09:18:37 | debug_robo_cima | INFO | ℹ️ 🔄 Verificando se pilar especial está ativo...
2026-03-28 09:18:37 | debug_robo_cima | INFO | ℹ️ 🔄 Status do checkbox pilar_rotacionado_var: False
2026-03-28 09:18:37 | debug_robo_cima | INFO | ℹ️ 🔄 Status do checkbox pilar_especial_ativo_var: False
2026-03-28 09:18:37 | debug_robo_cima | INFO | ℹ️ Pilar especial INATIVO - pilar_rotacionado: False, pilar_especial: False, globais: False, tipo: ''
2026-03-28 09:18:37 | debug_robo_cima | INFO | 
----------------------------------------
2026-03-28 09:18:37 | debug_robo_cima | INFO | 📌 VERIFICAÇÃO DE PILAR ESPECIAL ATIVO
2026-03-28 09:18:37 | debug_robo_cima | INFO | ----------------------------------------
2026-03-28 09:18:37 | debug_robo_cima | INFO | ℹ️ 🔄 Verificando se pilar especial está ativo...
2026-03-28 09:18:37 | debug_robo_cima | INFO | ℹ️ 🔄 Status do checkbox pilar_rotacionado_var: False
2026-03-28 09:18:37 | debug_robo_cima | INFO | ℹ️ 🔄 Status do checkbox pilar_especial_ativo_var: False
2026-03-28 09:18:37 | debug_robo_cima | INFO | ℹ️ Pilar especial INATIVO - pilar_rotacionado: False, pilar_especial: False, globais: False, tipo: ''
2026-03-28 09:18:37 | debug_robo_cima | INFO | 
----------------------------------------
2026-03-28 09:18:37 | debug_robo_cima | INFO | 📌 VERIFICAÇÃO DE PILAR ESPECIAL ATIVO
2026-03-28 09:18:37 | debug_robo_cima | INFO | ----------------------------------------
2026-03-28 09:18:37 | debug_robo_cima | INFO | ℹ️ 🔄 Verificando se pilar especial está ativo...
2026-03-28 09:18:37 | debug_robo_cima | INFO | ℹ️ 🔄 Status do checkbox pilar_rotacionado_var: False
2026-03-28 09:18:37 | debug_robo_cima | INFO | ℹ️ 🔄 Status do checkbox pilar_especial_ativo_var: False
2026-03-28 09:18:37 | debug_robo_cima | INFO | ℹ️ Pilar especial INATIVO - pilar_rotacionado: False, pilar_especial: False, globais: False, tipo: ''
2026-03-28 09:18:37 | debug_robo_cima | INFO | 
----------------------------------------
2026-03-28 09:18:37 | debug_robo_cima | INFO | 📌 VERIFICAÇÃO DE PILAR ESPECIAL ATIVO
2026-03-28 09:18:37 | debug_robo_cima | INFO | ----------------------------------------
2026-03-28 09:18:37 | debug_robo_cima | INFO | ℹ️ 🔄 Verificando se pilar especial está ativo...
2026-03-28 09:18:37 | debug_robo_cima | INFO | ℹ️ 🔄 Status do checkbox pilar_rotacionado_var: False
2026-03-28 09:18:37 | debug_robo_cima | INFO | ℹ️ 🔄 Status do checkbox pilar_especial_ativo_var: False
2026-03-28 09:18:37 | debug_robo_cima | INFO | ℹ️ Pilar especial INATIVO - pilar_rotacionado: False, pilar_especial: False, globais: False, tipo: ''
2026-03-28 09:18:37 | debug_robo_cima | INFO | 
----------------------------------------
2026-03-28 09:18:37 | debug_robo_cima | INFO | 📌 VERIFICAÇÃO DE PILAR ESPECIAL ATIVO
2026-03-28 09:18:37 | debug_robo_cima | INFO | ----------------------------------------
2026-03-28 09:18:37 | debug_robo_cima | INFO | ℹ️ 🔄 Verificando se pilar especial está ativo...
2026-03-28 09:18:37 | debug_robo_cima | INFO | ℹ️ 🔄 Status do checkbox pilar_rotacionado_var: False
2026-03-28 09:18:37 | debug_robo_cima | INFO | ℹ️ 🔄 Status do checkbox pilar_especial_ativo_var: False
2026-03-28 09:18:37 | debug_robo_cima | INFO | ℹ️ Pilar especial INATIVO - pilar_rotacionado: False, pilar_especial: False, globais: False, tipo: ''
2026-03-28 09:18:37 | debug_robo_cima | INFO | 
----------------------------------------
2026-03-28 09:18:37 | debug_robo_cima | INFO | 📌 VERIFICAÇÃO DE PILAR ESPECIAL ATIVO
2026-03-28 09:18:37 | debug_robo_cima | INFO | ----------------------------------------
2026-03-28 09:18:37 | debug_robo_cima | INFO | ℹ️ 🔄 Verificando se pilar especial está ativo...
2026-03-28 09:18:37 | debug_robo_cima | INFO | ℹ️ 🔄 Status do checkbox pilar_rotacionado_var: False
2026-03-28 09:18:37 | debug_robo_cima | INFO | ℹ️ 🔄 Status do checkbox pilar_especial_ativo_var: False
2026-03-28 09:18:37 | debug_robo_cima | INFO | ℹ️ Pilar especial INATIVO - pilar_rotacionado: False, pilar_especial: False, globais: False, tipo: ''
2026-03-28 09:18:37 | debug_robo_cima | INFO | 
----------------------------------------
2026-03-28 09:18:37 | debug_robo_cima | INFO | 📌 VERIFICAÇÃO DE PILAR ESPECIAL ATIVO
2026-03-28 09:18:37 | debug_robo_cima | INFO | ----------------------------------------
2026-03-28 09:18:37 | debug_robo_cima | INFO | ℹ️ 🔄 Verificando se pilar especial está ativo...
2026-03-28 09:18:37 | debug_robo_cima | INFO | ℹ️ 🔄 Status do checkbox pilar_rotacionado_var: False
2026-03-28 09:18:37 | debug_robo_cima | INFO | ℹ️ 🔄 Status do checkbox pilar_especial_ativo_var: False
2026-03-28 09:18:37 | debug_robo_cima | INFO | ℹ️ Pilar especial INATIVO - pilar_rotacionado: False, pilar_especial: False, globais: False, tipo: ''
2026-03-28 09:18:37 | debug_robo_cima | INFO | 
----------------------------------------
2026-03-28 09:18:37 | debug_robo_cima | INFO | 📌 VERIFICAÇÃO DE PILAR ESPECIAL ATIVO
2026-03-28 09:18:37 | debug_robo_cima | INFO | ----------------------------------------
2026-03-28 09:18:37 | debug_robo_cima | INFO | ℹ️ 🔄 Verificando se pilar especial está ativo...
2026-03-28 09:18:37 | debug_robo_cima | INFO | ℹ️ 🔄 Status do checkbox pilar_rotacionado_var: False
2026-03-28 09:18:37 | debug_robo_cima | INFO | ℹ️ 🔄 Status do checkbox pilar_especial_ativo_var: False
2026-03-28 09:18:37 | debug_robo_cima | INFO | ℹ️ Pilar especial INATIVO - pilar_rotacionado: False, pilar_especial: False, globais: False, tipo: ''
2026-03-28 09:18:38 | debug_robo_cima | INFO | 
----------------------------------------
2026-03-28 09:18:38 | debug_robo_cima | INFO | 📌 VERIFICAÇÃO DE PILAR ESPECIAL ATIVO
2026-03-28 09:18:38 | debug_robo_cima | INFO | ----------------------------------------
2026-03-28 09:18:38 | debug_robo_cima | INFO | ℹ️ 🔄 Verificando se pilar especial está ativo...
2026-03-28 09:18:38 | debug_robo_cima | INFO | ℹ️ 🔄 Status do checkbox pilar_rotacionado_var: False
2026-03-28 09:18:38 | debug_robo_cima | INFO | ℹ️ 🔄 Status do checkbox pilar_especial_ativo_var: False
2026-03-28 09:18:38 | debug_robo_cima | INFO | ℹ️ Pilar especial INATIVO - pilar_rotacionado: False, pilar_especial: False, globais: False, tipo: ''
2026-03-28 09:18:38 | debug_robo_cima | INFO | 
----------------------------------------
2026-03-28 09:18:38 | debug_robo_cima | INFO | 📌 VERIFICAÇÃO DE PILAR ESPECIAL ATIVO
2026-03-28 09:18:38 | debug_robo_cima | INFO | ----------------------------------------
2026-03-28 09:18:38 | debug_robo_cima | INFO | ℹ️ 🔄 Verificando se pilar especial está ativo...
2026-03-28 09:18:38 | debug_robo_cima | INFO | ℹ️ 🔄 Status do checkbox pilar_rotacionado_var: False
2026-03-28 09:18:38 | debug_robo_cima | INFO | ℹ️ 🔄 Status do checkbox pilar_especial_ativo_var: False
2026-03-28 09:18:38 | debug_robo_cima | INFO | ℹ️ Pilar especial INATIVO - pilar_rotacionado: False, pilar_especial: False, globais: False, tipo: ''
2026-03-28 09:18:38 | debug_robo_cima | INFO | 
----------------------------------------
2026-03-28 09:18:38 | debug_robo_cima | INFO | 📌 VERIFICAÇÃO DE PILAR ESPECIAL ATIVO
2026-03-28 09:18:38 | debug_robo_cima | INFO | ----------------------------------------
2026-03-28 09:18:38 | debug_robo_cima | INFO | ℹ️ 🔄 Verificando se pilar especial está ativo...
2026-03-28 09:18:38 | debug_robo_cima | INFO | ℹ️ 🔄 Status do checkbox pilar_rotacionado_var: False
2026-03-28 09:18:38 | debug_robo_cima | INFO | ℹ️ 🔄 Status do checkbox pilar_especial_ativo_var: False
2026-03-28 09:18:38 | debug_robo_cima | INFO | ℹ️ Pilar especial INATIVO - pilar_rotacionado: False, pilar_especial: False, globais: False, tipo: ''
2026-03-28 09:18:38 | debug_robo_cima | INFO | 
----------------------------------------
2026-03-28 09:18:38 | debug_robo_cima | INFO | 📌 VERIFICAÇÃO DE PILAR ESPECIAL ATIVO
2026-03-28 09:18:38 | debug_robo_cima | INFO | ----------------------------------------
2026-03-28 09:18:38 | debug_robo_cima | INFO | ℹ️ 🔄 Verificando se pilar especial está ativo...
2026-03-28 09:18:38 | debug_robo_cima | INFO | ℹ️ 🔄 Status do checkbox pilar_rotacionado_var: False
2026-03-28 09:18:38 | debug_robo_cima | INFO | ℹ️ 🔄 Status do checkbox pilar_especial_ativo_var: False
2026-03-28 09:18:38 | debug_robo_cima | INFO | ℹ️ Pilar especial INATIVO - pilar_rotacionado: False, pilar_especial: False, globais: False, tipo: ''
2026-03-28 09:18:38 | debug_robo_cima | INFO | 
----------------------------------------
2026-03-28 09:18:38 | debug_robo_cima | INFO | 📌 VERIFICAÇÃO DE PILAR ESPECIAL ATIVO
2026-03-28 09:18:38 | debug_robo_cima | INFO | ----------------------------------------
2026-03-28 09:18:38 | debug_robo_cima | INFO | ℹ️ 🔄 Verificando se pilar especial está ativo...
2026-03-28 09:18:38 | debug_robo_cima | INFO | ℹ️ 🔄 Status do checkbox pilar_rotacionado_var: False
2026-03-28 09:18:38 | debug_robo_cima | INFO | ℹ️ 🔄 Status do checkbox pilar_especial_ativo_var: False
2026-03-28 09:18:38 | debug_robo_cima | INFO | ℹ️ Pilar especial INATIVO - pilar_rotacionado: False, pilar_especial: False, globais: False, tipo: ''
2026-03-28 09:18:38 | debug_robo_cima | INFO | 
----------------------------------------
2026-03-28 09:18:38 | debug_robo_cima | INFO | 📌 VERIFICAÇÃO DE PILAR ESPECIAL ATIVO
2026-03-28 09:18:38 | debug_robo_cima | INFO | ----------------------------------------
2026-03-28 09:18:38 | debug_robo_cima | INFO | ℹ️ 🔄 Verificando se pilar especial está ativo...
2026-03-28 09:18:38 | debug_robo_cima | INFO | ℹ️ 🔄 Status do checkbox pilar_rotacionado_var: False
2026-03-28 09:18:38 | debug_robo_cima | INFO | ℹ️ 🔄 Status do checkbox pilar_especial_ativo_var: False
2026-03-28 09:18:38 | debug_robo_cima | INFO | ℹ️ Pilar especial INATIVO - pilar_rotacionado: False, pilar_especial: False, globais: False, tipo: ''
2026-03-28 09:18:38 | debug_robo_cima | INFO | 
----------------------------------------
2026-03-28 09:18:38 | debug_robo_cima | INFO | 📌 VERIFICAÇÃO DE PILAR ESPECIAL ATIVO
2026-03-28 09:18:38 | debug_robo_cima | INFO | ----------------------------------------
2026-03-28 09:18:38 | debug_robo_cima | INFO | ℹ️ 🔄 Verificando se pilar especial está ativo...
2026-03-28 09:18:38 | debug_robo_cima | INFO | ℹ️ 🔄 Status do checkbox pilar_rotacionado_var: False
2026-03-28 09:18:38 | debug_robo_cima | INFO | ℹ️ 🔄 Status do checkbox pilar_especial_ativo_var: False
2026-03-28 09:18:38 | debug_robo_cima | INFO | ℹ️ Pilar especial INATIVO - pilar_rotacionado: False, pilar_especial: False, globais: False, tipo: ''
2026-03-28 09:18:38 | debug_robo_cima | INFO | 
----------------------------------------
2026-03-28 09:18:38 | debug_robo_cima | INFO | 📌 VERIFICAÇÃO DE PILAR ESPECIAL ATIVO
2026-03-28 09:18:38 | debug_robo_cima | INFO | ----------------------------------------
2026-03-28 09:18:38 | debug_robo_cima | INFO | ℹ️ 🔄 Verificando se pilar especial está ativo...
2026-03-28 09:18:38 | debug_robo_cima | INFO | ℹ️ 🔄 Status do checkbox pilar_rotacionado_var: False
2026-03-28 09:18:38 | debug_robo_cima | INFO | ℹ️ 🔄 Status do checkbox pilar_especial_ativo_var: False
2026-03-28 09:18:38 | debug_robo_cima | INFO | ℹ️ Pilar especial INATIVO - pilar_rotacionado: False, pilar_especial: False, globais: False, tipo: ''
2026-03-28 09:18:38 | debug_robo_cima | INFO | 
----------------------------------------
2026-03-28 09:18:38 | debug_robo_cima | INFO | 📌 VERIFICAÇÃO DE PILAR ESPECIAL ATIVO
2026-03-28 09:18:38 | debug_robo_cima | INFO | ----------------------------------------
2026-03-28 09:18:38 | debug_robo_cima | INFO | ℹ️ 🔄 Verificando se pilar especial está ativo...
2026-03-28 09:18:38 | debug_robo_cima | INFO | ℹ️ 🔄 Status do checkbox pilar_rotacionado_var: False
2026-03-28 09:18:38 | debug_robo_cima | INFO | ℹ️ 🔄 Status do checkbox pilar_especial_ativo_var: False
2026-03-28 09:18:38 | debug_robo_cima | INFO | ℹ️ Pilar especial INATIVO - pilar_rotacionado: False, pilar_especial: False, globais: False, tipo: ''
2026-03-28 09:18:38 | debug_robo_cima | INFO | 
----------------------------------------
2026-03-28 09:18:38 | debug_robo_cima | INFO | 📌 VERIFICAÇÃO DE PILAR ESPECIAL ATIVO
2026-03-28 09:18:38 | debug_robo_cima | INFO | ----------------------------------------
2026-03-28 09:18:38 | debug_robo_cima | INFO | ℹ️ 🔄 Verificando se pilar especial está ativo...
2026-03-28 09:18:38 | debug_robo_cima | INFO | ℹ️ 🔄 Status do checkbox pilar_rotacionado_var: False
2026-03-28 09:18:38 | debug_robo_cima | INFO | ℹ️ 🔄 Status do checkbox pilar_especial_ativo_var: False
2026-03-28 09:18:38 | debug_robo_cima | INFO | ℹ️ Pilar especial INATIVO - pilar_rotacionado: False, pilar_especial: False, globais: False, tipo: ''
2026-03-28 09:18:38 | debug_robo_cima | INFO | 
----------------------------------------
2026-03-28 09:18:38 | debug_robo_cima | INFO | 📌 VERIFICAÇÃO DE PILAR ESPECIAL ATIVO
2026-03-28 09:18:38 | debug_robo_cima | INFO | ----------------------------------------
2026-03-28 09:18:38 | debug_robo_cima | INFO | ℹ️ 🔄 Verificando se pilar especial está ativo...
2026-03-28 09:18:38 | debug_robo_cima | INFO | ℹ️ 🔄 Status do checkbox pilar_rotacionado_var: False
2026-03-28 09:18:38 | debug_robo_cima | INFO | ℹ️ 🔄 Status do checkbox pilar_especial_ativo_var: False
2026-03-28 09:18:38 | debug_robo_cima | INFO | ℹ️ Pilar especial INATIVO - pilar_rotacionado: False, pilar_especial: False, globais: False, tipo: ''
2026-03-28 09:18:38 | debug_robo_cima | INFO | 
----------------------------------------
2026-03-28 09:18:38 | debug_robo_cima | INFO | 📌 VERIFICAÇÃO DE PILAR ESPECIAL ATIVO
2026-03-28 09:18:38 | debug_robo_cima | INFO | ----------------------------------------
2026-03-28 09:18:38 | debug_robo_cima | INFO | ℹ️ 🔄 Verificando se pilar especial está ativo...
2026-03-28 09:18:38 | debug_robo_cima | INFO | ℹ️ 🔄 Status do checkbox pilar_rotacionado_var: False
2026-03-28 09:18:38 | debug_robo_cima | INFO | ℹ️ 🔄 Status do checkbox pilar_especial_ativo_var: False
2026-03-28 09:18:38 | debug_robo_cima | INFO | ℹ️ Pilar especial INATIVO - pilar_rotacionado: False, pilar_especial: False, globais: False, tipo: ''
2026-03-28 09:18:38 | debug_robo_cima | INFO | 
----------------------------------------
2026-03-28 09:18:38 | debug_robo_cima | INFO | 📌 VERIFICAÇÃO DE PILAR ESPECIAL ATIVO
2026-03-28 09:18:38 | debug_robo_cima | INFO | ----------------------------------------
2026-03-28 09:18:38 | debug_robo_cima | INFO | ℹ️ 🔄 Verificando se pilar especial está ativo...
2026-03-28 09:18:38 | debug_robo_cima | INFO | ℹ️ 🔄 Status do checkbox pilar_rotacionado_var: False
2026-03-28 09:18:38 | debug_robo_cima | INFO | ℹ️ 🔄 Status do checkbox pilar_especial_ativo_var: False
2026-03-28 09:18:38 | debug_robo_cima | INFO | ℹ️ Pilar especial INATIVO - pilar_rotacionado: False, pilar_especial: False, globais: False, tipo: ''
2026-03-28 09:18:38 | debug_robo_cima | INFO | 
----------------------------------------
2026-03-28 09:18:38 | debug_robo_cima | INFO | 📌 VERIFICAÇÃO DE PILAR ESPECIAL ATIVO
2026-03-28 09:18:38 | debug_robo_cima | INFO | ----------------------------------------
2026-03-28 09:18:38 | debug_robo_cima | INFO | ℹ️ 🔄 Verificando se pilar especial está ativo...
2026-03-28 09:18:38 | debug_robo_cima | INFO | ℹ️ 🔄 Status do checkbox pilar_rotacionado_var: False
2026-03-28 09:18:38 | debug_robo_cima | INFO | ℹ️ 🔄 Status do checkbox pilar_especial_ativo_var: False
2026-03-28 09:18:38 | debug_robo_cima | INFO | ℹ️ Pilar especial INATIVO - pilar_rotacionado: False, pilar_especial: False, globais: False, tipo: ''
2026-03-28 09:18:38 | debug_robo_cima | INFO | 
----------------------------------------
2026-03-28 09:18:38 | debug_robo_cima | INFO | 📌 VERIFICAÇÃO DE PILAR ESPECIAL ATIVO
2026-03-28 09:18:38 | debug_robo_cima | INFO | ----------------------------------------
2026-03-28 09:18:38 | debug_robo_cima | INFO | ℹ️ 🔄 Verificando se pilar especial está ativo...
2026-03-28 09:18:38 | debug_robo_cima | INFO | ℹ️ 🔄 Status do checkbox pilar_rotacionado_var: False
2026-03-28 09:18:38 | debug_robo_cima | INFO | ℹ️ 🔄 Status do checkbox pilar_especial_ativo_var: False
2026-03-28 09:18:38 | debug_robo_cima | INFO | ℹ️ Pilar especial INATIVO - pilar_rotacionado: False, pilar_especial: False, globais: False, tipo: ''
2026-03-28 09:18:38 | debug_robo_cima | INFO | 
----------------------------------------
2026-03-28 09:18:38 | debug_robo_cima | INFO | 📌 VERIFICAÇÃO DE PILAR ESPECIAL ATIVO
2026-03-28 09:18:38 | debug_robo_cima | INFO | ----------------------------------------
2026-03-28 09:18:38 | debug_robo_cima | INFO | ℹ️ 🔄 Verificando se pilar especial está ativo...
2026-03-28 09:18:38 | debug_robo_cima | INFO | ℹ️ 🔄 Status do checkbox pilar_rotacionado_var: False
2026-03-28 09:18:38 | debug_robo_cima | INFO | ℹ️ 🔄 Status do checkbox pilar_especial_ativo_var: False
2026-03-28 09:18:38 | debug_robo_cima | INFO | ℹ️ Pilar especial INATIVO - pilar_rotacionado: False, pilar_especial: False, globais: False, tipo: ''
2026-03-28 09:18:38 | debug_robo_cima | INFO | 
----------------------------------------
2026-03-28 09:18:38 | debug_robo_cima | INFO | 📌 VERIFICAÇÃO DE PILAR ESPECIAL ATIVO
2026-03-28 09:18:38 | debug_robo_cima | INFO | ----------------------------------------
2026-03-28 09:18:38 | debug_robo_cima | INFO | ℹ️ 🔄 Verificando se pilar especial está ativo...
2026-03-28 09:18:38 | debug_robo_cima | INFO | ℹ️ 🔄 Status do checkbox pilar_rotacionado_var: False
2026-03-28 09:18:38 | debug_robo_cima | INFO | ℹ️ 🔄 Status do checkbox pilar_especial_ativo_var: False
2026-03-28 09:18:38 | debug_robo_cima | INFO | ℹ️ Pilar especial INATIVO - pilar_rotacionado: False, pilar_especial: False, globais: False, tipo: ''
2026-03-28 09:18:38 | debug_robo_cima | INFO | 
----------------------------------------
2026-03-28 09:18:38 | debug_robo_cima | INFO | 📌 VERIFICAÇÃO DE PILAR ESPECIAL ATIVO
2026-03-28 09:18:38 | debug_robo_cima | INFO | ----------------------------------------
2026-03-28 09:18:38 | debug_robo_cima | INFO | ℹ️ 🔄 Verificando se pilar especial está ativo...
2026-03-28 09:18:38 | debug_robo_cima | INFO | ℹ️ 🔄 Status do checkbox pilar_rotacionado_var: False
2026-03-28 09:18:38 | debug_robo_cima | INFO | ℹ️ 🔄 Status do checkbox pilar_especial_ativo_var: False
2026-03-28 09:18:38 | debug_robo_cima | INFO | ℹ️ Pilar especial INATIVO - pilar_rotacionado: False, pilar_especial: False, globais: False, tipo: ''
2026-03-28 09:18:38 | debug_robo_cima | INFO | 
----------------------------------------
2026-03-28 09:18:38 | debug_robo_cima | INFO | 📌 VERIFICAÇÃO DE PILAR ESPECIAL ATIVO
2026-03-28 09:18:38 | debug_robo_cima | INFO | ----------------------------------------
2026-03-28 09:18:38 | debug_robo_cima | INFO | ℹ️ 🔄 Verificando se pilar especial está ativo...
2026-03-28 09:18:38 | debug_robo_cima | INFO | ℹ️ 🔄 Status do checkbox pilar_rotacionado_var: False
2026-03-28 09:18:38 | debug_robo_cima | INFO | ℹ️ 🔄 Status do checkbox pilar_especial_ativo_var: False
2026-03-28 09:18:38 | debug_robo_cima | INFO | ℹ️ Pilar especial INATIVO - pilar_rotacionado: False, pilar_especial: False, globais: False, tipo: ''
2026-03-28 09:18:38 | debug_robo_cima | INFO | 
----------------------------------------
2026-03-28 09:18:38 | debug_robo_cima | INFO | 📌 VERIFICAÇÃO DE PILAR ESPECIAL ATIVO
2026-03-28 09:18:38 | debug_robo_cima | INFO | ----------------------------------------
2026-03-28 09:18:38 | debug_robo_cima | INFO | ℹ️ 🔄 Verificando se pilar especial está ativo...
2026-03-28 09:18:38 | debug_robo_cima | INFO | ℹ️ 🔄 Status do checkbox pilar_rotacionado_var: False
2026-03-28 09:18:38 | debug_robo_cima | INFO | ℹ️ 🔄 Status do checkbox pilar_especial_ativo_var: False
2026-03-28 09:18:38 | debug_robo_cima | INFO | ℹ️ Pilar especial INATIVO - pilar_rotacionado: False, pilar_especial: False, globais: False, tipo: ''
2026-03-28 09:18:38 | debug_robo_cima | INFO | 
----------------------------------------
2026-03-28 09:18:38 | debug_robo_cima | INFO | 📌 VERIFICAÇÃO DE PILAR ESPECIAL ATIVO
2026-03-28 09:18:38 | debug_robo_cima | INFO | ----------------------------------------
2026-03-28 09:18:38 | debug_robo_cima | INFO | ℹ️ 🔄 Verificando se pilar especial está ativo...
2026-03-28 09:18:38 | debug_robo_cima | INFO | ℹ️ 🔄 Status do checkbox pilar_rotacionado_var: False
2026-03-28 09:18:38 | debug_robo_cima | INFO | ℹ️ 🔄 Status do checkbox pilar_especial_ativo_var: False
2026-03-28 09:18:38 | debug_robo_cima | INFO | ℹ️ Pilar especial INATIVO - pilar_rotacionado: False, pilar_especial: False, globais: False, tipo: ''
2026-03-28 09:18:38 | debug_robo_cima | INFO | 
----------------------------------------
2026-03-28 09:18:38 | debug_robo_cima | INFO | 📌 VERIFICAÇÃO DE PILAR ESPECIAL ATIVO
2026-03-28 09:18:38 | debug_robo_cima | INFO | ----------------------------------------
2026-03-28 09:18:38 | debug_robo_cima | INFO | ℹ️ 🔄 Verificando se pilar especial está ativo...
2026-03-28 09:18:38 | debug_robo_cima | INFO | ℹ️ 🔄 Status do checkbox pilar_rotacionado_var: False
2026-03-28 09:18:38 | debug_robo_cima | INFO | ℹ️ 🔄 Status do checkbox pilar_especial_ativo_var: False
2026-03-28 09:18:38 | debug_robo_cima | INFO | ℹ️ Pilar especial INATIVO - pilar_rotacionado: False, pilar_especial: False, globais: False, tipo: ''
2026-03-28 09:18:38 | debug_robo_cima | INFO | 
----------------------------------------
2026-03-28 09:18:38 | debug_robo_cima | INFO | 📌 VERIFICAÇÃO DE PILAR ESPECIAL ATIVO
2026-03-28 09:18:38 | debug_robo_cima | INFO | ----------------------------------------
2026-03-28 09:18:38 | debug_robo_cima | INFO | ℹ️ 🔄 Verificando se pilar especial está ativo...
2026-03-28 09:18:38 | debug_robo_cima | INFO | ℹ️ 🔄 Status do checkbox pilar_rotacionado_var: False
2026-03-28 09:18:38 | debug_robo_cima | INFO | ℹ️ 🔄 Status do checkbox pilar_especial_ativo_var: False
2026-03-28 09:18:38 | debug_robo_cima | INFO | ℹ️ Pilar especial INATIVO - pilar_rotacionado: False, pilar_especial: False, globais: False, tipo: ''
2026-03-28 09:18:38 | debug_robo_cima | INFO | 
----------------------------------------
2026-03-28 09:18:38 | debug_robo_cima | INFO | 📌 VERIFICAÇÃO DE PILAR ESPECIAL ATIVO
2026-03-28 09:18:38 | debug_robo_cima | INFO | ----------------------------------------
2026-03-28 09:18:38 | debug_robo_cima | INFO | ℹ️ 🔄 Verificando se pilar especial está ativo...
2026-03-28 09:18:38 | debug_robo_cima | INFO | ℹ️ 🔄 Status do checkbox pilar_rotacionado_var: False
2026-03-28 09:18:38 | debug_robo_cima | INFO | ℹ️ 🔄 Status do checkbox pilar_especial_ativo_var: False
2026-03-28 09:18:38 | debug_robo_cima | INFO | ℹ️ Pilar especial INATIVO - pilar_rotacionado: False, pilar_especial: False, globais: False, tipo: ''
2026-03-28 09:18:38 | debug_robo_cima | INFO | 
----------------------------------------
2026-03-28 09:18:38 | debug_robo_cima | INFO | 📌 VERIFICAÇÃO DE PILAR ESPECIAL ATIVO
2026-03-28 09:18:38 | debug_robo_cima | INFO | ----------------------------------------
2026-03-28 09:18:38 | debug_robo_cima | INFO | ℹ️ 🔄 Verificando se pilar especial está ativo...
2026-03-28 09:18:38 | debug_robo_cima | INFO | ℹ️ 🔄 Status do checkbox pilar_rotacionado_var: False
2026-03-28 09:18:38 | debug_robo_cima | INFO | ℹ️ 🔄 Status do checkbox pilar_especial_ativo_var: False
2026-03-28 09:18:38 | debug_robo_cima | INFO | ℹ️ Pilar especial INATIVO - pilar_rotacionado: False, pilar_especial: False, globais: False, tipo: ''
2026-03-28 09:18:38 | debug_robo_cima | INFO | 
----------------------------------------
2026-03-28 09:18:38 | debug_robo_cima | INFO | 📌 VERIFICAÇÃO DE PILAR ESPECIAL ATIVO
2026-03-28 09:18:38 | debug_robo_cima | INFO | ----------------------------------------
2026-03-28 09:18:38 | debug_robo_cima | INFO | ℹ️ 🔄 Verificando se pilar especial está ativo...
2026-03-28 09:18:38 | debug_robo_cima | INFO | ℹ️ 🔄 Status do checkbox pilar_rotacionado_var: False
2026-03-28 09:18:38 | debug_robo_cima | INFO | ℹ️ 🔄 Status do checkbox pilar_especial_ativo_var: False
2026-03-28 09:18:38 | debug_robo_cima | INFO | ℹ️ Pilar especial INATIVO - pilar_rotacionado: False, pilar_especial: False, globais: False, tipo: ''
2026-03-28 09:18:38 | debug_robo_cima | INFO | 
----------------------------------------
2026-03-28 09:18:38 | debug_robo_cima | INFO | 📌 VERIFICAÇÃO DE PILAR ESPECIAL ATIVO
2026-03-28 09:18:38 | debug_robo_cima | INFO | ----------------------------------------
2026-03-28 09:18:38 | debug_robo_cima | INFO | ℹ️ 🔄 Verificando se pilar especial está ativo...
2026-03-28 09:18:38 | debug_robo_cima | INFO | ℹ️ 🔄 Status do checkbox pilar_rotacionado_var: False
2026-03-28 09:18:38 | debug_robo_cima | INFO | ℹ️ 🔄 Status do checkbox pilar_especial_ativo_var: False
2026-03-28 09:18:38 | debug_robo_cima | INFO | ℹ️ Pilar especial INATIVO - pilar_rotacionado: False, pilar_especial: False, globais: False, tipo: ''
2026-03-28 09:18:38 | debug_robo_cima | INFO | 
----------------------------------------
2026-03-28 09:18:38 | debug_robo_cima | INFO | 📌 VERIFICAÇÃO DE PILAR ESPECIAL ATIVO
2026-03-28 09:18:38 | debug_robo_cima | INFO | ----------------------------------------
2026-03-28 09:18:38 | debug_robo_cima | INFO | ℹ️ 🔄 Verificando se pilar especial está ativo...
2026-03-28 09:18:38 | debug_robo_cima | INFO | ℹ️ 🔄 Status do checkbox pilar_rotacionado_var: False
2026-03-28 09:18:38 | debug_robo_cima | INFO | ℹ️ 🔄 Status do checkbox pilar_especial_ativo_var: False
2026-03-28 09:18:38 | debug_robo_cima | INFO | ℹ️ Pilar especial INATIVO - pilar_rotacionado: False, pilar_especial: False, globais: False, tipo: ''
2026-03-28 09:18:38 | debug_robo_cima | INFO | 
----------------------------------------
2026-03-28 09:18:38 | debug_robo_cima | INFO | 📌 VERIFICAÇÃO DE PILAR ESPECIAL ATIVO
2026-03-28 09:18:38 | debug_robo_cima | INFO | ----------------------------------------
2026-03-28 09:18:38 | debug_robo_cima | INFO | ℹ️ 🔄 Verificando se pilar especial está ativo...
2026-03-28 09:18:38 | debug_robo_cima | INFO | ℹ️ 🔄 Status do checkbox pilar_rotacionado_var: False
2026-03-28 09:18:38 | debug_robo_cima | INFO | ℹ️ 🔄 Status do checkbox pilar_especial_ativo_var: False
2026-03-28 09:18:38 | debug_robo_cima | INFO | ℹ️ Pilar especial INATIVO - pilar_rotacionado: False, pilar_especial: False, globais: False, tipo: ''
2026-03-28 09:18:38 | debug_robo_cima | INFO | 
----------------------------------------
2026-03-28 09:18:38 | debug_robo_cima | INFO | 📌 VERIFICAÇÃO DE PILAR ESPECIAL ATIVO
2026-03-28 09:18:38 | debug_robo_cima | INFO | ----------------------------------------
2026-03-28 09:18:38 | debug_robo_cima | INFO | ℹ️ 🔄 Verificando se pilar especial está ativo...
2026-03-28 09:18:38 | debug_robo_cima | INFO | ℹ️ 🔄 Status do checkbox pilar_rotacionado_var: False
2026-03-28 09:18:38 | debug_robo_cima | INFO | ℹ️ 🔄 Status do checkbox pilar_especial_ativo_var: False
2026-03-28 09:18:38 | debug_robo_cima | INFO | ℹ️ Pilar especial INATIVO - pilar_rotacionado: False, pilar_especial: False, globais: False, tipo: ''
2026-03-28 09:18:38 | debug_robo_cima | INFO | 
----------------------------------------
2026-03-28 09:18:38 | debug_robo_cima | INFO | 📌 VERIFICAÇÃO DE PILAR ESPECIAL ATIVO
2026-03-28 09:18:38 | debug_robo_cima | INFO | ----------------------------------------
2026-03-28 09:18:38 | debug_robo_cima | INFO | ℹ️ 🔄 Verificando se pilar especial está ativo...
2026-03-28 09:18:38 | debug_robo_cima | INFO | ℹ️ 🔄 Status do checkbox pilar_rotacionado_var: False
2026-03-28 09:18:38 | debug_robo_cima | INFO | ℹ️ 🔄 Status do checkbox pilar_especial_ativo_var: False
2026-03-28 09:18:38 | debug_robo_cima | INFO | ℹ️ Pilar especial INATIVO - pilar_rotacionado: False, pilar_especial: False, globais: False, tipo: ''
2026-03-28 09:18:38 | debug_robo_cima | INFO | 
----------------------------------------
2026-03-28 09:18:38 | debug_robo_cima | INFO | 📌 VERIFICAÇÃO DE PILAR ESPECIAL ATIVO
2026-03-28 09:18:38 | debug_robo_cima | INFO | ----------------------------------------
2026-03-28 09:18:38 | debug_robo_cima | INFO | ℹ️ 🔄 Verificando se pilar especial está ativo...
2026-03-28 09:18:38 | debug_robo_cima | INFO | ℹ️ 🔄 Status do checkbox pilar_rotacionado_var: False
2026-03-28 09:18:38 | debug_robo_cima | INFO | ℹ️ 🔄 Status do checkbox pilar_especial_ativo_var: False
2026-03-28 09:18:38 | debug_robo_cima | INFO | ℹ️ Pilar especial INATIVO - pilar_rotacionado: False, pilar_especial: False, globais: False, tipo: ''
2026-03-28 09:18:38 | debug_robo_cima | INFO | 
----------------------------------------
2026-03-28 09:18:38 | debug_robo_cima | INFO | 📌 VERIFICAÇÃO DE PILAR ESPECIAL ATIVO
2026-03-28 09:18:38 | debug_robo_cima | INFO | ----------------------------------------
2026-03-28 09:18:38 | debug_robo_cima | INFO | ℹ️ 🔄 Verificando se pilar especial está ativo...
2026-03-28 09:18:38 | debug_robo_cima | INFO | ℹ️ 🔄 Status do checkbox pilar_rotacionado_var: False
2026-03-28 09:18:38 | debug_robo_cima | INFO | ℹ️ 🔄 Status do checkbox pilar_especial_ativo_var: False
2026-03-28 09:18:38 | debug_robo_cima | INFO | ℹ️ Pilar especial INATIVO - pilar_rotacionado: False, pilar_especial: False, globais: False, tipo: ''
2026-03-28 09:18:38 | debug_robo_cima | INFO | 
----------------------------------------
2026-03-28 09:18:38 | debug_robo_cima | INFO | 📌 VERIFICAÇÃO DE PILAR ESPECIAL ATIVO
2026-03-28 09:18:38 | debug_robo_cima | INFO | ----------------------------------------
2026-03-28 09:18:38 | debug_robo_cima | INFO | ℹ️ 🔄 Verificando se pilar especial está ativo...
2026-03-28 09:18:38 | debug_robo_cima | INFO | ℹ️ 🔄 Status do checkbox pilar_rotacionado_var: False
2026-03-28 09:18:38 | debug_robo_cima | INFO | ℹ️ 🔄 Status do checkbox pilar_especial_ativo_var: False
2026-03-28 09:18:38 | debug_robo_cima | INFO | ℹ️ Pilar especial INATIVO - pilar_rotacionado: False, pilar_especial: False, globais: False, tipo: ''
2026-03-28 09:18:38 | debug_robo_cima | INFO | 
----------------------------------------
2026-03-28 09:18:38 | debug_robo_cima | INFO | 📌 VERIFICAÇÃO DE PILAR ESPECIAL ATIVO
2026-03-28 09:18:38 | debug_robo_cima | INFO | ----------------------------------------
2026-03-28 09:18:38 | debug_robo_cima | INFO | ℹ️ 🔄 Verificando se pilar especial está ativo...
2026-03-28 09:18:38 | debug_robo_cima | INFO | ℹ️ 🔄 Status do checkbox pilar_rotacionado_var: False
2026-03-28 09:18:38 | debug_robo_cima | INFO | ℹ️ 🔄 Status do checkbox pilar_especial_ativo_var: False
2026-03-28 09:18:38 | debug_robo_cima | INFO | ℹ️ Pilar especial INATIVO - pilar_rotacionado: False, pilar_especial: False, globais: False, tipo: ''
2026-03-28 09:18:38 | debug_robo_cima | INFO | 
----------------------------------------
2026-03-28 09:18:38 | debug_robo_cima | INFO | 📌 VERIFICAÇÃO DE PILAR ESPECIAL ATIVO
2026-03-28 09:18:38 | debug_robo_cima | INFO | ----------------------------------------
2026-03-28 09:18:38 | debug_robo_cima | INFO | ℹ️ 🔄 Verificando se pilar especial está ativo...
2026-03-28 09:18:38 | debug_robo_cima | INFO | ℹ️ 🔄 Status do checkbox pilar_rotacionado_var: False
2026-03-28 09:18:38 | debug_robo_cima | INFO | ℹ️ 🔄 Status do checkbox pilar_especial_ativo_var: False
2026-03-28 09:18:38 | debug_robo_cima | INFO | ℹ️ Pilar especial INATIVO - pilar_rotacionado: False, pilar_especial: False, globais: False, tipo: ''
2026-03-28 09:18:38 | debug_robo_cima | INFO | 
----------------------------------------
2026-03-28 09:18:38 | debug_robo_cima | INFO | 📌 VERIFICAÇÃO DE PILAR ESPECIAL ATIVO
2026-03-28 09:18:38 | debug_robo_cima | INFO | ----------------------------------------
2026-03-28 09:18:38 | debug_robo_cima | INFO | ℹ️ 🔄 Verificando se pilar especial está ativo...
2026-03-28 09:18:38 | debug_robo_cima | INFO | ℹ️ 🔄 Status do checkbox pilar_rotacionado_var: False
2026-03-28 09:18:38 | debug_robo_cima | INFO | ℹ️ 🔄 Status do checkbox pilar_especial_ativo_var: False
2026-03-28 09:18:38 | debug_robo_cima | INFO | ℹ️ Pilar especial INATIVO - pilar_rotacionado: False, pilar_especial: False, globais: False, tipo: ''
2026-03-28 09:18:38 | debug_robo_cima | INFO | 
----------------------------------------
2026-03-28 09:18:38 | debug_robo_cima | INFO | 📌 VERIFICAÇÃO DE PILAR ESPECIAL ATIVO
2026-03-28 09:18:38 | debug_robo_cima | INFO | ----------------------------------------
2026-03-28 09:18:38 | debug_robo_cima | INFO | ℹ️ 🔄 Verificando se pilar especial está ativo...
2026-03-28 09:18:38 | debug_robo_cima | INFO | ℹ️ 🔄 Status do checkbox pilar_rotacionado_var: False
2026-03-28 09:18:38 | debug_robo_cima | INFO | ℹ️ 🔄 Status do checkbox pilar_especial_ativo_var: False
2026-03-28 09:18:38 | debug_robo_cima | INFO | ℹ️ Pilar especial INATIVO - pilar_rotacionado: False, pilar_especial: False, globais: False, tipo: ''
2026-03-28 09:18:38 | debug_robo_cima | INFO | 
----------------------------------------
2026-03-28 09:18:38 | debug_robo_cima | INFO | 📌 VERIFICAÇÃO DE PILAR ESPECIAL ATIVO
2026-03-28 09:18:38 | debug_robo_cima | INFO | ----------------------------------------
2026-03-28 09:18:38 | debug_robo_cima | INFO | ℹ️ 🔄 Verificando se pilar especial está ativo...
2026-03-28 09:18:38 | debug_robo_cima | INFO | ℹ️ 🔄 Status do checkbox pilar_rotacionado_var: False
2026-03-28 09:18:38 | debug_robo_cima | INFO | ℹ️ 🔄 Status do checkbox pilar_especial_ativo_var: False
2026-03-28 09:18:38 | debug_robo_cima | INFO | ℹ️ Pilar especial INATIVO - pilar_rotacionado: False, pilar_especial: False, globais: False, tipo: ''
2026-03-28 09:18:38 | debug_robo_cima | INFO | 
----------------------------------------
2026-03-28 09:18:38 | debug_robo_cima | INFO | 📌 VERIFICAÇÃO DE PILAR ESPECIAL ATIVO
2026-03-28 09:18:38 | debug_robo_cima | INFO | ----------------------------------------
2026-03-28 09:18:38 | debug_robo_cima | INFO | ℹ️ 🔄 Verificando se pilar especial está ativo...
2026-03-28 09:18:38 | debug_robo_cima | INFO | ℹ️ 🔄 Status do checkbox pilar_rotacionado_var: False
2026-03-28 09:18:38 | debug_robo_cima | INFO | ℹ️ 🔄 Status do checkbox pilar_especial_ativo_var: False
2026-03-28 09:18:38 | debug_robo_cima | INFO | ℹ️ Pilar especial INATIVO - pilar_rotacionado: False, pilar_especial: False, globais: False, tipo: ''
2026-03-28 09:18:38 | debug_robo_cima | INFO | 
----------------------------------------
2026-03-28 09:18:38 | debug_robo_cima | INFO | 📌 VERIFICAÇÃO DE PILAR ESPECIAL ATIVO
2026-03-28 09:18:38 | debug_robo_cima | INFO | ----------------------------------------
2026-03-28 09:18:38 | debug_robo_cima | INFO | ℹ️ 🔄 Verificando se pilar especial está ativo...
2026-03-28 09:18:38 | debug_robo_cima | INFO | ℹ️ 🔄 Status do checkbox pilar_rotacionado_var: False
2026-03-28 09:18:38 | debug_robo_cima | INFO | ℹ️ 🔄 Status do checkbox pilar_especial_ativo_var: False
2026-03-28 09:18:38 | debug_robo_cima | INFO | ℹ️ Pilar especial INATIVO - pilar_rotacionado: False, pilar_especial: False, globais: False, tipo: ''
2026-03-28 09:18:38 | debug_robo_cima | INFO | 
----------------------------------------
2026-03-28 09:18:38 | debug_robo_cima | INFO | 📌 VERIFICAÇÃO DE PILAR ESPECIAL ATIVO
2026-03-28 09:18:38 | debug_robo_cima | INFO | ----------------------------------------
2026-03-28 09:18:38 | debug_robo_cima | INFO | ℹ️ 🔄 Verificando se pilar especial está ativo...
2026-03-28 09:18:38 | debug_robo_cima | INFO | ℹ️ 🔄 Status do checkbox pilar_rotacionado_var: False
2026-03-28 09:18:38 | debug_robo_cima | INFO | ℹ️ 🔄 Status do checkbox pilar_especial_ativo_var: False
2026-03-28 09:18:38 | debug_robo_cima | INFO | ℹ️ Pilar especial INATIVO - pilar_rotacionado: False, pilar_especial: False, globais: False, tipo: ''
2026-03-28 09:18:38 | debug_robo_cima | INFO | 
----------------------------------------
2026-03-28 09:18:38 | debug_robo_cima | INFO | 📌 VERIFICAÇÃO DE PILAR ESPECIAL ATIVO
2026-03-28 09:18:38 | debug_robo_cima | INFO | ----------------------------------------
2026-03-28 09:18:38 | debug_robo_cima | INFO | ℹ️ 🔄 Verificando se pilar especial está ativo...
2026-03-28 09:18:38 | debug_robo_cima | INFO | ℹ️ 🔄 Status do checkbox pilar_rotacionado_var: False
2026-03-28 09:18:38 | debug_robo_cima | INFO | ℹ️ 🔄 Status do checkbox pilar_especial_ativo_var: False
2026-03-28 09:18:38 | debug_robo_cima | INFO | ℹ️ Pilar especial INATIVO - pilar_rotacionado: False, pilar_especial: False, globais: False, tipo: ''
2026-03-28 09:18:38 | debug_robo_cima | INFO | 
----------------------------------------
2026-03-28 09:18:38 | debug_robo_cima | INFO | 📌 VERIFICAÇÃO DE PILAR ESPECIAL ATIVO
2026-03-28 09:18:38 | debug_robo_cima | INFO | ----------------------------------------
2026-03-28 09:18:38 | debug_robo_cima | INFO | ℹ️ 🔄 Verificando se pilar especial está ativo...
2026-03-28 09:18:38 | debug_robo_cima | INFO | ℹ️ 🔄 Status do checkbox pilar_rotacionado_var: False
2026-03-28 09:18:38 | debug_robo_cima | INFO | ℹ️ 🔄 Status do checkbox pilar_especial_ativo_var: False
2026-03-28 09:18:38 | debug_robo_cima | INFO | ℹ️ Pilar especial INATIVO - pilar_rotacionado: False, pilar_especial: False, globais: False, tipo: ''
2026-03-28 09:18:38 | debug_robo_cima | INFO | 
----------------------------------------
2026-03-28 09:18:38 | debug_robo_cima | INFO | 📌 VERIFICAÇÃO DE PILAR ESPECIAL ATIVO
2026-03-28 09:18:38 | debug_robo_cima | INFO | ----------------------------------------
2026-03-28 09:18:38 | debug_robo_cima | INFO | ℹ️ 🔄 Verificando se pilar especial está ativo...
2026-03-28 09:18:38 | debug_robo_cima | INFO | ℹ️ 🔄 Status do checkbox pilar_rotacionado_var: False
2026-03-28 09:18:38 | debug_robo_cima | INFO | ℹ️ 🔄 Status do checkbox pilar_especial_ativo_var: False
2026-03-28 09:18:38 | debug_robo_cima | INFO | ℹ️ Pilar especial INATIVO - pilar_rotacionado: False, pilar_especial: False, globais: False, tipo: ''
2026-03-28 09:18:38 | debug_robo_cima | INFO | 
----------------------------------------
2026-03-28 09:18:38 | debug_robo_cima | INFO | 📌 VERIFICAÇÃO DE PILAR ESPECIAL ATIVO
2026-03-28 09:18:38 | debug_robo_cima | INFO | ----------------------------------------
2026-03-28 09:18:38 | debug_robo_cima | INFO | ℹ️ 🔄 Verificando se pilar especial está ativo...
2026-03-28 09:18:38 | debug_robo_cima | INFO | ℹ️ 🔄 Status do checkbox pilar_rotacionado_var: False
2026-03-28 09:18:38 | debug_robo_cima | INFO | ℹ️ 🔄 Status do checkbox pilar_especial_ativo_var: False
2026-03-28 09:18:38 | debug_robo_cima | INFO | ℹ️ Pilar especial INATIVO - pilar_rotacionado: False, pilar_especial: False, globais: False, tipo: ''
2026-03-28 09:18:38 | debug_robo_cima | INFO | 
----------------------------------------
2026-03-28 09:18:38 | debug_robo_cima | INFO | 📌 VERIFICAÇÃO DE PILAR ESPECIAL ATIVO
2026-03-28 09:18:38 | debug_robo_cima | INFO | ----------------------------------------
2026-03-28 09:18:38 | debug_robo_cima | INFO | ℹ️ 🔄 Verificando se pilar especial está ativo...
2026-03-28 09:18:38 | debug_robo_cima | INFO | ℹ️ 🔄 Status do checkbox pilar_rotacionado_var: False
2026-03-28 09:18:38 | debug_robo_cima | INFO | ℹ️ 🔄 Status do checkbox pilar_especial_ativo_var: False
2026-03-28 09:18:38 | debug_robo_cima | INFO | ℹ️ Pilar especial INATIVO - pilar_rotacionado: False, pilar_especial: False, globais: False, tipo: ''
2026-03-28 09:18:38 | debug_robo_cima | INFO | 
----------------------------------------
2026-03-28 09:18:38 | debug_robo_cima | INFO | 📌 VERIFICAÇÃO DE PILAR ESPECIAL ATIVO
2026-03-28 09:18:38 | debug_robo_cima | INFO | ----------------------------------------
2026-03-28 09:18:38 | debug_robo_cima | INFO | ℹ️ 🔄 Verificando se pilar especial está ativo...
2026-03-28 09:18:38 | debug_robo_cima | INFO | ℹ️ 🔄 Status do checkbox pilar_rotacionado_var: False
2026-03-28 09:18:38 | debug_robo_cima | INFO | ℹ️ 🔄 Status do checkbox pilar_especial_ativo_var: False
2026-03-28 09:18:38 | debug_robo_cima | INFO | ℹ️ Pilar especial INATIVO - pilar_rotacionado: False, pilar_especial: False, globais: False, tipo: ''
2026-03-28 09:18:38 | debug_robo_cima | INFO | 
----------------------------------------
2026-03-28 09:18:38 | debug_robo_cima | INFO | 📌 VERIFICAÇÃO DE PILAR ESPECIAL ATIVO
2026-03-28 09:18:38 | debug_robo_cima | INFO | ----------------------------------------
2026-03-28 09:18:38 | debug_robo_cima | INFO | ℹ️ 🔄 Verificando se pilar especial está ativo...
2026-03-28 09:18:38 | debug_robo_cima | INFO | ℹ️ 🔄 Status do checkbox pilar_rotacionado_var: False
2026-03-28 09:18:38 | debug_robo_cima | INFO | ℹ️ 🔄 Status do checkbox pilar_especial_ativo_var: False
2026-03-28 09:18:38 | debug_robo_cima | INFO | ℹ️ Pilar especial INATIVO - pilar_rotacionado: False, pilar_especial: False, globais: False, tipo: ''
2026-03-28 09:18:38 | debug_robo_cima | INFO | 
----------------------------------------
2026-03-28 09:18:38 | debug_robo_cima | INFO | 📌 VERIFICAÇÃO DE PILAR ESPECIAL ATIVO
2026-03-28 09:18:38 | debug_robo_cima | INFO | ----------------------------------------
2026-03-28 09:18:38 | debug_robo_cima | INFO | ℹ️ 🔄 Verificando se pilar especial está ativo...
2026-03-28 09:18:38 | debug_robo_cima | INFO | ℹ️ 🔄 Status do checkbox pilar_rotacionado_var: False
2026-03-28 09:18:38 | debug_robo_cima | INFO | ℹ️ 🔄 Status do checkbox pilar_especial_ativo_var: False
2026-03-28 09:18:38 | debug_robo_cima | INFO | ℹ️ Pilar especial INATIVO - pilar_rotacionado: False, pilar_especial: False, globais: False, tipo: ''
2026-03-28 09:18:38 | debug_robo_cima | INFO | 
----------------------------------------
2026-03-28 09:18:38 | debug_robo_cima | INFO | 📌 VERIFICAÇÃO DE PILAR ESPECIAL ATIVO
2026-03-28 09:18:38 | debug_robo_cima | INFO | ----------------------------------------
2026-03-28 09:18:38 | debug_robo_cima | INFO | ℹ️ 🔄 Verificando se pilar especial está ativo...
2026-03-28 09:18:38 | debug_robo_cima | INFO | ℹ️ 🔄 Status do checkbox pilar_rotacionado_var: False
2026-03-28 09:18:38 | debug_robo_cima | INFO | ℹ️ 🔄 Status do checkbox pilar_especial_ativo_var: False
2026-03-28 09:18:38 | debug_robo_cima | INFO | ℹ️ Pilar especial INATIVO - pilar_rotacionado: False, pilar_especial: False, globais: False, tipo: ''
2026-03-28 09:18:38 | debug_robo_cima | INFO | 
----------------------------------------
2026-03-28 09:18:38 | debug_robo_cima | INFO | 📌 VERIFICAÇÃO DE PILAR ESPECIAL ATIVO
2026-03-28 09:18:38 | debug_robo_cima | INFO | ----------------------------------------
2026-03-28 09:18:38 | debug_robo_cima | INFO | ℹ️ 🔄 Verificando se pilar especial está ativo...
2026-03-28 09:18:38 | debug_robo_cima | INFO | ℹ️ 🔄 Status do checkbox pilar_rotacionado_var: False
2026-03-28 09:18:38 | debug_robo_cima | INFO | ℹ️ 🔄 Status do checkbox pilar_especial_ativo_var: False
2026-03-28 09:18:38 | debug_robo_cima | INFO | ℹ️ Pilar especial INATIVO - pilar_rotacionado: False, pilar_especial: False, globais: False, tipo: ''
2026-03-28 09:18:38 | debug_robo_cima | INFO | 
----------------------------------------
2026-03-28 09:18:38 | debug_robo_cima | INFO | 📌 VERIFICAÇÃO DE PILAR ESPECIAL ATIVO
2026-03-28 09:18:38 | debug_robo_cima | INFO | ----------------------------------------
2026-03-28 09:18:38 | debug_robo_cima | INFO | ℹ️ 🔄 Verificando se pilar especial está ativo...
2026-03-28 09:18:38 | debug_robo_cima | INFO | ℹ️ 🔄 Status do checkbox pilar_rotacionado_var: False
2026-03-28 09:18:38 | debug_robo_cima | INFO | ℹ️ 🔄 Status do checkbox pilar_especial_ativo_var: False
2026-03-28 09:18:38 | debug_robo_cima | INFO | ℹ️ Pilar especial INATIVO - pilar_rotacionado: False, pilar_especial: False, globais: False, tipo: ''
2026-03-28 09:18:38 | debug_robo_cima | INFO | 
----------------------------------------
2026-03-28 09:18:38 | debug_robo_cima | INFO | 📌 VERIFICAÇÃO DE PILAR ESPECIAL ATIVO
2026-03-28 09:18:38 | debug_robo_cima | INFO | ----------------------------------------
2026-03-28 09:18:38 | debug_robo_cima | INFO | ℹ️ 🔄 Verificando se pilar especial está ativo...
2026-03-28 09:18:38 | debug_robo_cima | INFO | ℹ️ 🔄 Status do checkbox pilar_rotacionado_var: False
2026-03-28 09:18:38 | debug_robo_cima | INFO | ℹ️ 🔄 Status do checkbox pilar_especial_ativo_var: False
2026-03-28 09:18:38 | debug_robo_cima | INFO | ℹ️ Pilar especial INATIVO - pilar_rotacionado: False, pilar_especial: False, globais: False, tipo: ''
2026-03-28 09:18:38 | debug_robo_cima | INFO | 
----------------------------------------
2026-03-28 09:18:38 | debug_robo_cima | INFO | 📌 VERIFICAÇÃO DE PILAR ESPECIAL ATIVO
2026-03-28 09:18:38 | debug_robo_cima | INFO | ----------------------------------------
2026-03-28 09:18:38 | debug_robo_cima | INFO | ℹ️ 🔄 Verificando se pilar especial está ativo...
2026-03-28 09:18:38 | debug_robo_cima | INFO | ℹ️ 🔄 Status do checkbox pilar_rotacionado_var: False
2026-03-28 09:18:38 | debug_robo_cima | INFO | ℹ️ 🔄 Status do checkbox pilar_especial_ativo_var: False
2026-03-28 09:18:38 | debug_robo_cima | INFO | ℹ️ Pilar especial INATIVO - pilar_rotacionado: False, pilar_especial: False, globais: False, tipo: ''
2026-03-28 09:18:38 | debug_robo_cima | INFO | 
----------------------------------------
2026-03-28 09:18:38 | debug_robo_cima | INFO | 📌 VERIFICAÇÃO DE PILAR ESPECIAL ATIVO
2026-03-28 09:18:38 | debug_robo_cima | INFO | ----------------------------------------
2026-03-28 09:18:38 | debug_robo_cima | INFO | ℹ️ 🔄 Verificando se pilar especial está ativo...
2026-03-28 09:18:38 | debug_robo_cima | INFO | ℹ️ 🔄 Status do checkbox pilar_rotacionado_var: False
2026-03-28 09:18:38 | debug_robo_cima | INFO | ℹ️ 🔄 Status do checkbox pilar_especial_ativo_var: False
2026-03-28 09:18:38 | debug_robo_cima | INFO | ℹ️ Pilar especial INATIVO - pilar_rotacionado: False, pilar_especial: False, globais: False, tipo: ''
2026-03-28 09:18:38 | debug_robo_cima | INFO | 
----------------------------------------
2026-03-28 09:18:38 | debug_robo_cima | INFO | 📌 VERIFICAÇÃO DE PILAR ESPECIAL ATIVO
2026-03-28 09:18:38 | debug_robo_cima | INFO | ----------------------------------------
2026-03-28 09:18:38 | debug_robo_cima | INFO | ℹ️ 🔄 Verificando se pilar especial está ativo...
2026-03-28 09:18:38 | debug_robo_cima | INFO | ℹ️ 🔄 Status do checkbox pilar_rotacionado_var: False
2026-03-28 09:18:38 | debug_robo_cima | INFO | ℹ️ 🔄 Status do checkbox pilar_especial_ativo_var: False
2026-03-28 09:18:38 | debug_robo_cima | INFO | ℹ️ Pilar especial INATIVO - pilar_rotacionado: False, pilar_especial: False, globais: False, tipo: ''
2026-03-28 09:18:38 | debug_robo_cima | INFO | 
----------------------------------------
2026-03-28 09:18:38 | debug_robo_cima | INFO | 📌 VERIFICAÇÃO DE PILAR ESPECIAL ATIVO
2026-03-28 09:18:38 | debug_robo_cima | INFO | ----------------------------------------
2026-03-28 09:18:38 | debug_robo_cima | INFO | ℹ️ 🔄 Verificando se pilar especial está ativo...
2026-03-28 09:18:38 | debug_robo_cima | INFO | ℹ️ 🔄 Status do checkbox pilar_rotacionado_var: False
2026-03-28 09:18:38 | debug_robo_cima | INFO | ℹ️ 🔄 Status do checkbox pilar_especial_ativo_var: False
2026-03-28 09:18:38 | debug_robo_cima | INFO | ℹ️ Pilar especial INATIVO - pilar_rotacionado: False, pilar_especial: False, globais: False, tipo: ''
2026-03-28 09:18:38 | debug_robo_cima | INFO | 
----------------------------------------
2026-03-28 09:18:38 | debug_robo_cima | INFO | 📌 VERIFICAÇÃO DE PILAR ESPECIAL ATIVO
2026-03-28 09:18:38 | debug_robo_cima | INFO | ----------------------------------------
2026-03-28 09:18:38 | debug_robo_cima | INFO | ℹ️ 🔄 Verificando se pilar especial está ativo...
2026-03-28 09:18:38 | debug_robo_cima | INFO | ℹ️ 🔄 Status do checkbox pilar_rotacionado_var: False
2026-03-28 09:18:38 | debug_robo_cima | INFO | ℹ️ 🔄 Status do checkbox pilar_especial_ativo_var: False
2026-03-28 09:18:38 | debug_robo_cima | INFO | ℹ️ Pilar especial INATIVO - pilar_rotacionado: False, pilar_especial: False, globais: False, tipo: ''
2026-03-28 09:18:38 | debug_robo_cima | INFO | 
----------------------------------------
2026-03-28 09:18:38 | debug_robo_cima | INFO | 📌 VERIFICAÇÃO DE PILAR ESPECIAL ATIVO
2026-03-28 09:18:38 | debug_robo_cima | INFO | ----------------------------------------
2026-03-28 09:18:38 | debug_robo_cima | INFO | ℹ️ 🔄 Verificando se pilar especial está ativo...
2026-03-28 09:18:38 | debug_robo_cima | INFO | ℹ️ 🔄 Status do checkbox pilar_rotacionado_var: False
2026-03-28 09:18:38 | debug_robo_cima | INFO | ℹ️ 🔄 Status do checkbox pilar_especial_ativo_var: False
2026-03-28 09:18:38 | debug_robo_cima | INFO | ℹ️ Pilar especial INATIVO - pilar_rotacionado: False, pilar_especial: False, globais: False, tipo: ''
2026-03-28 09:18:39 | debug_robo_cima | INFO | 
----------------------------------------
2026-03-28 09:18:39 | debug_robo_cima | INFO | 📌 VERIFICAÇÃO DE PILAR ESPECIAL ATIVO
2026-03-28 09:18:39 | debug_robo_cima | INFO | ----------------------------------------
2026-03-28 09:18:39 | debug_robo_cima | INFO | ℹ️ 🔄 Verificando se pilar especial está ativo...
2026-03-28 09:18:39 | debug_robo_cima | INFO | ℹ️ 🔄 Status do checkbox pilar_rotacionado_var: False
2026-03-28 09:18:39 | debug_robo_cima | INFO | ℹ️ 🔄 Status do checkbox pilar_especial_ativo_var: False
2026-03-28 09:18:39 | debug_robo_cima | INFO | ℹ️ Pilar especial INATIVO - pilar_rotacionado: False, pilar_especial: False, globais: False, tipo: ''
2026-03-28 09:18:39 | debug_robo_cima | INFO | 
----------------------------------------
2026-03-28 09:18:39 | debug_robo_cima | INFO | 📌 VERIFICAÇÃO DE PILAR ESPECIAL ATIVO
2026-03-28 09:18:39 | debug_robo_cima | INFO | ----------------------------------------
2026-03-28 09:18:39 | debug_robo_cima | INFO | ℹ️ 🔄 Verificando se pilar especial está ativo...
2026-03-28 09:18:39 | debug_robo_cima | INFO | ℹ️ 🔄 Status do checkbox pilar_rotacionado_var: False
2026-03-28 09:18:39 | debug_robo_cima | INFO | ℹ️ 🔄 Status do checkbox pilar_especial_ativo_var: False
2026-03-28 09:18:39 | debug_robo_cima | INFO | ℹ️ Pilar especial INATIVO - pilar_rotacionado: False, pilar_especial: False, globais: False, tipo: ''
2026-03-28 09:18:39 | debug_robo_cima | INFO | 
----------------------------------------
2026-03-28 09:18:39 | debug_robo_cima | INFO | 📌 VERIFICAÇÃO DE PILAR ESPECIAL ATIVO
2026-03-28 09:18:39 | debug_robo_cima | INFO | ----------------------------------------
2026-03-28 09:18:39 | debug_robo_cima | INFO | ℹ️ 🔄 Verificando se pilar especial está ativo...
2026-03-28 09:18:39 | debug_robo_cima | INFO | ℹ️ 🔄 Status do checkbox pilar_rotacionado_var: False
2026-03-28 09:18:39 | debug_robo_cima | INFO | ℹ️ 🔄 Status do checkbox pilar_especial_ativo_var: False
2026-03-28 09:18:39 | debug_robo_cima | INFO | ℹ️ Pilar especial INATIVO - pilar_rotacionado: False, pilar_especial: False, globais: False, tipo: ''
2026-03-28 09:18:39 | debug_robo_cima | INFO | 
----------------------------------------
2026-03-28 09:18:39 | debug_robo_cima | INFO | 📌 VERIFICAÇÃO DE PILAR ESPECIAL ATIVO
2026-03-28 09:18:39 | debug_robo_cima | INFO | ----------------------------------------
2026-03-28 09:18:39 | debug_robo_cima | INFO | ℹ️ 🔄 Verificando se pilar especial está ativo...
2026-03-28 09:18:39 | debug_robo_cima | INFO | ℹ️ 🔄 Status do checkbox pilar_rotacionado_var: False
2026-03-28 09:18:39 | debug_robo_cima | INFO | ℹ️ 🔄 Status do checkbox pilar_especial_ativo_var: False
2026-03-28 09:18:39 | debug_robo_cima | INFO | ℹ️ Pilar especial INATIVO - pilar_rotacionado: False, pilar_especial: False, globais: False, tipo: ''
2026-03-28 09:18:39 | debug_robo_cima | INFO | 
----------------------------------------
2026-03-28 09:18:39 | debug_robo_cima | INFO | 📌 VERIFICAÇÃO DE PILAR ESPECIAL ATIVO
2026-03-28 09:18:39 | debug_robo_cima | INFO | ----------------------------------------
2026-03-28 09:18:39 | debug_robo_cima | INFO | ℹ️ 🔄 Verificando se pilar especial está ativo...
2026-03-28 09:18:39 | debug_robo_cima | INFO | ℹ️ 🔄 Status do checkbox pilar_rotacionado_var: False
2026-03-28 09:18:39 | debug_robo_cima | INFO | ℹ️ 🔄 Status do checkbox pilar_especial_ativo_var: False
2026-03-28 09:18:39 | debug_robo_cima | INFO | ℹ️ Pilar especial INATIVO - pilar_rotacionado: False, pilar_especial: False, globais: False, tipo: ''
2026-03-28 09:18:39 | debug_robo_cima | INFO | 
----------------------------------------
2026-03-28 09:18:39 | debug_robo_cima | INFO | 📌 VERIFICAÇÃO DE PILAR ESPECIAL ATIVO
2026-03-28 09:18:39 | debug_robo_cima | INFO | ----------------------------------------
2026-03-28 09:18:39 | debug_robo_cima | INFO | ℹ️ 🔄 Verificando se pilar especial está ativo...
2026-03-28 09:18:39 | debug_robo_cima | INFO | ℹ️ 🔄 Status do checkbox pilar_rotacionado_var: False
2026-03-28 09:18:39 | debug_robo_cima | INFO | ℹ️ 🔄 Status do checkbox pilar_especial_ativo_var: False
2026-03-28 09:18:39 | debug_robo_cima | INFO | ℹ️ Pilar especial INATIVO - pilar_rotacionado: False, pilar_especial: False, globais: False, tipo: ''
2026-03-28 09:18:39 | debug_robo_cima | INFO | 
----------------------------------------
2026-03-28 09:18:39 | debug_robo_cima | INFO | 📌 VERIFICAÇÃO DE PILAR ESPECIAL ATIVO
2026-03-28 09:18:39 | debug_robo_cima | INFO | ----------------------------------------
2026-03-28 09:18:39 | debug_robo_cima | INFO | ℹ️ 🔄 Verificando se pilar especial está ativo...
2026-03-28 09:18:39 | debug_robo_cima | INFO | ℹ️ 🔄 Status do checkbox pilar_rotacionado_var: False
2026-03-28 09:18:39 | debug_robo_cima | INFO | ℹ️ 🔄 Status do checkbox pilar_especial_ativo_var: False
2026-03-28 09:18:39 | debug_robo_cima | INFO | ℹ️ Pilar especial INATIVO - pilar_rotacionado: False, pilar_especial: False, globais: False, tipo: ''
2026-03-28 09:18:39 | debug_robo_cima | INFO | 
----------------------------------------
2026-03-28 09:18:39 | debug_robo_cima | INFO | 📌 VERIFICAÇÃO DE PILAR ESPECIAL ATIVO
2026-03-28 09:18:39 | debug_robo_cima | INFO | ----------------------------------------
2026-03-28 09:18:39 | debug_robo_cima | INFO | ℹ️ 🔄 Verificando se pilar especial está ativo...
2026-03-28 09:18:39 | debug_robo_cima | INFO | ℹ️ 🔄 Status do checkbox pilar_rotacionado_var: False
2026-03-28 09:18:39 | debug_robo_cima | INFO | ℹ️ 🔄 Status do checkbox pilar_especial_ativo_var: False
2026-03-28 09:18:39 | debug_robo_cima | INFO | ℹ️ Pilar especial INATIVO - pilar_rotacionado: False, pilar_especial: False, globais: False, tipo: ''
2026-03-28 09:18:39 | debug_robo_cima | INFO | 
----------------------------------------
2026-03-28 09:18:39 | debug_robo_cima | INFO | 📌 VERIFICAÇÃO DE PILAR ESPECIAL ATIVO
2026-03-28 09:18:39 | debug_robo_cima | INFO | ----------------------------------------
2026-03-28 09:18:39 | debug_robo_cima | INFO | ℹ️ 🔄 Verificando se pilar especial está ativo...
2026-03-28 09:18:39 | debug_robo_cima | INFO | ℹ️ 🔄 Status do checkbox pilar_rotacionado_var: False
2026-03-28 09:18:39 | debug_robo_cima | INFO | ℹ️ 🔄 Status do checkbox pilar_especial_ativo_var: False
2026-03-28 09:18:39 | debug_robo_cima | INFO | ℹ️ Pilar especial INATIVO - pilar_rotacionado: False, pilar_especial: False, globais: False, tipo: ''
2026-03-28 09:18:39 | debug_robo_cima | INFO | 
----------------------------------------
2026-03-28 09:18:39 | debug_robo_cima | INFO | 📌 VERIFICAÇÃO DE PILAR ESPECIAL ATIVO
2026-03-28 09:18:39 | debug_robo_cima | INFO | ----------------------------------------
2026-03-28 09:18:39 | debug_robo_cima | INFO | ℹ️ 🔄 Verificando se pilar especial está ativo...
2026-03-28 09:18:39 | debug_robo_cima | INFO | ℹ️ 🔄 Status do checkbox pilar_rotacionado_var: False
2026-03-28 09:18:39 | debug_robo_cima | INFO | ℹ️ 🔄 Status do checkbox pilar_especial_ativo_var: False
2026-03-28 09:18:39 | debug_robo_cima | INFO | ℹ️ Pilar especial INATIVO - pilar_rotacionado: False, pilar_especial: False, globais: False, tipo: ''
2026-03-28 09:18:39 | debug_robo_cima | INFO | 
----------------------------------------
2026-03-28 09:18:39 | debug_robo_cima | INFO | 📌 VERIFICAÇÃO DE PILAR ESPECIAL ATIVO
2026-03-28 09:18:39 | debug_robo_cima | INFO | ----------------------------------------
2026-03-28 09:18:39 | debug_robo_cima | INFO | ℹ️ 🔄 Verificando se pilar especial está ativo...
2026-03-28 09:18:39 | debug_robo_cima | INFO | ℹ️ 🔄 Status do checkbox pilar_rotacionado_var: False
2026-03-28 09:18:39 | debug_robo_cima | INFO | ℹ️ 🔄 Status do checkbox pilar_especial_ativo_var: False
2026-03-28 09:18:39 | debug_robo_cima | INFO | ℹ️ Pilar especial INATIVO - pilar_rotacionado: False, pilar_especial: False, globais: False, tipo: ''
2026-03-28 09:18:39 | debug_robo_cima | INFO | 
----------------------------------------
2026-03-28 09:18:39 | debug_robo_cima | INFO | 📌 VERIFICAÇÃO DE PILAR ESPECIAL ATIVO
2026-03-28 09:18:39 | debug_robo_cima | INFO | ----------------------------------------
2026-03-28 09:18:39 | debug_robo_cima | INFO | ℹ️ 🔄 Verificando se pilar especial está ativo...
2026-03-28 09:18:39 | debug_robo_cima | INFO | ℹ️ 🔄 Status do checkbox pilar_rotacionado_var: False
2026-03-28 09:18:39 | debug_robo_cima | INFO | ℹ️ 🔄 Status do checkbox pilar_especial_ativo_var: False
2026-03-28 09:18:39 | debug_robo_cima | INFO | ℹ️ Pilar especial INATIVO - pilar_rotacionado: False, pilar_especial: False, globais: False, tipo: ''
2026-03-28 09:18:39 | debug_robo_cima | INFO | 
----------------------------------------
2026-03-28 09:18:39 | debug_robo_cima | INFO | 📌 VERIFICAÇÃO DE PILAR ESPECIAL ATIVO
2026-03-28 09:18:39 | debug_robo_cima | INFO | ----------------------------------------
2026-03-28 09:18:39 | debug_robo_cima | INFO | ℹ️ 🔄 Verificando se pilar especial está ativo...
2026-03-28 09:18:39 | debug_robo_cima | INFO | ℹ️ 🔄 Status do checkbox pilar_rotacionado_var: False
2026-03-28 09:18:39 | debug_robo_cima | INFO | ℹ️ 🔄 Status do checkbox pilar_especial_ativo_var: False
2026-03-28 09:18:39 | debug_robo_cima | INFO | ℹ️ Pilar especial INATIVO - pilar_rotacionado: False, pilar_especial: False, globais: False, tipo: ''
2026-03-28 09:18:39 | debug_robo_cima | INFO | 
----------------------------------------
2026-03-28 09:18:39 | debug_robo_cima | INFO | 📌 VERIFICAÇÃO DE PILAR ESPECIAL ATIVO
2026-03-28 09:18:39 | debug_robo_cima | INFO | ----------------------------------------
2026-03-28 09:18:39 | debug_robo_cima | INFO | ℹ️ 🔄 Verificando se pilar especial está ativo...
2026-03-28 09:18:39 | debug_robo_cima | INFO | ℹ️ 🔄 Status do checkbox pilar_rotacionado_var: False
2026-03-28 09:18:39 | debug_robo_cima | INFO | ℹ️ 🔄 Status do checkbox pilar_especial_ativo_var: False
2026-03-28 09:18:39 | debug_robo_cima | INFO | ℹ️ Pilar especial INATIVO - pilar_rotacionado: False, pilar_especial: False, globais: False, tipo: ''
2026-03-28 09:18:39 | debug_robo_cima | INFO | 
----------------------------------------
2026-03-28 09:18:39 | debug_robo_cima | INFO | 📌 VERIFICAÇÃO DE PILAR ESPECIAL ATIVO
2026-03-28 09:18:39 | debug_robo_cima | INFO | ----------------------------------------
2026-03-28 09:18:39 | debug_robo_cima | INFO | ℹ️ 🔄 Verificando se pilar especial está ativo...
2026-03-28 09:18:39 | debug_robo_cima | INFO | ℹ️ 🔄 Status do checkbox pilar_rotacionado_var: False
2026-03-28 09:18:39 | debug_robo_cima | INFO | ℹ️ 🔄 Status do checkbox pilar_especial_ativo_var: False
2026-03-28 09:18:39 | debug_robo_cima | INFO | ℹ️ Pilar especial INATIVO - pilar_rotacionado: False, pilar_especial: False, globais: False, tipo: ''
2026-03-28 09:18:39 | debug_robo_cima | INFO | 
----------------------------------------
2026-03-28 09:18:39 | debug_robo_cima | INFO | 📌 VERIFICAÇÃO DE PILAR ESPECIAL ATIVO
2026-03-28 09:18:39 | debug_robo_cima | INFO | ----------------------------------------
2026-03-28 09:18:39 | debug_robo_cima | INFO | ℹ️ 🔄 Verificando se pilar especial está ativo...
2026-03-28 09:18:39 | debug_robo_cima | INFO | ℹ️ 🔄 Status do checkbox pilar_rotacionado_var: False
2026-03-28 09:18:39 | debug_robo_cima | INFO | ℹ️ 🔄 Status do checkbox pilar_especial_ativo_var: False
2026-03-28 09:18:39 | debug_robo_cima | INFO | ℹ️ Pilar especial INATIVO - pilar_rotacionado: False, pilar_especial: False, globais: False, tipo: ''
2026-03-28 09:18:39 | debug_robo_cima | INFO | 
----------------------------------------
2026-03-28 09:18:39 | debug_robo_cima | INFO | 📌 VERIFICAÇÃO DE PILAR ESPECIAL ATIVO
2026-03-28 09:18:39 | debug_robo_cima | INFO | ----------------------------------------
2026-03-28 09:18:39 | debug_robo_cima | INFO | ℹ️ 🔄 Verificando se pilar especial está ativo...
2026-03-28 09:18:39 | debug_robo_cima | INFO | ℹ️ 🔄 Status do checkbox pilar_rotacionado_var: False
2026-03-28 09:18:39 | debug_robo_cima | INFO | ℹ️ 🔄 Status do checkbox pilar_especial_ativo_var: False
2026-03-28 09:18:39 | debug_robo_cima | INFO | ℹ️ Pilar especial INATIVO - pilar_rotacionado: False, pilar_especial: False, globais: False, tipo: ''
2026-03-28 09:18:39 | debug_robo_cima | INFO | 
----------------------------------------
2026-03-28 09:18:39 | debug_robo_cima | INFO | 📌 VERIFICAÇÃO DE PILAR ESPECIAL ATIVO
2026-03-28 09:18:39 | debug_robo_cima | INFO | ----------------------------------------
2026-03-28 09:18:39 | debug_robo_cima | INFO | ℹ️ 🔄 Verificando se pilar especial está ativo...
2026-03-28 09:18:39 | debug_robo_cima | INFO | ℹ️ 🔄 Status do checkbox pilar_rotacionado_var: False
2026-03-28 09:18:39 | debug_robo_cima | INFO | ℹ️ 🔄 Status do checkbox pilar_especial_ativo_var: False
2026-03-28 09:18:39 | debug_robo_cima | INFO | ℹ️ Pilar especial INATIVO - pilar_rotacionado: False, pilar_especial: False, globais: False, tipo: ''
2026-03-28 09:18:39 | debug_robo_cima | INFO | 
============================================================
2026-03-28 09:18:39 | debug_robo_cima | INFO | 📋 GERAÇÃO DE SCRIPT CIMA
2026-03-28 09:18:39 | debug_robo_cima | INFO | ============================================================
2026-03-28 09:18:39 | debug_robo_cima | INFO | ℹ️ 🔄 === INÍCIO DO gerar_script() ===
2026-03-28 09:18:39 | debug_robo_cima | INFO | ℹ️ 🔄 Estado inicial das globais: ID=1996916051008, len=0
2026-03-28 09:18:39 | debug_robo_cima | WARNING | ⚠️ _globais_pilar_especial está vazio ou None!
2026-03-28 09:18:39 | debug_robo_cima | INFO | ℹ️ 🔄 Status pilar_rotacionado no inicio: False
2026-03-28 09:18:39 | debug_robo_cima | INFO | ℹ️ 🔄 Prestes a chamar _verificar_pilar_especial_ativo()...
2026-03-28 09:18:39 | debug_robo_cima | INFO | ℹ️ 🔄 Estado das globais ANTES da verificação: False
2026-03-28 09:18:39 | debug_robo_cima | INFO | 
----------------------------------------
2026-03-28 09:18:39 | debug_robo_cima | INFO | 📌 VERIFICAÇÃO DE PILAR ESPECIAL ATIVO
2026-03-28 09:18:39 | debug_robo_cima | INFO | ----------------------------------------
2026-03-28 09:18:39 | debug_robo_cima | INFO | ℹ️ 🔄 Verificando se pilar especial está ativo...
2026-03-28 09:18:39 | debug_robo_cima | INFO | ℹ️ 🔄 Status do checkbox pilar_rotacionado_var: False
2026-03-28 09:18:39 | debug_robo_cima | INFO | ℹ️ 🔄 Status do checkbox pilar_especial_ativo_var: False
2026-03-28 09:18:39 | debug_robo_cima | INFO | ℹ️ Pilar especial INATIVO - pilar_rotacionado: False, pilar_especial: False, globais: False, tipo: ''
2026-03-28 09:18:39 | debug_robo_cima | INFO | ℹ️ 🔄 Resultado da verificação: False
2026-03-28 09:18:39 | debug_robo_cima | INFO | ℹ️ 🔄 Estado das globais APÓS a verificação: False
2026-03-28 09:18:39 | debug_robo_cima | INFO | ℹ️ 🔄 Pilar especial ativo: False
2026-03-28 09:18:39 | debug_robo_cima | INFO | 
----------------------------------------
2026-03-28 09:18:39 | debug_robo_cima | INFO | 📌 APLICAÇÃO DE ALTERAÇÕES PILAR ESPECIAL - PAI.B
2026-03-28 09:18:39 | debug_robo_cima | INFO | ----------------------------------------
2026-03-28 09:18:39 | debug_robo_cima | INFO | ℹ️ 🔄 Aplicando alterações do pilar especial para PAI.B...
2026-03-28 09:18:39 | debug_robo_cima | WARNING | ⚠️ Pilar especial INATIVO (sem globais no gerador) - retornando valor original: -51
2026-03-28 09:18:39 | debug_robo_cima | WARNING | ⚠️ Pilar especial INATIVO (sem globais no gerador) - retornando valor original: 100.0
2026-03-28 09:18:39 | debug_robo_cima | WARNING | ⚠️ Pilar especial INATIVO (sem globais no gerador) - retornando valor original: 282.0
2026-03-28 09:18:39 | debug_robo_cima | INFO | ℹ️ 🔄 PAI.B - Posição X: -51 -> -51
2026-03-28 09:18:39 | debug_robo_cima | INFO | ℹ️ 🔄 PAI.B - Posição Y: 100.0 -> 100.0
2026-03-28 09:18:39 | debug_robo_cima | INFO | ℹ️ 🔄 PAI.B - Comprimento: 282.0 -> 282.0
2026-03-28 09:18:39 | debug_robo_cima | WARNING | ⚠️ Pilar especial INATIVO (sem globais no gerador) - retornando valor original: -51
2026-03-28 09:18:39 | debug_robo_cima | WARNING | ⚠️ Pilar especial INATIVO (sem globais no gerador) - retornando valor original: 70
2026-03-28 09:18:39 | debug_robo_cima | WARNING | ⚠️ Pilar especial INATIVO (sem globais no gerador) - retornando valor original: 282.0
2026-03-28 09:18:39 | debug_robo_cima | INFO | ℹ️ [REFERENCIA-DINAMICA] Parede esquerda PAI.A FINAL REAL registrada: -51
2026-03-28 09:18:39 | debug_robo_cima | WARNING | ⚠️ Pilar especial INATIVO (sem globais no gerador) - retornando valor original: -71
2026-03-28 09:18:39 | debug_robo_cima | WARNING | ⚠️ Pilar especial INATIVO (sem globais no gerador) - retornando valor original: 322.0
2026-03-28 09:18:39 | debug_robo_cima | INFO | ℹ️ 🔧 METAL A - posX=-71, posY=58.8, comp=322.0, endX=251.0, largura=7
2026-03-28 09:18:39 | debug_robo_cima | WARNING | ⚠️ Pilar especial INATIVO (sem globais no gerador) - retornando valor original: -71
2026-03-28 09:18:39 | debug_robo_cima | WARNING | ⚠️ Pilar especial INATIVO (sem globais no gerador) - retornando valor original: 322.0
2026-03-28 09:18:39 | debug_robo_cima | INFO | ℹ️ 🔧 METAL B - posX=-71, posY=111.19999999999999, comp=322.0, endX=251.0, largura=7
2026-03-28 09:18:39 | debug_robo_cima | INFO | ℹ️ DEBUG: Valores lidos Grade A - grade1=90.0, grade2=90.0, grade3=90.0, dist1=6.0, dist2=6.0
2026-03-28 09:18:39 | debug_robo_cima | INFO | ℹ️ DEBUG: Condição Grade A - grade1 > 0: True, grade2 > 0: True, grade3 > 0: True
2026-03-28 09:18:39 | debug_robo_cima | INFO | ℹ️ DEBUG: Condição Grade A - grade1 > 0 or grade2 > 0 or grade3 > 0: True
2026-03-28 09:18:39 | debug_robo_cima | INFO | ℹ️ GRA.A usando valores específicos: comprimentos=[90.0, 90.0, 90.0], espacos=[6.0, 6.0]
2026-03-28 09:18:39 | debug_robo_cima | INFO | 
----------------------------------------
2026-03-28 09:18:39 | debug_robo_cima | INFO | 📌 VERIFICAÇÃO DE PILAR ESPECIAL ATIVO
2026-03-28 09:18:39 | debug_robo_cima | INFO | ----------------------------------------
2026-03-28 09:18:39 | debug_robo_cima | INFO | ℹ️ 🔄 Verificando se pilar especial está ativo...
2026-03-28 09:18:39 | debug_robo_cima | INFO | ℹ️ 🔄 Status do checkbox pilar_rotacionado_var: False
2026-03-28 09:18:39 | debug_robo_cima | INFO | ℹ️ 🔄 Status do checkbox pilar_especial_ativo_var: False
2026-03-28 09:18:39 | debug_robo_cima | INFO | ℹ️ Pilar especial INATIVO - pilar_rotacionado: False, pilar_especial: False, globais: False, tipo: ''
2026-03-28 09:18:39 | debug_robo_cima | INFO | 
----------------------------------------
2026-03-28 09:18:39 | debug_robo_cima | INFO | 📌 VERIFICAÇÃO DE PILAR ESPECIAL ATIVO
2026-03-28 09:18:39 | debug_robo_cima | INFO | ----------------------------------------
2026-03-28 09:18:39 | debug_robo_cima | INFO | ℹ️ 🔄 Verificando se pilar especial está ativo...
2026-03-28 09:18:39 | debug_robo_cima | INFO | ℹ️ 🔄 Status do checkbox pilar_rotacionado_var: False
2026-03-28 09:18:39 | debug_robo_cima | INFO | ℹ️ 🔄 Status do checkbox pilar_especial_ativo_var: False
2026-03-28 09:18:39 | debug_robo_cima | INFO | ℹ️ Pilar especial INATIVO - pilar_rotacionado: False, pilar_especial: False, globais: False, tipo: ''
2026-03-28 09:18:39 | debug_robo_cima | INFO | 
----------------------------------------
2026-03-28 09:18:39 | debug_robo_cima | INFO | 📌 VERIFICAÇÃO DE PILAR ESPECIAL ATIVO
2026-03-28 09:18:39 | debug_robo_cima | INFO | ----------------------------------------
2026-03-28 09:18:39 | debug_robo_cima | INFO | ℹ️ 🔄 Verificando se pilar especial está ativo...
2026-03-28 09:18:39 | debug_robo_cima | INFO | ℹ️ 🔄 Status do checkbox pilar_rotacionado_var: False
2026-03-28 09:18:39 | debug_robo_cima | INFO | ℹ️ 🔄 Status do checkbox pilar_especial_ativo_var: False
2026-03-28 09:18:39 | debug_robo_cima | INFO | ℹ️ Pilar especial INATIVO - pilar_rotacionado: False, pilar_especial: False, globais: False, tipo: ''
2026-03-28 09:18:39 | debug_robo_cima | INFO | ℹ️ DEBUG: Valores lidos Grade B - grade1_grupo2=90.0, grade2_grupo2=90.0, grade3_grupo2=90.0, dist1_grupo2=6.0, dist2_grupo2=6.0
2026-03-28 09:18:39 | debug_robo_cima | INFO | ℹ️ DEBUG: Condição Grade B - grade1_grupo2 > 0: True, grade2_grupo2 > 0: True, grade3_grupo2 > 0: True
2026-03-28 09:18:39 | debug_robo_cima | INFO | ℹ️ DEBUG: Condição Grade B - grade1_grupo2 > 0 or grade2_grupo2 > 0 or grade3_grupo2 > 0: True
2026-03-28 09:18:39 | debug_robo_cima | INFO | ℹ️ GRA.B usando valores específicos: comprimentos=[90.0, 90.0, 90.0], espacos=[6.0, 6.0]
2026-03-28 09:18:39 | debug_robo_cima | INFO | 
----------------------------------------
2026-03-28 09:18:39 | debug_robo_cima | INFO | 📌 VERIFICAÇÃO DE PILAR ESPECIAL ATIVO
2026-03-28 09:18:39 | debug_robo_cima | INFO | ----------------------------------------
2026-03-28 09:18:39 | debug_robo_cima | INFO | ℹ️ 🔄 Verificando se pilar especial está ativo...
2026-03-28 09:18:39 | debug_robo_cima | INFO | ℹ️ 🔄 Status do checkbox pilar_rotacionado_var: False
2026-03-28 09:18:39 | debug_robo_cima | INFO | ℹ️ 🔄 Status do checkbox pilar_especial_ativo_var: False
2026-03-28 09:18:39 | debug_robo_cima | INFO | ℹ️ Pilar especial INATIVO - pilar_rotacionado: False, pilar_especial: False, globais: False, tipo: ''
2026-03-28 09:18:39 | debug_robo_cima | INFO | 
----------------------------------------
2026-03-28 09:18:39 | debug_robo_cima | INFO | 📌 VERIFICAÇÃO DE PILAR ESPECIAL ATIVO
2026-03-28 09:18:39 | debug_robo_cima | INFO | ----------------------------------------
2026-03-28 09:18:39 | debug_robo_cima | INFO | ℹ️ 🔄 Verificando se pilar especial está ativo...
2026-03-28 09:18:39 | debug_robo_cima | INFO | ℹ️ 🔄 Status do checkbox pilar_rotacionado_var: False
2026-03-28 09:18:39 | debug_robo_cima | INFO | ℹ️ 🔄 Status do checkbox pilar_especial_ativo_var: False
2026-03-28 09:18:39 | debug_robo_cima | INFO | ℹ️ Pilar especial INATIVO - pilar_rotacionado: False, pilar_especial: False, globais: False, tipo: ''
2026-03-28 09:18:39 | debug_robo_cima | INFO | 
----------------------------------------
2026-03-28 09:18:39 | debug_robo_cima | INFO | 📌 VERIFICAÇÃO DE PILAR ESPECIAL ATIVO
2026-03-28 09:18:39 | debug_robo_cima | INFO | ----------------------------------------
2026-03-28 09:18:39 | debug_robo_cima | INFO | ℹ️ 🔄 Verificando se pilar especial está ativo...
2026-03-28 09:18:39 | debug_robo_cima | INFO | ℹ️ 🔄 Status do checkbox pilar_rotacionado_var: False
2026-03-28 09:18:39 | debug_robo_cima | INFO | ℹ️ 🔄 Status do checkbox pilar_especial_ativo_var: False
2026-03-28 09:18:39 | debug_robo_cima | INFO | ℹ️ Pilar especial INATIVO - pilar_rotacionado: False, pilar_especial: False, globais: False, tipo: ''
2026-03-28 09:18:39 | debug_robo_cima | WARNING | ⚠️ Pilar especial INATIVO (sem globais no gerador) - retornando valor original: -52
2026-03-28 09:18:39 | debug_robo_cima | INFO | 
----------------------------------------
2026-03-28 09:18:39 | debug_robo_cima | INFO | 📌 VERIFICAÇÃO DE PILAR ESPECIAL ATIVO
2026-03-28 09:18:39 | debug_robo_cima | INFO | ----------------------------------------
2026-03-28 09:18:39 | debug_robo_cima | INFO | ℹ️ 🔄 Verificando se pilar especial está ativo...
2026-03-28 09:18:39 | debug_robo_cima | INFO | ℹ️ 🔄 Status do checkbox pilar_rotacionado_var: False
2026-03-28 09:18:39 | debug_robo_cima | INFO | ℹ️ 🔄 Status do checkbox pilar_especial_ativo_var: False
2026-03-28 09:18:39 | debug_robo_cima | INFO | ℹ️ Pilar especial INATIVO - pilar_rotacionado: False, pilar_especial: False, globais: False, tipo: ''
2026-03-28 09:18:39 | debug_robo_cima | INFO | 
----------------------------------------
2026-03-28 09:18:39 | debug_robo_cima | INFO | 📌 DECISÃO DE COMANDO SCALE/ROTATE
2026-03-28 09:18:39 | debug_robo_cima | INFO | ----------------------------------------
2026-03-28 09:18:39 | debug_robo_cima | INFO | ℹ️ 🔄 Verificando qual comando usar (SCALE ou ROTATE)...
2026-03-28 09:18:39 | debug_robo_cima | INFO | ℹ️ 🔄 Status pilar_rotacionado = False, usar_scale = True
2026-03-28 09:18:39 | debug_robo_cima | INFO | ℹ️ ✅ Usando _SCALE
2026-03-28 09:18:39 | debug_robo_cima | INFO | ℹ️ 🔄 Verificando se é pilar especial: False
2026-03-28 09:18:39 | debug_robo_cima | INFO | ℹ️ ✅ Pilar normal - usando valores padrão no _SCALE
2026-03-28 09:18:39 | debug_robo_cima | INFO | ℹ️ ✅ Script gerado com sucesso!
2026-03-28 09:18:39 | debug_robo_cima | INFO | 🔄 Script gerado: Tamanho: 6902 caracteres
2026-03-28 09:18:39 | debug_robo_cima | INFO | 
============================================================
2026-03-28 09:18:39 | debug_robo_cima | INFO | 📋 FIM DA GERAÇÃO DE SCRIPT CIMA
2026-03-28 09:18:39 | debug_robo_cima | INFO | ============================================================
2026-03-28 09:18:40 | debug_robo_cima | INFO | ℹ️ 🔄 Instância do GeradorPilar registrada globalmente
2026-03-28 09:18:40 | debug_robo_cima | INFO | ℹ️ 🔄 Globais do pilar especial inicializadas
2026-03-28 09:18:41 | debug_robo_cima | INFO | 
----------------------------------------
2026-03-28 09:18:41 | debug_robo_cima | INFO | 📌 VERIFICAÇÃO DE PILAR ESPECIAL ATIVO
2026-03-28 09:18:41 | debug_robo_cima | INFO | ----------------------------------------
2026-03-28 09:18:41 | debug_robo_cima | INFO | ℹ️ 🔄 Verificando se pilar especial está ativo...
2026-03-28 09:18:41 | debug_robo_cima | INFO | ℹ️ 🔄 Status do checkbox pilar_rotacionado_var: False
2026-03-28 09:18:41 | debug_robo_cima | INFO | ℹ️ 🔄 Status do checkbox pilar_especial_ativo_var: False
2026-03-28 09:18:41 | debug_robo_cima | INFO | ℹ️ Pilar especial INATIVO - pilar_rotacionado: False, pilar_especial: False, globais: False, tipo: ''
2026-03-28 09:18:41 | debug_robo_cima | INFO | 
----------------------------------------
2026-03-28 09:18:41 | debug_robo_cima | INFO | 📌 VERIFICAÇÃO DE PILAR ESPECIAL ATIVO
2026-03-28 09:18:41 | debug_robo_cima | INFO | ----------------------------------------
2026-03-28 09:18:41 | debug_robo_cima | INFO | ℹ️ 🔄 Verificando se pilar especial está ativo...
2026-03-28 09:18:41 | debug_robo_cima | INFO | ℹ️ 🔄 Status do checkbox pilar_rotacionado_var: False
2026-03-28 09:18:41 | debug_robo_cima | INFO | ℹ️ 🔄 Status do checkbox pilar_especial_ativo_var: False
2026-03-28 09:18:41 | debug_robo_cima | INFO | ℹ️ Pilar especial INATIVO - pilar_rotacionado: False, pilar_especial: False, globais: False, tipo: ''
2026-03-28 09:18:41 | debug_robo_cima | INFO | 
----------------------------------------
2026-03-28 09:18:41 | debug_robo_cima | INFO | 📌 VERIFICAÇÃO DE PILAR ESPECIAL ATIVO
2026-03-28 09:18:41 | debug_robo_cima | INFO | ----------------------------------------
2026-03-28 09:18:41 | debug_robo_cima | INFO | ℹ️ 🔄 Verificando se pilar especial está ativo...
2026-03-28 09:18:41 | debug_robo_cima | INFO | ℹ️ 🔄 Status do checkbox pilar_rotacionado_var: False
2026-03-28 09:18:41 | debug_robo_cima | INFO | ℹ️ 🔄 Status do checkbox pilar_especial_ativo_var: False
2026-03-28 09:18:41 | debug_robo_cima | INFO | ℹ️ Pilar especial INATIVO - pilar_rotacionado: False, pilar_especial: False, globais: False, tipo: ''
2026-03-28 09:18:41 | debug_robo_cima | INFO | 
----------------------------------------
2026-03-28 09:18:41 | debug_robo_cima | INFO | 📌 VERIFICAÇÃO DE PILAR ESPECIAL ATIVO
2026-03-28 09:18:41 | debug_robo_cima | INFO | ----------------------------------------
2026-03-28 09:18:41 | debug_robo_cima | INFO | ℹ️ 🔄 Verificando se pilar especial está ativo...
2026-03-28 09:18:41 | debug_robo_cima | INFO | ℹ️ 🔄 Status do checkbox pilar_rotacionado_var: False
2026-03-28 09:18:41 | debug_robo_cima | INFO | ℹ️ 🔄 Status do checkbox pilar_especial_ativo_var: False
2026-03-28 09:18:41 | debug_robo_cima | INFO | ℹ️ Pilar especial INATIVO - pilar_rotacionado: False, pilar_especial: False, globais: False, tipo: ''
2026-03-28 09:18:41 | debug_robo_cima | INFO | 
----------------------------------------
2026-03-28 09:18:41 | debug_robo_cima | INFO | 📌 VERIFICAÇÃO DE PILAR ESPECIAL ATIVO
2026-03-28 09:18:41 | debug_robo_cima | INFO | ----------------------------------------
2026-03-28 09:18:41 | debug_robo_cima | INFO | ℹ️ 🔄 Verificando se pilar especial está ativo...
2026-03-28 09:18:41 | debug_robo_cima | INFO | ℹ️ 🔄 Status do checkbox pilar_rotacionado_var: False
2026-03-28 09:18:41 | debug_robo_cima | INFO | ℹ️ 🔄 Status do checkbox pilar_especial_ativo_var: False
2026-03-28 09:18:41 | debug_robo_cima | INFO | ℹ️ Pilar especial INATIVO - pilar_rotacionado: False, pilar_especial: False, globais: False, tipo: ''
2026-03-28 09:18:41 | debug_robo_cima | INFO | 
----------------------------------------
2026-03-28 09:18:41 | debug_robo_cima | INFO | 📌 VERIFICAÇÃO DE PILAR ESPECIAL ATIVO
2026-03-28 09:18:41 | debug_robo_cima | INFO | ----------------------------------------
2026-03-28 09:18:41 | debug_robo_cima | INFO | ℹ️ 🔄 Verificando se pilar especial está ativo...
2026-03-28 09:18:41 | debug_robo_cima | INFO | ℹ️ 🔄 Status do checkbox pilar_rotacionado_var: False
2026-03-28 09:18:41 | debug_robo_cima | INFO | ℹ️ 🔄 Status do checkbox pilar_especial_ativo_var: False
2026-03-28 09:18:41 | debug_robo_cima | INFO | ℹ️ Pilar especial INATIVO - pilar_rotacionado: False, pilar_especial: False, globais: False, tipo: ''
2026-03-28 09:18:41 | debug_robo_cima | INFO | 
----------------------------------------
2026-03-28 09:18:41 | debug_robo_cima | INFO | 📌 VERIFICAÇÃO DE PILAR ESPECIAL ATIVO
2026-03-28 09:18:41 | debug_robo_cima | INFO | ----------------------------------------
2026-03-28 09:18:41 | debug_robo_cima | INFO | ℹ️ 🔄 Verificando se pilar especial está ativo...
2026-03-28 09:18:41 | debug_robo_cima | INFO | ℹ️ 🔄 Status do checkbox pilar_rotacionado_var: False
2026-03-28 09:18:41 | debug_robo_cima | INFO | ℹ️ 🔄 Status do checkbox pilar_especial_ativo_var: False
2026-03-28 09:18:41 | debug_robo_cima | INFO | ℹ️ Pilar especial INATIVO - pilar_rotacionado: False, pilar_especial: False, globais: False, tipo: ''
2026-03-28 09:18:41 | debug_robo_cima | INFO | 
----------------------------------------
2026-03-28 09:18:41 | debug_robo_cima | INFO | 📌 VERIFICAÇÃO DE PILAR ESPECIAL ATIVO
2026-03-28 09:18:41 | debug_robo_cima | INFO | ----------------------------------------
2026-03-28 09:18:41 | debug_robo_cima | INFO | ℹ️ 🔄 Verificando se pilar especial está ativo...
2026-03-28 09:18:41 | debug_robo_cima | INFO | ℹ️ 🔄 Status do checkbox pilar_rotacionado_var: False
2026-03-28 09:18:41 | debug_robo_cima | INFO | ℹ️ 🔄 Status do checkbox pilar_especial_ativo_var: False
2026-03-28 09:18:41 | debug_robo_cima | INFO | ℹ️ Pilar especial INATIVO - pilar_rotacionado: False, pilar_especial: False, globais: False, tipo: ''
2026-03-28 09:18:41 | debug_robo_cima | INFO | 
----------------------------------------
2026-03-28 09:18:41 | debug_robo_cima | INFO | 📌 VERIFICAÇÃO DE PILAR ESPECIAL ATIVO
2026-03-28 09:18:41 | debug_robo_cima | INFO | ----------------------------------------
2026-03-28 09:18:41 | debug_robo_cima | INFO | ℹ️ 🔄 Verificando se pilar especial está ativo...
2026-03-28 09:18:41 | debug_robo_cima | INFO | ℹ️ 🔄 Status do checkbox pilar_rotacionado_var: False
2026-03-28 09:18:41 | debug_robo_cima | INFO | ℹ️ 🔄 Status do checkbox pilar_especial_ativo_var: False
2026-03-28 09:18:41 | debug_robo_cima | INFO | ℹ️ Pilar especial INATIVO - pilar_rotacionado: False, pilar_especial: False, globais: False, tipo: ''
2026-03-28 09:18:41 | debug_robo_cima | INFO | 
----------------------------------------
2026-03-28 09:18:41 | debug_robo_cima | INFO | 📌 VERIFICAÇÃO DE PILAR ESPECIAL ATIVO
2026-03-28 09:18:41 | debug_robo_cima | INFO | ----------------------------------------
2026-03-28 09:18:41 | debug_robo_cima | INFO | ℹ️ 🔄 Verificando se pilar especial está ativo...
2026-03-28 09:18:41 | debug_robo_cima | INFO | ℹ️ 🔄 Status do checkbox pilar_rotacionado_var: False
2026-03-28 09:18:41 | debug_robo_cima | INFO | ℹ️ 🔄 Status do checkbox pilar_especial_ativo_var: False
2026-03-28 09:18:41 | debug_robo_cima | INFO | ℹ️ Pilar especial INATIVO - pilar_rotacionado: False, pilar_especial: False, globais: False, tipo: ''
2026-03-28 09:18:41 | debug_robo_cima | INFO | 
----------------------------------------
2026-03-28 09:18:41 | debug_robo_cima | INFO | 📌 VERIFICAÇÃO DE PILAR ESPECIAL ATIVO
2026-03-28 09:18:41 | debug_robo_cima | INFO | ----------------------------------------
2026-03-28 09:18:41 | debug_robo_cima | INFO | ℹ️ 🔄 Verificando se pilar especial está ativo...
2026-03-28 09:18:41 | debug_robo_cima | INFO | ℹ️ 🔄 Status do checkbox pilar_rotacionado_var: False
2026-03-28 09:18:41 | debug_robo_cima | INFO | ℹ️ 🔄 Status do checkbox pilar_especial_ativo_var: False
2026-03-28 09:18:41 | debug_robo_cima | INFO | ℹ️ Pilar especial INATIVO - pilar_rotacionado: False, pilar_especial: False, globais: False, tipo: ''
2026-03-28 09:18:41 | debug_robo_cima | INFO | 
----------------------------------------
2026-03-28 09:18:41 | debug_robo_cima | INFO | 📌 VERIFICAÇÃO DE PILAR ESPECIAL ATIVO
2026-03-28 09:18:41 | debug_robo_cima | INFO | ----------------------------------------
2026-03-28 09:18:41 | debug_robo_cima | INFO | ℹ️ 🔄 Verificando se pilar especial está ativo...
2026-03-28 09:18:41 | debug_robo_cima | INFO | ℹ️ 🔄 Status do checkbox pilar_rotacionado_var: False
2026-03-28 09:18:41 | debug_robo_cima | INFO | ℹ️ 🔄 Status do checkbox pilar_especial_ativo_var: False
2026-03-28 09:18:41 | debug_robo_cima | INFO | ℹ️ Pilar especial INATIVO - pilar_rotacionado: False, pilar_especial: False, globais: False, tipo: ''
2026-03-28 09:18:41 | debug_robo_cima | INFO | 
----------------------------------------
2026-03-28 09:18:41 | debug_robo_cima | INFO | 📌 VERIFICAÇÃO DE PILAR ESPECIAL ATIVO
2026-03-28 09:18:41 | debug_robo_cima | INFO | ----------------------------------------
2026-03-28 09:18:41 | debug_robo_cima | INFO | ℹ️ 🔄 Verificando se pilar especial está ativo...
2026-03-28 09:18:41 | debug_robo_cima | INFO | ℹ️ 🔄 Status do checkbox pilar_rotacionado_var: False
2026-03-28 09:18:41 | debug_robo_cima | INFO | ℹ️ 🔄 Status do checkbox pilar_especial_ativo_var: False
2026-03-28 09:18:41 | debug_robo_cima | INFO | ℹ️ Pilar especial INATIVO - pilar_rotacionado: False, pilar_especial: False, globais: False, tipo: ''
2026-03-28 09:18:41 | debug_robo_cima | INFO | 
----------------------------------------
2026-03-28 09:18:41 | debug_robo_cima | INFO | 📌 VERIFICAÇÃO DE PILAR ESPECIAL ATIVO
2026-03-28 09:18:41 | debug_robo_cima | INFO | ----------------------------------------
2026-03-28 09:18:41 | debug_robo_cima | INFO | ℹ️ 🔄 Verificando se pilar especial está ativo...
2026-03-28 09:18:41 | debug_robo_cima | INFO | ℹ️ 🔄 Status do checkbox pilar_rotacionado_var: False
2026-03-28 09:18:41 | debug_robo_cima | INFO | ℹ️ 🔄 Status do checkbox pilar_especial_ativo_var: False
2026-03-28 09:18:41 | debug_robo_cima | INFO | ℹ️ Pilar especial INATIVO - pilar_rotacionado: False, pilar_especial: False, globais: False, tipo: ''
2026-03-28 09:18:41 | debug_robo_cima | INFO | 
----------------------------------------
2026-03-28 09:18:41 | debug_robo_cima | INFO | 📌 VERIFICAÇÃO DE PILAR ESPECIAL ATIVO
2026-03-28 09:18:41 | debug_robo_cima | INFO | ----------------------------------------
2026-03-28 09:18:41 | debug_robo_cima | INFO | ℹ️ 🔄 Verificando se pilar especial está ativo...
2026-03-28 09:18:41 | debug_robo_cima | INFO | ℹ️ 🔄 Status do checkbox pilar_rotacionado_var: False
2026-03-28 09:18:41 | debug_robo_cima | INFO | ℹ️ 🔄 Status do checkbox pilar_especial_ativo_var: False
2026-03-28 09:18:41 | debug_robo_cima | INFO | ℹ️ Pilar especial INATIVO - pilar_rotacionado: False, pilar_especial: False, globais: False, tipo: ''
2026-03-28 09:18:41 | debug_robo_cima | INFO | 
----------------------------------------
2026-03-28 09:18:41 | debug_robo_cima | INFO | 📌 VERIFICAÇÃO DE PILAR ESPECIAL ATIVO
2026-03-28 09:18:41 | debug_robo_cima | INFO | ----------------------------------------
2026-03-28 09:18:41 | debug_robo_cima | INFO | ℹ️ 🔄 Verificando se pilar especial está ativo...
2026-03-28 09:18:41 | debug_robo_cima | INFO | ℹ️ 🔄 Status do checkbox pilar_rotacionado_var: False
2026-03-28 09:18:41 | debug_robo_cima | INFO | ℹ️ 🔄 Status do checkbox pilar_especial_ativo_var: False
2026-03-28 09:18:41 | debug_robo_cima | INFO | ℹ️ Pilar especial INATIVO - pilar_rotacionado: False, pilar_especial: False, globais: False, tipo: ''
2026-03-28 09:18:41 | debug_robo_cima | INFO | 
----------------------------------------
2026-03-28 09:18:41 | debug_robo_cima | INFO | 📌 VERIFICAÇÃO DE PILAR ESPECIAL ATIVO
2026-03-28 09:18:41 | debug_robo_cima | INFO | ----------------------------------------
2026-03-28 09:18:41 | debug_robo_cima | INFO | ℹ️ 🔄 Verificando se pilar especial está ativo...
2026-03-28 09:18:41 | debug_robo_cima | INFO | ℹ️ 🔄 Status do checkbox pilar_rotacionado_var: False
2026-03-28 09:18:41 | debug_robo_cima | INFO | ℹ️ 🔄 Status do checkbox pilar_especial_ativo_var: False
2026-03-28 09:18:41 | debug_robo_cima | INFO | ℹ️ Pilar especial INATIVO - pilar_rotacionado: False, pilar_especial: False, globais: False, tipo: ''
2026-03-28 09:18:41 | debug_robo_cima | INFO | 
----------------------------------------
2026-03-28 09:18:41 | debug_robo_cima | INFO | 📌 VERIFICAÇÃO DE PILAR ESPECIAL ATIVO
2026-03-28 09:18:41 | debug_robo_cima | INFO | ----------------------------------------
2026-03-28 09:18:41 | debug_robo_cima | INFO | ℹ️ 🔄 Verificando se pilar especial está ativo...
2026-03-28 09:18:41 | debug_robo_cima | INFO | ℹ️ 🔄 Status do checkbox pilar_rotacionado_var: False
2026-03-28 09:18:41 | debug_robo_cima | INFO | ℹ️ 🔄 Status do checkbox pilar_especial_ativo_var: False
2026-03-28 09:18:41 | debug_robo_cima | INFO | ℹ️ Pilar especial INATIVO - pilar_rotacionado: False, pilar_especial: False, globais: False, tipo: ''
2026-03-28 09:18:41 | debug_robo_cima | INFO | 
----------------------------------------
2026-03-28 09:18:41 | debug_robo_cima | INFO | 📌 VERIFICAÇÃO DE PILAR ESPECIAL ATIVO
2026-03-28 09:18:41 | debug_robo_cima | INFO | ----------------------------------------
2026-03-28 09:18:41 | debug_robo_cima | INFO | ℹ️ 🔄 Verificando se pilar especial está ativo...
2026-03-28 09:18:41 | debug_robo_cima | INFO | ℹ️ 🔄 Status do checkbox pilar_rotacionado_var: False
2026-03-28 09:18:41 | debug_robo_cima | INFO | ℹ️ 🔄 Status do checkbox pilar_especial_ativo_var: False
2026-03-28 09:18:41 | debug_robo_cima | INFO | ℹ️ Pilar especial INATIVO - pilar_rotacionado: False, pilar_especial: False, globais: False, tipo: ''
2026-03-28 09:18:41 | debug_robo_cima | INFO | 
----------------------------------------
2026-03-28 09:18:41 | debug_robo_cima | INFO | 📌 VERIFICAÇÃO DE PILAR ESPECIAL ATIVO
2026-03-28 09:18:41 | debug_robo_cima | INFO | ----------------------------------------
2026-03-28 09:18:41 | debug_robo_cima | INFO | ℹ️ 🔄 Verificando se pilar especial está ativo...
2026-03-28 09:18:41 | debug_robo_cima | INFO | ℹ️ 🔄 Status do checkbox pilar_rotacionado_var: False
2026-03-28 09:18:41 | debug_robo_cima | INFO | ℹ️ 🔄 Status do checkbox pilar_especial_ativo_var: False
2026-03-28 09:18:41 | debug_robo_cima | INFO | ℹ️ Pilar especial INATIVO - pilar_rotacionado: False, pilar_especial: False, globais: False, tipo: ''
2026-03-28 09:18:41 | debug_robo_cima | INFO | 
----------------------------------------
2026-03-28 09:18:41 | debug_robo_cima | INFO | 📌 VERIFICAÇÃO DE PILAR ESPECIAL ATIVO
2026-03-28 09:18:41 | debug_robo_cima | INFO | ----------------------------------------
2026-03-28 09:18:41 | debug_robo_cima | INFO | ℹ️ 🔄 Verificando se pilar especial está ativo...
2026-03-28 09:18:41 | debug_robo_cima | INFO | ℹ️ 🔄 Status do checkbox pilar_rotacionado_var: False
2026-03-28 09:18:41 | debug_robo_cima | INFO | ℹ️ 🔄 Status do checkbox pilar_especial_ativo_var: False
2026-03-28 09:18:41 | debug_robo_cima | INFO | ℹ️ Pilar especial INATIVO - pilar_rotacionado: False, pilar_especial: False, globais: False, tipo: ''
2026-03-28 09:18:41 | debug_robo_cima | INFO | 
----------------------------------------
2026-03-28 09:18:41 | debug_robo_cima | INFO | 📌 VERIFICAÇÃO DE PILAR ESPECIAL ATIVO
2026-03-28 09:18:41 | debug_robo_cima | INFO | ----------------------------------------
2026-03-28 09:18:41 | debug_robo_cima | INFO | ℹ️ 🔄 Verificando se pilar especial está ativo...
2026-03-28 09:18:41 | debug_robo_cima | INFO | ℹ️ 🔄 Status do checkbox pilar_rotacionado_var: False
2026-03-28 09:18:41 | debug_robo_cima | INFO | ℹ️ 🔄 Status do checkbox pilar_especial_ativo_var: False
2026-03-28 09:18:41 | debug_robo_cima | INFO | ℹ️ Pilar especial INATIVO - pilar_rotacionado: False, pilar_especial: False, globais: False, tipo: ''
2026-03-28 09:18:41 | debug_robo_cima | INFO | 
----------------------------------------
2026-03-28 09:18:41 | debug_robo_cima | INFO | 📌 VERIFICAÇÃO DE PILAR ESPECIAL ATIVO
2026-03-28 09:18:41 | debug_robo_cima | INFO | ----------------------------------------
2026-03-28 09:18:41 | debug_robo_cima | INFO | ℹ️ 🔄 Verificando se pilar especial está ativo...
2026-03-28 09:18:41 | debug_robo_cima | INFO | ℹ️ 🔄 Status do checkbox pilar_rotacionado_var: False
2026-03-28 09:18:41 | debug_robo_cima | INFO | ℹ️ 🔄 Status do checkbox pilar_especial_ativo_var: False
2026-03-28 09:18:41 | debug_robo_cima | INFO | ℹ️ Pilar especial INATIVO - pilar_rotacionado: False, pilar_especial: False, globais: False, tipo: ''
2026-03-28 09:18:41 | debug_robo_cima | INFO | 
----------------------------------------
2026-03-28 09:18:41 | debug_robo_cima | INFO | 📌 VERIFICAÇÃO DE PILAR ESPECIAL ATIVO
2026-03-28 09:18:41 | debug_robo_cima | INFO | ----------------------------------------
2026-03-28 09:18:41 | debug_robo_cima | INFO | ℹ️ 🔄 Verificando se pilar especial está ativo...
2026-03-28 09:18:41 | debug_robo_cima | INFO | ℹ️ 🔄 Status do checkbox pilar_rotacionado_var: False
2026-03-28 09:18:41 | debug_robo_cima | INFO | ℹ️ 🔄 Status do checkbox pilar_especial_ativo_var: False
2026-03-28 09:18:41 | debug_robo_cima | INFO | ℹ️ Pilar especial INATIVO - pilar_rotacionado: False, pilar_especial: False, globais: False, tipo: ''
2026-03-28 09:18:41 | debug_robo_cima | INFO | 
----------------------------------------
2026-03-28 09:18:41 | debug_robo_cima | INFO | 📌 VERIFICAÇÃO DE PILAR ESPECIAL ATIVO
2026-03-28 09:18:41 | debug_robo_cima | INFO | ----------------------------------------
2026-03-28 09:18:41 | debug_robo_cima | INFO | ℹ️ 🔄 Verificando se pilar especial está ativo...
2026-03-28 09:18:41 | debug_robo_cima | INFO | ℹ️ 🔄 Status do checkbox pilar_rotacionado_var: False
2026-03-28 09:18:41 | debug_robo_cima | INFO | ℹ️ 🔄 Status do checkbox pilar_especial_ativo_var: False
2026-03-28 09:18:41 | debug_robo_cima | INFO | ℹ️ Pilar especial INATIVO - pilar_rotacionado: False, pilar_especial: False, globais: False, tipo: ''
2026-03-28 09:18:41 | debug_robo_cima | INFO | 
----------------------------------------
2026-03-28 09:18:41 | debug_robo_cima | INFO | 📌 VERIFICAÇÃO DE PILAR ESPECIAL ATIVO
2026-03-28 09:18:41 | debug_robo_cima | INFO | ----------------------------------------
2026-03-28 09:18:41 | debug_robo_cima | INFO | ℹ️ 🔄 Verificando se pilar especial está ativo...
2026-03-28 09:18:41 | debug_robo_cima | INFO | ℹ️ 🔄 Status do checkbox pilar_rotacionado_var: False
2026-03-28 09:18:41 | debug_robo_cima | INFO | ℹ️ 🔄 Status do checkbox pilar_especial_ativo_var: False
2026-03-28 09:18:41 | debug_robo_cima | INFO | ℹ️ Pilar especial INATIVO - pilar_rotacionado: False, pilar_especial: False, globais: False, tipo: ''
2026-03-28 09:18:41 | debug_robo_cima | INFO | 
----------------------------------------
2026-03-28 09:18:41 | debug_robo_cima | INFO | 📌 VERIFICAÇÃO DE PILAR ESPECIAL ATIVO
2026-03-28 09:18:41 | debug_robo_cima | INFO | ----------------------------------------
2026-03-28 09:18:41 | debug_robo_cima | INFO | ℹ️ 🔄 Verificando se pilar especial está ativo...
2026-03-28 09:18:41 | debug_robo_cima | INFO | ℹ️ 🔄 Status do checkbox pilar_rotacionado_var: False
2026-03-28 09:18:41 | debug_robo_cima | INFO | ℹ️ 🔄 Status do checkbox pilar_especial_ativo_var: False
2026-03-28 09:18:41 | debug_robo_cima | INFO | ℹ️ Pilar especial INATIVO - pilar_rotacionado: False, pilar_especial: False, globais: False, tipo: ''
2026-03-28 09:18:41 | debug_robo_cima | INFO | 
----------------------------------------
2026-03-28 09:18:41 | debug_robo_cima | INFO | 📌 VERIFICAÇÃO DE PILAR ESPECIAL ATIVO
2026-03-28 09:18:41 | debug_robo_cima | INFO | ----------------------------------------
2026-03-28 09:18:41 | debug_robo_cima | INFO | ℹ️ 🔄 Verificando se pilar especial está ativo...
2026-03-28 09:18:41 | debug_robo_cima | INFO | ℹ️ 🔄 Status do checkbox pilar_rotacionado_var: False
2026-03-28 09:18:41 | debug_robo_cima | INFO | ℹ️ 🔄 Status do checkbox pilar_especial_ativo_var: False
2026-03-28 09:18:41 | debug_robo_cima | INFO | ℹ️ Pilar especial INATIVO - pilar_rotacionado: False, pilar_especial: False, globais: False, tipo: ''
2026-03-28 09:18:41 | debug_robo_cima | INFO | 
----------------------------------------
2026-03-28 09:18:41 | debug_robo_cima | INFO | 📌 VERIFICAÇÃO DE PILAR ESPECIAL ATIVO
2026-03-28 09:18:41 | debug_robo_cima | INFO | ----------------------------------------
2026-03-28 09:18:41 | debug_robo_cima | INFO | ℹ️ 🔄 Verificando se pilar especial está ativo...
2026-03-28 09:18:41 | debug_robo_cima | INFO | ℹ️ 🔄 Status do checkbox pilar_rotacionado_var: False
2026-03-28 09:18:41 | debug_robo_cima | INFO | ℹ️ 🔄 Status do checkbox pilar_especial_ativo_var: False
2026-03-28 09:18:41 | debug_robo_cima | INFO | ℹ️ Pilar especial INATIVO - pilar_rotacionado: False, pilar_especial: False, globais: False, tipo: ''
2026-03-28 09:18:41 | debug_robo_cima | INFO | 
----------------------------------------
2026-03-28 09:18:41 | debug_robo_cima | INFO | 📌 VERIFICAÇÃO DE PILAR ESPECIAL ATIVO
2026-03-28 09:18:41 | debug_robo_cima | INFO | ----------------------------------------
2026-03-28 09:18:41 | debug_robo_cima | INFO | ℹ️ 🔄 Verificando se pilar especial está ativo...
2026-03-28 09:18:41 | debug_robo_cima | INFO | ℹ️ 🔄 Status do checkbox pilar_rotacionado_var: False
2026-03-28 09:18:41 | debug_robo_cima | INFO | ℹ️ 🔄 Status do checkbox pilar_especial_ativo_var: False
2026-03-28 09:18:41 | debug_robo_cima | INFO | ℹ️ Pilar especial INATIVO - pilar_rotacionado: False, pilar_especial: False, globais: False, tipo: ''
2026-03-28 09:18:41 | debug_robo_cima | INFO | 
----------------------------------------
2026-03-28 09:18:41 | debug_robo_cima | INFO | 📌 VERIFICAÇÃO DE PILAR ESPECIAL ATIVO
2026-03-28 09:18:41 | debug_robo_cima | INFO | ----------------------------------------
2026-03-28 09:18:41 | debug_robo_cima | INFO | ℹ️ 🔄 Verificando se pilar especial está ativo...
2026-03-28 09:18:41 | debug_robo_cima | INFO | ℹ️ 🔄 Status do checkbox pilar_rotacionado_var: False
2026-03-28 09:18:41 | debug_robo_cima | INFO | ℹ️ 🔄 Status do checkbox pilar_especial_ativo_var: False
2026-03-28 09:18:41 | debug_robo_cima | INFO | ℹ️ Pilar especial INATIVO - pilar_rotacionado: False, pilar_especial: False, globais: False, tipo: ''
2026-03-28 09:18:41 | debug_robo_cima | INFO | 
----------------------------------------
2026-03-28 09:18:41 | debug_robo_cima | INFO | 📌 VERIFICAÇÃO DE PILAR ESPECIAL ATIVO
2026-03-28 09:18:41 | debug_robo_cima | INFO | ----------------------------------------
2026-03-28 09:18:41 | debug_robo_cima | INFO | ℹ️ 🔄 Verificando se pilar especial está ativo...
2026-03-28 09:18:41 | debug_robo_cima | INFO | ℹ️ 🔄 Status do checkbox pilar_rotacionado_var: False
2026-03-28 09:18:41 | debug_robo_cima | INFO | ℹ️ 🔄 Status do checkbox pilar_especial_ativo_var: False
2026-03-28 09:18:41 | debug_robo_cima | INFO | ℹ️ Pilar especial INATIVO - pilar_rotacionado: False, pilar_especial: False, globais: False, tipo: ''
2026-03-28 09:18:41 | debug_robo_cima | INFO | 
----------------------------------------
2026-03-28 09:18:41 | debug_robo_cima | INFO | 📌 VERIFICAÇÃO DE PILAR ESPECIAL ATIVO
2026-03-28 09:18:41 | debug_robo_cima | INFO | ----------------------------------------
2026-03-28 09:18:41 | debug_robo_cima | INFO | ℹ️ 🔄 Verificando se pilar especial está ativo...
2026-03-28 09:18:41 | debug_robo_cima | INFO | ℹ️ 🔄 Status do checkbox pilar_rotacionado_var: False
2026-03-28 09:18:41 | debug_robo_cima | INFO | ℹ️ 🔄 Status do checkbox pilar_especial_ativo_var: False
2026-03-28 09:18:41 | debug_robo_cima | INFO | ℹ️ Pilar especial INATIVO - pilar_rotacionado: False, pilar_especial: False, globais: False, tipo: ''
2026-03-28 09:18:41 | debug_robo_cima | INFO | 
----------------------------------------
2026-03-28 09:18:41 | debug_robo_cima | INFO | 📌 VERIFICAÇÃO DE PILAR ESPECIAL ATIVO
2026-03-28 09:18:41 | debug_robo_cima | INFO | ----------------------------------------
2026-03-28 09:18:41 | debug_robo_cima | INFO | ℹ️ 🔄 Verificando se pilar especial está ativo...
2026-03-28 09:18:41 | debug_robo_cima | INFO | ℹ️ 🔄 Status do checkbox pilar_rotacionado_var: False
2026-03-28 09:18:41 | debug_robo_cima | INFO | ℹ️ 🔄 Status do checkbox pilar_especial_ativo_var: False
2026-03-28 09:18:41 | debug_robo_cima | INFO | ℹ️ Pilar especial INATIVO - pilar_rotacionado: False, pilar_especial: False, globais: False, tipo: ''
2026-03-28 09:18:41 | debug_robo_cima | INFO | 
----------------------------------------
2026-03-28 09:18:41 | debug_robo_cima | INFO | 📌 VERIFICAÇÃO DE PILAR ESPECIAL ATIVO
2026-03-28 09:18:41 | debug_robo_cima | INFO | ----------------------------------------
2026-03-28 09:18:41 | debug_robo_cima | INFO | ℹ️ 🔄 Verificando se pilar especial está ativo...
2026-03-28 09:18:41 | debug_robo_cima | INFO | ℹ️ 🔄 Status do checkbox pilar_rotacionado_var: False
2026-03-28 09:18:41 | debug_robo_cima | INFO | ℹ️ 🔄 Status do checkbox pilar_especial_ativo_var: False
2026-03-28 09:18:41 | debug_robo_cima | INFO | ℹ️ Pilar especial INATIVO - pilar_rotacionado: False, pilar_especial: False, globais: False, tipo: ''
2026-03-28 09:18:41 | debug_robo_cima | INFO | 
----------------------------------------
2026-03-28 09:18:41 | debug_robo_cima | INFO | 📌 VERIFICAÇÃO DE PILAR ESPECIAL ATIVO
2026-03-28 09:18:41 | debug_robo_cima | INFO | ----------------------------------------
2026-03-28 09:18:41 | debug_robo_cima | INFO | ℹ️ 🔄 Verificando se pilar especial está ativo...
2026-03-28 09:18:41 | debug_robo_cima | INFO | ℹ️ 🔄 Status do checkbox pilar_rotacionado_var: False
2026-03-28 09:18:41 | debug_robo_cima | INFO | ℹ️ 🔄 Status do checkbox pilar_especial_ativo_var: False
2026-03-28 09:18:41 | debug_robo_cima | INFO | ℹ️ Pilar especial INATIVO - pilar_rotacionado: False, pilar_especial: False, globais: False, tipo: ''
2026-03-28 09:18:42 | debug_robo_cima | INFO | 
----------------------------------------
2026-03-28 09:18:42 | debug_robo_cima | INFO | 📌 VERIFICAÇÃO DE PILAR ESPECIAL ATIVO
2026-03-28 09:18:42 | debug_robo_cima | INFO | ----------------------------------------
2026-03-28 09:18:42 | debug_robo_cima | INFO | ℹ️ 🔄 Verificando se pilar especial está ativo...
2026-03-28 09:18:42 | debug_robo_cima | INFO | ℹ️ 🔄 Status do checkbox pilar_rotacionado_var: False
2026-03-28 09:18:42 | debug_robo_cima | INFO | ℹ️ 🔄 Status do checkbox pilar_especial_ativo_var: False
2026-03-28 09:18:42 | debug_robo_cima | INFO | ℹ️ Pilar especial INATIVO - pilar_rotacionado: False, pilar_especial: False, globais: False, tipo: ''
2026-03-28 09:18:42 | debug_robo_cima | INFO | 
----------------------------------------
2026-03-28 09:18:42 | debug_robo_cima | INFO | 📌 VERIFICAÇÃO DE PILAR ESPECIAL ATIVO
2026-03-28 09:18:42 | debug_robo_cima | INFO | ----------------------------------------
2026-03-28 09:18:42 | debug_robo_cima | INFO | ℹ️ 🔄 Verificando se pilar especial está ativo...
2026-03-28 09:18:42 | debug_robo_cima | INFO | ℹ️ 🔄 Status do checkbox pilar_rotacionado_var: False
2026-03-28 09:18:42 | debug_robo_cima | INFO | ℹ️ 🔄 Status do checkbox pilar_especial_ativo_var: False
2026-03-28 09:18:42 | debug_robo_cima | INFO | ℹ️ Pilar especial INATIVO - pilar_rotacionado: False, pilar_especial: False, globais: False, tipo: ''
2026-03-28 09:18:42 | debug_robo_cima | INFO | 
----------------------------------------
2026-03-28 09:18:42 | debug_robo_cima | INFO | 📌 VERIFICAÇÃO DE PILAR ESPECIAL ATIVO
2026-03-28 09:18:42 | debug_robo_cima | INFO | ----------------------------------------
2026-03-28 09:18:42 | debug_robo_cima | INFO | ℹ️ 🔄 Verificando se pilar especial está ativo...
2026-03-28 09:18:42 | debug_robo_cima | INFO | ℹ️ 🔄 Status do checkbox pilar_rotacionado_var: False
2026-03-28 09:18:42 | debug_robo_cima | INFO | ℹ️ 🔄 Status do checkbox pilar_especial_ativo_var: False
2026-03-28 09:18:42 | debug_robo_cima | INFO | ℹ️ Pilar especial INATIVO - pilar_rotacionado: False, pilar_especial: False, globais: False, tipo: ''
2026-03-28 09:18:42 | debug_robo_cima | INFO | 
----------------------------------------
2026-03-28 09:18:42 | debug_robo_cima | INFO | 📌 VERIFICAÇÃO DE PILAR ESPECIAL ATIVO
2026-03-28 09:18:42 | debug_robo_cima | INFO | ----------------------------------------
2026-03-28 09:18:42 | debug_robo_cima | INFO | ℹ️ 🔄 Verificando se pilar especial está ativo...
2026-03-28 09:18:42 | debug_robo_cima | INFO | ℹ️ 🔄 Status do checkbox pilar_rotacionado_var: False
2026-03-28 09:18:42 | debug_robo_cima | INFO | ℹ️ 🔄 Status do checkbox pilar_especial_ativo_var: False
2026-03-28 09:18:42 | debug_robo_cima | INFO | ℹ️ Pilar especial INATIVO - pilar_rotacionado: False, pilar_especial: False, globais: False, tipo: ''
2026-03-28 09:18:42 | debug_robo_cima | INFO | 
----------------------------------------
2026-03-28 09:18:42 | debug_robo_cima | INFO | 📌 VERIFICAÇÃO DE PILAR ESPECIAL ATIVO
2026-03-28 09:18:42 | debug_robo_cima | INFO | ----------------------------------------
2026-03-28 09:18:42 | debug_robo_cima | INFO | ℹ️ 🔄 Verificando se pilar especial está ativo...
2026-03-28 09:18:42 | debug_robo_cima | INFO | ℹ️ 🔄 Status do checkbox pilar_rotacionado_var: False
2026-03-28 09:18:42 | debug_robo_cima | INFO | ℹ️ 🔄 Status do checkbox pilar_especial_ativo_var: False
2026-03-28 09:18:42 | debug_robo_cima | INFO | ℹ️ Pilar especial INATIVO - pilar_rotacionado: False, pilar_especial: False, globais: False, tipo: ''
2026-03-28 09:18:42 | debug_robo_cima | INFO | 
----------------------------------------
2026-03-28 09:18:42 | debug_robo_cima | INFO | 📌 VERIFICAÇÃO DE PILAR ESPECIAL ATIVO
2026-03-28 09:18:42 | debug_robo_cima | INFO | ----------------------------------------
2026-03-28 09:18:42 | debug_robo_cima | INFO | ℹ️ 🔄 Verificando se pilar especial está ativo...
2026-03-28 09:18:42 | debug_robo_cima | INFO | ℹ️ 🔄 Status do checkbox pilar_rotacionado_var: False
2026-03-28 09:18:42 | debug_robo_cima | INFO | ℹ️ 🔄 Status do checkbox pilar_especial_ativo_var: False
2026-03-28 09:18:42 | debug_robo_cima | INFO | ℹ️ Pilar especial INATIVO - pilar_rotacionado: False, pilar_especial: False, globais: False, tipo: ''
2026-03-28 09:18:42 | debug_robo_cima | INFO | 
----------------------------------------
2026-03-28 09:18:42 | debug_robo_cima | INFO | 📌 VERIFICAÇÃO DE PILAR ESPECIAL ATIVO
2026-03-28 09:18:42 | debug_robo_cima | INFO | ----------------------------------------
2026-03-28 09:18:42 | debug_robo_cima | INFO | ℹ️ 🔄 Verificando se pilar especial está ativo...
2026-03-28 09:18:42 | debug_robo_cima | INFO | ℹ️ 🔄 Status do checkbox pilar_rotacionado_var: False
2026-03-28 09:18:42 | debug_robo_cima | INFO | ℹ️ 🔄 Status do checkbox pilar_especial_ativo_var: False
2026-03-28 09:18:42 | debug_robo_cima | INFO | ℹ️ Pilar especial INATIVO - pilar_rotacionado: False, pilar_especial: False, globais: False, tipo: ''
2026-03-28 09:18:42 | debug_robo_cima | INFO | 
----------------------------------------
2026-03-28 09:18:42 | debug_robo_cima | INFO | 📌 VERIFICAÇÃO DE PILAR ESPECIAL ATIVO
2026-03-28 09:18:42 | debug_robo_cima | INFO | ----------------------------------------
2026-03-28 09:18:42 | debug_robo_cima | INFO | ℹ️ 🔄 Verificando se pilar especial está ativo...
2026-03-28 09:18:42 | debug_robo_cima | INFO | ℹ️ 🔄 Status do checkbox pilar_rotacionado_var: False
2026-03-28 09:18:42 | debug_robo_cima | INFO | ℹ️ 🔄 Status do checkbox pilar_especial_ativo_var: False
2026-03-28 09:18:42 | debug_robo_cima | INFO | ℹ️ Pilar especial INATIVO - pilar_rotacionado: False, pilar_especial: False, globais: False, tipo: ''
2026-03-28 09:18:42 | debug_robo_cima | INFO | 
----------------------------------------
2026-03-28 09:18:42 | debug_robo_cima | INFO | 📌 VERIFICAÇÃO DE PILAR ESPECIAL ATIVO
2026-03-28 09:18:42 | debug_robo_cima | INFO | ----------------------------------------
2026-03-28 09:18:42 | debug_robo_cima | INFO | ℹ️ 🔄 Verificando se pilar especial está ativo...
2026-03-28 09:18:42 | debug_robo_cima | INFO | ℹ️ 🔄 Status do checkbox pilar_rotacionado_var: False
2026-03-28 09:18:42 | debug_robo_cima | INFO | ℹ️ 🔄 Status do checkbox pilar_especial_ativo_var: False
2026-03-28 09:18:42 | debug_robo_cima | INFO | ℹ️ Pilar especial INATIVO - pilar_rotacionado: False, pilar_especial: False, globais: False, tipo: ''
2026-03-28 09:18:42 | debug_robo_cima | INFO | 
----------------------------------------
2026-03-28 09:18:42 | debug_robo_cima | INFO | 📌 VERIFICAÇÃO DE PILAR ESPECIAL ATIVO
2026-03-28 09:18:42 | debug_robo_cima | INFO | ----------------------------------------
2026-03-28 09:18:42 | debug_robo_cima | INFO | ℹ️ 🔄 Verificando se pilar especial está ativo...
2026-03-28 09:18:42 | debug_robo_cima | INFO | ℹ️ 🔄 Status do checkbox pilar_rotacionado_var: False
2026-03-28 09:18:42 | debug_robo_cima | INFO | ℹ️ 🔄 Status do checkbox pilar_especial_ativo_var: False
2026-03-28 09:18:42 | debug_robo_cima | INFO | ℹ️ Pilar especial INATIVO - pilar_rotacionado: False, pilar_especial: False, globais: False, tipo: ''
2026-03-28 09:18:42 | debug_robo_cima | INFO | 
----------------------------------------
2026-03-28 09:18:42 | debug_robo_cima | INFO | 📌 VERIFICAÇÃO DE PILAR ESPECIAL ATIVO
2026-03-28 09:18:42 | debug_robo_cima | INFO | ----------------------------------------
2026-03-28 09:18:42 | debug_robo_cima | INFO | ℹ️ 🔄 Verificando se pilar especial está ativo...
2026-03-28 09:18:42 | debug_robo_cima | INFO | ℹ️ 🔄 Status do checkbox pilar_rotacionado_var: False
2026-03-28 09:18:42 | debug_robo_cima | INFO | ℹ️ 🔄 Status do checkbox pilar_especial_ativo_var: False
2026-03-28 09:18:42 | debug_robo_cima | INFO | ℹ️ Pilar especial INATIVO - pilar_rotacionado: False, pilar_especial: False, globais: False, tipo: ''
2026-03-28 09:18:42 | debug_robo_cima | INFO | 
----------------------------------------
2026-03-28 09:18:42 | debug_robo_cima | INFO | 📌 VERIFICAÇÃO DE PILAR ESPECIAL ATIVO
2026-03-28 09:18:42 | debug_robo_cima | INFO | ----------------------------------------
2026-03-28 09:18:42 | debug_robo_cima | INFO | ℹ️ 🔄 Verificando se pilar especial está ativo...
2026-03-28 09:18:42 | debug_robo_cima | INFO | ℹ️ 🔄 Status do checkbox pilar_rotacionado_var: False
2026-03-28 09:18:42 | debug_robo_cima | INFO | ℹ️ 🔄 Status do checkbox pilar_especial_ativo_var: False
2026-03-28 09:18:42 | debug_robo_cima | INFO | ℹ️ Pilar especial INATIVO - pilar_rotacionado: False, pilar_especial: False, globais: False, tipo: ''
2026-03-28 09:18:42 | debug_robo_cima | INFO | 
----------------------------------------
2026-03-28 09:18:42 | debug_robo_cima | INFO | 📌 VERIFICAÇÃO DE PILAR ESPECIAL ATIVO
2026-03-28 09:18:42 | debug_robo_cima | INFO | ----------------------------------------
2026-03-28 09:18:42 | debug_robo_cima | INFO | ℹ️ 🔄 Verificando se pilar especial está ativo...
2026-03-28 09:18:42 | debug_robo_cima | INFO | ℹ️ 🔄 Status do checkbox pilar_rotacionado_var: False
2026-03-28 09:18:42 | debug_robo_cima | INFO | ℹ️ 🔄 Status do checkbox pilar_especial_ativo_var: False
2026-03-28 09:18:42 | debug_robo_cima | INFO | ℹ️ Pilar especial INATIVO - pilar_rotacionado: False, pilar_especial: False, globais: False, tipo: ''
2026-03-28 09:18:42 | debug_robo_cima | INFO | 
----------------------------------------
2026-03-28 09:18:42 | debug_robo_cima | INFO | 📌 VERIFICAÇÃO DE PILAR ESPECIAL ATIVO
2026-03-28 09:18:42 | debug_robo_cima | INFO | ----------------------------------------
2026-03-28 09:18:42 | debug_robo_cima | INFO | ℹ️ 🔄 Verificando se pilar especial está ativo...
2026-03-28 09:18:42 | debug_robo_cima | INFO | ℹ️ 🔄 Status do checkbox pilar_rotacionado_var: False
2026-03-28 09:18:42 | debug_robo_cima | INFO | ℹ️ 🔄 Status do checkbox pilar_especial_ativo_var: False
2026-03-28 09:18:42 | debug_robo_cima | INFO | ℹ️ Pilar especial INATIVO - pilar_rotacionado: False, pilar_especial: False, globais: False, tipo: ''
2026-03-28 09:18:42 | debug_robo_cima | INFO | 
----------------------------------------
2026-03-28 09:18:42 | debug_robo_cima | INFO | 📌 VERIFICAÇÃO DE PILAR ESPECIAL ATIVO
2026-03-28 09:18:42 | debug_robo_cima | INFO | ----------------------------------------
2026-03-28 09:18:42 | debug_robo_cima | INFO | ℹ️ 🔄 Verificando se pilar especial está ativo...
2026-03-28 09:18:42 | debug_robo_cima | INFO | ℹ️ 🔄 Status do checkbox pilar_rotacionado_var: False
2026-03-28 09:18:42 | debug_robo_cima | INFO | ℹ️ 🔄 Status do checkbox pilar_especial_ativo_var: False
2026-03-28 09:18:42 | debug_robo_cima | INFO | ℹ️ Pilar especial INATIVO - pilar_rotacionado: False, pilar_especial: False, globais: False, tipo: ''
2026-03-28 09:18:42 | debug_robo_cima | INFO | 
----------------------------------------
2026-03-28 09:18:42 | debug_robo_cima | INFO | 📌 VERIFICAÇÃO DE PILAR ESPECIAL ATIVO
2026-03-28 09:18:42 | debug_robo_cima | INFO | ----------------------------------------
2026-03-28 09:18:42 | debug_robo_cima | INFO | ℹ️ 🔄 Verificando se pilar especial está ativo...
2026-03-28 09:18:42 | debug_robo_cima | INFO | ℹ️ 🔄 Status do checkbox pilar_rotacionado_var: False
2026-03-28 09:18:42 | debug_robo_cima | INFO | ℹ️ 🔄 Status do checkbox pilar_especial_ativo_var: False
2026-03-28 09:18:42 | debug_robo_cima | INFO | ℹ️ Pilar especial INATIVO - pilar_rotacionado: False, pilar_especial: False, globais: False, tipo: ''
2026-03-28 09:18:42 | debug_robo_cima | INFO | 
----------------------------------------
2026-03-28 09:18:42 | debug_robo_cima | INFO | 📌 VERIFICAÇÃO DE PILAR ESPECIAL ATIVO
2026-03-28 09:18:42 | debug_robo_cima | INFO | ----------------------------------------
2026-03-28 09:18:42 | debug_robo_cima | INFO | ℹ️ 🔄 Verificando se pilar especial está ativo...
2026-03-28 09:18:42 | debug_robo_cima | INFO | ℹ️ 🔄 Status do checkbox pilar_rotacionado_var: False
2026-03-28 09:18:42 | debug_robo_cima | INFO | ℹ️ 🔄 Status do checkbox pilar_especial_ativo_var: False
2026-03-28 09:18:42 | debug_robo_cima | INFO | ℹ️ Pilar especial INATIVO - pilar_rotacionado: False, pilar_especial: False, globais: False, tipo: ''
2026-03-28 09:18:42 | debug_robo_cima | INFO | 
----------------------------------------
2026-03-28 09:18:42 | debug_robo_cima | INFO | 📌 VERIFICAÇÃO DE PILAR ESPECIAL ATIVO
2026-03-28 09:18:42 | debug_robo_cima | INFO | ----------------------------------------
2026-03-28 09:18:42 | debug_robo_cima | INFO | ℹ️ 🔄 Verificando se pilar especial está ativo...
2026-03-28 09:18:42 | debug_robo_cima | INFO | ℹ️ 🔄 Status do checkbox pilar_rotacionado_var: False
2026-03-28 09:18:42 | debug_robo_cima | INFO | ℹ️ 🔄 Status do checkbox pilar_especial_ativo_var: False
2026-03-28 09:18:42 | debug_robo_cima | INFO | ℹ️ Pilar especial INATIVO - pilar_rotacionado: False, pilar_especial: False, globais: False, tipo: ''
2026-03-28 09:18:42 | debug_robo_cima | INFO | 
----------------------------------------
2026-03-28 09:18:42 | debug_robo_cima | INFO | 📌 VERIFICAÇÃO DE PILAR ESPECIAL ATIVO
2026-03-28 09:18:42 | debug_robo_cima | INFO | ----------------------------------------
2026-03-28 09:18:42 | debug_robo_cima | INFO | ℹ️ 🔄 Verificando se pilar especial está ativo...
2026-03-28 09:18:42 | debug_robo_cima | INFO | ℹ️ 🔄 Status do checkbox pilar_rotacionado_var: False
2026-03-28 09:18:42 | debug_robo_cima | INFO | ℹ️ 🔄 Status do checkbox pilar_especial_ativo_var: False
2026-03-28 09:18:42 | debug_robo_cima | INFO | ℹ️ Pilar especial INATIVO - pilar_rotacionado: False, pilar_especial: False, globais: False, tipo: ''
2026-03-28 09:18:42 | debug_robo_cima | INFO | 
----------------------------------------
2026-03-28 09:18:42 | debug_robo_cima | INFO | 📌 VERIFICAÇÃO DE PILAR ESPECIAL ATIVO
2026-03-28 09:18:42 | debug_robo_cima | INFO | ----------------------------------------
2026-03-28 09:18:42 | debug_robo_cima | INFO | ℹ️ 🔄 Verificando se pilar especial está ativo...
2026-03-28 09:18:42 | debug_robo_cima | INFO | ℹ️ 🔄 Status do checkbox pilar_rotacionado_var: False
2026-03-28 09:18:42 | debug_robo_cima | INFO | ℹ️ 🔄 Status do checkbox pilar_especial_ativo_var: False
2026-03-28 09:18:42 | debug_robo_cima | INFO | ℹ️ Pilar especial INATIVO - pilar_rotacionado: False, pilar_especial: False, globais: False, tipo: ''
2026-03-28 09:18:42 | debug_robo_cima | INFO | 
----------------------------------------
2026-03-28 09:18:42 | debug_robo_cima | INFO | 📌 VERIFICAÇÃO DE PILAR ESPECIAL ATIVO
2026-03-28 09:18:42 | debug_robo_cima | INFO | ----------------------------------------
2026-03-28 09:18:42 | debug_robo_cima | INFO | ℹ️ 🔄 Verificando se pilar especial está ativo...
2026-03-28 09:18:42 | debug_robo_cima | INFO | ℹ️ 🔄 Status do checkbox pilar_rotacionado_var: False
2026-03-28 09:18:42 | debug_robo_cima | INFO | ℹ️ 🔄 Status do checkbox pilar_especial_ativo_var: False
2026-03-28 09:18:42 | debug_robo_cima | INFO | ℹ️ Pilar especial INATIVO - pilar_rotacionado: False, pilar_especial: False, globais: False, tipo: ''
2026-03-28 09:18:42 | debug_robo_cima | INFO | 
----------------------------------------
2026-03-28 09:18:42 | debug_robo_cima | INFO | 📌 VERIFICAÇÃO DE PILAR ESPECIAL ATIVO
2026-03-28 09:18:42 | debug_robo_cima | INFO | ----------------------------------------
2026-03-28 09:18:42 | debug_robo_cima | INFO | ℹ️ 🔄 Verificando se pilar especial está ativo...
2026-03-28 09:18:42 | debug_robo_cima | INFO | ℹ️ 🔄 Status do checkbox pilar_rotacionado_var: False
2026-03-28 09:18:42 | debug_robo_cima | INFO | ℹ️ 🔄 Status do checkbox pilar_especial_ativo_var: False
2026-03-28 09:18:42 | debug_robo_cima | INFO | ℹ️ Pilar especial INATIVO - pilar_rotacionado: False, pilar_especial: False, globais: False, tipo: ''
2026-03-28 09:18:42 | debug_robo_cima | INFO | 
----------------------------------------
2026-03-28 09:18:42 | debug_robo_cima | INFO | 📌 VERIFICAÇÃO DE PILAR ESPECIAL ATIVO
2026-03-28 09:18:42 | debug_robo_cima | INFO | ----------------------------------------
2026-03-28 09:18:42 | debug_robo_cima | INFO | ℹ️ 🔄 Verificando se pilar especial está ativo...
2026-03-28 09:18:42 | debug_robo_cima | INFO | ℹ️ 🔄 Status do checkbox pilar_rotacionado_var: False
2026-03-28 09:18:42 | debug_robo_cima | INFO | ℹ️ 🔄 Status do checkbox pilar_especial_ativo_var: False
2026-03-28 09:18:42 | debug_robo_cima | INFO | ℹ️ Pilar especial INATIVO - pilar_rotacionado: False, pilar_especial: False, globais: False, tipo: ''
2026-03-28 09:18:42 | debug_robo_cima | INFO | 
----------------------------------------
2026-03-28 09:18:42 | debug_robo_cima | INFO | 📌 VERIFICAÇÃO DE PILAR ESPECIAL ATIVO
2026-03-28 09:18:42 | debug_robo_cima | INFO | ----------------------------------------
2026-03-28 09:18:42 | debug_robo_cima | INFO | ℹ️ 🔄 Verificando se pilar especial está ativo...
2026-03-28 09:18:42 | debug_robo_cima | INFO | ℹ️ 🔄 Status do checkbox pilar_rotacionado_var: False
2026-03-28 09:18:42 | debug_robo_cima | INFO | ℹ️ 🔄 Status do checkbox pilar_especial_ativo_var: False
2026-03-28 09:18:42 | debug_robo_cima | INFO | ℹ️ Pilar especial INATIVO - pilar_rotacionado: False, pilar_especial: False, globais: False, tipo: ''
2026-03-28 09:18:42 | debug_robo_cima | INFO | 
----------------------------------------
2026-03-28 09:18:42 | debug_robo_cima | INFO | 📌 VERIFICAÇÃO DE PILAR ESPECIAL ATIVO
2026-03-28 09:18:42 | debug_robo_cima | INFO | ----------------------------------------
2026-03-28 09:18:42 | debug_robo_cima | INFO | ℹ️ 🔄 Verificando se pilar especial está ativo...
2026-03-28 09:18:42 | debug_robo_cima | INFO | ℹ️ 🔄 Status do checkbox pilar_rotacionado_var: False
2026-03-28 09:18:42 | debug_robo_cima | INFO | ℹ️ 🔄 Status do checkbox pilar_especial_ativo_var: False
2026-03-28 09:18:42 | debug_robo_cima | INFO | ℹ️ Pilar especial INATIVO - pilar_rotacionado: False, pilar_especial: False, globais: False, tipo: ''
2026-03-28 09:18:42 | debug_robo_cima | INFO | 
----------------------------------------
2026-03-28 09:18:42 | debug_robo_cima | INFO | 📌 VERIFICAÇÃO DE PILAR ESPECIAL ATIVO
2026-03-28 09:18:42 | debug_robo_cima | INFO | ----------------------------------------
2026-03-28 09:18:42 | debug_robo_cima | INFO | ℹ️ 🔄 Verificando se pilar especial está ativo...
2026-03-28 09:18:42 | debug_robo_cima | INFO | ℹ️ 🔄 Status do checkbox pilar_rotacionado_var: False
2026-03-28 09:18:42 | debug_robo_cima | INFO | ℹ️ 🔄 Status do checkbox pilar_especial_ativo_var: False
2026-03-28 09:18:42 | debug_robo_cima | INFO | ℹ️ Pilar especial INATIVO - pilar_rotacionado: False, pilar_especial: False, globais: False, tipo: ''
2026-03-28 09:18:42 | debug_robo_cima | INFO | 
----------------------------------------
2026-03-28 09:18:42 | debug_robo_cima | INFO | 📌 VERIFICAÇÃO DE PILAR ESPECIAL ATIVO
2026-03-28 09:18:42 | debug_robo_cima | INFO | ----------------------------------------
2026-03-28 09:18:42 | debug_robo_cima | INFO | ℹ️ 🔄 Verificando se pilar especial está ativo...
2026-03-28 09:18:42 | debug_robo_cima | INFO | ℹ️ 🔄 Status do checkbox pilar_rotacionado_var: False
2026-03-28 09:18:42 | debug_robo_cima | INFO | ℹ️ 🔄 Status do checkbox pilar_especial_ativo_var: False
2026-03-28 09:18:42 | debug_robo_cima | INFO | ℹ️ Pilar especial INATIVO - pilar_rotacionado: False, pilar_especial: False, globais: False, tipo: ''
2026-03-28 09:18:42 | debug_robo_cima | INFO | 
----------------------------------------
2026-03-28 09:18:42 | debug_robo_cima | INFO | 📌 VERIFICAÇÃO DE PILAR ESPECIAL ATIVO
2026-03-28 09:18:42 | debug_robo_cima | INFO | ----------------------------------------
2026-03-28 09:18:42 | debug_robo_cima | INFO | ℹ️ 🔄 Verificando se pilar especial está ativo...
2026-03-28 09:18:42 | debug_robo_cima | INFO | ℹ️ 🔄 Status do checkbox pilar_rotacionado_var: False
2026-03-28 09:18:42 | debug_robo_cima | INFO | ℹ️ 🔄 Status do checkbox pilar_especial_ativo_var: False
2026-03-28 09:18:42 | debug_robo_cima | INFO | ℹ️ Pilar especial INATIVO - pilar_rotacionado: False, pilar_especial: False, globais: False, tipo: ''
2026-03-28 09:18:42 | debug_robo_cima | INFO | 
----------------------------------------
2026-03-28 09:18:42 | debug_robo_cima | INFO | 📌 VERIFICAÇÃO DE PILAR ESPECIAL ATIVO
2026-03-28 09:18:42 | debug_robo_cima | INFO | ----------------------------------------
2026-03-28 09:18:42 | debug_robo_cima | INFO | ℹ️ 🔄 Verificando se pilar especial está ativo...
2026-03-28 09:18:42 | debug_robo_cima | INFO | ℹ️ 🔄 Status do checkbox pilar_rotacionado_var: False
2026-03-28 09:18:42 | debug_robo_cima | INFO | ℹ️ 🔄 Status do checkbox pilar_especial_ativo_var: False
2026-03-28 09:18:42 | debug_robo_cima | INFO | ℹ️ Pilar especial INATIVO - pilar_rotacionado: False, pilar_especial: False, globais: False, tipo: ''
2026-03-28 09:18:42 | debug_robo_cima | INFO | 
----------------------------------------
2026-03-28 09:18:42 | debug_robo_cima | INFO | 📌 VERIFICAÇÃO DE PILAR ESPECIAL ATIVO
2026-03-28 09:18:42 | debug_robo_cima | INFO | ----------------------------------------
2026-03-28 09:18:42 | debug_robo_cima | INFO | ℹ️ 🔄 Verificando se pilar especial está ativo...
2026-03-28 09:18:42 | debug_robo_cima | INFO | ℹ️ 🔄 Status do checkbox pilar_rotacionado_var: False
2026-03-28 09:18:42 | debug_robo_cima | INFO | ℹ️ 🔄 Status do checkbox pilar_especial_ativo_var: False
2026-03-28 09:18:42 | debug_robo_cima | INFO | ℹ️ Pilar especial INATIVO - pilar_rotacionado: False, pilar_especial: False, globais: False, tipo: ''
2026-03-28 09:18:42 | debug_robo_cima | INFO | 
----------------------------------------
2026-03-28 09:18:42 | debug_robo_cima | INFO | 📌 VERIFICAÇÃO DE PILAR ESPECIAL ATIVO
2026-03-28 09:18:42 | debug_robo_cima | INFO | ----------------------------------------
2026-03-28 09:18:42 | debug_robo_cima | INFO | ℹ️ 🔄 Verificando se pilar especial está ativo...
2026-03-28 09:18:42 | debug_robo_cima | INFO | ℹ️ 🔄 Status do checkbox pilar_rotacionado_var: False
2026-03-28 09:18:42 | debug_robo_cima | INFO | ℹ️ 🔄 Status do checkbox pilar_especial_ativo_var: False
2026-03-28 09:18:42 | debug_robo_cima | INFO | ℹ️ Pilar especial INATIVO - pilar_rotacionado: False, pilar_especial: False, globais: False, tipo: ''
2026-03-28 09:18:42 | debug_robo_cima | INFO | 
----------------------------------------
2026-03-28 09:18:42 | debug_robo_cima | INFO | 📌 VERIFICAÇÃO DE PILAR ESPECIAL ATIVO
2026-03-28 09:18:42 | debug_robo_cima | INFO | ----------------------------------------
2026-03-28 09:18:42 | debug_robo_cima | INFO | ℹ️ 🔄 Verificando se pilar especial está ativo...
2026-03-28 09:18:42 | debug_robo_cima | INFO | ℹ️ 🔄 Status do checkbox pilar_rotacionado_var: False
2026-03-28 09:18:42 | debug_robo_cima | INFO | ℹ️ 🔄 Status do checkbox pilar_especial_ativo_var: False
2026-03-28 09:18:42 | debug_robo_cima | INFO | ℹ️ Pilar especial INATIVO - pilar_rotacionado: False, pilar_especial: False, globais: False, tipo: ''
2026-03-28 09:18:42 | debug_robo_cima | INFO | 
----------------------------------------
2026-03-28 09:18:42 | debug_robo_cima | INFO | 📌 VERIFICAÇÃO DE PILAR ESPECIAL ATIVO
2026-03-28 09:18:42 | debug_robo_cima | INFO | ----------------------------------------
2026-03-28 09:18:42 | debug_robo_cima | INFO | ℹ️ 🔄 Verificando se pilar especial está ativo...
2026-03-28 09:18:42 | debug_robo_cima | INFO | ℹ️ 🔄 Status do checkbox pilar_rotacionado_var: False
2026-03-28 09:18:42 | debug_robo_cima | INFO | ℹ️ 🔄 Status do checkbox pilar_especial_ativo_var: False
2026-03-28 09:18:42 | debug_robo_cima | INFO | ℹ️ Pilar especial INATIVO - pilar_rotacionado: False, pilar_especial: False, globais: False, tipo: ''
2026-03-28 09:18:42 | debug_robo_cima | INFO | 
----------------------------------------
2026-03-28 09:18:42 | debug_robo_cima | INFO | 📌 VERIFICAÇÃO DE PILAR ESPECIAL ATIVO
2026-03-28 09:18:42 | debug_robo_cima | INFO | ----------------------------------------
2026-03-28 09:18:42 | debug_robo_cima | INFO | ℹ️ 🔄 Verificando se pilar especial está ativo...
2026-03-28 09:18:42 | debug_robo_cima | INFO | ℹ️ 🔄 Status do checkbox pilar_rotacionado_var: False
2026-03-28 09:18:42 | debug_robo_cima | INFO | ℹ️ 🔄 Status do checkbox pilar_especial_ativo_var: False
2026-03-28 09:18:42 | debug_robo_cima | INFO | ℹ️ Pilar especial INATIVO - pilar_rotacionado: False, pilar_especial: False, globais: False, tipo: ''
2026-03-28 09:18:42 | debug_robo_cima | INFO | 
----------------------------------------
2026-03-28 09:18:42 | debug_robo_cima | INFO | 📌 VERIFICAÇÃO DE PILAR ESPECIAL ATIVO
2026-03-28 09:18:42 | debug_robo_cima | INFO | ----------------------------------------
2026-03-28 09:18:42 | debug_robo_cima | INFO | ℹ️ 🔄 Verificando se pilar especial está ativo...
2026-03-28 09:18:42 | debug_robo_cima | INFO | ℹ️ 🔄 Status do checkbox pilar_rotacionado_var: False
2026-03-28 09:18:42 | debug_robo_cima | INFO | ℹ️ 🔄 Status do checkbox pilar_especial_ativo_var: False
2026-03-28 09:18:42 | debug_robo_cima | INFO | ℹ️ Pilar especial INATIVO - pilar_rotacionado: False, pilar_especial: False, globais: False, tipo: ''
2026-03-28 09:18:42 | debug_robo_cima | INFO | 
----------------------------------------
2026-03-28 09:18:42 | debug_robo_cima | INFO | 📌 VERIFICAÇÃO DE PILAR ESPECIAL ATIVO
2026-03-28 09:18:42 | debug_robo_cima | INFO | ----------------------------------------
2026-03-28 09:18:42 | debug_robo_cima | INFO | ℹ️ 🔄 Verificando se pilar especial está ativo...
2026-03-28 09:18:42 | debug_robo_cima | INFO | ℹ️ 🔄 Status do checkbox pilar_rotacionado_var: False
2026-03-28 09:18:42 | debug_robo_cima | INFO | ℹ️ 🔄 Status do checkbox pilar_especial_ativo_var: False
2026-03-28 09:18:42 | debug_robo_cima | INFO | ℹ️ Pilar especial INATIVO - pilar_rotacionado: False, pilar_especial: False, globais: False, tipo: ''
2026-03-28 09:18:42 | debug_robo_cima | INFO | 
----------------------------------------
2026-03-28 09:18:42 | debug_robo_cima | INFO | 📌 VERIFICAÇÃO DE PILAR ESPECIAL ATIVO
2026-03-28 09:18:42 | debug_robo_cima | INFO | ----------------------------------------
2026-03-28 09:18:42 | debug_robo_cima | INFO | ℹ️ 🔄 Verificando se pilar especial está ativo...
2026-03-28 09:18:42 | debug_robo_cima | INFO | ℹ️ 🔄 Status do checkbox pilar_rotacionado_var: False
2026-03-28 09:18:42 | debug_robo_cima | INFO | ℹ️ 🔄 Status do checkbox pilar_especial_ativo_var: False
2026-03-28 09:18:42 | debug_robo_cima | INFO | ℹ️ Pilar especial INATIVO - pilar_rotacionado: False, pilar_especial: False, globais: False, tipo: ''
2026-03-28 09:18:42 | debug_robo_cima | INFO | 
----------------------------------------
2026-03-28 09:18:42 | debug_robo_cima | INFO | 📌 VERIFICAÇÃO DE PILAR ESPECIAL ATIVO
2026-03-28 09:18:42 | debug_robo_cima | INFO | ----------------------------------------
2026-03-28 09:18:42 | debug_robo_cima | INFO | ℹ️ 🔄 Verificando se pilar especial está ativo...
2026-03-28 09:18:42 | debug_robo_cima | INFO | ℹ️ 🔄 Status do checkbox pilar_rotacionado_var: False
2026-03-28 09:18:42 | debug_robo_cima | INFO | ℹ️ 🔄 Status do checkbox pilar_especial_ativo_var: False
2026-03-28 09:18:42 | debug_robo_cima | INFO | ℹ️ Pilar especial INATIVO - pilar_rotacionado: False, pilar_especial: False, globais: False, tipo: ''
2026-03-28 09:18:42 | debug_robo_cima | INFO | 
----------------------------------------
2026-03-28 09:18:42 | debug_robo_cima | INFO | 📌 VERIFICAÇÃO DE PILAR ESPECIAL ATIVO
2026-03-28 09:18:42 | debug_robo_cima | INFO | ----------------------------------------
2026-03-28 09:18:42 | debug_robo_cima | INFO | ℹ️ 🔄 Verificando se pilar especial está ativo...
2026-03-28 09:18:42 | debug_robo_cima | INFO | ℹ️ 🔄 Status do checkbox pilar_rotacionado_var: False
2026-03-28 09:18:42 | debug_robo_cima | INFO | ℹ️ 🔄 Status do checkbox pilar_especial_ativo_var: False
2026-03-28 09:18:42 | debug_robo_cima | INFO | ℹ️ Pilar especial INATIVO - pilar_rotacionado: False, pilar_especial: False, globais: False, tipo: ''
2026-03-28 09:18:42 | debug_robo_cima | INFO | 
----------------------------------------
2026-03-28 09:18:42 | debug_robo_cima | INFO | 📌 VERIFICAÇÃO DE PILAR ESPECIAL ATIVO
2026-03-28 09:18:42 | debug_robo_cima | INFO | ----------------------------------------
2026-03-28 09:18:42 | debug_robo_cima | INFO | ℹ️ 🔄 Verificando se pilar especial está ativo...
2026-03-28 09:18:42 | debug_robo_cima | INFO | ℹ️ 🔄 Status do checkbox pilar_rotacionado_var: False
2026-03-28 09:18:42 | debug_robo_cima | INFO | ℹ️ 🔄 Status do checkbox pilar_especial_ativo_var: False
2026-03-28 09:18:42 | debug_robo_cima | INFO | ℹ️ Pilar especial INATIVO - pilar_rotacionado: False, pilar_especial: False, globais: False, tipo: ''
2026-03-28 09:18:42 | debug_robo_cima | INFO | 
----------------------------------------
2026-03-28 09:18:42 | debug_robo_cima | INFO | 📌 VERIFICAÇÃO DE PILAR ESPECIAL ATIVO
2026-03-28 09:18:42 | debug_robo_cima | INFO | ----------------------------------------
2026-03-28 09:18:42 | debug_robo_cima | INFO | ℹ️ 🔄 Verificando se pilar especial está ativo...
2026-03-28 09:18:42 | debug_robo_cima | INFO | ℹ️ 🔄 Status do checkbox pilar_rotacionado_var: False
2026-03-28 09:18:42 | debug_robo_cima | INFO | ℹ️ 🔄 Status do checkbox pilar_especial_ativo_var: False
2026-03-28 09:18:42 | debug_robo_cima | INFO | ℹ️ Pilar especial INATIVO - pilar_rotacionado: False, pilar_especial: False, globais: False, tipo: ''
2026-03-28 09:18:42 | debug_robo_cima | INFO | 
----------------------------------------
2026-03-28 09:18:42 | debug_robo_cima | INFO | 📌 VERIFICAÇÃO DE PILAR ESPECIAL ATIVO
2026-03-28 09:18:42 | debug_robo_cima | INFO | ----------------------------------------
2026-03-28 09:18:42 | debug_robo_cima | INFO | ℹ️ 🔄 Verificando se pilar especial está ativo...
2026-03-28 09:18:42 | debug_robo_cima | INFO | ℹ️ 🔄 Status do checkbox pilar_rotacionado_var: False
2026-03-28 09:18:42 | debug_robo_cima | INFO | ℹ️ 🔄 Status do checkbox pilar_especial_ativo_var: False
2026-03-28 09:18:42 | debug_robo_cima | INFO | ℹ️ Pilar especial INATIVO - pilar_rotacionado: False, pilar_especial: False, globais: False, tipo: ''
2026-03-28 09:18:42 | debug_robo_cima | INFO | 
----------------------------------------
2026-03-28 09:18:42 | debug_robo_cima | INFO | 📌 VERIFICAÇÃO DE PILAR ESPECIAL ATIVO
2026-03-28 09:18:42 | debug_robo_cima | INFO | ----------------------------------------
2026-03-28 09:18:42 | debug_robo_cima | INFO | ℹ️ 🔄 Verificando se pilar especial está ativo...
2026-03-28 09:18:42 | debug_robo_cima | INFO | ℹ️ 🔄 Status do checkbox pilar_rotacionado_var: False
2026-03-28 09:18:42 | debug_robo_cima | INFO | ℹ️ 🔄 Status do checkbox pilar_especial_ativo_var: False
2026-03-28 09:18:42 | debug_robo_cima | INFO | ℹ️ Pilar especial INATIVO - pilar_rotacionado: False, pilar_especial: False, globais: False, tipo: ''
2026-03-28 09:18:42 | debug_robo_cima | INFO | 
----------------------------------------
2026-03-28 09:18:42 | debug_robo_cima | INFO | 📌 VERIFICAÇÃO DE PILAR ESPECIAL ATIVO
2026-03-28 09:18:42 | debug_robo_cima | INFO | ----------------------------------------
2026-03-28 09:18:42 | debug_robo_cima | INFO | ℹ️ 🔄 Verificando se pilar especial está ativo...
2026-03-28 09:18:42 | debug_robo_cima | INFO | ℹ️ 🔄 Status do checkbox pilar_rotacionado_var: False
2026-03-28 09:18:42 | debug_robo_cima | INFO | ℹ️ 🔄 Status do checkbox pilar_especial_ativo_var: False
2026-03-28 09:18:42 | debug_robo_cima | INFO | ℹ️ Pilar especial INATIVO - pilar_rotacionado: False, pilar_especial: False, globais: False, tipo: ''
2026-03-28 09:18:42 | debug_robo_cima | INFO | 
----------------------------------------
2026-03-28 09:18:42 | debug_robo_cima | INFO | 📌 VERIFICAÇÃO DE PILAR ESPECIAL ATIVO
2026-03-28 09:18:42 | debug_robo_cima | INFO | ----------------------------------------
2026-03-28 09:18:42 | debug_robo_cima | INFO | ℹ️ 🔄 Verificando se pilar especial está ativo...
2026-03-28 09:18:42 | debug_robo_cima | INFO | ℹ️ 🔄 Status do checkbox pilar_rotacionado_var: False
2026-03-28 09:18:42 | debug_robo_cima | INFO | ℹ️ 🔄 Status do checkbox pilar_especial_ativo_var: False
2026-03-28 09:18:42 | debug_robo_cima | INFO | ℹ️ Pilar especial INATIVO - pilar_rotacionado: False, pilar_especial: False, globais: False, tipo: ''
2026-03-28 09:18:42 | debug_robo_cima | INFO | 
----------------------------------------
2026-03-28 09:18:42 | debug_robo_cima | INFO | 📌 VERIFICAÇÃO DE PILAR ESPECIAL ATIVO
2026-03-28 09:18:42 | debug_robo_cima | INFO | ----------------------------------------
2026-03-28 09:18:42 | debug_robo_cima | INFO | ℹ️ 🔄 Verificando se pilar especial está ativo...
2026-03-28 09:18:42 | debug_robo_cima | INFO | ℹ️ 🔄 Status do checkbox pilar_rotacionado_var: False
2026-03-28 09:18:42 | debug_robo_cima | INFO | ℹ️ 🔄 Status do checkbox pilar_especial_ativo_var: False
2026-03-28 09:18:42 | debug_robo_cima | INFO | ℹ️ Pilar especial INATIVO - pilar_rotacionado: False, pilar_especial: False, globais: False, tipo: ''
2026-03-28 09:18:42 | debug_robo_cima | INFO | 
----------------------------------------
2026-03-28 09:18:42 | debug_robo_cima | INFO | 📌 VERIFICAÇÃO DE PILAR ESPECIAL ATIVO
2026-03-28 09:18:42 | debug_robo_cima | INFO | ----------------------------------------
2026-03-28 09:18:42 | debug_robo_cima | INFO | ℹ️ 🔄 Verificando se pilar especial está ativo...
2026-03-28 09:18:42 | debug_robo_cima | INFO | ℹ️ 🔄 Status do checkbox pilar_rotacionado_var: False
2026-03-28 09:18:42 | debug_robo_cima | INFO | ℹ️ 🔄 Status do checkbox pilar_especial_ativo_var: False
2026-03-28 09:18:42 | debug_robo_cima | INFO | ℹ️ Pilar especial INATIVO - pilar_rotacionado: False, pilar_especial: False, globais: False, tipo: ''
2026-03-28 09:18:42 | debug_robo_cima | INFO | 
----------------------------------------
2026-03-28 09:18:42 | debug_robo_cima | INFO | 📌 VERIFICAÇÃO DE PILAR ESPECIAL ATIVO
2026-03-28 09:18:42 | debug_robo_cima | INFO | ----------------------------------------
2026-03-28 09:18:42 | debug_robo_cima | INFO | ℹ️ 🔄 Verificando se pilar especial está ativo...
2026-03-28 09:18:42 | debug_robo_cima | INFO | ℹ️ 🔄 Status do checkbox pilar_rotacionado_var: False
2026-03-28 09:18:42 | debug_robo_cima | INFO | ℹ️ 🔄 Status do checkbox pilar_especial_ativo_var: False
2026-03-28 09:18:42 | debug_robo_cima | INFO | ℹ️ Pilar especial INATIVO - pilar_rotacionado: False, pilar_especial: False, globais: False, tipo: ''
2026-03-28 09:18:42 | debug_robo_cima | INFO | 
----------------------------------------
2026-03-28 09:18:42 | debug_robo_cima | INFO | 📌 VERIFICAÇÃO DE PILAR ESPECIAL ATIVO
2026-03-28 09:18:42 | debug_robo_cima | INFO | ----------------------------------------
2026-03-28 09:18:42 | debug_robo_cima | INFO | ℹ️ 🔄 Verificando se pilar especial está ativo...
2026-03-28 09:18:42 | debug_robo_cima | INFO | ℹ️ 🔄 Status do checkbox pilar_rotacionado_var: False
2026-03-28 09:18:42 | debug_robo_cima | INFO | ℹ️ 🔄 Status do checkbox pilar_especial_ativo_var: False
2026-03-28 09:18:42 | debug_robo_cima | INFO | ℹ️ Pilar especial INATIVO - pilar_rotacionado: False, pilar_especial: False, globais: False, tipo: ''
2026-03-28 09:18:42 | debug_robo_cima | INFO | 
----------------------------------------
2026-03-28 09:18:42 | debug_robo_cima | INFO | 📌 VERIFICAÇÃO DE PILAR ESPECIAL ATIVO
2026-03-28 09:18:42 | debug_robo_cima | INFO | ----------------------------------------
2026-03-28 09:18:42 | debug_robo_cima | INFO | ℹ️ 🔄 Verificando se pilar especial está ativo...
2026-03-28 09:18:42 | debug_robo_cima | INFO | ℹ️ 🔄 Status do checkbox pilar_rotacionado_var: False
2026-03-28 09:18:42 | debug_robo_cima | INFO | ℹ️ 🔄 Status do checkbox pilar_especial_ativo_var: False
2026-03-28 09:18:42 | debug_robo_cima | INFO | ℹ️ Pilar especial INATIVO - pilar_rotacionado: False, pilar_especial: False, globais: False, tipo: ''
2026-03-28 09:18:42 | debug_robo_cima | INFO | 
----------------------------------------
2026-03-28 09:18:42 | debug_robo_cima | INFO | 📌 VERIFICAÇÃO DE PILAR ESPECIAL ATIVO
2026-03-28 09:18:42 | debug_robo_cima | INFO | ----------------------------------------
2026-03-28 09:18:42 | debug_robo_cima | INFO | ℹ️ 🔄 Verificando se pilar especial está ativo...
2026-03-28 09:18:42 | debug_robo_cima | INFO | ℹ️ 🔄 Status do checkbox pilar_rotacionado_var: False
2026-03-28 09:18:42 | debug_robo_cima | INFO | ℹ️ 🔄 Status do checkbox pilar_especial_ativo_var: False
2026-03-28 09:18:42 | debug_robo_cima | INFO | ℹ️ Pilar especial INATIVO - pilar_rotacionado: False, pilar_especial: False, globais: False, tipo: ''
2026-03-28 09:18:42 | debug_robo_cima | INFO | 
----------------------------------------
2026-03-28 09:18:42 | debug_robo_cima | INFO | 📌 VERIFICAÇÃO DE PILAR ESPECIAL ATIVO
2026-03-28 09:18:42 | debug_robo_cima | INFO | ----------------------------------------
2026-03-28 09:18:42 | debug_robo_cima | INFO | ℹ️ 🔄 Verificando se pilar especial está ativo...
2026-03-28 09:18:42 | debug_robo_cima | INFO | ℹ️ 🔄 Status do checkbox pilar_rotacionado_var: False
2026-03-28 09:18:42 | debug_robo_cima | INFO | ℹ️ 🔄 Status do checkbox pilar_especial_ativo_var: False
2026-03-28 09:18:42 | debug_robo_cima | INFO | ℹ️ Pilar especial INATIVO - pilar_rotacionado: False, pilar_especial: False, globais: False, tipo: ''
2026-03-28 09:18:42 | debug_robo_cima | INFO | 
----------------------------------------
2026-03-28 09:18:42 | debug_robo_cima | INFO | 📌 VERIFICAÇÃO DE PILAR ESPECIAL ATIVO
2026-03-28 09:18:42 | debug_robo_cima | INFO | ----------------------------------------
2026-03-28 09:18:42 | debug_robo_cima | INFO | ℹ️ 🔄 Verificando se pilar especial está ativo...
2026-03-28 09:18:42 | debug_robo_cima | INFO | ℹ️ 🔄 Status do checkbox pilar_rotacionado_var: False
2026-03-28 09:18:42 | debug_robo_cima | INFO | ℹ️ 🔄 Status do checkbox pilar_especial_ativo_var: False
2026-03-28 09:18:42 | debug_robo_cima | INFO | ℹ️ Pilar especial INATIVO - pilar_rotacionado: False, pilar_especial: False, globais: False, tipo: ''
2026-03-28 09:18:42 | debug_robo_cima | INFO | 
----------------------------------------
2026-03-28 09:18:42 | debug_robo_cima | INFO | 📌 VERIFICAÇÃO DE PILAR ESPECIAL ATIVO
2026-03-28 09:18:42 | debug_robo_cima | INFO | ----------------------------------------
2026-03-28 09:18:42 | debug_robo_cima | INFO | ℹ️ 🔄 Verificando se pilar especial está ativo...
2026-03-28 09:18:42 | debug_robo_cima | INFO | ℹ️ 🔄 Status do checkbox pilar_rotacionado_var: False
2026-03-28 09:18:42 | debug_robo_cima | INFO | ℹ️ 🔄 Status do checkbox pilar_especial_ativo_var: False
2026-03-28 09:18:42 | debug_robo_cima | INFO | ℹ️ Pilar especial INATIVO - pilar_rotacionado: False, pilar_especial: False, globais: False, tipo: ''
2026-03-28 09:18:43 | debug_robo_cima | INFO | 
----------------------------------------
2026-03-28 09:18:43 | debug_robo_cima | INFO | 📌 VERIFICAÇÃO DE PILAR ESPECIAL ATIVO
2026-03-28 09:18:43 | debug_robo_cima | INFO | ----------------------------------------
2026-03-28 09:18:43 | debug_robo_cima | INFO | ℹ️ 🔄 Verificando se pilar especial está ativo...
2026-03-28 09:18:43 | debug_robo_cima | INFO | ℹ️ 🔄 Status do checkbox pilar_rotacionado_var: False
2026-03-28 09:18:43 | debug_robo_cima | INFO | ℹ️ 🔄 Status do checkbox pilar_especial_ativo_var: False
2026-03-28 09:18:43 | debug_robo_cima | INFO | ℹ️ Pilar especial INATIVO - pilar_rotacionado: False, pilar_especial: False, globais: False, tipo: ''
2026-03-28 09:18:43 | debug_robo_cima | INFO | 
----------------------------------------
2026-03-28 09:18:43 | debug_robo_cima | INFO | 📌 VERIFICAÇÃO DE PILAR ESPECIAL ATIVO
2026-03-28 09:18:43 | debug_robo_cima | INFO | ----------------------------------------
2026-03-28 09:18:43 | debug_robo_cima | INFO | ℹ️ 🔄 Verificando se pilar especial está ativo...
2026-03-28 09:18:43 | debug_robo_cima | INFO | ℹ️ 🔄 Status do checkbox pilar_rotacionado_var: False
2026-03-28 09:18:43 | debug_robo_cima | INFO | ℹ️ 🔄 Status do checkbox pilar_especial_ativo_var: False
2026-03-28 09:18:43 | debug_robo_cima | INFO | ℹ️ Pilar especial INATIVO - pilar_rotacionado: False, pilar_especial: False, globais: False, tipo: ''
2026-03-28 09:18:43 | debug_robo_cima | INFO | 
----------------------------------------
2026-03-28 09:18:43 | debug_robo_cima | INFO | 📌 VERIFICAÇÃO DE PILAR ESPECIAL ATIVO
2026-03-28 09:18:43 | debug_robo_cima | INFO | ----------------------------------------
2026-03-28 09:18:43 | debug_robo_cima | INFO | ℹ️ 🔄 Verificando se pilar especial está ativo...
2026-03-28 09:18:43 | debug_robo_cima | INFO | ℹ️ 🔄 Status do checkbox pilar_rotacionado_var: False
2026-03-28 09:18:43 | debug_robo_cima | INFO | ℹ️ 🔄 Status do checkbox pilar_especial_ativo_var: False
2026-03-28 09:18:43 | debug_robo_cima | INFO | ℹ️ Pilar especial INATIVO - pilar_rotacionado: False, pilar_especial: False, globais: False, tipo: ''
2026-03-28 09:18:43 | debug_robo_cima | INFO | 
----------------------------------------
2026-03-28 09:18:43 | debug_robo_cima | INFO | 📌 VERIFICAÇÃO DE PILAR ESPECIAL ATIVO
2026-03-28 09:18:43 | debug_robo_cima | INFO | ----------------------------------------
2026-03-28 09:18:43 | debug_robo_cima | INFO | ℹ️ 🔄 Verificando se pilar especial está ativo...
2026-03-28 09:18:43 | debug_robo_cima | INFO | ℹ️ 🔄 Status do checkbox pilar_rotacionado_var: False
2026-03-28 09:18:43 | debug_robo_cima | INFO | ℹ️ 🔄 Status do checkbox pilar_especial_ativo_var: False
2026-03-28 09:18:43 | debug_robo_cima | INFO | ℹ️ Pilar especial INATIVO - pilar_rotacionado: False, pilar_especial: False, globais: False, tipo: ''
2026-03-28 09:18:43 | debug_robo_cima | INFO | 
----------------------------------------
2026-03-28 09:18:43 | debug_robo_cima | INFO | 📌 VERIFICAÇÃO DE PILAR ESPECIAL ATIVO
2026-03-28 09:18:43 | debug_robo_cima | INFO | ----------------------------------------
2026-03-28 09:18:43 | debug_robo_cima | INFO | ℹ️ 🔄 Verificando se pilar especial está ativo...
2026-03-28 09:18:43 | debug_robo_cima | INFO | ℹ️ 🔄 Status do checkbox pilar_rotacionado_var: False
2026-03-28 09:18:43 | debug_robo_cima | INFO | ℹ️ 🔄 Status do checkbox pilar_especial_ativo_var: False
2026-03-28 09:18:43 | debug_robo_cima | INFO | ℹ️ Pilar especial INATIVO - pilar_rotacionado: False, pilar_especial: False, globais: False, tipo: ''
2026-03-28 09:18:43 | debug_robo_cima | INFO | 
----------------------------------------
2026-03-28 09:18:43 | debug_robo_cima | INFO | 📌 VERIFICAÇÃO DE PILAR ESPECIAL ATIVO
2026-03-28 09:18:43 | debug_robo_cima | INFO | ----------------------------------------
2026-03-28 09:18:43 | debug_robo_cima | INFO | ℹ️ 🔄 Verificando se pilar especial está ativo...
2026-03-28 09:18:43 | debug_robo_cima | INFO | ℹ️ 🔄 Status do checkbox pilar_rotacionado_var: False
2026-03-28 09:18:43 | debug_robo_cima | INFO | ℹ️ 🔄 Status do checkbox pilar_especial_ativo_var: False
2026-03-28 09:18:43 | debug_robo_cima | INFO | ℹ️ Pilar especial INATIVO - pilar_rotacionado: False, pilar_especial: False, globais: False, tipo: ''
2026-03-28 09:18:43 | debug_robo_cima | INFO | 
============================================================
2026-03-28 09:18:43 | debug_robo_cima | INFO | 📋 GERAÇÃO DE SCRIPT CIMA
2026-03-28 09:18:43 | debug_robo_cima | INFO | ============================================================
2026-03-28 09:18:43 | debug_robo_cima | INFO | ℹ️ 🔄 === INÍCIO DO gerar_script() ===
2026-03-28 09:18:43 | debug_robo_cima | INFO | ℹ️ 🔄 Estado inicial das globais: ID=1996916051008, len=0
2026-03-28 09:18:43 | debug_robo_cima | WARNING | ⚠️ _globais_pilar_especial está vazio ou None!
2026-03-28 09:18:43 | debug_robo_cima | INFO | ℹ️ 🔄 Status pilar_rotacionado no inicio: False
2026-03-28 09:18:43 | debug_robo_cima | INFO | ℹ️ 🔄 Prestes a chamar _verificar_pilar_especial_ativo()...
2026-03-28 09:18:43 | debug_robo_cima | INFO | ℹ️ 🔄 Estado das globais ANTES da verificação: False
2026-03-28 09:18:43 | debug_robo_cima | INFO | 
----------------------------------------
2026-03-28 09:18:43 | debug_robo_cima | INFO | 📌 VERIFICAÇÃO DE PILAR ESPECIAL ATIVO
2026-03-28 09:18:43 | debug_robo_cima | INFO | ----------------------------------------
2026-03-28 09:18:43 | debug_robo_cima | INFO | ℹ️ 🔄 Verificando se pilar especial está ativo...
2026-03-28 09:18:43 | debug_robo_cima | INFO | ℹ️ 🔄 Status do checkbox pilar_rotacionado_var: False
2026-03-28 09:18:43 | debug_robo_cima | INFO | ℹ️ 🔄 Status do checkbox pilar_especial_ativo_var: False
2026-03-28 09:18:43 | debug_robo_cima | INFO | ℹ️ Pilar especial INATIVO - pilar_rotacionado: False, pilar_especial: False, globais: False, tipo: ''
2026-03-28 09:18:43 | debug_robo_cima | INFO | ℹ️ 🔄 Resultado da verificação: False
2026-03-28 09:18:43 | debug_robo_cima | INFO | ℹ️ 🔄 Estado das globais APÓS a verificação: False
2026-03-28 09:18:43 | debug_robo_cima | INFO | ℹ️ 🔄 Pilar especial ativo: False
2026-03-28 09:18:43 | debug_robo_cima | INFO | 
----------------------------------------
2026-03-28 09:18:43 | debug_robo_cima | INFO | 📌 APLICAÇÃO DE ALTERAÇÕES PILAR ESPECIAL - PAI.B
2026-03-28 09:18:43 | debug_robo_cima | INFO | ----------------------------------------
2026-03-28 09:18:43 | debug_robo_cima | INFO | ℹ️ 🔄 Aplicando alterações do pilar especial para PAI.B...
2026-03-28 09:18:43 | debug_robo_cima | WARNING | ⚠️ Pilar especial INATIVO (sem globais no gerador) - retornando valor original: -51
2026-03-28 09:18:43 | debug_robo_cima | WARNING | ⚠️ Pilar especial INATIVO (sem globais no gerador) - retornando valor original: 90.0
2026-03-28 09:18:43 | debug_robo_cima | WARNING | ⚠️ Pilar especial INATIVO (sem globais no gerador) - retornando valor original: 302.0
2026-03-28 09:18:43 | debug_robo_cima | INFO | ℹ️ 🔄 PAI.B - Posição X: -51 -> -51
2026-03-28 09:18:43 | debug_robo_cima | INFO | ℹ️ 🔄 PAI.B - Posição Y: 90.0 -> 90.0
2026-03-28 09:18:43 | debug_robo_cima | INFO | ℹ️ 🔄 PAI.B - Comprimento: 302.0 -> 302.0
2026-03-28 09:18:43 | debug_robo_cima | WARNING | ⚠️ Pilar especial INATIVO (sem globais no gerador) - retornando valor original: -51
2026-03-28 09:18:43 | debug_robo_cima | WARNING | ⚠️ Pilar especial INATIVO (sem globais no gerador) - retornando valor original: 70
2026-03-28 09:18:43 | debug_robo_cima | WARNING | ⚠️ Pilar especial INATIVO (sem globais no gerador) - retornando valor original: 302.0
2026-03-28 09:18:43 | debug_robo_cima | INFO | ℹ️ [REFERENCIA-DINAMICA] Parede esquerda PAI.A FINAL REAL registrada: -51
2026-03-28 09:18:43 | debug_robo_cima | WARNING | ⚠️ Pilar especial INATIVO (sem globais no gerador) - retornando valor original: -71
2026-03-28 09:18:43 | debug_robo_cima | WARNING | ⚠️ Pilar especial INATIVO (sem globais no gerador) - retornando valor original: 342.0
2026-03-28 09:18:43 | debug_robo_cima | INFO | ℹ️ 🔧 METAL A - posX=-71, posY=58.8, comp=342.0, endX=271.0, largura=7
2026-03-28 09:18:43 | debug_robo_cima | WARNING | ⚠️ Pilar especial INATIVO (sem globais no gerador) - retornando valor original: -71
2026-03-28 09:18:43 | debug_robo_cima | WARNING | ⚠️ Pilar especial INATIVO (sem globais no gerador) - retornando valor original: 342.0
2026-03-28 09:18:43 | debug_robo_cima | INFO | ℹ️ 🔧 METAL B - posX=-71, posY=101.19999999999999, comp=342.0, endX=271.0, largura=7
2026-03-28 09:18:43 | debug_robo_cima | INFO | ℹ️ DEBUG: Valores lidos Grade A - grade1=100.0, grade2=100.0, grade3=100.0, dist1=1.0, dist2=1.0
2026-03-28 09:18:43 | debug_robo_cima | INFO | ℹ️ DEBUG: Condição Grade A - grade1 > 0: True, grade2 > 0: True, grade3 > 0: True
2026-03-28 09:18:43 | debug_robo_cima | INFO | ℹ️ DEBUG: Condição Grade A - grade1 > 0 or grade2 > 0 or grade3 > 0: True
2026-03-28 09:18:43 | debug_robo_cima | INFO | ℹ️ GRA.A usando valores específicos: comprimentos=[100.0, 100.0, 100.0], espacos=[1.0, 1.0]
2026-03-28 09:18:43 | debug_robo_cima | INFO | 
----------------------------------------
2026-03-28 09:18:43 | debug_robo_cima | INFO | 📌 VERIFICAÇÃO DE PILAR ESPECIAL ATIVO
2026-03-28 09:18:43 | debug_robo_cima | INFO | ----------------------------------------
2026-03-28 09:18:43 | debug_robo_cima | INFO | ℹ️ 🔄 Verificando se pilar especial está ativo...
2026-03-28 09:18:43 | debug_robo_cima | INFO | ℹ️ 🔄 Status do checkbox pilar_rotacionado_var: False
2026-03-28 09:18:43 | debug_robo_cima | INFO | ℹ️ 🔄 Status do checkbox pilar_especial_ativo_var: False
2026-03-28 09:18:43 | debug_robo_cima | INFO | ℹ️ Pilar especial INATIVO - pilar_rotacionado: False, pilar_especial: False, globais: False, tipo: ''
2026-03-28 09:18:43 | debug_robo_cima | INFO | 
----------------------------------------
2026-03-28 09:18:43 | debug_robo_cima | INFO | 📌 VERIFICAÇÃO DE PILAR ESPECIAL ATIVO
2026-03-28 09:18:43 | debug_robo_cima | INFO | ----------------------------------------
2026-03-28 09:18:43 | debug_robo_cima | INFO | ℹ️ 🔄 Verificando se pilar especial está ativo...
2026-03-28 09:18:43 | debug_robo_cima | INFO | ℹ️ 🔄 Status do checkbox pilar_rotacionado_var: False
2026-03-28 09:18:43 | debug_robo_cima | INFO | ℹ️ 🔄 Status do checkbox pilar_especial_ativo_var: False
2026-03-28 09:18:43 | debug_robo_cima | INFO | ℹ️ Pilar especial INATIVO - pilar_rotacionado: False, pilar_especial: False, globais: False, tipo: ''
2026-03-28 09:18:43 | debug_robo_cima | INFO | 
----------------------------------------
2026-03-28 09:18:43 | debug_robo_cima | INFO | 📌 VERIFICAÇÃO DE PILAR ESPECIAL ATIVO
2026-03-28 09:18:43 | debug_robo_cima | INFO | ----------------------------------------
2026-03-28 09:18:43 | debug_robo_cima | INFO | ℹ️ 🔄 Verificando se pilar especial está ativo...
2026-03-28 09:18:43 | debug_robo_cima | INFO | ℹ️ 🔄 Status do checkbox pilar_rotacionado_var: False
2026-03-28 09:18:43 | debug_robo_cima | INFO | ℹ️ 🔄 Status do checkbox pilar_especial_ativo_var: False
2026-03-28 09:18:43 | debug_robo_cima | INFO | ℹ️ Pilar especial INATIVO - pilar_rotacionado: False, pilar_especial: False, globais: False, tipo: ''
2026-03-28 09:18:43 | debug_robo_cima | INFO | ℹ️ DEBUG: Valores lidos Grade B - grade1_grupo2=100.0, grade2_grupo2=100.0, grade3_grupo2=100.0, dist1_grupo2=1.0, dist2_grupo2=1.0
2026-03-28 09:18:43 | debug_robo_cima | INFO | ℹ️ DEBUG: Condição Grade B - grade1_grupo2 > 0: True, grade2_grupo2 > 0: True, grade3_grupo2 > 0: True
2026-03-28 09:18:43 | debug_robo_cima | INFO | ℹ️ DEBUG: Condição Grade B - grade1_grupo2 > 0 or grade2_grupo2 > 0 or grade3_grupo2 > 0: True
2026-03-28 09:18:43 | debug_robo_cima | INFO | ℹ️ GRA.B usando valores específicos: comprimentos=[100.0, 100.0, 100.0], espacos=[1.0, 1.0]
2026-03-28 09:18:43 | debug_robo_cima | INFO | 
----------------------------------------
2026-03-28 09:18:43 | debug_robo_cima | INFO | 📌 VERIFICAÇÃO DE PILAR ESPECIAL ATIVO
2026-03-28 09:18:43 | debug_robo_cima | INFO | ----------------------------------------
2026-03-28 09:18:43 | debug_robo_cima | INFO | ℹ️ 🔄 Verificando se pilar especial está ativo...
2026-03-28 09:18:43 | debug_robo_cima | INFO | ℹ️ 🔄 Status do checkbox pilar_rotacionado_var: False
2026-03-28 09:18:43 | debug_robo_cima | INFO | ℹ️ 🔄 Status do checkbox pilar_especial_ativo_var: False
2026-03-28 09:18:43 | debug_robo_cima | INFO | ℹ️ Pilar especial INATIVO - pilar_rotacionado: False, pilar_especial: False, globais: False, tipo: ''
2026-03-28 09:18:43 | debug_robo_cima | INFO | 
----------------------------------------
2026-03-28 09:18:43 | debug_robo_cima | INFO | 📌 VERIFICAÇÃO DE PILAR ESPECIAL ATIVO
2026-03-28 09:18:43 | debug_robo_cima | INFO | ----------------------------------------
2026-03-28 09:18:43 | debug_robo_cima | INFO | ℹ️ 🔄 Verificando se pilar especial está ativo...
2026-03-28 09:18:43 | debug_robo_cima | INFO | ℹ️ 🔄 Status do checkbox pilar_rotacionado_var: False
2026-03-28 09:18:43 | debug_robo_cima | INFO | ℹ️ 🔄 Status do checkbox pilar_especial_ativo_var: False
2026-03-28 09:18:43 | debug_robo_cima | INFO | ℹ️ Pilar especial INATIVO - pilar_rotacionado: False, pilar_especial: False, globais: False, tipo: ''
2026-03-28 09:18:43 | debug_robo_cima | INFO | 
----------------------------------------
2026-03-28 09:18:43 | debug_robo_cima | INFO | 📌 VERIFICAÇÃO DE PILAR ESPECIAL ATIVO
2026-03-28 09:18:43 | debug_robo_cima | INFO | ----------------------------------------
2026-03-28 09:18:43 | debug_robo_cima | INFO | ℹ️ 🔄 Verificando se pilar especial está ativo...
2026-03-28 09:18:43 | debug_robo_cima | INFO | ℹ️ 🔄 Status do checkbox pilar_rotacionado_var: False
2026-03-28 09:18:43 | debug_robo_cima | INFO | ℹ️ 🔄 Status do checkbox pilar_especial_ativo_var: False
2026-03-28 09:18:43 | debug_robo_cima | INFO | ℹ️ Pilar especial INATIVO - pilar_rotacionado: False, pilar_especial: False, globais: False, tipo: ''
2026-03-28 09:18:43 | debug_robo_cima | WARNING | ⚠️ Pilar especial INATIVO (sem globais no gerador) - retornando valor original: -52
2026-03-28 09:18:43 | debug_robo_cima | INFO | 
----------------------------------------
2026-03-28 09:18:43 | debug_robo_cima | INFO | 📌 VERIFICAÇÃO DE PILAR ESPECIAL ATIVO
2026-03-28 09:18:43 | debug_robo_cima | INFO | ----------------------------------------
2026-03-28 09:18:43 | debug_robo_cima | INFO | ℹ️ 🔄 Verificando se pilar especial está ativo...
2026-03-28 09:18:43 | debug_robo_cima | INFO | ℹ️ 🔄 Status do checkbox pilar_rotacionado_var: False
2026-03-28 09:18:43 | debug_robo_cima | INFO | ℹ️ 🔄 Status do checkbox pilar_especial_ativo_var: False
2026-03-28 09:18:43 | debug_robo_cima | INFO | ℹ️ Pilar especial INATIVO - pilar_rotacionado: False, pilar_especial: False, globais: False, tipo: ''
2026-03-28 09:18:43 | debug_robo_cima | INFO | 
----------------------------------------
2026-03-28 09:18:43 | debug_robo_cima | INFO | 📌 DECISÃO DE COMANDO SCALE/ROTATE
2026-03-28 09:18:43 | debug_robo_cima | INFO | ----------------------------------------
2026-03-28 09:18:43 | debug_robo_cima | INFO | ℹ️ 🔄 Verificando qual comando usar (SCALE ou ROTATE)...
2026-03-28 09:18:43 | debug_robo_cima | INFO | ℹ️ 🔄 Status pilar_rotacionado = False, usar_scale = True
2026-03-28 09:18:43 | debug_robo_cima | INFO | ℹ️ ✅ Usando _SCALE
2026-03-28 09:18:43 | debug_robo_cima | INFO | ℹ️ 🔄 Verificando se é pilar especial: False
2026-03-28 09:18:43 | debug_robo_cima | INFO | ℹ️ ✅ Pilar normal - usando valores padrão no _SCALE
2026-03-28 09:18:43 | debug_robo_cima | INFO | ℹ️ ✅ Script gerado com sucesso!
2026-03-28 09:18:43 | debug_robo_cima | INFO | 🔄 Script gerado: Tamanho: 8428 caracteres
2026-03-28 09:18:43 | debug_robo_cima | INFO | 
============================================================
2026-03-28 09:18:43 | debug_robo_cima | INFO | 📋 FIM DA GERAÇÃO DE SCRIPT CIMA
2026-03-28 09:18:43 | debug_robo_cima | INFO | ============================================================
