  0
SECTION
  2
HEADER
  9
$ACADVER
  1
AC1024
  9
$ACADMAINTVER
 70
6
  9
$DWGCODEPAGE
  3
ANSI_1252
  9
$LASTSAVEDBY
  1
ezdxf
  9
$INSBASE
 10
0.0
 20
0.0
 30
0.0
  9
$EXTMIN
 10
1e+20
 20
1e+20
 30
1e+20
  9
$EXTMAX
 10
-1e+20
 20
-1e+20
 30
-1e+20
  9
$LIMMIN
 10
0.0
 20
0.0
  9
$LIMMAX
 10
420.0
 20
297.0
  9
$ORTHOMODE
 70
0
  9
$REGENMODE
 70
1
  9
$FILLMODE
 70
1
  9
$QTEXTMODE
 70
0
  9
$MIRRTEXT
 70
1
  9
$LTSCALE
 40
1.0
  9
$ATTMODE
 70
1
  9
$TEXTSIZE
 40
2.5
  9
$TRACEWID
 40
1.0
  9
$TEXTSTYLE
  7
Standard
  9
$CLAYER
  8
0
  9
$CELTYPE
  6
ByLayer
  9
$CECOLOR
 62
256
  9
$CELTSCALE
 40
1.0
  9
$DISPSILH
 70
0
  9
$DIMSCALE
 40
1.0
  9
$DIMASZ
 40
2.5
  9
$DIMEXO
 40
0.625
  9
$DIMDLI
 40
3.75
  9
$DIMRND
 40
0.0
  9
$DIMDLE
 40
0.0
  9
$DIMEXE
 40
1.25
  9
$DIMTP
 40
0.0
  9
$DIMTM
 40
0.0
  9
$DIMTXT
 40
2.5
  9
$DIMCEN
 40
2.5
  9
$DIMTSZ
 40
0.0
  9
$DIMTOL
 70
0
  9
$DIMLIM
 70
0
  9
$DIMTIH
 70
0
  9
$DIMTOH
 70
0
  9
$DIMSE1
 70
0
  9
$DIMSE2
 70
0
  9
$DIMTAD
 70
1
  9
$DIMZIN
 70
8
  9
$DIMBLK
  1

  9
$DIMASO
 70
1
  9
$DIMSHO
 70
1
  9
$DIMPOST
  1

  9
$DIMAPOST
  1

  9
$DIMALT
 70
0
  9
$DIMALTD
 70
3
  9
$DIMALTF
 40
0.03937007874
  9
$DIMLFAC
 40
1.0
  9
$DIMTOFL
 70
1
  9
$DIMTVP
 40
0.0
  9
$DIMTIX
 70
0
  9
$DIMSOXD
 70
0
  9
$DIMSAH
 70
0
  9
$DIMBLK1
  1

  9
$DIMBLK2
  1

  9
$DIMSTYLE
  2
ISO-25
  9
$DIMCLRD
 70
0
  9
$DIMCLRE
 70
0
  9
$DIMCLRT
 70
0
  9
$DIMTFAC
 40
1.0
  9
$DIMGAP
 40
0.625
  9
$DIMJUST
 70
0
  9
$DIMSD1
 70
0
  9
$DIMSD2
 70
0
  9
$DIMTOLJ
 70
0
  9
$DIMTZIN
 70
8
  9
$DIMALTZ
 70
0
  9
$DIMALTTZ
 70
0
  9
$DIMUPT
 70
0
  9
$DIMDEC
 70
2
  9
$DIMTDEC
 70
2
  9
$DIMALTU
 70
2
  9
$DIMALTTD
 70
3
  9
$DIMTXSTY
  7
Standard
  9
$DIMAUNIT
 70
0
  9
$DIMADEC
 70
0
  9
$DIMALTRND
 40
0.0
  9
$DIMAZIN
 70
0
  9
$DIMDSEP
 70
44
  9
$DIMATFIT
 70
3
  9
$DIMFRAC
 70
0
  9
$DIMLDRBLK
  1

  9
$DIMLUNIT
 70
2
  9
$DIMLWD
 70
-2
  9
$DIMLWE
 70
-2
  9
$DIMTMOVE
 70
0
  9
$DIMFXL
 40
1.0
  9
$DIMFXLON
 70
0
  9
$DIMJOGANG
 40
0.785398163397
  9
$DIMTFILL
 70
0
  9
$DIMTFILLCLR
 70
0
  9
$DIMARCSYM
 70
0
  9
$DIMLTYPE
  6

  9
$DIMLTEX1
  6

  9
$DIMLTEX2
  6

  9
$DIMTXTDIRECTION
 70
0
  9
$LUNITS
 70
2
  9
$LUPREC
 70
4
  9
$SKETCHINC
 40
1.0
  9
$FILLETRAD
 40
10.0
  9
$AUNITS
 70
0
  9
$AUPREC
 70
2
  9
$MENU
  1
.
  9
$ELEVATION
 40
0.0
  9
$PELEVATION
 40
0.0
  9
$THICKNESS
 40
0.0
  9
$LIMCHECK
 70
0
  9
$CHAMFERA
 40
0.0
  9
$CHAMFERB
 40
0.0
  9
$CHAMFERC
 40
0.0
  9
$CHAMFERD
 40
0.0
  9
$SKPOLY
 70
0
  9
$TDCREATE
 40
2461201.9835300925
  9
$TDUCREATE
 40
2458532.153996898
  9
$TDUPDATE
 40
2461201.9835300925
  9
$TDUUPDATE
 40
2458532.1544311
  9
$TDINDWG
 40
0.0
  9
$TDUSRTIMER
 40
0.0
  9
$USRTIMER
 70
1
  9
$ANGBASE
 50
0.0
  9
$ANGDIR
 70
0
  9
$PDMODE
 70
0
  9
$PDSIZE
 40
0.0
  9
$PLINEWID
 40
0.0
  9
$SPLFRAME
 70
0
  9
$SPLINETYPE
 70
6
  9
$SPLINESEGS
 70
8
  9
$HANDSEED
  5
311
  9
$SURFTAB1
 70
6
  9
$SURFTAB2
 70
6
  9
$SURFTYPE
 70
6
  9
$SURFU
 70
6
  9
$SURFV
 70
6
  9
$UCSBASE
  2

  9
$UCSNAME
  2

  9
$UCSORG
 10
0.0
 20
0.0
 30
0.0
  9
$UCSXDIR
 10
1.0
 20
0.0
 30
0.0
  9
$UCSYDIR
 10
0.0
 20
1.0
 30
0.0
  9
$UCSORTHOREF
  2

  9
$UCSORTHOVIEW
 70
0
  9
$UCSORGTOP
 10
0.0
 20
0.0
 30
0.0
  9
$UCSORGBOTTOM
 10
0.0
 20
0.0
 30
0.0
  9
$UCSORGLEFT
 10
0.0
 20
0.0
 30
0.0
  9
$UCSORGRIGHT
 10
0.0
 20
0.0
 30
0.0
  9
$UCSORGFRONT
 10
0.0
 20
0.0
 30
0.0
  9
$UCSORGBACK
 10
0.0
 20
0.0
 30
0.0
  9
$PUCSBASE
  2

  9
$PUCSNAME
  2

  9
$PUCSORG
 10
0.0
 20
0.0
 30
0.0
  9
$PUCSXDIR
 10
1.0
 20
0.0
 30
0.0
  9
$PUCSYDIR
 10
0.0
 20
1.0
 30
0.0
  9
$PUCSORTHOREF
  2

  9
$PUCSORTHOVIEW
 70
0
  9
$PUCSORGTOP
 10
0.0
 20
0.0
 30
0.0
  9
$PUCSORGBOTTOM
 10
0.0
 20
0.0
 30
0.0
  9
$PUCSORGLEFT
 10
0.0
 20
0.0
 30
0.0
  9
$PUCSORGRIGHT
 10
0.0
 20
0.0
 30
0.0
  9
$PUCSORGFRONT
 10
0.0
 20
0.0
 30
0.0
  9
$PUCSORGBACK
 10
0.0
 20
0.0
 30
0.0
  9
$USERI1
 70
0
  9
$USERI2
 70
0
  9
$USERI3
 70
0
  9
$USERI4
 70
0
  9
$USERI5
 70
0
  9
$USERR1
 40
0.0
  9
$USERR2
 40
0.0
  9
$USERR3
 40
0.0
  9
$USERR4
 40
0.0
  9
$USERR5
 40
0.0
  9
$WORLDVIEW
 70
1
  9
$SHADEDGE
 70
3
  9
$SHADEDIF
 70
70
  9
$TILEMODE
 70
1
  9
$MAXACTVP
 70
64
  9
$PINSBASE
 10
0.0
 20
0.0
 30
0.0
  9
$PLIMCHECK
 70
0
  9
$PEXTMIN
 10
1e+20
 20
1e+20
 30
1e+20
  9
$PEXTMAX
 10
-1e+20
 20
-1e+20
 30
-1e+20
  9
$PLIMMIN
 10
0.0
 20
0.0
  9
$PLIMMAX
 10
420.0
 20
297.0
  9
$UNITMODE
 70
0
  9
$VISRETAIN
 70
1
  9
$PLINEGEN
 70
0
  9
$PSLTSCALE
 70
1
  9
$TREEDEPTH
 70
3020
  9
$CMLSTYLE
  2
Standard
  9
$CMLJUST
 70
0
  9
$CMLSCALE
 40
20.0
  9
$PROXYGRAPHICS
 70
1
  9
$MEASUREMENT
 70
1
  9
$CELWEIGHT
370
-1
  9
$ENDCAPS
280
0
  9
$JOINSTYLE
280
0
  9
$LWDISPLAY
290
0
  9
$INSUNITS
 70
6
  9
$HYPERLINKBASE
  1

  9
$STYLESHEET
  1

  9
$XEDIT
290
1
  9
$CEPSNTYPE
380
0
  9
$PSTYLEMODE
290
1
  9
$FINGERPRINTGUID
  2
{25CE9896-0382-43BE-BF5A-C684A068DFE1}
  9
$VERSIONGUID
  2
{3D29F0F5-CD39-4DD0-92FE-7172FF0CBAAB}
  9
$EXTNAMES
290
1
  9
$PSVPSCALE
 40
0.0
  9
$OLESTARTUP
290
0
  9
$SORTENTS
280
127
  9
$INDEXCTL
280
0
  9
$HIDETEXT
280
1
  9
$XCLIPFRAME
280
1
  9
$HALOGAP
280
0
  9
$OBSCOLOR
 70
257
  9
$OBSLTYPE
280
0
  9
$INTERSECTIONDISPLAY
280
0
  9
$INTERSECTIONCOLOR
 70
257
  9
$DIMASSOC
280
2
  9
$PROJECTNAME
  1

  9
$CAMERADISPLAY
290
0
  9
$LENSLENGTH
 40
50.0
  9
$CAMERAHEIGHT
 40
0.0
  9
$STEPSPERSEC
 40
24.0
  9
$STEPSIZE
 40
100.0
  9
$3DDWFPREC
 40
2.0
  9
$PSOLWIDTH
 40
0.005
  9
$PSOLHEIGHT
 40
0.08
  9
$LOFTANG1
 40
1.570796326795
  9
$LOFTANG2
 40
1.570796326795
  9
$LOFTMAG1
 40
0.0
  9
$LOFTMAG2
 40
0.0
  9
$LOFTPARAM
 70
7
  9
$LOFTNORMALS
280
1
  9
$LATITUDE
 40
37.795
  9
$LONGITUDE
 40
-122.394
  9
$NORTHDIRECTION
 40
0.0
  9
$TIMEZONE
 70
-8000
  9
$LIGHTGLYPHDISPLAY
280
1
  9
$TILEMODELIGHTSYNCH
280
1
  9
$CMATERIAL
347
20
  9
$SOLIDHIST
280
0
  9
$SHOWHIST
280
1
  9
$DWFFRAME
280
2
  9
$DGNFRAME
280
2
  9
$REALWORLDSCALE
290
1
  9
$INTERFERECOLOR
 62
256
  9
$CSHADOW
280
0
  9
$SHADOWPLANELOCATION
 40
0.0
  0
ENDSEC
  0
SECTION
  2
CLASSES
  0
CLASS
  1
ACDBDICTIONARYWDFLT
  2
AcDbDictionaryWithDefault
  3
ObjectDBX Classes
 90
0
 91
0
280
0
281
0
  0
CLASS
  1
SUN
  2
AcDbSun
  3
SCENEOE
 90
1153
 91
0
280
0
281
0
  0
CLASS
  1
VISUALSTYLE
  2
AcDbVisualStyle
  3
ObjectDBX Classes
 90
4095
 91
0
280
0
281
0
  0
CLASS
  1
MATERIAL
  2
AcDbMaterial
  3
ObjectDBX Classes
 90
1153
 91
0
280
0
281
0
  0
CLASS
  1
SCALE
  2
AcDbScale
  3
ObjectDBX Classes
 90
1153
 91
0
280
0
281
0
  0
CLASS
  1
TABLESTYLE
  2
AcDbTableStyle
  3
ObjectDBX Classes
 90
4095
 91
0
280
0
281
0
  0
CLASS
  1
MLEADERSTYLE
  2
AcDbMLeaderStyle
  3
ACDB_MLEADERSTYLE_CLASS
 90
4095
 91
0
280
0
281
0
  0
CLASS
  1
DICTIONARYVAR
  2
AcDbDictionaryVar
  3
ObjectDBX Classes
 90
0
 91
0
280
0
281
0
  0
CLASS
  1
CELLSTYLEMAP
  2
AcDbCellStyleMap
  3
ObjectDBX Classes
 90
1152
 91
0
280
0
281
0
  0
CLASS
  1
MENTALRAYRENDERSETTINGS
  2
AcDbMentalRayRenderSettings
  3
SCENEOE
 90
1024
 91
0
280
0
281
0
  0
CLASS
  1
ACDBDETAILVIEWSTYLE
  2
AcDbDetailViewStyle
  3
ObjectDBX Classes
 90
1025
 91
0
280
0
281
0
  0
CLASS
  1
ACDBSECTIONVIEWSTYLE
  2
AcDbSectionViewStyle
  3
ObjectDBX Classes
 90
1025
 91
0
280
0
281
0
  0
CLASS
  1
RASTERVARIABLES
  2
AcDbRasterVariables
  3
ISM
 90
0
 91
0
280
0
281
0
  0
CLASS
  1
LAYOUT
  2
AcDbLayout
  3
ObjectDBX Classes
 90
0
 91
0
280
0
281
0
  0
CLASS
  1
ACDBPLACEHOLDER
  2
AcDbPlaceHolder
  3
ObjectDBX Classes
 90
0
 91
0
280
0
281
0
  0
ENDSEC
  0
SECTION
  2
TABLES
  0
TABLE
  2
VPORT
  5
8
330
0
100
AcDbSymbolTable
 70
1
  0
VPORT
  5
23
330
8
100
AcDbSymbolTableRecord
100
AcDbViewportTableRecord
  2
*Active
 70
0
 10
0.0
 20
0.0
 11
1.0
 21
1.0
 12
0.0
 22
0.0
 13
0.0
 23
0.0
 14
0.5
 24
0.5
 15
0.5
 25
0.5
 16
0.0
 26
0.0
 36
1.0
 17
0.0
 27
0.0
 37
0.0
 40
1000.0
 41
1.34
 42
50.0
 43
0.0
 44
0.0
 50
0.0
 51
0.0
 71
0
 72
1000
 73
1
 74
3
 75
0
 76
0
 77
0
 78
0
281
0
 65
0
146
0.0
  0
ENDTAB
  0
TABLE
  2
LTYPE
  5
2
330
0
100
AcDbSymbolTable
 70
3
  0
LTYPE
  5
24
330
2
100
AcDbSymbolTableRecord
100
AcDbLinetypeTableRecord
  2
ByBlock
 70
0
  3

 72
65
 73
0
 40
0.0
  0
LTYPE
  5
25
330
2
100
AcDbSymbolTableRecord
100
AcDbLinetypeTableRecord
  2
ByLayer
 70
0
  3

 72
65
 73
0
 40
0.0
  0
LTYPE
  5
26
330
2
100
AcDbSymbolTableRecord
100
AcDbLinetypeTableRecord
  2
Continuous
 70
0
  3

 72
65
 73
0
 40
0.0
  0
ENDTAB
  0
TABLE
  2
LAYER
  5
1
330
0
100
AcDbSymbolTable
 70
15
  0
LAYER
  5
27
330
1
100
AcDbSymbolTableRecord
100
AcDbLayerTableRecord
  2
0
 70
0
 62
7
  6
Continuous
370
-3
390
13
347
21
  0
LAYER
  5
28
330
1
100
AcDbSymbolTableRecord
100
AcDbLayerTableRecord
  2
Defpoints
 70
0
 62
7
  6
Continuous
290
0
370
-3
390
13
347
21
  0
LAYER
  5
2F
330
1
100
AcDbSymbolTableRecord
100
AcDbLayerTableRecord
  2
detalhes
 70
0
 62
7
  6
Continuous
370
-3
390
13
347
21
  0
LAYER
  5
30
330
1
100
AcDbSymbolTableRecord
100
AcDbLayerTableRecord
  2
SARR_2.2x7
 70
0
 62
7
  6
Continuous
370
-3
390
13
347
21
  0
LAYER
  5
31
330
1
100
AcDbSymbolTableRecord
100
AcDbLayerTableRecord
  2
Madeira
 70
0
 62
7
  6
Continuous
370
-3
390
13
347
21
  0
LAYER
  5
32
330
1
100
AcDbSymbolTableRecord
100
AcDbLayerTableRecord
  2
SARR_EDITAR
 70
0
 62
7
  6
Continuous
370
-3
390
13
347
21
  0
LAYER
  5
33
330
1
100
AcDbSymbolTableRecord
100
AcDbLayerTableRecord
  2
SARR_3.5x7
 70
0
 62
7
  6
Continuous
370
-3
390
13
347
21
  0
LAYER
  5
34
330
1
100
AcDbSymbolTableRecord
100
AcDbLayerTableRecord
  2
COTA
 70
0
 62
7
  6
Continuous
370
-3
390
13
347
21
  0
LAYER
  5
35
330
1
100
AcDbSymbolTableRecord
100
AcDbLayerTableRecord
  2
CONCRETO
 70
0
 62
7
  6
Continuous
370
-3
390
13
347
21
  0
LAYER
  5
36
330
1
100
AcDbSymbolTableRecord
100
AcDbLayerTableRecord
  2
Painéis
 70
0
 62
7
  6
Continuous
370
-3
390
13
347
21
  0
LAYER
  5
37
330
1
100
AcDbSymbolTableRecord
100
AcDbLayerTableRecord
  2
Cota Seção (2x)
 70
0
 62
7
  6
Continuous
370
-3
390
13
347
21
  0
LAYER
  5
38
330
1
100
AcDbSymbolTableRecord
100
AcDbLayerTableRecord
  2
Hachura
 70
0
 62
7
  6
Continuous
370
-3
390
13
347
21
  0
LAYER
  5
39
330
1
100
AcDbSymbolTableRecord
100
AcDbLayerTableRecord
  2
Texto Seção
 70
0
 62
7
  6
Continuous
370
-3
390
13
347
21
  0
LAYER
  5
3A
330
1
100
AcDbSymbolTableRecord
100
AcDbLayerTableRecord
  2
REAPROVEITAMENTO
 70
0
 62
7
  6
Continuous
370
-3
390
13
347
21
  0
LAYER
  5
3B
330
1
100
AcDbSymbolTableRecord
100
AcDbLayerTableRecord
  2
5
 70
0
 62
7
  6
Continuous
370
-3
390
13
347
21
  0
ENDTAB
  0
TABLE
  2
STYLE
  5
5
330
0
100
AcDbSymbolTable
 70
1
  0
STYLE
  5
29
330
5
100
AcDbSymbolTableRecord
100
AcDbTextStyleTableRecord
  2
Standard
 70
0
 40
0.0
 41
1.0
 50
0.0
 71
0
 42
2.5
  3
txt
  4

  0
ENDTAB
  0
TABLE
  2
VIEW
  5
7
330
0
100
AcDbSymbolTable
 70
0
  0
ENDTAB
  0
TABLE
  2
UCS
  5
6
330
0
100
AcDbSymbolTable
 70
0
  0
ENDTAB
  0
TABLE
  2
APPID
  5
3
330
0
100
AcDbSymbolTable
 70
3
  0
APPID
  5
2A
330
3
100
AcDbSymbolTableRecord
100
AcDbRegAppTableRecord
  2
ACAD
 70
0
  0
APPID
  5
30E
330
3
100
AcDbSymbolTableRecord
100
AcDbRegAppTableRecord
  2
HATCHBACKGROUNDCOLOR
 70
0
  0
APPID
  5
30F
330
3
100
AcDbSymbolTableRecord
100
AcDbRegAppTableRecord
  2
EZDXF
 70
0
  0
ENDTAB
  0
TABLE
  2
DIMSTYLE
  5
4
330
0
100
AcDbSymbolTable
 70
1
100
AcDbDimStyleTable
  0
DIMSTYLE
105
2B
330
4
100
AcDbSymbolTableRecord
100
AcDbDimStyleTableRecord
  2
Standard
 70
0
 40
1.0
 41
2.5
 42
0.625
 43
3.75
 44
1.25
 45
0.0
 46
0.0
 47
0.0
 48
0.0
 49
2.5
140
2.5
141
2.5
142
0.0
143
0.03937007874
144
1.0
145
0.0
146
1.0
147
0.625
148
0.0
 69
0
 70
0
 71
0
 72
0
 73
0
 74
0
 75
0
 76
0
 77
1
 78
8
 79
3
170
0
171
3
172
1
173
0
174
0
175
0
176
0
177
0
178
0
179
2
271
2
272
2
273
2
274
3
275
0
276
0
277
2
278
44
279
0
280
0
281
0
282
0
283
0
284
8
285
0
286
0
288
0
289
3
290
0
371
-2
372
-2
  0
ENDTAB
  0
TABLE
  2
BLOCK_RECORD
  5
9
330
0
100
AcDbSymbolTable
 70
2
  0
BLOCK_RECORD
  5
17
330
9
100
AcDbSymbolTableRecord
100
AcDbBlockTableRecord
  2
*Model_Space
340
1A
 70
0
280
1
281
0
  0
BLOCK_RECORD
  5
1B
330
9
100
AcDbSymbolTableRecord
100
AcDbBlockTableRecord
  2
*Paper_Space
340
1E
 70
0
280
1
281
0
  0
ENDTAB
  0
ENDSEC
  0
SECTION
  2
BLOCKS
  0
BLOCK
  5
18
330
17
100
AcDbEntity
  8
0
100
AcDbBlockBegin
  2
*Model_Space
 70
0
 10
0.0
 20
0.0
 30
0.0
  3
*Model_Space
  1

  0
ENDBLK
  5
19
330
17
100
AcDbEntity
  8
0
100
AcDbBlockEnd
  0
BLOCK
  5
1C
330
1B
100
AcDbEntity
  8
0
100
AcDbBlockBegin
  2
*Paper_Space
 70
0
 10
0.0
 20
0.0
 30
0.0
  3
*Paper_Space
  1

  0
ENDBLK
  5
1D
330
1B
100
AcDbEntity
  8
0
100
AcDbBlockEnd
  0
ENDSEC
  0
SECTION
  2
ENTITIES
  0
LINE
  5
3C
330
17
100
AcDbEntity
  8
COTA
 62
241
370
25
100
AcDbLine
 10
7290.374381130042
 20
7125.601043165154
 30
0.0
 11
7290.374381130042
 21
7109.601043165179
 31
0.0
  0
LINE
  5
3D
330
17
100
AcDbEntity
  8
SARR_2.2x7
 62
40
370
25
100
AcDbLine
 10
7056.37438113005
 20
7102.601043165456
 30
0.0
 11
7290.37438113005
 21
7102.601043165107
 31
0.0
  0
LINE
  5
3E
330
17
100
AcDbEntity
  8
Painéis
 62
200
370
25
100
AcDbLine
 10
7056.374381130047
 20
7109.601043165223
 30
0.0
 11
7290.37438113005
 21
7109.601043165245
 31
0.0
  0
LINE
  5
3F
330
17
100
AcDbEntity
  8
Painéis
 62
200
370
25
100
AcDbLine
 10
7056.37438113005
 20
7066.601043165222
 30
0.0
 11
7290.374381130054
 21
7066.601043165245
 31
0.0
  0
LINE
  5
40
330
17
100
AcDbEntity
  8
Painéis
 62
200
370
25
100
AcDbLine
 10
7056.37438113005
 20
7066.601043165222
 30
0.0
 11
7056.37438113005
 21
7109.601043165223
 31
0.0
  0
LINE
  5
41
330
17
100
AcDbEntity
  8
SARR_2.2x7
 62
40
370
25
100
AcDbLine
 10
7063.329240370868
 20
7066.60104316522
 30
0.0
 11
7063.329240370864
 21
7109.601043165223
 31
0.0
  0
LINE
  5
42
330
17
100
AcDbEntity
  8
SARR_2.2x7
 62
40
370
25
100
AcDbLine
 10
7244.87438113005
 20
7066.601043165245
 30
0.0
 11
7244.87438113005
 21
7073.60104316529
 31
0.0
  0
LINE
  5
43
330
17
100
AcDbEntity
  8
SARR_2.2x7
 62
40
370
25
100
AcDbLine
 10
7244.87438113005
 20
7084.601043165562
 30
0.0
 11
7244.87438113005
 21
7091.601043165432
 31
0.0
  0
LINE
  5
44
330
17
100
AcDbEntity
  8
SARR_2.2x7
 62
40
370
25
100
AcDbLine
 10
7056.37438113005
 20
7073.601043165009
 30
0.0
 11
7244.87438113005
 21
7073.60104316529
 31
0.0
  0
LINE
  5
45
330
17
100
AcDbEntity
  8
Painéis
 62
200
370
25
100
AcDbLine
 10
7290.374381130054
 20
7066.601043165245
 30
0.0
 11
7290.37438113005
 21
7109.601043165245
 31
0.0
  0
LINE
  5
46
330
17
100
AcDbEntity
  8
COTA
 62
241
370
25
100
AcDbLine
 10
7056.374381130068
 20
7125.601043165154
 30
0.0
 11
7056.374381130068
 21
7109.601043165179
 31
0.0
  0
LINE
  5
47
330
17
100
AcDbEntity
  8
COTA
 62
241
370
25
100
AcDbLine
 10
7290.374381130042
 20
7125.601043165154
 30
0.0
 11
7056.374381130068
 21
7125.601043165154
 31
0.0
  0
LINE
  5
48
330
17
100
AcDbEntity
  8
SARR_2.2x7
 62
40
370
25
100
AcDbLine
 10
7779.962787014529
 20
7103.601043165227
 30
0.0
 11
7542.917646255346
 21
7103.601043165245
 31
0.0
  0
LINE
  5
49
330
17
100
AcDbEntity
  8
SARR_2.2x7
 62
40
370
25
100
AcDbLine
 10
7542.917646255346
 20
7103.601043165245
 30
0.0
 11
7368.917646255346
 21
7103.601043164973
 31
0.0
  0
LINE
  5
4A
330
17
100
AcDbEntity
  8
Painéis
 62
200
370
25
100
AcDbLine
 10
7786.91764625535
 20
7110.601043165136
 30
0.0
 11
7368.917646255346
 21
7110.601043165161
 31
0.0
  0
LINE
  5
4B
330
17
100
AcDbEntity
  8
Painéis
 62
200
370
25
100
AcDbLine
 10
7786.917646255343
 20
7066.601043165135
 30
0.0
 11
7368.917646255342
 21
7066.601043165161
 31
0.0
  0
LINE
  5
4C
330
17
100
AcDbEntity
  8
Painéis
 62
200
370
25
100
AcDbLine
 10
7368.917646255342
 20
7066.601043165161
 30
0.0
 11
7368.917646255346
 21
7110.601043165161
 31
0.0
  0
LINE
  5
4D
330
17
100
AcDbEntity
  8
Painéis
 62
200
370
25
100
AcDbLine
 10
7786.917646255343
 20
7066.601043165135
 30
0.0
 11
7786.917646255345
 21
7110.601043165136
 31
0.0
  0
LINE
  5
4E
330
17
100
AcDbEntity
  8
SARR_2.2x7
 62
40
370
25
100
AcDbLine
 10
7779.962787014529
 20
7066.601043165132
 30
0.0
 11
7779.962787014532
 21
7110.601043165136
 31
0.0
  0
LINE
  5
4F
330
17
100
AcDbEntity
  8
Painéis
 62
200
370
25
100
AcDbLine
 10
7542.917646255343
 20
7066.60104316515
 30
0.0
 11
7542.917646255346
 21
7110.60104316515
 31
0.0
  0
LINE
  5
50
330
17
100
AcDbEntity
  8
COTA
 62
241
370
25
100
AcDbLine
 10
7786.91764625535
 20
7110.601043165136
 30
0.0
 11
7786.91764625535
 21
7122.601043165136
 31
0.0
  0
LINE
  5
51
330
17
100
AcDbEntity
  8
COTA
 62
241
370
25
100
AcDbLine
 10
7368.917646255351
 20
7125.601043165136
 30
0.0
 11
7368.917646255351
 21
7110.601043165161
 31
0.0
  0
LINE
  5
52
330
17
100
AcDbEntity
  8
SARR_2.2x7
 62
40
370
25
100
AcDbLine
 10
7779.962787014529
 20
7073.601043165062
 30
0.0
 11
7542.917646255346
 21
7073.601043165045
 31
0.0
  0
LINE
  5
53
330
17
100
AcDbEntity
  8
SARR_2.2x7
 62
40
370
25
100
AcDbLine
 10
7542.917646255346
 20
7073.601043165045
 30
0.0
 11
7414.417646255346
 21
7073.60104316525
 31
0.0
  0
LINE
  5
54
330
17
100
AcDbEntity
  8
COTA
 62
241
370
25
100
AcDbLine
 10
7661.91764625535
 20
7125.601043165136
 30
0.0
 11
7368.917646255351
 21
7125.601043165136
 31
0.0
  0
LINE
  5
55
330
17
100
AcDbEntity
  8
SARR_EDITAR
 62
141
370
25
100
AcDbLine
 10
7661.91764625535
 20
7124.101043165136
 30
0.0
 11
7786.91764625535
 21
7124.101043165136
 31
0.0
  0
LINE
  5
56
330
17
100
AcDbEntity
  8
SARR_2.2x7
 62
40
370
25
100
AcDbLine
 10
7061.509300061972
 20
6928.621733756921
 30
0.0
 11
7298.554440821155
 21
6928.62173375694
 31
0.0
  0
LINE
  5
57
330
17
100
AcDbEntity
  8
SARR_2.2x7
 62
40
370
25
100
AcDbLine
 10
7298.554440821155
 20
6928.62173375694
 30
0.0
 11
7465.599581580345
 21
6928.621733756674
 31
0.0
  0
LINE
  5
58
330
17
100
AcDbEntity
  8
Painéis
 62
200
370
25
100
AcDbLine
 10
7054.554440821151
 20
6935.621733756827
 30
0.0
 11
7472.554440821156
 21
6935.621733756852
 31
0.0
  0
LINE
  5
59
330
17
100
AcDbEntity
  8
Painéis
 62
200
370
25
100
AcDbLine
 10
7054.55444082116
 20
6891.621733756827
 30
0.0
 11
7472.554440821159
 21
6891.621733756853
 31
0.0
  0
LINE
  5
5A
330
17
100
AcDbEntity
  8
Painéis
 62
200
370
25
100
AcDbLine
 10
7472.554440821159
 20
6891.621733756853
 30
0.0
 11
7472.554440821156
 21
6935.621733756852
 31
0.0
  0
LINE
  5
5B
330
17
100
AcDbEntity
  8
Painéis
 62
200
370
25
100
AcDbLine
 10
7054.55444082116
 20
6891.621733756827
 30
0.0
 11
7054.554440821156
 21
6935.621733756827
 31
0.0
  0
LINE
  5
5C
330
17
100
AcDbEntity
  8
SARR_2.2x7
 62
40
370
25
100
AcDbLine
 10
7061.509300061972
 20
6891.621733756823
 30
0.0
 11
7061.509300061972
 21
6935.621733756827
 31
0.0
  0
LINE
  5
5D
330
17
100
AcDbEntity
  8
SARR_2.2x7
 62
40
370
25
100
AcDbLine
 10
7465.599581580342
 20
6891.621733756848
 30
0.0
 11
7465.599581580345
 21
6935.621733756827
 31
0.0
  0
LINE
  5
5E
330
17
100
AcDbEntity
  8
Painéis
 62
200
370
25
100
AcDbLine
 10
7298.55444082116
 20
6891.621733756841
 30
0.0
 11
7298.554440821155
 21
6935.621733756841
 31
0.0
  0
LINE
  5
5F
330
17
100
AcDbEntity
  8
COTA
 62
241
370
25
100
AcDbLine
 10
7054.554440821151
 20
6935.621733756827
 30
0.0
 11
7054.554440821151
 21
6947.621733756827
 31
0.0
  0
LINE
  5
60
330
17
100
AcDbEntity
  8
COTA
 62
241
370
25
100
AcDbLine
 10
7472.554440821152
 20
6950.621733756827
 30
0.0
 11
7472.554440821152
 21
6935.621733756852
 31
0.0
  0
LINE
  5
61
330
17
100
AcDbEntity
  8
SARR_2.2x7
 62
40
370
25
100
AcDbLine
 10
7061.509300061972
 20
6898.621733756758
 30
0.0
 11
7298.554440821155
 21
6898.62173375674
 31
0.0
  0
LINE
  5
62
330
17
100
AcDbEntity
  8
SARR_2.2x7
 62
40
370
25
100
AcDbLine
 10
7298.554440821155
 20
6898.62173375674
 30
0.0
 11
7465.599581580345
 21
6898.621733757001
 31
0.0
  0
LINE
  5
63
330
17
100
AcDbEntity
  8
COTA
 62
241
370
25
100
AcDbLine
 10
7179.554440821151
 20
6950.621733756827
 30
0.0
 11
7472.554440821152
 21
6950.621733756827
 31
0.0
  0
LINE
  5
64
330
17
100
AcDbEntity
  8
SARR_EDITAR
 62
141
370
25
100
AcDbLine
 10
7179.554440821151
 20
6949.121733756827
 30
0.0
 11
7054.554440821151
 21
6949.121733756827
 31
0.0
  0
LINE
  5
65
330
17
100
AcDbEntity
  8
SARR_2.2x7
 62
40
370
25
100
AcDbLine
 10
7926.985643883893
 20
6928.621733756921
 30
0.0
 11
7689.940503124706
 21
6928.62173375694
 31
0.0
  0
LINE
  5
66
330
17
100
AcDbEntity
  8
SARR_2.2x7
 62
40
370
25
100
AcDbLine
 10
7689.940503124706
 20
6928.62173375694
 30
0.0
 11
7522.895362365516
 21
6928.621733756674
 31
0.0
  0
LINE
  5
67
330
17
100
AcDbEntity
  8
Painéis
 62
200
370
25
100
AcDbLine
 10
7933.940503124709
 20
6935.621733756827
 30
0.0
 11
7515.94050312471
 21
6935.621733756852
 31
0.0
  0
LINE
  5
68
330
17
100
AcDbEntity
  8
Painéis
 62
200
370
25
100
AcDbLine
 10
7933.940503124706
 20
6891.621733756827
 30
0.0
 11
7515.940503124706
 21
6891.621733756853
 31
0.0
  0
LINE
  5
69
330
17
100
AcDbEntity
  8
Painéis
 62
200
370
25
100
AcDbLine
 10
7515.940503124706
 20
6891.621733756853
 30
0.0
 11
7515.94050312471
 21
6935.621733756852
 31
0.0
  0
LINE
  5
6A
330
17
100
AcDbEntity
  8
Painéis
 62
200
370
25
100
AcDbLine
 10
7933.940503124706
 20
6891.621733756827
 30
0.0
 11
7933.940503124709
 21
6935.621733756827
 31
0.0
  0
LINE
  5
6B
330
17
100
AcDbEntity
  8
SARR_2.2x7
 62
40
370
25
100
AcDbLine
 10
7926.985643883888
 20
6891.621733756823
 30
0.0
 11
7926.985643883893
 21
6935.621733756827
 31
0.0
  0
LINE
  5
6C
330
17
100
AcDbEntity
  8
SARR_2.2x7
 62
40
370
25
100
AcDbLine
 10
7522.895362365523
 20
6891.621733756848
 30
0.0
 11
7522.895362365516
 21
6935.621733756827
 31
0.0
  0
LINE
  5
6D
330
17
100
AcDbEntity
  8
Painéis
 62
200
370
25
100
AcDbLine
 10
7689.940503124706
 20
6891.621733756841
 30
0.0
 11
7689.940503124709
 21
6935.621733756841
 31
0.0
  0
LINE
  5
6E
330
17
100
AcDbEntity
  8
COTA
 62
241
370
25
100
AcDbLine
 10
7933.940503124709
 20
6935.621733756827
 30
0.0
 11
7933.940503124709
 21
6947.621733756827
 31
0.0
  0
LINE
  5
6F
330
17
100
AcDbEntity
  8
COTA
 62
241
370
25
100
AcDbLine
 10
7515.94050312471
 20
6950.621733756827
 30
0.0
 11
7515.94050312471
 21
6935.621733756852
 31
0.0
  0
LINE
  5
70
330
17
100
AcDbEntity
  8
SARR_2.2x7
 62
40
370
25
100
AcDbLine
 10
7926.985643883893
 20
6898.621733756758
 30
0.0
 11
7689.940503124706
 21
6898.62173375674
 31
0.0
  0
LINE
  5
71
330
17
100
AcDbEntity
  8
SARR_2.2x7
 62
40
370
25
100
AcDbLine
 10
7689.940503124706
 20
6898.62173375674
 30
0.0
 11
7522.895362365516
 21
6898.621733757001
 31
0.0
  0
LINE
  5
72
330
17
100
AcDbEntity
  8
COTA
 62
241
370
25
100
AcDbLine
 10
7808.940503124709
 20
6950.621733756827
 30
0.0
 11
7515.94050312471
 21
6950.621733756827
 31
0.0
  0
LINE
  5
73
330
17
100
AcDbEntity
  8
SARR_EDITAR
 62
141
370
25
100
AcDbLine
 10
7808.940503124709
 20
6949.121733756827
 30
0.0
 11
7933.940503124709
 21
6949.121733756827
 31
0.0
  0
LINE
  5
74
330
17
100
AcDbEntity
  8
SARR_2.2x7
 62
40
370
25
100
AcDbLine
 10
7059.009300061973
 20
6722.78026525587
 30
0.0
 11
7296.054440821156
 21
6722.780265255889
 31
0.0
  0
LINE
  5
75
330
17
100
AcDbEntity
  8
SARR_2.2x7
 62
40
370
25
100
AcDbLine
 10
7296.054440821156
 20
6722.780265255889
 30
0.0
 11
7463.099581580346
 21
6722.780265255625
 31
0.0
  0
LINE
  5
76
330
17
100
AcDbEntity
  8
Painéis
 62
200
370
25
100
AcDbLine
 10
7052.054440821152
 20
6729.780265255778
 30
0.0
 11
7470.054440821155
 21
6729.780265255803
 31
0.0
  0
LINE
  5
77
330
17
100
AcDbEntity
  8
Painéis
 62
200
370
25
100
AcDbLine
 10
7052.054440821159
 20
6685.780265255778
 30
0.0
 11
7470.05444082116
 21
6685.780265255804
 31
0.0
  0
LINE
  5
78
330
17
100
AcDbEntity
  8
Painéis
 62
200
370
25
100
AcDbLine
 10
7470.05444082116
 20
6685.780265255804
 30
0.0
 11
7470.054440821155
 21
6729.780265255803
 31
0.0
  0
LINE
  5
79
330
17
100
AcDbEntity
  8
Painéis
 62
200
370
25
100
AcDbLine
 10
7052.054440821159
 20
6685.780265255778
 30
0.0
 11
7052.054440821155
 21
6729.780265255778
 31
0.0
  0
LINE
  5
7A
330
17
100
AcDbEntity
  8
SARR_2.2x7
 62
40
370
25
100
AcDbLine
 10
7059.009300061973
 20
6685.780265255774
 30
0.0
 11
7059.009300061973
 21
6729.780265255778
 31
0.0
  0
LINE
  5
7B
330
17
100
AcDbEntity
  8
SARR_2.2x7
 62
40
370
25
100
AcDbLine
 10
7463.099581580341
 20
6685.780265255799
 30
0.0
 11
7463.099581580346
 21
6729.780265255778
 31
0.0
  0
LINE
  5
7C
330
17
100
AcDbEntity
  8
Painéis
 62
200
370
25
100
AcDbLine
 10
7296.054440821158
 20
6685.780265255792
 30
0.0
 11
7296.054440821156
 21
6729.780265255792
 31
0.0
  0
LINE
  5
7D
330
17
100
AcDbEntity
  8
COTA
 62
241
370
25
100
AcDbLine
 10
7052.054440821152
 20
6729.780265255778
 30
0.0
 11
7052.054440821152
 21
6741.780265255778
 31
0.0
  0
LINE
  5
7E
330
17
100
AcDbEntity
  8
COTA
 62
241
370
25
100
AcDbLine
 10
7470.054440821151
 20
6744.780265255778
 30
0.0
 11
7470.054440821151
 21
6729.780265255803
 31
0.0
  0
LINE
  5
7F
330
17
100
AcDbEntity
  8
SARR_2.2x7
 62
40
370
25
100
AcDbLine
 10
7059.009300061973
 20
6692.780265255706
 30
0.0
 11
7296.054440821156
 21
6692.780265255689
 31
0.0
  0
LINE
  5
80
330
17
100
AcDbEntity
  8
SARR_2.2x7
 62
40
370
25
100
AcDbLine
 10
7296.054440821156
 20
6692.780265255689
 30
0.0
 11
7463.099581580346
 21
6692.780265255952
 31
0.0
  0
LINE
  5
81
330
17
100
AcDbEntity
  8
COTA
 62
241
370
25
100
AcDbLine
 10
7177.054440821152
 20
6744.780265255778
 30
0.0
 11
7470.054440821151
 21
6744.780265255778
 31
0.0
  0
LINE
  5
82
330
17
100
AcDbEntity
  8
SARR_EDITAR
 62
141
370
25
100
AcDbLine
 10
7177.054440821152
 20
6743.280265255778
 30
0.0
 11
7052.054440821152
 21
6743.280265255778
 31
0.0
  0
LINE
  5
83
330
17
100
AcDbEntity
  8
SARR_2.2x7
 62
40
370
25
100
AcDbLine
 10
7970.699286980658
 20
6722.78026525587
 30
0.0
 11
7733.654146221472
 21
6722.780265255889
 31
0.0
  0
LINE
  5
84
330
17
100
AcDbEntity
  8
SARR_2.2x7
 62
40
370
25
100
AcDbLine
 10
7733.654146221472
 20
6722.780265255889
 30
0.0
 11
7566.609005462281
 21
6722.780265255625
 31
0.0
  0
LINE
  5
85
330
17
100
AcDbEntity
  8
Painéis
 62
200
370
25
100
AcDbLine
 10
7977.654146221475
 20
6729.780265255778
 30
0.0
 11
7559.654146221475
 21
6729.780265255803
 31
0.0
  0
LINE
  5
86
330
17
100
AcDbEntity
  8
Painéis
 62
200
370
25
100
AcDbLine
 10
7977.654146221472
 20
6685.780265255778
 30
0.0
 11
7559.654146221472
 21
6685.780265255804
 31
0.0
  0
LINE
  5
87
330
17
100
AcDbEntity
  8
Painéis
 62
200
370
25
100
AcDbLine
 10
7559.654146221472
 20
6685.780265255804
 30
0.0
 11
7559.654146221475
 21
6729.780265255803
 31
0.0
  0
LINE
  5
88
330
17
100
AcDbEntity
  8
Painéis
 62
200
370
25
100
AcDbLine
 10
7977.654146221472
 20
6685.780265255778
 30
0.0
 11
7977.654146221475
 21
6729.780265255778
 31
0.0
  0
LINE
  5
89
330
17
100
AcDbEntity
  8
SARR_2.2x7
 62
40
370
25
100
AcDbLine
 10
7970.699286980654
 20
6685.780265255774
 30
0.0
 11
7970.699286980658
 21
6729.780265255778
 31
0.0
  0
LINE
  5
8A
330
17
100
AcDbEntity
  8
SARR_2.2x7
 62
40
370
25
100
AcDbLine
 10
7566.609005462289
 20
6685.780265255799
 30
0.0
 11
7566.609005462281
 21
6729.780265255778
 31
0.0
  0
LINE
  5
8B
330
17
100
AcDbEntity
  8
Painéis
 62
200
370
25
100
AcDbLine
 10
7733.654146221472
 20
6685.780265255792
 30
0.0
 11
7733.654146221475
 21
6729.780265255792
 31
0.0
  0
LINE
  5
8C
330
17
100
AcDbEntity
  8
COTA
 62
241
370
25
100
AcDbLine
 10
7977.654146221475
 20
6729.780265255778
 30
0.0
 11
7977.654146221475
 21
6741.780265255778
 31
0.0
  0
LINE
  5
8D
330
17
100
AcDbEntity
  8
COTA
 62
241
370
25
100
AcDbLine
 10
7559.654146221475
 20
6744.780265255778
 30
0.0
 11
7559.654146221475
 21
6729.780265255803
 31
0.0
  0
LINE
  5
8E
330
17
100
AcDbEntity
  8
SARR_2.2x7
 62
40
370
25
100
AcDbLine
 10
7970.699286980658
 20
6692.780265255706
 30
0.0
 11
7733.654146221472
 21
6692.780265255689
 31
0.0
  0
LINE
  5
8F
330
17
100
AcDbEntity
  8
SARR_2.2x7
 62
40
370
25
100
AcDbLine
 10
7733.654146221472
 20
6692.780265255689
 30
0.0
 11
7566.609005462281
 21
6692.780265255952
 31
0.0
  0
LINE
  5
90
330
17
100
AcDbEntity
  8
COTA
 62
241
370
25
100
AcDbLine
 10
7852.654146221475
 20
6744.780265255778
 30
0.0
 11
7559.654146221475
 21
6744.780265255778
 31
0.0
  0
LINE
  5
91
330
17
100
AcDbEntity
  8
SARR_EDITAR
 62
141
370
25
100
AcDbLine
 10
7852.654146221475
 20
6743.280265255778
 30
0.0
 11
7977.654146221475
 21
6743.280265255778
 31
0.0
  0
LINE
  5
92
330
17
100
AcDbEntity
  8
SARR_2.2x7
 62
40
370
25
100
AcDbLine
 10
6892.241818858934
 20
6516.732286874367
 30
0.0
 11
7136.241818858931
 21
6516.732286874385
 31
0.0
  0
LINE
  5
93
330
17
100
AcDbEntity
  8
SARR_2.2x7
 62
40
370
25
100
AcDbLine
 10
7136.241818858931
 20
6516.732286874385
 30
0.0
 11
7380.241818858934
 21
6516.732286874173
 31
0.0
  0
LINE
  5
94
330
17
100
AcDbEntity
  8
SARR_2.2x7
 62
40
370
25
100
AcDbLine
 10
7380.241818858934
 20
6516.732286874173
 30
0.0
 11
7446.741818858935
 21
6516.732286874163
 31
0.0
  0
LINE
  5
95
330
17
100
AcDbEntity
  8
SARR_2.2x7
 62
40
370
25
100
AcDbLine
 10
7446.741818858935
 20
6516.732286874163
 30
0.0
 11
7690.74181885893
 21
6516.732286874121
 31
0.0
  0
LINE
  5
96
330
17
100
AcDbEntity
  8
Painéis
 62
200
370
25
100
AcDbLine
 10
6892.241818858927
 20
6523.732286874277
 30
0.0
 11
7690.74181885893
 21
6523.732286874301
 31
0.0
  0
LINE
  5
97
330
17
100
AcDbEntity
  8
Painéis
 62
200
370
25
100
AcDbLine
 10
6892.241818858934
 20
6479.732286874275
 30
0.0
 11
7690.741818858935
 21
6479.732286874301
 31
0.0
  0
LINE
  5
98
330
17
100
AcDbEntity
  8
Painéis
 62
200
370
25
100
AcDbLine
 10
7690.741818858935
 20
6479.732286874301
 30
0.0
 11
7690.74181885893
 21
6523.732286874301
 31
0.0
  0
LINE
  5
99
330
17
100
AcDbEntity
  8
Painéis
 62
200
370
25
100
AcDbLine
 10
6892.241818858934
 20
6479.732286874275
 30
0.0
 11
6892.241818858931
 21
6523.732286874277
 31
0.0
  0
LINE
  5
9A
330
17
100
AcDbEntity
  8
SARR_2.2x7
 62
40
370
25
100
AcDbLine
 10
7578.741818858931
 20
6479.732286874298
 30
0.0
 11
7578.741818858934
 21
6486.732286874434
 31
0.0
  0
LINE
  5
9B
330
17
100
AcDbEntity
  8
SARR_2.2x7
 62
40
370
25
100
AcDbLine
 10
7578.741818858934
 20
6498.232286874866
 30
0.0
 11
7578.741818858934
 21
6505.232286874266
 31
0.0
  0
LINE
  5
9C
330
17
100
AcDbEntity
  8
Painéis
 62
200
370
25
100
AcDbLine
 10
7136.241818858934
 20
6479.732286874291
 30
0.0
 11
7136.241818858931
 21
6523.732286874291
 31
0.0
  0
LINE
  5
9D
330
17
100
AcDbEntity
  8
COTA
 62
241
370
25
100
AcDbLine
 10
6892.241818858927
 20
6523.732286874277
 30
0.0
 11
6892.241818858927
 21
6538.732286874275
 31
0.0
  0
LINE
  5
9E
330
17
100
AcDbEntity
  8
COTA
 62
241
370
25
100
AcDbLine
 10
7690.741818858928
 20
6538.732286874275
 30
0.0
 11
7690.741818858928
 21
6523.732286874301
 31
0.0
  0
LINE
  5
9F
330
17
100
AcDbEntity
  8
SARR_2.2x7
 62
40
370
25
100
AcDbLine
 10
6892.241818858934
 20
6486.732286874204
 30
0.0
 11
7136.241818858931
 21
6486.732286874185
 31
0.0
  0
LINE
  5
A0
330
17
100
AcDbEntity
  8
SARR_2.2x7
 62
40
370
25
100
AcDbLine
 10
7136.241818858931
 20
6486.732286874185
 30
0.0
 11
7380.241818858934
 21
6486.732286874396
 31
0.0
  0
LINE
  5
A1
330
17
100
AcDbEntity
  8
SARR_2.2x7
 62
40
370
25
100
AcDbLine
 10
7380.241818858934
 20
6486.732286874399
 30
0.0
 11
7446.741818858935
 21
6486.732286874411
 31
0.0
  0
LINE
  5
A2
330
17
100
AcDbEntity
  8
SARR_2.2x7
 62
40
370
25
100
AcDbLine
 10
7446.741818858935
 20
6486.732286874411
 30
0.0
 11
7578.741818858934
 21
6486.732286874432
 31
0.0
  0
LINE
  5
A3
330
17
100
AcDbEntity
  8
COTA
 62
241
370
25
100
AcDbLine
 10
6892.241818858927
 20
6538.732286874275
 30
0.0
 11
7690.741818858928
 21
6538.732286874275
 31
0.0
  0
LINE
  5
A4
330
17
100
AcDbEntity
  8
Painéis
 62
200
370
25
100
AcDbLine
 10
7380.241818858934
 20
6479.732286874291
 30
0.0
 11
7380.241818858931
 21
6523.732286874291
 31
0.0
  0
LINE
  5
A5
330
17
100
AcDbEntity
  8
Painéis
 62
200
370
25
100
AcDbLine
 10
7380.241818858934
 20
6479.732286874291
 30
0.0
 11
7380.241818858931
 21
6523.732286874291
 31
0.0
  0
LINE
  5
A6
330
17
100
AcDbEntity
  8
SARR_2.2x7
 62
40
370
25
100
AcDbLine
 10
6899.196678099752
 20
6479.732286874273
 30
0.0
 11
6899.196678099745
 21
6522.732286874276
 31
0.0
  0
LINE
  5
A7
330
17
100
AcDbEntity
  8
SARR_2.2x7
 62
40
370
25
100
AcDbLine
 10
7955.119453417113
 20
6479.320271514963
 30
0.0
 11
7955.119453417113
 21
6524.320271514941
 31
0.0
  0
LINE
  5
A8
330
17
100
AcDbEntity
  8
SARR_2.2x7
 62
40
370
25
100
AcDbLine
 10
7804.574312657924
 20
6517.320271515162
 30
0.0
 11
7948.119453417113
 21
6517.320271514835
 31
0.0
  0
LINE
  5
A9
330
17
100
AcDbEntity
  8
Painéis
 62
200
370
25
100
AcDbLine
 10
7797.619453417107
 20
6524.320271514941
 30
0.0
 11
7955.119453417106
 21
6524.320271514963
 31
0.0
  0
LINE
  5
AA
330
17
100
AcDbEntity
  8
Painéis
 62
200
370
25
100
AcDbLine
 10
7797.61945341711
 20
6479.32027151494
 30
0.0
 11
7984.119453417109
 21
6479.320271514966
 31
0.0
  0
LINE
  5
AB
330
17
100
AcDbEntity
  8
Painéis
 62
200
370
25
100
AcDbLine
 10
7984.119453417109
 20
6479.320271514966
 30
0.0
 11
7984.119453417107
 21
6484.320271514942
 31
0.0
  0
LINE
  5
AC
330
17
100
AcDbEntity
  8
Painéis
 62
200
370
25
100
AcDbLine
 10
7797.61945341711
 20
6479.32027151494
 30
0.0
 11
7797.619453417107
 21
6524.320271514941
 31
0.0
  0
LINE
  5
AD
330
17
100
AcDbEntity
  8
SARR_2.2x7
 62
40
370
25
100
AcDbLine
 10
7804.574312657924
 20
6479.320271514938
 30
0.0
 11
7804.574312657924
 21
6524.320271514941
 31
0.0
  0
LINE
  5
AE
330
17
100
AcDbEntity
  8
SARR_2.2x7
 62
40
370
25
100
AcDbLine
 10
7948.119453417113
 20
6479.320271514963
 30
0.0
 11
7948.119453417113
 21
6524.320271514941
 31
0.0
  0
LINE
  5
AF
330
17
100
AcDbEntity
  8
COTA
 62
241
370
25
100
AcDbLine
 10
7797.619453417107
 20
6524.320271514941
 30
0.0
 11
7797.619453417107
 21
6538.32027151494
 31
0.0
  0
LINE
  5
B0
330
17
100
AcDbEntity
  8
SARR_2.2x7
 62
40
370
25
100
AcDbLine
 10
7804.574312657924
 20
6486.320271514741
 30
0.0
 11
7948.119453417113
 21
6486.320271515066
 31
0.0
  0
LINE
  5
B1
330
17
100
AcDbEntity
  8
COTA
 62
241
370
25
100
AcDbLine
 10
7797.619453417107
 20
6538.32027151494
 30
0.0
 11
7984.119453417109
 21
6538.320271514939
 31
0.0
  0
LINE
  5
B2
330
17
100
AcDbEntity
  8
Painéis
 62
200
370
25
100
AcDbLine
 10
7984.119453417114
 20
6484.320271514942
 30
0.0
 11
7955.119453417113
 21
6484.320271514942
 31
0.0
  0
LINE
  5
B3
330
17
100
AcDbEntity
  8
Painéis
 62
200
370
25
100
AcDbLine
 10
7955.119453417113
 20
6484.320271514942
 30
0.0
 11
7955.119453417106
 21
6524.320271514965
 31
0.0
  0
LINE
  5
B4
330
17
100
AcDbEntity
  8
SARR_EDITAR
 62
141
370
25
100
AcDbLine
 10
7984.119453417109
 20
6481.820271514954
 30
0.0
 11
7955.119453417113
 21
6481.820271514955
 31
0.0
  0
LINE
  5
B5
330
17
100
AcDbEntity
  8
COTA
 62
241
370
25
100
AcDbLine
 10
7984.119453417109
 20
6484.320271514942
 30
0.0
 11
7984.119453417109
 21
6538.320271514939
 31
0.0
  0
LINE
  5
B6
330
17
100
AcDbEntity
  8
SARR_2.2x7
 62
40
370
25
100
AcDbLine
 10
7977.11945341711
 20
6479.32027151494
 30
0.0
 11
7977.11945341711
 21
6484.320271514942
 31
0.0
  0
LINE
  5
B7
330
17
100
AcDbEntity
  8
SARR_2.2x7
 62
40
370
25
100
AcDbLine
 10
7056.374381130054
 20
7084.601043165872
 30
0.0
 11
7244.87438113005
 21
7084.601043165562
 31
0.0
  0
LINE
  5
B8
330
17
100
AcDbEntity
  8
SARR_2.2x7
 62
40
370
25
100
AcDbLine
 10
7056.374381130054
 20
7091.601043165124
 30
0.0
 11
7244.87438113005
 21
7091.601043165432
 31
0.0
  0
LINE
  5
B9
330
17
100
AcDbEntity
  8
SARR_2.2x7
 62
40
370
25
100
AcDbLine
 10
7414.417646255343
 20
7085.10104316574
 30
0.0
 11
7542.917646255343
 21
7085.101043165547
 31
0.0
  0
LINE
  5
BA
330
17
100
AcDbEntity
  8
SARR_2.2x7
 62
40
370
25
100
AcDbLine
 10
7414.417646255343
 20
7092.101043165135
 30
0.0
 11
7542.917646255346
 21
7092.101043165327
 31
0.0
  0
LINE
  5
BB
330
17
100
AcDbEntity
  8
SARR_2.2x7
 62
40
370
25
100
AcDbLine
 10
7542.91764625535
 20
7085.101043165799
 30
0.0
 11
7779.962787014529
 21
7085.101043165349
 31
0.0
  0
LINE
  5
BC
330
17
100
AcDbEntity
  8
SARR_2.2x7
 62
40
370
25
100
AcDbLine
 10
7542.91764625535
 20
7092.101043165051
 30
0.0
 11
7779.962787014529
 21
7092.101043165502
 31
0.0
  0
LINE
  5
BD
330
17
100
AcDbEntity
  8
SARR_2.2x7
 62
40
370
25
100
AcDbLine
 10
7061.509300061977
 20
6910.121733757475
 30
0.0
 11
7298.554440821155
 21
6910.121733757023
 31
0.0
  0
LINE
  5
BE
330
17
100
AcDbEntity
  8
SARR_2.2x7
 62
40
370
25
100
AcDbLine
 10
7061.509300061977
 20
6917.121733756729
 30
0.0
 11
7298.554440821155
 21
6917.121733757176
 31
0.0
  0
LINE
  5
BF
330
17
100
AcDbEntity
  8
SARR_2.2x7
 62
40
370
25
100
AcDbLine
 10
7298.55444082116
 20
6910.121733757492
 30
0.0
 11
7465.599581580345
 21
6910.121733757248
 31
0.0
  0
LINE
  5
C0
330
17
100
AcDbEntity
  8
SARR_2.2x7
 62
40
370
25
100
AcDbLine
 10
7298.55444082116
 20
6917.121733756743
 30
0.0
 11
7465.599581580345
 21
6917.121733756989
 31
0.0
  0
LINE
  5
C1
330
17
100
AcDbEntity
  8
SARR_2.2x7
 62
40
370
25
100
AcDbLine
 10
7522.895362365523
 20
6910.121733757489
 30
0.0
 11
7689.940503124706
 21
6910.121733757242
 31
0.0
  0
LINE
  5
C2
330
17
100
AcDbEntity
  8
SARR_2.2x7
 62
40
370
25
100
AcDbLine
 10
7522.895362365523
 20
6917.12173375674
 30
0.0
 11
7689.940503124706
 21
6917.121733756985
 31
0.0
  0
LINE
  5
C3
330
17
100
AcDbEntity
  8
SARR_2.2x7
 62
40
370
25
100
AcDbLine
 10
7689.940503124709
 20
6910.121733757492
 30
0.0
 11
7926.985643883893
 21
6910.121733757041
 31
0.0
  0
LINE
  5
C4
330
17
100
AcDbEntity
  8
SARR_2.2x7
 62
40
370
25
100
AcDbLine
 10
7689.940503124709
 20
6917.121733756743
 30
0.0
 11
7926.985643883893
 21
6917.121733757195
 31
0.0
  0
LINE
  5
C5
330
17
100
AcDbEntity
  8
SARR_2.2x7
 62
40
370
25
100
AcDbLine
 10
7059.009300061976
 20
6704.280265256425
 30
0.0
 11
7296.054440821156
 21
6704.280265255974
 31
0.0
  0
LINE
  5
C6
330
17
100
AcDbEntity
  8
SARR_2.2x7
 62
40
370
25
100
AcDbLine
 10
7059.009300061976
 20
6711.280265255678
 30
0.0
 11
7296.054440821156
 21
6711.280265256127
 31
0.0
  0
LINE
  5
C7
330
17
100
AcDbEntity
  8
SARR_2.2x7
 62
40
370
25
100
AcDbLine
 10
7296.054440821158
 20
6704.280265256442
 30
0.0
 11
7463.099581580346
 21
6704.28026525613
 31
0.0
  0
LINE
  5
C8
330
17
100
AcDbEntity
  8
SARR_2.2x7
 62
40
370
25
100
AcDbLine
 10
7296.054440821158
 20
6711.280265255694
 30
0.0
 11
7463.099581580346
 21
6711.280265256006
 31
0.0
  0
LINE
  5
C9
330
17
100
AcDbEntity
  8
SARR_2.2x7
 62
40
370
25
100
AcDbLine
 10
7566.609005462289
 20
6704.280265256437
 30
0.0
 11
7733.654146221472
 21
6704.28026525612
 31
0.0
  0
LINE
  5
CA
330
17
100
AcDbEntity
  8
SARR_2.2x7
 62
40
370
25
100
AcDbLine
 10
7566.609005462289
 20
6711.280265255691
 30
0.0
 11
7733.654146221472
 21
6711.280265256009
 31
0.0
  0
LINE
  5
CB
330
17
100
AcDbEntity
  8
SARR_2.2x7
 62
40
370
25
100
AcDbLine
 10
7733.654146221475
 20
6704.280265256442
 30
0.0
 11
7970.699286980658
 21
6704.28026525599
 31
0.0
  0
LINE
  5
CC
330
17
100
AcDbEntity
  8
SARR_2.2x7
 62
40
370
25
100
AcDbLine
 10
7733.654146221475
 20
6711.280265255694
 30
0.0
 11
7970.699286980658
 21
6711.280265256142
 31
0.0
  0
LINE
  5
CD
330
17
100
AcDbEntity
  8
SARR_2.2x7
 62
40
370
25
100
AcDbLine
 10
6892.241818858934
 20
6498.232286874925
 30
0.0
 11
7136.241818858934
 21
6498.232286874461
 31
0.0
  0
LINE
  5
CE
330
17
100
AcDbEntity
  8
SARR_2.2x7
 62
40
370
25
100
AcDbLine
 10
6892.241818858934
 20
6505.232286874178
 30
0.0
 11
7136.241818858934
 21
6505.232286874641
 31
0.0
  0
LINE
  5
CF
330
17
100
AcDbEntity
  8
SARR_2.2x7
 62
40
370
25
100
AcDbLine
 10
7136.241818858934
 20
6498.232286874939
 30
0.0
 11
7380.241818858934
 21
6498.232286874475
 31
0.0
  0
LINE
  5
D0
330
17
100
AcDbEntity
  8
SARR_2.2x7
 62
40
370
25
100
AcDbLine
 10
7136.241818858934
 20
6505.232286874193
 30
0.0
 11
7380.241818858934
 21
6505.232286874655
 31
0.0
  0
LINE
  5
D1
330
17
100
AcDbEntity
  8
SARR_2.2x7
 62
40
370
25
100
AcDbLine
 10
7380.241818858934
 20
6498.232286874939
 30
0.0
 11
7446.741818858935
 21
6498.232286874915
 31
0.0
  0
LINE
  5
D2
330
17
100
AcDbEntity
  8
SARR_2.2x7
 62
40
370
25
100
AcDbLine
 10
7446.741818858935
 20
6498.232286874916
 30
0.0
 11
7578.741818858934
 21
6498.232286874865
 31
0.0
  0
LINE
  5
D3
330
17
100
AcDbEntity
  8
SARR_2.2x7
 62
40
370
25
100
AcDbLine
 10
7380.241818858934
 20
6505.232286874193
 30
0.0
 11
7446.741818858935
 21
6505.232286874215
 31
0.0
  0
LINE
  5
D4
330
17
100
AcDbEntity
  8
SARR_2.2x7
 62
40
370
25
100
AcDbLine
 10
7446.741818858935
 20
6505.232286874218
 30
0.0
 11
7578.741818858934
 21
6505.232286874266
 31
0.0
  0
LINE
  5
D5
330
17
100
AcDbEntity
  8
SARR_2.2x7
 62
40
370
25
100
AcDbLine
 10
7804.574312657926
 20
6498.320271515588
 30
0.0
 11
7948.119453417113
 21
6498.320271515287
 31
0.0
  0
LINE
  5
D6
330
17
100
AcDbEntity
  8
SARR_2.2x7
 62
40
370
25
100
AcDbLine
 10
7804.574312657926
 20
6505.320271514841
 30
0.0
 11
7948.119453417113
 21
6505.320271515142
 31
0.0
  0
LINE
  5
D7
330
17
100
AcDbEntity
  8
Painéis
 62
200
370
25
100
AcDbLine
 10
7446.741818858935
 20
6479.732286874301
 30
0.0
 11
7446.741818858931
 21
6523.732286874301
 31
0.0
  0
LINE
  5
D8
330
17
100
AcDbEntity
  8
SARR_2.2x7
 62
40
370
25
100
AcDbLine
 10
7414.417646255346
 20
7066.601043165157
 30
0.0
 11
7414.417646255346
 21
7073.60104316525
 31
0.0
  0
LINE
  5
D9
330
17
100
AcDbEntity
  8
SARR_2.2x7
 62
40
370
25
100
AcDbLine
 10
7414.417646255343
 20
7085.10104316574
 30
0.0
 11
7414.417646255343
 21
7092.101043165135
 31
0.0
  0
LINE
  5
DA
330
17
100
AcDbEntity
  8
COTA
 62
4
370
25
100
AcDbLine
 10
6951.254095651444
 20
7049.246015912898
 30
0.0
 11
6968.125828409438
 21
7049.246015912898
 31
0.0
  0
LINE
  5
DB
330
17
100
AcDbEntity
  8
COTA
 62
4
370
25
100
AcDbLine
 10
6951.254095651444
 20
7025.246015912884
 30
0.0
 11
6968.125828409438
 21
7025.246015912884
 31
0.0
  0
LINE
  5
DC
330
17
100
AcDbEntity
  8
COTA
 62
4
370
25
100
AcDbLine
 10
6965.125828409438
 20
7049.246015912898
 30
0.0
 11
6965.125828409438
 21
7025.246015912884
 31
0.0
  0
LINE
  5
DD
330
17
100
AcDbEntity
  8
COTA
 62
4
370
25
100
AcDbLine
 10
6813.654095651497
 20
6931.246015912904
 30
0.0
 11
6739.277372562343
 21
6931.246015912904
 31
0.0
  0
LINE
  5
DE
330
17
100
AcDbEntity
  8
COTA
 62
4
370
25
100
AcDbLine
 10
6791.654095651496
 20
7049.246015912898
 30
0.0
 11
6739.277372562343
 21
7049.246015912898
 31
0.0
  0
LINE
  5
DF
330
17
100
AcDbEntity
  8
COTA
 62
4
370
25
100
AcDbLine
 10
6742.277372562343
 20
6931.246015912904
 30
0.0
 11
6742.277372562343
 21
7049.246015912898
 31
0.0
  0
LINE
  5
E0
330
17
100
AcDbEntity
  8
COTA
 62
4
370
25
100
AcDbLine
 10
6924.854095651479
 20
6931.246015912904
 30
0.0
 11
6968.125828409853
 21
6931.246015912904
 31
0.0
  0
LINE
  5
E1
330
17
100
AcDbEntity
  8
COTA
 62
4
370
25
100
AcDbLine
 10
6951.254095651444
 20
7021.246015912883
 30
0.0
 11
6968.125828409853
 21
7021.246015912883
 31
0.0
  0
LINE
  5
E2
330
17
100
AcDbEntity
  8
COTA
 62
4
370
25
100
AcDbLine
 10
6965.125828409853
 20
6931.246015912904
 30
0.0
 11
6965.125828409853
 21
7021.246015912883
 31
0.0
  0
LINE
  5
E3
330
17
100
AcDbEntity
  8
Cota Seção (2x)
 62
180
370
25
100
AcDbLine
 10
6883.754095653128
 20
6999.579349246203
 30
0.0
 11
6883.754095653128
 21
7018.912682579537
 31
0.0
  0
LINE
  5
E4
330
17
100
AcDbEntity
  8
Cota Seção (2x)
 62
180
370
25
100
AcDbLine
 10
6883.754095653128
 20
7018.912682579537
 30
0.0
 11
6868.754095653128
 21
7018.912682579537
 31
0.0
  0
LINE
  5
E5
330
17
100
AcDbEntity
  8
Cota Seção (2x)
 62
180
370
25
100
AcDbLine
 10
6868.754095653128
 20
7018.912682579537
 30
0.0
 11
6868.754095653128
 21
6999.579349246203
 31
0.0
  0
LINE
  5
E6
330
17
100
AcDbEntity
  8
Cota Seção (2x)
 62
180
370
25
100
AcDbLine
 10
6868.754095653128
 20
6999.579349246203
 30
0.0
 11
6883.754095653128
 21
6999.579349246203
 31
0.0
  0
LINE
  5
E7
330
17
100
AcDbEntity
  8
COTA
 62
4
370
25
100
AcDbLine
 10
6791.654095651496
 20
7049.246015912898
 30
0.0
 11
6758.596801047804
 21
7049.246015912898
 31
0.0
  0
LINE
  5
E8
330
17
100
AcDbEntity
  8
COTA
 62
4
370
25
100
AcDbLine
 10
6791.654095651496
 20
7023.246015912876
 30
0.0
 11
6758.596801047804
 21
7023.246015912876
 31
0.0
  0
LINE
  5
E9
330
17
100
AcDbEntity
  8
COTA
 62
4
370
25
100
AcDbLine
 10
6761.596801047804
 20
7049.246015912898
 30
0.0
 11
6761.596801047804
 21
7023.246015912876
 31
0.0
  0
LINE
  5
EA
330
17
100
AcDbEntity
  8
COTA
 62
4
370
25
100
AcDbLine
 10
6791.654095651496
 20
7019.246015912877
 30
0.0
 11
6758.596801048132
 21
7019.246015912877
 31
0.0
  0
LINE
  5
EB
330
17
100
AcDbEntity
  8
COTA
 62
4
370
25
100
AcDbLine
 10
6813.654095651497
 20
6931.246015912904
 30
0.0
 11
6758.596801048132
 21
6931.246015912904
 31
0.0
  0
LINE
  5
EC
330
17
100
AcDbEntity
  8
COTA
 62
4
370
25
100
AcDbLine
 10
6761.596801048132
 20
7019.246015912877
 30
0.0
 11
6761.596801048132
 21
6931.246015912904
 31
0.0
  0
LINE
  5
ED
330
17
100
AcDbEntity
  8
COTA
 62
4
370
25
100
AcDbLine
 10
6850.254095651469
 20
6928.246015912893
 30
0.0
 11
6850.254095651469
 21
6883.51920211071
 31
0.0
  0
LINE
  5
EE
330
17
100
AcDbEntity
  8
COTA
 62
4
370
25
100
AcDbLine
 10
6888.25409565147
 20
6928.246015912893
 30
0.0
 11
6888.25409565147
 21
6883.51920211071
 31
0.0
  0
LINE
  5
EF
330
17
100
AcDbEntity
  8
COTA
 62
4
370
25
100
AcDbLine
 10
6850.254095651469
 20
6886.519202110711
 30
0.0
 11
6888.25409565147
 21
6886.519202110711
 31
0.0
  0
LINE
  5
F0
330
17
100
AcDbEntity
  8
Cota Seção (2x)
 62
180
370
25
100
AcDbLine
 10
6860.25409565144
 20
6951.2460159129
 30
0.0
 11
6878.254095651441
 21
6951.2460159129
 31
0.0
  0
LINE
  5
F1
330
17
100
AcDbEntity
  8
Cota Seção (2x)
 62
180
370
25
100
AcDbLine
 10
6878.254095651441
 20
6951.2460159129
 30
0.0
 11
6878.254095651441
 21
6966.246015912901
 31
0.0
  0
LINE
  5
F2
330
17
100
AcDbEntity
  8
Cota Seção (2x)
 62
180
370
25
100
AcDbLine
 10
6878.254095651441
 20
6966.246015912901
 30
0.0
 11
6860.25409565144
 21
6966.246015912901
 31
0.0
  0
LINE
  5
F3
330
17
100
AcDbEntity
  8
Cota Seção (2x)
 62
180
370
25
100
AcDbLine
 10
6860.25409565144
 20
6966.246015912901
 30
0.0
 11
6860.25409565144
 21
6951.2460159129
 31
0.0
  0
LINE
  5
F4
330
17
100
AcDbEntity
  8
COTA
 62
4
370
25
100
AcDbLine
 10
7056.37438113005
 20
7063.601043165224
 30
0.0
 11
7056.37438113005
 21
7035.33503040458
 31
0.0
  0
LINE
  5
F5
330
17
100
AcDbEntity
  8
COTA
 62
4
370
25
100
AcDbLine
 10
7290.374381130057
 20
7063.601043165198
 30
0.0
 11
7290.374381130057
 21
7035.33503040458
 31
0.0
  0
LINE
  5
F6
330
17
100
AcDbEntity
  8
COTA
 62
4
370
25
100
AcDbLine
 10
7056.37438113005
 20
7038.335030404581
 30
0.0
 11
7290.374381130057
 21
7038.335030404581
 31
0.0
  0
LINE
  5
F7
330
17
100
AcDbEntity
  8
COTA
 62
0
370
25
100
AcDbLine
 10
7057.87438113005
 20
7039.835030404581
 30
0.0
 11
7054.87438113005
 21
7036.835030404581
 31
0.0
  0
LINE
  5
F8
330
17
100
AcDbEntity
  8
COTA
 62
0
370
25
100
AcDbLine
 10
7288.874381130057
 20
7036.835030404581
 30
0.0
 11
7291.874381130057
 21
7039.835030404581
 31
0.0
  0
LINE
  5
F9
330
17
100
AcDbEntity
  8
COTA
 62
4
370
25
100
AcDbLine
 10
7293.374381130046
 20
7109.60104316516
 30
0.0
 11
7318.250841715898
 21
7109.60104316516
 31
0.0
  0
LINE
  5
FA
330
17
100
AcDbEntity
  8
COTA
 62
4
370
25
100
AcDbLine
 10
7293.374381130054
 20
7066.60104316518
 30
0.0
 11
7318.250841715898
 21
7066.60104316518
 31
0.0
  0
LINE
  5
FB
330
17
100
AcDbEntity
  8
COTA
 62
4
370
25
100
AcDbLine
 10
7315.250841715898
 20
7109.60104316516
 30
0.0
 11
7315.250841715898
 21
7066.60104316518
 31
0.0
  0
LINE
  5
FC
330
17
100
AcDbEntity
  8
COTA
 62
0
370
25
100
AcDbLine
 10
7316.750841715898
 20
7108.10104316516
 30
0.0
 11
7313.750841715898
 21
7111.10104316516
 31
0.0
  0
LINE
  5
FD
330
17
100
AcDbEntity
  8
COTA
 62
0
370
25
100
AcDbLine
 10
7313.750841715898
 20
7068.10104316518
 30
0.0
 11
7316.750841715898
 21
7065.10104316518
 31
0.0
  0
LINE
  5
FE
330
17
100
AcDbEntity
  8
COTA
 62
4
370
25
100
AcDbLine
 10
7293.374381130039
 20
7109.60104316516
 30
0.0
 11
7318.250841715844
 21
7109.60104316516
 31
0.0
  0
LINE
  5
FF
330
17
100
AcDbEntity
  8
COTA
 62
4
370
25
100
AcDbLine
 10
7293.374381130046
 20
7125.601043165158
 30
0.0
 11
7318.250841715844
 21
7125.601043165158
 31
0.0
  0
LINE
  5
100
330
17
100
AcDbEntity
  8
COTA
 62
4
370
25
100
AcDbLine
 10
7315.250841715844
 20
7109.60104316516
 30
0.0
 11
7315.250841715844
 21
7125.601043165158
 31
0.0
  0
LINE
  5
101
330
17
100
AcDbEntity
  8
COTA
 62
0
370
25
100
AcDbLine
 10
7313.750841715844
 20
7111.10104316516
 30
0.0
 11
7316.750841715844
 21
7108.10104316516
 31
0.0
  0
LINE
  5
102
330
17
100
AcDbEntity
  8
COTA
 62
0
370
25
100
AcDbLine
 10
7316.750841715844
 20
7124.101043165158
 30
0.0
 11
7313.750841715844
 21
7127.101043165158
 31
0.0
  0
LINE
  5
103
330
17
100
AcDbEntity
  8
COTA
 62
4
370
25
100
AcDbLine
 10
7293.374381130039
 20
7125.601043165136
 30
0.0
 11
7333.970298574962
 21
7125.601043165136
 31
0.0
  0
LINE
  5
104
330
17
100
AcDbEntity
  8
COTA
 62
4
370
25
100
AcDbLine
 10
7293.37438113005
 20
7066.601043165227
 30
0.0
 11
7333.970298574962
 21
7066.601043165227
 31
0.0
  0
LINE
  5
105
330
17
100
AcDbEntity
  8
COTA
 62
4
370
25
100
AcDbLine
 10
7330.970298574962
 20
7125.601043165136
 30
0.0
 11
7330.970298574962
 21
7066.601043165227
 31
0.0
  0
LINE
  5
106
330
17
100
AcDbEntity
  8
COTA
 62
0
370
25
100
AcDbLine
 10
7332.470298574962
 20
7124.101043165136
 30
0.0
 11
7329.470298574962
 21
7127.101043165136
 31
0.0
  0
LINE
  5
107
330
17
100
AcDbEntity
  8
COTA
 62
0
370
25
100
AcDbLine
 10
7329.470298574962
 20
7068.101043165227
 30
0.0
 11
7332.470298574962
 21
7065.101043165227
 31
0.0
  0
LINE
  5
108
330
17
100
AcDbEntity
  8
COTA
 62
4
370
25
100
AcDbLine
 10
7786.917646255343
 20
7063.601043165135
 30
0.0
 11
7786.917646255343
 21
7037.061117186981
 31
0.0
  0
LINE
  5
109
330
17
100
AcDbEntity
  8
COTA
 62
4
370
25
100
AcDbLine
 10
7542.917646255343
 20
7063.601043165165
 30
0.0
 11
7542.917646255343
 21
7037.061117186981
 31
0.0
  0
LINE
  5
10A
330
17
100
AcDbEntity
  8
COTA
 62
4
370
25
100
AcDbLine
 10
7786.917646255343
 20
7040.061117186981
 30
0.0
 11
7542.917646255343
 21
7040.061117186981
 31
0.0
  0
LINE
  5
10B
330
17
100
AcDbEntity
  8
COTA
 62
0
370
25
100
AcDbLine
 10
7785.417646255343
 20
7038.561117186981
 30
0.0
 11
7788.417646255343
 21
7041.561117186981
 31
0.0
  0
LINE
  5
10C
330
17
100
AcDbEntity
  8
COTA
 62
0
370
25
100
AcDbLine
 10
7544.417646255343
 20
7041.561117186981
 30
0.0
 11
7541.417646255343
 21
7038.561117186981
 31
0.0
  0
LINE
  5
10D
330
17
100
AcDbEntity
  8
COTA
 62
4
370
25
100
AcDbLine
 10
7542.917646255343
 20
7063.601043165165
 30
0.0
 11
7542.917646255343
 21
7037.061117186991
 31
0.0
  0
LINE
  5
10E
330
17
100
AcDbEntity
  8
COTA
 62
4
370
25
100
AcDbLine
 10
7368.917646255342
 20
7063.601043165161
 30
0.0
 11
7368.917646255342
 21
7037.061117186991
 31
0.0
  0
LINE
  5
10F
330
17
100
AcDbEntity
  8
COTA
 62
4
370
25
100
AcDbLine
 10
7542.917646255343
 20
7040.061117186991
 30
0.0
 11
7368.917646255342
 21
7040.061117186991
 31
0.0
  0
LINE
  5
110
330
17
100
AcDbEntity
  8
COTA
 62
0
370
25
100
AcDbLine
 10
7541.417646255343
 20
7038.561117186991
 30
0.0
 11
7544.417646255343
 21
7041.561117186991
 31
0.0
  0
LINE
  5
111
330
17
100
AcDbEntity
  8
COTA
 62
0
370
25
100
AcDbLine
 10
7370.417646255342
 20
7041.561117186991
 30
0.0
 11
7367.417646255342
 21
7038.561117186991
 31
0.0
  0
LINE
  5
112
330
17
100
AcDbEntity
  8
COTA
 62
4
370
25
100
AcDbLine
 10
7786.917646255343
 20
7063.601043165135
 30
0.0
 11
7786.917646255343
 21
7012.808549045711
 31
0.0
  0
LINE
  5
113
330
17
100
AcDbEntity
  8
COTA
 62
4
370
25
100
AcDbLine
 10
7368.917646255342
 20
7063.601043165161
 30
0.0
 11
7368.917646255342
 21
7012.808549045711
 31
0.0
  0
LINE
  5
114
330
17
100
AcDbEntity
  8
COTA
 62
4
370
25
100
AcDbLine
 10
7786.917646255343
 20
7015.808549045711
 30
0.0
 11
7368.917646255342
 21
7015.808549045711
 31
0.0
  0
LINE
  5
115
330
17
100
AcDbEntity
  8
COTA
 62
0
370
25
100
AcDbLine
 10
7785.417646255343
 20
7014.308549045711
 30
0.0
 11
7788.417646255343
 21
7017.308549045711
 31
0.0
  0
LINE
  5
116
330
17
100
AcDbEntity
  8
COTA
 62
0
370
25
100
AcDbLine
 10
7370.417646255342
 20
7017.308549045711
 30
0.0
 11
7367.417646255342
 21
7014.308549045711
 31
0.0
  0
LINE
  5
117
330
17
100
AcDbEntity
  8
COTA
 62
4
370
25
100
AcDbLine
 10
7789.91764625535
 20
7110.601043165139
 30
0.0
 11
7812.470570330777
 21
7110.601043165139
 31
0.0
  0
LINE
  5
118
330
17
100
AcDbEntity
  8
COTA
 62
4
370
25
100
AcDbLine
 10
7789.917646255346
 20
7066.60104316514
 30
0.0
 11
7812.470570330777
 21
7066.60104316514
 31
0.0
  0
LINE
  5
119
330
17
100
AcDbEntity
  8
COTA
 62
4
370
25
100
AcDbLine
 10
7809.470570330778
 20
7110.601043165139
 30
0.0
 11
7809.470570330778
 21
7066.60104316514
 31
0.0
  0
LINE
  5
11A
330
17
100
AcDbEntity
  8
COTA
 62
0
370
25
100
AcDbLine
 10
7810.970570330778
 20
7109.101043165139
 30
0.0
 11
7807.970570330778
 21
7112.101043165139
 31
0.0
  0
LINE
  5
11B
330
17
100
AcDbEntity
  8
COTA
 62
0
370
25
100
AcDbLine
 10
7807.970570330778
 20
7068.10104316514
 30
0.0
 11
7810.970570330778
 21
7065.10104316514
 31
0.0
  0
LINE
  5
11C
330
17
100
AcDbEntity
  8
COTA
 62
4
370
25
100
AcDbLine
 10
7789.917646255354
 20
7110.601043165139
 30
0.0
 11
7812.470570330681
 21
7110.601043165139
 31
0.0
  0
LINE
  5
11D
330
17
100
AcDbEntity
  8
COTA
 62
4
370
25
100
AcDbLine
 10
7789.917646255354
 20
7122.601043165139
 30
0.0
 11
7812.470570330681
 21
7122.601043165139
 31
0.0
  0
LINE
  5
11E
330
17
100
AcDbEntity
  8
COTA
 62
4
370
25
100
AcDbLine
 10
7809.470570330681
 20
7110.601043165139
 30
0.0
 11
7809.470570330681
 21
7122.601043165139
 31
0.0
  0
LINE
  5
11F
330
17
100
AcDbEntity
  8
COTA
 62
0
370
25
100
AcDbLine
 10
7807.970570330681
 20
7112.101043165139
 30
0.0
 11
7810.970570330681
 21
7109.101043165139
 31
0.0
  0
LINE
  5
120
330
17
100
AcDbEntity
  8
COTA
 62
0
370
25
100
AcDbLine
 10
7810.970570330681
 20
7121.101043165139
 30
0.0
 11
7807.970570330681
 21
7124.101043165139
 31
0.0
  0
LINE
  5
121
330
17
100
AcDbEntity
  8
COTA
 62
4
370
25
100
AcDbLine
 10
7789.917646255354
 20
7122.601043165139
 30
0.0
 11
7812.470570330777
 21
7122.601043165139
 31
0.0
  0
LINE
  5
122
330
17
100
AcDbEntity
  8
COTA
 62
4
370
25
100
AcDbLine
 10
7789.917646255354
 20
7125.601043165139
 30
0.0
 11
7812.470570330777
 21
7125.601043165139
 31
0.0
  0
LINE
  5
123
330
17
100
AcDbEntity
  8
COTA
 62
4
370
25
100
AcDbLine
 10
7809.470570330778
 20
7122.601043165139
 30
0.0
 11
7809.470570330778
 21
7119.60104316514
 31
0.0
  0
LINE
  5
124
330
17
100
AcDbEntity
  8
COTA
 62
4
370
25
100
AcDbLine
 10
7809.470570330778
 20
7125.601043165139
 30
0.0
 11
7809.470570330778
 21
7143.931452521865
 31
0.0
  0
LINE
  5
125
330
17
100
AcDbEntity
  8
COTA
 62
4
370
25
100
AcDbLine
 10
7809.470570330778
 20
7122.601043165139
 30
0.0
 11
7809.470570330778
 21
7125.601043165139
 31
0.0
  0
LINE
  5
126
330
17
100
AcDbEntity
  8
COTA
 62
0
370
25
100
AcDbLine
 10
7810.970570330778
 20
7121.101043165139
 30
0.0
 11
7807.970570330778
 21
7124.101043165139
 31
0.0
  0
LINE
  5
127
330
17
100
AcDbEntity
  8
COTA
 62
0
370
25
100
AcDbLine
 10
7807.970570330778
 20
7127.101043165139
 30
0.0
 11
7810.970570330778
 21
7124.101043165139
 31
0.0
  0
LINE
  5
128
330
17
100
AcDbEntity
  8
COTA
 62
4
370
25
100
AcDbLine
 10
7789.917646255354
 20
7125.601043165139
 30
0.0
 11
7838.474787305772
 21
7125.601043165139
 31
0.0
  0
LINE
  5
129
330
17
100
AcDbEntity
  8
COTA
 62
4
370
25
100
AcDbLine
 10
7789.91764625535
 20
7066.60104316514
 30
0.0
 11
7838.474787305772
 21
7066.60104316514
 31
0.0
  0
LINE
  5
12A
330
17
100
AcDbEntity
  8
COTA
 62
4
370
25
100
AcDbLine
 10
7835.474787305772
 20
7125.601043165139
 30
0.0
 11
7835.474787305772
 21
7066.60104316514
 31
0.0
  0
LINE
  5
12B
330
17
100
AcDbEntity
  8
COTA
 62
0
370
25
100
AcDbLine
 10
7836.974787305772
 20
7124.101043165139
 30
0.0
 11
7833.974787305772
 21
7127.101043165139
 31
0.0
  0
LINE
  5
12C
330
17
100
AcDbEntity
  8
COTA
 62
0
370
25
100
AcDbLine
 10
7833.974787305772
 20
7068.10104316514
 30
0.0
 11
7836.974787305772
 21
7065.10104316514
 31
0.0
  0
LINE
  5
12D
330
17
100
AcDbEntity
  8
COTA
 62
4
370
25
100
AcDbLine
 10
7786.91764625535
 20
7128.601043165136
 30
0.0
 11
7786.91764625535
 21
7137.187047559812
 31
0.0
  0
LINE
  5
12E
330
17
100
AcDbEntity
  8
COTA
 62
4
370
25
100
AcDbLine
 10
7661.91764625535
 20
7128.601043165136
 30
0.0
 11
7661.91764625535
 21
7137.187047559812
 31
0.0
  0
LINE
  5
12F
330
17
100
AcDbEntity
  8
COTA
 62
4
370
25
100
AcDbLine
 10
7786.91764625535
 20
7134.187047559814
 30
0.0
 11
7661.91764625535
 21
7134.187047559814
 31
0.0
  0
LINE
  5
130
330
17
100
AcDbEntity
  8
COTA
 62
0
370
25
100
AcDbLine
 10
7785.41764625535
 20
7132.687047559814
 30
0.0
 11
7788.41764625535
 21
7135.687047559814
 31
0.0
  0
LINE
  5
131
330
17
100
AcDbEntity
  8
COTA
 62
0
370
25
100
AcDbLine
 10
7663.41764625535
 20
7135.687047559814
 30
0.0
 11
7660.41764625535
 21
7132.687047559814
 31
0.0
  0
LINE
  5
132
330
17
100
AcDbEntity
  8
COTA
 62
4
370
25
100
AcDbLine
 10
7054.55444082116
 20
6888.621733756827
 30
0.0
 11
7054.55444082116
 21
6862.081807778672
 31
0.0
  0
LINE
  5
133
330
17
100
AcDbEntity
  8
COTA
 62
4
370
25
100
AcDbLine
 10
7298.55444082116
 20
6888.621733756856
 30
0.0
 11
7298.55444082116
 21
6862.081807778672
 31
0.0
  0
LINE
  5
134
330
17
100
AcDbEntity
  8
COTA
 62
4
370
25
100
AcDbLine
 10
7054.55444082116
 20
6865.081807778672
 30
0.0
 11
7298.55444082116
 21
6865.081807778672
 31
0.0
  0
LINE
  5
135
330
17
100
AcDbEntity
  8
COTA
 62
0
370
25
100
AcDbLine
 10
7056.05444082116
 20
6866.581807778672
 30
0.0
 11
7053.05444082116
 21
6863.581807778672
 31
0.0
  0
LINE
  5
136
330
17
100
AcDbEntity
  8
COTA
 62
0
370
25
100
AcDbLine
 10
7297.05444082116
 20
6863.581807778672
 30
0.0
 11
7300.05444082116
 21
6866.581807778672
 31
0.0
  0
LINE
  5
137
330
17
100
AcDbEntity
  8
COTA
 62
4
370
25
100
AcDbLine
 10
7298.55444082116
 20
6888.621733756856
 30
0.0
 11
7298.55444082116
 21
6862.081807778682
 31
0.0
  0
LINE
  5
138
330
17
100
AcDbEntity
  8
COTA
 62
4
370
25
100
AcDbLine
 10
7472.554440821159
 20
6888.621733756853
 30
0.0
 11
7472.554440821159
 21
6862.081807778682
 31
0.0
  0
LINE
  5
139
330
17
100
AcDbEntity
  8
COTA
 62
4
370
25
100
AcDbLine
 10
7298.55444082116
 20
6865.081807778683
 30
0.0
 11
7472.554440821159
 21
6865.081807778683
 31
0.0
  0
LINE
  5
13A
330
17
100
AcDbEntity
  8
COTA
 62
0
370
25
100
AcDbLine
 10
7300.05444082116
 20
6866.581807778683
 30
0.0
 11
7297.05444082116
 21
6863.581807778683
 31
0.0
  0
LINE
  5
13B
330
17
100
AcDbEntity
  8
COTA
 62
0
370
25
100
AcDbLine
 10
7471.054440821159
 20
6863.581807778683
 30
0.0
 11
7474.054440821159
 21
6866.581807778683
 31
0.0
  0
LINE
  5
13C
330
17
100
AcDbEntity
  8
COTA
 62
4
370
25
100
AcDbLine
 10
7054.55444082116
 20
6888.621733756827
 30
0.0
 11
7054.55444082116
 21
6837.829239637402
 31
0.0
  0
LINE
  5
13D
330
17
100
AcDbEntity
  8
COTA
 62
4
370
25
100
AcDbLine
 10
7472.554440821159
 20
6888.621733756853
 30
0.0
 11
7472.554440821159
 21
6837.829239637402
 31
0.0
  0
LINE
  5
13E
330
17
100
AcDbEntity
  8
COTA
 62
4
370
25
100
AcDbLine
 10
7054.55444082116
 20
6840.829239637402
 30
0.0
 11
7472.554440821159
 21
6840.829239637402
 31
0.0
  0
LINE
  5
13F
330
17
100
AcDbEntity
  8
COTA
 62
0
370
25
100
AcDbLine
 10
7056.05444082116
 20
6842.329239637402
 30
0.0
 11
7053.05444082116
 21
6839.329239637402
 31
0.0
  0
LINE
  5
140
330
17
100
AcDbEntity
  8
COTA
 62
0
370
25
100
AcDbLine
 10
7471.054440821159
 20
6839.329239637402
 30
0.0
 11
7474.054440821159
 21
6842.329239637402
 31
0.0
  0
LINE
  5
141
330
17
100
AcDbEntity
  8
COTA
 62
4
370
25
100
AcDbLine
 10
7051.55444082116
 20
6935.621733756831
 30
0.0
 11
7037.720575416057
 21
6935.621733756831
 31
0.0
  0
LINE
  5
142
330
17
100
AcDbEntity
  8
COTA
 62
4
370
25
100
AcDbLine
 10
7051.554440821163
 20
6891.621733756831
 30
0.0
 11
7037.720575416057
 21
6891.621733756831
 31
0.0
  0
LINE
  5
143
330
17
100
AcDbEntity
  8
COTA
 62
4
370
25
100
AcDbLine
 10
7040.720575416057
 20
6935.621733756831
 30
0.0
 11
7040.720575416057
 21
6891.621733756831
 31
0.0
  0
LINE
  5
144
330
17
100
AcDbEntity
  8
COTA
 62
0
370
25
100
AcDbLine
 10
7042.220575416057
 20
6934.121733756831
 30
0.0
 11
7039.220575416057
 21
6937.121733756831
 31
0.0
  0
LINE
  5
145
330
17
100
AcDbEntity
  8
COTA
 62
0
370
25
100
AcDbLine
 10
7039.220575416057
 20
6893.121733756831
 30
0.0
 11
7042.220575416057
 21
6890.121733756831
 31
0.0
  0
LINE
  5
146
330
17
100
AcDbEntity
  8
COTA
 62
4
370
25
100
AcDbLine
 10
7051.554440821155
 20
6935.621733756831
 30
0.0
 11
7037.720575415997
 21
6935.621733756831
 31
0.0
  0
LINE
  5
147
330
17
100
AcDbEntity
  8
COTA
 62
4
370
25
100
AcDbLine
 10
7051.554440821155
 20
6947.62173375683
 30
0.0
 11
7037.720575415997
 21
6947.62173375683
 31
0.0
  0
LINE
  5
148
330
17
100
AcDbEntity
  8
COTA
 62
4
370
25
100
AcDbLine
 10
7040.720575415997
 20
6935.621733756831
 30
0.0
 11
7040.720575415997
 21
6947.62173375683
 31
0.0
  0
LINE
  5
149
330
17
100
AcDbEntity
  8
COTA
 62
0
370
25
100
AcDbLine
 10
7039.220575415997
 20
6937.121733756831
 30
0.0
 11
7042.220575415997
 21
6934.121733756831
 31
0.0
  0
LINE
  5
14A
330
17
100
AcDbEntity
  8
COTA
 62
0
370
25
100
AcDbLine
 10
7042.220575415997
 20
6946.12173375683
 30
0.0
 11
7039.220575415997
 21
6949.12173375683
 31
0.0
  0
LINE
  5
14B
330
17
100
AcDbEntity
  8
COTA
 62
4
370
25
100
AcDbLine
 10
7051.554440821155
 20
6947.62173375683
 30
0.0
 11
7037.720575416057
 21
6947.62173375683
 31
0.0
  0
LINE
  5
14C
330
17
100
AcDbEntity
  8
COTA
 62
4
370
25
100
AcDbLine
 10
7051.554440821155
 20
6950.62173375683
 30
0.0
 11
7037.720575416057
 21
6950.62173375683
 31
0.0
  0
LINE
  5
14D
330
17
100
AcDbEntity
  8
COTA
 62
4
370
25
100
AcDbLine
 10
7040.720575416057
 20
6947.62173375683
 30
0.0
 11
7040.720575416057
 21
6944.621733756831
 31
0.0
  0
LINE
  5
14E
330
17
100
AcDbEntity
  8
COTA
 62
4
370
25
100
AcDbLine
 10
7040.720575416057
 20
6950.62173375683
 30
0.0
 11
7040.720575416057
 21
6968.952143113556
 31
0.0
  0
LINE
  5
14F
330
17
100
AcDbEntity
  8
COTA
 62
4
370
25
100
AcDbLine
 10
7040.720575416057
 20
6947.62173375683
 30
0.0
 11
7040.720575416057
 21
6950.62173375683
 31
0.0
  0
LINE
  5
150
330
17
100
AcDbEntity
  8
COTA
 62
0
370
25
100
AcDbLine
 10
7042.220575416057
 20
6946.12173375683
 30
0.0
 11
7039.220575416057
 21
6949.12173375683
 31
0.0
  0
LINE
  5
151
330
17
100
AcDbEntity
  8
COTA
 62
0
370
25
100
AcDbLine
 10
7039.220575416057
 20
6952.12173375683
 30
0.0
 11
7042.220575416057
 21
6949.12173375683
 31
0.0
  0
LINE
  5
152
330
17
100
AcDbEntity
  8
COTA
 62
4
370
25
100
AcDbLine
 10
7051.554440821155
 20
6950.62173375683
 30
0.0
 11
7011.716358441063
 21
6950.62173375683
 31
0.0
  0
LINE
  5
153
330
17
100
AcDbEntity
  8
COTA
 62
4
370
25
100
AcDbLine
 10
7051.55444082116
 20
6891.621733756831
 30
0.0
 11
7011.716358441063
 21
6891.621733756831
 31
0.0
  0
LINE
  5
154
330
17
100
AcDbEntity
  8
COTA
 62
4
370
25
100
AcDbLine
 10
7014.716358441063
 20
6950.62173375683
 30
0.0
 11
7014.716358441063
 21
6891.621733756831
 31
0.0
  0
LINE
  5
155
330
17
100
AcDbEntity
  8
COTA
 62
0
370
25
100
AcDbLine
 10
7016.216358441063
 20
6949.12173375683
 30
0.0
 11
7013.216358441063
 21
6952.12173375683
 31
0.0
  0
LINE
  5
156
330
17
100
AcDbEntity
  8
COTA
 62
0
370
25
100
AcDbLine
 10
7013.216358441063
 20
6893.121733756831
 30
0.0
 11
7016.216358441063
 21
6890.121733756831
 31
0.0
  0
LINE
  5
157
330
17
100
AcDbEntity
  8
COTA
 62
4
370
25
100
AcDbLine
 10
7054.554440821151
 20
6953.621733756827
 30
0.0
 11
7054.554440821151
 21
6962.207738151504
 31
0.0
  0
LINE
  5
158
330
17
100
AcDbEntity
  8
COTA
 62
4
370
25
100
AcDbLine
 10
7179.554440821151
 20
6953.621733756827
 30
0.0
 11
7179.554440821151
 21
6962.207738151504
 31
0.0
  0
LINE
  5
159
330
17
100
AcDbEntity
  8
COTA
 62
4
370
25
100
AcDbLine
 10
7054.554440821151
 20
6959.207738151505
 30
0.0
 11
7179.554440821151
 21
6959.207738151505
 31
0.0
  0
LINE
  5
15A
330
17
100
AcDbEntity
  8
COTA
 62
0
370
25
100
AcDbLine
 10
7056.054440821151
 20
6960.707738151505
 30
0.0
 11
7053.054440821151
 21
6957.707738151505
 31
0.0
  0
LINE
  5
15B
330
17
100
AcDbEntity
  8
COTA
 62
0
370
25
100
AcDbLine
 10
7178.054440821151
 20
6957.707738151505
 30
0.0
 11
7181.054440821151
 21
6960.707738151505
 31
0.0
  0
LINE
  5
15C
330
17
100
AcDbEntity
  8
COTA
 62
4
370
25
100
AcDbLine
 10
7475.554440821159
 20
6935.621733756857
 30
0.0
 11
7497.532990124317
 21
6935.621733756857
 31
0.0
  0
LINE
  5
15D
330
17
100
AcDbEntity
  8
COTA
 62
4
370
25
100
AcDbLine
 10
7475.554440821163
 20
6891.621733756856
 30
0.0
 11
7497.532990124317
 21
6891.621733756856
 31
0.0
  0
LINE
  5
15E
330
17
100
AcDbEntity
  8
COTA
 62
4
370
25
100
AcDbLine
 10
7494.532990124317
 20
6935.621733756857
 30
0.0
 11
7494.532990124317
 21
6891.621733756856
 31
0.0
  0
LINE
  5
15F
330
17
100
AcDbEntity
  8
COTA
 62
0
370
25
100
AcDbLine
 10
7496.032990124317
 20
6934.121733756857
 30
0.0
 11
7493.032990124317
 21
6937.121733756857
 31
0.0
  0
LINE
  5
160
330
17
100
AcDbEntity
  8
COTA
 62
0
370
25
100
AcDbLine
 10
7493.032990124317
 20
6893.121733756856
 30
0.0
 11
7496.032990124317
 21
6890.121733756856
 31
0.0
  0
LINE
  5
161
330
17
100
AcDbEntity
  8
COTA
 62
4
370
25
100
AcDbLine
 10
7475.554440821155
 20
6935.621733756857
 30
0.0
 11
7497.532990124324
 21
6935.621733756857
 31
0.0
  0
LINE
  5
162
330
17
100
AcDbEntity
  8
COTA
 62
4
370
25
100
AcDbLine
 10
7475.554440821155
 20
6950.62173375683
 30
0.0
 11
7497.532990124324
 21
6950.62173375683
 31
0.0
  0
LINE
  5
163
330
17
100
AcDbEntity
  8
COTA
 62
4
370
25
100
AcDbLine
 10
7494.532990124324
 20
6935.621733756857
 30
0.0
 11
7494.532990124324
 21
6950.62173375683
 31
0.0
  0
LINE
  5
164
330
17
100
AcDbEntity
  8
COTA
 62
4
370
25
100
AcDbLine
 10
7494.532990124324
 20
6950.62173375683
 30
0.0
 11
7494.532990124324
 21
6968.99307878607
 31
0.0
  0
LINE
  5
165
330
17
100
AcDbEntity
  8
COTA
 62
0
370
25
100
AcDbLine
 10
7493.032990124324
 20
6937.121733756857
 30
0.0
 11
7496.032990124324
 21
6934.121733756857
 31
0.0
  0
LINE
  5
166
330
17
100
AcDbEntity
  8
COTA
 62
0
370
25
100
AcDbLine
 10
7496.032990124324
 20
6949.12173375683
 30
0.0
 11
7493.032990124324
 21
6952.12173375683
 31
0.0
  0
LINE
  5
167
330
17
100
AcDbEntity
  8
COTA
 62
4
370
25
100
AcDbLine
 10
7933.940503124706
 20
6888.621733756827
 30
0.0
 11
7933.940503124706
 21
6862.081807778672
 31
0.0
  0
LINE
  5
168
330
17
100
AcDbEntity
  8
COTA
 62
4
370
25
100
AcDbLine
 10
7689.940503124706
 20
6888.621733756856
 30
0.0
 11
7689.940503124706
 21
6862.081807778672
 31
0.0
  0
LINE
  5
169
330
17
100
AcDbEntity
  8
COTA
 62
4
370
25
100
AcDbLine
 10
7933.940503124706
 20
6865.081807778672
 30
0.0
 11
7689.940503124706
 21
6865.081807778672
 31
0.0
  0
LINE
  5
16A
330
17
100
AcDbEntity
  8
COTA
 62
0
370
25
100
AcDbLine
 10
7932.440503124706
 20
6863.581807778672
 30
0.0
 11
7935.440503124706
 21
6866.581807778672
 31
0.0
  0
LINE
  5
16B
330
17
100
AcDbEntity
  8
COTA
 62
0
370
25
100
AcDbLine
 10
7691.440503124706
 20
6866.581807778672
 30
0.0
 11
7688.440503124706
 21
6863.581807778672
 31
0.0
  0
LINE
  5
16C
330
17
100
AcDbEntity
  8
COTA
 62
4
370
25
100
AcDbLine
 10
7689.940503124706
 20
6888.621733756856
 30
0.0
 11
7689.940503124706
 21
6862.081807778682
 31
0.0
  0
LINE
  5
16D
330
17
100
AcDbEntity
  8
COTA
 62
4
370
25
100
AcDbLine
 10
7515.940503124706
 20
6888.621733756853
 30
0.0
 11
7515.940503124706
 21
6862.081807778682
 31
0.0
  0
LINE
  5
16E
330
17
100
AcDbEntity
  8
COTA
 62
4
370
25
100
AcDbLine
 10
7689.940503124706
 20
6865.081807778683
 30
0.0
 11
7515.940503124706
 21
6865.081807778683
 31
0.0
  0
LINE
  5
16F
330
17
100
AcDbEntity
  8
COTA
 62
0
370
25
100
AcDbLine
 10
7688.440503124706
 20
6863.581807778683
 30
0.0
 11
7691.440503124706
 21
6866.581807778683
 31
0.0
  0
LINE
  5
170
330
17
100
AcDbEntity
  8
COTA
 62
0
370
25
100
AcDbLine
 10
7517.440503124706
 20
6866.581807778683
 30
0.0
 11
7514.440503124706
 21
6863.581807778683
 31
0.0
  0
LINE
  5
171
330
17
100
AcDbEntity
  8
COTA
 62
4
370
25
100
AcDbLine
 10
7933.940503124706
 20
6888.621733756827
 30
0.0
 11
7933.940503124706
 21
6837.829239637402
 31
0.0
  0
LINE
  5
172
330
17
100
AcDbEntity
  8
COTA
 62
4
370
25
100
AcDbLine
 10
7515.940503124706
 20
6888.621733756853
 30
0.0
 11
7515.940503124706
 21
6837.829239637402
 31
0.0
  0
LINE
  5
173
330
17
100
AcDbEntity
  8
COTA
 62
4
370
25
100
AcDbLine
 10
7933.940503124706
 20
6840.829239637402
 30
0.0
 11
7515.940503124706
 21
6840.829239637402
 31
0.0
  0
LINE
  5
174
330
17
100
AcDbEntity
  8
COTA
 62
0
370
25
100
AcDbLine
 10
7932.440503124706
 20
6839.329239637402
 30
0.0
 11
7935.440503124706
 21
6842.329239637402
 31
0.0
  0
LINE
  5
175
330
17
100
AcDbEntity
  8
COTA
 62
0
370
25
100
AcDbLine
 10
7517.440503124706
 20
6842.329239637402
 30
0.0
 11
7514.440503124706
 21
6839.329239637402
 31
0.0
  0
LINE
  5
176
330
17
100
AcDbEntity
  8
COTA
 62
4
370
25
100
AcDbLine
 10
7936.940503124714
 20
6935.621733756831
 30
0.0
 11
7959.493427200141
 21
6935.621733756831
 31
0.0
  0
LINE
  5
177
330
17
100
AcDbEntity
  8
COTA
 62
4
370
25
100
AcDbLine
 10
7936.940503124709
 20
6891.621733756831
 30
0.0
 11
7959.493427200141
 21
6891.621733756831
 31
0.0
  0
LINE
  5
178
330
17
100
AcDbEntity
  8
COTA
 62
4
370
25
100
AcDbLine
 10
7956.493427200141
 20
6935.621733756831
 30
0.0
 11
7956.493427200141
 21
6891.621733756831
 31
0.0
  0
LINE
  5
179
330
17
100
AcDbEntity
  8
COTA
 62
0
370
25
100
AcDbLine
 10
7957.993427200141
 20
6934.121733756831
 30
0.0
 11
7954.993427200141
 21
6937.121733756831
 31
0.0
  0
LINE
  5
17A
330
17
100
AcDbEntity
  8
COTA
 62
0
370
25
100
AcDbLine
 10
7954.993427200141
 20
6893.121733756831
 30
0.0
 11
7957.993427200141
 21
6890.121733756831
 31
0.0
  0
LINE
  5
17B
330
17
100
AcDbEntity
  8
COTA
 62
4
370
25
100
AcDbLine
 10
7936.940503124714
 20
6935.621733756831
 30
0.0
 11
7959.493427200041
 21
6935.621733756831
 31
0.0
  0
LINE
  5
17C
330
17
100
AcDbEntity
  8
COTA
 62
4
370
25
100
AcDbLine
 10
7936.940503124714
 20
6947.62173375683
 30
0.0
 11
7959.493427200041
 21
6947.62173375683
 31
0.0
  0
LINE
  5
17D
330
17
100
AcDbEntity
  8
COTA
 62
4
370
25
100
AcDbLine
 10
7956.493427200041
 20
6935.621733756831
 30
0.0
 11
7956.493427200041
 21
6947.62173375683
 31
0.0
  0
LINE
  5
17E
330
17
100
AcDbEntity
  8
COTA
 62
0
370
25
100
AcDbLine
 10
7954.993427200041
 20
6937.121733756831
 30
0.0
 11
7957.993427200041
 21
6934.121733756831
 31
0.0
  0
LINE
  5
17F
330
17
100
AcDbEntity
  8
COTA
 62
0
370
25
100
AcDbLine
 10
7957.993427200041
 20
6946.12173375683
 30
0.0
 11
7954.993427200041
 21
6949.12173375683
 31
0.0
  0
LINE
  5
180
330
17
100
AcDbEntity
  8
COTA
 62
4
370
25
100
AcDbLine
 10
7936.940503124714
 20
6947.62173375683
 30
0.0
 11
7959.493427200141
 21
6947.62173375683
 31
0.0
  0
LINE
  5
181
330
17
100
AcDbEntity
  8
COTA
 62
4
370
25
100
AcDbLine
 10
7936.940503124714
 20
6950.62173375683
 30
0.0
 11
7959.493427200141
 21
6950.62173375683
 31
0.0
  0
LINE
  5
182
330
17
100
AcDbEntity
  8
COTA
 62
4
370
25
100
AcDbLine
 10
7956.493427200141
 20
6947.62173375683
 30
0.0
 11
7956.493427200141
 21
6944.621733756831
 31
0.0
  0
LINE
  5
183
330
17
100
AcDbEntity
  8
COTA
 62
4
370
25
100
AcDbLine
 10
7956.493427200141
 20
6950.62173375683
 30
0.0
 11
7956.493427200141
 21
6968.952143113556
 31
0.0
  0
LINE
  5
184
330
17
100
AcDbEntity
  8
COTA
 62
4
370
25
100
AcDbLine
 10
7956.493427200141
 20
6947.62173375683
 30
0.0
 11
7956.493427200141
 21
6950.62173375683
 31
0.0
  0
LINE
  5
185
330
17
100
AcDbEntity
  8
COTA
 62
0
370
25
100
AcDbLine
 10
7957.993427200141
 20
6946.12173375683
 30
0.0
 11
7954.993427200141
 21
6949.12173375683
 31
0.0
  0
LINE
  5
186
330
17
100
AcDbEntity
  8
COTA
 62
0
370
25
100
AcDbLine
 10
7954.993427200141
 20
6952.12173375683
 30
0.0
 11
7957.993427200141
 21
6949.12173375683
 31
0.0
  0
LINE
  5
187
330
17
100
AcDbEntity
  8
COTA
 62
4
370
25
100
AcDbLine
 10
7936.940503124714
 20
6950.62173375683
 30
0.0
 11
7985.497644175135
 21
6950.62173375683
 31
0.0
  0
LINE
  5
188
330
17
100
AcDbEntity
  8
COTA
 62
4
370
25
100
AcDbLine
 10
7936.940503124709
 20
6891.621733756831
 30
0.0
 11
7985.497644175135
 21
6891.621733756831
 31
0.0
  0
LINE
  5
189
330
17
100
AcDbEntity
  8
COTA
 62
4
370
25
100
AcDbLine
 10
7982.497644175134
 20
6950.62173375683
 30
0.0
 11
7982.497644175134
 21
6891.621733756831
 31
0.0
  0
LINE
  5
18A
330
17
100
AcDbEntity
  8
COTA
 62
0
370
25
100
AcDbLine
 10
7983.997644175134
 20
6949.12173375683
 30
0.0
 11
7980.997644175134
 21
6952.12173375683
 31
0.0
  0
LINE
  5
18B
330
17
100
AcDbEntity
  8
COTA
 62
0
370
25
100
AcDbLine
 10
7980.997644175134
 20
6893.121733756831
 30
0.0
 11
7983.997644175134
 21
6890.121733756831
 31
0.0
  0
LINE
  5
18C
330
17
100
AcDbEntity
  8
COTA
 62
4
370
25
100
AcDbLine
 10
7933.940503124709
 20
6953.621733756827
 30
0.0
 11
7933.940503124709
 21
6962.207738151504
 31
0.0
  0
LINE
  5
18D
330
17
100
AcDbEntity
  8
COTA
 62
4
370
25
100
AcDbLine
 10
7808.940503124709
 20
6953.621733756827
 30
0.0
 11
7808.940503124709
 21
6962.207738151504
 31
0.0
  0
LINE
  5
18E
330
17
100
AcDbEntity
  8
COTA
 62
4
370
25
100
AcDbLine
 10
7933.940503124709
 20
6959.207738151505
 30
0.0
 11
7808.940503124709
 21
6959.207738151505
 31
0.0
  0
LINE
  5
18F
330
17
100
AcDbEntity
  8
COTA
 62
0
370
25
100
AcDbLine
 10
7932.440503124709
 20
6957.707738151505
 30
0.0
 11
7935.440503124709
 21
6960.707738151505
 31
0.0
  0
LINE
  5
190
330
17
100
AcDbEntity
  8
COTA
 62
0
370
25
100
AcDbLine
 10
7810.440503124709
 20
6960.707738151505
 30
0.0
 11
7807.440503124709
 21
6957.707738151505
 31
0.0
  0
LINE
  5
191
330
17
100
AcDbEntity
  8
COTA
 62
4
370
25
100
AcDbLine
 10
7052.054440821159
 20
6682.780265255778
 30
0.0
 11
7052.054440821159
 21
6656.240339277622
 31
0.0
  0
LINE
  5
192
330
17
100
AcDbEntity
  8
COTA
 62
4
370
25
100
AcDbLine
 10
7296.054440821158
 20
6682.780265255806
 30
0.0
 11
7296.054440821158
 21
6656.240339277622
 31
0.0
  0
LINE
  5
193
330
17
100
AcDbEntity
  8
COTA
 62
4
370
25
100
AcDbLine
 10
7052.054440821159
 20
6659.240339277622
 30
0.0
 11
7296.054440821158
 21
6659.240339277622
 31
0.0
  0
LINE
  5
194
330
17
100
AcDbEntity
  8
COTA
 62
0
370
25
100
AcDbLine
 10
7053.554440821159
 20
6660.740339277622
 30
0.0
 11
7050.554440821159
 21
6657.740339277622
 31
0.0
  0
LINE
  5
195
330
17
100
AcDbEntity
  8
COTA
 62
0
370
25
100
AcDbLine
 10
7294.554440821158
 20
6657.740339277622
 30
0.0
 11
7297.554440821158
 21
6660.740339277622
 31
0.0
  0
LINE
  5
196
330
17
100
AcDbEntity
  8
COTA
 62
4
370
25
100
AcDbLine
 10
7296.054440821158
 20
6682.780265255806
 30
0.0
 11
7296.054440821158
 21
6656.240339277633
 31
0.0
  0
LINE
  5
197
330
17
100
AcDbEntity
  8
COTA
 62
4
370
25
100
AcDbLine
 10
7470.05444082116
 20
6682.780265255804
 30
0.0
 11
7470.05444082116
 21
6656.240339277633
 31
0.0
  0
LINE
  5
198
330
17
100
AcDbEntity
  8
COTA
 62
4
370
25
100
AcDbLine
 10
7296.054440821158
 20
6659.240339277634
 30
0.0
 11
7470.05444082116
 21
6659.240339277634
 31
0.0
  0
LINE
  5
199
330
17
100
AcDbEntity
  8
COTA
 62
0
370
25
100
AcDbLine
 10
7297.554440821158
 20
6660.740339277634
 30
0.0
 11
7294.554440821158
 21
6657.740339277634
 31
0.0
  0
LINE
  5
19A
330
17
100
AcDbEntity
  8
COTA
 62
0
370
25
100
AcDbLine
 10
7468.55444082116
 20
6657.740339277634
 30
0.0
 11
7471.55444082116
 21
6660.740339277634
 31
0.0
  0
LINE
  5
19B
330
17
100
AcDbEntity
  8
COTA
 62
4
370
25
100
AcDbLine
 10
7052.054440821159
 20
6682.780265255778
 30
0.0
 11
7052.054440821159
 21
6631.987771136353
 31
0.0
  0
LINE
  5
19C
330
17
100
AcDbEntity
  8
COTA
 62
4
370
25
100
AcDbLine
 10
7470.05444082116
 20
6682.780265255804
 30
0.0
 11
7470.05444082116
 21
6631.987771136353
 31
0.0
  0
LINE
  5
19D
330
17
100
AcDbEntity
  8
COTA
 62
4
370
25
100
AcDbLine
 10
7052.054440821159
 20
6634.987771136351
 30
0.0
 11
7470.05444082116
 21
6634.987771136351
 31
0.0
  0
LINE
  5
19E
330
17
100
AcDbEntity
  8
COTA
 62
0
370
25
100
AcDbLine
 10
7053.554440821159
 20
6636.487771136351
 30
0.0
 11
7050.554440821159
 21
6633.487771136351
 31
0.0
  0
LINE
  5
19F
330
17
100
AcDbEntity
  8
COTA
 62
0
370
25
100
AcDbLine
 10
7468.55444082116
 20
6633.487771136351
 30
0.0
 11
7471.55444082116
 21
6636.487771136351
 31
0.0
  0
LINE
  5
1A0
330
17
100
AcDbEntity
  8
COTA
 62
4
370
25
100
AcDbLine
 10
7049.054440821159
 20
6729.78026525578
 30
0.0
 11
7035.220575416056
 21
6729.78026525578
 31
0.0
  0
LINE
  5
1A1
330
17
100
AcDbEntity
  8
COTA
 62
4
370
25
100
AcDbLine
 10
7049.054440821163
 20
6685.780265255781
 30
0.0
 11
7035.220575416056
 21
6685.780265255781
 31
0.0
  0
LINE
  5
1A2
330
17
100
AcDbEntity
  8
COTA
 62
4
370
25
100
AcDbLine
 10
7038.220575416056
 20
6729.78026525578
 30
0.0
 11
7038.220575416056
 21
6685.780265255781
 31
0.0
  0
LINE
  5
1A3
330
17
100
AcDbEntity
  8
COTA
 62
0
370
25
100
AcDbLine
 10
7039.720575416056
 20
6728.28026525578
 30
0.0
 11
7036.720575416056
 21
6731.28026525578
 31
0.0
  0
LINE
  5
1A4
330
17
100
AcDbEntity
  8
COTA
 62
0
370
25
100
AcDbLine
 10
7036.720575416056
 20
6687.280265255781
 30
0.0
 11
7039.720575416056
 21
6684.280265255781
 31
0.0
  0
LINE
  5
1A5
330
17
100
AcDbEntity
  8
COTA
 62
4
370
25
100
AcDbLine
 10
7049.054440821156
 20
6729.78026525578
 30
0.0
 11
7035.220575415997
 21
6729.78026525578
 31
0.0
  0
LINE
  5
1A6
330
17
100
AcDbEntity
  8
COTA
 62
4
370
25
100
AcDbLine
 10
7049.054440821156
 20
6741.780265255781
 30
0.0
 11
7035.220575415997
 21
6741.780265255781
 31
0.0
  0
LINE
  5
1A7
330
17
100
AcDbEntity
  8
COTA
 62
4
370
25
100
AcDbLine
 10
7038.220575415997
 20
6729.78026525578
 30
0.0
 11
7038.220575415997
 21
6741.780265255781
 31
0.0
  0
LINE
  5
1A8
330
17
100
AcDbEntity
  8
COTA
 62
0
370
25
100
AcDbLine
 10
7036.720575415997
 20
6731.28026525578
 30
0.0
 11
7039.720575415997
 21
6728.28026525578
 31
0.0
  0
LINE
  5
1A9
330
17
100
AcDbEntity
  8
COTA
 62
0
370
25
100
AcDbLine
 10
7039.720575415997
 20
6740.280265255781
 30
0.0
 11
7036.720575415997
 21
6743.280265255781
 31
0.0
  0
LINE
  5
1AA
330
17
100
AcDbEntity
  8
COTA
 62
4
370
25
100
AcDbLine
 10
7049.054440821156
 20
6741.780265255781
 30
0.0
 11
7035.220575416061
 21
6741.780265255781
 31
0.0
  0
LINE
  5
1AB
330
17
100
AcDbEntity
  8
COTA
 62
4
370
25
100
AcDbLine
 10
7049.054440821156
 20
6744.780265255781
 30
0.0
 11
7035.220575416061
 21
6744.780265255781
 31
0.0
  0
LINE
  5
1AC
330
17
100
AcDbEntity
  8
COTA
 62
4
370
25
100
AcDbLine
 10
7038.220575416061
 20
6741.780265255781
 30
0.0
 11
7038.220575416061
 21
6738.780265255781
 31
0.0
  0
LINE
  5
1AD
330
17
100
AcDbEntity
  8
COTA
 62
4
370
25
100
AcDbLine
 10
7038.220575416061
 20
6744.780265255781
 30
0.0
 11
7038.220575416061
 21
6763.110674612505
 31
0.0
  0
LINE
  5
1AE
330
17
100
AcDbEntity
  8
COTA
 62
4
370
25
100
AcDbLine
 10
7038.220575416061
 20
6741.780265255781
 30
0.0
 11
7038.220575416061
 21
6744.780265255781
 31
0.0
  0
LINE
  5
1AF
330
17
100
AcDbEntity
  8
COTA
 62
0
370
25
100
AcDbLine
 10
7039.720575416061
 20
6740.280265255781
 30
0.0
 11
7036.720575416061
 21
6743.280265255781
 31
0.0
  0
LINE
  5
1B0
330
17
100
AcDbEntity
  8
COTA
 62
0
370
25
100
AcDbLine
 10
7036.720575416061
 20
6746.280265255781
 30
0.0
 11
7039.720575416061
 21
6743.280265255781
 31
0.0
  0
LINE
  5
1B1
330
17
100
AcDbEntity
  8
COTA
 62
4
370
25
100
AcDbLine
 10
7049.054440821156
 20
6744.780265255781
 30
0.0
 11
7009.216358441062
 21
6744.780265255781
 31
0.0
  0
LINE
  5
1B2
330
17
100
AcDbEntity
  8
COTA
 62
4
370
25
100
AcDbLine
 10
7049.054440821159
 20
6685.780265255781
 30
0.0
 11
7009.216358441062
 21
6685.780265255781
 31
0.0
  0
LINE
  5
1B3
330
17
100
AcDbEntity
  8
COTA
 62
4
370
25
100
AcDbLine
 10
7012.216358441063
 20
6744.780265255781
 30
0.0
 11
7012.216358441063
 21
6685.780265255781
 31
0.0
  0
LINE
  5
1B4
330
17
100
AcDbEntity
  8
COTA
 62
0
370
25
100
AcDbLine
 10
7013.716358441063
 20
6743.280265255781
 30
0.0
 11
7010.716358441063
 21
6746.280265255781
 31
0.0
  0
LINE
  5
1B5
330
17
100
AcDbEntity
  8
COTA
 62
0
370
25
100
AcDbLine
 10
7010.716358441063
 20
6687.280265255781
 30
0.0
 11
7013.716358441063
 21
6684.280265255781
 31
0.0
  0
LINE
  5
1B6
330
17
100
AcDbEntity
  8
COTA
 62
4
370
25
100
AcDbLine
 10
7052.054440821152
 20
6747.780265255777
 30
0.0
 11
7052.054440821152
 21
6756.366269650455
 31
0.0
  0
LINE
  5
1B7
330
17
100
AcDbEntity
  8
COTA
 62
4
370
25
100
AcDbLine
 10
7177.054440821152
 20
6747.780265255777
 30
0.0
 11
7177.054440821152
 21
6756.366269650455
 31
0.0
  0
LINE
  5
1B8
330
17
100
AcDbEntity
  8
COTA
 62
4
370
25
100
AcDbLine
 10
7052.054440821152
 20
6753.366269650455
 30
0.0
 11
7177.054440821152
 21
6753.366269650455
 31
0.0
  0
LINE
  5
1B9
330
17
100
AcDbEntity
  8
COTA
 62
0
370
25
100
AcDbLine
 10
7053.554440821152
 20
6754.866269650455
 30
0.0
 11
7050.554440821152
 21
6751.866269650455
 31
0.0
  0
LINE
  5
1BA
330
17
100
AcDbEntity
  8
COTA
 62
0
370
25
100
AcDbLine
 10
7175.554440821152
 20
6751.866269650455
 30
0.0
 11
7178.554440821152
 21
6754.866269650455
 31
0.0
  0
LINE
  5
1BB
330
17
100
AcDbEntity
  8
COTA
 62
4
370
25
100
AcDbLine
 10
7473.054440821158
 20
6729.780265255806
 30
0.0
 11
7495.032990124321
 21
6729.780265255806
 31
0.0
  0
LINE
  5
1BC
330
17
100
AcDbEntity
  8
COTA
 62
4
370
25
100
AcDbLine
 10
7473.054440821162
 20
6685.780265255806
 30
0.0
 11
7495.032990124321
 21
6685.780265255806
 31
0.0
  0
LINE
  5
1BD
330
17
100
AcDbEntity
  8
COTA
 62
4
370
25
100
AcDbLine
 10
7492.032990124321
 20
6729.780265255806
 30
0.0
 11
7492.032990124321
 21
6685.780265255806
 31
0.0
  0
LINE
  5
1BE
330
17
100
AcDbEntity
  8
COTA
 62
0
370
25
100
AcDbLine
 10
7493.532990124321
 20
6728.280265255806
 30
0.0
 11
7490.532990124321
 21
6731.280265255806
 31
0.0
  0
LINE
  5
1BF
330
17
100
AcDbEntity
  8
COTA
 62
0
370
25
100
AcDbLine
 10
7490.532990124321
 20
6687.280265255806
 30
0.0
 11
7493.532990124321
 21
6684.280265255806
 31
0.0
  0
LINE
  5
1C0
330
17
100
AcDbEntity
  8
COTA
 62
4
370
25
100
AcDbLine
 10
7473.054440821155
 20
6729.780265255806
 30
0.0
 11
7495.032990124324
 21
6729.780265255806
 31
0.0
  0
LINE
  5
1C1
330
17
100
AcDbEntity
  8
COTA
 62
4
370
25
100
AcDbLine
 10
7473.054440821155
 20
6744.780265255781
 30
0.0
 11
7495.032990124324
 21
6744.780265255781
 31
0.0
  0
LINE
  5
1C2
330
17
100
AcDbEntity
  8
COTA
 62
4
370
25
100
AcDbLine
 10
7492.032990124323
 20
6729.780265255806
 30
0.0
 11
7492.032990124323
 21
6744.780265255781
 31
0.0
  0
LINE
  5
1C3
330
17
100
AcDbEntity
  8
COTA
 62
4
370
25
100
AcDbLine
 10
7492.032990124323
 20
6744.780265255781
 30
0.0
 11
7492.032990124323
 21
6763.151610285021
 31
0.0
  0
LINE
  5
1C4
330
17
100
AcDbEntity
  8
COTA
 62
0
370
25
100
AcDbLine
 10
7490.532990124323
 20
6731.280265255806
 30
0.0
 11
7493.532990124323
 21
6728.280265255806
 31
0.0
  0
LINE
  5
1C5
330
17
100
AcDbEntity
  8
COTA
 62
0
370
25
100
AcDbLine
 10
7493.532990124323
 20
6743.280265255781
 30
0.0
 11
7490.532990124323
 21
6746.280265255781
 31
0.0
  0
LINE
  5
1C6
330
17
100
AcDbEntity
  8
COTA
 62
4
370
25
100
AcDbLine
 10
7977.654146221472
 20
6682.780265255778
 30
0.0
 11
7977.654146221472
 21
6656.240339277622
 31
0.0
  0
LINE
  5
1C7
330
17
100
AcDbEntity
  8
COTA
 62
4
370
25
100
AcDbLine
 10
7733.654146221472
 20
6682.780265255806
 30
0.0
 11
7733.654146221472
 21
6656.240339277622
 31
0.0
  0
LINE
  5
1C8
330
17
100
AcDbEntity
  8
COTA
 62
4
370
25
100
AcDbLine
 10
7977.654146221472
 20
6659.240339277622
 30
0.0
 11
7733.654146221472
 21
6659.240339277622
 31
0.0
  0
LINE
  5
1C9
330
17
100
AcDbEntity
  8
COTA
 62
0
370
25
100
AcDbLine
 10
7976.154146221472
 20
6657.740339277622
 30
0.0
 11
7979.154146221472
 21
6660.740339277622
 31
0.0
  0
LINE
  5
1CA
330
17
100
AcDbEntity
  8
COTA
 62
0
370
25
100
AcDbLine
 10
7735.154146221472
 20
6660.740339277622
 30
0.0
 11
7732.154146221472
 21
6657.740339277622
 31
0.0
  0
LINE
  5
1CB
330
17
100
AcDbEntity
  8
COTA
 62
4
370
25
100
AcDbLine
 10
7733.654146221472
 20
6682.780265255806
 30
0.0
 11
7733.654146221472
 21
6656.240339277633
 31
0.0
  0
LINE
  5
1CC
330
17
100
AcDbEntity
  8
COTA
 62
4
370
25
100
AcDbLine
 10
7559.654146221472
 20
6682.780265255804
 30
0.0
 11
7559.654146221472
 21
6656.240339277633
 31
0.0
  0
LINE
  5
1CD
330
17
100
AcDbEntity
  8
COTA
 62
4
370
25
100
AcDbLine
 10
7733.654146221472
 20
6659.240339277634
 30
0.0
 11
7559.654146221472
 21
6659.240339277634
 31
0.0
  0
LINE
  5
1CE
330
17
100
AcDbEntity
  8
COTA
 62
0
370
25
100
AcDbLine
 10
7732.154146221472
 20
6657.740339277634
 30
0.0
 11
7735.154146221472
 21
6660.740339277634
 31
0.0
  0
LINE
  5
1CF
330
17
100
AcDbEntity
  8
COTA
 62
0
370
25
100
AcDbLine
 10
7561.154146221472
 20
6660.740339277634
 30
0.0
 11
7558.154146221472
 21
6657.740339277634
 31
0.0
  0
LINE
  5
1D0
330
17
100
AcDbEntity
  8
COTA
 62
4
370
25
100
AcDbLine
 10
7977.654146221472
 20
6682.780265255778
 30
0.0
 11
7977.654146221472
 21
6631.987771136353
 31
0.0
  0
LINE
  5
1D1
330
17
100
AcDbEntity
  8
COTA
 62
4
370
25
100
AcDbLine
 10
7559.654146221472
 20
6682.780265255804
 30
0.0
 11
7559.654146221472
 21
6631.987771136353
 31
0.0
  0
LINE
  5
1D2
330
17
100
AcDbEntity
  8
COTA
 62
4
370
25
100
AcDbLine
 10
7977.654146221472
 20
6634.987771136351
 30
0.0
 11
7559.654146221472
 21
6634.987771136351
 31
0.0
  0
LINE
  5
1D3
330
17
100
AcDbEntity
  8
COTA
 62
0
370
25
100
AcDbLine
 10
7976.154146221472
 20
6633.487771136351
 30
0.0
 11
7979.154146221472
 21
6636.487771136351
 31
0.0
  0
LINE
  5
1D4
330
17
100
AcDbEntity
  8
COTA
 62
0
370
25
100
AcDbLine
 10
7561.154146221472
 20
6636.487771136351
 30
0.0
 11
7558.154146221472
 21
6633.487771136351
 31
0.0
  0
LINE
  5
1D5
330
17
100
AcDbEntity
  8
COTA
 62
4
370
25
100
AcDbLine
 10
7980.654146221479
 20
6729.78026525578
 30
0.0
 11
8003.207070296914
 21
6729.78026525578
 31
0.0
  0
LINE
  5
1D6
330
17
100
AcDbEntity
  8
COTA
 62
4
370
25
100
AcDbLine
 10
7980.654146221475
 20
6685.780265255781
 30
0.0
 11
8003.207070296914
 21
6685.780265255781
 31
0.0
  0
LINE
  5
1D7
330
17
100
AcDbEntity
  8
COTA
 62
4
370
25
100
AcDbLine
 10
8000.207070296914
 20
6729.78026525578
 30
0.0
 11
8000.207070296914
 21
6685.780265255781
 31
0.0
  0
LINE
  5
1D8
330
17
100
AcDbEntity
  8
COTA
 62
0
370
25
100
AcDbLine
 10
8001.707070296914
 20
6728.28026525578
 30
0.0
 11
7998.707070296914
 21
6731.28026525578
 31
0.0
  0
LINE
  5
1D9
330
17
100
AcDbEntity
  8
COTA
 62
0
370
25
100
AcDbLine
 10
7998.707070296914
 20
6687.280265255781
 30
0.0
 11
8001.707070296914
 21
6684.280265255781
 31
0.0
  0
LINE
  5
1DA
330
17
100
AcDbEntity
  8
COTA
 62
4
370
25
100
AcDbLine
 10
7980.654146221479
 20
6729.78026525578
 30
0.0
 11
8003.207070296808
 21
6729.78026525578
 31
0.0
  0
LINE
  5
1DB
330
17
100
AcDbEntity
  8
COTA
 62
4
370
25
100
AcDbLine
 10
7980.654146221479
 20
6741.780265255781
 30
0.0
 11
8003.207070296808
 21
6741.780265255781
 31
0.0
  0
LINE
  5
1DC
330
17
100
AcDbEntity
  8
COTA
 62
4
370
25
100
AcDbLine
 10
8000.207070296807
 20
6729.78026525578
 30
0.0
 11
8000.207070296807
 21
6741.780265255781
 31
0.0
  0
LINE
  5
1DD
330
17
100
AcDbEntity
  8
COTA
 62
0
370
25
100
AcDbLine
 10
7998.707070296807
 20
6731.28026525578
 30
0.0
 11
8001.707070296807
 21
6728.28026525578
 31
0.0
  0
LINE
  5
1DE
330
17
100
AcDbEntity
  8
COTA
 62
0
370
25
100
AcDbLine
 10
8001.707070296807
 20
6740.280265255781
 30
0.0
 11
7998.707070296807
 21
6743.280265255781
 31
0.0
  0
LINE
  5
1DF
330
17
100
AcDbEntity
  8
COTA
 62
4
370
25
100
AcDbLine
 10
7980.654146221479
 20
6741.780265255781
 30
0.0
 11
8003.207070296914
 21
6741.780265255781
 31
0.0
  0
LINE
  5
1E0
330
17
100
AcDbEntity
  8
COTA
 62
4
370
25
100
AcDbLine
 10
7980.654146221479
 20
6744.780265255781
 30
0.0
 11
8003.207070296914
 21
6744.780265255781
 31
0.0
  0
LINE
  5
1E1
330
17
100
AcDbEntity
  8
COTA
 62
4
370
25
100
AcDbLine
 10
8000.207070296914
 20
6741.780265255781
 30
0.0
 11
8000.207070296914
 21
6738.780265255781
 31
0.0
  0
LINE
  5
1E2
330
17
100
AcDbEntity
  8
COTA
 62
4
370
25
100
AcDbLine
 10
8000.207070296914
 20
6744.780265255781
 30
0.0
 11
8000.207070296914
 21
6763.110674612505
 31
0.0
  0
LINE
  5
1E3
330
17
100
AcDbEntity
  8
COTA
 62
4
370
25
100
AcDbLine
 10
8000.207070296914
 20
6741.780265255781
 30
0.0
 11
8000.207070296914
 21
6744.780265255781
 31
0.0
  0
LINE
  5
1E4
330
17
100
AcDbEntity
  8
COTA
 62
0
370
25
100
AcDbLine
 10
8001.707070296914
 20
6740.280265255781
 30
0.0
 11
7998.707070296914
 21
6743.280265255781
 31
0.0
  0
LINE
  5
1E5
330
17
100
AcDbEntity
  8
COTA
 62
0
370
25
100
AcDbLine
 10
7998.707070296914
 20
6746.280265255781
 30
0.0
 11
8001.707070296914
 21
6743.280265255781
 31
0.0
  0
LINE
  5
1E6
330
17
100
AcDbEntity
  8
COTA
 62
4
370
25
100
AcDbLine
 10
7980.654146221479
 20
6744.780265255781
 30
0.0
 11
8029.211287271909
 21
6744.780265255781
 31
0.0
  0
LINE
  5
1E7
330
17
100
AcDbEntity
  8
COTA
 62
4
370
25
100
AcDbLine
 10
7980.654146221475
 20
6685.780265255781
 30
0.0
 11
8029.211287271909
 21
6685.780265255781
 31
0.0
  0
LINE
  5
1E8
330
17
100
AcDbEntity
  8
COTA
 62
4
370
25
100
AcDbLine
 10
8026.211287271909
 20
6744.780265255781
 30
0.0
 11
8026.211287271909
 21
6685.780265255781
 31
0.0
  0
LINE
  5
1E9
330
17
100
AcDbEntity
  8
COTA
 62
0
370
25
100
AcDbLine
 10
8027.711287271909
 20
6743.280265255781
 30
0.0
 11
8024.711287271909
 21
6746.280265255781
 31
0.0
  0
LINE
  5
1EA
330
17
100
AcDbEntity
  8
COTA
 62
0
370
25
100
AcDbLine
 10
8024.711287271909
 20
6687.280265255781
 30
0.0
 11
8027.711287271909
 21
6684.280265255781
 31
0.0
  0
LINE
  5
1EB
330
17
100
AcDbEntity
  8
COTA
 62
4
370
25
100
AcDbLine
 10
7977.654146221475
 20
6747.780265255777
 30
0.0
 11
7977.654146221475
 21
6756.366269650455
 31
0.0
  0
LINE
  5
1EC
330
17
100
AcDbEntity
  8
COTA
 62
4
370
25
100
AcDbLine
 10
7852.654146221475
 20
6747.780265255777
 30
0.0
 11
7852.654146221475
 21
6756.366269650455
 31
0.0
  0
LINE
  5
1ED
330
17
100
AcDbEntity
  8
COTA
 62
4
370
25
100
AcDbLine
 10
7977.654146221475
 20
6753.366269650455
 30
0.0
 11
7852.654146221475
 21
6753.366269650455
 31
0.0
  0
LINE
  5
1EE
330
17
100
AcDbEntity
  8
COTA
 62
0
370
25
100
AcDbLine
 10
7976.154146221475
 20
6751.866269650455
 30
0.0
 11
7979.154146221475
 21
6754.866269650455
 31
0.0
  0
LINE
  5
1EF
330
17
100
AcDbEntity
  8
COTA
 62
0
370
25
100
AcDbLine
 10
7854.154146221475
 20
6754.866269650455
 30
0.0
 11
7851.154146221475
 21
6751.866269650455
 31
0.0
  0
LINE
  5
1F0
330
17
100
AcDbEntity
  8
COTA
 62
4
370
25
100
AcDbLine
 10
7063.329240370868
 20
7063.601043165245
 30
0.0
 11
7063.329240370868
 21
7049.697598409349
 31
0.0
  0
LINE
  5
1F1
330
17
100
AcDbEntity
  8
COTA
 62
4
370
25
100
AcDbLine
 10
7056.329240370867
 20
7063.601043165245
 30
0.0
 11
7056.329240370867
 21
7049.697598409349
 31
0.0
  0
LINE
  5
1F2
330
17
100
AcDbEntity
  8
COTA
 62
4
370
25
100
AcDbLine
 10
7063.329240370868
 20
7052.697598409349
 30
0.0
 11
7056.329240370867
 21
7052.697598409349
 31
0.0
  0
LINE
  5
1F3
330
17
100
AcDbEntity
  8
COTA
 62
4
370
25
100
AcDbLine
 10
7056.329240370867
 20
7052.697598409349
 30
0.0
 11
7041.598246218821
 21
7052.697598409349
 31
0.0
  0
LINE
  5
1F4
330
17
100
AcDbEntity
  8
COTA
 62
0
370
25
100
AcDbLine
 10
7061.829240370868
 20
7051.197598409349
 30
0.0
 11
7064.829240370868
 21
7054.197598409349
 31
0.0
  0
LINE
  5
1F5
330
17
100
AcDbEntity
  8
COTA
 62
0
370
25
100
AcDbLine
 10
7057.829240370867
 20
7054.197598409349
 30
0.0
 11
7054.829240370867
 21
7051.197598409349
 31
0.0
  0
LINE
  5
1F6
330
17
100
AcDbEntity
  8
COTA
 62
4
370
25
100
AcDbLine
 10
6892.241818858934
 20
6476.732286874275
 30
0.0
 11
6892.241818858934
 21
6450.192360896121
 31
0.0
  0
LINE
  5
1F7
330
17
100
AcDbEntity
  8
COTA
 62
4
370
25
100
AcDbLine
 10
7136.241818858934
 20
6476.732286874305
 30
0.0
 11
7136.241818858934
 21
6450.192360896121
 31
0.0
  0
LINE
  5
1F8
330
17
100
AcDbEntity
  8
COTA
 62
4
370
25
100
AcDbLine
 10
7446.741818858935
 20
6476.732286874301
 30
0.0
 11
7446.741818858935
 21
6450.192360896132
 31
0.0
  0
LINE
  5
1F9
330
17
100
AcDbEntity
  8
COTA
 62
4
370
25
100
AcDbLine
 10
7690.741818858935
 20
6476.732286874301
 30
0.0
 11
7690.741818858935
 21
6450.192360896132
 31
0.0
  0
LINE
  5
1FA
330
17
100
AcDbEntity
  8
COTA
 62
4
370
25
100
AcDbLine
 10
7136.241818858934
 20
6476.732286874305
 30
0.0
 11
7136.241818858934
 21
6428.423306883816
 31
0.0
  0
LINE
  5
1FB
330
17
100
AcDbEntity
  8
COTA
 62
4
370
25
100
AcDbLine
 10
7380.241818858934
 20
6476.732286874323
 30
0.0
 11
7380.241818858934
 21
6428.423306883816
 31
0.0
  0
LINE
  5
1FC
330
17
100
AcDbEntity
  8
COTA
 62
4
370
25
100
AcDbLine
 10
7136.241818858934
 20
6476.732286874291
 30
0.0
 11
7136.241818858934
 21
6450.192360896107
 31
0.0
  0
LINE
  5
1FD
330
17
100
AcDbEntity
  8
COTA
 62
4
370
25
100
AcDbLine
 10
7380.241818858934
 20
6476.732286874309
 30
0.0
 11
7380.241818858934
 21
6450.192360896107
 31
0.0
  0
LINE
  5
1FE
330
17
100
AcDbEntity
  8
COTA
 62
4
370
25
100
AcDbLine
 10
7693.741818858931
 20
6524.732286874282
 30
0.0
 11
7718.618279444806
 21
6524.732286874282
 31
0.0
  0
LINE
  5
1FF
330
17
100
AcDbEntity
  8
COTA
 62
4
370
25
100
AcDbLine
 10
7693.741818858938
 20
6479.732286874301
 30
0.0
 11
7718.618279444806
 21
6479.732286874301
 31
0.0
  0
LINE
  5
200
330
17
100
AcDbEntity
  8
COTA
 62
4
370
25
100
AcDbLine
 10
7715.618279444806
 20
6524.732286874282
 30
0.0
 11
7715.618279444806
 21
6479.732286874301
 31
0.0
  0
LINE
  5
201
330
17
100
AcDbEntity
  8
COTA
 62
0
370
25
100
AcDbLine
 10
7717.118279444806
 20
6523.232286874282
 30
0.0
 11
7714.118279444806
 21
6526.232286874282
 31
0.0
  0
LINE
  5
202
330
17
100
AcDbEntity
  8
COTA
 62
0
370
25
100
AcDbLine
 10
7714.118279444806
 20
6481.232286874301
 30
0.0
 11
7717.118279444806
 21
6478.232286874301
 31
0.0
  0
LINE
  5
203
330
17
100
AcDbEntity
  8
COTA
 62
4
370
25
100
AcDbLine
 10
7693.741818858923
 20
6524.732286874282
 30
0.0
 11
7718.61827944482
 21
6524.732286874282
 31
0.0
  0
LINE
  5
204
330
17
100
AcDbEntity
  8
COTA
 62
4
370
25
100
AcDbLine
 10
7693.741818858931
 20
6538.73228687428
 30
0.0
 11
7718.61827944482
 21
6538.73228687428
 31
0.0
  0
LINE
  5
205
330
17
100
AcDbEntity
  8
COTA
 62
4
370
25
100
AcDbLine
 10
7715.61827944482
 20
6524.732286874282
 30
0.0
 11
7715.61827944482
 21
6538.73228687428
 31
0.0
  0
LINE
  5
206
330
17
100
AcDbEntity
  8
COTA
 62
4
370
25
100
AcDbLine
 10
7715.61827944482
 20
6538.73228687428
 30
0.0
 11
7715.61827944482
 21
6541.73228687428
 31
0.0
  0
LINE
  5
207
330
17
100
AcDbEntity
  8
COTA
 62
0
370
25
100
AcDbLine
 10
7714.11827944482
 20
6526.232286874282
 30
0.0
 11
7717.11827944482
 21
6523.232286874282
 31
0.0
  0
LINE
  5
208
330
17
100
AcDbEntity
  8
COTA
 62
0
370
25
100
AcDbLine
 10
7717.11827944482
 20
6537.23228687428
 30
0.0
 11
7714.11827944482
 21
6540.23228687428
 31
0.0
  0
LINE
  5
209
330
17
100
AcDbEntity
  8
COTA
 62
4
370
25
100
AcDbLine
 10
7693.741818858923
 20
6538.732286874257
 30
0.0
 11
7742.476625192828
 21
6538.732286874257
 31
0.0
  0
LINE
  5
20A
330
17
100
AcDbEntity
  8
COTA
 62
4
370
25
100
AcDbLine
 10
7693.741818858938
 20
6479.732286874349
 30
0.0
 11
7742.476625192828
 21
6479.732286874349
 31
0.0
  0
LINE
  5
20B
330
17
100
AcDbEntity
  8
COTA
 62
4
370
25
100
AcDbLine
 10
7739.476625192828
 20
6538.732286874257
 30
0.0
 11
7739.476625192828
 21
6479.732286874349
 31
0.0
  0
LINE
  5
20C
330
17
100
AcDbEntity
  8
COTA
 62
0
370
25
100
AcDbLine
 10
7740.976625192828
 20
6537.232286874257
 30
0.0
 11
7737.976625192828
 21
6540.232286874257
 31
0.0
  0
LINE
  5
20D
330
17
100
AcDbEntity
  8
COTA
 62
0
370
25
100
AcDbLine
 10
7737.976625192828
 20
6481.232286874349
 30
0.0
 11
7740.976625192828
 21
6478.232286874349
 31
0.0
  0
LINE
  5
20E
330
17
100
AcDbEntity
  8
COTA
 62
4
370
25
100
AcDbLine
 10
6899.196678099752
 20
6476.732286874298
 30
0.0
 11
6899.196678099752
 21
6462.828842118402
 31
0.0
  0
LINE
  5
20F
330
17
100
AcDbEntity
  8
COTA
 62
4
370
25
100
AcDbLine
 10
6892.196678099752
 20
6476.732286874298
 30
0.0
 11
6892.196678099752
 21
6462.828842118402
 31
0.0
  0
LINE
  5
210
330
17
100
AcDbEntity
  8
COTA
 62
4
370
25
100
AcDbLine
 10
6899.196678099752
 20
6465.828842118402
 30
0.0
 11
6892.196678099752
 21
6465.828842118402
 31
0.0
  0
LINE
  5
211
330
17
100
AcDbEntity
  8
COTA
 62
4
370
25
100
AcDbLine
 10
6892.196678099752
 20
6465.828842118402
 30
0.0
 11
6877.465683947704
 21
6465.828842118402
 31
0.0
  0
LINE
  5
212
330
17
100
AcDbEntity
  8
COTA
 62
0
370
25
100
AcDbLine
 10
6897.696678099752
 20
6464.328842118402
 30
0.0
 11
6900.696678099752
 21
6467.328842118402
 31
0.0
  0
LINE
  5
213
330
17
100
AcDbEntity
  8
COTA
 62
0
370
25
100
AcDbLine
 10
6893.696678099752
 20
6467.328842118402
 30
0.0
 11
6890.696678099752
 21
6464.328842118402
 31
0.0
  0
LINE
  5
214
330
17
100
AcDbEntity
  8
COTA
 62
4
370
25
100
AcDbLine
 10
7797.61945341711
 20
6476.32027151494
 30
0.0
 11
7797.61945341711
 21
6425.517745403389
 31
0.0
  0
LINE
  5
215
330
17
100
AcDbEntity
  8
COTA
 62
4
370
25
100
AcDbLine
 10
7984.119453417109
 20
6476.320271514966
 30
0.0
 11
7984.119453417109
 21
6425.517745403389
 31
0.0
  0
LINE
  5
216
330
17
100
AcDbEntity
  8
COTA
 62
4
370
25
100
AcDbLine
 10
7952.11945341711
 20
6524.320271514968
 30
0.0
 11
7935.652990579889
 21
6524.320271514968
 31
0.0
  0
LINE
  5
217
330
17
100
AcDbEntity
  8
COTA
 62
4
370
25
100
AcDbLine
 10
7952.119453417117
 20
6484.320271514945
 30
0.0
 11
7935.652990579889
 21
6484.320271514945
 31
0.0
  0
LINE
  5
218
330
17
100
AcDbEntity
  8
COTA
 62
4
370
25
100
AcDbLine
 10
7938.652990579889
 20
6524.320271514968
 30
0.0
 11
7938.652990579889
 21
6484.320271514945
 31
0.0
  0
LINE
  5
219
330
17
100
AcDbEntity
  8
COTA
 62
0
370
25
100
AcDbLine
 10
7940.152990579889
 20
6522.820271514968
 30
0.0
 11
7937.152990579889
 21
6525.820271514968
 31
0.0
  0
LINE
  5
21A
330
17
100
AcDbEntity
  8
COTA
 62
0
370
25
100
AcDbLine
 10
7937.152990579889
 20
6485.820271514945
 30
0.0
 11
7940.152990579889
 21
6482.820271514945
 31
0.0
  0
LINE
  5
21B
330
17
100
AcDbEntity
  8
COTA
 62
4
370
25
100
AcDbLine
 10
7955.119453417113
 20
6527.320271514962
 30
0.0
 11
7955.119453417113
 21
6552.949402649999
 31
0.0
  0
LINE
  5
21C
330
17
100
AcDbEntity
  8
COTA
 62
4
370
25
100
AcDbLine
 10
7984.119453417109
 20
6541.32027151494
 30
0.0
 11
7984.119453417109
 21
6552.949402649999
 31
0.0
  0
LINE
  5
21D
330
17
100
AcDbEntity
  8
COTA
 62
4
370
25
100
AcDbLine
 10
7955.119453417113
 20
6549.949402649999
 30
0.0
 11
7984.119453417109
 21
6549.949402649999
 31
0.0
  0
LINE
  5
21E
330
17
100
AcDbEntity
  8
COTA
 62
0
370
25
100
AcDbLine
 10
7956.619453417113
 20
6551.449402649999
 30
0.0
 11
7953.619453417113
 21
6548.449402649999
 31
0.0
  0
LINE
  5
21F
330
17
100
AcDbEntity
  8
COTA
 62
0
370
25
100
AcDbLine
 10
7982.619453417109
 20
6548.449402649999
 30
0.0
 11
7985.619453417109
 21
6551.449402649999
 31
0.0
  0
LINE
  5
220
330
17
100
AcDbEntity
  8
COTA
 62
4
370
25
100
AcDbLine
 10
7987.119453417118
 20
6484.320271514945
 30
0.0
 11
8001.84311066995
 21
6484.320271514945
 31
0.0
  0
LINE
  5
221
330
17
100
AcDbEntity
  8
COTA
 62
4
370
25
100
AcDbLine
 10
7987.119453417114
 20
6538.320271514945
 30
0.0
 11
8001.84311066995
 21
6538.320271514945
 31
0.0
  0
LINE
  5
222
330
17
100
AcDbEntity
  8
COTA
 62
4
370
25
100
AcDbLine
 10
7998.843110669951
 20
6484.320271514945
 30
0.0
 11
7998.843110669951
 21
6538.320271514945
 31
0.0
  0
LINE
  5
223
330
17
100
AcDbEntity
  8
COTA
 62
0
370
25
100
AcDbLine
 10
7997.343110669951
 20
6485.820271514945
 30
0.0
 11
8000.343110669951
 21
6482.820271514945
 31
0.0
  0
LINE
  5
224
330
17
100
AcDbEntity
  8
COTA
 62
0
370
25
100
AcDbLine
 10
8000.343110669951
 20
6536.820271514945
 30
0.0
 11
7997.343110669951
 21
6539.820271514945
 31
0.0
  0
LINE
  5
225
330
17
100
AcDbEntity
  8
COTA
 62
4
370
25
100
AcDbLine
 10
7987.119453417109
 20
6484.320271514945
 30
0.0
 11
8001.843110669957
 21
6484.320271514945
 31
0.0
  0
LINE
  5
226
330
17
100
AcDbEntity
  8
COTA
 62
4
370
25
100
AcDbLine
 10
7987.119453417114
 20
6479.32027151497
 30
0.0
 11
8001.843110669957
 21
6479.32027151497
 31
0.0
  0
LINE
  5
227
330
17
100
AcDbEntity
  8
COTA
 62
4
370
25
100
AcDbLine
 10
7998.843110669958
 20
6484.320271514945
 30
0.0
 11
7998.843110669958
 21
6487.320271514945
 31
0.0
  0
LINE
  5
228
330
17
100
AcDbEntity
  8
COTA
 62
4
370
25
100
AcDbLine
 10
7998.843110669958
 20
6479.32027151497
 30
0.0
 11
7998.843110669958
 21
6461.223780286899
 31
0.0
  0
LINE
  5
229
330
17
100
AcDbEntity
  8
COTA
 62
4
370
25
100
AcDbLine
 10
7998.843110669958
 20
6484.320271514945
 30
0.0
 11
7998.843110669958
 21
6479.32027151497
 31
0.0
  0
LINE
  5
22A
330
17
100
AcDbEntity
  8
COTA
 62
0
370
25
100
AcDbLine
 10
7997.343110669958
 20
6485.820271514945
 30
0.0
 11
8000.343110669958
 21
6482.820271514945
 31
0.0
  0
LINE
  5
22B
330
17
100
AcDbEntity
  8
COTA
 62
0
370
25
100
AcDbLine
 10
8000.343110669958
 20
6477.82027151497
 30
0.0
 11
7997.343110669958
 21
6480.82027151497
 31
0.0
  0
LINE
  5
22C
330
17
100
AcDbEntity
  8
COTA
 62
4
370
25
100
AcDbLine
 10
7987.119453417114
 20
6538.320271514945
 30
0.0
 11
8029.817496304396
 21
6538.320271514945
 31
0.0
  0
LINE
  5
22D
330
17
100
AcDbEntity
  8
COTA
 62
4
370
25
100
AcDbLine
 10
7987.119453417114
 20
6479.32027151497
 30
0.0
 11
8029.817496304396
 21
6479.32027151497
 31
0.0
  0
LINE
  5
22E
330
17
100
AcDbEntity
  8
COTA
 62
4
370
25
100
AcDbLine
 10
8026.817496304396
 20
6538.320271514945
 30
0.0
 11
8026.817496304396
 21
6479.32027151497
 31
0.0
  0
LINE
  5
22F
330
17
100
AcDbEntity
  8
COTA
 62
0
370
25
100
AcDbLine
 10
8028.317496304396
 20
6536.820271514945
 30
0.0
 11
8025.317496304396
 21
6539.820271514945
 31
0.0
  0
LINE
  5
230
330
17
100
AcDbEntity
  8
COTA
 62
0
370
25
100
AcDbLine
 10
8025.317496304396
 20
6480.82027151497
 30
0.0
 11
8028.317496304396
 21
6477.82027151497
 31
0.0
  0
LINE
  5
231
330
17
100
AcDbEntity
  8
COTA
 62
4
370
25
100
AcDbLine
 10
7794.619453417114
 20
6479.320271514945
 30
0.0
 11
7781.578925186455
 21
6479.320271514945
 31
0.0
  0
LINE
  5
232
330
17
100
AcDbEntity
  8
COTA
 62
4
370
25
100
AcDbLine
 10
7794.61945341711
 20
6524.320271514945
 30
0.0
 11
7781.578925186455
 21
6524.320271514945
 31
0.0
  0
LINE
  5
233
330
17
100
AcDbEntity
  8
COTA
 62
4
370
25
100
AcDbLine
 10
7784.578925186456
 20
6479.320271514945
 30
0.0
 11
7784.578925186456
 21
6524.320271514945
 31
0.0
  0
LINE
  5
234
330
17
100
AcDbEntity
  8
COTA
 62
0
370
25
100
AcDbLine
 10
7783.078925186456
 20
6480.820271514945
 30
0.0
 11
7786.078925186456
 21
6477.820271514945
 31
0.0
  0
LINE
  5
235
330
17
100
AcDbEntity
  8
COTA
 62
0
370
25
100
AcDbLine
 10
7786.078925186456
 20
6522.820271514945
 30
0.0
 11
7783.078925186456
 21
6525.820271514945
 31
0.0
  0
LINE
  5
236
330
17
100
AcDbEntity
  8
COTA
 62
4
370
25
100
AcDbLine
 10
7794.61945341711
 20
6524.320271514945
 30
0.0
 11
7781.578925186458
 21
6524.320271514945
 31
0.0
  0
LINE
  5
237
330
17
100
AcDbEntity
  8
COTA
 62
4
370
25
100
AcDbLine
 10
7794.61945341711
 20
6538.320271514945
 30
0.0
 11
7781.578925186458
 21
6538.320271514945
 31
0.0
  0
LINE
  5
238
330
17
100
AcDbEntity
  8
COTA
 62
4
370
25
100
AcDbLine
 10
7784.578925186458
 20
6524.320271514945
 30
0.0
 11
7784.578925186458
 21
6538.320271514945
 31
0.0
  0
LINE
  5
239
330
17
100
AcDbEntity
  8
COTA
 62
4
370
25
100
AcDbLine
 10
7784.578925186458
 20
6538.320271514945
 30
0.0
 11
7784.578925186458
 21
6557.437230579272
 31
0.0
  0
LINE
  5
23A
330
17
100
AcDbEntity
  8
COTA
 62
0
370
25
100
AcDbLine
 10
7783.078925186458
 20
6525.820271514945
 30
0.0
 11
7786.078925186458
 21
6522.820271514945
 31
0.0
  0
LINE
  5
23B
330
17
100
AcDbEntity
  8
COTA
 62
0
370
25
100
AcDbLine
 10
7786.078925186458
 20
6536.820271514945
 30
0.0
 11
7783.078925186458
 21
6539.820271514945
 31
0.0
  0
LINE
  5
23C
330
17
100
AcDbEntity
  8
COTA
 62
4
370
25
100
AcDbLine
 10
7977.11945341711
 20
6476.320271514966
 30
0.0
 11
7977.11945341711
 21
6436.880313408095
 31
0.0
  0
LINE
  5
23D
330
17
100
AcDbEntity
  8
COTA
 62
4
370
25
100
AcDbLine
 10
7984.119453417109
 20
6476.320271514966
 30
0.0
 11
7984.119453417109
 21
6436.880313408095
 31
0.0
  0
LINE
  5
23E
330
17
100
AcDbEntity
  8
COTA
 62
4
370
25
100
AcDbLine
 10
7380.241818858934
 20
6476.732286874323
 30
0.0
 11
7380.241818858934
 21
6450.192360896107
 31
0.0
  0
LINE
  5
23F
330
17
100
AcDbEntity
  8
COTA
 62
4
370
25
100
AcDbLine
 10
7446.741818858935
 20
6476.732286874294
 30
0.0
 11
7446.741818858935
 21
6450.192360896107
 31
0.0
  0
LINE
  5
240
330
17
100
AcDbEntity
  8
COTA
 62
4
370
25
100
AcDbLine
 10
7290.37438113005
 20
7088.962901908364
 30
0.0
 11
7290.37438113005
 21
7089.853006262268
 31
0.0
  0
LINE
  5
241
330
17
100
AcDbEntity
  8
COTA
 62
4
370
25
100
AcDbLine
 10
7244.87438113005
 20
7088.962901908364
 30
0.0
 11
7244.87438113005
 21
7089.853006262268
 31
0.0
  0
LINE
  5
242
330
17
100
AcDbEntity
  8
COTA
 62
4
370
25
100
AcDbLine
 10
7290.37438113005
 20
7086.853006262268
 30
0.0
 11
7244.87438113005
 21
7086.853006262268
 31
0.0
  0
LINE
  5
243
330
17
100
AcDbEntity
  8
COTA
 62
0
370
25
100
AcDbLine
 10
7288.87438113005
 20
7085.353006262268
 30
0.0
 11
7291.87438113005
 21
7088.353006262268
 31
0.0
  0
LINE
  5
244
330
17
100
AcDbEntity
  8
COTA
 62
0
370
25
100
AcDbLine
 10
7246.37438113005
 20
7088.353006262268
 30
0.0
 11
7243.37438113005
 21
7085.353006262268
 31
0.0
  0
LINE
  5
245
330
17
100
AcDbEntity
  8
COTA
 62
4
370
25
100
AcDbLine
 10
7690.741818858935
 20
6498.7322868743
 30
0.0
 11
7690.741818858935
 21
6498.383971667698
 31
0.0
  0
LINE
  5
246
330
17
100
AcDbEntity
  8
COTA
 62
4
370
25
100
AcDbLine
 10
7578.741818858934
 20
6498.7322868743
 30
0.0
 11
7578.741818858934
 21
6498.383971667698
 31
0.0
  0
LINE
  5
247
330
17
100
AcDbEntity
  8
COTA
 62
4
370
25
100
AcDbLine
 10
7690.741818858935
 20
6501.383971667698
 30
0.0
 11
7578.741818858934
 21
6501.383971667698
 31
0.0
  0
LINE
  5
248
330
17
100
AcDbEntity
  8
COTA
 62
0
370
25
100
AcDbLine
 10
7689.241818858935
 20
6499.883971667698
 30
0.0
 11
7692.241818858935
 21
6502.883971667698
 31
0.0
  0
LINE
  5
249
330
17
100
AcDbEntity
  8
COTA
 62
0
370
25
100
AcDbLine
 10
7580.241818858934
 20
6502.883971667698
 30
0.0
 11
7577.241818858934
 21
6499.883971667698
 31
0.0
  0
LINE
  5
24A
330
17
100
AcDbEntity
  8
COTA
 62
4
370
25
100
AcDbLine
 10
7414.417646255343
 20
7088.962901908352
 30
0.0
 11
7414.417646255343
 21
7089.853006262258
 31
0.0
  0
LINE
  5
24B
330
17
100
AcDbEntity
  8
COTA
 62
4
370
25
100
AcDbLine
 10
7368.917646255342
 20
7088.962901908352
 30
0.0
 11
7368.917646255342
 21
7089.853006262258
 31
0.0
  0
LINE
  5
24C
330
17
100
AcDbEntity
  8
COTA
 62
4
370
25
100
AcDbLine
 10
7414.417646255343
 20
7086.853006262258
 30
0.0
 11
7368.917646255342
 21
7086.853006262258
 31
0.0
  0
LINE
  5
24D
330
17
100
AcDbEntity
  8
COTA
 62
0
370
25
100
AcDbLine
 10
7412.917646255343
 20
7085.353006262258
 30
0.0
 11
7415.917646255343
 21
7088.353006262258
 31
0.0
  0
LINE
  5
24E
330
17
100
AcDbEntity
  8
COTA
 62
0
370
25
100
AcDbLine
 10
7370.417646255342
 20
7088.353006262258
 30
0.0
 11
7367.417646255342
 21
7085.353006262258
 31
0.0
  0
LINE
  5
24F
330
17
100
AcDbEntity
  8
Texto Seção
 62
252
370
15
100
AcDbLine
 10
6871.454095651467
 20
7049.246015912903
 30
0.0
 11
6871.454095651467
 21
7174.246015912903
 31
0.0
  0
LWPOLYLINE
  5
250
330
17
100
AcDbEntity
  8
Painéis
 62
200
370
25
100
AcDbPolyline
 90
4
 70
1
 10
6846.25409565147
 20
7019.24601591288
 10
6850.254095651469
 20
7019.24601591288
 10
6850.254095651469
 20
6931.246015912901
 10
6846.25409565147
 20
6931.246015912901
  0
LWPOLYLINE
  5
251
330
17
100
AcDbEntity
  8
Madeira
 62
126
370
18
100
AcDbPolyline
 90
4
 70
1
 10
6888.25409565147
 20
6931.246015912901
 10
6888.25409565147
 20
6935.646015912894
 10
6874.25409565147
 20
6935.646015912894
 10
6874.25409565147
 20
6931.246015912901
  0
LWPOLYLINE
  5
252
330
17
100
AcDbEntity
  8
Painéis
 62
200
370
25
100
AcDbPolyline
 90
4
 70
1
 10
6888.25409565147
 20
6935.646015912894
 10
6888.25409565147
 20
6939.2460159129
 10
6850.254095651469
 20
6939.2460159129
 10
6850.254095651469
 20
6935.646015912894
  0
LWPOLYLINE
  5
253
330
17
100
AcDbEntity
  8
Madeira
 62
126
370
18
100
AcDbPolyline
 90
4
 70
1
 10
6850.254095651469
 20
6931.246015912901
 10
6850.254095651469
 20
6935.646015912894
 10
6864.254095651469
 20
6935.646015912894
 10
6864.254095651469
 20
6931.246015912901
  0
LWPOLYLINE
  5
254
330
17
100
AcDbEntity
  8
Painéis
 62
200
370
25
100
AcDbPolyline
 90
4
 70
1
 10
6892.25409565147
 20
7021.246015912881
 10
6888.25409565147
 20
7021.246015912881
 10
6888.25409565147
 20
6931.246015912901
 10
6892.25409565147
 20
6931.246015912901
  0
LWPOLYLINE
  5
255
330
17
100
AcDbEntity
  8
Painéis
 62
200
370
25
100
AcDbPolyline
 90
4
 70
1
 10
6948.25409565144
 20
7021.246015912881
 10
6948.25409565144
 20
7025.24601591288
 10
6888.25409565147
 20
7025.24601591288
 10
6888.25409565147
 20
7021.246015912881
  0
LWPOLYLINE
  5
256
330
17
100
AcDbEntity
  8
Painéis
 62
200
370
25
100
AcDbPolyline
 90
4
 70
1
 10
6850.254095651469
 20
7019.24601591288
 10
6850.254095651469
 20
7023.246015912881
 10
6794.654095651492
 20
7023.246015912874
 10
6794.654095651492
 20
7019.246015912873
  0
LWPOLYLINE
  5
257
330
17
100
AcDbEntity
  8
CONCRETO
 62
251
370
25
100
AcDbPolyline
 90
8
 70
1
 10
6794.654095651492
 20
7023.246015912874
 10
6794.654095651492
 20
7049.246015912903
 10
6948.25409565144
 20
7049.246015912903
 10
6948.25409565144
 20
7025.246015912887
 10
6888.25409565147
 20
7025.246015912887
 10
6888.254095651412
 20
6939.2460159129
 10
6850.254095651469
 20
6939.2460159129
 10
6850.254095651469
 20
7023.246015912881
  0
LWPOLYLINE
  5
258
330
17
100
AcDbEntity
  8
Painéis
 62
200
370
25
100
AcDbPolyline
 90
4
 70
1
 10
7786.91764625535
 20
7125.601043165136
 10
7661.91764625535
 20
7125.601043165136
 10
7661.91764625535
 20
7122.601043165136
 10
7786.91764625535
 20
7122.601043165136
  0
LWPOLYLINE
  5
259
330
17
100
AcDbEntity
  8
Painéis
 62
200
370
25
100
AcDbPolyline
 90
4
 70
1
 10
7054.554440821151
 20
6950.621733756827
 10
7179.554440821151
 20
6950.621733756827
 10
7179.554440821151
 20
6947.621733756827
 10
7054.554440821151
 20
6947.621733756827
  0
LWPOLYLINE
  5
25A
330
17
100
AcDbEntity
  8
Painéis
 62
200
370
25
100
AcDbPolyline
 90
4
 70
1
 10
7933.940503124709
 20
6950.621733756827
 10
7808.940503124709
 20
6950.621733756827
 10
7808.940503124709
 20
6947.621733756827
 10
7933.940503124709
 20
6947.621733756827
  0
LWPOLYLINE
  5
25B
330
17
100
AcDbEntity
  8
Painéis
 62
200
370
25
100
AcDbPolyline
 90
4
 70
1
 10
7052.054440821152
 20
6744.780265255778
 10
7177.054440821152
 20
6744.780265255778
 10
7177.054440821152
 20
6741.780265255778
 10
7052.054440821152
 20
6741.780265255778
  0
LWPOLYLINE
  5
25C
330
17
100
AcDbEntity
  8
Painéis
 62
200
370
25
100
AcDbPolyline
 90
4
 70
1
 10
7977.654146221475
 20
6744.780265255778
 10
7852.654146221475
 20
6744.780265255778
 10
7852.654146221475
 20
6741.780265255778
 10
7977.654146221475
 20
6741.780265255778
  0
LWPOLYLINE
  5
25D
330
17
100
AcDbEntity
  8
Madeira
 62
126
370
18
100
AcDbPolyline
 90
4
 70
1
 10
6841.854095651476
 20
7005.246015912881
 10
6846.25409565147
 20
7005.246015912881
 10
6846.25409565147
 20
7019.24601591288
 10
6841.854095651476
 20
7019.24601591288
  0
LWPOLYLINE
  5
25E
330
17
100
AcDbEntity
  8
Madeira
 62
126
370
18
100
AcDbPolyline
 90
4
 70
1
 10
6841.854095651476
 20
6931.246015912901
 10
6846.25409565147
 20
6931.246015912901
 10
6846.25409565147
 20
6945.2460159129
 10
6841.854095651476
 20
6945.2460159129
  0
LWPOLYLINE
  5
25F
330
17
100
AcDbEntity
  8
Madeira
 62
126
370
18
100
AcDbPolyline
 90
4
 70
1
 10
6896.654095651463
 20
7007.246015912881
 10
6892.25409565147
 20
7007.246015912881
 10
6892.25409565147
 20
7021.246015912881
 10
6896.654095651463
 20
7021.246015912881
  0
LWPOLYLINE
  5
260
330
17
100
AcDbEntity
  8
Madeira
 62
126
370
18
100
AcDbPolyline
 90
4
 70
1
 10
6896.654095651463
 20
6931.246015912901
 10
6892.25409565147
 20
6931.246015912901
 10
6892.25409565147
 20
6945.2460159129
 10
6896.654095651463
 20
6945.2460159129
  0
LWPOLYLINE
  5
261
330
17
100
AcDbEntity
  8
Madeira
 62
126
370
18
100
AcDbPolyline
 90
4
 70
1
 10
6841.854095651476
 20
6968.246015912892
 10
6846.25409565147
 20
6968.246015912892
 10
6846.25409565147
 20
6982.246015912891
 10
6841.854095651476
 20
6982.246015912891
  0
LWPOLYLINE
  5
262
330
17
100
AcDbEntity
  8
Madeira
 62
126
370
18
100
AcDbPolyline
 90
4
 70
1
 10
6896.654095651463
 20
6970.246015912891
 10
6892.25409565147
 20
6970.246015912891
 10
6892.25409565147
 20
6984.246015912892
 10
6896.654095651463
 20
6984.246015912892
  0
LWPOLYLINE
  5
263
330
17
100
AcDbEntity
  8
SARR_3.5x7
 62
81
370
25
100
AcDbPolyline
 90
4
 70
1
 10
6827.85409565141
 20
7013.246015912875
 10
6841.85409565141
 20
7013.246015912875
 10
6841.854095651541
 20
6854.767802507097
 10
6827.854095651542
 20
6854.767802507097
  0
LWPOLYLINE
  5
264
330
17
100
AcDbEntity
  8
SARR_3.5x7
 62
81
370
25
100
AcDbPolyline
 90
4
 70
1
 10
6910.654095651697
 20
7015.246015912876
 10
6896.654095651697
 20
7015.246015912876
 10
6896.654095651552
 20
6854.767802507097
 10
6910.654095651551
 20
6854.767802507097
  0
LWPOLYLINE
  5
265
330
17
100
AcDbEntity
  8
SARR_3.5x7
 62
81
370
25
100
AcDbPolyline
 90
4
 70
1
 10
6827.8540956514
 20
6931.246015912901
 10
6910.654095651598
 20
6931.246015912901
 10
6910.654095651598
 20
6901.187954308902
 10
6827.8540956514
 20
6901.187954308902
  0
LWPOLYLINE
  5
266
330
17
100
AcDbEntity
  8
Texto Seção
 62
7
370
15
100
AcDbPolyline
 90
4
 70
1
 10
7935.583757447187
 20
7153.891617956346
 10
8077.033075599443
 20
7153.891617956346
 10
8077.033075599443
 20
7130.690740888596
 10
7935.583757447187
 20
7130.690740888596
  0
LWPOLYLINE
  5
267
330
17
100
AcDbEntity
  8
COTA
 62
0
370
25
100
AcDbPolyline
 90
2
 70
0
 10
6967.625828409438
 20
7046.746015912898
 10
6962.625828409438
 20
7051.746015912898
  0
LWPOLYLINE
  5
268
330
17
100
AcDbEntity
  8
COTA
 62
0
370
25
100
AcDbPolyline
 90
2
 70
0
 10
6962.625828409438
 20
7027.746015912884
 10
6967.625828409438
 20
7022.746015912884
  0
LWPOLYLINE
  5
269
330
17
100
AcDbEntity
  8
COTA
 62
0
370
25
100
AcDbPolyline
 90
2
 70
0
 10
6739.777372562343
 20
6933.746015912904
 10
6744.777372562343
 20
6928.746015912904
  0
LWPOLYLINE
  5
26A
330
17
100
AcDbEntity
  8
COTA
 62
0
370
25
100
AcDbPolyline
 90
2
 70
0
 10
6744.777372562343
 20
7046.746015912898
 10
6739.777372562343
 20
7051.746015912898
  0
LWPOLYLINE
  5
26B
330
17
100
AcDbEntity
  8
COTA
 62
0
370
25
100
AcDbPolyline
 90
2
 70
0
 10
6962.625828409853
 20
6933.746015912904
 10
6967.625828409853
 20
6928.746015912904
  0
LWPOLYLINE
  5
26C
330
17
100
AcDbEntity
  8
COTA
 62
0
370
25
100
AcDbPolyline
 90
2
 70
0
 10
6967.625828409853
 20
7018.746015912883
 10
6962.625828409853
 20
7023.746015912883
  0
LWPOLYLINE
  5
26D
330
17
100
AcDbEntity
  8
COTA
 62
0
370
25
100
AcDbPolyline
 90
2
 70
0
 10
6764.096801047804
 20
7046.746015912898
 10
6759.096801047804
 20
7051.746015912898
  0
LWPOLYLINE
  5
26E
330
17
100
AcDbEntity
  8
COTA
 62
0
370
25
100
AcDbPolyline
 90
2
 70
0
 10
6759.096801047804
 20
7025.746015912876
 10
6764.096801047804
 20
7020.746015912876
  0
LWPOLYLINE
  5
26F
330
17
100
AcDbEntity
  8
COTA
 62
0
370
25
100
AcDbPolyline
 90
2
 70
0
 10
6764.096801048132
 20
7016.746015912877
 10
6759.096801048132
 20
7021.746015912877
  0
LWPOLYLINE
  5
270
330
17
100
AcDbEntity
  8
COTA
 62
0
370
25
100
AcDbPolyline
 90
2
 70
0
 10
6759.096801048132
 20
6933.746015912904
 10
6764.096801048132
 20
6928.746015912904
  0
LWPOLYLINE
  5
271
330
17
100
AcDbEntity
  8
COTA
 62
0
370
25
100
AcDbPolyline
 90
2
 70
0
 10
6852.754095651469
 20
6889.019202110711
 10
6847.754095651469
 20
6884.019202110711
  0
LWPOLYLINE
  5
272
330
17
100
AcDbEntity
  8
COTA
 62
0
370
25
100
AcDbPolyline
 90
2
 70
0
 10
6885.75409565147
 20
6884.019202110711
 10
6890.75409565147
 20
6889.019202110711
  0
TEXT
  5
273
330
17
100
AcDbEntity
  8
detalhes
 62
4
370
25
100
AcDbText
 10
6896.968578827507
 20
6949.435687442182
 30
0.0
 40
9.600000000000001
  1
b
100
AcDbText
  0
TEXT
  5
274
330
17
100
AcDbEntity
  8
detalhes
 62
4
370
25
100
AcDbText
 10
6834.424920181771
 20
6949.446744887758
 30
0.0
 40
9.600000000000001
  1
a
100
AcDbText
  0
TEXT
  5
275
330
17
100
AcDbEntity
  8
detalhes
 62
4
370
25
100
AcDbText
 10
6860.854361266915
 20
6941.48176943274
 30
0.0
 40
9.600000000000001
  1
c
100
AcDbText
  0
TEXT
  5
276
330
17
100
AcDbEntity
  8
5
 62
5
370
25
100
AcDbText
 10
7317.517008067994
 20
7015.539593438099
 30
0.0
 40
12.0
  1
P19
 50
3.55024762388e-05
100
AcDbText
  0
TEXT
  5
277
330
17
100
AcDbEntity
  8
Texto Seção
 62
7
370
15
100
AcDbText
 10
7059.21620901445
 20
7130.283442900664
 30
0.0
 40
13.0
  1
V303.A
100
AcDbText
  0
TEXT
  5
278
330
17
100
AcDbEntity
  8
5
 62
5
370
25
100
AcDbText
 10
7057.985855850778
 20
7019.592004909938
 30
0.0
 40
12.0
  1
V310
 50
3.55024762388e-05
100
AcDbText
  0
TEXT
  5
279
330
17
100
AcDbEntity
  8
5
 62
5
370
25
100
AcDbText
 10
7762.692882657868
 20
6993.84213960829
 30
0.0
 40
12.0
  1
P20
 50
359.9999644975238
100
AcDbText
  0
TEXT
  5
27A
330
17
100
AcDbEntity
  8
5
 62
5
370
25
100
AcDbText
 10
7049.614129384529
 20
6818.862812128279
 30
0.0
 40
12.0
  1
P20
 50
3.55024762388e-05
100
AcDbText
  0
TEXT
  5
27B
330
17
100
AcDbEntity
  8
5
 62
5
370
25
100
AcDbText
 10
7479.751691993306
 20
6820.568557299385
 30
0.0
 40
12.0
  1
P21
 50
3.55024762388e-05
100
AcDbText
  0
TEXT
  5
27C
330
17
100
AcDbEntity
  8
5
 62
5
370
25
100
AcDbText
 10
7909.715739527232
 20
6818.862830199981
 30
0.0
 40
12.0
  1
P22
 50
359.9999644975238
100
AcDbText
  0
TEXT
  5
27D
330
17
100
AcDbEntity
  8
Texto Seção
 62
7
370
15
100
AcDbText
 10
7045.701220303579
 20
6979.026639609327
 30
0.0
 40
13.0
  1
CONT. V303.A
100
AcDbText
  0
TEXT
  5
27E
330
17
100
AcDbEntity
  8
5
 62
5
370
25
100
AcDbText
 10
7049.614129384529
 20
6613.021343627228
 30
0.0
 40
12.0
  1
P22
 50
3.55024762388e-05
100
AcDbText
  0
TEXT
  5
27F
330
17
100
AcDbEntity
  8
5
 62
5
370
25
100
AcDbText
 10
7560.141059934084
 20
6614.727088798336
 30
0.0
 40
12.0
  1
P23
 50
3.55024762388e-05
100
AcDbText
  0
TEXT
  5
280
330
17
100
AcDbEntity
  8
5
 62
5
370
25
100
AcDbText
 10
7953.429382623998
 20
6613.021361698932
 30
0.0
 40
12.0
  1
P24
 50
359.9999644975238
100
AcDbText
  0
TEXT
  5
281
330
17
100
AcDbEntity
  8
Texto Seção
 62
7
370
15
100
AcDbText
 10
7043.201220303579
 20
6773.185171108275
 30
0.0
 40
13.0
  1
CONT. V303.A
100
AcDbText
  0
TEXT
  5
282
330
17
100
AcDbEntity
  8
Texto Seção
 62
7
370
15
100
AcDbText
 10
6897.474650769864
 20
6543.414686609785
 30
0.0
 40
13.0
  1
V303.B
100
AcDbText
  0
TEXT
  5
283
330
17
100
AcDbEntity
  8
Texto Seção
 62
7
370
15
100
AcDbText
 10
8005.444710204356
 20
7141.942335975817
 30
0.0
 40
13.0
  1
VEM DA V3
100
AcDbText
  0
TEXT
  5
284
330
17
100
AcDbEntity
  8
COTA
 62
1
370
25
100
AcDbText
 10
6973.625828409439
 20
7037.246015912888
 30
0.0
 40
7.0
  1
12
 50
90.0
100
AcDbText
  0
TEXT
  5
285
330
17
100
AcDbEntity
  8
COTA
 62
1
370
25
100
AcDbText
 10
6750.777372562343
 20
6990.246015912898
 30
0.0
 40
7.0
  1
59
 50
90.0
100
AcDbText
  0
TEXT
  5
286
330
17
100
AcDbEntity
  8
COTA
 62
1
370
25
100
AcDbText
 10
6973.625828409854
 20
6976.246015912891
 30
0.0
 40
7.0
  1
45
 50
90.0
100
AcDbText
  0
TEXT
  5
287
330
17
100
AcDbEntity
  8
Cota Seção (2x)
 62
1
370
25
100
AcDbText
 10
6890.254095653128
 20
7009.246015912866
 30
0.0
 40
7.0
  1
55
 50
90.0
100
AcDbText
  0
TEXT
  5
288
330
17
100
AcDbEntity
  8
COTA
 62
1
370
25
100
AcDbText
 10
6770.096801047805
 20
7036.246015912884
 30
0.0
 40
7.0
  1
13
 50
90.0
100
AcDbText
  0
TEXT
  5
289
330
17
100
AcDbEntity
  8
COTA
 62
1
370
25
100
AcDbText
 10
6770.096801048132
 20
6975.246015912887
 30
0.0
 40
7.0
  1
44
 50
90.0
100
AcDbText
  0
TEXT
  5
28A
330
17
100
AcDbEntity
  8
COTA
 62
1
370
25
100
AcDbText
 10
6869.254095651469
 20
6892.019202110711
 30
0.0
 40
7.0
  1
19
100
AcDbText
  0
TEXT
  5
28B
330
17
100
AcDbEntity
  8
Cota Seção (2x)
 62
1
370
25
100
AcDbText
 10
6869.254095651441
 20
6958.7460159129
 30
0.0
 40
7.0
  1
19
100
AcDbText
  0
TEXT
  5
28C
330
17
100
AcDbEntity
  8
COTA
 62
240
370
25
100
AcDbText
 10
7173.374381130054
 20
7046.554328650194
 30
0.0
 40
10.0
  1
234
100
AcDbText
  0
TEXT
  5
28D
330
17
100
AcDbEntity
  8
COTA
 62
240
370
25
100
AcDbText
 10
7327.031543470285
 20
7088.101043165167
 30
0.0
 40
10.0
  1
43
 50
90.0
100
AcDbText
  0
TEXT
  5
28E
330
17
100
AcDbEntity
  8
COTA
 62
240
370
25
100
AcDbText
 10
7327.148502534558
 20
7117.601043165156
 30
0.0
 40
10.0
  1
16
 50
90.0
100
AcDbText
  0
TEXT
  5
28F
330
17
100
AcDbEntity
  8
COTA
 62
240
370
25
100
AcDbText
 10
7342.831409686074
 20
7094.101043165176
 30
0.0
 40
10.0
  1
59
 50
90.0
100
AcDbText
  0
TEXT
  5
290
330
17
100
AcDbEntity
  8
COTA
 62
240
370
25
100
AcDbText
 10
7664.917646255343
 20
7048.134216602185
 30
0.0
 40
10.0
  1
244
100
AcDbText
  0
TEXT
  5
291
330
17
100
AcDbEntity
  8
COTA
 62
240
370
25
100
AcDbText
 10
7455.917646255342
 20
7048.134216602196
 30
0.0
 40
10.0
  1
174
100
AcDbText
  0
TEXT
  5
292
330
17
100
AcDbEntity
  8
COTA
 62
240
370
25
100
AcDbText
 10
7577.917646255342
 20
7023.903578285477
 30
0.0
 40
10.0
  1
418
100
AcDbText
  0
TEXT
  5
293
330
17
100
AcDbEntity
  8
COTA
 62
240
370
25
100
AcDbText
 10
7821.397470915573
 20
7088.601043165134
 30
0.0
 40
10.0
  1
44
 50
90.0
100
AcDbText
  0
TEXT
  5
294
330
17
100
AcDbEntity
  8
COTA
 62
240
370
25
100
AcDbText
 10
7821.412090798518
 20
7116.601043165134
 30
0.0
 40
10.0
  1
12
 50
90.0
100
AcDbText
  0
TEXT
  5
295
330
17
100
AcDbEntity
  8
COTA
 62
240
370
25
100
AcDbText
 10
7821.251272085163
 20
7137.766247843498
 30
0.0
 40
10.0
  1
3
 50
90.0
100
AcDbText
  0
TEXT
  5
296
330
17
100
AcDbEntity
  8
COTA
 62
240
370
25
100
AcDbText
 10
7847.335898416882
 20
7096.101043165134
 30
0.0
 40
10.0
  1
59
 50
90.0
100
AcDbText
  0
TEXT
  5
297
330
17
100
AcDbEntity
  8
COTA
 62
240
370
25
100
AcDbText
 10
7724.41764625535
 20
7142.29669668262
 30
0.0
 40
10.0
  1
125
100
AcDbText
  0
TEXT
  5
298
330
17
100
AcDbEntity
  8
COTA
 62
240
370
25
100
AcDbText
 10
7176.55444082116
 20
6873.154907193876
 30
0.0
 40
10.0
  1
244
100
AcDbText
  0
TEXT
  5
299
330
17
100
AcDbEntity
  8
COTA
 62
240
370
25
100
AcDbText
 10
7385.554440821159
 20
6873.154907193887
 30
0.0
 40
10.0
  1
174
100
AcDbText
  0
TEXT
  5
29A
330
17
100
AcDbEntity
  8
COTA
 62
240
370
25
100
AcDbText
 10
7263.554440821159
 20
6848.924268877168
 30
0.0
 40
10.0
  1
418
100
AcDbText
  0
TEXT
  5
29B
330
17
100
AcDbEntity
  8
COTA
 62
240
370
25
100
AcDbText
 10
7052.647476000852
 20
6913.621733756826
 30
0.0
 40
10.0
  1
44
 50
90.0
100
AcDbText
  0
TEXT
  5
29C
330
17
100
AcDbEntity
  8
COTA
 62
240
370
25
100
AcDbText
 10
7052.662095883833
 20
6941.621733756827
 30
0.0
 40
10.0
  1
12
 50
90.0
100
AcDbText
  0
TEXT
  5
29D
330
17
100
AcDbEntity
  8
COTA
 62
240
370
25
100
AcDbText
 10
7052.501277170442
 20
6962.78693843519
 30
0.0
 40
10.0
  1
3
 50
90.0
100
AcDbText
  0
TEXT
  5
29E
330
17
100
AcDbEntity
  8
COTA
 62
240
370
25
100
AcDbText
 10
7026.577469552174
 20
6921.121733756827
 30
0.0
 40
10.0
  1
59
 50
90.0
100
AcDbText
  0
TEXT
  5
29F
330
17
100
AcDbEntity
  8
COTA
 62
240
370
25
100
AcDbText
 10
7117.054440821151
 20
6967.317387274312
 30
0.0
 40
10.0
  1
125
100
AcDbText
  0
TEXT
  5
2A0
330
17
100
AcDbEntity
  8
COTA
 62
240
370
25
100
AcDbText
 10
7506.459890709112
 20
6913.621733756851
 30
0.0
 40
10.0
  1
44
 50
90.0
100
AcDbText
  0
TEXT
  5
2A1
330
17
100
AcDbEntity
  8
COTA
 62
240
370
25
100
AcDbText
 10
7506.423341001517
 20
6961.307406271446
 30
0.0
 40
10.0
  1
15
 50
90.0
100
AcDbText
  0
TEXT
  5
2A2
330
17
100
AcDbEntity
  8
COTA
 62
240
370
25
100
AcDbText
 10
7811.940503124707
 20
6873.154907193876
 30
0.0
 40
10.0
  1
244
100
AcDbText
  0
TEXT
  5
2A3
330
17
100
AcDbEntity
  8
COTA
 62
240
370
25
100
AcDbText
 10
7602.940503124706
 20
6873.154907193887
 30
0.0
 40
10.0
  1
174
100
AcDbText
  0
TEXT
  5
2A4
330
17
100
AcDbEntity
  8
COTA
 62
240
370
25
100
AcDbText
 10
7724.940503124706
 20
6848.924268877168
 30
0.0
 40
10.0
  1
418
100
AcDbText
  0
TEXT
  5
2A5
330
17
100
AcDbEntity
  8
COTA
 62
240
370
25
100
AcDbText
 10
7968.420327784936
 20
6913.621733756825
 30
0.0
 40
10.0
  1
44
 50
90.0
100
AcDbText
  0
TEXT
  5
2A6
330
17
100
AcDbEntity
  8
COTA
 62
240
370
25
100
AcDbText
 10
7968.434947667877
 20
6941.621733756825
 30
0.0
 40
10.0
  1
12
 50
90.0
100
AcDbText
  0
TEXT
  5
2A7
330
17
100
AcDbEntity
  8
COTA
 62
240
370
25
100
AcDbText
 10
7968.274128954527
 20
6962.78693843519
 30
0.0
 40
10.0
  1
3
 50
90.0
100
AcDbText
  0
TEXT
  5
2A8
330
17
100
AcDbEntity
  8
COTA
 62
240
370
25
100
AcDbText
 10
7994.358755286246
 20
6921.121733756826
 30
0.0
 40
10.0
  1
59
 50
90.0
100
AcDbText
  0
TEXT
  5
2A9
330
17
100
AcDbEntity
  8
COTA
 62
240
370
25
100
AcDbText
 10
7871.440503124709
 20
6967.317387274312
 30
0.0
 40
10.0
  1
125
100
AcDbText
  0
TEXT
  5
2AA
330
17
100
AcDbEntity
  8
COTA
 62
240
370
25
100
AcDbText
 10
7174.054440821159
 20
6667.313438692826
 30
0.0
 40
10.0
  1
244
100
AcDbText
  0
TEXT
  5
2AB
330
17
100
AcDbEntity
  8
COTA
 62
240
370
25
100
AcDbText
 10
7383.054440821159
 20
6667.313438692838
 30
0.0
 40
10.0
  1
174
100
AcDbText
  0
TEXT
  5
2AC
330
17
100
AcDbEntity
  8
COTA
 62
240
370
25
100
AcDbText
 10
7261.054440821159
 20
6643.082800376119
 30
0.0
 40
10.0
  1
418
100
AcDbText
  0
TEXT
  5
2AD
330
17
100
AcDbEntity
  8
COTA
 62
240
370
25
100
AcDbText
 10
7050.147476000853
 20
6707.780265255777
 30
0.0
 40
10.0
  1
44
 50
90.0
100
AcDbText
  0
TEXT
  5
2AE
330
17
100
AcDbEntity
  8
COTA
 62
240
370
25
100
AcDbText
 10
7050.162095883833
 20
6735.780265255778
 30
0.0
 40
10.0
  1
12
 50
90.0
100
AcDbText
  0
TEXT
  5
2AF
330
17
100
AcDbEntity
  8
COTA
 62
240
370
25
100
AcDbText
 10
7050.001277170446
 20
6756.945469934141
 30
0.0
 40
10.0
  1
3
 50
90.0
100
AcDbText
  0
TEXT
  5
2B0
330
17
100
AcDbEntity
  8
COTA
 62
240
370
25
100
AcDbText
 10
7024.077469552175
 20
6715.280265255778
 30
0.0
 40
10.0
  1
59
 50
90.0
100
AcDbText
  0
TEXT
  5
2B1
330
17
100
AcDbEntity
  8
COTA
 62
240
370
25
100
AcDbText
 10
7114.554440821152
 20
6761.475918773263
 30
0.0
 40
10.0
  1
125
100
AcDbText
  0
TEXT
  5
2B2
330
17
100
AcDbEntity
  8
COTA
 62
240
370
25
100
AcDbText
 10
7503.959890709115
 20
6707.780265255802
 30
0.0
 40
10.0
  1
44
 50
90.0
100
AcDbText
  0
TEXT
  5
2B3
330
17
100
AcDbEntity
  8
COTA
 62
240
370
25
100
AcDbText
 10
7503.923341001517
 20
6755.465937770397
 30
0.0
 40
10.0
  1
15
 50
90.0
100
AcDbText
  0
TEXT
  5
2B4
330
17
100
AcDbEntity
  8
COTA
 62
240
370
25
100
AcDbText
 10
7855.654146221472
 20
6667.313438692826
 30
0.0
 40
10.0
  1
244
100
AcDbText
  0
TEXT
  5
2B5
330
17
100
AcDbEntity
  8
COTA
 62
240
370
25
100
AcDbText
 10
7646.654146221472
 20
6667.313438692838
 30
0.0
 40
10.0
  1
174
100
AcDbText
  0
TEXT
  5
2B6
330
17
100
AcDbEntity
  8
COTA
 62
240
370
25
100
AcDbText
 10
7768.654146221471
 20
6643.082800376119
 30
0.0
 40
10.0
  1
418
100
AcDbText
  0
TEXT
  5
2B7
330
17
100
AcDbEntity
  8
COTA
 62
240
370
25
100
AcDbText
 10
8012.13397088171
 20
6707.780265255776
 30
0.0
 40
10.0
  1
44
 50
90.0
100
AcDbText
  0
TEXT
  5
2B8
330
17
100
AcDbEntity
  8
COTA
 62
240
370
25
100
AcDbText
 10
8012.148590764642
 20
6735.780265255776
 30
0.0
 40
10.0
  1
12
 50
90.0
100
AcDbText
  0
TEXT
  5
2B9
330
17
100
AcDbEntity
  8
COTA
 62
240
370
25
100
AcDbText
 10
8011.9877720513
 20
6756.945469934139
 30
0.0
 40
10.0
  1
3
 50
90.0
100
AcDbText
  0
TEXT
  5
2BA
330
17
100
AcDbEntity
  8
COTA
 62
240
370
25
100
AcDbText
 10
8038.072398383019
 20
6715.280265255777
 30
0.0
 40
10.0
  1
59
 50
90.0
100
AcDbText
  0
TEXT
  5
2BB
330
17
100
AcDbEntity
  8
COTA
 62
240
370
25
100
AcDbText
 10
7915.154146221475
 20
6761.475918773263
 30
0.0
 40
10.0
  1
125
100
AcDbText
  0
TEXT
  5
2BC
330
17
100
AcDbEntity
  8
COTA
 62
240
370
25
100
AcDbText
 10
7047.463743294844
 20
7060.770697824555
 30
0.0
 40
10.0
  1
7
100
AcDbText
  0
TEXT
  5
2BD
330
17
100
AcDbEntity
  8
COTA
 62
240
370
25
100
AcDbText
 10
7014.241818858934
 20
6461.265460311325
 30
0.0
 40
10.0
  1
244
100
AcDbText
  0
TEXT
  5
2BE
330
17
100
AcDbEntity
  8
COTA
 62
240
370
25
100
AcDbText
 10
7568.741818858935
 20
6461.265460311335
 30
0.0
 40
10.0
  1
244
100
AcDbText
  0
TEXT
  5
2BF
330
17
100
AcDbEntity
  8
COTA
 62
240
370
25
100
AcDbText
 10
7258.241818858934
 20
6461.265460311309
 30
0.0
 40
10.0
  1
244
100
AcDbText
  0
TEXT
  5
2C0
330
17
100
AcDbEntity
  8
COTA
 62
240
370
25
100
AcDbText
 10
7727.508630321997
 20
6502.232286874288
 30
0.0
 40
10.0
  1
45
 50
90.0
100
AcDbText
  0
TEXT
  5
2C1
330
17
100
AcDbEntity
  8
COTA
 62
240
370
25
100
AcDbText
 10
7735.61827944482
 20
6549.790766406438
 30
0.0
 40
10.0
  1
14
 50
90.0
100
AcDbText
  0
TEXT
  5
2C2
330
17
100
AcDbEntity
  8
COTA
 62
240
370
25
100
AcDbText
 10
7751.337736303941
 20
6509.232286874298
 30
0.0
 40
10.0
  1
59
 50
90.0
100
AcDbText
  0
TEXT
  5
2C3
330
17
100
AcDbEntity
  8
COTA
 62
240
370
25
100
AcDbText
 10
6883.331181023729
 20
6473.901941533608
 30
0.0
 40
10.0
  1
7
100
AcDbText
  0
TEXT
  5
2C4
330
17
100
AcDbEntity
  8
COTA
 62
240
370
25
100
AcDbText
 10
7950.550651398601
 20
6504.320271514952
 30
0.0
 40
10.0
  1
40
 50
90.0
100
AcDbText
  0
TEXT
  5
2C5
330
17
100
AcDbEntity
  8
COTA
 62
240
370
25
100
AcDbText
 10
7969.619453417111
 20
6558.037121948244
 30
0.0
 40
10.0
  1
29
100
AcDbText
  0
TEXT
  5
2C6
330
17
100
AcDbEntity
  8
COTA
 62
240
370
25
100
AcDbText
 10
8010.733461547143
 20
6511.320271514939
 30
0.0
 40
10.0
  1
54
 50
90.0
100
AcDbText
  0
TEXT
  5
2C7
330
17
100
AcDbEntity
  8
COTA
 62
240
370
25
100
AcDbText
 10
8010.73346154715
 20
6467.272025900931
 30
0.0
 40
10.0
  1
5
 50
90.0
100
AcDbText
  0
TEXT
  5
2C8
330
17
100
AcDbEntity
  8
COTA
 62
240
370
25
100
AcDbText
 10
8038.678607415507
 20
6508.820271514953
 30
0.0
 40
10.0
  1
59
 50
90.0
100
AcDbText
  0
TEXT
  5
2C9
330
17
100
AcDbEntity
  8
COTA
 62
240
370
25
100
AcDbText
 10
7796.469276063648
 20
6501.82027151494
 30
0.0
 40
10.0
  1
45
 50
90.0
100
AcDbText
  0
TEXT
  5
2CA
330
17
100
AcDbEntity
  8
COTA
 62
240
370
25
100
AcDbText
 10
7796.505825771254
 20
6549.378751047104
 30
0.0
 40
10.0
  1
14
 50
90.0
100
AcDbText
  0
TEXT
  5
2CB
330
17
100
AcDbEntity
  8
COTA
 62
240
370
25
100
AcDbText
 10
7413.491818858935
 20
6461.302010018913
 30
0.0
 40
10.0
  1
66.5
100
AcDbText
  0
TEXT
  5
2CC
330
17
100
AcDbEntity
  8
COTA
 62
240
370
25
100
AcDbText
 10
7267.624381130051
 20
7094.962655385076
 30
0.0
 40
10.0
  1
45.5
100
AcDbText
  0
TEXT
  5
2CD
330
17
100
AcDbEntity
  8
COTA
 62
240
370
25
100
AcDbText
 10
7634.741818858934
 20
6509.442451199861
 30
0.0
 40
10.0
  1
112
100
AcDbText
  0
TEXT
  5
2CE
330
17
100
AcDbEntity
  8
COTA
 62
240
370
25
100
AcDbText
 10
7391.667646255342
 20
7094.962655385065
 30
0.0
 40
10.0
  1
45.5
100
AcDbText
  0
TEXT
  5
2CF
330
17
100
AcDbEntity
  8
Texto Seção
 62
3
370
15
100
AcDbText
 10
6871.454095651467
 20
7120.694780285877
 30
0.0
 40
17.0
  1

100
AcDbText
  0
TEXT
  5
2D0
330
17
100
AcDbEntity
  8
Texto Seção
 62
3
370
15
100
AcDbText
 10
6871.454095651467
 20
7090.794195641555
 30
0.0
 40
12.0
  1

100
AcDbText
  0
TEXT
  5
2D1
330
17
100
AcDbEntity
  8
Texto Seção
 62
7
370
15
100
AcDbText
 10
6871.454095651467
 20
7064.822766753069
 30
0.0
 40
10.0
  1

100
AcDbText
  0
HATCH
  5
2D2
330
17
100
AcDbEntity
  8
Hachura
 62
7
100
AcDbHatch
 10
0.0
 20
0.0
 30
0.0
210
0.0
220
0.0
230
1.0
  2
SOLID
 70
1
 71
0
 91
1
 92
3
 72
0
 73
1
 93
6
 10
6846.25409565147
 20
7019.24601591288
 10
6850.254095651469
 20
7019.24601591288
 10
6850.254095651469
 20
6931.246015912903
 10
6846.25409565147
 20
6931.246015912901
 10
6846.25409565147
 20
7019.246015912878
 10
6846.25409565147
 20
7019.24601591288
 97
0
 75
1
 76
1
 98
0
  0
HATCH
  5
2D3
330
17
100
AcDbEntity
  8
Hachura
 62
7
100
AcDbHatch
 10
0.0
 20
0.0
 30
0.0
210
0.0
220
0.0
230
1.0
  2
ANSI31
 70
0
 71
0
 91
1
 92
3
 72
0
 73
1
 93
5
 10
6888.25409565147
 20
6931.246015912901
 10
6888.25409565147
 20
6935.646015912894
 10
6874.25409565147
 20
6935.646015912894
 10
6874.25409565147
 20
6931.246015912901
 10
6888.25409565147
 20
6931.246015912901
 97
0
 75
1
 76
1
 52
0.0
 41
1.0
 77
0
 78
1
 53
45.0
 43
0.0
 44
0.0
 45
-2.2450640303
 46
2.2450640303
 79
0
 98
0
  0
HATCH
  5
2D4
330
17
100
AcDbEntity
  8
Hachura
 62
7
100
AcDbHatch
 10
0.0
 20
0.0
 30
0.0
210
0.0
220
0.0
230
1.0
  2
SOLID
 70
1
 71
0
 91
1
 92
3
 72
0
 73
1
 93
5
 10
6888.25409565147
 20
6935.646015912894
 10
6888.25409565147
 20
6939.2460159129
 10
6850.254095651469
 20
6939.2460159129
 10
6850.254095651469
 20
6935.646015912894
 10
6888.25409565147
 20
6935.646015912894
 97
0
 75
1
 76
1
 98
0
  0
HATCH
  5
2D5
330
17
100
AcDbEntity
  8
Hachura
 62
7
100
AcDbHatch
 10
0.0
 20
0.0
 30
0.0
210
0.0
220
0.0
230
1.0
  2
ANSI31
 70
0
 71
0
 91
1
 92
3
 72
0
 73
1
 93
5
 10
6850.254095651469
 20
6931.246015912901
 10
6850.254095651469
 20
6935.646015912894
 10
6864.254095651469
 20
6935.646015912894
 10
6864.254095651469
 20
6931.246015912901
 10
6850.254095651469
 20
6931.246015912901
 97
0
 75
1
 76
1
 52
0.0
 41
1.0
 77
0
 78
1
 53
45.0
 43
0.0
 44
0.0
 45
-2.2450640303
 46
2.2450640303
 79
0
 98
0
  0
HATCH
  5
2D6
330
17
100
AcDbEntity
  8
Hachura
 62
7
100
AcDbHatch
 10
0.0
 20
0.0
 30
0.0
210
0.0
220
0.0
230
1.0
  2
SOLID
 70
1
 71
0
 91
1
 92
3
 72
0
 73
1
 93
6
 10
6892.25409565147
 20
7021.246015912881
 10
6888.25409565147
 20
7021.246015912881
 10
6888.25409565147
 20
6931.246015912903
 10
6892.25409565147
 20
6931.246015912901
 10
6892.25409565147
 20
7021.246015912878
 10
6892.25409565147
 20
7021.246015912881
 97
0
 75
1
 76
1
 98
0
  0
HATCH
  5
2D7
330
17
100
AcDbEntity
  8
Hachura
 62
7
100
AcDbHatch
 10
0.0
 20
0.0
 30
0.0
210
0.0
220
0.0
230
1.0
  2
SOLID
 70
1
 71
0
 91
1
 92
3
 72
0
 73
1
 93
5
 10
6948.25409565144
 20
7021.246015912881
 10
6948.25409565144
 20
7025.24601591288
 10
6888.25409565147
 20
7025.24601591288
 10
6888.25409565147
 20
7021.246015912881
 10
6948.25409565144
 20
7021.246015912881
 97
0
 75
1
 76
1
 98
0
  0
HATCH
  5
2D8
330
17
100
AcDbEntity
  8
Hachura
 62
7
100
AcDbHatch
 10
0.0
 20
0.0
 30
0.0
210
0.0
220
0.0
230
1.0
  2
SOLID
 70
1
 71
0
 91
1
 92
3
 72
0
 73
1
 93
5
 10
6850.254095651469
 20
7019.24601591288
 10
6850.254095651469
 20
7023.246015912881
 10
6794.654095651492
 20
7023.246015912874
 10
6794.654095651492
 20
7019.246015912873
 10
6850.254095651469
 20
7019.24601591288
 97
0
 75
1
 76
1
 98
0
  0
HATCH
  5
2D9
330
17
100
AcDbEntity
  8
COTA
 62
7
100
AcDbHatch
 10
0.0
 20
0.0
 30
0.0
210
0.0
220
0.0
230
1.0
  2
AR-CONC
 70
0
 71
0
 91
1
 92
3
 72
0
 73
1
 93
6
 10
7290.374381130039
 20
7109.601043165206
 10
7290.374381130042
 20
7125.601043165126
 10
7056.374381130068
 20
7125.601043165154
 10
7056.374381130069
 20
7109.601043165231
 10
7290.374381130042
 20
7109.601043165206
 10
7290.374381130039
 20
7109.601043165206
 97
0
 75
1
 76
1
 52
0.0
 41
1.0
 77
0
 78
13
 53
50.0
 43
0.0
 44
0.0
 45
182.184668996
 46
-15.9390855389
 79
2
 49
19.05
 49
-209.55
 53
355.0
 43
0.0
 44
0.0
 45
-35.243421425
 46
191.056845239
 79
2
 49
15.24
 49
-167.64058417
 53
100.4514447
 43
15.182007
 44
-1.3282535
 45
146.9412470904
 46
175.1177519122
 79
2
 49
16.1900088
 49
-178.0902446
 53
46.1842
 43
0.0
 44
50.8
 45
271.0790408921
 46
-42.0423279327
 79
2
 49
28.575
 49
-314.325
 53
96.63555761
 43
22.5899
 44
47.2965
 45
237.4041340515
 46
247.4261245977
 79
2
 49
24.28502314
 49
-267.13560816
 53
351.18415117
 43
0.0
 44
50.8
 45
237.404134065
 46
247.4261245855
 79
2
 49
22.85996707
 49
-251.45973192
 53
21.0
 43
25.4
 44
38.1
 45
151.6143912691
 46
-102.2651981871
 79
2
 49
19.05
 49
-209.55
 53
326.0
 43
25.4
 44
38.1
 45
61.8020283476
 46
184.1879661223
 79
2
 49
15.24
 49
-167.64
 53
71.451445
 43
38.0345326
 44
29.5779001
 45
213.4164192787
 46
81.9227688859
 79
2
 49
16.1900088
 49
-178.0899376
 53
37.5
 43
0.0
 44
0.0
 45
3.0886032506
 46
84.5550388732
 79
6
 49
0.0
 49
-165.608
 49
0.0
 49
-170.18
 49
0.0
 49
-168.275
 53
7.5
 43
0.0
 44
0.0
 45
66.8196625103
 46
100.1805748181
 79
6
 49
0.0
 49
-97.028
 49
0.0
 49
-161.798
 49
0.0
 49
-64.135
 53
-32.5
 43
-56.642
 44
0.0
 45
135.5905951669
 46
-5.7287439927
 79
6
 49
0.0
 49
-63.5
 49
0.0
 49
-198.12
 49
0.0
 49
-262.89
 53
-42.5
 43
-82.042
 44
0.0
 45
148.129181386
 46
25.4264910333
 79
6
 49
0.0
 49
-82.55
 49
0.0
 49
-131.572
 49
0.0
 49
-186.69
 98
0
  0
HATCH
  5
2DA
330
17
100
AcDbEntity
  8
COTA
 62
7
100
AcDbHatch
 10
0.0
 20
0.0
 30
0.0
210
0.0
220
0.0
230
1.0
  2
AR-CONC
 70
0
 71
0
 91
1
 92
3
 72
0
 73
1
 93
7
 10
7368.917646255351
 20
7125.601043165139
 10
7368.917646255351
 20
7110.601043165158
 10
7786.91764625535
 20
7110.601043165136
 10
7786.91764625535
 20
7122.601043165136
 10
7661.91764625535
 20
7122.601043165136
 10
7661.91764625535
 20
7125.601043165136
 10
7368.917646255351
 20
7125.601043165139
 97
0
 75
1
 76
1
 52
0.0
 41
1.0
 77
0
 78
13
 53
50.0
 43
0.0
 44
0.0
 45
182.184668996
 46
-15.9390855389
 79
2
 49
19.05
 49
-209.55
 53
355.0
 43
0.0
 44
0.0
 45
-35.243421425
 46
191.056845239
 79
2
 49
15.24
 49
-167.64058417
 53
100.4514447
 43
15.182007
 44
-1.3282535
 45
146.9412470904
 46
175.1177519122
 79
2
 49
16.1900088
 49
-178.0902446
 53
46.1842
 43
0.0
 44
50.8
 45
271.0790408921
 46
-42.0423279327
 79
2
 49
28.575
 49
-314.325
 53
96.63555761
 43
22.5899
 44
47.2965
 45
237.4041340515
 46
247.4261245977
 79
2
 49
24.28502314
 49
-267.13560816
 53
351.18415117
 43
0.0
 44
50.8
 45
237.404134065
 46
247.4261245855
 79
2
 49
22.85996707
 49
-251.45973192
 53
21.0
 43
25.4
 44
38.1
 45
151.6143912691
 46
-102.2651981871
 79
2
 49
19.05
 49
-209.55
 53
326.0
 43
25.4
 44
38.1
 45
61.8020283476
 46
184.1879661223
 79
2
 49
15.24
 49
-167.64
 53
71.451445
 43
38.0345326
 44
29.5779001
 45
213.4164192787
 46
81.9227688859
 79
2
 49
16.1900088
 49
-178.0899376
 53
37.5
 43
0.0
 44
0.0
 45
3.0886032506
 46
84.5550388732
 79
6
 49
0.0
 49
-165.608
 49
0.0
 49
-170.18
 49
0.0
 49
-168.275
 53
7.5
 43
0.0
 44
0.0
 45
66.8196625103
 46
100.1805748181
 79
6
 49
0.0
 49
-97.028
 49
0.0
 49
-161.798
 49
0.0
 49
-64.135
 53
-32.5
 43
-56.642
 44
0.0
 45
135.5905951669
 46
-5.7287439927
 79
6
 49
0.0
 49
-63.5
 49
0.0
 49
-198.12
 49
0.0
 49
-262.89
 53
-42.5
 43
-82.042
 44
0.0
 45
148.129181386
 46
25.4264910333
 79
6
 49
0.0
 49
-82.55
 49
0.0
 49
-131.572
 49
0.0
 49
-186.69
 98
0
  0
HATCH
  5
2DB
330
17
100
AcDbEntity
  8
COTA
 62
7
100
AcDbHatch
 10
0.0
 20
0.0
 30
0.0
210
0.0
220
0.0
230
1.0
  2
AR-CONC
 70
0
 71
0
 91
1
 92
3
 72
0
 73
1
 93
8
 10
7472.554440821152
 20
6935.62173375685
 10
7472.554440821152
 20
6950.621733756829
 10
7177.054440821152
 20
6950.621733756829
 10
7177.054440821152
 20
6947.621733756827
 10
7054.554440821151
 20
6947.621733756827
 10
7054.554440821154
 20
6935.621733756827
 10
7472.554440821153
 20
6935.62173375685
 10
7472.554440821152
 20
6935.62173375685
 97
0
 75
1
 76
1
 52
0.0
 41
1.0
 77
0
 78
13
 53
50.0
 43
0.0
 44
0.0
 45
182.184668996
 46
-15.9390855389
 79
2
 49
19.05
 49
-209.55
 53
355.0
 43
0.0
 44
0.0
 45
-35.243421425
 46
191.056845239
 79
2
 49
15.24
 49
-167.64058417
 53
100.4514447
 43
15.182007
 44
-1.3282535
 45
146.9412470904
 46
175.1177519122
 79
2
 49
16.1900088
 49
-178.0902446
 53
46.1842
 43
0.0
 44
50.8
 45
271.0790408921
 46
-42.0423279327
 79
2
 49
28.575
 49
-314.325
 53
96.63555761
 43
22.5899
 44
47.2965
 45
237.4041340515
 46
247.4261245977
 79
2
 49
24.28502314
 49
-267.13560816
 53
351.18415117
 43
0.0
 44
50.8
 45
237.404134065
 46
247.4261245855
 79
2
 49
22.85996707
 49
-251.45973192
 53
21.0
 43
25.4
 44
38.1
 45
151.6143912691
 46
-102.2651981871
 79
2
 49
19.05
 49
-209.55
 53
326.0
 43
25.4
 44
38.1
 45
61.8020283476
 46
184.1879661223
 79
2
 49
15.24
 49
-167.64
 53
71.451445
 43
38.0345326
 44
29.5779001
 45
213.4164192787
 46
81.9227688859
 79
2
 49
16.1900088
 49
-178.0899376
 53
37.5
 43
0.0
 44
0.0
 45
3.0886032506
 46
84.5550388732
 79
6
 49
0.0
 49
-165.608
 49
0.0
 49
-170.18
 49
0.0
 49
-168.275
 53
7.5
 43
0.0
 44
0.0
 45
66.8196625103
 46
100.1805748181
 79
6
 49
0.0
 49
-97.028
 49
0.0
 49
-161.798
 49
0.0
 49
-64.135
 53
-32.5
 43
-56.642
 44
0.0
 45
135.5905951669
 46
-5.7287439927
 79
6
 49
0.0
 49
-63.5
 49
0.0
 49
-198.12
 49
0.0
 49
-262.89
 53
-42.5
 43
-82.042
 44
0.0
 45
148.129181386
 46
25.4264910333
 79
6
 49
0.0
 49
-82.55
 49
0.0
 49
-131.572
 49
0.0
 49
-186.69
 98
0
  0
HATCH
  5
2DC
330
17
100
AcDbEntity
  8
COTA
 62
7
100
AcDbHatch
 10
0.0
 20
0.0
 30
0.0
210
0.0
220
0.0
230
1.0
  2
AR-CONC
 70
0
 71
0
 91
1
 92
3
 72
0
 73
1
 93
7
 10
7515.94050312471
 20
6950.62173375683
 10
7515.94050312471
 20
6935.62173375685
 10
7933.940503124709
 20
6935.621733756827
 10
7933.940503124714
 20
6947.621733756827
 10
7808.940503124709
 20
6947.621733756827
 10
7808.940503124709
 20
6950.621733756827
 10
7515.94050312471
 20
6950.62173375683
 97
0
 75
1
 76
1
 52
0.0
 41
1.0
 77
0
 78
13
 53
50.0
 43
0.0
 44
0.0
 45
182.184668996
 46
-15.9390855389
 79
2
 49
19.05
 49
-209.55
 53
355.0
 43
0.0
 44
0.0
 45
-35.243421425
 46
191.056845239
 79
2
 49
15.24
 49
-167.64058417
 53
100.4514447
 43
15.182007
 44
-1.3282535
 45
146.9412470904
 46
175.1177519122
 79
2
 49
16.1900088
 49
-178.0902446
 53
46.1842
 43
0.0
 44
50.8
 45
271.0790408921
 46
-42.0423279327
 79
2
 49
28.575
 49
-314.325
 53
96.63555761
 43
22.5899
 44
47.2965
 45
237.4041340515
 46
247.4261245977
 79
2
 49
24.28502314
 49
-267.13560816
 53
351.18415117
 43
0.0
 44
50.8
 45
237.404134065
 46
247.4261245855
 79
2
 49
22.85996707
 49
-251.45973192
 53
21.0
 43
25.4
 44
38.1
 45
151.6143912691
 46
-102.2651981871
 79
2
 49
19.05
 49
-209.55
 53
326.0
 43
25.4
 44
38.1
 45
61.8020283476
 46
184.1879661223
 79
2
 49
15.24
 49
-167.64
 53
71.451445
 43
38.0345326
 44
29.5779001
 45
213.4164192787
 46
81.9227688859
 79
2
 49
16.1900088
 49
-178.0899376
 53
37.5
 43
0.0
 44
0.0
 45
3.0886032506
 46
84.5550388732
 79
6
 49
0.0
 49
-165.608
 49
0.0
 49
-170.18
 49
0.0
 49
-168.275
 53
7.5
 43
0.0
 44
0.0
 45
66.8196625103
 46
100.1805748181
 79
6
 49
0.0
 49
-97.028
 49
0.0
 49
-161.798
 49
0.0
 49
-64.135
 53
-32.5
 43
-56.642
 44
0.0
 45
135.5905951669
 46
-5.7287439927
 79
6
 49
0.0
 49
-63.5
 49
0.0
 49
-198.12
 49
0.0
 49
-262.89
 53
-42.5
 43
-82.042
 44
0.0
 45
148.129181386
 46
25.4264910333
 79
6
 49
0.0
 49
-82.55
 49
0.0
 49
-131.572
 49
0.0
 49
-186.69
 98
0
  0
HATCH
  5
2DD
330
17
100
AcDbEntity
  8
COTA
 62
7
100
AcDbHatch
 10
0.0
 20
0.0
 30
0.0
210
0.0
220
0.0
230
1.0
  2
AR-CONC
 70
0
 71
0
 91
1
 92
3
 72
0
 73
1
 93
8
 10
7470.054440821151
 20
6729.780265255801
 10
7470.054440821151
 20
6744.78026525578
 10
7174.554440821151
 20
6744.780265255778
 10
7174.554440821151
 20
6741.780265255778
 10
7052.054440821152
 20
6741.780265255778
 10
7052.054440821153
 20
6729.780265255778
 10
7470.054440821154
 20
6729.780265255801
 10
7470.054440821151
 20
6729.780265255801
 97
0
 75
1
 76
1
 52
0.0
 41
1.0
 77
0
 78
13
 53
50.0
 43
0.0
 44
0.0
 45
182.184668996
 46
-15.9390855389
 79
2
 49
19.05
 49
-209.55
 53
355.0
 43
0.0
 44
0.0
 45
-35.243421425
 46
191.056845239
 79
2
 49
15.24
 49
-167.64058417
 53
100.4514447
 43
15.182007
 44
-1.3282535
 45
146.9412470904
 46
175.1177519122
 79
2
 49
16.1900088
 49
-178.0902446
 53
46.1842
 43
0.0
 44
50.8
 45
271.0790408921
 46
-42.0423279327
 79
2
 49
28.575
 49
-314.325
 53
96.63555761
 43
22.5899
 44
47.2965
 45
237.4041340515
 46
247.4261245977
 79
2
 49
24.28502314
 49
-267.13560816
 53
351.18415117
 43
0.0
 44
50.8
 45
237.404134065
 46
247.4261245855
 79
2
 49
22.85996707
 49
-251.45973192
 53
21.0
 43
25.4
 44
38.1
 45
151.6143912691
 46
-102.2651981871
 79
2
 49
19.05
 49
-209.55
 53
326.0
 43
25.4
 44
38.1
 45
61.8020283476
 46
184.1879661223
 79
2
 49
15.24
 49
-167.64
 53
71.451445
 43
38.0345326
 44
29.5779001
 45
213.4164192787
 46
81.9227688859
 79
2
 49
16.1900088
 49
-178.0899376
 53
37.5
 43
0.0
 44
0.0
 45
3.0886032506
 46
84.5550388732
 79
6
 49
0.0
 49
-165.608
 49
0.0
 49
-170.18
 49
0.0
 49
-168.275
 53
7.5
 43
0.0
 44
0.0
 45
66.8196625103
 46
100.1805748181
 79
6
 49
0.0
 49
-97.028
 49
0.0
 49
-161.798
 49
0.0
 49
-64.135
 53
-32.5
 43
-56.642
 44
0.0
 45
135.5905951669
 46
-5.7287439927
 79
6
 49
0.0
 49
-63.5
 49
0.0
 49
-198.12
 49
0.0
 49
-262.89
 53
-42.5
 43
-82.042
 44
0.0
 45
148.129181386
 46
25.4264910333
 79
6
 49
0.0
 49
-82.55
 49
0.0
 49
-131.572
 49
0.0
 49
-186.69
 98
0
  0
HATCH
  5
2DE
330
17
100
AcDbEntity
  8
COTA
 62
7
100
AcDbHatch
 10
0.0
 20
0.0
 30
0.0
210
0.0
220
0.0
230
1.0
  2
AR-CONC
 70
0
 71
0
 91
1
 92
3
 72
0
 73
1
 93
7
 10
7559.654146221475
 20
6744.780265255781
 10
7559.654146221475
 20
6729.780265255799
 10
7977.654146221475
 20
6729.780265255778
 10
7977.654146221478
 20
6741.780265255778
 10
7852.654146221478
 20
6741.780265255778
 10
7852.654146221475
 20
6744.780265255778
 10
7559.654146221475
 20
6744.780265255781
 97
0
 75
1
 76
1
 52
0.0
 41
1.0
 77
0
 78
13
 53
50.0
 43
0.0
 44
0.0
 45
182.184668996
 46
-15.9390855389
 79
2
 49
19.05
 49
-209.55
 53
355.0
 43
0.0
 44
0.0
 45
-35.243421425
 46
191.056845239
 79
2
 49
15.24
 49
-167.64058417
 53
100.4514447
 43
15.182007
 44
-1.3282535
 45
146.9412470904
 46
175.1177519122
 79
2
 49
16.1900088
 49
-178.0902446
 53
46.1842
 43
0.0
 44
50.8
 45
271.0790408921
 46
-42.0423279327
 79
2
 49
28.575
 49
-314.325
 53
96.63555761
 43
22.5899
 44
47.2965
 45
237.4041340515
 46
247.4261245977
 79
2
 49
24.28502314
 49
-267.13560816
 53
351.18415117
 43
0.0
 44
50.8
 45
237.404134065
 46
247.4261245855
 79
2
 49
22.85996707
 49
-251.45973192
 53
21.0
 43
25.4
 44
38.1
 45
151.6143912691
 46
-102.2651981871
 79
2
 49
19.05
 49
-209.55
 53
326.0
 43
25.4
 44
38.1
 45
61.8020283476
 46
184.1879661223
 79
2
 49
15.24
 49
-167.64
 53
71.451445
 43
38.0345326
 44
29.5779001
 45
213.4164192787
 46
81.9227688859
 79
2
 49
16.1900088
 49
-178.0899376
 53
37.5
 43
0.0
 44
0.0
 45
3.0886032506
 46
84.5550388732
 79
6
 49
0.0
 49
-165.608
 49
0.0
 49
-170.18
 49
0.0
 49
-168.275
 53
7.5
 43
0.0
 44
0.0
 45
66.8196625103
 46
100.1805748181
 79
6
 49
0.0
 49
-97.028
 49
0.0
 49
-161.798
 49
0.0
 49
-64.135
 53
-32.5
 43
-56.642
 44
0.0
 45
135.5905951669
 46
-5.7287439927
 79
6
 49
0.0
 49
-63.5
 49
0.0
 49
-198.12
 49
0.0
 49
-262.89
 53
-42.5
 43
-82.042
 44
0.0
 45
148.129181386
 46
25.4264910333
 79
6
 49
0.0
 49
-82.55
 49
0.0
 49
-131.572
 49
0.0
 49
-186.69
 98
0
  0
HATCH
  5
2DF
330
17
100
AcDbEntity
  8
COTA
 62
7
100
AcDbHatch
 10
0.0
 20
0.0
 30
0.0
210
0.0
220
0.0
230
1.0
  2
AR-CONC
 70
0
 71
0
 91
1
 92
3
 72
0
 73
1
 93
6
 10
7690.741818858928
 20
6523.732286874293
 10
7690.741818858929
 20
6538.732286874282
 10
6892.241818858927
 20
6538.732286874275
 10
6892.241818858929
 20
6523.732286874277
 10
7690.741818858923
 20
6523.732286874293
 10
7690.741818858928
 20
6523.732286874293
 97
0
 75
1
 76
1
 52
0.0
 41
1.0
 77
0
 78
13
 53
50.0
 43
0.0
 44
0.0
 45
182.184668996
 46
-15.9390855389
 79
2
 49
19.05
 49
-209.55
 53
355.0
 43
0.0
 44
0.0
 45
-35.243421425
 46
191.056845239
 79
2
 49
15.24
 49
-167.64058417
 53
100.4514447
 43
15.182007
 44
-1.3282535
 45
146.9412470904
 46
175.1177519122
 79
2
 49
16.1900088
 49
-178.0902446
 53
46.1842
 43
0.0
 44
50.8
 45
271.0790408921
 46
-42.0423279327
 79
2
 49
28.575
 49
-314.325
 53
96.63555761
 43
22.5899
 44
47.2965
 45
237.4041340515
 46
247.4261245977
 79
2
 49
24.28502314
 49
-267.13560816
 53
351.18415117
 43
0.0
 44
50.8
 45
237.404134065
 46
247.4261245855
 79
2
 49
22.85996707
 49
-251.45973192
 53
21.0
 43
25.4
 44
38.1
 45
151.6143912691
 46
-102.2651981871
 79
2
 49
19.05
 49
-209.55
 53
326.0
 43
25.4
 44
38.1
 45
61.8020283476
 46
184.1879661223
 79
2
 49
15.24
 49
-167.64
 53
71.451445
 43
38.0345326
 44
29.5779001
 45
213.4164192787
 46
81.9227688859
 79
2
 49
16.1900088
 49
-178.0899376
 53
37.5
 43
0.0
 44
0.0
 45
3.0886032506
 46
84.5550388732
 79
6
 49
0.0
 49
-165.608
 49
0.0
 49
-170.18
 49
0.0
 49
-168.275
 53
7.5
 43
0.0
 44
0.0
 45
66.8196625103
 46
100.1805748181
 79
6
 49
0.0
 49
-97.028
 49
0.0
 49
-161.798
 49
0.0
 49
-64.135
 53
-32.5
 43
-56.642
 44
0.0
 45
135.5905951669
 46
-5.7287439927
 79
6
 49
0.0
 49
-63.5
 49
0.0
 49
-198.12
 49
0.0
 49
-262.89
 53
-42.5
 43
-82.042
 44
0.0
 45
148.129181386
 46
25.4264910333
 79
6
 49
0.0
 49
-82.55
 49
0.0
 49
-131.572
 49
0.0
 49
-186.69
 98
0
  0
HATCH
  5
2E0
330
17
100
AcDbEntity
  8
COTA
 62
7
100
AcDbHatch
 10
0.0
 20
0.0
 30
0.0
210
0.0
220
0.0
230
1.0
  2
AR-CONC
 70
0
 71
0
 91
1
 92
3
 72
0
 73
1
 93
8
 10
7797.619453417107
 20
6538.320271514944
 10
7797.619453417107
 20
6524.320271514942
 10
7955.119453417109
 20
6524.320271514965
 10
7955.119453417116
 20
6484.320271514942
 10
7984.119453417107
 20
6484.320271514942
 10
7984.119453417112
 20
6538.320271514938
 10
7797.619453417104
 20
6538.320271514944
 10
7797.619453417107
 20
6538.320271514944
 97
0
 75
1
 76
1
 52
0.0
 41
1.0
 77
0
 78
13
 53
50.0
 43
0.0
 44
0.0
 45
182.184668996
 46
-15.9390855389
 79
2
 49
19.05
 49
-209.55
 53
355.0
 43
0.0
 44
0.0
 45
-35.243421425
 46
191.056845239
 79
2
 49
15.24
 49
-167.64058417
 53
100.4514447
 43
15.182007
 44
-1.3282535
 45
146.9412470904
 46
175.1177519122
 79
2
 49
16.1900088
 49
-178.0902446
 53
46.1842
 43
0.0
 44
50.8
 45
271.0790408921
 46
-42.0423279327
 79
2
 49
28.575
 49
-314.325
 53
96.63555761
 43
22.5899
 44
47.2965
 45
237.4041340515
 46
247.4261245977
 79
2
 49
24.28502314
 49
-267.13560816
 53
351.18415117
 43
0.0
 44
50.8
 45
237.404134065
 46
247.4261245855
 79
2
 49
22.85996707
 49
-251.45973192
 53
21.0
 43
25.4
 44
38.1
 45
151.6143912691
 46
-102.2651981871
 79
2
 49
19.05
 49
-209.55
 53
326.0
 43
25.4
 44
38.1
 45
61.8020283476
 46
184.1879661223
 79
2
 49
15.24
 49
-167.64
 53
71.451445
 43
38.0345326
 44
29.5779001
 45
213.4164192787
 46
81.9227688859
 79
2
 49
16.1900088
 49
-178.0899376
 53
37.5
 43
0.0
 44
0.0
 45
3.0886032506
 46
84.5550388732
 79
6
 49
0.0
 49
-165.608
 49
0.0
 49
-170.18
 49
0.0
 49
-168.275
 53
7.5
 43
0.0
 44
0.0
 45
66.8196625103
 46
100.1805748181
 79
6
 49
0.0
 49
-97.028
 49
0.0
 49
-161.798
 49
0.0
 49
-64.135
 53
-32.5
 43
-56.642
 44
0.0
 45
135.5905951669
 46
-5.7287439927
 79
6
 49
0.0
 49
-63.5
 49
0.0
 49
-198.12
 49
0.0
 49
-262.89
 53
-42.5
 43
-82.042
 44
0.0
 45
148.129181386
 46
25.4264910333
 79
6
 49
0.0
 49
-82.55
 49
0.0
 49
-131.572
 49
0.0
 49
-186.69
 98
0
  0
HATCH
  5
2E1
330
17
100
AcDbEntity
  8
Hachura
 62
7
100
AcDbHatch
 10
0.0
 20
0.0
 30
0.0
210
0.0
220
0.0
230
1.0
  2
ANSI31
 70
0
 71
0
 91
1
 92
3
 72
0
 73
1
 93
5
 10
6841.854095651476
 20
7005.246015912881
 10
6846.25409565147
 20
7005.246015912881
 10
6846.25409565147
 20
7019.24601591288
 10
6841.854095651476
 20
7019.24601591288
 10
6841.854095651476
 20
7005.246015912881
 97
0
 75
1
 76
1
 52
0.0
 41
1.0
 77
0
 78
1
 53
45.0
 43
0.0
 44
0.0
 45
-2.2450640303
 46
2.2450640303
 79
0
 98
0
  0
HATCH
  5
2E2
330
17
100
AcDbEntity
  8
Hachura
 62
7
100
AcDbHatch
 10
0.0
 20
0.0
 30
0.0
210
0.0
220
0.0
230
1.0
  2
ANSI31
 70
0
 71
0
 91
1
 92
3
 72
0
 73
1
 93
5
 10
6841.854095651476
 20
6931.246015912901
 10
6846.25409565147
 20
6931.246015912901
 10
6846.25409565147
 20
6945.2460159129
 10
6841.854095651476
 20
6945.2460159129
 10
6841.854095651476
 20
6931.246015912901
 97
0
 75
1
 76
1
 52
0.0
 41
1.0
 77
0
 78
1
 53
45.0
 43
0.0
 44
0.0
 45
-2.2450640303
 46
2.2450640303
 79
0
 98
0
  0
HATCH
  5
2E3
330
17
100
AcDbEntity
  8
Hachura
 62
7
100
AcDbHatch
 10
0.0
 20
0.0
 30
0.0
210
0.0
220
0.0
230
1.0
  2
ANSI31
 70
0
 71
0
 91
1
 92
3
 72
0
 73
1
 93
5
 10
6896.654095651463
 20
7007.246015912881
 10
6892.25409565147
 20
7007.246015912881
 10
6892.25409565147
 20
7021.246015912881
 10
6896.654095651463
 20
7021.246015912881
 10
6896.654095651463
 20
7007.246015912881
 97
0
 75
1
 76
1
 52
0.0
 41
1.0
 77
0
 78
1
 53
45.0
 43
0.0
 44
0.0
 45
-2.2450640303
 46
2.2450640303
 79
0
 98
0
  0
HATCH
  5
2E4
330
17
100
AcDbEntity
  8
Hachura
 62
7
100
AcDbHatch
 10
0.0
 20
0.0
 30
0.0
210
0.0
220
0.0
230
1.0
  2
ANSI31
 70
0
 71
0
 91
1
 92
3
 72
0
 73
1
 93
5
 10
6896.654095651463
 20
6931.246015912901
 10
6892.25409565147
 20
6931.246015912901
 10
6892.25409565147
 20
6945.2460159129
 10
6896.654095651463
 20
6945.2460159129
 10
6896.654095651463
 20
6931.246015912901
 97
0
 75
1
 76
1
 52
0.0
 41
1.0
 77
0
 78
1
 53
45.0
 43
0.0
 44
0.0
 45
-2.2450640303
 46
2.2450640303
 79
0
 98
0
  0
HATCH
  5
2E5
330
17
100
AcDbEntity
  8
Hachura
 62
7
100
AcDbHatch
 10
0.0
 20
0.0
 30
0.0
210
0.0
220
0.0
230
1.0
  2
ANSI31
 70
0
 71
0
 91
1
 92
3
 72
0
 73
1
 93
5
 10
6841.854095651476
 20
6968.246015912892
 10
6846.25409565147
 20
6968.246015912892
 10
6846.25409565147
 20
6982.246015912891
 10
6841.854095651476
 20
6982.246015912891
 10
6841.854095651476
 20
6968.246015912892
 97
0
 75
1
 76
1
 52
0.0
 41
1.0
 77
0
 78
1
 53
45.0
 43
0.0
 44
0.0
 45
-2.2450640303
 46
2.2450640303
 79
0
 98
0
  0
HATCH
  5
2E6
330
17
100
AcDbEntity
  8
Hachura
 62
7
100
AcDbHatch
 10
0.0
 20
0.0
 30
0.0
210
0.0
220
0.0
230
1.0
  2
ANSI31
 70
0
 71
0
 91
1
 92
3
 72
0
 73
1
 93
5
 10
6896.654095651463
 20
6970.246015912891
 10
6892.25409565147
 20
6970.246015912891
 10
6892.25409565147
 20
6984.246015912892
 10
6896.654095651463
 20
6984.246015912892
 10
6896.654095651463
 20
6970.246015912891
 97
0
 75
1
 76
1
 52
0.0
 41
1.0
 77
0
 78
1
 53
45.0
 43
0.0
 44
0.0
 45
-2.2450640303
 46
2.2450640303
 79
0
 98
0
  0
HATCH
  5
2E7
330
17
100
AcDbEntity
  8
REAPROVEITAMENTO
 62
7
100
AcDbHatch
 10
0.0
 20
0.0
 30
0.0
210
0.0
220
0.0
230
1.0
  2
ANSI31
 70
0
 71
0
 91
1
 92
3
 72
0
 73
1
 93
5
 10
7470.05444082116
 20
6685.780265255765
 10
7470.054440821155
 20
6729.780265255766
 10
7052.054440821163
 20
6729.780265255681
 10
7052.054440821163
 20
6685.780265255681
 10
7470.05444082116
 20
6685.780265255765
 97
0
 75
1
 76
1
 52
0.0
 41
1.0
 77
0
 78
1
 53
45.0
 43
0.0
 44
0.0
 45
-2.2450640303
 46
2.2450640303
 79
0
 98
0
  0
HATCH
  5
2E8
330
17
100
AcDbEntity
  8
REAPROVEITAMENTO
 62
7
100
AcDbHatch
 10
0.0
 20
0.0
 30
0.0
210
0.0
220
0.0
230
1.0
  2
ANSI31
 70
0
 71
0
 91
1
 92
3
 72
0
 73
1
 93
6
 10
7559.654146221486
 20
6729.780265255707
 10
7559.654146221486
 20
6685.780265255707
 10
7977.654146221474
 20
6685.780265255693
 10
7977.654146221472
 20
6729.780265255692
 10
7559.654146221483
 20
6729.780265255707
 10
7559.654146221486
 20
6729.780265255707
 97
0
 75
1
 76
1
 52
0.0
 41
1.0
 77
0
 78
1
 53
45.0
 43
0.0
 44
0.0
 45
-2.2450640303
 46
2.2450640303
 79
0
 98
0
  0
HATCH
  5
2E9
330
17
100
AcDbEntity
  8
REAPROVEITAMENTO
 62
7
100
AcDbHatch
 10
0.0
 20
0.0
 30
0.0
210
0.0
220
0.0
230
1.0
  2
ANSI31
 70
0
 71
0
 91
1
 92
3
 72
0
 73
1
 93
5
 10
7515.940503124707
 20
6935.621733756747
 10
7515.940503124707
 20
6891.621733756747
 10
7933.940503124714
 20
6891.621733756747
 10
7933.940503124714
 20
6935.621733756747
 10
7515.940503124707
 20
6935.621733756747
 97
0
 75
1
 76
1
 52
0.0
 41
1.0
 77
0
 78
1
 53
45.0
 43
0.0
 44
0.0
 45
-2.2450640303
 46
2.2450640303
 79
0
 98
0
  0
HATCH
  5
2EA
330
17
100
AcDbEntity
  8
REAPROVEITAMENTO
 62
7
100
AcDbHatch
 10
0.0
 20
0.0
 30
0.0
210
0.0
220
0.0
230
1.0
  2
ANSI31
 70
0
 71
0
 91
1
 92
3
 72
0
 73
1
 93
5
 10
7054.554440821167
 20
6935.621733756732
 10
7054.554440821167
 20
6891.621733756732
 10
7472.554440821157
 20
6891.621733756747
 10
7472.554440821157
 20
6935.621733756747
 10
7054.554440821167
 20
6935.621733756732
 97
0
 75
1
 76
1
 52
0.0
 41
1.0
 77
0
 78
1
 53
45.0
 43
0.0
 44
0.0
 45
-2.2450640303
 46
2.2450640303
 79
0
 98
0
  0
HATCH
  5
2EB
330
17
100
AcDbEntity
  8
REAPROVEITAMENTO
 62
7
100
AcDbHatch
 10
0.0
 20
0.0
 30
0.0
210
0.0
220
0.0
230
1.0
  2
ANSI31
 70
0
 71
0
 91
1
 92
3
 72
0
 73
1
 93
5
 10
7368.917646255342
 20
7110.60104316515
 10
7368.917646255342
 20
7066.60104316515
 10
7786.917646255343
 20
7066.601043165135
 10
7786.917646255343
 20
7110.601043165136
 10
7368.917646255342
 20
7110.60104316515
 97
0
 75
1
 76
1
 52
0.0
 41
1.0
 77
0
 78
1
 53
45.0
 43
0.0
 44
0.0
 45
-2.2450640303
 46
2.2450640303
 79
0
 98
0
  0
HATCH
  5
2EC
330
17
100
AcDbEntity
  8
REAPROVEITAMENTO
 62
7
100
AcDbHatch
 10
0.0
 20
0.0
 30
0.0
210
0.0
220
0.0
230
1.0
  2
ANSI31
 70
0
 71
0
 91
1
 92
3
 72
0
 73
1
 93
5
 10
7852.654146221475
 20
6741.780265255695
 10
7852.654146221475
 20
6744.780265255696
 10
7977.654146221475
 20
6744.780265255778
 10
7977.654146221475
 20
6741.780265255778
 10
7852.654146221475
 20
6741.780265255695
 97
0
 75
1
 76
1
 52
0.0
 41
1.0
 77
0
 78
1
 53
45.0
 43
0.0
 44
0.0
 45
-2.2450640303
 46
2.2450640303
 79
0
 98
0
  0
HATCH
  5
2ED
330
17
100
AcDbEntity
  8
REAPROVEITAMENTO
 62
7
100
AcDbHatch
 10
0.0
 20
0.0
 30
0.0
210
0.0
220
0.0
230
1.0
  2
ANSI31
 70
0
 71
0
 91
1
 92
3
 72
0
 73
1
 93
5
 10
6892.241818858927
 20
6523.732286874277
 10
6892.241818858927
 20
6479.732286874275
 10
7690.741818858933
 20
6479.732286874281
 10
7690.741818858933
 20
6523.732286874281
 10
6892.241818858927
 20
6523.732286874277
 97
0
 75
1
 76
1
 52
0.0
 41
1.0
 77
0
 78
1
 53
45.0
 43
0.0
 44
0.0
 45
-2.2450640303
 46
2.2450640303
 79
0
 98
0
  0
HATCH
  5
2EE
330
17
100
AcDbEntity
  8
REAPROVEITAMENTO
 62
7
100
AcDbHatch
 10
0.0
 20
0.0
 30
0.0
210
0.0
220
0.0
230
1.0
  2
ANSI31
 70
0
 71
0
 91
1
 92
3
 72
0
 73
1
 93
7
 10
7955.119453417113
 20
6484.320271514942
 10
7955.119453417109
 20
6524.320271514963
 10
7797.619453417109
 20
6524.320271514963
 10
7797.619453417109
 20
6479.320271514954
 10
7984.119453417114
 20
6479.320271514954
 10
7984.119453417114
 20
6484.32027151494
 10
7955.119453417113
 20
6484.320271514942
 97
0
 75
1
 76
1
 52
0.0
 41
1.0
 77
0
 78
1
 53
45.0
 43
0.0
 44
0.0
 45
-2.2450640303
 46
2.2450640303
 79
0
 98
0
  0
HATCH
  5
2EF
330
17
100
AcDbEntity
  8
REAPROVEITAMENTO
 62
7
100
AcDbHatch
 10
0.0
 20
0.0
 30
0.0
210
0.0
220
0.0
230
1.0
  2
ANSI31
 70
0
 71
0
 91
1
 92
3
 72
0
 73
1
 93
5
 10
7056.374381130064
 20
7066.601043165222
 10
7290.374381130054
 20
7066.601043165245
 10
7290.374381130051
 20
7109.60104316516
 10
7056.374381130066
 20
7109.601043165169
 10
7056.374381130064
 20
7066.601043165222
 97
0
 75
1
 76
1
 52
0.0
 41
1.0
 77
0
 78
1
 53
45.0
 43
0.0
 44
0.0
 45
-2.2450640303
 46
2.2450640303
 79
0
 98
0
  0
HATCH
  5
2F0
330
17
100
AcDbEntity
  8
REAPROVEITAMENTO
 62
7
100
AcDbHatch
 10
0.0
 20
0.0
 30
0.0
210
0.0
220
0.0
230
1.0
  2
ANSI31
 70
0
 71
0
 91
1
 92
3
 72
0
 73
1
 93
5
 10
7052.054440821152
 20
6741.780265255695
 10
7052.054440821152
 20
6744.780265255696
 10
7177.054440821152
 20
6744.780265255778
 10
7177.054440821152
 20
6741.780265255778
 10
7052.054440821152
 20
6741.780265255695
 97
0
 75
1
 76
1
 52
0.0
 41
1.0
 77
0
 78
1
 53
45.0
 43
0.0
 44
0.0
 45
-2.2450640303
 46
2.2450640303
 79
0
 98
0
  0
HATCH
  5
2F1
330
17
100
AcDbEntity
  8
REAPROVEITAMENTO
 62
7
100
AcDbHatch
 10
0.0
 20
0.0
 30
0.0
210
0.0
220
0.0
230
1.0
  2
ANSI31
 70
0
 71
0
 91
1
 92
3
 72
0
 73
1
 93
5
 10
7054.554440821151
 20
6947.621733756744
 10
7054.554440821151
 20
6950.621733756745
 10
7179.554440821151
 20
6950.621733756827
 10
7179.554440821151
 20
6947.621733756827
 10
7054.554440821151
 20
6947.621733756744
 97
0
 75
1
 76
1
 52
0.0
 41
1.0
 77
0
 78
1
 53
45.0
 43
0.0
 44
0.0
 45
-2.2450640303
 46
2.2450640303
 79
0
 98
0
  0
HATCH
  5
2F2
330
17
100
AcDbEntity
  8
REAPROVEITAMENTO
 62
7
100
AcDbHatch
 10
0.0
 20
0.0
 30
0.0
210
0.0
220
0.0
230
1.0
  2
ANSI31
 70
0
 71
0
 91
1
 92
3
 72
0
 73
1
 93
5
 10
7808.940503124709
 20
6947.621733756744
 10
7808.940503124709
 20
6950.621733756745
 10
7933.940503124709
 20
6950.621733756827
 10
7933.940503124709
 20
6947.621733756827
 10
7808.940503124709
 20
6947.621733756744
 97
0
 75
1
 76
1
 52
0.0
 41
1.0
 77
0
 78
1
 53
45.0
 43
0.0
 44
0.0
 45
-2.2450640303
 46
2.2450640303
 79
0
 98
0
  0
HATCH
  5
2F3
330
17
100
AcDbEntity
  8
REAPROVEITAMENTO
 62
7
100
AcDbHatch
 10
0.0
 20
0.0
 30
0.0
210
0.0
220
0.0
230
1.0
  2
ANSI31
 70
0
 71
0
 91
1
 92
3
 72
0
 73
1
 93
5
 10
7661.91764625535
 20
7122.601043165054
 10
7661.91764625535
 20
7125.601043165054
 10
7786.91764625535
 20
7125.601043165136
 10
7786.91764625535
 20
7122.601043165136
 10
7661.91764625535
 20
7122.601043165054
 97
0
 75
1
 76
1
 52
0.0
 41
1.0
 77
0
 78
1
 53
45.0
 43
0.0
 44
0.0
 45
-2.2450640303
 46
2.2450640303
 79
0
 98
0
  0
LINE
  5
2F4
330
17
100
AcDbEntity
  8
COTA
 62
4
370
25
100
AcDbLine
 10
6892.241818858934
 20
6453.192360896121
 30
0.0
 11
7136.241818858934
 21
6453.192360896121
 31
0.0
  0
LINE
  5
2F5
330
17
100
AcDbEntity
  8
COTA
 62
0
370
25
100
AcDbLine
 10
6893.741818858934
 20
6454.692360896121
 30
0.0
 11
6890.741818858934
 21
6451.692360896121
 31
0.0
  0
LINE
  5
2F6
330
17
100
AcDbEntity
  8
COTA
 62
0
370
25
100
AcDbLine
 10
7134.741818858934
 20
6451.692360896121
 30
0.0
 11
7137.741818858934
 21
6454.692360896121
 31
0.0
  0
LINE
  5
2F7
330
17
100
AcDbEntity
  8
COTA
 62
4
370
25
100
AcDbLine
 10
7446.741818858935
 20
6453.192360896132
 30
0.0
 11
7690.741818858935
 21
6453.192360896132
 31
0.0
  0
LINE
  5
2F8
330
17
100
AcDbEntity
  8
COTA
 62
0
370
25
100
AcDbLine
 10
7448.241818858935
 20
6454.692360896132
 30
0.0
 11
7445.241818858935
 21
6451.692360896132
 31
0.0
  0
LINE
  5
2F9
330
17
100
AcDbEntity
  8
COTA
 62
0
370
25
100
AcDbLine
 10
7689.241818858935
 20
6451.692360896132
 30
0.0
 11
7692.241818858935
 21
6454.692360896132
 31
0.0
  0
LINE
  5
2FA
330
17
100
AcDbEntity
  8
COTA
 62
4
370
25
100
AcDbLine
 10
7136.241818858934
 20
6431.423306883816
 30
0.0
 11
7380.241818858934
 21
6431.423306883816
 31
0.0
  0
LINE
  5
2FB
330
17
100
AcDbEntity
  8
COTA
 62
0
370
25
100
AcDbLine
 10
7137.741818858934
 20
6432.923306883816
 30
0.0
 11
7134.741818858934
 21
6429.923306883816
 31
0.0
  0
LINE
  5
2FC
330
17
100
AcDbEntity
  8
COTA
 62
0
370
25
100
AcDbLine
 10
7378.741818858934
 20
6429.923306883816
 30
0.0
 11
7381.741818858934
 21
6432.923306883816
 31
0.0
  0
LINE
  5
2FD
330
17
100
AcDbEntity
  8
COTA
 62
4
370
25
100
AcDbLine
 10
7136.241818858934
 20
6453.192360896107
 30
0.0
 11
7380.241818858934
 21
6453.192360896107
 31
0.0
  0
LINE
  5
2FE
330
17
100
AcDbEntity
  8
COTA
 62
0
370
25
100
AcDbLine
 10
7137.741818858934
 20
6454.692360896107
 30
0.0
 11
7134.741818858934
 21
6451.692360896107
 31
0.0
  0
LINE
  5
2FF
330
17
100
AcDbEntity
  8
COTA
 62
0
370
25
100
AcDbLine
 10
7378.741818858934
 20
6451.692360896107
 30
0.0
 11
7381.741818858934
 21
6454.692360896107
 31
0.0
  0
LINE
  5
300
330
17
100
AcDbEntity
  8
COTA
 62
4
370
25
100
AcDbLine
 10
7797.61945341711
 20
6428.517745403389
 30
0.0
 11
7984.119453417109
 21
6428.517745403389
 31
0.0
  0
LINE
  5
301
330
17
100
AcDbEntity
  8
COTA
 62
0
370
25
100
AcDbLine
 10
7799.11945341711
 20
6430.017745403389
 30
0.0
 11
7796.11945341711
 21
6427.017745403389
 31
0.0
  0
LINE
  5
302
330
17
100
AcDbEntity
  8
COTA
 62
0
370
25
100
AcDbLine
 10
7982.619453417109
 20
6427.017745403389
 30
0.0
 11
7985.619453417109
 21
6430.017745403389
 31
0.0
  0
LINE
  5
303
330
17
100
AcDbEntity
  8
COTA
 62
4
370
25
100
AcDbLine
 10
7977.11945341711
 20
6439.880313408095
 30
0.0
 11
7984.119453417109
 21
6439.880313408095
 31
0.0
  0
LINE
  5
304
330
17
100
AcDbEntity
  8
COTA
 62
4
370
25
100
AcDbLine
 10
7984.119453417109
 20
6439.880313408095
 30
0.0
 11
7998.850447569157
 21
6439.880313408095
 31
0.0
  0
LINE
  5
305
330
17
100
AcDbEntity
  8
COTA
 62
0
370
25
100
AcDbLine
 10
7978.61945341711
 20
6441.380313408095
 30
0.0
 11
7975.61945341711
 21
6438.380313408095
 31
0.0
  0
LINE
  5
306
330
17
100
AcDbEntity
  8
COTA
 62
0
370
25
100
AcDbLine
 10
7982.619453417109
 20
6438.380313408095
 30
0.0
 11
7985.619453417109
 21
6441.380313408095
 31
0.0
  0
LINE
  5
307
330
17
100
AcDbEntity
  8
COTA
 62
4
370
25
100
AcDbLine
 10
7380.241818858934
 20
6453.192360896107
 30
0.0
 11
7446.741818858935
 21
6453.192360896107
 31
0.0
  0
LINE
  5
308
330
17
100
AcDbEntity
  8
COTA
 62
0
370
25
100
AcDbLine
 10
7381.741818858934
 20
6454.692360896107
 30
0.0
 11
7378.741818858934
 21
6451.692360896107
 31
0.0
  0
LINE
  5
309
330
17
100
AcDbEntity
  8
COTA
 62
0
370
25
100
AcDbLine
 10
7445.241818858935
 20
6451.692360896107
 30
0.0
 11
7448.241818858935
 21
6454.692360896107
 31
0.0
  0
TEXT
  5
30A
330
17
100
AcDbEntity
  8
5
 62
5
370
25
100
AcDbText
 10
6887.301507422306
 20
6429.736932261015
 30
0.0
 40
12.0
  1
V321
 50
3.55024762388e-05
100
AcDbText
  0
TEXT
  5
30B
330
17
100
AcDbEntity
  8
COTA
 62
240
370
25
100
AcDbText
 10
7258.241818858934
 20
6439.496406299021
 30
0.0
 40
10.0
  1
7X
100
AcDbText
  0
TEXT
  5
30C
330
17
100
AcDbEntity
  8
COTA
 62
240
370
25
100
AcDbText
 10
7890.86945341711
 20
6436.649324350759
 30
0.0
 40
10.0
  1
186.5
100
AcDbText
  0
TEXT
  5
30D
330
17
100
AcDbEntity
  8
COTA
 62
240
370
25
100
AcDbText
 10
7992.984950493134
 20
6447.953412823299
 30
0.0
 40
10.0
  1
7
100
AcDbText
  0
ENDSEC
  0
SECTION
  2
OBJECTS
  0
DICTIONARY
  5
A
330
0
100
AcDbDictionary
281
1
  3
ACAD_COLOR
350
B
  3
ACAD_GROUP
350
C
  3
ACAD_LAYOUT
350
D
  3
ACAD_MATERIAL
350
E
  3
ACAD_MLEADERSTYLE
350
F
  3
ACAD_MLINESTYLE
350
10
  3
ACAD_PLOTSETTINGS
350
11
  3
ACAD_PLOTSTYLENAME
350
12
  3
ACAD_SCALELIST
350
14
  3
ACAD_TABLESTYLE
350
15
  3
ACAD_VISUALSTYLE
350
16
  3
EZDXF_META
350
2D
  0
DICTIONARY
  5
B
330
A
100
AcDbDictionary
281
1
  0
DICTIONARY
  5
C
330
A
100
AcDbDictionary
281
1
  0
DICTIONARY
  5
D
330
A
100
AcDbDictionary
281
1
  3
Model
350
1A
  3
Layout1
350
1E
  0
DICTIONARY
  5
E
330
A
100
AcDbDictionary
281
1
  3
ByBlock
350
1F
  3
ByLayer
350
20
  3
Global
350
21
  0
DICTIONARY
  5
F
330
A
100
AcDbDictionary
281
1
  3
Standard
350
2C
  0
DICTIONARY
  5
10
330
A
100
AcDbDictionary
281
1
  3
Standard
350
22
  0
DICTIONARY
  5
11
330
A
100
AcDbDictionary
281
1
  0
ACDBDICTIONARYWDFLT
  5
12
330
A
100
AcDbDictionary
281
1
  3
Normal
350
13
100
AcDbDictionaryWithDefault
340
13
  0
ACDBPLACEHOLDER
  5
13
330
12
  0
DICTIONARY
  5
14
330
A
100
AcDbDictionary
281
1
  0
DICTIONARY
  5
15
330
A
100
AcDbDictionary
281
1
  0
DICTIONARY
  5
16
330
A
100
AcDbDictionary
281
1
  0
LAYOUT
  5
1A
330
D
100
AcDbPlotSettings
  1

  4
A3
  6

 40
7.5
 41
20.0
 42
7.5
 43
20.0
 44
420.0
 45
297.0
 46
0.0
 47
0.0
 48
0.0
 49
0.0
140
0.0
141
0.0
142
1.0
143
1.0
 70
1024
 72
1
 73
0
 74
5
  7

 75
16
 76
0
 77
2
 78
300
147
1.0
148
0.0
149
0.0
100
AcDbLayout
  1
Model
 70
1
 71
0
 10
0.0
 20
0.0
 11
420.0
 21
297.0
 12
0.0
 22
0.0
 32
0.0
 14
1e+20
 24
1e+20
 34
1e+20
 15
-1e+20
 25
-1e+20
 35
-1e+20
146
0.0
 13
0.0
 23
0.0
 33
0.0
 16
1.0
 26
0.0
 36
0.0
 17
0.0
 27
1.0
 37
0.0
 76
1
330
17
  0
LAYOUT
  5
1E
330
D
100
AcDbPlotSettings
  1

  4
A3
  6

 40
7.5
 41
20.0
 42
7.5
 43
20.0
 44
420.0
 45
297.0
 46
0.0
 47
0.0
 48
0.0
 49
0.0
140
0.0
141
0.0
142
1.0
143
1.0
 70
0
 72
1
 73
0
 74
5
  7

 75
16
 76
0
 77
2
 78
300
147
1.0
148
0.0
149
0.0
100
AcDbLayout
  1
Layout1
 70
1
 71
1
 10
0.0
 20
0.0
 11
420.0
 21
297.0
 12
0.0
 22
0.0
 32
0.0
 14
1e+20
 24
1e+20
 34
1e+20
 15
-1e+20
 25
-1e+20
 35
-1e+20
146
0.0
 13
0.0
 23
0.0
 33
0.0
 16
1.0
 26
0.0
 36
0.0
 17
0.0
 27
1.0
 37
0.0
 76
1
330
1B
  0
MATERIAL
  5
1F
102
{ACAD_REACTORS
330
E
102
}
330
E
100
AcDbMaterial
  1
ByBlock
  2

 70
0
 40
1.0
 71
1
 41
1.0
 91
-1023410177
 42
1.0
 72
1
  3

 73
1
 74
1
 75
1
 44
0.5
 73
0
 45
1.0
 46
1.0
 77
1
  4

 78
1
 79
1
170
1
 48
1.0
171
1
  6

172
1
173
1
174
1
140
1.0
141
1.0
175
1
  7

176
1
177
1
178
1
143
1.0
179
1
  8

270
1
271
1
272
1
145
1.0
146
1.0
273
1
  9

274
1
275
1
276
1
 42
1.0
 72
1
  3

 73
1
 74
1
 75
1
 94
63
  0
MATERIAL
  5
20
102
{ACAD_REACTORS
330
E
102
}
330
E
100
AcDbMaterial
  1
ByLayer
  2

 70
0
 40
1.0
 71
1
 41
1.0
 91
-1023410177
 42
1.0
 72
1
  3

 73
1
 74
1
 75
1
 44
0.5
 73
0
 45
1.0
 46
1.0
 77
1
  4

 78
1
 79
1
170
1
 48
1.0
171
1
  6

172
1
173
1
174
1
140
1.0
141
1.0
175
1
  7

176
1
177
1
178
1
143
1.0
179
1
  8

270
1
271
1
272
1
145
1.0
146
1.0
273
1
  9

274
1
275
1
276
1
 42
1.0
 72
1
  3

 73
1
 74
1
 75
1
 94
63
  0
MATERIAL
  5
21
102
{ACAD_REACTORS
330
E
102
}
330
E
100
AcDbMaterial
  1
Global
  2

 70
0
 40
1.0
 71
1
 41
1.0
 91
-1023410177
 42
1.0
 72
1
  3

 73
1
 74
1
 75
1
 44
0.5
 73
0
 45
1.0
 46
1.0
 77
1
  4

 78
1
 79
1
170
1
 48
1.0
171
1
  6

172
1
173
1
174
1
140
1.0
141
1.0
175
1
  7

176
1
177
1
178
1
143
1.0
179
1
  8

270
1
271
1
272
1
145
1.0
146
1.0
273
1
  9

274
1
275
1
276
1
 42
1.0
 72
1
  3

 73
1
 74
1
 75
1
 94
63
  0
MLINESTYLE
  5
22
102
{ACAD_REACTORS
330
10
102
}
330
10
100
AcDbMlineStyle
  2
Standard
 70
0
  3

 62
256
 51
90.0
 52
90.0
 71
2
 49
0.5
 62
256
  6
BYLAYER
 49
-0.5
 62
256
  6
BYLAYER
  0
MLEADERSTYLE
  5
2C
102
{ACAD_REACTORS
330
F
102
}
330
F
100
AcDbMLeaderStyle
179
2
170
2
171
1
172
0
 90
2
 40
0.0
 41
0.0
173
1
 91
-1056964608
 92
-2
290
1
 42
2.0
291
1
 43
8.0
  3
Standard
 44
4.0
300

342
29
174
1
175
1
176
0
178
1
 93
-1056964608
 45
4.0
292
0
297
0
 46
4.0
 94
-1056964608
 47
1.0
 49
1.0
140
1.0
294
1
141
0.0
177
0
142
1.0
295
0
296
0
143
3.75
271
0
272
9
273
9
  0
DICTIONARY
  5
2D
330
A
100
AcDbDictionary
280
1
281
1
  3
CREATED_BY_EZDXF
350
2E
  3
WRITTEN_BY_EZDXF
350
310
  0
DICTIONARYVAR
  5
2E
330
2D
100
DictionaryVariables
280
0
  1
1.4.3 @ 2026-06-10T02:36:17.428239+00:00
  0
DICTIONARYVAR
  5
310
330
2D
100
DictionaryVariables
280
0
  1
1.4.3 @ 2026-06-10T02:36:17.450090+00:00
  0
ENDSEC
  0
EOF
