[INFO] === engenharia_reversa_dxf.py | Obra: Obra_TREINO_1 | Pav: 1 PAV ===
[INFO] Diretório: D:\Agente-cad-PYSIDE\DADOS-OBRAS\Obra_TREINO_1\Fase-1_Ingestao\Projetos_Finalizados_para_Engenharia_Reversa
[INFO] Usando caminhos do dxf_discovery.json para pav '1 PAV'
[INFO] PL DXF: ALIMONTI - PARAISO - 1° PAV.- PL - R00.dxf
[INFO] Pilares extraídos: 38 IDs | Pé Direito: Nonecm -> D:\Agente-cad-PYSIDE\DADOS-OBRAS\Obra_TREINO_1\Fase-3_Interpretacao_Extracao\Pilares\pilares_ground_truth.json
[INFO] LV DXF: ALIMONTI - PARAISO - 1° PAV.- LV - R00.dxf
[INFO] Vigas extraídas: 52 IDs -> D:\Agente-cad-PYSIDE\DADOS-OBRAS\Obra_TREINO_1\Fase-3_Interpretacao_Extracao\Vigas\vigas_ground_truth.json
[INFO] LJ DXF: ALIMONTI - PARAISO - 1° PAV.- LJ - R01.dxf
[INFO] Lajes extraídas: 29 IDs -> D:\Agente-cad-PYSIDE\DADOS-OBRAS\Obra_TREINO_1\Fase-3_Interpretacao_Extracao\Lajes\lajes_ground_truth.json
[INFO] === RESULTADO: 38 pilares (ground truth) ===
[INFO] NOTA: IDs e count são CONFIÁVEIS. B/H requerem revisão manual ou análise visual.
[INFO] Ground truth salvo em: D:\Agente-cad-PYSIDE\DADOS-OBRAS\Obra_TREINO_1\Fase-3_Interpretacao_Extracao
[INFO] === extrair_bh_pilares.py | Obra_TREINO_1 | 1 PAV ===
[INFO] PL DXF: ALIMONTI - PARAISO - 1° PAV.- PL - R00.dxf
[INFO] Max distancia proximity: 300.0 unidades DXF
[INFO] Lendo DXF (pode demorar para arquivos grandes)...
[INFO] DXF carregado: 8742 entidades
[INFO] Extraindo posicoes dos pilares (layer Texto Secao)...
[INFO] Pilares encontrados: 38
[INFO] Extraindo DIMENSION entities (layers de cota)...
[INFO] DIMENSIONs de cota encontradas: 860
[INFO] Inverse proximity: 860 dims assignadas a 38 pilares

[RESULTADO] Extracao B/H de Pilares
  Total pilares:      38
  B+H completos:      37 (97.4%)
  Apenas H:           1
  Sem dados:          0

[INFO] Salvo em: D:\Agente-cad-PYSIDE\DADOS-OBRAS\Obra_TREINO_1\Fase-3_Interpretacao_Extracao\Pilares\pilares_bh.json
[INFO] pilares_ground_truth.json atualizado: 37 pilares com B/H

[AMOSTRA] Primeiros 5 pilares extraidos:
  P1: B=60.0cm, H=74.0cm, conf=80%
  P2: B=45.0cm, H=67.0cm, conf=40%
  P3: B=48.0cm, H=56.0cm, conf=80%
  P4: B=42.0cm, H=97.0cm, conf=90%
  P5: B=46.0cm, H=56.0cm, conf=90%
DXF: ALIMONTI - PARAISO - 1° PAV.- LV - R00.dxf
  Labels encontrados: 48 vigas
  Cota Seção (2x): 98 dims
  COTA: 1056 dims

=== RESULTADO ===
  Total vigas: 48
  Com altura_lateral: 48/48
  Com comprimento: 48/48
  Com ambos: 48/48
  Confiança média: 86%
  Output: D:\Agente-cad-PYSIDE\DADOS-OBRAS\Obra_TREINO_1\Fase-3_Interpretacao_Extracao\Vigas\vigas_dim.json

Viga     Alt(cm)    Comp(cm)     Conf     Sides
-------------------------------------------------------
V102     120        208          84%      C
V105     38         717          84%      A+B
V117     48         244          79%      A+B
V123     38         717          84%      A+B
V124     38         572          84%      A+B
V125     38         717          84%      A+B
V129     38         717          79%      A+B
V201     120        1220         84%      A+B
V202     120        376          89%      B
V203     260        568          84%      A+B
V204     120        613          84%      A+B
V205     38         630          84%      A+B
V206     48         244          89%      A+B
V207     120        608          89%      A+B
V208     260        572          84%      A+B
V209     38         572          84%      A+B
V210     38         726          84%      A+B
V211     28         199          89%      A+B
V212     38         451          84%      A+B
V213     38         570          84%      A+B
V214     38         570          89%      A+B
V215     54         388          89%      A+B+D
V216     38         386          84%      A+B
V217     38         1094         84%      A+B
V218     38         732          89%      A+B
V219     38         1009         84%      A+B
V220     38         461          84%      A+B
V221     48         398          84%      A+B
V222     38         398          89%      A+B
V223     38         444          89%      A+B
V224     38         440          89%      A+B
V225     120        434          79%      A+B
V227     38         440          84%      A+B
V228     38         402          89%      A+B
V229     260        446          84%      A+B
V230     48         402          84%      A+B
V231     38         451          84%      A+B
V232     120        455          84%      A+B
V233     38         455          89%      A+B
V234     38         630          89%      A+B
V235     38         455          89%      A+B
V236     38         180          89%      A+B
V237     38         180          89%      A+B
V238     38         180          84%      A+B
V239     28         688          84%      A+B
V241     38         688          89%      A+B
V242     120        462          84%      A+B
V243     38         320          89%      A+B
[INFO] === extrair_lajes_lj.py | Obra_TREINO_1 | 1 PAV ===
[INFO] LJ DXF: ALIMONTI - PARAISO - 1° PAV.- LJ - R01.dxf
[INFO] Lendo DXF...
[INFO] 1392 entidades
[INFO] Extraindo labels e codigos de lajes...
[DEBUG] Labels encontrados: ['L201', 'L202', 'L203', 'L204', 'L205', 'L206', 'L207', 'L208', 'L209', 'L210', 'L211', 'L212', 'L213', 'L214', 'L215', 'L251', 'L252']
[DEBUG] Lajes com paineis AUX00: ['L101', 'L102', 'L103', 'L104', 'L109', 'L111', 'L112', 'L115', 'L117', 'L118', 'L119', 'L121']
[INFO] Lajes encontradas: 29
[INFO] Construindo fichas com coordenadas...

[RESULTADO] Extracao de Lajes
  Total lajes:        29
  Com dimensoes:      0
  Com coordenadas:    4

[INFO] Salvo em: D:\Agente-cad-PYSIDE\DADOS-OBRAS\Obra_TREINO_1\Fase-3_Interpretacao_Extracao\Lajes\lajes_data.json
[INFO] lajes_ground_truth.json atualizado: 0 lajes com dimensoes

[AMOSTRA] Primeiras lajes:
  L101: NonexNonecm | area=Nonecm2 | coords=0pts | conf=75%
  L102: NonexNonecm | area=Nonecm2 | coords=0pts | conf=85%
  L103: NonexNonecm | area=Nonecm2 | coords=0pts | conf=75%
  L104: NonexNonecm | area=Nonecm2 | coords=5pts | conf=85%
  L109: NonexNonecm | area=Nonecm2 | coords=0pts | conf=85%
  L111: NonexNonecm | area=Nonecm2 | coords=0pts | conf=85%
  L112: NonexNonecm | area=Nonecm2 | coords=0pts | conf=75%
  L115: NonexNonecm | area=Nonecm2 | coords=0pts | conf=75%
ERRO: Nenhum EVG DXF encontrado em D:\Agente-cad-PYSIDE\DADOS-OBRAS\Obra_TREINO_1
C:\Python314\python.exe: can't open file 'D:\\Agente-cad-PYSIDE\\Agente-cad-PYSIDE-Restored-main\\scripts\\extrair_largura_vigas.py': [Errno 2] No such file or directory
usage: extrair_assembly_pl.py [-h] --obra OBRA [--pav PAV] [--output OUTPUT]
extrair_assembly_pl.py: error: unrecognized arguments: --pavimento 1 PAV
=== VIGAS ===
  AVISO: vigas_largura.json nao encontrado — usando b=15cm (default)
  vigas.json atualizado: 48 vigas
    V102: b=15.0cm h=120.0cm L=208.0cm
    V105: b=15.0cm h=38.0cm L=717.0cm
    V117: b=15.0cm h=48.0cm L=244.0cm
    V123: b=15.0cm h=38.0cm L=717.0cm
    V124: b=15.0cm h=38.0cm L=571.5cm
    V125: b=15.0cm h=38.0cm L=717.0cm
    V129: b=15.0cm h=38.0cm L=717.0cm
    V201: b=15.0cm h=120.0cm L=1220.0cm
    V202: b=15.0cm h=120.0cm L=376.0cm
    V203: b=15.0cm h=260.0cm L=567.5cm
    V204: b=15.0cm h=120.0cm L=613.0cm
    V205: b=15.0cm h=38.0cm L=630.0cm
    V206: b=15.0cm h=48.0cm L=244.0cm
    V207: b=15.0cm h=120.0cm L=608.0cm
    V208: b=15.0cm h=260.0cm L=571.5cm
    V209: b=15.0cm h=38.0cm L=571.5cm
    V210: b=15.0cm h=38.0cm L=726.0cm
    V211: b=15.0cm h=28.0cm L=199.0cm
    V212: b=15.0cm h=38.0cm L=451.0cm
    V213: b=15.0cm h=38.0cm L=570.0cm
    V214: b=15.0cm h=38.0cm L=570.0cm
    V215: b=15.0cm h=54.0cm L=388.0cm
    V216: b=15.0cm h=38.0cm L=386.0cm
    V217: b=15.0cm h=38.0cm L=1093.8cm
    V218: b=15.0cm h=38.0cm L=732.0cm
    V219: b=15.0cm h=38.0cm L=1008.7cm
    V220: b=15.0cm h=38.0cm L=461.0cm
    V221: b=15.0cm h=48.0cm L=398.0cm
    V222: b=15.0cm h=38.0cm L=398.0cm
    V223: b=15.0cm h=38.0cm L=444.5cm
    V224: b=15.0cm h=38.0cm L=440.0cm
    V225: b=15.0cm h=120.0cm L=434.0cm
    V227: b=15.0cm h=38.0cm L=440.0cm
    V228: b=15.0cm h=38.0cm L=402.0cm
    V229: b=15.0cm h=260.0cm L=446.5cm
    V230: b=15.0cm h=48.0cm L=402.0cm
    V231: b=15.0cm h=38.0cm L=451.0cm
    V232: b=15.0cm h=120.0cm L=455.0cm
    V233: b=15.0cm h=38.0cm L=455.0cm
    V234: b=15.0cm h=38.0cm L=630.0cm
    V235: b=15.0cm h=38.0cm L=455.0cm
    V236: b=15.0cm h=38.0cm L=180.0cm
    V237: b=15.0cm h=38.0cm L=180.0cm
    V238: b=15.0cm h=38.0cm L=180.0cm
    V239: b=15.0cm h=28.0cm L=688.0cm
    V241: b=15.0cm h=38.0cm L=688.0cm
    V242: b=15.0cm h=120.0cm L=462.0cm
    V243: b=15.0cm h=38.0cm L=319.5cm

=== LAJES ===
  AVISO: lajes_poligono.json nao encontrado, usando lajes_data.json
  AVISO: Laje L201: dimensoes invalidas, usando 100x100
  AVISO: Laje L202: dimensoes invalidas, usando 100x100
  AVISO: Laje L203: dimensoes invalidas, usando 100x100
  AVISO: Laje L204: dimensoes invalidas, usando 100x100
  AVISO: Laje L205: dimensoes invalidas, usando 100x100
  AVISO: Laje L206: dimensoes invalidas, usando 100x100
  AVISO: Laje L207: dimensoes invalidas, usando 100x100
  AVISO: Laje L208: dimensoes invalidas, usando 100x100
  AVISO: Laje L209: dimensoes invalidas, usando 100x100
  AVISO: Laje L210: dimensoes invalidas, usando 100x100
  AVISO: Laje L211: dimensoes invalidas, usando 100x100
  AVISO: Laje L212: dimensoes invalidas, usando 100x100
  AVISO: Laje L213: dimensoes invalidas, usando 100x100
  AVISO: Laje L214: dimensoes invalidas, usando 100x100
  AVISO: Laje L215: dimensoes invalidas, usando 100x100
  AVISO: Laje L251: dimensoes invalidas, usando 100x100
  AVISO: Laje L252: dimensoes invalidas, usando 100x100
  lajes.json atualizado: 29 lajes
    L101: 244.0x122.0cm area=29768 [aux00-panels]
    L102: 244.0x122.0cm area=29768 [aux00-panels]
    L103: 178.0x122.0cm area=21716 [aux00-panels]
    L104: 244.0x122.0cm area=29768 [aux00-panels]
    L109: 244.0x60.5cm area=14762 [aux00-panels]
    L111: 244.0x122.0cm area=29768 [aux00-panels]
    L112: 91.5x91.5cm area=8372 [aux00-panels]
    L115: 244.0x122.0cm area=29768 [aux00-panels]
    L117: 229.0x122.0cm area=27938 [aux00-panels]
    L118: 244.0x122.0cm area=29768 [aux00-panels]
    L119: 244.0x122.0cm area=29768 [aux00-panels]
    L121: 190.0x68.5cm area=13015 [aux00-panels]
    L201: 100.0x100.0cm area=10000 [label-only]
    L202: 100.0x100.0cm area=10000 [label-only]
    L203: 100.0x100.0cm area=10000 [label-only]
    L204: 100.0x100.0cm area=10000 [label-only]
    L205: 100.0x100.0cm area=10000 [label-only]
    L206: 100.0x100.0cm area=10000 [label-only]
    L207: 100.0x100.0cm area=10000 [label-only]
    L208: 100.0x100.0cm area=10000 [label-only]
    L209: 100.0x100.0cm area=10000 [label-only]
    L210: 100.0x100.0cm area=10000 [label-only]
    L211: 100.0x100.0cm area=10000 [label-only]
    L212: 100.0x100.0cm area=10000 [label-only]
    L213: 100.0x100.0cm area=10000 [label-only]
    L214: 100.0x100.0cm area=10000 [label-only]
    L215: 100.0x100.0cm area=10000 [label-only]
    L251: 100.0x100.0cm area=10000 [label-only]
    L252: 100.0x100.0cm area=10000 [label-only]

=== INTEGRACAO COMPLETA: 48 vigas + 29 lajes ===
  Proximos passos: python scripts/motor_fase4.py --obra D:\Agente-cad-PYSIDE\DADOS-OBRAS\Obra_TREINO_1
[INFO] === motor_fase4.py | Obra: Obra_TREINO_1 | Pav: 1 PAV ===
[INFO] Carregado: D:\Agente-cad-PYSIDE\DADOS-OBRAS\Obra_TREINO_1\Fase-3_Interpretacao_Extracao\Pilares\pilares_bh.json (39 itens)
[WARNING] pilares_assembly.json nao encontrado — grades ficarao zeradas
[INFO]   \u2705 Pilar P1: 74.0x60.0cm, h=280.0cm
[INFO]   \u2705 Pilar P2: 67.0x45.0cm, h=280.0cm
[INFO]   \u2705 Pilar P3: 56.0x48.0cm, h=280.0cm
[INFO]   \u2705 Pilar P4: 97.0x42.0cm, h=280.0cm
[INFO]   \u2705 Pilar P5: 56.0x46.0cm, h=280.0cm
[INFO]   \u2705 Pilar P6: 45.0x20.0cm, h=280.0cm
[INFO]   \u2705 Pilar P7: 94.0x66.0cm, h=280.0cm
[INFO]   \u2705 Pilar P8: 90.0x67.0cm, h=280.0cm
[INFO]   \u2705 Pilar P9: 56.0x38.0cm, h=280.0cm
[INFO]   \u2705 Pilar P10: 100.0x65.0cm, h=280.0cm
[INFO]   \u2705 Pilar P11: 97.0x30.0cm, h=280.0cm
[INFO]   \u2705 Pilar P12: 92.0x24.0cm, h=280.0cm
[INFO]   \u2705 Pilar P13: 92.0x24.0cm, h=280.0cm
[INFO]   \u2705 Pilar P15: 67.0x24.0cm, h=280.0cm
[INFO]   \u2705 Pilar P16: 94.0x24.0cm, h=280.0cm
[INFO]   \u2705 Pilar P17: 97.0x30.0cm, h=280.0cm
[INFO]   \u2705 Pilar P18: 97.0x72.0cm, h=280.0cm
[INFO]   \u2705 Pilar P19: 97.0x30.0cm, h=280.0cm
[INFO]   \u2705 Pilar P20: 50.0x24.0cm, h=280.0cm
[INFO]   \u2705 Pilar P21: 24.0x19.0cm, h=280.0cm
[INFO]   \u2705 Pilar P23: 67.0x45.0cm, h=280.0cm
[INFO]   \u2705 Pilar P24: 43.0x19.0cm, h=280.0cm
[INFO]   \u2705 Pilar P25: 97.0x34.0cm, h=280.0cm
[INFO]   \u2705 Pilar P26: 81.0x19.0cm, h=280.0cm
[INFO]   \u2705 Pilar P27: 81.0x19.0cm, h=280.0cm
[INFO]   \u2705 Pilar P28: 60.0x37.0cm, h=280.0cm
[INFO]   \u2705 Pilar P29: 97.0x80.0cm, h=280.0cm
[INFO]   \u2705 Pilar P30: 92.0x82.0cm, h=280.0cm
[INFO]   \u2705 Pilar P31: 82.0x38.0cm, h=280.0cm
[INFO]   \u2705 Pilar P32: 44.0x27.0cm, h=280.0cm
[INFO]   \u2705 Pilar P33: 64.0x44.0cm, h=280.0cm
[INFO]   \u2705 Pilar P34: 82.0x19.0cm, h=280.0cm
[INFO]   \u2705 Pilar P35: 44.0x41.0cm, h=280.0cm
[WARNING] Pilar P61: dimensoes invalidas (b=0.0, h=26.0). Pular.
[INFO]   \u2705 Pilar P62: 98.0x64.0cm, h=280.0cm
[INFO]   \u2705 Pilar P101: 82.0x24.0cm, h=280.0cm
[INFO]   \u2705 Pilar P102: 82.0x24.0cm, h=280.0cm
[INFO]   \u2705 Pilar P103: 82.0x19.0cm, h=280.0cm
[INFO] Pilares: 37 processados -> D:\Agente-cad-PYSIDE\DADOS-OBRAS\Obra_TREINO_1\Fase-4_Sincronizacao\pilares_salvos.json
[INFO] Carregado: D:\Agente-cad-PYSIDE\DADOS-OBRAS\Obra_TREINO_1\Fase-3_Interpretacao_Extracao\Vigas\vigas.json (49 itens)
[INFO]   \u2705 Viga V102: b=15.0cm, h=120.0cm, L=208.0cm -> A+B
[INFO]   \u2705 Viga V105: b=15.0cm, h=38.0cm, L=717.0cm -> A+B
[INFO]   \u2705 Viga V117: b=15.0cm, h=48.0cm, L=244.0cm -> A+B
[INFO]   \u2705 Viga V123: b=15.0cm, h=38.0cm, L=717.0cm -> A+B
[INFO]   \u2705 Viga V124: b=15.0cm, h=38.0cm, L=571.5cm -> A+B
[INFO]   \u2705 Viga V125: b=15.0cm, h=38.0cm, L=717.0cm -> A+B
[INFO]   \u2705 Viga V129: b=15.0cm, h=38.0cm, L=717.0cm -> A+B
[INFO]   \u2705 Viga V201: b=15.0cm, h=120.0cm, L=1220.0cm -> A+B
[INFO]   \u2705 Viga V202: b=15.0cm, h=120.0cm, L=376.0cm -> A+B
[INFO]   \u2705 Viga V203: b=15.0cm, h=260.0cm, L=567.5cm -> A+B
[INFO]   \u2705 Viga V204: b=15.0cm, h=120.0cm, L=613.0cm -> A+B
[INFO]   \u2705 Viga V205: b=15.0cm, h=38.0cm, L=630.0cm -> A+B
[INFO]   \u2705 Viga V206: b=15.0cm, h=48.0cm, L=244.0cm -> A+B
[INFO]   \u2705 Viga V207: b=15.0cm, h=120.0cm, L=608.0cm -> A+B
[INFO]   \u2705 Viga V208: b=15.0cm, h=260.0cm, L=571.5cm -> A+B
[INFO]   \u2705 Viga V209: b=15.0cm, h=38.0cm, L=571.5cm -> A+B
[INFO]   \u2705 Viga V210: b=15.0cm, h=38.0cm, L=726.0cm -> A+B
[INFO]   \u2705 Viga V211: b=15.0cm, h=28.0cm, L=199.0cm -> A+B
[INFO]   \u2705 Viga V212: b=15.0cm, h=38.0cm, L=451.0cm -> A+B
[INFO]   \u2705 Viga V213: b=15.0cm, h=38.0cm, L=570.0cm -> A+B
[INFO]   \u2705 Viga V214: b=15.0cm, h=38.0cm, L=570.0cm -> A+B
[INFO]   \u2705 Viga V215: b=15.0cm, h=54.0cm, L=388.0cm -> A+B
[INFO]   \u2705 Viga V216: b=15.0cm, h=38.0cm, L=386.0cm -> A+B
[INFO]   \u2705 Viga V217: b=15.0cm, h=38.0cm, L=1093.8cm -> A+B
[INFO]   \u2705 Viga V218: b=15.0cm, h=38.0cm, L=732.0cm -> A+B
[INFO]   \u2705 Viga V219: b=15.0cm, h=38.0cm, L=1008.7cm -> A+B
[INFO]   \u2705 Viga V220: b=15.0cm, h=38.0cm, L=461.0cm -> A+B
[INFO]   \u2705 Viga V221: b=15.0cm, h=48.0cm, L=398.0cm -> A+B
[INFO]   \u2705 Viga V222: b=15.0cm, h=38.0cm, L=398.0cm -> A+B
[INFO]   \u2705 Viga V223: b=15.0cm, h=38.0cm, L=444.5cm -> A+B
[INFO]   \u2705 Viga V224: b=15.0cm, h=38.0cm, L=440.0cm -> A+B
[INFO]   \u2705 Viga V225: b=15.0cm, h=120.0cm, L=434.0cm -> A+B
[INFO]   \u2705 Viga V227: b=15.0cm, h=38.0cm, L=440.0cm -> A+B
[INFO]   \u2705 Viga V228: b=15.0cm, h=38.0cm, L=402.0cm -> A+B
[INFO]   \u2705 Viga V229: b=15.0cm, h=260.0cm, L=446.5cm -> A+B
[INFO]   \u2705 Viga V230: b=15.0cm, h=48.0cm, L=402.0cm -> A+B
[INFO]   \u2705 Viga V231: b=15.0cm, h=38.0cm, L=451.0cm -> A+B
[INFO]   \u2705 Viga V232: b=15.0cm, h=120.0cm, L=455.0cm -> A+B
[INFO]   \u2705 Viga V233: b=15.0cm, h=38.0cm, L=455.0cm -> A+B
[INFO]   \u2705 Viga V234: b=15.0cm, h=38.0cm, L=630.0cm -> A+B
[INFO]   \u2705 Viga V235: b=15.0cm, h=38.0cm, L=455.0cm -> A+B
[INFO]   \u2705 Viga V236: b=15.0cm, h=38.0cm, L=180.0cm -> A+B
[INFO]   \u2705 Viga V237: b=15.0cm, h=38.0cm, L=180.0cm -> A+B
[INFO]   \u2705 Viga V238: b=15.0cm, h=38.0cm, L=180.0cm -> A+B
[INFO]   \u2705 Viga V239: b=15.0cm, h=28.0cm, L=688.0cm -> A+B
[INFO]   \u2705 Viga V241: b=15.0cm, h=38.0cm, L=688.0cm -> A+B
[INFO]   \u2705 Viga V242: b=15.0cm, h=120.0cm, L=462.0cm -> A+B
[INFO]   \u2705 Viga V243: b=15.0cm, h=38.0cm, L=319.5cm -> A+B
[INFO] Vigas: 48 processadas -> D:\Agente-cad-PYSIDE\DADOS-OBRAS\Obra_TREINO_1\Fase-4_Sincronizacao\vigas_salvas.json
[INFO] Carregado: D:\Agente-cad-PYSIDE\DADOS-OBRAS\Obra_TREINO_1\Fase-3_Interpretacao_Extracao\Lajes\lajes.json (30 itens)
[INFO]   \u2705 Laje L101: 244.0x122.0cm, 3 cortes
[INFO]   \u2705 Laje L102: 244.0x122.0cm, 3 cortes
[INFO]   \u2705 Laje L103: 178.0x122.0cm, 2 cortes
[INFO]   \u2705 Laje L104: 244.0x122.0cm, 3 cortes
[INFO]   \u2705 Laje L109: 244.0x60.5cm, 3 cortes
[INFO]   \u2705 Laje L111: 244.0x122.0cm, 3 cortes
[INFO]   \u2705 Laje L112: 91.5x91.5cm, 1 cortes
[INFO]   \u2705 Laje L115: 244.0x122.0cm, 3 cortes
[INFO]   \u2705 Laje L117: 229.0x122.0cm, 3 cortes
[INFO]   \u2705 Laje L118: 244.0x122.0cm, 3 cortes
[INFO]   \u2705 Laje L119: 244.0x122.0cm, 3 cortes
[INFO]   \u2705 Laje L121: 190.0x68.5cm, 2 cortes
[INFO]   \u2705 Laje L201: 100.0x100.0cm, 1 cortes
[INFO]   \u2705 Laje L202: 100.0x100.0cm, 1 cortes
[INFO]   \u2705 Laje L203: 100.0x100.0cm, 1 cortes
[INFO]   \u2705 Laje L204: 100.0x100.0cm, 1 cortes
[INFO]   \u2705 Laje L205: 100.0x100.0cm, 1 cortes
[INFO]   \u2705 Laje L206: 100.0x100.0cm, 1 cortes
[INFO]   \u2705 Laje L207: 100.0x100.0cm, 1 cortes
[INFO]   \u2705 Laje L208: 100.0x100.0cm, 1 cortes
[INFO]   \u2705 Laje L209: 100.0x100.0cm, 1 cortes
[INFO]   \u2705 Laje L210: 100.0x100.0cm, 1 cortes
[INFO]   \u2705 Laje L211: 100.0x100.0cm, 1 cortes
[INFO]   \u2705 Laje L212: 100.0x100.0cm, 1 cortes
[INFO]   \u2705 Laje L213: 100.0x100.0cm, 1 cortes
[INFO]   \u2705 Laje L214: 100.0x100.0cm, 1 cortes
[INFO]   \u2705 Laje L215: 100.0x100.0cm, 1 cortes
[INFO]   \u2705 Laje L251: 100.0x100.0cm, 1 cortes
[INFO]   \u2705 Laje L252: 100.0x100.0cm, 1 cortes
[INFO] Lajes: 29 processadas -> D:\Agente-cad-PYSIDE\DADOS-OBRAS\Obra_TREINO_1\Fase-4_Sincronizacao\lajes_salvas.json
[INFO] obras_salvas.json: 37 pilares \u2192 D:\Agente-cad-PYSIDE\DADOS-OBRAS\Obra_TREINO_1\Fase-4_Sincronizacao\obras_salvas.json
[INFO] === RESULTADO: 37 pilares, 48 vigas, 29 lajes | 0 erros ===
  pilares_bh.json: 39 pilares

=== GERANDO DXF PILARES (37 pilares) ===
  P1: b=60 h=74 paineis=12 alt=280cm [BH-extraido]
  P10: b=65 h=100 paineis=12 alt=280cm [BH-extraido]
  P101: b=24 h=82 paineis=12 alt=280cm [BH-extraido]
  P102: b=24 h=82 paineis=12 alt=280cm [BH-extraido]
  P103: b=19 h=82 paineis=12 alt=280cm [BH-extraido]
  P11: b=30 h=97 paineis=12 alt=280cm [BH-extraido]
  P12: b=24 h=92 paineis=12 alt=280cm [BH-extraido]
  P13: b=24 h=92 paineis=12 alt=280cm [BH-extraido]
  P15: b=24 h=67 paineis=12 alt=280cm [BH-extraido]
  P16: b=24 h=94 paineis=12 alt=280cm [BH-extraido]
  P17: b=30 h=97 paineis=12 alt=280cm [BH-extraido]
  P18: b=72 h=97 paineis=12 alt=280cm [BH-extraido]
  P19: b=30 h=97 paineis=12 alt=280cm [BH-extraido]
  P2: b=45 h=67 paineis=12 alt=280cm [BH-extraido]
  P20: b=24 h=50 paineis=12 alt=280cm [BH-extraido]
  P21: b=19 h=24 paineis=12 alt=280cm [BH-extraido]
  P23: b=45 h=67 paineis=12 alt=280cm [BH-extraido]
  P24: b=19 h=43 paineis=12 alt=280cm [BH-extraido]
  P25: b=34 h=97 paineis=12 alt=280cm [BH-extraido]
  P26: b=19 h=81 paineis=12 alt=280cm [BH-extraido]
  P27: b=19 h=81 paineis=12 alt=280cm [BH-extraido]
  P28: b=37 h=60 paineis=12 alt=280cm [BH-extraido]
  P29: b=80 h=97 paineis=12 alt=280cm [BH-extraido]
  P3: b=48 h=56 paineis=12 alt=280cm [BH-extraido]
  P30: b=82 h=92 paineis=12 alt=280cm [BH-extraido]
  P31: b=38 h=82 paineis=12 alt=280cm [BH-extraido]
  P32: b=27 h=44 paineis=12 alt=280cm [BH-extraido]
  P33: b=44 h=64 paineis=12 alt=280cm [BH-extraido]
  P34: b=19 h=82 paineis=12 alt=280cm [BH-extraido]
  P35: b=41 h=44 paineis=12 alt=280cm [BH-extraido]
  P4: b=42 h=97 paineis=12 alt=280cm [BH-extraido]
  P5: b=46 h=56 paineis=12 alt=280cm [BH-extraido]
  P6: b=20 h=45 paineis=12 alt=280cm [BH-extraido]
  P62: b=64 h=98 paineis=12 alt=280cm [BH-extraido]
  P7: b=66 h=94 paineis=12 alt=280cm [BH-extraido]
  P8: b=67 h=90 paineis=12 alt=280cm [BH-extraido]
  P9: b=38 h=56 paineis=12 alt=280cm [BH-extraido]

=== RESULTADO: 37 DXFs gerados | 0 erros ===
  Relatorio: D:\Agente-cad-PYSIDE\DADOS-OBRAS\Obra_TREINO_1\Fase-5_Geracao_Scripts\DXF_Pilares\_relatorio.json
  DXFs em: D:\Agente-cad-PYSIDE\DADOS-OBRAS\Obra_TREINO_1\Fase-5_Geracao_Scripts\DXF_Pilares

  Proximo: python scripts/comparar_dxf_pilares.py --obra D:\Agente-cad-PYSIDE\DADOS-OBRAS\Obra_TREINO_1

=== GERANDO DXF VIGAS (48 vigas) ===
  V102: b=15 h=120 L=208cm | paineis A=2 B=2 F=2
  V105: b=15 h=38 L=717cm | paineis A=6 B=6 F=6
  V117: b=15 h=48 L=244cm | paineis A=3 B=3 F=3
  V123: b=15 h=38 L=717cm | paineis A=6 B=6 F=6
  V124: b=15 h=38 L=572cm | paineis A=5 B=5 F=5
  V125: b=15 h=38 L=717cm | paineis A=6 B=6 F=6
  V129: b=15 h=38 L=717cm | paineis A=6 B=6 F=6
  V201: b=15 h=120 L=1220cm | paineis A=11 B=11 F=11
  V202: b=15 h=120 L=376cm | paineis A=4 B=4 F=4
  V203: b=15 h=260 L=568cm | paineis A=5 B=5 F=5
  V204: b=15 h=120 L=613cm | paineis A=6 B=6 F=6
  V205: b=15 h=38 L=630cm | paineis A=6 B=6 F=6
  V206: b=15 h=48 L=244cm | paineis A=3 B=3 F=3
  V207: b=15 h=120 L=608cm | paineis A=6 B=6 F=6
  V208: b=15 h=260 L=572cm | paineis A=5 B=5 F=5
  V209: b=15 h=38 L=572cm | paineis A=5 B=5 F=5
  V210: b=15 h=38 L=726cm | paineis A=7 B=7 F=7
  V211: b=15 h=28 L=199cm | paineis A=2 B=2 F=2
  V212: b=15 h=38 L=451cm | paineis A=4 B=4 F=4
  V213: b=15 h=38 L=570cm | paineis A=5 B=5 F=5
  V214: b=15 h=38 L=570cm | paineis A=5 B=5 F=5
  V215: b=15 h=54 L=388cm | paineis A=4 B=4 F=4
  V216: b=15 h=38 L=386cm | paineis A=4 B=4 F=4
  V217: b=15 h=38 L=1094cm | paineis A=10 B=10 F=10
  V218: b=15 h=38 L=732cm | paineis A=7 B=7 F=7
  V219: b=15 h=38 L=1009cm | paineis A=9 B=9 F=9
  V220: b=15 h=38 L=461cm | paineis A=4 B=4 F=4
  V221: b=15 h=48 L=398cm | paineis A=4 B=4 F=4
  V222: b=15 h=38 L=398cm | paineis A=4 B=4 F=4
  V223: b=15 h=38 L=444cm | paineis A=4 B=4 F=4
  V224: b=15 h=38 L=440cm | paineis A=4 B=4 F=4
  V225: b=15 h=120 L=434cm | paineis A=4 B=4 F=4
  V227: b=15 h=38 L=440cm | paineis A=4 B=4 F=4
  V228: b=15 h=38 L=402cm | paineis A=4 B=4 F=4
  V229: b=15 h=260 L=446cm | paineis A=4 B=4 F=4
  V230: b=15 h=48 L=402cm | paineis A=4 B=4 F=4
  V231: b=15 h=38 L=451cm | paineis A=4 B=4 F=4
  V232: b=15 h=120 L=455cm | paineis A=4 B=4 F=4
  V233: b=15 h=38 L=455cm | paineis A=4 B=4 F=4
  V234: b=15 h=38 L=630cm | paineis A=6 B=6 F=6
  V235: b=15 h=38 L=455cm | paineis A=4 B=4 F=4
  V236: b=15 h=38 L=180cm | paineis A=2 B=2 F=2
  V237: b=15 h=38 L=180cm | paineis A=2 B=2 F=2
  V238: b=15 h=38 L=180cm | paineis A=2 B=2 F=2
  V239: b=15 h=28 L=688cm | paineis A=6 B=6 F=6
  V241: b=15 h=38 L=688cm | paineis A=6 B=6 F=6
  V242: b=15 h=120 L=462cm | paineis A=4 B=4 F=4
  V243: b=15 h=38 L=320cm | paineis A=3 B=3 F=3

=== RESULTADO: 48 DXFs gerados | 0 erros ===
  Relatorio: D:\Agente-cad-PYSIDE\DADOS-OBRAS\Obra_TREINO_1\Fase-5_Geracao_Scripts\DXF_Vigas\_relatorio.json
  DXFs em: D:\Agente-cad-PYSIDE\DADOS-OBRAS\Obra_TREINO_1\Fase-5_Geracao_Scripts\DXF_Vigas

  Proximo: python scripts/comparar_dxf_vigas.py --obra D:\Agente-cad-PYSIDE\DADOS-OBRAS\Obra_TREINO_1

=== GERANDO DXF LAJES (29 lajes) ===
  L101: 244.0x122.0cm paineis=4x1 area=29768cm2
  L102: 244.0x122.0cm paineis=4x1 area=29768cm2
  L103: 178.0x122.0cm paineis=3x1 area=21716cm2
  L104: 244.0x122.0cm paineis=4x1 area=29768cm2
  L109: 244.0x60.5cm paineis=4x1 area=14762cm2
  L111: 244.0x122.0cm paineis=4x1 area=29768cm2
  L112: 91.5x91.5cm paineis=2x1 area=8372cm2
  L115: 244.0x122.0cm paineis=4x1 area=29768cm2
  L117: 229.0x122.0cm paineis=4x1 area=27938cm2
  L118: 244.0x122.0cm paineis=4x1 area=29768cm2
  L119: 244.0x122.0cm paineis=4x1 area=29768cm2
  L121: 190.0x68.5cm paineis=3x1 area=13015cm2
  L201: 100.0x100.0cm paineis=2x1 area=10000cm2
  L202: 100.0x100.0cm paineis=2x1 area=10000cm2
  L203: 100.0x100.0cm paineis=2x1 area=10000cm2
  L204: 100.0x100.0cm paineis=2x1 area=10000cm2
  L205: 100.0x100.0cm paineis=2x1 area=10000cm2
  L206: 100.0x100.0cm paineis=2x1 area=10000cm2
  L207: 100.0x100.0cm paineis=2x1 area=10000cm2
  L208: 100.0x100.0cm paineis=2x1 area=10000cm2
  L209: 100.0x100.0cm paineis=2x1 area=10000cm2
  L210: 100.0x100.0cm paineis=2x1 area=10000cm2
  L211: 100.0x100.0cm paineis=2x1 area=10000cm2
  L212: 100.0x100.0cm paineis=2x1 area=10000cm2
  L213: 100.0x100.0cm paineis=2x1 area=10000cm2
  L214: 100.0x100.0cm paineis=2x1 area=10000cm2
  L215: 100.0x100.0cm paineis=2x1 area=10000cm2
  L251: 100.0x100.0cm paineis=2x1 area=10000cm2
  L252: 100.0x100.0cm paineis=2x1 area=10000cm2

=== RESULTADO: 29 DXFs gerados | 0 erros ===
  Relatorio: D:\Agente-cad-PYSIDE\DADOS-OBRAS\Obra_TREINO_1\Fase-5_Geracao_Scripts\DXF_Lajes\_relatorio.json
  DXFs em: D:\Agente-cad-PYSIDE\DADOS-OBRAS\Obra_TREINO_1\Fase-5_Geracao_Scripts\DXF_Lajes

  Proximo: python scripts/comparar_dxf.py --obra D:\Agente-cad-PYSIDE\DADOS-OBRAS\Obra_TREINO_1

=== COMPARADOR DXF vs. GROUND TRUTH (tol=5.0%) ===

--- PILARES ---
  Match rate: 100.0% (37/37)
  Erro médio: 0.0%

--- VIGAS ---
  Match rate: 100.0% (48/48)
  Erro médio: 0.0%

--- LAJES ---
  Match rate: 86.2% (25/29)
  Erro médio: 9.6%
  DIFF L104: ref 244.0x122.0 | gen 24.0x98.0 | err=54.9%
  DIFF L208: ref 100.0x100.0 | gen 24.0x98.0 | err=39.0%
  DIFF L251: ref 100.0x100.0 | gen 140.4x61.2 | err=39.6%
  DIFF L252: ref 100.0x100.0 | gen 0.0x289.2 | err=144.6%

=== SCORE GERAL: 95.4% (PASS | meta: 75.0%) ===
  Pilares: 100.0% | Vigas: 100.0% | Lajes: 86.2%

  Relatorio: D:\Agente-cad-PYSIDE\DADOS-OBRAS\Obra_TREINO_1\Fase-5_Geracao_Scripts\_relatorio_comparacao.json
[INFO] === extrair_ancoras_dxf.py | Obra_TREINO_1 | 1 PAV ===
[INFO] PL DXF: ALIMONTI - PARAISO - 1° PAV.- PL - R00.dxf
[INFO] Pilares: 38 ancoras extraidas do PL DXF
[INFO] Salvo: D:\Agente-cad-PYSIDE\DADOS-OBRAS\Obra_TREINO_1\Fase-3_Interpretacao_Extracao\ancoras_pilares.json (38 pilares)
[INFO] LV DXF: ALIMONTI - PARAISO - 1° PAV.- LV - R00.dxf
[INFO] Vigas: 40 ancoras extraidas do LV DXF
[INFO] Salvo: D:\Agente-cad-PYSIDE\DADOS-OBRAS\Obra_TREINO_1\Fase-3_Interpretacao_Extracao\ancoras_vigas.json (40 vigas)
[INFO] LJ DXF: ALIMONTI - PARAISO - 1° PAV.- LJ - R01.dxf
[INFO] Lajes: 29 ancoras extraidas do LJ DXF
[INFO] Salvo: D:\Agente-cad-PYSIDE\DADOS-OBRAS\Obra_TREINO_1\Fase-3_Interpretacao_Extracao\ancoras_lajes.json (29 lajes)

[RESULTADO]
  Pilares: 38 ancoras
  Vigas:   40 ancoras
  Lajes:   29 ancoras

  STATUS: OK (cobertura suficiente)
[INFO] === consolidar_dxf_pilares.py | Obra_TREINO_1 | 12 PAV ===
  P1: ancora=(6329,10794) offset=(6150,10654) [18 ents]
  P2: ancora=(7389,10781) offset=(7232,10641) [18 ents]
  P3: ancora=(8520,10793) offset=(8371,10653) [18 ents]
  P4: ancora=(5341,10012) offset=(5157,9872) [18 ents]
  P5: ancora=(6411,9998) offset=(6264,9858) [18 ents]
  P6: ancora=(7343,10838) offset=(7233,10698) [18 ents]
  P7: ancora=(8520,9969) offset=(8315,9829) [18 ents]
  P8: ancora=(5397,9261) offset=(5195,9121) [18 ents]
  P9: ancora=(6550,9255) offset=(6411,9115) [18 ents]
  P10: ancora=(8231,3499) offset=(8021,3359) [18 ents]
  P11: ancora=(8734,12121) offset=(8562,11981) [18 ents]
  P12: ancora=(3969,10973) offset=(3808,10833) [18 ents]
  P13: ancora=(5567,10973) offset=(5406,10833) [18 ents]
  P15: ancora=(7137,10973) offset=(7001,10833) [18 ents]
  P16: ancora=(8728,10973) offset=(8565,10833) [18 ents]
  P17: ancora=(3985,9824) offset=(3813,9684) [18 ents]
  P18: ancora=(5554,9824) offset=(5340,9684) [18 ents]
  P19: ancora=(7149,9824) offset=(6977,9684) [18 ents]
  P20: ancora=(8737,9824) offset=(8618,9684) [18 ents]
  P21: ancora=(3969,8676) offset=(3881,8536) [18 ents]
  P23: ancora=(5552,8676) offset=(5395,8536) [18 ents]
  P24: ancora=(7108,8675) offset=(7001,8535) [18 ents]
  P25: ancora=(8575,6935) offset=(8399,6795) [18 ents]
  P26: ancora=(5996,7527) offset=(5851,7387) [18 ents]
  P27: ancora=(4397,6379) offset=(4252,6239) [18 ents]
  P28: ancora=(7676,5428) offset=(7534,5288) [18 ents]
  P29: ancora=(8425,5408) offset=(8203,5268) [18 ents]
  P30: ancora=(4968,4892) offset=(4749,4752) [18 ents]
  P31: ancora=(6195,4882) offset=(6030,4742) [18 ents]
  P32: ancora=(7504,4887) offset=(7388,4747) [18 ents]
  P33: ancora=(8660,4645) offset=(8507,4505) [18 ents]
  P34: ancora=(5403,3858) offset=(5257,3718) [18 ents]
  P35: ancora=(6459,3843) offset=(6329,3703) [18 ents]
  P62: ancora=(6793,3506) offset=(6586,3366) [18 ents]
  P101: ancora=(3972,2933) offset=(3821,2793) [18 ents]
  P102: ancora=(5557,2933) offset=(5406,2793) [18 ents]
  P103: ancora=(7145,2933) offset=(6999,2793) [18 ents]

[RESULTADO]
  Pilares consolidados: 37/37
  Output: D:\Agente-cad-PYSIDE\DADOS-OBRAS\Obra_TREINO_1\Fase-6_Execucao_CAD\PL_gerado.dxf
  Validação: 666 entidades no PL_gerado.dxf
  Relatório: D:\Agente-cad-PYSIDE\DADOS-OBRAS\Obra_TREINO_1\Fase-6_Execucao_CAD\consolidacao_pilares.json
[INFO] === consolidar_dxf_vigas.py | Obra_TREINO_1 ===
  V102: ancora=(0,0) [10 ents]
  V105: ancora=(7977,10377) [22 ents]
  V117: ancora=(0,-600) [13 ents]
  V123: ancora=(0,-1200) [22 ents]
  V124: ancora=(0,-1800) [19 ents]
  V125: ancora=(0,-2400) [22 ents]
  V129: ancora=(0,-3000) [22 ents]
  V201: ancora=(8016,11454) [37 ents]
  V202: ancora=(8022,11134) [16 ents]
  V203: ancora=(4895,10305) [19 ents]
  V204: ancora=(6394,10348) [22 ents]
  V205: ancora=(0,-3600) [22 ents]
  V206: ancora=(3222,9072) [13 ents]
  V207: ancora=(4813,9146) [22 ents]
  V208: ancora=(6480,9157) [19 ents]
  V209: ancora=(7640,8914) [19 ents]
  V210: ancora=(8114,8900) [25 ents]
  V211: ancora=(2888,7796) [10 ents]
  V212: ancora=(3215,7765) [16 ents]
  V213: ancora=(3583,7763) [19 ents]
  V214: ancora=(4461,7781) [19 ents]
  V215: ancora=(5252,7807) [16 ents]
  V216: ancora=(6087,7776) [16 ents]
  V217: ancora=(7817,7776) [34 ents]
  V218: ancora=(3028,6628) [25 ents]
  V219: ancora=(4496,6628) [31 ents]
  V220: ancora=(6018,6628) [16 ents]
  V221: ancora=(6909,6619) [16 ents]
  V222: ancora=(7603,6628) [16 ents]
  V223: ancora=(8366,6595) [16 ents]
  V224: ancora=(2863,5465) [16 ents]
  V225: ancora=(4508,5346) [16 ents]
  V227: ancora=(3570,5437) [16 ents]
  V228: ancora=(7601,5425) [16 ents]
  V229: ancora=(3394,4586) [16 ents]
  V230: ancora=(8378,5455) [16 ents]
  V231: ancora=(0,-4200) [16 ents]
  V232: ancora=(5011,4556) [16 ents]
  V233: ancora=(6401,4453) [16 ents]
  V234: ancora=(7593,4324) [22 ents]
  V235: ancora=(8299,4349) [16 ents]
  V236: ancora=(2890,3221) [10 ents]
  V237: ancora=(3316,3208) [10 ents]
  V238: ancora=(3834,3221) [10 ents]
  V239: ancora=(4508,3184) [22 ents]
  V241: ancora=(5011,3177) [22 ents]
  V242: ancora=(4821,11526) [16 ents]
  V243: ancora=(6408,3184) [13 ents]

[RESULTADO]
  LV_gerado.dxf: 48 vigas (879 entidades)
  FV_gerado.dxf: 48 vigas offset (879 entidades)
  Sem ancora: ['V102', 'V117', 'V123', 'V124', 'V125', 'V129', 'V205', 'V231']
[INFO] === consolidar_dxf_lajes.py | Obra_TREINO_1 ===
  L101: ancora=(4456,2048) [6 ents]
  L102: ancora=(4494,1943) [6 ents]
  L103: ancora=(4333,1838) [5 ents]
  L104: ancora=(4538,2327) [6 ents]
  L109: ancora=(4927,2225) [6 ents]
  L111: ancora=(4681,2388) [6 ents]
  L112: ancora=(4315,2322) [4 ents]
  L115: ancora=(4607,2282) [6 ents]
  L117: ancora=(3779,2829) [6 ents]
  L118: ancora=(4178,2681) [6 ents]
  L119: ancora=(4858,2429) [6 ents]
  L121: ancora=(5224,2068) [5 ents]
  L201: ancora=(3824,2659) [4 ents]
  L202: ancora=(4138,2656) [4 ents]
  L203: ancora=(4415,2645) [4 ents]
  L204: ancora=(4701,2699) [4 ents]
  L205: ancora=(5111,2561) [4 ents]
  L206: ancora=(5583,2485) [4 ents]
  L207: ancora=(5971,2427) [4 ents]
  L208: ancora=(4538,2339) [4 ents]
  L209: ancora=(5176,2251) [4 ents]
  L210: ancora=(5715,2260) [4 ents]
  L211: ancora=(3819,2112) [4 ents]
  L212: ancora=(4127,2008) [4 ents]
  L213: ancora=(4492,1946) [4 ents]
  L214: ancora=(5225,1869) [4 ents]
  L215: ancora=(5442,1988) [4 ents]
  L251: ancora=(3343,3256) [4 ents]
  L252: ancora=(3289,3042) [4 ents]

[RESULTADO]
  Lajes consolidadas: 29/29
  LJ_gerado.dxf: 136 entidades
  Output: D:\Agente-cad-PYSIDE\DADOS-OBRAS\Obra_TREINO_1\Fase-6_Execucao_CAD\LJ_gerado.dxf
[INFO] === validar_dxf_coletivo.py | Obra_TREINO_1 | 1 PAV ===

  [PILARES]
    GT: 38 | Gerado: 37 | Corretos: 37
    id_match: 97.4% | hallucination: 0.0%
    SCORE: 98.4% — APROVADO
    Missing: ['P61']

  [VIGAS]
    GT: 52 | Gerado: 48 | Corretos: 48
    id_match: 92.3% | hallucination: 0.0%
    SCORE: 95.4% — APROVADO
    Missing: ['V104', 'V107', 'V115', 'V121']

  [LAJES]
    GT: 29 | Gerado: 29 | Corretos: 29
    id_match: 100.0% | hallucination: 0.0%
    SCORE: 100.0% — APROVADO

[RESULTADO GLOBAL]
  Score global: 97.8%
  Status: APROVADO (>=90%)

[INFO] Salvo: D:\Agente-cad-PYSIDE\DADOS-OBRAS\Obra_TREINO_1\Fase-6_Execucao_CAD\validation_coletivo.json
[INFO] Processando 37 pilares \u2192 obras_salvas.json
[INFO]   P1: 74x60cm grade_1=0
[INFO]   P2: 67x45cm grade_1=0
[INFO]   P3: 56x48cm grade_1=0
[INFO]   P4: 97x42cm grade_1=0
[INFO]   P5: 56x46cm grade_1=0
[INFO]   P6: 45x20cm grade_1=0
[INFO]   P7: 94x66cm grade_1=0
[INFO]   P8: 90x67cm grade_1=0
[INFO]   P9: 56x38cm grade_1=0
[INFO]   P10: 100x65cm grade_1=0
[INFO]   P11: 97x30cm grade_1=0
[INFO]   P12: 92x24cm grade_1=0
[INFO]   P13: 92x24cm grade_1=0
[INFO]   P15: 67x24cm grade_1=0
[INFO]   P16: 94x24cm grade_1=0
[INFO]   P17: 97x30cm grade_1=0
[INFO]   P18: 97x72cm grade_1=0
[INFO]   P19: 97x30cm grade_1=0
[INFO]   P20: 50x24cm grade_1=0
[INFO]   P21: 24x19cm grade_1=0
[INFO]   P23: 67x45cm grade_1=0
[INFO]   P24: 43x19cm grade_1=0
[INFO]   P25: 97x34cm grade_1=0
[INFO]   P26: 81x19cm grade_1=0
[INFO]   P27: 81x19cm grade_1=0
[INFO]   P28: 60x37cm grade_1=0
[INFO]   P29: 97x80cm grade_1=0
[INFO]   P30: 92x82cm grade_1=0
[INFO]   P31: 82x38cm grade_1=0
[INFO]   P32: 44x27cm grade_1=0
[INFO]   P33: 64x44cm grade_1=0
[INFO]   P34: 82x19cm grade_1=0
[INFO]   P35: 44x41cm grade_1=0
[INFO]   P62: 98x64cm grade_1=0
[INFO]   P101: 82x24cm grade_1=0
[INFO]   P102: 82x24cm grade_1=0
[INFO]   P103: 82x19cm grade_1=0
[INFO] \u2705 obras_salvas.json gerado: 37 pilares \u2192 D:\Agente-cad-PYSIDE\DADOS-OBRAS\Obra_TREINO_1\Fase-4_Sincronizacao\obras_salvas.json
[INFO] \u2705 pavimentos_lista.json gerado \u2192 D:\Agente-cad-PYSIDE\DADOS-OBRAS\Obra_TREINO_1\Fase-4_Sincronizacao\pavimentos_lista.json

============================================================
PIPELINE E2E — Obra_TREINO_1 | 1 PAV
============================================================

[FASE 1] Descoberta de DXFs
  [SKIP] dxf_discovery.json ja existe e contem Obra_TREINO_1

[FASE 2] Engenharia Reversa (Ground Truth)
  [RUN] engenharia_reversa_dxf.py ...
        -> OK (7.9s)

[FASE 3] Extração Dimensional
  [RUN] extrair_bh_pilares.py ...
        -> OK (3.0s)
  [RUN] extrair_vigas_lv.py ...
        -> OK (2.6s)
  [RUN] extrair_lajes_lj.py ...
        -> OK (0.9s)
  [RUN] extrair_garfos_evg.py ...
        -> FALHOU (code 1) (0.6s)
  [RUN] extrair_largura_vigas.py ...
        -> FALHOU (code 2) (0.0s)
  [RUN] extrair_assembly_pl.py ...
        -> FALHOU (code 2) (0.6s)
  [RUN] integrar_fichas_fase3.py ...
        -> OK (0.1s)

[FASE 4] Motor Fase 4 (Transformacao Fase-3 -> Fase-4)
  [CLEAN] Removendo 35 JSONs antigos de JSON_Pilares/
  [CLEAN] Removendo 66 JSONs antigos de JSON_Vigas_Laterais/
  [CLEAN] Removendo 33 JSONs antigos de JSON_Vigas_Fundo/
  [CLEAN] Removendo 39 JSONs antigos de JSON_Lajes/
  [RUN] motor_fase4.py ...
        -> OK (0.3s)

[FASE 5] Geração DXF Individual
  [CLEAN] Removendo 35 DXFs antigos de DXF_Pilares/
  [CLEAN] Removendo 33 DXFs antigos de DXF_Vigas/
  [CLEAN] Removendo 39 DXFs antigos de DXF_Lajes/
  [RUN] gerar_dxf_pilares.py ...
        -> OK (0.9s)
  [RUN] gerar_dxf_vigas.py ...
        -> OK (1.1s)
  [RUN] gerar_dxf_lajes.py ...
        -> OK (0.8s)

[FASE 5b] Comparação DXF Individual vs STOG
  [RUN] comparar_dxf.py ...
        -> OK (2.9s)

[FASE 6] Extração de Âncoras (coords absolutas)
  [RUN] extrair_ancoras_dxf.py ...
        -> OK (5.4s)

[FASE 7] Consolidação DXF Coletivo
  [RUN] consolidar_dxf_pilares.py ...
        -> OK (1.1s)
  [RUN] consolidar_dxf_vigas.py ...
        -> OK (1.5s)
  [RUN] consolidar_dxf_lajes.py ...
        -> OK (0.9s)

[FASE 8] Validação DXF Coletivo
  [RUN] validar_dxf_coletivo.py ...
        -> OK (0.8s)

[FASE 9] Geração obras_salvas.json (formato robô)
  [RUN] gerar_obras_salvas.py ...
        -> OK (0.2s)

============================================================
PIPELINE CONCLUÍDO — APROVADO
  Score coletivo: 97.8%
  Relatório: D:\Agente-cad-PYSIDE\DADOS-OBRAS\Obra_TREINO_1\Fase-8_Revisao_Entrega\pipeline_report.json
============================================================

[INFO] === engenharia_reversa_dxf.py | Obra: Obra_TREINO_1 | Pav: 13 PAV ===
[INFO] Diretório: D:\Agente-cad-PYSIDE\DADOS-OBRAS\Obra_TREINO_1\Fase-1_Ingestao\Projetos_Finalizados_para_Engenharia_Reversa
[INFO] Usando caminhos do dxf_discovery.json para pav '13 PAV'
[INFO] PL DXF: ALIMONTI - PARAISO - 13° PAV.- PL - R00.dxf
[INFO] Pilares extraídos: 35 IDs | Pé Direito: Nonecm -> D:\Agente-cad-PYSIDE\DADOS-OBRAS\Obra_TREINO_1\Fase-3_Interpretacao_Extracao\Pilares\pilares_ground_truth.json
[INFO] LV DXF: ALIMONTI - PARAISO - 13° PAV.- LV - R00.dxf
[INFO] Vigas extraídas: 63 IDs -> D:\Agente-cad-PYSIDE\DADOS-OBRAS\Obra_TREINO_1\Fase-3_Interpretacao_Extracao\Vigas\vigas_ground_truth.json
[INFO] LJ DXF: ALIMONTI - PARAISO - 13° PAV.- LJ - R00.dxf
[INFO] Lajes extraídas: 39 IDs -> D:\Agente-cad-PYSIDE\DADOS-OBRAS\Obra_TREINO_1\Fase-3_Interpretacao_Extracao\Lajes\lajes_ground_truth.json
[INFO] === RESULTADO: 35 pilares (ground truth) ===
[INFO] NOTA: IDs e count são CONFIÁVEIS. B/H requerem revisão manual ou análise visual.
[INFO] Ground truth salvo em: D:\Agente-cad-PYSIDE\DADOS-OBRAS\Obra_TREINO_1\Fase-3_Interpretacao_Extracao
[INFO] === extrair_bh_pilares.py | Obra_TREINO_1 | 13 PAV ===
[INFO] PL DXF: ALIMONTI - PARAISO - 13° PAV.- PL - R00.dxf
[INFO] Max distancia proximity: 300.0 unidades DXF
[INFO] Lendo DXF (pode demorar para arquivos grandes)...
[INFO] DXF carregado: 7580 entidades
[INFO] Extraindo posicoes dos pilares (layer Texto Secao)...
[INFO] Pilares encontrados: 35
[INFO] Extraindo DIMENSION entities (layers de cota)...
[INFO] DIMENSIONs de cota encontradas: 588
[INFO] Inverse proximity: 588 dims assignadas a 35 pilares

[RESULTADO] Extracao B/H de Pilares
  Total pilares:      35
  B+H completos:      35 (100.0%)
  Apenas H:           0
  Sem dados:          0

[INFO] Salvo em: D:\Agente-cad-PYSIDE\DADOS-OBRAS\Obra_TREINO_1\Fase-3_Interpretacao_Extracao\Pilares\pilares_bh.json
[INFO] pilares_ground_truth.json atualizado: 35 pilares com B/H

[AMOSTRA] Primeiros 5 pilares extraidos:
  P1: B=19.0cm, H=88.0cm, conf=90%
  P2: B=19.0cm, H=88.0cm, conf=90%
  P3: B=19.0cm, H=88.0cm, conf=90%
  P4: B=19.0cm, H=88.0cm, conf=90%
  P5: B=19.0cm, H=88.0cm, conf=90%
DXF: ALIMONTI - PARAISO - 13° PAV.- LV - R00.dxf
  Labels encontrados: 33 vigas
  Cota Seção (2x): 76 dims
  COTA: 986 dims

=== RESULTADO ===
  Total vigas: 33
  Com altura_lateral: 33/33
  Com comprimento: 33/33
  Com ambos: 33/33
  Confiança média: 86%
  Output: D:\Agente-cad-PYSIDE\DADOS-OBRAS\Obra_TREINO_1\Fase-3_Interpretacao_Extracao\Vigas\vigas_dim.json

Viga     Alt(cm)    Comp(cm)     Conf     Sides
-------------------------------------------------------
V7       38         415          89%      A+B
V13      38         415          89%      A+B
V301     110        418          84%      A+B
V302     110        244          84%      A+B
V303     110        418          89%      A+B
V304     38         578          84%      A+B
V305     38         722          84%      A+B
V306     110        418          84%      A+B
V308     38         684          89%      A+B
V309     38         570          89%      A+B
V310     100        277          84%      A+B
V311     38         415          89%      A+B
V312     240        418          84%      A+B
V314     240        415          89%      A+B
V315     38         415          89%      A+B
V316     240        718          84%      A+B
V317     38         415          89%      A+B
V318     240        415          89%      A+B
V319     38         415          89%      A+B
V320     240        415          84%      A+B
V321     38         455          84%      A+B
V322     240        415          84%      A+B
V323     38         455          89%      A+B
V324     38         248          84%      A+B
V325     240        415          84%      A+B
V326     38         307          89%      A+B
V327     28         307          84%      A+B
V328     28         474          84%      A+B
V329     38         474          89%      A+B
V330     240        455          84%      A+B
V331     28         244          84%      B
V332     38         415          89%      A+B
V309A    110        570          84%      A+B
[INFO] === extrair_lajes_lj.py | Obra_TREINO_1 | 13 PAV ===
[INFO] LJ DXF: ALIMONTI - PARAISO - 13° PAV.- LJ - R00.dxf
[INFO] Lendo DXF...
[INFO] 1933 entidades
[INFO] Extraindo labels e codigos de lajes...
[DEBUG] Labels encontrados: ['L301', 'L302', 'L303', 'L304', 'L305', 'L306', 'L307', 'L308', 'L309', 'L310', 'L311', 'L312', 'L313', 'L314', 'L315', 'L316', 'L317', 'L318', 'L319', 'L320', 'L321', 'L322', 'L323', 'L324', 'L325', 'L326', 'L327', 'L328', 'L329', 'L330', 'L331']
[DEBUG] Lajes com paineis AUX00: ['L10', 'L11', 'L12', 'L13', 'L14', 'L15', 'L16', 'L9']
[INFO] Lajes encontradas: 39
[INFO] Construindo fichas com coordenadas...

[RESULTADO] Extracao de Lajes
  Total lajes:        39
  Com dimensoes:      0
  Com coordenadas:    3

[INFO] Salvo em: D:\Agente-cad-PYSIDE\DADOS-OBRAS\Obra_TREINO_1\Fase-3_Interpretacao_Extracao\Lajes\lajes_data.json
[INFO] lajes_ground_truth.json atualizado: 0 lajes com dimensoes

[AMOSTRA] Primeiras lajes:
  L9: NonexNonecm | area=Nonecm2 | coords=0pts | conf=75%
  L10: NonexNonecm | area=Nonecm2 | coords=0pts | conf=75%
  L11: NonexNonecm | area=Nonecm2 | coords=0pts | conf=75%
  L12: NonexNonecm | area=Nonecm2 | coords=0pts | conf=75%
  L13: NonexNonecm | area=Nonecm2 | coords=0pts | conf=75%
  L14: NonexNonecm | area=Nonecm2 | coords=5pts | conf=75%
  L15: NonexNonecm | area=Nonecm2 | coords=5pts | conf=75%
  L16: NonexNonecm | area=Nonecm2 | coords=0pts | conf=85%
ERRO: Nenhum EVG DXF encontrado em D:\Agente-cad-PYSIDE\DADOS-OBRAS\Obra_TREINO_1
C:\Python314\python.exe: can't open file 'D:\\Agente-cad-PYSIDE\\Agente-cad-PYSIDE-Restored-main\\scripts\\extrair_largura_vigas.py': [Errno 2] No such file or directory
usage: extrair_assembly_pl.py [-h] --obra OBRA [--pav PAV] [--output OUTPUT]
extrair_assembly_pl.py: error: unrecognized arguments: --pavimento 13 PAV
=== VIGAS ===
  AVISO: vigas_largura.json nao encontrado — usando b=15cm (default)
  vigas.json atualizado: 33 vigas
    V7: b=15.0cm h=38.0cm L=415.0cm
    V13: b=15.0cm h=38.0cm L=415.0cm
    V301: b=15.0cm h=110.0cm L=418.0cm
    V302: b=15.0cm h=110.0cm L=244.0cm
    V303: b=15.0cm h=110.0cm L=418.0cm
    V304: b=15.0cm h=38.0cm L=578.0cm
    V305: b=15.0cm h=38.0cm L=722.0cm
    V306: b=15.0cm h=110.0cm L=418.0cm
    V308: b=15.0cm h=38.0cm L=684.5cm
    V309: b=15.0cm h=38.0cm L=570.0cm
    V310: b=15.0cm h=100.0cm L=277.0cm
    V311: b=15.0cm h=38.0cm L=415.0cm
    V312: b=15.0cm h=240.0cm L=418.0cm
    V314: b=15.0cm h=240.0cm L=415.0cm
    V315: b=15.0cm h=38.0cm L=415.0cm
    V316: b=15.0cm h=240.0cm L=718.0cm
    V317: b=15.0cm h=38.0cm L=415.0cm
    V318: b=15.0cm h=240.0cm L=415.0cm
    V319: b=15.0cm h=38.0cm L=415.0cm
    V320: b=15.0cm h=240.0cm L=415.0cm
    V321: b=15.0cm h=38.0cm L=455.0cm
    V322: b=15.0cm h=240.0cm L=415.0cm
    V323: b=15.0cm h=38.0cm L=455.0cm
    V324: b=15.0cm h=38.0cm L=248.0cm
    V325: b=15.0cm h=240.0cm L=415.0cm
    V326: b=15.0cm h=38.0cm L=307.0cm
    V327: b=15.0cm h=28.0cm L=307.0cm
    V328: b=15.0cm h=28.0cm L=474.0cm
    V329: b=15.0cm h=38.0cm L=474.0cm
    V330: b=15.0cm h=240.0cm L=455.0cm
    V331: b=15.0cm h=28.0cm L=244.0cm
    V332: b=15.0cm h=38.0cm L=415.0cm
    V309A: b=15.0cm h=110.0cm L=570.0cm

=== LAJES ===
  AVISO: lajes_poligono.json nao encontrado, usando lajes_data.json
  AVISO: Laje L301: dimensoes invalidas, usando 100x100
  AVISO: Laje L302: dimensoes invalidas, usando 100x100
  AVISO: Laje L303: dimensoes invalidas, usando 100x100
  AVISO: Laje L304: dimensoes invalidas, usando 100x100
  AVISO: Laje L305: dimensoes invalidas, usando 100x100
  AVISO: Laje L306: dimensoes invalidas, usando 100x100
  AVISO: Laje L307: dimensoes invalidas, usando 100x100
  AVISO: Laje L308: dimensoes invalidas, usando 100x100
  AVISO: Laje L309: dimensoes invalidas, usando 100x100
  AVISO: Laje L310: dimensoes invalidas, usando 100x100
  AVISO: Laje L311: dimensoes invalidas, usando 100x100
  AVISO: Laje L312: dimensoes invalidas, usando 100x100
  AVISO: Laje L313: dimensoes invalidas, usando 100x100
  AVISO: Laje L314: dimensoes invalidas, usando 100x100
  AVISO: Laje L315: dimensoes invalidas, usando 100x100
  AVISO: Laje L316: dimensoes invalidas, usando 100x100
  AVISO: Laje L317: dimensoes invalidas, usando 100x100
  AVISO: Laje L318: dimensoes invalidas, usando 100x100
  AVISO: Laje L319: dimensoes invalidas, usando 100x100
  AVISO: Laje L320: dimensoes invalidas, usando 100x100
  AVISO: Laje L321: dimensoes invalidas, usando 100x100
  AVISO: Laje L322: dimensoes invalidas, usando 100x100
  AVISO: Laje L323: dimensoes invalidas, usando 100x100
  AVISO: Laje L324: dimensoes invalidas, usando 100x100
  AVISO: Laje L325: dimensoes invalidas, usando 100x100
  AVISO: Laje L326: dimensoes invalidas, usando 100x100
  AVISO: Laje L327: dimensoes invalidas, usando 100x100
  AVISO: Laje L328: dimensoes invalidas, usando 100x100
  AVISO: Laje L329: dimensoes invalidas, usando 100x100
  AVISO: Laje L330: dimensoes invalidas, usando 100x100
  AVISO: Laje L331: dimensoes invalidas, usando 100x100
  lajes.json atualizado: 39 lajes
    L9: 244.0x122.0cm area=29768 [aux00-panels]
    L10: 244.0x122.0cm area=29768 [aux00-panels]
    L11: 244.0x122.0cm area=29768 [aux00-panels]
    L12: 244.0x122.0cm area=29768 [aux00-panels]
    L13: 244.0x122.0cm area=29768 [aux00-panels]
    L14: 244.0x122.0cm area=29768 [aux00-panels]
    L15: 244.0x122.0cm area=29768 [aux00-panels]
    L16: 244.0x122.0cm area=29768 [aux00-panels]
    L301: 100.0x100.0cm area=10000 [label-only]
    L302: 100.0x100.0cm area=10000 [label-only]
    L303: 100.0x100.0cm area=10000 [label-only]
    L304: 100.0x100.0cm area=10000 [label-only]
    L305: 100.0x100.0cm area=10000 [label-only]
    L306: 100.0x100.0cm area=10000 [label-only]
    L307: 100.0x100.0cm area=10000 [label-only]
    L308: 100.0x100.0cm area=10000 [label-only]
    L309: 100.0x100.0cm area=10000 [label-only]
    L310: 100.0x100.0cm area=10000 [label-only]
    L311: 100.0x100.0cm area=10000 [label-only]
    L312: 100.0x100.0cm area=10000 [label-only]
    L313: 100.0x100.0cm area=10000 [label-only]
    L314: 100.0x100.0cm area=10000 [label-only]
    L315: 100.0x100.0cm area=10000 [label-only]
    L316: 100.0x100.0cm area=10000 [label-only]
    L317: 100.0x100.0cm area=10000 [label-only]
    L318: 100.0x100.0cm area=10000 [label-only]
    L319: 100.0x100.0cm area=10000 [label-only]
    L320: 100.0x100.0cm area=10000 [label-only]
    L321: 100.0x100.0cm area=10000 [label-only]
    L322: 100.0x100.0cm area=10000 [label-only]
    L323: 100.0x100.0cm area=10000 [label-only]
    L324: 100.0x100.0cm area=10000 [label-only]
    L325: 100.0x100.0cm area=10000 [label-only]
    L326: 100.0x100.0cm area=10000 [label-only]
    L327: 100.0x100.0cm area=10000 [label-only]
    L328: 100.0x100.0cm area=10000 [label-only]
    L329: 100.0x100.0cm area=10000 [label-only]
    L330: 100.0x100.0cm area=10000 [label-only]
    L331: 100.0x100.0cm area=10000 [label-only]

=== INTEGRACAO COMPLETA: 33 vigas + 39 lajes ===
  Proximos passos: python scripts/motor_fase4.py --obra D:\Agente-cad-PYSIDE\DADOS-OBRAS\Obra_TREINO_1
[INFO] === motor_fase4.py | Obra: Obra_TREINO_1 | Pav: 13 PAV ===
[INFO] Carregado: D:\Agente-cad-PYSIDE\DADOS-OBRAS\Obra_TREINO_1\Fase-3_Interpretacao_Extracao\Pilares\pilares_bh.json (36 itens)
[WARNING] pilares_assembly.json nao encontrado — grades ficarao zeradas
[INFO]   \u2705 Pilar P1: 88.0x19.0cm, h=280.0cm
[INFO]   \u2705 Pilar P2: 88.0x19.0cm, h=280.0cm
[INFO]   \u2705 Pilar P3: 88.0x19.0cm, h=280.0cm
[INFO]   \u2705 Pilar P4: 88.0x19.0cm, h=280.0cm
[INFO]   \u2705 Pilar P5: 88.0x19.0cm, h=280.0cm
[INFO]   \u2705 Pilar P6: 88.0x19.0cm, h=280.0cm
[INFO]   \u2705 Pilar P7: 88.0x19.0cm, h=280.0cm
[INFO]   \u2705 Pilar P8: 88.0x19.0cm, h=280.0cm
[INFO]   \u2705 Pilar P9: 97.0x19.0cm, h=280.0cm
[INFO]   \u2705 Pilar P10: 82.0x73.0cm, h=280.0cm
[INFO]   \u2705 Pilar P11: 73.0x19.0cm, h=280.0cm
[INFO]   \u2705 Pilar P12: 73.0x19.0cm, h=280.0cm
[INFO]   \u2705 Pilar P13: 73.0x19.0cm, h=280.0cm
[INFO]   \u2705 Pilar P14: 73.0x19.0cm, h=280.0cm
[INFO]   \u2705 Pilar P15: 73.0x19.0cm, h=280.0cm
[INFO]   \u2705 Pilar P16: 73.0x19.0cm, h=280.0cm
[INFO]   \u2705 Pilar P17: 73.0x19.0cm, h=280.0cm
[INFO]   \u2705 Pilar P18: 97.0x19.0cm, h=280.0cm
[INFO]   \u2705 Pilar P19: 97.0x19.0cm, h=280.0cm
[INFO]   \u2705 Pilar P20: 97.0x19.0cm, h=280.0cm
[INFO]   \u2705 Pilar P21: 97.0x19.0cm, h=280.0cm
[INFO]   \u2705 Pilar P22: 97.0x19.0cm, h=280.0cm
[INFO]   \u2705 Pilar P23: 97.0x19.0cm, h=280.0cm
[INFO]   \u2705 Pilar P24: 97.0x19.0cm, h=280.0cm
[INFO]   \u2705 Pilar P25: 82.0x19.0cm, h=280.0cm
[INFO]   \u2705 Pilar P26: 54.0x52.0cm, h=280.0cm
[INFO]   \u2705 Pilar P27: 81.0x19.0cm, h=280.0cm
[INFO]   \u2705 Pilar P28: 97.0x24.0cm, h=280.0cm
[INFO]   \u2705 Pilar P29: 88.0x24.0cm, h=280.0cm
[INFO]   \u2705 Pilar P30: 88.0x24.0cm, h=280.0cm
[INFO]   \u2705 Pilar P31: 88.0x24.0cm, h=280.0cm
[INFO]   \u2705 Pilar P32: 88.0x24.0cm, h=280.0cm
[INFO]   \u2705 Pilar P33: 97.0x19.0cm, h=280.0cm
[INFO]   \u2705 Pilar P34: 82.0x19.0cm, h=280.0cm
[INFO]   \u2705 Pilar P35: 82.0x19.0cm, h=280.0cm
[INFO] Pilares: 35 processados -> D:\Agente-cad-PYSIDE\DADOS-OBRAS\Obra_TREINO_1\Fase-4_Sincronizacao\pilares_salvos.json
[INFO] Carregado: D:\Agente-cad-PYSIDE\DADOS-OBRAS\Obra_TREINO_1\Fase-3_Interpretacao_Extracao\Vigas\vigas.json (34 itens)
[INFO]   \u2705 Viga V7: b=15.0cm, h=38.0cm, L=415.0cm -> A+B
[INFO]   \u2705 Viga V13: b=15.0cm, h=38.0cm, L=415.0cm -> A+B
[INFO]   \u2705 Viga V301: b=15.0cm, h=110.0cm, L=418.0cm -> A+B
[INFO]   \u2705 Viga V302: b=15.0cm, h=110.0cm, L=244.0cm -> A+B
[INFO]   \u2705 Viga V303: b=15.0cm, h=110.0cm, L=418.0cm -> A+B
[INFO]   \u2705 Viga V304: b=15.0cm, h=38.0cm, L=578.0cm -> A+B
[INFO]   \u2705 Viga V305: b=15.0cm, h=38.0cm, L=722.0cm -> A+B
[INFO]   \u2705 Viga V306: b=15.0cm, h=110.0cm, L=418.0cm -> A+B
[INFO]   \u2705 Viga V308: b=15.0cm, h=38.0cm, L=684.5cm -> A+B
[INFO]   \u2705 Viga V309: b=15.0cm, h=38.0cm, L=570.0cm -> A+B
[INFO]   \u2705 Viga V310: b=15.0cm, h=100.0cm, L=277.0cm -> A+B
[INFO]   \u2705 Viga V311: b=15.0cm, h=38.0cm, L=415.0cm -> A+B
[INFO]   \u2705 Viga V312: b=15.0cm, h=240.0cm, L=418.0cm -> A+B
[INFO]   \u2705 Viga V314: b=15.0cm, h=240.0cm, L=415.0cm -> A+B
[INFO]   \u2705 Viga V315: b=15.0cm, h=38.0cm, L=415.0cm -> A+B
[INFO]   \u2705 Viga V316: b=15.0cm, h=240.0cm, L=718.0cm -> A+B
[INFO]   \u2705 Viga V317: b=15.0cm, h=38.0cm, L=415.0cm -> A+B
[INFO]   \u2705 Viga V318: b=15.0cm, h=240.0cm, L=415.0cm -> A+B
[INFO]   \u2705 Viga V319: b=15.0cm, h=38.0cm, L=415.0cm -> A+B
[INFO]   \u2705 Viga V320: b=15.0cm, h=240.0cm, L=415.0cm -> A+B
[INFO]   \u2705 Viga V321: b=15.0cm, h=38.0cm, L=455.0cm -> A+B
[INFO]   \u2705 Viga V322: b=15.0cm, h=240.0cm, L=415.0cm -> A+B
[INFO]   \u2705 Viga V323: b=15.0cm, h=38.0cm, L=455.0cm -> A+B
[INFO]   \u2705 Viga V324: b=15.0cm, h=38.0cm, L=248.0cm -> A+B
[INFO]   \u2705 Viga V325: b=15.0cm, h=240.0cm, L=415.0cm -> A+B
[INFO]   \u2705 Viga V326: b=15.0cm, h=38.0cm, L=307.0cm -> A+B
[INFO]   \u2705 Viga V327: b=15.0cm, h=28.0cm, L=307.0cm -> A+B
[INFO]   \u2705 Viga V328: b=15.0cm, h=28.0cm, L=474.0cm -> A+B
[INFO]   \u2705 Viga V329: b=15.0cm, h=38.0cm, L=474.0cm -> A+B
[INFO]   \u2705 Viga V330: b=15.0cm, h=240.0cm, L=455.0cm -> A+B
[INFO]   \u2705 Viga V331: b=15.0cm, h=28.0cm, L=244.0cm -> A+B
[INFO]   \u2705 Viga V332: b=15.0cm, h=38.0cm, L=415.0cm -> A+B
[INFO]   \u2705 Viga V309A: b=15.0cm, h=110.0cm, L=570.0cm -> A+B
[INFO] Vigas: 33 processadas -> D:\Agente-cad-PYSIDE\DADOS-OBRAS\Obra_TREINO_1\Fase-4_Sincronizacao\vigas_salvas.json
[INFO] Carregado: D:\Agente-cad-PYSIDE\DADOS-OBRAS\Obra_TREINO_1\Fase-3_Interpretacao_Extracao\Lajes\lajes.json (40 itens)
[INFO]   \u2705 Laje L9: 244.0x122.0cm, 3 cortes
[INFO]   \u2705 Laje L10: 244.0x122.0cm, 3 cortes
[INFO]   \u2705 Laje L11: 244.0x122.0cm, 3 cortes
[INFO]   \u2705 Laje L12: 244.0x122.0cm, 3 cortes
[INFO]   \u2705 Laje L13: 244.0x122.0cm, 3 cortes
[INFO]   \u2705 Laje L14: 244.0x122.0cm, 3 cortes
[INFO]   \u2705 Laje L15: 244.0x122.0cm, 3 cortes
[INFO]   \u2705 Laje L16: 244.0x122.0cm, 3 cortes
[INFO]   \u2705 Laje L301: 100.0x100.0cm, 1 cortes
[INFO]   \u2705 Laje L302: 100.0x100.0cm, 1 cortes
[INFO]   \u2705 Laje L303: 100.0x100.0cm, 1 cortes
[INFO]   \u2705 Laje L304: 100.0x100.0cm, 1 cortes
[INFO]   \u2705 Laje L305: 100.0x100.0cm, 1 cortes
[INFO]   \u2705 Laje L306: 100.0x100.0cm, 1 cortes
[INFO]   \u2705 Laje L307: 100.0x100.0cm, 1 cortes
[INFO]   \u2705 Laje L308: 100.0x100.0cm, 1 cortes
[INFO]   \u2705 Laje L309: 100.0x100.0cm, 1 cortes
[INFO]   \u2705 Laje L310: 100.0x100.0cm, 1 cortes
[INFO]   \u2705 Laje L311: 100.0x100.0cm, 1 cortes
[INFO]   \u2705 Laje L312: 100.0x100.0cm, 1 cortes
[INFO]   \u2705 Laje L313: 100.0x100.0cm, 1 cortes
[INFO]   \u2705 Laje L314: 100.0x100.0cm, 1 cortes
[INFO]   \u2705 Laje L315: 100.0x100.0cm, 1 cortes
[INFO]   \u2705 Laje L316: 100.0x100.0cm, 1 cortes
[INFO]   \u2705 Laje L317: 100.0x100.0cm, 1 cortes
[INFO]   \u2705 Laje L318: 100.0x100.0cm, 1 cortes
[INFO]   \u2705 Laje L319: 100.0x100.0cm, 1 cortes
[INFO]   \u2705 Laje L320: 100.0x100.0cm, 1 cortes
[INFO]   \u2705 Laje L321: 100.0x100.0cm, 1 cortes
[INFO]   \u2705 Laje L322: 100.0x100.0cm, 1 cortes
[INFO]   \u2705 Laje L323: 100.0x100.0cm, 1 cortes
[INFO]   \u2705 Laje L324: 100.0x100.0cm, 1 cortes
[INFO]   \u2705 Laje L325: 100.0x100.0cm, 1 cortes
[INFO]   \u2705 Laje L326: 100.0x100.0cm, 1 cortes
[INFO]   \u2705 Laje L327: 100.0x100.0cm, 1 cortes
[INFO]   \u2705 Laje L328: 100.0x100.0cm, 1 cortes
[INFO]   \u2705 Laje L329: 100.0x100.0cm, 1 cortes
[INFO]   \u2705 Laje L330: 100.0x100.0cm, 1 cortes
[INFO]   \u2705 Laje L331: 100.0x100.0cm, 1 cortes
[INFO] Lajes: 39 processadas -> D:\Agente-cad-PYSIDE\DADOS-OBRAS\Obra_TREINO_1\Fase-4_Sincronizacao\lajes_salvas.json
[INFO] obras_salvas.json: 35 pilares \u2192 D:\Agente-cad-PYSIDE\DADOS-OBRAS\Obra_TREINO_1\Fase-4_Sincronizacao\obras_salvas.json
[INFO] === RESULTADO: 35 pilares, 33 vigas, 39 lajes | 0 erros ===
  pilares_bh.json: 36 pilares

=== GERANDO DXF PILARES (35 pilares) ===
  P1: b=19 h=88 paineis=12 alt=280cm [BH-extraido]
  P10: b=73 h=82 paineis=12 alt=280cm [BH-extraido]
  P11: b=19 h=73 paineis=12 alt=280cm [BH-extraido]
  P12: b=19 h=73 paineis=12 alt=280cm [BH-extraido]
  P13: b=19 h=73 paineis=12 alt=280cm [BH-extraido]
  P14: b=19 h=73 paineis=12 alt=280cm [BH-extraido]
  P15: b=19 h=73 paineis=12 alt=280cm [BH-extraido]
  P16: b=19 h=73 paineis=12 alt=280cm [BH-extraido]
  P17: b=19 h=73 paineis=12 alt=280cm [BH-extraido]
  P18: b=19 h=97 paineis=12 alt=280cm [BH-extraido]
  P19: b=19 h=97 paineis=12 alt=280cm [BH-extraido]
  P2: b=19 h=88 paineis=12 alt=280cm [BH-extraido]
  P20: b=19 h=97 paineis=12 alt=280cm [BH-extraido]
  P21: b=19 h=97 paineis=12 alt=280cm [BH-extraido]
  P22: b=19 h=97 paineis=12 alt=280cm [BH-extraido]
  P23: b=19 h=97 paineis=12 alt=280cm [BH-extraido]
  P24: b=19 h=97 paineis=12 alt=280cm [BH-extraido]
  P25: b=19 h=82 paineis=12 alt=280cm [BH-extraido]
  P26: b=52 h=54 paineis=12 alt=280cm [BH-extraido]
  P27: b=19 h=81 paineis=12 alt=280cm [BH-extraido]
  P28: b=24 h=97 paineis=12 alt=280cm [BH-extraido]
  P29: b=24 h=88 paineis=12 alt=280cm [BH-extraido]
  P3: b=19 h=88 paineis=12 alt=280cm [BH-extraido]
  P30: b=24 h=88 paineis=12 alt=280cm [BH-extraido]
  P31: b=24 h=88 paineis=12 alt=280cm [BH-extraido]
  P32: b=24 h=88 paineis=12 alt=280cm [BH-extraido]
  P33: b=19 h=97 paineis=12 alt=280cm [BH-extraido]
  P34: b=19 h=82 paineis=12 alt=280cm [BH-extraido]
  P35: b=19 h=82 paineis=12 alt=280cm [BH-extraido]
  P4: b=19 h=88 paineis=12 alt=280cm [BH-extraido]
  P5: b=19 h=88 paineis=12 alt=280cm [BH-extraido]
  P6: b=19 h=88 paineis=12 alt=280cm [BH-extraido]
  P7: b=19 h=88 paineis=12 alt=280cm [BH-extraido]
  P8: b=19 h=88 paineis=12 alt=280cm [BH-extraido]
  P9: b=19 h=97 paineis=12 alt=280cm [BH-extraido]

=== RESULTADO: 35 DXFs gerados | 0 erros ===
  Relatorio: D:\Agente-cad-PYSIDE\DADOS-OBRAS\Obra_TREINO_1\Fase-5_Geracao_Scripts\DXF_Pilares\_relatorio.json
  DXFs em: D:\Agente-cad-PYSIDE\DADOS-OBRAS\Obra_TREINO_1\Fase-5_Geracao_Scripts\DXF_Pilares

  Proximo: python scripts/comparar_dxf_pilares.py --obra D:\Agente-cad-PYSIDE\DADOS-OBRAS\Obra_TREINO_1

=== GERANDO DXF VIGAS (33 vigas) ===
  V7: b=15 h=38 L=415cm | paineis A=4 B=4 F=4
  V13: b=15 h=38 L=415cm | paineis A=4 B=4 F=4
  V301: b=15 h=110 L=418cm | paineis A=4 B=4 F=4
  V302: b=15 h=110 L=244cm | paineis A=3 B=3 F=3
  V303: b=15 h=110 L=418cm | paineis A=4 B=4 F=4
  V304: b=15 h=38 L=578cm | paineis A=5 B=5 F=5
  V305: b=15 h=38 L=722cm | paineis A=7 B=7 F=7
  V306: b=15 h=110 L=418cm | paineis A=4 B=4 F=4
  V308: b=15 h=38 L=684cm | paineis A=6 B=6 F=6
  V309: b=15 h=38 L=570cm | paineis A=5 B=5 F=5
  V310: b=15 h=100 L=277cm | paineis A=3 B=3 F=3
  V311: b=15 h=38 L=415cm | paineis A=4 B=4 F=4
  V312: b=15 h=240 L=418cm | paineis A=4 B=4 F=4
  V314: b=15 h=240 L=415cm | paineis A=4 B=4 F=4
  V315: b=15 h=38 L=415cm | paineis A=4 B=4 F=4
  V316: b=15 h=240 L=718cm | paineis A=6 B=6 F=6
  V317: b=15 h=38 L=415cm | paineis A=4 B=4 F=4
  V318: b=15 h=240 L=415cm | paineis A=4 B=4 F=4
  V319: b=15 h=38 L=415cm | paineis A=4 B=4 F=4
  V320: b=15 h=240 L=415cm | paineis A=4 B=4 F=4
  V321: b=15 h=38 L=455cm | paineis A=4 B=4 F=4
  V322: b=15 h=240 L=415cm | paineis A=4 B=4 F=4
  V323: b=15 h=38 L=455cm | paineis A=4 B=4 F=4
  V324: b=15 h=38 L=248cm | paineis A=3 B=3 F=3
  V325: b=15 h=240 L=415cm | paineis A=4 B=4 F=4
  V326: b=15 h=38 L=307cm | paineis A=3 B=3 F=3
  V327: b=15 h=28 L=307cm | paineis A=3 B=3 F=3
  V328: b=15 h=28 L=474cm | paineis A=4 B=4 F=4
  V329: b=15 h=38 L=474cm | paineis A=4 B=4 F=4
  V330: b=15 h=240 L=455cm | paineis A=4 B=4 F=4
  V331: b=15 h=28 L=244cm | paineis A=3 B=3 F=3
  V332: b=15 h=38 L=415cm | paineis A=4 B=4 F=4
  V309A: b=15 h=110 L=570cm | paineis A=5 B=5 F=5

=== RESULTADO: 33 DXFs gerados | 0 erros ===
  Relatorio: D:\Agente-cad-PYSIDE\DADOS-OBRAS\Obra_TREINO_1\Fase-5_Geracao_Scripts\DXF_Vigas\_relatorio.json
  DXFs em: D:\Agente-cad-PYSIDE\DADOS-OBRAS\Obra_TREINO_1\Fase-5_Geracao_Scripts\DXF_Vigas

  Proximo: python scripts/comparar_dxf_vigas.py --obra D:\Agente-cad-PYSIDE\DADOS-OBRAS\Obra_TREINO_1

=== GERANDO DXF LAJES (39 lajes) ===
  L9: 244.0x122.0cm paineis=4x1 area=29768cm2
  L10: 244.0x122.0cm paineis=4x1 area=29768cm2
  L11: 244.0x122.0cm paineis=4x1 area=29768cm2
  L12: 244.0x122.0cm paineis=4x1 area=29768cm2
  L13: 244.0x122.0cm paineis=4x1 area=29768cm2
  L14: 244.0x122.0cm paineis=4x1 area=29768cm2
  L15: 244.0x122.0cm paineis=4x1 area=29768cm2
  L16: 244.0x122.0cm paineis=4x1 area=29768cm2
  L301: 100.0x100.0cm paineis=2x1 area=10000cm2
  L302: 100.0x100.0cm paineis=2x1 area=10000cm2
  L303: 100.0x100.0cm paineis=2x1 area=10000cm2
  L304: 100.0x100.0cm paineis=2x1 area=10000cm2
  L305: 100.0x100.0cm paineis=2x1 area=10000cm2
  L306: 100.0x100.0cm paineis=2x1 area=10000cm2
  L307: 100.0x100.0cm paineis=2x1 area=10000cm2
  L308: 100.0x100.0cm paineis=2x1 area=10000cm2
  L309: 100.0x100.0cm paineis=2x1 area=10000cm2
  L310: 100.0x100.0cm paineis=2x1 area=10000cm2
  L311: 100.0x100.0cm paineis=2x1 area=10000cm2
  L312: 100.0x100.0cm paineis=2x1 area=10000cm2
  L313: 100.0x100.0cm paineis=2x1 area=10000cm2
  L314: 100.0x100.0cm paineis=2x1 area=10000cm2
  L315: 100.0x100.0cm paineis=2x1 area=10000cm2
  L316: 100.0x100.0cm paineis=2x1 area=10000cm2
  L317: 100.0x100.0cm paineis=2x1 area=10000cm2
  L318: 100.0x100.0cm paineis=2x1 area=10000cm2
  L319: 100.0x100.0cm paineis=2x1 area=10000cm2
  L320: 100.0x100.0cm paineis=2x1 area=10000cm2
  L321: 100.0x100.0cm paineis=2x1 area=10000cm2
  L322: 100.0x100.0cm paineis=2x1 area=10000cm2
  L323: 100.0x100.0cm paineis=2x1 area=10000cm2
  L324: 100.0x100.0cm paineis=2x1 area=10000cm2
  L325: 100.0x100.0cm paineis=2x1 area=10000cm2
  L326: 100.0x100.0cm paineis=2x1 area=10000cm2
  L327: 100.0x100.0cm paineis=2x1 area=10000cm2
  L328: 100.0x100.0cm paineis=2x1 area=10000cm2
  L329: 100.0x100.0cm paineis=2x1 area=10000cm2
  L330: 100.0x100.0cm paineis=2x1 area=10000cm2
  L331: 100.0x100.0cm paineis=2x1 area=10000cm2

=== RESULTADO: 39 DXFs gerados | 0 erros ===
  Relatorio: D:\Agente-cad-PYSIDE\DADOS-OBRAS\Obra_TREINO_1\Fase-5_Geracao_Scripts\DXF_Lajes\_relatorio.json
  DXFs em: D:\Agente-cad-PYSIDE\DADOS-OBRAS\Obra_TREINO_1\Fase-5_Geracao_Scripts\DXF_Lajes

  Proximo: python scripts/comparar_dxf.py --obra D:\Agente-cad-PYSIDE\DADOS-OBRAS\Obra_TREINO_1

=== COMPARADOR DXF vs. GROUND TRUTH (tol=5.0%) ===

--- PILARES ---
  Match rate: 100.0% (35/35)
  Erro médio: 0.0%

--- VIGAS ---
  Match rate: 100.0% (33/33)
  Erro médio: 0.0%

--- LAJES ---
  Match rate: 92.3% (36/39)
  Erro médio: 3.9%
  DIFF L14: ref 244.0x122.0 | gen 19.0x100.0 | err=55.1%
  DIFF L15: ref 244.0x122.0 | gen 19.0x100.0 | err=55.1%
  DIFF L317: ref 100.0x100.0 | gen 19.0x104.0 | err=42.5%

=== SCORE GERAL: 97.4% (PASS | meta: 75.0%) ===
  Pilares: 100.0% | Vigas: 100.0% | Lajes: 92.3%

  Relatorio: D:\Agente-cad-PYSIDE\DADOS-OBRAS\Obra_TREINO_1\Fase-5_Geracao_Scripts\_relatorio_comparacao.json
[INFO] === extrair_ancoras_dxf.py | Obra_TREINO_1 | 13 PAV ===
[INFO] PL DXF: ALIMONTI - PARAISO - 13° PAV.- PL - R00.dxf
[INFO] Pilares: 35 ancoras extraidas do PL DXF
[INFO] Salvo: D:\Agente-cad-PYSIDE\DADOS-OBRAS\Obra_TREINO_1\Fase-3_Interpretacao_Extracao\ancoras_pilares.json (35 pilares)
[INFO] LV DXF: ALIMONTI - PARAISO - 13° PAV.- LV - R00.dxf
[INFO] Vigas: 31 ancoras extraidas do LV DXF
[INFO] Salvo: D:\Agente-cad-PYSIDE\DADOS-OBRAS\Obra_TREINO_1\Fase-3_Interpretacao_Extracao\ancoras_vigas.json (31 vigas)
[INFO] LJ DXF: ALIMONTI - PARAISO - 13° PAV.- LJ - R00.dxf
[INFO] Lajes: 39 ancoras extraidas do LJ DXF
[INFO] Salvo: D:\Agente-cad-PYSIDE\DADOS-OBRAS\Obra_TREINO_1\Fase-3_Interpretacao_Extracao\ancoras_lajes.json (39 lajes)

[RESULTADO]
  Pilares: 35 ancoras
  Vigas:   31 ancoras
  Lajes:   39 ancoras

  STATUS: OK (cobertura suficiente)
[INFO] === consolidar_dxf_pilares.py | Obra_TREINO_1 | 12 PAV ===
  P1: ancora=(5358,12203) offset=(5206,12063) [18 ents]
  P2: ancora=(6943,12203) offset=(6791,12063) [18 ents]
  P3: ancora=(8528,12203) offset=(8376,12063) [18 ents]
  P4: ancora=(3760,11053) offset=(3608,10913) [18 ents]
  P5: ancora=(5365,11053) offset=(5213,10913) [18 ents]
  P6: ancora=(6943,11053) offset=(6791,10913) [18 ents]
  P7: ancora=(8528,11053) offset=(8376,10913) [18 ents]
  P8: ancora=(3759,9905) offset=(3607,9765) [18 ents]
  P9: ancora=(5349,9905) offset=(5188,9765) [18 ents]
  P10: ancora=(6951,9905) offset=(6751,9765) [18 ents]
  P11: ancora=(8522,9906) offset=(8386,9766) [18 ents]
  P12: ancora=(3751,8758) offset=(3614,8618) [18 ents]
  P13: ancora=(5349,8758) offset=(5212,8618) [18 ents]
  P14: ancora=(6934,8758) offset=(6797,8618) [18 ents]
  P15: ancora=(8519,8758) offset=(8382,8618) [18 ents]
  P16: ancora=(3751,7609) offset=(3614,7469) [18 ents]
  P17: ancora=(5332,7609) offset=(5196,7469) [18 ents]
  P18: ancora=(6671,7582) offset=(6510,7442) [18 ents]
  P19: ancora=(8531,7608) offset=(8370,7468) [18 ents]
  P20: ancora=(3763,6459) offset=(3602,6319) [18 ents]
  P21: ancora=(5361,6459) offset=(5200,6319) [18 ents]
  P22: ancora=(6946,6459) offset=(6785,6319) [18 ents]
  P23: ancora=(8524,6459) offset=(8363,6319) [18 ents]
  P24: ancora=(3763,5310) offset=(3602,5170) [18 ents]
  P25: ancora=(5361,5310) offset=(5215,5170) [18 ents]
  P26: ancora=(6850,4929) offset=(6699,4789) [18 ents]
  P27: ancora=(7356,4164) offset=(7211,4024) [18 ents]
  P28: ancora=(3793,3015) offset=(3627,2875) [18 ents]
  P29: ancora=(5344,3015) offset=(5187,2875) [18 ents]
  P30: ancora=(6929,3015) offset=(6772,2875) [18 ents]
  P31: ancora=(8514,3015) offset=(8357,2875) [18 ents]
  P32: ancora=(3759,1866) offset=(3602,1726) [18 ents]
  P33: ancora=(5341,1865) offset=(5180,1725) [18 ents]
  P34: ancora=(6933,1865) offset=(6787,1725) [18 ents]
  P35: ancora=(8518,1865) offset=(8372,1725) [18 ents]

[RESULTADO]
  Pilares consolidados: 35/35
  Output: D:\Agente-cad-PYSIDE\DADOS-OBRAS\Obra_TREINO_1\Fase-6_Execucao_CAD\PL_gerado.dxf
  Validação: 630 entidades no PL_gerado.dxf
  Relatório: D:\Agente-cad-PYSIDE\DADOS-OBRAS\Obra_TREINO_1\Fase-6_Execucao_CAD\consolidacao_pilares.json
[INFO] === consolidar_dxf_vigas.py | Obra_TREINO_1 ===
  V7: ancora=(0,0) [16 ents]
  V13: ancora=(6747,4555) [16 ents]
  V301: ancora=(5483,8282) [16 ents]
  V302: ancora=(3898,7144) [13 ents]
  V303: ancora=(7059,7130) [16 ents]
  V304: ancora=(2252,5654) [19 ents]
  V305: ancora=(3637,5665) [25 ents]
  V306: ancora=(5485,5997) [16 ents]
  V308: ancora=(2195,4530) [22 ents]
  V309: ancora=(0,-600) [19 ents]
  V309A: ancora=(3860,4858) [19 ents]
  V310: ancora=(3992,4333) [13 ents]
  V311: ancora=(5148,4537) [16 ents]
  V312: ancora=(5925,4719) [16 ents]
  V314: ancora=(7485,4719) [16 ents]
  V315: ancora=(1987,3389) [16 ents]
  V316: ancora=(2755,3570) [22 ents]
  V317: ancora=(3580,3376) [16 ents]
  V318: ancora=(4315,3570) [16 ents]
  V319: ancora=(5159,3389) [16 ents]
  V320: ancora=(5925,3570) [16 ents]
  V321: ancora=(6832,3406) [16 ents]
  V322: ancora=(2303,2421) [16 ents]
  V323: ancora=(7531,3399) [16 ents]
  V324: ancora=(3050,2247) [13 ents]
  V325: ancora=(3866,2450) [16 ents]
  V326: ancora=(4598,2247) [13 ents]
  V327: ancora=(5176,2247) [13 ents]
  V328: ancora=(5569,2247) [16 ents]
  V329: ancora=(6223,2224) [16 ents]
  V330: ancora=(7299,2440) [16 ents]
  V331: ancora=(2099,1001) [13 ents]
  V332: ancora=(2646,1078) [16 ents]

[RESULTADO]
  LV_gerado.dxf: 33 vigas (540 entidades)
  FV_gerado.dxf: 33 vigas offset (540 entidades)
  Sem ancora: ['V7', 'V309']
[INFO] === consolidar_dxf_lajes.py | Obra_TREINO_1 ===
  L9: ancora=(2875,2437) [6 ents]
  L10: ancora=(3299,2437) [6 ents]
  L11: ancora=(3736,2437) [6 ents]
  L12: ancora=(4173,2437) [6 ents]
  L13: ancora=(4610,2437) [6 ents]
  L14: ancora=(5061,2437) [6 ents]
  L15: ancora=(5498,2437) [6 ents]
  L16: ancora=(5937,2501) [6 ents]
  L301: ancora=(2918,2754) [4 ents]
  L302: ancora=(3361,2695) [4 ents]
  L303: ancora=(3790,2695) [4 ents]
  L304: ancora=(4224,2695) [4 ents]
  L305: ancora=(4658,2695) [4 ents]
  L306: ancora=(5088,2694) [4 ents]
  L307: ancora=(5530,2758) [4 ents]
  L308: ancora=(5930,2694) [4 ents]
  L309: ancora=(2924,2430) [4 ents]
  L310: ancora=(3344,2429) [4 ents]
  L311: ancora=(3802,2489) [4 ents]
  L312: ancora=(4226,2506) [4 ents]
  L313: ancora=(4674,2488) [4 ents]
  L314: ancora=(5086,2425) [4 ents]
  L315: ancora=(5535,2428) [4 ents]
  L316: ancora=(5937,2459) [4 ents]
  L317: ancora=(6098,2706) [4 ents]
  L318: ancora=(4213,2138) [4 ents]
  L319: ancora=(2913,1885) [4 ents]
  L320: ancora=(3348,1865) [4 ents]
  L321: ancora=(3792,1870) [4 ents]
  L322: ancora=(4212,1869) [4 ents]
  L323: ancora=(4670,1868) [4 ents]
  L324: ancora=(5089,1872) [4 ents]
  L325: ancora=(5385,1774) [4 ents]
  L326: ancora=(3029,1618) [4 ents]
  L327: ancora=(3315,1630) [4 ents]
  L328: ancora=(3818,1632) [4 ents]
  L329: ancora=(4256,1597) [4 ents]
  L330: ancora=(4629,1596) [4 ents]
  L331: ancora=(5130,1596) [4 ents]

[RESULTADO]
  Lajes consolidadas: 39/39
  LJ_gerado.dxf: 172 entidades
  Output: D:\Agente-cad-PYSIDE\DADOS-OBRAS\Obra_TREINO_1\Fase-6_Execucao_CAD\LJ_gerado.dxf
[INFO] === validar_dxf_coletivo.py | Obra_TREINO_1 | 13 PAV ===

  [PILARES]
    GT: 35 | Gerado: 35 | Corretos: 35
    id_match: 100.0% | hallucination: 0.0%
    SCORE: 100.0% — APROVADO

  [VIGAS]
    GT: 63 | Gerado: 33 | Corretos: 33
    id_match: 52.4% | hallucination: 0.0%
    SCORE: 71.4% — REPROVADO
    Missing: ['V1', 'V10', 'V11', 'V12', 'V14', 'V15', 'V16', 'V17', 'V18', 'V19']

  [LAJES]
    GT: 39 | Gerado: 39 | Corretos: 39
    id_match: 100.0% | hallucination: 0.0%
    SCORE: 100.0% — APROVADO

[RESULTADO GLOBAL]
  Score global: 90.0%
  Status: APROVADO (>=90%)

[INFO] Salvo: D:\Agente-cad-PYSIDE\DADOS-OBRAS\Obra_TREINO_1\Fase-6_Execucao_CAD\validation_coletivo.json
[INFO] Processando 35 pilares \u2192 obras_salvas.json
[INFO]   P1: 88x19cm grade_1=0
[INFO]   P2: 88x19cm grade_1=0
[INFO]   P3: 88x19cm grade_1=0
[INFO]   P4: 88x19cm grade_1=0
[INFO]   P5: 88x19cm grade_1=0
[INFO]   P6: 88x19cm grade_1=0
[INFO]   P7: 88x19cm grade_1=0
[INFO]   P8: 88x19cm grade_1=0
[INFO]   P9: 97x19cm grade_1=0
[INFO]   P10: 82x73cm grade_1=0
[INFO]   P11: 73x19cm grade_1=0
[INFO]   P12: 73x19cm grade_1=0
[INFO]   P13: 73x19cm grade_1=0
[INFO]   P14: 73x19cm grade_1=0
[INFO]   P15: 73x19cm grade_1=0
[INFO]   P16: 73x19cm grade_1=0
[INFO]   P17: 73x19cm grade_1=0
[INFO]   P18: 97x19cm grade_1=0
[INFO]   P19: 97x19cm grade_1=0
[INFO]   P20: 97x19cm grade_1=0
[INFO]   P21: 97x19cm grade_1=0
[INFO]   P22: 97x19cm grade_1=0
[INFO]   P23: 97x19cm grade_1=0
[INFO]   P24: 97x19cm grade_1=0
[INFO]   P25: 82x19cm grade_1=0
[INFO]   P26: 54x52cm grade_1=0
[INFO]   P27: 81x19cm grade_1=0
[INFO]   P28: 97x24cm grade_1=0
[INFO]   P29: 88x24cm grade_1=0
[INFO]   P30: 88x24cm grade_1=0
[INFO]   P31: 88x24cm grade_1=0
[INFO]   P32: 88x24cm grade_1=0
[INFO]   P33: 97x19cm grade_1=0
[INFO]   P34: 82x19cm grade_1=0
[INFO]   P35: 82x19cm grade_1=0
[INFO] \u2705 obras_salvas.json gerado: 35 pilares \u2192 D:\Agente-cad-PYSIDE\DADOS-OBRAS\Obra_TREINO_1\Fase-4_Sincronizacao\obras_salvas.json
[INFO] \u2705 pavimentos_lista.json gerado \u2192 D:\Agente-cad-PYSIDE\DADOS-OBRAS\Obra_TREINO_1\Fase-4_Sincronizacao\pavimentos_lista.json

============================================================
PIPELINE E2E — Obra_TREINO_1 | 13 PAV
============================================================

[FASE 1] Descoberta de DXFs
  [SKIP] dxf_discovery.json ja existe e contem Obra_TREINO_1

[FASE 2] Engenharia Reversa (Ground Truth)
  [RUN] engenharia_reversa_dxf.py ...
        -> OK (7.4s)

[FASE 3] Extração Dimensional
  [RUN] extrair_bh_pilares.py ...
        -> OK (2.8s)
  [RUN] extrair_vigas_lv.py ...
        -> OK (2.5s)
  [RUN] extrair_lajes_lj.py ...
        -> OK (1.1s)
  [RUN] extrair_garfos_evg.py ...
        -> FALHOU (code 1) (0.6s)
  [RUN] extrair_largura_vigas.py ...
        -> FALHOU (code 2) (0.0s)
  [RUN] extrair_assembly_pl.py ...
        -> FALHOU (code 2) (0.6s)
  [RUN] integrar_fichas_fase3.py ...
        -> OK (0.1s)

[FASE 4] Motor Fase 4 (Transformacao Fase-3 -> Fase-4)
  [CLEAN] Removendo 37 JSONs antigos de JSON_Pilares/
  [CLEAN] Removendo 96 JSONs antigos de JSON_Vigas_Laterais/
  [CLEAN] Removendo 48 JSONs antigos de JSON_Vigas_Fundo/
  [CLEAN] Removendo 29 JSONs antigos de JSON_Lajes/
  [RUN] motor_fase4.py ...
        -> OK (0.2s)

[FASE 5] Geração DXF Individual
  [CLEAN] Removendo 37 DXFs antigos de DXF_Pilares/
  [CLEAN] Removendo 48 DXFs antigos de DXF_Vigas/
  [CLEAN] Removendo 29 DXFs antigos de DXF_Lajes/
  [RUN] gerar_dxf_pilares.py ...
        -> OK (0.9s)
  [RUN] gerar_dxf_vigas.py ...
        -> OK (0.9s)
  [RUN] gerar_dxf_lajes.py ...
        -> OK (0.9s)

[FASE 5b] Comparação DXF Individual vs STOG
  [RUN] comparar_dxf.py ...
        -> OK (2.4s)

[FASE 6] Extração de Âncoras (coords absolutas)
  [RUN] extrair_ancoras_dxf.py ...
        -> OK (5.1s)

[FASE 7] Consolidação DXF Coletivo
  [RUN] consolidar_dxf_pilares.py ...
        -> OK (1.1s)
  [RUN] consolidar_dxf_vigas.py ...
        -> OK (1.1s)
  [RUN] consolidar_dxf_lajes.py ...
        -> OK (1.0s)

[FASE 8] Validação DXF Coletivo
  [RUN] validar_dxf_coletivo.py ...
        -> OK (0.7s)

[FASE 9] Geração obras_salvas.json (formato robô)
  [RUN] gerar_obras_salvas.py ...
        -> OK (0.2s)

============================================================
PIPELINE CONCLUÍDO — PARCIAL
  Score coletivo: 90.0%
  Relatório: D:\Agente-cad-PYSIDE\DADOS-OBRAS\Obra_TREINO_1\Fase-8_Revisao_Entrega\pipeline_report.json
============================================================

[INFO] === engenharia_reversa_dxf.py | Obra: Obra_TREINO_1 | Pav: 14 PAV ===
[INFO] Diretório: D:\Agente-cad-PYSIDE\DADOS-OBRAS\Obra_TREINO_1\Fase-1_Ingestao\Projetos_Finalizados_para_Engenharia_Reversa
[INFO] Usando caminhos do dxf_discovery.json para pav '14 PAV'
[INFO] PL DXF: ALIMONTI - PARAISO - 14° PAV.- PL - R00.dxf
[INFO] Pilares extraídos: 35 IDs | Pé Direito: Nonecm -> D:\Agente-cad-PYSIDE\DADOS-OBRAS\Obra_TREINO_1\Fase-3_Interpretacao_Extracao\Pilares\pilares_ground_truth.json
[INFO] LV DXF: ALIMONTI - PARAISO - 14° PAV.- LV - R00.dxf
[INFO] Vigas extraídas: 47 IDs -> D:\Agente-cad-PYSIDE\DADOS-OBRAS\Obra_TREINO_1\Fase-3_Interpretacao_Extracao\Vigas\vigas_ground_truth.json
[INFO] LJ DXF: ALIMONTI - PARAISO - 14° PAV.- LJ - R00.dxf
[INFO] Lajes extraídas: 33 IDs -> D:\Agente-cad-PYSIDE\DADOS-OBRAS\Obra_TREINO_1\Fase-3_Interpretacao_Extracao\Lajes\lajes_ground_truth.json
[INFO] === RESULTADO: 35 pilares (ground truth) ===
[INFO] NOTA: IDs e count são CONFIÁVEIS. B/H requerem revisão manual ou análise visual.
[INFO] Ground truth salvo em: D:\Agente-cad-PYSIDE\DADOS-OBRAS\Obra_TREINO_1\Fase-3_Interpretacao_Extracao
[INFO] === extrair_bh_pilares.py | Obra_TREINO_1 | 14 PAV ===
[INFO] PL DXF: ALIMONTI - PARAISO - 14° PAV.- PL - R00.dxf
[INFO] Max distancia proximity: 300.0 unidades DXF
[INFO] Lendo DXF (pode demorar para arquivos grandes)...
[INFO] DXF carregado: 6412 entidades
[INFO] Extraindo posicoes dos pilares (layer Texto Secao)...
[INFO] Pilares encontrados: 35
[INFO] Extraindo DIMENSION entities (layers de cota)...
[INFO] DIMENSIONs de cota encontradas: 558
[INFO] Inverse proximity: 558 dims assignadas a 35 pilares

[RESULTADO] Extracao B/H de Pilares
  Total pilares:      35
  B+H completos:      34 (97.1%)
  Apenas H:           1
  Sem dados:          0

[INFO] Salvo em: D:\Agente-cad-PYSIDE\DADOS-OBRAS\Obra_TREINO_1\Fase-3_Interpretacao_Extracao\Pilares\pilares_bh.json
[INFO] pilares_ground_truth.json atualizado: 34 pilares com B/H

[AMOSTRA] Primeiros 5 pilares extraidos:
  P10: B=73.0cm, H=82.0cm, conf=90%
  P11: B=19.0cm, H=73.0cm, conf=90%
  P12: B=19.0cm, H=73.0cm, conf=90%
  P14: B=19.0cm, H=73.0cm, conf=90%
  P16: B=19.0cm, H=73.0cm, conf=90%
DXF: ALIMONTI - PARAISO - 14° PAV.- LV - R00.dxf
  Labels encontrados: 26 vigas
  Cota Seção (2x): 68 dims
  COTA: 876 dims

=== RESULTADO ===
  Total vigas: 26
  Com altura_lateral: 26/26
  Com comprimento: 26/26
  Com ambos: 26/26
  Confiança média: 87%
  Output: D:\Agente-cad-PYSIDE\DADOS-OBRAS\Obra_TREINO_1\Fase-3_Interpretacao_Extracao\Vigas\vigas_dim.json

Viga     Alt(cm)    Comp(cm)     Conf     Sides
-------------------------------------------------------
V401     110        244          89%      A+B
V402     110        244          89%      A+B
V403     110        418          89%      A+B
V404     38         578          84%      A+B
V405     38         570          84%      A+B
V407     110        855          84%      A+B
V408     38         684          89%      A+B
V409     38         570          89%      A+B
V410     110        570          84%      A+B
V411     100        277          84%      A+B
V412     38         415          89%      A+B
V413     38         415          89%      A+B
V414     38         415          89%      A+B
V415     38         415          89%      A+B
V416     38         415          89%      A+B
V417     38         303          89%      A+B
V418     38         415          89%      A+B
V419     38         455          84%      A+B
V420     38         455          89%      A+B
V421     38         455          89%      A+B
V422     38         303          89%      A+B
V423     38         303          84%      A+B
V424     28         260          89%      A+B
V425     28         474          84%      A+B
V426     38         422          84%      A+B
V427     110        244          84%      A+B
[INFO] === extrair_lajes_lj.py | Obra_TREINO_1 | 14 PAV ===
[INFO] LJ DXF: ALIMONTI - PARAISO - 14° PAV.- LJ - R00.dxf
[INFO] Lendo DXF...
[INFO] 1679 entidades
[INFO] Extraindo labels e codigos de lajes...
[DEBUG] Labels encontrados: ['L401', 'L402', 'L403', 'L404', 'L405', 'L406', 'L407', 'L408', 'L409', 'L410', 'L411', 'L412', 'L413', 'L414', 'L415', 'L416', 'L417', 'L418', 'L419', 'L420', 'L421', 'L422']
[DEBUG] Lajes com paineis AUX00: ['L301', 'L302', 'L303', 'L304', 'L305', 'L306', 'L307', 'L308', 'L309', 'L312', 'L316']
[INFO] Lajes encontradas: 33
[INFO] Construindo fichas com coordenadas...

[RESULTADO] Extracao de Lajes
  Total lajes:        33
  Com dimensoes:      0
  Com coordenadas:    6

[INFO] Salvo em: D:\Agente-cad-PYSIDE\DADOS-OBRAS\Obra_TREINO_1\Fase-3_Interpretacao_Extracao\Lajes\lajes_data.json
[INFO] lajes_ground_truth.json atualizado: 0 lajes com dimensoes

[AMOSTRA] Primeiras lajes:
  L301: NonexNonecm | area=Nonecm2 | coords=5pts | conf=75%
  L302: NonexNonecm | area=Nonecm2 | coords=5pts | conf=75%
  L303: NonexNonecm | area=Nonecm2 | coords=0pts | conf=75%
  L304: NonexNonecm | area=Nonecm2 | coords=0pts | conf=75%
  L305: NonexNonecm | area=Nonecm2 | coords=0pts | conf=75%
  L306: NonexNonecm | area=Nonecm2 | coords=0pts | conf=75%
  L307: NonexNonecm | area=Nonecm2 | coords=0pts | conf=75%
  L308: NonexNonecm | area=Nonecm2 | coords=0pts | conf=75%
ERRO: Nenhum EVG DXF encontrado em D:\Agente-cad-PYSIDE\DADOS-OBRAS\Obra_TREINO_1
C:\Python314\python.exe: can't open file 'D:\\Agente-cad-PYSIDE\\Agente-cad-PYSIDE-Restored-main\\scripts\\extrair_largura_vigas.py': [Errno 2] No such file or directory
usage: extrair_assembly_pl.py [-h] --obra OBRA [--pav PAV] [--output OUTPUT]
extrair_assembly_pl.py: error: unrecognized arguments: --pavimento 14 PAV
=== VIGAS ===
  AVISO: vigas_largura.json nao encontrado — usando b=15cm (default)
  vigas.json atualizado: 26 vigas
    V401: b=15.0cm h=110.0cm L=244.0cm
    V402: b=15.0cm h=110.0cm L=244.0cm
    V403: b=15.0cm h=110.0cm L=418.0cm
    V404: b=15.0cm h=38.0cm L=578.0cm
    V405: b=15.0cm h=38.0cm L=570.0cm
    V407: b=15.0cm h=110.0cm L=855.0cm
    V408: b=15.0cm h=38.0cm L=684.5cm
    V409: b=15.0cm h=38.0cm L=570.0cm
    V410: b=15.0cm h=110.0cm L=570.0cm
    V411: b=15.0cm h=100.0cm L=277.0cm
    V412: b=15.0cm h=38.0cm L=415.0cm
    V413: b=15.0cm h=38.0cm L=415.0cm
    V414: b=15.0cm h=38.0cm L=415.0cm
    V415: b=15.0cm h=38.0cm L=415.0cm
    V416: b=15.0cm h=38.0cm L=415.0cm
    V417: b=15.0cm h=38.0cm L=303.0cm
    V418: b=15.0cm h=38.0cm L=415.0cm
    V419: b=15.0cm h=38.0cm L=455.0cm
    V420: b=15.0cm h=38.0cm L=455.0cm
    V421: b=15.0cm h=38.0cm L=455.0cm
    V422: b=15.0cm h=38.0cm L=303.0cm
    V423: b=15.0cm h=38.0cm L=303.0cm
    V424: b=15.0cm h=28.0cm L=260.0cm
    V425: b=15.0cm h=28.0cm L=474.0cm
    V426: b=15.0cm h=38.0cm L=422.0cm
    V427: b=15.0cm h=110.0cm L=244.0cm

=== LAJES ===
  AVISO: lajes_poligono.json nao encontrado, usando lajes_data.json
  AVISO: Laje L401: dimensoes invalidas, usando 100x100
  AVISO: Laje L402: dimensoes invalidas, usando 100x100
  AVISO: Laje L403: dimensoes invalidas, usando 100x100
  AVISO: Laje L404: dimensoes invalidas, usando 100x100
  AVISO: Laje L405: dimensoes invalidas, usando 100x100
  AVISO: Laje L406: dimensoes invalidas, usando 100x100
  AVISO: Laje L407: dimensoes invalidas, usando 100x100
  AVISO: Laje L408: dimensoes invalidas, usando 100x100
  AVISO: Laje L409: dimensoes invalidas, usando 100x100
  AVISO: Laje L410: dimensoes invalidas, usando 100x100
  AVISO: Laje L411: dimensoes invalidas, usando 100x100
  AVISO: Laje L412: dimensoes invalidas, usando 100x100
  AVISO: Laje L413: dimensoes invalidas, usando 100x100
  AVISO: Laje L414: dimensoes invalidas, usando 100x100
  AVISO: Laje L415: dimensoes invalidas, usando 100x100
  AVISO: Laje L416: dimensoes invalidas, usando 100x100
  AVISO: Laje L417: dimensoes invalidas, usando 100x100
  AVISO: Laje L418: dimensoes invalidas, usando 100x100
  AVISO: Laje L419: dimensoes invalidas, usando 100x100
  AVISO: Laje L420: dimensoes invalidas, usando 100x100
  AVISO: Laje L421: dimensoes invalidas, usando 100x100
  AVISO: Laje L422: dimensoes invalidas, usando 100x100
  lajes.json atualizado: 33 lajes
    L301: 244.0x102.0cm area=24888 [aux00-panels]
    L302: 244.0x102.0cm area=24888 [aux00-panels]
    L303: 244.0x102.0cm area=24888 [aux00-panels]
    L304: 174.0x102.0cm area=17748 [aux00-panels]
    L305: 174.0x102.0cm area=17748 [aux00-panels]
    L306: 174.0x102.0cm area=17748 [aux00-panels]
    L307: 174.0x102.0cm area=17748 [aux00-panels]
    L308: 167.0x102.0cm area=17034 [aux00-panels]
    L309: 161.5x122.0cm area=19703 [aux00-panels]
    L312: 174.0x122.0cm area=21228 [aux00-panels]
    L316: 244.0x122.0cm area=29768 [aux00-panels]
    L401: 100.0x100.0cm area=10000 [label-only]
    L402: 100.0x100.0cm area=10000 [label-only]
    L403: 100.0x100.0cm area=10000 [label-only]
    L404: 100.0x100.0cm area=10000 [label-only]
    L405: 100.0x100.0cm area=10000 [label-only]
    L406: 100.0x100.0cm area=10000 [label-only]
    L407: 100.0x100.0cm area=10000 [label-only]
    L408: 100.0x100.0cm area=10000 [label-only]
    L409: 100.0x100.0cm area=10000 [label-only]
    L410: 100.0x100.0cm area=10000 [label-only]
    L411: 100.0x100.0cm area=10000 [label-only]
    L412: 100.0x100.0cm area=10000 [label-only]
    L413: 100.0x100.0cm area=10000 [label-only]
    L414: 100.0x100.0cm area=10000 [label-only]
    L415: 100.0x100.0cm area=10000 [label-only]
    L416: 100.0x100.0cm area=10000 [label-only]
    L417: 100.0x100.0cm area=10000 [label-only]
    L418: 100.0x100.0cm area=10000 [label-only]
    L419: 100.0x100.0cm area=10000 [label-only]
    L420: 100.0x100.0cm area=10000 [label-only]
    L421: 100.0x100.0cm area=10000 [label-only]
    L422: 100.0x100.0cm area=10000 [label-only]

=== INTEGRACAO COMPLETA: 26 vigas + 33 lajes ===
  Proximos passos: python scripts/motor_fase4.py --obra D:\Agente-cad-PYSIDE\DADOS-OBRAS\Obra_TREINO_1
[INFO] === motor_fase4.py | Obra: Obra_TREINO_1 | Pav: 14 PAV ===
[INFO] Carregado: D:\Agente-cad-PYSIDE\DADOS-OBRAS\Obra_TREINO_1\Fase-3_Interpretacao_Extracao\Pilares\pilares_bh.json (36 itens)
[WARNING] pilares_assembly.json nao encontrado — grades ficarao zeradas
[INFO]   \u2705 Pilar P10: 82.0x73.0cm, h=280.0cm
[INFO]   \u2705 Pilar P11: 73.0x19.0cm, h=280.0cm
[INFO]   \u2705 Pilar P12: 73.0x19.0cm, h=280.0cm
[INFO]   \u2705 Pilar P14: 73.0x19.0cm, h=280.0cm
[INFO]   \u2705 Pilar P16: 73.0x19.0cm, h=280.0cm
[INFO]   \u2705 Pilar P17: 73.0x19.0cm, h=280.0cm
[INFO]   \u2705 Pilar P18: 26.0x19.0cm, h=280.0cm
[INFO]   \u2705 Pilar P19: 97.0x19.0cm, h=280.0cm
[INFO]   \u2705 Pilar P20: 97.0x19.0cm, h=280.0cm
[INFO]   \u2705 Pilar P21: 97.0x19.0cm, h=280.0cm
[INFO]   \u2705 Pilar P22: 97.0x19.0cm, h=280.0cm
[INFO]   \u2705 Pilar P23: 97.0x19.0cm, h=280.0cm
[INFO]   \u2705 Pilar P24: 97.0x19.0cm, h=280.0cm
[INFO]   \u2705 Pilar P25: 82.0x19.0cm, h=280.0cm
[INFO]   \u2705 Pilar P26: 81.0x19.0cm, h=280.0cm
[INFO]   \u2705 Pilar P27: 54.0x27.6cm, h=280.0cm
[INFO]   \u2705 Pilar P28: 97.0x24.0cm, h=280.0cm
[INFO]   \u2705 Pilar P29: 88.0x24.0cm, h=280.0cm
[INFO]   \u2705 Pilar P30: 88.0x24.0cm, h=280.0cm
[INFO]   \u2705 Pilar P31: 88.0x24.0cm, h=280.0cm
[INFO]   \u2705 Pilar P32: 88.0x24.0cm, h=280.0cm
[INFO]   \u2705 Pilar P33: 97.0x19.0cm, h=280.0cm
[INFO]   \u2705 Pilar P34: 82.0x19.0cm, h=280.0cm
[INFO]   \u2705 Pilar P35: 82.0x19.0cm, h=280.0cm
[INFO]   \u2705 Pilar P41: 59.0x48.0cm, h=280.0cm
[WARNING] Pilar P42: dimensoes invalidas (b=0.0, h=72.0). Pular.
[INFO]   \u2705 Pilar P43: 72.0x48.0cm, h=280.0cm
[INFO]   \u2705 Pilar P44: 72.0x59.0cm, h=280.0cm
[INFO]   \u2705 Pilar P45: 72.0x19.0cm, h=280.0cm
[INFO]   \u2705 Pilar P46: 72.0x19.0cm, h=280.0cm
[INFO]   \u2705 Pilar P47: 59.0x19.0cm, h=280.0cm
[INFO]   \u2705 Pilar P48: 72.0x19.0cm, h=280.0cm
[INFO]   \u2705 Pilar P49: 100.0x95.0cm, h=280.0cm
[INFO]   \u2705 Pilar P50: 72.0x19.0cm, h=280.0cm
[INFO]   \u2705 Pilar P51: 95.0x65.0cm, h=280.0cm
[INFO] Pilares: 34 processados -> D:\Agente-cad-PYSIDE\DADOS-OBRAS\Obra_TREINO_1\Fase-4_Sincronizacao\pilares_salvos.json
[INFO] Carregado: D:\Agente-cad-PYSIDE\DADOS-OBRAS\Obra_TREINO_1\Fase-3_Interpretacao_Extracao\Vigas\vigas.json (27 itens)
[INFO]   \u2705 Viga V401: b=15.0cm, h=110.0cm, L=244.0cm -> A+B
[INFO]   \u2705 Viga V402: b=15.0cm, h=110.0cm, L=244.0cm -> A+B
[INFO]   \u2705 Viga V403: b=15.0cm, h=110.0cm, L=418.0cm -> A+B
[INFO]   \u2705 Viga V404: b=15.0cm, h=38.0cm, L=578.0cm -> A+B
[INFO]   \u2705 Viga V405: b=15.0cm, h=38.0cm, L=570.0cm -> A+B
[INFO]   \u2705 Viga V407: b=15.0cm, h=110.0cm, L=855.0cm -> A+B
[INFO]   \u2705 Viga V408: b=15.0cm, h=38.0cm, L=684.5cm -> A+B
[INFO]   \u2705 Viga V409: b=15.0cm, h=38.0cm, L=570.0cm -> A+B
[INFO]   \u2705 Viga V410: b=15.0cm, h=110.0cm, L=570.0cm -> A+B
[INFO]   \u2705 Viga V411: b=15.0cm, h=100.0cm, L=277.0cm -> A+B
[INFO]   \u2705 Viga V412: b=15.0cm, h=38.0cm, L=415.0cm -> A+B
[INFO]   \u2705 Viga V413: b=15.0cm, h=38.0cm, L=415.0cm -> A+B
[INFO]   \u2705 Viga V414: b=15.0cm, h=38.0cm, L=415.0cm -> A+B
[INFO]   \u2705 Viga V415: b=15.0cm, h=38.0cm, L=415.0cm -> A+B
[INFO]   \u2705 Viga V416: b=15.0cm, h=38.0cm, L=415.0cm -> A+B
[INFO]   \u2705 Viga V417: b=15.0cm, h=38.0cm, L=303.0cm -> A+B
[INFO]   \u2705 Viga V418: b=15.0cm, h=38.0cm, L=415.0cm -> A+B
[INFO]   \u2705 Viga V419: b=15.0cm, h=38.0cm, L=455.0cm -> A+B
[INFO]   \u2705 Viga V420: b=15.0cm, h=38.0cm, L=455.0cm -> A+B
[INFO]   \u2705 Viga V421: b=15.0cm, h=38.0cm, L=455.0cm -> A+B
[INFO]   \u2705 Viga V422: b=15.0cm, h=38.0cm, L=303.0cm -> A+B
[INFO]   \u2705 Viga V423: b=15.0cm, h=38.0cm, L=303.0cm -> A+B
[INFO]   \u2705 Viga V424: b=15.0cm, h=28.0cm, L=260.0cm -> A+B
[INFO]   \u2705 Viga V425: b=15.0cm, h=28.0cm, L=474.0cm -> A+B
[INFO]   \u2705 Viga V426: b=15.0cm, h=38.0cm, L=422.0cm -> A+B
[INFO]   \u2705 Viga V427: b=15.0cm, h=110.0cm, L=244.0cm -> A+B
[INFO] Vigas: 26 processadas -> D:\Agente-cad-PYSIDE\DADOS-OBRAS\Obra_TREINO_1\Fase-4_Sincronizacao\vigas_salvas.json
[INFO] Carregado: D:\Agente-cad-PYSIDE\DADOS-OBRAS\Obra_TREINO_1\Fase-3_Interpretacao_Extracao\Lajes\lajes.json (34 itens)
[INFO]   \u2705 Laje L301: 244.0x102.0cm, 3 cortes
[INFO]   \u2705 Laje L302: 244.0x102.0cm, 3 cortes
[INFO]   \u2705 Laje L303: 244.0x102.0cm, 3 cortes
[INFO]   \u2705 Laje L304: 174.0x102.0cm, 2 cortes
[INFO]   \u2705 Laje L305: 174.0x102.0cm, 2 cortes
[INFO]   \u2705 Laje L306: 174.0x102.0cm, 2 cortes
[INFO]   \u2705 Laje L307: 174.0x102.0cm, 2 cortes
[INFO]   \u2705 Laje L308: 167.0x102.0cm, 2 cortes
[INFO]   \u2705 Laje L309: 161.5x122.0cm, 2 cortes
[INFO]   \u2705 Laje L312: 174.0x122.0cm, 2 cortes
[INFO]   \u2705 Laje L316: 244.0x122.0cm, 3 cortes
[INFO]   \u2705 Laje L401: 100.0x100.0cm, 1 cortes
[INFO]   \u2705 Laje L402: 100.0x100.0cm, 1 cortes
[INFO]   \u2705 Laje L403: 100.0x100.0cm, 1 cortes
[INFO]   \u2705 Laje L404: 100.0x100.0cm, 1 cortes
[INFO]   \u2705 Laje L405: 100.0x100.0cm, 1 cortes
[INFO]   \u2705 Laje L406: 100.0x100.0cm, 1 cortes
[INFO]   \u2705 Laje L407: 100.0x100.0cm, 1 cortes
[INFO]   \u2705 Laje L408: 100.0x100.0cm, 1 cortes
[INFO]   \u2705 Laje L409: 100.0x100.0cm, 1 cortes
[INFO]   \u2705 Laje L410: 100.0x100.0cm, 1 cortes
[INFO]   \u2705 Laje L411: 100.0x100.0cm, 1 cortes
[INFO]   \u2705 Laje L412: 100.0x100.0cm, 1 cortes
[INFO]   \u2705 Laje L413: 100.0x100.0cm, 1 cortes
[INFO]   \u2705 Laje L414: 100.0x100.0cm, 1 cortes
[INFO]   \u2705 Laje L415: 100.0x100.0cm, 1 cortes
[INFO]   \u2705 Laje L416: 100.0x100.0cm, 1 cortes
[INFO]   \u2705 Laje L417: 100.0x100.0cm, 1 cortes
[INFO]   \u2705 Laje L418: 100.0x100.0cm, 1 cortes
[INFO]   \u2705 Laje L419: 100.0x100.0cm, 1 cortes
[INFO]   \u2705 Laje L420: 100.0x100.0cm, 1 cortes
[INFO]   \u2705 Laje L421: 100.0x100.0cm, 1 cortes
[INFO]   \u2705 Laje L422: 100.0x100.0cm, 1 cortes
[INFO] Lajes: 33 processadas -> D:\Agente-cad-PYSIDE\DADOS-OBRAS\Obra_TREINO_1\Fase-4_Sincronizacao\lajes_salvas.json
[INFO] obras_salvas.json: 34 pilares \u2192 D:\Agente-cad-PYSIDE\DADOS-OBRAS\Obra_TREINO_1\Fase-4_Sincronizacao\obras_salvas.json
[INFO] === RESULTADO: 34 pilares, 26 vigas, 33 lajes | 0 erros ===
  pilares_bh.json: 36 pilares

=== GERANDO DXF PILARES (34 pilares) ===
  P10: b=73 h=82 paineis=12 alt=280cm [BH-extraido]
  P11: b=19 h=73 paineis=12 alt=280cm [BH-extraido]
  P12: b=19 h=73 paineis=12 alt=280cm [BH-extraido]
  P14: b=19 h=73 paineis=12 alt=280cm [BH-extraido]
  P16: b=19 h=73 paineis=12 alt=280cm [BH-extraido]
  P17: b=19 h=73 paineis=12 alt=280cm [BH-extraido]
  P18: b=19 h=26 paineis=12 alt=280cm [BH-extraido]
  P19: b=19 h=97 paineis=12 alt=280cm [BH-extraido]
  P20: b=19 h=97 paineis=12 alt=280cm [BH-extraido]
  P21: b=19 h=97 paineis=12 alt=280cm [BH-extraido]
  P22: b=19 h=97 paineis=12 alt=280cm [BH-extraido]
  P23: b=19 h=97 paineis=12 alt=280cm [BH-extraido]
  P24: b=19 h=97 paineis=12 alt=280cm [BH-extraido]
  P25: b=19 h=82 paineis=12 alt=280cm [BH-extraido]
  P26: b=19 h=81 paineis=12 alt=280cm [BH-extraido]
  P27: b=28 h=54 paineis=12 alt=280cm [BH-extraido]
  P28: b=24 h=97 paineis=12 alt=280cm [BH-extraido]
  P29: b=24 h=88 paineis=12 alt=280cm [BH-extraido]
  P30: b=24 h=88 paineis=12 alt=280cm [BH-extraido]
  P31: b=24 h=88 paineis=12 alt=280cm [BH-extraido]
  P32: b=24 h=88 paineis=12 alt=280cm [BH-extraido]
  P33: b=19 h=97 paineis=12 alt=280cm [BH-extraido]
  P34: b=19 h=82 paineis=12 alt=280cm [BH-extraido]
  P35: b=19 h=82 paineis=12 alt=280cm [BH-extraido]
  P41: b=48 h=59 paineis=12 alt=280cm [BH-extraido]
  P43: b=48 h=72 paineis=12 alt=280cm [BH-extraido]
  P44: b=59 h=72 paineis=12 alt=280cm [BH-extraido]
  P45: b=19 h=72 paineis=12 alt=280cm [BH-extraido]
  P46: b=19 h=72 paineis=12 alt=280cm [BH-extraido]
  P47: b=19 h=59 paineis=12 alt=280cm [BH-extraido]
  P48: b=19 h=72 paineis=12 alt=280cm [BH-extraido]
  P49: b=95 h=100 paineis=12 alt=280cm [BH-extraido]
  P50: b=19 h=72 paineis=12 alt=280cm [BH-extraido]
  P51: b=65 h=95 paineis=12 alt=280cm [BH-extraido]

=== RESULTADO: 34 DXFs gerados | 0 erros ===
  Relatorio: D:\Agente-cad-PYSIDE\DADOS-OBRAS\Obra_TREINO_1\Fase-5_Geracao_Scripts\DXF_Pilares\_relatorio.json
  DXFs em: D:\Agente-cad-PYSIDE\DADOS-OBRAS\Obra_TREINO_1\Fase-5_Geracao_Scripts\DXF_Pilares

  Proximo: python scripts/comparar_dxf_pilares.py --obra D:\Agente-cad-PYSIDE\DADOS-OBRAS\Obra_TREINO_1

=== GERANDO DXF VIGAS (26 vigas) ===
  V401: b=15 h=110 L=244cm | paineis A=3 B=3 F=3
  V402: b=15 h=110 L=244cm | paineis A=3 B=3 F=3
  V403: b=15 h=110 L=418cm | paineis A=4 B=4 F=4
  V404: b=15 h=38 L=578cm | paineis A=5 B=5 F=5
  V405: b=15 h=38 L=570cm | paineis A=5 B=5 F=5
  V407: b=15 h=110 L=855cm | paineis A=8 B=8 F=8
  V408: b=15 h=38 L=684cm | paineis A=6 B=6 F=6
  V409: b=15 h=38 L=570cm | paineis A=5 B=5 F=5
  V410: b=15 h=110 L=570cm | paineis A=5 B=5 F=5
  V411: b=15 h=100 L=277cm | paineis A=3 B=3 F=3
  V412: b=15 h=38 L=415cm | paineis A=4 B=4 F=4
  V413: b=15 h=38 L=415cm | paineis A=4 B=4 F=4
  V414: b=15 h=38 L=415cm | paineis A=4 B=4 F=4
  V415: b=15 h=38 L=415cm | paineis A=4 B=4 F=4
  V416: b=15 h=38 L=415cm | paineis A=4 B=4 F=4
  V417: b=15 h=38 L=303cm | paineis A=3 B=3 F=3
  V418: b=15 h=38 L=415cm | paineis A=4 B=4 F=4
  V419: b=15 h=38 L=455cm | paineis A=4 B=4 F=4
  V420: b=15 h=38 L=455cm | paineis A=4 B=4 F=4
  V421: b=15 h=38 L=455cm | paineis A=4 B=4 F=4
  V422: b=15 h=38 L=303cm | paineis A=3 B=3 F=3
  V423: b=15 h=38 L=303cm | paineis A=3 B=3 F=3
  V424: b=15 h=28 L=260cm | paineis A=3 B=3 F=3
  V425: b=15 h=28 L=474cm | paineis A=4 B=4 F=4
  V426: b=15 h=38 L=422cm | paineis A=4 B=4 F=4
  V427: b=15 h=110 L=244cm | paineis A=3 B=3 F=3

=== RESULTADO: 26 DXFs gerados | 0 erros ===
  Relatorio: D:\Agente-cad-PYSIDE\DADOS-OBRAS\Obra_TREINO_1\Fase-5_Geracao_Scripts\DXF_Vigas\_relatorio.json
  DXFs em: D:\Agente-cad-PYSIDE\DADOS-OBRAS\Obra_TREINO_1\Fase-5_Geracao_Scripts\DXF_Vigas

  Proximo: python scripts/comparar_dxf_vigas.py --obra D:\Agente-cad-PYSIDE\DADOS-OBRAS\Obra_TREINO_1

=== GERANDO DXF LAJES (33 lajes) ===
  L301: 244.0x102.0cm paineis=4x1 area=24888cm2
  L302: 244.0x102.0cm paineis=4x1 area=24888cm2
  L303: 244.0x102.0cm paineis=4x1 area=24888cm2
  L304: 174.0x102.0cm paineis=3x1 area=17748cm2
  L305: 174.0x102.0cm paineis=3x1 area=17748cm2
  L306: 174.0x102.0cm paineis=3x1 area=17748cm2
  L307: 174.0x102.0cm paineis=3x1 area=17748cm2
  L308: 167.0x102.0cm paineis=3x1 area=17034cm2
  L309: 161.5x122.0cm paineis=3x1 area=19703cm2
  L312: 174.0x122.0cm paineis=3x1 area=21228cm2
  L316: 244.0x122.0cm paineis=4x1 area=29768cm2
  L401: 100.0x100.0cm paineis=2x1 area=10000cm2
  L402: 100.0x100.0cm paineis=2x1 area=10000cm2
  L403: 100.0x100.0cm paineis=2x1 area=10000cm2
  L404: 100.0x100.0cm paineis=2x1 area=10000cm2
  L405: 100.0x100.0cm paineis=2x1 area=10000cm2
  L406: 100.0x100.0cm paineis=2x1 area=10000cm2
  L407: 100.0x100.0cm paineis=2x1 area=10000cm2
  L408: 100.0x100.0cm paineis=2x1 area=10000cm2
  L409: 100.0x100.0cm paineis=2x1 area=10000cm2
  L410: 100.0x100.0cm paineis=2x1 area=10000cm2
  L411: 100.0x100.0cm paineis=2x1 area=10000cm2
  L412: 100.0x100.0cm paineis=2x1 area=10000cm2
  L413: 100.0x100.0cm paineis=2x1 area=10000cm2
  L414: 100.0x100.0cm paineis=2x1 area=10000cm2
  L415: 100.0x100.0cm paineis=2x1 area=10000cm2
  L416: 100.0x100.0cm paineis=2x1 area=10000cm2
  L417: 100.0x100.0cm paineis=2x1 area=10000cm2
  L418: 100.0x100.0cm paineis=2x1 area=10000cm2
  L419: 100.0x100.0cm paineis=2x1 area=10000cm2
  L420: 100.0x100.0cm paineis=2x1 area=10000cm2
  L421: 100.0x100.0cm paineis=2x1 area=10000cm2
  L422: 100.0x100.0cm paineis=2x1 area=10000cm2

=== RESULTADO: 33 DXFs gerados | 0 erros ===
  Relatorio: D:\Agente-cad-PYSIDE\DADOS-OBRAS\Obra_TREINO_1\Fase-5_Geracao_Scripts\DXF_Lajes\_relatorio.json
  DXFs em: D:\Agente-cad-PYSIDE\DADOS-OBRAS\Obra_TREINO_1\Fase-5_Geracao_Scripts\DXF_Lajes

  Proximo: python scripts/comparar_dxf.py --obra D:\Agente-cad-PYSIDE\DADOS-OBRAS\Obra_TREINO_1

=== COMPARADOR DXF vs. GROUND TRUTH (tol=5.0%) ===

--- PILARES ---
  Match rate: 100.0% (34/34)
  Erro médio: 0.0%

--- VIGAS ---
  Match rate: 100.0% (26/26)
  Erro médio: 0.0%

--- LAJES ---
  Match rate: 81.8% (27/33)
  Erro médio: 12.5%
  DIFF L301: ref 244.0x102.0 | gen 19.0x50.0 | err=71.6%
  DIFF L302: ref 244.0x102.0 | gen 50.0x19.0 | err=80.4%
  DIFF L312: ref 174.0x122.0 | gen 50.0x19.0 | err=77.8%
  DIFF L406: ref 100.0x100.0 | gen 50.0x19.0 | err=65.5%
  DIFF L407: ref 100.0x100.0 | gen 50.0x19.0 | err=65.5%
  DIFF L408: ref 100.0x100.0 | gen 120.0x19.0 | err=50.5%

=== SCORE GERAL: 93.9% (PASS | meta: 75.0%) ===
  Pilares: 100.0% | Vigas: 100.0% | Lajes: 81.8%

  Relatorio: D:\Agente-cad-PYSIDE\DADOS-OBRAS\Obra_TREINO_1\Fase-5_Geracao_Scripts\_relatorio_comparacao.json
[INFO] === extrair_ancoras_dxf.py | Obra_TREINO_1 | 14 PAV ===
[INFO] PL DXF: ALIMONTI - PARAISO - 14° PAV.- PL - R00.dxf
[INFO] Pilares: 35 ancoras extraidas do PL DXF
[INFO] Salvo: D:\Agente-cad-PYSIDE\DADOS-OBRAS\Obra_TREINO_1\Fase-3_Interpretacao_Extracao\ancoras_pilares.json (35 pilares)
[INFO] LV DXF: ALIMONTI - PARAISO - 14° PAV.- LV - R00.dxf
[INFO] Vigas: 25 ancoras extraidas do LV DXF
[INFO] Salvo: D:\Agente-cad-PYSIDE\DADOS-OBRAS\Obra_TREINO_1\Fase-3_Interpretacao_Extracao\ancoras_vigas.json (25 vigas)
[INFO] LJ DXF: ALIMONTI - PARAISO - 14° PAV.- LJ - R00.dxf
[INFO] Lajes: 33 ancoras extraidas do LJ DXF
[INFO] Salvo: D:\Agente-cad-PYSIDE\DADOS-OBRAS\Obra_TREINO_1\Fase-3_Interpretacao_Extracao\ancoras_lajes.json (33 lajes)

[RESULTADO]
  Pilares: 35 ancoras
  Vigas:   25 ancoras
  Lajes:   33 ancoras

  STATUS: OK (cobertura suficiente)
[INFO] === consolidar_dxf_pilares.py | Obra_TREINO_1 | 12 PAV ===
  P10: ancora=(5039,8599) offset=(4839,8459) [18 ents]
  P11: ancora=(6610,8600) offset=(6473,8460) [18 ents]
  P12: ancora=(8192,8600) offset=(8055,8460) [18 ents]
  P14: ancora=(3424,7452) offset=(3287,7312) [18 ents]
  P16: ancora=(5029,7452) offset=(4892,7312) [18 ents]
  P17: ancora=(6590,7452) offset=(6453,7312) [18 ents]
  P18: ancora=(8195,7452) offset=(8105,7312) [18 ents]
  P19: ancora=(3435,6302) offset=(3274,6162) [18 ents]
  P20: ancora=(5034,6302) offset=(4873,6162) [18 ents]
  P21: ancora=(6640,6302) offset=(6479,6162) [18 ents]
  P22: ancora=(8204,6302) offset=(8043,6162) [18 ents]
  P23: ancora=(3428,5153) offset=(3267,5013) [18 ents]
  P24: ancora=(5034,5153) offset=(4873,5013) [18 ents]
  P25: ancora=(6619,5153) offset=(6473,5013) [18 ents]
  P26: ancora=(3859,4006) offset=(3714,3866) [18 ents]
  P27: ancora=(6510,3623) offset=(6383,3483) [18 ents]
  P28: ancora=(5064,2857) offset=(4898,2717) [18 ents]
  P29: ancora=(6615,2857) offset=(6458,2717) [18 ents]
  P30: ancora=(8200,2857) offset=(8043,2717) [18 ents]
  P31: ancora=(3432,1709) offset=(3275,1569) [18 ents]
  P32: ancora=(5030,1709) offset=(4873,1569) [18 ents]
  P33: ancora=(6612,1707) offset=(6451,1567) [18 ents]
  P34: ancora=(8204,1707) offset=(8058,1567) [18 ents]
  P35: ancora=(3435,559) offset=(3289,419) [18 ents]
  P41: ancora=(4636,389) offset=(4484,249) [18 ents]
  P43: ancora=(5935,385) offset=(5770,245) [18 ents]
  P44: ancora=(4099,-33) offset=(3923,-173) [18 ents]
  P45: ancora=(4784,384) offset=(4648,244) [18 ents]
  P46: ancora=(4098,-72) offset=(3962,-212) [18 ents]
  P47: ancora=(6992,378) offset=(6869,238) [18 ents]
  P48: ancora=(4097,-113) offset=(3961,-253) [18 ents]
  P49: ancora=(4023,-381) offset=(3783,-521) [18 ents]
  P50: ancora=(4641,327) offset=(4505,187) [18 ents]
  P51: ancora=(4097,-193) offset=(3892,-333) [18 ents]

[RESULTADO]
  Pilares consolidados: 34/34
  Output: D:\Agente-cad-PYSIDE\DADOS-OBRAS\Obra_TREINO_1\Fase-6_Execucao_CAD\PL_gerado.dxf
  Validação: 612 entidades no PL_gerado.dxf
  Relatório: D:\Agente-cad-PYSIDE\DADOS-OBRAS\Obra_TREINO_1\Fase-6_Execucao_CAD\consolidacao_pilares.json
[INFO] === consolidar_dxf_vigas.py | Obra_TREINO_1 ===
  V401: ancora=(6693,6971) [13 ents]
  V402: ancora=(3483,5830) [13 ents]
  V403: ancora=(6692,5816) [16 ents]
  V404: ancora=(8224,5488) [19 ents]
  V405: ancora=(3270,4351) [19 ents]
  V407: ancora=(5118,4683) [28 ents]
  V408: ancora=(8167,4364) [22 ents]
  V409: ancora=(0,0) [19 ents]
  V410: ancora=(3503,3531) [19 ents]
  V411: ancora=(3625,3019) [13 ents]
  V412: ancora=(4889,3223) [16 ents]
  V413: ancora=(6453,3240) [16 ents]
  V414: ancora=(7216,3222) [16 ents]
  V415: ancora=(8007,3223) [16 ents]
  V416: ancora=(8710,3211) [16 ents]
  V417: ancora=(3306,2063) [13 ents]
  V418: ancora=(3989,2075) [16 ents]
  V419: ancora=(4879,2092) [16 ents]
  V420: ancora=(6432,2079) [16 ents]
  V421: ancora=(5578,2085) [16 ents]
  V422: ancora=(7014,2082) [13 ents]
  V423: ancora=(7413,2082) [13 ents]
  V424: ancora=(7979,2082) [13 ents]
  V425: ancora=(8372,2082) [16 ents]
  V426: ancora=(3550,882) [16 ents]
  V427: ancora=(9019,1982) [13 ents]

[RESULTADO]
  LV_gerado.dxf: 26 vigas (422 entidades)
  FV_gerado.dxf: 26 vigas offset (422 entidades)
  Sem ancora: ['V409']
[INFO] === consolidar_dxf_lajes.py | Obra_TREINO_1 ===
  L301: ancora=(4194,2476) [6 ents]
  L302: ancora=(4538,2476) [6 ents]
  L303: ancora=(4798,2476) [6 ents]
  L304: ancora=(4895,2592) [5 ents]
  L305: ancora=(3329,2592) [5 ents]
  L306: ancora=(3501,2592) [5 ents]
  L307: ancora=(2974,2592) [5 ents]
  L308: ancora=(3147,2592) [5 ents]
  L309: ancora=(5649,2363) [5 ents]
  L312: ancora=(5511,2363) [5 ents]
  L316: ancora=(4874,2465) [6 ents]
  L401: ancora=(3134,2568) [4 ents]
  L402: ancora=(3489,2574) [4 ents]
  L403: ancora=(4847,2567) [4 ents]
  L404: ancora=(5241,2570) [4 ents]
  L405: ancora=(2795,2358) [4 ents]
  L406: ancora=(3724,2357) [4 ents]
  L407: ancora=(4585,2363) [4 ents]
  L408: ancora=(5416,2354) [4 ents]
  L409: ancora=(4696,2091) [4 ents]
  L410: ancora=(2621,1812) [4 ents]
  L411: ancora=(3051,1790) [4 ents]
  L412: ancora=(3488,1793) [4 ents]
  L413: ancora=(3911,1790) [4 ents]
  L414: ancora=(4314,1791) [4 ents]
  L415: ancora=(4806,1807) [4 ents]
  L416: ancora=(5087,1733) [4 ents]
  L417: ancora=(2717,1538) [4 ents]
  L418: ancora=(3055,1530) [4 ents]
  L419: ancora=(3480,1529) [4 ents]
  L420: ancora=(3929,1530) [4 ents]
  L421: ancora=(4309,1525) [4 ents]
  L422: ancora=(4795,1529) [4 ents]

[RESULTADO]
  Lajes consolidadas: 33/33
  LJ_gerado.dxf: 147 entidades
  Output: D:\Agente-cad-PYSIDE\DADOS-OBRAS\Obra_TREINO_1\Fase-6_Execucao_CAD\LJ_gerado.dxf
[INFO] === validar_dxf_coletivo.py | Obra_TREINO_1 | 14 PAV ===

  [PILARES]
    GT: 35 | Gerado: 34 | Corretos: 34
    id_match: 97.1% | hallucination: 0.0%
    SCORE: 98.3% — APROVADO
    Missing: ['P42']

  [VIGAS]
    GT: 47 | Gerado: 26 | Corretos: 26
    id_match: 55.3% | hallucination: 0.0%
    SCORE: 73.2% — REPROVADO
    Missing: ['V10', 'V301', 'V302', 'V303', 'V306', 'V307', 'V308', 'V309', 'V311', 'V313']

  [LAJES]
    GT: 33 | Gerado: 33 | Corretos: 33
    id_match: 100.0% | hallucination: 0.0%
    SCORE: 100.0% — APROVADO

[RESULTADO GLOBAL]
  Score global: 89.9%
  Status: REPROVADO (meta: >=90%)

[INFO] Salvo: D:\Agente-cad-PYSIDE\DADOS-OBRAS\Obra_TREINO_1\Fase-6_Execucao_CAD\validation_coletivo.json
[INFO] Processando 34 pilares \u2192 obras_salvas.json
[INFO]   P10: 82x73cm grade_1=0
[INFO]   P11: 73x19cm grade_1=0
[INFO]   P12: 73x19cm grade_1=0
[INFO]   P14: 73x19cm grade_1=0
[INFO]   P16: 73x19cm grade_1=0
[INFO]   P17: 73x19cm grade_1=0
[INFO]   P18: 26x19cm grade_1=0
[INFO]   P19: 97x19cm grade_1=0
[INFO]   P20: 97x19cm grade_1=0
[INFO]   P21: 97x19cm grade_1=0
[INFO]   P22: 97x19cm grade_1=0
[INFO]   P23: 97x19cm grade_1=0
[INFO]   P24: 97x19cm grade_1=0
[INFO]   P25: 82x19cm grade_1=0
[INFO]   P26: 81x19cm grade_1=0
[INFO]   P27: 54x27cm grade_1=0
[INFO]   P28: 97x24cm grade_1=0
[INFO]   P29: 88x24cm grade_1=0
[INFO]   P30: 88x24cm grade_1=0
[INFO]   P31: 88x24cm grade_1=0
[INFO]   P32: 88x24cm grade_1=0
[INFO]   P33: 97x19cm grade_1=0
[INFO]   P34: 82x19cm grade_1=0
[INFO]   P35: 82x19cm grade_1=0
[INFO]   P41: 59x48cm grade_1=0
[INFO]   P43: 72x48cm grade_1=0
[INFO]   P44: 72x59cm grade_1=0
[INFO]   P45: 72x19cm grade_1=0
[INFO]   P46: 72x19cm grade_1=0
[INFO]   P47: 59x19cm grade_1=0
[INFO]   P48: 72x19cm grade_1=0
[INFO]   P49: 100x95cm grade_1=0
[INFO]   P50: 72x19cm grade_1=0
[INFO]   P51: 95x65cm grade_1=0
[INFO] \u2705 obras_salvas.json gerado: 34 pilares \u2192 D:\Agente-cad-PYSIDE\DADOS-OBRAS\Obra_TREINO_1\Fase-4_Sincronizacao\obras_salvas.json
[INFO] \u2705 pavimentos_lista.json gerado \u2192 D:\Agente-cad-PYSIDE\DADOS-OBRAS\Obra_TREINO_1\Fase-4_Sincronizacao\pavimentos_lista.json

============================================================
PIPELINE E2E — Obra_TREINO_1 | 14 PAV
============================================================

[FASE 1] Descoberta de DXFs
  [SKIP] dxf_discovery.json ja existe e contem Obra_TREINO_1

[FASE 2] Engenharia Reversa (Ground Truth)
  [RUN] engenharia_reversa_dxf.py ...
        -> OK (7.6s)

[FASE 3] Extração Dimensional
  [RUN] extrair_bh_pilares.py ...
        -> OK (2.3s)
  [RUN] extrair_vigas_lv.py ...
        -> OK (3.6s)
  [RUN] extrair_lajes_lj.py ...
        -> OK (1.0s)
  [RUN] extrair_garfos_evg.py ...
        -> FALHOU (code 1) (0.6s)
  [RUN] extrair_largura_vigas.py ...
        -> FALHOU (code 2) (0.0s)
  [RUN] extrair_assembly_pl.py ...
        -> FALHOU (code 2) (0.6s)
  [RUN] integrar_fichas_fase3.py ...
        -> OK (0.1s)

[FASE 4] Motor Fase 4 (Transformacao Fase-3 -> Fase-4)
  [CLEAN] Removendo 35 JSONs antigos de JSON_Pilares/
  [CLEAN] Removendo 66 JSONs antigos de JSON_Vigas_Laterais/
  [CLEAN] Removendo 33 JSONs antigos de JSON_Vigas_Fundo/
  [CLEAN] Removendo 39 JSONs antigos de JSON_Lajes/
  [RUN] motor_fase4.py ...
        -> OK (0.2s)

[FASE 5] Geração DXF Individual
  [CLEAN] Removendo 35 DXFs antigos de DXF_Pilares/
  [CLEAN] Removendo 33 DXFs antigos de DXF_Vigas/
  [CLEAN] Removendo 39 DXFs antigos de DXF_Lajes/
  [RUN] gerar_dxf_pilares.py ...
        -> OK (0.9s)
  [RUN] gerar_dxf_vigas.py ...
        -> OK (0.8s)
  [RUN] gerar_dxf_lajes.py ...
        -> OK (0.8s)

[FASE 5b] Comparação DXF Individual vs STOG
  [RUN] comparar_dxf.py ...
        -> OK (2.2s)

[FASE 6] Extração de Âncoras (coords absolutas)
  [RUN] extrair_ancoras_dxf.py ...
        -> OK (5.7s)

[FASE 7] Consolidação DXF Coletivo
  [RUN] consolidar_dxf_pilares.py ...
        -> OK (1.1s)
  [RUN] consolidar_dxf_vigas.py ...
        -> OK (1.0s)
  [RUN] consolidar_dxf_lajes.py ...
        -> OK (0.9s)

[FASE 8] Validação DXF Coletivo
  [RUN] validar_dxf_coletivo.py ...
        -> OK (0.7s)

[FASE 9] Geração obras_salvas.json (formato robô)
  [RUN] gerar_obras_salvas.py ...
        -> OK (0.2s)

============================================================
PIPELINE CONCLUÍDO — PARCIAL
  Score coletivo: 89.9%
  Relatório: D:\Agente-cad-PYSIDE\DADOS-OBRAS\Obra_TREINO_1\Fase-8_Revisao_Entrega\pipeline_report.json
============================================================

[INFO] === engenharia_reversa_dxf.py | Obra: Obra_TREINO_1 | Pav: 2 PAV ===
[INFO] Diretório: D:\Agente-cad-PYSIDE\DADOS-OBRAS\Obra_TREINO_1\Fase-1_Ingestao\Projetos_Finalizados_para_Engenharia_Reversa
[INFO] Usando caminhos do dxf_discovery.json para pav '2 PAV'
[INFO] PL DXF: ALIMONTI - PARAISO - 2° PAV.- PL - R00.dxf
[INFO] Pilares extraídos: 35 IDs | Pé Direito: Nonecm -> D:\Agente-cad-PYSIDE\DADOS-OBRAS\Obra_TREINO_1\Fase-3_Interpretacao_Extracao\Pilares\pilares_ground_truth.json
[INFO] LV DXF: ALIMONTI - PARAISO - 2° PAV.- LV - R00.dxf
[INFO] Vigas extraídas: 31 IDs -> D:\Agente-cad-PYSIDE\DADOS-OBRAS\Obra_TREINO_1\Fase-3_Interpretacao_Extracao\Vigas\vigas_ground_truth.json
[INFO] LJ DXF: ALIMONTI - PARAISO - 2° PAV.- LJ - R00.dxf
[INFO] Lajes extraídas: 49 IDs -> D:\Agente-cad-PYSIDE\DADOS-OBRAS\Obra_TREINO_1\Fase-3_Interpretacao_Extracao\Lajes\lajes_ground_truth.json
[INFO] === RESULTADO: 35 pilares (ground truth) ===
[INFO] NOTA: IDs e count são CONFIÁVEIS. B/H requerem revisão manual ou análise visual.
[INFO] Ground truth salvo em: D:\Agente-cad-PYSIDE\DADOS-OBRAS\Obra_TREINO_1\Fase-3_Interpretacao_Extracao
[INFO] === extrair_bh_pilares.py | Obra_TREINO_1 | 2 PAV ===
[INFO] PL DXF: ALIMONTI - PARAISO - 2° PAV.- PL - R00.dxf
[INFO] Max distancia proximity: 300.0 unidades DXF
[INFO] Lendo DXF (pode demorar para arquivos grandes)...
[INFO] DXF carregado: 7529 entidades
[INFO] Extraindo posicoes dos pilares (layer Texto Secao)...
[INFO] Pilares encontrados: 35
[INFO] Extraindo DIMENSION entities (layers de cota)...
[INFO] DIMENSIONs de cota encontradas: 770
[INFO] Inverse proximity: 770 dims assignadas a 35 pilares

[RESULTADO] Extracao B/H de Pilares
  Total pilares:      35
  B+H completos:      35 (100.0%)
  Apenas H:           0
  Sem dados:          0

[INFO] Salvo em: D:\Agente-cad-PYSIDE\DADOS-OBRAS\Obra_TREINO_1\Fase-3_Interpretacao_Extracao\Pilares\pilares_bh.json
[INFO] pilares_ground_truth.json atualizado: 35 pilares com B/H

[AMOSTRA] Primeiros 5 pilares extraidos:
  P1: B=24.0cm, H=88.0cm, conf=90%
  P2: B=30.0cm, H=88.0cm, conf=90%
  P3: B=24.0cm, H=82.0cm, conf=90%
  P4: B=24.0cm, H=82.0cm, conf=90%
  P5: B=24.0cm, H=82.0cm, conf=90%
DXF: ALIMONTI - PARAISO - 2° PAV.- LV - R00.dxf
  Labels encontrados: 31 vigas
  Cota Seção (2x): 84 dims
  COTA: 627 dims

=== RESULTADO ===
  Total vigas: 31
  Com altura_lateral: 31/31
  Com comprimento: 31/31
  Com ambos: 31/31
  Confiança média: 87%
  Output: D:\Agente-cad-PYSIDE\DADOS-OBRAS\Obra_TREINO_1\Fase-3_Interpretacao_Extracao\Vigas\vigas_dim.json

Viga     Alt(cm)    Comp(cm)     Conf     Sides
-------------------------------------------------------
V51      110        406          84%      A+B
V52      110        246          89%      A+B
V53      110        244          84%      A+B
V54      38         244          89%      A+B
V55      38         244          89%      A+B
V56      110        244          79%      A+B
V57      110        246          89%      A+B
V58      38         244          89%      A+B
V59      110        246          89%      A+B
V60      100        246          89%      A+B
V61      38         244          84%      A+B
V62      38         244          84%      A+B
V63      38         246          89%      A+B
V64      38         246          84%      A+B
V65      38         244          89%      A+B
V66      38         334          89%      A+B
V67      38         246          89%      A+B
V68      38         246          89%      A+B
V69      38         182          89%      A+B
V70      38         182          84%      A+B
V71      38         244          89%      A+B
V72      38         244          84%      A+B
V73      38         244          89%      A+B
V74      38         244          89%      A+B
V75      38         244          89%      A+B
V76      38         244          84%      A+B
V77      28         244          84%      A+B
V78      38         244          89%      A+B
V79      38         244          84%      A+B
V80      38         244          89%      A+B
V81      28         244          84%      B
[INFO] === extrair_lajes_lj.py | Obra_TREINO_1 | 2 PAV ===
[INFO] LJ DXF: ALIMONTI - PARAISO - 2° PAV.- LJ - R00.dxf
[INFO] Lendo DXF...
[INFO] 1961 entidades
[INFO] Extraindo labels e codigos de lajes...
[DEBUG] Labels encontrados: ['L51', 'L52', 'L53', 'L54', 'L55', 'L56', 'L57', 'L58', 'L59', 'L60', 'L61', 'L62', 'L63', 'L64', 'L65', 'L66', 'L67', 'L68', 'L69', 'L70', 'L71', 'L72', 'L73', 'L74', 'L75', 'L76', 'L77', 'L78', 'L79', 'L80']
[DEBUG] Lajes com paineis AUX00: ['L101', 'L102', 'L112', 'L114', 'L115', 'L118', 'L122', 'L201', 'L202', 'L203', 'L204', 'L205', 'L206', 'L208', 'L209', 'L210', 'L211', 'L212', 'L213']
[INFO] Lajes encontradas: 49
[INFO] Construindo fichas com coordenadas...

[RESULTADO] Extracao de Lajes
  Total lajes:        49
  Com dimensoes:      0
  Com coordenadas:    6

[INFO] Salvo em: D:\Agente-cad-PYSIDE\DADOS-OBRAS\Obra_TREINO_1\Fase-3_Interpretacao_Extracao\Lajes\lajes_data.json
[INFO] lajes_ground_truth.json atualizado: 0 lajes com dimensoes

[AMOSTRA] Primeiras lajes:
  L51: NonexNonecm | area=Nonecm2 | coords=0pts | conf=30%
  L52: NonexNonecm | area=Nonecm2 | coords=0pts | conf=30%
  L53: NonexNonecm | area=Nonecm2 | coords=0pts | conf=30%
  L54: NonexNonecm | area=Nonecm2 | coords=0pts | conf=30%
  L55: NonexNonecm | area=Nonecm2 | coords=0pts | conf=30%
  L56: NonexNonecm | area=Nonecm2 | coords=0pts | conf=30%
  L57: NonexNonecm | area=Nonecm2 | coords=0pts | conf=30%
  L58: NonexNonecm | area=Nonecm2 | coords=0pts | conf=30%
ERRO: Nenhum EVG DXF encontrado em D:\Agente-cad-PYSIDE\DADOS-OBRAS\Obra_TREINO_1
C:\Python314\python.exe: can't open file 'D:\\Agente-cad-PYSIDE\\Agente-cad-PYSIDE-Restored-main\\scripts\\extrair_largura_vigas.py': [Errno 2] No such file or directory
usage: extrair_assembly_pl.py [-h] --obra OBRA [--pav PAV] [--output OUTPUT]
extrair_assembly_pl.py: error: unrecognized arguments: --pavimento 2 PAV
=== VIGAS ===
  AVISO: vigas_largura.json nao encontrado — usando b=15cm (default)
  vigas.json atualizado: 31 vigas
    V51: b=15.0cm h=110.0cm L=405.5cm
    V52: b=15.0cm h=110.0cm L=246.0cm
    V53: b=15.0cm h=110.0cm L=244.0cm
    V54: b=15.0cm h=38.0cm L=244.0cm
    V55: b=15.0cm h=38.0cm L=244.0cm
    V56: b=15.0cm h=110.0cm L=244.0cm
    V57: b=15.0cm h=110.0cm L=246.0cm
    V58: b=15.0cm h=38.0cm L=244.0cm
    V59: b=15.0cm h=110.0cm L=246.0cm
    V60: b=15.0cm h=100.0cm L=246.0cm
    V61: b=15.0cm h=38.0cm L=244.0cm
    V62: b=15.0cm h=38.0cm L=244.0cm
    V63: b=15.0cm h=38.0cm L=246.0cm
    V64: b=15.0cm h=38.0cm L=246.0cm
    V65: b=15.0cm h=38.0cm L=244.0cm
    V66: b=15.0cm h=38.0cm L=334.0cm
    V67: b=15.0cm h=38.0cm L=246.0cm
    V68: b=15.0cm h=38.0cm L=246.0cm
    V69: b=15.0cm h=38.0cm L=182.0cm
    V70: b=15.0cm h=38.0cm L=182.0cm
    V71: b=15.0cm h=38.0cm L=244.0cm
    V72: b=15.0cm h=38.0cm L=244.0cm
    V73: b=15.0cm h=38.0cm L=244.0cm
    V74: b=15.0cm h=38.0cm L=244.0cm
    V75: b=15.0cm h=38.0cm L=244.0cm
    V76: b=15.0cm h=38.0cm L=244.0cm
    V77: b=15.0cm h=28.0cm L=244.0cm
    V78: b=15.0cm h=38.0cm L=244.0cm
    V79: b=15.0cm h=38.0cm L=244.0cm
    V80: b=15.0cm h=38.0cm L=244.0cm
    V81: b=15.0cm h=28.0cm L=244.0cm

=== LAJES ===
  AVISO: lajes_poligono.json nao encontrado, usando lajes_data.json
  AVISO: Laje L51: dimensoes invalidas, usando 100x100
  AVISO: Laje L52: dimensoes invalidas, usando 100x100
  AVISO: Laje L53: dimensoes invalidas, usando 100x100
  AVISO: Laje L54: dimensoes invalidas, usando 100x100
  AVISO: Laje L55: dimensoes invalidas, usando 100x100
  AVISO: Laje L56: dimensoes invalidas, usando 100x100
  AVISO: Laje L57: dimensoes invalidas, usando 100x100
  AVISO: Laje L58: dimensoes invalidas, usando 100x100
  AVISO: Laje L59: dimensoes invalidas, usando 100x100
  AVISO: Laje L60: dimensoes invalidas, usando 100x100
  AVISO: Laje L61: dimensoes invalidas, usando 100x100
  AVISO: Laje L62: dimensoes invalidas, usando 100x100
  AVISO: Laje L63: dimensoes invalidas, usando 100x100
  AVISO: Laje L64: dimensoes invalidas, usando 100x100
  AVISO: Laje L65: dimensoes invalidas, usando 100x100
  AVISO: Laje L66: dimensoes invalidas, usando 100x100
  AVISO: Laje L67: dimensoes invalidas, usando 100x100
  AVISO: Laje L68: dimensoes invalidas, usando 100x100
  AVISO: Laje L69: dimensoes invalidas, usando 100x100
  AVISO: Laje L70: dimensoes invalidas, usando 100x100
  AVISO: Laje L71: dimensoes invalidas, usando 100x100
  AVISO: Laje L72: dimensoes invalidas, usando 100x100
  AVISO: Laje L73: dimensoes invalidas, usando 100x100
  AVISO: Laje L74: dimensoes invalidas, usando 100x100
  AVISO: Laje L75: dimensoes invalidas, usando 100x100
  AVISO: Laje L76: dimensoes invalidas, usando 100x100
  AVISO: Laje L77: dimensoes invalidas, usando 100x100
  AVISO: Laje L78: dimensoes invalidas, usando 100x100
  AVISO: Laje L79: dimensoes invalidas, usando 100x100
  AVISO: Laje L80: dimensoes invalidas, usando 100x100
  lajes.json atualizado: 49 lajes
    L51: 100.0x100.0cm area=10000 [label-only]
    L52: 100.0x100.0cm area=10000 [label-only]
    L53: 100.0x100.0cm area=10000 [label-only]
    L54: 100.0x100.0cm area=10000 [label-only]
    L55: 100.0x100.0cm area=10000 [label-only]
    L56: 100.0x100.0cm area=10000 [label-only]
    L57: 100.0x100.0cm area=10000 [label-only]
    L58: 100.0x100.0cm area=10000 [label-only]
    L59: 100.0x100.0cm area=10000 [label-only]
    L60: 100.0x100.0cm area=10000 [label-only]
    L61: 100.0x100.0cm area=10000 [label-only]
    L62: 100.0x100.0cm area=10000 [label-only]
    L63: 100.0x100.0cm area=10000 [label-only]
    L64: 100.0x100.0cm area=10000 [label-only]
    L65: 100.0x100.0cm area=10000 [label-only]
    L66: 100.0x100.0cm area=10000 [label-only]
    L67: 100.0x100.0cm area=10000 [label-only]
    L68: 100.0x100.0cm area=10000 [label-only]
    L69: 100.0x100.0cm area=10000 [label-only]
    L70: 100.0x100.0cm area=10000 [label-only]
    L71: 100.0x100.0cm area=10000 [label-only]
    L72: 100.0x100.0cm area=10000 [label-only]
    L73: 100.0x100.0cm area=10000 [label-only]
    L74: 100.0x100.0cm area=10000 [label-only]
    L75: 100.0x100.0cm area=10000 [label-only]
    L76: 100.0x100.0cm area=10000 [label-only]
    L77: 100.0x100.0cm area=10000 [label-only]
    L78: 100.0x100.0cm area=10000 [label-only]
    L79: 100.0x100.0cm area=10000 [label-only]
    L80: 100.0x100.0cm area=10000 [label-only]
    L101: 244.0x122.0cm area=29768 [aux00-panels]
    L102: 244.0x122.0cm area=29768 [aux00-panels]
    L112: 91.5x91.5cm area=8372 [aux00-panels]
    L114: 244.0x122.0cm area=29768 [aux00-panels]
    L115: 244.0x122.0cm area=29768 [aux00-panels]
    L118: 244.0x122.0cm area=29768 [aux00-panels]
    L122: 244.0x122.0cm area=29768 [aux00-panels]
    L201: 244.0x122.0cm area=29768 [aux00-panels]
    L202: 244.0x122.0cm area=29768 [aux00-panels]
    L203: 244.0x91.0cm area=22204 [aux00-panels]
    L204: 244.0x122.0cm area=29768 [aux00-panels]
    L205: 244.0x122.0cm area=29768 [aux00-panels]
    L206: 244.0x122.0cm area=29768 [aux00-panels]
    L208: 244.0x83.5cm area=20374 [aux00-panels]
    L209: 244.0x104.5cm area=25498 [aux00-panels]
    L210: 244.0x122.0cm area=29768 [aux00-panels]
    L211: 244.0x122.0cm area=29768 [aux00-panels]
    L212: 244.0x122.0cm area=29768 [aux00-panels]
    L213: 244.0x122.0cm area=29768 [aux00-panels]

=== INTEGRACAO COMPLETA: 31 vigas + 49 lajes ===
  Proximos passos: python scripts/motor_fase4.py --obra D:\Agente-cad-PYSIDE\DADOS-OBRAS\Obra_TREINO_1
[INFO] === motor_fase4.py | Obra: Obra_TREINO_1 | Pav: 2 PAV ===
[INFO] Carregado: D:\Agente-cad-PYSIDE\DADOS-OBRAS\Obra_TREINO_1\Fase-3_Interpretacao_Extracao\Pilares\pilares_bh.json (36 itens)
[WARNING] pilares_assembly.json nao encontrado — grades ficarao zeradas
[INFO]   \u2705 Pilar P1: 88.0x24.0cm, h=280.0cm
[INFO]   \u2705 Pilar P2: 88.0x30.0cm, h=280.0cm
[INFO]   \u2705 Pilar P3: 82.0x24.0cm, h=280.0cm
[INFO]   \u2705 Pilar P4: 82.0x24.0cm, h=280.0cm
[INFO]   \u2705 Pilar P5: 82.0x24.0cm, h=280.0cm
[INFO]   \u2705 Pilar P6: 82.0x24.0cm, h=280.0cm
[INFO]   \u2705 Pilar P7: 82.0x24.0cm, h=280.0cm
[INFO]   \u2705 Pilar P8: 82.0x27.0cm, h=280.0cm
[INFO]   \u2705 Pilar P9: 97.0x30.0cm, h=280.0cm
[INFO]   \u2705 Pilar P10: 97.0x82.0cm, h=280.0cm
[INFO]   \u2705 Pilar P11: 97.0x30.0cm, h=280.0cm
[INFO]   \u2705 Pilar P12: 97.0x44.0cm, h=280.0cm
[INFO]   \u2705 Pilar P13: 92.0x24.0cm, h=280.0cm
[INFO]   \u2705 Pilar P14: 54.0x24.0cm, h=280.0cm
[INFO]   \u2705 Pilar P15: 67.0x45.0cm, h=280.0cm
[INFO]   \u2705 Pilar P16: 97.0x43.0cm, h=280.0cm
[INFO]   \u2705 Pilar P17: 97.0x30.0cm, h=280.0cm
[INFO]   \u2705 Pilar P18: 97.0x72.0cm, h=280.0cm
[INFO]   \u2705 Pilar P19: 97.0x30.0cm, h=280.0cm
[INFO]   \u2705 Pilar P20: 54.0x23.0cm, h=280.0cm
[INFO]   \u2705 Pilar P21: 84.0x56.0cm, h=280.0cm
[INFO]   \u2705 Pilar P22: 80.0x60.0cm, h=280.0cm
[INFO]   \u2705 Pilar P23: 67.0x45.0cm, h=280.0cm
[INFO]   \u2705 Pilar P24: 97.0x19.0cm, h=280.0cm
[INFO]   \u2705 Pilar P25: 82.0x30.0cm, h=280.0cm
[INFO]   \u2705 Pilar P26: 54.0x52.0cm, h=280.0cm
[INFO]   \u2705 Pilar P27: 81.0x19.0cm, h=280.0cm
[INFO]   \u2705 Pilar P28: 97.0x30.0cm, h=280.0cm
[INFO]   \u2705 Pilar P29: 88.0x24.0cm, h=280.0cm
[INFO]   \u2705 Pilar P30: 92.0x27.0cm, h=280.0cm
[INFO]   \u2705 Pilar P31: 92.0x27.0cm, h=280.0cm
[INFO]   \u2705 Pilar P32: 92.0x27.0cm, h=280.0cm
[INFO]   \u2705 Pilar P33: 97.0x19.0cm, h=280.0cm
[INFO]   \u2705 Pilar P34: 82.0x19.0cm, h=280.0cm
[INFO]   \u2705 Pilar P35: 82.0x19.0cm, h=280.0cm
[INFO] Pilares: 35 processados -> D:\Agente-cad-PYSIDE\DADOS-OBRAS\Obra_TREINO_1\Fase-4_Sincronizacao\pilares_salvos.json
[INFO] Carregado: D:\Agente-cad-PYSIDE\DADOS-OBRAS\Obra_TREINO_1\Fase-3_Interpretacao_Extracao\Vigas\vigas.json (32 itens)
[INFO]   \u2705 Viga V51: b=15.0cm, h=110.0cm, L=405.5cm -> A+B
[INFO]   \u2705 Viga V52: b=15.0cm, h=110.0cm, L=246.0cm -> A+B
[INFO]   \u2705 Viga V53: b=15.0cm, h=110.0cm, L=244.0cm -> A+B
[INFO]   \u2705 Viga V54: b=15.0cm, h=38.0cm, L=244.0cm -> A+B
[INFO]   \u2705 Viga V55: b=15.0cm, h=38.0cm, L=244.0cm -> A+B
[INFO]   \u2705 Viga V56: b=15.0cm, h=110.0cm, L=244.0cm -> A+B
[INFO]   \u2705 Viga V57: b=15.0cm, h=110.0cm, L=246.0cm -> A+B
[INFO]   \u2705 Viga V58: b=15.0cm, h=38.0cm, L=244.0cm -> A+B
[INFO]   \u2705 Viga V59: b=15.0cm, h=110.0cm, L=246.0cm -> A+B
[INFO]   \u2705 Viga V60: b=15.0cm, h=100.0cm, L=246.0cm -> A+B
[INFO]   \u2705 Viga V61: b=15.0cm, h=38.0cm, L=244.0cm -> A+B
[INFO]   \u2705 Viga V62: b=15.0cm, h=38.0cm, L=244.0cm -> A+B
[INFO]   \u2705 Viga V63: b=15.0cm, h=38.0cm, L=246.0cm -> A+B
[INFO]   \u2705 Viga V64: b=15.0cm, h=38.0cm, L=246.0cm -> A+B
[INFO]   \u2705 Viga V65: b=15.0cm, h=38.0cm, L=244.0cm -> A+B
[INFO]   \u2705 Viga V66: b=15.0cm, h=38.0cm, L=334.0cm -> A+B
[INFO]   \u2705 Viga V67: b=15.0cm, h=38.0cm, L=246.0cm -> A+B
[INFO]   \u2705 Viga V68: b=15.0cm, h=38.0cm, L=246.0cm -> A+B
[INFO]   \u2705 Viga V69: b=15.0cm, h=38.0cm, L=182.0cm -> A+B
[INFO]   \u2705 Viga V70: b=15.0cm, h=38.0cm, L=182.0cm -> A+B
[INFO]   \u2705 Viga V71: b=15.0cm, h=38.0cm, L=244.0cm -> A+B
[INFO]   \u2705 Viga V72: b=15.0cm, h=38.0cm, L=244.0cm -> A+B
[INFO]   \u2705 Viga V73: b=15.0cm, h=38.0cm, L=244.0cm -> A+B
[INFO]   \u2705 Viga V74: b=15.0cm, h=38.0cm, L=244.0cm -> A+B
[INFO]   \u2705 Viga V75: b=15.0cm, h=38.0cm, L=244.0cm -> A+B
[INFO]   \u2705 Viga V76: b=15.0cm, h=38.0cm, L=244.0cm -> A+B
[INFO]   \u2705 Viga V77: b=15.0cm, h=28.0cm, L=244.0cm -> A+B
[INFO]   \u2705 Viga V78: b=15.0cm, h=38.0cm, L=244.0cm -> A+B
[INFO]   \u2705 Viga V79: b=15.0cm, h=38.0cm, L=244.0cm -> A+B
[INFO]   \u2705 Viga V80: b=15.0cm, h=38.0cm, L=244.0cm -> A+B
[INFO]   \u2705 Viga V81: b=15.0cm, h=28.0cm, L=244.0cm -> A+B
[INFO] Vigas: 31 processadas -> D:\Agente-cad-PYSIDE\DADOS-OBRAS\Obra_TREINO_1\Fase-4_Sincronizacao\vigas_salvas.json
[INFO] Carregado: D:\Agente-cad-PYSIDE\DADOS-OBRAS\Obra_TREINO_1\Fase-3_Interpretacao_Extracao\Lajes\lajes.json (50 itens)
[INFO]   \u2705 Laje L51: 100.0x100.0cm, 1 cortes
[INFO]   \u2705 Laje L52: 100.0x100.0cm, 1 cortes
[INFO]   \u2705 Laje L53: 100.0x100.0cm, 1 cortes
[INFO]   \u2705 Laje L54: 100.0x100.0cm, 1 cortes
[INFO]   \u2705 Laje L55: 100.0x100.0cm, 1 cortes
[INFO]   \u2705 Laje L56: 100.0x100.0cm, 1 cortes
[INFO]   \u2705 Laje L57: 100.0x100.0cm, 1 cortes
[INFO]   \u2705 Laje L58: 100.0x100.0cm, 1 cortes
[INFO]   \u2705 Laje L59: 100.0x100.0cm, 1 cortes
[INFO]   \u2705 Laje L60: 100.0x100.0cm, 1 cortes
[INFO]   \u2705 Laje L61: 100.0x100.0cm, 1 cortes
[INFO]   \u2705 Laje L62: 100.0x100.0cm, 1 cortes
[INFO]   \u2705 Laje L63: 100.0x100.0cm, 1 cortes
[INFO]   \u2705 Laje L64: 100.0x100.0cm, 1 cortes
[INFO]   \u2705 Laje L65: 100.0x100.0cm, 1 cortes
[INFO]   \u2705 Laje L66: 100.0x100.0cm, 1 cortes
[INFO]   \u2705 Laje L67: 100.0x100.0cm, 1 cortes
[INFO]   \u2705 Laje L68: 100.0x100.0cm, 1 cortes
[INFO]   \u2705 Laje L69: 100.0x100.0cm, 1 cortes
[INFO]   \u2705 Laje L70: 100.0x100.0cm, 1 cortes
[INFO]   \u2705 Laje L71: 100.0x100.0cm, 1 cortes
[INFO]   \u2705 Laje L72: 100.0x100.0cm, 1 cortes
[INFO]   \u2705 Laje L73: 100.0x100.0cm, 1 cortes
[INFO]   \u2705 Laje L74: 100.0x100.0cm, 1 cortes
[INFO]   \u2705 Laje L75: 100.0x100.0cm, 1 cortes
[INFO]   \u2705 Laje L76: 100.0x100.0cm, 1 cortes
[INFO]   \u2705 Laje L77: 100.0x100.0cm, 1 cortes
[INFO]   \u2705 Laje L78: 100.0x100.0cm, 1 cortes
[INFO]   \u2705 Laje L79: 100.0x100.0cm, 1 cortes
[INFO]   \u2705 Laje L80: 100.0x100.0cm, 1 cortes
[INFO]   \u2705 Laje L101: 244.0x122.0cm, 3 cortes
[INFO]   \u2705 Laje L102: 244.0x122.0cm, 3 cortes
[INFO]   \u2705 Laje L112: 91.5x91.5cm, 1 cortes
[INFO]   \u2705 Laje L114: 244.0x122.0cm, 3 cortes
[INFO]   \u2705 Laje L115: 244.0x122.0cm, 3 cortes
[INFO]   \u2705 Laje L118: 244.0x122.0cm, 3 cortes
[INFO]   \u2705 Laje L122: 244.0x122.0cm, 3 cortes
[INFO]   \u2705 Laje L201: 244.0x122.0cm, 3 cortes
[INFO]   \u2705 Laje L202: 244.0x122.0cm, 3 cortes
[INFO]   \u2705 Laje L203: 244.0x91.0cm, 3 cortes
[INFO]   \u2705 Laje L204: 244.0x122.0cm, 3 cortes
[INFO]   \u2705 Laje L205: 244.0x122.0cm, 3 cortes
[INFO]   \u2705 Laje L206: 244.0x122.0cm, 3 cortes
[INFO]   \u2705 Laje L208: 244.0x83.5cm, 3 cortes
[INFO]   \u2705 Laje L209: 244.0x104.5cm, 3 cortes
[INFO]   \u2705 Laje L210: 244.0x122.0cm, 3 cortes
[INFO]   \u2705 Laje L211: 244.0x122.0cm, 3 cortes
[INFO]   \u2705 Laje L212: 244.0x122.0cm, 3 cortes
[INFO]   \u2705 Laje L213: 244.0x122.0cm, 3 cortes
[INFO] Lajes: 49 processadas -> D:\Agente-cad-PYSIDE\DADOS-OBRAS\Obra_TREINO_1\Fase-4_Sincronizacao\lajes_salvas.json
[INFO] obras_salvas.json: 35 pilares \u2192 D:\Agente-cad-PYSIDE\DADOS-OBRAS\Obra_TREINO_1\Fase-4_Sincronizacao\obras_salvas.json
[INFO] === RESULTADO: 35 pilares, 31 vigas, 49 lajes | 0 erros ===
  pilares_bh.json: 36 pilares

=== GERANDO DXF PILARES (35 pilares) ===
  P1: b=24 h=88 paineis=12 alt=280cm [BH-extraido]
  P10: b=82 h=97 paineis=12 alt=280cm [BH-extraido]
  P11: b=30 h=97 paineis=12 alt=280cm [BH-extraido]
  P12: b=44 h=97 paineis=12 alt=280cm [BH-extraido]
  P13: b=24 h=92 paineis=12 alt=280cm [BH-extraido]
  P14: b=24 h=54 paineis=12 alt=280cm [BH-extraido]
  P15: b=45 h=67 paineis=12 alt=280cm [BH-extraido]
  P16: b=43 h=97 paineis=12 alt=280cm [BH-extraido]
  P17: b=30 h=97 paineis=12 alt=280cm [BH-extraido]
  P18: b=72 h=97 paineis=12 alt=280cm [BH-extraido]
  P19: b=30 h=97 paineis=12 alt=280cm [BH-extraido]
  P2: b=30 h=88 paineis=12 alt=280cm [BH-extraido]
  P20: b=23 h=54 paineis=12 alt=280cm [BH-extraido]
  P21: b=56 h=84 paineis=12 alt=280cm [BH-extraido]
  P22: b=60 h=80 paineis=12 alt=280cm [BH-extraido]
  P23: b=45 h=67 paineis=12 alt=280cm [BH-extraido]
  P24: b=19 h=97 paineis=12 alt=280cm [BH-extraido]
  P25: b=30 h=82 paineis=12 alt=280cm [BH-extraido]
  P26: b=52 h=54 paineis=12 alt=280cm [BH-extraido]
  P27: b=19 h=81 paineis=12 alt=280cm [BH-extraido]
  P28: b=30 h=97 paineis=12 alt=280cm [BH-extraido]
  P29: b=24 h=88 paineis=12 alt=280cm [BH-extraido]
  P3: b=24 h=82 paineis=12 alt=280cm [BH-extraido]
  P30: b=27 h=92 paineis=12 alt=280cm [BH-extraido]
  P31: b=27 h=92 paineis=12 alt=280cm [BH-extraido]
  P32: b=27 h=92 paineis=12 alt=280cm [BH-extraido]
  P33: b=19 h=97 paineis=12 alt=280cm [BH-extraido]
  P34: b=19 h=82 paineis=12 alt=280cm [BH-extraido]
  P35: b=19 h=82 paineis=12 alt=280cm [BH-extraido]
  P4: b=24 h=82 paineis=12 alt=280cm [BH-extraido]
  P5: b=24 h=82 paineis=12 alt=280cm [BH-extraido]
  P6: b=24 h=82 paineis=12 alt=280cm [BH-extraido]
  P7: b=24 h=82 paineis=12 alt=280cm [BH-extraido]
  P8: b=27 h=82 paineis=12 alt=280cm [BH-extraido]
  P9: b=30 h=97 paineis=12 alt=280cm [BH-extraido]

=== RESULTADO: 35 DXFs gerados | 0 erros ===
  Relatorio: D:\Agente-cad-PYSIDE\DADOS-OBRAS\Obra_TREINO_1\Fase-5_Geracao_Scripts\DXF_Pilares\_relatorio.json
  DXFs em: D:\Agente-cad-PYSIDE\DADOS-OBRAS\Obra_TREINO_1\Fase-5_Geracao_Scripts\DXF_Pilares

  Proximo: python scripts/comparar_dxf_pilares.py --obra D:\Agente-cad-PYSIDE\DADOS-OBRAS\Obra_TREINO_1

=== GERANDO DXF VIGAS (31 vigas) ===
  V51: b=15 h=110 L=406cm | paineis A=4 B=4 F=4
  V52: b=15 h=110 L=246cm | paineis A=3 B=3 F=3
  V53: b=15 h=110 L=244cm | paineis A=3 B=3 F=3
  V54: b=15 h=38 L=244cm | paineis A=3 B=3 F=3
  V55: b=15 h=38 L=244cm | paineis A=3 B=3 F=3
  V56: b=15 h=110 L=244cm | paineis A=3 B=3 F=3
  V57: b=15 h=110 L=246cm | paineis A=3 B=3 F=3
  V58: b=15 h=38 L=244cm | paineis A=3 B=3 F=3
  V59: b=15 h=110 L=246cm | paineis A=3 B=3 F=3
  V60: b=15 h=100 L=246cm | paineis A=3 B=3 F=3
  V61: b=15 h=38 L=244cm | paineis A=3 B=3 F=3
  V62: b=15 h=38 L=244cm | paineis A=3 B=3 F=3
  V63: b=15 h=38 L=246cm | paineis A=3 B=3 F=3
  V64: b=15 h=38 L=246cm | paineis A=3 B=3 F=3
  V65: b=15 h=38 L=244cm | paineis A=3 B=3 F=3
  V66: b=15 h=38 L=334cm | paineis A=3 B=3 F=3
  V67: b=15 h=38 L=246cm | paineis A=3 B=3 F=3
  V68: b=15 h=38 L=246cm | paineis A=3 B=3 F=3
  V69: b=15 h=38 L=182cm | paineis A=2 B=2 F=2
  V70: b=15 h=38 L=182cm | paineis A=2 B=2 F=2
  V71: b=15 h=38 L=244cm | paineis A=3 B=3 F=3
  V72: b=15 h=38 L=244cm | paineis A=3 B=3 F=3
  V73: b=15 h=38 L=244cm | paineis A=3 B=3 F=3
  V74: b=15 h=38 L=244cm | paineis A=3 B=3 F=3
  V75: b=15 h=38 L=244cm | paineis A=3 B=3 F=3
  V76: b=15 h=38 L=244cm | paineis A=3 B=3 F=3
  V77: b=15 h=28 L=244cm | paineis A=3 B=3 F=3
  V78: b=15 h=38 L=244cm | paineis A=3 B=3 F=3
  V79: b=15 h=38 L=244cm | paineis A=3 B=3 F=3
  V80: b=15 h=38 L=244cm | paineis A=3 B=3 F=3
  V81: b=15 h=28 L=244cm | paineis A=3 B=3 F=3

=== RESULTADO: 31 DXFs gerados | 0 erros ===
  Relatorio: D:\Agente-cad-PYSIDE\DADOS-OBRAS\Obra_TREINO_1\Fase-5_Geracao_Scripts\DXF_Vigas\_relatorio.json
  DXFs em: D:\Agente-cad-PYSIDE\DADOS-OBRAS\Obra_TREINO_1\Fase-5_Geracao_Scripts\DXF_Vigas

  Proximo: python scripts/comparar_dxf_vigas.py --obra D:\Agente-cad-PYSIDE\DADOS-OBRAS\Obra_TREINO_1

=== GERANDO DXF LAJES (49 lajes) ===
  L51: 100.0x100.0cm paineis=2x1 area=10000cm2
  L52: 100.0x100.0cm paineis=2x1 area=10000cm2
  L53: 100.0x100.0cm paineis=2x1 area=10000cm2
  L54: 100.0x100.0cm paineis=2x1 area=10000cm2
  L55: 100.0x100.0cm paineis=2x1 area=10000cm2
  L56: 100.0x100.0cm paineis=2x1 area=10000cm2
  L57: 100.0x100.0cm paineis=2x1 area=10000cm2
  L58: 100.0x100.0cm paineis=2x1 area=10000cm2
  L59: 100.0x100.0cm paineis=2x1 area=10000cm2
  L60: 100.0x100.0cm paineis=2x1 area=10000cm2
  L61: 100.0x100.0cm paineis=2x1 area=10000cm2
  L62: 100.0x100.0cm paineis=2x1 area=10000cm2
  L63: 100.0x100.0cm paineis=2x1 area=10000cm2
  L64: 100.0x100.0cm paineis=2x1 area=10000cm2
  L65: 100.0x100.0cm paineis=2x1 area=10000cm2
  L66: 100.0x100.0cm paineis=2x1 area=10000cm2
  L67: 100.0x100.0cm paineis=2x1 area=10000cm2
  L68: 100.0x100.0cm paineis=2x1 area=10000cm2
  L69: 100.0x100.0cm paineis=2x1 area=10000cm2
  L70: 100.0x100.0cm paineis=2x1 area=10000cm2
  L71: 100.0x100.0cm paineis=2x1 area=10000cm2
  L72: 100.0x100.0cm paineis=2x1 area=10000cm2
  L73: 100.0x100.0cm paineis=2x1 area=10000cm2
  L74: 100.0x100.0cm paineis=2x1 area=10000cm2
  L75: 100.0x100.0cm paineis=2x1 area=10000cm2
  L76: 100.0x100.0cm paineis=2x1 area=10000cm2
  L77: 100.0x100.0cm paineis=2x1 area=10000cm2
  L78: 100.0x100.0cm paineis=2x1 area=10000cm2
  L79: 100.0x100.0cm paineis=2x1 area=10000cm2
  L80: 100.0x100.0cm paineis=2x1 area=10000cm2
  L101: 244.0x122.0cm paineis=4x1 area=29768cm2
  L102: 244.0x122.0cm paineis=4x1 area=29768cm2
  L112: 91.5x91.5cm paineis=2x1 area=8372cm2
  L114: 244.0x122.0cm paineis=4x1 area=29768cm2
  L115: 244.0x122.0cm paineis=4x1 area=29768cm2
  L118: 244.0x122.0cm paineis=4x1 area=29768cm2
  L122: 244.0x122.0cm paineis=4x1 area=29768cm2
  L201: 244.0x122.0cm paineis=4x1 area=29768cm2
  L202: 244.0x122.0cm paineis=4x1 area=29768cm2
  L203: 244.0x91.0cm paineis=4x1 area=22204cm2
  L204: 244.0x122.0cm paineis=4x1 area=29768cm2
  L205: 244.0x122.0cm paineis=4x1 area=29768cm2
  L206: 244.0x122.0cm paineis=4x1 area=29768cm2
  L208: 244.0x83.5cm paineis=4x1 area=20374cm2
  L209: 244.0x104.5cm paineis=4x1 area=25498cm2
  L210: 244.0x122.0cm paineis=4x1 area=29768cm2
  L211: 244.0x122.0cm paineis=4x1 area=29768cm2
  L212: 244.0x122.0cm paineis=4x1 area=29768cm2
  L213: 244.0x122.0cm paineis=4x1 area=29768cm2

=== RESULTADO: 49 DXFs gerados | 0 erros ===
  Relatorio: D:\Agente-cad-PYSIDE\DADOS-OBRAS\Obra_TREINO_1\Fase-5_Geracao_Scripts\DXF_Lajes\_relatorio.json
  DXFs em: D:\Agente-cad-PYSIDE\DADOS-OBRAS\Obra_TREINO_1\Fase-5_Geracao_Scripts\DXF_Lajes

  Proximo: python scripts/comparar_dxf.py --obra D:\Agente-cad-PYSIDE\DADOS-OBRAS\Obra_TREINO_1

=== COMPARADOR DXF vs. GROUND TRUTH (tol=5.0%) ===

--- PILARES ---
  Match rate: 100.0% (35/35)
  Erro médio: 0.0%

--- VIGAS ---
  Match rate: 100.0% (31/31)
  Erro médio: 0.0%

--- LAJES ---
  Match rate: 87.8% (43/49)
  Erro médio: 7.9%
  DIFF L64: ref 100.0x100.0 | gen 13.0x45.0 | err=71.0%
  DIFF L68: ref 100.0x100.0 | gen 11.0x60.0 | err=64.5%
  DIFF L112: ref 91.5x91.5 | gen 80.0x5.5 | err=53.3%
  DIFF L208: ref 244.0x83.5 | gen 25.5x24.0 | err=80.4%
  DIFF L212: ref 244.0x122.0 | gen 80.0x110.0 | err=38.5%
  DIFF L213: ref 244.0x122.0 | gen 13.0x45.0 | err=78.9%

=== SCORE GERAL: 95.9% (PASS | meta: 75.0%) ===
  Pilares: 100.0% | Vigas: 100.0% | Lajes: 87.8%

  Relatorio: D:\Agente-cad-PYSIDE\DADOS-OBRAS\Obra_TREINO_1\Fase-5_Geracao_Scripts\_relatorio_comparacao.json
[INFO] === extrair_ancoras_dxf.py | Obra_TREINO_1 | 2 PAV ===
[INFO] PL DXF: ALIMONTI - PARAISO - 2° PAV.- PL - R00.dxf
[INFO] Pilares: 35 ancoras extraidas do PL DXF
[INFO] Salvo: D:\Agente-cad-PYSIDE\DADOS-OBRAS\Obra_TREINO_1\Fase-3_Interpretacao_Extracao\ancoras_pilares.json (35 pilares)
[INFO] LV DXF: ALIMONTI - PARAISO - 2° PAV.- LV - R00.dxf
[INFO] Vigas: 30 ancoras extraidas do LV DXF
[INFO] Salvo: D:\Agente-cad-PYSIDE\DADOS-OBRAS\Obra_TREINO_1\Fase-3_Interpretacao_Extracao\ancoras_vigas.json (30 vigas)
[INFO] LJ DXF: ALIMONTI - PARAISO - 2° PAV.- LJ - R00.dxf
[INFO] Lajes: 49 ancoras extraidas do LJ DXF
[INFO] Salvo: D:\Agente-cad-PYSIDE\DADOS-OBRAS\Obra_TREINO_1\Fase-3_Interpretacao_Extracao\ancoras_lajes.json (49 lajes)

[RESULTADO]
  Pilares: 35 ancoras
  Vigas:   30 ancoras
  Lajes:   49 ancoras

  STATUS: OK (cobertura suficiente)
[INFO] === consolidar_dxf_pilares.py | Obra_TREINO_1 | 12 PAV ===
  P1: ancora=(4387,11996) offset=(4230,11856) [18 ents]
  P2: ancora=(5976,11996) offset=(5813,11856) [18 ents]
  P3: ancora=(7565,11995) offset=(7414,11855) [18 ents]
  P4: ancora=(2797,10846) offset=(2646,10706) [18 ents]
  P5: ancora=(4402,10846) offset=(4251,10706) [18 ents]
  P6: ancora=(5980,10846) offset=(5829,10706) [18 ents]
  P7: ancora=(7565,10846) offset=(7414,10706) [18 ents]
  P8: ancora=(2797,9698) offset=(2643,9558) [18 ents]
  P9: ancora=(4378,9698) offset=(4206,9558) [18 ents]
  P10: ancora=(5980,9698) offset=(5756,9558) [18 ents]
  P11: ancora=(7551,9699) offset=(7379,9559) [18 ents]
  P12: ancora=(2494,6069) offset=(2308,5929) [18 ents]
  P13: ancora=(4385,8551) offset=(4224,8411) [18 ents]
  P14: ancora=(4617,6052) offset=(4494,5912) [18 ents]
  P15: ancora=(7540,8551) offset=(7383,8411) [18 ents]
  P16: ancora=(2583,5303) offset=(2398,5163) [18 ents]
  P17: ancora=(4401,7402) offset=(4229,7262) [18 ents]
  P18: ancora=(5957,7402) offset=(5743,7262) [18 ents]
  P19: ancora=(7551,7402) offset=(7379,7262) [18 ents]
  P20: ancora=(2671,4537) offset=(2549,4397) [18 ents]
  P21: ancora=(4385,6253) offset=(4200,6113) [18 ents]
  P22: ancora=(4794,4521) offset=(4609,4381) [18 ents]
  P23: ancora=(7540,6253) offset=(7383,6113) [18 ents]
  P24: ancora=(2742,5104) offset=(2581,4964) [18 ents]
  P25: ancora=(4395,5104) offset=(4238,4964) [18 ents]
  P26: ancora=(5879,4722) offset=(5728,4582) [18 ents]
  P27: ancora=(6385,3957) offset=(6240,3817) [18 ents]
  P28: ancora=(2780,2808) offset=(2608,2668) [18 ents]
  P29: ancora=(4373,2808) offset=(4216,2668) [18 ents]
  P30: ancora=(5956,2808) offset=(5792,2668) [18 ents]
  P31: ancora=(7541,2808) offset=(7377,2668) [18 ents]
  P32: ancora=(2786,1659) offset=(2622,1519) [18 ents]
  P33: ancora=(4372,1658) offset=(4211,1518) [18 ents]
  P34: ancora=(5977,1658) offset=(5831,1518) [18 ents]
  P35: ancora=(7562,1658) offset=(7416,1518) [18 ents]

[RESULTADO]
  Pilares consolidados: 35/35
  Output: D:\Agente-cad-PYSIDE\DADOS-OBRAS\Obra_TREINO_1\Fase-6_Execucao_CAD\PL_gerado.dxf
  Validação: 630 entidades no PL_gerado.dxf
  Relatório: D:\Agente-cad-PYSIDE\DADOS-OBRAS\Obra_TREINO_1\Fase-6_Execucao_CAD\consolidacao_pilares.json
[INFO] === consolidar_dxf_vigas.py | Obra_TREINO_1 ===
  V51: ancora=(6148,9511) [16 ents]
  V52: ancora=(7781,9511) [13 ents]
  V53: ancora=(4564,8349) [13 ents]
  V54: ancora=(7682,8021) [13 ents]
  V55: ancora=(2688,6884) [13 ents]
  V56: ancora=(0,0) [13 ents]
  V57: ancora=(4575,7216) [13 ents]
  V58: ancora=(7625,6897) [13 ents]
  V59: ancora=(2946,6027) [13 ents]
  V60: ancora=(3083,5552) [13 ents]
  V61: ancora=(4318,5707) [13 ents]
  V62: ancora=(5050,5724) [13 ents]
  V63: ancora=(5903,5740) [13 ents]
  V64: ancora=(6635,5750) [13 ents]
  V65: ancora=(7488,5756) [13 ents]
  V66: ancora=(8220,5756) [13 ents]
  V67: ancora=(2733,4625) [13 ents]
  V68: ancora=(3465,4602) [13 ents]
  V69: ancora=(4318,4608) [10 ents]
  V70: ancora=(5050,4608) [10 ents]
  V71: ancora=(5925,4625) [13 ents]
  V72: ancora=(6692,4585) [13 ents]
  V73: ancora=(7427,4588) [13 ents]
  V74: ancora=(8043,4615) [13 ents]
  V75: ancora=(2722,3409) [13 ents]
  V76: ancora=(8451,4615) [13 ents]
  V77: ancora=(3475,3429) [13 ents]
  V78: ancora=(4310,3442) [13 ents]
  V79: ancora=(5130,3414) [13 ents]
  V80: ancora=(5930,3431) [13 ents]
  V81: ancora=(6757,3321) [13 ents]

[RESULTADO]
  LV_gerado.dxf: 31 vigas (400 entidades)
  FV_gerado.dxf: 31 vigas offset (400 entidades)
  Sem ancora: ['V56']
[INFO] === consolidar_dxf_lajes.py | Obra_TREINO_1 ===
  L51: ancora=(4025,3177) [4 ents]
  L52: ancora=(4464,3177) [4 ents]
  L53: ancora=(4901,3178) [4 ents]
  L54: ancora=(5337,3177) [4 ents]
  L55: ancora=(5759,3177) [4 ents]
  L56: ancora=(6205,3176) [4 ents]
  L57: ancora=(6639,3176) [4 ents]
  L58: ancora=(7081,3176) [4 ents]
  L59: ancora=(4020,2915) [4 ents]
  L60: ancora=(4444,2968) [4 ents]
  L61: ancora=(4889,2946) [4 ents]
  L62: ancora=(5337,2920) [4 ents]
  L63: ancora=(5763,2905) [4 ents]
  L64: ancora=(6211,2909) [4 ents]
  L65: ancora=(6650,2899) [4 ents]
  L66: ancora=(7074,2899) [4 ents]
  L67: ancora=(5323,2647) [4 ents]
  L68: ancora=(4023,2306) [4 ents]
  L69: ancora=(4428,2269) [4 ents]
  L70: ancora=(4896,2287) [4 ents]
  L71: ancora=(5318,2287) [4 ents]
  L72: ancora=(5799,2288) [4 ents]
  L73: ancora=(6189,2286) [4 ents]
  L74: ancora=(6522,2267) [4 ents]
  L75: ancora=(4134,2046) [4 ents]
  L76: ancora=(4426,2047) [4 ents]
  L77: ancora=(4897,2031) [4 ents]
  L78: ancora=(5336,2031) [4 ents]
  L79: ancora=(5784,2032) [4 ents]
  L80: ancora=(6220,2032) [4 ents]
  L101: ancora=(4264,2961) [6 ents]
  L102: ancora=(4402,2961) [6 ents]
  L112: ancora=(4267,2665) [4 ents]
  L114: ancora=(4847,3097) [6 ents]
  L115: ancora=(4847,2844) [6 ents]
  L118: ancora=(5820,2838) [6 ents]
  L122: ancora=(4197,3053) [6 ents]
  L201: ancora=(5287,2991) [6 ents]
  L202: ancora=(5441,2623) [6 ents]
  L203: ancora=(5312,2561) [6 ents]
  L204: ancora=(5915,2681) [6 ents]
  L205: ancora=(6730,2848) [6 ents]
  L206: ancora=(4563,2869) [6 ents]
  L208: ancora=(5082,2735) [6 ents]
  L209: ancora=(7024,2545) [6 ents]
  L210: ancora=(6029,2623) [6 ents]
  L211: ancora=(5274,2284) [6 ents]
  L212: ancora=(5043,2623) [6 ents]
  L213: ancora=(6182,2889) [6 ents]

[RESULTADO]
  Lajes consolidadas: 49/49
  LJ_gerado.dxf: 232 entidades
  Output: D:\Agente-cad-PYSIDE\DADOS-OBRAS\Obra_TREINO_1\Fase-6_Execucao_CAD\LJ_gerado.dxf
[INFO] === validar_dxf_coletivo.py | Obra_TREINO_1 | 2 PAV ===

  [PILARES]
    GT: 35 | Gerado: 35 | Corretos: 35
    id_match: 100.0% | hallucination: 0.0%
    SCORE: 100.0% — APROVADO

  [VIGAS]
    GT: 31 | Gerado: 31 | Corretos: 31
    id_match: 100.0% | hallucination: 0.0%
    SCORE: 100.0% — APROVADO

  [LAJES]
    GT: 49 | Gerado: 49 | Corretos: 49
    id_match: 100.0% | hallucination: 0.0%
    SCORE: 100.0% — APROVADO

[RESULTADO GLOBAL]
  Score global: 100.0%
  Status: APROVADO (>=90%)

[INFO] Salvo: D:\Agente-cad-PYSIDE\DADOS-OBRAS\Obra_TREINO_1\Fase-6_Execucao_CAD\validation_coletivo.json
[INFO] Processando 35 pilares \u2192 obras_salvas.json
[INFO]   P1: 88x24cm grade_1=0
[INFO]   P2: 88x30cm grade_1=0
[INFO]   P3: 82x24cm grade_1=0
[INFO]   P4: 82x24cm grade_1=0
[INFO]   P5: 82x24cm grade_1=0
[INFO]   P6: 82x24cm grade_1=0
[INFO]   P7: 82x24cm grade_1=0
[INFO]   P8: 82x27cm grade_1=0
[INFO]   P9: 97x30cm grade_1=0
[INFO]   P10: 97x82cm grade_1=0
[INFO]   P11: 97x30cm grade_1=0
[INFO]   P12: 97x44cm grade_1=0
[INFO]   P13: 92x24cm grade_1=0
[INFO]   P14: 54x24cm grade_1=0
[INFO]   P15: 67x45cm grade_1=0
[INFO]   P16: 97x43cm grade_1=0
[INFO]   P17: 97x30cm grade_1=0
[INFO]   P18: 97x72cm grade_1=0
[INFO]   P19: 97x30cm grade_1=0
[INFO]   P20: 54x23cm grade_1=0
[INFO]   P21: 84x56cm grade_1=0
[INFO]   P22: 80x60cm grade_1=0
[INFO]   P23: 67x45cm grade_1=0
[INFO]   P24: 97x19cm grade_1=0
[INFO]   P25: 82x30cm grade_1=0
[INFO]   P26: 54x52cm grade_1=0
[INFO]   P27: 81x19cm grade_1=0
[INFO]   P28: 97x30cm grade_1=0
[INFO]   P29: 88x24cm grade_1=0
[INFO]   P30: 92x27cm grade_1=0
[INFO]   P31: 92x27cm grade_1=0
[INFO]   P32: 92x27cm grade_1=0
[INFO]   P33: 97x19cm grade_1=0
[INFO]   P34: 82x19cm grade_1=0
[INFO]   P35: 82x19cm grade_1=0
[INFO] \u2705 obras_salvas.json gerado: 35 pilares \u2192 D:\Agente-cad-PYSIDE\DADOS-OBRAS\Obra_TREINO_1\Fase-4_Sincronizacao\obras_salvas.json
[INFO] \u2705 pavimentos_lista.json gerado \u2192 D:\Agente-cad-PYSIDE\DADOS-OBRAS\Obra_TREINO_1\Fase-4_Sincronizacao\pavimentos_lista.json

============================================================
PIPELINE E2E — Obra_TREINO_1 | 2 PAV
============================================================

[FASE 1] Descoberta de DXFs
  [SKIP] dxf_discovery.json ja existe e contem Obra_TREINO_1

[FASE 2] Engenharia Reversa (Ground Truth)
  [RUN] engenharia_reversa_dxf.py ...
        -> OK (7.3s)

[FASE 3] Extração Dimensional
  [RUN] extrair_bh_pilares.py ...
        -> OK (2.8s)
  [RUN] extrair_vigas_lv.py ...
        -> OK (2.5s)
  [RUN] extrair_lajes_lj.py ...
        -> OK (1.3s)
  [RUN] extrair_garfos_evg.py ...
        -> FALHOU (code 1) (0.6s)
  [RUN] extrair_largura_vigas.py ...
        -> FALHOU (code 2) (0.0s)
  [RUN] extrair_assembly_pl.py ...
        -> FALHOU (code 2) (0.6s)
  [RUN] integrar_fichas_fase3.py ...
        -> OK (0.1s)

[FASE 4] Motor Fase 4 (Transformacao Fase-3 -> Fase-4)
  [CLEAN] Removendo 34 JSONs antigos de JSON_Pilares/
  [CLEAN] Removendo 52 JSONs antigos de JSON_Vigas_Laterais/
  [CLEAN] Removendo 26 JSONs antigos de JSON_Vigas_Fundo/
  [CLEAN] Removendo 33 JSONs antigos de JSON_Lajes/
  [RUN] motor_fase4.py ...
        -> OK (0.2s)

[FASE 5] Geração DXF Individual
  [CLEAN] Removendo 34 DXFs antigos de DXF_Pilares/
  [CLEAN] Removendo 26 DXFs antigos de DXF_Vigas/
  [CLEAN] Removendo 33 DXFs antigos de DXF_Lajes/
  [RUN] gerar_dxf_pilares.py ...
        -> OK (0.9s)
  [RUN] gerar_dxf_vigas.py ...
        -> OK (0.9s)
  [RUN] gerar_dxf_lajes.py ...
        -> OK (1.0s)

[FASE 5b] Comparação DXF Individual vs STOG
  [RUN] comparar_dxf.py ...
        -> OK (2.5s)

[FASE 6] Extração de Âncoras (coords absolutas)
  [RUN] extrair_ancoras_dxf.py ...
        -> OK (5.1s)

[FASE 7] Consolidação DXF Coletivo
  [RUN] consolidar_dxf_pilares.py ...
        -> OK (1.1s)
  [RUN] consolidar_dxf_vigas.py ...
        -> OK (1.1s)
  [RUN] consolidar_dxf_lajes.py ...
        -> OK (1.0s)

[FASE 8] Validação DXF Coletivo
  [RUN] validar_dxf_coletivo.py ...
        -> OK (0.8s)

[FASE 9] Geração obras_salvas.json (formato robô)
  [RUN] gerar_obras_salvas.py ...
        -> OK (0.1s)

============================================================
PIPELINE CONCLUÍDO — APROVADO
  Score coletivo: 100.0%
  Relatório: D:\Agente-cad-PYSIDE\DADOS-OBRAS\Obra_TREINO_1\Fase-8_Revisao_Entrega\pipeline_report.json
============================================================

[INFO] === engenharia_reversa_dxf.py | Obra: Obra_TREINO_1 | Pav: TIPO - 3 AO 12 PAV ===
[INFO] Diretório: D:\Agente-cad-PYSIDE\DADOS-OBRAS\Obra_TREINO_1\Fase-1_Ingestao\Projetos_Finalizados_para_Engenharia_Reversa
[INFO] Usando caminhos do dxf_discovery.json para pav 'TIPO - 3 AO 12 PAV'
[INFO] PL DXF: ALIMONTI - PARAISO - TIPO - 3° AO 12° PAV.- PL - R00.dxf
[INFO] Pilares extraídos: 35 IDs | Pé Direito: Nonecm -> D:\Agente-cad-PYSIDE\DADOS-OBRAS\Obra_TREINO_1\Fase-3_Interpretacao_Extracao\Pilares\pilares_ground_truth.json
[INFO] LV DXF: ALIMONTI - PARAISO - TIPO - 3° AO 12° PAV.- LV - R00.dxf
[INFO] Vigas extraídas: 34 IDs -> D:\Agente-cad-PYSIDE\DADOS-OBRAS\Obra_TREINO_1\Fase-3_Interpretacao_Extracao\Vigas\vigas_ground_truth.json
[INFO] LJ DXF: ALIMONTI - PARAISO - TIPO - 3° AO 12° PAV.- LJ - R00.dxf
[INFO] Lajes extraídas: 33 IDs -> D:\Agente-cad-PYSIDE\DADOS-OBRAS\Obra_TREINO_1\Fase-3_Interpretacao_Extracao\Lajes\lajes_ground_truth.json
[INFO] === RESULTADO: 35 pilares (ground truth) ===
[INFO] NOTA: IDs e count são CONFIÁVEIS. B/H requerem revisão manual ou análise visual.
[INFO] Ground truth salvo em: D:\Agente-cad-PYSIDE\DADOS-OBRAS\Obra_TREINO_1\Fase-3_Interpretacao_Extracao
[INFO] === extrair_bh_pilares.py | Obra_TREINO_1 | TIPO - 3 AO 12 PAV ===
[INFO] PL DXF: ALIMONTI - PARAISO - TIPO - 3° AO 12° PAV.- PL - R00.dxf
[INFO] Max distancia proximity: 300.0 unidades DXF
[INFO] Lendo DXF (pode demorar para arquivos grandes)...
[INFO] DXF carregado: 6829 entidades
[INFO] Extraindo posicoes dos pilares (layer Texto Secao)...
[INFO] Pilares encontrados: 35
[INFO] Extraindo DIMENSION entities (layers de cota)...
[INFO] DIMENSIONs de cota encontradas: 696
[INFO] Inverse proximity: 696 dims assignadas a 35 pilares

[RESULTADO] Extracao B/H de Pilares
  Total pilares:      35
  B+H completos:      35 (100.0%)
  Apenas H:           0
  Sem dados:          0

[INFO] Salvo em: D:\Agente-cad-PYSIDE\DADOS-OBRAS\Obra_TREINO_1\Fase-3_Interpretacao_Extracao\Pilares\pilares_bh.json
[INFO] pilares_ground_truth.json atualizado: 35 pilares com B/H

[AMOSTRA] Primeiros 5 pilares extraidos:
  P1: B=19.0cm, H=88.0cm, conf=90%
  P2: B=19.0cm, H=88.0cm, conf=90%
  P3: B=38.0cm, H=80.0cm, conf=70%
  P4: B=59.0cm, H=97.0cm, conf=90%
  P5: B=94.1cm, H=96.0cm, conf=90%
DXF: ALIMONTI - PARAISO - TIPO - 3° AO 12° PAV.- LV - R00.dxf
  Labels encontrados: 33 vigas
  Cota Seção (2x): 70 dims
  COTA: 1015 dims

=== RESULTADO ===
  Total vigas: 33
  Com altura_lateral: 33/33
  Com comprimento: 33/33
  Com ambos: 33/33
  Confiança média: 87%
  Output: D:\Agente-cad-PYSIDE\DADOS-OBRAS\Obra_TREINO_1\Fase-3_Interpretacao_Extracao\Vigas\vigas_dim.json

Viga     Alt(cm)    Comp(cm)     Conf     Sides
-------------------------------------------------------
V0       38         244          89%      A+B
V1       110        418          84%      A+B
V2       110        244          89%      A+B
V3       110        418          89%      A+B
V4       38         578          84%      A+B
V5       38         722          84%      A+B
V7       110        418          84%      A+B
V8       38         684          89%      A+B
V9       110        1009         89%      A+B
V10      100        1009         89%      A+B
V11      38         415          89%      A+B
V12      38         418          84%      A+B
V13      38         415          84%      A+B
V14      38         415          89%      A+B
V15      38         415          84%      A+B
V16      38         415          89%      A+B
V17      38         415          84%      A+B
V18      38         415          89%      A+B
V19      38         415          89%      A+B
V20      38         415          89%      A+B
V21      38         455          84%      A+B
V22      38         455          89%      A+B
V23      38         455          89%      A+B
V24      38         455          89%      A+B
V25      38         415          84%      A+B
V26      38         455          84%      A+B
V27      28         415          89%      A+B
V28      38         474          84%      A+B
V29      38         474          89%      A+B
V30      38         568          84%      A+B
V31      28         568          89%      B
V51      38         415          84%      A+B
V60      110        418          89%      A+B
[INFO] === extrair_lajes_lj.py | Obra_TREINO_1 | TIPO - 3 AO 12 PAV ===
[INFO] LJ DXF: ALIMONTI - PARAISO - TIPO - 3° AO 12° PAV.- LJ - R00.dxf
[INFO] Lendo DXF...
[INFO] 1412 entidades
[INFO] Extraindo labels e codigos de lajes...
[DEBUG] Labels encontrados: ['L1', 'L10', 'L11', 'L12', 'L13', 'L14', 'L15', 'L16', 'L17', 'L18', 'L19', 'L2', 'L20', 'L21', 'L22', 'L23', 'L24', 'L25', 'L26', 'L27', 'L28', 'L29', 'L3', 'L30', 'L4', 'L5', 'L6', 'L7', 'L8', 'L9']
[DEBUG] Lajes com paineis AUX00: ['L63', 'L64', 'L71']
[INFO] Lajes encontradas: 33
[INFO] Construindo fichas com coordenadas...

[RESULTADO] Extracao de Lajes
  Total lajes:        33
  Com dimensoes:      0
  Com coordenadas:    0

[INFO] Salvo em: D:\Agente-cad-PYSIDE\DADOS-OBRAS\Obra_TREINO_1\Fase-3_Interpretacao_Extracao\Lajes\lajes_data.json
[INFO] lajes_ground_truth.json atualizado: 0 lajes com dimensoes

[AMOSTRA] Primeiras lajes:
  L1: NonexNonecm | area=Nonecm2 | coords=0pts | conf=30%
  L2: NonexNonecm | area=Nonecm2 | coords=0pts | conf=30%
  L3: NonexNonecm | area=Nonecm2 | coords=0pts | conf=30%
  L4: NonexNonecm | area=Nonecm2 | coords=0pts | conf=30%
  L5: NonexNonecm | area=Nonecm2 | coords=0pts | conf=30%
  L6: NonexNonecm | area=Nonecm2 | coords=0pts | conf=30%
  L7: NonexNonecm | area=Nonecm2 | coords=0pts | conf=30%
  L8: NonexNonecm | area=Nonecm2 | coords=0pts | conf=30%
ERRO: Nenhum EVG DXF encontrado em D:\Agente-cad-PYSIDE\DADOS-OBRAS\Obra_TREINO_1
C:\Python314\python.exe: can't open file 'D:\\Agente-cad-PYSIDE\\Agente-cad-PYSIDE-Restored-main\\scripts\\extrair_largura_vigas.py': [Errno 2] No such file or directory
usage: extrair_assembly_pl.py [-h] --obra OBRA [--pav PAV] [--output OUTPUT]
extrair_assembly_pl.py: error: unrecognized arguments: --pavimento TIPO - 3 AO 12 PAV
=== VIGAS ===
  AVISO: vigas_largura.json nao encontrado — usando b=15cm (default)
  vigas.json atualizado: 33 vigas
    V0: b=15.0cm h=38.0cm L=244.0cm
    V1: b=15.0cm h=110.0cm L=418.0cm
    V2: b=15.0cm h=110.0cm L=244.0cm
    V3: b=15.0cm h=110.0cm L=418.0cm
    V4: b=15.0cm h=38.0cm L=578.0cm
    V5: b=15.0cm h=38.0cm L=722.0cm
    V7: b=15.0cm h=110.0cm L=418.0cm
    V8: b=15.0cm h=38.0cm L=684.5cm
    V9: b=15.0cm h=110.0cm L=1009.0cm
    V10: b=15.0cm h=100.0cm L=1009.0cm
    V11: b=15.0cm h=38.0cm L=415.0cm
    V12: b=15.0cm h=38.0cm L=418.0cm
    V13: b=15.0cm h=38.0cm L=415.0cm
    V14: b=15.0cm h=38.0cm L=415.0cm
    V15: b=15.0cm h=38.0cm L=415.0cm
    V16: b=15.0cm h=38.0cm L=415.0cm
    V17: b=15.0cm h=38.0cm L=415.0cm
    V18: b=15.0cm h=38.0cm L=415.0cm
    V19: b=15.0cm h=38.0cm L=415.0cm
    V20: b=15.0cm h=38.0cm L=415.0cm
    V21: b=15.0cm h=38.0cm L=455.0cm
    V22: b=15.0cm h=38.0cm L=455.0cm
    V23: b=15.0cm h=38.0cm L=455.0cm
    V24: b=15.0cm h=38.0cm L=455.0cm
    V25: b=15.0cm h=38.0cm L=415.0cm
    V26: b=15.0cm h=38.0cm L=455.0cm
    V27: b=15.0cm h=28.0cm L=415.0cm
    V28: b=15.0cm h=38.0cm L=474.0cm
    V29: b=15.0cm h=38.0cm L=474.0cm
    V30: b=15.0cm h=38.0cm L=568.0cm
    V31: b=15.0cm h=28.0cm L=568.0cm
    V51: b=15.0cm h=38.0cm L=415.0cm
    V60: b=15.0cm h=110.0cm L=418.0cm

=== LAJES ===
  AVISO: lajes_poligono.json nao encontrado, usando lajes_data.json
  AVISO: Laje L1: dimensoes invalidas, usando 100x100
  AVISO: Laje L2: dimensoes invalidas, usando 100x100
  AVISO: Laje L3: dimensoes invalidas, usando 100x100
  AVISO: Laje L4: dimensoes invalidas, usando 100x100
  AVISO: Laje L5: dimensoes invalidas, usando 100x100
  AVISO: Laje L6: dimensoes invalidas, usando 100x100
  AVISO: Laje L7: dimensoes invalidas, usando 100x100
  AVISO: Laje L8: dimensoes invalidas, usando 100x100
  AVISO: Laje L9: dimensoes invalidas, usando 100x100
  AVISO: Laje L10: dimensoes invalidas, usando 100x100
  AVISO: Laje L11: dimensoes invalidas, usando 100x100
  AVISO: Laje L12: dimensoes invalidas, usando 100x100
  AVISO: Laje L13: dimensoes invalidas, usando 100x100
  AVISO: Laje L14: dimensoes invalidas, usando 100x100
  AVISO: Laje L15: dimensoes invalidas, usando 100x100
  AVISO: Laje L16: dimensoes invalidas, usando 100x100
  AVISO: Laje L17: dimensoes invalidas, usando 100x100
  AVISO: Laje L18: dimensoes invalidas, usando 100x100
  AVISO: Laje L19: dimensoes invalidas, usando 100x100
  AVISO: Laje L20: dimensoes invalidas, usando 100x100
  AVISO: Laje L21: dimensoes invalidas, usando 100x100
  AVISO: Laje L22: dimensoes invalidas, usando 100x100
  AVISO: Laje L23: dimensoes invalidas, usando 100x100
  AVISO: Laje L24: dimensoes invalidas, usando 100x100
  AVISO: Laje L25: dimensoes invalidas, usando 100x100
  AVISO: Laje L26: dimensoes invalidas, usando 100x100
  AVISO: Laje L27: dimensoes invalidas, usando 100x100
  AVISO: Laje L28: dimensoes invalidas, usando 100x100
  AVISO: Laje L29: dimensoes invalidas, usando 100x100
  AVISO: Laje L30: dimensoes invalidas, usando 100x100
  lajes.json atualizado: 33 lajes
    L1: 100.0x100.0cm area=10000 [label-only]
    L2: 100.0x100.0cm area=10000 [label-only]
    L3: 100.0x100.0cm area=10000 [label-only]
    L4: 100.0x100.0cm area=10000 [label-only]
    L5: 100.0x100.0cm area=10000 [label-only]
    L6: 100.0x100.0cm area=10000 [label-only]
    L7: 100.0x100.0cm area=10000 [label-only]
    L8: 100.0x100.0cm area=10000 [label-only]
    L9: 100.0x100.0cm area=10000 [label-only]
    L10: 100.0x100.0cm area=10000 [label-only]
    L11: 100.0x100.0cm area=10000 [label-only]
    L12: 100.0x100.0cm area=10000 [label-only]
    L13: 100.0x100.0cm area=10000 [label-only]
    L14: 100.0x100.0cm area=10000 [label-only]
    L15: 100.0x100.0cm area=10000 [label-only]
    L16: 100.0x100.0cm area=10000 [label-only]
    L17: 100.0x100.0cm area=10000 [label-only]
    L18: 100.0x100.0cm area=10000 [label-only]
    L19: 100.0x100.0cm area=10000 [label-only]
    L20: 100.0x100.0cm area=10000 [label-only]
    L21: 100.0x100.0cm area=10000 [label-only]
    L22: 100.0x100.0cm area=10000 [label-only]
    L23: 100.0x100.0cm area=10000 [label-only]
    L24: 100.0x100.0cm area=10000 [label-only]
    L25: 100.0x100.0cm area=10000 [label-only]
    L26: 100.0x100.0cm area=10000 [label-only]
    L27: 100.0x100.0cm area=10000 [label-only]
    L28: 100.0x100.0cm area=10000 [label-only]
    L29: 100.0x100.0cm area=10000 [label-only]
    L30: 100.0x100.0cm area=10000 [label-only]
    L63: 244.0x122.0cm area=29768 [aux00-panels]
    L64: 244.0x122.0cm area=29768 [aux00-panels]
    L71: 244.0x122.0cm area=29768 [aux00-panels]

=== INTEGRACAO COMPLETA: 33 vigas + 33 lajes ===
  Proximos passos: python scripts/motor_fase4.py --obra D:\Agente-cad-PYSIDE\DADOS-OBRAS\Obra_TREINO_1
[INFO] === motor_fase4.py | Obra: Obra_TREINO_1 | Pav: TIPO - 3 AO 12 PAV ===
[INFO] Carregado: D:\Agente-cad-PYSIDE\DADOS-OBRAS\Obra_TREINO_1\Fase-3_Interpretacao_Extracao\Pilares\pilares_bh.json (36 itens)
[WARNING] pilares_assembly.json nao encontrado — grades ficarao zeradas
[INFO]   \u2705 Pilar P1: 88.0x19.0cm, h=280.0cm
[INFO]   \u2705 Pilar P2: 88.0x19.0cm, h=280.0cm
[INFO]   \u2705 Pilar P3: 80.0x38.0cm, h=280.0cm
[INFO]   \u2705 Pilar P4: 97.0x59.0cm, h=280.0cm
[INFO]   \u2705 Pilar P5: 96.0x94.1cm, h=280.0cm
[INFO]   \u2705 Pilar P6: 59.0x19.0cm, h=280.0cm
[INFO]   \u2705 Pilar P7: 97.0x59.0cm, h=280.0cm
[INFO]   \u2705 Pilar P8: 59.0x38.0cm, h=280.0cm
[INFO]   \u2705 Pilar P9: 97.0x19.0cm, h=280.0cm
[INFO]   \u2705 Pilar P10: 97.0x82.0cm, h=280.0cm
[INFO]   \u2705 Pilar P11: 97.0x19.0cm, h=280.0cm
[INFO]   \u2705 Pilar P12: 97.0x19.0cm, h=280.0cm
[INFO]   \u2705 Pilar P13: 82.0x54.0cm, h=280.0cm
[INFO]   \u2705 Pilar P14: 97.0x19.0cm, h=280.0cm
[INFO]   \u2705 Pilar P15: 54.0x38.0cm, h=280.0cm
[INFO]   \u2705 Pilar P16: 97.0x19.0cm, h=280.0cm
[INFO]   \u2705 Pilar P17: 97.0x19.0cm, h=280.0cm
[INFO]   \u2705 Pilar P18: 59.0x19.0cm, h=280.0cm
[INFO]   \u2705 Pilar P19: 97.0x19.0cm, h=280.0cm
[INFO]   \u2705 Pilar P20: 97.0x19.0cm, h=280.0cm
[INFO]   \u2705 Pilar P21: 97.0x19.0cm, h=280.0cm
[INFO]   \u2705 Pilar P22: 97.0x19.0cm, h=280.0cm
[INFO]   \u2705 Pilar P23: 59.0x34.0cm, h=280.0cm
[INFO]   \u2705 Pilar P24: 97.0x19.0cm, h=280.0cm
[INFO]   \u2705 Pilar P25: 82.0x19.0cm, h=280.0cm
[INFO]   \u2705 Pilar P26: 54.0x52.0cm, h=280.0cm
[INFO]   \u2705 Pilar P27: 81.0x19.0cm, h=280.0cm
[INFO]   \u2705 Pilar P28: 40.0x24.0cm, h=280.0cm
[INFO]   \u2705 Pilar P29: 88.0x24.0cm, h=280.0cm
[INFO]   \u2705 Pilar P30: 82.0x38.0cm, h=280.0cm
[INFO]   \u2705 Pilar P31: 59.0x24.0cm, h=280.0cm
[INFO]   \u2705 Pilar P32: 88.0x24.0cm, h=280.0cm
[INFO]   \u2705 Pilar P33: 97.0x19.0cm, h=280.0cm
[INFO]   \u2705 Pilar P34: 82.0x19.0cm, h=280.0cm
[INFO]   \u2705 Pilar P35: 82.0x19.0cm, h=280.0cm
[INFO] Pilares: 35 processados -> D:\Agente-cad-PYSIDE\DADOS-OBRAS\Obra_TREINO_1\Fase-4_Sincronizacao\pilares_salvos.json
[INFO] Carregado: D:\Agente-cad-PYSIDE\DADOS-OBRAS\Obra_TREINO_1\Fase-3_Interpretacao_Extracao\Vigas\vigas.json (34 itens)
[INFO]   \u2705 Viga V0: b=15.0cm, h=38.0cm, L=244.0cm -> A+B
[INFO]   \u2705 Viga V1: b=15.0cm, h=110.0cm, L=418.0cm -> A+B
[INFO]   \u2705 Viga V2: b=15.0cm, h=110.0cm, L=244.0cm -> A+B
[INFO]   \u2705 Viga V3: b=15.0cm, h=110.0cm, L=418.0cm -> A+B
[INFO]   \u2705 Viga V4: b=15.0cm, h=38.0cm, L=578.0cm -> A+B
[INFO]   \u2705 Viga V5: b=15.0cm, h=38.0cm, L=722.0cm -> A+B
[INFO]   \u2705 Viga V7: b=15.0cm, h=110.0cm, L=418.0cm -> A+B
[INFO]   \u2705 Viga V8: b=15.0cm, h=38.0cm, L=684.5cm -> A+B
[INFO]   \u2705 Viga V9: b=15.0cm, h=110.0cm, L=1009.0cm -> A+B
[INFO]   \u2705 Viga V10: b=15.0cm, h=100.0cm, L=1009.0cm -> A+B
[INFO]   \u2705 Viga V11: b=15.0cm, h=38.0cm, L=415.0cm -> A+B
[INFO]   \u2705 Viga V12: b=15.0cm, h=38.0cm, L=418.0cm -> A+B
[INFO]   \u2705 Viga V13: b=15.0cm, h=38.0cm, L=415.0cm -> A+B
[INFO]   \u2705 Viga V14: b=15.0cm, h=38.0cm, L=415.0cm -> A+B
[INFO]   \u2705 Viga V15: b=15.0cm, h=38.0cm, L=415.0cm -> A+B
[INFO]   \u2705 Viga V16: b=15.0cm, h=38.0cm, L=415.0cm -> A+B
[INFO]   \u2705 Viga V17: b=15.0cm, h=38.0cm, L=415.0cm -> A+B
[INFO]   \u2705 Viga V18: b=15.0cm, h=38.0cm, L=415.0cm -> A+B
[INFO]   \u2705 Viga V19: b=15.0cm, h=38.0cm, L=415.0cm -> A+B
[INFO]   \u2705 Viga V20: b=15.0cm, h=38.0cm, L=415.0cm -> A+B
[INFO]   \u2705 Viga V21: b=15.0cm, h=38.0cm, L=455.0cm -> A+B
[INFO]   \u2705 Viga V22: b=15.0cm, h=38.0cm, L=455.0cm -> A+B
[INFO]   \u2705 Viga V23: b=15.0cm, h=38.0cm, L=455.0cm -> A+B
[INFO]   \u2705 Viga V24: b=15.0cm, h=38.0cm, L=455.0cm -> A+B
[INFO]   \u2705 Viga V25: b=15.0cm, h=38.0cm, L=415.0cm -> A+B
[INFO]   \u2705 Viga V26: b=15.0cm, h=38.0cm, L=455.0cm -> A+B
[INFO]   \u2705 Viga V27: b=15.0cm, h=28.0cm, L=415.0cm -> A+B
[INFO]   \u2705 Viga V28: b=15.0cm, h=38.0cm, L=474.0cm -> A+B
[INFO]   \u2705 Viga V29: b=15.0cm, h=38.0cm, L=474.0cm -> A+B
[INFO]   \u2705 Viga V30: b=15.0cm, h=38.0cm, L=568.0cm -> A+B
[INFO]   \u2705 Viga V31: b=15.0cm, h=28.0cm, L=568.0cm -> A+B
[INFO]   \u2705 Viga V51: b=15.0cm, h=38.0cm, L=415.0cm -> A+B
[INFO]   \u2705 Viga V60: b=15.0cm, h=110.0cm, L=418.0cm -> A+B
[INFO] Vigas: 33 processadas -> D:\Agente-cad-PYSIDE\DADOS-OBRAS\Obra_TREINO_1\Fase-4_Sincronizacao\vigas_salvas.json
[INFO] Carregado: D:\Agente-cad-PYSIDE\DADOS-OBRAS\Obra_TREINO_1\Fase-3_Interpretacao_Extracao\Lajes\lajes.json (34 itens)
[INFO]   \u2705 Laje L1: 100.0x100.0cm, 1 cortes
[INFO]   \u2705 Laje L2: 100.0x100.0cm, 1 cortes
[INFO]   \u2705 Laje L3: 100.0x100.0cm, 1 cortes
[INFO]   \u2705 Laje L4: 100.0x100.0cm, 1 cortes
[INFO]   \u2705 Laje L5: 100.0x100.0cm, 1 cortes
[INFO]   \u2705 Laje L6: 100.0x100.0cm, 1 cortes
[INFO]   \u2705 Laje L7: 100.0x100.0cm, 1 cortes
[INFO]   \u2705 Laje L8: 100.0x100.0cm, 1 cortes
[INFO]   \u2705 Laje L9: 100.0x100.0cm, 1 cortes
[INFO]   \u2705 Laje L10: 100.0x100.0cm, 1 cortes
[INFO]   \u2705 Laje L11: 100.0x100.0cm, 1 cortes
[INFO]   \u2705 Laje L12: 100.0x100.0cm, 1 cortes
[INFO]   \u2705 Laje L13: 100.0x100.0cm, 1 cortes
[INFO]   \u2705 Laje L14: 100.0x100.0cm, 1 cortes
[INFO]   \u2705 Laje L15: 100.0x100.0cm, 1 cortes
[INFO]   \u2705 Laje L16: 100.0x100.0cm, 1 cortes
[INFO]   \u2705 Laje L17: 100.0x100.0cm, 1 cortes
[INFO]   \u2705 Laje L18: 100.0x100.0cm, 1 cortes
[INFO]   \u2705 Laje L19: 100.0x100.0cm, 1 cortes
[INFO]   \u2705 Laje L20: 100.0x100.0cm, 1 cortes
[INFO]   \u2705 Laje L21: 100.0x100.0cm, 1 cortes
[INFO]   \u2705 Laje L22: 100.0x100.0cm, 1 cortes
[INFO]   \u2705 Laje L23: 100.0x100.0cm, 1 cortes
[INFO]   \u2705 Laje L24: 100.0x100.0cm, 1 cortes
[INFO]   \u2705 Laje L25: 100.0x100.0cm, 1 cortes
[INFO]   \u2705 Laje L26: 100.0x100.0cm, 1 cortes
[INFO]   \u2705 Laje L27: 100.0x100.0cm, 1 cortes
[INFO]   \u2705 Laje L28: 100.0x100.0cm, 1 cortes
[INFO]   \u2705 Laje L29: 100.0x100.0cm, 1 cortes
[INFO]   \u2705 Laje L30: 100.0x100.0cm, 1 cortes
[INFO]   \u2705 Laje L63: 244.0x122.0cm, 3 cortes
[INFO]   \u2705 Laje L64: 244.0x122.0cm, 3 cortes
[INFO]   \u2705 Laje L71: 244.0x122.0cm, 3 cortes
[INFO] Lajes: 33 processadas -> D:\Agente-cad-PYSIDE\DADOS-OBRAS\Obra_TREINO_1\Fase-4_Sincronizacao\lajes_salvas.json
[INFO] obras_salvas.json: 35 pilares \u2192 D:\Agente-cad-PYSIDE\DADOS-OBRAS\Obra_TREINO_1\Fase-4_Sincronizacao\obras_salvas.json
[INFO] === RESULTADO: 35 pilares, 33 vigas, 33 lajes | 0 erros ===
  pilares_bh.json: 36 pilares

=== GERANDO DXF PILARES (35 pilares) ===
  P1: b=19 h=88 paineis=12 alt=280cm [BH-extraido]
  P10: b=82 h=97 paineis=12 alt=280cm [BH-extraido]
  P11: b=19 h=97 paineis=12 alt=280cm [BH-extraido]
  P12: b=19 h=97 paineis=12 alt=280cm [BH-extraido]
  P13: b=54 h=82 paineis=12 alt=280cm [BH-extraido]
  P14: b=19 h=97 paineis=12 alt=280cm [BH-extraido]
  P15: b=38 h=54 paineis=12 alt=280cm [BH-extraido]
  P16: b=19 h=97 paineis=12 alt=280cm [BH-extraido]
  P17: b=19 h=97 paineis=12 alt=280cm [BH-extraido]
  P18: b=19 h=59 paineis=12 alt=280cm [BH-extraido]
  P19: b=19 h=97 paineis=12 alt=280cm [BH-extraido]
  P2: b=19 h=88 paineis=12 alt=280cm [BH-extraido]
  P20: b=19 h=97 paineis=12 alt=280cm [BH-extraido]
  P21: b=19 h=97 paineis=12 alt=280cm [BH-extraido]
  P22: b=19 h=97 paineis=12 alt=280cm [BH-extraido]
  P23: b=34 h=59 paineis=12 alt=280cm [BH-extraido]
  P24: b=19 h=97 paineis=12 alt=280cm [BH-extraido]
  P25: b=19 h=82 paineis=12 alt=280cm [BH-extraido]
  P26: b=52 h=54 paineis=12 alt=280cm [BH-extraido]
  P27: b=19 h=81 paineis=12 alt=280cm [BH-extraido]
  P28: b=24 h=40 paineis=12 alt=280cm [BH-extraido]
  P29: b=24 h=88 paineis=12 alt=280cm [BH-extraido]
  P3: b=38 h=80 paineis=12 alt=280cm [BH-extraido]
  P30: b=38 h=82 paineis=12 alt=280cm [BH-extraido]
  P31: b=24 h=59 paineis=12 alt=280cm [BH-extraido]
  P32: b=24 h=88 paineis=12 alt=280cm [BH-extraido]
  P33: b=19 h=97 paineis=12 alt=280cm [BH-extraido]
  P34: b=19 h=82 paineis=12 alt=280cm [BH-extraido]
  P35: b=19 h=82 paineis=12 alt=280cm [BH-extraido]
  P4: b=59 h=97 paineis=12 alt=280cm [BH-extraido]
  P5: b=94 h=96 paineis=12 alt=280cm [BH-extraido]
  P6: b=19 h=59 paineis=12 alt=280cm [BH-extraido]
  P7: b=59 h=97 paineis=12 alt=280cm [BH-extraido]
  P8: b=38 h=59 paineis=12 alt=280cm [BH-extraido]
  P9: b=19 h=97 paineis=12 alt=280cm [BH-extraido]

=== RESULTADO: 35 DXFs gerados | 0 erros ===
  Relatorio: D:\Agente-cad-PYSIDE\DADOS-OBRAS\Obra_TREINO_1\Fase-5_Geracao_Scripts\DXF_Pilares\_relatorio.json
  DXFs em: D:\Agente-cad-PYSIDE\DADOS-OBRAS\Obra_TREINO_1\Fase-5_Geracao_Scripts\DXF_Pilares

  Proximo: python scripts/comparar_dxf_pilares.py --obra D:\Agente-cad-PYSIDE\DADOS-OBRAS\Obra_TREINO_1

=== GERANDO DXF VIGAS (33 vigas) ===
  V0: b=15 h=38 L=244cm | paineis A=3 B=3 F=3
  V1: b=15 h=110 L=418cm | paineis A=4 B=4 F=4
  V2: b=15 h=110 L=244cm | paineis A=3 B=3 F=3
  V3: b=15 h=110 L=418cm | paineis A=4 B=4 F=4
  V4: b=15 h=38 L=578cm | paineis A=5 B=5 F=5
  V5: b=15 h=38 L=722cm | paineis A=7 B=7 F=7
  V7: b=15 h=110 L=418cm | paineis A=4 B=4 F=4
  V8: b=15 h=38 L=684cm | paineis A=6 B=6 F=6
  V9: b=15 h=110 L=1009cm | paineis A=9 B=9 F=9
  V10: b=15 h=100 L=1009cm | paineis A=9 B=9 F=9
  V11: b=15 h=38 L=415cm | paineis A=4 B=4 F=4
  V12: b=15 h=38 L=418cm | paineis A=4 B=4 F=4
  V13: b=15 h=38 L=415cm | paineis A=4 B=4 F=4
  V14: b=15 h=38 L=415cm | paineis A=4 B=4 F=4
  V15: b=15 h=38 L=415cm | paineis A=4 B=4 F=4
  V16: b=15 h=38 L=415cm | paineis A=4 B=4 F=4
  V17: b=15 h=38 L=415cm | paineis A=4 B=4 F=4
  V18: b=15 h=38 L=415cm | paineis A=4 B=4 F=4
  V19: b=15 h=38 L=415cm | paineis A=4 B=4 F=4
  V20: b=15 h=38 L=415cm | paineis A=4 B=4 F=4
  V21: b=15 h=38 L=455cm | paineis A=4 B=4 F=4
  V22: b=15 h=38 L=455cm | paineis A=4 B=4 F=4
  V23: b=15 h=38 L=455cm | paineis A=4 B=4 F=4
  V24: b=15 h=38 L=455cm | paineis A=4 B=4 F=4
  V25: b=15 h=38 L=415cm | paineis A=4 B=4 F=4
  V26: b=15 h=38 L=455cm | paineis A=4 B=4 F=4
  V27: b=15 h=28 L=415cm | paineis A=4 B=4 F=4
  V28: b=15 h=38 L=474cm | paineis A=4 B=4 F=4
  V29: b=15 h=38 L=474cm | paineis A=4 B=4 F=4
  V30: b=15 h=38 L=568cm | paineis A=5 B=5 F=5
  V31: b=15 h=28 L=568cm | paineis A=5 B=5 F=5
  V51: b=15 h=38 L=415cm | paineis A=4 B=4 F=4
  V60: b=15 h=110 L=418cm | paineis A=4 B=4 F=4

=== RESULTADO: 33 DXFs gerados | 0 erros ===
  Relatorio: D:\Agente-cad-PYSIDE\DADOS-OBRAS\Obra_TREINO_1\Fase-5_Geracao_Scripts\DXF_Vigas\_relatorio.json
  DXFs em: D:\Agente-cad-PYSIDE\DADOS-OBRAS\Obra_TREINO_1\Fase-5_Geracao_Scripts\DXF_Vigas

  Proximo: python scripts/comparar_dxf_vigas.py --obra D:\Agente-cad-PYSIDE\DADOS-OBRAS\Obra_TREINO_1

=== GERANDO DXF LAJES (33 lajes) ===
  L1: 100.0x100.0cm paineis=2x1 area=10000cm2
  L2: 100.0x100.0cm paineis=2x1 area=10000cm2
  L3: 100.0x100.0cm paineis=2x1 area=10000cm2
  L4: 100.0x100.0cm paineis=2x1 area=10000cm2
  L5: 100.0x100.0cm paineis=2x1 area=10000cm2
  L6: 100.0x100.0cm paineis=2x1 area=10000cm2
  L7: 100.0x100.0cm paineis=2x1 area=10000cm2
  L8: 100.0x100.0cm paineis=2x1 area=10000cm2
  L9: 100.0x100.0cm paineis=2x1 area=10000cm2
  L10: 100.0x100.0cm paineis=2x1 area=10000cm2
  L11: 100.0x100.0cm paineis=2x1 area=10000cm2
  L12: 100.0x100.0cm paineis=2x1 area=10000cm2
  L13: 100.0x100.0cm paineis=2x1 area=10000cm2
  L14: 100.0x100.0cm paineis=2x1 area=10000cm2
  L15: 100.0x100.0cm paineis=2x1 area=10000cm2
  L16: 100.0x100.0cm paineis=2x1 area=10000cm2
  L17: 100.0x100.0cm paineis=2x1 area=10000cm2
  L18: 100.0x100.0cm paineis=2x1 area=10000cm2
  L19: 100.0x100.0cm paineis=2x1 area=10000cm2
  L20: 100.0x100.0cm paineis=2x1 area=10000cm2
  L21: 100.0x100.0cm paineis=2x1 area=10000cm2
  L22: 100.0x100.0cm paineis=2x1 area=10000cm2
  L23: 100.0x100.0cm paineis=2x1 area=10000cm2
  L24: 100.0x100.0cm paineis=2x1 area=10000cm2
  L25: 100.0x100.0cm paineis=2x1 area=10000cm2
  L26: 100.0x100.0cm paineis=2x1 area=10000cm2
  L27: 100.0x100.0cm paineis=2x1 area=10000cm2
  L28: 100.0x100.0cm paineis=2x1 area=10000cm2
  L29: 100.0x100.0cm paineis=2x1 area=10000cm2
  L30: 100.0x100.0cm paineis=2x1 area=10000cm2
  L63: 244.0x122.0cm paineis=4x1 area=29768cm2
  L64: 244.0x122.0cm paineis=4x1 area=29768cm2
  L71: 244.0x122.0cm paineis=4x1 area=29768cm2

=== RESULTADO: 33 DXFs gerados | 0 erros ===
  Relatorio: D:\Agente-cad-PYSIDE\DADOS-OBRAS\Obra_TREINO_1\Fase-5_Geracao_Scripts\DXF_Lajes\_relatorio.json
  DXFs em: D:\Agente-cad-PYSIDE\DADOS-OBRAS\Obra_TREINO_1\Fase-5_Geracao_Scripts\DXF_Lajes

  Proximo: python scripts/comparar_dxf.py --obra D:\Agente-cad-PYSIDE\DADOS-OBRAS\Obra_TREINO_1

=== COMPARADOR DXF vs. GROUND TRUTH (tol=5.0%) ===

--- PILARES ---
  Match rate: 100.0% (35/35)
  Erro médio: 0.0%

--- VIGAS ---
  Match rate: 100.0% (33/33)
  Erro médio: 0.0%

--- LAJES ---
  Match rate: 100.0% (33/33)
  Erro médio: 0.0%

=== SCORE GERAL: 100.0% (PASS | meta: 75.0%) ===
  Pilares: 100.0% | Vigas: 100.0% | Lajes: 100.0%

  Relatorio: D:\Agente-cad-PYSIDE\DADOS-OBRAS\Obra_TREINO_1\Fase-5_Geracao_Scripts\_relatorio_comparacao.json
[INFO] === extrair_ancoras_dxf.py | Obra_TREINO_1 | TIPO - 3 AO 12 PAV ===
[INFO] PL DXF: ALIMONTI - PARAISO - TIPO - 3° AO 12° PAV.- PL - R00.dxf
[INFO] Pilares: 35 ancoras extraidas do PL DXF
[INFO] Salvo: D:\Agente-cad-PYSIDE\DADOS-OBRAS\Obra_TREINO_1\Fase-3_Interpretacao_Extracao\ancoras_pilares.json (35 pilares)
[INFO] LV DXF: ALIMONTI - PARAISO - TIPO - 3° AO 12° PAV.- LV - R00.dxf
[INFO] Vigas: 30 ancoras extraidas do LV DXF
[INFO] Salvo: D:\Agente-cad-PYSIDE\DADOS-OBRAS\Obra_TREINO_1\Fase-3_Interpretacao_Extracao\ancoras_vigas.json (30 vigas)
[INFO] LJ DXF: ALIMONTI - PARAISO - TIPO - 3° AO 12° PAV.- LJ - R00.dxf
[INFO] Lajes: 33 ancoras extraidas do LJ DXF
[INFO] Salvo: D:\Agente-cad-PYSIDE\DADOS-OBRAS\Obra_TREINO_1\Fase-3_Interpretacao_Extracao\ancoras_lajes.json (33 lajes)

[RESULTADO]
  Pilares: 35 ancoras
  Vigas:   30 ancoras
  Lajes:   33 ancoras

  STATUS: OK (cobertura suficiente)
[INFO] === consolidar_dxf_pilares.py | Obra_TREINO_1 | 12 PAV ===
  P1: ancora=(5117,12133) offset=(4965,11993) [18 ents]
  P2: ancora=(6706,12133) offset=(6554,11993) [18 ents]
  P3: ancora=(6456,8505) offset=(6293,8365) [18 ents]
  P4: ancora=(3277,7733) offset=(3076,7593) [18 ents]
  P5: ancora=(4347,7727) offset=(4112,7587) [18 ents]
  P6: ancora=(5399,7720) offset=(5276,7580) [18 ents]
  P7: ancora=(6456,7713) offset=(6255,7573) [18 ents]
  P8: ancora=(3277,6941) offset=(3135,6801) [18 ents]
  P9: ancora=(5108,9834) offset=(4948,9694) [18 ents]
  P10: ancora=(6711,9834) offset=(6487,9694) [18 ents]
  P11: ancora=(8282,9836) offset=(8121,9696) [18 ents]
  P12: ancora=(3510,8687) offset=(3349,8547) [18 ents]
  P13: ancora=(4463,6205) offset=(4282,6065) [18 ents]
  P14: ancora=(6694,8687) offset=(6533,8547) [18 ents]
  P15: ancora=(6667,6205) offset=(6530,6065) [18 ents]
  P16: ancora=(3510,7539) offset=(3349,7399) [18 ents]
  P17: ancora=(5132,7539) offset=(4971,7399) [18 ents]
  P18: ancora=(5629,5441) offset=(5506,5301) [18 ents]
  P19: ancora=(8282,7539) offset=(8121,7399) [18 ents]
  P20: ancora=(3517,6390) offset=(3356,6250) [18 ents]
  P21: ancora=(5116,6390) offset=(4955,6250) [18 ents]
  P22: ancora=(6701,6390) offset=(6540,6250) [18 ents]
  P23: ancora=(6667,4658) offset=(6529,4518) [18 ents]
  P24: ancora=(3473,5241) offset=(3312,5101) [18 ents]
  P25: ancora=(5126,5240) offset=(4980,5100) [18 ents]
  P26: ancora=(6610,4859) offset=(6459,4719) [18 ents]
  P27: ancora=(7116,4093) offset=(6971,3953) [18 ents]
  P28: ancora=(3552,2944) offset=(3443,2804) [18 ents]
  P29: ancora=(5103,2944) offset=(4946,2804) [18 ents]
  P30: ancora=(5920,2381) offset=(5755,2241) [18 ents]
  P31: ancora=(6977,2374) offset=(6849,2234) [18 ents]
  P32: ancora=(3807,1602) offset=(3650,1462) [18 ents]
  P33: ancora=(5102,1794) offset=(4942,1654) [18 ents]
  P34: ancora=(6708,1794) offset=(6562,1654) [18 ents]
  P35: ancora=(8292,1794) offset=(8146,1654) [18 ents]

[RESULTADO]
  Pilares consolidados: 35/35
  Output: D:\Agente-cad-PYSIDE\DADOS-OBRAS\Obra_TREINO_1\Fase-6_Execucao_CAD\PL_gerado.dxf
  Validação: 630 entidades no PL_gerado.dxf
  Relatório: D:\Agente-cad-PYSIDE\DADOS-OBRAS\Obra_TREINO_1\Fase-6_Execucao_CAD\consolidacao_pilares.json
[INFO] === consolidar_dxf_vigas.py | Obra_TREINO_1 ===
  V0: ancora=(0,0) [13 ents]
  V1: ancora=(6459,7050) [16 ents]
  V2: ancora=(8110,7050) [13 ents]
  V3: ancora=(4892,5888) [16 ents]
  V4: ancora=(6425,5560) [19 ents]
  V5: ancora=(7811,5571) [25 ents]
  V7: ancora=(3319,4755) [16 ents]
  V8: ancora=(6368,4436) [22 ents]
  V9: ancora=(8029,4715) [31 ents]
  V10: ancora=(8165,4239) [31 ents]
  V11: ancora=(3011,3295) [16 ents]
  V12: ancora=(3670,3295) [16 ents]
  V13: ancora=(4647,3312) [16 ents]
  V14: ancora=(5289,3289) [16 ents]
  V15: ancora=(6232,3295) [16 ents]
  V16: ancora=(6898,3289) [16 ents]
  V17: ancora=(7852,3283) [16 ents]
  V18: ancora=(8477,3289) [16 ents]
  V19: ancora=(3062,2146) [16 ents]
  V20: ancora=(3682,2140) [16 ents]
  V21: ancora=(4636,2164) [16 ents]
  V22: ancora=(5291,2140) [16 ents]
  V23: ancora=(6171,2157) [16 ents]
  V24: ancora=(6786,2154) [16 ents]
  V25: ancora=(7763,2146) [16 ents]
  V26: ancora=(7195,2154) [16 ents]
  V27: ancora=(8558,2154) [16 ents]
  V28: ancora=(3053,1005) [16 ents]
  V29: ancora=(3874,982) [16 ents]
  V30: ancora=(4608,984) [19 ents]
  V31: ancora=(5501,907) [19 ents]
  V51: ancora=(0,-600) [16 ents]
  V60: ancora=(0,-1200) [16 ents]

[RESULTADO]
  LV_gerado.dxf: 33 vigas (576 entidades)
  FV_gerado.dxf: 33 vigas offset (576 entidades)
  Sem ancora: ['V0', 'V51', 'V60']
[INFO] === consolidar_dxf_lajes.py | Obra_TREINO_1 ===
  L1: ancora=(3831,2780) [4 ents]
  L2: ancora=(4288,2779) [4 ents]
  L3: ancora=(4712,2778) [4 ents]
  L4: ancora=(5167,2779) [4 ents]
  L5: ancora=(5692,2777) [4 ents]
  L6: ancora=(6051,2778) [4 ents]
  L7: ancora=(6480,2778) [4 ents]
  L8: ancora=(6878,2779) [4 ents]
  L9: ancora=(3828,2642) [4 ents]
  L10: ancora=(4251,2633) [4 ents]
  L11: ancora=(4693,2571) [4 ents]
  L12: ancora=(5150,2652) [4 ents]
  L13: ancora=(5561,2613) [4 ents]
  L14: ancora=(6016,2621) [4 ents]
  L15: ancora=(6459,2600) [4 ents]
  L16: ancora=(6895,2591) [4 ents]
  L17: ancora=(5131,2235) [4 ents]
  L18: ancora=(3825,1955) [4 ents]
  L19: ancora=(4263,1896) [4 ents]
  L20: ancora=(4699,1898) [4 ents]
  L21: ancora=(5128,2001) [4 ents]
  L22: ancora=(5530,1852) [4 ents]
  L23: ancora=(5992,1847) [4 ents]
  L24: ancora=(6322,1862) [4 ents]
  L25: ancora=(3936,1635) [4 ents]
  L26: ancora=(4260,1636) [4 ents]
  L27: ancora=(4722,1634) [4 ents]
  L28: ancora=(5162,1637) [4 ents]
  L29: ancora=(5587,1633) [4 ents]
  L30: ancora=(6010,1635) [4 ents]
  L63: ancora=(5768,2243) [6 ents]
  L64: ancora=(5837,2129) [6 ents]
  L71: ancora=(4709,2812) [6 ents]

[RESULTADO]
  Lajes consolidadas: 33/33
  LJ_gerado.dxf: 138 entidades
  Output: D:\Agente-cad-PYSIDE\DADOS-OBRAS\Obra_TREINO_1\Fase-6_Execucao_CAD\LJ_gerado.dxf
[INFO] === validar_dxf_coletivo.py | Obra_TREINO_1 | TIPO - 3 AO 12 PAV ===

  [PILARES]
    GT: 35 | Gerado: 35 | Corretos: 35
    id_match: 100.0% | hallucination: 0.0%
    SCORE: 100.0% — APROVADO

  [VIGAS]
    GT: 34 | Gerado: 33 | Corretos: 33
    id_match: 97.1% | hallucination: 0.0%
    SCORE: 98.2% — APROVADO
    Missing: ['V6']

  [LAJES]
    GT: 33 | Gerado: 33 | Corretos: 33
    id_match: 100.0% | hallucination: 0.0%
    SCORE: 100.0% — APROVADO

[RESULTADO GLOBAL]
  Score global: 99.4%
  Status: APROVADO (>=90%)

[INFO] Salvo: D:\Agente-cad-PYSIDE\DADOS-OBRAS\Obra_TREINO_1\Fase-6_Execucao_CAD\validation_coletivo.json
[INFO] Processando 35 pilares \u2192 obras_salvas.json
[INFO]   P1: 88x19cm grade_1=0
[INFO]   P2: 88x19cm grade_1=0
[INFO]   P3: 80x38cm grade_1=0
[INFO]   P4: 97x59cm grade_1=0
[INFO]   P5: 96x94cm grade_1=0
[INFO]   P6: 59x19cm grade_1=0
[INFO]   P7: 97x59cm grade_1=0
[INFO]   P8: 59x38cm grade_1=0
[INFO]   P9: 97x19cm grade_1=0
[INFO]   P10: 97x82cm grade_1=0
[INFO]   P11: 97x19cm grade_1=0
[INFO]   P12: 97x19cm grade_1=0
[INFO]   P13: 82x54cm grade_1=0
[INFO]   P14: 97x19cm grade_1=0
[INFO]   P15: 54x38cm grade_1=0
[INFO]   P16: 97x19cm grade_1=0
[INFO]   P17: 97x19cm grade_1=0
[INFO]   P18: 59x19cm grade_1=0
[INFO]   P19: 97x19cm grade_1=0
[INFO]   P20: 97x19cm grade_1=0
[INFO]   P21: 97x19cm grade_1=0
[INFO]   P22: 97x19cm grade_1=0
[INFO]   P23: 59x34cm grade_1=0
[INFO]   P24: 97x19cm grade_1=0
[INFO]   P25: 82x19cm grade_1=0
[INFO]   P26: 54x52cm grade_1=0
[INFO]   P27: 81x19cm grade_1=0
[INFO]   P28: 40x24cm grade_1=0
[INFO]   P29: 88x24cm grade_1=0
[INFO]   P30: 82x38cm grade_1=0
[INFO]   P31: 59x24cm grade_1=0
[INFO]   P32: 88x24cm grade_1=0
[INFO]   P33: 97x19cm grade_1=0
[INFO]   P34: 82x19cm grade_1=0
[INFO]   P35: 82x19cm grade_1=0
[INFO] \u2705 obras_salvas.json gerado: 35 pilares \u2192 D:\Agente-cad-PYSIDE\DADOS-OBRAS\Obra_TREINO_1\Fase-4_Sincronizacao\obras_salvas.json
[INFO] \u2705 pavimentos_lista.json gerado \u2192 D:\Agente-cad-PYSIDE\DADOS-OBRAS\Obra_TREINO_1\Fase-4_Sincronizacao\pavimentos_lista.json

============================================================
PIPELINE E2E — Obra_TREINO_1 | TIPO - 3 AO 12 PAV
============================================================

[FASE 1] Descoberta de DXFs
  [SKIP] dxf_discovery.json ja existe e contem Obra_TREINO_1

[FASE 2] Engenharia Reversa (Ground Truth)
  [RUN] engenharia_reversa_dxf.py ...
        -> OK (6.3s)

[FASE 3] Extração Dimensional
  [RUN] extrair_bh_pilares.py ...
        -> OK (2.6s)
  [RUN] extrair_vigas_lv.py ...
        -> OK (2.1s)
  [RUN] extrair_lajes_lj.py ...
        -> OK (1.0s)
  [RUN] extrair_garfos_evg.py ...
        -> FALHOU (code 1) (0.6s)
  [RUN] extrair_largura_vigas.py ...
        -> FALHOU (code 2) (0.0s)
  [RUN] extrair_assembly_pl.py ...
        -> FALHOU (code 2) (0.6s)
  [RUN] integrar_fichas_fase3.py ...
        -> OK (0.1s)

[FASE 4] Motor Fase 4 (Transformacao Fase-3 -> Fase-4)
  [CLEAN] Removendo 35 JSONs antigos de JSON_Pilares/
  [CLEAN] Removendo 62 JSONs antigos de JSON_Vigas_Laterais/
  [CLEAN] Removendo 31 JSONs antigos de JSON_Vigas_Fundo/
  [CLEAN] Removendo 49 JSONs antigos de JSON_Lajes/
  [RUN] motor_fase4.py ...
        -> OK (0.2s)

[FASE 5] Geração DXF Individual
  [CLEAN] Removendo 35 DXFs antigos de DXF_Pilares/
  [CLEAN] Removendo 31 DXFs antigos de DXF_Vigas/
  [CLEAN] Removendo 49 DXFs antigos de DXF_Lajes/
  [RUN] gerar_dxf_pilares.py ...
        -> OK (0.9s)
  [RUN] gerar_dxf_vigas.py ...
        -> OK (0.9s)
  [RUN] gerar_dxf_lajes.py ...
        -> OK (0.8s)

[FASE 5b] Comparação DXF Individual vs STOG
  [RUN] comparar_dxf.py ...
        -> OK (2.2s)

[FASE 6] Extração de Âncoras (coords absolutas)
  [RUN] extrair_ancoras_dxf.py ...
        -> OK (4.3s)

[FASE 7] Consolidação DXF Coletivo
  [RUN] consolidar_dxf_pilares.py ...
        -> OK (1.1s)
  [RUN] consolidar_dxf_vigas.py ...
        -> OK (1.2s)
  [RUN] consolidar_dxf_lajes.py ...
        -> OK (0.9s)

[FASE 8] Validação DXF Coletivo
  [RUN] validar_dxf_coletivo.py ...
        -> OK (0.7s)

[FASE 9] Geração obras_salvas.json (formato robô)
  [RUN] gerar_obras_salvas.py ...
        -> OK (0.2s)

============================================================
PIPELINE CONCLUÍDO — APROVADO
  Score coletivo: 99.4%
  Relatório: D:\Agente-cad-PYSIDE\DADOS-OBRAS\Obra_TREINO_1\Fase-8_Revisao_Entrega\pipeline_report.json
============================================================

[INFO] === engenharia_reversa_dxf.py | Obra: Obra_TREINO_1 | Pav: TÉRREO ===
[INFO] Diretório: D:\Agente-cad-PYSIDE\DADOS-OBRAS\Obra_TREINO_1\Fase-1_Ingestao\Projetos_Finalizados_para_Engenharia_Reversa
[INFO] Usando caminhos do dxf_discovery.json para pav 'TÉRREO'
[INFO] PL DXF: ALIMONTI - PARAISO - TÉRREO - PL - R00.dxf
[INFO] Pilares extraídos: 22 IDs | Pé Direito: Nonecm -> D:\Agente-cad-PYSIDE\DADOS-OBRAS\Obra_TREINO_1\Fase-3_Interpretacao_Extracao\Pilares\pilares_ground_truth.json
[INFO] LV DXF: ALIMONTI - PARAISO - TÉRREO - LV - R00.dxf
[INFO] Vigas extraídas: 31 IDs -> D:\Agente-cad-PYSIDE\DADOS-OBRAS\Obra_TREINO_1\Fase-3_Interpretacao_Extracao\Vigas\vigas_ground_truth.json
[INFO] LJ DXF: ALIMONTI - PARAISO - TÉRREO - LJ - R00.dxf
[INFO] Lajes extraídas: 22 IDs -> D:\Agente-cad-PYSIDE\DADOS-OBRAS\Obra_TREINO_1\Fase-3_Interpretacao_Extracao\Lajes\lajes_ground_truth.json
[INFO] === RESULTADO: 22 pilares (ground truth) ===
[INFO] NOTA: IDs e count são CONFIÁVEIS. B/H requerem revisão manual ou análise visual.
[INFO] Ground truth salvo em: D:\Agente-cad-PYSIDE\DADOS-OBRAS\Obra_TREINO_1\Fase-3_Interpretacao_Extracao
[INFO] === extrair_bh_pilares.py | Obra_TREINO_1 | TÉRREO ===
[INFO] PL DXF: ALIMONTI - PARAISO - TÉRREO - PL - R00.dxf
[INFO] Max distancia proximity: 300.0 unidades DXF
[INFO] Lendo DXF (pode demorar para arquivos grandes)...
[INFO] DXF carregado: 5859 entidades
[INFO] Extraindo posicoes dos pilares (layer Texto Secao)...
[INFO] Pilares encontrados: 22
[INFO] Extraindo DIMENSION entities (layers de cota)...
[INFO] DIMENSIONs de cota encontradas: 560
[INFO] Inverse proximity: 560 dims assignadas a 22 pilares

[RESULTADO] Extracao B/H de Pilares
  Total pilares:      22
  B+H completos:      21 (95.5%)
  Apenas H:           1
  Sem dados:          0

[INFO] Salvo em: D:\Agente-cad-PYSIDE\DADOS-OBRAS\Obra_TREINO_1\Fase-3_Interpretacao_Extracao\Pilares\pilares_bh.json
[INFO] pilares_ground_truth.json atualizado: 21 pilares com B/H

[AMOSTRA] Primeiros 5 pilares extraidos:
  P11: B=46.0cm, H=56.0cm, conf=90%
  P12: B=19.0cm, H=64.0cm, conf=90%
  P13: B=24.0cm, H=64.0cm, conf=90%
  P15: B=25.5cm, H=34.0cm, conf=80%
  P16: B=16.0cm, H=24.0cm, conf=40%
DXF: ALIMONTI - PARAISO - TÉRREO - LV - R00.dxf
  Labels encontrados: 31 vigas
  Cota Seção (2x): 78 dims
  COTA: 1124 dims

=== RESULTADO ===
  Total vigas: 31
  Com altura_lateral: 31/31
  Com comprimento: 31/31
  Com ambos: 31/31
  Confiança média: 86%
  Output: D:\Agente-cad-PYSIDE\DADOS-OBRAS\Obra_TREINO_1\Fase-3_Interpretacao_Extracao\Vigas\vigas_dim.json

Viga     Alt(cm)    Comp(cm)     Conf     Sides
-------------------------------------------------------
V101     120        518          84%      A+B
V102     120        337          89%      A+B+C
V103     120        244          84%      A+B
V104     120        369          89%      A+B
V105     38         717          84%      A+B
V106     38         717          89%      A+B
V107     120        369          89%      A+B
V108     120        358          84%      A+B
V109     38         237          84%      A+B
V110     370        578          84%      A+B
V111     38         408          84%      A+B
V112     370        578          84%      A+B
V114     38         469          84%      A+B
V115     38         469          89%      A+B
V116     38         469          84%      A+B
V117     48         440          84%      A+B
V118     38         440          89%      A+B
V119     38         444          89%      A+B
V120     120        578          84%      A+B
V121     100        444          89%      A
V123     120        425          84%      A+B
V124     120        648          84%      A+B
V125     120        445          89%      A+B
V126     38         618          89%      A+B
V127     38         444          89%      A+B
V128     38         444          89%      A+B
V129     38         302          84%      A+B
V130     38         202          84%      A+B
V131     28         251          89%      A+B
V132     38         482          84%      B
V133     120        445          84%      A+B
[INFO] === extrair_lajes_lj.py | Obra_TREINO_1 | TÉRREO ===
[INFO] LJ DXF: ALIMONTI - PARAISO - TÉRREO - LJ - R00.dxf
[INFO] Lendo DXF...
[INFO] 2106 entidades
[INFO] Extraindo labels e codigos de lajes...
[DEBUG] Labels encontrados: ['L101', 'L102', 'L103', 'L104', 'L105', 'L106', 'L107', 'L108', 'L109', 'L110', 'L111', 'L112', 'L113', 'L114', 'L115', 'L116', 'L117', 'L118', 'L119', 'L120', 'L121', 'L122']
[DEBUG] Lajes com paineis AUX00: []
[INFO] Lajes encontradas: 22
[INFO] Construindo fichas com coordenadas...

[RESULTADO] Extracao de Lajes
  Total lajes:        22
  Com dimensoes:      0
  Com coordenadas:    0

[INFO] Salvo em: D:\Agente-cad-PYSIDE\DADOS-OBRAS\Obra_TREINO_1\Fase-3_Interpretacao_Extracao\Lajes\lajes_data.json
[INFO] lajes_ground_truth.json atualizado: 0 lajes com dimensoes

[AMOSTRA] Primeiras lajes:
  L101: NonexNonecm | area=Nonecm2 | coords=0pts | conf=30%
  L102: NonexNonecm | area=Nonecm2 | coords=0pts | conf=30%
  L103: NonexNonecm | area=Nonecm2 | coords=0pts | conf=30%
  L104: NonexNonecm | area=Nonecm2 | coords=0pts | conf=30%
  L105: NonexNonecm | area=Nonecm2 | coords=0pts | conf=30%
  L106: NonexNonecm | area=Nonecm2 | coords=0pts | conf=30%
  L107: NonexNonecm | area=Nonecm2 | coords=0pts | conf=30%
  L108: NonexNonecm | area=Nonecm2 | coords=0pts | conf=30%
ERRO: Nenhum EVG DXF encontrado em D:\Agente-cad-PYSIDE\DADOS-OBRAS\Obra_TREINO_1
C:\Python314\python.exe: can't open file 'D:\\Agente-cad-PYSIDE\\Agente-cad-PYSIDE-Restored-main\\scripts\\extrair_largura_vigas.py': [Errno 2] No such file or directory
usage: extrair_assembly_pl.py [-h] --obra OBRA [--pav PAV] [--output OUTPUT]
extrair_assembly_pl.py: error: unrecognized arguments: --pavimento TÉRREO
=== VIGAS ===
  AVISO: vigas_largura.json nao encontrado — usando b=15cm (default)
  vigas.json atualizado: 31 vigas
    V101: b=15.0cm h=120.0cm L=518.0cm
    V102: b=15.0cm h=120.0cm L=336.6cm
    V103: b=15.0cm h=120.0cm L=244.0cm
    V104: b=15.0cm h=120.0cm L=369.0cm
    V105: b=15.0cm h=38.0cm L=717.0cm
    V106: b=15.0cm h=38.0cm L=717.0cm
    V107: b=15.0cm h=120.0cm L=369.0cm
    V108: b=15.0cm h=120.0cm L=358.0cm
    V109: b=15.0cm h=38.0cm L=237.0cm
    V110: b=15.0cm h=370.0cm L=578.0cm
    V111: b=15.0cm h=38.0cm L=407.5cm
    V112: b=15.0cm h=370.0cm L=578.0cm
    V114: b=15.0cm h=38.0cm L=469.0cm
    V115: b=15.0cm h=38.0cm L=469.0cm
    V116: b=15.0cm h=38.0cm L=469.0cm
    V117: b=15.0cm h=48.0cm L=440.0cm
    V118: b=15.0cm h=38.0cm L=440.0cm
    V119: b=15.0cm h=38.0cm L=444.5cm
    V120: b=15.0cm h=120.0cm L=578.0cm
    V121: b=15.0cm h=100.0cm L=444.5cm
    V123: b=15.0cm h=120.0cm L=425.0cm
    V124: b=15.0cm h=120.0cm L=648.0cm
    V125: b=15.0cm h=120.0cm L=445.0cm
    V126: b=15.0cm h=38.0cm L=618.0cm
    V127: b=15.0cm h=38.0cm L=444.0cm
    V128: b=15.0cm h=38.0cm L=444.0cm
    V129: b=15.0cm h=38.0cm L=302.0cm
    V130: b=15.0cm h=38.0cm L=202.0cm
    V131: b=15.0cm h=28.0cm L=251.0cm
    V132: b=15.0cm h=38.0cm L=482.0cm
    V133: b=15.0cm h=120.0cm L=445.0cm

=== LAJES ===
  AVISO: lajes_poligono.json nao encontrado, usando lajes_data.json
  AVISO: Laje L101: dimensoes invalidas, usando 100x100
  AVISO: Laje L102: dimensoes invalidas, usando 100x100
  AVISO: Laje L103: dimensoes invalidas, usando 100x100
  AVISO: Laje L104: dimensoes invalidas, usando 100x100
  AVISO: Laje L105: dimensoes invalidas, usando 100x100
  AVISO: Laje L106: dimensoes invalidas, usando 100x100
  AVISO: Laje L107: dimensoes invalidas, usando 100x100
  AVISO: Laje L108: dimensoes invalidas, usando 100x100
  AVISO: Laje L109: dimensoes invalidas, usando 100x100
  AVISO: Laje L110: dimensoes invalidas, usando 100x100
  AVISO: Laje L111: dimensoes invalidas, usando 100x100
  AVISO: Laje L112: dimensoes invalidas, usando 100x100
  AVISO: Laje L113: dimensoes invalidas, usando 100x100
  AVISO: Laje L114: dimensoes invalidas, usando 100x100
  AVISO: Laje L115: dimensoes invalidas, usando 100x100
  AVISO: Laje L116: dimensoes invalidas, usando 100x100
  AVISO: Laje L117: dimensoes invalidas, usando 100x100
  AVISO: Laje L118: dimensoes invalidas, usando 100x100
  AVISO: Laje L119: dimensoes invalidas, usando 100x100
  AVISO: Laje L120: dimensoes invalidas, usando 100x100
  AVISO: Laje L121: dimensoes invalidas, usando 100x100
  AVISO: Laje L122: dimensoes invalidas, usando 100x100
  lajes.json atualizado: 22 lajes
    L101: 100.0x100.0cm area=10000 [label-only]
    L102: 100.0x100.0cm area=10000 [label-only]
    L103: 100.0x100.0cm area=10000 [label-only]
    L104: 100.0x100.0cm area=10000 [label-only]
    L105: 100.0x100.0cm area=10000 [label-only]
    L106: 100.0x100.0cm area=10000 [label-only]
    L107: 100.0x100.0cm area=10000 [label-only]
    L108: 100.0x100.0cm area=10000 [label-only]
    L109: 100.0x100.0cm area=10000 [label-only]
    L110: 100.0x100.0cm area=10000 [label-only]
    L111: 100.0x100.0cm area=10000 [label-only]
    L112: 100.0x100.0cm area=10000 [label-only]
    L113: 100.0x100.0cm area=10000 [label-only]
    L114: 100.0x100.0cm area=10000 [label-only]
    L115: 100.0x100.0cm area=10000 [label-only]
    L116: 100.0x100.0cm area=10000 [label-only]
    L117: 100.0x100.0cm area=10000 [label-only]
    L118: 100.0x100.0cm area=10000 [label-only]
    L119: 100.0x100.0cm area=10000 [label-only]
    L120: 100.0x100.0cm area=10000 [label-only]
    L121: 100.0x100.0cm area=10000 [label-only]
    L122: 100.0x100.0cm area=10000 [label-only]

=== INTEGRACAO COMPLETA: 31 vigas + 22 lajes ===
  Proximos passos: python scripts/motor_fase4.py --obra D:\Agente-cad-PYSIDE\DADOS-OBRAS\Obra_TREINO_1
[INFO] === motor_fase4.py | Obra: Obra_TREINO_1 | Pav: TÉRREO ===
[INFO] Carregado: D:\Agente-cad-PYSIDE\DADOS-OBRAS\Obra_TREINO_1\Fase-3_Interpretacao_Extracao\Pilares\pilares_bh.json (23 itens)
[WARNING] pilares_assembly.json nao encontrado — grades ficarao zeradas
[INFO]   \u2705 Pilar P11: 56.0x46.0cm, h=280.0cm
[INFO]   \u2705 Pilar P12: 64.0x19.0cm, h=280.0cm
[INFO]   \u2705 Pilar P13: 64.0x24.0cm, h=280.0cm
[INFO]   \u2705 Pilar P15: 34.0x25.5cm, h=280.0cm
[INFO]   \u2705 Pilar P16: 24.0x16.0cm, h=280.0cm
[INFO]   \u2705 Pilar P17: 24.0x19.0cm, h=280.0cm
[INFO]   \u2705 Pilar P18: 54.0x34.0cm, h=280.0cm
[INFO]   \u2705 Pilar P19: 54.0x27.6cm, h=280.0cm
[INFO]   \u2705 Pilar P20: 54.0x16.0cm, h=280.0cm
[INFO]   \u2705 Pilar P21: 19.0x16.0cm, h=280.0cm
[INFO]   \u2705 Pilar P23: 64.0x17.0cm, h=280.0cm
[INFO]   \u2705 Pilar P24: 19.0x16.0cm, h=280.0cm
[INFO]   \u2705 Pilar P26: 56.0x46.0cm, h=280.0cm
[INFO]   \u2705 Pilar P27: 50.0x16.0cm, h=280.0cm
[INFO]   \u2705 Pilar P28: 65.0x48.0cm, h=280.0cm
[INFO]   \u2705 Pilar P29: 64.0x19.0cm, h=280.0cm
[WARNING] Pilar P30: dimensoes invalidas (b=0.0, h=82.0). Pular.
[INFO]   \u2705 Pilar P31: 50.0x18.5cm, h=280.0cm
[INFO]   \u2705 Pilar P32: 92.0x18.5cm, h=280.0cm
[INFO]   \u2705 Pilar P101: 65.0x24.0cm, h=280.0cm
[INFO]   \u2705 Pilar P102: 82.0x24.0cm, h=280.0cm
[INFO]   \u2705 Pilar P103: 56.0x24.0cm, h=280.0cm
[INFO] Pilares: 21 processados -> D:\Agente-cad-PYSIDE\DADOS-OBRAS\Obra_TREINO_1\Fase-4_Sincronizacao\pilares_salvos.json
[INFO] Carregado: D:\Agente-cad-PYSIDE\DADOS-OBRAS\Obra_TREINO_1\Fase-3_Interpretacao_Extracao\Vigas\vigas.json (32 itens)
[INFO]   \u2705 Viga V101: b=15.0cm, h=120.0cm, L=518.0cm -> A+B
[INFO]   \u2705 Viga V102: b=15.0cm, h=120.0cm, L=336.6cm -> A+B
[INFO]   \u2705 Viga V103: b=15.0cm, h=120.0cm, L=244.0cm -> A+B
[INFO]   \u2705 Viga V104: b=15.0cm, h=120.0cm, L=369.0cm -> A+B
[INFO]   \u2705 Viga V105: b=15.0cm, h=38.0cm, L=717.0cm -> A+B
[INFO]   \u2705 Viga V106: b=15.0cm, h=38.0cm, L=717.0cm -> A+B
[INFO]   \u2705 Viga V107: b=15.0cm, h=120.0cm, L=369.0cm -> A+B
[INFO]   \u2705 Viga V108: b=15.0cm, h=120.0cm, L=358.0cm -> A+B
[INFO]   \u2705 Viga V109: b=15.0cm, h=38.0cm, L=237.0cm -> A+B
[INFO]   \u2705 Viga V110: b=15.0cm, h=370.0cm, L=578.0cm -> A+B
[INFO]   \u2705 Viga V111: b=15.0cm, h=38.0cm, L=407.5cm -> A+B
[INFO]   \u2705 Viga V112: b=15.0cm, h=370.0cm, L=578.0cm -> A+B
[INFO]   \u2705 Viga V114: b=15.0cm, h=38.0cm, L=469.0cm -> A+B
[INFO]   \u2705 Viga V115: b=15.0cm, h=38.0cm, L=469.0cm -> A+B
[INFO]   \u2705 Viga V116: b=15.0cm, h=38.0cm, L=469.0cm -> A+B
[INFO]   \u2705 Viga V117: b=15.0cm, h=48.0cm, L=440.0cm -> A+B
[INFO]   \u2705 Viga V118: b=15.0cm, h=38.0cm, L=440.0cm -> A+B
[INFO]   \u2705 Viga V119: b=15.0cm, h=38.0cm, L=444.5cm -> A+B
[INFO]   \u2705 Viga V120: b=15.0cm, h=120.0cm, L=578.0cm -> A+B
[INFO]   \u2705 Viga V121: b=15.0cm, h=100.0cm, L=444.5cm -> A+B
[INFO]   \u2705 Viga V123: b=15.0cm, h=120.0cm, L=425.0cm -> A+B
[INFO]   \u2705 Viga V124: b=15.0cm, h=120.0cm, L=648.0cm -> A+B
[INFO]   \u2705 Viga V125: b=15.0cm, h=120.0cm, L=445.0cm -> A+B
[INFO]   \u2705 Viga V126: b=15.0cm, h=38.0cm, L=618.0cm -> A+B
[INFO]   \u2705 Viga V127: b=15.0cm, h=38.0cm, L=444.0cm -> A+B
[INFO]   \u2705 Viga V128: b=15.0cm, h=38.0cm, L=444.0cm -> A+B
[INFO]   \u2705 Viga V129: b=15.0cm, h=38.0cm, L=302.0cm -> A+B
[INFO]   \u2705 Viga V130: b=15.0cm, h=38.0cm, L=202.0cm -> A+B
[INFO]   \u2705 Viga V131: b=15.0cm, h=28.0cm, L=251.0cm -> A+B
[INFO]   \u2705 Viga V132: b=15.0cm, h=38.0cm, L=482.0cm -> A+B
[INFO]   \u2705 Viga V133: b=15.0cm, h=120.0cm, L=445.0cm -> A+B
[INFO] Vigas: 31 processadas -> D:\Agente-cad-PYSIDE\DADOS-OBRAS\Obra_TREINO_1\Fase-4_Sincronizacao\vigas_salvas.json
[INFO] Carregado: D:\Agente-cad-PYSIDE\DADOS-OBRAS\Obra_TREINO_1\Fase-3_Interpretacao_Extracao\Lajes\lajes.json (23 itens)
[INFO]   \u2705 Laje L101: 100.0x100.0cm, 1 cortes
[INFO]   \u2705 Laje L102: 100.0x100.0cm, 1 cortes
[INFO]   \u2705 Laje L103: 100.0x100.0cm, 1 cortes
[INFO]   \u2705 Laje L104: 100.0x100.0cm, 1 cortes
[INFO]   \u2705 Laje L105: 100.0x100.0cm, 1 cortes
[INFO]   \u2705 Laje L106: 100.0x100.0cm, 1 cortes
[INFO]   \u2705 Laje L107: 100.0x100.0cm, 1 cortes
[INFO]   \u2705 Laje L108: 100.0x100.0cm, 1 cortes
[INFO]   \u2705 Laje L109: 100.0x100.0cm, 1 cortes
[INFO]   \u2705 Laje L110: 100.0x100.0cm, 1 cortes
[INFO]   \u2705 Laje L111: 100.0x100.0cm, 1 cortes
[INFO]   \u2705 Laje L112: 100.0x100.0cm, 1 cortes
[INFO]   \u2705 Laje L113: 100.0x100.0cm, 1 cortes
[INFO]   \u2705 Laje L114: 100.0x100.0cm, 1 cortes
[INFO]   \u2705 Laje L115: 100.0x100.0cm, 1 cortes
[INFO]   \u2705 Laje L116: 100.0x100.0cm, 1 cortes
[INFO]   \u2705 Laje L117: 100.0x100.0cm, 1 cortes
[INFO]   \u2705 Laje L118: 100.0x100.0cm, 1 cortes
[INFO]   \u2705 Laje L119: 100.0x100.0cm, 1 cortes
[INFO]   \u2705 Laje L120: 100.0x100.0cm, 1 cortes
[INFO]   \u2705 Laje L121: 100.0x100.0cm, 1 cortes
[INFO]   \u2705 Laje L122: 100.0x100.0cm, 1 cortes
[INFO] Lajes: 22 processadas -> D:\Agente-cad-PYSIDE\DADOS-OBRAS\Obra_TREINO_1\Fase-4_Sincronizacao\lajes_salvas.json
[INFO] obras_salvas.json: 21 pilares \u2192 D:\Agente-cad-PYSIDE\DADOS-OBRAS\Obra_TREINO_1\Fase-4_Sincronizacao\obras_salvas.json
[INFO] === RESULTADO: 21 pilares, 31 vigas, 22 lajes | 0 erros ===
  pilares_bh.json: 23 pilares

=== GERANDO DXF PILARES (21 pilares) ===
  P101: b=24 h=65 paineis=12 alt=280cm [BH-extraido]
  P102: b=24 h=82 paineis=12 alt=280cm [BH-extraido]
  P103: b=24 h=56 paineis=12 alt=280cm [BH-extraido]
  P11: b=46 h=56 paineis=12 alt=280cm [BH-extraido]
  P12: b=19 h=64 paineis=12 alt=280cm [BH-extraido]
  P13: b=24 h=64 paineis=12 alt=280cm [BH-extraido]
  P15: b=26 h=34 paineis=12 alt=280cm [BH-extraido]
  P16: b=16 h=24 paineis=12 alt=280cm [BH-extraido]
  P17: b=19 h=24 paineis=12 alt=280cm [BH-extraido]
  P18: b=34 h=54 paineis=12 alt=280cm [BH-extraido]
  P19: b=28 h=54 paineis=12 alt=280cm [BH-extraido]
  P20: b=16 h=54 paineis=12 alt=280cm [BH-extraido]
  P21: b=16 h=19 paineis=12 alt=280cm [BH-extraido]
  P23: b=17 h=64 paineis=12 alt=280cm [BH-extraido]
  P24: b=16 h=19 paineis=12 alt=280cm [BH-extraido]
  P26: b=46 h=56 paineis=12 alt=280cm [BH-extraido]
  P27: b=16 h=50 paineis=12 alt=280cm [BH-extraido]
  P28: b=48 h=65 paineis=12 alt=280cm [BH-extraido]
  P29: b=19 h=64 paineis=12 alt=280cm [BH-extraido]
  P31: b=18 h=50 paineis=12 alt=280cm [BH-extraido]
  P32: b=18 h=92 paineis=12 alt=280cm [BH-extraido]

=== RESULTADO: 21 DXFs gerados | 0 erros ===
  Relatorio: D:\Agente-cad-PYSIDE\DADOS-OBRAS\Obra_TREINO_1\Fase-5_Geracao_Scripts\DXF_Pilares\_relatorio.json
  DXFs em: D:\Agente-cad-PYSIDE\DADOS-OBRAS\Obra_TREINO_1\Fase-5_Geracao_Scripts\DXF_Pilares

  Proximo: python scripts/comparar_dxf_pilares.py --obra D:\Agente-cad-PYSIDE\DADOS-OBRAS\Obra_TREINO_1

=== GERANDO DXF VIGAS (31 vigas) ===
  V101: b=15 h=120 L=518cm | paineis A=5 B=5 F=5
  V102: b=15 h=120 L=337cm | paineis A=3 B=3 F=3
  V103: b=15 h=120 L=244cm | paineis A=3 B=3 F=3
  V104: b=15 h=120 L=369cm | paineis A=4 B=4 F=4
  V105: b=15 h=38 L=717cm | paineis A=6 B=6 F=6
  V106: b=15 h=38 L=717cm | paineis A=6 B=6 F=6
  V107: b=15 h=120 L=369cm | paineis A=4 B=4 F=4
  V108: b=15 h=120 L=358cm | paineis A=3 B=3 F=3
  V109: b=15 h=38 L=237cm | paineis A=2 B=2 F=2
  V110: b=15 h=370 L=578cm | paineis A=5 B=5 F=5
  V111: b=15 h=38 L=408cm | paineis A=4 B=4 F=4
  V112: b=15 h=370 L=578cm | paineis A=5 B=5 F=5
  V114: b=15 h=38 L=469cm | paineis A=4 B=4 F=4
  V115: b=15 h=38 L=469cm | paineis A=4 B=4 F=4
  V116: b=15 h=38 L=469cm | paineis A=4 B=4 F=4
  V117: b=15 h=48 L=440cm | paineis A=4 B=4 F=4
  V118: b=15 h=38 L=440cm | paineis A=4 B=4 F=4
  V119: b=15 h=38 L=444cm | paineis A=4 B=4 F=4
  V120: b=15 h=120 L=578cm | paineis A=5 B=5 F=5
  V121: b=15 h=100 L=444cm | paineis A=4 B=4 F=4
  V123: b=15 h=120 L=425cm | paineis A=4 B=4 F=4
  V124: b=15 h=120 L=648cm | paineis A=6 B=6 F=6
  V125: b=15 h=120 L=445cm | paineis A=4 B=4 F=4
  V126: b=15 h=38 L=618cm | paineis A=6 B=6 F=6
  V127: b=15 h=38 L=444cm | paineis A=4 B=4 F=4
  V128: b=15 h=38 L=444cm | paineis A=4 B=4 F=4
  V129: b=15 h=38 L=302cm | paineis A=3 B=3 F=3
  V130: b=15 h=38 L=202cm | paineis A=2 B=2 F=2
  V131: b=15 h=28 L=251cm | paineis A=3 B=3 F=3
  V132: b=15 h=38 L=482cm | paineis A=5 B=5 F=5
  V133: b=15 h=120 L=445cm | paineis A=4 B=4 F=4

=== RESULTADO: 31 DXFs gerados | 0 erros ===
  Relatorio: D:\Agente-cad-PYSIDE\DADOS-OBRAS\Obra_TREINO_1\Fase-5_Geracao_Scripts\DXF_Vigas\_relatorio.json
  DXFs em: D:\Agente-cad-PYSIDE\DADOS-OBRAS\Obra_TREINO_1\Fase-5_Geracao_Scripts\DXF_Vigas

  Proximo: python scripts/comparar_dxf_vigas.py --obra D:\Agente-cad-PYSIDE\DADOS-OBRAS\Obra_TREINO_1

=== GERANDO DXF LAJES (22 lajes) ===
  L101: 100.0x100.0cm paineis=2x1 area=10000cm2
  L102: 100.0x100.0cm paineis=2x1 area=10000cm2
  L103: 100.0x100.0cm paineis=2x1 area=10000cm2
  L104: 100.0x100.0cm paineis=2x1 area=10000cm2
  L105: 100.0x100.0cm paineis=2x1 area=10000cm2
  L106: 100.0x100.0cm paineis=2x1 area=10000cm2
  L107: 100.0x100.0cm paineis=2x1 area=10000cm2
  L108: 100.0x100.0cm paineis=2x1 area=10000cm2
  L109: 100.0x100.0cm paineis=2x1 area=10000cm2
  L110: 100.0x100.0cm paineis=2x1 area=10000cm2
  L111: 100.0x100.0cm paineis=2x1 area=10000cm2
  L112: 100.0x100.0cm paineis=2x1 area=10000cm2
  L113: 100.0x100.0cm paineis=2x1 area=10000cm2
  L114: 100.0x100.0cm paineis=2x1 area=10000cm2
  L115: 100.0x100.0cm paineis=2x1 area=10000cm2
  L116: 100.0x100.0cm paineis=2x1 area=10000cm2
  L117: 100.0x100.0cm paineis=2x1 area=10000cm2
  L118: 100.0x100.0cm paineis=2x1 area=10000cm2
  L119: 100.0x100.0cm paineis=2x1 area=10000cm2
  L120: 100.0x100.0cm paineis=2x1 area=10000cm2
  L121: 100.0x100.0cm paineis=2x1 area=10000cm2
  L122: 100.0x100.0cm paineis=2x1 area=10000cm2

=== RESULTADO: 22 DXFs gerados | 0 erros ===
  Relatorio: D:\Agente-cad-PYSIDE\DADOS-OBRAS\Obra_TREINO_1\Fase-5_Geracao_Scripts\DXF_Lajes\_relatorio.json
  DXFs em: D:\Agente-cad-PYSIDE\DADOS-OBRAS\Obra_TREINO_1\Fase-5_Geracao_Scripts\DXF_Lajes

  Proximo: python scripts/comparar_dxf.py --obra D:\Agente-cad-PYSIDE\DADOS-OBRAS\Obra_TREINO_1

=== COMPARADOR DXF vs. GROUND TRUTH (tol=5.0%) ===

--- PILARES ---
  Match rate: 100.0% (21/21)
  Erro médio: 0.0%

--- VIGAS ---
  Match rate: 100.0% (31/31)
  Erro médio: 0.0%

--- LAJES ---
  Match rate: 100.0% (22/22)
  Erro médio: 0.0%

=== SCORE GERAL: 100.0% (PASS | meta: 75.0%) ===
  Pilares: 100.0% | Vigas: 100.0% | Lajes: 100.0%

  Relatorio: D:\Agente-cad-PYSIDE\DADOS-OBRAS\Obra_TREINO_1\Fase-5_Geracao_Scripts\_relatorio_comparacao.json
[INFO] === extrair_ancoras_dxf.py | Obra_TREINO_1 | TÉRREO ===
[INFO] PL DXF: ALIMONTI - PARAISO - TÉRREO - PL - R00.dxf
[INFO] Pilares: 22 ancoras extraidas do PL DXF
[INFO] Salvo: D:\Agente-cad-PYSIDE\DADOS-OBRAS\Obra_TREINO_1\Fase-3_Interpretacao_Extracao\ancoras_pilares.json (22 pilares)
[INFO] LV DXF: ALIMONTI - PARAISO - TÉRREO - LV - R00.dxf
[INFO] Vigas: 31 ancoras extraidas do LV DXF
[INFO] Salvo: D:\Agente-cad-PYSIDE\DADOS-OBRAS\Obra_TREINO_1\Fase-3_Interpretacao_Extracao\ancoras_vigas.json (31 vigas)
[INFO] LJ DXF: ALIMONTI - PARAISO - TÉRREO - LJ - R00.dxf
[INFO] Lajes: 22 ancoras extraidas do LJ DXF
[INFO] Salvo: D:\Agente-cad-PYSIDE\DADOS-OBRAS\Obra_TREINO_1\Fase-3_Interpretacao_Extracao\ancoras_lajes.json (22 lajes)

[RESULTADO]
  Pilares: 22 ancoras
  Vigas:   31 ancoras
  Lajes:   22 ancoras

  STATUS: OK (cobertura suficiente)
[INFO] === consolidar_dxf_pilares.py | Obra_TREINO_1 | 12 PAV ===
  P11: ancora=(17799,3038) offset=(17652,2898) [18 ents]
  P12: ancora=(18952,3038) offset=(18824,2898) [18 ents]
  P13: ancora=(20008,3025) offset=(19875,2885) [18 ents]
  P15: ancora=(16803,1125) offset=(16699,985) [18 ents]
  P16: ancora=(17800,2259) offset=(17715,2119) [18 ents]
  P17: ancora=(19145,2272) offset=(19057,2132) [18 ents]
  P18: ancora=(20273,2272) offset=(20140,2132) [18 ents]
  P19: ancora=(16733,1480) offset=(16607,1340) [18 ents]
  P20: ancora=(17801,1468) offset=(17686,1328) [18 ents]
  P21: ancora=(18858,1454) offset=(18778,1314) [18 ents]
  P23: ancora=(19187,529) offset=(19061,389) [18 ents]
  P24: ancora=(16970,471) offset=(16890,331) [18 ents]
  P26: ancora=(17924,201) offset=(17777,61) [18 ents]
  P27: ancora=(17201,-293) offset=(17090,-433) [18 ents]
  P28: ancora=(18337,-598) offset=(18179,-738) [18 ents]
  P29: ancora=(15524,-1464) offset=(15396,-1604) [18 ents]
  P31: ancora=(18874,-799) offset=(18761,-939) [18 ents]
  P32: ancora=(20140,-765) offset=(19985,-905) [18 ents]
  P101: ancora=(15714,-1939) offset=(15580,-2079) [18 ents]
  P102: ancora=(16780,-1954) offset=(16629,-2094) [18 ents]
  P103: ancora=(17851,-1967) offset=(17726,-2107) [18 ents]

[RESULTADO]
  Pilares consolidados: 21/21
  Output: D:\Agente-cad-PYSIDE\DADOS-OBRAS\Obra_TREINO_1\Fase-6_Execucao_CAD\PL_gerado.dxf
  Validação: 378 entidades no PL_gerado.dxf
  Relatório: D:\Agente-cad-PYSIDE\DADOS-OBRAS\Obra_TREINO_1\Fase-6_Execucao_CAD\consolidacao_pilares.json
[INFO] === consolidar_dxf_vigas.py | Obra_TREINO_1 ===
  V101: ancora=(2086,16806) [19 ents]
  V102: ancora=(3648,16595) [13 ents]
  V103: ancora=(480,15717) [13 ents]
  V104: ancora=(2086,15657) [16 ents]
  V105: ancora=(3670,15729) [22 ents]
  V106: ancora=(4837,15465) [22 ents]
  V107: ancora=(501,14509) [16 ents]
  V108: ancora=(2102,14557) [13 ents]
  V109: ancora=(3571,14266) [10 ents]
  V110: ancora=(5308,14559) [19 ents]
  V111: ancora=(4019,14266) [16 ents]
  V112: ancora=(632,13431) [19 ents]
  V114: ancora=(1779,13099) [16 ents]
  V115: ancora=(2473,13106) [16 ents]
  V116: ancora=(3378,13107) [16 ents]
  V117: ancora=(4131,13072) [16 ents]
  V118: ancora=(4875,13132) [16 ents]
  V119: ancora=(5644,13095) [16 ents]
  V120: ancora=(504,12290) [19 ents]
  V121: ancora=(2018,12300) [16 ents]
  V123: ancora=(3629,12303) [16 ents]
  V124: ancora=(5274,12291) [22 ents]
  V125: ancora=(487,11141) [16 ents]
  V126: ancora=(1701,10824) [22 ents]
  V127: ancora=(2407,10849) [16 ents]
  V128: ancora=(3316,10870) [16 ents]
  V129: ancora=(3765,10857) [13 ents]
  V130: ancora=(4207,10870) [10 ents]
  V131: ancora=(4913,10833) [13 ents]
  V132: ancora=(5525,10714) [19 ents]
  V133: ancora=(606,9848) [16 ents]

[RESULTADO]
  LV_gerado.dxf: 31 vigas (508 entidades)
  FV_gerado.dxf: 31 vigas offset (508 entidades)
[INFO] === consolidar_dxf_lajes.py | Obra_TREINO_1 ===
  L101: ancora=(3251,3060) [4 ents]
  L102: ancora=(3658,3062) [4 ents]
  L103: ancora=(4116,3017) [4 ents]
  L104: ancora=(4548,3013) [4 ents]
  L105: ancora=(4988,3022) [4 ents]
  L106: ancora=(5572,3147) [4 ents]
  L107: ancora=(5852,2802) [4 ents]
  L108: ancora=(6279,2779) [4 ents]
  L109: ancora=(3236,2720) [4 ents]
  L110: ancora=(4407,2696) [4 ents]
  L111: ancora=(4914,2648) [4 ents]
  L112: ancora=(5492,2625) [4 ents]
  L113: ancora=(5971,2670) [4 ents]
  L114: ancora=(3248,2306) [4 ents]
  L115: ancora=(3641,2287) [4 ents]
  L116: ancora=(4111,2444) [4 ents]
  L117: ancora=(4544,2315) [4 ents]
  L118: ancora=(4985,2312) [4 ents]
  L119: ancora=(5332,2328) [4 ents]
  L120: ancora=(5497,2225) [4 ents]
  L121: ancora=(5735,2329) [4 ents]
  L122: ancora=(6461,2220) [4 ents]

[RESULTADO]
  Lajes consolidadas: 22/22
  LJ_gerado.dxf: 88 entidades
  Output: D:\Agente-cad-PYSIDE\DADOS-OBRAS\Obra_TREINO_1\Fase-6_Execucao_CAD\LJ_gerado.dxf
[INFO] === validar_dxf_coletivo.py | Obra_TREINO_1 | TÉRREO ===

  [PILARES]
    GT: 22 | Gerado: 21 | Corretos: 21
    id_match: 95.5% | hallucination: 0.0%
    SCORE: 97.3% — APROVADO
    Missing: ['P30']

  [VIGAS]
    GT: 31 | Gerado: 31 | Corretos: 31
    id_match: 100.0% | hallucination: 0.0%
    SCORE: 100.0% — APROVADO

  [LAJES]
    GT: 22 | Gerado: 22 | Corretos: 22
    id_match: 100.0% | hallucination: 0.0%
    SCORE: 100.0% — APROVADO

[RESULTADO GLOBAL]
  Score global: 98.9%
  Status: APROVADO (>=90%)

[INFO] Salvo: D:\Agente-cad-PYSIDE\DADOS-OBRAS\Obra_TREINO_1\Fase-6_Execucao_CAD\validation_coletivo.json
[INFO] Processando 21 pilares \u2192 obras_salvas.json
[INFO]   P11: 56x46cm grade_1=0
[INFO]   P12: 64x19cm grade_1=0
[INFO]   P13: 64x24cm grade_1=0
[INFO]   P15: 34x25cm grade_1=0
[INFO]   P16: 24x16cm grade_1=0
[INFO]   P17: 24x19cm grade_1=0
[INFO]   P18: 54x34cm grade_1=0
[INFO]   P19: 54x27cm grade_1=0
[INFO]   P20: 54x16cm grade_1=0
[INFO]   P21: 19x16cm grade_1=0
[INFO]   P23: 64x17cm grade_1=0
[INFO]   P24: 19x16cm grade_1=0
[INFO]   P26: 56x46cm grade_1=0
[INFO]   P27: 50x16cm grade_1=0
[INFO]   P28: 65x48cm grade_1=0
[INFO]   P29: 64x19cm grade_1=0
[INFO]   P31: 50x18cm grade_1=0
[INFO]   P32: 92x18cm grade_1=0
[INFO]   P101: 65x24cm grade_1=0
[INFO]   P102: 82x24cm grade_1=0
[INFO]   P103: 56x24cm grade_1=0
[INFO] \u2705 obras_salvas.json gerado: 21 pilares \u2192 D:\Agente-cad-PYSIDE\DADOS-OBRAS\Obra_TREINO_1\Fase-4_Sincronizacao\obras_salvas.json
[INFO] \u2705 pavimentos_lista.json gerado \u2192 D:\Agente-cad-PYSIDE\DADOS-OBRAS\Obra_TREINO_1\Fase-4_Sincronizacao\pavimentos_lista.json

============================================================
PIPELINE E2E — Obra_TREINO_1 | TÉRREO
============================================================

[FASE 1] Descoberta de DXFs
  [SKIP] dxf_discovery.json ja existe e contem Obra_TREINO_1

[FASE 2] Engenharia Reversa (Ground Truth)
  [RUN] engenharia_reversa_dxf.py ...
        -> OK (11.3s)

[FASE 3] Extração Dimensional
  [RUN] extrair_bh_pilares.py ...
        -> OK (2.2s)
  [RUN] extrair_vigas_lv.py ...
        -> OK (7.6s)
  [RUN] extrair_lajes_lj.py ...
        -> OK (1.1s)
  [RUN] extrair_garfos_evg.py ...
        -> FALHOU (code 1) (0.6s)
  [RUN] extrair_largura_vigas.py ...
        -> FALHOU (code 2) (0.0s)
  [RUN] extrair_assembly_pl.py ...
        -> FALHOU (code 2) (0.6s)
  [RUN] integrar_fichas_fase3.py ...
        -> OK (0.1s)

[FASE 4] Motor Fase 4 (Transformacao Fase-3 -> Fase-4)
  [CLEAN] Removendo 35 JSONs antigos de JSON_Pilares/
  [CLEAN] Removendo 66 JSONs antigos de JSON_Vigas_Laterais/
  [CLEAN] Removendo 33 JSONs antigos de JSON_Vigas_Fundo/
  [CLEAN] Removendo 33 JSONs antigos de JSON_Lajes/
  [RUN] motor_fase4.py ...
        -> OK (0.2s)

[FASE 5] Geração DXF Individual
  [CLEAN] Removendo 35 DXFs antigos de DXF_Pilares/
  [CLEAN] Removendo 33 DXFs antigos de DXF_Vigas/
  [CLEAN] Removendo 33 DXFs antigos de DXF_Lajes/
  [RUN] gerar_dxf_pilares.py ...
        -> OK (0.8s)
  [RUN] gerar_dxf_vigas.py ...
        -> OK (0.9s)
  [RUN] gerar_dxf_lajes.py ...
        -> OK (0.7s)

[FASE 5b] Comparação DXF Individual vs STOG
  [RUN] comparar_dxf.py ...
        -> OK (1.8s)

[FASE 6] Extração de Âncoras (coords absolutas)
  [RUN] extrair_ancoras_dxf.py ...
        -> OK (9.6s)

[FASE 7] Consolidação DXF Coletivo
  [RUN] consolidar_dxf_pilares.py ...
        -> OK (0.9s)
  [RUN] consolidar_dxf_vigas.py ...
        -> OK (1.1s)
  [RUN] consolidar_dxf_lajes.py ...
        -> OK (0.8s)

[FASE 8] Validação DXF Coletivo
  [RUN] validar_dxf_coletivo.py ...
        -> OK (0.7s)

[FASE 9] Geração obras_salvas.json (formato robô)
  [RUN] gerar_obras_salvas.py ...
        -> OK (0.1s)

============================================================
PIPELINE CONCLUÍDO — APROVADO
  Score coletivo: 98.9%
  Relatório: D:\Agente-cad-PYSIDE\DADOS-OBRAS\Obra_TREINO_1\Fase-8_Revisao_Entrega\pipeline_report.json
============================================================

[INFO] === engenharia_reversa_dxf.py | Obra: Obra_TREINO_10 | Pav: 2SS - TRECHO 1 ===
[INFO] Diretório: D:\Agente-cad-PYSIDE\DADOS-OBRAS\Obra_TREINO_10\Fase-1_Ingestao\Projetos_Finalizados_para_Engenharia_Reversa
[INFO] Usando caminhos do dxf_discovery.json para pav '2SS - TRECHO 1'
[INFO] PL DXF: ROCONTEC - HOSPITAL ASSUNÇÃO -  2°SS - TRECHO 1- PL- R01_R2018_ASCII_ODA.dxf
[INFO] Pilares extraídos: 17 IDs | Pé Direito: 652.0cm -> D:\Agente-cad-PYSIDE\DADOS-OBRAS\Obra_TREINO_10\Fase-3_Interpretacao_Extracao\Pilares\pilares_ground_truth.json
[INFO] LV DXF: ROCONTEC - HOSPITAL ASSUNÇÃO - 2°SS - TRECHO 1 - LV - R00_R2018_ASCII_ODA.dxf
[INFO] Vigas extraídas: 21 IDs -> D:\Agente-cad-PYSIDE\DADOS-OBRAS\Obra_TREINO_10\Fase-3_Interpretacao_Extracao\Vigas\vigas_ground_truth.json
[INFO] LJ DXF: ROCONTEC - HOSPITAL ASSUNÇÃO -  2°SS - TRECHO 1- LJ- R00_R2018_ASCII_ODA.dxf
[INFO] Nenhuma laje identificada no LJ DXF
[INFO] === RESULTADO: 17 pilares (ground truth) ===
[INFO] NOTA: IDs e count são CONFIÁVEIS. B/H requerem revisão manual ou análise visual.
[INFO] Ground truth salvo em: D:\Agente-cad-PYSIDE\DADOS-OBRAS\Obra_TREINO_10\Fase-3_Interpretacao_Extracao
[INFO] === extrair_bh_pilares.py | Obra_TREINO_10 | 2SS - TRECHO 1 ===
[INFO] PL DXF: ROCONTEC - HOSPITAL ASSUNÇÃO -  2°SS - TRECHO 1- PL- R01_R2018_ASCII_ODA.dxf
[INFO] Max distancia proximity: 300.0 unidades DXF
[INFO] Lendo DXF (pode demorar para arquivos grandes)...
[INFO] DXF carregado: 6557 entidades
[INFO] Extraindo posicoes dos pilares (layer Texto Secao)...
[INFO] Pilares encontrados: 17
[INFO] Extraindo DIMENSION entities (layers de cota)...
[INFO] DIMENSIONs de cota encontradas: 555
[INFO] Inverse proximity: 555 dims assignadas a 17 pilares

[RESULTADO] Extracao B/H de Pilares
  Total pilares:      17
  B+H completos:      17 (100.0%)
  Apenas H:           0
  Sem dados:          0

[INFO] Salvo em: D:\Agente-cad-PYSIDE\DADOS-OBRAS\Obra_TREINO_10\Fase-3_Interpretacao_Extracao\Pilares\pilares_bh.json
[INFO] pilares_ground_truth.json atualizado: 17 pilares com B/H

[AMOSTRA] Primeiros 5 pilares extraidos:
  P23: B=40.0cm, H=92.0cm, conf=90%
  P24: B=40.0cm, H=92.0cm, conf=90%
  P25: B=19.0cm, H=64.0cm, conf=80%
  P26: B=19.0cm, H=64.0cm, conf=80%
  P27: B=40.0cm, H=92.0cm, conf=90%
DXF: ROCONTEC - HOSPITAL ASSUNÇÃO - 2°SS - TRECHO 1 - LV - R00_R2018_ASCII_ODA.dxf
  Labels encontrados: 20 vigas
  Cota Seção (2x): 37 dims
  COTA: 392 dims

=== RESULTADO ===
  Total vigas: 20
  Com altura_lateral: 20/20
  Com comprimento: 20/20
  Com ambos: 20/20
  Confiança média: 84%
  Output: D:\Agente-cad-PYSIDE\DADOS-OBRAS\Obra_TREINO_10\Fase-3_Interpretacao_Extracao\Vigas\vigas_dim.json

Viga     Alt(cm)    Comp(cm)     Conf     Sides
-------------------------------------------------------
V3       120        244          84%      A+B
V4       120        244          84%      A+B
V7       120        244          89%      A+B
V12      120        292          84%      A+B
V16      120        332          84%      A+B
V17      120        266          84%      A+B
V23      120        244          84%      A+B
V39      124        244          79%      A+B
V40      38         246          84%      A+B
V41      120        309          84%      A+B
V42      120        309          84%      A+B
V43      120        306          84%      A+B
V44      120        306          84%      A+B
V46      120        244          84%      A+B
V47      120        244          89%      A+B
V48      160        246          84%      A+B
V50      120        244          84%      A+B
V51      38         151          84%      B
V22B     160        246          84%      A+B
V40A     38         246          84%      A+B
[INFO] === extrair_lajes_lj.py | Obra_TREINO_10 | 2SS - TRECHO 1 ===
[INFO] LJ DXF: ROCONTEC - HOSPITAL ASSUNÇÃO -  2°SS - TRECHO 1- LJ- R00_R2018_ASCII_ODA.dxf
[INFO] Lendo DXF...
[INFO] 204 entidades
[INFO] Extraindo labels e codigos de lajes...
[DEBUG] Labels encontrados: []
[DEBUG] Lajes com paineis AUX00: []
[INFO] Lajes encontradas: 0
[WARN] Nenhuma laje encontrada. Debug layers...
  Layers com L{n} labels: []
ERRO: Nenhum EVG DXF encontrado em D:\Agente-cad-PYSIDE\DADOS-OBRAS\Obra_TREINO_10
C:\Python314\python.exe: can't open file 'D:\\Agente-cad-PYSIDE\\Agente-cad-PYSIDE-Restored-main\\scripts\\extrair_largura_vigas.py': [Errno 2] No such file or directory
usage: extrair_assembly_pl.py [-h] --obra OBRA [--pav PAV] [--output OUTPUT]
extrair_assembly_pl.py: error: unrecognized arguments: --pavimento 2SS - TRECHO 1
=== VIGAS ===
  AVISO: vigas_largura.json nao encontrado — usando b=15cm (default)
  vigas.json atualizado: 20 vigas
    V3: b=15.0cm h=120.0cm L=244.0cm
    V4: b=15.0cm h=120.0cm L=244.0cm
    V7: b=15.0cm h=120.0cm L=244.0cm
    V12: b=15.0cm h=120.0cm L=292.0cm
    V16: b=15.0cm h=120.0cm L=332.0cm
    V17: b=15.0cm h=120.0cm L=266.5cm
    V23: b=15.0cm h=120.0cm L=244.0cm
    V39: b=15.0cm h=124.0cm L=244.0cm
    V40: b=15.0cm h=38.0cm L=246.0cm
    V41: b=15.0cm h=120.0cm L=309.0cm
    V42: b=15.0cm h=120.0cm L=309.0cm
    V43: b=15.0cm h=120.0cm L=306.0cm
    V44: b=15.0cm h=120.0cm L=306.0cm
    V46: b=15.0cm h=120.0cm L=244.0cm
    V47: b=15.0cm h=120.0cm L=244.0cm
    V48: b=15.0cm h=160.0cm L=246.0cm
    V50: b=15.0cm h=120.0cm L=244.0cm
    V51: b=15.0cm h=38.0cm L=151.0cm
    V22B: b=15.0cm h=160.0cm L=246.0cm
    V40A: b=15.0cm h=38.0cm L=246.0cm

=== LAJES ===
  SKIP: nenhuma fonte de lajes encontrada, pulando
  lajes.json atualizado: 0 lajes

=== INTEGRACAO COMPLETA: 20 vigas + 0 lajes ===
  Proximos passos: python scripts/motor_fase4.py --obra D:\Agente-cad-PYSIDE\DADOS-OBRAS\Obra_TREINO_10
[INFO] === motor_fase4.py | Obra: Obra_TREINO_10 | Pav: 2SS - TRECHO 1 ===
[INFO] Carregado: D:\Agente-cad-PYSIDE\DADOS-OBRAS\Obra_TREINO_10\Fase-3_Interpretacao_Extracao\Pilares\pilares_bh.json (18 itens)
[WARNING] pilares_assembly.json nao encontrado — grades ficarao zeradas
[INFO]   \u2705 Pilar P23: 92.0x40.0cm, h=280.0cm
[INFO]   \u2705 Pilar P24: 92.0x40.0cm, h=280.0cm
[INFO]   \u2705 Pilar P25: 64.0x19.0cm, h=280.0cm
[INFO]   \u2705 Pilar P26: 64.0x19.0cm, h=280.0cm
[INFO]   \u2705 Pilar P27: 92.0x40.0cm, h=280.0cm
[INFO]   \u2705 Pilar P28: 92.0x40.0cm, h=280.0cm
[INFO]   \u2705 Pilar P44: 71.0x40.0cm, h=280.0cm
[INFO]   \u2705 Pilar P45: 36.0x27.0cm, h=280.0cm
[INFO]   \u2705 Pilar P46: 53.0x40.0cm, h=280.0cm
[INFO]   \u2705 Pilar P47: 53.0x40.0cm, h=280.0cm
[INFO]   \u2705 Pilar P48: 92.0x40.0cm, h=280.0cm
[INFO]   \u2705 Pilar P61: 92.0x62.0cm, h=280.0cm
[INFO]   \u2705 Pilar P62: 42.0x40.0cm, h=280.0cm
[INFO]   \u2705 Pilar P63: 92.0x40.0cm, h=280.0cm
[INFO]   \u2705 Pilar P64: 92.0x40.0cm, h=280.0cm
[INFO]   \u2705 Pilar P65: 92.0x40.0cm, h=280.0cm
[INFO]   \u2705 Pilar P66: 82.0x40.0cm, h=280.0cm
[INFO] Pilares: 17 processados -> D:\Agente-cad-PYSIDE\DADOS-OBRAS\Obra_TREINO_10\Fase-4_Sincronizacao\pilares_salvos.json
[INFO] Carregado: D:\Agente-cad-PYSIDE\DADOS-OBRAS\Obra_TREINO_10\Fase-3_Interpretacao_Extracao\Vigas\vigas.json (21 itens)
[INFO]   \u2705 Viga V3: b=15.0cm, h=120.0cm, L=244.0cm -> A+B
[INFO]   \u2705 Viga V4: b=15.0cm, h=120.0cm, L=244.0cm -> A+B
[INFO]   \u2705 Viga V7: b=15.0cm, h=120.0cm, L=244.0cm -> A+B
[INFO]   \u2705 Viga V12: b=15.0cm, h=120.0cm, L=292.0cm -> A+B
[INFO]   \u2705 Viga V16: b=15.0cm, h=120.0cm, L=332.0cm -> A+B
[INFO]   \u2705 Viga V17: b=15.0cm, h=120.0cm, L=266.5cm -> A+B
[INFO]   \u2705 Viga V23: b=15.0cm, h=120.0cm, L=244.0cm -> A+B
[INFO]   \u2705 Viga V39: b=15.0cm, h=124.0cm, L=244.0cm -> A+B
[INFO]   \u2705 Viga V40: b=15.0cm, h=38.0cm, L=246.0cm -> A+B
[INFO]   \u2705 Viga V41: b=15.0cm, h=120.0cm, L=309.0cm -> A+B
[INFO]   \u2705 Viga V42: b=15.0cm, h=120.0cm, L=309.0cm -> A+B
[INFO]   \u2705 Viga V43: b=15.0cm, h=120.0cm, L=306.0cm -> A+B
[INFO]   \u2705 Viga V44: b=15.0cm, h=120.0cm, L=306.0cm -> A+B
[INFO]   \u2705 Viga V46: b=15.0cm, h=120.0cm, L=244.0cm -> A+B
[INFO]   \u2705 Viga V47: b=15.0cm, h=120.0cm, L=244.0cm -> A+B
[INFO]   \u2705 Viga V48: b=15.0cm, h=160.0cm, L=246.0cm -> A+B
[INFO]   \u2705 Viga V50: b=15.0cm, h=120.0cm, L=244.0cm -> A+B
[INFO]   \u2705 Viga V51: b=15.0cm, h=38.0cm, L=151.0cm -> A+B
[INFO]   \u2705 Viga V22B: b=15.0cm, h=160.0cm, L=246.0cm -> A+B
[INFO]   \u2705 Viga V40A: b=15.0cm, h=38.0cm, L=246.0cm -> A+B
[INFO] Vigas: 20 processadas -> D:\Agente-cad-PYSIDE\DADOS-OBRAS\Obra_TREINO_10\Fase-4_Sincronizacao\vigas_salvas.json
[INFO] Carregado: D:\Agente-cad-PYSIDE\DADOS-OBRAS\Obra_TREINO_10\Fase-3_Interpretacao_Extracao\Lajes\lajes.json (1 itens)
[INFO] Lajes: 0 processadas -> D:\Agente-cad-PYSIDE\DADOS-OBRAS\Obra_TREINO_10\Fase-4_Sincronizacao\lajes_salvas.json
[INFO] obras_salvas.json: 17 pilares \u2192 D:\Agente-cad-PYSIDE\DADOS-OBRAS\Obra_TREINO_10\Fase-4_Sincronizacao\obras_salvas.json
[INFO] === RESULTADO: 17 pilares, 20 vigas, 0 lajes | 0 erros ===
  pilares_bh.json: 18 pilares

=== GERANDO DXF PILARES (17 pilares) ===
  P23: b=40 h=92 paineis=12 alt=280cm [BH-extraido]
  P24: b=40 h=92 paineis=12 alt=280cm [BH-extraido]
  P25: b=19 h=64 paineis=12 alt=280cm [BH-extraido]
  P26: b=19 h=64 paineis=12 alt=280cm [BH-extraido]
  P27: b=40 h=92 paineis=12 alt=280cm [BH-extraido]
  P28: b=40 h=92 paineis=12 alt=280cm [BH-extraido]
  P44: b=40 h=71 paineis=12 alt=280cm [BH-extraido]
  P45: b=27 h=36 paineis=12 alt=280cm [BH-extraido]
  P46: b=40 h=53 paineis=12 alt=280cm [BH-extraido]
  P47: b=40 h=53 paineis=12 alt=280cm [BH-extraido]
  P48: b=40 h=92 paineis=12 alt=280cm [BH-extraido]
  P61: b=62 h=92 paineis=12 alt=280cm [BH-extraido]
  P62: b=40 h=42 paineis=12 alt=280cm [BH-extraido]
  P63: b=40 h=92 paineis=12 alt=280cm [BH-extraido]
  P64: b=40 h=92 paineis=12 alt=280cm [BH-extraido]
  P65: b=40 h=92 paineis=12 alt=280cm [BH-extraido]
  P66: b=40 h=82 paineis=12 alt=280cm [BH-extraido]

=== RESULTADO: 17 DXFs gerados | 0 erros ===
  Relatorio: D:\Agente-cad-PYSIDE\DADOS-OBRAS\Obra_TREINO_10\Fase-5_Geracao_Scripts\DXF_Pilares\_relatorio.json
  DXFs em: D:\Agente-cad-PYSIDE\DADOS-OBRAS\Obra_TREINO_10\Fase-5_Geracao_Scripts\DXF_Pilares

  Proximo: python scripts/comparar_dxf_pilares.py --obra D:\Agente-cad-PYSIDE\DADOS-OBRAS\Obra_TREINO_10

=== GERANDO DXF VIGAS (20 vigas) ===
  V3: b=15 h=120 L=244cm | paineis A=3 B=3 F=3
  V4: b=15 h=120 L=244cm | paineis A=3 B=3 F=3
  V7: b=15 h=120 L=244cm | paineis A=3 B=3 F=3
  V12: b=15 h=120 L=292cm | paineis A=3 B=3 F=3
  V16: b=15 h=120 L=332cm | paineis A=3 B=3 F=3
  V17: b=15 h=120 L=266cm | paineis A=3 B=3 F=3
  V23: b=15 h=120 L=244cm | paineis A=3 B=3 F=3
  V39: b=15 h=124 L=244cm | paineis A=3 B=3 F=3
  V40: b=15 h=38 L=246cm | paineis A=3 B=3 F=3
  V41: b=15 h=120 L=309cm | paineis A=3 B=3 F=3
  V42: b=15 h=120 L=309cm | paineis A=3 B=3 F=3
  V43: b=15 h=120 L=306cm | paineis A=3 B=3 F=3
  V44: b=15 h=120 L=306cm | paineis A=3 B=3 F=3
  V46: b=15 h=120 L=244cm | paineis A=3 B=3 F=3
  V47: b=15 h=120 L=244cm | paineis A=3 B=3 F=3
  V48: b=15 h=160 L=246cm | paineis A=3 B=3 F=3
  V50: b=15 h=120 L=244cm | paineis A=3 B=3 F=3
  V51: b=15 h=38 L=151cm | paineis A=2 B=2 F=2
  V22B: b=15 h=160 L=246cm | paineis A=3 B=3 F=3
  V40A: b=15 h=38 L=246cm | paineis A=3 B=3 F=3

=== RESULTADO: 20 DXFs gerados | 0 erros ===
  Relatorio: D:\Agente-cad-PYSIDE\DADOS-OBRAS\Obra_TREINO_10\Fase-5_Geracao_Scripts\DXF_Vigas\_relatorio.json
  DXFs em: D:\Agente-cad-PYSIDE\DADOS-OBRAS\Obra_TREINO_10\Fase-5_Geracao_Scripts\DXF_Vigas

  Proximo: python scripts/comparar_dxf_vigas.py --obra D:\Agente-cad-PYSIDE\DADOS-OBRAS\Obra_TREINO_10
ERRO: Nenhum L*.json em D:\Agente-cad-PYSIDE\DADOS-OBRAS\Obra_TREINO_10\Fase-4_Sincronizacao\JSON_Lajes

=== COMPARADOR DXF vs. GROUND TRUTH (tol=5.0%) ===

--- PILARES ---
  Match rate: 100.0% (17/17)
  Erro médio: 0.0%

--- VIGAS ---
  Match rate: 100.0% (20/20)
  Erro médio: 0.0%

--- LAJES ---
  Match rate: 0.0% (0/0)
  Erro médio: 0.0%

=== SCORE GERAL: 100.0% (PASS | meta: 75.0%) ===
  Pilares: 100.0% | Vigas: 100.0% | Lajes: 0.0%

  Relatorio: D:\Agente-cad-PYSIDE\DADOS-OBRAS\Obra_TREINO_10\Fase-5_Geracao_Scripts\_relatorio_comparacao.json
[INFO] === extrair_ancoras_dxf.py | Obra_TREINO_10 | 2SS - TRECHO 1 ===
[INFO] PL DXF: ROCONTEC - HOSPITAL ASSUNÇÃO -  2°SS - TRECHO 1- PL- R01_R2018_ASCII_ODA.dxf
[INFO] Pilares: 17 ancoras extraidas do PL DXF
[INFO] Salvo: D:\Agente-cad-PYSIDE\DADOS-OBRAS\Obra_TREINO_10\Fase-3_Interpretacao_Extracao\ancoras_pilares.json (17 pilares)
[INFO] LV DXF: ROCONTEC - HOSPITAL ASSUNÇÃO - 2°SS - TRECHO 1 - LV - R00_R2018_ASCII_ODA.dxf
[INFO] Vigas: 19 ancoras extraidas do LV DXF
[INFO] Salvo: D:\Agente-cad-PYSIDE\DADOS-OBRAS\Obra_TREINO_10\Fase-3_Interpretacao_Extracao\ancoras_vigas.json (19 vigas)
[INFO] LJ DXF: ROCONTEC - HOSPITAL ASSUNÇÃO -  2°SS - TRECHO 1- LJ- R00_R2018_ASCII_ODA.dxf
[INFO] Lajes: 0 ancoras extraidas do LJ DXF
[INFO] Salvo: D:\Agente-cad-PYSIDE\DADOS-OBRAS\Obra_TREINO_10\Fase-3_Interpretacao_Extracao\ancoras_lajes.json (0 lajes)

[RESULTADO]
  Pilares: 17 ancoras
  Vigas:   19 ancoras
  Lajes:   0 ancoras

  STATUS: PARCIAL (cobertura baixa)
[INFO] === consolidar_dxf_pilares.py | Obra_TREINO_10 | 2SS - TRECHO 1 ===
  P23: ancora=(132566,31180) offset=(132389,31040) [18 ents]
  P24: ancora=(133491,31171) offset=(133314,31031) [18 ents]
  P25: ancora=(131197,29387) offset=(131069,29247) [18 ents]
  P26: ancora=(132782,29375) offset=(132654,29235) [18 ents]
  P27: ancora=(130875,29615) offset=(130698,29475) [18 ents]
  P28: ancora=(131689,29824) offset=(131512,29684) [18 ents]
  P44: ancora=(133682,29833) offset=(133526,29693) [18 ents]
  P45: ancora=(130908,29906) offset=(130800,29766) [18 ents]
  P46: ancora=(132777,29163) offset=(132639,29023) [18 ents]
  P47: ancora=(133682,29153) offset=(133544,29013) [18 ents]
  P48: ancora=(130790,28472) offset=(130613,28332) [18 ents]
  P61: ancora=(131541,28859) offset=(131342,28719) [18 ents]
  P62: ancora=(132524,28487) offset=(132397,28347) [18 ents]
  P63: ancora=(133494,28447) offset=(133317,28307) [18 ents]
  P64: ancora=(130816,27839) offset=(130639,27699) [18 ents]
  P65: ancora=(131722,27829) offset=(131545,27689) [18 ents]
  P66: ancora=(132734,27824) offset=(132567,27684) [18 ents]

[RESULTADO]
  Pilares consolidados: 17/17
  Output: D:\Agente-cad-PYSIDE\DADOS-OBRAS\Obra_TREINO_10\Fase-6_Execucao_CAD\PL_gerado.dxf
  Validação: 306 entidades no PL_gerado.dxf
  Relatório: D:\Agente-cad-PYSIDE\DADOS-OBRAS\Obra_TREINO_10\Fase-6_Execucao_CAD\consolidacao_pilares.json
[INFO] === consolidar_dxf_vigas.py | Obra_TREINO_10 ===
  V3: ancora=(131184,33979) [13 ents]
  V4: ancora=(131187,33552) [13 ents]
  V7: ancora=(132699,34005) [13 ents]
  V12: ancora=(132699,33528) [13 ents]
  V16: ancora=(129526,32829) [13 ents]
  V17: ancora=(134341,33534) [13 ents]
  V22B: ancora=(131171,32852) [13 ents]
  V23: ancora=(132708,32869) [13 ents]
  V39: ancora=(133911,32654) [13 ents]
  V40: ancora=(0,0) [13 ents]
  V40A: ancora=(131047,32390) [13 ents]
  V41: ancora=(131156,31720) [13 ents]
  V42: ancora=(131156,31336) [13 ents]
  V43: ancora=(132834,31719) [13 ents]
  V44: ancora=(132836,31360) [13 ents]
  V46: ancora=(134399,31709) [13 ents]
  V47: ancora=(129528,30574) [13 ents]
  V48: ancora=(130980,30555) [13 ents]
  V50: ancora=(134293,34010) [13 ents]
  V51: ancora=(132854,30072) [10 ents]

[RESULTADO]
  LV_gerado.dxf: 20 vigas (257 entidades)
  FV_gerado.dxf: 20 vigas offset (257 entidades)
  Sem ancora: ['V40']
usage: consolidar_dxf_lajes.py [-h] --obra OBRA
consolidar_dxf_lajes.py: error: unrecognized arguments: --pavimento 2SS - TRECHO 1
[INFO] === validar_dxf_coletivo.py | Obra_TREINO_10 | 2SS - TRECHO 1 ===

  [PILARES]
    GT: 17 | Gerado: 17 | Corretos: 17
    id_match: 100.0% | hallucination: 0.0%
    SCORE: 100.0% — APROVADO

  [VIGAS]
    GT: 21 | Gerado: 20 | Corretos: 20
    id_match: 95.2% | hallucination: 0.0%
    SCORE: 97.1% — APROVADO
    Missing: ['V73']
  [SKIP] lajes: GT não encontrado (lajes_ground_truth.json)

[RESULTADO GLOBAL]
  Score global: 98.7%
  Status: APROVADO (>=90%)

[INFO] Salvo: D:\Agente-cad-PYSIDE\DADOS-OBRAS\Obra_TREINO_10\Fase-6_Execucao_CAD\validation_coletivo.json
[INFO] Processando 17 pilares \u2192 obras_salvas.json
[INFO]   P23: 92x40cm grade_1=0
[INFO]   P24: 92x40cm grade_1=0
[INFO]   P25: 64x19cm grade_1=0
[INFO]   P26: 64x19cm grade_1=0
[INFO]   P27: 92x40cm grade_1=0
[INFO]   P28: 92x40cm grade_1=0
[INFO]   P44: 71x40cm grade_1=0
[INFO]   P45: 36x27cm grade_1=0
[INFO]   P46: 53x40cm grade_1=0
[INFO]   P47: 53x40cm grade_1=0
[INFO]   P48: 92x40cm grade_1=0
[INFO]   P61: 92x62cm grade_1=0
[INFO]   P62: 42x40cm grade_1=0
[INFO]   P63: 92x40cm grade_1=0
[INFO]   P64: 92x40cm grade_1=0
[INFO]   P65: 92x40cm grade_1=0
[INFO]   P66: 82x40cm grade_1=0
[INFO] \u2705 obras_salvas.json gerado: 17 pilares \u2192 D:\Agente-cad-PYSIDE\DADOS-OBRAS\Obra_TREINO_10\Fase-4_Sincronizacao\obras_salvas.json
[INFO] \u2705 pavimentos_lista.json gerado \u2192 D:\Agente-cad-PYSIDE\DADOS-OBRAS\Obra_TREINO_10\Fase-4_Sincronizacao\pavimentos_lista.json

============================================================
PIPELINE E2E — Obra_TREINO_10 | 2SS - TRECHO 1
============================================================

[FASE 1] Descoberta de DXFs
  [SKIP] dxf_discovery.json ja existe e contem Obra_TREINO_10

[FASE 2] Engenharia Reversa (Ground Truth)
  [RUN] engenharia_reversa_dxf.py ...
        -> OK (198.8s)

[FASE 3] Extração Dimensional
  [RUN] extrair_bh_pilares.py ...
        -> OK (78.1s)
  [RUN] extrair_vigas_lv.py ...
        -> OK (18.8s)
  [RUN] extrair_lajes_lj.py ...
        -> OK (17.7s)
  [RUN] extrair_garfos_evg.py ...
        -> FALHOU (code 1) (0.6s)
  [RUN] extrair_largura_vigas.py ...
        -> FALHOU (code 2) (0.0s)
  [RUN] extrair_assembly_pl.py ...
        -> FALHOU (code 2) (0.6s)
  [RUN] integrar_fichas_fase3.py ...
        -> OK (0.1s)

[FASE 4] Motor Fase 4 (Transformacao Fase-3 -> Fase-4)
  [CLEAN] Removendo 17 JSONs antigos de JSON_Pilares/
  [CLEAN] Removendo 40 JSONs antigos de JSON_Vigas_Laterais/
  [CLEAN] Removendo 20 JSONs antigos de JSON_Vigas_Fundo/
  [RUN] motor_fase4.py ...
        -> OK (0.2s)

[FASE 5] Geração DXF Individual
  [CLEAN] Removendo 17 DXFs antigos de DXF_Pilares/
  [CLEAN] Removendo 20 DXFs antigos de DXF_Vigas/
  [RUN] gerar_dxf_pilares.py ...
        -> OK (0.7s)
  [RUN] gerar_dxf_vigas.py ...
        -> OK (0.8s)
  [RUN] gerar_dxf_lajes.py ...
        -> FALHOU (code 1) (0.6s)

[FASE 5b] Comparação DXF Individual vs STOG
  [RUN] comparar_dxf.py ...
        -> OK (1.2s)

[FASE 6] Extração de Âncoras (coords absolutas)
  [RUN] extrair_ancoras_dxf.py ...
        -> OK (445.9s)

[FASE 7] Consolidação DXF Coletivo
  [RUN] consolidar_dxf_pilares.py ...
        -> OK (0.9s)
  [RUN] consolidar_dxf_vigas.py ...
        -> OK (0.9s)
  [RUN] consolidar_dxf_lajes.py ...
        -> FALHOU (code 2) (0.6s)

[FASE 8] Validação DXF Coletivo
  [RUN] validar_dxf_coletivo.py ...
        -> OK (0.6s)

[FASE 9] Geração obras_salvas.json (formato robô)
  [RUN] gerar_obras_salvas.py ...
        -> OK (0.1s)

============================================================
PIPELINE CONCLUÍDO — APROVADO
  Score coletivo: 98.7%
  Relatório: D:\Agente-cad-PYSIDE\DADOS-OBRAS\Obra_TREINO_10\Fase-8_Revisao_Entrega\pipeline_report.json
============================================================

[INFO] === engenharia_reversa_dxf.py | Obra: Obra_TREINO_11 | Pav: GWT-1PV ===
[INFO] Diretório: D:\Agente-cad-PYSIDE\DADOS-OBRAS\Obra_TREINO_11\Fase-1_Ingestao\Projetos_Finalizados_para_Engenharia_Reversa
[INFO] Usando caminhos do dxf_discovery.json para pav 'GWT-1PV'
[INFO] PL DXF: NOVA-SCHWARTZ-GWT-1PV-PL-R00_R2018_ASCII_ODA.dxf
[INFO] Pilares extraídos: 26 IDs | Pé Direito: 652.0cm -> D:\Agente-cad-PYSIDE\DADOS-OBRAS\Obra_TREINO_11\Fase-3_Interpretacao_Extracao\Pilares\pilares_ground_truth.json
[INFO] LV DXF: NOVA-SCHWARTZ-GWT-1PV-LV-R00_R2018_ASCII_ODA.dxf
[INFO] Vigas extraídas: 54 IDs -> D:\Agente-cad-PYSIDE\DADOS-OBRAS\Obra_TREINO_11\Fase-3_Interpretacao_Extracao\Vigas\vigas_ground_truth.json
[INFO] LJ DXF: NOVA-SCHWARTZ-GWT-1PV-LJ-R00_R2018_ASCII_ODA.dxf
[INFO] Lajes extraídas: 13 IDs -> D:\Agente-cad-PYSIDE\DADOS-OBRAS\Obra_TREINO_11\Fase-3_Interpretacao_Extracao\Lajes\lajes_ground_truth.json
[INFO] === RESULTADO: 26 pilares (ground truth) ===
[INFO] NOTA: IDs e count são CONFIÁVEIS. B/H requerem revisão manual ou análise visual.
[INFO] Ground truth salvo em: D:\Agente-cad-PYSIDE\DADOS-OBRAS\Obra_TREINO_11\Fase-3_Interpretacao_Extracao
[INFO] === extrair_bh_pilares.py | Obra_TREINO_11 | GWT-1PV ===
[INFO] PL DXF: NOVA-SCHWARTZ-GWT-1PV-PL-R00_R2018_ASCII_ODA.dxf
[INFO] Max distancia proximity: 300.0 unidades DXF
[INFO] Lendo DXF (pode demorar para arquivos grandes)...
[INFO] DXF carregado: 5376 entidades
[INFO] Extraindo posicoes dos pilares (layer Texto Secao)...
[INFO] Pilares encontrados: 26
[INFO] Extraindo DIMENSION entities (layers de cota)...
[INFO] DIMENSIONs de cota encontradas: 451
[INFO] Inverse proximity: 451 dims assignadas a 26 pilares

[RESULTADO] Extracao B/H de Pilares
  Total pilares:      26
  B+H completos:      26 (100.0%)
  Apenas H:           0
  Sem dados:          0

[INFO] Salvo em: D:\Agente-cad-PYSIDE\DADOS-OBRAS\Obra_TREINO_11\Fase-3_Interpretacao_Extracao\Pilares\pilares_bh.json
[INFO] pilares_ground_truth.json atualizado: 26 pilares com B/H

[AMOSTRA] Primeiros 5 pilares extraidos:
  P1: B=19.0cm, H=62.0cm, conf=90%
  P2: B=19.0cm, H=91.0cm, conf=90%
  P3: B=29.0cm, H=71.0cm, conf=90%
  P4: B=49.0cm, H=76.0cm, conf=90%
  P5: B=49.0cm, H=76.0cm, conf=90%
DXF: NOVA-SCHWARTZ-GWT-1PV-LV-R00_R2018_ASCII_ODA.dxf
  Labels encontrados: 54 vigas
  Cota Seção (2x): 0 dims
  COTA: 828 dims

=== RESULTADO ===
  Total vigas: 54
  Com altura_lateral: 0/54
  Com comprimento: 54/54
  Com ambos: 0/54
  Confiança média: 83%
  Output: D:\Agente-cad-PYSIDE\DADOS-OBRAS\Obra_TREINO_11\Fase-3_Interpretacao_Extracao\Vigas\vigas_dim.json

Viga     Alt(cm)    Comp(cm)     Conf     Sides
-------------------------------------------------------
V111     None       244          78%      A+B
V112     None       244          88%      A+B
V312     None       256          88%      A+B
V315     None       244          78%      A+B
V317     None       244          78%      A+B
V322     None       282          88%      A+B
V323     None       244          78%      A
V324     None       310          78%      A+B
V328     None       248          88%      A
V330     None       244          88%      A+B
V331     None       244          88%      A
V332     None       292          88%      A+B
V334     None       292          88%      B
V336     None       292          88%      A+B
V341     None       292          88%      A+B
V343     None       244          88%      A+B
V345     None       244          78%      A
V347     None       292          88%      A+B
V356     None       244          78%      A+B
V357     None       244          78%      A
V358     None       244          78%      A+B
V401     None       324          88%      A+B
V402     None       256          88%      A+B
V403     None       324          78%      A+B
V404     None       247          78%      A+B
V405     None       244          78%      A+B
V406     None       138          78%      A+B
V407     None       244          78%      A+B
V408     None       138          78%      A+B
V409     None       235          88%      A+B
V410     None       244          88%      A+B
V411     None       282          88%      A+B
V412     None       324          88%      A+B
V413     None       324          88%      A+B
V414     None       244          78%      A+B
V415     None       244          88%      A+B
V416     None       292          78%      A+B
V417     None       244          88%      A+B
V418     None       292          78%      A+B
V419     None       300          88%      A+B
V420     None       292          88%      A+B
V421     None       300          78%      A+B
V422     None       144          88%      A+B
V423     None       246          88%      A+B
V424     None       162          78%      B
V425     None       144          88%      A+B
V426     None       144          78%      A+B
V427     None       244          78%      A+B
V428     None       264          88%      A+B
V429     None       324          88%      A+B
V406A    None       138          78%      A+B
V408A    None       138          78%      A+B
V410A    None       246          78%      A+B
V418A    None       162          78%      A+B
[INFO] === extrair_lajes_lj.py | Obra_TREINO_11 | GWT-1PV ===
[INFO] LJ DXF: NOVA-SCHWARTZ-GWT-1PV-LJ-R00_R2018_ASCII_ODA.dxf
[INFO] Lendo DXF...
[INFO] 970 entidades
[INFO] Extraindo labels e codigos de lajes...
[DEBUG] Labels encontrados: ['L1', 'L10', 'L11', 'L12', 'L13', 'L2', 'L3', 'L4', 'L5', 'L6', 'L7', 'L8', 'L9']
[DEBUG] Lajes com paineis AUX00: []
[INFO] Lajes encontradas: 13
[INFO] Construindo fichas com coordenadas...

[RESULTADO] Extracao de Lajes
  Total lajes:        13
  Com dimensoes:      0
  Com coordenadas:    1

[INFO] Salvo em: D:\Agente-cad-PYSIDE\DADOS-OBRAS\Obra_TREINO_11\Fase-3_Interpretacao_Extracao\Lajes\lajes_data.json
[INFO] lajes_ground_truth.json atualizado: 0 lajes com dimensoes

[AMOSTRA] Primeiras lajes:
  L1: NonexNonecm | area=Nonecm2 | coords=0pts | conf=30%
  L2: NonexNonecm | area=Nonecm2 | coords=0pts | conf=30%
  L3: NonexNonecm | area=Nonecm2 | coords=0pts | conf=30%
  L4: NonexNonecm | area=Nonecm2 | coords=0pts | conf=30%
  L5: NonexNonecm | area=Nonecm2 | coords=0pts | conf=30%
  L6: NonexNonecm | area=Nonecm2 | coords=0pts | conf=30%
  L7: NonexNonecm | area=Nonecm2 | coords=0pts | conf=30%
  L8: NonexNonecm | area=Nonecm2 | coords=0pts | conf=30%
ERRO: Nenhum EVG DXF encontrado em D:\Agente-cad-PYSIDE\DADOS-OBRAS\Obra_TREINO_11
C:\Python314\python.exe: can't open file 'D:\\Agente-cad-PYSIDE\\Agente-cad-PYSIDE-Restored-main\\scripts\\extrair_largura_vigas.py': [Errno 2] No such file or directory
usage: extrair_assembly_pl.py [-h] --obra OBRA [--pav PAV] [--output OUTPUT]
extrair_assembly_pl.py: error: unrecognized arguments: --pavimento GWT-1PV
=== VIGAS ===
  AVISO: vigas_largura.json nao encontrado — usando b=15cm (default)
  AVISO: Viga V111: altura_lateral=0, usando h=40
  AVISO: Viga V112: altura_lateral=0, usando h=40
  AVISO: Viga V312: altura_lateral=0, usando h=40
  AVISO: Viga V315: altura_lateral=0, usando h=40
  AVISO: Viga V317: altura_lateral=0, usando h=40
  AVISO: Viga V322: altura_lateral=0, usando h=40
  AVISO: Viga V323: altura_lateral=0, usando h=40
  AVISO: Viga V324: altura_lateral=0, usando h=40
  AVISO: Viga V328: altura_lateral=0, usando h=40
  AVISO: Viga V330: altura_lateral=0, usando h=40
  AVISO: Viga V331: altura_lateral=0, usando h=40
  AVISO: Viga V332: altura_lateral=0, usando h=40
  AVISO: Viga V334: altura_lateral=0, usando h=40
  AVISO: Viga V336: altura_lateral=0, usando h=40
  AVISO: Viga V341: altura_lateral=0, usando h=40
  AVISO: Viga V343: altura_lateral=0, usando h=40
  AVISO: Viga V345: altura_lateral=0, usando h=40
  AVISO: Viga V347: altura_lateral=0, usando h=40
  AVISO: Viga V356: altura_lateral=0, usando h=40
  AVISO: Viga V357: altura_lateral=0, usando h=40
  AVISO: Viga V358: altura_lateral=0, usando h=40
  AVISO: Viga V401: altura_lateral=0, usando h=40
  AVISO: Viga V402: altura_lateral=0, usando h=40
  AVISO: Viga V403: altura_lateral=0, usando h=40
  AVISO: Viga V404: altura_lateral=0, usando h=40
  AVISO: Viga V405: altura_lateral=0, usando h=40
  AVISO: Viga V406: altura_lateral=0, usando h=40
  AVISO: Viga V407: altura_lateral=0, usando h=40
  AVISO: Viga V408: altura_lateral=0, usando h=40
  AVISO: Viga V409: altura_lateral=0, usando h=40
  AVISO: Viga V410: altura_lateral=0, usando h=40
  AVISO: Viga V411: altura_lateral=0, usando h=40
  AVISO: Viga V412: altura_lateral=0, usando h=40
  AVISO: Viga V413: altura_lateral=0, usando h=40
  AVISO: Viga V414: altura_lateral=0, usando h=40
  AVISO: Viga V415: altura_lateral=0, usando h=40
  AVISO: Viga V416: altura_lateral=0, usando h=40
  AVISO: Viga V417: altura_lateral=0, usando h=40
  AVISO: Viga V418: altura_lateral=0, usando h=40
  AVISO: Viga V419: altura_lateral=0, usando h=40
  AVISO: Viga V420: altura_lateral=0, usando h=40
  AVISO: Viga V421: altura_lateral=0, usando h=40
  AVISO: Viga V422: altura_lateral=0, usando h=40
  AVISO: Viga V423: altura_lateral=0, usando h=40
  AVISO: Viga V424: altura_lateral=0, usando h=40
  AVISO: Viga V425: altura_lateral=0, usando h=40
  AVISO: Viga V426: altura_lateral=0, usando h=40
  AVISO: Viga V427: altura_lateral=0, usando h=40
  AVISO: Viga V428: altura_lateral=0, usando h=40
  AVISO: Viga V429: altura_lateral=0, usando h=40
  AVISO: Viga V406A: altura_lateral=0, usando h=40
  AVISO: Viga V408A: altura_lateral=0, usando h=40
  AVISO: Viga V410A: altura_lateral=0, usando h=40
  AVISO: Viga V418A: altura_lateral=0, usando h=40
  vigas.json atualizado: 54 vigas
    V111: b=15.0cm h=40.0cm L=244.0cm
    V112: b=15.0cm h=40.0cm L=244.0cm
    V312: b=15.0cm h=40.0cm L=256.0cm
    V315: b=15.0cm h=40.0cm L=244.0cm
    V317: b=15.0cm h=40.0cm L=244.0cm
    V322: b=15.0cm h=40.0cm L=281.5cm
    V323: b=15.0cm h=40.0cm L=244.0cm
    V324: b=15.0cm h=40.0cm L=309.5cm
    V328: b=15.0cm h=40.0cm L=247.5cm
    V330: b=15.0cm h=40.0cm L=244.0cm
    V331: b=15.0cm h=40.0cm L=244.0cm
    V332: b=15.0cm h=40.0cm L=292.5cm
    V334: b=15.0cm h=40.0cm L=292.5cm
    V336: b=15.0cm h=40.0cm L=292.5cm
    V341: b=15.0cm h=40.0cm L=292.5cm
    V343: b=15.0cm h=40.0cm L=244.0cm
    V345: b=15.0cm h=40.0cm L=244.0cm
    V347: b=15.0cm h=40.0cm L=292.5cm
    V356: b=15.0cm h=40.0cm L=244.0cm
    V357: b=15.0cm h=40.0cm L=244.0cm
    V358: b=15.0cm h=40.0cm L=244.0cm
    V401: b=15.0cm h=40.0cm L=324.0cm
    V402: b=15.0cm h=40.0cm L=256.0cm
    V403: b=15.0cm h=40.0cm L=324.0cm
    V404: b=15.0cm h=40.0cm L=247.0cm
    V405: b=15.0cm h=40.0cm L=244.0cm
    V406: b=15.0cm h=40.0cm L=138.0cm
    V407: b=15.0cm h=40.0cm L=244.0cm
    V408: b=15.0cm h=40.0cm L=138.0cm
    V409: b=15.0cm h=40.0cm L=235.0cm
    V410: b=15.0cm h=40.0cm L=244.0cm
    V411: b=15.0cm h=40.0cm L=281.5cm
    V412: b=15.0cm h=40.0cm L=324.0cm
    V413: b=15.0cm h=40.0cm L=324.0cm
    V414: b=15.0cm h=40.0cm L=244.0cm
    V415: b=15.0cm h=40.0cm L=244.0cm
    V416: b=15.0cm h=40.0cm L=292.5cm
    V417: b=15.0cm h=40.0cm L=244.0cm
    V418: b=15.0cm h=40.0cm L=292.5cm
    V419: b=15.0cm h=40.0cm L=300.0cm
    V420: b=15.0cm h=40.0cm L=292.5cm
    V421: b=15.0cm h=40.0cm L=300.0cm
    V422: b=15.0cm h=40.0cm L=144.0cm
    V423: b=15.0cm h=40.0cm L=246.0cm
    V424: b=15.0cm h=40.0cm L=162.0cm
    V425: b=15.0cm h=40.0cm L=144.0cm
    V426: b=15.0cm h=40.0cm L=144.0cm
    V427: b=15.0cm h=40.0cm L=244.0cm
    V428: b=15.0cm h=40.0cm L=264.0cm
    V429: b=15.0cm h=40.0cm L=324.0cm
    V406A: b=15.0cm h=40.0cm L=138.0cm
    V408A: b=15.0cm h=40.0cm L=138.0cm
    V410A: b=15.0cm h=40.0cm L=246.0cm
    V418A: b=15.0cm h=40.0cm L=162.0cm

=== LAJES ===
  AVISO: lajes_poligono.json nao encontrado, usando lajes_data.json
  AVISO: Laje L1: dimensoes invalidas, usando 100x100
  AVISO: Laje L2: dimensoes invalidas, usando 100x100
  AVISO: Laje L3: dimensoes invalidas, usando 100x100
  AVISO: Laje L4: dimensoes invalidas, usando 100x100
  AVISO: Laje L5: dimensoes invalidas, usando 100x100
  AVISO: Laje L6: dimensoes invalidas, usando 100x100
  AVISO: Laje L7: dimensoes invalidas, usando 100x100
  AVISO: Laje L8: dimensoes invalidas, usando 100x100
  AVISO: Laje L9: dimensoes invalidas, usando 100x100
  AVISO: Laje L10: dimensoes invalidas, usando 100x100
  AVISO: Laje L11: dimensoes invalidas, usando 100x100
  AVISO: Laje L12: dimensoes invalidas, usando 100x100
  AVISO: Laje L13: dimensoes invalidas, usando 100x100
  lajes.json atualizado: 13 lajes
    L1: 100.0x100.0cm area=10000 [label-only]
    L2: 100.0x100.0cm area=10000 [label-only]
    L3: 100.0x100.0cm area=10000 [label-only]
    L4: 100.0x100.0cm area=10000 [label-only]
    L5: 100.0x100.0cm area=10000 [label-only]
    L6: 100.0x100.0cm area=10000 [label-only]
    L7: 100.0x100.0cm area=10000 [label-only]
    L8: 100.0x100.0cm area=10000 [label-only]
    L9: 100.0x100.0cm area=10000 [label-only]
    L10: 100.0x100.0cm area=10000 [label-only]
    L11: 100.0x100.0cm area=10000 [label-only]
    L12: 100.0x100.0cm area=10000 [label-only]
    L13: 100.0x100.0cm area=10000 [label-only]

=== INTEGRACAO COMPLETA: 54 vigas + 13 lajes ===
  Proximos passos: python scripts/motor_fase4.py --obra D:\Agente-cad-PYSIDE\DADOS-OBRAS\Obra_TREINO_11
[INFO] === motor_fase4.py | Obra: Obra_TREINO_11 | Pav: GWT-1PV ===
[INFO] Carregado: D:\Agente-cad-PYSIDE\DADOS-OBRAS\Obra_TREINO_11\Fase-3_Interpretacao_Extracao\Pilares\pilares_bh.json (27 itens)
[WARNING] pilares_assembly.json nao encontrado — grades ficarao zeradas
[INFO]   \u2705 Pilar P1: 62.0x19.0cm, h=280.0cm
[INFO]   \u2705 Pilar P2: 91.0x19.0cm, h=280.0cm
[INFO]   \u2705 Pilar P3: 71.0x29.0cm, h=280.0cm
[INFO]   \u2705 Pilar P4: 76.0x49.0cm, h=280.0cm
[INFO]   \u2705 Pilar P5: 76.0x49.0cm, h=280.0cm
[INFO]   \u2705 Pilar P6: 76.0x49.0cm, h=280.0cm
[INFO]   \u2705 Pilar P7: 76.0x34.0cm, h=280.0cm
[INFO]   \u2705 Pilar P8: 91.0x19.0cm, h=280.0cm
[INFO]   \u2705 Pilar P9: 91.0x19.0cm, h=280.0cm
[INFO]   \u2705 Pilar P10: 69.0x19.0cm, h=280.0cm
[INFO]   \u2705 Pilar P11: 91.0x65.0cm, h=280.0cm
[INFO]   \u2705 Pilar P12: 49.0x44.0cm, h=280.0cm
[INFO]   \u2705 Pilar P13: 34.0x24.0cm, h=280.0cm
[INFO]   \u2705 Pilar P14: 91.0x67.0cm, h=280.0cm
[INFO]   \u2705 Pilar P15: 44.0x24.0cm, h=280.0cm
[INFO]   \u2705 Pilar P16: 26.0x19.0cm, h=280.0cm
[INFO]   \u2705 Pilar P17: 83.0x26.0cm, h=280.0cm
[INFO]   \u2705 Pilar P18: 29.0x26.0cm, h=280.0cm
[INFO]   \u2705 Pilar P19: 81.0x24.0cm, h=280.0cm
[INFO]   \u2705 Pilar P20: 51.0x19.0cm, h=280.0cm
[INFO]   \u2705 Pilar P21: 91.0x19.0cm, h=280.0cm
[INFO]   \u2705 Pilar P22: 76.0x34.0cm, h=280.0cm
[INFO]   \u2705 Pilar P23: 76.0x49.0cm, h=280.0cm
[INFO]   \u2705 Pilar P24: 76.0x49.0cm, h=280.0cm
[INFO]   \u2705 Pilar P25: 76.0x49.0cm, h=280.0cm
[INFO]   \u2705 Pilar P26: 76.0x34.0cm, h=280.0cm
[INFO] Pilares: 26 processados -> D:\Agente-cad-PYSIDE\DADOS-OBRAS\Obra_TREINO_11\Fase-4_Sincronizacao\pilares_salvos.json
[INFO] Carregado: D:\Agente-cad-PYSIDE\DADOS-OBRAS\Obra_TREINO_11\Fase-3_Interpretacao_Extracao\Vigas\vigas.json (55 itens)
[INFO]   \u2705 Viga V111: b=15.0cm, h=40.0cm, L=244.0cm -> A+B
[INFO]   \u2705 Viga V112: b=15.0cm, h=40.0cm, L=244.0cm -> A+B
[INFO]   \u2705 Viga V312: b=15.0cm, h=40.0cm, L=256.0cm -> A+B
[INFO]   \u2705 Viga V315: b=15.0cm, h=40.0cm, L=244.0cm -> A+B
[INFO]   \u2705 Viga V317: b=15.0cm, h=40.0cm, L=244.0cm -> A+B
[INFO]   \u2705 Viga V322: b=15.0cm, h=40.0cm, L=281.5cm -> A+B
[INFO]   \u2705 Viga V323: b=15.0cm, h=40.0cm, L=244.0cm -> A+B
[INFO]   \u2705 Viga V324: b=15.0cm, h=40.0cm, L=309.5cm -> A+B
[INFO]   \u2705 Viga V328: b=15.0cm, h=40.0cm, L=247.5cm -> A+B
[INFO]   \u2705 Viga V330: b=15.0cm, h=40.0cm, L=244.0cm -> A+B
[INFO]   \u2705 Viga V331: b=15.0cm, h=40.0cm, L=244.0cm -> A+B
[INFO]   \u2705 Viga V332: b=15.0cm, h=40.0cm, L=292.5cm -> A+B
[INFO]   \u2705 Viga V334: b=15.0cm, h=40.0cm, L=292.5cm -> A+B
[INFO]   \u2705 Viga V336: b=15.0cm, h=40.0cm, L=292.5cm -> A+B
[INFO]   \u2705 Viga V341: b=15.0cm, h=40.0cm, L=292.5cm -> A+B
[INFO]   \u2705 Viga V343: b=15.0cm, h=40.0cm, L=244.0cm -> A+B
[INFO]   \u2705 Viga V345: b=15.0cm, h=40.0cm, L=244.0cm -> A+B
[INFO]   \u2705 Viga V347: b=15.0cm, h=40.0cm, L=292.5cm -> A+B
[INFO]   \u2705 Viga V356: b=15.0cm, h=40.0cm, L=244.0cm -> A+B
[INFO]   \u2705 Viga V357: b=15.0cm, h=40.0cm, L=244.0cm -> A+B
[INFO]   \u2705 Viga V358: b=15.0cm, h=40.0cm, L=244.0cm -> A+B
[INFO]   \u2705 Viga V401: b=15.0cm, h=40.0cm, L=324.0cm -> A+B
[INFO]   \u2705 Viga V402: b=15.0cm, h=40.0cm, L=256.0cm -> A+B
[INFO]   \u2705 Viga V403: b=15.0cm, h=40.0cm, L=324.0cm -> A+B
[INFO]   \u2705 Viga V404: b=15.0cm, h=40.0cm, L=247.0cm -> A+B
[INFO]   \u2705 Viga V405: b=15.0cm, h=40.0cm, L=244.0cm -> A+B
[INFO]   \u2705 Viga V406: b=15.0cm, h=40.0cm, L=138.0cm -> A+B
[INFO]   \u2705 Viga V407: b=15.0cm, h=40.0cm, L=244.0cm -> A+B
[INFO]   \u2705 Viga V408: b=15.0cm, h=40.0cm, L=138.0cm -> A+B
[INFO]   \u2705 Viga V409: b=15.0cm, h=40.0cm, L=235.0cm -> A+B
[INFO]   \u2705 Viga V410: b=15.0cm, h=40.0cm, L=244.0cm -> A+B
[INFO]   \u2705 Viga V411: b=15.0cm, h=40.0cm, L=281.5cm -> A+B
[INFO]   \u2705 Viga V412: b=15.0cm, h=40.0cm, L=324.0cm -> A+B
[INFO]   \u2705 Viga V413: b=15.0cm, h=40.0cm, L=324.0cm -> A+B
[INFO]   \u2705 Viga V414: b=15.0cm, h=40.0cm, L=244.0cm -> A+B
[INFO]   \u2705 Viga V415: b=15.0cm, h=40.0cm, L=244.0cm -> A+B
[INFO]   \u2705 Viga V416: b=15.0cm, h=40.0cm, L=292.5cm -> A+B
[INFO]   \u2705 Viga V417: b=15.0cm, h=40.0cm, L=244.0cm -> A+B
[INFO]   \u2705 Viga V418: b=15.0cm, h=40.0cm, L=292.5cm -> A+B
[INFO]   \u2705 Viga V419: b=15.0cm, h=40.0cm, L=300.0cm -> A+B
[INFO]   \u2705 Viga V420: b=15.0cm, h=40.0cm, L=292.5cm -> A+B
[INFO]   \u2705 Viga V421: b=15.0cm, h=40.0cm, L=300.0cm -> A+B
[INFO]   \u2705 Viga V422: b=15.0cm, h=40.0cm, L=144.0cm -> A+B
[INFO]   \u2705 Viga V423: b=15.0cm, h=40.0cm, L=246.0cm -> A+B
[INFO]   \u2705 Viga V424: b=15.0cm, h=40.0cm, L=162.0cm -> A+B
[INFO]   \u2705 Viga V425: b=15.0cm, h=40.0cm, L=144.0cm -> A+B
[INFO]   \u2705 Viga V426: b=15.0cm, h=40.0cm, L=144.0cm -> A+B
[INFO]   \u2705 Viga V427: b=15.0cm, h=40.0cm, L=244.0cm -> A+B
[INFO]   \u2705 Viga V428: b=15.0cm, h=40.0cm, L=264.0cm -> A+B
[INFO]   \u2705 Viga V429: b=15.0cm, h=40.0cm, L=324.0cm -> A+B
[INFO]   \u2705 Viga V406A: b=15.0cm, h=40.0cm, L=138.0cm -> A+B
[INFO]   \u2705 Viga V408A: b=15.0cm, h=40.0cm, L=138.0cm -> A+B
[INFO]   \u2705 Viga V410A: b=15.0cm, h=40.0cm, L=246.0cm -> A+B
[INFO]   \u2705 Viga V418A: b=15.0cm, h=40.0cm, L=162.0cm -> A+B
[INFO] Vigas: 54 processadas -> D:\Agente-cad-PYSIDE\DADOS-OBRAS\Obra_TREINO_11\Fase-4_Sincronizacao\vigas_salvas.json
[INFO] Carregado: D:\Agente-cad-PYSIDE\DADOS-OBRAS\Obra_TREINO_11\Fase-3_Interpretacao_Extracao\Lajes\lajes.json (14 itens)
[INFO]   \u2705 Laje L1: 100.0x100.0cm, 1 cortes
[INFO]   \u2705 Laje L2: 100.0x100.0cm, 1 cortes
[INFO]   \u2705 Laje L3: 100.0x100.0cm, 1 cortes
[INFO]   \u2705 Laje L4: 100.0x100.0cm, 1 cortes
[INFO]   \u2705 Laje L5: 100.0x100.0cm, 1 cortes
[INFO]   \u2705 Laje L6: 100.0x100.0cm, 1 cortes
[INFO]   \u2705 Laje L7: 100.0x100.0cm, 1 cortes
[INFO]   \u2705 Laje L8: 100.0x100.0cm, 1 cortes
[INFO]   \u2705 Laje L9: 100.0x100.0cm, 1 cortes
[INFO]   \u2705 Laje L10: 100.0x100.0cm, 1 cortes
[INFO]   \u2705 Laje L11: 100.0x100.0cm, 1 cortes
[INFO]   \u2705 Laje L12: 100.0x100.0cm, 1 cortes
[INFO]   \u2705 Laje L13: 100.0x100.0cm, 1 cortes
[INFO] Lajes: 13 processadas -> D:\Agente-cad-PYSIDE\DADOS-OBRAS\Obra_TREINO_11\Fase-4_Sincronizacao\lajes_salvas.json
[INFO] obras_salvas.json: 26 pilares \u2192 D:\Agente-cad-PYSIDE\DADOS-OBRAS\Obra_TREINO_11\Fase-4_Sincronizacao\obras_salvas.json
[INFO] === RESULTADO: 26 pilares, 54 vigas, 13 lajes | 0 erros ===
  pilares_bh.json: 27 pilares

=== GERANDO DXF PILARES (26 pilares) ===
  P1: b=19 h=62 paineis=12 alt=280cm [BH-extraido]
  P10: b=19 h=69 paineis=12 alt=280cm [BH-extraido]
  P11: b=65 h=91 paineis=12 alt=280cm [BH-extraido]
  P12: b=44 h=49 paineis=12 alt=280cm [BH-extraido]
  P13: b=24 h=34 paineis=12 alt=280cm [BH-extraido]
  P14: b=67 h=91 paineis=12 alt=280cm [BH-extraido]
  P15: b=24 h=44 paineis=12 alt=280cm [BH-extraido]
  P16: b=19 h=26 paineis=12 alt=280cm [BH-extraido]
  P17: b=26 h=83 paineis=12 alt=280cm [BH-extraido]
  P18: b=26 h=29 paineis=12 alt=280cm [BH-extraido]
  P19: b=24 h=81 paineis=12 alt=280cm [BH-extraido]
  P2: b=19 h=91 paineis=12 alt=280cm [BH-extraido]
  P20: b=19 h=51 paineis=12 alt=280cm [BH-extraido]
  P21: b=19 h=91 paineis=12 alt=280cm [BH-extraido]
  P22: b=34 h=76 paineis=12 alt=280cm [BH-extraido]
  P23: b=49 h=76 paineis=12 alt=280cm [BH-extraido]
  P24: b=49 h=76 paineis=12 alt=280cm [BH-extraido]
  P25: b=49 h=76 paineis=12 alt=280cm [BH-extraido]
  P26: b=34 h=76 paineis=12 alt=280cm [BH-extraido]
  P3: b=29 h=71 paineis=12 alt=280cm [BH-extraido]
  P4: b=49 h=76 paineis=12 alt=280cm [BH-extraido]
  P5: b=49 h=76 paineis=12 alt=280cm [BH-extraido]
  P6: b=49 h=76 paineis=12 alt=280cm [BH-extraido]
  P7: b=34 h=76 paineis=12 alt=280cm [BH-extraido]
  P8: b=19 h=91 paineis=12 alt=280cm [BH-extraido]
  P9: b=19 h=91 paineis=12 alt=280cm [BH-extraido]

=== RESULTADO: 26 DXFs gerados | 0 erros ===
  Relatorio: D:\Agente-cad-PYSIDE\DADOS-OBRAS\Obra_TREINO_11\Fase-5_Geracao_Scripts\DXF_Pilares\_relatorio.json
  DXFs em: D:\Agente-cad-PYSIDE\DADOS-OBRAS\Obra_TREINO_11\Fase-5_Geracao_Scripts\DXF_Pilares

  Proximo: python scripts/comparar_dxf_pilares.py --obra D:\Agente-cad-PYSIDE\DADOS-OBRAS\Obra_TREINO_11

=== GERANDO DXF VIGAS (54 vigas) ===
  V111: b=15 h=40 L=244cm | paineis A=3 B=3 F=3
  V112: b=15 h=40 L=244cm | paineis A=3 B=3 F=3
  V312: b=15 h=40 L=256cm | paineis A=3 B=3 F=3
  V315: b=15 h=40 L=244cm | paineis A=3 B=3 F=3
  V317: b=15 h=40 L=244cm | paineis A=3 B=3 F=3
  V322: b=15 h=40 L=282cm | paineis A=3 B=3 F=3
  V323: b=15 h=40 L=244cm | paineis A=3 B=3 F=3
  V324: b=15 h=40 L=310cm | paineis A=3 B=3 F=3
  V328: b=15 h=40 L=248cm | paineis A=3 B=3 F=3
  V330: b=15 h=40 L=244cm | paineis A=3 B=3 F=3
  V331: b=15 h=40 L=244cm | paineis A=3 B=3 F=3
  V332: b=15 h=40 L=292cm | paineis A=3 B=3 F=3
  V334: b=15 h=40 L=292cm | paineis A=3 B=3 F=3
  V336: b=15 h=40 L=292cm | paineis A=3 B=3 F=3
  V341: b=15 h=40 L=292cm | paineis A=3 B=3 F=3
  V343: b=15 h=40 L=244cm | paineis A=3 B=3 F=3
  V345: b=15 h=40 L=244cm | paineis A=3 B=3 F=3
  V347: b=15 h=40 L=292cm | paineis A=3 B=3 F=3
  V356: b=15 h=40 L=244cm | paineis A=3 B=3 F=3
  V357: b=15 h=40 L=244cm | paineis A=3 B=3 F=3
  V358: b=15 h=40 L=244cm | paineis A=3 B=3 F=3
  V401: b=15 h=40 L=324cm | paineis A=3 B=3 F=3
  V402: b=15 h=40 L=256cm | paineis A=3 B=3 F=3
  V403: b=15 h=40 L=324cm | paineis A=3 B=3 F=3
  V404: b=15 h=40 L=247cm | paineis A=3 B=3 F=3
  V405: b=15 h=40 L=244cm | paineis A=3 B=3 F=3
  V406: b=15 h=40 L=138cm | paineis A=2 B=2 F=2
  V407: b=15 h=40 L=244cm | paineis A=3 B=3 F=3
  V408: b=15 h=40 L=138cm | paineis A=2 B=2 F=2
  V409: b=15 h=40 L=235cm | paineis A=2 B=2 F=2
  V410: b=15 h=40 L=244cm | paineis A=3 B=3 F=3
  V411: b=15 h=40 L=282cm | paineis A=3 B=3 F=3
  V412: b=15 h=40 L=324cm | paineis A=3 B=3 F=3
  V413: b=15 h=40 L=324cm | paineis A=3 B=3 F=3
  V414: b=15 h=40 L=244cm | paineis A=3 B=3 F=3
  V415: b=15 h=40 L=244cm | paineis A=3 B=3 F=3
  V416: b=15 h=40 L=292cm | paineis A=3 B=3 F=3
  V417: b=15 h=40 L=244cm | paineis A=3 B=3 F=3
  V418: b=15 h=40 L=292cm | paineis A=3 B=3 F=3
  V419: b=15 h=40 L=300cm | paineis A=3 B=3 F=3
  V420: b=15 h=40 L=292cm | paineis A=3 B=3 F=3
  V421: b=15 h=40 L=300cm | paineis A=3 B=3 F=3
  V422: b=15 h=40 L=144cm | paineis A=2 B=2 F=2
  V423: b=15 h=40 L=246cm | paineis A=3 B=3 F=3
  V424: b=15 h=40 L=162cm | paineis A=2 B=2 F=2
  V425: b=15 h=40 L=144cm | paineis A=2 B=2 F=2
  V426: b=15 h=40 L=144cm | paineis A=2 B=2 F=2
  V427: b=15 h=40 L=244cm | paineis A=3 B=3 F=3
  V428: b=15 h=40 L=264cm | paineis A=3 B=3 F=3
  V429: b=15 h=40 L=324cm | paineis A=3 B=3 F=3
  V406A: b=15 h=40 L=138cm | paineis A=2 B=2 F=2
  V408A: b=15 h=40 L=138cm | paineis A=2 B=2 F=2
  V410A: b=15 h=40 L=246cm | paineis A=3 B=3 F=3
  V418A: b=15 h=40 L=162cm | paineis A=2 B=2 F=2

=== RESULTADO: 54 DXFs gerados | 0 erros ===
  Relatorio: D:\Agente-cad-PYSIDE\DADOS-OBRAS\Obra_TREINO_11\Fase-5_Geracao_Scripts\DXF_Vigas\_relatorio.json
  DXFs em: D:\Agente-cad-PYSIDE\DADOS-OBRAS\Obra_TREINO_11\Fase-5_Geracao_Scripts\DXF_Vigas

  Proximo: python scripts/comparar_dxf_vigas.py --obra D:\Agente-cad-PYSIDE\DADOS-OBRAS\Obra_TREINO_11

=== GERANDO DXF LAJES (13 lajes) ===
  L1: 100.0x100.0cm paineis=2x1 area=10000cm2
  L2: 100.0x100.0cm paineis=2x1 area=10000cm2
  L3: 100.0x100.0cm paineis=2x1 area=10000cm2
  L4: 100.0x100.0cm paineis=2x1 area=10000cm2
  L5: 100.0x100.0cm paineis=2x1 area=10000cm2
  L6: 100.0x100.0cm paineis=2x1 area=10000cm2
  L7: 100.0x100.0cm paineis=2x1 area=10000cm2
  L8: 100.0x100.0cm paineis=2x1 area=10000cm2
  L9: 100.0x100.0cm paineis=2x1 area=10000cm2
  L10: 100.0x100.0cm paineis=2x1 area=10000cm2
  L11: 100.0x100.0cm paineis=2x1 area=10000cm2
  L12: 100.0x100.0cm paineis=2x1 area=10000cm2
  L13: 100.0x100.0cm paineis=2x1 area=10000cm2

=== RESULTADO: 13 DXFs gerados | 0 erros ===
  Relatorio: D:\Agente-cad-PYSIDE\DADOS-OBRAS\Obra_TREINO_11\Fase-5_Geracao_Scripts\DXF_Lajes\_relatorio.json
  DXFs em: D:\Agente-cad-PYSIDE\DADOS-OBRAS\Obra_TREINO_11\Fase-5_Geracao_Scripts\DXF_Lajes

  Proximo: python scripts/comparar_dxf.py --obra D:\Agente-cad-PYSIDE\DADOS-OBRAS\Obra_TREINO_11

=== COMPARADOR DXF vs. GROUND TRUTH (tol=5.0%) ===

--- PILARES ---
  Match rate: 100.0% (26/26)
  Erro médio: 0.0%

--- VIGAS ---
  Match rate: 100.0% (54/54)
  Erro médio: 0.0%

--- LAJES ---
  Match rate: 92.3% (12/13)
  Erro médio: 3.4%
  DIFF L9: ref 100.0x100.0 | gen 110.5x22.3 | err=44.1%

=== SCORE GERAL: 97.4% (PASS | meta: 75.0%) ===
  Pilares: 100.0% | Vigas: 100.0% | Lajes: 92.3%

  Relatorio: D:\Agente-cad-PYSIDE\DADOS-OBRAS\Obra_TREINO_11\Fase-5_Geracao_Scripts\_relatorio_comparacao.json
[INFO] === extrair_ancoras_dxf.py | Obra_TREINO_11 | GWT-1PV ===
[INFO] PL DXF: NOVA-SCHWARTZ-GWT-1PV-PL-R00_R2018_ASCII_ODA.dxf
[INFO] Pilares: 26 ancoras extraidas do PL DXF
[INFO] Salvo: D:\Agente-cad-PYSIDE\DADOS-OBRAS\Obra_TREINO_11\Fase-3_Interpretacao_Extracao\ancoras_pilares.json (26 pilares)
[INFO] LV DXF: NOVA-SCHWARTZ-GWT-1PV-LV-R00_R2018_ASCII_ODA.dxf
[INFO] Vigas: 0 ancoras extraidas do LV DXF
[INFO] Salvo: D:\Agente-cad-PYSIDE\DADOS-OBRAS\Obra_TREINO_11\Fase-3_Interpretacao_Extracao\ancoras_vigas.json (0 vigas)
[INFO] LJ DXF: NOVA-SCHWARTZ-GWT-1PV-LJ-R00_R2018_ASCII_ODA.dxf
[INFO] Lajes: 13 ancoras extraidas do LJ DXF
[INFO] Salvo: D:\Agente-cad-PYSIDE\DADOS-OBRAS\Obra_TREINO_11\Fase-3_Interpretacao_Extracao\ancoras_lajes.json (13 lajes)

[RESULTADO]
  Pilares: 26 ancoras
  Vigas:   0 ancoras
  Lajes:   13 ancoras

  STATUS: PARCIAL (cobertura baixa)
[INFO] === consolidar_dxf_pilares.py | Obra_TREINO_11 | GWT-1PV ===
  P1: ancora=(16732,15344) offset=(16606,15204) [18 ents]
  P2: ancora=(18004,15338) offset=(17849,15198) [18 ents]
  P3: ancora=(16650,13447) offset=(16505,13307) [18 ents]
  P4: ancora=(17893,14522) offset=(17723,14382) [18 ents]
  P5: ancora=(18454,13342) offset=(18284,13202) [18 ents]
  P6: ancora=(15562,12662) offset=(15392,12522) [18 ents]
  P7: ancora=(16634,12670) offset=(16479,12530) [18 ents]
  P8: ancora=(17989,13454) offset=(17834,13314) [18 ents]
  P9: ancora=(19289,15332) offset=(19134,15192) [18 ents]
  P10: ancora=(15613,11890) offset=(15480,11750) [18 ents]
  P11: ancora=(16718,11604) offset=(16517,11464) [18 ents]
  P12: ancora=(16836,11604) offset=(16698,11464) [18 ents]
  P13: ancora=(17809,11880) offset=(17706,11740) [18 ents]
  P14: ancora=(19070,13623) offset=(18867,13483) [18 ents]
  P15: ancora=(19055,12733) offset=(18942,12593) [18 ents]
  P16: ancora=(15257,10458) offset=(15167,10318) [18 ents]
  P17: ancora=(15232,10458) offset=(15078,10318) [18 ents]
  P18: ancora=(16674,11423) offset=(16574,11283) [18 ents]
  P19: ancora=(17874,11097) offset=(17724,10957) [18 ents]
  P20: ancora=(18677,12304) offset=(18562,12164) [18 ents]
  P21: ancora=(15458,14408) offset=(15304,14268) [18 ents]
  P22: ancora=(15539,10302) offset=(15384,10162) [18 ents]
  P23: ancora=(16575,10493) offset=(16405,10353) [18 ents]
  P24: ancora=(17514,10483) offset=(17344,10343) [18 ents]
  P25: ancora=(18481,10474) offset=(18311,10334) [18 ents]
  P26: ancora=(15678,9660) offset=(15523,9520) [18 ents]

[RESULTADO]
  Pilares consolidados: 26/26
  Output: D:\Agente-cad-PYSIDE\DADOS-OBRAS\Obra_TREINO_11\Fase-6_Execucao_CAD\PL_gerado.dxf
  Validação: 468 entidades no PL_gerado.dxf
  Relatório: D:\Agente-cad-PYSIDE\DADOS-OBRAS\Obra_TREINO_11\Fase-6_Execucao_CAD\consolidacao_pilares.json
[INFO] === consolidar_dxf_vigas.py | Obra_TREINO_11 ===
  V111: ancora=(0,0) [13 ents]
  V112: ancora=(0,-600) [13 ents]
  V312: ancora=(0,-1200) [13 ents]
  V315: ancora=(0,-1800) [13 ents]
  V317: ancora=(0,-2400) [13 ents]
  V322: ancora=(0,-3000) [13 ents]
  V323: ancora=(0,-3600) [13 ents]
  V324: ancora=(0,-4200) [13 ents]
  V328: ancora=(0,-4800) [13 ents]
  V330: ancora=(0,-5400) [13 ents]
  V331: ancora=(0,-6000) [13 ents]
  V332: ancora=(0,-6600) [13 ents]
  V334: ancora=(0,-7200) [13 ents]
  V336: ancora=(0,-7800) [13 ents]
  V341: ancora=(0,-8400) [13 ents]
  V343: ancora=(0,-9000) [13 ents]
  V345: ancora=(0,-9600) [13 ents]
  V347: ancora=(0,-10200) [13 ents]
  V356: ancora=(0,-10800) [13 ents]
  V357: ancora=(0,-11400) [13 ents]
  V358: ancora=(0,-12000) [13 ents]
  V401: ancora=(0,-12600) [13 ents]
  V402: ancora=(0,-13200) [13 ents]
  V403: ancora=(0,-13800) [13 ents]
  V404: ancora=(0,-14400) [13 ents]
  V405: ancora=(0,-15000) [13 ents]
  V406: ancora=(0,-15600) [10 ents]
  V406A: ancora=(0,-16200) [10 ents]
  V407: ancora=(0,-16800) [13 ents]
  V408: ancora=(0,-17400) [10 ents]
  V408A: ancora=(0,-18000) [10 ents]
  V409: ancora=(0,-18600) [10 ents]
  V410: ancora=(0,-19200) [13 ents]
  V410A: ancora=(0,-19800) [13 ents]
  V411: ancora=(0,-20400) [13 ents]
  V412: ancora=(0,-21000) [13 ents]
  V413: ancora=(0,-21600) [13 ents]
  V414: ancora=(0,-22200) [13 ents]
  V415: ancora=(0,-22800) [13 ents]
  V416: ancora=(0,-23400) [13 ents]
  V417: ancora=(0,-24000) [13 ents]
  V418: ancora=(0,-24600) [13 ents]
  V418A: ancora=(0,-25200) [10 ents]
  V419: ancora=(0,-25800) [13 ents]
  V420: ancora=(0,-26400) [13 ents]
  V421: ancora=(0,-27000) [13 ents]
  V422: ancora=(0,-27600) [10 ents]
  V423: ancora=(0,-28200) [13 ents]
  V424: ancora=(0,-28800) [10 ents]
  V425: ancora=(0,-29400) [10 ents]
  V426: ancora=(0,-30000) [10 ents]
  V427: ancora=(0,-30600) [13 ents]
  V428: ancora=(0,-31200) [13 ents]
  V429: ancora=(0,-31800) [13 ents]

[RESULTADO]
  LV_gerado.dxf: 54 vigas (672 entidades)
  FV_gerado.dxf: 54 vigas offset (672 entidades)
  Sem ancora: ['V111', 'V112', 'V312', 'V315', 'V317', 'V322', 'V323', 'V324', 'V328', 'V330', 'V331', 'V332', 'V334', 'V336', 'V341', 'V343', 'V345', 'V347', 'V356', 'V357', 'V358', 'V401', 'V402', 'V403', 'V404', 'V405', 'V406', 'V406A', 'V407', 'V408', 'V408A', 'V409', 'V410', 'V410A', 'V411', 'V412', 'V413', 'V414', 'V415', 'V416', 'V417', 'V418', 'V418A', 'V419', 'V420', 'V421', 'V422', 'V423', 'V424', 'V425', 'V426', 'V427', 'V428', 'V429']
usage: consolidar_dxf_lajes.py [-h] --obra OBRA
consolidar_dxf_lajes.py: error: unrecognized arguments: --pavimento GWT-1PV
[INFO] === validar_dxf_coletivo.py | Obra_TREINO_11 | GWT-1PV ===

  [PILARES]
    GT: 26 | Gerado: 26 | Corretos: 26
    id_match: 100.0% | hallucination: 0.0%
    SCORE: 100.0% — APROVADO

  [VIGAS]
    GT: 54 | Gerado: 54 | Corretos: 54
    id_match: 100.0% | hallucination: 0.0%
    SCORE: 100.0% — APROVADO

  [LAJES]
    GT: 13 | Gerado: 12 | Corretos: 12
    id_match: 92.3% | hallucination: 0.0%
    SCORE: 95.4% — APROVADO
    Missing: ['L13']

[RESULTADO GLOBAL]
  Score global: 98.8%
  Status: APROVADO (>=90%)

[INFO] Salvo: D:\Agente-cad-PYSIDE\DADOS-OBRAS\Obra_TREINO_11\Fase-6_Execucao_CAD\validation_coletivo.json
[INFO] Processando 26 pilares \u2192 obras_salvas.json
[INFO]   P1: 62x19cm grade_1=0
[INFO]   P2: 91x19cm grade_1=0
[INFO]   P3: 71x29cm grade_1=0
[INFO]   P4: 76x49cm grade_1=0
[INFO]   P5: 76x49cm grade_1=0
[INFO]   P6: 76x49cm grade_1=0
[INFO]   P7: 76x34cm grade_1=0
[INFO]   P8: 91x19cm grade_1=0
[INFO]   P9: 91x19cm grade_1=0
[INFO]   P10: 69x19cm grade_1=0
[INFO]   P11: 91x65cm grade_1=0
[INFO]   P12: 49x44cm grade_1=0
[INFO]   P13: 34x24cm grade_1=0
[INFO]   P14: 91x67cm grade_1=0
[INFO]   P15: 44x24cm grade_1=0
[INFO]   P16: 26x19cm grade_1=0
[INFO]   P17: 83x26cm grade_1=0
[INFO]   P18: 29x26cm grade_1=0
[INFO]   P19: 81x24cm grade_1=0
[INFO]   P20: 51x19cm grade_1=0
[INFO]   P21: 91x19cm grade_1=0
[INFO]   P22: 76x34cm grade_1=0
[INFO]   P23: 76x49cm grade_1=0
[INFO]   P24: 76x49cm grade_1=0
[INFO]   P25: 76x49cm grade_1=0
[INFO]   P26: 76x34cm grade_1=0
[INFO] \u2705 obras_salvas.json gerado: 26 pilares \u2192 D:\Agente-cad-PYSIDE\DADOS-OBRAS\Obra_TREINO_11\Fase-4_Sincronizacao\obras_salvas.json
[INFO] \u2705 pavimentos_lista.json gerado \u2192 D:\Agente-cad-PYSIDE\DADOS-OBRAS\Obra_TREINO_11\Fase-4_Sincronizacao\pavimentos_lista.json

============================================================
PIPELINE E2E — Obra_TREINO_11 | GWT-1PV
============================================================

[FASE 1] Descoberta de DXFs
  [SKIP] dxf_discovery.json ja existe e contem Obra_TREINO_11

[FASE 2] Engenharia Reversa (Ground Truth)
  [RUN] engenharia_reversa_dxf.py ...
        -> OK (4.8s)

[FASE 3] Extração Dimensional
  [RUN] extrair_bh_pilares.py ...
        -> OK (1.9s)
  [RUN] extrair_vigas_lv.py ...
        -> OK (1.9s)
  [RUN] extrair_lajes_lj.py ...
        -> OK (0.9s)
  [RUN] extrair_garfos_evg.py ...
        -> FALHOU (code 1) (0.6s)
  [RUN] extrair_largura_vigas.py ...
        -> FALHOU (code 2) (0.0s)
  [RUN] extrair_assembly_pl.py ...
        -> FALHOU (code 2) (0.6s)
  [RUN] integrar_fichas_fase3.py ...
        -> OK (0.1s)

[FASE 4] Motor Fase 4 (Transformacao Fase-3 -> Fase-4)
  [CLEAN] Removendo 26 JSONs antigos de JSON_Pilares/
  [CLEAN] Removendo 54 JSONs antigos de JSON_Vigas_Laterais/
  [CLEAN] Removendo 27 JSONs antigos de JSON_Vigas_Fundo/
  [CLEAN] Removendo 12 JSONs antigos de JSON_Lajes/
  [RUN] motor_fase4.py ...
        -> OK (0.3s)

[FASE 5] Geração DXF Individual
  [CLEAN] Removendo 26 DXFs antigos de DXF_Pilares/
  [CLEAN] Removendo 27 DXFs antigos de DXF_Vigas/
  [CLEAN] Removendo 12 DXFs antigos de DXF_Lajes/
  [RUN] gerar_dxf_pilares.py ...
        -> OK (0.8s)
  [RUN] gerar_dxf_vigas.py ...
        -> OK (1.3s)
  [RUN] gerar_dxf_lajes.py ...
        -> OK (0.7s)

[FASE 5b] Comparação DXF Individual vs STOG
  [RUN] comparar_dxf.py ...
        -> OK (2.6s)

[FASE 6] Extração de Âncoras (coords absolutas)
  [RUN] extrair_ancoras_dxf.py ...
        -> OK (3.5s)

[FASE 7] Consolidação DXF Coletivo
  [RUN] consolidar_dxf_pilares.py ...
        -> OK (0.9s)
  [RUN] consolidar_dxf_vigas.py ...
        -> OK (1.3s)
  [RUN] consolidar_dxf_lajes.py ...
        -> FALHOU (code 2) (0.6s)

[FASE 8] Validação DXF Coletivo
  [RUN] validar_dxf_coletivo.py ...
        -> OK (0.7s)

[FASE 9] Geração obras_salvas.json (formato robô)
  [RUN] gerar_obras_salvas.py ...
        -> OK (0.1s)

============================================================
PIPELINE CONCLUÍDO — APROVADO
  Score coletivo: 98.8%
  Relatório: D:\Agente-cad-PYSIDE\DADOS-OBRAS\Obra_TREINO_11\Fase-8_Revisao_Entrega\pipeline_report.json
============================================================

[INFO] === engenharia_reversa_dxf.py | Obra: Obra_TREINO_11 | Pav: GWT-1SS ===
[INFO] Diretório: D:\Agente-cad-PYSIDE\DADOS-OBRAS\Obra_TREINO_11\Fase-1_Ingestao\Projetos_Finalizados_para_Engenharia_Reversa
[INFO] Usando caminhos do dxf_discovery.json para pav 'GWT-1SS'
[INFO] PL DXF: NOVA-SCHWARTZ-GWT-1SS-PL-R01_R2018_ASCII_ODA.dxf
Traceback (most recent call last):
  File "D:\Agente-cad-PYSIDE\Agente-cad-PYSIDE-Restored-main\scripts\engenharia_reversa_dxf.py", line 399, in <module>
  File "D:\Agente-cad-PYSIDE\Agente-cad-PYSIDE-Restored-main\scripts\engenharia_reversa_dxf.py", line 395, in main
  File "D:\Agente-cad-PYSIDE\Agente-cad-PYSIDE-Restored-main\scripts\engenharia_reversa_dxf.py", line 334, in run
  File "D:\Agente-cad-PYSIDE\Agente-cad-PYSIDE-Restored-main\scripts\engenharia_reversa_dxf.py", line 121, in _extract_pe_direito_from_pl
  File "C:\Users\Thierry\AppData\Roaming\Python\Python314\site-packages\ezdxf\filemanagement.py", line 154, in readfile
  File "C:\Users\Thierry\AppData\Roaming\Python\Python314\site-packages\ezdxf\filemanagement.py", line 95, in read
  File "C:\Users\Thierry\AppData\Roaming\Python\Python314\site-packages\ezdxf\document.py", line 350, in read
  File "C:\Users\Thierry\AppData\Roaming\Python\Python314\site-packages\ezdxf\document.py", line 365, in load
  File "C:\Users\Thierry\AppData\Roaming\Python\Python314\site-packages\ezdxf\document.py", line 378, in _load
  File "C:\Users\Thierry\AppData\Roaming\Python\Python314\site-packages\ezdxf\lldxf\loader.py", line 91, in load_dxf_structure
  File "C:\Users\Thierry\AppData\Roaming\Python\Python314\site-packages\ezdxf\lldxf\tags.py", line 321, in group_tags
  File "C:\Users\Thierry\AppData\Roaming\Python\Python314\site-packages\ezdxf\lldxf\tagger.py", line 290, in tag_compiler
  File "C:\Users\Thierry\AppData\Roaming\Python\Python314\site-packages\ezdxf\lldxf\tagger.py", line 122, in ascii_tags_loader
MemoryError
[INFO] === extrair_bh_pilares.py | Obra_TREINO_11 | GWT-1SS ===
[INFO] PL DXF: NOVA-SCHWARTZ-GWT-1SS-PL-R01_R2018_ASCII_ODA.dxf
[INFO] Max distancia proximity: 300.0 unidades DXF
[INFO] Lendo DXF (pode demorar para arquivos grandes)...
[INFO] DXF carregado: 5328 entidades
[INFO] Extraindo posicoes dos pilares (layer Texto Secao)...
[INFO] Pilares encontrados: 29
[INFO] Extraindo DIMENSION entities (layers de cota)...
[INFO] DIMENSIONs de cota encontradas: 438
[INFO] Inverse proximity: 438 dims assignadas a 29 pilares

[RESULTADO] Extracao B/H de Pilares
  Total pilares:      29
  B+H completos:      27 (93.1%)
  Apenas H:           2
  Sem dados:          0

[INFO] Salvo em: D:\Agente-cad-PYSIDE\DADOS-OBRAS\Obra_TREINO_11\Fase-3_Interpretacao_Extracao\Pilares\pilares_bh.json
[INFO] pilares_ground_truth.json atualizado: 21 pilares com B/H

[AMOSTRA] Primeiros 5 pilares extraidos:
  P1: B=35.0cm, H=62.0cm, conf=90%
  P2: B=39.0cm, H=91.0cm, conf=90%
  P3: B=62.0cm, H=83.5cm, conf=90%
  P4: B=14.0cm, H=48.0cm, conf=80%
  P5: B=48.0cm, H=65.0cm, conf=90%
DXF: NOVA-SCHWARTZ-GWT-1SS-LV-R00_R2018_ASCII_ODA.dxf
  Labels encontrados: 30 vigas
  Cota Seção (2x): 0 dims
  COTA: 894 dims

=== RESULTADO ===
  Total vigas: 30
  Com altura_lateral: 0/30
  Com comprimento: 30/30
  Com ambos: 0/30
  Confiança média: 84%
  Output: D:\Agente-cad-PYSIDE\DADOS-OBRAS\Obra_TREINO_11\Fase-3_Interpretacao_Extracao\Vigas\vigas_dim.json

Viga     Alt(cm)    Comp(cm)     Conf     Sides
-------------------------------------------------------
V31      None       292          78%      B
V103     None       287          88%      A+B
V104     None       675          88%      A+B
V105     None       246          78%      A+B+D+E
V106     None       124          88%      A+B
V107     None       124          88%      A+B
V108     None       244          88%      A+B
V110     None       287          88%      A+B
V111     None       273          78%      A+B
V112     None       246          88%      A+B
V113     None       244          88%      A+B
V114     None       244          78%      A+B
V115     None       244          88%      A+B
V116     None       244          88%      A+B
V117     None       244          78%      A+B
V118     None       244          78%      A+B
V119     None       302          88%      A+B
V120     None       244          88%      A+B
V121     None       244          78%      A+B
V122     None       272          78%      A+B
V123     None       302          78%      A+B
V125     None       290          78%      A+B
V126     None       294          88%      A+B
V127     None       310          78%      A+B
V129     None       302          88%      A+B
V130     None       302          88%      A+B
V131     None       244          88%      A+B
V132     None       292          88%      A+B
V134     None       310          78%      A+B
V136     None       124          88%      A+B
[INFO] === extrair_lajes_lj.py | Obra_TREINO_11 | GWT-1SS ===
[INFO] LJ DXF: NOVA-SCHWARTZ-GWT-1SS-LJ-R00_R2018_ASCII_ODA.dxf
[INFO] Lendo DXF...
[INFO] 4680 entidades
[INFO] Extraindo labels e codigos de lajes...
[DEBUG] Labels encontrados: ['L1', 'L10', 'L102', 'L103', 'L11', 'L12', 'L13', 'L14', 'L15', 'L16', 'L17', 'L18', 'L19', 'L2', 'L20', 'L21', 'L22', 'L23', 'L24', 'L3', 'L4', 'L5', 'L6', 'L7', 'L8', 'L9']
[DEBUG] Lajes com paineis AUX00: []
[INFO] Lajes encontradas: 26
[INFO] Construindo fichas com coordenadas...

[RESULTADO] Extracao de Lajes
  Total lajes:        26
  Com dimensoes:      0
  Com coordenadas:    23

[INFO] Salvo em: D:\Agente-cad-PYSIDE\DADOS-OBRAS\Obra_TREINO_11\Fase-3_Interpretacao_Extracao\Lajes\lajes_data.json
[INFO] lajes_ground_truth.json atualizado: 0 lajes com dimensoes

[AMOSTRA] Primeiras lajes:
  L1: NonexNonecm | area=Nonecm2 | coords=4pts | conf=60%
  L2: NonexNonecm | area=Nonecm2 | coords=4pts | conf=60%
  L3: NonexNonecm | area=Nonecm2 | coords=0pts | conf=30%
  L4: NonexNonecm | area=Nonecm2 | coords=4pts | conf=60%
  L5: NonexNonecm | area=Nonecm2 | coords=4pts | conf=60%
  L6: NonexNonecm | area=Nonecm2 | coords=4pts | conf=60%
  L7: NonexNonecm | area=Nonecm2 | coords=4pts | conf=60%
  L8: NonexNonecm | area=Nonecm2 | coords=4pts | conf=60%
ERRO: Nenhum EVG DXF encontrado em D:\Agente-cad-PYSIDE\DADOS-OBRAS\Obra_TREINO_11
C:\Python314\python.exe: can't open file 'D:\\Agente-cad-PYSIDE\\Agente-cad-PYSIDE-Restored-main\\scripts\\extrair_largura_vigas.py': [Errno 2] No such file or directory
usage: extrair_assembly_pl.py [-h] --obra OBRA [--pav PAV] [--output OUTPUT]
extrair_assembly_pl.py: error: unrecognized arguments: --pavimento GWT-1SS
=== VIGAS ===
  AVISO: vigas_largura.json nao encontrado — usando b=15cm (default)
  AVISO: Viga V31: altura_lateral=0, usando h=40
  AVISO: Viga V103: altura_lateral=0, usando h=40
  AVISO: Viga V104: altura_lateral=0, usando h=40
  AVISO: Viga V105: altura_lateral=0, usando h=40
  AVISO: Viga V106: altura_lateral=0, usando h=40
  AVISO: Viga V107: altura_lateral=0, usando h=40
  AVISO: Viga V108: altura_lateral=0, usando h=40
  AVISO: Viga V110: altura_lateral=0, usando h=40
  AVISO: Viga V111: altura_lateral=0, usando h=40
  AVISO: Viga V112: altura_lateral=0, usando h=40
  AVISO: Viga V113: altura_lateral=0, usando h=40
  AVISO: Viga V114: altura_lateral=0, usando h=40
  AVISO: Viga V115: altura_lateral=0, usando h=40
  AVISO: Viga V116: altura_lateral=0, usando h=40
  AVISO: Viga V117: altura_lateral=0, usando h=40
  AVISO: Viga V118: altura_lateral=0, usando h=40
  AVISO: Viga V119: altura_lateral=0, usando h=40
  AVISO: Viga V120: altura_lateral=0, usando h=40
  AVISO: Viga V121: altura_lateral=0, usando h=40
  AVISO: Viga V122: altura_lateral=0, usando h=40
  AVISO: Viga V123: altura_lateral=0, usando h=40
  AVISO: Viga V125: altura_lateral=0, usando h=40
  AVISO: Viga V126: altura_lateral=0, usando h=40
  AVISO: Viga V127: altura_lateral=0, usando h=40
  AVISO: Viga V129: altura_lateral=0, usando h=40
  AVISO: Viga V130: altura_lateral=0, usando h=40
  AVISO: Viga V131: altura_lateral=0, usando h=40
  AVISO: Viga V132: altura_lateral=0, usando h=40
  AVISO: Viga V134: altura_lateral=0, usando h=40
  AVISO: Viga V136: altura_lateral=0, usando h=40
  vigas.json atualizado: 30 vigas
    V31: b=15.0cm h=40.0cm L=292.5cm
    V103: b=15.0cm h=40.0cm L=287.0cm
    V104: b=15.0cm h=40.0cm L=675.0cm
    V105: b=15.0cm h=40.0cm L=246.0cm
    V106: b=15.0cm h=40.0cm L=124.0cm
    V107: b=15.0cm h=40.0cm L=124.0cm
    V108: b=15.0cm h=40.0cm L=244.0cm
    V110: b=15.0cm h=40.0cm L=287.0cm
    V111: b=15.0cm h=40.0cm L=273.0cm
    V112: b=15.0cm h=40.0cm L=246.0cm
    V113: b=15.0cm h=40.0cm L=244.0cm
    V114: b=15.0cm h=40.0cm L=244.0cm
    V115: b=15.0cm h=40.0cm L=244.0cm
    V116: b=15.0cm h=40.0cm L=244.0cm
    V117: b=15.0cm h=40.0cm L=244.0cm
    V118: b=15.0cm h=40.0cm L=244.0cm
    V119: b=15.0cm h=40.0cm L=301.5cm
    V120: b=15.0cm h=40.0cm L=244.0cm
    V121: b=15.0cm h=40.0cm L=244.0cm
    V122: b=15.0cm h=40.0cm L=271.5cm
    V123: b=15.0cm h=40.0cm L=302.5cm
    V125: b=15.0cm h=40.0cm L=290.5cm
    V126: b=15.0cm h=40.0cm L=294.5cm
    V127: b=15.0cm h=40.0cm L=310.0cm
    V129: b=15.0cm h=40.0cm L=301.5cm
    V130: b=15.0cm h=40.0cm L=301.5cm
    V131: b=15.0cm h=40.0cm L=244.0cm
    V132: b=15.0cm h=40.0cm L=292.5cm
    V134: b=15.0cm h=40.0cm L=310.0cm
    V136: b=15.0cm h=40.0cm L=124.0cm

=== LAJES ===
  AVISO: lajes_poligono.json nao encontrado, usando lajes_data.json
  AVISO: Laje L1: dimensoes invalidas, usando 100x100
  AVISO: Laje L2: dimensoes invalidas, usando 100x100
  AVISO: Laje L3: dimensoes invalidas, usando 100x100
  AVISO: Laje L4: dimensoes invalidas, usando 100x100
  AVISO: Laje L5: dimensoes invalidas, usando 100x100
  AVISO: Laje L6: dimensoes invalidas, usando 100x100
  AVISO: Laje L7: dimensoes invalidas, usando 100x100
  AVISO: Laje L8: dimensoes invalidas, usando 100x100
  AVISO: Laje L9: dimensoes invalidas, usando 100x100
  AVISO: Laje L10: dimensoes invalidas, usando 100x100
  AVISO: Laje L11: dimensoes invalidas, usando 100x100
  AVISO: Laje L12: dimensoes invalidas, usando 100x100
  AVISO: Laje L13: dimensoes invalidas, usando 100x100
  AVISO: Laje L14: dimensoes invalidas, usando 100x100
  AVISO: Laje L15: dimensoes invalidas, usando 100x100
  AVISO: Laje L16: dimensoes invalidas, usando 100x100
  AVISO: Laje L17: dimensoes invalidas, usando 100x100
  AVISO: Laje L18: dimensoes invalidas, usando 100x100
  AVISO: Laje L19: dimensoes invalidas, usando 100x100
  AVISO: Laje L20: dimensoes invalidas, usando 100x100
  AVISO: Laje L21: dimensoes invalidas, usando 100x100
  AVISO: Laje L22: dimensoes invalidas, usando 100x100
  AVISO: Laje L23: dimensoes invalidas, usando 100x100
  AVISO: Laje L24: dimensoes invalidas, usando 100x100
  AVISO: Laje L102: dimensoes invalidas, usando 100x100
  AVISO: Laje L103: dimensoes invalidas, usando 100x100
  lajes.json atualizado: 26 lajes
    L1: 100.0x100.0cm area=10000 [label-only]
    L2: 100.0x100.0cm area=10000 [label-only]
    L3: 100.0x100.0cm area=10000 [label-only]
    L4: 100.0x100.0cm area=10000 [label-only]
    L5: 100.0x100.0cm area=10000 [label-only]
    L6: 100.0x100.0cm area=10000 [label-only]
    L7: 100.0x100.0cm area=10000 [label-only]
    L8: 100.0x100.0cm area=10000 [label-only]
    L9: 100.0x100.0cm area=10000 [label-only]
    L10: 100.0x100.0cm area=10000 [label-only]
    L11: 100.0x100.0cm area=10000 [label-only]
    L12: 100.0x100.0cm area=10000 [label-only]
    L13: 100.0x100.0cm area=10000 [label-only]
    L14: 100.0x100.0cm area=10000 [label-only]
    L15: 100.0x100.0cm area=10000 [label-only]
    L16: 100.0x100.0cm area=10000 [label-only]
    L17: 100.0x100.0cm area=10000 [label-only]
    L18: 100.0x100.0cm area=10000 [label-only]
    L19: 100.0x100.0cm area=10000 [label-only]
    L20: 100.0x100.0cm area=10000 [label-only]
    L21: 100.0x100.0cm area=10000 [label-only]
    L22: 100.0x100.0cm area=10000 [label-only]
    L23: 100.0x100.0cm area=10000 [label-only]
    L24: 100.0x100.0cm area=10000 [label-only]
    L102: 100.0x100.0cm area=10000 [label-only]
    L103: 100.0x100.0cm area=10000 [label-only]

=== INTEGRACAO COMPLETA: 30 vigas + 26 lajes ===
  Proximos passos: python scripts/motor_fase4.py --obra D:\Agente-cad-PYSIDE\DADOS-OBRAS\Obra_TREINO_11
[INFO] === motor_fase4.py | Obra: Obra_TREINO_11 | Pav: GWT-1SS ===
[INFO] Carregado: D:\Agente-cad-PYSIDE\DADOS-OBRAS\Obra_TREINO_11\Fase-3_Interpretacao_Extracao\Pilares\pilares_bh.json (30 itens)
[WARNING] pilares_assembly.json nao encontrado — grades ficarao zeradas
[INFO]   \u2705 Pilar P1: 62.0x35.0cm, h=280.0cm
[INFO]   \u2705 Pilar P2: 91.0x39.0cm, h=280.0cm
[INFO]   \u2705 Pilar P3: 83.5x62.0cm, h=280.0cm
[INFO]   \u2705 Pilar P4: 48.0x14.0cm, h=280.0cm
[INFO]   \u2705 Pilar P5: 65.0x48.0cm, h=280.0cm
[INFO]   \u2705 Pilar P6: 65.0x52.0cm, h=280.0cm
[INFO]   \u2705 Pilar P8: 91.0x19.0cm, h=280.0cm
[WARNING] Pilar P9: dimensoes invalidas (b=0.0, h=62.0). Pular.
[INFO]   \u2705 Pilar P10: 81.0x49.0cm, h=280.0cm
[INFO]   \u2705 Pilar P11: 91.0x48.0cm, h=280.0cm
[INFO]   \u2705 Pilar P12: 91.0x49.0cm, h=280.0cm
[INFO]   \u2705 Pilar P14: 91.0x24.0cm, h=280.0cm
[INFO]   \u2705 Pilar P15: 48.0x24.0cm, h=280.0cm
[INFO]   \u2705 Pilar P16: 69.0x34.0cm, h=280.0cm
[INFO]   \u2705 Pilar P17: 71.0x49.0cm, h=280.0cm
[INFO]   \u2705 Pilar P18: 87.0x50.0cm, h=280.0cm
[INFO]   \u2705 Pilar P20: 62.0x19.0cm, h=280.0cm
[INFO]   \u2705 Pilar P21: 91.0x19.0cm, h=280.0cm
[INFO]   \u2705 Pilar P22: 87.0x48.0cm, h=280.0cm
[INFO]   \u2705 Pilar P23: 96.0x48.0cm, h=280.0cm
[INFO]   \u2705 Pilar P24: 96.0x49.0cm, h=280.0cm
[INFO]   \u2705 Pilar P25: 65.0x62.0cm, h=280.0cm
[INFO]   \u2705 Pilar P109: 61.0x19.0cm, h=280.0cm
[INFO]   \u2705 Pilar P112: 24.0x19.0cm, h=280.0cm
[INFO]   \u2705 Pilar P113: 19.0x14.0cm, h=280.0cm
[WARNING] Pilar P114: dimensoes invalidas (b=0.0, h=61.0). Pular.
[INFO]   \u2705 Pilar P115: 61.0x20.0cm, h=280.0cm
[INFO]   \u2705 Pilar P118: 62.0x61.0cm, h=280.0cm
[INFO]   \u2705 Pilar P501: 87.0x38.0cm, h=280.0cm
[INFO] Pilares: 27 processados -> D:\Agente-cad-PYSIDE\DADOS-OBRAS\Obra_TREINO_11\Fase-4_Sincronizacao\pilares_salvos.json
[INFO] Carregado: D:\Agente-cad-PYSIDE\DADOS-OBRAS\Obra_TREINO_11\Fase-3_Interpretacao_Extracao\Vigas\vigas.json (31 itens)
[INFO]   \u2705 Viga V31: b=15.0cm, h=40.0cm, L=292.5cm -> A+B
[INFO]   \u2705 Viga V103: b=15.0cm, h=40.0cm, L=287.0cm -> A+B
[INFO]   \u2705 Viga V104: b=15.0cm, h=40.0cm, L=675.0cm -> A+B
[INFO]   \u2705 Viga V105: b=15.0cm, h=40.0cm, L=246.0cm -> A+B
[INFO]   \u2705 Viga V106: b=15.0cm, h=40.0cm, L=124.0cm -> A+B
[INFO]   \u2705 Viga V107: b=15.0cm, h=40.0cm, L=124.0cm -> A+B
[INFO]   \u2705 Viga V108: b=15.0cm, h=40.0cm, L=244.0cm -> A+B
[INFO]   \u2705 Viga V110: b=15.0cm, h=40.0cm, L=287.0cm -> A+B
[INFO]   \u2705 Viga V111: b=15.0cm, h=40.0cm, L=273.0cm -> A+B
[INFO]   \u2705 Viga V112: b=15.0cm, h=40.0cm, L=246.0cm -> A+B
[INFO]   \u2705 Viga V113: b=15.0cm, h=40.0cm, L=244.0cm -> A+B
[INFO]   \u2705 Viga V114: b=15.0cm, h=40.0cm, L=244.0cm -> A+B
[INFO]   \u2705 Viga V115: b=15.0cm, h=40.0cm, L=244.0cm -> A+B
[INFO]   \u2705 Viga V116: b=15.0cm, h=40.0cm, L=244.0cm -> A+B
[INFO]   \u2705 Viga V117: b=15.0cm, h=40.0cm, L=244.0cm -> A+B
[INFO]   \u2705 Viga V118: b=15.0cm, h=40.0cm, L=244.0cm -> A+B
[INFO]   \u2705 Viga V119: b=15.0cm, h=40.0cm, L=301.5cm -> A+B
[INFO]   \u2705 Viga V120: b=15.0cm, h=40.0cm, L=244.0cm -> A+B
[INFO]   \u2705 Viga V121: b=15.0cm, h=40.0cm, L=244.0cm -> A+B
[INFO]   \u2705 Viga V122: b=15.0cm, h=40.0cm, L=271.5cm -> A+B
[INFO]   \u2705 Viga V123: b=15.0cm, h=40.0cm, L=302.5cm -> A+B
[INFO]   \u2705 Viga V125: b=15.0cm, h=40.0cm, L=290.5cm -> A+B
[INFO]   \u2705 Viga V126: b=15.0cm, h=40.0cm, L=294.5cm -> A+B
[INFO]   \u2705 Viga V127: b=15.0cm, h=40.0cm, L=310.0cm -> A+B
[INFO]   \u2705 Viga V129: b=15.0cm, h=40.0cm, L=301.5cm -> A+B
[INFO]   \u2705 Viga V130: b=15.0cm, h=40.0cm, L=301.5cm -> A+B
[INFO]   \u2705 Viga V131: b=15.0cm, h=40.0cm, L=244.0cm -> A+B
[INFO]   \u2705 Viga V132: b=15.0cm, h=40.0cm, L=292.5cm -> A+B
[INFO]   \u2705 Viga V134: b=15.0cm, h=40.0cm, L=310.0cm -> A+B
[INFO]   \u2705 Viga V136: b=15.0cm, h=40.0cm, L=124.0cm -> A+B
[INFO] Vigas: 30 processadas -> D:\Agente-cad-PYSIDE\DADOS-OBRAS\Obra_TREINO_11\Fase-4_Sincronizacao\vigas_salvas.json
[INFO] Carregado: D:\Agente-cad-PYSIDE\DADOS-OBRAS\Obra_TREINO_11\Fase-3_Interpretacao_Extracao\Lajes\lajes.json (27 itens)
[INFO]   \u2705 Laje L1: 100.0x100.0cm, 1 cortes
[INFO]   \u2705 Laje L2: 100.0x100.0cm, 1 cortes
[INFO]   \u2705 Laje L3: 100.0x100.0cm, 1 cortes
[INFO]   \u2705 Laje L4: 100.0x100.0cm, 1 cortes
[INFO]   \u2705 Laje L5: 100.0x100.0cm, 1 cortes
[INFO]   \u2705 Laje L6: 100.0x100.0cm, 1 cortes
[INFO]   \u2705 Laje L7: 100.0x100.0cm, 1 cortes
[INFO]   \u2705 Laje L8: 100.0x100.0cm, 1 cortes
[INFO]   \u2705 Laje L9: 100.0x100.0cm, 1 cortes
[INFO]   \u2705 Laje L10: 100.0x100.0cm, 1 cortes
[INFO]   \u2705 Laje L11: 100.0x100.0cm, 1 cortes
[INFO]   \u2705 Laje L12: 100.0x100.0cm, 1 cortes
[INFO]   \u2705 Laje L13: 100.0x100.0cm, 1 cortes
[INFO]   \u2705 Laje L14: 100.0x100.0cm, 1 cortes
[INFO]   \u2705 Laje L15: 100.0x100.0cm, 1 cortes
[INFO]   \u2705 Laje L16: 100.0x100.0cm, 1 cortes
[INFO]   \u2705 Laje L17: 100.0x100.0cm, 1 cortes
[INFO]   \u2705 Laje L18: 100.0x100.0cm, 1 cortes
[INFO]   \u2705 Laje L19: 100.0x100.0cm, 1 cortes
[INFO]   \u2705 Laje L20: 100.0x100.0cm, 1 cortes
[INFO]   \u2705 Laje L21: 100.0x100.0cm, 1 cortes
[INFO]   \u2705 Laje L22: 100.0x100.0cm, 1 cortes
[INFO]   \u2705 Laje L23: 100.0x100.0cm, 1 cortes
[INFO]   \u2705 Laje L24: 100.0x100.0cm, 1 cortes
[INFO]   \u2705 Laje L102: 100.0x100.0cm, 1 cortes
[INFO]   \u2705 Laje L103: 100.0x100.0cm, 1 cortes
[INFO] Lajes: 26 processadas -> D:\Agente-cad-PYSIDE\DADOS-OBRAS\Obra_TREINO_11\Fase-4_Sincronizacao\lajes_salvas.json
[INFO] obras_salvas.json: 27 pilares \u2192 D:\Agente-cad-PYSIDE\DADOS-OBRAS\Obra_TREINO_11\Fase-4_Sincronizacao\obras_salvas.json
[INFO] === RESULTADO: 27 pilares, 30 vigas, 26 lajes | 0 erros ===
  pilares_bh.json: 30 pilares

=== GERANDO DXF PILARES (27 pilares) ===
  P1: b=35 h=62 paineis=12 alt=280cm [BH-extraido]
  P10: b=49 h=81 paineis=12 alt=280cm [BH-extraido]
  P109: b=19 h=61 paineis=12 alt=280cm [BH-extraido]
  P11: b=48 h=91 paineis=12 alt=280cm [BH-extraido]
  P112: b=19 h=24 paineis=12 alt=280cm [BH-extraido]
  P113: b=14 h=19 paineis=12 alt=280cm [BH-extraido]
  P115: b=20 h=61 paineis=12 alt=280cm [BH-extraido]
  P118: b=61 h=62 paineis=12 alt=280cm [BH-extraido]
  P12: b=49 h=91 paineis=12 alt=280cm [BH-extraido]
  P14: b=24 h=91 paineis=12 alt=280cm [BH-extraido]
  P15: b=24 h=48 paineis=12 alt=280cm [BH-extraido]
  P16: b=34 h=69 paineis=12 alt=280cm [BH-extraido]
  P17: b=49 h=71 paineis=12 alt=280cm [BH-extraido]
  P18: b=50 h=87 paineis=12 alt=280cm [BH-extraido]
  P2: b=39 h=91 paineis=12 alt=280cm [BH-extraido]
  P20: b=19 h=62 paineis=12 alt=280cm [BH-extraido]
  P21: b=19 h=91 paineis=12 alt=280cm [BH-extraido]
  P22: b=48 h=87 paineis=12 alt=280cm [BH-extraido]
  P23: b=48 h=96 paineis=12 alt=280cm [BH-extraido]
  P24: b=49 h=96 paineis=12 alt=280cm [BH-extraido]
  P25: b=62 h=65 paineis=12 alt=280cm [BH-extraido]
  P3: b=62 h=84 paineis=12 alt=280cm [BH-extraido]
  P4: b=14 h=48 paineis=12 alt=280cm [BH-extraido]
  P5: b=48 h=65 paineis=12 alt=280cm [BH-extraido]
  P501: b=38 h=87 paineis=12 alt=280cm [BH-extraido]
  P6: b=52 h=65 paineis=12 alt=280cm [BH-extraido]
  P8: b=19 h=91 paineis=12 alt=280cm [BH-extraido]

=== RESULTADO: 27 DXFs gerados | 0 erros ===
  Relatorio: D:\Agente-cad-PYSIDE\DADOS-OBRAS\Obra_TREINO_11\Fase-5_Geracao_Scripts\DXF_Pilares\_relatorio.json
  DXFs em: D:\Agente-cad-PYSIDE\DADOS-OBRAS\Obra_TREINO_11\Fase-5_Geracao_Scripts\DXF_Pilares

  Proximo: python scripts/comparar_dxf_pilares.py --obra D:\Agente-cad-PYSIDE\DADOS-OBRAS\Obra_TREINO_11

=== GERANDO DXF VIGAS (30 vigas) ===
  V31: b=15 h=40 L=292cm | paineis A=3 B=3 F=3
  V103: b=15 h=40 L=287cm | paineis A=3 B=3 F=3
  V104: b=15 h=40 L=675cm | paineis A=6 B=6 F=6
  V105: b=15 h=40 L=246cm | paineis A=3 B=3 F=3
  V106: b=15 h=40 L=124cm | paineis A=2 B=2 F=2
  V107: b=15 h=40 L=124cm | paineis A=2 B=2 F=2
  V108: b=15 h=40 L=244cm | paineis A=3 B=3 F=3
  V110: b=15 h=40 L=287cm | paineis A=3 B=3 F=3
  V111: b=15 h=40 L=273cm | paineis A=3 B=3 F=3
  V112: b=15 h=40 L=246cm | paineis A=3 B=3 F=3
  V113: b=15 h=40 L=244cm | paineis A=3 B=3 F=3
  V114: b=15 h=40 L=244cm | paineis A=3 B=3 F=3
  V115: b=15 h=40 L=244cm | paineis A=3 B=3 F=3
  V116: b=15 h=40 L=244cm | paineis A=3 B=3 F=3
  V117: b=15 h=40 L=244cm | paineis A=3 B=3 F=3
  V118: b=15 h=40 L=244cm | paineis A=3 B=3 F=3
  V119: b=15 h=40 L=302cm | paineis A=3 B=3 F=3
  V120: b=15 h=40 L=244cm | paineis A=3 B=3 F=3
  V121: b=15 h=40 L=244cm | paineis A=3 B=3 F=3
  V122: b=15 h=40 L=272cm | paineis A=3 B=3 F=3
  V123: b=15 h=40 L=302cm | paineis A=3 B=3 F=3
  V125: b=15 h=40 L=290cm | paineis A=3 B=3 F=3
  V126: b=15 h=40 L=294cm | paineis A=3 B=3 F=3
  V127: b=15 h=40 L=310cm | paineis A=3 B=3 F=3
  V129: b=15 h=40 L=302cm | paineis A=3 B=3 F=3
  V130: b=15 h=40 L=302cm | paineis A=3 B=3 F=3
  V131: b=15 h=40 L=244cm | paineis A=3 B=3 F=3
  V132: b=15 h=40 L=292cm | paineis A=3 B=3 F=3
  V134: b=15 h=40 L=310cm | paineis A=3 B=3 F=3
  V136: b=15 h=40 L=124cm | paineis A=2 B=2 F=2

=== RESULTADO: 30 DXFs gerados | 0 erros ===
  Relatorio: D:\Agente-cad-PYSIDE\DADOS-OBRAS\Obra_TREINO_11\Fase-5_Geracao_Scripts\DXF_Vigas\_relatorio.json
  DXFs em: D:\Agente-cad-PYSIDE\DADOS-OBRAS\Obra_TREINO_11\Fase-5_Geracao_Scripts\DXF_Vigas

  Proximo: python scripts/comparar_dxf_vigas.py --obra D:\Agente-cad-PYSIDE\DADOS-OBRAS\Obra_TREINO_11

=== GERANDO DXF LAJES (26 lajes) ===
  L1: 100.0x100.0cm paineis=2x1 area=10000cm2
  L2: 100.0x100.0cm paineis=2x1 area=10000cm2
  L3: 100.0x100.0cm paineis=2x1 area=10000cm2
  L4: 100.0x100.0cm paineis=2x1 area=10000cm2
  L5: 100.0x100.0cm paineis=2x1 area=10000cm2
  L6: 100.0x100.0cm paineis=2x1 area=10000cm2
  L7: 100.0x100.0cm paineis=2x1 area=10000cm2
  L8: 100.0x100.0cm paineis=2x1 area=10000cm2
  L9: 100.0x100.0cm paineis=2x1 area=10000cm2
  L10: 100.0x100.0cm paineis=2x1 area=10000cm2
  L11: 100.0x100.0cm paineis=2x1 area=10000cm2
  L12: 100.0x100.0cm paineis=2x1 area=10000cm2
  L13: 100.0x100.0cm paineis=2x1 area=10000cm2
  L14: 100.0x100.0cm paineis=2x1 area=10000cm2
  L15: 100.0x100.0cm paineis=2x1 area=10000cm2
  L16: 100.0x100.0cm paineis=2x1 area=10000cm2
  L17: 100.0x100.0cm paineis=2x1 area=10000cm2
  L18: 100.0x100.0cm paineis=2x1 area=10000cm2
  L19: 100.0x100.0cm paineis=2x1 area=10000cm2
  L20: 100.0x100.0cm paineis=2x1 area=10000cm2
  L21: 100.0x100.0cm paineis=2x1 area=10000cm2
  L22: 100.0x100.0cm paineis=2x1 area=10000cm2
  L23: 100.0x100.0cm paineis=2x1 area=10000cm2
  L24: 100.0x100.0cm paineis=2x1 area=10000cm2
  L102: 100.0x100.0cm paineis=2x1 area=10000cm2
  L103: 100.0x100.0cm paineis=2x1 area=10000cm2

=== RESULTADO: 26 DXFs gerados | 0 erros ===
  Relatorio: D:\Agente-cad-PYSIDE\DADOS-OBRAS\Obra_TREINO_11\Fase-5_Geracao_Scripts\DXF_Lajes\_relatorio.json
  DXFs em: D:\Agente-cad-PYSIDE\DADOS-OBRAS\Obra_TREINO_11\Fase-5_Geracao_Scripts\DXF_Lajes

  Proximo: python scripts/comparar_dxf.py --obra D:\Agente-cad-PYSIDE\DADOS-OBRAS\Obra_TREINO_11

=== COMPARADOR DXF vs. GROUND TRUTH (tol=5.0%) ===

--- PILARES ---
  Match rate: 100.0% (27/27)
  Erro médio: 0.0%

--- VIGAS ---
  Match rate: 100.0% (30/30)
  Erro médio: 0.0%

--- LAJES ---
  Match rate: 11.5% (3/26)
  Erro médio: 218.7%
  DIFF L1: ref 100.0x100.0 | gen 122.0x149.0 | err=35.5%
  DIFF L2: ref 100.0x100.0 | gen 122.0x149.0 | err=35.5%
  DIFF L4: ref 100.0x100.0 | gen 122.0x244.0 | err=83.0%
  DIFF L5: ref 100.0x100.0 | gen 122.0x244.0 | err=83.0%
  DIFF L6: ref 100.0x100.0 | gen 122.0x244.0 | err=83.0%
  DIFF L7: ref 100.0x100.0 | gen 122.0x122.0 | err=22.0%
  DIFF L8: ref 100.0x100.0 | gen 125.0x60.5 | err=32.2%
  DIFF L9: ref 100.0x100.0 | gen 244.0x122.0 | err=83.0%
  DIFF L10: ref 100.0x100.0 | gen 244.0x122.0 | err=83.0%
  DIFF L11: ref 100.0x100.0 | gen 244.0x122.0 | err=83.0%
  DIFF L12: ref 100.0x100.0 | gen 125.0x60.5 | err=32.2%
  DIFF L13: ref 100.0x100.0 | gen 244.0x122.0 | err=83.0%
  DIFF L14: ref 100.0x100.0 | gen 727.0x227.0 | err=377.0%
  DIFF L15: ref 100.0x100.0 | gen 735.0x227.0 | err=381.0%
  DIFF L16: ref 100.0x100.0 | gen 382.0x1676.0 | err=929.0%
  DIFF L17: ref 100.0x100.0 | gen 241.0x474.0 | err=257.5%
  DIFF L18: ref 100.0x100.0 | gen 741.0x661.5 | err=601.2%
  DIFF L19: ref 100.0x100.0 | gen 741.0x661.5 | err=601.2%
  DIFF L20: ref 100.0x100.0 | gen 244.0x122.0 | err=83.0%
  DIFF L21: ref 100.0x100.0 | gen 241.0x474.0 | err=257.5%
  DIFF L23: ref 100.0x100.0 | gen 241.0x474.0 | err=257.5%
  DIFF L24: ref 100.0x100.0 | gen 741.0x661.5 | err=601.2%
  DIFF L103: ref 100.0x100.0 | gen 741.0x661.5 | err=601.2%

=== SCORE GERAL: 70.5% (FAIL | meta: 75.0%) ===
  Pilares: 100.0% | Vigas: 100.0% | Lajes: 11.5%

  Relatorio: D:\Agente-cad-PYSIDE\DADOS-OBRAS\Obra_TREINO_11\Fase-5_Geracao_Scripts\_relatorio_comparacao.json
[INFO] === extrair_ancoras_dxf.py | Obra_TREINO_11 | GWT-1SS ===
[INFO] PL DXF: NOVA-SCHWARTZ-GWT-1SS-PL-R01_R2018_ASCII_ODA.dxf
[INFO] Pilares: 30 ancoras extraidas do PL DXF
[INFO] Salvo: D:\Agente-cad-PYSIDE\DADOS-OBRAS\Obra_TREINO_11\Fase-3_Interpretacao_Extracao\ancoras_pilares.json (30 pilares)
[INFO] LV DXF: NOVA-SCHWARTZ-GWT-1SS-LV-R00_R2018_ASCII_ODA.dxf
[INFO] Vigas: 0 ancoras extraidas do LV DXF
[INFO] Salvo: D:\Agente-cad-PYSIDE\DADOS-OBRAS\Obra_TREINO_11\Fase-3_Interpretacao_Extracao\ancoras_vigas.json (0 vigas)
[INFO] LJ DXF: NOVA-SCHWARTZ-GWT-1SS-LJ-R00_R2018_ASCII_ODA.dxf
[INFO] Lajes: 26 ancoras extraidas do LJ DXF
[INFO] Salvo: D:\Agente-cad-PYSIDE\DADOS-OBRAS\Obra_TREINO_11\Fase-3_Interpretacao_Extracao\ancoras_lajes.json (26 lajes)

[RESULTADO]
  Pilares: 30 ancoras
  Vigas:   0 ancoras
  Lajes:   26 ancoras

  STATUS: PARCIAL (cobertura baixa)
[INFO] === consolidar_dxf_pilares.py | Obra_TREINO_11 | GWT-1SS ===
  P1: ancora=(131267,32823) offset=(131125,32683) [18 ents]
  P2: ancora=(132645,32405) offset=(132470,32265) [18 ents]
  P3: ancora=(133197,32162) offset=(133006,32022) [18 ents]
  P4: ancora=(131871,30680) offset=(131764,30540) [18 ents]
  P5: ancora=(132204,29591) offset=(132046,29451) [18 ents]
  P6: ancora=(132587,31482) offset=(132425,31342) [18 ents]
  P8: ancora=(133267,30928) offset=(133112,30788) [18 ents]
  P10: ancora=(131048,30777) offset=(130873,30637) [18 ents]
  P11: ancora=(132741,30162) offset=(132557,30022) [18 ents]
  P12: ancora=(132414,29168) offset=(132229,29028) [18 ents]
  P14: ancora=(133582,30921) offset=(133422,30781) [18 ents]
  P15: ancora=(130871,30569) offset=(130754,30429) [18 ents]
  P16: ancora=(131366,30694) offset=(131218,30554) [18 ents]
  P17: ancora=(132801,30193) offset=(132636,30053) [18 ents]
  P18: ancora=(133524,30150) offset=(133342,30010) [18 ents]
  P20: ancora=(131206,30108) offset=(131080,29968) [18 ents]
  P21: ancora=(132563,31700) offset=(132408,31560) [18 ents]
  P22: ancora=(132040,29851) offset=(131860,29711) [18 ents]
  P23: ancora=(133442,28589) offset=(133253,28449) [18 ents]
  P24: ancora=(133595,28400) offset=(133405,28260) [18 ents]
  P25: ancora=(133494,29454) offset=(133322,29314) [18 ents]
  P109: ancora=(131554,30564) offset=(131429,30424) [18 ents]
  P112: ancora=(131826,28139) offset=(131738,27999) [18 ents]
  P113: ancora=(130369,27824) offset=(130291,27684) [18 ents]
  P115: ancora=(130515,27853) offset=(130389,27713) [18 ents]
  P118: ancora=(130273,31487) offset=(130105,31347) [18 ents]
  P501: ancora=(133707,30808) offset=(133537,30668) [18 ents]

[RESULTADO]
  Pilares consolidados: 27/27
  Output: D:\Agente-cad-PYSIDE\DADOS-OBRAS\Obra_TREINO_11\Fase-6_Execucao_CAD\PL_gerado.dxf
  Validação: 486 entidades no PL_gerado.dxf
  Relatório: D:\Agente-cad-PYSIDE\DADOS-OBRAS\Obra_TREINO_11\Fase-6_Execucao_CAD\consolidacao_pilares.json
[INFO] === consolidar_dxf_vigas.py | Obra_TREINO_11 ===
  V31: ancora=(0,0) [13 ents]
  V103: ancora=(0,-600) [13 ents]
  V104: ancora=(0,-1200) [22 ents]
  V105: ancora=(0,-1800) [13 ents]
  V106: ancora=(0,-2400) [10 ents]
  V107: ancora=(0,-3000) [10 ents]
  V108: ancora=(0,-3600) [13 ents]
  V110: ancora=(0,-4200) [13 ents]
  V111: ancora=(0,-4800) [13 ents]
  V112: ancora=(0,-5400) [13 ents]
  V113: ancora=(0,-6000) [13 ents]
  V114: ancora=(0,-6600) [13 ents]
  V115: ancora=(0,-7200) [13 ents]
  V116: ancora=(0,-7800) [13 ents]
  V117: ancora=(0,-8400) [13 ents]
  V118: ancora=(0,-9000) [13 ents]
  V119: ancora=(0,-9600) [13 ents]
  V120: ancora=(0,-10200) [13 ents]
  V121: ancora=(0,-10800) [13 ents]
  V122: ancora=(0,-11400) [13 ents]
  V123: ancora=(0,-12000) [13 ents]
  V125: ancora=(0,-12600) [13 ents]
  V126: ancora=(0,-13200) [13 ents]
  V127: ancora=(0,-13800) [13 ents]
  V129: ancora=(0,-14400) [13 ents]
  V130: ancora=(0,-15000) [13 ents]
  V131: ancora=(0,-15600) [13 ents]
  V132: ancora=(0,-16200) [13 ents]
  V134: ancora=(0,-16800) [13 ents]
  V136: ancora=(0,-17400) [10 ents]

[RESULTADO]
  LV_gerado.dxf: 30 vigas (390 entidades)
  FV_gerado.dxf: 30 vigas offset (390 entidades)
  Sem ancora: ['V31', 'V103', 'V104', 'V105', 'V106', 'V107', 'V108', 'V110', 'V111', 'V112', 'V113', 'V114', 'V115', 'V116', 'V117', 'V118', 'V119', 'V120', 'V121', 'V122', 'V123', 'V125', 'V126', 'V127', 'V129', 'V130', 'V131', 'V132', 'V134', 'V136']
usage: consolidar_dxf_lajes.py [-h] --obra OBRA
consolidar_dxf_lajes.py: error: unrecognized arguments: --pavimento GWT-1SS
[INFO] === validar_dxf_coletivo.py | Obra_TREINO_11 | GWT-1SS ===

  [PILARES]
    GT: 26 | Gerado: 27 | Corretos: 21
    id_match: 80.8% | hallucination: 22.2%
    SCORE: 79.6% — REPROVADO
    Missing: ['P13', 'P19', 'P26', 'P7', 'P9']

  [VIGAS]
    GT: 54 | Gerado: 30 | Corretos: 2
    id_match: 3.7% | hallucination: 93.3%
    SCORE: 4.9% — REPROVADO
    Missing: ['V312', 'V315', 'V317', 'V322', 'V323', 'V324', 'V328', 'V330', 'V331', 'V332']

  [LAJES]
    GT: 13 | Gerado: 12 | Corretos: 12
    id_match: 92.3% | hallucination: 0.0%
    SCORE: 95.4% — APROVADO
    Missing: ['L13']

[RESULTADO GLOBAL]
  Score global: 57.4%
  Status: REPROVADO (meta: >=90%)

[INFO] Salvo: D:\Agente-cad-PYSIDE\DADOS-OBRAS\Obra_TREINO_11\Fase-6_Execucao_CAD\validation_coletivo.json
[INFO] Processando 27 pilares \u2192 obras_salvas.json
[INFO]   P1: 62x35cm grade_1=0
[INFO]   P2: 91x39cm grade_1=0
[INFO]   P3: 83x62cm grade_1=0
[INFO]   P4: 48x14cm grade_1=0
[INFO]   P5: 65x48cm grade_1=0
[INFO]   P6: 65x52cm grade_1=0
[INFO]   P8: 91x19cm grade_1=0
[INFO]   P10: 81x49cm grade_1=0
[INFO]   P11: 91x48cm grade_1=0
[INFO]   P12: 91x49cm grade_1=0
[INFO]   P14: 91x24cm grade_1=0
[INFO]   P15: 48x24cm grade_1=0
[INFO]   P16: 69x34cm grade_1=0
[INFO]   P17: 71x49cm grade_1=0
[INFO]   P18: 87x50cm grade_1=0
[INFO]   P20: 62x19cm grade_1=0
[INFO]   P21: 91x19cm grade_1=0
[INFO]   P22: 87x48cm grade_1=0
[INFO]   P23: 96x48cm grade_1=0
[INFO]   P24: 96x49cm grade_1=0
[INFO]   P25: 65x62cm grade_1=0
[INFO]   P109: 61x19cm grade_1=0
[INFO]   P112: 24x19cm grade_1=0
[INFO]   P113: 19x14cm grade_1=0
[INFO]   P115: 61x20cm grade_1=0
[INFO]   P118: 62x61cm grade_1=0
[INFO]   P501: 87x38cm grade_1=0
[INFO] \u2705 obras_salvas.json gerado: 27 pilares \u2192 D:\Agente-cad-PYSIDE\DADOS-OBRAS\Obra_TREINO_11\Fase-4_Sincronizacao\obras_salvas.json
[INFO] \u2705 pavimentos_lista.json gerado \u2192 D:\Agente-cad-PYSIDE\DADOS-OBRAS\Obra_TREINO_11\Fase-4_Sincronizacao\pavimentos_lista.json

============================================================
PIPELINE E2E — Obra_TREINO_11 | GWT-1SS
============================================================

[FASE 1] Descoberta de DXFs
  [SKIP] dxf_discovery.json ja existe e contem Obra_TREINO_11

[FASE 2] Engenharia Reversa (Ground Truth)
  [RUN] engenharia_reversa_dxf.py ...
        -> FALHOU (code 1) (325.3s)

[FASE 3] Extração Dimensional
  [RUN] extrair_bh_pilares.py ...
        -> OK (81.3s)
  [RUN] extrair_vigas_lv.py ...
        -> OK (20.0s)
  [RUN] extrair_lajes_lj.py ...
        -> OK (17.6s)
  [RUN] extrair_garfos_evg.py ...
        -> FALHOU (code 1) (0.6s)
  [RUN] extrair_largura_vigas.py ...
        -> FALHOU (code 2) (0.0s)
  [RUN] extrair_assembly_pl.py ...
        -> FALHOU (code 2) (0.6s)
  [RUN] integrar_fichas_fase3.py ...
        -> OK (0.1s)

[FASE 4] Motor Fase 4 (Transformacao Fase-3 -> Fase-4)
  [CLEAN] Removendo 26 JSONs antigos de JSON_Pilares/
  [CLEAN] Removendo 108 JSONs antigos de JSON_Vigas_Laterais/
  [CLEAN] Removendo 54 JSONs antigos de JSON_Vigas_Fundo/
  [CLEAN] Removendo 13 JSONs antigos de JSON_Lajes/
  [RUN] motor_fase4.py ...
        -> OK (0.3s)

[FASE 5] Geração DXF Individual
  [CLEAN] Removendo 26 DXFs antigos de DXF_Pilares/
  [CLEAN] Removendo 54 DXFs antigos de DXF_Vigas/
  [CLEAN] Removendo 13 DXFs antigos de DXF_Lajes/
  [RUN] gerar_dxf_pilares.py ...
        -> OK (0.9s)
  [RUN] gerar_dxf_vigas.py ...
        -> OK (0.9s)
  [RUN] gerar_dxf_lajes.py ...
        -> OK (0.8s)

[FASE 5b] Comparação DXF Individual vs STOG
  [RUN] comparar_dxf.py ...
        -> FALHOU (code 1) (2.2s)

[FASE 6] Extração de Âncoras (coords absolutas)
  [RUN] extrair_ancoras_dxf.py ...
        -> OK (118.3s)

[FASE 7] Consolidação DXF Coletivo
  [RUN] consolidar_dxf_pilares.py ...
        -> OK (1.2s)
  [RUN] consolidar_dxf_vigas.py ...
        -> OK (1.0s)
  [RUN] consolidar_dxf_lajes.py ...
        -> FALHOU (code 2) (0.6s)

[FASE 8] Validação DXF Coletivo
  [RUN] validar_dxf_coletivo.py ...
        -> OK (0.7s)

[FASE 9] Geração obras_salvas.json (formato robô)
  [RUN] gerar_obras_salvas.py ...
        -> OK (0.1s)

============================================================
PIPELINE CONCLUÍDO — REPROVADO
  Score coletivo: 57.4%
  Fases com falha: ['eng_reversa']
  Relatório: D:\Agente-cad-PYSIDE\DADOS-OBRAS\Obra_TREINO_11\Fase-8_Revisao_Entrega\pipeline_report.json
============================================================

[INFO] === engenharia_reversa_dxf.py | Obra: Obra_TREINO_11 | Pav: GWT-2PV ===
[INFO] Diretório: D:\Agente-cad-PYSIDE\DADOS-OBRAS\Obra_TREINO_11\Fase-1_Ingestao\Projetos_Finalizados_para_Engenharia_Reversa
[INFO] Usando caminhos do dxf_discovery.json para pav 'GWT-2PV'
[INFO] PL DXF: NOVA-SCHWARTZ-GWT-2PV-PL-R00_R2018_ASCII_ODA.dxf
[INFO] Pilares extraídos: 26 IDs | Pé Direito: 652.0cm -> D:\Agente-cad-PYSIDE\DADOS-OBRAS\Obra_TREINO_11\Fase-3_Interpretacao_Extracao\Pilares\pilares_ground_truth.json
[INFO] LV DXF: NOVA-SCHWARTZ-GWT-2PV-LV-R00_R2018_ASCII_ODA.dxf
[INFO] Vigas extraídas: 28 IDs -> D:\Agente-cad-PYSIDE\DADOS-OBRAS\Obra_TREINO_11\Fase-3_Interpretacao_Extracao\Vigas\vigas_ground_truth.json
[INFO] LJ DXF: NOVA-SCHWARTZ-GWT-2PV-LJ-R00_R2018_ASCII_ODA.dxf
[INFO] Lajes extraídas: 12 IDs -> D:\Agente-cad-PYSIDE\DADOS-OBRAS\Obra_TREINO_11\Fase-3_Interpretacao_Extracao\Lajes\lajes_ground_truth.json
[INFO] === RESULTADO: 26 pilares (ground truth) ===
[INFO] NOTA: IDs e count são CONFIÁVEIS. B/H requerem revisão manual ou análise visual.
[INFO] Ground truth salvo em: D:\Agente-cad-PYSIDE\DADOS-OBRAS\Obra_TREINO_11\Fase-3_Interpretacao_Extracao
[INFO] === extrair_bh_pilares.py | Obra_TREINO_11 | GWT-2PV ===
[INFO] PL DXF: NOVA-SCHWARTZ-GWT-2PV-PL-R00_R2018_ASCII_ODA.dxf
[INFO] Max distancia proximity: 300.0 unidades DXF
[INFO] Lendo DXF (pode demorar para arquivos grandes)...
[INFO] DXF carregado: 6385 entidades
[INFO] Extraindo posicoes dos pilares (layer Texto Secao)...
[INFO] Pilares encontrados: 26
[INFO] Extraindo DIMENSION entities (layers de cota)...
[INFO] DIMENSIONs de cota encontradas: 604
[INFO] Inverse proximity: 604 dims assignadas a 26 pilares

[RESULTADO] Extracao B/H de Pilares
  Total pilares:      26
  B+H completos:      26 (100.0%)
  Apenas H:           0
  Sem dados:          0

[INFO] Salvo em: D:\Agente-cad-PYSIDE\DADOS-OBRAS\Obra_TREINO_11\Fase-3_Interpretacao_Extracao\Pilares\pilares_bh.json
[INFO] pilares_ground_truth.json atualizado: 26 pilares com B/H

[AMOSTRA] Primeiros 5 pilares extraidos:
  P1: B=19.0cm, H=38.0cm, conf=90%
  P2: B=38.0cm, H=91.0cm, conf=90%
  P3: B=18.0cm, H=34.0cm, conf=90%
  P4: B=49.0cm, H=76.0cm, conf=90%
  P5: B=49.5cm, H=70.0cm, conf=90%
DXF: NOVA-SCHWARTZ-GWT-2PV-LV-R00_R2018_ASCII_ODA.dxf
  Labels encontrados: 27 vigas
  Cota Seção (2x): 0 dims
  COTA: 746 dims

=== RESULTADO ===
  Total vigas: 27
  Com altura_lateral: 0/27
  Com comprimento: 27/27
  Com ambos: 0/27
  Confiança média: 82%
  Output: D:\Agente-cad-PYSIDE\DADOS-OBRAS\Obra_TREINO_11\Fase-3_Interpretacao_Extracao\Vigas\vigas_dim.json

Viga     Alt(cm)    Comp(cm)     Conf     Sides
-------------------------------------------------------
V402     None       324          78%      A+B
V501     None       324          88%      A+B
V502     None       256          88%      A+B
V503     None       316          78%      A+B
V504     None       244          78%      A+B
V505     None       246          78%      A+B
V507     None       233          88%      A+B
V508     None       244          78%      A+B
V509     None       246          78%      A+B
V510     None       282          88%      A+B
V511     None       324          88%      A+B
V512     None       324          88%      A+B
V513     None       244          78%      A+B
V514     None       292          78%      A+B
V516     None       246          88%      A+B
V517     None       244          78%      A+B
V518     None       292          78%      A+B
V519     None       292          78%      A+B
V520     None       246          78%      A+B
V521     None       282          88%      A+B
V522     None       246          78%      A+B
V523     None       282          78%      A+B
V524     None       233          88%      A+B
V525     None       324          88%      A+B
V526     None       324          88%      A+B
V529     None       256          78%      A+B
V506A    None       246          78%      A+B
[INFO] === extrair_lajes_lj.py | Obra_TREINO_11 | GWT-2PV ===
[INFO] LJ DXF: NOVA-SCHWARTZ-GWT-2PV-LJ-R00_R2018_ASCII_ODA.dxf
[INFO] Lendo DXF...
[INFO] 1063 entidades
[INFO] Extraindo labels e codigos de lajes...
[DEBUG] Labels encontrados: ['L1', 'L10', 'L11', 'L12', 'L2', 'L3', 'L4', 'L5', 'L6', 'L7', 'L8', 'L9']
[DEBUG] Lajes com paineis AUX00: []
[INFO] Lajes encontradas: 12
[INFO] Construindo fichas com coordenadas...

[RESULTADO] Extracao de Lajes
  Total lajes:        12
  Com dimensoes:      0
  Com coordenadas:    1

[INFO] Salvo em: D:\Agente-cad-PYSIDE\DADOS-OBRAS\Obra_TREINO_11\Fase-3_Interpretacao_Extracao\Lajes\lajes_data.json
[INFO] lajes_ground_truth.json atualizado: 0 lajes com dimensoes

[AMOSTRA] Primeiras lajes:
  L1: NonexNonecm | area=Nonecm2 | coords=0pts | conf=30%
  L2: NonexNonecm | area=Nonecm2 | coords=0pts | conf=30%
  L3: NonexNonecm | area=Nonecm2 | coords=0pts | conf=30%
  L4: NonexNonecm | area=Nonecm2 | coords=0pts | conf=30%
  L5: NonexNonecm | area=Nonecm2 | coords=0pts | conf=30%
  L6: NonexNonecm | area=Nonecm2 | coords=0pts | conf=30%
  L7: NonexNonecm | area=Nonecm2 | coords=0pts | conf=30%
  L8: NonexNonecm | area=Nonecm2 | coords=0pts | conf=30%
ERRO: Nenhum EVG DXF encontrado em D:\Agente-cad-PYSIDE\DADOS-OBRAS\Obra_TREINO_11
C:\Python314\python.exe: can't open file 'D:\\Agente-cad-PYSIDE\\Agente-cad-PYSIDE-Restored-main\\scripts\\extrair_largura_vigas.py': [Errno 2] No such file or directory
usage: extrair_assembly_pl.py [-h] --obra OBRA [--pav PAV] [--output OUTPUT]
extrair_assembly_pl.py: error: unrecognized arguments: --pavimento GWT-2PV
=== VIGAS ===
  AVISO: vigas_largura.json nao encontrado — usando b=15cm (default)
  AVISO: Viga V402: altura_lateral=0, usando h=40
  AVISO: Viga V501: altura_lateral=0, usando h=40
  AVISO: Viga V502: altura_lateral=0, usando h=40
  AVISO: Viga V503: altura_lateral=0, usando h=40
  AVISO: Viga V504: altura_lateral=0, usando h=40
  AVISO: Viga V505: altura_lateral=0, usando h=40
  AVISO: Viga V507: altura_lateral=0, usando h=40
  AVISO: Viga V508: altura_lateral=0, usando h=40
  AVISO: Viga V509: altura_lateral=0, usando h=40
  AVISO: Viga V510: altura_lateral=0, usando h=40
  AVISO: Viga V511: altura_lateral=0, usando h=40
  AVISO: Viga V512: altura_lateral=0, usando h=40
  AVISO: Viga V513: altura_lateral=0, usando h=40
  AVISO: Viga V514: altura_lateral=0, usando h=40
  AVISO: Viga V516: altura_lateral=0, usando h=40
  AVISO: Viga V517: altura_lateral=0, usando h=40
  AVISO: Viga V518: altura_lateral=0, usando h=40
  AVISO: Viga V519: altura_lateral=0, usando h=40
  AVISO: Viga V520: altura_lateral=0, usando h=40
  AVISO: Viga V521: altura_lateral=0, usando h=40
  AVISO: Viga V522: altura_lateral=0, usando h=40
  AVISO: Viga V523: altura_lateral=0, usando h=40
  AVISO: Viga V524: altura_lateral=0, usando h=40
  AVISO: Viga V525: altura_lateral=0, usando h=40
  AVISO: Viga V526: altura_lateral=0, usando h=40
  AVISO: Viga V529: altura_lateral=0, usando h=40
  AVISO: Viga V506A: altura_lateral=0, usando h=40
  vigas.json atualizado: 27 vigas
    V402: b=15.0cm h=40.0cm L=324.0cm
    V501: b=15.0cm h=40.0cm L=324.0cm
    V502: b=15.0cm h=40.0cm L=256.0cm
    V503: b=15.0cm h=40.0cm L=316.0cm
    V504: b=15.0cm h=40.0cm L=244.0cm
    V505: b=15.0cm h=40.0cm L=246.0cm
    V507: b=15.0cm h=40.0cm L=233.0cm
    V508: b=15.0cm h=40.0cm L=244.0cm
    V509: b=15.0cm h=40.0cm L=246.0cm
    V510: b=15.0cm h=40.0cm L=281.5cm
    V511: b=15.0cm h=40.0cm L=324.0cm
    V512: b=15.0cm h=40.0cm L=324.0cm
    V513: b=15.0cm h=40.0cm L=244.0cm
    V514: b=15.0cm h=40.0cm L=292.5cm
    V516: b=15.0cm h=40.0cm L=246.0cm
    V517: b=15.0cm h=40.0cm L=244.0cm
    V518: b=15.0cm h=40.0cm L=292.5cm
    V519: b=15.0cm h=40.0cm L=292.5cm
    V520: b=15.0cm h=40.0cm L=246.0cm
    V521: b=15.0cm h=40.0cm L=282.5cm
    V522: b=15.0cm h=40.0cm L=246.0cm
    V523: b=15.0cm h=40.0cm L=282.5cm
    V524: b=15.0cm h=40.0cm L=233.0cm
    V525: b=15.0cm h=40.0cm L=324.0cm
    V526: b=15.0cm h=40.0cm L=324.0cm
    V529: b=15.0cm h=40.0cm L=256.0cm
    V506A: b=15.0cm h=40.0cm L=246.0cm

=== LAJES ===
  AVISO: lajes_poligono.json nao encontrado, usando lajes_data.json
  AVISO: Laje L1: dimensoes invalidas, usando 100x100
  AVISO: Laje L2: dimensoes invalidas, usando 100x100
  AVISO: Laje L3: dimensoes invalidas, usando 100x100
  AVISO: Laje L4: dimensoes invalidas, usando 100x100
  AVISO: Laje L5: dimensoes invalidas, usando 100x100
  AVISO: Laje L6: dimensoes invalidas, usando 100x100
  AVISO: Laje L7: dimensoes invalidas, usando 100x100
  AVISO: Laje L8: dimensoes invalidas, usando 100x100
  AVISO: Laje L9: dimensoes invalidas, usando 100x100
  AVISO: Laje L10: dimensoes invalidas, usando 100x100
  AVISO: Laje L11: dimensoes invalidas, usando 100x100
  AVISO: Laje L12: dimensoes invalidas, usando 100x100
  lajes.json atualizado: 12 lajes
    L1: 100.0x100.0cm area=10000 [label-only]
    L2: 100.0x100.0cm area=10000 [label-only]
    L3: 100.0x100.0cm area=10000 [label-only]
    L4: 100.0x100.0cm area=10000 [label-only]
    L5: 100.0x100.0cm area=10000 [label-only]
    L6: 100.0x100.0cm area=10000 [label-only]
    L7: 100.0x100.0cm area=10000 [label-only]
    L8: 100.0x100.0cm area=10000 [label-only]
    L9: 100.0x100.0cm area=10000 [label-only]
    L10: 100.0x100.0cm area=10000 [label-only]
    L11: 100.0x100.0cm area=10000 [label-only]
    L12: 100.0x100.0cm area=10000 [label-only]

=== INTEGRACAO COMPLETA: 27 vigas + 12 lajes ===
  Proximos passos: python scripts/motor_fase4.py --obra D:\Agente-cad-PYSIDE\DADOS-OBRAS\Obra_TREINO_11
[INFO] === motor_fase4.py | Obra: Obra_TREINO_11 | Pav: GWT-2PV ===
[INFO] Carregado: D:\Agente-cad-PYSIDE\DADOS-OBRAS\Obra_TREINO_11\Fase-3_Interpretacao_Extracao\Pilares\pilares_bh.json (27 itens)
[WARNING] pilares_assembly.json nao encontrado — grades ficarao zeradas
[INFO]   \u2705 Pilar P1: 38.0x19.0cm, h=280.0cm
[INFO]   \u2705 Pilar P2: 91.0x38.0cm, h=280.0cm
[INFO]   \u2705 Pilar P3: 34.0x18.0cm, h=280.0cm
[INFO]   \u2705 Pilar P4: 76.0x49.0cm, h=280.0cm
[INFO]   \u2705 Pilar P5: 70.0x49.5cm, h=280.0cm
[INFO]   \u2705 Pilar P6: 34.0x26.0cm, h=280.0cm
[INFO]   \u2705 Pilar P7: 83.0x19.0cm, h=280.0cm
[INFO]   \u2705 Pilar P8: 91.0x38.0cm, h=280.0cm
[INFO]   \u2705 Pilar P9: 91.0x19.0cm, h=280.0cm
[INFO]   \u2705 Pilar P10: 83.0x19.0cm, h=280.0cm
[INFO]   \u2705 Pilar P11: 61.0x58.0cm, h=280.0cm
[INFO]   \u2705 Pilar P12: 64.0x29.0cm, h=280.0cm
[INFO]   \u2705 Pilar P13: 81.0x24.0cm, h=280.0cm
[INFO]   \u2705 Pilar P14: 91.0x38.0cm, h=280.0cm
[INFO]   \u2705 Pilar P15: 44.0x19.0cm, h=280.0cm
[INFO]   \u2705 Pilar P16: 97.0x35.0cm, h=280.0cm
[INFO]   \u2705 Pilar P17: 44.0x34.0cm, h=280.0cm
[INFO]   \u2705 Pilar P18: 34.0x23.0cm, h=280.0cm
[INFO]   \u2705 Pilar P19: 83.0x49.0cm, h=280.0cm
[INFO]   \u2705 Pilar P20: 66.0x54.0cm, h=280.0cm
[INFO]   \u2705 Pilar P21: 91.0x41.5cm, h=280.0cm
[INFO]   \u2705 Pilar P22: 76.0x34.0cm, h=280.0cm
[INFO]   \u2705 Pilar P23: 87.0x76.0cm, h=280.0cm
[INFO]   \u2705 Pilar P24: 50.0x30.0cm, h=280.0cm
[INFO]   \u2705 Pilar P25: 50.0x30.0cm, h=280.0cm
[INFO]   \u2705 Pilar P26: 89.5x34.0cm, h=280.0cm
[INFO] Pilares: 26 processados -> D:\Agente-cad-PYSIDE\DADOS-OBRAS\Obra_TREINO_11\Fase-4_Sincronizacao\pilares_salvos.json
[INFO] Carregado: D:\Agente-cad-PYSIDE\DADOS-OBRAS\Obra_TREINO_11\Fase-3_Interpretacao_Extracao\Vigas\vigas.json (28 itens)
[INFO]   \u2705 Viga V402: b=15.0cm, h=40.0cm, L=324.0cm -> A+B
[INFO]   \u2705 Viga V501: b=15.0cm, h=40.0cm, L=324.0cm -> A+B
[INFO]   \u2705 Viga V502: b=15.0cm, h=40.0cm, L=256.0cm -> A+B
[INFO]   \u2705 Viga V503: b=15.0cm, h=40.0cm, L=316.0cm -> A+B
[INFO]   \u2705 Viga V504: b=15.0cm, h=40.0cm, L=244.0cm -> A+B
[INFO]   \u2705 Viga V505: b=15.0cm, h=40.0cm, L=246.0cm -> A+B
[INFO]   \u2705 Viga V507: b=15.0cm, h=40.0cm, L=233.0cm -> A+B
[INFO]   \u2705 Viga V508: b=15.0cm, h=40.0cm, L=244.0cm -> A+B
[INFO]   \u2705 Viga V509: b=15.0cm, h=40.0cm, L=246.0cm -> A+B
[INFO]   \u2705 Viga V510: b=15.0cm, h=40.0cm, L=281.5cm -> A+B
[INFO]   \u2705 Viga V511: b=15.0cm, h=40.0cm, L=324.0cm -> A+B
[INFO]   \u2705 Viga V512: b=15.0cm, h=40.0cm, L=324.0cm -> A+B
[INFO]   \u2705 Viga V513: b=15.0cm, h=40.0cm, L=244.0cm -> A+B
[INFO]   \u2705 Viga V514: b=15.0cm, h=40.0cm, L=292.5cm -> A+B
[INFO]   \u2705 Viga V516: b=15.0cm, h=40.0cm, L=246.0cm -> A+B
[INFO]   \u2705 Viga V517: b=15.0cm, h=40.0cm, L=244.0cm -> A+B
[INFO]   \u2705 Viga V518: b=15.0cm, h=40.0cm, L=292.5cm -> A+B
[INFO]   \u2705 Viga V519: b=15.0cm, h=40.0cm, L=292.5cm -> A+B
[INFO]   \u2705 Viga V520: b=15.0cm, h=40.0cm, L=246.0cm -> A+B
[INFO]   \u2705 Viga V521: b=15.0cm, h=40.0cm, L=282.5cm -> A+B
[INFO]   \u2705 Viga V522: b=15.0cm, h=40.0cm, L=246.0cm -> A+B
[INFO]   \u2705 Viga V523: b=15.0cm, h=40.0cm, L=282.5cm -> A+B
[INFO]   \u2705 Viga V524: b=15.0cm, h=40.0cm, L=233.0cm -> A+B
[INFO]   \u2705 Viga V525: b=15.0cm, h=40.0cm, L=324.0cm -> A+B
[INFO]   \u2705 Viga V526: b=15.0cm, h=40.0cm, L=324.0cm -> A+B
[INFO]   \u2705 Viga V529: b=15.0cm, h=40.0cm, L=256.0cm -> A+B
[INFO]   \u2705 Viga V506A: b=15.0cm, h=40.0cm, L=246.0cm -> A+B
[INFO] Vigas: 27 processadas -> D:\Agente-cad-PYSIDE\DADOS-OBRAS\Obra_TREINO_11\Fase-4_Sincronizacao\vigas_salvas.json
[INFO] Carregado: D:\Agente-cad-PYSIDE\DADOS-OBRAS\Obra_TREINO_11\Fase-3_Interpretacao_Extracao\Lajes\lajes.json (13 itens)
[INFO]   \u2705 Laje L1: 100.0x100.0cm, 1 cortes
[INFO]   \u2705 Laje L2: 100.0x100.0cm, 1 cortes
[INFO]   \u2705 Laje L3: 100.0x100.0cm, 1 cortes
[INFO]   \u2705 Laje L4: 100.0x100.0cm, 1 cortes
[INFO]   \u2705 Laje L5: 100.0x100.0cm, 1 cortes
[INFO]   \u2705 Laje L6: 100.0x100.0cm, 1 cortes
[INFO]   \u2705 Laje L7: 100.0x100.0cm, 1 cortes
[INFO]   \u2705 Laje L8: 100.0x100.0cm, 1 cortes
[INFO]   \u2705 Laje L9: 100.0x100.0cm, 1 cortes
[INFO]   \u2705 Laje L10: 100.0x100.0cm, 1 cortes
[INFO]   \u2705 Laje L11: 100.0x100.0cm, 1 cortes
[INFO]   \u2705 Laje L12: 100.0x100.0cm, 1 cortes
[INFO] Lajes: 12 processadas -> D:\Agente-cad-PYSIDE\DADOS-OBRAS\Obra_TREINO_11\Fase-4_Sincronizacao\lajes_salvas.json
[INFO] obras_salvas.json: 26 pilares \u2192 D:\Agente-cad-PYSIDE\DADOS-OBRAS\Obra_TREINO_11\Fase-4_Sincronizacao\obras_salvas.json
[INFO] === RESULTADO: 26 pilares, 27 vigas, 12 lajes | 0 erros ===
  pilares_bh.json: 27 pilares

=== GERANDO DXF PILARES (26 pilares) ===
  P1: b=19 h=38 paineis=12 alt=280cm [BH-extraido]
  P10: b=19 h=83 paineis=12 alt=280cm [BH-extraido]
  P11: b=58 h=61 paineis=12 alt=280cm [BH-extraido]
  P12: b=29 h=64 paineis=12 alt=280cm [BH-extraido]
  P13: b=24 h=81 paineis=12 alt=280cm [BH-extraido]
  P14: b=38 h=91 paineis=12 alt=280cm [BH-extraido]
  P15: b=19 h=44 paineis=12 alt=280cm [BH-extraido]
  P16: b=35 h=97 paineis=12 alt=280cm [BH-extraido]
  P17: b=34 h=44 paineis=12 alt=280cm [BH-extraido]
  P18: b=23 h=34 paineis=12 alt=280cm [BH-extraido]
  P19: b=49 h=83 paineis=12 alt=280cm [BH-extraido]
  P2: b=38 h=91 paineis=12 alt=280cm [BH-extraido]
  P20: b=54 h=66 paineis=12 alt=280cm [BH-extraido]
  P21: b=42 h=91 paineis=12 alt=280cm [BH-extraido]
  P22: b=34 h=76 paineis=12 alt=280cm [BH-extraido]
  P23: b=76 h=87 paineis=12 alt=280cm [BH-extraido]
  P24: b=30 h=50 paineis=12 alt=280cm [BH-extraido]
  P25: b=30 h=50 paineis=12 alt=280cm [BH-extraido]
  P26: b=34 h=90 paineis=12 alt=280cm [BH-extraido]
  P3: b=18 h=34 paineis=12 alt=280cm [BH-extraido]
  P4: b=49 h=76 paineis=12 alt=280cm [BH-extraido]
  P5: b=50 h=70 paineis=12 alt=280cm [BH-extraido]
  P6: b=26 h=34 paineis=12 alt=280cm [BH-extraido]
  P7: b=19 h=83 paineis=12 alt=280cm [BH-extraido]
  P8: b=38 h=91 paineis=12 alt=280cm [BH-extraido]
  P9: b=19 h=91 paineis=12 alt=280cm [BH-extraido]

=== RESULTADO: 26 DXFs gerados | 0 erros ===
  Relatorio: D:\Agente-cad-PYSIDE\DADOS-OBRAS\Obra_TREINO_11\Fase-5_Geracao_Scripts\DXF_Pilares\_relatorio.json
  DXFs em: D:\Agente-cad-PYSIDE\DADOS-OBRAS\Obra_TREINO_11\Fase-5_Geracao_Scripts\DXF_Pilares

  Proximo: python scripts/comparar_dxf_pilares.py --obra D:\Agente-cad-PYSIDE\DADOS-OBRAS\Obra_TREINO_11

=== GERANDO DXF VIGAS (27 vigas) ===
  V402: b=15 h=40 L=324cm | paineis A=3 B=3 F=3
  V501: b=15 h=40 L=324cm | paineis A=3 B=3 F=3
  V502: b=15 h=40 L=256cm | paineis A=3 B=3 F=3
  V503: b=15 h=40 L=316cm | paineis A=3 B=3 F=3
  V504: b=15 h=40 L=244cm | paineis A=3 B=3 F=3
  V505: b=15 h=40 L=246cm | paineis A=3 B=3 F=3
  V507: b=15 h=40 L=233cm | paineis A=2 B=2 F=2
  V508: b=15 h=40 L=244cm | paineis A=3 B=3 F=3
  V509: b=15 h=40 L=246cm | paineis A=3 B=3 F=3
  V510: b=15 h=40 L=282cm | paineis A=3 B=3 F=3
  V511: b=15 h=40 L=324cm | paineis A=3 B=3 F=3
  V512: b=15 h=40 L=324cm | paineis A=3 B=3 F=3
  V513: b=15 h=40 L=244cm | paineis A=3 B=3 F=3
  V514: b=15 h=40 L=292cm | paineis A=3 B=3 F=3
  V516: b=15 h=40 L=246cm | paineis A=3 B=3 F=3
  V517: b=15 h=40 L=244cm | paineis A=3 B=3 F=3
  V518: b=15 h=40 L=292cm | paineis A=3 B=3 F=3
  V519: b=15 h=40 L=292cm | paineis A=3 B=3 F=3
  V520: b=15 h=40 L=246cm | paineis A=3 B=3 F=3
  V521: b=15 h=40 L=282cm | paineis A=3 B=3 F=3
  V522: b=15 h=40 L=246cm | paineis A=3 B=3 F=3
  V523: b=15 h=40 L=282cm | paineis A=3 B=3 F=3
  V524: b=15 h=40 L=233cm | paineis A=2 B=2 F=2
  V525: b=15 h=40 L=324cm | paineis A=3 B=3 F=3
  V526: b=15 h=40 L=324cm | paineis A=3 B=3 F=3
  V529: b=15 h=40 L=256cm | paineis A=3 B=3 F=3
  V506A: b=15 h=40 L=246cm | paineis A=3 B=3 F=3

=== RESULTADO: 27 DXFs gerados | 0 erros ===
  Relatorio: D:\Agente-cad-PYSIDE\DADOS-OBRAS\Obra_TREINO_11\Fase-5_Geracao_Scripts\DXF_Vigas\_relatorio.json
  DXFs em: D:\Agente-cad-PYSIDE\DADOS-OBRAS\Obra_TREINO_11\Fase-5_Geracao_Scripts\DXF_Vigas

  Proximo: python scripts/comparar_dxf_vigas.py --obra D:\Agente-cad-PYSIDE\DADOS-OBRAS\Obra_TREINO_11

=== GERANDO DXF LAJES (12 lajes) ===
  L1: 100.0x100.0cm paineis=2x1 area=10000cm2
  L2: 100.0x100.0cm paineis=2x1 area=10000cm2
  L3: 100.0x100.0cm paineis=2x1 area=10000cm2
  L4: 100.0x100.0cm paineis=2x1 area=10000cm2
  L5: 100.0x100.0cm paineis=2x1 area=10000cm2
  L6: 100.0x100.0cm paineis=2x1 area=10000cm2
  L7: 100.0x100.0cm paineis=2x1 area=10000cm2
  L8: 100.0x100.0cm paineis=2x1 area=10000cm2
  L9: 100.0x100.0cm paineis=2x1 area=10000cm2
  L10: 100.0x100.0cm paineis=2x1 area=10000cm2
  L11: 100.0x100.0cm paineis=2x1 area=10000cm2
  L12: 100.0x100.0cm paineis=2x1 area=10000cm2

=== RESULTADO: 12 DXFs gerados | 0 erros ===
  Relatorio: D:\Agente-cad-PYSIDE\DADOS-OBRAS\Obra_TREINO_11\Fase-5_Geracao_Scripts\DXF_Lajes\_relatorio.json
  DXFs em: D:\Agente-cad-PYSIDE\DADOS-OBRAS\Obra_TREINO_11\Fase-5_Geracao_Scripts\DXF_Lajes

  Proximo: python scripts/comparar_dxf.py --obra D:\Agente-cad-PYSIDE\DADOS-OBRAS\Obra_TREINO_11

=== COMPARADOR DXF vs. GROUND TRUTH (tol=5.0%) ===

--- PILARES ---
  Match rate: 100.0% (26/26)
  Erro médio: 0.0%

--- VIGAS ---
  Match rate: 100.0% (27/27)
  Erro médio: 0.0%

--- LAJES ---
  Match rate: 91.7% (11/12)
  Erro médio: 3.7%
  DIFF L11: ref 100.0x100.0 | gen 110.5x22.3 | err=44.1%

=== SCORE GERAL: 97.2% (PASS | meta: 75.0%) ===
  Pilares: 100.0% | Vigas: 100.0% | Lajes: 91.7%

  Relatorio: D:\Agente-cad-PYSIDE\DADOS-OBRAS\Obra_TREINO_11\Fase-5_Geracao_Scripts\_relatorio_comparacao.json
[INFO] === extrair_ancoras_dxf.py | Obra_TREINO_11 | GWT-2PV ===
[INFO] PL DXF: NOVA-SCHWARTZ-GWT-2PV-PL-R00_R2018_ASCII_ODA.dxf
[INFO] Pilares: 26 ancoras extraidas do PL DXF
[INFO] Salvo: D:\Agente-cad-PYSIDE\DADOS-OBRAS\Obra_TREINO_11\Fase-3_Interpretacao_Extracao\ancoras_pilares.json (26 pilares)
[INFO] LV DXF: NOVA-SCHWARTZ-GWT-2PV-LV-R00_R2018_ASCII_ODA.dxf
[INFO] Vigas: 0 ancoras extraidas do LV DXF
[INFO] Salvo: D:\Agente-cad-PYSIDE\DADOS-OBRAS\Obra_TREINO_11\Fase-3_Interpretacao_Extracao\ancoras_vigas.json (0 vigas)
[INFO] LJ DXF: NOVA-SCHWARTZ-GWT-2PV-LJ-R00_R2018_ASCII_ODA.dxf
[INFO] Lajes: 12 ancoras extraidas do LJ DXF
[INFO] Salvo: D:\Agente-cad-PYSIDE\DADOS-OBRAS\Obra_TREINO_11\Fase-3_Interpretacao_Extracao\ancoras_lajes.json (12 lajes)

[RESULTADO]
  Pilares: 26 ancoras
  Vigas:   0 ancoras
  Lajes:   12 ancoras

  STATUS: PARCIAL (cobertura baixa)
[INFO] === consolidar_dxf_pilares.py | Obra_TREINO_11 | GWT-2PV ===
  P1: ancora=(16732,15344) offset=(16630,15204) [18 ents]
  P2: ancora=(18004,15338) offset=(17830,15198) [18 ents]
  P3: ancora=(16594,12617) offset=(16497,12477) [18 ents]
  P4: ancora=(17893,14522) offset=(17723,14382) [18 ents]
  P5: ancora=(17967,11334) offset=(17803,11194) [18 ents]
  P6: ancora=(16726,10900) offset=(16621,10760) [18 ents]
  P7: ancora=(17276,11944) offset=(17129,11804) [18 ents]
  P8: ancora=(17989,13454) offset=(17815,13314) [18 ents]
  P9: ancora=(19289,15332) offset=(19134,15192) [18 ents]
  P10: ancora=(15456,12524) offset=(15309,12384) [18 ents]
  P11: ancora=(17535,11271) offset=(17371,11131) [18 ents]
  P12: ancora=(18023,12512) offset=(17885,12372) [18 ents]
  P13: ancora=(19546,11263) offset=(19396,11123) [18 ents]
  P14: ancora=(19070,13623) offset=(18896,13483) [18 ents]
  P15: ancora=(15451,11582) offset=(15343,11442) [18 ents]
  P16: ancora=(16812,10458) offset=(16635,10318) [18 ents]
  P17: ancora=(15872,8731) offset=(15749,8591) [18 ents]
  P18: ancora=(17889,11851) offset=(17787,11711) [18 ents]
  P19: ancora=(18118,10263) offset=(17941,10123) [18 ents]
  P20: ancora=(15527,10398) offset=(15362,10258) [18 ents]
  P21: ancora=(15458,14408) offset=(15281,14268) [18 ents]
  P22: ancora=(16702,10634) offset=(16547,10494) [18 ents]
  P23: ancora=(17878,10961) offset=(17670,10821) [18 ents]
  P24: ancora=(17967,7993) offset=(17842,7853) [18 ents]
  P25: ancora=(19706,9309) offset=(19580,9169) [18 ents]
  P26: ancora=(16008,9040) offset=(15839,8900) [18 ents]

[RESULTADO]
  Pilares consolidados: 26/26
  Output: D:\Agente-cad-PYSIDE\DADOS-OBRAS\Obra_TREINO_11\Fase-6_Execucao_CAD\PL_gerado.dxf
  Validação: 468 entidades no PL_gerado.dxf
  Relatório: D:\Agente-cad-PYSIDE\DADOS-OBRAS\Obra_TREINO_11\Fase-6_Execucao_CAD\consolidacao_pilares.json
[INFO] === consolidar_dxf_vigas.py | Obra_TREINO_11 ===
  V402: ancora=(0,0) [13 ents]
  V501: ancora=(0,-600) [13 ents]
  V502: ancora=(0,-1200) [13 ents]
  V503: ancora=(0,-1800) [13 ents]
  V504: ancora=(0,-2400) [13 ents]
  V505: ancora=(0,-3000) [13 ents]
  V506A: ancora=(0,-3600) [13 ents]
  V507: ancora=(0,-4200) [10 ents]
  V508: ancora=(0,-4800) [13 ents]
  V509: ancora=(0,-5400) [13 ents]
  V510: ancora=(0,-6000) [13 ents]
  V511: ancora=(0,-6600) [13 ents]
  V512: ancora=(0,-7200) [13 ents]
  V513: ancora=(0,-7800) [13 ents]
  V514: ancora=(0,-8400) [13 ents]
  V516: ancora=(0,-9000) [13 ents]
  V517: ancora=(0,-9600) [13 ents]
  V518: ancora=(0,-10200) [13 ents]
  V519: ancora=(0,-10800) [13 ents]
  V520: ancora=(0,-11400) [13 ents]
  V521: ancora=(0,-12000) [13 ents]
  V522: ancora=(0,-12600) [13 ents]
  V523: ancora=(0,-13200) [13 ents]
  V524: ancora=(0,-13800) [10 ents]
  V525: ancora=(0,-14400) [13 ents]
  V526: ancora=(0,-15000) [13 ents]
  V529: ancora=(0,-15600) [13 ents]

[RESULTADO]
  LV_gerado.dxf: 27 vigas (345 entidades)
  FV_gerado.dxf: 27 vigas offset (345 entidades)
  Sem ancora: ['V402', 'V501', 'V502', 'V503', 'V504', 'V505', 'V506A', 'V507', 'V508', 'V509', 'V510', 'V511', 'V512', 'V513', 'V514', 'V516', 'V517', 'V518', 'V519', 'V520', 'V521', 'V522', 'V523', 'V524', 'V525', 'V526', 'V529']
usage: consolidar_dxf_lajes.py [-h] --obra OBRA
consolidar_dxf_lajes.py: error: unrecognized arguments: --pavimento GWT-2PV
[INFO] === validar_dxf_coletivo.py | Obra_TREINO_11 | GWT-2PV ===

  [PILARES]
    GT: 26 | Gerado: 26 | Corretos: 26
    id_match: 100.0% | hallucination: 0.0%
    SCORE: 100.0% — APROVADO

  [VIGAS]
    GT: 28 | Gerado: 27 | Corretos: 27
    id_match: 96.4% | hallucination: 0.0%
    SCORE: 97.9% — APROVADO
    Missing: ['V506']

  [LAJES]
    GT: 12 | Gerado: 12 | Corretos: 12
    id_match: 100.0% | hallucination: 0.0%
    SCORE: 100.0% — APROVADO

[RESULTADO GLOBAL]
  Score global: 99.3%
  Status: APROVADO (>=90%)

[INFO] Salvo: D:\Agente-cad-PYSIDE\DADOS-OBRAS\Obra_TREINO_11\Fase-6_Execucao_CAD\validation_coletivo.json
[INFO] Processando 26 pilares \u2192 obras_salvas.json
[INFO]   P1: 38x19cm grade_1=0
[INFO]   P2: 91x38cm grade_1=0
[INFO]   P3: 34x18cm grade_1=0
[INFO]   P4: 76x49cm grade_1=0
[INFO]   P5: 70x49cm grade_1=0
[INFO]   P6: 34x26cm grade_1=0
[INFO]   P7: 83x19cm grade_1=0
[INFO]   P8: 91x38cm grade_1=0
[INFO]   P9: 91x19cm grade_1=0
[INFO]   P10: 83x19cm grade_1=0
[INFO]   P11: 61x58cm grade_1=0
[INFO]   P12: 64x29cm grade_1=0
[INFO]   P13: 81x24cm grade_1=0
[INFO]   P14: 91x38cm grade_1=0
[INFO]   P15: 44x19cm grade_1=0
[INFO]   P16: 97x35cm grade_1=0
[INFO]   P17: 44x34cm grade_1=0
[INFO]   P18: 34x23cm grade_1=0
[INFO]   P19: 83x49cm grade_1=0
[INFO]   P20: 66x54cm grade_1=0
[INFO]   P21: 91x41cm grade_1=0
[INFO]   P22: 76x34cm grade_1=0
[INFO]   P23: 87x76cm grade_1=0
[INFO]   P24: 50x30cm grade_1=0
[INFO]   P25: 50x30cm grade_1=0
[INFO]   P26: 89x34cm grade_1=0
[INFO] \u2705 obras_salvas.json gerado: 26 pilares \u2192 D:\Agente-cad-PYSIDE\DADOS-OBRAS\Obra_TREINO_11\Fase-4_Sincronizacao\obras_salvas.json
[INFO] \u2705 pavimentos_lista.json gerado \u2192 D:\Agente-cad-PYSIDE\DADOS-OBRAS\Obra_TREINO_11\Fase-4_Sincronizacao\pavimentos_lista.json

============================================================
PIPELINE E2E — Obra_TREINO_11 | GWT-2PV
============================================================

[FASE 1] Descoberta de DXFs
  [SKIP] dxf_discovery.json ja existe e contem Obra_TREINO_11

[FASE 2] Engenharia Reversa (Ground Truth)
  [RUN] engenharia_reversa_dxf.py ...
        -> OK (5.5s)

[FASE 3] Extração Dimensional
  [RUN] extrair_bh_pilares.py ...
        -> OK (2.2s)
  [RUN] extrair_vigas_lv.py ...
        -> OK (1.8s)
  [RUN] extrair_lajes_lj.py ...
        -> OK (0.9s)
  [RUN] extrair_garfos_evg.py ...
        -> FALHOU (code 1) (0.6s)
  [RUN] extrair_largura_vigas.py ...
        -> FALHOU (code 2) (0.0s)
  [RUN] extrair_assembly_pl.py ...
        -> FALHOU (code 2) (0.6s)
  [RUN] integrar_fichas_fase3.py ...
        -> OK (0.1s)

[FASE 4] Motor Fase 4 (Transformacao Fase-3 -> Fase-4)
  [CLEAN] Removendo 27 JSONs antigos de JSON_Pilares/
  [CLEAN] Removendo 60 JSONs antigos de JSON_Vigas_Laterais/
  [CLEAN] Removendo 30 JSONs antigos de JSON_Vigas_Fundo/
  [CLEAN] Removendo 26 JSONs antigos de JSON_Lajes/
  [RUN] motor_fase4.py ...
        -> OK (0.2s)

[FASE 5] Geração DXF Individual
  [CLEAN] Removendo 27 DXFs antigos de DXF_Pilares/
  [CLEAN] Removendo 30 DXFs antigos de DXF_Vigas/
  [CLEAN] Removendo 26 DXFs antigos de DXF_Lajes/
  [RUN] gerar_dxf_pilares.py ...
        -> OK (0.8s)
  [RUN] gerar_dxf_vigas.py ...
        -> OK (0.8s)
  [RUN] gerar_dxf_lajes.py ...
        -> OK (0.6s)

[FASE 5b] Comparação DXF Individual vs STOG
  [RUN] comparar_dxf.py ...
        -> OK (1.6s)

[FASE 6] Extração de Âncoras (coords absolutas)
  [RUN] extrair_ancoras_dxf.py ...
        -> OK (3.7s)

[FASE 7] Consolidação DXF Coletivo
  [RUN] consolidar_dxf_pilares.py ...
        -> OK (0.9s)
  [RUN] consolidar_dxf_vigas.py ...
        -> OK (0.9s)
  [RUN] consolidar_dxf_lajes.py ...
        -> FALHOU (code 2) (0.6s)

[FASE 8] Validação DXF Coletivo
  [RUN] validar_dxf_coletivo.py ...
        -> OK (0.6s)

[FASE 9] Geração obras_salvas.json (formato robô)
  [RUN] gerar_obras_salvas.py ...
        -> OK (0.1s)

============================================================
PIPELINE CONCLUÍDO — APROVADO
  Score coletivo: 99.3%
  Relatório: D:\Agente-cad-PYSIDE\DADOS-OBRAS\Obra_TREINO_11\Fase-8_Revisao_Entrega\pipeline_report.json
============================================================

[INFO] === engenharia_reversa_dxf.py | Obra: Obra_TREINO_11 | Pav: GWT-5PV ===
[INFO] Diretório: D:\Agente-cad-PYSIDE\DADOS-OBRAS\Obra_TREINO_11\Fase-1_Ingestao\Projetos_Finalizados_para_Engenharia_Reversa
[INFO] Usando caminhos do dxf_discovery.json para pav 'GWT-5PV'
[INFO] PL DXF: NOVA-SCHWARTZ-GWT-5PV-PL-R00_R2018_ASCII_ODA.dxf
[INFO] Pilares extraídos: 26 IDs | Pé Direito: 652.0cm -> D:\Agente-cad-PYSIDE\DADOS-OBRAS\Obra_TREINO_11\Fase-3_Interpretacao_Extracao\Pilares\pilares_ground_truth.json
[INFO] LV DXF: NOVA-SCHWARTZ-GWT-5PV-LV-R00_R2018_ASCII_ODA.dxf
[INFO] Vigas extraídas: 30 IDs -> D:\Agente-cad-PYSIDE\DADOS-OBRAS\Obra_TREINO_11\Fase-3_Interpretacao_Extracao\Vigas\vigas_ground_truth.json
[INFO] LJ DXF: NOVA-SCHWARTZ-GWT-5PV-LJ-R00_R2018_ASCII_ODA.dxf
[INFO] Lajes extraídas: 16 IDs -> D:\Agente-cad-PYSIDE\DADOS-OBRAS\Obra_TREINO_11\Fase-3_Interpretacao_Extracao\Lajes\lajes_ground_truth.json
[INFO] === RESULTADO: 26 pilares (ground truth) ===
[INFO] NOTA: IDs e count são CONFIÁVEIS. B/H requerem revisão manual ou análise visual.
[INFO] Ground truth salvo em: D:\Agente-cad-PYSIDE\DADOS-OBRAS\Obra_TREINO_11\Fase-3_Interpretacao_Extracao
[INFO] === extrair_bh_pilares.py | Obra_TREINO_11 | GWT-5PV ===
[INFO] PL DXF: NOVA-SCHWARTZ-GWT-5PV-PL-R00_R2018_ASCII_ODA.dxf
[INFO] Max distancia proximity: 300.0 unidades DXF
[INFO] Lendo DXF (pode demorar para arquivos grandes)...
[INFO] DXF carregado: 5317 entidades
[INFO] Extraindo posicoes dos pilares (layer Texto Secao)...
[INFO] Pilares encontrados: 26
[INFO] Extraindo DIMENSION entities (layers de cota)...
[INFO] DIMENSIONs de cota encontradas: 420
[INFO] Inverse proximity: 420 dims assignadas a 26 pilares

[RESULTADO] Extracao B/H de Pilares
  Total pilares:      26
  B+H completos:      26 (100.0%)
  Apenas H:           0
  Sem dados:          0

[INFO] Salvo em: D:\Agente-cad-PYSIDE\DADOS-OBRAS\Obra_TREINO_11\Fase-3_Interpretacao_Extracao\Pilares\pilares_bh.json
[INFO] pilares_ground_truth.json atualizado: 26 pilares com B/H

[AMOSTRA] Primeiros 5 pilares extraidos:
  P1: B=19.0cm, H=38.0cm, conf=90%
  P2: B=38.0cm, H=91.0cm, conf=90%
  P3: B=45.0cm, H=89.5cm, conf=90%
  P4: B=49.0cm, H=76.0cm, conf=90%
  P5: B=49.0cm, H=76.0cm, conf=90%
DXF: NOVA-SCHWARTZ-GWT-5PV-LV-R00_R2018_ASCII_ODA.dxf
  Labels encontrados: 29 vigas
  Cota Seção (2x): 0 dims
  COTA: 838 dims

=== RESULTADO ===
  Total vigas: 29
  Com altura_lateral: 0/29
  Com comprimento: 29/29
  Com ambos: 0/29
  Confiança média: 82%
  Output: D:\Agente-cad-PYSIDE\DADOS-OBRAS\Obra_TREINO_11\Fase-3_Interpretacao_Extracao\Vigas\vigas_dim.json

Viga     Alt(cm)    Comp(cm)     Conf     Sides
-------------------------------------------------------
V513     None       244          88%      B
V601     None       324          88%      A+B
V602     None       256          88%      A+B
V603     None       316          78%      A+B
V604     None       244          78%      A+B
V605     None       246          78%      A+B
V607     None       233          88%      A+B
V608     None       244          78%      A+B
V609     None       244          78%      A+B
V610     None       338          78%      A+B
V611     None       324          88%      A+B
V612     None       324          88%      A+B
V613     None       244          78%      A+B
V614     None       292          78%      A+B
V615     None       292          78%      A+B
V616     None       246          88%      A+B
V617     None       244          78%      A+B
V618     None       292          78%      A+B
V619     None       292          78%      A+B
V620     None       246          78%      A+B
V621     None       282          88%      A+B
V622     None       343          88%      A+B
V623     None       343          88%      A+B
V624     None       233          88%      A+B
V625     None       324          88%      A+B
V626     None       324          88%      A+B
V627     None       360          78%      A+B
V628     None       360          78%      A+B
V606A    None       246          78%      A+B
[INFO] === extrair_lajes_lj.py | Obra_TREINO_11 | GWT-5PV ===
[INFO] LJ DXF: NOVA-SCHWARTZ-GWT-5PV-LJ-R00_R2018_ASCII_ODA.dxf
[INFO] Lendo DXF...
[INFO] 1002 entidades
[INFO] Extraindo labels e codigos de lajes...
[DEBUG] Labels encontrados: ['L1', 'L10', 'L11', 'L12', 'L13', 'L14', 'L15', 'L16', 'L2', 'L3', 'L4', 'L5', 'L6', 'L7', 'L8', 'L9']
[DEBUG] Lajes com paineis AUX00: []
[INFO] Lajes encontradas: 16
[INFO] Construindo fichas com coordenadas...

[RESULTADO] Extracao de Lajes
  Total lajes:        16
  Com dimensoes:      0
  Com coordenadas:    3

[INFO] Salvo em: D:\Agente-cad-PYSIDE\DADOS-OBRAS\Obra_TREINO_11\Fase-3_Interpretacao_Extracao\Lajes\lajes_data.json
[INFO] lajes_ground_truth.json atualizado: 0 lajes com dimensoes

[AMOSTRA] Primeiras lajes:
  L1: NonexNonecm | area=Nonecm2 | coords=0pts | conf=30%
  L2: NonexNonecm | area=Nonecm2 | coords=0pts | conf=30%
  L3: NonexNonecm | area=Nonecm2 | coords=0pts | conf=30%
  L4: NonexNonecm | area=Nonecm2 | coords=0pts | conf=30%
  L5: NonexNonecm | area=Nonecm2 | coords=0pts | conf=30%
  L6: NonexNonecm | area=Nonecm2 | coords=0pts | conf=30%
  L7: NonexNonecm | area=Nonecm2 | coords=0pts | conf=30%
  L8: NonexNonecm | area=Nonecm2 | coords=0pts | conf=30%
ERRO: Nenhum EVG DXF encontrado em D:\Agente-cad-PYSIDE\DADOS-OBRAS\Obra_TREINO_11
C:\Python314\python.exe: can't open file 'D:\\Agente-cad-PYSIDE\\Agente-cad-PYSIDE-Restored-main\\scripts\\extrair_largura_vigas.py': [Errno 2] No such file or directory
usage: extrair_assembly_pl.py [-h] --obra OBRA [--pav PAV] [--output OUTPUT]
extrair_assembly_pl.py: error: unrecognized arguments: --pavimento GWT-5PV
=== VIGAS ===
  AVISO: vigas_largura.json nao encontrado — usando b=15cm (default)
  AVISO: Viga V513: altura_lateral=0, usando h=40
  AVISO: Viga V601: altura_lateral=0, usando h=40
  AVISO: Viga V602: altura_lateral=0, usando h=40
  AVISO: Viga V603: altura_lateral=0, usando h=40
  AVISO: Viga V604: altura_lateral=0, usando h=40
  AVISO: Viga V605: altura_lateral=0, usando h=40
  AVISO: Viga V607: altura_lateral=0, usando h=40
  AVISO: Viga V608: altura_lateral=0, usando h=40
  AVISO: Viga V609: altura_lateral=0, usando h=40
  AVISO: Viga V610: altura_lateral=0, usando h=40
  AVISO: Viga V611: altura_lateral=0, usando h=40
  AVISO: Viga V612: altura_lateral=0, usando h=40
  AVISO: Viga V613: altura_lateral=0, usando h=40
  AVISO: Viga V614: altura_lateral=0, usando h=40
  AVISO: Viga V615: altura_lateral=0, usando h=40
  AVISO: Viga V616: altura_lateral=0, usando h=40
  AVISO: Viga V617: altura_lateral=0, usando h=40
  AVISO: Viga V618: altura_lateral=0, usando h=40
  AVISO: Viga V619: altura_lateral=0, usando h=40
  AVISO: Viga V620: altura_lateral=0, usando h=40
  AVISO: Viga V621: altura_lateral=0, usando h=40
  AVISO: Viga V622: altura_lateral=0, usando h=40
  AVISO: Viga V623: altura_lateral=0, usando h=40
  AVISO: Viga V624: altura_lateral=0, usando h=40
  AVISO: Viga V625: altura_lateral=0, usando h=40
  AVISO: Viga V626: altura_lateral=0, usando h=40
  AVISO: Viga V627: altura_lateral=0, usando h=40
  AVISO: Viga V628: altura_lateral=0, usando h=40
  AVISO: Viga V606A: altura_lateral=0, usando h=40
  vigas.json atualizado: 29 vigas
    V513: b=15.0cm h=40.0cm L=244.0cm
    V601: b=15.0cm h=40.0cm L=324.0cm
    V602: b=15.0cm h=40.0cm L=256.0cm
    V603: b=15.0cm h=40.0cm L=316.0cm
    V604: b=15.0cm h=40.0cm L=244.0cm
    V605: b=15.0cm h=40.0cm L=246.0cm
    V607: b=15.0cm h=40.0cm L=233.0cm
    V608: b=15.0cm h=40.0cm L=244.0cm
    V609: b=15.0cm h=40.0cm L=244.0cm
    V610: b=15.0cm h=40.0cm L=337.5cm
    V611: b=15.0cm h=40.0cm L=324.0cm
    V612: b=15.0cm h=40.0cm L=324.0cm
    V613: b=15.0cm h=40.0cm L=244.0cm
    V614: b=15.0cm h=40.0cm L=292.5cm
    V615: b=15.0cm h=40.0cm L=292.5cm
    V616: b=15.0cm h=40.0cm L=246.0cm
    V617: b=15.0cm h=40.0cm L=244.0cm
    V618: b=15.0cm h=40.0cm L=292.5cm
    V619: b=15.0cm h=40.0cm L=292.5cm
    V620: b=15.0cm h=40.0cm L=246.0cm
    V621: b=15.0cm h=40.0cm L=282.5cm
    V622: b=15.0cm h=40.0cm L=343.0cm
    V623: b=15.0cm h=40.0cm L=343.0cm
    V624: b=15.0cm h=40.0cm L=233.0cm
    V625: b=15.0cm h=40.0cm L=324.0cm
    V626: b=15.0cm h=40.0cm L=324.0cm
    V627: b=15.0cm h=40.0cm L=359.5cm
    V628: b=15.0cm h=40.0cm L=359.5cm
    V606A: b=15.0cm h=40.0cm L=246.0cm

=== LAJES ===
  AVISO: lajes_poligono.json nao encontrado, usando lajes_data.json
  AVISO: Laje L1: dimensoes invalidas, usando 100x100
  AVISO: Laje L2: dimensoes invalidas, usando 100x100
  AVISO: Laje L3: dimensoes invalidas, usando 100x100
  AVISO: Laje L4: dimensoes invalidas, usando 100x100
  AVISO: Laje L5: dimensoes invalidas, usando 100x100
  AVISO: Laje L6: dimensoes invalidas, usando 100x100
  AVISO: Laje L7: dimensoes invalidas, usando 100x100
  AVISO: Laje L8: dimensoes invalidas, usando 100x100
  AVISO: Laje L9: dimensoes invalidas, usando 100x100
  AVISO: Laje L10: dimensoes invalidas, usando 100x100
  AVISO: Laje L11: dimensoes invalidas, usando 100x100
  AVISO: Laje L12: dimensoes invalidas, usando 100x100
  AVISO: Laje L13: dimensoes invalidas, usando 100x100
  AVISO: Laje L14: dimensoes invalidas, usando 100x100
  AVISO: Laje L15: dimensoes invalidas, usando 100x100
  AVISO: Laje L16: dimensoes invalidas, usando 100x100
  lajes.json atualizado: 16 lajes
    L1: 100.0x100.0cm area=10000 [label-only]
    L2: 100.0x100.0cm area=10000 [label-only]
    L3: 100.0x100.0cm area=10000 [label-only]
    L4: 100.0x100.0cm area=10000 [label-only]
    L5: 100.0x100.0cm area=10000 [label-only]
    L6: 100.0x100.0cm area=10000 [label-only]
    L7: 100.0x100.0cm area=10000 [label-only]
    L8: 100.0x100.0cm area=10000 [label-only]
    L9: 100.0x100.0cm area=10000 [label-only]
    L10: 100.0x100.0cm area=10000 [label-only]
    L11: 100.0x100.0cm area=10000 [label-only]
    L12: 100.0x100.0cm area=10000 [label-only]
    L13: 100.0x100.0cm area=10000 [label-only]
    L14: 100.0x100.0cm area=10000 [label-only]
    L15: 100.0x100.0cm area=10000 [label-only]
    L16: 100.0x100.0cm area=10000 [label-only]

=== INTEGRACAO COMPLETA: 29 vigas + 16 lajes ===
  Proximos passos: python scripts/motor_fase4.py --obra D:\Agente-cad-PYSIDE\DADOS-OBRAS\Obra_TREINO_11
[INFO] === motor_fase4.py | Obra: Obra_TREINO_11 | Pav: GWT-5PV ===
[INFO] Carregado: D:\Agente-cad-PYSIDE\DADOS-OBRAS\Obra_TREINO_11\Fase-3_Interpretacao_Extracao\Pilares\pilares_bh.json (27 itens)
[WARNING] pilares_assembly.json nao encontrado — grades ficarao zeradas
[INFO]   \u2705 Pilar P1: 38.0x19.0cm, h=280.0cm
[INFO]   \u2705 Pilar P2: 91.0x38.0cm, h=280.0cm
[INFO]   \u2705 Pilar P3: 89.5x45.0cm, h=280.0cm
[INFO]   \u2705 Pilar P4: 76.0x49.0cm, h=280.0cm
[INFO]   \u2705 Pilar P5: 76.0x49.0cm, h=280.0cm
[INFO]   \u2705 Pilar P6: 76.0x49.0cm, h=280.0cm
[INFO]   \u2705 Pilar P7: 76.0x34.0cm, h=280.0cm
[INFO]   \u2705 Pilar P8: 91.0x38.0cm, h=280.0cm
[INFO]   \u2705 Pilar P9: 91.0x19.0cm, h=280.0cm
[INFO]   \u2705 Pilar P10: 83.0x19.0cm, h=280.0cm
[INFO]   \u2705 Pilar P11: 61.0x19.0cm, h=280.0cm
[INFO]   \u2705 Pilar P12: 60.0x19.0cm, h=280.0cm
[INFO]   \u2705 Pilar P13: 59.0x19.0cm, h=280.0cm
[INFO]   \u2705 Pilar P14: 91.0x38.0cm, h=280.0cm
[INFO]   \u2705 Pilar P15: 44.0x19.0cm, h=280.0cm
[INFO]   \u2705 Pilar P16: 35.0x17.0cm, h=280.0cm
[INFO]   \u2705 Pilar P17: 97.0x19.0cm, h=280.0cm
[INFO]   \u2705 Pilar P18: 25.0x19.0cm, h=280.0cm
[INFO]   \u2705 Pilar P19: 81.0x38.0cm, h=280.0cm
[INFO]   \u2705 Pilar P20: 91.0x38.0cm, h=280.0cm
[INFO]   \u2705 Pilar P21: 91.0x41.5cm, h=280.0cm
[INFO]   \u2705 Pilar P22: 76.0x34.0cm, h=280.0cm
[INFO]   \u2705 Pilar P23: 76.0x49.0cm, h=280.0cm
[INFO]   \u2705 Pilar P24: 76.0x30.0cm, h=280.0cm
[INFO]   \u2705 Pilar P25: 49.0x30.0cm, h=280.0cm
[INFO]   \u2705 Pilar P26: 76.0x34.0cm, h=280.0cm
[INFO] Pilares: 26 processados -> D:\Agente-cad-PYSIDE\DADOS-OBRAS\Obra_TREINO_11\Fase-4_Sincronizacao\pilares_salvos.json
[INFO] Carregado: D:\Agente-cad-PYSIDE\DADOS-OBRAS\Obra_TREINO_11\Fase-3_Interpretacao_Extracao\Vigas\vigas.json (30 itens)
[INFO]   \u2705 Viga V513: b=15.0cm, h=40.0cm, L=244.0cm -> A+B
[INFO]   \u2705 Viga V601: b=15.0cm, h=40.0cm, L=324.0cm -> A+B
[INFO]   \u2705 Viga V602: b=15.0cm, h=40.0cm, L=256.0cm -> A+B
[INFO]   \u2705 Viga V603: b=15.0cm, h=40.0cm, L=316.0cm -> A+B
[INFO]   \u2705 Viga V604: b=15.0cm, h=40.0cm, L=244.0cm -> A+B
[INFO]   \u2705 Viga V605: b=15.0cm, h=40.0cm, L=246.0cm -> A+B
[INFO]   \u2705 Viga V607: b=15.0cm, h=40.0cm, L=233.0cm -> A+B
[INFO]   \u2705 Viga V608: b=15.0cm, h=40.0cm, L=244.0cm -> A+B
[INFO]   \u2705 Viga V609: b=15.0cm, h=40.0cm, L=244.0cm -> A+B
[INFO]   \u2705 Viga V610: b=15.0cm, h=40.0cm, L=337.5cm -> A+B
[INFO]   \u2705 Viga V611: b=15.0cm, h=40.0cm, L=324.0cm -> A+B
[INFO]   \u2705 Viga V612: b=15.0cm, h=40.0cm, L=324.0cm -> A+B
[INFO]   \u2705 Viga V613: b=15.0cm, h=40.0cm, L=244.0cm -> A+B
[INFO]   \u2705 Viga V614: b=15.0cm, h=40.0cm, L=292.5cm -> A+B
[INFO]   \u2705 Viga V615: b=15.0cm, h=40.0cm, L=292.5cm -> A+B
[INFO]   \u2705 Viga V616: b=15.0cm, h=40.0cm, L=246.0cm -> A+B
[INFO]   \u2705 Viga V617: b=15.0cm, h=40.0cm, L=244.0cm -> A+B
[INFO]   \u2705 Viga V618: b=15.0cm, h=40.0cm, L=292.5cm -> A+B
[INFO]   \u2705 Viga V619: b=15.0cm, h=40.0cm, L=292.5cm -> A+B
[INFO]   \u2705 Viga V620: b=15.0cm, h=40.0cm, L=246.0cm -> A+B
[INFO]   \u2705 Viga V621: b=15.0cm, h=40.0cm, L=282.5cm -> A+B
[INFO]   \u2705 Viga V622: b=15.0cm, h=40.0cm, L=343.0cm -> A+B
[INFO]   \u2705 Viga V623: b=15.0cm, h=40.0cm, L=343.0cm -> A+B
[INFO]   \u2705 Viga V624: b=15.0cm, h=40.0cm, L=233.0cm -> A+B
[INFO]   \u2705 Viga V625: b=15.0cm, h=40.0cm, L=324.0cm -> A+B
[INFO]   \u2705 Viga V626: b=15.0cm, h=40.0cm, L=324.0cm -> A+B
[INFO]   \u2705 Viga V627: b=15.0cm, h=40.0cm, L=359.5cm -> A+B
[INFO]   \u2705 Viga V628: b=15.0cm, h=40.0cm, L=359.5cm -> A+B
[INFO]   \u2705 Viga V606A: b=15.0cm, h=40.0cm, L=246.0cm -> A+B
[INFO] Vigas: 29 processadas -> D:\Agente-cad-PYSIDE\DADOS-OBRAS\Obra_TREINO_11\Fase-4_Sincronizacao\vigas_salvas.json
[INFO] Carregado: D:\Agente-cad-PYSIDE\DADOS-OBRAS\Obra_TREINO_11\Fase-3_Interpretacao_Extracao\Lajes\lajes.json (17 itens)
[INFO]   \u2705 Laje L1: 100.0x100.0cm, 1 cortes
[INFO]   \u2705 Laje L2: 100.0x100.0cm, 1 cortes
[INFO]   \u2705 Laje L3: 100.0x100.0cm, 1 cortes
[INFO]   \u2705 Laje L4: 100.0x100.0cm, 1 cortes
[INFO]   \u2705 Laje L5: 100.0x100.0cm, 1 cortes
[INFO]   \u2705 Laje L6: 100.0x100.0cm, 1 cortes
[INFO]   \u2705 Laje L7: 100.0x100.0cm, 1 cortes
[INFO]   \u2705 Laje L8: 100.0x100.0cm, 1 cortes
[INFO]   \u2705 Laje L9: 100.0x100.0cm, 1 cortes
[INFO]   \u2705 Laje L10: 100.0x100.0cm, 1 cortes
[INFO]   \u2705 Laje L11: 100.0x100.0cm, 1 cortes
[INFO]   \u2705 Laje L12: 100.0x100.0cm, 1 cortes
[INFO]   \u2705 Laje L13: 100.0x100.0cm, 1 cortes
[INFO]   \u2705 Laje L14: 100.0x100.0cm, 1 cortes
[INFO]   \u2705 Laje L15: 100.0x100.0cm, 1 cortes
[INFO]   \u2705 Laje L16: 100.0x100.0cm, 1 cortes
[INFO] Lajes: 16 processadas -> D:\Agente-cad-PYSIDE\DADOS-OBRAS\Obra_TREINO_11\Fase-4_Sincronizacao\lajes_salvas.json
[INFO] obras_salvas.json: 26 pilares \u2192 D:\Agente-cad-PYSIDE\DADOS-OBRAS\Obra_TREINO_11\Fase-4_Sincronizacao\obras_salvas.json
[INFO] === RESULTADO: 26 pilares, 29 vigas, 16 lajes | 0 erros ===
  pilares_bh.json: 27 pilares

=== GERANDO DXF PILARES (26 pilares) ===
  P1: b=19 h=38 paineis=12 alt=280cm [BH-extraido]
  P10: b=19 h=83 paineis=12 alt=280cm [BH-extraido]
  P11: b=19 h=61 paineis=12 alt=280cm [BH-extraido]
  P12: b=19 h=60 paineis=12 alt=280cm [BH-extraido]
  P13: b=19 h=59 paineis=12 alt=280cm [BH-extraido]
  P14: b=38 h=91 paineis=12 alt=280cm [BH-extraido]
  P15: b=19 h=44 paineis=12 alt=280cm [BH-extraido]
  P16: b=17 h=35 paineis=12 alt=280cm [BH-extraido]
  P17: b=19 h=97 paineis=12 alt=280cm [BH-extraido]
  P18: b=19 h=25 paineis=12 alt=280cm [BH-extraido]
  P19: b=38 h=81 paineis=12 alt=280cm [BH-extraido]
  P2: b=38 h=91 paineis=12 alt=280cm [BH-extraido]
  P20: b=38 h=91 paineis=12 alt=280cm [BH-extraido]
  P21: b=42 h=91 paineis=12 alt=280cm [BH-extraido]
  P22: b=34 h=76 paineis=12 alt=280cm [BH-extraido]
  P23: b=49 h=76 paineis=12 alt=280cm [BH-extraido]
  P24: b=30 h=76 paineis=12 alt=280cm [BH-extraido]
  P25: b=30 h=49 paineis=12 alt=280cm [BH-extraido]
  P26: b=34 h=76 paineis=12 alt=280cm [BH-extraido]
  P3: b=45 h=90 paineis=12 alt=280cm [BH-extraido]
  P4: b=49 h=76 paineis=12 alt=280cm [BH-extraido]
  P5: b=49 h=76 paineis=12 alt=280cm [BH-extraido]
  P6: b=49 h=76 paineis=12 alt=280cm [BH-extraido]
  P7: b=34 h=76 paineis=12 alt=280cm [BH-extraido]
  P8: b=38 h=91 paineis=12 alt=280cm [BH-extraido]
  P9: b=19 h=91 paineis=12 alt=280cm [BH-extraido]

=== RESULTADO: 26 DXFs gerados | 0 erros ===
  Relatorio: D:\Agente-cad-PYSIDE\DADOS-OBRAS\Obra_TREINO_11\Fase-5_Geracao_Scripts\DXF_Pilares\_relatorio.json
  DXFs em: D:\Agente-cad-PYSIDE\DADOS-OBRAS\Obra_TREINO_11\Fase-5_Geracao_Scripts\DXF_Pilares

  Proximo: python scripts/comparar_dxf_pilares.py --obra D:\Agente-cad-PYSIDE\DADOS-OBRAS\Obra_TREINO_11

=== GERANDO DXF VIGAS (29 vigas) ===
  V513: b=15 h=40 L=244cm | paineis A=3 B=3 F=3
  V601: b=15 h=40 L=324cm | paineis A=3 B=3 F=3
  V602: b=15 h=40 L=256cm | paineis A=3 B=3 F=3
  V603: b=15 h=40 L=316cm | paineis A=3 B=3 F=3
  V604: b=15 h=40 L=244cm | paineis A=3 B=3 F=3
  V605: b=15 h=40 L=246cm | paineis A=3 B=3 F=3
  V607: b=15 h=40 L=233cm | paineis A=2 B=2 F=2
  V608: b=15 h=40 L=244cm | paineis A=3 B=3 F=3
  V609: b=15 h=40 L=244cm | paineis A=3 B=3 F=3
  V610: b=15 h=40 L=338cm | paineis A=3 B=3 F=3
  V611: b=15 h=40 L=324cm | paineis A=3 B=3 F=3
  V612: b=15 h=40 L=324cm | paineis A=3 B=3 F=3
  V613: b=15 h=40 L=244cm | paineis A=3 B=3 F=3
  V614: b=15 h=40 L=292cm | paineis A=3 B=3 F=3
  V615: b=15 h=40 L=292cm | paineis A=3 B=3 F=3
  V616: b=15 h=40 L=246cm | paineis A=3 B=3 F=3
  V617: b=15 h=40 L=244cm | paineis A=3 B=3 F=3
  V618: b=15 h=40 L=292cm | paineis A=3 B=3 F=3
  V619: b=15 h=40 L=292cm | paineis A=3 B=3 F=3
  V620: b=15 h=40 L=246cm | paineis A=3 B=3 F=3
  V621: b=15 h=40 L=282cm | paineis A=3 B=3 F=3
  V622: b=15 h=40 L=343cm | paineis A=3 B=3 F=3
  V623: b=15 h=40 L=343cm | paineis A=3 B=3 F=3
  V624: b=15 h=40 L=233cm | paineis A=2 B=2 F=2
  V625: b=15 h=40 L=324cm | paineis A=3 B=3 F=3
  V626: b=15 h=40 L=324cm | paineis A=3 B=3 F=3
  V627: b=15 h=40 L=360cm | paineis A=3 B=3 F=3
  V628: b=15 h=40 L=360cm | paineis A=3 B=3 F=3
  V606A: b=15 h=40 L=246cm | paineis A=3 B=3 F=3

=== RESULTADO: 29 DXFs gerados | 0 erros ===
  Relatorio: D:\Agente-cad-PYSIDE\DADOS-OBRAS\Obra_TREINO_11\Fase-5_Geracao_Scripts\DXF_Vigas\_relatorio.json
  DXFs em: D:\Agente-cad-PYSIDE\DADOS-OBRAS\Obra_TREINO_11\Fase-5_Geracao_Scripts\DXF_Vigas

  Proximo: python scripts/comparar_dxf_vigas.py --obra D:\Agente-cad-PYSIDE\DADOS-OBRAS\Obra_TREINO_11

=== GERANDO DXF LAJES (16 lajes) ===
  L1: 100.0x100.0cm paineis=2x1 area=10000cm2
  L2: 100.0x100.0cm paineis=2x1 area=10000cm2
  L3: 100.0x100.0cm paineis=2x1 area=10000cm2
  L4: 100.0x100.0cm paineis=2x1 area=10000cm2
  L5: 100.0x100.0cm paineis=2x1 area=10000cm2
  L6: 100.0x100.0cm paineis=2x1 area=10000cm2
  L7: 100.0x100.0cm paineis=2x1 area=10000cm2
  L8: 100.0x100.0cm paineis=2x1 area=10000cm2
  L9: 100.0x100.0cm paineis=2x1 area=10000cm2
  L10: 100.0x100.0cm paineis=2x1 area=10000cm2
  L11: 100.0x100.0cm paineis=2x1 area=10000cm2
  L12: 100.0x100.0cm paineis=2x1 area=10000cm2
  L13: 100.0x100.0cm paineis=2x1 area=10000cm2
  L14: 100.0x100.0cm paineis=2x1 area=10000cm2
  L15: 100.0x100.0cm paineis=2x1 area=10000cm2
  L16: 100.0x100.0cm paineis=2x1 area=10000cm2

=== RESULTADO: 16 DXFs gerados | 0 erros ===
  Relatorio: D:\Agente-cad-PYSIDE\DADOS-OBRAS\Obra_TREINO_11\Fase-5_Geracao_Scripts\DXF_Lajes\_relatorio.json
  DXFs em: D:\Agente-cad-PYSIDE\DADOS-OBRAS\Obra_TREINO_11\Fase-5_Geracao_Scripts\DXF_Lajes

  Proximo: python scripts/comparar_dxf.py --obra D:\Agente-cad-PYSIDE\DADOS-OBRAS\Obra_TREINO_11

=== COMPARADOR DXF vs. GROUND TRUTH (tol=5.0%) ===

--- PILARES ---
  Match rate: 100.0% (26/26)
  Erro médio: 0.0%

--- VIGAS ---
  Match rate: 100.0% (29/29)
  Erro médio: 0.0%

--- LAJES ---
  Match rate: 81.2% (13/16)
  Erro médio: 8.3%
  DIFF L9: ref 100.0x100.0 | gen 110.5x22.3 | err=44.1%
  DIFF L14: ref 100.0x100.0 | gen 110.5x22.3 | err=44.1%
  DIFF L15: ref 100.0x100.0 | gen 110.5x22.3 | err=44.1%

=== SCORE GERAL: 93.7% (PASS | meta: 75.0%) ===
  Pilares: 100.0% | Vigas: 100.0% | Lajes: 81.2%

  Relatorio: D:\Agente-cad-PYSIDE\DADOS-OBRAS\Obra_TREINO_11\Fase-5_Geracao_Scripts\_relatorio_comparacao.json
[INFO] === extrair_ancoras_dxf.py | Obra_TREINO_11 | GWT-5PV ===
[INFO] PL DXF: NOVA-SCHWARTZ-GWT-5PV-PL-R00_R2018_ASCII_ODA.dxf
[INFO] Pilares: 26 ancoras extraidas do PL DXF
[INFO] Salvo: D:\Agente-cad-PYSIDE\DADOS-OBRAS\Obra_TREINO_11\Fase-3_Interpretacao_Extracao\ancoras_pilares.json (26 pilares)
[INFO] LV DXF: NOVA-SCHWARTZ-GWT-5PV-LV-R00_R2018_ASCII_ODA.dxf
[INFO] Vigas: 0 ancoras extraidas do LV DXF
[INFO] Salvo: D:\Agente-cad-PYSIDE\DADOS-OBRAS\Obra_TREINO_11\Fase-3_Interpretacao_Extracao\ancoras_vigas.json (0 vigas)
[INFO] LJ DXF: NOVA-SCHWARTZ-GWT-5PV-LJ-R00_R2018_ASCII_ODA.dxf
[INFO] Lajes: 16 ancoras extraidas do LJ DXF
[INFO] Salvo: D:\Agente-cad-PYSIDE\DADOS-OBRAS\Obra_TREINO_11\Fase-3_Interpretacao_Extracao\ancoras_lajes.json (16 lajes)

[RESULTADO]
  Pilares: 26 ancoras
  Vigas:   0 ancoras
  Lajes:   16 ancoras

  STATUS: PARCIAL (cobertura baixa)
[INFO] === consolidar_dxf_pilares.py | Obra_TREINO_11 | GWT-5PV ===
  P1: ancora=(16732,15344) offset=(16630,15204) [18 ents]
  P2: ancora=(18004,15338) offset=(17830,15198) [18 ents]
  P3: ancora=(16746,14402) offset=(16566,14262) [18 ents]
  P4: ancora=(17893,14522) offset=(17723,14382) [18 ents]
  P5: ancora=(19031,14515) offset=(18861,14375) [18 ents]
  P6: ancora=(15428,13468) offset=(15258,13328) [18 ents]
  P7: ancora=(16738,13460) offset=(16583,13320) [18 ents]
  P8: ancora=(17989,13454) offset=(17815,13314) [18 ents]
  P9: ancora=(19289,15332) offset=(19134,15192) [18 ents]
  P10: ancora=(15456,12524) offset=(15309,12384) [18 ents]
  P11: ancora=(16755,12518) offset=(16630,12378) [18 ents]
  P12: ancora=(18023,12512) offset=(17899,12372) [18 ents]
  P13: ancora=(19305,12507) offset=(19182,12367) [18 ents]
  P14: ancora=(19070,13623) offset=(18896,13483) [18 ents]
  P15: ancora=(15451,11582) offset=(15343,11442) [18 ents]
  P16: ancora=(16866,10458) offset=(16769,10318) [18 ents]
  P17: ancora=(16908,10458) offset=(16747,10318) [18 ents]
  P18: ancora=(17889,11851) offset=(17800,11711) [18 ents]
  P19: ancora=(19275,11567) offset=(19111,11427) [18 ents]
  P20: ancora=(15498,11529) offset=(15324,11389) [18 ents]
  P21: ancora=(15458,14408) offset=(15281,14268) [18 ents]
  P22: ancora=(16702,10634) offset=(16547,10494) [18 ents]
  P23: ancora=(17878,10961) offset=(17708,10821) [18 ents]
  P24: ancora=(19987,9309) offset=(19836,9169) [18 ents]
  P25: ancora=(19965,9309) offset=(19841,9169) [18 ents]
  P26: ancora=(15591,9854) offset=(15436,9714) [18 ents]

[RESULTADO]
  Pilares consolidados: 26/26
  Output: D:\Agente-cad-PYSIDE\DADOS-OBRAS\Obra_TREINO_11\Fase-6_Execucao_CAD\PL_gerado.dxf
  Validação: 468 entidades no PL_gerado.dxf
  Relatório: D:\Agente-cad-PYSIDE\DADOS-OBRAS\Obra_TREINO_11\Fase-6_Execucao_CAD\consolidacao_pilares.json
[INFO] === consolidar_dxf_vigas.py | Obra_TREINO_11 ===
  V513: ancora=(0,0) [13 ents]
  V601: ancora=(0,-600) [13 ents]
  V602: ancora=(0,-1200) [13 ents]
  V603: ancora=(0,-1800) [13 ents]
  V604: ancora=(0,-2400) [13 ents]
  V605: ancora=(0,-3000) [13 ents]
  V606A: ancora=(0,-3600) [13 ents]
  V607: ancora=(0,-4200) [10 ents]
  V608: ancora=(0,-4800) [13 ents]
  V609: ancora=(0,-5400) [13 ents]
  V610: ancora=(0,-6000) [13 ents]
  V611: ancora=(0,-6600) [13 ents]
  V612: ancora=(0,-7200) [13 ents]
  V613: ancora=(0,-7800) [13 ents]
  V614: ancora=(0,-8400) [13 ents]
  V615: ancora=(0,-9000) [13 ents]
  V616: ancora=(0,-9600) [13 ents]
  V617: ancora=(0,-10200) [13 ents]
  V618: ancora=(0,-10800) [13 ents]
  V619: ancora=(0,-11400) [13 ents]
  V620: ancora=(0,-12000) [13 ents]
  V621: ancora=(0,-12600) [13 ents]
  V622: ancora=(0,-13200) [13 ents]
  V623: ancora=(0,-13800) [13 ents]
  V624: ancora=(0,-14400) [10 ents]
  V625: ancora=(0,-15000) [13 ents]
  V626: ancora=(0,-15600) [13 ents]
  V627: ancora=(0,-16200) [13 ents]
  V628: ancora=(0,-16800) [13 ents]

[RESULTADO]
  LV_gerado.dxf: 29 vigas (371 entidades)
  FV_gerado.dxf: 29 vigas offset (371 entidades)
  Sem ancora: ['V513', 'V601', 'V602', 'V603', 'V604', 'V605', 'V606A', 'V607', 'V608', 'V609', 'V610', 'V611', 'V612', 'V613', 'V614', 'V615', 'V616', 'V617', 'V618', 'V619', 'V620', 'V621', 'V622', 'V623', 'V624', 'V625', 'V626', 'V627', 'V628']
usage: consolidar_dxf_lajes.py [-h] --obra OBRA
consolidar_dxf_lajes.py: error: unrecognized arguments: --pavimento GWT-5PV
[INFO] === validar_dxf_coletivo.py | Obra_TREINO_11 | GWT-5PV ===

  [PILARES]
    GT: 26 | Gerado: 26 | Corretos: 26
    id_match: 100.0% | hallucination: 0.0%
    SCORE: 100.0% — APROVADO

  [VIGAS]
    GT: 30 | Gerado: 29 | Corretos: 29
    id_match: 96.7% | hallucination: 0.0%
    SCORE: 98.0% — APROVADO
    Missing: ['V606']

  [LAJES]
    GT: 16 | Gerado: 12 | Corretos: 12
    id_match: 75.0% | hallucination: 0.0%
    SCORE: 85.0% — REPROVADO
    Missing: ['L13', 'L14', 'L15', 'L16']

[RESULTADO GLOBAL]
  Score global: 95.5%
  Status: APROVADO (>=90%)

[INFO] Salvo: D:\Agente-cad-PYSIDE\DADOS-OBRAS\Obra_TREINO_11\Fase-6_Execucao_CAD\validation_coletivo.json
[INFO] Processando 26 pilares \u2192 obras_salvas.json
[INFO]   P1: 38x19cm grade_1=0
[INFO]   P2: 91x38cm grade_1=0
[INFO]   P3: 89x45cm grade_1=0
[INFO]   P4: 76x49cm grade_1=0
[INFO]   P5: 76x49cm grade_1=0
[INFO]   P6: 76x49cm grade_1=0
[INFO]   P7: 76x34cm grade_1=0
[INFO]   P8: 91x38cm grade_1=0
[INFO]   P9: 91x19cm grade_1=0
[INFO]   P10: 83x19cm grade_1=0
[INFO]   P11: 61x19cm grade_1=0
[INFO]   P12: 60x19cm grade_1=0
[INFO]   P13: 59x19cm grade_1=0
[INFO]   P14: 91x38cm grade_1=0
[INFO]   P15: 44x19cm grade_1=0
[INFO]   P16: 35x17cm grade_1=0
[INFO]   P17: 97x19cm grade_1=0
[INFO]   P18: 25x19cm grade_1=0
[INFO]   P19: 81x38cm grade_1=0
[INFO]   P20: 91x38cm grade_1=0
[INFO]   P21: 91x41cm grade_1=0
[INFO]   P22: 76x34cm grade_1=0
[INFO]   P23: 76x49cm grade_1=0
[INFO]   P24: 76x30cm grade_1=0
[INFO]   P25: 49x30cm grade_1=0
[INFO]   P26: 76x34cm grade_1=0
[INFO] \u2705 obras_salvas.json gerado: 26 pilares \u2192 D:\Agente-cad-PYSIDE\DADOS-OBRAS\Obra_TREINO_11\Fase-4_Sincronizacao\obras_salvas.json
[INFO] \u2705 pavimentos_lista.json gerado \u2192 D:\Agente-cad-PYSIDE\DADOS-OBRAS\Obra_TREINO_11\Fase-4_Sincronizacao\pavimentos_lista.json

============================================================
PIPELINE E2E — Obra_TREINO_11 | GWT-5PV
============================================================

[FASE 1] Descoberta de DXFs
  [SKIP] dxf_discovery.json ja existe e contem Obra_TREINO_11

[FASE 2] Engenharia Reversa (Ground Truth)
  [RUN] engenharia_reversa_dxf.py ...
        -> OK (4.9s)

[FASE 3] Extração Dimensional
  [RUN] extrair_bh_pilares.py ...
        -> OK (1.9s)
  [RUN] extrair_vigas_lv.py ...
        -> OK (1.9s)
  [RUN] extrair_lajes_lj.py ...
        -> OK (1.0s)
  [RUN] extrair_garfos_evg.py ...
        -> FALHOU (code 1) (0.6s)
  [RUN] extrair_largura_vigas.py ...
        -> FALHOU (code 2) (0.0s)
  [RUN] extrair_assembly_pl.py ...
        -> FALHOU (code 2) (0.6s)
  [RUN] integrar_fichas_fase3.py ...
        -> OK (0.1s)

[FASE 4] Motor Fase 4 (Transformacao Fase-3 -> Fase-4)
  [CLEAN] Removendo 26 JSONs antigos de JSON_Pilares/
  [CLEAN] Removendo 54 JSONs antigos de JSON_Vigas_Laterais/
  [CLEAN] Removendo 27 JSONs antigos de JSON_Vigas_Fundo/
  [CLEAN] Removendo 12 JSONs antigos de JSON_Lajes/
  [RUN] motor_fase4.py ...
        -> OK (0.2s)

[FASE 5] Geração DXF Individual
  [CLEAN] Removendo 26 DXFs antigos de DXF_Pilares/
  [CLEAN] Removendo 27 DXFs antigos de DXF_Vigas/
  [CLEAN] Removendo 12 DXFs antigos de DXF_Lajes/
  [RUN] gerar_dxf_pilares.py ...
        -> OK (1.1s)
  [RUN] gerar_dxf_vigas.py ...
        -> OK (1.3s)
  [RUN] gerar_dxf_lajes.py ...
        -> OK (0.7s)

[FASE 5b] Comparação DXF Individual vs STOG
  [RUN] comparar_dxf.py ...
        -> OK (1.7s)

[FASE 6] Extração de Âncoras (coords absolutas)
  [RUN] extrair_ancoras_dxf.py ...
        -> OK (3.7s)

[FASE 7] Consolidação DXF Coletivo
  [RUN] consolidar_dxf_pilares.py ...
        -> OK (0.9s)
  [RUN] consolidar_dxf_vigas.py ...
        -> OK (1.0s)
  [RUN] consolidar_dxf_lajes.py ...
        -> FALHOU (code 2) (0.6s)

[FASE 8] Validação DXF Coletivo
  [RUN] validar_dxf_coletivo.py ...
        -> OK (0.6s)

[FASE 9] Geração obras_salvas.json (formato robô)
  [RUN] gerar_obras_salvas.py ...
        -> OK (0.1s)

============================================================
PIPELINE CONCLUÍDO — APROVADO
  Score coletivo: 95.5%
  Relatório: D:\Agente-cad-PYSIDE\DADOS-OBRAS\Obra_TREINO_11\Fase-8_Revisao_Entrega\pipeline_report.json
============================================================

[INFO] === engenharia_reversa_dxf.py | Obra: Obra_TREINO_11 | Pav: GWT-6PV ===
[INFO] Diretório: D:\Agente-cad-PYSIDE\DADOS-OBRAS\Obra_TREINO_11\Fase-1_Ingestao\Projetos_Finalizados_para_Engenharia_Reversa
[INFO] Usando caminhos do dxf_discovery.json para pav 'GWT-6PV'
[INFO] PL DXF: NOVA-SCHWARTZ-GWT-6PV-PL-R00_R2018_ASCII_ODA.dxf
[INFO] Pilares extraídos: 26 IDs | Pé Direito: 652.0cm -> D:\Agente-cad-PYSIDE\DADOS-OBRAS\Obra_TREINO_11\Fase-3_Interpretacao_Extracao\Pilares\pilares_ground_truth.json
[INFO] LV DXF: NOVA-SCHWARTZ-GWT-6PV-LV-R00_R2018_ASCII_ODA.dxf
[INFO] Vigas extraídas: 37 IDs -> D:\Agente-cad-PYSIDE\DADOS-OBRAS\Obra_TREINO_11\Fase-3_Interpretacao_Extracao\Vigas\vigas_ground_truth.json
[INFO] LJ DXF: NOVA-SCHWARTZ-GWT-6PV-LJ-R00_R2018_ASCII_ODA.dxf
[INFO] Lajes extraídas: 18 IDs -> D:\Agente-cad-PYSIDE\DADOS-OBRAS\Obra_TREINO_11\Fase-3_Interpretacao_Extracao\Lajes\lajes_ground_truth.json
[INFO] === RESULTADO: 26 pilares (ground truth) ===
[INFO] NOTA: IDs e count são CONFIÁVEIS. B/H requerem revisão manual ou análise visual.
[INFO] Ground truth salvo em: D:\Agente-cad-PYSIDE\DADOS-OBRAS\Obra_TREINO_11\Fase-3_Interpretacao_Extracao
[INFO] === extrair_bh_pilares.py | Obra_TREINO_11 | GWT-6PV ===
[INFO] PL DXF: NOVA-SCHWARTZ-GWT-6PV-PL-R00_R2018_ASCII_ODA.dxf
[INFO] Max distancia proximity: 300.0 unidades DXF
[INFO] Lendo DXF (pode demorar para arquivos grandes)...
[INFO] DXF carregado: 5453 entidades
[INFO] Extraindo posicoes dos pilares (layer Texto Secao)...
[INFO] Pilares encontrados: 26
[INFO] Extraindo DIMENSION entities (layers de cota)...
[INFO] DIMENSIONs de cota encontradas: 449
[INFO] Inverse proximity: 449 dims assignadas a 26 pilares

[RESULTADO] Extracao B/H de Pilares
  Total pilares:      26
  B+H completos:      26 (100.0%)
  Apenas H:           0
  Sem dados:          0

[INFO] Salvo em: D:\Agente-cad-PYSIDE\DADOS-OBRAS\Obra_TREINO_11\Fase-3_Interpretacao_Extracao\Pilares\pilares_bh.json
[INFO] pilares_ground_truth.json atualizado: 26 pilares com B/H

[AMOSTRA] Primeiros 5 pilares extraidos:
  P1: B=19.0cm, H=38.0cm, conf=90%
  P2: B=38.0cm, H=91.0cm, conf=90%
  P3: B=45.0cm, H=89.5cm, conf=90%
  P4: B=49.0cm, H=76.0cm, conf=90%
  P5: B=49.0cm, H=76.0cm, conf=90%
DXF: NOVA-SCHWARTZ-GWT-6PV-LV-R00_R2018_ASCII_ODA.dxf
  Labels encontrados: 34 vigas
  Cota Seção (2x): 0 dims
  COTA: 880 dims

=== RESULTADO ===
  Total vigas: 34
  Com altura_lateral: 0/34
  Com comprimento: 34/34
  Com ambos: 0/34
  Confiança média: 83%
  Output: D:\Agente-cad-PYSIDE\DADOS-OBRAS\Obra_TREINO_11\Fase-3_Interpretacao_Extracao\Vigas\vigas_dim.json

Viga     Alt(cm)    Comp(cm)     Conf     Sides
-------------------------------------------------------
V513     None       244          88%      B
V602     None       324          78%      A+B
V608     None       286          88%      A+B
V610     None       282          88%      A
V619     None       292          78%      A+B
V701     None       324          88%      A+B
V702     None       256          88%      A+B
V703     None       316          78%      A+B
V704     None       249          78%      A+B
V705     None       246          78%      A+B
V707     None       233          88%      A+B
V708     None       244          78%      A+B
V709     None       300          78%      A+B
V710     None       246          88%      B
V711     None       324          88%      A+B
V712     None       324          88%      A+B
V713     None       244          78%      A+B
V714     None       292          78%      A+B
V715     None       292          78%      A+B
V716     None       246          88%      A+B
V717     None       244          78%      A+B
V718     None       292          78%      A+B
V720     None       244          78%      A+B
V721     None       246          78%      A+B
V722     None       282          88%      A+B
V723     None       353          78%      A+B
V724     None       286          78%      A+B
V725     None       324          88%      A+B
V726     None       324          88%      A+B
V728     None       246          78%      B
V729     None       244          88%      A+B
V730     None       244          88%      A+B
V731     None       244          88%      A+B
V706A    None       282          78%      A+B
[INFO] === extrair_lajes_lj.py | Obra_TREINO_11 | GWT-6PV ===
[INFO] LJ DXF: NOVA-SCHWARTZ-GWT-6PV-LJ-R00_R2018_ASCII_ODA.dxf
[INFO] Lendo DXF...
[INFO] 1040 entidades
[INFO] Extraindo labels e codigos de lajes...
[DEBUG] Labels encontrados: ['L1', 'L10', 'L11', 'L12', 'L13', 'L14', 'L15', 'L16', 'L17', 'L18', 'L2', 'L3', 'L4', 'L5', 'L6', 'L7', 'L8', 'L9']
[DEBUG] Lajes com paineis AUX00: []
[INFO] Lajes encontradas: 18
[INFO] Construindo fichas com coordenadas...

[RESULTADO] Extracao de Lajes
  Total lajes:        18
  Com dimensoes:      0
  Com coordenadas:    4

[INFO] Salvo em: D:\Agente-cad-PYSIDE\DADOS-OBRAS\Obra_TREINO_11\Fase-3_Interpretacao_Extracao\Lajes\lajes_data.json
[INFO] lajes_ground_truth.json atualizado: 0 lajes com dimensoes

[AMOSTRA] Primeiras lajes:
  L1: NonexNonecm | area=Nonecm2 | coords=0pts | conf=30%
  L2: NonexNonecm | area=Nonecm2 | coords=0pts | conf=30%
  L3: NonexNonecm | area=Nonecm2 | coords=0pts | conf=30%
  L4: NonexNonecm | area=Nonecm2 | coords=0pts | conf=30%
  L5: NonexNonecm | area=Nonecm2 | coords=0pts | conf=30%
  L6: NonexNonecm | area=Nonecm2 | coords=0pts | conf=30%
  L7: NonexNonecm | area=Nonecm2 | coords=0pts | conf=30%
  L8: NonexNonecm | area=Nonecm2 | coords=4pts | conf=60%
ERRO: Nenhum EVG DXF encontrado em D:\Agente-cad-PYSIDE\DADOS-OBRAS\Obra_TREINO_11
C:\Python314\python.exe: can't open file 'D:\\Agente-cad-PYSIDE\\Agente-cad-PYSIDE-Restored-main\\scripts\\extrair_largura_vigas.py': [Errno 2] No such file or directory
usage: extrair_assembly_pl.py [-h] --obra OBRA [--pav PAV] [--output OUTPUT]
extrair_assembly_pl.py: error: unrecognized arguments: --pavimento GWT-6PV
=== VIGAS ===
  AVISO: vigas_largura.json nao encontrado — usando b=15cm (default)
  AVISO: Viga V513: altura_lateral=0, usando h=40
  AVISO: Viga V602: altura_lateral=0, usando h=40
  AVISO: Viga V608: altura_lateral=0, usando h=40
  AVISO: Viga V610: altura_lateral=0, usando h=40
  AVISO: Viga V619: altura_lateral=0, usando h=40
  AVISO: Viga V701: altura_lateral=0, usando h=40
  AVISO: Viga V702: altura_lateral=0, usando h=40
  AVISO: Viga V703: altura_lateral=0, usando h=40
  AVISO: Viga V704: altura_lateral=0, usando h=40
  AVISO: Viga V705: altura_lateral=0, usando h=40
  AVISO: Viga V707: altura_lateral=0, usando h=40
  AVISO: Viga V708: altura_lateral=0, usando h=40
  AVISO: Viga V709: altura_lateral=0, usando h=40
  AVISO: Viga V710: altura_lateral=0, usando h=40
  AVISO: Viga V711: altura_lateral=0, usando h=40
  AVISO: Viga V712: altura_lateral=0, usando h=40
  AVISO: Viga V713: altura_lateral=0, usando h=40
  AVISO: Viga V714: altura_lateral=0, usando h=40
  AVISO: Viga V715: altura_lateral=0, usando h=40
  AVISO: Viga V716: altura_lateral=0, usando h=40
  AVISO: Viga V717: altura_lateral=0, usando h=40
  AVISO: Viga V718: altura_lateral=0, usando h=40
  AVISO: Viga V720: altura_lateral=0, usando h=40
  AVISO: Viga V721: altura_lateral=0, usando h=40
  AVISO: Viga V722: altura_lateral=0, usando h=40
  AVISO: Viga V723: altura_lateral=0, usando h=40
  AVISO: Viga V724: altura_lateral=0, usando h=40
  AVISO: Viga V725: altura_lateral=0, usando h=40
  AVISO: Viga V726: altura_lateral=0, usando h=40
  AVISO: Viga V728: altura_lateral=0, usando h=40
  AVISO: Viga V729: altura_lateral=0, usando h=40
  AVISO: Viga V730: altura_lateral=0, usando h=40
  AVISO: Viga V731: altura_lateral=0, usando h=40
  AVISO: Viga V706A: altura_lateral=0, usando h=40
  vigas.json atualizado: 34 vigas
    V513: b=15.0cm h=40.0cm L=244.0cm
    V602: b=15.0cm h=40.0cm L=324.0cm
    V608: b=15.0cm h=40.0cm L=285.5cm
    V610: b=15.0cm h=40.0cm L=281.5cm
    V619: b=15.0cm h=40.0cm L=292.5cm
    V701: b=15.0cm h=40.0cm L=324.0cm
    V702: b=15.0cm h=40.0cm L=256.0cm
    V703: b=15.0cm h=40.0cm L=316.0cm
    V704: b=15.0cm h=40.0cm L=249.0cm
    V705: b=15.0cm h=40.0cm L=246.0cm
    V707: b=15.0cm h=40.0cm L=233.0cm
    V708: b=15.0cm h=40.0cm L=244.0cm
    V709: b=15.0cm h=40.0cm L=300.0cm
    V710: b=15.0cm h=40.0cm L=246.0cm
    V711: b=15.0cm h=40.0cm L=324.0cm
    V712: b=15.0cm h=40.0cm L=324.0cm
    V713: b=15.0cm h=40.0cm L=244.0cm
    V714: b=15.0cm h=40.0cm L=292.5cm
    V715: b=15.0cm h=40.0cm L=292.5cm
    V716: b=15.0cm h=40.0cm L=246.0cm
    V717: b=15.0cm h=40.0cm L=244.0cm
    V718: b=15.0cm h=40.0cm L=292.5cm
    V720: b=15.0cm h=40.0cm L=244.0cm
    V721: b=15.0cm h=40.0cm L=246.0cm
    V722: b=15.0cm h=40.0cm L=282.5cm
    V723: b=15.0cm h=40.0cm L=353.0cm
    V724: b=15.0cm h=40.0cm L=285.5cm
    V725: b=15.0cm h=40.0cm L=324.0cm
    V726: b=15.0cm h=40.0cm L=324.0cm
    V728: b=15.0cm h=40.0cm L=246.0cm
    V729: b=15.0cm h=40.0cm L=244.0cm
    V730: b=15.0cm h=40.0cm L=244.0cm
    V731: b=15.0cm h=40.0cm L=244.0cm
    V706A: b=15.0cm h=40.0cm L=281.5cm

=== LAJES ===
  AVISO: lajes_poligono.json nao encontrado, usando lajes_data.json
  AVISO: Laje L1: dimensoes invalidas, usando 100x100
  AVISO: Laje L2: dimensoes invalidas, usando 100x100
  AVISO: Laje L3: dimensoes invalidas, usando 100x100
  AVISO: Laje L4: dimensoes invalidas, usando 100x100
  AVISO: Laje L5: dimensoes invalidas, usando 100x100
  AVISO: Laje L6: dimensoes invalidas, usando 100x100
  AVISO: Laje L7: dimensoes invalidas, usando 100x100
  AVISO: Laje L8: dimensoes invalidas, usando 100x100
  AVISO: Laje L9: dimensoes invalidas, usando 100x100
  AVISO: Laje L10: dimensoes invalidas, usando 100x100
  AVISO: Laje L11: dimensoes invalidas, usando 100x100
  AVISO: Laje L12: dimensoes invalidas, usando 100x100
  AVISO: Laje L13: dimensoes invalidas, usando 100x100
  AVISO: Laje L14: dimensoes invalidas, usando 100x100
  AVISO: Laje L15: dimensoes invalidas, usando 100x100
  AVISO: Laje L16: dimensoes invalidas, usando 100x100
  AVISO: Laje L17: dimensoes invalidas, usando 100x100
  AVISO: Laje L18: dimensoes invalidas, usando 100x100
  lajes.json atualizado: 18 lajes
    L1: 100.0x100.0cm area=10000 [label-only]
    L2: 100.0x100.0cm area=10000 [label-only]
    L3: 100.0x100.0cm area=10000 [label-only]
    L4: 100.0x100.0cm area=10000 [label-only]
    L5: 100.0x100.0cm area=10000 [label-only]
    L6: 100.0x100.0cm area=10000 [label-only]
    L7: 100.0x100.0cm area=10000 [label-only]
    L8: 100.0x100.0cm area=10000 [label-only]
    L9: 100.0x100.0cm area=10000 [label-only]
    L10: 100.0x100.0cm area=10000 [label-only]
    L11: 100.0x100.0cm area=10000 [label-only]
    L12: 100.0x100.0cm area=10000 [label-only]
    L13: 100.0x100.0cm area=10000 [label-only]
    L14: 100.0x100.0cm area=10000 [label-only]
    L15: 100.0x100.0cm area=10000 [label-only]
    L16: 100.0x100.0cm area=10000 [label-only]
    L17: 100.0x100.0cm area=10000 [label-only]
    L18: 100.0x100.0cm area=10000 [label-only]

=== INTEGRACAO COMPLETA: 34 vigas + 18 lajes ===
  Proximos passos: python scripts/motor_fase4.py --obra D:\Agente-cad-PYSIDE\DADOS-OBRAS\Obra_TREINO_11
[INFO] === motor_fase4.py | Obra: Obra_TREINO_11 | Pav: GWT-6PV ===
[INFO] Carregado: D:\Agente-cad-PYSIDE\DADOS-OBRAS\Obra_TREINO_11\Fase-3_Interpretacao_Extracao\Pilares\pilares_bh.json (27 itens)
[WARNING] pilares_assembly.json nao encontrado — grades ficarao zeradas
[INFO]   \u2705 Pilar P1: 38.0x19.0cm, h=280.0cm
[INFO]   \u2705 Pilar P2: 91.0x38.0cm, h=280.0cm
[INFO]   \u2705 Pilar P3: 89.5x45.0cm, h=280.0cm
[INFO]   \u2705 Pilar P4: 76.0x49.0cm, h=280.0cm
[INFO]   \u2705 Pilar P5: 76.0x49.0cm, h=280.0cm
[INFO]   \u2705 Pilar P6: 76.0x34.0cm, h=280.0cm
[INFO]   \u2705 Pilar P7: 76.0x19.0cm, h=280.0cm
[INFO]   \u2705 Pilar P8: 91.0x38.0cm, h=280.0cm
[INFO]   \u2705 Pilar P9: 91.0x19.0cm, h=280.0cm
[INFO]   \u2705 Pilar P10: 83.0x19.0cm, h=280.0cm
[INFO]   \u2705 Pilar P11: 61.0x19.0cm, h=280.0cm
[INFO]   \u2705 Pilar P12: 60.0x19.0cm, h=280.0cm
[INFO]   \u2705 Pilar P13: 59.0x19.0cm, h=280.0cm
[INFO]   \u2705 Pilar P14: 91.0x38.0cm, h=280.0cm
[INFO]   \u2705 Pilar P15: 44.0x19.0cm, h=280.0cm
[INFO]   \u2705 Pilar P16: 35.0x17.0cm, h=280.0cm
[INFO]   \u2705 Pilar P17: 97.0x19.0cm, h=280.0cm
[INFO]   \u2705 Pilar P18: 87.0x53.0cm, h=280.0cm
[INFO]   \u2705 Pilar P19: 81.0x38.0cm, h=280.0cm
[INFO]   \u2705 Pilar P20: 91.0x38.0cm, h=280.0cm
[INFO]   \u2705 Pilar P21: 91.0x41.5cm, h=280.0cm
[INFO]   \u2705 Pilar P22: 76.0x34.0cm, h=280.0cm
[INFO]   \u2705 Pilar P23: 76.0x49.0cm, h=280.0cm
[INFO]   \u2705 Pilar P24: 76.0x49.0cm, h=280.0cm
[INFO]   \u2705 Pilar P25: 76.0x34.0cm, h=280.0cm
[INFO]   \u2705 Pilar P26: 76.0x19.0cm, h=280.0cm
[INFO] Pilares: 26 processados -> D:\Agente-cad-PYSIDE\DADOS-OBRAS\Obra_TREINO_11\Fase-4_Sincronizacao\pilares_salvos.json
[INFO] Carregado: D:\Agente-cad-PYSIDE\DADOS-OBRAS\Obra_TREINO_11\Fase-3_Interpretacao_Extracao\Vigas\vigas.json (35 itens)
[INFO]   \u2705 Viga V513: b=15.0cm, h=40.0cm, L=244.0cm -> A+B
[INFO]   \u2705 Viga V602: b=15.0cm, h=40.0cm, L=324.0cm -> A+B
[INFO]   \u2705 Viga V608: b=15.0cm, h=40.0cm, L=285.5cm -> A+B
[INFO]   \u2705 Viga V610: b=15.0cm, h=40.0cm, L=281.5cm -> A+B
[INFO]   \u2705 Viga V619: b=15.0cm, h=40.0cm, L=292.5cm -> A+B
[INFO]   \u2705 Viga V701: b=15.0cm, h=40.0cm, L=324.0cm -> A+B
[INFO]   \u2705 Viga V702: b=15.0cm, h=40.0cm, L=256.0cm -> A+B
[INFO]   \u2705 Viga V703: b=15.0cm, h=40.0cm, L=316.0cm -> A+B
[INFO]   \u2705 Viga V704: b=15.0cm, h=40.0cm, L=249.0cm -> A+B
[INFO]   \u2705 Viga V705: b=15.0cm, h=40.0cm, L=246.0cm -> A+B
[INFO]   \u2705 Viga V707: b=15.0cm, h=40.0cm, L=233.0cm -> A+B
[INFO]   \u2705 Viga V708: b=15.0cm, h=40.0cm, L=244.0cm -> A+B
[INFO]   \u2705 Viga V709: b=15.0cm, h=40.0cm, L=300.0cm -> A+B
[INFO]   \u2705 Viga V710: b=15.0cm, h=40.0cm, L=246.0cm -> A+B
[INFO]   \u2705 Viga V711: b=15.0cm, h=40.0cm, L=324.0cm -> A+B
[INFO]   \u2705 Viga V712: b=15.0cm, h=40.0cm, L=324.0cm -> A+B
[INFO]   \u2705 Viga V713: b=15.0cm, h=40.0cm, L=244.0cm -> A+B
[INFO]   \u2705 Viga V714: b=15.0cm, h=40.0cm, L=292.5cm -> A+B
[INFO]   \u2705 Viga V715: b=15.0cm, h=40.0cm, L=292.5cm -> A+B
[INFO]   \u2705 Viga V716: b=15.0cm, h=40.0cm, L=246.0cm -> A+B
[INFO]   \u2705 Viga V717: b=15.0cm, h=40.0cm, L=244.0cm -> A+B
[INFO]   \u2705 Viga V718: b=15.0cm, h=40.0cm, L=292.5cm -> A+B
[INFO]   \u2705 Viga V720: b=15.0cm, h=40.0cm, L=244.0cm -> A+B
[INFO]   \u2705 Viga V721: b=15.0cm, h=40.0cm, L=246.0cm -> A+B
[INFO]   \u2705 Viga V722: b=15.0cm, h=40.0cm, L=282.5cm -> A+B
[INFO]   \u2705 Viga V723: b=15.0cm, h=40.0cm, L=353.0cm -> A+B
[INFO]   \u2705 Viga V724: b=15.0cm, h=40.0cm, L=285.5cm -> A+B
[INFO]   \u2705 Viga V725: b=15.0cm, h=40.0cm, L=324.0cm -> A+B
[INFO]   \u2705 Viga V726: b=15.0cm, h=40.0cm, L=324.0cm -> A+B
[INFO]   \u2705 Viga V728: b=15.0cm, h=40.0cm, L=246.0cm -> A+B
[INFO]   \u2705 Viga V729: b=15.0cm, h=40.0cm, L=244.0cm -> A+B
[INFO]   \u2705 Viga V730: b=15.0cm, h=40.0cm, L=244.0cm -> A+B
[INFO]   \u2705 Viga V731: b=15.0cm, h=40.0cm, L=244.0cm -> A+B
[INFO]   \u2705 Viga V706A: b=15.0cm, h=40.0cm, L=281.5cm -> A+B
[INFO] Vigas: 34 processadas -> D:\Agente-cad-PYSIDE\DADOS-OBRAS\Obra_TREINO_11\Fase-4_Sincronizacao\vigas_salvas.json
[INFO] Carregado: D:\Agente-cad-PYSIDE\DADOS-OBRAS\Obra_TREINO_11\Fase-3_Interpretacao_Extracao\Lajes\lajes.json (19 itens)
[INFO]   \u2705 Laje L1: 100.0x100.0cm, 1 cortes
[INFO]   \u2705 Laje L2: 100.0x100.0cm, 1 cortes
[INFO]   \u2705 Laje L3: 100.0x100.0cm, 1 cortes
[INFO]   \u2705 Laje L4: 100.0x100.0cm, 1 cortes
[INFO]   \u2705 Laje L5: 100.0x100.0cm, 1 cortes
[INFO]   \u2705 Laje L6: 100.0x100.0cm, 1 cortes
[INFO]   \u2705 Laje L7: 100.0x100.0cm, 1 cortes
[INFO]   \u2705 Laje L8: 100.0x100.0cm, 1 cortes
[INFO]   \u2705 Laje L9: 100.0x100.0cm, 1 cortes
[INFO]   \u2705 Laje L10: 100.0x100.0cm, 1 cortes
[INFO]   \u2705 Laje L11: 100.0x100.0cm, 1 cortes
[INFO]   \u2705 Laje L12: 100.0x100.0cm, 1 cortes
[INFO]   \u2705 Laje L13: 100.0x100.0cm, 1 cortes
[INFO]   \u2705 Laje L14: 100.0x100.0cm, 1 cortes
[INFO]   \u2705 Laje L15: 100.0x100.0cm, 1 cortes
[INFO]   \u2705 Laje L16: 100.0x100.0cm, 1 cortes
[INFO]   \u2705 Laje L17: 100.0x100.0cm, 1 cortes
[INFO]   \u2705 Laje L18: 100.0x100.0cm, 1 cortes
[INFO] Lajes: 18 processadas -> D:\Agente-cad-PYSIDE\DADOS-OBRAS\Obra_TREINO_11\Fase-4_Sincronizacao\lajes_salvas.json
[INFO] obras_salvas.json: 26 pilares \u2192 D:\Agente-cad-PYSIDE\DADOS-OBRAS\Obra_TREINO_11\Fase-4_Sincronizacao\obras_salvas.json
[INFO] === RESULTADO: 26 pilares, 34 vigas, 18 lajes | 0 erros ===
  pilares_bh.json: 27 pilares

=== GERANDO DXF PILARES (26 pilares) ===
  P1: b=19 h=38 paineis=12 alt=280cm [BH-extraido]
  P10: b=19 h=83 paineis=12 alt=280cm [BH-extraido]
  P11: b=19 h=61 paineis=12 alt=280cm [BH-extraido]
  P12: b=19 h=60 paineis=12 alt=280cm [BH-extraido]
  P13: b=19 h=59 paineis=12 alt=280cm [BH-extraido]
  P14: b=38 h=91 paineis=12 alt=280cm [BH-extraido]
  P15: b=19 h=44 paineis=12 alt=280cm [BH-extraido]
  P16: b=17 h=35 paineis=12 alt=280cm [BH-extraido]
  P17: b=19 h=97 paineis=12 alt=280cm [BH-extraido]
  P18: b=53 h=87 paineis=12 alt=280cm [BH-extraido]
  P19: b=38 h=81 paineis=12 alt=280cm [BH-extraido]
  P2: b=38 h=91 paineis=12 alt=280cm [BH-extraido]
  P20: b=38 h=91 paineis=12 alt=280cm [BH-extraido]
  P21: b=42 h=91 paineis=12 alt=280cm [BH-extraido]
  P22: b=34 h=76 paineis=12 alt=280cm [BH-extraido]
  P23: b=49 h=76 paineis=12 alt=280cm [BH-extraido]
  P24: b=49 h=76 paineis=12 alt=280cm [BH-extraido]
  P25: b=34 h=76 paineis=12 alt=280cm [BH-extraido]
  P26: b=19 h=76 paineis=12 alt=280cm [BH-extraido]
  P3: b=45 h=90 paineis=12 alt=280cm [BH-extraido]
  P4: b=49 h=76 paineis=12 alt=280cm [BH-extraido]
  P5: b=49 h=76 paineis=12 alt=280cm [BH-extraido]
  P6: b=34 h=76 paineis=12 alt=280cm [BH-extraido]
  P7: b=19 h=76 paineis=12 alt=280cm [BH-extraido]
  P8: b=38 h=91 paineis=12 alt=280cm [BH-extraido]
  P9: b=19 h=91 paineis=12 alt=280cm [BH-extraido]

=== RESULTADO: 26 DXFs gerados | 0 erros ===
  Relatorio: D:\Agente-cad-PYSIDE\DADOS-OBRAS\Obra_TREINO_11\Fase-5_Geracao_Scripts\DXF_Pilares\_relatorio.json
  DXFs em: D:\Agente-cad-PYSIDE\DADOS-OBRAS\Obra_TREINO_11\Fase-5_Geracao_Scripts\DXF_Pilares

  Proximo: python scripts/comparar_dxf_pilares.py --obra D:\Agente-cad-PYSIDE\DADOS-OBRAS\Obra_TREINO_11

=== GERANDO DXF VIGAS (34 vigas) ===
  V513: b=15 h=40 L=244cm | paineis A=3 B=3 F=3
  V602: b=15 h=40 L=324cm | paineis A=3 B=3 F=3
  V608: b=15 h=40 L=286cm | paineis A=3 B=3 F=3
  V610: b=15 h=40 L=282cm | paineis A=3 B=3 F=3
  V619: b=15 h=40 L=292cm | paineis A=3 B=3 F=3
  V701: b=15 h=40 L=324cm | paineis A=3 B=3 F=3
  V702: b=15 h=40 L=256cm | paineis A=3 B=3 F=3
  V703: b=15 h=40 L=316cm | paineis A=3 B=3 F=3
  V704: b=15 h=40 L=249cm | paineis A=3 B=3 F=3
  V705: b=15 h=40 L=246cm | paineis A=3 B=3 F=3
  V707: b=15 h=40 L=233cm | paineis A=2 B=2 F=2
  V708: b=15 h=40 L=244cm | paineis A=3 B=3 F=3
  V709: b=15 h=40 L=300cm | paineis A=3 B=3 F=3
  V710: b=15 h=40 L=246cm | paineis A=3 B=3 F=3
  V711: b=15 h=40 L=324cm | paineis A=3 B=3 F=3
  V712: b=15 h=40 L=324cm | paineis A=3 B=3 F=3
  V713: b=15 h=40 L=244cm | paineis A=3 B=3 F=3
  V714: b=15 h=40 L=292cm | paineis A=3 B=3 F=3
  V715: b=15 h=40 L=292cm | paineis A=3 B=3 F=3
  V716: b=15 h=40 L=246cm | paineis A=3 B=3 F=3
  V717: b=15 h=40 L=244cm | paineis A=3 B=3 F=3
  V718: b=15 h=40 L=292cm | paineis A=3 B=3 F=3
  V720: b=15 h=40 L=244cm | paineis A=3 B=3 F=3
  V721: b=15 h=40 L=246cm | paineis A=3 B=3 F=3
  V722: b=15 h=40 L=282cm | paineis A=3 B=3 F=3
  V723: b=15 h=40 L=353cm | paineis A=3 B=3 F=3
  V724: b=15 h=40 L=286cm | paineis A=3 B=3 F=3
  V725: b=15 h=40 L=324cm | paineis A=3 B=3 F=3
  V726: b=15 h=40 L=324cm | paineis A=3 B=3 F=3
  V728: b=15 h=40 L=246cm | paineis A=3 B=3 F=3
  V729: b=15 h=40 L=244cm | paineis A=3 B=3 F=3
  V730: b=15 h=40 L=244cm | paineis A=3 B=3 F=3
  V731: b=15 h=40 L=244cm | paineis A=3 B=3 F=3
  V706A: b=15 h=40 L=282cm | paineis A=3 B=3 F=3

=== RESULTADO: 34 DXFs gerados | 0 erros ===
  Relatorio: D:\Agente-cad-PYSIDE\DADOS-OBRAS\Obra_TREINO_11\Fase-5_Geracao_Scripts\DXF_Vigas\_relatorio.json
  DXFs em: D:\Agente-cad-PYSIDE\DADOS-OBRAS\Obra_TREINO_11\Fase-5_Geracao_Scripts\DXF_Vigas

  Proximo: python scripts/comparar_dxf_vigas.py --obra D:\Agente-cad-PYSIDE\DADOS-OBRAS\Obra_TREINO_11

=== GERANDO DXF LAJES (18 lajes) ===
  L1: 100.0x100.0cm paineis=2x1 area=10000cm2
  L2: 100.0x100.0cm paineis=2x1 area=10000cm2
  L3: 100.0x100.0cm paineis=2x1 area=10000cm2
  L4: 100.0x100.0cm paineis=2x1 area=10000cm2
  L5: 100.0x100.0cm paineis=2x1 area=10000cm2
  L6: 100.0x100.0cm paineis=2x1 area=10000cm2
  L7: 100.0x100.0cm paineis=2x1 area=10000cm2
  L8: 100.0x100.0cm paineis=2x1 area=10000cm2
  L9: 100.0x100.0cm paineis=2x1 area=10000cm2
  L10: 100.0x100.0cm paineis=2x1 area=10000cm2
  L11: 100.0x100.0cm paineis=2x1 area=10000cm2
  L12: 100.0x100.0cm paineis=2x1 area=10000cm2
  L13: 100.0x100.0cm paineis=2x1 area=10000cm2
  L14: 100.0x100.0cm paineis=2x1 area=10000cm2
  L15: 100.0x100.0cm paineis=2x1 area=10000cm2
  L16: 100.0x100.0cm paineis=2x1 area=10000cm2
  L17: 100.0x100.0cm paineis=2x1 area=10000cm2
  L18: 100.0x100.0cm paineis=2x1 area=10000cm2

=== RESULTADO: 18 DXFs gerados | 0 erros ===
  Relatorio: D:\Agente-cad-PYSIDE\DADOS-OBRAS\Obra_TREINO_11\Fase-5_Geracao_Scripts\DXF_Lajes\_relatorio.json
  DXFs em: D:\Agente-cad-PYSIDE\DADOS-OBRAS\Obra_TREINO_11\Fase-5_Geracao_Scripts\DXF_Lajes

  Proximo: python scripts/comparar_dxf.py --obra D:\Agente-cad-PYSIDE\DADOS-OBRAS\Obra_TREINO_11

=== COMPARADOR DXF vs. GROUND TRUTH (tol=5.0%) ===

--- PILARES ---
  Match rate: 100.0% (26/26)
  Erro médio: 0.0%

--- VIGAS ---
  Match rate: 100.0% (34/34)
  Erro médio: 0.0%

--- LAJES ---
  Match rate: 77.8% (14/18)
  Erro médio: 9.8%
  DIFF L8: ref 100.0x100.0 | gen 110.5x22.3 | err=44.1%
  DIFF L10: ref 100.0x100.0 | gen 110.5x22.3 | err=44.1%
  DIFF L15: ref 100.0x100.0 | gen 110.5x22.3 | err=44.1%
  DIFF L16: ref 100.0x100.0 | gen 110.5x22.3 | err=44.1%

=== SCORE GERAL: 92.6% (PASS | meta: 75.0%) ===
  Pilares: 100.0% | Vigas: 100.0% | Lajes: 77.8%

  Relatorio: D:\Agente-cad-PYSIDE\DADOS-OBRAS\Obra_TREINO_11\Fase-5_Geracao_Scripts\_relatorio_comparacao.json
[INFO] === extrair_ancoras_dxf.py | Obra_TREINO_11 | GWT-6PV ===
[INFO] PL DXF: NOVA-SCHWARTZ-GWT-6PV-PL-R00_R2018_ASCII_ODA.dxf
[INFO] Pilares: 26 ancoras extraidas do PL DXF
[INFO] Salvo: D:\Agente-cad-PYSIDE\DADOS-OBRAS\Obra_TREINO_11\Fase-3_Interpretacao_Extracao\ancoras_pilares.json (26 pilares)
[INFO] LV DXF: NOVA-SCHWARTZ-GWT-6PV-LV-R00_R2018_ASCII_ODA.dxf
[INFO] Vigas: 0 ancoras extraidas do LV DXF
[INFO] Salvo: D:\Agente-cad-PYSIDE\DADOS-OBRAS\Obra_TREINO_11\Fase-3_Interpretacao_Extracao\ancoras_vigas.json (0 vigas)
[INFO] LJ DXF: NOVA-SCHWARTZ-GWT-6PV-LJ-R00_R2018_ASCII_ODA.dxf
[INFO] Lajes: 18 ancoras extraidas do LJ DXF
[INFO] Salvo: D:\Agente-cad-PYSIDE\DADOS-OBRAS\Obra_TREINO_11\Fase-3_Interpretacao_Extracao\ancoras_lajes.json (18 lajes)

[RESULTADO]
  Pilares: 26 ancoras
  Vigas:   0 ancoras
  Lajes:   18 ancoras

  STATUS: PARCIAL (cobertura baixa)
[INFO] === consolidar_dxf_pilares.py | Obra_TREINO_11 | GWT-6PV ===
  P1: ancora=(16732,15344) offset=(16630,15204) [18 ents]
  P2: ancora=(18004,15338) offset=(17830,15198) [18 ents]
  P3: ancora=(16746,14402) offset=(16566,14262) [18 ents]
  P4: ancora=(17893,14522) offset=(17723,14382) [18 ents]
  P5: ancora=(19031,14515) offset=(18861,14375) [18 ents]
  P6: ancora=(15438,13468) offset=(15283,13328) [18 ents]
  P7: ancora=(16738,13460) offset=(16598,13320) [18 ents]
  P8: ancora=(17989,13454) offset=(17815,13314) [18 ents]
  P9: ancora=(19289,15332) offset=(19134,15192) [18 ents]
  P10: ancora=(15456,12524) offset=(15309,12384) [18 ents]
  P11: ancora=(16755,12518) offset=(16630,12378) [18 ents]
  P12: ancora=(18023,12512) offset=(17899,12372) [18 ents]
  P13: ancora=(19305,12507) offset=(19182,12367) [18 ents]
  P14: ancora=(19070,13623) offset=(18896,13483) [18 ents]
  P15: ancora=(15451,11582) offset=(15343,11442) [18 ents]
  P16: ancora=(16866,10458) offset=(16769,10318) [18 ents]
  P17: ancora=(16908,10458) offset=(16747,10318) [18 ents]
  P18: ancora=(17987,10596) offset=(17802,10456) [18 ents]
  P19: ancora=(19275,11567) offset=(19111,11427) [18 ents]
  P20: ancora=(15498,11529) offset=(15324,11389) [18 ents]
  P21: ancora=(15458,14408) offset=(15281,14268) [18 ents]
  P22: ancora=(16702,10634) offset=(16547,10494) [18 ents]
  P23: ancora=(17878,10961) offset=(17708,10821) [18 ents]
  P24: ancora=(19066,10954) offset=(18896,10814) [18 ents]
  P25: ancora=(15566,9856) offset=(15412,9716) [18 ents]
  P26: ancora=(16869,9848) offset=(16729,9708) [18 ents]

[RESULTADO]
  Pilares consolidados: 26/26
  Output: D:\Agente-cad-PYSIDE\DADOS-OBRAS\Obra_TREINO_11\Fase-6_Execucao_CAD\PL_gerado.dxf
  Validação: 468 entidades no PL_gerado.dxf
  Relatório: D:\Agente-cad-PYSIDE\DADOS-OBRAS\Obra_TREINO_11\Fase-6_Execucao_CAD\consolidacao_pilares.json
[INFO] === consolidar_dxf_vigas.py | Obra_TREINO_11 ===
  V513: ancora=(0,0) [13 ents]
  V602: ancora=(0,-600) [13 ents]
  V608: ancora=(0,-1200) [13 ents]
  V610: ancora=(0,-1800) [13 ents]
  V619: ancora=(0,-2400) [13 ents]
  V701: ancora=(0,-3000) [13 ents]
  V702: ancora=(0,-3600) [13 ents]
  V703: ancora=(0,-4200) [13 ents]
  V704: ancora=(0,-4800) [13 ents]
  V705: ancora=(0,-5400) [13 ents]
  V706A: ancora=(0,-6000) [13 ents]
  V707: ancora=(0,-6600) [10 ents]
  V708: ancora=(0,-7200) [13 ents]
  V709: ancora=(0,-7800) [13 ents]
  V710: ancora=(0,-8400) [13 ents]
  V711: ancora=(0,-9000) [13 ents]
  V712: ancora=(0,-9600) [13 ents]
  V713: ancora=(0,-10200) [13 ents]
  V714: ancora=(0,-10800) [13 ents]
  V715: ancora=(0,-11400) [13 ents]
  V716: ancora=(0,-12000) [13 ents]
  V717: ancora=(0,-12600) [13 ents]
  V718: ancora=(0,-13200) [13 ents]
  V720: ancora=(0,-13800) [13 ents]
  V721: ancora=(0,-14400) [13 ents]
  V722: ancora=(0,-15000) [13 ents]
  V723: ancora=(0,-15600) [13 ents]
  V724: ancora=(0,-16200) [13 ents]
  V725: ancora=(0,-16800) [13 ents]
  V726: ancora=(0,-17400) [13 ents]
  V728: ancora=(0,-18000) [13 ents]
  V729: ancora=(0,-18600) [13 ents]
  V730: ancora=(0,-19200) [13 ents]
  V731: ancora=(0,-19800) [13 ents]

[RESULTADO]
  LV_gerado.dxf: 34 vigas (439 entidades)
  FV_gerado.dxf: 34 vigas offset (439 entidades)
  Sem ancora: ['V513', 'V602', 'V608', 'V610', 'V619', 'V701', 'V702', 'V703', 'V704', 'V705', 'V706A', 'V707', 'V708', 'V709', 'V710', 'V711', 'V712', 'V713', 'V714', 'V715', 'V716', 'V717', 'V718', 'V720', 'V721', 'V722', 'V723', 'V724', 'V725', 'V726', 'V728', 'V729', 'V730', 'V731']
usage: consolidar_dxf_lajes.py [-h] --obra OBRA
consolidar_dxf_lajes.py: error: unrecognized arguments: --pavimento GWT-6PV
[INFO] === validar_dxf_coletivo.py | Obra_TREINO_11 | GWT-6PV ===

  [PILARES]
    GT: 26 | Gerado: 26 | Corretos: 26
    id_match: 100.0% | hallucination: 0.0%
    SCORE: 100.0% — APROVADO

  [VIGAS]
    GT: 37 | Gerado: 34 | Corretos: 34
    id_match: 91.9% | hallucination: 0.0%
    SCORE: 95.1% — APROVADO
    Missing: ['V611', 'V706', 'V719']

  [LAJES]
    GT: 18 | Gerado: 12 | Corretos: 12
    id_match: 66.7% | hallucination: 0.0%
    SCORE: 80.0% — REPROVADO
    Missing: ['L13', 'L14', 'L15', 'L16', 'L17', 'L18']

[RESULTADO GLOBAL]
  Score global: 93.3%
  Status: APROVADO (>=90%)

[INFO] Salvo: D:\Agente-cad-PYSIDE\DADOS-OBRAS\Obra_TREINO_11\Fase-6_Execucao_CAD\validation_coletivo.json
[INFO] Processando 26 pilares \u2192 obras_salvas.json
[INFO]   P1: 38x19cm grade_1=0
[INFO]   P2: 91x38cm grade_1=0
[INFO]   P3: 89x45cm grade_1=0
[INFO]   P4: 76x49cm grade_1=0
[INFO]   P5: 76x49cm grade_1=0
[INFO]   P6: 76x34cm grade_1=0
[INFO]   P7: 76x19cm grade_1=0
[INFO]   P8: 91x38cm grade_1=0
[INFO]   P9: 91x19cm grade_1=0
[INFO]   P10: 83x19cm grade_1=0
[INFO]   P11: 61x19cm grade_1=0
[INFO]   P12: 60x19cm grade_1=0
[INFO]   P13: 59x19cm grade_1=0
[INFO]   P14: 91x38cm grade_1=0
[INFO]   P15: 44x19cm grade_1=0
[INFO]   P16: 35x17cm grade_1=0
[INFO]   P17: 97x19cm grade_1=0
[INFO]   P18: 87x53cm grade_1=0
[INFO]   P19: 81x38cm grade_1=0
[INFO]   P20: 91x38cm grade_1=0
[INFO]   P21: 91x41cm grade_1=0
[INFO]   P22: 76x34cm grade_1=0
[INFO]   P23: 76x49cm grade_1=0
[INFO]   P24: 76x49cm grade_1=0
[INFO]   P25: 76x34cm grade_1=0
[INFO]   P26: 76x19cm grade_1=0
[INFO] \u2705 obras_salvas.json gerado: 26 pilares \u2192 D:\Agente-cad-PYSIDE\DADOS-OBRAS\Obra_TREINO_11\Fase-4_Sincronizacao\obras_salvas.json
[INFO] \u2705 pavimentos_lista.json gerado \u2192 D:\Agente-cad-PYSIDE\DADOS-OBRAS\Obra_TREINO_11\Fase-4_Sincronizacao\pavimentos_lista.json

============================================================
PIPELINE E2E — Obra_TREINO_11 | GWT-6PV
============================================================

[FASE 1] Descoberta de DXFs
  [SKIP] dxf_discovery.json ja existe e contem Obra_TREINO_11

[FASE 2] Engenharia Reversa (Ground Truth)
  [RUN] engenharia_reversa_dxf.py ...
        -> OK (5.1s)

[FASE 3] Extração Dimensional
  [RUN] extrair_bh_pilares.py ...
        -> OK (1.9s)
  [RUN] extrair_vigas_lv.py ...
        -> OK (1.9s)
  [RUN] extrair_lajes_lj.py ...
        -> OK (1.0s)
  [RUN] extrair_garfos_evg.py ...
        -> FALHOU (code 1) (0.6s)
  [RUN] extrair_largura_vigas.py ...
        -> FALHOU (code 2) (0.0s)
  [RUN] extrair_assembly_pl.py ...
        -> FALHOU (code 2) (0.6s)
  [RUN] integrar_fichas_fase3.py ...
        -> OK (0.1s)

[FASE 4] Motor Fase 4 (Transformacao Fase-3 -> Fase-4)
  [CLEAN] Removendo 26 JSONs antigos de JSON_Pilares/
  [CLEAN] Removendo 58 JSONs antigos de JSON_Vigas_Laterais/
  [CLEAN] Removendo 29 JSONs antigos de JSON_Vigas_Fundo/
  [CLEAN] Removendo 16 JSONs antigos de JSON_Lajes/
  [RUN] motor_fase4.py ...
        -> OK (0.3s)

[FASE 5] Geração DXF Individual
  [CLEAN] Removendo 26 DXFs antigos de DXF_Pilares/
  [CLEAN] Removendo 29 DXFs antigos de DXF_Vigas/
  [CLEAN] Removendo 16 DXFs antigos de DXF_Lajes/
  [RUN] gerar_dxf_pilares.py ...
        -> OK (0.8s)
  [RUN] gerar_dxf_vigas.py ...
        -> OK (0.9s)
  [RUN] gerar_dxf_lajes.py ...
        -> OK (0.7s)

[FASE 5b] Comparação DXF Individual vs STOG
  [RUN] comparar_dxf.py ...
        -> OK (1.8s)

[FASE 6] Extração de Âncoras (coords absolutas)
  [RUN] extrair_ancoras_dxf.py ...
        -> OK (3.7s)

[FASE 7] Consolidação DXF Coletivo
  [RUN] consolidar_dxf_pilares.py ...
        -> OK (0.9s)
  [RUN] consolidar_dxf_vigas.py ...
        -> OK (1.0s)
  [RUN] consolidar_dxf_lajes.py ...
        -> FALHOU (code 2) (0.6s)

[FASE 8] Validação DXF Coletivo
  [RUN] validar_dxf_coletivo.py ...
        -> OK (0.7s)

[FASE 9] Geração obras_salvas.json (formato robô)
  [RUN] gerar_obras_salvas.py ...
        -> OK (0.1s)

============================================================
PIPELINE CONCLUÍDO — PARCIAL
  Score coletivo: 93.3%
  Relatório: D:\Agente-cad-PYSIDE\DADOS-OBRAS\Obra_TREINO_11\Fase-8_Revisao_Entrega\pipeline_report.json
============================================================

[INFO] === engenharia_reversa_dxf.py | Obra: Obra_TREINO_11 | Pav: GWT-BCE ===
[INFO] Diretório: D:\Agente-cad-PYSIDE\DADOS-OBRAS\Obra_TREINO_11\Fase-1_Ingestao\Projetos_Finalizados_para_Engenharia_Reversa
[INFO] Usando caminhos do dxf_discovery.json para pav 'GWT-BCE'
[INFO] PL DXF: NOVA-SCHWARTZ-GWT-BCE-PL-R00_R2018_ASCII_ODA.dxf
[INFO] Pilares extraídos: 46 IDs | Pé Direito: 652.0cm -> D:\Agente-cad-PYSIDE\DADOS-OBRAS\Obra_TREINO_11\Fase-3_Interpretacao_Extracao\Pilares\pilares_ground_truth.json
[INFO] LV DXF: NOVA-SCHWARTZ-GWT-BCE-LV-R00_R2018_ASCII_ODA.dxf
[INFO] Vigas extraídas: 67 IDs -> D:\Agente-cad-PYSIDE\DADOS-OBRAS\Obra_TREINO_11\Fase-3_Interpretacao_Extracao\Vigas\vigas_ground_truth.json
[INFO] LJ DXF: NOVA-SCHWARTZ-GWT-BCE-LJ-R00_R2018_ASCII_ODA.dxf
[INFO] Lajes extraídas: 48 IDs -> D:\Agente-cad-PYSIDE\DADOS-OBRAS\Obra_TREINO_11\Fase-3_Interpretacao_Extracao\Lajes\lajes_ground_truth.json
[INFO] === RESULTADO: 46 pilares (ground truth) ===
[INFO] NOTA: IDs e count são CONFIÁVEIS. B/H requerem revisão manual ou análise visual.
[INFO] Ground truth salvo em: D:\Agente-cad-PYSIDE\DADOS-OBRAS\Obra_TREINO_11\Fase-3_Interpretacao_Extracao
[INFO] === extrair_bh_pilares.py | Obra_TREINO_11 | GWT-BCE ===
[INFO] PL DXF: NOVA-SCHWARTZ-GWT-BCE-PL-R00_R2018_ASCII_ODA.dxf
[INFO] Max distancia proximity: 300.0 unidades DXF
[INFO] Lendo DXF (pode demorar para arquivos grandes)...
[INFO] DXF carregado: 7042 entidades
[INFO] Extraindo posicoes dos pilares (layer Texto Secao)...
[INFO] Pilares encontrados: 46
[INFO] Extraindo DIMENSION entities (layers de cota)...
[INFO] DIMENSIONs de cota encontradas: 519
[INFO] Inverse proximity: 519 dims assignadas a 46 pilares

[RESULTADO] Extracao B/H de Pilares
  Total pilares:      46
  B+H completos:      45 (97.8%)
  Apenas H:           1
  Sem dados:          0

[INFO] Salvo em: D:\Agente-cad-PYSIDE\DADOS-OBRAS\Obra_TREINO_11\Fase-3_Interpretacao_Extracao\Pilares\pilares_bh.json
[INFO] pilares_ground_truth.json atualizado: 45 pilares com B/H

[AMOSTRA] Primeiros 5 pilares extraidos:
  P1: B=32.0cm, H=35.0cm, conf=80%
  P2: B=64.0cm, H=91.0cm, conf=80%
  P3: B=47.0cm, H=65.0cm, conf=90%
  P4: B=18.0cm, H=65.0cm, conf=80%
  P5: B=18.0cm, H=65.0cm, conf=80%
DXF: NOVA-SCHWARTZ-GWT-BCE-LV-R00_R2018_ASCII_ODA.dxf
  Labels encontrados: 67 vigas
  Cota Seção (2x): 0 dims
  COTA: 1177 dims

=== RESULTADO ===
  Total vigas: 67
  Com altura_lateral: 0/67
  Com comprimento: 67/67
  Com ambos: 0/67
  Confiança média: 82%
  Output: D:\Agente-cad-PYSIDE\DADOS-OBRAS\Obra_TREINO_11\Fase-3_Interpretacao_Extracao\Vigas\vigas_dim.json

Viga     Alt(cm)    Comp(cm)     Conf     Sides
-------------------------------------------------------
V205     None       244          88%      A
V207     None       246          88%      A+B
V208     None       244          88%      A+B
V210     None       246          88%      A+B
V212     None       246          78%      A+B
V213     None       244          78%      A+B
V215     None       244          88%      A+B
V217     None       246          88%      A+B
V218     None       282          88%      A+B
V219     None       298          88%      A+B
V221     None       244          78%      B
V222     None       282          88%      B
V223     None       244          78%      A+B
V225     None       276          78%      A+B
V226     None       298          78%      A
V227     None       338          88%      A+B
V228     None       244          88%      A+B
V229     None       310          78%      A+B
V230     None       244          88%      A
V231     None       246          78%      A+B
V232     None       620          78%      A+B
V233     None       620          78%      A+B
V234     None       268          78%      A+B
V236     None       294          88%      A+B
V238     None       264          88%      A+B
V241     None       328          78%      A+B
V243     None       310          78%      B
V311     None       246          88%      A+B
V312     None       276          88%      A+B
V313     None       256          78%      A+B
V314     None       256          78%      A+B
V315     None       246          78%      A+B
V316     None       238          88%      A+B
V317     None       246          78%      A+B
V318     None       244          78%      A+B
V319     None       244          88%      A+B
V321     None       244          78%      A+B
V322     None       282          88%      A+B
V323     None       244          88%      A+B
V324     None       310          78%      A+B
V326     None       282          78%      A
V328     None       244          88%      A+B
V329     None       298          88%      A+B
V330     None       298          88%      A+B
V331     None       338          78%      A+B
V332     None       246          88%      A+B
V333     None       244          78%      A+B
V334     None       298          78%      A+B
V335     None       246          78%      A+B
V336     None       282          78%      A+B
V337     None       244          78%      A+B
V338     None       244          88%      A+B
V339     None       620          78%      A+B
V340     None       246          78%      A+B
V341     None       294          78%      A+B
V342     None       244          88%      A+B
V343     None       264          78%      A+B
V344     None       244          78%      A+B
V345     None       282          78%      A+B
V347     None       294          88%      A+B
V356     None       310          78%      A+B
V357     None       310          78%      A+B
V358     None       244          78%      A+B
V359     None       244          78%      A+B
V360     None       244          88%      A+B
V361     None       244          78%      A+B
V218A    None       254          88%      A
[INFO] === extrair_lajes_lj.py | Obra_TREINO_11 | GWT-BCE ===
[INFO] LJ DXF: NOVA-SCHWARTZ-GWT-BCE-LJ-R00_R2018_ASCII_ODA.dxf
[INFO] Lendo DXF...
[INFO] 2342 entidades
[INFO] Extraindo labels e codigos de lajes...
[DEBUG] Labels encontrados: ['L1', 'L10', 'L11', 'L12', 'L13', 'L14', 'L15', 'L16', 'L17', 'L18', 'L19', 'L2', 'L20', 'L21', 'L22', 'L23', 'L24', 'L25', 'L26', 'L27', 'L28', 'L29', 'L3', 'L30', 'L31', 'L32', 'L33', 'L34', 'L35', 'L36', 'L37', 'L38', 'L39', 'L4', 'L40', 'L41', 'L42', 'L43', 'L44', 'L5', 'L6', 'L7', 'L8', 'L9']
[DEBUG] Lajes com paineis AUX00: []
[INFO] Lajes encontradas: 44
[INFO] Construindo fichas com coordenadas...

[RESULTADO] Extracao de Lajes
  Total lajes:        44
  Com dimensoes:      0
  Com coordenadas:    0

[INFO] Salvo em: D:\Agente-cad-PYSIDE\DADOS-OBRAS\Obra_TREINO_11\Fase-3_Interpretacao_Extracao\Lajes\lajes_data.json
[INFO] lajes_ground_truth.json atualizado: 0 lajes com dimensoes

[AMOSTRA] Primeiras lajes:
  L1: NonexNonecm | area=Nonecm2 | coords=0pts | conf=30%
  L2: NonexNonecm | area=Nonecm2 | coords=0pts | conf=30%
  L3: NonexNonecm | area=Nonecm2 | coords=0pts | conf=30%
  L4: NonexNonecm | area=Nonecm2 | coords=0pts | conf=30%
  L5: NonexNonecm | area=Nonecm2 | coords=0pts | conf=30%
  L6: NonexNonecm | area=Nonecm2 | coords=0pts | conf=30%
  L7: NonexNonecm | area=Nonecm2 | coords=0pts | conf=30%
  L8: NonexNonecm | area=Nonecm2 | coords=0pts | conf=30%
ERRO: Nenhum EVG DXF encontrado em D:\Agente-cad-PYSIDE\DADOS-OBRAS\Obra_TREINO_11
C:\Python314\python.exe: can't open file 'D:\\Agente-cad-PYSIDE\\Agente-cad-PYSIDE-Restored-main\\scripts\\extrair_largura_vigas.py': [Errno 2] No such file or directory
usage: extrair_assembly_pl.py [-h] --obra OBRA [--pav PAV] [--output OUTPUT]
extrair_assembly_pl.py: error: unrecognized arguments: --pavimento GWT-BCE
=== VIGAS ===
  AVISO: vigas_largura.json nao encontrado — usando b=15cm (default)
  AVISO: Viga V205: altura_lateral=0, usando h=40
  AVISO: Viga V207: altura_lateral=0, usando h=40
  AVISO: Viga V208: altura_lateral=0, usando h=40
  AVISO: Viga V210: altura_lateral=0, usando h=40
  AVISO: Viga V212: altura_lateral=0, usando h=40
  AVISO: Viga V213: altura_lateral=0, usando h=40
  AVISO: Viga V215: altura_lateral=0, usando h=40
  AVISO: Viga V217: altura_lateral=0, usando h=40
  AVISO: Viga V218: altura_lateral=0, usando h=40
  AVISO: Viga V219: altura_lateral=0, usando h=40
  AVISO: Viga V221: altura_lateral=0, usando h=40
  AVISO: Viga V222: altura_lateral=0, usando h=40
  AVISO: Viga V223: altura_lateral=0, usando h=40
  AVISO: Viga V225: altura_lateral=0, usando h=40
  AVISO: Viga V226: altura_lateral=0, usando h=40
  AVISO: Viga V227: altura_lateral=0, usando h=40
  AVISO: Viga V228: altura_lateral=0, usando h=40
  AVISO: Viga V229: altura_lateral=0, usando h=40
  AVISO: Viga V230: altura_lateral=0, usando h=40
  AVISO: Viga V231: altura_lateral=0, usando h=40
  AVISO: Viga V232: altura_lateral=0, usando h=40
  AVISO: Viga V233: altura_lateral=0, usando h=40
  AVISO: Viga V234: altura_lateral=0, usando h=40
  AVISO: Viga V236: altura_lateral=0, usando h=40
  AVISO: Viga V238: altura_lateral=0, usando h=40
  AVISO: Viga V241: altura_lateral=0, usando h=40
  AVISO: Viga V243: altura_lateral=0, usando h=40
  AVISO: Viga V311: altura_lateral=0, usando h=40
  AVISO: Viga V312: altura_lateral=0, usando h=40
  AVISO: Viga V313: altura_lateral=0, usando h=40
  AVISO: Viga V314: altura_lateral=0, usando h=40
  AVISO: Viga V315: altura_lateral=0, usando h=40
  AVISO: Viga V316: altura_lateral=0, usando h=40
  AVISO: Viga V317: altura_lateral=0, usando h=40
  AVISO: Viga V318: altura_lateral=0, usando h=40
  AVISO: Viga V319: altura_lateral=0, usando h=40
  AVISO: Viga V321: altura_lateral=0, usando h=40
  AVISO: Viga V322: altura_lateral=0, usando h=40
  AVISO: Viga V323: altura_lateral=0, usando h=40
  AVISO: Viga V324: altura_lateral=0, usando h=40
  AVISO: Viga V326: altura_lateral=0, usando h=40
  AVISO: Viga V328: altura_lateral=0, usando h=40
  AVISO: Viga V329: altura_lateral=0, usando h=40
  AVISO: Viga V330: altura_lateral=0, usando h=40
  AVISO: Viga V331: altura_lateral=0, usando h=40
  AVISO: Viga V332: altura_lateral=0, usando h=40
  AVISO: Viga V333: altura_lateral=0, usando h=40
  AVISO: Viga V334: altura_lateral=0, usando h=40
  AVISO: Viga V335: altura_lateral=0, usando h=40
  AVISO: Viga V336: altura_lateral=0, usando h=40
  AVISO: Viga V337: altura_lateral=0, usando h=40
  AVISO: Viga V338: altura_lateral=0, usando h=40
  AVISO: Viga V339: altura_lateral=0, usando h=40
  AVISO: Viga V340: altura_lateral=0, usando h=40
  AVISO: Viga V341: altura_lateral=0, usando h=40
  AVISO: Viga V342: altura_lateral=0, usando h=40
  AVISO: Viga V343: altura_lateral=0, usando h=40
  AVISO: Viga V344: altura_lateral=0, usando h=40
  AVISO: Viga V345: altura_lateral=0, usando h=40
  AVISO: Viga V347: altura_lateral=0, usando h=40
  AVISO: Viga V356: altura_lateral=0, usando h=40
  AVISO: Viga V357: altura_lateral=0, usando h=40
  AVISO: Viga V358: altura_lateral=0, usando h=40
  AVISO: Viga V359: altura_lateral=0, usando h=40
  AVISO: Viga V360: altura_lateral=0, usando h=40
  AVISO: Viga V361: altura_lateral=0, usando h=40
  AVISO: Viga V218A: altura_lateral=0, usando h=40
  vigas.json atualizado: 67 vigas
    V205: b=15.0cm h=40.0cm L=244.0cm
    V207: b=15.0cm h=40.0cm L=246.0cm
    V208: b=15.0cm h=40.0cm L=244.0cm
    V210: b=15.0cm h=40.0cm L=246.0cm
    V212: b=15.0cm h=40.0cm L=246.0cm
    V213: b=15.0cm h=40.0cm L=244.0cm
    V215: b=15.0cm h=40.0cm L=244.0cm
    V217: b=15.0cm h=40.0cm L=246.0cm
    V218: b=15.0cm h=40.0cm L=281.5cm
    V219: b=15.0cm h=40.0cm L=297.5cm
    V221: b=15.0cm h=40.0cm L=244.0cm
    V222: b=15.0cm h=40.0cm L=282.5cm
    V223: b=15.0cm h=40.0cm L=244.0cm
    V225: b=15.0cm h=40.0cm L=276.0cm
    V226: b=15.0cm h=40.0cm L=297.5cm
    V227: b=15.0cm h=40.0cm L=338.5cm
    V228: b=15.0cm h=40.0cm L=244.0cm
    V229: b=15.0cm h=40.0cm L=309.5cm
    V230: b=15.0cm h=40.0cm L=244.0cm
    V231: b=15.0cm h=40.0cm L=246.0cm
    V232: b=15.0cm h=40.0cm L=619.5cm
    V233: b=15.0cm h=40.0cm L=619.5cm
    V234: b=15.0cm h=40.0cm L=268.0cm
    V236: b=15.0cm h=40.0cm L=294.5cm
    V238: b=15.0cm h=40.0cm L=264.0cm
    V241: b=15.0cm h=40.0cm L=328.0cm
    V243: b=15.0cm h=40.0cm L=309.5cm
    V311: b=15.0cm h=40.0cm L=246.0cm
    V312: b=15.0cm h=40.0cm L=276.0cm
    V313: b=15.0cm h=40.0cm L=256.0cm
    V314: b=15.0cm h=40.0cm L=256.0cm
    V315: b=15.0cm h=40.0cm L=246.0cm
    V316: b=15.0cm h=40.0cm L=237.5cm
    V317: b=15.0cm h=40.0cm L=246.0cm
    V318: b=15.0cm h=40.0cm L=244.0cm
    V319: b=15.0cm h=40.0cm L=244.0cm
    V321: b=15.0cm h=40.0cm L=244.0cm
    V322: b=15.0cm h=40.0cm L=281.5cm
    V323: b=15.0cm h=40.0cm L=244.0cm
    V324: b=15.0cm h=40.0cm L=309.5cm
    V326: b=15.0cm h=40.0cm L=282.5cm
    V328: b=15.0cm h=40.0cm L=244.0cm
    V329: b=15.0cm h=40.0cm L=297.5cm
    V330: b=15.0cm h=40.0cm L=297.5cm
    V331: b=15.0cm h=40.0cm L=338.5cm
    V332: b=15.0cm h=40.0cm L=246.0cm
    V333: b=15.0cm h=40.0cm L=244.0cm
    V334: b=15.0cm h=40.0cm L=297.5cm
    V335: b=15.0cm h=40.0cm L=246.0cm
    V336: b=15.0cm h=40.0cm L=282.5cm
    V337: b=15.0cm h=40.0cm L=244.0cm
    V338: b=15.0cm h=40.0cm L=244.0cm
    V339: b=15.0cm h=40.0cm L=619.5cm
    V340: b=15.0cm h=40.0cm L=246.0cm
    V341: b=15.0cm h=40.0cm L=294.5cm
    V342: b=15.0cm h=40.0cm L=244.0cm
    V343: b=15.0cm h=40.0cm L=264.0cm
    V344: b=15.0cm h=40.0cm L=244.0cm
    V345: b=15.0cm h=40.0cm L=282.5cm
    V347: b=15.0cm h=40.0cm L=294.5cm
    V356: b=15.0cm h=40.0cm L=309.5cm
    V357: b=15.0cm h=40.0cm L=309.5cm
    V358: b=15.0cm h=40.0cm L=244.0cm
    V359: b=15.0cm h=40.0cm L=244.0cm
    V360: b=15.0cm h=40.0cm L=244.0cm
    V361: b=15.0cm h=40.0cm L=244.0cm
    V218A: b=15.0cm h=40.0cm L=253.5cm

=== LAJES ===
  AVISO: lajes_poligono.json nao encontrado, usando lajes_data.json
  AVISO: Laje L1: dimensoes invalidas, usando 100x100
  AVISO: Laje L2: dimensoes invalidas, usando 100x100
  AVISO: Laje L3: dimensoes invalidas, usando 100x100
  AVISO: Laje L4: dimensoes invalidas, usando 100x100
  AVISO: Laje L5: dimensoes invalidas, usando 100x100
  AVISO: Laje L6: dimensoes invalidas, usando 100x100
  AVISO: Laje L7: dimensoes invalidas, usando 100x100
  AVISO: Laje L8: dimensoes invalidas, usando 100x100
  AVISO: Laje L9: dimensoes invalidas, usando 100x100
  AVISO: Laje L10: dimensoes invalidas, usando 100x100
  AVISO: Laje L11: dimensoes invalidas, usando 100x100
  AVISO: Laje L12: dimensoes invalidas, usando 100x100
  AVISO: Laje L13: dimensoes invalidas, usando 100x100
  AVISO: Laje L14: dimensoes invalidas, usando 100x100
  AVISO: Laje L15: dimensoes invalidas, usando 100x100
  AVISO: Laje L16: dimensoes invalidas, usando 100x100
  AVISO: Laje L17: dimensoes invalidas, usando 100x100
  AVISO: Laje L18: dimensoes invalidas, usando 100x100
  AVISO: Laje L19: dimensoes invalidas, usando 100x100
  AVISO: Laje L20: dimensoes invalidas, usando 100x100
  AVISO: Laje L21: dimensoes invalidas, usando 100x100
  AVISO: Laje L22: dimensoes invalidas, usando 100x100
  AVISO: Laje L23: dimensoes invalidas, usando 100x100
  AVISO: Laje L24: dimensoes invalidas, usando 100x100
  AVISO: Laje L25: dimensoes invalidas, usando 100x100
  AVISO: Laje L26: dimensoes invalidas, usando 100x100
  AVISO: Laje L27: dimensoes invalidas, usando 100x100
  AVISO: Laje L28: dimensoes invalidas, usando 100x100
  AVISO: Laje L29: dimensoes invalidas, usando 100x100
  AVISO: Laje L30: dimensoes invalidas, usando 100x100
  AVISO: Laje L31: dimensoes invalidas, usando 100x100
  AVISO: Laje L32: dimensoes invalidas, usando 100x100
  AVISO: Laje L33: dimensoes invalidas, usando 100x100
  AVISO: Laje L34: dimensoes invalidas, usando 100x100
  AVISO: Laje L35: dimensoes invalidas, usando 100x100
  AVISO: Laje L36: dimensoes invalidas, usando 100x100
  AVISO: Laje L37: dimensoes invalidas, usando 100x100
  AVISO: Laje L38: dimensoes invalidas, usando 100x100
  AVISO: Laje L39: dimensoes invalidas, usando 100x100
  AVISO: Laje L40: dimensoes invalidas, usando 100x100
  AVISO: Laje L41: dimensoes invalidas, usando 100x100
  AVISO: Laje L42: dimensoes invalidas, usando 100x100
  AVISO: Laje L43: dimensoes invalidas, usando 100x100
  AVISO: Laje L44: dimensoes invalidas, usando 100x100
  lajes.json atualizado: 44 lajes
    L1: 100.0x100.0cm area=10000 [label-only]
    L2: 100.0x100.0cm area=10000 [label-only]
    L3: 100.0x100.0cm area=10000 [label-only]
    L4: 100.0x100.0cm area=10000 [label-only]
    L5: 100.0x100.0cm area=10000 [label-only]
    L6: 100.0x100.0cm area=10000 [label-only]
    L7: 100.0x100.0cm area=10000 [label-only]
    L8: 100.0x100.0cm area=10000 [label-only]
    L9: 100.0x100.0cm area=10000 [label-only]
    L10: 100.0x100.0cm area=10000 [label-only]
    L11: 100.0x100.0cm area=10000 [label-only]
    L12: 100.0x100.0cm area=10000 [label-only]
    L13: 100.0x100.0cm area=10000 [label-only]
    L14: 100.0x100.0cm area=10000 [label-only]
    L15: 100.0x100.0cm area=10000 [label-only]
    L16: 100.0x100.0cm area=10000 [label-only]
    L17: 100.0x100.0cm area=10000 [label-only]
    L18: 100.0x100.0cm area=10000 [label-only]
    L19: 100.0x100.0cm area=10000 [label-only]
    L20: 100.0x100.0cm area=10000 [label-only]
    L21: 100.0x100.0cm area=10000 [label-only]
    L22: 100.0x100.0cm area=10000 [label-only]
    L23: 100.0x100.0cm area=10000 [label-only]
    L24: 100.0x100.0cm area=10000 [label-only]
    L25: 100.0x100.0cm area=10000 [label-only]
    L26: 100.0x100.0cm area=10000 [label-only]
    L27: 100.0x100.0cm area=10000 [label-only]
    L28: 100.0x100.0cm area=10000 [label-only]
    L29: 100.0x100.0cm area=10000 [label-only]
    L30: 100.0x100.0cm area=10000 [label-only]
    L31: 100.0x100.0cm area=10000 [label-only]
    L32: 100.0x100.0cm area=10000 [label-only]
    L33: 100.0x100.0cm area=10000 [label-only]
    L34: 100.0x100.0cm area=10000 [label-only]
    L35: 100.0x100.0cm area=10000 [label-only]
    L36: 100.0x100.0cm area=10000 [label-only]
    L37: 100.0x100.0cm area=10000 [label-only]
    L38: 100.0x100.0cm area=10000 [label-only]
    L39: 100.0x100.0cm area=10000 [label-only]
    L40: 100.0x100.0cm area=10000 [label-only]
    L41: 100.0x100.0cm area=10000 [label-only]
    L42: 100.0x100.0cm area=10000 [label-only]
    L43: 100.0x100.0cm area=10000 [label-only]
    L44: 100.0x100.0cm area=10000 [label-only]

=== INTEGRACAO COMPLETA: 67 vigas + 44 lajes ===
  Proximos passos: python scripts/motor_fase4.py --obra D:\Agente-cad-PYSIDE\DADOS-OBRAS\Obra_TREINO_11
[INFO] === motor_fase4.py | Obra: Obra_TREINO_11 | Pav: GWT-BCE ===
[INFO] Carregado: D:\Agente-cad-PYSIDE\DADOS-OBRAS\Obra_TREINO_11\Fase-3_Interpretacao_Extracao\Pilares\pilares_bh.json (47 itens)
[WARNING] pilares_assembly.json nao encontrado — grades ficarao zeradas
[INFO]   \u2705 Pilar P1: 35.0x32.0cm, h=280.0cm
[INFO]   \u2705 Pilar P2: 91.0x64.0cm, h=280.0cm
[INFO]   \u2705 Pilar P3: 65.0x47.0cm, h=280.0cm
[INFO]   \u2705 Pilar P4: 65.0x18.0cm, h=280.0cm
[INFO]   \u2705 Pilar P5: 65.0x18.0cm, h=280.0cm
[INFO]   \u2705 Pilar P6: 99.0x65.0cm, h=280.0cm
[INFO]   \u2705 Pilar P8: 91.0x68.0cm, h=280.0cm
[INFO]   \u2705 Pilar P9: 91.0x19.0cm, h=280.0cm
[INFO]   \u2705 Pilar P10: 81.0x49.0cm, h=280.0cm
[INFO]   \u2705 Pilar P11: 91.0x90.0cm, h=280.0cm
[INFO]   \u2705 Pilar P12: 49.0x19.0cm, h=280.0cm
[INFO]   \u2705 Pilar P14: 91.0x19.0cm, h=280.0cm
[INFO]   \u2705 Pilar P15: 47.0x24.0cm, h=280.0cm
[INFO]   \u2705 Pilar P16: 51.0x34.0cm, h=280.0cm
[INFO]   \u2705 Pilar P17: 91.5x22.0cm, h=280.0cm
[INFO]   \u2705 Pilar P18: 87.0x50.0cm, h=280.0cm
[INFO]   \u2705 Pilar P20: 47.0x19.0cm, h=280.0cm
[INFO]   \u2705 Pilar P21: 20.0x19.0cm, h=280.0cm
[INFO]   \u2705 Pilar P22: 87.0x83.0cm, h=280.0cm
[INFO]   \u2705 Pilar P23: 96.0x49.0cm, h=280.0cm
[INFO]   \u2705 Pilar P24: 96.0x49.0cm, h=280.0cm
[INFO]   \u2705 Pilar P25: 80.0x65.0cm, h=280.0cm
[INFO]   \u2705 Pilar P201: 61.0x14.0cm, h=280.0cm
[INFO]   \u2705 Pilar P202: 87.0x40.0cm, h=280.0cm
[INFO]   \u2705 Pilar P203: 87.0x40.0cm, h=280.0cm
[INFO]   \u2705 Pilar P204: 87.0x40.0cm, h=280.0cm
[INFO]   \u2705 Pilar P205: 87.0x40.0cm, h=280.0cm
[INFO]   \u2705 Pilar P206: 61.0x25.0cm, h=280.0cm
[INFO]   \u2705 Pilar P207: 61.0x25.0cm, h=280.0cm
[INFO]   \u2705 Pilar P208: 30.0x25.0cm, h=280.0cm
[WARNING] Pilar P209: dimensoes invalidas (b=0.0, h=34.0). Pular.
[INFO]   \u2705 Pilar P210: 61.0x25.0cm, h=280.0cm
[INFO]   \u2705 Pilar P211: 61.0x25.0cm, h=280.0cm
[INFO]   \u2705 Pilar P212: 92.0x25.0cm, h=280.0cm
[INFO]   \u2705 Pilar P213: 52.0x25.0cm, h=280.0cm
[INFO]   \u2705 Pilar P214: 82.0x25.0cm, h=280.0cm
[INFO]   \u2705 Pilar P215: 92.0x52.0cm, h=280.0cm
[INFO]   \u2705 Pilar P216: 85.0x62.0cm, h=280.0cm
[INFO]   \u2705 Pilar P217: 62.0x25.0cm, h=280.0cm
[INFO]   \u2705 Pilar P218: 62.0x25.0cm, h=280.0cm
[INFO]   \u2705 Pilar P219: 80.0x25.0cm, h=280.0cm
[INFO]   \u2705 Pilar P220: 61.0x43.0cm, h=280.0cm
[INFO]   \u2705 Pilar P221: 61.0x50.0cm, h=280.0cm
[INFO]   \u2705 Pilar P251: 72.0x19.0cm, h=280.0cm
[INFO]   \u2705 Pilar P252: 72.0x19.0cm, h=280.0cm
[INFO]   \u2705 Pilar P501: 87.0x38.0cm, h=280.0cm
[INFO] Pilares: 45 processados -> D:\Agente-cad-PYSIDE\DADOS-OBRAS\Obra_TREINO_11\Fase-4_Sincronizacao\pilares_salvos.json
[INFO] Carregado: D:\Agente-cad-PYSIDE\DADOS-OBRAS\Obra_TREINO_11\Fase-3_Interpretacao_Extracao\Vigas\vigas.json (68 itens)
[INFO]   \u2705 Viga V205: b=15.0cm, h=40.0cm, L=244.0cm -> A+B
[INFO]   \u2705 Viga V207: b=15.0cm, h=40.0cm, L=246.0cm -> A+B
[INFO]   \u2705 Viga V208: b=15.0cm, h=40.0cm, L=244.0cm -> A+B
[INFO]   \u2705 Viga V210: b=15.0cm, h=40.0cm, L=246.0cm -> A+B
[INFO]   \u2705 Viga V212: b=15.0cm, h=40.0cm, L=246.0cm -> A+B
[INFO]   \u2705 Viga V213: b=15.0cm, h=40.0cm, L=244.0cm -> A+B
[INFO]   \u2705 Viga V215: b=15.0cm, h=40.0cm, L=244.0cm -> A+B
[INFO]   \u2705 Viga V217: b=15.0cm, h=40.0cm, L=246.0cm -> A+B
[INFO]   \u2705 Viga V218: b=15.0cm, h=40.0cm, L=281.5cm -> A+B
[INFO]   \u2705 Viga V219: b=15.0cm, h=40.0cm, L=297.5cm -> A+B
[INFO]   \u2705 Viga V221: b=15.0cm, h=40.0cm, L=244.0cm -> A+B
[INFO]   \u2705 Viga V222: b=15.0cm, h=40.0cm, L=282.5cm -> A+B
[INFO]   \u2705 Viga V223: b=15.0cm, h=40.0cm, L=244.0cm -> A+B
[INFO]   \u2705 Viga V225: b=15.0cm, h=40.0cm, L=276.0cm -> A+B
[INFO]   \u2705 Viga V226: b=15.0cm, h=40.0cm, L=297.5cm -> A+B
[INFO]   \u2705 Viga V227: b=15.0cm, h=40.0cm, L=338.5cm -> A+B
[INFO]   \u2705 Viga V228: b=15.0cm, h=40.0cm, L=244.0cm -> A+B
[INFO]   \u2705 Viga V229: b=15.0cm, h=40.0cm, L=309.5cm -> A+B
[INFO]   \u2705 Viga V230: b=15.0cm, h=40.0cm, L=244.0cm -> A+B
[INFO]   \u2705 Viga V231: b=15.0cm, h=40.0cm, L=246.0cm -> A+B
[INFO]   \u2705 Viga V232: b=15.0cm, h=40.0cm, L=619.5cm -> A+B
[INFO]   \u2705 Viga V233: b=15.0cm, h=40.0cm, L=619.5cm -> A+B
[INFO]   \u2705 Viga V234: b=15.0cm, h=40.0cm, L=268.0cm -> A+B
[INFO]   \u2705 Viga V236: b=15.0cm, h=40.0cm, L=294.5cm -> A+B
[INFO]   \u2705 Viga V238: b=15.0cm, h=40.0cm, L=264.0cm -> A+B
[INFO]   \u2705 Viga V241: b=15.0cm, h=40.0cm, L=328.0cm -> A+B
[INFO]   \u2705 Viga V243: b=15.0cm, h=40.0cm, L=309.5cm -> A+B
[INFO]   \u2705 Viga V311: b=15.0cm, h=40.0cm, L=246.0cm -> A+B
[INFO]   \u2705 Viga V312: b=15.0cm, h=40.0cm, L=276.0cm -> A+B
[INFO]   \u2705 Viga V313: b=15.0cm, h=40.0cm, L=256.0cm -> A+B
[INFO]   \u2705 Viga V314: b=15.0cm, h=40.0cm, L=256.0cm -> A+B
[INFO]   \u2705 Viga V315: b=15.0cm, h=40.0cm, L=246.0cm -> A+B
[INFO]   \u2705 Viga V316: b=15.0cm, h=40.0cm, L=237.5cm -> A+B
[INFO]   \u2705 Viga V317: b=15.0cm, h=40.0cm, L=246.0cm -> A+B
[INFO]   \u2705 Viga V318: b=15.0cm, h=40.0cm, L=244.0cm -> A+B
[INFO]   \u2705 Viga V319: b=15.0cm, h=40.0cm, L=244.0cm -> A+B
[INFO]   \u2705 Viga V321: b=15.0cm, h=40.0cm, L=244.0cm -> A+B
[INFO]   \u2705 Viga V322: b=15.0cm, h=40.0cm, L=281.5cm -> A+B
[INFO]   \u2705 Viga V323: b=15.0cm, h=40.0cm, L=244.0cm -> A+B
[INFO]   \u2705 Viga V324: b=15.0cm, h=40.0cm, L=309.5cm -> A+B
[INFO]   \u2705 Viga V326: b=15.0cm, h=40.0cm, L=282.5cm -> A+B
[INFO]   \u2705 Viga V328: b=15.0cm, h=40.0cm, L=244.0cm -> A+B
[INFO]   \u2705 Viga V329: b=15.0cm, h=40.0cm, L=297.5cm -> A+B
[INFO]   \u2705 Viga V330: b=15.0cm, h=40.0cm, L=297.5cm -> A+B
[INFO]   \u2705 Viga V331: b=15.0cm, h=40.0cm, L=338.5cm -> A+B
[INFO]   \u2705 Viga V332: b=15.0cm, h=40.0cm, L=246.0cm -> A+B
[INFO]   \u2705 Viga V333: b=15.0cm, h=40.0cm, L=244.0cm -> A+B
[INFO]   \u2705 Viga V334: b=15.0cm, h=40.0cm, L=297.5cm -> A+B
[INFO]   \u2705 Viga V335: b=15.0cm, h=40.0cm, L=246.0cm -> A+B
[INFO]   \u2705 Viga V336: b=15.0cm, h=40.0cm, L=282.5cm -> A+B
[INFO]   \u2705 Viga V337: b=15.0cm, h=40.0cm, L=244.0cm -> A+B
[INFO]   \u2705 Viga V338: b=15.0cm, h=40.0cm, L=244.0cm -> A+B
[INFO]   \u2705 Viga V339: b=15.0cm, h=40.0cm, L=619.5cm -> A+B
[INFO]   \u2705 Viga V340: b=15.0cm, h=40.0cm, L=246.0cm -> A+B
[INFO]   \u2705 Viga V341: b=15.0cm, h=40.0cm, L=294.5cm -> A+B
[INFO]   \u2705 Viga V342: b=15.0cm, h=40.0cm, L=244.0cm -> A+B
[INFO]   \u2705 Viga V343: b=15.0cm, h=40.0cm, L=264.0cm -> A+B
[INFO]   \u2705 Viga V344: b=15.0cm, h=40.0cm, L=244.0cm -> A+B
[INFO]   \u2705 Viga V345: b=15.0cm, h=40.0cm, L=282.5cm -> A+B
[INFO]   \u2705 Viga V347: b=15.0cm, h=40.0cm, L=294.5cm -> A+B
[INFO]   \u2705 Viga V356: b=15.0cm, h=40.0cm, L=309.5cm -> A+B
[INFO]   \u2705 Viga V357: b=15.0cm, h=40.0cm, L=309.5cm -> A+B
[INFO]   \u2705 Viga V358: b=15.0cm, h=40.0cm, L=244.0cm -> A+B
[INFO]   \u2705 Viga V359: b=15.0cm, h=40.0cm, L=244.0cm -> A+B
[INFO]   \u2705 Viga V360: b=15.0cm, h=40.0cm, L=244.0cm -> A+B
[INFO]   \u2705 Viga V361: b=15.0cm, h=40.0cm, L=244.0cm -> A+B
[INFO]   \u2705 Viga V218A: b=15.0cm, h=40.0cm, L=253.5cm -> A+B
[INFO] Vigas: 67 processadas -> D:\Agente-cad-PYSIDE\DADOS-OBRAS\Obra_TREINO_11\Fase-4_Sincronizacao\vigas_salvas.json
[INFO] Carregado: D:\Agente-cad-PYSIDE\DADOS-OBRAS\Obra_TREINO_11\Fase-3_Interpretacao_Extracao\Lajes\lajes.json (45 itens)
[INFO]   \u2705 Laje L1: 100.0x100.0cm, 1 cortes
[INFO]   \u2705 Laje L2: 100.0x100.0cm, 1 cortes
[INFO]   \u2705 Laje L3: 100.0x100.0cm, 1 cortes
[INFO]   \u2705 Laje L4: 100.0x100.0cm, 1 cortes
[INFO]   \u2705 Laje L5: 100.0x100.0cm, 1 cortes
[INFO]   \u2705 Laje L6: 100.0x100.0cm, 1 cortes
[INFO]   \u2705 Laje L7: 100.0x100.0cm, 1 cortes
[INFO]   \u2705 Laje L8: 100.0x100.0cm, 1 cortes
[INFO]   \u2705 Laje L9: 100.0x100.0cm, 1 cortes
[INFO]   \u2705 Laje L10: 100.0x100.0cm, 1 cortes
[INFO]   \u2705 Laje L11: 100.0x100.0cm, 1 cortes
[INFO]   \u2705 Laje L12: 100.0x100.0cm, 1 cortes
[INFO]   \u2705 Laje L13: 100.0x100.0cm, 1 cortes
[INFO]   \u2705 Laje L14: 100.0x100.0cm, 1 cortes
[INFO]   \u2705 Laje L15: 100.0x100.0cm, 1 cortes
[INFO]   \u2705 Laje L16: 100.0x100.0cm, 1 cortes
[INFO]   \u2705 Laje L17: 100.0x100.0cm, 1 cortes
[INFO]   \u2705 Laje L18: 100.0x100.0cm, 1 cortes
[INFO]   \u2705 Laje L19: 100.0x100.0cm, 1 cortes
[INFO]   \u2705 Laje L20: 100.0x100.0cm, 1 cortes
[INFO]   \u2705 Laje L21: 100.0x100.0cm, 1 cortes
[INFO]   \u2705 Laje L22: 100.0x100.0cm, 1 cortes
[INFO]   \u2705 Laje L23: 100.0x100.0cm, 1 cortes
[INFO]   \u2705 Laje L24: 100.0x100.0cm, 1 cortes
[INFO]   \u2705 Laje L25: 100.0x100.0cm, 1 cortes
[INFO]   \u2705 Laje L26: 100.0x100.0cm, 1 cortes
[INFO]   \u2705 Laje L27: 100.0x100.0cm, 1 cortes
[INFO]   \u2705 Laje L28: 100.0x100.0cm, 1 cortes
[INFO]   \u2705 Laje L29: 100.0x100.0cm, 1 cortes
[INFO]   \u2705 Laje L30: 100.0x100.0cm, 1 cortes
[INFO]   \u2705 Laje L31: 100.0x100.0cm, 1 cortes
[INFO]   \u2705 Laje L32: 100.0x100.0cm, 1 cortes
[INFO]   \u2705 Laje L33: 100.0x100.0cm, 1 cortes
[INFO]   \u2705 Laje L34: 100.0x100.0cm, 1 cortes
[INFO]   \u2705 Laje L35: 100.0x100.0cm, 1 cortes
[INFO]   \u2705 Laje L36: 100.0x100.0cm, 1 cortes
[INFO]   \u2705 Laje L37: 100.0x100.0cm, 1 cortes
[INFO]   \u2705 Laje L38: 100.0x100.0cm, 1 cortes
[INFO]   \u2705 Laje L39: 100.0x100.0cm, 1 cortes
[INFO]   \u2705 Laje L40: 100.0x100.0cm, 1 cortes
[INFO]   \u2705 Laje L41: 100.0x100.0cm, 1 cortes
[INFO]   \u2705 Laje L42: 100.0x100.0cm, 1 cortes
[INFO]   \u2705 Laje L43: 100.0x100.0cm, 1 cortes
[INFO]   \u2705 Laje L44: 100.0x100.0cm, 1 cortes
[INFO] Lajes: 44 processadas -> D:\Agente-cad-PYSIDE\DADOS-OBRAS\Obra_TREINO_11\Fase-4_Sincronizacao\lajes_salvas.json
[INFO] obras_salvas.json: 45 pilares \u2192 D:\Agente-cad-PYSIDE\DADOS-OBRAS\Obra_TREINO_11\Fase-4_Sincronizacao\obras_salvas.json
[INFO] === RESULTADO: 45 pilares, 67 vigas, 44 lajes | 0 erros ===
  pilares_bh.json: 47 pilares

=== GERANDO DXF PILARES (45 pilares) ===
  P1: b=32 h=35 paineis=12 alt=280cm [BH-extraido]
  P10: b=49 h=81 paineis=12 alt=280cm [BH-extraido]
  P11: b=90 h=91 paineis=12 alt=280cm [BH-extraido]
  P12: b=19 h=49 paineis=12 alt=280cm [BH-extraido]
  P14: b=19 h=91 paineis=12 alt=280cm [BH-extraido]
  P15: b=24 h=47 paineis=12 alt=280cm [BH-extraido]
  P16: b=34 h=51 paineis=12 alt=280cm [BH-extraido]
  P17: b=22 h=92 paineis=12 alt=280cm [BH-extraido]
  P18: b=50 h=87 paineis=12 alt=280cm [BH-extraido]
  P2: b=64 h=91 paineis=12 alt=280cm [BH-extraido]
  P20: b=19 h=47 paineis=12 alt=280cm [BH-extraido]
  P201: b=14 h=61 paineis=12 alt=280cm [BH-extraido]
  P202: b=40 h=87 paineis=12 alt=280cm [BH-extraido]
  P203: b=40 h=87 paineis=12 alt=280cm [BH-extraido]
  P204: b=40 h=87 paineis=12 alt=280cm [BH-extraido]
  P205: b=40 h=87 paineis=12 alt=280cm [BH-extraido]
  P206: b=25 h=61 paineis=12 alt=280cm [BH-extraido]
  P207: b=25 h=61 paineis=12 alt=280cm [BH-extraido]
  P208: b=25 h=30 paineis=12 alt=280cm [BH-extraido]
  P21: b=19 h=20 paineis=12 alt=280cm [BH-extraido]
  P210: b=25 h=61 paineis=12 alt=280cm [BH-extraido]
  P211: b=25 h=61 paineis=12 alt=280cm [BH-extraido]
  P212: b=25 h=92 paineis=12 alt=280cm [BH-extraido]
  P213: b=25 h=52 paineis=12 alt=280cm [BH-extraido]
  P214: b=25 h=82 paineis=12 alt=280cm [BH-extraido]
  P215: b=52 h=92 paineis=12 alt=280cm [BH-extraido]
  P216: b=62 h=85 paineis=12 alt=280cm [BH-extraido]
  P217: b=25 h=62 paineis=12 alt=280cm [BH-extraido]
  P218: b=25 h=62 paineis=12 alt=280cm [BH-extraido]
  P219: b=25 h=80 paineis=12 alt=280cm [BH-extraido]
  P22: b=83 h=87 paineis=12 alt=280cm [BH-extraido]
  P220: b=43 h=61 paineis=12 alt=280cm [BH-extraido]
  P221: b=50 h=61 paineis=12 alt=280cm [BH-extraido]
  P23: b=49 h=96 paineis=12 alt=280cm [BH-extraido]
  P24: b=49 h=96 paineis=12 alt=280cm [BH-extraido]
  P25: b=65 h=80 paineis=12 alt=280cm [BH-extraido]
  P251: b=19 h=72 paineis=12 alt=280cm [BH-extraido]
  P252: b=19 h=72 paineis=12 alt=280cm [BH-extraido]
  P3: b=47 h=65 paineis=12 alt=280cm [BH-extraido]
  P4: b=18 h=65 paineis=12 alt=280cm [BH-extraido]
  P5: b=18 h=65 paineis=12 alt=280cm [BH-extraido]
  P501: b=38 h=87 paineis=12 alt=280cm [BH-extraido]
  P6: b=65 h=99 paineis=12 alt=280cm [BH-extraido]
  P8: b=68 h=91 paineis=12 alt=280cm [BH-extraido]
  P9: b=19 h=91 paineis=12 alt=280cm [BH-extraido]

=== RESULTADO: 45 DXFs gerados | 0 erros ===
  Relatorio: D:\Agente-cad-PYSIDE\DADOS-OBRAS\Obra_TREINO_11\Fase-5_Geracao_Scripts\DXF_Pilares\_relatorio.json
  DXFs em: D:\Agente-cad-PYSIDE\DADOS-OBRAS\Obra_TREINO_11\Fase-5_Geracao_Scripts\DXF_Pilares

  Proximo: python scripts/comparar_dxf_pilares.py --obra D:\Agente-cad-PYSIDE\DADOS-OBRAS\Obra_TREINO_11

=== GERANDO DXF VIGAS (67 vigas) ===
  V205: b=15 h=40 L=244cm | paineis A=3 B=3 F=3
  V207: b=15 h=40 L=246cm | paineis A=3 B=3 F=3
  V208: b=15 h=40 L=244cm | paineis A=3 B=3 F=3
  V210: b=15 h=40 L=246cm | paineis A=3 B=3 F=3
  V212: b=15 h=40 L=246cm | paineis A=3 B=3 F=3
  V213: b=15 h=40 L=244cm | paineis A=3 B=3 F=3
  V215: b=15 h=40 L=244cm | paineis A=3 B=3 F=3
  V217: b=15 h=40 L=246cm | paineis A=3 B=3 F=3
  V218: b=15 h=40 L=282cm | paineis A=3 B=3 F=3
  V219: b=15 h=40 L=298cm | paineis A=3 B=3 F=3
  V221: b=15 h=40 L=244cm | paineis A=3 B=3 F=3
  V222: b=15 h=40 L=282cm | paineis A=3 B=3 F=3
  V223: b=15 h=40 L=244cm | paineis A=3 B=3 F=3
  V225: b=15 h=40 L=276cm | paineis A=3 B=3 F=3
  V226: b=15 h=40 L=298cm | paineis A=3 B=3 F=3
  V227: b=15 h=40 L=338cm | paineis A=3 B=3 F=3
  V228: b=15 h=40 L=244cm | paineis A=3 B=3 F=3
  V229: b=15 h=40 L=310cm | paineis A=3 B=3 F=3
  V230: b=15 h=40 L=244cm | paineis A=3 B=3 F=3
  V231: b=15 h=40 L=246cm | paineis A=3 B=3 F=3
  V232: b=15 h=40 L=620cm | paineis A=6 B=6 F=6
  V233: b=15 h=40 L=620cm | paineis A=6 B=6 F=6
  V234: b=15 h=40 L=268cm | paineis A=3 B=3 F=3
  V236: b=15 h=40 L=294cm | paineis A=3 B=3 F=3
  V238: b=15 h=40 L=264cm | paineis A=3 B=3 F=3
  V241: b=15 h=40 L=328cm | paineis A=3 B=3 F=3
  V243: b=15 h=40 L=310cm | paineis A=3 B=3 F=3
  V311: b=15 h=40 L=246cm | paineis A=3 B=3 F=3
  V312: b=15 h=40 L=276cm | paineis A=3 B=3 F=3
  V313: b=15 h=40 L=256cm | paineis A=3 B=3 F=3
  V314: b=15 h=40 L=256cm | paineis A=3 B=3 F=3
  V315: b=15 h=40 L=246cm | paineis A=3 B=3 F=3
  V316: b=15 h=40 L=238cm | paineis A=2 B=2 F=2
  V317: b=15 h=40 L=246cm | paineis A=3 B=3 F=3
  V318: b=15 h=40 L=244cm | paineis A=3 B=3 F=3
  V319: b=15 h=40 L=244cm | paineis A=3 B=3 F=3
  V321: b=15 h=40 L=244cm | paineis A=3 B=3 F=3
  V322: b=15 h=40 L=282cm | paineis A=3 B=3 F=3
  V323: b=15 h=40 L=244cm | paineis A=3 B=3 F=3
  V324: b=15 h=40 L=310cm | paineis A=3 B=3 F=3
  V326: b=15 h=40 L=282cm | paineis A=3 B=3 F=3
  V328: b=15 h=40 L=244cm | paineis A=3 B=3 F=3
  V329: b=15 h=40 L=298cm | paineis A=3 B=3 F=3
  V330: b=15 h=40 L=298cm | paineis A=3 B=3 F=3
  V331: b=15 h=40 L=338cm | paineis A=3 B=3 F=3
  V332: b=15 h=40 L=246cm | paineis A=3 B=3 F=3
  V333: b=15 h=40 L=244cm | paineis A=3 B=3 F=3
  V334: b=15 h=40 L=298cm | paineis A=3 B=3 F=3
  V335: b=15 h=40 L=246cm | paineis A=3 B=3 F=3
  V336: b=15 h=40 L=282cm | paineis A=3 B=3 F=3
  V337: b=15 h=40 L=244cm | paineis A=3 B=3 F=3
  V338: b=15 h=40 L=244cm | paineis A=3 B=3 F=3
  V339: b=15 h=40 L=620cm | paineis A=6 B=6 F=6
  V340: b=15 h=40 L=246cm | paineis A=3 B=3 F=3
  V341: b=15 h=40 L=294cm | paineis A=3 B=3 F=3
  V342: b=15 h=40 L=244cm | paineis A=3 B=3 F=3
  V343: b=15 h=40 L=264cm | paineis A=3 B=3 F=3
  V344: b=15 h=40 L=244cm | paineis A=3 B=3 F=3
  V345: b=15 h=40 L=282cm | paineis A=3 B=3 F=3
  V347: b=15 h=40 L=294cm | paineis A=3 B=3 F=3
  V356: b=15 h=40 L=310cm | paineis A=3 B=3 F=3
  V357: b=15 h=40 L=310cm | paineis A=3 B=3 F=3
  V358: b=15 h=40 L=244cm | paineis A=3 B=3 F=3
  V359: b=15 h=40 L=244cm | paineis A=3 B=3 F=3
  V360: b=15 h=40 L=244cm | paineis A=3 B=3 F=3
  V361: b=15 h=40 L=244cm | paineis A=3 B=3 F=3
  V218A: b=15 h=40 L=254cm | paineis A=3 B=3 F=3

=== RESULTADO: 67 DXFs gerados | 0 erros ===
  Relatorio: D:\Agente-cad-PYSIDE\DADOS-OBRAS\Obra_TREINO_11\Fase-5_Geracao_Scripts\DXF_Vigas\_relatorio.json
  DXFs em: D:\Agente-cad-PYSIDE\DADOS-OBRAS\Obra_TREINO_11\Fase-5_Geracao_Scripts\DXF_Vigas

  Proximo: python scripts/comparar_dxf_vigas.py --obra D:\Agente-cad-PYSIDE\DADOS-OBRAS\Obra_TREINO_11

=== GERANDO DXF LAJES (44 lajes) ===
  L1: 100.0x100.0cm paineis=2x1 area=10000cm2
  L2: 100.0x100.0cm paineis=2x1 area=10000cm2
  L3: 100.0x100.0cm paineis=2x1 area=10000cm2
  L4: 100.0x100.0cm paineis=2x1 area=10000cm2
  L5: 100.0x100.0cm paineis=2x1 area=10000cm2
  L6: 100.0x100.0cm paineis=2x1 area=10000cm2
  L7: 100.0x100.0cm paineis=2x1 area=10000cm2
  L8: 100.0x100.0cm paineis=2x1 area=10000cm2
  L9: 100.0x100.0cm paineis=2x1 area=10000cm2
  L10: 100.0x100.0cm paineis=2x1 area=10000cm2
  L11: 100.0x100.0cm paineis=2x1 area=10000cm2
  L12: 100.0x100.0cm paineis=2x1 area=10000cm2
  L13: 100.0x100.0cm paineis=2x1 area=10000cm2
  L14: 100.0x100.0cm paineis=2x1 area=10000cm2
  L15: 100.0x100.0cm paineis=2x1 area=10000cm2
  L16: 100.0x100.0cm paineis=2x1 area=10000cm2
  L17: 100.0x100.0cm paineis=2x1 area=10000cm2
  L18: 100.0x100.0cm paineis=2x1 area=10000cm2
  L19: 100.0x100.0cm paineis=2x1 area=10000cm2
  L20: 100.0x100.0cm paineis=2x1 area=10000cm2
  L21: 100.0x100.0cm paineis=2x1 area=10000cm2
  L22: 100.0x100.0cm paineis=2x1 area=10000cm2
  L23: 100.0x100.0cm paineis=2x1 area=10000cm2
  L24: 100.0x100.0cm paineis=2x1 area=10000cm2
  L25: 100.0x100.0cm paineis=2x1 area=10000cm2
  L26: 100.0x100.0cm paineis=2x1 area=10000cm2
  L27: 100.0x100.0cm paineis=2x1 area=10000cm2
  L28: 100.0x100.0cm paineis=2x1 area=10000cm2
  L29: 100.0x100.0cm paineis=2x1 area=10000cm2
  L30: 100.0x100.0cm paineis=2x1 area=10000cm2
  L31: 100.0x100.0cm paineis=2x1 area=10000cm2
  L32: 100.0x100.0cm paineis=2x1 area=10000cm2
  L33: 100.0x100.0cm paineis=2x1 area=10000cm2
  L34: 100.0x100.0cm paineis=2x1 area=10000cm2
  L35: 100.0x100.0cm paineis=2x1 area=10000cm2
  L36: 100.0x100.0cm paineis=2x1 area=10000cm2
  L37: 100.0x100.0cm paineis=2x1 area=10000cm2
  L38: 100.0x100.0cm paineis=2x1 area=10000cm2
  L39: 100.0x100.0cm paineis=2x1 area=10000cm2
  L40: 100.0x100.0cm paineis=2x1 area=10000cm2
  L41: 100.0x100.0cm paineis=2x1 area=10000cm2
  L42: 100.0x100.0cm paineis=2x1 area=10000cm2
  L43: 100.0x100.0cm paineis=2x1 area=10000cm2
  L44: 100.0x100.0cm paineis=2x1 area=10000cm2

=== RESULTADO: 44 DXFs gerados | 0 erros ===
  Relatorio: D:\Agente-cad-PYSIDE\DADOS-OBRAS\Obra_TREINO_11\Fase-5_Geracao_Scripts\DXF_Lajes\_relatorio.json
  DXFs em: D:\Agente-cad-PYSIDE\DADOS-OBRAS\Obra_TREINO_11\Fase-5_Geracao_Scripts\DXF_Lajes

  Proximo: python scripts/comparar_dxf.py --obra D:\Agente-cad-PYSIDE\DADOS-OBRAS\Obra_TREINO_11

=== COMPARADOR DXF vs. GROUND TRUTH (tol=5.0%) ===

--- PILARES ---
  Match rate: 100.0% (45/45)
  Erro médio: 0.0%

--- VIGAS ---
  Match rate: 100.0% (67/67)
  Erro médio: 0.0%

--- LAJES ---
  Match rate: 100.0% (44/44)
  Erro médio: 0.0%

=== SCORE GERAL: 100.0% (PASS | meta: 75.0%) ===
  Pilares: 100.0% | Vigas: 100.0% | Lajes: 100.0%

  Relatorio: D:\Agente-cad-PYSIDE\DADOS-OBRAS\Obra_TREINO_11\Fase-5_Geracao_Scripts\_relatorio_comparacao.json
[INFO] === extrair_ancoras_dxf.py | Obra_TREINO_11 | GWT-BCE ===
[INFO] PL DXF: NOVA-SCHWARTZ-GWT-BCE-PL-R00_R2018_ASCII_ODA.dxf
[INFO] Pilares: 44 ancoras extraidas do PL DXF
[INFO] Salvo: D:\Agente-cad-PYSIDE\DADOS-OBRAS\Obra_TREINO_11\Fase-3_Interpretacao_Extracao\ancoras_pilares.json (44 pilares)
[INFO] LV DXF: NOVA-SCHWARTZ-GWT-BCE-LV-R00_R2018_ASCII_ODA.dxf
[INFO] Vigas: 0 ancoras extraidas do LV DXF
[INFO] Salvo: D:\Agente-cad-PYSIDE\DADOS-OBRAS\Obra_TREINO_11\Fase-3_Interpretacao_Extracao\ancoras_vigas.json (0 vigas)
[INFO] LJ DXF: NOVA-SCHWARTZ-GWT-BCE-LJ-R00_R2018_ASCII_ODA.dxf
[INFO] Lajes: 44 ancoras extraidas do LJ DXF
[INFO] Salvo: D:\Agente-cad-PYSIDE\DADOS-OBRAS\Obra_TREINO_11\Fase-3_Interpretacao_Extracao\ancoras_lajes.json (44 lajes)

[RESULTADO]
  Pilares: 44 ancoras
  Vigas:   0 ancoras
  Lajes:   44 ancoras

  STATUS: PARCIAL (cobertura baixa)
[INFO] === consolidar_dxf_pilares.py | Obra_TREINO_11 | GWT-BCE ===
  P1: ancora=(16729,15344) offset=(16617,15204) [18 ents]
  P2: ancora=(18384,15049) offset=(18184,14909) [18 ents]
  P3: ancora=(19250,15332) offset=(19093,15192) [18 ents]
  P4: ancora=(15268,13834) offset=(15140,13694) [18 ents]
  P5: ancora=(16699,13834) offset=(16571,13694) [18 ents]
  P6: ancora=(17993,14402) offset=(17784,14262) [18 ents]
  P8: ancora=(19853,13901) offset=(19649,13761) [18 ents]
  P10: ancora=(15422,13472) offset=(15247,13332) [18 ents]
  P11: ancora=(16739,12685) offset=(16513,12545) [18 ents]
  P12: ancora=(17005,12685) offset=(16892,12545) [18 ents]
  P14: ancora=(20117,13901) offset=(19962,13761) [18 ents]
  P15: ancora=(19261,13454) offset=(19145,13314) [18 ents]
  P16: ancora=(15460,12530) offset=(15330,12390) [18 ents]
  P17: ancora=(16234,11447) offset=(16075,11307) [18 ents]
  P18: ancora=(17607,13128) offset=(17425,12988) [18 ents]
  P20: ancora=(18677,13118) offset=(18566,12978) [18 ents]
  P21: ancora=(18556,15050) offset=(18472,14910) [18 ents]
  P22: ancora=(15424,11588) offset=(15209,11448) [18 ents]
  P23: ancora=(16862,10455) offset=(16672,10315) [18 ents]
  P24: ancora=(18303,10455) offset=(18113,10315) [18 ents]
  P25: ancora=(19264,11576) offset=(19074,11436) [18 ents]
  P201: ancora=(16397,6886) offset=(16277,6746) [18 ents]
  P202: ancora=(15159,8302) offset=(14987,8162) [18 ents]
  P203: ancora=(14933,6401) offset=(14761,6261) [18 ents]
  P204: ancora=(14933,6381) offset=(14761,6241) [18 ents]
  P205: ancora=(14933,6361) offset=(14761,6221) [18 ents]
  P206: ancora=(18332,6727) offset=(18201,6587) [18 ents]
  P207: ancora=(15529,6687) offset=(15398,6547) [18 ents]
  P208: ancora=(16288,8274) offset=(16188,8134) [18 ents]
  P210: ancora=(17152,9240) offset=(17021,9100) [18 ents]
  P211: ancora=(15719,6667) offset=(15588,6527) [18 ents]
  P212: ancora=(17985,10642) offset=(17823,10502) [18 ents]
  P213: ancora=(19042,10918) offset=(18920,10778) [18 ents]
  P214: ancora=(15484,10049) offset=(15332,9909) [18 ents]
  P215: ancora=(16726,9652) offset=(16537,9512) [18 ents]
  P216: ancora=(18390,8091) offset=(18198,7951) [18 ents]
  P217: ancora=(20097,8090) offset=(19965,7950) [18 ents]
  P219: ancora=(18863,8088) offset=(18713,7948) [18 ents]
  P220: ancora=(16384,8081) offset=(16235,7941) [18 ents]
  P221: ancora=(17132,9240) offset=(16976,9100) [18 ents]
  P251: ancora=(17323,6769) offset=(17187,6629) [18 ents]
  P252: ancora=(16472,9239) offset=(16336,9099) [18 ents]
  P501: ancora=(17995,13460) offset=(17825,13320) [18 ents]

[RESULTADO]
  Pilares consolidados: 43/45
  Sem ancora: ['P9', 'P218']
  Output: D:\Agente-cad-PYSIDE\DADOS-OBRAS\Obra_TREINO_11\Fase-6_Execucao_CAD\PL_gerado.dxf
  Validação: 774 entidades no PL_gerado.dxf
  Relatório: D:\Agente-cad-PYSIDE\DADOS-OBRAS\Obra_TREINO_11\Fase-6_Execucao_CAD\consolidacao_pilares.json
[INFO] === consolidar_dxf_vigas.py | Obra_TREINO_11 ===
  V205: ancora=(0,0) [13 ents]
  V207: ancora=(0,-600) [13 ents]
  V208: ancora=(0,-1200) [13 ents]
  V210: ancora=(0,-1800) [13 ents]
  V212: ancora=(0,-2400) [13 ents]
  V213: ancora=(0,-3000) [13 ents]
  V215: ancora=(0,-3600) [13 ents]
  V217: ancora=(0,-4200) [13 ents]
  V218: ancora=(0,-4800) [13 ents]
  V218A: ancora=(0,-5400) [13 ents]
  V219: ancora=(0,-6000) [13 ents]
  V221: ancora=(0,-6600) [13 ents]
  V222: ancora=(0,-7200) [13 ents]
  V223: ancora=(0,-7800) [13 ents]
  V225: ancora=(0,-8400) [13 ents]
  V226: ancora=(0,-9000) [13 ents]
  V227: ancora=(0,-9600) [13 ents]
  V228: ancora=(0,-10200) [13 ents]
  V229: ancora=(0,-10800) [13 ents]
  V230: ancora=(0,-11400) [13 ents]
  V231: ancora=(0,-12000) [13 ents]
  V232: ancora=(0,-12600) [22 ents]
  V233: ancora=(0,-13200) [22 ents]
  V234: ancora=(0,-13800) [13 ents]
  V236: ancora=(0,-14400) [13 ents]
  V238: ancora=(0,-15000) [13 ents]
  V241: ancora=(0,-15600) [13 ents]
  V243: ancora=(0,-16200) [13 ents]
  V311: ancora=(0,-16800) [13 ents]
  V312: ancora=(0,-17400) [13 ents]
  V313: ancora=(0,-18000) [13 ents]
  V314: ancora=(0,-18600) [13 ents]
  V315: ancora=(0,-19200) [13 ents]
  V316: ancora=(0,-19800) [10 ents]
  V317: ancora=(0,-20400) [13 ents]
  V318: ancora=(0,-21000) [13 ents]
  V319: ancora=(0,-21600) [13 ents]
  V321: ancora=(0,-22200) [13 ents]
  V322: ancora=(0,-22800) [13 ents]
  V323: ancora=(0,-23400) [13 ents]
  V324: ancora=(0,-24000) [13 ents]
  V326: ancora=(0,-24600) [13 ents]
  V328: ancora=(0,-25200) [13 ents]
  V329: ancora=(0,-25800) [13 ents]
  V330: ancora=(0,-26400) [13 ents]
  V331: ancora=(0,-27000) [13 ents]
  V332: ancora=(0,-27600) [13 ents]
  V333: ancora=(0,-28200) [13 ents]
  V334: ancora=(0,-28800) [13 ents]
  V335: ancora=(0,-29400) [13 ents]
  V336: ancora=(0,-30000) [13 ents]
  V337: ancora=(0,-30600) [13 ents]
  V338: ancora=(0,-31200) [13 ents]
  V339: ancora=(0,-31800) [22 ents]
  V340: ancora=(0,-32400) [13 ents]
  V341: ancora=(0,-33000) [13 ents]
  V342: ancora=(0,-33600) [13 ents]
  V343: ancora=(0,-34200) [13 ents]
  V344: ancora=(0,-34800) [13 ents]
  V345: ancora=(0,-35400) [13 ents]
  V347: ancora=(0,-36000) [13 ents]
  V356: ancora=(0,-36600) [13 ents]
  V357: ancora=(0,-37200) [13 ents]
  V358: ancora=(0,-37800) [13 ents]
  V359: ancora=(0,-38400) [13 ents]
  V360: ancora=(0,-39000) [13 ents]
  V361: ancora=(0,-39600) [13 ents]

[RESULTADO]
  LV_gerado.dxf: 67 vigas (895 entidades)
  FV_gerado.dxf: 67 vigas offset (895 entidades)
  Sem ancora: ['V205', 'V207', 'V208', 'V210', 'V212', 'V213', 'V215', 'V217', 'V218', 'V218A', 'V219', 'V221', 'V222', 'V223', 'V225', 'V226', 'V227', 'V228', 'V229', 'V230', 'V231', 'V232', 'V233', 'V234', 'V236', 'V238', 'V241', 'V243', 'V311', 'V312', 'V313', 'V314', 'V315', 'V316', 'V317', 'V318', 'V319', 'V321', 'V322', 'V323', 'V324', 'V326', 'V328', 'V329', 'V330', 'V331', 'V332', 'V333', 'V334', 'V335', 'V336', 'V337', 'V338', 'V339', 'V340', 'V341', 'V342', 'V343', 'V344', 'V345', 'V347', 'V356', 'V357', 'V358', 'V359', 'V360', 'V361']
usage: consolidar_dxf_lajes.py [-h] --obra OBRA
consolidar_dxf_lajes.py: error: unrecognized arguments: --pavimento GWT-BCE
[INFO] === validar_dxf_coletivo.py | Obra_TREINO_11 | GWT-BCE ===

  [PILARES]
    GT: 46 | Gerado: 43 | Corretos: 43
    id_match: 93.5% | hallucination: 0.0%
    SCORE: 96.1% — APROVADO
    Missing: ['P209', 'P218', 'P9']

  [VIGAS]
    GT: 67 | Gerado: 67 | Corretos: 67
    id_match: 100.0% | hallucination: 0.0%
    SCORE: 100.0% — APROVADO

  [LAJES]
    GT: 48 | Gerado: 12 | Corretos: 12
    id_match: 25.0% | hallucination: 0.0%
    SCORE: 55.0% — REPROVADO
    Missing: ['L13', 'L14', 'L15', 'L16', 'L17', 'L18', 'L19', 'L20', 'L21', 'L22']

[RESULTADO GLOBAL]
  Score global: 87.2%
  Status: REPROVADO (meta: >=90%)

[INFO] Salvo: D:\Agente-cad-PYSIDE\DADOS-OBRAS\Obra_TREINO_11\Fase-6_Execucao_CAD\validation_coletivo.json
[INFO] Processando 45 pilares \u2192 obras_salvas.json
[INFO]   P1: 35x32cm grade_1=0
[INFO]   P2: 91x64cm grade_1=0
[INFO]   P3: 65x47cm grade_1=0
[INFO]   P4: 65x18cm grade_1=0
[INFO]   P5: 65x18cm grade_1=0
[INFO]   P6: 99x65cm grade_1=0
[INFO]   P8: 91x68cm grade_1=0
[INFO]   P9: 91x19cm grade_1=0
[INFO]   P10: 81x49cm grade_1=0
[INFO]   P11: 91x90cm grade_1=0
[INFO]   P12: 49x19cm grade_1=0
[INFO]   P14: 91x19cm grade_1=0
[INFO]   P15: 47x24cm grade_1=0
[INFO]   P16: 51x34cm grade_1=0
[INFO]   P17: 91x22cm grade_1=0
[INFO]   P18: 87x50cm grade_1=0
[INFO]   P20: 47x19cm grade_1=0
[INFO]   P21: 20x19cm grade_1=0
[INFO]   P22: 87x83cm grade_1=0
[INFO]   P23: 96x49cm grade_1=0
[INFO]   P24: 96x49cm grade_1=0
[INFO]   P25: 80x65cm grade_1=0
[INFO]   P201: 61x14cm grade_1=0
[INFO]   P202: 87x40cm grade_1=0
[INFO]   P203: 87x40cm grade_1=0
[INFO]   P204: 87x40cm grade_1=0
[INFO]   P205: 87x40cm grade_1=0
[INFO]   P206: 61x25cm grade_1=0
[INFO]   P207: 61x25cm grade_1=0
[INFO]   P208: 30x25cm grade_1=0
[INFO]   P210: 61x25cm grade_1=0
[INFO]   P211: 61x25cm grade_1=0
[INFO]   P212: 92x25cm grade_1=0
[INFO]   P213: 52x25cm grade_1=0
[INFO]   P214: 82x25cm grade_1=0
[INFO]   P215: 92x52cm grade_1=0
[INFO]   P216: 85x62cm grade_1=0
[INFO]   P217: 62x25cm grade_1=0
[INFO]   P218: 62x25cm grade_1=0
[INFO]   P219: 80x25cm grade_1=0
[INFO]   P220: 61x43cm grade_1=0
[INFO]   P221: 61x50cm grade_1=0
[INFO]   P251: 72x19cm grade_1=0
[INFO]   P252: 72x19cm grade_1=0
[INFO]   P501: 87x38cm grade_1=0
[INFO] \u2705 obras_salvas.json gerado: 45 pilares \u2192 D:\Agente-cad-PYSIDE\DADOS-OBRAS\Obra_TREINO_11\Fase-4_Sincronizacao\obras_salvas.json
[INFO] \u2705 pavimentos_lista.json gerado \u2192 D:\Agente-cad-PYSIDE\DADOS-OBRAS\Obra_TREINO_11\Fase-4_Sincronizacao\pavimentos_lista.json

============================================================
PIPELINE E2E — Obra_TREINO_11 | GWT-BCE
============================================================

[FASE 1] Descoberta de DXFs
  [SKIP] dxf_discovery.json ja existe e contem Obra_TREINO_11

[FASE 2] Engenharia Reversa (Ground Truth)
  [RUN] engenharia_reversa_dxf.py ...
        -> OK (6.6s)

[FASE 3] Extração Dimensional
  [RUN] extrair_bh_pilares.py ...
        -> OK (2.4s)
  [RUN] extrair_vigas_lv.py ...
        -> OK (2.3s)
  [RUN] extrair_lajes_lj.py ...
        -> OK (1.2s)
  [RUN] extrair_garfos_evg.py ...
        -> FALHOU (code 1) (0.6s)
  [RUN] extrair_largura_vigas.py ...
        -> FALHOU (code 2) (0.0s)
  [RUN] extrair_assembly_pl.py ...
        -> FALHOU (code 2) (0.6s)
  [RUN] integrar_fichas_fase3.py ...
        -> OK (0.1s)

[FASE 4] Motor Fase 4 (Transformacao Fase-3 -> Fase-4)
  [CLEAN] Removendo 26 JSONs antigos de JSON_Pilares/
  [CLEAN] Removendo 68 JSONs antigos de JSON_Vigas_Laterais/
  [CLEAN] Removendo 34 JSONs antigos de JSON_Vigas_Fundo/
  [CLEAN] Removendo 18 JSONs antigos de JSON_Lajes/
  [RUN] motor_fase4.py ...
        -> OK (0.4s)

[FASE 5] Geração DXF Individual
  [CLEAN] Removendo 26 DXFs antigos de DXF_Pilares/
  [CLEAN] Removendo 34 DXFs antigos de DXF_Vigas/
  [CLEAN] Removendo 18 DXFs antigos de DXF_Lajes/
  [RUN] gerar_dxf_pilares.py ...
        -> OK (1.0s)
  [RUN] gerar_dxf_vigas.py ...
        -> OK (1.1s)
  [RUN] gerar_dxf_lajes.py ...
        -> OK (0.9s)

[FASE 5b] Comparação DXF Individual vs STOG
  [RUN] comparar_dxf.py ...
        -> OK (3.0s)

[FASE 6] Extração de Âncoras (coords absolutas)
  [RUN] extrair_ancoras_dxf.py ...
        -> OK (4.7s)

[FASE 7] Consolidação DXF Coletivo
  [RUN] consolidar_dxf_pilares.py ...
        -> OK (1.1s)
  [RUN] consolidar_dxf_vigas.py ...
        -> OK (1.5s)
  [RUN] consolidar_dxf_lajes.py ...
        -> FALHOU (code 2) (0.6s)

[FASE 8] Validação DXF Coletivo
  [RUN] validar_dxf_coletivo.py ...
        -> OK (0.7s)

[FASE 9] Geração obras_salvas.json (formato robô)
  [RUN] gerar_obras_salvas.py ...
        -> OK (0.2s)

============================================================
PIPELINE CONCLUÍDO — PARCIAL
  Score coletivo: 87.2%
  Relatório: D:\Agente-cad-PYSIDE\DADOS-OBRAS\Obra_TREINO_11\Fase-8_Revisao_Entrega\pipeline_report.json
============================================================

[INFO] === engenharia_reversa_dxf.py | Obra: Obra_TREINO_11 | Pav: GWT-TER ===
[INFO] Diretório: D:\Agente-cad-PYSIDE\DADOS-OBRAS\Obra_TREINO_11\Fase-1_Ingestao\Projetos_Finalizados_para_Engenharia_Reversa
[INFO] Usando caminhos do dxf_discovery.json para pav 'GWT-TER'
[INFO] PL DXF: NOVA-SCHWARTZ-GWT-TER-PL-R00_R2018_ASCII_ODA.dxf
Traceback (most recent call last):
  File "D:\Agente-cad-PYSIDE\Agente-cad-PYSIDE-Restored-main\scripts\engenharia_reversa_dxf.py", line 399, in <module>
  File "D:\Agente-cad-PYSIDE\Agente-cad-PYSIDE-Restored-main\scripts\engenharia_reversa_dxf.py", line 395, in main
  File "D:\Agente-cad-PYSIDE\Agente-cad-PYSIDE-Restored-main\scripts\engenharia_reversa_dxf.py", line 334, in run
  File "D:\Agente-cad-PYSIDE\Agente-cad-PYSIDE-Restored-main\scripts\engenharia_reversa_dxf.py", line 121, in _extract_pe_direito_from_pl
  File "C:\Users\Thierry\AppData\Roaming\Python\Python314\site-packages\ezdxf\filemanagement.py", line 154, in readfile
  File "C:\Users\Thierry\AppData\Roaming\Python\Python314\site-packages\ezdxf\filemanagement.py", line 95, in read
  File "C:\Users\Thierry\AppData\Roaming\Python\Python314\site-packages\ezdxf\document.py", line 350, in read
  File "C:\Users\Thierry\AppData\Roaming\Python\Python314\site-packages\ezdxf\document.py", line 365, in load
  File "C:\Users\Thierry\AppData\Roaming\Python\Python314\site-packages\ezdxf\document.py", line 378, in _load
  File "C:\Users\Thierry\AppData\Roaming\Python\Python314\site-packages\ezdxf\lldxf\loader.py", line 91, in load_dxf_structure
  File "C:\Users\Thierry\AppData\Roaming\Python\Python314\site-packages\ezdxf\lldxf\tags.py", line 321, in group_tags
  File "C:\Users\Thierry\AppData\Roaming\Python\Python314\site-packages\ezdxf\lldxf\tagger.py", line 290, in tag_compiler
  File "C:\Users\Thierry\AppData\Roaming\Python\Python314\site-packages\ezdxf\lldxf\tagger.py", line 124, in ascii_tags_loader
MemoryError
C:\Python314\python.exe: can't open file 'D:\\Agente-cad-PYSIDE\\Agente-cad-PYSIDE-Restored-main\\scripts\\extrair_largura_vigas.py': [Errno 2] No such file or directory
=== VIGAS ===
  AVISO: vigas_largura.json nao encontrado — usando b=15cm (default)
  AVISO: Viga V205: altura_lateral=0, usando h=40
  AVISO: Viga V207: altura_lateral=0, usando h=40
  AVISO: Viga V208: altura_lateral=0, usando h=40
  AVISO: Viga V210: altura_lateral=0, usando h=40
  AVISO: Viga V212: altura_lateral=0, usando h=40
  AVISO: Viga V213: altura_lateral=0, usando h=40
  AVISO: Viga V215: altura_lateral=0, usando h=40
  AVISO: Viga V217: altura_lateral=0, usando h=40
  AVISO: Viga V218: altura_lateral=0, usando h=40
  AVISO: Viga V219: altura_lateral=0, usando h=40
  AVISO: Viga V221: altura_lateral=0, usando h=40
  AVISO: Viga V222: altura_lateral=0, usando h=40
  AVISO: Viga V223: altura_lateral=0, usando h=40
  AVISO: Viga V225: altura_lateral=0, usando h=40
  AVISO: Viga V226: altura_lateral=0, usando h=40
  AVISO: Viga V227: altura_lateral=0, usando h=40
  AVISO: Viga V228: altura_lateral=0, usando h=40
  AVISO: Viga V229: altura_lateral=0, usando h=40
  AVISO: Viga V230: altura_lateral=0, usando h=40
  AVISO: Viga V231: altura_lateral=0, usando h=40
  AVISO: Viga V232: altura_lateral=0, usando h=40
  AVISO: Viga V233: altura_lateral=0, usando h=40
  AVISO: Viga V234: altura_lateral=0, usando h=40
  AVISO: Viga V236: altura_lateral=0, usando h=40
  AVISO: Viga V238: altura_lateral=0, usando h=40
  AVISO: Viga V241: altura_lateral=0, usando h=40
  AVISO: Viga V243: altura_lateral=0, usando h=40
  AVISO: Viga V311: altura_lateral=0, usando h=40
  AVISO: Viga V312: altura_lateral=0, usando h=40
  AVISO: Viga V313: altura_lateral=0, usando h=40
  AVISO: Viga V314: altura_lateral=0, usando h=40
  AVISO: Viga V315: altura_lateral=0, usando h=40
  AVISO: Viga V316: altura_lateral=0, usando h=40
  AVISO: Viga V317: altura_lateral=0, usando h=40
  AVISO: Viga V318: altura_lateral=0, usando h=40
  AVISO: Viga V319: altura_lateral=0, usando h=40
  AVISO: Viga V321: altura_lateral=0, usando h=40
  AVISO: Viga V322: altura_lateral=0, usando h=40
  AVISO: Viga V323: altura_lateral=0, usando h=40
  AVISO: Viga V324: altura_lateral=0, usando h=40
  AVISO: Viga V326: altura_lateral=0, usando h=40
  AVISO: Viga V328: altura_lateral=0, usando h=40
  AVISO: Viga V329: altura_lateral=0, usando h=40
  AVISO: Viga V330: altura_lateral=0, usando h=40
  AVISO: Viga V331: altura_lateral=0, usando h=40
  AVISO: Viga V332: altura_lateral=0, usando h=40
  AVISO: Viga V333: altura_lateral=0, usando h=40
  AVISO: Viga V334: altura_lateral=0, usando h=40
  AVISO: Viga V335: altura_lateral=0, usando h=40
  AVISO: Viga V336: altura_lateral=0, usando h=40
  AVISO: Viga V337: altura_lateral=0, usando h=40
  AVISO: Viga V338: altura_lateral=0, usando h=40
  AVISO: Viga V339: altura_lateral=0, usando h=40
  AVISO: Viga V340: altura_lateral=0, usando h=40
  AVISO: Viga V341: altura_lateral=0, usando h=40
  AVISO: Viga V342: altura_lateral=0, usando h=40
  AVISO: Viga V343: altura_lateral=0, usando h=40
  AVISO: Viga V344: altura_lateral=0, usando h=40
  AVISO: Viga V345: altura_lateral=0, usando h=40
  AVISO: Viga V347: altura_lateral=0, usando h=40
  AVISO: Viga V356: altura_lateral=0, usando h=40
  AVISO: Viga V357: altura_lateral=0, usando h=40
  AVISO: Viga V358: altura_lateral=0, usando h=40
  AVISO: Viga V359: altura_lateral=0, usando h=40
  AVISO: Viga V360: altura_lateral=0, usando h=40
  AVISO: Viga V361: altura_lateral=0, usando h=40
  AVISO: Viga V218A: altura_lateral=0, usando h=40
  vigas.json atualizado: 67 vigas
    V205: b=15.0cm h=40.0cm L=244.0cm
    V207: b=15.0cm h=40.0cm L=246.0cm
    V208: b=15.0cm h=40.0cm L=244.0cm
    V210: b=15.0cm h=40.0cm L=246.0cm
    V212: b=15.0cm h=40.0cm L=246.0cm
    V213: b=15.0cm h=40.0cm L=244.0cm
    V215: b=15.0cm h=40.0cm L=244.0cm
    V217: b=15.0cm h=40.0cm L=246.0cm
    V218: b=15.0cm h=40.0cm L=281.5cm
    V219: b=15.0cm h=40.0cm L=297.5cm
    V221: b=15.0cm h=40.0cm L=244.0cm
    V222: b=15.0cm h=40.0cm L=282.5cm
    V223: b=15.0cm h=40.0cm L=244.0cm
    V225: b=15.0cm h=40.0cm L=276.0cm
    V226: b=15.0cm h=40.0cm L=297.5cm
    V227: b=15.0cm h=40.0cm L=338.5cm
    V228: b=15.0cm h=40.0cm L=244.0cm
    V229: b=15.0cm h=40.0cm L=309.5cm
    V230: b=15.0cm h=40.0cm L=244.0cm
    V231: b=15.0cm h=40.0cm L=246.0cm
    V232: b=15.0cm h=40.0cm L=619.5cm
    V233: b=15.0cm h=40.0cm L=619.5cm
    V234: b=15.0cm h=40.0cm L=268.0cm
    V236: b=15.0cm h=40.0cm L=294.5cm
    V238: b=15.0cm h=40.0cm L=264.0cm
    V241: b=15.0cm h=40.0cm L=328.0cm
    V243: b=15.0cm h=40.0cm L=309.5cm
    V311: b=15.0cm h=40.0cm L=246.0cm
    V312: b=15.0cm h=40.0cm L=276.0cm
    V313: b=15.0cm h=40.0cm L=256.0cm
    V314: b=15.0cm h=40.0cm L=256.0cm
    V315: b=15.0cm h=40.0cm L=246.0cm
    V316: b=15.0cm h=40.0cm L=237.5cm
    V317: b=15.0cm h=40.0cm L=246.0cm
    V318: b=15.0cm h=40.0cm L=244.0cm
    V319: b=15.0cm h=40.0cm L=244.0cm
    V321: b=15.0cm h=40.0cm L=244.0cm
    V322: b=15.0cm h=40.0cm L=281.5cm
    V323: b=15.0cm h=40.0cm L=244.0cm
    V324: b=15.0cm h=40.0cm L=309.5cm
    V326: b=15.0cm h=40.0cm L=282.5cm
    V328: b=15.0cm h=40.0cm L=244.0cm
    V329: b=15.0cm h=40.0cm L=297.5cm
    V330: b=15.0cm h=40.0cm L=297.5cm
    V331: b=15.0cm h=40.0cm L=338.5cm
    V332: b=15.0cm h=40.0cm L=246.0cm
    V333: b=15.0cm h=40.0cm L=244.0cm
    V334: b=15.0cm h=40.0cm L=297.5cm
    V335: b=15.0cm h=40.0cm L=246.0cm
    V336: b=15.0cm h=40.0cm L=282.5cm
    V337: b=15.0cm h=40.0cm L=244.0cm
    V338: b=15.0cm h=40.0cm L=244.0cm
    V339: b=15.0cm h=40.0cm L=619.5cm
    V340: b=15.0cm h=40.0cm L=246.0cm
    V341: b=15.0cm h=40.0cm L=294.5cm
    V342: b=15.0cm h=40.0cm L=244.0cm
    V343: b=15.0cm h=40.0cm L=264.0cm
    V344: b=15.0cm h=40.0cm L=244.0cm
    V345: b=15.0cm h=40.0cm L=282.5cm
    V347: b=15.0cm h=40.0cm L=294.5cm
    V356: b=15.0cm h=40.0cm L=309.5cm
    V357: b=15.0cm h=40.0cm L=309.5cm
    V358: b=15.0cm h=40.0cm L=244.0cm
    V359: b=15.0cm h=40.0cm L=244.0cm
    V360: b=15.0cm h=40.0cm L=244.0cm
    V361: b=15.0cm h=40.0cm L=244.0cm
    V218A: b=15.0cm h=40.0cm L=253.5cm

=== LAJES ===
  AVISO: lajes_poligono.json nao encontrado, usando lajes_data.json
  AVISO: Laje L1: dimensoes invalidas, usando 100x100
  AVISO: Laje L2: dimensoes invalidas, usando 100x100
  AVISO: Laje L3: dimensoes invalidas, usando 100x100
  AVISO: Laje L4: dimensoes invalidas, usando 100x100
  AVISO: Laje L5: dimensoes invalidas, usando 100x100
  AVISO: Laje L6: dimensoes invalidas, usando 100x100
  AVISO: Laje L7: dimensoes invalidas, usando 100x100
  AVISO: Laje L8: dimensoes invalidas, usando 100x100
  AVISO: Laje L9: dimensoes invalidas, usando 100x100
  AVISO: Laje L10: dimensoes invalidas, usando 100x100
  AVISO: Laje L11: dimensoes invalidas, usando 100x100
  AVISO: Laje L12: dimensoes invalidas, usando 100x100
  AVISO: Laje L13: dimensoes invalidas, usando 100x100
  AVISO: Laje L14: dimensoes invalidas, usando 100x100
  AVISO: Laje L15: dimensoes invalidas, usando 100x100
  AVISO: Laje L16: dimensoes invalidas, usando 100x100
  AVISO: Laje L17: dimensoes invalidas, usando 100x100
  AVISO: Laje L18: dimensoes invalidas, usando 100x100
  AVISO: Laje L19: dimensoes invalidas, usando 100x100
  AVISO: Laje L20: dimensoes invalidas, usando 100x100
  AVISO: Laje L21: dimensoes invalidas, usando 100x100
  AVISO: Laje L22: dimensoes invalidas, usando 100x100
  AVISO: Laje L23: dimensoes invalidas, usando 100x100
  AVISO: Laje L24: dimensoes invalidas, usando 100x100
  AVISO: Laje L25: dimensoes invalidas, usando 100x100
  AVISO: Laje L26: dimensoes invalidas, usando 100x100
  AVISO: Laje L27: dimensoes invalidas, usando 100x100
  AVISO: Laje L28: dimensoes invalidas, usando 100x100
  AVISO: Laje L29: dimensoes invalidas, usando 100x100
  AVISO: Laje L30: dimensoes invalidas, usando 100x100
  AVISO: Laje L31: dimensoes invalidas, usando 100x100
  AVISO: Laje L32: dimensoes invalidas, usando 100x100
  AVISO: Laje L33: dimensoes invalidas, usando 100x100
  AVISO: Laje L34: dimensoes invalidas, usando 100x100
  AVISO: Laje L35: dimensoes invalidas, usando 100x100
  AVISO: Laje L36: dimensoes invalidas, usando 100x100
  AVISO: Laje L37: dimensoes invalidas, usando 100x100
  AVISO: Laje L38: dimensoes invalidas, usando 100x100
  AVISO: Laje L39: dimensoes invalidas, usando 100x100
  AVISO: Laje L40: dimensoes invalidas, usando 100x100
  AVISO: Laje L41: dimensoes invalidas, usando 100x100
  AVISO: Laje L42: dimensoes invalidas, usando 100x100
  AVISO: Laje L43: dimensoes invalidas, usando 100x100
  AVISO: Laje L44: dimensoes invalidas, usando 100x100
  lajes.json atualizado: 44 lajes
    L1: 100.0x100.0cm area=10000 [label-only]
    L2: 100.0x100.0cm area=10000 [label-only]
    L3: 100.0x100.0cm area=10000 [label-only]
    L4: 100.0x100.0cm area=10000 [label-only]
    L5: 100.0x100.0cm area=10000 [label-only]
    L6: 100.0x100.0cm area=10000 [label-only]
    L7: 100.0x100.0cm area=10000 [label-only]
    L8: 100.0x100.0cm area=10000 [label-only]
    L9: 100.0x100.0cm area=10000 [label-only]
    L10: 100.0x100.0cm area=10000 [label-only]
    L11: 100.0x100.0cm area=10000 [label-only]
    L12: 100.0x100.0cm area=10000 [label-only]
    L13: 100.0x100.0cm area=10000 [label-only]
    L14: 100.0x100.0cm area=10000 [label-only]
    L15: 100.0x100.0cm area=10000 [label-only]
    L16: 100.0x100.0cm area=10000 [label-only]
    L17: 100.0x100.0cm area=10000 [label-only]
    L18: 100.0x100.0cm area=10000 [label-only]
    L19: 100.0x100.0cm area=10000 [label-only]
    L20: 100.0x100.0cm area=10000 [label-only]
    L21: 100.0x100.0cm area=10000 [label-only]
    L22: 100.0x100.0cm area=10000 [label-only]
    L23: 100.0x100.0cm area=10000 [label-only]
    L24: 100.0x100.0cm area=10000 [label-only]
    L25: 100.0x100.0cm area=10000 [label-only]
    L26: 100.0x100.0cm area=10000 [label-only]
    L27: 100.0x100.0cm area=10000 [label-only]
    L28: 100.0x100.0cm area=10000 [label-only]
    L29: 100.0x100.0cm area=10000 [label-only]
    L30: 100.0x100.0cm area=10000 [label-only]
    L31: 100.0x100.0cm area=10000 [label-only]
    L32: 100.0x100.0cm area=10000 [label-only]
    L33: 100.0x100.0cm area=10000 [label-only]
    L34: 100.0x100.0cm area=10000 [label-only]
    L35: 100.0x100.0cm area=10000 [label-only]
    L36: 100.0x100.0cm area=10000 [label-only]
    L37: 100.0x100.0cm area=10000 [label-only]
    L38: 100.0x100.0cm area=10000 [label-only]
    L39: 100.0x100.0cm area=10000 [label-only]
    L40: 100.0x100.0cm area=10000 [label-only]
    L41: 100.0x100.0cm area=10000 [label-only]
    L42: 100.0x100.0cm area=10000 [label-only]
    L43: 100.0x100.0cm area=10000 [label-only]
    L44: 100.0x100.0cm area=10000 [label-only]

=== INTEGRACAO COMPLETA: 67 vigas + 44 lajes ===
  Proximos passos: python scripts/motor_fase4.py --obra D:\Agente-cad-PYSIDE\DADOS-OBRAS\Obra_TREINO_11
[INFO] === motor_fase4.py | Obra: Obra_TREINO_11 | Pav: GWT-TIP ===
[INFO] Carregado: D:\Agente-cad-PYSIDE\DADOS-OBRAS\Obra_TREINO_11\Fase-3_Interpretacao_Extracao\Pilares\pilares_bh.json (47 itens)
[WARNING] pilares_assembly.json nao encontrado — grades ficarao zeradas
[INFO]   \u2705 Pilar P1: 35.0x32.0cm, h=280.0cm
[INFO]   \u2705 Pilar P2: 91.0x64.0cm, h=280.0cm
[INFO]   \u2705 Pilar P3: 65.0x47.0cm, h=280.0cm
[INFO]   \u2705 Pilar P4: 65.0x18.0cm, h=280.0cm
[INFO]   \u2705 Pilar P5: 65.0x18.0cm, h=280.0cm
[INFO]   \u2705 Pilar P6: 99.0x65.0cm, h=280.0cm
[INFO]   \u2705 Pilar P8: 91.0x68.0cm, h=280.0cm
[INFO]   \u2705 Pilar P9: 91.0x19.0cm, h=280.0cm
[INFO]   \u2705 Pilar P10: 81.0x49.0cm, h=280.0cm
[INFO]   \u2705 Pilar P11: 91.0x90.0cm, h=280.0cm
[INFO]   \u2705 Pilar P12: 49.0x19.0cm, h=280.0cm
[INFO]   \u2705 Pilar P14: 91.0x19.0cm, h=280.0cm
[INFO]   \u2705 Pilar P15: 47.0x24.0cm, h=280.0cm
[INFO]   \u2705 Pilar P16: 51.0x34.0cm, h=280.0cm
[INFO]   \u2705 Pilar P17: 91.5x22.0cm, h=280.0cm
[INFO]   \u2705 Pilar P18: 87.0x50.0cm, h=280.0cm
[INFO]   \u2705 Pilar P20: 47.0x19.0cm, h=280.0cm
[INFO]   \u2705 Pilar P21: 20.0x19.0cm, h=280.0cm
[INFO]   \u2705 Pilar P22: 87.0x83.0cm, h=280.0cm
[INFO]   \u2705 Pilar P23: 96.0x49.0cm, h=280.0cm
[INFO]   \u2705 Pilar P24: 96.0x49.0cm, h=280.0cm
[INFO]   \u2705 Pilar P25: 80.0x65.0cm, h=280.0cm
[INFO]   \u2705 Pilar P201: 61.0x14.0cm, h=280.0cm
[INFO]   \u2705 Pilar P202: 87.0x40.0cm, h=280.0cm
[INFO]   \u2705 Pilar P203: 87.0x40.0cm, h=280.0cm
[INFO]   \u2705 Pilar P204: 87.0x40.0cm, h=280.0cm
[INFO]   \u2705 Pilar P205: 87.0x40.0cm, h=280.0cm
[INFO]   \u2705 Pilar P206: 61.0x25.0cm, h=280.0cm
[INFO]   \u2705 Pilar P207: 61.0x25.0cm, h=280.0cm
[INFO]   \u2705 Pilar P208: 30.0x25.0cm, h=280.0cm
[WARNING] Pilar P209: dimensoes invalidas (b=0.0, h=34.0). Pular.
[INFO]   \u2705 Pilar P210: 61.0x25.0cm, h=280.0cm
[INFO]   \u2705 Pilar P211: 61.0x25.0cm, h=280.0cm
[INFO]   \u2705 Pilar P212: 92.0x25.0cm, h=280.0cm
[INFO]   \u2705 Pilar P213: 52.0x25.0cm, h=280.0cm
[INFO]   \u2705 Pilar P214: 82.0x25.0cm, h=280.0cm
[INFO]   \u2705 Pilar P215: 92.0x52.0cm, h=280.0cm
[INFO]   \u2705 Pilar P216: 85.0x62.0cm, h=280.0cm
[INFO]   \u2705 Pilar P217: 62.0x25.0cm, h=280.0cm
[INFO]   \u2705 Pilar P218: 62.0x25.0cm, h=280.0cm
[INFO]   \u2705 Pilar P219: 80.0x25.0cm, h=280.0cm
[INFO]   \u2705 Pilar P220: 61.0x43.0cm, h=280.0cm
[INFO]   \u2705 Pilar P221: 61.0x50.0cm, h=280.0cm
[INFO]   \u2705 Pilar P251: 72.0x19.0cm, h=280.0cm
[INFO]   \u2705 Pilar P252: 72.0x19.0cm, h=280.0cm
[INFO]   \u2705 Pilar P501: 87.0x38.0cm, h=280.0cm
[INFO] Pilares: 45 processados -> D:\Agente-cad-PYSIDE\DADOS-OBRAS\Obra_TREINO_11\Fase-4_Sincronizacao\pilares_salvos.json
[INFO] Carregado: D:\Agente-cad-PYSIDE\DADOS-OBRAS\Obra_TREINO_11\Fase-3_Interpretacao_Extracao\Vigas\vigas.json (68 itens)
[INFO]   \u2705 Viga V205: b=15.0cm, h=40.0cm, L=244.0cm -> A+B
[INFO]   \u2705 Viga V207: b=15.0cm, h=40.0cm, L=246.0cm -> A+B
[INFO]   \u2705 Viga V208: b=15.0cm, h=40.0cm, L=244.0cm -> A+B
[INFO]   \u2705 Viga V210: b=15.0cm, h=40.0cm, L=246.0cm -> A+B
[INFO]   \u2705 Viga V212: b=15.0cm, h=40.0cm, L=246.0cm -> A+B
[INFO]   \u2705 Viga V213: b=15.0cm, h=40.0cm, L=244.0cm -> A+B
[INFO]   \u2705 Viga V215: b=15.0cm, h=40.0cm, L=244.0cm -> A+B
[INFO]   \u2705 Viga V217: b=15.0cm, h=40.0cm, L=246.0cm -> A+B
[INFO]   \u2705 Viga V218: b=15.0cm, h=40.0cm, L=281.5cm -> A+B
[INFO]   \u2705 Viga V219: b=15.0cm, h=40.0cm, L=297.5cm -> A+B
[INFO]   \u2705 Viga V221: b=15.0cm, h=40.0cm, L=244.0cm -> A+B
[INFO]   \u2705 Viga V222: b=15.0cm, h=40.0cm, L=282.5cm -> A+B
[INFO]   \u2705 Viga V223: b=15.0cm, h=40.0cm, L=244.0cm -> A+B
[INFO]   \u2705 Viga V225: b=15.0cm, h=40.0cm, L=276.0cm -> A+B
[INFO]   \u2705 Viga V226: b=15.0cm, h=40.0cm, L=297.5cm -> A+B
[INFO]   \u2705 Viga V227: b=15.0cm, h=40.0cm, L=338.5cm -> A+B
[INFO]   \u2705 Viga V228: b=15.0cm, h=40.0cm, L=244.0cm -> A+B
[INFO]   \u2705 Viga V229: b=15.0cm, h=40.0cm, L=309.5cm -> A+B
[INFO]   \u2705 Viga V230: b=15.0cm, h=40.0cm, L=244.0cm -> A+B
[INFO]   \u2705 Viga V231: b=15.0cm, h=40.0cm, L=246.0cm -> A+B
[INFO]   \u2705 Viga V232: b=15.0cm, h=40.0cm, L=619.5cm -> A+B
[INFO]   \u2705 Viga V233: b=15.0cm, h=40.0cm, L=619.5cm -> A+B
[INFO]   \u2705 Viga V234: b=15.0cm, h=40.0cm, L=268.0cm -> A+B
[INFO]   \u2705 Viga V236: b=15.0cm, h=40.0cm, L=294.5cm -> A+B
[INFO]   \u2705 Viga V238: b=15.0cm, h=40.0cm, L=264.0cm -> A+B
[INFO]   \u2705 Viga V241: b=15.0cm, h=40.0cm, L=328.0cm -> A+B
[INFO]   \u2705 Viga V243: b=15.0cm, h=40.0cm, L=309.5cm -> A+B
[INFO]   \u2705 Viga V311: b=15.0cm, h=40.0cm, L=246.0cm -> A+B
[INFO]   \u2705 Viga V312: b=15.0cm, h=40.0cm, L=276.0cm -> A+B
[INFO]   \u2705 Viga V313: b=15.0cm, h=40.0cm, L=256.0cm -> A+B
[INFO]   \u2705 Viga V314: b=15.0cm, h=40.0cm, L=256.0cm -> A+B
[INFO]   \u2705 Viga V315: b=15.0cm, h=40.0cm, L=246.0cm -> A+B
[INFO]   \u2705 Viga V316: b=15.0cm, h=40.0cm, L=237.5cm -> A+B
[INFO]   \u2705 Viga V317: b=15.0cm, h=40.0cm, L=246.0cm -> A+B
[INFO]   \u2705 Viga V318: b=15.0cm, h=40.0cm, L=244.0cm -> A+B
[INFO]   \u2705 Viga V319: b=15.0cm, h=40.0cm, L=244.0cm -> A+B
[INFO]   \u2705 Viga V321: b=15.0cm, h=40.0cm, L=244.0cm -> A+B
[INFO]   \u2705 Viga V322: b=15.0cm, h=40.0cm, L=281.5cm -> A+B
[INFO]   \u2705 Viga V323: b=15.0cm, h=40.0cm, L=244.0cm -> A+B
[INFO]   \u2705 Viga V324: b=15.0cm, h=40.0cm, L=309.5cm -> A+B
[INFO]   \u2705 Viga V326: b=15.0cm, h=40.0cm, L=282.5cm -> A+B
[INFO]   \u2705 Viga V328: b=15.0cm, h=40.0cm, L=244.0cm -> A+B
[INFO]   \u2705 Viga V329: b=15.0cm, h=40.0cm, L=297.5cm -> A+B
[INFO]   \u2705 Viga V330: b=15.0cm, h=40.0cm, L=297.5cm -> A+B
[INFO]   \u2705 Viga V331: b=15.0cm, h=40.0cm, L=338.5cm -> A+B
[INFO]   \u2705 Viga V332: b=15.0cm, h=40.0cm, L=246.0cm -> A+B
[INFO]   \u2705 Viga V333: b=15.0cm, h=40.0cm, L=244.0cm -> A+B
[INFO]   \u2705 Viga V334: b=15.0cm, h=40.0cm, L=297.5cm -> A+B
[INFO]   \u2705 Viga V335: b=15.0cm, h=40.0cm, L=246.0cm -> A+B
[INFO]   \u2705 Viga V336: b=15.0cm, h=40.0cm, L=282.5cm -> A+B
[INFO]   \u2705 Viga V337: b=15.0cm, h=40.0cm, L=244.0cm -> A+B
[INFO]   \u2705 Viga V338: b=15.0cm, h=40.0cm, L=244.0cm -> A+B
[INFO]   \u2705 Viga V339: b=15.0cm, h=40.0cm, L=619.5cm -> A+B
[INFO]   \u2705 Viga V340: b=15.0cm, h=40.0cm, L=246.0cm -> A+B
[INFO]   \u2705 Viga V341: b=15.0cm, h=40.0cm, L=294.5cm -> A+B
[INFO]   \u2705 Viga V342: b=15.0cm, h=40.0cm, L=244.0cm -> A+B
[INFO]   \u2705 Viga V343: b=15.0cm, h=40.0cm, L=264.0cm -> A+B
[INFO]   \u2705 Viga V344: b=15.0cm, h=40.0cm, L=244.0cm -> A+B
[INFO]   \u2705 Viga V345: b=15.0cm, h=40.0cm, L=282.5cm -> A+B
[INFO]   \u2705 Viga V347: b=15.0cm, h=40.0cm, L=294.5cm -> A+B
[INFO]   \u2705 Viga V356: b=15.0cm, h=40.0cm, L=309.5cm -> A+B
[INFO]   \u2705 Viga V357: b=15.0cm, h=40.0cm, L=309.5cm -> A+B
[INFO]   \u2705 Viga V358: b=15.0cm, h=40.0cm, L=244.0cm -> A+B
[INFO]   \u2705 Viga V359: b=15.0cm, h=40.0cm, L=244.0cm -> A+B
[INFO]   \u2705 Viga V360: b=15.0cm, h=40.0cm, L=244.0cm -> A+B
[INFO]   \u2705 Viga V361: b=15.0cm, h=40.0cm, L=244.0cm -> A+B
[INFO]   \u2705 Viga V218A: b=15.0cm, h=40.0cm, L=253.5cm -> A+B
[INFO] Vigas: 67 processadas -> D:\Agente-cad-PYSIDE\DADOS-OBRAS\Obra_TREINO_11\Fase-4_Sincronizacao\vigas_salvas.json
[INFO] Carregado: D:\Agente-cad-PYSIDE\DADOS-OBRAS\Obra_TREINO_11\Fase-3_Interpretacao_Extracao\Lajes\lajes.json (45 itens)
[INFO]   \u2705 Laje L1: 100.0x100.0cm, 1 cortes
[INFO]   \u2705 Laje L2: 100.0x100.0cm, 1 cortes
[INFO]   \u2705 Laje L3: 100.0x100.0cm, 1 cortes
[INFO]   \u2705 Laje L4: 100.0x100.0cm, 1 cortes
[INFO]   \u2705 Laje L5: 100.0x100.0cm, 1 cortes
[INFO]   \u2705 Laje L6: 100.0x100.0cm, 1 cortes
[INFO]   \u2705 Laje L7: 100.0x100.0cm, 1 cortes
[INFO]   \u2705 Laje L8: 100.0x100.0cm, 1 cortes
[INFO]   \u2705 Laje L9: 100.0x100.0cm, 1 cortes
[INFO]   \u2705 Laje L10: 100.0x100.0cm, 1 cortes
[INFO]   \u2705 Laje L11: 100.0x100.0cm, 1 cortes
[INFO]   \u2705 Laje L12: 100.0x100.0cm, 1 cortes
[INFO]   \u2705 Laje L13: 100.0x100.0cm, 1 cortes
[INFO]   \u2705 Laje L14: 100.0x100.0cm, 1 cortes
[INFO]   \u2705 Laje L15: 100.0x100.0cm, 1 cortes
[INFO]   \u2705 Laje L16: 100.0x100.0cm, 1 cortes
[INFO]   \u2705 Laje L17: 100.0x100.0cm, 1 cortes
[INFO]   \u2705 Laje L18: 100.0x100.0cm, 1 cortes
[INFO]   \u2705 Laje L19: 100.0x100.0cm, 1 cortes
[INFO]   \u2705 Laje L20: 100.0x100.0cm, 1 cortes
[INFO]   \u2705 Laje L21: 100.0x100.0cm, 1 cortes
[INFO]   \u2705 Laje L22: 100.0x100.0cm, 1 cortes
[INFO]   \u2705 Laje L23: 100.0x100.0cm, 1 cortes
[INFO]   \u2705 Laje L24: 100.0x100.0cm, 1 cortes
[INFO]   \u2705 Laje L25: 100.0x100.0cm, 1 cortes
[INFO]   \u2705 Laje L26: 100.0x100.0cm, 1 cortes
[INFO]   \u2705 Laje L27: 100.0x100.0cm, 1 cortes
[INFO]   \u2705 Laje L28: 100.0x100.0cm, 1 cortes
[INFO]   \u2705 Laje L29: 100.0x100.0cm, 1 cortes
[INFO]   \u2705 Laje L30: 100.0x100.0cm, 1 cortes
[INFO]   \u2705 Laje L31: 100.0x100.0cm, 1 cortes
[INFO]   \u2705 Laje L32: 100.0x100.0cm, 1 cortes
[INFO]   \u2705 Laje L33: 100.0x100.0cm, 1 cortes
[INFO]   \u2705 Laje L34: 100.0x100.0cm, 1 cortes
[INFO]   \u2705 Laje L35: 100.0x100.0cm, 1 cortes
[INFO]   \u2705 Laje L36: 100.0x100.0cm, 1 cortes
[INFO]   \u2705 Laje L37: 100.0x100.0cm, 1 cortes
[INFO]   \u2705 Laje L38: 100.0x100.0cm, 1 cortes
[INFO]   \u2705 Laje L39: 100.0x100.0cm, 1 cortes
[INFO]   \u2705 Laje L40: 100.0x100.0cm, 1 cortes
[INFO]   \u2705 Laje L41: 100.0x100.0cm, 1 cortes
[INFO]   \u2705 Laje L42: 100.0x100.0cm, 1 cortes
[INFO]   \u2705 Laje L43: 100.0x100.0cm, 1 cortes
[INFO]   \u2705 Laje L44: 100.0x100.0cm, 1 cortes
[INFO] Lajes: 44 processadas -> D:\Agente-cad-PYSIDE\DADOS-OBRAS\Obra_TREINO_11\Fase-4_Sincronizacao\lajes_salvas.json
[INFO] obras_salvas.json: 45 pilares \u2192 D:\Agente-cad-PYSIDE\DADOS-OBRAS\Obra_TREINO_11\Fase-4_Sincronizacao\obras_salvas.json
[INFO] === RESULTADO: 45 pilares, 67 vigas, 44 lajes | 0 erros ===
[INFO] Processando 45 pilares \u2192 obras_salvas.json
[INFO]   P1: 35x32cm grade_1=0
[INFO]   P2: 91x64cm grade_1=0
[INFO]   P3: 65x47cm grade_1=0
[INFO]   P4: 65x18cm grade_1=0
[INFO]   P5: 65x18cm grade_1=0
[INFO]   P6: 99x65cm grade_1=0
[INFO]   P8: 91x68cm grade_1=0
[INFO]   P9: 91x19cm grade_1=0
[INFO]   P10: 81x49cm grade_1=0
[INFO]   P11: 91x90cm grade_1=0
[INFO]   P12: 49x19cm grade_1=0
[INFO]   P14: 91x19cm grade_1=0
[INFO]   P15: 47x24cm grade_1=0
[INFO]   P16: 51x34cm grade_1=0
[INFO]   P17: 91x22cm grade_1=0
[INFO]   P18: 87x50cm grade_1=0
[INFO]   P20: 47x19cm grade_1=0
[INFO]   P21: 20x19cm grade_1=0
[INFO]   P22: 87x83cm grade_1=0
[INFO]   P23: 96x49cm grade_1=0
[INFO]   P24: 96x49cm grade_1=0
[INFO]   P25: 80x65cm grade_1=0
[INFO]   P201: 61x14cm grade_1=0
[INFO]   P202: 87x40cm grade_1=0
[INFO]   P203: 87x40cm grade_1=0
[INFO]   P204: 87x40cm grade_1=0
[INFO]   P205: 87x40cm grade_1=0
[INFO]   P206: 61x25cm grade_1=0
[INFO]   P207: 61x25cm grade_1=0
[INFO]   P208: 30x25cm grade_1=0
[INFO]   P210: 61x25cm grade_1=0
[INFO]   P211: 61x25cm grade_1=0
[INFO]   P212: 92x25cm grade_1=0
[INFO]   P213: 52x25cm grade_1=0
[INFO]   P214: 82x25cm grade_1=0
[INFO]   P215: 92x52cm grade_1=0
[INFO]   P216: 85x62cm grade_1=0
[INFO]   P217: 62x25cm grade_1=0
[INFO]   P218: 62x25cm grade_1=0
[INFO]   P219: 80x25cm grade_1=0
[INFO]   P220: 61x43cm grade_1=0
[INFO]   P221: 61x50cm grade_1=0
[INFO]   P251: 72x19cm grade_1=0
[INFO]   P252: 72x19cm grade_1=0
[INFO]   P501: 87x38cm grade_1=0
[INFO] \u2705 obras_salvas.json gerado: 45 pilares \u2192 D:\Agente-cad-PYSIDE\DADOS-OBRAS\Obra_TREINO_11\Fase-4_Sincronizacao\obras_salvas.json
[INFO] \u2705 pavimentos_lista.json gerado \u2192 D:\Agente-cad-PYSIDE\DADOS-OBRAS\Obra_TREINO_11\Fase-4_Sincronizacao\pavimentos_lista.json

============================================================
PIPELINE E2E — Obra_TREINO_11 | GWT-TIP
============================================================

[FASE 1] Descoberta de DXFs
  [SKIP] dxf_discovery.json ja existe e contem Obra_TREINO_11

[FASE 2] Engenharia Reversa (Ground Truth)
  [RUN] engenharia_reversa_dxf.py ...
        -> FALHOU (code 3221226091) (0.2s)

[FASE 3] Extração Dimensional
  [RUN] extrair_bh_pilares.py ...
        -> FALHOU (code 3221226091) (0.2s)
  [RUN] extrair_vigas_lv.py ...
        -> FALHOU (code 3221226091) (0.1s)
  [RUN] extrair_lajes_lj.py ...
        -> FALHOU (code 3221226091) (0.2s)
  [RUN] extrair_garfos_evg.py ...
        -> FALHOU (code 3221226091) (0.2s)
  [RUN] extrair_largura_vigas.py ...
        -> FALHOU (code 2) (0.0s)
  [RUN] extrair_assembly_pl.py ...
        -> FALHOU (code 3221226091) (0.1s)
  [RUN] integrar_fichas_fase3.py ...
        -> OK (0.1s)

[FASE 4] Motor Fase 4 (Transformacao Fase-3 -> Fase-4)
  [CLEAN] Removendo 45 JSONs antigos de JSON_Pilares/
  [CLEAN] Removendo 134 JSONs antigos de JSON_Vigas_Laterais/
  [CLEAN] Removendo 67 JSONs antigos de JSON_Vigas_Fundo/
  [CLEAN] Removendo 44 JSONs antigos de JSON_Lajes/
  [RUN] motor_fase4.py ...
        -> OK (0.3s)

[FASE 5] Geração DXF Individual
  [CLEAN] Removendo 45 DXFs antigos de DXF_Pilares/
  [CLEAN] Removendo 67 DXFs antigos de DXF_Vigas/
  [CLEAN] Removendo 44 DXFs antigos de DXF_Lajes/
  [RUN] gerar_dxf_pilares.py ...
        -> FALHOU (code 3221226091) (0.1s)
  [RUN] gerar_dxf_vigas.py ...
        -> FALHOU (code 3221226091) (0.1s)
  [RUN] gerar_dxf_lajes.py ...
        -> FALHOU (code 3221226091) (0.1s)

[FASE 5b] Comparação DXF Individual vs STOG
  [RUN] comparar_dxf.py ...
        -> FALHOU (code 3221226091) (0.1s)

[FASE 6] Extração de Âncoras (coords absolutas)
  [RUN] extrair_ancoras_dxf.py ...
        -> FALHOU (code 3221226091) (0.1s)

[FASE 7] Consolidação DXF Coletivo
  [RUN] consolidar_dxf_pilares.py ...
        -> FALHOU (code 3221226091) (0.1s)
  [RUN] consolidar_dxf_vigas.py ...
        -> FALHOU (code 3221226091) (0.1s)
  [RUN] consolidar_dxf_lajes.py ...
        -> FALHOU (code 3221226091) (0.1s)

[FASE 8] Validação DXF Coletivo
  [RUN] validar_dxf_coletivo.py ...
        -> FALHOU (code 3221226091) (0.1s)

[FASE 9] Geração obras_salvas.json (formato robô)
  [RUN] gerar_obras_salvas.py ...
        -> OK (0.1s)

============================================================
PIPELINE CONCLUÍDO — PARCIAL
  Score coletivo: 87.2%
  Fases com falha: ['eng_reversa', 'ancoras', 'validacao_coletivo']
  Relatório: D:\Agente-cad-PYSIDE\DADOS-OBRAS\Obra_TREINO_11\Fase-8_Revisao_Entrega\pipeline_report.json
============================================================

