  0
SECTION
  2
HEADER
  9
$ACADVER
  1
AC1024
  9
$ACADMAINTVER
 70
6
  9
$DWGCODEPAGE
  3
ANSI_1252
  9
$LASTSAVEDBY
  1
ezdxf
  9
$INSBASE
 10
0.0
 20
0.0
 30
0.0
  9
$EXTMIN
 10
1e+20
 20
1e+20
 30
1e+20
  9
$EXTMAX
 10
-1e+20
 20
-1e+20
 30
-1e+20
  9
$LIMMIN
 10
0.0
 20
0.0
  9
$LIMMAX
 10
420.0
 20
297.0
  9
$ORTHOMODE
 70
0
  9
$REGENMODE
 70
1
  9
$FILLMODE
 70
1
  9
$QTEXTMODE
 70
0
  9
$MIRRTEXT
 70
1
  9
$LTSCALE
 40
1.0
  9
$ATTMODE
 70
1
  9
$TEXTSIZE
 40
2.5
  9
$TRACEWID
 40
1.0
  9
$TEXTSTYLE
  7
Standard
  9
$CLAYER
  8
0
  9
$CELTYPE
  6
ByLayer
  9
$CECOLOR
 62
256
  9
$CELTSCALE
 40
1.0
  9
$DISPSILH
 70
0
  9
$DIMSCALE
 40
1.0
  9
$DIMASZ
 40
2.5
  9
$DIMEXO
 40
0.625
  9
$DIMDLI
 40
3.75
  9
$DIMRND
 40
0.0
  9
$DIMDLE
 40
0.0
  9
$DIMEXE
 40
1.25
  9
$DIMTP
 40
0.0
  9
$DIMTM
 40
0.0
  9
$DIMTXT
 40
2.5
  9
$DIMCEN
 40
2.5
  9
$DIMTSZ
 40
0.0
  9
$DIMTOL
 70
0
  9
$DIMLIM
 70
0
  9
$DIMTIH
 70
0
  9
$DIMTOH
 70
0
  9
$DIMSE1
 70
0
  9
$DIMSE2
 70
0
  9
$DIMTAD
 70
1
  9
$DIMZIN
 70
8
  9
$DIMBLK
  1

  9
$DIMASO
 70
1
  9
$DIMSHO
 70
1
  9
$DIMPOST
  1

  9
$DIMAPOST
  1

  9
$DIMALT
 70
0
  9
$DIMALTD
 70
3
  9
$DIMALTF
 40
0.03937007874
  9
$DIMLFAC
 40
1.0
  9
$DIMTOFL
 70
1
  9
$DIMTVP
 40
0.0
  9
$DIMTIX
 70
0
  9
$DIMSOXD
 70
0
  9
$DIMSAH
 70
0
  9
$DIMBLK1
  1

  9
$DIMBLK2
  1

  9
$DIMSTYLE
  2
ISO-25
  9
$DIMCLRD
 70
0
  9
$DIMCLRE
 70
0
  9
$DIMCLRT
 70
0
  9
$DIMTFAC
 40
1.0
  9
$DIMGAP
 40
0.625
  9
$DIMJUST
 70
0
  9
$DIMSD1
 70
0
  9
$DIMSD2
 70
0
  9
$DIMTOLJ
 70
0
  9
$DIMTZIN
 70
8
  9
$DIMALTZ
 70
0
  9
$DIMALTTZ
 70
0
  9
$DIMUPT
 70
0
  9
$DIMDEC
 70
2
  9
$DIMTDEC
 70
2
  9
$DIMALTU
 70
2
  9
$DIMALTTD
 70
3
  9
$DIMTXSTY
  7
Standard
  9
$DIMAUNIT
 70
0
  9
$DIMADEC
 70
0
  9
$DIMALTRND
 40
0.0
  9
$DIMAZIN
 70
0
  9
$DIMDSEP
 70
44
  9
$DIMATFIT
 70
3
  9
$DIMFRAC
 70
0
  9
$DIMLDRBLK
  1

  9
$DIMLUNIT
 70
2
  9
$DIMLWD
 70
-2
  9
$DIMLWE
 70
-2
  9
$DIMTMOVE
 70
0
  9
$DIMFXL
 40
1.0
  9
$DIMFXLON
 70
0
  9
$DIMJOGANG
 40
0.785398163397
  9
$DIMTFILL
 70
0
  9
$DIMTFILLCLR
 70
0
  9
$DIMARCSYM
 70
0
  9
$DIMLTYPE
  6

  9
$DIMLTEX1
  6

  9
$DIMLTEX2
  6

  9
$DIMTXTDIRECTION
 70
0
  9
$LUNITS
 70
2
  9
$LUPREC
 70
4
  9
$SKETCHINC
 40
1.0
  9
$FILLETRAD
 40
10.0
  9
$AUNITS
 70
0
  9
$AUPREC
 70
2
  9
$MENU
  1
.
  9
$ELEVATION
 40
0.0
  9
$PELEVATION
 40
0.0
  9
$THICKNESS
 40
0.0
  9
$LIMCHECK
 70
0
  9
$CHAMFERA
 40
0.0
  9
$CHAMFERB
 40
0.0
  9
$CHAMFERC
 40
0.0
  9
$CHAMFERD
 40
0.0
  9
$SKPOLY
 70
0
  9
$TDCREATE
 40
2461202.5804976854
  9
$TDUCREATE
 40
2458532.153996898
  9
$TDUPDATE
 40
2461202.5804976854
  9
$TDUUPDATE
 40
2458532.1544311
  9
$TDINDWG
 40
0.0
  9
$TDUSRTIMER
 40
0.0
  9
$USRTIMER
 70
1
  9
$ANGBASE
 50
0.0
  9
$ANGDIR
 70
0
  9
$PDMODE
 70
0
  9
$PDSIZE
 40
0.0
  9
$PLINEWID
 40
0.0
  9
$SPLFRAME
 70
0
  9
$SPLINETYPE
 70
6
  9
$SPLINESEGS
 70
8
  9
$HANDSEED
  5
2BE
  9
$SURFTAB1
 70
6
  9
$SURFTAB2
 70
6
  9
$SURFTYPE
 70
6
  9
$SURFU
 70
6
  9
$SURFV
 70
6
  9
$UCSBASE
  2

  9
$UCSNAME
  2

  9
$UCSORG
 10
0.0
 20
0.0
 30
0.0
  9
$UCSXDIR
 10
1.0
 20
0.0
 30
0.0
  9
$UCSYDIR
 10
0.0
 20
1.0
 30
0.0
  9
$UCSORTHOREF
  2

  9
$UCSORTHOVIEW
 70
0
  9
$UCSORGTOP
 10
0.0
 20
0.0
 30
0.0
  9
$UCSORGBOTTOM
 10
0.0
 20
0.0
 30
0.0
  9
$UCSORGLEFT
 10
0.0
 20
0.0
 30
0.0
  9
$UCSORGRIGHT
 10
0.0
 20
0.0
 30
0.0
  9
$UCSORGFRONT
 10
0.0
 20
0.0
 30
0.0
  9
$UCSORGBACK
 10
0.0
 20
0.0
 30
0.0
  9
$PUCSBASE
  2

  9
$PUCSNAME
  2

  9
$PUCSORG
 10
0.0
 20
0.0
 30
0.0
  9
$PUCSXDIR
 10
1.0
 20
0.0
 30
0.0
  9
$PUCSYDIR
 10
0.0
 20
1.0
 30
0.0
  9
$PUCSORTHOREF
  2

  9
$PUCSORTHOVIEW
 70
0
  9
$PUCSORGTOP
 10
0.0
 20
0.0
 30
0.0
  9
$PUCSORGBOTTOM
 10
0.0
 20
0.0
 30
0.0
  9
$PUCSORGLEFT
 10
0.0
 20
0.0
 30
0.0
  9
$PUCSORGRIGHT
 10
0.0
 20
0.0
 30
0.0
  9
$PUCSORGFRONT
 10
0.0
 20
0.0
 30
0.0
  9
$PUCSORGBACK
 10
0.0
 20
0.0
 30
0.0
  9
$USERI1
 70
0
  9
$USERI2
 70
0
  9
$USERI3
 70
0
  9
$USERI4
 70
0
  9
$USERI5
 70
0
  9
$USERR1
 40
0.0
  9
$USERR2
 40
0.0
  9
$USERR3
 40
0.0
  9
$USERR4
 40
0.0
  9
$USERR5
 40
0.0
  9
$WORLDVIEW
 70
1
  9
$SHADEDGE
 70
3
  9
$SHADEDIF
 70
70
  9
$TILEMODE
 70
1
  9
$MAXACTVP
 70
64
  9
$PINSBASE
 10
0.0
 20
0.0
 30
0.0
  9
$PLIMCHECK
 70
0
  9
$PEXTMIN
 10
1e+20
 20
1e+20
 30
1e+20
  9
$PEXTMAX
 10
-1e+20
 20
-1e+20
 30
-1e+20
  9
$PLIMMIN
 10
0.0
 20
0.0
  9
$PLIMMAX
 10
420.0
 20
297.0
  9
$UNITMODE
 70
0
  9
$VISRETAIN
 70
1
  9
$PLINEGEN
 70
0
  9
$PSLTSCALE
 70
1
  9
$TREEDEPTH
 70
3020
  9
$CMLSTYLE
  2
Standard
  9
$CMLJUST
 70
0
  9
$CMLSCALE
 40
20.0
  9
$PROXYGRAPHICS
 70
1
  9
$MEASUREMENT
 70
1
  9
$CELWEIGHT
370
-1
  9
$ENDCAPS
280
0
  9
$JOINSTYLE
280
0
  9
$LWDISPLAY
290
0
  9
$INSUNITS
 70
6
  9
$HYPERLINKBASE
  1

  9
$STYLESHEET
  1

  9
$XEDIT
290
1
  9
$CEPSNTYPE
380
0
  9
$PSTYLEMODE
290
1
  9
$FINGERPRINTGUID
  2
{69642520-1DBC-4F96-AA66-19DEC56DD8B6}
  9
$VERSIONGUID
  2
{C8172466-F555-4675-A6A5-4952BD44ED15}
  9
$EXTNAMES
290
1
  9
$PSVPSCALE
 40
0.0
  9
$OLESTARTUP
290
0
  9
$SORTENTS
280
127
  9
$INDEXCTL
280
0
  9
$HIDETEXT
280
1
  9
$XCLIPFRAME
280
1
  9
$HALOGAP
280
0
  9
$OBSCOLOR
 70
257
  9
$OBSLTYPE
280
0
  9
$INTERSECTIONDISPLAY
280
0
  9
$INTERSECTIONCOLOR
 70
257
  9
$DIMASSOC
280
2
  9
$PROJECTNAME
  1

  9
$CAMERADISPLAY
290
0
  9
$LENSLENGTH
 40
50.0
  9
$CAMERAHEIGHT
 40
0.0
  9
$STEPSPERSEC
 40
24.0
  9
$STEPSIZE
 40
100.0
  9
$3DDWFPREC
 40
2.0
  9
$PSOLWIDTH
 40
0.005
  9
$PSOLHEIGHT
 40
0.08
  9
$LOFTANG1
 40
1.570796326795
  9
$LOFTANG2
 40
1.570796326795
  9
$LOFTMAG1
 40
0.0
  9
$LOFTMAG2
 40
0.0
  9
$LOFTPARAM
 70
7
  9
$LOFTNORMALS
280
1
  9
$LATITUDE
 40
37.795
  9
$LONGITUDE
 40
-122.394
  9
$NORTHDIRECTION
 40
0.0
  9
$TIMEZONE
 70
-8000
  9
$LIGHTGLYPHDISPLAY
280
1
  9
$TILEMODELIGHTSYNCH
280
1
  9
$CMATERIAL
347
20
  9
$SOLIDHIST
280
0
  9
$SHOWHIST
280
1
  9
$DWFFRAME
280
2
  9
$DGNFRAME
280
2
  9
$REALWORLDSCALE
290
1
  9
$INTERFERECOLOR
 62
256
  9
$CSHADOW
280
0
  9
$SHADOWPLANELOCATION
 40
0.0
  0
ENDSEC
  0
SECTION
  2
CLASSES
  0
CLASS
  1
ACDBDICTIONARYWDFLT
  2
AcDbDictionaryWithDefault
  3
ObjectDBX Classes
 90
0
 91
0
280
0
281
0
  0
CLASS
  1
SUN
  2
AcDbSun
  3
SCENEOE
 90
1153
 91
0
280
0
281
0
  0
CLASS
  1
VISUALSTYLE
  2
AcDbVisualStyle
  3
ObjectDBX Classes
 90
4095
 91
0
280
0
281
0
  0
CLASS
  1
MATERIAL
  2
AcDbMaterial
  3
ObjectDBX Classes
 90
1153
 91
0
280
0
281
0
  0
CLASS
  1
SCALE
  2
AcDbScale
  3
ObjectDBX Classes
 90
1153
 91
0
280
0
281
0
  0
CLASS
  1
TABLESTYLE
  2
AcDbTableStyle
  3
ObjectDBX Classes
 90
4095
 91
0
280
0
281
0
  0
CLASS
  1
MLEADERSTYLE
  2
AcDbMLeaderStyle
  3
ACDB_MLEADERSTYLE_CLASS
 90
4095
 91
0
280
0
281
0
  0
CLASS
  1
DICTIONARYVAR
  2
AcDbDictionaryVar
  3
ObjectDBX Classes
 90
0
 91
0
280
0
281
0
  0
CLASS
  1
CELLSTYLEMAP
  2
AcDbCellStyleMap
  3
ObjectDBX Classes
 90
1152
 91
0
280
0
281
0
  0
CLASS
  1
MENTALRAYRENDERSETTINGS
  2
AcDbMentalRayRenderSettings
  3
SCENEOE
 90
1024
 91
0
280
0
281
0
  0
CLASS
  1
ACDBDETAILVIEWSTYLE
  2
AcDbDetailViewStyle
  3
ObjectDBX Classes
 90
1025
 91
0
280
0
281
0
  0
CLASS
  1
ACDBSECTIONVIEWSTYLE
  2
AcDbSectionViewStyle
  3
ObjectDBX Classes
 90
1025
 91
0
280
0
281
0
  0
CLASS
  1
RASTERVARIABLES
  2
AcDbRasterVariables
  3
ISM
 90
0
 91
0
280
0
281
0
  0
CLASS
  1
LAYOUT
  2
AcDbLayout
  3
ObjectDBX Classes
 90
0
 91
0
280
0
281
0
  0
CLASS
  1
ACDBPLACEHOLDER
  2
AcDbPlaceHolder
  3
ObjectDBX Classes
 90
0
 91
0
280
0
281
0
  0
ENDSEC
  0
SECTION
  2
TABLES
  0
TABLE
  2
VPORT
  5
8
330
0
100
AcDbSymbolTable
 70
1
  0
VPORT
  5
23
330
8
100
AcDbSymbolTableRecord
100
AcDbViewportTableRecord
  2
*Active
 70
0
 10
0.0
 20
0.0
 11
1.0
 21
1.0
 12
0.0
 22
0.0
 13
0.0
 23
0.0
 14
0.5
 24
0.5
 15
0.5
 25
0.5
 16
0.0
 26
0.0
 36
1.0
 17
0.0
 27
0.0
 37
0.0
 40
1000.0
 41
1.34
 42
50.0
 43
0.0
 44
0.0
 50
0.0
 51
0.0
 71
0
 72
1000
 73
1
 74
3
 75
0
 76
0
 77
0
 78
0
281
0
 65
0
146
0.0
  0
ENDTAB
  0
TABLE
  2
LTYPE
  5
2
330
0
100
AcDbSymbolTable
 70
3
  0
LTYPE
  5
24
330
2
100
AcDbSymbolTableRecord
100
AcDbLinetypeTableRecord
  2
ByBlock
 70
0
  3

 72
65
 73
0
 40
0.0
  0
LTYPE
  5
25
330
2
100
AcDbSymbolTableRecord
100
AcDbLinetypeTableRecord
  2
ByLayer
 70
0
  3

 72
65
 73
0
 40
0.0
  0
LTYPE
  5
26
330
2
100
AcDbSymbolTableRecord
100
AcDbLinetypeTableRecord
  2
Continuous
 70
0
  3

 72
65
 73
0
 40
0.0
  0
ENDTAB
  0
TABLE
  2
LAYER
  5
1
330
0
100
AcDbSymbolTable
 70
16
  0
LAYER
  5
27
330
1
100
AcDbSymbolTableRecord
100
AcDbLayerTableRecord
  2
0
 70
0
 62
7
  6
Continuous
370
-3
390
13
347
21
  0
LAYER
  5
28
330
1
100
AcDbSymbolTableRecord
100
AcDbLayerTableRecord
  2
Defpoints
 70
0
 62
7
  6
Continuous
290
0
370
-3
390
13
347
21
  0
LAYER
  5
2F
330
1
100
AcDbSymbolTableRecord
100
AcDbLayerTableRecord
  2
COTA
 70
0
 62
7
  6
Continuous
370
-3
390
13
347
21
  0
LAYER
  5
30
330
1
100
AcDbSymbolTableRecord
100
AcDbLayerTableRecord
  2
Perfil Metálico
 70
0
 62
7
  6
Continuous
370
-3
390
13
347
21
  0
LAYER
  5
31
330
1
100
AcDbSymbolTableRecord
100
AcDbLayerTableRecord
  2
TEXTO_GERAL
 70
0
 62
7
  6
Continuous
370
-3
390
13
347
21
  0
LAYER
  5
32
330
1
100
AcDbSymbolTableRecord
100
AcDbLayerTableRecord
  2
Hachura
 70
0
 62
7
  6
Continuous
370
-3
390
13
347
21
  0
LAYER
  5
33
330
1
100
AcDbSymbolTableRecord
100
AcDbLayerTableRecord
  2
Painéis
 70
0
 62
7
  6
Continuous
370
-3
390
13
347
21
  0
LAYER
  5
34
330
1
100
AcDbSymbolTableRecord
100
AcDbLayerTableRecord
  2
NIVEL 1° PAV.
 70
0
 62
7
  6
Continuous
370
-3
390
13
347
21
  0
LAYER
  5
35
330
1
100
AcDbSymbolTableRecord
100
AcDbLayerTableRecord
  2
Madeira
 70
0
 62
7
  6
Continuous
370
-3
390
13
347
21
  0
LAYER
  5
36
330
1
100
AcDbSymbolTableRecord
100
AcDbLayerTableRecord
  2
CHAPA
 70
0
 62
7
  6
Continuous
370
-3
390
13
347
21
  0
LAYER
  5
37
330
1
100
AcDbSymbolTableRecord
100
AcDbLayerTableRecord
  2
SARR_2.2x7
 70
0
 62
7
  6
Continuous
370
-3
390
13
347
21
  0
LAYER
  5
38
330
1
100
AcDbSymbolTableRecord
100
AcDbLayerTableRecord
  2
NIVEL 2° PAV.
 70
0
 62
7
  6
Continuous
370
-3
390
13
347
21
  0
LAYER
  5
39
330
1
100
AcDbSymbolTableRecord
100
AcDbLayerTableRecord
  2
SARRAFO
 70
0
 62
7
  6
Continuous
370
-3
390
13
347
21
  0
LAYER
  5
3A
330
1
100
AcDbSymbolTableRecord
100
AcDbLayerTableRecord
  2
NOMENCLATURA
 70
0
 62
7
  6
Continuous
370
-3
390
13
347
21
  0
LAYER
  5
3B
330
1
100
AcDbSymbolTableRecord
100
AcDbLayerTableRecord
  2
Nível
 70
0
 62
7
  6
Continuous
370
-3
390
13
347
21
  0
LAYER
  5
3C
330
1
100
AcDbSymbolTableRecord
100
AcDbLayerTableRecord
  2
Texto Seção
 70
0
 62
7
  6
Continuous
370
-3
390
13
347
21
  0
ENDTAB
  0
TABLE
  2
STYLE
  5
5
330
0
100
AcDbSymbolTable
 70
1
  0
STYLE
  5
29
330
5
100
AcDbSymbolTableRecord
100
AcDbTextStyleTableRecord
  2
Standard
 70
0
 40
0.0
 41
1.0
 50
0.0
 71
0
 42
2.5
  3
txt
  4

  0
ENDTAB
  0
TABLE
  2
VIEW
  5
7
330
0
100
AcDbSymbolTable
 70
0
  0
ENDTAB
  0
TABLE
  2
UCS
  5
6
330
0
100
AcDbSymbolTable
 70
0
  0
ENDTAB
  0
TABLE
  2
APPID
  5
3
330
0
100
AcDbSymbolTable
 70
3
  0
APPID
  5
2A
330
3
100
AcDbSymbolTableRecord
100
AcDbRegAppTableRecord
  2
ACAD
 70
0
  0
APPID
  5
2BB
330
3
100
AcDbSymbolTableRecord
100
AcDbRegAppTableRecord
  2
HATCHBACKGROUNDCOLOR
 70
0
  0
APPID
  5
2BC
330
3
100
AcDbSymbolTableRecord
100
AcDbRegAppTableRecord
  2
EZDXF
 70
0
  0
ENDTAB
  0
TABLE
  2
DIMSTYLE
  5
4
330
0
100
AcDbSymbolTable
 70
1
100
AcDbDimStyleTable
  0
DIMSTYLE
105
2B
330
4
100
AcDbSymbolTableRecord
100
AcDbDimStyleTableRecord
  2
Standard
 70
0
 40
1.0
 41
2.5
 42
0.625
 43
3.75
 44
1.25
 45
0.0
 46
0.0
 47
0.0
 48
0.0
 49
2.5
140
2.5
141
2.5
142
0.0
143
0.03937007874
144
1.0
145
0.0
146
1.0
147
0.625
148
0.0
 69
0
 70
0
 71
0
 72
0
 73
0
 74
0
 75
0
 76
0
 77
1
 78
8
 79
3
170
0
171
3
172
1
173
0
174
0
175
0
176
0
177
0
178
0
179
2
271
2
272
2
273
2
274
3
275
0
276
0
277
2
278
44
279
0
280
0
281
0
282
0
283
0
284
8
285
0
286
0
288
0
289
3
290
0
371
-2
372
-2
  0
ENDTAB
  0
TABLE
  2
BLOCK_RECORD
  5
9
330
0
100
AcDbSymbolTable
 70
2
  0
BLOCK_RECORD
  5
17
330
9
100
AcDbSymbolTableRecord
100
AcDbBlockTableRecord
  2
*Model_Space
340
1A
 70
0
280
1
281
0
  0
BLOCK_RECORD
  5
1B
330
9
100
AcDbSymbolTableRecord
100
AcDbBlockTableRecord
  2
*Paper_Space
340
1E
 70
0
280
1
281
0
  0
ENDTAB
  0
ENDSEC
  0
SECTION
  2
BLOCKS
  0
BLOCK
  5
18
330
17
100
AcDbEntity
  8
0
100
AcDbBlockBegin
  2
*Model_Space
 70
0
 10
0.0
 20
0.0
 30
0.0
  3
*Model_Space
  1

  0
ENDBLK
  5
19
330
17
100
AcDbEntity
  8
0
100
AcDbBlockEnd
  0
BLOCK
  5
1C
330
1B
100
AcDbEntity
  8
0
100
AcDbBlockBegin
  2
*Paper_Space
 70
0
 10
0.0
 20
0.0
 30
0.0
  3
*Paper_Space
  1

  0
ENDBLK
  5
1D
330
1B
100
AcDbEntity
  8
0
100
AcDbBlockEnd
  0
ENDSEC
  0
SECTION
  2
ENTITIES
  0
LINE
  5
3D
330
17
100
AcDbEntity
  8
NIVEL 2° PAV.
 62
7
370
25
100
AcDbLine
 10
8225.419192891655
 20
14725.95998415363
 30
0.0
 11
9167.43998089667
 21
14725.95998415363
 31
0.0
  0
LINE
  5
3E
330
17
100
AcDbEntity
  8
NIVEL 1° PAV.
 62
7
370
25
100
AcDbLine
 10
8327.605177132837
 20
14810.95998415363
 30
0.0
 11
9167.43998089667
 21
14810.95998415363
 31
0.0
  0
LINE
  5
3F
330
17
100
AcDbEntity
  8
Nível
 62
7
370
25
100
AcDbLine
 10
8327.605177132837
 20
14402.95998415363
 30
0.0
 11
9167.43998089667
 21
14402.95998415363
 31
0.0
  0
LINE
  5
40
330
17
100
AcDbEntity
  8
Nível
 62
7
370
25
100
AcDbLine
 10
8327.605177132837
 20
14810.95998415363
 30
0.0
 11
9167.43998089667
 21
14810.95998415363
 31
0.0
  0
LINE
  5
41
330
17
100
AcDbEntity
  8
Defpoints
 62
7
370
25
100
AcDbLine
 10
8005.672502884685
 20
14948.67684947378
 30
0.0
 11
8005.672502884685
 21
15073.67684947378
 31
0.0
  0
LINE
  5
42
330
17
100
AcDbEntity
  8
NIVEL 2° PAV.
 62
7
370
25
100
AcDbLine
 10
8226.805115812886
 20
14750.95999615362
 30
0.0
 11
8322.805095812884
 21
14750.95999615362
 31
0.0
  0
LINE
  5
43
330
17
100
AcDbEntity
  8
NIVEL 2° PAV.
 62
7
370
25
100
AcDbLine
 10
8239.305115812884
 20
14725.95998415363
 30
0.0
 11
8251.805139812885
 21
14750.95999615362
 31
0.0
  0
LINE
  5
44
330
17
100
AcDbEntity
  8
NIVEL 2° PAV.
 62
7
370
25
100
AcDbLine
 10
8226.805115812886
 20
14750.95999615362
 30
0.0
 11
8239.305115812884
 21
14725.95998415363
 31
0.0
  0
LINE
  5
45
330
17
100
AcDbEntity
  8
SARR_2.2x7
 62
7
370
25
100
AcDbLine
 10
8450.069130296819
 20
14404.95998415363
 30
0.0
 11
8450.069130296819
 21
14526.95998415363
 31
0.0
  0
LINE
  5
46
330
17
100
AcDbEntity
  8
SARR_2.2x7
 62
7
370
25
100
AcDbLine
 10
8450.069130296702
 20
14526.95998415364
 30
0.0
 11
8450.069130296746
 21
14651.95998415362
 31
0.0
  0
LINE
  5
47
330
17
100
AcDbEntity
  8
SARR_2.2x7
 62
7
370
25
100
AcDbLine
 10
8518.06913029676
 20
14404.95998415364
 30
0.0
 11
8518.06913029676
 21
14526.95998415363
 31
0.0
  0
LINE
  5
48
330
17
100
AcDbEntity
  8
SARR_2.2x7
 62
7
370
25
100
AcDbLine
 10
8518.069130296644
 20
14526.95998415364
 30
0.0
 11
8518.069130296728
 21
14651.95998415362
 31
0.0
  0
LINE
  5
49
330
17
100
AcDbEntity
  8
SARR_2.2x7
 62
7
370
25
100
AcDbLine
 10
8450.069130296819
 20
14404.95998415363
 30
0.0
 11
8450.069130296819
 21
14404.95998415365
 31
0.0
  0
LINE
  5
4A
330
17
100
AcDbEntity
  8
SARR_2.2x7
 62
7
370
25
100
AcDbLine
 10
8518.06913029676
 20
14404.95998415364
 30
0.0
 11
8518.06913029676
 21
14404.95998415363
 31
0.0
  0
LINE
  5
4B
330
17
100
AcDbEntity
  8
COTA
 62
7
370
25
100
AcDbLine
 10
8525.069130296599
 20
14810.95998415363
 30
0.0
 11
8443.069130296817
 21
14810.95998415363
 31
0.0
  0
LINE
  5
4C
330
17
100
AcDbEntity
  8
Painéis
 62
7
370
25
100
AcDbLine
 10
8525.069130296817
 20
14402.95998415312
 30
0.0
 11
8525.069130296633
 21
14746.95998415367
 31
0.0
  0
LINE
  5
4D
330
17
100
AcDbEntity
  8
Painéis
 62
7
370
25
100
AcDbLine
 10
8443.069130296817
 20
14746.95998415363
 30
0.0
 11
8443.069130296815
 21
14402.95998415315
 31
0.0
  0
LINE
  5
4E
330
17
100
AcDbEntity
  8
Painéis
 62
7
370
25
100
AcDbLine
 10
8443.069130296815
 20
14404.95998415363
 30
0.0
 11
8525.069130296817
 21
14404.95998415363
 31
0.0
  0
LINE
  5
4F
330
17
100
AcDbEntity
  8
Painéis
 62
7
370
25
100
AcDbLine
 10
8443.069130296817
 20
14746.95998415363
 30
0.0
 11
8525.069130296633
 21
14746.95998415367
 31
0.0
  0
LINE
  5
50
330
17
100
AcDbEntity
  8
SARR_2.2x7
 62
7
370
25
100
AcDbLine
 10
8518.069130296728
 20
14651.95998415363
 30
0.0
 11
8518.069130296535
 21
14746.95998415367
 31
0.0
  0
LINE
  5
51
330
17
100
AcDbEntity
  8
SARR_2.2x7
 62
7
370
25
100
AcDbLine
 10
8450.069130296746
 20
14651.95998415363
 30
0.0
 11
8450.06913029676
 21
14746.95998415363
 31
0.0
  0
LINE
  5
52
330
17
100
AcDbEntity
  8
Hachura
 62
7
370
25
100
AcDbLine
 10
8093.706455706599
 20
14889.619445470997
 30
0.0
 11
8093.706455706599
 21
14890.26436792583
 31
0.0
  0
LINE
  5
53
330
17
100
AcDbEntity
  8
Hachura
 62
7
370
25
100
AcDbLine
 10
8093.706455706599
 20
14890.78030588541
 30
0.0
 11
8091.771688342096
 21
14889.812922203157
 31
0.0
  0
LINE
  5
54
330
17
100
AcDbEntity
  8
Hachura
 62
7
370
25
100
AcDbLine
 10
8093.779139037445
 20
14890.687663044859
 30
0.0
 11
8091.613526279887
 21
14889.604856708958
 31
0.0
  0
LINE
  5
55
330
17
100
AcDbEntity
  8
Hachura
 62
7
370
25
100
AcDbLine
 10
8091.671964170309
 20
14889.3761066315
 30
0.0
 11
8093.8125418389745
 21
14890.446395487272
 31
0.0
  0
LINE
  5
56
330
17
100
AcDbEntity
  8
Hachura
 62
7
370
25
100
AcDbLine
 10
8091.771688342096
 20
14889.296984243581
 30
0.0
 11
8093.706455706599
 21
14890.26436792583
 31
0.0
  0
LINE
  5
57
330
17
100
AcDbEntity
  8
Hachura
 62
7
370
25
100
AcDbLine
 10
8091.771688342096
 20
14888.652061788747
 30
0.0
 11
8091.771688342096
 21
14889.296984243581
 31
0.0
  0
LINE
  5
58
330
17
100
AcDbEntity
  8
Hachura
 62
7
370
25
100
AcDbLine
 10
8091.771688342096
 20
14886.975263404034
 30
0.0
 11
8091.771688342096
 21
14886.3303409492
 31
0.0
  0
LINE
  5
59
330
17
100
AcDbEntity
  8
Hachura
 62
7
370
25
100
AcDbLine
 10
8091.771688342096
 20
14887.924269169329
 30
0.0
 11
8091.771688342096
 21
14888.136123818445
 31
0.0
  0
LINE
  5
5A
330
17
100
AcDbEntity
  8
Hachura
 62
7
370
25
100
AcDbLine
 10
8091.771688342096
 20
14887.924269169329
 30
0.0
 11
8091.771688342096
 21
14887.491201363615
 31
0.0
  0
LINE
  5
5B
330
17
100
AcDbEntity
  8
Hachura
 62
7
370
25
100
AcDbLine
 10
8093.706455706599
 20
14888.458585045864
 30
0.0
 11
8093.706455706599
 21
14889.103507500698
 31
0.0
  0
LINE
  5
5C
330
17
100
AcDbEntity
  8
Hachura
 62
7
370
25
100
AcDbLine
 10
8093.706455706599
 20
14887.29772463145
 30
0.0
 11
8093.706455706599
 21
14887.942647086284
 31
0.0
  0
LINE
  5
5D
330
17
100
AcDbEntity
  8
Hachura
 62
7
370
25
100
AcDbLine
 10
8093.706455706599
 20
14889.619445470997
 30
0.0
 11
8091.771688342096
 21
14888.652061788747
 31
0.0
  0
LINE
  5
5E
330
17
100
AcDbEntity
  8
Hachura
 62
7
370
25
100
AcDbLine
 10
8093.779139037445
 20
14889.526802619726
 30
0.0
 11
8091.613526279887
 21
14888.443996283826
 31
0.0
  0
LINE
  5
5F
330
17
100
AcDbEntity
  8
Hachura
 62
7
370
25
100
AcDbLine
 10
8091.671964170309
 20
14888.21524621709
 30
0.0
 11
8093.8125418389745
 21
14889.28553506214
 31
0.0
  0
LINE
  5
60
330
17
100
AcDbEntity
  8
Hachura
 62
7
370
25
100
AcDbLine
 10
8091.771688342096
 20
14888.136123818445
 30
0.0
 11
8093.706455706599
 21
14889.103507500698
 31
0.0
  0
LINE
  5
61
330
17
100
AcDbEntity
  8
Hachura
 62
7
370
25
100
AcDbLine
 10
8093.706455706599
 20
14887.29772463145
 30
0.0
 11
8091.771688342096
 21
14886.3303409492
 31
0.0
  0
LINE
  5
62
330
17
100
AcDbEntity
  8
Hachura
 62
7
370
25
100
AcDbLine
 10
8093.706455706599
 20
14888.458585045864
 30
0.0
 11
8091.771688342096
 21
14887.491201363615
 31
0.0
  0
LINE
  5
63
330
17
100
AcDbEntity
  8
Hachura
 62
7
370
25
100
AcDbLine
 10
8093.779139037445
 20
14888.365942205312
 30
0.0
 11
8091.613526279887
 21
14887.283135869411
 31
0.0
  0
LINE
  5
64
330
17
100
AcDbEntity
  8
Hachura
 62
7
370
25
100
AcDbLine
 10
8091.671964170309
 20
14887.054385802676
 30
0.0
 11
8093.8125418389745
 21
14888.124674647725
 31
0.0
  0
LINE
  5
65
330
17
100
AcDbEntity
  8
Hachura
 62
7
370
25
100
AcDbLine
 10
8091.771688342096
 20
14886.975263404034
 30
0.0
 11
8093.706455706599
 21
14887.942647086284
 31
0.0
  0
LINE
  5
66
330
17
100
AcDbEntity
  8
Hachura
 62
7
370
25
100
AcDbLine
 10
8092.029450012531
 20
14891.102663474228
 30
0.0
 11
8091.771688342096
 21
14890.973782617571
 31
0.0
  0
LINE
  5
67
330
17
100
AcDbEntity
  8
Hachura
 62
7
370
25
100
AcDbLine
 10
8092.287419003041
 20
14891.102663474228
 30
0.0
 11
8091.613526279887
 21
14890.76571711265
 31
0.0
  0
LINE
  5
68
330
17
100
AcDbEntity
  8
Hachura
 62
7
370
25
100
AcDbLine
 10
8091.771688342096
 20
14890.973782617571
 30
0.0
 11
8091.771688342096
 21
14891.102663474228
 31
0.0
  0
LINE
  5
69
330
17
100
AcDbEntity
  8
Hachura
 62
7
370
25
100
AcDbLine
 10
8091.773480127817
 20
14891.101053377646
 30
0.0
 11
8092.095941355234
 21
14891.423514626504
 31
0.0
  0
LINE
  5
6A
330
17
100
AcDbEntity
  8
Hachura
 62
7
370
25
100
AcDbLine
 10
8091.771688342096
 20
14890.45784465799
 30
0.0
 11
8091.771688342096
 21
14889.812922203157
 31
0.0
  0
LINE
  5
6B
330
17
100
AcDbEntity
  8
Hachura
 62
7
370
25
100
AcDbLine
 10
8093.706455706599
 20
14890.78030588541
 30
0.0
 11
8093.706455706599
 21
14891.102663474228
 31
0.0
  0
LINE
  5
6C
330
17
100
AcDbEntity
  8
Hachura
 62
7
370
25
100
AcDbLine
 10
8093.70833299309
 20
14891.101053399085
 30
0.0
 11
8093.70833299309
 21
14891.100975981011
 31
0.0
  0
LINE
  5
6D
330
17
100
AcDbEntity
  8
Hachura
 62
7
370
25
100
AcDbLine
 10
8093.70833299309
 20
14891.101053399085
 30
0.0
 11
8093.385786264902
 21
14891.423514626504
 31
0.0
  0
LINE
  5
6E
330
17
100
AcDbEntity
  8
Hachura
 62
7
370
25
100
AcDbLine
 10
8093.706455706599
 20
14888.89165284086
 30
0.0
 11
8093.706455706599
 21
14889.103507489976
 31
0.0
  0
LINE
  5
6F
330
17
100
AcDbEntity
  8
Hachura
 62
7
370
25
100
AcDbLine
 10
8091.671964170309
 20
14890.536967045915
 30
0.0
 11
8092.803356984058
 21
14891.102663474228
 31
0.0
  0
LINE
  5
70
330
17
100
AcDbEntity
  8
Hachura
 62
7
370
25
100
AcDbLine
 10
8091.771688342096
 20
14890.45784465799
 30
0.0
 11
8093.061325931689
 21
14891.102663474228
 31
0.0
  0
LINE
  5
71
330
17
100
AcDbEntity
  8
Hachura
 62
7
370
25
100
AcDbLine
 10
8093.385786264902
 20
14891.423514626504
 30
0.0
 11
8092.095941355234
 21
14891.423514626504
 31
0.0
  0
LINE
  5
72
330
17
100
AcDbEntity
  8
Hachura
 62
7
370
25
100
AcDbLine
 10
8093.706455706599
 20
14890.78030588541
 30
0.0
 11
8091.771688342096
 21
14889.812922203157
 31
0.0
  0
LINE
  5
73
330
17
100
AcDbEntity
  8
Hachura
 62
7
370
25
100
AcDbLine
 10
8091.773480127817
 20
14891.101053377646
 30
0.0
 11
8093.708247492319
 21
14891.101053377646
 31
0.0
  0
LINE
  5
74
330
17
100
AcDbEntity
  8
Hachura
 62
7
370
25
100
AcDbLine
 10
8087.178124849972
 20
14879.62314742107
 30
0.0
 11
8094.992786594603
 21
14879.62314742107
 31
0.0
  0
LINE
  5
75
330
17
100
AcDbEntity
  8
Hachura
 62
7
370
25
100
AcDbLine
 10
8090.997781370569
 20
14886.3303409492
 30
0.0
 11
8094.351378161433
 21
14886.3303409492
 31
0.0
  0
LINE
  5
76
330
17
100
AcDbEntity
  8
Hachura
 62
7
370
25
100
AcDbLine
 10
8090.997781370569
 20
14886.262624091873
 30
0.0
 11
8094.351378161433
 21
14886.262624091873
 31
0.0
  0
LINE
  5
77
330
17
100
AcDbEntity
  8
Hachura
 62
7
370
25
100
AcDbLine
 10
8094.609347109064
 20
14883.105728675031
 30
0.0
 11
8090.739812380059
 21
14883.105728675031
 31
0.0
  0
LINE
  5
78
330
17
100
AcDbEntity
  8
Hachura
 62
7
370
25
100
AcDbLine
 10
8099.123804292901
 20
14880.526038855694
 30
0.0
 11
8086.225355196222
 21
14880.526038855694
 31
0.0
  0
LINE
  5
79
330
17
100
AcDbEntity
  8
Hachura
 62
7
370
25
100
AcDbLine
 10
8086.225355196222
 20
14879.62314742107
 30
0.0
 11
8099.120262528508
 21
14879.62314742107
 31
0.0
  0
LINE
  5
7A
330
17
100
AcDbEntity
  8
Hachura
 62
7
370
25
100
AcDbLine
 10
8093.319502199396
 20
14886.3303409492
 30
0.0
 11
8093.319502199396
 21
14883.105728675031
 31
0.0
  0
LINE
  5
7B
330
17
100
AcDbEntity
  8
Hachura
 62
7
370
25
100
AcDbLine
 10
8094.351378161433
 20
14886.3303409492
 30
0.0
 11
8094.351378161433
 21
14883.105728675031
 31
0.0
  0
LINE
  5
7C
330
17
100
AcDbEntity
  8
Hachura
 62
7
370
25
100
AcDbLine
 10
8092.674579744562
 20
14880.526038855694
 30
0.0
 11
8094.609347109064
 21
14880.526038855694
 31
0.0
  0
LINE
  5
7D
330
17
100
AcDbEntity
  8
Hachura
 62
7
370
25
100
AcDbLine
 10
8093.96442465423
 20
14880.526038855694
 30
0.0
 11
8093.319502199396
 21
14880.526038855694
 31
0.0
  0
LINE
  5
7E
330
17
100
AcDbEntity
  8
Hachura
 62
7
370
25
100
AcDbLine
 10
8092.680220106923
 20
14880.526038855694
 30
0.0
 11
8092.680220106923
 21
14879.62314742107
 31
0.0
  0
LINE
  5
7F
330
17
100
AcDbEntity
  8
Hachura
 62
7
370
25
100
AcDbLine
 10
8092.986761798272
 20
14880.526038855694
 30
0.0
 11
8092.986761798272
 21
14882.525198045152
 31
0.0
  0
LINE
  5
80
330
17
100
AcDbEntity
  8
Hachura
 62
7
370
25
100
AcDbLine
 10
8092.4708238172525
 20
14882.525198045152
 30
0.0
 11
8092.4708238172525
 21
14880.526038855694
 31
0.0
  0
LINE
  5
81
330
17
100
AcDbEntity
  8
Hachura
 62
7
370
25
100
AcDbLine
 10
8095.714456368294
 20
14880.544313412762
 30
0.0
 11
8095.714456368294
 21
14879.617090737682
 31
0.0
  0
LINE
  5
82
330
17
100
AcDbEntity
  8
Hachura
 62
7
370
25
100
AcDbLine
 10
8093.63419537731
 20
14879.773193298994
 30
0.0
 11
8093.63419537731
 21
14880.206261104713
 31
0.0
  0
LINE
  5
83
330
17
100
AcDbEntity
  8
Hachura
 62
7
370
25
100
AcDbLine
 10
8094.609347109064
 20
14880.526038855694
 30
0.0
 11
8094.609347109064
 21
14883.105728675031
 31
0.0
  0
LINE
  5
84
330
17
100
AcDbEntity
  8
Hachura
 62
7
370
25
100
AcDbLine
 10
8093.63419537731
 20
14880.206261104713
 30
0.0
 11
8093.63419537731
 21
14880.418115753828
 31
0.0
  0
LINE
  5
85
330
17
100
AcDbEntity
  8
Hachura
 62
7
370
25
100
AcDbLine
 10
8099.120262528508
 20
14879.62314742107
 30
0.0
 11
8099.120262528508
 21
14884.759816003158
 31
0.0
  0
LINE
  5
86
330
17
100
AcDbEntity
  8
Hachura
 62
7
370
25
100
AcDbLine
 10
8097.447005918908
 20
14884.782527059742
 30
0.0
 11
8096.865345844853
 21
14882.57221874189
 31
0.0
  0
LINE
  5
87
330
17
100
AcDbEntity
  8
Hachura
 62
7
370
25
100
AcDbLine
 10
8099.123804292901
 20
14884.782527059742
 30
0.0
 11
8097.447005918908
 21
14884.782527059742
 31
0.0
  0
LINE
  5
88
330
17
100
AcDbEntity
  8
Hachura
 62
7
370
25
100
AcDbLine
 10
8096.55350180648
 20
14882.331821735661
 30
0.0
 11
8094.609347109064
 21
14882.331821735661
 31
0.0
  0
LINE
  5
89
330
17
100
AcDbEntity
  8
Hachura
 62
7
370
25
100
AcDbLine
 10
8099.123804292901
 20
14880.526038855694
 30
0.0
 11
8093.96442465423
 21
14880.526038855694
 31
0.0
  0
LINE
  5
8A
330
17
100
AcDbEntity
  8
Hachura
 62
7
370
25
100
AcDbLine
 10
8087.902153613093
 20
14884.782527059742
 30
0.0
 11
8088.483813687148
 21
14882.57221874189
 31
0.0
  0
LINE
  5
8B
330
17
100
AcDbEntity
  8
Hachura
 62
7
370
25
100
AcDbLine
 10
8090.997781370569
 20
14883.105728675031
 30
0.0
 11
8090.997781370569
 21
14886.3303409492
 31
0.0
  0
LINE
  5
8C
330
17
100
AcDbEntity
  8
Hachura
 62
7
370
25
100
AcDbLine
 10
8091.771688342096
 20
14886.3303409492
 30
0.0
 11
8091.771688342096
 21
14883.105728675031
 31
0.0
  0
LINE
  5
8D
330
17
100
AcDbEntity
  8
Hachura
 62
7
370
25
100
AcDbLine
 10
8089.648441774084
 20
14880.544313412762
 30
0.0
 11
8089.648441774084
 21
14879.62314742107
 31
0.0
  0
LINE
  5
8E
330
17
100
AcDbEntity
  8
Hachura
 62
7
370
25
100
AcDbLine
 10
8091.699428012807
 20
14880.399737836875
 30
0.0
 11
8091.699428012807
 21
14879.966670041877
 31
0.0
  0
LINE
  5
8F
330
17
100
AcDbEntity
  8
Hachura
 62
7
370
25
100
AcDbLine
 10
8088.216188169219
 20
14880.544313412762
 30
0.0
 11
8088.216188169219
 21
14879.617090737682
 31
0.0
  0
LINE
  5
90
330
17
100
AcDbEntity
  8
Hachura
 62
7
370
25
100
AcDbLine
 10
8090.739812380059
 20
14883.105728675031
 30
0.0
 11
8090.739812380059
 21
14880.526038855694
 31
0.0
  0
LINE
  5
91
330
17
100
AcDbEntity
  8
Hachura
 62
7
370
25
100
AcDbLine
 10
8090.739812380059
 20
14883.105728675031
 30
0.0
 11
8090.997781370569
 21
14883.105728675031
 31
0.0
  0
LINE
  5
92
330
17
100
AcDbEntity
  8
Hachura
 62
7
370
25
100
AcDbLine
 10
8090.739812380059
 20
14883.105728675031
 30
0.0
 11
8090.997781370569
 21
14883.105728675031
 31
0.0
  0
LINE
  5
93
330
17
100
AcDbEntity
  8
Hachura
 62
7
370
25
100
AcDbLine
 10
8088.795657725524
 20
14882.331821735661
 30
0.0
 11
8090.743694303738
 21
14882.331821735661
 31
0.0
  0
LINE
  5
94
330
17
100
AcDbEntity
  8
Hachura
 62
7
370
25
100
AcDbLine
 10
8086.225355196222
 20
14880.526038855694
 30
0.0
 11
8086.225355196222
 21
14884.782527059742
 31
0.0
  0
LINE
  5
95
330
17
100
AcDbEntity
  8
Hachura
 62
7
370
25
100
AcDbLine
 10
8086.225355196222
 20
14880.526038855694
 30
0.0
 11
8086.225355196222
 21
14879.62314742107
 31
0.0
  0
LINE
  5
96
330
17
100
AcDbEntity
  8
Hachura
 62
7
370
25
100
AcDbLine
 10
8087.373686253017
 20
14880.544313412762
 30
0.0
 11
8087.373686253017
 21
14879.617090737682
 31
0.0
  0
LINE
  5
97
330
17
100
AcDbEntity
  8
Hachura
 62
7
370
25
100
AcDbLine
 10
8086.910310021158
 20
14880.544313412762
 30
0.0
 11
8086.910310021158
 21
14879.617090737682
 31
0.0
  0
LINE
  5
98
330
17
100
AcDbEntity
  8
Hachura
 62
7
370
25
100
AcDbLine
 10
8086.57330928898
 20
14880.544313412762
 30
0.0
 11
8086.57330928898
 21
14879.617090737682
 31
0.0
  0
LINE
  5
99
330
17
100
AcDbEntity
  8
Hachura
 62
7
370
25
100
AcDbLine
 10
8086.362683541935
 20
14880.544313412762
 30
0.0
 11
8086.362683541935
 21
14879.617090737682
 31
0.0
  0
LINE
  5
9A
330
17
100
AcDbEntity
  8
Hachura
 62
7
370
25
100
AcDbLine
 10
8086.225355196222
 20
14884.782527059742
 30
0.0
 11
8087.902153613093
 21
14884.782527059742
 31
0.0
  0
LINE
  5
9B
330
17
100
AcDbEntity
  8
Hachura
 62
7
370
25
100
AcDbLine
 10
8092.545595289607
 20
14886.3303409492
 30
0.0
 11
8093.8125418425725
 21
14886.963814232027
 31
0.0
  0
LINE
  5
9C
330
17
100
AcDbEntity
  8
Hachura
 62
7
370
25
100
AcDbLine
 10
8092.803564267426
 20
14886.3303409492
 30
0.0
 11
8093.706455710197
 21
14886.781786670585
 31
0.0
  0
LINE
  5
9D
330
17
100
AcDbEntity
  8
Hachura
 62
7
370
25
100
AcDbLine
 10
8093.706455710198
 20
14886.3303409492
 30
0.0
 11
8093.706455710198
 21
14886.781786670585
 31
0.0
  0
LINE
  5
9E
330
17
100
AcDbEntity
  8
Hachura
 62
7
370
25
100
AcDbLine
 10
8097.129429555511
 20
14880.544313412762
 30
0.0
 11
8097.129429555511
 21
14879.617090737682
 31
0.0
  0
LINE
  5
9F
330
17
100
AcDbEntity
  8
Hachura
 62
7
370
25
100
AcDbLine
 10
8097.971931471713
 20
14880.544313412762
 30
0.0
 11
8097.971931471713
 21
14879.617090737682
 31
0.0
  0
LINE
  5
A0
330
17
100
AcDbEntity
  8
Hachura
 62
7
370
25
100
AcDbLine
 10
8098.435307703572
 20
14880.544313412762
 30
0.0
 11
8098.435307703572
 21
14879.617090737682
 31
0.0
  0
LINE
  5
A1
330
17
100
AcDbEntity
  8
Hachura
 62
7
370
25
100
AcDbLine
 10
8098.772308435749
 20
14880.544313412762
 30
0.0
 11
8098.772308435749
 21
14879.617090737682
 31
0.0
  0
LINE
  5
A2
330
17
100
AcDbEntity
  8
Hachura
 62
7
370
25
100
AcDbLine
 10
8098.982934182794
 20
14880.544313412762
 30
0.0
 11
8098.982934182794
 21
14879.617090737682
 31
0.0
  0
LINE
  5
A3
330
17
100
AcDbEntity
  8
Hachura
 62
7
370
25
100
AcDbLine
 10
8093.70583344246
 20
14745.626849449034
 30
0.0
 11
8093.70583344246
 21
14744.9819269942
 31
0.0
  0
LINE
  5
A4
330
17
100
AcDbEntity
  8
Hachura
 62
7
370
25
100
AcDbLine
 10
8093.70583344246
 20
14744.465989034621
 30
0.0
 11
8091.771066077958
 21
14745.433372716874
 31
0.0
  0
LINE
  5
A5
330
17
100
AcDbEntity
  8
Hachura
 62
7
370
25
100
AcDbLine
 10
8093.778516773306
 20
14744.558631875172
 30
0.0
 11
8091.612904015748
 21
14745.641438211072
 31
0.0
  0
LINE
  5
A6
330
17
100
AcDbEntity
  8
Hachura
 62
7
370
25
100
AcDbLine
 10
8091.671341906171
 20
14745.87018828853
 30
0.0
 11
8093.811919574836
 21
14744.799899432759
 31
0.0
  0
LINE
  5
A7
330
17
100
AcDbEntity
  8
Hachura
 62
7
370
25
100
AcDbLine
 10
8091.771066077958
 20
14745.94931067645
 30
0.0
 11
8093.70583344246
 21
14744.9819269942
 31
0.0
  0
LINE
  5
A8
330
17
100
AcDbEntity
  8
Hachura
 62
7
370
25
100
AcDbLine
 10
8091.771066077958
 20
14746.594233131284
 30
0.0
 11
8091.771066077958
 21
14745.94931067645
 31
0.0
  0
LINE
  5
A9
330
17
100
AcDbEntity
  8
Hachura
 62
7
370
25
100
AcDbLine
 10
8091.771066077958
 20
14748.271031515997
 30
0.0
 11
8091.771066077958
 21
14748.91595397083
 31
0.0
  0
LINE
  5
AA
330
17
100
AcDbEntity
  8
Hachura
 62
7
370
25
100
AcDbLine
 10
8091.771066077958
 20
14747.322025750702
 30
0.0
 11
8091.771066077958
 21
14747.110171101585
 31
0.0
  0
LINE
  5
AB
330
17
100
AcDbEntity
  8
Hachura
 62
7
370
25
100
AcDbLine
 10
8091.771066077958
 20
14747.322025750702
 30
0.0
 11
8091.771066077958
 21
14747.755093556416
 31
0.0
  0
LINE
  5
AC
330
17
100
AcDbEntity
  8
Hachura
 62
7
370
25
100
AcDbLine
 10
8093.70583344246
 20
14746.787709874166
 30
0.0
 11
8093.70583344246
 21
14746.142787419332
 31
0.0
  0
LINE
  5
AD
330
17
100
AcDbEntity
  8
Hachura
 62
7
370
25
100
AcDbLine
 10
8093.70583344246
 20
14747.948570288581
 30
0.0
 11
8093.70583344246
 21
14747.303647833747
 31
0.0
  0
LINE
  5
AE
330
17
100
AcDbEntity
  8
Hachura
 62
7
370
25
100
AcDbLine
 10
8093.70583344246
 20
14745.626849449034
 30
0.0
 11
8091.771066077958
 21
14746.594233131284
 31
0.0
  0
LINE
  5
AF
330
17
100
AcDbEntity
  8
Hachura
 62
7
370
25
100
AcDbLine
 10
8093.778516773306
 20
14745.719492300304
 30
0.0
 11
8091.612904015748
 21
14746.802298636205
 31
0.0
  0
LINE
  5
B0
330
17
100
AcDbEntity
  8
Hachura
 62
7
370
25
100
AcDbLine
 10
8091.671341906171
 20
14747.03104870294
 30
0.0
 11
8093.811919574836
 21
14745.960759857891
 31
0.0
  0
LINE
  5
B1
330
17
100
AcDbEntity
  8
Hachura
 62
7
370
25
100
AcDbLine
 10
8091.771066077958
 20
14747.110171101585
 30
0.0
 11
8093.70583344246
 21
14746.142787419332
 31
0.0
  0
LINE
  5
B2
330
17
100
AcDbEntity
  8
Hachura
 62
7
370
25
100
AcDbLine
 10
8093.70583344246
 20
14747.948570288581
 30
0.0
 11
8091.771066077958
 21
14748.91595397083
 31
0.0
  0
LINE
  5
B3
330
17
100
AcDbEntity
  8
Hachura
 62
7
370
25
100
AcDbLine
 10
8093.70583344246
 20
14746.787709874166
 30
0.0
 11
8091.771066077958
 21
14747.755093556416
 31
0.0
  0
LINE
  5
B4
330
17
100
AcDbEntity
  8
Hachura
 62
7
370
25
100
AcDbLine
 10
8093.778516773306
 20
14746.88035271472
 30
0.0
 11
8091.612904015748
 21
14747.96315905062
 31
0.0
  0
LINE
  5
B5
330
17
100
AcDbEntity
  8
Hachura
 62
7
370
25
100
AcDbLine
 10
8091.671341906171
 20
14748.191909117355
 30
0.0
 11
8093.811919574836
 21
14747.121620272306
 31
0.0
  0
LINE
  5
B6
330
17
100
AcDbEntity
  8
Hachura
 62
7
370
25
100
AcDbLine
 10
8091.771066077958
 20
14748.271031515997
 30
0.0
 11
8093.70583344246
 21
14747.303647833747
 31
0.0
  0
LINE
  5
B7
330
17
100
AcDbEntity
  8
Hachura
 62
7
370
25
100
AcDbLine
 10
8092.028827748392
 20
14744.143631445802
 30
0.0
 11
8091.771066077958
 21
14744.27251230246
 31
0.0
  0
LINE
  5
B8
330
17
100
AcDbEntity
  8
Hachura
 62
7
370
25
100
AcDbLine
 10
8092.286796738902
 20
14744.143631445802
 30
0.0
 11
8091.612904015748
 21
14744.48057780738
 31
0.0
  0
LINE
  5
B9
330
17
100
AcDbEntity
  8
Hachura
 62
7
370
25
100
AcDbLine
 10
8091.771066077958
 20
14744.27251230246
 30
0.0
 11
8091.771066077958
 21
14744.143631445802
 31
0.0
  0
LINE
  5
BA
330
17
100
AcDbEntity
  8
Hachura
 62
7
370
25
100
AcDbLine
 10
8091.772857863678
 20
14744.145241542385
 30
0.0
 11
8092.095319091095
 21
14743.822780293527
 31
0.0
  0
LINE
  5
BB
330
17
100
AcDbEntity
  8
Hachura
 62
7
370
25
100
AcDbLine
 10
8091.771066077958
 20
14744.78845026204
 30
0.0
 11
8091.771066077958
 21
14745.433372716874
 31
0.0
  0
LINE
  5
BC
330
17
100
AcDbEntity
  8
Hachura
 62
7
370
25
100
AcDbLine
 10
8093.70583344246
 20
14744.465989034621
 30
0.0
 11
8093.70583344246
 21
14744.143631445802
 31
0.0
  0
LINE
  5
BD
330
17
100
AcDbEntity
  8
Hachura
 62
7
370
25
100
AcDbLine
 10
8093.7077107289515
 20
14744.145241520946
 30
0.0
 11
8093.7077107289515
 21
14744.14531893902
 31
0.0
  0
LINE
  5
BE
330
17
100
AcDbEntity
  8
Hachura
 62
7
370
25
100
AcDbLine
 10
8093.7077107289515
 20
14744.145241520946
 30
0.0
 11
8093.385164000763
 21
14743.822780293527
 31
0.0
  0
LINE
  5
BF
330
17
100
AcDbEntity
  8
Hachura
 62
7
370
25
100
AcDbLine
 10
8093.70583344246
 20
14746.35464207917
 30
0.0
 11
8093.70583344246
 21
14746.142787430055
 31
0.0
  0
LINE
  5
C0
330
17
100
AcDbEntity
  8
Hachura
 62
7
370
25
100
AcDbLine
 10
8091.671341906171
 20
14744.709327874116
 30
0.0
 11
8092.8027347199195
 21
14744.143631445802
 31
0.0
  0
LINE
  5
C1
330
17
100
AcDbEntity
  8
Hachura
 62
7
370
25
100
AcDbLine
 10
8091.771066077958
 20
14744.78845026204
 30
0.0
 11
8093.06070366755
 21
14744.143631445802
 31
0.0
  0
LINE
  5
C2
330
17
100
AcDbEntity
  8
Hachura
 62
7
370
25
100
AcDbLine
 10
8093.385164000763
 20
14743.822780293527
 30
0.0
 11
8092.095319091095
 21
14743.822780293527
 31
0.0
  0
LINE
  5
C3
330
17
100
AcDbEntity
  8
Hachura
 62
7
370
25
100
AcDbLine
 10
8093.70583344246
 20
14744.465989034621
 30
0.0
 11
8091.771066077958
 21
14745.433372716874
 31
0.0
  0
LINE
  5
C4
330
17
100
AcDbEntity
  8
Hachura
 62
7
370
25
100
AcDbLine
 10
8091.772857863678
 20
14744.145241542385
 30
0.0
 11
8093.70762522818
 21
14744.145241542385
 31
0.0
  0
LINE
  5
C5
330
17
100
AcDbEntity
  8
Hachura
 62
7
370
25
100
AcDbLine
 10
8087.177502585833
 20
14755.62314749896
 30
0.0
 11
8094.992164330464
 21
14755.62314749896
 31
0.0
  0
LINE
  5
C6
330
17
100
AcDbEntity
  8
Hachura
 62
7
370
25
100
AcDbLine
 10
8090.99715910643
 20
14748.91595397083
 30
0.0
 11
8094.350755897294
 21
14748.91595397083
 31
0.0
  0
LINE
  5
C7
330
17
100
AcDbEntity
  8
Hachura
 62
7
370
25
100
AcDbLine
 10
8090.99715910643
 20
14748.983670828158
 30
0.0
 11
8094.350755897294
 21
14748.983670828158
 31
0.0
  0
LINE
  5
C8
330
17
100
AcDbEntity
  8
Hachura
 62
7
370
25
100
AcDbLine
 10
8094.608724844926
 20
14752.140566245
 30
0.0
 11
8090.739190115921
 21
14752.140566245
 31
0.0
  0
LINE
  5
C9
330
17
100
AcDbEntity
  8
Hachura
 62
7
370
25
100
AcDbLine
 10
8099.123182028762
 20
14754.720256064336
 30
0.0
 11
8086.2247329320835
 21
14754.720256064336
 31
0.0
  0
LINE
  5
CA
330
17
100
AcDbEntity
  8
Hachura
 62
7
370
25
100
AcDbLine
 10
8086.2247329320835
 20
14755.62314749896
 30
0.0
 11
8099.119640264369
 21
14755.62314749896
 31
0.0
  0
LINE
  5
CB
330
17
100
AcDbEntity
  8
Hachura
 62
7
370
25
100
AcDbLine
 10
8093.318879935257
 20
14748.91595397083
 30
0.0
 11
8093.318879935257
 21
14752.140566245
 31
0.0
  0
LINE
  5
CC
330
17
100
AcDbEntity
  8
Hachura
 62
7
370
25
100
AcDbLine
 10
8094.350755897294
 20
14748.91595397083
 30
0.0
 11
8094.350755897294
 21
14752.140566245
 31
0.0
  0
LINE
  5
CD
330
17
100
AcDbEntity
  8
Hachura
 62
7
370
25
100
AcDbLine
 10
8092.673957480423
 20
14754.720256064336
 30
0.0
 11
8094.608724844926
 21
14754.720256064336
 31
0.0
  0
LINE
  5
CE
330
17
100
AcDbEntity
  8
Hachura
 62
7
370
25
100
AcDbLine
 10
8093.963802390092
 20
14754.720256064336
 30
0.0
 11
8093.318879935257
 21
14754.720256064336
 31
0.0
  0
LINE
  5
CF
330
17
100
AcDbEntity
  8
Hachura
 62
7
370
25
100
AcDbLine
 10
8092.6795978427845
 20
14754.720256064336
 30
0.0
 11
8092.6795978427845
 21
14755.62314749896
 31
0.0
  0
LINE
  5
D0
330
17
100
AcDbEntity
  8
Hachura
 62
7
370
25
100
AcDbLine
 10
8092.986139534133
 20
14754.720256064336
 30
0.0
 11
8092.986139534133
 21
14752.721096874879
 31
0.0
  0
LINE
  5
D1
330
17
100
AcDbEntity
  8
Hachura
 62
7
370
25
100
AcDbLine
 10
8092.470201553114
 20
14752.721096874879
 30
0.0
 11
8092.470201553114
 21
14754.720256064336
 31
0.0
  0
LINE
  5
D2
330
17
100
AcDbEntity
  8
Hachura
 62
7
370
25
100
AcDbLine
 10
8095.7138341041555
 20
14754.701981507269
 30
0.0
 11
8095.7138341041555
 21
14755.629204182349
 31
0.0
  0
LINE
  5
D3
330
17
100
AcDbEntity
  8
Hachura
 62
7
370
25
100
AcDbLine
 10
8093.633573113171
 20
14755.473101621037
 30
0.0
 11
8093.633573113171
 21
14755.040033815318
 31
0.0
  0
LINE
  5
D4
330
17
100
AcDbEntity
  8
Hachura
 62
7
370
25
100
AcDbLine
 10
8094.608724844926
 20
14754.720256064336
 30
0.0
 11
8094.608724844926
 21
14752.140566245
 31
0.0
  0
LINE
  5
D5
330
17
100
AcDbEntity
  8
Hachura
 62
7
370
25
100
AcDbLine
 10
8093.633573113171
 20
14755.040033815318
 30
0.0
 11
8093.633573113171
 21
14754.828179166203
 31
0.0
  0
LINE
  5
D6
330
17
100
AcDbEntity
  8
Hachura
 62
7
370
25
100
AcDbLine
 10
8099.119640264369
 20
14755.62314749896
 30
0.0
 11
8099.119640264369
 21
14750.486478916873
 31
0.0
  0
LINE
  5
D7
330
17
100
AcDbEntity
  8
Hachura
 62
7
370
25
100
AcDbLine
 10
8097.446383654769
 20
14750.463767860288
 30
0.0
 11
8096.864723580715
 21
14752.67407617814
 31
0.0
  0
LINE
  5
D8
330
17
100
AcDbEntity
  8
Hachura
 62
7
370
25
100
AcDbLine
 10
8099.123182028762
 20
14750.463767860288
 30
0.0
 11
8097.446383654769
 21
14750.463767860288
 31
0.0
  0
LINE
  5
D9
330
17
100
AcDbEntity
  8
Hachura
 62
7
370
25
100
AcDbLine
 10
8096.5528795423415
 20
14752.91447318437
 30
0.0
 11
8094.608724844926
 21
14752.91447318437
 31
0.0
  0
LINE
  5
DA
330
17
100
AcDbEntity
  8
Hachura
 62
7
370
25
100
AcDbLine
 10
8099.123182028762
 20
14754.720256064336
 30
0.0
 11
8093.963802390092
 21
14754.720256064336
 31
0.0
  0
LINE
  5
DB
330
17
100
AcDbEntity
  8
Hachura
 62
7
370
25
100
AcDbLine
 10
8087.901531348954
 20
14750.463767860288
 30
0.0
 11
8088.483191423009
 21
14752.67407617814
 31
0.0
  0
LINE
  5
DC
330
17
100
AcDbEntity
  8
Hachura
 62
7
370
25
100
AcDbLine
 10
8090.99715910643
 20
14752.140566245
 30
0.0
 11
8090.99715910643
 21
14748.91595397083
 31
0.0
  0
LINE
  5
DD
330
17
100
AcDbEntity
  8
Hachura
 62
7
370
25
100
AcDbLine
 10
8091.771066077958
 20
14748.91595397083
 30
0.0
 11
8091.771066077958
 21
14752.140566245
 31
0.0
  0
LINE
  5
DE
330
17
100
AcDbEntity
  8
Hachura
 62
7
370
25
100
AcDbLine
 10
8089.647819509945
 20
14754.701981507269
 30
0.0
 11
8089.647819509945
 21
14755.62314749896
 31
0.0
  0
LINE
  5
DF
330
17
100
AcDbEntity
  8
Hachura
 62
7
370
25
100
AcDbLine
 10
8091.698805748669
 20
14754.846557083156
 30
0.0
 11
8091.698805748669
 21
14755.279624878154
 31
0.0
  0
LINE
  5
E0
330
17
100
AcDbEntity
  8
Hachura
 62
7
370
25
100
AcDbLine
 10
8088.21556590508
 20
14754.701981507269
 30
0.0
 11
8088.21556590508
 21
14755.629204182349
 31
0.0
  0
LINE
  5
E1
330
17
100
AcDbEntity
  8
Hachura
 62
7
370
25
100
AcDbLine
 10
8090.739190115921
 20
14752.140566245
 30
0.0
 11
8090.739190115921
 21
14754.720256064336
 31
0.0
  0
LINE
  5
E2
330
17
100
AcDbEntity
  8
Hachura
 62
7
370
25
100
AcDbLine
 10
8090.739190115921
 20
14752.140566245
 30
0.0
 11
8090.99715910643
 21
14752.140566245
 31
0.0
  0
LINE
  5
E3
330
17
100
AcDbEntity
  8
Hachura
 62
7
370
25
100
AcDbLine
 10
8090.739190115921
 20
14752.140566245
 30
0.0
 11
8090.99715910643
 21
14752.140566245
 31
0.0
  0
LINE
  5
E4
330
17
100
AcDbEntity
  8
Hachura
 62
7
370
25
100
AcDbLine
 10
8088.795035461385
 20
14752.91447318437
 30
0.0
 11
8090.7430720396
 21
14752.91447318437
 31
0.0
  0
LINE
  5
E5
330
17
100
AcDbEntity
  8
Hachura
 62
7
370
25
100
AcDbLine
 10
8086.2247329320835
 20
14754.720256064336
 30
0.0
 11
8086.2247329320835
 21
14750.463767860288
 31
0.0
  0
LINE
  5
E6
330
17
100
AcDbEntity
  8
Hachura
 62
7
370
25
100
AcDbLine
 10
8086.2247329320835
 20
14754.720256064336
 30
0.0
 11
8086.2247329320835
 21
14755.62314749896
 31
0.0
  0
LINE
  5
E7
330
17
100
AcDbEntity
  8
Hachura
 62
7
370
25
100
AcDbLine
 10
8087.373063988878
 20
14754.701981507269
 30
0.0
 11
8087.373063988878
 21
14755.629204182349
 31
0.0
  0
LINE
  5
E8
330
17
100
AcDbEntity
  8
Hachura
 62
7
370
25
100
AcDbLine
 10
8086.909687757019
 20
14754.701981507269
 30
0.0
 11
8086.909687757019
 21
14755.629204182349
 31
0.0
  0
LINE
  5
E9
330
17
100
AcDbEntity
  8
Hachura
 62
7
370
25
100
AcDbLine
 10
8086.572687024842
 20
14754.701981507269
 30
0.0
 11
8086.572687024842
 21
14755.629204182349
 31
0.0
  0
LINE
  5
EA
330
17
100
AcDbEntity
  8
Hachura
 62
7
370
25
100
AcDbLine
 10
8086.362061277797
 20
14754.701981507269
 30
0.0
 11
8086.362061277797
 21
14755.629204182349
 31
0.0
  0
LINE
  5
EB
330
17
100
AcDbEntity
  8
Hachura
 62
7
370
25
100
AcDbLine
 10
8086.2247329320835
 20
14750.463767860288
 30
0.0
 11
8087.901531348954
 21
14750.463767860288
 31
0.0
  0
LINE
  5
EC
330
17
100
AcDbEntity
  8
Hachura
 62
7
370
25
100
AcDbLine
 10
8092.544973025469
 20
14748.91595397083
 30
0.0
 11
8093.811919578434
 21
14748.282480688003
 31
0.0
  0
LINE
  5
ED
330
17
100
AcDbEntity
  8
Hachura
 62
7
370
25
100
AcDbLine
 10
8092.802942003287
 20
14748.91595397083
 30
0.0
 11
8093.705833446058
 21
14748.464508249446
 31
0.0
  0
LINE
  5
EE
330
17
100
AcDbEntity
  8
Hachura
 62
7
370
25
100
AcDbLine
 10
8093.705833446059
 20
14748.91595397083
 30
0.0
 11
8093.705833446059
 21
14748.464508249446
 31
0.0
  0
LINE
  5
EF
330
17
100
AcDbEntity
  8
Hachura
 62
7
370
25
100
AcDbLine
 10
8097.128807291372
 20
14754.701981507269
 30
0.0
 11
8097.128807291372
 21
14755.629204182349
 31
0.0
  0
LINE
  5
F0
330
17
100
AcDbEntity
  8
Hachura
 62
7
370
25
100
AcDbLine
 10
8097.971309207574
 20
14754.701981507269
 30
0.0
 11
8097.971309207574
 21
14755.629204182349
 31
0.0
  0
LINE
  5
F1
330
17
100
AcDbEntity
  8
Hachura
 62
7
370
25
100
AcDbLine
 10
8098.434685439433
 20
14754.701981507269
 30
0.0
 11
8098.434685439433
 21
14755.629204182349
 31
0.0
  0
LINE
  5
F2
330
17
100
AcDbEntity
  8
Hachura
 62
7
370
25
100
AcDbLine
 10
8098.771686171611
 20
14754.701981507269
 30
0.0
 11
8098.771686171611
 21
14755.629204182349
 31
0.0
  0
LINE
  5
F3
330
17
100
AcDbEntity
  8
Hachura
 62
7
370
25
100
AcDbLine
 10
8098.982311918656
 20
14754.701981507269
 30
0.0
 11
8098.982311918656
 21
14755.629204182349
 31
0.0
  0
LINE
  5
F4
330
17
100
AcDbEntity
  8
Hachura
 62
7
370
25
100
AcDbLine
 10
8092.673069279074
 20
14890.42351462648
 30
0.0
 11
8092.681610489949
 21
14748.62314749896
 31
0.0
  0
LINE
  5
F5
330
17
100
AcDbEntity
  8
Hachura
 62
7
370
25
100
AcDbLine
 10
7923.638550066992
 20
14889.619445470997
 30
0.0
 11
7923.638550066992
 21
14890.26436792583
 31
0.0
  0
LINE
  5
F6
330
17
100
AcDbEntity
  8
Hachura
 62
7
370
25
100
AcDbLine
 10
7923.638550066992
 20
14890.78030588541
 30
0.0
 11
7925.573317431495
 21
14889.812922203157
 31
0.0
  0
LINE
  5
F7
330
17
100
AcDbEntity
  8
Hachura
 62
7
370
25
100
AcDbLine
 10
7923.565866736146
 20
14890.687663044859
 30
0.0
 11
7925.731479493704
 21
14889.604856708958
 31
0.0
  0
LINE
  5
F8
330
17
100
AcDbEntity
  8
Hachura
 62
7
370
25
100
AcDbLine
 10
7925.6730416032815
 20
14889.3761066315
 30
0.0
 11
7923.532463934616
 21
14890.446395487272
 31
0.0
  0
LINE
  5
F9
330
17
100
AcDbEntity
  8
Hachura
 62
7
370
25
100
AcDbLine
 10
7925.573317431495
 20
14889.296984243581
 30
0.0
 11
7923.638550066992
 21
14890.26436792583
 31
0.0
  0
LINE
  5
FA
330
17
100
AcDbEntity
  8
Hachura
 62
7
370
25
100
AcDbLine
 10
7925.573317431495
 20
14888.652061788747
 30
0.0
 11
7925.573317431495
 21
14889.296984243581
 31
0.0
  0
LINE
  5
FB
330
17
100
AcDbEntity
  8
Hachura
 62
7
370
25
100
AcDbLine
 10
7925.573317431495
 20
14886.975263404034
 30
0.0
 11
7925.573317431495
 21
14886.3303409492
 31
0.0
  0
LINE
  5
FC
330
17
100
AcDbEntity
  8
Hachura
 62
7
370
25
100
AcDbLine
 10
7925.573317431495
 20
14887.924269169329
 30
0.0
 11
7925.573317431495
 21
14888.136123818445
 31
0.0
  0
LINE
  5
FD
330
17
100
AcDbEntity
  8
Hachura
 62
7
370
25
100
AcDbLine
 10
7925.573317431495
 20
14887.924269169329
 30
0.0
 11
7925.573317431495
 21
14887.491201363615
 31
0.0
  0
LINE
  5
FE
330
17
100
AcDbEntity
  8
Hachura
 62
7
370
25
100
AcDbLine
 10
7923.638550066992
 20
14888.458585045864
 30
0.0
 11
7923.638550066992
 21
14889.103507500698
 31
0.0
  0
LINE
  5
FF
330
17
100
AcDbEntity
  8
Hachura
 62
7
370
25
100
AcDbLine
 10
7923.638550066992
 20
14887.29772463145
 30
0.0
 11
7923.638550066992
 21
14887.942647086284
 31
0.0
  0
LINE
  5
100
330
17
100
AcDbEntity
  8
Hachura
 62
7
370
25
100
AcDbLine
 10
7923.638550066992
 20
14889.619445470997
 30
0.0
 11
7925.573317431495
 21
14888.652061788747
 31
0.0
  0
LINE
  5
101
330
17
100
AcDbEntity
  8
Hachura
 62
7
370
25
100
AcDbLine
 10
7923.565866736146
 20
14889.526802619726
 30
0.0
 11
7925.731479493704
 21
14888.443996283826
 31
0.0
  0
LINE
  5
102
330
17
100
AcDbEntity
  8
Hachura
 62
7
370
25
100
AcDbLine
 10
7925.6730416032815
 20
14888.21524621709
 30
0.0
 11
7923.532463934616
 21
14889.28553506214
 31
0.0
  0
LINE
  5
103
330
17
100
AcDbEntity
  8
Hachura
 62
7
370
25
100
AcDbLine
 10
7925.573317431495
 20
14888.136123818445
 30
0.0
 11
7923.638550066992
 21
14889.103507500698
 31
0.0
  0
LINE
  5
104
330
17
100
AcDbEntity
  8
Hachura
 62
7
370
25
100
AcDbLine
 10
7923.638550066992
 20
14887.29772463145
 30
0.0
 11
7925.573317431495
 21
14886.3303409492
 31
0.0
  0
LINE
  5
105
330
17
100
AcDbEntity
  8
Hachura
 62
7
370
25
100
AcDbLine
 10
7923.638550066992
 20
14888.458585045864
 30
0.0
 11
7925.573317431495
 21
14887.491201363615
 31
0.0
  0
LINE
  5
106
330
17
100
AcDbEntity
  8
Hachura
 62
7
370
25
100
AcDbLine
 10
7923.565866736146
 20
14888.365942205312
 30
0.0
 11
7925.731479493704
 21
14887.283135869411
 31
0.0
  0
LINE
  5
107
330
17
100
AcDbEntity
  8
Hachura
 62
7
370
25
100
AcDbLine
 10
7925.6730416032815
 20
14887.054385802676
 30
0.0
 11
7923.532463934616
 21
14888.124674647725
 31
0.0
  0
LINE
  5
108
330
17
100
AcDbEntity
  8
Hachura
 62
7
370
25
100
AcDbLine
 10
7925.573317431495
 20
14886.975263404034
 30
0.0
 11
7923.638550066992
 21
14887.942647086284
 31
0.0
  0
LINE
  5
109
330
17
100
AcDbEntity
  8
Hachura
 62
7
370
25
100
AcDbLine
 10
7925.31555576106
 20
14891.102663474228
 30
0.0
 11
7925.573317431495
 21
14890.973782617571
 31
0.0
  0
LINE
  5
10A
330
17
100
AcDbEntity
  8
Hachura
 62
7
370
25
100
AcDbLine
 10
7925.05758677055
 20
14891.102663474228
 30
0.0
 11
7925.731479493704
 21
14890.76571711265
 31
0.0
  0
LINE
  5
10B
330
17
100
AcDbEntity
  8
Hachura
 62
7
370
25
100
AcDbLine
 10
7925.573317431495
 20
14890.973782617571
 30
0.0
 11
7925.573317431495
 21
14891.102663474228
 31
0.0
  0
LINE
  5
10C
330
17
100
AcDbEntity
  8
Hachura
 62
7
370
25
100
AcDbLine
 10
7925.571525645774
 20
14891.101053377646
 30
0.0
 11
7925.249064418357
 21
14891.423514626504
 31
0.0
  0
LINE
  5
10D
330
17
100
AcDbEntity
  8
Hachura
 62
7
370
25
100
AcDbLine
 10
7925.573317431495
 20
14890.45784465799
 30
0.0
 11
7925.573317431495
 21
14889.812922203157
 31
0.0
  0
LINE
  5
10E
330
17
100
AcDbEntity
  8
Hachura
 62
7
370
25
100
AcDbLine
 10
7923.638550066992
 20
14890.78030588541
 30
0.0
 11
7923.638550066992
 21
14891.102663474228
 31
0.0
  0
LINE
  5
10F
330
17
100
AcDbEntity
  8
Hachura
 62
7
370
25
100
AcDbLine
 10
7923.636672780501
 20
14891.101053399085
 30
0.0
 11
7923.636672780501
 21
14891.100975981011
 31
0.0
  0
LINE
  5
110
330
17
100
AcDbEntity
  8
Hachura
 62
7
370
25
100
AcDbLine
 10
7923.636672780501
 20
14891.101053399085
 30
0.0
 11
7923.959219508689
 21
14891.423514626504
 31
0.0
  0
LINE
  5
111
330
17
100
AcDbEntity
  8
Hachura
 62
7
370
25
100
AcDbLine
 10
7923.638550066992
 20
14888.89165284086
 30
0.0
 11
7923.638550066992
 21
14889.103507489976
 31
0.0
  0
LINE
  5
112
330
17
100
AcDbEntity
  8
Hachura
 62
7
370
25
100
AcDbLine
 10
7925.6730416032815
 20
14890.536967045915
 30
0.0
 11
7924.541648789533
 21
14891.102663474228
 31
0.0
  0
LINE
  5
113
330
17
100
AcDbEntity
  8
Hachura
 62
7
370
25
100
AcDbLine
 10
7925.573317431495
 20
14890.45784465799
 30
0.0
 11
7924.283679841902
 21
14891.102663474228
 31
0.0
  0
LINE
  5
114
330
17
100
AcDbEntity
  8
Hachura
 62
7
370
25
100
AcDbLine
 10
7923.959219508689
 20
14891.423514626504
 30
0.0
 11
7925.249064418357
 21
14891.423514626504
 31
0.0
  0
LINE
  5
115
330
17
100
AcDbEntity
  8
Hachura
 62
7
370
25
100
AcDbLine
 10
7923.638550066992
 20
14890.78030588541
 30
0.0
 11
7925.573317431495
 21
14889.812922203157
 31
0.0
  0
LINE
  5
116
330
17
100
AcDbEntity
  8
Hachura
 62
7
370
25
100
AcDbLine
 10
7925.571525645774
 20
14891.101053377646
 30
0.0
 11
7923.636758281272
 21
14891.101053377646
 31
0.0
  0
LINE
  5
117
330
17
100
AcDbEntity
  8
Hachura
 62
7
370
25
100
AcDbLine
 10
7930.166880923619
 20
14879.62314742107
 30
0.0
 11
7922.352219178988
 21
14879.62314742107
 31
0.0
  0
LINE
  5
118
330
17
100
AcDbEntity
  8
Hachura
 62
7
370
25
100
AcDbLine
 10
7926.347224403022
 20
14886.3303409492
 30
0.0
 11
7922.993627612158
 21
14886.3303409492
 31
0.0
  0
LINE
  5
119
330
17
100
AcDbEntity
  8
Hachura
 62
7
370
25
100
AcDbLine
 10
7926.347224403022
 20
14886.262624091873
 30
0.0
 11
7922.993627612158
 21
14886.262624091873
 31
0.0
  0
LINE
  5
11A
330
17
100
AcDbEntity
  8
Hachura
 62
7
370
25
100
AcDbLine
 10
7922.735658664526
 20
14883.105728675031
 30
0.0
 11
7926.605193393531
 21
14883.105728675031
 31
0.0
  0
LINE
  5
11B
330
17
100
AcDbEntity
  8
Hachura
 62
7
370
25
100
AcDbLine
 10
7918.22120148069
 20
14880.526038855694
 30
0.0
 11
7931.119650577369
 21
14880.526038855694
 31
0.0
  0
LINE
  5
11C
330
17
100
AcDbEntity
  8
Hachura
 62
7
370
25
100
AcDbLine
 10
7931.119650577369
 20
14879.62314742107
 30
0.0
 11
7918.224743245083
 21
14879.62314742107
 31
0.0
  0
LINE
  5
11D
330
17
100
AcDbEntity
  8
Hachura
 62
7
370
25
100
AcDbLine
 10
7924.025503574195
 20
14886.3303409492
 30
0.0
 11
7924.025503574195
 21
14883.105728675031
 31
0.0
  0
LINE
  5
11E
330
17
100
AcDbEntity
  8
Hachura
 62
7
370
25
100
AcDbLine
 10
7922.993627612158
 20
14886.3303409492
 30
0.0
 11
7922.993627612158
 21
14883.105728675031
 31
0.0
  0
LINE
  5
11F
330
17
100
AcDbEntity
  8
Hachura
 62
7
370
25
100
AcDbLine
 10
7924.670426029029
 20
14880.526038855694
 30
0.0
 11
7922.735658664526
 21
14880.526038855694
 31
0.0
  0
LINE
  5
120
330
17
100
AcDbEntity
  8
Hachura
 62
7
370
25
100
AcDbLine
 10
7923.380581119361
 20
14880.526038855694
 30
0.0
 11
7924.025503574195
 21
14880.526038855694
 31
0.0
  0
LINE
  5
121
330
17
100
AcDbEntity
  8
Hachura
 62
7
370
25
100
AcDbLine
 10
7924.664785666668
 20
14880.526038855694
 30
0.0
 11
7924.664785666668
 21
14879.62314742107
 31
0.0
  0
LINE
  5
122
330
17
100
AcDbEntity
  8
Hachura
 62
7
370
25
100
AcDbLine
 10
7924.358243975319
 20
14880.526038855694
 30
0.0
 11
7924.358243975319
 21
14882.525198045152
 31
0.0
  0
LINE
  5
123
330
17
100
AcDbEntity
  8
Hachura
 62
7
370
25
100
AcDbLine
 10
7924.874181956338
 20
14882.525198045152
 30
0.0
 11
7924.874181956338
 21
14880.526038855694
 31
0.0
  0
LINE
  5
124
330
17
100
AcDbEntity
  8
Hachura
 62
7
370
25
100
AcDbLine
 10
7921.630549405297
 20
14880.544313412762
 30
0.0
 11
7921.630549405297
 21
14879.617090737682
 31
0.0
  0
LINE
  5
125
330
17
100
AcDbEntity
  8
Hachura
 62
7
370
25
100
AcDbLine
 10
7923.710810396281
 20
14879.773193298994
 30
0.0
 11
7923.710810396281
 21
14880.206261104713
 31
0.0
  0
LINE
  5
126
330
17
100
AcDbEntity
  8
Hachura
 62
7
370
25
100
AcDbLine
 10
7922.735658664526
 20
14880.526038855694
 30
0.0
 11
7922.735658664526
 21
14883.105728675031
 31
0.0
  0
LINE
  5
127
330
17
100
AcDbEntity
  8
Hachura
 62
7
370
25
100
AcDbLine
 10
7923.710810396281
 20
14880.206261104713
 30
0.0
 11
7923.710810396281
 21
14880.418115753828
 31
0.0
  0
LINE
  5
128
330
17
100
AcDbEntity
  8
Hachura
 62
7
370
25
100
AcDbLine
 10
7918.224743245083
 20
14879.62314742107
 30
0.0
 11
7918.224743245083
 21
14884.759816003158
 31
0.0
  0
LINE
  5
129
330
17
100
AcDbEntity
  8
Hachura
 62
7
370
25
100
AcDbLine
 10
7919.897999854683
 20
14884.782527059742
 30
0.0
 11
7920.479659928737
 21
14882.57221874189
 31
0.0
  0
LINE
  5
12A
330
17
100
AcDbEntity
  8
Hachura
 62
7
370
25
100
AcDbLine
 10
7918.22120148069
 20
14884.782527059742
 30
0.0
 11
7919.897999854683
 21
14884.782527059742
 31
0.0
  0
LINE
  5
12B
330
17
100
AcDbEntity
  8
Hachura
 62
7
370
25
100
AcDbLine
 10
7920.791503967111
 20
14882.331821735661
 30
0.0
 11
7922.735658664526
 21
14882.331821735661
 31
0.0
  0
LINE
  5
12C
330
17
100
AcDbEntity
  8
Hachura
 62
7
370
25
100
AcDbLine
 10
7918.22120148069
 20
14880.526038855694
 30
0.0
 11
7923.380581119361
 21
14880.526038855694
 31
0.0
  0
LINE
  5
12D
330
17
100
AcDbEntity
  8
Hachura
 62
7
370
25
100
AcDbLine
 10
7929.442852160498
 20
14884.782527059742
 30
0.0
 11
7928.861192086443
 21
14882.57221874189
 31
0.0
  0
LINE
  5
12E
330
17
100
AcDbEntity
  8
Hachura
 62
7
370
25
100
AcDbLine
 10
7926.347224403022
 20
14883.105728675031
 30
0.0
 11
7926.347224403022
 21
14886.3303409492
 31
0.0
  0
LINE
  5
12F
330
17
100
AcDbEntity
  8
Hachura
 62
7
370
25
100
AcDbLine
 10
7925.573317431495
 20
14886.3303409492
 30
0.0
 11
7925.573317431495
 21
14883.105728675031
 31
0.0
  0
LINE
  5
130
330
17
100
AcDbEntity
  8
Hachura
 62
7
370
25
100
AcDbLine
 10
7927.696563999507
 20
14880.544313412762
 30
0.0
 11
7927.696563999507
 21
14879.62314742107
 31
0.0
  0
LINE
  5
131
330
17
100
AcDbEntity
  8
Hachura
 62
7
370
25
100
AcDbLine
 10
7925.645577760783
 20
14880.399737836875
 30
0.0
 11
7925.645577760783
 21
14879.966670041877
 31
0.0
  0
LINE
  5
132
330
17
100
AcDbEntity
  8
Hachura
 62
7
370
25
100
AcDbLine
 10
7929.128817604372
 20
14880.544313412762
 30
0.0
 11
7929.128817604372
 21
14879.617090737682
 31
0.0
  0
LINE
  5
133
330
17
100
AcDbEntity
  8
Hachura
 62
7
370
25
100
AcDbLine
 10
7926.605193393531
 20
14883.105728675031
 30
0.0
 11
7926.605193393531
 21
14880.526038855694
 31
0.0
  0
LINE
  5
134
330
17
100
AcDbEntity
  8
Hachura
 62
7
370
25
100
AcDbLine
 10
7926.605193393531
 20
14883.105728675031
 30
0.0
 11
7926.347224403022
 21
14883.105728675031
 31
0.0
  0
LINE
  5
135
330
17
100
AcDbEntity
  8
Hachura
 62
7
370
25
100
AcDbLine
 10
7926.605193393531
 20
14883.105728675031
 30
0.0
 11
7926.347224403022
 21
14883.105728675031
 31
0.0
  0
LINE
  5
136
330
17
100
AcDbEntity
  8
Hachura
 62
7
370
25
100
AcDbLine
 10
7928.549348048067
 20
14882.331821735661
 30
0.0
 11
7926.601311469853
 21
14882.331821735661
 31
0.0
  0
LINE
  5
137
330
17
100
AcDbEntity
  8
Hachura
 62
7
370
25
100
AcDbLine
 10
7931.119650577369
 20
14880.526038855694
 30
0.0
 11
7931.119650577369
 21
14884.782527059742
 31
0.0
  0
LINE
  5
138
330
17
100
AcDbEntity
  8
Hachura
 62
7
370
25
100
AcDbLine
 10
7931.119650577369
 20
14880.526038855694
 30
0.0
 11
7931.119650577369
 21
14879.62314742107
 31
0.0
  0
LINE
  5
139
330
17
100
AcDbEntity
  8
Hachura
 62
7
370
25
100
AcDbLine
 10
7929.971319520574
 20
14880.544313412762
 30
0.0
 11
7929.971319520574
 21
14879.617090737682
 31
0.0
  0
LINE
  5
13A
330
17
100
AcDbEntity
  8
Hachura
 62
7
370
25
100
AcDbLine
 10
7930.434695752433
 20
14880.544313412762
 30
0.0
 11
7930.434695752433
 21
14879.617090737682
 31
0.0
  0
LINE
  5
13B
330
17
100
AcDbEntity
  8
Hachura
 62
7
370
25
100
AcDbLine
 10
7930.77169648461
 20
14880.544313412762
 30
0.0
 11
7930.77169648461
 21
14879.617090737682
 31
0.0
  0
LINE
  5
13C
330
17
100
AcDbEntity
  8
Hachura
 62
7
370
25
100
AcDbLine
 10
7930.982322231655
 20
14880.544313412762
 30
0.0
 11
7930.982322231655
 21
14879.617090737682
 31
0.0
  0
LINE
  5
13D
330
17
100
AcDbEntity
  8
Hachura
 62
7
370
25
100
AcDbLine
 10
7931.119650577369
 20
14884.782527059742
 30
0.0
 11
7929.442852160498
 21
14884.782527059742
 31
0.0
  0
LINE
  5
13E
330
17
100
AcDbEntity
  8
Hachura
 62
7
370
25
100
AcDbLine
 10
7924.799410483984
 20
14886.3303409492
 30
0.0
 11
7923.532463931018
 21
14886.963814232027
 31
0.0
  0
LINE
  5
13F
330
17
100
AcDbEntity
  8
Hachura
 62
7
370
25
100
AcDbLine
 10
7924.541441506165
 20
14886.3303409492
 30
0.0
 11
7923.638550063394
 21
14886.781786670585
 31
0.0
  0
LINE
  5
140
330
17
100
AcDbEntity
  8
Hachura
 62
7
370
25
100
AcDbLine
 10
7923.638550063393
 20
14886.3303409492
 30
0.0
 11
7923.638550063393
 21
14886.781786670585
 31
0.0
  0
LINE
  5
141
330
17
100
AcDbEntity
  8
Hachura
 62
7
370
25
100
AcDbLine
 10
7920.21557621808
 20
14880.544313412762
 30
0.0
 11
7920.21557621808
 21
14879.617090737682
 31
0.0
  0
LINE
  5
142
330
17
100
AcDbEntity
  8
Hachura
 62
7
370
25
100
AcDbLine
 10
7919.373074301878
 20
14880.544313412762
 30
0.0
 11
7919.373074301878
 21
14879.617090737682
 31
0.0
  0
LINE
  5
143
330
17
100
AcDbEntity
  8
Hachura
 62
7
370
25
100
AcDbLine
 10
7918.909698070019
 20
14880.544313412762
 30
0.0
 11
7918.909698070019
 21
14879.617090737682
 31
0.0
  0
LINE
  5
144
330
17
100
AcDbEntity
  8
Hachura
 62
7
370
25
100
AcDbLine
 10
7918.572697337841
 20
14880.544313412762
 30
0.0
 11
7918.572697337841
 21
14879.617090737682
 31
0.0
  0
LINE
  5
145
330
17
100
AcDbEntity
  8
Hachura
 62
7
370
25
100
AcDbLine
 10
7918.362071590796
 20
14880.544313412762
 30
0.0
 11
7918.362071590796
 21
14879.617090737682
 31
0.0
  0
LINE
  5
146
330
17
100
AcDbEntity
  8
Hachura
 62
7
370
25
100
AcDbLine
 10
7923.639172331161
 20
14745.626849449034
 30
0.0
 11
7923.639172331161
 21
14744.9819269942
 31
0.0
  0
LINE
  5
147
330
17
100
AcDbEntity
  8
Hachura
 62
7
370
25
100
AcDbLine
 10
7923.639172331161
 20
14744.465989034621
 30
0.0
 11
7925.573939695663
 21
14745.433372716874
 31
0.0
  0
LINE
  5
148
330
17
100
AcDbEntity
  8
Hachura
 62
7
370
25
100
AcDbLine
 10
7923.5664890003145
 20
14744.558631875172
 30
0.0
 11
7925.732101757872
 21
14745.641438211072
 31
0.0
  0
LINE
  5
149
330
17
100
AcDbEntity
  8
Hachura
 62
7
370
25
100
AcDbLine
 10
7925.67366386745
 20
14745.87018828853
 30
0.0
 11
7923.533086198785
 21
14744.799899432759
 31
0.0
  0
LINE
  5
14A
330
17
100
AcDbEntity
  8
Hachura
 62
7
370
25
100
AcDbLine
 10
7925.573939695663
 20
14745.94931067645
 30
0.0
 11
7923.639172331161
 21
14744.9819269942
 31
0.0
  0
LINE
  5
14B
330
17
100
AcDbEntity
  8
Hachura
 62
7
370
25
100
AcDbLine
 10
7925.573939695663
 20
14746.594233131284
 30
0.0
 11
7925.573939695663
 21
14745.94931067645
 31
0.0
  0
LINE
  5
14C
330
17
100
AcDbEntity
  8
Hachura
 62
7
370
25
100
AcDbLine
 10
7925.573939695663
 20
14748.271031515997
 30
0.0
 11
7925.573939695663
 21
14748.91595397083
 31
0.0
  0
LINE
  5
14D
330
17
100
AcDbEntity
  8
Hachura
 62
7
370
25
100
AcDbLine
 10
7925.573939695663
 20
14747.322025750702
 30
0.0
 11
7925.573939695663
 21
14747.110171101585
 31
0.0
  0
LINE
  5
14E
330
17
100
AcDbEntity
  8
Hachura
 62
7
370
25
100
AcDbLine
 10
7925.573939695663
 20
14747.322025750702
 30
0.0
 11
7925.573939695663
 21
14747.755093556416
 31
0.0
  0
LINE
  5
14F
330
17
100
AcDbEntity
  8
Hachura
 62
7
370
25
100
AcDbLine
 10
7923.639172331161
 20
14746.787709874166
 30
0.0
 11
7923.639172331161
 21
14746.142787419332
 31
0.0
  0
LINE
  5
150
330
17
100
AcDbEntity
  8
Hachura
 62
7
370
25
100
AcDbLine
 10
7923.639172331161
 20
14747.948570288581
 30
0.0
 11
7923.639172331161
 21
14747.303647833747
 31
0.0
  0
LINE
  5
151
330
17
100
AcDbEntity
  8
Hachura
 62
7
370
25
100
AcDbLine
 10
7923.639172331161
 20
14745.626849449034
 30
0.0
 11
7925.573939695663
 21
14746.594233131284
 31
0.0
  0
LINE
  5
152
330
17
100
AcDbEntity
  8
Hachura
 62
7
370
25
100
AcDbLine
 10
7923.5664890003145
 20
14745.719492300304
 30
0.0
 11
7925.732101757872
 21
14746.802298636205
 31
0.0
  0
LINE
  5
153
330
17
100
AcDbEntity
  8
Hachura
 62
7
370
25
100
AcDbLine
 10
7925.67366386745
 20
14747.03104870294
 30
0.0
 11
7923.533086198785
 21
14745.960759857891
 31
0.0
  0
LINE
  5
154
330
17
100
AcDbEntity
  8
Hachura
 62
7
370
25
100
AcDbLine
 10
7925.573939695663
 20
14747.110171101585
 30
0.0
 11
7923.639172331161
 21
14746.142787419332
 31
0.0
  0
LINE
  5
155
330
17
100
AcDbEntity
  8
Hachura
 62
7
370
25
100
AcDbLine
 10
7923.639172331161
 20
14747.948570288581
 30
0.0
 11
7925.573939695663
 21
14748.91595397083
 31
0.0
  0
LINE
  5
156
330
17
100
AcDbEntity
  8
Hachura
 62
7
370
25
100
AcDbLine
 10
7923.639172331161
 20
14746.787709874166
 30
0.0
 11
7925.573939695663
 21
14747.755093556416
 31
0.0
  0
LINE
  5
157
330
17
100
AcDbEntity
  8
Hachura
 62
7
370
25
100
AcDbLine
 10
7923.5664890003145
 20
14746.88035271472
 30
0.0
 11
7925.732101757872
 21
14747.96315905062
 31
0.0
  0
LINE
  5
158
330
17
100
AcDbEntity
  8
Hachura
 62
7
370
25
100
AcDbLine
 10
7925.67366386745
 20
14748.191909117355
 30
0.0
 11
7923.533086198785
 21
14747.121620272306
 31
0.0
  0
LINE
  5
159
330
17
100
AcDbEntity
  8
Hachura
 62
7
370
25
100
AcDbLine
 10
7925.573939695663
 20
14748.271031515997
 30
0.0
 11
7923.639172331161
 21
14747.303647833747
 31
0.0
  0
LINE
  5
15A
330
17
100
AcDbEntity
  8
Hachura
 62
7
370
25
100
AcDbLine
 10
7925.3161780252285
 20
14744.143631445802
 30
0.0
 11
7925.573939695663
 21
14744.27251230246
 31
0.0
  0
LINE
  5
15B
330
17
100
AcDbEntity
  8
Hachura
 62
7
370
25
100
AcDbLine
 10
7925.058209034719
 20
14744.143631445802
 30
0.0
 11
7925.732101757872
 21
14744.48057780738
 31
0.0
  0
LINE
  5
15C
330
17
100
AcDbEntity
  8
Hachura
 62
7
370
25
100
AcDbLine
 10
7925.573939695663
 20
14744.27251230246
 30
0.0
 11
7925.573939695663
 21
14744.143631445802
 31
0.0
  0
LINE
  5
15D
330
17
100
AcDbEntity
  8
Hachura
 62
7
370
25
100
AcDbLine
 10
7925.572147909943
 20
14744.145241542385
 30
0.0
 11
7925.249686682526
 21
14743.822780293527
 31
0.0
  0
LINE
  5
15E
330
17
100
AcDbEntity
  8
Hachura
 62
7
370
25
100
AcDbLine
 10
7925.573939695663
 20
14744.78845026204
 30
0.0
 11
7925.573939695663
 21
14745.433372716874
 31
0.0
  0
LINE
  5
15F
330
17
100
AcDbEntity
  8
Hachura
 62
7
370
25
100
AcDbLine
 10
7923.639172331161
 20
14744.465989034621
 30
0.0
 11
7923.639172331161
 21
14744.143631445802
 31
0.0
  0
LINE
  5
160
330
17
100
AcDbEntity
  8
Hachura
 62
7
370
25
100
AcDbLine
 10
7923.637295044669
 20
14744.145241520946
 30
0.0
 11
7923.637295044669
 21
14744.14531893902
 31
0.0
  0
LINE
  5
161
330
17
100
AcDbEntity
  8
Hachura
 62
7
370
25
100
AcDbLine
 10
7923.637295044669
 20
14744.145241520946
 30
0.0
 11
7923.9598417728575
 21
14743.822780293527
 31
0.0
  0
LINE
  5
162
330
17
100
AcDbEntity
  8
Hachura
 62
7
370
25
100
AcDbLine
 10
7923.639172331161
 20
14746.35464207917
 30
0.0
 11
7923.639172331161
 21
14746.142787430055
 31
0.0
  0
LINE
  5
163
330
17
100
AcDbEntity
  8
Hachura
 62
7
370
25
100
AcDbLine
 10
7925.67366386745
 20
14744.709327874116
 30
0.0
 11
7924.542271053701
 21
14744.143631445802
 31
0.0
  0
LINE
  5
164
330
17
100
AcDbEntity
  8
Hachura
 62
7
370
25
100
AcDbLine
 10
7925.573939695663
 20
14744.78845026204
 30
0.0
 11
7924.284302106071
 21
14744.143631445802
 31
0.0
  0
LINE
  5
165
330
17
100
AcDbEntity
  8
Hachura
 62
7
370
25
100
AcDbLine
 10
7923.9598417728575
 20
14743.822780293527
 30
0.0
 11
7925.249686682526
 21
14743.822780293527
 31
0.0
  0
LINE
  5
166
330
17
100
AcDbEntity
  8
Hachura
 62
7
370
25
100
AcDbLine
 10
7923.639172331161
 20
14744.465989034621
 30
0.0
 11
7925.573939695663
 21
14745.433372716874
 31
0.0
  0
LINE
  5
167
330
17
100
AcDbEntity
  8
Hachura
 62
7
370
25
100
AcDbLine
 10
7925.572147909943
 20
14744.145241542385
 30
0.0
 11
7923.6373805454405
 21
14744.145241542385
 31
0.0
  0
LINE
  5
168
330
17
100
AcDbEntity
  8
Hachura
 62
7
370
25
100
AcDbLine
 10
7930.167503187788
 20
14755.62314749896
 30
0.0
 11
7922.352841443157
 21
14755.62314749896
 31
0.0
  0
LINE
  5
169
330
17
100
AcDbEntity
  8
Hachura
 62
7
370
25
100
AcDbLine
 10
7926.34784666719
 20
14748.91595397083
 30
0.0
 11
7922.994249876327
 21
14748.91595397083
 31
0.0
  0
LINE
  5
16A
330
17
100
AcDbEntity
  8
Hachura
 62
7
370
25
100
AcDbLine
 10
7926.34784666719
 20
14748.983670828158
 30
0.0
 11
7922.994249876327
 21
14748.983670828158
 31
0.0
  0
LINE
  5
16B
330
17
100
AcDbEntity
  8
Hachura
 62
7
370
25
100
AcDbLine
 10
7922.736280928695
 20
14752.140566245
 30
0.0
 11
7926.6058156577
 21
14752.140566245
 31
0.0
  0
LINE
  5
16C
330
17
100
AcDbEntity
  8
Hachura
 62
7
370
25
100
AcDbLine
 10
7918.221823744859
 20
14754.720256064336
 30
0.0
 11
7931.120272841537
 21
14754.720256064336
 31
0.0
  0
LINE
  5
16D
330
17
100
AcDbEntity
  8
Hachura
 62
7
370
25
100
AcDbLine
 10
7931.120272841537
 20
14755.62314749896
 30
0.0
 11
7918.225365509252
 21
14755.62314749896
 31
0.0
  0
LINE
  5
16E
330
17
100
AcDbEntity
  8
Hachura
 62
7
370
25
100
AcDbLine
 10
7924.026125838363
 20
14748.91595397083
 30
0.0
 11
7924.026125838363
 21
14752.140566245
 31
0.0
  0
LINE
  5
16F
330
17
100
AcDbEntity
  8
Hachura
 62
7
370
25
100
AcDbLine
 10
7922.994249876327
 20
14748.91595397083
 30
0.0
 11
7922.994249876327
 21
14752.140566245
 31
0.0
  0
LINE
  5
170
330
17
100
AcDbEntity
  8
Hachura
 62
7
370
25
100
AcDbLine
 10
7924.671048293198
 20
14754.720256064336
 30
0.0
 11
7922.736280928695
 21
14754.720256064336
 31
0.0
  0
LINE
  5
171
330
17
100
AcDbEntity
  8
Hachura
 62
7
370
25
100
AcDbLine
 10
7923.381203383529
 20
14754.720256064336
 30
0.0
 11
7924.026125838363
 21
14754.720256064336
 31
0.0
  0
LINE
  5
172
330
17
100
AcDbEntity
  8
Hachura
 62
7
370
25
100
AcDbLine
 10
7924.665407930836
 20
14754.720256064336
 30
0.0
 11
7924.665407930836
 21
14755.62314749896
 31
0.0
  0
LINE
  5
173
330
17
100
AcDbEntity
  8
Hachura
 62
7
370
25
100
AcDbLine
 10
7924.358866239488
 20
14754.720256064336
 30
0.0
 11
7924.358866239488
 21
14752.721096874879
 31
0.0
  0
LINE
  5
174
330
17
100
AcDbEntity
  8
Hachura
 62
7
370
25
100
AcDbLine
 10
7924.874804220507
 20
14752.721096874879
 30
0.0
 11
7924.874804220507
 21
14754.720256064336
 31
0.0
  0
LINE
  5
175
330
17
100
AcDbEntity
  8
Hachura
 62
7
370
25
100
AcDbLine
 10
7921.631171669465
 20
14754.701981507269
 30
0.0
 11
7921.631171669465
 21
14755.629204182349
 31
0.0
  0
LINE
  5
176
330
17
100
AcDbEntity
  8
Hachura
 62
7
370
25
100
AcDbLine
 10
7923.71143266045
 20
14755.473101621037
 30
0.0
 11
7923.71143266045
 21
14755.040033815318
 31
0.0
  0
LINE
  5
177
330
17
100
AcDbEntity
  8
Hachura
 62
7
370
25
100
AcDbLine
 10
7922.736280928695
 20
14754.720256064336
 30
0.0
 11
7922.736280928695
 21
14752.140566245
 31
0.0
  0
LINE
  5
178
330
17
100
AcDbEntity
  8
Hachura
 62
7
370
25
100
AcDbLine
 10
7923.71143266045
 20
14755.040033815318
 30
0.0
 11
7923.71143266045
 21
14754.828179166203
 31
0.0
  0
LINE
  5
179
330
17
100
AcDbEntity
  8
Hachura
 62
7
370
25
100
AcDbLine
 10
7918.225365509252
 20
14755.62314749896
 30
0.0
 11
7918.225365509252
 21
14750.486478916873
 31
0.0
  0
LINE
  5
17A
330
17
100
AcDbEntity
  8
Hachura
 62
7
370
25
100
AcDbLine
 10
7919.898622118852
 20
14750.463767860288
 30
0.0
 11
7920.480282192906
 21
14752.67407617814
 31
0.0
  0
LINE
  5
17B
330
17
100
AcDbEntity
  8
Hachura
 62
7
370
25
100
AcDbLine
 10
7918.221823744859
 20
14750.463767860288
 30
0.0
 11
7919.898622118852
 21
14750.463767860288
 31
0.0
  0
LINE
  5
17C
330
17
100
AcDbEntity
  8
Hachura
 62
7
370
25
100
AcDbLine
 10
7920.792126231279
 20
14752.91447318437
 30
0.0
 11
7922.736280928695
 21
14752.91447318437
 31
0.0
  0
LINE
  5
17D
330
17
100
AcDbEntity
  8
Hachura
 62
7
370
25
100
AcDbLine
 10
7918.221823744859
 20
14754.720256064336
 30
0.0
 11
7923.381203383529
 21
14754.720256064336
 31
0.0
  0
LINE
  5
17E
330
17
100
AcDbEntity
  8
Hachura
 62
7
370
25
100
AcDbLine
 10
7929.443474424666
 20
14750.463767860288
 30
0.0
 11
7928.861814350612
 21
14752.67407617814
 31
0.0
  0
LINE
  5
17F
330
17
100
AcDbEntity
  8
Hachura
 62
7
370
25
100
AcDbLine
 10
7926.34784666719
 20
14752.140566245
 30
0.0
 11
7926.34784666719
 21
14748.91595397083
 31
0.0
  0
LINE
  5
180
330
17
100
AcDbEntity
  8
Hachura
 62
7
370
25
100
AcDbLine
 10
7925.573939695663
 20
14748.91595397083
 30
0.0
 11
7925.573939695663
 21
14752.140566245
 31
0.0
  0
LINE
  5
181
330
17
100
AcDbEntity
  8
Hachura
 62
7
370
25
100
AcDbLine
 10
7927.697186263676
 20
14754.701981507269
 30
0.0
 11
7927.697186263676
 21
14755.62314749896
 31
0.0
  0
LINE
  5
182
330
17
100
AcDbEntity
  8
Hachura
 62
7
370
25
100
AcDbLine
 10
7925.646200024952
 20
14754.846557083156
 30
0.0
 11
7925.646200024952
 21
14755.279624878154
 31
0.0
  0
LINE
  5
183
330
17
100
AcDbEntity
  8
Hachura
 62
7
370
25
100
AcDbLine
 10
7929.12943986854
 20
14754.701981507269
 30
0.0
 11
7929.12943986854
 21
14755.629204182349
 31
0.0
  0
LINE
  5
184
330
17
100
AcDbEntity
  8
Hachura
 62
7
370
25
100
AcDbLine
 10
7926.6058156577
 20
14752.140566245
 30
0.0
 11
7926.6058156577
 21
14754.720256064336
 31
0.0
  0
LINE
  5
185
330
17
100
AcDbEntity
  8
Hachura
 62
7
370
25
100
AcDbLine
 10
7926.6058156577
 20
14752.140566245
 30
0.0
 11
7926.34784666719
 21
14752.140566245
 31
0.0
  0
LINE
  5
186
330
17
100
AcDbEntity
  8
Hachura
 62
7
370
25
100
AcDbLine
 10
7926.6058156577
 20
14752.140566245
 30
0.0
 11
7926.34784666719
 21
14752.140566245
 31
0.0
  0
LINE
  5
187
330
17
100
AcDbEntity
  8
Hachura
 62
7
370
25
100
AcDbLine
 10
7928.549970312236
 20
14752.91447318437
 30
0.0
 11
7926.601933734021
 21
14752.91447318437
 31
0.0
  0
LINE
  5
188
330
17
100
AcDbEntity
  8
Hachura
 62
7
370
25
100
AcDbLine
 10
7931.120272841537
 20
14754.720256064336
 30
0.0
 11
7931.120272841537
 21
14750.463767860288
 31
0.0
  0
LINE
  5
189
330
17
100
AcDbEntity
  8
Hachura
 62
7
370
25
100
AcDbLine
 10
7931.120272841537
 20
14754.720256064336
 30
0.0
 11
7931.120272841537
 21
14755.62314749896
 31
0.0
  0
LINE
  5
18A
330
17
100
AcDbEntity
  8
Hachura
 62
7
370
25
100
AcDbLine
 10
7929.971941784743
 20
14754.701981507269
 30
0.0
 11
7929.971941784743
 21
14755.629204182349
 31
0.0
  0
LINE
  5
18B
330
17
100
AcDbEntity
  8
Hachura
 62
7
370
25
100
AcDbLine
 10
7930.435318016602
 20
14754.701981507269
 30
0.0
 11
7930.435318016602
 21
14755.629204182349
 31
0.0
  0
LINE
  5
18C
330
17
100
AcDbEntity
  8
Hachura
 62
7
370
25
100
AcDbLine
 10
7930.772318748779
 20
14754.701981507269
 30
0.0
 11
7930.772318748779
 21
14755.629204182349
 31
0.0
  0
LINE
  5
18D
330
17
100
AcDbEntity
  8
Hachura
 62
7
370
25
100
AcDbLine
 10
7930.982944495824
 20
14754.701981507269
 30
0.0
 11
7930.982944495824
 21
14755.629204182349
 31
0.0
  0
LINE
  5
18E
330
17
100
AcDbEntity
  8
Hachura
 62
7
370
25
100
AcDbLine
 10
7931.120272841537
 20
14750.463767860288
 30
0.0
 11
7929.443474424666
 21
14750.463767860288
 31
0.0
  0
LINE
  5
18F
330
17
100
AcDbEntity
  8
Hachura
 62
7
370
25
100
AcDbLine
 10
7924.800032748152
 20
14748.91595397083
 30
0.0
 11
7923.533086195187
 21
14748.282480688003
 31
0.0
  0
LINE
  5
190
330
17
100
AcDbEntity
  8
Hachura
 62
7
370
25
100
AcDbLine
 10
7924.542063770334
 20
14748.91595397083
 30
0.0
 11
7923.639172327563
 21
14748.464508249446
 31
0.0
  0
LINE
  5
191
330
17
100
AcDbEntity
  8
Hachura
 62
7
370
25
100
AcDbLine
 10
7923.639172327562
 20
14748.91595397083
 30
0.0
 11
7923.639172327562
 21
14748.464508249446
 31
0.0
  0
LINE
  5
192
330
17
100
AcDbEntity
  8
Hachura
 62
7
370
25
100
AcDbLine
 10
7920.216198482249
 20
14754.701981507269
 30
0.0
 11
7920.216198482249
 21
14755.629204182349
 31
0.0
  0
LINE
  5
193
330
17
100
AcDbEntity
  8
Hachura
 62
7
370
25
100
AcDbLine
 10
7919.373696566046
 20
14754.701981507269
 30
0.0
 11
7919.373696566046
 21
14755.629204182349
 31
0.0
  0
LINE
  5
194
330
17
100
AcDbEntity
  8
Hachura
 62
7
370
25
100
AcDbLine
 10
7918.910320334187
 20
14754.701981507269
 30
0.0
 11
7918.910320334187
 21
14755.629204182349
 31
0.0
  0
LINE
  5
195
330
17
100
AcDbEntity
  8
Hachura
 62
7
370
25
100
AcDbLine
 10
7918.57331960201
 20
14754.701981507269
 30
0.0
 11
7918.57331960201
 21
14755.629204182349
 31
0.0
  0
LINE
  5
196
330
17
100
AcDbEntity
  8
Hachura
 62
7
370
25
100
AcDbLine
 10
7918.362693854965
 20
14754.701981507269
 30
0.0
 11
7918.362693854965
 21
14755.629204182349
 31
0.0
  0
LINE
  5
197
330
17
100
AcDbEntity
  8
Hachura
 62
7
370
25
100
AcDbLine
 10
7924.671936494516
 20
14890.42351462648
 30
0.0
 11
7924.663395283672
 21
14748.62314749896
 31
0.0
  0
LINE
  5
198
330
17
100
AcDbEntity
  8
Hachura
 62
7
370
25
100
AcDbLine
 10
8007.638856040451
 20
14889.619445470997
 30
0.0
 11
8007.638856040451
 21
14890.26436792583
 31
0.0
  0
LINE
  5
199
330
17
100
AcDbEntity
  8
Hachura
 62
7
370
25
100
AcDbLine
 10
8007.638856040451
 20
14890.78030588541
 30
0.0
 11
8009.573623404954
 21
14889.812922203157
 31
0.0
  0
LINE
  5
19A
330
17
100
AcDbEntity
  8
Hachura
 62
7
370
25
100
AcDbLine
 10
8007.566172709605
 20
14890.687663044859
 30
0.0
 11
8009.731785467163
 21
14889.604856708958
 31
0.0
  0
LINE
  5
19B
330
17
100
AcDbEntity
  8
Hachura
 62
7
370
25
100
AcDbLine
 10
8009.6733475767405
 20
14889.3761066315
 30
0.0
 11
8007.532769908075
 21
14890.446395487272
 31
0.0
  0
LINE
  5
19C
330
17
100
AcDbEntity
  8
Hachura
 62
7
370
25
100
AcDbLine
 10
8009.573623404954
 20
14889.296984243581
 30
0.0
 11
8007.638856040451
 21
14890.26436792583
 31
0.0
  0
LINE
  5
19D
330
17
100
AcDbEntity
  8
Hachura
 62
7
370
25
100
AcDbLine
 10
8009.573623404954
 20
14888.652061788747
 30
0.0
 11
8009.573623404954
 21
14889.296984243581
 31
0.0
  0
LINE
  5
19E
330
17
100
AcDbEntity
  8
Hachura
 62
7
370
25
100
AcDbLine
 10
8009.573623404954
 20
14886.975263404034
 30
0.0
 11
8009.573623404954
 21
14886.3303409492
 31
0.0
  0
LINE
  5
19F
330
17
100
AcDbEntity
  8
Hachura
 62
7
370
25
100
AcDbLine
 10
8009.573623404954
 20
14887.924269169329
 30
0.0
 11
8009.573623404954
 21
14888.136123818445
 31
0.0
  0
LINE
  5
1A0
330
17
100
AcDbEntity
  8
Hachura
 62
7
370
25
100
AcDbLine
 10
8009.573623404954
 20
14887.924269169329
 30
0.0
 11
8009.573623404954
 21
14887.491201363615
 31
0.0
  0
LINE
  5
1A1
330
17
100
AcDbEntity
  8
Hachura
 62
7
370
25
100
AcDbLine
 10
8007.638856040451
 20
14888.458585045864
 30
0.0
 11
8007.638856040451
 21
14889.103507500698
 31
0.0
  0
LINE
  5
1A2
330
17
100
AcDbEntity
  8
Hachura
 62
7
370
25
100
AcDbLine
 10
8007.638856040451
 20
14887.29772463145
 30
0.0
 11
8007.638856040451
 21
14887.942647086284
 31
0.0
  0
LINE
  5
1A3
330
17
100
AcDbEntity
  8
Hachura
 62
7
370
25
100
AcDbLine
 10
8007.638856040451
 20
14889.619445470997
 30
0.0
 11
8009.573623404954
 21
14888.652061788747
 31
0.0
  0
LINE
  5
1A4
330
17
100
AcDbEntity
  8
Hachura
 62
7
370
25
100
AcDbLine
 10
8007.566172709605
 20
14889.526802619726
 30
0.0
 11
8009.731785467163
 21
14888.443996283826
 31
0.0
  0
LINE
  5
1A5
330
17
100
AcDbEntity
  8
Hachura
 62
7
370
25
100
AcDbLine
 10
8009.6733475767405
 20
14888.21524621709
 30
0.0
 11
8007.532769908075
 21
14889.28553506214
 31
0.0
  0
LINE
  5
1A6
330
17
100
AcDbEntity
  8
Hachura
 62
7
370
25
100
AcDbLine
 10
8009.573623404954
 20
14888.136123818445
 30
0.0
 11
8007.638856040451
 21
14889.103507500698
 31
0.0
  0
LINE
  5
1A7
330
17
100
AcDbEntity
  8
Hachura
 62
7
370
25
100
AcDbLine
 10
8007.638856040451
 20
14887.29772463145
 30
0.0
 11
8009.573623404954
 21
14886.3303409492
 31
0.0
  0
LINE
  5
1A8
330
17
100
AcDbEntity
  8
Hachura
 62
7
370
25
100
AcDbLine
 10
8007.638856040451
 20
14888.458585045864
 30
0.0
 11
8009.573623404954
 21
14887.491201363615
 31
0.0
  0
LINE
  5
1A9
330
17
100
AcDbEntity
  8
Hachura
 62
7
370
25
100
AcDbLine
 10
8007.566172709605
 20
14888.365942205312
 30
0.0
 11
8009.731785467163
 21
14887.283135869411
 31
0.0
  0
LINE
  5
1AA
330
17
100
AcDbEntity
  8
Hachura
 62
7
370
25
100
AcDbLine
 10
8009.6733475767405
 20
14887.054385802676
 30
0.0
 11
8007.532769908075
 21
14888.124674647725
 31
0.0
  0
LINE
  5
1AB
330
17
100
AcDbEntity
  8
Hachura
 62
7
370
25
100
AcDbLine
 10
8009.573623404954
 20
14886.975263404034
 30
0.0
 11
8007.638856040451
 21
14887.942647086284
 31
0.0
  0
LINE
  5
1AC
330
17
100
AcDbEntity
  8
Hachura
 62
7
370
25
100
AcDbLine
 10
8009.315861734519
 20
14891.102663474228
 30
0.0
 11
8009.573623404954
 21
14890.973782617571
 31
0.0
  0
LINE
  5
1AD
330
17
100
AcDbEntity
  8
Hachura
 62
7
370
25
100
AcDbLine
 10
8009.057892744009
 20
14891.102663474228
 30
0.0
 11
8009.731785467163
 21
14890.76571711265
 31
0.0
  0
LINE
  5
1AE
330
17
100
AcDbEntity
  8
Hachura
 62
7
370
25
100
AcDbLine
 10
8009.573623404954
 20
14890.973782617571
 30
0.0
 11
8009.573623404954
 21
14891.102663474228
 31
0.0
  0
LINE
  5
1AF
330
17
100
AcDbEntity
  8
Hachura
 62
7
370
25
100
AcDbLine
 10
8009.571831619233
 20
14891.101053377646
 30
0.0
 11
8009.249370391816
 21
14891.423514626504
 31
0.0
  0
LINE
  5
1B0
330
17
100
AcDbEntity
  8
Hachura
 62
7
370
25
100
AcDbLine
 10
8009.573623404954
 20
14890.45784465799
 30
0.0
 11
8009.573623404954
 21
14889.812922203157
 31
0.0
  0
LINE
  5
1B1
330
17
100
AcDbEntity
  8
Hachura
 62
7
370
25
100
AcDbLine
 10
8007.638856040451
 20
14890.78030588541
 30
0.0
 11
8007.638856040451
 21
14891.102663474228
 31
0.0
  0
LINE
  5
1B2
330
17
100
AcDbEntity
  8
Hachura
 62
7
370
25
100
AcDbLine
 10
8007.63697875396
 20
14891.101053399085
 30
0.0
 11
8007.63697875396
 21
14891.100975981011
 31
0.0
  0
LINE
  5
1B3
330
17
100
AcDbEntity
  8
Hachura
 62
7
370
25
100
AcDbLine
 10
8007.63697875396
 20
14891.101053399085
 30
0.0
 11
8007.959525482148
 21
14891.423514626504
 31
0.0
  0
LINE
  5
1B4
330
17
100
AcDbEntity
  8
Hachura
 62
7
370
25
100
AcDbLine
 10
8007.638856040451
 20
14888.89165284086
 30
0.0
 11
8007.638856040451
 21
14889.103507489976
 31
0.0
  0
LINE
  5
1B5
330
17
100
AcDbEntity
  8
Hachura
 62
7
370
25
100
AcDbLine
 10
8009.6733475767405
 20
14890.536967045915
 30
0.0
 11
8008.541954762992
 21
14891.102663474228
 31
0.0
  0
LINE
  5
1B6
330
17
100
AcDbEntity
  8
Hachura
 62
7
370
25
100
AcDbLine
 10
8009.573623404954
 20
14890.45784465799
 30
0.0
 11
8008.283985815361
 21
14891.102663474228
 31
0.0
  0
LINE
  5
1B7
330
17
100
AcDbEntity
  8
Hachura
 62
7
370
25
100
AcDbLine
 10
8007.959525482148
 20
14891.423514626504
 30
0.0
 11
8009.249370391816
 21
14891.423514626504
 31
0.0
  0
LINE
  5
1B8
330
17
100
AcDbEntity
  8
Hachura
 62
7
370
25
100
AcDbLine
 10
8007.638856040451
 20
14890.78030588541
 30
0.0
 11
8009.573623404954
 21
14889.812922203157
 31
0.0
  0
LINE
  5
1B9
330
17
100
AcDbEntity
  8
Hachura
 62
7
370
25
100
AcDbLine
 10
8009.571831619233
 20
14891.101053377646
 30
0.0
 11
8007.637064254731
 21
14891.101053377646
 31
0.0
  0
LINE
  5
1BA
330
17
100
AcDbEntity
  8
Hachura
 62
7
370
25
100
AcDbLine
 10
8014.167186897078
 20
14879.62314742107
 30
0.0
 11
8006.352525152447
 21
14879.62314742107
 31
0.0
  0
LINE
  5
1BB
330
17
100
AcDbEntity
  8
Hachura
 62
7
370
25
100
AcDbLine
 10
8010.347530376481
 20
14886.3303409492
 30
0.0
 11
8006.993933585617
 21
14886.3303409492
 31
0.0
  0
LINE
  5
1BC
330
17
100
AcDbEntity
  8
Hachura
 62
7
370
25
100
AcDbLine
 10
8010.347530376481
 20
14886.262624091873
 30
0.0
 11
8006.993933585617
 21
14886.262624091873
 31
0.0
  0
LINE
  5
1BD
330
17
100
AcDbEntity
  8
Hachura
 62
7
370
25
100
AcDbLine
 10
8006.7359646379855
 20
14883.105728675031
 30
0.0
 11
8010.60549936699
 21
14883.105728675031
 31
0.0
  0
LINE
  5
1BE
330
17
100
AcDbEntity
  8
Hachura
 62
7
370
25
100
AcDbLine
 10
8002.221507454149
 20
14880.526038855694
 30
0.0
 11
8015.119956550828
 21
14880.526038855694
 31
0.0
  0
LINE
  5
1BF
330
17
100
AcDbEntity
  8
Hachura
 62
7
370
25
100
AcDbLine
 10
8015.119956550828
 20
14879.62314742107
 30
0.0
 11
8002.225049218542
 21
14879.62314742107
 31
0.0
  0
LINE
  5
1C0
330
17
100
AcDbEntity
  8
Hachura
 62
7
370
25
100
AcDbLine
 10
8008.025809547654
 20
14886.3303409492
 30
0.0
 11
8008.025809547654
 21
14883.105728675031
 31
0.0
  0
LINE
  5
1C1
330
17
100
AcDbEntity
  8
Hachura
 62
7
370
25
100
AcDbLine
 10
8006.993933585617
 20
14886.3303409492
 30
0.0
 11
8006.993933585617
 21
14883.105728675031
 31
0.0
  0
LINE
  5
1C2
330
17
100
AcDbEntity
  8
Hachura
 62
7
370
25
100
AcDbLine
 10
8008.670732002488
 20
14880.526038855694
 30
0.0
 11
8006.7359646379855
 21
14880.526038855694
 31
0.0
  0
LINE
  5
1C3
330
17
100
AcDbEntity
  8
Hachura
 62
7
370
25
100
AcDbLine
 10
8007.38088709282
 20
14880.526038855694
 30
0.0
 11
8008.025809547654
 21
14880.526038855694
 31
0.0
  0
LINE
  5
1C4
330
17
100
AcDbEntity
  8
Hachura
 62
7
370
25
100
AcDbLine
 10
8008.665091640127
 20
14880.526038855694
 30
0.0
 11
8008.665091640127
 21
14879.62314742107
 31
0.0
  0
LINE
  5
1C5
330
17
100
AcDbEntity
  8
Hachura
 62
7
370
25
100
AcDbLine
 10
8008.358549948778
 20
14880.526038855694
 30
0.0
 11
8008.358549948778
 21
14882.525198045152
 31
0.0
  0
LINE
  5
1C6
330
17
100
AcDbEntity
  8
Hachura
 62
7
370
25
100
AcDbLine
 10
8008.874487929797
 20
14882.525198045152
 30
0.0
 11
8008.874487929797
 21
14880.526038855694
 31
0.0
  0
LINE
  5
1C7
330
17
100
AcDbEntity
  8
Hachura
 62
7
370
25
100
AcDbLine
 10
8005.630855378756
 20
14880.544313412762
 30
0.0
 11
8005.630855378756
 21
14879.617090737682
 31
0.0
  0
LINE
  5
1C8
330
17
100
AcDbEntity
  8
Hachura
 62
7
370
25
100
AcDbLine
 10
8007.71111636974
 20
14879.773193298994
 30
0.0
 11
8007.71111636974
 21
14880.206261104713
 31
0.0
  0
LINE
  5
1C9
330
17
100
AcDbEntity
  8
Hachura
 62
7
370
25
100
AcDbLine
 10
8006.7359646379855
 20
14880.526038855694
 30
0.0
 11
8006.7359646379855
 21
14883.105728675031
 31
0.0
  0
LINE
  5
1CA
330
17
100
AcDbEntity
  8
Hachura
 62
7
370
25
100
AcDbLine
 10
8007.71111636974
 20
14880.206261104713
 30
0.0
 11
8007.71111636974
 21
14880.418115753828
 31
0.0
  0
LINE
  5
1CB
330
17
100
AcDbEntity
  8
Hachura
 62
7
370
25
100
AcDbLine
 10
8002.225049218542
 20
14879.62314742107
 30
0.0
 11
8002.225049218542
 21
14884.759816003158
 31
0.0
  0
LINE
  5
1CC
330
17
100
AcDbEntity
  8
Hachura
 62
7
370
25
100
AcDbLine
 10
8003.898305828142
 20
14884.782527059742
 30
0.0
 11
8004.479965902196
 21
14882.57221874189
 31
0.0
  0
LINE
  5
1CD
330
17
100
AcDbEntity
  8
Hachura
 62
7
370
25
100
AcDbLine
 10
8002.221507454149
 20
14884.782527059742
 30
0.0
 11
8003.898305828142
 21
14884.782527059742
 31
0.0
  0
LINE
  5
1CE
330
17
100
AcDbEntity
  8
Hachura
 62
7
370
25
100
AcDbLine
 10
8004.79180994057
 20
14882.331821735661
 30
0.0
 11
8006.7359646379855
 21
14882.331821735661
 31
0.0
  0
LINE
  5
1CF
330
17
100
AcDbEntity
  8
Hachura
 62
7
370
25
100
AcDbLine
 10
8002.221507454149
 20
14880.526038855694
 30
0.0
 11
8007.38088709282
 21
14880.526038855694
 31
0.0
  0
LINE
  5
1D0
330
17
100
AcDbEntity
  8
Hachura
 62
7
370
25
100
AcDbLine
 10
8013.443158133957
 20
14884.782527059742
 30
0.0
 11
8012.861498059902
 21
14882.57221874189
 31
0.0
  0
LINE
  5
1D1
330
17
100
AcDbEntity
  8
Hachura
 62
7
370
25
100
AcDbLine
 10
8010.347530376481
 20
14883.105728675031
 30
0.0
 11
8010.347530376481
 21
14886.3303409492
 31
0.0
  0
LINE
  5
1D2
330
17
100
AcDbEntity
  8
Hachura
 62
7
370
25
100
AcDbLine
 10
8009.573623404954
 20
14886.3303409492
 30
0.0
 11
8009.573623404954
 21
14883.105728675031
 31
0.0
  0
LINE
  5
1D3
330
17
100
AcDbEntity
  8
Hachura
 62
7
370
25
100
AcDbLine
 10
8011.696869972966
 20
14880.544313412762
 30
0.0
 11
8011.696869972966
 21
14879.62314742107
 31
0.0
  0
LINE
  5
1D4
330
17
100
AcDbEntity
  8
Hachura
 62
7
370
25
100
AcDbLine
 10
8009.6458837342425
 20
14880.399737836875
 30
0.0
 11
8009.6458837342425
 21
14879.966670041877
 31
0.0
  0
LINE
  5
1D5
330
17
100
AcDbEntity
  8
Hachura
 62
7
370
25
100
AcDbLine
 10
8013.129123577831
 20
14880.544313412762
 30
0.0
 11
8013.129123577831
 21
14879.617090737682
 31
0.0
  0
LINE
  5
1D6
330
17
100
AcDbEntity
  8
Hachura
 62
7
370
25
100
AcDbLine
 10
8010.60549936699
 20
14883.105728675031
 30
0.0
 11
8010.60549936699
 21
14880.526038855694
 31
0.0
  0
LINE
  5
1D7
330
17
100
AcDbEntity
  8
Hachura
 62
7
370
25
100
AcDbLine
 10
8010.60549936699
 20
14883.105728675031
 30
0.0
 11
8010.347530376481
 21
14883.105728675031
 31
0.0
  0
LINE
  5
1D8
330
17
100
AcDbEntity
  8
Hachura
 62
7
370
25
100
AcDbLine
 10
8010.60549936699
 20
14883.105728675031
 30
0.0
 11
8010.347530376481
 21
14883.105728675031
 31
0.0
  0
LINE
  5
1D9
330
17
100
AcDbEntity
  8
Hachura
 62
7
370
25
100
AcDbLine
 10
8012.549654021526
 20
14882.331821735661
 30
0.0
 11
8010.601617443312
 21
14882.331821735661
 31
0.0
  0
LINE
  5
1DA
330
17
100
AcDbEntity
  8
Hachura
 62
7
370
25
100
AcDbLine
 10
8015.119956550828
 20
14880.526038855694
 30
0.0
 11
8015.119956550828
 21
14884.782527059742
 31
0.0
  0
LINE
  5
1DB
330
17
100
AcDbEntity
  8
Hachura
 62
7
370
25
100
AcDbLine
 10
8015.119956550828
 20
14880.526038855694
 30
0.0
 11
8015.119956550828
 21
14879.62314742107
 31
0.0
  0
LINE
  5
1DC
330
17
100
AcDbEntity
  8
Hachura
 62
7
370
25
100
AcDbLine
 10
8013.971625494033
 20
14880.544313412762
 30
0.0
 11
8013.971625494033
 21
14879.617090737682
 31
0.0
  0
LINE
  5
1DD
330
17
100
AcDbEntity
  8
Hachura
 62
7
370
25
100
AcDbLine
 10
8014.435001725892
 20
14880.544313412762
 30
0.0
 11
8014.435001725892
 21
14879.617090737682
 31
0.0
  0
LINE
  5
1DE
330
17
100
AcDbEntity
  8
Hachura
 62
7
370
25
100
AcDbLine
 10
8014.772002458069
 20
14880.544313412762
 30
0.0
 11
8014.772002458069
 21
14879.617090737682
 31
0.0
  0
LINE
  5
1DF
330
17
100
AcDbEntity
  8
Hachura
 62
7
370
25
100
AcDbLine
 10
8014.982628205114
 20
14880.544313412762
 30
0.0
 11
8014.982628205114
 21
14879.617090737682
 31
0.0
  0
LINE
  5
1E0
330
17
100
AcDbEntity
  8
Hachura
 62
7
370
25
100
AcDbLine
 10
8015.119956550828
 20
14884.782527059742
 30
0.0
 11
8013.443158133957
 21
14884.782527059742
 31
0.0
  0
LINE
  5
1E1
330
17
100
AcDbEntity
  8
Hachura
 62
7
370
25
100
AcDbLine
 10
8008.799716457443
 20
14886.3303409492
 30
0.0
 11
8007.532769904477
 21
14886.963814232027
 31
0.0
  0
LINE
  5
1E2
330
17
100
AcDbEntity
  8
Hachura
 62
7
370
25
100
AcDbLine
 10
8008.541747479624
 20
14886.3303409492
 30
0.0
 11
8007.638856036853
 21
14886.781786670585
 31
0.0
  0
LINE
  5
1E3
330
17
100
AcDbEntity
  8
Hachura
 62
7
370
25
100
AcDbLine
 10
8007.638856036852
 20
14886.3303409492
 30
0.0
 11
8007.638856036852
 21
14886.781786670585
 31
0.0
  0
LINE
  5
1E4
330
17
100
AcDbEntity
  8
Hachura
 62
7
370
25
100
AcDbLine
 10
8004.215882191539
 20
14880.544313412762
 30
0.0
 11
8004.215882191539
 21
14879.617090737682
 31
0.0
  0
LINE
  5
1E5
330
17
100
AcDbEntity
  8
Hachura
 62
7
370
25
100
AcDbLine
 10
8003.373380275337
 20
14880.544313412762
 30
0.0
 11
8003.373380275337
 21
14879.617090737682
 31
0.0
  0
LINE
  5
1E6
330
17
100
AcDbEntity
  8
Hachura
 62
7
370
25
100
AcDbLine
 10
8002.910004043478
 20
14880.544313412762
 30
0.0
 11
8002.910004043478
 21
14879.617090737682
 31
0.0
  0
LINE
  5
1E7
330
17
100
AcDbEntity
  8
Hachura
 62
7
370
25
100
AcDbLine
 10
8002.5730033113
 20
14880.544313412762
 30
0.0
 11
8002.5730033113
 21
14879.617090737682
 31
0.0
  0
LINE
  5
1E8
330
17
100
AcDbEntity
  8
Hachura
 62
7
370
25
100
AcDbLine
 10
8002.362377564255
 20
14880.544313412762
 30
0.0
 11
8002.362377564255
 21
14879.617090737682
 31
0.0
  0
LINE
  5
1E9
330
17
100
AcDbEntity
  8
Hachura
 62
7
370
25
100
AcDbLine
 10
8007.639478304588
 20
14745.626849449034
 30
0.0
 11
8007.639478304588
 21
14744.9819269942
 31
0.0
  0
LINE
  5
1EA
330
17
100
AcDbEntity
  8
Hachura
 62
7
370
25
100
AcDbLine
 10
8007.639478304588
 20
14744.465989034621
 30
0.0
 11
8009.5742456690905
 21
14745.433372716874
 31
0.0
  0
LINE
  5
1EB
330
17
100
AcDbEntity
  8
Hachura
 62
7
370
25
100
AcDbLine
 10
8007.566794973742
 20
14744.558631875172
 30
0.0
 11
8009.7324077313
 21
14745.641438211072
 31
0.0
  0
LINE
  5
1EC
330
17
100
AcDbEntity
  8
Hachura
 62
7
370
25
100
AcDbLine
 10
8009.673969840877
 20
14745.87018828853
 30
0.0
 11
8007.533392172212
 21
14744.799899432759
 31
0.0
  0
LINE
  5
1ED
330
17
100
AcDbEntity
  8
Hachura
 62
7
370
25
100
AcDbLine
 10
8009.5742456690905
 20
14745.94931067645
 30
0.0
 11
8007.639478304588
 21
14744.9819269942
 31
0.0
  0
LINE
  5
1EE
330
17
100
AcDbEntity
  8
Hachura
 62
7
370
25
100
AcDbLine
 10
8009.5742456690905
 20
14746.594233131284
 30
0.0
 11
8009.5742456690905
 21
14745.94931067645
 31
0.0
  0
LINE
  5
1EF
330
17
100
AcDbEntity
  8
Hachura
 62
7
370
25
100
AcDbLine
 10
8009.5742456690905
 20
14748.271031515997
 30
0.0
 11
8009.5742456690905
 21
14748.91595397083
 31
0.0
  0
LINE
  5
1F0
330
17
100
AcDbEntity
  8
Hachura
 62
7
370
25
100
AcDbLine
 10
8009.5742456690905
 20
14747.322025750702
 30
0.0
 11
8009.5742456690905
 21
14747.110171101585
 31
0.0
  0
LINE
  5
1F1
330
17
100
AcDbEntity
  8
Hachura
 62
7
370
25
100
AcDbLine
 10
8009.5742456690905
 20
14747.322025750702
 30
0.0
 11
8009.5742456690905
 21
14747.755093556416
 31
0.0
  0
LINE
  5
1F2
330
17
100
AcDbEntity
  8
Hachura
 62
7
370
25
100
AcDbLine
 10
8007.639478304588
 20
14746.787709874166
 30
0.0
 11
8007.639478304588
 21
14746.142787419332
 31
0.0
  0
LINE
  5
1F3
330
17
100
AcDbEntity
  8
Hachura
 62
7
370
25
100
AcDbLine
 10
8007.639478304588
 20
14747.948570288581
 30
0.0
 11
8007.639478304588
 21
14747.303647833747
 31
0.0
  0
LINE
  5
1F4
330
17
100
AcDbEntity
  8
Hachura
 62
7
370
25
100
AcDbLine
 10
8007.639478304588
 20
14745.626849449034
 30
0.0
 11
8009.5742456690905
 21
14746.594233131284
 31
0.0
  0
LINE
  5
1F5
330
17
100
AcDbEntity
  8
Hachura
 62
7
370
25
100
AcDbLine
 10
8007.566794973742
 20
14745.719492300304
 30
0.0
 11
8009.7324077313
 21
14746.802298636205
 31
0.0
  0
LINE
  5
1F6
330
17
100
AcDbEntity
  8
Hachura
 62
7
370
25
100
AcDbLine
 10
8009.673969840877
 20
14747.03104870294
 30
0.0
 11
8007.533392172212
 21
14745.960759857891
 31
0.0
  0
LINE
  5
1F7
330
17
100
AcDbEntity
  8
Hachura
 62
7
370
25
100
AcDbLine
 10
8009.5742456690905
 20
14747.110171101585
 30
0.0
 11
8007.639478304588
 21
14746.142787419332
 31
0.0
  0
LINE
  5
1F8
330
17
100
AcDbEntity
  8
Hachura
 62
7
370
25
100
AcDbLine
 10
8007.639478304588
 20
14747.948570288581
 30
0.0
 11
8009.5742456690905
 21
14748.91595397083
 31
0.0
  0
LINE
  5
1F9
330
17
100
AcDbEntity
  8
Hachura
 62
7
370
25
100
AcDbLine
 10
8007.639478304588
 20
14746.787709874166
 30
0.0
 11
8009.5742456690905
 21
14747.755093556416
 31
0.0
  0
LINE
  5
1FA
330
17
100
AcDbEntity
  8
Hachura
 62
7
370
25
100
AcDbLine
 10
8007.566794973742
 20
14746.88035271472
 30
0.0
 11
8009.7324077313
 21
14747.96315905062
 31
0.0
  0
LINE
  5
1FB
330
17
100
AcDbEntity
  8
Hachura
 62
7
370
25
100
AcDbLine
 10
8009.673969840877
 20
14748.191909117355
 30
0.0
 11
8007.533392172212
 21
14747.121620272306
 31
0.0
  0
LINE
  5
1FC
330
17
100
AcDbEntity
  8
Hachura
 62
7
370
25
100
AcDbLine
 10
8009.5742456690905
 20
14748.271031515997
 30
0.0
 11
8007.639478304588
 21
14747.303647833747
 31
0.0
  0
LINE
  5
1FD
330
17
100
AcDbEntity
  8
Hachura
 62
7
370
25
100
AcDbLine
 10
8009.316483998656
 20
14744.143631445802
 30
0.0
 11
8009.5742456690905
 21
14744.27251230246
 31
0.0
  0
LINE
  5
1FE
330
17
100
AcDbEntity
  8
Hachura
 62
7
370
25
100
AcDbLine
 10
8009.058515008146
 20
14744.143631445802
 30
0.0
 11
8009.7324077313
 21
14744.48057780738
 31
0.0
  0
LINE
  5
1FF
330
17
100
AcDbEntity
  8
Hachura
 62
7
370
25
100
AcDbLine
 10
8009.5742456690905
 20
14744.27251230246
 30
0.0
 11
8009.5742456690905
 21
14744.143631445802
 31
0.0
  0
LINE
  5
200
330
17
100
AcDbEntity
  8
Hachura
 62
7
370
25
100
AcDbLine
 10
8009.57245388337
 20
14744.145241542385
 30
0.0
 11
8009.249992655953
 21
14743.822780293527
 31
0.0
  0
LINE
  5
201
330
17
100
AcDbEntity
  8
Hachura
 62
7
370
25
100
AcDbLine
 10
8009.5742456690905
 20
14744.78845026204
 30
0.0
 11
8009.5742456690905
 21
14745.433372716874
 31
0.0
  0
LINE
  5
202
330
17
100
AcDbEntity
  8
Hachura
 62
7
370
25
100
AcDbLine
 10
8007.639478304588
 20
14744.465989034621
 30
0.0
 11
8007.639478304588
 21
14744.143631445802
 31
0.0
  0
LINE
  5
203
330
17
100
AcDbEntity
  8
Hachura
 62
7
370
25
100
AcDbLine
 10
8007.637601018097
 20
14744.145241520946
 30
0.0
 11
8007.637601018097
 21
14744.14531893902
 31
0.0
  0
LINE
  5
204
330
17
100
AcDbEntity
  8
Hachura
 62
7
370
25
100
AcDbLine
 10
8007.637601018097
 20
14744.145241520946
 30
0.0
 11
8007.960147746285
 21
14743.822780293527
 31
0.0
  0
LINE
  5
205
330
17
100
AcDbEntity
  8
Hachura
 62
7
370
25
100
AcDbLine
 10
8007.639478304588
 20
14746.35464207917
 30
0.0
 11
8007.639478304588
 21
14746.142787430055
 31
0.0
  0
LINE
  5
206
330
17
100
AcDbEntity
  8
Hachura
 62
7
370
25
100
AcDbLine
 10
8009.673969840877
 20
14744.709327874116
 30
0.0
 11
8008.542577027129
 21
14744.143631445802
 31
0.0
  0
LINE
  5
207
330
17
100
AcDbEntity
  8
Hachura
 62
7
370
25
100
AcDbLine
 10
8009.5742456690905
 20
14744.78845026204
 30
0.0
 11
8008.284608079498
 21
14744.143631445802
 31
0.0
  0
LINE
  5
208
330
17
100
AcDbEntity
  8
Hachura
 62
7
370
25
100
AcDbLine
 10
8007.960147746285
 20
14743.822780293527
 30
0.0
 11
8009.249992655953
 21
14743.822780293527
 31
0.0
  0
LINE
  5
209
330
17
100
AcDbEntity
  8
Hachura
 62
7
370
25
100
AcDbLine
 10
8007.639478304588
 20
14744.465989034621
 30
0.0
 11
8009.5742456690905
 21
14745.433372716874
 31
0.0
  0
LINE
  5
20A
330
17
100
AcDbEntity
  8
Hachura
 62
7
370
25
100
AcDbLine
 10
8009.57245388337
 20
14744.145241542385
 30
0.0
 11
8007.637686518868
 21
14744.145241542385
 31
0.0
  0
LINE
  5
20B
330
17
100
AcDbEntity
  8
Hachura
 62
7
370
25
100
AcDbLine
 10
8014.167809161215
 20
14755.62314749896
 30
0.0
 11
8006.353147416584
 21
14755.62314749896
 31
0.0
  0
LINE
  5
20C
330
17
100
AcDbEntity
  8
Hachura
 62
7
370
25
100
AcDbLine
 10
8010.348152640618
 20
14748.91595397083
 30
0.0
 11
8006.994555849754
 21
14748.91595397083
 31
0.0
  0
LINE
  5
20D
330
17
100
AcDbEntity
  8
Hachura
 62
7
370
25
100
AcDbLine
 10
8010.348152640618
 20
14748.983670828158
 30
0.0
 11
8006.994555849754
 21
14748.983670828158
 31
0.0
  0
LINE
  5
20E
330
17
100
AcDbEntity
  8
Hachura
 62
7
370
25
100
AcDbLine
 10
8006.736586902122
 20
14752.140566245
 30
0.0
 11
8010.606121631127
 21
14752.140566245
 31
0.0
  0
LINE
  5
20F
330
17
100
AcDbEntity
  8
Hachura
 62
7
370
25
100
AcDbLine
 10
8002.222129718286
 20
14754.720256064336
 30
0.0
 11
8015.120578814965
 21
14754.720256064336
 31
0.0
  0
LINE
  5
210
330
17
100
AcDbEntity
  8
Hachura
 62
7
370
25
100
AcDbLine
 10
8015.120578814965
 20
14755.62314749896
 30
0.0
 11
8002.225671482679
 21
14755.62314749896
 31
0.0
  0
LINE
  5
211
330
17
100
AcDbEntity
  8
Hachura
 62
7
370
25
100
AcDbLine
 10
8008.026431811791
 20
14748.91595397083
 30
0.0
 11
8008.026431811791
 21
14752.140566245
 31
0.0
  0
LINE
  5
212
330
17
100
AcDbEntity
  8
Hachura
 62
7
370
25
100
AcDbLine
 10
8006.994555849754
 20
14748.91595397083
 30
0.0
 11
8006.994555849754
 21
14752.140566245
 31
0.0
  0
LINE
  5
213
330
17
100
AcDbEntity
  8
Hachura
 62
7
370
25
100
AcDbLine
 10
8008.671354266625
 20
14754.720256064336
 30
0.0
 11
8006.736586902122
 21
14754.720256064336
 31
0.0
  0
LINE
  5
214
330
17
100
AcDbEntity
  8
Hachura
 62
7
370
25
100
AcDbLine
 10
8007.3815093569565
 20
14754.720256064336
 30
0.0
 11
8008.026431811791
 21
14754.720256064336
 31
0.0
  0
LINE
  5
215
330
17
100
AcDbEntity
  8
Hachura
 62
7
370
25
100
AcDbLine
 10
8008.665713904264
 20
14754.720256064336
 30
0.0
 11
8008.665713904264
 21
14755.62314749896
 31
0.0
  0
LINE
  5
216
330
17
100
AcDbEntity
  8
Hachura
 62
7
370
25
100
AcDbLine
 10
8008.359172212915
 20
14754.720256064336
 30
0.0
 11
8008.359172212915
 21
14752.721096874879
 31
0.0
  0
LINE
  5
217
330
17
100
AcDbEntity
  8
Hachura
 62
7
370
25
100
AcDbLine
 10
8008.875110193934
 20
14752.721096874879
 30
0.0
 11
8008.875110193934
 21
14754.720256064336
 31
0.0
  0
LINE
  5
218
330
17
100
AcDbEntity
  8
Hachura
 62
7
370
25
100
AcDbLine
 10
8005.631477642893
 20
14754.701981507269
 30
0.0
 11
8005.631477642893
 21
14755.629204182349
 31
0.0
  0
LINE
  5
219
330
17
100
AcDbEntity
  8
Hachura
 62
7
370
25
100
AcDbLine
 10
8007.711738633877
 20
14755.473101621037
 30
0.0
 11
8007.711738633877
 21
14755.040033815318
 31
0.0
  0
LINE
  5
21A
330
17
100
AcDbEntity
  8
Hachura
 62
7
370
25
100
AcDbLine
 10
8006.736586902122
 20
14754.720256064336
 30
0.0
 11
8006.736586902122
 21
14752.140566245
 31
0.0
  0
LINE
  5
21B
330
17
100
AcDbEntity
  8
Hachura
 62
7
370
25
100
AcDbLine
 10
8007.711738633877
 20
14755.040033815318
 30
0.0
 11
8007.711738633877
 21
14754.828179166203
 31
0.0
  0
LINE
  5
21C
330
17
100
AcDbEntity
  8
Hachura
 62
7
370
25
100
AcDbLine
 10
8002.225671482679
 20
14755.62314749896
 30
0.0
 11
8002.225671482679
 21
14750.486478916873
 31
0.0
  0
LINE
  5
21D
330
17
100
AcDbEntity
  8
Hachura
 62
7
370
25
100
AcDbLine
 10
8003.898928092279
 20
14750.463767860288
 30
0.0
 11
8004.480588166333
 21
14752.67407617814
 31
0.0
  0
LINE
  5
21E
330
17
100
AcDbEntity
  8
Hachura
 62
7
370
25
100
AcDbLine
 10
8002.222129718286
 20
14750.463767860288
 30
0.0
 11
8003.898928092279
 21
14750.463767860288
 31
0.0
  0
LINE
  5
21F
330
17
100
AcDbEntity
  8
Hachura
 62
7
370
25
100
AcDbLine
 10
8004.7924322047065
 20
14752.91447318437
 30
0.0
 11
8006.736586902122
 21
14752.91447318437
 31
0.0
  0
LINE
  5
220
330
17
100
AcDbEntity
  8
Hachura
 62
7
370
25
100
AcDbLine
 10
8002.222129718286
 20
14754.720256064336
 30
0.0
 11
8007.3815093569565
 21
14754.720256064336
 31
0.0
  0
LINE
  5
221
330
17
100
AcDbEntity
  8
Hachura
 62
7
370
25
100
AcDbLine
 10
8013.443780398094
 20
14750.463767860288
 30
0.0
 11
8012.862120324039
 21
14752.67407617814
 31
0.0
  0
LINE
  5
222
330
17
100
AcDbEntity
  8
Hachura
 62
7
370
25
100
AcDbLine
 10
8010.348152640618
 20
14752.140566245
 30
0.0
 11
8010.348152640618
 21
14748.91595397083
 31
0.0
  0
LINE
  5
223
330
17
100
AcDbEntity
  8
Hachura
 62
7
370
25
100
AcDbLine
 10
8009.5742456690905
 20
14748.91595397083
 30
0.0
 11
8009.5742456690905
 21
14752.140566245
 31
0.0
  0
LINE
  5
224
330
17
100
AcDbEntity
  8
Hachura
 62
7
370
25
100
AcDbLine
 10
8011.697492237103
 20
14754.701981507269
 30
0.0
 11
8011.697492237103
 21
14755.62314749896
 31
0.0
  0
LINE
  5
225
330
17
100
AcDbEntity
  8
Hachura
 62
7
370
25
100
AcDbLine
 10
8009.646505998379
 20
14754.846557083156
 30
0.0
 11
8009.646505998379
 21
14755.279624878154
 31
0.0
  0
LINE
  5
226
330
17
100
AcDbEntity
  8
Hachura
 62
7
370
25
100
AcDbLine
 10
8013.129745841968
 20
14754.701981507269
 30
0.0
 11
8013.129745841968
 21
14755.629204182349
 31
0.0
  0
LINE
  5
227
330
17
100
AcDbEntity
  8
Hachura
 62
7
370
25
100
AcDbLine
 10
8010.606121631127
 20
14752.140566245
 30
0.0
 11
8010.606121631127
 21
14754.720256064336
 31
0.0
  0
LINE
  5
228
330
17
100
AcDbEntity
  8
Hachura
 62
7
370
25
100
AcDbLine
 10
8010.606121631127
 20
14752.140566245
 30
0.0
 11
8010.348152640618
 21
14752.140566245
 31
0.0
  0
LINE
  5
229
330
17
100
AcDbEntity
  8
Hachura
 62
7
370
25
100
AcDbLine
 10
8010.606121631127
 20
14752.140566245
 30
0.0
 11
8010.348152640618
 21
14752.140566245
 31
0.0
  0
LINE
  5
22A
330
17
100
AcDbEntity
  8
Hachura
 62
7
370
25
100
AcDbLine
 10
8012.550276285663
 20
14752.91447318437
 30
0.0
 11
8010.6022397074485
 21
14752.91447318437
 31
0.0
  0
LINE
  5
22B
330
17
100
AcDbEntity
  8
Hachura
 62
7
370
25
100
AcDbLine
 10
8015.120578814965
 20
14754.720256064336
 30
0.0
 11
8015.120578814965
 21
14750.463767860288
 31
0.0
  0
LINE
  5
22C
330
17
100
AcDbEntity
  8
Hachura
 62
7
370
25
100
AcDbLine
 10
8015.120578814965
 20
14754.720256064336
 30
0.0
 11
8015.120578814965
 21
14755.62314749896
 31
0.0
  0
LINE
  5
22D
330
17
100
AcDbEntity
  8
Hachura
 62
7
370
25
100
AcDbLine
 10
8013.97224775817
 20
14754.701981507269
 30
0.0
 11
8013.97224775817
 21
14755.629204182349
 31
0.0
  0
LINE
  5
22E
330
17
100
AcDbEntity
  8
Hachura
 62
7
370
25
100
AcDbLine
 10
8014.435623990029
 20
14754.701981507269
 30
0.0
 11
8014.435623990029
 21
14755.629204182349
 31
0.0
  0
LINE
  5
22F
330
17
100
AcDbEntity
  8
Hachura
 62
7
370
25
100
AcDbLine
 10
8014.772624722206
 20
14754.701981507269
 30
0.0
 11
8014.772624722206
 21
14755.629204182349
 31
0.0
  0
LINE
  5
230
330
17
100
AcDbEntity
  8
Hachura
 62
7
370
25
100
AcDbLine
 10
8014.983250469251
 20
14754.701981507269
 30
0.0
 11
8014.983250469251
 21
14755.629204182349
 31
0.0
  0
LINE
  5
231
330
17
100
AcDbEntity
  8
Hachura
 62
7
370
25
100
AcDbLine
 10
8015.120578814965
 20
14750.463767860288
 30
0.0
 11
8013.443780398094
 21
14750.463767860288
 31
0.0
  0
LINE
  5
232
330
17
100
AcDbEntity
  8
Hachura
 62
7
370
25
100
AcDbLine
 10
8008.8003387215795
 20
14748.91595397083
 30
0.0
 11
8007.533392168614
 21
14748.282480688003
 31
0.0
  0
LINE
  5
233
330
17
100
AcDbEntity
  8
Hachura
 62
7
370
25
100
AcDbLine
 10
8008.542369743761
 20
14748.91595397083
 30
0.0
 11
8007.63947830099
 21
14748.464508249446
 31
0.0
  0
LINE
  5
234
330
17
100
AcDbEntity
  8
Hachura
 62
7
370
25
100
AcDbLine
 10
8007.639478300989
 20
14748.91595397083
 30
0.0
 11
8007.639478300989
 21
14748.464508249446
 31
0.0
  0
LINE
  5
235
330
17
100
AcDbEntity
  8
Hachura
 62
7
370
25
100
AcDbLine
 10
8004.216504455676
 20
14754.701981507269
 30
0.0
 11
8004.216504455676
 21
14755.629204182349
 31
0.0
  0
LINE
  5
236
330
17
100
AcDbEntity
  8
Hachura
 62
7
370
25
100
AcDbLine
 10
8003.374002539474
 20
14754.701981507269
 30
0.0
 11
8003.374002539474
 21
14755.629204182349
 31
0.0
  0
LINE
  5
237
330
17
100
AcDbEntity
  8
Hachura
 62
7
370
25
100
AcDbLine
 10
8002.910626307615
 20
14754.701981507269
 30
0.0
 11
8002.910626307615
 21
14755.629204182349
 31
0.0
  0
LINE
  5
238
330
17
100
AcDbEntity
  8
Hachura
 62
7
370
25
100
AcDbLine
 10
8002.573625575437
 20
14754.701981507269
 30
0.0
 11
8002.573625575437
 21
14755.629204182349
 31
0.0
  0
LINE
  5
239
330
17
100
AcDbEntity
  8
Hachura
 62
7
370
25
100
AcDbLine
 10
8002.362999828392
 20
14754.701981507269
 30
0.0
 11
8002.362999828392
 21
14755.629204182349
 31
0.0
  0
LINE
  5
23A
330
17
100
AcDbEntity
  8
Hachura
 62
7
370
25
100
AcDbLine
 10
8008.672242467977
 20
14890.42351462648
 30
0.0
 11
8008.663701257102
 21
14748.62314749896
 31
0.0
  0
LINE
  5
23B
330
17
100
AcDbEntity
  8
Madeira
 62
7
370
25
100
AcDbLine
 10
8076.687883281628
 20
14775.60778397178
 30
0.0
 11
8088.188331327346
 21
14789.62041989417
 31
0.0
  0
LINE
  5
23C
330
17
100
AcDbEntity
  8
Madeira
 62
7
370
25
100
AcDbLine
 10
8076.687883281628
 20
14775.60778397178
 30
0.0
 11
8080.156376216892
 21
14789.611600813589
 31
0.0
  0
LINE
  5
23D
330
17
100
AcDbEntity
  8
Madeira
 62
7
370
25
100
AcDbLine
 10
8076.687883281628
 20
14775.60778397178
 30
0.0
 11
8090.681915704102
 21
14781.050425951355
 31
0.0
  0
LINE
  5
23E
330
17
100
AcDbEntity
  8
Madeira
 62
7
370
25
100
AcDbLine
 10
7940.694855287599
 20
14775.62690716178
 30
0.0
 11
7929.163663281784
 21
14789.614254360973
 31
0.0
  0
LINE
  5
23F
330
17
100
AcDbEntity
  8
Madeira
 62
7
370
25
100
AcDbLine
 10
7940.694855287599
 20
14775.62690716178
 30
0.0
 11
7937.1956183922375
 21
14789.623073441553
 31
0.0
  0
LINE
  5
240
330
17
100
AcDbEntity
  8
Madeira
 62
7
370
25
100
AcDbLine
 10
7940.694855287599
 20
14775.62690716178
 30
0.0
 11
7926.68890458849
 21
14781.038805181257
 31
0.0
  0
LINE
  5
241
330
17
100
AcDbEntity
  8
Madeira
 62
7
370
25
100
AcDbLine
 10
7986.187972793953
 20
14775.61537821605
 30
0.0
 11
7979.181654839895
 21
14781.365602233052
 31
0.0
  0
LINE
  5
242
330
17
100
AcDbEntity
  8
Madeira
 62
7
370
25
100
AcDbLine
 10
7986.187972793953
 20
14775.61537821605
 30
0.0
 11
7979.186064380181
 21
14777.349624681916
 31
0.0
  0
LINE
  5
243
330
17
100
AcDbEntity
  8
Madeira
 62
7
370
25
100
AcDbLine
 10
7986.187972793953
 20
14775.61537821605
 30
0.0
 11
7980.745330819923
 21
14789.60941062427
 31
0.0
  0
LINE
  5
244
330
17
100
AcDbEntity
  8
Madeira
 62
7
370
25
100
AcDbLine
 10
8038.18793963328
 20
14775.61537821605
 30
0.0
 11
8031.181621679221
 21
14781.365602233052
 31
0.0
  0
LINE
  5
245
330
17
100
AcDbEntity
  8
Madeira
 62
7
370
25
100
AcDbLine
 10
8038.18793963328
 20
14775.61537821605
 30
0.0
 11
8031.186031219508
 21
14777.349624681916
 31
0.0
  0
LINE
  5
246
330
17
100
AcDbEntity
  8
Madeira
 62
7
370
25
100
AcDbLine
 10
8038.18793963328
 20
14775.61537821605
 30
0.0
 11
8032.745297659249
 21
14789.60941062427
 31
0.0
  0
LINE
  5
247
330
17
100
AcDbEntity
  8
Madeira
 62
7
370
25
100
AcDbLine
 10
8076.687883281628
 20
14859.63851089289
 30
0.0
 11
8088.188331327346
 21
14845.6258749705
 31
0.0
  0
LINE
  5
248
330
17
100
AcDbEntity
  8
Madeira
 62
7
370
25
100
AcDbLine
 10
8076.687883281628
 20
14859.63851089289
 30
0.0
 11
8080.156376216892
 21
14845.634694051081
 31
0.0
  0
LINE
  5
249
330
17
100
AcDbEntity
  8
Madeira
 62
7
370
25
100
AcDbLine
 10
8076.687883281628
 20
14859.63851089289
 30
0.0
 11
8090.681915704102
 21
14854.195868913315
 31
0.0
  0
LINE
  5
24A
330
17
100
AcDbEntity
  8
Madeira
 62
7
370
25
100
AcDbLine
 10
7940.694855287599
 20
14859.6193877029
 30
0.0
 11
7929.163663281784
 21
14845.632040503708
 31
0.0
  0
LINE
  5
24B
330
17
100
AcDbEntity
  8
Madeira
 62
7
370
25
100
AcDbLine
 10
7940.694855287599
 20
14859.6193877029
 30
0.0
 11
7937.1956183922375
 21
14845.623221423128
 31
0.0
  0
LINE
  5
24C
330
17
100
AcDbEntity
  8
Madeira
 62
7
370
25
100
AcDbLine
 10
7940.694855287599
 20
14859.6193877029
 30
0.0
 11
7926.68890458849
 21
14854.207489683424
 31
0.0
  0
LINE
  5
24D
330
17
100
AcDbEntity
  8
Madeira
 62
7
370
25
100
AcDbLine
 10
7986.187972793953
 20
14859.63091664863
 30
0.0
 11
7979.181654839895
 21
14853.880692631628
 31
0.0
  0
LINE
  5
24E
330
17
100
AcDbEntity
  8
Madeira
 62
7
370
25
100
AcDbLine
 10
7986.187972793953
 20
14859.63091664863
 30
0.0
 11
7979.186064380181
 21
14857.896670182765
 31
0.0
  0
LINE
  5
24F
330
17
100
AcDbEntity
  8
Madeira
 62
7
370
25
100
AcDbLine
 10
7986.187972793953
 20
14859.63091664863
 30
0.0
 11
7980.745330819923
 21
14845.63688424041
 31
0.0
  0
LINE
  5
250
330
17
100
AcDbEntity
  8
Madeira
 62
7
370
25
100
AcDbLine
 10
8038.18793963328
 20
14859.63091664863
 30
0.0
 11
8031.181621679221
 21
14853.880692631628
 31
0.0
  0
LINE
  5
251
330
17
100
AcDbEntity
  8
Madeira
 62
7
370
25
100
AcDbLine
 10
8038.18793963328
 20
14859.63091664863
 30
0.0
 11
8031.186031219508
 21
14857.896670182765
 31
0.0
  0
LINE
  5
252
330
17
100
AcDbEntity
  8
Madeira
 62
7
370
25
100
AcDbLine
 10
8038.18793963328
 20
14859.63091664863
 30
0.0
 11
8032.745297659249
 21
14845.63688424041
 31
0.0
  0
LINE
  5
253
330
17
100
AcDbEntity
  8
SARR_2.2x7
 62
7
370
25
100
AcDbLine
 10
8894.64818318429
 20
14746.95998415363
 30
0.0
 11
8894.648183184316
 21
14651.95998415363
 31
0.0
  0
LINE
  5
254
330
17
100
AcDbEntity
  8
SARR_2.2x7
 62
7
370
25
100
AcDbLine
 10
8894.648183184312
 20
14651.95998415363
 30
0.0
 11
8894.64818318437
 21
14404.95998415363
 31
0.0
  0
LINE
  5
255
330
17
100
AcDbEntity
  8
SARR_2.2x7
 62
7
370
25
100
AcDbLine
 10
8884.648183184385
 20
14746.95998415363
 30
0.0
 11
8884.648183184365
 21
14651.95998415363
 31
0.0
  0
LINE
  5
256
330
17
100
AcDbEntity
  8
SARR_2.2x7
 62
7
370
25
100
AcDbLine
 10
8884.648183184365
 20
14651.95998415363
 30
0.0
 11
8884.648183184312
 21
14404.95998415363
 31
0.0
  0
LINE
  5
257
330
17
100
AcDbEntity
  8
Painéis
 62
7
370
25
100
AcDbLine
 10
8877.648183184341
 20
14404.95998415363
 30
0.0
 11
8901.64818318434
 21
14404.95998415363
 31
0.0
  0
LINE
  5
258
330
17
100
AcDbEntity
  8
Painéis
 62
7
370
25
100
AcDbLine
 10
8901.64818318434
 20
14404.95998415363
 30
0.0
 11
8901.648183184338
 21
14746.95998415363
 31
0.0
  0
LINE
  5
259
330
17
100
AcDbEntity
  8
Painéis
 62
7
370
25
100
AcDbLine
 10
8877.648183184341
 20
14746.95998415363
 30
0.0
 11
8877.648183184341
 21
14404.95998415363
 31
0.0
  0
LINE
  5
25A
330
17
100
AcDbEntity
  8
SARR_2.2x7
 62
7
370
25
100
AcDbLine
 10
9058.431874390279
 20
14746.95998415363
 30
0.0
 11
9058.431874390302
 21
14651.95998415363
 31
0.0
  0
LINE
  5
25B
330
17
100
AcDbEntity
  8
SARR_2.2x7
 62
7
370
25
100
AcDbLine
 10
9058.431874390299
 20
14651.95998415363
 30
0.0
 11
9058.431874390357
 21
14404.95998415363
 31
0.0
  0
LINE
  5
25C
330
17
100
AcDbEntity
  8
SARR_2.2x7
 62
7
370
25
100
AcDbLine
 10
9048.431874390371
 20
14746.95998415363
 30
0.0
 11
9048.431874390351
 21
14651.95998415363
 31
0.0
  0
LINE
  5
25D
330
17
100
AcDbEntity
  8
SARR_2.2x7
 62
7
370
25
100
AcDbLine
 10
9048.431874390351
 20
14651.95998415363
 30
0.0
 11
9048.431874390299
 21
14404.95998415363
 31
0.0
  0
LINE
  5
25E
330
17
100
AcDbEntity
  8
Painéis
 62
7
370
25
100
AcDbLine
 10
9041.431874390328
 20
14404.95998415363
 30
0.0
 11
9065.431874390328
 21
14404.95998415363
 31
0.0
  0
LINE
  5
25F
330
17
100
AcDbEntity
  8
Painéis
 62
7
370
25
100
AcDbLine
 10
9065.431874390328
 20
14404.95998415363
 30
0.0
 11
9065.431874390326
 21
14746.95998415363
 31
0.0
  0
LINE
  5
260
330
17
100
AcDbEntity
  8
Painéis
 62
7
370
25
100
AcDbLine
 10
9041.431874390328
 20
14746.95998415363
 30
0.0
 11
9041.431874390328
 21
14404.95998415363
 31
0.0
  0
LINE
  5
261
330
17
100
AcDbEntity
  8
COTA
 62
7
370
25
100
AcDbLine
 10
8525.069130296633
 20
14746.95998415367
 30
0.0
 11
8525.069130296599
 21
14810.95998415367
 31
0.0
  0
LINE
  5
262
330
17
100
AcDbEntity
  8
COTA
 62
7
370
25
100
AcDbLine
 10
8443.069130296817
 20
14746.95998415363
 30
0.0
 11
8443.069130296817
 21
14810.95998415363
 31
0.0
  0
LINE
  5
263
330
17
100
AcDbEntity
  8
SARR_2.2x7
 62
7
370
25
100
AcDbLine
 10
8669.798174044365
 20
14404.95998415363
 30
0.0
 11
8669.798174044365
 21
14526.95998415363
 31
0.0
  0
LINE
  5
264
330
17
100
AcDbEntity
  8
SARR_2.2x7
 62
7
370
25
100
AcDbLine
 10
8669.798174044248
 20
14526.95998415364
 30
0.0
 11
8669.798174044294
 21
14651.95998415362
 31
0.0
  0
LINE
  5
265
330
17
100
AcDbEntity
  8
SARR_2.2x7
 62
7
370
25
100
AcDbLine
 10
8737.798174044305
 20
14404.95998415364
 30
0.0
 11
8737.798174044305
 21
14526.95998415363
 31
0.0
  0
LINE
  5
266
330
17
100
AcDbEntity
  8
SARR_2.2x7
 62
7
370
25
100
AcDbLine
 10
8737.79817404419
 20
14526.95998415364
 30
0.0
 11
8737.798174044274
 21
14651.95998415362
 31
0.0
  0
LINE
  5
267
330
17
100
AcDbEntity
  8
SARR_2.2x7
 62
7
370
25
100
AcDbLine
 10
8669.798174044365
 20
14404.95998415363
 30
0.0
 11
8669.798174044365
 21
14404.95998415365
 31
0.0
  0
LINE
  5
268
330
17
100
AcDbEntity
  8
SARR_2.2x7
 62
7
370
25
100
AcDbLine
 10
8737.798174044305
 20
14404.95998415364
 30
0.0
 11
8737.798174044305
 21
14404.95998415363
 31
0.0
  0
LINE
  5
269
330
17
100
AcDbEntity
  8
COTA
 62
7
370
25
100
AcDbLine
 10
8744.798174044143
 20
14810.95998415363
 30
0.0
 11
8662.798174044365
 21
14810.95998415363
 31
0.0
  0
LINE
  5
26A
330
17
100
AcDbEntity
  8
Painéis
 62
7
370
25
100
AcDbLine
 10
8744.798174044365
 20
14402.95998415312
 30
0.0
 11
8744.79817404418
 21
14746.95998415367
 31
0.0
  0
LINE
  5
26B
330
17
100
AcDbEntity
  8
Painéis
 62
7
370
25
100
AcDbLine
 10
8662.798174044365
 20
14746.95998415363
 30
0.0
 11
8662.798174044361
 21
14402.95998415315
 31
0.0
  0
LINE
  5
26C
330
17
100
AcDbEntity
  8
Painéis
 62
7
370
25
100
AcDbLine
 10
8662.798174044361
 20
14404.95998415363
 30
0.0
 11
8744.798174044365
 21
14404.95998415363
 31
0.0
  0
LINE
  5
26D
330
17
100
AcDbEntity
  8
Painéis
 62
7
370
25
100
AcDbLine
 10
8662.798174044365
 20
14746.95998415363
 30
0.0
 11
8744.79817404418
 21
14746.95998415367
 31
0.0
  0
LINE
  5
26E
330
17
100
AcDbEntity
  8
COTA
 62
7
370
25
100
AcDbLine
 10
8744.79817404418
 20
14746.95998415367
 30
0.0
 11
8744.798174044143
 21
14810.95998415367
 31
0.0
  0
LINE
  5
26F
330
17
100
AcDbEntity
  8
COTA
 62
7
370
25
100
AcDbLine
 10
8662.798174044365
 20
14746.95998415363
 30
0.0
 11
8662.798174044365
 21
14810.95998415363
 31
0.0
  0
LINE
  5
270
330
17
100
AcDbEntity
  8
SARR_2.2x7
 62
7
370
25
100
AcDbLine
 10
8737.798174044274
 20
14651.95998415362
 30
0.0
 11
8737.798174044081
 21
14746.95998415367
 31
0.0
  0
LINE
  5
271
330
17
100
AcDbEntity
  8
SARR_2.2x7
 62
7
370
25
100
AcDbLine
 10
8669.798174044294
 20
14651.95998415363
 30
0.0
 11
8669.798174044307
 21
14746.95998415363
 31
0.0
  0
LINE
  5
272
330
17
100
AcDbEntity
  8
Painéis
 62
7
370
25
100
AcDbLine
 10
8877.64818318434
 20
14746.95998415257
 30
0.0
 11
8901.648183184338
 21
14746.95998415257
 31
0.0
  0
LINE
  5
273
330
17
100
AcDbEntity
  8
Painéis
 62
7
370
25
100
AcDbLine
 10
9041.431874390324
 20
14746.95998415257
 30
0.0
 11
9065.431874390326
 21
14746.95998415257
 31
0.0
  0
LINE
  5
274
330
17
100
AcDbEntity
  8
Painéis
 62
7
370
25
100
AcDbLine
 10
8525.069130296817
 20
14651.95998415362
 30
0.0
 11
8443.069130296817
 21
14651.95998415363
 31
0.0
  0
LINE
  5
275
330
17
100
AcDbEntity
  8
Painéis
 62
7
370
25
100
AcDbLine
 10
8525.069130296763
 20
14526.95998415363
 30
0.0
 11
8443.069130296815
 21
14526.95998415363
 31
0.0
  0
LINE
  5
276
330
17
100
AcDbEntity
  8
Painéis
 62
7
370
25
100
AcDbLine
 10
8744.798174044245
 20
14651.95998415362
 30
0.0
 11
8662.798174044365
 21
14651.95998415362
 31
0.0
  0
LINE
  5
277
330
17
100
AcDbEntity
  8
Painéis
 62
7
370
25
100
AcDbLine
 10
8744.798174044365
 20
14526.95998415363
 30
0.0
 11
8662.798174044361
 21
14526.95998415363
 31
0.0
  0
LINE
  5
278
330
17
100
AcDbEntity
  8
Painéis
 62
7
370
25
100
AcDbLine
 10
8901.648183184338
 20
14651.95998415363
 30
0.0
 11
8877.648183184341
 21
14651.95998415363
 31
0.0
  0
LINE
  5
279
330
17
100
AcDbEntity
  8
Painéis
 62
7
370
25
100
AcDbLine
 10
8901.64818318434
 20
14529.95998415363
 30
0.0
 11
8877.648183184341
 21
14529.95998415363
 31
0.0
  0
LINE
  5
27A
330
17
100
AcDbEntity
  8
Painéis
 62
7
370
25
100
AcDbLine
 10
9065.431874390328
 20
14529.95998415363
 30
0.0
 11
9041.431874390328
 21
14529.95998415363
 31
0.0
  0
LINE
  5
27B
330
17
100
AcDbEntity
  8
Painéis
 62
7
370
25
100
AcDbLine
 10
9065.431874390326
 20
14651.95998415363
 30
0.0
 11
9041.431874390328
 21
14651.95998415363
 31
0.0
  0
LWPOLYLINE
  5
27C
330
17
100
AcDbEntity
  8
Painéis
 62
7
370
25
100
AcDbPolyline
 90
4
 70
1
 10
8525.069130296817
 20
14404.95998415363
 10
8443.069130296817
 20
14404.95998415365
 10
8443.069130296817
 20
14402.95998415366
 10
8525.069130296817
 20
14402.95998415363
  0
LWPOLYLINE
  5
27D
330
17
100
AcDbEntity
  8
SARRAFO
 62
7
370
25
100
AcDbPolyline
 90
4
 70
1
 10
7926.672502906543
 20
14837.22314741296
 10
7940.672502892397
 20
14837.22314741308
 10
7940.672502892397
 20
14841.6231474074
 10
7926.672502906543
 20
14841.6231474074
  0
LWPOLYLINE
  5
27E
330
17
100
AcDbEntity
  8
SARRAFO
 62
7
370
25
100
AcDbPolyline
 90
4
 70
1
 10
8090.672502862362
 20
14798.02314745166
 10
8076.672502876506
 20
14798.0231474516
 10
8076.672502876506
 20
14793.62314745728
 10
8090.672502862362
 20
14793.62314745728
  0
LWPOLYLINE
  5
27F
330
17
100
AcDbEntity
  8
SARRAFO
 62
7
370
25
100
AcDbPolyline
 90
4
 70
1
 10
8090.672502862362
 20
14837.22314741296
 10
8076.672502876506
 20
14837.22314741308
 10
8076.672502876506
 20
14841.6231474074
 10
8090.672502862362
 20
14841.6231474074
  0
LWPOLYLINE
  5
280
330
17
100
AcDbEntity
  8
SARRAFO
 62
7
370
25
100
AcDbPolyline
 90
4
 70
1
 10
7926.672502906543
 20
14798.02314745166
 10
7940.672502892397
 20
14798.0231474516
 10
7940.672502892397
 20
14793.62314745728
 10
7926.672502906543
 20
14793.62314745728
  0
LWPOLYLINE
  5
281
330
17
100
AcDbEntity
  8
Perfil Metálico
 62
7
370
25
100
AcDbPolyline
 90
4
 70
1
 10
8126.672502830551
 20
14863.62314743842
 10
8126.672502830551
 20
14875.62314742538
 10
7890.672502938788
 20
14875.62314742538
 10
7890.672502938788
 20
14863.62314743842
  0
LWPOLYLINE
  5
282
330
17
100
AcDbEntity
  8
Perfil Metálico
 62
7
370
25
100
AcDbPolyline
 90
4
 70
1
 10
7890.672502938788
 20
14879.62314742107
 10
7890.672502938788
 20
14859.62314744267
 10
8126.672502830551
 20
14859.62314744267
 10
8126.672502830551
 20
14879.62314742107
  0
LWPOLYLINE
  5
283
330
17
100
AcDbEntity
  8
Perfil Metálico
 62
7
370
25
100
AcDbPolyline
 90
4
 70
1
 10
8126.672502830551
 20
14771.62314748161
 10
8126.672502830551
 20
14759.62314749465
 10
7890.672502938788
 20
14759.62314749465
 10
7890.672502938788
 20
14771.62314748161
  0
LWPOLYLINE
  5
284
330
17
100
AcDbEntity
  8
Perfil Metálico
 62
7
370
25
100
AcDbPolyline
 90
4
 70
1
 10
7890.672502938788
 20
14755.62314749896
 10
7890.672502938788
 20
14775.62314747736
 10
8126.672502830551
 20
14775.62314747736
 10
8126.672502830551
 20
14755.62314749896
  0
LWPOLYLINE
  5
285
330
17
100
AcDbEntity
  8
Madeira
 62
7
370
25
100
AcDbPolyline
 90
4
 70
1
 10
7940.694855287599
 20
14775.62690716178
 10
7940.67948330755
 20
14789.626898722572
 10
7926.679491746759
 20
14789.611526742523
 10
7926.694863726808
 20
14775.611535181732
  0
LWPOLYLINE
  5
286
330
17
100
AcDbEntity
  8
Madeira
 62
7
370
25
100
AcDbPolyline
 90
4
 70
1
 10
8090.687874842974
 20
14775.61153515672
 10
8090.672502862886
 20
14789.61152676757
 10
7926.67949174675
 20
14789.61152676754
 10
7926.694863726836
 20
14775.61153515669
  0
LWPOLYLINE
  5
287
330
17
100
AcDbEntity
  8
Madeira
 62
7
370
25
100
AcDbPolyline
 90
4
 70
1
 10
8090.687874842974
 20
14859.63475970795
 10
8090.672502862886
 20
14845.6347680971
 10
7926.67949174675
 20
14845.63476809713
 10
7926.694863726836
 20
14859.63475970798
  0
LWPOLYLINE
  5
288
330
17
100
AcDbEntity
  8
CHAPA
 62
7
370
25
100
AcDbPolyline
 90
4
 70
1
 10
7926.672502907007
 20
14793.62314751264
 10
7926.672502907007
 20
14789.62314751264
 10
8090.672502862362
 20
14789.62314751264
 10
8090.672502862362
 20
14793.62314751264
  0
LWPOLYLINE
  5
289
330
17
100
AcDbEntity
  8
CHAPA
 62
7
370
25
100
AcDbPolyline
 90
4
 70
1
 10
7926.672502907007
 20
14841.62314735204
 10
7926.672502907007
 20
14845.62314735204
 10
8090.672502862362
 20
14845.62314735204
 10
8090.672502862362
 20
14841.62314735204
  0
LWPOLYLINE
  5
28A
330
17
100
AcDbEntity
  8
CHAPA
 62
7
370
25
100
AcDbPolyline
 90
4
 70
1
 10
8072.272502886816
 20
14841.62314735204
 10
8068.67250288681
 20
14841.62314735204
 10
8068.67250288681
 20
14793.62314751264
 10
8072.272502886816
 20
14793.62314751264
  0
LWPOLYLINE
  5
28B
330
17
100
AcDbEntity
  8
CHAPA
 62
7
370
25
100
AcDbPolyline
 90
4
 70
1
 10
7948.672502886809
 20
14841.6231473521
 10
7945.072502886803
 20
14841.6231473521
 10
7945.072502886803
 20
14793.62314751269
 10
7948.672502886809
 20
14793.62314751269
  0
LWPOLYLINE
  5
28C
330
17
100
AcDbEntity
  8
CHAPA
 62
7
370
25
100
AcDbPolyline
 90
4
 70
1
 10
7926.672502907007
 20
14793.62314751264
 10
7926.672502907007
 20
14789.62314751264
 10
8090.672502862362
 20
14789.62314751264
 10
8090.672502862362
 20
14793.62314751264
  0
LWPOLYLINE
  5
28D
330
17
100
AcDbEntity
  8
CHAPA
 62
7
370
25
100
AcDbPolyline
 90
4
 70
1
 10
7926.672502907007
 20
14841.62314735204
 10
7926.672502907007
 20
14845.62314735204
 10
8090.672502862362
 20
14845.62314735204
 10
8090.672502862362
 20
14841.62314735204
  0
LWPOLYLINE
  5
28E
330
17
100
AcDbEntity
  8
CHAPA
 62
7
370
25
100
AcDbPolyline
 90
4
 70
1
 10
8072.272502886816
 20
14841.62314735204
 10
8068.67250288681
 20
14841.62314735204
 10
8068.67250288681
 20
14793.62314751264
 10
8072.272502886816
 20
14793.62314751264
  0
LWPOLYLINE
  5
28F
330
17
100
AcDbEntity
  8
CHAPA
 62
7
370
25
100
AcDbPolyline
 90
4
 70
1
 10
7948.672502886809
 20
14841.6231473521
 10
7945.072502886803
 20
14841.6231473521
 10
7945.072502886803
 20
14793.62314751269
 10
7948.672502886809
 20
14793.62314751269
  0
LWPOLYLINE
  5
290
330
17
100
AcDbEntity
  8
SARRAFO
 62
7
370
25
100
AcDbPolyline
 90
4
 70
1
 10
8072.2725028821
 20
14807.62314760917
 10
8072.272502882189
 20
14793.62314762332
 10
8076.672502876506
 20
14793.62314762332
 10
8076.672502876506
 20
14807.62314760917
  0
LWPOLYLINE
  5
291
330
17
100
AcDbEntity
  8
SARRAFO
 62
7
370
25
100
AcDbPolyline
 90
4
 70
1
 10
7940.672502892397
 20
14807.62314760923
 10
7940.672502892486
 20
14793.62314762338
 10
7945.072502886803
 20
14793.62314762338
 10
7945.072502886803
 20
14807.62314760923
  0
LWPOLYLINE
  5
292
330
17
100
AcDbEntity
  8
SARRAFO
 62
7
370
25
100
AcDbPolyline
 90
4
 70
1
 10
8072.2725028821
 20
14827.6231472555
 10
8072.272502882189
 20
14841.62314724136
 10
8076.672502876506
 20
14841.62314724136
 10
8076.672502876506
 20
14827.6231472555
  0
LWPOLYLINE
  5
293
330
17
100
AcDbEntity
  8
SARRAFO
 62
7
370
25
100
AcDbPolyline
 90
4
 70
1
 10
7940.672502892397
 20
14827.62314725544
 10
7940.672502892486
 20
14841.6231472413
 10
7945.072502886803
 20
14841.6231472413
 10
7945.072502886803
 20
14827.62314725544
  0
LWPOLYLINE
  5
294
330
17
100
AcDbEntity
  8
Painéis
 62
7
370
25
100
AcDbPolyline
 90
4
 70
1
 10
8068.67250288681
 20
14793.62314751264
 10
8068.67250288681
 20
14841.62314735204
 10
7948.672502886809
 20
14841.62314735204
 10
7948.672502886809
 20
14793.62314751264
  0
LWPOLYLINE
  5
295
330
17
100
AcDbEntity
  8
Madeira
 62
7
370
25
100
AcDbPolyline
 90
4
 70
1
 10
8076.687883281628
 20
14859.63851089289
 10
8076.672511301579
 20
14845.638519332098
 10
8090.6725028623705
 20
14845.62314735205
 10
8090.68787484242
 20
14859.62313891284
  0
LWPOLYLINE
  5
296
330
17
100
AcDbEntity
  8
Madeira
 62
7
370
25
100
AcDbPolyline
 90
4
 70
1
 10
7986.187972793953
 20
14859.63091664863
 10
7979.187977020688
 20
14859.638602638646
 10
7979.172605040654
 20
14845.638611092116
 10
7986.172600813919
 20
14845.6309251021
  0
LWPOLYLINE
  5
297
330
17
100
AcDbEntity
  8
Madeira
 62
7
370
25
100
AcDbPolyline
 90
4
 70
1
 10
8038.18793963328
 20
14859.63091664863
 10
8031.1879438600145
 20
14859.638602638646
 10
8031.172571879981
 20
14845.638611092116
 10
8038.172567653246
 20
14845.6309251021
  0
LWPOLYLINE
  5
298
330
17
100
AcDbEntity
  8
COTA
 62
7
370
25
100
AcDbPolyline
 90
4
 70
0
 10
8901.64818318434
 20
14746.95998415363
 10
8901.64818318434
 20
14810.95998415363
 10
8877.648183184341
 20
14810.95998415363
 10
8877.648183184341
 20
14746.95998415363
  0
LWPOLYLINE
  5
299
330
17
100
AcDbEntity
  8
Painéis
 62
7
370
25
100
AcDbPolyline
 90
4
 70
1
 10
8877.648183184341
 20
14404.95998415363
 10
8901.64818318434
 20
14404.95998415363
 10
8901.64818318434
 20
14402.95998415363
 10
8877.648183184341
 20
14402.95998415363
  0
LWPOLYLINE
  5
29A
330
17
100
AcDbEntity
  8
COTA
 62
7
370
25
100
AcDbPolyline
 90
4
 70
0
 10
9065.431874390328
 20
14746.95998415363
 10
9065.431874390328
 20
14810.95998415363
 10
9041.431874390328
 20
14810.95998415363
 10
9041.431874390328
 20
14746.95998415363
  0
LWPOLYLINE
  5
29B
330
17
100
AcDbEntity
  8
Painéis
 62
7
370
25
100
AcDbPolyline
 90
4
 70
1
 10
9041.431874390328
 20
14404.95998415363
 10
9065.431874390328
 20
14404.95998415363
 10
9065.431874390328
 20
14402.95998415363
 10
9041.431874390328
 20
14402.95998415363
  0
LWPOLYLINE
  5
29C
330
17
100
AcDbEntity
  8
Painéis
 62
7
370
25
100
AcDbPolyline
 90
4
 70
1
 10
8744.798174044365
 20
14404.95998415363
 10
8662.798174044365
 20
14404.95998415365
 10
8662.798174044365
 20
14402.95998415366
 10
8744.798174044365
 20
14402.95998415363
  0
TEXT
  5
29D
330
17
100
AcDbEntity
  8
NOMENCLATURA
 62
7
370
25
100
AcDbText
 10
8975.935537914307
 20
15043.47067093613
 30
0.0
 40
16.0
  1
1° PAVIMENTO - PD: 4.08\PNÍVEL DE SAÍDA: 813.67\PNIVEL DE CHEGADA: 817.75
100
AcDbText
  0
TEXT
  5
29E
330
17
100
AcDbEntity
  8
NIVEL 2° PAV.
 62
7
370
25
100
AcDbText
 10
8242.798052442742
 20
14753.45917964111
 30
0.0
 40
10.0
  1
2° PAV.
100
AcDbText
  0
TEXT
  5
29F
330
17
100
AcDbEntity
  8
Texto Seção
 62
7
370
25
100
AcDbText
 10
8434.12493868574
 20
14419.7885797798
 30
0.0
 40
13.0
  1
P3.A
100
AcDbText
  0
TEXT
  5
2A0
330
17
100
AcDbEntity
  8
TEXTO_GERAL
 62
7
370
25
100
AcDbText
 10
8010.192433481911
 20
14801.21761193601
 30
0.0
 40
10.99999999889889
  1
A
100
AcDbText
  0
TEXT
  5
2A1
330
17
100
AcDbEntity
  8
TEXTO_GERAL
 62
7
370
25
100
AcDbText
 10
8057.104340123794
 20
14819.07417518479
 30
0.0
 40
10.99999999889889
  1
D
100
AcDbText
  0
TEXT
  5
2A2
330
17
100
AcDbEntity
  8
TEXTO_GERAL
 62
7
370
25
100
AcDbText
 10
7948.864548895755
 20
14821.39209072755
 30
0.0
 40
10.99999999889889
  1
C
100
AcDbText
  0
TEXT
  5
2A3
330
17
100
AcDbEntity
  8
TEXTO_GERAL
 62
7
370
25
100
AcDbText
 10
8011.651720256201
 20
14830.95407533842
 30
0.0
 40
10.99999999889889
  1
B
100
AcDbText
  0
TEXT
  5
2A4
330
17
100
AcDbEntity
  8
Texto Seção
 62
7
370
25
100
AcDbText
 10
8869.497081814116
 20
14414.24955773184
 30
0.0
 40
13.0
  1
P3.C
100
AcDbText
  0
TEXT
  5
2A5
330
17
100
AcDbEntity
  8
Texto Seção
 62
7
370
25
100
AcDbText
 10
9033.280773020102
 20
14414.24955773184
 30
0.0
 40
13.0
  1
P3.D
100
AcDbText
  0
TEXT
  5
2A6
330
17
100
AcDbEntity
  8
Texto Seção
 62
7
370
25
100
AcDbText
 10
8653.853982433284
 20
14419.7885797798
 30
0.0
 40
13.0
  1
P3.B
100
AcDbText
  0
HATCH
  5
2A7
330
17
100
AcDbEntity
  8
COTA
 62
7
100
AcDbHatch
 10
0.0
 20
0.0
 30
0.0
210
0.0
220
0.0
230
1.0
  2
SOLID
 70
1
 71
0
 91
1
 92
3
 72
0
 73
1
 93
8
 10
8443.069130296823
 20
14810.95998415363
 10
8443.069130296817
 20
14746.95998415362
 10
8443.069130296817
 20
14746.95998415362
 10
8525.06913029671
 20
14746.95998415363
 10
8525.06913029671
 20
14746.95998415363
 10
8525.069130296524
 20
14810.95998415362
 10
8525.069130296524
 20
14810.95998415362
 10
8443.069130296823
 20
14810.95998415363
 97
0
 75
1
 76
1
 98
0
  0
HATCH
  5
2A8
330
17
100
AcDbEntity
  8
Hachura
 62
7
100
AcDbHatch
 10
0.0
 20
0.0
 30
0.0
210
0.0
220
0.0
230
1.0
  2
SOLID
 70
1
 71
0
 91
1
 92
3
 72
0
 73
1
 93
8
 10
7940.672502892397
 20
14793.62314745728
 10
7940.672502892397
 20
14798.0231474516
 10
7940.672502892397
 20
14798.0231474516
 10
7926.672502906543
 20
14798.02314745169
 10
7926.672502906543
 20
14798.02314745166
 10
7926.672502906543
 20
14793.62314745725
 10
7926.672502906543
 20
14793.62314745728
 10
7940.672502892397
 20
14793.62314745728
 97
0
 75
1
 76
1
 98
0
  0
HATCH
  5
2A9
330
17
100
AcDbEntity
  8
Hachura
 62
7
100
AcDbHatch
 10
0.0
 20
0.0
 30
0.0
210
0.0
220
0.0
230
1.0
  2
SOLID
 70
1
 71
0
 91
1
 92
3
 72
0
 73
1
 93
8
 10
7940.672502892397
 20
14841.6231474074
 10
7940.672502892397
 20
14837.22314741308
 10
7940.672502892397
 20
14837.22314741308
 10
7926.672502906543
 20
14837.22314741299
 10
7926.672502906543
 20
14837.22314741296
 10
7926.672502906543
 20
14841.62314740737
 10
7926.672502906543
 20
14841.6231474074
 10
7940.672502892397
 20
14841.6231474074
 97
0
 75
1
 76
1
 98
0
  0
HATCH
  5
2AA
330
17
100
AcDbEntity
  8
Hachura
 62
7
100
AcDbHatch
 10
0.0
 20
0.0
 30
0.0
210
0.0
220
0.0
230
1.0
  2
SOLID
 70
1
 71
0
 91
1
 92
3
 72
0
 73
1
 93
8
 10
8076.672502876506
 20
14793.62314745728
 10
8076.672502876506
 20
14798.0231474516
 10
8076.672502876506
 20
14798.0231474516
 10
8090.672502862362
 20
14798.02314745169
 10
8090.672502862362
 20
14798.02314745166
 10
8090.672502862362
 20
14793.62314745725
 10
8090.672502862362
 20
14793.62314745728
 10
8076.672502876506
 20
14793.62314745728
 97
0
 75
1
 76
1
 98
0
  0
HATCH
  5
2AB
330
17
100
AcDbEntity
  8
Hachura
 62
7
100
AcDbHatch
 10
0.0
 20
0.0
 30
0.0
210
0.0
220
0.0
230
1.0
  2
SOLID
 70
1
 71
0
 91
1
 92
3
 72
0
 73
1
 93
8
 10
7926.672502907007
 20
14793.62314751264
 10
7926.672502907007
 20
14789.62314751264
 10
7926.672502907007
 20
14789.62314751264
 10
8090.672502862362
 20
14789.62314751264
 10
8090.672502862362
 20
14789.62314751264
 10
8090.672502862362
 20
14793.62314751264
 10
8090.672502862362
 20
14793.62314751264
 10
7926.672502907007
 20
14793.62314751264
 97
0
 75
1
 76
1
 98
0
  0
HATCH
  5
2AC
330
17
100
AcDbEntity
  8
Hachura
 62
7
100
AcDbHatch
 10
0.0
 20
0.0
 30
0.0
210
0.0
220
0.0
230
1.0
  2
SOLID
 70
1
 71
0
 91
1
 92
3
 72
0
 73
1
 93
8
 10
7926.672502907007
 20
14841.62314735204
 10
7926.672502907007
 20
14845.62314735204
 10
7926.672502907007
 20
14845.62314735204
 10
8090.672502862362
 20
14845.62314735204
 10
8090.672502862362
 20
14845.62314735204
 10
8090.672502862362
 20
14841.62314735204
 10
8090.672502862362
 20
14841.62314735204
 10
7926.672502907007
 20
14841.62314735204
 97
0
 75
1
 76
1
 98
0
  0
HATCH
  5
2AD
330
17
100
AcDbEntity
  8
Hachura
 62
7
100
AcDbHatch
 10
0.0
 20
0.0
 30
0.0
210
0.0
220
0.0
230
1.0
  2
SOLID
 70
1
 71
0
 91
1
 92
3
 72
0
 73
1
 93
8
 10
8072.272502886816
 20
14841.62314735204
 10
8068.67250288681
 20
14841.62314735204
 10
8068.67250288681
 20
14841.62314735204
 10
8068.67250288681
 20
14793.62314751264
 10
8068.67250288681
 20
14793.62314751264
 10
8072.272502886816
 20
14793.62314751264
 10
8072.272502886816
 20
14793.62314751264
 10
8072.272502886816
 20
14841.62314735204
 97
0
 75
1
 76
1
 98
0
  0
HATCH
  5
2AE
330
17
100
AcDbEntity
  8
Hachura
 62
7
100
AcDbHatch
 10
0.0
 20
0.0
 30
0.0
210
0.0
220
0.0
230
1.0
  2
SOLID
 70
1
 71
0
 91
1
 92
3
 72
0
 73
1
 93
8
 10
7948.672502886809
 20
14841.6231473521
 10
7945.072502886803
 20
14841.6231473521
 10
7945.072502886803
 20
14841.6231473521
 10
7945.072502886803
 20
14793.62314751269
 10
7945.072502886803
 20
14793.62314751269
 10
7948.672502886809
 20
14793.62314751269
 10
7948.672502886809
 20
14793.62314751269
 10
7948.672502886809
 20
14841.6231473521
 97
0
 75
1
 76
1
 98
0
  0
HATCH
  5
2AF
330
17
100
AcDbEntity
  8
Hachura
 62
7
100
AcDbHatch
 10
0.0
 20
0.0
 30
0.0
210
0.0
220
0.0
230
1.0
  2
SOLID
 70
1
 71
0
 91
1
 92
3
 72
0
 73
1
 93
8
 10
8076.672502876506
 20
14841.6231474074
 10
8076.672502876506
 20
14837.22314741308
 10
8076.672502876506
 20
14837.22314741308
 10
8090.672502862362
 20
14837.22314741299
 10
8090.672502862362
 20
14837.22314741296
 10
8090.672502862362
 20
14841.62314740737
 10
8090.672502862362
 20
14841.6231474074
 10
8076.672502876506
 20
14841.6231474074
 97
0
 75
1
 76
1
 98
0
  0
HATCH
  5
2B0
330
17
100
AcDbEntity
  8
Hachura
 62
7
100
AcDbHatch
 10
0.0
 20
0.0
 30
0.0
210
0.0
220
0.0
230
1.0
  2
SOLID
 70
1
 71
0
 91
1
 92
3
 72
0
 73
1
 93
8
 10
7926.672502907007
 20
14793.62314751264
 10
7926.672502907007
 20
14789.62314751264
 10
7926.672502907007
 20
14789.62314751264
 10
8090.672502862362
 20
14789.62314751264
 10
8090.672502862362
 20
14789.62314751264
 10
8090.672502862362
 20
14793.62314751264
 10
8090.672502862362
 20
14793.62314751264
 10
7926.672502907007
 20
14793.62314751264
 97
0
 75
1
 76
1
 98
0
  0
HATCH
  5
2B1
330
17
100
AcDbEntity
  8
Hachura
 62
7
100
AcDbHatch
 10
0.0
 20
0.0
 30
0.0
210
0.0
220
0.0
230
1.0
  2
SOLID
 70
1
 71
0
 91
1
 92
3
 72
0
 73
1
 93
8
 10
7926.672502907007
 20
14841.62314735204
 10
7926.672502907007
 20
14845.62314735204
 10
7926.672502907007
 20
14845.62314735204
 10
8090.672502862362
 20
14845.62314735204
 10
8090.672502862362
 20
14845.62314735204
 10
8090.672502862362
 20
14841.62314735204
 10
8090.672502862362
 20
14841.62314735204
 10
7926.672502907007
 20
14841.62314735204
 97
0
 75
1
 76
1
 98
0
  0
HATCH
  5
2B2
330
17
100
AcDbEntity
  8
Hachura
 62
7
100
AcDbHatch
 10
0.0
 20
0.0
 30
0.0
210
0.0
220
0.0
230
1.0
  2
SOLID
 70
1
 71
0
 91
1
 92
3
 72
0
 73
1
 93
8
 10
8072.272502886816
 20
14841.62314735204
 10
8068.67250288681
 20
14841.62314735204
 10
8068.67250288681
 20
14841.62314735204
 10
8068.67250288681
 20
14793.62314751264
 10
8068.67250288681
 20
14793.62314751264
 10
8072.272502886816
 20
14793.62314751264
 10
8072.272502886816
 20
14793.62314751264
 10
8072.272502886816
 20
14841.62314735204
 97
0
 75
1
 76
1
 98
0
  0
HATCH
  5
2B3
330
17
100
AcDbEntity
  8
Hachura
 62
7
100
AcDbHatch
 10
0.0
 20
0.0
 30
0.0
210
0.0
220
0.0
230
1.0
  2
SOLID
 70
1
 71
0
 91
1
 92
3
 72
0
 73
1
 93
8
 10
7948.672502886809
 20
14841.6231473521
 10
7945.072502886803
 20
14841.6231473521
 10
7945.072502886803
 20
14841.6231473521
 10
7945.072502886803
 20
14793.62314751269
 10
7945.072502886803
 20
14793.62314751269
 10
7948.672502886809
 20
14793.62314751269
 10
7948.672502886809
 20
14793.62314751269
 10
7948.672502886809
 20
14841.6231473521
 97
0
 75
1
 76
1
 98
0
  0
HATCH
  5
2B4
330
17
100
AcDbEntity
  8
Hachura
 62
7
100
AcDbHatch
 10
0.0
 20
0.0
 30
0.0
210
0.0
220
0.0
230
1.0
  2
SOLID
 70
1
 71
0
 91
1
 92
3
 72
0
 73
1
 93
8
 10
8076.672502876506
 20
14793.62314762332
 10
8072.272502882189
 20
14793.62314762332
 10
8072.272502882189
 20
14793.62314762332
 10
8072.2725028821
 20
14807.62314760917
 10
8072.2725028821
 20
14807.62314760917
 10
8076.672502876506
 20
14807.62314760917
 10
8076.672502876506
 20
14807.62314760917
 10
8076.672502876506
 20
14793.62314762332
 97
0
 75
1
 76
1
 98
0
  0
HATCH
  5
2B5
330
17
100
AcDbEntity
  8
Hachura
 62
7
100
AcDbHatch
 10
0.0
 20
0.0
 30
0.0
210
0.0
220
0.0
230
1.0
  2
SOLID
 70
1
 71
0
 91
1
 92
3
 72
0
 73
1
 93
8
 10
7945.072502886803
 20
14793.62314762338
 10
7940.672502892486
 20
14793.62314762338
 10
7940.672502892486
 20
14793.62314762338
 10
7940.672502892397
 20
14807.62314760923
 10
7940.672502892397
 20
14807.62314760923
 10
7945.072502886803
 20
14807.62314760923
 10
7945.072502886803
 20
14807.62314760923
 10
7945.072502886803
 20
14793.62314762338
 97
0
 75
1
 76
1
 98
0
  0
HATCH
  5
2B6
330
17
100
AcDbEntity
  8
Hachura
 62
7
100
AcDbHatch
 10
0.0
 20
0.0
 30
0.0
210
0.0
220
0.0
230
1.0
  2
SOLID
 70
1
 71
0
 91
1
 92
3
 72
0
 73
1
 93
8
 10
8076.672502876506
 20
14841.62314724136
 10
8072.272502882189
 20
14841.62314724136
 10
8072.272502882189
 20
14841.62314724136
 10
8072.2725028821
 20
14827.6231472555
 10
8072.2725028821
 20
14827.6231472555
 10
8076.672502876506
 20
14827.6231472555
 10
8076.672502876506
 20
14827.6231472555
 10
8076.672502876506
 20
14841.62314724136
 97
0
 75
1
 76
1
 98
0
  0
HATCH
  5
2B7
330
17
100
AcDbEntity
  8
Hachura
 62
7
100
AcDbHatch
 10
0.0
 20
0.0
 30
0.0
210
0.0
220
0.0
230
1.0
  2
SOLID
 70
1
 71
0
 91
1
 92
3
 72
0
 73
1
 93
8
 10
7945.072502886803
 20
14841.6231472413
 10
7940.672502892486
 20
14841.6231472413
 10
7940.672502892486
 20
14841.6231472413
 10
7940.672502892397
 20
14827.62314725544
 10
7940.672502892397
 20
14827.62314725544
 10
7945.072502886803
 20
14827.62314725544
 10
7945.072502886803
 20
14827.62314725544
 10
7945.072502886803
 20
14841.6231472413
 97
0
 75
1
 76
1
 98
0
  0
HATCH
  5
2B8
330
17
100
AcDbEntity
  8
COTA
 62
7
100
AcDbHatch
 10
0.0
 20
0.0
 30
0.0
210
0.0
220
0.0
230
1.0
  2
SOLID
 70
1
 71
0
 91
1
 92
3
 72
0
 73
1
 93
8
 10
8877.648183184341
 20
14746.95998415363
 10
8901.64818318434
 20
14746.95998415363
 10
8901.64818318434
 20
14746.95998415363
 10
8901.64818318434
 20
14810.95998415363
 10
8901.64818318434
 20
14810.95998415363
 10
8877.648183184341
 20
14810.95998415363
 10
8877.648183184341
 20
14810.95998415363
 10
8877.648183184341
 20
14746.95998415363
 97
0
 75
1
 76
1
 98
0
  0
HATCH
  5
2B9
330
17
100
AcDbEntity
  8
COTA
 62
7
100
AcDbHatch
 10
0.0
 20
0.0
 30
0.0
210
0.0
220
0.0
230
1.0
  2
SOLID
 70
1
 71
0
 91
1
 92
3
 72
0
 73
1
 93
8
 10
9041.431874390328
 20
14746.95998415363
 10
9065.431874390328
 20
14746.95998415363
 10
9065.431874390328
 20
14746.95998415363
 10
9065.431874390328
 20
14810.95998415363
 10
9065.431874390328
 20
14810.95998415363
 10
9041.431874390328
 20
14810.95998415363
 10
9041.431874390328
 20
14810.95998415363
 10
9041.431874390328
 20
14746.95998415363
 97
0
 75
1
 76
1
 98
0
  0
HATCH
  5
2BA
330
17
100
AcDbEntity
  8
COTA
 62
7
100
AcDbHatch
 10
0.0
 20
0.0
 30
0.0
210
0.0
220
0.0
230
1.0
  2
SOLID
 70
1
 71
0
 91
1
 92
3
 72
0
 73
1
 93
8
 10
8662.798174044368
 20
14810.95998415363
 10
8662.798174044365
 20
14746.95998415362
 10
8662.798174044365
 20
14746.95998415362
 10
8744.798174044256
 20
14746.95998415363
 10
8744.798174044256
 20
14746.95998415363
 10
8744.798174044068
 20
14810.95998415362
 10
8744.798174044068
 20
14810.95998415362
 10
8662.798174044368
 20
14810.95998415363
 97
0
 75
1
 76
1
 98
0
  0
ENDSEC
  0
SECTION
  2
OBJECTS
  0
DICTIONARY
  5
A
330
0
100
AcDbDictionary
281
1
  3
ACAD_COLOR
350
B
  3
ACAD_GROUP
350
C
  3
ACAD_LAYOUT
350
D
  3
ACAD_MATERIAL
350
E
  3
ACAD_MLEADERSTYLE
350
F
  3
ACAD_MLINESTYLE
350
10
  3
ACAD_PLOTSETTINGS
350
11
  3
ACAD_PLOTSTYLENAME
350
12
  3
ACAD_SCALELIST
350
14
  3
ACAD_TABLESTYLE
350
15
  3
ACAD_VISUALSTYLE
350
16
  3
EZDXF_META
350
2D
  0
DICTIONARY
  5
B
330
A
100
AcDbDictionary
281
1
  0
DICTIONARY
  5
C
330
A
100
AcDbDictionary
281
1
  0
DICTIONARY
  5
D
330
A
100
AcDbDictionary
281
1
  3
Model
350
1A
  3
Layout1
350
1E
  0
DICTIONARY
  5
E
330
A
100
AcDbDictionary
281
1
  3
ByBlock
350
1F
  3
ByLayer
350
20
  3
Global
350
21
  0
DICTIONARY
  5
F
330
A
100
AcDbDictionary
281
1
  3
Standard
350
2C
  0
DICTIONARY
  5
10
330
A
100
AcDbDictionary
281
1
  3
Standard
350
22
  0
DICTIONARY
  5
11
330
A
100
AcDbDictionary
281
1
  0
ACDBDICTIONARYWDFLT
  5
12
330
A
100
AcDbDictionary
281
1
  3
Normal
350
13
100
AcDbDictionaryWithDefault
340
13
  0
ACDBPLACEHOLDER
  5
13
330
12
  0
DICTIONARY
  5
14
330
A
100
AcDbDictionary
281
1
  0
DICTIONARY
  5
15
330
A
100
AcDbDictionary
281
1
  0
DICTIONARY
  5
16
330
A
100
AcDbDictionary
281
1
  0
LAYOUT
  5
1A
330
D
100
AcDbPlotSettings
  1

  4
A3
  6

 40
7.5
 41
20.0
 42
7.5
 43
20.0
 44
420.0
 45
297.0
 46
0.0
 47
0.0
 48
0.0
 49
0.0
140
0.0
141
0.0
142
1.0
143
1.0
 70
1024
 72
1
 73
0
 74
5
  7

 75
16
 76
0
 77
2
 78
300
147
1.0
148
0.0
149
0.0
100
AcDbLayout
  1
Model
 70
1
 71
0
 10
0.0
 20
0.0
 11
420.0
 21
297.0
 12
0.0
 22
0.0
 32
0.0
 14
1e+20
 24
1e+20
 34
1e+20
 15
-1e+20
 25
-1e+20
 35
-1e+20
146
0.0
 13
0.0
 23
0.0
 33
0.0
 16
1.0
 26
0.0
 36
0.0
 17
0.0
 27
1.0
 37
0.0
 76
1
330
17
  0
LAYOUT
  5
1E
330
D
100
AcDbPlotSettings
  1

  4
A3
  6

 40
7.5
 41
20.0
 42
7.5
 43
20.0
 44
420.0
 45
297.0
 46
0.0
 47
0.0
 48
0.0
 49
0.0
140
0.0
141
0.0
142
1.0
143
1.0
 70
0
 72
1
 73
0
 74
5
  7

 75
16
 76
0
 77
2
 78
300
147
1.0
148
0.0
149
0.0
100
AcDbLayout
  1
Layout1
 70
1
 71
1
 10
0.0
 20
0.0
 11
420.0
 21
297.0
 12
0.0
 22
0.0
 32
0.0
 14
1e+20
 24
1e+20
 34
1e+20
 15
-1e+20
 25
-1e+20
 35
-1e+20
146
0.0
 13
0.0
 23
0.0
 33
0.0
 16
1.0
 26
0.0
 36
0.0
 17
0.0
 27
1.0
 37
0.0
 76
1
330
1B
  0
MATERIAL
  5
1F
102
{ACAD_REACTORS
330
E
102
}
330
E
100
AcDbMaterial
  1
ByBlock
  2

 70
0
 40
1.0
 71
1
 41
1.0
 91
-1023410177
 42
1.0
 72
1
  3

 73
1
 74
1
 75
1
 44
0.5
 73
0
 45
1.0
 46
1.0
 77
1
  4

 78
1
 79
1
170
1
 48
1.0
171
1
  6

172
1
173
1
174
1
140
1.0
141
1.0
175
1
  7

176
1
177
1
178
1
143
1.0
179
1
  8

270
1
271
1
272
1
145
1.0
146
1.0
273
1
  9

274
1
275
1
276
1
 42
1.0
 72
1
  3

 73
1
 74
1
 75
1
 94
63
  0
MATERIAL
  5
20
102
{ACAD_REACTORS
330
E
102
}
330
E
100
AcDbMaterial
  1
ByLayer
  2

 70
0
 40
1.0
 71
1
 41
1.0
 91
-1023410177
 42
1.0
 72
1
  3

 73
1
 74
1
 75
1
 44
0.5
 73
0
 45
1.0
 46
1.0
 77
1
  4

 78
1
 79
1
170
1
 48
1.0
171
1
  6

172
1
173
1
174
1
140
1.0
141
1.0
175
1
  7

176
1
177
1
178
1
143
1.0
179
1
  8

270
1
271
1
272
1
145
1.0
146
1.0
273
1
  9

274
1
275
1
276
1
 42
1.0
 72
1
  3

 73
1
 74
1
 75
1
 94
63
  0
MATERIAL
  5
21
102
{ACAD_REACTORS
330
E
102
}
330
E
100
AcDbMaterial
  1
Global
  2

 70
0
 40
1.0
 71
1
 41
1.0
 91
-1023410177
 42
1.0
 72
1
  3

 73
1
 74
1
 75
1
 44
0.5
 73
0
 45
1.0
 46
1.0
 77
1
  4

 78
1
 79
1
170
1
 48
1.0
171
1
  6

172
1
173
1
174
1
140
1.0
141
1.0
175
1
  7

176
1
177
1
178
1
143
1.0
179
1
  8

270
1
271
1
272
1
145
1.0
146
1.0
273
1
  9

274
1
275
1
276
1
 42
1.0
 72
1
  3

 73
1
 74
1
 75
1
 94
63
  0
MLINESTYLE
  5
22
102
{ACAD_REACTORS
330
10
102
}
330
10
100
AcDbMlineStyle
  2
Standard
 70
0
  3

 62
256
 51
90.0
 52
90.0
 71
2
 49
0.5
 62
256
  6
BYLAYER
 49
-0.5
 62
256
  6
BYLAYER
  0
MLEADERSTYLE
  5
2C
102
{ACAD_REACTORS
330
F
102
}
330
F
100
AcDbMLeaderStyle
179
2
170
2
171
1
172
0
 90
2
 40
0.0
 41
0.0
173
1
 91
-1056964608
 92
-2
290
1
 42
2.0
291
1
 43
8.0
  3
Standard
 44
4.0
300

342
29
174
1
175
1
176
0
178
1
 93
-1056964608
 45
4.0
292
0
297
0
 46
4.0
 94
-1056964608
 47
1.0
 49
1.0
140
1.0
294
1
141
0.0
177
0
142
1.0
295
0
296
0
143
3.75
271
0
272
9
273
9
  0
DICTIONARY
  5
2D
330
A
100
AcDbDictionary
280
1
281
1
  3
CREATED_BY_EZDXF
350
2E
  3
WRITTEN_BY_EZDXF
350
2BD
  0
DICTIONARYVAR
  5
2E
330
2D
100
DictionaryVariables
280
0
  1
1.4.3 @ 2026-06-10T16:55:55.280576+00:00
  0
DICTIONARYVAR
  5
2BD
330
2D
100
DictionaryVariables
280
0
  1
1.4.3 @ 2026-06-10T16:55:55.301031+00:00
  0
ENDSEC
  0
EOF
