  0
SECTION
  2
HEADER
  9
$ACADVER
  1
AC1024
  9
$ACADMAINTVER
 70
6
  9
$DWGCODEPAGE
  3
ANSI_1252
  9
$LASTSAVEDBY
  1
ezdxf
  9
$INSBASE
 10
0.0
 20
0.0
 30
0.0
  9
$EXTMIN
 10
1e+20
 20
1e+20
 30
1e+20
  9
$EXTMAX
 10
-1e+20
 20
-1e+20
 30
-1e+20
  9
$LIMMIN
 10
0.0
 20
0.0
  9
$LIMMAX
 10
420.0
 20
297.0
  9
$ORTHOMODE
 70
0
  9
$REGENMODE
 70
1
  9
$FILLMODE
 70
1
  9
$QTEXTMODE
 70
0
  9
$MIRRTEXT
 70
1
  9
$LTSCALE
 40
1.0
  9
$ATTMODE
 70
1
  9
$TEXTSIZE
 40
2.5
  9
$TRACEWID
 40
1.0
  9
$TEXTSTYLE
  7
Standard
  9
$CLAYER
  8
0
  9
$CELTYPE
  6
ByLayer
  9
$CECOLOR
 62
256
  9
$CELTSCALE
 40
1.0
  9
$DISPSILH
 70
0
  9
$DIMSCALE
 40
1.0
  9
$DIMASZ
 40
2.5
  9
$DIMEXO
 40
0.625
  9
$DIMDLI
 40
3.75
  9
$DIMRND
 40
0.0
  9
$DIMDLE
 40
0.0
  9
$DIMEXE
 40
1.25
  9
$DIMTP
 40
0.0
  9
$DIMTM
 40
0.0
  9
$DIMTXT
 40
2.5
  9
$DIMCEN
 40
2.5
  9
$DIMTSZ
 40
0.0
  9
$DIMTOL
 70
0
  9
$DIMLIM
 70
0
  9
$DIMTIH
 70
0
  9
$DIMTOH
 70
0
  9
$DIMSE1
 70
0
  9
$DIMSE2
 70
0
  9
$DIMTAD
 70
1
  9
$DIMZIN
 70
8
  9
$DIMBLK
  1

  9
$DIMASO
 70
1
  9
$DIMSHO
 70
1
  9
$DIMPOST
  1

  9
$DIMAPOST
  1

  9
$DIMALT
 70
0
  9
$DIMALTD
 70
3
  9
$DIMALTF
 40
0.03937007874
  9
$DIMLFAC
 40
1.0
  9
$DIMTOFL
 70
1
  9
$DIMTVP
 40
0.0
  9
$DIMTIX
 70
0
  9
$DIMSOXD
 70
0
  9
$DIMSAH
 70
0
  9
$DIMBLK1
  1

  9
$DIMBLK2
  1

  9
$DIMSTYLE
  2
ISO-25
  9
$DIMCLRD
 70
0
  9
$DIMCLRE
 70
0
  9
$DIMCLRT
 70
0
  9
$DIMTFAC
 40
1.0
  9
$DIMGAP
 40
0.625
  9
$DIMJUST
 70
0
  9
$DIMSD1
 70
0
  9
$DIMSD2
 70
0
  9
$DIMTOLJ
 70
0
  9
$DIMTZIN
 70
8
  9
$DIMALTZ
 70
0
  9
$DIMALTTZ
 70
0
  9
$DIMUPT
 70
0
  9
$DIMDEC
 70
2
  9
$DIMTDEC
 70
2
  9
$DIMALTU
 70
2
  9
$DIMALTTD
 70
3
  9
$DIMTXSTY
  7
Standard
  9
$DIMAUNIT
 70
0
  9
$DIMADEC
 70
0
  9
$DIMALTRND
 40
0.0
  9
$DIMAZIN
 70
0
  9
$DIMDSEP
 70
44
  9
$DIMATFIT
 70
3
  9
$DIMFRAC
 70
0
  9
$DIMLDRBLK
  1

  9
$DIMLUNIT
 70
2
  9
$DIMLWD
 70
-2
  9
$DIMLWE
 70
-2
  9
$DIMTMOVE
 70
0
  9
$DIMFXL
 40
1.0
  9
$DIMFXLON
 70
0
  9
$DIMJOGANG
 40
0.785398163397
  9
$DIMTFILL
 70
0
  9
$DIMTFILLCLR
 70
0
  9
$DIMARCSYM
 70
0
  9
$DIMLTYPE
  6

  9
$DIMLTEX1
  6

  9
$DIMLTEX2
  6

  9
$DIMTXTDIRECTION
 70
0
  9
$LUNITS
 70
2
  9
$LUPREC
 70
4
  9
$SKETCHINC
 40
1.0
  9
$FILLETRAD
 40
10.0
  9
$AUNITS
 70
0
  9
$AUPREC
 70
2
  9
$MENU
  1
.
  9
$ELEVATION
 40
0.0
  9
$PELEVATION
 40
0.0
  9
$THICKNESS
 40
0.0
  9
$LIMCHECK
 70
0
  9
$CHAMFERA
 40
0.0
  9
$CHAMFERB
 40
0.0
  9
$CHAMFERC
 40
0.0
  9
$CHAMFERD
 40
0.0
  9
$SKPOLY
 70
0
  9
$TDCREATE
 40
2461202.5791319446
  9
$TDUCREATE
 40
2458532.153996898
  9
$TDUPDATE
 40
2461202.5791319446
  9
$TDUUPDATE
 40
2458532.1544311
  9
$TDINDWG
 40
0.0
  9
$TDUSRTIMER
 40
0.0
  9
$USRTIMER
 70
1
  9
$ANGBASE
 50
0.0
  9
$ANGDIR
 70
0
  9
$PDMODE
 70
0
  9
$PDSIZE
 40
0.0
  9
$PLINEWID
 40
0.0
  9
$SPLFRAME
 70
0
  9
$SPLINETYPE
 70
6
  9
$SPLINESEGS
 70
8
  9
$HANDSEED
  5
2BF
  9
$SURFTAB1
 70
6
  9
$SURFTAB2
 70
6
  9
$SURFTYPE
 70
6
  9
$SURFU
 70
6
  9
$SURFV
 70
6
  9
$UCSBASE
  2

  9
$UCSNAME
  2

  9
$UCSORG
 10
0.0
 20
0.0
 30
0.0
  9
$UCSXDIR
 10
1.0
 20
0.0
 30
0.0
  9
$UCSYDIR
 10
0.0
 20
1.0
 30
0.0
  9
$UCSORTHOREF
  2

  9
$UCSORTHOVIEW
 70
0
  9
$UCSORGTOP
 10
0.0
 20
0.0
 30
0.0
  9
$UCSORGBOTTOM
 10
0.0
 20
0.0
 30
0.0
  9
$UCSORGLEFT
 10
0.0
 20
0.0
 30
0.0
  9
$UCSORGRIGHT
 10
0.0
 20
0.0
 30
0.0
  9
$UCSORGFRONT
 10
0.0
 20
0.0
 30
0.0
  9
$UCSORGBACK
 10
0.0
 20
0.0
 30
0.0
  9
$PUCSBASE
  2

  9
$PUCSNAME
  2

  9
$PUCSORG
 10
0.0
 20
0.0
 30
0.0
  9
$PUCSXDIR
 10
1.0
 20
0.0
 30
0.0
  9
$PUCSYDIR
 10
0.0
 20
1.0
 30
0.0
  9
$PUCSORTHOREF
  2

  9
$PUCSORTHOVIEW
 70
0
  9
$PUCSORGTOP
 10
0.0
 20
0.0
 30
0.0
  9
$PUCSORGBOTTOM
 10
0.0
 20
0.0
 30
0.0
  9
$PUCSORGLEFT
 10
0.0
 20
0.0
 30
0.0
  9
$PUCSORGRIGHT
 10
0.0
 20
0.0
 30
0.0
  9
$PUCSORGFRONT
 10
0.0
 20
0.0
 30
0.0
  9
$PUCSORGBACK
 10
0.0
 20
0.0
 30
0.0
  9
$USERI1
 70
0
  9
$USERI2
 70
0
  9
$USERI3
 70
0
  9
$USERI4
 70
0
  9
$USERI5
 70
0
  9
$USERR1
 40
0.0
  9
$USERR2
 40
0.0
  9
$USERR3
 40
0.0
  9
$USERR4
 40
0.0
  9
$USERR5
 40
0.0
  9
$WORLDVIEW
 70
1
  9
$SHADEDGE
 70
3
  9
$SHADEDIF
 70
70
  9
$TILEMODE
 70
1
  9
$MAXACTVP
 70
64
  9
$PINSBASE
 10
0.0
 20
0.0
 30
0.0
  9
$PLIMCHECK
 70
0
  9
$PEXTMIN
 10
1e+20
 20
1e+20
 30
1e+20
  9
$PEXTMAX
 10
-1e+20
 20
-1e+20
 30
-1e+20
  9
$PLIMMIN
 10
0.0
 20
0.0
  9
$PLIMMAX
 10
420.0
 20
297.0
  9
$UNITMODE
 70
0
  9
$VISRETAIN
 70
1
  9
$PLINEGEN
 70
0
  9
$PSLTSCALE
 70
1
  9
$TREEDEPTH
 70
3020
  9
$CMLSTYLE
  2
Standard
  9
$CMLJUST
 70
0
  9
$CMLSCALE
 40
20.0
  9
$PROXYGRAPHICS
 70
1
  9
$MEASUREMENT
 70
1
  9
$CELWEIGHT
370
-1
  9
$ENDCAPS
280
0
  9
$JOINSTYLE
280
0
  9
$LWDISPLAY
290
0
  9
$INSUNITS
 70
6
  9
$HYPERLINKBASE
  1

  9
$STYLESHEET
  1

  9
$XEDIT
290
1
  9
$CEPSNTYPE
380
0
  9
$PSTYLEMODE
290
1
  9
$FINGERPRINTGUID
  2
{2C0268C2-B306-45B4-8B0E-2D642881D635}
  9
$VERSIONGUID
  2
{9CB37528-627C-453F-9DA7-1E1ABA3EF4C5}
  9
$EXTNAMES
290
1
  9
$PSVPSCALE
 40
0.0
  9
$OLESTARTUP
290
0
  9
$SORTENTS
280
127
  9
$INDEXCTL
280
0
  9
$HIDETEXT
280
1
  9
$XCLIPFRAME
280
1
  9
$HALOGAP
280
0
  9
$OBSCOLOR
 70
257
  9
$OBSLTYPE
280
0
  9
$INTERSECTIONDISPLAY
280
0
  9
$INTERSECTIONCOLOR
 70
257
  9
$DIMASSOC
280
2
  9
$PROJECTNAME
  1

  9
$CAMERADISPLAY
290
0
  9
$LENSLENGTH
 40
50.0
  9
$CAMERAHEIGHT
 40
0.0
  9
$STEPSPERSEC
 40
24.0
  9
$STEPSIZE
 40
100.0
  9
$3DDWFPREC
 40
2.0
  9
$PSOLWIDTH
 40
0.005
  9
$PSOLHEIGHT
 40
0.08
  9
$LOFTANG1
 40
1.570796326795
  9
$LOFTANG2
 40
1.570796326795
  9
$LOFTMAG1
 40
0.0
  9
$LOFTMAG2
 40
0.0
  9
$LOFTPARAM
 70
7
  9
$LOFTNORMALS
280
1
  9
$LATITUDE
 40
37.795
  9
$LONGITUDE
 40
-122.394
  9
$NORTHDIRECTION
 40
0.0
  9
$TIMEZONE
 70
-8000
  9
$LIGHTGLYPHDISPLAY
280
1
  9
$TILEMODELIGHTSYNCH
280
1
  9
$CMATERIAL
347
20
  9
$SOLIDHIST
280
0
  9
$SHOWHIST
280
1
  9
$DWFFRAME
280
2
  9
$DGNFRAME
280
2
  9
$REALWORLDSCALE
290
1
  9
$INTERFERECOLOR
 62
256
  9
$CSHADOW
280
0
  9
$SHADOWPLANELOCATION
 40
0.0
  0
ENDSEC
  0
SECTION
  2
CLASSES
  0
CLASS
  1
ACDBDICTIONARYWDFLT
  2
AcDbDictionaryWithDefault
  3
ObjectDBX Classes
 90
0
 91
0
280
0
281
0
  0
CLASS
  1
SUN
  2
AcDbSun
  3
SCENEOE
 90
1153
 91
0
280
0
281
0
  0
CLASS
  1
VISUALSTYLE
  2
AcDbVisualStyle
  3
ObjectDBX Classes
 90
4095
 91
0
280
0
281
0
  0
CLASS
  1
MATERIAL
  2
AcDbMaterial
  3
ObjectDBX Classes
 90
1153
 91
0
280
0
281
0
  0
CLASS
  1
SCALE
  2
AcDbScale
  3
ObjectDBX Classes
 90
1153
 91
0
280
0
281
0
  0
CLASS
  1
TABLESTYLE
  2
AcDbTableStyle
  3
ObjectDBX Classes
 90
4095
 91
0
280
0
281
0
  0
CLASS
  1
MLEADERSTYLE
  2
AcDbMLeaderStyle
  3
ACDB_MLEADERSTYLE_CLASS
 90
4095
 91
0
280
0
281
0
  0
CLASS
  1
DICTIONARYVAR
  2
AcDbDictionaryVar
  3
ObjectDBX Classes
 90
0
 91
0
280
0
281
0
  0
CLASS
  1
CELLSTYLEMAP
  2
AcDbCellStyleMap
  3
ObjectDBX Classes
 90
1152
 91
0
280
0
281
0
  0
CLASS
  1
MENTALRAYRENDERSETTINGS
  2
AcDbMentalRayRenderSettings
  3
SCENEOE
 90
1024
 91
0
280
0
281
0
  0
CLASS
  1
ACDBDETAILVIEWSTYLE
  2
AcDbDetailViewStyle
  3
ObjectDBX Classes
 90
1025
 91
0
280
0
281
0
  0
CLASS
  1
ACDBSECTIONVIEWSTYLE
  2
AcDbSectionViewStyle
  3
ObjectDBX Classes
 90
1025
 91
0
280
0
281
0
  0
CLASS
  1
RASTERVARIABLES
  2
AcDbRasterVariables
  3
ISM
 90
0
 91
0
280
0
281
0
  0
CLASS
  1
LAYOUT
  2
AcDbLayout
  3
ObjectDBX Classes
 90
0
 91
0
280
0
281
0
  0
CLASS
  1
ACDBPLACEHOLDER
  2
AcDbPlaceHolder
  3
ObjectDBX Classes
 90
0
 91
0
280
0
281
0
  0
ENDSEC
  0
SECTION
  2
TABLES
  0
TABLE
  2
VPORT
  5
8
330
0
100
AcDbSymbolTable
 70
1
  0
VPORT
  5
23
330
8
100
AcDbSymbolTableRecord
100
AcDbViewportTableRecord
  2
*Active
 70
0
 10
0.0
 20
0.0
 11
1.0
 21
1.0
 12
0.0
 22
0.0
 13
0.0
 23
0.0
 14
0.5
 24
0.5
 15
0.5
 25
0.5
 16
0.0
 26
0.0
 36
1.0
 17
0.0
 27
0.0
 37
0.0
 40
1000.0
 41
1.34
 42
50.0
 43
0.0
 44
0.0
 50
0.0
 51
0.0
 71
0
 72
1000
 73
1
 74
3
 75
0
 76
0
 77
0
 78
0
281
0
 65
0
146
0.0
  0
ENDTAB
  0
TABLE
  2
LTYPE
  5
2
330
0
100
AcDbSymbolTable
 70
3
  0
LTYPE
  5
24
330
2
100
AcDbSymbolTableRecord
100
AcDbLinetypeTableRecord
  2
ByBlock
 70
0
  3

 72
65
 73
0
 40
0.0
  0
LTYPE
  5
25
330
2
100
AcDbSymbolTableRecord
100
AcDbLinetypeTableRecord
  2
ByLayer
 70
0
  3

 72
65
 73
0
 40
0.0
  0
LTYPE
  5
26
330
2
100
AcDbSymbolTableRecord
100
AcDbLinetypeTableRecord
  2
Continuous
 70
0
  3

 72
65
 73
0
 40
0.0
  0
ENDTAB
  0
TABLE
  2
LAYER
  5
1
330
0
100
AcDbSymbolTable
 70
15
  0
LAYER
  5
27
330
1
100
AcDbSymbolTableRecord
100
AcDbLayerTableRecord
  2
0
 70
0
 62
7
  6
Continuous
370
-3
390
13
347
21
  0
LAYER
  5
28
330
1
100
AcDbSymbolTableRecord
100
AcDbLayerTableRecord
  2
Defpoints
 70
0
 62
7
  6
Continuous
290
0
370
-3
390
13
347
21
  0
LAYER
  5
2F
330
1
100
AcDbSymbolTableRecord
100
AcDbLayerTableRecord
  2
COTA
 70
0
 62
7
  6
Continuous
370
-3
390
13
347
21
  0
LAYER
  5
30
330
1
100
AcDbSymbolTableRecord
100
AcDbLayerTableRecord
  2
Perfil Metálico
 70
0
 62
7
  6
Continuous
370
-3
390
13
347
21
  0
LAYER
  5
31
330
1
100
AcDbSymbolTableRecord
100
AcDbLayerTableRecord
  2
TEXTO_GERAL
 70
0
 62
7
  6
Continuous
370
-3
390
13
347
21
  0
LAYER
  5
32
330
1
100
AcDbSymbolTableRecord
100
AcDbLayerTableRecord
  2
Hachura
 70
0
 62
7
  6
Continuous
370
-3
390
13
347
21
  0
LAYER
  5
33
330
1
100
AcDbSymbolTableRecord
100
AcDbLayerTableRecord
  2
Painéis
 70
0
 62
7
  6
Continuous
370
-3
390
13
347
21
  0
LAYER
  5
34
330
1
100
AcDbSymbolTableRecord
100
AcDbLayerTableRecord
  2
Madeira
 70
0
 62
7
  6
Continuous
370
-3
390
13
347
21
  0
LAYER
  5
35
330
1
100
AcDbSymbolTableRecord
100
AcDbLayerTableRecord
  2
NIVEL 1° PAV.
 70
0
 62
7
  6
Continuous
370
-3
390
13
347
21
  0
LAYER
  5
36
330
1
100
AcDbSymbolTableRecord
100
AcDbLayerTableRecord
  2
CHAPA
 70
0
 62
7
  6
Continuous
370
-3
390
13
347
21
  0
LAYER
  5
37
330
1
100
AcDbSymbolTableRecord
100
AcDbLayerTableRecord
  2
SARR_2.2x7
 70
0
 62
7
  6
Continuous
370
-3
390
13
347
21
  0
LAYER
  5
38
330
1
100
AcDbSymbolTableRecord
100
AcDbLayerTableRecord
  2
SARRAFO
 70
0
 62
7
  6
Continuous
370
-3
390
13
347
21
  0
LAYER
  5
39
330
1
100
AcDbSymbolTableRecord
100
AcDbLayerTableRecord
  2
NOMENCLATURA
 70
0
 62
7
  6
Continuous
370
-3
390
13
347
21
  0
LAYER
  5
3A
330
1
100
AcDbSymbolTableRecord
100
AcDbLayerTableRecord
  2
Nível
 70
0
 62
7
  6
Continuous
370
-3
390
13
347
21
  0
LAYER
  5
3B
330
1
100
AcDbSymbolTableRecord
100
AcDbLayerTableRecord
  2
Texto Seção
 70
0
 62
7
  6
Continuous
370
-3
390
13
347
21
  0
ENDTAB
  0
TABLE
  2
STYLE
  5
5
330
0
100
AcDbSymbolTable
 70
1
  0
STYLE
  5
29
330
5
100
AcDbSymbolTableRecord
100
AcDbTextStyleTableRecord
  2
Standard
 70
0
 40
0.0
 41
1.0
 50
0.0
 71
0
 42
2.5
  3
txt
  4

  0
ENDTAB
  0
TABLE
  2
VIEW
  5
7
330
0
100
AcDbSymbolTable
 70
0
  0
ENDTAB
  0
TABLE
  2
UCS
  5
6
330
0
100
AcDbSymbolTable
 70
0
  0
ENDTAB
  0
TABLE
  2
APPID
  5
3
330
0
100
AcDbSymbolTable
 70
3
  0
APPID
  5
2A
330
3
100
AcDbSymbolTableRecord
100
AcDbRegAppTableRecord
  2
ACAD
 70
0
  0
APPID
  5
2BC
330
3
100
AcDbSymbolTableRecord
100
AcDbRegAppTableRecord
  2
HATCHBACKGROUNDCOLOR
 70
0
  0
APPID
  5
2BD
330
3
100
AcDbSymbolTableRecord
100
AcDbRegAppTableRecord
  2
EZDXF
 70
0
  0
ENDTAB
  0
TABLE
  2
DIMSTYLE
  5
4
330
0
100
AcDbSymbolTable
 70
1
100
AcDbDimStyleTable
  0
DIMSTYLE
105
2B
330
4
100
AcDbSymbolTableRecord
100
AcDbDimStyleTableRecord
  2
Standard
 70
0
 40
1.0
 41
2.5
 42
0.625
 43
3.75
 44
1.25
 45
0.0
 46
0.0
 47
0.0
 48
0.0
 49
2.5
140
2.5
141
2.5
142
0.0
143
0.03937007874
144
1.0
145
0.0
146
1.0
147
0.625
148
0.0
 69
0
 70
0
 71
0
 72
0
 73
0
 74
0
 75
0
 76
0
 77
1
 78
8
 79
3
170
0
171
3
172
1
173
0
174
0
175
0
176
0
177
0
178
0
179
2
271
2
272
2
273
2
274
3
275
0
276
0
277
2
278
44
279
0
280
0
281
0
282
0
283
0
284
8
285
0
286
0
288
0
289
3
290
0
371
-2
372
-2
  0
ENDTAB
  0
TABLE
  2
BLOCK_RECORD
  5
9
330
0
100
AcDbSymbolTable
 70
2
  0
BLOCK_RECORD
  5
17
330
9
100
AcDbSymbolTableRecord
100
AcDbBlockTableRecord
  2
*Model_Space
340
1A
 70
0
280
1
281
0
  0
BLOCK_RECORD
  5
1B
330
9
100
AcDbSymbolTableRecord
100
AcDbBlockTableRecord
  2
*Paper_Space
340
1E
 70
0
280
1
281
0
  0
ENDTAB
  0
ENDSEC
  0
SECTION
  2
BLOCKS
  0
BLOCK
  5
18
330
17
100
AcDbEntity
  8
0
100
AcDbBlockBegin
  2
*Model_Space
 70
0
 10
0.0
 20
0.0
 30
0.0
  3
*Model_Space
  1

  0
ENDBLK
  5
19
330
17
100
AcDbEntity
  8
0
100
AcDbBlockEnd
  0
BLOCK
  5
1C
330
1B
100
AcDbEntity
  8
0
100
AcDbBlockBegin
  2
*Paper_Space
 70
0
 10
0.0
 20
0.0
 30
0.0
  3
*Paper_Space
  1

  0
ENDBLK
  5
1D
330
1B
100
AcDbEntity
  8
0
100
AcDbBlockEnd
  0
ENDSEC
  0
SECTION
  2
ENTITIES
  0
LINE
  5
3C
330
17
100
AcDbEntity
  8
Nível
 62
7
370
25
100
AcDbLine
 10
5144.105177132835
 20
2917.208907286829
 30
0.0
 11
5983.93998089667
 21
2917.208907286829
 31
0.0
  0
LINE
  5
3D
330
17
100
AcDbEntity
  8
SARR_2.2x7
 62
7
370
25
100
AcDbLine
 10
5249.735395366355
 20
2919.20890728683
 30
0.0
 11
5249.735395366442
 21
3165.208907286836
 31
0.0
  0
LINE
  5
3E
330
17
100
AcDbEntity
  8
SARR_2.2x7
 62
7
370
25
100
AcDbLine
 10
5317.735395366253
 20
2919.20890728683
 30
0.0
 11
5317.735395366428
 21
3165.208907286868
 31
0.0
  0
LINE
  5
3F
330
17
100
AcDbEntity
  8
SARR_2.2x7
 62
7
370
25
100
AcDbLine
 10
5249.735395366515
 20
2919.20890728683
 30
0.0
 11
5249.735395366515
 21
2919.208907286856
 31
0.0
  0
LINE
  5
40
330
17
100
AcDbEntity
  8
SARR_2.2x7
 62
7
370
25
100
AcDbLine
 10
5317.735395366457
 20
2919.208907286844
 30
0.0
 11
5317.735395366457
 21
2919.20890728683
 31
0.0
  0
LINE
  5
41
330
17
100
AcDbEntity
  8
SARR_2.2x7
 62
7
370
25
100
AcDbLine
 10
5717.694422665779
 20
3165.208907286829
 30
0.0
 11
5717.694422665853
 21
2919.20890728683
 31
0.0
  0
LINE
  5
42
330
17
100
AcDbEntity
  8
SARR_2.2x7
 62
7
370
25
100
AcDbLine
 10
5707.694422665874
 20
3165.208907286829
 30
0.0
 11
5707.694422665794
 21
2919.20890728683
 31
0.0
  0
LINE
  5
43
330
17
100
AcDbEntity
  8
SARR_2.2x7
 62
7
370
25
100
AcDbLine
 10
5867.813608656368
 20
3165.208907286829
 30
0.0
 11
5867.813608656448
 21
2919.20890728683
 31
0.0
  0
LINE
  5
44
330
17
100
AcDbEntity
  8
SARR_2.2x7
 62
7
370
25
100
AcDbLine
 10
5857.813608656463
 20
3165.208907286829
 30
0.0
 11
5857.81360865639
 21
2919.20890728683
 31
0.0
  0
LINE
  5
45
330
17
100
AcDbEntity
  8
COTA
 62
7
370
25
100
AcDbLine
 10
5324.73539536634
 20
3191.208907286867
 30
0.0
 11
5324.735395366293
 21
3325.20890728683
 31
0.0
  0
LINE
  5
46
330
17
100
AcDbEntity
  8
COTA
 62
7
370
25
100
AcDbLine
 10
5324.735395366293
 20
3325.20890728683
 30
0.0
 11
5242.735395366293
 21
3325.20890728683
 31
0.0
  0
LINE
  5
47
330
17
100
AcDbEntity
  8
COTA
 62
7
370
25
100
AcDbLine
 10
5242.735395366341
 20
3191.208907286828
 30
0.0
 11
5242.735395366293
 21
3325.20890728683
 31
0.0
  0
LINE
  5
48
330
17
100
AcDbEntity
  8
Painéis
 62
7
370
25
100
AcDbLine
 10
5700.694422665823
 20
2919.20890728683
 30
0.0
 11
5724.694422665823
 21
2919.20890728683
 31
0.0
  0
LINE
  5
49
330
17
100
AcDbEntity
  8
Painéis
 62
7
370
25
100
AcDbLine
 10
5724.694422665823
 20
2919.20890728683
 30
0.0
 11
5724.69442266582
 21
3191.208907286819
 31
0.0
  0
LINE
  5
4A
330
17
100
AcDbEntity
  8
Painéis
 62
7
370
25
100
AcDbLine
 10
5700.694422665823
 20
3191.20890728682
 30
0.0
 11
5700.694422665823
 21
2919.20890728683
 31
0.0
  0
LINE
  5
4B
330
17
100
AcDbEntity
  8
Painéis
 62
7
370
25
100
AcDbLine
 10
5850.813608656419
 20
2919.20890728683
 30
0.0
 11
5874.813608656419
 21
2919.20890728683
 31
0.0
  0
LINE
  5
4C
330
17
100
AcDbEntity
  8
Painéis
 62
7
370
25
100
AcDbLine
 10
5874.813608656419
 20
2919.20890728683
 30
0.0
 11
5874.813608656412
 21
3191.208907286817
 31
0.0
  0
LINE
  5
4D
330
17
100
AcDbEntity
  8
Painéis
 62
7
370
25
100
AcDbLine
 10
5850.813608656419
 20
3191.208907286827
 30
0.0
 11
5850.813608656419
 21
2919.20890728683
 31
0.0
  0
LINE
  5
4E
330
17
100
AcDbEntity
  8
Painéis
 62
7
370
25
100
AcDbLine
 10
5324.735395366515
 20
2917.20890728632
 30
0.0
 11
5324.735395366515
 21
3191.208907286867
 31
0.0
  0
LINE
  5
4F
330
17
100
AcDbEntity
  8
Painéis
 62
7
370
25
100
AcDbLine
 10
5242.735395366523
 20
3191.208907286828
 30
0.0
 11
5242.735395366512
 21
2917.208907286349
 31
0.0
  0
LINE
  5
50
330
17
100
AcDbEntity
  8
Painéis
 62
7
370
25
100
AcDbLine
 10
5242.735395366512
 20
2919.20890728683
 30
0.0
 11
5324.735395366515
 21
2919.20890728683
 31
0.0
  0
LINE
  5
51
330
17
100
AcDbEntity
  8
Defpoints
 62
7
370
25
100
AcDbLine
 10
4835.672502884685
 20
3462.925772606979
 30
0.0
 11
4835.672502884685
 21
3587.925772606979
 31
0.0
  0
LINE
  5
52
330
17
100
AcDbEntity
  8
Hachura
 62
7
370
25
100
AcDbLine
 10
4923.706455706599
 20
3403.868368604202
 30
0.0
 11
4923.706455706599
 21
3404.513291059036
 31
0.0
  0
LINE
  5
53
330
17
100
AcDbEntity
  8
Hachura
 62
7
370
25
100
AcDbLine
 10
4923.706455706599
 20
3405.029229018616
 30
0.0
 11
4921.771688342096
 21
3404.061845336363
 31
0.0
  0
LINE
  5
54
330
17
100
AcDbEntity
  8
Hachura
 62
7
370
25
100
AcDbLine
 10
4923.779139037445
 20
3404.936586178064
 30
0.0
 11
4921.613526279887
 21
3403.8537798421635
 31
0.0
  0
LINE
  5
55
330
17
100
AcDbEntity
  8
Hachura
 62
7
370
25
100
AcDbLine
 10
4921.671964170309
 20
3403.625029764706
 30
0.0
 11
4923.8125418389745
 21
3404.695318620478
 31
0.0
  0
LINE
  5
56
330
17
100
AcDbEntity
  8
Hachura
 62
7
370
25
100
AcDbLine
 10
4921.771688342096
 20
3403.545907376787
 30
0.0
 11
4923.706455706599
 21
3404.513291059036
 31
0.0
  0
LINE
  5
57
330
17
100
AcDbEntity
  8
Hachura
 62
7
370
25
100
AcDbLine
 10
4921.771688342096
 20
3402.900984921953
 30
0.0
 11
4921.771688342096
 21
3403.545907376787
 31
0.0
  0
LINE
  5
58
330
17
100
AcDbEntity
  8
Hachura
 62
7
370
25
100
AcDbLine
 10
4921.771688342096
 20
3401.2241865372407
 30
0.0
 11
4921.771688342096
 21
3400.5792640824066
 31
0.0
  0
LINE
  5
59
330
17
100
AcDbEntity
  8
Hachura
 62
7
370
25
100
AcDbLine
 10
4921.771688342096
 20
3402.1731923025354
 30
0.0
 11
4921.771688342096
 21
3402.3850469516506
 31
0.0
  0
LINE
  5
5A
330
17
100
AcDbEntity
  8
Hachura
 62
7
370
25
100
AcDbLine
 10
4921.771688342096
 20
3402.1731923025354
 30
0.0
 11
4921.771688342096
 21
3401.740124496821
 31
0.0
  0
LINE
  5
5B
330
17
100
AcDbEntity
  8
Hachura
 62
7
370
25
100
AcDbLine
 10
4923.706455706599
 20
3402.70750817907
 30
0.0
 11
4923.706455706599
 21
3403.352430633904
 31
0.0
  0
LINE
  5
5C
330
17
100
AcDbEntity
  8
Hachura
 62
7
370
25
100
AcDbLine
 10
4923.706455706599
 20
3401.5466477646555
 30
0.0
 11
4923.706455706599
 21
3402.1915702194897
 31
0.0
  0
LINE
  5
5D
330
17
100
AcDbEntity
  8
Hachura
 62
7
370
25
100
AcDbLine
 10
4923.706455706599
 20
3403.868368604202
 30
0.0
 11
4921.771688342096
 21
3402.900984921953
 31
0.0
  0
LINE
  5
5E
330
17
100
AcDbEntity
  8
Hachura
 62
7
370
25
100
AcDbLine
 10
4923.779139037445
 20
3403.775725752932
 30
0.0
 11
4921.613526279887
 21
3402.6929194170316
 31
0.0
  0
LINE
  5
5F
330
17
100
AcDbEntity
  8
Hachura
 62
7
370
25
100
AcDbLine
 10
4921.671964170309
 20
3402.464169350296
 30
0.0
 11
4923.8125418389745
 21
3403.534458195346
 31
0.0
  0
LINE
  5
60
330
17
100
AcDbEntity
  8
Hachura
 62
7
370
25
100
AcDbLine
 10
4921.771688342096
 20
3402.3850469516506
 30
0.0
 11
4923.706455706599
 21
3403.352430633904
 31
0.0
  0
LINE
  5
61
330
17
100
AcDbEntity
  8
Hachura
 62
7
370
25
100
AcDbLine
 10
4923.706455706599
 20
3401.5466477646555
 30
0.0
 11
4921.771688342096
 21
3400.5792640824066
 31
0.0
  0
LINE
  5
62
330
17
100
AcDbEntity
  8
Hachura
 62
7
370
25
100
AcDbLine
 10
4923.706455706599
 20
3402.70750817907
 30
0.0
 11
4921.771688342096
 21
3401.740124496821
 31
0.0
  0
LINE
  5
63
330
17
100
AcDbEntity
  8
Hachura
 62
7
370
25
100
AcDbLine
 10
4923.779139037445
 20
3402.6148653385176
 30
0.0
 11
4921.613526279887
 21
3401.532059002617
 31
0.0
  0
LINE
  5
64
330
17
100
AcDbEntity
  8
Hachura
 62
7
370
25
100
AcDbLine
 10
4921.671964170309
 20
3401.3033089358814
 30
0.0
 11
4923.8125418389745
 21
3402.373597780931
 31
0.0
  0
LINE
  5
65
330
17
100
AcDbEntity
  8
Hachura
 62
7
370
25
100
AcDbLine
 10
4921.771688342096
 20
3401.2241865372407
 30
0.0
 11
4923.706455706599
 21
3402.1915702194897
 31
0.0
  0
LINE
  5
66
330
17
100
AcDbEntity
  8
Hachura
 62
7
370
25
100
AcDbLine
 10
4922.029450012531
 20
3405.351586607435
 30
0.0
 11
4921.771688342096
 21
3405.2227057507775
 31
0.0
  0
LINE
  5
67
330
17
100
AcDbEntity
  8
Hachura
 62
7
370
25
100
AcDbLine
 10
4922.287419003041
 20
3405.351586607435
 30
0.0
 11
4921.613526279887
 21
3405.0146402458563
 31
0.0
  0
LINE
  5
68
330
17
100
AcDbEntity
  8
Hachura
 62
7
370
25
100
AcDbLine
 10
4921.771688342096
 20
3405.2227057507775
 30
0.0
 11
4921.771688342096
 21
3405.351586607435
 31
0.0
  0
LINE
  5
69
330
17
100
AcDbEntity
  8
Hachura
 62
7
370
25
100
AcDbLine
 10
4921.773480127817
 20
3405.349976510852
 30
0.0
 11
4922.095941355234
 21
3405.67243775971
 31
0.0
  0
LINE
  5
6A
330
17
100
AcDbEntity
  8
Hachura
 62
7
370
25
100
AcDbLine
 10
4921.771688342096
 20
3404.7067677911973
 30
0.0
 11
4921.771688342096
 21
3404.061845336363
 31
0.0
  0
LINE
  5
6B
330
17
100
AcDbEntity
  8
Hachura
 62
7
370
25
100
AcDbLine
 10
4923.706455706599
 20
3405.029229018616
 30
0.0
 11
4923.706455706599
 21
3405.351586607435
 31
0.0
  0
LINE
  5
6C
330
17
100
AcDbEntity
  8
Hachura
 62
7
370
25
100
AcDbLine
 10
4923.70833299309
 20
3405.3499765322913
 30
0.0
 11
4923.70833299309
 21
3405.349899114218
 31
0.0
  0
LINE
  5
6D
330
17
100
AcDbEntity
  8
Hachura
 62
7
370
25
100
AcDbLine
 10
4923.70833299309
 20
3405.3499765322913
 30
0.0
 11
4923.385786264902
 21
3405.67243775971
 31
0.0
  0
LINE
  5
6E
330
17
100
AcDbEntity
  8
Hachura
 62
7
370
25
100
AcDbLine
 10
4923.706455706599
 20
3403.140575974067
 30
0.0
 11
4923.706455706599
 21
3403.352430623182
 31
0.0
  0
LINE
  5
6F
330
17
100
AcDbEntity
  8
Hachura
 62
7
370
25
100
AcDbLine
 10
4921.671964170309
 20
3404.7858901791205
 30
0.0
 11
4922.803356984058
 21
3405.351586607435
 31
0.0
  0
LINE
  5
70
330
17
100
AcDbEntity
  8
Hachura
 62
7
370
25
100
AcDbLine
 10
4921.771688342096
 20
3404.7067677911973
 30
0.0
 11
4923.061325931689
 21
3405.351586607435
 31
0.0
  0
LINE
  5
71
330
17
100
AcDbEntity
  8
Hachura
 62
7
370
25
100
AcDbLine
 10
4923.385786264902
 20
3405.67243775971
 30
0.0
 11
4922.095941355234
 21
3405.67243775971
 31
0.0
  0
LINE
  5
72
330
17
100
AcDbEntity
  8
Hachura
 62
7
370
25
100
AcDbLine
 10
4923.706455706599
 20
3405.029229018616
 30
0.0
 11
4921.771688342096
 21
3404.061845336363
 31
0.0
  0
LINE
  5
73
330
17
100
AcDbEntity
  8
Hachura
 62
7
370
25
100
AcDbLine
 10
4921.773480127817
 20
3405.349976510852
 30
0.0
 11
4923.708247492319
 21
3405.349976510852
 31
0.0
  0
LINE
  5
74
330
17
100
AcDbEntity
  8
Hachura
 62
7
370
25
100
AcDbLine
 10
4917.178124849972
 20
3393.872070554277
 30
0.0
 11
4924.992786594603
 21
3393.872070554277
 31
0.0
  0
LINE
  5
75
330
17
100
AcDbEntity
  8
Hachura
 62
7
370
25
100
AcDbLine
 10
4920.997781370569
 20
3400.5792640824066
 30
0.0
 11
4924.351378161433
 21
3400.5792640824066
 31
0.0
  0
LINE
  5
76
330
17
100
AcDbEntity
  8
Hachura
 62
7
370
25
100
AcDbLine
 10
4920.997781370569
 20
3400.5115472250777
 30
0.0
 11
4924.351378161433
 21
3400.5115472250777
 31
0.0
  0
LINE
  5
77
330
17
100
AcDbEntity
  8
Hachura
 62
7
370
25
100
AcDbLine
 10
4924.609347109064
 20
3397.3546518082367
 30
0.0
 11
4920.739812380059
 21
3397.3546518082367
 31
0.0
  0
LINE
  5
78
330
17
100
AcDbEntity
  8
Hachura
 62
7
370
25
100
AcDbLine
 10
4929.123804292901
 20
3394.774961988901
 30
0.0
 11
4916.225355196222
 21
3394.7749619889014
 31
0.0
  0
LINE
  5
79
330
17
100
AcDbEntity
  8
Hachura
 62
7
370
25
100
AcDbLine
 10
4916.225355196222
 20
3393.872070554277
 30
0.0
 11
4929.120262528508
 21
3393.872070554277
 31
0.0
  0
LINE
  5
7A
330
17
100
AcDbEntity
  8
Hachura
 62
7
370
25
100
AcDbLine
 10
4923.319502199396
 20
3400.5792640824066
 30
0.0
 11
4923.319502199396
 21
3397.3546518082367
 31
0.0
  0
LINE
  5
7B
330
17
100
AcDbEntity
  8
Hachura
 62
7
370
25
100
AcDbLine
 10
4924.351378161433
 20
3400.5792640824066
 30
0.0
 11
4924.351378161433
 21
3397.3546518082367
 31
0.0
  0
LINE
  5
7C
330
17
100
AcDbEntity
  8
Hachura
 62
7
370
25
100
AcDbLine
 10
4922.674579744562
 20
3394.774961988901
 30
0.0
 11
4924.609347109064
 21
3394.774961988901
 31
0.0
  0
LINE
  5
7D
330
17
100
AcDbEntity
  8
Hachura
 62
7
370
25
100
AcDbLine
 10
4923.96442465423
 20
3394.774961988901
 30
0.0
 11
4923.319502199396
 21
3394.774961988901
 31
0.0
  0
LINE
  5
7E
330
17
100
AcDbEntity
  8
Hachura
 62
7
370
25
100
AcDbLine
 10
4922.680220106923
 20
3394.774961988901
 30
0.0
 11
4922.680220106923
 21
3393.872070554277
 31
0.0
  0
LINE
  5
7F
330
17
100
AcDbEntity
  8
Hachura
 62
7
370
25
100
AcDbLine
 10
4922.986761798272
 20
3394.774961988901
 30
0.0
 11
4922.986761798272
 21
3396.7741211783587
 31
0.0
  0
LINE
  5
80
330
17
100
AcDbEntity
  8
Hachura
 62
7
370
25
100
AcDbLine
 10
4922.4708238172525
 20
3396.7741211783587
 30
0.0
 11
4922.4708238172525
 21
3394.774961988901
 31
0.0
  0
LINE
  5
81
330
17
100
AcDbEntity
  8
Hachura
 62
7
370
25
100
AcDbLine
 10
4925.714456368294
 20
3394.7932365459683
 30
0.0
 11
4925.714456368294
 21
3393.866013870887
 31
0.0
  0
LINE
  5
82
330
17
100
AcDbEntity
  8
Hachura
 62
7
370
25
100
AcDbLine
 10
4923.63419537731
 20
3394.0221164321993
 30
0.0
 11
4923.63419537731
 21
3394.455184237919
 31
0.0
  0
LINE
  5
83
330
17
100
AcDbEntity
  8
Hachura
 62
7
370
25
100
AcDbLine
 10
4924.609347109064
 20
3394.774961988901
 30
0.0
 11
4924.609347109064
 21
3397.3546518082367
 31
0.0
  0
LINE
  5
84
330
17
100
AcDbEntity
  8
Hachura
 62
7
370
25
100
AcDbLine
 10
4923.63419537731
 20
3394.455184237919
 30
0.0
 11
4923.63419537731
 21
3394.6670388870334
 31
0.0
  0
LINE
  5
85
330
17
100
AcDbEntity
  8
Hachura
 62
7
370
25
100
AcDbLine
 10
4929.120262528508
 20
3393.872070554277
 30
0.0
 11
4929.120262528508
 21
3399.0087391363627
 31
0.0
  0
LINE
  5
86
330
17
100
AcDbEntity
  8
Hachura
 62
7
370
25
100
AcDbLine
 10
4927.447005918908
 20
3399.031450192949
 30
0.0
 11
4926.865345844853
 21
3396.8211418750957
 31
0.0
  0
LINE
  5
87
330
17
100
AcDbEntity
  8
Hachura
 62
7
370
25
100
AcDbLine
 10
4929.123804292901
 20
3399.031450192949
 30
0.0
 11
4927.447005918908
 21
3399.031450192949
 31
0.0
  0
LINE
  5
88
330
17
100
AcDbEntity
  8
Hachura
 62
7
370
25
100
AcDbLine
 10
4926.55350180648
 20
3396.5807448688674
 30
0.0
 11
4924.609347109064
 21
3396.5807448688674
 31
0.0
  0
LINE
  5
89
330
17
100
AcDbEntity
  8
Hachura
 62
7
370
25
100
AcDbLine
 10
4929.123804292901
 20
3394.774961988901
 30
0.0
 11
4923.96442465423
 21
3394.774961988901
 31
0.0
  0
LINE
  5
8A
330
17
100
AcDbEntity
  8
Hachura
 62
7
370
25
100
AcDbLine
 10
4917.902153613093
 20
3399.031450192949
 30
0.0
 11
4918.483813687148
 21
3396.8211418750957
 31
0.0
  0
LINE
  5
8B
330
17
100
AcDbEntity
  8
Hachura
 62
7
370
25
100
AcDbLine
 10
4920.997781370569
 20
3397.3546518082367
 30
0.0
 11
4920.997781370569
 21
3400.5792640824066
 31
0.0
  0
LINE
  5
8C
330
17
100
AcDbEntity
  8
Hachura
 62
7
370
25
100
AcDbLine
 10
4921.771688342096
 20
3400.5792640824066
 30
0.0
 11
4921.771688342096
 21
3397.3546518082367
 31
0.0
  0
LINE
  5
8D
330
17
100
AcDbEntity
  8
Hachura
 62
7
370
25
100
AcDbLine
 10
4919.648441774084
 20
3394.7932365459687
 30
0.0
 11
4919.648441774084
 21
3393.872070554277
 31
0.0
  0
LINE
  5
8E
330
17
100
AcDbEntity
  8
Hachura
 62
7
370
25
100
AcDbLine
 10
4921.699428012807
 20
3394.6486609700814
 30
0.0
 11
4921.699428012807
 21
3394.215593175082
 31
0.0
  0
LINE
  5
8F
330
17
100
AcDbEntity
  8
Hachura
 62
7
370
25
100
AcDbLine
 10
4918.216188169219
 20
3394.7932365459687
 30
0.0
 11
4918.216188169219
 21
3393.866013870887
 31
0.0
  0
LINE
  5
90
330
17
100
AcDbEntity
  8
Hachura
 62
7
370
25
100
AcDbLine
 10
4920.739812380059
 20
3397.3546518082367
 30
0.0
 11
4920.739812380059
 21
3394.7749619889014
 31
0.0
  0
LINE
  5
91
330
17
100
AcDbEntity
  8
Hachura
 62
7
370
25
100
AcDbLine
 10
4920.739812380059
 20
3397.3546518082367
 30
0.0
 11
4920.997781370569
 21
3397.3546518082367
 31
0.0
  0
LINE
  5
92
330
17
100
AcDbEntity
  8
Hachura
 62
7
370
25
100
AcDbLine
 10
4920.739812380059
 20
3397.3546518082367
 30
0.0
 11
4920.997781370569
 21
3397.3546518082367
 31
0.0
  0
LINE
  5
93
330
17
100
AcDbEntity
  8
Hachura
 62
7
370
25
100
AcDbLine
 10
4918.795657725524
 20
3396.5807448688674
 30
0.0
 11
4920.743694303738
 21
3396.5807448688674
 31
0.0
  0
LINE
  5
94
330
17
100
AcDbEntity
  8
Hachura
 62
7
370
25
100
AcDbLine
 10
4916.225355196222
 20
3394.7749619889014
 30
0.0
 11
4916.225355196222
 21
3399.031450192949
 31
0.0
  0
LINE
  5
95
330
17
100
AcDbEntity
  8
Hachura
 62
7
370
25
100
AcDbLine
 10
4916.225355196222
 20
3394.7749619889014
 30
0.0
 11
4916.225355196222
 21
3393.872070554277
 31
0.0
  0
LINE
  5
96
330
17
100
AcDbEntity
  8
Hachura
 62
7
370
25
100
AcDbLine
 10
4917.373686253017
 20
3394.7932365459687
 30
0.0
 11
4917.373686253017
 21
3393.866013870887
 31
0.0
  0
LINE
  5
97
330
17
100
AcDbEntity
  8
Hachura
 62
7
370
25
100
AcDbLine
 10
4916.910310021158
 20
3394.7932365459687
 30
0.0
 11
4916.910310021158
 21
3393.866013870887
 31
0.0
  0
LINE
  5
98
330
17
100
AcDbEntity
  8
Hachura
 62
7
370
25
100
AcDbLine
 10
4916.57330928898
 20
3394.7932365459687
 30
0.0
 11
4916.57330928898
 21
3393.866013870887
 31
0.0
  0
LINE
  5
99
330
17
100
AcDbEntity
  8
Hachura
 62
7
370
25
100
AcDbLine
 10
4916.362683541935
 20
3394.7932365459687
 30
0.0
 11
4916.362683541935
 21
3393.866013870887
 31
0.0
  0
LINE
  5
9A
330
17
100
AcDbEntity
  8
Hachura
 62
7
370
25
100
AcDbLine
 10
4916.225355196222
 20
3399.031450192949
 30
0.0
 11
4917.902153613093
 21
3399.031450192949
 31
0.0
  0
LINE
  5
9B
330
17
100
AcDbEntity
  8
Hachura
 62
7
370
25
100
AcDbLine
 10
4922.545595289607
 20
3400.5792640824066
 30
0.0
 11
4923.8125418425725
 21
3401.212737365233
 31
0.0
  0
LINE
  5
9C
330
17
100
AcDbEntity
  8
Hachura
 62
7
370
25
100
AcDbLine
 10
4922.803564267426
 20
3400.5792640824066
 30
0.0
 11
4923.706455710197
 21
3401.030709803791
 31
0.0
  0
LINE
  5
9D
330
17
100
AcDbEntity
  8
Hachura
 62
7
370
25
100
AcDbLine
 10
4923.706455710198
 20
3400.5792640824066
 30
0.0
 11
4923.706455710198
 21
3401.0307098037915
 31
0.0
  0
LINE
  5
9E
330
17
100
AcDbEntity
  8
Hachura
 62
7
370
25
100
AcDbLine
 10
4927.129429555511
 20
3394.7932365459683
 30
0.0
 11
4927.129429555511
 21
3393.866013870887
 31
0.0
  0
LINE
  5
9F
330
17
100
AcDbEntity
  8
Hachura
 62
7
370
25
100
AcDbLine
 10
4927.971931471713
 20
3394.7932365459683
 30
0.0
 11
4927.971931471713
 21
3393.866013870887
 31
0.0
  0
LINE
  5
A0
330
17
100
AcDbEntity
  8
Hachura
 62
7
370
25
100
AcDbLine
 10
4928.435307703572
 20
3394.7932365459683
 30
0.0
 11
4928.435307703572
 21
3393.866013870887
 31
0.0
  0
LINE
  5
A1
330
17
100
AcDbEntity
  8
Hachura
 62
7
370
25
100
AcDbLine
 10
4928.772308435749
 20
3394.7932365459683
 30
0.0
 11
4928.772308435749
 21
3393.866013870887
 31
0.0
  0
LINE
  5
A2
330
17
100
AcDbEntity
  8
Hachura
 62
7
370
25
100
AcDbLine
 10
4928.982934182794
 20
3394.7932365459683
 30
0.0
 11
4928.982934182794
 21
3393.866013870887
 31
0.0
  0
LINE
  5
A3
330
17
100
AcDbEntity
  8
Hachura
 62
7
370
25
100
AcDbLine
 10
4923.70583344246
 20
3259.875772582233
 30
0.0
 11
4923.70583344246
 21
3259.2308501273988
 31
0.0
  0
LINE
  5
A4
330
17
100
AcDbEntity
  8
Hachura
 62
7
370
25
100
AcDbLine
 10
4923.70583344246
 20
3258.7149121678185
 30
0.0
 11
4921.771066077958
 21
3259.6822958500716
 31
0.0
  0
LINE
  5
A5
330
17
100
AcDbEntity
  8
Hachura
 62
7
370
25
100
AcDbLine
 10
4923.778516773306
 20
3258.807555008371
 30
0.0
 11
4921.612904015748
 21
3259.8903613442712
 31
0.0
  0
LINE
  5
A6
330
17
100
AcDbEntity
  8
Hachura
 62
7
370
25
100
AcDbLine
 10
4921.671341906171
 20
3260.1191114217286
 30
0.0
 11
4923.811919574836
 21
3259.048822565957
 31
0.0
  0
LINE
  5
A7
330
17
100
AcDbEntity
  8
Hachura
 62
7
370
25
100
AcDbLine
 10
4921.771066077958
 20
3260.1982338096477
 30
0.0
 11
4923.70583344246
 21
3259.2308501273988
 31
0.0
  0
LINE
  5
A8
330
17
100
AcDbEntity
  8
Hachura
 62
7
370
25
100
AcDbLine
 10
4921.771066077958
 20
3260.843156264482
 30
0.0
 11
4921.771066077958
 21
3260.1982338096477
 31
0.0
  0
LINE
  5
A9
330
17
100
AcDbEntity
  8
Hachura
 62
7
370
25
100
AcDbLine
 10
4921.771066077958
 20
3262.519954649194
 30
0.0
 11
4921.771066077958
 21
3263.164877104028
 31
0.0
  0
LINE
  5
AA
330
17
100
AcDbEntity
  8
Hachura
 62
7
370
25
100
AcDbLine
 10
4921.771066077958
 20
3261.5709488838993
 30
0.0
 11
4921.771066077958
 21
3261.359094234784
 31
0.0
  0
LINE
  5
AB
330
17
100
AcDbEntity
  8
Hachura
 62
7
370
25
100
AcDbLine
 10
4921.771066077958
 20
3261.5709488838993
 30
0.0
 11
4921.771066077958
 21
3262.0040166896138
 31
0.0
  0
LINE
  5
AC
330
17
100
AcDbEntity
  8
Hachura
 62
7
370
25
100
AcDbLine
 10
4923.70583344246
 20
3261.036633007365
 30
0.0
 11
4923.70583344246
 21
3260.3917105525306
 31
0.0
  0
LINE
  5
AD
330
17
100
AcDbEntity
  8
Hachura
 62
7
370
25
100
AcDbLine
 10
4923.70583344246
 20
3262.197493421779
 30
0.0
 11
4923.70583344246
 21
3261.552570966945
 31
0.0
  0
LINE
  5
AE
330
17
100
AcDbEntity
  8
Hachura
 62
7
370
25
100
AcDbLine
 10
4923.70583344246
 20
3259.875772582233
 30
0.0
 11
4921.771066077958
 21
3260.843156264482
 31
0.0
  0
LINE
  5
AF
330
17
100
AcDbEntity
  8
Hachura
 62
7
370
25
100
AcDbLine
 10
4923.778516773306
 20
3259.9684154335027
 30
0.0
 11
4921.612904015748
 21
3261.051221769403
 31
0.0
  0
LINE
  5
B0
330
17
100
AcDbEntity
  8
Hachura
 62
7
370
25
100
AcDbLine
 10
4921.671341906171
 20
3261.279971836139
 30
0.0
 11
4923.811919574836
 21
3260.209682991089
 31
0.0
  0
LINE
  5
B1
330
17
100
AcDbEntity
  8
Hachura
 62
7
370
25
100
AcDbLine
 10
4921.771066077958
 20
3261.359094234784
 30
0.0
 11
4923.70583344246
 21
3260.3917105525306
 31
0.0
  0
LINE
  5
B2
330
17
100
AcDbEntity
  8
Hachura
 62
7
370
25
100
AcDbLine
 10
4923.70583344246
 20
3262.197493421779
 30
0.0
 11
4921.771066077958
 21
3263.164877104028
 31
0.0
  0
LINE
  5
B3
330
17
100
AcDbEntity
  8
Hachura
 62
7
370
25
100
AcDbLine
 10
4923.70583344246
 20
3261.036633007365
 30
0.0
 11
4921.771066077958
 21
3262.0040166896138
 31
0.0
  0
LINE
  5
B4
330
17
100
AcDbEntity
  8
Hachura
 62
7
370
25
100
AcDbLine
 10
4923.778516773306
 20
3261.129275847917
 30
0.0
 11
4921.612904015748
 21
3262.2120821838175
 31
0.0
  0
LINE
  5
B5
330
17
100
AcDbEntity
  8
Hachura
 62
7
370
25
100
AcDbLine
 10
4921.671341906171
 20
3262.4408322505533
 30
0.0
 11
4923.811919574836
 21
3261.3705434055037
 31
0.0
  0
LINE
  5
B6
330
17
100
AcDbEntity
  8
Hachura
 62
7
370
25
100
AcDbLine
 10
4921.771066077958
 20
3262.519954649194
 30
0.0
 11
4923.70583344246
 21
3261.552570966945
 31
0.0
  0
LINE
  5
B7
330
17
100
AcDbEntity
  8
Hachura
 62
7
370
25
100
AcDbLine
 10
4922.028827748392
 20
3258.392554579
 30
0.0
 11
4921.771066077958
 21
3258.521435435657
 31
0.0
  0
LINE
  5
B8
330
17
100
AcDbEntity
  8
Hachura
 62
7
370
25
100
AcDbLine
 10
4922.286796738902
 20
3258.392554579
 30
0.0
 11
4921.612904015748
 21
3258.7295009405784
 31
0.0
  0
LINE
  5
B9
330
17
100
AcDbEntity
  8
Hachura
 62
7
370
25
100
AcDbLine
 10
4921.771066077958
 20
3258.521435435657
 30
0.0
 11
4921.771066077958
 21
3258.392554579
 31
0.0
  0
LINE
  5
BA
330
17
100
AcDbEntity
  8
Hachura
 62
7
370
25
100
AcDbLine
 10
4921.772857863678
 20
3258.394164675583
 30
0.0
 11
4922.095319091095
 21
3258.0717034267245
 31
0.0
  0
LINE
  5
BB
330
17
100
AcDbEntity
  8
Hachura
 62
7
370
25
100
AcDbLine
 10
4921.771066077958
 20
3259.0373733952374
 30
0.0
 11
4921.771066077958
 21
3259.6822958500716
 31
0.0
  0
LINE
  5
BC
330
17
100
AcDbEntity
  8
Hachura
 62
7
370
25
100
AcDbLine
 10
4923.70583344246
 20
3258.7149121678185
 30
0.0
 11
4923.70583344246
 21
3258.392554579
 31
0.0
  0
LINE
  5
BD
330
17
100
AcDbEntity
  8
Hachura
 62
7
370
25
100
AcDbLine
 10
4923.7077107289515
 20
3258.3941646541434
 30
0.0
 11
4923.7077107289515
 21
3258.394242072217
 31
0.0
  0
LINE
  5
BE
330
17
100
AcDbEntity
  8
Hachura
 62
7
370
25
100
AcDbLine
 10
4923.7077107289515
 20
3258.3941646541434
 30
0.0
 11
4923.385164000763
 21
3258.0717034267245
 31
0.0
  0
LINE
  5
BF
330
17
100
AcDbEntity
  8
Hachura
 62
7
370
25
100
AcDbLine
 10
4923.70583344246
 20
3260.603565212368
 30
0.0
 11
4923.70583344246
 21
3260.3917105632527
 31
0.0
  0
LINE
  5
C0
330
17
100
AcDbEntity
  8
Hachura
 62
7
370
25
100
AcDbLine
 10
4921.671341906171
 20
3258.958251007314
 30
0.0
 11
4922.8027347199195
 21
3258.392554579
 31
0.0
  0
LINE
  5
C1
330
17
100
AcDbEntity
  8
Hachura
 62
7
370
25
100
AcDbLine
 10
4921.771066077958
 20
3259.0373733952374
 30
0.0
 11
4923.06070366755
 21
3258.392554579
 31
0.0
  0
LINE
  5
C2
330
17
100
AcDbEntity
  8
Hachura
 62
7
370
25
100
AcDbLine
 10
4923.385164000763
 20
3258.0717034267245
 30
0.0
 11
4922.095319091095
 21
3258.0717034267245
 31
0.0
  0
LINE
  5
C3
330
17
100
AcDbEntity
  8
Hachura
 62
7
370
25
100
AcDbLine
 10
4923.70583344246
 20
3258.7149121678185
 30
0.0
 11
4921.771066077958
 21
3259.6822958500716
 31
0.0
  0
LINE
  5
C4
330
17
100
AcDbEntity
  8
Hachura
 62
7
370
25
100
AcDbLine
 10
4921.772857863678
 20
3258.394164675583
 30
0.0
 11
4923.70762522818
 21
3258.394164675583
 31
0.0
  0
LINE
  5
C5
330
17
100
AcDbEntity
  8
Hachura
 62
7
370
25
100
AcDbLine
 10
4917.177502585833
 20
3269.872070632158
 30
0.0
 11
4924.992164330464
 21
3269.872070632158
 31
0.0
  0
LINE
  5
C6
330
17
100
AcDbEntity
  8
Hachura
 62
7
370
25
100
AcDbLine
 10
4920.99715910643
 20
3263.164877104028
 30
0.0
 11
4924.350755897294
 21
3263.164877104028
 31
0.0
  0
LINE
  5
C7
330
17
100
AcDbEntity
  8
Hachura
 62
7
370
25
100
AcDbLine
 10
4920.99715910643
 20
3263.232593961357
 30
0.0
 11
4924.350755897294
 21
3263.232593961357
 31
0.0
  0
LINE
  5
C8
330
17
100
AcDbEntity
  8
Hachura
 62
7
370
25
100
AcDbLine
 10
4924.608724844926
 20
3266.389489378198
 30
0.0
 11
4920.739190115921
 21
3266.389489378198
 31
0.0
  0
LINE
  5
C9
330
17
100
AcDbEntity
  8
Hachura
 62
7
370
25
100
AcDbLine
 10
4929.123182028762
 20
3268.9691791975333
 30
0.0
 11
4916.2247329320835
 21
3268.969179197534
 31
0.0
  0
LINE
  5
CA
330
17
100
AcDbEntity
  8
Hachura
 62
7
370
25
100
AcDbLine
 10
4916.2247329320835
 20
3269.872070632158
 30
0.0
 11
4929.119640264369
 21
3269.872070632158
 31
0.0
  0
LINE
  5
CB
330
17
100
AcDbEntity
  8
Hachura
 62
7
370
25
100
AcDbLine
 10
4923.318879935257
 20
3263.164877104028
 30
0.0
 11
4923.318879935257
 21
3266.389489378198
 31
0.0
  0
LINE
  5
CC
330
17
100
AcDbEntity
  8
Hachura
 62
7
370
25
100
AcDbLine
 10
4924.350755897294
 20
3263.164877104028
 30
0.0
 11
4924.350755897294
 21
3266.389489378198
 31
0.0
  0
LINE
  5
CD
330
17
100
AcDbEntity
  8
Hachura
 62
7
370
25
100
AcDbLine
 10
4922.673957480423
 20
3268.969179197534
 30
0.0
 11
4924.608724844926
 21
3268.9691791975333
 31
0.0
  0
LINE
  5
CE
330
17
100
AcDbEntity
  8
Hachura
 62
7
370
25
100
AcDbLine
 10
4923.963802390092
 20
3268.9691791975333
 30
0.0
 11
4923.318879935257
 21
3268.969179197534
 31
0.0
  0
LINE
  5
CF
330
17
100
AcDbEntity
  8
Hachura
 62
7
370
25
100
AcDbLine
 10
4922.6795978427845
 20
3268.969179197534
 30
0.0
 11
4922.6795978427845
 21
3269.872070632158
 31
0.0
  0
LINE
  5
D0
330
17
100
AcDbEntity
  8
Hachura
 62
7
370
25
100
AcDbLine
 10
4922.986139534133
 20
3268.969179197534
 30
0.0
 11
4922.986139534133
 21
3266.970020008076
 31
0.0
  0
LINE
  5
D1
330
17
100
AcDbEntity
  8
Hachura
 62
7
370
25
100
AcDbLine
 10
4922.470201553114
 20
3266.970020008076
 30
0.0
 11
4922.470201553114
 21
3268.969179197534
 31
0.0
  0
LINE
  5
D2
330
17
100
AcDbEntity
  8
Hachura
 62
7
370
25
100
AcDbLine
 10
4925.7138341041555
 20
3268.950904640466
 30
0.0
 11
4925.7138341041555
 21
3269.8781273155478
 31
0.0
  0
LINE
  5
D3
330
17
100
AcDbEntity
  8
Hachura
 62
7
370
25
100
AcDbLine
 10
4923.633573113171
 20
3269.7220247542355
 30
0.0
 11
4923.633573113171
 21
3269.2889569485155
 31
0.0
  0
LINE
  5
D4
330
17
100
AcDbEntity
  8
Hachura
 62
7
370
25
100
AcDbLine
 10
4924.608724844926
 20
3268.9691791975333
 30
0.0
 11
4924.608724844926
 21
3266.389489378198
 31
0.0
  0
LINE
  5
D5
330
17
100
AcDbEntity
  8
Hachura
 62
7
370
25
100
AcDbLine
 10
4923.633573113171
 20
3269.2889569485155
 30
0.0
 11
4923.633573113171
 21
3269.0771022994013
 31
0.0
  0
LINE
  5
D6
330
17
100
AcDbEntity
  8
Hachura
 62
7
370
25
100
AcDbLine
 10
4929.119640264369
 20
3269.872070632158
 30
0.0
 11
4929.119640264369
 21
3264.735402050072
 31
0.0
  0
LINE
  5
D7
330
17
100
AcDbEntity
  8
Hachura
 62
7
370
25
100
AcDbLine
 10
4927.446383654769
 20
3264.712690993486
 30
0.0
 11
4926.864723580715
 21
3266.922999311339
 31
0.0
  0
LINE
  5
D8
330
17
100
AcDbEntity
  8
Hachura
 62
7
370
25
100
AcDbLine
 10
4929.123182028762
 20
3264.712690993486
 30
0.0
 11
4927.446383654769
 21
3264.712690993486
 31
0.0
  0
LINE
  5
D9
330
17
100
AcDbEntity
  8
Hachura
 62
7
370
25
100
AcDbLine
 10
4926.5528795423415
 20
3267.1633963175673
 30
0.0
 11
4924.608724844926
 21
3267.1633963175673
 31
0.0
  0
LINE
  5
DA
330
17
100
AcDbEntity
  8
Hachura
 62
7
370
25
100
AcDbLine
 10
4929.123182028762
 20
3268.9691791975333
 30
0.0
 11
4923.963802390092
 21
3268.9691791975333
 31
0.0
  0
LINE
  5
DB
330
17
100
AcDbEntity
  8
Hachura
 62
7
370
25
100
AcDbLine
 10
4917.901531348954
 20
3264.712690993486
 30
0.0
 11
4918.483191423009
 21
3266.922999311339
 31
0.0
  0
LINE
  5
DC
330
17
100
AcDbEntity
  8
Hachura
 62
7
370
25
100
AcDbLine
 10
4920.99715910643
 20
3266.389489378198
 30
0.0
 11
4920.99715910643
 21
3263.164877104028
 31
0.0
  0
LINE
  5
DD
330
17
100
AcDbEntity
  8
Hachura
 62
7
370
25
100
AcDbLine
 10
4921.771066077958
 20
3263.164877104028
 30
0.0
 11
4921.771066077958
 21
3266.389489378198
 31
0.0
  0
LINE
  5
DE
330
17
100
AcDbEntity
  8
Hachura
 62
7
370
25
100
AcDbLine
 10
4919.647819509945
 20
3268.9509046404664
 30
0.0
 11
4919.647819509945
 21
3269.872070632158
 31
0.0
  0
LINE
  5
DF
330
17
100
AcDbEntity
  8
Hachura
 62
7
370
25
100
AcDbLine
 10
4921.698805748669
 20
3269.0954802163533
 30
0.0
 11
4921.698805748669
 21
3269.5285480113525
 31
0.0
  0
LINE
  5
E0
330
17
100
AcDbEntity
  8
Hachura
 62
7
370
25
100
AcDbLine
 10
4918.21556590508
 20
3268.9509046404664
 30
0.0
 11
4918.21556590508
 21
3269.8781273155478
 31
0.0
  0
LINE
  5
E1
330
17
100
AcDbEntity
  8
Hachura
 62
7
370
25
100
AcDbLine
 10
4920.739190115921
 20
3266.389489378198
 30
0.0
 11
4920.739190115921
 21
3268.969179197534
 31
0.0
  0
LINE
  5
E2
330
17
100
AcDbEntity
  8
Hachura
 62
7
370
25
100
AcDbLine
 10
4920.739190115921
 20
3266.389489378198
 30
0.0
 11
4920.99715910643
 21
3266.389489378198
 31
0.0
  0
LINE
  5
E3
330
17
100
AcDbEntity
  8
Hachura
 62
7
370
25
100
AcDbLine
 10
4920.739190115921
 20
3266.389489378198
 30
0.0
 11
4920.99715910643
 21
3266.389489378198
 31
0.0
  0
LINE
  5
E4
330
17
100
AcDbEntity
  8
Hachura
 62
7
370
25
100
AcDbLine
 10
4918.795035461385
 20
3267.1633963175673
 30
0.0
 11
4920.7430720396
 21
3267.1633963175673
 31
0.0
  0
LINE
  5
E5
330
17
100
AcDbEntity
  8
Hachura
 62
7
370
25
100
AcDbLine
 10
4916.2247329320835
 20
3268.969179197534
 30
0.0
 11
4916.2247329320835
 21
3264.712690993486
 31
0.0
  0
LINE
  5
E6
330
17
100
AcDbEntity
  8
Hachura
 62
7
370
25
100
AcDbLine
 10
4916.2247329320835
 20
3268.969179197534
 30
0.0
 11
4916.2247329320835
 21
3269.872070632158
 31
0.0
  0
LINE
  5
E7
330
17
100
AcDbEntity
  8
Hachura
 62
7
370
25
100
AcDbLine
 10
4917.373063988878
 20
3268.9509046404664
 30
0.0
 11
4917.373063988878
 21
3269.8781273155478
 31
0.0
  0
LINE
  5
E8
330
17
100
AcDbEntity
  8
Hachura
 62
7
370
25
100
AcDbLine
 10
4916.909687757019
 20
3268.9509046404664
 30
0.0
 11
4916.909687757019
 21
3269.8781273155478
 31
0.0
  0
LINE
  5
E9
330
17
100
AcDbEntity
  8
Hachura
 62
7
370
25
100
AcDbLine
 10
4916.572687024842
 20
3268.9509046404664
 30
0.0
 11
4916.572687024842
 21
3269.8781273155478
 31
0.0
  0
LINE
  5
EA
330
17
100
AcDbEntity
  8
Hachura
 62
7
370
25
100
AcDbLine
 10
4916.362061277797
 20
3268.9509046404664
 30
0.0
 11
4916.362061277797
 21
3269.8781273155478
 31
0.0
  0
LINE
  5
EB
330
17
100
AcDbEntity
  8
Hachura
 62
7
370
25
100
AcDbLine
 10
4916.2247329320835
 20
3264.712690993486
 30
0.0
 11
4917.901531348954
 21
3264.712690993486
 31
0.0
  0
LINE
  5
EC
330
17
100
AcDbEntity
  8
Hachura
 62
7
370
25
100
AcDbLine
 10
4922.544973025469
 20
3263.164877104028
 30
0.0
 11
4923.811919578434
 21
3262.531403821202
 31
0.0
  0
LINE
  5
ED
330
17
100
AcDbEntity
  8
Hachura
 62
7
370
25
100
AcDbLine
 10
4922.802942003287
 20
3263.164877104028
 30
0.0
 11
4923.705833446058
 21
3262.7134313826436
 31
0.0
  0
LINE
  5
EE
330
17
100
AcDbEntity
  8
Hachura
 62
7
370
25
100
AcDbLine
 10
4923.705833446059
 20
3263.164877104028
 30
0.0
 11
4923.705833446059
 21
3262.713431382643
 31
0.0
  0
LINE
  5
EF
330
17
100
AcDbEntity
  8
Hachura
 62
7
370
25
100
AcDbLine
 10
4927.128807291372
 20
3268.950904640466
 30
0.0
 11
4927.128807291372
 21
3269.8781273155478
 31
0.0
  0
LINE
  5
F0
330
17
100
AcDbEntity
  8
Hachura
 62
7
370
25
100
AcDbLine
 10
4927.971309207574
 20
3268.950904640466
 30
0.0
 11
4927.971309207574
 21
3269.8781273155478
 31
0.0
  0
LINE
  5
F1
330
17
100
AcDbEntity
  8
Hachura
 62
7
370
25
100
AcDbLine
 10
4928.434685439433
 20
3268.950904640466
 30
0.0
 11
4928.434685439433
 21
3269.8781273155478
 31
0.0
  0
LINE
  5
F2
330
17
100
AcDbEntity
  8
Hachura
 62
7
370
25
100
AcDbLine
 10
4928.771686171611
 20
3268.950904640466
 30
0.0
 11
4928.771686171611
 21
3269.8781273155478
 31
0.0
  0
LINE
  5
F3
330
17
100
AcDbEntity
  8
Hachura
 62
7
370
25
100
AcDbLine
 10
4928.982311918656
 20
3268.950904640466
 30
0.0
 11
4928.982311918656
 21
3269.8781273155478
 31
0.0
  0
LINE
  5
F4
330
17
100
AcDbEntity
  8
Hachura
 62
7
370
25
100
AcDbLine
 10
4922.673069279074
 20
3404.672437759681
 30
0.0
 11
4922.681610489949
 21
3262.872070632158
 31
0.0
  0
LINE
  5
F5
330
17
100
AcDbEntity
  8
Hachura
 62
7
370
25
100
AcDbLine
 10
4753.638550066992
 20
3403.868368604202
 30
0.0
 11
4753.638550066992
 21
3404.513291059036
 31
0.0
  0
LINE
  5
F6
330
17
100
AcDbEntity
  8
Hachura
 62
7
370
25
100
AcDbLine
 10
4753.638550066992
 20
3405.029229018616
 30
0.0
 11
4755.573317431495
 21
3404.061845336363
 31
0.0
  0
LINE
  5
F7
330
17
100
AcDbEntity
  8
Hachura
 62
7
370
25
100
AcDbLine
 10
4753.565866736146
 20
3404.936586178064
 30
0.0
 11
4755.731479493704
 21
3403.8537798421635
 31
0.0
  0
LINE
  5
F8
330
17
100
AcDbEntity
  8
Hachura
 62
7
370
25
100
AcDbLine
 10
4755.6730416032815
 20
3403.625029764706
 30
0.0
 11
4753.532463934616
 21
3404.695318620478
 31
0.0
  0
LINE
  5
F9
330
17
100
AcDbEntity
  8
Hachura
 62
7
370
25
100
AcDbLine
 10
4755.573317431495
 20
3403.545907376787
 30
0.0
 11
4753.638550066992
 21
3404.513291059036
 31
0.0
  0
LINE
  5
FA
330
17
100
AcDbEntity
  8
Hachura
 62
7
370
25
100
AcDbLine
 10
4755.573317431495
 20
3402.900984921953
 30
0.0
 11
4755.573317431495
 21
3403.545907376787
 31
0.0
  0
LINE
  5
FB
330
17
100
AcDbEntity
  8
Hachura
 62
7
370
25
100
AcDbLine
 10
4755.573317431495
 20
3401.2241865372407
 30
0.0
 11
4755.573317431495
 21
3400.5792640824066
 31
0.0
  0
LINE
  5
FC
330
17
100
AcDbEntity
  8
Hachura
 62
7
370
25
100
AcDbLine
 10
4755.573317431495
 20
3402.1731923025354
 30
0.0
 11
4755.573317431495
 21
3402.3850469516506
 31
0.0
  0
LINE
  5
FD
330
17
100
AcDbEntity
  8
Hachura
 62
7
370
25
100
AcDbLine
 10
4755.573317431495
 20
3402.1731923025354
 30
0.0
 11
4755.573317431495
 21
3401.740124496821
 31
0.0
  0
LINE
  5
FE
330
17
100
AcDbEntity
  8
Hachura
 62
7
370
25
100
AcDbLine
 10
4753.638550066992
 20
3402.70750817907
 30
0.0
 11
4753.638550066992
 21
3403.352430633904
 31
0.0
  0
LINE
  5
FF
330
17
100
AcDbEntity
  8
Hachura
 62
7
370
25
100
AcDbLine
 10
4753.638550066992
 20
3401.5466477646555
 30
0.0
 11
4753.638550066992
 21
3402.1915702194897
 31
0.0
  0
LINE
  5
100
330
17
100
AcDbEntity
  8
Hachura
 62
7
370
25
100
AcDbLine
 10
4753.638550066992
 20
3403.868368604202
 30
0.0
 11
4755.573317431495
 21
3402.900984921953
 31
0.0
  0
LINE
  5
101
330
17
100
AcDbEntity
  8
Hachura
 62
7
370
25
100
AcDbLine
 10
4753.565866736146
 20
3403.775725752932
 30
0.0
 11
4755.731479493704
 21
3402.6929194170316
 31
0.0
  0
LINE
  5
102
330
17
100
AcDbEntity
  8
Hachura
 62
7
370
25
100
AcDbLine
 10
4755.6730416032815
 20
3402.464169350296
 30
0.0
 11
4753.532463934616
 21
3403.534458195346
 31
0.0
  0
LINE
  5
103
330
17
100
AcDbEntity
  8
Hachura
 62
7
370
25
100
AcDbLine
 10
4755.573317431495
 20
3402.3850469516506
 30
0.0
 11
4753.638550066992
 21
3403.352430633904
 31
0.0
  0
LINE
  5
104
330
17
100
AcDbEntity
  8
Hachura
 62
7
370
25
100
AcDbLine
 10
4753.638550066992
 20
3401.5466477646555
 30
0.0
 11
4755.573317431495
 21
3400.5792640824066
 31
0.0
  0
LINE
  5
105
330
17
100
AcDbEntity
  8
Hachura
 62
7
370
25
100
AcDbLine
 10
4753.638550066992
 20
3402.70750817907
 30
0.0
 11
4755.573317431495
 21
3401.740124496821
 31
0.0
  0
LINE
  5
106
330
17
100
AcDbEntity
  8
Hachura
 62
7
370
25
100
AcDbLine
 10
4753.565866736146
 20
3402.6148653385176
 30
0.0
 11
4755.731479493704
 21
3401.532059002617
 31
0.0
  0
LINE
  5
107
330
17
100
AcDbEntity
  8
Hachura
 62
7
370
25
100
AcDbLine
 10
4755.6730416032815
 20
3401.3033089358814
 30
0.0
 11
4753.532463934616
 21
3402.373597780931
 31
0.0
  0
LINE
  5
108
330
17
100
AcDbEntity
  8
Hachura
 62
7
370
25
100
AcDbLine
 10
4755.573317431495
 20
3401.2241865372407
 30
0.0
 11
4753.638550066992
 21
3402.1915702194897
 31
0.0
  0
LINE
  5
109
330
17
100
AcDbEntity
  8
Hachura
 62
7
370
25
100
AcDbLine
 10
4755.31555576106
 20
3405.351586607435
 30
0.0
 11
4755.573317431495
 21
3405.2227057507775
 31
0.0
  0
LINE
  5
10A
330
17
100
AcDbEntity
  8
Hachura
 62
7
370
25
100
AcDbLine
 10
4755.05758677055
 20
3405.351586607435
 30
0.0
 11
4755.731479493704
 21
3405.0146402458563
 31
0.0
  0
LINE
  5
10B
330
17
100
AcDbEntity
  8
Hachura
 62
7
370
25
100
AcDbLine
 10
4755.573317431495
 20
3405.2227057507775
 30
0.0
 11
4755.573317431495
 21
3405.351586607435
 31
0.0
  0
LINE
  5
10C
330
17
100
AcDbEntity
  8
Hachura
 62
7
370
25
100
AcDbLine
 10
4755.571525645774
 20
3405.349976510852
 30
0.0
 11
4755.249064418357
 21
3405.67243775971
 31
0.0
  0
LINE
  5
10D
330
17
100
AcDbEntity
  8
Hachura
 62
7
370
25
100
AcDbLine
 10
4755.573317431495
 20
3404.7067677911973
 30
0.0
 11
4755.573317431495
 21
3404.061845336363
 31
0.0
  0
LINE
  5
10E
330
17
100
AcDbEntity
  8
Hachura
 62
7
370
25
100
AcDbLine
 10
4753.638550066992
 20
3405.029229018616
 30
0.0
 11
4753.638550066992
 21
3405.351586607435
 31
0.0
  0
LINE
  5
10F
330
17
100
AcDbEntity
  8
Hachura
 62
7
370
25
100
AcDbLine
 10
4753.636672780501
 20
3405.3499765322913
 30
0.0
 11
4753.636672780501
 21
3405.349899114218
 31
0.0
  0
LINE
  5
110
330
17
100
AcDbEntity
  8
Hachura
 62
7
370
25
100
AcDbLine
 10
4753.636672780501
 20
3405.3499765322913
 30
0.0
 11
4753.959219508689
 21
3405.67243775971
 31
0.0
  0
LINE
  5
111
330
17
100
AcDbEntity
  8
Hachura
 62
7
370
25
100
AcDbLine
 10
4753.638550066992
 20
3403.140575974067
 30
0.0
 11
4753.638550066992
 21
3403.352430623182
 31
0.0
  0
LINE
  5
112
330
17
100
AcDbEntity
  8
Hachura
 62
7
370
25
100
AcDbLine
 10
4755.6730416032815
 20
3404.7858901791205
 30
0.0
 11
4754.541648789533
 21
3405.351586607435
 31
0.0
  0
LINE
  5
113
330
17
100
AcDbEntity
  8
Hachura
 62
7
370
25
100
AcDbLine
 10
4755.573317431495
 20
3404.7067677911973
 30
0.0
 11
4754.283679841902
 21
3405.351586607435
 31
0.0
  0
LINE
  5
114
330
17
100
AcDbEntity
  8
Hachura
 62
7
370
25
100
AcDbLine
 10
4753.959219508689
 20
3405.67243775971
 30
0.0
 11
4755.249064418357
 21
3405.67243775971
 31
0.0
  0
LINE
  5
115
330
17
100
AcDbEntity
  8
Hachura
 62
7
370
25
100
AcDbLine
 10
4753.638550066992
 20
3405.029229018616
 30
0.0
 11
4755.573317431495
 21
3404.061845336363
 31
0.0
  0
LINE
  5
116
330
17
100
AcDbEntity
  8
Hachura
 62
7
370
25
100
AcDbLine
 10
4755.571525645774
 20
3405.349976510852
 30
0.0
 11
4753.636758281272
 21
3405.349976510852
 31
0.0
  0
LINE
  5
117
330
17
100
AcDbEntity
  8
Hachura
 62
7
370
25
100
AcDbLine
 10
4760.166880923619
 20
3393.872070554277
 30
0.0
 11
4752.352219178988
 21
3393.872070554277
 31
0.0
  0
LINE
  5
118
330
17
100
AcDbEntity
  8
Hachura
 62
7
370
25
100
AcDbLine
 10
4756.347224403022
 20
3400.5792640824066
 30
0.0
 11
4752.993627612158
 21
3400.5792640824066
 31
0.0
  0
LINE
  5
119
330
17
100
AcDbEntity
  8
Hachura
 62
7
370
25
100
AcDbLine
 10
4756.347224403022
 20
3400.5115472250777
 30
0.0
 11
4752.993627612158
 21
3400.5115472250777
 31
0.0
  0
LINE
  5
11A
330
17
100
AcDbEntity
  8
Hachura
 62
7
370
25
100
AcDbLine
 10
4752.735658664526
 20
3397.3546518082367
 30
0.0
 11
4756.605193393531
 21
3397.3546518082367
 31
0.0
  0
LINE
  5
11B
330
17
100
AcDbEntity
  8
Hachura
 62
7
370
25
100
AcDbLine
 10
4748.22120148069
 20
3394.7749619889014
 30
0.0
 11
4761.119650577369
 21
3394.774961988901
 31
0.0
  0
LINE
  5
11C
330
17
100
AcDbEntity
  8
Hachura
 62
7
370
25
100
AcDbLine
 10
4761.119650577369
 20
3393.872070554277
 30
0.0
 11
4748.224743245083
 21
3393.872070554277
 31
0.0
  0
LINE
  5
11D
330
17
100
AcDbEntity
  8
Hachura
 62
7
370
25
100
AcDbLine
 10
4754.025503574195
 20
3400.5792640824066
 30
0.0
 11
4754.025503574195
 21
3397.3546518082367
 31
0.0
  0
LINE
  5
11E
330
17
100
AcDbEntity
  8
Hachura
 62
7
370
25
100
AcDbLine
 10
4752.993627612158
 20
3400.5792640824066
 30
0.0
 11
4752.993627612158
 21
3397.3546518082367
 31
0.0
  0
LINE
  5
11F
330
17
100
AcDbEntity
  8
Hachura
 62
7
370
25
100
AcDbLine
 10
4754.670426029029
 20
3394.774961988901
 30
0.0
 11
4752.735658664526
 21
3394.7749619889014
 31
0.0
  0
LINE
  5
120
330
17
100
AcDbEntity
  8
Hachura
 62
7
370
25
100
AcDbLine
 10
4753.380581119361
 20
3394.7749619889014
 30
0.0
 11
4754.025503574195
 21
3394.7749619889014
 31
0.0
  0
LINE
  5
121
330
17
100
AcDbEntity
  8
Hachura
 62
7
370
25
100
AcDbLine
 10
4754.664785666668
 20
3394.774961988901
 30
0.0
 11
4754.664785666668
 21
3393.872070554277
 31
0.0
  0
LINE
  5
122
330
17
100
AcDbEntity
  8
Hachura
 62
7
370
25
100
AcDbLine
 10
4754.358243975319
 20
3394.7749619889014
 30
0.0
 11
4754.358243975319
 21
3396.7741211783587
 31
0.0
  0
LINE
  5
123
330
17
100
AcDbEntity
  8
Hachura
 62
7
370
25
100
AcDbLine
 10
4754.874181956338
 20
3396.7741211783587
 30
0.0
 11
4754.874181956338
 21
3394.774961988901
 31
0.0
  0
LINE
  5
124
330
17
100
AcDbEntity
  8
Hachura
 62
7
370
25
100
AcDbLine
 10
4751.630549405297
 20
3394.7932365459687
 30
0.0
 11
4751.630549405297
 21
3393.866013870887
 31
0.0
  0
LINE
  5
125
330
17
100
AcDbEntity
  8
Hachura
 62
7
370
25
100
AcDbLine
 10
4753.710810396281
 20
3394.0221164321993
 30
0.0
 11
4753.710810396281
 21
3394.455184237919
 31
0.0
  0
LINE
  5
126
330
17
100
AcDbEntity
  8
Hachura
 62
7
370
25
100
AcDbLine
 10
4752.735658664526
 20
3394.7749619889014
 30
0.0
 11
4752.735658664526
 21
3397.3546518082367
 31
0.0
  0
LINE
  5
127
330
17
100
AcDbEntity
  8
Hachura
 62
7
370
25
100
AcDbLine
 10
4753.710810396281
 20
3394.455184237919
 30
0.0
 11
4753.710810396281
 21
3394.6670388870334
 31
0.0
  0
LINE
  5
128
330
17
100
AcDbEntity
  8
Hachura
 62
7
370
25
100
AcDbLine
 10
4748.224743245083
 20
3393.872070554277
 30
0.0
 11
4748.224743245083
 21
3399.0087391363627
 31
0.0
  0
LINE
  5
129
330
17
100
AcDbEntity
  8
Hachura
 62
7
370
25
100
AcDbLine
 10
4749.897999854683
 20
3399.031450192949
 30
0.0
 11
4750.479659928737
 21
3396.8211418750957
 31
0.0
  0
LINE
  5
12A
330
17
100
AcDbEntity
  8
Hachura
 62
7
370
25
100
AcDbLine
 10
4748.22120148069
 20
3399.031450192949
 30
0.0
 11
4749.897999854683
 21
3399.031450192949
 31
0.0
  0
LINE
  5
12B
330
17
100
AcDbEntity
  8
Hachura
 62
7
370
25
100
AcDbLine
 10
4750.791503967111
 20
3396.5807448688674
 30
0.0
 11
4752.735658664526
 21
3396.5807448688674
 31
0.0
  0
LINE
  5
12C
330
17
100
AcDbEntity
  8
Hachura
 62
7
370
25
100
AcDbLine
 10
4748.22120148069
 20
3394.7749619889014
 30
0.0
 11
4753.380581119361
 21
3394.7749619889014
 31
0.0
  0
LINE
  5
12D
330
17
100
AcDbEntity
  8
Hachura
 62
7
370
25
100
AcDbLine
 10
4759.442852160498
 20
3399.031450192949
 30
0.0
 11
4758.861192086443
 21
3396.8211418750957
 31
0.0
  0
LINE
  5
12E
330
17
100
AcDbEntity
  8
Hachura
 62
7
370
25
100
AcDbLine
 10
4756.347224403022
 20
3397.3546518082367
 30
0.0
 11
4756.347224403022
 21
3400.5792640824066
 31
0.0
  0
LINE
  5
12F
330
17
100
AcDbEntity
  8
Hachura
 62
7
370
25
100
AcDbLine
 10
4755.573317431495
 20
3400.5792640824066
 30
0.0
 11
4755.573317431495
 21
3397.3546518082367
 31
0.0
  0
LINE
  5
130
330
17
100
AcDbEntity
  8
Hachura
 62
7
370
25
100
AcDbLine
 10
4757.696563999507
 20
3394.7932365459683
 30
0.0
 11
4757.696563999507
 21
3393.872070554277
 31
0.0
  0
LINE
  5
131
330
17
100
AcDbEntity
  8
Hachura
 62
7
370
25
100
AcDbLine
 10
4755.645577760783
 20
3394.6486609700814
 30
0.0
 11
4755.645577760783
 21
3394.215593175082
 31
0.0
  0
LINE
  5
132
330
17
100
AcDbEntity
  8
Hachura
 62
7
370
25
100
AcDbLine
 10
4759.128817604372
 20
3394.7932365459683
 30
0.0
 11
4759.128817604372
 21
3393.866013870887
 31
0.0
  0
LINE
  5
133
330
17
100
AcDbEntity
  8
Hachura
 62
7
370
25
100
AcDbLine
 10
4756.605193393531
 20
3397.3546518082367
 30
0.0
 11
4756.605193393531
 21
3394.774961988901
 31
0.0
  0
LINE
  5
134
330
17
100
AcDbEntity
  8
Hachura
 62
7
370
25
100
AcDbLine
 10
4756.605193393531
 20
3397.3546518082367
 30
0.0
 11
4756.347224403022
 21
3397.3546518082367
 31
0.0
  0
LINE
  5
135
330
17
100
AcDbEntity
  8
Hachura
 62
7
370
25
100
AcDbLine
 10
4756.605193393531
 20
3397.3546518082367
 30
0.0
 11
4756.347224403022
 21
3397.3546518082367
 31
0.0
  0
LINE
  5
136
330
17
100
AcDbEntity
  8
Hachura
 62
7
370
25
100
AcDbLine
 10
4758.549348048067
 20
3396.5807448688674
 30
0.0
 11
4756.601311469853
 21
3396.5807448688674
 31
0.0
  0
LINE
  5
137
330
17
100
AcDbEntity
  8
Hachura
 62
7
370
25
100
AcDbLine
 10
4761.119650577369
 20
3394.774961988901
 30
0.0
 11
4761.119650577369
 21
3399.031450192949
 31
0.0
  0
LINE
  5
138
330
17
100
AcDbEntity
  8
Hachura
 62
7
370
25
100
AcDbLine
 10
4761.119650577369
 20
3394.774961988901
 30
0.0
 11
4761.119650577369
 21
3393.872070554277
 31
0.0
  0
LINE
  5
139
330
17
100
AcDbEntity
  8
Hachura
 62
7
370
25
100
AcDbLine
 10
4759.971319520574
 20
3394.7932365459683
 30
0.0
 11
4759.971319520574
 21
3393.866013870887
 31
0.0
  0
LINE
  5
13A
330
17
100
AcDbEntity
  8
Hachura
 62
7
370
25
100
AcDbLine
 10
4760.434695752433
 20
3394.7932365459683
 30
0.0
 11
4760.434695752433
 21
3393.866013870887
 31
0.0
  0
LINE
  5
13B
330
17
100
AcDbEntity
  8
Hachura
 62
7
370
25
100
AcDbLine
 10
4760.77169648461
 20
3394.7932365459683
 30
0.0
 11
4760.77169648461
 21
3393.866013870887
 31
0.0
  0
LINE
  5
13C
330
17
100
AcDbEntity
  8
Hachura
 62
7
370
25
100
AcDbLine
 10
4760.982322231655
 20
3394.7932365459683
 30
0.0
 11
4760.982322231655
 21
3393.866013870887
 31
0.0
  0
LINE
  5
13D
330
17
100
AcDbEntity
  8
Hachura
 62
7
370
25
100
AcDbLine
 10
4761.119650577369
 20
3399.031450192949
 30
0.0
 11
4759.442852160498
 21
3399.031450192949
 31
0.0
  0
LINE
  5
13E
330
17
100
AcDbEntity
  8
Hachura
 62
7
370
25
100
AcDbLine
 10
4754.799410483984
 20
3400.5792640824066
 30
0.0
 11
4753.532463931018
 21
3401.212737365233
 31
0.0
  0
LINE
  5
13F
330
17
100
AcDbEntity
  8
Hachura
 62
7
370
25
100
AcDbLine
 10
4754.541441506165
 20
3400.5792640824066
 30
0.0
 11
4753.638550063394
 21
3401.030709803791
 31
0.0
  0
LINE
  5
140
330
17
100
AcDbEntity
  8
Hachura
 62
7
370
25
100
AcDbLine
 10
4753.638550063393
 20
3400.5792640824066
 30
0.0
 11
4753.638550063393
 21
3401.0307098037915
 31
0.0
  0
LINE
  5
141
330
17
100
AcDbEntity
  8
Hachura
 62
7
370
25
100
AcDbLine
 10
4750.21557621808
 20
3394.7932365459687
 30
0.0
 11
4750.21557621808
 21
3393.866013870887
 31
0.0
  0
LINE
  5
142
330
17
100
AcDbEntity
  8
Hachura
 62
7
370
25
100
AcDbLine
 10
4749.373074301878
 20
3394.7932365459687
 30
0.0
 11
4749.373074301878
 21
3393.866013870887
 31
0.0
  0
LINE
  5
143
330
17
100
AcDbEntity
  8
Hachura
 62
7
370
25
100
AcDbLine
 10
4748.909698070019
 20
3394.7932365459687
 30
0.0
 11
4748.909698070019
 21
3393.866013870887
 31
0.0
  0
LINE
  5
144
330
17
100
AcDbEntity
  8
Hachura
 62
7
370
25
100
AcDbLine
 10
4748.572697337841
 20
3394.7932365459687
 30
0.0
 11
4748.572697337841
 21
3393.866013870887
 31
0.0
  0
LINE
  5
145
330
17
100
AcDbEntity
  8
Hachura
 62
7
370
25
100
AcDbLine
 10
4748.362071590796
 20
3394.7932365459687
 30
0.0
 11
4748.362071590796
 21
3393.866013870887
 31
0.0
  0
LINE
  5
146
330
17
100
AcDbEntity
  8
Hachura
 62
7
370
25
100
AcDbLine
 10
4753.639172331159
 20
3259.875772582233
 30
0.0
 11
4753.639172331159
 21
3259.2308501273988
 31
0.0
  0
LINE
  5
147
330
17
100
AcDbEntity
  8
Hachura
 62
7
370
25
100
AcDbLine
 10
4753.639172331159
 20
3258.7149121678185
 30
0.0
 11
4755.5739396956615
 21
3259.6822958500716
 31
0.0
  0
LINE
  5
148
330
17
100
AcDbEntity
  8
Hachura
 62
7
370
25
100
AcDbLine
 10
4753.566489000313
 20
3258.807555008371
 30
0.0
 11
4755.732101757871
 21
3259.8903613442712
 31
0.0
  0
LINE
  5
149
330
17
100
AcDbEntity
  8
Hachura
 62
7
370
25
100
AcDbLine
 10
4755.673663867448
 20
3260.1191114217286
 30
0.0
 11
4753.533086198783
 21
3259.048822565957
 31
0.0
  0
LINE
  5
14A
330
17
100
AcDbEntity
  8
Hachura
 62
7
370
25
100
AcDbLine
 10
4755.5739396956615
 20
3260.1982338096477
 30
0.0
 11
4753.639172331159
 21
3259.2308501273988
 31
0.0
  0
LINE
  5
14B
330
17
100
AcDbEntity
  8
Hachura
 62
7
370
25
100
AcDbLine
 10
4755.5739396956615
 20
3260.843156264482
 30
0.0
 11
4755.5739396956615
 21
3260.1982338096477
 31
0.0
  0
LINE
  5
14C
330
17
100
AcDbEntity
  8
Hachura
 62
7
370
25
100
AcDbLine
 10
4755.5739396956615
 20
3262.519954649194
 30
0.0
 11
4755.5739396956615
 21
3263.164877104028
 31
0.0
  0
LINE
  5
14D
330
17
100
AcDbEntity
  8
Hachura
 62
7
370
25
100
AcDbLine
 10
4755.5739396956615
 20
3261.5709488838993
 30
0.0
 11
4755.5739396956615
 21
3261.359094234784
 31
0.0
  0
LINE
  5
14E
330
17
100
AcDbEntity
  8
Hachura
 62
7
370
25
100
AcDbLine
 10
4755.5739396956615
 20
3261.5709488838993
 30
0.0
 11
4755.5739396956615
 21
3262.0040166896138
 31
0.0
  0
LINE
  5
14F
330
17
100
AcDbEntity
  8
Hachura
 62
7
370
25
100
AcDbLine
 10
4753.639172331159
 20
3261.036633007365
 30
0.0
 11
4753.639172331159
 21
3260.3917105525306
 31
0.0
  0
LINE
  5
150
330
17
100
AcDbEntity
  8
Hachura
 62
7
370
25
100
AcDbLine
 10
4753.639172331159
 20
3262.197493421779
 30
0.0
 11
4753.639172331159
 21
3261.552570966945
 31
0.0
  0
LINE
  5
151
330
17
100
AcDbEntity
  8
Hachura
 62
7
370
25
100
AcDbLine
 10
4753.639172331159
 20
3259.875772582233
 30
0.0
 11
4755.5739396956615
 21
3260.843156264482
 31
0.0
  0
LINE
  5
152
330
17
100
AcDbEntity
  8
Hachura
 62
7
370
25
100
AcDbLine
 10
4753.566489000313
 20
3259.9684154335027
 30
0.0
 11
4755.732101757871
 21
3261.051221769403
 31
0.0
  0
LINE
  5
153
330
17
100
AcDbEntity
  8
Hachura
 62
7
370
25
100
AcDbLine
 10
4755.673663867448
 20
3261.279971836139
 30
0.0
 11
4753.533086198783
 21
3260.209682991089
 31
0.0
  0
LINE
  5
154
330
17
100
AcDbEntity
  8
Hachura
 62
7
370
25
100
AcDbLine
 10
4755.5739396956615
 20
3261.359094234784
 30
0.0
 11
4753.639172331159
 21
3260.3917105525306
 31
0.0
  0
LINE
  5
155
330
17
100
AcDbEntity
  8
Hachura
 62
7
370
25
100
AcDbLine
 10
4753.639172331159
 20
3262.197493421779
 30
0.0
 11
4755.5739396956615
 21
3263.164877104028
 31
0.0
  0
LINE
  5
156
330
17
100
AcDbEntity
  8
Hachura
 62
7
370
25
100
AcDbLine
 10
4753.639172331159
 20
3261.036633007365
 30
0.0
 11
4755.5739396956615
 21
3262.0040166896138
 31
0.0
  0
LINE
  5
157
330
17
100
AcDbEntity
  8
Hachura
 62
7
370
25
100
AcDbLine
 10
4753.566489000313
 20
3261.129275847917
 30
0.0
 11
4755.732101757871
 21
3262.2120821838175
 31
0.0
  0
LINE
  5
158
330
17
100
AcDbEntity
  8
Hachura
 62
7
370
25
100
AcDbLine
 10
4755.673663867448
 20
3262.4408322505533
 30
0.0
 11
4753.533086198783
 21
3261.3705434055037
 31
0.0
  0
LINE
  5
159
330
17
100
AcDbEntity
  8
Hachura
 62
7
370
25
100
AcDbLine
 10
4755.5739396956615
 20
3262.519954649194
 30
0.0
 11
4753.639172331159
 21
3261.552570966945
 31
0.0
  0
LINE
  5
15A
330
17
100
AcDbEntity
  8
Hachura
 62
7
370
25
100
AcDbLine
 10
4755.316178025227
 20
3258.392554579
 30
0.0
 11
4755.5739396956615
 21
3258.521435435657
 31
0.0
  0
LINE
  5
15B
330
17
100
AcDbEntity
  8
Hachura
 62
7
370
25
100
AcDbLine
 10
4755.058209034717
 20
3258.392554579
 30
0.0
 11
4755.732101757871
 21
3258.7295009405784
 31
0.0
  0
LINE
  5
15C
330
17
100
AcDbEntity
  8
Hachura
 62
7
370
25
100
AcDbLine
 10
4755.5739396956615
 20
3258.521435435657
 30
0.0
 11
4755.5739396956615
 21
3258.392554579
 31
0.0
  0
LINE
  5
15D
330
17
100
AcDbEntity
  8
Hachura
 62
7
370
25
100
AcDbLine
 10
4755.572147909941
 20
3258.394164675583
 30
0.0
 11
4755.249686682524
 21
3258.0717034267245
 31
0.0
  0
LINE
  5
15E
330
17
100
AcDbEntity
  8
Hachura
 62
7
370
25
100
AcDbLine
 10
4755.5739396956615
 20
3259.0373733952374
 30
0.0
 11
4755.5739396956615
 21
3259.6822958500716
 31
0.0
  0
LINE
  5
15F
330
17
100
AcDbEntity
  8
Hachura
 62
7
370
25
100
AcDbLine
 10
4753.639172331159
 20
3258.7149121678185
 30
0.0
 11
4753.639172331159
 21
3258.392554579
 31
0.0
  0
LINE
  5
160
330
17
100
AcDbEntity
  8
Hachura
 62
7
370
25
100
AcDbLine
 10
4753.637295044668
 20
3258.3941646541434
 30
0.0
 11
4753.637295044668
 21
3258.394242072217
 31
0.0
  0
LINE
  5
161
330
17
100
AcDbEntity
  8
Hachura
 62
7
370
25
100
AcDbLine
 10
4753.637295044668
 20
3258.3941646541434
 30
0.0
 11
4753.959841772856
 21
3258.0717034267245
 31
0.0
  0
LINE
  5
162
330
17
100
AcDbEntity
  8
Hachura
 62
7
370
25
100
AcDbLine
 10
4753.639172331159
 20
3260.603565212368
 30
0.0
 11
4753.639172331159
 21
3260.3917105632527
 31
0.0
  0
LINE
  5
163
330
17
100
AcDbEntity
  8
Hachura
 62
7
370
25
100
AcDbLine
 10
4755.673663867448
 20
3258.958251007314
 30
0.0
 11
4754.5422710537
 21
3258.392554579
 31
0.0
  0
LINE
  5
164
330
17
100
AcDbEntity
  8
Hachura
 62
7
370
25
100
AcDbLine
 10
4755.5739396956615
 20
3259.0373733952374
 30
0.0
 11
4754.284302106069
 21
3258.392554579
 31
0.0
  0
LINE
  5
165
330
17
100
AcDbEntity
  8
Hachura
 62
7
370
25
100
AcDbLine
 10
4753.959841772856
 20
3258.0717034267245
 30
0.0
 11
4755.249686682524
 21
3258.0717034267245
 31
0.0
  0
LINE
  5
166
330
17
100
AcDbEntity
  8
Hachura
 62
7
370
25
100
AcDbLine
 10
4753.639172331159
 20
3258.7149121678185
 30
0.0
 11
4755.5739396956615
 21
3259.6822958500716
 31
0.0
  0
LINE
  5
167
330
17
100
AcDbEntity
  8
Hachura
 62
7
370
25
100
AcDbLine
 10
4755.572147909941
 20
3258.394164675583
 30
0.0
 11
4753.637380545439
 21
3258.394164675583
 31
0.0
  0
LINE
  5
168
330
17
100
AcDbEntity
  8
Hachura
 62
7
370
25
100
AcDbLine
 10
4760.167503187786
 20
3269.872070632158
 30
0.0
 11
4752.352841443155
 21
3269.872070632158
 31
0.0
  0
LINE
  5
169
330
17
100
AcDbEntity
  8
Hachura
 62
7
370
25
100
AcDbLine
 10
4756.347846667189
 20
3263.164877104028
 30
0.0
 11
4752.994249876325
 21
3263.164877104028
 31
0.0
  0
LINE
  5
16A
330
17
100
AcDbEntity
  8
Hachura
 62
7
370
25
100
AcDbLine
 10
4756.347846667189
 20
3263.232593961357
 30
0.0
 11
4752.994249876325
 21
3263.232593961357
 31
0.0
  0
LINE
  5
16B
330
17
100
AcDbEntity
  8
Hachura
 62
7
370
25
100
AcDbLine
 10
4752.736280928693
 20
3266.389489378198
 30
0.0
 11
4756.605815657698
 21
3266.389489378198
 31
0.0
  0
LINE
  5
16C
330
17
100
AcDbEntity
  8
Hachura
 62
7
370
25
100
AcDbLine
 10
4748.221823744857
 20
3268.969179197534
 30
0.0
 11
4761.120272841536
 21
3268.9691791975333
 31
0.0
  0
LINE
  5
16D
330
17
100
AcDbEntity
  8
Hachura
 62
7
370
25
100
AcDbLine
 10
4761.120272841536
 20
3269.872070632158
 30
0.0
 11
4748.22536550925
 21
3269.872070632158
 31
0.0
  0
LINE
  5
16E
330
17
100
AcDbEntity
  8
Hachura
 62
7
370
25
100
AcDbLine
 10
4754.026125838362
 20
3263.164877104028
 30
0.0
 11
4754.026125838362
 21
3266.389489378198
 31
0.0
  0
LINE
  5
16F
330
17
100
AcDbEntity
  8
Hachura
 62
7
370
25
100
AcDbLine
 10
4752.994249876325
 20
3263.164877104028
 30
0.0
 11
4752.994249876325
 21
3266.389489378198
 31
0.0
  0
LINE
  5
170
330
17
100
AcDbEntity
  8
Hachura
 62
7
370
25
100
AcDbLine
 10
4754.671048293196
 20
3268.969179197534
 30
0.0
 11
4752.736280928693
 21
3268.969179197534
 31
0.0
  0
LINE
  5
171
330
17
100
AcDbEntity
  8
Hachura
 62
7
370
25
100
AcDbLine
 10
4753.3812033835275
 20
3268.969179197534
 30
0.0
 11
4754.026125838362
 21
3268.969179197534
 31
0.0
  0
LINE
  5
172
330
17
100
AcDbEntity
  8
Hachura
 62
7
370
25
100
AcDbLine
 10
4754.665407930835
 20
3268.969179197534
 30
0.0
 11
4754.665407930835
 21
3269.872070632158
 31
0.0
  0
LINE
  5
173
330
17
100
AcDbEntity
  8
Hachura
 62
7
370
25
100
AcDbLine
 10
4754.358866239486
 20
3268.969179197534
 30
0.0
 11
4754.358866239486
 21
3266.970020008076
 31
0.0
  0
LINE
  5
174
330
17
100
AcDbEntity
  8
Hachura
 62
7
370
25
100
AcDbLine
 10
4754.874804220505
 20
3266.9700200080756
 30
0.0
 11
4754.874804220505
 21
3268.9691791975333
 31
0.0
  0
LINE
  5
175
330
17
100
AcDbEntity
  8
Hachura
 62
7
370
25
100
AcDbLine
 10
4751.631171669464
 20
3268.9509046404664
 30
0.0
 11
4751.631171669464
 21
3269.8781273155478
 31
0.0
  0
LINE
  5
176
330
17
100
AcDbEntity
  8
Hachura
 62
7
370
25
100
AcDbLine
 10
4753.711432660448
 20
3269.7220247542355
 30
0.0
 11
4753.711432660448
 21
3269.2889569485155
 31
0.0
  0
LINE
  5
177
330
17
100
AcDbEntity
  8
Hachura
 62
7
370
25
100
AcDbLine
 10
4752.736280928693
 20
3268.969179197534
 30
0.0
 11
4752.736280928693
 21
3266.389489378198
 31
0.0
  0
LINE
  5
178
330
17
100
AcDbEntity
  8
Hachura
 62
7
370
25
100
AcDbLine
 10
4753.711432660448
 20
3269.2889569485155
 30
0.0
 11
4753.711432660448
 21
3269.0771022994013
 31
0.0
  0
LINE
  5
179
330
17
100
AcDbEntity
  8
Hachura
 62
7
370
25
100
AcDbLine
 10
4748.22536550925
 20
3269.872070632158
 30
0.0
 11
4748.22536550925
 21
3264.735402050072
 31
0.0
  0
LINE
  5
17A
330
17
100
AcDbEntity
  8
Hachura
 62
7
370
25
100
AcDbLine
 10
4749.89862211885
 20
3264.712690993486
 30
0.0
 11
4750.480282192904
 21
3266.922999311339
 31
0.0
  0
LINE
  5
17B
330
17
100
AcDbEntity
  8
Hachura
 62
7
370
25
100
AcDbLine
 10
4748.221823744857
 20
3264.712690993486
 30
0.0
 11
4749.89862211885
 21
3264.712690993486
 31
0.0
  0
LINE
  5
17C
330
17
100
AcDbEntity
  8
Hachura
 62
7
370
25
100
AcDbLine
 10
4750.7921262312775
 20
3267.1633963175673
 30
0.0
 11
4752.736280928693
 21
3267.1633963175673
 31
0.0
  0
LINE
  5
17D
330
17
100
AcDbEntity
  8
Hachura
 62
7
370
25
100
AcDbLine
 10
4748.221823744857
 20
3268.969179197534
 30
0.0
 11
4753.3812033835275
 21
3268.969179197534
 31
0.0
  0
LINE
  5
17E
330
17
100
AcDbEntity
  8
Hachura
 62
7
370
25
100
AcDbLine
 10
4759.443474424665
 20
3264.7126909934855
 30
0.0
 11
4758.86181435061
 21
3266.922999311339
 31
0.0
  0
LINE
  5
17F
330
17
100
AcDbEntity
  8
Hachura
 62
7
370
25
100
AcDbLine
 10
4756.347846667189
 20
3266.389489378198
 30
0.0
 11
4756.347846667189
 21
3263.164877104028
 31
0.0
  0
LINE
  5
180
330
17
100
AcDbEntity
  8
Hachura
 62
7
370
25
100
AcDbLine
 10
4755.5739396956615
 20
3263.164877104028
 30
0.0
 11
4755.5739396956615
 21
3266.389489378198
 31
0.0
  0
LINE
  5
181
330
17
100
AcDbEntity
  8
Hachura
 62
7
370
25
100
AcDbLine
 10
4757.697186263674
 20
3268.950904640466
 30
0.0
 11
4757.697186263674
 21
3269.872070632158
 31
0.0
  0
LINE
  5
182
330
17
100
AcDbEntity
  8
Hachura
 62
7
370
25
100
AcDbLine
 10
4755.64620002495
 20
3269.0954802163533
 30
0.0
 11
4755.64620002495
 21
3269.5285480113525
 31
0.0
  0
LINE
  5
183
330
17
100
AcDbEntity
  8
Hachura
 62
7
370
25
100
AcDbLine
 10
4759.129439868539
 20
3268.950904640466
 30
0.0
 11
4759.129439868539
 21
3269.8781273155478
 31
0.0
  0
LINE
  5
184
330
17
100
AcDbEntity
  8
Hachura
 62
7
370
25
100
AcDbLine
 10
4756.605815657698
 20
3266.389489378198
 30
0.0
 11
4756.605815657698
 21
3268.9691791975333
 31
0.0
  0
LINE
  5
185
330
17
100
AcDbEntity
  8
Hachura
 62
7
370
25
100
AcDbLine
 10
4756.605815657698
 20
3266.389489378198
 30
0.0
 11
4756.347846667189
 21
3266.389489378198
 31
0.0
  0
LINE
  5
186
330
17
100
AcDbEntity
  8
Hachura
 62
7
370
25
100
AcDbLine
 10
4756.605815657698
 20
3266.389489378198
 30
0.0
 11
4756.347846667189
 21
3266.389489378198
 31
0.0
  0
LINE
  5
187
330
17
100
AcDbEntity
  8
Hachura
 62
7
370
25
100
AcDbLine
 10
4758.549970312234
 20
3267.1633963175673
 30
0.0
 11
4756.601933734019
 21
3267.1633963175673
 31
0.0
  0
LINE
  5
188
330
17
100
AcDbEntity
  8
Hachura
 62
7
370
25
100
AcDbLine
 10
4761.120272841536
 20
3268.9691791975333
 30
0.0
 11
4761.120272841536
 21
3264.7126909934855
 31
0.0
  0
LINE
  5
189
330
17
100
AcDbEntity
  8
Hachura
 62
7
370
25
100
AcDbLine
 10
4761.120272841536
 20
3268.9691791975333
 30
0.0
 11
4761.120272841536
 21
3269.872070632158
 31
0.0
  0
LINE
  5
18A
330
17
100
AcDbEntity
  8
Hachura
 62
7
370
25
100
AcDbLine
 10
4759.971941784741
 20
3268.950904640466
 30
0.0
 11
4759.971941784741
 21
3269.8781273155478
 31
0.0
  0
LINE
  5
18B
330
17
100
AcDbEntity
  8
Hachura
 62
7
370
25
100
AcDbLine
 10
4760.4353180166
 20
3268.950904640466
 30
0.0
 11
4760.4353180166
 21
3269.8781273155478
 31
0.0
  0
LINE
  5
18C
330
17
100
AcDbEntity
  8
Hachura
 62
7
370
25
100
AcDbLine
 10
4760.772318748777
 20
3268.950904640466
 30
0.0
 11
4760.772318748777
 21
3269.8781273155478
 31
0.0
  0
LINE
  5
18D
330
17
100
AcDbEntity
  8
Hachura
 62
7
370
25
100
AcDbLine
 10
4760.982944495822
 20
3268.950904640466
 30
0.0
 11
4760.982944495822
 21
3269.8781273155478
 31
0.0
  0
LINE
  5
18E
330
17
100
AcDbEntity
  8
Hachura
 62
7
370
25
100
AcDbLine
 10
4761.120272841536
 20
3264.7126909934855
 30
0.0
 11
4759.443474424665
 21
3264.7126909934855
 31
0.0
  0
LINE
  5
18F
330
17
100
AcDbEntity
  8
Hachura
 62
7
370
25
100
AcDbLine
 10
4754.80003274815
 20
3263.164877104028
 30
0.0
 11
4753.533086195185
 21
3262.531403821202
 31
0.0
  0
LINE
  5
190
330
17
100
AcDbEntity
  8
Hachura
 62
7
370
25
100
AcDbLine
 10
4754.542063770332
 20
3263.164877104028
 30
0.0
 11
4753.639172327561
 21
3262.7134313826436
 31
0.0
  0
LINE
  5
191
330
17
100
AcDbEntity
  8
Hachura
 62
7
370
25
100
AcDbLine
 10
4753.63917232756
 20
3263.164877104028
 30
0.0
 11
4753.63917232756
 21
3262.713431382643
 31
0.0
  0
LINE
  5
192
330
17
100
AcDbEntity
  8
Hachura
 62
7
370
25
100
AcDbLine
 10
4750.216198482247
 20
3268.9509046404664
 30
0.0
 11
4750.216198482247
 21
3269.8781273155478
 31
0.0
  0
LINE
  5
193
330
17
100
AcDbEntity
  8
Hachura
 62
7
370
25
100
AcDbLine
 10
4749.373696566045
 20
3268.9509046404664
 30
0.0
 11
4749.373696566045
 21
3269.8781273155478
 31
0.0
  0
LINE
  5
194
330
17
100
AcDbEntity
  8
Hachura
 62
7
370
25
100
AcDbLine
 10
4748.910320334186
 20
3268.9509046404664
 30
0.0
 11
4748.910320334186
 21
3269.8781273155478
 31
0.0
  0
LINE
  5
195
330
17
100
AcDbEntity
  8
Hachura
 62
7
370
25
100
AcDbLine
 10
4748.573319602008
 20
3268.9509046404664
 30
0.0
 11
4748.573319602008
 21
3269.8781273155478
 31
0.0
  0
LINE
  5
196
330
17
100
AcDbEntity
  8
Hachura
 62
7
370
25
100
AcDbLine
 10
4748.362693854963
 20
3268.9509046404664
 30
0.0
 11
4748.362693854963
 21
3269.8781273155478
 31
0.0
  0
LINE
  5
197
330
17
100
AcDbEntity
  8
Hachura
 62
7
370
25
100
AcDbLine
 10
4754.671936494516
 20
3404.672437759681
 30
0.0
 11
4754.66339528367
 21
3262.872070632158
 31
0.0
  0
LINE
  5
198
330
17
100
AcDbEntity
  8
Hachura
 62
7
370
25
100
AcDbLine
 10
4837.638856040451
 20
3403.868368604202
 30
0.0
 11
4837.638856040451
 21
3404.513291059036
 31
0.0
  0
LINE
  5
199
330
17
100
AcDbEntity
  8
Hachura
 62
7
370
25
100
AcDbLine
 10
4837.638856040451
 20
3405.029229018616
 30
0.0
 11
4839.573623404954
 21
3404.061845336363
 31
0.0
  0
LINE
  5
19A
330
17
100
AcDbEntity
  8
Hachura
 62
7
370
25
100
AcDbLine
 10
4837.566172709605
 20
3404.936586178064
 30
0.0
 11
4839.731785467163
 21
3403.8537798421635
 31
0.0
  0
LINE
  5
19B
330
17
100
AcDbEntity
  8
Hachura
 62
7
370
25
100
AcDbLine
 10
4839.6733475767405
 20
3403.625029764706
 30
0.0
 11
4837.532769908075
 21
3404.695318620478
 31
0.0
  0
LINE
  5
19C
330
17
100
AcDbEntity
  8
Hachura
 62
7
370
25
100
AcDbLine
 10
4839.573623404954
 20
3403.545907376787
 30
0.0
 11
4837.638856040451
 21
3404.513291059036
 31
0.0
  0
LINE
  5
19D
330
17
100
AcDbEntity
  8
Hachura
 62
7
370
25
100
AcDbLine
 10
4839.573623404954
 20
3402.900984921953
 30
0.0
 11
4839.573623404954
 21
3403.545907376787
 31
0.0
  0
LINE
  5
19E
330
17
100
AcDbEntity
  8
Hachura
 62
7
370
25
100
AcDbLine
 10
4839.573623404954
 20
3401.2241865372407
 30
0.0
 11
4839.573623404954
 21
3400.5792640824066
 31
0.0
  0
LINE
  5
19F
330
17
100
AcDbEntity
  8
Hachura
 62
7
370
25
100
AcDbLine
 10
4839.573623404954
 20
3402.1731923025354
 30
0.0
 11
4839.573623404954
 21
3402.3850469516506
 31
0.0
  0
LINE
  5
1A0
330
17
100
AcDbEntity
  8
Hachura
 62
7
370
25
100
AcDbLine
 10
4839.573623404954
 20
3402.1731923025354
 30
0.0
 11
4839.573623404954
 21
3401.740124496821
 31
0.0
  0
LINE
  5
1A1
330
17
100
AcDbEntity
  8
Hachura
 62
7
370
25
100
AcDbLine
 10
4837.638856040451
 20
3402.70750817907
 30
0.0
 11
4837.638856040451
 21
3403.352430633904
 31
0.0
  0
LINE
  5
1A2
330
17
100
AcDbEntity
  8
Hachura
 62
7
370
25
100
AcDbLine
 10
4837.638856040451
 20
3401.5466477646555
 30
0.0
 11
4837.638856040451
 21
3402.1915702194897
 31
0.0
  0
LINE
  5
1A3
330
17
100
AcDbEntity
  8
Hachura
 62
7
370
25
100
AcDbLine
 10
4837.638856040451
 20
3403.868368604202
 30
0.0
 11
4839.573623404954
 21
3402.900984921953
 31
0.0
  0
LINE
  5
1A4
330
17
100
AcDbEntity
  8
Hachura
 62
7
370
25
100
AcDbLine
 10
4837.566172709605
 20
3403.775725752932
 30
0.0
 11
4839.731785467163
 21
3402.6929194170316
 31
0.0
  0
LINE
  5
1A5
330
17
100
AcDbEntity
  8
Hachura
 62
7
370
25
100
AcDbLine
 10
4839.6733475767405
 20
3402.464169350296
 30
0.0
 11
4837.532769908075
 21
3403.534458195346
 31
0.0
  0
LINE
  5
1A6
330
17
100
AcDbEntity
  8
Hachura
 62
7
370
25
100
AcDbLine
 10
4839.573623404954
 20
3402.3850469516506
 30
0.0
 11
4837.638856040451
 21
3403.352430633904
 31
0.0
  0
LINE
  5
1A7
330
17
100
AcDbEntity
  8
Hachura
 62
7
370
25
100
AcDbLine
 10
4837.638856040451
 20
3401.5466477646555
 30
0.0
 11
4839.573623404954
 21
3400.5792640824066
 31
0.0
  0
LINE
  5
1A8
330
17
100
AcDbEntity
  8
Hachura
 62
7
370
25
100
AcDbLine
 10
4837.638856040451
 20
3402.70750817907
 30
0.0
 11
4839.573623404954
 21
3401.740124496821
 31
0.0
  0
LINE
  5
1A9
330
17
100
AcDbEntity
  8
Hachura
 62
7
370
25
100
AcDbLine
 10
4837.566172709605
 20
3402.6148653385176
 30
0.0
 11
4839.731785467163
 21
3401.532059002617
 31
0.0
  0
LINE
  5
1AA
330
17
100
AcDbEntity
  8
Hachura
 62
7
370
25
100
AcDbLine
 10
4839.6733475767405
 20
3401.3033089358814
 30
0.0
 11
4837.532769908075
 21
3402.373597780931
 31
0.0
  0
LINE
  5
1AB
330
17
100
AcDbEntity
  8
Hachura
 62
7
370
25
100
AcDbLine
 10
4839.573623404954
 20
3401.2241865372407
 30
0.0
 11
4837.638856040451
 21
3402.1915702194897
 31
0.0
  0
LINE
  5
1AC
330
17
100
AcDbEntity
  8
Hachura
 62
7
370
25
100
AcDbLine
 10
4839.315861734519
 20
3405.351586607435
 30
0.0
 11
4839.573623404954
 21
3405.2227057507775
 31
0.0
  0
LINE
  5
1AD
330
17
100
AcDbEntity
  8
Hachura
 62
7
370
25
100
AcDbLine
 10
4839.057892744009
 20
3405.351586607435
 30
0.0
 11
4839.731785467163
 21
3405.0146402458563
 31
0.0
  0
LINE
  5
1AE
330
17
100
AcDbEntity
  8
Hachura
 62
7
370
25
100
AcDbLine
 10
4839.573623404954
 20
3405.2227057507775
 30
0.0
 11
4839.573623404954
 21
3405.351586607435
 31
0.0
  0
LINE
  5
1AF
330
17
100
AcDbEntity
  8
Hachura
 62
7
370
25
100
AcDbLine
 10
4839.571831619233
 20
3405.349976510852
 30
0.0
 11
4839.249370391816
 21
3405.67243775971
 31
0.0
  0
LINE
  5
1B0
330
17
100
AcDbEntity
  8
Hachura
 62
7
370
25
100
AcDbLine
 10
4839.573623404954
 20
3404.7067677911973
 30
0.0
 11
4839.573623404954
 21
3404.061845336363
 31
0.0
  0
LINE
  5
1B1
330
17
100
AcDbEntity
  8
Hachura
 62
7
370
25
100
AcDbLine
 10
4837.638856040451
 20
3405.029229018616
 30
0.0
 11
4837.638856040451
 21
3405.351586607435
 31
0.0
  0
LINE
  5
1B2
330
17
100
AcDbEntity
  8
Hachura
 62
7
370
25
100
AcDbLine
 10
4837.63697875396
 20
3405.3499765322913
 30
0.0
 11
4837.63697875396
 21
3405.349899114218
 31
0.0
  0
LINE
  5
1B3
330
17
100
AcDbEntity
  8
Hachura
 62
7
370
25
100
AcDbLine
 10
4837.63697875396
 20
3405.3499765322913
 30
0.0
 11
4837.959525482148
 21
3405.67243775971
 31
0.0
  0
LINE
  5
1B4
330
17
100
AcDbEntity
  8
Hachura
 62
7
370
25
100
AcDbLine
 10
4837.638856040451
 20
3403.140575974067
 30
0.0
 11
4837.638856040451
 21
3403.352430623182
 31
0.0
  0
LINE
  5
1B5
330
17
100
AcDbEntity
  8
Hachura
 62
7
370
25
100
AcDbLine
 10
4839.6733475767405
 20
3404.7858901791205
 30
0.0
 11
4838.541954762992
 21
3405.351586607435
 31
0.0
  0
LINE
  5
1B6
330
17
100
AcDbEntity
  8
Hachura
 62
7
370
25
100
AcDbLine
 10
4839.573623404954
 20
3404.7067677911973
 30
0.0
 11
4838.283985815361
 21
3405.351586607435
 31
0.0
  0
LINE
  5
1B7
330
17
100
AcDbEntity
  8
Hachura
 62
7
370
25
100
AcDbLine
 10
4837.959525482148
 20
3405.67243775971
 30
0.0
 11
4839.249370391816
 21
3405.67243775971
 31
0.0
  0
LINE
  5
1B8
330
17
100
AcDbEntity
  8
Hachura
 62
7
370
25
100
AcDbLine
 10
4837.638856040451
 20
3405.029229018616
 30
0.0
 11
4839.573623404954
 21
3404.061845336363
 31
0.0
  0
LINE
  5
1B9
330
17
100
AcDbEntity
  8
Hachura
 62
7
370
25
100
AcDbLine
 10
4839.571831619233
 20
3405.349976510852
 30
0.0
 11
4837.637064254731
 21
3405.349976510852
 31
0.0
  0
LINE
  5
1BA
330
17
100
AcDbEntity
  8
Hachura
 62
7
370
25
100
AcDbLine
 10
4844.167186897078
 20
3393.872070554277
 30
0.0
 11
4836.352525152447
 21
3393.872070554277
 31
0.0
  0
LINE
  5
1BB
330
17
100
AcDbEntity
  8
Hachura
 62
7
370
25
100
AcDbLine
 10
4840.347530376481
 20
3400.5792640824066
 30
0.0
 11
4836.993933585617
 21
3400.5792640824066
 31
0.0
  0
LINE
  5
1BC
330
17
100
AcDbEntity
  8
Hachura
 62
7
370
25
100
AcDbLine
 10
4840.347530376481
 20
3400.5115472250777
 30
0.0
 11
4836.993933585617
 21
3400.5115472250777
 31
0.0
  0
LINE
  5
1BD
330
17
100
AcDbEntity
  8
Hachura
 62
7
370
25
100
AcDbLine
 10
4836.7359646379855
 20
3397.3546518082367
 30
0.0
 11
4840.60549936699
 21
3397.3546518082367
 31
0.0
  0
LINE
  5
1BE
330
17
100
AcDbEntity
  8
Hachura
 62
7
370
25
100
AcDbLine
 10
4832.221507454149
 20
3394.7749619889014
 30
0.0
 11
4845.119956550828
 21
3394.774961988901
 31
0.0
  0
LINE
  5
1BF
330
17
100
AcDbEntity
  8
Hachura
 62
7
370
25
100
AcDbLine
 10
4845.119956550828
 20
3393.872070554277
 30
0.0
 11
4832.225049218542
 21
3393.872070554277
 31
0.0
  0
LINE
  5
1C0
330
17
100
AcDbEntity
  8
Hachura
 62
7
370
25
100
AcDbLine
 10
4838.025809547654
 20
3400.5792640824066
 30
0.0
 11
4838.025809547654
 21
3397.3546518082367
 31
0.0
  0
LINE
  5
1C1
330
17
100
AcDbEntity
  8
Hachura
 62
7
370
25
100
AcDbLine
 10
4836.993933585617
 20
3400.5792640824066
 30
0.0
 11
4836.993933585617
 21
3397.3546518082367
 31
0.0
  0
LINE
  5
1C2
330
17
100
AcDbEntity
  8
Hachura
 62
7
370
25
100
AcDbLine
 10
4838.670732002488
 20
3394.774961988901
 30
0.0
 11
4836.7359646379855
 21
3394.7749619889014
 31
0.0
  0
LINE
  5
1C3
330
17
100
AcDbEntity
  8
Hachura
 62
7
370
25
100
AcDbLine
 10
4837.38088709282
 20
3394.7749619889014
 30
0.0
 11
4838.025809547654
 21
3394.7749619889014
 31
0.0
  0
LINE
  5
1C4
330
17
100
AcDbEntity
  8
Hachura
 62
7
370
25
100
AcDbLine
 10
4838.665091640127
 20
3394.774961988901
 30
0.0
 11
4838.665091640127
 21
3393.872070554277
 31
0.0
  0
LINE
  5
1C5
330
17
100
AcDbEntity
  8
Hachura
 62
7
370
25
100
AcDbLine
 10
4838.358549948778
 20
3394.7749619889014
 30
0.0
 11
4838.358549948778
 21
3396.7741211783587
 31
0.0
  0
LINE
  5
1C6
330
17
100
AcDbEntity
  8
Hachura
 62
7
370
25
100
AcDbLine
 10
4838.874487929797
 20
3396.7741211783587
 30
0.0
 11
4838.874487929797
 21
3394.774961988901
 31
0.0
  0
LINE
  5
1C7
330
17
100
AcDbEntity
  8
Hachura
 62
7
370
25
100
AcDbLine
 10
4835.630855378756
 20
3394.7932365459687
 30
0.0
 11
4835.630855378756
 21
3393.866013870887
 31
0.0
  0
LINE
  5
1C8
330
17
100
AcDbEntity
  8
Hachura
 62
7
370
25
100
AcDbLine
 10
4837.71111636974
 20
3394.0221164321993
 30
0.0
 11
4837.71111636974
 21
3394.455184237919
 31
0.0
  0
LINE
  5
1C9
330
17
100
AcDbEntity
  8
Hachura
 62
7
370
25
100
AcDbLine
 10
4836.7359646379855
 20
3394.7749619889014
 30
0.0
 11
4836.7359646379855
 21
3397.3546518082367
 31
0.0
  0
LINE
  5
1CA
330
17
100
AcDbEntity
  8
Hachura
 62
7
370
25
100
AcDbLine
 10
4837.71111636974
 20
3394.455184237919
 30
0.0
 11
4837.71111636974
 21
3394.6670388870334
 31
0.0
  0
LINE
  5
1CB
330
17
100
AcDbEntity
  8
Hachura
 62
7
370
25
100
AcDbLine
 10
4832.225049218542
 20
3393.872070554277
 30
0.0
 11
4832.225049218542
 21
3399.0087391363627
 31
0.0
  0
LINE
  5
1CC
330
17
100
AcDbEntity
  8
Hachura
 62
7
370
25
100
AcDbLine
 10
4833.898305828142
 20
3399.031450192949
 30
0.0
 11
4834.479965902196
 21
3396.8211418750957
 31
0.0
  0
LINE
  5
1CD
330
17
100
AcDbEntity
  8
Hachura
 62
7
370
25
100
AcDbLine
 10
4832.221507454149
 20
3399.031450192949
 30
0.0
 11
4833.898305828142
 21
3399.031450192949
 31
0.0
  0
LINE
  5
1CE
330
17
100
AcDbEntity
  8
Hachura
 62
7
370
25
100
AcDbLine
 10
4834.79180994057
 20
3396.5807448688674
 30
0.0
 11
4836.7359646379855
 21
3396.5807448688674
 31
0.0
  0
LINE
  5
1CF
330
17
100
AcDbEntity
  8
Hachura
 62
7
370
25
100
AcDbLine
 10
4832.221507454149
 20
3394.7749619889014
 30
0.0
 11
4837.38088709282
 21
3394.7749619889014
 31
0.0
  0
LINE
  5
1D0
330
17
100
AcDbEntity
  8
Hachura
 62
7
370
25
100
AcDbLine
 10
4843.443158133957
 20
3399.031450192949
 30
0.0
 11
4842.861498059902
 21
3396.8211418750957
 31
0.0
  0
LINE
  5
1D1
330
17
100
AcDbEntity
  8
Hachura
 62
7
370
25
100
AcDbLine
 10
4840.347530376481
 20
3397.3546518082367
 30
0.0
 11
4840.347530376481
 21
3400.5792640824066
 31
0.0
  0
LINE
  5
1D2
330
17
100
AcDbEntity
  8
Hachura
 62
7
370
25
100
AcDbLine
 10
4839.573623404954
 20
3400.5792640824066
 30
0.0
 11
4839.573623404954
 21
3397.3546518082367
 31
0.0
  0
LINE
  5
1D3
330
17
100
AcDbEntity
  8
Hachura
 62
7
370
25
100
AcDbLine
 10
4841.696869972966
 20
3394.7932365459683
 30
0.0
 11
4841.696869972966
 21
3393.872070554277
 31
0.0
  0
LINE
  5
1D4
330
17
100
AcDbEntity
  8
Hachura
 62
7
370
25
100
AcDbLine
 10
4839.6458837342425
 20
3394.6486609700814
 30
0.0
 11
4839.6458837342425
 21
3394.215593175082
 31
0.0
  0
LINE
  5
1D5
330
17
100
AcDbEntity
  8
Hachura
 62
7
370
25
100
AcDbLine
 10
4843.129123577831
 20
3394.7932365459683
 30
0.0
 11
4843.129123577831
 21
3393.866013870887
 31
0.0
  0
LINE
  5
1D6
330
17
100
AcDbEntity
  8
Hachura
 62
7
370
25
100
AcDbLine
 10
4840.60549936699
 20
3397.3546518082367
 30
0.0
 11
4840.60549936699
 21
3394.774961988901
 31
0.0
  0
LINE
  5
1D7
330
17
100
AcDbEntity
  8
Hachura
 62
7
370
25
100
AcDbLine
 10
4840.60549936699
 20
3397.3546518082367
 30
0.0
 11
4840.347530376481
 21
3397.3546518082367
 31
0.0
  0
LINE
  5
1D8
330
17
100
AcDbEntity
  8
Hachura
 62
7
370
25
100
AcDbLine
 10
4840.60549936699
 20
3397.3546518082367
 30
0.0
 11
4840.347530376481
 21
3397.3546518082367
 31
0.0
  0
LINE
  5
1D9
330
17
100
AcDbEntity
  8
Hachura
 62
7
370
25
100
AcDbLine
 10
4842.549654021526
 20
3396.5807448688674
 30
0.0
 11
4840.601617443312
 21
3396.5807448688674
 31
0.0
  0
LINE
  5
1DA
330
17
100
AcDbEntity
  8
Hachura
 62
7
370
25
100
AcDbLine
 10
4845.119956550828
 20
3394.774961988901
 30
0.0
 11
4845.119956550828
 21
3399.031450192949
 31
0.0
  0
LINE
  5
1DB
330
17
100
AcDbEntity
  8
Hachura
 62
7
370
25
100
AcDbLine
 10
4845.119956550828
 20
3394.774961988901
 30
0.0
 11
4845.119956550828
 21
3393.872070554277
 31
0.0
  0
LINE
  5
1DC
330
17
100
AcDbEntity
  8
Hachura
 62
7
370
25
100
AcDbLine
 10
4843.971625494033
 20
3394.7932365459683
 30
0.0
 11
4843.971625494033
 21
3393.866013870887
 31
0.0
  0
LINE
  5
1DD
330
17
100
AcDbEntity
  8
Hachura
 62
7
370
25
100
AcDbLine
 10
4844.435001725892
 20
3394.7932365459683
 30
0.0
 11
4844.435001725892
 21
3393.866013870887
 31
0.0
  0
LINE
  5
1DE
330
17
100
AcDbEntity
  8
Hachura
 62
7
370
25
100
AcDbLine
 10
4844.772002458069
 20
3394.7932365459683
 30
0.0
 11
4844.772002458069
 21
3393.866013870887
 31
0.0
  0
LINE
  5
1DF
330
17
100
AcDbEntity
  8
Hachura
 62
7
370
25
100
AcDbLine
 10
4844.982628205114
 20
3394.7932365459683
 30
0.0
 11
4844.982628205114
 21
3393.866013870887
 31
0.0
  0
LINE
  5
1E0
330
17
100
AcDbEntity
  8
Hachura
 62
7
370
25
100
AcDbLine
 10
4845.119956550828
 20
3399.031450192949
 30
0.0
 11
4843.443158133957
 21
3399.031450192949
 31
0.0
  0
LINE
  5
1E1
330
17
100
AcDbEntity
  8
Hachura
 62
7
370
25
100
AcDbLine
 10
4838.799716457443
 20
3400.5792640824066
 30
0.0
 11
4837.532769904477
 21
3401.212737365233
 31
0.0
  0
LINE
  5
1E2
330
17
100
AcDbEntity
  8
Hachura
 62
7
370
25
100
AcDbLine
 10
4838.541747479624
 20
3400.5792640824066
 30
0.0
 11
4837.638856036853
 21
3401.030709803791
 31
0.0
  0
LINE
  5
1E3
330
17
100
AcDbEntity
  8
Hachura
 62
7
370
25
100
AcDbLine
 10
4837.638856036852
 20
3400.5792640824066
 30
0.0
 11
4837.638856036852
 21
3401.0307098037915
 31
0.0
  0
LINE
  5
1E4
330
17
100
AcDbEntity
  8
Hachura
 62
7
370
25
100
AcDbLine
 10
4834.215882191539
 20
3394.7932365459687
 30
0.0
 11
4834.215882191539
 21
3393.866013870887
 31
0.0
  0
LINE
  5
1E5
330
17
100
AcDbEntity
  8
Hachura
 62
7
370
25
100
AcDbLine
 10
4833.373380275337
 20
3394.7932365459687
 30
0.0
 11
4833.373380275337
 21
3393.866013870887
 31
0.0
  0
LINE
  5
1E6
330
17
100
AcDbEntity
  8
Hachura
 62
7
370
25
100
AcDbLine
 10
4832.910004043478
 20
3394.7932365459687
 30
0.0
 11
4832.910004043478
 21
3393.866013870887
 31
0.0
  0
LINE
  5
1E7
330
17
100
AcDbEntity
  8
Hachura
 62
7
370
25
100
AcDbLine
 10
4832.5730033113
 20
3394.7932365459687
 30
0.0
 11
4832.5730033113
 21
3393.866013870887
 31
0.0
  0
LINE
  5
1E8
330
17
100
AcDbEntity
  8
Hachura
 62
7
370
25
100
AcDbLine
 10
4832.362377564255
 20
3394.7932365459687
 30
0.0
 11
4832.362377564255
 21
3393.866013870887
 31
0.0
  0
LINE
  5
1E9
330
17
100
AcDbEntity
  8
Hachura
 62
7
370
25
100
AcDbLine
 10
4837.639478304589
 20
3259.875772582233
 30
0.0
 11
4837.639478304589
 21
3259.2308501273988
 31
0.0
  0
LINE
  5
1EA
330
17
100
AcDbEntity
  8
Hachura
 62
7
370
25
100
AcDbLine
 10
4837.639478304589
 20
3258.7149121678185
 30
0.0
 11
4839.574245669091
 21
3259.6822958500716
 31
0.0
  0
LINE
  5
1EB
330
17
100
AcDbEntity
  8
Hachura
 62
7
370
25
100
AcDbLine
 10
4837.566794973743
 20
3258.807555008371
 30
0.0
 11
4839.732407731301
 21
3259.8903613442712
 31
0.0
  0
LINE
  5
1EC
330
17
100
AcDbEntity
  8
Hachura
 62
7
370
25
100
AcDbLine
 10
4839.673969840878
 20
3260.1191114217286
 30
0.0
 11
4837.533392172213
 21
3259.048822565957
 31
0.0
  0
LINE
  5
1ED
330
17
100
AcDbEntity
  8
Hachura
 62
7
370
25
100
AcDbLine
 10
4839.574245669091
 20
3260.1982338096477
 30
0.0
 11
4837.639478304589
 21
3259.2308501273988
 31
0.0
  0
LINE
  5
1EE
330
17
100
AcDbEntity
  8
Hachura
 62
7
370
25
100
AcDbLine
 10
4839.574245669091
 20
3260.843156264482
 30
0.0
 11
4839.574245669091
 21
3260.1982338096477
 31
0.0
  0
LINE
  5
1EF
330
17
100
AcDbEntity
  8
Hachura
 62
7
370
25
100
AcDbLine
 10
4839.574245669091
 20
3262.519954649194
 30
0.0
 11
4839.574245669091
 21
3263.164877104028
 31
0.0
  0
LINE
  5
1F0
330
17
100
AcDbEntity
  8
Hachura
 62
7
370
25
100
AcDbLine
 10
4839.574245669091
 20
3261.5709488838993
 30
0.0
 11
4839.574245669091
 21
3261.359094234784
 31
0.0
  0
LINE
  5
1F1
330
17
100
AcDbEntity
  8
Hachura
 62
7
370
25
100
AcDbLine
 10
4839.574245669091
 20
3261.5709488838993
 30
0.0
 11
4839.574245669091
 21
3262.0040166896138
 31
0.0
  0
LINE
  5
1F2
330
17
100
AcDbEntity
  8
Hachura
 62
7
370
25
100
AcDbLine
 10
4837.639478304589
 20
3261.036633007365
 30
0.0
 11
4837.639478304589
 21
3260.3917105525306
 31
0.0
  0
LINE
  5
1F3
330
17
100
AcDbEntity
  8
Hachura
 62
7
370
25
100
AcDbLine
 10
4837.639478304589
 20
3262.197493421779
 30
0.0
 11
4837.639478304589
 21
3261.552570966945
 31
0.0
  0
LINE
  5
1F4
330
17
100
AcDbEntity
  8
Hachura
 62
7
370
25
100
AcDbLine
 10
4837.639478304589
 20
3259.875772582233
 30
0.0
 11
4839.574245669091
 21
3260.843156264482
 31
0.0
  0
LINE
  5
1F5
330
17
100
AcDbEntity
  8
Hachura
 62
7
370
25
100
AcDbLine
 10
4837.566794973743
 20
3259.9684154335027
 30
0.0
 11
4839.732407731301
 21
3261.051221769403
 31
0.0
  0
LINE
  5
1F6
330
17
100
AcDbEntity
  8
Hachura
 62
7
370
25
100
AcDbLine
 10
4839.673969840878
 20
3261.279971836139
 30
0.0
 11
4837.533392172213
 21
3260.209682991089
 31
0.0
  0
LINE
  5
1F7
330
17
100
AcDbEntity
  8
Hachura
 62
7
370
25
100
AcDbLine
 10
4839.574245669091
 20
3261.359094234784
 30
0.0
 11
4837.639478304589
 21
3260.3917105525306
 31
0.0
  0
LINE
  5
1F8
330
17
100
AcDbEntity
  8
Hachura
 62
7
370
25
100
AcDbLine
 10
4837.639478304589
 20
3262.197493421779
 30
0.0
 11
4839.574245669091
 21
3263.164877104028
 31
0.0
  0
LINE
  5
1F9
330
17
100
AcDbEntity
  8
Hachura
 62
7
370
25
100
AcDbLine
 10
4837.639478304589
 20
3261.036633007365
 30
0.0
 11
4839.574245669091
 21
3262.0040166896138
 31
0.0
  0
LINE
  5
1FA
330
17
100
AcDbEntity
  8
Hachura
 62
7
370
25
100
AcDbLine
 10
4837.566794973743
 20
3261.129275847917
 30
0.0
 11
4839.732407731301
 21
3262.2120821838175
 31
0.0
  0
LINE
  5
1FB
330
17
100
AcDbEntity
  8
Hachura
 62
7
370
25
100
AcDbLine
 10
4839.673969840878
 20
3262.4408322505533
 30
0.0
 11
4837.533392172213
 21
3261.3705434055037
 31
0.0
  0
LINE
  5
1FC
330
17
100
AcDbEntity
  8
Hachura
 62
7
370
25
100
AcDbLine
 10
4839.574245669091
 20
3262.519954649194
 30
0.0
 11
4837.639478304589
 21
3261.552570966945
 31
0.0
  0
LINE
  5
1FD
330
17
100
AcDbEntity
  8
Hachura
 62
7
370
25
100
AcDbLine
 10
4839.316483998657
 20
3258.392554579
 30
0.0
 11
4839.574245669091
 21
3258.521435435657
 31
0.0
  0
LINE
  5
1FE
330
17
100
AcDbEntity
  8
Hachura
 62
7
370
25
100
AcDbLine
 10
4839.058515008147
 20
3258.392554579
 30
0.0
 11
4839.732407731301
 21
3258.7295009405784
 31
0.0
  0
LINE
  5
1FF
330
17
100
AcDbEntity
  8
Hachura
 62
7
370
25
100
AcDbLine
 10
4839.574245669091
 20
3258.521435435657
 30
0.0
 11
4839.574245669091
 21
3258.392554579
 31
0.0
  0
LINE
  5
200
330
17
100
AcDbEntity
  8
Hachura
 62
7
370
25
100
AcDbLine
 10
4839.572453883371
 20
3258.394164675583
 30
0.0
 11
4839.249992655954
 21
3258.0717034267245
 31
0.0
  0
LINE
  5
201
330
17
100
AcDbEntity
  8
Hachura
 62
7
370
25
100
AcDbLine
 10
4839.574245669091
 20
3259.0373733952374
 30
0.0
 11
4839.574245669091
 21
3259.6822958500716
 31
0.0
  0
LINE
  5
202
330
17
100
AcDbEntity
  8
Hachura
 62
7
370
25
100
AcDbLine
 10
4837.639478304589
 20
3258.7149121678185
 30
0.0
 11
4837.639478304589
 21
3258.392554579
 31
0.0
  0
LINE
  5
203
330
17
100
AcDbEntity
  8
Hachura
 62
7
370
25
100
AcDbLine
 10
4837.6376010180975
 20
3258.3941646541434
 30
0.0
 11
4837.6376010180975
 21
3258.394242072217
 31
0.0
  0
LINE
  5
204
330
17
100
AcDbEntity
  8
Hachura
 62
7
370
25
100
AcDbLine
 10
4837.6376010180975
 20
3258.3941646541434
 30
0.0
 11
4837.960147746286
 21
3258.0717034267245
 31
0.0
  0
LINE
  5
205
330
17
100
AcDbEntity
  8
Hachura
 62
7
370
25
100
AcDbLine
 10
4837.639478304589
 20
3260.603565212368
 30
0.0
 11
4837.639478304589
 21
3260.3917105632527
 31
0.0
  0
LINE
  5
206
330
17
100
AcDbEntity
  8
Hachura
 62
7
370
25
100
AcDbLine
 10
4839.673969840878
 20
3258.958251007314
 30
0.0
 11
4838.5425770271295
 21
3258.392554579
 31
0.0
  0
LINE
  5
207
330
17
100
AcDbEntity
  8
Hachura
 62
7
370
25
100
AcDbLine
 10
4839.574245669091
 20
3259.0373733952374
 30
0.0
 11
4838.284608079499
 21
3258.392554579
 31
0.0
  0
LINE
  5
208
330
17
100
AcDbEntity
  8
Hachura
 62
7
370
25
100
AcDbLine
 10
4837.960147746286
 20
3258.0717034267245
 30
0.0
 11
4839.249992655954
 21
3258.0717034267245
 31
0.0
  0
LINE
  5
209
330
17
100
AcDbEntity
  8
Hachura
 62
7
370
25
100
AcDbLine
 10
4837.639478304589
 20
3258.7149121678185
 30
0.0
 11
4839.574245669091
 21
3259.6822958500716
 31
0.0
  0
LINE
  5
20A
330
17
100
AcDbEntity
  8
Hachura
 62
7
370
25
100
AcDbLine
 10
4839.572453883371
 20
3258.394164675583
 30
0.0
 11
4837.637686518869
 21
3258.394164675583
 31
0.0
  0
LINE
  5
20B
330
17
100
AcDbEntity
  8
Hachura
 62
7
370
25
100
AcDbLine
 10
4844.167809161216
 20
3269.872070632158
 30
0.0
 11
4836.353147416585
 21
3269.872070632158
 31
0.0
  0
LINE
  5
20C
330
17
100
AcDbEntity
  8
Hachura
 62
7
370
25
100
AcDbLine
 10
4840.3481526406185
 20
3263.164877104028
 30
0.0
 11
4836.994555849755
 21
3263.164877104028
 31
0.0
  0
LINE
  5
20D
330
17
100
AcDbEntity
  8
Hachura
 62
7
370
25
100
AcDbLine
 10
4840.3481526406185
 20
3263.232593961357
 30
0.0
 11
4836.994555849755
 21
3263.232593961357
 31
0.0
  0
LINE
  5
20E
330
17
100
AcDbEntity
  8
Hachura
 62
7
370
25
100
AcDbLine
 10
4836.736586902123
 20
3266.389489378198
 30
0.0
 11
4840.606121631128
 21
3266.389489378198
 31
0.0
  0
LINE
  5
20F
330
17
100
AcDbEntity
  8
Hachura
 62
7
370
25
100
AcDbLine
 10
4832.222129718287
 20
3268.969179197534
 30
0.0
 11
4845.1205788149655
 21
3268.9691791975333
 31
0.0
  0
LINE
  5
210
330
17
100
AcDbEntity
  8
Hachura
 62
7
370
25
100
AcDbLine
 10
4845.1205788149655
 20
3269.872070632158
 30
0.0
 11
4832.22567148268
 21
3269.872070632158
 31
0.0
  0
LINE
  5
211
330
17
100
AcDbEntity
  8
Hachura
 62
7
370
25
100
AcDbLine
 10
4838.026431811792
 20
3263.164877104028
 30
0.0
 11
4838.026431811792
 21
3266.389489378198
 31
0.0
  0
LINE
  5
212
330
17
100
AcDbEntity
  8
Hachura
 62
7
370
25
100
AcDbLine
 10
4836.994555849755
 20
3263.164877104028
 30
0.0
 11
4836.994555849755
 21
3266.389489378198
 31
0.0
  0
LINE
  5
213
330
17
100
AcDbEntity
  8
Hachura
 62
7
370
25
100
AcDbLine
 10
4838.671354266626
 20
3268.969179197534
 30
0.0
 11
4836.736586902123
 21
3268.969179197534
 31
0.0
  0
LINE
  5
214
330
17
100
AcDbEntity
  8
Hachura
 62
7
370
25
100
AcDbLine
 10
4837.381509356957
 20
3268.969179197534
 30
0.0
 11
4838.026431811792
 21
3268.969179197534
 31
0.0
  0
LINE
  5
215
330
17
100
AcDbEntity
  8
Hachura
 62
7
370
25
100
AcDbLine
 10
4838.6657139042645
 20
3268.969179197534
 30
0.0
 11
4838.6657139042645
 21
3269.872070632158
 31
0.0
  0
LINE
  5
216
330
17
100
AcDbEntity
  8
Hachura
 62
7
370
25
100
AcDbLine
 10
4838.359172212916
 20
3268.969179197534
 30
0.0
 11
4838.359172212916
 21
3266.970020008076
 31
0.0
  0
LINE
  5
217
330
17
100
AcDbEntity
  8
Hachura
 62
7
370
25
100
AcDbLine
 10
4838.875110193935
 20
3266.9700200080756
 30
0.0
 11
4838.875110193935
 21
3268.9691791975333
 31
0.0
  0
LINE
  5
218
330
17
100
AcDbEntity
  8
Hachura
 62
7
370
25
100
AcDbLine
 10
4835.6314776428935
 20
3268.9509046404664
 30
0.0
 11
4835.6314776428935
 21
3269.8781273155478
 31
0.0
  0
LINE
  5
219
330
17
100
AcDbEntity
  8
Hachura
 62
7
370
25
100
AcDbLine
 10
4837.711738633878
 20
3269.7220247542355
 30
0.0
 11
4837.711738633878
 21
3269.2889569485155
 31
0.0
  0
LINE
  5
21A
330
17
100
AcDbEntity
  8
Hachura
 62
7
370
25
100
AcDbLine
 10
4836.736586902123
 20
3268.969179197534
 30
0.0
 11
4836.736586902123
 21
3266.389489378198
 31
0.0
  0
LINE
  5
21B
330
17
100
AcDbEntity
  8
Hachura
 62
7
370
25
100
AcDbLine
 10
4837.711738633878
 20
3269.2889569485155
 30
0.0
 11
4837.711738633878
 21
3269.0771022994013
 31
0.0
  0
LINE
  5
21C
330
17
100
AcDbEntity
  8
Hachura
 62
7
370
25
100
AcDbLine
 10
4832.22567148268
 20
3269.872070632158
 30
0.0
 11
4832.22567148268
 21
3264.735402050072
 31
0.0
  0
LINE
  5
21D
330
17
100
AcDbEntity
  8
Hachura
 62
7
370
25
100
AcDbLine
 10
4833.89892809228
 20
3264.712690993486
 30
0.0
 11
4834.480588166334
 21
3266.922999311339
 31
0.0
  0
LINE
  5
21E
330
17
100
AcDbEntity
  8
Hachura
 62
7
370
25
100
AcDbLine
 10
4832.222129718287
 20
3264.712690993486
 30
0.0
 11
4833.89892809228
 21
3264.712690993486
 31
0.0
  0
LINE
  5
21F
330
17
100
AcDbEntity
  8
Hachura
 62
7
370
25
100
AcDbLine
 10
4834.792432204707
 20
3267.1633963175673
 30
0.0
 11
4836.736586902123
 21
3267.1633963175673
 31
0.0
  0
LINE
  5
220
330
17
100
AcDbEntity
  8
Hachura
 62
7
370
25
100
AcDbLine
 10
4832.222129718287
 20
3268.969179197534
 30
0.0
 11
4837.381509356957
 21
3268.969179197534
 31
0.0
  0
LINE
  5
221
330
17
100
AcDbEntity
  8
Hachura
 62
7
370
25
100
AcDbLine
 10
4843.4437803980945
 20
3264.7126909934855
 30
0.0
 11
4842.86212032404
 21
3266.922999311339
 31
0.0
  0
LINE
  5
222
330
17
100
AcDbEntity
  8
Hachura
 62
7
370
25
100
AcDbLine
 10
4840.3481526406185
 20
3266.389489378198
 30
0.0
 11
4840.3481526406185
 21
3263.164877104028
 31
0.0
  0
LINE
  5
223
330
17
100
AcDbEntity
  8
Hachura
 62
7
370
25
100
AcDbLine
 10
4839.574245669091
 20
3263.164877104028
 30
0.0
 11
4839.574245669091
 21
3266.389489378198
 31
0.0
  0
LINE
  5
224
330
17
100
AcDbEntity
  8
Hachura
 62
7
370
25
100
AcDbLine
 10
4841.697492237104
 20
3268.950904640466
 30
0.0
 11
4841.697492237104
 21
3269.872070632158
 31
0.0
  0
LINE
  5
225
330
17
100
AcDbEntity
  8
Hachura
 62
7
370
25
100
AcDbLine
 10
4839.64650599838
 20
3269.0954802163533
 30
0.0
 11
4839.64650599838
 21
3269.5285480113525
 31
0.0
  0
LINE
  5
226
330
17
100
AcDbEntity
  8
Hachura
 62
7
370
25
100
AcDbLine
 10
4843.1297458419685
 20
3268.950904640466
 30
0.0
 11
4843.1297458419685
 21
3269.8781273155478
 31
0.0
  0
LINE
  5
227
330
17
100
AcDbEntity
  8
Hachura
 62
7
370
25
100
AcDbLine
 10
4840.606121631128
 20
3266.389489378198
 30
0.0
 11
4840.606121631128
 21
3268.9691791975333
 31
0.0
  0
LINE
  5
228
330
17
100
AcDbEntity
  8
Hachura
 62
7
370
25
100
AcDbLine
 10
4840.606121631128
 20
3266.389489378198
 30
0.0
 11
4840.3481526406185
 21
3266.389489378198
 31
0.0
  0
LINE
  5
229
330
17
100
AcDbEntity
  8
Hachura
 62
7
370
25
100
AcDbLine
 10
4840.606121631128
 20
3266.389489378198
 30
0.0
 11
4840.3481526406185
 21
3266.389489378198
 31
0.0
  0
LINE
  5
22A
330
17
100
AcDbEntity
  8
Hachura
 62
7
370
25
100
AcDbLine
 10
4842.550276285664
 20
3267.1633963175673
 30
0.0
 11
4840.602239707449
 21
3267.1633963175673
 31
0.0
  0
LINE
  5
22B
330
17
100
AcDbEntity
  8
Hachura
 62
7
370
25
100
AcDbLine
 10
4845.1205788149655
 20
3268.9691791975333
 30
0.0
 11
4845.1205788149655
 21
3264.7126909934855
 31
0.0
  0
LINE
  5
22C
330
17
100
AcDbEntity
  8
Hachura
 62
7
370
25
100
AcDbLine
 10
4845.1205788149655
 20
3268.9691791975333
 30
0.0
 11
4845.1205788149655
 21
3269.872070632158
 31
0.0
  0
LINE
  5
22D
330
17
100
AcDbEntity
  8
Hachura
 62
7
370
25
100
AcDbLine
 10
4843.972247758171
 20
3268.950904640466
 30
0.0
 11
4843.972247758171
 21
3269.8781273155478
 31
0.0
  0
LINE
  5
22E
330
17
100
AcDbEntity
  8
Hachura
 62
7
370
25
100
AcDbLine
 10
4844.43562399003
 20
3268.950904640466
 30
0.0
 11
4844.43562399003
 21
3269.8781273155478
 31
0.0
  0
LINE
  5
22F
330
17
100
AcDbEntity
  8
Hachura
 62
7
370
25
100
AcDbLine
 10
4844.772624722207
 20
3268.950904640466
 30
0.0
 11
4844.772624722207
 21
3269.8781273155478
 31
0.0
  0
LINE
  5
230
330
17
100
AcDbEntity
  8
Hachura
 62
7
370
25
100
AcDbLine
 10
4844.983250469252
 20
3268.950904640466
 30
0.0
 11
4844.983250469252
 21
3269.8781273155478
 31
0.0
  0
LINE
  5
231
330
17
100
AcDbEntity
  8
Hachura
 62
7
370
25
100
AcDbLine
 10
4845.1205788149655
 20
3264.7126909934855
 30
0.0
 11
4843.4437803980945
 21
3264.7126909934855
 31
0.0
  0
LINE
  5
232
330
17
100
AcDbEntity
  8
Hachura
 62
7
370
25
100
AcDbLine
 10
4838.80033872158
 20
3263.164877104028
 30
0.0
 11
4837.533392168615
 21
3262.531403821202
 31
0.0
  0
LINE
  5
233
330
17
100
AcDbEntity
  8
Hachura
 62
7
370
25
100
AcDbLine
 10
4838.542369743762
 20
3263.164877104028
 30
0.0
 11
4837.639478300991
 21
3262.7134313826436
 31
0.0
  0
LINE
  5
234
330
17
100
AcDbEntity
  8
Hachura
 62
7
370
25
100
AcDbLine
 10
4837.63947830099
 20
3263.164877104028
 30
0.0
 11
4837.63947830099
 21
3262.713431382643
 31
0.0
  0
LINE
  5
235
330
17
100
AcDbEntity
  8
Hachura
 62
7
370
25
100
AcDbLine
 10
4834.216504455677
 20
3268.9509046404664
 30
0.0
 11
4834.216504455677
 21
3269.8781273155478
 31
0.0
  0
LINE
  5
236
330
17
100
AcDbEntity
  8
Hachura
 62
7
370
25
100
AcDbLine
 10
4833.3740025394745
 20
3268.9509046404664
 30
0.0
 11
4833.3740025394745
 21
3269.8781273155478
 31
0.0
  0
LINE
  5
237
330
17
100
AcDbEntity
  8
Hachura
 62
7
370
25
100
AcDbLine
 10
4832.9106263076155
 20
3268.9509046404664
 30
0.0
 11
4832.9106263076155
 21
3269.8781273155478
 31
0.0
  0
LINE
  5
238
330
17
100
AcDbEntity
  8
Hachura
 62
7
370
25
100
AcDbLine
 10
4832.573625575438
 20
3268.9509046404664
 30
0.0
 11
4832.573625575438
 21
3269.8781273155478
 31
0.0
  0
LINE
  5
239
330
17
100
AcDbEntity
  8
Hachura
 62
7
370
25
100
AcDbLine
 10
4832.362999828393
 20
3268.9509046404664
 30
0.0
 11
4832.362999828393
 21
3269.8781273155478
 31
0.0
  0
LINE
  5
23A
330
17
100
AcDbEntity
  8
Hachura
 62
7
370
25
100
AcDbLine
 10
4838.672242467976
 20
3404.672437759681
 30
0.0
 11
4838.6637012571
 21
3262.872070632158
 31
0.0
  0
LINE
  5
23B
330
17
100
AcDbEntity
  8
Madeira
 62
7
370
25
100
AcDbLine
 10
4906.687883281629
 20
3289.856707104988
 30
0.0
 11
4918.1883313273465
 21
3303.869343027379
 31
0.0
  0
LINE
  5
23C
330
17
100
AcDbEntity
  8
Madeira
 62
7
370
25
100
AcDbLine
 10
4906.687883281629
 20
3289.856707104988
 30
0.0
 11
4910.156376216893
 21
3303.8605239467975
 31
0.0
  0
LINE
  5
23D
330
17
100
AcDbEntity
  8
Madeira
 62
7
370
25
100
AcDbLine
 10
4906.687883281629
 20
3289.856707104988
 30
0.0
 11
4920.681915704103
 21
3295.2993490845624
 31
0.0
  0
LINE
  5
23E
330
17
100
AcDbEntity
  8
Madeira
 62
7
370
25
100
AcDbLine
 10
4770.694855287598
 20
3289.875830294983
 30
0.0
 11
4759.163663281783
 21
3303.863177494175
 31
0.0
  0
LINE
  5
23F
330
17
100
AcDbEntity
  8
Madeira
 62
7
370
25
100
AcDbLine
 10
4770.694855287598
 20
3289.875830294983
 30
0.0
 11
4767.195618392237
 21
3303.8719965747564
 31
0.0
  0
LINE
  5
240
330
17
100
AcDbEntity
  8
Madeira
 62
7
370
25
100
AcDbLine
 10
4770.694855287598
 20
3289.875830294983
 30
0.0
 11
4756.688904588489
 21
3295.287728314459
 31
0.0
  0
LINE
  5
241
330
17
100
AcDbEntity
  8
Madeira
 62
7
370
25
100
AcDbLine
 10
4816.187972793952
 20
3289.864301349251
 30
0.0
 11
4809.181654839894
 21
3295.614525366253
 31
0.0
  0
LINE
  5
242
330
17
100
AcDbEntity
  8
Madeira
 62
7
370
25
100
AcDbLine
 10
4816.187972793952
 20
3289.864301349251
 30
0.0
 11
4809.18606438018
 21
3291.598547815117
 31
0.0
  0
LINE
  5
243
330
17
100
AcDbEntity
  8
Madeira
 62
7
370
25
100
AcDbLine
 10
4816.187972793952
 20
3289.864301349251
 30
0.0
 11
4810.745330819922
 21
3303.85833375747
 31
0.0
  0
LINE
  5
244
330
17
100
AcDbEntity
  8
Madeira
 62
7
370
25
100
AcDbLine
 10
4868.187939633281
 20
3289.864301349251
 30
0.0
 11
4861.181621679222
 21
3295.614525366253
 31
0.0
  0
LINE
  5
245
330
17
100
AcDbEntity
  8
Madeira
 62
7
370
25
100
AcDbLine
 10
4868.187939633281
 20
3289.864301349251
 30
0.0
 11
4861.186031219509
 21
3291.598547815117
 31
0.0
  0
LINE
  5
246
330
17
100
AcDbEntity
  8
Madeira
 62
7
370
25
100
AcDbLine
 10
4868.187939633281
 20
3289.864301349251
 30
0.0
 11
4862.74529765925
 21
3303.85833375747
 31
0.0
  0
LINE
  5
247
330
17
100
AcDbEntity
  8
Madeira
 62
7
370
25
100
AcDbLine
 10
4906.687883281629
 20
3373.887434026092
 30
0.0
 11
4918.1883313273465
 21
3359.874798103701
 31
0.0
  0
LINE
  5
248
330
17
100
AcDbEntity
  8
Madeira
 62
7
370
25
100
AcDbLine
 10
4906.687883281629
 20
3373.887434026092
 30
0.0
 11
4910.156376216893
 21
3359.8836171842822
 31
0.0
  0
LINE
  5
249
330
17
100
AcDbEntity
  8
Madeira
 62
7
370
25
100
AcDbLine
 10
4906.687883281629
 20
3373.887434026092
 30
0.0
 11
4920.681915704103
 21
3368.4447920465173
 31
0.0
  0
LINE
  5
24A
330
17
100
AcDbEntity
  8
Madeira
 62
7
370
25
100
AcDbLine
 10
4770.694855287598
 20
3373.868310836097
 30
0.0
 11
4759.163663281783
 21
3359.880963636905
 31
0.0
  0
LINE
  5
24B
330
17
100
AcDbEntity
  8
Madeira
 62
7
370
25
100
AcDbLine
 10
4770.694855287598
 20
3373.868310836097
 30
0.0
 11
4767.195618392237
 21
3359.8721445563237
 31
0.0
  0
LINE
  5
24C
330
17
100
AcDbEntity
  8
Madeira
 62
7
370
25
100
AcDbLine
 10
4770.694855287598
 20
3373.868310836097
 30
0.0
 11
4756.688904588489
 21
3368.456412816621
 31
0.0
  0
LINE
  5
24D
330
17
100
AcDbEntity
  8
Painéis
 62
7
370
25
100
AcDbLine
 10
5324.735395366293
 20
3165.208907286871
 30
0.0
 11
5242.735395366516
 21
3165.208907286832
 31
0.0
  0
LINE
  5
24E
330
17
100
AcDbEntity
  8
Madeira
 62
7
370
25
100
AcDbLine
 10
4816.187972793952
 20
3373.879839781829
 30
0.0
 11
4809.181654839894
 21
3368.129615764827
 31
0.0
  0
LINE
  5
24F
330
17
100
AcDbEntity
  8
Madeira
 62
7
370
25
100
AcDbLine
 10
4816.187972793952
 20
3373.879839781829
 30
0.0
 11
4809.18606438018
 21
3372.145593315963
 31
0.0
  0
LINE
  5
250
330
17
100
AcDbEntity
  8
Madeira
 62
7
370
25
100
AcDbLine
 10
4816.187972793952
 20
3373.879839781829
 30
0.0
 11
4810.745330819922
 21
3359.88580737361
 31
0.0
  0
LINE
  5
251
330
17
100
AcDbEntity
  8
Madeira
 62
7
370
25
100
AcDbLine
 10
4868.187939633281
 20
3373.879839781829
 30
0.0
 11
4861.181621679222
 21
3368.129615764827
 31
0.0
  0
LINE
  5
252
330
17
100
AcDbEntity
  8
Madeira
 62
7
370
25
100
AcDbLine
 10
4868.187939633281
 20
3373.879839781829
 30
0.0
 11
4861.186031219509
 21
3372.145593315963
 31
0.0
  0
LINE
  5
253
330
17
100
AcDbEntity
  8
Madeira
 62
7
370
25
100
AcDbLine
 10
4868.187939633281
 20
3373.879839781829
 30
0.0
 11
4862.74529765925
 21
3359.88580737361
 31
0.0
  0
LINE
  5
254
330
17
100
AcDbEntity
  8
SARR_2.2x7
 62
7
370
25
100
AcDbLine
 10
5476.67496818729
 20
2919.20890728683
 30
0.0
 11
5476.674968187377
 21
3165.208907286836
 31
0.0
  0
LINE
  5
255
330
17
100
AcDbEntity
  8
SARR_2.2x7
 62
7
370
25
100
AcDbLine
 10
5544.674968187187
 20
2919.20890728683
 30
0.0
 11
5544.674968187362
 21
3165.208907286868
 31
0.0
  0
LINE
  5
256
330
17
100
AcDbEntity
  8
SARR_2.2x7
 62
7
370
25
100
AcDbLine
 10
5476.67496818745
 20
2919.20890728683
 30
0.0
 11
5476.67496818745
 21
2919.208907286856
 31
0.0
  0
LINE
  5
257
330
17
100
AcDbEntity
  8
SARR_2.2x7
 62
7
370
25
100
AcDbLine
 10
5544.674968187392
 20
2919.208907286844
 30
0.0
 11
5544.674968187392
 21
2919.20890728683
 31
0.0
  0
LINE
  5
258
330
17
100
AcDbEntity
  8
COTA
 62
7
370
25
100
AcDbLine
 10
5551.674968187275
 20
3191.208907286867
 30
0.0
 11
5551.674968187228
 21
3325.20890728683
 31
0.0
  0
LINE
  5
259
330
17
100
AcDbEntity
  8
COTA
 62
7
370
25
100
AcDbLine
 10
5551.674968187228
 20
3325.20890728683
 30
0.0
 11
5469.674968187228
 21
3325.20890728683
 31
0.0
  0
LINE
  5
25A
330
17
100
AcDbEntity
  8
COTA
 62
7
370
25
100
AcDbLine
 10
5469.674968187275
 20
3191.208907286828
 30
0.0
 11
5469.674968187228
 21
3325.20890728683
 31
0.0
  0
LINE
  5
25B
330
17
100
AcDbEntity
  8
Painéis
 62
7
370
25
100
AcDbLine
 10
5551.67496818745
 20
2917.20890728632
 30
0.0
 11
5551.67496818745
 21
3191.208907286867
 31
0.0
  0
LINE
  5
25C
330
17
100
AcDbEntity
  8
Painéis
 62
7
370
25
100
AcDbLine
 10
5469.674968187457
 20
3191.208907286828
 30
0.0
 11
5469.674968187447
 21
2917.208907286349
 31
0.0
  0
LINE
  5
25D
330
17
100
AcDbEntity
  8
Painéis
 62
7
370
25
100
AcDbLine
 10
5469.674968187447
 20
2919.20890728683
 30
0.0
 11
5551.67496818745
 21
2919.20890728683
 31
0.0
  0
LINE
  5
25E
330
17
100
AcDbEntity
  8
Painéis
 62
7
370
25
100
AcDbLine
 10
5551.674968187228
 20
3165.208907286871
 30
0.0
 11
5469.67496818745
 21
3165.208907286832
 31
0.0
  0
LINE
  5
25F
330
17
100
AcDbEntity
  8
Painéis
 62
7
370
25
100
AcDbLine
 10
5324.735395366457
 20
3041.20890728683
 30
0.0
 11
5242.735395366516
 21
3041.208907286832
 31
0.0
  0
LINE
  5
260
330
17
100
AcDbEntity
  8
Painéis
 62
7
370
25
100
AcDbLine
 10
5551.674968187391
 20
3041.20890728683
 30
0.0
 11
5469.67496818745
 21
3041.208907286832
 31
0.0
  0
LINE
  5
261
330
17
100
AcDbEntity
  8
NIVEL 1° PAV.
 62
7
370
25
100
AcDbLine
 10
5144.105177132835
 20
3325.20890728683
 30
0.0
 11
5983.93998089667
 21
3325.20890728683
 31
0.0
  0
LINE
  5
262
330
17
100
AcDbEntity
  8
Nível
 62
7
370
25
100
AcDbLine
 10
5144.105177132835
 20
3325.20890728683
 30
0.0
 11
5983.93998089667
 21
3325.20890728683
 31
0.0
  0
LINE
  5
263
330
17
100
AcDbEntity
  8
NIVEL 1° PAV.
 62
7
370
25
100
AcDbLine
 10
4996.725135098134
 20
3325.208907286829
 30
0.0
 11
5942.284689586053
 21
3325.208907286829
 31
0.0
  0
LINE
  5
264
330
17
100
AcDbEntity
  8
NIVEL 1° PAV.
 62
7
370
25
100
AcDbLine
 10
5010.536989525441
 20
3350.208919286829
 30
0.0
 11
5106.536969525441
 21
3350.208919286829
 31
0.0
  0
LINE
  5
265
330
17
100
AcDbEntity
  8
NIVEL 1° PAV.
 62
7
370
25
100
AcDbLine
 10
5023.03698952544
 20
3325.20890728683
 30
0.0
 11
5035.537013525441
 21
3350.208919286829
 31
0.0
  0
LINE
  5
266
330
17
100
AcDbEntity
  8
NIVEL 1° PAV.
 62
7
370
25
100
AcDbLine
 10
5010.536989525441
 20
3350.208919286829
 30
0.0
 11
5023.03698952544
 21
3325.20890728683
 31
0.0
  0
LINE
  5
267
330
17
100
AcDbEntity
  8
Painéis
 62
7
370
25
100
AcDbLine
 10
5324.735395366115
 20
3191.208907286867
 30
0.0
 11
5242.735395366341
 21
3191.208907286828
 31
0.0
  0
LINE
  5
268
330
17
100
AcDbEntity
  8
Painéis
 62
7
370
25
100
AcDbLine
 10
5551.67496818705
 20
3191.208907286867
 30
0.0
 11
5469.674968187275
 21
3191.208907286828
 31
0.0
  0
LINE
  5
269
330
17
100
AcDbEntity
  8
Painéis
 62
7
370
25
100
AcDbLine
 10
5724.694422665823
 20
3146.208907286835
 30
0.0
 11
5700.694422665823
 21
3146.208907286835
 31
0.0
  0
LINE
  5
26A
330
17
100
AcDbEntity
  8
Painéis
 62
7
370
25
100
AcDbLine
 10
5724.694422665823
 20
3165.208907286826
 30
0.0
 11
5700.694422665823
 21
3165.208907286829
 31
0.0
  0
LINE
  5
26B
330
17
100
AcDbEntity
  8
Painéis
 62
7
370
25
100
AcDbLine
 10
5874.813608656416
 20
3146.208907286832
 30
0.0
 11
5850.813608656419
 21
3146.208907286832
 31
0.0
  0
LINE
  5
26C
330
17
100
AcDbEntity
  8
Painéis
 62
7
370
25
100
AcDbLine
 10
5874.813608656416
 20
3165.208907286829
 30
0.0
 11
5850.813608656419
 21
3165.208907286828
 31
0.0
  0
LINE
  5
26D
330
17
100
AcDbEntity
  8
Painéis
 62
7
370
25
100
AcDbLine
 10
5724.694422665823
 20
3191.208907286819
 30
0.0
 11
5700.694422665823
 21
3191.208907286819
 31
0.0
  0
LINE
  5
26E
330
17
100
AcDbEntity
  8
Painéis
 62
7
370
25
100
AcDbLine
 10
5850.813608656419
 20
3191.208907286827
 30
0.0
 11
5874.813608656412
 21
3191.208907286816
 31
0.0
  0
LINE
  5
26F
330
17
100
AcDbEntity
  8
SARR_2.2x7
 62
7
370
25
100
AcDbLine
 10
5867.813608656368
 20
3165.208907286829
 30
0.0
 11
5867.813608656361
 21
3191.208907286819
 31
0.0
  0
LINE
  5
270
330
17
100
AcDbEntity
  8
SARR_2.2x7
 62
7
370
25
100
AcDbLine
 10
5857.813608656463
 20
3165.208907286831
 30
0.0
 11
5857.813608656456
 21
3191.208907286821
 31
0.0
  0
LINE
  5
271
330
17
100
AcDbEntity
  8
SARR_2.2x7
 62
7
370
25
100
AcDbLine
 10
5717.694422665779
 20
3165.208907286784
 30
0.0
 11
5717.694422665772
 21
3191.208907286774
 31
0.0
  0
LINE
  5
272
330
17
100
AcDbEntity
  8
SARR_2.2x7
 62
7
370
25
100
AcDbLine
 10
5707.694422665874
 20
3165.208907286829
 30
0.0
 11
5707.694422665866
 21
3191.208907286819
 31
0.0
  0
LINE
  5
273
330
17
100
AcDbEntity
  8
SARR_2.2x7
 62
7
370
25
100
AcDbLine
 10
5544.674968187362
 20
3165.208907287058
 30
0.0
 11
5544.674968187355
 21
3191.208907287048
 31
0.0
  0
LINE
  5
274
330
17
100
AcDbEntity
  8
SARR_2.2x7
 62
7
370
25
100
AcDbLine
 10
5476.674968187377
 20
3165.208907287027
 30
0.0
 11
5476.67496818737
 21
3191.208907287017
 31
0.0
  0
LINE
  5
275
330
17
100
AcDbEntity
  8
SARR_2.2x7
 62
7
370
25
100
AcDbLine
 10
5317.735395366428
 20
3165.208907287058
 30
0.0
 11
5317.735395366421
 21
3191.208907287048
 31
0.0
  0
LINE
  5
276
330
17
100
AcDbEntity
  8
SARR_2.2x7
 62
7
370
25
100
AcDbLine
 10
5249.735395366442
 20
3165.208907287162
 30
0.0
 11
5249.735395366432
 21
3191.208907287153
 31
0.0
  0
LINE
  5
277
330
17
100
AcDbEntity
  8
SARR_2.2x7
 62
7
370
25
100
AcDbLine
 10
5324.735395366118
 20
3184.208907286804
 30
0.0
 11
5242.735395366341
 21
3184.208907286766
 31
0.0
  0
LINE
  5
278
330
17
100
AcDbEntity
  8
SARR_2.2x7
 62
7
370
25
100
AcDbLine
 10
5551.674968187054
 20
3184.208907286794
 30
0.0
 11
5469.674968187275
 21
3184.208907286756
 31
0.0
  0
LWPOLYLINE
  5
279
330
17
100
AcDbEntity
  8
COTA
 62
7
370
25
100
AcDbPolyline
 90
4
 70
0
 10
5724.694422665823
 20
3191.208907286827
 10
5724.694422665823
 20
3325.208907286827
 10
5700.694422665823
 20
3325.208907286827
 10
5700.694422665823
 20
3191.208907286827
  0
LWPOLYLINE
  5
27A
330
17
100
AcDbEntity
  8
COTA
 62
7
370
25
100
AcDbPolyline
 90
4
 70
0
 10
5874.813608656419
 20
3191.208907286827
 10
5874.813608656419
 20
3325.208907286827
 10
5850.813608656419
 20
3325.208907286827
 10
5850.813608656419
 20
3191.208907286827
  0
LWPOLYLINE
  5
27B
330
17
100
AcDbEntity
  8
Painéis
 62
7
370
25
100
AcDbPolyline
 90
4
 70
1
 10
5700.694422665823
 20
2919.20890728683
 10
5724.694422665823
 20
2919.20890728683
 10
5724.694422665823
 20
2917.208907286829
 10
5700.694422665823
 20
2917.208907286829
  0
LWPOLYLINE
  5
27C
330
17
100
AcDbEntity
  8
Painéis
 62
7
370
25
100
AcDbPolyline
 90
4
 70
1
 10
5850.813608656419
 20
2919.20890728683
 10
5874.813608656419
 20
2919.20890728683
 10
5874.813608656419
 20
2917.208907286829
 10
5850.813608656419
 20
2917.208907286829
  0
LWPOLYLINE
  5
27D
330
17
100
AcDbEntity
  8
Painéis
 62
7
370
25
100
AcDbPolyline
 90
4
 70
1
 10
5324.735395366515
 20
2919.20890728683
 10
5242.735395366516
 20
2919.208907286858
 10
5242.735395366516
 20
2917.208907286859
 10
5324.735395366515
 20
2917.208907286829
  0
LWPOLYLINE
  5
27E
330
17
100
AcDbEntity
  8
SARRAFO
 62
7
370
25
100
AcDbPolyline
 90
4
 70
1
 10
4756.672502906542
 20
3351.472070546162
 10
4770.672502892398
 20
3351.472070546279
 10
4770.672502892398
 20
3355.872070540597
 10
4756.672502906542
 20
3355.872070540597
  0
LWPOLYLINE
  5
27F
330
17
100
AcDbEntity
  8
SARRAFO
 62
7
370
25
100
AcDbPolyline
 90
4
 70
1
 10
4920.672502862363
 20
3312.272070584859
 10
4906.672502876507
 20
3312.2720705848
 10
4906.672502876507
 20
3307.872070590482
 10
4920.672502862363
 20
3307.872070590482
  0
LWPOLYLINE
  5
280
330
17
100
AcDbEntity
  8
SARRAFO
 62
7
370
25
100
AcDbPolyline
 90
4
 70
1
 10
4920.672502862363
 20
3351.472070546162
 10
4906.672502876507
 20
3351.472070546279
 10
4906.672502876507
 20
3355.872070540597
 10
4920.672502862363
 20
3355.872070540597
  0
LWPOLYLINE
  5
281
330
17
100
AcDbEntity
  8
SARRAFO
 62
7
370
25
100
AcDbPolyline
 90
4
 70
1
 10
4756.672502906542
 20
3312.272070584859
 10
4770.672502892398
 20
3312.2720705848
 10
4770.672502892398
 20
3307.872070590482
 10
4756.672502906542
 20
3307.872070590482
  0
LWPOLYLINE
  5
282
330
17
100
AcDbEntity
  8
Perfil Metálico
 62
7
370
25
100
AcDbPolyline
 90
4
 70
1
 10
4956.672502830552
 20
3377.872070571623
 10
4956.672502830552
 20
3389.872070558584
 10
4720.672502938788
 20
3389.872070558584
 10
4720.672502938788
 20
3377.872070571623
  0
LWPOLYLINE
  5
283
330
17
100
AcDbEntity
  8
Perfil Metálico
 62
7
370
25
100
AcDbPolyline
 90
4
 70
1
 10
4720.672502938788
 20
3393.872070554277
 10
4720.672502938788
 20
3373.872070575872
 10
4956.672502830552
 20
3373.872070575872
 10
4956.672502830552
 20
3393.872070554277
  0
LWPOLYLINE
  5
284
330
17
100
AcDbEntity
  8
Perfil Metálico
 62
7
370
25
100
AcDbPolyline
 90
4
 70
1
 10
4956.672502830552
 20
3285.872070614813
 10
4956.672502830552
 20
3273.872070627851
 10
4720.672502938788
 20
3273.872070627851
 10
4720.672502938788
 20
3285.872070614813
  0
LWPOLYLINE
  5
285
330
17
100
AcDbEntity
  8
Perfil Metálico
 62
7
370
25
100
AcDbPolyline
 90
4
 70
1
 10
4720.672502938788
 20
3269.872070632158
 10
4720.672502938788
 20
3289.872070610563
 10
4956.672502830552
 20
3289.872070610563
 10
4956.672502830552
 20
3269.872070632158
  0
LWPOLYLINE
  5
286
330
17
100
AcDbEntity
  8
Madeira
 62
7
370
25
100
AcDbPolyline
 90
4
 70
1
 10
4770.694855287598
 20
3289.875830294983
 10
4770.679483307549
 20
3303.8758218557746
 10
4756.679491746758
 20
3303.8604498757254
 10
4756.694863726807
 20
3289.860458314934
  0
LWPOLYLINE
  5
287
330
17
100
AcDbEntity
  8
Madeira
 62
7
370
25
100
AcDbPolyline
 90
4
 70
1
 10
4920.687874842974
 20
3289.860458289925
 10
4920.672502862886
 20
3303.860449900775
 10
4756.679491746749
 20
3303.860449900746
 10
4756.694863726836
 20
3289.860458289896
  0
LWPOLYLINE
  5
288
330
17
100
AcDbEntity
  8
Madeira
 62
7
370
25
100
AcDbPolyline
 90
4
 70
1
 10
4920.687874842974
 20
3373.883682841155
 10
4920.672502862886
 20
3359.883691230305
 10
4756.679491746749
 20
3359.883691230334
 10
4756.694863726836
 20
3373.883682841184
  0
LWPOLYLINE
  5
289
330
17
100
AcDbEntity
  8
CHAPA
 62
7
370
25
100
AcDbPolyline
 90
4
 70
1
 10
4756.672502907007
 20
3307.872070645837
 10
4756.672502907007
 20
3303.872070645837
 10
4920.672502862363
 20
3303.872070645837
 10
4920.672502862363
 20
3307.872070645837
  0
LWPOLYLINE
  5
28A
330
17
100
AcDbEntity
  8
CHAPA
 62
7
370
25
100
AcDbPolyline
 90
4
 70
1
 10
4756.672502907007
 20
3355.872070485242
 10
4756.672502907007
 20
3359.872070485243
 10
4920.672502862363
 20
3359.872070485243
 10
4920.672502862363
 20
3355.872070485242
  0
LWPOLYLINE
  5
28B
330
17
100
AcDbEntity
  8
CHAPA
 62
7
370
25
100
AcDbPolyline
 90
4
 70
1
 10
4902.272502886815
 20
3355.872070485242
 10
4898.672502886809
 20
3355.872070485242
 10
4898.672502886809
 20
3307.872070645837
 10
4902.272502886815
 20
3307.872070645837
  0
LWPOLYLINE
  5
28C
330
17
100
AcDbEntity
  8
CHAPA
 62
7
370
25
100
AcDbPolyline
 90
4
 70
1
 10
4778.672502886809
 20
3355.8720704853
 10
4775.072502886803
 20
3355.8720704853
 10
4775.072502886803
 20
3307.872070645895
 10
4778.672502886809
 20
3307.872070645895
  0
LWPOLYLINE
  5
28D
330
17
100
AcDbEntity
  8
CHAPA
 62
7
370
25
100
AcDbPolyline
 90
4
 70
1
 10
4756.672502907007
 20
3307.872070645837
 10
4756.672502907007
 20
3303.872070645837
 10
4920.672502862363
 20
3303.872070645837
 10
4920.672502862363
 20
3307.872070645837
  0
LWPOLYLINE
  5
28E
330
17
100
AcDbEntity
  8
CHAPA
 62
7
370
25
100
AcDbPolyline
 90
4
 70
1
 10
4756.672502907007
 20
3355.872070485242
 10
4756.672502907007
 20
3359.872070485243
 10
4920.672502862363
 20
3359.872070485243
 10
4920.672502862363
 20
3355.872070485242
  0
LWPOLYLINE
  5
28F
330
17
100
AcDbEntity
  8
CHAPA
 62
7
370
25
100
AcDbPolyline
 90
4
 70
1
 10
4902.272502886815
 20
3355.872070485242
 10
4898.672502886809
 20
3355.872070485242
 10
4898.672502886809
 20
3307.872070645837
 10
4902.272502886815
 20
3307.872070645837
  0
LWPOLYLINE
  5
290
330
17
100
AcDbEntity
  8
CHAPA
 62
7
370
25
100
AcDbPolyline
 90
4
 70
1
 10
4778.672502886809
 20
3355.8720704853
 10
4775.072502886803
 20
3355.8720704853
 10
4775.072502886803
 20
3307.872070645895
 10
4778.672502886809
 20
3307.872070645895
  0
LWPOLYLINE
  5
291
330
17
100
AcDbEntity
  8
SARRAFO
 62
7
370
25
100
AcDbPolyline
 90
4
 70
1
 10
4902.272502882101
 20
3321.872070742375
 10
4902.272502882188
 20
3307.872070756519
 10
4906.672502876507
 20
3307.872070756519
 10
4906.672502876507
 20
3321.872070742375
  0
LWPOLYLINE
  5
292
330
17
100
AcDbEntity
  8
SARRAFO
 62
7
370
25
100
AcDbPolyline
 90
4
 70
1
 10
4770.672502892398
 20
3321.872070742433
 10
4770.672502892485
 20
3307.872070756577
 10
4775.072502886803
 20
3307.872070756577
 10
4775.072502886803
 20
3321.872070742433
  0
LWPOLYLINE
  5
293
330
17
100
AcDbEntity
  8
SARRAFO
 62
7
370
25
100
AcDbPolyline
 90
4
 70
1
 10
4902.272502882101
 20
3341.872070388705
 10
4902.272502882188
 20
3355.872070374561
 10
4906.672502876507
 20
3355.872070374561
 10
4906.672502876507
 20
3341.872070388705
  0
LWPOLYLINE
  5
294
330
17
100
AcDbEntity
  8
SARRAFO
 62
7
370
25
100
AcDbPolyline
 90
4
 70
1
 10
4770.672502892398
 20
3341.872070388646
 10
4770.672502892485
 20
3355.872070374502
 10
4775.072502886803
 20
3355.872070374502
 10
4775.072502886803
 20
3341.872070388646
  0
LWPOLYLINE
  5
295
330
17
100
AcDbEntity
  8
Painéis
 62
7
370
25
100
AcDbPolyline
 90
4
 70
1
 10
4898.672502886809
 20
3307.872070645837
 10
4898.672502886809
 20
3355.872070485242
 10
4778.672502886809
 20
3355.872070485242
 10
4778.672502886809
 20
3307.872070645837
  0
LWPOLYLINE
  5
296
330
17
100
AcDbEntity
  8
Madeira
 62
7
370
25
100
AcDbPolyline
 90
4
 70
1
 10
4906.687883281629
 20
3373.887434026092
 10
4906.67251130158
 20
3359.8874424653004
 10
4920.672502862371
 20
3359.8720704852512
 10
4920.687874842421
 20
3373.8720620460426
  0
LWPOLYLINE
  5
297
330
17
100
AcDbEntity
  8
Madeira
 62
7
370
25
100
AcDbPolyline
 90
4
 70
1
 10
4816.187972793952
 20
3373.879839781829
 10
4809.187977020687
 20
3373.887525771846
 10
4809.172605040653
 20
3359.8875342253154
 10
4816.1726008139185
 20
3359.8798482352986
  0
LWPOLYLINE
  5
298
330
17
100
AcDbEntity
  8
Madeira
 62
7
370
25
100
AcDbPolyline
 90
4
 70
1
 10
4868.187939633281
 20
3373.879839781829
 10
4861.187943860015
 20
3373.887525771846
 10
4861.172571879982
 20
3359.8875342253154
 10
4868.172567653247
 20
3359.8798482352986
  0
LWPOLYLINE
  5
299
330
17
100
AcDbEntity
  8
Painéis
 62
7
370
25
100
AcDbPolyline
 90
4
 70
1
 10
5551.67496818745
 20
2919.20890728683
 10
5469.67496818745
 20
2919.208907286858
 10
5469.67496818745
 20
2917.208907286859
 10
5551.67496818745
 20
2917.208907286829
  0
TEXT
  5
29A
330
17
100
AcDbEntity
  8
Texto Seção
 62
7
370
25
100
AcDbText
 10
5692.543321295598
 20
2934.110085817574
 30
0.0
 40
13.0
  1
P102.C
100
AcDbText
  0
TEXT
  5
29B
330
17
100
AcDbEntity
  8
Texto Seção
 62
7
370
25
100
AcDbText
 10
5842.662507286194
 20
2928.498480865044
 30
0.0
 40
13.0
  1
P102.D
100
AcDbText
  0
TEXT
  5
29C
330
17
100
AcDbEntity
  8
Texto Seção
 62
7
370
25
100
AcDbText
 10
5233.791203755434
 20
2934.037502913005
 30
0.0
 40
13.0
  1
P102.A
100
AcDbText
  0
TEXT
  5
29D
330
17
100
AcDbEntity
  8
TEXTO_GERAL
 62
7
370
25
100
AcDbText
 10
4840.192433481911
 20
3315.466535069214
 30
0.0
 40
10.99999999889889
  1
A
100
AcDbText
  0
TEXT
  5
29E
330
17
100
AcDbEntity
  8
TEXTO_GERAL
 62
7
370
25
100
AcDbText
 10
4887.104340123794
 20
3333.323098317989
 30
0.0
 40
10.99999999889889
  1
D
100
AcDbText
  0
TEXT
  5
29F
330
17
100
AcDbEntity
  8
TEXTO_GERAL
 62
7
370
25
100
AcDbText
 10
4778.864548895755
 20
3335.641013860751
 30
0.0
 40
10.99999999889889
  1
C
100
AcDbText
  0
TEXT
  5
2A0
330
17
100
AcDbEntity
  8
TEXTO_GERAL
 62
7
370
25
100
AcDbText
 10
4841.651720256201
 20
3345.202998471626
 30
0.0
 40
10.99999999889889
  1
B
100
AcDbText
  0
TEXT
  5
2A1
330
17
100
AcDbEntity
  8
Texto Seção
 62
7
370
25
100
AcDbText
 10
5460.730776576369
 20
2934.037502913005
 30
0.0
 40
13.0
  1
P102.B
100
AcDbText
  0
TEXT
  5
2A2
330
17
100
AcDbEntity
  8
NIVEL 1° PAV.
 62
7
370
25
100
AcDbText
 10
5026.529926155301
 20
3352.708102774312
 30
0.0
 40
10.0
  1
1° PAV.
100
AcDbText
  0
TEXT
  5
2A3
330
17
100
AcDbEntity
  8
NOMENCLATURA
 62
7
370
25
100
AcDbText
 10
5750.780246603689
 20
3557.719594069336
 30
0.0
 40
16.0
  1
1° PAVIMENTO - PD: 4.08\PNÍVEL DE SAÍDA: 813.67\PNIVEL DE CHEGADA: 817.75
100
AcDbText
  0
HATCH
  5
2A4
330
17
100
AcDbEntity
  8
COTA
 62
7
100
AcDbHatch
 10
0.0
 20
0.0
 30
0.0
210
0.0
220
0.0
230
1.0
  2
SOLID
 70
1
 71
0
 91
1
 92
3
 72
0
 73
1
 93
8
 10
5242.735395366453
 20
3191.208907286828
 10
5324.735395366403
 20
3191.208907286867
 10
5324.735395366403
 20
3191.208907286867
 10
5324.735395366268
 20
3325.20890728683
 10
5324.735395366268
 20
3325.20890728683
 10
5242.735395366318
 20
3325.208907286829
 10
5242.735395366318
 20
3325.208907286829
 10
5242.735395366453
 20
3191.208907286828
 97
0
 75
1
 76
1
 98
0
  0
HATCH
  5
2A5
330
17
100
AcDbEntity
  8
COTA
 62
7
100
AcDbHatch
 10
0.0
 20
0.0
 30
0.0
210
0.0
220
0.0
230
1.0
  2
SOLID
 70
1
 71
0
 91
1
 92
3
 72
0
 73
1
 93
8
 10
5850.813608656387
 20
3191.20890728682
 10
5874.813608656387
 20
3191.208907286822
 10
5874.813608656387
 20
3191.208907286822
 10
5874.813608656419
 20
3325.20890728683
 10
5874.813608656419
 20
3325.20890728683
 10
5850.813608656419
 20
3325.208907286827
 10
5850.813608656419
 20
3325.208907286827
 10
5850.813608656387
 20
3191.20890728682
 97
0
 75
1
 76
1
 98
0
  0
HATCH
  5
2A6
330
17
100
AcDbEntity
  8
COTA
 62
7
100
AcDbHatch
 10
0.0
 20
0.0
 30
0.0
210
0.0
220
0.0
230
1.0
  2
SOLID
 70
1
 71
0
 91
1
 92
3
 72
0
 73
1
 93
8
 10
5700.69442266582
 20
3191.208907286828
 10
5724.694422665823
 20
3191.20890728683
 10
5724.694422665823
 20
3191.20890728683
 10
5724.694422665823
 20
3325.20890728683
 10
5724.694422665823
 20
3325.20890728683
 10
5700.694422665823
 20
3325.208907286827
 10
5700.694422665823
 20
3325.208907286827
 10
5700.69442266582
 20
3191.208907286828
 97
0
 75
1
 76
1
 98
0
  0
HATCH
  5
2A7
330
17
100
AcDbEntity
  8
Hachura
 62
7
100
AcDbHatch
 10
0.0
 20
0.0
 30
0.0
210
0.0
220
0.0
230
1.0
  2
SOLID
 70
1
 71
0
 91
1
 92
3
 72
0
 73
1
 93
8
 10
4770.672502892398
 20
3307.872070590482
 10
4770.672502892398
 20
3312.2720705848
 10
4770.672502892398
 20
3312.2720705848
 10
4756.672502906542
 20
3312.272070584888
 10
4756.672502906542
 20
3312.272070584859
 10
4756.672502906542
 20
3307.872070590452
 10
4756.672502906542
 20
3307.872070590482
 10
4770.672502892398
 20
3307.872070590482
 97
0
 75
1
 76
1
 98
0
  0
HATCH
  5
2A8
330
17
100
AcDbEntity
  8
Hachura
 62
7
100
AcDbHatch
 10
0.0
 20
0.0
 30
0.0
210
0.0
220
0.0
230
1.0
  2
SOLID
 70
1
 71
0
 91
1
 92
3
 72
0
 73
1
 93
8
 10
4770.672502892398
 20
3355.872070540597
 10
4770.672502892398
 20
3351.472070546279
 10
4770.672502892398
 20
3351.472070546279
 10
4756.672502906542
 20
3351.472070546191
 10
4756.672502906542
 20
3351.472070546162
 10
4756.672502906542
 20
3355.872070540569
 10
4756.672502906542
 20
3355.872070540597
 10
4770.672502892398
 20
3355.872070540597
 97
0
 75
1
 76
1
 98
0
  0
HATCH
  5
2A9
330
17
100
AcDbEntity
  8
Hachura
 62
7
100
AcDbHatch
 10
0.0
 20
0.0
 30
0.0
210
0.0
220
0.0
230
1.0
  2
SOLID
 70
1
 71
0
 91
1
 92
3
 72
0
 73
1
 93
8
 10
4906.672502876507
 20
3307.872070590482
 10
4906.672502876507
 20
3312.2720705848
 10
4906.672502876507
 20
3312.2720705848
 10
4920.672502862363
 20
3312.272070584888
 10
4920.672502862363
 20
3312.272070584859
 10
4920.672502862363
 20
3307.872070590452
 10
4920.672502862363
 20
3307.872070590482
 10
4906.672502876507
 20
3307.872070590482
 97
0
 75
1
 76
1
 98
0
  0
HATCH
  5
2AA
330
17
100
AcDbEntity
  8
Hachura
 62
7
100
AcDbHatch
 10
0.0
 20
0.0
 30
0.0
210
0.0
220
0.0
230
1.0
  2
SOLID
 70
1
 71
0
 91
1
 92
3
 72
0
 73
1
 93
8
 10
4756.672502907007
 20
3307.872070645837
 10
4756.672502907007
 20
3303.872070645837
 10
4756.672502907007
 20
3303.872070645837
 10
4920.672502862363
 20
3303.872070645837
 10
4920.672502862363
 20
3303.872070645837
 10
4920.672502862363
 20
3307.872070645837
 10
4920.672502862363
 20
3307.872070645837
 10
4756.672502907007
 20
3307.872070645837
 97
0
 75
1
 76
1
 98
0
  0
HATCH
  5
2AB
330
17
100
AcDbEntity
  8
Hachura
 62
7
100
AcDbHatch
 10
0.0
 20
0.0
 30
0.0
210
0.0
220
0.0
230
1.0
  2
SOLID
 70
1
 71
0
 91
1
 92
3
 72
0
 73
1
 93
8
 10
4756.672502907007
 20
3355.872070485242
 10
4756.672502907007
 20
3359.872070485243
 10
4756.672502907007
 20
3359.872070485243
 10
4920.672502862363
 20
3359.872070485243
 10
4920.672502862363
 20
3359.872070485243
 10
4920.672502862363
 20
3355.872070485242
 10
4920.672502862363
 20
3355.872070485242
 10
4756.672502907007
 20
3355.872070485242
 97
0
 75
1
 76
1
 98
0
  0
HATCH
  5
2AC
330
17
100
AcDbEntity
  8
Hachura
 62
7
100
AcDbHatch
 10
0.0
 20
0.0
 30
0.0
210
0.0
220
0.0
230
1.0
  2
SOLID
 70
1
 71
0
 91
1
 92
3
 72
0
 73
1
 93
8
 10
4902.272502886815
 20
3355.872070485242
 10
4898.672502886809
 20
3355.872070485242
 10
4898.672502886809
 20
3355.872070485242
 10
4898.672502886809
 20
3307.872070645837
 10
4898.672502886809
 20
3307.872070645837
 10
4902.272502886815
 20
3307.872070645837
 10
4902.272502886815
 20
3307.872070645837
 10
4902.272502886815
 20
3355.872070485242
 97
0
 75
1
 76
1
 98
0
  0
HATCH
  5
2AD
330
17
100
AcDbEntity
  8
Hachura
 62
7
100
AcDbHatch
 10
0.0
 20
0.0
 30
0.0
210
0.0
220
0.0
230
1.0
  2
SOLID
 70
1
 71
0
 91
1
 92
3
 72
0
 73
1
 93
8
 10
4778.672502886809
 20
3355.8720704853
 10
4775.072502886803
 20
3355.8720704853
 10
4775.072502886803
 20
3355.8720704853
 10
4775.072502886803
 20
3307.872070645895
 10
4775.072502886803
 20
3307.872070645895
 10
4778.672502886809
 20
3307.872070645895
 10
4778.672502886809
 20
3307.872070645895
 10
4778.672502886809
 20
3355.8720704853
 97
0
 75
1
 76
1
 98
0
  0
HATCH
  5
2AE
330
17
100
AcDbEntity
  8
Hachura
 62
7
100
AcDbHatch
 10
0.0
 20
0.0
 30
0.0
210
0.0
220
0.0
230
1.0
  2
SOLID
 70
1
 71
0
 91
1
 92
3
 72
0
 73
1
 93
8
 10
4906.672502876507
 20
3355.872070540597
 10
4906.672502876507
 20
3351.472070546279
 10
4906.672502876507
 20
3351.472070546279
 10
4920.672502862363
 20
3351.472070546191
 10
4920.672502862363
 20
3351.472070546162
 10
4920.672502862363
 20
3355.872070540569
 10
4920.672502862363
 20
3355.872070540597
 10
4906.672502876507
 20
3355.872070540597
 97
0
 75
1
 76
1
 98
0
  0
HATCH
  5
2AF
330
17
100
AcDbEntity
  8
Hachura
 62
7
100
AcDbHatch
 10
0.0
 20
0.0
 30
0.0
210
0.0
220
0.0
230
1.0
  2
SOLID
 70
1
 71
0
 91
1
 92
3
 72
0
 73
1
 93
8
 10
4756.672502907007
 20
3307.872070645837
 10
4756.672502907007
 20
3303.872070645837
 10
4756.672502907007
 20
3303.872070645837
 10
4920.672502862363
 20
3303.872070645837
 10
4920.672502862363
 20
3303.872070645837
 10
4920.672502862363
 20
3307.872070645837
 10
4920.672502862363
 20
3307.872070645837
 10
4756.672502907007
 20
3307.872070645837
 97
0
 75
1
 76
1
 98
0
  0
HATCH
  5
2B0
330
17
100
AcDbEntity
  8
Hachura
 62
7
100
AcDbHatch
 10
0.0
 20
0.0
 30
0.0
210
0.0
220
0.0
230
1.0
  2
SOLID
 70
1
 71
0
 91
1
 92
3
 72
0
 73
1
 93
8
 10
4756.672502907007
 20
3355.872070485242
 10
4756.672502907007
 20
3359.872070485243
 10
4756.672502907007
 20
3359.872070485243
 10
4920.672502862363
 20
3359.872070485243
 10
4920.672502862363
 20
3359.872070485243
 10
4920.672502862363
 20
3355.872070485242
 10
4920.672502862363
 20
3355.872070485242
 10
4756.672502907007
 20
3355.872070485242
 97
0
 75
1
 76
1
 98
0
  0
HATCH
  5
2B1
330
17
100
AcDbEntity
  8
Hachura
 62
7
100
AcDbHatch
 10
0.0
 20
0.0
 30
0.0
210
0.0
220
0.0
230
1.0
  2
SOLID
 70
1
 71
0
 91
1
 92
3
 72
0
 73
1
 93
8
 10
4902.272502886815
 20
3355.872070485242
 10
4898.672502886809
 20
3355.872070485242
 10
4898.672502886809
 20
3355.872070485242
 10
4898.672502886809
 20
3307.872070645837
 10
4898.672502886809
 20
3307.872070645837
 10
4902.272502886815
 20
3307.872070645837
 10
4902.272502886815
 20
3307.872070645837
 10
4902.272502886815
 20
3355.872070485242
 97
0
 75
1
 76
1
 98
0
  0
HATCH
  5
2B2
330
17
100
AcDbEntity
  8
Hachura
 62
7
100
AcDbHatch
 10
0.0
 20
0.0
 30
0.0
210
0.0
220
0.0
230
1.0
  2
SOLID
 70
1
 71
0
 91
1
 92
3
 72
0
 73
1
 93
8
 10
4778.672502886809
 20
3355.8720704853
 10
4775.072502886803
 20
3355.8720704853
 10
4775.072502886803
 20
3355.8720704853
 10
4775.072502886803
 20
3307.872070645895
 10
4775.072502886803
 20
3307.872070645895
 10
4778.672502886809
 20
3307.872070645895
 10
4778.672502886809
 20
3307.872070645895
 10
4778.672502886809
 20
3355.8720704853
 97
0
 75
1
 76
1
 98
0
  0
HATCH
  5
2B3
330
17
100
AcDbEntity
  8
Hachura
 62
7
100
AcDbHatch
 10
0.0
 20
0.0
 30
0.0
210
0.0
220
0.0
230
1.0
  2
SOLID
 70
1
 71
0
 91
1
 92
3
 72
0
 73
1
 93
8
 10
4906.672502876507
 20
3307.872070756519
 10
4902.272502882188
 20
3307.872070756519
 10
4902.272502882188
 20
3307.872070756519
 10
4902.272502882101
 20
3321.872070742375
 10
4902.272502882101
 20
3321.872070742375
 10
4906.672502876507
 20
3321.872070742375
 10
4906.672502876507
 20
3321.872070742375
 10
4906.672502876507
 20
3307.872070756519
 97
0
 75
1
 76
1
 98
0
  0
HATCH
  5
2B4
330
17
100
AcDbEntity
  8
Hachura
 62
7
100
AcDbHatch
 10
0.0
 20
0.0
 30
0.0
210
0.0
220
0.0
230
1.0
  2
SOLID
 70
1
 71
0
 91
1
 92
3
 72
0
 73
1
 93
8
 10
4775.072502886803
 20
3307.872070756577
 10
4770.672502892485
 20
3307.872070756577
 10
4770.672502892485
 20
3307.872070756577
 10
4770.672502892398
 20
3321.872070742433
 10
4770.672502892398
 20
3321.872070742433
 10
4775.072502886803
 20
3321.872070742433
 10
4775.072502886803
 20
3321.872070742433
 10
4775.072502886803
 20
3307.872070756577
 97
0
 75
1
 76
1
 98
0
  0
HATCH
  5
2B5
330
17
100
AcDbEntity
  8
Hachura
 62
7
100
AcDbHatch
 10
0.0
 20
0.0
 30
0.0
210
0.0
220
0.0
230
1.0
  2
SOLID
 70
1
 71
0
 91
1
 92
3
 72
0
 73
1
 93
8
 10
4906.672502876507
 20
3355.872070374561
 10
4902.272502882188
 20
3355.872070374561
 10
4902.272502882188
 20
3355.872070374561
 10
4902.272502882101
 20
3341.872070388705
 10
4902.272502882101
 20
3341.872070388705
 10
4906.672502876507
 20
3341.872070388705
 10
4906.672502876507
 20
3341.872070388705
 10
4906.672502876507
 20
3355.872070374561
 97
0
 75
1
 76
1
 98
0
  0
HATCH
  5
2B6
330
17
100
AcDbEntity
  8
Hachura
 62
7
100
AcDbHatch
 10
0.0
 20
0.0
 30
0.0
210
0.0
220
0.0
230
1.0
  2
SOLID
 70
1
 71
0
 91
1
 92
3
 72
0
 73
1
 93
8
 10
4775.072502886803
 20
3355.872070374502
 10
4770.672502892485
 20
3355.872070374502
 10
4770.672502892485
 20
3355.872070374502
 10
4770.672502892398
 20
3341.872070388646
 10
4770.672502892398
 20
3341.872070388646
 10
4775.072502886803
 20
3341.872070388646
 10
4775.072502886803
 20
3341.872070388646
 10
4775.072502886803
 20
3355.872070374502
 97
0
 75
1
 76
1
 98
0
  0
HATCH
  5
2B7
330
17
100
AcDbEntity
  8
COTA
 62
7
100
AcDbHatch
 10
0.0
 20
0.0
 30
0.0
210
0.0
220
0.0
230
1.0
  2
SOLID
 70
1
 71
0
 91
1
 92
3
 72
0
 73
1
 93
8
 10
5469.674968187188
 20
3191.208907286828
 10
5551.674968187137
 20
3191.208907286867
 10
5551.674968187137
 20
3191.208907286867
 10
5551.674968187203
 20
3325.20890728683
 10
5551.674968187203
 20
3325.20890728683
 10
5469.674968187253
 20
3325.208907286829
 10
5469.674968187253
 20
3325.208907286829
 10
5469.674968187188
 20
3191.208907286828
 97
0
 75
1
 76
1
 98
0
  0
HATCH
  5
2B8
330
17
100
AcDbEntity
  8
Hachura
 62
7
100
AcDbHatch
 10
0.0
 20
0.0
 30
0.0
210
0.0
220
0.0
230
1.0
  2
SOLID
 70
1
 71
0
 91
1
 92
3
 72
0
 73
1
 93
9
 10
5324.735395366515
 20
2917.208907286865
 10
5324.735395366515
 20
3165.208907286912
 10
5324.735395366512
 20
3165.208907286912
 10
5242.73539536594
 20
3165.208907286871
 10
5242.73539536594
 20
3165.208907286871
 10
5242.73539536594
 20
2917.208907286824
 10
5242.73539536594
 20
2917.208907286824
 10
5324.735395366512
 20
2917.208907286865
 10
5324.735395366515
 20
2917.208907286865
 97
0
 75
1
 76
1
 98
0
  0
HATCH
  5
2B9
330
17
100
AcDbEntity
  8
Hachura
 62
7
100
AcDbHatch
 10
0.0
 20
0.0
 30
0.0
210
0.0
220
0.0
230
1.0
  2
SOLID
 70
1
 71
0
 91
1
 92
3
 72
0
 73
1
 93
9
 10
5551.67496818745
 20
2917.208907286865
 10
5551.67496818745
 20
3165.208907286912
 10
5551.674968187446
 20
3165.208907286912
 10
5469.674968186875
 20
3165.208907286871
 10
5469.674968186875
 20
3165.208907286871
 10
5469.674968186875
 20
2917.208907286824
 10
5469.674968186875
 20
2917.208907286824
 10
5551.674968187446
 20
2917.208907286865
 10
5551.67496818745
 20
2917.208907286865
 97
0
 75
1
 76
1
 98
0
  0
HATCH
  5
2BA
330
17
100
AcDbEntity
  8
Hachura
 62
7
100
AcDbHatch
 10
0.0
 20
0.0
 30
0.0
210
0.0
220
0.0
230
1.0
  2
SOLID
 70
1
 71
0
 91
1
 92
3
 72
0
 73
1
 93
9
 10
5724.694422665823
 20
2917.208907286861
 10
5724.694422665823
 20
3165.208907286908
 10
5724.69442266582
 20
3165.208907286908
 10
5700.694422665248
 20
3165.208907286868
 10
5700.694422665248
 20
3165.208907286868
 10
5700.694422665248
 20
2917.208907286821
 10
5700.694422665248
 20
2917.208907286821
 10
5724.69442266582
 20
2917.208907286861
 10
5724.694422665823
 20
2917.208907286861
 97
0
 75
1
 76
1
 98
0
  0
HATCH
  5
2BB
330
17
100
AcDbEntity
  8
Hachura
 62
7
100
AcDbHatch
 10
0.0
 20
0.0
 30
0.0
210
0.0
220
0.0
230
1.0
  2
SOLID
 70
1
 71
0
 91
1
 92
3
 72
0
 73
1
 93
8
 10
5874.813608656419
 20
2917.208907286866
 10
5874.813608656419
 20
3165.208907286913
 10
5874.813608656416
 20
3165.208907286913
 10
5850.813608655844
 20
3165.208907286875
 10
5850.813608655844
 20
3165.208907286875
 10
5850.813608655844
 20
2917.208907286827
 10
5850.813608655844
 20
2917.208907286827
 10
5874.813608656419
 20
2917.208907286866
 97
0
 75
1
 76
1
 98
0
  0
ENDSEC
  0
SECTION
  2
OBJECTS
  0
DICTIONARY
  5
A
330
0
100
AcDbDictionary
281
1
  3
ACAD_COLOR
350
B
  3
ACAD_GROUP
350
C
  3
ACAD_LAYOUT
350
D
  3
ACAD_MATERIAL
350
E
  3
ACAD_MLEADERSTYLE
350
F
  3
ACAD_MLINESTYLE
350
10
  3
ACAD_PLOTSETTINGS
350
11
  3
ACAD_PLOTSTYLENAME
350
12
  3
ACAD_SCALELIST
350
14
  3
ACAD_TABLESTYLE
350
15
  3
ACAD_VISUALSTYLE
350
16
  3
EZDXF_META
350
2D
  0
DICTIONARY
  5
B
330
A
100
AcDbDictionary
281
1
  0
DICTIONARY
  5
C
330
A
100
AcDbDictionary
281
1
  0
DICTIONARY
  5
D
330
A
100
AcDbDictionary
281
1
  3
Model
350
1A
  3
Layout1
350
1E
  0
DICTIONARY
  5
E
330
A
100
AcDbDictionary
281
1
  3
ByBlock
350
1F
  3
ByLayer
350
20
  3
Global
350
21
  0
DICTIONARY
  5
F
330
A
100
AcDbDictionary
281
1
  3
Standard
350
2C
  0
DICTIONARY
  5
10
330
A
100
AcDbDictionary
281
1
  3
Standard
350
22
  0
DICTIONARY
  5
11
330
A
100
AcDbDictionary
281
1
  0
ACDBDICTIONARYWDFLT
  5
12
330
A
100
AcDbDictionary
281
1
  3
Normal
350
13
100
AcDbDictionaryWithDefault
340
13
  0
ACDBPLACEHOLDER
  5
13
330
12
  0
DICTIONARY
  5
14
330
A
100
AcDbDictionary
281
1
  0
DICTIONARY
  5
15
330
A
100
AcDbDictionary
281
1
  0
DICTIONARY
  5
16
330
A
100
AcDbDictionary
281
1
  0
LAYOUT
  5
1A
330
D
100
AcDbPlotSettings
  1

  4
A3
  6

 40
7.5
 41
20.0
 42
7.5
 43
20.0
 44
420.0
 45
297.0
 46
0.0
 47
0.0
 48
0.0
 49
0.0
140
0.0
141
0.0
142
1.0
143
1.0
 70
1024
 72
1
 73
0
 74
5
  7

 75
16
 76
0
 77
2
 78
300
147
1.0
148
0.0
149
0.0
100
AcDbLayout
  1
Model
 70
1
 71
0
 10
0.0
 20
0.0
 11
420.0
 21
297.0
 12
0.0
 22
0.0
 32
0.0
 14
1e+20
 24
1e+20
 34
1e+20
 15
-1e+20
 25
-1e+20
 35
-1e+20
146
0.0
 13
0.0
 23
0.0
 33
0.0
 16
1.0
 26
0.0
 36
0.0
 17
0.0
 27
1.0
 37
0.0
 76
1
330
17
  0
LAYOUT
  5
1E
330
D
100
AcDbPlotSettings
  1

  4
A3
  6

 40
7.5
 41
20.0
 42
7.5
 43
20.0
 44
420.0
 45
297.0
 46
0.0
 47
0.0
 48
0.0
 49
0.0
140
0.0
141
0.0
142
1.0
143
1.0
 70
0
 72
1
 73
0
 74
5
  7

 75
16
 76
0
 77
2
 78
300
147
1.0
148
0.0
149
0.0
100
AcDbLayout
  1
Layout1
 70
1
 71
1
 10
0.0
 20
0.0
 11
420.0
 21
297.0
 12
0.0
 22
0.0
 32
0.0
 14
1e+20
 24
1e+20
 34
1e+20
 15
-1e+20
 25
-1e+20
 35
-1e+20
146
0.0
 13
0.0
 23
0.0
 33
0.0
 16
1.0
 26
0.0
 36
0.0
 17
0.0
 27
1.0
 37
0.0
 76
1
330
1B
  0
MATERIAL
  5
1F
102
{ACAD_REACTORS
330
E
102
}
330
E
100
AcDbMaterial
  1
ByBlock
  2

 70
0
 40
1.0
 71
1
 41
1.0
 91
-1023410177
 42
1.0
 72
1
  3

 73
1
 74
1
 75
1
 44
0.5
 73
0
 45
1.0
 46
1.0
 77
1
  4

 78
1
 79
1
170
1
 48
1.0
171
1
  6

172
1
173
1
174
1
140
1.0
141
1.0
175
1
  7

176
1
177
1
178
1
143
1.0
179
1
  8

270
1
271
1
272
1
145
1.0
146
1.0
273
1
  9

274
1
275
1
276
1
 42
1.0
 72
1
  3

 73
1
 74
1
 75
1
 94
63
  0
MATERIAL
  5
20
102
{ACAD_REACTORS
330
E
102
}
330
E
100
AcDbMaterial
  1
ByLayer
  2

 70
0
 40
1.0
 71
1
 41
1.0
 91
-1023410177
 42
1.0
 72
1
  3

 73
1
 74
1
 75
1
 44
0.5
 73
0
 45
1.0
 46
1.0
 77
1
  4

 78
1
 79
1
170
1
 48
1.0
171
1
  6

172
1
173
1
174
1
140
1.0
141
1.0
175
1
  7

176
1
177
1
178
1
143
1.0
179
1
  8

270
1
271
1
272
1
145
1.0
146
1.0
273
1
  9

274
1
275
1
276
1
 42
1.0
 72
1
  3

 73
1
 74
1
 75
1
 94
63
  0
MATERIAL
  5
21
102
{ACAD_REACTORS
330
E
102
}
330
E
100
AcDbMaterial
  1
Global
  2

 70
0
 40
1.0
 71
1
 41
1.0
 91
-1023410177
 42
1.0
 72
1
  3

 73
1
 74
1
 75
1
 44
0.5
 73
0
 45
1.0
 46
1.0
 77
1
  4

 78
1
 79
1
170
1
 48
1.0
171
1
  6

172
1
173
1
174
1
140
1.0
141
1.0
175
1
  7

176
1
177
1
178
1
143
1.0
179
1
  8

270
1
271
1
272
1
145
1.0
146
1.0
273
1
  9

274
1
275
1
276
1
 42
1.0
 72
1
  3

 73
1
 74
1
 75
1
 94
63
  0
MLINESTYLE
  5
22
102
{ACAD_REACTORS
330
10
102
}
330
10
100
AcDbMlineStyle
  2
Standard
 70
0
  3

 62
256
 51
90.0
 52
90.0
 71
2
 49
0.5
 62
256
  6
BYLAYER
 49
-0.5
 62
256
  6
BYLAYER
  0
MLEADERSTYLE
  5
2C
102
{ACAD_REACTORS
330
F
102
}
330
F
100
AcDbMLeaderStyle
179
2
170
2
171
1
172
0
 90
2
 40
0.0
 41
0.0
173
1
 91
-1056964608
 92
-2
290
1
 42
2.0
291
1
 43
8.0
  3
Standard
 44
4.0
300

342
29
174
1
175
1
176
0
178
1
 93
-1056964608
 45
4.0
292
0
297
0
 46
4.0
 94
-1056964608
 47
1.0
 49
1.0
140
1.0
294
1
141
0.0
177
0
142
1.0
295
0
296
0
143
3.75
271
0
272
9
273
9
  0
DICTIONARY
  5
2D
330
A
100
AcDbDictionary
280
1
281
1
  3
CREATED_BY_EZDXF
350
2E
  3
WRITTEN_BY_EZDXF
350
2BE
  0
DICTIONARYVAR
  5
2E
330
2D
100
DictionaryVariables
280
0
  1
1.4.3 @ 2026-06-10T16:53:57.622386+00:00
  0
DICTIONARYVAR
  5
2BE
330
2D
100
DictionaryVariables
280
0
  1
1.4.3 @ 2026-06-10T16:53:57.640648+00:00
  0
ENDSEC
  0
EOF
