  0
SECTION
  2
HEADER
  9
$ACADVER
  1
AC1024
  9
$ACADMAINTVER
 70
6
  9
$DWGCODEPAGE
  3
ANSI_1252
  9
$LASTSAVEDBY
  1
ezdxf
  9
$INSBASE
 10
0.0
 20
0.0
 30
0.0
  9
$EXTMIN
 10
1e+20
 20
1e+20
 30
1e+20
  9
$EXTMAX
 10
-1e+20
 20
-1e+20
 30
-1e+20
  9
$LIMMIN
 10
0.0
 20
0.0
  9
$LIMMAX
 10
420.0
 20
297.0
  9
$ORTHOMODE
 70
0
  9
$REGENMODE
 70
1
  9
$FILLMODE
 70
1
  9
$QTEXTMODE
 70
0
  9
$MIRRTEXT
 70
1
  9
$LTSCALE
 40
1.0
  9
$ATTMODE
 70
1
  9
$TEXTSIZE
 40
2.5
  9
$TRACEWID
 40
1.0
  9
$TEXTSTYLE
  7
Standard
  9
$CLAYER
  8
0
  9
$CELTYPE
  6
ByLayer
  9
$CECOLOR
 62
256
  9
$CELTSCALE
 40
1.0
  9
$DISPSILH
 70
0
  9
$DIMSCALE
 40
1.0
  9
$DIMASZ
 40
2.5
  9
$DIMEXO
 40
0.625
  9
$DIMDLI
 40
3.75
  9
$DIMRND
 40
0.0
  9
$DIMDLE
 40
0.0
  9
$DIMEXE
 40
1.25
  9
$DIMTP
 40
0.0
  9
$DIMTM
 40
0.0
  9
$DIMTXT
 40
2.5
  9
$DIMCEN
 40
2.5
  9
$DIMTSZ
 40
0.0
  9
$DIMTOL
 70
0
  9
$DIMLIM
 70
0
  9
$DIMTIH
 70
0
  9
$DIMTOH
 70
0
  9
$DIMSE1
 70
0
  9
$DIMSE2
 70
0
  9
$DIMTAD
 70
1
  9
$DIMZIN
 70
8
  9
$DIMBLK
  1

  9
$DIMASO
 70
1
  9
$DIMSHO
 70
1
  9
$DIMPOST
  1

  9
$DIMAPOST
  1

  9
$DIMALT
 70
0
  9
$DIMALTD
 70
3
  9
$DIMALTF
 40
0.03937007874
  9
$DIMLFAC
 40
1.0
  9
$DIMTOFL
 70
1
  9
$DIMTVP
 40
0.0
  9
$DIMTIX
 70
0
  9
$DIMSOXD
 70
0
  9
$DIMSAH
 70
0
  9
$DIMBLK1
  1

  9
$DIMBLK2
  1

  9
$DIMSTYLE
  2
ISO-25
  9
$DIMCLRD
 70
0
  9
$DIMCLRE
 70
0
  9
$DIMCLRT
 70
0
  9
$DIMTFAC
 40
1.0
  9
$DIMGAP
 40
0.625
  9
$DIMJUST
 70
0
  9
$DIMSD1
 70
0
  9
$DIMSD2
 70
0
  9
$DIMTOLJ
 70
0
  9
$DIMTZIN
 70
8
  9
$DIMALTZ
 70
0
  9
$DIMALTTZ
 70
0
  9
$DIMUPT
 70
0
  9
$DIMDEC
 70
2
  9
$DIMTDEC
 70
2
  9
$DIMALTU
 70
2
  9
$DIMALTTD
 70
3
  9
$DIMTXSTY
  7
Standard
  9
$DIMAUNIT
 70
0
  9
$DIMADEC
 70
0
  9
$DIMALTRND
 40
0.0
  9
$DIMAZIN
 70
0
  9
$DIMDSEP
 70
44
  9
$DIMATFIT
 70
3
  9
$DIMFRAC
 70
0
  9
$DIMLDRBLK
  1

  9
$DIMLUNIT
 70
2
  9
$DIMLWD
 70
-2
  9
$DIMLWE
 70
-2
  9
$DIMTMOVE
 70
0
  9
$DIMFXL
 40
1.0
  9
$DIMFXLON
 70
0
  9
$DIMJOGANG
 40
0.785398163397
  9
$DIMTFILL
 70
0
  9
$DIMTFILLCLR
 70
0
  9
$DIMARCSYM
 70
0
  9
$DIMLTYPE
  6

  9
$DIMLTEX1
  6

  9
$DIMLTEX2
  6

  9
$DIMTXTDIRECTION
 70
0
  9
$LUNITS
 70
2
  9
$LUPREC
 70
4
  9
$SKETCHINC
 40
1.0
  9
$FILLETRAD
 40
10.0
  9
$AUNITS
 70
0
  9
$AUPREC
 70
2
  9
$MENU
  1
.
  9
$ELEVATION
 40
0.0
  9
$PELEVATION
 40
0.0
  9
$THICKNESS
 40
0.0
  9
$LIMCHECK
 70
0
  9
$CHAMFERA
 40
0.0
  9
$CHAMFERB
 40
0.0
  9
$CHAMFERC
 40
0.0
  9
$CHAMFERD
 40
0.0
  9
$SKPOLY
 70
0
  9
$TDCREATE
 40
2461202.5791203706
  9
$TDUCREATE
 40
2458532.153996898
  9
$TDUPDATE
 40
2461202.5791203706
  9
$TDUUPDATE
 40
2458532.1544311
  9
$TDINDWG
 40
0.0
  9
$TDUSRTIMER
 40
0.0
  9
$USRTIMER
 70
1
  9
$ANGBASE
 50
0.0
  9
$ANGDIR
 70
0
  9
$PDMODE
 70
0
  9
$PDSIZE
 40
0.0
  9
$PLINEWID
 40
0.0
  9
$SPLFRAME
 70
0
  9
$SPLINETYPE
 70
6
  9
$SPLINESEGS
 70
8
  9
$HANDSEED
  5
2BE
  9
$SURFTAB1
 70
6
  9
$SURFTAB2
 70
6
  9
$SURFTYPE
 70
6
  9
$SURFU
 70
6
  9
$SURFV
 70
6
  9
$UCSBASE
  2

  9
$UCSNAME
  2

  9
$UCSORG
 10
0.0
 20
0.0
 30
0.0
  9
$UCSXDIR
 10
1.0
 20
0.0
 30
0.0
  9
$UCSYDIR
 10
0.0
 20
1.0
 30
0.0
  9
$UCSORTHOREF
  2

  9
$UCSORTHOVIEW
 70
0
  9
$UCSORGTOP
 10
0.0
 20
0.0
 30
0.0
  9
$UCSORGBOTTOM
 10
0.0
 20
0.0
 30
0.0
  9
$UCSORGLEFT
 10
0.0
 20
0.0
 30
0.0
  9
$UCSORGRIGHT
 10
0.0
 20
0.0
 30
0.0
  9
$UCSORGFRONT
 10
0.0
 20
0.0
 30
0.0
  9
$UCSORGBACK
 10
0.0
 20
0.0
 30
0.0
  9
$PUCSBASE
  2

  9
$PUCSNAME
  2

  9
$PUCSORG
 10
0.0
 20
0.0
 30
0.0
  9
$PUCSXDIR
 10
1.0
 20
0.0
 30
0.0
  9
$PUCSYDIR
 10
0.0
 20
1.0
 30
0.0
  9
$PUCSORTHOREF
  2

  9
$PUCSORTHOVIEW
 70
0
  9
$PUCSORGTOP
 10
0.0
 20
0.0
 30
0.0
  9
$PUCSORGBOTTOM
 10
0.0
 20
0.0
 30
0.0
  9
$PUCSORGLEFT
 10
0.0
 20
0.0
 30
0.0
  9
$PUCSORGRIGHT
 10
0.0
 20
0.0
 30
0.0
  9
$PUCSORGFRONT
 10
0.0
 20
0.0
 30
0.0
  9
$PUCSORGBACK
 10
0.0
 20
0.0
 30
0.0
  9
$USERI1
 70
0
  9
$USERI2
 70
0
  9
$USERI3
 70
0
  9
$USERI4
 70
0
  9
$USERI5
 70
0
  9
$USERR1
 40
0.0
  9
$USERR2
 40
0.0
  9
$USERR3
 40
0.0
  9
$USERR4
 40
0.0
  9
$USERR5
 40
0.0
  9
$WORLDVIEW
 70
1
  9
$SHADEDGE
 70
3
  9
$SHADEDIF
 70
70
  9
$TILEMODE
 70
1
  9
$MAXACTVP
 70
64
  9
$PINSBASE
 10
0.0
 20
0.0
 30
0.0
  9
$PLIMCHECK
 70
0
  9
$PEXTMIN
 10
1e+20
 20
1e+20
 30
1e+20
  9
$PEXTMAX
 10
-1e+20
 20
-1e+20
 30
-1e+20
  9
$PLIMMIN
 10
0.0
 20
0.0
  9
$PLIMMAX
 10
420.0
 20
297.0
  9
$UNITMODE
 70
0
  9
$VISRETAIN
 70
1
  9
$PLINEGEN
 70
0
  9
$PSLTSCALE
 70
1
  9
$TREEDEPTH
 70
3020
  9
$CMLSTYLE
  2
Standard
  9
$CMLJUST
 70
0
  9
$CMLSCALE
 40
20.0
  9
$PROXYGRAPHICS
 70
1
  9
$MEASUREMENT
 70
1
  9
$CELWEIGHT
370
-1
  9
$ENDCAPS
280
0
  9
$JOINSTYLE
280
0
  9
$LWDISPLAY
290
0
  9
$INSUNITS
 70
6
  9
$HYPERLINKBASE
  1

  9
$STYLESHEET
  1

  9
$XEDIT
290
1
  9
$CEPSNTYPE
380
0
  9
$PSTYLEMODE
290
1
  9
$FINGERPRINTGUID
  2
{D5265312-C46D-4790-B371-7925C0983CED}
  9
$VERSIONGUID
  2
{83BE9012-997C-4F11-9823-B81EDA11BD52}
  9
$EXTNAMES
290
1
  9
$PSVPSCALE
 40
0.0
  9
$OLESTARTUP
290
0
  9
$SORTENTS
280
127
  9
$INDEXCTL
280
0
  9
$HIDETEXT
280
1
  9
$XCLIPFRAME
280
1
  9
$HALOGAP
280
0
  9
$OBSCOLOR
 70
257
  9
$OBSLTYPE
280
0
  9
$INTERSECTIONDISPLAY
280
0
  9
$INTERSECTIONCOLOR
 70
257
  9
$DIMASSOC
280
2
  9
$PROJECTNAME
  1

  9
$CAMERADISPLAY
290
0
  9
$LENSLENGTH
 40
50.0
  9
$CAMERAHEIGHT
 40
0.0
  9
$STEPSPERSEC
 40
24.0
  9
$STEPSIZE
 40
100.0
  9
$3DDWFPREC
 40
2.0
  9
$PSOLWIDTH
 40
0.005
  9
$PSOLHEIGHT
 40
0.08
  9
$LOFTANG1
 40
1.570796326795
  9
$LOFTANG2
 40
1.570796326795
  9
$LOFTMAG1
 40
0.0
  9
$LOFTMAG2
 40
0.0
  9
$LOFTPARAM
 70
7
  9
$LOFTNORMALS
280
1
  9
$LATITUDE
 40
37.795
  9
$LONGITUDE
 40
-122.394
  9
$NORTHDIRECTION
 40
0.0
  9
$TIMEZONE
 70
-8000
  9
$LIGHTGLYPHDISPLAY
280
1
  9
$TILEMODELIGHTSYNCH
280
1
  9
$CMATERIAL
347
20
  9
$SOLIDHIST
280
0
  9
$SHOWHIST
280
1
  9
$DWFFRAME
280
2
  9
$DGNFRAME
280
2
  9
$REALWORLDSCALE
290
1
  9
$INTERFERECOLOR
 62
256
  9
$CSHADOW
280
0
  9
$SHADOWPLANELOCATION
 40
0.0
  0
ENDSEC
  0
SECTION
  2
CLASSES
  0
CLASS
  1
ACDBDICTIONARYWDFLT
  2
AcDbDictionaryWithDefault
  3
ObjectDBX Classes
 90
0
 91
0
280
0
281
0
  0
CLASS
  1
SUN
  2
AcDbSun
  3
SCENEOE
 90
1153
 91
0
280
0
281
0
  0
CLASS
  1
VISUALSTYLE
  2
AcDbVisualStyle
  3
ObjectDBX Classes
 90
4095
 91
0
280
0
281
0
  0
CLASS
  1
MATERIAL
  2
AcDbMaterial
  3
ObjectDBX Classes
 90
1153
 91
0
280
0
281
0
  0
CLASS
  1
SCALE
  2
AcDbScale
  3
ObjectDBX Classes
 90
1153
 91
0
280
0
281
0
  0
CLASS
  1
TABLESTYLE
  2
AcDbTableStyle
  3
ObjectDBX Classes
 90
4095
 91
0
280
0
281
0
  0
CLASS
  1
MLEADERSTYLE
  2
AcDbMLeaderStyle
  3
ACDB_MLEADERSTYLE_CLASS
 90
4095
 91
0
280
0
281
0
  0
CLASS
  1
DICTIONARYVAR
  2
AcDbDictionaryVar
  3
ObjectDBX Classes
 90
0
 91
0
280
0
281
0
  0
CLASS
  1
CELLSTYLEMAP
  2
AcDbCellStyleMap
  3
ObjectDBX Classes
 90
1152
 91
0
280
0
281
0
  0
CLASS
  1
MENTALRAYRENDERSETTINGS
  2
AcDbMentalRayRenderSettings
  3
SCENEOE
 90
1024
 91
0
280
0
281
0
  0
CLASS
  1
ACDBDETAILVIEWSTYLE
  2
AcDbDetailViewStyle
  3
ObjectDBX Classes
 90
1025
 91
0
280
0
281
0
  0
CLASS
  1
ACDBSECTIONVIEWSTYLE
  2
AcDbSectionViewStyle
  3
ObjectDBX Classes
 90
1025
 91
0
280
0
281
0
  0
CLASS
  1
RASTERVARIABLES
  2
AcDbRasterVariables
  3
ISM
 90
0
 91
0
280
0
281
0
  0
CLASS
  1
LAYOUT
  2
AcDbLayout
  3
ObjectDBX Classes
 90
0
 91
0
280
0
281
0
  0
CLASS
  1
ACDBPLACEHOLDER
  2
AcDbPlaceHolder
  3
ObjectDBX Classes
 90
0
 91
0
280
0
281
0
  0
ENDSEC
  0
SECTION
  2
TABLES
  0
TABLE
  2
VPORT
  5
8
330
0
100
AcDbSymbolTable
 70
1
  0
VPORT
  5
23
330
8
100
AcDbSymbolTableRecord
100
AcDbViewportTableRecord
  2
*Active
 70
0
 10
0.0
 20
0.0
 11
1.0
 21
1.0
 12
0.0
 22
0.0
 13
0.0
 23
0.0
 14
0.5
 24
0.5
 15
0.5
 25
0.5
 16
0.0
 26
0.0
 36
1.0
 17
0.0
 27
0.0
 37
0.0
 40
1000.0
 41
1.34
 42
50.0
 43
0.0
 44
0.0
 50
0.0
 51
0.0
 71
0
 72
1000
 73
1
 74
3
 75
0
 76
0
 77
0
 78
0
281
0
 65
0
146
0.0
  0
ENDTAB
  0
TABLE
  2
LTYPE
  5
2
330
0
100
AcDbSymbolTable
 70
3
  0
LTYPE
  5
24
330
2
100
AcDbSymbolTableRecord
100
AcDbLinetypeTableRecord
  2
ByBlock
 70
0
  3

 72
65
 73
0
 40
0.0
  0
LTYPE
  5
25
330
2
100
AcDbSymbolTableRecord
100
AcDbLinetypeTableRecord
  2
ByLayer
 70
0
  3

 72
65
 73
0
 40
0.0
  0
LTYPE
  5
26
330
2
100
AcDbSymbolTableRecord
100
AcDbLinetypeTableRecord
  2
Continuous
 70
0
  3

 72
65
 73
0
 40
0.0
  0
ENDTAB
  0
TABLE
  2
LAYER
  5
1
330
0
100
AcDbSymbolTable
 70
16
  0
LAYER
  5
27
330
1
100
AcDbSymbolTableRecord
100
AcDbLayerTableRecord
  2
0
 70
0
 62
7
  6
Continuous
370
-3
390
13
347
21
  0
LAYER
  5
28
330
1
100
AcDbSymbolTableRecord
100
AcDbLayerTableRecord
  2
Defpoints
 70
0
 62
7
  6
Continuous
290
0
370
-3
390
13
347
21
  0
LAYER
  5
2F
330
1
100
AcDbSymbolTableRecord
100
AcDbLayerTableRecord
  2
COTA
 70
0
 62
7
  6
Continuous
370
-3
390
13
347
21
  0
LAYER
  5
30
330
1
100
AcDbSymbolTableRecord
100
AcDbLayerTableRecord
  2
Perfil Metálico
 70
0
 62
7
  6
Continuous
370
-3
390
13
347
21
  0
LAYER
  5
31
330
1
100
AcDbSymbolTableRecord
100
AcDbLayerTableRecord
  2
TEXTO_GERAL
 70
0
 62
7
  6
Continuous
370
-3
390
13
347
21
  0
LAYER
  5
32
330
1
100
AcDbSymbolTableRecord
100
AcDbLayerTableRecord
  2
Hachura
 70
0
 62
7
  6
Continuous
370
-3
390
13
347
21
  0
LAYER
  5
33
330
1
100
AcDbSymbolTableRecord
100
AcDbLayerTableRecord
  2
Painéis
 70
0
 62
7
  6
Continuous
370
-3
390
13
347
21
  0
LAYER
  5
34
330
1
100
AcDbSymbolTableRecord
100
AcDbLayerTableRecord
  2
NIVEL 1° PAV.
 70
0
 62
7
  6
Continuous
370
-3
390
13
347
21
  0
LAYER
  5
35
330
1
100
AcDbSymbolTableRecord
100
AcDbLayerTableRecord
  2
Madeira
 70
0
 62
7
  6
Continuous
370
-3
390
13
347
21
  0
LAYER
  5
36
330
1
100
AcDbSymbolTableRecord
100
AcDbLayerTableRecord
  2
CHAPA
 70
0
 62
7
  6
Continuous
370
-3
390
13
347
21
  0
LAYER
  5
37
330
1
100
AcDbSymbolTableRecord
100
AcDbLayerTableRecord
  2
SARR_2.2x7
 70
0
 62
7
  6
Continuous
370
-3
390
13
347
21
  0
LAYER
  5
38
330
1
100
AcDbSymbolTableRecord
100
AcDbLayerTableRecord
  2
NIVEL 2° PAV.
 70
0
 62
7
  6
Continuous
370
-3
390
13
347
21
  0
LAYER
  5
39
330
1
100
AcDbSymbolTableRecord
100
AcDbLayerTableRecord
  2
SARRAFO
 70
0
 62
7
  6
Continuous
370
-3
390
13
347
21
  0
LAYER
  5
3A
330
1
100
AcDbSymbolTableRecord
100
AcDbLayerTableRecord
  2
NOMENCLATURA
 70
0
 62
7
  6
Continuous
370
-3
390
13
347
21
  0
LAYER
  5
3B
330
1
100
AcDbSymbolTableRecord
100
AcDbLayerTableRecord
  2
Nível
 70
0
 62
7
  6
Continuous
370
-3
390
13
347
21
  0
LAYER
  5
3C
330
1
100
AcDbSymbolTableRecord
100
AcDbLayerTableRecord
  2
Texto Seção
 70
0
 62
7
  6
Continuous
370
-3
390
13
347
21
  0
ENDTAB
  0
TABLE
  2
STYLE
  5
5
330
0
100
AcDbSymbolTable
 70
1
  0
STYLE
  5
29
330
5
100
AcDbSymbolTableRecord
100
AcDbTextStyleTableRecord
  2
Standard
 70
0
 40
0.0
 41
1.0
 50
0.0
 71
0
 42
2.5
  3
txt
  4

  0
ENDTAB
  0
TABLE
  2
VIEW
  5
7
330
0
100
AcDbSymbolTable
 70
0
  0
ENDTAB
  0
TABLE
  2
UCS
  5
6
330
0
100
AcDbSymbolTable
 70
0
  0
ENDTAB
  0
TABLE
  2
APPID
  5
3
330
0
100
AcDbSymbolTable
 70
3
  0
APPID
  5
2A
330
3
100
AcDbSymbolTableRecord
100
AcDbRegAppTableRecord
  2
ACAD
 70
0
  0
APPID
  5
2BB
330
3
100
AcDbSymbolTableRecord
100
AcDbRegAppTableRecord
  2
HATCHBACKGROUNDCOLOR
 70
0
  0
APPID
  5
2BC
330
3
100
AcDbSymbolTableRecord
100
AcDbRegAppTableRecord
  2
EZDXF
 70
0
  0
ENDTAB
  0
TABLE
  2
DIMSTYLE
  5
4
330
0
100
AcDbSymbolTable
 70
1
100
AcDbDimStyleTable
  0
DIMSTYLE
105
2B
330
4
100
AcDbSymbolTableRecord
100
AcDbDimStyleTableRecord
  2
Standard
 70
0
 40
1.0
 41
2.5
 42
0.625
 43
3.75
 44
1.25
 45
0.0
 46
0.0
 47
0.0
 48
0.0
 49
2.5
140
2.5
141
2.5
142
0.0
143
0.03937007874
144
1.0
145
0.0
146
1.0
147
0.625
148
0.0
 69
0
 70
0
 71
0
 72
0
 73
0
 74
0
 75
0
 76
0
 77
1
 78
8
 79
3
170
0
171
3
172
1
173
0
174
0
175
0
176
0
177
0
178
0
179
2
271
2
272
2
273
2
274
3
275
0
276
0
277
2
278
44
279
0
280
0
281
0
282
0
283
0
284
8
285
0
286
0
288
0
289
3
290
0
371
-2
372
-2
  0
ENDTAB
  0
TABLE
  2
BLOCK_RECORD
  5
9
330
0
100
AcDbSymbolTable
 70
2
  0
BLOCK_RECORD
  5
17
330
9
100
AcDbSymbolTableRecord
100
AcDbBlockTableRecord
  2
*Model_Space
340
1A
 70
0
280
1
281
0
  0
BLOCK_RECORD
  5
1B
330
9
100
AcDbSymbolTableRecord
100
AcDbBlockTableRecord
  2
*Paper_Space
340
1E
 70
0
280
1
281
0
  0
ENDTAB
  0
ENDSEC
  0
SECTION
  2
BLOCKS
  0
BLOCK
  5
18
330
17
100
AcDbEntity
  8
0
100
AcDbBlockBegin
  2
*Model_Space
 70
0
 10
0.0
 20
0.0
 30
0.0
  3
*Model_Space
  1

  0
ENDBLK
  5
19
330
17
100
AcDbEntity
  8
0
100
AcDbBlockEnd
  0
BLOCK
  5
1C
330
1B
100
AcDbEntity
  8
0
100
AcDbBlockBegin
  2
*Paper_Space
 70
0
 10
0.0
 20
0.0
 30
0.0
  3
*Paper_Space
  1

  0
ENDBLK
  5
1D
330
1B
100
AcDbEntity
  8
0
100
AcDbBlockEnd
  0
ENDSEC
  0
SECTION
  2
ENTITIES
  0
LINE
  5
3D
330
17
100
AcDbEntity
  8
NIVEL 1° PAV.
 62
7
370
25
100
AcDbLine
 10
6729.105177132836
 20
5622.359122660189
 30
0.0
 11
7568.939980896669
 21
5622.359122660189
 31
0.0
  0
LINE
  5
3E
330
17
100
AcDbEntity
  8
Nível
 62
7
370
25
100
AcDbLine
 10
6729.105177132836
 20
5214.359122660189
 30
0.0
 11
7568.939980896669
 21
5214.359122660189
 31
0.0
  0
LINE
  5
3F
330
17
100
AcDbEntity
  8
SARR_2.2x7
 62
7
370
25
100
AcDbLine
 10
7446.813608656369
 20
5622.359122660175
 30
0.0
 11
7446.813608656395
 21
5463.35912266019
 31
0.0
  0
LINE
  5
40
330
17
100
AcDbEntity
  8
SARR_2.2x7
 62
7
370
25
100
AcDbLine
 10
7446.81360865639
 20
5463.35912266019
 30
0.0
 11
7446.813608656448
 21
5216.35912266019
 31
0.0
  0
LINE
  5
41
330
17
100
AcDbEntity
  8
SARR_2.2x7
 62
7
370
25
100
AcDbLine
 10
7433.813608656463
 20
5622.359122660175
 30
0.0
 11
7433.81360865644
 21
5463.35912266019
 31
0.0
  0
LINE
  5
42
330
17
100
AcDbEntity
  8
SARR_2.2x7
 62
7
370
25
100
AcDbLine
 10
7433.813608656445
 20
5463.35912266019
 30
0.0
 11
7433.81360865639
 21
5216.35912266019
 31
0.0
  0
LINE
  5
43
330
17
100
AcDbEntity
  8
Nível
 62
7
370
25
100
AcDbLine
 10
6729.105177132836
 20
5622.359122660189
 30
0.0
 11
7568.939980896669
 21
5622.359122660189
 31
0.0
  0
LINE
  5
44
330
17
100
AcDbEntity
  8
Painéis
 62
7
370
25
100
AcDbLine
 10
7426.81360865642
 20
5216.35912266019
 30
0.0
 11
7453.813608656419
 21
5216.35912266019
 31
0.0
  0
LINE
  5
45
330
17
100
AcDbEntity
  8
Painéis
 62
7
370
25
100
AcDbLine
 10
7453.813608656419
 20
5216.35912266019
 30
0.0
 11
7453.813608656415
 21
5622.359122660175
 31
0.0
  0
LINE
  5
46
330
17
100
AcDbEntity
  8
Painéis
 62
7
370
25
100
AcDbLine
 10
7426.81360865642
 20
5622.359122660177
 30
0.0
 11
7426.81360865642
 21
5216.35912266019
 31
0.0
  0
LINE
  5
47
330
17
100
AcDbEntity
  8
Defpoints
 62
7
370
25
100
AcDbLine
 10
6398.172502884685
 20
5760.075987980339
 30
0.0
 11
6398.172502884685
 21
5885.075987980339
 31
0.0
  0
LINE
  5
48
330
17
100
AcDbEntity
  8
Hachura
 62
7
370
25
100
AcDbLine
 10
6493.210986728744
 20
5739.171796415176
 30
0.0
 11
6493.210986728744
 21
5739.81671887001
 31
0.0
  0
LINE
  5
49
330
17
100
AcDbEntity
  8
Hachura
 62
7
370
25
100
AcDbLine
 10
6493.210986728744
 20
5740.332656829591
 30
0.0
 11
6491.276219364241
 21
5739.365273147337
 31
0.0
  0
LINE
  5
4A
330
17
100
AcDbEntity
  8
Hachura
 62
7
370
25
100
AcDbLine
 10
6493.28367005959
 20
5740.240013989038
 30
0.0
 11
6491.118057302032
 21
5739.157207653137
 31
0.0
  0
LINE
  5
4B
330
17
100
AcDbEntity
  8
Hachura
 62
7
370
25
100
AcDbLine
 10
6491.176495192454
 20
5738.92845757568
 30
0.0
 11
6493.317072861119
 21
5739.998746431452
 31
0.0
  0
LINE
  5
4C
330
17
100
AcDbEntity
  8
Hachura
 62
7
370
25
100
AcDbLine
 10
6491.276219364241
 20
5738.849335187761
 30
0.0
 11
6493.210986728744
 21
5739.81671887001
 31
0.0
  0
LINE
  5
4D
330
17
100
AcDbEntity
  8
Hachura
 62
7
370
25
100
AcDbLine
 10
6491.276219364241
 20
5738.204412732927
 30
0.0
 11
6491.276219364241
 21
5738.849335187761
 31
0.0
  0
LINE
  5
4E
330
17
100
AcDbEntity
  8
Hachura
 62
7
370
25
100
AcDbLine
 10
6491.276219364241
 20
5736.527614348214
 30
0.0
 11
6491.276219364241
 21
5735.88269189338
 31
0.0
  0
LINE
  5
4F
330
17
100
AcDbEntity
  8
Hachura
 62
7
370
25
100
AcDbLine
 10
6491.276219364241
 20
5737.476620113509
 30
0.0
 11
6491.276219364241
 21
5737.6884747626245
 31
0.0
  0
LINE
  5
50
330
17
100
AcDbEntity
  8
Hachura
 62
7
370
25
100
AcDbLine
 10
6491.276219364241
 20
5737.476620113509
 30
0.0
 11
6491.276219364241
 21
5737.043552307795
 31
0.0
  0
LINE
  5
51
330
17
100
AcDbEntity
  8
Hachura
 62
7
370
25
100
AcDbLine
 10
6493.210986728744
 20
5738.010935990044
 30
0.0
 11
6493.210986728744
 21
5738.6558584448785
 31
0.0
  0
LINE
  5
52
330
17
100
AcDbEntity
  8
Hachura
 62
7
370
25
100
AcDbLine
 10
6493.210986728744
 20
5736.8500755756295
 30
0.0
 11
6493.210986728744
 21
5737.494998030464
 31
0.0
  0
LINE
  5
53
330
17
100
AcDbEntity
  8
Hachura
 62
7
370
25
100
AcDbLine
 10
6493.210986728744
 20
5739.171796415176
 30
0.0
 11
6491.276219364241
 21
5738.204412732927
 31
0.0
  0
LINE
  5
54
330
17
100
AcDbEntity
  8
Hachura
 62
7
370
25
100
AcDbLine
 10
6493.28367005959
 20
5739.079153563906
 30
0.0
 11
6491.118057302032
 21
5737.996347228006
 31
0.0
  0
LINE
  5
55
330
17
100
AcDbEntity
  8
Hachura
 62
7
370
25
100
AcDbLine
 10
6491.176495192454
 20
5737.76759716127
 30
0.0
 11
6493.317072861119
 21
5738.837886006319
 31
0.0
  0
LINE
  5
56
330
17
100
AcDbEntity
  8
Hachura
 62
7
370
25
100
AcDbLine
 10
6491.276219364241
 20
5737.6884747626245
 30
0.0
 11
6493.210986728744
 21
5738.6558584448785
 31
0.0
  0
LINE
  5
57
330
17
100
AcDbEntity
  8
Hachura
 62
7
370
25
100
AcDbLine
 10
6493.210986728744
 20
5736.8500755756295
 30
0.0
 11
6491.276219364241
 21
5735.88269189338
 31
0.0
  0
LINE
  5
58
330
17
100
AcDbEntity
  8
Hachura
 62
7
370
25
100
AcDbLine
 10
6493.210986728744
 20
5738.010935990044
 30
0.0
 11
6491.276219364241
 21
5737.043552307795
 31
0.0
  0
LINE
  5
59
330
17
100
AcDbEntity
  8
Hachura
 62
7
370
25
100
AcDbLine
 10
6493.28367005959
 20
5737.918293149492
 30
0.0
 11
6491.118057302032
 21
5736.835486813591
 31
0.0
  0
LINE
  5
5A
330
17
100
AcDbEntity
  8
Hachura
 62
7
370
25
100
AcDbLine
 10
6491.176495192454
 20
5736.606736746856
 30
0.0
 11
6493.317072861119
 21
5737.6770255919055
 31
0.0
  0
LINE
  5
5B
330
17
100
AcDbEntity
  8
Hachura
 62
7
370
25
100
AcDbLine
 10
6491.276219364241
 20
5736.527614348214
 30
0.0
 11
6493.210986728744
 21
5737.494998030464
 31
0.0
  0
LINE
  5
5C
330
17
100
AcDbEntity
  8
Hachura
 62
7
370
25
100
AcDbLine
 10
6491.533981034676
 20
5740.655014418409
 30
0.0
 11
6491.276219364241
 21
5740.5261335617515
 31
0.0
  0
LINE
  5
5D
330
17
100
AcDbEntity
  8
Hachura
 62
7
370
25
100
AcDbLine
 10
6491.7919500251855
 20
5740.655014418409
 30
0.0
 11
6491.118057302032
 21
5740.31806805683
 31
0.0
  0
LINE
  5
5E
330
17
100
AcDbEntity
  8
Hachura
 62
7
370
25
100
AcDbLine
 10
6491.276219364241
 20
5740.5261335617515
 30
0.0
 11
6491.276219364241
 21
5740.655014418409
 31
0.0
  0
LINE
  5
5F
330
17
100
AcDbEntity
  8
Hachura
 62
7
370
25
100
AcDbLine
 10
6491.2780111499615
 20
5740.653404321826
 30
0.0
 11
6491.6004723773785
 21
5740.975865570685
 31
0.0
  0
LINE
  5
60
330
17
100
AcDbEntity
  8
Hachura
 62
7
370
25
100
AcDbLine
 10
6491.276219364241
 20
5740.010195602171
 30
0.0
 11
6491.276219364241
 21
5739.365273147337
 31
0.0
  0
LINE
  5
61
330
17
100
AcDbEntity
  8
Hachura
 62
7
370
25
100
AcDbLine
 10
6493.210986728744
 20
5740.332656829591
 30
0.0
 11
6493.210986728744
 21
5740.655014418409
 31
0.0
  0
LINE
  5
62
330
17
100
AcDbEntity
  8
Hachura
 62
7
370
25
100
AcDbLine
 10
6493.212864015235
 20
5740.653404343265
 30
0.0
 11
6493.212864015235
 21
5740.653326925191
 31
0.0
  0
LINE
  5
63
330
17
100
AcDbEntity
  8
Hachura
 62
7
370
25
100
AcDbLine
 10
6493.212864015235
 20
5740.653404343265
 30
0.0
 11
6492.890317287047
 21
5740.975865570685
 31
0.0
  0
LINE
  5
64
330
17
100
AcDbEntity
  8
Hachura
 62
7
370
25
100
AcDbLine
 10
6493.210986728744
 20
5738.444003785041
 30
0.0
 11
6493.210986728744
 21
5738.6558584341565
 31
0.0
  0
LINE
  5
65
330
17
100
AcDbEntity
  8
Hachura
 62
7
370
25
100
AcDbLine
 10
6491.176495192454
 20
5740.089317990095
 30
0.0
 11
6492.307888006203
 21
5740.655014418409
 31
0.0
  0
LINE
  5
66
330
17
100
AcDbEntity
  8
Hachura
 62
7
370
25
100
AcDbLine
 10
6491.276219364241
 20
5740.010195602171
 30
0.0
 11
6492.565856953834
 21
5740.655014418409
 31
0.0
  0
LINE
  5
67
330
17
100
AcDbEntity
  8
Hachura
 62
7
370
25
100
AcDbLine
 10
6492.890317287047
 20
5740.975865570685
 30
0.0
 11
6491.6004723773785
 21
5740.975865570685
 31
0.0
  0
LINE
  5
68
330
17
100
AcDbEntity
  8
Hachura
 62
7
370
25
100
AcDbLine
 10
6493.210986728744
 20
5740.332656829591
 30
0.0
 11
6491.276219364241
 21
5739.365273147337
 31
0.0
  0
LINE
  5
69
330
17
100
AcDbEntity
  8
Hachura
 62
7
370
25
100
AcDbLine
 10
6491.2780111499615
 20
5740.653404321826
 30
0.0
 11
6493.212778514464
 21
5740.653404321826
 31
0.0
  0
LINE
  5
6A
330
17
100
AcDbEntity
  8
Hachura
 62
7
370
25
100
AcDbLine
 10
6486.682655872117
 20
5729.175498365251
 30
0.0
 11
6494.497317616748
 21
5729.175498365251
 31
0.0
  0
LINE
  5
6B
330
17
100
AcDbEntity
  8
Hachura
 62
7
370
25
100
AcDbLine
 10
6490.502312392714
 20
5735.88269189338
 30
0.0
 11
6493.855909183578
 21
5735.88269189338
 31
0.0
  0
LINE
  5
6C
330
17
100
AcDbEntity
  8
Hachura
 62
7
370
25
100
AcDbLine
 10
6490.502312392714
 20
5735.814975036052
 30
0.0
 11
6493.855909183578
 21
5735.814975036052
 31
0.0
  0
LINE
  5
6D
330
17
100
AcDbEntity
  8
Hachura
 62
7
370
25
100
AcDbLine
 10
6494.113878131209
 20
5732.658079619211
 30
0.0
 11
6490.244343402204
 21
5732.658079619211
 31
0.0
  0
LINE
  5
6E
330
17
100
AcDbEntity
  8
Hachura
 62
7
370
25
100
AcDbLine
 10
6498.628335315046
 20
5730.078389799875
 30
0.0
 11
6485.729886218367
 21
5730.078389799875
 31
0.0
  0
LINE
  5
6F
330
17
100
AcDbEntity
  8
Hachura
 62
7
370
25
100
AcDbLine
 10
6485.729886218367
 20
5729.175498365251
 30
0.0
 11
6498.624793550653
 21
5729.175498365251
 31
0.0
  0
LINE
  5
70
330
17
100
AcDbEntity
  8
Hachura
 62
7
370
25
100
AcDbLine
 10
6492.824033221541
 20
5735.88269189338
 30
0.0
 11
6492.824033221541
 21
5732.658079619211
 31
0.0
  0
LINE
  5
71
330
17
100
AcDbEntity
  8
Hachura
 62
7
370
25
100
AcDbLine
 10
6493.855909183578
 20
5735.88269189338
 30
0.0
 11
6493.855909183578
 21
5732.658079619211
 31
0.0
  0
LINE
  5
72
330
17
100
AcDbEntity
  8
Hachura
 62
7
370
25
100
AcDbLine
 10
6492.179110766707
 20
5730.078389799875
 30
0.0
 11
6494.113878131209
 21
5730.078389799875
 31
0.0
  0
LINE
  5
73
330
17
100
AcDbEntity
  8
Hachura
 62
7
370
25
100
AcDbLine
 10
6493.468955676375
 20
5730.078389799875
 30
0.0
 11
6492.824033221541
 21
5730.078389799875
 31
0.0
  0
LINE
  5
74
330
17
100
AcDbEntity
  8
Hachura
 62
7
370
25
100
AcDbLine
 10
6492.184751129068
 20
5730.078389799875
 30
0.0
 11
6492.184751129068
 21
5729.175498365251
 31
0.0
  0
LINE
  5
75
330
17
100
AcDbEntity
  8
Hachura
 62
7
370
25
100
AcDbLine
 10
6492.491292820417
 20
5730.078389799875
 30
0.0
 11
6492.491292820417
 21
5732.077548989333
 31
0.0
  0
LINE
  5
76
330
17
100
AcDbEntity
  8
Hachura
 62
7
370
25
100
AcDbLine
 10
6491.975354839397
 20
5732.077548989333
 30
0.0
 11
6491.975354839397
 21
5730.078389799875
 31
0.0
  0
LINE
  5
77
330
17
100
AcDbEntity
  8
Hachura
 62
7
370
25
100
AcDbLine
 10
6495.218987390439
 20
5730.096664356943
 30
0.0
 11
6495.218987390439
 21
5729.169441681861
 31
0.0
  0
LINE
  5
78
330
17
100
AcDbEntity
  8
Hachura
 62
7
370
25
100
AcDbLine
 10
6493.138726399455
 20
5729.325544243174
 30
0.0
 11
6493.138726399455
 21
5729.758612048893
 31
0.0
  0
LINE
  5
79
330
17
100
AcDbEntity
  8
Hachura
 62
7
370
25
100
AcDbLine
 10
6494.113878131209
 20
5730.078389799875
 30
0.0
 11
6494.113878131209
 21
5732.658079619211
 31
0.0
  0
LINE
  5
7A
330
17
100
AcDbEntity
  8
Hachura
 62
7
370
25
100
AcDbLine
 10
6493.138726399455
 20
5729.758612048893
 30
0.0
 11
6493.138726399455
 21
5729.970466698008
 31
0.0
  0
LINE
  5
7B
330
17
100
AcDbEntity
  8
Hachura
 62
7
370
25
100
AcDbLine
 10
6498.624793550653
 20
5729.175498365251
 30
0.0
 11
6498.624793550653
 21
5734.312166947337
 31
0.0
  0
LINE
  5
7C
330
17
100
AcDbEntity
  8
Hachura
 62
7
370
25
100
AcDbLine
 10
6496.951536941053
 20
5734.334878003923
 30
0.0
 11
6496.369876866998
 21
5732.12456968607
 31
0.0
  0
LINE
  5
7D
330
17
100
AcDbEntity
  8
Hachura
 62
7
370
25
100
AcDbLine
 10
6498.628335315046
 20
5734.334878003923
 30
0.0
 11
6496.951536941053
 21
5734.334878003923
 31
0.0
  0
LINE
  5
7E
330
17
100
AcDbEntity
  8
Hachura
 62
7
370
25
100
AcDbLine
 10
6496.058032828625
 20
5731.884172679841
 30
0.0
 11
6494.113878131209
 21
5731.884172679841
 31
0.0
  0
LINE
  5
7F
330
17
100
AcDbEntity
  8
Hachura
 62
7
370
25
100
AcDbLine
 10
6498.628335315046
 20
5730.078389799875
 30
0.0
 11
6493.468955676375
 21
5730.078389799875
 31
0.0
  0
LINE
  5
80
330
17
100
AcDbEntity
  8
Hachura
 62
7
370
25
100
AcDbLine
 10
6487.406684635238
 20
5734.334878003923
 30
0.0
 11
6487.9883447092925
 21
5732.12456968607
 31
0.0
  0
LINE
  5
81
330
17
100
AcDbEntity
  8
Hachura
 62
7
370
25
100
AcDbLine
 10
6490.502312392714
 20
5732.658079619211
 30
0.0
 11
6490.502312392714
 21
5735.88269189338
 31
0.0
  0
LINE
  5
82
330
17
100
AcDbEntity
  8
Hachura
 62
7
370
25
100
AcDbLine
 10
6491.276219364241
 20
5735.88269189338
 30
0.0
 11
6491.276219364241
 21
5732.658079619211
 31
0.0
  0
LINE
  5
83
330
17
100
AcDbEntity
  8
Hachura
 62
7
370
25
100
AcDbLine
 10
6489.152972796229
 20
5730.096664356943
 30
0.0
 11
6489.152972796229
 21
5729.175498365251
 31
0.0
  0
LINE
  5
84
330
17
100
AcDbEntity
  8
Hachura
 62
7
370
25
100
AcDbLine
 10
6491.203959034952
 20
5729.952088781055
 30
0.0
 11
6491.203959034952
 21
5729.519020986057
 31
0.0
  0
LINE
  5
85
330
17
100
AcDbEntity
  8
Hachura
 62
7
370
25
100
AcDbLine
 10
6487.720719191364
 20
5730.096664356943
 30
0.0
 11
6487.720719191364
 21
5729.169441681861
 31
0.0
  0
LINE
  5
86
330
17
100
AcDbEntity
  8
Hachura
 62
7
370
25
100
AcDbLine
 10
6490.244343402204
 20
5732.658079619211
 30
0.0
 11
6490.244343402204
 21
5730.078389799875
 31
0.0
  0
LINE
  5
87
330
17
100
AcDbEntity
  8
Hachura
 62
7
370
25
100
AcDbLine
 10
6490.244343402204
 20
5732.658079619211
 30
0.0
 11
6490.502312392714
 21
5732.658079619211
 31
0.0
  0
LINE
  5
88
330
17
100
AcDbEntity
  8
Hachura
 62
7
370
25
100
AcDbLine
 10
6490.244343402204
 20
5732.658079619211
 30
0.0
 11
6490.502312392714
 21
5732.658079619211
 31
0.0
  0
LINE
  5
89
330
17
100
AcDbEntity
  8
Hachura
 62
7
370
25
100
AcDbLine
 10
6488.3001887476685
 20
5731.884172679841
 30
0.0
 11
6490.248225325883
 21
5731.884172679841
 31
0.0
  0
LINE
  5
8A
330
17
100
AcDbEntity
  8
Hachura
 62
7
370
25
100
AcDbLine
 10
6485.729886218367
 20
5730.078389799875
 30
0.0
 11
6485.729886218367
 21
5734.334878003923
 31
0.0
  0
LINE
  5
8B
330
17
100
AcDbEntity
  8
Hachura
 62
7
370
25
100
AcDbLine
 10
6485.729886218367
 20
5730.078389799875
 30
0.0
 11
6485.729886218367
 21
5729.175498365251
 31
0.0
  0
LINE
  5
8C
330
17
100
AcDbEntity
  8
Hachura
 62
7
370
25
100
AcDbLine
 10
6486.878217275162
 20
5730.096664356943
 30
0.0
 11
6486.878217275162
 21
5729.169441681861
 31
0.0
  0
LINE
  5
8D
330
17
100
AcDbEntity
  8
Hachura
 62
7
370
25
100
AcDbLine
 10
6486.414841043303
 20
5730.096664356943
 30
0.0
 11
6486.414841043303
 21
5729.169441681861
 31
0.0
  0
LINE
  5
8E
330
17
100
AcDbEntity
  8
Hachura
 62
7
370
25
100
AcDbLine
 10
6486.077840311125
 20
5730.096664356943
 30
0.0
 11
6486.077840311125
 21
5729.169441681861
 31
0.0
  0
LINE
  5
8F
330
17
100
AcDbEntity
  8
Hachura
 62
7
370
25
100
AcDbLine
 10
6485.86721456408
 20
5730.096664356943
 30
0.0
 11
6485.86721456408
 21
5729.169441681861
 31
0.0
  0
LINE
  5
90
330
17
100
AcDbEntity
  8
Hachura
 62
7
370
25
100
AcDbLine
 10
6485.729886218367
 20
5734.334878003923
 30
0.0
 11
6487.406684635238
 21
5734.334878003923
 31
0.0
  0
LINE
  5
91
330
17
100
AcDbEntity
  8
Hachura
 62
7
370
25
100
AcDbLine
 10
6492.050126311752
 20
5735.88269189338
 30
0.0
 11
6493.317072864717
 21
5736.516165176206
 31
0.0
  0
LINE
  5
92
330
17
100
AcDbEntity
  8
Hachura
 62
7
370
25
100
AcDbLine
 10
6492.308095289571
 20
5735.88269189338
 30
0.0
 11
6493.210986732342
 21
5736.3341376147655
 31
0.0
  0
LINE
  5
93
330
17
100
AcDbEntity
  8
Hachura
 62
7
370
25
100
AcDbLine
 10
6493.2109867323425
 20
5735.88269189338
 30
0.0
 11
6493.2109867323425
 21
5736.3341376147655
 31
0.0
  0
LINE
  5
94
330
17
100
AcDbEntity
  8
Hachura
 62
7
370
25
100
AcDbLine
 10
6496.633960577656
 20
5730.096664356943
 30
0.0
 11
6496.633960577656
 21
5729.169441681861
 31
0.0
  0
LINE
  5
95
330
17
100
AcDbEntity
  8
Hachura
 62
7
370
25
100
AcDbLine
 10
6497.476462493858
 20
5730.096664356943
 30
0.0
 11
6497.476462493858
 21
5729.169441681861
 31
0.0
  0
LINE
  5
96
330
17
100
AcDbEntity
  8
Hachura
 62
7
370
25
100
AcDbLine
 10
6497.939838725717
 20
5730.096664356943
 30
0.0
 11
6497.939838725717
 21
5729.169441681861
 31
0.0
  0
LINE
  5
97
330
17
100
AcDbEntity
  8
Hachura
 62
7
370
25
100
AcDbLine
 10
6498.276839457894
 20
5730.096664356943
 30
0.0
 11
6498.276839457894
 21
5729.169441681861
 31
0.0
  0
LINE
  5
98
330
17
100
AcDbEntity
  8
Hachura
 62
7
370
25
100
AcDbLine
 10
6498.487465204939
 20
5730.096664356943
 30
0.0
 11
6498.487465204939
 21
5729.169441681861
 31
0.0
  0
LINE
  5
99
330
17
100
AcDbEntity
  8
Hachura
 62
7
370
25
100
AcDbLine
 10
6493.210364464605
 20
5589.179200393209
 30
0.0
 11
6493.210364464605
 21
5588.5342779383745
 31
0.0
  0
LINE
  5
9A
330
17
100
AcDbEntity
  8
Hachura
 62
7
370
25
100
AcDbLine
 10
6493.210364464605
 20
5588.018339978794
 30
0.0
 11
6491.2755971001025
 21
5588.985723661048
 31
0.0
  0
LINE
  5
9B
330
17
100
AcDbEntity
  8
Hachura
 62
7
370
25
100
AcDbLine
 10
6493.283047795451
 20
5588.110982819347
 30
0.0
 11
6491.117435037893
 21
5589.193789155247
 31
0.0
  0
LINE
  5
9C
330
17
100
AcDbEntity
  8
Hachura
 62
7
370
25
100
AcDbLine
 10
6491.175872928316
 20
5589.422539232704
 30
0.0
 11
6493.316450596981
 21
5588.352250376933
 31
0.0
  0
LINE
  5
9D
330
17
100
AcDbEntity
  8
Hachura
 62
7
370
25
100
AcDbLine
 10
6491.2755971001025
 20
5589.501661620623
 30
0.0
 11
6493.210364464605
 21
5588.5342779383745
 31
0.0
  0
LINE
  5
9E
330
17
100
AcDbEntity
  8
Hachura
 62
7
370
25
100
AcDbLine
 10
6491.2755971001025
 20
5590.146584075457
 30
0.0
 11
6491.2755971001025
 21
5589.501661620623
 31
0.0
  0
LINE
  5
9F
330
17
100
AcDbEntity
  8
Hachura
 62
7
370
25
100
AcDbLine
 10
6491.2755971001025
 20
5591.82338246017
 30
0.0
 11
6491.2755971001025
 21
5592.468304915004
 31
0.0
  0
LINE
  5
A0
330
17
100
AcDbEntity
  8
Hachura
 62
7
370
25
100
AcDbLine
 10
6491.2755971001025
 20
5590.8743766948755
 30
0.0
 11
6491.2755971001025
 21
5590.66252204576
 31
0.0
  0
LINE
  5
A1
330
17
100
AcDbEntity
  8
Hachura
 62
7
370
25
100
AcDbLine
 10
6491.2755971001025
 20
5590.8743766948755
 30
0.0
 11
6491.2755971001025
 21
5591.30744450059
 31
0.0
  0
LINE
  5
A2
330
17
100
AcDbEntity
  8
Hachura
 62
7
370
25
100
AcDbLine
 10
6493.210364464605
 20
5590.34006081834
 30
0.0
 11
6493.210364464605
 21
5589.695138363506
 31
0.0
  0
LINE
  5
A3
330
17
100
AcDbEntity
  8
Hachura
 62
7
370
25
100
AcDbLine
 10
6493.210364464605
 20
5591.500921232755
 30
0.0
 11
6493.210364464605
 21
5590.855998777921
 31
0.0
  0
LINE
  5
A4
330
17
100
AcDbEntity
  8
Hachura
 62
7
370
25
100
AcDbLine
 10
6493.210364464605
 20
5589.179200393209
 30
0.0
 11
6491.2755971001025
 21
5590.146584075457
 31
0.0
  0
LINE
  5
A5
330
17
100
AcDbEntity
  8
Hachura
 62
7
370
25
100
AcDbLine
 10
6493.283047795451
 20
5589.271843244478
 30
0.0
 11
6491.117435037893
 21
5590.3546495803785
 31
0.0
  0
LINE
  5
A6
330
17
100
AcDbEntity
  8
Hachura
 62
7
370
25
100
AcDbLine
 10
6491.175872928316
 20
5590.583399647115
 30
0.0
 11
6493.316450596981
 21
5589.513110802065
 31
0.0
  0
LINE
  5
A7
330
17
100
AcDbEntity
  8
Hachura
 62
7
370
25
100
AcDbLine
 10
6491.2755971001025
 20
5590.66252204576
 30
0.0
 11
6493.210364464605
 21
5589.695138363506
 31
0.0
  0
LINE
  5
A8
330
17
100
AcDbEntity
  8
Hachura
 62
7
370
25
100
AcDbLine
 10
6493.210364464605
 20
5591.500921232755
 30
0.0
 11
6491.2755971001025
 21
5592.468304915004
 31
0.0
  0
LINE
  5
A9
330
17
100
AcDbEntity
  8
Hachura
 62
7
370
25
100
AcDbLine
 10
6493.210364464605
 20
5590.34006081834
 30
0.0
 11
6491.2755971001025
 21
5591.30744450059
 31
0.0
  0
LINE
  5
AA
330
17
100
AcDbEntity
  8
Hachura
 62
7
370
25
100
AcDbLine
 10
6493.283047795451
 20
5590.432703658893
 30
0.0
 11
6491.117435037893
 21
5591.515509994793
 31
0.0
  0
LINE
  5
AB
330
17
100
AcDbEntity
  8
Hachura
 62
7
370
25
100
AcDbLine
 10
6491.175872928316
 20
5591.744260061529
 30
0.0
 11
6493.316450596981
 21
5590.673971216479
 31
0.0
  0
LINE
  5
AC
330
17
100
AcDbEntity
  8
Hachura
 62
7
370
25
100
AcDbLine
 10
6491.2755971001025
 20
5591.82338246017
 30
0.0
 11
6493.210364464605
 21
5590.855998777921
 31
0.0
  0
LINE
  5
AD
330
17
100
AcDbEntity
  8
Hachura
 62
7
370
25
100
AcDbLine
 10
6491.533358770537
 20
5587.695982389975
 30
0.0
 11
6491.2755971001025
 21
5587.824863246633
 31
0.0
  0
LINE
  5
AE
330
17
100
AcDbEntity
  8
Hachura
 62
7
370
25
100
AcDbLine
 10
6491.791327761047
 20
5587.695982389975
 30
0.0
 11
6491.117435037893
 21
5588.032928751554
 31
0.0
  0
LINE
  5
AF
330
17
100
AcDbEntity
  8
Hachura
 62
7
370
25
100
AcDbLine
 10
6491.2755971001025
 20
5587.824863246633
 30
0.0
 11
6491.2755971001025
 21
5587.695982389975
 31
0.0
  0
LINE
  5
B0
330
17
100
AcDbEntity
  8
Hachura
 62
7
370
25
100
AcDbLine
 10
6491.277388885823
 20
5587.697592486558
 30
0.0
 11
6491.59985011324
 21
5587.3751312377
 31
0.0
  0
LINE
  5
B1
330
17
100
AcDbEntity
  8
Hachura
 62
7
370
25
100
AcDbLine
 10
6491.2755971001025
 20
5588.340801206214
 30
0.0
 11
6491.2755971001025
 21
5588.985723661048
 31
0.0
  0
LINE
  5
B2
330
17
100
AcDbEntity
  8
Hachura
 62
7
370
25
100
AcDbLine
 10
6493.210364464605
 20
5588.018339978794
 30
0.0
 11
6493.210364464605
 21
5587.695982389975
 31
0.0
  0
LINE
  5
B3
330
17
100
AcDbEntity
  8
Hachura
 62
7
370
25
100
AcDbLine
 10
6493.212241751096
 20
5587.69759246512
 30
0.0
 11
6493.212241751096
 21
5587.697669883193
 31
0.0
  0
LINE
  5
B4
330
17
100
AcDbEntity
  8
Hachura
 62
7
370
25
100
AcDbLine
 10
6493.212241751096
 20
5587.69759246512
 30
0.0
 11
6492.889695022908
 21
5587.3751312377
 31
0.0
  0
LINE
  5
B5
330
17
100
AcDbEntity
  8
Hachura
 62
7
370
25
100
AcDbLine
 10
6493.210364464605
 20
5589.906993023344
 30
0.0
 11
6493.210364464605
 21
5589.695138374228
 31
0.0
  0
LINE
  5
B6
330
17
100
AcDbEntity
  8
Hachura
 62
7
370
25
100
AcDbLine
 10
6491.175872928316
 20
5588.2616788182895
 30
0.0
 11
6492.307265742064
 21
5587.695982389975
 31
0.0
  0
LINE
  5
B7
330
17
100
AcDbEntity
  8
Hachura
 62
7
370
25
100
AcDbLine
 10
6491.2755971001025
 20
5588.340801206214
 30
0.0
 11
6492.565234689695
 21
5587.695982389975
 31
0.0
  0
LINE
  5
B8
330
17
100
AcDbEntity
  8
Hachura
 62
7
370
25
100
AcDbLine
 10
6492.889695022908
 20
5587.3751312377
 30
0.0
 11
6491.59985011324
 21
5587.3751312377
 31
0.0
  0
LINE
  5
B9
330
17
100
AcDbEntity
  8
Hachura
 62
7
370
25
100
AcDbLine
 10
6493.210364464605
 20
5588.018339978794
 30
0.0
 11
6491.2755971001025
 21
5588.985723661048
 31
0.0
  0
LINE
  5
BA
330
17
100
AcDbEntity
  8
Hachura
 62
7
370
25
100
AcDbLine
 10
6491.277388885823
 20
5587.697592486558
 30
0.0
 11
6493.212156250325
 21
5587.697592486558
 31
0.0
  0
LINE
  5
BB
330
17
100
AcDbEntity
  8
Hachura
 62
7
370
25
100
AcDbLine
 10
6486.682033607978
 20
5599.175498443134
 30
0.0
 11
6494.496695352609
 21
5599.175498443134
 31
0.0
  0
LINE
  5
BC
330
17
100
AcDbEntity
  8
Hachura
 62
7
370
25
100
AcDbLine
 10
6490.501690128575
 20
5592.468304915004
 30
0.0
 11
6493.855286919439
 21
5592.468304915004
 31
0.0
  0
LINE
  5
BD
330
17
100
AcDbEntity
  8
Hachura
 62
7
370
25
100
AcDbLine
 10
6490.501690128575
 20
5592.536021772333
 30
0.0
 11
6493.855286919439
 21
5592.536021772333
 31
0.0
  0
LINE
  5
BE
330
17
100
AcDbEntity
  8
Hachura
 62
7
370
25
100
AcDbLine
 10
6494.113255867071
 20
5595.692917189173
 30
0.0
 11
6490.243721138066
 21
5595.692917189173
 31
0.0
  0
LINE
  5
BF
330
17
100
AcDbEntity
  8
Hachura
 62
7
370
25
100
AcDbLine
 10
6498.627713050907
 20
5598.272607008509
 30
0.0
 11
6485.729263954228
 21
5598.272607008509
 31
0.0
  0
LINE
  5
C0
330
17
100
AcDbEntity
  8
Hachura
 62
7
370
25
100
AcDbLine
 10
6485.729263954228
 20
5599.175498443134
 30
0.0
 11
6498.624171286514
 21
5599.175498443134
 31
0.0
  0
LINE
  5
C1
330
17
100
AcDbEntity
  8
Hachura
 62
7
370
25
100
AcDbLine
 10
6492.823410957402
 20
5592.468304915004
 30
0.0
 11
6492.823410957402
 21
5595.692917189173
 31
0.0
  0
LINE
  5
C2
330
17
100
AcDbEntity
  8
Hachura
 62
7
370
25
100
AcDbLine
 10
6493.855286919439
 20
5592.468304915004
 30
0.0
 11
6493.855286919439
 21
5595.692917189173
 31
0.0
  0
LINE
  5
C3
330
17
100
AcDbEntity
  8
Hachura
 62
7
370
25
100
AcDbLine
 10
6492.178488502568
 20
5598.272607008509
 30
0.0
 11
6494.113255867071
 21
5598.272607008509
 31
0.0
  0
LINE
  5
C4
330
17
100
AcDbEntity
  8
Hachura
 62
7
370
25
100
AcDbLine
 10
6493.4683334122365
 20
5598.272607008509
 30
0.0
 11
6492.823410957402
 21
5598.272607008509
 31
0.0
  0
LINE
  5
C5
330
17
100
AcDbEntity
  8
Hachura
 62
7
370
25
100
AcDbLine
 10
6492.184128864929
 20
5598.272607008509
 30
0.0
 11
6492.184128864929
 21
5599.175498443134
 31
0.0
  0
LINE
  5
C6
330
17
100
AcDbEntity
  8
Hachura
 62
7
370
25
100
AcDbLine
 10
6492.490670556278
 20
5598.272607008509
 30
0.0
 11
6492.490670556278
 21
5596.273447819051
 31
0.0
  0
LINE
  5
C7
330
17
100
AcDbEntity
  8
Hachura
 62
7
370
25
100
AcDbLine
 10
6491.974732575259
 20
5596.273447819051
 30
0.0
 11
6491.974732575259
 21
5598.272607008509
 31
0.0
  0
LINE
  5
C8
330
17
100
AcDbEntity
  8
Hachura
 62
7
370
25
100
AcDbLine
 10
6495.2183651263
 20
5598.254332451442
 30
0.0
 11
6495.2183651263
 21
5599.181555126524
 31
0.0
  0
LINE
  5
C9
330
17
100
AcDbEntity
  8
Hachura
 62
7
370
25
100
AcDbLine
 10
6493.138104135316
 20
5599.025452565211
 30
0.0
 11
6493.138104135316
 21
5598.592384759491
 31
0.0
  0
LINE
  5
CA
330
17
100
AcDbEntity
  8
Hachura
 62
7
370
25
100
AcDbLine
 10
6494.113255867071
 20
5598.272607008509
 30
0.0
 11
6494.113255867071
 21
5595.692917189173
 31
0.0
  0
LINE
  5
CB
330
17
100
AcDbEntity
  8
Hachura
 62
7
370
25
100
AcDbLine
 10
6493.138104135316
 20
5598.592384759491
 30
0.0
 11
6493.138104135316
 21
5598.380530110377
 31
0.0
  0
LINE
  5
CC
330
17
100
AcDbEntity
  8
Hachura
 62
7
370
25
100
AcDbLine
 10
6498.624171286514
 20
5599.175498443134
 30
0.0
 11
6498.624171286514
 21
5594.038829861048
 31
0.0
  0
LINE
  5
CD
330
17
100
AcDbEntity
  8
Hachura
 62
7
370
25
100
AcDbLine
 10
6496.950914676914
 20
5594.016118804461
 30
0.0
 11
6496.36925460286
 21
5596.226427122315
 31
0.0
  0
LINE
  5
CE
330
17
100
AcDbEntity
  8
Hachura
 62
7
370
25
100
AcDbLine
 10
6498.627713050907
 20
5594.016118804461
 30
0.0
 11
6496.950914676914
 21
5594.016118804461
 31
0.0
  0
LINE
  5
CF
330
17
100
AcDbEntity
  8
Hachura
 62
7
370
25
100
AcDbLine
 10
6496.057410564486
 20
5596.4668241285435
 30
0.0
 11
6494.113255867071
 21
5596.4668241285435
 31
0.0
  0
LINE
  5
D0
330
17
100
AcDbEntity
  8
Hachura
 62
7
370
25
100
AcDbLine
 10
6498.627713050907
 20
5598.272607008509
 30
0.0
 11
6493.4683334122365
 21
5598.272607008509
 31
0.0
  0
LINE
  5
D1
330
17
100
AcDbEntity
  8
Hachura
 62
7
370
25
100
AcDbLine
 10
6487.406062371099
 20
5594.016118804461
 30
0.0
 11
6487.987722445154
 21
5596.226427122315
 31
0.0
  0
LINE
  5
D2
330
17
100
AcDbEntity
  8
Hachura
 62
7
370
25
100
AcDbLine
 10
6490.501690128575
 20
5595.692917189173
 30
0.0
 11
6490.501690128575
 21
5592.468304915004
 31
0.0
  0
LINE
  5
D3
330
17
100
AcDbEntity
  8
Hachura
 62
7
370
25
100
AcDbLine
 10
6491.2755971001025
 20
5592.468304915004
 30
0.0
 11
6491.2755971001025
 21
5595.692917189173
 31
0.0
  0
LINE
  5
D4
330
17
100
AcDbEntity
  8
Hachura
 62
7
370
25
100
AcDbLine
 10
6489.15235053209
 20
5598.254332451442
 30
0.0
 11
6489.15235053209
 21
5599.175498443134
 31
0.0
  0
LINE
  5
D5
330
17
100
AcDbEntity
  8
Hachura
 62
7
370
25
100
AcDbLine
 10
6491.203336770814
 20
5598.3989080273295
 30
0.0
 11
6491.203336770814
 21
5598.831975822328
 31
0.0
  0
LINE
  5
D6
330
17
100
AcDbEntity
  8
Hachura
 62
7
370
25
100
AcDbLine
 10
6487.720096927225
 20
5598.254332451442
 30
0.0
 11
6487.720096927225
 21
5599.181555126524
 31
0.0
  0
LINE
  5
D7
330
17
100
AcDbEntity
  8
Hachura
 62
7
370
25
100
AcDbLine
 10
6490.243721138066
 20
5595.692917189173
 30
0.0
 11
6490.243721138066
 21
5598.272607008509
 31
0.0
  0
LINE
  5
D8
330
17
100
AcDbEntity
  8
Hachura
 62
7
370
25
100
AcDbLine
 10
6490.243721138066
 20
5595.692917189173
 30
0.0
 11
6490.501690128575
 21
5595.692917189173
 31
0.0
  0
LINE
  5
D9
330
17
100
AcDbEntity
  8
Hachura
 62
7
370
25
100
AcDbLine
 10
6490.243721138066
 20
5595.692917189173
 30
0.0
 11
6490.501690128575
 21
5595.692917189173
 31
0.0
  0
LINE
  5
DA
330
17
100
AcDbEntity
  8
Hachura
 62
7
370
25
100
AcDbLine
 10
6488.29956648353
 20
5596.4668241285435
 30
0.0
 11
6490.2476030617445
 21
5596.4668241285435
 31
0.0
  0
LINE
  5
DB
330
17
100
AcDbEntity
  8
Hachura
 62
7
370
25
100
AcDbLine
 10
6485.729263954228
 20
5598.272607008509
 30
0.0
 11
6485.729263954228
 21
5594.016118804461
 31
0.0
  0
LINE
  5
DC
330
17
100
AcDbEntity
  8
Hachura
 62
7
370
25
100
AcDbLine
 10
6485.729263954228
 20
5598.272607008509
 30
0.0
 11
6485.729263954228
 21
5599.175498443134
 31
0.0
  0
LINE
  5
DD
330
17
100
AcDbEntity
  8
Hachura
 62
7
370
25
100
AcDbLine
 10
6486.877595011023
 20
5598.254332451442
 30
0.0
 11
6486.877595011023
 21
5599.181555126524
 31
0.0
  0
LINE
  5
DE
330
17
100
AcDbEntity
  8
Hachura
 62
7
370
25
100
AcDbLine
 10
6486.414218779164
 20
5598.254332451442
 30
0.0
 11
6486.414218779164
 21
5599.181555126524
 31
0.0
  0
LINE
  5
DF
330
17
100
AcDbEntity
  8
Hachura
 62
7
370
25
100
AcDbLine
 10
6486.077218046987
 20
5598.254332451442
 30
0.0
 11
6486.077218046987
 21
5599.181555126524
 31
0.0
  0
LINE
  5
E0
330
17
100
AcDbEntity
  8
Hachura
 62
7
370
25
100
AcDbLine
 10
6485.866592299942
 20
5598.254332451442
 30
0.0
 11
6485.866592299942
 21
5599.181555126524
 31
0.0
  0
LINE
  5
E1
330
17
100
AcDbEntity
  8
Hachura
 62
7
370
25
100
AcDbLine
 10
6485.729263954228
 20
5594.016118804461
 30
0.0
 11
6487.406062371099
 21
5594.016118804461
 31
0.0
  0
LINE
  5
E2
330
17
100
AcDbEntity
  8
Hachura
 62
7
370
25
100
AcDbLine
 10
6492.0495040476135
 20
5592.468304915004
 30
0.0
 11
6493.316450600579
 21
5591.834831632178
 31
0.0
  0
LINE
  5
E3
330
17
100
AcDbEntity
  8
Hachura
 62
7
370
25
100
AcDbLine
 10
6492.307473025432
 20
5592.468304915004
 30
0.0
 11
6493.210364468203
 21
5592.016859193619
 31
0.0
  0
LINE
  5
E4
330
17
100
AcDbEntity
  8
Hachura
 62
7
370
25
100
AcDbLine
 10
6493.210364468204
 20
5592.468304915004
 30
0.0
 11
6493.210364468204
 21
5592.016859193619
 31
0.0
  0
LINE
  5
E5
330
17
100
AcDbEntity
  8
Hachura
 62
7
370
25
100
AcDbLine
 10
6496.633338313517
 20
5598.254332451442
 30
0.0
 11
6496.633338313517
 21
5599.181555126524
 31
0.0
  0
LINE
  5
E6
330
17
100
AcDbEntity
  8
Hachura
 62
7
370
25
100
AcDbLine
 10
6497.475840229719
 20
5598.254332451442
 30
0.0
 11
6497.475840229719
 21
5599.181555126524
 31
0.0
  0
LINE
  5
E7
330
17
100
AcDbEntity
  8
Hachura
 62
7
370
25
100
AcDbLine
 10
6497.939216461578
 20
5598.254332451442
 30
0.0
 11
6497.939216461578
 21
5599.181555126524
 31
0.0
  0
LINE
  5
E8
330
17
100
AcDbEntity
  8
Hachura
 62
7
370
25
100
AcDbLine
 10
6498.276217193756
 20
5598.254332451442
 30
0.0
 11
6498.276217193756
 21
5599.181555126524
 31
0.0
  0
LINE
  5
E9
330
17
100
AcDbEntity
  8
Hachura
 62
7
370
25
100
AcDbLine
 10
6498.486842940801
 20
5598.254332451442
 30
0.0
 11
6498.486842940801
 21
5599.181555126524
 31
0.0
  0
LINE
  5
EA
330
17
100
AcDbEntity
  8
Hachura
 62
7
370
25
100
AcDbLine
 10
6492.17760030122
 20
5739.975865570656
 30
0.0
 11
6492.186141512094
 21
5592.175498443133
 31
0.0
  0
LINE
  5
EB
330
17
100
AcDbEntity
  8
Hachura
 62
7
370
25
100
AcDbLine
 10
6303.143081089139
 20
5739.171796415176
 30
0.0
 11
6303.143081089139
 21
5739.81671887001
 31
0.0
  0
LINE
  5
EC
330
17
100
AcDbEntity
  8
Hachura
 62
7
370
25
100
AcDbLine
 10
6303.143081089139
 20
5740.332656829591
 30
0.0
 11
6305.077848453641
 21
5739.365273147337
 31
0.0
  0
LINE
  5
ED
330
17
100
AcDbEntity
  8
Hachura
 62
7
370
25
100
AcDbLine
 10
6303.0703977582925
 20
5740.240013989038
 30
0.0
 11
6305.2360105158505
 21
5739.157207653137
 31
0.0
  0
LINE
  5
EE
330
17
100
AcDbEntity
  8
Hachura
 62
7
370
25
100
AcDbLine
 10
6305.177572625428
 20
5738.92845757568
 30
0.0
 11
6303.036994956763
 21
5739.998746431452
 31
0.0
  0
LINE
  5
EF
330
17
100
AcDbEntity
  8
Hachura
 62
7
370
25
100
AcDbLine
 10
6305.077848453641
 20
5738.849335187761
 30
0.0
 11
6303.143081089139
 21
5739.81671887001
 31
0.0
  0
LINE
  5
F0
330
17
100
AcDbEntity
  8
Hachura
 62
7
370
25
100
AcDbLine
 10
6305.077848453641
 20
5738.204412732927
 30
0.0
 11
6305.077848453641
 21
5738.849335187761
 31
0.0
  0
LINE
  5
F1
330
17
100
AcDbEntity
  8
Hachura
 62
7
370
25
100
AcDbLine
 10
6305.077848453641
 20
5736.527614348214
 30
0.0
 11
6305.077848453641
 21
5735.88269189338
 31
0.0
  0
LINE
  5
F2
330
17
100
AcDbEntity
  8
Hachura
 62
7
370
25
100
AcDbLine
 10
6305.077848453641
 20
5737.476620113509
 30
0.0
 11
6305.077848453641
 21
5737.6884747626245
 31
0.0
  0
LINE
  5
F3
330
17
100
AcDbEntity
  8
Hachura
 62
7
370
25
100
AcDbLine
 10
6305.077848453641
 20
5737.476620113509
 30
0.0
 11
6305.077848453641
 21
5737.043552307795
 31
0.0
  0
LINE
  5
F4
330
17
100
AcDbEntity
  8
Hachura
 62
7
370
25
100
AcDbLine
 10
6303.143081089139
 20
5738.010935990044
 30
0.0
 11
6303.143081089139
 21
5738.6558584448785
 31
0.0
  0
LINE
  5
F5
330
17
100
AcDbEntity
  8
Hachura
 62
7
370
25
100
AcDbLine
 10
6303.143081089139
 20
5736.8500755756295
 30
0.0
 11
6303.143081089139
 21
5737.494998030464
 31
0.0
  0
LINE
  5
F6
330
17
100
AcDbEntity
  8
Hachura
 62
7
370
25
100
AcDbLine
 10
6303.143081089139
 20
5739.171796415176
 30
0.0
 11
6305.077848453641
 21
5738.204412732927
 31
0.0
  0
LINE
  5
F7
330
17
100
AcDbEntity
  8
Hachura
 62
7
370
25
100
AcDbLine
 10
6303.0703977582925
 20
5739.079153563906
 30
0.0
 11
6305.2360105158505
 21
5737.996347228006
 31
0.0
  0
LINE
  5
F8
330
17
100
AcDbEntity
  8
Hachura
 62
7
370
25
100
AcDbLine
 10
6305.177572625428
 20
5737.76759716127
 30
0.0
 11
6303.036994956763
 21
5738.837886006319
 31
0.0
  0
LINE
  5
F9
330
17
100
AcDbEntity
  8
Hachura
 62
7
370
25
100
AcDbLine
 10
6305.077848453641
 20
5737.6884747626245
 30
0.0
 11
6303.143081089139
 21
5738.6558584448785
 31
0.0
  0
LINE
  5
FA
330
17
100
AcDbEntity
  8
Hachura
 62
7
370
25
100
AcDbLine
 10
6303.143081089139
 20
5736.8500755756295
 30
0.0
 11
6305.077848453641
 21
5735.88269189338
 31
0.0
  0
LINE
  5
FB
330
17
100
AcDbEntity
  8
Hachura
 62
7
370
25
100
AcDbLine
 10
6303.143081089139
 20
5738.010935990044
 30
0.0
 11
6305.077848453641
 21
5737.043552307795
 31
0.0
  0
LINE
  5
FC
330
17
100
AcDbEntity
  8
Hachura
 62
7
370
25
100
AcDbLine
 10
6303.0703977582925
 20
5737.918293149492
 30
0.0
 11
6305.2360105158505
 21
5736.835486813591
 31
0.0
  0
LINE
  5
FD
330
17
100
AcDbEntity
  8
Hachura
 62
7
370
25
100
AcDbLine
 10
6305.177572625428
 20
5736.606736746856
 30
0.0
 11
6303.036994956763
 21
5737.6770255919055
 31
0.0
  0
LINE
  5
FE
330
17
100
AcDbEntity
  8
Hachura
 62
7
370
25
100
AcDbLine
 10
6305.077848453641
 20
5736.527614348214
 30
0.0
 11
6303.143081089139
 21
5737.494998030464
 31
0.0
  0
LINE
  5
FF
330
17
100
AcDbEntity
  8
Hachura
 62
7
370
25
100
AcDbLine
 10
6304.8200867832065
 20
5740.655014418409
 30
0.0
 11
6305.077848453641
 21
5740.5261335617515
 31
0.0
  0
LINE
  5
100
330
17
100
AcDbEntity
  8
Hachura
 62
7
370
25
100
AcDbLine
 10
6304.562117792697
 20
5740.655014418409
 30
0.0
 11
6305.2360105158505
 21
5740.31806805683
 31
0.0
  0
LINE
  5
101
330
17
100
AcDbEntity
  8
Hachura
 62
7
370
25
100
AcDbLine
 10
6305.077848453641
 20
5740.5261335617515
 30
0.0
 11
6305.077848453641
 21
5740.655014418409
 31
0.0
  0
LINE
  5
102
330
17
100
AcDbEntity
  8
Hachura
 62
7
370
25
100
AcDbLine
 10
6305.076056667921
 20
5740.653404321826
 30
0.0
 11
6304.753595440504
 21
5740.975865570685
 31
0.0
  0
LINE
  5
103
330
17
100
AcDbEntity
  8
Hachura
 62
7
370
25
100
AcDbLine
 10
6305.077848453641
 20
5740.010195602171
 30
0.0
 11
6305.077848453641
 21
5739.365273147337
 31
0.0
  0
LINE
  5
104
330
17
100
AcDbEntity
  8
Hachura
 62
7
370
25
100
AcDbLine
 10
6303.143081089139
 20
5740.332656829591
 30
0.0
 11
6303.143081089139
 21
5740.655014418409
 31
0.0
  0
LINE
  5
105
330
17
100
AcDbEntity
  8
Hachura
 62
7
370
25
100
AcDbLine
 10
6303.141203802647
 20
5740.653404343265
 30
0.0
 11
6303.141203802647
 21
5740.653326925191
 31
0.0
  0
LINE
  5
106
330
17
100
AcDbEntity
  8
Hachura
 62
7
370
25
100
AcDbLine
 10
6303.141203802647
 20
5740.653404343265
 30
0.0
 11
6303.463750530836
 21
5740.975865570685
 31
0.0
  0
LINE
  5
107
330
17
100
AcDbEntity
  8
Hachura
 62
7
370
25
100
AcDbLine
 10
6303.143081089139
 20
5738.444003785041
 30
0.0
 11
6303.143081089139
 21
5738.6558584341565
 31
0.0
  0
LINE
  5
108
330
17
100
AcDbEntity
  8
Hachura
 62
7
370
25
100
AcDbLine
 10
6305.177572625428
 20
5740.089317990095
 30
0.0
 11
6304.046179811679
 21
5740.655014418409
 31
0.0
  0
LINE
  5
109
330
17
100
AcDbEntity
  8
Hachura
 62
7
370
25
100
AcDbLine
 10
6305.077848453641
 20
5740.010195602171
 30
0.0
 11
6303.788210864049
 21
5740.655014418409
 31
0.0
  0
LINE
  5
10A
330
17
100
AcDbEntity
  8
Hachura
 62
7
370
25
100
AcDbLine
 10
6303.463750530836
 20
5740.975865570685
 30
0.0
 11
6304.753595440504
 21
5740.975865570685
 31
0.0
  0
LINE
  5
10B
330
17
100
AcDbEntity
  8
Hachura
 62
7
370
25
100
AcDbLine
 10
6303.143081089139
 20
5740.332656829591
 30
0.0
 11
6305.077848453641
 21
5739.365273147337
 31
0.0
  0
LINE
  5
10C
330
17
100
AcDbEntity
  8
Hachura
 62
7
370
25
100
AcDbLine
 10
6305.076056667921
 20
5740.653404321826
 30
0.0
 11
6303.1412893034185
 21
5740.653404321826
 31
0.0
  0
LINE
  5
10D
330
17
100
AcDbEntity
  8
Hachura
 62
7
370
25
100
AcDbLine
 10
6309.671411945766
 20
5729.175498365251
 30
0.0
 11
6301.856750201135
 21
5729.175498365251
 31
0.0
  0
LINE
  5
10E
330
17
100
AcDbEntity
  8
Hachura
 62
7
370
25
100
AcDbLine
 10
6305.851755425168
 20
5735.88269189338
 30
0.0
 11
6302.498158634305
 21
5735.88269189338
 31
0.0
  0
LINE
  5
10F
330
17
100
AcDbEntity
  8
Hachura
 62
7
370
25
100
AcDbLine
 10
6305.851755425168
 20
5735.814975036052
 30
0.0
 11
6302.498158634305
 21
5735.814975036052
 31
0.0
  0
LINE
  5
110
330
17
100
AcDbEntity
  8
Hachura
 62
7
370
25
100
AcDbLine
 10
6302.240189686673
 20
5732.658079619211
 30
0.0
 11
6306.109724415678
 21
5732.658079619211
 31
0.0
  0
LINE
  5
111
330
17
100
AcDbEntity
  8
Hachura
 62
7
370
25
100
AcDbLine
 10
6297.725732502837
 20
5730.078389799875
 30
0.0
 11
6310.624181599515
 21
5730.078389799875
 31
0.0
  0
LINE
  5
112
330
17
100
AcDbEntity
  8
Hachura
 62
7
370
25
100
AcDbLine
 10
6310.624181599515
 20
5729.175498365251
 30
0.0
 11
6297.72927426723
 21
5729.175498365251
 31
0.0
  0
LINE
  5
113
330
17
100
AcDbEntity
  8
Hachura
 62
7
370
25
100
AcDbLine
 10
6303.5300345963415
 20
5735.88269189338
 30
0.0
 11
6303.5300345963415
 21
5732.658079619211
 31
0.0
  0
LINE
  5
114
330
17
100
AcDbEntity
  8
Hachura
 62
7
370
25
100
AcDbLine
 10
6302.498158634305
 20
5735.88269189338
 30
0.0
 11
6302.498158634305
 21
5732.658079619211
 31
0.0
  0
LINE
  5
115
330
17
100
AcDbEntity
  8
Hachura
 62
7
370
25
100
AcDbLine
 10
6304.174957051176
 20
5730.078389799875
 30
0.0
 11
6302.240189686673
 21
5730.078389799875
 31
0.0
  0
LINE
  5
116
330
17
100
AcDbEntity
  8
Hachura
 62
7
370
25
100
AcDbLine
 10
6302.885112141507
 20
5730.078389799875
 30
0.0
 11
6303.5300345963415
 21
5730.078389799875
 31
0.0
  0
LINE
  5
117
330
17
100
AcDbEntity
  8
Hachura
 62
7
370
25
100
AcDbLine
 10
6304.169316688814
 20
5730.078389799875
 30
0.0
 11
6304.169316688814
 21
5729.175498365251
 31
0.0
  0
LINE
  5
118
330
17
100
AcDbEntity
  8
Hachura
 62
7
370
25
100
AcDbLine
 10
6303.862774997466
 20
5730.078389799875
 30
0.0
 11
6303.862774997466
 21
5732.077548989333
 31
0.0
  0
LINE
  5
119
330
17
100
AcDbEntity
  8
Hachura
 62
7
370
25
100
AcDbLine
 10
6304.378712978485
 20
5732.077548989333
 30
0.0
 11
6304.378712978485
 21
5730.078389799875
 31
0.0
  0
LINE
  5
11A
330
17
100
AcDbEntity
  8
Hachura
 62
7
370
25
100
AcDbLine
 10
6301.135080427443
 20
5730.096664356943
 30
0.0
 11
6301.135080427443
 21
5729.169441681861
 31
0.0
  0
LINE
  5
11B
330
17
100
AcDbEntity
  8
Hachura
 62
7
370
25
100
AcDbLine
 10
6303.215341418428
 20
5729.325544243174
 30
0.0
 11
6303.215341418428
 21
5729.758612048893
 31
0.0
  0
LINE
  5
11C
330
17
100
AcDbEntity
  8
Hachura
 62
7
370
25
100
AcDbLine
 10
6302.240189686673
 20
5730.078389799875
 30
0.0
 11
6302.240189686673
 21
5732.658079619211
 31
0.0
  0
LINE
  5
11D
330
17
100
AcDbEntity
  8
Hachura
 62
7
370
25
100
AcDbLine
 10
6303.215341418428
 20
5729.758612048893
 30
0.0
 11
6303.215341418428
 21
5729.970466698008
 31
0.0
  0
LINE
  5
11E
330
17
100
AcDbEntity
  8
Hachura
 62
7
370
25
100
AcDbLine
 10
6297.72927426723
 20
5729.175498365251
 30
0.0
 11
6297.72927426723
 21
5734.312166947337
 31
0.0
  0
LINE
  5
11F
330
17
100
AcDbEntity
  8
Hachura
 62
7
370
25
100
AcDbLine
 10
6299.40253087683
 20
5734.334878003923
 30
0.0
 11
6299.984190950884
 21
5732.12456968607
 31
0.0
  0
LINE
  5
120
330
17
100
AcDbEntity
  8
Hachura
 62
7
370
25
100
AcDbLine
 10
6297.725732502837
 20
5734.334878003923
 30
0.0
 11
6299.40253087683
 21
5734.334878003923
 31
0.0
  0
LINE
  5
121
330
17
100
AcDbEntity
  8
Hachura
 62
7
370
25
100
AcDbLine
 10
6300.296034989257
 20
5731.884172679841
 30
0.0
 11
6302.240189686673
 21
5731.884172679841
 31
0.0
  0
LINE
  5
122
330
17
100
AcDbEntity
  8
Hachura
 62
7
370
25
100
AcDbLine
 10
6297.725732502837
 20
5730.078389799875
 30
0.0
 11
6302.885112141507
 21
5730.078389799875
 31
0.0
  0
LINE
  5
123
330
17
100
AcDbEntity
  8
Hachura
 62
7
370
25
100
AcDbLine
 10
6308.947383182644
 20
5734.334878003923
 30
0.0
 11
6308.36572310859
 21
5732.12456968607
 31
0.0
  0
LINE
  5
124
330
17
100
AcDbEntity
  8
Hachura
 62
7
370
25
100
AcDbLine
 10
6305.851755425168
 20
5732.658079619211
 30
0.0
 11
6305.851755425168
 21
5735.88269189338
 31
0.0
  0
LINE
  5
125
330
17
100
AcDbEntity
  8
Hachura
 62
7
370
25
100
AcDbLine
 10
6305.077848453641
 20
5735.88269189338
 30
0.0
 11
6305.077848453641
 21
5732.658079619211
 31
0.0
  0
LINE
  5
126
330
17
100
AcDbEntity
  8
Hachura
 62
7
370
25
100
AcDbLine
 10
6307.201095021654
 20
5730.096664356943
 30
0.0
 11
6307.201095021654
 21
5729.175498365251
 31
0.0
  0
LINE
  5
127
330
17
100
AcDbEntity
  8
Hachura
 62
7
370
25
100
AcDbLine
 10
6305.15010878293
 20
5729.952088781055
 30
0.0
 11
6305.15010878293
 21
5729.519020986057
 31
0.0
  0
LINE
  5
128
330
17
100
AcDbEntity
  8
Hachura
 62
7
370
25
100
AcDbLine
 10
6308.633348626518
 20
5730.096664356943
 30
0.0
 11
6308.633348626518
 21
5729.169441681861
 31
0.0
  0
LINE
  5
129
330
17
100
AcDbEntity
  8
Hachura
 62
7
370
25
100
AcDbLine
 10
6306.109724415678
 20
5732.658079619211
 30
0.0
 11
6306.109724415678
 21
5730.078389799875
 31
0.0
  0
LINE
  5
12A
330
17
100
AcDbEntity
  8
Hachura
 62
7
370
25
100
AcDbLine
 10
6306.109724415678
 20
5732.658079619211
 30
0.0
 11
6305.851755425168
 21
5732.658079619211
 31
0.0
  0
LINE
  5
12B
330
17
100
AcDbEntity
  8
Hachura
 62
7
370
25
100
AcDbLine
 10
6306.109724415678
 20
5732.658079619211
 30
0.0
 11
6305.851755425168
 21
5732.658079619211
 31
0.0
  0
LINE
  5
12C
330
17
100
AcDbEntity
  8
Hachura
 62
7
370
25
100
AcDbLine
 10
6308.053879070214
 20
5731.884172679841
 30
0.0
 11
6306.105842491999
 21
5731.884172679841
 31
0.0
  0
LINE
  5
12D
330
17
100
AcDbEntity
  8
Hachura
 62
7
370
25
100
AcDbLine
 10
6310.624181599515
 20
5730.078389799875
 30
0.0
 11
6310.624181599515
 21
5734.334878003923
 31
0.0
  0
LINE
  5
12E
330
17
100
AcDbEntity
  8
Hachura
 62
7
370
25
100
AcDbLine
 10
6310.624181599515
 20
5730.078389799875
 30
0.0
 11
6310.624181599515
 21
5729.175498365251
 31
0.0
  0
LINE
  5
12F
330
17
100
AcDbEntity
  8
Hachura
 62
7
370
25
100
AcDbLine
 10
6309.475850542721
 20
5730.096664356943
 30
0.0
 11
6309.475850542721
 21
5729.169441681861
 31
0.0
  0
LINE
  5
130
330
17
100
AcDbEntity
  8
Hachura
 62
7
370
25
100
AcDbLine
 10
6309.93922677458
 20
5730.096664356943
 30
0.0
 11
6309.93922677458
 21
5729.169441681861
 31
0.0
  0
LINE
  5
131
330
17
100
AcDbEntity
  8
Hachura
 62
7
370
25
100
AcDbLine
 10
6310.276227506757
 20
5730.096664356943
 30
0.0
 11
6310.276227506757
 21
5729.169441681861
 31
0.0
  0
LINE
  5
132
330
17
100
AcDbEntity
  8
Hachura
 62
7
370
25
100
AcDbLine
 10
6310.486853253802
 20
5730.096664356943
 30
0.0
 11
6310.486853253802
 21
5729.169441681861
 31
0.0
  0
LINE
  5
133
330
17
100
AcDbEntity
  8
Hachura
 62
7
370
25
100
AcDbLine
 10
6310.624181599515
 20
5734.334878003923
 30
0.0
 11
6308.947383182644
 21
5734.334878003923
 31
0.0
  0
LINE
  5
134
330
17
100
AcDbEntity
  8
Hachura
 62
7
370
25
100
AcDbLine
 10
6304.30394150613
 20
5735.88269189338
 30
0.0
 11
6303.036994953165
 21
5736.516165176206
 31
0.0
  0
LINE
  5
135
330
17
100
AcDbEntity
  8
Hachura
 62
7
370
25
100
AcDbLine
 10
6304.045972528312
 20
5735.88269189338
 30
0.0
 11
6303.143081085541
 21
5736.3341376147655
 31
0.0
  0
LINE
  5
136
330
17
100
AcDbEntity
  8
Hachura
 62
7
370
25
100
AcDbLine
 10
6303.14308108554
 20
5735.88269189338
 30
0.0
 11
6303.14308108554
 21
5736.3341376147655
 31
0.0
  0
LINE
  5
137
330
17
100
AcDbEntity
  8
Hachura
 62
7
370
25
100
AcDbLine
 10
6299.720107240227
 20
5730.096664356943
 30
0.0
 11
6299.720107240227
 21
5729.169441681861
 31
0.0
  0
LINE
  5
138
330
17
100
AcDbEntity
  8
Hachura
 62
7
370
25
100
AcDbLine
 10
6298.877605324024
 20
5730.096664356943
 30
0.0
 11
6298.877605324024
 21
5729.169441681861
 31
0.0
  0
LINE
  5
139
330
17
100
AcDbEntity
  8
Hachura
 62
7
370
25
100
AcDbLine
 10
6298.414229092165
 20
5730.096664356943
 30
0.0
 11
6298.414229092165
 21
5729.169441681861
 31
0.0
  0
LINE
  5
13A
330
17
100
AcDbEntity
  8
Hachura
 62
7
370
25
100
AcDbLine
 10
6298.077228359988
 20
5730.096664356943
 30
0.0
 11
6298.077228359988
 21
5729.169441681861
 31
0.0
  0
LINE
  5
13B
330
17
100
AcDbEntity
  8
Hachura
 62
7
370
25
100
AcDbLine
 10
6297.866602612943
 20
5730.096664356943
 30
0.0
 11
6297.866602612943
 21
5729.169441681861
 31
0.0
  0
LINE
  5
13C
330
17
100
AcDbEntity
  8
Hachura
 62
7
370
25
100
AcDbLine
 10
6303.1437033533075
 20
5589.179200393209
 30
0.0
 11
6303.1437033533075
 21
5588.5342779383745
 31
0.0
  0
LINE
  5
13D
330
17
100
AcDbEntity
  8
Hachura
 62
7
370
25
100
AcDbLine
 10
6303.1437033533075
 20
5588.018339978794
 30
0.0
 11
6305.07847071781
 21
5588.985723661048
 31
0.0
  0
LINE
  5
13E
330
17
100
AcDbEntity
  8
Hachura
 62
7
370
25
100
AcDbLine
 10
6303.071020022461
 20
5588.110982819347
 30
0.0
 11
6305.236632780019
 21
5589.193789155247
 31
0.0
  0
LINE
  5
13F
330
17
100
AcDbEntity
  8
Hachura
 62
7
370
25
100
AcDbLine
 10
6305.178194889597
 20
5589.422539232704
 30
0.0
 11
6303.037617220932
 21
5588.352250376933
 31
0.0
  0
LINE
  5
140
330
17
100
AcDbEntity
  8
Hachura
 62
7
370
25
100
AcDbLine
 10
6305.07847071781
 20
5589.501661620623
 30
0.0
 11
6303.1437033533075
 21
5588.5342779383745
 31
0.0
  0
LINE
  5
141
330
17
100
AcDbEntity
  8
Hachura
 62
7
370
25
100
AcDbLine
 10
6305.07847071781
 20
5590.146584075457
 30
0.0
 11
6305.07847071781
 21
5589.501661620623
 31
0.0
  0
LINE
  5
142
330
17
100
AcDbEntity
  8
Hachura
 62
7
370
25
100
AcDbLine
 10
6305.07847071781
 20
5591.82338246017
 30
0.0
 11
6305.07847071781
 21
5592.468304915004
 31
0.0
  0
LINE
  5
143
330
17
100
AcDbEntity
  8
Hachura
 62
7
370
25
100
AcDbLine
 10
6305.07847071781
 20
5590.8743766948755
 30
0.0
 11
6305.07847071781
 21
5590.66252204576
 31
0.0
  0
LINE
  5
144
330
17
100
AcDbEntity
  8
Hachura
 62
7
370
25
100
AcDbLine
 10
6305.07847071781
 20
5590.8743766948755
 30
0.0
 11
6305.07847071781
 21
5591.30744450059
 31
0.0
  0
LINE
  5
145
330
17
100
AcDbEntity
  8
Hachura
 62
7
370
25
100
AcDbLine
 10
6303.1437033533075
 20
5590.34006081834
 30
0.0
 11
6303.1437033533075
 21
5589.695138363506
 31
0.0
  0
LINE
  5
146
330
17
100
AcDbEntity
  8
Hachura
 62
7
370
25
100
AcDbLine
 10
6303.1437033533075
 20
5591.500921232755
 30
0.0
 11
6303.1437033533075
 21
5590.855998777921
 31
0.0
  0
LINE
  5
147
330
17
100
AcDbEntity
  8
Hachura
 62
7
370
25
100
AcDbLine
 10
6303.1437033533075
 20
5589.179200393209
 30
0.0
 11
6305.07847071781
 21
5590.146584075457
 31
0.0
  0
LINE
  5
148
330
17
100
AcDbEntity
  8
Hachura
 62
7
370
25
100
AcDbLine
 10
6303.071020022461
 20
5589.271843244478
 30
0.0
 11
6305.236632780019
 21
5590.3546495803785
 31
0.0
  0
LINE
  5
149
330
17
100
AcDbEntity
  8
Hachura
 62
7
370
25
100
AcDbLine
 10
6305.178194889597
 20
5590.583399647115
 30
0.0
 11
6303.037617220932
 21
5589.513110802065
 31
0.0
  0
LINE
  5
14A
330
17
100
AcDbEntity
  8
Hachura
 62
7
370
25
100
AcDbLine
 10
6305.07847071781
 20
5590.66252204576
 30
0.0
 11
6303.1437033533075
 21
5589.695138363506
 31
0.0
  0
LINE
  5
14B
330
17
100
AcDbEntity
  8
Hachura
 62
7
370
25
100
AcDbLine
 10
6303.1437033533075
 20
5591.500921232755
 30
0.0
 11
6305.07847071781
 21
5592.468304915004
 31
0.0
  0
LINE
  5
14C
330
17
100
AcDbEntity
  8
Hachura
 62
7
370
25
100
AcDbLine
 10
6303.1437033533075
 20
5590.34006081834
 30
0.0
 11
6305.07847071781
 21
5591.30744450059
 31
0.0
  0
LINE
  5
14D
330
17
100
AcDbEntity
  8
Hachura
 62
7
370
25
100
AcDbLine
 10
6303.071020022461
 20
5590.432703658893
 30
0.0
 11
6305.236632780019
 21
5591.515509994793
 31
0.0
  0
LINE
  5
14E
330
17
100
AcDbEntity
  8
Hachura
 62
7
370
25
100
AcDbLine
 10
6305.178194889597
 20
5591.744260061529
 30
0.0
 11
6303.037617220932
 21
5590.673971216479
 31
0.0
  0
LINE
  5
14F
330
17
100
AcDbEntity
  8
Hachura
 62
7
370
25
100
AcDbLine
 10
6305.07847071781
 20
5591.82338246017
 30
0.0
 11
6303.1437033533075
 21
5590.855998777921
 31
0.0
  0
LINE
  5
150
330
17
100
AcDbEntity
  8
Hachura
 62
7
370
25
100
AcDbLine
 10
6304.820709047375
 20
5587.695982389975
 30
0.0
 11
6305.07847071781
 21
5587.824863246633
 31
0.0
  0
LINE
  5
151
330
17
100
AcDbEntity
  8
Hachura
 62
7
370
25
100
AcDbLine
 10
6304.562740056866
 20
5587.695982389975
 30
0.0
 11
6305.236632780019
 21
5588.032928751554
 31
0.0
  0
LINE
  5
152
330
17
100
AcDbEntity
  8
Hachura
 62
7
370
25
100
AcDbLine
 10
6305.07847071781
 20
5587.824863246633
 30
0.0
 11
6305.07847071781
 21
5587.695982389975
 31
0.0
  0
LINE
  5
153
330
17
100
AcDbEntity
  8
Hachura
 62
7
370
25
100
AcDbLine
 10
6305.07667893209
 20
5587.697592486558
 30
0.0
 11
6304.754217704673
 21
5587.3751312377
 31
0.0
  0
LINE
  5
154
330
17
100
AcDbEntity
  8
Hachura
 62
7
370
25
100
AcDbLine
 10
6305.07847071781
 20
5588.340801206214
 30
0.0
 11
6305.07847071781
 21
5588.985723661048
 31
0.0
  0
LINE
  5
155
330
17
100
AcDbEntity
  8
Hachura
 62
7
370
25
100
AcDbLine
 10
6303.1437033533075
 20
5588.018339978794
 30
0.0
 11
6303.1437033533075
 21
5587.695982389975
 31
0.0
  0
LINE
  5
156
330
17
100
AcDbEntity
  8
Hachura
 62
7
370
25
100
AcDbLine
 10
6303.141826066816
 20
5587.69759246512
 30
0.0
 11
6303.141826066816
 21
5587.697669883193
 31
0.0
  0
LINE
  5
157
330
17
100
AcDbEntity
  8
Hachura
 62
7
370
25
100
AcDbLine
 10
6303.141826066816
 20
5587.69759246512
 30
0.0
 11
6303.464372795004
 21
5587.3751312377
 31
0.0
  0
LINE
  5
158
330
17
100
AcDbEntity
  8
Hachura
 62
7
370
25
100
AcDbLine
 10
6303.1437033533075
 20
5589.906993023344
 30
0.0
 11
6303.1437033533075
 21
5589.695138374228
 31
0.0
  0
LINE
  5
159
330
17
100
AcDbEntity
  8
Hachura
 62
7
370
25
100
AcDbLine
 10
6305.178194889597
 20
5588.2616788182895
 30
0.0
 11
6304.046802075848
 21
5587.695982389975
 31
0.0
  0
LINE
  5
15A
330
17
100
AcDbEntity
  8
Hachura
 62
7
370
25
100
AcDbLine
 10
6305.07847071781
 20
5588.340801206214
 30
0.0
 11
6303.788833128217
 21
5587.695982389975
 31
0.0
  0
LINE
  5
15B
330
17
100
AcDbEntity
  8
Hachura
 62
7
370
25
100
AcDbLine
 10
6303.464372795004
 20
5587.3751312377
 30
0.0
 11
6304.754217704673
 21
5587.3751312377
 31
0.0
  0
LINE
  5
15C
330
17
100
AcDbEntity
  8
Hachura
 62
7
370
25
100
AcDbLine
 10
6303.1437033533075
 20
5588.018339978794
 30
0.0
 11
6305.07847071781
 21
5588.985723661048
 31
0.0
  0
LINE
  5
15D
330
17
100
AcDbEntity
  8
Hachura
 62
7
370
25
100
AcDbLine
 10
6305.07667893209
 20
5587.697592486558
 30
0.0
 11
6303.141911567587
 21
5587.697592486558
 31
0.0
  0
LINE
  5
15E
330
17
100
AcDbEntity
  8
Hachura
 62
7
370
25
100
AcDbLine
 10
6309.672034209934
 20
5599.175498443134
 30
0.0
 11
6301.857372465303
 21
5599.175498443134
 31
0.0
  0
LINE
  5
15F
330
17
100
AcDbEntity
  8
Hachura
 62
7
370
25
100
AcDbLine
 10
6305.852377689337
 20
5592.468304915004
 30
0.0
 11
6302.498780898473
 21
5592.468304915004
 31
0.0
  0
LINE
  5
160
330
17
100
AcDbEntity
  8
Hachura
 62
7
370
25
100
AcDbLine
 10
6305.852377689337
 20
5592.536021772333
 30
0.0
 11
6302.498780898473
 21
5592.536021772333
 31
0.0
  0
LINE
  5
161
330
17
100
AcDbEntity
  8
Hachura
 62
7
370
25
100
AcDbLine
 10
6302.240811950842
 20
5595.692917189173
 30
0.0
 11
6306.110346679847
 21
5595.692917189173
 31
0.0
  0
LINE
  5
162
330
17
100
AcDbEntity
  8
Hachura
 62
7
370
25
100
AcDbLine
 10
6297.726354767005
 20
5598.272607008509
 30
0.0
 11
6310.624803863684
 21
5598.272607008509
 31
0.0
  0
LINE
  5
163
330
17
100
AcDbEntity
  8
Hachura
 62
7
370
25
100
AcDbLine
 10
6310.624803863684
 20
5599.175498443134
 30
0.0
 11
6297.7298965313985
 21
5599.175498443134
 31
0.0
  0
LINE
  5
164
330
17
100
AcDbEntity
  8
Hachura
 62
7
370
25
100
AcDbLine
 10
6303.53065686051
 20
5592.468304915004
 30
0.0
 11
6303.53065686051
 21
5595.692917189173
 31
0.0
  0
LINE
  5
165
330
17
100
AcDbEntity
  8
Hachura
 62
7
370
25
100
AcDbLine
 10
6302.498780898473
 20
5592.468304915004
 30
0.0
 11
6302.498780898473
 21
5595.692917189173
 31
0.0
  0
LINE
  5
166
330
17
100
AcDbEntity
  8
Hachura
 62
7
370
25
100
AcDbLine
 10
6304.175579315344
 20
5598.272607008509
 30
0.0
 11
6302.240811950842
 21
5598.272607008509
 31
0.0
  0
LINE
  5
167
330
17
100
AcDbEntity
  8
Hachura
 62
7
370
25
100
AcDbLine
 10
6302.885734405676
 20
5598.272607008509
 30
0.0
 11
6303.53065686051
 21
5598.272607008509
 31
0.0
  0
LINE
  5
168
330
17
100
AcDbEntity
  8
Hachura
 62
7
370
25
100
AcDbLine
 10
6304.169938952983
 20
5598.272607008509
 30
0.0
 11
6304.169938952983
 21
5599.175498443134
 31
0.0
  0
LINE
  5
169
330
17
100
AcDbEntity
  8
Hachura
 62
7
370
25
100
AcDbLine
 10
6303.863397261634
 20
5598.272607008509
 30
0.0
 11
6303.863397261634
 21
5596.273447819051
 31
0.0
  0
LINE
  5
16A
330
17
100
AcDbEntity
  8
Hachura
 62
7
370
25
100
AcDbLine
 10
6304.379335242654
 20
5596.273447819051
 30
0.0
 11
6304.379335242654
 21
5598.272607008509
 31
0.0
  0
LINE
  5
16B
330
17
100
AcDbEntity
  8
Hachura
 62
7
370
25
100
AcDbLine
 10
6301.135702691612
 20
5598.254332451442
 30
0.0
 11
6301.135702691612
 21
5599.181555126524
 31
0.0
  0
LINE
  5
16C
330
17
100
AcDbEntity
  8
Hachura
 62
7
370
25
100
AcDbLine
 10
6303.215963682596
 20
5599.025452565211
 30
0.0
 11
6303.215963682596
 21
5598.592384759491
 31
0.0
  0
LINE
  5
16D
330
17
100
AcDbEntity
  8
Hachura
 62
7
370
25
100
AcDbLine
 10
6302.240811950842
 20
5598.272607008509
 30
0.0
 11
6302.240811950842
 21
5595.692917189173
 31
0.0
  0
LINE
  5
16E
330
17
100
AcDbEntity
  8
Hachura
 62
7
370
25
100
AcDbLine
 10
6303.215963682596
 20
5598.592384759491
 30
0.0
 11
6303.215963682596
 21
5598.380530110377
 31
0.0
  0
LINE
  5
16F
330
17
100
AcDbEntity
  8
Hachura
 62
7
370
25
100
AcDbLine
 10
6297.7298965313985
 20
5599.175498443134
 30
0.0
 11
6297.7298965313985
 21
5594.038829861048
 31
0.0
  0
LINE
  5
170
330
17
100
AcDbEntity
  8
Hachura
 62
7
370
25
100
AcDbLine
 10
6299.403153140998
 20
5594.016118804461
 30
0.0
 11
6299.984813215053
 21
5596.226427122315
 31
0.0
  0
LINE
  5
171
330
17
100
AcDbEntity
  8
Hachura
 62
7
370
25
100
AcDbLine
 10
6297.726354767005
 20
5594.016118804461
 30
0.0
 11
6299.403153140998
 21
5594.016118804461
 31
0.0
  0
LINE
  5
172
330
17
100
AcDbEntity
  8
Hachura
 62
7
370
25
100
AcDbLine
 10
6300.296657253426
 20
5596.4668241285435
 30
0.0
 11
6302.240811950842
 21
5596.4668241285435
 31
0.0
  0
LINE
  5
173
330
17
100
AcDbEntity
  8
Hachura
 62
7
370
25
100
AcDbLine
 10
6297.726354767005
 20
5598.272607008509
 30
0.0
 11
6302.885734405676
 21
5598.272607008509
 31
0.0
  0
LINE
  5
174
330
17
100
AcDbEntity
  8
Hachura
 62
7
370
25
100
AcDbLine
 10
6308.948005446813
 20
5594.016118804461
 30
0.0
 11
6308.366345372759
 21
5596.226427122315
 31
0.0
  0
LINE
  5
175
330
17
100
AcDbEntity
  8
Hachura
 62
7
370
25
100
AcDbLine
 10
6305.852377689337
 20
5595.692917189173
 30
0.0
 11
6305.852377689337
 21
5592.468304915004
 31
0.0
  0
LINE
  5
176
330
17
100
AcDbEntity
  8
Hachura
 62
7
370
25
100
AcDbLine
 10
6305.07847071781
 20
5592.468304915004
 30
0.0
 11
6305.07847071781
 21
5595.692917189173
 31
0.0
  0
LINE
  5
177
330
17
100
AcDbEntity
  8
Hachura
 62
7
370
25
100
AcDbLine
 10
6307.201717285822
 20
5598.254332451442
 30
0.0
 11
6307.201717285822
 21
5599.175498443134
 31
0.0
  0
LINE
  5
178
330
17
100
AcDbEntity
  8
Hachura
 62
7
370
25
100
AcDbLine
 10
6305.150731047099
 20
5598.3989080273295
 30
0.0
 11
6305.150731047099
 21
5598.831975822328
 31
0.0
  0
LINE
  5
179
330
17
100
AcDbEntity
  8
Hachura
 62
7
370
25
100
AcDbLine
 10
6308.633970890687
 20
5598.254332451442
 30
0.0
 11
6308.633970890687
 21
5599.181555126524
 31
0.0
  0
LINE
  5
17A
330
17
100
AcDbEntity
  8
Hachura
 62
7
370
25
100
AcDbLine
 10
6306.110346679847
 20
5595.692917189173
 30
0.0
 11
6306.110346679847
 21
5598.272607008509
 31
0.0
  0
LINE
  5
17B
330
17
100
AcDbEntity
  8
Hachura
 62
7
370
25
100
AcDbLine
 10
6306.110346679847
 20
5595.692917189173
 30
0.0
 11
6305.852377689337
 21
5595.692917189173
 31
0.0
  0
LINE
  5
17C
330
17
100
AcDbEntity
  8
Hachura
 62
7
370
25
100
AcDbLine
 10
6306.110346679847
 20
5595.692917189173
 30
0.0
 11
6305.852377689337
 21
5595.692917189173
 31
0.0
  0
LINE
  5
17D
330
17
100
AcDbEntity
  8
Hachura
 62
7
370
25
100
AcDbLine
 10
6308.054501334383
 20
5596.4668241285435
 30
0.0
 11
6306.106464756168
 21
5596.4668241285435
 31
0.0
  0
LINE
  5
17E
330
17
100
AcDbEntity
  8
Hachura
 62
7
370
25
100
AcDbLine
 10
6310.624803863684
 20
5598.272607008509
 30
0.0
 11
6310.624803863684
 21
5594.016118804461
 31
0.0
  0
LINE
  5
17F
330
17
100
AcDbEntity
  8
Hachura
 62
7
370
25
100
AcDbLine
 10
6310.624803863684
 20
5598.272607008509
 30
0.0
 11
6310.624803863684
 21
5599.175498443134
 31
0.0
  0
LINE
  5
180
330
17
100
AcDbEntity
  8
Hachura
 62
7
370
25
100
AcDbLine
 10
6309.476472806889
 20
5598.254332451442
 30
0.0
 11
6309.476472806889
 21
5599.181555126524
 31
0.0
  0
LINE
  5
181
330
17
100
AcDbEntity
  8
Hachura
 62
7
370
25
100
AcDbLine
 10
6309.939849038748
 20
5598.254332451442
 30
0.0
 11
6309.939849038748
 21
5599.181555126524
 31
0.0
  0
LINE
  5
182
330
17
100
AcDbEntity
  8
Hachura
 62
7
370
25
100
AcDbLine
 10
6310.276849770926
 20
5598.254332451442
 30
0.0
 11
6310.276849770926
 21
5599.181555126524
 31
0.0
  0
LINE
  5
183
330
17
100
AcDbEntity
  8
Hachura
 62
7
370
25
100
AcDbLine
 10
6310.487475517971
 20
5598.254332451442
 30
0.0
 11
6310.487475517971
 21
5599.181555126524
 31
0.0
  0
LINE
  5
184
330
17
100
AcDbEntity
  8
Hachura
 62
7
370
25
100
AcDbLine
 10
6310.624803863684
 20
5594.016118804461
 30
0.0
 11
6308.948005446813
 21
5594.016118804461
 31
0.0
  0
LINE
  5
185
330
17
100
AcDbEntity
  8
Hachura
 62
7
370
25
100
AcDbLine
 10
6304.304563770299
 20
5592.468304915004
 30
0.0
 11
6303.037617217334
 21
5591.834831632178
 31
0.0
  0
LINE
  5
186
330
17
100
AcDbEntity
  8
Hachura
 62
7
370
25
100
AcDbLine
 10
6304.04659479248
 20
5592.468304915004
 30
0.0
 11
6303.1437033497095
 21
5592.016859193619
 31
0.0
  0
LINE
  5
187
330
17
100
AcDbEntity
  8
Hachura
 62
7
370
25
100
AcDbLine
 10
6303.143703349709
 20
5592.468304915004
 30
0.0
 11
6303.143703349709
 21
5592.016859193619
 31
0.0
  0
LINE
  5
188
330
17
100
AcDbEntity
  8
Hachura
 62
7
370
25
100
AcDbLine
 10
6299.720729504395
 20
5598.254332451442
 30
0.0
 11
6299.720729504395
 21
5599.181555126524
 31
0.0
  0
LINE
  5
189
330
17
100
AcDbEntity
  8
Hachura
 62
7
370
25
100
AcDbLine
 10
6298.878227588193
 20
5598.254332451442
 30
0.0
 11
6298.878227588193
 21
5599.181555126524
 31
0.0
  0
LINE
  5
18A
330
17
100
AcDbEntity
  8
Hachura
 62
7
370
25
100
AcDbLine
 10
6298.414851356334
 20
5598.254332451442
 30
0.0
 11
6298.414851356334
 21
5599.181555126524
 31
0.0
  0
LINE
  5
18B
330
17
100
AcDbEntity
  8
Hachura
 62
7
370
25
100
AcDbLine
 10
6298.077850624157
 20
5598.254332451442
 30
0.0
 11
6298.077850624157
 21
5599.181555126524
 31
0.0
  0
LINE
  5
18C
330
17
100
AcDbEntity
  8
Hachura
 62
7
370
25
100
AcDbLine
 10
6297.867224877112
 20
5598.254332451442
 30
0.0
 11
6297.867224877112
 21
5599.181555126524
 31
0.0
  0
LINE
  5
18D
330
17
100
AcDbEntity
  8
Hachura
 62
7
370
25
100
AcDbLine
 10
6304.176467516663
 20
5739.975865570656
 30
0.0
 11
6304.167926305818
 21
5592.175498443133
 31
0.0
  0
LINE
  5
18E
330
17
100
AcDbEntity
  8
Hachura
 62
7
370
25
100
AcDbLine
 10
6397.143387062598
 20
5739.171796415176
 30
0.0
 11
6397.143387062598
 21
5739.81671887001
 31
0.0
  0
LINE
  5
18F
330
17
100
AcDbEntity
  8
Hachura
 62
7
370
25
100
AcDbLine
 10
6397.143387062598
 20
5740.332656829591
 30
0.0
 11
6399.0781544271
 21
5739.365273147337
 31
0.0
  0
LINE
  5
190
330
17
100
AcDbEntity
  8
Hachura
 62
7
370
25
100
AcDbLine
 10
6397.070703731752
 20
5740.240013989038
 30
0.0
 11
6399.2363164893095
 21
5739.157207653137
 31
0.0
  0
LINE
  5
191
330
17
100
AcDbEntity
  8
Hachura
 62
7
370
25
100
AcDbLine
 10
6399.177878598887
 20
5738.92845757568
 30
0.0
 11
6397.037300930222
 21
5739.998746431452
 31
0.0
  0
LINE
  5
192
330
17
100
AcDbEntity
  8
Hachura
 62
7
370
25
100
AcDbLine
 10
6399.0781544271
 20
5738.849335187761
 30
0.0
 11
6397.143387062598
 21
5739.81671887001
 31
0.0
  0
LINE
  5
193
330
17
100
AcDbEntity
  8
Hachura
 62
7
370
25
100
AcDbLine
 10
6399.0781544271
 20
5738.204412732927
 30
0.0
 11
6399.0781544271
 21
5738.849335187761
 31
0.0
  0
LINE
  5
194
330
17
100
AcDbEntity
  8
Hachura
 62
7
370
25
100
AcDbLine
 10
6399.0781544271
 20
5736.527614348214
 30
0.0
 11
6399.0781544271
 21
5735.88269189338
 31
0.0
  0
LINE
  5
195
330
17
100
AcDbEntity
  8
Hachura
 62
7
370
25
100
AcDbLine
 10
6399.0781544271
 20
5737.476620113509
 30
0.0
 11
6399.0781544271
 21
5737.6884747626245
 31
0.0
  0
LINE
  5
196
330
17
100
AcDbEntity
  8
Hachura
 62
7
370
25
100
AcDbLine
 10
6399.0781544271
 20
5737.476620113509
 30
0.0
 11
6399.0781544271
 21
5737.043552307795
 31
0.0
  0
LINE
  5
197
330
17
100
AcDbEntity
  8
Hachura
 62
7
370
25
100
AcDbLine
 10
6397.143387062598
 20
5738.010935990044
 30
0.0
 11
6397.143387062598
 21
5738.6558584448785
 31
0.0
  0
LINE
  5
198
330
17
100
AcDbEntity
  8
Hachura
 62
7
370
25
100
AcDbLine
 10
6397.143387062598
 20
5736.8500755756295
 30
0.0
 11
6397.143387062598
 21
5737.494998030464
 31
0.0
  0
LINE
  5
199
330
17
100
AcDbEntity
  8
Hachura
 62
7
370
25
100
AcDbLine
 10
6397.143387062598
 20
5739.171796415176
 30
0.0
 11
6399.0781544271
 21
5738.204412732927
 31
0.0
  0
LINE
  5
19A
330
17
100
AcDbEntity
  8
Hachura
 62
7
370
25
100
AcDbLine
 10
6397.070703731752
 20
5739.079153563906
 30
0.0
 11
6399.2363164893095
 21
5737.996347228006
 31
0.0
  0
LINE
  5
19B
330
17
100
AcDbEntity
  8
Hachura
 62
7
370
25
100
AcDbLine
 10
6399.177878598887
 20
5737.76759716127
 30
0.0
 11
6397.037300930222
 21
5738.837886006319
 31
0.0
  0
LINE
  5
19C
330
17
100
AcDbEntity
  8
Hachura
 62
7
370
25
100
AcDbLine
 10
6399.0781544271
 20
5737.6884747626245
 30
0.0
 11
6397.143387062598
 21
5738.6558584448785
 31
0.0
  0
LINE
  5
19D
330
17
100
AcDbEntity
  8
Hachura
 62
7
370
25
100
AcDbLine
 10
6397.143387062598
 20
5736.8500755756295
 30
0.0
 11
6399.0781544271
 21
5735.88269189338
 31
0.0
  0
LINE
  5
19E
330
17
100
AcDbEntity
  8
Hachura
 62
7
370
25
100
AcDbLine
 10
6397.143387062598
 20
5738.010935990044
 30
0.0
 11
6399.0781544271
 21
5737.043552307795
 31
0.0
  0
LINE
  5
19F
330
17
100
AcDbEntity
  8
Hachura
 62
7
370
25
100
AcDbLine
 10
6397.070703731752
 20
5737.918293149492
 30
0.0
 11
6399.2363164893095
 21
5736.835486813591
 31
0.0
  0
LINE
  5
1A0
330
17
100
AcDbEntity
  8
Hachura
 62
7
370
25
100
AcDbLine
 10
6399.177878598887
 20
5736.606736746856
 30
0.0
 11
6397.037300930222
 21
5737.6770255919055
 31
0.0
  0
LINE
  5
1A1
330
17
100
AcDbEntity
  8
Hachura
 62
7
370
25
100
AcDbLine
 10
6399.0781544271
 20
5736.527614348214
 30
0.0
 11
6397.143387062598
 21
5737.494998030464
 31
0.0
  0
LINE
  5
1A2
330
17
100
AcDbEntity
  8
Hachura
 62
7
370
25
100
AcDbLine
 10
6398.820392756666
 20
5740.655014418409
 30
0.0
 11
6399.0781544271
 21
5740.5261335617515
 31
0.0
  0
LINE
  5
1A3
330
17
100
AcDbEntity
  8
Hachura
 62
7
370
25
100
AcDbLine
 10
6398.562423766156
 20
5740.655014418409
 30
0.0
 11
6399.2363164893095
 21
5740.31806805683
 31
0.0
  0
LINE
  5
1A4
330
17
100
AcDbEntity
  8
Hachura
 62
7
370
25
100
AcDbLine
 10
6399.0781544271
 20
5740.5261335617515
 30
0.0
 11
6399.0781544271
 21
5740.655014418409
 31
0.0
  0
LINE
  5
1A5
330
17
100
AcDbEntity
  8
Hachura
 62
7
370
25
100
AcDbLine
 10
6399.07636264138
 20
5740.653404321826
 30
0.0
 11
6398.753901413963
 21
5740.975865570685
 31
0.0
  0
LINE
  5
1A6
330
17
100
AcDbEntity
  8
Hachura
 62
7
370
25
100
AcDbLine
 10
6399.0781544271
 20
5740.010195602171
 30
0.0
 11
6399.0781544271
 21
5739.365273147337
 31
0.0
  0
LINE
  5
1A7
330
17
100
AcDbEntity
  8
Hachura
 62
7
370
25
100
AcDbLine
 10
6397.143387062598
 20
5740.332656829591
 30
0.0
 11
6397.143387062598
 21
5740.655014418409
 31
0.0
  0
LINE
  5
1A8
330
17
100
AcDbEntity
  8
Hachura
 62
7
370
25
100
AcDbLine
 10
6397.141509776106
 20
5740.653404343265
 30
0.0
 11
6397.141509776106
 21
5740.653326925191
 31
0.0
  0
LINE
  5
1A9
330
17
100
AcDbEntity
  8
Hachura
 62
7
370
25
100
AcDbLine
 10
6397.141509776106
 20
5740.653404343265
 30
0.0
 11
6397.464056504295
 21
5740.975865570685
 31
0.0
  0
LINE
  5
1AA
330
17
100
AcDbEntity
  8
Hachura
 62
7
370
25
100
AcDbLine
 10
6397.143387062598
 20
5738.444003785041
 30
0.0
 11
6397.143387062598
 21
5738.6558584341565
 31
0.0
  0
LINE
  5
1AB
330
17
100
AcDbEntity
  8
Hachura
 62
7
370
25
100
AcDbLine
 10
6399.177878598887
 20
5740.089317990095
 30
0.0
 11
6398.046485785138
 21
5740.655014418409
 31
0.0
  0
LINE
  5
1AC
330
17
100
AcDbEntity
  8
Hachura
 62
7
370
25
100
AcDbLine
 10
6399.0781544271
 20
5740.010195602171
 30
0.0
 11
6397.788516837508
 21
5740.655014418409
 31
0.0
  0
LINE
  5
1AD
330
17
100
AcDbEntity
  8
Hachura
 62
7
370
25
100
AcDbLine
 10
6397.464056504295
 20
5740.975865570685
 30
0.0
 11
6398.753901413963
 21
5740.975865570685
 31
0.0
  0
LINE
  5
1AE
330
17
100
AcDbEntity
  8
Hachura
 62
7
370
25
100
AcDbLine
 10
6397.143387062598
 20
5740.332656829591
 30
0.0
 11
6399.0781544271
 21
5739.365273147337
 31
0.0
  0
LINE
  5
1AF
330
17
100
AcDbEntity
  8
Hachura
 62
7
370
25
100
AcDbLine
 10
6399.07636264138
 20
5740.653404321826
 30
0.0
 11
6397.1415952768775
 21
5740.653404321826
 31
0.0
  0
LINE
  5
1B0
330
17
100
AcDbEntity
  8
Hachura
 62
7
370
25
100
AcDbLine
 10
6403.671717919225
 20
5729.175498365251
 30
0.0
 11
6395.857056174594
 21
5729.175498365251
 31
0.0
  0
LINE
  5
1B1
330
17
100
AcDbEntity
  8
Hachura
 62
7
370
25
100
AcDbLine
 10
6399.8520613986275
 20
5735.88269189338
 30
0.0
 11
6396.498464607764
 21
5735.88269189338
 31
0.0
  0
LINE
  5
1B2
330
17
100
AcDbEntity
  8
Hachura
 62
7
370
25
100
AcDbLine
 10
6399.8520613986275
 20
5735.814975036052
 30
0.0
 11
6396.498464607764
 21
5735.814975036052
 31
0.0
  0
LINE
  5
1B3
330
17
100
AcDbEntity
  8
Hachura
 62
7
370
25
100
AcDbLine
 10
6396.240495660132
 20
5732.658079619211
 30
0.0
 11
6400.110030389137
 21
5732.658079619211
 31
0.0
  0
LINE
  5
1B4
330
17
100
AcDbEntity
  8
Hachura
 62
7
370
25
100
AcDbLine
 10
6391.726038476296
 20
5730.078389799875
 30
0.0
 11
6404.624487572974
 21
5730.078389799875
 31
0.0
  0
LINE
  5
1B5
330
17
100
AcDbEntity
  8
Hachura
 62
7
370
25
100
AcDbLine
 10
6404.624487572974
 20
5729.175498365251
 30
0.0
 11
6391.729580240689
 21
5729.175498365251
 31
0.0
  0
LINE
  5
1B6
330
17
100
AcDbEntity
  8
Hachura
 62
7
370
25
100
AcDbLine
 10
6397.5303405698005
 20
5735.88269189338
 30
0.0
 11
6397.5303405698005
 21
5732.658079619211
 31
0.0
  0
LINE
  5
1B7
330
17
100
AcDbEntity
  8
Hachura
 62
7
370
25
100
AcDbLine
 10
6396.498464607764
 20
5735.88269189338
 30
0.0
 11
6396.498464607764
 21
5732.658079619211
 31
0.0
  0
LINE
  5
1B8
330
17
100
AcDbEntity
  8
Hachura
 62
7
370
25
100
AcDbLine
 10
6398.175263024635
 20
5730.078389799875
 30
0.0
 11
6396.240495660132
 21
5730.078389799875
 31
0.0
  0
LINE
  5
1B9
330
17
100
AcDbEntity
  8
Hachura
 62
7
370
25
100
AcDbLine
 10
6396.885418114966
 20
5730.078389799875
 30
0.0
 11
6397.5303405698005
 21
5730.078389799875
 31
0.0
  0
LINE
  5
1BA
330
17
100
AcDbEntity
  8
Hachura
 62
7
370
25
100
AcDbLine
 10
6398.1696226622735
 20
5730.078389799875
 30
0.0
 11
6398.1696226622735
 21
5729.175498365251
 31
0.0
  0
LINE
  5
1BB
330
17
100
AcDbEntity
  8
Hachura
 62
7
370
25
100
AcDbLine
 10
6397.863080970925
 20
5730.078389799875
 30
0.0
 11
6397.863080970925
 21
5732.077548989333
 31
0.0
  0
LINE
  5
1BC
330
17
100
AcDbEntity
  8
Hachura
 62
7
370
25
100
AcDbLine
 10
6398.379018951944
 20
5732.077548989333
 30
0.0
 11
6398.379018951944
 21
5730.078389799875
 31
0.0
  0
LINE
  5
1BD
330
17
100
AcDbEntity
  8
Hachura
 62
7
370
25
100
AcDbLine
 10
6395.1353864009025
 20
5730.096664356943
 30
0.0
 11
6395.1353864009025
 21
5729.169441681861
 31
0.0
  0
LINE
  5
1BE
330
17
100
AcDbEntity
  8
Hachura
 62
7
370
25
100
AcDbLine
 10
6397.215647391887
 20
5729.325544243174
 30
0.0
 11
6397.215647391887
 21
5729.758612048893
 31
0.0
  0
LINE
  5
1BF
330
17
100
AcDbEntity
  8
Hachura
 62
7
370
25
100
AcDbLine
 10
6396.240495660132
 20
5730.078389799875
 30
0.0
 11
6396.240495660132
 21
5732.658079619211
 31
0.0
  0
LINE
  5
1C0
330
17
100
AcDbEntity
  8
Hachura
 62
7
370
25
100
AcDbLine
 10
6397.215647391887
 20
5729.758612048893
 30
0.0
 11
6397.215647391887
 21
5729.970466698008
 31
0.0
  0
LINE
  5
1C1
330
17
100
AcDbEntity
  8
Hachura
 62
7
370
25
100
AcDbLine
 10
6391.729580240689
 20
5729.175498365251
 30
0.0
 11
6391.729580240689
 21
5734.312166947337
 31
0.0
  0
LINE
  5
1C2
330
17
100
AcDbEntity
  8
Hachura
 62
7
370
25
100
AcDbLine
 10
6393.402836850289
 20
5734.334878003923
 30
0.0
 11
6393.984496924343
 21
5732.12456968607
 31
0.0
  0
LINE
  5
1C3
330
17
100
AcDbEntity
  8
Hachura
 62
7
370
25
100
AcDbLine
 10
6391.726038476296
 20
5734.334878003923
 30
0.0
 11
6393.402836850289
 21
5734.334878003923
 31
0.0
  0
LINE
  5
1C4
330
17
100
AcDbEntity
  8
Hachura
 62
7
370
25
100
AcDbLine
 10
6394.296340962716
 20
5731.884172679841
 30
0.0
 11
6396.240495660132
 21
5731.884172679841
 31
0.0
  0
LINE
  5
1C5
330
17
100
AcDbEntity
  8
Hachura
 62
7
370
25
100
AcDbLine
 10
6391.726038476296
 20
5730.078389799875
 30
0.0
 11
6396.885418114966
 21
5730.078389799875
 31
0.0
  0
LINE
  5
1C6
330
17
100
AcDbEntity
  8
Hachura
 62
7
370
25
100
AcDbLine
 10
6402.9476891561035
 20
5734.334878003923
 30
0.0
 11
6402.366029082049
 21
5732.12456968607
 31
0.0
  0
LINE
  5
1C7
330
17
100
AcDbEntity
  8
Hachura
 62
7
370
25
100
AcDbLine
 10
6399.8520613986275
 20
5732.658079619211
 30
0.0
 11
6399.8520613986275
 21
5735.88269189338
 31
0.0
  0
LINE
  5
1C8
330
17
100
AcDbEntity
  8
Hachura
 62
7
370
25
100
AcDbLine
 10
6399.0781544271
 20
5735.88269189338
 30
0.0
 11
6399.0781544271
 21
5732.658079619211
 31
0.0
  0
LINE
  5
1C9
330
17
100
AcDbEntity
  8
Hachura
 62
7
370
25
100
AcDbLine
 10
6401.201400995113
 20
5730.096664356943
 30
0.0
 11
6401.201400995113
 21
5729.175498365251
 31
0.0
  0
LINE
  5
1CA
330
17
100
AcDbEntity
  8
Hachura
 62
7
370
25
100
AcDbLine
 10
6399.150414756389
 20
5729.952088781055
 30
0.0
 11
6399.150414756389
 21
5729.519020986057
 31
0.0
  0
LINE
  5
1CB
330
17
100
AcDbEntity
  8
Hachura
 62
7
370
25
100
AcDbLine
 10
6402.6336545999775
 20
5730.096664356943
 30
0.0
 11
6402.6336545999775
 21
5729.169441681861
 31
0.0
  0
LINE
  5
1CC
330
17
100
AcDbEntity
  8
Hachura
 62
7
370
25
100
AcDbLine
 10
6400.110030389137
 20
5732.658079619211
 30
0.0
 11
6400.110030389137
 21
5730.078389799875
 31
0.0
  0
LINE
  5
1CD
330
17
100
AcDbEntity
  8
Hachura
 62
7
370
25
100
AcDbLine
 10
6400.110030389137
 20
5732.658079619211
 30
0.0
 11
6399.8520613986275
 21
5732.658079619211
 31
0.0
  0
LINE
  5
1CE
330
17
100
AcDbEntity
  8
Hachura
 62
7
370
25
100
AcDbLine
 10
6400.110030389137
 20
5732.658079619211
 30
0.0
 11
6399.8520613986275
 21
5732.658079619211
 31
0.0
  0
LINE
  5
1CF
330
17
100
AcDbEntity
  8
Hachura
 62
7
370
25
100
AcDbLine
 10
6402.054185043673
 20
5731.884172679841
 30
0.0
 11
6400.106148465458
 21
5731.884172679841
 31
0.0
  0
LINE
  5
1D0
330
17
100
AcDbEntity
  8
Hachura
 62
7
370
25
100
AcDbLine
 10
6404.624487572974
 20
5730.078389799875
 30
0.0
 11
6404.624487572974
 21
5734.334878003923
 31
0.0
  0
LINE
  5
1D1
330
17
100
AcDbEntity
  8
Hachura
 62
7
370
25
100
AcDbLine
 10
6404.624487572974
 20
5730.078389799875
 30
0.0
 11
6404.624487572974
 21
5729.175498365251
 31
0.0
  0
LINE
  5
1D2
330
17
100
AcDbEntity
  8
Hachura
 62
7
370
25
100
AcDbLine
 10
6403.47615651618
 20
5730.096664356943
 30
0.0
 11
6403.47615651618
 21
5729.169441681861
 31
0.0
  0
LINE
  5
1D3
330
17
100
AcDbEntity
  8
Hachura
 62
7
370
25
100
AcDbLine
 10
6403.939532748039
 20
5730.096664356943
 30
0.0
 11
6403.939532748039
 21
5729.169441681861
 31
0.0
  0
LINE
  5
1D4
330
17
100
AcDbEntity
  8
Hachura
 62
7
370
25
100
AcDbLine
 10
6404.276533480216
 20
5730.096664356943
 30
0.0
 11
6404.276533480216
 21
5729.169441681861
 31
0.0
  0
LINE
  5
1D5
330
17
100
AcDbEntity
  8
Hachura
 62
7
370
25
100
AcDbLine
 10
6404.487159227261
 20
5730.096664356943
 30
0.0
 11
6404.487159227261
 21
5729.169441681861
 31
0.0
  0
LINE
  5
1D6
330
17
100
AcDbEntity
  8
Hachura
 62
7
370
25
100
AcDbLine
 10
6404.624487572974
 20
5734.334878003923
 30
0.0
 11
6402.9476891561035
 21
5734.334878003923
 31
0.0
  0
LINE
  5
1D7
330
17
100
AcDbEntity
  8
Hachura
 62
7
370
25
100
AcDbLine
 10
6398.304247479589
 20
5735.88269189338
 30
0.0
 11
6397.037300926624
 21
5736.516165176206
 31
0.0
  0
LINE
  5
1D8
330
17
100
AcDbEntity
  8
Hachura
 62
7
370
25
100
AcDbLine
 10
6398.046278501771
 20
5735.88269189338
 30
0.0
 11
6397.143387059
 21
5736.3341376147655
 31
0.0
  0
LINE
  5
1D9
330
17
100
AcDbEntity
  8
Hachura
 62
7
370
25
100
AcDbLine
 10
6397.143387058999
 20
5735.88269189338
 30
0.0
 11
6397.143387058999
 21
5736.3341376147655
 31
0.0
  0
LINE
  5
1DA
330
17
100
AcDbEntity
  8
Hachura
 62
7
370
25
100
AcDbLine
 10
6393.720413213686
 20
5730.096664356943
 30
0.0
 11
6393.720413213686
 21
5729.169441681861
 31
0.0
  0
LINE
  5
1DB
330
17
100
AcDbEntity
  8
Hachura
 62
7
370
25
100
AcDbLine
 10
6392.8779112974835
 20
5730.096664356943
 30
0.0
 11
6392.8779112974835
 21
5729.169441681861
 31
0.0
  0
LINE
  5
1DC
330
17
100
AcDbEntity
  8
Hachura
 62
7
370
25
100
AcDbLine
 10
6392.4145350656245
 20
5730.096664356943
 30
0.0
 11
6392.4145350656245
 21
5729.169441681861
 31
0.0
  0
LINE
  5
1DD
330
17
100
AcDbEntity
  8
Hachura
 62
7
370
25
100
AcDbLine
 10
6392.077534333447
 20
5730.096664356943
 30
0.0
 11
6392.077534333447
 21
5729.169441681861
 31
0.0
  0
LINE
  5
1DE
330
17
100
AcDbEntity
  8
Hachura
 62
7
370
25
100
AcDbLine
 10
6391.866908586402
 20
5730.096664356943
 30
0.0
 11
6391.866908586402
 21
5729.169441681861
 31
0.0
  0
LINE
  5
1DF
330
17
100
AcDbEntity
  8
Hachura
 62
7
370
25
100
AcDbLine
 10
6397.1440093267365
 20
5589.179200393209
 30
0.0
 11
6397.1440093267365
 21
5588.5342779383745
 31
0.0
  0
LINE
  5
1E0
330
17
100
AcDbEntity
  8
Hachura
 62
7
370
25
100
AcDbLine
 10
6397.1440093267365
 20
5588.018339978794
 30
0.0
 11
6399.078776691239
 21
5588.985723661048
 31
0.0
  0
LINE
  5
1E1
330
17
100
AcDbEntity
  8
Hachura
 62
7
370
25
100
AcDbLine
 10
6397.07132599589
 20
5588.110982819347
 30
0.0
 11
6399.236938753448
 21
5589.193789155247
 31
0.0
  0
LINE
  5
1E2
330
17
100
AcDbEntity
  8
Hachura
 62
7
370
25
100
AcDbLine
 10
6399.178500863026
 20
5589.422539232704
 30
0.0
 11
6397.037923194361
 21
5588.352250376933
 31
0.0
  0
LINE
  5
1E3
330
17
100
AcDbEntity
  8
Hachura
 62
7
370
25
100
AcDbLine
 10
6399.078776691239
 20
5589.501661620623
 30
0.0
 11
6397.1440093267365
 21
5588.5342779383745
 31
0.0
  0
LINE
  5
1E4
330
17
100
AcDbEntity
  8
Hachura
 62
7
370
25
100
AcDbLine
 10
6399.078776691239
 20
5590.146584075457
 30
0.0
 11
6399.078776691239
 21
5589.501661620623
 31
0.0
  0
LINE
  5
1E5
330
17
100
AcDbEntity
  8
Hachura
 62
7
370
25
100
AcDbLine
 10
6399.078776691239
 20
5591.82338246017
 30
0.0
 11
6399.078776691239
 21
5592.468304915004
 31
0.0
  0
LINE
  5
1E6
330
17
100
AcDbEntity
  8
Hachura
 62
7
370
25
100
AcDbLine
 10
6399.078776691239
 20
5590.8743766948755
 30
0.0
 11
6399.078776691239
 21
5590.66252204576
 31
0.0
  0
LINE
  5
1E7
330
17
100
AcDbEntity
  8
Hachura
 62
7
370
25
100
AcDbLine
 10
6399.078776691239
 20
5590.8743766948755
 30
0.0
 11
6399.078776691239
 21
5591.30744450059
 31
0.0
  0
LINE
  5
1E8
330
17
100
AcDbEntity
  8
Hachura
 62
7
370
25
100
AcDbLine
 10
6397.1440093267365
 20
5590.34006081834
 30
0.0
 11
6397.1440093267365
 21
5589.695138363506
 31
0.0
  0
LINE
  5
1E9
330
17
100
AcDbEntity
  8
Hachura
 62
7
370
25
100
AcDbLine
 10
6397.1440093267365
 20
5591.500921232755
 30
0.0
 11
6397.1440093267365
 21
5590.855998777921
 31
0.0
  0
LINE
  5
1EA
330
17
100
AcDbEntity
  8
Hachura
 62
7
370
25
100
AcDbLine
 10
6397.1440093267365
 20
5589.179200393209
 30
0.0
 11
6399.078776691239
 21
5590.146584075457
 31
0.0
  0
LINE
  5
1EB
330
17
100
AcDbEntity
  8
Hachura
 62
7
370
25
100
AcDbLine
 10
6397.07132599589
 20
5589.271843244478
 30
0.0
 11
6399.236938753448
 21
5590.3546495803785
 31
0.0
  0
LINE
  5
1EC
330
17
100
AcDbEntity
  8
Hachura
 62
7
370
25
100
AcDbLine
 10
6399.178500863026
 20
5590.583399647115
 30
0.0
 11
6397.037923194361
 21
5589.513110802065
 31
0.0
  0
LINE
  5
1ED
330
17
100
AcDbEntity
  8
Hachura
 62
7
370
25
100
AcDbLine
 10
6399.078776691239
 20
5590.66252204576
 30
0.0
 11
6397.1440093267365
 21
5589.695138363506
 31
0.0
  0
LINE
  5
1EE
330
17
100
AcDbEntity
  8
Hachura
 62
7
370
25
100
AcDbLine
 10
6397.1440093267365
 20
5591.500921232755
 30
0.0
 11
6399.078776691239
 21
5592.468304915004
 31
0.0
  0
LINE
  5
1EF
330
17
100
AcDbEntity
  8
Hachura
 62
7
370
25
100
AcDbLine
 10
6397.1440093267365
 20
5590.34006081834
 30
0.0
 11
6399.078776691239
 21
5591.30744450059
 31
0.0
  0
LINE
  5
1F0
330
17
100
AcDbEntity
  8
Hachura
 62
7
370
25
100
AcDbLine
 10
6397.07132599589
 20
5590.432703658893
 30
0.0
 11
6399.236938753448
 21
5591.515509994793
 31
0.0
  0
LINE
  5
1F1
330
17
100
AcDbEntity
  8
Hachura
 62
7
370
25
100
AcDbLine
 10
6399.178500863026
 20
5591.744260061529
 30
0.0
 11
6397.037923194361
 21
5590.673971216479
 31
0.0
  0
LINE
  5
1F2
330
17
100
AcDbEntity
  8
Hachura
 62
7
370
25
100
AcDbLine
 10
6399.078776691239
 20
5591.82338246017
 30
0.0
 11
6397.1440093267365
 21
5590.855998777921
 31
0.0
  0
LINE
  5
1F3
330
17
100
AcDbEntity
  8
Hachura
 62
7
370
25
100
AcDbLine
 10
6398.821015020804
 20
5587.695982389975
 30
0.0
 11
6399.078776691239
 21
5587.824863246633
 31
0.0
  0
LINE
  5
1F4
330
17
100
AcDbEntity
  8
Hachura
 62
7
370
25
100
AcDbLine
 10
6398.563046030295
 20
5587.695982389975
 30
0.0
 11
6399.236938753448
 21
5588.032928751554
 31
0.0
  0
LINE
  5
1F5
330
17
100
AcDbEntity
  8
Hachura
 62
7
370
25
100
AcDbLine
 10
6399.078776691239
 20
5587.824863246633
 30
0.0
 11
6399.078776691239
 21
5587.695982389975
 31
0.0
  0
LINE
  5
1F6
330
17
100
AcDbEntity
  8
Hachura
 62
7
370
25
100
AcDbLine
 10
6399.076984905519
 20
5587.697592486558
 30
0.0
 11
6398.754523678102
 21
5587.3751312377
 31
0.0
  0
LINE
  5
1F7
330
17
100
AcDbEntity
  8
Hachura
 62
7
370
25
100
AcDbLine
 10
6399.078776691239
 20
5588.340801206214
 30
0.0
 11
6399.078776691239
 21
5588.985723661048
 31
0.0
  0
LINE
  5
1F8
330
17
100
AcDbEntity
  8
Hachura
 62
7
370
25
100
AcDbLine
 10
6397.1440093267365
 20
5588.018339978794
 30
0.0
 11
6397.1440093267365
 21
5587.695982389975
 31
0.0
  0
LINE
  5
1F9
330
17
100
AcDbEntity
  8
Hachura
 62
7
370
25
100
AcDbLine
 10
6397.142132040245
 20
5587.69759246512
 30
0.0
 11
6397.142132040245
 21
5587.697669883193
 31
0.0
  0
LINE
  5
1FA
330
17
100
AcDbEntity
  8
Hachura
 62
7
370
25
100
AcDbLine
 10
6397.142132040245
 20
5587.69759246512
 30
0.0
 11
6397.464678768433
 21
5587.3751312377
 31
0.0
  0
LINE
  5
1FB
330
17
100
AcDbEntity
  8
Hachura
 62
7
370
25
100
AcDbLine
 10
6397.1440093267365
 20
5589.906993023344
 30
0.0
 11
6397.1440093267365
 21
5589.695138374228
 31
0.0
  0
LINE
  5
1FC
330
17
100
AcDbEntity
  8
Hachura
 62
7
370
25
100
AcDbLine
 10
6399.178500863026
 20
5588.2616788182895
 30
0.0
 11
6398.047108049277
 21
5587.695982389975
 31
0.0
  0
LINE
  5
1FD
330
17
100
AcDbEntity
  8
Hachura
 62
7
370
25
100
AcDbLine
 10
6399.078776691239
 20
5588.340801206214
 30
0.0
 11
6397.7891391016465
 21
5587.695982389975
 31
0.0
  0
LINE
  5
1FE
330
17
100
AcDbEntity
  8
Hachura
 62
7
370
25
100
AcDbLine
 10
6397.464678768433
 20
5587.3751312377
 30
0.0
 11
6398.754523678102
 21
5587.3751312377
 31
0.0
  0
LINE
  5
1FF
330
17
100
AcDbEntity
  8
Hachura
 62
7
370
25
100
AcDbLine
 10
6397.1440093267365
 20
5588.018339978794
 30
0.0
 11
6399.078776691239
 21
5588.985723661048
 31
0.0
  0
LINE
  5
200
330
17
100
AcDbEntity
  8
Hachura
 62
7
370
25
100
AcDbLine
 10
6399.076984905519
 20
5587.697592486558
 30
0.0
 11
6397.142217541016
 21
5587.697592486558
 31
0.0
  0
LINE
  5
201
330
17
100
AcDbEntity
  8
Hachura
 62
7
370
25
100
AcDbLine
 10
6403.672340183363
 20
5599.175498443134
 30
0.0
 11
6395.857678438732
 21
5599.175498443134
 31
0.0
  0
LINE
  5
202
330
17
100
AcDbEntity
  8
Hachura
 62
7
370
25
100
AcDbLine
 10
6399.852683662766
 20
5592.468304915004
 30
0.0
 11
6396.499086871902
 21
5592.468304915004
 31
0.0
  0
LINE
  5
203
330
17
100
AcDbEntity
  8
Hachura
 62
7
370
25
100
AcDbLine
 10
6399.852683662766
 20
5592.536021772333
 30
0.0
 11
6396.499086871902
 21
5592.536021772333
 31
0.0
  0
LINE
  5
204
330
17
100
AcDbEntity
  8
Hachura
 62
7
370
25
100
AcDbLine
 10
6396.241117924271
 20
5595.692917189173
 30
0.0
 11
6400.110652653276
 21
5595.692917189173
 31
0.0
  0
LINE
  5
205
330
17
100
AcDbEntity
  8
Hachura
 62
7
370
25
100
AcDbLine
 10
6391.726660740434
 20
5598.272607008509
 30
0.0
 11
6404.625109837113
 21
5598.272607008509
 31
0.0
  0
LINE
  5
206
330
17
100
AcDbEntity
  8
Hachura
 62
7
370
25
100
AcDbLine
 10
6404.625109837113
 20
5599.175498443134
 30
0.0
 11
6391.7302025048275
 21
5599.175498443134
 31
0.0
  0
LINE
  5
207
330
17
100
AcDbEntity
  8
Hachura
 62
7
370
25
100
AcDbLine
 10
6397.530962833939
 20
5592.468304915004
 30
0.0
 11
6397.530962833939
 21
5595.692917189173
 31
0.0
  0
LINE
  5
208
330
17
100
AcDbEntity
  8
Hachura
 62
7
370
25
100
AcDbLine
 10
6396.499086871902
 20
5592.468304915004
 30
0.0
 11
6396.499086871902
 21
5595.692917189173
 31
0.0
  0
LINE
  5
209
330
17
100
AcDbEntity
  8
Hachura
 62
7
370
25
100
AcDbLine
 10
6398.175885288773
 20
5598.272607008509
 30
0.0
 11
6396.241117924271
 21
5598.272607008509
 31
0.0
  0
LINE
  5
20A
330
17
100
AcDbEntity
  8
Hachura
 62
7
370
25
100
AcDbLine
 10
6396.886040379105
 20
5598.272607008509
 30
0.0
 11
6397.530962833939
 21
5598.272607008509
 31
0.0
  0
LINE
  5
20B
330
17
100
AcDbEntity
  8
Hachura
 62
7
370
25
100
AcDbLine
 10
6398.170244926412
 20
5598.272607008509
 30
0.0
 11
6398.170244926412
 21
5599.175498443134
 31
0.0
  0
LINE
  5
20C
330
17
100
AcDbEntity
  8
Hachura
 62
7
370
25
100
AcDbLine
 10
6397.863703235063
 20
5598.272607008509
 30
0.0
 11
6397.863703235063
 21
5596.273447819051
 31
0.0
  0
LINE
  5
20D
330
17
100
AcDbEntity
  8
Hachura
 62
7
370
25
100
AcDbLine
 10
6398.379641216083
 20
5596.273447819051
 30
0.0
 11
6398.379641216083
 21
5598.272607008509
 31
0.0
  0
LINE
  5
20E
330
17
100
AcDbEntity
  8
Hachura
 62
7
370
25
100
AcDbLine
 10
6395.136008665041
 20
5598.254332451442
 30
0.0
 11
6395.136008665041
 21
5599.181555126524
 31
0.0
  0
LINE
  5
20F
330
17
100
AcDbEntity
  8
Hachura
 62
7
370
25
100
AcDbLine
 10
6397.216269656025
 20
5599.025452565211
 30
0.0
 11
6397.216269656025
 21
5598.592384759491
 31
0.0
  0
LINE
  5
210
330
17
100
AcDbEntity
  8
Hachura
 62
7
370
25
100
AcDbLine
 10
6396.241117924271
 20
5598.272607008509
 30
0.0
 11
6396.241117924271
 21
5595.692917189173
 31
0.0
  0
LINE
  5
211
330
17
100
AcDbEntity
  8
Hachura
 62
7
370
25
100
AcDbLine
 10
6397.216269656025
 20
5598.592384759491
 30
0.0
 11
6397.216269656025
 21
5598.380530110377
 31
0.0
  0
LINE
  5
212
330
17
100
AcDbEntity
  8
Hachura
 62
7
370
25
100
AcDbLine
 10
6391.7302025048275
 20
5599.175498443134
 30
0.0
 11
6391.7302025048275
 21
5594.038829861048
 31
0.0
  0
LINE
  5
213
330
17
100
AcDbEntity
  8
Hachura
 62
7
370
25
100
AcDbLine
 10
6393.403459114427
 20
5594.016118804461
 30
0.0
 11
6393.985119188482
 21
5596.226427122315
 31
0.0
  0
LINE
  5
214
330
17
100
AcDbEntity
  8
Hachura
 62
7
370
25
100
AcDbLine
 10
6391.726660740434
 20
5594.016118804461
 30
0.0
 11
6393.403459114427
 21
5594.016118804461
 31
0.0
  0
LINE
  5
215
330
17
100
AcDbEntity
  8
Hachura
 62
7
370
25
100
AcDbLine
 10
6394.296963226855
 20
5596.4668241285435
 30
0.0
 11
6396.241117924271
 21
5596.4668241285435
 31
0.0
  0
LINE
  5
216
330
17
100
AcDbEntity
  8
Hachura
 62
7
370
25
100
AcDbLine
 10
6391.726660740434
 20
5598.272607008509
 30
0.0
 11
6396.886040379105
 21
5598.272607008509
 31
0.0
  0
LINE
  5
217
330
17
100
AcDbEntity
  8
Hachura
 62
7
370
25
100
AcDbLine
 10
6402.948311420242
 20
5594.016118804461
 30
0.0
 11
6402.366651346188
 21
5596.226427122315
 31
0.0
  0
LINE
  5
218
330
17
100
AcDbEntity
  8
Hachura
 62
7
370
25
100
AcDbLine
 10
6399.852683662766
 20
5595.692917189173
 30
0.0
 11
6399.852683662766
 21
5592.468304915004
 31
0.0
  0
LINE
  5
219
330
17
100
AcDbEntity
  8
Hachura
 62
7
370
25
100
AcDbLine
 10
6399.078776691239
 20
5592.468304915004
 30
0.0
 11
6399.078776691239
 21
5595.692917189173
 31
0.0
  0
LINE
  5
21A
330
17
100
AcDbEntity
  8
Hachura
 62
7
370
25
100
AcDbLine
 10
6401.202023259251
 20
5598.254332451442
 30
0.0
 11
6401.202023259251
 21
5599.175498443134
 31
0.0
  0
LINE
  5
21B
330
17
100
AcDbEntity
  8
Hachura
 62
7
370
25
100
AcDbLine
 10
6399.151037020528
 20
5598.3989080273295
 30
0.0
 11
6399.151037020528
 21
5598.831975822328
 31
0.0
  0
LINE
  5
21C
330
17
100
AcDbEntity
  8
Hachura
 62
7
370
25
100
AcDbLine
 10
6402.634276864116
 20
5598.254332451442
 30
0.0
 11
6402.634276864116
 21
5599.181555126524
 31
0.0
  0
LINE
  5
21D
330
17
100
AcDbEntity
  8
Hachura
 62
7
370
25
100
AcDbLine
 10
6400.110652653276
 20
5595.692917189173
 30
0.0
 11
6400.110652653276
 21
5598.272607008509
 31
0.0
  0
LINE
  5
21E
330
17
100
AcDbEntity
  8
Hachura
 62
7
370
25
100
AcDbLine
 10
6400.110652653276
 20
5595.692917189173
 30
0.0
 11
6399.852683662766
 21
5595.692917189173
 31
0.0
  0
LINE
  5
21F
330
17
100
AcDbEntity
  8
Hachura
 62
7
370
25
100
AcDbLine
 10
6400.110652653276
 20
5595.692917189173
 30
0.0
 11
6399.852683662766
 21
5595.692917189173
 31
0.0
  0
LINE
  5
220
330
17
100
AcDbEntity
  8
Hachura
 62
7
370
25
100
AcDbLine
 10
6402.054807307812
 20
5596.4668241285435
 30
0.0
 11
6400.106770729597
 21
5596.4668241285435
 31
0.0
  0
LINE
  5
221
330
17
100
AcDbEntity
  8
Hachura
 62
7
370
25
100
AcDbLine
 10
6404.625109837113
 20
5598.272607008509
 30
0.0
 11
6404.625109837113
 21
5594.016118804461
 31
0.0
  0
LINE
  5
222
330
17
100
AcDbEntity
  8
Hachura
 62
7
370
25
100
AcDbLine
 10
6404.625109837113
 20
5598.272607008509
 30
0.0
 11
6404.625109837113
 21
5599.175498443134
 31
0.0
  0
LINE
  5
223
330
17
100
AcDbEntity
  8
Hachura
 62
7
370
25
100
AcDbLine
 10
6403.476778780318
 20
5598.254332451442
 30
0.0
 11
6403.476778780318
 21
5599.181555126524
 31
0.0
  0
LINE
  5
224
330
17
100
AcDbEntity
  8
Hachura
 62
7
370
25
100
AcDbLine
 10
6403.9401550121775
 20
5598.254332451442
 30
0.0
 11
6403.9401550121775
 21
5599.181555126524
 31
0.0
  0
LINE
  5
225
330
17
100
AcDbEntity
  8
Hachura
 62
7
370
25
100
AcDbLine
 10
6404.277155744355
 20
5598.254332451442
 30
0.0
 11
6404.277155744355
 21
5599.181555126524
 31
0.0
  0
LINE
  5
226
330
17
100
AcDbEntity
  8
Hachura
 62
7
370
25
100
AcDbLine
 10
6404.4877814914
 20
5598.254332451442
 30
0.0
 11
6404.4877814914
 21
5599.181555126524
 31
0.0
  0
LINE
  5
227
330
17
100
AcDbEntity
  8
Hachura
 62
7
370
25
100
AcDbLine
 10
6404.625109837113
 20
5594.016118804461
 30
0.0
 11
6402.948311420242
 21
5594.016118804461
 31
0.0
  0
LINE
  5
228
330
17
100
AcDbEntity
  8
Hachura
 62
7
370
25
100
AcDbLine
 10
6398.304869743728
 20
5592.468304915004
 30
0.0
 11
6397.037923190763
 21
5591.834831632178
 31
0.0
  0
LINE
  5
229
330
17
100
AcDbEntity
  8
Hachura
 62
7
370
25
100
AcDbLine
 10
6398.046900765909
 20
5592.468304915004
 30
0.0
 11
6397.144009323139
 21
5592.016859193619
 31
0.0
  0
LINE
  5
22A
330
17
100
AcDbEntity
  8
Hachura
 62
7
370
25
100
AcDbLine
 10
6397.144009323138
 20
5592.468304915004
 30
0.0
 11
6397.144009323138
 21
5592.016859193619
 31
0.0
  0
LINE
  5
22B
330
17
100
AcDbEntity
  8
Hachura
 62
7
370
25
100
AcDbLine
 10
6393.721035477824
 20
5598.254332451442
 30
0.0
 11
6393.721035477824
 21
5599.181555126524
 31
0.0
  0
LINE
  5
22C
330
17
100
AcDbEntity
  8
Hachura
 62
7
370
25
100
AcDbLine
 10
6392.878533561622
 20
5598.254332451442
 30
0.0
 11
6392.878533561622
 21
5599.181555126524
 31
0.0
  0
LINE
  5
22D
330
17
100
AcDbEntity
  8
Hachura
 62
7
370
25
100
AcDbLine
 10
6392.415157329763
 20
5598.254332451442
 30
0.0
 11
6392.415157329763
 21
5599.181555126524
 31
0.0
  0
LINE
  5
22E
330
17
100
AcDbEntity
  8
Hachura
 62
7
370
25
100
AcDbLine
 10
6392.078156597586
 20
5598.254332451442
 30
0.0
 11
6392.078156597586
 21
5599.181555126524
 31
0.0
  0
LINE
  5
22F
330
17
100
AcDbEntity
  8
Hachura
 62
7
370
25
100
AcDbLine
 10
6391.867530850541
 20
5598.254332451442
 30
0.0
 11
6391.867530850541
 21
5599.181555126524
 31
0.0
  0
LINE
  5
230
330
17
100
AcDbEntity
  8
Hachura
 62
7
370
25
100
AcDbLine
 10
6398.176773490122
 20
5739.975865570656
 30
0.0
 11
6398.168232279248
 21
5592.175498443133
 31
0.0
  0
LINE
  5
231
330
17
100
AcDbEntity
  8
Painéis
 62
7
370
25
100
AcDbLine
 10
7426.81360865642
 20
5622.359122660177
 30
0.0
 11
7453.813608656415
 21
5622.359122660165
 31
0.0
  0
LINE
  5
232
330
17
100
AcDbEntity
  8
Painéis
 62
7
370
25
100
AcDbLine
 10
7453.813608656415
 20
5338.35912266019
 30
0.0
 11
7426.81360865642
 21
5338.35912266019
 31
0.0
  0
LINE
  5
233
330
17
100
AcDbEntity
  8
NIVEL 1° PAV.
 62
7
370
25
100
AcDbLine
 10
6581.725135098135
 20
5622.359122660189
 30
0.0
 11
7527.284689586053
 21
5622.359122660189
 31
0.0
  0
LINE
  5
234
330
17
100
AcDbEntity
  8
NIVEL 2° PAV.
 62
7
370
25
100
AcDbLine
 10
6569.396004484381
 20
5537.359122660189
 30
0.0
 11
7527.284689586053
 21
5537.359122660189
 31
0.0
  0
LINE
  5
235
330
17
100
AcDbEntity
  8
NIVEL 1° PAV.
 62
7
370
25
100
AcDbLine
 10
6595.536989525441
 20
5647.359134660189
 30
0.0
 11
6691.536969525441
 21
5647.359134660189
 31
0.0
  0
LINE
  5
236
330
17
100
AcDbEntity
  8
NIVEL 1° PAV.
 62
7
370
25
100
AcDbLine
 10
6608.036989525441
 20
5622.359122660189
 30
0.0
 11
6620.537013525441
 21
5647.359134660189
 31
0.0
  0
LINE
  5
237
330
17
100
AcDbEntity
  8
NIVEL 1° PAV.
 62
7
370
25
100
AcDbLine
 10
6595.536989525441
 20
5647.359134660189
 30
0.0
 11
6608.036989525441
 21
5622.359122660189
 31
0.0
  0
LINE
  5
238
330
17
100
AcDbEntity
  8
NIVEL 2° PAV.
 62
7
370
25
100
AcDbLine
 10
6570.781927405609
 20
5562.359134660187
 30
0.0
 11
6666.78190740561
 21
5562.359134660187
 31
0.0
  0
LINE
  5
239
330
17
100
AcDbEntity
  8
NIVEL 2° PAV.
 62
7
370
25
100
AcDbLine
 10
6583.281927405609
 20
5537.359122660189
 30
0.0
 11
6595.781951405609
 21
5562.359134660187
 31
0.0
  0
LINE
  5
23A
330
17
100
AcDbEntity
  8
NIVEL 2° PAV.
 62
7
370
25
100
AcDbLine
 10
6570.781927405609
 20
5562.359134660187
 30
0.0
 11
6583.281927405609
 21
5537.359122660189
 31
0.0
  0
LINE
  5
23B
330
17
100
AcDbEntity
  8
SARR_2.2x7
 62
7
370
25
100
AcDbLine
 10
7297.978141664666
 20
5622.359122660189
 30
0.0
 11
7297.978141664692
 21
5463.35912266019
 31
0.0
  0
LINE
  5
23C
330
17
100
AcDbEntity
  8
SARR_2.2x7
 62
7
370
25
100
AcDbLine
 10
7297.978141664687
 20
5463.359122660189
 30
0.0
 11
7297.978141664746
 21
5216.35912266019
 31
0.0
  0
LINE
  5
23D
330
17
100
AcDbEntity
  8
SARR_2.2x7
 62
7
370
25
100
AcDbLine
 10
7284.97814166476
 20
5622.359122660189
 30
0.0
 11
7284.978141664739
 21
5463.35912266019
 31
0.0
  0
LINE
  5
23E
330
17
100
AcDbEntity
  8
SARR_2.2x7
 62
7
370
25
100
AcDbLine
 10
7284.978141664741
 20
5463.359122660189
 30
0.0
 11
7284.978141664687
 21
5216.35912266019
 31
0.0
  0
LINE
  5
23F
330
17
100
AcDbEntity
  8
Painéis
 62
7
370
25
100
AcDbLine
 10
7277.978141664717
 20
5216.35912266019
 30
0.0
 11
7304.978141664716
 21
5216.35912266019
 31
0.0
  0
LINE
  5
240
330
17
100
AcDbEntity
  8
Painéis
 62
7
370
25
100
AcDbLine
 10
7304.978141664716
 20
5216.35912266019
 30
0.0
 11
7304.978141664713
 21
5622.359122660189
 31
0.0
  0
LINE
  5
241
330
17
100
AcDbEntity
  8
Painéis
 62
7
370
25
100
AcDbLine
 10
7277.978141664717
 20
5622.359122660189
 30
0.0
 11
7277.978141664717
 21
5216.35912266019
 31
0.0
  0
LINE
  5
242
330
17
100
AcDbEntity
  8
Painéis
 62
7
370
25
100
AcDbLine
 10
7277.978141664717
 20
5622.359122660189
 30
0.0
 11
7304.978141664713
 21
5622.359122660178
 31
0.0
  0
LINE
  5
243
330
17
100
AcDbEntity
  8
Painéis
 62
7
370
25
100
AcDbLine
 10
7304.978141664713
 20
5338.35912266019
 30
0.0
 11
7277.978141664717
 21
5338.35912266019
 31
0.0
  0
LINE
  5
244
330
17
100
AcDbEntity
  8
Painéis
 62
7
370
25
100
AcDbLine
 10
7304.978141664713
 20
5463.359122660189
 30
0.0
 11
7277.978141664717
 21
5463.359122660189
 31
0.0
  0
LINE
  5
245
330
17
100
AcDbEntity
  8
Painéis
 62
7
370
25
100
AcDbLine
 10
7453.813608656415
 20
5463.359122660189
 30
0.0
 11
7426.81360865642
 21
5463.359122660189
 31
0.0
  0
LINE
  5
246
330
17
100
AcDbEntity
  8
Madeira
 62
7
370
25
100
AcDbLine
 10
6320.161653509895
 20
5619.160134915972
 30
0.0
 11
6308.661205464177
 21
5633.172770838363
 31
0.0
  0
LINE
  5
247
330
17
100
AcDbEntity
  8
Madeira
 62
7
370
25
100
AcDbLine
 10
6320.161653509895
 20
5619.160134915972
 30
0.0
 11
6316.693160574631
 21
5633.163951757781
 31
0.0
  0
LINE
  5
248
330
17
100
AcDbEntity
  8
Madeira
 62
7
370
25
100
AcDbLine
 10
6320.161653509895
 20
5619.160134915972
 30
0.0
 11
6306.167621087421
 21
5624.602776895546
 31
0.0
  0
LINE
  5
249
330
17
100
AcDbEntity
  8
Madeira
 62
7
370
25
100
AcDbLine
 10
6476.154681503925
 20
5619.179258105967
 30
0.0
 11
6487.68587350974
 21
5633.166605305159
 31
0.0
  0
LINE
  5
24A
330
17
100
AcDbEntity
  8
Madeira
 62
7
370
25
100
AcDbLine
 10
6476.154681503925
 20
5619.179258105967
 30
0.0
 11
6479.653918399286
 21
5633.17542438574
 31
0.0
  0
LINE
  5
24B
330
17
100
AcDbEntity
  8
Madeira
 62
7
370
25
100
AcDbLine
 10
6476.154681503925
 20
5619.179258105967
 30
0.0
 11
6490.160632203034
 21
5624.591156125443
 31
0.0
  0
LINE
  5
24C
330
17
100
AcDbEntity
  8
Madeira
 62
7
370
25
100
AcDbLine
 10
6426.661563997571
 20
5619.167729160235
 30
0.0
 11
6433.667881951629
 21
5624.917953177237
 31
0.0
  0
LINE
  5
24D
330
17
100
AcDbEntity
  8
Madeira
 62
7
370
25
100
AcDbLine
 10
6426.661563997571
 20
5619.167729160235
 30
0.0
 11
6433.663472411343
 21
5620.9019756261005
 31
0.0
  0
LINE
  5
24E
330
17
100
AcDbEntity
  8
Madeira
 62
7
370
25
100
AcDbLine
 10
6426.661563997571
 20
5619.167729160235
 30
0.0
 11
6432.104205971601
 21
5633.161761568454
 31
0.0
  0
LINE
  5
24F
330
17
100
AcDbEntity
  8
Madeira
 62
7
370
25
100
AcDbLine
 10
6362.661597158243
 20
5619.167729160235
 30
0.0
 11
6369.667915112302
 21
5624.917953177237
 31
0.0
  0
LINE
  5
250
330
17
100
AcDbEntity
  8
Madeira
 62
7
370
25
100
AcDbLine
 10
6362.661597158243
 20
5619.167729160235
 30
0.0
 11
6369.663505572015
 21
5620.9019756261005
 31
0.0
  0
LINE
  5
251
330
17
100
AcDbEntity
  8
Madeira
 62
7
370
25
100
AcDbLine
 10
6362.661597158243
 20
5619.167729160235
 30
0.0
 11
6368.1042391322735
 21
5633.161761568454
 31
0.0
  0
LINE
  5
252
330
17
100
AcDbEntity
  8
Madeira
 62
7
370
25
100
AcDbLine
 10
6320.161653509895
 20
5709.190861837175
 30
0.0
 11
6308.661205464177
 21
5695.178225914784
 31
0.0
  0
LINE
  5
253
330
17
100
AcDbEntity
  8
Madeira
 62
7
370
25
100
AcDbLine
 10
6320.161653509895
 20
5709.190861837175
 30
0.0
 11
6316.693160574631
 21
5695.187044995366
 31
0.0
  0
LINE
  5
254
330
17
100
AcDbEntity
  8
Madeira
 62
7
370
25
100
AcDbLine
 10
6320.161653509895
 20
5709.190861837175
 30
0.0
 11
6306.167621087421
 21
5703.748219857601
 31
0.0
  0
LINE
  5
255
330
17
100
AcDbEntity
  8
Madeira
 62
7
370
25
100
AcDbLine
 10
6476.154681503925
 20
5709.171738647179
 30
0.0
 11
6487.68587350974
 21
5695.184391447988
 31
0.0
  0
LINE
  5
256
330
17
100
AcDbEntity
  8
Madeira
 62
7
370
25
100
AcDbLine
 10
6476.154681503925
 20
5709.171738647179
 30
0.0
 11
6479.653918399286
 21
5695.175572367406
 31
0.0
  0
LINE
  5
257
330
17
100
AcDbEntity
  8
Madeira
 62
7
370
25
100
AcDbLine
 10
6476.154681503925
 20
5709.171738647179
 30
0.0
 11
6490.160632203034
 21
5703.759840627703
 31
0.0
  0
LINE
  5
258
330
17
100
AcDbEntity
  8
Madeira
 62
7
370
25
100
AcDbLine
 10
6426.661563997571
 20
5709.183267592911
 30
0.0
 11
6433.667881951629
 21
5703.433043575908
 31
0.0
  0
LINE
  5
259
330
17
100
AcDbEntity
  8
Madeira
 62
7
370
25
100
AcDbLine
 10
6426.661563997571
 20
5709.183267592911
 30
0.0
 11
6433.663472411343
 21
5707.449021127045
 31
0.0
  0
LINE
  5
25A
330
17
100
AcDbEntity
  8
Madeira
 62
7
370
25
100
AcDbLine
 10
6426.661563997571
 20
5709.183267592911
 30
0.0
 11
6432.104205971601
 21
5695.189235184692
 31
0.0
  0
LINE
  5
25B
330
17
100
AcDbEntity
  8
Madeira
 62
7
370
25
100
AcDbLine
 10
6362.661597158243
 20
5709.183267592911
 30
0.0
 11
6369.667915112302
 21
5703.433043575908
 31
0.0
  0
LINE
  5
25C
330
17
100
AcDbEntity
  8
Madeira
 62
7
370
25
100
AcDbLine
 10
6362.661597158243
 20
5709.183267592911
 30
0.0
 11
6369.663505572015
 21
5707.449021127045
 31
0.0
  0
LINE
  5
25D
330
17
100
AcDbEntity
  8
Madeira
 62
7
370
25
100
AcDbLine
 10
6362.661597158243
 20
5709.183267592911
 30
0.0
 11
6368.1042391322735
 21
5695.189235184692
 31
0.0
  0
LINE
  5
25E
330
17
100
AcDbEntity
  8
SARR_2.2x7
 62
7
370
25
100
AcDbLine
 10
6824.735395366392
 20
5216.359122660189
 30
0.0
 11
6824.735395366438
 21
5338.359122660191
 31
0.0
  0
LINE
  5
25F
330
17
100
AcDbEntity
  8
SARR_2.2x7
 62
7
370
25
100
AcDbLine
 10
6824.735395366436
 20
5338.359122660191
 30
0.0
 11
6824.735395366551
 21
5463.359122660189
 31
0.0
  0
LINE
  5
260
330
17
100
AcDbEntity
  8
SARR_2.2x7
 62
7
370
25
100
AcDbLine
 10
6902.735395366289
 20
5216.359122660189
 30
0.0
 11
6902.735395366377
 21
5338.359122660189
 31
0.0
  0
LINE
  5
261
330
17
100
AcDbEntity
  8
SARR_2.2x7
 62
7
370
25
100
AcDbLine
 10
6902.735395366377
 20
5338.359122660189
 30
0.0
 11
6902.735395366583
 21
5463.359122660189
 31
0.0
  0
LINE
  5
262
330
17
100
AcDbEntity
  8
SARR_2.2x7
 62
7
370
25
100
AcDbLine
 10
6824.735395366551
 20
5216.359122660189
 30
0.0
 11
6824.735395366551
 21
5216.359122660215
 31
0.0
  0
LINE
  5
263
330
17
100
AcDbEntity
  8
SARR_2.2x7
 62
7
370
25
100
AcDbLine
 10
6902.735395366493
 20
5216.359122660203
 30
0.0
 11
6902.735395366493
 21
5216.359122660189
 31
0.0
  0
LINE
  5
264
330
17
100
AcDbEntity
  8
COTA
 62
7
370
25
100
AcDbLine
 10
6909.735395366381
 20
5558.359122660227
 30
0.0
 11
6909.73539536633
 21
5622.359122660189
 31
0.0
  0
LINE
  5
265
330
17
100
AcDbEntity
  8
COTA
 62
7
370
25
100
AcDbLine
 10
6909.73539536633
 20
5622.359122660189
 30
0.0
 11
6817.73539536633
 21
5622.359122660189
 31
0.0
  0
LINE
  5
266
330
17
100
AcDbEntity
  8
COTA
 62
7
370
25
100
AcDbLine
 10
6817.735395366381
 20
5558.359122660188
 30
0.0
 11
6817.73539536633
 21
5622.359122660189
 31
0.0
  0
LINE
  5
267
330
17
100
AcDbEntity
  8
Painéis
 62
7
370
25
100
AcDbLine
 10
6909.735395366552
 20
5214.359122659679
 30
0.0
 11
6909.735395366552
 21
5558.359122660229
 31
0.0
  0
LINE
  5
268
330
17
100
AcDbEntity
  8
Painéis
 62
7
370
25
100
AcDbLine
 10
6817.735395366558
 20
5558.359122660191
 30
0.0
 11
6817.735395366547
 21
5214.359122659708
 31
0.0
  0
LINE
  5
269
330
17
100
AcDbEntity
  8
Painéis
 62
7
370
25
100
AcDbLine
 10
6817.735395366547
 20
5216.359122660189
 30
0.0
 11
6909.735395366552
 21
5216.359122660189
 31
0.0
  0
LINE
  5
26A
330
17
100
AcDbEntity
  8
Painéis
 62
7
370
25
100
AcDbLine
 10
6909.735395366552
 20
5338.359122660189
 30
0.0
 11
6817.735395366551
 21
5338.359122660191
 31
0.0
  0
LINE
  5
26B
330
17
100
AcDbEntity
  8
Painéis
 62
7
370
25
100
AcDbLine
 10
6909.73539536633
 20
5558.359122660229
 30
0.0
 11
6817.735395366551
 21
5558.359122660191
 31
0.0
  0
LINE
  5
26C
330
17
100
AcDbEntity
  8
SARR_2.2x7
 62
7
370
25
100
AcDbLine
 10
6824.73539536649
 20
5463.359122660189
 30
0.0
 11
6824.73539536649
 21
5558.359122660188
 31
0.0
  0
LINE
  5
26D
330
17
100
AcDbEntity
  8
SARR_2.2x7
 62
7
370
25
100
AcDbLine
 10
6902.735395366483
 20
5463.359122660189
 30
0.0
 11
6902.735395366478
 21
5558.359122660124
 31
0.0
  0
LINE
  5
26E
330
17
100
AcDbEntity
  8
SARR_2.2x7
 62
7
370
25
100
AcDbLine
 10
7071.921855464738
 20
5216.35912266019
 30
0.0
 11
7071.921855464778
 21
5338.359122660191
 31
0.0
  0
LINE
  5
26F
330
17
100
AcDbEntity
  8
SARR_2.2x7
 62
7
370
25
100
AcDbLine
 10
7071.921855464781
 20
5338.359122660191
 30
0.0
 11
7071.921855464825
 21
5460.359122660189
 31
0.0
  0
LINE
  5
270
330
17
100
AcDbEntity
  8
SARR_2.2x7
 62
7
370
25
100
AcDbLine
 10
7149.921855464636
 20
5216.35912266019
 30
0.0
 11
7149.921855464723
 21
5338.35912266019
 31
0.0
  0
LINE
  5
271
330
17
100
AcDbEntity
  8
SARR_2.2x7
 62
7
370
25
100
AcDbLine
 10
7149.92185546472
 20
5338.35912266019
 30
0.0
 11
7149.921855464807
 21
5460.359122660189
 31
0.0
  0
LINE
  5
272
330
17
100
AcDbEntity
  8
SARR_2.2x7
 62
7
370
25
100
AcDbLine
 10
7071.921855464897
 20
5216.35912266019
 30
0.0
 11
7071.921855464897
 21
5216.359122660216
 31
0.0
  0
LINE
  5
273
330
17
100
AcDbEntity
  8
SARR_2.2x7
 62
7
370
25
100
AcDbLine
 10
7149.921855464839
 20
5216.359122660204
 30
0.0
 11
7149.921855464839
 21
5216.35912266019
 31
0.0
  0
LINE
  5
274
330
17
100
AcDbEntity
  8
Painéis
 62
7
370
25
100
AcDbLine
 10
7156.921855464898
 20
5214.35912265968
 30
0.0
 11
7156.921855465109
 21
5622.359122660189
 31
0.0
  0
LINE
  5
275
330
17
100
AcDbEntity
  8
Painéis
 62
7
370
25
100
AcDbLine
 10
7064.921855464672
 20
5622.359122660189
 30
0.0
 11
7064.921855464894
 21
5214.359122659709
 31
0.0
  0
LINE
  5
276
330
17
100
AcDbEntity
  8
Painéis
 62
7
370
25
100
AcDbLine
 10
7064.921855464894
 20
5216.35912266019
 30
0.0
 11
7156.921855464898
 21
5216.35912266019
 31
0.0
  0
LINE
  5
277
330
17
100
AcDbEntity
  8
SARR_2.2x7
 62
7
370
25
100
AcDbLine
 10
7149.921855464807
 20
5460.359122660189
 30
0.0
 11
7149.921855464818
 21
5622.359122660189
 31
0.0
  0
LINE
  5
278
330
17
100
AcDbEntity
  8
SARR_2.2x7
 62
7
370
25
100
AcDbLine
 10
7071.921855464825
 20
5460.359122660193
 30
0.0
 11
7071.921855464857
 21
5622.359122660189
 31
0.0
  0
LINE
  5
279
330
17
100
AcDbEntity
  8
Painéis
 62
7
370
25
100
AcDbLine
 10
7064.921855464898
 20
5460.359122660189
 30
0.0
 11
7156.92185546484
 21
5460.359122660189
 31
0.0
  0
LINE
  5
27A
330
17
100
AcDbEntity
  8
Painéis
 62
7
370
25
100
AcDbLine
 10
7156.921855464898
 20
5338.35912266019
 30
0.0
 11
7064.921855464956
 21
5338.359122660191
 31
0.0
  0
LINE
  5
27B
330
17
100
AcDbEntity
  8
Painéis
 62
7
370
25
100
AcDbLine
 10
6909.73539536629
 20
5463.359122660189
 30
0.0
 11
6817.735395366558
 21
5463.359122660191
 31
0.0
  0
LINE
  5
27C
330
17
100
AcDbEntity
  8
NIVEL 2° PAV.
 62
7
370
25
100
AcDbLine
 10
6569.396004484381
 20
5463.359122660189
 30
0.0
 11
7527.284689586053
 21
5463.359122660189
 31
0.0
  0
LINE
  5
27D
330
17
100
AcDbEntity
  8
Painéis
 62
7
370
25
100
AcDbLine
 10
7064.921855464898
 20
5585.359122660189
 30
0.0
 11
7156.92185546484
 21
5585.359122660189
 31
0.0
  0
LINE
  5
27E
330
17
100
AcDbEntity
  8
Painéis
 62
7
370
25
100
AcDbLine
 10
7064.921855464898
 20
5622.359122660142
 30
0.0
 11
7156.92185546484
 21
5622.359122660142
 31
0.0
  0
LINE
  5
27F
330
17
100
AcDbEntity
  8
SARR_2.2x7
 62
7
370
25
100
AcDbLine
 10
6909.735395366507
 20
5551.359122660232
 30
0.0
 11
6817.735395366729
 21
5551.359122660194
 31
0.0
  0
LINE
  5
280
330
17
100
AcDbEntity
  8
SARR_2.2x7
 62
7
370
25
100
AcDbLine
 10
7156.921855465025
 20
5615.359122660186
 30
0.0
 11
7064.921855465247
 21
5615.359122660148
 31
0.0
  0
LWPOLYLINE
  5
281
330
17
100
AcDbEntity
  8
Painéis
 62
7
370
25
100
AcDbPolyline
 90
4
 70
1
 10
7426.81360865642
 20
5216.35912266019
 10
7453.813608656419
 20
5216.35912266019
 10
7453.813608656419
 20
5214.359122660189
 10
7426.81360865642
 20
5214.359122660189
  0
LWPOLYLINE
  5
282
330
17
100
AcDbEntity
  8
SARRAFO
 62
7
370
25
100
AcDbPolyline
 90
4
 70
1
 10
6306.177033928689
 20
5686.775498357138
 10
6320.177033914544
 20
5686.775498357254
 10
6320.177033914544
 20
5691.175498351572
 10
6306.177033928689
 20
5691.175498351572
  0
LWPOLYLINE
  5
283
330
17
100
AcDbEntity
  8
SARRAFO
 62
7
370
25
100
AcDbPolyline
 90
4
 70
1
 10
6490.17703388451
 20
5641.575498395834
 10
6476.177033898654
 20
5641.575498395776
 10
6476.177033898654
 20
5637.175498401457
 10
6490.17703388451
 20
5637.175498401457
  0
LWPOLYLINE
  5
284
330
17
100
AcDbEntity
  8
SARRAFO
 62
7
370
25
100
AcDbPolyline
 90
4
 70
1
 10
6490.17703388451
 20
5686.775498357138
 10
6476.177033898654
 20
5686.775498357254
 10
6476.177033898654
 20
5691.175498351572
 10
6490.17703388451
 20
5691.175498351572
  0
LWPOLYLINE
  5
285
330
17
100
AcDbEntity
  8
SARRAFO
 62
7
370
25
100
AcDbPolyline
 90
4
 70
1
 10
6306.177033928689
 20
5641.575498395834
 10
6320.177033914544
 20
5641.575498395776
 10
6320.177033914544
 20
5637.175498401457
 10
6306.177033928689
 20
5637.175498401457
  0
LWPOLYLINE
  5
286
330
17
100
AcDbEntity
  8
Perfil Metálico
 62
7
370
25
100
AcDbPolyline
 90
4
 70
1
 10
6526.177033852698
 20
5713.175498382597
 10
6526.177033852698
 20
5725.175498369559
 10
6270.177033960936
 20
5725.175498369559
 10
6270.177033960936
 20
5713.175498382597
  0
LWPOLYLINE
  5
287
330
17
100
AcDbEntity
  8
Perfil Metálico
 62
7
370
25
100
AcDbPolyline
 90
4
 70
1
 10
6270.177033960936
 20
5729.175498365251
 10
6270.177033960936
 20
5709.175498386847
 10
6526.177033852698
 20
5709.175498386847
 10
6526.177033852698
 20
5729.175498365251
  0
LWPOLYLINE
  5
288
330
17
100
AcDbEntity
  8
Perfil Metálico
 62
7
370
25
100
AcDbPolyline
 90
4
 70
1
 10
6526.177033852698
 20
5615.175498425788
 10
6526.177033852698
 20
5603.175498438826
 10
6270.177033960936
 20
5603.175498438826
 10
6270.177033960936
 20
5615.175498425788
  0
LWPOLYLINE
  5
289
330
17
100
AcDbEntity
  8
Perfil Metálico
 62
7
370
25
100
AcDbPolyline
 90
4
 70
1
 10
6270.177033960936
 20
5599.175498443134
 10
6270.177033960936
 20
5619.175498421538
 10
6526.177033852698
 20
5619.175498421538
 10
6526.177033852698
 20
5599.175498443134
  0
LWPOLYLINE
  5
28A
330
17
100
AcDbEntity
  8
CHAPA
 62
7
370
25
100
AcDbPolyline
 90
4
 70
1
 10
6306.177033929154
 20
5637.175498456812
 10
6306.177033929154
 20
5633.175498456813
 10
6490.17703388451
 20
5633.175498456813
 10
6490.17703388451
 20
5637.175498456812
  0
LWPOLYLINE
  5
28B
330
17
100
AcDbEntity
  8
CHAPA
 62
7
370
25
100
AcDbPolyline
 90
4
 70
1
 10
6306.177033929154
 20
5691.175498296217
 10
6306.177033929154
 20
5695.175498296218
 10
6490.17703388451
 20
5695.175498296218
 10
6490.17703388451
 20
5691.175498296217
  0
LWPOLYLINE
  5
28C
330
17
100
AcDbEntity
  8
CHAPA
 62
7
370
25
100
AcDbPolyline
 90
4
 70
1
 10
6471.777033908963
 20
5691.175498296217
 10
6468.177033908957
 20
5691.175498296217
 10
6468.177033908957
 20
5637.175498456812
 10
6471.777033908963
 20
5637.175498456812
  0
LWPOLYLINE
  5
28D
330
17
100
AcDbEntity
  8
CHAPA
 62
7
370
25
100
AcDbPolyline
 90
4
 70
1
 10
6328.177033908956
 20
5691.175498296275
 10
6324.57703390895
 20
5691.175498296275
 10
6324.57703390895
 20
5637.175498456871
 10
6328.177033908956
 20
5637.175498456871
  0
LWPOLYLINE
  5
28E
330
17
100
AcDbEntity
  8
CHAPA
 62
7
370
25
100
AcDbPolyline
 90
4
 70
1
 10
6306.177033929154
 20
5637.175498456812
 10
6306.177033929154
 20
5633.175498456813
 10
6490.17703388451
 20
5633.175498456813
 10
6490.17703388451
 20
5637.175498456812
  0
LWPOLYLINE
  5
28F
330
17
100
AcDbEntity
  8
CHAPA
 62
7
370
25
100
AcDbPolyline
 90
4
 70
1
 10
6306.177033929154
 20
5691.175498296217
 10
6306.177033929154
 20
5695.175498296218
 10
6490.17703388451
 20
5695.175498296218
 10
6490.17703388451
 20
5691.175498296217
  0
LWPOLYLINE
  5
290
330
17
100
AcDbEntity
  8
CHAPA
 62
7
370
25
100
AcDbPolyline
 90
4
 70
1
 10
6471.777033908963
 20
5691.175498296217
 10
6468.177033908957
 20
5691.175498296217
 10
6468.177033908957
 20
5637.175498456812
 10
6471.777033908963
 20
5637.175498456812
  0
LWPOLYLINE
  5
291
330
17
100
AcDbEntity
  8
CHAPA
 62
7
370
25
100
AcDbPolyline
 90
4
 70
1
 10
6328.177033908956
 20
5691.175498296275
 10
6324.57703390895
 20
5691.175498296275
 10
6324.57703390895
 20
5637.175498456871
 10
6328.177033908956
 20
5637.175498456871
  0
LWPOLYLINE
  5
292
330
17
100
AcDbEntity
  8
SARRAFO
 62
7
370
25
100
AcDbPolyline
 90
4
 70
1
 10
6471.777033904247
 20
5651.175498553349
 10
6471.777033904334
 20
5637.175498567494
 10
6476.177033898654
 20
5637.175498567494
 10
6476.177033898654
 20
5651.175498553349
  0
LWPOLYLINE
  5
293
330
17
100
AcDbEntity
  8
SARRAFO
 62
7
370
25
100
AcDbPolyline
 90
4
 70
1
 10
6320.177033914544
 20
5651.175498553408
 10
6320.177033914632
 20
5637.175498567552
 10
6324.57703390895
 20
5637.175498567552
 10
6324.57703390895
 20
5651.175498553408
  0
LWPOLYLINE
  5
294
330
17
100
AcDbEntity
  8
SARRAFO
 62
7
370
25
100
AcDbPolyline
 90
4
 70
1
 10
6471.777033904247
 20
5677.17549819968
 10
6471.777033904334
 20
5691.175498185536
 10
6476.177033898654
 20
5691.175498185536
 10
6476.177033898654
 20
5677.17549819968
  0
LWPOLYLINE
  5
295
330
17
100
AcDbEntity
  8
SARRAFO
 62
7
370
25
100
AcDbPolyline
 90
4
 70
1
 10
6320.177033914544
 20
5677.175498199622
 10
6320.177033914632
 20
5691.175498185478
 10
6324.57703390895
 20
5691.175498185478
 10
6324.57703390895
 20
5677.175498199622
  0
LWPOLYLINE
  5
296
330
17
100
AcDbEntity
  8
Painéis
 62
7
370
25
100
AcDbPolyline
 90
4
 70
1
 10
6468.177033908957
 20
5637.175498456812
 10
6468.177033908957
 20
5691.175498296217
 10
6328.177033908956
 20
5691.175498296217
 10
6328.177033908956
 20
5637.175498456812
  0
LWPOLYLINE
  5
297
330
17
100
AcDbEntity
  8
Painéis
 62
7
370
25
100
AcDbPolyline
 90
4
 70
1
 10
7277.978141664717
 20
5216.35912266019
 10
7304.978141664716
 20
5216.35912266019
 10
7304.978141664716
 20
5214.359122660189
 10
7277.978141664717
 20
5214.359122660189
  0
LWPOLYLINE
  5
298
330
17
100
AcDbEntity
  8
Madeira
 62
7
370
25
100
AcDbPolyline
 90
4
 70
1
 10
6320.161653509895
 20
5619.160134915972
 10
6320.177025489944
 20
5633.160126476763
 10
6306.1770339291525
 20
5633.175498456812
 10
6306.161661949103
 20
5619.175506896021
  0
LWPOLYLINE
  5
299
330
17
100
AcDbEntity
  8
Madeira
 62
7
370
25
100
AcDbPolyline
 90
4
 70
1
 10
6426.661563997571
 20
5619.167729160235
 10
6433.661559770836
 20
5619.160043170218
 10
6433.67693175087
 20
5633.160034716749
 10
6426.676935977604
 20
5633.167720706765
  0
LWPOLYLINE
  5
29A
330
17
100
AcDbEntity
  8
Madeira
 62
7
370
25
100
AcDbPolyline
 90
4
 70
1
 10
6306.16166194855
 20
5619.163886100909
 10
6306.177033928637
 20
5633.163877711758
 10
6490.170045044775
 20
5633.16387771173
 10
6490.154673064688
 20
5619.16388610088
  0
LWPOLYLINE
  5
29B
330
17
100
AcDbEntity
  8
Madeira
 62
7
370
25
100
AcDbPolyline
 90
4
 70
1
 10
6362.661597158243
 20
5619.167729160235
 10
6369.6615929315085
 20
5619.160043170218
 10
6369.676964911542
 20
5633.160034716749
 10
6362.676969138277
 20
5633.167720706765
  0
LWPOLYLINE
  5
29C
330
17
100
AcDbEntity
  8
Madeira
 62
7
370
25
100
AcDbPolyline
 90
4
 70
1
 10
6476.154681503925
 20
5709.171738647179
 10
6476.170053483974
 20
5695.171747086388
 10
6490.170045044765
 20
5695.187119066437
 10
6490.154673064716
 20
5709.187110627228
  0
LWPOLYLINE
  5
29D
330
17
100
AcDbEntity
  8
Madeira
 62
7
370
25
100
AcDbPolyline
 90
4
 70
1
 10
6306.16166194855
 20
5709.187110652237
 10
6306.177033928637
 20
5695.187119041388
 10
6490.170045044775
 20
5695.187119041417
 10
6490.154673064688
 20
5709.187110652266
  0
LWPOLYLINE
  5
29E
330
17
100
AcDbEntity
  8
Painéis
 62
7
370
25
100
AcDbPolyline
 90
4
 70
1
 10
6909.735395366552
 20
5216.359122660189
 10
6817.735395366551
 20
5216.359122660218
 10
6817.735395366551
 20
5214.359122660217
 10
6909.735395366552
 20
5214.359122660188
  0
LWPOLYLINE
  5
29F
330
17
100
AcDbEntity
  8
Painéis
 62
7
370
25
100
AcDbPolyline
 90
4
 70
1
 10
7156.921855464898
 20
5216.35912266019
 10
7064.921855464898
 20
5216.359122660218
 10
7064.921855464898
 20
5214.359122660218
 10
7156.921855464898
 20
5214.359122660189
  0
TEXT
  5
2A0
330
17
100
AcDbEntity
  8
Texto Seção
 62
7
370
25
100
AcDbText
 10
7268.543321295599
 20
5231.260301190935
 30
0.0
 40
13.0
  1
P32.C
100
AcDbText
  0
TEXT
  5
2A1
330
17
100
AcDbEntity
  8
Texto Seção
 62
7
370
25
100
AcDbText
 10
7418.662507286192
 20
5225.648696238405
 30
0.0
 40
13.0
  1
P32.D
100
AcDbText
  0
TEXT
  5
2A2
330
17
100
AcDbEntity
  8
TEXTO_GERAL
 62
7
370
25
100
AcDbText
 10
6404.15190311714
 20
5641.703885931546
 30
0.0
 40
10.99999999889889
  1
A
100
AcDbText
  0
TEXT
  5
2A3
330
17
100
AcDbEntity
  8
TEXTO_GERAL
 62
7
370
25
100
AcDbText
 10
6454.601611331064
 20
5667.750843756511
 30
0.0
 40
10.99999999889889
  1
D
100
AcDbText
  0
TEXT
  5
2A4
330
17
100
AcDbEntity
  8
TEXTO_GERAL
 62
7
370
25
100
AcDbText
 10
6331.192149749974
 20
5664.010295978324
 30
0.0
 40
10.99999999889889
  1
C
100
AcDbText
  0
TEXT
  5
2A5
330
17
100
AcDbEntity
  8
TEXTO_GERAL
 62
7
370
25
100
AcDbText
 10
6403.546879675989
 20
5680.10571508032
 30
0.0
 40
10.99999999889889
  1
B
100
AcDbText
  0
TEXT
  5
2A6
330
17
100
AcDbEntity
  8
NIVEL 1° PAV.
 62
7
370
25
100
AcDbText
 10
6611.5299261553
 20
5649.858318147672
 30
0.0
 40
10.0
  1
1° PAV.
100
AcDbText
  0
TEXT
  5
2A7
330
17
100
AcDbEntity
  8
NIVEL 2° PAV.
 62
7
370
25
100
AcDbText
 10
6586.774864035469
 20
5564.858318147671
 30
0.0
 40
10.0
  1
2° PAV.
100
AcDbText
  0
TEXT
  5
2A8
330
17
100
AcDbEntity
  8
NOMENCLATURA
 62
7
370
25
100
AcDbText
 10
7335.780246603689
 20
5854.869809442695
 30
0.0
 40
16.0
  1
1° PAVIMENTO - PD: 4.08\PNÍVEL DE SAÍDA: 813.67\PNIVEL DE CHEGADA: 817.75
100
AcDbText
  0
TEXT
  5
2A9
330
17
100
AcDbEntity
  8
Texto Seção
 62
7
370
25
100
AcDbText
 10
6808.79120375547
 20
5231.187718286363
 30
0.0
 40
13.0
  1
P32.A
100
AcDbText
  0
TEXT
  5
2AA
330
17
100
AcDbEntity
  8
Texto Seção
 62
7
370
25
100
AcDbText
 10
7055.977663853816
 20
5231.187718286364
 30
0.0
 40
13.0
  1
P32.B
100
AcDbText
  0
HATCH
  5
2AB
330
17
100
AcDbEntity
  8
Hachura
 62
7
100
AcDbHatch
 10
0.0
 20
0.0
 30
0.0
210
0.0
220
0.0
230
1.0
  2
SOLID
 70
1
 71
0
 91
1
 92
3
 72
0
 73
1
 93
8
 10
6320.177033914544
 20
5637.175498401457
 10
6320.177033914544
 20
5641.575498395776
 10
6320.177033914544
 20
5641.575498395776
 10
6306.177033928689
 20
5641.575498395863
 10
6306.177033928689
 20
5641.575498395834
 10
6306.177033928689
 20
5637.175498401428
 10
6306.177033928689
 20
5637.175498401457
 10
6320.177033914544
 20
5637.175498401457
 97
0
 75
1
 76
1
 98
0
  0
HATCH
  5
2AC
330
17
100
AcDbEntity
  8
Hachura
 62
7
100
AcDbHatch
 10
0.0
 20
0.0
 30
0.0
210
0.0
220
0.0
230
1.0
  2
SOLID
 70
1
 71
0
 91
1
 92
3
 72
0
 73
1
 93
8
 10
6320.177033914544
 20
5691.175498351572
 10
6320.177033914544
 20
5686.775498357254
 10
6320.177033914544
 20
5686.775498357254
 10
6306.177033928689
 20
5686.775498357167
 10
6306.177033928689
 20
5686.775498357138
 10
6306.177033928689
 20
5691.175498351544
 10
6306.177033928689
 20
5691.175498351572
 10
6320.177033914544
 20
5691.175498351572
 97
0
 75
1
 76
1
 98
0
  0
HATCH
  5
2AD
330
17
100
AcDbEntity
  8
Hachura
 62
7
100
AcDbHatch
 10
0.0
 20
0.0
 30
0.0
210
0.0
220
0.0
230
1.0
  2
SOLID
 70
1
 71
0
 91
1
 92
3
 72
0
 73
1
 93
8
 10
6476.177033898654
 20
5637.175498401457
 10
6476.177033898654
 20
5641.575498395776
 10
6476.177033898654
 20
5641.575498395776
 10
6490.17703388451
 20
5641.575498395863
 10
6490.17703388451
 20
5641.575498395834
 10
6490.17703388451
 20
5637.175498401428
 10
6490.17703388451
 20
5637.175498401457
 10
6476.177033898654
 20
5637.175498401457
 97
0
 75
1
 76
1
 98
0
  0
HATCH
  5
2AE
330
17
100
AcDbEntity
  8
Hachura
 62
7
100
AcDbHatch
 10
0.0
 20
0.0
 30
0.0
210
0.0
220
0.0
230
1.0
  2
SOLID
 70
1
 71
0
 91
1
 92
3
 72
0
 73
1
 93
8
 10
6304.177033929154
 20
5691.175498296217
 10
6304.177033929154
 20
5695.175498296218
 10
6304.177033929154
 20
5695.175498296218
 10
6488.177033884508
 20
5695.175498296218
 10
6488.177033884508
 20
5695.175498296218
 10
6488.177033884508
 20
5691.175498296217
 10
6488.177033884508
 20
5691.175498296217
 10
6304.177033929154
 20
5691.175498296217
 97
0
 75
1
 76
1
 98
0
  0
HATCH
  5
2AF
330
17
100
AcDbEntity
  8
Hachura
 62
7
100
AcDbHatch
 10
0.0
 20
0.0
 30
0.0
210
0.0
220
0.0
230
1.0
  2
SOLID
 70
1
 71
0
 91
1
 92
3
 72
0
 73
1
 93
8
 10
6471.777033908963
 20
5691.175498296217
 10
6468.177033908957
 20
5691.175498296217
 10
6468.177033908957
 20
5691.175498296217
 10
6468.177033908957
 20
5637.175498456812
 10
6468.177033908957
 20
5637.175498456812
 10
6471.777033908963
 20
5637.175498456812
 10
6471.777033908963
 20
5637.175498456812
 10
6471.777033908963
 20
5691.175498296217
 97
0
 75
1
 76
1
 98
0
  0
HATCH
  5
2B0
330
17
100
AcDbEntity
  8
Hachura
 62
7
100
AcDbHatch
 10
0.0
 20
0.0
 30
0.0
210
0.0
220
0.0
230
1.0
  2
SOLID
 70
1
 71
0
 91
1
 92
3
 72
0
 73
1
 93
8
 10
6328.177033908956
 20
5691.175498296275
 10
6324.57703390895
 20
5691.175498296275
 10
6324.57703390895
 20
5691.175498296275
 10
6324.57703390895
 20
5637.175498456871
 10
6324.57703390895
 20
5637.175498456871
 10
6328.177033908956
 20
5637.175498456871
 10
6328.177033908956
 20
5637.175498456871
 10
6328.177033908956
 20
5691.175498296275
 97
0
 75
1
 76
1
 98
0
  0
HATCH
  5
2B1
330
17
100
AcDbEntity
  8
Hachura
 62
7
100
AcDbHatch
 10
0.0
 20
0.0
 30
0.0
210
0.0
220
0.0
230
1.0
  2
SOLID
 70
1
 71
0
 91
1
 92
3
 72
0
 73
1
 93
8
 10
6476.177033898654
 20
5691.175498351572
 10
6476.177033898654
 20
5686.775498357254
 10
6476.177033898654
 20
5686.775498357254
 10
6490.17703388451
 20
5686.775498357167
 10
6490.17703388451
 20
5686.775498357138
 10
6490.17703388451
 20
5691.175498351544
 10
6490.17703388451
 20
5691.175498351572
 10
6476.177033898654
 20
5691.175498351572
 97
0
 75
1
 76
1
 98
0
  0
HATCH
  5
2B2
330
17
100
AcDbEntity
  8
Hachura
 62
7
100
AcDbHatch
 10
0.0
 20
0.0
 30
0.0
210
0.0
220
0.0
230
1.0
  2
SOLID
 70
1
 71
0
 91
1
 92
3
 72
0
 73
1
 93
8
 10
6304.177033929154
 20
5637.175498456812
 10
6304.177033929154
 20
5633.175498456813
 10
6304.177033929154
 20
5633.175498456813
 10
6488.177033884508
 20
5633.175498456813
 10
6488.177033884508
 20
5633.175498456813
 10
6488.177033884508
 20
5637.175498456812
 10
6488.177033884508
 20
5637.175498456812
 10
6304.177033929154
 20
5637.175498456812
 97
0
 75
1
 76
1
 98
0
  0
HATCH
  5
2B3
330
17
100
AcDbEntity
  8
Hachura
 62
7
100
AcDbHatch
 10
0.0
 20
0.0
 30
0.0
210
0.0
220
0.0
230
1.0
  2
SOLID
 70
1
 71
0
 91
1
 92
3
 72
0
 73
1
 93
8
 10
6471.777033908963
 20
5691.175498296217
 10
6468.177033908957
 20
5691.175498296217
 10
6468.177033908957
 20
5691.175498296217
 10
6468.177033908957
 20
5637.175498456812
 10
6468.177033908957
 20
5637.175498456812
 10
6471.777033908963
 20
5637.175498456812
 10
6471.777033908963
 20
5637.175498456812
 10
6471.777033908963
 20
5691.175498296217
 97
0
 75
1
 76
1
 98
0
  0
HATCH
  5
2B4
330
17
100
AcDbEntity
  8
Hachura
 62
7
100
AcDbHatch
 10
0.0
 20
0.0
 30
0.0
210
0.0
220
0.0
230
1.0
  2
SOLID
 70
1
 71
0
 91
1
 92
3
 72
0
 73
1
 93
8
 10
6328.177033908956
 20
5691.175498296275
 10
6324.57703390895
 20
5691.175498296275
 10
6324.57703390895
 20
5691.175498296275
 10
6324.57703390895
 20
5637.175498456871
 10
6324.57703390895
 20
5637.175498456871
 10
6328.177033908956
 20
5637.175498456871
 10
6328.177033908956
 20
5637.175498456871
 10
6328.177033908956
 20
5691.175498296275
 97
0
 75
1
 76
1
 98
0
  0
HATCH
  5
2B5
330
17
100
AcDbEntity
  8
Hachura
 62
7
100
AcDbHatch
 10
0.0
 20
0.0
 30
0.0
210
0.0
220
0.0
230
1.0
  2
SOLID
 70
1
 71
0
 91
1
 92
3
 72
0
 73
1
 93
8
 10
6476.177033898654
 20
5637.175498567494
 10
6471.777033904334
 20
5637.175498567494
 10
6471.777033904334
 20
5637.175498567494
 10
6471.777033904247
 20
5651.175498553349
 10
6471.777033904247
 20
5651.175498553349
 10
6476.177033898654
 20
5651.175498553349
 10
6476.177033898654
 20
5651.175498553349
 10
6476.177033898654
 20
5637.175498567494
 97
0
 75
1
 76
1
 98
0
  0
HATCH
  5
2B6
330
17
100
AcDbEntity
  8
Hachura
 62
7
100
AcDbHatch
 10
0.0
 20
0.0
 30
0.0
210
0.0
220
0.0
230
1.0
  2
SOLID
 70
1
 71
0
 91
1
 92
3
 72
0
 73
1
 93
8
 10
6324.57703390895
 20
5637.175498567552
 10
6320.177033914632
 20
5637.175498567552
 10
6320.177033914632
 20
5637.175498567552
 10
6320.177033914544
 20
5651.175498553408
 10
6320.177033914544
 20
5651.175498553408
 10
6324.57703390895
 20
5651.175498553408
 10
6324.57703390895
 20
5651.175498553408
 10
6324.57703390895
 20
5637.175498567552
 97
0
 75
1
 76
1
 98
0
  0
HATCH
  5
2B7
330
17
100
AcDbEntity
  8
Hachura
 62
7
100
AcDbHatch
 10
0.0
 20
0.0
 30
0.0
210
0.0
220
0.0
230
1.0
  2
SOLID
 70
1
 71
0
 91
1
 92
3
 72
0
 73
1
 93
8
 10
6476.177033898654
 20
5691.175498185536
 10
6471.777033904334
 20
5691.175498185536
 10
6471.777033904334
 20
5691.175498185536
 10
6471.777033904247
 20
5677.17549819968
 10
6471.777033904247
 20
5677.17549819968
 10
6476.177033898654
 20
5677.17549819968
 10
6476.177033898654
 20
5677.17549819968
 10
6476.177033898654
 20
5691.175498185536
 97
0
 75
1
 76
1
 98
0
  0
HATCH
  5
2B8
330
17
100
AcDbEntity
  8
Hachura
 62
7
100
AcDbHatch
 10
0.0
 20
0.0
 30
0.0
210
0.0
220
0.0
230
1.0
  2
SOLID
 70
1
 71
0
 91
1
 92
3
 72
0
 73
1
 93
8
 10
6324.57703390895
 20
5691.175498185478
 10
6320.177033914632
 20
5691.175498185478
 10
6320.177033914632
 20
5691.175498185478
 10
6320.177033914544
 20
5677.175498199622
 10
6320.177033914544
 20
5677.175498199622
 10
6324.57703390895
 20
5677.175498199622
 10
6324.57703390895
 20
5677.175498199622
 10
6324.57703390895
 20
5691.175498185478
 97
0
 75
1
 76
1
 98
0
  0
HATCH
  5
2B9
330
17
100
AcDbEntity
  8
COTA
 62
7
100
AcDbHatch
 10
0.0
 20
0.0
 30
0.0
210
0.0
220
0.0
230
1.0
  2
SOLID
 70
1
 71
0
 91
1
 92
3
 72
0
 73
1
 93
8
 10
6817.735395366454
 20
5558.359122660191
 10
6909.735395366428
 20
5558.35912266023
 10
6909.735395366428
 20
5558.359122660229
 10
6909.73539536633
 20
5622.359122660188
 10
6909.73539536633
 20
5622.359122660189
 10
6817.735395366355
 20
5622.359122660188
 10
6817.735395366355
 20
5622.359122660188
 10
6817.735395366454
 20
5558.359122660191
 97
0
 75
1
 76
1
 98
0
  0
HATCH
  5
2BA
330
17
100
AcDbEntity
  8
Hachura
 62
7
100
AcDbHatch
 10
0.0
 20
0.0
 30
0.0
210
0.0
220
0.0
230
1.0
  2
SOLID
 70
1
 71
0
 91
1
 92
3
 72
0
 73
1
 93
9
 10
7156.921855464982
 20
5214.359122660209
 10
7156.921855465255
 20
5460.359122660209
 10
7156.921855465255
 20
5460.359122660211
 10
7064.921855464483
 20
5460.359122660169
 10
7064.921855464483
 20
5460.359122660169
 10
7064.92185546421
 20
5214.359122660169
 10
7064.92185546421
 20
5214.359122660169
 10
7156.921855464982
 20
5214.35912266021
 10
7156.921855464982
 20
5214.359122660209
 97
0
 75
1
 76
1
 98
0
  0
ENDSEC
  0
SECTION
  2
OBJECTS
  0
DICTIONARY
  5
A
330
0
100
AcDbDictionary
281
1
  3
ACAD_COLOR
350
B
  3
ACAD_GROUP
350
C
  3
ACAD_LAYOUT
350
D
  3
ACAD_MATERIAL
350
E
  3
ACAD_MLEADERSTYLE
350
F
  3
ACAD_MLINESTYLE
350
10
  3
ACAD_PLOTSETTINGS
350
11
  3
ACAD_PLOTSTYLENAME
350
12
  3
ACAD_SCALELIST
350
14
  3
ACAD_TABLESTYLE
350
15
  3
ACAD_VISUALSTYLE
350
16
  3
EZDXF_META
350
2D
  0
DICTIONARY
  5
B
330
A
100
AcDbDictionary
281
1
  0
DICTIONARY
  5
C
330
A
100
AcDbDictionary
281
1
  0
DICTIONARY
  5
D
330
A
100
AcDbDictionary
281
1
  3
Model
350
1A
  3
Layout1
350
1E
  0
DICTIONARY
  5
E
330
A
100
AcDbDictionary
281
1
  3
ByBlock
350
1F
  3
ByLayer
350
20
  3
Global
350
21
  0
DICTIONARY
  5
F
330
A
100
AcDbDictionary
281
1
  3
Standard
350
2C
  0
DICTIONARY
  5
10
330
A
100
AcDbDictionary
281
1
  3
Standard
350
22
  0
DICTIONARY
  5
11
330
A
100
AcDbDictionary
281
1
  0
ACDBDICTIONARYWDFLT
  5
12
330
A
100
AcDbDictionary
281
1
  3
Normal
350
13
100
AcDbDictionaryWithDefault
340
13
  0
ACDBPLACEHOLDER
  5
13
330
12
  0
DICTIONARY
  5
14
330
A
100
AcDbDictionary
281
1
  0
DICTIONARY
  5
15
330
A
100
AcDbDictionary
281
1
  0
DICTIONARY
  5
16
330
A
100
AcDbDictionary
281
1
  0
LAYOUT
  5
1A
330
D
100
AcDbPlotSettings
  1

  4
A3
  6

 40
7.5
 41
20.0
 42
7.5
 43
20.0
 44
420.0
 45
297.0
 46
0.0
 47
0.0
 48
0.0
 49
0.0
140
0.0
141
0.0
142
1.0
143
1.0
 70
1024
 72
1
 73
0
 74
5
  7

 75
16
 76
0
 77
2
 78
300
147
1.0
148
0.0
149
0.0
100
AcDbLayout
  1
Model
 70
1
 71
0
 10
0.0
 20
0.0
 11
420.0
 21
297.0
 12
0.0
 22
0.0
 32
0.0
 14
1e+20
 24
1e+20
 34
1e+20
 15
-1e+20
 25
-1e+20
 35
-1e+20
146
0.0
 13
0.0
 23
0.0
 33
0.0
 16
1.0
 26
0.0
 36
0.0
 17
0.0
 27
1.0
 37
0.0
 76
1
330
17
  0
LAYOUT
  5
1E
330
D
100
AcDbPlotSettings
  1

  4
A3
  6

 40
7.5
 41
20.0
 42
7.5
 43
20.0
 44
420.0
 45
297.0
 46
0.0
 47
0.0
 48
0.0
 49
0.0
140
0.0
141
0.0
142
1.0
143
1.0
 70
0
 72
1
 73
0
 74
5
  7

 75
16
 76
0
 77
2
 78
300
147
1.0
148
0.0
149
0.0
100
AcDbLayout
  1
Layout1
 70
1
 71
1
 10
0.0
 20
0.0
 11
420.0
 21
297.0
 12
0.0
 22
0.0
 32
0.0
 14
1e+20
 24
1e+20
 34
1e+20
 15
-1e+20
 25
-1e+20
 35
-1e+20
146
0.0
 13
0.0
 23
0.0
 33
0.0
 16
1.0
 26
0.0
 36
0.0
 17
0.0
 27
1.0
 37
0.0
 76
1
330
1B
  0
MATERIAL
  5
1F
102
{ACAD_REACTORS
330
E
102
}
330
E
100
AcDbMaterial
  1
ByBlock
  2

 70
0
 40
1.0
 71
1
 41
1.0
 91
-1023410177
 42
1.0
 72
1
  3

 73
1
 74
1
 75
1
 44
0.5
 73
0
 45
1.0
 46
1.0
 77
1
  4

 78
1
 79
1
170
1
 48
1.0
171
1
  6

172
1
173
1
174
1
140
1.0
141
1.0
175
1
  7

176
1
177
1
178
1
143
1.0
179
1
  8

270
1
271
1
272
1
145
1.0
146
1.0
273
1
  9

274
1
275
1
276
1
 42
1.0
 72
1
  3

 73
1
 74
1
 75
1
 94
63
  0
MATERIAL
  5
20
102
{ACAD_REACTORS
330
E
102
}
330
E
100
AcDbMaterial
  1
ByLayer
  2

 70
0
 40
1.0
 71
1
 41
1.0
 91
-1023410177
 42
1.0
 72
1
  3

 73
1
 74
1
 75
1
 44
0.5
 73
0
 45
1.0
 46
1.0
 77
1
  4

 78
1
 79
1
170
1
 48
1.0
171
1
  6

172
1
173
1
174
1
140
1.0
141
1.0
175
1
  7

176
1
177
1
178
1
143
1.0
179
1
  8

270
1
271
1
272
1
145
1.0
146
1.0
273
1
  9

274
1
275
1
276
1
 42
1.0
 72
1
  3

 73
1
 74
1
 75
1
 94
63
  0
MATERIAL
  5
21
102
{ACAD_REACTORS
330
E
102
}
330
E
100
AcDbMaterial
  1
Global
  2

 70
0
 40
1.0
 71
1
 41
1.0
 91
-1023410177
 42
1.0
 72
1
  3

 73
1
 74
1
 75
1
 44
0.5
 73
0
 45
1.0
 46
1.0
 77
1
  4

 78
1
 79
1
170
1
 48
1.0
171
1
  6

172
1
173
1
174
1
140
1.0
141
1.0
175
1
  7

176
1
177
1
178
1
143
1.0
179
1
  8

270
1
271
1
272
1
145
1.0
146
1.0
273
1
  9

274
1
275
1
276
1
 42
1.0
 72
1
  3

 73
1
 74
1
 75
1
 94
63
  0
MLINESTYLE
  5
22
102
{ACAD_REACTORS
330
10
102
}
330
10
100
AcDbMlineStyle
  2
Standard
 70
0
  3

 62
256
 51
90.0
 52
90.0
 71
2
 49
0.5
 62
256
  6
BYLAYER
 49
-0.5
 62
256
  6
BYLAYER
  0
MLEADERSTYLE
  5
2C
102
{ACAD_REACTORS
330
F
102
}
330
F
100
AcDbMLeaderStyle
179
2
170
2
171
1
172
0
 90
2
 40
0.0
 41
0.0
173
1
 91
-1056964608
 92
-2
290
1
 42
2.0
291
1
 43
8.0
  3
Standard
 44
4.0
300

342
29
174
1
175
1
176
0
178
1
 93
-1056964608
 45
4.0
292
0
297
0
 46
4.0
 94
-1056964608
 47
1.0
 49
1.0
140
1.0
294
1
141
0.0
177
0
142
1.0
295
0
296
0
143
3.75
271
0
272
9
273
9
  0
DICTIONARY
  5
2D
330
A
100
AcDbDictionary
280
1
281
1
  3
CREATED_BY_EZDXF
350
2E
  3
WRITTEN_BY_EZDXF
350
2BD
  0
DICTIONARYVAR
  5
2E
330
2D
100
DictionaryVariables
280
0
  1
1.4.3 @ 2026-06-10T16:53:56.683907+00:00
  0
DICTIONARYVAR
  5
2BD
330
2D
100
DictionaryVariables
280
0
  1
1.4.3 @ 2026-06-10T16:53:56.702121+00:00
  0
ENDSEC
  0
EOF
