  0
SECTION
  2
HEADER
  9
$ACADVER
  1
AC1024
  9
$ACADMAINTVER
 70
6
  9
$DWGCODEPAGE
  3
ANSI_1252
  9
$LASTSAVEDBY
  1
ezdxf
  9
$INSBASE
 10
0.0
 20
0.0
 30
0.0
  9
$EXTMIN
 10
1e+20
 20
1e+20
 30
1e+20
  9
$EXTMAX
 10
-1e+20
 20
-1e+20
 30
-1e+20
  9
$LIMMIN
 10
0.0
 20
0.0
  9
$LIMMAX
 10
420.0
 20
297.0
  9
$ORTHOMODE
 70
0
  9
$REGENMODE
 70
1
  9
$FILLMODE
 70
1
  9
$QTEXTMODE
 70
0
  9
$MIRRTEXT
 70
1
  9
$LTSCALE
 40
1.0
  9
$ATTMODE
 70
1
  9
$TEXTSIZE
 40
2.5
  9
$TRACEWID
 40
1.0
  9
$TEXTSTYLE
  7
Standard
  9
$CLAYER
  8
0
  9
$CELTYPE
  6
ByLayer
  9
$CECOLOR
 62
256
  9
$CELTSCALE
 40
1.0
  9
$DISPSILH
 70
0
  9
$DIMSCALE
 40
1.0
  9
$DIMASZ
 40
2.5
  9
$DIMEXO
 40
0.625
  9
$DIMDLI
 40
3.75
  9
$DIMRND
 40
0.0
  9
$DIMDLE
 40
0.0
  9
$DIMEXE
 40
1.25
  9
$DIMTP
 40
0.0
  9
$DIMTM
 40
0.0
  9
$DIMTXT
 40
2.5
  9
$DIMCEN
 40
2.5
  9
$DIMTSZ
 40
0.0
  9
$DIMTOL
 70
0
  9
$DIMLIM
 70
0
  9
$DIMTIH
 70
0
  9
$DIMTOH
 70
0
  9
$DIMSE1
 70
0
  9
$DIMSE2
 70
0
  9
$DIMTAD
 70
1
  9
$DIMZIN
 70
8
  9
$DIMBLK
  1

  9
$DIMASO
 70
1
  9
$DIMSHO
 70
1
  9
$DIMPOST
  1

  9
$DIMAPOST
  1

  9
$DIMALT
 70
0
  9
$DIMALTD
 70
3
  9
$DIMALTF
 40
0.03937007874
  9
$DIMLFAC
 40
1.0
  9
$DIMTOFL
 70
1
  9
$DIMTVP
 40
0.0
  9
$DIMTIX
 70
0
  9
$DIMSOXD
 70
0
  9
$DIMSAH
 70
0
  9
$DIMBLK1
  1

  9
$DIMBLK2
  1

  9
$DIMSTYLE
  2
ISO-25
  9
$DIMCLRD
 70
0
  9
$DIMCLRE
 70
0
  9
$DIMCLRT
 70
0
  9
$DIMTFAC
 40
1.0
  9
$DIMGAP
 40
0.625
  9
$DIMJUST
 70
0
  9
$DIMSD1
 70
0
  9
$DIMSD2
 70
0
  9
$DIMTOLJ
 70
0
  9
$DIMTZIN
 70
8
  9
$DIMALTZ
 70
0
  9
$DIMALTTZ
 70
0
  9
$DIMUPT
 70
0
  9
$DIMDEC
 70
2
  9
$DIMTDEC
 70
2
  9
$DIMALTU
 70
2
  9
$DIMALTTD
 70
3
  9
$DIMTXSTY
  7
Standard
  9
$DIMAUNIT
 70
0
  9
$DIMADEC
 70
0
  9
$DIMALTRND
 40
0.0
  9
$DIMAZIN
 70
0
  9
$DIMDSEP
 70
44
  9
$DIMATFIT
 70
3
  9
$DIMFRAC
 70
0
  9
$DIMLDRBLK
  1

  9
$DIMLUNIT
 70
2
  9
$DIMLWD
 70
-2
  9
$DIMLWE
 70
-2
  9
$DIMTMOVE
 70
0
  9
$DIMFXL
 40
1.0
  9
$DIMFXLON
 70
0
  9
$DIMJOGANG
 40
0.785398163397
  9
$DIMTFILL
 70
0
  9
$DIMTFILLCLR
 70
0
  9
$DIMARCSYM
 70
0
  9
$DIMLTYPE
  6

  9
$DIMLTEX1
  6

  9
$DIMLTEX2
  6

  9
$DIMTXTDIRECTION
 70
0
  9
$LUNITS
 70
2
  9
$LUPREC
 70
4
  9
$SKETCHINC
 40
1.0
  9
$FILLETRAD
 40
10.0
  9
$AUNITS
 70
0
  9
$AUPREC
 70
2
  9
$MENU
  1
.
  9
$ELEVATION
 40
0.0
  9
$PELEVATION
 40
0.0
  9
$THICKNESS
 40
0.0
  9
$LIMCHECK
 70
0
  9
$CHAMFERA
 40
0.0
  9
$CHAMFERB
 40
0.0
  9
$CHAMFERC
 40
0.0
  9
$CHAMFERD
 40
0.0
  9
$SKPOLY
 70
0
  9
$TDCREATE
 40
2461199.0755902776
  9
$TDUCREATE
 40
2458532.153996898
  9
$TDUPDATE
 40
2461199.0755902776
  9
$TDUUPDATE
 40
2458532.1544311
  9
$TDINDWG
 40
0.0
  9
$TDUSRTIMER
 40
0.0
  9
$USRTIMER
 70
1
  9
$ANGBASE
 50
0.0
  9
$ANGDIR
 70
0
  9
$PDMODE
 70
0
  9
$PDSIZE
 40
0.0
  9
$PLINEWID
 40
0.0
  9
$SPLFRAME
 70
0
  9
$SPLINETYPE
 70
6
  9
$SPLINESEGS
 70
8
  9
$HANDSEED
  5
C97
  9
$SURFTAB1
 70
6
  9
$SURFTAB2
 70
6
  9
$SURFTYPE
 70
6
  9
$SURFU
 70
6
  9
$SURFV
 70
6
  9
$UCSBASE
  2

  9
$UCSNAME
  2

  9
$UCSORG
 10
0.0
 20
0.0
 30
0.0
  9
$UCSXDIR
 10
1.0
 20
0.0
 30
0.0
  9
$UCSYDIR
 10
0.0
 20
1.0
 30
0.0
  9
$UCSORTHOREF
  2

  9
$UCSORTHOVIEW
 70
0
  9
$UCSORGTOP
 10
0.0
 20
0.0
 30
0.0
  9
$UCSORGBOTTOM
 10
0.0
 20
0.0
 30
0.0
  9
$UCSORGLEFT
 10
0.0
 20
0.0
 30
0.0
  9
$UCSORGRIGHT
 10
0.0
 20
0.0
 30
0.0
  9
$UCSORGFRONT
 10
0.0
 20
0.0
 30
0.0
  9
$UCSORGBACK
 10
0.0
 20
0.0
 30
0.0
  9
$PUCSBASE
  2

  9
$PUCSNAME
  2

  9
$PUCSORG
 10
0.0
 20
0.0
 30
0.0
  9
$PUCSXDIR
 10
1.0
 20
0.0
 30
0.0
  9
$PUCSYDIR
 10
0.0
 20
1.0
 30
0.0
  9
$PUCSORTHOREF
  2

  9
$PUCSORTHOVIEW
 70
0
  9
$PUCSORGTOP
 10
0.0
 20
0.0
 30
0.0
  9
$PUCSORGBOTTOM
 10
0.0
 20
0.0
 30
0.0
  9
$PUCSORGLEFT
 10
0.0
 20
0.0
 30
0.0
  9
$PUCSORGRIGHT
 10
0.0
 20
0.0
 30
0.0
  9
$PUCSORGFRONT
 10
0.0
 20
0.0
 30
0.0
  9
$PUCSORGBACK
 10
0.0
 20
0.0
 30
0.0
  9
$USERI1
 70
0
  9
$USERI2
 70
0
  9
$USERI3
 70
0
  9
$USERI4
 70
0
  9
$USERI5
 70
0
  9
$USERR1
 40
0.0
  9
$USERR2
 40
0.0
  9
$USERR3
 40
0.0
  9
$USERR4
 40
0.0
  9
$USERR5
 40
0.0
  9
$WORLDVIEW
 70
1
  9
$SHADEDGE
 70
3
  9
$SHADEDIF
 70
70
  9
$TILEMODE
 70
1
  9
$MAXACTVP
 70
64
  9
$PINSBASE
 10
0.0
 20
0.0
 30
0.0
  9
$PLIMCHECK
 70
0
  9
$PEXTMIN
 10
1e+20
 20
1e+20
 30
1e+20
  9
$PEXTMAX
 10
-1e+20
 20
-1e+20
 30
-1e+20
  9
$PLIMMIN
 10
0.0
 20
0.0
  9
$PLIMMAX
 10
420.0
 20
297.0
  9
$UNITMODE
 70
0
  9
$VISRETAIN
 70
1
  9
$PLINEGEN
 70
0
  9
$PSLTSCALE
 70
1
  9
$TREEDEPTH
 70
3020
  9
$CMLSTYLE
  2
Standard
  9
$CMLJUST
 70
0
  9
$CMLSCALE
 40
20.0
  9
$PROXYGRAPHICS
 70
1
  9
$MEASUREMENT
 70
1
  9
$CELWEIGHT
370
-1
  9
$ENDCAPS
280
0
  9
$JOINSTYLE
280
0
  9
$LWDISPLAY
290
0
  9
$INSUNITS
 70
6
  9
$HYPERLINKBASE
  1

  9
$STYLESHEET
  1

  9
$XEDIT
290
1
  9
$CEPSNTYPE
380
0
  9
$PSTYLEMODE
290
1
  9
$FINGERPRINTGUID
  2
{178B5EE2-2CDF-4DC7-B6F1-EB370FEA39B8}
  9
$VERSIONGUID
  2
{794FC1A6-5622-4F77-A668-CF3B514BB351}
  9
$EXTNAMES
290
1
  9
$PSVPSCALE
 40
0.0
  9
$OLESTARTUP
290
0
  9
$SORTENTS
280
127
  9
$INDEXCTL
280
0
  9
$HIDETEXT
280
1
  9
$XCLIPFRAME
280
1
  9
$HALOGAP
280
0
  9
$OBSCOLOR
 70
257
  9
$OBSLTYPE
280
0
  9
$INTERSECTIONDISPLAY
280
0
  9
$INTERSECTIONCOLOR
 70
257
  9
$DIMASSOC
280
2
  9
$PROJECTNAME
  1

  9
$CAMERADISPLAY
290
0
  9
$LENSLENGTH
 40
50.0
  9
$CAMERAHEIGHT
 40
0.0
  9
$STEPSPERSEC
 40
24.0
  9
$STEPSIZE
 40
100.0
  9
$3DDWFPREC
 40
2.0
  9
$PSOLWIDTH
 40
0.005
  9
$PSOLHEIGHT
 40
0.08
  9
$LOFTANG1
 40
1.570796326795
  9
$LOFTANG2
 40
1.570796326795
  9
$LOFTMAG1
 40
0.0
  9
$LOFTMAG2
 40
0.0
  9
$LOFTPARAM
 70
7
  9
$LOFTNORMALS
280
1
  9
$LATITUDE
 40
37.795
  9
$LONGITUDE
 40
-122.394
  9
$NORTHDIRECTION
 40
0.0
  9
$TIMEZONE
 70
-8000
  9
$LIGHTGLYPHDISPLAY
280
1
  9
$TILEMODELIGHTSYNCH
280
1
  9
$CMATERIAL
347
20
  9
$SOLIDHIST
280
0
  9
$SHOWHIST
280
1
  9
$DWFFRAME
280
2
  9
$DGNFRAME
280
2
  9
$REALWORLDSCALE
290
1
  9
$INTERFERECOLOR
 62
256
  9
$CSHADOW
280
0
  9
$SHADOWPLANELOCATION
 40
0.0
  0
ENDSEC
  0
SECTION
  2
CLASSES
  0
CLASS
  1
ACDBDICTIONARYWDFLT
  2
AcDbDictionaryWithDefault
  3
ObjectDBX Classes
 90
0
 91
0
280
0
281
0
  0
CLASS
  1
SUN
  2
AcDbSun
  3
SCENEOE
 90
1153
 91
0
280
0
281
0
  0
CLASS
  1
VISUALSTYLE
  2
AcDbVisualStyle
  3
ObjectDBX Classes
 90
4095
 91
0
280
0
281
0
  0
CLASS
  1
MATERIAL
  2
AcDbMaterial
  3
ObjectDBX Classes
 90
1153
 91
0
280
0
281
0
  0
CLASS
  1
SCALE
  2
AcDbScale
  3
ObjectDBX Classes
 90
1153
 91
0
280
0
281
0
  0
CLASS
  1
TABLESTYLE
  2
AcDbTableStyle
  3
ObjectDBX Classes
 90
4095
 91
0
280
0
281
0
  0
CLASS
  1
MLEADERSTYLE
  2
AcDbMLeaderStyle
  3
ACDB_MLEADERSTYLE_CLASS
 90
4095
 91
0
280
0
281
0
  0
CLASS
  1
DICTIONARYVAR
  2
AcDbDictionaryVar
  3
ObjectDBX Classes
 90
0
 91
0
280
0
281
0
  0
CLASS
  1
CELLSTYLEMAP
  2
AcDbCellStyleMap
  3
ObjectDBX Classes
 90
1152
 91
0
280
0
281
0
  0
CLASS
  1
MENTALRAYRENDERSETTINGS
  2
AcDbMentalRayRenderSettings
  3
SCENEOE
 90
1024
 91
0
280
0
281
0
  0
CLASS
  1
ACDBDETAILVIEWSTYLE
  2
AcDbDetailViewStyle
  3
ObjectDBX Classes
 90
1025
 91
0
280
0
281
0
  0
CLASS
  1
ACDBSECTIONVIEWSTYLE
  2
AcDbSectionViewStyle
  3
ObjectDBX Classes
 90
1025
 91
0
280
0
281
0
  0
CLASS
  1
RASTERVARIABLES
  2
AcDbRasterVariables
  3
ISM
 90
0
 91
0
280
0
281
0
  0
CLASS
  1
ACDBPLACEHOLDER
  2
AcDbPlaceHolder
  3
ObjectDBX Classes
 90
0
 91
0
280
0
281
0
  0
CLASS
  1
LAYOUT
  2
AcDbLayout
  3
ObjectDBX Classes
 90
0
 91
0
280
0
281
0
  0
ENDSEC
  0
SECTION
  2
TABLES
  0
TABLE
  2
VPORT
  5
8
330
0
100
AcDbSymbolTable
 70
1
  0
VPORT
  5
23
330
8
100
AcDbSymbolTableRecord
100
AcDbViewportTableRecord
  2
*Active
 70
0
 10
0.0
 20
0.0
 11
1.0
 21
1.0
 12
0.0
 22
0.0
 13
0.0
 23
0.0
 14
0.5
 24
0.5
 15
0.5
 25
0.5
 16
0.0
 26
0.0
 36
1.0
 17
0.0
 27
0.0
 37
0.0
 40
1000.0
 41
1.34
 42
50.0
 43
0.0
 44
0.0
 50
0.0
 51
0.0
 71
0
 72
1000
 73
1
 74
3
 75
0
 76
0
 77
0
 78
0
281
0
 65
0
146
0.0
  0
ENDTAB
  0
TABLE
  2
LTYPE
  5
2
330
0
100
AcDbSymbolTable
 70
3
  0
LTYPE
  5
24
330
2
100
AcDbSymbolTableRecord
100
AcDbLinetypeTableRecord
  2
ByBlock
 70
0
  3

 72
65
 73
0
 40
0.0
  0
LTYPE
  5
25
330
2
100
AcDbSymbolTableRecord
100
AcDbLinetypeTableRecord
  2
ByLayer
 70
0
  3

 72
65
 73
0
 40
0.0
  0
LTYPE
  5
26
330
2
100
AcDbSymbolTableRecord
100
AcDbLinetypeTableRecord
  2
Continuous
 70
0
  3

 72
65
 73
0
 40
0.0
  0
ENDTAB
  0
TABLE
  2
LAYER
  5
1
330
0
100
AcDbSymbolTable
 70
2
  0
LAYER
  5
27
330
1
100
AcDbSymbolTableRecord
100
AcDbLayerTableRecord
  2
0
 70
0
 62
7
  6
Continuous
370
-3
390
13
347
21
  0
LAYER
  5
28
330
1
100
AcDbSymbolTableRecord
100
AcDbLayerTableRecord
  2
Defpoints
 70
0
 62
7
  6
Continuous
290
0
370
-3
390
13
347
21
  0
ENDTAB
  0
TABLE
  2
STYLE
  5
5
330
0
100
AcDbSymbolTable
 70
1
  0
STYLE
  5
29
330
5
100
AcDbSymbolTableRecord
100
AcDbTextStyleTableRecord
  2
Standard
 70
0
 40
0.0
 41
1.0
 50
0.0
 71
0
 42
2.5
  3
txt
  4

  0
ENDTAB
  0
TABLE
  2
VIEW
  5
7
330
0
100
AcDbSymbolTable
 70
0
  0
ENDTAB
  0
TABLE
  2
UCS
  5
6
330
0
100
AcDbSymbolTable
 70
0
  0
ENDTAB
  0
TABLE
  2
APPID
  5
3
330
0
100
AcDbSymbolTable
 70
3
  0
APPID
  5
2A
330
3
100
AcDbSymbolTableRecord
100
AcDbRegAppTableRecord
  2
ACAD
 70
0
  0
APPID
  5
C94
330
3
100
AcDbSymbolTableRecord
100
AcDbRegAppTableRecord
  2
HATCHBACKGROUNDCOLOR
 70
0
  0
APPID
  5
C95
330
3
100
AcDbSymbolTableRecord
100
AcDbRegAppTableRecord
  2
EZDXF
 70
0
  0
ENDTAB
  0
TABLE
  2
DIMSTYLE
  5
4
330
0
100
AcDbSymbolTable
 70
1
100
AcDbDimStyleTable
  0
DIMSTYLE
105
2B
330
4
100
AcDbSymbolTableRecord
100
AcDbDimStyleTableRecord
  2
Standard
 70
0
 40
1.0
 41
2.5
 42
0.625
 43
3.75
 44
1.25
 45
0.0
 46
0.0
 47
0.0
 48
0.0
 49
2.5
140
2.5
141
2.5
142
0.0
143
0.03937007874
144
1.0
145
0.0
146
1.0
147
0.625
148
0.0
 69
0
 70
0
 71
0
 72
0
 73
0
 74
0
 75
0
 76
0
 77
1
 78
8
 79
3
170
0
171
3
172
1
173
0
174
0
175
0
176
0
177
0
178
0
179
2
271
2
272
2
273
2
274
3
275
0
276
0
277
2
278
44
279
0
280
0
281
0
282
0
283
0
284
8
285
0
286
0
288
0
289
3
290
0
371
-2
372
-2
  0
ENDTAB
  0
TABLE
  2
BLOCK_RECORD
  5
9
330
0
100
AcDbSymbolTable
 70
2
  0
BLOCK_RECORD
  5
17
330
9
100
AcDbSymbolTableRecord
100
AcDbBlockTableRecord
  2
*Model_Space
340
1A
 70
0
280
1
281
0
  0
BLOCK_RECORD
  5
1B
330
9
100
AcDbSymbolTableRecord
100
AcDbBlockTableRecord
  2
*Paper_Space
340
1E
 70
0
280
1
281
0
  0
ENDTAB
  0
ENDSEC
  0
SECTION
  2
BLOCKS
  0
BLOCK
  5
18
330
17
100
AcDbEntity
  8
0
100
AcDbBlockBegin
  2
*Model_Space
 70
0
 10
0.0
 20
0.0
 30
0.0
  3
*Model_Space
  1

  0
ENDBLK
  5
19
330
17
100
AcDbEntity
  8
0
100
AcDbBlockEnd
  0
BLOCK
  5
1C
330
1B
100
AcDbEntity
  8
0
100
AcDbBlockBegin
  2
*Paper_Space
 70
0
 10
0.0
 20
0.0
 30
0.0
  3
*Paper_Space
  1

  0
ENDBLK
  5
1D
330
1B
100
AcDbEntity
  8
0
100
AcDbBlockEnd
  0
ENDSEC
  0
SECTION
  2
ENTITIES
  0
POLYLINE
  5
2F
330
17
100
AcDbEntity
  8
0
100
AcDb2dPolyline
 66
1
 10
0.0
 20
0.0
 30
0.0
 70
0
  0
VERTEX
  5
31
330
17
100
AcDbEntity
  8
0
100
AcDbVertex
100
AcDb2dVertex
 10
-4.0
 20
0.0
 30
0.0
 70
0
  0
VERTEX
  5
32
330
17
100
AcDbEntity
  8
0
100
AcDbVertex
100
AcDb2dVertex
 10
4.0
 20
0.0
 30
0.0
 70
0
  0
VERTEX
  5
33
330
17
100
AcDbEntity
  8
0
100
AcDbVertex
100
AcDb2dVertex
 10
0.0
 20
-4.0
 30
0.0
 70
0
  0
VERTEX
  5
34
330
17
100
AcDbEntity
  8
0
100
AcDbVertex
100
AcDb2dVertex
 10
0.0
 20
4.0
 30
0.0
 70
0
  0
SEQEND
  5
30
330
2F
100
AcDbEntity
  8
0
  0
POLYLINE
  5
35
330
17
100
AcDbEntity
  8
0
100
AcDb2dPolyline
 66
1
 10
0.0
 20
0.0
 30
0.0
 70
0
  0
VERTEX
  5
37
330
17
100
AcDbEntity
  8
0
100
AcDbVertex
100
AcDb2dVertex
 10
0.0
 20
-6.0
 30
0.0
 70
0
  0
VERTEX
  5
38
330
17
100
AcDbEntity
  8
0
100
AcDbVertex
100
AcDb2dVertex
 10
0.0
 20
0.0
 30
0.0
 70
0
  0
VERTEX
  5
39
330
17
100
AcDbEntity
  8
0
100
AcDbVertex
100
AcDb2dVertex
 10
6.0
 20
0.0
 30
0.0
 70
0
  0
SEQEND
  5
36
330
35
100
AcDbEntity
  8
0
  0
POLYLINE
  5
3A
330
17
100
AcDbEntity
  8
0
100
AcDb2dPolyline
 66
1
 10
0.0
 20
0.0
 30
0.0
 70
0
  0
VERTEX
  5
3C
330
17
100
AcDbEntity
  8
0
100
AcDbVertex
100
AcDb2dVertex
 10
-4.0
 20
-4.0
 30
0.0
 70
0
  0
VERTEX
  5
3D
330
17
100
AcDbEntity
  8
0
100
AcDbVertex
100
AcDb2dVertex
 10
4.0
 20
4.0
 30
0.0
 70
0
  0
VERTEX
  5
3E
330
17
100
AcDbEntity
  8
0
100
AcDbVertex
100
AcDb2dVertex
 10
-4.0
 20
4.0
 30
0.0
 70
0
  0
VERTEX
  5
3F
330
17
100
AcDbEntity
  8
0
100
AcDbVertex
100
AcDb2dVertex
 10
4.0
 20
-4.0
 30
0.0
 70
0
  0
VERTEX
  5
40
330
17
100
AcDbEntity
  8
0
100
AcDbVertex
100
AcDb2dVertex
 10
-4.0
 20
-4.0
 30
0.0
 70
0
  0
SEQEND
  5
3B
330
3A
100
AcDbEntity
  8
0
  0
POLYLINE
  5
41
330
17
100
AcDbEntity
  8
0
100
AcDb2dPolyline
 66
1
 10
0.0
 20
0.0
 30
0.0
 70
0
  0
VERTEX
  5
43
330
17
100
AcDbEntity
  8
0
100
AcDbVertex
100
AcDb2dVertex
 10
-5.0
 20
-5.0
 30
0.0
 70
0
  0
VERTEX
  5
44
330
17
100
AcDbEntity
  8
0
100
AcDbVertex
100
AcDb2dVertex
 10
5.0
 20
5.0
 30
0.0
 70
0
  0
VERTEX
  5
45
330
17
100
AcDbEntity
  8
0
100
AcDbVertex
100
AcDb2dVertex
 10
5.0
 20
-5.0
 30
0.0
 70
0
  0
VERTEX
  5
46
330
17
100
AcDbEntity
  8
0
100
AcDbVertex
100
AcDb2dVertex
 10
-5.0
 20
5.0
 30
0.0
 70
0
  0
SEQEND
  5
42
330
41
100
AcDbEntity
  8
0
  0
POLYLINE
  5
47
330
17
100
AcDbEntity
  8
0
100
AcDb2dPolyline
 66
1
 10
0.0
 20
0.0
 30
0.0
 70
0
  0
VERTEX
  5
49
330
17
100
AcDbEntity
  8
0
100
AcDbVertex
100
AcDb2dVertex
 10
4.0
 20
0.0
 30
0.0
 70
0
  0
VERTEX
  5
4A
330
17
100
AcDbEntity
  8
0
100
AcDbVertex
100
AcDb2dVertex
 10
4.0
 20
2.2091389992
 30
0.0
 70
0
  0
VERTEX
  5
4B
330
17
100
AcDbEntity
  8
0
100
AcDbVertex
100
AcDb2dVertex
 10
2.2091389992
 20
4.0
 30
0.0
 70
0
  0
VERTEX
  5
4C
330
17
100
AcDbEntity
  8
0
100
AcDbVertex
100
AcDb2dVertex
 10
0.0
 20
4.0
 30
0.0
 70
0
  0
VERTEX
  5
4D
330
17
100
AcDbEntity
  8
0
100
AcDbVertex
100
AcDb2dVertex
 10
-2.2091389992
 20
4.0
 30
0.0
 70
0
  0
VERTEX
  5
4E
330
17
100
AcDbEntity
  8
0
100
AcDbVertex
100
AcDb2dVertex
 10
-4.0
 20
2.2091389992
 30
0.0
 70
0
  0
VERTEX
  5
4F
330
17
100
AcDbEntity
  8
0
100
AcDbVertex
100
AcDb2dVertex
 10
-4.0
 20
0.0
 30
0.0
 70
0
  0
VERTEX
  5
50
330
17
100
AcDbEntity
  8
0
100
AcDbVertex
100
AcDb2dVertex
 10
-4.0
 20
-2.2091389992
 30
0.0
 70
0
  0
VERTEX
  5
51
330
17
100
AcDbEntity
  8
0
100
AcDbVertex
100
AcDb2dVertex
 10
-2.2091389992
 20
-4.0
 30
0.0
 70
0
  0
VERTEX
  5
52
330
17
100
AcDbEntity
  8
0
100
AcDbVertex
100
AcDb2dVertex
 10
0.0
 20
-4.0
 30
0.0
 70
0
  0
VERTEX
  5
53
330
17
100
AcDbEntity
  8
0
100
AcDbVertex
100
AcDb2dVertex
 10
2.2091389992
 20
-4.0
 30
0.0
 70
0
  0
VERTEX
  5
54
330
17
100
AcDbEntity
  8
0
100
AcDbVertex
100
AcDb2dVertex
 10
4.0
 20
-2.2091389992
 30
0.0
 70
0
  0
VERTEX
  5
55
330
17
100
AcDbEntity
  8
0
100
AcDbVertex
100
AcDb2dVertex
 10
4.0
 20
0.0
 30
0.0
 70
0
  0
VERTEX
  5
56
330
17
100
AcDbEntity
  8
0
100
AcDbVertex
100
AcDb2dVertex
 10
-3.0
 20
-3.0
 30
0.0
 70
0
  0
VERTEX
  5
57
330
17
100
AcDbEntity
  8
0
100
AcDbVertex
100
AcDb2dVertex
 10
3.0
 20
3.0
 30
0.0
 70
0
  0
VERTEX
  5
58
330
17
100
AcDbEntity
  8
0
100
AcDbVertex
100
AcDb2dVertex
 10
3.0
 20
-3.0
 30
0.0
 70
0
  0
VERTEX
  5
59
330
17
100
AcDbEntity
  8
0
100
AcDbVertex
100
AcDb2dVertex
 10
-3.0
 20
3.0
 30
0.0
 70
0
  0
SEQEND
  5
48
330
47
100
AcDbEntity
  8
0
  0
POLYLINE
  5
5A
330
17
100
AcDbEntity
  8
8
 62
8
100
AcDb2dPolyline
 66
1
 10
0.0
 20
0.0
 30
0.0
 70
0
  0
VERTEX
  5
5C
330
17
100
AcDbEntity
  8
8
100
AcDbVertex
100
AcDb2dVertex
 10
2953.6105
 20
826.580257
 30
0.0
 70
0
  0
VERTEX
  5
5D
330
17
100
AcDbEntity
  8
8
100
AcDbVertex
100
AcDb2dVertex
 10
2953.6105
 20
956.580257
 30
0.0
 70
0
  0
VERTEX
  5
5E
330
17
100
AcDbEntity
  8
8
100
AcDbVertex
100
AcDb2dVertex
 10
3571.1105
 20
956.580257
 30
0.0
 70
0
  0
VERTEX
  5
5F
330
17
100
AcDbEntity
  8
8
100
AcDbVertex
100
AcDb2dVertex
 10
3571.1105
 20
916.580257
 30
0.0
 70
0
  0
VERTEX
  5
60
330
17
100
AcDbEntity
  8
8
100
AcDbVertex
100
AcDb2dVertex
 10
3552.1105
 20
916.580257
 30
0.0
 70
0
  0
VERTEX
  5
61
330
17
100
AcDbEntity
  8
8
100
AcDbVertex
100
AcDb2dVertex
 10
3552.1105
 20
944.580257
 30
0.0
 70
0
  0
VERTEX
  5
62
330
17
100
AcDbEntity
  8
8
100
AcDbVertex
100
AcDb2dVertex
 10
3134.1105
 20
944.580257
 30
0.0
 70
0
  0
VERTEX
  5
63
330
17
100
AcDbEntity
  8
8
100
AcDbVertex
100
AcDb2dVertex
 10
3134.1105
 20
906.580257
 30
0.0
 70
0
  0
VERTEX
  5
64
330
17
100
AcDbEntity
  8
8
100
AcDbVertex
100
AcDb2dVertex
 10
3115.1105
 20
906.580257
 30
0.0
 70
0
  0
VERTEX
  5
65
330
17
100
AcDbEntity
  8
8
100
AcDbVertex
100
AcDb2dVertex
 10
3115.1105
 20
944.580257
 30
0.0
 70
0
  0
VERTEX
  5
66
330
17
100
AcDbEntity
  8
8
100
AcDbVertex
100
AcDb2dVertex
 10
2972.6105
 20
944.580257
 30
0.0
 70
0
  0
VERTEX
  5
67
330
17
100
AcDbEntity
  8
8
100
AcDbVertex
100
AcDb2dVertex
 10
2972.6105
 20
826.580257
 30
0.0
 70
0
  0
VERTEX
  5
68
330
17
100
AcDbEntity
  8
8
100
AcDbVertex
100
AcDb2dVertex
 10
2953.6105
 20
826.580257
 30
0.0
 70
0
  0
SEQEND
  5
5B
330
5A
100
AcDbEntity
  8
8
  0
POLYLINE
  5
69
330
17
100
AcDbEntity
  8
8
 62
8
100
AcDb2dPolyline
 66
1
 10
0.0
 20
0.0
 30
0.0
 70
0
  0
VERTEX
  5
6B
330
17
100
AcDbEntity
  8
8
100
AcDbVertex
100
AcDb2dVertex
 10
3744.595026
 20
836.580257
 30
0.0
 70
0
  0
VERTEX
  5
6C
330
17
100
AcDbEntity
  8
8
100
AcDbVertex
100
AcDb2dVertex
 10
3552.1105
 20
836.580257
 30
0.0
 70
0
  0
VERTEX
  5
6D
330
17
100
AcDbEntity
  8
8
100
AcDbVertex
100
AcDb2dVertex
 10
3552.1105
 20
826.580257
 30
0.0
 70
0
  0
VERTEX
  5
6E
330
17
100
AcDbEntity
  8
8
100
AcDbVertex
100
AcDb2dVertex
 10
1443.6105
 20
826.580257
 30
0.0
 70
0
  0
VERTEX
  5
6F
330
17
100
AcDbEntity
  8
8
100
AcDbVertex
100
AcDb2dVertex
 10
1443.6105
 20
956.580257
 30
0.0
 70
0
  0
VERTEX
  5
70
330
17
100
AcDbEntity
  8
8
100
AcDbVertex
100
AcDb2dVertex
 10
1398.6105
 20
956.580257
 30
0.0
 70
0
  0
VERTEX
  5
71
330
17
100
AcDbEntity
  8
8
100
AcDbVertex
100
AcDb2dVertex
 10
1398.6105
 20
981.580257
 30
0.0
 70
0
  0
VERTEX
  5
72
330
17
100
AcDbEntity
  8
8
100
AcDbVertex
100
AcDb2dVertex
 10
1379.6105
 20
981.580257
 30
0.0
 70
0
  0
VERTEX
  5
73
330
17
100
AcDbEntity
  8
8
100
AcDbVertex
100
AcDb2dVertex
 10
1379.6105
 20
944.580257
 30
0.0
 70
0
  0
VERTEX
  5
74
330
17
100
AcDbEntity
  8
8
100
AcDbVertex
100
AcDb2dVertex
 10
1413.858702
 20
944.580257
 30
0.0
 70
0
  0
VERTEX
  5
75
330
17
100
AcDbEntity
  8
8
100
AcDbVertex
100
AcDb2dVertex
 10
1413.858702
 20
826.580257
 30
0.0
 70
0
  0
VERTEX
  5
76
330
17
100
AcDbEntity
  8
8
100
AcDbVertex
100
AcDb2dVertex
 10
1379.6105
 20
826.580257
 30
0.0
 70
0
  0
VERTEX
  5
77
330
17
100
AcDbEntity
  8
8
100
AcDbVertex
100
AcDb2dVertex
 10
1379.6105
 20
746.580257
 30
0.0
 70
0
  0
VERTEX
  5
78
330
17
100
AcDbEntity
  8
8
100
AcDbVertex
100
AcDb2dVertex
 10
1398.6105
 20
746.580257
 30
0.0
 70
0
  0
VERTEX
  5
79
330
17
100
AcDbEntity
  8
8
100
AcDbVertex
100
AcDb2dVertex
 10
1398.6105
 20
811.580257
 30
0.0
 70
0
  0
VERTEX
  5
7A
330
17
100
AcDbEntity
  8
8
100
AcDbVertex
100
AcDb2dVertex
 10
1804.1105
 20
811.580257
 30
0.0
 70
0
  0
VERTEX
  5
7B
330
17
100
AcDbEntity
  8
8
100
AcDbVertex
100
AcDb2dVertex
 10
1804.1105
 20
746.580257
 30
0.0
 70
0
  0
VERTEX
  5
7C
330
17
100
AcDbEntity
  8
8
100
AcDbVertex
100
AcDb2dVertex
 10
1823.1105
 20
746.580257
 30
0.0
 70
0
  0
VERTEX
  5
7D
330
17
100
AcDbEntity
  8
8
100
AcDbVertex
100
AcDb2dVertex
 10
1823.1105
 20
811.580257
 30
0.0
 70
0
  0
VERTEX
  5
7E
330
17
100
AcDbEntity
  8
8
100
AcDbVertex
100
AcDb2dVertex
 10
2241.1105
 20
811.580257
 30
0.0
 70
0
  0
VERTEX
  5
7F
330
17
100
AcDbEntity
  8
8
100
AcDbVertex
100
AcDb2dVertex
 10
2241.1105
 20
746.580257
 30
0.0
 70
0
  0
VERTEX
  5
80
330
17
100
AcDbEntity
  8
8
100
AcDbVertex
100
AcDb2dVertex
 10
2260.1105
 20
746.580257
 30
0.0
 70
0
  0
VERTEX
  5
81
330
17
100
AcDbEntity
  8
8
100
AcDbVertex
100
AcDb2dVertex
 10
2260.1105
 20
811.580257
 30
0.0
 70
0
  0
VERTEX
  5
82
330
17
100
AcDbEntity
  8
8
100
AcDbVertex
100
AcDb2dVertex
 10
2678.1105
 20
811.580257
 30
0.0
 70
0
  0
VERTEX
  5
83
330
17
100
AcDbEntity
  8
8
100
AcDbVertex
100
AcDb2dVertex
 10
2678.1105
 20
746.580257
 30
0.0
 70
0
  0
VERTEX
  5
84
330
17
100
AcDbEntity
  8
8
100
AcDbVertex
100
AcDb2dVertex
 10
2697.1105
 20
746.580257
 30
0.0
 70
0
  0
VERTEX
  5
85
330
17
100
AcDbEntity
  8
8
100
AcDbVertex
100
AcDb2dVertex
 10
2697.1105
 20
811.580257
 30
0.0
 70
0
  0
VERTEX
  5
86
330
17
100
AcDbEntity
  8
8
100
AcDbVertex
100
AcDb2dVertex
 10
3115.1105
 20
811.580257
 30
0.0
 70
0
  0
VERTEX
  5
87
330
17
100
AcDbEntity
  8
8
100
AcDbVertex
100
AcDb2dVertex
 10
3115.1105
 20
746.580257
 30
0.0
 70
0
  0
VERTEX
  5
88
330
17
100
AcDbEntity
  8
8
100
AcDbVertex
100
AcDb2dVertex
 10
3134.1105
 20
746.580257
 30
0.0
 70
0
  0
VERTEX
  5
89
330
17
100
AcDbEntity
  8
8
100
AcDbVertex
100
AcDb2dVertex
 10
3134.1105
 20
811.580257
 30
0.0
 70
0
  0
VERTEX
  5
8A
330
17
100
AcDbEntity
  8
8
100
AcDbVertex
100
AcDb2dVertex
 10
3552.1105
 20
811.580257
 30
0.0
 70
0
  0
VERTEX
  5
8B
330
17
100
AcDbEntity
  8
8
100
AcDbVertex
100
AcDb2dVertex
 10
3552.1105
 20
771.580257
 30
0.0
 70
0
  0
VERTEX
  5
8C
330
17
100
AcDbEntity
  8
8
100
AcDbVertex
100
AcDb2dVertex
 10
3571.1105
 20
771.580257
 30
0.0
 70
0
  0
VERTEX
  5
8D
330
17
100
AcDbEntity
  8
8
100
AcDbVertex
100
AcDb2dVertex
 10
3571.1105
 20
821.580257
 30
0.0
 70
0
  0
VERTEX
  5
8E
330
17
100
AcDbEntity
  8
8
100
AcDbVertex
100
AcDb2dVertex
 10
3744.595026
 20
821.580257
 30
0.0
 70
0
  0
VERTEX
  5
8F
330
17
100
AcDbEntity
  8
8
100
AcDbVertex
100
AcDb2dVertex
 10
3744.595026
 20
836.580257
 30
0.0
 70
0
  0
SEQEND
  5
6A
330
69
100
AcDbEntity
  8
8
  0
POLYLINE
  5
90
330
17
100
AcDbEntity
  8
1
 62
1
100
AcDb2dPolyline
 66
1
 10
0.0
 20
0.0
 30
0.0
 70
0
  0
VERTEX
  5
92
330
17
100
AcDbEntity
  8
1
100
AcDbVertex
100
AcDb2dVertex
 10
5030.612688
 20
1856.318611
 30
0.0
 70
0
  0
VERTEX
  5
93
330
17
100
AcDbEntity
  8
1
100
AcDbVertex
100
AcDb2dVertex
 10
5915.101203
 20
1856.318611
 30
0.0
 70
0
  0
VERTEX
  5
94
330
17
100
AcDbEntity
  8
1
100
AcDbVertex
100
AcDb2dVertex
 10
5915.101203
 20
2100.377596
 30
0.0
 70
0
  0
VERTEX
  5
95
330
17
100
AcDbEntity
  8
1
100
AcDbVertex
100
AcDb2dVertex
 10
5030.612688
 20
2100.377596
 30
0.0
 70
0
  0
VERTEX
  5
96
330
17
100
AcDbEntity
  8
1
100
AcDbVertex
100
AcDb2dVertex
 10
5030.612688
 20
1856.318611
 30
0.0
 70
0
  0
SEQEND
  5
91
330
90
100
AcDbEntity
  8
1
  0
POLYLINE
  5
97
330
17
100
AcDbEntity
  8
1
 62
1
100
AcDb2dPolyline
 66
1
 10
0.0
 20
0.0
 30
0.0
 70
0
  0
VERTEX
  5
99
330
17
100
AcDbEntity
  8
1
100
AcDbVertex
100
AcDb2dVertex
 10
5030.612688
 20
1820.396315
 30
0.0
 70
0
  0
VERTEX
  5
9A
330
17
100
AcDbEntity
  8
1
100
AcDbVertex
100
AcDb2dVertex
 10
5915.101203
 20
1820.396315
 30
0.0
 70
0
  0
VERTEX
  5
9B
330
17
100
AcDbEntity
  8
1
100
AcDbVertex
100
AcDb2dVertex
 10
5915.101203
 20
1590.358223
 30
0.0
 70
0
  0
VERTEX
  5
9C
330
17
100
AcDbEntity
  8
1
100
AcDbVertex
100
AcDb2dVertex
 10
5030.612688
 20
1590.358223
 30
0.0
 70
0
  0
VERTEX
  5
9D
330
17
100
AcDbEntity
  8
1
100
AcDbVertex
100
AcDb2dVertex
 10
5030.612688
 20
1820.396315
 30
0.0
 70
0
  0
SEQEND
  5
98
330
97
100
AcDbEntity
  8
1
  0
POLYLINE
  5
9E
330
17
100
AcDbEntity
  8
8
 62
8
100
AcDb2dPolyline
 66
1
 10
0.0
 20
0.0
 30
0.0
 70
0
  0
VERTEX
  5
A0
330
17
100
AcDbEntity
  8
8
100
AcDbVertex
100
AcDb2dVertex
 10
1590.720607
 20
1548.372267
 30
0.0
 70
0
  0
VERTEX
  5
A1
330
17
100
AcDbEntity
  8
8
100
AcDbVertex
100
AcDb2dVertex
 10
1551.201884
 20
1585.779302
 30
0.0
 70
0
  0
VERTEX
  5
A2
330
17
100
AcDbEntity
  8
8
100
AcDbVertex
100
AcDb2dVertex
 10
1515.831041
 20
1548.411718
 30
0.0
 70
0
  0
VERTEX
  5
A3
330
17
100
AcDbEntity
  8
8
100
AcDbVertex
100
AcDb2dVertex
 10
1497.674433
 20
1565.597399
 30
0.0
 70
0
  0
VERTEX
  5
A4
330
17
100
AcDbEntity
  8
8
100
AcDbVertex
100
AcDb2dVertex
 10
1488.050517
 20
1555.429906
 30
0.0
 70
0
  0
VERTEX
  5
A5
330
17
100
AcDbEntity
  8
8
100
AcDbVertex
100
AcDb2dVertex
 10
1514.921909
 20
1529.99512
 30
0.0
 70
0
  0
VERTEX
  5
A6
330
17
100
AcDbEntity
  8
8
100
AcDbVertex
100
AcDb2dVertex
 10
1545.857499
 20
1562.677075
 30
0.0
 70
0
  0
VERTEX
  5
A7
330
17
100
AcDbEntity
  8
8
100
AcDbVertex
100
AcDb2dVertex
 10
1576.661295
 20
1533.519284
 30
0.0
 70
0
  0
VERTEX
  5
A8
330
17
100
AcDbEntity
  8
8
100
AcDbVertex
100
AcDb2dVertex
 10
1590.720607
 20
1548.372267
 30
0.0
 70
0
  0
SEQEND
  5
9F
330
9E
100
AcDbEntity
  8
8
  0
POLYLINE
  5
A9
330
17
100
AcDbEntity
  8
8
 62
8
100
AcDb2dPolyline
 66
1
 10
0.0
 20
0.0
 30
0.0
 70
0
  0
VERTEX
  5
AB
330
17
100
AcDbEntity
  8
8
100
AcDbVertex
100
AcDb2dVertex
 10
2451.537807
 20
1477.785877
 30
0.0
 70
0
  0
VERTEX
  5
AC
330
17
100
AcDbEntity
  8
8
100
AcDbVertex
100
AcDb2dVertex
 10
2384.61273
 20
1477.785877
 30
0.0
 70
0
  0
VERTEX
  5
AD
330
17
100
AcDbEntity
  8
8
100
AcDbVertex
100
AcDb2dVertex
 10
2384.61273
 20
1425.785877
 30
0.0
 70
0
  0
VERTEX
  5
AE
330
17
100
AcDbEntity
  8
8
100
AcDbVertex
100
AcDb2dVertex
 10
2359.61273
 20
1425.785877
 30
0.0
 70
0
  0
VERTEX
  5
AF
330
17
100
AcDbEntity
  8
8
100
AcDbVertex
100
AcDb2dVertex
 10
2359.61273
 20
1411.785877
 30
0.0
 70
0
  0
VERTEX
  5
B0
330
17
100
AcDbEntity
  8
8
100
AcDbVertex
100
AcDb2dVertex
 10
2396.61273
 20
1411.785877
 30
0.0
 70
0
  0
VERTEX
  5
B1
330
17
100
AcDbEntity
  8
8
100
AcDbVertex
100
AcDb2dVertex
 10
2396.61273
 20
1458.785877
 30
0.0
 70
0
  0
VERTEX
  5
B2
330
17
100
AcDbEntity
  8
8
100
AcDbVertex
100
AcDb2dVertex
 10
2451.537807
 20
1458.785877
 30
0.0
 70
0
  0
VERTEX
  5
B3
330
17
100
AcDbEntity
  8
8
100
AcDbVertex
100
AcDb2dVertex
 10
2451.537807
 20
1477.785877
 30
0.0
 70
0
  0
SEQEND
  5
AA
330
A9
100
AcDbEntity
  8
8
  0
POLYLINE
  5
B4
330
17
100
AcDbEntity
  8
8
 62
8
100
AcDb2dPolyline
 66
1
 10
0.0
 20
0.0
 30
0.0
 70
0
  0
VERTEX
  5
B6
330
17
100
AcDbEntity
  8
8
100
AcDbVertex
100
AcDb2dVertex
 10
2384.61273
 20
1848.785877
 30
0.0
 70
0
  0
VERTEX
  5
B7
330
17
100
AcDbEntity
  8
8
100
AcDbVertex
100
AcDb2dVertex
 10
2384.61273
 20
1796.785877
 30
0.0
 70
0
  0
VERTEX
  5
B8
330
17
100
AcDbEntity
  8
8
100
AcDbVertex
100
AcDb2dVertex
 10
2451.537807
 20
1796.785877
 30
0.0
 70
0
  0
VERTEX
  5
B9
330
17
100
AcDbEntity
  8
8
100
AcDbVertex
100
AcDb2dVertex
 10
2451.537807
 20
1815.785877
 30
0.0
 70
0
  0
VERTEX
  5
BA
330
17
100
AcDbEntity
  8
8
100
AcDbVertex
100
AcDb2dVertex
 10
2396.61273
 20
1815.785877
 30
0.0
 70
0
  0
VERTEX
  5
BB
330
17
100
AcDbEntity
  8
8
100
AcDbVertex
100
AcDb2dVertex
 10
2396.61273
 20
1848.785877
 30
0.0
 70
0
  0
VERTEX
  5
BC
330
17
100
AcDbEntity
  8
8
100
AcDbVertex
100
AcDb2dVertex
 10
2384.61273
 20
1848.785877
 30
0.0
 70
0
  0
SEQEND
  5
B5
330
B4
100
AcDbEntity
  8
8
  0
POLYLINE
  5
BD
330
17
100
AcDbEntity
  8
9
 62
9
100
AcDb2dPolyline
 66
1
 10
0.0
 20
0.0
 30
0.0
 70
0
  0
VERTEX
  5
BF
330
17
100
AcDbEntity
  8
9
100
AcDbVertex
100
AcDb2dVertex
 10
3744.595026
 20
812.343264
 30
0.0
 70
0
  0
VERTEX
  5
C0
330
17
100
AcDbEntity
  8
9
100
AcDbVertex
100
AcDb2dVertex
 10
3744.595026
 20
807.382513
 30
0.0
 70
0
  0
VERTEX
  5
C1
330
17
100
AcDbEntity
  8
9
100
AcDbVertex
100
AcDb2dVertex
 10
3752.036138
 20
804.902151
 30
0.0
 70
0
  0
VERTEX
  5
C2
330
17
100
AcDbEntity
  8
9
100
AcDbVertex
100
AcDb2dVertex
 10
3737.153914
 20
804.902151
 30
0.0
 70
0
  0
VERTEX
  5
C3
330
17
100
AcDbEntity
  8
9
100
AcDbVertex
100
AcDb2dVertex
 10
3744.595026
 20
802.421776
 30
0.0
 70
0
  0
VERTEX
  5
C4
330
17
100
AcDbEntity
  8
9
100
AcDbVertex
100
AcDb2dVertex
 10
3744.595026
 20
797.461039
 30
0.0
 70
0
  0
SEQEND
  5
BE
330
BD
100
AcDbEntity
  8
9
  0
POLYLINE
  5
C5
330
17
100
AcDbEntity
  8
9
 62
9
100
AcDb2dPolyline
 66
1
 10
0.0
 20
0.0
 30
0.0
 70
0
  0
VERTEX
  5
C7
330
17
100
AcDbEntity
  8
9
100
AcDbVertex
100
AcDb2dVertex
 10
3501.714348
 20
879.471087
 30
0.0
 70
0
  0
VERTEX
  5
C8
330
17
100
AcDbEntity
  8
9
100
AcDbVertex
100
AcDb2dVertex
 10
3563.594457
 20
879.471087
 30
0.0
 70
0
  0
VERTEX
  5
C9
330
17
100
AcDbEntity
  8
9
100
AcDbVertex
100
AcDb2dVertex
 10
3553.680009
 20
878.165825
 30
0.0
 70
0
  0
VERTEX
  5
CA
330
17
100
AcDbEntity
  8
9
100
AcDbVertex
100
AcDb2dVertex
 10
3563.594457
 20
879.471087
 30
0.0
 70
0
  0
VERTEX
  5
CB
330
17
100
AcDbEntity
  8
9
100
AcDbVertex
100
AcDb2dVertex
 10
3553.680009
 20
880.776349
 30
0.0
 70
0
  0
SEQEND
  5
C6
330
C5
100
AcDbEntity
  8
9
  0
POLYLINE
  5
CC
330
17
100
AcDbEntity
  8
9
 62
9
100
AcDb2dPolyline
 66
1
 10
0.0
 20
0.0
 30
0.0
 70
0
  0
VERTEX
  5
CE
330
17
100
AcDbEntity
  8
9
100
AcDbVertex
100
AcDb2dVertex
 10
3300.003331
 20
862.485137
 30
0.0
 70
0
  0
VERTEX
  5
CF
330
17
100
AcDbEntity
  8
9
100
AcDbVertex
100
AcDb2dVertex
 10
3361.88344
 20
862.485137
 30
0.0
 70
0
  0
VERTEX
  5
D0
330
17
100
AcDbEntity
  8
9
100
AcDbVertex
100
AcDb2dVertex
 10
3351.968992
 20
861.179876
 30
0.0
 70
0
  0
VERTEX
  5
D1
330
17
100
AcDbEntity
  8
9
100
AcDbVertex
100
AcDb2dVertex
 10
3361.88344
 20
862.485137
 30
0.0
 70
0
  0
VERTEX
  5
D2
330
17
100
AcDbEntity
  8
9
100
AcDbVertex
100
AcDb2dVertex
 10
3351.968992
 20
863.790399
 30
0.0
 70
0
  0
SEQEND
  5
CD
330
CC
100
AcDbEntity
  8
9
  0
POLYLINE
  5
D3
330
17
100
AcDbEntity
  8
9
 62
9
100
AcDb2dPolyline
 66
1
 10
0.0
 20
0.0
 30
0.0
 70
0
  0
VERTEX
  5
D5
330
17
100
AcDbEntity
  8
9
100
AcDbVertex
100
AcDb2dVertex
 10
3065.003214
 20
862.485137
 30
0.0
 70
0
  0
VERTEX
  5
D6
330
17
100
AcDbEntity
  8
9
100
AcDbVertex
100
AcDb2dVertex
 10
3126.883324
 20
862.485137
 30
0.0
 70
0
  0
VERTEX
  5
D7
330
17
100
AcDbEntity
  8
9
100
AcDbVertex
100
AcDb2dVertex
 10
3116.968875
 20
861.179876
 30
0.0
 70
0
  0
VERTEX
  5
D8
330
17
100
AcDbEntity
  8
9
100
AcDbVertex
100
AcDb2dVertex
 10
3126.883324
 20
862.485137
 30
0.0
 70
0
  0
VERTEX
  5
D9
330
17
100
AcDbEntity
  8
9
100
AcDbVertex
100
AcDb2dVertex
 10
3116.968875
 20
863.790399
 30
0.0
 70
0
  0
SEQEND
  5
D4
330
D3
100
AcDbEntity
  8
9
  0
POLYLINE
  5
DA
330
17
100
AcDbEntity
  8
9
 62
9
100
AcDb2dPolyline
 66
1
 10
0.0
 20
0.0
 30
0.0
 70
0
  0
VERTEX
  5
DC
330
17
100
AcDbEntity
  8
9
100
AcDbVertex
100
AcDb2dVertex
 10
3511.928928
 20
985.633735
 30
0.0
 70
0
  0
VERTEX
  5
DD
330
17
100
AcDbEntity
  8
9
100
AcDbVertex
100
AcDb2dVertex
 10
3560.384045
 20
985.633735
 30
0.0
 70
0
  0
VERTEX
  5
DE
330
17
100
AcDbEntity
  8
9
100
AcDbVertex
100
AcDb2dVertex
 10
3560.384045
 20
928.576772
 30
0.0
 70
0
  0
VERTEX
  5
DF
330
17
100
AcDbEntity
  8
9
100
AcDbVertex
100
AcDb2dVertex
 10
3559.078783
 20
938.491221
 30
0.0
 70
0
  0
VERTEX
  5
E0
330
17
100
AcDbEntity
  8
9
100
AcDbVertex
100
AcDb2dVertex
 10
3560.384045
 20
928.576772
 30
0.0
 70
0
  0
VERTEX
  5
E1
330
17
100
AcDbEntity
  8
9
100
AcDbVertex
100
AcDb2dVertex
 10
3561.689307
 20
938.491221
 30
0.0
 70
0
  0
SEQEND
  5
DB
330
DA
100
AcDbEntity
  8
9
  0
POLYLINE
  5
E2
330
17
100
AcDbEntity
  8
9
 62
9
100
AcDb2dPolyline
 66
1
 10
0.0
 20
0.0
 30
0.0
 70
0
  0
VERTEX
  5
E4
330
17
100
AcDbEntity
  8
9
100
AcDbVertex
100
AcDb2dVertex
 10
3076.573316
 20
985.633735
 30
0.0
 70
0
  0
VERTEX
  5
E5
330
17
100
AcDbEntity
  8
9
100
AcDbVertex
100
AcDb2dVertex
 10
3125.028433
 20
985.633735
 30
0.0
 70
0
  0
VERTEX
  5
E6
330
17
100
AcDbEntity
  8
9
100
AcDbVertex
100
AcDb2dVertex
 10
3125.028433
 20
928.576772
 30
0.0
 70
0
  0
VERTEX
  5
E7
330
17
100
AcDbEntity
  8
9
100
AcDbVertex
100
AcDb2dVertex
 10
3123.723171
 20
938.491221
 30
0.0
 70
0
  0
VERTEX
  5
E8
330
17
100
AcDbEntity
  8
9
100
AcDbVertex
100
AcDb2dVertex
 10
3125.028433
 20
928.576772
 30
0.0
 70
0
  0
VERTEX
  5
E9
330
17
100
AcDbEntity
  8
9
100
AcDbVertex
100
AcDb2dVertex
 10
3126.333695
 20
938.491221
 30
0.0
 70
0
  0
SEQEND
  5
E3
330
E2
100
AcDbEntity
  8
9
  0
POLYLINE
  5
EA
330
17
100
AcDbEntity
  8
9
 62
9
100
AcDb2dPolyline
 66
1
 10
0.0
 20
0.0
 30
0.0
 70
0
  0
VERTEX
  5
EC
330
17
100
AcDbEntity
  8
9
100
AcDbVertex
100
AcDb2dVertex
 10
3492.380531
 20
725.908459
 30
0.0
 70
0
  0
VERTEX
  5
ED
330
17
100
AcDbEntity
  8
9
100
AcDbVertex
100
AcDb2dVertex
 10
3561.777449
 20
725.908459
 30
0.0
 70
0
  0
VERTEX
  5
EE
330
17
100
AcDbEntity
  8
9
100
AcDbVertex
100
AcDb2dVertex
 10
3561.777449
 20
780.887295
 30
0.0
 70
0
  0
VERTEX
  5
EF
330
17
100
AcDbEntity
  8
9
100
AcDbVertex
100
AcDb2dVertex
 10
3563.082711
 20
770.972847
 30
0.0
 70
0
  0
VERTEX
  5
F0
330
17
100
AcDbEntity
  8
9
100
AcDbVertex
100
AcDb2dVertex
 10
3561.777449
 20
780.887295
 30
0.0
 70
0
  0
VERTEX
  5
F1
330
17
100
AcDbEntity
  8
9
100
AcDbVertex
100
AcDb2dVertex
 10
3560.472187
 20
770.972847
 30
0.0
 70
0
  0
SEQEND
  5
EB
330
EA
100
AcDbEntity
  8
9
  0
POLYLINE
  5
F2
330
17
100
AcDbEntity
  8
9
 62
9
100
AcDb2dPolyline
 66
1
 10
0.0
 20
0.0
 30
0.0
 70
0
  0
VERTEX
  5
F4
330
17
100
AcDbEntity
  8
9
100
AcDbVertex
100
AcDb2dVertex
 10
3055.380531
 20
710.296966
 30
0.0
 70
0
  0
VERTEX
  5
F5
330
17
100
AcDbEntity
  8
9
100
AcDbVertex
100
AcDb2dVertex
 10
3124.777449
 20
710.296966
 30
0.0
 70
0
  0
VERTEX
  5
F6
330
17
100
AcDbEntity
  8
9
100
AcDbVertex
100
AcDb2dVertex
 10
3124.777449
 20
765.275802
 30
0.0
 70
0
  0
VERTEX
  5
F7
330
17
100
AcDbEntity
  8
9
100
AcDbVertex
100
AcDb2dVertex
 10
3126.082711
 20
755.361354
 30
0.0
 70
0
  0
VERTEX
  5
F8
330
17
100
AcDbEntity
  8
9
100
AcDbVertex
100
AcDb2dVertex
 10
3124.777449
 20
765.275802
 30
0.0
 70
0
  0
VERTEX
  5
F9
330
17
100
AcDbEntity
  8
9
100
AcDbVertex
100
AcDb2dVertex
 10
3123.472187
 20
755.361354
 30
0.0
 70
0
  0
SEQEND
  5
F3
330
F2
100
AcDbEntity
  8
9
  0
POLYLINE
  5
FA
330
17
100
AcDbEntity
  8
9
 62
9
100
AcDb2dPolyline
 66
1
 10
0.0
 20
0.0
 30
0.0
 70
0
  0
VERTEX
  5
FC
330
17
100
AcDbEntity
  8
9
100
AcDbVertex
100
AcDb2dVertex
 10
2887.808058
 20
878.981581
 30
0.0
 70
0
  0
VERTEX
  5
FD
330
17
100
AcDbEntity
  8
9
100
AcDbVertex
100
AcDb2dVertex
 10
2965.012429
 20
878.981581
 30
0.0
 70
0
  0
VERTEX
  5
FE
330
17
100
AcDbEntity
  8
9
100
AcDbVertex
100
AcDb2dVertex
 10
2955.097981
 20
877.676319
 30
0.0
 70
0
  0
VERTEX
  5
FF
330
17
100
AcDbEntity
  8
9
100
AcDbVertex
100
AcDb2dVertex
 10
2965.012429
 20
878.981581
 30
0.0
 70
0
  0
VERTEX
  5
100
330
17
100
AcDbEntity
  8
9
100
AcDbVertex
100
AcDb2dVertex
 10
2955.097981
 20
880.286843
 30
0.0
 70
0
  0
SEQEND
  5
FB
330
FA
100
AcDbEntity
  8
9
  0
POLYLINE
  5
101
330
17
100
AcDbEntity
  8
9
 62
9
100
AcDb2dPolyline
 66
1
 10
0.0
 20
0.0
 30
0.0
 70
0
  0
VERTEX
  5
103
330
17
100
AcDbEntity
  8
9
100
AcDbVertex
100
AcDb2dVertex
 10
2631.150069
 20
841.768943
 30
0.0
 70
0
  0
VERTEX
  5
104
330
17
100
AcDbEntity
  8
9
100
AcDbVertex
100
AcDb2dVertex
 10
2685.599224
 20
841.768943
 30
0.0
 70
0
  0
VERTEX
  5
105
330
17
100
AcDbEntity
  8
9
100
AcDbVertex
100
AcDb2dVertex
 10
2685.599224
 20
793.093046
 30
0.0
 70
0
  0
VERTEX
  5
106
330
17
100
AcDbEntity
  8
9
100
AcDbVertex
100
AcDb2dVertex
 10
2684.293962
 20
803.007495
 30
0.0
 70
0
  0
VERTEX
  5
107
330
17
100
AcDbEntity
  8
9
100
AcDbVertex
100
AcDb2dVertex
 10
2685.599224
 20
793.093046
 30
0.0
 70
0
  0
VERTEX
  5
108
330
17
100
AcDbEntity
  8
9
100
AcDbVertex
100
AcDb2dVertex
 10
2686.904486
 20
803.007495
 30
0.0
 70
0
  0
SEQEND
  5
102
330
101
100
AcDbEntity
  8
9
  0
POLYLINE
  5
109
330
17
100
AcDbEntity
  8
9
 62
9
100
AcDb2dPolyline
 66
1
 10
0.0
 20
0.0
 30
0.0
 70
0
  0
VERTEX
  5
10B
330
17
100
AcDbEntity
  8
9
100
AcDbVertex
100
AcDb2dVertex
 10
2194.150069
 20
841.768943
 30
0.0
 70
0
  0
VERTEX
  5
10C
330
17
100
AcDbEntity
  8
9
100
AcDbVertex
100
AcDb2dVertex
 10
2248.599224
 20
841.768943
 30
0.0
 70
0
  0
VERTEX
  5
10D
330
17
100
AcDbEntity
  8
9
100
AcDbVertex
100
AcDb2dVertex
 10
2248.599224
 20
793.093046
 30
0.0
 70
0
  0
VERTEX
  5
10E
330
17
100
AcDbEntity
  8
9
100
AcDbVertex
100
AcDb2dVertex
 10
2247.293962
 20
803.007495
 30
0.0
 70
0
  0
VERTEX
  5
10F
330
17
100
AcDbEntity
  8
9
100
AcDbVertex
100
AcDb2dVertex
 10
2248.599224
 20
793.093046
 30
0.0
 70
0
  0
VERTEX
  5
110
330
17
100
AcDbEntity
  8
9
100
AcDbVertex
100
AcDb2dVertex
 10
2249.904486
 20
803.007495
 30
0.0
 70
0
  0
SEQEND
  5
10A
330
109
100
AcDbEntity
  8
9
  0
POLYLINE
  5
111
330
17
100
AcDbEntity
  8
9
 62
9
100
AcDb2dPolyline
 66
1
 10
0.0
 20
0.0
 30
0.0
 70
0
  0
VERTEX
  5
113
330
17
100
AcDbEntity
  8
9
100
AcDbVertex
100
AcDb2dVertex
 10
1487.937568
 20
980.714998
 30
0.0
 70
0
  0
VERTEX
  5
114
330
17
100
AcDbEntity
  8
9
100
AcDbVertex
100
AcDb2dVertex
 10
1430.533405
 20
980.714998
 30
0.0
 70
0
  0
VERTEX
  5
115
330
17
100
AcDbEntity
  8
9
100
AcDbVertex
100
AcDb2dVertex
 10
1430.533405
 20
910.429885
 30
0.0
 70
0
  0
VERTEX
  5
116
330
17
100
AcDbEntity
  8
9
100
AcDbVertex
100
AcDb2dVertex
 10
1429.228143
 20
920.344334
 30
0.0
 70
0
  0
VERTEX
  5
117
330
17
100
AcDbEntity
  8
9
100
AcDbVertex
100
AcDb2dVertex
 10
1430.533405
 20
910.429885
 30
0.0
 70
0
  0
VERTEX
  5
118
330
17
100
AcDbEntity
  8
9
100
AcDbVertex
100
AcDb2dVertex
 10
1431.838667
 20
920.344334
 30
0.0
 70
0
  0
SEQEND
  5
112
330
111
100
AcDbEntity
  8
9
  0
POLYLINE
  5
119
330
17
100
AcDbEntity
  8
9
 62
9
100
AcDb2dPolyline
 66
1
 10
0.0
 20
0.0
 30
0.0
 70
0
  0
VERTEX
  5
11B
330
17
100
AcDbEntity
  8
9
100
AcDbVertex
100
AcDb2dVertex
 10
1334.421987
 20
1013.595303
 30
0.0
 70
0
  0
VERTEX
  5
11C
330
17
100
AcDbEntity
  8
9
100
AcDbVertex
100
AcDb2dVertex
 10
1389.333987
 20
1013.595303
 30
0.0
 70
0
  0
VERTEX
  5
11D
330
17
100
AcDbEntity
  8
9
100
AcDbVertex
100
AcDb2dVertex
 10
1389.333987
 20
964.919406
 30
0.0
 70
0
  0
VERTEX
  5
11E
330
17
100
AcDbEntity
  8
9
100
AcDbVertex
100
AcDb2dVertex
 10
1388.028725
 20
974.833855
 30
0.0
 70
0
  0
VERTEX
  5
11F
330
17
100
AcDbEntity
  8
9
100
AcDbVertex
100
AcDb2dVertex
 10
1389.333987
 20
964.919406
 30
0.0
 70
0
  0
VERTEX
  5
120
330
17
100
AcDbEntity
  8
9
100
AcDbVertex
100
AcDb2dVertex
 10
1390.639249
 20
974.833855
 30
0.0
 70
0
  0
SEQEND
  5
11A
330
119
100
AcDbEntity
  8
9
  0
POLYLINE
  5
121
330
17
100
AcDbEntity
  8
9
 62
9
100
AcDb2dPolyline
 66
1
 10
0.0
 20
0.0
 30
0.0
 70
0
  0
VERTEX
  5
123
330
17
100
AcDbEntity
  8
9
100
AcDbVertex
100
AcDb2dVertex
 10
1319.504894
 20
718.239788
 30
0.0
 70
0
  0
VERTEX
  5
124
330
17
100
AcDbEntity
  8
9
100
AcDbVertex
100
AcDb2dVertex
 10
1389.253675
 20
718.239788
 30
0.0
 70
0
  0
VERTEX
  5
125
330
17
100
AcDbEntity
  8
9
100
AcDbVertex
100
AcDb2dVertex
 10
1389.253675
 20
766.915684
 30
0.0
 70
0
  0
VERTEX
  5
126
330
17
100
AcDbEntity
  8
9
100
AcDbVertex
100
AcDb2dVertex
 10
1387.948413
 20
757.001236
 30
0.0
 70
0
  0
VERTEX
  5
127
330
17
100
AcDbEntity
  8
9
100
AcDbVertex
100
AcDb2dVertex
 10
1389.253675
 20
766.915684
 30
0.0
 70
0
  0
VERTEX
  5
128
330
17
100
AcDbEntity
  8
9
100
AcDbVertex
100
AcDb2dVertex
 10
1390.558937
 20
757.001236
 30
0.0
 70
0
  0
SEQEND
  5
122
330
121
100
AcDbEntity
  8
9
  0
POLYLINE
  5
129
330
17
100
AcDbEntity
  8
9
 62
9
100
AcDb2dPolyline
 66
1
 10
0.0
 20
0.0
 30
0.0
 70
0
  0
VERTEX
  5
12B
330
17
100
AcDbEntity
  8
9
100
AcDbVertex
100
AcDb2dVertex
 10
1759.729941
 20
841.768943
 30
0.0
 70
0
  0
VERTEX
  5
12C
330
17
100
AcDbEntity
  8
9
100
AcDbVertex
100
AcDb2dVertex
 10
1814.179096
 20
841.768943
 30
0.0
 70
0
  0
VERTEX
  5
12D
330
17
100
AcDbEntity
  8
9
100
AcDbVertex
100
AcDb2dVertex
 10
1814.179096
 20
793.093046
 30
0.0
 70
0
  0
VERTEX
  5
12E
330
17
100
AcDbEntity
  8
9
100
AcDbVertex
100
AcDb2dVertex
 10
1812.873834
 20
803.007495
 30
0.0
 70
0
  0
VERTEX
  5
12F
330
17
100
AcDbEntity
  8
9
100
AcDbVertex
100
AcDb2dVertex
 10
1814.179096
 20
793.093046
 30
0.0
 70
0
  0
VERTEX
  5
130
330
17
100
AcDbEntity
  8
9
100
AcDbVertex
100
AcDb2dVertex
 10
1815.484358
 20
803.007495
 30
0.0
 70
0
  0
SEQEND
  5
12A
330
129
100
AcDbEntity
  8
9
  0
POLYLINE
  5
131
330
17
100
AcDbEntity
  8
9
 62
9
100
AcDb2dPolyline
 66
1
 10
0.0
 20
0.0
 30
0.0
 70
0
  0
VERTEX
  5
133
330
17
100
AcDbEntity
  8
9
100
AcDbVertex
100
AcDb2dVertex
 10
1889.76307
 20
591.486462
 30
0.0
 70
0
  0
VERTEX
  5
134
330
17
100
AcDbEntity
  8
9
100
AcDbVertex
100
AcDb2dVertex
 10
1835.16457
 20
591.486462
 30
0.0
 70
0
  0
VERTEX
  5
135
330
17
100
AcDbEntity
  8
9
100
AcDbVertex
100
AcDb2dVertex
 10
1845.079018
 20
592.791724
 30
0.0
 70
0
  0
VERTEX
  5
136
330
17
100
AcDbEntity
  8
9
100
AcDbVertex
100
AcDb2dVertex
 10
1835.16457
 20
591.486462
 30
0.0
 70
0
  0
VERTEX
  5
137
330
17
100
AcDbEntity
  8
9
100
AcDbVertex
100
AcDb2dVertex
 10
1845.079018
 20
590.1812
 30
0.0
 70
0
  0
SEQEND
  5
132
330
131
100
AcDbEntity
  8
9
  0
POLYLINE
  5
138
330
17
100
AcDbEntity
  8
9
 62
9
100
AcDb2dPolyline
 66
1
 10
0.0
 20
0.0
 30
0.0
 70
0
  0
VERTEX
  5
13A
330
17
100
AcDbEntity
  8
9
100
AcDbVertex
100
AcDb2dVertex
 10
1449.76307
 20
591.486462
 30
0.0
 70
0
  0
VERTEX
  5
13B
330
17
100
AcDbEntity
  8
9
100
AcDbVertex
100
AcDb2dVertex
 10
1395.16457
 20
591.486462
 30
0.0
 70
0
  0
VERTEX
  5
13C
330
17
100
AcDbEntity
  8
9
100
AcDbVertex
100
AcDb2dVertex
 10
1405.079018
 20
592.791724
 30
0.0
 70
0
  0
VERTEX
  5
13D
330
17
100
AcDbEntity
  8
9
100
AcDbVertex
100
AcDb2dVertex
 10
1395.16457
 20
591.486462
 30
0.0
 70
0
  0
VERTEX
  5
13E
330
17
100
AcDbEntity
  8
9
100
AcDbVertex
100
AcDb2dVertex
 10
1405.079018
 20
590.1812
 30
0.0
 70
0
  0
SEQEND
  5
139
330
138
100
AcDbEntity
  8
9
  0
POLYLINE
  5
13F
330
17
100
AcDbEntity
  8
9
 62
9
100
AcDb2dPolyline
 66
1
 10
0.0
 20
0.0
 30
0.0
 70
0
  0
VERTEX
  5
141
330
17
100
AcDbEntity
  8
9
100
AcDbVertex
100
AcDb2dVertex
 10
2646.292118
 20
1553.13492
 30
0.0
 70
0
  0
VERTEX
  5
142
330
17
100
AcDbEntity
  8
9
100
AcDbVertex
100
AcDb2dVertex
 10
2646.292118
 20
1443.151265
 30
0.0
 70
0
  0
VERTEX
  5
143
330
17
100
AcDbEntity
  8
9
100
AcDbVertex
100
AcDb2dVertex
 10
2675.6105
 20
1443.151265
 30
0.0
 70
0
  0
VERTEX
  5
144
330
17
100
AcDbEntity
  8
9
100
AcDbVertex
100
AcDb2dVertex
 10
2665.696051
 20
1444.456527
 30
0.0
 70
0
  0
VERTEX
  5
145
330
17
100
AcDbEntity
  8
9
100
AcDbVertex
100
AcDb2dVertex
 10
2675.6105
 20
1443.151265
 30
0.0
 70
0
  0
VERTEX
  5
146
330
17
100
AcDbEntity
  8
9
100
AcDbVertex
100
AcDb2dVertex
 10
2665.696051
 20
1441.846003
 30
0.0
 70
0
  0
SEQEND
  5
140
330
13F
100
AcDbEntity
  8
9
  0
POLYLINE
  5
147
330
17
100
AcDbEntity
  8
9
 62
9
100
AcDb2dPolyline
 66
1
 10
0.0
 20
0.0
 30
0.0
 70
0
  0
VERTEX
  5
149
330
17
100
AcDbEntity
  8
9
100
AcDbVertex
100
AcDb2dVertex
 10
2305.841574
 20
1546.198423
 30
0.0
 70
0
  0
VERTEX
  5
14A
330
17
100
AcDbEntity
  8
9
100
AcDbVertex
100
AcDb2dVertex
 10
2305.841574
 20
1443.60339
 30
0.0
 70
0
  0
VERTEX
  5
14B
330
17
100
AcDbEntity
  8
9
100
AcDbVertex
100
AcDb2dVertex
 10
2254.344817
 20
1443.60339
 30
0.0
 70
0
  0
VERTEX
  5
14C
330
17
100
AcDbEntity
  8
9
100
AcDbVertex
100
AcDb2dVertex
 10
2264.259265
 20
1444.908652
 30
0.0
 70
0
  0
VERTEX
  5
14D
330
17
100
AcDbEntity
  8
9
100
AcDbVertex
100
AcDb2dVertex
 10
2254.344817
 20
1443.60339
 30
0.0
 70
0
  0
VERTEX
  5
14E
330
17
100
AcDbEntity
  8
9
100
AcDbVertex
100
AcDb2dVertex
 10
2264.259265
 20
1442.298128
 30
0.0
 70
0
  0
SEQEND
  5
148
330
147
100
AcDbEntity
  8
9
  0
POLYLINE
  5
14F
330
17
100
AcDbEntity
  8
9
 62
9
100
AcDb2dPolyline
 66
1
 10
0.0
 20
0.0
 30
0.0
 70
0
  0
VERTEX
  5
151
330
17
100
AcDbEntity
  8
9
100
AcDbVertex
100
AcDb2dVertex
 10
1868.841574
 20
1543.127092
 30
0.0
 70
0
  0
VERTEX
  5
152
330
17
100
AcDbEntity
  8
9
100
AcDbVertex
100
AcDb2dVertex
 10
1868.841574
 20
1443.60339
 30
0.0
 70
0
  0
VERTEX
  5
153
330
17
100
AcDbEntity
  8
9
100
AcDbVertex
100
AcDb2dVertex
 10
1817.344817
 20
1443.60339
 30
0.0
 70
0
  0
VERTEX
  5
154
330
17
100
AcDbEntity
  8
9
100
AcDbVertex
100
AcDb2dVertex
 10
1827.259265
 20
1444.908652
 30
0.0
 70
0
  0
VERTEX
  5
155
330
17
100
AcDbEntity
  8
9
100
AcDbVertex
100
AcDb2dVertex
 10
1817.344817
 20
1443.60339
 30
0.0
 70
0
  0
VERTEX
  5
156
330
17
100
AcDbEntity
  8
9
100
AcDbVertex
100
AcDb2dVertex
 10
1827.259265
 20
1442.298128
 30
0.0
 70
0
  0
SEQEND
  5
150
330
14F
100
AcDbEntity
  8
9
  0
POLYLINE
  5
157
330
17
100
AcDbEntity
  8
8
 62
8
100
AcDb2dPolyline
 66
1
 10
0.0
 20
0.0
 30
0.0
 70
0
  0
VERTEX
  5
159
330
17
100
AcDbEntity
  8
8
100
AcDbVertex
100
AcDb2dVertex
 10
2384.61273
 20
2077.244766
 30
0.0
 70
0
  0
VERTEX
  5
15A
330
17
100
AcDbEntity
  8
8
100
AcDbVertex
100
AcDb2dVertex
 10
2384.61273
 20
2128.785877
 30
0.0
 70
0
  0
VERTEX
  5
15B
330
17
100
AcDbEntity
  8
8
100
AcDbVertex
100
AcDb2dVertex
 10
2434.61273
 20
2128.785877
 30
0.0
 70
0
  0
VERTEX
  5
15C
330
17
100
AcDbEntity
  8
8
100
AcDbVertex
100
AcDb2dVertex
 10
2434.61273
 20
2109.785877
 30
0.0
 70
0
  0
VERTEX
  5
15D
330
17
100
AcDbEntity
  8
8
100
AcDbVertex
100
AcDb2dVertex
 10
2396.61273
 20
2109.785877
 30
0.0
 70
0
  0
VERTEX
  5
15E
330
17
100
AcDbEntity
  8
8
100
AcDbVertex
100
AcDb2dVertex
 10
2396.61273
 20
2077.244766
 30
0.0
 70
0
  0
VERTEX
  5
15F
330
17
100
AcDbEntity
  8
8
100
AcDbVertex
100
AcDb2dVertex
 10
2384.61273
 20
2077.244766
 30
0.0
 70
0
  0
SEQEND
  5
158
330
157
100
AcDbEntity
  8
8
  0
POLYLINE
  5
160
330
17
100
AcDbEntity
  8
8
 62
8
100
AcDb2dPolyline
 66
1
 10
0.0
 20
0.0
 30
0.0
 70
0
  0
VERTEX
  5
162
330
17
100
AcDbEntity
  8
8
100
AcDbVertex
100
AcDb2dVertex
 10
3232.482284
 20
1763.785877
 30
0.0
 70
0
  0
VERTEX
  5
163
330
17
100
AcDbEntity
  8
8
100
AcDbVertex
100
AcDb2dVertex
 10
3232.482284
 20
1678.785877
 30
0.0
 70
0
  0
VERTEX
  5
164
330
17
100
AcDbEntity
  8
8
100
AcDbVertex
100
AcDb2dVertex
 10
3244.482284
 20
1678.785877
 30
0.0
 70
0
  0
VERTEX
  5
165
330
17
100
AcDbEntity
  8
8
100
AcDbVertex
100
AcDb2dVertex
 10
3244.482284
 20
1711.785877
 30
0.0
 70
0
  0
VERTEX
  5
166
330
17
100
AcDbEntity
  8
8
100
AcDbVertex
100
AcDb2dVertex
 10
3282.482284
 20
1711.785877
 30
0.0
 70
0
  0
VERTEX
  5
167
330
17
100
AcDbEntity
  8
8
100
AcDbVertex
100
AcDb2dVertex
 10
3282.482284
 20
1730.785877
 30
0.0
 70
0
  0
VERTEX
  5
168
330
17
100
AcDbEntity
  8
8
100
AcDbVertex
100
AcDb2dVertex
 10
3244.482284
 20
1730.785877
 30
0.0
 70
0
  0
VERTEX
  5
169
330
17
100
AcDbEntity
  8
8
100
AcDbVertex
100
AcDb2dVertex
 10
3244.482284
 20
1763.785877
 30
0.0
 70
0
  0
VERTEX
  5
16A
330
17
100
AcDbEntity
  8
8
100
AcDbVertex
100
AcDb2dVertex
 10
3232.482284
 20
1763.785877
 30
0.0
 70
0
  0
SEQEND
  5
161
330
160
100
AcDbEntity
  8
8
  0
POLYLINE
  5
16B
330
17
100
AcDbEntity
  8
8
 62
8
100
AcDb2dPolyline
 66
1
 10
0.0
 20
0.0
 30
0.0
 70
0
  0
VERTEX
  5
16D
330
17
100
AcDbEntity
  8
8
100
AcDbVertex
100
AcDb2dVertex
 10
3002.6105
 20
1613.001461
 30
0.0
 70
0
  0
VERTEX
  5
16E
330
17
100
AcDbEntity
  8
8
100
AcDbVertex
100
AcDb2dVertex
 10
2953.6105
 20
1613.001461
 30
0.0
 70
0
  0
VERTEX
  5
16F
330
17
100
AcDbEntity
  8
8
100
AcDbVertex
100
AcDb2dVertex
 10
2953.6105
 20
1558.586244
 30
0.0
 70
0
  0
VERTEX
  5
170
330
17
100
AcDbEntity
  8
8
100
AcDbVertex
100
AcDb2dVertex
 10
2959.943827
 20
1558.586244
 30
0.0
 70
0
  0
VERTEX
  5
171
330
17
100
AcDbEntity
  8
8
100
AcDbVertex
100
AcDb2dVertex
 10
2963.1105
 20
1568.086244
 30
0.0
 70
0
  0
VERTEX
  5
172
330
17
100
AcDbEntity
  8
8
100
AcDbVertex
100
AcDb2dVertex
 10
2963.1105
 20
1549.086244
 30
0.0
 70
0
  0
VERTEX
  5
173
330
17
100
AcDbEntity
  8
8
100
AcDbVertex
100
AcDb2dVertex
 10
2966.277155
 20
1558.586244
 30
0.0
 70
0
  0
VERTEX
  5
174
330
17
100
AcDbEntity
  8
8
100
AcDbVertex
100
AcDb2dVertex
 10
2972.6105
 20
1558.586244
 30
0.0
 70
0
  0
VERTEX
  5
175
330
17
100
AcDbEntity
  8
8
100
AcDbVertex
100
AcDb2dVertex
 10
2972.6105
 20
1601.001461
 30
0.0
 70
0
  0
VERTEX
  5
176
330
17
100
AcDbEntity
  8
8
100
AcDbVertex
100
AcDb2dVertex
 10
3002.6105
 20
1601.001461
 30
0.0
 70
0
  0
VERTEX
  5
177
330
17
100
AcDbEntity
  8
8
100
AcDbVertex
100
AcDb2dVertex
 10
3002.6105
 20
1613.001461
 30
0.0
 70
0
  0
SEQEND
  5
16C
330
16B
100
AcDbEntity
  8
8
  0
POLYLINE
  5
178
330
17
100
AcDbEntity
  8
8
 62
8
100
AcDb2dPolyline
 66
1
 10
0.0
 20
0.0
 30
0.0
 70
0
  0
VERTEX
  5
17A
330
17
100
AcDbEntity
  8
8
100
AcDbVertex
100
AcDb2dVertex
 10
3244.482284
 20
1458.785877
 30
0.0
 70
0
  0
VERTEX
  5
17B
330
17
100
AcDbEntity
  8
8
100
AcDbVertex
100
AcDb2dVertex
 10
3244.482284
 20
1411.785877
 30
0.0
 70
0
  0
VERTEX
  5
17C
330
17
100
AcDbEntity
  8
8
100
AcDbVertex
100
AcDb2dVertex
 10
3207.482284
 20
1411.785877
 30
0.0
 70
0
  0
VERTEX
  5
17D
330
17
100
AcDbEntity
  8
8
100
AcDbVertex
100
AcDb2dVertex
 10
3207.482284
 20
1425.785877
 30
0.0
 70
0
  0
VERTEX
  5
17E
330
17
100
AcDbEntity
  8
8
100
AcDbVertex
100
AcDb2dVertex
 10
3232.482284
 20
1425.785877
 30
0.0
 70
0
  0
VERTEX
  5
17F
330
17
100
AcDbEntity
  8
8
100
AcDbVertex
100
AcDb2dVertex
 10
3232.482284
 20
1458.785877
 30
0.0
 70
0
  0
VERTEX
  5
180
330
17
100
AcDbEntity
  8
8
100
AcDbVertex
100
AcDb2dVertex
 10
3244.482284
 20
1458.785877
 30
0.0
 70
0
  0
SEQEND
  5
179
330
178
100
AcDbEntity
  8
8
  0
POLYLINE
  5
181
330
17
100
AcDbEntity
  8
8
 62
8
100
AcDb2dPolyline
 66
1
 10
0.0
 20
0.0
 30
0.0
 70
0
  0
VERTEX
  5
183
330
17
100
AcDbEntity
  8
8
100
AcDbVertex
100
AcDb2dVertex
 10
1774.1105
 20
1930.815513
 30
0.0
 70
0
  0
VERTEX
  5
184
330
17
100
AcDbEntity
  8
8
100
AcDbVertex
100
AcDb2dVertex
 10
1774.1105
 20
1918.815513
 30
0.0
 70
0
  0
VERTEX
  5
185
330
17
100
AcDbEntity
  8
8
100
AcDbVertex
100
AcDb2dVertex
 10
1804.1105
 20
1918.815513
 30
0.0
 70
0
  0
VERTEX
  5
186
330
17
100
AcDbEntity
  8
8
100
AcDbVertex
100
AcDb2dVertex
 10
1804.1105
 20
1890.815513
 30
0.0
 70
0
  0
VERTEX
  5
187
330
17
100
AcDbEntity
  8
8
100
AcDbVertex
100
AcDb2dVertex
 10
1823.1105
 20
1890.815513
 30
0.0
 70
0
  0
VERTEX
  5
188
330
17
100
AcDbEntity
  8
8
100
AcDbVertex
100
AcDb2dVertex
 10
1823.1105
 20
1918.815513
 30
0.0
 70
0
  0
VERTEX
  5
189
330
17
100
AcDbEntity
  8
8
100
AcDbVertex
100
AcDb2dVertex
 10
1853.1105
 20
1918.815513
 30
0.0
 70
0
  0
VERTEX
  5
18A
330
17
100
AcDbEntity
  8
8
100
AcDbVertex
100
AcDb2dVertex
 10
1853.1105
 20
1930.815513
 30
0.0
 70
0
  0
VERTEX
  5
18B
330
17
100
AcDbEntity
  8
8
100
AcDbVertex
100
AcDb2dVertex
 10
1774.1105
 20
1930.815513
 30
0.0
 70
0
  0
SEQEND
  5
182
330
181
100
AcDbEntity
  8
8
  0
POLYLINE
  5
18C
330
17
100
AcDbEntity
  8
8
 62
8
100
AcDb2dPolyline
 66
1
 10
0.0
 20
0.0
 30
0.0
 70
0
  0
VERTEX
  5
18E
330
17
100
AcDbEntity
  8
8
100
AcDbVertex
100
AcDb2dVertex
 10
1379.6105
 20
1931.815513
 30
0.0
 70
0
  0
VERTEX
  5
18F
330
17
100
AcDbEntity
  8
8
100
AcDbVertex
100
AcDb2dVertex
 10
1379.6105
 20
1943.815513
 30
0.0
 70
0
  0
VERTEX
  5
190
330
17
100
AcDbEntity
  8
8
100
AcDbVertex
100
AcDb2dVertex
 10
1379.6105
 20
1968.815513
 30
0.0
 70
0
  0
VERTEX
  5
191
330
17
100
AcDbEntity
  8
8
100
AcDbVertex
100
AcDb2dVertex
 10
1398.6105
 20
1968.815513
 30
0.0
 70
0
  0
VERTEX
  5
192
330
17
100
AcDbEntity
  8
8
100
AcDbVertex
100
AcDb2dVertex
 10
1398.6105
 20
1943.815513
 30
0.0
 70
0
  0
VERTEX
  5
193
330
17
100
AcDbEntity
  8
8
100
AcDbVertex
100
AcDb2dVertex
 10
1428.6105
 20
1943.815513
 30
0.0
 70
0
  0
VERTEX
  5
194
330
17
100
AcDbEntity
  8
8
100
AcDbVertex
100
AcDb2dVertex
 10
1428.6105
 20
1931.815513
 30
0.0
 70
0
  0
VERTEX
  5
195
330
17
100
AcDbEntity
  8
8
100
AcDbVertex
100
AcDb2dVertex
 10
1379.6105
 20
1931.815513
 30
0.0
 70
0
  0
SEQEND
  5
18D
330
18C
100
AcDbEntity
  8
8
  0
POLYLINE
  5
196
330
17
100
AcDbEntity
  8
9
 62
9
100
AcDb2dPolyline
 66
1
 10
0.0
 20
0.0
 30
0.0
 70
0
  0
VERTEX
  5
198
330
17
100
AcDbEntity
  8
9
100
AcDbVertex
100
AcDb2dVertex
 10
1576.661295
 20
1533.519284
 30
0.0
 70
0
  0
VERTEX
  5
199
330
17
100
AcDbEntity
  8
9
100
AcDbVertex
100
AcDb2dVertex
 10
1581.015071
 20
1538.118837
 30
0.0
 70
0
  0
VERTEX
  5
19A
330
17
100
AcDbEntity
  8
9
100
AcDbVertex
100
AcDb2dVertex
 10
1590.091264
 20
1533.887949
 30
0.0
 70
0
  0
VERTEX
  5
19B
330
17
100
AcDbEntity
  8
9
100
AcDbVertex
100
AcDb2dVertex
 10
1576.292629
 20
1546.949253
 30
0.0
 70
0
  0
VERTEX
  5
19C
330
17
100
AcDbEntity
  8
9
100
AcDbVertex
100
AcDb2dVertex
 10
1585.368835
 20
1542.718378
 30
0.0
 70
0
  0
VERTEX
  5
19D
330
17
100
AcDbEntity
  8
9
100
AcDbVertex
100
AcDb2dVertex
 10
1589.722599
 20
1547.317919
 30
0.0
 70
0
  0
SEQEND
  5
197
330
196
100
AcDbEntity
  8
9
  0
POLYLINE
  5
19E
330
17
100
AcDbEntity
  8
3
 62
3
100
AcDb2dPolyline
 66
1
 10
0.0
 20
0.0
 30
0.0
 70
0
  0
VERTEX
  5
1A0
330
17
100
AcDbEntity
  8
3
100
AcDbVertex
100
AcDb2dVertex
 10
1398.6105
 20
1688.785877
 30
0.0
 70
0
  0
VERTEX
  5
1A1
330
17
100
AcDbEntity
  8
3
100
AcDbVertex
100
AcDb2dVertex
 10
1398.6105
 20
1659.365624
 30
0.0
 70
0
  0
SEQEND
  5
19F
330
19E
100
AcDbEntity
  8
3
  0
POLYLINE
  5
1A2
330
17
100
AcDbEntity
  8
7
 62
7
100
AcDb2dPolyline
 66
1
 10
0.0
 20
0.0
 30
0.0
 70
0
  0
VERTEX
  5
1A4
330
17
100
AcDbEntity
  8
7
100
AcDbVertex
100
AcDb2dVertex
 10
1801.6105
 20
1458.785877
 30
0.0
 70
0
  0
VERTEX
  5
1A5
330
17
100
AcDbEntity
  8
7
100
AcDbVertex
100
AcDb2dVertex
 10
1825.6105
 20
1458.785877
 30
0.0
 70
0
  0
VERTEX
  5
1A6
330
17
100
AcDbEntity
  8
7
100
AcDbVertex
100
AcDb2dVertex
 10
1825.6105
 20
1477.785877
 30
0.0
 70
0
  0
VERTEX
  5
1A7
330
17
100
AcDbEntity
  8
7
100
AcDbVertex
100
AcDb2dVertex
 10
1801.6105
 20
1477.785877
 30
0.0
 70
0
  0
VERTEX
  5
1A8
330
17
100
AcDbEntity
  8
7
100
AcDbVertex
100
AcDb2dVertex
 10
1801.6105
 20
1458.785877
 30
0.0
 70
0
  0
SEQEND
  5
1A3
330
1A2
100
AcDbEntity
  8
7
  0
POLYLINE
  5
1A9
330
17
100
AcDbEntity
  8
7
 62
7
100
AcDb2dPolyline
 66
1
 10
0.0
 20
0.0
 30
0.0
 70
0
  0
VERTEX
  5
1AB
330
17
100
AcDbEntity
  8
7
100
AcDbVertex
100
AcDb2dVertex
 10
2675.6105
 20
1458.785877
 30
0.0
 70
0
  0
VERTEX
  5
1AC
330
17
100
AcDbEntity
  8
7
100
AcDbVertex
100
AcDb2dVertex
 10
2699.6105
 20
1458.785877
 30
0.0
 70
0
  0
VERTEX
  5
1AD
330
17
100
AcDbEntity
  8
7
100
AcDbVertex
100
AcDb2dVertex
 10
2699.6105
 20
1477.785877
 30
0.0
 70
0
  0
VERTEX
  5
1AE
330
17
100
AcDbEntity
  8
7
100
AcDbVertex
100
AcDb2dVertex
 10
2675.6105
 20
1477.785877
 30
0.0
 70
0
  0
VERTEX
  5
1AF
330
17
100
AcDbEntity
  8
7
100
AcDbVertex
100
AcDb2dVertex
 10
2675.6105
 20
1458.785877
 30
0.0
 70
0
  0
SEQEND
  5
1AA
330
1A9
100
AcDbEntity
  8
7
  0
POLYLINE
  5
1B0
330
17
100
AcDbEntity
  8
7
 62
7
100
AcDb2dPolyline
 66
1
 10
0.0
 20
0.0
 30
0.0
 70
0
  0
VERTEX
  5
1B2
330
17
100
AcDbEntity
  8
7
100
AcDbVertex
100
AcDb2dVertex
 10
2238.6105
 20
1458.785877
 30
0.0
 70
0
  0
VERTEX
  5
1B3
330
17
100
AcDbEntity
  8
7
100
AcDbVertex
100
AcDb2dVertex
 10
2262.6105
 20
1458.785877
 30
0.0
 70
0
  0
VERTEX
  5
1B4
330
17
100
AcDbEntity
  8
7
100
AcDbVertex
100
AcDb2dVertex
 10
2262.6105
 20
1477.785877
 30
0.0
 70
0
  0
VERTEX
  5
1B5
330
17
100
AcDbEntity
  8
7
100
AcDbVertex
100
AcDb2dVertex
 10
2238.6105
 20
1477.785877
 30
0.0
 70
0
  0
VERTEX
  5
1B6
330
17
100
AcDbEntity
  8
7
100
AcDbVertex
100
AcDb2dVertex
 10
2238.6105
 20
1458.785877
 30
0.0
 70
0
  0
SEQEND
  5
1B1
330
1B0
100
AcDbEntity
  8
7
  0
POLYLINE
  5
1B7
330
17
100
AcDbEntity
  8
7
 62
7
100
AcDb2dPolyline
 66
1
 10
0.0
 20
0.0
 30
0.0
 70
0
  0
VERTEX
  5
1B9
330
17
100
AcDbEntity
  8
7
100
AcDbVertex
100
AcDb2dVertex
 10
1801.6105
 20
1411.785877
 30
0.0
 70
0
  0
VERTEX
  5
1BA
330
17
100
AcDbEntity
  8
7
100
AcDbVertex
100
AcDb2dVertex
 10
1825.6105
 20
1411.785877
 30
0.0
 70
0
  0
VERTEX
  5
1BB
330
17
100
AcDbEntity
  8
7
100
AcDbVertex
100
AcDb2dVertex
 10
1825.6105
 20
1430.785877
 30
0.0
 70
0
  0
VERTEX
  5
1BC
330
17
100
AcDbEntity
  8
7
100
AcDbVertex
100
AcDb2dVertex
 10
1801.6105
 20
1430.785877
 30
0.0
 70
0
  0
VERTEX
  5
1BD
330
17
100
AcDbEntity
  8
7
100
AcDbVertex
100
AcDb2dVertex
 10
1801.6105
 20
1411.785877
 30
0.0
 70
0
  0
SEQEND
  5
1B8
330
1B7
100
AcDbEntity
  8
7
  0
POLYLINE
  5
1BE
330
17
100
AcDbEntity
  8
7
 62
7
100
AcDb2dPolyline
 66
1
 10
0.0
 20
0.0
 30
0.0
 70
0
  0
VERTEX
  5
1C0
330
17
100
AcDbEntity
  8
7
100
AcDbVertex
100
AcDb2dVertex
 10
2238.6105
 20
1411.785877
 30
0.0
 70
0
  0
VERTEX
  5
1C1
330
17
100
AcDbEntity
  8
7
100
AcDbVertex
100
AcDb2dVertex
 10
2262.6105
 20
1411.785877
 30
0.0
 70
0
  0
VERTEX
  5
1C2
330
17
100
AcDbEntity
  8
7
100
AcDbVertex
100
AcDb2dVertex
 10
2262.6105
 20
1430.785877
 30
0.0
 70
0
  0
VERTEX
  5
1C3
330
17
100
AcDbEntity
  8
7
100
AcDbVertex
100
AcDb2dVertex
 10
2238.6105
 20
1430.785877
 30
0.0
 70
0
  0
VERTEX
  5
1C4
330
17
100
AcDbEntity
  8
7
100
AcDbVertex
100
AcDb2dVertex
 10
2238.6105
 20
1411.785877
 30
0.0
 70
0
  0
SEQEND
  5
1BF
330
1BE
100
AcDbEntity
  8
7
  0
POLYLINE
  5
1C5
330
17
100
AcDbEntity
  8
7
 62
7
100
AcDb2dPolyline
 66
1
 10
0.0
 20
0.0
 30
0.0
 70
0
  0
VERTEX
  5
1C7
330
17
100
AcDbEntity
  8
7
100
AcDbVertex
100
AcDb2dVertex
 10
2675.6105
 20
1411.785877
 30
0.0
 70
0
  0
VERTEX
  5
1C8
330
17
100
AcDbEntity
  8
7
100
AcDbVertex
100
AcDb2dVertex
 10
2699.6105
 20
1411.785877
 30
0.0
 70
0
  0
VERTEX
  5
1C9
330
17
100
AcDbEntity
  8
7
100
AcDbVertex
100
AcDb2dVertex
 10
2699.6105
 20
1430.785877
 30
0.0
 70
0
  0
VERTEX
  5
1CA
330
17
100
AcDbEntity
  8
7
100
AcDbVertex
100
AcDb2dVertex
 10
2675.6105
 20
1430.785877
 30
0.0
 70
0
  0
VERTEX
  5
1CB
330
17
100
AcDbEntity
  8
7
100
AcDbVertex
100
AcDb2dVertex
 10
2675.6105
 20
1411.785877
 30
0.0
 70
0
  0
SEQEND
  5
1C6
330
1C5
100
AcDbEntity
  8
7
  0
POLYLINE
  5
1CC
330
17
100
AcDbEntity
  8
9
 62
9
100
AcDb2dPolyline
 66
1
 10
0.0
 20
0.0
 30
0.0
 70
0
  0
VERTEX
  5
1CE
330
17
100
AcDbEntity
  8
9
100
AcDbVertex
100
AcDb2dVertex
 10
2451.537807
 20
1815.785877
 30
0.0
 70
0
  0
VERTEX
  5
1CF
330
17
100
AcDbEntity
  8
9
100
AcDbVertex
100
AcDb2dVertex
 10
2451.537807
 20
1809.452532
 30
0.0
 70
0
  0
VERTEX
  5
1D0
330
17
100
AcDbEntity
  8
9
100
AcDbVertex
100
AcDb2dVertex
 10
2442.037807
 20
1806.285877
 30
0.0
 70
0
  0
VERTEX
  5
1D1
330
17
100
AcDbEntity
  8
9
100
AcDbVertex
100
AcDb2dVertex
 10
2461.037807
 20
1806.285877
 30
0.0
 70
0
  0
VERTEX
  5
1D2
330
17
100
AcDbEntity
  8
9
100
AcDbVertex
100
AcDb2dVertex
 10
2451.537807
 20
1803.119204
 30
0.0
 70
0
  0
VERTEX
  5
1D3
330
17
100
AcDbEntity
  8
9
100
AcDbVertex
100
AcDb2dVertex
 10
2451.537807
 20
1796.785877
 30
0.0
 70
0
  0
SEQEND
  5
1CD
330
1CC
100
AcDbEntity
  8
9
  0
POLYLINE
  5
1D4
330
17
100
AcDbEntity
  8
9
 62
9
100
AcDb2dPolyline
 66
1
 10
0.0
 20
0.0
 30
0.0
 70
0
  0
VERTEX
  5
1D6
330
17
100
AcDbEntity
  8
9
100
AcDbVertex
100
AcDb2dVertex
 10
2451.537807
 20
1458.785877
 30
0.0
 70
0
  0
VERTEX
  5
1D7
330
17
100
AcDbEntity
  8
9
100
AcDbVertex
100
AcDb2dVertex
 10
2451.537807
 20
1465.119222
 30
0.0
 70
0
  0
VERTEX
  5
1D8
330
17
100
AcDbEntity
  8
9
100
AcDbVertex
100
AcDb2dVertex
 10
2442.037807
 20
1468.285877
 30
0.0
 70
0
  0
VERTEX
  5
1D9
330
17
100
AcDbEntity
  8
9
100
AcDbVertex
100
AcDb2dVertex
 10
2461.037807
 20
1468.285877
 30
0.0
 70
0
  0
VERTEX
  5
1DA
330
17
100
AcDbEntity
  8
9
100
AcDbVertex
100
AcDb2dVertex
 10
2451.537807
 20
1471.45255
 30
0.0
 70
0
  0
VERTEX
  5
1DB
330
17
100
AcDbEntity
  8
9
100
AcDbVertex
100
AcDb2dVertex
 10
2451.537807
 20
1477.785877
 30
0.0
 70
0
  0
SEQEND
  5
1D5
330
1D4
100
AcDbEntity
  8
9
  0
POLYLINE
  5
1DC
330
17
100
AcDbEntity
  8
3
 62
3
100
AcDb2dPolyline
 66
1
 10
0.0
 20
0.0
 30
0.0
 70
0
  0
VERTEX
  5
1DE
330
17
100
AcDbEntity
  8
3
100
AcDbVertex
100
AcDb2dVertex
 10
2238.6105
 20
1425.785877
 30
0.0
 70
0
  0
VERTEX
  5
1DF
330
17
100
AcDbEntity
  8
3
100
AcDbVertex
100
AcDb2dVertex
 10
3112.6105
 20
1425.785877
 30
0.0
 70
0
  0
SEQEND
  5
1DD
330
1DC
100
AcDbEntity
  8
3
  0
POLYLINE
  5
1E0
330
17
100
AcDbEntity
  8
9
 62
9
100
AcDb2dPolyline
 66
1
 10
0.0
 20
0.0
 30
0.0
 70
0
  0
VERTEX
  5
1E2
330
17
100
AcDbEntity
  8
9
100
AcDbVertex
100
AcDb2dVertex
 10
2972.6105
 20
1558.586244
 30
0.0
 70
0
  0
VERTEX
  5
1E3
330
17
100
AcDbEntity
  8
9
100
AcDbVertex
100
AcDb2dVertex
 10
2966.277155
 20
1558.586244
 30
0.0
 70
0
  0
VERTEX
  5
1E4
330
17
100
AcDbEntity
  8
9
100
AcDbVertex
100
AcDb2dVertex
 10
2963.1105
 20
1549.086244
 30
0.0
 70
0
  0
VERTEX
  5
1E5
330
17
100
AcDbEntity
  8
9
100
AcDbVertex
100
AcDb2dVertex
 10
2963.1105
 20
1568.086244
 30
0.0
 70
0
  0
VERTEX
  5
1E6
330
17
100
AcDbEntity
  8
9
100
AcDbVertex
100
AcDb2dVertex
 10
2959.943827
 20
1558.586244
 30
0.0
 70
0
  0
VERTEX
  5
1E7
330
17
100
AcDbEntity
  8
9
100
AcDbVertex
100
AcDb2dVertex
 10
2953.6105
 20
1558.586244
 30
0.0
 70
0
  0
SEQEND
  5
1E1
330
1E0
100
AcDbEntity
  8
9
  0
POLYLINE
  5
1E8
330
17
100
AcDbEntity
  8
7
 62
7
100
AcDb2dPolyline
 66
1
 10
0.0
 20
0.0
 30
0.0
 70
0
  0
VERTEX
  5
1EA
330
17
100
AcDbEntity
  8
7
100
AcDbVertex
100
AcDb2dVertex
 10
1804.1105
 20
2128.785877
 30
0.0
 70
0
  0
VERTEX
  5
1EB
330
17
100
AcDbEntity
  8
7
100
AcDbVertex
100
AcDb2dVertex
 10
1823.1105
 20
2128.785877
 30
0.0
 70
0
  0
VERTEX
  5
1EC
330
17
100
AcDbEntity
  8
7
100
AcDbVertex
100
AcDb2dVertex
 10
1823.1105
 20
2109.785877
 30
0.0
 70
0
  0
VERTEX
  5
1ED
330
17
100
AcDbEntity
  8
7
100
AcDbVertex
100
AcDb2dVertex
 10
1804.1105
 20
2109.785877
 30
0.0
 70
0
  0
VERTEX
  5
1EE
330
17
100
AcDbEntity
  8
7
100
AcDbVertex
100
AcDb2dVertex
 10
1804.1105
 20
2128.785877
 30
0.0
 70
0
  0
SEQEND
  5
1E9
330
1E8
100
AcDbEntity
  8
7
  0
POLYLINE
  5
1EF
330
17
100
AcDbEntity
  8
7
 62
7
100
AcDb2dPolyline
 66
1
 10
0.0
 20
0.0
 30
0.0
 70
0
  0
VERTEX
  5
1F1
330
17
100
AcDbEntity
  8
7
100
AcDbVertex
100
AcDb2dVertex
 10
2241.1105
 20
2128.785877
 30
0.0
 70
0
  0
VERTEX
  5
1F2
330
17
100
AcDbEntity
  8
7
100
AcDbVertex
100
AcDb2dVertex
 10
2260.1105
 20
2128.785877
 30
0.0
 70
0
  0
VERTEX
  5
1F3
330
17
100
AcDbEntity
  8
7
100
AcDbVertex
100
AcDb2dVertex
 10
2260.1105
 20
2109.785877
 30
0.0
 70
0
  0
VERTEX
  5
1F4
330
17
100
AcDbEntity
  8
7
100
AcDbVertex
100
AcDb2dVertex
 10
2241.1105
 20
2109.785877
 30
0.0
 70
0
  0
VERTEX
  5
1F5
330
17
100
AcDbEntity
  8
7
100
AcDbVertex
100
AcDb2dVertex
 10
2241.1105
 20
2128.785877
 30
0.0
 70
0
  0
SEQEND
  5
1F0
330
1EF
100
AcDbEntity
  8
7
  0
POLYLINE
  5
1F6
330
17
100
AcDbEntity
  8
7
 62
7
100
AcDb2dPolyline
 66
1
 10
0.0
 20
0.0
 30
0.0
 70
0
  0
VERTEX
  5
1F8
330
17
100
AcDbEntity
  8
7
100
AcDbVertex
100
AcDb2dVertex
 10
2678.1105
 20
2128.785877
 30
0.0
 70
0
  0
VERTEX
  5
1F9
330
17
100
AcDbEntity
  8
7
100
AcDbVertex
100
AcDb2dVertex
 10
2697.1105
 20
2128.785877
 30
0.0
 70
0
  0
VERTEX
  5
1FA
330
17
100
AcDbEntity
  8
7
100
AcDbVertex
100
AcDb2dVertex
 10
2697.1105
 20
2109.785877
 30
0.0
 70
0
  0
VERTEX
  5
1FB
330
17
100
AcDbEntity
  8
7
100
AcDbVertex
100
AcDb2dVertex
 10
2678.1105
 20
2109.785877
 30
0.0
 70
0
  0
VERTEX
  5
1FC
330
17
100
AcDbEntity
  8
7
100
AcDbVertex
100
AcDb2dVertex
 10
2678.1105
 20
2128.785877
 30
0.0
 70
0
  0
SEQEND
  5
1F7
330
1F6
100
AcDbEntity
  8
7
  0
POLYLINE
  5
1FD
330
17
100
AcDbEntity
  8
7
 62
7
100
AcDb2dPolyline
 66
1
 10
0.0
 20
0.0
 30
0.0
 70
0
  0
VERTEX
  5
1FF
330
17
100
AcDbEntity
  8
7
100
AcDbVertex
100
AcDb2dVertex
 10
3115.1105
 20
2128.785877
 30
0.0
 70
0
  0
VERTEX
  5
200
330
17
100
AcDbEntity
  8
7
100
AcDbVertex
100
AcDb2dVertex
 10
3134.1105
 20
2128.785877
 30
0.0
 70
0
  0
VERTEX
  5
201
330
17
100
AcDbEntity
  8
7
100
AcDbVertex
100
AcDb2dVertex
 10
3134.1105
 20
2109.785877
 30
0.0
 70
0
  0
VERTEX
  5
202
330
17
100
AcDbEntity
  8
7
100
AcDbVertex
100
AcDb2dVertex
 10
3115.1105
 20
2109.785877
 30
0.0
 70
0
  0
VERTEX
  5
203
330
17
100
AcDbEntity
  8
7
100
AcDbVertex
100
AcDb2dVertex
 10
3115.1105
 20
2128.785877
 30
0.0
 70
0
  0
SEQEND
  5
1FE
330
1FD
100
AcDbEntity
  8
7
  0
POLYLINE
  5
204
330
17
100
AcDbEntity
  8
7
 62
7
100
AcDb2dPolyline
 66
1
 10
0.0
 20
0.0
 30
0.0
 70
0
  0
VERTEX
  5
206
330
17
100
AcDbEntity
  8
7
100
AcDbVertex
100
AcDb2dVertex
 10
3115.1105
 20
1880.285877
 30
0.0
 70
0
  0
VERTEX
  5
207
330
17
100
AcDbEntity
  8
7
100
AcDbVertex
100
AcDb2dVertex
 10
3134.1105
 20
1880.285877
 30
0.0
 70
0
  0
VERTEX
  5
208
330
17
100
AcDbEntity
  8
7
100
AcDbVertex
100
AcDb2dVertex
 10
3134.1105
 20
1861.285877
 30
0.0
 70
0
  0
VERTEX
  5
209
330
17
100
AcDbEntity
  8
7
100
AcDbVertex
100
AcDb2dVertex
 10
3115.1105
 20
1861.285877
 30
0.0
 70
0
  0
VERTEX
  5
20A
330
17
100
AcDbEntity
  8
7
100
AcDbVertex
100
AcDb2dVertex
 10
3115.1105
 20
1880.285877
 30
0.0
 70
0
  0
SEQEND
  5
205
330
204
100
AcDbEntity
  8
7
  0
POLYLINE
  5
20B
330
17
100
AcDbEntity
  8
7
 62
7
100
AcDb2dPolyline
 66
1
 10
0.0
 20
0.0
 30
0.0
 70
0
  0
VERTEX
  5
20D
330
17
100
AcDbEntity
  8
7
100
AcDbVertex
100
AcDb2dVertex
 10
3350.110616
 20
1880.285877
 30
0.0
 70
0
  0
VERTEX
  5
20E
330
17
100
AcDbEntity
  8
7
100
AcDbVertex
100
AcDb2dVertex
 10
3369.110616
 20
1880.285877
 30
0.0
 70
0
  0
VERTEX
  5
20F
330
17
100
AcDbEntity
  8
7
100
AcDbVertex
100
AcDb2dVertex
 10
3369.110616
 20
1861.285877
 30
0.0
 70
0
  0
VERTEX
  5
210
330
17
100
AcDbEntity
  8
7
100
AcDbVertex
100
AcDb2dVertex
 10
3350.110616
 20
1861.285877
 30
0.0
 70
0
  0
VERTEX
  5
211
330
17
100
AcDbEntity
  8
7
100
AcDbVertex
100
AcDb2dVertex
 10
3350.110616
 20
1880.285877
 30
0.0
 70
0
  0
SEQEND
  5
20C
330
20B
100
AcDbEntity
  8
7
  0
POLYLINE
  5
212
330
17
100
AcDbEntity
  8
7
 62
7
100
AcDb2dPolyline
 66
1
 10
0.0
 20
0.0
 30
0.0
 70
0
  0
VERTEX
  5
214
330
17
100
AcDbEntity
  8
7
100
AcDbVertex
100
AcDb2dVertex
 10
3552.1105
 20
1730.785877
 30
0.0
 70
0
  0
VERTEX
  5
215
330
17
100
AcDbEntity
  8
7
100
AcDbVertex
100
AcDb2dVertex
 10
3571.1105
 20
1730.785877
 30
0.0
 70
0
  0
VERTEX
  5
216
330
17
100
AcDbEntity
  8
7
100
AcDbVertex
100
AcDb2dVertex
 10
3571.1105
 20
1711.785877
 30
0.0
 70
0
  0
VERTEX
  5
217
330
17
100
AcDbEntity
  8
7
100
AcDbVertex
100
AcDb2dVertex
 10
3552.1105
 20
1711.785877
 30
0.0
 70
0
  0
VERTEX
  5
218
330
17
100
AcDbEntity
  8
7
100
AcDbVertex
100
AcDb2dVertex
 10
3552.1105
 20
1730.785877
 30
0.0
 70
0
  0
SEQEND
  5
213
330
212
100
AcDbEntity
  8
7
  0
POLYLINE
  5
219
330
17
100
AcDbEntity
  8
3
 62
3
100
AcDb2dPolyline
 66
1
 10
0.0
 20
0.0
 30
0.0
 70
0
  0
VERTEX
  5
21B
330
17
100
AcDbEntity
  8
3
100
AcDbVertex
100
AcDb2dVertex
 10
2953.6105
 20
1477.785877
 30
0.0
 70
0
  0
VERTEX
  5
21C
330
17
100
AcDbEntity
  8
3
100
AcDbVertex
100
AcDb2dVertex
 10
1665.291712
 20
1477.785877
 30
0.0
 70
0
  0
VERTEX
  5
21D
330
17
100
AcDbEntity
  8
3
100
AcDbVertex
100
AcDb2dVertex
 10
1443.6105
 20
1687.621528
 30
0.0
 70
0
  0
SEQEND
  5
21A
330
219
100
AcDbEntity
  8
3
  0
POLYLINE
  5
21E
330
17
100
AcDbEntity
  8
8
 62
8
100
AcDb2dPolyline
 66
1
 10
0.0
 20
0.0
 30
0.0
 70
0
  0
VERTEX
  5
220
330
17
100
AcDbEntity
  8
8
100
AcDbVertex
100
AcDb2dVertex
 10
3522.1105
 20
1613.001461
 30
0.0
 70
0
  0
VERTEX
  5
221
330
17
100
AcDbEntity
  8
8
100
AcDbVertex
100
AcDb2dVertex
 10
3522.1105
 20
1601.001461
 30
0.0
 70
0
  0
VERTEX
  5
222
330
17
100
AcDbEntity
  8
8
100
AcDbVertex
100
AcDb2dVertex
 10
3552.1105
 20
1601.001461
 30
0.0
 70
0
  0
VERTEX
  5
223
330
17
100
AcDbEntity
  8
8
100
AcDbVertex
100
AcDb2dVertex
 10
3552.1105
 20
1573.001461
 30
0.0
 70
0
  0
VERTEX
  5
224
330
17
100
AcDbEntity
  8
8
100
AcDbVertex
100
AcDb2dVertex
 10
3571.1105
 20
1573.001461
 30
0.0
 70
0
  0
VERTEX
  5
225
330
17
100
AcDbEntity
  8
8
100
AcDbVertex
100
AcDb2dVertex
 10
3571.1105
 20
1601.001461
 30
0.0
 70
0
  0
VERTEX
  5
226
330
17
100
AcDbEntity
  8
8
100
AcDbVertex
100
AcDb2dVertex
 10
3571.1105
 20
1613.001461
 30
0.0
 70
0
  0
VERTEX
  5
227
330
17
100
AcDbEntity
  8
8
100
AcDbVertex
100
AcDb2dVertex
 10
3522.1105
 20
1613.001461
 30
0.0
 70
0
  0
SEQEND
  5
21F
330
21E
100
AcDbEntity
  8
8
  0
POLYLINE
  5
228
330
17
100
AcDbEntity
  8
8
 62
8
100
AcDb2dPolyline
 66
1
 10
0.0
 20
0.0
 30
0.0
 70
0
  0
VERTEX
  5
22A
330
17
100
AcDbEntity
  8
8
100
AcDbVertex
100
AcDb2dVertex
 10
3085.1105
 20
1613.001461
 30
0.0
 70
0
  0
VERTEX
  5
22B
330
17
100
AcDbEntity
  8
8
100
AcDbVertex
100
AcDb2dVertex
 10
3085.1105
 20
1601.001461
 30
0.0
 70
0
  0
VERTEX
  5
22C
330
17
100
AcDbEntity
  8
8
100
AcDbVertex
100
AcDb2dVertex
 10
3115.1105
 20
1601.001461
 30
0.0
 70
0
  0
VERTEX
  5
22D
330
17
100
AcDbEntity
  8
8
100
AcDbVertex
100
AcDb2dVertex
 10
3115.1105
 20
1563.001461
 30
0.0
 70
0
  0
VERTEX
  5
22E
330
17
100
AcDbEntity
  8
8
100
AcDbVertex
100
AcDb2dVertex
 10
3134.1105
 20
1563.001461
 30
0.0
 70
0
  0
VERTEX
  5
22F
330
17
100
AcDbEntity
  8
8
100
AcDbVertex
100
AcDb2dVertex
 10
3134.1105
 20
1601.001461
 30
0.0
 70
0
  0
VERTEX
  5
230
330
17
100
AcDbEntity
  8
8
100
AcDbVertex
100
AcDb2dVertex
 10
3164.1105
 20
1601.001461
 30
0.0
 70
0
  0
VERTEX
  5
231
330
17
100
AcDbEntity
  8
8
100
AcDbVertex
100
AcDb2dVertex
 10
3164.1105
 20
1613.001461
 30
0.0
 70
0
  0
VERTEX
  5
232
330
17
100
AcDbEntity
  8
8
100
AcDbVertex
100
AcDb2dVertex
 10
3085.1105
 20
1613.001461
 30
0.0
 70
0
  0
SEQEND
  5
229
330
228
100
AcDbEntity
  8
8
  0
POLYLINE
  5
233
330
17
100
AcDbEntity
  8
7
 62
7
100
AcDb2dPolyline
 66
1
 10
0.0
 20
0.0
 30
0.0
 70
0
  0
VERTEX
  5
235
330
17
100
AcDbEntity
  8
7
100
AcDbVertex
100
AcDb2dVertex
 10
3536.6105
 20
2109.785877
 30
0.0
 70
0
  0
VERTEX
  5
236
330
17
100
AcDbEntity
  8
7
100
AcDbVertex
100
AcDb2dVertex
 10
3586.6105
 20
2109.785877
 30
0.0
 70
0
  0
VERTEX
  5
237
330
17
100
AcDbEntity
  8
7
100
AcDbVertex
100
AcDb2dVertex
 10
3586.6105
 20
2128.785877
 30
0.0
 70
0
  0
VERTEX
  5
238
330
17
100
AcDbEntity
  8
7
100
AcDbVertex
100
AcDb2dVertex
 10
3536.6105
 20
2128.785877
 30
0.0
 70
0
  0
VERTEX
  5
239
330
17
100
AcDbEntity
  8
7
100
AcDbVertex
100
AcDb2dVertex
 10
3536.6105
 20
2109.785877
 30
0.0
 70
0
  0
SEQEND
  5
234
330
233
100
AcDbEntity
  8
7
  0
POLYLINE
  5
23A
330
17
100
AcDbEntity
  8
7
 62
7
100
AcDb2dPolyline
 66
1
 10
0.0
 20
0.0
 30
0.0
 70
0
  0
VERTEX
  5
23C
330
17
100
AcDbEntity
  8
7
100
AcDbVertex
100
AcDb2dVertex
 10
3552.1105
 20
1828.785877
 30
0.0
 70
0
  0
VERTEX
  5
23D
330
17
100
AcDbEntity
  8
7
100
AcDbVertex
100
AcDb2dVertex
 10
3571.1105
 20
1828.785877
 30
0.0
 70
0
  0
VERTEX
  5
23E
330
17
100
AcDbEntity
  8
7
100
AcDbVertex
100
AcDb2dVertex
 10
3571.1105
 20
1928.785877
 30
0.0
 70
0
  0
VERTEX
  5
23F
330
17
100
AcDbEntity
  8
7
100
AcDbVertex
100
AcDb2dVertex
 10
3552.1105
 20
1928.785877
 30
0.0
 70
0
  0
VERTEX
  5
240
330
17
100
AcDbEntity
  8
7
100
AcDbVertex
100
AcDb2dVertex
 10
3552.1105
 20
1828.785877
 30
0.0
 70
0
  0
SEQEND
  5
23B
330
23A
100
AcDbEntity
  8
7
  0
POLYLINE
  5
241
330
17
100
AcDbEntity
  8
7
 62
7
100
AcDb2dPolyline
 66
1
 10
0.0
 20
0.0
 30
0.0
 70
0
  0
VERTEX
  5
243
330
17
100
AcDbEntity
  8
7
100
AcDbVertex
100
AcDb2dVertex
 10
3549.6105
 20
1411.785877
 30
0.0
 70
0
  0
VERTEX
  5
244
330
17
100
AcDbEntity
  8
7
100
AcDbVertex
100
AcDb2dVertex
 10
3573.6105
 20
1411.785877
 30
0.0
 70
0
  0
VERTEX
  5
245
330
17
100
AcDbEntity
  8
7
100
AcDbVertex
100
AcDb2dVertex
 10
3573.6105
 20
1477.785877
 30
0.0
 70
0
  0
VERTEX
  5
246
330
17
100
AcDbEntity
  8
7
100
AcDbVertex
100
AcDb2dVertex
 10
3549.6105
 20
1477.785877
 30
0.0
 70
0
  0
VERTEX
  5
247
330
17
100
AcDbEntity
  8
7
100
AcDbVertex
100
AcDb2dVertex
 10
3549.6105
 20
1411.785877
 30
0.0
 70
0
  0
SEQEND
  5
242
330
241
100
AcDbEntity
  8
7
  0
POLYLINE
  5
248
330
17
100
AcDbEntity
  8
7
 62
7
100
AcDb2dPolyline
 66
1
 10
0.0
 20
0.0
 30
0.0
 70
0
  0
VERTEX
  5
24A
330
17
100
AcDbEntity
  8
7
100
AcDbVertex
100
AcDb2dVertex
 10
3112.6105
 20
1411.785877
 30
0.0
 70
0
  0
VERTEX
  5
24B
330
17
100
AcDbEntity
  8
7
100
AcDbVertex
100
AcDb2dVertex
 10
3136.6105
 20
1411.785877
 30
0.0
 70
0
  0
VERTEX
  5
24C
330
17
100
AcDbEntity
  8
7
100
AcDbVertex
100
AcDb2dVertex
 10
3136.6105
 20
1477.785877
 30
0.0
 70
0
  0
VERTEX
  5
24D
330
17
100
AcDbEntity
  8
7
100
AcDbVertex
100
AcDb2dVertex
 10
3112.6105
 20
1477.785877
 30
0.0
 70
0
  0
VERTEX
  5
24E
330
17
100
AcDbEntity
  8
7
100
AcDbVertex
100
AcDb2dVertex
 10
3112.6105
 20
1411.785877
 30
0.0
 70
0
  0
SEQEND
  5
249
330
248
100
AcDbEntity
  8
7
  0
POLYLINE
  5
24F
330
17
100
AcDbEntity
  8
7
 62
7
100
AcDb2dPolyline
 66
1
 10
0.0
 20
0.0
 30
0.0
 70
0
  0
VERTEX
  5
251
330
17
100
AcDbEntity
  8
7
100
AcDbVertex
100
AcDb2dVertex
 10
1379.6105
 20
1688.785877
 30
0.0
 70
0
  0
VERTEX
  5
252
330
17
100
AcDbEntity
  8
7
100
AcDbVertex
100
AcDb2dVertex
 10
1398.6105
 20
1688.785877
 30
0.0
 70
0
  0
VERTEX
  5
253
330
17
100
AcDbEntity
  8
7
100
AcDbVertex
100
AcDb2dVertex
 10
1398.6105
 20
1748.785877
 30
0.0
 70
0
  0
VERTEX
  5
254
330
17
100
AcDbEntity
  8
7
100
AcDbVertex
100
AcDb2dVertex
 10
1379.6105
 20
1748.785877
 30
0.0
 70
0
  0
VERTEX
  5
255
330
17
100
AcDbEntity
  8
7
100
AcDbVertex
100
AcDb2dVertex
 10
1379.6105
 20
1688.785877
 30
0.0
 70
0
  0
SEQEND
  5
250
330
24F
100
AcDbEntity
  8
7
  0
POLYLINE
  5
256
330
17
100
AcDbEntity
  8
7
 62
7
100
AcDb2dPolyline
 66
1
 10
0.0
 20
0.0
 30
0.0
 70
0
  0
VERTEX
  5
258
330
17
100
AcDbEntity
  8
7
100
AcDbVertex
100
AcDb2dVertex
 10
1379.6105
 20
2068.785877
 30
0.0
 70
0
  0
VERTEX
  5
259
330
17
100
AcDbEntity
  8
7
100
AcDbVertex
100
AcDb2dVertex
 10
1398.6105
 20
2068.785877
 30
0.0
 70
0
  0
VERTEX
  5
25A
330
17
100
AcDbEntity
  8
7
100
AcDbVertex
100
AcDb2dVertex
 10
1398.6105
 20
2128.785877
 30
0.0
 70
0
  0
VERTEX
  5
25B
330
17
100
AcDbEntity
  8
7
100
AcDbVertex
100
AcDb2dVertex
 10
1379.6105
 20
2128.785877
 30
0.0
 70
0
  0
VERTEX
  5
25C
330
17
100
AcDbEntity
  8
7
100
AcDbVertex
100
AcDb2dVertex
 10
1379.6105
 20
2068.785877
 30
0.0
 70
0
  0
SEQEND
  5
257
330
256
100
AcDbEntity
  8
7
  0
POLYLINE
  5
25D
330
17
100
AcDbEntity
  8
3
 62
3
100
AcDb2dPolyline
 66
1
 10
0.0
 20
0.0
 30
0.0
 70
0
  0
VERTEX
  5
25F
330
17
100
AcDbEntity
  8
3
100
AcDbVertex
100
AcDb2dVertex
 10
1547.259395
 20
1499.386468
 30
0.0
 70
0
  0
VERTEX
  5
260
330
17
100
AcDbEntity
  8
3
100
AcDbVertex
100
AcDb2dVertex
 10
1639.807769
 20
1411.785877
 30
0.0
 70
0
  0
SEQEND
  5
25E
330
25D
100
AcDbEntity
  8
3
  0
POLYLINE
  5
261
330
17
100
AcDbEntity
  8
3
 62
3
100
AcDb2dPolyline
 66
1
 10
0.0
 20
0.0
 30
0.0
 70
0
  0
VERTEX
  5
263
330
17
100
AcDbEntity
  8
3
100
AcDbVertex
100
AcDb2dVertex
 10
1645.382835
 20
1425.785877
 30
0.0
 70
0
  0
VERTEX
  5
264
330
17
100
AcDbEntity
  8
3
100
AcDbVertex
100
AcDb2dVertex
 10
1398.6105
 20
1659.365624
 30
0.0
 70
0
  0
SEQEND
  5
262
330
261
100
AcDbEntity
  8
3
  0
POLYLINE
  5
265
330
17
100
AcDbEntity
  8
3
 62
3
100
AcDb2dPolyline
 66
1
 10
0.0
 20
0.0
 30
0.0
 70
0
  0
VERTEX
  5
267
330
17
100
AcDbEntity
  8
3
100
AcDbVertex
100
AcDb2dVertex
 10
3136.6105
 20
1411.785877
 30
0.0
 70
0
  0
VERTEX
  5
268
330
17
100
AcDbEntity
  8
3
100
AcDbVertex
100
AcDb2dVertex
 10
3549.6105
 20
1411.785877
 30
0.0
 70
0
  0
SEQEND
  5
266
330
265
100
AcDbEntity
  8
3
  0
POLYLINE
  5
269
330
17
100
AcDbEntity
  8
3
 62
3
100
AcDb2dPolyline
 66
1
 10
0.0
 20
0.0
 30
0.0
 70
0
  0
VERTEX
  5
26B
330
17
100
AcDbEntity
  8
3
100
AcDbVertex
100
AcDb2dVertex
 10
3549.6105
 20
1425.785877
 30
0.0
 70
0
  0
VERTEX
  5
26C
330
17
100
AcDbEntity
  8
3
100
AcDbVertex
100
AcDb2dVertex
 10
3136.6105
 20
1425.785877
 30
0.0
 70
0
  0
SEQEND
  5
26A
330
269
100
AcDbEntity
  8
3
  0
POLYLINE
  5
26D
330
17
100
AcDbEntity
  8
3
 62
3
100
AcDb2dPolyline
 66
1
 10
0.0
 20
0.0
 30
0.0
 70
0
  0
VERTEX
  5
26F
330
17
100
AcDbEntity
  8
3
100
AcDbVertex
100
AcDb2dVertex
 10
2699.6105
 20
1411.785877
 30
0.0
 70
0
  0
VERTEX
  5
270
330
17
100
AcDbEntity
  8
3
100
AcDbVertex
100
AcDb2dVertex
 10
3112.6105
 20
1411.785877
 30
0.0
 70
0
  0
SEQEND
  5
26E
330
26D
100
AcDbEntity
  8
3
  0
POLYLINE
  5
271
330
17
100
AcDbEntity
  8
3
 62
3
100
AcDb2dPolyline
 66
1
 10
0.0
 20
0.0
 30
0.0
 70
0
  0
VERTEX
  5
273
330
17
100
AcDbEntity
  8
3
100
AcDbVertex
100
AcDb2dVertex
 10
1825.6105
 20
1411.785877
 30
0.0
 70
0
  0
VERTEX
  5
274
330
17
100
AcDbEntity
  8
3
100
AcDbVertex
100
AcDb2dVertex
 10
2238.6105
 20
1411.785877
 30
0.0
 70
0
  0
SEQEND
  5
272
330
271
100
AcDbEntity
  8
3
  0
POLYLINE
  5
275
330
17
100
AcDbEntity
  8
3
 62
3
100
AcDb2dPolyline
 66
1
 10
0.0
 20
0.0
 30
0.0
 70
0
  0
VERTEX
  5
277
330
17
100
AcDbEntity
  8
3
100
AcDbVertex
100
AcDb2dVertex
 10
2238.6105
 20
1425.785877
 30
0.0
 70
0
  0
VERTEX
  5
278
330
17
100
AcDbEntity
  8
3
100
AcDbVertex
100
AcDb2dVertex
 10
1825.6105
 20
1425.785877
 30
0.0
 70
0
  0
SEQEND
  5
276
330
275
100
AcDbEntity
  8
3
  0
POLYLINE
  5
279
330
17
100
AcDbEntity
  8
3
 62
3
100
AcDb2dPolyline
 66
1
 10
0.0
 20
0.0
 30
0.0
 70
0
  0
VERTEX
  5
27B
330
17
100
AcDbEntity
  8
3
100
AcDbVertex
100
AcDb2dVertex
 10
1639.807769
 20
1411.785877
 30
0.0
 70
0
  0
VERTEX
  5
27C
330
17
100
AcDbEntity
  8
3
100
AcDbVertex
100
AcDb2dVertex
 10
1801.6105
 20
1411.785877
 30
0.0
 70
0
  0
SEQEND
  5
27A
330
279
100
AcDbEntity
  8
3
  0
POLYLINE
  5
27D
330
17
100
AcDbEntity
  8
3
 62
3
100
AcDb2dPolyline
 66
1
 10
0.0
 20
0.0
 30
0.0
 70
0
  0
VERTEX
  5
27F
330
17
100
AcDbEntity
  8
3
100
AcDbVertex
100
AcDb2dVertex
 10
1379.6105
 20
1658.077026
 30
0.0
 70
0
  0
VERTEX
  5
280
330
17
100
AcDbEntity
  8
3
100
AcDbVertex
100
AcDb2dVertex
 10
1547.259299
 20
1499.386559
 30
0.0
 70
0
  0
SEQEND
  5
27E
330
27D
100
AcDbEntity
  8
3
  0
POLYLINE
  5
281
330
17
100
AcDbEntity
  8
3
 62
3
100
AcDb2dPolyline
 66
1
 10
0.0
 20
0.0
 30
0.0
 70
0
  0
VERTEX
  5
283
330
17
100
AcDbEntity
  8
3
100
AcDbVertex
100
AcDb2dVertex
 10
3571.1105
 20
1477.785877
 30
0.0
 70
0
  0
VERTEX
  5
284
330
17
100
AcDbEntity
  8
3
100
AcDbVertex
100
AcDb2dVertex
 10
3571.1105
 20
1711.785877
 30
0.0
 70
0
  0
SEQEND
  5
282
330
281
100
AcDbEntity
  8
3
  0
POLYLINE
  5
285
330
17
100
AcDbEntity
  8
3
 62
3
100
AcDb2dPolyline
 66
1
 10
0.0
 20
0.0
 30
0.0
 70
0
  0
VERTEX
  5
287
330
17
100
AcDbEntity
  8
3
100
AcDbVertex
100
AcDb2dVertex
 10
3552.1105
 20
1711.785877
 30
0.0
 70
0
  0
VERTEX
  5
288
330
17
100
AcDbEntity
  8
3
100
AcDbVertex
100
AcDb2dVertex
 10
3552.1105
 20
1477.785877
 30
0.0
 70
0
  0
SEQEND
  5
286
330
285
100
AcDbEntity
  8
3
  0
POLYLINE
  5
289
330
17
100
AcDbEntity
  8
3
 62
3
100
AcDb2dPolyline
 66
1
 10
0.0
 20
0.0
 30
0.0
 70
0
  0
VERTEX
  5
28B
330
17
100
AcDbEntity
  8
3
100
AcDbVertex
100
AcDb2dVertex
 10
1379.6105
 20
2068.785877
 30
0.0
 70
0
  0
VERTEX
  5
28C
330
17
100
AcDbEntity
  8
3
100
AcDbVertex
100
AcDb2dVertex
 10
1379.6105
 20
1748.785877
 30
0.0
 70
0
  0
SEQEND
  5
28A
330
289
100
AcDbEntity
  8
3
  0
POLYLINE
  5
28D
330
17
100
AcDbEntity
  8
3
 62
3
100
AcDb2dPolyline
 66
1
 10
0.0
 20
0.0
 30
0.0
 70
0
  0
VERTEX
  5
28F
330
17
100
AcDbEntity
  8
3
100
AcDbVertex
100
AcDb2dVertex
 10
1379.6105
 20
1688.785877
 30
0.0
 70
0
  0
VERTEX
  5
290
330
17
100
AcDbEntity
  8
3
100
AcDbVertex
100
AcDb2dVertex
 10
1379.6105
 20
1658.077026
 30
0.0
 70
0
  0
SEQEND
  5
28E
330
28D
100
AcDbEntity
  8
3
  0
POLYLINE
  5
291
330
17
100
AcDbEntity
  8
3
 62
3
100
AcDb2dPolyline
 66
1
 10
0.0
 20
0.0
 30
0.0
 70
0
  0
VERTEX
  5
293
330
17
100
AcDbEntity
  8
3
100
AcDbVertex
100
AcDb2dVertex
 10
2697.1105
 20
2109.785877
 30
0.0
 70
0
  0
VERTEX
  5
294
330
17
100
AcDbEntity
  8
3
100
AcDbVertex
100
AcDb2dVertex
 10
3115.1105
 20
2109.785877
 30
0.0
 70
0
  0
SEQEND
  5
292
330
291
100
AcDbEntity
  8
3
  0
POLYLINE
  5
295
330
17
100
AcDbEntity
  8
3
 62
3
100
AcDb2dPolyline
 66
1
 10
0.0
 20
0.0
 30
0.0
 70
0
  0
VERTEX
  5
297
330
17
100
AcDbEntity
  8
3
100
AcDbVertex
100
AcDb2dVertex
 10
3115.1105
 20
2128.785877
 30
0.0
 70
0
  0
VERTEX
  5
298
330
17
100
AcDbEntity
  8
3
100
AcDbVertex
100
AcDb2dVertex
 10
2697.1105
 20
2128.785877
 30
0.0
 70
0
  0
SEQEND
  5
296
330
295
100
AcDbEntity
  8
3
  0
POLYLINE
  5
299
330
17
100
AcDbEntity
  8
3
 62
3
100
AcDb2dPolyline
 66
1
 10
0.0
 20
0.0
 30
0.0
 70
0
  0
VERTEX
  5
29B
330
17
100
AcDbEntity
  8
3
100
AcDbVertex
100
AcDb2dVertex
 10
2260.1105
 20
2109.785877
 30
0.0
 70
0
  0
VERTEX
  5
29C
330
17
100
AcDbEntity
  8
3
100
AcDbVertex
100
AcDb2dVertex
 10
2678.1105
 20
2109.785877
 30
0.0
 70
0
  0
SEQEND
  5
29A
330
299
100
AcDbEntity
  8
3
  0
POLYLINE
  5
29D
330
17
100
AcDbEntity
  8
3
 62
3
100
AcDb2dPolyline
 66
1
 10
0.0
 20
0.0
 30
0.0
 70
0
  0
VERTEX
  5
29F
330
17
100
AcDbEntity
  8
3
100
AcDbVertex
100
AcDb2dVertex
 10
2678.1105
 20
2128.785877
 30
0.0
 70
0
  0
VERTEX
  5
2A0
330
17
100
AcDbEntity
  8
3
100
AcDbVertex
100
AcDb2dVertex
 10
2260.1105
 20
2128.785877
 30
0.0
 70
0
  0
SEQEND
  5
29E
330
29D
100
AcDbEntity
  8
3
  0
POLYLINE
  5
2A1
330
17
100
AcDbEntity
  8
3
 62
3
100
AcDb2dPolyline
 66
1
 10
0.0
 20
0.0
 30
0.0
 70
0
  0
VERTEX
  5
2A3
330
17
100
AcDbEntity
  8
3
100
AcDbVertex
100
AcDb2dVertex
 10
1823.1105
 20
2109.785877
 30
0.0
 70
0
  0
VERTEX
  5
2A4
330
17
100
AcDbEntity
  8
3
100
AcDbVertex
100
AcDb2dVertex
 10
2241.1105
 20
2109.785877
 30
0.0
 70
0
  0
SEQEND
  5
2A2
330
2A1
100
AcDbEntity
  8
3
  0
POLYLINE
  5
2A5
330
17
100
AcDbEntity
  8
3
 62
3
100
AcDb2dPolyline
 66
1
 10
0.0
 20
0.0
 30
0.0
 70
0
  0
VERTEX
  5
2A7
330
17
100
AcDbEntity
  8
3
100
AcDbVertex
100
AcDb2dVertex
 10
2241.1105
 20
2128.785877
 30
0.0
 70
0
  0
VERTEX
  5
2A8
330
17
100
AcDbEntity
  8
3
100
AcDbVertex
100
AcDb2dVertex
 10
1823.1105
 20
2128.785877
 30
0.0
 70
0
  0
SEQEND
  5
2A6
330
2A5
100
AcDbEntity
  8
3
  0
POLYLINE
  5
2A9
330
17
100
AcDbEntity
  8
3
 62
3
100
AcDb2dPolyline
 66
1
 10
0.0
 20
0.0
 30
0.0
 70
0
  0
VERTEX
  5
2AB
330
17
100
AcDbEntity
  8
3
100
AcDbVertex
100
AcDb2dVertex
 10
1398.6105
 20
2109.785877
 30
0.0
 70
0
  0
VERTEX
  5
2AC
330
17
100
AcDbEntity
  8
3
100
AcDbVertex
100
AcDb2dVertex
 10
1804.1105
 20
2109.785877
 30
0.0
 70
0
  0
SEQEND
  5
2AA
330
2A9
100
AcDbEntity
  8
3
  0
POLYLINE
  5
2AD
330
17
100
AcDbEntity
  8
3
 62
3
100
AcDb2dPolyline
 66
1
 10
0.0
 20
0.0
 30
0.0
 70
0
  0
VERTEX
  5
2AF
330
17
100
AcDbEntity
  8
3
100
AcDbVertex
100
AcDb2dVertex
 10
1804.1105
 20
2128.785877
 30
0.0
 70
0
  0
VERTEX
  5
2B0
330
17
100
AcDbEntity
  8
3
100
AcDbVertex
100
AcDb2dVertex
 10
1588.1105
 20
2128.785877
 30
0.0
 70
0
  0
SEQEND
  5
2AE
330
2AD
100
AcDbEntity
  8
3
  0
POLYLINE
  5
2B1
330
17
100
AcDbEntity
  8
3
 62
3
100
AcDb2dPolyline
 66
1
 10
0.0
 20
0.0
 30
0.0
 70
0
  0
VERTEX
  5
2B3
330
17
100
AcDbEntity
  8
3
100
AcDbVertex
100
AcDb2dVertex
 10
1588.1105
 20
2128.785877
 30
0.0
 70
0
  0
VERTEX
  5
2B4
330
17
100
AcDbEntity
  8
3
100
AcDbVertex
100
AcDb2dVertex
 10
1398.6105
 20
2128.785877
 30
0.0
 70
0
  0
SEQEND
  5
2B2
330
2B1
100
AcDbEntity
  8
3
  0
POLYLINE
  5
2B5
330
17
100
AcDbEntity
  8
7
 62
7
100
AcDb2dPolyline
 66
1
 10
0.0
 20
0.0
 30
0.0
 70
0
  0
VERTEX
  5
2B7
330
17
100
AcDbEntity
  8
7
100
AcDbVertex
100
AcDb2dVertex
 10
4387.072129
 20
1425.273921
 30
0.0
 70
0
  0
VERTEX
  5
2B8
330
17
100
AcDbEntity
  8
7
100
AcDbVertex
100
AcDb2dVertex
 10
4717.072129
 20
1425.273921
 30
0.0
 70
0
  0
VERTEX
  5
2B9
330
17
100
AcDbEntity
  8
7
100
AcDbVertex
100
AcDb2dVertex
 10
4717.072129
 20
1463.273921
 30
0.0
 70
0
  0
VERTEX
  5
2BA
330
17
100
AcDbEntity
  8
7
100
AcDbVertex
100
AcDb2dVertex
 10
4425.072129
 20
1463.273921
 30
0.0
 70
0
  0
VERTEX
  5
2BB
330
17
100
AcDbEntity
  8
7
100
AcDbVertex
100
AcDb2dVertex
 10
4425.072129
 20
1861.273921
 30
0.0
 70
0
  0
VERTEX
  5
2BC
330
17
100
AcDbEntity
  8
7
100
AcDbVertex
100
AcDb2dVertex
 10
4387.072129
 20
1861.273921
 30
0.0
 70
0
  0
VERTEX
  5
2BD
330
17
100
AcDbEntity
  8
7
100
AcDbVertex
100
AcDb2dVertex
 10
4387.072129
 20
1425.273921
 30
0.0
 70
0
  0
SEQEND
  5
2B6
330
2B5
100
AcDbEntity
  8
7
  0
POLYLINE
  5
2BE
330
17
100
AcDbEntity
  8
6
 62
6
100
AcDb2dPolyline
 66
1
 10
0.0
 20
0.0
 30
0.0
 70
0
  0
VERTEX
  5
2C0
330
17
100
AcDbEntity
  8
6
100
AcDbVertex
100
AcDb2dVertex
 10
5030.612688
 20
1474.760767
 30
0.0
 70
0
  0
VERTEX
  5
2C1
330
17
100
AcDbEntity
  8
6
100
AcDbVertex
100
AcDb2dVertex
 10
5915.101203
 20
1474.760767
 30
0.0
 70
0
  0
VERTEX
  5
2C2
330
17
100
AcDbEntity
  8
6
100
AcDbVertex
100
AcDb2dVertex
 10
5915.101203
 20
1525.288302
 30
0.0
 70
0
  0
VERTEX
  5
2C3
330
17
100
AcDbEntity
  8
6
100
AcDbVertex
100
AcDb2dVertex
 10
5030.612688
 20
1525.288302
 30
0.0
 70
0
  0
VERTEX
  5
2C4
330
17
100
AcDbEntity
  8
6
100
AcDbVertex
100
AcDb2dVertex
 10
5030.612688
 20
1474.760767
 30
0.0
 70
0
  0
SEQEND
  5
2BF
330
2BE
100
AcDbEntity
  8
6
  0
POLYLINE
  5
2C5
330
17
100
AcDbEntity
  8
1
 62
1
100
AcDb2dPolyline
 66
1
 10
0.0
 20
0.0
 30
0.0
 70
0
  0
VERTEX
  5
2C7
330
17
100
AcDbEntity
  8
1
100
AcDbVertex
100
AcDb2dVertex
 10
5281.472534
 20
545.382544
 30
0.0
 70
0
  0
VERTEX
  5
2C8
330
17
100
AcDbEntity
  8
1
100
AcDbVertex
100
AcDb2dVertex
 10
5285.472494
 20
545.382544
 30
0.0
 70
0
  0
VERTEX
  5
2C9
330
17
100
AcDbEntity
  8
1
100
AcDbVertex
100
AcDb2dVertex
 10
5285.472494
 20
555.382444
 30
0.0
 70
0
  0
VERTEX
  5
2CA
330
17
100
AcDbEntity
  8
1
100
AcDbVertex
100
AcDb2dVertex
 10
5289.222456
 20
545.382544
 30
0.0
 70
0
  0
VERTEX
  5
2CB
330
17
100
AcDbEntity
  8
1
100
AcDbVertex
100
AcDb2dVertex
 10
5293.222416
 20
545.382544
 30
0.0
 70
0
  0
VERTEX
  5
2CC
330
17
100
AcDbEntity
  8
1
100
AcDbVertex
100
AcDb2dVertex
 10
5296.972379
 20
555.382444
 30
0.0
 70
0
  0
VERTEX
  5
2CD
330
17
100
AcDbEntity
  8
1
100
AcDbVertex
100
AcDb2dVertex
 10
5296.972379
 20
545.382544
 30
0.0
 70
0
  0
VERTEX
  5
2CE
330
17
100
AcDbEntity
  8
1
100
AcDbVertex
100
AcDb2dVertex
 10
5300.972339
 20
545.382544
 30
0.0
 70
0
  0
VERTEX
  5
2CF
330
17
100
AcDbEntity
  8
1
100
AcDbVertex
100
AcDb2dVertex
 10
5300.972339
 20
562.882369
 30
0.0
 70
0
  0
VERTEX
  5
2D0
330
17
100
AcDbEntity
  8
1
100
AcDbVertex
100
AcDb2dVertex
 10
5295.972389
 20
562.882369
 30
0.0
 70
0
  0
VERTEX
  5
2D1
330
17
100
AcDbEntity
  8
1
100
AcDbVertex
100
AcDb2dVertex
 10
5291.222436
 20
550.218433
 30
0.0
 70
0
  0
VERTEX
  5
2D2
330
17
100
AcDbEntity
  8
1
100
AcDbVertex
100
AcDb2dVertex
 10
5286.472484
 20
562.882369
 30
0.0
 70
0
  0
VERTEX
  5
2D3
330
17
100
AcDbEntity
  8
1
100
AcDbVertex
100
AcDb2dVertex
 10
5281.472534
 20
562.882369
 30
0.0
 70
0
  0
VERTEX
  5
2D4
330
17
100
AcDbEntity
  8
1
100
AcDbVertex
100
AcDb2dVertex
 10
5281.472534
 20
545.382544
 30
0.0
 70
0
  0
SEQEND
  5
2C6
330
2C5
100
AcDbEntity
  8
1
  0
POLYLINE
  5
2D5
330
17
100
AcDbEntity
  8
1
 62
1
100
AcDb2dPolyline
 66
1
 10
0.0
 20
0.0
 30
0.0
 70
0
  0
VERTEX
  5
2D7
330
17
100
AcDbEntity
  8
1
100
AcDbVertex
100
AcDb2dVertex
 10
5181.1376
 20
562.882369
 30
0.0
 70
0
  0
VERTEX
  5
2D8
330
17
100
AcDbEntity
  8
1
100
AcDbVertex
100
AcDb2dVertex
 10
5186.13755
 20
545.382544
 30
0.0
 70
0
  0
VERTEX
  5
2D9
330
17
100
AcDbEntity
  8
1
100
AcDbVertex
100
AcDb2dVertex
 10
5190.135557
 20
545.382544
 30
0.0
 70
0
  0
VERTEX
  5
2DA
330
17
100
AcDbEntity
  8
1
100
AcDbVertex
100
AcDb2dVertex
 10
5193.774192
 20
558.116791
 30
0.0
 70
0
  0
VERTEX
  5
2DB
330
17
100
AcDbEntity
  8
1
100
AcDbVertex
100
AcDb2dVertex
 10
5197.412828
 20
545.382544
 30
0.0
 70
0
  0
VERTEX
  5
2DC
330
17
100
AcDbEntity
  8
1
100
AcDbVertex
100
AcDb2dVertex
 10
5201.414741
 20
545.382544
 30
0.0
 70
0
  0
VERTEX
  5
2DD
330
17
100
AcDbEntity
  8
1
100
AcDbVertex
100
AcDb2dVertex
 10
5206.414691
 20
562.882369
 30
0.0
 70
0
  0
VERTEX
  5
2DE
330
17
100
AcDbEntity
  8
1
100
AcDbVertex
100
AcDb2dVertex
 10
5202.414731
 20
562.882369
 30
0.0
 70
0
  0
VERTEX
  5
2DF
330
17
100
AcDbEntity
  8
1
100
AcDbVertex
100
AcDb2dVertex
 10
5199.094451
 20
551.267251
 30
0.0
 70
0
  0
VERTEX
  5
2E0
330
17
100
AcDbEntity
  8
1
100
AcDbVertex
100
AcDb2dVertex
 10
5195.776125
 20
562.882369
 30
0.0
 70
0
  0
VERTEX
  5
2E1
330
17
100
AcDbEntity
  8
1
100
AcDbVertex
100
AcDb2dVertex
 10
5191.776165
 20
562.882369
 30
0.0
 70
0
  0
VERTEX
  5
2E2
330
17
100
AcDbEntity
  8
1
100
AcDbVertex
100
AcDb2dVertex
 10
5188.455886
 20
551.267251
 30
0.0
 70
0
  0
VERTEX
  5
2E3
330
17
100
AcDbEntity
  8
1
100
AcDbVertex
100
AcDb2dVertex
 10
5185.135607
 20
562.882369
 30
0.0
 70
0
  0
VERTEX
  5
2E4
330
17
100
AcDbEntity
  8
1
100
AcDbVertex
100
AcDb2dVertex
 10
5181.1376
 20
562.882369
 30
0.0
 70
0
  0
SEQEND
  5
2D6
330
2D5
100
AcDbEntity
  8
1
  0
POLYLINE
  5
2E5
330
17
100
AcDbEntity
  8
1
 62
1
100
AcDb2dPolyline
 66
1
 10
0.0
 20
0.0
 30
0.0
 70
0
  0
VERTEX
  5
2E7
330
17
100
AcDbEntity
  8
1
100
AcDbVertex
100
AcDb2dVertex
 10
5372.522405
 20
605.296007
 30
0.0
 70
0
  0
VERTEX
  5
2E8
330
17
100
AcDbEntity
  8
1
100
AcDbVertex
100
AcDb2dVertex
 10
5372.522405
 20
665.295407
 30
0.0
 70
0
  0
VERTEX
  5
2E9
330
17
100
AcDbEntity
  8
1
100
AcDbVertex
100
AcDb2dVertex
 10
5351.522615
 20
665.295407
 30
0.0
 70
0
  0
VERTEX
  5
2EA
330
17
100
AcDbEntity
  8
1
100
AcDbVertex
100
AcDb2dVertex
 10
5312.523005
 20
626.295797
 30
0.0
 70
0
  0
VERTEX
  5
2EB
330
17
100
AcDbEntity
  8
1
100
AcDbVertex
100
AcDb2dVertex
 10
5312.523005
 20
665.295407
 30
0.0
 70
0
  0
VERTEX
  5
2EC
330
17
100
AcDbEntity
  8
1
100
AcDbVertex
100
AcDb2dVertex
 10
5291.523215
 20
665.295407
 30
0.0
 70
0
  0
VERTEX
  5
2ED
330
17
100
AcDbEntity
  8
1
100
AcDbVertex
100
AcDb2dVertex
 10
5265.435585
 20
639.20973
 30
0.0
 70
0
  0
VERTEX
  5
2EE
330
17
100
AcDbEntity
  8
1
100
AcDbVertex
100
AcDb2dVertex
 10
5265.435585
 20
609.510809
 30
0.0
 70
0
  0
VERTEX
  5
2EF
330
17
100
AcDbEntity
  8
1
100
AcDbVertex
100
AcDb2dVertex
 10
5293.722411
 20
637.795682
 30
0.0
 70
0
  0
VERTEX
  5
2F0
330
17
100
AcDbEntity
  8
1
100
AcDbVertex
100
AcDb2dVertex
 10
5293.722411
 20
605.296007
 30
0.0
 70
0
  0
VERTEX
  5
2F1
330
17
100
AcDbEntity
  8
1
100
AcDbVertex
100
AcDb2dVertex
 10
5321.220183
 20
605.296007
 30
0.0
 70
0
  0
VERTEX
  5
2F2
330
17
100
AcDbEntity
  8
1
100
AcDbVertex
100
AcDb2dVertex
 10
5351.522615
 20
635.596485
 30
0.0
 70
0
  0
VERTEX
  5
2F3
330
17
100
AcDbEntity
  8
1
100
AcDbVertex
100
AcDb2dVertex
 10
5351.522615
 20
605.296007
 30
0.0
 70
0
  0
VERTEX
  5
2F4
330
17
100
AcDbEntity
  8
1
100
AcDbVertex
100
AcDb2dVertex
 10
5372.522405
 20
605.296007
 30
0.0
 70
0
  0
SEQEND
  5
2E6
330
2E5
100
AcDbEntity
  8
1
  0
LINE
  5
2F5
330
17
100
AcDbEntity
  8
2
 62
2
100
AcDbLine
 10
1624.887021
 20
768.044723
 30
0.0
 11
1617.815953
 21
775.115791
 31
0.0
  0
LINE
  5
2F6
330
17
100
AcDbEntity
  8
2
 62
2
100
AcDbLine
 10
1624.887021
 20
768.044723
 30
0.0
 11
1617.815953
 21
775.115791
 31
0.0
  0
LINE
  5
2F7
330
17
100
AcDbEntity
  8
2
 62
2
100
AcDbLine
 10
1624.887021
 20
473.044723
 30
0.0
 11
1617.815953
 21
480.115791
 31
0.0
  0
LINE
  5
2F8
330
17
100
AcDbEntity
  8
9
 62
9
100
AcDbLine
 10
1621.351487
 20
476.580257
 30
0.0
 11
1621.351487
 21
771.580257
 31
0.0
  0
LINE
  5
2F9
330
17
100
AcDbEntity
  8
2
 62
2
100
AcDbLine
 10
2465.088032
 20
823.044723
 30
0.0
 11
2458.016964
 21
830.115791
 31
0.0
  0
LINE
  5
2FA
330
17
100
AcDbEntity
  8
2
 62
2
100
AcDbLine
 10
2465.088032
 20
823.044723
 30
0.0
 11
2458.016964
 21
830.115791
 31
0.0
  0
LINE
  5
2FB
330
17
100
AcDbEntity
  8
2
 62
2
100
AcDbLine
 10
2465.088032
 20
768.044723
 30
0.0
 11
2458.016964
 21
775.115791
 31
0.0
  0
LINE
  5
2FC
330
17
100
AcDbEntity
  8
9
 62
9
100
AcDbLine
 10
2461.552498
 20
771.580257
 30
0.0
 11
2461.552498
 21
826.580257
 31
0.0
  0
LINE
  5
2FD
330
17
100
AcDbEntity
  8
2
 62
2
100
AcDbLine
 10
2465.088032
 20
768.044723
 30
0.0
 11
2458.016964
 21
775.115791
 31
0.0
  0
LINE
  5
2FE
330
17
100
AcDbEntity
  8
2
 62
2
100
AcDbLine
 10
2465.088032
 20
473.044723
 30
0.0
 11
2458.016964
 21
480.115791
 31
0.0
  0
LINE
  5
2FF
330
17
100
AcDbEntity
  8
9
 62
9
100
AcDbLine
 10
2461.552498
 20
476.580257
 30
0.0
 11
2461.552498
 21
771.580257
 31
0.0
  0
LINE
  5
300
330
17
100
AcDbEntity
  8
2
 62
2
100
AcDbLine
 10
3510.15774
 20
830.115791
 30
0.0
 11
3517.228808
 21
823.044723
 31
0.0
  0
LINE
  5
301
330
17
100
AcDbEntity
  8
2
 62
2
100
AcDbLine
 10
3510.15774
 20
840.115791
 30
0.0
 11
3517.228808
 21
833.044723
 31
0.0
  0
LINE
  5
302
330
17
100
AcDbEntity
  8
9
 62
9
100
AcDbLine
 10
3516.50681
 20
826.580257
 30
0.0
 11
3503.693274
 21
826.580257
 31
0.0
  0
LINE
  5
303
330
17
100
AcDbEntity
  8
9
 62
9
100
AcDbLine
 10
3547.1105
 20
836.580257
 30
0.0
 11
3503.693274
 21
836.580257
 31
0.0
  0
LINE
  5
304
330
17
100
AcDbEntity
  8
9
 62
9
100
AcDbLine
 10
3513.693274
 20
836.580257
 30
0.0
 11
3513.693274
 21
826.580257
 31
0.0
  0
LINE
  5
305
330
17
100
AcDbEntity
  8
6
 62
6
100
AcDbLine
 10
3552.1105
 20
826.580257
 30
0.0
 11
3552.1105
 21
836.580257
 31
0.0
  0
LINE
  5
306
330
17
100
AcDbEntity
  8
6
 62
6
100
AcDbLine
 10
3552.1105
 20
771.580257
 30
0.0
 11
3552.1105
 21
811.580257
 31
0.0
  0
LINE
  5
307
330
17
100
AcDbEntity
  8
3
 62
3
100
AcDbLine
 10
3571.1105
 20
781.580257
 30
0.0
 11
3744.595026
 21
781.580257
 31
0.0
  0
LINE
  5
308
330
17
100
AcDbEntity
  8
3
 62
3
100
AcDbLine
 10
3134.1105
 20
771.580257
 30
0.0
 11
3552.1105
 21
771.580257
 31
0.0
  0
LINE
  5
309
330
17
100
AcDbEntity
  8
3
 62
3
100
AcDbLine
 10
2697.1105
 20
771.580257
 30
0.0
 11
3115.1105
 21
771.580257
 31
0.0
  0
LINE
  5
30A
330
17
100
AcDbEntity
  8
3
 62
3
100
AcDbLine
 10
5637.859732
 20
1762.07312
 30
0.0
 11
5643.819329
 21
1768.261069
 31
0.0
  0
LINE
  5
30B
330
17
100
AcDbEntity
  8
3
 62
3
100
AcDbLine
 10
5071.771998
 20
2278.765527
 30
0.0
 11
5150.081556
 21
2278.765527
 31
0.0
  0
LINE
  5
30C
330
17
100
AcDbEntity
  8
6
 62
6
100
AcDbLine
 10
5192.21536
 20
2691.172198
 30
0.0
 11
5600.168715
 21
2691.172198
 31
0.0
  0
LINE
  5
30D
330
17
100
AcDbEntity
  8
1
 62
1
100
AcDbLine
 10
5174.533565
 20
2636.522479
 30
0.0
 11
5206.537349
 21
2544.319721
 31
0.0
  0
LINE
  5
30E
330
17
100
AcDbEntity
  8
1
 62
1
100
AcDbLine
 10
5174.533565
 20
2544.319721
 30
0.0
 11
5206.537349
 21
2636.522479
 31
0.0
  0
LINE
  5
30F
330
17
100
AcDbEntity
  8
1
 62
1
100
AcDbLine
 10
5584.634883
 20
2640.331836
 30
0.0
 11
5584.634883
 21
2540.510364
 31
0.0
  0
LINE
  5
310
330
17
100
AcDbEntity
  8
1
 62
1
100
AcDbLine
 10
5620.702083
 20
2636.522479
 30
0.0
 11
5580.569942
 21
2636.522479
 31
0.0
  0
LINE
  5
311
330
17
100
AcDbEntity
  8
1
 62
1
100
AcDbLine
 10
5616.638668
 20
2540.510364
 30
0.0
 11
5616.638668
 21
2640.331836
 31
0.0
  0
LINE
  5
312
330
17
100
AcDbEntity
  8
1
 62
1
100
AcDbLine
 10
5580.569942
 20
2544.319721
 30
0.0
 11
5620.702083
 21
2544.319721
 31
0.0
  0
LINE
  5
313
330
17
100
AcDbEntity
  8
1
 62
1
100
AcDbLine
 10
5582.602413
 20
2640.331836
 30
0.0
 11
5582.602413
 21
2540.510364
 31
0.0
  0
LINE
  5
314
330
17
100
AcDbEntity
  8
1
 62
1
100
AcDbLine
 10
5620.702083
 20
2638.300128
 30
0.0
 11
5580.569942
 21
2638.300128
 31
0.0
  0
LINE
  5
315
330
17
100
AcDbEntity
  8
1
 62
1
100
AcDbLine
 10
5618.669612
 20
2540.510364
 30
0.0
 11
5618.669612
 21
2640.331836
 31
0.0
  0
LINE
  5
316
330
17
100
AcDbEntity
  8
1
 62
1
100
AcDbLine
 10
5580.569942
 20
2542.288013
 30
0.0
 11
5620.702083
 21
2542.288013
 31
0.0
  0
LINE
  5
317
330
17
100
AcDbEntity
  8
1
 62
1
100
AcDbLine
 10
5580.569942
 20
2640.331836
 30
0.0
 11
5580.569942
 21
2540.510364
 31
0.0
  0
LINE
  5
318
330
17
100
AcDbEntity
  8
1
 62
1
100
AcDbLine
 10
5620.702083
 20
2640.331836
 30
0.0
 11
5580.569942
 21
2640.331836
 31
0.0
  0
LINE
  5
319
330
17
100
AcDbEntity
  8
1
 62
1
100
AcDbLine
 10
5620.702083
 20
2540.510364
 30
0.0
 11
5620.702083
 21
2640.331836
 31
0.0
  0
LINE
  5
31A
330
17
100
AcDbEntity
  8
1
 62
1
100
AcDbLine
 10
5580.569942
 20
2540.510364
 30
0.0
 11
5620.702083
 21
2540.510364
 31
0.0
  0
LINE
  5
31B
330
17
100
AcDbEntity
  8
1
 62
1
100
AcDbLine
 10
5174.533565
 20
2640.331836
 30
0.0
 11
5174.533565
 21
2540.510364
 31
0.0
  0
LINE
  5
31C
330
17
100
AcDbEntity
  8
1
 62
1
100
AcDbLine
 10
5210.602291
 20
2636.522479
 30
0.0
 11
5170.47015
 21
2636.522479
 31
0.0
  0
LINE
  5
31D
330
17
100
AcDbEntity
  8
1
 62
1
100
AcDbLine
 10
5206.537349
 20
2540.510364
 30
0.0
 11
5206.537349
 21
2640.331836
 31
0.0
  0
LINE
  5
31E
330
17
100
AcDbEntity
  8
1
 62
1
100
AcDbLine
 10
5170.47015
 20
2544.319721
 30
0.0
 11
5210.602291
 21
2544.319721
 31
0.0
  0
LINE
  5
31F
330
17
100
AcDbEntity
  8
1
 62
1
100
AcDbLine
 10
5172.501094
 20
2640.331836
 30
0.0
 11
5172.501094
 21
2540.510364
 31
0.0
  0
LINE
  5
320
330
17
100
AcDbEntity
  8
1
 62
1
100
AcDbLine
 10
5210.602291
 20
2638.300128
 30
0.0
 11
5170.47015
 21
2638.300128
 31
0.0
  0
LINE
  5
321
330
17
100
AcDbEntity
  8
1
 62
1
100
AcDbLine
 10
5208.56982
 20
2540.510364
 30
0.0
 11
5208.56982
 21
2640.331836
 31
0.0
  0
LINE
  5
322
330
17
100
AcDbEntity
  8
1
 62
1
100
AcDbLine
 10
5170.47015
 20
2542.288013
 30
0.0
 11
5210.602291
 21
2542.288013
 31
0.0
  0
LINE
  5
323
330
17
100
AcDbEntity
  8
1
 62
1
100
AcDbLine
 10
5170.47015
 20
2640.331836
 30
0.0
 11
5170.47015
 21
2540.510364
 31
0.0
  0
LINE
  5
324
330
17
100
AcDbEntity
  8
1
 62
1
100
AcDbLine
 10
5210.602291
 20
2640.331836
 30
0.0
 11
5170.47015
 21
2640.331836
 31
0.0
  0
LINE
  5
325
330
17
100
AcDbEntity
  8
1
 62
1
100
AcDbLine
 10
5210.602291
 20
2540.510364
 30
0.0
 11
5210.602291
 21
2640.331836
 31
0.0
  0
LINE
  5
326
330
17
100
AcDbEntity
  8
1
 62
1
100
AcDbLine
 10
5170.47015
 20
2540.510364
 30
0.0
 11
5210.602291
 21
2540.510364
 31
0.0
  0
LINE
  5
327
330
17
100
AcDbEntity
  8
1
 62
1
100
AcDbLine
 10
5382.083614
 20
2620.773883
 30
0.0
 11
5401.895626
 21
2640.585895
 31
0.0
  0
LINE
  5
328
330
17
100
AcDbEntity
  8
1
 62
1
100
AcDbLine
 10
5422.215755
 20
2636.775775
 30
0.0
 11
5382.083614
 21
2596.644397
 31
0.0
  0
LINE
  5
329
330
17
100
AcDbEntity
  8
1
 62
1
100
AcDbLine
 10
5382.083614
 20
2572.768207
 30
0.0
 11
5422.215755
 21
2612.646289
 31
0.0
  0
LINE
  5
32A
330
17
100
AcDbEntity
  8
1
 62
1
100
AcDbLine
 10
5422.215755
 20
2588.770099
 30
0.0
 11
5382.083614
 21
2548.637958
 31
0.0
  0
LINE
  5
32B
330
17
100
AcDbEntity
  8
1
 62
1
100
AcDbLine
 10
5398.085506
 20
2540.510364
 30
0.0
 11
5422.215755
 21
2564.63985
 31
0.0
  0
LINE
  5
32C
330
17
100
AcDbEntity
  8
1
 62
1
100
AcDbLine
 10
5386.147029
 20
2640.585895
 30
0.0
 11
5386.147029
 21
2540.510364
 31
0.0
  0
LINE
  5
32D
330
17
100
AcDbEntity
  8
1
 62
1
100
AcDbLine
 10
5422.215755
 20
2636.521717
 30
0.0
 11
5382.083614
 21
2636.521717
 31
0.0
  0
LINE
  5
32E
330
17
100
AcDbEntity
  8
1
 62
1
100
AcDbLine
 10
5418.150814
 20
2540.510364
 30
0.0
 11
5418.150814
 21
2640.585895
 31
0.0
  0
LINE
  5
32F
330
17
100
AcDbEntity
  8
1
 62
1
100
AcDbLine
 10
5382.083614
 20
2544.57378
 30
0.0
 11
5422.215755
 21
2544.57378
 31
0.0
  0
LINE
  5
330
330
17
100
AcDbEntity
  8
1
 62
1
100
AcDbLine
 10
5384.114559
 20
2640.585895
 30
0.0
 11
5384.114559
 21
2540.510364
 31
0.0
  0
LINE
  5
331
330
17
100
AcDbEntity
  8
1
 62
1
100
AcDbLine
 10
5422.215755
 20
2638.554187
 30
0.0
 11
5382.083614
 21
2638.554187
 31
0.0
  0
LINE
  5
332
330
17
100
AcDbEntity
  8
1
 62
1
100
AcDbLine
 10
5420.183284
 20
2540.510364
 30
0.0
 11
5420.183284
 21
2640.585895
 31
0.0
  0
LINE
  5
333
330
17
100
AcDbEntity
  8
1
 62
1
100
AcDbLine
 10
5382.083614
 20
2542.542072
 30
0.0
 11
5422.215755
 21
2542.542072
 31
0.0
  0
LINE
  5
334
330
17
100
AcDbEntity
  8
1
 62
1
100
AcDbLine
 10
5382.083614
 20
2640.585895
 30
0.0
 11
5382.083614
 21
2540.510364
 31
0.0
  0
LINE
  5
335
330
17
100
AcDbEntity
  8
1
 62
1
100
AcDbLine
 10
5422.215755
 20
2640.585895
 30
0.0
 11
5382.083614
 21
2640.585895
 31
0.0
  0
LINE
  5
336
330
17
100
AcDbEntity
  8
1
 62
1
100
AcDbLine
 10
5422.215755
 20
2540.510364
 30
0.0
 11
5422.215755
 21
2640.585895
 31
0.0
  0
LINE
  5
337
330
17
100
AcDbEntity
  8
1
 62
1
100
AcDbLine
 10
5382.083614
 20
2540.510364
 30
0.0
 11
5422.215755
 21
2540.510364
 31
0.0
  0
LINE
  5
338
330
17
100
AcDbEntity
  8
3
 62
3
100
AcDbLine
 10
3315.992363
 20
1583.34864
 30
0.0
 11
3315.992363
 21
1620.203696
 31
0.0
  0
LINE
  5
339
330
17
100
AcDbEntity
  8
3
 62
3
100
AcDbLine
 10
3296.943469
 20
1602.455272
 30
0.0
 11
3397.330233
 21
1602.455272
 31
0.0
  0
LINE
  5
33A
330
17
100
AcDbEntity
  8
3
 62
3
100
AcDbLine
 10
3315.992315
 20
1601.662471
 30
0.0
 11
3303.492315
 21
1601.662471
 31
0.0
  0
LINE
  5
33B
330
17
100
AcDbEntity
  8
3
 62
3
100
AcDbLine
 10
3315.992315
 20
1600.869622
 30
0.0
 11
3303.593309
 21
1600.869622
 31
0.0
  0
LINE
  5
33C
330
17
100
AcDbEntity
  8
3
 62
3
100
AcDbLine
 10
3315.992315
 20
1600.076773
 30
0.0
 11
3303.720672
 21
1600.076773
 31
0.0
  0
LINE
  5
33D
330
17
100
AcDbEntity
  8
3
 62
3
100
AcDbLine
 10
3315.992315
 20
1599.283923
 30
0.0
 11
3303.901298
 21
1599.283923
 31
0.0
  0
LINE
  5
33E
330
17
100
AcDbEntity
  8
3
 62
3
100
AcDbLine
 10
3315.992315
 20
1598.491122
 30
0.0
 11
3304.137571
 21
1598.491122
 31
0.0
  0
LINE
  5
33F
330
17
100
AcDbEntity
  8
3
 62
3
100
AcDbLine
 10
3315.992315
 20
1597.698225
 30
0.0
 11
3304.432876
 21
1597.698225
 31
0.0
  0
LINE
  5
340
330
17
100
AcDbEntity
  8
3
 62
3
100
AcDbLine
 10
3315.992315
 20
1596.905424
 30
0.0
 11
3304.791935
 21
1596.905424
 31
0.0
  0
LINE
  5
341
330
17
100
AcDbEntity
  8
3
 62
3
100
AcDbLine
 10
3315.992315
 20
1596.112575
 30
0.0
 11
3305.221088
 21
1596.112575
 31
0.0
  0
LINE
  5
342
330
17
100
AcDbEntity
  8
3
 62
3
100
AcDbLine
 10
3315.992315
 20
1595.319726
 30
0.0
 11
3305.72911
 21
1595.319726
 31
0.0
  0
LINE
  5
343
330
17
100
AcDbEntity
  8
3
 62
3
100
AcDbLine
 10
3315.992315
 20
1594.526877
 30
0.0
 11
3306.328495
 21
1594.526877
 31
0.0
  0
LINE
  5
344
330
17
100
AcDbEntity
  8
3
 62
3
100
AcDbLine
 10
3315.992315
 20
1593.734075
 30
0.0
 11
3307.037456
 21
1593.734075
 31
0.0
  0
LINE
  5
345
330
17
100
AcDbEntity
  8
3
 62
3
100
AcDbLine
 10
3315.992315
 20
1592.941167
 30
0.0
 11
3307.884796
 21
1592.941167
 31
0.0
  0
LINE
  5
346
330
17
100
AcDbEntity
  8
3
 62
3
100
AcDbLine
 10
3315.992315
 20
1592.148365
 30
0.0
 11
3308.920057
 21
1592.148365
 31
0.0
  0
LINE
  5
347
330
17
100
AcDbEntity
  8
3
 62
3
100
AcDbLine
 10
3315.992315
 20
1591.355516
 30
0.0
 11
3310.243852
 21
1591.355516
 31
0.0
  0
LINE
  5
348
330
17
100
AcDbEntity
  8
3
 62
3
100
AcDbLine
 10
3315.992315
 20
1590.562667
 30
0.0
 11
3312.143238
 21
1590.562667
 31
0.0
  0
LINE
  5
349
330
17
100
AcDbEntity
  8
3
 62
3
100
AcDbLine
 10
3315.992363
 20
1603.248121
 30
0.0
 11
3328.492363
 21
1603.248121
 31
0.0
  0
LINE
  5
34A
330
17
100
AcDbEntity
  8
3
 62
3
100
AcDbLine
 10
3315.992363
 20
1604.04097
 30
0.0
 11
3328.391369
 21
1604.04097
 31
0.0
  0
LINE
  5
34B
330
17
100
AcDbEntity
  8
3
 62
3
100
AcDbLine
 10
3315.992363
 20
1604.833819
 30
0.0
 11
3328.263958
 21
1604.833819
 31
0.0
  0
LINE
  5
34C
330
17
100
AcDbEntity
  8
3
 62
3
100
AcDbLine
 10
3315.992363
 20
1605.626668
 30
0.0
 11
3328.083379
 21
1605.626668
 31
0.0
  0
LINE
  5
34D
330
17
100
AcDbEntity
  8
3
 62
3
100
AcDbLine
 10
3315.992363
 20
1606.41947
 30
0.0
 11
3327.847107
 21
1606.41947
 31
0.0
  0
LINE
  5
34E
330
17
100
AcDbEntity
  8
3
 62
3
100
AcDbLine
 10
3315.992363
 20
1607.212319
 30
0.0
 11
3327.551801
 21
1607.212319
 31
0.0
  0
LINE
  5
34F
330
17
100
AcDbEntity
  8
3
 62
3
100
AcDbLine
 10
3315.992363
 20
1608.005168
 30
0.0
 11
3327.192743
 21
1608.005168
 31
0.0
  0
LINE
  5
350
330
17
100
AcDbEntity
  8
3
 62
3
100
AcDbLine
 10
3315.992363
 20
1608.798017
 30
0.0
 11
3326.76359
 21
1608.798017
 31
0.0
  0
LINE
  5
351
330
17
100
AcDbEntity
  8
3
 62
3
100
AcDbLine
 10
3315.992363
 20
1609.590866
 30
0.0
 11
3326.255567
 21
1609.590866
 31
0.0
  0
LINE
  5
352
330
17
100
AcDbEntity
  8
3
 62
3
100
AcDbLine
 10
3315.992363
 20
1610.383727
 30
0.0
 11
3325.656231
 21
1610.383727
 31
0.0
  0
LINE
  5
353
330
17
100
AcDbEntity
  8
3
 62
3
100
AcDbLine
 10
3315.992363
 20
1611.176576
 30
0.0
 11
3324.947221
 21
1611.176576
 31
0.0
  0
LINE
  5
354
330
17
100
AcDbEntity
  8
3
 62
3
100
AcDbLine
 10
3315.992363
 20
1611.969365
 30
0.0
 11
3324.099882
 21
1611.969365
 31
0.0
  0
LINE
  5
355
330
17
100
AcDbEntity
  8
3
 62
3
100
AcDbLine
 10
3315.992363
 20
1612.762226
 30
0.0
 11
3323.064621
 21
1612.762226
 31
0.0
  0
LINE
  5
356
330
17
100
AcDbEntity
  8
3
 62
3
100
AcDbLine
 10
3315.992363
 20
1613.555076
 30
0.0
 11
3321.740825
 21
1613.555076
 31
0.0
  0
LINE
  5
357
330
17
100
AcDbEntity
  8
3
 62
3
100
AcDbLine
 10
3315.992363
 20
1614.347925
 30
0.0
 11
3319.841488
 21
1614.347925
 31
0.0
  0
LINE
  5
358
330
17
100
AcDbEntity
  8
3
 62
3
100
AcDbLine
 10
3303.492363
 20
1602.455272
 30
0.0
 11
3328.492363
 21
1602.455272
 31
0.0
  0
LINE
  5
359
330
17
100
AcDbEntity
  8
3
 62
3
100
AcDbLine
 10
3315.992363
 20
1614.955272
 30
0.0
 11
3315.992363
 21
1589.955272
 31
0.0
  0
LINE
  5
35A
330
17
100
AcDbEntity
  8
3
 62
3
100
AcDbLine
 10
2361.369972
 20
1926.383844
 30
0.0
 11
2361.369972
 21
1963.2389
 31
0.0
  0
LINE
  5
35B
330
17
100
AcDbEntity
  8
3
 62
3
100
AcDbLine
 10
2342.321078
 20
1945.490476
 30
0.0
 11
2442.707842
 21
1945.490476
 31
0.0
  0
LINE
  5
35C
330
17
100
AcDbEntity
  8
3
 62
3
100
AcDbLine
 10
2361.369924
 20
1944.697675
 30
0.0
 11
2348.869924
 21
1944.697675
 31
0.0
  0
LINE
  5
35D
330
17
100
AcDbEntity
  8
3
 62
3
100
AcDbLine
 10
2361.369924
 20
1943.904826
 30
0.0
 11
2348.970918
 21
1943.904826
 31
0.0
  0
LINE
  5
35E
330
17
100
AcDbEntity
  8
3
 62
3
100
AcDbLine
 10
2361.369924
 20
1943.111976
 30
0.0
 11
2349.098281
 21
1943.111976
 31
0.0
  0
LINE
  5
35F
330
17
100
AcDbEntity
  8
3
 62
3
100
AcDbLine
 10
2361.369924
 20
1942.319127
 30
0.0
 11
2349.278907
 21
1942.319127
 31
0.0
  0
LINE
  5
360
330
17
100
AcDbEntity
  8
3
 62
3
100
AcDbLine
 10
2361.369924
 20
1941.526326
 30
0.0
 11
2349.51518
 21
1941.526326
 31
0.0
  0
LINE
  5
361
330
17
100
AcDbEntity
  8
3
 62
3
100
AcDbLine
 10
2361.369924
 20
1940.733429
 30
0.0
 11
2349.810485
 21
1940.733429
 31
0.0
  0
LINE
  5
362
330
17
100
AcDbEntity
  8
3
 62
3
100
AcDbLine
 10
2361.369924
 20
1939.940628
 30
0.0
 11
2350.169544
 21
1939.940628
 31
0.0
  0
LINE
  5
363
330
17
100
AcDbEntity
  8
3
 62
3
100
AcDbLine
 10
2361.369924
 20
1939.147779
 30
0.0
 11
2350.598697
 21
1939.147779
 31
0.0
  0
LINE
  5
364
330
17
100
AcDbEntity
  8
3
 62
3
100
AcDbLine
 10
2361.369924
 20
1938.35493
 30
0.0
 11
2351.106719
 21
1938.35493
 31
0.0
  0
LINE
  5
365
330
17
100
AcDbEntity
  8
3
 62
3
100
AcDbLine
 10
2361.369924
 20
1937.562081
 30
0.0
 11
2351.706104
 21
1937.562081
 31
0.0
  0
LINE
  5
366
330
17
100
AcDbEntity
  8
3
 62
3
100
AcDbLine
 10
2361.369924
 20
1936.769279
 30
0.0
 11
2352.415065
 21
1936.769279
 31
0.0
  0
LINE
  5
367
330
17
100
AcDbEntity
  8
3
 62
3
100
AcDbLine
 10
2361.369924
 20
1935.976371
 30
0.0
 11
2353.262405
 21
1935.976371
 31
0.0
  0
LINE
  5
368
330
17
100
AcDbEntity
  8
3
 62
3
100
AcDbLine
 10
2361.369924
 20
1935.183569
 30
0.0
 11
2354.297666
 21
1935.183569
 31
0.0
  0
LINE
  5
369
330
17
100
AcDbEntity
  8
3
 62
3
100
AcDbLine
 10
2361.369924
 20
1934.39072
 30
0.0
 11
2355.621461
 21
1934.39072
 31
0.0
  0
LINE
  5
36A
330
17
100
AcDbEntity
  8
3
 62
3
100
AcDbLine
 10
2361.369924
 20
1933.597871
 30
0.0
 11
2357.520847
 21
1933.597871
 31
0.0
  0
LINE
  5
36B
330
17
100
AcDbEntity
  8
3
 62
3
100
AcDbLine
 10
2361.369972
 20
1946.283325
 30
0.0
 11
2373.869972
 21
1946.283325
 31
0.0
  0
LINE
  5
36C
330
17
100
AcDbEntity
  8
3
 62
3
100
AcDbLine
 10
2361.369972
 20
1947.076174
 30
0.0
 11
2373.768977
 21
1947.076174
 31
0.0
  0
LINE
  5
36D
330
17
100
AcDbEntity
  8
3
 62
3
100
AcDbLine
 10
2361.369972
 20
1947.869023
 30
0.0
 11
2373.641567
 21
1947.869023
 31
0.0
  0
LINE
  5
36E
330
17
100
AcDbEntity
  8
3
 62
3
100
AcDbLine
 10
2361.369972
 20
1948.661872
 30
0.0
 11
2373.460988
 21
1948.661872
 31
0.0
  0
LINE
  5
36F
330
17
100
AcDbEntity
  8
3
 62
3
100
AcDbLine
 10
2361.369972
 20
1949.454674
 30
0.0
 11
2373.224716
 21
1949.454674
 31
0.0
  0
LINE
  5
370
330
17
100
AcDbEntity
  8
3
 62
3
100
AcDbLine
 10
2361.369972
 20
1950.247523
 30
0.0
 11
2372.92941
 21
1950.247523
 31
0.0
  0
LINE
  5
371
330
17
100
AcDbEntity
  8
3
 62
3
100
AcDbLine
 10
2361.369972
 20
1951.040372
 30
0.0
 11
2372.570352
 21
1951.040372
 31
0.0
  0
LINE
  5
372
330
17
100
AcDbEntity
  8
3
 62
3
100
AcDbLine
 10
2361.369972
 20
1951.833221
 30
0.0
 11
2372.141198
 21
1951.833221
 31
0.0
  0
LINE
  5
373
330
17
100
AcDbEntity
  8
3
 62
3
100
AcDbLine
 10
2361.369972
 20
1952.62607
 30
0.0
 11
2371.633176
 21
1952.62607
 31
0.0
  0
LINE
  5
374
330
17
100
AcDbEntity
  8
3
 62
3
100
AcDbLine
 10
2361.369972
 20
1953.418931
 30
0.0
 11
2371.03384
 21
1953.418931
 31
0.0
  0
LINE
  5
375
330
17
100
AcDbEntity
  8
3
 62
3
100
AcDbLine
 10
2361.369972
 20
1954.21178
 30
0.0
 11
2370.32483
 21
1954.21178
 31
0.0
  0
LINE
  5
376
330
17
100
AcDbEntity
  8
3
 62
3
100
AcDbLine
 10
2361.369972
 20
1955.004569
 30
0.0
 11
2369.477491
 21
1955.004569
 31
0.0
  0
LINE
  5
377
330
17
100
AcDbEntity
  8
3
 62
3
100
AcDbLine
 10
2361.369972
 20
1955.79743
 30
0.0
 11
2368.44223
 21
1955.79743
 31
0.0
  0
LINE
  5
378
330
17
100
AcDbEntity
  8
3
 62
3
100
AcDbLine
 10
2361.369972
 20
1956.590279
 30
0.0
 11
2367.118434
 21
1956.590279
 31
0.0
  0
LINE
  5
379
330
17
100
AcDbEntity
  8
3
 62
3
100
AcDbLine
 10
2361.369972
 20
1957.383129
 30
0.0
 11
2365.219096
 21
1957.383129
 31
0.0
  0
LINE
  5
37A
330
17
100
AcDbEntity
  8
3
 62
3
100
AcDbLine
 10
2348.869972
 20
1945.490476
 30
0.0
 11
2373.869972
 21
1945.490476
 31
0.0
  0
LINE
  5
37B
330
17
100
AcDbEntity
  8
3
 62
3
100
AcDbLine
 10
2361.369972
 20
1957.990476
 30
0.0
 11
2361.369972
 21
1932.990476
 31
0.0
  0
LINE
  5
37C
330
17
100
AcDbEntity
  8
3
 62
3
100
AcDbLine
 10
1648.905595
 20
1928.645636
 30
0.0
 11
1648.905595
 21
1965.500692
 31
0.0
  0
LINE
  5
37D
330
17
100
AcDbEntity
  8
3
 62
3
100
AcDbLine
 10
1629.856702
 20
1947.752268
 30
0.0
 11
1730.243465
 21
1947.752268
 31
0.0
  0
LINE
  5
37E
330
17
100
AcDbEntity
  8
3
 62
3
100
AcDbLine
 10
1648.905548
 20
1946.959466
 30
0.0
 11
1636.405548
 21
1946.959466
 31
0.0
  0
LINE
  5
37F
330
17
100
AcDbEntity
  8
3
 62
3
100
AcDbLine
 10
1648.905548
 20
1946.166617
 30
0.0
 11
1636.506542
 21
1946.166617
 31
0.0
  0
LINE
  5
380
330
17
100
AcDbEntity
  8
3
 62
3
100
AcDbLine
 10
1648.905548
 20
1945.373768
 30
0.0
 11
1636.633905
 21
1945.373768
 31
0.0
  0
LINE
  5
381
330
17
100
AcDbEntity
  8
3
 62
3
100
AcDbLine
 10
1648.905548
 20
1944.580919
 30
0.0
 11
1636.814531
 21
1944.580919
 31
0.0
  0
LINE
  5
382
330
17
100
AcDbEntity
  8
3
 62
3
100
AcDbLine
 10
1648.905548
 20
1943.788118
 30
0.0
 11
1637.050804
 21
1943.788118
 31
0.0
  0
LINE
  5
383
330
17
100
AcDbEntity
  8
3
 62
3
100
AcDbLine
 10
1648.905548
 20
1942.995221
 30
0.0
 11
1637.346109
 21
1942.995221
 31
0.0
  0
LINE
  5
384
330
17
100
AcDbEntity
  8
3
 62
3
100
AcDbLine
 10
1648.905548
 20
1942.20242
 30
0.0
 11
1637.705167
 21
1942.20242
 31
0.0
  0
LINE
  5
385
330
17
100
AcDbEntity
  8
3
 62
3
100
AcDbLine
 10
1648.905548
 20
1941.409571
 30
0.0
 11
1638.134321
 21
1941.409571
 31
0.0
  0
LINE
  5
386
330
17
100
AcDbEntity
  8
3
 62
3
100
AcDbLine
 10
1648.905548
 20
1940.616721
 30
0.0
 11
1638.642343
 21
1940.616721
 31
0.0
  0
LINE
  5
387
330
17
100
AcDbEntity
  8
3
 62
3
100
AcDbLine
 10
1648.905548
 20
1939.823872
 30
0.0
 11
1639.241727
 21
1939.823872
 31
0.0
  0
LINE
  5
388
330
17
100
AcDbEntity
  8
3
 62
3
100
AcDbLine
 10
1648.905548
 20
1939.031071
 30
0.0
 11
1639.950689
 21
1939.031071
 31
0.0
  0
LINE
  5
389
330
17
100
AcDbEntity
  8
3
 62
3
100
AcDbLine
 10
1648.905548
 20
1938.238162
 30
0.0
 11
1640.798029
 21
1938.238162
 31
0.0
  0
LINE
  5
38A
330
17
100
AcDbEntity
  8
3
 62
3
100
AcDbLine
 10
1648.905548
 20
1937.445361
 30
0.0
 11
1641.83329
 21
1937.445361
 31
0.0
  0
LINE
  5
38B
330
17
100
AcDbEntity
  8
3
 62
3
100
AcDbLine
 10
1648.905548
 20
1936.652512
 30
0.0
 11
1643.157085
 21
1936.652512
 31
0.0
  0
LINE
  5
38C
330
17
100
AcDbEntity
  8
3
 62
3
100
AcDbLine
 10
1648.905548
 20
1935.859663
 30
0.0
 11
1645.05647
 21
1935.859663
 31
0.0
  0
LINE
  5
38D
330
17
100
AcDbEntity
  8
3
 62
3
100
AcDbLine
 10
1648.905595
 20
1948.545117
 30
0.0
 11
1661.405595
 21
1948.545117
 31
0.0
  0
LINE
  5
38E
330
17
100
AcDbEntity
  8
3
 62
3
100
AcDbLine
 10
1648.905595
 20
1949.337966
 30
0.0
 11
1661.304601
 21
1949.337966
 31
0.0
  0
LINE
  5
38F
330
17
100
AcDbEntity
  8
3
 62
3
100
AcDbLine
 10
1648.905595
 20
1950.130815
 30
0.0
 11
1661.17719
 21
1950.130815
 31
0.0
  0
LINE
  5
390
330
17
100
AcDbEntity
  8
3
 62
3
100
AcDbLine
 10
1648.905595
 20
1950.923664
 30
0.0
 11
1660.996612
 21
1950.923664
 31
0.0
  0
LINE
  5
391
330
17
100
AcDbEntity
  8
3
 62
3
100
AcDbLine
 10
1648.905595
 20
1951.716465
 30
0.0
 11
1660.760339
 21
1951.716465
 31
0.0
  0
LINE
  5
392
330
17
100
AcDbEntity
  8
3
 62
3
100
AcDbLine
 10
1648.905595
 20
1952.509314
 30
0.0
 11
1660.465034
 21
1952.509314
 31
0.0
  0
LINE
  5
393
330
17
100
AcDbEntity
  8
3
 62
3
100
AcDbLine
 10
1648.905595
 20
1953.302163
 30
0.0
 11
1660.105976
 21
1953.302163
 31
0.0
  0
LINE
  5
394
330
17
100
AcDbEntity
  8
3
 62
3
100
AcDbLine
 10
1648.905595
 20
1954.095012
 30
0.0
 11
1659.676822
 21
1954.095012
 31
0.0
  0
LINE
  5
395
330
17
100
AcDbEntity
  8
3
 62
3
100
AcDbLine
 10
1648.905595
 20
1954.887862
 30
0.0
 11
1659.1688
 21
1954.887862
 31
0.0
  0
LINE
  5
396
330
17
100
AcDbEntity
  8
3
 62
3
100
AcDbLine
 10
1648.905595
 20
1955.680723
 30
0.0
 11
1658.569463
 21
1955.680723
 31
0.0
  0
LINE
  5
397
330
17
100
AcDbEntity
  8
3
 62
3
100
AcDbLine
 10
1648.905595
 20
1956.473572
 30
0.0
 11
1657.860454
 21
1956.473572
 31
0.0
  0
LINE
  5
398
330
17
100
AcDbEntity
  8
3
 62
3
100
AcDbLine
 10
1648.905595
 20
1957.266361
 30
0.0
 11
1657.013115
 21
1957.266361
 31
0.0
  0
LINE
  5
399
330
17
100
AcDbEntity
  8
3
 62
3
100
AcDbLine
 10
1648.905595
 20
1958.059222
 30
0.0
 11
1655.977853
 21
1958.059222
 31
0.0
  0
LINE
  5
39A
330
17
100
AcDbEntity
  8
3
 62
3
100
AcDbLine
 10
1648.905595
 20
1958.852071
 30
0.0
 11
1654.654058
 21
1958.852071
 31
0.0
  0
LINE
  5
39B
330
17
100
AcDbEntity
  8
3
 62
3
100
AcDbLine
 10
1648.905595
 20
1959.64492
 30
0.0
 11
1652.75472
 21
1959.64492
 31
0.0
  0
LINE
  5
39C
330
17
100
AcDbEntity
  8
3
 62
3
100
AcDbLine
 10
1636.405595
 20
1947.752268
 30
0.0
 11
1661.405595
 21
1947.752268
 31
0.0
  0
LINE
  5
39D
330
17
100
AcDbEntity
  8
3
 62
3
100
AcDbLine
 10
1648.905595
 20
1960.252268
 30
0.0
 11
1648.905595
 21
1935.252268
 31
0.0
  0
LINE
  5
39E
330
17
100
AcDbEntity
  8
3
 62
3
100
AcDbLine
 10
3355.46457
 20
974.580257
 30
0.0
 11
3438.038836
 21
974.580257
 31
0.0
  0
LINE
  5
39F
330
17
100
AcDbEntity
  8
3
 62
3
100
AcDbLine
 10
3355.46457
 20
968.580257
 30
0.0
 11
3355.46457
 21
974.580257
 31
0.0
  0
LINE
  5
3A0
330
17
100
AcDbEntity
  8
3
 62
3
100
AcDbLine
 10
3349.46457
 20
968.580257
 30
0.0
 11
3355.46457
 21
956.580257
 31
0.0
  0
LINE
  5
3A1
330
17
100
AcDbEntity
  8
3
 62
3
100
AcDbLine
 10
3361.46457
 20
968.580257
 30
0.0
 11
3349.46457
 21
968.580257
 31
0.0
  0
LINE
  5
3A2
330
17
100
AcDbEntity
  8
3
 62
3
100
AcDbLine
 10
3355.46457
 20
956.580257
 30
0.0
 11
3361.46457
 21
968.580257
 31
0.0
  0
LINE
  5
3A3
330
17
100
AcDbEntity
  8
3
 62
3
100
AcDbLine
 10
3709.918975
 20
854.580257
 30
0.0
 11
3792.493241
 21
854.580257
 31
0.0
  0
LINE
  5
3A4
330
17
100
AcDbEntity
  8
3
 62
3
100
AcDbLine
 10
3709.918975
 20
848.580257
 30
0.0
 11
3709.918975
 21
854.580257
 31
0.0
  0
LINE
  5
3A5
330
17
100
AcDbEntity
  8
3
 62
3
100
AcDbLine
 10
3703.918975
 20
848.580257
 30
0.0
 11
3709.918975
 21
836.580257
 31
0.0
  0
LINE
  5
3A6
330
17
100
AcDbEntity
  8
3
 62
3
100
AcDbLine
 10
3715.918975
 20
848.580257
 30
0.0
 11
3703.918975
 21
848.580257
 31
0.0
  0
LINE
  5
3A7
330
17
100
AcDbEntity
  8
3
 62
3
100
AcDbLine
 10
3709.918975
 20
836.580257
 30
0.0
 11
3715.918975
 21
848.580257
 31
0.0
  0
LINE
  5
3A8
330
17
100
AcDbEntity
  8
2
 62
2
100
AcDbLine
 10
3679.988835
 20
953.044723
 30
0.0
 11
3672.917767
 21
960.115791
 31
0.0
  0
LINE
  5
3A9
330
17
100
AcDbEntity
  8
2
 62
2
100
AcDbLine
 10
3679.988835
 20
833.044723
 30
0.0
 11
3672.917767
 21
840.115791
 31
0.0
  0
LINE
  5
3AA
330
17
100
AcDbEntity
  8
9
 62
9
100
AcDbLine
 10
3576.1105
 20
956.580257
 30
0.0
 11
3686.453301
 21
956.580257
 31
0.0
  0
LINE
  5
3AB
330
17
100
AcDbEntity
  8
9
 62
9
100
AcDbLine
 10
3676.453301
 20
826.580257
 30
0.0
 11
3676.453301
 21
956.580257
 31
0.0
  0
LINE
  5
3AC
330
17
100
AcDbEntity
  8
2
 62
2
100
AcDbLine
 10
3679.988835
 20
833.044723
 30
0.0
 11
3672.917767
 21
840.115791
 31
0.0
  0
LINE
  5
3AD
330
17
100
AcDbEntity
  8
2
 62
2
100
AcDbLine
 10
3679.988835
 20
473.044723
 30
0.0
 11
3672.917767
 21
480.115791
 31
0.0
  0
LINE
  5
3AE
330
17
100
AcDbEntity
  8
9
 62
9
100
AcDbLine
 10
3647.18356
 20
836.580257
 30
0.0
 11
3686.453301
 21
836.580257
 31
0.0
  0
LINE
  5
3AF
330
17
100
AcDbEntity
  8
9
 62
9
100
AcDbLine
 10
3663.269357
 20
476.580257
 30
0.0
 11
3686.453301
 21
476.580257
 31
0.0
  0
LINE
  5
3B0
330
17
100
AcDbEntity
  8
9
 62
9
100
AcDbLine
 10
3676.453301
 20
476.580257
 30
0.0
 11
3676.453301
 21
826.580257
 31
0.0
  0
LINE
  5
3B1
330
17
100
AcDbEntity
  8
9
 62
9
100
AcDbLine
 10
3744.595026
 20
812.343264
 30
0.0
 11
3744.595026
 21
836.580257
 31
0.0
  0
LINE
  5
3B2
330
17
100
AcDbEntity
  8
9
 62
9
100
AcDbLine
 10
3744.595026
 20
776.580257
 30
0.0
 11
3744.595026
 21
797.461039
 31
0.0
  0
LINE
  5
3B3
330
17
100
AcDbEntity
  8
2
 62
2
100
AcDbLine
 10
3227.038833
 20
953.044723
 30
0.0
 11
3219.967765
 21
960.115791
 31
0.0
  0
LINE
  5
3B4
330
17
100
AcDbEntity
  8
2
 62
2
100
AcDbLine
 10
3227.038833
 20
903.044723
 30
0.0
 11
3219.967765
 21
910.115791
 31
0.0
  0
LINE
  5
3B5
330
17
100
AcDbEntity
  8
9
 62
9
100
AcDbLine
 10
3223.503299
 20
906.580257
 30
0.0
 11
3223.503299
 21
956.580257
 31
0.0
  0
LINE
  5
3B6
330
17
100
AcDbEntity
  8
2
 62
2
100
AcDbLine
 10
3227.038833
 20
903.044723
 30
0.0
 11
3219.967765
 21
910.115791
 31
0.0
  0
LINE
  5
3B7
330
17
100
AcDbEntity
  8
2
 62
2
100
AcDbLine
 10
3227.038833
 20
823.044723
 30
0.0
 11
3219.967765
 21
830.115791
 31
0.0
  0
LINE
  5
3B8
330
17
100
AcDbEntity
  8
9
 62
9
100
AcDbLine
 10
3223.503299
 20
826.580257
 30
0.0
 11
3223.503299
 21
906.580257
 31
0.0
  0
LINE
  5
3B9
330
17
100
AcDbEntity
  8
2
 62
2
100
AcDbLine
 10
3227.038833
 20
823.044723
 30
0.0
 11
3219.967765
 21
830.115791
 31
0.0
  0
LINE
  5
3BA
330
17
100
AcDbEntity
  8
2
 62
2
100
AcDbLine
 10
3227.038833
 20
768.044723
 30
0.0
 11
3219.967765
 21
775.115791
 31
0.0
  0
LINE
  5
3BB
330
17
100
AcDbEntity
  8
9
 62
9
100
AcDbLine
 10
3223.503299
 20
771.580257
 30
0.0
 11
3223.503299
 21
826.580257
 31
0.0
  0
LINE
  5
3BC
330
17
100
AcDbEntity
  8
2
 62
2
100
AcDbLine
 10
3227.038833
 20
768.044723
 30
0.0
 11
3219.967765
 21
775.115791
 31
0.0
  0
LINE
  5
3BD
330
17
100
AcDbEntity
  8
2
 62
2
100
AcDbLine
 10
3227.038833
 20
473.044723
 30
0.0
 11
3219.967765
 21
480.115791
 31
0.0
  0
LINE
  5
3BE
330
17
100
AcDbEntity
  8
9
 62
9
100
AcDbLine
 10
3223.503299
 20
476.580257
 30
0.0
 11
3223.503299
 21
771.580257
 31
0.0
  0
LINE
  5
3BF
330
17
100
AcDbEntity
  8
2
 62
2
100
AcDbLine
 10
2764.807689
 20
953.044723
 30
0.0
 11
2757.736621
 21
960.115791
 31
0.0
  0
LINE
  5
3C0
330
17
100
AcDbEntity
  8
2
 62
2
100
AcDbLine
 10
2764.807689
 20
823.044723
 30
0.0
 11
2757.736621
 21
830.115791
 31
0.0
  0
LINE
  5
3C1
330
17
100
AcDbEntity
  8
9
 62
9
100
AcDbLine
 10
2760.470879
 20
956.580257
 30
0.0
 11
2751.272155
 21
956.580257
 31
0.0
  0
LINE
  5
3C2
330
17
100
AcDbEntity
  8
9
 62
9
100
AcDbLine
 10
2761.272155
 20
826.580257
 30
0.0
 11
2761.272155
 21
956.580257
 31
0.0
  0
LINE
  5
3C3
330
17
100
AcDbEntity
  8
2
 62
2
100
AcDbLine
 10
2764.807689
 20
823.044723
 30
0.0
 11
2757.736621
 21
830.115791
 31
0.0
  0
LINE
  5
3C4
330
17
100
AcDbEntity
  8
2
 62
2
100
AcDbLine
 10
2764.807689
 20
743.044723
 30
0.0
 11
2757.736621
 21
750.115791
 31
0.0
  0
LINE
  5
3C5
330
17
100
AcDbEntity
  8
9
 62
9
100
AcDbLine
 10
2759.431884
 20
826.580257
 30
0.0
 11
2751.272155
 21
826.580257
 31
0.0
  0
LINE
  5
3C6
330
17
100
AcDbEntity
  8
9
 62
9
100
AcDbLine
 10
2761.272155
 20
746.580257
 30
0.0
 11
2761.272155
 21
826.580257
 31
0.0
  0
LINE
  5
3C7
330
17
100
AcDbEntity
  8
2
 62
2
100
AcDbLine
 10
2764.807689
 20
743.044723
 30
0.0
 11
2757.736621
 21
750.115791
 31
0.0
  0
LINE
  5
3C8
330
17
100
AcDbEntity
  8
2
 62
2
100
AcDbLine
 10
2764.807689
 20
473.044723
 30
0.0
 11
2757.736621
 21
480.115791
 31
0.0
  0
LINE
  5
3C9
330
17
100
AcDbEntity
  8
9
 62
9
100
AcDbLine
 10
2702.1105
 20
746.580257
 30
0.0
 11
2771.272155
 21
746.580257
 31
0.0
  0
LINE
  5
3CA
330
17
100
AcDbEntity
  8
9
 62
9
100
AcDbLine
 10
2740.129238
 20
476.580257
 30
0.0
 11
2771.272155
 21
476.580257
 31
0.0
  0
LINE
  5
3CB
330
17
100
AcDbEntity
  8
9
 62
9
100
AcDbLine
 10
2761.272155
 20
476.580257
 30
0.0
 11
2761.272155
 21
746.580257
 31
0.0
  0
LINE
  5
3CC
330
17
100
AcDbEntity
  8
2
 62
2
100
AcDbLine
 10
2465.088032
 20
953.044723
 30
0.0
 11
2458.016964
 21
960.115791
 31
0.0
  0
LINE
  5
3CD
330
17
100
AcDbEntity
  8
9
 62
9
100
AcDbLine
 10
2458.270415
 20
956.580257
 30
0.0
 11
2451.552498
 21
956.580257
 31
0.0
  0
LINE
  5
3CE
330
17
100
AcDbEntity
  8
9
 62
9
100
AcDbLine
 10
2461.552498
 20
826.580257
 30
0.0
 11
2461.552498
 21
956.580257
 31
0.0
  0
LINE
  5
3CF
330
17
100
AcDbEntity
  8
2
 62
2
100
AcDbLine
 10
1624.887021
 20
953.044723
 30
0.0
 11
1617.815953
 21
960.115791
 31
0.0
  0
LINE
  5
3D0
330
17
100
AcDbEntity
  8
2
 62
2
100
AcDbLine
 10
1624.887021
 20
823.044723
 30
0.0
 11
1617.815953
 21
830.115791
 31
0.0
  0
LINE
  5
3D1
330
17
100
AcDbEntity
  8
9
 62
9
100
AcDbLine
 10
1618.069405
 20
956.580257
 30
0.0
 11
1611.351487
 21
956.580257
 31
0.0
  0
LINE
  5
3D2
330
17
100
AcDbEntity
  8
9
 62
9
100
AcDbLine
 10
1621.351487
 20
826.580257
 30
0.0
 11
1621.351487
 21
956.580257
 31
0.0
  0
LINE
  5
3D3
330
17
100
AcDbEntity
  8
2
 62
2
100
AcDbLine
 10
1624.887021
 20
823.044723
 30
0.0
 11
1617.815953
 21
830.115791
 31
0.0
  0
LINE
  5
3D4
330
17
100
AcDbEntity
  8
2
 62
2
100
AcDbLine
 10
1624.887021
 20
768.044723
 30
0.0
 11
1617.815953
 21
775.115791
 31
0.0
  0
LINE
  5
3D5
330
17
100
AcDbEntity
  8
9
 62
9
100
AcDbLine
 10
1625.014378
 20
826.580257
 30
0.0
 11
1631.351487
 21
826.580257
 31
0.0
  0
LINE
  5
3D6
330
17
100
AcDbEntity
  8
9
 62
9
100
AcDbLine
 10
1621.351487
 20
771.580257
 30
0.0
 11
1621.351487
 21
826.580257
 31
0.0
  0
LINE
  5
3D7
330
17
100
AcDbEntity
  8
2
 62
2
100
AcDbLine
 10
1624.887021
 20
768.044723
 30
0.0
 11
1617.815953
 21
775.115791
 31
0.0
  0
LINE
  5
3D8
330
17
100
AcDbEntity
  8
9
 62
9
100
AcDbLine
 10
1586.1105
 20
771.580257
 30
0.0
 11
1631.351487
 21
771.580257
 31
0.0
  0
LINE
  5
3D9
330
17
100
AcDbEntity
  8
2
 62
2
100
AcDbLine
 10
1267.867102
 20
978.044723
 30
0.0
 11
1260.796034
 21
985.115791
 31
0.0
  0
LINE
  5
3DA
330
17
100
AcDbEntity
  8
2
 62
2
100
AcDbLine
 10
1267.867102
 20
823.044723
 30
0.0
 11
1260.796034
 21
830.115791
 31
0.0
  0
LINE
  5
3DB
330
17
100
AcDbEntity
  8
9
 62
9
100
AcDbLine
 10
1374.6105
 20
981.580257
 30
0.0
 11
1254.331568
 21
981.580257
 31
0.0
  0
LINE
  5
3DC
330
17
100
AcDbEntity
  8
9
 62
9
100
AcDbLine
 10
1264.331568
 20
826.580257
 30
0.0
 11
1264.331568
 21
981.580257
 31
0.0
  0
LINE
  5
3DD
330
17
100
AcDbEntity
  8
2
 62
2
100
AcDbLine
 10
1267.867102
 20
823.044723
 30
0.0
 11
1260.796034
 21
830.115791
 31
0.0
  0
LINE
  5
3DE
330
17
100
AcDbEntity
  8
2
 62
2
100
AcDbLine
 10
1267.867102
 20
743.044723
 30
0.0
 11
1260.796034
 21
750.115791
 31
0.0
  0
LINE
  5
3DF
330
17
100
AcDbEntity
  8
9
 62
9
100
AcDbLine
 10
1374.6105
 20
826.580257
 30
0.0
 11
1254.331568
 21
826.580257
 31
0.0
  0
LINE
  5
3E0
330
17
100
AcDbEntity
  8
9
 62
9
100
AcDbLine
 10
1264.331568
 20
746.580257
 30
0.0
 11
1264.331568
 21
826.580257
 31
0.0
  0
LINE
  5
3E1
330
17
100
AcDbEntity
  8
2
 62
2
100
AcDbLine
 10
1267.867102
 20
743.044723
 30
0.0
 11
1260.796034
 21
750.115791
 31
0.0
  0
LINE
  5
3E2
330
17
100
AcDbEntity
  8
2
 62
2
100
AcDbLine
 10
1267.867102
 20
473.044723
 30
0.0
 11
1260.796034
 21
480.115791
 31
0.0
  0
LINE
  5
3E3
330
17
100
AcDbEntity
  8
9
 62
9
100
AcDbLine
 10
1374.6105
 20
746.580257
 30
0.0
 11
1254.331568
 21
746.580257
 31
0.0
  0
LINE
  5
3E4
330
17
100
AcDbEntity
  8
9
 62
9
100
AcDbLine
 10
1374.6105
 20
476.580257
 30
0.0
 11
1254.331568
 21
476.580257
 31
0.0
  0
LINE
  5
3E5
330
17
100
AcDbEntity
  8
9
 62
9
100
AcDbLine
 10
1264.331568
 20
476.580257
 30
0.0
 11
1264.331568
 21
746.580257
 31
0.0
  0
LINE
  5
3E6
330
17
100
AcDbEntity
  8
3
 62
3
100
AcDbLine
 10
1581.1105
 20
771.580257
 30
0.0
 11
1581.1105
 21
811.580257
 31
0.0
  0
LINE
  5
3E7
330
17
100
AcDbEntity
  8
3
 62
3
100
AcDbLine
 10
3552.1105
 20
771.580257
 30
0.0
 11
3552.1105
 21
476.580257
 31
0.0
  0
LINE
  5
3E8
330
17
100
AcDbEntity
  8
3
 62
3
100
AcDbLine
 10
3571.1105
 20
771.580257
 30
0.0
 11
3571.1105
 21
476.580257
 31
0.0
  0
LINE
  5
3E9
330
17
100
AcDbEntity
  8
3
 62
3
100
AcDbLine
 10
3115.1105
 20
746.580257
 30
0.0
 11
3115.1105
 21
476.580257
 31
0.0
  0
LINE
  5
3EA
330
17
100
AcDbEntity
  8
3
 62
3
100
AcDbLine
 10
3134.1105
 20
746.580257
 30
0.0
 11
3134.1105
 21
476.580257
 31
0.0
  0
LINE
  5
3EB
330
17
100
AcDbEntity
  8
3
 62
3
100
AcDbLine
 10
2697.1105
 20
476.580257
 30
0.0
 11
2697.1105
 21
746.580257
 31
0.0
  0
LINE
  5
3EC
330
17
100
AcDbEntity
  8
3
 62
3
100
AcDbLine
 10
1398.6105
 20
476.580257
 30
0.0
 11
1398.6105
 21
746.580257
 31
0.0
  0
LINE
  5
3ED
330
17
100
AcDbEntity
  8
6
 62
6
100
AcDbLine
 10
3744.595026
 20
476.580257
 30
0.0
 11
1379.6105
 21
476.580257
 31
0.0
  0
LINE
  5
3EE
330
17
100
AcDbEntity
  8
3
 62
3
100
AcDbLine
 10
2260.1105
 20
771.580257
 30
0.0
 11
2678.1105
 21
771.580257
 31
0.0
  0
LINE
  5
3EF
330
17
100
AcDbEntity
  8
3
 62
3
100
AcDbLine
 10
1838.6105
 20
771.580257
 30
0.0
 11
2241.1105
 21
771.580257
 31
0.0
  0
LINE
  5
3F0
330
17
100
AcDbEntity
  8
3
 62
3
100
AcDbLine
 10
1398.6105
 20
771.580257
 30
0.0
 11
1788.6105
 21
771.580257
 31
0.0
  0
LINE
  5
3F1
330
17
100
AcDbEntity
  8
6
 62
6
100
AcDbLine
 10
1379.6105
 20
746.580257
 30
0.0
 11
1379.6105
 21
826.580257
 31
0.0
  0
LINE
  5
3F2
330
17
100
AcDbEntity
  8
3
 62
3
100
AcDbLine
 10
1379.6105
 20
826.580257
 30
0.0
 11
1379.6105
 21
956.580257
 31
0.0
  0
LINE
  5
3F3
330
17
100
AcDbEntity
  8
3
 62
3
100
AcDbLine
 10
1379.6105
 20
476.580257
 30
0.0
 11
1379.6105
 21
746.580257
 31
0.0
  0
LINE
  5
3F4
330
17
100
AcDbEntity
  8
6
 62
6
100
AcDbLine
 10
1398.6105
 20
746.580257
 30
0.0
 11
1398.6105
 21
811.580257
 31
0.0
  0
LINE
  5
3F5
330
17
100
AcDbEntity
  8
6
 62
6
100
AcDbLine
 10
1413.858702
 20
826.580257
 30
0.0
 11
1379.6105
 21
826.580257
 31
0.0
  0
LINE
  5
3F6
330
17
100
AcDbEntity
  8
6
 62
6
100
AcDbLine
 10
1379.6105
 20
746.580257
 30
0.0
 11
1398.6105
 21
746.580257
 31
0.0
  0
LINE
  5
3F7
330
17
100
AcDbEntity
  8
6
 62
6
100
AcDbLine
 10
3552.1105
 20
836.580257
 30
0.0
 11
3571.1105
 21
836.580257
 31
0.0
  0
LINE
  5
3F8
330
17
100
AcDbEntity
  8
6
 62
6
100
AcDbLine
 10
3571.1105
 20
836.580257
 30
0.0
 11
3744.595026
 21
836.580257
 31
0.0
  0
LINE
  5
3F9
330
17
100
AcDbEntity
  8
6
 62
6
100
AcDbLine
 10
3571.1105
 20
821.580257
 30
0.0
 11
3744.595026
 21
821.580257
 31
0.0
  0
LINE
  5
3FA
330
17
100
AcDbEntity
  8
6
 62
6
100
AcDbLine
 10
3552.1105
 20
771.580257
 30
0.0
 11
3571.1105
 21
771.580257
 31
0.0
  0
LINE
  5
3FB
330
17
100
AcDbEntity
  8
6
 62
6
100
AcDbLine
 10
3571.1105
 20
771.580257
 30
0.0
 11
3571.1105
 21
821.580257
 31
0.0
  0
LINE
  5
3FC
330
17
100
AcDbEntity
  8
6
 62
6
100
AcDbLine
 10
3115.1105
 20
826.580257
 30
0.0
 11
3134.1105
 21
826.580257
 31
0.0
  0
LINE
  5
3FD
330
17
100
AcDbEntity
  8
6
 62
6
100
AcDbLine
 10
3134.1105
 20
826.580257
 30
0.0
 11
3552.1105
 21
826.580257
 31
0.0
  0
LINE
  5
3FE
330
17
100
AcDbEntity
  8
6
 62
6
100
AcDbLine
 10
2972.6105
 20
826.580257
 30
0.0
 11
3115.1105
 21
826.580257
 31
0.0
  0
LINE
  5
3FF
330
17
100
AcDbEntity
  8
6
 62
6
100
AcDbLine
 10
2972.6105
 20
811.580257
 30
0.0
 11
3115.1105
 21
811.580257
 31
0.0
  0
LINE
  5
400
330
17
100
AcDbEntity
  8
6
 62
6
100
AcDbLine
 10
3134.1105
 20
811.580257
 30
0.0
 11
3552.1105
 21
811.580257
 31
0.0
  0
LINE
  5
401
330
17
100
AcDbEntity
  8
6
 62
6
100
AcDbLine
 10
3115.1105
 20
746.580257
 30
0.0
 11
3134.1105
 21
746.580257
 31
0.0
  0
LINE
  5
402
330
17
100
AcDbEntity
  8
6
 62
6
100
AcDbLine
 10
3134.1105
 20
746.580257
 30
0.0
 11
3134.1105
 21
811.580257
 31
0.0
  0
LINE
  5
403
330
17
100
AcDbEntity
  8
6
 62
6
100
AcDbLine
 10
3115.1105
 20
746.580257
 30
0.0
 11
3115.1105
 21
811.580257
 31
0.0
  0
LINE
  5
404
330
17
100
AcDbEntity
  8
6
 62
6
100
AcDbLine
 10
2678.1105
 20
826.580257
 30
0.0
 11
2697.1105
 21
826.580257
 31
0.0
  0
LINE
  5
405
330
17
100
AcDbEntity
  8
6
 62
6
100
AcDbLine
 10
2697.1105
 20
826.580257
 30
0.0
 11
2727.1105
 21
826.580257
 31
0.0
  0
LINE
  5
406
330
17
100
AcDbEntity
  8
6
 62
6
100
AcDbLine
 10
2648.1105
 20
826.580257
 30
0.0
 11
2678.1105
 21
826.580257
 31
0.0
  0
LINE
  5
407
330
17
100
AcDbEntity
  8
6
 62
6
100
AcDbLine
 10
2260.1105
 20
811.580257
 30
0.0
 11
2678.1105
 21
811.580257
 31
0.0
  0
LINE
  5
408
330
17
100
AcDbEntity
  8
6
 62
6
100
AcDbLine
 10
2697.1105
 20
811.580257
 30
0.0
 11
2972.6105
 21
811.580257
 31
0.0
  0
LINE
  5
409
330
17
100
AcDbEntity
  8
6
 62
6
100
AcDbLine
 10
2678.1105
 20
746.580257
 30
0.0
 11
2697.1105
 21
746.580257
 31
0.0
  0
LINE
  5
40A
330
17
100
AcDbEntity
  8
6
 62
6
100
AcDbLine
 10
2697.1105
 20
746.580257
 30
0.0
 11
2697.1105
 21
811.580257
 31
0.0
  0
LINE
  5
40B
330
17
100
AcDbEntity
  8
6
 62
6
100
AcDbLine
 10
2678.1105
 20
746.580257
 30
0.0
 11
2678.1105
 21
811.580257
 31
0.0
  0
LINE
  5
40C
330
17
100
AcDbEntity
  8
6
 62
6
100
AcDbLine
 10
2241.1105
 20
746.580257
 30
0.0
 11
2260.1105
 21
746.580257
 31
0.0
  0
LINE
  5
40D
330
17
100
AcDbEntity
  8
6
 62
6
100
AcDbLine
 10
2260.1105
 20
746.580257
 30
0.0
 11
2260.1105
 21
811.580257
 31
0.0
  0
LINE
  5
40E
330
17
100
AcDbEntity
  8
6
 62
6
100
AcDbLine
 10
2241.1105
 20
746.580257
 30
0.0
 11
2241.1105
 21
811.580257
 31
0.0
  0
LINE
  5
40F
330
17
100
AcDbEntity
  8
6
 62
6
100
AcDbLine
 10
1804.1105
 20
826.580257
 30
0.0
 11
2953.6105
 21
826.580257
 31
0.0
  0
LINE
  5
410
330
17
100
AcDbEntity
  8
6
 62
6
100
AcDbLine
 10
1443.6105
 20
826.580257
 30
0.0
 11
1804.1105
 21
826.580257
 31
0.0
  0
LINE
  5
411
330
17
100
AcDbEntity
  8
6
 62
6
100
AcDbLine
 10
1398.6105
 20
811.580257
 30
0.0
 11
1804.1105
 21
811.580257
 31
0.0
  0
LINE
  5
412
330
17
100
AcDbEntity
  8
6
 62
6
100
AcDbLine
 10
1823.1105
 20
811.580257
 30
0.0
 11
2241.1105
 21
811.580257
 31
0.0
  0
LINE
  5
413
330
17
100
AcDbEntity
  8
6
 62
6
100
AcDbLine
 10
1804.1105
 20
746.580257
 30
0.0
 11
1823.1105
 21
746.580257
 31
0.0
  0
LINE
  5
414
330
17
100
AcDbEntity
  8
6
 62
6
100
AcDbLine
 10
1823.1105
 20
746.580257
 30
0.0
 11
1823.1105
 21
811.580257
 31
0.0
  0
LINE
  5
415
330
17
100
AcDbEntity
  8
6
 62
6
100
AcDbLine
 10
1804.1105
 20
746.580257
 30
0.0
 11
1804.1105
 21
811.580257
 31
0.0
  0
LINE
  5
416
330
17
100
AcDbEntity
  8
9
 62
9
100
AcDbLine
 10
3645.363735
 20
1613.162697
 30
0.0
 11
3781.601651
 21
1613.162697
 31
0.0
  0
LINE
  5
417
330
17
100
AcDbEntity
  8
9
 62
9
100
AcDbLine
 10
1610.615577
 20
1613.162697
 30
0.0
 11
1805.620352
 21
1613.162697
 31
0.0
  0
LINE
  5
418
330
17
100
AcDbEntity
  8
9
 62
9
100
AcDbLine
 10
1610.615577
 20
1760.531258
 30
0.0
 11
1610.615577
 21
1613.162697
 31
0.0
  0
LINE
  5
419
330
17
100
AcDbEntity
  8
9
 62
9
100
AcDbLine
 10
1113.838014
 20
1760.531258
 30
0.0
 11
1610.615577
 21
1760.531258
 31
0.0
  0
LINE
  5
41A
330
17
100
AcDbEntity
  8
9
 62
9
100
AcDbLine
 10
3350.110616
 20
906.580257
 30
0.0
 11
3350.110616
 21
826.580257
 31
0.0
  0
LINE
  5
41B
330
17
100
AcDbEntity
  8
9
 62
9
100
AcDbLine
 10
3369.110616
 20
906.580257
 30
0.0
 11
3369.110616
 21
826.580257
 31
0.0
  0
LINE
  5
41C
330
17
100
AcDbEntity
  8
6
 62
6
100
AcDbLine
 10
1398.6105
 20
956.580257
 30
0.0
 11
1443.6105
 21
956.580257
 31
0.0
  0
LINE
  5
41D
330
17
100
AcDbEntity
  8
6
 62
6
100
AcDbLine
 10
1398.6105
 20
981.580257
 30
0.0
 11
1398.6105
 21
956.580257
 31
0.0
  0
LINE
  5
41E
330
17
100
AcDbEntity
  8
6
 62
6
100
AcDbLine
 10
1379.6105
 20
981.580257
 30
0.0
 11
1398.6105
 21
981.580257
 31
0.0
  0
LINE
  5
41F
330
17
100
AcDbEntity
  8
6
 62
6
100
AcDbLine
 10
1379.6105
 20
944.580257
 30
0.0
 11
1379.6105
 21
981.580257
 31
0.0
  0
LINE
  5
420
330
17
100
AcDbEntity
  8
6
 62
6
100
AcDbLine
 10
1413.858702
 20
944.580257
 30
0.0
 11
1379.6105
 21
944.580257
 31
0.0
  0
LINE
  5
421
330
17
100
AcDbEntity
  8
3
 62
3
100
AcDbLine
 10
2953.6105
 20
956.580257
 30
0.0
 11
1443.6105
 21
956.580257
 31
0.0
  0
LINE
  5
422
330
17
100
AcDbEntity
  8
6
 62
6
100
AcDbLine
 10
1413.858702
 20
944.580257
 30
0.0
 11
1413.858702
 21
826.580257
 31
0.0
  0
LINE
  5
423
330
17
100
AcDbEntity
  8
6
 62
6
100
AcDbLine
 10
1443.6105
 20
956.580257
 30
0.0
 11
1443.6105
 21
826.580257
 31
0.0
  0
LINE
  5
424
330
17
100
AcDbEntity
  8
3
 62
3
100
AcDbLine
 10
3134.1105
 20
906.580257
 30
0.0
 11
3552.1105
 21
906.580257
 31
0.0
  0
LINE
  5
425
330
17
100
AcDbEntity
  8
3
 62
3
100
AcDbLine
 10
3552.1105
 20
906.580257
 30
0.0
 11
3552.1105
 21
836.580257
 31
0.0
  0
LINE
  5
426
330
17
100
AcDbEntity
  8
3
 62
3
100
AcDbLine
 10
3571.1105
 20
916.580257
 30
0.0
 11
3571.1105
 21
836.580257
 31
0.0
  0
LINE
  5
427
330
17
100
AcDbEntity
  8
3
 62
3
100
AcDbLine
 10
3115.1105
 20
906.580257
 30
0.0
 11
3115.1105
 21
826.580257
 31
0.0
  0
LINE
  5
428
330
17
100
AcDbEntity
  8
3
 62
3
100
AcDbLine
 10
3134.1105
 20
906.580257
 30
0.0
 11
3134.1105
 21
826.580257
 31
0.0
  0
LINE
  5
429
330
17
100
AcDbEntity
  8
6
 62
6
100
AcDbLine
 10
2972.6105
 20
944.580257
 30
0.0
 11
2972.6105
 21
826.580257
 31
0.0
  0
LINE
  5
42A
330
17
100
AcDbEntity
  8
6
 62
6
100
AcDbLine
 10
2953.6105
 20
956.580257
 30
0.0
 11
2953.6105
 21
826.580257
 31
0.0
  0
LINE
  5
42B
330
17
100
AcDbEntity
  8
6
 62
6
100
AcDbLine
 10
2972.6105
 20
956.580257
 30
0.0
 11
2953.6105
 21
956.580257
 31
0.0
  0
LINE
  5
42C
330
17
100
AcDbEntity
  8
6
 62
6
100
AcDbLine
 10
3552.1105
 20
956.580257
 30
0.0
 11
3571.1105
 21
956.580257
 31
0.0
  0
LINE
  5
42D
330
17
100
AcDbEntity
  8
6
 62
6
100
AcDbLine
 10
3522.1105
 20
956.580257
 30
0.0
 11
3552.1105
 21
956.580257
 31
0.0
  0
LINE
  5
42E
330
17
100
AcDbEntity
  8
6
 62
6
100
AcDbLine
 10
3522.1105
 20
944.580257
 30
0.0
 11
3552.1105
 21
944.580257
 31
0.0
  0
LINE
  5
42F
330
17
100
AcDbEntity
  8
6
 62
6
100
AcDbLine
 10
3552.1105
 20
916.580257
 30
0.0
 11
3571.1105
 21
916.580257
 31
0.0
  0
LINE
  5
430
330
17
100
AcDbEntity
  8
6
 62
6
100
AcDbLine
 10
3571.1105
 20
916.580257
 30
0.0
 11
3571.1105
 21
956.580257
 31
0.0
  0
LINE
  5
431
330
17
100
AcDbEntity
  8
6
 62
6
100
AcDbLine
 10
3552.1105
 20
916.580257
 30
0.0
 11
3552.1105
 21
944.580257
 31
0.0
  0
LINE
  5
432
330
17
100
AcDbEntity
  8
6
 62
6
100
AcDbLine
 10
3115.1105
 20
956.580257
 30
0.0
 11
3134.1105
 21
956.580257
 31
0.0
  0
LINE
  5
433
330
17
100
AcDbEntity
  8
6
 62
6
100
AcDbLine
 10
3134.1105
 20
956.580257
 30
0.0
 11
3552.1105
 21
956.580257
 31
0.0
  0
LINE
  5
434
330
17
100
AcDbEntity
  8
6
 62
6
100
AcDbLine
 10
2953.6105
 20
956.580257
 30
0.0
 11
3115.1105
 21
956.580257
 31
0.0
  0
LINE
  5
435
330
17
100
AcDbEntity
  8
6
 62
6
100
AcDbLine
 10
2972.6105
 20
944.580257
 30
0.0
 11
3115.1105
 21
944.580257
 31
0.0
  0
LINE
  5
436
330
17
100
AcDbEntity
  8
6
 62
6
100
AcDbLine
 10
3134.1105
 20
944.580257
 30
0.0
 11
3552.1105
 21
944.580257
 31
0.0
  0
LINE
  5
437
330
17
100
AcDbEntity
  8
6
 62
6
100
AcDbLine
 10
3115.1105
 20
906.580257
 30
0.0
 11
3134.1105
 21
906.580257
 31
0.0
  0
LINE
  5
438
330
17
100
AcDbEntity
  8
6
 62
6
100
AcDbLine
 10
3134.1105
 20
906.580257
 30
0.0
 11
3134.1105
 21
944.580257
 31
0.0
  0
LINE
  5
439
330
17
100
AcDbEntity
  8
6
 62
6
100
AcDbLine
 10
3115.1105
 20
906.580257
 30
0.0
 11
3115.1105
 21
944.580257
 31
0.0
  0
LINE
  5
43A
330
17
100
AcDbEntity
  8
3
 62
3
100
AcDbLine
 10
2699.6105
 20
1458.785877
 30
0.0
 11
2699.6105
 21
1430.785877
 31
0.0
  0
LINE
  5
43B
330
17
100
AcDbEntity
  8
3
 62
3
100
AcDbLine
 10
2675.6105
 20
1458.785877
 30
0.0
 11
2675.6105
 21
1430.785877
 31
0.0
  0
LINE
  5
43C
330
17
100
AcDbEntity
  8
3
 62
3
100
AcDbLine
 10
2262.6105
 20
1458.785877
 30
0.0
 11
2262.6105
 21
1430.785877
 31
0.0
  0
LINE
  5
43D
330
17
100
AcDbEntity
  8
3
 62
3
100
AcDbLine
 10
2238.6105
 20
1458.785877
 30
0.0
 11
2238.6105
 21
1430.785877
 31
0.0
  0
LINE
  5
43E
330
17
100
AcDbEntity
  8
3
 62
3
100
AcDbLine
 10
1825.6105
 20
1458.785877
 30
0.0
 11
1825.6105
 21
1430.785877
 31
0.0
  0
LINE
  5
43F
330
17
100
AcDbEntity
  8
3
 62
3
100
AcDbLine
 10
1801.6105
 20
1458.785877
 30
0.0
 11
1801.6105
 21
1430.785877
 31
0.0
  0
LINE
  5
440
330
17
100
AcDbEntity
  8
2
 62
2
100
AcDbLine
 10
3137.646034
 20
1508.201145
 30
0.0
 11
3130.574966
 21
1501.130077
 31
0.0
  0
LINE
  5
441
330
17
100
AcDbEntity
  8
2
 62
2
100
AcDbLine
 10
3140.146034
 20
1508.201145
 30
0.0
 11
3133.074966
 21
1501.130077
 31
0.0
  0
LINE
  5
442
330
17
100
AcDbEntity
  8
9
 62
9
100
AcDbLine
 10
3134.1105
 20
1495.661599
 30
0.0
 11
3134.1105
 21
1514.665611
 31
0.0
  0
LINE
  5
443
330
17
100
AcDbEntity
  8
9
 62
9
100
AcDbLine
 10
3136.6105
 20
1482.785877
 30
0.0
 11
3136.6105
 21
1514.665611
 31
0.0
  0
LINE
  5
444
330
17
100
AcDbEntity
  8
9
 62
9
100
AcDbLine
 10
3136.6105
 20
1504.665611
 30
0.0
 11
3134.1105
 21
1504.665611
 31
0.0
  0
LINE
  5
445
330
17
100
AcDbEntity
  8
2
 62
2
100
AcDbLine
 10
2431.077196
 20
2158.60652
 30
0.0
 11
2438.148264
 21
2165.677588
 31
0.0
  0
LINE
  5
446
330
17
100
AcDbEntity
  8
2
 62
2
100
AcDbLine
 10
2381.077196
 20
2158.60652
 30
0.0
 11
2388.148264
 21
2165.677588
 31
0.0
  0
LINE
  5
447
330
17
100
AcDbEntity
  8
9
 62
9
100
AcDbLine
 10
2434.61273
 20
2133.785877
 30
0.0
 11
2434.61273
 21
2172.142054
 31
0.0
  0
LINE
  5
448
330
17
100
AcDbEntity
  8
9
 62
9
100
AcDbLine
 10
2384.61273
 20
2133.785877
 30
0.0
 11
2384.61273
 21
2172.142054
 31
0.0
  0
LINE
  5
449
330
17
100
AcDbEntity
  8
9
 62
9
100
AcDbLine
 10
2384.61273
 20
2162.142054
 30
0.0
 11
2434.61273
 21
2162.142054
 31
0.0
  0
LINE
  5
44A
330
17
100
AcDbEntity
  8
2
 62
2
100
AcDbLine
 10
3157.279758
 20
1609.465927
 30
0.0
 11
3150.20869
 21
1616.536995
 31
0.0
  0
LINE
  5
44B
330
17
100
AcDbEntity
  8
2
 62
2
100
AcDbLine
 10
3157.279758
 20
1559.465927
 30
0.0
 11
3150.20869
 21
1566.536995
 31
0.0
  0
LINE
  5
44C
330
17
100
AcDbEntity
  8
9
 62
9
100
AcDbLine
 10
3139.1105
 20
1613.001461
 30
0.0
 11
3163.744224
 21
1613.001461
 31
0.0
  0
LINE
  5
44D
330
17
100
AcDbEntity
  8
9
 62
9
100
AcDbLine
 10
3139.1105
 20
1563.001461
 30
0.0
 11
3163.744224
 21
1563.001461
 31
0.0
  0
LINE
  5
44E
330
17
100
AcDbEntity
  8
9
 62
9
100
AcDbLine
 10
3153.744224
 20
1563.001461
 30
0.0
 11
3153.744224
 21
1613.001461
 31
0.0
  0
LINE
  5
44F
330
17
100
AcDbEntity
  8
2
 62
2
100
AcDbLine
 10
3583.074966
 20
2305.194829
 30
0.0
 11
3590.146034
 21
2312.265897
 31
0.0
  0
LINE
  5
450
330
17
100
AcDbEntity
  8
2
 62
2
100
AcDbLine
 10
3290.574966
 20
2305.194829
 30
0.0
 11
3297.646034
 21
2312.265897
 31
0.0
  0
LINE
  5
451
330
17
100
AcDbEntity
  8
9
 62
9
100
AcDbLine
 10
3586.6105
 20
2249.411394
 30
0.0
 11
3586.6105
 21
2318.730363
 31
0.0
  0
LINE
  5
452
330
17
100
AcDbEntity
  8
9
 62
9
100
AcDbLine
 10
3294.1105
 20
2308.730363
 30
0.0
 11
3586.6105
 21
2308.730363
 31
0.0
  0
LINE
  5
453
330
17
100
AcDbEntity
  8
2
 62
2
100
AcDbLine
 10
3290.574966
 20
2305.194829
 30
0.0
 11
3297.646034
 21
2312.265897
 31
0.0
  0
LINE
  5
454
330
17
100
AcDbEntity
  8
2
 62
2
100
AcDbLine
 10
1376.074966
 20
2305.194829
 30
0.0
 11
1383.146034
 21
2312.265897
 31
0.0
  0
LINE
  5
455
330
17
100
AcDbEntity
  8
9
 62
9
100
AcDbLine
 10
3294.1105
 20
2304.987307
 30
0.0
 11
3294.1105
 21
2318.730363
 31
0.0
  0
LINE
  5
456
330
17
100
AcDbEntity
  8
9
 62
9
100
AcDbLine
 10
1379.6105
 20
2249.411394
 30
0.0
 11
1379.6105
 21
2318.730363
 31
0.0
  0
LINE
  5
457
330
17
100
AcDbEntity
  8
9
 62
9
100
AcDbLine
 10
1379.6105
 20
2308.730363
 30
0.0
 11
3294.1105
 21
2308.730363
 31
0.0
  0
LINE
  5
458
330
17
100
AcDbEntity
  8
2
 62
2
100
AcDbLine
 10
3606.987555
 20
1576.536995
 30
0.0
 11
3614.058623
 21
1569.465927
 31
0.0
  0
LINE
  5
459
330
17
100
AcDbEntity
  8
2
 62
2
100
AcDbLine
 10
3606.987555
 20
1616.536995
 30
0.0
 11
3614.058623
 21
1609.465927
 31
0.0
  0
LINE
  5
45A
330
17
100
AcDbEntity
  8
9
 62
9
100
AcDbLine
 10
3576.1105
 20
1573.001461
 30
0.0
 11
3620.523089
 21
1573.001461
 31
0.0
  0
LINE
  5
45B
330
17
100
AcDbEntity
  8
9
 62
9
100
AcDbLine
 10
3576.1105
 20
1613.001461
 30
0.0
 11
3620.523089
 21
1613.001461
 31
0.0
  0
LINE
  5
45C
330
17
100
AcDbEntity
  8
9
 62
9
100
AcDbLine
 10
3610.523089
 20
1613.001461
 30
0.0
 11
3610.523089
 21
1573.001461
 31
0.0
  0
LINE
  5
45D
330
17
100
AcDbEntity
  8
2
 62
2
100
AcDbLine
 10
3236.017818
 20
1691.580078
 30
0.0
 11
3228.94675
 21
1684.509011
 31
0.0
  0
LINE
  5
45E
330
17
100
AcDbEntity
  8
2
 62
2
100
AcDbLine
 10
3286.017818
 20
1691.580078
 30
0.0
 11
3278.94675
 21
1684.509011
 31
0.0
  0
LINE
  5
45F
330
17
100
AcDbEntity
  8
9
 62
9
100
AcDbLine
 10
3232.482284
 20
1690.860022
 30
0.0
 11
3232.482284
 21
1678.044545
 31
0.0
  0
LINE
  5
460
330
17
100
AcDbEntity
  8
9
 62
9
100
AcDbLine
 10
3282.482284
 20
1706.785877
 30
0.0
 11
3282.482284
 21
1678.044545
 31
0.0
  0
LINE
  5
461
330
17
100
AcDbEntity
  8
9
 62
9
100
AcDbLine
 10
3282.482284
 20
1688.044545
 30
0.0
 11
3232.482284
 21
1688.044545
 31
0.0
  0
LINE
  5
462
330
17
100
AcDbEntity
  8
6
 62
6
100
AcDbLine
 10
3244.482284
 20
1711.785877
 30
0.0
 11
3282.482284
 21
1711.785877
 31
0.0
  0
LINE
  5
463
330
17
100
AcDbEntity
  8
6
 62
6
100
AcDbLine
 10
3244.482284
 20
1730.785877
 30
0.0
 11
3282.482284
 21
1730.785877
 31
0.0
  0
LINE
  5
464
330
17
100
AcDbEntity
  8
6
 62
6
100
AcDbLine
 10
3282.482284
 20
1711.785877
 30
0.0
 11
3282.482284
 21
1730.785877
 31
0.0
  0
LINE
  5
465
330
17
100
AcDbEntity
  8
6
 62
6
100
AcDbLine
 10
3232.482284
 20
1711.785877
 30
0.0
 11
3232.482284
 21
1730.785877
 31
0.0
  0
LINE
  5
466
330
17
100
AcDbEntity
  8
6
 62
6
100
AcDbLine
 10
3244.482284
 20
1730.785877
 30
0.0
 11
3244.482284
 21
1763.785877
 31
0.0
  0
LINE
  5
467
330
17
100
AcDbEntity
  8
6
 62
6
100
AcDbLine
 10
3232.482284
 20
1763.785877
 30
0.0
 11
3232.482284
 21
1730.785877
 31
0.0
  0
LINE
  5
468
330
17
100
AcDbEntity
  8
6
 62
6
100
AcDbLine
 10
3244.482284
 20
1678.785877
 30
0.0
 11
3244.482284
 21
1711.785877
 31
0.0
  0
LINE
  5
469
330
17
100
AcDbEntity
  8
6
 62
6
100
AcDbLine
 10
3232.482284
 20
1711.785877
 30
0.0
 11
3232.482284
 21
1678.785877
 31
0.0
  0
LINE
  5
46A
330
17
100
AcDbEntity
  8
2
 62
2
100
AcDbLine
 10
3240.94675
 20
1378.722086
 30
0.0
 11
3248.017818
 21
1385.793154
 31
0.0
  0
LINE
  5
46B
330
17
100
AcDbEntity
  8
2
 62
2
100
AcDbLine
 10
3203.94675
 20
1378.722086
 30
0.0
 11
3211.017818
 21
1385.793154
 31
0.0
  0
LINE
  5
46C
330
17
100
AcDbEntity
  8
9
 62
9
100
AcDbLine
 10
3244.482284
 20
1406.785877
 30
0.0
 11
3244.482284
 21
1372.25762
 31
0.0
  0
LINE
  5
46D
330
17
100
AcDbEntity
  8
9
 62
9
100
AcDbLine
 10
3207.482284
 20
1406.785877
 30
0.0
 11
3207.482284
 21
1372.25762
 31
0.0
  0
LINE
  5
46E
330
17
100
AcDbEntity
  8
9
 62
9
100
AcDbLine
 10
3207.482284
 20
1382.25762
 30
0.0
 11
3244.482284
 21
1382.25762
 31
0.0
  0
LINE
  5
46F
330
17
100
AcDbEntity
  8
6
 62
6
100
AcDbLine
 10
3207.482284
 20
1425.785877
 30
0.0
 11
3232.482284
 21
1425.785877
 31
0.0
  0
LINE
  5
470
330
17
100
AcDbEntity
  8
6
 62
6
100
AcDbLine
 10
3207.482284
 20
1411.785877
 30
0.0
 11
3207.482284
 21
1425.785877
 31
0.0
  0
LINE
  5
471
330
17
100
AcDbEntity
  8
6
 62
6
100
AcDbLine
 10
3244.482284
 20
1411.785877
 30
0.0
 11
3207.482284
 21
1411.785877
 31
0.0
  0
LINE
  5
472
330
17
100
AcDbEntity
  8
6
 62
6
100
AcDbLine
 10
3244.482284
 20
1425.785877
 30
0.0
 11
3244.482284
 21
1411.785877
 31
0.0
  0
LINE
  5
473
330
17
100
AcDbEntity
  8
6
 62
6
100
AcDbLine
 10
3244.482284
 20
1425.785877
 30
0.0
 11
3244.482284
 21
1458.785877
 31
0.0
  0
LINE
  5
474
330
17
100
AcDbEntity
  8
6
 62
6
100
AcDbLine
 10
3232.482284
 20
1458.785877
 30
0.0
 11
3232.482284
 21
1425.785877
 31
0.0
  0
LINE
  5
475
330
17
100
AcDbEntity
  8
9
 62
9
100
AcDbLine
 10
3207.482284
 20
1425.785877
 30
0.0
 11
3207.482284
 21
1411.785877
 31
0.0
  0
LINE
  5
476
330
17
100
AcDbEntity
  8
9
 62
9
100
AcDbLine
 10
3232.482284
 20
1425.785877
 30
0.0
 11
3207.482284
 21
1425.785877
 31
0.0
  0
LINE
  5
477
330
17
100
AcDbEntity
  8
2
 62
2
100
AcDbLine
 10
3445.747685
 20
2125.250343
 30
0.0
 11
3438.676617
 21
2132.321411
 31
0.0
  0
LINE
  5
478
330
17
100
AcDbEntity
  8
2
 62
2
100
AcDbLine
 10
3445.747685
 20
2038.805875
 30
0.0
 11
3438.676617
 21
2045.876943
 31
0.0
  0
LINE
  5
479
330
17
100
AcDbEntity
  8
9
 62
9
100
AcDbLine
 10
3531.6105
 20
2128.785877
 30
0.0
 11
3432.212151
 21
2128.785877
 31
0.0
  0
LINE
  5
47A
330
17
100
AcDbEntity
  8
9
 62
9
100
AcDbLine
 10
3442.212151
 20
2042.341409
 30
0.0
 11
3442.212151
 21
2128.785877
 31
0.0
  0
LINE
  5
47B
330
17
100
AcDbEntity
  8
2
 62
2
100
AcDbLine
 10
3445.747685
 20
2038.805875
 30
0.0
 11
3438.676617
 21
2045.876943
 31
0.0
  0
LINE
  5
47C
330
17
100
AcDbEntity
  8
2
 62
2
100
AcDbLine
 10
3445.747685
 20
1876.750343
 30
0.0
 11
3438.676617
 21
1883.821411
 31
0.0
  0
LINE
  5
47D
330
17
100
AcDbEntity
  8
9
 62
9
100
AcDbLine
 10
3313.1105
 20
2042.341409
 30
0.0
 11
3452.212151
 21
2042.341409
 31
0.0
  0
LINE
  5
47E
330
17
100
AcDbEntity
  8
9
 62
9
100
AcDbLine
 10
3442.212151
 20
1880.285877
 30
0.0
 11
3442.212151
 21
2042.341409
 31
0.0
  0
LINE
  5
47F
330
17
100
AcDbEntity
  8
2
 62
2
100
AcDbLine
 10
3445.747685
 20
1876.750343
 30
0.0
 11
3438.676617
 21
1883.821411
 31
0.0
  0
LINE
  5
480
330
17
100
AcDbEntity
  8
2
 62
2
100
AcDbLine
 10
3445.747685
 20
1857.750343
 30
0.0
 11
3438.676617
 21
1864.821411
 31
0.0
  0
LINE
  5
481
330
17
100
AcDbEntity
  8
9
 62
9
100
AcDbLine
 10
3374.110616
 20
1880.285877
 30
0.0
 11
3452.212151
 21
1880.285877
 31
0.0
  0
LINE
  5
482
330
17
100
AcDbEntity
  8
9
 62
9
100
AcDbLine
 10
3442.212151
 20
1861.285877
 30
0.0
 11
3442.212151
 21
1880.285877
 31
0.0
  0
LINE
  5
483
330
17
100
AcDbEntity
  8
2
 62
2
100
AcDbLine
 10
3445.747685
 20
1857.750343
 30
0.0
 11
3438.676617
 21
1864.821411
 31
0.0
  0
LINE
  5
484
330
17
100
AcDbEntity
  8
2
 62
2
100
AcDbLine
 10
3445.747685
 20
1727.250343
 30
0.0
 11
3438.676617
 21
1734.321411
 31
0.0
  0
LINE
  5
485
330
17
100
AcDbEntity
  8
9
 62
9
100
AcDbLine
 10
3374.110616
 20
1861.285877
 30
0.0
 11
3452.212151
 21
1861.285877
 31
0.0
  0
LINE
  5
486
330
17
100
AcDbEntity
  8
9
 62
9
100
AcDbLine
 10
3442.212151
 20
1730.785877
 30
0.0
 11
3442.212151
 21
1861.285877
 31
0.0
  0
LINE
  5
487
330
17
100
AcDbEntity
  8
2
 62
2
100
AcDbLine
 10
3445.747685
 20
1727.250343
 30
0.0
 11
3438.676617
 21
1734.321411
 31
0.0
  0
LINE
  5
488
330
17
100
AcDbEntity
  8
2
 62
2
100
AcDbLine
 10
3445.747685
 20
1708.250343
 30
0.0
 11
3438.676617
 21
1715.321411
 31
0.0
  0
LINE
  5
489
330
17
100
AcDbEntity
  8
9
 62
9
100
AcDbLine
 10
3440.766033
 20
1730.785877
 30
0.0
 11
3432.212151
 21
1730.785877
 31
0.0
  0
LINE
  5
48A
330
17
100
AcDbEntity
  8
9
 62
9
100
AcDbLine
 10
3442.212151
 20
1711.785877
 30
0.0
 11
3442.212151
 21
1730.785877
 31
0.0
  0
LINE
  5
48B
330
17
100
AcDbEntity
  8
2
 62
2
100
AcDbLine
 10
3445.747685
 20
1708.250343
 30
0.0
 11
3438.676617
 21
1715.321411
 31
0.0
  0
LINE
  5
48C
330
17
100
AcDbEntity
  8
2
 62
2
100
AcDbLine
 10
3445.747685
 20
1422.250343
 30
0.0
 11
3438.676617
 21
1429.321411
 31
0.0
  0
LINE
  5
48D
330
17
100
AcDbEntity
  8
9
 62
9
100
AcDbLine
 10
3454.083697
 20
1711.785877
 30
0.0
 11
3432.212151
 21
1711.785877
 31
0.0
  0
LINE
  5
48E
330
17
100
AcDbEntity
  8
9
 62
9
100
AcDbLine
 10
3442.212151
 20
1425.785877
 30
0.0
 11
3442.212151
 21
1711.785877
 31
0.0
  0
LINE
  5
48F
330
17
100
AcDbEntity
  8
2
 62
2
100
AcDbLine
 10
3445.747685
 20
1422.250343
 30
0.0
 11
3438.676617
 21
1429.321411
 31
0.0
  0
LINE
  5
490
330
17
100
AcDbEntity
  8
2
 62
2
100
AcDbLine
 10
3445.747685
 20
1408.250343
 30
0.0
 11
3438.676617
 21
1415.321411
 31
0.0
  0
LINE
  5
491
330
17
100
AcDbEntity
  8
9
 62
9
100
AcDbLine
 10
3445.161432
 20
1425.785877
 30
0.0
 11
3432.212151
 21
1425.785877
 31
0.0
  0
LINE
  5
492
330
17
100
AcDbEntity
  8
9
 62
9
100
AcDbLine
 10
3445.998199
 20
1411.785877
 30
0.0
 11
3432.212151
 21
1411.785877
 31
0.0
  0
LINE
  5
493
330
17
100
AcDbEntity
  8
9
 62
9
100
AcDbLine
 10
3442.212151
 20
1411.785877
 30
0.0
 11
3442.212151
 21
1425.785877
 31
0.0
  0
LINE
  5
494
330
17
100
AcDbEntity
  8
2
 62
2
100
AcDbLine
 10
3574.646034
 20
2057.408835
 30
0.0
 11
3567.574966
 21
2050.337767
 31
0.0
  0
LINE
  5
495
330
17
100
AcDbEntity
  8
2
 62
2
100
AcDbLine
 10
3590.146034
 20
2057.408835
 30
0.0
 11
3583.074966
 21
2050.337767
 31
0.0
  0
LINE
  5
496
330
17
100
AcDbEntity
  8
9
 62
9
100
AcDbLine
 10
3571.1105
 20
2054.815451
 30
0.0
 11
3571.1105
 21
2043.873301
 31
0.0
  0
LINE
  5
497
330
17
100
AcDbEntity
  8
9
 62
9
100
AcDbLine
 10
3586.6105
 20
2104.785877
 30
0.0
 11
3586.6105
 21
2043.873301
 31
0.0
  0
LINE
  5
498
330
17
100
AcDbEntity
  8
9
 62
9
100
AcDbLine
 10
3586.6105
 20
2053.873301
 30
0.0
 11
3571.1105
 21
2053.873301
 31
0.0
  0
LINE
  5
499
330
17
100
AcDbEntity
  8
2
 62
2
100
AcDbLine
 10
3745.816859
 20
2125.250343
 30
0.0
 11
3738.745792
 21
2132.321411
 31
0.0
  0
LINE
  5
49A
330
17
100
AcDbEntity
  8
2
 62
2
100
AcDbLine
 10
3745.816859
 20
1408.250343
 30
0.0
 11
3738.745792
 21
1415.321411
 31
0.0
  0
LINE
  5
49B
330
17
100
AcDbEntity
  8
9
 62
9
100
AcDbLine
 10
3596.6105
 20
2128.785877
 30
0.0
 11
3752.281326
 21
2128.785877
 31
0.0
  0
LINE
  5
49C
330
17
100
AcDbEntity
  8
9
 62
9
100
AcDbLine
 10
3583.6105
 20
1411.785877
 30
0.0
 11
3752.281326
 21
1411.785877
 31
0.0
  0
LINE
  5
49D
330
17
100
AcDbEntity
  8
9
 62
9
100
AcDbLine
 10
3742.281326
 20
1411.785877
 30
0.0
 11
3742.281326
 21
2128.785877
 31
0.0
  0
LINE
  5
49E
330
17
100
AcDbEntity
  8
2
 62
2
100
AcDbLine
 10
1159.146194
 20
2125.250343
 30
0.0
 11
1152.075127
 21
2132.321411
 31
0.0
  0
LINE
  5
49F
330
17
100
AcDbEntity
  8
2
 62
2
100
AcDbLine
 10
1159.146194
 20
1408.250343
 30
0.0
 11
1152.075127
 21
1415.321411
 31
0.0
  0
LINE
  5
4A0
330
17
100
AcDbEntity
  8
9
 62
9
100
AcDbLine
 10
1234.034533
 20
2128.785877
 30
0.0
 11
1145.610661
 21
2128.785877
 31
0.0
  0
LINE
  5
4A1
330
17
100
AcDbEntity
  8
9
 62
9
100
AcDbLine
 10
1176.042766
 20
1411.785877
 30
0.0
 11
1145.610661
 21
1411.785877
 31
0.0
  0
LINE
  5
4A2
330
17
100
AcDbEntity
  8
9
 62
9
100
AcDbLine
 10
1155.610661
 20
1411.785877
 30
0.0
 11
1155.610661
 21
2128.785877
 31
0.0
  0
LINE
  5
4A3
330
17
100
AcDbEntity
  8
2
 62
2
100
AcDbLine
 10
3574.646034
 20
1509.000999
 30
0.0
 11
3567.574966
 21
1501.929931
 31
0.0
  0
LINE
  5
4A4
330
17
100
AcDbEntity
  8
2
 62
2
100
AcDbLine
 10
3577.146034
 20
1509.000999
 30
0.0
 11
3570.074966
 21
1501.929931
 31
0.0
  0
LINE
  5
4A5
330
17
100
AcDbEntity
  8
9
 62
9
100
AcDbLine
 10
3571.1105
 20
1495.521096
 30
0.0
 11
3571.1105
 21
1515.465465
 31
0.0
  0
LINE
  5
4A6
330
17
100
AcDbEntity
  8
9
 62
9
100
AcDbLine
 10
3573.6105
 20
1482.785877
 30
0.0
 11
3573.6105
 21
1515.465465
 31
0.0
  0
LINE
  5
4A7
330
17
100
AcDbEntity
  8
9
 62
9
100
AcDbLine
 10
3573.6105
 20
1505.465465
 30
0.0
 11
3571.1105
 21
1505.465465
 31
0.0
  0
LINE
  5
4A8
330
17
100
AcDbEntity
  8
2
 62
2
100
AcDbLine
 10
3689.24071
 20
2125.250343
 30
0.0
 11
3682.169643
 21
2132.321411
 31
0.0
  0
LINE
  5
4A9
330
17
100
AcDbEntity
  8
2
 62
2
100
AcDbLine
 10
3689.24071
 20
2106.250343
 30
0.0
 11
3682.169643
 21
2113.321411
 31
0.0
  0
LINE
  5
4AA
330
17
100
AcDbEntity
  8
9
 62
9
100
AcDbLine
 10
3591.6105
 20
2128.785877
 30
0.0
 11
3695.705176
 21
2128.785877
 31
0.0
  0
LINE
  5
4AB
330
17
100
AcDbEntity
  8
9
 62
9
100
AcDbLine
 10
3685.705176
 20
2109.785877
 30
0.0
 11
3685.705176
 21
2128.785877
 31
0.0
  0
LINE
  5
4AC
330
17
100
AcDbEntity
  8
2
 62
2
100
AcDbLine
 10
3689.24071
 20
2106.250343
 30
0.0
 11
3682.169643
 21
2113.321411
 31
0.0
  0
LINE
  5
4AD
330
17
100
AcDbEntity
  8
2
 62
2
100
AcDbLine
 10
3689.24071
 20
2004.250343
 30
0.0
 11
3682.169643
 21
2011.321411
 31
0.0
  0
LINE
  5
4AE
330
17
100
AcDbEntity
  8
9
 62
9
100
AcDbLine
 10
3591.6105
 20
2109.785877
 30
0.0
 11
3695.705176
 21
2109.785877
 31
0.0
  0
LINE
  5
4AF
330
17
100
AcDbEntity
  8
9
 62
9
100
AcDbLine
 10
3685.705176
 20
2007.785877
 30
0.0
 11
3685.705176
 21
2109.785877
 31
0.0
  0
LINE
  5
4B0
330
17
100
AcDbEntity
  8
2
 62
2
100
AcDbLine
 10
3689.24071
 20
2004.250343
 30
0.0
 11
3682.169643
 21
2011.321411
 31
0.0
  0
LINE
  5
4B1
330
17
100
AcDbEntity
  8
2
 62
2
100
AcDbLine
 10
3689.24071
 20
1925.250343
 30
0.0
 11
3682.169643
 21
1932.321411
 31
0.0
  0
LINE
  5
4B2
330
17
100
AcDbEntity
  8
9
 62
9
100
AcDbLine
 10
3688.809827
 20
2007.785877
 30
0.0
 11
3695.705176
 21
2007.785877
 31
0.0
  0
LINE
  5
4B3
330
17
100
AcDbEntity
  8
9
 62
9
100
AcDbLine
 10
3685.705176
 20
1928.785877
 30
0.0
 11
3685.705176
 21
2007.785877
 31
0.0
  0
LINE
  5
4B4
330
17
100
AcDbEntity
  8
2
 62
2
100
AcDbLine
 10
3689.24071
 20
1925.250343
 30
0.0
 11
3682.169643
 21
1932.321411
 31
0.0
  0
LINE
  5
4B5
330
17
100
AcDbEntity
  8
2
 62
2
100
AcDbLine
 10
3689.24071
 20
1825.250343
 30
0.0
 11
3682.169643
 21
1832.321411
 31
0.0
  0
LINE
  5
4B6
330
17
100
AcDbEntity
  8
9
 62
9
100
AcDbLine
 10
3576.1105
 20
1928.785877
 30
0.0
 11
3695.705176
 21
1928.785877
 31
0.0
  0
LINE
  5
4B7
330
17
100
AcDbEntity
  8
9
 62
9
100
AcDbLine
 10
3685.705176
 20
1828.785877
 30
0.0
 11
3685.705176
 21
1928.785877
 31
0.0
  0
LINE
  5
4B8
330
17
100
AcDbEntity
  8
2
 62
2
100
AcDbLine
 10
3689.24071
 20
1825.250343
 30
0.0
 11
3682.169643
 21
1832.321411
 31
0.0
  0
LINE
  5
4B9
330
17
100
AcDbEntity
  8
2
 62
2
100
AcDbLine
 10
3689.24071
 20
1727.250343
 30
0.0
 11
3682.169643
 21
1734.321411
 31
0.0
  0
LINE
  5
4BA
330
17
100
AcDbEntity
  8
9
 62
9
100
AcDbLine
 10
3576.1105
 20
1828.785877
 30
0.0
 11
3695.705176
 21
1828.785877
 31
0.0
  0
LINE
  5
4BB
330
17
100
AcDbEntity
  8
9
 62
9
100
AcDbLine
 10
3685.705176
 20
1730.785877
 30
0.0
 11
3685.705176
 21
1828.785877
 31
0.0
  0
LINE
  5
4BC
330
17
100
AcDbEntity
  8
2
 62
2
100
AcDbLine
 10
3689.24071
 20
1727.250343
 30
0.0
 11
3682.169643
 21
1734.321411
 31
0.0
  0
LINE
  5
4BD
330
17
100
AcDbEntity
  8
2
 62
2
100
AcDbLine
 10
3689.24071
 20
1708.250343
 30
0.0
 11
3682.169643
 21
1715.321411
 31
0.0
  0
LINE
  5
4BE
330
17
100
AcDbEntity
  8
9
 62
9
100
AcDbLine
 10
3576.1105
 20
1730.785877
 30
0.0
 11
3695.705176
 21
1730.785877
 31
0.0
  0
LINE
  5
4BF
330
17
100
AcDbEntity
  8
9
 62
9
100
AcDbLine
 10
3685.705176
 20
1711.785877
 30
0.0
 11
3685.705176
 21
1730.785877
 31
0.0
  0
LINE
  5
4C0
330
17
100
AcDbEntity
  8
2
 62
2
100
AcDbLine
 10
3689.24071
 20
1708.250343
 30
0.0
 11
3682.169643
 21
1715.321411
 31
0.0
  0
LINE
  5
4C1
330
17
100
AcDbEntity
  8
2
 62
2
100
AcDbLine
 10
3689.24071
 20
1474.250343
 30
0.0
 11
3682.169643
 21
1481.321411
 31
0.0
  0
LINE
  5
4C2
330
17
100
AcDbEntity
  8
9
 62
9
100
AcDbLine
 10
3576.1105
 20
1711.785877
 30
0.0
 11
3695.705176
 21
1711.785877
 31
0.0
  0
LINE
  5
4C3
330
17
100
AcDbEntity
  8
9
 62
9
100
AcDbLine
 10
3685.705176
 20
1477.785877
 30
0.0
 11
3685.705176
 21
1711.785877
 31
0.0
  0
LINE
  5
4C4
330
17
100
AcDbEntity
  8
2
 62
2
100
AcDbLine
 10
3689.24071
 20
1474.250343
 30
0.0
 11
3682.169643
 21
1481.321411
 31
0.0
  0
LINE
  5
4C5
330
17
100
AcDbEntity
  8
2
 62
2
100
AcDbLine
 10
3689.24071
 20
1408.250343
 30
0.0
 11
3682.169643
 21
1415.321411
 31
0.0
  0
LINE
  5
4C6
330
17
100
AcDbEntity
  8
9
 62
9
100
AcDbLine
 10
3578.6105
 20
1477.785877
 30
0.0
 11
3695.705176
 21
1477.785877
 31
0.0
  0
LINE
  5
4C7
330
17
100
AcDbEntity
  8
9
 62
9
100
AcDbLine
 10
3578.6105
 20
1411.785877
 30
0.0
 11
3695.705176
 21
1411.785877
 31
0.0
  0
LINE
  5
4C8
330
17
100
AcDbEntity
  8
9
 62
9
100
AcDbLine
 10
3685.705176
 20
1411.785877
 30
0.0
 11
3685.705176
 21
1477.785877
 31
0.0
  0
LINE
  5
4C9
330
17
100
AcDbEntity
  8
2
 62
2
100
AcDbLine
 10
3567.574966
 20
1966.231771
 30
0.0
 11
3574.646034
 21
1973.302839
 31
0.0
  0
LINE
  5
4CA
330
17
100
AcDbEntity
  8
2
 62
2
100
AcDbLine
 10
3548.574966
 20
1966.231771
 30
0.0
 11
3555.646034
 21
1973.302839
 31
0.0
  0
LINE
  5
4CB
330
17
100
AcDbEntity
  8
9
 62
9
100
AcDbLine
 10
3571.1105
 20
1933.785877
 30
0.0
 11
3571.1105
 21
2067.69952
 31
0.0
  0
LINE
  5
4CC
330
17
100
AcDbEntity
  8
9
 62
9
100
AcDbLine
 10
3552.1105
 20
1969.767305
 30
0.0
 11
3571.1105
 21
1969.767305
 31
0.0
  0
LINE
  5
4CD
330
17
100
AcDbEntity
  8
2
 62
2
100
AcDbLine
 10
3548.574966
 20
1966.231771
 30
0.0
 11
3555.646034
 21
1973.302839
 31
0.0
  0
LINE
  5
4CE
330
17
100
AcDbEntity
  8
2
 62
2
100
AcDbLine
 10
3365.575082
 20
1966.231771
 30
0.0
 11
3372.64615
 21
1973.302839
 31
0.0
  0
LINE
  5
4CF
330
17
100
AcDbEntity
  8
9
 62
9
100
AcDbLine
 10
3552.1105
 20
1933.785877
 30
0.0
 11
3552.1105
 21
1979.767305
 31
0.0
  0
LINE
  5
4D0
330
17
100
AcDbEntity
  8
9
 62
9
100
AcDbLine
 10
3369.110616
 20
1969.767305
 30
0.0
 11
3552.1105
 21
1969.767305
 31
0.0
  0
LINE
  5
4D1
330
17
100
AcDbEntity
  8
2
 62
2
100
AcDbLine
 10
3365.575082
 20
1966.231771
 30
0.0
 11
3372.64615
 21
1973.302839
 31
0.0
  0
LINE
  5
4D2
330
17
100
AcDbEntity
  8
2
 62
2
100
AcDbLine
 10
3346.575082
 20
1966.231771
 30
0.0
 11
3353.64615
 21
1973.302839
 31
0.0
  0
LINE
  5
4D3
330
17
100
AcDbEntity
  8
9
 62
9
100
AcDbLine
 10
3369.110616
 20
1885.285877
 30
0.0
 11
3369.110616
 21
1979.767305
 31
0.0
  0
LINE
  5
4D4
330
17
100
AcDbEntity
  8
9
 62
9
100
AcDbLine
 10
3350.110616
 20
1969.767305
 30
0.0
 11
3369.110616
 21
1969.767305
 31
0.0
  0
LINE
  5
4D5
330
17
100
AcDbEntity
  8
2
 62
2
100
AcDbLine
 10
3346.575082
 20
1966.231771
 30
0.0
 11
3353.64615
 21
1973.302839
 31
0.0
  0
LINE
  5
4D6
330
17
100
AcDbEntity
  8
2
 62
2
100
AcDbLine
 10
3184.574966
 20
1966.231771
 30
0.0
 11
3191.646034
 21
1973.302839
 31
0.0
  0
LINE
  5
4D7
330
17
100
AcDbEntity
  8
9
 62
9
100
AcDbLine
 10
3350.110616
 20
1885.285877
 30
0.0
 11
3350.110616
 21
1979.767305
 31
0.0
  0
LINE
  5
4D8
330
17
100
AcDbEntity
  8
9
 62
9
100
AcDbLine
 10
3188.1105
 20
1969.767305
 30
0.0
 11
3350.110616
 21
1969.767305
 31
0.0
  0
LINE
  5
4D9
330
17
100
AcDbEntity
  8
2
 62
2
100
AcDbLine
 10
3184.574966
 20
1966.231771
 30
0.0
 11
3191.646034
 21
1973.302839
 31
0.0
  0
LINE
  5
4DA
330
17
100
AcDbEntity
  8
2
 62
2
100
AcDbLine
 10
3165.574966
 20
1966.231771
 30
0.0
 11
3172.646034
 21
1973.302839
 31
0.0
  0
LINE
  5
4DB
330
17
100
AcDbEntity
  8
9
 62
9
100
AcDbLine
 10
3188.1105
 20
1966.341409
 30
0.0
 11
3188.1105
 21
1979.767305
 31
0.0
  0
LINE
  5
4DC
330
17
100
AcDbEntity
  8
9
 62
9
100
AcDbLine
 10
3169.1105
 20
1969.767305
 30
0.0
 11
3188.1105
 21
1969.767305
 31
0.0
  0
LINE
  5
4DD
330
17
100
AcDbEntity
  8
2
 62
2
100
AcDbLine
 10
3165.574966
 20
1966.231771
 30
0.0
 11
3172.646034
 21
1973.302839
 31
0.0
  0
LINE
  5
4DE
330
17
100
AcDbEntity
  8
2
 62
2
100
AcDbLine
 10
3111.574966
 20
1966.231771
 30
0.0
 11
3118.646034
 21
1973.302839
 31
0.0
  0
LINE
  5
4DF
330
17
100
AcDbEntity
  8
9
 62
9
100
AcDbLine
 10
3169.1105
 20
1952.726234
 30
0.0
 11
3169.1105
 21
1979.767305
 31
0.0
  0
LINE
  5
4E0
330
17
100
AcDbEntity
  8
9
 62
9
100
AcDbLine
 10
3115.1105
 20
1885.285877
 30
0.0
 11
3115.1105
 21
1979.767305
 31
0.0
  0
LINE
  5
4E1
330
17
100
AcDbEntity
  8
9
 62
9
100
AcDbLine
 10
3115.1105
 20
1969.767305
 30
0.0
 11
3169.1105
 21
1969.767305
 31
0.0
  0
LINE
  5
4E2
330
17
100
AcDbEntity
  8
2
 62
2
100
AcDbLine
 10
2893.092969
 20
2125.250343
 30
0.0
 11
2886.021901
 21
2132.321411
 31
0.0
  0
LINE
  5
4E3
330
17
100
AcDbEntity
  8
2
 62
2
100
AcDbLine
 10
2893.092969
 20
2106.250343
 30
0.0
 11
2886.021901
 21
2113.321411
 31
0.0
  0
LINE
  5
4E4
330
17
100
AcDbEntity
  8
9
 62
9
100
AcDbLine
 10
2908.694115
 20
2128.785877
 30
0.0
 11
2879.557435
 21
2128.785877
 31
0.0
  0
LINE
  5
4E5
330
17
100
AcDbEntity
  8
9
 62
9
100
AcDbLine
 10
2889.557435
 20
2109.785877
 30
0.0
 11
2889.557435
 21
2128.785877
 31
0.0
  0
LINE
  5
4E6
330
17
100
AcDbEntity
  8
2
 62
2
100
AcDbLine
 10
2893.092969
 20
2106.250343
 30
0.0
 11
2886.021901
 21
2113.321411
 31
0.0
  0
LINE
  5
4E7
330
17
100
AcDbEntity
  8
2
 62
2
100
AcDbLine
 10
2893.092969
 20
1876.750343
 30
0.0
 11
2886.021901
 21
1883.821411
 31
0.0
  0
LINE
  5
4E8
330
17
100
AcDbEntity
  8
9
 62
9
100
AcDbLine
 10
2905.694481
 20
2109.785877
 30
0.0
 11
2879.557435
 21
2109.785877
 31
0.0
  0
LINE
  5
4E9
330
17
100
AcDbEntity
  8
9
 62
9
100
AcDbLine
 10
2889.557435
 20
1880.285877
 30
0.0
 11
2889.557435
 21
2109.785877
 31
0.0
  0
LINE
  5
4EA
330
17
100
AcDbEntity
  8
2
 62
2
100
AcDbLine
 10
2893.092969
 20
1876.750343
 30
0.0
 11
2886.021901
 21
1883.821411
 31
0.0
  0
LINE
  5
4EB
330
17
100
AcDbEntity
  8
2
 62
2
100
AcDbLine
 10
2893.092969
 20
1812.250343
 30
0.0
 11
2886.021901
 21
1819.321411
 31
0.0
  0
LINE
  5
4EC
330
17
100
AcDbEntity
  8
9
 62
9
100
AcDbLine
 10
3110.1105
 20
1880.285877
 30
0.0
 11
2879.557435
 21
1880.285877
 31
0.0
  0
LINE
  5
4ED
330
17
100
AcDbEntity
  8
9
 62
9
100
AcDbLine
 10
2889.557435
 20
1815.785877
 30
0.0
 11
2889.557435
 21
1880.285877
 31
0.0
  0
LINE
  5
4EE
330
17
100
AcDbEntity
  8
2
 62
2
100
AcDbLine
 10
2893.092969
 20
1812.250343
 30
0.0
 11
2886.021901
 21
1819.321411
 31
0.0
  0
LINE
  5
4EF
330
17
100
AcDbEntity
  8
2
 62
2
100
AcDbLine
 10
2893.092969
 20
1793.250343
 30
0.0
 11
2886.021901
 21
1800.321411
 31
0.0
  0
LINE
  5
4F0
330
17
100
AcDbEntity
  8
9
 62
9
100
AcDbLine
 10
2887.617091
 20
1815.785877
 30
0.0
 11
2879.557435
 21
1815.785877
 31
0.0
  0
LINE
  5
4F1
330
17
100
AcDbEntity
  8
9
 62
9
100
AcDbLine
 10
2889.557435
 20
1796.785877
 30
0.0
 11
2889.557435
 21
1815.785877
 31
0.0
  0
LINE
  5
4F2
330
17
100
AcDbEntity
  8
2
 62
2
100
AcDbLine
 10
2893.092969
 20
1793.250343
 30
0.0
 11
2886.021901
 21
1800.321411
 31
0.0
  0
LINE
  5
4F3
330
17
100
AcDbEntity
  8
2
 62
2
100
AcDbLine
 10
2893.092969
 20
1474.250343
 30
0.0
 11
2886.021901
 21
1481.321411
 31
0.0
  0
LINE
  5
4F4
330
17
100
AcDbEntity
  8
9
 62
9
100
AcDbLine
 10
2888.787293
 20
1796.785877
 30
0.0
 11
2879.557435
 21
1796.785877
 31
0.0
  0
LINE
  5
4F5
330
17
100
AcDbEntity
  8
9
 62
9
100
AcDbLine
 10
2889.557435
 20
1477.785877
 30
0.0
 11
2889.557435
 21
1796.785877
 31
0.0
  0
LINE
  5
4F6
330
17
100
AcDbEntity
  8
2
 62
2
100
AcDbLine
 10
2893.092969
 20
1474.250343
 30
0.0
 11
2886.021901
 21
1481.321411
 31
0.0
  0
LINE
  5
4F7
330
17
100
AcDbEntity
  8
2
 62
2
100
AcDbLine
 10
2893.092969
 20
1455.250343
 30
0.0
 11
2886.021901
 21
1462.321411
 31
0.0
  0
LINE
  5
4F8
330
17
100
AcDbEntity
  8
9
 62
9
100
AcDbLine
 10
2893.831729
 20
1477.785877
 30
0.0
 11
2899.557435
 21
1477.785877
 31
0.0
  0
LINE
  5
4F9
330
17
100
AcDbEntity
  8
9
 62
9
100
AcDbLine
 10
2889.557435
 20
1458.785877
 30
0.0
 11
2889.557435
 21
1477.785877
 31
0.0
  0
LINE
  5
4FA
330
17
100
AcDbEntity
  8
2
 62
2
100
AcDbLine
 10
2893.092969
 20
1455.250343
 30
0.0
 11
2886.021901
 21
1462.321411
 31
0.0
  0
LINE
  5
4FB
330
17
100
AcDbEntity
  8
2
 62
2
100
AcDbLine
 10
2893.092969
 20
1422.250343
 30
0.0
 11
2886.021901
 21
1429.321411
 31
0.0
  0
LINE
  5
4FC
330
17
100
AcDbEntity
  8
9
 62
9
100
AcDbLine
 10
2885.04124
 20
1458.785877
 30
0.0
 11
2879.557435
 21
1458.785877
 31
0.0
  0
LINE
  5
4FD
330
17
100
AcDbEntity
  8
9
 62
9
100
AcDbLine
 10
2889.557435
 20
1425.785877
 30
0.0
 11
2889.557435
 21
1458.785877
 31
0.0
  0
LINE
  5
4FE
330
17
100
AcDbEntity
  8
2
 62
2
100
AcDbLine
 10
2893.092969
 20
1422.250343
 30
0.0
 11
2886.021901
 21
1429.321411
 31
0.0
  0
LINE
  5
4FF
330
17
100
AcDbEntity
  8
2
 62
2
100
AcDbLine
 10
2893.092969
 20
1408.250343
 30
0.0
 11
2886.021901
 21
1415.321411
 31
0.0
  0
LINE
  5
500
330
17
100
AcDbEntity
  8
9
 62
9
100
AcDbLine
 10
2899.313473
 20
1425.785877
 30
0.0
 11
2879.557435
 21
1425.785877
 31
0.0
  0
LINE
  5
501
330
17
100
AcDbEntity
  8
9
 62
9
100
AcDbLine
 10
2899.313473
 20
1411.785877
 30
0.0
 11
2879.557435
 21
1411.785877
 31
0.0
  0
LINE
  5
502
330
17
100
AcDbEntity
  8
9
 62
9
100
AcDbLine
 10
2889.557435
 20
1411.785877
 30
0.0
 11
2889.557435
 21
1425.785877
 31
0.0
  0
LINE
  5
503
330
17
100
AcDbEntity
  8
2
 62
2
100
AcDbLine
 10
1954.182536
 20
2125.250343
 30
0.0
 11
1947.111468
 21
2132.321411
 31
0.0
  0
LINE
  5
504
330
17
100
AcDbEntity
  8
2
 62
2
100
AcDbLine
 10
1954.182536
 20
2106.250343
 30
0.0
 11
1947.111468
 21
2113.321411
 31
0.0
  0
LINE
  5
505
330
17
100
AcDbEntity
  8
9
 62
9
100
AcDbLine
 10
1953.101742
 20
2128.785877
 30
0.0
 11
1960.647002
 21
2128.785877
 31
0.0
  0
LINE
  5
506
330
17
100
AcDbEntity
  8
9
 62
9
100
AcDbLine
 10
1950.647002
 20
2109.785877
 30
0.0
 11
1950.647002
 21
2128.785877
 31
0.0
  0
LINE
  5
507
330
17
100
AcDbEntity
  8
2
 62
2
100
AcDbLine
 10
1954.182536
 20
2106.250343
 30
0.0
 11
1947.111468
 21
2113.321411
 31
0.0
  0
LINE
  5
508
330
17
100
AcDbEntity
  8
2
 62
2
100
AcDbLine
 10
1954.182536
 20
1812.250343
 30
0.0
 11
1947.111468
 21
1819.321411
 31
0.0
  0
LINE
  5
509
330
17
100
AcDbEntity
  8
9
 62
9
100
AcDbLine
 10
1950.034678
 20
2109.785877
 30
0.0
 11
1960.647002
 21
2109.785877
 31
0.0
  0
LINE
  5
50A
330
17
100
AcDbEntity
  8
9
 62
9
100
AcDbLine
 10
1950.647002
 20
1815.785877
 30
0.0
 11
1950.647002
 21
2109.785877
 31
0.0
  0
LINE
  5
50B
330
17
100
AcDbEntity
  8
2
 62
2
100
AcDbLine
 10
1954.182536
 20
1812.250343
 30
0.0
 11
1947.111468
 21
1819.321411
 31
0.0
  0
LINE
  5
50C
330
17
100
AcDbEntity
  8
2
 62
2
100
AcDbLine
 10
1954.182536
 20
1793.250343
 30
0.0
 11
1947.111468
 21
1800.321411
 31
0.0
  0
LINE
  5
50D
330
17
100
AcDbEntity
  8
9
 62
9
100
AcDbLine
 10
1949.397963
 20
1815.785877
 30
0.0
 11
1960.647002
 21
1815.785877
 31
0.0
  0
LINE
  5
50E
330
17
100
AcDbEntity
  8
9
 62
9
100
AcDbLine
 10
1950.647002
 20
1796.785877
 30
0.0
 11
1950.647002
 21
1815.785877
 31
0.0
  0
LINE
  5
50F
330
17
100
AcDbEntity
  8
2
 62
2
100
AcDbLine
 10
1954.182536
 20
1793.250343
 30
0.0
 11
1947.111468
 21
1800.321411
 31
0.0
  0
LINE
  5
510
330
17
100
AcDbEntity
  8
2
 62
2
100
AcDbLine
 10
1954.182536
 20
1474.250343
 30
0.0
 11
1947.111468
 21
1481.321411
 31
0.0
  0
LINE
  5
511
330
17
100
AcDbEntity
  8
9
 62
9
100
AcDbLine
 10
1947.297275
 20
1796.785877
 30
0.0
 11
1960.647002
 21
1796.785877
 31
0.0
  0
LINE
  5
512
330
17
100
AcDbEntity
  8
9
 62
9
100
AcDbLine
 10
1950.647002
 20
1477.785877
 30
0.0
 11
1950.647002
 21
1796.785877
 31
0.0
  0
LINE
  5
513
330
17
100
AcDbEntity
  8
2
 62
2
100
AcDbLine
 10
1954.182536
 20
1474.250343
 30
0.0
 11
1947.111468
 21
1481.321411
 31
0.0
  0
LINE
  5
514
330
17
100
AcDbEntity
  8
2
 62
2
100
AcDbLine
 10
1954.182536
 20
1455.250343
 30
0.0
 11
1947.111468
 21
1462.321411
 31
0.0
  0
LINE
  5
515
330
17
100
AcDbEntity
  8
9
 62
9
100
AcDbLine
 10
1947.055932
 20
1477.785877
 30
0.0
 11
1940.647002
 21
1477.785877
 31
0.0
  0
LINE
  5
516
330
17
100
AcDbEntity
  8
9
 62
9
100
AcDbLine
 10
1950.647002
 20
1458.785877
 30
0.0
 11
1950.647002
 21
1477.785877
 31
0.0
  0
LINE
  5
517
330
17
100
AcDbEntity
  8
2
 62
2
100
AcDbLine
 10
1954.182536
 20
1455.250343
 30
0.0
 11
1947.111468
 21
1462.321411
 31
0.0
  0
LINE
  5
518
330
17
100
AcDbEntity
  8
2
 62
2
100
AcDbLine
 10
1954.182536
 20
1422.250343
 30
0.0
 11
1947.111468
 21
1429.321411
 31
0.0
  0
LINE
  5
519
330
17
100
AcDbEntity
  8
9
 62
9
100
AcDbLine
 10
1945.960097
 20
1458.785877
 30
0.0
 11
1940.647002
 21
1458.785877
 31
0.0
  0
LINE
  5
51A
330
17
100
AcDbEntity
  8
9
 62
9
100
AcDbLine
 10
1950.647002
 20
1425.785877
 30
0.0
 11
1950.647002
 21
1458.785877
 31
0.0
  0
LINE
  5
51B
330
17
100
AcDbEntity
  8
2
 62
2
100
AcDbLine
 10
1954.182536
 20
1422.250343
 30
0.0
 11
1947.111468
 21
1429.321411
 31
0.0
  0
LINE
  5
51C
330
17
100
AcDbEntity
  8
2
 62
2
100
AcDbLine
 10
1954.182536
 20
1408.250343
 30
0.0
 11
1947.111468
 21
1415.321411
 31
0.0
  0
LINE
  5
51D
330
17
100
AcDbEntity
  8
9
 62
9
100
AcDbLine
 10
1947.349966
 20
1425.785877
 30
0.0
 11
1960.647002
 21
1425.785877
 31
0.0
  0
LINE
  5
51E
330
17
100
AcDbEntity
  8
9
 62
9
100
AcDbLine
 10
1948.602349
 20
1411.785877
 30
0.0
 11
1960.647002
 21
1411.785877
 31
0.0
  0
LINE
  5
51F
330
17
100
AcDbEntity
  8
9
 62
9
100
AcDbLine
 10
1950.647002
 20
1411.785877
 30
0.0
 11
1950.647002
 21
1425.785877
 31
0.0
  0
LINE
  5
520
330
17
100
AcDbEntity
  8
2
 62
2
100
AcDbLine
 10
1344.229797
 20
1935.351046
 30
0.0
 11
1351.300865
 21
1928.279979
 31
0.0
  0
LINE
  5
521
330
17
100
AcDbEntity
  8
2
 62
2
100
AcDbLine
 10
1344.229797
 20
1972.351046
 30
0.0
 11
1351.300865
 21
1965.279979
 31
0.0
  0
LINE
  5
522
330
17
100
AcDbEntity
  8
9
 62
9
100
AcDbLine
 10
1374.6105
 20
1931.815513
 30
0.0
 11
1337.765331
 21
1931.815513
 31
0.0
  0
LINE
  5
523
330
17
100
AcDbEntity
  8
9
 62
9
100
AcDbLine
 10
1374.6105
 20
1968.815513
 30
0.0
 11
1337.765331
 21
1968.815513
 31
0.0
  0
LINE
  5
524
330
17
100
AcDbEntity
  8
9
 62
9
100
AcDbLine
 10
1347.765331
 20
1968.815513
 30
0.0
 11
1347.765331
 21
1931.815513
 31
0.0
  0
LINE
  5
525
330
17
100
AcDbEntity
  8
2
 62
2
100
AcDbLine
 10
2393.077196
 20
1378.722086
 30
0.0
 11
2400.148264
 21
1385.793154
 31
0.0
  0
LINE
  5
526
330
17
100
AcDbEntity
  8
2
 62
2
100
AcDbLine
 10
2356.077196
 20
1378.722086
 30
0.0
 11
2363.148264
 21
1385.793154
 31
0.0
  0
LINE
  5
527
330
17
100
AcDbEntity
  8
9
 62
9
100
AcDbLine
 10
2396.61273
 20
1406.785877
 30
0.0
 11
2396.61273
 21
1372.25762
 31
0.0
  0
LINE
  5
528
330
17
100
AcDbEntity
  8
9
 62
9
100
AcDbLine
 10
2359.61273
 20
1406.785877
 30
0.0
 11
2359.61273
 21
1372.25762
 31
0.0
  0
LINE
  5
529
330
17
100
AcDbEntity
  8
9
 62
9
100
AcDbLine
 10
2359.61273
 20
1382.25762
 30
0.0
 11
2396.61273
 21
1382.25762
 31
0.0
  0
LINE
  5
52A
330
17
100
AcDbEntity
  8
2
 62
2
100
AcDbLine
 10
1194.5783
 20
2125.250343
 30
0.0
 11
1187.507232
 21
2132.321411
 31
0.0
  0
LINE
  5
52B
330
17
100
AcDbEntity
  8
2
 62
2
100
AcDbLine
 10
1194.5783
 20
2004.250343
 30
0.0
 11
1187.507232
 21
2011.321411
 31
0.0
  0
LINE
  5
52C
330
17
100
AcDbEntity
  8
9
 62
9
100
AcDbLine
 10
1244.034533
 20
2128.785877
 30
0.0
 11
1181.042766
 21
2128.785877
 31
0.0
  0
LINE
  5
52D
330
17
100
AcDbEntity
  8
9
 62
9
100
AcDbLine
 10
1197.473087
 20
2007.785877
 30
0.0
 11
1181.042766
 21
2007.785877
 31
0.0
  0
LINE
  5
52E
330
17
100
AcDbEntity
  8
9
 62
9
100
AcDbLine
 10
1191.042766
 20
2007.785877
 30
0.0
 11
1191.042766
 21
2128.785877
 31
0.0
  0
LINE
  5
52F
330
17
100
AcDbEntity
  8
2
 62
2
100
AcDbLine
 10
3567.574966
 20
1642.507622
 30
0.0
 11
3574.646034
 21
1649.57869
 31
0.0
  0
LINE
  5
530
330
17
100
AcDbEntity
  8
2
 62
2
100
AcDbLine
 10
3548.574966
 20
1642.507622
 30
0.0
 11
3555.646034
 21
1649.57869
 31
0.0
  0
LINE
  5
531
330
17
100
AcDbEntity
  8
9
 62
9
100
AcDbLine
 10
3571.1105
 20
1645.848391
 30
0.0
 11
3571.1105
 21
1656.043156
 31
0.0
  0
LINE
  5
532
330
17
100
AcDbEntity
  8
9
 62
9
100
AcDbLine
 10
3552.1105
 20
1646.043156
 30
0.0
 11
3571.1105
 21
1646.043156
 31
0.0
  0
LINE
  5
533
330
17
100
AcDbEntity
  8
2
 62
2
100
AcDbLine
 10
3548.574966
 20
1642.507622
 30
0.0
 11
3555.646034
 21
1649.57869
 31
0.0
  0
LINE
  5
534
330
17
100
AcDbEntity
  8
2
 62
2
100
AcDbLine
 10
3130.574966
 20
1642.507622
 30
0.0
 11
3137.646034
 21
1649.57869
 31
0.0
  0
LINE
  5
535
330
17
100
AcDbEntity
  8
9
 62
9
100
AcDbLine
 10
3552.1105
 20
1643.636741
 30
0.0
 11
3552.1105
 21
1656.043156
 31
0.0
  0
LINE
  5
536
330
17
100
AcDbEntity
  8
9
 62
9
100
AcDbLine
 10
3134.1105
 20
1646.043156
 30
0.0
 11
3552.1105
 21
1646.043156
 31
0.0
  0
LINE
  5
537
330
17
100
AcDbEntity
  8
2
 62
2
100
AcDbLine
 10
3130.574966
 20
1642.507622
 30
0.0
 11
3137.646034
 21
1649.57869
 31
0.0
  0
LINE
  5
538
330
17
100
AcDbEntity
  8
2
 62
2
100
AcDbLine
 10
3111.574966
 20
1642.507622
 30
0.0
 11
3118.646034
 21
1649.57869
 31
0.0
  0
LINE
  5
539
330
17
100
AcDbEntity
  8
9
 62
9
100
AcDbLine
 10
3134.1105
 20
1643.07887
 30
0.0
 11
3134.1105
 21
1636.043156
 31
0.0
  0
LINE
  5
53A
330
17
100
AcDbEntity
  8
9
 62
9
100
AcDbLine
 10
3115.1105
 20
1646.043156
 30
0.0
 11
3134.1105
 21
1646.043156
 31
0.0
  0
LINE
  5
53B
330
17
100
AcDbEntity
  8
2
 62
2
100
AcDbLine
 10
3111.574966
 20
1642.507622
 30
0.0
 11
3118.646034
 21
1649.57869
 31
0.0
  0
LINE
  5
53C
330
17
100
AcDbEntity
  8
2
 62
2
100
AcDbLine
 10
2969.074966
 20
1642.507622
 30
0.0
 11
2976.146034
 21
1649.57869
 31
0.0
  0
LINE
  5
53D
330
17
100
AcDbEntity
  8
9
 62
9
100
AcDbLine
 10
3115.1105
 20
1618.001461
 30
0.0
 11
3115.1105
 21
1656.043156
 31
0.0
  0
LINE
  5
53E
330
17
100
AcDbEntity
  8
9
 62
9
100
AcDbLine
 10
2972.6105
 20
1646.043156
 30
0.0
 11
3115.1105
 21
1646.043156
 31
0.0
  0
LINE
  5
53F
330
17
100
AcDbEntity
  8
2
 62
2
100
AcDbLine
 10
2969.074966
 20
1729.850884
 30
0.0
 11
2976.146034
 21
1736.921952
 31
0.0
  0
LINE
  5
540
330
17
100
AcDbEntity
  8
2
 62
2
100
AcDbLine
 10
2950.074966
 20
1729.850884
 30
0.0
 11
2957.146034
 21
1736.921952
 31
0.0
  0
LINE
  5
541
330
17
100
AcDbEntity
  8
9
 62
9
100
AcDbLine
 10
2953.6105
 20
1733.386418
 30
0.0
 11
2972.6105
 21
1733.386418
 31
0.0
  0
LINE
  5
542
330
17
100
AcDbEntity
  8
2
 62
2
100
AcDbLine
 10
2950.074966
 20
1729.850884
 30
0.0
 11
2957.146034
 21
1736.921952
 31
0.0
  0
LINE
  5
543
330
17
100
AcDbEntity
  8
2
 62
2
100
AcDbLine
 10
1440.074966
 20
1729.850884
 30
0.0
 11
1447.146034
 21
1736.921952
 31
0.0
  0
LINE
  5
544
330
17
100
AcDbEntity
  8
9
 62
9
100
AcDbLine
 10
1443.6105
 20
1733.386418
 30
0.0
 11
2953.6105
 21
1733.386418
 31
0.0
  0
LINE
  5
545
330
17
100
AcDbEntity
  8
2
 62
2
100
AcDbLine
 10
1440.074966
 20
1729.850884
 30
0.0
 11
1447.146034
 21
1736.921952
 31
0.0
  0
LINE
  5
546
330
17
100
AcDbEntity
  8
2
 62
2
100
AcDbLine
 10
1421.074966
 20
1729.850884
 30
0.0
 11
1428.146034
 21
1736.921952
 31
0.0
  0
LINE
  5
547
330
17
100
AcDbEntity
  8
9
 62
9
100
AcDbLine
 10
1443.6105
 20
1732.622532
 30
0.0
 11
1443.6105
 21
1743.386418
 31
0.0
  0
LINE
  5
548
330
17
100
AcDbEntity
  8
9
 62
9
100
AcDbLine
 10
1424.6105
 20
1733.386418
 30
0.0
 11
1443.6105
 21
1733.386418
 31
0.0
  0
LINE
  5
549
330
17
100
AcDbEntity
  8
2
 62
2
100
AcDbLine
 10
1421.074966
 20
1729.850884
 30
0.0
 11
1428.146034
 21
1736.921952
 31
0.0
  0
LINE
  5
54A
330
17
100
AcDbEntity
  8
2
 62
2
100
AcDbLine
 10
1395.074966
 20
1729.850884
 30
0.0
 11
1402.146034
 21
1736.921952
 31
0.0
  0
LINE
  5
54B
330
17
100
AcDbEntity
  8
9
 62
9
100
AcDbLine
 10
1424.6105
 20
1733.445944
 30
0.0
 11
1424.6105
 21
1743.386418
 31
0.0
  0
LINE
  5
54C
330
17
100
AcDbEntity
  8
9
 62
9
100
AcDbLine
 10
1398.6105
 20
1733.216948
 30
0.0
 11
1398.6105
 21
1743.386418
 31
0.0
  0
LINE
  5
54D
330
17
100
AcDbEntity
  8
9
 62
9
100
AcDbLine
 10
1398.6105
 20
1733.386418
 30
0.0
 11
1424.6105
 21
1733.386418
 31
0.0
  0
LINE
  5
54E
330
17
100
AcDbEntity
  8
2
 62
2
100
AcDbLine
 10
3583.074966
 20
2240.87586
 30
0.0
 11
3590.146034
 21
2247.946928
 31
0.0
  0
LINE
  5
54F
330
17
100
AcDbEntity
  8
2
 62
2
100
AcDbLine
 10
3533.074966
 20
2240.87586
 30
0.0
 11
3540.146034
 21
2247.946928
 31
0.0
  0
LINE
  5
550
330
17
100
AcDbEntity
  8
9
 62
9
100
AcDbLine
 10
3586.6105
 20
2133.785877
 30
0.0
 11
3586.6105
 21
2254.411394
 31
0.0
  0
LINE
  5
551
330
17
100
AcDbEntity
  8
9
 62
9
100
AcDbLine
 10
3536.6105
 20
2244.411394
 30
0.0
 11
3586.6105
 21
2244.411394
 31
0.0
  0
LINE
  5
552
330
17
100
AcDbEntity
  8
2
 62
2
100
AcDbLine
 10
3533.074966
 20
2240.87586
 30
0.0
 11
3540.146034
 21
2247.946928
 31
0.0
  0
LINE
  5
553
330
17
100
AcDbEntity
  8
2
 62
2
100
AcDbLine
 10
3290.574966
 20
2240.87586
 30
0.0
 11
3297.646034
 21
2247.946928
 31
0.0
  0
LINE
  5
554
330
17
100
AcDbEntity
  8
9
 62
9
100
AcDbLine
 10
3536.6105
 20
2133.785877
 30
0.0
 11
3536.6105
 21
2254.411394
 31
0.0
  0
LINE
  5
555
330
17
100
AcDbEntity
  8
9
 62
9
100
AcDbLine
 10
3294.1105
 20
2244.411394
 30
0.0
 11
3536.6105
 21
2244.411394
 31
0.0
  0
LINE
  5
556
330
17
100
AcDbEntity
  8
2
 62
2
100
AcDbLine
 10
3290.574966
 20
2240.87586
 30
0.0
 11
3297.646034
 21
2247.946928
 31
0.0
  0
LINE
  5
557
330
17
100
AcDbEntity
  8
2
 62
2
100
AcDbLine
 10
3184.574966
 20
2240.87586
 30
0.0
 11
3191.646034
 21
2247.946928
 31
0.0
  0
LINE
  5
558
330
17
100
AcDbEntity
  8
9
 62
9
100
AcDbLine
 10
3294.1105
 20
2247.754115
 30
0.0
 11
3294.1105
 21
2254.411394
 31
0.0
  0
LINE
  5
559
330
17
100
AcDbEntity
  8
9
 62
9
100
AcDbLine
 10
3188.1105
 20
2244.411394
 30
0.0
 11
3294.1105
 21
2244.411394
 31
0.0
  0
LINE
  5
55A
330
17
100
AcDbEntity
  8
2
 62
2
100
AcDbLine
 10
3184.574966
 20
2240.87586
 30
0.0
 11
3191.646034
 21
2247.946928
 31
0.0
  0
LINE
  5
55B
330
17
100
AcDbEntity
  8
2
 62
2
100
AcDbLine
 10
3130.574966
 20
2240.87586
 30
0.0
 11
3137.646034
 21
2247.946928
 31
0.0
  0
LINE
  5
55C
330
17
100
AcDbEntity
  8
9
 62
9
100
AcDbLine
 10
3188.1105
 20
2133.785877
 30
0.0
 11
3188.1105
 21
2254.411394
 31
0.0
  0
LINE
  5
55D
330
17
100
AcDbEntity
  8
9
 62
9
100
AcDbLine
 10
3134.1105
 20
2244.411394
 30
0.0
 11
3188.1105
 21
2244.411394
 31
0.0
  0
LINE
  5
55E
330
17
100
AcDbEntity
  8
2
 62
2
100
AcDbLine
 10
3130.574966
 20
2240.87586
 30
0.0
 11
3137.646034
 21
2247.946928
 31
0.0
  0
LINE
  5
55F
330
17
100
AcDbEntity
  8
2
 62
2
100
AcDbLine
 10
3111.574966
 20
2240.87586
 30
0.0
 11
3118.646034
 21
2247.946928
 31
0.0
  0
LINE
  5
560
330
17
100
AcDbEntity
  8
9
 62
9
100
AcDbLine
 10
3134.1105
 20
2133.785877
 30
0.0
 11
3134.1105
 21
2254.411394
 31
0.0
  0
LINE
  5
561
330
17
100
AcDbEntity
  8
9
 62
9
100
AcDbLine
 10
3115.1105
 20
2244.411394
 30
0.0
 11
3134.1105
 21
2244.411394
 31
0.0
  0
LINE
  5
562
330
17
100
AcDbEntity
  8
2
 62
2
100
AcDbLine
 10
3111.574966
 20
2240.87586
 30
0.0
 11
3118.646034
 21
2247.946928
 31
0.0
  0
LINE
  5
563
330
17
100
AcDbEntity
  8
2
 62
2
100
AcDbLine
 10
2693.574966
 20
2240.87586
 30
0.0
 11
2700.646034
 21
2247.946928
 31
0.0
  0
LINE
  5
564
330
17
100
AcDbEntity
  8
9
 62
9
100
AcDbLine
 10
3115.1105
 20
2133.785877
 30
0.0
 11
3115.1105
 21
2254.411394
 31
0.0
  0
LINE
  5
565
330
17
100
AcDbEntity
  8
9
 62
9
100
AcDbLine
 10
2697.1105
 20
2244.411394
 30
0.0
 11
3115.1105
 21
2244.411394
 31
0.0
  0
LINE
  5
566
330
17
100
AcDbEntity
  8
2
 62
2
100
AcDbLine
 10
2693.574966
 20
2240.87586
 30
0.0
 11
2700.646034
 21
2247.946928
 31
0.0
  0
LINE
  5
567
330
17
100
AcDbEntity
  8
2
 62
2
100
AcDbLine
 10
2674.574966
 20
2240.87586
 30
0.0
 11
2681.646034
 21
2247.946928
 31
0.0
  0
LINE
  5
568
330
17
100
AcDbEntity
  8
9
 62
9
100
AcDbLine
 10
2697.1105
 20
2133.785877
 30
0.0
 11
2697.1105
 21
2254.411394
 31
0.0
  0
LINE
  5
569
330
17
100
AcDbEntity
  8
9
 62
9
100
AcDbLine
 10
2678.1105
 20
2244.411394
 30
0.0
 11
2697.1105
 21
2244.411394
 31
0.0
  0
LINE
  5
56A
330
17
100
AcDbEntity
  8
2
 62
2
100
AcDbLine
 10
2674.574966
 20
2240.87586
 30
0.0
 11
2681.646034
 21
2247.946928
 31
0.0
  0
LINE
  5
56B
330
17
100
AcDbEntity
  8
2
 62
2
100
AcDbLine
 10
2256.574966
 20
2240.87586
 30
0.0
 11
2263.646034
 21
2247.946928
 31
0.0
  0
LINE
  5
56C
330
17
100
AcDbEntity
  8
9
 62
9
100
AcDbLine
 10
2678.1105
 20
2133.785877
 30
0.0
 11
2678.1105
 21
2254.411394
 31
0.0
  0
LINE
  5
56D
330
17
100
AcDbEntity
  8
9
 62
9
100
AcDbLine
 10
2260.1105
 20
2244.411394
 30
0.0
 11
2678.1105
 21
2244.411394
 31
0.0
  0
LINE
  5
56E
330
17
100
AcDbEntity
  8
2
 62
2
100
AcDbLine
 10
2256.574966
 20
2240.87586
 30
0.0
 11
2263.646034
 21
2247.946928
 31
0.0
  0
LINE
  5
56F
330
17
100
AcDbEntity
  8
2
 62
2
100
AcDbLine
 10
2237.574966
 20
2240.87586
 30
0.0
 11
2244.646034
 21
2247.946928
 31
0.0
  0
LINE
  5
570
330
17
100
AcDbEntity
  8
9
 62
9
100
AcDbLine
 10
2260.1105
 20
2133.785877
 30
0.0
 11
2260.1105
 21
2254.411394
 31
0.0
  0
LINE
  5
571
330
17
100
AcDbEntity
  8
9
 62
9
100
AcDbLine
 10
2241.1105
 20
2244.411394
 30
0.0
 11
2260.1105
 21
2244.411394
 31
0.0
  0
LINE
  5
572
330
17
100
AcDbEntity
  8
2
 62
2
100
AcDbLine
 10
2237.574966
 20
2240.87586
 30
0.0
 11
2244.646034
 21
2247.946928
 31
0.0
  0
LINE
  5
573
330
17
100
AcDbEntity
  8
2
 62
2
100
AcDbLine
 10
1819.574966
 20
2240.87586
 30
0.0
 11
1826.646034
 21
2247.946928
 31
0.0
  0
LINE
  5
574
330
17
100
AcDbEntity
  8
9
 62
9
100
AcDbLine
 10
2241.1105
 20
2133.785877
 30
0.0
 11
2241.1105
 21
2254.411394
 31
0.0
  0
LINE
  5
575
330
17
100
AcDbEntity
  8
9
 62
9
100
AcDbLine
 10
1823.1105
 20
2244.411394
 30
0.0
 11
2241.1105
 21
2244.411394
 31
0.0
  0
LINE
  5
576
330
17
100
AcDbEntity
  8
2
 62
2
100
AcDbLine
 10
1819.574966
 20
2240.87586
 30
0.0
 11
1826.646034
 21
2247.946928
 31
0.0
  0
LINE
  5
577
330
17
100
AcDbEntity
  8
2
 62
2
100
AcDbLine
 10
1800.574966
 20
2240.87586
 30
0.0
 11
1807.646034
 21
2247.946928
 31
0.0
  0
LINE
  5
578
330
17
100
AcDbEntity
  8
9
 62
9
100
AcDbLine
 10
1823.1105
 20
2133.785877
 30
0.0
 11
1823.1105
 21
2254.411394
 31
0.0
  0
LINE
  5
579
330
17
100
AcDbEntity
  8
9
 62
9
100
AcDbLine
 10
1804.1105
 20
2244.411394
 30
0.0
 11
1823.1105
 21
2244.411394
 31
0.0
  0
LINE
  5
57A
330
17
100
AcDbEntity
  8
2
 62
2
100
AcDbLine
 10
1800.574966
 20
2240.87586
 30
0.0
 11
1807.646034
 21
2247.946928
 31
0.0
  0
LINE
  5
57B
330
17
100
AcDbEntity
  8
2
 62
2
100
AcDbLine
 10
1395.074966
 20
2240.87586
 30
0.0
 11
1402.146034
 21
2247.946928
 31
0.0
  0
LINE
  5
57C
330
17
100
AcDbEntity
  8
9
 62
9
100
AcDbLine
 10
1804.1105
 20
2133.785877
 30
0.0
 11
1804.1105
 21
2254.411394
 31
0.0
  0
LINE
  5
57D
330
17
100
AcDbEntity
  8
9
 62
9
100
AcDbLine
 10
1398.6105
 20
2244.411394
 30
0.0
 11
1804.1105
 21
2244.411394
 31
0.0
  0
LINE
  5
57E
330
17
100
AcDbEntity
  8
2
 62
2
100
AcDbLine
 10
1395.074966
 20
2240.87586
 30
0.0
 11
1402.146034
 21
2247.946928
 31
0.0
  0
LINE
  5
57F
330
17
100
AcDbEntity
  8
2
 62
2
100
AcDbLine
 10
1376.074966
 20
2240.87586
 30
0.0
 11
1383.146034
 21
2247.946928
 31
0.0
  0
LINE
  5
580
330
17
100
AcDbEntity
  8
9
 62
9
100
AcDbLine
 10
1398.6105
 20
2133.785877
 30
0.0
 11
1398.6105
 21
2254.411394
 31
0.0
  0
LINE
  5
581
330
17
100
AcDbEntity
  8
9
 62
9
100
AcDbLine
 10
1379.6105
 20
2133.785877
 30
0.0
 11
1379.6105
 21
2254.411394
 31
0.0
  0
LINE
  5
582
330
17
100
AcDbEntity
  8
9
 62
9
100
AcDbLine
 10
1379.6105
 20
2244.411394
 30
0.0
 11
1398.6105
 21
2244.411394
 31
0.0
  0
LINE
  5
583
330
17
100
AcDbEntity
  8
6
 62
6
100
AcDbLine
 10
1804.1105
 20
1930.815513
 30
0.0
 11
1823.1105
 21
1930.815513
 31
0.0
  0
LINE
  5
584
330
17
100
AcDbEntity
  8
6
 62
6
100
AcDbLine
 10
1823.1105
 20
1930.815513
 30
0.0
 11
1853.1105
 21
1930.815513
 31
0.0
  0
LINE
  5
585
330
17
100
AcDbEntity
  8
6
 62
6
100
AcDbLine
 10
1774.1105
 20
1930.815513
 30
0.0
 11
1804.1105
 21
1930.815513
 31
0.0
  0
LINE
  5
586
330
17
100
AcDbEntity
  8
6
 62
6
100
AcDbLine
 10
1774.1105
 20
1918.815513
 30
0.0
 11
1804.1105
 21
1918.815513
 31
0.0
  0
LINE
  5
587
330
17
100
AcDbEntity
  8
6
 62
6
100
AcDbLine
 10
1823.1105
 20
1918.815513
 30
0.0
 11
1853.1105
 21
1918.815513
 31
0.0
  0
LINE
  5
588
330
17
100
AcDbEntity
  8
6
 62
6
100
AcDbLine
 10
1804.1105
 20
1890.815513
 30
0.0
 11
1823.1105
 21
1890.815513
 31
0.0
  0
LINE
  5
589
330
17
100
AcDbEntity
  8
6
 62
6
100
AcDbLine
 10
1823.1105
 20
1890.815513
 30
0.0
 11
1823.1105
 21
1918.815513
 31
0.0
  0
LINE
  5
58A
330
17
100
AcDbEntity
  8
6
 62
6
100
AcDbLine
 10
1804.1105
 20
1890.815513
 30
0.0
 11
1804.1105
 21
1918.815513
 31
0.0
  0
LINE
  5
58B
330
17
100
AcDbEntity
  8
6
 62
6
100
AcDbLine
 10
1379.6105
 20
1931.815513
 30
0.0
 11
1379.6105
 21
1943.815513
 31
0.0
  0
LINE
  5
58C
330
17
100
AcDbEntity
  8
6
 62
6
100
AcDbLine
 10
1379.6105
 20
1931.815513
 30
0.0
 11
1398.6105
 21
1931.815513
 31
0.0
  0
LINE
  5
58D
330
17
100
AcDbEntity
  8
6
 62
6
100
AcDbLine
 10
1398.6105
 20
1931.815513
 30
0.0
 11
1428.6105
 21
1931.815513
 31
0.0
  0
LINE
  5
58E
330
17
100
AcDbEntity
  8
6
 62
6
100
AcDbLine
 10
1398.6105
 20
1943.815513
 30
0.0
 11
1428.6105
 21
1943.815513
 31
0.0
  0
LINE
  5
58F
330
17
100
AcDbEntity
  8
6
 62
6
100
AcDbLine
 10
1379.6105
 20
1968.815513
 30
0.0
 11
1398.6105
 21
1968.815513
 31
0.0
  0
LINE
  5
590
330
17
100
AcDbEntity
  8
6
 62
6
100
AcDbLine
 10
1398.6105
 20
1943.815513
 30
0.0
 11
1398.6105
 21
1968.815513
 31
0.0
  0
LINE
  5
591
330
17
100
AcDbEntity
  8
6
 62
6
100
AcDbLine
 10
1379.6105
 20
1943.815513
 30
0.0
 11
1379.6105
 21
1968.815513
 31
0.0
  0
LINE
  5
592
330
17
100
AcDbEntity
  8
3
 62
3
100
AcDbLine
 10
1398.6105
 20
1796.785877
 30
0.0
 11
1398.6105
 21
2068.785877
 31
0.0
  0
LINE
  5
593
330
17
100
AcDbEntity
  8
3
 62
3
100
AcDbLine
 10
1398.6105
 20
1748.785877
 30
0.0
 11
1398.6105
 21
1796.785877
 31
0.0
  0
LINE
  5
594
330
17
100
AcDbEntity
  8
3
 62
3
100
AcDbLine
 10
3134.1105
 20
1730.785877
 30
0.0
 11
3134.1105
 21
1861.285877
 31
0.0
  0
LINE
  5
595
330
17
100
AcDbEntity
  8
3
 62
3
100
AcDbLine
 10
3134.1105
 20
1477.785877
 30
0.0
 11
3134.1105
 21
1711.785877
 31
0.0
  0
LINE
  5
596
330
17
100
AcDbEntity
  8
3
 62
3
100
AcDbLine
 10
3115.1105
 20
1815.785877
 30
0.0
 11
3115.1105
 21
1861.285877
 31
0.0
  0
LINE
  5
597
330
17
100
AcDbEntity
  8
3
 62
3
100
AcDbLine
 10
3115.1105
 20
1477.785877
 30
0.0
 11
3115.1105
 21
1796.785877
 31
0.0
  0
LINE
  5
598
330
17
100
AcDbEntity
  8
6
 62
6
100
AcDbLine
 10
1497.674433
 20
1565.597399
 30
0.0
 11
1515.830924
 21
1548.411595
 31
0.0
  0
LINE
  5
599
330
17
100
AcDbEntity
  8
6
 62
6
100
AcDbLine
 10
1488.050517
 20
1555.429906
 30
0.0
 11
1497.674433
 21
1565.597399
 31
0.0
  0
LINE
  5
59A
330
17
100
AcDbEntity
  8
6
 62
6
100
AcDbLine
 10
1514.921909
 20
1529.99512
 30
0.0
 11
1488.050517
 21
1555.429906
 31
0.0
  0
LINE
  5
59B
330
17
100
AcDbEntity
  8
6
 62
6
100
AcDbLine
 10
1576.661295
 20
1533.519284
 30
0.0
 11
1545.857499
 21
1562.677075
 31
0.0
  0
LINE
  5
59C
330
17
100
AcDbEntity
  8
6
 62
6
100
AcDbLine
 10
1590.720607
 20
1548.372267
 30
0.0
 11
1551.201884
 21
1585.779302
 31
0.0
  0
LINE
  5
59D
330
17
100
AcDbEntity
  8
6
 62
6
100
AcDbLine
 10
1538.14058
 20
1571.980667
 30
0.0
 11
1551.201884
 21
1585.779302
 31
0.0
  0
LINE
  5
59E
330
17
100
AcDbEntity
  8
6
 62
6
100
AcDbLine
 10
1515.831041
 20
1548.411718
 30
0.0
 11
1538.14058
 21
1571.980667
 31
0.0
  0
LINE
  5
59F
330
17
100
AcDbEntity
  8
6
 62
6
100
AcDbLine
 10
1514.922347
 20
1529.995583
 30
0.0
 11
1545.857499
 21
1562.677075
 31
0.0
  0
LINE
  5
5A0
330
17
100
AcDbEntity
  8
3
 62
3
100
AcDbLine
 10
3308.1105
 20
1907.341409
 30
0.0
 11
3188.1105
 21
1907.341409
 31
0.0
  0
LINE
  5
5A1
330
17
100
AcDbEntity
  8
3
 62
3
100
AcDbLine
 10
3308.1105
 20
1934.341409
 30
0.0
 11
3188.1105
 21
1934.341409
 31
0.0
  0
LINE
  5
5A2
330
17
100
AcDbEntity
  8
3
 62
3
100
AcDbLine
 10
3308.1105
 20
1961.341409
 30
0.0
 11
3188.1105
 21
1961.341409
 31
0.0
  0
LINE
  5
5A3
330
17
100
AcDbEntity
  8
3
 62
3
100
AcDbLine
 10
3308.1105
 20
1988.341409
 30
0.0
 11
3188.1105
 21
1988.341409
 31
0.0
  0
LINE
  5
5A4
330
17
100
AcDbEntity
  8
3
 62
3
100
AcDbLine
 10
3308.1105
 20
2015.341409
 30
0.0
 11
3188.1105
 21
2015.341409
 31
0.0
  0
LINE
  5
5A5
330
17
100
AcDbEntity
  8
3
 62
3
100
AcDbLine
 10
3308.1105
 20
2042.341409
 30
0.0
 11
3188.1105
 21
2042.341409
 31
0.0
  0
LINE
  5
5A6
330
17
100
AcDbEntity
  8
3
 62
3
100
AcDbLine
 10
3308.1105
 20
1880.341409
 30
0.0
 11
3308.1105
 21
2042.341409
 31
0.0
  0
LINE
  5
5A7
330
17
100
AcDbEntity
  8
9
 62
9
100
AcDbLine
 10
1443.6105
 20
1796.785877
 30
0.0
 11
2953.6105
 21
1477.785877
 31
0.0
  0
LINE
  5
5A8
330
17
100
AcDbEntity
  8
9
 62
9
100
AcDbLine
 10
2953.6105
 20
1796.785877
 30
0.0
 11
1665.291712
 21
1477.785877
 31
0.0
  0
LINE
  5
5A9
330
17
100
AcDbEntity
  8
3
 62
3
100
AcDbLine
 10
2697.1105
 20
2109.785877
 30
0.0
 11
2697.1105
 21
1815.785877
 31
0.0
  0
LINE
  5
5AA
330
17
100
AcDbEntity
  8
3
 62
3
100
AcDbLine
 10
2678.1105
 20
2109.785877
 30
0.0
 11
2678.1105
 21
1815.785877
 31
0.0
  0
LINE
  5
5AB
330
17
100
AcDbEntity
  8
3
 62
3
100
AcDbLine
 10
2260.1105
 20
2109.785877
 30
0.0
 11
2260.1105
 21
1815.785877
 31
0.0
  0
LINE
  5
5AC
330
17
100
AcDbEntity
  8
3
 62
3
100
AcDbLine
 10
2241.1105
 20
2109.785877
 30
0.0
 11
2241.1105
 21
1815.785877
 31
0.0
  0
LINE
  5
5AD
330
17
100
AcDbEntity
  8
3
 62
3
100
AcDbLine
 10
1823.1105
 20
2109.785877
 30
0.0
 11
1823.1105
 21
1815.785877
 31
0.0
  0
LINE
  5
5AE
330
17
100
AcDbEntity
  8
3
 62
3
100
AcDbLine
 10
1804.1105
 20
2109.785877
 30
0.0
 11
1804.1105
 21
1815.785877
 31
0.0
  0
LINE
  5
5AF
330
17
100
AcDbEntity
  8
3
 62
3
100
AcDbLine
 10
1825.6105
 20
1425.785877
 30
0.0
 11
1645.382835
 21
1425.785877
 31
0.0
  0
LINE
  5
5B0
330
17
100
AcDbEntity
  8
6
 62
6
100
AcDbLine
 10
2396.61273
 20
1815.785877
 30
0.0
 11
2451.537807
 21
1815.785877
 31
0.0
  0
LINE
  5
5B1
330
17
100
AcDbEntity
  8
6
 62
6
100
AcDbLine
 10
2396.61273
 20
1815.785877
 30
0.0
 11
2396.61273
 21
1848.785877
 31
0.0
  0
LINE
  5
5B2
330
17
100
AcDbEntity
  8
6
 62
6
100
AcDbLine
 10
2384.61273
 20
1796.785877
 30
0.0
 11
2384.61273
 21
1848.785877
 31
0.0
  0
LINE
  5
5B3
330
17
100
AcDbEntity
  8
6
 62
6
100
AcDbLine
 10
2384.61273
 20
1796.785877
 30
0.0
 11
2451.537807
 21
1796.785877
 31
0.0
  0
LINE
  5
5B4
330
17
100
AcDbEntity
  8
3
 62
3
100
AcDbLine
 10
2262.6105
 20
1458.785877
 30
0.0
 11
2675.6105
 21
1458.785877
 31
0.0
  0
LINE
  5
5B5
330
17
100
AcDbEntity
  8
3
 62
3
100
AcDbLine
 10
1655.612495
 20
1458.785877
 30
0.0
 11
2238.6105
 21
1458.785877
 31
0.0
  0
LINE
  5
5B6
330
17
100
AcDbEntity
  8
6
 62
6
100
AcDbLine
 10
2396.61273
 20
1458.785877
 30
0.0
 11
2451.537807
 21
1458.785877
 31
0.0
  0
LINE
  5
5B7
330
17
100
AcDbEntity
  8
3
 62
3
100
AcDbLine
 10
2675.6105
 20
1411.785877
 30
0.0
 11
2262.6105
 21
1411.785877
 31
0.0
  0
LINE
  5
5B8
330
17
100
AcDbEntity
  8
3
 62
3
100
AcDbLine
 10
2675.6105
 20
1458.785877
 30
0.0
 11
3112.6105
 21
1458.785877
 31
0.0
  0
LINE
  5
5B9
330
17
100
AcDbEntity
  8
6
 62
6
100
AcDbLine
 10
2972.6105
 20
1601.001461
 30
0.0
 11
2972.6105
 21
1558.586244
 31
0.0
  0
LINE
  5
5BA
330
17
100
AcDbEntity
  8
6
 62
6
100
AcDbLine
 10
2953.6105
 20
1613.001461
 30
0.0
 11
2953.6105
 21
1558.586244
 31
0.0
  0
LINE
  5
5BB
330
17
100
AcDbEntity
  8
6
 62
6
100
AcDbLine
 10
2972.6105
 20
1613.001461
 30
0.0
 11
2953.6105
 21
1613.001461
 31
0.0
  0
LINE
  5
5BC
330
17
100
AcDbEntity
  8
6
 62
6
100
AcDbLine
 10
2972.6105
 20
1613.001461
 30
0.0
 11
3002.6105
 21
1613.001461
 31
0.0
  0
LINE
  5
5BD
330
17
100
AcDbEntity
  8
6
 62
6
100
AcDbLine
 10
2972.6105
 20
1601.001461
 30
0.0
 11
3002.6105
 21
1601.001461
 31
0.0
  0
LINE
  5
5BE
330
17
100
AcDbEntity
  8
3
 62
3
100
AcDbLine
 10
3369.110616
 20
1730.785877
 30
0.0
 11
3552.1105
 21
1730.785877
 31
0.0
  0
LINE
  5
5BF
330
17
100
AcDbEntity
  8
3
 62
3
100
AcDbLine
 10
3134.1105
 20
1730.785877
 30
0.0
 11
3350.110616
 21
1730.785877
 31
0.0
  0
LINE
  5
5C0
330
17
100
AcDbEntity
  8
6
 62
6
100
AcDbLine
 10
3571.1105
 20
1613.001461
 30
0.0
 11
3571.1105
 21
1601.001461
 31
0.0
  0
LINE
  5
5C1
330
17
100
AcDbEntity
  8
8
 62
8
100
AcDbLine
 10
3571.1105
 20
1613.001461
 30
0.0
 11
3571.1105
 21
1601.001461
 31
0.0
  0
LINE
  5
5C2
330
17
100
AcDbEntity
  8
3
 62
3
100
AcDbLine
 10
3134.1105
 20
2128.785877
 30
0.0
 11
3188.1105
 21
2128.785877
 31
0.0
  0
LINE
  5
5C3
330
17
100
AcDbEntity
  8
3
 62
3
100
AcDbLine
 10
3134.1105
 20
2109.785877
 30
0.0
 11
3188.1105
 21
2109.785877
 31
0.0
  0
LINE
  5
5C4
330
17
100
AcDbEntity
  8
3
 62
3
100
AcDbLine
 10
3188.1105
 20
1880.285877
 30
0.0
 11
3350.110616
 21
1880.285877
 31
0.0
  0
LINE
  5
5C5
330
17
100
AcDbEntity
  8
3
 62
3
100
AcDbLine
 10
3134.1105
 20
1880.285877
 30
0.0
 11
3169.1105
 21
1880.285877
 31
0.0
  0
LINE
  5
5C6
330
17
100
AcDbEntity
  8
3
 62
3
100
AcDbLine
 10
3350.110616
 20
1861.285877
 30
0.0
 11
3134.1105
 21
1861.285877
 31
0.0
  0
LINE
  5
5C7
330
17
100
AcDbEntity
  8
3
 62
3
100
AcDbLine
 10
3169.1105
 20
1880.285877
 30
0.0
 11
3169.1105
 21
2109.785877
 31
0.0
  0
LINE
  5
5C8
330
17
100
AcDbEntity
  8
3
 62
3
100
AcDbLine
 10
3350.110616
 20
1730.785877
 30
0.0
 11
3350.110616
 21
1861.285877
 31
0.0
  0
LINE
  5
5C9
330
17
100
AcDbEntity
  8
3
 62
3
100
AcDbLine
 10
3369.110616
 20
1730.785877
 30
0.0
 11
3369.110616
 21
1861.285877
 31
0.0
  0
LINE
  5
5CA
330
17
100
AcDbEntity
  8
3
 62
3
100
AcDbLine
 10
3134.1105
 20
1711.785877
 30
0.0
 11
3552.1105
 21
1711.785877
 31
0.0
  0
LINE
  5
5CB
330
17
100
AcDbEntity
  8
3
 62
3
100
AcDbLine
 10
3188.1105
 20
1880.285877
 30
0.0
 11
3188.1105
 21
2128.785877
 31
0.0
  0
LINE
  5
5CC
330
17
100
AcDbEntity
  8
9
 62
9
100
AcDbLine
 10
2907.6105
 20
1477.785877
 30
0.0
 11
2907.6105
 21
1552.787548
 31
0.0
  0
LINE
  5
5CD
330
17
100
AcDbEntity
  8
9
 62
9
100
AcDbLine
 10
2861.6105
 20
1477.785877
 30
0.0
 11
2861.6105
 21
1552.787548
 31
0.0
  0
LINE
  5
5CE
330
17
100
AcDbEntity
  8
9
 62
9
100
AcDbLine
 10
2815.6105
 20
1477.785877
 30
0.0
 11
2815.6105
 21
1552.787548
 31
0.0
  0
LINE
  5
5CF
330
17
100
AcDbEntity
  8
9
 62
9
100
AcDbLine
 10
2769.6105
 20
1477.785877
 30
0.0
 11
2769.6105
 21
1552.787548
 31
0.0
  0
LINE
  5
5D0
330
17
100
AcDbEntity
  8
9
 62
9
100
AcDbLine
 10
2723.6105
 20
1477.785877
 30
0.0
 11
2723.6105
 21
1552.787548
 31
0.0
  0
LINE
  5
5D1
330
17
100
AcDbEntity
  8
9
 62
9
100
AcDbLine
 10
2723.6105
 20
1552.787548
 30
0.0
 11
2953.6105
 21
1552.787548
 31
0.0
  0
LINE
  5
5D2
330
17
100
AcDbEntity
  8
6
 62
6
100
AcDbLine
 10
2396.61273
 20
2109.785877
 30
0.0
 11
2396.61273
 21
2077.244766
 31
0.0
  0
LINE
  5
5D3
330
17
100
AcDbEntity
  8
6
 62
6
100
AcDbLine
 10
2434.61273
 20
2109.785877
 30
0.0
 11
2396.61273
 21
2109.785877
 31
0.0
  0
LINE
  5
5D4
330
17
100
AcDbEntity
  8
6
 62
6
100
AcDbLine
 10
2434.61273
 20
2128.785877
 30
0.0
 11
2434.61273
 21
2109.785877
 31
0.0
  0
LINE
  5
5D5
330
17
100
AcDbEntity
  8
6
 62
6
100
AcDbLine
 10
2384.61273
 20
2128.785877
 30
0.0
 11
2434.61273
 21
2128.785877
 31
0.0
  0
LINE
  5
5D6
330
17
100
AcDbEntity
  8
6
 62
6
100
AcDbLine
 10
2384.61273
 20
2128.785877
 30
0.0
 11
2384.61273
 21
2077.244766
 31
0.0
  0
LINE
  5
5D7
330
17
100
AcDbEntity
  8
6
 62
6
100
AcDbLine
 10
2359.61273
 20
1425.785877
 30
0.0
 11
2384.61273
 21
1425.785877
 31
0.0
  0
LINE
  5
5D8
330
17
100
AcDbEntity
  8
6
 62
6
100
AcDbLine
 10
2359.61273
 20
1411.785877
 30
0.0
 11
2359.61273
 21
1425.785877
 31
0.0
  0
LINE
  5
5D9
330
17
100
AcDbEntity
  8
6
 62
6
100
AcDbLine
 10
2396.61273
 20
1411.785877
 30
0.0
 11
2359.61273
 21
1411.785877
 31
0.0
  0
LINE
  5
5DA
330
17
100
AcDbEntity
  8
6
 62
6
100
AcDbLine
 10
2396.61273
 20
1425.785877
 30
0.0
 11
2396.61273
 21
1411.785877
 31
0.0
  0
LINE
  5
5DB
330
17
100
AcDbEntity
  8
6
 62
6
100
AcDbLine
 10
2396.61273
 20
1425.785877
 30
0.0
 11
2396.61273
 21
1458.785877
 31
0.0
  0
LINE
  5
5DC
330
17
100
AcDbEntity
  8
6
 62
6
100
AcDbLine
 10
2384.61273
 20
1477.785877
 30
0.0
 11
2384.61273
 21
1425.785877
 31
0.0
  0
LINE
  5
5DD
330
17
100
AcDbEntity
  8
6
 62
6
100
AcDbLine
 10
2451.537807
 20
1477.785877
 30
0.0
 11
2384.61273
 21
1477.785877
 31
0.0
  0
LINE
  5
5DE
330
17
100
AcDbEntity
  8
9
 62
9
100
AcDbLine
 10
2384.61273
 20
1425.785877
 30
0.0
 11
2359.61273
 21
1425.785877
 31
0.0
  0
LINE
  5
5DF
330
17
100
AcDbEntity
  8
3
 62
3
100
AcDbLine
 10
1398.6105
 20
1728.216948
 30
0.0
 11
1424.61032
 21
1703.606432
 31
0.0
  0
LINE
  5
5E0
330
17
100
AcDbEntity
  8
3
 62
3
100
AcDbLine
 10
1443.6105
 20
1796.785877
 30
0.0
 11
2953.6105
 21
1796.785877
 31
0.0
  0
LINE
  5
5E1
330
17
100
AcDbEntity
  8
3
 62
3
100
AcDbLine
 10
1379.6105
 20
1796.785877
 30
0.0
 11
1424.6105
 21
1796.785877
 31
0.0
  0
LINE
  5
5E2
330
17
100
AcDbEntity
  8
3
 62
3
100
AcDbLine
 10
2972.6105
 20
1796.785877
 30
0.0
 11
3134.1105
 21
1796.785877
 31
0.0
  0
LINE
  5
5E3
330
17
100
AcDbEntity
  8
3
 62
3
100
AcDbLine
 10
2972.6105
 20
1477.785877
 30
0.0
 11
3112.6105
 21
1477.785877
 31
0.0
  0
LINE
  5
5E4
330
17
100
AcDbEntity
  8
3
 62
3
100
AcDbLine
 10
2972.6105
 20
1796.785877
 30
0.0
 11
2972.6105
 21
1477.785877
 31
0.0
  0
LINE
  5
5E5
330
17
100
AcDbEntity
  8
3
 62
3
100
AcDbLine
 10
1655.612495
 20
1458.785877
 30
0.0
 11
1398.6105
 21
1702.054941
 31
0.0
  0
LINE
  5
5E6
330
17
100
AcDbEntity
  8
3
 62
3
100
AcDbLine
 10
1424.6105
 20
1703.606432
 30
0.0
 11
1424.6105
 21
1796.785877
 31
0.0
  0
LINE
  5
5E7
330
17
100
AcDbEntity
  8
3
 62
3
100
AcDbLine
 10
1379.6105
 20
1815.785877
 30
0.0
 11
3134.1105
 21
1815.785877
 31
0.0
  0
LINE
  5
5E8
330
17
100
AcDbEntity
  8
3
 62
3
100
AcDbLine
 10
1443.6105
 20
1687.621528
 30
0.0
 11
1443.6105
 21
1796.785877
 31
0.0
  0
LINE
  5
5E9
330
17
100
AcDbEntity
  8
3
 62
3
100
AcDbLine
 10
2953.6105
 20
1796.785877
 30
0.0
 11
2953.6105
 21
1477.785877
 31
0.0
  0
LINE
  5
5EA
330
17
100
AcDbEntity
  8
9
 62
9
100
AcDbLine
 10
1186.042766
 20
1411.785877
 30
0.0
 11
1145.610661
 21
1411.785877
 31
0.0
  0
LINE
  5
5EB
330
17
100
AcDbEntity
  8
6
 62
6
100
AcDbLine
 10
3832.028605
 20
1633.904297
 30
0.0
 11
3821.70126
 21
1613.249601
 31
0.0
  0
LINE
  5
5EC
330
17
100
AcDbEntity
  8
6
 62
6
100
AcDbLine
 10
3832.028605
 20
1633.709145
 30
0.0
 11
3821.798809
 21
1613.249648
 31
0.0
  0
LINE
  5
5ED
330
17
100
AcDbEntity
  8
6
 62
6
100
AcDbLine
 10
3842.258354
 20
1613.249601
 30
0.0
 11
3832.028605
 21
1633.709199
 31
0.0
  0
LINE
  5
5EE
330
17
100
AcDbEntity
  8
6
 62
6
100
AcDbLine
 10
3842.258354
 20
1613.249648
 30
0.0
 11
3781.601651
 21
1613.249648
 31
0.0
  0
LINE
  5
5EF
330
17
100
AcDbEntity
  8
6
 62
6
100
AcDbLine
 10
3841.601654
 20
1614.7582
 30
0.0
 11
3822.455509
 21
1614.7582
 31
0.0
  0
LINE
  5
5F0
330
17
100
AcDbEntity
  8
6
 62
6
100
AcDbLine
 10
3840.803905
 20
1616.353697
 30
0.0
 11
3823.253305
 21
1616.353697
 31
0.0
  0
LINE
  5
5F1
330
17
100
AcDbEntity
  8
6
 62
6
100
AcDbLine
 10
3840.006156
 20
1617.9492
 30
0.0
 11
3824.051054
 21
1617.9492
 31
0.0
  0
LINE
  5
5F2
330
17
100
AcDbEntity
  8
6
 62
6
100
AcDbLine
 10
3839.208354
 20
1619.544698
 30
0.0
 11
3824.848803
 21
1619.544698
 31
0.0
  0
LINE
  5
5F3
330
17
100
AcDbEntity
  8
6
 62
6
100
AcDbLine
 10
3838.410606
 20
1621.140248
 30
0.0
 11
3825.646551
 21
1621.140248
 31
0.0
  0
LINE
  5
5F4
330
17
100
AcDbEntity
  8
6
 62
6
100
AcDbLine
 10
3837.612857
 20
1622.735745
 30
0.0
 11
3826.4443
 21
1622.735745
 31
0.0
  0
LINE
  5
5F5
330
17
100
AcDbEntity
  8
6
 62
6
100
AcDbLine
 10
3836.815103
 20
1624.331249
 30
0.0
 11
3827.24206
 21
1624.331249
 31
0.0
  0
LINE
  5
5F6
330
17
100
AcDbEntity
  8
6
 62
6
100
AcDbLine
 10
3836.017354
 20
1625.926746
 30
0.0
 11
3828.039809
 21
1625.926746
 31
0.0
  0
LINE
  5
5F7
330
17
100
AcDbEntity
  8
6
 62
6
100
AcDbLine
 10
3835.219605
 20
1627.522249
 30
0.0
 11
3828.837557
 21
1627.522249
 31
0.0
  0
LINE
  5
5F8
330
17
100
AcDbEntity
  8
6
 62
6
100
AcDbLine
 10
3834.421857
 20
1629.117746
 30
0.0
 11
3829.635306
 21
1629.117746
 31
0.0
  0
LINE
  5
5F9
330
17
100
AcDbEntity
  8
6
 62
6
100
AcDbLine
 10
3833.624102
 20
1630.713297
 30
0.0
 11
3830.433054
 21
1630.713297
 31
0.0
  0
LINE
  5
5FA
330
17
100
AcDbEntity
  8
6
 62
6
100
AcDbLine
 10
3832.826354
 20
1632.3088
 30
0.0
 11
3831.067403
 21
1632.3088
 31
0.0
  0
LINE
  5
5FB
330
17
100
AcDbEntity
  8
6
 62
6
100
AcDbLine
 10
3842.399402
 20
1613.162697
 30
0.0
 11
3832.028605
 21
1633.904297
 31
0.0
  0
LINE
  5
5FC
330
17
100
AcDbEntity
  8
6
 62
6
100
AcDbLine
 10
3781.601651
 20
1613.162697
 30
0.0
 11
3842.399402
 21
1613.162697
 31
0.0
  0
LINE
  5
5FD
330
17
100
AcDbEntity
  8
2
 62
2
100
AcDbLine
 10
1194.5783
 20
2004.250343
 30
0.0
 11
1187.507232
 21
2011.321411
 31
0.0
  0
LINE
  5
5FE
330
17
100
AcDbEntity
  8
9
 62
9
100
AcDbLine
 10
1197.473087
 20
2007.785877
 30
0.0
 11
1181.042766
 21
2007.785877
 31
0.0
  0
LINE
  5
5FF
330
17
100
AcDbEntity
  8
2
 62
2
100
AcDbLine
 10
1252.570067
 20
2125.250343
 30
0.0
 11
1245.498999
 21
2132.321411
 31
0.0
  0
LINE
  5
600
330
17
100
AcDbEntity
  8
9
 62
9
100
AcDbLine
 10
1268.938717
 20
2128.785877
 30
0.0
 11
1239.034533
 21
2128.785877
 31
0.0
  0
LINE
  5
601
330
17
100
AcDbEntity
  8
9
 62
9
100
AcDbLine
 10
1186.042766
 20
1411.785877
 30
0.0
 11
1139.504862
 21
1411.785877
 31
0.0
  0
LINE
  5
602
330
17
100
AcDbEntity
  8
2
 62
2
100
AcDbLine
 10
1187.507232
 20
1415.321411
 30
0.0
 11
1194.5783
 21
1408.250343
 31
0.0
  0
LINE
  5
603
330
17
100
AcDbEntity
  8
2
 62
2
100
AcDbLine
 10
1187.507232
 20
2011.321411
 30
0.0
 11
1194.5783
 21
2004.250343
 31
0.0
  0
LINE
  5
604
330
17
100
AcDbEntity
  8
9
 62
9
100
AcDbLine
 10
1244.034533
 20
1411.785877
 30
0.0
 11
1181.042766
 21
1411.785877
 31
0.0
  0
LINE
  5
605
330
17
100
AcDbEntity
  8
9
 62
9
100
AcDbLine
 10
1191.042766
 20
2007.785877
 30
0.0
 11
1191.042766
 21
1411.785877
 31
0.0
  0
LINE
  5
606
330
17
100
AcDbEntity
  8
2
 62
2
100
AcDbLine
 10
1187.507232
 20
2011.321411
 30
0.0
 11
1194.5783
 21
2004.250343
 31
0.0
  0
LINE
  5
607
330
17
100
AcDbEntity
  8
9
 62
9
100
AcDbLine
 10
1202.473087
 20
2007.785877
 30
0.0
 11
1181.042766
 21
2007.785877
 31
0.0
  0
LINE
  5
608
330
17
100
AcDbEntity
  8
2
 62
2
100
AcDbLine
 10
1252.570067
 20
2125.250343
 30
0.0
 11
1245.498999
 21
2132.321411
 31
0.0
  0
LINE
  5
609
330
17
100
AcDbEntity
  8
2
 62
2
100
AcDbLine
 10
1252.570067
 20
2125.250343
 30
0.0
 11
1245.498999
 21
2132.321411
 31
0.0
  0
LINE
  5
60A
330
17
100
AcDbEntity
  8
2
 62
2
100
AcDbLine
 10
1252.570067
 20
2065.250343
 30
0.0
 11
1245.498999
 21
2072.321411
 31
0.0
  0
LINE
  5
60B
330
17
100
AcDbEntity
  8
9
 62
9
100
AcDbLine
 10
1374.6105
 20
2128.785877
 30
0.0
 11
1239.034533
 21
2128.785877
 31
0.0
  0
LINE
  5
60C
330
17
100
AcDbEntity
  8
9
 62
9
100
AcDbLine
 10
1249.034533
 20
2068.785877
 30
0.0
 11
1249.034533
 21
2128.785877
 31
0.0
  0
LINE
  5
60D
330
17
100
AcDbEntity
  8
2
 62
2
100
AcDbLine
 10
1252.570067
 20
2065.250343
 30
0.0
 11
1245.498999
 21
2072.321411
 31
0.0
  0
LINE
  5
60E
330
17
100
AcDbEntity
  8
2
 62
2
100
AcDbLine
 10
1252.570067
 20
2004.250343
 30
0.0
 11
1245.498999
 21
2011.321411
 31
0.0
  0
LINE
  5
60F
330
17
100
AcDbEntity
  8
9
 62
9
100
AcDbLine
 10
1374.6105
 20
2068.785877
 30
0.0
 11
1239.034533
 21
2068.785877
 31
0.0
  0
LINE
  5
610
330
17
100
AcDbEntity
  8
9
 62
9
100
AcDbLine
 10
1249.034533
 20
2007.785877
 30
0.0
 11
1249.034533
 21
2068.785877
 31
0.0
  0
LINE
  5
611
330
17
100
AcDbEntity
  8
2
 62
2
100
AcDbLine
 10
1252.570067
 20
2004.250343
 30
0.0
 11
1245.498999
 21
2011.321411
 31
0.0
  0
LINE
  5
612
330
17
100
AcDbEntity
  8
2
 62
2
100
AcDbLine
 10
1252.570067
 20
1745.250343
 30
0.0
 11
1245.498999
 21
1752.321411
 31
0.0
  0
LINE
  5
613
330
17
100
AcDbEntity
  8
9
 62
9
100
AcDbLine
 10
1249.034533
 20
1748.785877
 30
0.0
 11
1249.034533
 21
2007.785877
 31
0.0
  0
LINE
  5
614
330
17
100
AcDbEntity
  8
2
 62
2
100
AcDbLine
 10
1252.570067
 20
1745.250343
 30
0.0
 11
1245.498999
 21
1752.321411
 31
0.0
  0
LINE
  5
615
330
17
100
AcDbEntity
  8
2
 62
2
100
AcDbLine
 10
1252.570067
 20
1685.250343
 30
0.0
 11
1245.498999
 21
1692.321411
 31
0.0
  0
LINE
  5
616
330
17
100
AcDbEntity
  8
9
 62
9
100
AcDbLine
 10
1374.6105
 20
1748.785877
 30
0.0
 11
1239.034533
 21
1748.785877
 31
0.0
  0
LINE
  5
617
330
17
100
AcDbEntity
  8
9
 62
9
100
AcDbLine
 10
1249.034533
 20
1688.785877
 30
0.0
 11
1249.034533
 21
1748.785877
 31
0.0
  0
LINE
  5
618
330
17
100
AcDbEntity
  8
2
 62
2
100
AcDbLine
 10
1252.570067
 20
1685.250343
 30
0.0
 11
1245.498999
 21
1692.321411
 31
0.0
  0
LINE
  5
619
330
17
100
AcDbEntity
  8
2
 62
2
100
AcDbLine
 10
1252.570067
 20
1654.541492
 30
0.0
 11
1245.498999
 21
1661.612559
 31
0.0
  0
LINE
  5
61A
330
17
100
AcDbEntity
  8
9
 62
9
100
AcDbLine
 10
1351.75907
 20
1688.785877
 30
0.0
 11
1239.034533
 21
1688.785877
 31
0.0
  0
LINE
  5
61B
330
17
100
AcDbEntity
  8
9
 62
9
100
AcDbLine
 10
1249.034533
 20
1658.077026
 30
0.0
 11
1249.034533
 21
1688.785877
 31
0.0
  0
LINE
  5
61C
330
17
100
AcDbEntity
  8
2
 62
2
100
AcDbLine
 10
1252.570067
 20
1654.541492
 30
0.0
 11
1245.498999
 21
1661.612559
 31
0.0
  0
LINE
  5
61D
330
17
100
AcDbEntity
  8
2
 62
2
100
AcDbLine
 10
1252.570067
 20
1408.250343
 30
0.0
 11
1245.498999
 21
1415.321411
 31
0.0
  0
LINE
  5
61E
330
17
100
AcDbEntity
  8
9
 62
9
100
AcDbLine
 10
1374.6105
 20
1658.077026
 30
0.0
 11
1239.034533
 21
1658.077026
 31
0.0
  0
LINE
  5
61F
330
17
100
AcDbEntity
  8
9
 62
9
100
AcDbLine
 10
1634.807693
 20
1411.785877
 30
0.0
 11
1239.034533
 21
1411.785877
 31
0.0
  0
LINE
  5
620
330
17
100
AcDbEntity
  8
9
 62
9
100
AcDbLine
 10
1249.034533
 20
1411.785877
 30
0.0
 11
1249.034533
 21
1658.077026
 31
0.0
  0
LINE
  5
621
330
17
100
AcDbEntity
  8
2
 62
2
100
AcDbLine
 10
3570.074966
 20
1304.198962
 30
0.0
 11
3577.146034
 21
1311.270029
 31
0.0
  0
LINE
  5
622
330
17
100
AcDbEntity
  8
2
 62
2
100
AcDbLine
 10
3570.074966
 20
1304.198962
 30
0.0
 11
3577.146034
 21
1311.270029
 31
0.0
  0
LINE
  5
623
330
17
100
AcDbEntity
  8
2
 62
2
100
AcDbLine
 10
3546.074966
 20
1304.198962
 30
0.0
 11
3553.146034
 21
1311.270029
 31
0.0
  0
LINE
  5
624
330
17
100
AcDbEntity
  8
9
 62
9
100
AcDbLine
 10
3573.6105
 20
1406.785877
 30
0.0
 11
3573.6105
 21
1297.734496
 31
0.0
  0
LINE
  5
625
330
17
100
AcDbEntity
  8
9
 62
9
100
AcDbLine
 10
3549.6105
 20
1307.734496
 30
0.0
 11
3573.6105
 21
1307.734496
 31
0.0
  0
LINE
  5
626
330
17
100
AcDbEntity
  8
2
 62
2
100
AcDbLine
 10
3546.074966
 20
1304.198962
 30
0.0
 11
3553.146034
 21
1311.270029
 31
0.0
  0
LINE
  5
627
330
17
100
AcDbEntity
  8
2
 62
2
100
AcDbLine
 10
3290.574966
 20
1304.198962
 30
0.0
 11
3297.646034
 21
1311.270029
 31
0.0
  0
LINE
  5
628
330
17
100
AcDbEntity
  8
9
 62
9
100
AcDbLine
 10
3549.6105
 20
1406.785877
 30
0.0
 11
3549.6105
 21
1297.734496
 31
0.0
  0
LINE
  5
629
330
17
100
AcDbEntity
  8
9
 62
9
100
AcDbLine
 10
3294.1105
 20
1307.734496
 30
0.0
 11
3549.6105
 21
1307.734496
 31
0.0
  0
LINE
  5
62A
330
17
100
AcDbEntity
  8
2
 62
2
100
AcDbLine
 10
3290.574966
 20
1304.198962
 30
0.0
 11
3297.646034
 21
1311.270029
 31
0.0
  0
LINE
  5
62B
330
17
100
AcDbEntity
  8
2
 62
2
100
AcDbLine
 10
3133.074966
 20
1304.198962
 30
0.0
 11
3140.146034
 21
1311.270029
 31
0.0
  0
LINE
  5
62C
330
17
100
AcDbEntity
  8
9
 62
9
100
AcDbLine
 10
3294.1105
 20
1300.100635
 30
0.0
 11
3294.1105
 21
1317.734496
 31
0.0
  0
LINE
  5
62D
330
17
100
AcDbEntity
  8
9
 62
9
100
AcDbLine
 10
3136.6105
 20
1307.734496
 30
0.0
 11
3294.1105
 21
1307.734496
 31
0.0
  0
LINE
  5
62E
330
17
100
AcDbEntity
  8
2
 62
2
100
AcDbLine
 10
3133.074966
 20
1304.198962
 30
0.0
 11
3140.146034
 21
1311.270029
 31
0.0
  0
LINE
  5
62F
330
17
100
AcDbEntity
  8
2
 62
2
100
AcDbLine
 10
3109.074966
 20
1304.198962
 30
0.0
 11
3116.146034
 21
1311.270029
 31
0.0
  0
LINE
  5
630
330
17
100
AcDbEntity
  8
9
 62
9
100
AcDbLine
 10
3136.6105
 20
1406.785877
 30
0.0
 11
3136.6105
 21
1297.734496
 31
0.0
  0
LINE
  5
631
330
17
100
AcDbEntity
  8
9
 62
9
100
AcDbLine
 10
3112.6105
 20
1307.734496
 30
0.0
 11
3136.6105
 21
1307.734496
 31
0.0
  0
LINE
  5
632
330
17
100
AcDbEntity
  8
2
 62
2
100
AcDbLine
 10
3109.074966
 20
1304.198962
 30
0.0
 11
3116.146034
 21
1311.270029
 31
0.0
  0
LINE
  5
633
330
17
100
AcDbEntity
  8
2
 62
2
100
AcDbLine
 10
2696.074966
 20
1304.198962
 30
0.0
 11
2703.146034
 21
1311.270029
 31
0.0
  0
LINE
  5
634
330
17
100
AcDbEntity
  8
9
 62
9
100
AcDbLine
 10
3112.6105
 20
1406.785877
 30
0.0
 11
3112.6105
 21
1297.734496
 31
0.0
  0
LINE
  5
635
330
17
100
AcDbEntity
  8
9
 62
9
100
AcDbLine
 10
2699.6105
 20
1307.734496
 30
0.0
 11
3112.6105
 21
1307.734496
 31
0.0
  0
LINE
  5
636
330
17
100
AcDbEntity
  8
2
 62
2
100
AcDbLine
 10
2696.074966
 20
1304.198962
 30
0.0
 11
2703.146034
 21
1311.270029
 31
0.0
  0
LINE
  5
637
330
17
100
AcDbEntity
  8
2
 62
2
100
AcDbLine
 10
2672.074966
 20
1304.198962
 30
0.0
 11
2679.146034
 21
1311.270029
 31
0.0
  0
LINE
  5
638
330
17
100
AcDbEntity
  8
9
 62
9
100
AcDbLine
 10
2699.6105
 20
1406.785877
 30
0.0
 11
2699.6105
 21
1297.734496
 31
0.0
  0
LINE
  5
639
330
17
100
AcDbEntity
  8
9
 62
9
100
AcDbLine
 10
2675.6105
 20
1307.734496
 30
0.0
 11
2699.6105
 21
1307.734496
 31
0.0
  0
LINE
  5
63A
330
17
100
AcDbEntity
  8
2
 62
2
100
AcDbLine
 10
2672.074966
 20
1304.198962
 30
0.0
 11
2679.146034
 21
1311.270029
 31
0.0
  0
LINE
  5
63B
330
17
100
AcDbEntity
  8
2
 62
2
100
AcDbLine
 10
2259.074966
 20
1304.198962
 30
0.0
 11
2266.146034
 21
1311.270029
 31
0.0
  0
LINE
  5
63C
330
17
100
AcDbEntity
  8
9
 62
9
100
AcDbLine
 10
2675.6105
 20
1406.785877
 30
0.0
 11
2675.6105
 21
1297.734496
 31
0.0
  0
LINE
  5
63D
330
17
100
AcDbEntity
  8
9
 62
9
100
AcDbLine
 10
2262.6105
 20
1307.734496
 30
0.0
 11
2675.6105
 21
1307.734496
 31
0.0
  0
LINE
  5
63E
330
17
100
AcDbEntity
  8
2
 62
2
100
AcDbLine
 10
2259.074966
 20
1304.198962
 30
0.0
 11
2266.146034
 21
1311.270029
 31
0.0
  0
LINE
  5
63F
330
17
100
AcDbEntity
  8
2
 62
2
100
AcDbLine
 10
2235.074966
 20
1304.198962
 30
0.0
 11
2242.146034
 21
1311.270029
 31
0.0
  0
LINE
  5
640
330
17
100
AcDbEntity
  8
9
 62
9
100
AcDbLine
 10
2262.6105
 20
1406.785877
 30
0.0
 11
2262.6105
 21
1297.734496
 31
0.0
  0
LINE
  5
641
330
17
100
AcDbEntity
  8
9
 62
9
100
AcDbLine
 10
2238.6105
 20
1307.734496
 30
0.0
 11
2262.6105
 21
1307.734496
 31
0.0
  0
LINE
  5
642
330
17
100
AcDbEntity
  8
2
 62
2
100
AcDbLine
 10
2235.074966
 20
1304.198962
 30
0.0
 11
2242.146034
 21
1311.270029
 31
0.0
  0
LINE
  5
643
330
17
100
AcDbEntity
  8
2
 62
2
100
AcDbLine
 10
1822.074966
 20
1304.198962
 30
0.0
 11
1829.146034
 21
1311.270029
 31
0.0
  0
LINE
  5
644
330
17
100
AcDbEntity
  8
9
 62
9
100
AcDbLine
 10
2238.6105
 20
1406.785877
 30
0.0
 11
2238.6105
 21
1297.734496
 31
0.0
  0
LINE
  5
645
330
17
100
AcDbEntity
  8
9
 62
9
100
AcDbLine
 10
1825.6105
 20
1307.734496
 30
0.0
 11
2238.6105
 21
1307.734496
 31
0.0
  0
LINE
  5
646
330
17
100
AcDbEntity
  8
2
 62
2
100
AcDbLine
 10
1822.074966
 20
1304.198962
 30
0.0
 11
1829.146034
 21
1311.270029
 31
0.0
  0
LINE
  5
647
330
17
100
AcDbEntity
  8
2
 62
2
100
AcDbLine
 10
1798.074966
 20
1304.198962
 30
0.0
 11
1805.146034
 21
1311.270029
 31
0.0
  0
LINE
  5
648
330
17
100
AcDbEntity
  8
9
 62
9
100
AcDbLine
 10
1825.6105
 20
1406.785877
 30
0.0
 11
1825.6105
 21
1297.734496
 31
0.0
  0
LINE
  5
649
330
17
100
AcDbEntity
  8
9
 62
9
100
AcDbLine
 10
1801.6105
 20
1307.734496
 30
0.0
 11
1825.6105
 21
1307.734496
 31
0.0
  0
LINE
  5
64A
330
17
100
AcDbEntity
  8
2
 62
2
100
AcDbLine
 10
1798.074966
 20
1304.198962
 30
0.0
 11
1805.146034
 21
1311.270029
 31
0.0
  0
LINE
  5
64B
330
17
100
AcDbEntity
  8
2
 62
2
100
AcDbLine
 10
1636.272159
 20
1304.198962
 30
0.0
 11
1643.343226
 21
1311.270029
 31
0.0
  0
LINE
  5
64C
330
17
100
AcDbEntity
  8
9
 62
9
100
AcDbLine
 10
1801.6105
 20
1406.785877
 30
0.0
 11
1801.6105
 21
1297.734496
 31
0.0
  0
LINE
  5
64D
330
17
100
AcDbEntity
  8
9
 62
9
100
AcDbLine
 10
1639.807693
 20
1307.734496
 30
0.0
 11
1801.6105
 21
1307.734496
 31
0.0
  0
LINE
  5
64E
330
17
100
AcDbEntity
  8
2
 62
2
100
AcDbLine
 10
1636.272159
 20
1304.198962
 30
0.0
 11
1643.343226
 21
1311.270029
 31
0.0
  0
LINE
  5
64F
330
17
100
AcDbEntity
  8
2
 62
2
100
AcDbLine
 10
1546.47126
 20
1304.198962
 30
0.0
 11
1553.542328
 21
1311.270029
 31
0.0
  0
LINE
  5
650
330
17
100
AcDbEntity
  8
9
 62
9
100
AcDbLine
 10
1639.807693
 20
1406.785877
 30
0.0
 11
1639.807693
 21
1297.734496
 31
0.0
  0
LINE
  5
651
330
17
100
AcDbEntity
  8
9
 62
9
100
AcDbLine
 10
1550.006794
 20
1307.734496
 30
0.0
 11
1639.807693
 21
1307.734496
 31
0.0
  0
LINE
  5
652
330
17
100
AcDbEntity
  8
2
 62
2
100
AcDbLine
 10
1546.47126
 20
1304.198962
 30
0.0
 11
1553.542328
 21
1311.270029
 31
0.0
  0
LINE
  5
653
330
17
100
AcDbEntity
  8
2
 62
2
100
AcDbLine
 10
1376.074966
 20
1304.198962
 30
0.0
 11
1383.146034
 21
1311.270029
 31
0.0
  0
LINE
  5
654
330
17
100
AcDbEntity
  8
9
 62
9
100
AcDbLine
 10
1550.006794
 20
1491.785877
 30
0.0
 11
1550.006794
 21
1297.734496
 31
0.0
  0
LINE
  5
655
330
17
100
AcDbEntity
  8
9
 62
9
100
AcDbLine
 10
1379.6105
 20
1653.077026
 30
0.0
 11
1379.6105
 21
1297.734496
 31
0.0
  0
LINE
  5
656
330
17
100
AcDbEntity
  8
9
 62
9
100
AcDbLine
 10
1379.6105
 20
1307.734496
 30
0.0
 11
1550.006794
 21
1307.734496
 31
0.0
  0
LINE
  5
657
330
17
100
AcDbEntity
  8
6
 62
6
100
AcDbLine
 10
1063.41106
 20
1781.272858
 30
0.0
 11
1073.738406
 21
1760.618162
 31
0.0
  0
LINE
  5
658
330
17
100
AcDbEntity
  8
6
 62
6
100
AcDbLine
 10
1063.41106
 20
1781.077707
 30
0.0
 11
1073.640857
 21
1760.61821
 31
0.0
  0
LINE
  5
659
330
17
100
AcDbEntity
  8
6
 62
6
100
AcDbLine
 10
1053.181312
 20
1760.618162
 30
0.0
 11
1063.41106
 21
1781.07776
 31
0.0
  0
LINE
  5
65A
330
17
100
AcDbEntity
  8
6
 62
6
100
AcDbLine
 10
1053.181312
 20
1760.61821
 30
0.0
 11
1113.838014
 21
1760.61821
 31
0.0
  0
LINE
  5
65B
330
17
100
AcDbEntity
  8
6
 62
6
100
AcDbLine
 10
1053.838012
 20
1762.126761
 30
0.0
 11
1072.984156
 21
1762.126761
 31
0.0
  0
LINE
  5
65C
330
17
100
AcDbEntity
  8
6
 62
6
100
AcDbLine
 10
1054.635761
 20
1763.722259
 30
0.0
 11
1072.18636
 21
1763.722259
 31
0.0
  0
LINE
  5
65D
330
17
100
AcDbEntity
  8
6
 62
6
100
AcDbLine
 10
1055.433509
 20
1765.317762
 30
0.0
 11
1071.388612
 21
1765.317762
 31
0.0
  0
LINE
  5
65E
330
17
100
AcDbEntity
  8
6
 62
6
100
AcDbLine
 10
1056.231311
 20
1766.913259
 30
0.0
 11
1070.590863
 21
1766.913259
 31
0.0
  0
LINE
  5
65F
330
17
100
AcDbEntity
  8
6
 62
6
100
AcDbLine
 10
1057.02906
 20
1768.50881
 30
0.0
 11
1069.793114
 21
1768.50881
 31
0.0
  0
LINE
  5
660
330
17
100
AcDbEntity
  8
6
 62
6
100
AcDbLine
 10
1057.826808
 20
1770.104307
 30
0.0
 11
1068.995366
 21
1770.104307
 31
0.0
  0
LINE
  5
661
330
17
100
AcDbEntity
  8
6
 62
6
100
AcDbLine
 10
1058.624563
 20
1771.69981
 30
0.0
 11
1068.197605
 21
1771.69981
 31
0.0
  0
LINE
  5
662
330
17
100
AcDbEntity
  8
6
 62
6
100
AcDbLine
 10
1059.422312
 20
1773.295307
 30
0.0
 11
1067.399857
 21
1773.295307
 31
0.0
  0
LINE
  5
663
330
17
100
AcDbEntity
  8
6
 62
6
100
AcDbLine
 10
1060.22006
 20
1774.89081
 30
0.0
 11
1066.602108
 21
1774.89081
 31
0.0
  0
LINE
  5
664
330
17
100
AcDbEntity
  8
6
 62
6
100
AcDbLine
 10
1061.017809
 20
1776.486307
 30
0.0
 11
1065.80436
 21
1776.486307
 31
0.0
  0
LINE
  5
665
330
17
100
AcDbEntity
  8
6
 62
6
100
AcDbLine
 10
1061.815563
 20
1778.081858
 30
0.0
 11
1065.006611
 21
1778.081858
 31
0.0
  0
LINE
  5
666
330
17
100
AcDbEntity
  8
6
 62
6
100
AcDbLine
 10
1062.613312
 20
1779.677361
 30
0.0
 11
1064.372263
 21
1779.677361
 31
0.0
  0
LINE
  5
667
330
17
100
AcDbEntity
  8
6
 62
6
100
AcDbLine
 10
1053.040263
 20
1760.531258
 30
0.0
 11
1063.41106
 21
1781.272858
 31
0.0
  0
LINE
  5
668
330
17
100
AcDbEntity
  8
6
 62
6
100
AcDbLine
 10
1113.838014
 20
1760.531258
 30
0.0
 11
1053.040263
 21
1760.531258
 31
0.0
  0
LINE
  5
669
330
17
100
AcDbEntity
  8
9
 62
9
100
AcDbLine
 10
3294.1105
 20
2345.18828
 30
0.0
 11
3294.1105
 21
1273.447468
 31
0.0
  0
LINE
  5
66A
330
17
100
AcDbEntity
  8
9
 62
9
100
AcDbLine
 10
1148.261743
 20
2007.785877
 30
0.0
 11
3876.012835
 21
2007.785877
 31
0.0
  0
LINE
  5
66B
330
17
100
AcDbEntity
  8
6
 62
6
100
AcDbLine
 10
3552.1105
 20
1613.001461
 30
0.0
 11
3571.1105
 21
1613.001461
 31
0.0
  0
LINE
  5
66C
330
17
100
AcDbEntity
  8
6
 62
6
100
AcDbLine
 10
3522.1105
 20
1613.001461
 30
0.0
 11
3552.1105
 21
1613.001461
 31
0.0
  0
LINE
  5
66D
330
17
100
AcDbEntity
  8
6
 62
6
100
AcDbLine
 10
3522.1105
 20
1601.001461
 30
0.0
 11
3552.1105
 21
1601.001461
 31
0.0
  0
LINE
  5
66E
330
17
100
AcDbEntity
  8
6
 62
6
100
AcDbLine
 10
3552.1105
 20
1573.001461
 30
0.0
 11
3571.1105
 21
1573.001461
 31
0.0
  0
LINE
  5
66F
330
17
100
AcDbEntity
  8
6
 62
6
100
AcDbLine
 10
3571.1105
 20
1573.001461
 30
0.0
 11
3571.1105
 21
1601.001461
 31
0.0
  0
LINE
  5
670
330
17
100
AcDbEntity
  8
6
 62
6
100
AcDbLine
 10
3552.1105
 20
1573.001461
 30
0.0
 11
3552.1105
 21
1601.001461
 31
0.0
  0
LINE
  5
671
330
17
100
AcDbEntity
  8
6
 62
6
100
AcDbLine
 10
3115.1105
 20
1613.001461
 30
0.0
 11
3134.1105
 21
1613.001461
 31
0.0
  0
LINE
  5
672
330
17
100
AcDbEntity
  8
6
 62
6
100
AcDbLine
 10
3134.1105
 20
1613.001461
 30
0.0
 11
3164.1105
 21
1613.001461
 31
0.0
  0
LINE
  5
673
330
17
100
AcDbEntity
  8
6
 62
6
100
AcDbLine
 10
3085.1105
 20
1613.001461
 30
0.0
 11
3115.1105
 21
1613.001461
 31
0.0
  0
LINE
  5
674
330
17
100
AcDbEntity
  8
6
 62
6
100
AcDbLine
 10
3085.1105
 20
1601.001461
 30
0.0
 11
3115.1105
 21
1601.001461
 31
0.0
  0
LINE
  5
675
330
17
100
AcDbEntity
  8
6
 62
6
100
AcDbLine
 10
3134.1105
 20
1601.001461
 30
0.0
 11
3164.1105
 21
1601.001461
 31
0.0
  0
LINE
  5
676
330
17
100
AcDbEntity
  8
6
 62
6
100
AcDbLine
 10
3115.1105
 20
1563.001461
 30
0.0
 11
3134.1105
 21
1563.001461
 31
0.0
  0
LINE
  5
677
330
17
100
AcDbEntity
  8
6
 62
6
100
AcDbLine
 10
3134.1105
 20
1563.001461
 30
0.0
 11
3134.1105
 21
1601.001461
 31
0.0
  0
LINE
  5
678
330
17
100
AcDbEntity
  8
6
 62
6
100
AcDbLine
 10
3115.1105
 20
1563.001461
 30
0.0
 11
3115.1105
 21
1601.001461
 31
0.0
  0
LINE
  5
679
330
17
100
AcDbEntity
  8
3
 62
3
100
AcDbLine
 10
3375.519245
 20
494.580257
 30
0.0
 11
3458.093511
 21
494.580257
 31
0.0
  0
LINE
  5
67A
330
17
100
AcDbEntity
  8
3
 62
3
100
AcDbLine
 10
3375.519245
 20
488.580257
 30
0.0
 11
3375.519245
 21
494.580257
 31
0.0
  0
LINE
  5
67B
330
17
100
AcDbEntity
  8
3
 62
3
100
AcDbLine
 10
3369.519245
 20
488.580257
 30
0.0
 11
3375.519245
 21
476.580257
 31
0.0
  0
LINE
  5
67C
330
17
100
AcDbEntity
  8
3
 62
3
100
AcDbLine
 10
3381.519245
 20
488.580257
 30
0.0
 11
3369.519245
 21
488.580257
 31
0.0
  0
LINE
  5
67D
330
17
100
AcDbEntity
  8
3
 62
3
100
AcDbLine
 10
3375.519245
 20
476.580257
 30
0.0
 11
3381.519245
 21
488.580257
 31
0.0
  0
LINE
  5
67E
330
17
100
AcDbEntity
  8
3
 62
3
100
AcDbLine
 10
1788.6105
 20
476.580257
 30
0.0
 11
1788.6105
 21
771.580257
 31
0.0
  0
LINE
  5
67F
330
17
100
AcDbEntity
  8
3
 62
3
100
AcDbLine
 10
1838.6105
 20
476.580257
 30
0.0
 11
1838.6105
 21
771.580257
 31
0.0
  0
LINE
  5
680
330
17
100
AcDbEntity
  8
3
 62
3
100
AcDbLine
 10
2678.1105
 20
476.580257
 30
0.0
 11
2678.1105
 21
746.580257
 31
0.0
  0
LINE
  5
681
330
17
100
AcDbEntity
  8
3
 62
3
100
AcDbLine
 10
2241.1105
 20
476.580257
 30
0.0
 11
2241.1105
 21
746.580257
 31
0.0
  0
LINE
  5
682
330
17
100
AcDbEntity
  8
3
 62
3
100
AcDbLine
 10
2260.1105
 20
476.580257
 30
0.0
 11
2260.1105
 21
746.580257
 31
0.0
  0
LINE
  5
683
330
17
100
AcDbEntity
  8
6
 62
6
100
AcDbLine
 10
2395.81681
 20
1053.65289
 30
0.0
 11
2683.201749
 21
1053.65289
 31
0.0
  0
LINE
  5
684
330
17
100
AcDbEntity
  8
6
 62
6
100
AcDbLine
 10
2395.81681
 20
1055.45093
 30
0.0
 11
2683.201749
 21
1055.45093
 31
0.0
  0
LINE
  5
685
330
17
100
AcDbEntity
  8
6
 62
6
100
AcDbLine
 10
4439.686120000001
 20
2014.05639
 30
0.0
 11
4657.951359
 21
2014.05639
 31
0.0
  0
LINE
  5
686
330
17
100
AcDbEntity
  8
6
 62
6
100
AcDbLine
 10
4439.686120000001
 20
2015.85443
 30
0.0
 11
4657.951359
 21
2015.85443
 31
0.0
  0
LINE
  5
687
330
17
100
AcDbEntity
  8
2
 62
2
100
AcDbLine
 10
4798.459867
 20
1857.738387
 30
0.0
 11
4791.388799
 21
1864.809455
 31
0.0
  0
LINE
  5
688
330
17
100
AcDbEntity
  8
2
 62
2
100
AcDbLine
 10
4798.459867
 20
1459.738387
 30
0.0
 11
4791.388799
 21
1466.809455
 31
0.0
  0
LINE
  5
689
330
17
100
AcDbEntity
  8
9
 62
9
100
AcDbLine
 10
4430.072129
 20
1861.273921
 30
0.0
 11
4804.924333
 21
1861.273921
 31
0.0
  0
LINE
  5
68A
330
17
100
AcDbEntity
  8
9
 62
9
100
AcDbLine
 10
4722.072129
 20
1463.273921
 30
0.0
 11
4804.924333
 21
1463.273921
 31
0.0
  0
LINE
  5
68B
330
17
100
AcDbEntity
  8
9
 62
9
100
AcDbLine
 10
4794.924333
 20
1463.273921
 30
0.0
 11
4794.924333
 21
1861.273921
 31
0.0
  0
LINE
  5
68C
330
17
100
AcDbEntity
  8
2
 62
2
100
AcDbLine
 10
4798.459867
 20
1459.738387
 30
0.0
 11
4791.388799
 21
1466.809455
 31
0.0
  0
LINE
  5
68D
330
17
100
AcDbEntity
  8
2
 62
2
100
AcDbLine
 10
4798.459867
 20
1421.738387
 30
0.0
 11
4791.388799
 21
1428.809455
 31
0.0
  0
LINE
  5
68E
330
17
100
AcDbEntity
  8
9
 62
9
100
AcDbLine
 10
4722.072129
 20
1463.273921
 30
0.0
 11
4804.924333
 21
1463.273921
 31
0.0
  0
LINE
  5
68F
330
17
100
AcDbEntity
  8
9
 62
9
100
AcDbLine
 10
4722.072129
 20
1425.273921
 30
0.0
 11
4804.924333
 21
1425.273921
 31
0.0
  0
LINE
  5
690
330
17
100
AcDbEntity
  8
9
 62
9
100
AcDbLine
 10
4794.924333
 20
1425.273921
 30
0.0
 11
4794.924333
 21
1463.273921
 31
0.0
  0
LINE
  5
691
330
17
100
AcDbEntity
  8
2
 62
2
100
AcDbLine
 10
4311.840745000001
 20
1857.738387
 30
0.0
 11
4304.769677
 21
1864.809455
 31
0.0
  0
LINE
  5
692
330
17
100
AcDbEntity
  8
2
 62
2
100
AcDbLine
 10
4311.840745000001
 20
1421.738387
 30
0.0
 11
4304.769677
 21
1428.809455
 31
0.0
  0
LINE
  5
693
330
17
100
AcDbEntity
  8
9
 62
9
100
AcDbLine
 10
4382.072129
 20
1861.273921
 30
0.0
 11
4298.305211
 21
1861.273921
 31
0.0
  0
LINE
  5
694
330
17
100
AcDbEntity
  8
9
 62
9
100
AcDbLine
 10
4382.072129
 20
1425.273921
 30
0.0
 11
4298.305211
 21
1425.273921
 31
0.0
  0
LINE
  5
695
330
17
100
AcDbEntity
  8
9
 62
9
100
AcDbLine
 10
4308.305211
 20
1425.273921
 30
0.0
 11
4308.305211
 21
1861.273921
 31
0.0
  0
LINE
  5
696
330
17
100
AcDbEntity
  8
2
 62
2
100
AcDbLine
 10
4713.536595
 20
1344.578095
 30
0.0
 11
4720.607663
 21
1351.649163
 31
0.0
  0
LINE
  5
697
330
17
100
AcDbEntity
  8
2
 62
2
100
AcDbLine
 10
4383.536595
 20
1344.578095
 30
0.0
 11
4390.607663
 21
1351.649163
 31
0.0
  0
LINE
  5
698
330
17
100
AcDbEntity
  8
9
 62
9
100
AcDbLine
 10
4717.072129
 20
1420.273921
 30
0.0
 11
4717.072129
 21
1338.113629
 31
0.0
  0
LINE
  5
699
330
17
100
AcDbEntity
  8
9
 62
9
100
AcDbLine
 10
4387.072129
 20
1420.273921
 30
0.0
 11
4387.072129
 21
1338.113629
 31
0.0
  0
LINE
  5
69A
330
17
100
AcDbEntity
  8
9
 62
9
100
AcDbLine
 10
4387.072129
 20
1348.113629
 30
0.0
 11
4717.072129
 21
1348.113629
 31
0.0
  0
LINE
  5
69B
330
17
100
AcDbEntity
  8
2
 62
2
100
AcDbLine
 10
4713.536595
 20
1919.02973
 30
0.0
 11
4720.607663
 21
1926.100798
 31
0.0
  0
LINE
  5
69C
330
17
100
AcDbEntity
  8
2
 62
2
100
AcDbLine
 10
4421.536595
 20
1919.02973
 30
0.0
 11
4428.607663
 21
1926.100798
 31
0.0
  0
LINE
  5
69D
330
17
100
AcDbEntity
  8
9
 62
9
100
AcDbLine
 10
4717.072129
 20
1468.273921
 30
0.0
 11
4717.072129
 21
1932.565264
 31
0.0
  0
LINE
  5
69E
330
17
100
AcDbEntity
  8
9
 62
9
100
AcDbLine
 10
4425.072129
 20
1866.273921
 30
0.0
 11
4425.072129
 21
1932.565264
 31
0.0
  0
LINE
  5
69F
330
17
100
AcDbEntity
  8
9
 62
9
100
AcDbLine
 10
4425.072129
 20
1922.565264
 30
0.0
 11
4717.072129
 21
1922.565264
 31
0.0
  0
LINE
  5
6A0
330
17
100
AcDbEntity
  8
2
 62
2
100
AcDbLine
 10
4421.536595
 20
1919.02973
 30
0.0
 11
4428.607663
 21
1926.100798
 31
0.0
  0
LINE
  5
6A1
330
17
100
AcDbEntity
  8
2
 62
2
100
AcDbLine
 10
4383.536595
 20
1919.02973
 30
0.0
 11
4390.607663
 21
1926.100798
 31
0.0
  0
LINE
  5
6A2
330
17
100
AcDbEntity
  8
9
 62
9
100
AcDbLine
 10
4425.072129
 20
1866.273921
 30
0.0
 11
4425.072129
 21
1932.565264
 31
0.0
  0
LINE
  5
6A3
330
17
100
AcDbEntity
  8
9
 62
9
100
AcDbLine
 10
4387.072129
 20
1866.273921
 30
0.0
 11
4387.072129
 21
1932.565264
 31
0.0
  0
LINE
  5
6A4
330
17
100
AcDbEntity
  8
9
 62
9
100
AcDbLine
 10
4387.072129
 20
1922.565264
 30
0.0
 11
4425.072129
 21
1922.565264
 31
0.0
  0
LINE
  5
6A5
330
17
100
AcDbEntity
  8
3
 62
3
100
AcDbLine
 10
4321.353331000001
 20
240.910092
 30
0.0
 11
4321.353331000001
 21
190.910592
 31
0.0
  0
LINE
  5
6A6
330
17
100
AcDbEntity
  8
9
 62
9
100
AcDbLine
 10
5914.844546
 20
1323.178163
 30
0.0
 11
5030.612688
 21
1323.178163
 31
0.0
  0
LINE
  5
6A7
330
17
100
AcDbEntity
  8
9
 62
9
100
AcDbLine
 10
5914.844546
 20
1398.969465
 30
0.0
 11
5030.612688
 21
1398.969465
 31
0.0
  0
LINE
  5
6A8
330
17
100
AcDbEntity
  8
3
 62
3
100
AcDbLine
 10
1692.873506
 20
240.910092
 30
0.0
 11
1692.873506
 21
190.910592
 31
0.0
  0
LINE
  5
6A9
330
17
100
AcDbEntity
  8
9
 62
9
100
AcDbLine
 10
5914.844546
 20
1373.705698
 30
0.0
 11
5030.612688
 21
1373.705698
 31
0.0
  0
LINE
  5
6AA
330
17
100
AcDbEntity
  8
3
 62
3
100
AcDbLine
 10
2627.357615
 20
240.910092
 30
0.0
 11
2627.357615
 21
190.910592
 31
0.0
  0
LINE
  5
6AB
330
17
100
AcDbEntity
  8
3
 62
3
100
AcDbLine
 10
3561.841723
 20
240.910092
 30
0.0
 11
3561.841723
 21
190.910592
 31
0.0
  0
LINE
  5
6AC
330
17
100
AcDbEntity
  8
3
 62
3
100
AcDbLine
 10
5030.612688
 20
240.912167
 30
0.0
 11
5030.612688
 21
190.912667
 31
0.0
  0
LINE
  5
6AD
330
17
100
AcDbEntity
  8
3
 62
3
100
AcDbLine
 10
5030.612688
 20
240.912167
 30
0.0
 11
5030.612688
 21
190.912667
 31
0.0
  0
LINE
  5
6AE
330
17
100
AcDbEntity
  8
9
 62
9
100
AcDbLine
 10
5761.856366
 20
1247.386861
 30
0.0
 11
5761.856366
 21
1474.760767
 31
0.0
  0
LINE
  5
6AF
330
17
100
AcDbEntity
  8
9
 62
9
100
AcDbLine
 10
5221.582658
 20
1247.386861
 30
0.0
 11
5221.582658
 21
1474.760767
 31
0.0
  0
LINE
  5
6B0
330
17
100
AcDbEntity
  8
9
 62
9
100
AcDbLine
 10
5105.646077
 20
1474.760767
 30
0.0
 11
5105.646077
 21
1247.386861
 31
0.0
  0
LINE
  5
6B1
330
17
100
AcDbEntity
  8
9
 62
9
100
AcDbLine
 10
5915.101203
 20
1525.288302
 30
0.0
 11
5030.612688
 21
1525.288302
 31
0.0
  0
LINE
  5
6B2
330
17
100
AcDbEntity
  8
9
 62
9
100
AcDbLine
 10
5915.101203
 20
1474.760767
 30
0.0
 11
5030.612688
 21
1474.760767
 31
0.0
  0
LINE
  5
6B3
330
17
100
AcDbEntity
  8
9
 62
9
100
AcDbLine
 10
5914.844546
 20
1449.497
 30
0.0
 11
5030.612688
 21
1449.497
 31
0.0
  0
LINE
  5
6B4
330
17
100
AcDbEntity
  8
9
 62
9
100
AcDbLine
 10
5914.844546
 20
1424.233233
 30
0.0
 11
5030.612688
 21
1424.233233
 31
0.0
  0
LINE
  5
6B5
330
17
100
AcDbEntity
  8
9
 62
9
100
AcDbLine
 10
5914.844546
 20
1348.441931
 30
0.0
 11
5030.612688
 21
1348.441931
 31
0.0
  0
LINE
  5
6B6
330
17
100
AcDbEntity
  8
9
 62
9
100
AcDbLine
 10
5914.844546
 20
1297.914396
 30
0.0
 11
5030.612688
 21
1297.914396
 31
0.0
  0
LINE
  5
6B7
330
17
100
AcDbEntity
  8
9
 62
9
100
AcDbLine
 10
5914.844546
 20
1272.650629
 30
0.0
 11
5030.612688
 21
1272.650629
 31
0.0
  0
LINE
  5
6B8
330
17
100
AcDbEntity
  8
1
 62
1
100
AcDbLine
 10
5914.844546
 20
1247.386861
 30
0.0
 11
5030.612688
 21
1247.386861
 31
0.0
  0
LINE
  5
6B9
330
17
100
AcDbEntity
  8
1
 62
1
100
AcDbLine
 10
5965.096797
 20
2178.283899
 30
0.0
 11
5914.844774
 21
2178.283899
 31
0.0
  0
LINE
  5
6BA
330
17
100
AcDbEntity
  8
1
 62
1
100
AcDbLine
 10
5202.13739
 20
629.762559
 30
0.0
 11
5181.1376
 21
629.762559
 31
0.0
  0
LINE
  5
6BB
330
17
100
AcDbEntity
  8
1
 62
1
100
AcDbLine
 10
5202.13739
 20
599.460128
 30
0.0
 11
5202.13739
 21
629.762559
 31
0.0
  0
LINE
  5
6BC
330
17
100
AcDbEntity
  8
1
 62
1
100
AcDbLine
 10
5232.437868
 20
629.762559
 30
0.0
 11
5202.13739
 21
599.460128
 31
0.0
  0
LINE
  5
6BD
330
17
100
AcDbEntity
  8
1
 62
1
100
AcDbLine
 10
5259.937593
 20
629.762559
 30
0.0
 11
5232.437868
 21
629.762559
 31
0.0
  0
LINE
  5
6BE
330
17
100
AcDbEntity
  8
1
 62
1
100
AcDbLine
 10
5259.937593
 20
597.262884
 30
0.0
 11
5259.937593
 21
629.762559
 31
0.0
  0
LINE
  5
6BF
330
17
100
AcDbEntity
  8
1
 62
1
100
AcDbLine
 10
5288.220513
 20
625.545805
 30
0.0
 11
5259.937593
 21
597.262884
 31
0.0
  0
LINE
  5
6C0
330
17
100
AcDbEntity
  8
1
 62
1
100
AcDbLine
 10
5288.220513
 20
595.846883
 30
0.0
 11
5288.220513
 21
625.545805
 31
0.0
  0
LINE
  5
6C1
330
17
100
AcDbEntity
  8
1
 62
1
100
AcDbLine
 10
5262.13679
 20
569.763159
 30
0.0
 11
5288.220513
 21
595.846883
 31
0.0
  0
LINE
  5
6C2
330
17
100
AcDbEntity
  8
1
 62
1
100
AcDbLine
 10
5241.137
 20
569.763159
 30
0.0
 11
5262.13679
 21
569.763159
 31
0.0
  0
LINE
  5
6C3
330
17
100
AcDbEntity
  8
1
 62
1
100
AcDbLine
 10
5241.137
 20
608.760816
 30
0.0
 11
5241.137
 21
569.763159
 31
0.0
  0
LINE
  5
6C4
330
17
100
AcDbEntity
  8
1
 62
1
100
AcDbLine
 10
5202.13739
 20
569.763159
 30
0.0
 11
5241.137
 21
608.760816
 31
0.0
  0
LINE
  5
6C5
330
17
100
AcDbEntity
  8
1
 62
1
100
AcDbLine
 10
5181.1376
 20
569.763159
 30
0.0
 11
5202.13739
 21
569.763159
 31
0.0
  0
LINE
  5
6C6
330
17
100
AcDbEntity
  8
1
 62
1
100
AcDbLine
 10
5181.1376
 20
629.762559
 30
0.0
 11
5181.1376
 21
569.763159
 31
0.0
  0
LINE
  5
6C7
330
17
100
AcDbEntity
  8
1
 62
1
100
AcDbLine
 10
5270.164053
 20
555.634394
 30
0.0
 11
5270.164053
 21
559.882399
 31
0.0
  0
LINE
  5
6C8
330
17
100
AcDbEntity
  8
1
 62
1
100
AcDbLine
 10
5270.164053
 20
548.382514
 30
0.0
 11
5270.164053
 21
552.634424
 31
0.0
  0
LINE
  5
6C9
330
17
100
AcDbEntity
  8
1
 62
1
100
AcDbLine
 10
5266.16214
 20
547.609084
 30
0.0
 11
5270.164053
 21
551.610997
 31
0.0
  0
LINE
  5
6CA
330
17
100
AcDbEntity
  8
1
 62
1
100
AcDbLine
 10
5271.009748
 20
559.882399
 30
0.0
 11
5274.011671
 21
562.882369
 31
0.0
  0
LINE
  5
6CB
330
17
100
AcDbEntity
  8
1
 62
1
100
AcDbLine
 10
5266.16214
 20
555.036744
 30
0.0
 11
5270.164053
 21
559.034751
 31
0.0
  0
LINE
  5
6CC
330
17
100
AcDbEntity
  8
1
 62
1
100
AcDbLine
 10
5271.183574
 20
552.634424
 30
0.0
 11
5274.185497
 21
555.634394
 31
0.0
  0
LINE
  5
6CD
330
17
100
AcDbEntity
  8
1
 62
1
100
AcDbLine
 10
5276.662035
 20
552.634424
 30
0.0
 11
5270.164053
 21
552.634424
 31
0.0
  0
LINE
  5
6CE
330
17
100
AcDbEntity
  8
1
 62
1
100
AcDbLine
 10
5276.662035
 20
555.634394
 30
0.0
 11
5270.164053
 21
555.634394
 31
0.0
  0
LINE
  5
6CF
330
17
100
AcDbEntity
  8
1
 62
1
100
AcDbLine
 10
5276.662035
 20
548.382514
 30
0.0
 11
5270.164053
 21
548.382514
 31
0.0
  0
LINE
  5
6D0
330
17
100
AcDbEntity
  8
1
 62
1
100
AcDbLine
 10
5276.662035
 20
545.382544
 30
0.0
 11
5276.662035
 21
548.382514
 31
0.0
  0
LINE
  5
6D1
330
17
100
AcDbEntity
  8
1
 62
1
100
AcDbLine
 10
5272.070284
 20
559.882399
 30
0.0
 11
5275.072207
 21
562.882369
 31
0.0
  0
LINE
  5
6D2
330
17
100
AcDbEntity
  8
1
 62
1
100
AcDbLine
 10
5266.16214
 20
553.976208
 30
0.0
 11
5270.164053
 21
557.976168
 31
0.0
  0
LINE
  5
6D3
330
17
100
AcDbEntity
  8
1
 62
1
100
AcDbLine
 10
5276.662035
 20
559.882399
 30
0.0
 11
5270.164053
 21
559.882399
 31
0.0
  0
LINE
  5
6D4
330
17
100
AcDbEntity
  8
1
 62
1
100
AcDbLine
 10
5276.662035
 20
562.882369
 30
0.0
 11
5276.662035
 21
559.882399
 31
0.0
  0
LINE
  5
6D5
330
17
100
AcDbEntity
  8
1
 62
1
100
AcDbLine
 10
5266.16214
 20
562.460498
 30
0.0
 11
5266.587917
 21
562.882369
 31
0.0
  0
LINE
  5
6D6
330
17
100
AcDbEntity
  8
1
 62
1
100
AcDbLine
 10
5266.16214
 20
561.398009
 30
0.0
 11
5267.6465
 21
562.882369
 31
0.0
  0
LINE
  5
6D7
330
17
100
AcDbEntity
  8
1
 62
1
100
AcDbLine
 10
5266.16214
 20
560.339425
 30
0.0
 11
5268.707037
 21
562.882369
 31
0.0
  0
LINE
  5
6D8
330
17
100
AcDbEntity
  8
1
 62
1
100
AcDbLine
 10
5266.16214
 20
559.280842
 30
0.0
 11
5269.767573
 21
562.882369
 31
0.0
  0
LINE
  5
6D9
330
17
100
AcDbEntity
  8
1
 62
1
100
AcDbLine
 10
5266.16214
 20
558.218353
 30
0.0
 11
5270.828109
 21
562.882369
 31
0.0
  0
LINE
  5
6DA
330
17
100
AcDbEntity
  8
1
 62
1
100
AcDbLine
 10
5266.16214
 20
557.155864
 30
0.0
 11
5271.888645
 21
562.882369
 31
0.0
  0
LINE
  5
6DB
330
17
100
AcDbEntity
  8
1
 62
1
100
AcDbLine
 10
5266.16214
 20
556.09728
 30
0.0
 11
5272.949182
 21
562.882369
 31
0.0
  0
LINE
  5
6DC
330
17
100
AcDbEntity
  8
1
 62
1
100
AcDbLine
 10
5273.130821
 20
559.882399
 30
0.0
 11
5276.130791
 21
562.882369
 31
0.0
  0
LINE
  5
6DD
330
17
100
AcDbEntity
  8
1
 62
1
100
AcDbLine
 10
5266.16214
 20
552.913718
 30
0.0
 11
5270.164053
 21
556.913678
 31
0.0
  0
LINE
  5
6DE
330
17
100
AcDbEntity
  8
1
 62
1
100
AcDbLine
 10
5274.191357
 20
559.882399
 30
0.0
 11
5276.662035
 21
562.353077
 31
0.0
  0
LINE
  5
6DF
330
17
100
AcDbEntity
  8
1
 62
1
100
AcDbLine
 10
5266.16214
 20
551.853182
 30
0.0
 11
5270.164053
 21
555.855095
 31
0.0
  0
LINE
  5
6E0
330
17
100
AcDbEntity
  8
1
 62
1
100
AcDbLine
 10
5275.251893
 20
559.882399
 30
0.0
 11
5276.662035
 21
561.292541
 31
0.0
  0
LINE
  5
6E1
330
17
100
AcDbEntity
  8
1
 62
1
100
AcDbLine
 10
5266.16214
 20
550.792646
 30
0.0
 11
5271.003889
 21
555.634394
 31
0.0
  0
LINE
  5
6E2
330
17
100
AcDbEntity
  8
1
 62
1
100
AcDbLine
 10
5276.312429
 20
559.882399
 30
0.0
 11
5276.662035
 21
560.232005
 31
0.0
  0
LINE
  5
6E3
330
17
100
AcDbEntity
  8
1
 62
1
100
AcDbLine
 10
5266.16214
 20
549.734063
 30
0.0
 11
5272.064425
 21
555.634394
 31
0.0
  0
LINE
  5
6E4
330
17
100
AcDbEntity
  8
1
 62
1
100
AcDbLine
 10
5266.16214
 20
548.671573
 30
0.0
 11
5273.124961
 21
555.634394
 31
0.0
  0
LINE
  5
6E5
330
17
100
AcDbEntity
  8
1
 62
1
100
AcDbLine
 10
5266.16214
 20
546.904013
 30
0.0
 11
5270.164053
 21
550.905926
 31
0.0
  0
LINE
  5
6E6
330
17
100
AcDbEntity
  8
1
 62
1
100
AcDbLine
 10
5272.244111
 20
552.634424
 30
0.0
 11
5275.246034
 21
555.634394
 31
0.0
  0
LINE
  5
6E7
330
17
100
AcDbEntity
  8
1
 62
1
100
AcDbLine
 10
5266.16214
 20
545.843477
 30
0.0
 11
5270.164053
 21
549.843437
 31
0.0
  0
LINE
  5
6E8
330
17
100
AcDbEntity
  8
1
 62
1
100
AcDbLine
 10
5273.304647
 20
552.634424
 30
0.0
 11
5276.30657
 21
555.634394
 31
0.0
  0
LINE
  5
6E9
330
17
100
AcDbEntity
  8
1
 62
1
100
AcDbLine
 10
5266.763697
 20
545.382544
 30
0.0
 11
5270.164053
 21
548.780947
 31
0.0
  0
LINE
  5
6EA
330
17
100
AcDbEntity
  8
1
 62
1
100
AcDbLine
 10
5274.365183
 20
552.634424
 30
0.0
 11
5276.662035
 21
554.929323
 31
0.0
  0
LINE
  5
6EB
330
17
100
AcDbEntity
  8
1
 62
1
100
AcDbLine
 10
5267.824233
 20
545.382544
 30
0.0
 11
5270.824203
 21
548.382514
 31
0.0
  0
LINE
  5
6EC
330
17
100
AcDbEntity
  8
1
 62
1
100
AcDbLine
 10
5275.427673
 20
552.634424
 30
0.0
 11
5276.662035
 21
553.87074
 31
0.0
  0
LINE
  5
6ED
330
17
100
AcDbEntity
  8
1
 62
1
100
AcDbLine
 10
5268.884769
 20
545.382544
 30
0.0
 11
5271.884739
 21
548.382514
 31
0.0
  0
LINE
  5
6EE
330
17
100
AcDbEntity
  8
1
 62
1
100
AcDbLine
 10
5276.486256
 20
552.634424
 30
0.0
 11
5276.662035
 21
552.810204
 31
0.0
  0
LINE
  5
6EF
330
17
100
AcDbEntity
  8
1
 62
1
100
AcDbLine
 10
5269.945305
 20
545.382544
 30
0.0
 11
5272.945275
 21
548.382514
 31
0.0
  0
LINE
  5
6F0
330
17
100
AcDbEntity
  8
1
 62
1
100
AcDbLine
 10
5271.005842
 20
545.382544
 30
0.0
 11
5274.005812
 21
548.382514
 31
0.0
  0
LINE
  5
6F1
330
17
100
AcDbEntity
  8
1
 62
1
100
AcDbLine
 10
5272.066378
 20
545.382544
 30
0.0
 11
5275.066348
 21
548.382514
 31
0.0
  0
LINE
  5
6F2
330
17
100
AcDbEntity
  8
1
 62
1
100
AcDbLine
 10
5273.126914
 20
545.382544
 30
0.0
 11
5276.126884
 21
548.382514
 31
0.0
  0
LINE
  5
6F3
330
17
100
AcDbEntity
  8
1
 62
1
100
AcDbLine
 10
5274.187451
 20
545.382544
 30
0.0
 11
5276.662035
 21
547.859081
 31
0.0
  0
LINE
  5
6F4
330
17
100
AcDbEntity
  8
1
 62
1
100
AcDbLine
 10
5275.247987
 20
545.382544
 30
0.0
 11
5276.662035
 21
546.800498
 31
0.0
  0
LINE
  5
6F5
330
17
100
AcDbEntity
  8
1
 62
1
100
AcDbLine
 10
5276.308523
 20
545.382544
 30
0.0
 11
5276.662035
 21
545.738009
 31
0.0
  0
LINE
  5
6F6
330
17
100
AcDbEntity
  8
1
 62
1
100
AcDbLine
 10
5266.16214
 20
562.882369
 30
0.0
 11
5266.16214
 21
545.382544
 31
0.0
  0
LINE
  5
6F7
330
17
100
AcDbEntity
  8
1
 62
1
100
AcDbLine
 10
5276.662035
 20
562.882369
 30
0.0
 11
5266.16214
 21
562.882369
 31
0.0
  0
LINE
  5
6F8
330
17
100
AcDbEntity
  8
1
 62
1
100
AcDbLine
 10
5276.662035
 20
560.232005
 30
0.0
 11
5276.662035
 21
562.882369
 31
0.0
  0
LINE
  5
6F9
330
17
100
AcDbEntity
  8
1
 62
1
100
AcDbLine
 10
5276.662035
 20
552.634424
 30
0.0
 11
5276.662035
 21
555.634394
 31
0.0
  0
LINE
  5
6FA
330
17
100
AcDbEntity
  8
1
 62
1
100
AcDbLine
 10
5276.662035
 20
545.382544
 30
0.0
 11
5276.662035
 21
547.859081
 31
0.0
  0
LINE
  5
6FB
330
17
100
AcDbEntity
  8
1
 62
1
100
AcDbLine
 10
5266.16214
 20
545.382544
 30
0.0
 11
5276.662035
 21
545.382544
 31
0.0
  0
LINE
  5
6FC
330
17
100
AcDbEntity
  8
1
 62
1
100
AcDbLine
 10
5242.664328
 20
555.634394
 30
0.0
 11
5242.664328
 21
559.882399
 31
0.0
  0
LINE
  5
6FD
330
17
100
AcDbEntity
  8
1
 62
1
100
AcDbLine
 10
5242.664328
 20
548.382514
 30
0.0
 11
5242.664328
 21
552.634424
 31
0.0
  0
LINE
  5
6FE
330
17
100
AcDbEntity
  8
1
 62
1
100
AcDbLine
 10
5238.662415
 20
547.609084
 30
0.0
 11
5242.664328
 21
551.610997
 31
0.0
  0
LINE
  5
6FF
330
17
100
AcDbEntity
  8
1
 62
1
100
AcDbLine
 10
5243.511976
 20
559.882399
 30
0.0
 11
5246.511946
 21
562.882369
 31
0.0
  0
LINE
  5
700
330
17
100
AcDbEntity
  8
1
 62
1
100
AcDbLine
 10
5238.662415
 20
555.036744
 30
0.0
 11
5242.664328
 21
559.034751
 31
0.0
  0
LINE
  5
701
330
17
100
AcDbEntity
  8
1
 62
1
100
AcDbLine
 10
5243.685802
 20
552.634424
 30
0.0
 11
5246.685772
 21
555.634394
 31
0.0
  0
LINE
  5
702
330
17
100
AcDbEntity
  8
1
 62
1
100
AcDbLine
 10
5249.16231
 20
552.634424
 30
0.0
 11
5242.664328
 21
552.634424
 31
0.0
  0
LINE
  5
703
330
17
100
AcDbEntity
  8
1
 62
1
100
AcDbLine
 10
5249.16231
 20
555.634394
 30
0.0
 11
5242.664328
 21
555.634394
 31
0.0
  0
LINE
  5
704
330
17
100
AcDbEntity
  8
1
 62
1
100
AcDbLine
 10
5249.16231
 20
548.382514
 30
0.0
 11
5242.664328
 21
548.382514
 31
0.0
  0
LINE
  5
705
330
17
100
AcDbEntity
  8
1
 62
1
100
AcDbLine
 10
5249.16231
 20
545.382544
 30
0.0
 11
5249.16231
 21
548.382514
 31
0.0
  0
LINE
  5
706
330
17
100
AcDbEntity
  8
1
 62
1
100
AcDbLine
 10
5244.570559
 20
559.882399
 30
0.0
 11
5247.572482
 21
562.882369
 31
0.0
  0
LINE
  5
707
330
17
100
AcDbEntity
  8
1
 62
1
100
AcDbLine
 10
5238.662415
 20
553.976208
 30
0.0
 11
5242.664328
 21
557.976168
 31
0.0
  0
LINE
  5
708
330
17
100
AcDbEntity
  8
1
 62
1
100
AcDbLine
 10
5249.16231
 20
559.882399
 30
0.0
 11
5242.664328
 21
559.882399
 31
0.0
  0
LINE
  5
709
330
17
100
AcDbEntity
  8
1
 62
1
100
AcDbLine
 10
5249.16231
 20
562.882369
 30
0.0
 11
5249.16231
 21
559.882399
 31
0.0
  0
LINE
  5
70A
330
17
100
AcDbEntity
  8
1
 62
1
100
AcDbLine
 10
5238.662415
 20
562.460498
 30
0.0
 11
5239.086239
 21
562.882369
 31
0.0
  0
LINE
  5
70B
330
17
100
AcDbEntity
  8
1
 62
1
100
AcDbLine
 10
5238.662415
 20
561.398009
 30
0.0
 11
5240.146775
 21
562.882369
 31
0.0
  0
LINE
  5
70C
330
17
100
AcDbEntity
  8
1
 62
1
100
AcDbLine
 10
5238.662415
 20
560.339425
 30
0.0
 11
5241.209265
 21
562.882369
 31
0.0
  0
LINE
  5
70D
330
17
100
AcDbEntity
  8
1
 62
1
100
AcDbLine
 10
5238.662415
 20
559.280842
 30
0.0
 11
5242.269801
 21
562.882369
 31
0.0
  0
LINE
  5
70E
330
17
100
AcDbEntity
  8
1
 62
1
100
AcDbLine
 10
5238.662415
 20
558.218353
 30
0.0
 11
5243.330337
 21
562.882369
 31
0.0
  0
LINE
  5
70F
330
17
100
AcDbEntity
  8
1
 62
1
100
AcDbLine
 10
5238.662415
 20
557.155864
 30
0.0
 11
5244.38892
 21
562.882369
 31
0.0
  0
LINE
  5
710
330
17
100
AcDbEntity
  8
1
 62
1
100
AcDbLine
 10
5238.662415
 20
556.09728
 30
0.0
 11
5245.449457
 21
562.882369
 31
0.0
  0
LINE
  5
711
330
17
100
AcDbEntity
  8
1
 62
1
100
AcDbLine
 10
5245.633049
 20
559.882399
 30
0.0
 11
5248.633019
 21
562.882369
 31
0.0
  0
LINE
  5
712
330
17
100
AcDbEntity
  8
1
 62
1
100
AcDbLine
 10
5238.662415
 20
552.913718
 30
0.0
 11
5242.664328
 21
556.913678
 31
0.0
  0
LINE
  5
713
330
17
100
AcDbEntity
  8
1
 62
1
100
AcDbLine
 10
5246.693585
 20
559.882399
 30
0.0
 11
5249.16231
 21
562.353077
 31
0.0
  0
LINE
  5
714
330
17
100
AcDbEntity
  8
1
 62
1
100
AcDbLine
 10
5238.662415
 20
551.853182
 30
0.0
 11
5242.664328
 21
555.855095
 31
0.0
  0
LINE
  5
715
330
17
100
AcDbEntity
  8
1
 62
1
100
AcDbLine
 10
5247.752168
 20
559.882399
 30
0.0
 11
5249.16231
 21
561.292541
 31
0.0
  0
LINE
  5
716
330
17
100
AcDbEntity
  8
1
 62
1
100
AcDbLine
 10
5238.662415
 20
550.792646
 30
0.0
 11
5243.504164
 21
555.634394
 31
0.0
  0
LINE
  5
717
330
17
100
AcDbEntity
  8
1
 62
1
100
AcDbLine
 10
5248.814657
 20
559.882399
 30
0.0
 11
5249.16231
 21
560.232005
 31
0.0
  0
LINE
  5
718
330
17
100
AcDbEntity
  8
1
 62
1
100
AcDbLine
 10
5238.662415
 20
549.734063
 30
0.0
 11
5244.566653
 21
555.634394
 31
0.0
  0
LINE
  5
719
330
17
100
AcDbEntity
  8
1
 62
1
100
AcDbLine
 10
5238.662415
 20
548.671573
 30
0.0
 11
5245.627189
 21
555.634394
 31
0.0
  0
LINE
  5
71A
330
17
100
AcDbEntity
  8
1
 62
1
100
AcDbLine
 10
5238.662415
 20
546.904013
 30
0.0
 11
5242.664328
 21
550.905926
 31
0.0
  0
LINE
  5
71B
330
17
100
AcDbEntity
  8
1
 62
1
100
AcDbLine
 10
5244.746339
 20
552.634424
 30
0.0
 11
5247.746309
 21
555.634394
 31
0.0
  0
LINE
  5
71C
330
17
100
AcDbEntity
  8
1
 62
1
100
AcDbLine
 10
5238.662415
 20
545.843477
 30
0.0
 11
5242.664328
 21
549.843437
 31
0.0
  0
LINE
  5
71D
330
17
100
AcDbEntity
  8
1
 62
1
100
AcDbLine
 10
5245.804922
 20
552.634424
 30
0.0
 11
5248.808798
 21
555.634394
 31
0.0
  0
LINE
  5
71E
330
17
100
AcDbEntity
  8
1
 62
1
100
AcDbLine
 10
5239.263972
 20
545.382544
 30
0.0
 11
5242.664328
 21
548.780947
 31
0.0
  0
LINE
  5
71F
330
17
100
AcDbEntity
  8
1
 62
1
100
AcDbLine
 10
5246.865458
 20
552.634424
 30
0.0
 11
5249.16231
 21
554.929323
 31
0.0
  0
LINE
  5
720
330
17
100
AcDbEntity
  8
1
 62
1
100
AcDbLine
 10
5240.324508
 20
545.382544
 30
0.0
 11
5243.324478
 21
548.382514
 31
0.0
  0
LINE
  5
721
330
17
100
AcDbEntity
  8
1
 62
1
100
AcDbLine
 10
5247.927948
 20
552.634424
 30
0.0
 11
5249.16231
 21
553.87074
 31
0.0
  0
LINE
  5
722
330
17
100
AcDbEntity
  8
1
 62
1
100
AcDbLine
 10
5241.385044
 20
545.382544
 30
0.0
 11
5244.385014
 21
548.382514
 31
0.0
  0
LINE
  5
723
330
17
100
AcDbEntity
  8
1
 62
1
100
AcDbLine
 10
5248.988484
 20
552.634424
 30
0.0
 11
5249.16231
 21
552.810204
 31
0.0
  0
LINE
  5
724
330
17
100
AcDbEntity
  8
1
 62
1
100
AcDbLine
 10
5242.44558
 20
545.382544
 30
0.0
 11
5245.44555
 21
548.382514
 31
0.0
  0
LINE
  5
725
330
17
100
AcDbEntity
  8
1
 62
1
100
AcDbLine
 10
5243.506117
 20
545.382544
 30
0.0
 11
5246.506087
 21
548.382514
 31
0.0
  0
LINE
  5
726
330
17
100
AcDbEntity
  8
1
 62
1
100
AcDbLine
 10
5244.568606
 20
545.382544
 30
0.0
 11
5247.566623
 21
548.382514
 31
0.0
  0
LINE
  5
727
330
17
100
AcDbEntity
  8
1
 62
1
100
AcDbLine
 10
5245.629142
 20
545.382544
 30
0.0
 11
5248.627159
 21
548.382514
 31
0.0
  0
LINE
  5
728
330
17
100
AcDbEntity
  8
1
 62
1
100
AcDbLine
 10
5246.687726
 20
545.382544
 30
0.0
 11
5249.16231
 21
547.859081
 31
0.0
  0
LINE
  5
729
330
17
100
AcDbEntity
  8
1
 62
1
100
AcDbLine
 10
5247.748262
 20
545.382544
 30
0.0
 11
5249.16231
 21
546.800498
 31
0.0
  0
LINE
  5
72A
330
17
100
AcDbEntity
  8
1
 62
1
100
AcDbLine
 10
5248.808798
 20
545.382544
 30
0.0
 11
5249.16231
 21
545.738009
 31
0.0
  0
LINE
  5
72B
330
17
100
AcDbEntity
  8
1
 62
1
100
AcDbLine
 10
5238.662415
 20
562.882369
 30
0.0
 11
5238.662415
 21
545.382544
 31
0.0
  0
LINE
  5
72C
330
17
100
AcDbEntity
  8
1
 62
1
100
AcDbLine
 10
5249.16231
 20
562.882369
 30
0.0
 11
5238.662415
 21
562.882369
 31
0.0
  0
LINE
  5
72D
330
17
100
AcDbEntity
  8
1
 62
1
100
AcDbLine
 10
5249.16231
 20
560.232005
 30
0.0
 11
5249.16231
 21
562.882369
 31
0.0
  0
LINE
  5
72E
330
17
100
AcDbEntity
  8
1
 62
1
100
AcDbLine
 10
5249.16231
 20
552.634424
 30
0.0
 11
5249.16231
 21
555.634394
 31
0.0
  0
LINE
  5
72F
330
17
100
AcDbEntity
  8
1
 62
1
100
AcDbLine
 10
5249.16231
 20
545.382544
 30
0.0
 11
5249.16231
 21
547.859081
 31
0.0
  0
LINE
  5
730
330
17
100
AcDbEntity
  8
1
 62
1
100
AcDbLine
 10
5238.662415
 20
545.382544
 30
0.0
 11
5249.16231
 21
545.382544
 31
0.0
  0
LINE
  5
731
330
17
100
AcDbEntity
  8
1
 62
1
100
AcDbLine
 10
5212.664628
 20
555.634394
 30
0.0
 11
5212.664628
 21
559.882399
 31
0.0
  0
LINE
  5
732
330
17
100
AcDbEntity
  8
1
 62
1
100
AcDbLine
 10
5212.664628
 20
548.382514
 30
0.0
 11
5212.664628
 21
552.634424
 31
0.0
  0
LINE
  5
733
330
17
100
AcDbEntity
  8
1
 62
1
100
AcDbLine
 10
5208.664668
 20
547.609084
 30
0.0
 11
5212.664628
 21
551.610997
 31
0.0
  0
LINE
  5
734
330
17
100
AcDbEntity
  8
1
 62
1
100
AcDbLine
 10
5213.512276
 20
559.882399
 30
0.0
 11
5216.510293
 21
562.882369
 31
0.0
  0
LINE
  5
735
330
17
100
AcDbEntity
  8
1
 62
1
100
AcDbLine
 10
5208.664668
 20
555.036744
 30
0.0
 11
5212.664628
 21
559.034751
 31
0.0
  0
LINE
  5
736
330
17
100
AcDbEntity
  8
1
 62
1
100
AcDbLine
 10
5213.686102
 20
552.634424
 30
0.0
 11
5216.688026
 21
555.634394
 31
0.0
  0
LINE
  5
737
330
17
100
AcDbEntity
  8
1
 62
1
100
AcDbLine
 10
5219.164563
 20
552.634424
 30
0.0
 11
5212.664628
 21
552.634424
 31
0.0
  0
LINE
  5
738
330
17
100
AcDbEntity
  8
1
 62
1
100
AcDbLine
 10
5219.164563
 20
555.634394
 30
0.0
 11
5212.664628
 21
555.634394
 31
0.0
  0
LINE
  5
739
330
17
100
AcDbEntity
  8
1
 62
1
100
AcDbLine
 10
5219.164563
 20
548.382514
 30
0.0
 11
5212.664628
 21
548.382514
 31
0.0
  0
LINE
  5
73A
330
17
100
AcDbEntity
  8
1
 62
1
100
AcDbLine
 10
5219.164563
 20
545.382544
 30
0.0
 11
5219.164563
 21
548.382514
 31
0.0
  0
LINE
  5
73B
330
17
100
AcDbEntity
  8
1
 62
1
100
AcDbLine
 10
5214.572812
 20
559.882399
 30
0.0
 11
5217.570829
 21
562.882369
 31
0.0
  0
LINE
  5
73C
330
17
100
AcDbEntity
  8
1
 62
1
100
AcDbLine
 10
5208.664668
 20
553.976208
 30
0.0
 11
5212.664628
 21
557.976168
 31
0.0
  0
LINE
  5
73D
330
17
100
AcDbEntity
  8
1
 62
1
100
AcDbLine
 10
5219.164563
 20
559.882399
 30
0.0
 11
5212.664628
 21
559.882399
 31
0.0
  0
LINE
  5
73E
330
17
100
AcDbEntity
  8
1
 62
1
100
AcDbLine
 10
5219.164563
 20
562.882369
 30
0.0
 11
5219.164563
 21
559.882399
 31
0.0
  0
LINE
  5
73F
330
17
100
AcDbEntity
  8
1
 62
1
100
AcDbLine
 10
5330.077517
 20
562.882369
 30
0.0
 11
5326.927158
 21
559.730057
 31
0.0
  0
LINE
  5
740
330
17
100
AcDbEntity
  8
1
 62
1
100
AcDbLine
 10
5326.02287
 20
559.730057
 30
0.0
 11
5326.02287
 21
554.534796
 31
0.0
  0
LINE
  5
741
330
17
100
AcDbEntity
  8
1
 62
1
100
AcDbLine
 10
5327.757227
 20
554.534796
 30
0.0
 11
5326.02287
 21
554.534796
 31
0.0
  0
LINE
  5
742
330
17
100
AcDbEntity
  8
1
 62
1
100
AcDbLine
 10
5326.02287
 20
559.730057
 30
0.0
 11
5327.757227
 21
559.730057
 31
0.0
  0
LINE
  5
743
330
17
100
AcDbEntity
  8
1
 62
1
100
AcDbLine
 10
5328.90956
 20
559.593339
 30
0.0
 11
5332.0482
 21
562.73198
 31
0.0
  0
LINE
  5
744
330
17
100
AcDbEntity
  8
1
 62
1
100
AcDbLine
 10
5329.599006
 20
559.222249
 30
0.0
 11
5332.794286
 21
562.41753
 31
0.0
  0
LINE
  5
745
330
17
100
AcDbEntity
  8
1
 62
1
100
AcDbLine
 10
5330.128297
 20
558.691004
 30
0.0
 11
5333.460295
 21
562.023002
 31
0.0
  0
LINE
  5
746
330
17
100
AcDbEntity
  8
1
 62
1
100
AcDbLine
 10
5330.497434
 20
557.997652
 30
0.0
 11
5334.055992
 21
561.560116
 31
0.0
  0
LINE
  5
747
330
17
100
AcDbEntity
  8
1
 62
1
100
AcDbLine
 10
5330.643917
 20
557.085552
 30
0.0
 11
5334.583331
 21
561.024965
 31
0.0
  0
LINE
  5
748
330
17
100
AcDbEntity
  8
1
 62
1
100
AcDbLine
 10
5321.522915
 20
546.904013
 30
0.0
 11
5335.042311
 21
560.421456
 31
0.0
  0
LINE
  5
749
330
17
100
AcDbEntity
  8
1
 62
1
100
AcDbLine
 10
5326.354898
 20
549.61297
 30
0.0
 11
5335.73371
 21
558.991783
 31
0.0
  0
LINE
  5
74A
330
17
100
AcDbEntity
  8
1
 62
1
100
AcDbLine
 10
5321.522915
 20
545.843477
 30
0.0
 11
5335.427073
 21
559.749588
 31
0.0
  0
LINE
  5
74B
330
17
100
AcDbEntity
  8
1
 62
1
100
AcDbLine
 10
5326.938876
 20
549.136412
 30
0.0
 11
5335.942692
 21
558.142182
 31
0.0
  0
LINE
  5
74C
330
17
100
AcDbEntity
  8
1
 62
1
100
AcDbLine
 10
5330.165406
 20
551.306313
 30
0.0
 11
5336.02277
 21
557.15977
 31
0.0
  0
LINE
  5
74D
330
17
100
AcDbEntity
  8
1
 62
1
100
AcDbLine
 10
5331.350941
 20
551.429358
 30
0.0
 11
5335.899724
 21
555.976188
 31
0.0
  0
LINE
  5
74E
330
17
100
AcDbEntity
  8
1
 62
1
100
AcDbLine
 10
5333.056002
 20
552.073883
 30
0.0
 11
5335.251293
 21
554.269174
 31
0.0
  0
LINE
  5
74F
330
17
100
AcDbEntity
  8
1
 62
1
100
AcDbLine
 10
5321.522915
 20
554.327767
 30
0.0
 11
5326.02287
 21
558.831628
 31
0.0
  0
LINE
  5
750
330
17
100
AcDbEntity
  8
1
 62
1
100
AcDbLine
 10
5321.522915
 20
547.966502
 30
0.0
 11
5328.07949
 21
554.521124
 31
0.0
  0
LINE
  5
751
330
17
100
AcDbEntity
  8
1
 62
1
100
AcDbLine
 10
5328.001366
 20
559.745681
 30
0.0
 11
5331.140006
 21
562.882369
 31
0.0
  0
LINE
  5
752
330
17
100
AcDbEntity
  8
1
 62
1
100
AcDbLine
 10
5321.522915
 20
553.269184
 30
0.0
 11
5326.02287
 21
557.769139
 31
0.0
  0
LINE
  5
753
330
17
100
AcDbEntity
  8
1
 62
1
100
AcDbLine
 10
5321.522915
 20
549.027039
 30
0.0
 11
5327.032625
 21
554.534796
 31
0.0
  0
LINE
  5
754
330
17
100
AcDbEntity
  8
1
 62
1
100
AcDbLine
 10
5321.522915
 20
550.085622
 30
0.0
 11
5325.972089
 21
554.534796
 31
0.0
  0
LINE
  5
755
330
17
100
AcDbEntity
  8
1
 62
1
100
AcDbLine
 10
5321.522915
 20
552.206694
 30
0.0
 11
5326.02287
 21
556.706649
 31
0.0
  0
LINE
  5
756
330
17
100
AcDbEntity
  8
1
 62
1
100
AcDbLine
 10
5321.522915
 20
551.148111
 30
0.0
 11
5326.02287
 21
555.648066
 31
0.0
  0
LINE
  5
757
330
17
100
AcDbEntity
  8
1
 62
1
100
AcDbLine
 10
5327.520902
 20
548.659855
 30
0.0
 11
5329.770879
 21
550.909832
 31
0.0
  0
LINE
  5
758
330
17
100
AcDbEntity
  8
1
 62
1
100
AcDbLine
 10
5328.10488
 20
548.181344
 30
0.0
 11
5330.354858
 21
550.433275
 31
0.0
  0
LINE
  5
759
330
17
100
AcDbEntity
  8
1
 62
1
100
AcDbLine
 10
5328.686906
 20
547.702833
 30
0.0
 11
5330.936883
 21
549.952811
 31
0.0
  0
LINE
  5
75A
330
17
100
AcDbEntity
  8
1
 62
1
100
AcDbLine
 10
5329.854863
 20
546.749718
 30
0.0
 11
5332.102887
 21
549.001648
 31
0.0
  0
LINE
  5
75B
330
17
100
AcDbEntity
  8
1
 62
1
100
AcDbLine
 10
5329.270884
 20
547.226275
 30
0.0
 11
5331.520862
 21
549.476253
 31
0.0
  0
LINE
  5
75C
330
17
100
AcDbEntity
  8
1
 62
1
100
AcDbLine
 10
5330.436888
 20
546.27316
 30
0.0
 11
5332.686866
 21
548.523137
 31
0.0
  0
LINE
  5
75D
330
17
100
AcDbEntity
  8
1
 62
1
100
AcDbLine
 10
5331.020867
 20
545.792696
 30
0.0
 11
5333.270844
 21
548.044627
 31
0.0
  0
LINE
  5
75E
330
17
100
AcDbEntity
  8
1
 62
1
100
AcDbLine
 10
5332.731787
 20
545.382544
 30
0.0
 11
5334.436848
 21
547.093464
 31
0.0
  0
LINE
  5
75F
330
17
100
AcDbEntity
  8
1
 62
1
100
AcDbLine
 10
5331.669298
 20
545.382544
 30
0.0
 11
5333.854823
 21
547.568069
 31
0.0
  0
LINE
  5
760
330
17
100
AcDbEntity
  8
1
 62
1
100
AcDbLine
 10
5333.792323
 20
545.382544
 30
0.0
 11
5335.020827
 21
546.613
 31
0.0
  0
LINE
  5
761
330
17
100
AcDbEntity
  8
1
 62
1
100
AcDbLine
 10
5334.850906
 20
545.382544
 30
0.0
 11
5335.604805
 21
546.136442
 31
0.0
  0
LINE
  5
762
330
17
100
AcDbEntity
  8
1
 62
1
100
AcDbLine
 10
5335.911443
 20
545.382544
 30
0.0
 11
5336.186831
 21
545.659885
 31
0.0
  0
LINE
  5
763
330
17
100
AcDbEntity
  8
1
 62
1
100
AcDbLine
 10
5321.769006
 20
545.382544
 30
0.0
 11
5326.02287
 21
549.636407
 31
0.0
  0
LINE
  5
764
330
17
100
AcDbEntity
  8
1
 62
1
100
AcDbLine
 10
5322.831495
 20
545.382544
 30
0.0
 11
5326.02287
 21
548.577824
 31
0.0
  0
LINE
  5
765
330
17
100
AcDbEntity
  8
1
 62
1
100
AcDbLine
 10
5323.892032
 20
545.382544
 30
0.0
 11
5326.02287
 21
547.517288
 31
0.0
  0
LINE
  5
766
330
17
100
AcDbEntity
  8
1
 62
1
100
AcDbLine
 10
5324.952568
 20
545.382544
 30
0.0
 11
5326.02287
 21
546.454799
 31
0.0
  0
LINE
  5
767
330
17
100
AcDbEntity
  8
1
 62
1
100
AcDbLine
 10
5321.522915
 20
545.382544
 30
0.0
 11
5326.02287
 21
545.382544
 31
0.0
  0
LINE
  5
768
330
17
100
AcDbEntity
  8
1
 62
1
100
AcDbLine
 10
5321.522915
 20
561.753474
 30
0.0
 11
5322.653763
 21
562.882369
 31
0.0
  0
LINE
  5
769
330
17
100
AcDbEntity
  8
1
 62
1
100
AcDbLine
 10
5321.522915
 20
560.690984
 30
0.0
 11
5323.716252
 21
562.882369
 31
0.0
  0
LINE
  5
76A
330
17
100
AcDbEntity
  8
1
 62
1
100
AcDbLine
 10
5321.522915
 20
559.632401
 30
0.0
 11
5324.776788
 21
562.882369
 31
0.0
  0
LINE
  5
76B
330
17
100
AcDbEntity
  8
1
 62
1
100
AcDbLine
 10
5321.522915
 20
558.571865
 30
0.0
 11
5325.835372
 21
562.882369
 31
0.0
  0
LINE
  5
76C
330
17
100
AcDbEntity
  8
1
 62
1
100
AcDbLine
 10
5321.522915
 20
557.511329
 30
0.0
 11
5326.895908
 21
562.882369
 31
0.0
  0
LINE
  5
76D
330
17
100
AcDbEntity
  8
1
 62
1
100
AcDbLine
 10
5321.522915
 20
556.448839
 30
0.0
 11
5327.956444
 21
562.882369
 31
0.0
  0
LINE
  5
76E
330
17
100
AcDbEntity
  8
1
 62
1
100
AcDbLine
 10
5321.522915
 20
555.388303
 30
0.0
 11
5329.01698
 21
562.882369
 31
0.0
  0
LINE
  5
76F
330
17
100
AcDbEntity
  8
1
 62
1
100
AcDbLine
 10
5321.522915
 20
562.882369
 30
0.0
 11
5321.522915
 21
545.382544
 31
0.0
  0
LINE
  5
770
330
17
100
AcDbEntity
  8
1
 62
1
100
AcDbLine
 10
5329.188854
 20
551.384437
 30
0.0
 11
5336.522765
 21
545.382544
 31
0.0
  0
LINE
  5
771
330
17
100
AcDbEntity
  8
1
 62
1
100
AcDbLine
 10
5326.02287
 20
549.886405
 30
0.0
 11
5331.522815
 21
545.382544
 31
0.0
  0
LINE
  5
772
330
17
100
AcDbEntity
  8
1
 62
1
100
AcDbLine
 10
5326.02287
 20
545.382544
 30
0.0
 11
5326.02287
 21
549.886405
 31
0.0
  0
LINE
  5
773
330
17
100
AcDbEntity
  8
1
 62
1
100
AcDbLine
 10
5331.522815
 20
545.382544
 30
0.0
 11
5336.522765
 21
545.382544
 31
0.0
  0
LINE
  5
774
330
17
100
AcDbEntity
  8
1
 62
1
100
AcDbLine
 10
5321.522915
 20
562.882369
 30
0.0
 11
5331.522815
 21
562.882369
 31
0.0
  0
LINE
  5
775
330
17
100
AcDbEntity
  8
1
 62
1
100
AcDbLine
 10
5230.217187
 20
562.882369
 30
0.0
 11
5227.066828
 21
559.730057
 31
0.0
  0
LINE
  5
776
330
17
100
AcDbEntity
  8
1
 62
1
100
AcDbLine
 10
5226.16254
 20
559.730057
 30
0.0
 11
5226.16254
 21
554.534796
 31
0.0
  0
LINE
  5
777
330
17
100
AcDbEntity
  8
1
 62
1
100
AcDbLine
 10
5227.896898
 20
554.534796
 30
0.0
 11
5226.16254
 21
554.534796
 31
0.0
  0
LINE
  5
778
330
17
100
AcDbEntity
  8
1
 62
1
100
AcDbLine
 10
5226.16254
 20
559.730057
 30
0.0
 11
5227.896898
 21
559.730057
 31
0.0
  0
LINE
  5
779
330
17
100
AcDbEntity
  8
1
 62
1
100
AcDbLine
 10
5229.051183
 20
559.593339
 30
0.0
 11
5232.187871
 21
562.73198
 31
0.0
  0
LINE
  5
77A
330
17
100
AcDbEntity
  8
1
 62
1
100
AcDbLine
 10
5229.740629
 20
559.222249
 30
0.0
 11
5232.933957
 21
562.41753
 31
0.0
  0
LINE
  5
77B
330
17
100
AcDbEntity
  8
1
 62
1
100
AcDbLine
 10
5230.267968
 20
558.691004
 30
0.0
 11
5233.599966
 21
562.023002
 31
0.0
  0
LINE
  5
77C
330
17
100
AcDbEntity
  8
1
 62
1
100
AcDbLine
 10
5230.637105
 20
557.997652
 30
0.0
 11
5234.197616
 21
561.560116
 31
0.0
  0
LINE
  5
77D
330
17
100
AcDbEntity
  8
1
 62
1
100
AcDbLine
 10
5230.783588
 20
557.085552
 30
0.0
 11
5234.723001
 21
561.024965
 31
0.0
  0
LINE
  5
77E
330
17
100
AcDbEntity
  8
1
 62
1
100
AcDbLine
 10
5221.664538
 20
546.904013
 30
0.0
 11
5235.181981
 21
560.421456
 31
0.0
  0
LINE
  5
77F
330
17
100
AcDbEntity
  8
1
 62
1
100
AcDbLine
 10
5226.494568
 20
549.61297
 30
0.0
 11
5235.875334
 21
558.991783
 31
0.0
  0
LINE
  5
780
330
17
100
AcDbEntity
  8
1
 62
1
100
AcDbLine
 10
5221.664538
 20
545.843477
 30
0.0
 11
5235.568696
 21
559.749588
 31
0.0
  0
LINE
  5
781
330
17
100
AcDbEntity
  8
1
 62
1
100
AcDbLine
 10
5227.078547
 20
549.136412
 30
0.0
 11
5236.082363
 21
558.142182
 31
0.0
  0
LINE
  5
782
330
17
100
AcDbEntity
  8
1
 62
1
100
AcDbLine
 10
5230.30703
 20
551.306313
 30
0.0
 11
5236.16244
 21
557.15977
 31
0.0
  0
LINE
  5
783
330
17
100
AcDbEntity
  8
1
 62
1
100
AcDbLine
 10
5231.490612
 20
551.429358
 30
0.0
 11
5236.039395
 21
555.976188
 31
0.0
  0
LINE
  5
784
330
17
100
AcDbEntity
  8
1
 62
1
100
AcDbLine
 10
5233.195673
 20
552.073883
 30
0.0
 11
5235.390964
 21
554.269174
 31
0.0
  0
LINE
  5
785
330
17
100
AcDbEntity
  8
1
 62
1
100
AcDbLine
 10
5221.664538
 20
554.327767
 30
0.0
 11
5226.16254
 21
558.831628
 31
0.0
  0
LINE
  5
786
330
17
100
AcDbEntity
  8
1
 62
1
100
AcDbLine
 10
5221.664538
 20
547.966502
 30
0.0
 11
5228.21916
 21
554.521124
 31
0.0
  0
LINE
  5
787
330
17
100
AcDbEntity
  8
1
 62
1
100
AcDbLine
 10
5228.142989
 20
559.745681
 30
0.0
 11
5231.279677
 21
562.882369
 31
0.0
  0
LINE
  5
788
330
17
100
AcDbEntity
  8
1
 62
1
100
AcDbLine
 10
5221.664538
 20
553.269184
 30
0.0
 11
5226.16254
 21
557.769139
 31
0.0
  0
LINE
  5
789
330
17
100
AcDbEntity
  8
1
 62
1
100
AcDbLine
 10
5221.664538
 20
549.027039
 30
0.0
 11
5227.172296
 21
554.534796
 31
0.0
  0
LINE
  5
78A
330
17
100
AcDbEntity
  8
1
 62
1
100
AcDbLine
 10
5221.664538
 20
550.085622
 30
0.0
 11
5226.111759
 21
554.534796
 31
0.0
  0
LINE
  5
78B
330
17
100
AcDbEntity
  8
1
 62
1
100
AcDbLine
 10
5221.664538
 20
552.206694
 30
0.0
 11
5226.16254
 21
556.706649
 31
0.0
  0
LINE
  5
78C
330
17
100
AcDbEntity
  8
1
 62
1
100
AcDbLine
 10
5221.664538
 20
551.148111
 30
0.0
 11
5226.16254
 21
555.648066
 31
0.0
  0
LINE
  5
78D
330
17
100
AcDbEntity
  8
1
 62
1
100
AcDbLine
 10
5227.660572
 20
548.659855
 30
0.0
 11
5229.91055
 21
550.909832
 31
0.0
  0
LINE
  5
78E
330
17
100
AcDbEntity
  8
1
 62
1
100
AcDbLine
 10
5228.244551
 20
548.181344
 30
0.0
 11
5230.494528
 21
550.433275
 31
0.0
  0
LINE
  5
78F
330
17
100
AcDbEntity
  8
1
 62
1
100
AcDbLine
 10
5228.826576
 20
547.702833
 30
0.0
 11
5231.078507
 21
549.952811
 31
0.0
  0
LINE
  5
790
330
17
100
AcDbEntity
  8
1
 62
1
100
AcDbLine
 10
5229.994533
 20
546.749718
 30
0.0
 11
5232.244511
 21
549.001648
 31
0.0
  0
LINE
  5
791
330
17
100
AcDbEntity
  8
1
 62
1
100
AcDbLine
 10
5229.410555
 20
547.226275
 30
0.0
 11
5231.660532
 21
549.476253
 31
0.0
  0
LINE
  5
792
330
17
100
AcDbEntity
  8
1
 62
1
100
AcDbLine
 10
5230.576559
 20
546.27316
 30
0.0
 11
5232.826536
 21
548.523137
 31
0.0
  0
LINE
  5
793
330
17
100
AcDbEntity
  8
1
 62
1
100
AcDbLine
 10
5231.160537
 20
545.792696
 30
0.0
 11
5233.410515
 21
548.044627
 31
0.0
  0
LINE
  5
794
330
17
100
AcDbEntity
  8
1
 62
1
100
AcDbLine
 10
5232.871457
 20
545.382544
 30
0.0
 11
5234.576519
 21
547.093464
 31
0.0
  0
LINE
  5
795
330
17
100
AcDbEntity
  8
1
 62
1
100
AcDbLine
 10
5231.810921
 20
545.382544
 30
0.0
 11
5233.994493
 21
547.568069
 31
0.0
  0
LINE
  5
796
330
17
100
AcDbEntity
  8
1
 62
1
100
AcDbLine
 10
5233.931994
 20
545.382544
 30
0.0
 11
5235.160497
 21
546.613
 31
0.0
  0
LINE
  5
797
330
17
100
AcDbEntity
  8
1
 62
1
100
AcDbLine
 10
5234.990577
 20
545.382544
 30
0.0
 11
5235.744476
 21
546.136442
 31
0.0
  0
LINE
  5
798
330
17
100
AcDbEntity
  8
1
 62
1
100
AcDbLine
 10
5236.053066
 20
545.382544
 30
0.0
 11
5236.328454
 21
545.659885
 31
0.0
  0
LINE
  5
799
330
17
100
AcDbEntity
  8
1
 62
1
100
AcDbLine
 10
5221.91063
 20
545.382544
 30
0.0
 11
5226.16254
 21
549.636407
 31
0.0
  0
LINE
  5
79A
330
17
100
AcDbEntity
  8
1
 62
1
100
AcDbLine
 10
5222.971166
 20
545.382544
 30
0.0
 11
5226.16254
 21
548.577824
 31
0.0
  0
LINE
  5
79B
330
17
100
AcDbEntity
  8
1
 62
1
100
AcDbLine
 10
5224.031702
 20
545.382544
 30
0.0
 11
5226.16254
 21
547.517288
 31
0.0
  0
LINE
  5
79C
330
17
100
AcDbEntity
  8
1
 62
1
100
AcDbLine
 10
5225.092238
 20
545.382544
 30
0.0
 11
5226.16254
 21
546.454799
 31
0.0
  0
LINE
  5
79D
330
17
100
AcDbEntity
  8
1
 62
1
100
AcDbLine
 10
5221.664538
 20
545.382544
 30
0.0
 11
5226.16254
 21
545.382544
 31
0.0
  0
LINE
  5
79E
330
17
100
AcDbEntity
  8
1
 62
1
100
AcDbLine
 10
5221.664538
 20
561.753474
 30
0.0
 11
5222.793433
 21
562.882369
 31
0.0
  0
LINE
  5
79F
330
17
100
AcDbEntity
  8
1
 62
1
100
AcDbLine
 10
5221.664538
 20
560.690984
 30
0.0
 11
5223.855923
 21
562.882369
 31
0.0
  0
LINE
  5
7A0
330
17
100
AcDbEntity
  8
1
 62
1
100
AcDbLine
 10
5221.664538
 20
559.632401
 30
0.0
 11
5224.916459
 21
562.882369
 31
0.0
  0
LINE
  5
7A1
330
17
100
AcDbEntity
  8
1
 62
1
100
AcDbLine
 10
5221.664538
 20
558.571865
 30
0.0
 11
5225.976995
 21
562.882369
 31
0.0
  0
LINE
  5
7A2
330
17
100
AcDbEntity
  8
1
 62
1
100
AcDbLine
 10
5221.664538
 20
557.511329
 30
0.0
 11
5227.037531
 21
562.882369
 31
0.0
  0
LINE
  5
7A3
330
17
100
AcDbEntity
  8
1
 62
1
100
AcDbLine
 10
5221.664538
 20
556.448839
 30
0.0
 11
5228.098068
 21
562.882369
 31
0.0
  0
LINE
  5
7A4
330
17
100
AcDbEntity
  8
1
 62
1
100
AcDbLine
 10
5221.664538
 20
555.388303
 30
0.0
 11
5229.156651
 21
562.882369
 31
0.0
  0
LINE
  5
7A5
330
17
100
AcDbEntity
  8
1
 62
1
100
AcDbLine
 10
5221.664538
 20
562.882369
 30
0.0
 11
5221.664538
 21
545.382544
 31
0.0
  0
LINE
  5
7A6
330
17
100
AcDbEntity
  8
1
 62
1
100
AcDbLine
 10
5229.330477
 20
551.384437
 30
0.0
 11
5236.662435
 21
545.382544
 31
0.0
  0
LINE
  5
7A7
330
17
100
AcDbEntity
  8
1
 62
1
100
AcDbLine
 10
5226.16254
 20
549.886405
 30
0.0
 11
5231.664438
 21
545.382544
 31
0.0
  0
LINE
  5
7A8
330
17
100
AcDbEntity
  8
1
 62
1
100
AcDbLine
 10
5226.16254
 20
545.382544
 30
0.0
 11
5226.16254
 21
549.886405
 31
0.0
  0
LINE
  5
7A9
330
17
100
AcDbEntity
  8
1
 62
1
100
AcDbLine
 10
5231.664438
 20
545.382544
 30
0.0
 11
5236.662435
 21
545.382544
 31
0.0
  0
LINE
  5
7AA
330
17
100
AcDbEntity
  8
1
 62
1
100
AcDbLine
 10
5221.664538
 20
562.882369
 30
0.0
 11
5231.664438
 21
562.882369
 31
0.0
  0
LINE
  5
7AB
330
17
100
AcDbEntity
  8
1
 62
1
100
AcDbLine
 10
5362.170946
 20
558.005464
 30
0.0
 11
5366.750978
 21
562.585497
 31
0.0
  0
LINE
  5
7AC
330
17
100
AcDbEntity
  8
1
 62
1
100
AcDbLine
 10
5356.006945
 20
551.843417
 30
0.0
 11
5360.592836
 21
556.429308
 31
0.0
  0
LINE
  5
7AD
330
17
100
AcDbEntity
  8
1
 62
1
100
AcDbLine
 10
5363.809601
 20
558.585537
 30
0.0
 11
5367.553704
 21
562.327687
 31
0.0
  0
LINE
  5
7AE
330
17
100
AcDbEntity
  8
1
 62
1
100
AcDbLine
 10
5356.266708
 20
551.038737
 30
0.0
 11
5360.008858
 21
554.784793
 31
0.0
  0
LINE
  5
7AF
330
17
100
AcDbEntity
  8
1
 62
1
100
AcDbLine
 10
5368.807598
 20
552.976218
 30
0.0
 11
5372.756777
 21
556.925397
 31
0.0
  0
LINE
  5
7B0
330
17
100
AcDbEntity
  8
1
 62
1
100
AcDbLine
 10
5361.668998
 20
545.837617
 30
0.0
 11
5365.618177
 21
549.78875
 31
0.0
  0
LINE
  5
7B1
330
17
100
AcDbEntity
  8
1
 62
1
100
AcDbLine
 10
5368.957987
 20
554.187143
 30
0.0
 11
5372.459905
 21
557.687108
 31
0.0
  0
LINE
  5
7B2
330
17
100
AcDbEntity
  8
1
 62
1
100
AcDbLine
 10
5360.905333
 20
546.136442
 30
0.0
 11
5364.405298
 21
549.636407
 31
0.0
  0
LINE
  5
7B3
330
17
100
AcDbEntity
  8
1
 62
1
100
AcDbLine
 10
5368.844707
 20
555.134399
 30
0.0
 11
5372.106393
 21
558.396085
 31
0.0
  0
LINE
  5
7B4
330
17
100
AcDbEntity
  8
1
 62
1
100
AcDbLine
 10
5360.198309
 20
546.488001
 30
0.0
 11
5363.458042
 21
549.749688
 31
0.0
  0
LINE
  5
7B5
330
17
100
AcDbEntity
  8
1
 62
1
100
AcDbLine
 10
5368.209948
 20
556.620713
 30
0.0
 11
5371.24898
 21
559.659745
 31
0.0
  0
LINE
  5
7B6
330
17
100
AcDbEntity
  8
1
 62
1
100
AcDbLine
 10
5358.93465
 20
547.347368
 30
0.0
 11
5361.975635
 21
550.3864
 31
0.0
  0
LINE
  5
7B7
330
17
100
AcDbEntity
  8
1
 62
1
100
AcDbLine
 10
5368.582991
 20
555.935173
 30
0.0
 11
5371.7021
 21
559.050376
 31
0.0
  0
LINE
  5
7B8
330
17
100
AcDbEntity
  8
1
 62
1
100
AcDbLine
 10
5359.542066
 20
546.892294
 30
0.0
 11
5362.659222
 21
550.009451
 31
0.0
  0
LINE
  5
7B9
330
17
100
AcDbEntity
  8
1
 62
1
100
AcDbLine
 10
5366.53223
 20
558.124604
 30
0.0
 11
5369.618137
 21
561.21051
 31
0.0
  0
LINE
  5
7BA
330
17
100
AcDbEntity
  8
1
 62
1
100
AcDbLine
 10
5357.383884
 20
548.976258
 30
0.0
 11
5360.469791
 21
552.062164
 31
0.0
  0
LINE
  5
7BB
330
17
100
AcDbEntity
  8
1
 62
1
100
AcDbLine
 10
5367.184567
 20
557.718358
 30
0.0
 11
5370.206022
 21
560.739812
 31
0.0
  0
LINE
  5
7BC
330
17
100
AcDbEntity
  8
1
 62
1
100
AcDbLine
 10
5357.854583
 20
548.38642
 30
0.0
 11
5360.879943
 21
551.413733
 31
0.0
  0
LINE
  5
7BD
330
17
100
AcDbEntity
  8
1
 62
1
100
AcDbLine
 10
5367.741203
 20
557.21055
 30
0.0
 11
5370.750938
 21
560.222239
 31
0.0
  0
LINE
  5
7BE
330
17
100
AcDbEntity
  8
1
 62
1
100
AcDbLine
 10
5358.372156
 20
547.843457
 30
0.0
 11
5361.381891
 21
550.851239
 31
0.0
  0
LINE
  5
7BF
330
17
100
AcDbEntity
  8
1
 62
1
100
AcDbLine
 10
5365.780285
 20
558.435148
 30
0.0
 11
5368.981424
 21
561.632381
 31
0.0
  0
LINE
  5
7C0
330
17
100
AcDbEntity
  8
1
 62
1
100
AcDbLine
 10
5356.96006
 20
549.61297
 30
0.0
 11
5360.159247
 21
552.812157
 31
0.0
  0
LINE
  5
7C1
330
17
100
AcDbEntity
  8
1
 62
1
100
AcDbLine
 10
5364.895528
 20
558.610927
 30
0.0
 11
5368.295884
 21
562.009331
 31
0.0
  0
LINE
  5
7C2
330
17
100
AcDbEntity
  8
1
 62
1
100
AcDbLine
 10
5356.585064
 20
550.300463
 30
0.0
 11
5359.983468
 21
553.694961
 31
0.0
  0
LINE
  5
7C3
330
17
100
AcDbEntity
  8
1
 62
1
100
AcDbLine
 10
5357.24912
 20
559.093344
 30
0.0
 11
5359.499097
 21
561.345275
 31
0.0
  0
LINE
  5
7C4
330
17
100
AcDbEntity
  8
1
 62
1
100
AcDbLine
 10
5356.176865
 20
556.960553
 30
0.0
 11
5361.631889
 21
562.419483
 31
0.0
  0
LINE
  5
7C5
330
17
100
AcDbEntity
  8
1
 62
1
100
AcDbLine
 10
5355.819447
 20
555.544552
 30
0.0
 11
5363.049843
 21
562.776901
 31
0.0
  0
LINE
  5
7C6
330
17
100
AcDbEntity
  8
1
 62
1
100
AcDbLine
 10
5355.710073
 20
554.372688
 30
0.0
 11
5364.221706
 21
562.886275
 31
0.0
  0
LINE
  5
7C7
330
17
100
AcDbEntity
  8
1
 62
1
100
AcDbLine
 10
5355.735463
 20
553.337542
 30
0.0
 11
5365.256852
 21
562.858931
 31
0.0
  0
LINE
  5
7C8
330
17
100
AcDbEntity
  8
1
 62
1
100
AcDbLine
 10
5355.872181
 20
552.413723
 30
0.0
 11
5366.178718
 21
562.722214
 31
0.0
  0
LINE
  5
7C9
330
17
100
AcDbEntity
  8
1
 62
1
100
AcDbLine
 10
5362.497114
 20
545.603245
 30
0.0
 11
5372.989197
 21
556.09728
 31
0.0
  0
LINE
  5
7CA
330
17
100
AcDbEntity
  8
1
 62
1
100
AcDbLine
 10
5363.397496
 20
545.445043
 30
0.0
 11
5373.149352
 21
555.198852
 31
0.0
  0
LINE
  5
7CB
330
17
100
AcDbEntity
  8
1
 62
1
100
AcDbLine
 10
5364.389674
 20
545.374731
 30
0.0
 11
5373.219663
 21
554.206674
 31
0.0
  0
LINE
  5
7CC
330
17
100
AcDbEntity
  8
1
 62
1
100
AcDbLine
 10
5365.516615
 20
545.441137
 30
0.0
 11
5373.151305
 21
553.077779
 31
0.0
  0
LINE
  5
7CD
330
17
100
AcDbEntity
  8
1
 62
1
100
AcDbLine
 10
5366.834962
 20
545.7009
 30
0.0
 11
5372.893495
 21
551.761386
 31
0.0
  0
LINE
  5
7CE
330
17
100
AcDbEntity
  8
1
 62
1
100
AcDbLine
 10
5368.633772
 20
546.437221
 30
0.0
 11
5372.155221
 21
549.95867
 31
0.0
  0
LINE
  5
7CF
330
17
100
AcDbEntity
  8
1
 62
1
100
AcDbLine
 10
5369.579075
 20
547.029012
 30
0.0
 11
5371.565383
 21
549.01532
 31
0.0
  0
LINE
  5
7D0
330
17
100
AcDbEntity
  8
1
 62
1
100
AcDbLine
 10
5181.215724
 20
562.608934
 30
0.0
 11
5181.487206
 21
562.882369
 31
0.0
  0
LINE
  5
7D1
330
17
100
AcDbEntity
  8
1
 62
1
100
AcDbLine
 10
5181.450097
 20
561.784723
 30
0.0
 11
5182.547742
 21
562.882369
 31
0.0
  0
LINE
  5
7D2
330
17
100
AcDbEntity
  8
1
 62
1
100
AcDbLine
 10
5181.686422
 20
560.960513
 30
0.0
 11
5183.608278
 21
562.882369
 31
0.0
  0
LINE
  5
7D3
330
17
100
AcDbEntity
  8
1
 62
1
100
AcDbLine
 10
5181.922748
 20
560.136302
 30
0.0
 11
5184.668815
 21
562.882369
 31
0.0
  0
LINE
  5
7D4
330
17
100
AcDbEntity
  8
1
 62
1
100
AcDbLine
 10
5182.157121
 20
559.312092
 30
0.0
 11
5185.268418
 21
562.421436
 31
0.0
  0
LINE
  5
7D5
330
17
100
AcDbEntity
  8
1
 62
1
100
AcDbLine
 10
5182.393447
 20
558.485928
 30
0.0
 11
5185.504744
 21
561.599178
 31
0.0
  0
LINE
  5
7D6
330
17
100
AcDbEntity
  8
1
 62
1
100
AcDbLine
 10
5182.627819
 20
557.659765
 30
0.0
 11
5185.741069
 21
560.773015
 31
0.0
  0
LINE
  5
7D7
330
17
100
AcDbEntity
  8
1
 62
1
100
AcDbLine
 10
5182.864145
 20
556.835554
 30
0.0
 11
5185.975442
 21
559.948804
 31
0.0
  0
LINE
  5
7D8
330
17
100
AcDbEntity
  8
1
 62
1
100
AcDbLine
 10
5183.098518
 20
556.013297
 30
0.0
 11
5186.211768
 21
559.124594
 31
0.0
  0
LINE
  5
7D9
330
17
100
AcDbEntity
  8
1
 62
1
100
AcDbLine
 10
5183.336797
 20
555.187133
 30
0.0
 11
5186.448094
 21
558.29843
 31
0.0
  0
LINE
  5
7DA
330
17
100
AcDbEntity
  8
1
 62
1
100
AcDbLine
 10
5183.573122
 20
554.362923
 30
0.0
 11
5186.682466
 21
557.472267
 31
0.0
  0
LINE
  5
7DB
330
17
100
AcDbEntity
  8
1
 62
1
100
AcDbLine
 10
5191.504684
 20
561.940972
 30
0.0
 11
5192.448034
 21
562.882369
 31
0.0
  0
LINE
  5
7DC
330
17
100
AcDbEntity
  8
1
 62
1
100
AcDbLine
 10
5183.807495
 20
553.538712
 30
0.0
 11
5186.918792
 21
556.648056
 31
0.0
  0
LINE
  5
7DD
330
17
100
AcDbEntity
  8
1
 62
1
100
AcDbLine
 10
5191.082813
 20
560.456612
 30
0.0
 11
5193.50857
 21
562.882369
 31
0.0
  0
LINE
  5
7DE
330
17
100
AcDbEntity
  8
1
 62
1
100
AcDbLine
 10
5184.043821
 20
552.712549
 30
0.0
 11
5187.153165
 21
555.823846
 31
0.0
  0
LINE
  5
7DF
330
17
100
AcDbEntity
  8
1
 62
1
100
AcDbLine
 10
5190.657036
 20
558.972252
 30
0.0
 11
5194.569106
 21
562.882369
 31
0.0
  0
LINE
  5
7E0
330
17
100
AcDbEntity
  8
1
 62
1
100
AcDbLine
 10
5184.278193
 20
551.886385
 30
0.0
 11
5187.38949
 21
554.997682
 31
0.0
  0
LINE
  5
7E1
330
17
100
AcDbEntity
  8
1
 62
1
100
AcDbLine
 10
5190.233212
 20
557.487891
 30
0.0
 11
5195.629642
 21
562.882369
 31
0.0
  0
LINE
  5
7E2
330
17
100
AcDbEntity
  8
1
 62
1
100
AcDbLine
 10
5184.514519
 20
551.062174
 30
0.0
 11
5187.625816
 21
554.171518
 31
0.0
  0
LINE
  5
7E3
330
17
100
AcDbEntity
  8
1
 62
1
100
AcDbLine
 10
5189.809388
 20
556.003531
 30
0.0
 11
5195.977295
 21
562.171438
 31
0.0
  0
LINE
  5
7E4
330
17
100
AcDbEntity
  8
1
 62
1
100
AcDbLine
 10
5184.750845
 20
550.237964
 30
0.0
 11
5187.862142
 21
553.347308
 31
0.0
  0
LINE
  5
7E5
330
17
100
AcDbEntity
  8
1
 62
1
100
AcDbLine
 10
5189.385564
 20
554.519171
 30
0.0
 11
5196.213621
 21
561.347228
 31
0.0
  0
LINE
  5
7E6
330
17
100
AcDbEntity
  8
1
 62
1
100
AcDbLine
 10
5184.985218
 20
549.4118
 30
0.0
 11
5188.096515
 21
552.523097
 31
0.0
  0
LINE
  5
7E7
330
17
100
AcDbEntity
  8
1
 62
1
100
AcDbLine
 10
5193.836692
 20
557.907809
 30
0.0
 11
5196.449947
 21
560.523017
 31
0.0
  0
LINE
  5
7E8
330
17
100
AcDbEntity
  8
1
 62
1
100
AcDbLine
 10
5188.959787
 20
553.034811
 30
0.0
 11
5193.666771
 21
557.737889
 31
0.0
  0
LINE
  5
7E9
330
17
100
AcDbEntity
  8
1
 62
1
100
AcDbLine
 10
5185.221543
 20
548.585637
 30
0.0
 11
5188.33284
 21
551.696934
 31
0.0
  0
LINE
  5
7EA
330
17
100
AcDbEntity
  8
1
 62
1
100
AcDbLine
 10
5194.071064
 20
557.081646
 30
0.0
 11
5196.686272
 21
559.696854
 31
0.0
  0
LINE
  5
7EB
330
17
100
AcDbEntity
  8
1
 62
1
100
AcDbLine
 10
5188.535963
 20
551.546545
 30
0.0
 11
5193.242948
 21
556.253529
 31
0.0
  0
LINE
  5
7EC
330
17
100
AcDbEntity
  8
1
 62
1
100
AcDbLine
 10
5185.455916
 20
547.761426
 30
0.0
 11
5192.959747
 21
555.263304
 31
0.0
  0
LINE
  5
7ED
330
17
100
AcDbEntity
  8
1
 62
1
100
AcDbLine
 10
5194.30739
 20
556.257435
 30
0.0
 11
5196.922598
 21
558.87069
 31
0.0
  0
LINE
  5
7EE
330
17
100
AcDbEntity
  8
1
 62
1
100
AcDbLine
 10
5185.692242
 20
546.937216
 30
0.0
 11
5192.53397
 21
553.778944
 31
0.0
  0
LINE
  5
7EF
330
17
100
AcDbEntity
  8
1
 62
1
100
AcDbLine
 10
5194.541763
 20
555.433225
 30
0.0
 11
5197.156971
 21
558.050386
 31
0.0
  0
LINE
  5
7F0
330
17
100
AcDbEntity
  8
1
 62
1
100
AcDbLine
 10
5185.928568
 20
546.111052
 30
0.0
 11
5192.112099
 21
552.292631
 31
0.0
  0
LINE
  5
7F1
330
17
100
AcDbEntity
  8
1
 62
1
100
AcDbLine
 10
5202.156921
 20
561.987846
 30
0.0
 11
5203.055349
 21
562.882369
 31
0.0
  0
LINE
  5
7F2
330
17
100
AcDbEntity
  8
1
 62
1
100
AcDbLine
 10
5194.778088
 20
554.607061
 30
0.0
 11
5197.393297
 21
557.224222
 31
0.0
  0
LINE
  5
7F3
330
17
100
AcDbEntity
  8
1
 62
1
100
AcDbLine
 10
5186.260595
 20
545.382544
 30
0.0
 11
5191.686322
 21
550.808271
 31
0.0
  0
LINE
  5
7F4
330
17
100
AcDbEntity
  8
1
 62
1
100
AcDbLine
 10
5201.733097
 20
560.503486
 30
0.0
 11
5204.115886
 21
562.882369
 31
0.0
  0
LINE
  5
7F5
330
17
100
AcDbEntity
  8
1
 62
1
100
AcDbLine
 10
5195.012461
 20
553.780897
 30
0.0
 11
5197.629622
 21
556.398059
 31
0.0
  0
LINE
  5
7F6
330
17
100
AcDbEntity
  8
1
 62
1
100
AcDbLine
 10
5187.323085
 20
545.382544
 30
0.0
 11
5191.262499
 21
549.323911
 31
0.0
  0
LINE
  5
7F7
330
17
100
AcDbEntity
  8
1
 62
1
100
AcDbLine
 10
5201.309273
 20
559.01522
 30
0.0
 11
5205.176422
 21
562.882369
 31
0.0
  0
LINE
  5
7F8
330
17
100
AcDbEntity
  8
1
 62
1
100
AcDbLine
 10
5195.25074
 20
552.956687
 30
0.0
 11
5197.863995
 21
555.573848
 31
0.0
  0
LINE
  5
7F9
330
17
100
AcDbEntity
  8
1
 62
1
100
AcDbLine
 10
5188.383621
 20
545.382544
 30
0.0
 11
5190.838675
 21
547.83955
 31
0.0
  0
LINE
  5
7FA
330
17
100
AcDbEntity
  8
1
 62
1
100
AcDbLine
 10
5200.883496
 20
557.53086
 30
0.0
 11
5206.236958
 21
562.882369
 31
0.0
  0
LINE
  5
7FB
330
17
100
AcDbEntity
  8
1
 62
1
100
AcDbLine
 10
5195.485113
 20
552.132476
 30
0.0
 11
5198.100321
 21
554.749638
 31
0.0
  0
LINE
  5
7FC
330
17
100
AcDbEntity
  8
1
 62
1
100
AcDbLine
 10
5189.444157
 20
545.382544
 30
0.0
 11
5190.414851
 21
546.35519
 31
0.0
  0
LINE
  5
7FD
330
17
100
AcDbEntity
  8
1
 62
1
100
AcDbLine
 10
5200.461625
 20
556.0465
 30
0.0
 11
5206.059226
 21
561.648006
 31
0.0
  0
LINE
  5
7FE
330
17
100
AcDbEntity
  8
1
 62
1
100
AcDbLine
 10
5195.721438
 20
551.308266
 30
0.0
 11
5198.334693
 21
553.923474
 31
0.0
  0
LINE
  5
7FF
330
17
100
AcDbEntity
  8
1
 62
1
100
AcDbLine
 10
5200.035848
 20
554.562139
 30
0.0
 11
5205.637355
 21
560.163646
 31
0.0
  0
LINE
  5
800
330
17
100
AcDbEntity
  8
1
 62
1
100
AcDbLine
 10
5195.957764
 20
550.484055
 30
0.0
 11
5198.571019
 21
553.09731
 31
0.0
  0
LINE
  5
801
330
17
100
AcDbEntity
  8
1
 62
1
100
AcDbLine
 10
5199.612024
 20
553.077779
 30
0.0
 11
5205.211578
 21
558.679286
 31
0.0
  0
LINE
  5
802
330
17
100
AcDbEntity
  8
1
 62
1
100
AcDbLine
 10
5196.192137
 20
549.657892
 30
0.0
 11
5198.807345
 21
552.2731
 31
0.0
  0
LINE
  5
803
330
17
100
AcDbEntity
  8
1
 62
1
100
AcDbLine
 10
5199.188201
 20
551.593419
 30
0.0
 11
5204.787754
 21
557.194926
 31
0.0
  0
LINE
  5
804
330
17
100
AcDbEntity
  8
1
 62
1
100
AcDbLine
 10
5196.428463
 20
548.831728
 30
0.0
 11
5199.041718
 21
551.448889
 31
0.0
  0
LINE
  5
805
330
17
100
AcDbEntity
  8
1
 62
1
100
AcDbLine
 10
5196.664788
 20
548.011424
 30
0.0
 11
5204.36393
 21
555.706659
 31
0.0
  0
LINE
  5
806
330
17
100
AcDbEntity
  8
1
 62
1
100
AcDbLine
 10
5196.899161
 20
547.18526
 30
0.0
 11
5203.940106
 21
554.222299
 31
0.0
  0
LINE
  5
807
330
17
100
AcDbEntity
  8
1
 62
1
100
AcDbLine
 10
5197.135487
 20
546.359096
 30
0.0
 11
5203.514329
 21
552.737939
 31
0.0
  0
LINE
  5
808
330
17
100
AcDbEntity
  8
1
 62
1
100
AcDbLine
 10
5197.369859
 20
545.534886
 30
0.0
 11
5203.090505
 21
551.253579
 31
0.0
  0
LINE
  5
809
330
17
100
AcDbEntity
  8
1
 62
1
100
AcDbLine
 10
5198.28196
 20
545.382544
 30
0.0
 11
5202.666681
 21
549.769219
 31
0.0
  0
LINE
  5
80A
330
17
100
AcDbEntity
  8
1
 62
1
100
AcDbLine
 10
5199.342496
 20
545.382544
 30
0.0
 11
5202.240904
 21
548.284858
 31
0.0
  0
LINE
  5
80B
330
17
100
AcDbEntity
  8
1
 62
1
100
AcDbLine
 10
5200.403032
 20
545.382544
 30
0.0
 11
5201.817081
 21
546.800498
 31
0.0
  0
LINE
  5
80C
330
17
100
AcDbEntity
  8
1
 62
1
100
AcDbLine
 10
5201.110056
 20
545.382544
 30
0.0
 11
5201.535833
 21
545.808321
 31
0.0
  0
LINE
  5
80D
330
17
100
AcDbEntity
  8
1
 62
1
100
AcDbLine
 10
5265.435585
 20
638.211694
 30
0.0
 11
5292.517345
 21
665.295407
 31
0.0
  0
LINE
  5
80E
330
17
100
AcDbEntity
  8
1
 62
1
100
AcDbLine
 10
5265.435585
 20
637.151157
 30
0.0
 11
5293.577882
 21
665.295407
 31
0.0
  0
LINE
  5
80F
330
17
100
AcDbEntity
  8
1
 62
1
100
AcDbLine
 10
5265.435585
 20
636.092574
 30
0.0
 11
5294.638418
 21
665.295407
 31
0.0
  0
LINE
  5
810
330
17
100
AcDbEntity
  8
1
 62
1
100
AcDbLine
 10
5265.435585
 20
635.030085
 30
0.0
 11
5295.700907
 21
665.295407
 31
0.0
  0
LINE
  5
811
330
17
100
AcDbEntity
  8
1
 62
1
100
AcDbLine
 10
5265.435585
 20
633.971502
 30
0.0
 11
5296.761444
 21
665.295407
 31
0.0
  0
LINE
  5
812
330
17
100
AcDbEntity
  8
1
 62
1
100
AcDbLine
 10
5265.435585
 20
632.909012
 30
0.0
 11
5297.82198
 21
665.295407
 31
0.0
  0
LINE
  5
813
330
17
100
AcDbEntity
  8
1
 62
1
100
AcDbLine
 10
5265.435585
 20
631.850429
 30
0.0
 11
5298.882516
 21
665.295407
 31
0.0
  0
LINE
  5
814
330
17
100
AcDbEntity
  8
1
 62
1
100
AcDbLine
 10
5265.435585
 20
630.78794
 30
0.0
 11
5299.943052
 21
665.295407
 31
0.0
  0
LINE
  5
815
330
17
100
AcDbEntity
  8
1
 62
1
100
AcDbLine
 10
5265.435585
 20
629.729357
 30
0.0
 11
5301.003589
 21
665.295407
 31
0.0
  0
LINE
  5
816
330
17
100
AcDbEntity
  8
1
 62
1
100
AcDbLine
 10
5265.435585
 20
628.66882
 30
0.0
 11
5302.064125
 21
665.295407
 31
0.0
  0
LINE
  5
817
330
17
100
AcDbEntity
  8
1
 62
1
100
AcDbLine
 10
5265.435585
 20
627.606331
 30
0.0
 11
5303.124661
 21
665.295407
 31
0.0
  0
LINE
  5
818
330
17
100
AcDbEntity
  8
1
 62
1
100
AcDbLine
 10
5265.435585
 20
626.545795
 30
0.0
 11
5304.185197
 21
665.295407
 31
0.0
  0
LINE
  5
819
330
17
100
AcDbEntity
  8
1
 62
1
100
AcDbLine
 10
5265.435585
 20
625.485258
 30
0.0
 11
5305.245734
 21
665.295407
 31
0.0
  0
LINE
  5
81A
330
17
100
AcDbEntity
  8
1
 62
1
100
AcDbLine
 10
5265.435585
 20
624.424722
 30
0.0
 11
5306.30627
 21
665.295407
 31
0.0
  0
LINE
  5
81B
330
17
100
AcDbEntity
  8
1
 62
1
100
AcDbLine
 10
5265.435585
 20
623.362233
 30
0.0
 11
5307.366806
 21
665.295407
 31
0.0
  0
LINE
  5
81C
330
17
100
AcDbEntity
  8
1
 62
1
100
AcDbLine
 10
5265.435585
 20
622.30365
 30
0.0
 11
5308.427343
 21
665.295407
 31
0.0
  0
LINE
  5
81D
330
17
100
AcDbEntity
  8
1
 62
1
100
AcDbLine
 10
5265.435585
 20
621.24116
 30
0.0
 11
5309.489832
 21
665.295407
 31
0.0
  0
LINE
  5
81E
330
17
100
AcDbEntity
  8
1
 62
1
100
AcDbLine
 10
5265.435585
 20
620.182577
 30
0.0
 11
5310.548415
 21
665.295407
 31
0.0
  0
LINE
  5
81F
330
17
100
AcDbEntity
  8
1
 62
1
100
AcDbLine
 10
5265.435585
 20
619.123994
 30
0.0
 11
5311.608951
 21
665.295407
 31
0.0
  0
LINE
  5
820
330
17
100
AcDbEntity
  8
1
 62
1
100
AcDbLine
 10
5265.435585
 20
618.061504
 30
0.0
 11
5312.523005
 21
665.145018
 31
0.0
  0
LINE
  5
821
330
17
100
AcDbEntity
  8
1
 62
1
100
AcDbLine
 10
5265.435585
 20
617.000968
 30
0.0
 11
5312.523005
 21
664.084482
 31
0.0
  0
LINE
  5
822
330
17
100
AcDbEntity
  8
1
 62
1
100
AcDbLine
 10
5265.435585
 20
615.940432
 30
0.0
 11
5312.523005
 21
663.025899
 31
0.0
  0
LINE
  5
823
330
17
100
AcDbEntity
  8
1
 62
1
100
AcDbLine
 10
5265.435585
 20
614.879896
 30
0.0
 11
5312.523005
 21
661.963409
 31
0.0
  0
LINE
  5
824
330
17
100
AcDbEntity
  8
1
 62
1
100
AcDbLine
 10
5265.435585
 20
613.817406
 30
0.0
 11
5312.523005
 21
660.904826
 31
0.0
  0
LINE
  5
825
330
17
100
AcDbEntity
  8
1
 62
1
100
AcDbLine
 10
5265.435585
 20
612.75687
 30
0.0
 11
5312.523005
 21
659.842337
 31
0.0
  0
LINE
  5
826
330
17
100
AcDbEntity
  8
1
 62
1
100
AcDbLine
 10
5265.435585
 20
611.696334
 30
0.0
 11
5312.523005
 21
658.783753
 31
0.0
  0
LINE
  5
827
330
17
100
AcDbEntity
  8
1
 62
1
100
AcDbLine
 10
5265.435585
 20
610.635797
 30
0.0
 11
5312.523005
 21
657.721264
 31
0.0
  0
LINE
  5
828
330
17
100
AcDbEntity
  8
1
 62
1
100
AcDbLine
 10
5265.435585
 20
609.577214
 30
0.0
 11
5312.523005
 21
656.662681
 31
0.0
  0
LINE
  5
829
330
17
100
AcDbEntity
  8
1
 62
1
100
AcDbLine
 10
5293.722411
 20
636.799598
 30
0.0
 11
5312.523005
 21
655.602145
 31
0.0
  0
LINE
  5
82A
330
17
100
AcDbEntity
  8
1
 62
1
100
AcDbLine
 10
5293.722411
 20
635.739062
 30
0.0
 11
5312.523005
 21
654.539655
 31
0.0
  0
LINE
  5
82B
330
17
100
AcDbEntity
  8
1
 62
1
100
AcDbLine
 10
5293.722411
 20
634.678526
 30
0.0
 11
5312.523005
 21
653.479119
 31
0.0
  0
LINE
  5
82C
330
17
100
AcDbEntity
  8
1
 62
1
100
AcDbLine
 10
5293.722411
 20
633.616036
 30
0.0
 11
5312.523005
 21
652.418583
 31
0.0
  0
LINE
  5
82D
330
17
100
AcDbEntity
  8
1
 62
1
100
AcDbLine
 10
5293.722411
 20
632.557453
 30
0.0
 11
5312.523005
 21
651.358046
 31
0.0
  0
LINE
  5
82E
330
17
100
AcDbEntity
  8
1
 62
1
100
AcDbLine
 10
5293.722411
 20
631.494964
 30
0.0
 11
5312.523005
 21
650.295557
 31
0.0
  0
LINE
  5
82F
330
17
100
AcDbEntity
  8
1
 62
1
100
AcDbLine
 10
5293.722411
 20
630.436381
 30
0.0
 11
5312.523005
 21
649.236974
 31
0.0
  0
LINE
  5
830
330
17
100
AcDbEntity
  8
1
 62
1
100
AcDbLine
 10
5293.722411
 20
629.373891
 30
0.0
 11
5312.523005
 21
648.174485
 31
0.0
  0
LINE
  5
831
330
17
100
AcDbEntity
  8
1
 62
1
100
AcDbLine
 10
5293.722411
 20
628.315308
 30
0.0
 11
5312.523005
 21
647.115901
 31
0.0
  0
LINE
  5
832
330
17
100
AcDbEntity
  8
1
 62
1
100
AcDbLine
 10
5293.722411
 20
627.252819
 30
0.0
 11
5312.523005
 21
646.057318
 31
0.0
  0
LINE
  5
833
330
17
100
AcDbEntity
  8
1
 62
1
100
AcDbLine
 10
5293.722411
 20
626.194236
 30
0.0
 11
5312.523005
 21
644.994829
 31
0.0
  0
LINE
  5
834
330
17
100
AcDbEntity
  8
1
 62
1
100
AcDbLine
 10
5293.722411
 20
625.133699
 30
0.0
 11
5312.523005
 21
643.934293
 31
0.0
  0
LINE
  5
835
330
17
100
AcDbEntity
  8
1
 62
1
100
AcDbLine
 10
5293.722411
 20
624.07121
 30
0.0
 11
5312.523005
 21
642.873756
 31
0.0
  0
LINE
  5
836
330
17
100
AcDbEntity
  8
1
 62
1
100
AcDbLine
 10
5293.722411
 20
623.010674
 30
0.0
 11
5312.523005
 21
641.81322
 31
0.0
  0
LINE
  5
837
330
17
100
AcDbEntity
  8
1
 62
1
100
AcDbLine
 10
5293.722411
 20
621.950137
 30
0.0
 11
5312.523005
 21
640.750731
 31
0.0
  0
LINE
  5
838
330
17
100
AcDbEntity
  8
1
 62
1
100
AcDbLine
 10
5293.722411
 20
620.889601
 30
0.0
 11
5312.523005
 21
639.690194
 31
0.0
  0
LINE
  5
839
330
17
100
AcDbEntity
  8
1
 62
1
100
AcDbLine
 10
5293.722411
 20
619.827112
 30
0.0
 11
5312.523005
 21
638.631611
 31
0.0
  0
LINE
  5
83A
330
17
100
AcDbEntity
  8
1
 62
1
100
AcDbLine
 10
5293.722411
 20
618.768529
 30
0.0
 11
5312.523005
 21
637.569122
 31
0.0
  0
LINE
  5
83B
330
17
100
AcDbEntity
  8
1
 62
1
100
AcDbLine
 10
5293.722411
 20
617.709945
 30
0.0
 11
5312.523005
 21
636.510539
 31
0.0
  0
LINE
  5
83C
330
17
100
AcDbEntity
  8
1
 62
1
100
AcDbLine
 10
5293.722411
 20
616.647456
 30
0.0
 11
5312.523005
 21
635.448049
 31
0.0
  0
LINE
  5
83D
330
17
100
AcDbEntity
  8
1
 62
1
100
AcDbLine
 10
5293.722411
 20
615.588873
 30
0.0
 11
5312.523005
 21
634.389466
 31
0.0
  0
LINE
  5
83E
330
17
100
AcDbEntity
  8
1
 62
1
100
AcDbLine
 10
5293.722411
 20
614.526384
 30
0.0
 11
5312.523005
 21
633.326977
 31
0.0
  0
LINE
  5
83F
330
17
100
AcDbEntity
  8
1
 62
1
100
AcDbLine
 10
5293.722411
 20
613.465847
 30
0.0
 11
5312.523005
 21
632.268394
 31
0.0
  0
LINE
  5
840
330
17
100
AcDbEntity
  8
1
 62
1
100
AcDbLine
 10
5293.722411
 20
612.405311
 30
0.0
 11
5312.523005
 21
631.205904
 31
0.0
  0
LINE
  5
841
330
17
100
AcDbEntity
  8
1
 62
1
100
AcDbLine
 10
5293.722411
 20
611.344775
 30
0.0
 11
5312.523005
 21
630.145368
 31
0.0
  0
LINE
  5
842
330
17
100
AcDbEntity
  8
1
 62
1
100
AcDbLine
 10
5293.722411
 20
610.282285
 30
0.0
 11
5312.523005
 21
629.084832
 31
0.0
  0
LINE
  5
843
330
17
100
AcDbEntity
  8
1
 62
1
100
AcDbLine
 10
5293.722411
 20
609.221749
 30
0.0
 11
5312.523005
 21
628.024295
 31
0.0
  0
LINE
  5
844
330
17
100
AcDbEntity
  8
1
 62
1
100
AcDbLine
 10
5293.722411
 20
608.163166
 30
0.0
 11
5312.523005
 21
626.963759
 31
0.0
  0
LINE
  5
845
330
17
100
AcDbEntity
  8
1
 62
1
100
AcDbLine
 10
5293.722411
 20
607.100677
 30
0.0
 11
5351.913236
 21
665.295407
 31
0.0
  0
LINE
  5
846
330
17
100
AcDbEntity
  8
1
 62
1
100
AcDbLine
 10
5293.722411
 20
606.042093
 30
0.0
 11
5352.973772
 21
665.295407
 31
0.0
  0
LINE
  5
847
330
17
100
AcDbEntity
  8
1
 62
1
100
AcDbLine
 10
5294.034908
 20
605.296007
 30
0.0
 11
5354.034308
 21
665.295407
 31
0.0
  0
LINE
  5
848
330
17
100
AcDbEntity
  8
1
 62
1
100
AcDbLine
 10
5295.095445
 20
605.296007
 30
0.0
 11
5355.094845
 21
665.295407
 31
0.0
  0
LINE
  5
849
330
17
100
AcDbEntity
  8
1
 62
1
100
AcDbLine
 10
5296.155981
 20
605.296007
 30
0.0
 11
5356.155381
 21
665.295407
 31
0.0
  0
LINE
  5
84A
330
17
100
AcDbEntity
  8
1
 62
1
100
AcDbLine
 10
5297.216517
 20
605.296007
 30
0.0
 11
5357.215917
 21
665.295407
 31
0.0
  0
LINE
  5
84B
330
17
100
AcDbEntity
  8
1
 62
1
100
AcDbLine
 10
5298.279007
 20
605.296007
 30
0.0
 11
5358.278407
 21
665.295407
 31
0.0
  0
LINE
  5
84C
330
17
100
AcDbEntity
  8
1
 62
1
100
AcDbLine
 10
5299.339543
 20
605.296007
 30
0.0
 11
5359.338943
 21
665.295407
 31
0.0
  0
LINE
  5
84D
330
17
100
AcDbEntity
  8
1
 62
1
100
AcDbLine
 10
5300.400079
 20
605.296007
 30
0.0
 11
5360.399479
 21
665.295407
 31
0.0
  0
LINE
  5
84E
330
17
100
AcDbEntity
  8
1
 62
1
100
AcDbLine
 10
5301.458662
 20
605.296007
 30
0.0
 11
5361.460015
 21
665.295407
 31
0.0
  0
LINE
  5
84F
330
17
100
AcDbEntity
  8
1
 62
1
100
AcDbLine
 10
5302.519198
 20
605.296007
 30
0.0
 11
5362.520552
 21
665.295407
 31
0.0
  0
LINE
  5
850
330
17
100
AcDbEntity
  8
1
 62
1
100
AcDbLine
 10
5303.581688
 20
605.296007
 30
0.0
 11
5363.579135
 21
665.295407
 31
0.0
  0
LINE
  5
851
330
17
100
AcDbEntity
  8
1
 62
1
100
AcDbLine
 10
5304.642224
 20
605.296007
 30
0.0
 11
5364.639671
 21
665.295407
 31
0.0
  0
LINE
  5
852
330
17
100
AcDbEntity
  8
1
 62
1
100
AcDbLine
 10
5305.70276
 20
605.296007
 30
0.0
 11
5365.70216
 21
665.295407
 31
0.0
  0
LINE
  5
853
330
17
100
AcDbEntity
  8
1
 62
1
100
AcDbLine
 10
5306.763297
 20
605.296007
 30
0.0
 11
5366.762697
 21
665.295407
 31
0.0
  0
LINE
  5
854
330
17
100
AcDbEntity
  8
1
 62
1
100
AcDbLine
 10
5307.823833
 20
605.296007
 30
0.0
 11
5367.823233
 21
665.295407
 31
0.0
  0
LINE
  5
855
330
17
100
AcDbEntity
  8
1
 62
1
100
AcDbLine
 10
5308.884369
 20
605.296007
 30
0.0
 11
5368.883769
 21
665.295407
 31
0.0
  0
LINE
  5
856
330
17
100
AcDbEntity
  8
1
 62
1
100
AcDbLine
 10
5309.944905
 20
605.296007
 30
0.0
 11
5369.944305
 21
665.295407
 31
0.0
  0
LINE
  5
857
330
17
100
AcDbEntity
  8
1
 62
1
100
AcDbLine
 10
5311.005442
 20
605.296007
 30
0.0
 11
5371.004842
 21
665.295407
 31
0.0
  0
LINE
  5
858
330
17
100
AcDbEntity
  8
1
 62
1
100
AcDbLine
 10
5312.065978
 20
605.296007
 30
0.0
 11
5372.065378
 21
665.295407
 31
0.0
  0
LINE
  5
859
330
17
100
AcDbEntity
  8
1
 62
1
100
AcDbLine
 10
5313.126514
 20
605.296007
 30
0.0
 11
5372.522405
 21
664.689944
 31
0.0
  0
LINE
  5
85A
330
17
100
AcDbEntity
  8
1
 62
1
100
AcDbLine
 10
5314.187051
 20
605.296007
 30
0.0
 11
5372.522405
 21
663.629408
 31
0.0
  0
LINE
  5
85B
330
17
100
AcDbEntity
  8
1
 62
1
100
AcDbLine
 10
5315.247587
 20
605.296007
 30
0.0
 11
5372.522405
 21
662.568872
 31
0.0
  0
LINE
  5
85C
330
17
100
AcDbEntity
  8
1
 62
1
100
AcDbLine
 10
5316.308123
 20
605.296007
 30
0.0
 11
5372.522405
 21
661.506383
 31
0.0
  0
LINE
  5
85D
330
17
100
AcDbEntity
  8
1
 62
1
100
AcDbLine
 10
5317.370612
 20
605.296007
 30
0.0
 11
5372.522405
 21
660.447799
 31
0.0
  0
LINE
  5
85E
330
17
100
AcDbEntity
  8
1
 62
1
100
AcDbLine
 10
5318.429196
 20
605.296007
 30
0.0
 11
5372.522405
 21
659.38531
 31
0.0
  0
LINE
  5
85F
330
17
100
AcDbEntity
  8
1
 62
1
100
AcDbLine
 10
5319.489732
 20
605.296007
 30
0.0
 11
5372.522405
 21
658.326727
 31
0.0
  0
LINE
  5
860
330
17
100
AcDbEntity
  8
1
 62
1
100
AcDbLine
 10
5320.550268
 20
605.296007
 30
0.0
 11
5372.522405
 21
657.264237
 31
0.0
  0
LINE
  5
861
330
17
100
AcDbEntity
  8
1
 62
1
100
AcDbLine
 10
5351.522615
 20
635.557423
 30
0.0
 11
5372.522405
 21
656.559166
 31
0.0
  0
LINE
  5
862
330
17
100
AcDbEntity
  8
1
 62
1
100
AcDbLine
 10
5351.522615
 20
634.49884
 30
0.0
 11
5372.522405
 21
655.496677
 31
0.0
  0
LINE
  5
863
330
17
100
AcDbEntity
  8
1
 62
1
100
AcDbLine
 10
5351.522615
 20
633.436351
 30
0.0
 11
5372.522405
 21
654.436141
 31
0.0
  0
LINE
  5
864
330
17
100
AcDbEntity
  8
1
 62
1
100
AcDbLine
 10
5351.522615
 20
632.377768
 30
0.0
 11
5372.522405
 21
653.377558
 31
0.0
  0
LINE
  5
865
330
17
100
AcDbEntity
  8
1
 62
1
100
AcDbLine
 10
5351.522615
 20
631.315278
 30
0.0
 11
5372.522405
 21
652.315068
 31
0.0
  0
LINE
  5
866
330
17
100
AcDbEntity
  8
1
 62
1
100
AcDbLine
 10
5351.522615
 20
630.256695
 30
0.0
 11
5372.522405
 21
651.256485
 31
0.0
  0
LINE
  5
867
330
17
100
AcDbEntity
  8
1
 62
1
100
AcDbLine
 10
5351.522615
 20
629.196159
 30
0.0
 11
5372.522405
 21
650.193996
 31
0.0
  0
LINE
  5
868
330
17
100
AcDbEntity
  8
1
 62
1
100
AcDbLine
 10
5351.522615
 20
628.133669
 30
0.0
 11
5372.522405
 21
649.135412
 31
0.0
  0
LINE
  5
869
330
17
100
AcDbEntity
  8
1
 62
1
100
AcDbLine
 10
5351.522615
 20
627.073133
 30
0.0
 11
5372.522405
 21
648.072923
 31
0.0
  0
LINE
  5
86A
330
17
100
AcDbEntity
  8
1
 62
1
100
AcDbLine
 10
5351.522615
 20
626.012597
 30
0.0
 11
5372.522405
 21
647.01434
 31
0.0
  0
LINE
  5
86B
330
17
100
AcDbEntity
  8
1
 62
1
100
AcDbLine
 10
5351.522615
 20
624.952061
 30
0.0
 11
5372.522405
 21
645.951851
 31
0.0
  0
LINE
  5
86C
330
17
100
AcDbEntity
  8
1
 62
1
100
AcDbLine
 10
5351.522615
 20
623.889571
 30
0.0
 11
5372.522405
 21
644.891314
 31
0.0
  0
LINE
  5
86D
330
17
100
AcDbEntity
  8
1
 62
1
100
AcDbLine
 10
5351.522615
 20
622.830988
 30
0.0
 11
5372.522405
 21
643.830778
 31
0.0
  0
LINE
  5
86E
330
17
100
AcDbEntity
  8
1
 62
1
100
AcDbLine
 10
5351.522615
 20
621.772405
 30
0.0
 11
5372.522405
 21
642.770242
 31
0.0
  0
LINE
  5
86F
330
17
100
AcDbEntity
  8
1
 62
1
100
AcDbLine
 10
5351.522615
 20
620.709915
 30
0.0
 11
5372.522405
 21
641.709705
 31
0.0
  0
LINE
  5
870
330
17
100
AcDbEntity
  8
1
 62
1
100
AcDbLine
 10
5351.522615
 20
619.651332
 30
0.0
 11
5372.522405
 21
640.647216
 31
0.0
  0
LINE
  5
871
330
17
100
AcDbEntity
  8
1
 62
1
100
AcDbLine
 10
5351.522615
 20
618.588843
 30
0.0
 11
5372.522405
 21
639.588633
 31
0.0
  0
LINE
  5
872
330
17
100
AcDbEntity
  8
1
 62
1
100
AcDbLine
 10
5351.522615
 20
617.528307
 30
0.0
 11
5372.522405
 21
638.526144
 31
0.0
  0
LINE
  5
873
330
17
100
AcDbEntity
  8
1
 62
1
100
AcDbLine
 10
5351.522615
 20
616.46777
 30
0.0
 11
5372.522405
 21
637.46756
 31
0.0
  0
LINE
  5
874
330
17
100
AcDbEntity
  8
1
 62
1
100
AcDbLine
 10
5351.522615
 20
615.407234
 30
0.0
 11
5372.522405
 21
636.408977
 31
0.0
  0
LINE
  5
875
330
17
100
AcDbEntity
  8
1
 62
1
100
AcDbLine
 10
5351.522615
 20
614.344745
 30
0.0
 11
5372.522405
 21
635.346488
 31
0.0
  0
LINE
  5
876
330
17
100
AcDbEntity
  8
1
 62
1
100
AcDbLine
 10
5351.522615
 20
613.284208
 30
0.0
 11
5372.522405
 21
634.285952
 31
0.0
  0
LINE
  5
877
330
17
100
AcDbEntity
  8
1
 62
1
100
AcDbLine
 10
5351.522615
 20
612.225625
 30
0.0
 11
5372.522405
 21
633.225415
 31
0.0
  0
LINE
  5
878
330
17
100
AcDbEntity
  8
1
 62
1
100
AcDbLine
 10
5351.522615
 20
611.163136
 30
0.0
 11
5372.522405
 21
632.164879
 31
0.0
  0
LINE
  5
879
330
17
100
AcDbEntity
  8
1
 62
1
100
AcDbLine
 10
5351.522615
 20
610.104553
 30
0.0
 11
5372.522405
 21
631.10239
 31
0.0
  0
LINE
  5
87A
330
17
100
AcDbEntity
  8
1
 62
1
100
AcDbLine
 10
5351.522615
 20
609.042063
 30
0.0
 11
5372.522405
 21
630.041853
 31
0.0
  0
LINE
  5
87B
330
17
100
AcDbEntity
  8
1
 62
1
100
AcDbLine
 10
5351.522615
 20
607.98348
 30
0.0
 11
5372.522405
 21
628.981317
 31
0.0
  0
LINE
  5
87C
330
17
100
AcDbEntity
  8
1
 62
1
100
AcDbLine
 10
5351.522615
 20
606.920991
 30
0.0
 11
5372.522405
 21
627.920781
 31
0.0
  0
LINE
  5
87D
330
17
100
AcDbEntity
  8
1
 62
1
100
AcDbLine
 10
5351.522615
 20
605.862408
 30
0.0
 11
5372.522405
 21
626.862198
 31
0.0
  0
LINE
  5
87E
330
17
100
AcDbEntity
  8
1
 62
1
100
AcDbLine
 10
5352.01675
 20
605.296007
 30
0.0
 11
5372.522405
 21
625.799708
 31
0.0
  0
LINE
  5
87F
330
17
100
AcDbEntity
  8
1
 62
1
100
AcDbLine
 10
5353.077287
 20
605.296007
 30
0.0
 11
5372.522405
 21
624.741125
 31
0.0
  0
LINE
  5
880
330
17
100
AcDbEntity
  8
1
 62
1
100
AcDbLine
 10
5354.137823
 20
605.296007
 30
0.0
 11
5372.522405
 21
623.678636
 31
0.0
  0
LINE
  5
881
330
17
100
AcDbEntity
  8
1
 62
1
100
AcDbLine
 10
5355.198359
 20
605.296007
 30
0.0
 11
5372.522405
 21
622.620053
 31
0.0
  0
LINE
  5
882
330
17
100
AcDbEntity
  8
1
 62
1
100
AcDbLine
 10
5356.258895
 20
605.296007
 30
0.0
 11
5372.522405
 21
621.557563
 31
0.0
  0
LINE
  5
883
330
17
100
AcDbEntity
  8
1
 62
1
100
AcDbLine
 10
5357.319432
 20
605.296007
 30
0.0
 11
5372.522405
 21
620.497027
 31
0.0
  0
LINE
  5
884
330
17
100
AcDbEntity
  8
1
 62
1
100
AcDbLine
 10
5358.379968
 20
605.296007
 30
0.0
 11
5372.522405
 21
619.436491
 31
0.0
  0
LINE
  5
885
330
17
100
AcDbEntity
  8
1
 62
1
100
AcDbLine
 10
5359.440504
 20
605.296007
 30
0.0
 11
5372.522405
 21
618.375954
 31
0.0
  0
LINE
  5
886
330
17
100
AcDbEntity
  8
1
 62
1
100
AcDbLine
 10
5360.501041
 20
605.296007
 30
0.0
 11
5372.522405
 21
617.315418
 31
0.0
  0
LINE
  5
887
330
17
100
AcDbEntity
  8
1
 62
1
100
AcDbLine
 10
5361.561577
 20
605.296007
 30
0.0
 11
5372.522405
 21
616.252929
 31
0.0
  0
LINE
  5
888
330
17
100
AcDbEntity
  8
1
 62
1
100
AcDbLine
 10
5362.624066
 20
605.296007
 30
0.0
 11
5372.522405
 21
615.194346
 31
0.0
  0
LINE
  5
889
330
17
100
AcDbEntity
  8
1
 62
1
100
AcDbLine
 10
5363.682649
 20
605.296007
 30
0.0
 11
5372.522405
 21
614.131856
 31
0.0
  0
LINE
  5
88A
330
17
100
AcDbEntity
  8
1
 62
1
100
AcDbLine
 10
5364.743186
 20
605.296007
 30
0.0
 11
5372.522405
 21
613.073273
 31
0.0
  0
LINE
  5
88B
330
17
100
AcDbEntity
  8
1
 62
1
100
AcDbLine
 10
5365.805675
 20
605.296007
 30
0.0
 11
5372.522405
 21
612.010784
 31
0.0
  0
LINE
  5
88C
330
17
100
AcDbEntity
  8
1
 62
1
100
AcDbLine
 10
5366.866211
 20
605.296007
 30
0.0
 11
5372.522405
 21
610.952201
 31
0.0
  0
LINE
  5
88D
330
17
100
AcDbEntity
  8
1
 62
1
100
AcDbLine
 10
5367.924794
 20
605.296007
 30
0.0
 11
5372.522405
 21
609.891664
 31
0.0
  0
LINE
  5
88E
330
17
100
AcDbEntity
  8
1
 62
1
100
AcDbLine
 10
5368.985331
 20
605.296007
 30
0.0
 11
5372.522405
 21
608.831128
 31
0.0
  0
LINE
  5
88F
330
17
100
AcDbEntity
  8
1
 62
1
100
AcDbLine
 10
5370.04782
 20
605.296007
 30
0.0
 11
5372.522405
 21
607.770592
 31
0.0
  0
LINE
  5
890
330
17
100
AcDbEntity
  8
1
 62
1
100
AcDbLine
 10
5371.108356
 20
605.296007
 30
0.0
 11
5372.522405
 21
606.708102
 31
0.0
  0
LINE
  5
891
330
17
100
AcDbEntity
  8
1
 62
1
100
AcDbLine
 10
5372.16694
 20
605.296007
 30
0.0
 11
5372.522405
 21
605.647566
 31
0.0
  0
LINE
  5
892
330
17
100
AcDbEntity
  8
1
 62
1
100
AcDbLine
 10
5181.1376
 20
629.549671
 30
0.0
 11
5181.348535
 21
629.762559
 31
0.0
  0
LINE
  5
893
330
17
100
AcDbEntity
  8
1
 62
1
100
AcDbLine
 10
5181.1376
 20
628.487181
 30
0.0
 11
5182.409071
 21
629.762559
 31
0.0
  0
LINE
  5
894
330
17
100
AcDbEntity
  8
1
 62
1
100
AcDbLine
 10
5181.1376
 20
627.428598
 30
0.0
 11
5183.469608
 21
629.762559
 31
0.0
  0
LINE
  5
895
330
17
100
AcDbEntity
  8
1
 62
1
100
AcDbLine
 10
5181.1376
 20
626.370015
 30
0.0
 11
5184.530144
 21
629.762559
 31
0.0
  0
LINE
  5
896
330
17
100
AcDbEntity
  8
1
 62
1
100
AcDbLine
 10
5181.1376
 20
625.307526
 30
0.0
 11
5185.59068
 21
629.762559
 31
0.0
  0
LINE
  5
897
330
17
100
AcDbEntity
  8
1
 62
1
100
AcDbLine
 10
5181.1376
 20
624.245036
 30
0.0
 11
5186.651217
 21
629.762559
 31
0.0
  0
LINE
  5
898
330
17
100
AcDbEntity
  8
1
 62
1
100
AcDbLine
 10
5181.1376
 20
623.186453
 30
0.0
 11
5187.713706
 21
629.762559
 31
0.0
  0
LINE
  5
899
330
17
100
AcDbEntity
  8
1
 62
1
100
AcDbLine
 10
5181.1376
 20
622.125917
 30
0.0
 11
5188.774242
 21
629.762559
 31
0.0
  0
LINE
  5
89A
330
17
100
AcDbEntity
  8
1
 62
1
100
AcDbLine
 10
5181.1376
 20
621.065381
 30
0.0
 11
5189.832825
 21
629.762559
 31
0.0
  0
LINE
  5
89B
330
17
100
AcDbEntity
  8
1
 62
1
100
AcDbLine
 10
5181.1376
 20
620.002891
 30
0.0
 11
5190.893362
 21
629.762559
 31
0.0
  0
LINE
  5
89C
330
17
100
AcDbEntity
  8
1
 62
1
100
AcDbLine
 10
5181.1376
 20
618.942355
 30
0.0
 11
5191.953898
 21
629.762559
 31
0.0
  0
LINE
  5
89D
330
17
100
AcDbEntity
  8
1
 62
1
100
AcDbLine
 10
5181.1376
 20
617.881819
 30
0.0
 11
5193.016387
 21
629.762559
 31
0.0
  0
LINE
  5
89E
330
17
100
AcDbEntity
  8
1
 62
1
100
AcDbLine
 10
5181.1376
 20
616.823236
 30
0.0
 11
5194.076924
 21
629.762559
 31
0.0
  0
LINE
  5
89F
330
17
100
AcDbEntity
  8
1
 62
1
100
AcDbLine
 10
5181.1376
 20
615.760746
 30
0.0
 11
5195.13746
 21
629.762559
 31
0.0
  0
LINE
  5
8A0
330
17
100
AcDbEntity
  8
1
 62
1
100
AcDbLine
 10
5181.1376
 20
614.702163
 30
0.0
 11
5196.197996
 21
629.762559
 31
0.0
  0
LINE
  5
8A1
330
17
100
AcDbEntity
  8
1
 62
1
100
AcDbLine
 10
5181.1376
 20
613.639674
 30
0.0
 11
5197.258532
 21
629.762559
 31
0.0
  0
LINE
  5
8A2
330
17
100
AcDbEntity
  8
1
 62
1
100
AcDbLine
 10
5181.1376
 20
612.581091
 30
0.0
 11
5198.319069
 21
629.762559
 31
0.0
  0
LINE
  5
8A3
330
17
100
AcDbEntity
  8
1
 62
1
100
AcDbLine
 10
5181.1376
 20
611.520554
 30
0.0
 11
5199.379605
 21
629.762559
 31
0.0
  0
LINE
  5
8A4
330
17
100
AcDbEntity
  8
1
 62
1
100
AcDbLine
 10
5181.1376
 20
610.458065
 30
0.0
 11
5200.440141
 21
629.762559
 31
0.0
  0
LINE
  5
8A5
330
17
100
AcDbEntity
  8
1
 62
1
100
AcDbLine
 10
5181.1376
 20
609.397529
 30
0.0
 11
5201.500677
 21
629.762559
 31
0.0
  0
LINE
  5
8A6
330
17
100
AcDbEntity
  8
1
 62
1
100
AcDbLine
 10
5181.1376
 20
608.336992
 30
0.0
 11
5202.13739
 21
629.338735
 31
0.0
  0
LINE
  5
8A7
330
17
100
AcDbEntity
  8
1
 62
1
100
AcDbLine
 10
5181.1376
 20
607.276456
 30
0.0
 11
5202.13739
 21
628.278199
 31
0.0
  0
LINE
  5
8A8
330
17
100
AcDbEntity
  8
1
 62
1
100
AcDbLine
 10
5181.1376
 20
606.217873
 30
0.0
 11
5202.13739
 21
627.21571
 31
0.0
  0
LINE
  5
8A9
330
17
100
AcDbEntity
  8
1
 62
1
100
AcDbLine
 10
5181.1376
 20
605.155384
 30
0.0
 11
5202.13739
 21
626.155174
 31
0.0
  0
LINE
  5
8AA
330
17
100
AcDbEntity
  8
1
 62
1
100
AcDbLine
 10
5181.1376
 20
604.092894
 30
0.0
 11
5202.13739
 21
625.094637
 31
0.0
  0
LINE
  5
8AB
330
17
100
AcDbEntity
  8
1
 62
1
100
AcDbLine
 10
5181.1376
 20
603.034311
 30
0.0
 11
5202.13739
 21
624.034101
 31
0.0
  0
LINE
  5
8AC
330
17
100
AcDbEntity
  8
1
 62
1
100
AcDbLine
 10
5181.1376
 20
601.975728
 30
0.0
 11
5202.13739
 21
622.971612
 31
0.0
  0
LINE
  5
8AD
330
17
100
AcDbEntity
  8
1
 62
1
100
AcDbLine
 10
5181.1376
 20
600.913238
 30
0.0
 11
5202.13739
 21
621.911075
 31
0.0
  0
LINE
  5
8AE
330
17
100
AcDbEntity
  8
1
 62
1
100
AcDbLine
 10
5181.1376
 20
599.850749
 30
0.0
 11
5202.13739
 21
620.850539
 31
0.0
  0
LINE
  5
8AF
330
17
100
AcDbEntity
  8
1
 62
1
100
AcDbLine
 10
5181.1376
 20
598.792166
 30
0.0
 11
5202.13739
 21
619.791956
 31
0.0
  0
LINE
  5
8B0
330
17
100
AcDbEntity
  8
1
 62
1
100
AcDbLine
 10
5181.1376
 20
597.73163
 30
0.0
 11
5202.13739
 21
618.733373
 31
0.0
  0
LINE
  5
8B1
330
17
100
AcDbEntity
  8
1
 62
1
100
AcDbLine
 10
5181.1376
 20
596.671093
 30
0.0
 11
5202.13739
 21
617.670883
 31
0.0
  0
LINE
  5
8B2
330
17
100
AcDbEntity
  8
1
 62
1
100
AcDbLine
 10
5181.1376
 20
595.608604
 30
0.0
 11
5202.13739
 21
616.608394
 31
0.0
  0
LINE
  5
8B3
330
17
100
AcDbEntity
  8
1
 62
1
100
AcDbLine
 10
5181.1376
 20
594.548068
 30
0.0
 11
5202.13739
 21
615.549811
 31
0.0
  0
LINE
  5
8B4
330
17
100
AcDbEntity
  8
1
 62
1
100
AcDbLine
 10
5181.1376
 20
593.487531
 30
0.0
 11
5202.13739
 21
614.489275
 31
0.0
  0
LINE
  5
8B5
330
17
100
AcDbEntity
  8
1
 62
1
100
AcDbLine
 10
5181.1376
 20
592.428948
 30
0.0
 11
5202.13739
 21
613.426785
 31
0.0
  0
LINE
  5
8B6
330
17
100
AcDbEntity
  8
1
 62
1
100
AcDbLine
 10
5181.1376
 20
591.366459
 30
0.0
 11
5202.13739
 21
612.366249
 31
0.0
  0
LINE
  5
8B7
330
17
100
AcDbEntity
  8
1
 62
1
100
AcDbLine
 10
5181.1376
 20
590.30397
 30
0.0
 11
5202.13739
 21
611.305713
 31
0.0
  0
LINE
  5
8B8
330
17
100
AcDbEntity
  8
1
 62
1
100
AcDbLine
 10
5181.1376
 20
589.245386
 30
0.0
 11
5202.13739
 21
610.245176
 31
0.0
  0
LINE
  5
8B9
330
17
100
AcDbEntity
  8
1
 62
1
100
AcDbLine
 10
5181.1376
 20
588.186803
 30
0.0
 11
5202.13739
 21
609.186593
 31
0.0
  0
LINE
  5
8BA
330
17
100
AcDbEntity
  8
1
 62
1
100
AcDbLine
 10
5181.1376
 20
587.126267
 30
0.0
 11
5202.13739
 21
608.124104
 31
0.0
  0
LINE
  5
8BB
330
17
100
AcDbEntity
  8
1
 62
1
100
AcDbLine
 10
5181.1376
 20
586.063778
 30
0.0
 11
5202.13739
 21
607.061614
 31
0.0
  0
LINE
  5
8BC
330
17
100
AcDbEntity
  8
1
 62
1
100
AcDbLine
 10
5181.1376
 20
585.003241
 30
0.0
 11
5202.13739
 21
606.003031
 31
0.0
  0
LINE
  5
8BD
330
17
100
AcDbEntity
  8
1
 62
1
100
AcDbLine
 10
5181.1376
 20
583.942705
 30
0.0
 11
5202.13739
 21
604.944448
 31
0.0
  0
LINE
  5
8BE
330
17
100
AcDbEntity
  8
1
 62
1
100
AcDbLine
 10
5181.1376
 20
582.882169
 30
0.0
 11
5202.13739
 21
603.881959
 31
0.0
  0
LINE
  5
8BF
330
17
100
AcDbEntity
  8
1
 62
1
100
AcDbLine
 10
5181.1376
 20
581.819679
 30
0.0
 11
5202.13739
 21
602.821422
 31
0.0
  0
LINE
  5
8C0
330
17
100
AcDbEntity
  8
1
 62
1
100
AcDbLine
 10
5181.1376
 20
580.761096
 30
0.0
 11
5202.13739
 21
601.760886
 31
0.0
  0
LINE
  5
8C1
330
17
100
AcDbEntity
  8
1
 62
1
100
AcDbLine
 10
5181.1376
 20
579.698607
 30
0.0
 11
5202.13739
 21
600.70035
 31
0.0
  0
LINE
  5
8C2
330
17
100
AcDbEntity
  8
1
 62
1
100
AcDbLine
 10
5181.1376
 20
578.640024
 30
0.0
 11
5202.13739
 21
599.639814
 31
0.0
  0
LINE
  5
8C3
330
17
100
AcDbEntity
  8
1
 62
1
100
AcDbLine
 10
5181.1376
 20
577.581441
 30
0.0
 11
5233.318719
 21
629.762559
 31
0.0
  0
LINE
  5
8C4
330
17
100
AcDbEntity
  8
1
 62
1
100
AcDbLine
 10
5181.1376
 20
576.518951
 30
0.0
 11
5234.379255
 21
629.762559
 31
0.0
  0
LINE
  5
8C5
330
17
100
AcDbEntity
  8
1
 62
1
100
AcDbLine
 10
5181.1376
 20
575.456462
 30
0.0
 11
5235.439791
 21
629.762559
 31
0.0
  0
LINE
  5
8C6
330
17
100
AcDbEntity
  8
1
 62
1
100
AcDbLine
 10
5181.1376
 20
574.397879
 30
0.0
 11
5236.502281
 21
629.762559
 31
0.0
  0
LINE
  5
8C7
330
17
100
AcDbEntity
  8
1
 62
1
100
AcDbLine
 10
5181.1376
 20
573.337342
 30
0.0
 11
5237.562817
 21
629.762559
 31
0.0
  0
LINE
  5
8C8
330
17
100
AcDbEntity
  8
1
 62
1
100
AcDbLine
 10
5181.1376
 20
572.276806
 30
0.0
 11
5238.623353
 21
629.762559
 31
0.0
  0
LINE
  5
8C9
330
17
100
AcDbEntity
  8
1
 62
1
100
AcDbLine
 10
5181.1376
 20
571.214317
 30
0.0
 11
5239.683889
 21
629.762559
 31
0.0
  0
LINE
  5
8CA
330
17
100
AcDbEntity
  8
1
 62
1
100
AcDbLine
 10
5181.1376
 20
570.15378
 30
0.0
 11
5240.744426
 21
629.762559
 31
0.0
  0
LINE
  5
8CB
330
17
100
AcDbEntity
  8
1
 62
1
100
AcDbLine
 10
5181.805562
 20
569.763159
 30
0.0
 11
5241.803009
 21
629.762559
 31
0.0
  0
LINE
  5
8CC
330
17
100
AcDbEntity
  8
1
 62
1
100
AcDbLine
 10
5182.866098
 20
569.763159
 30
0.0
 11
5242.863545
 21
629.762559
 31
0.0
  0
LINE
  5
8CD
330
17
100
AcDbEntity
  8
1
 62
1
100
AcDbLine
 10
5183.926634
 20
569.763159
 30
0.0
 11
5243.926034
 21
629.762559
 31
0.0
  0
LINE
  5
8CE
330
17
100
AcDbEntity
  8
1
 62
1
100
AcDbLine
 10
5184.987171
 20
569.763159
 30
0.0
 11
5244.986571
 21
629.762559
 31
0.0
  0
LINE
  5
8CF
330
17
100
AcDbEntity
  8
1
 62
1
100
AcDbLine
 10
5186.047707
 20
569.763159
 30
0.0
 11
5246.047107
 21
629.762559
 31
0.0
  0
LINE
  5
8D0
330
17
100
AcDbEntity
  8
1
 62
1
100
AcDbLine
 10
5187.108243
 20
569.763159
 30
0.0
 11
5247.107643
 21
629.762559
 31
0.0
  0
LINE
  5
8D1
330
17
100
AcDbEntity
  8
1
 62
1
100
AcDbLine
 10
5188.170733
 20
569.763159
 30
0.0
 11
5248.16818
 21
629.762559
 31
0.0
  0
LINE
  5
8D2
330
17
100
AcDbEntity
  8
1
 62
1
100
AcDbLine
 10
5189.229316
 20
569.763159
 30
0.0
 11
5249.228716
 21
629.762559
 31
0.0
  0
LINE
  5
8D3
330
17
100
AcDbEntity
  8
1
 62
1
100
AcDbLine
 10
5190.289852
 20
569.763159
 30
0.0
 11
5250.289252
 21
629.762559
 31
0.0
  0
LINE
  5
8D4
330
17
100
AcDbEntity
  8
1
 62
1
100
AcDbLine
 10
5191.350388
 20
569.763159
 30
0.0
 11
5251.349788
 21
629.762559
 31
0.0
  0
LINE
  5
8D5
330
17
100
AcDbEntity
  8
1
 62
1
100
AcDbLine
 10
5192.410925
 20
569.763159
 30
0.0
 11
5252.410325
 21
629.762559
 31
0.0
  0
LINE
  5
8D6
330
17
100
AcDbEntity
  8
1
 62
1
100
AcDbLine
 10
5193.471461
 20
569.763159
 30
0.0
 11
5253.470861
 21
629.762559
 31
0.0
  0
LINE
  5
8D7
330
17
100
AcDbEntity
  8
1
 62
1
100
AcDbLine
 10
5194.531997
 20
569.763159
 30
0.0
 11
5254.531397
 21
629.762559
 31
0.0
  0
LINE
  5
8D8
330
17
100
AcDbEntity
  8
1
 62
1
100
AcDbLine
 10
5195.594486
 20
569.763159
 30
0.0
 11
5255.593886
 21
629.762559
 31
0.0
  0
LINE
  5
8D9
330
17
100
AcDbEntity
  8
1
 62
1
100
AcDbLine
 10
5196.655023
 20
569.763159
 30
0.0
 11
5256.654423
 21
629.762559
 31
0.0
  0
LINE
  5
8DA
330
17
100
AcDbEntity
  8
1
 62
1
100
AcDbLine
 10
5197.713606
 20
569.763159
 30
0.0
 11
5257.713006
 21
629.762559
 31
0.0
  0
LINE
  5
8DB
330
17
100
AcDbEntity
  8
1
 62
1
100
AcDbLine
 10
5198.774142
 20
569.763159
 30
0.0
 11
5258.775495
 21
629.762559
 31
0.0
  0
LINE
  5
8DC
330
17
100
AcDbEntity
  8
1
 62
1
100
AcDbLine
 10
5199.834678
 20
569.763159
 30
0.0
 11
5259.836032
 21
629.762559
 31
0.0
  0
LINE
  5
8DD
330
17
100
AcDbEntity
  8
1
 62
1
100
AcDbLine
 10
5200.897168
 20
569.763159
 30
0.0
 11
5259.937593
 21
628.803585
 31
0.0
  0
LINE
  5
8DE
330
17
100
AcDbEntity
  8
1
 62
1
100
AcDbLine
 10
5201.957704
 20
569.763159
 30
0.0
 11
5259.937593
 21
627.741095
 31
0.0
  0
LINE
  5
8DF
330
17
100
AcDbEntity
  8
1
 62
1
100
AcDbLine
 10
5241.137
 20
607.879966
 30
0.0
 11
5259.937593
 21
626.682512
 31
0.0
  0
LINE
  5
8E0
330
17
100
AcDbEntity
  8
1
 62
1
100
AcDbLine
 10
5241.137
 20
606.819429
 30
0.0
 11
5259.937593
 21
625.621976
 31
0.0
  0
LINE
  5
8E1
330
17
100
AcDbEntity
  8
1
 62
1
100
AcDbLine
 10
5241.137
 20
605.758893
 30
0.0
 11
5259.937593
 21
624.561439
 31
0.0
  0
LINE
  5
8E2
330
17
100
AcDbEntity
  8
1
 62
1
100
AcDbLine
 10
5241.137
 20
604.698357
 30
0.0
 11
5259.937593
 21
623.49895
 31
0.0
  0
LINE
  5
8E3
330
17
100
AcDbEntity
  8
1
 62
1
100
AcDbLine
 10
5241.137
 20
603.639774
 30
0.0
 11
5259.937593
 21
622.438414
 31
0.0
  0
LINE
  5
8E4
330
17
100
AcDbEntity
  8
1
 62
1
100
AcDbLine
 10
5241.137
 20
602.577284
 30
0.0
 11
5259.937593
 21
621.377878
 31
0.0
  0
LINE
  5
8E5
330
17
100
AcDbEntity
  8
1
 62
1
100
AcDbLine
 10
5241.137
 20
601.514795
 30
0.0
 11
5259.937593
 21
620.319294
 31
0.0
  0
LINE
  5
8E6
330
17
100
AcDbEntity
  8
1
 62
1
100
AcDbLine
 10
5241.137
 20
600.456212
 30
0.0
 11
5259.937593
 21
619.256805
 31
0.0
  0
LINE
  5
8E7
330
17
100
AcDbEntity
  8
1
 62
1
100
AcDbLine
 10
5241.137
 20
599.397629
 30
0.0
 11
5259.937593
 21
618.198222
 31
0.0
  0
LINE
  5
8E8
330
17
100
AcDbEntity
  8
1
 62
1
100
AcDbLine
 10
5241.137
 20
598.337092
 30
0.0
 11
5259.937593
 21
617.135732
 31
0.0
  0
LINE
  5
8E9
330
17
100
AcDbEntity
  8
1
 62
1
100
AcDbLine
 10
5241.137
 20
597.274603
 30
0.0
 11
5259.937593
 21
616.077149
 31
0.0
  0
LINE
  5
8EA
330
17
100
AcDbEntity
  8
1
 62
1
100
AcDbLine
 10
5241.137
 20
596.214067
 30
0.0
 11
5259.937593
 21
615.016613
 31
0.0
  0
LINE
  5
8EB
330
17
100
AcDbEntity
  8
1
 62
1
100
AcDbLine
 10
5241.137
 20
595.15353
 30
0.0
 11
5259.937593
 21
613.954124
 31
0.0
  0
LINE
  5
8EC
330
17
100
AcDbEntity
  8
1
 62
1
100
AcDbLine
 10
5241.137
 20
594.092994
 30
0.0
 11
5259.937593
 21
612.893587
 31
0.0
  0
LINE
  5
8ED
330
17
100
AcDbEntity
  8
1
 62
1
100
AcDbLine
 10
5241.137
 20
593.030505
 30
0.0
 11
5259.937593
 21
611.833051
 31
0.0
  0
LINE
  5
8EE
330
17
100
AcDbEntity
  8
1
 62
1
100
AcDbLine
 10
5241.137
 20
591.969969
 30
0.0
 11
5259.937593
 21
610.772515
 31
0.0
  0
LINE
  5
8EF
330
17
100
AcDbEntity
  8
1
 62
1
100
AcDbLine
 10
5241.137
 20
590.909432
 30
0.0
 11
5259.937593
 21
609.713932
 31
0.0
  0
LINE
  5
8F0
330
17
100
AcDbEntity
  8
1
 62
1
100
AcDbLine
 10
5241.137
 20
589.850849
 30
0.0
 11
5259.937593
 21
608.651442
 31
0.0
  0
LINE
  5
8F1
330
17
100
AcDbEntity
  8
1
 62
1
100
AcDbLine
 10
5241.137
 20
588.792266
 30
0.0
 11
5259.937593
 21
607.588953
 31
0.0
  0
LINE
  5
8F2
330
17
100
AcDbEntity
  8
1
 62
1
100
AcDbLine
 10
5241.137
 20
587.729777
 30
0.0
 11
5259.937593
 21
606.53037
 31
0.0
  0
LINE
  5
8F3
330
17
100
AcDbEntity
  8
1
 62
1
100
AcDbLine
 10
5241.137
 20
586.667287
 30
0.0
 11
5259.937593
 21
605.471787
 31
0.0
  0
LINE
  5
8F4
330
17
100
AcDbEntity
  8
1
 62
1
100
AcDbLine
 10
5241.137
 20
585.608704
 30
0.0
 11
5259.937593
 21
604.409297
 31
0.0
  0
LINE
  5
8F5
330
17
100
AcDbEntity
  8
1
 62
1
100
AcDbLine
 10
5241.137
 20
584.548168
 30
0.0
 11
5259.937593
 21
603.346808
 31
0.0
  0
LINE
  5
8F6
330
17
100
AcDbEntity
  8
1
 62
1
100
AcDbLine
 10
5241.137
 20
583.485678
 30
0.0
 11
5259.937593
 21
602.288225
 31
0.0
  0
LINE
  5
8F7
330
17
100
AcDbEntity
  8
1
 62
1
100
AcDbLine
 10
5241.137
 20
582.425142
 30
0.0
 11
5259.937593
 21
601.227688
 31
0.0
  0
LINE
  5
8F8
330
17
100
AcDbEntity
  8
1
 62
1
100
AcDbLine
 10
5241.137
 20
581.364606
 30
0.0
 11
5259.937593
 21
600.167152
 31
0.0
  0
LINE
  5
8F9
330
17
100
AcDbEntity
  8
1
 62
1
100
AcDbLine
 10
5241.137
 20
580.30407
 30
0.0
 11
5259.937593
 21
599.104663
 31
0.0
  0
LINE
  5
8FA
330
17
100
AcDbEntity
  8
1
 62
1
100
AcDbLine
 10
5241.137
 20
579.245486
 30
0.0
 11
5259.937593
 21
598.044127
 31
0.0
  0
LINE
  5
8FB
330
17
100
AcDbEntity
  8
1
 62
1
100
AcDbLine
 10
5241.137
 20
578.182997
 30
0.0
 11
5288.220513
 21
625.270417
 31
0.0
  0
LINE
  5
8FC
330
17
100
AcDbEntity
  8
1
 62
1
100
AcDbLine
 10
5241.137
 20
577.120508
 30
0.0
 11
5288.220513
 21
624.207927
 31
0.0
  0
LINE
  5
8FD
330
17
100
AcDbEntity
  8
1
 62
1
100
AcDbLine
 10
5241.137
 20
576.061924
 30
0.0
 11
5288.220513
 21
623.147391
 31
0.0
  0
LINE
  5
8FE
330
17
100
AcDbEntity
  8
1
 62
1
100
AcDbLine
 10
5241.137
 20
575.003341
 30
0.0
 11
5288.220513
 21
622.086855
 31
0.0
  0
LINE
  5
8FF
330
17
100
AcDbEntity
  8
1
 62
1
100
AcDbLine
 10
5241.137
 20
573.940852
 30
0.0
 11
5288.220513
 21
621.026319
 31
0.0
  0
LINE
  5
900
330
17
100
AcDbEntity
  8
1
 62
1
100
AcDbLine
 10
5241.137
 20
572.880316
 30
0.0
 11
5288.220513
 21
619.963829
 31
0.0
  0
LINE
  5
901
330
17
100
AcDbEntity
  8
1
 62
1
100
AcDbLine
 10
5241.137
 20
571.819779
 30
0.0
 11
5288.220513
 21
618.903293
 31
0.0
  0
LINE
  5
902
330
17
100
AcDbEntity
  8
1
 62
1
100
AcDbLine
 10
5241.137
 20
570.759243
 30
0.0
 11
5288.220513
 21
617.842757
 31
0.0
  0
LINE
  5
903
330
17
100
AcDbEntity
  8
1
 62
1
100
AcDbLine
 10
5241.199499
 20
569.763159
 30
0.0
 11
5288.220513
 21
616.784173
 31
0.0
  0
LINE
  5
904
330
17
100
AcDbEntity
  8
1
 62
1
100
AcDbLine
 10
5242.260035
 20
569.763159
 30
0.0
 11
5288.220513
 21
615.72559
 31
0.0
  0
LINE
  5
905
330
17
100
AcDbEntity
  8
1
 62
1
100
AcDbLine
 10
5243.320572
 20
569.763159
 30
0.0
 11
5288.220513
 21
614.663101
 31
0.0
  0
LINE
  5
906
330
17
100
AcDbEntity
  8
1
 62
1
100
AcDbLine
 10
5244.383061
 20
569.763159
 30
0.0
 11
5288.220513
 21
613.600612
 31
0.0
  0
LINE
  5
907
330
17
100
AcDbEntity
  8
1
 62
1
100
AcDbLine
 10
5245.443597
 20
569.763159
 30
0.0
 11
5288.220513
 21
612.542028
 31
0.0
  0
LINE
  5
908
330
17
100
AcDbEntity
  8
1
 62
1
100
AcDbLine
 10
5246.504134
 20
569.763159
 30
0.0
 11
5288.220513
 21
611.481492
 31
0.0
  0
LINE
  5
909
330
17
100
AcDbEntity
  8
1
 62
1
100
AcDbLine
 10
5247.56467
 20
569.763159
 30
0.0
 11
5288.220513
 21
610.419003
 31
0.0
  0
LINE
  5
90A
330
17
100
AcDbEntity
  8
1
 62
1
100
AcDbLine
 10
5248.623253
 20
569.763159
 30
0.0
 11
5288.220513
 21
609.358466
 31
0.0
  0
LINE
  5
90B
330
17
100
AcDbEntity
  8
1
 62
1
100
AcDbLine
 10
5249.685742
 20
569.763159
 30
0.0
 11
5288.220513
 21
608.29793
 31
0.0
  0
LINE
  5
90C
330
17
100
AcDbEntity
  8
1
 62
1
100
AcDbLine
 10
5250.746279
 20
569.763159
 30
0.0
 11
5288.220513
 21
607.237394
 31
0.0
  0
LINE
  5
90D
330
17
100
AcDbEntity
  8
1
 62
1
100
AcDbLine
 10
5251.806815
 20
569.763159
 30
0.0
 11
5288.220513
 21
606.178811
 31
0.0
  0
LINE
  5
90E
330
17
100
AcDbEntity
  8
1
 62
1
100
AcDbLine
 10
5252.867351
 20
569.763159
 30
0.0
 11
5288.220513
 21
605.116321
 31
0.0
  0
LINE
  5
90F
330
17
100
AcDbEntity
  8
1
 62
1
100
AcDbLine
 10
5253.927888
 20
569.763159
 30
0.0
 11
5288.220513
 21
604.053832
 31
0.0
  0
LINE
  5
910
330
17
100
AcDbEntity
  8
1
 62
1
100
AcDbLine
 10
5254.988424
 20
569.763159
 30
0.0
 11
5288.220513
 21
602.995249
 31
0.0
  0
LINE
  5
911
330
17
100
AcDbEntity
  8
1
 62
1
100
AcDbLine
 10
5256.04896
 20
569.763159
 30
0.0
 11
5288.220513
 21
601.936666
 31
0.0
  0
LINE
  5
912
330
17
100
AcDbEntity
  8
1
 62
1
100
AcDbLine
 10
5257.109496
 20
569.763159
 30
0.0
 11
5288.220513
 21
600.874176
 31
0.0
  0
LINE
  5
913
330
17
100
AcDbEntity
  8
1
 62
1
100
AcDbLine
 10
5258.170033
 20
569.763159
 30
0.0
 11
5288.220513
 21
599.81364
 31
0.0
  0
LINE
  5
914
330
17
100
AcDbEntity
  8
1
 62
1
100
AcDbLine
 10
5259.230569
 20
569.763159
 30
0.0
 11
5288.220513
 21
598.753104
 31
0.0
  0
LINE
  5
915
330
17
100
AcDbEntity
  8
1
 62
1
100
AcDbLine
 10
5260.291105
 20
569.763159
 30
0.0
 11
5288.220513
 21
597.692568
 31
0.0
  0
LINE
  5
916
330
17
100
AcDbEntity
  8
1
 62
1
100
AcDbLine
 10
5261.351641
 20
569.763159
 30
0.0
 11
5288.220513
 21
596.632031
 31
0.0
  0
LINE
  5
917
330
17
100
AcDbEntity
  8
1
 62
1
100
AcDbLine
 10
5262.058666
 20
569.763159
 30
0.0
 11
5288.220513
 21
595.925007
 31
0.0
  0
LINE
  5
918
330
17
100
AcDbEntity
  8
1
 62
1
100
AcDbLine
 10
5337.948532
 20
562.882369
 30
0.0
 11
5337.948532
 21
545.382544
 31
0.0
  0
LINE
  5
919
330
17
100
AcDbEntity
  8
1
 62
1
100
AcDbLine
 10
5337.948532
 20
562.706589
 30
0.0
 11
5338.126264
 21
562.882369
 31
0.0
  0
LINE
  5
91A
330
17
100
AcDbEntity
  8
1
 62
1
100
AcDbLine
 10
5337.948532
 20
561.6441
 30
0.0
 11
5339.186801
 21
562.882369
 31
0.0
  0
LINE
  5
91B
330
17
100
AcDbEntity
  8
1
 62
1
100
AcDbLine
 10
5337.948532
 20
560.583564
 30
0.0
 11
5340.247337
 21
562.882369
 31
0.0
  0
LINE
  5
91C
330
17
100
AcDbEntity
  8
1
 62
1
100
AcDbLine
 10
5337.948532
 20
559.523027
 30
0.0
 11
5341.307873
 21
562.882369
 31
0.0
  0
LINE
  5
91D
330
17
100
AcDbEntity
  8
1
 62
1
100
AcDbLine
 10
5337.948532
 20
558.464444
 30
0.0
 11
5342.368409
 21
562.882369
 31
0.0
  0
LINE
  5
91E
330
17
100
AcDbEntity
  8
1
 62
1
100
AcDbLine
 10
5337.948532
 20
557.405861
 30
0.0
 11
5343.428946
 21
562.882369
 31
0.0
  0
LINE
  5
91F
330
17
100
AcDbEntity
  8
1
 62
1
100
AcDbLine
 10
5337.948532
 20
556.343372
 30
0.0
 11
5344.489482
 21
562.882369
 31
0.0
  0
LINE
  5
920
330
17
100
AcDbEntity
  8
1
 62
1
100
AcDbLine
 10
5337.948532
 20
555.280882
 30
0.0
 11
5345.550018
 21
562.882369
 31
0.0
  0
LINE
  5
921
330
17
100
AcDbEntity
  8
1
 62
1
100
AcDbLine
 10
5337.948532
 20
554.222299
 30
0.0
 11
5346.610554
 21
562.882369
 31
0.0
  0
LINE
  5
922
330
17
100
AcDbEntity
  8
1
 62
1
100
AcDbLine
 10
5343.296134
 20
558.507413
 30
0.0
 11
5347.671091
 21
562.882369
 31
0.0
  0
LINE
  5
923
330
17
100
AcDbEntity
  8
1
 62
1
100
AcDbLine
 10
5344.356671
 20
558.507413
 30
0.0
 11
5348.53241
 21
562.683152
 31
0.0
  0
LINE
  5
924
330
17
100
AcDbEntity
  8
1
 62
1
100
AcDbLine
 10
5345.417207
 20
558.507413
 30
0.0
 11
5349.272637
 21
562.366749
 31
0.0
  0
LINE
  5
925
330
17
100
AcDbEntity
  8
1
 62
1
100
AcDbLine
 10
5346.477743
 20
558.507413
 30
0.0
 11
5349.96599
 21
561.995659
 31
0.0
  0
LINE
  5
926
330
17
100
AcDbEntity
  8
1
 62
1
100
AcDbLine
 10
5347.481639
 20
558.448819
 30
0.0
 11
5350.606608
 21
561.573788
 31
0.0
  0
LINE
  5
927
330
17
100
AcDbEntity
  8
1
 62
1
100
AcDbLine
 10
5348.21796
 20
558.12851
 30
0.0
 11
5351.206212
 21
561.116761
 31
0.0
  0
LINE
  5
928
330
17
100
AcDbEntity
  8
1
 62
1
100
AcDbLine
 10
5348.850766
 20
557.698827
 30
0.0
 11
5351.756987
 21
560.605048
 31
0.0
  0
LINE
  5
929
330
17
100
AcDbEntity
  8
1
 62
1
100
AcDbLine
 10
5349.397636
 20
557.18516
 30
0.0
 11
5352.268701
 21
560.056225
 31
0.0
  0
LINE
  5
92A
330
17
100
AcDbEntity
  8
1
 62
1
100
AcDbLine
 10
5349.856616
 20
556.585557
 30
0.0
 11
5352.731587
 21
559.460528
 31
0.0
  0
LINE
  5
92B
330
17
100
AcDbEntity
  8
1
 62
1
100
AcDbLine
 10
5350.21794
 20
555.882439
 30
0.0
 11
5353.151505
 21
558.817956
 31
0.0
  0
LINE
  5
92C
330
17
100
AcDbEntity
  8
1
 62
1
100
AcDbLine
 10
5350.469891
 20
555.075806
 30
0.0
 11
5353.524548
 21
558.132416
 31
0.0
  0
LINE
  5
92D
330
17
100
AcDbEntity
  8
1
 62
1
100
AcDbLine
 10
5350.573405
 20
554.118785
 30
0.0
 11
5353.844857
 21
557.390236
 31
0.0
  0
LINE
  5
92E
330
17
100
AcDbEntity
  8
1
 62
1
100
AcDbLine
 10
5350.38786
 20
552.874656
 30
0.0
 11
5354.106573
 21
556.593369
 31
0.0
  0
LINE
  5
92F
330
17
100
AcDbEntity
  8
1
 62
1
100
AcDbLine
 10
5343.96019
 20
545.382544
 30
0.0
 11
5354.30579
 21
555.730097
 31
0.0
  0
LINE
  5
930
330
17
100
AcDbEntity
  8
1
 62
1
100
AcDbLine
 10
5345.020727
 20
545.382544
 30
0.0
 11
5354.422976
 21
554.784793
 31
0.0
  0
LINE
  5
931
330
17
100
AcDbEntity
  8
1
 62
1
100
AcDbLine
 10
5346.081263
 20
545.382544
 30
0.0
 11
5354.436648
 21
553.737929
 31
0.0
  0
LINE
  5
932
330
17
100
AcDbEntity
  8
1
 62
1
100
AcDbLine
 10
5347.141799
 20
545.382544
 30
0.0
 11
5354.309696
 21
552.550441
 31
0.0
  0
LINE
  5
933
330
17
100
AcDbEntity
  8
1
 62
1
100
AcDbLine
 10
5348.329287
 20
545.511449
 30
0.0
 11
5353.932747
 21
551.112955
 31
0.0
  0
LINE
  5
934
330
17
100
AcDbEntity
  8
1
 62
1
100
AcDbLine
 10
5350.485516
 20
546.605188
 30
0.0
 11
5352.837055
 21
548.956727
 31
0.0
  0
LINE
  5
935
330
17
100
AcDbEntity
  8
1
 62
1
100
AcDbLine
 10
5342.546142
 20
545.382544
 30
0.0
 11
5346.921098
 21
549.7575
 31
0.0
  0
LINE
  5
936
330
17
100
AcDbEntity
  8
1
 62
1
100
AcDbLine
 10
5343.253166
 20
545.382544
 30
0.0
 11
5347.803902
 21
549.93328
 31
0.0
  0
LINE
  5
937
330
17
100
AcDbEntity
  8
1
 62
1
100
AcDbLine
 10
5341.837165
 20
545.382544
 30
0.0
 11
5346.214074
 21
549.7575
 31
0.0
  0
LINE
  5
938
330
17
100
AcDbEntity
  8
1
 62
1
100
AcDbLine
 10
5340.776628
 20
545.382544
 30
0.0
 11
5345.153538
 21
549.7575
 31
0.0
  0
LINE
  5
939
330
17
100
AcDbEntity
  8
1
 62
1
100
AcDbLine
 10
5339.718045
 20
545.382544
 30
0.0
 11
5344.091048
 21
549.7575
 31
0.0
  0
LINE
  5
93A
330
17
100
AcDbEntity
  8
1
 62
1
100
AcDbLine
 10
5338.657509
 20
545.382544
 30
0.0
 11
5343.030512
 21
549.7575
 31
0.0
  0
LINE
  5
93B
330
17
100
AcDbEntity
  8
1
 62
1
100
AcDbLine
 10
5337.948532
 20
545.734103
 30
0.0
 11
5342.323488
 21
550.109059
 31
0.0
  0
LINE
  5
93C
330
17
100
AcDbEntity
  8
1
 62
1
100
AcDbLine
 10
5337.948532
 20
546.796592
 30
0.0
 11
5342.323488
 21
551.171548
 31
0.0
  0
LINE
  5
93D
330
17
100
AcDbEntity
  8
1
 62
1
100
AcDbLine
 10
5337.948532
 20
547.859081
 30
0.0
 11
5342.323488
 21
552.234038
 31
0.0
  0
LINE
  5
93E
330
17
100
AcDbEntity
  8
1
 62
1
100
AcDbLine
 10
5337.948532
 20
548.917665
 30
0.0
 11
5342.323488
 21
553.292621
 31
0.0
  0
LINE
  5
93F
330
17
100
AcDbEntity
  8
1
 62
1
100
AcDbLine
 10
5337.948532
 20
549.978201
 30
0.0
 11
5342.323488
 21
554.353157
 31
0.0
  0
LINE
  5
940
330
17
100
AcDbEntity
  8
1
 62
1
100
AcDbLine
 10
5337.948532
 20
551.038737
 30
0.0
 11
5342.323488
 21
555.413693
 31
0.0
  0
LINE
  5
941
330
17
100
AcDbEntity
  8
1
 62
1
100
AcDbLine
 10
5337.948532
 20
552.099273
 30
0.0
 11
5342.323488
 21
556.47423
 31
0.0
  0
LINE
  5
942
330
17
100
AcDbEntity
  8
1
 62
1
100
AcDbLine
 10
5337.948532
 20
553.161763
 30
0.0
 11
5342.323488
 21
557.536719
 31
0.0
  0
LINE
  5
943
330
17
100
AcDbEntity
  8
1
 62
1
100
AcDbLine
 10
5308.694918
 20
558.005464
 30
0.0
 11
5313.27495
 21
562.585497
 31
0.0
  0
LINE
  5
944
330
17
100
AcDbEntity
  8
1
 62
1
100
AcDbLine
 10
5302.530917
 20
551.843417
 30
0.0
 11
5307.116809
 21
556.429308
 31
0.0
  0
LINE
  5
945
330
17
100
AcDbEntity
  8
1
 62
1
100
AcDbLine
 10
5310.335527
 20
558.585537
 30
0.0
 11
5314.077677
 21
562.327687
 31
0.0
  0
LINE
  5
946
330
17
100
AcDbEntity
  8
1
 62
1
100
AcDbLine
 10
5302.788727
 20
551.038737
 30
0.0
 11
5306.53283
 21
554.784793
 31
0.0
  0
LINE
  5
947
330
17
100
AcDbEntity
  8
1
 62
1
100
AcDbLine
 10
5315.33157
 20
552.976218
 30
0.0
 11
5319.28075
 21
556.925397
 31
0.0
  0
LINE
  5
948
330
17
100
AcDbEntity
  8
1
 62
1
100
AcDbLine
 10
5308.19297
 20
545.837617
 30
0.0
 11
5312.144102
 21
549.78875
 31
0.0
  0
LINE
  5
949
330
17
100
AcDbEntity
  8
1
 62
1
100
AcDbLine
 10
5315.481959
 20
554.187143
 30
0.0
 11
5318.983878
 21
557.687108
 31
0.0
  0
LINE
  5
94A
330
17
100
AcDbEntity
  8
1
 62
1
100
AcDbLine
 10
5307.429306
 20
546.136442
 30
0.0
 11
5310.929271
 21
549.636407
 31
0.0
  0
LINE
  5
94B
330
17
100
AcDbEntity
  8
1
 62
1
100
AcDbLine
 10
5315.368679
 20
555.134399
 30
0.0
 11
5318.630366
 21
558.396085
 31
0.0
  0
LINE
  5
94C
330
17
100
AcDbEntity
  8
1
 62
1
100
AcDbLine
 10
5306.724235
 20
546.488001
 30
0.0
 11
5309.982014
 21
549.749688
 31
0.0
  0
LINE
  5
94D
330
17
100
AcDbEntity
  8
1
 62
1
100
AcDbLine
 10
5314.73392
 20
556.620713
 30
0.0
 11
5317.772952
 21
559.659745
 31
0.0
  0
LINE
  5
94E
330
17
100
AcDbEntity
  8
1
 62
1
100
AcDbLine
 10
5305.458622
 20
547.347368
 30
0.0
 11
5308.499607
 21
550.3864
 31
0.0
  0
LINE
  5
94F
330
17
100
AcDbEntity
  8
1
 62
1
100
AcDbLine
 10
5315.106963
 20
555.935173
 30
0.0
 11
5318.226073
 21
559.050376
 31
0.0
  0
LINE
  5
950
330
17
100
AcDbEntity
  8
1
 62
1
100
AcDbLine
 10
5306.066038
 20
546.892294
 30
0.0
 11
5309.183194
 21
550.009451
 31
0.0
  0
LINE
  5
951
330
17
100
AcDbEntity
  8
1
 62
1
100
AcDbLine
 10
5313.058156
 20
558.124604
 30
0.0
 11
5316.142109
 21
561.21051
 31
0.0
  0
LINE
  5
952
330
17
100
AcDbEntity
  8
1
 62
1
100
AcDbLine
 10
5303.907856
 20
548.976258
 30
0.0
 11
5306.99181
 21
552.062164
 31
0.0
  0
LINE
  5
953
330
17
100
AcDbEntity
  8
1
 62
1
100
AcDbLine
 10
5313.70854
 20
557.718358
 30
0.0
 11
5316.731947
 21
560.739812
 31
0.0
  0
LINE
  5
954
330
17
100
AcDbEntity
  8
1
 62
1
100
AcDbLine
 10
5304.380508
 20
548.38642
 30
0.0
 11
5307.403915
 21
551.413733
 31
0.0
  0
LINE
  5
955
330
17
100
AcDbEntity
  8
1
 62
1
100
AcDbLine
 10
5314.263222
 20
557.21055
 30
0.0
 11
5317.27491
 21
560.222239
 31
0.0
  0
LINE
  5
956
330
17
100
AcDbEntity
  8
1
 62
1
100
AcDbLine
 10
5304.896128
 20
547.843457
 30
0.0
 11
5307.905863
 21
550.851239
 31
0.0
  0
LINE
  5
957
330
17
100
AcDbEntity
  8
1
 62
1
100
AcDbLine
 10
5312.304257
 20
558.435148
 30
0.0
 11
5315.505397
 21
561.632381
 31
0.0
  0
LINE
  5
958
330
17
100
AcDbEntity
  8
1
 62
1
100
AcDbLine
 10
5303.484033
 20
549.61297
 30
0.0
 11
5306.681266
 21
552.812157
 31
0.0
  0
LINE
  5
959
330
17
100
AcDbEntity
  8
1
 62
1
100
AcDbLine
 10
5311.4195
 20
558.610927
 30
0.0
 11
5314.817904
 21
562.009331
 31
0.0
  0
LINE
  5
95A
330
17
100
AcDbEntity
  8
1
 62
1
100
AcDbLine
 10
5303.110989
 20
550.300463
 30
0.0
 11
5306.50744
 21
553.694961
 31
0.0
  0
LINE
  5
95B
330
17
100
AcDbEntity
  8
1
 62
1
100
AcDbLine
 10
5303.773092
 20
559.093344
 30
0.0
 11
5306.02307
 21
561.345275
 31
0.0
  0
LINE
  5
95C
330
17
100
AcDbEntity
  8
1
 62
1
100
AcDbLine
 10
5302.700837
 20
556.960553
 30
0.0
 11
5308.155861
 21
562.419483
 31
0.0
  0
LINE
  5
95D
330
17
100
AcDbEntity
  8
1
 62
1
100
AcDbLine
 10
5302.343419
 20
555.544552
 30
0.0
 11
5309.573815
 21
562.776901
 31
0.0
  0
LINE
  5
95E
330
17
100
AcDbEntity
  8
1
 62
1
100
AcDbLine
 10
5302.234045
 20
554.372688
 30
0.0
 11
5310.745679
 21
562.886275
 31
0.0
  0
LINE
  5
95F
330
17
100
AcDbEntity
  8
1
 62
1
100
AcDbLine
 10
5302.259435
 20
553.337542
 30
0.0
 11
5311.780825
 21
562.858931
 31
0.0
  0
LINE
  5
960
330
17
100
AcDbEntity
  8
1
 62
1
100
AcDbLine
 10
5302.396153
 20
552.413723
 30
0.0
 11
5312.70269
 21
562.722214
 31
0.0
  0
LINE
  5
961
330
17
100
AcDbEntity
  8
1
 62
1
100
AcDbLine
 10
5309.021087
 20
545.603245
 30
0.0
 11
5319.515122
 21
556.09728
 31
0.0
  0
LINE
  5
962
330
17
100
AcDbEntity
  8
1
 62
1
100
AcDbLine
 10
5309.921468
 20
545.445043
 30
0.0
 11
5319.675277
 21
555.198852
 31
0.0
  0
LINE
  5
963
330
17
100
AcDbEntity
  8
1
 62
1
100
AcDbLine
 10
5310.911693
 20
545.374731
 30
0.0
 11
5319.743636
 21
554.206674
 31
0.0
  0
LINE
  5
964
330
17
100
AcDbEntity
  8
1
 62
1
100
AcDbLine
 10
5312.040588
 20
545.441137
 30
0.0
 11
5319.675277
 21
553.077779
 31
0.0
  0
LINE
  5
965
330
17
100
AcDbEntity
  8
1
 62
1
100
AcDbLine
 10
5313.358934
 20
545.7009
 30
0.0
 11
5319.41942
 21
551.761386
 31
0.0
  0
LINE
  5
966
330
17
100
AcDbEntity
  8
1
 62
1
100
AcDbLine
 10
5315.157744
 20
546.437221
 30
0.0
 11
5318.679193
 21
549.95867
 31
0.0
  0
LINE
  5
967
330
17
100
AcDbEntity
  8
1
 62
1
100
AcDbLine
 10
5316.103047
 20
547.029012
 30
0.0
 11
5318.089355
 21
549.01532
 31
0.0
  0
LINE
  5
968
330
17
100
AcDbEntity
  8
1
 62
1
100
AcDbLine
 10
5281.472534
 20
562.653855
 30
0.0
 11
5281.703
 21
562.882369
 31
0.0
  0
LINE
  5
969
330
17
100
AcDbEntity
  8
1
 62
1
100
AcDbLine
 10
5281.472534
 20
561.591366
 30
0.0
 11
5282.763537
 21
562.882369
 31
0.0
  0
LINE
  5
96A
330
17
100
AcDbEntity
  8
1
 62
1
100
AcDbLine
 10
5281.472534
 20
560.53083
 30
0.0
 11
5283.826026
 21
562.882369
 31
0.0
  0
LINE
  5
96B
330
17
100
AcDbEntity
  8
1
 62
1
100
AcDbLine
 10
5281.472534
 20
559.470294
 30
0.0
 11
5284.886562
 21
562.882369
 31
0.0
  0
LINE
  5
96C
330
17
100
AcDbEntity
  8
1
 62
1
100
AcDbLine
 10
5281.472534
 20
558.409757
 30
0.0
 11
5285.947099
 21
562.882369
 31
0.0
  0
LINE
  5
96D
330
17
100
AcDbEntity
  8
1
 62
1
100
AcDbLine
 10
5281.472534
 20
557.351174
 30
0.0
 11
5286.618967
 21
562.495654
 31
0.0
  0
LINE
  5
96E
330
17
100
AcDbEntity
  8
1
 62
1
100
AcDbLine
 10
5281.472534
 20
556.288685
 30
0.0
 11
5286.906073
 21
561.722224
 31
0.0
  0
LINE
  5
96F
330
17
100
AcDbEntity
  8
1
 62
1
100
AcDbLine
 10
5281.472534
 20
555.226195
 30
0.0
 11
5287.197086
 21
560.952701
 31
0.0
  0
LINE
  5
970
330
17
100
AcDbEntity
  8
1
 62
1
100
AcDbLine
 10
5281.472534
 20
554.167612
 30
0.0
 11
5287.486146
 21
560.179271
 31
0.0
  0
LINE
  5
971
330
17
100
AcDbEntity
  8
1
 62
1
100
AcDbLine
 10
5281.472534
 20
553.109029
 30
0.0
 11
5287.775205
 21
559.409747
 31
0.0
  0
LINE
  5
972
330
17
100
AcDbEntity
  8
1
 62
1
100
AcDbLine
 10
5281.472534
 20
552.04654
 30
0.0
 11
5288.064265
 21
558.636317
 31
0.0
  0
LINE
  5
973
330
17
100
AcDbEntity
  8
1
 62
1
100
AcDbLine
 10
5281.472534
 20
551.339515
 30
0.0
 11
5285.472494
 21
555.339475
 31
0.0
  0
LINE
  5
974
330
17
100
AcDbEntity
  8
1
 62
1
100
AcDbLine
 10
5285.581868
 20
555.095337
 30
0.0
 11
5288.353325
 21
557.868747
 31
0.0
  0
LINE
  5
975
330
17
100
AcDbEntity
  8
1
 62
1
100
AcDbLine
 10
5281.472534
 20
550.277026
 30
0.0
 11
5285.472494
 21
554.280892
 31
0.0
  0
LINE
  5
976
330
17
100
AcDbEntity
  8
1
 62
1
100
AcDbLine
 10
5285.868974
 20
554.323861
 30
0.0
 11
5288.644337
 21
557.09727
 31
0.0
  0
LINE
  5
977
330
17
100
AcDbEntity
  8
1
 62
1
100
AcDbLine
 10
5281.472534
 20
549.21649
 30
0.0
 11
5285.472494
 21
553.218403
 31
0.0
  0
LINE
  5
978
330
17
100
AcDbEntity
  8
1
 62
1
100
AcDbLine
 10
5286.159987
 20
553.552384
 30
0.0
 11
5288.933397
 21
556.325794
 31
0.0
  0
LINE
  5
979
330
17
100
AcDbEntity
  8
1
 62
1
100
AcDbLine
 10
5281.472534
 20
548.155954
 30
0.0
 11
5285.472494
 21
552.155914
 31
0.0
  0
LINE
  5
97A
330
17
100
AcDbEntity
  8
1
 62
1
100
AcDbLine
 10
5295.624736
 20
561.956597
 30
0.0
 11
5296.552461
 21
562.882369
 31
0.0
  0
LINE
  5
97B
330
17
100
AcDbEntity
  8
1
 62
1
100
AcDbLine
 10
5286.449047
 20
552.780907
 30
0.0
 11
5289.222456
 21
555.554317
 31
0.0
  0
LINE
  5
97C
330
17
100
AcDbEntity
  8
1
 62
1
100
AcDbLine
 10
5281.472534
 20
547.09737
 30
0.0
 11
5285.472494
 21
551.09733
 31
0.0
  0
LINE
  5
97D
330
17
100
AcDbEntity
  8
1
 62
1
100
AcDbLine
 10
5294.988024
 20
560.257395
 30
0.0
 11
5297.612998
 21
562.882369
 31
0.0
  0
LINE
  5
97E
330
17
100
AcDbEntity
  8
1
 62
1
100
AcDbLine
 10
5286.738106
 20
552.009431
 30
0.0
 11
5289.511516
 21
554.78284
 31
0.0
  0
LINE
  5
97F
330
17
100
AcDbEntity
  8
1
 62
1
100
AcDbLine
 10
5281.472534
 20
546.038787
 30
0.0
 11
5285.472494
 21
550.036794
 31
0.0
  0
LINE
  5
980
330
17
100
AcDbEntity
  8
1
 62
1
100
AcDbLine
 10
5294.351311
 20
558.562099
 30
0.0
 11
5298.673534
 21
562.882369
 31
0.0
  0
LINE
  5
981
330
17
100
AcDbEntity
  8
1
 62
1
100
AcDbLine
 10
5287.027166
 20
551.237954
 30
0.0
 11
5289.800576
 21
554.011364
 31
0.0
  0
LINE
  5
982
330
17
100
AcDbEntity
  8
1
 62
1
100
AcDbLine
 10
5281.880733
 20
545.382544
 30
0.0
 11
5285.472494
 21
548.976258
 31
0.0
  0
LINE
  5
983
330
17
100
AcDbEntity
  8
1
 62
1
100
AcDbLine
 10
5293.714599
 20
556.862898
 30
0.0
 11
5299.73407
 21
562.882369
 31
0.0
  0
LINE
  5
984
330
17
100
AcDbEntity
  8
1
 62
1
100
AcDbLine
 10
5287.316226
 20
550.466477
 30
0.0
 11
5290.089635
 21
553.239887
 31
0.0
  0
LINE
  5
985
330
17
100
AcDbEntity
  8
1
 62
1
100
AcDbLine
 10
5282.941269
 20
545.382544
 30
0.0
 11
5285.472494
 21
547.913768
 31
0.0
  0
LINE
  5
986
330
17
100
AcDbEntity
  8
1
 62
1
100
AcDbLine
 10
5293.07984
 20
555.167602
 30
0.0
 11
5300.794606
 21
562.882369
 31
0.0
  0
LINE
  5
987
330
17
100
AcDbEntity
  8
1
 62
1
100
AcDbLine
 10
5287.605285
 20
549.695001
 30
0.0
 11
5290.378695
 21
552.46841
 31
0.0
  0
LINE
  5
988
330
17
100
AcDbEntity
  8
1
 62
1
100
AcDbLine
 10
5284.001806
 20
545.382544
 30
0.0
 11
5285.472494
 21
546.853232
 31
0.0
  0
LINE
  5
989
330
17
100
AcDbEntity
  8
1
 62
1
100
AcDbLine
 10
5292.441174
 20
553.4684
 30
0.0
 11
5300.972339
 21
561.999565
 31
0.0
  0
LINE
  5
98A
330
17
100
AcDbEntity
  8
1
 62
1
100
AcDbLine
 10
5287.894345
 20
548.923524
 30
0.0
 11
5290.667755
 21
551.696934
 31
0.0
  0
LINE
  5
98B
330
17
100
AcDbEntity
  8
1
 62
1
100
AcDbLine
 10
5285.062342
 20
545.382544
 30
0.0
 11
5285.472494
 21
545.792696
 31
0.0
  0
LINE
  5
98C
330
17
100
AcDbEntity
  8
1
 62
1
100
AcDbLine
 10
5291.806415
 20
551.775058
 30
0.0
 11
5300.972339
 21
560.940982
 31
0.0
  0
LINE
  5
98D
330
17
100
AcDbEntity
  8
1
 62
1
100
AcDbLine
 10
5288.183404
 20
548.152047
 30
0.0
 11
5290.956814
 21
550.925457
 31
0.0
  0
LINE
  5
98E
330
17
100
AcDbEntity
  8
1
 62
1
100
AcDbLine
 10
5288.474417
 20
547.380571
 30
0.0
 11
5300.972339
 21
559.880446
 31
0.0
  0
LINE
  5
98F
330
17
100
AcDbEntity
  8
1
 62
1
100
AcDbLine
 10
5296.972379
 20
555.173461
 30
0.0
 11
5300.972339
 21
559.171468
 31
0.0
  0
LINE
  5
990
330
17
100
AcDbEntity
  8
1
 62
1
100
AcDbLine
 10
5288.761524
 20
546.609094
 30
0.0
 11
5296.632539
 21
554.480109
 31
0.0
  0
LINE
  5
991
330
17
100
AcDbEntity
  8
1
 62
1
100
AcDbLine
 10
5296.972379
 20
554.110972
 30
0.0
 11
5300.972339
 21
558.112885
 31
0.0
  0
LINE
  5
992
330
17
100
AcDbEntity
  8
1
 62
1
100
AcDbLine
 10
5289.052536
 20
545.837617
 30
0.0
 11
5295.995826
 21
552.780907
 31
0.0
  0
LINE
  5
993
330
17
100
AcDbEntity
  8
1
 62
1
100
AcDbLine
 10
5296.972379
 20
553.050436
 30
0.0
 11
5300.972339
 21
557.050396
 31
0.0
  0
LINE
  5
994
330
17
100
AcDbEntity
  8
1
 62
1
100
AcDbLine
 10
5289.657999
 20
545.382544
 30
0.0
 11
5295.361067
 21
551.085612
 31
0.0
  0
LINE
  5
995
330
17
100
AcDbEntity
  8
1
 62
1
100
AcDbLine
 10
5296.972379
 20
551.9899
 30
0.0
 11
5300.972339
 21
555.987906
 31
0.0
  0
LINE
  5
996
330
17
100
AcDbEntity
  8
1
 62
1
100
AcDbLine
 10
5290.720488
 20
545.382544
 30
0.0
 11
5294.724355
 21
549.38641
 31
0.0
  0
LINE
  5
997
330
17
100
AcDbEntity
  8
1
 62
1
100
AcDbLine
 10
5296.972379
 20
550.929363
 30
0.0
 11
5300.972339
 21
554.929323
 31
0.0
  0
LINE
  5
998
330
17
100
AcDbEntity
  8
1
 62
1
100
AcDbLine
 10
5291.781025
 20
545.382544
 30
0.0
 11
5294.087642
 21
547.693068
 31
0.0
  0
LINE
  5
999
330
17
100
AcDbEntity
  8
1
 62
1
100
AcDbLine
 10
5296.972379
 20
549.87078
 30
0.0
 11
5300.972339
 21
553.87074
 31
0.0
  0
LINE
  5
99A
330
17
100
AcDbEntity
  8
1
 62
1
100
AcDbLine
 10
5292.841561
 20
545.382544
 30
0.0
 11
5293.45093
 21
545.993866
 31
0.0
  0
LINE
  5
99B
330
17
100
AcDbEntity
  8
1
 62
1
100
AcDbLine
 10
5296.972379
 20
548.808291
 30
0.0
 11
5300.972339
 21
552.808251
 31
0.0
  0
LINE
  5
99C
330
17
100
AcDbEntity
  8
1
 62
1
100
AcDbLine
 10
5296.972379
 20
547.745801
 30
0.0
 11
5300.972339
 21
551.747714
 31
0.0
  0
LINE
  5
99D
330
17
100
AcDbEntity
  8
1
 62
1
100
AcDbLine
 10
5296.972379
 20
546.687218
 30
0.0
 11
5300.972339
 21
550.687178
 31
0.0
  0
LINE
  5
99E
330
17
100
AcDbEntity
  8
1
 62
1
100
AcDbLine
 10
5296.972379
 20
545.628635
 30
0.0
 11
5300.972339
 21
549.626642
 31
0.0
  0
LINE
  5
99F
330
17
100
AcDbEntity
  8
1
 62
1
100
AcDbLine
 10
5297.79073
 20
545.382544
 30
0.0
 11
5300.972339
 21
548.566106
 31
0.0
  0
LINE
  5
9A0
330
17
100
AcDbEntity
  8
1
 62
1
100
AcDbLine
 10
5298.851266
 20
545.382544
 30
0.0
 11
5300.972339
 21
547.503616
 31
0.0
  0
LINE
  5
9A1
330
17
100
AcDbEntity
  8
1
 62
1
100
AcDbLine
 10
5299.911803
 20
545.382544
 30
0.0
 11
5300.972339
 21
546.44308
 31
0.0
  0
LINE
  5
9A2
330
17
100
AcDbEntity
  8
1
 62
1
100
AcDbLine
 10
5300.265315
 20
545.382544
 30
0.0
 11
5300.972339
 21
546.091521
 31
0.0
  0
LINE
  5
9A3
330
17
100
AcDbEntity
  8
1
 62
1
100
AcDbLine
 10
5259.013774
 20
549.202818
 30
0.0
 11
5262.76569
 21
552.952781
 31
0.0
  0
LINE
  5
9A4
330
17
100
AcDbEntity
  8
1
 62
1
100
AcDbLine
 10
5255.197406
 20
545.382544
 30
0.0
 11
5257.416134
 21
547.605178
 31
0.0
  0
LINE
  5
9A5
330
17
100
AcDbEntity
  8
1
 62
1
100
AcDbLine
 10
5259.02354
 20
550.271167
 30
0.0
 11
5262.25007
 21
553.49965
 31
0.0
  0
LINE
  5
9A6
330
17
100
AcDbEntity
  8
1
 62
1
100
AcDbLine
 10
5254.13687
 20
545.382544
 30
0.0
 11
5256.355598
 21
547.605178
 31
0.0
  0
LINE
  5
9A7
330
17
100
AcDbEntity
  8
1
 62
1
100
AcDbLine
 10
5258.726668
 20
551.034831
 30
0.0
 11
5261.658279
 21
553.968395
 31
0.0
  0
LINE
  5
9A8
330
17
100
AcDbEntity
  8
1
 62
1
100
AcDbLine
 10
5253.07438
 20
545.382544
 30
0.0
 11
5255.345842
 21
547.654005
 31
0.0
  0
LINE
  5
9A9
330
17
100
AcDbEntity
  8
1
 62
1
100
AcDbLine
 10
5258.248157
 20
551.61881
 30
0.0
 11
5263.689509
 21
557.058208
 31
0.0
  0
LINE
  5
9AA
330
17
100
AcDbEntity
  8
1
 62
1
100
AcDbLine
 10
5252.013844
 20
545.382544
 30
0.0
 11
5255.345842
 21
548.714542
 31
0.0
  0
LINE
  5
9AB
330
17
100
AcDbEntity
  8
1
 62
1
100
AcDbLine
 10
5257.482539
 20
551.911775
 30
0.0
 11
5263.902397
 21
558.331633
 31
0.0
  0
LINE
  5
9AC
330
17
100
AcDbEntity
  8
1
 62
1
100
AcDbLine
 10
5251.414241
 20
545.843477
 30
0.0
 11
5255.345842
 21
549.775078
 31
0.0
  0
LINE
  5
9AD
330
17
100
AcDbEntity
  8
1
 62
1
100
AcDbLine
 10
5256.422003
 20
551.911775
 30
0.0
 11
5263.835992
 21
559.327717
 31
0.0
  0
LINE
  5
9AE
330
17
100
AcDbEntity
  8
1
 62
1
100
AcDbLine
 10
5251.414241
 20
546.904013
 30
0.0
 11
5255.345842
 21
550.837567
 31
0.0
  0
LINE
  5
9AF
330
17
100
AcDbEntity
  8
1
 62
1
100
AcDbLine
 10
5255.625136
 20
560.661688
 30
0.0
 11
5257.84777
 21
562.882369
 31
0.0
  0
LINE
  5
9B0
330
17
100
AcDbEntity
  8
1
 62
1
100
AcDbLine
 10
5251.414241
 20
556.09728
 30
0.0
 11
5255.345842
 21
560.026929
 31
0.0
  0
LINE
  5
9B1
330
17
100
AcDbEntity
  8
1
 62
1
100
AcDbLine
 10
5256.687626
 20
560.661688
 30
0.0
 11
5258.908306
 21
562.882369
 31
0.0
  0
LINE
  5
9B2
330
17
100
AcDbEntity
  8
1
 62
1
100
AcDbLine
 10
5251.414241
 20
555.036744
 30
0.0
 11
5255.345842
 21
558.968345
 31
0.0
  0
LINE
  5
9B3
330
17
100
AcDbEntity
  8
1
 62
1
100
AcDbLine
 10
5257.748162
 20
560.661688
 30
0.0
 11
5259.96689
 21
562.882369
 31
0.0
  0
LINE
  5
9B4
330
17
100
AcDbEntity
  8
1
 62
1
100
AcDbLine
 10
5251.414241
 20
553.976208
 30
0.0
 11
5255.345842
 21
557.907809
 31
0.0
  0
LINE
  5
9B5
330
17
100
AcDbEntity
  8
1
 62
1
100
AcDbLine
 10
5258.382921
 20
560.237864
 30
0.0
 11
5261.027426
 21
562.882369
 31
0.0
  0
LINE
  5
9B6
330
17
100
AcDbEntity
  8
1
 62
1
100
AcDbLine
 10
5251.414241
 20
552.913718
 30
0.0
 11
5255.345842
 21
556.847273
 31
0.0
  0
LINE
  5
9B7
330
17
100
AcDbEntity
  8
1
 62
1
100
AcDbLine
 10
5258.818464
 20
559.61287
 30
0.0
 11
5261.814527
 21
562.608934
 31
0.0
  0
LINE
  5
9B8
330
17
100
AcDbEntity
  8
1
 62
1
100
AcDbLine
 10
5251.414241
 20
551.853182
 30
0.0
 11
5255.914196
 21
556.35509
 31
0.0
  0
LINE
  5
9B9
330
17
100
AcDbEntity
  8
1
 62
1
100
AcDbLine
 10
5259.060649
 20
558.792566
 30
0.0
 11
5262.390694
 21
562.120658
 31
0.0
  0
LINE
  5
9BA
330
17
100
AcDbEntity
  8
1
 62
1
100
AcDbLine
 10
5251.414241
 20
550.792646
 30
0.0
 11
5256.974732
 21
556.35509
 31
0.0
  0
LINE
  5
9BB
330
17
100
AcDbEntity
  8
1
 62
1
100
AcDbLine
 10
5258.888775
 20
557.562109
 30
0.0
 11
5262.886782
 21
561.560116
 31
0.0
  0
LINE
  5
9BC
330
17
100
AcDbEntity
  8
1
 62
1
100
AcDbLine
 10
5251.414241
 20
550.085622
 30
0.0
 11
5257.681756
 21
556.35509
 31
0.0
  0
LINE
  5
9BD
330
17
100
AcDbEntity
  8
1
 62
1
100
AcDbLine
 10
5261.843824
 20
545.667697
 30
0.0
 11
5262.925844
 21
546.747764
 31
0.0
  0
LINE
  5
9BE
330
17
100
AcDbEntity
  8
1
 62
1
100
AcDbLine
 10
5260.498134
 20
545.382544
 30
0.0
 11
5263.794976
 21
548.679386
 31
0.0
  0
LINE
  5
9BF
330
17
100
AcDbEntity
  8
1
 62
1
100
AcDbLine
 10
5259.437598
 20
545.382544
 30
0.0
 11
5263.902397
 21
549.847343
 31
0.0
  0
LINE
  5
9C0
330
17
100
AcDbEntity
  8
1
 62
1
100
AcDbLine
 10
5258.377062
 20
545.382544
 30
0.0
 11
5263.804742
 21
550.808271
 31
0.0
  0
LINE
  5
9C1
330
17
100
AcDbEntity
  8
1
 62
1
100
AcDbLine
 10
5257.316526
 20
545.382544
 30
0.0
 11
5263.552791
 21
551.61881
 31
0.0
  0
LINE
  5
9C2
330
17
100
AcDbEntity
  8
1
 62
1
100
AcDbLine
 10
5256.255989
 20
545.382544
 30
0.0
 11
5263.201232
 21
552.327787
 31
0.0
  0
LINE
  5
9C3
330
17
100
AcDbEntity
  8
1
 62
1
100
AcDbLine
 10
5251.414241
 20
547.966502
 30
0.0
 11
5263.627009
 21
560.179271
 31
0.0
  0
LINE
  5
9C4
330
17
100
AcDbEntity
  8
1
 62
1
100
AcDbLine
 10
5251.414241
 20
549.027039
 30
0.0
 11
5263.302794
 21
560.915592
 31
0.0
  0
LINE
  5
9C5
330
17
100
AcDbEntity
  8
1
 62
1
100
AcDbLine
 10
5251.414241
 20
557.155864
 30
0.0
 11
5257.138793
 21
562.882369
 31
0.0
  0
LINE
  5
9C6
330
17
100
AcDbEntity
  8
1
 62
1
100
AcDbLine
 10
5251.414241
 20
562.458545
 30
0.0
 11
5251.836112
 21
562.882369
 31
0.0
  0
LINE
  5
9C7
330
17
100
AcDbEntity
  8
1
 62
1
100
AcDbLine
 10
5251.414241
 20
561.398009
 30
0.0
 11
5252.898601
 21
562.882369
 31
0.0
  0
LINE
  5
9C8
330
17
100
AcDbEntity
  8
1
 62
1
100
AcDbLine
 10
5251.414241
 20
560.339425
 30
0.0
 11
5253.959137
 21
562.882369
 31
0.0
  0
LINE
  5
9C9
330
17
100
AcDbEntity
  8
1
 62
1
100
AcDbLine
 10
5251.414241
 20
559.280842
 30
0.0
 11
5255.01772
 21
562.882369
 31
0.0
  0
LINE
  5
9CA
330
17
100
AcDbEntity
  8
1
 62
1
100
AcDbLine
 10
5251.414241
 20
558.218353
 30
0.0
 11
5256.078257
 21
562.882369
 31
0.0
  0
LINE
  5
9CB
330
17
100
AcDbEntity
  8
1
 62
1
100
AcDbLine
 10
5261.414141
 20
545.382544
 30
0.0
 11
5251.414241
 21
545.382544
 31
0.0
  0
LINE
  5
9CC
330
17
100
AcDbEntity
  8
1
 62
1
100
AcDbLine
 10
5251.414241
 20
545.382544
 30
0.0
 11
5251.414241
 21
562.882369
 31
0.0
  0
LINE
  5
9CD
330
17
100
AcDbEntity
  8
1
 62
1
100
AcDbLine
 10
5255.345842
 20
547.605178
 30
0.0
 11
5257.845817
 21
547.605178
 31
0.0
  0
LINE
  5
9CE
330
17
100
AcDbEntity
  8
1
 62
1
100
AcDbLine
 10
5255.345842
 20
551.911775
 30
0.0
 11
5257.845817
 21
551.911775
 31
0.0
  0
LINE
  5
9CF
330
17
100
AcDbEntity
  8
1
 62
1
100
AcDbLine
 10
5255.345842
 20
551.911775
 30
0.0
 11
5255.345842
 21
547.605178
 31
0.0
  0
LINE
  5
9D0
330
17
100
AcDbEntity
  8
1
 62
1
100
AcDbLine
 10
5255.345842
 20
556.35509
 30
0.0
 11
5257.845817
 21
556.35509
 31
0.0
  0
LINE
  5
9D1
330
17
100
AcDbEntity
  8
1
 62
1
100
AcDbLine
 10
5255.345842
 20
560.661688
 30
0.0
 11
5255.345842
 21
556.35509
 31
0.0
  0
LINE
  5
9D2
330
17
100
AcDbEntity
  8
1
 62
1
100
AcDbLine
 10
5257.845817
 20
560.661688
 30
0.0
 11
5255.345842
 21
560.661688
 31
0.0
  0
LINE
  5
9D3
330
17
100
AcDbEntity
  8
1
 62
1
100
AcDbLine
 10
5251.414241
 20
562.882369
 30
0.0
 11
5261.414141
 21
562.882369
 31
0.0
  0
LINE
  5
9D4
330
17
100
AcDbEntity
  8
1
 62
1
100
AcDbLine
 10
5208.664668
 20
562.460498
 30
0.0
 11
5209.086539
 21
562.882369
 31
0.0
  0
LINE
  5
9D5
330
17
100
AcDbEntity
  8
1
 62
1
100
AcDbLine
 10
5208.664668
 20
561.398009
 30
0.0
 11
5210.147075
 21
562.882369
 31
0.0
  0
LINE
  5
9D6
330
17
100
AcDbEntity
  8
1
 62
1
100
AcDbLine
 10
5208.664668
 20
560.339425
 30
0.0
 11
5211.209565
 21
562.882369
 31
0.0
  0
LINE
  5
9D7
330
17
100
AcDbEntity
  8
1
 62
1
100
AcDbLine
 10
5208.664668
 20
559.280842
 30
0.0
 11
5212.270101
 21
562.882369
 31
0.0
  0
LINE
  5
9D8
330
17
100
AcDbEntity
  8
1
 62
1
100
AcDbLine
 10
5208.664668
 20
558.218353
 30
0.0
 11
5213.330637
 21
562.882369
 31
0.0
  0
LINE
  5
9D9
330
17
100
AcDbEntity
  8
1
 62
1
100
AcDbLine
 10
5208.664668
 20
557.155864
 30
0.0
 11
5214.391174
 21
562.882369
 31
0.0
  0
LINE
  5
9DA
330
17
100
AcDbEntity
  8
1
 62
1
100
AcDbLine
 10
5208.664668
 20
556.09728
 30
0.0
 11
5215.45171
 21
562.882369
 31
0.0
  0
LINE
  5
9DB
330
17
100
AcDbEntity
  8
1
 62
1
100
AcDbLine
 10
5215.631396
 20
559.882399
 30
0.0
 11
5218.633319
 21
562.882369
 31
0.0
  0
LINE
  5
9DC
330
17
100
AcDbEntity
  8
1
 62
1
100
AcDbLine
 10
5208.664668
 20
552.913718
 30
0.0
 11
5212.664628
 21
556.913678
 31
0.0
  0
LINE
  5
9DD
330
17
100
AcDbEntity
  8
1
 62
1
100
AcDbLine
 10
5216.691932
 20
559.882399
 30
0.0
 11
5219.164563
 21
562.353077
 31
0.0
  0
LINE
  5
9DE
330
17
100
AcDbEntity
  8
1
 62
1
100
AcDbLine
 10
5208.664668
 20
551.853182
 30
0.0
 11
5212.664628
 21
555.855095
 31
0.0
  0
LINE
  5
9DF
330
17
100
AcDbEntity
  8
1
 62
1
100
AcDbLine
 10
5217.752468
 20
559.882399
 30
0.0
 11
5219.164563
 21
561.292541
 31
0.0
  0
LINE
  5
9E0
330
17
100
AcDbEntity
  8
1
 62
1
100
AcDbLine
 10
5208.664668
 20
550.792646
 30
0.0
 11
5213.504464
 21
555.634394
 31
0.0
  0
LINE
  5
9E1
330
17
100
AcDbEntity
  8
1
 62
1
100
AcDbLine
 10
5218.813004
 20
559.882399
 30
0.0
 11
5219.164563
 21
560.232005
 31
0.0
  0
LINE
  5
9E2
330
17
100
AcDbEntity
  8
1
 62
1
100
AcDbLine
 10
5208.664668
 20
549.734063
 30
0.0
 11
5214.565
 21
555.634394
 31
0.0
  0
LINE
  5
9E3
330
17
100
AcDbEntity
  8
1
 62
1
100
AcDbLine
 10
5208.664668
 20
548.671573
 30
0.0
 11
5215.625536
 21
555.634394
 31
0.0
  0
LINE
  5
9E4
330
17
100
AcDbEntity
  8
1
 62
1
100
AcDbLine
 10
5208.664668
 20
546.904013
 30
0.0
 11
5212.664628
 21
550.905926
 31
0.0
  0
LINE
  5
9E5
330
17
100
AcDbEntity
  8
1
 62
1
100
AcDbLine
 10
5214.746639
 20
552.634424
 30
0.0
 11
5217.748562
 21
555.634394
 31
0.0
  0
LINE
  5
9E6
330
17
100
AcDbEntity
  8
1
 62
1
100
AcDbLine
 10
5208.664668
 20
545.843477
 30
0.0
 11
5212.664628
 21
549.843437
 31
0.0
  0
LINE
  5
9E7
330
17
100
AcDbEntity
  8
1
 62
1
100
AcDbLine
 10
5215.807175
 20
552.634424
 30
0.0
 11
5218.809098
 21
555.634394
 31
0.0
  0
LINE
  5
9E8
330
17
100
AcDbEntity
  8
1
 62
1
100
AcDbLine
 10
5209.264272
 20
545.382544
 30
0.0
 11
5212.664628
 21
548.780947
 31
0.0
  0
LINE
  5
9E9
330
17
100
AcDbEntity
  8
1
 62
1
100
AcDbLine
 10
5216.867711
 20
552.634424
 30
0.0
 11
5219.164563
 21
554.929323
 31
0.0
  0
LINE
  5
9EA
330
17
100
AcDbEntity
  8
1
 62
1
100
AcDbLine
 10
5210.324808
 20
545.382544
 30
0.0
 11
5213.324778
 21
548.382514
 31
0.0
  0
LINE
  5
9EB
330
17
100
AcDbEntity
  8
1
 62
1
100
AcDbLine
 10
5217.926294
 20
552.634424
 30
0.0
 11
5219.164563
 21
553.87074
 31
0.0
  0
LINE
  5
9EC
330
17
100
AcDbEntity
  8
1
 62
1
100
AcDbLine
 10
5211.385344
 20
545.382544
 30
0.0
 11
5214.385314
 21
548.382514
 31
0.0
  0
LINE
  5
9ED
330
17
100
AcDbEntity
  8
1
 62
1
100
AcDbLine
 10
5218.986831
 20
552.634424
 30
0.0
 11
5219.164563
 21
552.810204
 31
0.0
  0
LINE
  5
9EE
330
17
100
AcDbEntity
  8
1
 62
1
100
AcDbLine
 10
5212.44588
 20
545.382544
 30
0.0
 11
5215.44585
 21
548.382514
 31
0.0
  0
LINE
  5
9EF
330
17
100
AcDbEntity
  8
1
 62
1
100
AcDbLine
 10
5213.506417
 20
545.382544
 30
0.0
 11
5216.506387
 21
548.382514
 31
0.0
  0
LINE
  5
9F0
330
17
100
AcDbEntity
  8
1
 62
1
100
AcDbLine
 10
5214.568906
 20
545.382544
 30
0.0
 11
5217.566923
 21
548.382514
 31
0.0
  0
LINE
  5
9F1
330
17
100
AcDbEntity
  8
1
 62
1
100
AcDbLine
 10
5215.629442
 20
545.382544
 30
0.0
 11
5218.627459
 21
548.382514
 31
0.0
  0
LINE
  5
9F2
330
17
100
AcDbEntity
  8
1
 62
1
100
AcDbLine
 10
5216.688026
 20
545.382544
 30
0.0
 11
5219.164563
 21
547.859081
 31
0.0
  0
LINE
  5
9F3
330
17
100
AcDbEntity
  8
1
 62
1
100
AcDbLine
 10
5217.748562
 20
545.382544
 30
0.0
 11
5219.164563
 21
546.800498
 31
0.0
  0
LINE
  5
9F4
330
17
100
AcDbEntity
  8
1
 62
1
100
AcDbLine
 10
5218.809098
 20
545.382544
 30
0.0
 11
5219.164563
 21
545.738009
 31
0.0
  0
LINE
  5
9F5
330
17
100
AcDbEntity
  8
1
 62
1
100
AcDbLine
 10
5208.664668
 20
562.882369
 30
0.0
 11
5208.664668
 21
545.382544
 31
0.0
  0
LINE
  5
9F6
330
17
100
AcDbEntity
  8
1
 62
1
100
AcDbLine
 10
5219.164563
 20
562.882369
 30
0.0
 11
5208.664668
 21
562.882369
 31
0.0
  0
LINE
  5
9F7
330
17
100
AcDbEntity
  8
1
 62
1
100
AcDbLine
 10
5219.164563
 20
560.232005
 30
0.0
 11
5219.164563
 21
562.882369
 31
0.0
  0
LINE
  5
9F8
330
17
100
AcDbEntity
  8
1
 62
1
100
AcDbLine
 10
5219.164563
 20
552.634424
 30
0.0
 11
5219.164563
 21
555.634394
 31
0.0
  0
LINE
  5
9F9
330
17
100
AcDbEntity
  8
1
 62
1
100
AcDbLine
 10
5219.164563
 20
545.382544
 30
0.0
 11
5219.164563
 21
547.859081
 31
0.0
  0
LINE
  5
9FA
330
17
100
AcDbEntity
  8
1
 62
1
100
AcDbLine
 10
5208.664668
 20
545.382544
 30
0.0
 11
5219.164563
 21
545.382544
 31
0.0
  0
LINE
  5
9FB
330
17
100
AcDbEntity
  8
1
 62
1
100
AcDbLine
 10
5342.323488
 20
549.7575
 30
0.0
 11
5347.323438
 21
549.7575
 31
0.0
  0
LINE
  5
9FC
330
17
100
AcDbEntity
  8
1
 62
1
100
AcDbLine
 10
5342.323488
 20
558.507413
 30
0.0
 11
5347.323438
 21
558.507413
 31
0.0
  0
LINE
  5
9FD
330
17
100
AcDbEntity
  8
1
 62
1
100
AcDbLine
 10
5342.323488
 20
558.507413
 30
0.0
 11
5342.323488
 21
549.7575
 31
0.0
  0
LINE
  5
9FE
330
17
100
AcDbEntity
  8
1
 62
1
100
AcDbLine
 10
5337.948532
 20
545.382544
 30
0.0
 11
5347.948432
 21
545.382544
 31
0.0
  0
LINE
  5
9FF
330
17
100
AcDbEntity
  8
1
 62
1
100
AcDbLine
 10
5337.948532
 20
562.882369
 30
0.0
 11
5347.948432
 21
562.882369
 31
0.0
  0
LINE
  5
A00
330
17
100
AcDbEntity
  8
1
 62
1
100
AcDbLine
 10
5914.844546
 20
1036.872508
 30
0.0
 11
5030.612688
 21
1036.872508
 31
0.0
  0
LINE
  5
A01
330
17
100
AcDbEntity
  8
1
 62
1
100
AcDbLine
 10
5914.844546
 20
968.311336
 30
0.0
 11
5663.816196
 21
968.311336
 31
0.0
  0
LINE
  5
A02
330
17
100
AcDbEntity
  8
1
 62
1
100
AcDbLine
 10
5914.844546
 20
899.750164
 30
0.0
 11
5030.612688
 21
899.750164
 31
0.0
  0
LINE
  5
A03
330
17
100
AcDbEntity
  8
1
 62
1
100
AcDbLine
 10
5914.844546
 20
751.859085
 30
0.0
 11
5030.612688
 21
751.859085
 31
0.0
  0
LINE
  5
A04
330
17
100
AcDbEntity
  8
1
 62
1
100
AcDbLine
 10
5914.844546
 20
688.637055
 30
0.0
 11
5030.612688
 21
688.637055
 31
0.0
  0
LINE
  5
A05
330
17
100
AcDbEntity
  8
1
 62
1
100
AcDbLine
 10
5914.844546
 20
501.436471
 30
0.0
 11
5529.646444
 21
501.436471
 31
0.0
  0
LINE
  5
A06
330
17
100
AcDbEntity
  8
1
 62
1
100
AcDbLine
 10
5914.844546
 20
430.201877
 30
0.0
 11
5529.646444
 21
430.201877
 31
0.0
  0
LINE
  5
A07
330
17
100
AcDbEntity
  8
1
 62
1
100
AcDbLine
 10
5914.844546
 20
358.967282
 30
0.0
 11
5529.646444
 21
358.967282
 31
0.0
  0
LINE
  5
A08
330
17
100
AcDbEntity
  8
1
 62
1
100
AcDbLine
 10
5794.059906
 20
289.767053
 30
0.0
 11
5794.059906
 21
240.912167
 31
0.0
  0
LINE
  5
A09
330
17
100
AcDbEntity
  8
1
 62
1
100
AcDbLine
 10
5914.844546
 20
289.767053
 30
0.0
 11
5529.646444
 21
289.767053
 31
0.0
  0
LINE
  5
A0A
330
17
100
AcDbEntity
  8
3
 62
3
100
AcDbLine
 10
1804.1105
 20
2128.672513
 30
0.0
 11
1804.223864
 21
2128.785877
 31
0.0
  0
LINE
  5
A0B
330
17
100
AcDbEntity
  8
3
 62
3
100
AcDbLine
 10
1804.1105
 20
2116.651697
 30
0.0
 11
1816.24468
 21
2128.785877
 31
0.0
  0
LINE
  5
A0C
330
17
100
AcDbEntity
  8
3
 62
3
100
AcDbLine
 10
1809.265495
 20
2109.785877
 30
0.0
 11
1823.1105
 21
2123.630882
 31
0.0
  0
LINE
  5
A0D
330
17
100
AcDbEntity
  8
3
 62
3
100
AcDbLine
 10
1821.28631
 20
2109.785877
 30
0.0
 11
1823.1105
 21
2111.610067
 31
0.0
  0
LINE
  5
A0E
330
17
100
AcDbEntity
  8
3
 62
3
100
AcDbLine
 10
2241.1105
 20
2120.902347
 30
0.0
 11
2248.99403
 21
2128.785877
 31
0.0
  0
LINE
  5
A0F
330
17
100
AcDbEntity
  8
3
 62
3
100
AcDbLine
 10
2242.014845
 20
2109.785877
 30
0.0
 11
2260.1105
 21
2127.881532
 31
0.0
  0
LINE
  5
A10
330
17
100
AcDbEntity
  8
3
 62
3
100
AcDbLine
 10
2254.03566
 20
2109.785877
 30
0.0
 11
2260.1105
 21
2115.860717
 31
0.0
  0
LINE
  5
A11
330
17
100
AcDbEntity
  8
3
 62
3
100
AcDbLine
 10
3536.6105
 20
2118.154297
 30
0.0
 11
3547.24208
 21
2128.785877
 31
0.0
  0
LINE
  5
A12
330
17
100
AcDbEntity
  8
3
 62
3
100
AcDbLine
 10
3540.262895
 20
2109.785877
 30
0.0
 11
3559.262895
 21
2128.785877
 31
0.0
  0
LINE
  5
A13
330
17
100
AcDbEntity
  8
3
 62
3
100
AcDbLine
 10
3552.283711
 20
2109.785877
 30
0.0
 11
3571.283711
 21
2128.785877
 31
0.0
  0
LINE
  5
A14
330
17
100
AcDbEntity
  8
3
 62
3
100
AcDbLine
 10
3564.304526
 20
2109.785877
 30
0.0
 11
3583.304526
 21
2128.785877
 31
0.0
  0
LINE
  5
A15
330
17
100
AcDbEntity
  8
3
 62
3
100
AcDbLine
 10
3576.325341
 20
2109.785877
 30
0.0
 11
3586.6105
 21
2120.071036
 31
0.0
  0
LINE
  5
A16
330
17
100
AcDbEntity
  8
3
 62
3
100
AcDbLine
 10
3552.1105
 20
1917.279622
 30
0.0
 11
3563.616755
 21
1928.785877
 31
0.0
  0
LINE
  5
A17
330
17
100
AcDbEntity
  8
3
 62
3
100
AcDbLine
 10
3552.1105
 20
1905.258807
 30
0.0
 11
3571.1105
 21
1924.258807
 31
0.0
  0
LINE
  5
A18
330
17
100
AcDbEntity
  8
3
 62
3
100
AcDbLine
 10
3552.1105
 20
1893.237991
 30
0.0
 11
3571.1105
 21
1912.237991
 31
0.0
  0
LINE
  5
A19
330
17
100
AcDbEntity
  8
3
 62
3
100
AcDbLine
 10
3552.1105
 20
1881.217176
 30
0.0
 11
3571.1105
 21
1900.217176
 31
0.0
  0
LINE
  5
A1A
330
17
100
AcDbEntity
  8
3
 62
3
100
AcDbLine
 10
3552.1105
 20
1869.196361
 30
0.0
 11
3571.1105
 21
1888.196361
 31
0.0
  0
LINE
  5
A1B
330
17
100
AcDbEntity
  8
3
 62
3
100
AcDbLine
 10
3552.1105
 20
1857.175545
 30
0.0
 11
3571.1105
 21
1876.175545
 31
0.0
  0
LINE
  5
A1C
330
17
100
AcDbEntity
  8
3
 62
3
100
AcDbLine
 10
3552.1105
 20
1845.15473
 30
0.0
 11
3571.1105
 21
1864.15473
 31
0.0
  0
LINE
  5
A1D
330
17
100
AcDbEntity
  8
3
 62
3
100
AcDbLine
 10
3552.1105
 20
1833.133915
 30
0.0
 11
3571.1105
 21
1852.133915
 31
0.0
  0
LINE
  5
A1E
330
17
100
AcDbEntity
  8
3
 62
3
100
AcDbLine
 10
3559.783277
 20
1828.785877
 30
0.0
 11
3571.1105
 21
1840.1131
 31
0.0
  0
LINE
  5
A1F
330
17
100
AcDbEntity
  8
3
 62
3
100
AcDbLine
 10
3549.6105
 20
1470.009457
 30
0.0
 11
3557.38692
 21
1477.785877
 31
0.0
  0
LINE
  5
A20
330
17
100
AcDbEntity
  8
3
 62
3
100
AcDbLine
 10
3549.6105
 20
1457.988641
 30
0.0
 11
3569.407736
 21
1477.785877
 31
0.0
  0
LINE
  5
A21
330
17
100
AcDbEntity
  8
3
 62
3
100
AcDbLine
 10
3549.6105
 20
1445.967826
 30
0.0
 11
3573.6105
 21
1469.967826
 31
0.0
  0
LINE
  5
A22
330
17
100
AcDbEntity
  8
3
 62
3
100
AcDbLine
 10
3549.6105
 20
1433.947011
 30
0.0
 11
3573.6105
 21
1457.947011
 31
0.0
  0
LINE
  5
A23
330
17
100
AcDbEntity
  8
3
 62
3
100
AcDbLine
 10
3549.6105
 20
1421.926195
 30
0.0
 11
3573.6105
 21
1445.926195
 31
0.0
  0
LINE
  5
A24
330
17
100
AcDbEntity
  8
3
 62
3
100
AcDbLine
 10
3551.490997
 20
1411.785877
 30
0.0
 11
3573.6105
 21
1433.90538
 31
0.0
  0
LINE
  5
A25
330
17
100
AcDbEntity
  8
3
 62
3
100
AcDbLine
 10
3563.511812
 20
1411.785877
 30
0.0
 11
3573.6105
 21
1421.884565
 31
0.0
  0
LINE
  5
A26
330
17
100
AcDbEntity
  8
3
 62
3
100
AcDbLine
 10
3112.6105
 20
1465.758807
 30
0.0
 11
3124.63757
 21
1477.785877
 31
0.0
  0
LINE
  5
A27
330
17
100
AcDbEntity
  8
3
 62
3
100
AcDbLine
 10
3112.6105
 20
1453.737991
 30
0.0
 11
3136.6105
 21
1477.785877
 31
0.0
  0
LINE
  5
A28
330
17
100
AcDbEntity
  8
3
 62
3
100
AcDbLine
 10
3112.6105
 20
1441.717176
 30
0.0
 11
3136.6105
 21
1465.717176
 31
0.0
  0
LINE
  5
A29
330
17
100
AcDbEntity
  8
3
 62
3
100
AcDbLine
 10
3112.6105
 20
1429.696361
 30
0.0
 11
3136.6105
 21
1453.696361
 31
0.0
  0
LINE
  5
A2A
330
17
100
AcDbEntity
  8
3
 62
3
100
AcDbLine
 10
3112.6105
 20
1417.675545
 30
0.0
 11
3136.6105
 21
1441.675545
 31
0.0
  0
LINE
  5
A2B
330
17
100
AcDbEntity
  8
3
 62
3
100
AcDbLine
 10
3118.741647
 20
1411.785877
 30
0.0
 11
3136.6105
 21
1429.65473
 31
0.0
  0
LINE
  5
A2C
330
17
100
AcDbEntity
  8
3
 62
3
100
AcDbLine
 10
3130.762462
 20
1411.785877
 30
0.0
 11
3136.6105
 21
1417.633915
 31
0.0
  0
LINE
  5
A2D
330
17
100
AcDbEntity
  8
3
 62
3
100
AcDbLine
 10
4387.072129
 20
1850.680105
 30
0.0
 11
4397.665945
 21
1861.273921
 31
0.0
  0
LINE
  5
A2E
330
17
100
AcDbEntity
  8
3
 62
3
100
AcDbLine
 10
4387.072129
 20
1838.659289
 30
0.0
 11
4409.68676
 21
1861.273921
 31
0.0
  0
LINE
  5
A2F
330
17
100
AcDbEntity
  8
3
 62
3
100
AcDbLine
 10
4387.072129
 20
1826.638474
 30
0.0
 11
4421.707576
 21
1861.273921
 31
0.0
  0
LINE
  5
A30
330
17
100
AcDbEntity
  8
3
 62
3
100
AcDbLine
 10
4387.072129
 20
1814.617659
 30
0.0
 11
4425.072129
 21
1852.617659
 31
0.0
  0
LINE
  5
A31
330
17
100
AcDbEntity
  8
3
 62
3
100
AcDbLine
 10
4387.072129
 20
1802.596844
 30
0.0
 11
4425.072129
 21
1840.596844
 31
0.0
  0
LINE
  5
A32
330
17
100
AcDbEntity
  8
3
 62
3
100
AcDbLine
 10
4387.072129
 20
1790.576028
 30
0.0
 11
4425.072129
 21
1828.576028
 31
0.0
  0
LINE
  5
A33
330
17
100
AcDbEntity
  8
3
 62
3
100
AcDbLine
 10
4387.072129
 20
1778.555213
 30
0.0
 11
4425.072129
 21
1816.555213
 31
0.0
  0
LINE
  5
A34
330
17
100
AcDbEntity
  8
3
 62
3
100
AcDbLine
 10
4387.072129
 20
1766.534398
 30
0.0
 11
4425.072129
 21
1804.534398
 31
0.0
  0
LINE
  5
A35
330
17
100
AcDbEntity
  8
3
 62
3
100
AcDbLine
 10
4387.072129
 20
1754.513582
 30
0.0
 11
4425.072129
 21
1792.513582
 31
0.0
  0
LINE
  5
A36
330
17
100
AcDbEntity
  8
3
 62
3
100
AcDbLine
 10
4387.072129
 20
1742.492767
 30
0.0
 11
4425.072129
 21
1780.492767
 31
0.0
  0
LINE
  5
A37
330
17
100
AcDbEntity
  8
3
 62
3
100
AcDbLine
 10
4387.072129
 20
1730.471952
 30
0.0
 11
4425.072129
 21
1768.471952
 31
0.0
  0
LINE
  5
A38
330
17
100
AcDbEntity
  8
3
 62
3
100
AcDbLine
 10
4387.072129
 20
1718.451137
 30
0.0
 11
4425.072129
 21
1756.451137
 31
0.0
  0
LINE
  5
A39
330
17
100
AcDbEntity
  8
3
 62
3
100
AcDbLine
 10
4387.072129
 20
1706.430321
 30
0.0
 11
4425.072129
 21
1744.430321
 31
0.0
  0
LINE
  5
A3A
330
17
100
AcDbEntity
  8
3
 62
3
100
AcDbLine
 10
4387.072129
 20
1694.409506
 30
0.0
 11
4425.072129
 21
1732.409506
 31
0.0
  0
LINE
  5
A3B
330
17
100
AcDbEntity
  8
3
 62
3
100
AcDbLine
 10
4387.072129
 20
1682.388691
 30
0.0
 11
4425.072129
 21
1720.388691
 31
0.0
  0
LINE
  5
A3C
330
17
100
AcDbEntity
  8
3
 62
3
100
AcDbLine
 10
4387.072129
 20
1670.367875
 30
0.0
 11
4425.072129
 21
1708.367875
 31
0.0
  0
LINE
  5
A3D
330
17
100
AcDbEntity
  8
3
 62
3
100
AcDbLine
 10
4387.072129
 20
1658.34706
 30
0.0
 11
4425.072129
 21
1696.34706
 31
0.0
  0
LINE
  5
A3E
330
17
100
AcDbEntity
  8
3
 62
3
100
AcDbLine
 10
4387.072129
 20
1646.326245
 30
0.0
 11
4425.072129
 21
1684.326245
 31
0.0
  0
LINE
  5
A3F
330
17
100
AcDbEntity
  8
3
 62
3
100
AcDbLine
 10
4387.072129
 20
1634.30543
 30
0.0
 11
4425.072129
 21
1672.30543
 31
0.0
  0
LINE
  5
A40
330
17
100
AcDbEntity
  8
3
 62
3
100
AcDbLine
 10
4387.072129
 20
1622.284614
 30
0.0
 11
4425.072129
 21
1660.284614
 31
0.0
  0
LINE
  5
A41
330
17
100
AcDbEntity
  8
3
 62
3
100
AcDbLine
 10
4387.072129
 20
1610.263799
 30
0.0
 11
4425.072129
 21
1648.263799
 31
0.0
  0
LINE
  5
A42
330
17
100
AcDbEntity
  8
3
 62
3
100
AcDbLine
 10
4387.072129
 20
1598.242984
 30
0.0
 11
4425.072129
 21
1636.242984
 31
0.0
  0
LINE
  5
A43
330
17
100
AcDbEntity
  8
3
 62
3
100
AcDbLine
 10
4387.072129
 20
1586.222168
 30
0.0
 11
4425.072129
 21
1624.222168
 31
0.0
  0
LINE
  5
A44
330
17
100
AcDbEntity
  8
3
 62
3
100
AcDbLine
 10
4387.072129
 20
1574.201353
 30
0.0
 11
4425.072129
 21
1612.201353
 31
0.0
  0
LINE
  5
A45
330
17
100
AcDbEntity
  8
3
 62
3
100
AcDbLine
 10
4387.072129
 20
1562.180538
 30
0.0
 11
4425.072129
 21
1600.180538
 31
0.0
  0
LINE
  5
A46
330
17
100
AcDbEntity
  8
3
 62
3
100
AcDbLine
 10
4387.072129
 20
1550.159723
 30
0.0
 11
4425.072129
 21
1588.159723
 31
0.0
  0
LINE
  5
A47
330
17
100
AcDbEntity
  8
3
 62
3
100
AcDbLine
 10
4387.072129
 20
1538.138907
 30
0.0
 11
4425.072129
 21
1576.138907
 31
0.0
  0
LINE
  5
A48
330
17
100
AcDbEntity
  8
3
 62
3
100
AcDbLine
 10
4387.072129
 20
1526.118092
 30
0.0
 11
4425.072129
 21
1564.118092
 31
0.0
  0
LINE
  5
A49
330
17
100
AcDbEntity
  8
3
 62
3
100
AcDbLine
 10
4387.072129
 20
1514.097277
 30
0.0
 11
4425.072129
 21
1552.097277
 31
0.0
  0
LINE
  5
A4A
330
17
100
AcDbEntity
  8
3
 62
3
100
AcDbLine
 10
4387.072129
 20
1502.076462
 30
0.0
 11
4425.072129
 21
1540.076462
 31
0.0
  0
LINE
  5
A4B
330
17
100
AcDbEntity
  8
3
 62
3
100
AcDbLine
 10
4387.072129
 20
1490.055646
 30
0.0
 11
4425.072129
 21
1528.055646
 31
0.0
  0
LINE
  5
A4C
330
17
100
AcDbEntity
  8
3
 62
3
100
AcDbLine
 10
4387.072129
 20
1478.034831
 30
0.0
 11
4425.072129
 21
1516.034831
 31
0.0
  0
LINE
  5
A4D
330
17
100
AcDbEntity
  8
3
 62
3
100
AcDbLine
 10
4387.072129
 20
1466.014016
 30
0.0
 11
4425.072129
 21
1504.014016
 31
0.0
  0
LINE
  5
A4E
330
17
100
AcDbEntity
  8
3
 62
3
100
AcDbLine
 10
4387.072129
 20
1453.9932
 30
0.0
 11
4425.072129
 21
1491.9932
 31
0.0
  0
LINE
  5
A4F
330
17
100
AcDbEntity
  8
3
 62
3
100
AcDbLine
 10
4387.072129
 20
1441.972385
 30
0.0
 11
4425.072129
 21
1479.972385
 31
0.0
  0
LINE
  5
A50
330
17
100
AcDbEntity
  8
3
 62
3
100
AcDbLine
 10
4387.072129
 20
1429.95157
 30
0.0
 11
4425.072129
 21
1467.95157
 31
0.0
  0
LINE
  5
A51
330
17
100
AcDbEntity
  8
3
 62
3
100
AcDbLine
 10
4394.415295
 20
1425.273921
 30
0.0
 11
4432.415295
 21
1463.273921
 31
0.0
  0
LINE
  5
A52
330
17
100
AcDbEntity
  8
3
 62
3
100
AcDbLine
 10
4406.436111
 20
1425.273921
 30
0.0
 11
4444.436111
 21
1463.273921
 31
0.0
  0
LINE
  5
A53
330
17
100
AcDbEntity
  8
3
 62
3
100
AcDbLine
 10
4418.456926
 20
1425.273921
 30
0.0
 11
4456.456926
 21
1463.273921
 31
0.0
  0
LINE
  5
A54
330
17
100
AcDbEntity
  8
3
 62
3
100
AcDbLine
 10
4430.477741
 20
1425.273921
 30
0.0
 11
4468.477741
 21
1463.273921
 31
0.0
  0
LINE
  5
A55
330
17
100
AcDbEntity
  8
3
 62
3
100
AcDbLine
 10
4442.498556
 20
1425.273921
 30
0.0
 11
4480.498556
 21
1463.273921
 31
0.0
  0
LINE
  5
A56
330
17
100
AcDbEntity
  8
3
 62
3
100
AcDbLine
 10
4454.519372
 20
1425.273921
 30
0.0
 11
4492.519372
 21
1463.273921
 31
0.0
  0
LINE
  5
A57
330
17
100
AcDbEntity
  8
3
 62
3
100
AcDbLine
 10
4466.540187
 20
1425.273921
 30
0.0
 11
4504.540187
 21
1463.273921
 31
0.0
  0
LINE
  5
A58
330
17
100
AcDbEntity
  8
3
 62
3
100
AcDbLine
 10
4478.561002000001
 20
1425.273921
 30
0.0
 11
4516.561002
 21
1463.273921
 31
0.0
  0
LINE
  5
A59
330
17
100
AcDbEntity
  8
3
 62
3
100
AcDbLine
 10
4490.581818
 20
1425.273921
 30
0.0
 11
4528.581818
 21
1463.273921
 31
0.0
  0
LINE
  5
A5A
330
17
100
AcDbEntity
  8
3
 62
3
100
AcDbLine
 10
4502.602633000001
 20
1425.273921
 30
0.0
 11
4540.602633
 21
1463.273921
 31
0.0
  0
LINE
  5
A5B
330
17
100
AcDbEntity
  8
3
 62
3
100
AcDbLine
 10
4514.623448
 20
1425.273921
 30
0.0
 11
4552.623448
 21
1463.273921
 31
0.0
  0
LINE
  5
A5C
330
17
100
AcDbEntity
  8
3
 62
3
100
AcDbLine
 10
4526.644263
 20
1425.273921
 30
0.0
 11
4564.644263
 21
1463.273921
 31
0.0
  0
LINE
  5
A5D
330
17
100
AcDbEntity
  8
3
 62
3
100
AcDbLine
 10
4538.665079
 20
1425.273921
 30
0.0
 11
4576.665079
 21
1463.273921
 31
0.0
  0
LINE
  5
A5E
330
17
100
AcDbEntity
  8
3
 62
3
100
AcDbLine
 10
4550.685894
 20
1425.273921
 30
0.0
 11
4588.685894
 21
1463.273921
 31
0.0
  0
LINE
  5
A5F
330
17
100
AcDbEntity
  8
3
 62
3
100
AcDbLine
 10
4562.706709
 20
1425.273921
 30
0.0
 11
4600.706709
 21
1463.273921
 31
0.0
  0
LINE
  5
A60
330
17
100
AcDbEntity
  8
3
 62
3
100
AcDbLine
 10
4574.727524
 20
1425.273921
 30
0.0
 11
4612.727524
 21
1463.273921
 31
0.0
  0
LINE
  5
A61
330
17
100
AcDbEntity
  8
3
 62
3
100
AcDbLine
 10
4586.74834
 20
1425.273921
 30
0.0
 11
4624.74834
 21
1463.273921
 31
0.0
  0
LINE
  5
A62
330
17
100
AcDbEntity
  8
3
 62
3
100
AcDbLine
 10
4598.769155
 20
1425.273921
 30
0.0
 11
4636.769155
 21
1463.273921
 31
0.0
  0
LINE
  5
A63
330
17
100
AcDbEntity
  8
3
 62
3
100
AcDbLine
 10
4610.78997
 20
1425.273921
 30
0.0
 11
4648.78997
 21
1463.273921
 31
0.0
  0
LINE
  5
A64
330
17
100
AcDbEntity
  8
3
 62
3
100
AcDbLine
 10
4622.810786
 20
1425.273921
 30
0.0
 11
4660.810786
 21
1463.273921
 31
0.0
  0
LINE
  5
A65
330
17
100
AcDbEntity
  8
3
 62
3
100
AcDbLine
 10
4634.831601
 20
1425.273921
 30
0.0
 11
4672.831601
 21
1463.273921
 31
0.0
  0
LINE
  5
A66
330
17
100
AcDbEntity
  8
3
 62
3
100
AcDbLine
 10
4646.852416
 20
1425.273921
 30
0.0
 11
4684.852416
 21
1463.273921
 31
0.0
  0
LINE
  5
A67
330
17
100
AcDbEntity
  8
3
 62
3
100
AcDbLine
 10
4658.873231
 20
1425.273921
 30
0.0
 11
4696.873231
 21
1463.273921
 31
0.0
  0
LINE
  5
A68
330
17
100
AcDbEntity
  8
3
 62
3
100
AcDbLine
 10
4670.894047
 20
1425.273921
 30
0.0
 11
4708.894047
 21
1463.273921
 31
0.0
  0
LINE
  5
A69
330
17
100
AcDbEntity
  8
3
 62
3
100
AcDbLine
 10
4682.914862
 20
1425.273921
 30
0.0
 11
4717.072129
 21
1459.431188
 31
0.0
  0
LINE
  5
A6A
330
17
100
AcDbEntity
  8
3
 62
3
100
AcDbLine
 10
4694.935677
 20
1425.273921
 30
0.0
 11
4717.072129
 21
1447.410373
 31
0.0
  0
LINE
  5
A6B
330
17
100
AcDbEntity
  8
3
 62
3
100
AcDbLine
 10
4706.956493
 20
1425.273921
 30
0.0
 11
4717.072129
 21
1435.389557
 31
0.0
  0
TEXT
  5
A6C
330
17
100
AcDbEntity
  8
4
 62
4
100
AcDbText
 10
1318.314703
 20
1721.876603
 30
0.0
 40
15.0
  1
P25
100
AcDbText
  0
TEXT
  5
A6D
330
17
100
AcDbEntity
  8
3
 62
3
100
AcDbText
 10
5526.95075
 20
455.93174
 30
0.0
 40
11.0
  1
TMC-EST-PE-8000-COB-R03
100
AcDbText
  0
TEXT
  5
A6E
330
17
100
AcDbEntity
  8
6
 62
6
100
AcDbText
 10
5768.147456
 20
553.049031
 30
0.0
 40
50.0
  1
R03
100
AcDbText
  0
TEXT
  5
A6F
330
17
100
AcDbEntity
  8
3
 62
3
100
AcDbText
 10
5232.57063
 20
1355.281706
 30
0.0
 40
9.0
  1
ALTERADO SEÇÃO DAS VIGAS DE 60 PARA 55
100
AcDbText
  0
TEXT
  5
A70
330
17
100
AcDbEntity
  8
3
 62
3
100
AcDbText
 10
5119.012758
 20
1355.395016
 30
0.0
 40
10.5
  1
17/0/24
100
AcDbText
  0
TEXT
  5
A71
330
17
100
AcDbEntity
  8
3
 62
3
100
AcDbText
 10
5056.499493
 20
1356.65059
 30
0.0
 40
10.5
  1
03
100
AcDbText
  0
TEXT
  5
A72
330
17
100
AcDbEntity
  8
3
 62
3
100
AcDbText
 10
5797.635777
 20
1356.215637
 30
0.0
 40
10.749893
  1
WEREBE
100
AcDbText
  0
TEXT
  5
A73
330
17
100
AcDbEntity
  8
2
 62
2
100
AcDbText
 10
1260.487252
 20
596.577366
 30
0.0
 40
10.0
  1
270
100
AcDbText
  0
TEXT
  5
A74
330
17
100
AcDbEntity
  8
2
 62
2
100
AcDbText
 10
1618.351487
 20
587.580257
 30
0.0
 40
10.0
  1
295
100
AcDbText
  0
TEXT
  5
A75
330
17
100
AcDbEntity
  8
2
 62
2
100
AcDbText
 10
2458.552498
 20
587.580257
 30
0.0
 40
10.0
  1
295
100
AcDbText
  0
TEXT
  5
A76
330
17
100
AcDbEntity
  8
2
 62
2
100
AcDbText
 10
2459.708636
 20
785.643424
 30
0.0
 40
10.0
  1
55
100
AcDbText
  0
TEXT
  5
A77
330
17
100
AcDbEntity
  8
2
 62
2
100
AcDbText
 10
2758.272155
 20
598.199187
 30
0.0
 40
10.0
  1
270
100
AcDbText
  0
TEXT
  5
A78
330
17
100
AcDbEntity
  8
2
 62
2
100
AcDbText
 10
3220.503299
 20
587.580257
 30
0.0
 40
10.0
  1
295
100
AcDbText
  0
TEXT
  5
A79
330
17
100
AcDbEntity
  8
2
 62
2
100
AcDbText
 10
3673.453301
 20
617.580257
 30
0.0
 40
10.0
  1
360
100
AcDbText
  0
TEXT
  5
A7A
330
17
100
AcDbEntity
  8
3
 62
3
100
AcDbText
 10
3386.773789
 20
497.64296
 30
0.0
 40
10.0
  1
854.95
100
AcDbText
  0
TEXT
  5
A7B
330
17
100
AcDbEntity
  8
3
 62
3
100
AcDbText
 10
3721.401093
 20
858.552938
 30
0.0
 40
10.0
  1
858.85
100
AcDbText
  0
TEXT
  5
A7C
330
17
100
AcDbEntity
  8
3
 62
3
100
AcDbText
 10
3367.194127
 20
978.184161
 30
0.0
 40
10.0
  1
860.05
100
AcDbText
  0
TEXT
  5
A7D
330
17
100
AcDbEntity
  8
2
 62
2
100
AcDbText
 10
3504.578332
 20
842.654329
 30
0.0
 40
10.0
  1
10
100
AcDbText
  0
TEXT
  5
A7E
330
17
100
AcDbEntity
  8
2
 62
2
100
AcDbText
 10
3221.659438
 20
785.643424
 30
0.0
 40
10.0
  1
55
100
AcDbText
  0
TEXT
  5
A7F
330
17
100
AcDbEntity
  8
2
 62
2
100
AcDbText
 10
1618.351487
 20
787.580257
 30
0.0
 40
10.0
  1
55
100
AcDbText
  0
TEXT
  5
A80
330
17
100
AcDbEntity
  8
3
 62
3
100
AcDbText
 10
5232.57063
 20
1330.017939
 30
0.0
 40
9.0
  1
COMPATIBILIZADO COM ARQUITETURA
100
AcDbText
  0
TEXT
  5
A81
330
17
100
AcDbEntity
  8
3
 62
3
100
AcDbText
 10
5119.012758
 20
1330.131249
 30
0.0
 40
10.5
  1
26/06/24
100
AcDbText
  0
TEXT
  5
A82
330
17
100
AcDbEntity
  8
3
 62
3
100
AcDbText
 10
5056.499493
 20
1331.386823
 30
0.0
 40
10.5
  1
02
100
AcDbText
  0
TEXT
  5
A83
330
17
100
AcDbEntity
  8
3
 62
3
100
AcDbText
 10
5797.635777
 20
1330.95187
 30
0.0
 40
10.749893
  1
WEREBE
100
AcDbText
  0
TEXT
  5
A84
330
17
100
AcDbEntity
  8
3
 62
3
100
AcDbText
 10
5682.343334
 20
1649.447213
 30
0.0
 40
12.0
  1
1.5
100
AcDbText
  0
TEXT
  5
A85
330
17
100
AcDbEntity
  8
3
 62
3
100
AcDbText
 10
5074.010685
 20
1727.46478
 30
0.0
 40
12.0
  1
MODULO DE DEFORMACAO SECANTE DO CONCRETO Ec =  28 GPa
100
AcDbText
  0
TEXT
  5
A86
330
17
100
AcDbEntity
  8
3
 62
3
100
AcDbText
 10
5635.467658
 20
1764.652368
 30
0.0
 40
12.0
  1
>  35
100
AcDbText
  0
TEXT
  5
A87
330
17
100
AcDbEntity
  8
3
 62
3
100
AcDbText
 10
5074.718106
 20
2177.940895
 30
0.0
 40
11.499926
  1
3) AS ESPESSURAS DAS LAJES ESTÃO INDICADAS EM PLANTA
100
AcDbText
  0
TEXT
  5
A88
330
17
100
AcDbEntity
  8
3
 62
3
100
AcDbText
 10
5635.467658
 20
1690.494313
 30
0.0
 40
11.499926
  1
=  BLOCOS DE CONCRETO
100
AcDbText
  0
TEXT
  5
A89
330
17
100
AcDbEntity
  8
3
 62
3
100
AcDbText
 10
5074.718106
 20
2142.939492
 30
0.0
 40
11.499926
  1
4) VER FORMAS DA ESCADA NA FOLHA DE ARMAÇÃO
100
AcDbText
  0
TEXT
  5
A8A
330
17
100
AcDbEntity
  8
3
 62
3
100
AcDbText
 10
5074.010685
 20
1649.447213
 30
0.0
 40
11.97909
  1
SOBRECARGA NAS LAJES
100
AcDbText
  0
TEXT
  5
A8B
330
17
100
AcDbEntity
  8
3
 62
3
100
AcDbText
 10
5074.718106
 20
2247.943703
 30
0.0
 40
11.499926
  1
1) R.N. = 0.00 DA ARQUITETURA.
100
AcDbText
  0
TEXT
  5
A8C
330
17
100
AcDbEntity
  8
3
 62
3
100
AcDbText
 10
5059.976433
 20
2031.239528
 30
0.0
 40
11.985081
  1
1) AS FAIXAS FIXAS DO ESCORAMENTO DAS LAJES DEVERAO PERMANECER
100
AcDbText
  0
TEXT
  5
A8D
330
17
100
AcDbEntity
  8
3
 62
3
100
AcDbText
 10
5095.83509
 20
1892.8174
 30
0.0
 40
11.985081
  1
OS 7 PRIMEIROS DIAS APOS O LANCAMENTO DO CONCRETO.
100
AcDbText
  0
TEXT
  5
A8E
330
17
100
AcDbEntity
  8
3
 62
3
100
AcDbText
 10
5059.976433
 20
1922.690256
 30
0.0
 40
11.985081
  1
2) PROMOVER A CURA UMIDA DA ESTRUTURA PELO MENOS DURANTE
100
AcDbText
  0
TEXT
  5
A8F
330
17
100
AcDbEntity
  8
3
 62
3
100
AcDbText
 10
5095.83509
 20
1973.092277
 30
0.0
 40
11.985081
  1
RESISTENCIA DE CALCULO, ANTES DO PRAZO ACIMA.
100
AcDbText
  0
TEXT
  5
A90
330
17
100
AcDbEntity
  8
3
 62
3
100
AcDbText
 10
5095.83509
 20
2002.965133
 30
0.0
 40
11.985081
  1
POR 28 DIAS APOS A CONCRETAGEM,MESMO QUE ATINGIDA A
100
AcDbText
  0
TEXT
  5
A91
330
17
100
AcDbEntity
  8
3
 62
3
100
AcDbText
 10
5059.976433
 20
2069.688664
 30
0.0
 40
11.985081
  1
RECOMENDACOES:
100
AcDbText
  0
TEXT
  5
A92
330
17
100
AcDbEntity
  8
3
 62
3
100
AcDbText
 10
5682.343334
 20
1608.304336
 30
0.0
 40
11.979091
  1
1.0
100
AcDbText
  0
TEXT
  5
A93
330
17
100
AcDbEntity
  8
3
 62
3
100
AcDbText
 10
5635.467658
 20
1608.304336
 30
0.0
 40
11.979091
  1
=
100
AcDbText
  0
TEXT
  5
A94
330
17
100
AcDbEntity
  8
3
 62
3
100
AcDbText
 10
5783.196042
 20
1616.753337
 30
0.0
 40
8.385363
  1
2
100
AcDbText
  0
TEXT
  5
A95
330
17
100
AcDbEntity
  8
3
 62
3
100
AcDbText
 10
5734.579654
 20
1608.304336
 30
0.0
 40
11.979091
  1
kN/m
100
AcDbText
  0
TEXT
  5
A96
330
17
100
AcDbEntity
  8
3
 62
3
100
AcDbText
 10
5074.010685
 20
1608.304336
 30
0.0
 40
11.979091
  1
REVESTIMENTO DE PISO
100
AcDbText
  0
TEXT
  5
A97
330
17
100
AcDbEntity
  8
3
 62
3
100
AcDbText
 10
5635.467658
 20
1649.447213
 30
0.0
 40
11.979091
  1
=
100
AcDbText
  0
TEXT
  5
A98
330
17
100
AcDbEntity
  8
3
 62
3
100
AcDbText
 10
5072.737907
 20
1800.664507
 30
0.0
 40
11.979091
  1
ESPECIFICACOES
100
AcDbText
  0
TEXT
  5
A99
330
17
100
AcDbEntity
  8
3
 62
3
100
AcDbText
 10
5783.196042
 20
1657.896215
 30
0.0
 40
8.385363
  1
2
100
AcDbText
  0
TEXT
  5
A9A
330
17
100
AcDbEntity
  8
3
 62
3
100
AcDbText
 10
5734.579654
 20
1649.447213
 30
0.0
 40
11.979091
  1
kN/m
100
AcDbText
  0
TEXT
  5
A9B
330
17
100
AcDbEntity
  8
3
 62
3
100
AcDbText
 10
5716.367693
 20
1764.652368
 30
0.0
 40
11.979091
  1
MPa
100
AcDbText
  0
TEXT
  5
A9C
330
17
100
AcDbEntity
  8
3
 62
3
100
AcDbText
 10
5577.260511
 20
1764.652368
 30
0.0
 40
11.979091
  1
fck
100
AcDbText
  0
TEXT
  5
A9D
330
17
100
AcDbEntity
  8
3
 62
3
100
AcDbText
 10
5074.010685
 20
1690.494313
 30
0.0
 40
11.979091
  1
PESO ESPECIFICO DAS ALVENARIAS
100
AcDbText
  0
TEXT
  5
A9E
330
17
100
AcDbEntity
  8
3
 62
3
100
AcDbText
 10
5074.010685
 20
1764.652368
 30
0.0
 40
11.979091
  1
RESISTENCIA DO CONCRETO
100
AcDbText
  0
TEXT
  5
A9F
330
17
100
AcDbEntity
  8
3
 62
3
100
AcDbText
 10
5074.718106
 20
2212.942299
 30
0.0
 40
11.499926
  1
2) MEDIDAS EM CENTIMETROS - NIVEIS EM METROS.
100
AcDbText
  0
TEXT
  5
AA0
330
17
100
AcDbEntity
  8
3
 62
3
100
AcDbText
 10
5074.718106
 20
2284.315215
 30
0.0
 40
14.374909
  1
NOTAS:
100
AcDbText
  0
TEXT
  5
AA1
330
17
100
AcDbEntity
  8
3
 62
3
100
AcDbText
 10
5199.779913
 20
2698.9106
 30
0.0
 40
20.0
  1
CONVENÇÃO DE PILARES
100
AcDbText
  0
TEXT
  5
AA2
330
17
100
AcDbEntity
  8
2
 62
2
100
AcDbText
 10
5365.915025
 20
2499.425891
 30
0.0
 40
15.000001
  1
SEGUE
100
AcDbText
  0
TEXT
  5
AA3
330
17
100
AcDbEntity
  8
2
 62
2
100
AcDbText
 10
5568.554795
 20
2499.425891
 30
0.0
 40
15.000001
  1
MORRE
100
AcDbText
  0
TEXT
  5
AA4
330
17
100
AcDbEntity
  8
2
 62
2
100
AcDbText
 10
5158.129991
 20
2499.425891
 30
0.0
 40
15.000001
  1
NASCE
100
AcDbText
  0
TEXT
  5
AA5
330
17
100
AcDbEntity
  8
3
 62
3
100
AcDbText
 10
3336.419076
 20
1605.508197
 30
0.0
 40
10.0
  1
860.05
100
AcDbText
  0
TEXT
  5
AA6
330
17
100
AcDbEntity
  8
3
 62
3
100
AcDbText
 10
2381.796685
 20
1948.543401
 30
0.0
 40
10.0
  1
860.05
100
AcDbText
  0
TEXT
  5
AA7
330
17
100
AcDbEntity
  8
3
 62
3
100
AcDbText
 10
1669.332308
 20
1950.805193
 30
0.0
 40
10.0
  1
860.05
100
AcDbText
  0
TEXT
  5
AA8
330
17
100
AcDbEntity
  8
4
 62
4
100
AcDbText
 10
2714.997053
 20
1386.920912
 30
0.0
 40
15.0
  1
PD8
100
AcDbText
  0
TEXT
  5
AA9
330
17
100
AcDbEntity
  8
3
 62
3
100
AcDbText
 10
2712.957142
 20
1370.056869
 30
0.0
 40
10.0
  1
24/19
100
AcDbText
  0
TEXT
  5
AAA
330
17
100
AcDbEntity
  8
3
 62
3
100
AcDbText
 10
2686.350697
 20
1489.8579
 30
0.0
 40
10.0
  1
24/19
100
AcDbText
  0
TEXT
  5
AAB
330
17
100
AcDbEntity
  8
4
 62
4
100
AcDbText
 10
2275.859074
 20
1387.805379
 30
0.0
 40
15.0
  1
PD7
100
AcDbText
  0
TEXT
  5
AAC
330
17
100
AcDbEntity
  8
3
 62
3
100
AcDbText
 10
2273.819162
 20
1370.941337
 30
0.0
 40
10.0
  1
24/19
100
AcDbText
  0
TEXT
  5
AAD
330
17
100
AcDbEntity
  8
3
 62
3
100
AcDbText
 10
2192.40564
 20
1493.255047
 30
0.0
 40
10.0
  1
24/19
100
AcDbText
  0
TEXT
  5
AAE
330
17
100
AcDbEntity
  8
3
 62
3
100
AcDbText
 10
1767.01944
 20
1501.842487
 30
0.0
 40
10.0
  1
24/19
100
AcDbText
  0
TEXT
  5
AAF
330
17
100
AcDbEntity
  8
3
 62
3
100
AcDbText
 10
1838.661285
 20
1362.538898
 30
0.0
 40
10.0
  1
24/19
100
AcDbText
  0
TEXT
  5
AB0
330
17
100
AcDbEntity
  8
4
 62
4
100
AcDbText
 10
1840.701197
 20
1379.40294
 30
0.0
 40
15.0
  1
PD6
100
AcDbText
  0
TEXT
  5
AB1
330
17
100
AcDbEntity
  8
4
 62
4
100
AcDbText
 10
2688.390608
 20
1506.721943
 30
0.0
 40
15.0
  1
PD5
100
AcDbText
  0
TEXT
  5
AB2
330
17
100
AcDbEntity
  8
4
 62
4
100
AcDbText
 10
2194.445551
 20
1510.119089
 30
0.0
 40
15.0
  1
PD4
100
AcDbText
  0
TEXT
  5
AB3
330
17
100
AcDbEntity
  8
4
 62
4
100
AcDbText
 10
1769.059351
 20
1518.706529
 30
0.0
 40
15.0
  1
PD3
100
AcDbText
  0
TEXT
  5
AB4
330
17
100
AcDbEntity
  8
4
 62
4
100
AcDbText
 10
3048.752071
 20
1904.525019
 30
0.0
 40
15.0
  1
PD1
100
AcDbText
  0
TEXT
  5
AB5
330
17
100
AcDbEntity
  8
3
 62
3
100
AcDbText
 10
3045.561574
 20
1887.96901
 30
0.0
 40
10.0
  1
19/19
100
AcDbText
  0
TEXT
  5
AB6
330
17
100
AcDbEntity
  8
4
 62
4
100
AcDbText
 10
3378.042156
 20
1906.39355
 30
0.0
 40
15.0
  1
PD2
100
AcDbText
  0
TEXT
  5
AB7
330
17
100
AcDbEntity
  8
3
 62
3
100
AcDbText
 10
3374.317141
 20
1890.37206
 30
0.0
 40
10.0
  1
19/19
100
AcDbText
  0
TEXT
  5
AB8
330
17
100
AcDbEntity
  8
3
 62
3
100
AcDbText
 10
5119.012758
 20
1304.867481
 30
0.0
 40
10.5
  1
03/04/24
100
AcDbText
  0
TEXT
  5
AB9
330
17
100
AcDbEntity
  8
6
 62
6
100
AcDbText
 10
5529.915347
 20
553.049031
 30
0.0
 40
50.0
  1
8000
100
AcDbText
  0
TEXT
  5
ABA
330
17
100
AcDbEntity
  8
6
 62
6
100
AcDbText
 10
5056.499493
 20
814.144241
 30
0.0
 40
20.0
  1
FORMAS DA COBERTURA
100
AcDbText
  0
TEXT
  5
ABB
330
17
100
AcDbEntity
  8
3
 62
3
100
AcDbText
 10
3377.611711
 20
995.040743
 30
0.0
 40
10.0
  1
DECK
100
AcDbText
  0
TEXT
  5
ABC
330
17
100
AcDbEntity
  8
3
 62
3
100
AcDbText
 10
3710.83722
 20
874.757485
 30
0.0
 40
10.0
  1
COBERTURA
100
AcDbText
  0
TEXT
  5
ABD
330
17
100
AcDbEntity
  8
6
 62
6
100
AcDbText
 10
2405.331357
 20
1062.975019
 30
0.0
 40
30.0
  1
CORTE A-A
100
AcDbText
  0
TEXT
  5
ABE
330
17
100
AcDbEntity
  8
2
 62
2
100
AcDbText
 10
3673.453301
 20
877.580257
 30
0.0
 40
10.0
  1
130
100
AcDbText
  0
TEXT
  5
ABF
330
17
100
AcDbEntity
  8
2
 62
2
100
AcDbText
 10
3220.503299
 20
922.580257
 30
0.0
 40
10.0
  1
50
100
AcDbText
  0
TEXT
  5
AC0
330
17
100
AcDbEntity
  8
2
 62
2
100
AcDbText
 10
3220.503299
 20
857.580257
 30
0.0
 40
10.0
  1
80
100
AcDbText
  0
TEXT
  5
AC1
330
17
100
AcDbEntity
  8
2
 62
2
100
AcDbText
 10
2758.272155
 20
877.580257
 30
0.0
 40
10.0
  1
130
100
AcDbText
  0
TEXT
  5
AC2
330
17
100
AcDbEntity
  8
2
 62
2
100
AcDbText
 10
2758.272155
 20
777.580257
 30
0.0
 40
10.0
  1
80
100
AcDbText
  0
TEXT
  5
AC3
330
17
100
AcDbEntity
  8
2
 62
2
100
AcDbText
 10
2458.552498
 20
877.580257
 30
0.0
 40
10.0
  1
130
100
AcDbText
  0
TEXT
  5
AC4
330
17
100
AcDbEntity
  8
3
 62
3
100
AcDbText
 10
1463.087839
 20
786.969811
 30
0.0
 40
12.5
  1
V502
100
AcDbText
  0
TEXT
  5
AC5
330
17
100
AcDbEntity
  8
2
 62
2
100
AcDbText
 10
1618.351487
 20
877.580257
 30
0.0
 40
10.0
  1
130
100
AcDbText
  0
TEXT
  5
AC6
330
17
100
AcDbEntity
  8
2
 62
2
100
AcDbText
 10
1261.331568
 20
890.080257
 30
0.0
 40
10.0
  1
155
100
AcDbText
  0
TEXT
  5
AC7
330
17
100
AcDbEntity
  8
2
 62
2
100
AcDbText
 10
1261.331568
 20
777.580257
 30
0.0
 40
10.0
  1
80
100
AcDbText
  0
TEXT
  5
AC8
330
17
100
AcDbEntity
  8
3
 62
3
100
AcDbText
 10
3506.266817
 20
881.555905
 30
0.0
 40
12.5
  1
PD3
100
AcDbText
  0
TEXT
  5
AC9
330
17
100
AcDbEntity
  8
3
 62
3
100
AcDbText
 10
3304.5558
 20
864.569956
 30
0.0
 40
12.5
  1
PD2
100
AcDbText
  0
TEXT
  5
ACA
330
17
100
AcDbEntity
  8
3
 62
3
100
AcDbText
 10
3069.555683
 20
864.569956
 30
0.0
 40
12.5
  1
PD1
100
AcDbText
  0
TEXT
  5
ACB
330
17
100
AcDbEntity
  8
3
 62
3
100
AcDbText
 10
3511.116654
 20
988.308415
 30
0.0
 40
12.5
  1
VD14
100
AcDbText
  0
TEXT
  5
ACC
330
17
100
AcDbEntity
  8
3
 62
3
100
AcDbText
 10
3076.612492
 20
988.621233
 30
0.0
 40
12.5
  1
VD11
100
AcDbText
  0
TEXT
  5
ACD
330
17
100
AcDbEntity
  8
3
 62
3
100
AcDbText
 10
3278.490558
 20
918.300182
 30
0.0
 40
12.5
  1
VD3
100
AcDbText
  0
TEXT
  5
ACE
330
17
100
AcDbEntity
  8
3
 62
3
100
AcDbText
 10
3496.80495
 20
728.247004
 30
0.0
 40
12.5
  1
V521
100
AcDbText
  0
TEXT
  5
ACF
330
17
100
AcDbEntity
  8
3
 62
3
100
AcDbText
 10
3328.007162
 20
784.935462
 30
0.0
 40
12.5
  1
V505
100
AcDbText
  0
TEXT
  5
AD0
330
17
100
AcDbEntity
  8
3
 62
3
100
AcDbText
 10
3059.049555
 20
712.131914
 30
0.0
 40
12.5
  1
V518
100
AcDbText
  0
TEXT
  5
AD1
330
17
100
AcDbEntity
  8
3
 62
3
100
AcDbText
 10
2893.21883
 20
882.02018
 30
0.0
 40
12.5
  1
PAR5
100
AcDbText
  0
TEXT
  5
AD2
330
17
100
AcDbEntity
  8
3
 62
3
100
AcDbText
 10
2847.330782
 20
780.820083
 30
0.0
 40
12.5
  1
V503
100
AcDbText
  0
TEXT
  5
AD3
330
17
100
AcDbEntity
  8
3
 62
3
100
AcDbText
 10
1960.245717
 20
782.750457
 30
0.0
 40
12.5
  1
V503
100
AcDbText
  0
TEXT
  5
AD4
330
17
100
AcDbEntity
  8
3
 62
3
100
AcDbText
 10
1643.416967
 20
787.750457
 30
0.0
 40
12.5
  1
V503
100
AcDbText
  0
TEXT
  5
AD5
330
17
100
AcDbEntity
  8
3
 62
3
100
AcDbText
 10
2631.811839
 20
844.133244
 30
0.0
 40
12.5
  1
V516
100
AcDbText
  0
TEXT
  5
AD6
330
17
100
AcDbEntity
  8
3
 62
3
100
AcDbText
 10
2194.811839
 20
844.133244
 30
0.0
 40
12.5
  1
V514
100
AcDbText
  0
TEXT
  5
AD7
330
17
100
AcDbEntity
  8
3
 62
3
100
AcDbText
 10
1760.391712
 20
844.133244
 30
0.0
 40
12.5
  1
V512
100
AcDbText
  0
TEXT
  5
AD8
330
17
100
AcDbEntity
  8
3
 62
3
100
AcDbText
 10
2253.143931
 20
892.154014
 30
0.0
 40
12.5
  1
PAR1
100
AcDbText
  0
TEXT
  5
AD9
330
17
100
AcDbEntity
  8
3
 62
3
100
AcDbText
 10
1436.448501
 20
984.149591
 30
0.0
 40
12.5
  1
PAR4
100
AcDbText
  0
TEXT
  5
ADA
330
17
100
AcDbEntity
  8
3
 62
3
100
AcDbText
 10
1338.345625
 20
1016.966569
 30
0.0
 40
12.5
  1
V511
100
AcDbText
  0
TEXT
  5
ADB
330
17
100
AcDbEntity
  8
3
 62
3
100
AcDbText
 10
1325.571449
 20
722.288281
 30
0.0
 40
12.5
  1
V510
100
AcDbText
  0
TEXT
  5
ADC
330
17
100
AcDbEntity
  8
3
 62
3
100
AcDbText
 10
1854.707909
 20
594.025854
 30
0.0
 40
12.5
  1
P19
100
AcDbText
  0
TEXT
  5
ADD
330
17
100
AcDbEntity
  8
3
 62
3
100
AcDbText
 10
1414.707909
 20
594.025854
 30
0.0
 40
12.5
  1
P10
100
AcDbText
  0
TEXT
  5
ADE
330
17
100
AcDbEntity
  8
3
 62
3
100
AcDbText
 10
1637.323783
 20
1510.008976
 30
0.0
 40
10.0
  1
D=19
100
AcDbText
  0
TEXT
  5
ADF
330
17
100
AcDbEntity
  8
4
 62
4
100
AcDbText
 10
2642.454197
 20
1486.489006
 30
0.0
 40
15.0
  1
VD17
100
AcDbText
  0
TEXT
  5
AE0
330
17
100
AcDbEntity
  8
4
 62
4
100
AcDbText
 10
2302.50673
 20
1483.219011
 30
0.0
 40
15.0
  1
VD16
100
AcDbText
  0
TEXT
  5
AE1
330
17
100
AcDbEntity
  8
4
 62
4
100
AcDbText
 10
1864.548062
 20
1482.097273
 30
0.0
 40
15.0
  1
VD15
100
AcDbText
  0
TEXT
  5
AE2
330
17
100
AcDbEntity
  8
3
 62
3
100
AcDbText
 10
2659.607235
 20
1488.683477
 30
0.0
 40
10.0
  1
24/30
100
AcDbText
  0
TEXT
  5
AE3
330
17
100
AcDbEntity
  8
3
 62
3
100
AcDbText
 10
2319.659768
 20
1480.885795
 30
0.0
 40
10.0
  1
24/30
100
AcDbText
  0
TEXT
  5
AE4
330
17
100
AcDbEntity
  8
3
 62
3
100
AcDbText
 10
1884.22501
 20
1482.848837
 30
0.0
 40
10.0
  1
24/30
100
AcDbText
  0
TEXT
  5
AE5
330
17
100
AcDbEntity
  8
2
 62
2
100
AcDbText
 10
3144.51526
 20
1506.88444
 30
0.0
 40
10.0
  1
2.5
100
AcDbText
  0
TEXT
  5
AE6
330
17
100
AcDbEntity
  8
2
 62
2
100
AcDbText
 10
2400.61273
 20
2165.142054
 30
0.0
 40
10.0
  1
50
100
AcDbText
  0
TEXT
  5
AE7
330
17
100
AcDbEntity
  8
3
 62
3
100
AcDbText
 10
3165.90361
 20
2053.945764
 30
0.0
 40
10.0
  1
19/40
100
AcDbText
  0
TEXT
  5
AE8
330
17
100
AcDbEntity
  8
3
 62
3
100
AcDbText
 10
3063.130926
 20
2131.060039
 30
0.0
 40
10.0
  1
19/50
100
AcDbText
  0
TEXT
  5
AE9
330
17
100
AcDbEntity
  8
3
 62
3
100
AcDbText
 10
2612.302597
 20
2132.535877
 30
0.0
 40
10.0
  1
19/50
100
AcDbText
  0
TEXT
  5
AEA
330
17
100
AcDbEntity
  8
3
 62
3
100
AcDbText
 10
2175.302597
 20
2132.535877
 30
0.0
 40
10.0
  1
19/50
100
AcDbText
  0
TEXT
  5
AEB
330
17
100
AcDbEntity
  8
3
 62
3
100
AcDbText
 10
1744.63883
 20
2132.80732
 30
0.0
 40
10.0
  1
19/50
100
AcDbText
  0
TEXT
  5
AEC
330
17
100
AcDbEntity
  8
2
 62
2
100
AcDbText
 10
3150.744224
 20
1579.001461
 30
0.0
 40
10.0
  1
50
100
AcDbText
  0
TEXT
  5
AED
330
17
100
AcDbEntity
  8
3
 62
3
100
AcDbText
 10
3112.572469
 20
1822.694764
 30
0.0
 40
10.0
  1
19/50
100
AcDbText
  0
TEXT
  5
AEE
330
17
100
AcDbEntity
  8
3
 62
3
100
AcDbText
 10
3498.672063
 20
1734.384099
 30
0.0
 40
10.0
  1
19/50
100
AcDbText
  0
TEXT
  5
AEF
330
17
100
AcDbEntity
  8
2
 62
2
100
AcDbText
 10
3251.016219
 20
1689.857822
 30
0.0
 40
10.0
  1
50
100
AcDbText
  0
TEXT
  5
AF0
330
17
100
AcDbEntity
  8
2
 62
2
100
AcDbText
 10
3416.3605
 20
2311.730363
 30
0.0
 40
10.0
  1
292.5
100
AcDbText
  0
TEXT
  5
AF1
330
17
100
AcDbEntity
  8
2
 62
2
100
AcDbText
 10
2307.8605
 20
2311.730363
 30
0.0
 40
10.0
  1
1914.5
100
AcDbText
  0
TEXT
  5
AF2
330
17
100
AcDbEntity
  8
2
 62
2
100
AcDbText
 10
3607.850167
 20
1585.21595
 30
0.0
 40
10.0
  1
40
100
AcDbText
  0
TEXT
  5
AF3
330
17
100
AcDbEntity
  8
2
 62
2
100
AcDbText
 10
3216.982284
 20
1385.25762
 30
0.0
 40
10.0
  1
37
100
AcDbText
  0
TEXT
  5
AF4
330
17
100
AcDbEntity
  8
3
 62
3
100
AcDbText
 10
3492.511811
 20
1397.245301
 30
0.0
 40
10.0
  1
14/37
100
AcDbText
  0
TEXT
  5
AF5
330
17
100
AcDbEntity
  8
2
 62
2
100
AcDbText
 10
3439.212151
 20
1937.313643
 30
0.0
 40
10.0
  1
162
100
AcDbText
  0
TEXT
  5
AF6
330
17
100
AcDbEntity
  8
2
 62
2
100
AcDbText
 10
3439.212151
 20
2066.563643
 30
0.0
 40
10.0
  1
86.5
100
AcDbText
  0
TEXT
  5
AF7
330
17
100
AcDbEntity
  8
2
 62
2
100
AcDbText
 10
3439.212151
 20
1883.619207
 30
0.0
 40
10.0
  1
19
100
AcDbText
  0
TEXT
  5
AF8
330
17
100
AcDbEntity
  8
2
 62
2
100
AcDbText
 10
3439.212151
 20
1772.035877
 30
0.0
 40
10.0
  1
130.5
100
AcDbText
  0
TEXT
  5
AF9
330
17
100
AcDbEntity
  8
2
 62
2
100
AcDbText
 10
3438.903784
 20
1689.097554
 30
0.0
 40
10.0
  1
19
100
AcDbText
  0
TEXT
  5
AFA
330
17
100
AcDbEntity
  8
2
 62
2
100
AcDbText
 10
3439.212151
 20
1554.785877
 30
0.0
 40
10.0
  1
286
100
AcDbText
  0
TEXT
  5
AFB
330
17
100
AcDbEntity
  8
2
 62
2
100
AcDbText
 10
3439.212151
 20
1388.452547
 30
0.0
 40
10.0
  1
14
100
AcDbText
  0
TEXT
  5
AFC
330
17
100
AcDbEntity
  8
2
 62
2
100
AcDbText
 10
3527.77717
 20
2056.873301
 30
0.0
 40
10.0
  1
15.5
100
AcDbText
  0
TEXT
  5
AFD
330
17
100
AcDbEntity
  8
2
 62
2
100
AcDbText
 10
3739.281326
 20
1756.285877
 30
0.0
 40
10.0
  1
717
100
AcDbText
  0
TEXT
  5
AFE
330
17
100
AcDbEntity
  8
2
 62
2
100
AcDbText
 10
1152.610661
 20
1765.577475
 30
0.0
 40
10.0
  1
717
100
AcDbText
  0
TEXT
  5
AFF
330
17
100
AcDbEntity
  8
2
 62
2
100
AcDbText
 10
3580.044074
 20
1509.522138
 30
0.0
 40
10.0
  1
2.5
100
AcDbText
  0
TEXT
  5
B00
330
17
100
AcDbEntity
  8
2
 62
2
100
AcDbText
 10
3682.705176
 20
2132.119207
 30
0.0
 40
10.0
  1
19
100
AcDbText
  0
TEXT
  5
B01
330
17
100
AcDbEntity
  8
2
 62
2
100
AcDbText
 10
3682.705176
 20
2044.785877
 30
0.0
 40
10.0
  1
102
100
AcDbText
  0
TEXT
  5
B02
330
17
100
AcDbEntity
  8
2
 62
2
100
AcDbText
 10
3682.705176
 20
1959.285877
 30
0.0
 40
10.0
  1
79
100
AcDbText
  0
TEXT
  5
B03
330
17
100
AcDbEntity
  8
2
 62
2
100
AcDbText
 10
3682.705176
 20
1864.785877
 30
0.0
 40
10.0
  1
100
100
AcDbText
  0
TEXT
  5
B04
330
17
100
AcDbEntity
  8
2
 62
2
100
AcDbText
 10
3682.705176
 20
1770.785877
 30
0.0
 40
10.0
  1
98
100
AcDbText
  0
TEXT
  5
B05
330
17
100
AcDbEntity
  8
2
 62
2
100
AcDbText
 10
3682.705176
 20
1734.119207
 30
0.0
 40
10.0
  1
19
100
AcDbText
  0
TEXT
  5
B06
330
17
100
AcDbEntity
  8
2
 62
2
100
AcDbText
 10
3682.705176
 20
1580.785877
 30
0.0
 40
10.0
  1
234
100
AcDbText
  0
TEXT
  5
B07
330
17
100
AcDbEntity
  8
2
 62
2
100
AcDbText
 10
3682.705176
 20
1435.785877
 30
0.0
 40
10.0
  1
66
100
AcDbText
  0
TEXT
  5
B08
330
17
100
AcDbEntity
  8
2
 62
2
100
AcDbText
 10
3574.44383
 20
1972.767305
 30
0.0
 40
10.0
  1
19
100
AcDbText
  0
TEXT
  5
B09
330
17
100
AcDbEntity
  8
2
 62
2
100
AcDbText
 10
3446.610558
 20
1972.767305
 30
0.0
 40
10.0
  1
183
100
AcDbText
  0
TEXT
  5
B0A
330
17
100
AcDbEntity
  8
2
 62
2
100
AcDbText
 10
3372.443946
 20
1972.767305
 30
0.0
 40
10.0
  1
19
100
AcDbText
  0
TEXT
  5
B0B
330
17
100
AcDbEntity
  8
2
 62
2
100
AcDbText
 10
3255.110558
 20
1972.767305
 30
0.0
 40
10.0
  1
162
100
AcDbText
  0
TEXT
  5
B0C
330
17
100
AcDbEntity
  8
2
 62
2
100
AcDbText
 10
3191.44383
 20
1972.767305
 30
0.0
 40
10.0
  1
19
100
AcDbText
  0
TEXT
  5
B0D
330
17
100
AcDbEntity
  8
2
 62
2
100
AcDbText
 10
3133.1105
 20
1972.767305
 30
0.0
 40
10.0
  1
54
100
AcDbText
  0
TEXT
  5
B0E
330
17
100
AcDbEntity
  8
2
 62
2
100
AcDbText
 10
2886.557435
 20
2132.119207
 30
0.0
 40
10.0
  1
19
100
AcDbText
  0
TEXT
  5
B0F
330
17
100
AcDbEntity
  8
2
 62
2
100
AcDbText
 10
2886.557435
 20
1971.035877
 30
0.0
 40
10.0
  1
229.5
100
AcDbText
  0
TEXT
  5
B10
330
17
100
AcDbEntity
  8
2
 62
2
100
AcDbText
 10
2886.557435
 20
1829.035877
 30
0.0
 40
10.0
  1
64.5
100
AcDbText
  0
TEXT
  5
B11
330
17
100
AcDbEntity
  8
2
 62
2
100
AcDbText
 10
2886.557435
 20
1774.352551
 30
0.0
 40
10.0
  1
19
100
AcDbText
  0
TEXT
  5
B12
330
17
100
AcDbEntity
  8
2
 62
2
100
AcDbText
 10
2886.557435
 20
1623.285877
 30
0.0
 40
10.0
  1
319
100
AcDbText
  0
TEXT
  5
B13
330
17
100
AcDbEntity
  8
2
 62
2
100
AcDbText
 10
2886.557435
 20
1481.119207
 30
0.0
 40
10.0
  1
19
100
AcDbText
  0
TEXT
  5
B14
330
17
100
AcDbEntity
  8
2
 62
2
100
AcDbText
 10
2886.557435
 20
1433.285877
 30
0.0
 40
10.0
  1
33
100
AcDbText
  0
TEXT
  5
B15
330
17
100
AcDbEntity
  8
2
 62
2
100
AcDbText
 10
2886.557435
 20
1388.452547
 30
0.0
 40
10.0
  1
14
100
AcDbText
  0
TEXT
  5
B16
330
17
100
AcDbEntity
  8
3
 62
3
100
AcDbText
 10
3058.26375
 20
1399.413936
 30
0.0
 40
10.0
  1
14/37
100
AcDbText
  0
TEXT
  5
B17
330
17
100
AcDbEntity
  8
3
 62
3
100
AcDbText
 10
2622.500503
 20
1398.879912
 30
0.0
 40
10.0
  1
14/37
100
AcDbText
  0
TEXT
  5
B18
330
17
100
AcDbEntity
  8
3
 62
3
100
AcDbText
 10
2183.25076
 20
1396.067734
 30
0.0
 40
10.0
  1
14/37
100
AcDbText
  0
TEXT
  5
B19
330
17
100
AcDbEntity
  8
3
 62
3
100
AcDbText
 10
1582.143199
 20
1449.517716
 30
0.0
 40
10.0
  1
14/37
100
AcDbText
  0
TEXT
  5
B1A
330
17
100
AcDbEntity
  8
3
 62
3
100
AcDbText
 10
1376.803999
 20
2014.214556
 30
0.0
 40
10.0
  1
19/37
100
AcDbText
  0
TEXT
  5
B1B
330
17
100
AcDbEntity
  8
2
 62
2
100
AcDbText
 10
1947.647002
 20
2132.119207
 30
0.0
 40
10.0
  1
19
100
AcDbText
  0
TEXT
  5
B1C
330
17
100
AcDbEntity
  8
2
 62
2
100
AcDbText
 10
1947.647002
 20
1948.785877
 30
0.0
 40
10.0
  1
294
100
AcDbText
  0
TEXT
  5
B1D
330
17
100
AcDbEntity
  8
2
 62
2
100
AcDbText
 10
1947.647002
 20
1819.119207
 30
0.0
 40
10.0
  1
19
100
AcDbText
  0
TEXT
  5
B1E
330
17
100
AcDbEntity
  8
2
 62
2
100
AcDbText
 10
1947.647002
 20
1623.285877
 30
0.0
 40
10.0
  1
319
100
AcDbText
  0
TEXT
  5
B1F
330
17
100
AcDbEntity
  8
2
 62
2
100
AcDbText
 10
1947.647002
 20
1481.119207
 30
0.0
 40
10.0
  1
19
100
AcDbText
  0
TEXT
  5
B20
330
17
100
AcDbEntity
  8
2
 62
2
100
AcDbText
 10
1947.647002
 20
1433.285877
 30
0.0
 40
10.0
  1
33
100
AcDbText
  0
TEXT
  5
B21
330
17
100
AcDbEntity
  8
2
 62
2
100
AcDbText
 10
1947.647002
 20
1388.452547
 30
0.0
 40
10.0
  1
14
100
AcDbText
  0
TEXT
  5
B22
330
17
100
AcDbEntity
  8
2
 62
2
100
AcDbText
 10
1344.765331
 20
1941.315513
 30
0.0
 40
10.0
  1
37
100
AcDbText
  0
TEXT
  5
B23
330
17
100
AcDbEntity
  8
2
 62
2
100
AcDbText
 10
2369.11273
 20
1385.25762
 30
0.0
 40
10.0
  1
37
100
AcDbText
  0
TEXT
  5
B24
330
17
100
AcDbEntity
  8
2
 62
2
100
AcDbText
 10
1188.042766
 20
2054.285877
 30
0.0
 40
10.0
  1
121
100
AcDbText
  0
TEXT
  5
B25
330
17
100
AcDbEntity
  8
2
 62
2
100
AcDbText
 10
3574.44383
 20
1649.043156
 30
0.0
 40
10.0
  1
19
100
AcDbText
  0
TEXT
  5
B26
330
17
100
AcDbEntity
  8
2
 62
2
100
AcDbText
 10
3329.1105
 20
1649.043156
 30
0.0
 40
10.0
  1
418
100
AcDbText
  0
TEXT
  5
B27
330
17
100
AcDbEntity
  8
2
 62
2
100
AcDbText
 10
3137.44383
 20
1649.043156
 30
0.0
 40
10.0
  1
19
100
AcDbText
  0
TEXT
  5
B28
330
17
100
AcDbEntity
  8
2
 62
2
100
AcDbText
 10
3019.8605
 20
1649.043156
 30
0.0
 40
10.0
  1
142.5
100
AcDbText
  0
TEXT
  5
B29
330
17
100
AcDbEntity
  8
2
 62
2
100
AcDbText
 10
2975.94383
 20
1736.386418
 30
0.0
 40
10.0
  1
19
100
AcDbText
  0
TEXT
  5
B2A
330
17
100
AcDbEntity
  8
2
 62
2
100
AcDbText
 10
2179.6105
 20
1736.386418
 30
0.0
 40
10.0
  1
1510
100
AcDbText
  0
TEXT
  5
B2B
330
17
100
AcDbEntity
  8
2
 62
2
100
AcDbText
 10
1447.157087
 20
1717.619799
 30
0.0
 40
10.0
  1
19
100
AcDbText
  0
TEXT
  5
B2C
330
17
100
AcDbEntity
  8
2
 62
2
100
AcDbText
 10
1402.6105
 20
1736.386418
 30
0.0
 40
10.0
  1
26
100
AcDbText
  0
TEXT
  5
B2D
330
17
100
AcDbEntity
  8
2
 62
2
100
AcDbText
 10
3552.6105
 20
2247.411394
 30
0.0
 40
10.0
  1
50
100
AcDbText
  0
TEXT
  5
B2E
330
17
100
AcDbEntity
  8
2
 62
2
100
AcDbText
 10
3391.3605
 20
2247.411394
 30
0.0
 40
10.0
  1
242.5
100
AcDbText
  0
TEXT
  5
B2F
330
17
100
AcDbEntity
  8
2
 62
2
100
AcDbText
 10
3227.1105
 20
2247.411394
 30
0.0
 40
10.0
  1
106
100
AcDbText
  0
TEXT
  5
B30
330
17
100
AcDbEntity
  8
2
 62
2
100
AcDbText
 10
3152.1105
 20
2247.411394
 30
0.0
 40
10.0
  1
54
100
AcDbText
  0
TEXT
  5
B31
330
17
100
AcDbEntity
  8
2
 62
2
100
AcDbText
 10
3089.462927
 20
2248.299929
 30
0.0
 40
10.0
  1
19
100
AcDbText
  0
TEXT
  5
B32
330
17
100
AcDbEntity
  8
2
 62
2
100
AcDbText
 10
2892.1105
 20
2247.411394
 30
0.0
 40
10.0
  1
418
100
AcDbText
  0
TEXT
  5
B33
330
17
100
AcDbEntity
  8
2
 62
2
100
AcDbText
 10
2700.44383
 20
2247.411394
 30
0.0
 40
10.0
  1
19
100
AcDbText
  0
TEXT
  5
B34
330
17
100
AcDbEntity
  8
2
 62
2
100
AcDbText
 10
2455.1105
 20
2247.411394
 30
0.0
 40
10.0
  1
418
100
AcDbText
  0
TEXT
  5
B35
330
17
100
AcDbEntity
  8
2
 62
2
100
AcDbText
 10
2263.44383
 20
2247.411394
 30
0.0
 40
10.0
  1
19
100
AcDbText
  0
TEXT
  5
B36
330
17
100
AcDbEntity
  8
2
 62
2
100
AcDbText
 10
2018.1105
 20
2247.411394
 30
0.0
 40
10.0
  1
418
100
AcDbText
  0
TEXT
  5
B37
330
17
100
AcDbEntity
  8
2
 62
2
100
AcDbText
 10
1826.44383
 20
2247.411394
 30
0.0
 40
10.0
  1
19
100
AcDbText
  0
TEXT
  5
B38
330
17
100
AcDbEntity
  8
2
 62
2
100
AcDbText
 10
1577.3605
 20
2247.411394
 30
0.0
 40
10.0
  1
405.5
100
AcDbText
  0
TEXT
  5
B39
330
17
100
AcDbEntity
  8
2
 62
2
100
AcDbText
 10
1356.27717
 20
2247.411394
 30
0.0
 40
10.0
  1
19
100
AcDbText
  0
TEXT
  5
B3A
330
17
100
AcDbEntity
  8
3
 62
3
100
AcDbText
 10
3548.263605
 20
1659.403909
 30
0.0
 40
10.0
  1
19/40
100
AcDbText
  0
TEXT
  5
B3B
330
17
100
AcDbEntity
  8
4
 62
4
100
AcDbText
 10
3547.708079
 20
1499.908231
 30
0.0
 40
15.0
  1
VD14
100
AcDbText
  0
TEXT
  5
B3C
330
17
100
AcDbEntity
  8
3
 62
3
100
AcDbText
 10
3346.307597
 20
1809.472817
 30
0.0
 40
10.0
  1
19/40
100
AcDbText
  0
TEXT
  5
B3D
330
17
100
AcDbEntity
  8
3
 62
3
100
AcDbText
 10
3274.567017
 20
1848.310382
 30
0.0
 40
10.0
  1
19/40
100
AcDbText
  0
TEXT
  5
B3E
330
17
100
AcDbEntity
  8
4
 62
4
100
AcDbText
 10
3346.631082
 20
1732.98356
 30
0.0
 40
15.0
  1
VD13
100
AcDbText
  0
TEXT
  5
B3F
330
17
100
AcDbEntity
  8
4
 62
4
100
AcDbText
 10
3165.641797
 20
1885.858951
 30
0.0
 40
15.0
  1
VD12
100
AcDbText
  0
TEXT
  5
B40
330
17
100
AcDbEntity
  8
4
 62
4
100
AcDbText
 10
3110.912828
 20
1508.454168
 30
0.0
 40
15.0
  1
VD11
100
AcDbText
  0
TEXT
  5
B41
330
17
100
AcDbEntity
  8
3
 62
3
100
AcDbText
 10
2951.612745
 20
1752.67002
 30
0.0
 40
10.0
  1
D=19
100
AcDbText
  0
TEXT
  5
B42
330
17
100
AcDbEntity
  8
4
 62
4
100
AcDbText
 10
2949.07689
 20
1486.636685
 30
0.0
 40
15.0
  1
PAR5
100
AcDbText
  0
TEXT
  5
B43
330
17
100
AcDbEntity
  8
3
 62
3
100
AcDbText
 10
1477.876762
 20
1743.865305
 30
0.0
 40
10.0
  1
D=19
100
AcDbText
  0
TEXT
  5
B44
330
17
100
AcDbEntity
  8
4
 62
4
100
AcDbText
 10
1462.651174
 20
1736.72834
 30
0.0
 40
15.0
  1
PAR4
100
AcDbText
  0
TEXT
  5
B45
330
17
100
AcDbEntity
  8
3
 62
3
100
AcDbText
 10
2675.083506
 20
2055.580111
 30
0.0
 40
10.0
  1
19/40
100
AcDbText
  0
TEXT
  5
B46
330
17
100
AcDbEntity
  8
4
 62
4
100
AcDbText
 10
2673.809182
 20
1820.054857
 30
0.0
 40
15.0
  1
VD10
100
AcDbText
  0
TEXT
  5
B47
330
17
100
AcDbEntity
  8
4
 62
4
100
AcDbText
 10
2239.006551
 20
1821.339355
 30
0.0
 40
15.0
  1
VD9
100
AcDbText
  0
TEXT
  5
B48
330
17
100
AcDbEntity
  8
3
 62
3
100
AcDbText
 10
2238.354127
 20
2057.506858
 30
0.0
 40
10.0
  1
19/40
100
AcDbText
  0
TEXT
  5
B49
330
17
100
AcDbEntity
  8
3
 62
3
100
AcDbText
 10
1802.179749
 20
2054.665331
 30
0.0
 40
10.0
  1
19/40
100
AcDbText
  0
TEXT
  5
B4A
330
17
100
AcDbEntity
  8
4
 62
4
100
AcDbText
 10
1798.569882
 20
1822.760118
 30
0.0
 40
15.0
  1
VD8
100
AcDbText
  0
TEXT
  5
B4B
330
17
100
AcDbEntity
  8
4
 62
4
100
AcDbText
 10
1374.471993
 20
1660.082704
 30
0.0
 40
15.0
  1
VD7
100
AcDbText
  0
TEXT
  5
B4C
330
17
100
AcDbEntity
  8
4
 62
4
100
AcDbText
 10
3139.703601
 20
1393.429329
 30
0.0
 40
15.0
  1
VD6
100
AcDbText
  0
TEXT
  5
B4D
330
17
100
AcDbEntity
  8
4
 62
4
100
AcDbText
 10
1648.544583
 20
1389.927041
 30
0.0
 40
15.0
  1
VD5
100
AcDbText
  0
TEXT
  5
B4E
330
17
100
AcDbEntity
  8
4
 62
4
100
AcDbText
 10
1374.7633
 20
1634.330205
 30
0.0
 40
15.0
  1
VD4
100
AcDbText
  0
TEXT
  5
B4F
330
17
100
AcDbEntity
  8
4
 62
4
100
AcDbText
 10
1448.774007
 20
1689.955374
 30
0.0
 40
15.0
  1
PAR2
100
AcDbText
  0
TEXT
  5
B50
330
17
100
AcDbEntity
  8
4
 62
4
100
AcDbText
 10
1687.480518
 20
1482.870885
 30
0.0
 40
15.0
  1
PAR3
100
AcDbText
  0
TEXT
  5
B51
330
17
100
AcDbEntity
  8
4
 62
4
100
AcDbText
 10
3140.329198
 20
1734.333628
 30
0.0
 40
15.0
  1
VD3
100
AcDbText
  0
TEXT
  5
B52
330
17
100
AcDbEntity
  8
3
 62
3
100
AcDbText
 10
3032.637508
 20
1817.846194
 30
0.0
 40
10.0
  1
D=15
100
AcDbText
  0
TEXT
  5
B53
330
17
100
AcDbEntity
  8
4
 62
4
100
AcDbText
 10
1404.899219
 20
1818.943424
 30
0.0
 40
15.0
  1
PAR1
100
AcDbText
  0
TEXT
  5
B54
330
17
100
AcDbEntity
  8
4
 62
4
100
AcDbText
 10
3137.103004
 20
1840.79804
 30
0.0
 40
15.0
  1
VD2
100
AcDbText
  0
TEXT
  5
B55
330
17
100
AcDbEntity
  8
4
 62
4
100
AcDbText
 10
1403.581925
 20
2133.87302
 30
0.0
 40
15.0
  1
VD1
100
AcDbText
  0
TEXT
  5
B56
330
17
100
AcDbEntity
  8
4
 62
4
100
AcDbText
 10
2076.174998
 20
1435.505179
 30
0.0
 40
15.0
  1
LD8
100
AcDbText
  0
TEXT
  5
B57
330
17
100
AcDbEntity
  8
3
 62
3
100
AcDbText
 10
2128.329973
 20
1437.909412
 30
0.0
 40
10.0
  1
h=12
100
AcDbText
  0
TEXT
  5
B58
330
17
100
AcDbEntity
  8
4
 62
4
100
AcDbText
 10
3324.893656
 20
1562.585203
 30
0.0
 40
15.0
  1
LD7
100
AcDbText
  0
TEXT
  5
B59
330
17
100
AcDbEntity
  8
4
 62
4
100
AcDbText
 10
3019.183942
 20
1570.250758
 30
0.0
 40
15.0
  1
LD6
100
AcDbText
  0
TEXT
  5
B5A
330
17
100
AcDbEntity
  8
3
 62
3
100
AcDbText
 10
3020.85762
 20
1554.592999
 30
0.0
 40
10.0
  1
h=12
100
AcDbText
  0
TEXT
  5
B5B
330
17
100
AcDbEntity
  8
4
 62
4
100
AcDbText
 10
3192.902843
 20
1805.882102
 30
0.0
 40
15.0
  1
LD5
100
AcDbText
  0
TEXT
  5
B5C
330
17
100
AcDbEntity
  8
3
 62
3
100
AcDbText
 10
3192.319008
 20
1790.63186
 30
0.0
 40
10.0
  1
h=12
100
AcDbText
  0
TEXT
  5
B5D
330
17
100
AcDbEntity
  8
4
 62
4
100
AcDbText
 10
2802.307589
 20
1953.225222
 30
0.0
 40
15.0
  1
LD4
100
AcDbText
  0
TEXT
  5
B5E
330
17
100
AcDbEntity
  8
4
 62
4
100
AcDbText
 10
2469.726991
 20
1948.599921
 30
0.0
 40
15.0
  1
LD3
100
AcDbText
  0
TEXT
  5
B5F
330
17
100
AcDbEntity
  8
4
 62
4
100
AcDbText
 10
1986.557005
 20
1949.699219
 30
0.0
 40
15.0
  1
LD2
100
AcDbText
  0
TEXT
  5
B60
330
17
100
AcDbEntity
  8
3
 62
3
100
AcDbText
 10
2801.723754
 20
1937.97498
 30
0.0
 40
10.0
  1
h=12
100
AcDbText
  0
TEXT
  5
B61
330
17
100
AcDbEntity
  8
3
 62
3
100
AcDbText
 10
2469.143156
 20
1933.349679
 30
0.0
 40
10.0
  1
h=12
100
AcDbText
  0
TEXT
  5
B62
330
17
100
AcDbEntity
  8
3
 62
3
100
AcDbText
 10
1985.973169
 20
1934.448978
 30
0.0
 40
10.0
  1
h=12
100
AcDbText
  0
TEXT
  5
B63
330
17
100
AcDbEntity
  8
4
 62
4
100
AcDbText
 10
1563.360571
 20
1948.599921
 30
0.0
 40
15.0
  1
LD1
100
AcDbText
  0
TEXT
  5
B64
330
17
100
AcDbEntity
  8
3
 62
3
100
AcDbText
 10
3067.539736
 20
1481.596368
 30
0.0
 40
10.0
  1
D=19
100
AcDbText
  0
TEXT
  5
B65
330
17
100
AcDbEntity
  8
3
 62
3
100
AcDbText
 10
3055.472183
 20
2153.061287
 30
0.0
 40
10.0
  1
19/19
100
AcDbText
  0
TEXT
  5
B66
330
17
100
AcDbEntity
  8
4
 62
4
100
AcDbText
 10
3057.52241
 20
2168.30872
 30
0.0
 40
15.0
  1
P14
100
AcDbText
  0
TEXT
  5
B67
330
17
100
AcDbEntity
  8
3
 62
3
100
AcDbText
 10
2705.1853
 20
2147.134801
 30
0.0
 40
10.0
  1
19/19
100
AcDbText
  0
TEXT
  5
B68
330
17
100
AcDbEntity
  8
3
 62
3
100
AcDbText
 10
2270.439691
 20
2141.404336
 30
0.0
 40
10.0
  1
19/19
100
AcDbText
  0
TEXT
  5
B69
330
17
100
AcDbEntity
  8
4
 62
4
100
AcDbText
 10
2272.240354
 20
2156.030486
 30
0.0
 40
15.0
  1
P12
100
AcDbText
  0
TEXT
  5
B6A
330
17
100
AcDbEntity
  8
3
 62
3
100
AcDbText
 10
1847.896931
 20
2147.471617
 30
0.0
 40
10.0
  1
19/19
100
AcDbText
  0
TEXT
  5
B6B
330
17
100
AcDbEntity
  8
4
 62
4
100
AcDbText
 10
1856.026395
 20
2163.062713
 30
0.0
 40
15.0
  1
P11
100
AcDbText
  0
TEXT
  5
B6C
330
17
100
AcDbEntity
  8
6
 62
6
100
AcDbText
 10
3791.601651
 20
1618.162697
 30
0.0
 40
20.0
  1
A
100
AcDbText
  0
TEXT
  5
B6D
330
17
100
AcDbEntity
  8
6
 62
6
100
AcDbText
 10
1083.838014
 20
1765.531258
 30
0.0
 40
20.0
  1
A
100
AcDbText
  0
TEXT
  5
B6E
330
17
100
AcDbEntity
  8
2
 62
2
100
AcDbText
 10
1188.042766
 20
1695.785877
 30
0.0
 40
10.0
  1
596
100
AcDbText
  0
TEXT
  5
B6F
330
17
100
AcDbEntity
  8
2
 62
2
100
AcDbText
 10
1246.034533
 20
2089.785877
 30
0.0
 40
10.0
  1
60
100
AcDbText
  0
TEXT
  5
B70
330
17
100
AcDbEntity
  8
2
 62
2
100
AcDbText
 10
1246.034533
 20
2029.285877
 30
0.0
 40
10.0
  1
61
100
AcDbText
  0
TEXT
  5
B71
330
17
100
AcDbEntity
  8
2
 62
2
100
AcDbText
 10
1246.034533
 20
1864.285877
 30
0.0
 40
10.0
  1
259
100
AcDbText
  0
TEXT
  5
B72
330
17
100
AcDbEntity
  8
2
 62
2
100
AcDbText
 10
1246.034533
 20
1709.785877
 30
0.0
 40
10.0
  1
60
100
AcDbText
  0
TEXT
  5
B73
330
17
100
AcDbEntity
  8
2
 62
2
100
AcDbText
 10
1244.608121
 20
1631.8533
 30
0.0
 40
10.0
  1
30.7
100
AcDbText
  0
TEXT
  5
B74
330
17
100
AcDbEntity
  8
2
 62
2
100
AcDbText
 10
1246.034533
 20
1510.931451
 30
0.0
 40
10.0
  1
246.3
100
AcDbText
  0
TEXT
  5
B75
330
17
100
AcDbEntity
  8
2
 62
2
100
AcDbText
 10
3552.6105
 20
1310.734496
 30
0.0
 40
10.0
  1
24
100
AcDbText
  0
TEXT
  5
B76
330
17
100
AcDbEntity
  8
2
 62
2
100
AcDbText
 10
3397.8605
 20
1310.734496
 30
0.0
 40
10.0
  1
255.5
100
AcDbText
  0
TEXT
  5
B77
330
17
100
AcDbEntity
  8
2
 62
2
100
AcDbText
 10
3191.3605
 20
1310.734496
 30
0.0
 40
10.0
  1
157.5
100
AcDbText
  0
TEXT
  5
B78
330
17
100
AcDbEntity
  8
2
 62
2
100
AcDbText
 10
3115.6105
 20
1310.734496
 30
0.0
 40
10.0
  1
24
100
AcDbText
  0
TEXT
  5
B79
330
17
100
AcDbEntity
  8
2
 62
2
100
AcDbText
 10
2892.1105
 20
1310.734496
 30
0.0
 40
10.0
  1
413
100
AcDbText
  0
TEXT
  5
B7A
330
17
100
AcDbEntity
  8
2
 62
2
100
AcDbText
 10
2678.6105
 20
1310.734496
 30
0.0
 40
10.0
  1
24
100
AcDbText
  0
TEXT
  5
B7B
330
17
100
AcDbEntity
  8
2
 62
2
100
AcDbText
 10
2455.1105
 20
1310.734496
 30
0.0
 40
10.0
  1
413
100
AcDbText
  0
TEXT
  5
B7C
330
17
100
AcDbEntity
  8
2
 62
2
100
AcDbText
 10
2241.6105
 20
1310.734496
 30
0.0
 40
10.0
  1
24
100
AcDbText
  0
TEXT
  5
B7D
330
17
100
AcDbEntity
  8
2
 62
2
100
AcDbText
 10
2018.1105
 20
1310.734496
 30
0.0
 40
10.0
  1
413
100
AcDbText
  0
TEXT
  5
B7E
330
17
100
AcDbEntity
  8
2
 62
2
100
AcDbText
 10
1804.6105
 20
1310.734496
 30
0.0
 40
10.0
  1
24
100
AcDbText
  0
TEXT
  5
B7F
330
17
100
AcDbEntity
  8
2
 62
2
100
AcDbText
 10
1696.709096
 20
1310.734496
 30
0.0
 40
10.0
  1
161.8
100
AcDbText
  0
TEXT
  5
B80
330
17
100
AcDbEntity
  8
2
 62
2
100
AcDbText
 10
1575.907243
 20
1310.734496
 30
0.0
 40
10.0
  1
89.8
100
AcDbText
  0
TEXT
  5
B81
330
17
100
AcDbEntity
  8
2
 62
2
100
AcDbText
 10
1440.808647
 20
1310.734496
 30
0.0
 40
10.0
  1
170.4
100
AcDbText
  0
TEXT
  5
B82
330
17
100
AcDbEntity
  8
6
 62
6
100
AcDbText
 10
1122.27246
 20
1998.421697
 30
0.0
 40
20.0
  1
X
100
AcDbText
  0
TEXT
  5
B83
330
17
100
AcDbEntity
  8
6
 62
6
100
AcDbText
 10
3288.121217
 20
2355.8241
 30
0.0
 40
20.0
  1
Y
100
AcDbText
  0
TEXT
  5
B84
330
17
100
AcDbEntity
  8
2
 62
2
100
AcDbText
 10
1380.269129
 20
2360.920008
 30
0.0
 40
10.0
  1
ESC.:1:50
100
AcDbText
  0
TEXT
  5
B85
330
17
100
AcDbEntity
  8
4
 62
4
100
AcDbText
 10
3480.34986
 20
2155.293675
 30
0.0
 40
15.0
  1
P51
100
AcDbText
  0
TEXT
  5
B86
330
17
100
AcDbEntity
  8
4
 62
4
100
AcDbText
 10
2709.595499
 20
2161.708008
 30
0.0
 40
15.0
  1
P50
100
AcDbText
  0
TEXT
  5
B87
330
17
100
AcDbEntity
  8
3
 62
3
100
AcDbText
 10
3328.151508
 20
1545.34327
 30
0.0
 40
10.0
  1
h=12
100
AcDbText
  0
TEXT
  5
B88
330
17
100
AcDbEntity
  8
3
 62
3
100
AcDbText
 10
1562.776736
 20
1933.349679
 30
0.0
 40
10.0
  1
h=12
100
AcDbText
  0
TEXT
  5
B89
330
17
100
AcDbEntity
  8
3
 62
3
100
AcDbText
 10
3472.347949
 20
2139.403596
 30
0.0
 40
10.0
  1
50/19
100
AcDbText
  0
TEXT
  5
B8A
330
17
100
AcDbEntity
  8
3
 62
3
100
AcDbText
 10
3585.06518
 20
1364.596654
 30
0.0
 40
10.0
  1
24/66
100
AcDbText
  0
TEXT
  5
B8B
330
17
100
AcDbEntity
  8
3
 62
3
100
AcDbText
 10
3145.49994
 20
1460.889096
 30
0.0
 40
10.0
  1
24/66
100
AcDbText
  0
TEXT
  5
B8C
330
17
100
AcDbEntity
  8
3
 62
3
100
AcDbText
 10
3584.352232
 20
1866.950107
 30
0.0
 40
10.0
  1
19/100
100
AcDbText
  0
TEXT
  5
B8D
330
17
100
AcDbEntity
  8
4
 62
4
100
AcDbText
 10
3590.68075
 20
1881.481328
 30
0.0
 40
15.0
  1
P23
100
AcDbText
  0
TEXT
  5
B8E
330
17
100
AcDbEntity
  8
4
 62
4
100
AcDbText
 10
3586.082348
 20
1380.613822
 30
0.0
 40
15.0
  1
P32
100
AcDbText
  0
TEXT
  5
B8F
330
17
100
AcDbEntity
  8
4
 62
4
100
AcDbText
 10
3148.973638
 20
1475.194357
 30
0.0
 40
15.0
  1
P31
100
AcDbText
  0
TEXT
  5
B90
330
17
100
AcDbEntity
  8
3
 62
3
100
AcDbText
 10
1306.326593
 20
1707.870658
 30
0.0
 40
10.0
  1
19/60
100
AcDbText
  0
TEXT
  5
B91
330
17
100
AcDbEntity
  8
3
 62
3
100
AcDbText
 10
1312.111298
 20
2137.344
 30
0.0
 40
10.0
  1
19/60
100
AcDbText
  0
TEXT
  5
B92
330
17
100
AcDbEntity
  8
4
 62
4
100
AcDbText
 10
1316.867378
 20
2151.66456
 30
0.0
 40
15.0
  1
P10
100
AcDbText
  0
TEXT
  5
B93
330
17
100
AcDbEntity
  8
3
 62
3
100
AcDbText
 10
3380.870161
 20
515.158473
 30
0.0
 40
10.0
  1
14o PAV.
100
AcDbText
  0
TEXT
  5
B94
330
17
100
AcDbEntity
  8
3
 62
3
100
AcDbText
 10
5232.57063
 20
1304.754171
 30
0.0
 40
9.0
  1
COMPATIBILIZADO
100
AcDbText
  0
TEXT
  5
B95
330
17
100
AcDbEntity
  8
3
 62
3
100
AcDbText
 10
5056.499493
 20
1306.123055
 30
0.0
 40
10.5
  1
01
100
AcDbText
  0
TEXT
  5
B96
330
17
100
AcDbEntity
  8
3
 62
3
100
AcDbText
 10
5797.635777
 20
1305.688102
 30
0.0
 40
10.749893
  1
WEREBE
100
AcDbText
  0
TEXT
  5
B97
330
17
100
AcDbEntity
  8
2
 62
2
100
AcDbText
 10
2401.755448
 20
1036.86967
 30
0.0
 40
10.0
  1
ESC.:1:50
100
AcDbText
  0
TEXT
  5
B98
330
17
100
AcDbEntity
  8
3
 62
3
100
AcDbText
 10
5232.57063
 20
1279.490404
 30
0.0
 40
9.0
  1
EMISSÃO PROJETO PRÉ-EXECUTIVO
100
AcDbText
  0
TEXT
  5
B99
330
17
100
AcDbEntity
  8
3
 62
3
100
AcDbText
 10
5119.012758
 20
1279.603714
 30
0.0
 40
10.5
  1
29/01/24
100
AcDbText
  0
TEXT
  5
B9A
330
17
100
AcDbEntity
  8
6
 62
6
100
AcDbText
 10
5309.946083
 20
1489.676927
 30
0.0
 40
24.0
  1
PRÉ-EXECUTIVO
100
AcDbText
  0
TEXT
  5
B9B
330
17
100
AcDbEntity
  8
6
 62
6
100
AcDbText
 10
4449.200668000001
 20
2023.378519
 30
0.0
 40
30.0
  1
P26=P27
100
AcDbText
  0
TEXT
  5
B9C
330
17
100
AcDbEntity
  8
2
 62
2
100
AcDbText
 10
4445.624758
 20
1997.273171
 30
0.0
 40
10.0
  1
ESC.:1:25
100
AcDbText
  0
TEXT
  5
B9D
330
17
100
AcDbEntity
  8
2
 62
2
100
AcDbText
 10
4791.924333
 20
1648.273921
 30
0.0
 40
10.0
  1
199
100
AcDbText
  0
TEXT
  5
B9E
330
17
100
AcDbEntity
  8
2
 62
2
100
AcDbText
 10
4791.924333
 20
1435.273921
 30
0.0
 40
10.0
  1
19
100
AcDbText
  0
TEXT
  5
B9F
330
17
100
AcDbEntity
  8
2
 62
2
100
AcDbText
 10
4305.305211
 20
1629.273921
 30
0.0
 40
10.0
  1
218
100
AcDbText
  0
TEXT
  5
BA0
330
17
100
AcDbEntity
  8
2
 62
2
100
AcDbText
 10
4538.072129
 20
1351.113629
 30
0.0
 40
10.0
  1
165
100
AcDbText
  0
TEXT
  5
BA1
330
17
100
AcDbEntity
  8
2
 62
2
100
AcDbText
 10
4557.072129
 20
1925.565264
 30
0.0
 40
10.0
  1
146
100
AcDbText
  0
TEXT
  5
BA2
330
17
100
AcDbEntity
  8
2
 62
2
100
AcDbText
 10
4397.072129
 20
1925.565264
 30
0.0
 40
10.0
  1
19
100
AcDbText
  0
TEXT
  5
BA3
330
17
100
AcDbEntity
  8
3
 62
3
100
AcDbText
 10
5772.844338
 20
1257.92724
 30
0.0
 40
9.9999
  1
RESPONSÁVEL
100
AcDbText
  0
TEXT
  5
BA4
330
17
100
AcDbEntity
  8
3
 62
3
100
AcDbText
 10
5056.499493
 20
1280.859288
 30
0.0
 40
10.499895
  1
00
100
AcDbText
  0
TEXT
  5
BA5
330
17
100
AcDbEntity
  8
3
 62
3
100
AcDbText
 10
5232.57063
 20
1256.92725
 30
0.0
 40
10.99989
  1
DESCRIÇÃO
100
AcDbText
  0
TEXT
  5
BA6
330
17
100
AcDbEntity
  8
3
 62
3
100
AcDbText
 10
5140.82915
 20
1255.095526
 30
0.0
 40
10.99989
  1
DATA
100
AcDbText
  0
TEXT
  5
BA7
330
17
100
AcDbEntity
  8
3
 62
3
100
AcDbText
 10
5056.499493
 20
1255.095526
 30
0.0
 40
10.99989
  1
REV.
100
AcDbText
  0
TEXT
  5
BA8
330
17
100
AcDbEntity
  8
3
 62
3
100
AcDbText
 10
5055.649866
 20
1231.507944
 30
0.0
 40
9.9999
  1
INCORPORAÇÃO E CONSTRUÇÃO
100
AcDbText
  0
TEXT
  5
BA9
330
17
100
AcDbEntity
  8
3
 62
3
100
AcDbText
 10
5797.635777
 20
1280.424335
 30
0.0
 40
10.749893
  1
WEREBE
100
AcDbText
  0
TEXT
  5
BAA
330
17
100
AcDbEntity
  8
4
 62
4
100
AcDbText
 10
5360.864402
 20
698.887764
 30
0.0
 40
17.5
  1
JAN/24
100
AcDbText
  0
TEXT
  5
BAB
330
17
100
AcDbEntity
  8
4
 62
4
100
AcDbText
 10
5056.499493
 20
696.510644
 30
0.0
 40
20.0
  1
PRÉ-EXECUTIVO
100
AcDbText
  0
TEXT
  5
BAC
330
17
100
AcDbEntity
  8
3
 62
3
100
AcDbText
 10
5223.264061
 20
338.982558
 30
0.0
 40
9.25
  1
NBR 6118-2014
100
AcDbText
  0
TEXT
  5
BAD
330
17
100
AcDbEntity
  8
3
 62
3
100
AcDbText
 10
5529.275345
 20
249.06076
 30
0.0
 40
13.0
  1
R.S.A.
100
AcDbText
  0
TEXT
  5
BAE
330
17
100
AcDbEntity
  8
3
 62
3
100
AcDbText
 10
5529.346812
 20
415.520681
 30
0.0
 40
10.0
  1
RESPONSÁVEL PROJETO
100
AcDbText
  0
TEXT
  5
BAF
330
17
100
AcDbEntity
  8
4
 62
4
100
AcDbText
 10
5673.744835
 20
906.91365
 30
0.0
 40
13.5
  1
RESIDÊNCIAL
100
AcDbText
  0
TEXT
  5
BB0
330
17
100
AcDbEntity
  8
6
 62
6
100
AcDbText
 10
5056.499493
 20
991.208853
 30
0.0
 40
17.5
  1
PARAISO
100
AcDbText
  0
TEXT
  5
BB1
330
17
100
AcDbEntity
  8
3
 62
3
100
AcDbText
 10
5529.275345
 20
312.211893
 30
0.0
 40
12.99987
  1
ALBERTO WEREBE
100
AcDbText
  0
TEXT
  5
BB2
330
17
100
AcDbEntity
  8
4
 62
4
100
AcDbText
 10
5056.499493
 20
905.567405
 30
0.0
 40
13.5
  1
PARAISO
100
AcDbText
  0
TEXT
  5
BB3
330
17
100
AcDbEntity
  8
4
 62
4
100
AcDbText
 10
5056.499493
 20
945.918475
 30
0.0
 40
13.5
  1
RUA CORREIRA DIAS, 289, 301 e 303
100
AcDbText
  0
TEXT
  5
BB4
330
17
100
AcDbEntity
  8
3
 62
3
100
AcDbText
 10
5811.080907
 20
247.441857
 30
0.0
 40
11.0
  1
1:50
100
AcDbText
  0
TEXT
  5
BB5
330
17
100
AcDbEntity
  8
3
 62
3
100
AcDbText
 10
5055.649866
 20
969.606511
 30
0.0
 40
8.99991
  1
ENDEREÇO
100
AcDbText
  0
TEXT
  5
BB6
330
17
100
AcDbEntity
  8
3
 62
3
100
AcDbText
 10
5729.913347
 20
651.8665
 30
0.0
 40
9.9999
  1
REVISÃO
100
AcDbText
  0
TEXT
  5
BB7
330
17
100
AcDbEntity
  8
3
 62
3
100
AcDbText
 10
5529.915347
 20
651.8665
 30
0.0
 40
9.9999
  1
FOLHA
100
AcDbText
  0
TEXT
  5
BB8
330
17
100
AcDbEntity
  8
3
 62
3
100
AcDbText
 10
5178.844754
 20
484.930607
 30
0.0
 40
10.99989
  1
PROJETO ESTRUTURAL
100
AcDbText
  0
TEXT
  5
BB9
330
17
100
AcDbEntity
  8
3
 62
3
100
AcDbText
 10
5228.186725
 20
282.466616
 30
0.0
 40
9.249908
  1
BRASILEIRAS
100
AcDbText
  0
TEXT
  5
BBA
330
17
100
AcDbEntity
  8
3
 62
3
100
AcDbText
 10
5152.398592
 20
301.783556
 30
0.0
 40
9.249908
  1
EXECUCAO:
100
AcDbText
  0
TEXT
  5
BBB
330
17
100
AcDbEntity
  8
3
 62
3
100
AcDbText
 10
5238.34736
 20
301.084594
 30
0.0
 40
9.249908
  1
NORMAS ESTRUTURAIS
100
AcDbText
  0
TEXT
  5
BBC
330
17
100
AcDbEntity
  8
3
 62
3
100
AcDbText
 10
5210.472451
 20
320.446515
 30
0.0
 40
9.249908
  1
DE ACORDO COM AS
100
AcDbText
  0
TEXT
  5
BBD
330
17
100
AcDbEntity
  8
3
 62
3
100
AcDbText
 10
5205.63287
 20
403.463917
 30
0.0
 40
9.249908
  1
3
100
AcDbText
  0
TEXT
  5
BBE
330
17
100
AcDbEntity
  8
3
 62
3
100
AcDbText
 10
5327.19527
 20
403.463917
 30
0.0
 40
9.249908
  1
1
100
AcDbText
  0
TEXT
  5
BBF
330
17
100
AcDbEntity
  8
3
 62
3
100
AcDbText
 10
5317.668022
 20
403.463917
 30
0.0
 40
9.249908
  1
3
100
AcDbText
  0
TEXT
  5
BC0
330
17
100
AcDbEntity
  8
3
 62
3
100
AcDbText
 10
5307.791168
 20
403.463917
 30
0.0
 40
9.249908
  1
3
100
AcDbText
  0
TEXT
  5
BC1
330
17
100
AcDbEntity
  8
3
 62
3
100
AcDbText
 10
5297.580332
 20
403.463917
 30
0.0
 40
9.249908
  1
3
100
AcDbText
  0
TEXT
  5
BC2
330
17
100
AcDbEntity
  8
3
 62
3
100
AcDbText
 10
5180.546346
 20
385.830304
 30
0.0
 40
9.249908
  1
wermordo   terra.com.br
100
AcDbText
  0
TEXT
  5
BC3
330
17
100
AcDbEntity
  8
3
 62
3
100
AcDbText
 10
5263.410752
 20
381.185819
 30
0.0
 40
12.499875
  1
@
100
AcDbText
  0
TEXT
  5
BC4
330
17
100
AcDbEntity
  8
3
 62
3
100
AcDbText
 10
5163.805742
 20
528.92307
 30
0.0
 40
7.499925
  1
ENGENHEIROS ASSOCIADOS S/C LTDA
100
AcDbText
  0
TEXT
  5
BC5
330
17
100
AcDbEntity
  8
3
 62
3
100
AcDbText
 10
5369.690939
 20
403.463917
 30
0.0
 40
9.249908
  1
3
100
AcDbText
  0
TEXT
  5
BC6
330
17
100
AcDbEntity
  8
3
 62
3
100
AcDbText
 10
5359.700805
 20
403.463917
 30
0.0
 40
9.249908
  1
9
100
AcDbText
  0
TEXT
  5
BC7
330
17
100
AcDbEntity
  8
3
 62
3
100
AcDbText
 10
5351.161828
 20
403.463917
 30
0.0
 40
9.249908
  1
0
100
AcDbText
  0
TEXT
  5
BC8
330
17
100
AcDbEntity
  8
3
 62
3
100
AcDbText
 10
5343.072065
 20
403.463917
 30
0.0
 40
9.249908
  1
7
100
AcDbText
  0
TEXT
  5
BC9
330
17
100
AcDbEntity
  8
3
 62
3
100
AcDbText
 10
5334.68543
 20
403.463917
 30
0.0
 40
9.249908
  1
-
100
AcDbText
  0
TEXT
  5
BCA
330
17
100
AcDbEntity
  8
3
 62
3
100
AcDbText
 10
5284.927138
 20
403.463917
 30
0.0
 40
9.249908
  1
e
100
AcDbText
  0
TEXT
  5
BCB
330
17
100
AcDbEntity
  8
3
 62
3
100
AcDbText
 10
5273.870608
 20
403.463917
 30
0.0
 40
9.249908
  1
0
100
AcDbText
  0
TEXT
  5
BCC
330
17
100
AcDbEntity
  8
3
 62
3
100
AcDbText
 10
5265.733971
 20
403.463917
 30
0.0
 40
9.249908
  1
5
100
AcDbText
  0
TEXT
  5
BCD
330
17
100
AcDbEntity
  8
3
 62
3
100
AcDbText
 10
5256.238949
 20
403.463917
 30
0.0
 40
9.249908
  1
3
100
AcDbText
  0
TEXT
  5
BCE
330
17
100
AcDbEntity
  8
3
 62
3
100
AcDbText
 10
5247.190211
 20
403.463917
 30
0.0
 40
9.249908
  1
9
100
AcDbText
  0
TEXT
  5
BCF
330
17
100
AcDbEntity
  8
3
 62
3
100
AcDbText
 10
5237.696165
 20
403.463917
 30
0.0
 40
9.249908
  1
-
100
AcDbText
  0
TEXT
  5
BD0
330
17
100
AcDbEntity
  8
3
 62
3
100
AcDbText
 10
5232.550692
 20
403.463917
 30
0.0
 40
9.249908
  1
1
100
AcDbText
  0
TEXT
  5
BD1
330
17
100
AcDbEntity
  8
3
 62
3
100
AcDbText
 10
5223.966794
 20
403.463917
 30
0.0
 40
9.249908
  1
2
100
AcDbText
  0
TEXT
  5
BD2
330
17
100
AcDbEntity
  8
3
 62
3
100
AcDbText
 10
5214.479584
 20
403.463917
 30
0.0
 40
9.249908
  1
2
100
AcDbText
  0
TEXT
  5
BD3
330
17
100
AcDbEntity
  8
3
 62
3
100
AcDbText
 10
5202.912564
 20
403.463917
 30
0.0
 40
9.249908
  1
.
100
AcDbText
  0
TEXT
  5
BD4
330
17
100
AcDbEntity
  8
3
 62
3
100
AcDbText
 10
5196.135288
 20
403.463917
 30
0.0
 40
9.249908
  1
l
100
AcDbText
  0
TEXT
  5
BD5
330
17
100
AcDbEntity
  8
3
 62
3
100
AcDbText
 10
5188.002557
 20
403.463917
 30
0.0
 40
9.249908
  1
e
100
AcDbText
  0
TEXT
  5
BD6
330
17
100
AcDbEntity
  8
3
 62
3
100
AcDbText
 10
5179.871779
 20
403.463917
 30
0.0
 40
9.249908
  1
t
100
AcDbText
  0
TEXT
  5
BD7
330
17
100
AcDbEntity
  8
3
 62
3
100
AcDbText
 10
5366.679251
 20
417.713774
 30
0.0
 40
9.249908
  1
3
100
AcDbText
  0
TEXT
  5
BD8
330
17
100
AcDbEntity
  8
3
 62
3
100
AcDbText
 10
5357.376609
 20
417.713774
 30
0.0
 40
9.249908
  1
2
100
AcDbText
  0
TEXT
  5
BD9
330
17
100
AcDbEntity
  8
3
 62
3
100
AcDbText
 10
5347.888423
 20
417.713774
 30
0.0
 40
9.249908
  1
2
100
AcDbText
  0
TEXT
  5
BDA
330
17
100
AcDbEntity
  8
3
 62
3
100
AcDbText
 10
5338.400237
 20
417.713774
 30
0.0
 40
9.249908
  1
1
100
AcDbText
  0
TEXT
  5
BDB
330
17
100
AcDbEntity
  8
3
 62
3
100
AcDbText
 10
5331.171793
 20
417.713774
 30
0.0
 40
9.249908
  1
0
100
AcDbText
  0
TEXT
  5
BDC
330
17
100
AcDbEntity
  8
3
 62
3
100
AcDbText
 10
5313.550876
 20
417.713774
 30
0.0
 40
9.249908
  1
p
100
AcDbText
  0
TEXT
  5
BDD
330
17
100
AcDbEntity
  8
3
 62
3
100
AcDbText
 10
5304.966977
 20
417.713774
 30
0.0
 40
9.249908
  1
e
100
AcDbText
  0
TEXT
  5
BDE
330
17
100
AcDbEntity
  8
3
 62
3
100
AcDbText
 10
5296.834246
 20
417.713774
 30
0.0
 40
9.249908
  1
c
100
AcDbText
  0
TEXT
  5
BDF
330
17
100
AcDbEntity
  8
3
 62
3
100
AcDbText
 10
5278.764114
 20
417.713774
 30
0.0
 40
9.249908
  1
p
100
AcDbText
  0
TEXT
  5
BE0
330
17
100
AcDbEntity
  8
3
 62
3
100
AcDbText
 10
5268.822807
 20
417.713774
 30
0.0
 40
9.249908
  1
s
100
AcDbText
  0
TEXT
  5
BE1
330
17
100
AcDbEntity
  8
3
 62
3
100
AcDbText
 10
5258.22721
 20
417.713774
 30
0.0
 40
9.249908
  1
-
100
AcDbText
  0
TEXT
  5
BE2
330
17
100
AcDbEntity
  8
3
 62
3
100
AcDbText
 10
5247.537864
 20
417.713774
 30
0.0
 40
9.249908
  1
o
100
AcDbText
  0
TEXT
  5
BE3
330
17
100
AcDbEntity
  8
3
 62
3
100
AcDbText
 10
5242.266432
 20
417.713774
 30
0.0
 40
9.249908
  1
l
100
AcDbText
  0
TEXT
  5
BE4
330
17
100
AcDbEntity
  8
3
 62
3
100
AcDbText
 10
5232.317313
 20
417.713774
 30
0.0
 40
9.249908
  1
u
100
AcDbText
  0
TEXT
  5
BE5
330
17
100
AcDbEntity
  8
3
 62
3
100
AcDbText
 10
5224.469735
 20
417.713774
 30
0.0
 40
9.249908
  1
a
100
AcDbText
  0
TEXT
  5
BE6
330
17
100
AcDbEntity
  8
3
 62
3
100
AcDbText
 10
5216.622157
 20
417.713774
 30
0.0
 40
9.249908
  1
p
100
AcDbText
  0
TEXT
  5
BE7
330
17
100
AcDbEntity
  8
3
 62
3
100
AcDbText
 10
5196.444625
 20
417.713774
 30
0.0
 40
9.249908
  1
o
100
AcDbText
  0
TEXT
  5
BE8
330
17
100
AcDbEntity
  8
3
 62
3
100
AcDbText
 10
5189.03259
 20
417.713774
 30
0.0
 40
9.249908
  1
a
100
AcDbText
  0
TEXT
  5
BE9
330
17
100
AcDbEntity
  8
3
 62
3
100
AcDbText
 10
5181.352979
 20
417.713774
 30
0.0
 40
9.249908
  1
s
100
AcDbText
  0
TEXT
  5
BEA
330
17
100
AcDbEntity
  8
3
 62
3
100
AcDbText
 10
5366.25738
 20
431.963632
 30
0.0
 40
9.249908
  1
e
100
AcDbText
  0
TEXT
  5
BEB
330
17
100
AcDbEntity
  8
3
 62
3
100
AcDbText
 10
5358.386365
 20
431.963632
 30
0.0
 40
9.249908
  1
u
100
AcDbText
  0
TEXT
  5
BEC
330
17
100
AcDbEntity
  8
3
 62
3
100
AcDbText
 10
5351.009485
 20
431.963632
 30
0.0
 40
9.249908
  1
q
100
AcDbText
  0
TEXT
  5
BED
330
17
100
AcDbEntity
  8
3
 62
3
100
AcDbText
 10
5344.286896
 20
431.963632
 30
0.0
 40
9.249908
  1
r
100
AcDbText
  0
TEXT
  5
BEE
330
17
100
AcDbEntity
  8
3
 62
3
100
AcDbText
 10
5336.910017
 20
431.963632
 30
0.0
 40
9.249908
  1
a
100
AcDbText
  0
TEXT
  5
BEF
330
17
100
AcDbEntity
  8
3
 62
3
100
AcDbText
 10
5328.876894
 20
431.963632
 30
0.0
 40
9.249908
  1
u
100
AcDbText
  0
TEXT
  5
BF0
330
17
100
AcDbEntity
  8
3
 62
3
100
AcDbText
 10
5316.365301
 20
431.963632
 30
0.0
 40
9.249908
  1
.
100
AcDbText
  0
TEXT
  5
BF1
330
17
100
AcDbEntity
  8
3
 62
3
100
AcDbText
 10
5307.808746
 20
431.963632
 30
0.0
 40
9.249908
  1
V
100
AcDbText
  0
TEXT
  5
BF2
330
17
100
AcDbEntity
  8
3
 62
3
100
AcDbText
 10
5321.500015
 20
431.963632
 30
0.0
 40
9.249908
  1
B
100
AcDbText
  0
TEXT
  5
BF3
330
17
100
AcDbEntity
  8
3
 62
3
100
AcDbText
 10
5285.070692
 20
431.963632
 30
0.0
 40
9.249908
  1
2
100
AcDbText
  0
TEXT
  5
BF4
330
17
100
AcDbEntity
  8
3
 62
3
100
AcDbText
 10
5276.424294
 20
431.963632
 30
0.0
 40
9.249908
  1
3
100
AcDbText
  0
TEXT
  5
BF5
330
17
100
AcDbEntity
  8
3
 62
3
100
AcDbText
 10
5271.020051
 20
431.963632
 30
0.0
 40
9.249908
  1
.
100
AcDbText
  0
TEXT
  5
BF6
330
17
100
AcDbEntity
  8
3
 62
3
100
AcDbText
 10
5263.813092
 20
431.963632
 30
0.0
 40
9.249908
  1
j
100
AcDbText
  0
TEXT
  5
BF7
330
17
100
AcDbEntity
  8
3
 62
3
100
AcDbText
 10
5256.248714
 20
431.963632
 30
0.0
 40
9.249908
  1
c
100
AcDbText
  0
TEXT
  5
BF8
330
17
100
AcDbEntity
  8
3
 62
3
100
AcDbText
 10
5237.871945
 20
431.963632
 30
0.0
 40
9.249908
  1
r
100
AcDbText
  0
TEXT
  5
BF9
330
17
100
AcDbEntity
  8
3
 62
3
100
AcDbText
 10
5229.639605
 20
431.963632
 30
0.0
 40
9.249908
  1
a
100
AcDbText
  0
TEXT
  5
BFA
330
17
100
AcDbEntity
  8
3
 62
3
100
AcDbText
 10
5220.376026
 20
431.963632
 30
0.0
 40
9.249908
  1
d
100
AcDbText
  0
TEXT
  5
BFB
330
17
100
AcDbEntity
  8
3
 62
3
100
AcDbText
 10
5211.628067
 20
431.963632
 30
0.0
 40
9.249908
  1
n
100
AcDbText
  0
TEXT
  5
BFC
330
17
100
AcDbEntity
  8
3
 62
3
100
AcDbText
 10
5201.934804
 20
431.963632
 30
0.0
 40
9.249908
  1
a
100
AcDbText
  0
TEXT
  5
BFD
330
17
100
AcDbEntity
  8
3
 62
3
100
AcDbText
 10
5188.987668
 20
431.963632
 30
0.0
 40
9.249908
  1
o
100
AcDbText
  0
TEXT
  5
BFE
330
17
100
AcDbEntity
  8
3
 62
3
100
AcDbText
 10
5181.352979
 20
431.963632
 30
0.0
 40
9.249908
  1
3
100
AcDbText
  0
TEXT
  5
BFF
330
17
100
AcDbEntity
  8
3
 62
3
100
AcDbText
 10
5366.663626
 20
446.211536
 30
0.0
 40
9.249908
  1
3
100
AcDbText
  0
TEXT
  5
C00
330
17
100
AcDbEntity
  8
3
 62
3
100
AcDbText
 10
5356.714507
 20
446.211536
 30
0.0
 40
9.249908
  1
0
100
AcDbText
  0
TEXT
  5
C01
330
17
100
AcDbEntity
  8
3
 62
3
100
AcDbText
 10
5349.534891
 20
446.211536
 30
0.0
 40
9.249908
  1
5
100
AcDbText
  0
TEXT
  5
C02
330
17
100
AcDbEntity
  8
3
 62
3
100
AcDbText
 10
5336.695175
 20
446.211536
 30
0.0
 40
9.249908
  1
o
100
AcDbText
  0
TEXT
  5
C03
330
17
100
AcDbEntity
  8
3
 62
3
100
AcDbText
 10
5328.978456
 20
446.211536
 30
0.0
 40
9.249908
  1
n
100
AcDbText
  0
TEXT
  5
C04
330
17
100
AcDbEntity
  8
3
 62
3
100
AcDbText
 10
5314.054777
 20
446.211536
 30
0.0
 40
9.249908
  1
u
100
AcDbText
  0
TEXT
  5
C05
330
17
100
AcDbEntity
  8
3
 62
3
100
AcDbText
 10
5303.234573
 20
446.211536
 30
0.0
 40
9.249908
  1
t
100
AcDbText
  0
TEXT
  5
C06
330
17
100
AcDbEntity
  8
3
 62
3
100
AcDbText
 10
5298.078374
 20
446.211536
 30
0.0
 40
9.249908
  1
i
100
AcDbText
  0
TEXT
  5
C07
330
17
100
AcDbEntity
  8
3
 62
3
100
AcDbText
 10
5273.893069
 20
446.211536
 30
0.0
 40
9.249908
  1
de
100
AcDbText
  0
TEXT
  5
C08
330
17
100
AcDbEntity
  8
3
 62
3
100
AcDbText
 10
5257.754559
 20
446.211536
 30
0.0
 40
9.249908
  1
s
100
AcDbText
  0
TEXT
  5
C09
330
17
100
AcDbEntity
  8
3
 62
3
100
AcDbText
 10
5250.047604
 20
446.211536
 30
0.0
 40
9.249908
  1
e
100
AcDbText
  0
TEXT
  5
C0A
330
17
100
AcDbEntity
  8
3
 62
3
100
AcDbText
 10
5239.813332
 20
446.211536
 30
0.0
 40
9.249908
  1
u
100
AcDbText
  0
TEXT
  5
C0B
330
17
100
AcDbEntity
  8
3
 62
3
100
AcDbText
 10
5229.536091
 20
446.211536
 30
0.0
 40
9.249908
  1
q
100
AcDbText
  0
TEXT
  5
C0C
330
17
100
AcDbEntity
  8
3
 62
3
100
AcDbText
 10
5212.624151
 20
446.211536
 30
0.0
 40
9.249908
  1
a
100
AcDbText
  0
TEXT
  5
C0D
330
17
100
AcDbEntity
  8
3
 62
3
100
AcDbText
 10
5221.360391
 20
446.211536
 30
0.0
 40
9.249908
  1
r
100
AcDbText
  0
TEXT
  5
C0E
330
17
100
AcDbEntity
  8
3
 62
3
100
AcDbText
 10
5202.905498
 20
446.211536
 30
0.0
 40
9.249908
  1
m
100
AcDbText
  0
TEXT
  5
C0F
330
17
100
AcDbEntity
  8
3
 62
3
100
AcDbText
 10
5181.352979
 20
446.211536
 30
0.0
 40
9.249908
  1
r.
100
AcDbText
  0
TEXT
  5
C10
330
17
100
AcDbEntity
  8
3
 62
3
100
AcDbText
 10
5675.466973
 20
1012.722106
 30
0.0
 40
8.99991
  1
CÓDIGO DO EMPREENDIMENTO
100
AcDbText
  0
TEXT
  5
C11
330
17
100
AcDbEntity
  8
3
 62
3
100
AcDbText
 10
5675.466973
 20
940.096834
 30
0.0
 40
8.99991
  1
PADRÃO
100
AcDbText
  0
TEXT
  5
C12
330
17
100
AcDbEntity
  8
3
 62
3
100
AcDbText
 10
5440.73759
 20
928.901616
 30
0.0
 40
9.9999
  1
CIDADE/ESTADO
100
AcDbText
  0
TEXT
  5
C13
330
17
100
AcDbEntity
  8
3
 62
3
100
AcDbText
 10
5055.649866
 20
880.043281
 30
0.0
 40
10.749893
  1
TITULO DE DESENHO
100
AcDbText
  0
TEXT
  5
C14
330
17
100
AcDbEntity
  8
3
 62
3
100
AcDbText
 10
5055.649866
 20
1018.768457
 30
0.0
 40
8.99991
  1
EMPREENDIMENTO - OBRA
100
AcDbText
  0
TEXT
  5
C15
330
17
100
AcDbEntity
  8
3
 62
3
100
AcDbText
 10
5055.426512
 20
928.589561
 30
0.0
 40
8.99991
  1
BAIRRO
100
AcDbText
  0
TEXT
  5
C16
330
17
100
AcDbEntity
  8
4
 62
4
100
AcDbText
 10
5635.454127
 20
696.510644
 30
0.0
 40
19.9998
  1
ESTRUTURA
100
AcDbText
  0
TEXT
  5
C17
330
17
100
AcDbEntity
  8
3
 62
3
100
AcDbText
 10
5634.43433
 20
735.12583
 30
0.0
 40
9.9999
  1
ÁREA TÉCNICA
100
AcDbText
  0
TEXT
  5
C18
330
17
100
AcDbEntity
  8
3
 62
3
100
AcDbText
 10
5359.844605
 20
734.845932
 30
0.0
 40
9.9999
  1
DATA DE EXPEDIÇÃO
100
AcDbText
  0
TEXT
  5
C19
330
17
100
AcDbEntity
  8
3
 62
3
100
AcDbText
 10
5054.08386
 20
733.255305
 30
0.0
 40
9.9999
  1
FASE
100
AcDbText
  0
TEXT
  5
C1A
330
17
100
AcDbEntity
  8
3
 62
3
100
AcDbText
 10
5529.346812
 20
483.591852
 30
0.0
 40
9.9999
  1
ARQUIVO
100
AcDbText
  0
TEXT
  5
C1B
330
17
100
AcDbEntity
  8
3
 62
3
100
AcDbText
 10
5529.275345
 20
383.446488
 30
0.0
 40
12.99987
  1
ALBERTO WEREBE
100
AcDbText
  0
TEXT
  5
C1C
330
17
100
AcDbEntity
  8
3
 62
3
100
AcDbText
 10
5528.938479
 20
344.8274
 30
0.0
 40
9.9999
  1
COORDENADOR
100
AcDbText
  0
TEXT
  5
C1D
330
17
100
AcDbEntity
  8
3
 62
3
100
AcDbText
 10
5811.238409
 20
275.808787
 30
0.0
 40
9.9999
  1
ESCALA
100
AcDbText
  0
TEXT
  5
C1E
330
17
100
AcDbEntity
  8
3
 62
3
100
AcDbText
 10
5529.346812
 20
275.808787
 30
0.0
 40
9.9999
  1
PROJETISTA
100
AcDbText
  0
TEXT
  5
C1F
330
17
100
AcDbEntity
  8
4
 62
4
100
AcDbText
 10
5419.413128
 20
908.980013
 30
0.0
 40
12.499875
  1
SÃO PAULO - SP
100
AcDbText
  0
POLYLINE
  5
C20
330
17
100
AcDbEntity
  8
1
 62
1
100
AcDb2dPolyline
 66
1
 10
0.0
 20
0.0
 30
0.0
 70
0
  0
VERTEX
  5
C22
330
17
100
AcDbEntity
  8
1
100
AcDbVertex
100
AcDb2dVertex
 10
5327.756109389405
 20
559.7313373490543
 30
0.0
 70
0
  0
VERTEX
  5
C23
330
17
100
AcDbEntity
  8
1
100
AcDbVertex
100
AcDb2dVertex
 10
5327.846340393289
 20
559.7407585103957
 30
0.0
 70
0
  0
VERTEX
  5
C24
330
17
100
AcDbEntity
  8
1
100
AcDbVertex
100
AcDb2dVertex
 10
5327.937937202777
 20
559.745588
 30
0.0
 70
0
  0
VERTEX
  5
C25
330
17
100
AcDbEntity
  8
1
100
AcDbVertex
100
AcDb2dVertex
 10
5328.030662
 20
559.745588
 30
0.0
 70
0
  0
VERTEX
  5
C26
330
17
100
AcDbEntity
  8
1
100
AcDbVertex
100
AcDb2dVertex
 10
5329.473871521357
 20
559.745588
 30
0.0
 70
0
  0
VERTEX
  5
C27
330
17
100
AcDbEntity
  8
1
100
AcDbVertex
100
AcDb2dVertex
 10
5330.643824000001
 20
558.5756355213568
 30
0.0
 70
0
  0
VERTEX
  5
C28
330
17
100
AcDbEntity
  8
1
100
AcDbVertex
100
AcDb2dVertex
 10
5330.643824000001
 20
557.132426
 30
0.0
 70
0
  0
VERTEX
  5
C29
330
17
100
AcDbEntity
  8
1
100
AcDbVertex
100
AcDb2dVertex
 10
5330.643824000001
 20
555.6892164786432
 30
0.0
 70
0
  0
VERTEX
  5
C2A
330
17
100
AcDbEntity
  8
1
100
AcDbVertex
100
AcDb2dVertex
 10
5329.473871521357
 20
554.519264
 30
0.0
 70
0
  0
VERTEX
  5
C2B
330
17
100
AcDbEntity
  8
1
100
AcDbVertex
100
AcDb2dVertex
 10
5328.030662
 20
554.519264
 30
0.0
 70
0
  0
VERTEX
  5
C2C
330
17
100
AcDbEntity
  8
1
100
AcDbVertex
100
AcDb2dVertex
 10
5327.937671405863
 20
554.519264
 30
0.0
 70
0
  0
VERTEX
  5
C2D
330
17
100
AcDbEntity
  8
1
100
AcDbVertex
100
AcDb2dVertex
 10
5327.845815275514
 20
554.5241212168853
 30
0.0
 70
0
  0
VERTEX
  5
C2E
330
17
100
AcDbEntity
  8
1
100
AcDbVertex
100
AcDb2dVertex
 10
5327.755333477813
 20
554.5335957817962
 30
0.0
 70
0
  0
SEQEND
  5
C21
330
C20
100
AcDbEntity
  8
1
  0
POLYLINE
  5
C2F
330
17
100
AcDbEntity
  8
1
 62
1
100
AcDb2dPolyline
 66
1
 10
0.0
 20
0.0
 30
0.0
 70
0
  0
VERTEX
  5
C31
330
17
100
AcDbEntity
  8
1
100
AcDbVertex
100
AcDb2dVertex
 10
5329.190108324185
 20
562.9674987398347
 30
0.0
 70
0
  0
VERTEX
  5
C32
330
17
100
AcDbEntity
  8
1
100
AcDbVertex
100
AcDb2dVertex
 10
5329.5036196101055
 20
563.0192652650155
 30
0.0
 70
0
  0
VERTEX
  5
C33
330
17
100
AcDbEntity
  8
1
100
AcDbVertex
100
AcDb2dVertex
 10
5329.825509150307
 20
563.0461929999999
 30
0.0
 70
0
  0
VERTEX
  5
C34
330
17
100
AcDbEntity
  8
1
100
AcDbVertex
100
AcDb2dVertex
 10
5330.153688
 20
563.0461929999999
 30
0.0
 70
0
  0
VERTEX
  5
C35
330
17
100
AcDbEntity
  8
1
100
AcDbVertex
100
AcDb2dVertex
 10
5333.396040204557
 20
563.0461929999999
 30
0.0
 70
0
  0
VERTEX
  5
C36
330
17
100
AcDbEntity
  8
1
100
AcDbVertex
100
AcDb2dVertex
 10
5336.024486
 20
560.4177472045563
 30
0.0
 70
0
  0
VERTEX
  5
C37
330
17
100
AcDbEntity
  8
1
100
AcDbVertex
100
AcDb2dVertex
 10
5336.024486
 20
557.175395
 30
0.0
 70
0
  0
VERTEX
  5
C38
330
17
100
AcDbEntity
  8
1
100
AcDbVertex
100
AcDb2dVertex
 10
5336.024486
 20
554.405480771421
 30
0.0
 70
0
  0
VERTEX
  5
C39
330
17
100
AcDbEntity
  8
1
100
AcDbVertex
100
AcDb2dVertex
 10
5334.106209131227
 20
552.0836041117483
 30
0.0
 70
0
  0
VERTEX
  5
C3A
330
17
100
AcDbEntity
  8
1
100
AcDbVertex
100
AcDb2dVertex
 10
5331.525668466657
 20
551.4657780939588
 30
0.0
 70
0
  0
SEQEND
  5
C30
330
C2F
100
AcDbEntity
  8
1
  0
POLYLINE
  5
C3B
330
17
100
AcDbEntity
  8
1
 62
1
100
AcDb2dPolyline
 66
1
 10
0.0
 20
0.0
 30
0.0
 70
0
  0
VERTEX
  5
C3D
330
17
100
AcDbEntity
  8
1
100
AcDbVertex
100
AcDb2dVertex
 10
5227.8977333894045
 20
559.7313373490543
 30
0.0
 70
0
  0
VERTEX
  5
C3E
330
17
100
AcDbEntity
  8
1
100
AcDbVertex
100
AcDb2dVertex
 10
5227.987964393289
 20
559.7407585103957
 30
0.0
 70
0
  0
VERTEX
  5
C3F
330
17
100
AcDbEntity
  8
1
100
AcDbVertex
100
AcDb2dVertex
 10
5228.079561202777
 20
559.745588
 30
0.0
 70
0
  0
VERTEX
  5
C40
330
17
100
AcDbEntity
  8
1
100
AcDbVertex
100
AcDb2dVertex
 10
5228.172286
 20
559.745588
 30
0.0
 70
0
  0
VERTEX
  5
C41
330
17
100
AcDbEntity
  8
1
100
AcDbVertex
100
AcDb2dVertex
 10
5229.615495521357
 20
559.745588
 30
0.0
 70
0
  0
VERTEX
  5
C42
330
17
100
AcDbEntity
  8
1
100
AcDbVertex
100
AcDb2dVertex
 10
5230.7854480000005
 20
558.5756355213568
 30
0.0
 70
0
  0
VERTEX
  5
C43
330
17
100
AcDbEntity
  8
1
100
AcDbVertex
100
AcDb2dVertex
 10
5230.7854480000005
 20
557.132426
 30
0.0
 70
0
  0
VERTEX
  5
C44
330
17
100
AcDbEntity
  8
1
100
AcDbVertex
100
AcDb2dVertex
 10
5230.7854480000005
 20
555.6892164786432
 30
0.0
 70
0
  0
VERTEX
  5
C45
330
17
100
AcDbEntity
  8
1
100
AcDbVertex
100
AcDb2dVertex
 10
5229.615495521357
 20
554.519264
 30
0.0
 70
0
  0
VERTEX
  5
C46
330
17
100
AcDbEntity
  8
1
100
AcDbVertex
100
AcDb2dVertex
 10
5228.172286
 20
554.519264
 30
0.0
 70
0
  0
VERTEX
  5
C47
330
17
100
AcDbEntity
  8
1
100
AcDbVertex
100
AcDb2dVertex
 10
5228.0792954058625
 20
554.519264
 30
0.0
 70
0
  0
VERTEX
  5
C48
330
17
100
AcDbEntity
  8
1
100
AcDbVertex
100
AcDb2dVertex
 10
5227.987439275514
 20
554.5241212168853
 30
0.0
 70
0
  0
VERTEX
  5
C49
330
17
100
AcDbEntity
  8
1
100
AcDbVertex
100
AcDb2dVertex
 10
5227.896957477813
 20
554.5335957817962
 30
0.0
 70
0
  0
SEQEND
  5
C3C
330
C3B
100
AcDbEntity
  8
1
  0
POLYLINE
  5
C4A
330
17
100
AcDbEntity
  8
1
 62
1
100
AcDb2dPolyline
 66
1
 10
0.0
 20
0.0
 30
0.0
 70
0
  0
VERTEX
  5
C4C
330
17
100
AcDbEntity
  8
1
100
AcDbVertex
100
AcDb2dVertex
 10
5229.329778324184
 20
562.9674987398347
 30
0.0
 70
0
  0
VERTEX
  5
C4D
330
17
100
AcDbEntity
  8
1
100
AcDbVertex
100
AcDb2dVertex
 10
5229.643289610105
 20
563.0192652650155
 30
0.0
 70
0
  0
VERTEX
  5
C4E
330
17
100
AcDbEntity
  8
1
100
AcDbVertex
100
AcDb2dVertex
 10
5229.9651791503065
 20
563.0461929999999
 30
0.0
 70
0
  0
VERTEX
  5
C4F
330
17
100
AcDbEntity
  8
1
100
AcDbVertex
100
AcDb2dVertex
 10
5230.293358
 20
563.0461929999999
 30
0.0
 70
0
  0
VERTEX
  5
C50
330
17
100
AcDbEntity
  8
1
100
AcDbVertex
100
AcDb2dVertex
 10
5233.535710204556
 20
563.0461929999999
 30
0.0
 70
0
  0
VERTEX
  5
C51
330
17
100
AcDbEntity
  8
1
100
AcDbVertex
100
AcDb2dVertex
 10
5236.164156
 20
560.4177472045563
 30
0.0
 70
0
  0
VERTEX
  5
C52
330
17
100
AcDbEntity
  8
1
100
AcDbVertex
100
AcDb2dVertex
 10
5236.164156
 20
557.175395
 30
0.0
 70
0
  0
VERTEX
  5
C53
330
17
100
AcDbEntity
  8
1
100
AcDbVertex
100
AcDb2dVertex
 10
5236.164156
 20
554.405480771421
 30
0.0
 70
0
  0
VERTEX
  5
C54
330
17
100
AcDbEntity
  8
1
100
AcDbVertex
100
AcDb2dVertex
 10
5234.2458791312265
 20
552.0836041117483
 30
0.0
 70
0
  0
VERTEX
  5
C55
330
17
100
AcDbEntity
  8
1
100
AcDbVertex
100
AcDb2dVertex
 10
5231.665338466657
 20
551.4657780939588
 30
0.0
 70
0
  0
SEQEND
  5
C4B
330
C4A
100
AcDbEntity
  8
1
  0
POLYLINE
  5
C56
330
17
100
AcDbEntity
  8
1
 62
1
100
AcDb2dPolyline
 66
1
 10
0.0
 20
0.0
 30
0.0
 70
0
  0
VERTEX
  5
C58
330
17
100
AcDbEntity
  8
1
100
AcDbVertex
100
AcDb2dVertex
 10
5257.845927756123
 20
551.9115412994279
 30
0.0
 70
0
  0
VERTEX
  5
C59
330
17
100
AcDbEntity
  8
1
100
AcDbVertex
100
AcDb2dVertex
 10
5258.5823271153
 20
551.4765579495031
 30
0.0
 70
0
  0
VERTEX
  5
C5A
330
17
100
AcDbEntity
  8
1
100
AcDbVertex
100
AcDb2dVertex
 10
5259.076274000001
 20
550.6747127129523
 30
0.0
 70
0
  0
VERTEX
  5
C5B
330
17
100
AcDbEntity
  8
1
100
AcDbVertex
100
AcDb2dVertex
 10
5259.076274000001
 20
549.7575
 30
0.0
 70
0
  0
VERTEX
  5
C5C
330
17
100
AcDbEntity
  8
1
100
AcDbVertex
100
AcDb2dVertex
 10
5259.076274000001
 20
548.840235491764
 30
0.0
 70
0
  0
VERTEX
  5
C5D
330
17
100
AcDbEntity
  8
1
100
AcDbVertex
100
AcDb2dVertex
 10
5258.582271327061
 20
548.0383514899713
 30
0.0
 70
0
  0
VERTEX
  5
C5E
330
17
100
AcDbEntity
  8
1
100
AcDbVertex
100
AcDb2dVertex
 10
5257.845802999709
 20
547.6033850131516
 30
0.0
 70
0
  0
SEQEND
  5
C57
330
C56
100
AcDbEntity
  8
1
  0
POLYLINE
  5
C5F
330
17
100
AcDbEntity
  8
1
 62
1
100
AcDb2dPolyline
 66
1
 10
0.0
 20
0.0
 30
0.0
 70
0
  0
VERTEX
  5
C61
330
17
100
AcDbEntity
  8
1
100
AcDbVertex
100
AcDb2dVertex
 10
5257.845927756123
 20
560.6614542994279
 30
0.0
 70
0
  0
VERTEX
  5
C62
330
17
100
AcDbEntity
  8
1
100
AcDbVertex
100
AcDb2dVertex
 10
5258.5823271153
 20
560.2264709495031
 30
0.0
 70
0
  0
VERTEX
  5
C63
330
17
100
AcDbEntity
  8
1
100
AcDbVertex
100
AcDb2dVertex
 10
5259.076274000001
 20
559.4246257129523
 30
0.0
 70
0
  0
VERTEX
  5
C64
330
17
100
AcDbEntity
  8
1
100
AcDbVertex
100
AcDb2dVertex
 10
5259.076274000001
 20
558.507413
 30
0.0
 70
0
  0
VERTEX
  5
C65
330
17
100
AcDbEntity
  8
1
100
AcDbVertex
100
AcDb2dVertex
 10
5259.076274000001
 20
557.590148491764
 30
0.0
 70
0
  0
VERTEX
  5
C66
330
17
100
AcDbEntity
  8
1
100
AcDbVertex
100
AcDb2dVertex
 10
5258.582271327061
 20
556.7882644899713
 30
0.0
 70
0
  0
VERTEX
  5
C67
330
17
100
AcDbEntity
  8
1
100
AcDbVertex
100
AcDb2dVertex
 10
5257.845802999709
 20
556.3532980131516
 30
0.0
 70
0
  0
SEQEND
  5
C60
330
C5F
100
AcDbEntity
  8
1
  0
POLYLINE
  5
C68
330
17
100
AcDbEntity
  8
1
 62
1
100
AcDb2dPolyline
 66
1
 10
0.0
 20
0.0
 30
0.0
 70
0
  0
VERTEX
  5
C6A
330
17
100
AcDbEntity
  8
1
100
AcDbVertex
100
AcDb2dVertex
 10
5261.414975299781
 20
562.8828092009824
 30
0.0
 70
0
  0
VERTEX
  5
C6B
330
17
100
AcDbEntity
  8
1
100
AcDbVertex
100
AcDb2dVertex
 10
5262.910786433673
 20
561.999249309509
 30
0.0
 70
0
  0
VERTEX
  5
C6C
330
17
100
AcDbEntity
  8
1
100
AcDbVertex
100
AcDb2dVertex
 10
5263.914116
 20
560.3705012429275
 30
0.0
 70
0
  0
VERTEX
  5
C6D
330
17
100
AcDbEntity
  8
1
100
AcDbVertex
100
AcDb2dVertex
 10
5263.914116
 20
558.507413
 30
0.0
 70
0
  0
VERTEX
  5
C6E
330
17
100
AcDbEntity
  8
1
100
AcDbVertex
100
AcDb2dVertex
 10
5263.914116
 20
556.644219547907
 30
0.0
 70
0
  0
VERTEX
  5
C6F
330
17
100
AcDbEntity
  8
1
100
AcDbVertex
100
AcDb2dVertex
 10
5262.910673113815
 20
555.015392739431
 30
0.0
 70
0
  0
VERTEX
  5
C70
330
17
100
AcDbEntity
  8
1
100
AcDbVertex
100
AcDb2dVertex
 10
5261.414721888326
 20
554.1318671214511
 30
0.0
 70
0
  0
SEQEND
  5
C69
330
C68
100
AcDbEntity
  8
1
  0
POLYLINE
  5
C71
330
17
100
AcDbEntity
  8
1
 62
1
100
AcDb2dPolyline
 66
1
 10
0.0
 20
0.0
 30
0.0
 70
0
  0
VERTEX
  5
C73
330
17
100
AcDbEntity
  8
1
100
AcDbVertex
100
AcDb2dVertex
 10
5261.414975299781
 20
554.1328962009824
 30
0.0
 70
0
  0
VERTEX
  5
C74
330
17
100
AcDbEntity
  8
1
100
AcDbVertex
100
AcDb2dVertex
 10
5262.910786433673
 20
553.249336309509
 30
0.0
 70
0
  0
VERTEX
  5
C75
330
17
100
AcDbEntity
  8
1
100
AcDbVertex
100
AcDb2dVertex
 10
5263.914116
 20
551.6205882429275
 30
0.0
 70
0
  0
VERTEX
  5
C76
330
17
100
AcDbEntity
  8
1
100
AcDbVertex
100
AcDb2dVertex
 10
5263.914116
 20
549.7575
 30
0.0
 70
0
  0
VERTEX
  5
C77
330
17
100
AcDbEntity
  8
1
100
AcDbVertex
100
AcDb2dVertex
 10
5263.914116
 20
547.894306547907
 30
0.0
 70
0
  0
VERTEX
  5
C78
330
17
100
AcDbEntity
  8
1
100
AcDbVertex
100
AcDb2dVertex
 10
5262.910673113815
 20
546.265479739431
 30
0.0
 70
0
  0
VERTEX
  5
C79
330
17
100
AcDbEntity
  8
1
100
AcDbVertex
100
AcDb2dVertex
 10
5261.414721888326
 20
545.3819541214511
 30
0.0
 70
0
  0
SEQEND
  5
C72
330
C71
100
AcDbEntity
  8
1
  0
POLYLINE
  5
C7A
330
17
100
AcDbEntity
  8
1
 62
1
100
AcDb2dPolyline
 66
1
 10
0.0
 20
0.0
 30
0.0
 70
0
  0
VERTEX
  5
C7C
330
17
100
AcDbEntity
  8
1
100
AcDbVertex
100
AcDb2dVertex
 10
5347.324958581135
 20
558.5080319802793
 30
0.0
 70
0
  0
VERTEX
  5
C7D
330
17
100
AcDbEntity
  8
1
100
AcDbVertex
100
AcDb2dVertex
 10
5349.204219792706
 20
557.9410963244702
 30
0.0
 70
0
  0
VERTEX
  5
C7E
330
17
100
AcDbEntity
  8
1
100
AcDbVertex
100
AcDb2dVertex
 10
5350.572805
 20
556.1966012633711
 30
0.0
 70
0
  0
VERTEX
  5
C7F
330
17
100
AcDbEntity
  8
1
100
AcDbVertex
100
AcDb2dVertex
 10
5350.572805
 20
554.132456
 30
0.0
 70
0
  0
VERTEX
  5
C80
330
17
100
AcDbEntity
  8
1
100
AcDbVertex
100
AcDb2dVertex
 10
5350.572805
 20
552.067931150132
 30
0.0
 70
0
  0
VERTEX
  5
C81
330
17
100
AcDbEntity
  8
1
100
AcDbVertex
100
AcDb2dVertex
 10
5349.203716393802
 20
550.3231740776497
 30
0.0
 70
0
  0
VERTEX
  5
C82
330
17
100
AcDbEntity
  8
1
100
AcDbVertex
100
AcDb2dVertex
 10
5347.323921767735
 20
549.75656736888
 30
0.0
 70
0
  0
SEQEND
  5
C7B
330
C7A
100
AcDbEntity
  8
1
  0
POLYLINE
  5
C83
330
17
100
AcDbEntity
  8
1
 62
1
100
AcDb2dPolyline
 66
1
 10
0.0
 20
0.0
 30
0.0
 70
0
  0
VERTEX
  5
C85
330
17
100
AcDbEntity
  8
1
100
AcDbVertex
100
AcDb2dVertex
 10
5347.95342516227
 20
562.8836079605586
 30
0.0
 70
0
  0
VERTEX
  5
C86
330
17
100
AcDbEntity
  8
1
100
AcDbVertex
100
AcDb2dVertex
 10
5351.7119475854115
 20
561.7497366489406
 30
0.0
 70
0
  0
VERTEX
  5
C87
330
17
100
AcDbEntity
  8
1
100
AcDbVertex
100
AcDb2dVertex
 10
5354.449118
 20
558.2607465267424
 30
0.0
 70
0
  0
VERTEX
  5
C88
330
17
100
AcDbEntity
  8
1
100
AcDbVertex
100
AcDb2dVertex
 10
5354.449118
 20
554.132456
 30
0.0
 70
0
  0
VERTEX
  5
C89
330
17
100
AcDbEntity
  8
1
100
AcDbVertex
100
AcDb2dVertex
 10
5354.449118
 20
550.0034063002639
 30
0.0
 70
0
  0
VERTEX
  5
C8A
330
17
100
AcDbEntity
  8
1
100
AcDbVertex
100
AcDb2dVertex
 10
5351.710940787605
 20
546.5138921552993
 30
0.0
 70
0
  0
VERTEX
  5
C8B
330
17
100
AcDbEntity
  8
1
100
AcDbVertex
100
AcDb2dVertex
 10
5347.951351535467
 20
545.38067873776
 30
0.0
 70
0
  0
SEQEND
  5
C84
330
C83
100
AcDbEntity
  8
1
  0
CIRCLE
  5
C8C
330
17
100
AcDbEntity
  8
0
100
AcDbCircle
 10
3315.992363
 20
1602.455272
 30
0.0
 40
12.5
  0
CIRCLE
  5
C8D
330
17
100
AcDbEntity
  8
0
100
AcDbCircle
 10
2361.369972
 20
1945.490476
 30
0.0
 40
12.5
  0
CIRCLE
  5
C8E
330
17
100
AcDbEntity
  8
0
100
AcDbCircle
 10
1648.905595
 20
1947.752268
 30
0.0
 40
12.5
  0
CIRCLE
  5
C8F
330
17
100
AcDbEntity
  8
0
100
AcDbCircle
 10
1128.261743
 20
2007.785877
 30
0.0
 40
20.0
  0
CIRCLE
  5
C90
330
17
100
AcDbEntity
  8
0
100
AcDbCircle
 10
5364.459985
 20
554.132456
 30
0.0
 40
4.499955
  0
CIRCLE
  5
C91
330
17
100
AcDbEntity
  8
0
100
AcDbCircle
 10
5364.459985
 20
554.132456
 30
0.0
 40
8.762484
  0
CIRCLE
  5
C92
330
17
100
AcDbEntity
  8
0
100
AcDbCircle
 10
5310.983958
 20
554.132456
 30
0.0
 40
4.499955
  0
CIRCLE
  5
C93
330
17
100
AcDbEntity
  8
0
100
AcDbCircle
 10
5310.983958
 20
554.132456
 30
0.0
 40
8.762484
  0
ENDSEC
  0
SECTION
  2
OBJECTS
  0
DICTIONARY
  5
A
330
0
100
AcDbDictionary
281
1
  3
ACAD_COLOR
350
B
  3
ACAD_GROUP
350
C
  3
ACAD_LAYOUT
350
D
  3
ACAD_MATERIAL
350
E
  3
ACAD_MLEADERSTYLE
350
F
  3
ACAD_MLINESTYLE
350
10
  3
ACAD_PLOTSETTINGS
350
11
  3
ACAD_PLOTSTYLENAME
350
12
  3
ACAD_SCALELIST
350
14
  3
ACAD_TABLESTYLE
350
15
  3
ACAD_VISUALSTYLE
350
16
  3
EZDXF_META
350
2D
  0
DICTIONARY
  5
B
330
A
100
AcDbDictionary
281
1
  0
DICTIONARY
  5
C
330
A
100
AcDbDictionary
281
1
  0
DICTIONARY
  5
D
330
A
100
AcDbDictionary
281
1
  3
Model
350
1A
  3
Layout1
350
1E
  0
DICTIONARY
  5
E
330
A
100
AcDbDictionary
281
1
  3
ByBlock
350
1F
  3
ByLayer
350
20
  3
Global
350
21
  0
DICTIONARY
  5
F
330
A
100
AcDbDictionary
281
1
  3
Standard
350
2C
  0
DICTIONARY
  5
10
330
A
100
AcDbDictionary
281
1
  3
Standard
350
22
  0
DICTIONARY
  5
11
330
A
100
AcDbDictionary
281
1
  0
ACDBDICTIONARYWDFLT
  5
12
330
A
100
AcDbDictionary
281
1
  3
Normal
350
13
100
AcDbDictionaryWithDefault
340
13
  0
ACDBPLACEHOLDER
  5
13
330
12
  0
DICTIONARY
  5
14
330
A
100
AcDbDictionary
281
1
  0
DICTIONARY
  5
15
330
A
100
AcDbDictionary
281
1
  0
DICTIONARY
  5
16
330
A
100
AcDbDictionary
281
1
  0
LAYOUT
  5
1A
330
D
100
AcDbPlotSettings
  1

  4
A3
  6

 40
7.5
 41
20.0
 42
7.5
 43
20.0
 44
420.0
 45
297.0
 46
0.0
 47
0.0
 48
0.0
 49
0.0
140
0.0
141
0.0
142
1.0
143
1.0
 70
1024
 72
1
 73
0
 74
5
  7

 75
16
 76
0
 77
2
 78
300
147
1.0
148
0.0
149
0.0
100
AcDbLayout
  1
Model
 70
1
 71
0
 10
0.0
 20
0.0
 11
420.0
 21
297.0
 12
0.0
 22
0.0
 32
0.0
 14
1e+20
 24
1e+20
 34
1e+20
 15
-1e+20
 25
-1e+20
 35
-1e+20
146
0.0
 13
0.0
 23
0.0
 33
0.0
 16
1.0
 26
0.0
 36
0.0
 17
0.0
 27
1.0
 37
0.0
 76
1
330
17
  0
LAYOUT
  5
1E
330
D
100
AcDbPlotSettings
  1

  4
A3
  6

 40
7.5
 41
20.0
 42
7.5
 43
20.0
 44
420.0
 45
297.0
 46
0.0
 47
0.0
 48
0.0
 49
0.0
140
0.0
141
0.0
142
1.0
143
1.0
 70
0
 72
1
 73
0
 74
5
  7

 75
16
 76
0
 77
2
 78
300
147
1.0
148
0.0
149
0.0
100
AcDbLayout
  1
Layout1
 70
1
 71
1
 10
0.0
 20
0.0
 11
420.0
 21
297.0
 12
0.0
 22
0.0
 32
0.0
 14
1e+20
 24
1e+20
 34
1e+20
 15
-1e+20
 25
-1e+20
 35
-1e+20
146
0.0
 13
0.0
 23
0.0
 33
0.0
 16
1.0
 26
0.0
 36
0.0
 17
0.0
 27
1.0
 37
0.0
 76
1
330
1B
  0
MATERIAL
  5
1F
102
{ACAD_REACTORS
330
E
102
}
330
E
100
AcDbMaterial
  1
ByBlock
  2

 70
0
 40
1.0
 71
1
 41
1.0
 91
-1023410177
 42
1.0
 72
1
  3

 73
1
 74
1
 75
1
 44
0.5
 73
0
 45
1.0
 46
1.0
 77
1
  4

 78
1
 79
1
170
1
 48
1.0
171
1
  6

172
1
173
1
174
1
140
1.0
141
1.0
175
1
  7

176
1
177
1
178
1
143
1.0
179
1
  8

270
1
271
1
272
1
145
1.0
146
1.0
273
1
  9

274
1
275
1
276
1
 42
1.0
 72
1
  3

 73
1
 74
1
 75
1
 94
63
  0
MATERIAL
  5
20
102
{ACAD_REACTORS
330
E
102
}
330
E
100
AcDbMaterial
  1
ByLayer
  2

 70
0
 40
1.0
 71
1
 41
1.0
 91
-1023410177
 42
1.0
 72
1
  3

 73
1
 74
1
 75
1
 44
0.5
 73
0
 45
1.0
 46
1.0
 77
1
  4

 78
1
 79
1
170
1
 48
1.0
171
1
  6

172
1
173
1
174
1
140
1.0
141
1.0
175
1
  7

176
1
177
1
178
1
143
1.0
179
1
  8

270
1
271
1
272
1
145
1.0
146
1.0
273
1
  9

274
1
275
1
276
1
 42
1.0
 72
1
  3

 73
1
 74
1
 75
1
 94
63
  0
MATERIAL
  5
21
102
{ACAD_REACTORS
330
E
102
}
330
E
100
AcDbMaterial
  1
Global
  2

 70
0
 40
1.0
 71
1
 41
1.0
 91
-1023410177
 42
1.0
 72
1
  3

 73
1
 74
1
 75
1
 44
0.5
 73
0
 45
1.0
 46
1.0
 77
1
  4

 78
1
 79
1
170
1
 48
1.0
171
1
  6

172
1
173
1
174
1
140
1.0
141
1.0
175
1
  7

176
1
177
1
178
1
143
1.0
179
1
  8

270
1
271
1
272
1
145
1.0
146
1.0
273
1
  9

274
1
275
1
276
1
 42
1.0
 72
1
  3

 73
1
 74
1
 75
1
 94
63
  0
MLINESTYLE
  5
22
102
{ACAD_REACTORS
330
10
102
}
330
10
100
AcDbMlineStyle
  2
Standard
 70
0
  3

 62
256
 51
90.0
 52
90.0
 71
2
 49
0.5
 62
256
  6
BYLAYER
 49
-0.5
 62
256
  6
BYLAYER
  0
MLEADERSTYLE
  5
2C
102
{ACAD_REACTORS
330
F
102
}
330
F
100
AcDbMLeaderStyle
179
2
170
2
171
1
172
0
 90
2
 40
0.0
 41
0.0
173
1
 91
-1056964608
 92
-2
290
1
 42
2.0
291
1
 43
8.0
  3
Standard
 44
4.0
300

342
29
174
1
175
1
176
0
178
1
 93
-1056964608
 45
4.0
292
0
297
0
 46
4.0
 94
-1056964608
 47
1.0
 49
1.0
140
1.0
294
1
141
0.0
177
0
142
1.0
295
0
296
0
143
3.75
271
0
272
9
273
9
  0
DICTIONARY
  5
2D
330
A
100
AcDbDictionary
280
1
281
1
  3
CREATED_BY_EZDXF
350
2E
  3
WRITTEN_BY_EZDXF
350
C96
  0
DICTIONARYVAR
  5
2E
330
2D
100
DictionaryVariables
280
0
  1
1.4.3 @ 2026-06-07T04:48:51.036687+00:00
  0
DICTIONARYVAR
  5
C96
330
2D
100
DictionaryVariables
280
0
  1
1.4.3 @ 2026-06-07T04:48:51.166138+00:00
  0
ENDSEC
  0
EOF
