  0
SECTION
  2
HEADER
  9
$ACADVER
  1
AC1032
  9
$ACADMAINTVER
 90
4
  9
$DWGCODEPAGE
  3
ANSI_1252
  9
$LASTSAVEDBY
  1
ezdxf
  9
$REQUIREDVERSIONS
160
0
  9
$INSBASE
 10
0.0
 20
0.0
 30
0.0
  9
$EXTMIN
 10
1e+20
 20
1e+20
 30
1e+20
  9
$EXTMAX
 10
-1e+20
 20
-1e+20
 30
-1e+20
  9
$LIMMIN
 10
0.0
 20
0.0
  9
$LIMMAX
 10
420.0
 20
297.0
  9
$ORTHOMODE
 70
0
  9
$REGENMODE
 70
1
  9
$FILLMODE
 70
1
  9
$QTEXTMODE
 70
0
  9
$MIRRTEXT
 70
1
  9
$LTSCALE
 40
1.0
  9
$ATTMODE
 70
1
  9
$TEXTSIZE
 40
2.5
  9
$TRACEWID
 40
1.0
  9
$TEXTSTYLE
  7
Standard
  9
$CLAYER
  8
0
  9
$CELTYPE
  6
ByLayer
  9
$CECOLOR
 62
256
  9
$CELTSCALE
 40
1.0
  9
$DISPSILH
 70
0
  9
$DIMSCALE
 40
1.0
  9
$DIMASZ
 40
2.5
  9
$DIMEXO
 40
0.625
  9
$DIMDLI
 40
3.75
  9
$DIMRND
 40
0.0
  9
$DIMDLE
 40
0.0
  9
$DIMEXE
 40
1.25
  9
$DIMTP
 40
0.0
  9
$DIMTM
 40
0.0
  9
$DIMTXT
 40
2.5
  9
$DIMCEN
 40
2.5
  9
$DIMTSZ
 40
0.0
  9
$DIMTOL
 70
0
  9
$DIMLIM
 70
0
  9
$DIMTIH
 70
0
  9
$DIMTOH
 70
0
  9
$DIMSE1
 70
0
  9
$DIMSE2
 70
0
  9
$DIMTAD
 70
1
  9
$DIMZIN
 70
8
  9
$DIMBLK
  1

  9
$DIMASO
 70
1
  9
$DIMSHO
 70
1
  9
$DIMPOST
  1

  9
$DIMAPOST
  1

  9
$DIMALT
 70
0
  9
$DIMALTD
 70
3
  9
$DIMALTF
 40
0.03937007874
  9
$DIMLFAC
 40
1.0
  9
$DIMTOFL
 70
1
  9
$DIMTVP
 40
0.0
  9
$DIMTIX
 70
0
  9
$DIMSOXD
 70
0
  9
$DIMSAH
 70
0
  9
$DIMBLK1
  1

  9
$DIMBLK2
  1

  9
$DIMSTYLE
  2
ISO-25
  9
$DIMCLRD
 70
0
  9
$DIMCLRE
 70
0
  9
$DIMCLRT
 70
0
  9
$DIMTFAC
 40
1.0
  9
$DIMGAP
 40
0.625
  9
$DIMJUST
 70
0
  9
$DIMSD1
 70
0
  9
$DIMSD2
 70
0
  9
$DIMTOLJ
 70
0
  9
$DIMTZIN
 70
8
  9
$DIMALTZ
 70
0
  9
$DIMALTTZ
 70
0
  9
$DIMUPT
 70
0
  9
$DIMDEC
 70
2
  9
$DIMTDEC
 70
2
  9
$DIMALTU
 70
2
  9
$DIMALTTD
 70
3
  9
$DIMTXSTY
  7
Standard
  9
$DIMAUNIT
 70
0
  9
$DIMADEC
 70
0
  9
$DIMALTRND
 40
0.0
  9
$DIMAZIN
 70
0
  9
$DIMDSEP
 70
44
  9
$DIMATFIT
 70
3
  9
$DIMFRAC
 70
0
  9
$DIMLDRBLK
  1

  9
$DIMLUNIT
 70
2
  9
$DIMLWD
 70
-2
  9
$DIMLWE
 70
-2
  9
$DIMTMOVE
 70
0
  9
$DIMFXL
 40
1.0
  9
$DIMFXLON
 70
0
  9
$DIMJOGANG
 40
0.785398163397
  9
$DIMTFILL
 70
0
  9
$DIMTFILLCLR
 70
0
  9
$DIMARCSYM
 70
0
  9
$DIMLTYPE
  6

  9
$DIMLTEX1
  6

  9
$DIMLTEX2
  6

  9
$DIMTXTDIRECTION
 70
0
  9
$LUNITS
 70
2
  9
$LUPREC
 70
4
  9
$SKETCHINC
 40
1.0
  9
$FILLETRAD
 40
10.0
  9
$AUNITS
 70
0
  9
$AUPREC
 70
2
  9
$MENU
  1
.
  9
$ELEVATION
 40
0.0
  9
$PELEVATION
 40
0.0
  9
$THICKNESS
 40
0.0
  9
$LIMCHECK
 70
0
  9
$CHAMFERA
 40
0.0
  9
$CHAMFERB
 40
0.0
  9
$CHAMFERC
 40
0.0
  9
$CHAMFERD
 40
0.0
  9
$SKPOLY
 70
0
  9
$TDCREATE
 40
2461110.844108796
  9
$TDUCREATE
 40
2458532.153996898
  9
$TDUPDATE
 40
2461110.844108796
  9
$TDUUPDATE
 40
2458532.1544311
  9
$TDINDWG
 40
0.0
  9
$TDUSRTIMER
 40
0.0
  9
$USRTIMER
 70
1
  9
$ANGBASE
 50
0.0
  9
$ANGDIR
 70
0
  9
$PDMODE
 70
0
  9
$PDSIZE
 40
0.0
  9
$PLINEWID
 40
0.0
  9
$SPLFRAME
 70
0
  9
$SPLINETYPE
 70
6
  9
$SPLINESEGS
 70
8
  9
$HANDSEED
  5
83F
  9
$SURFTAB1
 70
6
  9
$SURFTAB2
 70
6
  9
$SURFTYPE
 70
6
  9
$SURFU
 70
6
  9
$SURFV
 70
6
  9
$UCSBASE
  2

  9
$UCSNAME
  2

  9
$UCSORG
 10
0.0
 20
0.0
 30
0.0
  9
$UCSXDIR
 10
1.0
 20
0.0
 30
0.0
  9
$UCSYDIR
 10
0.0
 20
1.0
 30
0.0
  9
$UCSORTHOREF
  2

  9
$UCSORTHOVIEW
 70
0
  9
$UCSORGTOP
 10
0.0
 20
0.0
 30
0.0
  9
$UCSORGBOTTOM
 10
0.0
 20
0.0
 30
0.0
  9
$UCSORGLEFT
 10
0.0
 20
0.0
 30
0.0
  9
$UCSORGRIGHT
 10
0.0
 20
0.0
 30
0.0
  9
$UCSORGFRONT
 10
0.0
 20
0.0
 30
0.0
  9
$UCSORGBACK
 10
0.0
 20
0.0
 30
0.0
  9
$PUCSBASE
  2

  9
$PUCSNAME
  2

  9
$PUCSORG
 10
0.0
 20
0.0
 30
0.0
  9
$PUCSXDIR
 10
1.0
 20
0.0
 30
0.0
  9
$PUCSYDIR
 10
0.0
 20
1.0
 30
0.0
  9
$PUCSORTHOREF
  2

  9
$PUCSORTHOVIEW
 70
0
  9
$PUCSORGTOP
 10
0.0
 20
0.0
 30
0.0
  9
$PUCSORGBOTTOM
 10
0.0
 20
0.0
 30
0.0
  9
$PUCSORGLEFT
 10
0.0
 20
0.0
 30
0.0
  9
$PUCSORGRIGHT
 10
0.0
 20
0.0
 30
0.0
  9
$PUCSORGFRONT
 10
0.0
 20
0.0
 30
0.0
  9
$PUCSORGBACK
 10
0.0
 20
0.0
 30
0.0
  9
$USERI1
 70
0
  9
$USERI2
 70
0
  9
$USERI3
 70
0
  9
$USERI4
 70
0
  9
$USERI5
 70
0
  9
$USERR1
 40
0.0
  9
$USERR2
 40
0.0
  9
$USERR3
 40
0.0
  9
$USERR4
 40
0.0
  9
$USERR5
 40
0.0
  9
$WORLDVIEW
 70
1
  9
$SHADEDGE
 70
3
  9
$SHADEDIF
 70
70
  9
$TILEMODE
 70
1
  9
$MAXACTVP
 70
64
  9
$PINSBASE
 10
0.0
 20
0.0
 30
0.0
  9
$PLIMCHECK
 70
0
  9
$PEXTMIN
 10
1e+20
 20
1e+20
 30
1e+20
  9
$PEXTMAX
 10
-1e+20
 20
-1e+20
 30
-1e+20
  9
$PLIMMIN
 10
0.0
 20
0.0
  9
$PLIMMAX
 10
420.0
 20
297.0
  9
$UNITMODE
 70
0
  9
$VISRETAIN
 70
1
  9
$PLINEGEN
 70
0
  9
$PSLTSCALE
 70
1
  9
$TREEDEPTH
 70
3020
  9
$CMLSTYLE
  2
Standard
  9
$CMLJUST
 70
0
  9
$CMLSCALE
 40
20.0
  9
$PROXYGRAPHICS
 70
1
  9
$MEASUREMENT
 70
1
  9
$CELWEIGHT
370
-1
  9
$ENDCAPS
280
0
  9
$JOINSTYLE
280
0
  9
$LWDISPLAY
290
0
  9
$INSUNITS
 70
0
  9
$HYPERLINKBASE
  1

  9
$STYLESHEET
  1

  9
$XEDIT
290
1
  9
$CEPSNTYPE
380
0
  9
$PSTYLEMODE
290
1
  9
$FINGERPRINTGUID
  2
{A7E48308-131A-47A1-AC1C-35578A929949}
  9
$VERSIONGUID
  2
{D66AFDCB-FB26-4240-935E-4E2DBC8EAACD}
  9
$EXTNAMES
290
1
  9
$PSVPSCALE
 40
0.0
  9
$OLESTARTUP
290
0
  9
$SORTENTS
280
127
  9
$INDEXCTL
280
0
  9
$HIDETEXT
280
1
  9
$XCLIPFRAME
280
1
  9
$HALOGAP
280
0
  9
$OBSCOLOR
 70
257
  9
$OBSLTYPE
280
0
  9
$INTERSECTIONDISPLAY
280
0
  9
$INTERSECTIONCOLOR
 70
257
  9
$DIMASSOC
280
2
  9
$PROJECTNAME
  1

  9
$CAMERADISPLAY
290
0
  9
$LENSLENGTH
 40
50.0
  9
$CAMERAHEIGHT
 40
0.0
  9
$STEPSPERSEC
 40
24.0
  9
$STEPSIZE
 40
100.0
  9
$3DDWFPREC
 40
2.0
  9
$PSOLWIDTH
 40
0.005
  9
$PSOLHEIGHT
 40
0.08
  9
$LOFTANG1
 40
1.570796326795
  9
$LOFTANG2
 40
1.570796326795
  9
$LOFTMAG1
 40
0.0
  9
$LOFTMAG2
 40
0.0
  9
$LOFTPARAM
 70
7
  9
$LOFTNORMALS
280
1
  9
$LATITUDE
 40
37.795
  9
$LONGITUDE
 40
-122.394
  9
$NORTHDIRECTION
 40
0.0
  9
$TIMEZONE
 70
-8000
  9
$LIGHTGLYPHDISPLAY
280
1
  9
$TILEMODELIGHTSYNCH
280
1
  9
$CMATERIAL
347
20
  9
$SOLIDHIST
280
0
  9
$SHOWHIST
280
1
  9
$DWFFRAME
280
2
  9
$DGNFRAME
280
2
  9
$REALWORLDSCALE
290
1
  9
$INTERFERECOLOR
 62
256
  9
$CSHADOW
280
0
  9
$SHADOWPLANELOCATION
 40
0.0
  0
ENDSEC
  0
SECTION
  2
CLASSES
  0
CLASS
  1
ACDBDICTIONARYWDFLT
  2
AcDbDictionaryWithDefault
  3
ObjectDBX Classes
 90
0
 91
0
280
0
281
0
  0
CLASS
  1
SUN
  2
AcDbSun
  3
SCENEOE
 90
1153
 91
0
280
0
281
0
  0
CLASS
  1
VISUALSTYLE
  2
AcDbVisualStyle
  3
ObjectDBX Classes
 90
4095
 91
0
280
0
281
0
  0
CLASS
  1
MATERIAL
  2
AcDbMaterial
  3
ObjectDBX Classes
 90
1153
 91
0
280
0
281
0
  0
CLASS
  1
SCALE
  2
AcDbScale
  3
ObjectDBX Classes
 90
1153
 91
0
280
0
281
0
  0
CLASS
  1
TABLESTYLE
  2
AcDbTableStyle
  3
ObjectDBX Classes
 90
4095
 91
0
280
0
281
0
  0
CLASS
  1
MLEADERSTYLE
  2
AcDbMLeaderStyle
  3
ACDB_MLEADERSTYLE_CLASS
 90
4095
 91
0
280
0
281
0
  0
CLASS
  1
DICTIONARYVAR
  2
AcDbDictionaryVar
  3
ObjectDBX Classes
 90
0
 91
0
280
0
281
0
  0
CLASS
  1
CELLSTYLEMAP
  2
AcDbCellStyleMap
  3
ObjectDBX Classes
 90
1152
 91
0
280
0
281
0
  0
CLASS
  1
MENTALRAYRENDERSETTINGS
  2
AcDbMentalRayRenderSettings
  3
SCENEOE
 90
1024
 91
0
280
0
281
0
  0
CLASS
  1
ACDBDETAILVIEWSTYLE
  2
AcDbDetailViewStyle
  3
ObjectDBX Classes
 90
1025
 91
0
280
0
281
0
  0
CLASS
  1
ACDBSECTIONVIEWSTYLE
  2
AcDbSectionViewStyle
  3
ObjectDBX Classes
 90
1025
 91
0
280
0
281
0
  0
CLASS
  1
RASTERVARIABLES
  2
AcDbRasterVariables
  3
ISM
 90
0
 91
0
280
0
281
0
  0
CLASS
  1
LAYOUT
  2
AcDbLayout
  3
ObjectDBX Classes
 90
0
 91
0
280
0
281
0
  0
CLASS
  1
ACDBPLACEHOLDER
  2
AcDbPlaceHolder
  3
ObjectDBX Classes
 90
0
 91
0
280
0
281
0
  0
ENDSEC
  0
SECTION
  2
TABLES
  0
TABLE
  2
VPORT
  5
8
330
0
100
AcDbSymbolTable
 70
1
  0
VPORT
  5
23
330
8
100
AcDbSymbolTableRecord
100
AcDbViewportTableRecord
  2
*Active
 70
0
 10
0.0
 20
0.0
 11
1.0
 21
1.0
 12
0.0
 22
0.0
 13
0.0
 23
0.0
 14
0.5
 24
0.5
 15
0.5
 25
0.5
 16
0.0
 26
0.0
 36
1.0
 17
0.0
 27
0.0
 37
0.0
 40
1000.0
 41
1.34
 42
50.0
 43
0.0
 44
0.0
 50
0.0
 51
0.0
 71
0
 72
1000
 73
1
 74
3
 75
0
 76
0
 77
0
 78
0
281
0
 65
0
146
0.0
  0
ENDTAB
  0
TABLE
  2
LTYPE
  5
2
330
0
100
AcDbSymbolTable
 70
3
  0
LTYPE
  5
24
330
2
100
AcDbSymbolTableRecord
100
AcDbLinetypeTableRecord
  2
ByBlock
 70
0
  3

 72
65
 73
0
 40
0.0
  0
LTYPE
  5
25
330
2
100
AcDbSymbolTableRecord
100
AcDbLinetypeTableRecord
  2
ByLayer
 70
0
  3

 72
65
 73
0
 40
0.0
  0
LTYPE
  5
26
330
2
100
AcDbSymbolTableRecord
100
AcDbLinetypeTableRecord
  2
Continuous
 70
0
  3

 72
65
 73
0
 40
0.0
  0
ENDTAB
  0
TABLE
  2
LAYER
  5
1
330
0
100
AcDbSymbolTable
 70
24
  0
LAYER
  5
27
330
1
100
AcDbSymbolTableRecord
100
AcDbLayerTableRecord
  2
0
 70
0
 62
7
  6
Continuous
370
-3
390
13
347
21
  0
LAYER
  5
28
330
1
100
AcDbSymbolTableRecord
100
AcDbLayerTableRecord
  2
Defpoints
 70
0
 62
7
  6
Continuous
290
0
370
-3
390
13
347
21
  0
LAYER
  5
2F
330
1
100
AcDbSymbolTableRecord
100
AcDbLayerTableRecord
  2
Painéis
 70
0
 62
200
  6
Continuous
370
-3
390
13
347
21
  0
LAYER
  5
30
330
1
100
AcDbSymbolTableRecord
100
AcDbLayerTableRecord
  2
COTA
 70
0
 62
241
  6
Continuous
370
-3
390
13
347
21
  0
LAYER
  5
31
330
1
100
AcDbSymbolTableRecord
100
AcDbLayerTableRecord
  2
NOMENCLATURA
 70
0
 62
7
  6
Continuous
370
-3
390
13
347
21
  0
LAYER
  5
32
330
1
100
AcDbSymbolTableRecord
100
AcDbLayerTableRecord
  2
5
 70
0
 62
5
  6
Continuous
370
-3
390
13
347
21
  0
LAYER
  5
33
330
1
100
AcDbSymbolTableRecord
100
AcDbLayerTableRecord
  2
Folhas
 70
0
 62
255
  6
Continuous
370
-3
390
13
347
21
  0
LAYER
  5
34
330
1
100
AcDbSymbolTableRecord
100
AcDbLayerTableRecord
  2
CARIMBO
 70
0
 62
255
  6
Continuous
370
-3
390
13
347
21
  0
LAYER
  5
35
330
1
100
AcDbSymbolTableRecord
100
AcDbLayerTableRecord
  2
SARR_3.5x7
 70
0
 62
81
  6
Continuous
370
-3
390
13
347
21
  0
LAYER
  5
36
330
1
100
AcDbSymbolTableRecord
100
AcDbLayerTableRecord
  2
SARR_2.2x7
 70
0
 62
40
  6
Continuous
370
-3
390
13
347
21
  0
LAYER
  5
37
330
1
100
AcDbSymbolTableRecord
100
AcDbLayerTableRecord
  2
CONCRETO
 70
0
 62
251
  6
Continuous
370
-3
390
13
347
21
  0
LAYER
  5
38
330
1
100
AcDbSymbolTableRecord
100
AcDbLayerTableRecord
  2
Hachura
 70
0
 62
251
  6
Continuous
370
-3
390
13
347
21
  0
LAYER
  5
39
330
1
100
AcDbSymbolTableRecord
100
AcDbLayerTableRecord
  2
Madeira
 70
0
 62
126
  6
Continuous
370
-3
390
13
347
21
  0
LAYER
  5
3A
330
1
100
AcDbSymbolTableRecord
100
AcDbLayerTableRecord
  2
barrote
 70
0
 62
126
  6
Continuous
370
-3
390
13
347
21
  0
LAYER
  5
3B
330
1
100
AcDbSymbolTableRecord
100
AcDbLayerTableRecord
  2
SCO-___-LAJ
 70
0
 62
224
  6
Continuous
370
-3
390
13
347
21
  0
LAYER
  5
3C
330
1
100
AcDbSymbolTableRecord
100
AcDbLayerTableRecord
  2
TENSOR
 70
0
 62
224
  6
Continuous
370
-3
390
13
347
21
  0
LAYER
  5
3D
330
1
100
AcDbSymbolTableRecord
100
AcDbLayerTableRecord
  2
presilha
 70
0
 62
224
  6
Continuous
370
-3
390
13
347
21
  0
LAYER
  5
3E
330
1
100
AcDbSymbolTableRecord
100
AcDbLayerTableRecord
  2
Forcador
 70
0
 62
224
  6
Continuous
370
-3
390
13
347
21
  0
LAYER
  5
3F
330
1
100
AcDbSymbolTableRecord
100
AcDbLayerTableRecord
  2
Escoras
 70
0
 62
224
  6
Continuous
370
-3
390
13
347
21
  0
LAYER
  5
40
330
1
100
AcDbSymbolTableRecord
100
AcDbLayerTableRecord
  2
detalhes
 70
0
 62
7
  6
Continuous
370
-3
390
13
347
21
  0
LAYER
  5
41
330
1
100
AcDbSymbolTableRecord
100
AcDbLayerTableRecord
  2
Texto Seção
 70
0
 62
7
  6
Continuous
370
-3
390
13
347
21
  0
LAYER
  5
42
330
1
100
AcDbSymbolTableRecord
100
AcDbLayerTableRecord
  2
Cota Seção (2x)
 70
0
 62
241
  6
Continuous
370
-3
390
13
347
21
  0
LAYER
  5
43
330
1
100
AcDbSymbolTableRecord
100
AcDbLayerTableRecord
  2
texto
 70
0
 62
7
  6
Continuous
370
-3
390
13
347
21
  0
LAYER
  5
4E
330
1
100
AcDbSymbolTableRecord
100
AcDbLayerTableRecord
  2
Reaproveitamento
 70
0
 62
30
  6
Continuous
370
-3
390
13
347
21
  0
ENDTAB
  0
TABLE
  2
STYLE
  5
5
330
0
100
AcDbSymbolTable
 70
1
  0
STYLE
  5
29
330
5
100
AcDbSymbolTableRecord
100
AcDbTextStyleTableRecord
  2
Standard
 70
0
 40
0.0
 41
1.0
 50
0.0
 71
0
 42
2.5
  3
txt
  4

  0
ENDTAB
  0
TABLE
  2
VIEW
  5
7
330
0
100
AcDbSymbolTable
 70
0
  0
ENDTAB
  0
TABLE
  2
UCS
  5
6
330
0
100
AcDbSymbolTable
 70
0
  0
ENDTAB
  0
TABLE
  2
APPID
  5
3
330
0
100
AcDbSymbolTable
 70
3
  0
APPID
  5
2A
330
3
100
AcDbSymbolTableRecord
100
AcDbRegAppTableRecord
  2
ACAD
 70
0
  0
APPID
  5
83C
330
3
100
AcDbSymbolTableRecord
100
AcDbRegAppTableRecord
  2
HATCHBACKGROUNDCOLOR
 70
0
  0
APPID
  5
83D
330
3
100
AcDbSymbolTableRecord
100
AcDbRegAppTableRecord
  2
EZDXF
 70
0
  0
ENDTAB
  0
TABLE
  2
DIMSTYLE
  5
4
330
0
100
AcDbSymbolTable
 70
3
100
AcDbDimStyleTable
  0
DIMSTYLE
105
2B
330
4
100
AcDbSymbolTableRecord
100
AcDbDimStyleTableRecord
  2
Standard
 70
0
 40
1.0
 41
2.5
 42
0.625
 43
3.75
 44
1.25
 45
0.0
 46
0.0
 47
0.0
 48
0.0
 49
2.5
140
2.5
141
2.5
142
0.0
143
0.03937007874
144
1.0
145
0.0
146
1.0
147
0.625
148
0.0
 69
0
 70
0
 71
0
 72
0
 73
0
 74
0
 75
0
 76
0
 77
1
 78
8
 79
3
170
0
171
3
172
1
173
0
174
0
175
0
176
0
177
0
178
0
179
2
271
2
272
2
273
2
274
3
275
0
276
0
277
2
278
44
279
0
280
0
281
0
282
0
283
0
284
8
285
0
286
0
288
0
289
3
290
0
371
-2
372
-2
  0
DIMSTYLE
105
44
330
4
100
AcDbSymbolTableRecord
100
AcDbDimStyleTableRecord
  2
PAINEL
 70
0
 40
1.0
 41
3.0
 42
3.0
 43
3.75
 44
3.0
 45
0.0
 46
0.0
 47
0.0
 48
0.0
 49
2.5
140
10.0
141
2.5
142
0.0
143
0.03937007874
144
1.0
145
0.0
146
1.0
147
3.0
148
0.0
 69
0
 70
0
 71
0
 72
0
 73
0
 74
0
 75
0
 76
0
 77
1
 78
8
 79
3
170
0
171
3
172
1
173
0
174
0
175
0
176
4
177
4
178
240
179
2
271
2
272
2
273
2
274
3
275
0
276
0
277
2
278
44
279
0
280
0
281
0
282
0
283
0
284
8
285
0
286
0
288
0
289
3
290
0
342
45
343
45
371
-2
372
-2
  0
DIMSTYLE
105
4D
330
4
100
AcDbSymbolTableRecord
100
AcDbDimStyleTableRecord
  2
SECAO2X
 70
0
 40
1.0
 41
3.0
 42
3.0
 43
3.75
 44
3.0
 45
0.0
 46
0.0
 47
0.0
 48
0.0
 49
2.5
140
16.0
141
2.5
142
0.0
143
0.03937007874
144
1.0
145
0.0
146
1.0
147
3.0
148
0.0
 69
0
 70
0
 71
0
 72
0
 73
0
 74
0
 75
0
 76
0
 77
1
 78
8
 79
3
170
0
171
3
172
1
173
0
174
0
175
0
176
4
177
4
178
240
179
2
271
2
272
2
273
2
274
3
275
0
276
0
277
2
278
44
279
0
280
0
281
0
282
0
283
0
284
8
285
0
286
0
288
0
289
3
290
0
342
45
343
45
371
-2
372
-2
  0
ENDTAB
  0
TABLE
  2
BLOCK_RECORD
  5
9
330
0
100
AcDbSymbolTable
 70
50
  0
BLOCK_RECORD
  5
17
330
9
100
AcDbSymbolTableRecord
100
AcDbBlockTableRecord
  2
*Model_Space
340
1A
 70
0
280
1
281
0
  0
BLOCK_RECORD
  5
1B
330
9
100
AcDbSymbolTableRecord
100
AcDbBlockTableRecord
  2
*Paper_Space
340
1E
 70
0
280
1
281
0
  0
BLOCK_RECORD
  5
45
330
9
100
AcDbSymbolTableRecord
100
AcDbBlockTableRecord
  2
_OBLIQUE
340
0
 70
0
280
1
281
0
  0
BLOCK_RECORD
  5
49
330
9
100
AcDbSymbolTableRecord
100
AcDbBlockTableRecord
  2
_CLOSEDFILLED
340
0
 70
0
280
1
281
0
  0
BLOCK_RECORD
  5
86
330
9
100
AcDbSymbolTableRecord
100
AcDbBlockTableRecord
  2
*D1
340
0
 70
0
280
1
281
0
  0
BLOCK_RECORD
  5
95
330
9
100
AcDbSymbolTableRecord
100
AcDbBlockTableRecord
  2
*D2
340
0
 70
0
280
1
281
0
  0
BLOCK_RECORD
  5
A4
330
9
100
AcDbSymbolTableRecord
100
AcDbBlockTableRecord
  2
*D3
340
0
 70
0
280
1
281
0
  0
BLOCK_RECORD
  5
B3
330
9
100
AcDbSymbolTableRecord
100
AcDbBlockTableRecord
  2
*D4
340
0
 70
0
280
1
281
0
  0
BLOCK_RECORD
  5
C2
330
9
100
AcDbSymbolTableRecord
100
AcDbBlockTableRecord
  2
*D5
340
0
 70
0
280
1
281
0
  0
BLOCK_RECORD
  5
D1
330
9
100
AcDbSymbolTableRecord
100
AcDbBlockTableRecord
  2
*D6
340
0
 70
0
280
1
281
0
  0
BLOCK_RECORD
  5
284
330
9
100
AcDbSymbolTableRecord
100
AcDbBlockTableRecord
  2
*D7
340
0
 70
0
280
1
281
0
  0
BLOCK_RECORD
  5
293
330
9
100
AcDbSymbolTableRecord
100
AcDbBlockTableRecord
  2
*D8
340
0
 70
0
280
1
281
0
  0
BLOCK_RECORD
  5
2A2
330
9
100
AcDbSymbolTableRecord
100
AcDbBlockTableRecord
  2
*D9
340
0
 70
0
280
1
281
0
  0
BLOCK_RECORD
  5
2B1
330
9
100
AcDbSymbolTableRecord
100
AcDbBlockTableRecord
  2
*D10
340
0
 70
0
280
1
281
0
  0
BLOCK_RECORD
  5
2C0
330
9
100
AcDbSymbolTableRecord
100
AcDbBlockTableRecord
  2
*D11
340
0
 70
0
280
1
281
0
  0
BLOCK_RECORD
  5
2CF
330
9
100
AcDbSymbolTableRecord
100
AcDbBlockTableRecord
  2
*D12
340
0
 70
0
280
1
281
0
  0
BLOCK_RECORD
  5
2DE
330
9
100
AcDbSymbolTableRecord
100
AcDbBlockTableRecord
  2
*D13
340
0
 70
0
280
1
281
0
  0
BLOCK_RECORD
  5
2ED
330
9
100
AcDbSymbolTableRecord
100
AcDbBlockTableRecord
  2
*D14
340
0
 70
0
280
1
281
0
  0
BLOCK_RECORD
  5
2FC
330
9
100
AcDbSymbolTableRecord
100
AcDbBlockTableRecord
  2
*D15
340
0
 70
0
280
1
281
0
  0
BLOCK_RECORD
  5
30B
330
9
100
AcDbSymbolTableRecord
100
AcDbBlockTableRecord
  2
*D16
340
0
 70
0
280
1
281
0
  0
BLOCK_RECORD
  5
31A
330
9
100
AcDbSymbolTableRecord
100
AcDbBlockTableRecord
  2
*D17
340
0
 70
0
280
1
281
0
  0
BLOCK_RECORD
  5
329
330
9
100
AcDbSymbolTableRecord
100
AcDbBlockTableRecord
  2
*D18
340
0
 70
0
280
1
281
0
  0
BLOCK_RECORD
  5
338
330
9
100
AcDbSymbolTableRecord
100
AcDbBlockTableRecord
  2
*D19
340
0
 70
0
280
1
281
0
  0
BLOCK_RECORD
  5
347
330
9
100
AcDbSymbolTableRecord
100
AcDbBlockTableRecord
  2
*D20
340
0
 70
0
280
1
281
0
  0
BLOCK_RECORD
  5
356
330
9
100
AcDbSymbolTableRecord
100
AcDbBlockTableRecord
  2
*D21
340
0
 70
0
280
1
281
0
  0
BLOCK_RECORD
  5
365
330
9
100
AcDbSymbolTableRecord
100
AcDbBlockTableRecord
  2
*D22
340
0
 70
0
280
1
281
0
  0
BLOCK_RECORD
  5
374
330
9
100
AcDbSymbolTableRecord
100
AcDbBlockTableRecord
  2
*D23
340
0
 70
0
280
1
281
0
  0
BLOCK_RECORD
  5
383
330
9
100
AcDbSymbolTableRecord
100
AcDbBlockTableRecord
  2
*D24
340
0
 70
0
280
1
281
0
  0
BLOCK_RECORD
  5
392
330
9
100
AcDbSymbolTableRecord
100
AcDbBlockTableRecord
  2
*D25
340
0
 70
0
280
1
281
0
  0
BLOCK_RECORD
  5
3A1
330
9
100
AcDbSymbolTableRecord
100
AcDbBlockTableRecord
  2
*D26
340
0
 70
0
280
1
281
0
  0
BLOCK_RECORD
  5
3B0
330
9
100
AcDbSymbolTableRecord
100
AcDbBlockTableRecord
  2
*D27
340
0
 70
0
280
1
281
0
  0
BLOCK_RECORD
  5
3BF
330
9
100
AcDbSymbolTableRecord
100
AcDbBlockTableRecord
  2
*D28
340
0
 70
0
280
1
281
0
  0
BLOCK_RECORD
  5
3CE
330
9
100
AcDbSymbolTableRecord
100
AcDbBlockTableRecord
  2
*D29
340
0
 70
0
280
1
281
0
  0
BLOCK_RECORD
  5
3DD
330
9
100
AcDbSymbolTableRecord
100
AcDbBlockTableRecord
  2
*D30
340
0
 70
0
280
1
281
0
  0
BLOCK_RECORD
  5
3EC
330
9
100
AcDbSymbolTableRecord
100
AcDbBlockTableRecord
  2
*D31
340
0
 70
0
280
1
281
0
  0
BLOCK_RECORD
  5
3FB
330
9
100
AcDbSymbolTableRecord
100
AcDbBlockTableRecord
  2
*D32
340
0
 70
0
280
1
281
0
  0
BLOCK_RECORD
  5
40A
330
9
100
AcDbSymbolTableRecord
100
AcDbBlockTableRecord
  2
*D33
340
0
 70
0
280
1
281
0
  0
BLOCK_RECORD
  5
4B3
330
9
100
AcDbSymbolTableRecord
100
AcDbBlockTableRecord
  2
*D34
340
0
 70
0
280
1
281
0
  0
BLOCK_RECORD
  5
4C2
330
9
100
AcDbSymbolTableRecord
100
AcDbBlockTableRecord
  2
*D35
340
0
 70
0
280
1
281
0
  0
BLOCK_RECORD
  5
4D1
330
9
100
AcDbSymbolTableRecord
100
AcDbBlockTableRecord
  2
*D36
340
0
 70
0
280
1
281
0
  0
BLOCK_RECORD
  5
4E0
330
9
100
AcDbSymbolTableRecord
100
AcDbBlockTableRecord
  2
*D37
340
0
 70
0
280
1
281
0
  0
BLOCK_RECORD
  5
4EF
330
9
100
AcDbSymbolTableRecord
100
AcDbBlockTableRecord
  2
*D38
340
0
 70
0
280
1
281
0
  0
BLOCK_RECORD
  5
4FE
330
9
100
AcDbSymbolTableRecord
100
AcDbBlockTableRecord
  2
*D39
340
0
 70
0
280
1
281
0
  0
BLOCK_RECORD
  5
50D
330
9
100
AcDbSymbolTableRecord
100
AcDbBlockTableRecord
  2
*D40
340
0
 70
0
280
1
281
0
  0
BLOCK_RECORD
  5
51C
330
9
100
AcDbSymbolTableRecord
100
AcDbBlockTableRecord
  2
*D41
340
0
 70
0
280
1
281
0
  0
BLOCK_RECORD
  5
52B
330
9
100
AcDbSymbolTableRecord
100
AcDbBlockTableRecord
  2
*D42
340
0
 70
0
280
1
281
0
  0
BLOCK_RECORD
  5
53A
330
9
100
AcDbSymbolTableRecord
100
AcDbBlockTableRecord
  2
*D43
340
0
 70
0
280
1
281
0
  0
BLOCK_RECORD
  5
549
330
9
100
AcDbSymbolTableRecord
100
AcDbBlockTableRecord
  2
*D44
340
0
 70
0
280
1
281
0
  0
BLOCK_RECORD
  5
558
330
9
100
AcDbSymbolTableRecord
100
AcDbBlockTableRecord
  2
*D45
340
0
 70
0
280
1
281
0
  0
BLOCK_RECORD
  5
567
330
9
100
AcDbSymbolTableRecord
100
AcDbBlockTableRecord
  2
*D46
340
0
 70
0
280
1
281
0
  0
ENDTAB
  0
ENDSEC
  0
SECTION
  2
BLOCKS
  0
BLOCK
  5
18
330
17
100
AcDbEntity
  8
0
100
AcDbBlockBegin
  2
*Model_Space
 70
0
 10
0.0
 20
0.0
 30
0.0
  3
*Model_Space
  1

  0
ENDBLK
  5
19
330
17
100
AcDbEntity
  8
0
100
AcDbBlockEnd
  0
BLOCK
  5
1C
330
1B
100
AcDbEntity
  8
0
100
AcDbBlockBegin
  2
*Paper_Space
 70
0
 10
0.0
 20
0.0
 30
0.0
  3
*Paper_Space
  1

  0
ENDBLK
  5
1D
330
1B
100
AcDbEntity
  8
0
100
AcDbBlockEnd
  0
BLOCK
  5
46
330
45
100
AcDbEntity
  8
0
100
AcDbBlockBegin
  2
_OBLIQUE
 70
0
 10
0.0
 20
0.0
 30
0.0
  3
_OBLIQUE
  1

  0
LINE
  5
48
330
45
100
AcDbEntity
  8
0
  6
BYBLOCK
 62
0
100
AcDbLine
 10
-0.5
 20
-0.5
 30
0.0
 11
0.5
 21
0.5
 31
0.0
  0
ENDBLK
  5
47
330
45
100
AcDbEntity
  8
0
100
AcDbBlockEnd
  0
BLOCK
  5
4A
330
49
100
AcDbEntity
  8
0
100
AcDbBlockBegin
  2
_CLOSEDFILLED
 70
0
 10
0.0
 20
0.0
 30
0.0
  3
_CLOSEDFILLED
  1

  0
SOLID
  5
4C
330
49
100
AcDbEntity
  8
0
  6
BYBLOCK
 62
0
100
AcDbTrace
 10
-1.0
 20
0.16439898372402537
 30
0.0
 11
0.0
 21
0.0
 31
0.0
 12
-1.0
 22
-0.16439898372402537
 32
0.0
 13
-1.0
 23
-0.16439898372402537
 33
0.0
  0
ENDBLK
  5
4B
330
49
100
AcDbEntity
  8
0
100
AcDbBlockEnd
  0
BLOCK
  5
87
330
86
100
AcDbEntity
  8
0
100
AcDbBlockBegin
  2
*D1
 70
1
 10
0.0
 20
0.0
 30
0.0
  3
*D1
  1

  0
LINE
  5
89
330
86
100
AcDbEntity
  8
0
 62
4
100
AcDbLine
 10
-1.0
 20
-39.0
 30
0.0
 11
-57.0
 21
-39.0
 31
0.0
  0
LINE
  5
8A
330
86
100
AcDbEntity
  8
0
 62
4
100
AcDbLine
 10
19.0
 20
4.0
 30
0.0
 11
-57.0
 21
4.0
 31
0.0
  0
INSERT
  5
8B
330
86
100
AcDbEntity
  8
COTA
 62
4
100
AcDbBlockReference
  2
_OBLIQUE
 10
-54.0
 20
-39.0
 30
0.0
 41
3.0
 42
3.0
 50
270.0
  0
INSERT
  5
8D
330
86
100
AcDbEntity
  8
COTA
 62
4
100
AcDbBlockReference
  2
_OBLIQUE
 10
-54.0
 20
4.0
 30
0.0
 41
3.0
 42
3.0
 50
90.0
  0
LINE
  5
8F
330
86
100
AcDbEntity
  8
0
 62
4
100
AcDbLine
 10
-54.0
 20
-39.0
 30
0.0
 11
-54.0
 21
4.0
 31
0.0
  0
MTEXT
  5
90
330
86
100
AcDbEntity
  8
COTA
 62
240
100
AcDbMText
 10
-62.0
 20
-17.5
 30
0.0
 40
10.0
 71
5
  1
43
 50
90.0
  0
POINT
  5
91
330
86
100
AcDbEntity
  8
Defpoints
100
AcDbPoint
 10
-54.0
 20
-39.0
 30
0.0
  0
POINT
  5
92
330
86
100
AcDbEntity
  8
Defpoints
100
AcDbPoint
 10
2.0
 20
-39.0
 30
0.0
  0
POINT
  5
93
330
86
100
AcDbEntity
  8
Defpoints
100
AcDbPoint
 10
22.0
 20
4.0
 30
0.0
  0
ENDBLK
  5
88
330
86
100
AcDbEntity
  8
0
100
AcDbBlockEnd
  0
BLOCK
  5
96
330
95
100
AcDbEntity
  8
0
100
AcDbBlockBegin
  2
*D2
 70
1
 10
0.0
 20
0.0
 30
0.0
  3
*D2
  1

  0
LINE
  5
98
330
95
100
AcDbEntity
  8
0
 62
4
100
AcDbLine
 10
43.0
 20
-31.0
 30
0.0
 11
75.0
 21
-31.0
 31
0.0
  0
LINE
  5
99
330
95
100
AcDbEntity
  8
0
 62
4
100
AcDbLine
 10
43.0
 20
4.0
 30
0.0
 11
75.0
 21
4.0
 31
0.0
  0
INSERT
  5
9A
330
95
100
AcDbEntity
  8
Cota Seção (2x)
 62
4
100
AcDbBlockReference
  2
_OBLIQUE
 10
72.0
 20
-31.0
 30
0.0
 41
3.0
 42
3.0
 50
270.0
  0
INSERT
  5
9C
330
95
100
AcDbEntity
  8
Cota Seção (2x)
 62
4
100
AcDbBlockReference
  2
_OBLIQUE
 10
72.0
 20
4.0
 30
0.0
 41
3.0
 42
3.0
 50
90.0
  0
LINE
  5
9E
330
95
100
AcDbEntity
  8
0
 62
4
100
AcDbLine
 10
72.0
 20
-31.0
 30
0.0
 11
72.0
 21
4.0
 31
0.0
  0
MTEXT
  5
9F
330
95
100
AcDbEntity
  8
Cota Seção (2x)
 62
240
100
AcDbMText
 10
61.0
 20
-13.5
 30
0.0
 40
16.0
 71
5
  1
35
 50
90.0
  0
POINT
  5
A0
330
95
100
AcDbEntity
  8
Defpoints
100
AcDbPoint
 10
72.0
 20
-31.0
 30
0.0
  0
POINT
  5
A1
330
95
100
AcDbEntity
  8
Defpoints
100
AcDbPoint
 10
40.0
 20
-31.0
 30
0.0
  0
POINT
  5
A2
330
95
100
AcDbEntity
  8
Defpoints
100
AcDbPoint
 10
40.0
 20
4.0
 30
0.0
  0
ENDBLK
  5
97
330
95
100
AcDbEntity
  8
0
100
AcDbBlockEnd
  0
BLOCK
  5
A5
330
A4
100
AcDbEntity
  8
0
100
AcDbBlockBegin
  2
*D3
 70
1
 10
0.0
 20
0.0
 30
0.0
  3
*D3
  1

  0
LINE
  5
A7
330
A4
100
AcDbEntity
  8
0
 62
4
100
AcDbLine
 10
99.0
 20
-39.0
 30
0.0
 11
103.0
 21
-39.0
 31
0.0
  0
LINE
  5
A8
330
A4
100
AcDbEntity
  8
0
 62
4
100
AcDbLine
 10
99.0
 20
11.0
 30
0.0
 11
103.0
 21
11.0
 31
0.0
  0
INSERT
  5
A9
330
A4
100
AcDbEntity
  8
COTA
 62
4
100
AcDbBlockReference
  2
_OBLIQUE
 10
100.0
 20
-39.0
 30
0.0
 41
3.0
 42
3.0
 50
270.0
  0
INSERT
  5
AB
330
A4
100
AcDbEntity
  8
COTA
 62
4
100
AcDbBlockReference
  2
_OBLIQUE
 10
100.0
 20
11.0
 30
0.0
 41
3.0
 42
3.0
 50
90.0
  0
LINE
  5
AD
330
A4
100
AcDbEntity
  8
0
 62
4
100
AcDbLine
 10
100.0
 20
-39.0
 30
0.0
 11
100.0
 21
11.0
 31
0.0
  0
MTEXT
  5
AE
330
A4
100
AcDbEntity
  8
COTA
 62
240
100
AcDbMText
 10
92.0
 20
-14.0
 30
0.0
 40
10.0
 71
5
  1
50
 50
90.0
  0
POINT
  5
AF
330
A4
100
AcDbEntity
  8
Defpoints
100
AcDbPoint
 10
100.0
 20
-39.0
 30
0.0
  0
POINT
  5
B0
330
A4
100
AcDbEntity
  8
Defpoints
100
AcDbPoint
 10
96.0
 20
-39.0
 30
0.0
  0
POINT
  5
B1
330
A4
100
AcDbEntity
  8
Defpoints
100
AcDbPoint
 10
96.0
 20
11.0
 30
0.0
  0
ENDBLK
  5
A6
330
A4
100
AcDbEntity
  8
0
100
AcDbBlockEnd
  0
BLOCK
  5
B4
330
B3
100
AcDbEntity
  8
0
100
AcDbBlockBegin
  2
*D4
 70
1
 10
0.0
 20
0.0
 30
0.0
  3
*D4
  1

  0
LINE
  5
B6
330
B3
100
AcDbEntity
  8
0
 62
4
100
AcDbLine
 10
99.0
 20
-39.0
 30
0.0
 11
143.0
 21
-39.0
 31
0.0
  0
LINE
  5
B7
330
B3
100
AcDbEntity
  8
0
 62
4
100
AcDbLine
 10
99.0
 20
-24.0
 30
0.0
 11
143.0
 21
-24.0
 31
0.0
  0
INSERT
  5
B8
330
B3
100
AcDbEntity
  8
COTA
 62
4
100
AcDbBlockReference
  2
_OBLIQUE
 10
140.0
 20
-39.0
 30
0.0
 41
3.0
 42
3.0
 50
270.0
  0
INSERT
  5
BA
330
B3
100
AcDbEntity
  8
COTA
 62
4
100
AcDbBlockReference
  2
_OBLIQUE
 10
140.0
 20
-24.0
 30
0.0
 41
3.0
 42
3.0
 50
90.0
  0
LINE
  5
BC
330
B3
100
AcDbEntity
  8
0
 62
4
100
AcDbLine
 10
140.0
 20
-39.0
 30
0.0
 11
140.0
 21
-24.0
 31
0.0
  0
MTEXT
  5
BD
330
B3
100
AcDbEntity
  8
COTA
 62
240
100
AcDbMText
 10
129.0
 20
-31.5
 30
0.0
 40
10.0
 71
5
  1
15
 50
90.0
  0
POINT
  5
BE
330
B3
100
AcDbEntity
  8
Defpoints
100
AcDbPoint
 10
140.0
 20
-39.0
 30
0.0
  0
POINT
  5
BF
330
B3
100
AcDbEntity
  8
Defpoints
100
AcDbPoint
 10
96.0
 20
-39.0
 30
0.0
  0
POINT
  5
C0
330
B3
100
AcDbEntity
  8
Defpoints
100
AcDbPoint
 10
96.0
 20
-24.0
 30
0.0
  0
ENDBLK
  5
B5
330
B3
100
AcDbEntity
  8
0
100
AcDbBlockEnd
  0
BLOCK
  5
C3
330
C2
100
AcDbEntity
  8
0
100
AcDbBlockBegin
  2
*D5
 70
1
 10
0.0
 20
0.0
 30
0.0
  3
*D5
  1

  0
LINE
  5
C5
330
C2
100
AcDbEntity
  8
0
 62
4
100
AcDbLine
 10
100.0
 20
-20.0
 30
0.0
 11
143.0
 21
-20.0
 31
0.0
  0
LINE
  5
C6
330
C2
100
AcDbEntity
  8
0
 62
4
100
AcDbLine
 10
100.0
 20
4.0
 30
0.0
 11
143.0
 21
4.0
 31
0.0
  0
INSERT
  5
C7
330
C2
100
AcDbEntity
  8
COTA
 62
4
100
AcDbBlockReference
  2
_OBLIQUE
 10
140.0
 20
-20.0
 30
0.0
 41
3.0
 42
3.0
 50
270.0
  0
INSERT
  5
C9
330
C2
100
AcDbEntity
  8
COTA
 62
4
100
AcDbBlockReference
  2
_OBLIQUE
 10
140.0
 20
4.0
 30
0.0
 41
3.0
 42
3.0
 50
90.0
  0
LINE
  5
CB
330
C2
100
AcDbEntity
  8
0
 62
4
100
AcDbLine
 10
140.0
 20
-20.0
 30
0.0
 11
140.0
 21
4.0
 31
0.0
  0
MTEXT
  5
CC
330
C2
100
AcDbEntity
  8
COTA
 62
240
100
AcDbMText
 10
132.0
 20
-8.0
 30
0.0
 40
10.0
 71
5
  1
24
 50
90.0
  0
POINT
  5
CD
330
C2
100
AcDbEntity
  8
Defpoints
100
AcDbPoint
 10
140.0
 20
-20.0
 30
0.0
  0
POINT
  5
CE
330
C2
100
AcDbEntity
  8
Defpoints
100
AcDbPoint
 10
97.0
 20
-20.0
 30
0.0
  0
POINT
  5
CF
330
C2
100
AcDbEntity
  8
Defpoints
100
AcDbPoint
 10
97.0
 20
4.0
 30
0.0
  0
ENDBLK
  5
C4
330
C2
100
AcDbEntity
  8
0
100
AcDbBlockEnd
  0
BLOCK
  5
D2
330
D1
100
AcDbEntity
  8
0
100
AcDbBlockBegin
  2
*D6
 70
1
 10
0.0
 20
0.0
 30
0.0
  3
*D6
  1

  0
LINE
  5
D4
330
D1
100
AcDbEntity
  8
0
 62
4
100
AcDbLine
 10
40.0
 20
-42.0
 30
0.0
 11
40.0
 21
-87.0
 31
0.0
  0
LINE
  5
D5
330
D1
100
AcDbEntity
  8
0
 62
4
100
AcDbLine
 10
78.0
 20
-42.0
 30
0.0
 11
78.0
 21
-87.0
 31
0.0
  0
INSERT
  5
D6
330
D1
100
AcDbEntity
  8
COTA
 62
4
100
AcDbBlockReference
  2
_OBLIQUE
 10
40.0
 20
-84.0
 30
0.0
 41
3.0
 42
3.0
 50
180.0
  0
INSERT
  5
D8
330
D1
100
AcDbEntity
  8
COTA
 62
4
100
AcDbBlockReference
  2
_OBLIQUE
 10
78.0
 20
-84.0
 30
0.0
 41
3.0
 42
3.0
  0
LINE
  5
DA
330
D1
100
AcDbEntity
  8
0
 62
4
100
AcDbLine
 10
40.0
 20
-84.0
 30
0.0
 11
78.0
 21
-84.0
 31
0.0
  0
MTEXT
  5
DB
330
D1
100
AcDbEntity
  8
COTA
 62
240
100
AcDbMText
 10
59.0
 20
-76.0
 30
0.0
 40
10.0
 71
5
  1
38
  0
POINT
  5
DC
330
D1
100
AcDbEntity
  8
Defpoints
100
AcDbPoint
 10
40.0
 20
-84.0
 30
0.0
  0
POINT
  5
DD
330
D1
100
AcDbEntity
  8
Defpoints
100
AcDbPoint
 10
40.0
 20
-39.0
 30
0.0
  0
POINT
  5
DE
330
D1
100
AcDbEntity
  8
Defpoints
100
AcDbPoint
 10
78.0
 20
-39.0
 30
0.0
  0
ENDBLK
  5
D3
330
D1
100
AcDbEntity
  8
0
100
AcDbBlockEnd
  0
BLOCK
  5
285
330
284
100
AcDbEntity
  8
0
100
AcDbBlockBegin
  2
*D7
 70
1
 10
0.0
 20
0.0
 30
0.0
  3
*D7
  1

  0
LINE
  5
287
330
284
100
AcDbEntity
  8
0
 62
4
100
AcDbLine
 10
197.0
 20
-42.0
 30
0.0
 11
197.0
 21
-79.0
 31
0.0
  0
LINE
  5
288
330
284
100
AcDbEntity
  8
0
 62
4
100
AcDbLine
 10
237.0
 20
-42.0
 30
0.0
 11
237.0
 21
-79.0
 31
0.0
  0
INSERT
  5
289
330
284
100
AcDbEntity
  8
COTA
 62
4
100
AcDbBlockReference
  2
_OBLIQUE
 10
197.0
 20
-76.0
 30
0.0
 41
3.0
 42
3.0
 50
180.0
  0
INSERT
  5
28B
330
284
100
AcDbEntity
  8
COTA
 62
4
100
AcDbBlockReference
  2
_OBLIQUE
 10
237.0
 20
-76.0
 30
0.0
 41
3.0
 42
3.0
  0
LINE
  5
28D
330
284
100
AcDbEntity
  8
0
 62
4
100
AcDbLine
 10
197.0
 20
-76.0
 30
0.0
 11
237.0
 21
-76.0
 31
0.0
  0
MTEXT
  5
28E
330
284
100
AcDbEntity
  8
COTA
 62
240
100
AcDbMText
 10
217.0
 20
-68.0
 30
0.0
 40
10.0
 71
5
  1
40
  0
POINT
  5
28F
330
284
100
AcDbEntity
  8
Defpoints
100
AcDbPoint
 10
197.0
 20
-76.0
 30
0.0
  0
POINT
  5
290
330
284
100
AcDbEntity
  8
Defpoints
100
AcDbPoint
 10
197.0
 20
-39.0
 30
0.0
  0
POINT
  5
291
330
284
100
AcDbEntity
  8
Defpoints
100
AcDbPoint
 10
237.0
 20
-39.0
 30
0.0
  0
ENDBLK
  5
286
330
284
100
AcDbEntity
  8
0
100
AcDbBlockEnd
  0
BLOCK
  5
294
330
293
100
AcDbEntity
  8
0
100
AcDbBlockBegin
  2
*D8
 70
1
 10
0.0
 20
0.0
 30
0.0
  3
*D8
  1

  0
LINE
  5
296
330
293
100
AcDbEntity
  8
0
 62
4
100
AcDbLine
 10
237.0
 20
-42.0
 30
0.0
 11
237.0
 21
-79.0
 31
0.0
  0
LINE
  5
297
330
293
100
AcDbEntity
  8
0
 62
4
100
AcDbLine
 10
285.0
 20
-42.0
 30
0.0
 11
285.0
 21
-79.0
 31
0.0
  0
INSERT
  5
298
330
293
100
AcDbEntity
  8
COTA
 62
4
100
AcDbBlockReference
  2
_OBLIQUE
 10
237.0
 20
-76.0
 30
0.0
 41
3.0
 42
3.0
 50
180.0
  0
INSERT
  5
29A
330
293
100
AcDbEntity
  8
COTA
 62
4
100
AcDbBlockReference
  2
_OBLIQUE
 10
285.0
 20
-76.0
 30
0.0
 41
3.0
 42
3.0
  0
LINE
  5
29C
330
293
100
AcDbEntity
  8
0
 62
4
100
AcDbLine
 10
237.0
 20
-76.0
 30
0.0
 11
285.0
 21
-76.0
 31
0.0
  0
MTEXT
  5
29D
330
293
100
AcDbEntity
  8
COTA
 62
240
100
AcDbMText
 10
261.0
 20
-68.0
 30
0.0
 40
10.0
 71
5
  1
48
  0
POINT
  5
29E
330
293
100
AcDbEntity
  8
Defpoints
100
AcDbPoint
 10
237.0
 20
-76.0
 30
0.0
  0
POINT
  5
29F
330
293
100
AcDbEntity
  8
Defpoints
100
AcDbPoint
 10
237.0
 20
-39.0
 30
0.0
  0
POINT
  5
2A0
330
293
100
AcDbEntity
  8
Defpoints
100
AcDbPoint
 10
285.0
 20
-39.0
 30
0.0
  0
ENDBLK
  5
295
330
293
100
AcDbEntity
  8
0
100
AcDbBlockEnd
  0
BLOCK
  5
2A3
330
2A2
100
AcDbEntity
  8
0
100
AcDbBlockBegin
  2
*D9
 70
1
 10
0.0
 20
0.0
 30
0.0
  3
*D9
  1

  0
LINE
  5
2A5
330
2A2
100
AcDbEntity
  8
0
 62
4
100
AcDbLine
 10
285.0
 20
-42.0
 30
0.0
 11
285.0
 21
-79.0
 31
0.0
  0
LINE
  5
2A6
330
2A2
100
AcDbEntity
  8
0
 62
4
100
AcDbLine
 10
341.0
 20
-42.0
 30
0.0
 11
341.0
 21
-79.0
 31
0.0
  0
INSERT
  5
2A7
330
2A2
100
AcDbEntity
  8
COTA
 62
4
100
AcDbBlockReference
  2
_OBLIQUE
 10
285.0
 20
-76.0
 30
0.0
 41
3.0
 42
3.0
 50
180.0
  0
INSERT
  5
2A9
330
2A2
100
AcDbEntity
  8
COTA
 62
4
100
AcDbBlockReference
  2
_OBLIQUE
 10
341.0
 20
-76.0
 30
0.0
 41
3.0
 42
3.0
  0
LINE
  5
2AB
330
2A2
100
AcDbEntity
  8
0
 62
4
100
AcDbLine
 10
285.0
 20
-76.0
 30
0.0
 11
341.0
 21
-76.0
 31
0.0
  0
MTEXT
  5
2AC
330
2A2
100
AcDbEntity
  8
COTA
 62
240
100
AcDbMText
 10
313.0
 20
-68.0
 30
0.0
 40
10.0
 71
5
  1
56
  0
POINT
  5
2AD
330
2A2
100
AcDbEntity
  8
Defpoints
100
AcDbPoint
 10
285.0
 20
-76.0
 30
0.0
  0
POINT
  5
2AE
330
2A2
100
AcDbEntity
  8
Defpoints
100
AcDbPoint
 10
285.0
 20
-39.0
 30
0.0
  0
POINT
  5
2AF
330
2A2
100
AcDbEntity
  8
Defpoints
100
AcDbPoint
 10
341.0
 20
-39.0
 30
0.0
  0
ENDBLK
  5
2A4
330
2A2
100
AcDbEntity
  8
0
100
AcDbBlockEnd
  0
BLOCK
  5
2B2
330
2B1
100
AcDbEntity
  8
0
100
AcDbBlockBegin
  2
*D10
 70
1
 10
0.0
 20
0.0
 30
0.0
  3
*D10
  1

  0
LINE
  5
2B4
330
2B1
100
AcDbEntity
  8
0
 62
4
100
AcDbLine
 10
341.0
 20
-42.0
 30
0.0
 11
341.0
 21
-79.0
 31
0.0
  0
LINE
  5
2B5
330
2B1
100
AcDbEntity
  8
0
 62
4
100
AcDbLine
 10
398.0
 20
-42.0
 30
0.0
 11
398.0
 21
-79.0
 31
0.0
  0
INSERT
  5
2B6
330
2B1
100
AcDbEntity
  8
COTA
 62
4
100
AcDbBlockReference
  2
_OBLIQUE
 10
341.0
 20
-76.0
 30
0.0
 41
3.0
 42
3.0
 50
180.0
  0
INSERT
  5
2B8
330
2B1
100
AcDbEntity
  8
COTA
 62
4
100
AcDbBlockReference
  2
_OBLIQUE
 10
398.0
 20
-76.0
 30
0.0
 41
3.0
 42
3.0
  0
LINE
  5
2BA
330
2B1
100
AcDbEntity
  8
0
 62
4
100
AcDbLine
 10
341.0
 20
-76.0
 30
0.0
 11
398.0
 21
-76.0
 31
0.0
  0
MTEXT
  5
2BB
330
2B1
100
AcDbEntity
  8
COTA
 62
240
100
AcDbMText
 10
369.5
 20
-68.0
 30
0.0
 40
10.0
 71
5
  1
57
  0
POINT
  5
2BC
330
2B1
100
AcDbEntity
  8
Defpoints
100
AcDbPoint
 10
341.0
 20
-76.0
 30
0.0
  0
POINT
  5
2BD
330
2B1
100
AcDbEntity
  8
Defpoints
100
AcDbPoint
 10
341.0
 20
-39.0
 30
0.0
  0
POINT
  5
2BE
330
2B1
100
AcDbEntity
  8
Defpoints
100
AcDbPoint
 10
398.0
 20
-39.0
 30
0.0
  0
ENDBLK
  5
2B3
330
2B1
100
AcDbEntity
  8
0
100
AcDbBlockEnd
  0
BLOCK
  5
2C1
330
2C0
100
AcDbEntity
  8
0
100
AcDbBlockBegin
  2
*D11
 70
1
 10
0.0
 20
0.0
 30
0.0
  3
*D11
  1

  0
LINE
  5
2C3
330
2C0
100
AcDbEntity
  8
0
 62
4
100
AcDbLine
 10
398.0
 20
-42.0
 30
0.0
 11
398.0
 21
-79.0
 31
0.0
  0
LINE
  5
2C4
330
2C0
100
AcDbEntity
  8
0
 62
4
100
AcDbLine
 10
459.0
 20
-42.0
 30
0.0
 11
459.0
 21
-79.0
 31
0.0
  0
INSERT
  5
2C5
330
2C0
100
AcDbEntity
  8
COTA
 62
4
100
AcDbBlockReference
  2
_OBLIQUE
 10
398.0
 20
-76.0
 30
0.0
 41
3.0
 42
3.0
 50
180.0
  0
INSERT
  5
2C7
330
2C0
100
AcDbEntity
  8
COTA
 62
4
100
AcDbBlockReference
  2
_OBLIQUE
 10
459.0
 20
-76.0
 30
0.0
 41
3.0
 42
3.0
  0
LINE
  5
2C9
330
2C0
100
AcDbEntity
  8
0
 62
4
100
AcDbLine
 10
398.0
 20
-76.0
 30
0.0
 11
459.0
 21
-76.0
 31
0.0
  0
MTEXT
  5
2CA
330
2C0
100
AcDbEntity
  8
COTA
 62
240
100
AcDbMText
 10
428.5
 20
-68.0
 30
0.0
 40
10.0
 71
5
  1
61
  0
POINT
  5
2CB
330
2C0
100
AcDbEntity
  8
Defpoints
100
AcDbPoint
 10
398.0
 20
-76.0
 30
0.0
  0
POINT
  5
2CC
330
2C0
100
AcDbEntity
  8
Defpoints
100
AcDbPoint
 10
398.0
 20
-39.0
 30
0.0
  0
POINT
  5
2CD
330
2C0
100
AcDbEntity
  8
Defpoints
100
AcDbPoint
 10
459.0
 20
-39.0
 30
0.0
  0
ENDBLK
  5
2C2
330
2C0
100
AcDbEntity
  8
0
100
AcDbBlockEnd
  0
BLOCK
  5
2D0
330
2CF
100
AcDbEntity
  8
0
100
AcDbBlockBegin
  2
*D12
 70
1
 10
0.0
 20
0.0
 30
0.0
  3
*D12
  1

  0
LINE
  5
2D2
330
2CF
100
AcDbEntity
  8
0
 62
4
100
AcDbLine
 10
459.0
 20
-42.0
 30
0.0
 11
459.0
 21
-79.0
 31
0.0
  0
LINE
  5
2D3
330
2CF
100
AcDbEntity
  8
0
 62
4
100
AcDbLine
 10
525.0
 20
-42.0
 30
0.0
 11
525.0
 21
-79.0
 31
0.0
  0
INSERT
  5
2D4
330
2CF
100
AcDbEntity
  8
COTA
 62
4
100
AcDbBlockReference
  2
_OBLIQUE
 10
459.0
 20
-76.0
 30
0.0
 41
3.0
 42
3.0
 50
180.0
  0
INSERT
  5
2D6
330
2CF
100
AcDbEntity
  8
COTA
 62
4
100
AcDbBlockReference
  2
_OBLIQUE
 10
525.0
 20
-76.0
 30
0.0
 41
3.0
 42
3.0
  0
LINE
  5
2D8
330
2CF
100
AcDbEntity
  8
0
 62
4
100
AcDbLine
 10
459.0
 20
-76.0
 30
0.0
 11
525.0
 21
-76.0
 31
0.0
  0
MTEXT
  5
2D9
330
2CF
100
AcDbEntity
  8
COTA
 62
240
100
AcDbMText
 10
492.0
 20
-68.0
 30
0.0
 40
10.0
 71
5
  1
66
  0
POINT
  5
2DA
330
2CF
100
AcDbEntity
  8
Defpoints
100
AcDbPoint
 10
459.0
 20
-76.0
 30
0.0
  0
POINT
  5
2DB
330
2CF
100
AcDbEntity
  8
Defpoints
100
AcDbPoint
 10
459.0
 20
-39.0
 30
0.0
  0
POINT
  5
2DC
330
2CF
100
AcDbEntity
  8
Defpoints
100
AcDbPoint
 10
525.0
 20
-39.0
 30
0.0
  0
ENDBLK
  5
2D1
330
2CF
100
AcDbEntity
  8
0
100
AcDbBlockEnd
  0
BLOCK
  5
2DF
330
2DE
100
AcDbEntity
  8
0
100
AcDbBlockBegin
  2
*D13
 70
1
 10
0.0
 20
0.0
 30
0.0
  3
*D13
  1

  0
LINE
  5
2E1
330
2DE
100
AcDbEntity
  8
0
 62
4
100
AcDbLine
 10
525.0
 20
-42.0
 30
0.0
 11
525.0
 21
-79.0
 31
0.0
  0
LINE
  5
2E2
330
2DE
100
AcDbEntity
  8
0
 62
4
100
AcDbLine
 10
593.0
 20
-42.0
 30
0.0
 11
593.0
 21
-79.0
 31
0.0
  0
INSERT
  5
2E3
330
2DE
100
AcDbEntity
  8
COTA
 62
4
100
AcDbBlockReference
  2
_OBLIQUE
 10
525.0
 20
-76.0
 30
0.0
 41
3.0
 42
3.0
 50
180.0
  0
INSERT
  5
2E5
330
2DE
100
AcDbEntity
  8
COTA
 62
4
100
AcDbBlockReference
  2
_OBLIQUE
 10
593.0
 20
-76.0
 30
0.0
 41
3.0
 42
3.0
  0
LINE
  5
2E7
330
2DE
100
AcDbEntity
  8
0
 62
4
100
AcDbLine
 10
525.0
 20
-76.0
 30
0.0
 11
593.0
 21
-76.0
 31
0.0
  0
MTEXT
  5
2E8
330
2DE
100
AcDbEntity
  8
COTA
 62
240
100
AcDbMText
 10
559.0
 20
-68.0
 30
0.0
 40
10.0
 71
5
  1
68
  0
POINT
  5
2E9
330
2DE
100
AcDbEntity
  8
Defpoints
100
AcDbPoint
 10
525.0
 20
-76.0
 30
0.0
  0
POINT
  5
2EA
330
2DE
100
AcDbEntity
  8
Defpoints
100
AcDbPoint
 10
525.0
 20
-39.0
 30
0.0
  0
POINT
  5
2EB
330
2DE
100
AcDbEntity
  8
Defpoints
100
AcDbPoint
 10
593.0
 20
-39.0
 30
0.0
  0
ENDBLK
  5
2E0
330
2DE
100
AcDbEntity
  8
0
100
AcDbBlockEnd
  0
BLOCK
  5
2EE
330
2ED
100
AcDbEntity
  8
0
100
AcDbBlockBegin
  2
*D14
 70
1
 10
0.0
 20
0.0
 30
0.0
  3
*D14
  1

  0
LINE
  5
2F0
330
2ED
100
AcDbEntity
  8
0
 62
4
100
AcDbLine
 10
593.0
 20
-42.0
 30
0.0
 11
593.0
 21
-79.0
 31
0.0
  0
LINE
  5
2F1
330
2ED
100
AcDbEntity
  8
0
 62
4
100
AcDbLine
 10
671.0
 20
-42.0
 30
0.0
 11
671.0
 21
-79.0
 31
0.0
  0
INSERT
  5
2F2
330
2ED
100
AcDbEntity
  8
COTA
 62
4
100
AcDbBlockReference
  2
_OBLIQUE
 10
593.0
 20
-76.0
 30
0.0
 41
3.0
 42
3.0
 50
180.0
  0
INSERT
  5
2F4
330
2ED
100
AcDbEntity
  8
COTA
 62
4
100
AcDbBlockReference
  2
_OBLIQUE
 10
671.0
 20
-76.0
 30
0.0
 41
3.0
 42
3.0
  0
LINE
  5
2F6
330
2ED
100
AcDbEntity
  8
0
 62
4
100
AcDbLine
 10
593.0
 20
-76.0
 30
0.0
 11
671.0
 21
-76.0
 31
0.0
  0
MTEXT
  5
2F7
330
2ED
100
AcDbEntity
  8
COTA
 62
240
100
AcDbMText
 10
632.0
 20
-68.0
 30
0.0
 40
10.0
 71
5
  1
78
  0
POINT
  5
2F8
330
2ED
100
AcDbEntity
  8
Defpoints
100
AcDbPoint
 10
593.0
 20
-76.0
 30
0.0
  0
POINT
  5
2F9
330
2ED
100
AcDbEntity
  8
Defpoints
100
AcDbPoint
 10
593.0
 20
-39.0
 30
0.0
  0
POINT
  5
2FA
330
2ED
100
AcDbEntity
  8
Defpoints
100
AcDbPoint
 10
671.0
 20
-39.0
 30
0.0
  0
ENDBLK
  5
2EF
330
2ED
100
AcDbEntity
  8
0
100
AcDbBlockEnd
  0
BLOCK
  5
2FD
330
2FC
100
AcDbEntity
  8
0
100
AcDbBlockBegin
  2
*D15
 70
1
 10
0.0
 20
0.0
 30
0.0
  3
*D15
  1

  0
LINE
  5
2FF
330
2FC
100
AcDbEntity
  8
0
 62
4
100
AcDbLine
 10
671.0
 20
-42.0
 30
0.0
 11
671.0
 21
-79.0
 31
0.0
  0
LINE
  5
300
330
2FC
100
AcDbEntity
  8
0
 62
4
100
AcDbLine
 10
773.0
 20
-42.0
 30
0.0
 11
773.0
 21
-79.0
 31
0.0
  0
INSERT
  5
301
330
2FC
100
AcDbEntity
  8
COTA
 62
4
100
AcDbBlockReference
  2
_OBLIQUE
 10
671.0
 20
-76.0
 30
0.0
 41
3.0
 42
3.0
 50
180.0
  0
INSERT
  5
303
330
2FC
100
AcDbEntity
  8
COTA
 62
4
100
AcDbBlockReference
  2
_OBLIQUE
 10
773.0
 20
-76.0
 30
0.0
 41
3.0
 42
3.0
  0
LINE
  5
305
330
2FC
100
AcDbEntity
  8
0
 62
4
100
AcDbLine
 10
671.0
 20
-76.0
 30
0.0
 11
773.0
 21
-76.0
 31
0.0
  0
MTEXT
  5
306
330
2FC
100
AcDbEntity
  8
COTA
 62
240
100
AcDbMText
 10
722.0
 20
-68.0
 30
0.0
 40
10.0
 71
5
  1
102
  0
POINT
  5
307
330
2FC
100
AcDbEntity
  8
Defpoints
100
AcDbPoint
 10
671.0
 20
-76.0
 30
0.0
  0
POINT
  5
308
330
2FC
100
AcDbEntity
  8
Defpoints
100
AcDbPoint
 10
671.0
 20
-39.0
 30
0.0
  0
POINT
  5
309
330
2FC
100
AcDbEntity
  8
Defpoints
100
AcDbPoint
 10
773.0
 20
-39.0
 30
0.0
  0
ENDBLK
  5
2FE
330
2FC
100
AcDbEntity
  8
0
100
AcDbBlockEnd
  0
BLOCK
  5
30C
330
30B
100
AcDbEntity
  8
0
100
AcDbBlockBegin
  2
*D16
 70
1
 10
0.0
 20
0.0
 30
0.0
  3
*D16
  1

  0
LINE
  5
30E
330
30B
100
AcDbEntity
  8
0
 62
4
100
AcDbLine
 10
773.0
 20
-42.0
 30
0.0
 11
773.0
 21
-79.0
 31
0.0
  0
LINE
  5
30F
330
30B
100
AcDbEntity
  8
0
 62
4
100
AcDbLine
 10
884.0
 20
-42.0
 30
0.0
 11
884.0
 21
-79.0
 31
0.0
  0
INSERT
  5
310
330
30B
100
AcDbEntity
  8
COTA
 62
4
100
AcDbBlockReference
  2
_OBLIQUE
 10
773.0
 20
-76.0
 30
0.0
 41
3.0
 42
3.0
 50
180.0
  0
INSERT
  5
312
330
30B
100
AcDbEntity
  8
COTA
 62
4
100
AcDbBlockReference
  2
_OBLIQUE
 10
884.0
 20
-76.0
 30
0.0
 41
3.0
 42
3.0
  0
LINE
  5
314
330
30B
100
AcDbEntity
  8
0
 62
4
100
AcDbLine
 10
773.0
 20
-76.0
 30
0.0
 11
884.0
 21
-76.0
 31
0.0
  0
MTEXT
  5
315
330
30B
100
AcDbEntity
  8
COTA
 62
240
100
AcDbMText
 10
828.5
 20
-68.0
 30
0.0
 40
10.0
 71
5
  1
111
  0
POINT
  5
316
330
30B
100
AcDbEntity
  8
Defpoints
100
AcDbPoint
 10
773.0
 20
-76.0
 30
0.0
  0
POINT
  5
317
330
30B
100
AcDbEntity
  8
Defpoints
100
AcDbPoint
 10
773.0
 20
-39.0
 30
0.0
  0
POINT
  5
318
330
30B
100
AcDbEntity
  8
Defpoints
100
AcDbPoint
 10
884.0
 20
-39.0
 30
0.0
  0
ENDBLK
  5
30D
330
30B
100
AcDbEntity
  8
0
100
AcDbBlockEnd
  0
BLOCK
  5
31B
330
31A
100
AcDbEntity
  8
0
100
AcDbBlockBegin
  2
*D17
 70
1
 10
0.0
 20
0.0
 30
0.0
  3
*D17
  1

  0
LINE
  5
31D
330
31A
100
AcDbEntity
  8
0
 62
4
100
AcDbLine
 10
884.0
 20
-42.0
 30
0.0
 11
884.0
 21
-79.0
 31
0.0
  0
LINE
  5
31E
330
31A
100
AcDbEntity
  8
0
 62
4
100
AcDbLine
 10
1001.0
 20
-42.0
 30
0.0
 11
1001.0
 21
-79.0
 31
0.0
  0
INSERT
  5
31F
330
31A
100
AcDbEntity
  8
COTA
 62
4
100
AcDbBlockReference
  2
_OBLIQUE
 10
884.0
 20
-76.0
 30
0.0
 41
3.0
 42
3.0
 50
180.0
  0
INSERT
  5
321
330
31A
100
AcDbEntity
  8
COTA
 62
4
100
AcDbBlockReference
  2
_OBLIQUE
 10
1001.0
 20
-76.0
 30
0.0
 41
3.0
 42
3.0
  0
LINE
  5
323
330
31A
100
AcDbEntity
  8
0
 62
4
100
AcDbLine
 10
884.0
 20
-76.0
 30
0.0
 11
1001.0
 21
-76.0
 31
0.0
  0
MTEXT
  5
324
330
31A
100
AcDbEntity
  8
COTA
 62
240
100
AcDbMText
 10
942.5
 20
-68.0
 30
0.0
 40
10.0
 71
5
  1
117
  0
POINT
  5
325
330
31A
100
AcDbEntity
  8
Defpoints
100
AcDbPoint
 10
884.0
 20
-76.0
 30
0.0
  0
POINT
  5
326
330
31A
100
AcDbEntity
  8
Defpoints
100
AcDbPoint
 10
884.0
 20
-39.0
 30
0.0
  0
POINT
  5
327
330
31A
100
AcDbEntity
  8
Defpoints
100
AcDbPoint
 10
1001.0
 20
-39.0
 30
0.0
  0
ENDBLK
  5
31C
330
31A
100
AcDbEntity
  8
0
100
AcDbBlockEnd
  0
BLOCK
  5
32A
330
329
100
AcDbEntity
  8
0
100
AcDbBlockBegin
  2
*D18
 70
1
 10
0.0
 20
0.0
 30
0.0
  3
*D18
  1

  0
LINE
  5
32C
330
329
100
AcDbEntity
  8
0
 62
4
100
AcDbLine
 10
1001.0
 20
-42.0
 30
0.0
 11
1001.0
 21
-79.0
 31
0.0
  0
LINE
  5
32D
330
329
100
AcDbEntity
  8
0
 62
4
100
AcDbLine
 10
1123.0
 20
-42.0
 30
0.0
 11
1123.0
 21
-79.0
 31
0.0
  0
INSERT
  5
32E
330
329
100
AcDbEntity
  8
COTA
 62
4
100
AcDbBlockReference
  2
_OBLIQUE
 10
1001.0
 20
-76.0
 30
0.0
 41
3.0
 42
3.0
 50
180.0
  0
INSERT
  5
330
330
329
100
AcDbEntity
  8
COTA
 62
4
100
AcDbBlockReference
  2
_OBLIQUE
 10
1123.0
 20
-76.0
 30
0.0
 41
3.0
 42
3.0
  0
LINE
  5
332
330
329
100
AcDbEntity
  8
0
 62
4
100
AcDbLine
 10
1001.0
 20
-76.0
 30
0.0
 11
1123.0
 21
-76.0
 31
0.0
  0
MTEXT
  5
333
330
329
100
AcDbEntity
  8
COTA
 62
240
100
AcDbMText
 10
1062.0
 20
-68.0
 30
0.0
 40
10.0
 71
5
  1
122
  0
POINT
  5
334
330
329
100
AcDbEntity
  8
Defpoints
100
AcDbPoint
 10
1001.0
 20
-76.0
 30
0.0
  0
POINT
  5
335
330
329
100
AcDbEntity
  8
Defpoints
100
AcDbPoint
 10
1001.0
 20
-39.0
 30
0.0
  0
POINT
  5
336
330
329
100
AcDbEntity
  8
Defpoints
100
AcDbPoint
 10
1123.0
 20
-39.0
 30
0.0
  0
ENDBLK
  5
32B
330
329
100
AcDbEntity
  8
0
100
AcDbBlockEnd
  0
BLOCK
  5
339
330
338
100
AcDbEntity
  8
0
100
AcDbBlockBegin
  2
*D19
 70
1
 10
0.0
 20
0.0
 30
0.0
  3
*D19
  1

  0
LINE
  5
33B
330
338
100
AcDbEntity
  8
0
 62
4
100
AcDbLine
 10
1123.0
 20
-42.0
 30
0.0
 11
1123.0
 21
-79.0
 31
0.0
  0
LINE
  5
33C
330
338
100
AcDbEntity
  8
0
 62
4
100
AcDbLine
 10
1319.0
 20
-42.0
 30
0.0
 11
1319.0
 21
-79.0
 31
0.0
  0
INSERT
  5
33D
330
338
100
AcDbEntity
  8
COTA
 62
4
100
AcDbBlockReference
  2
_OBLIQUE
 10
1123.0
 20
-76.0
 30
0.0
 41
3.0
 42
3.0
 50
180.0
  0
INSERT
  5
33F
330
338
100
AcDbEntity
  8
COTA
 62
4
100
AcDbBlockReference
  2
_OBLIQUE
 10
1319.0
 20
-76.0
 30
0.0
 41
3.0
 42
3.0
  0
LINE
  5
341
330
338
100
AcDbEntity
  8
0
 62
4
100
AcDbLine
 10
1123.0
 20
-76.0
 30
0.0
 11
1319.0
 21
-76.0
 31
0.0
  0
MTEXT
  5
342
330
338
100
AcDbEntity
  8
COTA
 62
240
100
AcDbMText
 10
1221.0
 20
-68.0
 30
0.0
 40
10.0
 71
5
  1
196
  0
POINT
  5
343
330
338
100
AcDbEntity
  8
Defpoints
100
AcDbPoint
 10
1123.0
 20
-76.0
 30
0.0
  0
POINT
  5
344
330
338
100
AcDbEntity
  8
Defpoints
100
AcDbPoint
 10
1123.0
 20
-39.0
 30
0.0
  0
POINT
  5
345
330
338
100
AcDbEntity
  8
Defpoints
100
AcDbPoint
 10
1319.0
 20
-39.0
 30
0.0
  0
ENDBLK
  5
33A
330
338
100
AcDbEntity
  8
0
100
AcDbBlockEnd
  0
BLOCK
  5
348
330
347
100
AcDbEntity
  8
0
100
AcDbBlockBegin
  2
*D20
 70
1
 10
0.0
 20
0.0
 30
0.0
  3
*D20
  1

  0
LINE
  5
34A
330
347
100
AcDbEntity
  8
0
 62
4
100
AcDbLine
 10
1319.0
 20
-42.0
 30
0.0
 11
1319.0
 21
-79.0
 31
0.0
  0
LINE
  5
34B
330
347
100
AcDbEntity
  8
0
 62
4
100
AcDbLine
 10
1530.0
 20
-42.0
 30
0.0
 11
1530.0
 21
-79.0
 31
0.0
  0
INSERT
  5
34C
330
347
100
AcDbEntity
  8
COTA
 62
4
100
AcDbBlockReference
  2
_OBLIQUE
 10
1319.0
 20
-76.0
 30
0.0
 41
3.0
 42
3.0
 50
180.0
  0
INSERT
  5
34E
330
347
100
AcDbEntity
  8
COTA
 62
4
100
AcDbBlockReference
  2
_OBLIQUE
 10
1530.0
 20
-76.0
 30
0.0
 41
3.0
 42
3.0
  0
LINE
  5
350
330
347
100
AcDbEntity
  8
0
 62
4
100
AcDbLine
 10
1319.0
 20
-76.0
 30
0.0
 11
1530.0
 21
-76.0
 31
0.0
  0
MTEXT
  5
351
330
347
100
AcDbEntity
  8
COTA
 62
240
100
AcDbMText
 10
1424.5
 20
-68.0
 30
0.0
 40
10.0
 71
5
  1
211
  0
POINT
  5
352
330
347
100
AcDbEntity
  8
Defpoints
100
AcDbPoint
 10
1319.0
 20
-76.0
 30
0.0
  0
POINT
  5
353
330
347
100
AcDbEntity
  8
Defpoints
100
AcDbPoint
 10
1319.0
 20
-39.0
 30
0.0
  0
POINT
  5
354
330
347
100
AcDbEntity
  8
Defpoints
100
AcDbPoint
 10
1530.0
 20
-39.0
 30
0.0
  0
ENDBLK
  5
349
330
347
100
AcDbEntity
  8
0
100
AcDbBlockEnd
  0
BLOCK
  5
357
330
356
100
AcDbEntity
  8
0
100
AcDbBlockBegin
  2
*D21
 70
1
 10
0.0
 20
0.0
 30
0.0
  3
*D21
  1

  0
LINE
  5
359
330
356
100
AcDbEntity
  8
0
 62
4
100
AcDbLine
 10
1530.0
 20
-42.0
 30
0.0
 11
1530.0
 21
-79.0
 31
0.0
  0
LINE
  5
35A
330
356
100
AcDbEntity
  8
0
 62
4
100
AcDbLine
 10
1746.0
 20
-42.0
 30
0.0
 11
1746.0
 21
-79.0
 31
0.0
  0
INSERT
  5
35B
330
356
100
AcDbEntity
  8
COTA
 62
4
100
AcDbBlockReference
  2
_OBLIQUE
 10
1530.0
 20
-76.0
 30
0.0
 41
3.0
 42
3.0
 50
180.0
  0
INSERT
  5
35D
330
356
100
AcDbEntity
  8
COTA
 62
4
100
AcDbBlockReference
  2
_OBLIQUE
 10
1746.0
 20
-76.0
 30
0.0
 41
3.0
 42
3.0
  0
LINE
  5
35F
330
356
100
AcDbEntity
  8
0
 62
4
100
AcDbLine
 10
1530.0
 20
-76.0
 30
0.0
 11
1746.0
 21
-76.0
 31
0.0
  0
MTEXT
  5
360
330
356
100
AcDbEntity
  8
COTA
 62
240
100
AcDbMText
 10
1638.0
 20
-68.0
 30
0.0
 40
10.0
 71
5
  1
216
  0
POINT
  5
361
330
356
100
AcDbEntity
  8
Defpoints
100
AcDbPoint
 10
1530.0
 20
-76.0
 30
0.0
  0
POINT
  5
362
330
356
100
AcDbEntity
  8
Defpoints
100
AcDbPoint
 10
1530.0
 20
-39.0
 30
0.0
  0
POINT
  5
363
330
356
100
AcDbEntity
  8
Defpoints
100
AcDbPoint
 10
1746.0
 20
-39.0
 30
0.0
  0
ENDBLK
  5
358
330
356
100
AcDbEntity
  8
0
100
AcDbBlockEnd
  0
BLOCK
  5
366
330
365
100
AcDbEntity
  8
0
100
AcDbBlockBegin
  2
*D22
 70
1
 10
0.0
 20
0.0
 30
0.0
  3
*D22
  1

  0
LINE
  5
368
330
365
100
AcDbEntity
  8
0
 62
4
100
AcDbLine
 10
1746.0
 20
-42.0
 30
0.0
 11
1746.0
 21
-79.0
 31
0.0
  0
LINE
  5
369
330
365
100
AcDbEntity
  8
0
 62
4
100
AcDbLine
 10
1962.0
 20
-42.0
 30
0.0
 11
1962.0
 21
-79.0
 31
0.0
  0
INSERT
  5
36A
330
365
100
AcDbEntity
  8
COTA
 62
4
100
AcDbBlockReference
  2
_OBLIQUE
 10
1746.0
 20
-76.0
 30
0.0
 41
3.0
 42
3.0
 50
180.0
  0
INSERT
  5
36C
330
365
100
AcDbEntity
  8
COTA
 62
4
100
AcDbBlockReference
  2
_OBLIQUE
 10
1962.0
 20
-76.0
 30
0.0
 41
3.0
 42
3.0
  0
LINE
  5
36E
330
365
100
AcDbEntity
  8
0
 62
4
100
AcDbLine
 10
1746.0
 20
-76.0
 30
0.0
 11
1962.0
 21
-76.0
 31
0.0
  0
MTEXT
  5
36F
330
365
100
AcDbEntity
  8
COTA
 62
240
100
AcDbMText
 10
1854.0
 20
-68.0
 30
0.0
 40
10.0
 71
5
  1
216
  0
POINT
  5
370
330
365
100
AcDbEntity
  8
Defpoints
100
AcDbPoint
 10
1746.0
 20
-76.0
 30
0.0
  0
POINT
  5
371
330
365
100
AcDbEntity
  8
Defpoints
100
AcDbPoint
 10
1746.0
 20
-39.0
 30
0.0
  0
POINT
  5
372
330
365
100
AcDbEntity
  8
Defpoints
100
AcDbPoint
 10
1962.0
 20
-39.0
 30
0.0
  0
ENDBLK
  5
367
330
365
100
AcDbEntity
  8
0
100
AcDbBlockEnd
  0
BLOCK
  5
375
330
374
100
AcDbEntity
  8
0
100
AcDbBlockBegin
  2
*D23
 70
1
 10
0.0
 20
0.0
 30
0.0
  3
*D23
  1

  0
LINE
  5
377
330
374
100
AcDbEntity
  8
0
 62
4
100
AcDbLine
 10
1962.0
 20
-42.0
 30
0.0
 11
1962.0
 21
-79.0
 31
0.0
  0
LINE
  5
378
330
374
100
AcDbEntity
  8
0
 62
4
100
AcDbLine
 10
2206.0
 20
-42.0
 30
0.0
 11
2206.0
 21
-79.0
 31
0.0
  0
INSERT
  5
379
330
374
100
AcDbEntity
  8
COTA
 62
4
100
AcDbBlockReference
  2
_OBLIQUE
 10
1962.0
 20
-76.0
 30
0.0
 41
3.0
 42
3.0
 50
180.0
  0
INSERT
  5
37B
330
374
100
AcDbEntity
  8
COTA
 62
4
100
AcDbBlockReference
  2
_OBLIQUE
 10
2206.0
 20
-76.0
 30
0.0
 41
3.0
 42
3.0
  0
LINE
  5
37D
330
374
100
AcDbEntity
  8
0
 62
4
100
AcDbLine
 10
1962.0
 20
-76.0
 30
0.0
 11
2206.0
 21
-76.0
 31
0.0
  0
MTEXT
  5
37E
330
374
100
AcDbEntity
  8
COTA
 62
240
100
AcDbMText
 10
2084.0
 20
-68.0
 30
0.0
 40
10.0
 71
5
  1
244
  0
POINT
  5
37F
330
374
100
AcDbEntity
  8
Defpoints
100
AcDbPoint
 10
1962.0
 20
-76.0
 30
0.0
  0
POINT
  5
380
330
374
100
AcDbEntity
  8
Defpoints
100
AcDbPoint
 10
1962.0
 20
-39.0
 30
0.0
  0
POINT
  5
381
330
374
100
AcDbEntity
  8
Defpoints
100
AcDbPoint
 10
2206.0
 20
-39.0
 30
0.0
  0
ENDBLK
  5
376
330
374
100
AcDbEntity
  8
0
100
AcDbBlockEnd
  0
BLOCK
  5
384
330
383
100
AcDbEntity
  8
0
100
AcDbBlockBegin
  2
*D24
 70
1
 10
0.0
 20
0.0
 30
0.0
  3
*D24
  1

  0
LINE
  5
386
330
383
100
AcDbEntity
  8
0
 62
4
100
AcDbLine
 10
2206.0
 20
-42.0
 30
0.0
 11
2206.0
 21
-79.0
 31
0.0
  0
LINE
  5
387
330
383
100
AcDbEntity
  8
0
 62
4
100
AcDbLine
 10
2450.0
 20
-42.0
 30
0.0
 11
2450.0
 21
-79.0
 31
0.0
  0
INSERT
  5
388
330
383
100
AcDbEntity
  8
COTA
 62
4
100
AcDbBlockReference
  2
_OBLIQUE
 10
2206.0
 20
-76.0
 30
0.0
 41
3.0
 42
3.0
 50
180.0
  0
INSERT
  5
38A
330
383
100
AcDbEntity
  8
COTA
 62
4
100
AcDbBlockReference
  2
_OBLIQUE
 10
2450.0
 20
-76.0
 30
0.0
 41
3.0
 42
3.0
  0
LINE
  5
38C
330
383
100
AcDbEntity
  8
0
 62
4
100
AcDbLine
 10
2206.0
 20
-76.0
 30
0.0
 11
2450.0
 21
-76.0
 31
0.0
  0
MTEXT
  5
38D
330
383
100
AcDbEntity
  8
COTA
 62
240
100
AcDbMText
 10
2328.0
 20
-68.0
 30
0.0
 40
10.0
 71
5
  1
244
  0
POINT
  5
38E
330
383
100
AcDbEntity
  8
Defpoints
100
AcDbPoint
 10
2206.0
 20
-76.0
 30
0.0
  0
POINT
  5
38F
330
383
100
AcDbEntity
  8
Defpoints
100
AcDbPoint
 10
2206.0
 20
-39.0
 30
0.0
  0
POINT
  5
390
330
383
100
AcDbEntity
  8
Defpoints
100
AcDbPoint
 10
2450.0
 20
-39.0
 30
0.0
  0
ENDBLK
  5
385
330
383
100
AcDbEntity
  8
0
100
AcDbBlockEnd
  0
BLOCK
  5
393
330
392
100
AcDbEntity
  8
0
100
AcDbBlockBegin
  2
*D25
 70
1
 10
0.0
 20
0.0
 30
0.0
  3
*D25
  1

  0
LINE
  5
395
330
392
100
AcDbEntity
  8
0
 62
4
100
AcDbLine
 10
2450.0
 20
-42.0
 30
0.0
 11
2450.0
 21
-79.0
 31
0.0
  0
LINE
  5
396
330
392
100
AcDbEntity
  8
0
 62
4
100
AcDbLine
 10
2694.0
 20
-42.0
 30
0.0
 11
2694.0
 21
-79.0
 31
0.0
  0
INSERT
  5
397
330
392
100
AcDbEntity
  8
COTA
 62
4
100
AcDbBlockReference
  2
_OBLIQUE
 10
2450.0
 20
-76.0
 30
0.0
 41
3.0
 42
3.0
 50
180.0
  0
INSERT
  5
399
330
392
100
AcDbEntity
  8
COTA
 62
4
100
AcDbBlockReference
  2
_OBLIQUE
 10
2694.0
 20
-76.0
 30
0.0
 41
3.0
 42
3.0
  0
LINE
  5
39B
330
392
100
AcDbEntity
  8
0
 62
4
100
AcDbLine
 10
2450.0
 20
-76.0
 30
0.0
 11
2694.0
 21
-76.0
 31
0.0
  0
MTEXT
  5
39C
330
392
100
AcDbEntity
  8
COTA
 62
240
100
AcDbMText
 10
2572.0
 20
-68.0
 30
0.0
 40
10.0
 71
5
  1
244
  0
POINT
  5
39D
330
392
100
AcDbEntity
  8
Defpoints
100
AcDbPoint
 10
2450.0
 20
-76.0
 30
0.0
  0
POINT
  5
39E
330
392
100
AcDbEntity
  8
Defpoints
100
AcDbPoint
 10
2450.0
 20
-39.0
 30
0.0
  0
POINT
  5
39F
330
392
100
AcDbEntity
  8
Defpoints
100
AcDbPoint
 10
2694.0
 20
-39.0
 30
0.0
  0
ENDBLK
  5
394
330
392
100
AcDbEntity
  8
0
100
AcDbBlockEnd
  0
BLOCK
  5
3A2
330
3A1
100
AcDbEntity
  8
0
100
AcDbBlockBegin
  2
*D26
 70
1
 10
0.0
 20
0.0
 30
0.0
  3
*D26
  1

  0
LINE
  5
3A4
330
3A1
100
AcDbEntity
  8
0
 62
4
100
AcDbLine
 10
2694.0
 20
-42.0
 30
0.0
 11
2694.0
 21
-79.0
 31
0.0
  0
LINE
  5
3A5
330
3A1
100
AcDbEntity
  8
0
 62
4
100
AcDbLine
 10
2938.0
 20
-42.0
 30
0.0
 11
2938.0
 21
-79.0
 31
0.0
  0
INSERT
  5
3A6
330
3A1
100
AcDbEntity
  8
COTA
 62
4
100
AcDbBlockReference
  2
_OBLIQUE
 10
2694.0
 20
-76.0
 30
0.0
 41
3.0
 42
3.0
 50
180.0
  0
INSERT
  5
3A8
330
3A1
100
AcDbEntity
  8
COTA
 62
4
100
AcDbBlockReference
  2
_OBLIQUE
 10
2938.0
 20
-76.0
 30
0.0
 41
3.0
 42
3.0
  0
LINE
  5
3AA
330
3A1
100
AcDbEntity
  8
0
 62
4
100
AcDbLine
 10
2694.0
 20
-76.0
 30
0.0
 11
2938.0
 21
-76.0
 31
0.0
  0
MTEXT
  5
3AB
330
3A1
100
AcDbEntity
  8
COTA
 62
240
100
AcDbMText
 10
2816.0
 20
-68.0
 30
0.0
 40
10.0
 71
5
  1
244
  0
POINT
  5
3AC
330
3A1
100
AcDbEntity
  8
Defpoints
100
AcDbPoint
 10
2694.0
 20
-76.0
 30
0.0
  0
POINT
  5
3AD
330
3A1
100
AcDbEntity
  8
Defpoints
100
AcDbPoint
 10
2694.0
 20
-39.0
 30
0.0
  0
POINT
  5
3AE
330
3A1
100
AcDbEntity
  8
Defpoints
100
AcDbPoint
 10
2938.0
 20
-39.0
 30
0.0
  0
ENDBLK
  5
3A3
330
3A1
100
AcDbEntity
  8
0
100
AcDbBlockEnd
  0
BLOCK
  5
3B1
330
3B0
100
AcDbEntity
  8
0
100
AcDbBlockBegin
  2
*D27
 70
1
 10
0.0
 20
0.0
 30
0.0
  3
*D27
  1

  0
LINE
  5
3B3
330
3B0
100
AcDbEntity
  8
0
 62
4
100
AcDbLine
 10
2938.0
 20
-42.0
 30
0.0
 11
2938.0
 21
-79.0
 31
0.0
  0
LINE
  5
3B4
330
3B0
100
AcDbEntity
  8
0
 62
4
100
AcDbLine
 10
3218.0
 20
-42.0
 30
0.0
 11
3218.0
 21
-79.0
 31
0.0
  0
INSERT
  5
3B5
330
3B0
100
AcDbEntity
  8
COTA
 62
4
100
AcDbBlockReference
  2
_OBLIQUE
 10
2938.0
 20
-76.0
 30
0.0
 41
3.0
 42
3.0
 50
180.0
  0
INSERT
  5
3B7
330
3B0
100
AcDbEntity
  8
COTA
 62
4
100
AcDbBlockReference
  2
_OBLIQUE
 10
3218.0
 20
-76.0
 30
0.0
 41
3.0
 42
3.0
  0
LINE
  5
3B9
330
3B0
100
AcDbEntity
  8
0
 62
4
100
AcDbLine
 10
2938.0
 20
-76.0
 30
0.0
 11
3218.0
 21
-76.0
 31
0.0
  0
MTEXT
  5
3BA
330
3B0
100
AcDbEntity
  8
COTA
 62
240
100
AcDbMText
 10
3078.0
 20
-68.0
 30
0.0
 40
10.0
 71
5
  1
280
  0
POINT
  5
3BB
330
3B0
100
AcDbEntity
  8
Defpoints
100
AcDbPoint
 10
2938.0
 20
-76.0
 30
0.0
  0
POINT
  5
3BC
330
3B0
100
AcDbEntity
  8
Defpoints
100
AcDbPoint
 10
2938.0
 20
-39.0
 30
0.0
  0
POINT
  5
3BD
330
3B0
100
AcDbEntity
  8
Defpoints
100
AcDbPoint
 10
3218.0
 20
-39.0
 30
0.0
  0
ENDBLK
  5
3B2
330
3B0
100
AcDbEntity
  8
0
100
AcDbBlockEnd
  0
BLOCK
  5
3C0
330
3BF
100
AcDbEntity
  8
0
100
AcDbBlockBegin
  2
*D28
 70
1
 10
0.0
 20
0.0
 30
0.0
  3
*D28
  1

  0
LINE
  5
3C2
330
3BF
100
AcDbEntity
  8
0
 62
4
100
AcDbLine
 10
3218.0
 20
-42.0
 30
0.0
 11
3218.0
 21
-79.0
 31
0.0
  0
LINE
  5
3C3
330
3BF
100
AcDbEntity
  8
0
 62
4
100
AcDbLine
 10
3502.0
 20
-42.0
 30
0.0
 11
3502.0
 21
-79.0
 31
0.0
  0
INSERT
  5
3C4
330
3BF
100
AcDbEntity
  8
COTA
 62
4
100
AcDbBlockReference
  2
_OBLIQUE
 10
3218.0
 20
-76.0
 30
0.0
 41
3.0
 42
3.0
 50
180.0
  0
INSERT
  5
3C6
330
3BF
100
AcDbEntity
  8
COTA
 62
4
100
AcDbBlockReference
  2
_OBLIQUE
 10
3502.0
 20
-76.0
 30
0.0
 41
3.0
 42
3.0
  0
LINE
  5
3C8
330
3BF
100
AcDbEntity
  8
0
 62
4
100
AcDbLine
 10
3218.0
 20
-76.0
 30
0.0
 11
3502.0
 21
-76.0
 31
0.0
  0
MTEXT
  5
3C9
330
3BF
100
AcDbEntity
  8
COTA
 62
240
100
AcDbMText
 10
3360.0
 20
-68.0
 30
0.0
 40
10.0
 71
5
  1
284
  0
POINT
  5
3CA
330
3BF
100
AcDbEntity
  8
Defpoints
100
AcDbPoint
 10
3218.0
 20
-76.0
 30
0.0
  0
POINT
  5
3CB
330
3BF
100
AcDbEntity
  8
Defpoints
100
AcDbPoint
 10
3218.0
 20
-39.0
 30
0.0
  0
POINT
  5
3CC
330
3BF
100
AcDbEntity
  8
Defpoints
100
AcDbPoint
 10
3502.0
 20
-39.0
 30
0.0
  0
ENDBLK
  5
3C1
330
3BF
100
AcDbEntity
  8
0
100
AcDbBlockEnd
  0
BLOCK
  5
3CF
330
3CE
100
AcDbEntity
  8
0
100
AcDbBlockBegin
  2
*D29
 70
1
 10
0.0
 20
0.0
 30
0.0
  3
*D29
  1

  0
LINE
  5
3D1
330
3CE
100
AcDbEntity
  8
0
 62
4
100
AcDbLine
 10
197.0
 20
-42.0
 30
0.0
 11
197.0
 21
-102.0
 31
0.0
  0
LINE
  5
3D2
330
3CE
100
AcDbEntity
  8
0
 62
4
100
AcDbLine
 10
3502.0
 20
-42.0
 30
0.0
 11
3502.0
 21
-102.0
 31
0.0
  0
INSERT
  5
3D3
330
3CE
100
AcDbEntity
  8
COTA
 62
4
100
AcDbBlockReference
  2
_OBLIQUE
 10
197.0
 20
-99.0
 30
0.0
 41
3.0
 42
3.0
 50
180.0
  0
INSERT
  5
3D5
330
3CE
100
AcDbEntity
  8
COTA
 62
4
100
AcDbBlockReference
  2
_OBLIQUE
 10
3502.0
 20
-99.0
 30
0.0
 41
3.0
 42
3.0
  0
LINE
  5
3D7
330
3CE
100
AcDbEntity
  8
0
 62
4
100
AcDbLine
 10
197.0
 20
-99.0
 30
0.0
 11
3502.0
 21
-99.0
 31
0.0
  0
MTEXT
  5
3D8
330
3CE
100
AcDbEntity
  8
COTA
 62
240
100
AcDbMText
 10
1849.5
 20
-91.0
 30
0.0
 40
10.0
 71
5
  1
3305
  0
POINT
  5
3D9
330
3CE
100
AcDbEntity
  8
Defpoints
100
AcDbPoint
 10
197.0
 20
-99.0
 30
0.0
  0
POINT
  5
3DA
330
3CE
100
AcDbEntity
  8
Defpoints
100
AcDbPoint
 10
197.0
 20
-39.0
 30
0.0
  0
POINT
  5
3DB
330
3CE
100
AcDbEntity
  8
Defpoints
100
AcDbPoint
 10
3502.0
 20
-39.0
 30
0.0
  0
ENDBLK
  5
3D0
330
3CE
100
AcDbEntity
  8
0
100
AcDbBlockEnd
  0
BLOCK
  5
3DE
330
3DD
100
AcDbEntity
  8
0
100
AcDbBlockBegin
  2
*D30
 70
1
 10
0.0
 20
0.0
 30
0.0
  3
*D30
  1

  0
LINE
  5
3E0
330
3DD
100
AcDbEntity
  8
0
 62
4
100
AcDbLine
 10
194.0
 20
-46.0
 30
0.0
 11
166.0
 21
-46.0
 31
0.0
  0
LINE
  5
3E1
330
3DD
100
AcDbEntity
  8
0
 62
4
100
AcDbLine
 10
194.0
 20
-39.0
 30
0.0
 11
166.0
 21
-39.0
 31
0.0
  0
INSERT
  5
3E2
330
3DD
100
AcDbEntity
  8
COTA
 62
4
100
AcDbBlockReference
  2
_OBLIQUE
 10
169.0
 20
-46.0
 30
0.0
 41
3.0
 42
3.0
 50
90.0
  0
INSERT
  5
3E4
330
3DD
100
AcDbEntity
  8
COTA
 62
4
100
AcDbBlockReference
  2
_OBLIQUE
 10
169.0
 20
-39.0
 30
0.0
 41
3.0
 42
3.0
 50
270.0
  0
LINE
  5
3E6
330
3DD
100
AcDbEntity
  8
0
 62
4
100
AcDbLine
 10
169.0
 20
-46.0
 30
0.0
 11
169.0
 21
-39.0
 31
0.0
  0
MTEXT
  5
3E7
330
3DD
100
AcDbEntity
  8
COTA
 62
240
100
AcDbMText
 10
158.0
 20
-42.5
 30
0.0
 40
10.0
 71
5
  1
7
 50
90.0
  0
POINT
  5
3E8
330
3DD
100
AcDbEntity
  8
Defpoints
100
AcDbPoint
 10
169.0
 20
-46.0
 30
0.0
  0
POINT
  5
3E9
330
3DD
100
AcDbEntity
  8
Defpoints
100
AcDbPoint
 10
197.0
 20
-46.0
 30
0.0
  0
POINT
  5
3EA
330
3DD
100
AcDbEntity
  8
Defpoints
100
AcDbPoint
 10
197.0
 20
-39.0
 30
0.0
  0
ENDBLK
  5
3DF
330
3DD
100
AcDbEntity
  8
0
100
AcDbBlockEnd
  0
BLOCK
  5
3ED
330
3EC
100
AcDbEntity
  8
0
100
AcDbBlockBegin
  2
*D31
 70
1
 10
0.0
 20
0.0
 30
0.0
  3
*D31
  1

  0
LINE
  5
3EF
330
3EC
100
AcDbEntity
  8
0
 62
4
100
AcDbLine
 10
194.0
 20
-39.0
 30
0.0
 11
166.0
 21
-39.0
 31
0.0
  0
LINE
  5
3F0
330
3EC
100
AcDbEntity
  8
0
 62
4
100
AcDbLine
 10
194.0
 20
0.0
 30
0.0
 11
166.0
 21
0.0
 31
0.0
  0
INSERT
  5
3F1
330
3EC
100
AcDbEntity
  8
COTA
 62
4
100
AcDbBlockReference
  2
_OBLIQUE
 10
169.0
 20
-39.0
 30
0.0
 41
3.0
 42
3.0
 50
270.0
  0
INSERT
  5
3F3
330
3EC
100
AcDbEntity
  8
COTA
 62
4
100
AcDbBlockReference
  2
_OBLIQUE
 10
169.0
 20
0.0
 30
0.0
 41
3.0
 42
3.0
 50
90.0
  0
LINE
  5
3F5
330
3EC
100
AcDbEntity
  8
0
 62
4
100
AcDbLine
 10
169.0
 20
-39.0
 30
0.0
 11
169.0
 21
0.0
 31
0.0
  0
MTEXT
  5
3F6
330
3EC
100
AcDbEntity
  8
COTA
 62
240
100
AcDbMText
 10
161.0
 20
-19.5
 30
0.0
 40
10.0
 71
5
  1
39
 50
90.0
  0
POINT
  5
3F7
330
3EC
100
AcDbEntity
  8
Defpoints
100
AcDbPoint
 10
169.0
 20
-39.0
 30
0.0
  0
POINT
  5
3F8
330
3EC
100
AcDbEntity
  8
Defpoints
100
AcDbPoint
 10
197.0
 20
-39.0
 30
0.0
  0
POINT
  5
3F9
330
3EC
100
AcDbEntity
  8
Defpoints
100
AcDbPoint
 10
197.0
 20
0.0
 30
0.0
  0
ENDBLK
  5
3EE
330
3EC
100
AcDbEntity
  8
0
100
AcDbBlockEnd
  0
BLOCK
  5
3FC
330
3FB
100
AcDbEntity
  8
0
100
AcDbBlockBegin
  2
*D32
 70
1
 10
0.0
 20
0.0
 30
0.0
  3
*D32
  1

  0
LINE
  5
3FE
330
3FB
100
AcDbEntity
  8
0
 62
4
100
AcDbLine
 10
194.0
 20
0.0
 30
0.0
 11
166.0
 21
0.0
 31
0.0
  0
LINE
  5
3FF
330
3FB
100
AcDbEntity
  8
0
 62
4
100
AcDbLine
 10
194.0
 20
7.0
 30
0.0
 11
166.0
 21
7.0
 31
0.0
  0
INSERT
  5
400
330
3FB
100
AcDbEntity
  8
COTA
 62
4
100
AcDbBlockReference
  2
_OBLIQUE
 10
169.0
 20
0.0
 30
0.0
 41
3.0
 42
3.0
 50
90.0
  0
INSERT
  5
402
330
3FB
100
AcDbEntity
  8
COTA
 62
4
100
AcDbBlockReference
  2
_OBLIQUE
 10
169.0
 20
7.0
 30
0.0
 41
3.0
 42
3.0
 50
270.0
  0
LINE
  5
404
330
3FB
100
AcDbEntity
  8
0
 62
4
100
AcDbLine
 10
169.0
 20
0.0
 30
0.0
 11
169.0
 21
7.0
 31
0.0
  0
MTEXT
  5
405
330
3FB
100
AcDbEntity
  8
COTA
 62
240
100
AcDbMText
 10
158.0
 20
3.5
 30
0.0
 40
10.0
 71
5
  1
7
 50
90.0
  0
POINT
  5
406
330
3FB
100
AcDbEntity
  8
Defpoints
100
AcDbPoint
 10
169.0
 20
0.0
 30
0.0
  0
POINT
  5
407
330
3FB
100
AcDbEntity
  8
Defpoints
100
AcDbPoint
 10
197.0
 20
0.0
 30
0.0
  0
POINT
  5
408
330
3FB
100
AcDbEntity
  8
Defpoints
100
AcDbPoint
 10
197.0
 20
7.0
 30
0.0
  0
ENDBLK
  5
3FD
330
3FB
100
AcDbEntity
  8
0
100
AcDbBlockEnd
  0
BLOCK
  5
40B
330
40A
100
AcDbEntity
  8
0
100
AcDbBlockBegin
  2
*D33
 70
1
 10
0.0
 20
0.0
 30
0.0
  3
*D33
  1

  0
LINE
  5
40D
330
40A
100
AcDbEntity
  8
0
 62
4
100
AcDbLine
 10
3505.0
 20
-46.0
 30
0.0
 11
3533.0
 21
-46.0
 31
0.0
  0
LINE
  5
40E
330
40A
100
AcDbEntity
  8
0
 62
4
100
AcDbLine
 10
3505.0
 20
7.0
 30
0.0
 11
3533.0
 21
7.0
 31
0.0
  0
INSERT
  5
40F
330
40A
100
AcDbEntity
  8
COTA
 62
4
100
AcDbBlockReference
  2
_OBLIQUE
 10
3530.0
 20
-46.0
 30
0.0
 41
3.0
 42
3.0
 50
270.0
  0
INSERT
  5
411
330
40A
100
AcDbEntity
  8
COTA
 62
4
100
AcDbBlockReference
  2
_OBLIQUE
 10
3530.0
 20
7.0
 30
0.0
 41
3.0
 42
3.0
 50
90.0
  0
LINE
  5
413
330
40A
100
AcDbEntity
  8
0
 62
4
100
AcDbLine
 10
3530.0
 20
-46.0
 30
0.0
 11
3530.0
 21
7.0
 31
0.0
  0
MTEXT
  5
414
330
40A
100
AcDbEntity
  8
COTA
 62
240
100
AcDbMText
 10
3522.0
 20
-19.5
 30
0.0
 40
10.0
 71
5
  1
53
 50
90.0
  0
POINT
  5
415
330
40A
100
AcDbEntity
  8
Defpoints
100
AcDbPoint
 10
3530.0
 20
-46.0
 30
0.0
  0
POINT
  5
416
330
40A
100
AcDbEntity
  8
Defpoints
100
AcDbPoint
 10
3502.0
 20
-46.0
 30
0.0
  0
POINT
  5
417
330
40A
100
AcDbEntity
  8
Defpoints
100
AcDbPoint
 10
3502.0
 20
7.0
 30
0.0
  0
ENDBLK
  5
40C
330
40A
100
AcDbEntity
  8
0
100
AcDbBlockEnd
  0
BLOCK
  5
4B4
330
4B3
100
AcDbEntity
  8
0
100
AcDbBlockBegin
  2
*D34
 70
1
 10
0.0
 20
0.0
 30
0.0
  3
*D34
  1

  0
LINE
  5
4B6
330
4B3
100
AcDbEntity
  8
0
 62
4
100
AcDbLine
 10
3552.0
 20
-28.0
 30
0.0
 11
3552.0
 21
-65.0
 31
0.0
  0
LINE
  5
4B7
330
4B3
100
AcDbEntity
  8
0
 62
4
100
AcDbLine
 10
3598.0
 20
-28.0
 30
0.0
 11
3598.0
 21
-65.0
 31
0.0
  0
INSERT
  5
4B8
330
4B3
100
AcDbEntity
  8
COTA
 62
4
100
AcDbBlockReference
  2
_OBLIQUE
 10
3552.0
 20
-62.0
 30
0.0
 41
3.0
 42
3.0
 50
180.0
  0
INSERT
  5
4BA
330
4B3
100
AcDbEntity
  8
COTA
 62
4
100
AcDbBlockReference
  2
_OBLIQUE
 10
3598.0
 20
-62.0
 30
0.0
 41
3.0
 42
3.0
  0
LINE
  5
4BC
330
4B3
100
AcDbEntity
  8
0
 62
4
100
AcDbLine
 10
3552.0
 20
-62.0
 30
0.0
 11
3598.0
 21
-62.0
 31
0.0
  0
MTEXT
  5
4BD
330
4B3
100
AcDbEntity
  8
COTA
 62
240
100
AcDbMText
 10
3575.0
 20
-54.0
 30
0.0
 40
10.0
 71
5
  1
46
  0
POINT
  5
4BE
330
4B3
100
AcDbEntity
  8
Defpoints
100
AcDbPoint
 10
3552.0
 20
-62.0
 30
0.0
  0
POINT
  5
4BF
330
4B3
100
AcDbEntity
  8
Defpoints
100
AcDbPoint
 10
3552.0
 20
-25.0
 30
0.0
  0
POINT
  5
4C0
330
4B3
100
AcDbEntity
  8
Defpoints
100
AcDbPoint
 10
3598.0
 20
-25.0
 30
0.0
  0
ENDBLK
  5
4B5
330
4B3
100
AcDbEntity
  8
0
100
AcDbBlockEnd
  0
BLOCK
  5
4C3
330
4C2
100
AcDbEntity
  8
0
100
AcDbBlockBegin
  2
*D35
 70
1
 10
0.0
 20
0.0
 30
0.0
  3
*D35
  1

  0
LINE
  5
4C5
330
4C2
100
AcDbEntity
  8
0
 62
4
100
AcDbLine
 10
3598.0
 20
-28.0
 30
0.0
 11
3598.0
 21
-65.0
 31
0.0
  0
LINE
  5
4C6
330
4C2
100
AcDbEntity
  8
0
 62
4
100
AcDbLine
 10
3670.0
 20
-28.0
 30
0.0
 11
3670.0
 21
-65.0
 31
0.0
  0
INSERT
  5
4C7
330
4C2
100
AcDbEntity
  8
COTA
 62
4
100
AcDbBlockReference
  2
_OBLIQUE
 10
3598.0
 20
-62.0
 30
0.0
 41
3.0
 42
3.0
 50
180.0
  0
INSERT
  5
4C9
330
4C2
100
AcDbEntity
  8
COTA
 62
4
100
AcDbBlockReference
  2
_OBLIQUE
 10
3670.0
 20
-62.0
 30
0.0
 41
3.0
 42
3.0
  0
LINE
  5
4CB
330
4C2
100
AcDbEntity
  8
0
 62
4
100
AcDbLine
 10
3598.0
 20
-62.0
 30
0.0
 11
3670.0
 21
-62.0
 31
0.0
  0
MTEXT
  5
4CC
330
4C2
100
AcDbEntity
  8
COTA
 62
240
100
AcDbMText
 10
3634.0
 20
-54.0
 30
0.0
 40
10.0
 71
5
  1
72
  0
POINT
  5
4CD
330
4C2
100
AcDbEntity
  8
Defpoints
100
AcDbPoint
 10
3598.0
 20
-62.0
 30
0.0
  0
POINT
  5
4CE
330
4C2
100
AcDbEntity
  8
Defpoints
100
AcDbPoint
 10
3598.0
 20
-25.0
 30
0.0
  0
POINT
  5
4CF
330
4C2
100
AcDbEntity
  8
Defpoints
100
AcDbPoint
 10
3670.0
 20
-25.0
 30
0.0
  0
ENDBLK
  5
4C4
330
4C2
100
AcDbEntity
  8
0
100
AcDbBlockEnd
  0
BLOCK
  5
4D2
330
4D1
100
AcDbEntity
  8
0
100
AcDbBlockBegin
  2
*D36
 70
1
 10
0.0
 20
0.0
 30
0.0
  3
*D36
  1

  0
LINE
  5
4D4
330
4D1
100
AcDbEntity
  8
0
 62
4
100
AcDbLine
 10
3670.0
 20
-28.0
 30
0.0
 11
3670.0
 21
-65.0
 31
0.0
  0
LINE
  5
4D5
330
4D1
100
AcDbEntity
  8
0
 62
4
100
AcDbLine
 10
3790.0
 20
-28.0
 30
0.0
 11
3790.0
 21
-65.0
 31
0.0
  0
INSERT
  5
4D6
330
4D1
100
AcDbEntity
  8
COTA
 62
4
100
AcDbBlockReference
  2
_OBLIQUE
 10
3670.0
 20
-62.0
 30
0.0
 41
3.0
 42
3.0
 50
180.0
  0
INSERT
  5
4D8
330
4D1
100
AcDbEntity
  8
COTA
 62
4
100
AcDbBlockReference
  2
_OBLIQUE
 10
3790.0
 20
-62.0
 30
0.0
 41
3.0
 42
3.0
  0
LINE
  5
4DA
330
4D1
100
AcDbEntity
  8
0
 62
4
100
AcDbLine
 10
3670.0
 20
-62.0
 30
0.0
 11
3790.0
 21
-62.0
 31
0.0
  0
MTEXT
  5
4DB
330
4D1
100
AcDbEntity
  8
COTA
 62
240
100
AcDbMText
 10
3730.0
 20
-54.0
 30
0.0
 40
10.0
 71
5
  1
120
  0
POINT
  5
4DC
330
4D1
100
AcDbEntity
  8
Defpoints
100
AcDbPoint
 10
3670.0
 20
-62.0
 30
0.0
  0
POINT
  5
4DD
330
4D1
100
AcDbEntity
  8
Defpoints
100
AcDbPoint
 10
3670.0
 20
-25.0
 30
0.0
  0
POINT
  5
4DE
330
4D1
100
AcDbEntity
  8
Defpoints
100
AcDbPoint
 10
3790.0
 20
-25.0
 30
0.0
  0
ENDBLK
  5
4D3
330
4D1
100
AcDbEntity
  8
0
100
AcDbBlockEnd
  0
BLOCK
  5
4E1
330
4E0
100
AcDbEntity
  8
0
100
AcDbBlockBegin
  2
*D37
 70
1
 10
0.0
 20
0.0
 30
0.0
  3
*D37
  1

  0
LINE
  5
4E3
330
4E0
100
AcDbEntity
  8
0
 62
4
100
AcDbLine
 10
3790.0
 20
-28.0
 30
0.0
 11
3790.0
 21
-65.0
 31
0.0
  0
LINE
  5
4E4
330
4E0
100
AcDbEntity
  8
0
 62
4
100
AcDbLine
 10
3912.0
 20
-28.0
 30
0.0
 11
3912.0
 21
-65.0
 31
0.0
  0
INSERT
  5
4E5
330
4E0
100
AcDbEntity
  8
COTA
 62
4
100
AcDbBlockReference
  2
_OBLIQUE
 10
3790.0
 20
-62.0
 30
0.0
 41
3.0
 42
3.0
 50
180.0
  0
INSERT
  5
4E7
330
4E0
100
AcDbEntity
  8
COTA
 62
4
100
AcDbBlockReference
  2
_OBLIQUE
 10
3912.0
 20
-62.0
 30
0.0
 41
3.0
 42
3.0
  0
LINE
  5
4E9
330
4E0
100
AcDbEntity
  8
0
 62
4
100
AcDbLine
 10
3790.0
 20
-62.0
 30
0.0
 11
3912.0
 21
-62.0
 31
0.0
  0
MTEXT
  5
4EA
330
4E0
100
AcDbEntity
  8
COTA
 62
240
100
AcDbMText
 10
3851.0
 20
-54.0
 30
0.0
 40
10.0
 71
5
  1
122
  0
POINT
  5
4EB
330
4E0
100
AcDbEntity
  8
Defpoints
100
AcDbPoint
 10
3790.0
 20
-62.0
 30
0.0
  0
POINT
  5
4EC
330
4E0
100
AcDbEntity
  8
Defpoints
100
AcDbPoint
 10
3790.0
 20
-25.0
 30
0.0
  0
POINT
  5
4ED
330
4E0
100
AcDbEntity
  8
Defpoints
100
AcDbPoint
 10
3912.0
 20
-25.0
 30
0.0
  0
ENDBLK
  5
4E2
330
4E0
100
AcDbEntity
  8
0
100
AcDbBlockEnd
  0
BLOCK
  5
4F0
330
4EF
100
AcDbEntity
  8
0
100
AcDbBlockBegin
  2
*D38
 70
1
 10
0.0
 20
0.0
 30
0.0
  3
*D38
  1

  0
LINE
  5
4F2
330
4EF
100
AcDbEntity
  8
0
 62
4
100
AcDbLine
 10
3912.0
 20
-28.0
 30
0.0
 11
3912.0
 21
-65.0
 31
0.0
  0
LINE
  5
4F3
330
4EF
100
AcDbEntity
  8
0
 62
4
100
AcDbLine
 10
4085.6
 20
-28.0
 30
0.0
 11
4085.6
 21
-65.0
 31
0.0
  0
INSERT
  5
4F4
330
4EF
100
AcDbEntity
  8
COTA
 62
4
100
AcDbBlockReference
  2
_OBLIQUE
 10
3912.0
 20
-62.0
 30
0.0
 41
3.0
 42
3.0
 50
180.0
  0
INSERT
  5
4F6
330
4EF
100
AcDbEntity
  8
COTA
 62
4
100
AcDbBlockReference
  2
_OBLIQUE
 10
4085.6
 20
-62.0
 30
0.0
 41
3.0
 42
3.0
  0
LINE
  5
4F8
330
4EF
100
AcDbEntity
  8
0
 62
4
100
AcDbLine
 10
3912.0
 20
-62.0
 30
0.0
 11
4085.6
 21
-62.0
 31
0.0
  0
MTEXT
  5
4F9
330
4EF
100
AcDbEntity
  8
COTA
 62
240
100
AcDbMText
 10
3998.8
 20
-54.0
 30
0.0
 40
10.0
 71
5
  1
173,6
  0
POINT
  5
4FA
330
4EF
100
AcDbEntity
  8
Defpoints
100
AcDbPoint
 10
3912.0
 20
-62.0
 30
0.0
  0
POINT
  5
4FB
330
4EF
100
AcDbEntity
  8
Defpoints
100
AcDbPoint
 10
3912.0
 20
-25.0
 30
0.0
  0
POINT
  5
4FC
330
4EF
100
AcDbEntity
  8
Defpoints
100
AcDbPoint
 10
4085.6
 20
-25.0
 30
0.0
  0
ENDBLK
  5
4F1
330
4EF
100
AcDbEntity
  8
0
100
AcDbBlockEnd
  0
BLOCK
  5
4FF
330
4FE
100
AcDbEntity
  8
0
100
AcDbBlockBegin
  2
*D39
 70
1
 10
0.0
 20
0.0
 30
0.0
  3
*D39
  1

  0
LINE
  5
501
330
4FE
100
AcDbEntity
  8
0
 62
4
100
AcDbLine
 10
4085.6
 20
-28.0
 30
0.0
 11
4085.6
 21
-65.0
 31
0.0
  0
LINE
  5
502
330
4FE
100
AcDbEntity
  8
0
 62
4
100
AcDbLine
 10
4295.6
 20
-28.0
 30
0.0
 11
4295.6
 21
-65.0
 31
0.0
  0
INSERT
  5
503
330
4FE
100
AcDbEntity
  8
COTA
 62
4
100
AcDbBlockReference
  2
_OBLIQUE
 10
4085.6
 20
-62.0
 30
0.0
 41
3.0
 42
3.0
 50
180.0
  0
INSERT
  5
505
330
4FE
100
AcDbEntity
  8
COTA
 62
4
100
AcDbBlockReference
  2
_OBLIQUE
 10
4295.6
 20
-62.0
 30
0.0
 41
3.0
 42
3.0
  0
LINE
  5
507
330
4FE
100
AcDbEntity
  8
0
 62
4
100
AcDbLine
 10
4085.6
 20
-62.0
 30
0.0
 11
4295.6
 21
-62.0
 31
0.0
  0
MTEXT
  5
508
330
4FE
100
AcDbEntity
  8
COTA
 62
240
100
AcDbMText
 10
4190.6
 20
-54.0
 30
0.0
 40
10.0
 71
5
  1
210
  0
POINT
  5
509
330
4FE
100
AcDbEntity
  8
Defpoints
100
AcDbPoint
 10
4085.6
 20
-62.0
 30
0.0
  0
POINT
  5
50A
330
4FE
100
AcDbEntity
  8
Defpoints
100
AcDbPoint
 10
4085.6
 20
-25.0
 30
0.0
  0
POINT
  5
50B
330
4FE
100
AcDbEntity
  8
Defpoints
100
AcDbPoint
 10
4295.6
 20
-25.0
 30
0.0
  0
ENDBLK
  5
500
330
4FE
100
AcDbEntity
  8
0
100
AcDbBlockEnd
  0
BLOCK
  5
50E
330
50D
100
AcDbEntity
  8
0
100
AcDbBlockBegin
  2
*D40
 70
1
 10
0.0
 20
0.0
 30
0.0
  3
*D40
  1

  0
LINE
  5
510
330
50D
100
AcDbEntity
  8
0
 62
4
100
AcDbLine
 10
4295.6
 20
-28.0
 30
0.0
 11
4295.6
 21
-65.0
 31
0.0
  0
LINE
  5
511
330
50D
100
AcDbEntity
  8
0
 62
4
100
AcDbLine
 10
4512.6
 20
-28.0
 30
0.0
 11
4512.6
 21
-65.0
 31
0.0
  0
INSERT
  5
512
330
50D
100
AcDbEntity
  8
COTA
 62
4
100
AcDbBlockReference
  2
_OBLIQUE
 10
4295.6
 20
-62.0
 30
0.0
 41
3.0
 42
3.0
 50
180.0
  0
INSERT
  5
514
330
50D
100
AcDbEntity
  8
COTA
 62
4
100
AcDbBlockReference
  2
_OBLIQUE
 10
4512.6
 20
-62.0
 30
0.0
 41
3.0
 42
3.0
  0
LINE
  5
516
330
50D
100
AcDbEntity
  8
0
 62
4
100
AcDbLine
 10
4295.6
 20
-62.0
 30
0.0
 11
4512.6
 21
-62.0
 31
0.0
  0
MTEXT
  5
517
330
50D
100
AcDbEntity
  8
COTA
 62
240
100
AcDbMText
 10
4404.1
 20
-54.0
 30
0.0
 40
10.0
 71
5
  1
217
  0
POINT
  5
518
330
50D
100
AcDbEntity
  8
Defpoints
100
AcDbPoint
 10
4295.6
 20
-62.0
 30
0.0
  0
POINT
  5
519
330
50D
100
AcDbEntity
  8
Defpoints
100
AcDbPoint
 10
4295.6
 20
-25.0
 30
0.0
  0
POINT
  5
51A
330
50D
100
AcDbEntity
  8
Defpoints
100
AcDbPoint
 10
4512.6
 20
-25.0
 30
0.0
  0
ENDBLK
  5
50F
330
50D
100
AcDbEntity
  8
0
100
AcDbBlockEnd
  0
BLOCK
  5
51D
330
51C
100
AcDbEntity
  8
0
100
AcDbBlockBegin
  2
*D41
 70
1
 10
0.0
 20
0.0
 30
0.0
  3
*D41
  1

  0
LINE
  5
51F
330
51C
100
AcDbEntity
  8
0
 62
4
100
AcDbLine
 10
4512.6
 20
-28.0
 30
0.0
 11
4512.6
 21
-65.0
 31
0.0
  0
LINE
  5
520
330
51C
100
AcDbEntity
  8
0
 62
4
100
AcDbLine
 10
4754.6
 20
-28.0
 30
0.0
 11
4754.6
 21
-65.0
 31
0.0
  0
INSERT
  5
521
330
51C
100
AcDbEntity
  8
COTA
 62
4
100
AcDbBlockReference
  2
_OBLIQUE
 10
4512.6
 20
-62.0
 30
0.0
 41
3.0
 42
3.0
 50
180.0
  0
INSERT
  5
523
330
51C
100
AcDbEntity
  8
COTA
 62
4
100
AcDbBlockReference
  2
_OBLIQUE
 10
4754.6
 20
-62.0
 30
0.0
 41
3.0
 42
3.0
  0
LINE
  5
525
330
51C
100
AcDbEntity
  8
0
 62
4
100
AcDbLine
 10
4512.6
 20
-62.0
 30
0.0
 11
4754.6
 21
-62.0
 31
0.0
  0
MTEXT
  5
526
330
51C
100
AcDbEntity
  8
COTA
 62
240
100
AcDbMText
 10
4633.6
 20
-54.0
 30
0.0
 40
10.0
 71
5
  1
242
  0
POINT
  5
527
330
51C
100
AcDbEntity
  8
Defpoints
100
AcDbPoint
 10
4512.6
 20
-62.0
 30
0.0
  0
POINT
  5
528
330
51C
100
AcDbEntity
  8
Defpoints
100
AcDbPoint
 10
4512.6
 20
-25.0
 30
0.0
  0
POINT
  5
529
330
51C
100
AcDbEntity
  8
Defpoints
100
AcDbPoint
 10
4754.6
 20
-25.0
 30
0.0
  0
ENDBLK
  5
51E
330
51C
100
AcDbEntity
  8
0
100
AcDbBlockEnd
  0
BLOCK
  5
52C
330
52B
100
AcDbEntity
  8
0
100
AcDbBlockBegin
  2
*D42
 70
1
 10
0.0
 20
0.0
 30
0.0
  3
*D42
  1

  0
LINE
  5
52E
330
52B
100
AcDbEntity
  8
0
 62
4
100
AcDbLine
 10
3552.0
 20
-28.0
 30
0.0
 11
3552.0
 21
-88.0
 31
0.0
  0
LINE
  5
52F
330
52B
100
AcDbEntity
  8
0
 62
4
100
AcDbLine
 10
4754.6
 20
-28.0
 30
0.0
 11
4754.6
 21
-88.0
 31
0.0
  0
INSERT
  5
530
330
52B
100
AcDbEntity
  8
COTA
 62
4
100
AcDbBlockReference
  2
_OBLIQUE
 10
3552.0
 20
-85.0
 30
0.0
 41
3.0
 42
3.0
 50
180.0
  0
INSERT
  5
532
330
52B
100
AcDbEntity
  8
COTA
 62
4
100
AcDbBlockReference
  2
_OBLIQUE
 10
4754.6
 20
-85.0
 30
0.0
 41
3.0
 42
3.0
  0
LINE
  5
534
330
52B
100
AcDbEntity
  8
0
 62
4
100
AcDbLine
 10
3552.0
 20
-85.0
 30
0.0
 11
4754.6
 21
-85.0
 31
0.0
  0
MTEXT
  5
535
330
52B
100
AcDbEntity
  8
COTA
 62
240
100
AcDbMText
 10
4153.3
 20
-77.0
 30
0.0
 40
10.0
 71
5
  1
1202,6
  0
POINT
  5
536
330
52B
100
AcDbEntity
  8
Defpoints
100
AcDbPoint
 10
3552.0
 20
-85.0
 30
0.0
  0
POINT
  5
537
330
52B
100
AcDbEntity
  8
Defpoints
100
AcDbPoint
 10
3552.0
 20
-25.0
 30
0.0
  0
POINT
  5
538
330
52B
100
AcDbEntity
  8
Defpoints
100
AcDbPoint
 10
4754.6
 20
-25.0
 30
0.0
  0
ENDBLK
  5
52D
330
52B
100
AcDbEntity
  8
0
100
AcDbBlockEnd
  0
BLOCK
  5
53B
330
53A
100
AcDbEntity
  8
0
100
AcDbBlockBegin
  2
*D43
 70
1
 10
0.0
 20
0.0
 30
0.0
  3
*D43
  1

  0
LINE
  5
53D
330
53A
100
AcDbEntity
  8
0
 62
4
100
AcDbLine
 10
3549.0
 20
-32.0
 30
0.0
 11
3521.0
 21
-32.0
 31
0.0
  0
LINE
  5
53E
330
53A
100
AcDbEntity
  8
0
 62
4
100
AcDbLine
 10
3549.0
 20
-25.0
 30
0.0
 11
3521.0
 21
-25.0
 31
0.0
  0
INSERT
  5
53F
330
53A
100
AcDbEntity
  8
COTA
 62
4
100
AcDbBlockReference
  2
_OBLIQUE
 10
3524.0
 20
-32.0
 30
0.0
 41
3.0
 42
3.0
 50
90.0
  0
INSERT
  5
541
330
53A
100
AcDbEntity
  8
COTA
 62
4
100
AcDbBlockReference
  2
_OBLIQUE
 10
3524.0
 20
-25.0
 30
0.0
 41
3.0
 42
3.0
 50
270.0
  0
LINE
  5
543
330
53A
100
AcDbEntity
  8
0
 62
4
100
AcDbLine
 10
3524.0
 20
-32.0
 30
0.0
 11
3524.0
 21
-25.0
 31
0.0
  0
MTEXT
  5
544
330
53A
100
AcDbEntity
  8
COTA
 62
240
100
AcDbMText
 10
3513.0
 20
-28.5
 30
0.0
 40
10.0
 71
5
  1
7
 50
90.0
  0
POINT
  5
545
330
53A
100
AcDbEntity
  8
Defpoints
100
AcDbPoint
 10
3524.0
 20
-32.0
 30
0.0
  0
POINT
  5
546
330
53A
100
AcDbEntity
  8
Defpoints
100
AcDbPoint
 10
3552.0
 20
-32.0
 30
0.0
  0
POINT
  5
547
330
53A
100
AcDbEntity
  8
Defpoints
100
AcDbPoint
 10
3552.0
 20
-25.0
 30
0.0
  0
ENDBLK
  5
53C
330
53A
100
AcDbEntity
  8
0
100
AcDbBlockEnd
  0
BLOCK
  5
54A
330
549
100
AcDbEntity
  8
0
100
AcDbBlockBegin
  2
*D44
 70
1
 10
0.0
 20
0.0
 30
0.0
  3
*D44
  1

  0
LINE
  5
54C
330
549
100
AcDbEntity
  8
0
 62
4
100
AcDbLine
 10
3549.0
 20
-25.0
 30
0.0
 11
3521.0
 21
-25.0
 31
0.0
  0
LINE
  5
54D
330
549
100
AcDbEntity
  8
0
 62
4
100
AcDbLine
 10
3549.0
 20
0.0
 30
0.0
 11
3521.0
 21
0.0
 31
0.0
  0
INSERT
  5
54E
330
549
100
AcDbEntity
  8
COTA
 62
4
100
AcDbBlockReference
  2
_OBLIQUE
 10
3524.0
 20
-25.0
 30
0.0
 41
3.0
 42
3.0
 50
270.0
  0
INSERT
  5
550
330
549
100
AcDbEntity
  8
COTA
 62
4
100
AcDbBlockReference
  2
_OBLIQUE
 10
3524.0
 20
0.0
 30
0.0
 41
3.0
 42
3.0
 50
90.0
  0
LINE
  5
552
330
549
100
AcDbEntity
  8
0
 62
4
100
AcDbLine
 10
3524.0
 20
-25.0
 30
0.0
 11
3524.0
 21
0.0
 31
0.0
  0
MTEXT
  5
553
330
549
100
AcDbEntity
  8
COTA
 62
240
100
AcDbMText
 10
3516.0
 20
-12.5
 30
0.0
 40
10.0
 71
5
  1
25
 50
90.0
  0
POINT
  5
554
330
549
100
AcDbEntity
  8
Defpoints
100
AcDbPoint
 10
3524.0
 20
-25.0
 30
0.0
  0
POINT
  5
555
330
549
100
AcDbEntity
  8
Defpoints
100
AcDbPoint
 10
3552.0
 20
-25.0
 30
0.0
  0
POINT
  5
556
330
549
100
AcDbEntity
  8
Defpoints
100
AcDbPoint
 10
3552.0
 20
0.0
 30
0.0
  0
ENDBLK
  5
54B
330
549
100
AcDbEntity
  8
0
100
AcDbBlockEnd
  0
BLOCK
  5
559
330
558
100
AcDbEntity
  8
0
100
AcDbBlockBegin
  2
*D45
 70
1
 10
0.0
 20
0.0
 30
0.0
  3
*D45
  1

  0
LINE
  5
55B
330
558
100
AcDbEntity
  8
0
 62
4
100
AcDbLine
 10
3549.0
 20
0.0
 30
0.0
 11
3521.0
 21
0.0
 31
0.0
  0
LINE
  5
55C
330
558
100
AcDbEntity
  8
0
 62
4
100
AcDbLine
 10
3549.0
 20
7.0
 30
0.0
 11
3521.0
 21
7.0
 31
0.0
  0
INSERT
  5
55D
330
558
100
AcDbEntity
  8
COTA
 62
4
100
AcDbBlockReference
  2
_OBLIQUE
 10
3524.0
 20
0.0
 30
0.0
 41
3.0
 42
3.0
 50
90.0
  0
INSERT
  5
55F
330
558
100
AcDbEntity
  8
COTA
 62
4
100
AcDbBlockReference
  2
_OBLIQUE
 10
3524.0
 20
7.0
 30
0.0
 41
3.0
 42
3.0
 50
270.0
  0
LINE
  5
561
330
558
100
AcDbEntity
  8
0
 62
4
100
AcDbLine
 10
3524.0
 20
0.0
 30
0.0
 11
3524.0
 21
7.0
 31
0.0
  0
MTEXT
  5
562
330
558
100
AcDbEntity
  8
COTA
 62
240
100
AcDbMText
 10
3513.0
 20
3.5
 30
0.0
 40
10.0
 71
5
  1
7
 50
90.0
  0
POINT
  5
563
330
558
100
AcDbEntity
  8
Defpoints
100
AcDbPoint
 10
3524.0
 20
0.0
 30
0.0
  0
POINT
  5
564
330
558
100
AcDbEntity
  8
Defpoints
100
AcDbPoint
 10
3552.0
 20
0.0
 30
0.0
  0
POINT
  5
565
330
558
100
AcDbEntity
  8
Defpoints
100
AcDbPoint
 10
3552.0
 20
7.0
 30
0.0
  0
ENDBLK
  5
55A
330
558
100
AcDbEntity
  8
0
100
AcDbBlockEnd
  0
BLOCK
  5
568
330
567
100
AcDbEntity
  8
0
100
AcDbBlockBegin
  2
*D46
 70
1
 10
0.0
 20
0.0
 30
0.0
  3
*D46
  1

  0
LINE
  5
56A
330
567
100
AcDbEntity
  8
0
 62
4
100
AcDbLine
 10
4757.6
 20
-32.0
 30
0.0
 11
4785.6
 21
-32.0
 31
0.0
  0
LINE
  5
56B
330
567
100
AcDbEntity
  8
0
 62
4
100
AcDbLine
 10
4757.6
 20
7.0
 30
0.0
 11
4785.6
 21
7.0
 31
0.0
  0
INSERT
  5
56C
330
567
100
AcDbEntity
  8
COTA
 62
4
100
AcDbBlockReference
  2
_OBLIQUE
 10
4782.6
 20
-32.0
 30
0.0
 41
3.0
 42
3.0
 50
270.0
  0
INSERT
  5
56E
330
567
100
AcDbEntity
  8
COTA
 62
4
100
AcDbBlockReference
  2
_OBLIQUE
 10
4782.6
 20
7.0
 30
0.0
 41
3.0
 42
3.0
 50
90.0
  0
LINE
  5
570
330
567
100
AcDbEntity
  8
0
 62
4
100
AcDbLine
 10
4782.6
 20
-32.0
 30
0.0
 11
4782.6
 21
7.0
 31
0.0
  0
MTEXT
  5
571
330
567
100
AcDbEntity
  8
COTA
 62
240
100
AcDbMText
 10
4774.6
 20
-12.5
 30
0.0
 40
10.0
 71
5
  1
39
 50
90.0
  0
POINT
  5
572
330
567
100
AcDbEntity
  8
Defpoints
100
AcDbPoint
 10
4782.6
 20
-32.0
 30
0.0
  0
POINT
  5
573
330
567
100
AcDbEntity
  8
Defpoints
100
AcDbPoint
 10
4754.6
 20
-32.0
 30
0.0
  0
POINT
  5
574
330
567
100
AcDbEntity
  8
Defpoints
100
AcDbPoint
 10
4754.6
 20
7.0
 30
0.0
  0
ENDBLK
  5
569
330
567
100
AcDbEntity
  8
0
100
AcDbBlockEnd
  0
ENDSEC
  0
SECTION
  2
ENTITIES
  0
LWPOLYLINE
  5
4F
330
17
100
AcDbEntity
  8
barrote
100
AcDbPolyline
 90
4
 70
1
 10
-25.5
 20
-59.0
 10
133.5
 20
-59.0
 10
133.5
 20
-39.0
 10
-25.5
 20
-39.0
  0
LWPOLYLINE
  5
50
330
17
100
AcDbEntity
  8
SCO-___-LAJ
100
AcDbPolyline
 90
4
 70
1
 10
-6.5
 20
-42.2
 10
124.5
 20
-42.2
 10
124.5
 20
-39.0
 10
-6.5
 20
-39.0
  0
LWPOLYLINE
  5
51
330
17
100
AcDbEntity
  8
Madeira
100
AcDbPolyline
 90
4
 70
1
 10
22.0
 20
-39.0
 10
36.0
 20
-39.0
 10
36.0
 20
4.0
 10
22.0
 20
4.0
  0
LWPOLYLINE
  5
52
330
17
100
AcDbEntity
  8
Madeira
100
AcDbPolyline
 90
4
 70
1
 10
82.0
 20
-39.0
 10
96.0
 20
-39.0
 10
96.0
 20
-24.0
 10
82.0
 20
-24.0
  0
LWPOLYLINE
  5
53
330
17
100
AcDbEntity
  8
Madeira
100
AcDbPolyline
 90
4
 70
1
 10
2.0
 20
-39.0
 10
22.0
 20
-39.0
 10
22.0
 20
-34.6
 10
2.0
 20
-34.6
  0
LWPOLYLINE
  5
54
330
17
100
AcDbEntity
  8
Madeira
100
AcDbPolyline
 90
4
 70
1
 10
96.0
 20
-39.0
 10
116.0
 20
-39.0
 10
116.0
 20
-34.6
 10
96.0
 20
-34.6
  0
LWPOLYLINE
  5
55
330
17
100
AcDbEntity
  8
Madeira
100
AcDbPolyline
 90
4
 70
1
 10
22.0
 20
-39.0
 10
36.0
 20
-39.0
 10
36.0
 20
-34.6
 10
22.0
 20
-34.6
  0
LWPOLYLINE
  5
56
330
17
100
AcDbEntity
  8
Madeira
100
AcDbPolyline
 90
4
 70
1
 10
22.0
 20
-0.40000000000000036
 10
36.0
 20
-0.40000000000000036
 10
36.0
 20
4.0
 10
22.0
 20
4.0
  0
LWPOLYLINE
  5
57
330
17
100
AcDbEntity
  8
Madeira
100
AcDbPolyline
 90
4
 70
1
 10
82.0
 20
-28.4
 10
96.0
 20
-28.4
 10
96.0
 20
-24.0
 10
82.0
 20
-24.0
  0
LWPOLYLINE
  5
58
330
17
100
AcDbEntity
  8
Madeira
100
AcDbPolyline
 90
4
 70
1
 10
40.0
 20
-39.0
 10
50.0
 20
-39.0
 10
50.0
 20
-34.6
 10
40.0
 20
-34.6
  0
LWPOLYLINE
  5
59
330
17
100
AcDbEntity
  8
Madeira
100
AcDbPolyline
 90
4
 70
1
 10
68.0
 20
-39.0
 10
78.0
 20
-39.0
 10
78.0
 20
-34.6
 10
68.0
 20
-34.6
  0
LWPOLYLINE
  5
5A
330
17
100
AcDbEntity
  8
Painéis
100
AcDbPolyline
 90
4
 70
1
 10
36.0
 20
-39.0
 10
40.0
 20
-39.0
 10
40.0
 20
4.0
 10
36.0
 20
4.0
  0
LWPOLYLINE
  5
5B
330
17
100
AcDbEntity
  8
Painéis
100
AcDbPolyline
 90
4
 70
1
 10
78.0
 20
-39.0
 10
82.0
 20
-39.0
 10
82.0
 20
-24.0
 10
78.0
 20
-24.0
  0
LWPOLYLINE
  5
5C
330
17
100
AcDbEntity
  8
Painéis
100
AcDbPolyline
 90
4
 70
1
 10
78.0
 20
-24.0
 10
97.0
 20
-24.0
 10
97.0
 20
-20.0
 10
78.0
 20
-20.0
  0
LWPOLYLINE
  5
5D
330
17
100
AcDbEntity
  8
Painéis
100
AcDbPolyline
 90
4
 70
1
 10
40.0
 20
-34.6
 10
78.0
 20
-34.6
 10
78.0
 20
-31.0
 10
40.0
 20
-31.0
  0
LWPOLYLINE
  5
5E
330
17
100
AcDbEntity
  8
CONCRETO
100
AcDbPolyline
 90
6
 70
1
 10
40.0
 20
-31.0
 10
40.0
 20
4.0
 10
97.0
 20
4.0
 10
97.0
 20
-20.0
 10
78.0
 20
-20.0
 10
78.0
 20
-31.0
  0
HATCH
  5
5F
330
17
100
AcDbEntity
  8
COTA
 62
7
100
AcDbHatch
 10
0.0
 20
0.0
 30
0.0
210
0.0
220
0.0
230
1.0
  2
ANSI31
 70
0
 71
0
 91
1
 92
3
 72
0
 73
1
 93
6
 10
40.0
 20
-31.0
 10
40.0
 20
4.0
 10
97.0
 20
4.0
 10
97.0
 20
-20.0
 10
78.0
 20
-20.0
 10
78.0
 20
-31.0
 97
0
 75
1
 76
1
 52
0.0
 41
0.4
 77
0
 78
1
 53
45.0
 43
0.0
 44
0.0
 45
-0.8980256121
 46
0.8980256121
 79
0
 98
0
  0
LINE
  5
60
330
17
100
AcDbEntity
  8
TENSOR
100
AcDbLine
 10
-3.0
 20
11.0
 30
0.0
 11
95.0
 21
11.0
 31
0.0
  0
LINE
  5
61
330
17
100
AcDbEntity
  8
0
100
AcDbLine
 10
2.0
 20
17.0
 30
0.0
 11
32.0
 21
17.0
 31
0.0
  0
LINE
  5
62
330
17
100
AcDbEntity
  8
0
100
AcDbLine
 10
2.0
 20
5.0
 30
0.0
 11
32.0
 21
5.0
 31
0.0
  0
LINE
  5
63
330
17
100
AcDbEntity
  8
0
100
AcDbLine
 10
2.0
 20
17.0
 30
0.0
 11
2.0
 21
5.0
 31
0.0
  0
LINE
  5
64
330
17
100
AcDbEntity
  8
0
100
AcDbLine
 10
2.0
 20
10.0
 30
0.0
 11
32.0
 21
10.0
 31
0.0
  0
LINE
  5
65
330
17
100
AcDbEntity
  8
0
100
AcDbLine
 10
2.0
 20
12.0
 30
0.0
 11
32.0
 21
12.0
 31
0.0
  0
LINE
  5
66
330
17
100
AcDbEntity
  8
0
100
AcDbLine
 10
2.0
 20
8.0
 30
0.0
 11
0.0
 21
8.0
 31
0.0
  0
LINE
  5
67
330
17
100
AcDbEntity
  8
0
100
AcDbLine
 10
0.0
 20
14.0
 30
0.0
 11
0.0
 21
8.0
 31
0.0
  0
LINE
  5
68
330
17
100
AcDbEntity
  8
0
100
AcDbLine
 10
2.0
 20
14.0
 30
0.0
 11
0.0
 21
14.0
 31
0.0
  0
LINE
  5
69
330
17
100
AcDbEntity
  8
0
100
AcDbLine
 10
96.0
 20
17.0
 30
0.0
 11
126.0
 21
17.0
 31
0.0
  0
LINE
  5
6A
330
17
100
AcDbEntity
  8
0
100
AcDbLine
 10
96.0
 20
5.0
 30
0.0
 11
126.0
 21
5.0
 31
0.0
  0
LINE
  5
6B
330
17
100
AcDbEntity
  8
0
100
AcDbLine
 10
126.0
 20
17.0
 30
0.0
 11
126.0
 21
5.0
 31
0.0
  0
LINE
  5
6C
330
17
100
AcDbEntity
  8
0
100
AcDbLine
 10
96.0
 20
10.0
 30
0.0
 11
126.0
 21
10.0
 31
0.0
  0
LINE
  5
6D
330
17
100
AcDbEntity
  8
0
100
AcDbLine
 10
96.0
 20
12.0
 30
0.0
 11
126.0
 21
12.0
 31
0.0
  0
LINE
  5
6E
330
17
100
AcDbEntity
  8
0
100
AcDbLine
 10
126.0
 20
8.0
 30
0.0
 11
128.0
 21
8.0
 31
0.0
  0
LINE
  5
6F
330
17
100
AcDbEntity
  8
0
100
AcDbLine
 10
128.0
 20
14.0
 30
0.0
 11
128.0
 21
8.0
 31
0.0
  0
LINE
  5
70
330
17
100
AcDbEntity
  8
0
100
AcDbLine
 10
126.0
 20
14.0
 30
0.0
 11
128.0
 21
14.0
 31
0.0
  0
LINE
  5
71
330
17
100
AcDbEntity
  8
presilha
100
AcDbLine
 10
-16.0
 20
-52.0
 30
0.0
 11
-6.0
 21
-42.0
 31
0.0
  0
LINE
  5
72
330
17
100
AcDbEntity
  8
presilha
100
AcDbLine
 10
-16.0
 20
-42.0
 30
0.0
 11
-6.0
 21
-52.0
 31
0.0
  0
LINE
  5
73
330
17
100
AcDbEntity
  8
presilha
100
AcDbLine
 10
124.0
 20
-52.0
 30
0.0
 11
134.0
 21
-42.0
 31
0.0
  0
LINE
  5
74
330
17
100
AcDbEntity
  8
presilha
100
AcDbLine
 10
124.0
 20
-42.0
 30
0.0
 11
134.0
 21
-52.0
 31
0.0
  0
HATCH
  5
75
330
17
100
AcDbEntity
  8
Hachura
 62
7
100
AcDbHatch
 10
0.0
 20
0.0
 30
0.0
210
0.0
220
0.0
230
1.0
  2
ANSI31
 70
0
 71
0
 91
1
 92
3
 72
0
 73
1
 93
4
 10
22.0
 20
-39.0
 10
36.0
 20
-39.0
 10
36.0
 20
4.0
 10
22.0
 20
4.0
 97
0
 75
1
 76
1
 52
0.0
 41
0.5
 77
0
 78
1
 53
45.0
 43
0.0
 44
0.0
 45
-1.1225320152
 46
1.1225320152
 79
0
 98
0
  0
HATCH
  5
76
330
17
100
AcDbEntity
  8
Hachura
 62
7
100
AcDbHatch
 10
0.0
 20
0.0
 30
0.0
210
0.0
220
0.0
230
1.0
  2
ANSI31
 70
0
 71
0
 91
1
 92
3
 72
0
 73
1
 93
4
 10
82.0
 20
-39.0
 10
96.0
 20
-39.0
 10
96.0
 20
-24.0
 10
82.0
 20
-24.0
 97
0
 75
1
 76
1
 52
0.0
 41
0.5
 77
0
 78
1
 53
45.0
 43
0.0
 44
0.0
 45
-1.1225320152
 46
1.1225320152
 79
0
 98
0
  0
HATCH
  5
77
330
17
100
AcDbEntity
  8
Hachura
 62
7
100
AcDbHatch
 10
0.0
 20
0.0
 30
0.0
210
0.0
220
0.0
230
1.0
  2
ANSI31
 70
0
 71
0
 91
1
 92
3
 72
0
 73
1
 93
4
 10
2.0
 20
-39.0
 10
22.0
 20
-39.0
 10
22.0
 20
-34.6
 10
2.0
 20
-34.6
 97
0
 75
1
 76
1
 52
0.0
 41
0.5
 77
0
 78
1
 53
45.0
 43
0.0
 44
0.0
 45
-1.1225320152
 46
1.1225320152
 79
0
 98
0
  0
HATCH
  5
78
330
17
100
AcDbEntity
  8
Hachura
 62
7
100
AcDbHatch
 10
0.0
 20
0.0
 30
0.0
210
0.0
220
0.0
230
1.0
  2
ANSI31
 70
0
 71
0
 91
1
 92
3
 72
0
 73
1
 93
4
 10
96.0
 20
-39.0
 10
116.0
 20
-39.0
 10
116.0
 20
-34.6
 10
96.0
 20
-34.6
 97
0
 75
1
 76
1
 52
0.0
 41
0.5
 77
0
 78
1
 53
45.0
 43
0.0
 44
0.0
 45
-1.1225320152
 46
1.1225320152
 79
0
 98
0
  0
HATCH
  5
79
330
17
100
AcDbEntity
  8
Hachura
 62
7
100
AcDbHatch
 10
0.0
 20
0.0
 30
0.0
210
0.0
220
0.0
230
1.0
  2
ANSI31
 70
0
 71
0
 91
1
 92
3
 72
0
 73
1
 93
4
 10
22.0
 20
-0.40000000000000036
 10
36.0
 20
-0.40000000000000036
 10
36.0
 20
4.0
 10
22.0
 20
4.0
 97
0
 75
1
 76
1
 52
0.0
 41
0.5
 77
0
 78
1
 53
45.0
 43
0.0
 44
0.0
 45
-1.1225320152
 46
1.1225320152
 79
0
 98
0
  0
HATCH
  5
7A
330
17
100
AcDbEntity
  8
Hachura
 62
7
100
AcDbHatch
 10
0.0
 20
0.0
 30
0.0
210
0.0
220
0.0
230
1.0
  2
ANSI31
 70
0
 71
0
 91
1
 92
3
 72
0
 73
1
 93
4
 10
82.0
 20
-28.4
 10
96.0
 20
-28.4
 10
96.0
 20
-24.0
 10
82.0
 20
-24.0
 97
0
 75
1
 76
1
 52
0.0
 41
0.5
 77
0
 78
1
 53
45.0
 43
0.0
 44
0.0
 45
-1.1225320152
 46
1.1225320152
 79
0
 98
0
  0
HATCH
  5
7B
330
17
100
AcDbEntity
  8
Hachura
 62
7
100
AcDbHatch
 10
0.0
 20
0.0
 30
0.0
210
0.0
220
0.0
230
1.0
  2
ANSI31
 70
0
 71
0
 91
1
 92
3
 72
0
 73
1
 93
4
 10
40.0
 20
-39.0
 10
50.0
 20
-39.0
 10
50.0
 20
-34.6
 10
40.0
 20
-34.6
 97
0
 75
1
 76
1
 52
0.0
 41
0.5
 77
0
 78
1
 53
45.0
 43
0.0
 44
0.0
 45
-1.1225320152
 46
1.1225320152
 79
0
 98
0
  0
HATCH
  5
7C
330
17
100
AcDbEntity
  8
Hachura
 62
7
100
AcDbHatch
 10
0.0
 20
0.0
 30
0.0
210
0.0
220
0.0
230
1.0
  2
SOLID
 70
0
 71
0
 91
1
 92
3
 72
0
 73
1
 93
4
 10
36.0
 20
-39.0
 10
40.0
 20
-39.0
 10
40.0
 20
4.0
 10
36.0
 20
4.0
 97
0
 75
1
 76
1
 52
0.0
 41
1.0
 77
0
 78
1
 53
45.0
 43
0.0
 44
0.0
 45
-0.0883883476
 46
0.0883883476
 79
0
 98
0
  0
HATCH
  5
7D
330
17
100
AcDbEntity
  8
Hachura
 62
7
100
AcDbHatch
 10
0.0
 20
0.0
 30
0.0
210
0.0
220
0.0
230
1.0
  2
SOLID
 70
0
 71
0
 91
1
 92
3
 72
0
 73
1
 93
4
 10
78.0
 20
-39.0
 10
82.0
 20
-39.0
 10
82.0
 20
-24.0
 10
78.0
 20
-24.0
 97
0
 75
1
 76
1
 52
0.0
 41
1.0
 77
0
 78
1
 53
45.0
 43
0.0
 44
0.0
 45
-0.0883883476
 46
0.0883883476
 79
0
 98
0
  0
HATCH
  5
7E
330
17
100
AcDbEntity
  8
Hachura
 62
7
100
AcDbHatch
 10
0.0
 20
0.0
 30
0.0
210
0.0
220
0.0
230
1.0
  2
SOLID
 70
0
 71
0
 91
1
 92
3
 72
0
 73
1
 93
4
 10
78.0
 20
-24.0
 10
97.0
 20
-24.0
 10
97.0
 20
-20.0
 10
78.0
 20
-20.0
 97
0
 75
1
 76
1
 52
0.0
 41
1.0
 77
0
 78
1
 53
45.0
 43
0.0
 44
0.0
 45
-0.0883883476
 46
0.0883883476
 79
0
 98
0
  0
HATCH
  5
7F
330
17
100
AcDbEntity
  8
Hachura
 62
7
100
AcDbHatch
 10
0.0
 20
0.0
 30
0.0
210
0.0
220
0.0
230
1.0
  2
SOLID
 70
0
 71
0
 91
1
 92
3
 72
0
 73
1
 93
4
 10
40.0
 20
-34.6
 10
78.0
 20
-34.6
 10
78.0
 20
-31.0
 10
40.0
 20
-31.0
 97
0
 75
1
 76
1
 52
0.0
 41
1.0
 77
0
 78
1
 53
45.0
 43
0.0
 44
0.0
 45
-0.0883883476
 46
0.0883883476
 79
0
 98
0
  0
TEXT
  5
80
330
17
100
AcDbEntity
  8
detalhes
100
AcDbText
 10
25.0
 20
-11.7
 30
0.0
 40
9.6
  1
a
100
AcDbText
  0
TEXT
  5
81
330
17
100
AcDbEntity
  8
detalhes
100
AcDbText
 10
85.0
 20
-11.7
 30
0.0
 40
9.6
  1
b
100
AcDbText
  0
TEXT
  5
82
330
17
100
AcDbEntity
  8
detalhes
100
AcDbText
 10
50.0
 20
-28.5
 30
0.0
 40
9.6
  1
c
100
AcDbText
  0
TEXT
  5
83
330
17
100
AcDbEntity
  8
Texto Seção
100
AcDbText
 10
69.0
 20
4.0
 30
0.0
 40
13.0
  1
V18.A
100
AcDbText
  0
TEXT
  5
84
330
17
100
AcDbEntity
  8
Texto Seção
100
AcDbText
 10
44.0
 20
20.0
 30
0.0
 40
10.0
  1
V18 (19x35)
100
AcDbText
  0
DIMENSION
  5
85
330
17
100
AcDbEntity
  8
COTA
100
AcDbDimension
280
0
  2
*D1
  3
PAINEL
 10
-54.0
 20
-39.0
 30
0.0
 11
-62.0
 21
-17.5
 31
0.0
 70
32
 71
5
  1
<>
100
AcDbAlignedDimension
 13
2.0
 23
-39.0
 33
0.0
 14
22.0
 24
4.0
 34
0.0
 50
90.0
100
AcDbRotatedDimension
  0
DIMENSION
  5
94
330
17
100
AcDbEntity
  8
Cota Seção (2x)
100
AcDbDimension
280
0
  2
*D2
  3
SECAO2X
 10
72.0
 20
-31.0
 30
0.0
 11
61.0
 21
-13.5
 31
0.0
 70
32
 71
5
  1
<>
100
AcDbAlignedDimension
 13
40.0
 23
-31.0
 33
0.0
 14
40.0
 24
4.0
 34
0.0
 50
90.0
100
AcDbRotatedDimension
  0
DIMENSION
  5
A3
330
17
100
AcDbEntity
  8
COTA
100
AcDbDimension
280
0
  2
*D3
  3
PAINEL
 10
100.0
 20
-39.0
 30
0.0
 11
92.0
 21
-14.0
 31
0.0
 70
32
 71
5
  1
<>
100
AcDbAlignedDimension
 13
96.0
 23
-39.0
 33
0.0
 14
96.0
 24
11.0
 34
0.0
 50
90.0
100
AcDbRotatedDimension
  0
DIMENSION
  5
B2
330
17
100
AcDbEntity
  8
COTA
100
AcDbDimension
280
0
  2
*D4
  3
PAINEL
 10
140.0
 20
-39.0
 30
0.0
 11
129.0
 21
-31.5
 31
0.0
 70
32
 71
5
  1
<>
100
AcDbAlignedDimension
 13
96.0
 23
-39.0
 33
0.0
 14
96.0
 24
-24.0
 34
0.0
 50
90.0
100
AcDbRotatedDimension
  0
DIMENSION
  5
C1
330
17
100
AcDbEntity
  8
COTA
100
AcDbDimension
280
0
  2
*D5
  3
PAINEL
 10
140.0
 20
-20.0
 30
0.0
 11
132.0
 21
-8.0
 31
0.0
 70
32
 71
5
  1
<>
100
AcDbAlignedDimension
 13
97.0
 23
-20.0
 33
0.0
 14
97.0
 24
4.0
 34
0.0
 50
90.0
100
AcDbRotatedDimension
  0
DIMENSION
  5
D0
330
17
100
AcDbEntity
  8
COTA
100
AcDbDimension
280
0
  2
*D6
  3
PAINEL
 10
40.0
 20
-84.0
 30
0.0
 11
59.0
 21
-76.0
 31
0.0
 70
32
 71
5
  1
<>
100
AcDbAlignedDimension
 13
40.0
 23
-39.0
 33
0.0
 14
78.0
 24
-39.0
 34
0.0
 50
0.0
100
AcDbRotatedDimension
  0
LWPOLYLINE
  5
DF
330
17
100
AcDbEntity
  8
SCO-___-LAJ
100
AcDbPolyline
 90
4
 70
1
 10
197.0
 20
-46.0
 10
237.0
 20
-46.0
 10
237.0
 20
-39.0
 10
197.0
 20
-39.0
  0
HATCH
  5
E0
330
17
100
AcDbEntity
  8
COTA
 62
7
100
AcDbHatch
 10
0.0
 20
0.0
 30
0.0
210
0.0
220
0.0
230
1.0
  2
ANSI31
 70
0
 71
0
 91
1
 92
3
 72
0
 73
1
 93
4
 10
197.0
 20
-46.0
 10
237.0
 20
-46.0
 10
237.0
 20
-39.0
 10
197.0
 20
-39.0
 97
0
 75
1
 76
1
 52
0.0
 41
0.5
 77
0
 78
1
 53
45.0
 43
0.0
 44
0.0
 45
-1.1225320152
 46
1.1225320152
 79
0
 98
0
  0
LWPOLYLINE
  5
E1
330
17
100
AcDbEntity
  8
SCO-___-LAJ
100
AcDbPolyline
 90
4
 70
1
 10
237.0
 20
-46.0
 10
285.0
 20
-46.0
 10
285.0
 20
-39.0
 10
237.0
 20
-39.0
  0
HATCH
  5
E2
330
17
100
AcDbEntity
  8
COTA
 62
7
100
AcDbHatch
 10
0.0
 20
0.0
 30
0.0
210
0.0
220
0.0
230
1.0
  2
ANSI31
 70
0
 71
0
 91
1
 92
3
 72
0
 73
1
 93
4
 10
237.0
 20
-46.0
 10
285.0
 20
-46.0
 10
285.0
 20
-39.0
 10
237.0
 20
-39.0
 97
0
 75
1
 76
1
 52
0.0
 41
0.5
 77
0
 78
1
 53
45.0
 43
0.0
 44
0.0
 45
-1.1225320152
 46
1.1225320152
 79
0
 98
0
  0
LWPOLYLINE
  5
E3
330
17
100
AcDbEntity
  8
SCO-___-LAJ
100
AcDbPolyline
 90
4
 70
1
 10
285.0
 20
-46.0
 10
341.0
 20
-46.0
 10
341.0
 20
-39.0
 10
285.0
 20
-39.0
  0
HATCH
  5
E4
330
17
100
AcDbEntity
  8
COTA
 62
7
100
AcDbHatch
 10
0.0
 20
0.0
 30
0.0
210
0.0
220
0.0
230
1.0
  2
ANSI31
 70
0
 71
0
 91
1
 92
3
 72
0
 73
1
 93
4
 10
285.0
 20
-46.0
 10
341.0
 20
-46.0
 10
341.0
 20
-39.0
 10
285.0
 20
-39.0
 97
0
 75
1
 76
1
 52
0.0
 41
0.5
 77
0
 78
1
 53
45.0
 43
0.0
 44
0.0
 45
-1.1225320152
 46
1.1225320152
 79
0
 98
0
  0
LWPOLYLINE
  5
E5
330
17
100
AcDbEntity
  8
SCO-___-LAJ
100
AcDbPolyline
 90
4
 70
1
 10
341.0
 20
-46.0
 10
398.0
 20
-46.0
 10
398.0
 20
-39.0
 10
341.0
 20
-39.0
  0
HATCH
  5
E6
330
17
100
AcDbEntity
  8
COTA
 62
7
100
AcDbHatch
 10
0.0
 20
0.0
 30
0.0
210
0.0
220
0.0
230
1.0
  2
ANSI31
 70
0
 71
0
 91
1
 92
3
 72
0
 73
1
 93
4
 10
341.0
 20
-46.0
 10
398.0
 20
-46.0
 10
398.0
 20
-39.0
 10
341.0
 20
-39.0
 97
0
 75
1
 76
1
 52
0.0
 41
0.5
 77
0
 78
1
 53
45.0
 43
0.0
 44
0.0
 45
-1.1225320152
 46
1.1225320152
 79
0
 98
0
  0
LWPOLYLINE
  5
E7
330
17
100
AcDbEntity
  8
SCO-___-LAJ
100
AcDbPolyline
 90
4
 70
1
 10
398.0
 20
-46.0
 10
459.0
 20
-46.0
 10
459.0
 20
-39.0
 10
398.0
 20
-39.0
  0
HATCH
  5
E8
330
17
100
AcDbEntity
  8
COTA
 62
7
100
AcDbHatch
 10
0.0
 20
0.0
 30
0.0
210
0.0
220
0.0
230
1.0
  2
ANSI31
 70
0
 71
0
 91
1
 92
3
 72
0
 73
1
 93
4
 10
398.0
 20
-46.0
 10
459.0
 20
-46.0
 10
459.0
 20
-39.0
 10
398.0
 20
-39.0
 97
0
 75
1
 76
1
 52
0.0
 41
0.5
 77
0
 78
1
 53
45.0
 43
0.0
 44
0.0
 45
-1.1225320152
 46
1.1225320152
 79
0
 98
0
  0
LWPOLYLINE
  5
E9
330
17
100
AcDbEntity
  8
SCO-___-LAJ
100
AcDbPolyline
 90
4
 70
1
 10
459.0
 20
-46.0
 10
525.0
 20
-46.0
 10
525.0
 20
-39.0
 10
459.0
 20
-39.0
  0
HATCH
  5
EA
330
17
100
AcDbEntity
  8
COTA
 62
7
100
AcDbHatch
 10
0.0
 20
0.0
 30
0.0
210
0.0
220
0.0
230
1.0
  2
ANSI31
 70
0
 71
0
 91
1
 92
3
 72
0
 73
1
 93
4
 10
459.0
 20
-46.0
 10
525.0
 20
-46.0
 10
525.0
 20
-39.0
 10
459.0
 20
-39.0
 97
0
 75
1
 76
1
 52
0.0
 41
0.5
 77
0
 78
1
 53
45.0
 43
0.0
 44
0.0
 45
-1.1225320152
 46
1.1225320152
 79
0
 98
0
  0
LWPOLYLINE
  5
EB
330
17
100
AcDbEntity
  8
SCO-___-LAJ
100
AcDbPolyline
 90
4
 70
1
 10
525.0
 20
-46.0
 10
593.0
 20
-46.0
 10
593.0
 20
-39.0
 10
525.0
 20
-39.0
  0
HATCH
  5
EC
330
17
100
AcDbEntity
  8
COTA
 62
7
100
AcDbHatch
 10
0.0
 20
0.0
 30
0.0
210
0.0
220
0.0
230
1.0
  2
ANSI31
 70
0
 71
0
 91
1
 92
3
 72
0
 73
1
 93
4
 10
525.0
 20
-46.0
 10
593.0
 20
-46.0
 10
593.0
 20
-39.0
 10
525.0
 20
-39.0
 97
0
 75
1
 76
1
 52
0.0
 41
0.5
 77
0
 78
1
 53
45.0
 43
0.0
 44
0.0
 45
-1.1225320152
 46
1.1225320152
 79
0
 98
0
  0
LWPOLYLINE
  5
ED
330
17
100
AcDbEntity
  8
SCO-___-LAJ
100
AcDbPolyline
 90
4
 70
1
 10
593.0
 20
-46.0
 10
671.0
 20
-46.0
 10
671.0
 20
-39.0
 10
593.0
 20
-39.0
  0
HATCH
  5
EE
330
17
100
AcDbEntity
  8
COTA
 62
7
100
AcDbHatch
 10
0.0
 20
0.0
 30
0.0
210
0.0
220
0.0
230
1.0
  2
ANSI31
 70
0
 71
0
 91
1
 92
3
 72
0
 73
1
 93
4
 10
593.0
 20
-46.0
 10
671.0
 20
-46.0
 10
671.0
 20
-39.0
 10
593.0
 20
-39.0
 97
0
 75
1
 76
1
 52
0.0
 41
0.5
 77
0
 78
1
 53
45.0
 43
0.0
 44
0.0
 45
-1.1225320152
 46
1.1225320152
 79
0
 98
0
  0
LWPOLYLINE
  5
EF
330
17
100
AcDbEntity
  8
SCO-___-LAJ
100
AcDbPolyline
 90
4
 70
1
 10
671.0
 20
-46.0
 10
773.0
 20
-46.0
 10
773.0
 20
-39.0
 10
671.0
 20
-39.0
  0
HATCH
  5
F0
330
17
100
AcDbEntity
  8
COTA
 62
7
100
AcDbHatch
 10
0.0
 20
0.0
 30
0.0
210
0.0
220
0.0
230
1.0
  2
ANSI31
 70
0
 71
0
 91
1
 92
3
 72
0
 73
1
 93
4
 10
671.0
 20
-46.0
 10
773.0
 20
-46.0
 10
773.0
 20
-39.0
 10
671.0
 20
-39.0
 97
0
 75
1
 76
1
 52
0.0
 41
0.5
 77
0
 78
1
 53
45.0
 43
0.0
 44
0.0
 45
-1.1225320152
 46
1.1225320152
 79
0
 98
0
  0
LWPOLYLINE
  5
F1
330
17
100
AcDbEntity
  8
SCO-___-LAJ
100
AcDbPolyline
 90
4
 70
1
 10
773.0
 20
-46.0
 10
884.0
 20
-46.0
 10
884.0
 20
-39.0
 10
773.0
 20
-39.0
  0
HATCH
  5
F2
330
17
100
AcDbEntity
  8
COTA
 62
7
100
AcDbHatch
 10
0.0
 20
0.0
 30
0.0
210
0.0
220
0.0
230
1.0
  2
ANSI31
 70
0
 71
0
 91
1
 92
3
 72
0
 73
1
 93
4
 10
773.0
 20
-46.0
 10
884.0
 20
-46.0
 10
884.0
 20
-39.0
 10
773.0
 20
-39.0
 97
0
 75
1
 76
1
 52
0.0
 41
0.5
 77
0
 78
1
 53
45.0
 43
0.0
 44
0.0
 45
-1.1225320152
 46
1.1225320152
 79
0
 98
0
  0
LWPOLYLINE
  5
F3
330
17
100
AcDbEntity
  8
SCO-___-LAJ
100
AcDbPolyline
 90
4
 70
1
 10
884.0
 20
-46.0
 10
1001.0
 20
-46.0
 10
1001.0
 20
-39.0
 10
884.0
 20
-39.0
  0
HATCH
  5
F4
330
17
100
AcDbEntity
  8
COTA
 62
7
100
AcDbHatch
 10
0.0
 20
0.0
 30
0.0
210
0.0
220
0.0
230
1.0
  2
ANSI31
 70
0
 71
0
 91
1
 92
3
 72
0
 73
1
 93
4
 10
884.0
 20
-46.0
 10
1001.0
 20
-46.0
 10
1001.0
 20
-39.0
 10
884.0
 20
-39.0
 97
0
 75
1
 76
1
 52
0.0
 41
0.5
 77
0
 78
1
 53
45.0
 43
0.0
 44
0.0
 45
-1.1225320152
 46
1.1225320152
 79
0
 98
0
  0
LWPOLYLINE
  5
F5
330
17
100
AcDbEntity
  8
SCO-___-LAJ
100
AcDbPolyline
 90
4
 70
1
 10
1001.0
 20
-46.0
 10
1123.0
 20
-46.0
 10
1123.0
 20
-39.0
 10
1001.0
 20
-39.0
  0
HATCH
  5
F6
330
17
100
AcDbEntity
  8
COTA
 62
7
100
AcDbHatch
 10
0.0
 20
0.0
 30
0.0
210
0.0
220
0.0
230
1.0
  2
ANSI31
 70
0
 71
0
 91
1
 92
3
 72
0
 73
1
 93
4
 10
1001.0
 20
-46.0
 10
1123.0
 20
-46.0
 10
1123.0
 20
-39.0
 10
1001.0
 20
-39.0
 97
0
 75
1
 76
1
 52
0.0
 41
0.5
 77
0
 78
1
 53
45.0
 43
0.0
 44
0.0
 45
-1.1225320152
 46
1.1225320152
 79
0
 98
0
  0
LWPOLYLINE
  5
F7
330
17
100
AcDbEntity
  8
SCO-___-LAJ
100
AcDbPolyline
 90
4
 70
1
 10
1123.0
 20
-46.0
 10
1319.0
 20
-46.0
 10
1319.0
 20
-39.0
 10
1123.0
 20
-39.0
  0
HATCH
  5
F8
330
17
100
AcDbEntity
  8
COTA
 62
7
100
AcDbHatch
 10
0.0
 20
0.0
 30
0.0
210
0.0
220
0.0
230
1.0
  2
ANSI31
 70
0
 71
0
 91
1
 92
3
 72
0
 73
1
 93
4
 10
1123.0
 20
-46.0
 10
1319.0
 20
-46.0
 10
1319.0
 20
-39.0
 10
1123.0
 20
-39.0
 97
0
 75
1
 76
1
 52
0.0
 41
0.5
 77
0
 78
1
 53
45.0
 43
0.0
 44
0.0
 45
-1.1225320152
 46
1.1225320152
 79
0
 98
0
  0
LWPOLYLINE
  5
F9
330
17
100
AcDbEntity
  8
SCO-___-LAJ
100
AcDbPolyline
 90
4
 70
1
 10
1319.0
 20
-46.0
 10
1530.0
 20
-46.0
 10
1530.0
 20
-39.0
 10
1319.0
 20
-39.0
  0
HATCH
  5
FA
330
17
100
AcDbEntity
  8
COTA
 62
7
100
AcDbHatch
 10
0.0
 20
0.0
 30
0.0
210
0.0
220
0.0
230
1.0
  2
ANSI31
 70
0
 71
0
 91
1
 92
3
 72
0
 73
1
 93
4
 10
1319.0
 20
-46.0
 10
1530.0
 20
-46.0
 10
1530.0
 20
-39.0
 10
1319.0
 20
-39.0
 97
0
 75
1
 76
1
 52
0.0
 41
0.5
 77
0
 78
1
 53
45.0
 43
0.0
 44
0.0
 45
-1.1225320152
 46
1.1225320152
 79
0
 98
0
  0
LWPOLYLINE
  5
FB
330
17
100
AcDbEntity
  8
SCO-___-LAJ
100
AcDbPolyline
 90
4
 70
1
 10
1530.0
 20
-46.0
 10
1746.0
 20
-46.0
 10
1746.0
 20
-39.0
 10
1530.0
 20
-39.0
  0
HATCH
  5
FC
330
17
100
AcDbEntity
  8
COTA
 62
7
100
AcDbHatch
 10
0.0
 20
0.0
 30
0.0
210
0.0
220
0.0
230
1.0
  2
ANSI31
 70
0
 71
0
 91
1
 92
3
 72
0
 73
1
 93
4
 10
1530.0
 20
-46.0
 10
1746.0
 20
-46.0
 10
1746.0
 20
-39.0
 10
1530.0
 20
-39.0
 97
0
 75
1
 76
1
 52
0.0
 41
0.5
 77
0
 78
1
 53
45.0
 43
0.0
 44
0.0
 45
-1.1225320152
 46
1.1225320152
 79
0
 98
0
  0
LWPOLYLINE
  5
FD
330
17
100
AcDbEntity
  8
SCO-___-LAJ
100
AcDbPolyline
 90
4
 70
1
 10
1746.0
 20
-46.0
 10
1962.0
 20
-46.0
 10
1962.0
 20
-39.0
 10
1746.0
 20
-39.0
  0
HATCH
  5
FE
330
17
100
AcDbEntity
  8
COTA
 62
7
100
AcDbHatch
 10
0.0
 20
0.0
 30
0.0
210
0.0
220
0.0
230
1.0
  2
ANSI31
 70
0
 71
0
 91
1
 92
3
 72
0
 73
1
 93
4
 10
1746.0
 20
-46.0
 10
1962.0
 20
-46.0
 10
1962.0
 20
-39.0
 10
1746.0
 20
-39.0
 97
0
 75
1
 76
1
 52
0.0
 41
0.5
 77
0
 78
1
 53
45.0
 43
0.0
 44
0.0
 45
-1.1225320152
 46
1.1225320152
 79
0
 98
0
  0
LWPOLYLINE
  5
FF
330
17
100
AcDbEntity
  8
SCO-___-LAJ
100
AcDbPolyline
 90
4
 70
1
 10
1962.0
 20
-46.0
 10
2206.0
 20
-46.0
 10
2206.0
 20
-39.0
 10
1962.0
 20
-39.0
  0
HATCH
  5
100
330
17
100
AcDbEntity
  8
COTA
 62
7
100
AcDbHatch
 10
0.0
 20
0.0
 30
0.0
210
0.0
220
0.0
230
1.0
  2
ANSI31
 70
0
 71
0
 91
1
 92
3
 72
0
 73
1
 93
4
 10
1962.0
 20
-46.0
 10
2206.0
 20
-46.0
 10
2206.0
 20
-39.0
 10
1962.0
 20
-39.0
 97
0
 75
1
 76
1
 52
0.0
 41
0.5
 77
0
 78
1
 53
45.0
 43
0.0
 44
0.0
 45
-1.1225320152
 46
1.1225320152
 79
0
 98
0
  0
LWPOLYLINE
  5
101
330
17
100
AcDbEntity
  8
SCO-___-LAJ
100
AcDbPolyline
 90
4
 70
1
 10
2206.0
 20
-46.0
 10
2450.0
 20
-46.0
 10
2450.0
 20
-39.0
 10
2206.0
 20
-39.0
  0
HATCH
  5
102
330
17
100
AcDbEntity
  8
COTA
 62
7
100
AcDbHatch
 10
0.0
 20
0.0
 30
0.0
210
0.0
220
0.0
230
1.0
  2
ANSI31
 70
0
 71
0
 91
1
 92
3
 72
0
 73
1
 93
4
 10
2206.0
 20
-46.0
 10
2450.0
 20
-46.0
 10
2450.0
 20
-39.0
 10
2206.0
 20
-39.0
 97
0
 75
1
 76
1
 52
0.0
 41
0.5
 77
0
 78
1
 53
45.0
 43
0.0
 44
0.0
 45
-1.1225320152
 46
1.1225320152
 79
0
 98
0
  0
LWPOLYLINE
  5
103
330
17
100
AcDbEntity
  8
SCO-___-LAJ
100
AcDbPolyline
 90
4
 70
1
 10
2450.0
 20
-46.0
 10
2694.0
 20
-46.0
 10
2694.0
 20
-39.0
 10
2450.0
 20
-39.0
  0
HATCH
  5
104
330
17
100
AcDbEntity
  8
COTA
 62
7
100
AcDbHatch
 10
0.0
 20
0.0
 30
0.0
210
0.0
220
0.0
230
1.0
  2
ANSI31
 70
0
 71
0
 91
1
 92
3
 72
0
 73
1
 93
4
 10
2450.0
 20
-46.0
 10
2694.0
 20
-46.0
 10
2694.0
 20
-39.0
 10
2450.0
 20
-39.0
 97
0
 75
1
 76
1
 52
0.0
 41
0.5
 77
0
 78
1
 53
45.0
 43
0.0
 44
0.0
 45
-1.1225320152
 46
1.1225320152
 79
0
 98
0
  0
LWPOLYLINE
  5
105
330
17
100
AcDbEntity
  8
SCO-___-LAJ
100
AcDbPolyline
 90
4
 70
1
 10
2694.0
 20
-46.0
 10
2938.0
 20
-46.0
 10
2938.0
 20
-39.0
 10
2694.0
 20
-39.0
  0
HATCH
  5
106
330
17
100
AcDbEntity
  8
COTA
 62
7
100
AcDbHatch
 10
0.0
 20
0.0
 30
0.0
210
0.0
220
0.0
230
1.0
  2
ANSI31
 70
0
 71
0
 91
1
 92
3
 72
0
 73
1
 93
4
 10
2694.0
 20
-46.0
 10
2938.0
 20
-46.0
 10
2938.0
 20
-39.0
 10
2694.0
 20
-39.0
 97
0
 75
1
 76
1
 52
0.0
 41
0.5
 77
0
 78
1
 53
45.0
 43
0.0
 44
0.0
 45
-1.1225320152
 46
1.1225320152
 79
0
 98
0
  0
LWPOLYLINE
  5
107
330
17
100
AcDbEntity
  8
SCO-___-LAJ
100
AcDbPolyline
 90
4
 70
1
 10
2938.0
 20
-46.0
 10
3218.0
 20
-46.0
 10
3218.0
 20
-39.0
 10
2938.0
 20
-39.0
  0
HATCH
  5
108
330
17
100
AcDbEntity
  8
COTA
 62
7
100
AcDbHatch
 10
0.0
 20
0.0
 30
0.0
210
0.0
220
0.0
230
1.0
  2
ANSI31
 70
0
 71
0
 91
1
 92
3
 72
0
 73
1
 93
4
 10
2938.0
 20
-46.0
 10
3218.0
 20
-46.0
 10
3218.0
 20
-39.0
 10
2938.0
 20
-39.0
 97
0
 75
1
 76
1
 52
0.0
 41
0.5
 77
0
 78
1
 53
45.0
 43
0.0
 44
0.0
 45
-1.1225320152
 46
1.1225320152
 79
0
 98
0
  0
LWPOLYLINE
  5
109
330
17
100
AcDbEntity
  8
SCO-___-LAJ
100
AcDbPolyline
 90
4
 70
1
 10
3218.0
 20
-46.0
 10
3502.0
 20
-46.0
 10
3502.0
 20
-39.0
 10
3218.0
 20
-39.0
  0
HATCH
  5
10A
330
17
100
AcDbEntity
  8
COTA
 62
7
100
AcDbHatch
 10
0.0
 20
0.0
 30
0.0
210
0.0
220
0.0
230
1.0
  2
ANSI31
 70
0
 71
0
 91
1
 92
3
 72
0
 73
1
 93
4
 10
3218.0
 20
-46.0
 10
3502.0
 20
-46.0
 10
3502.0
 20
-39.0
 10
3218.0
 20
-39.0
 97
0
 75
1
 76
1
 52
0.0
 41
0.5
 77
0
 78
1
 53
45.0
 43
0.0
 44
0.0
 45
-1.1225320152
 46
1.1225320152
 79
0
 98
0
  0
LWPOLYLINE
  5
10B
330
17
100
AcDbEntity
  8
SCO-___-LAJ
100
AcDbPolyline
 90
4
 70
1
 10
197.0
 20
0.0
 10
237.0
 20
0.0
 10
237.0
 20
7.0
 10
197.0
 20
7.0
  0
HATCH
  5
10C
330
17
100
AcDbEntity
  8
COTA
 62
7
100
AcDbHatch
 10
0.0
 20
0.0
 30
0.0
210
0.0
220
0.0
230
1.0
  2
ANSI31
 70
0
 71
0
 91
1
 92
3
 72
0
 73
1
 93
4
 10
197.0
 20
0.0
 10
237.0
 20
0.0
 10
237.0
 20
7.0
 10
197.0
 20
7.0
 97
0
 75
1
 76
1
 52
0.0
 41
0.5
 77
0
 78
1
 53
45.0
 43
0.0
 44
0.0
 45
-1.1225320152
 46
1.1225320152
 79
0
 98
0
  0
LWPOLYLINE
  5
10D
330
17
100
AcDbEntity
  8
SCO-___-LAJ
100
AcDbPolyline
 90
4
 70
1
 10
237.0
 20
0.0
 10
285.0
 20
0.0
 10
285.0
 20
7.0
 10
237.0
 20
7.0
  0
HATCH
  5
10E
330
17
100
AcDbEntity
  8
COTA
 62
7
100
AcDbHatch
 10
0.0
 20
0.0
 30
0.0
210
0.0
220
0.0
230
1.0
  2
ANSI31
 70
0
 71
0
 91
1
 92
3
 72
0
 73
1
 93
4
 10
237.0
 20
0.0
 10
285.0
 20
0.0
 10
285.0
 20
7.0
 10
237.0
 20
7.0
 97
0
 75
1
 76
1
 52
0.0
 41
0.5
 77
0
 78
1
 53
45.0
 43
0.0
 44
0.0
 45
-1.1225320152
 46
1.1225320152
 79
0
 98
0
  0
LWPOLYLINE
  5
10F
330
17
100
AcDbEntity
  8
SCO-___-LAJ
100
AcDbPolyline
 90
4
 70
1
 10
285.0
 20
0.0
 10
341.0
 20
0.0
 10
341.0
 20
7.0
 10
285.0
 20
7.0
  0
HATCH
  5
110
330
17
100
AcDbEntity
  8
COTA
 62
7
100
AcDbHatch
 10
0.0
 20
0.0
 30
0.0
210
0.0
220
0.0
230
1.0
  2
ANSI31
 70
0
 71
0
 91
1
 92
3
 72
0
 73
1
 93
4
 10
285.0
 20
0.0
 10
341.0
 20
0.0
 10
341.0
 20
7.0
 10
285.0
 20
7.0
 97
0
 75
1
 76
1
 52
0.0
 41
0.5
 77
0
 78
1
 53
45.0
 43
0.0
 44
0.0
 45
-1.1225320152
 46
1.1225320152
 79
0
 98
0
  0
LWPOLYLINE
  5
111
330
17
100
AcDbEntity
  8
SCO-___-LAJ
100
AcDbPolyline
 90
4
 70
1
 10
341.0
 20
0.0
 10
398.0
 20
0.0
 10
398.0
 20
7.0
 10
341.0
 20
7.0
  0
HATCH
  5
112
330
17
100
AcDbEntity
  8
COTA
 62
7
100
AcDbHatch
 10
0.0
 20
0.0
 30
0.0
210
0.0
220
0.0
230
1.0
  2
ANSI31
 70
0
 71
0
 91
1
 92
3
 72
0
 73
1
 93
4
 10
341.0
 20
0.0
 10
398.0
 20
0.0
 10
398.0
 20
7.0
 10
341.0
 20
7.0
 97
0
 75
1
 76
1
 52
0.0
 41
0.5
 77
0
 78
1
 53
45.0
 43
0.0
 44
0.0
 45
-1.1225320152
 46
1.1225320152
 79
0
 98
0
  0
LWPOLYLINE
  5
113
330
17
100
AcDbEntity
  8
SCO-___-LAJ
100
AcDbPolyline
 90
4
 70
1
 10
398.0
 20
0.0
 10
459.0
 20
0.0
 10
459.0
 20
7.0
 10
398.0
 20
7.0
  0
HATCH
  5
114
330
17
100
AcDbEntity
  8
COTA
 62
7
100
AcDbHatch
 10
0.0
 20
0.0
 30
0.0
210
0.0
220
0.0
230
1.0
  2
ANSI31
 70
0
 71
0
 91
1
 92
3
 72
0
 73
1
 93
4
 10
398.0
 20
0.0
 10
459.0
 20
0.0
 10
459.0
 20
7.0
 10
398.0
 20
7.0
 97
0
 75
1
 76
1
 52
0.0
 41
0.5
 77
0
 78
1
 53
45.0
 43
0.0
 44
0.0
 45
-1.1225320152
 46
1.1225320152
 79
0
 98
0
  0
LWPOLYLINE
  5
115
330
17
100
AcDbEntity
  8
SCO-___-LAJ
100
AcDbPolyline
 90
4
 70
1
 10
459.0
 20
0.0
 10
525.0
 20
0.0
 10
525.0
 20
7.0
 10
459.0
 20
7.0
  0
HATCH
  5
116
330
17
100
AcDbEntity
  8
COTA
 62
7
100
AcDbHatch
 10
0.0
 20
0.0
 30
0.0
210
0.0
220
0.0
230
1.0
  2
ANSI31
 70
0
 71
0
 91
1
 92
3
 72
0
 73
1
 93
4
 10
459.0
 20
0.0
 10
525.0
 20
0.0
 10
525.0
 20
7.0
 10
459.0
 20
7.0
 97
0
 75
1
 76
1
 52
0.0
 41
0.5
 77
0
 78
1
 53
45.0
 43
0.0
 44
0.0
 45
-1.1225320152
 46
1.1225320152
 79
0
 98
0
  0
LWPOLYLINE
  5
117
330
17
100
AcDbEntity
  8
SCO-___-LAJ
100
AcDbPolyline
 90
4
 70
1
 10
525.0
 20
0.0
 10
593.0
 20
0.0
 10
593.0
 20
7.0
 10
525.0
 20
7.0
  0
HATCH
  5
118
330
17
100
AcDbEntity
  8
COTA
 62
7
100
AcDbHatch
 10
0.0
 20
0.0
 30
0.0
210
0.0
220
0.0
230
1.0
  2
ANSI31
 70
0
 71
0
 91
1
 92
3
 72
0
 73
1
 93
4
 10
525.0
 20
0.0
 10
593.0
 20
0.0
 10
593.0
 20
7.0
 10
525.0
 20
7.0
 97
0
 75
1
 76
1
 52
0.0
 41
0.5
 77
0
 78
1
 53
45.0
 43
0.0
 44
0.0
 45
-1.1225320152
 46
1.1225320152
 79
0
 98
0
  0
LWPOLYLINE
  5
119
330
17
100
AcDbEntity
  8
SCO-___-LAJ
100
AcDbPolyline
 90
4
 70
1
 10
593.0
 20
0.0
 10
671.0
 20
0.0
 10
671.0
 20
7.0
 10
593.0
 20
7.0
  0
HATCH
  5
11A
330
17
100
AcDbEntity
  8
COTA
 62
7
100
AcDbHatch
 10
0.0
 20
0.0
 30
0.0
210
0.0
220
0.0
230
1.0
  2
ANSI31
 70
0
 71
0
 91
1
 92
3
 72
0
 73
1
 93
4
 10
593.0
 20
0.0
 10
671.0
 20
0.0
 10
671.0
 20
7.0
 10
593.0
 20
7.0
 97
0
 75
1
 76
1
 52
0.0
 41
0.5
 77
0
 78
1
 53
45.0
 43
0.0
 44
0.0
 45
-1.1225320152
 46
1.1225320152
 79
0
 98
0
  0
LWPOLYLINE
  5
11B
330
17
100
AcDbEntity
  8
SCO-___-LAJ
100
AcDbPolyline
 90
4
 70
1
 10
671.0
 20
0.0
 10
773.0
 20
0.0
 10
773.0
 20
7.0
 10
671.0
 20
7.0
  0
HATCH
  5
11C
330
17
100
AcDbEntity
  8
COTA
 62
7
100
AcDbHatch
 10
0.0
 20
0.0
 30
0.0
210
0.0
220
0.0
230
1.0
  2
ANSI31
 70
0
 71
0
 91
1
 92
3
 72
0
 73
1
 93
4
 10
671.0
 20
0.0
 10
773.0
 20
0.0
 10
773.0
 20
7.0
 10
671.0
 20
7.0
 97
0
 75
1
 76
1
 52
0.0
 41
0.5
 77
0
 78
1
 53
45.0
 43
0.0
 44
0.0
 45
-1.1225320152
 46
1.1225320152
 79
0
 98
0
  0
LWPOLYLINE
  5
11D
330
17
100
AcDbEntity
  8
SCO-___-LAJ
100
AcDbPolyline
 90
4
 70
1
 10
773.0
 20
0.0
 10
884.0
 20
0.0
 10
884.0
 20
7.0
 10
773.0
 20
7.0
  0
HATCH
  5
11E
330
17
100
AcDbEntity
  8
COTA
 62
7
100
AcDbHatch
 10
0.0
 20
0.0
 30
0.0
210
0.0
220
0.0
230
1.0
  2
ANSI31
 70
0
 71
0
 91
1
 92
3
 72
0
 73
1
 93
4
 10
773.0
 20
0.0
 10
884.0
 20
0.0
 10
884.0
 20
7.0
 10
773.0
 20
7.0
 97
0
 75
1
 76
1
 52
0.0
 41
0.5
 77
0
 78
1
 53
45.0
 43
0.0
 44
0.0
 45
-1.1225320152
 46
1.1225320152
 79
0
 98
0
  0
LWPOLYLINE
  5
11F
330
17
100
AcDbEntity
  8
SCO-___-LAJ
100
AcDbPolyline
 90
4
 70
1
 10
884.0
 20
0.0
 10
1001.0
 20
0.0
 10
1001.0
 20
7.0
 10
884.0
 20
7.0
  0
HATCH
  5
120
330
17
100
AcDbEntity
  8
COTA
 62
7
100
AcDbHatch
 10
0.0
 20
0.0
 30
0.0
210
0.0
220
0.0
230
1.0
  2
ANSI31
 70
0
 71
0
 91
1
 92
3
 72
0
 73
1
 93
4
 10
884.0
 20
0.0
 10
1001.0
 20
0.0
 10
1001.0
 20
7.0
 10
884.0
 20
7.0
 97
0
 75
1
 76
1
 52
0.0
 41
0.5
 77
0
 78
1
 53
45.0
 43
0.0
 44
0.0
 45
-1.1225320152
 46
1.1225320152
 79
0
 98
0
  0
LWPOLYLINE
  5
121
330
17
100
AcDbEntity
  8
SCO-___-LAJ
100
AcDbPolyline
 90
4
 70
1
 10
1001.0
 20
0.0
 10
1123.0
 20
0.0
 10
1123.0
 20
7.0
 10
1001.0
 20
7.0
  0
HATCH
  5
122
330
17
100
AcDbEntity
  8
COTA
 62
7
100
AcDbHatch
 10
0.0
 20
0.0
 30
0.0
210
0.0
220
0.0
230
1.0
  2
ANSI31
 70
0
 71
0
 91
1
 92
3
 72
0
 73
1
 93
4
 10
1001.0
 20
0.0
 10
1123.0
 20
0.0
 10
1123.0
 20
7.0
 10
1001.0
 20
7.0
 97
0
 75
1
 76
1
 52
0.0
 41
0.5
 77
0
 78
1
 53
45.0
 43
0.0
 44
0.0
 45
-1.1225320152
 46
1.1225320152
 79
0
 98
0
  0
LWPOLYLINE
  5
123
330
17
100
AcDbEntity
  8
SCO-___-LAJ
100
AcDbPolyline
 90
4
 70
1
 10
1123.0
 20
0.0
 10
1319.0
 20
0.0
 10
1319.0
 20
7.0
 10
1123.0
 20
7.0
  0
HATCH
  5
124
330
17
100
AcDbEntity
  8
COTA
 62
7
100
AcDbHatch
 10
0.0
 20
0.0
 30
0.0
210
0.0
220
0.0
230
1.0
  2
ANSI31
 70
0
 71
0
 91
1
 92
3
 72
0
 73
1
 93
4
 10
1123.0
 20
0.0
 10
1319.0
 20
0.0
 10
1319.0
 20
7.0
 10
1123.0
 20
7.0
 97
0
 75
1
 76
1
 52
0.0
 41
0.5
 77
0
 78
1
 53
45.0
 43
0.0
 44
0.0
 45
-1.1225320152
 46
1.1225320152
 79
0
 98
0
  0
LWPOLYLINE
  5
125
330
17
100
AcDbEntity
  8
SCO-___-LAJ
100
AcDbPolyline
 90
4
 70
1
 10
1319.0
 20
0.0
 10
1530.0
 20
0.0
 10
1530.0
 20
7.0
 10
1319.0
 20
7.0
  0
HATCH
  5
126
330
17
100
AcDbEntity
  8
COTA
 62
7
100
AcDbHatch
 10
0.0
 20
0.0
 30
0.0
210
0.0
220
0.0
230
1.0
  2
ANSI31
 70
0
 71
0
 91
1
 92
3
 72
0
 73
1
 93
4
 10
1319.0
 20
0.0
 10
1530.0
 20
0.0
 10
1530.0
 20
7.0
 10
1319.0
 20
7.0
 97
0
 75
1
 76
1
 52
0.0
 41
0.5
 77
0
 78
1
 53
45.0
 43
0.0
 44
0.0
 45
-1.1225320152
 46
1.1225320152
 79
0
 98
0
  0
LWPOLYLINE
  5
127
330
17
100
AcDbEntity
  8
SCO-___-LAJ
100
AcDbPolyline
 90
4
 70
1
 10
1530.0
 20
0.0
 10
1746.0
 20
0.0
 10
1746.0
 20
7.0
 10
1530.0
 20
7.0
  0
HATCH
  5
128
330
17
100
AcDbEntity
  8
COTA
 62
7
100
AcDbHatch
 10
0.0
 20
0.0
 30
0.0
210
0.0
220
0.0
230
1.0
  2
ANSI31
 70
0
 71
0
 91
1
 92
3
 72
0
 73
1
 93
4
 10
1530.0
 20
0.0
 10
1746.0
 20
0.0
 10
1746.0
 20
7.0
 10
1530.0
 20
7.0
 97
0
 75
1
 76
1
 52
0.0
 41
0.5
 77
0
 78
1
 53
45.0
 43
0.0
 44
0.0
 45
-1.1225320152
 46
1.1225320152
 79
0
 98
0
  0
LWPOLYLINE
  5
129
330
17
100
AcDbEntity
  8
SCO-___-LAJ
100
AcDbPolyline
 90
4
 70
1
 10
1746.0
 20
0.0
 10
1962.0
 20
0.0
 10
1962.0
 20
7.0
 10
1746.0
 20
7.0
  0
HATCH
  5
12A
330
17
100
AcDbEntity
  8
COTA
 62
7
100
AcDbHatch
 10
0.0
 20
0.0
 30
0.0
210
0.0
220
0.0
230
1.0
  2
ANSI31
 70
0
 71
0
 91
1
 92
3
 72
0
 73
1
 93
4
 10
1746.0
 20
0.0
 10
1962.0
 20
0.0
 10
1962.0
 20
7.0
 10
1746.0
 20
7.0
 97
0
 75
1
 76
1
 52
0.0
 41
0.5
 77
0
 78
1
 53
45.0
 43
0.0
 44
0.0
 45
-1.1225320152
 46
1.1225320152
 79
0
 98
0
  0
LWPOLYLINE
  5
12B
330
17
100
AcDbEntity
  8
SCO-___-LAJ
100
AcDbPolyline
 90
4
 70
1
 10
1962.0
 20
0.0
 10
2206.0
 20
0.0
 10
2206.0
 20
7.0
 10
1962.0
 20
7.0
  0
HATCH
  5
12C
330
17
100
AcDbEntity
  8
COTA
 62
7
100
AcDbHatch
 10
0.0
 20
0.0
 30
0.0
210
0.0
220
0.0
230
1.0
  2
ANSI31
 70
0
 71
0
 91
1
 92
3
 72
0
 73
1
 93
4
 10
1962.0
 20
0.0
 10
2206.0
 20
0.0
 10
2206.0
 20
7.0
 10
1962.0
 20
7.0
 97
0
 75
1
 76
1
 52
0.0
 41
0.5
 77
0
 78
1
 53
45.0
 43
0.0
 44
0.0
 45
-1.1225320152
 46
1.1225320152
 79
0
 98
0
  0
LWPOLYLINE
  5
12D
330
17
100
AcDbEntity
  8
SCO-___-LAJ
100
AcDbPolyline
 90
4
 70
1
 10
2206.0
 20
0.0
 10
2450.0
 20
0.0
 10
2450.0
 20
7.0
 10
2206.0
 20
7.0
  0
HATCH
  5
12E
330
17
100
AcDbEntity
  8
COTA
 62
7
100
AcDbHatch
 10
0.0
 20
0.0
 30
0.0
210
0.0
220
0.0
230
1.0
  2
ANSI31
 70
0
 71
0
 91
1
 92
3
 72
0
 73
1
 93
4
 10
2206.0
 20
0.0
 10
2450.0
 20
0.0
 10
2450.0
 20
7.0
 10
2206.0
 20
7.0
 97
0
 75
1
 76
1
 52
0.0
 41
0.5
 77
0
 78
1
 53
45.0
 43
0.0
 44
0.0
 45
-1.1225320152
 46
1.1225320152
 79
0
 98
0
  0
LWPOLYLINE
  5
12F
330
17
100
AcDbEntity
  8
SCO-___-LAJ
100
AcDbPolyline
 90
4
 70
1
 10
2450.0
 20
0.0
 10
2694.0
 20
0.0
 10
2694.0
 20
7.0
 10
2450.0
 20
7.0
  0
HATCH
  5
130
330
17
100
AcDbEntity
  8
COTA
 62
7
100
AcDbHatch
 10
0.0
 20
0.0
 30
0.0
210
0.0
220
0.0
230
1.0
  2
ANSI31
 70
0
 71
0
 91
1
 92
3
 72
0
 73
1
 93
4
 10
2450.0
 20
0.0
 10
2694.0
 20
0.0
 10
2694.0
 20
7.0
 10
2450.0
 20
7.0
 97
0
 75
1
 76
1
 52
0.0
 41
0.5
 77
0
 78
1
 53
45.0
 43
0.0
 44
0.0
 45
-1.1225320152
 46
1.1225320152
 79
0
 98
0
  0
LWPOLYLINE
  5
131
330
17
100
AcDbEntity
  8
SCO-___-LAJ
100
AcDbPolyline
 90
4
 70
1
 10
2694.0
 20
0.0
 10
2938.0
 20
0.0
 10
2938.0
 20
7.0
 10
2694.0
 20
7.0
  0
HATCH
  5
132
330
17
100
AcDbEntity
  8
COTA
 62
7
100
AcDbHatch
 10
0.0
 20
0.0
 30
0.0
210
0.0
220
0.0
230
1.0
  2
ANSI31
 70
0
 71
0
 91
1
 92
3
 72
0
 73
1
 93
4
 10
2694.0
 20
0.0
 10
2938.0
 20
0.0
 10
2938.0
 20
7.0
 10
2694.0
 20
7.0
 97
0
 75
1
 76
1
 52
0.0
 41
0.5
 77
0
 78
1
 53
45.0
 43
0.0
 44
0.0
 45
-1.1225320152
 46
1.1225320152
 79
0
 98
0
  0
LWPOLYLINE
  5
133
330
17
100
AcDbEntity
  8
SCO-___-LAJ
100
AcDbPolyline
 90
4
 70
1
 10
2938.0
 20
0.0
 10
3218.0
 20
0.0
 10
3218.0
 20
7.0
 10
2938.0
 20
7.0
  0
HATCH
  5
134
330
17
100
AcDbEntity
  8
COTA
 62
7
100
AcDbHatch
 10
0.0
 20
0.0
 30
0.0
210
0.0
220
0.0
230
1.0
  2
ANSI31
 70
0
 71
0
 91
1
 92
3
 72
0
 73
1
 93
4
 10
2938.0
 20
0.0
 10
3218.0
 20
0.0
 10
3218.0
 20
7.0
 10
2938.0
 20
7.0
 97
0
 75
1
 76
1
 52
0.0
 41
0.5
 77
0
 78
1
 53
45.0
 43
0.0
 44
0.0
 45
-1.1225320152
 46
1.1225320152
 79
0
 98
0
  0
LWPOLYLINE
  5
135
330
17
100
AcDbEntity
  8
SCO-___-LAJ
100
AcDbPolyline
 90
4
 70
1
 10
3218.0
 20
0.0
 10
3502.0
 20
0.0
 10
3502.0
 20
7.0
 10
3218.0
 20
7.0
  0
HATCH
  5
136
330
17
100
AcDbEntity
  8
COTA
 62
7
100
AcDbHatch
 10
0.0
 20
0.0
 30
0.0
210
0.0
220
0.0
230
1.0
  2
ANSI31
 70
0
 71
0
 91
1
 92
3
 72
0
 73
1
 93
4
 10
3218.0
 20
0.0
 10
3502.0
 20
0.0
 10
3502.0
 20
7.0
 10
3218.0
 20
7.0
 97
0
 75
1
 76
1
 52
0.0
 41
0.5
 77
0
 78
1
 53
45.0
 43
0.0
 44
0.0
 45
-1.1225320152
 46
1.1225320152
 79
0
 98
0
  0
LINE
  5
137
330
17
100
AcDbEntity
  8
Painéis
100
AcDbLine
 10
197.0
 20
-39.0
 30
0.0
 11
237.0
 21
-39.0
 31
0.0
  0
LINE
  5
138
330
17
100
AcDbEntity
  8
Painéis
100
AcDbLine
 10
197.0
 20
0.0
 30
0.0
 11
237.0
 21
0.0
 31
0.0
  0
LINE
  5
139
330
17
100
AcDbEntity
  8
Painéis
100
AcDbLine
 10
197.0
 20
-39.0
 30
0.0
 11
197.0
 21
0.0
 31
0.0
  0
LINE
  5
13A
330
17
100
AcDbEntity
  8
Painéis
100
AcDbLine
 10
237.0
 20
-39.0
 30
0.0
 11
237.0
 21
0.0
 31
0.0
  0
LINE
  5
13B
330
17
100
AcDbEntity
  8
Painéis
100
AcDbLine
 10
237.0
 20
-39.0
 30
0.0
 11
237.0
 21
0.0
 31
0.0
  0
LINE
  5
13C
330
17
100
AcDbEntity
  8
Painéis
100
AcDbLine
 10
237.0
 20
-39.0
 30
0.0
 11
285.0
 21
-39.0
 31
0.0
  0
LINE
  5
13D
330
17
100
AcDbEntity
  8
Painéis
100
AcDbLine
 10
237.0
 20
0.0
 30
0.0
 11
285.0
 21
0.0
 31
0.0
  0
LINE
  5
13E
330
17
100
AcDbEntity
  8
Painéis
100
AcDbLine
 10
237.0
 20
-39.0
 30
0.0
 11
237.0
 21
0.0
 31
0.0
  0
LINE
  5
13F
330
17
100
AcDbEntity
  8
Painéis
100
AcDbLine
 10
285.0
 20
-39.0
 30
0.0
 11
285.0
 21
0.0
 31
0.0
  0
LINE
  5
140
330
17
100
AcDbEntity
  8
Painéis
100
AcDbLine
 10
285.0
 20
-39.0
 30
0.0
 11
285.0
 21
0.0
 31
0.0
  0
LINE
  5
141
330
17
100
AcDbEntity
  8
Painéis
100
AcDbLine
 10
285.0
 20
-39.0
 30
0.0
 11
341.0
 21
-39.0
 31
0.0
  0
LINE
  5
142
330
17
100
AcDbEntity
  8
Painéis
100
AcDbLine
 10
285.0
 20
0.0
 30
0.0
 11
341.0
 21
0.0
 31
0.0
  0
LINE
  5
143
330
17
100
AcDbEntity
  8
Painéis
100
AcDbLine
 10
285.0
 20
-39.0
 30
0.0
 11
285.0
 21
0.0
 31
0.0
  0
LINE
  5
144
330
17
100
AcDbEntity
  8
Painéis
100
AcDbLine
 10
341.0
 20
-39.0
 30
0.0
 11
341.0
 21
0.0
 31
0.0
  0
LINE
  5
145
330
17
100
AcDbEntity
  8
Painéis
100
AcDbLine
 10
341.0
 20
-39.0
 30
0.0
 11
341.0
 21
0.0
 31
0.0
  0
LINE
  5
146
330
17
100
AcDbEntity
  8
Painéis
100
AcDbLine
 10
341.0
 20
-39.0
 30
0.0
 11
398.0
 21
-39.0
 31
0.0
  0
LINE
  5
147
330
17
100
AcDbEntity
  8
Painéis
100
AcDbLine
 10
341.0
 20
0.0
 30
0.0
 11
398.0
 21
0.0
 31
0.0
  0
LINE
  5
148
330
17
100
AcDbEntity
  8
Painéis
100
AcDbLine
 10
341.0
 20
-39.0
 30
0.0
 11
341.0
 21
0.0
 31
0.0
  0
LINE
  5
149
330
17
100
AcDbEntity
  8
Painéis
100
AcDbLine
 10
398.0
 20
-39.0
 30
0.0
 11
398.0
 21
0.0
 31
0.0
  0
LINE
  5
14A
330
17
100
AcDbEntity
  8
Painéis
100
AcDbLine
 10
398.0
 20
-39.0
 30
0.0
 11
398.0
 21
0.0
 31
0.0
  0
LINE
  5
14B
330
17
100
AcDbEntity
  8
Painéis
100
AcDbLine
 10
398.0
 20
-39.0
 30
0.0
 11
459.0
 21
-39.0
 31
0.0
  0
LINE
  5
14C
330
17
100
AcDbEntity
  8
Painéis
100
AcDbLine
 10
398.0
 20
0.0
 30
0.0
 11
459.0
 21
0.0
 31
0.0
  0
LINE
  5
14D
330
17
100
AcDbEntity
  8
Painéis
100
AcDbLine
 10
398.0
 20
-39.0
 30
0.0
 11
398.0
 21
0.0
 31
0.0
  0
LINE
  5
14E
330
17
100
AcDbEntity
  8
Painéis
100
AcDbLine
 10
459.0
 20
-39.0
 30
0.0
 11
459.0
 21
0.0
 31
0.0
  0
LINE
  5
14F
330
17
100
AcDbEntity
  8
Painéis
100
AcDbLine
 10
459.0
 20
-39.0
 30
0.0
 11
459.0
 21
0.0
 31
0.0
  0
LINE
  5
150
330
17
100
AcDbEntity
  8
Painéis
100
AcDbLine
 10
459.0
 20
-39.0
 30
0.0
 11
525.0
 21
-39.0
 31
0.0
  0
LINE
  5
151
330
17
100
AcDbEntity
  8
Painéis
100
AcDbLine
 10
459.0
 20
0.0
 30
0.0
 11
525.0
 21
0.0
 31
0.0
  0
LINE
  5
152
330
17
100
AcDbEntity
  8
Painéis
100
AcDbLine
 10
459.0
 20
-39.0
 30
0.0
 11
459.0
 21
0.0
 31
0.0
  0
LINE
  5
153
330
17
100
AcDbEntity
  8
Painéis
100
AcDbLine
 10
525.0
 20
-39.0
 30
0.0
 11
525.0
 21
0.0
 31
0.0
  0
LINE
  5
154
330
17
100
AcDbEntity
  8
Painéis
100
AcDbLine
 10
525.0
 20
-39.0
 30
0.0
 11
525.0
 21
0.0
 31
0.0
  0
LINE
  5
155
330
17
100
AcDbEntity
  8
Painéis
100
AcDbLine
 10
525.0
 20
-39.0
 30
0.0
 11
593.0
 21
-39.0
 31
0.0
  0
LINE
  5
156
330
17
100
AcDbEntity
  8
Painéis
100
AcDbLine
 10
525.0
 20
0.0
 30
0.0
 11
593.0
 21
0.0
 31
0.0
  0
LINE
  5
157
330
17
100
AcDbEntity
  8
Painéis
100
AcDbLine
 10
525.0
 20
-39.0
 30
0.0
 11
525.0
 21
0.0
 31
0.0
  0
LINE
  5
158
330
17
100
AcDbEntity
  8
Painéis
100
AcDbLine
 10
593.0
 20
-39.0
 30
0.0
 11
593.0
 21
0.0
 31
0.0
  0
LINE
  5
159
330
17
100
AcDbEntity
  8
Painéis
100
AcDbLine
 10
593.0
 20
-39.0
 30
0.0
 11
593.0
 21
0.0
 31
0.0
  0
LINE
  5
15A
330
17
100
AcDbEntity
  8
Painéis
100
AcDbLine
 10
593.0
 20
-39.0
 30
0.0
 11
671.0
 21
-39.0
 31
0.0
  0
LINE
  5
15B
330
17
100
AcDbEntity
  8
Painéis
100
AcDbLine
 10
593.0
 20
0.0
 30
0.0
 11
671.0
 21
0.0
 31
0.0
  0
LINE
  5
15C
330
17
100
AcDbEntity
  8
Painéis
100
AcDbLine
 10
593.0
 20
-39.0
 30
0.0
 11
593.0
 21
0.0
 31
0.0
  0
LINE
  5
15D
330
17
100
AcDbEntity
  8
Painéis
100
AcDbLine
 10
671.0
 20
-39.0
 30
0.0
 11
671.0
 21
0.0
 31
0.0
  0
LINE
  5
15E
330
17
100
AcDbEntity
  8
Painéis
100
AcDbLine
 10
671.0
 20
-39.0
 30
0.0
 11
671.0
 21
0.0
 31
0.0
  0
LINE
  5
15F
330
17
100
AcDbEntity
  8
Painéis
100
AcDbLine
 10
671.0
 20
-39.0
 30
0.0
 11
773.0
 21
-39.0
 31
0.0
  0
LINE
  5
160
330
17
100
AcDbEntity
  8
Painéis
100
AcDbLine
 10
671.0
 20
0.0
 30
0.0
 11
773.0
 21
0.0
 31
0.0
  0
LINE
  5
161
330
17
100
AcDbEntity
  8
Painéis
100
AcDbLine
 10
671.0
 20
-39.0
 30
0.0
 11
671.0
 21
0.0
 31
0.0
  0
LINE
  5
162
330
17
100
AcDbEntity
  8
Painéis
100
AcDbLine
 10
773.0
 20
-39.0
 30
0.0
 11
773.0
 21
0.0
 31
0.0
  0
LINE
  5
163
330
17
100
AcDbEntity
  8
Painéis
100
AcDbLine
 10
773.0
 20
-39.0
 30
0.0
 11
773.0
 21
0.0
 31
0.0
  0
LINE
  5
164
330
17
100
AcDbEntity
  8
Painéis
100
AcDbLine
 10
773.0
 20
-39.0
 30
0.0
 11
884.0
 21
-39.0
 31
0.0
  0
LINE
  5
165
330
17
100
AcDbEntity
  8
Painéis
100
AcDbLine
 10
773.0
 20
0.0
 30
0.0
 11
884.0
 21
0.0
 31
0.0
  0
LINE
  5
166
330
17
100
AcDbEntity
  8
Painéis
100
AcDbLine
 10
773.0
 20
-39.0
 30
0.0
 11
773.0
 21
0.0
 31
0.0
  0
LINE
  5
167
330
17
100
AcDbEntity
  8
Painéis
100
AcDbLine
 10
884.0
 20
-39.0
 30
0.0
 11
884.0
 21
0.0
 31
0.0
  0
LINE
  5
168
330
17
100
AcDbEntity
  8
Painéis
100
AcDbLine
 10
884.0
 20
-39.0
 30
0.0
 11
884.0
 21
0.0
 31
0.0
  0
LINE
  5
169
330
17
100
AcDbEntity
  8
Painéis
100
AcDbLine
 10
884.0
 20
-39.0
 30
0.0
 11
1001.0
 21
-39.0
 31
0.0
  0
LINE
  5
16A
330
17
100
AcDbEntity
  8
Painéis
100
AcDbLine
 10
884.0
 20
0.0
 30
0.0
 11
1001.0
 21
0.0
 31
0.0
  0
LINE
  5
16B
330
17
100
AcDbEntity
  8
Painéis
100
AcDbLine
 10
884.0
 20
-39.0
 30
0.0
 11
884.0
 21
0.0
 31
0.0
  0
LINE
  5
16C
330
17
100
AcDbEntity
  8
Painéis
100
AcDbLine
 10
1001.0
 20
-39.0
 30
0.0
 11
1001.0
 21
0.0
 31
0.0
  0
LINE
  5
16D
330
17
100
AcDbEntity
  8
Painéis
100
AcDbLine
 10
1001.0
 20
-39.0
 30
0.0
 11
1001.0
 21
0.0
 31
0.0
  0
LINE
  5
16E
330
17
100
AcDbEntity
  8
Painéis
100
AcDbLine
 10
1001.0
 20
-39.0
 30
0.0
 11
1123.0
 21
-39.0
 31
0.0
  0
LINE
  5
16F
330
17
100
AcDbEntity
  8
Painéis
100
AcDbLine
 10
1001.0
 20
0.0
 30
0.0
 11
1123.0
 21
0.0
 31
0.0
  0
LINE
  5
170
330
17
100
AcDbEntity
  8
Painéis
100
AcDbLine
 10
1001.0
 20
-39.0
 30
0.0
 11
1001.0
 21
0.0
 31
0.0
  0
LINE
  5
171
330
17
100
AcDbEntity
  8
Painéis
100
AcDbLine
 10
1123.0
 20
-39.0
 30
0.0
 11
1123.0
 21
0.0
 31
0.0
  0
LINE
  5
172
330
17
100
AcDbEntity
  8
Painéis
100
AcDbLine
 10
1123.0
 20
-39.0
 30
0.0
 11
1123.0
 21
0.0
 31
0.0
  0
LINE
  5
173
330
17
100
AcDbEntity
  8
Painéis
100
AcDbLine
 10
1123.0
 20
-39.0
 30
0.0
 11
1319.0
 21
-39.0
 31
0.0
  0
LINE
  5
174
330
17
100
AcDbEntity
  8
Painéis
100
AcDbLine
 10
1123.0
 20
0.0
 30
0.0
 11
1319.0
 21
0.0
 31
0.0
  0
LINE
  5
175
330
17
100
AcDbEntity
  8
Painéis
100
AcDbLine
 10
1123.0
 20
-39.0
 30
0.0
 11
1123.0
 21
0.0
 31
0.0
  0
LINE
  5
176
330
17
100
AcDbEntity
  8
Painéis
100
AcDbLine
 10
1319.0
 20
-39.0
 30
0.0
 11
1319.0
 21
0.0
 31
0.0
  0
LINE
  5
177
330
17
100
AcDbEntity
  8
Painéis
100
AcDbLine
 10
1319.0
 20
-39.0
 30
0.0
 11
1319.0
 21
0.0
 31
0.0
  0
LINE
  5
178
330
17
100
AcDbEntity
  8
Painéis
100
AcDbLine
 10
1319.0
 20
-39.0
 30
0.0
 11
1530.0
 21
-39.0
 31
0.0
  0
LINE
  5
179
330
17
100
AcDbEntity
  8
Painéis
100
AcDbLine
 10
1319.0
 20
0.0
 30
0.0
 11
1530.0
 21
0.0
 31
0.0
  0
LINE
  5
17A
330
17
100
AcDbEntity
  8
Painéis
100
AcDbLine
 10
1319.0
 20
-39.0
 30
0.0
 11
1319.0
 21
0.0
 31
0.0
  0
LINE
  5
17B
330
17
100
AcDbEntity
  8
Painéis
100
AcDbLine
 10
1530.0
 20
-39.0
 30
0.0
 11
1530.0
 21
0.0
 31
0.0
  0
LINE
  5
17C
330
17
100
AcDbEntity
  8
Painéis
100
AcDbLine
 10
1530.0
 20
-39.0
 30
0.0
 11
1530.0
 21
0.0
 31
0.0
  0
LINE
  5
17D
330
17
100
AcDbEntity
  8
Painéis
100
AcDbLine
 10
1530.0
 20
-39.0
 30
0.0
 11
1746.0
 21
-39.0
 31
0.0
  0
LINE
  5
17E
330
17
100
AcDbEntity
  8
Painéis
100
AcDbLine
 10
1530.0
 20
0.0
 30
0.0
 11
1746.0
 21
0.0
 31
0.0
  0
LINE
  5
17F
330
17
100
AcDbEntity
  8
Painéis
100
AcDbLine
 10
1530.0
 20
-39.0
 30
0.0
 11
1530.0
 21
0.0
 31
0.0
  0
LINE
  5
180
330
17
100
AcDbEntity
  8
Painéis
100
AcDbLine
 10
1746.0
 20
-39.0
 30
0.0
 11
1746.0
 21
0.0
 31
0.0
  0
LINE
  5
181
330
17
100
AcDbEntity
  8
Painéis
100
AcDbLine
 10
1746.0
 20
-39.0
 30
0.0
 11
1746.0
 21
0.0
 31
0.0
  0
LINE
  5
182
330
17
100
AcDbEntity
  8
Painéis
100
AcDbLine
 10
1746.0
 20
-39.0
 30
0.0
 11
1962.0
 21
-39.0
 31
0.0
  0
LINE
  5
183
330
17
100
AcDbEntity
  8
Painéis
100
AcDbLine
 10
1746.0
 20
0.0
 30
0.0
 11
1962.0
 21
0.0
 31
0.0
  0
LINE
  5
184
330
17
100
AcDbEntity
  8
Painéis
100
AcDbLine
 10
1746.0
 20
-39.0
 30
0.0
 11
1746.0
 21
0.0
 31
0.0
  0
LINE
  5
185
330
17
100
AcDbEntity
  8
Painéis
100
AcDbLine
 10
1962.0
 20
-39.0
 30
0.0
 11
1962.0
 21
0.0
 31
0.0
  0
LINE
  5
186
330
17
100
AcDbEntity
  8
Painéis
100
AcDbLine
 10
1962.0
 20
-39.0
 30
0.0
 11
1962.0
 21
0.0
 31
0.0
  0
LINE
  5
187
330
17
100
AcDbEntity
  8
Painéis
100
AcDbLine
 10
1962.0
 20
-39.0
 30
0.0
 11
2206.0
 21
-39.0
 31
0.0
  0
LINE
  5
188
330
17
100
AcDbEntity
  8
Painéis
100
AcDbLine
 10
1962.0
 20
0.0
 30
0.0
 11
2206.0
 21
0.0
 31
0.0
  0
LINE
  5
189
330
17
100
AcDbEntity
  8
Painéis
100
AcDbLine
 10
1962.0
 20
-39.0
 30
0.0
 11
1962.0
 21
0.0
 31
0.0
  0
LINE
  5
18A
330
17
100
AcDbEntity
  8
Painéis
100
AcDbLine
 10
2206.0
 20
-39.0
 30
0.0
 11
2206.0
 21
0.0
 31
0.0
  0
LINE
  5
18B
330
17
100
AcDbEntity
  8
Painéis
100
AcDbLine
 10
2206.0
 20
-39.0
 30
0.0
 11
2206.0
 21
0.0
 31
0.0
  0
LINE
  5
18C
330
17
100
AcDbEntity
  8
Painéis
100
AcDbLine
 10
2206.0
 20
-39.0
 30
0.0
 11
2450.0
 21
-39.0
 31
0.0
  0
LINE
  5
18D
330
17
100
AcDbEntity
  8
Painéis
100
AcDbLine
 10
2206.0
 20
0.0
 30
0.0
 11
2450.0
 21
0.0
 31
0.0
  0
LINE
  5
18E
330
17
100
AcDbEntity
  8
Painéis
100
AcDbLine
 10
2206.0
 20
-39.0
 30
0.0
 11
2206.0
 21
0.0
 31
0.0
  0
LINE
  5
18F
330
17
100
AcDbEntity
  8
Painéis
100
AcDbLine
 10
2450.0
 20
-39.0
 30
0.0
 11
2450.0
 21
0.0
 31
0.0
  0
LINE
  5
190
330
17
100
AcDbEntity
  8
Painéis
100
AcDbLine
 10
2450.0
 20
-39.0
 30
0.0
 11
2450.0
 21
0.0
 31
0.0
  0
LINE
  5
191
330
17
100
AcDbEntity
  8
Painéis
100
AcDbLine
 10
2450.0
 20
-39.0
 30
0.0
 11
2694.0
 21
-39.0
 31
0.0
  0
LINE
  5
192
330
17
100
AcDbEntity
  8
Painéis
100
AcDbLine
 10
2450.0
 20
0.0
 30
0.0
 11
2694.0
 21
0.0
 31
0.0
  0
LINE
  5
193
330
17
100
AcDbEntity
  8
Painéis
100
AcDbLine
 10
2450.0
 20
-39.0
 30
0.0
 11
2450.0
 21
0.0
 31
0.0
  0
LINE
  5
194
330
17
100
AcDbEntity
  8
Painéis
100
AcDbLine
 10
2694.0
 20
-39.0
 30
0.0
 11
2694.0
 21
0.0
 31
0.0
  0
LINE
  5
195
330
17
100
AcDbEntity
  8
Painéis
100
AcDbLine
 10
2694.0
 20
-39.0
 30
0.0
 11
2694.0
 21
0.0
 31
0.0
  0
LINE
  5
196
330
17
100
AcDbEntity
  8
Painéis
100
AcDbLine
 10
2694.0
 20
-39.0
 30
0.0
 11
2938.0
 21
-39.0
 31
0.0
  0
LINE
  5
197
330
17
100
AcDbEntity
  8
Painéis
100
AcDbLine
 10
2694.0
 20
0.0
 30
0.0
 11
2938.0
 21
0.0
 31
0.0
  0
LINE
  5
198
330
17
100
AcDbEntity
  8
Painéis
100
AcDbLine
 10
2694.0
 20
-39.0
 30
0.0
 11
2694.0
 21
0.0
 31
0.0
  0
LINE
  5
199
330
17
100
AcDbEntity
  8
Painéis
100
AcDbLine
 10
2938.0
 20
-39.0
 30
0.0
 11
2938.0
 21
0.0
 31
0.0
  0
LINE
  5
19A
330
17
100
AcDbEntity
  8
Painéis
100
AcDbLine
 10
2938.0
 20
-39.0
 30
0.0
 11
2938.0
 21
0.0
 31
0.0
  0
LINE
  5
19B
330
17
100
AcDbEntity
  8
Painéis
100
AcDbLine
 10
2938.0
 20
-39.0
 30
0.0
 11
3218.0
 21
-39.0
 31
0.0
  0
LINE
  5
19C
330
17
100
AcDbEntity
  8
Painéis
100
AcDbLine
 10
2938.0
 20
0.0
 30
0.0
 11
3218.0
 21
0.0
 31
0.0
  0
LINE
  5
19D
330
17
100
AcDbEntity
  8
Painéis
100
AcDbLine
 10
2938.0
 20
-39.0
 30
0.0
 11
2938.0
 21
0.0
 31
0.0
  0
LINE
  5
19E
330
17
100
AcDbEntity
  8
Painéis
100
AcDbLine
 10
3218.0
 20
-39.0
 30
0.0
 11
3218.0
 21
0.0
 31
0.0
  0
LINE
  5
19F
330
17
100
AcDbEntity
  8
Painéis
100
AcDbLine
 10
3218.0
 20
-39.0
 30
0.0
 11
3218.0
 21
0.0
 31
0.0
  0
LINE
  5
1A0
330
17
100
AcDbEntity
  8
Painéis
100
AcDbLine
 10
3218.0
 20
-39.0
 30
0.0
 11
3502.0
 21
-39.0
 31
0.0
  0
LINE
  5
1A1
330
17
100
AcDbEntity
  8
Painéis
100
AcDbLine
 10
3218.0
 20
0.0
 30
0.0
 11
3502.0
 21
0.0
 31
0.0
  0
LINE
  5
1A2
330
17
100
AcDbEntity
  8
Painéis
100
AcDbLine
 10
3218.0
 20
-39.0
 30
0.0
 11
3218.0
 21
0.0
 31
0.0
  0
LINE
  5
1A3
330
17
100
AcDbEntity
  8
Painéis
100
AcDbLine
 10
3502.0
 20
-39.0
 30
0.0
 11
3502.0
 21
0.0
 31
0.0
  0
LINE
  5
1A4
330
17
100
AcDbEntity
  8
SARR_2.2x7
100
AcDbLine
 10
204.0
 20
-39.0
 30
0.0
 11
204.0
 21
0.0
 31
0.0
  0
LINE
  5
1A5
330
17
100
AcDbEntity
  8
SARR_2.2x7
100
AcDbLine
 10
3495.0
 20
-39.0
 30
0.0
 11
3495.0
 21
0.0
 31
0.0
  0
LINE
  5
1A6
330
17
100
AcDbEntity
  8
SARR_3.5x7
100
AcDbLine
 10
212.0
 20
-39.0
 30
0.0
 11
212.0
 21
0.0
 31
0.0
  0
LINE
  5
1A7
330
17
100
AcDbEntity
  8
SARR_3.5x7
100
AcDbLine
 10
215.5
 20
-39.0
 30
0.0
 11
215.5
 21
-2.200000000000003
 31
0.0
  0
LINE
  5
1A8
330
17
100
AcDbEntity
  8
SARR_3.5x7
100
AcDbLine
 10
212.0
 20
-39.0
 30
0.0
 11
215.5
 21
-39.0
 31
0.0
  0
LINE
  5
1A9
330
17
100
AcDbEntity
  8
SARR_3.5x7
100
AcDbLine
 10
233.5
 20
-39.0
 30
0.0
 11
233.5
 21
-2.200000000000003
 31
0.0
  0
LINE
  5
1AA
330
17
100
AcDbEntity
  8
SARR_3.5x7
100
AcDbLine
 10
237.0
 20
-39.0
 30
0.0
 11
237.0
 21
0.0
 31
0.0
  0
LINE
  5
1AB
330
17
100
AcDbEntity
  8
SARR_3.5x7
100
AcDbLine
 10
233.5
 20
-39.0
 30
0.0
 11
237.0
 21
-39.0
 31
0.0
  0
LINE
  5
1AC
330
17
100
AcDbEntity
  8
SARR_3.5x7
100
AcDbLine
 10
237.0
 20
-39.0
 30
0.0
 11
237.0
 21
0.0
 31
0.0
  0
LINE
  5
1AD
330
17
100
AcDbEntity
  8
SARR_3.5x7
100
AcDbLine
 10
240.5
 20
-39.0
 30
0.0
 11
240.5
 21
-2.200000000000003
 31
0.0
  0
LINE
  5
1AE
330
17
100
AcDbEntity
  8
SARR_3.5x7
100
AcDbLine
 10
237.0
 20
-39.0
 30
0.0
 11
240.5
 21
-39.0
 31
0.0
  0
LINE
  5
1AF
330
17
100
AcDbEntity
  8
SARR_3.5x7
100
AcDbLine
 10
281.5
 20
-39.0
 30
0.0
 11
281.5
 21
-2.200000000000003
 31
0.0
  0
LINE
  5
1B0
330
17
100
AcDbEntity
  8
SARR_3.5x7
100
AcDbLine
 10
285.0
 20
-39.0
 30
0.0
 11
285.0
 21
0.0
 31
0.0
  0
LINE
  5
1B1
330
17
100
AcDbEntity
  8
SARR_3.5x7
100
AcDbLine
 10
281.5
 20
-39.0
 30
0.0
 11
285.0
 21
-39.0
 31
0.0
  0
LINE
  5
1B2
330
17
100
AcDbEntity
  8
SARR_3.5x7
100
AcDbLine
 10
285.0
 20
-39.0
 30
0.0
 11
285.0
 21
0.0
 31
0.0
  0
LINE
  5
1B3
330
17
100
AcDbEntity
  8
SARR_3.5x7
100
AcDbLine
 10
288.5
 20
-39.0
 30
0.0
 11
288.5
 21
-2.200000000000003
 31
0.0
  0
LINE
  5
1B4
330
17
100
AcDbEntity
  8
SARR_3.5x7
100
AcDbLine
 10
285.0
 20
-39.0
 30
0.0
 11
288.5
 21
-39.0
 31
0.0
  0
LINE
  5
1B5
330
17
100
AcDbEntity
  8
SARR_3.5x7
100
AcDbLine
 10
337.5
 20
-39.0
 30
0.0
 11
337.5
 21
-2.200000000000003
 31
0.0
  0
LINE
  5
1B6
330
17
100
AcDbEntity
  8
SARR_3.5x7
100
AcDbLine
 10
341.0
 20
-39.0
 30
0.0
 11
341.0
 21
0.0
 31
0.0
  0
LINE
  5
1B7
330
17
100
AcDbEntity
  8
SARR_3.5x7
100
AcDbLine
 10
337.5
 20
-39.0
 30
0.0
 11
341.0
 21
-39.0
 31
0.0
  0
LINE
  5
1B8
330
17
100
AcDbEntity
  8
SARR_3.5x7
100
AcDbLine
 10
341.0
 20
-39.0
 30
0.0
 11
341.0
 21
0.0
 31
0.0
  0
LINE
  5
1B9
330
17
100
AcDbEntity
  8
SARR_3.5x7
100
AcDbLine
 10
344.5
 20
-39.0
 30
0.0
 11
344.5
 21
-2.200000000000003
 31
0.0
  0
LINE
  5
1BA
330
17
100
AcDbEntity
  8
SARR_3.5x7
100
AcDbLine
 10
341.0
 20
-39.0
 30
0.0
 11
344.5
 21
-39.0
 31
0.0
  0
LINE
  5
1BB
330
17
100
AcDbEntity
  8
SARR_3.5x7
100
AcDbLine
 10
394.5
 20
-39.0
 30
0.0
 11
394.5
 21
-2.200000000000003
 31
0.0
  0
LINE
  5
1BC
330
17
100
AcDbEntity
  8
SARR_3.5x7
100
AcDbLine
 10
398.0
 20
-39.0
 30
0.0
 11
398.0
 21
0.0
 31
0.0
  0
LINE
  5
1BD
330
17
100
AcDbEntity
  8
SARR_3.5x7
100
AcDbLine
 10
394.5
 20
-39.0
 30
0.0
 11
398.0
 21
-39.0
 31
0.0
  0
LINE
  5
1BE
330
17
100
AcDbEntity
  8
SARR_3.5x7
100
AcDbLine
 10
398.0
 20
-39.0
 30
0.0
 11
398.0
 21
0.0
 31
0.0
  0
LINE
  5
1BF
330
17
100
AcDbEntity
  8
SARR_3.5x7
100
AcDbLine
 10
401.5
 20
-39.0
 30
0.0
 11
401.5
 21
-2.200000000000003
 31
0.0
  0
LINE
  5
1C0
330
17
100
AcDbEntity
  8
SARR_3.5x7
100
AcDbLine
 10
398.0
 20
-39.0
 30
0.0
 11
401.5
 21
-39.0
 31
0.0
  0
LINE
  5
1C1
330
17
100
AcDbEntity
  8
SARR_3.5x7
100
AcDbLine
 10
455.5
 20
-39.0
 30
0.0
 11
455.5
 21
-2.200000000000003
 31
0.0
  0
LINE
  5
1C2
330
17
100
AcDbEntity
  8
SARR_3.5x7
100
AcDbLine
 10
459.0
 20
-39.0
 30
0.0
 11
459.0
 21
0.0
 31
0.0
  0
LINE
  5
1C3
330
17
100
AcDbEntity
  8
SARR_3.5x7
100
AcDbLine
 10
455.5
 20
-39.0
 30
0.0
 11
459.0
 21
-39.0
 31
0.0
  0
LINE
  5
1C4
330
17
100
AcDbEntity
  8
SARR_3.5x7
100
AcDbLine
 10
459.0
 20
-39.0
 30
0.0
 11
459.0
 21
0.0
 31
0.0
  0
LINE
  5
1C5
330
17
100
AcDbEntity
  8
SARR_3.5x7
100
AcDbLine
 10
462.5
 20
-39.0
 30
0.0
 11
462.5
 21
-2.200000000000003
 31
0.0
  0
LINE
  5
1C6
330
17
100
AcDbEntity
  8
SARR_3.5x7
100
AcDbLine
 10
459.0
 20
-39.0
 30
0.0
 11
462.5
 21
-39.0
 31
0.0
  0
LINE
  5
1C7
330
17
100
AcDbEntity
  8
SARR_3.5x7
100
AcDbLine
 10
521.5
 20
-39.0
 30
0.0
 11
521.5
 21
-2.200000000000003
 31
0.0
  0
LINE
  5
1C8
330
17
100
AcDbEntity
  8
SARR_3.5x7
100
AcDbLine
 10
525.0
 20
-39.0
 30
0.0
 11
525.0
 21
0.0
 31
0.0
  0
LINE
  5
1C9
330
17
100
AcDbEntity
  8
SARR_3.5x7
100
AcDbLine
 10
521.5
 20
-39.0
 30
0.0
 11
525.0
 21
-39.0
 31
0.0
  0
LINE
  5
1CA
330
17
100
AcDbEntity
  8
SARR_3.5x7
100
AcDbLine
 10
525.0
 20
-39.0
 30
0.0
 11
525.0
 21
0.0
 31
0.0
  0
LINE
  5
1CB
330
17
100
AcDbEntity
  8
SARR_3.5x7
100
AcDbLine
 10
528.5
 20
-39.0
 30
0.0
 11
528.5
 21
-2.200000000000003
 31
0.0
  0
LINE
  5
1CC
330
17
100
AcDbEntity
  8
SARR_3.5x7
100
AcDbLine
 10
525.0
 20
-39.0
 30
0.0
 11
528.5
 21
-39.0
 31
0.0
  0
LINE
  5
1CD
330
17
100
AcDbEntity
  8
SARR_3.5x7
100
AcDbLine
 10
589.5
 20
-39.0
 30
0.0
 11
589.5
 21
-2.200000000000003
 31
0.0
  0
LINE
  5
1CE
330
17
100
AcDbEntity
  8
SARR_3.5x7
100
AcDbLine
 10
593.0
 20
-39.0
 30
0.0
 11
593.0
 21
0.0
 31
0.0
  0
LINE
  5
1CF
330
17
100
AcDbEntity
  8
SARR_3.5x7
100
AcDbLine
 10
589.5
 20
-39.0
 30
0.0
 11
593.0
 21
-39.0
 31
0.0
  0
LINE
  5
1D0
330
17
100
AcDbEntity
  8
SARR_3.5x7
100
AcDbLine
 10
593.0
 20
-39.0
 30
0.0
 11
593.0
 21
0.0
 31
0.0
  0
LINE
  5
1D1
330
17
100
AcDbEntity
  8
SARR_3.5x7
100
AcDbLine
 10
596.5
 20
-39.0
 30
0.0
 11
596.5
 21
-2.200000000000003
 31
0.0
  0
LINE
  5
1D2
330
17
100
AcDbEntity
  8
SARR_3.5x7
100
AcDbLine
 10
593.0
 20
-39.0
 30
0.0
 11
596.5
 21
-39.0
 31
0.0
  0
LINE
  5
1D3
330
17
100
AcDbEntity
  8
SARR_3.5x7
100
AcDbLine
 10
667.5
 20
-39.0
 30
0.0
 11
667.5
 21
-2.200000000000003
 31
0.0
  0
LINE
  5
1D4
330
17
100
AcDbEntity
  8
SARR_3.5x7
100
AcDbLine
 10
671.0
 20
-39.0
 30
0.0
 11
671.0
 21
0.0
 31
0.0
  0
LINE
  5
1D5
330
17
100
AcDbEntity
  8
SARR_3.5x7
100
AcDbLine
 10
667.5
 20
-39.0
 30
0.0
 11
671.0
 21
-39.0
 31
0.0
  0
LINE
  5
1D6
330
17
100
AcDbEntity
  8
SARR_3.5x7
100
AcDbLine
 10
671.0
 20
-39.0
 30
0.0
 11
671.0
 21
0.0
 31
0.0
  0
LINE
  5
1D7
330
17
100
AcDbEntity
  8
SARR_3.5x7
100
AcDbLine
 10
674.5
 20
-39.0
 30
0.0
 11
674.5
 21
-2.200000000000003
 31
0.0
  0
LINE
  5
1D8
330
17
100
AcDbEntity
  8
SARR_3.5x7
100
AcDbLine
 10
671.0
 20
-39.0
 30
0.0
 11
674.5
 21
-39.0
 31
0.0
  0
LINE
  5
1D9
330
17
100
AcDbEntity
  8
SARR_3.5x7
100
AcDbLine
 10
769.5
 20
-39.0
 30
0.0
 11
769.5
 21
-2.200000000000003
 31
0.0
  0
LINE
  5
1DA
330
17
100
AcDbEntity
  8
SARR_3.5x7
100
AcDbLine
 10
773.0
 20
-39.0
 30
0.0
 11
773.0
 21
0.0
 31
0.0
  0
LINE
  5
1DB
330
17
100
AcDbEntity
  8
SARR_3.5x7
100
AcDbLine
 10
769.5
 20
-39.0
 30
0.0
 11
773.0
 21
-39.0
 31
0.0
  0
LINE
  5
1DC
330
17
100
AcDbEntity
  8
SARR_3.5x7
100
AcDbLine
 10
773.0
 20
-39.0
 30
0.0
 11
773.0
 21
0.0
 31
0.0
  0
LINE
  5
1DD
330
17
100
AcDbEntity
  8
SARR_3.5x7
100
AcDbLine
 10
776.5
 20
-39.0
 30
0.0
 11
776.5
 21
-2.200000000000003
 31
0.0
  0
LINE
  5
1DE
330
17
100
AcDbEntity
  8
SARR_3.5x7
100
AcDbLine
 10
773.0
 20
-39.0
 30
0.0
 11
776.5
 21
-39.0
 31
0.0
  0
LINE
  5
1DF
330
17
100
AcDbEntity
  8
SARR_3.5x7
100
AcDbLine
 10
880.5
 20
-39.0
 30
0.0
 11
880.5
 21
-2.200000000000003
 31
0.0
  0
LINE
  5
1E0
330
17
100
AcDbEntity
  8
SARR_3.5x7
100
AcDbLine
 10
884.0
 20
-39.0
 30
0.0
 11
884.0
 21
0.0
 31
0.0
  0
LINE
  5
1E1
330
17
100
AcDbEntity
  8
SARR_3.5x7
100
AcDbLine
 10
880.5
 20
-39.0
 30
0.0
 11
884.0
 21
-39.0
 31
0.0
  0
LINE
  5
1E2
330
17
100
AcDbEntity
  8
SARR_3.5x7
100
AcDbLine
 10
884.0
 20
-39.0
 30
0.0
 11
884.0
 21
0.0
 31
0.0
  0
LINE
  5
1E3
330
17
100
AcDbEntity
  8
SARR_3.5x7
100
AcDbLine
 10
887.5
 20
-39.0
 30
0.0
 11
887.5
 21
-2.200000000000003
 31
0.0
  0
LINE
  5
1E4
330
17
100
AcDbEntity
  8
SARR_3.5x7
100
AcDbLine
 10
884.0
 20
-39.0
 30
0.0
 11
887.5
 21
-39.0
 31
0.0
  0
LINE
  5
1E5
330
17
100
AcDbEntity
  8
SARR_3.5x7
100
AcDbLine
 10
997.5
 20
-39.0
 30
0.0
 11
997.5
 21
-2.200000000000003
 31
0.0
  0
LINE
  5
1E6
330
17
100
AcDbEntity
  8
SARR_3.5x7
100
AcDbLine
 10
1001.0
 20
-39.0
 30
0.0
 11
1001.0
 21
0.0
 31
0.0
  0
LINE
  5
1E7
330
17
100
AcDbEntity
  8
SARR_3.5x7
100
AcDbLine
 10
997.5
 20
-39.0
 30
0.0
 11
1001.0
 21
-39.0
 31
0.0
  0
LINE
  5
1E8
330
17
100
AcDbEntity
  8
SARR_3.5x7
100
AcDbLine
 10
1001.0
 20
-39.0
 30
0.0
 11
1001.0
 21
0.0
 31
0.0
  0
LINE
  5
1E9
330
17
100
AcDbEntity
  8
SARR_3.5x7
100
AcDbLine
 10
1004.5
 20
-39.0
 30
0.0
 11
1004.5
 21
-2.200000000000003
 31
0.0
  0
LINE
  5
1EA
330
17
100
AcDbEntity
  8
SARR_3.5x7
100
AcDbLine
 10
1001.0
 20
-39.0
 30
0.0
 11
1004.5
 21
-39.0
 31
0.0
  0
LINE
  5
1EB
330
17
100
AcDbEntity
  8
SARR_3.5x7
100
AcDbLine
 10
1119.5
 20
-39.0
 30
0.0
 11
1119.5
 21
-2.200000000000003
 31
0.0
  0
LINE
  5
1EC
330
17
100
AcDbEntity
  8
SARR_3.5x7
100
AcDbLine
 10
1123.0
 20
-39.0
 30
0.0
 11
1123.0
 21
0.0
 31
0.0
  0
LINE
  5
1ED
330
17
100
AcDbEntity
  8
SARR_3.5x7
100
AcDbLine
 10
1119.5
 20
-39.0
 30
0.0
 11
1123.0
 21
-39.0
 31
0.0
  0
LINE
  5
1EE
330
17
100
AcDbEntity
  8
SARR_3.5x7
100
AcDbLine
 10
1123.0
 20
-39.0
 30
0.0
 11
1123.0
 21
0.0
 31
0.0
  0
LINE
  5
1EF
330
17
100
AcDbEntity
  8
SARR_3.5x7
100
AcDbLine
 10
1126.5
 20
-39.0
 30
0.0
 11
1126.5
 21
-2.200000000000003
 31
0.0
  0
LINE
  5
1F0
330
17
100
AcDbEntity
  8
SARR_3.5x7
100
AcDbLine
 10
1123.0
 20
-39.0
 30
0.0
 11
1126.5
 21
-39.0
 31
0.0
  0
LINE
  5
1F1
330
17
100
AcDbEntity
  8
SARR_3.5x7
100
AcDbLine
 10
1315.5
 20
-39.0
 30
0.0
 11
1315.5
 21
-2.200000000000003
 31
0.0
  0
LINE
  5
1F2
330
17
100
AcDbEntity
  8
SARR_3.5x7
100
AcDbLine
 10
1319.0
 20
-39.0
 30
0.0
 11
1319.0
 21
0.0
 31
0.0
  0
LINE
  5
1F3
330
17
100
AcDbEntity
  8
SARR_3.5x7
100
AcDbLine
 10
1315.5
 20
-39.0
 30
0.0
 11
1319.0
 21
-39.0
 31
0.0
  0
LINE
  5
1F4
330
17
100
AcDbEntity
  8
SARR_3.5x7
100
AcDbLine
 10
1319.0
 20
-39.0
 30
0.0
 11
1319.0
 21
0.0
 31
0.0
  0
LINE
  5
1F5
330
17
100
AcDbEntity
  8
SARR_3.5x7
100
AcDbLine
 10
1322.5
 20
-39.0
 30
0.0
 11
1322.5
 21
-2.200000000000003
 31
0.0
  0
LINE
  5
1F6
330
17
100
AcDbEntity
  8
SARR_3.5x7
100
AcDbLine
 10
1319.0
 20
-39.0
 30
0.0
 11
1322.5
 21
-39.0
 31
0.0
  0
LINE
  5
1F7
330
17
100
AcDbEntity
  8
SARR_3.5x7
100
AcDbLine
 10
1526.5
 20
-39.0
 30
0.0
 11
1526.5
 21
-2.200000000000003
 31
0.0
  0
LINE
  5
1F8
330
17
100
AcDbEntity
  8
SARR_3.5x7
100
AcDbLine
 10
1530.0
 20
-39.0
 30
0.0
 11
1530.0
 21
0.0
 31
0.0
  0
LINE
  5
1F9
330
17
100
AcDbEntity
  8
SARR_3.5x7
100
AcDbLine
 10
1526.5
 20
-39.0
 30
0.0
 11
1530.0
 21
-39.0
 31
0.0
  0
LINE
  5
1FA
330
17
100
AcDbEntity
  8
SARR_3.5x7
100
AcDbLine
 10
1530.0
 20
-39.0
 30
0.0
 11
1530.0
 21
0.0
 31
0.0
  0
LINE
  5
1FB
330
17
100
AcDbEntity
  8
SARR_3.5x7
100
AcDbLine
 10
1533.5
 20
-39.0
 30
0.0
 11
1533.5
 21
-2.200000000000003
 31
0.0
  0
LINE
  5
1FC
330
17
100
AcDbEntity
  8
SARR_3.5x7
100
AcDbLine
 10
1530.0
 20
-39.0
 30
0.0
 11
1533.5
 21
-39.0
 31
0.0
  0
LINE
  5
1FD
330
17
100
AcDbEntity
  8
SARR_3.5x7
100
AcDbLine
 10
1742.5
 20
-39.0
 30
0.0
 11
1742.5
 21
-2.200000000000003
 31
0.0
  0
LINE
  5
1FE
330
17
100
AcDbEntity
  8
SARR_3.5x7
100
AcDbLine
 10
1746.0
 20
-39.0
 30
0.0
 11
1746.0
 21
0.0
 31
0.0
  0
LINE
  5
1FF
330
17
100
AcDbEntity
  8
SARR_3.5x7
100
AcDbLine
 10
1742.5
 20
-39.0
 30
0.0
 11
1746.0
 21
-39.0
 31
0.0
  0
LINE
  5
200
330
17
100
AcDbEntity
  8
SARR_3.5x7
100
AcDbLine
 10
1746.0
 20
-39.0
 30
0.0
 11
1746.0
 21
0.0
 31
0.0
  0
LINE
  5
201
330
17
100
AcDbEntity
  8
SARR_3.5x7
100
AcDbLine
 10
1749.5
 20
-39.0
 30
0.0
 11
1749.5
 21
-2.200000000000003
 31
0.0
  0
LINE
  5
202
330
17
100
AcDbEntity
  8
SARR_3.5x7
100
AcDbLine
 10
1746.0
 20
-39.0
 30
0.0
 11
1749.5
 21
-39.0
 31
0.0
  0
LINE
  5
203
330
17
100
AcDbEntity
  8
SARR_3.5x7
100
AcDbLine
 10
1958.5
 20
-39.0
 30
0.0
 11
1958.5
 21
-2.200000000000003
 31
0.0
  0
LINE
  5
204
330
17
100
AcDbEntity
  8
SARR_3.5x7
100
AcDbLine
 10
1962.0
 20
-39.0
 30
0.0
 11
1962.0
 21
0.0
 31
0.0
  0
LINE
  5
205
330
17
100
AcDbEntity
  8
SARR_3.5x7
100
AcDbLine
 10
1958.5
 20
-39.0
 30
0.0
 11
1962.0
 21
-39.0
 31
0.0
  0
LINE
  5
206
330
17
100
AcDbEntity
  8
SARR_3.5x7
100
AcDbLine
 10
1962.0
 20
-39.0
 30
0.0
 11
1962.0
 21
0.0
 31
0.0
  0
LINE
  5
207
330
17
100
AcDbEntity
  8
SARR_3.5x7
100
AcDbLine
 10
1965.5
 20
-39.0
 30
0.0
 11
1965.5
 21
-2.200000000000003
 31
0.0
  0
LINE
  5
208
330
17
100
AcDbEntity
  8
SARR_3.5x7
100
AcDbLine
 10
1962.0
 20
-39.0
 30
0.0
 11
1965.5
 21
-39.0
 31
0.0
  0
LINE
  5
209
330
17
100
AcDbEntity
  8
SARR_3.5x7
100
AcDbLine
 10
2202.5
 20
-39.0
 30
0.0
 11
2202.5
 21
-2.200000000000003
 31
0.0
  0
LINE
  5
20A
330
17
100
AcDbEntity
  8
SARR_3.5x7
100
AcDbLine
 10
2206.0
 20
-39.0
 30
0.0
 11
2206.0
 21
0.0
 31
0.0
  0
LINE
  5
20B
330
17
100
AcDbEntity
  8
SARR_3.5x7
100
AcDbLine
 10
2202.5
 20
-39.0
 30
0.0
 11
2206.0
 21
-39.0
 31
0.0
  0
LINE
  5
20C
330
17
100
AcDbEntity
  8
SARR_3.5x7
100
AcDbLine
 10
2206.0
 20
-39.0
 30
0.0
 11
2206.0
 21
0.0
 31
0.0
  0
LINE
  5
20D
330
17
100
AcDbEntity
  8
SARR_3.5x7
100
AcDbLine
 10
2209.5
 20
-39.0
 30
0.0
 11
2209.5
 21
-2.200000000000003
 31
0.0
  0
LINE
  5
20E
330
17
100
AcDbEntity
  8
SARR_3.5x7
100
AcDbLine
 10
2206.0
 20
-39.0
 30
0.0
 11
2209.5
 21
-39.0
 31
0.0
  0
LINE
  5
20F
330
17
100
AcDbEntity
  8
SARR_3.5x7
100
AcDbLine
 10
2446.5
 20
-39.0
 30
0.0
 11
2446.5
 21
-2.200000000000003
 31
0.0
  0
LINE
  5
210
330
17
100
AcDbEntity
  8
SARR_3.5x7
100
AcDbLine
 10
2450.0
 20
-39.0
 30
0.0
 11
2450.0
 21
0.0
 31
0.0
  0
LINE
  5
211
330
17
100
AcDbEntity
  8
SARR_3.5x7
100
AcDbLine
 10
2446.5
 20
-39.0
 30
0.0
 11
2450.0
 21
-39.0
 31
0.0
  0
LINE
  5
212
330
17
100
AcDbEntity
  8
SARR_3.5x7
100
AcDbLine
 10
2450.0
 20
-39.0
 30
0.0
 11
2450.0
 21
0.0
 31
0.0
  0
LINE
  5
213
330
17
100
AcDbEntity
  8
SARR_3.5x7
100
AcDbLine
 10
2453.5
 20
-39.0
 30
0.0
 11
2453.5
 21
-2.200000000000003
 31
0.0
  0
LINE
  5
214
330
17
100
AcDbEntity
  8
SARR_3.5x7
100
AcDbLine
 10
2450.0
 20
-39.0
 30
0.0
 11
2453.5
 21
-39.0
 31
0.0
  0
LINE
  5
215
330
17
100
AcDbEntity
  8
SARR_3.5x7
100
AcDbLine
 10
2690.5
 20
-39.0
 30
0.0
 11
2690.5
 21
-2.200000000000003
 31
0.0
  0
LINE
  5
216
330
17
100
AcDbEntity
  8
SARR_3.5x7
100
AcDbLine
 10
2694.0
 20
-39.0
 30
0.0
 11
2694.0
 21
0.0
 31
0.0
  0
LINE
  5
217
330
17
100
AcDbEntity
  8
SARR_3.5x7
100
AcDbLine
 10
2690.5
 20
-39.0
 30
0.0
 11
2694.0
 21
-39.0
 31
0.0
  0
LINE
  5
218
330
17
100
AcDbEntity
  8
SARR_3.5x7
100
AcDbLine
 10
2694.0
 20
-39.0
 30
0.0
 11
2694.0
 21
0.0
 31
0.0
  0
LINE
  5
219
330
17
100
AcDbEntity
  8
SARR_3.5x7
100
AcDbLine
 10
2697.5
 20
-39.0
 30
0.0
 11
2697.5
 21
-2.200000000000003
 31
0.0
  0
LINE
  5
21A
330
17
100
AcDbEntity
  8
SARR_3.5x7
100
AcDbLine
 10
2694.0
 20
-39.0
 30
0.0
 11
2697.5
 21
-39.0
 31
0.0
  0
LINE
  5
21B
330
17
100
AcDbEntity
  8
SARR_3.5x7
100
AcDbLine
 10
2934.5
 20
-39.0
 30
0.0
 11
2934.5
 21
-2.200000000000003
 31
0.0
  0
LINE
  5
21C
330
17
100
AcDbEntity
  8
SARR_3.5x7
100
AcDbLine
 10
2938.0
 20
-39.0
 30
0.0
 11
2938.0
 21
0.0
 31
0.0
  0
LINE
  5
21D
330
17
100
AcDbEntity
  8
SARR_3.5x7
100
AcDbLine
 10
2934.5
 20
-39.0
 30
0.0
 11
2938.0
 21
-39.0
 31
0.0
  0
LINE
  5
21E
330
17
100
AcDbEntity
  8
SARR_3.5x7
100
AcDbLine
 10
2938.0
 20
-39.0
 30
0.0
 11
2938.0
 21
0.0
 31
0.0
  0
LINE
  5
21F
330
17
100
AcDbEntity
  8
SARR_3.5x7
100
AcDbLine
 10
2941.5
 20
-39.0
 30
0.0
 11
2941.5
 21
-2.200000000000003
 31
0.0
  0
LINE
  5
220
330
17
100
AcDbEntity
  8
SARR_3.5x7
100
AcDbLine
 10
2938.0
 20
-39.0
 30
0.0
 11
2941.5
 21
-39.0
 31
0.0
  0
LINE
  5
221
330
17
100
AcDbEntity
  8
SARR_3.5x7
100
AcDbLine
 10
3214.5
 20
-39.0
 30
0.0
 11
3214.5
 21
-2.200000000000003
 31
0.0
  0
LINE
  5
222
330
17
100
AcDbEntity
  8
SARR_3.5x7
100
AcDbLine
 10
3218.0
 20
-39.0
 30
0.0
 11
3218.0
 21
0.0
 31
0.0
  0
LINE
  5
223
330
17
100
AcDbEntity
  8
SARR_3.5x7
100
AcDbLine
 10
3214.5
 20
-39.0
 30
0.0
 11
3218.0
 21
-39.0
 31
0.0
  0
LINE
  5
224
330
17
100
AcDbEntity
  8
SARR_3.5x7
100
AcDbLine
 10
3218.0
 20
-39.0
 30
0.0
 11
3218.0
 21
0.0
 31
0.0
  0
LINE
  5
225
330
17
100
AcDbEntity
  8
SARR_3.5x7
100
AcDbLine
 10
3221.5
 20
-39.0
 30
0.0
 11
3221.5
 21
-2.200000000000003
 31
0.0
  0
LINE
  5
226
330
17
100
AcDbEntity
  8
SARR_3.5x7
100
AcDbLine
 10
3218.0
 20
-39.0
 30
0.0
 11
3221.5
 21
-39.0
 31
0.0
  0
LINE
  5
227
330
17
100
AcDbEntity
  8
SARR_3.5x7
100
AcDbLine
 10
3483.5
 20
-39.0
 30
0.0
 11
3483.5
 21
-2.200000000000003
 31
0.0
  0
LINE
  5
228
330
17
100
AcDbEntity
  8
SARR_3.5x7
100
AcDbLine
 10
3487.0
 20
-39.0
 30
0.0
 11
3487.0
 21
0.0
 31
0.0
  0
LINE
  5
229
330
17
100
AcDbEntity
  8
SARR_3.5x7
100
AcDbLine
 10
3483.5
 20
-39.0
 30
0.0
 11
3487.0
 21
-39.0
 31
0.0
  0
LINE
  5
22A
330
17
100
AcDbEntity
  8
SARR_2.2x7
100
AcDbLine
 10
212.0
 20
-2.200000000000003
 30
0.0
 11
237.0
 21
-2.200000000000003
 31
0.0
  0
LINE
  5
22B
330
17
100
AcDbEntity
  8
SARR_2.2x7
100
AcDbLine
 10
237.0
 20
-2.200000000000003
 30
0.0
 11
285.0
 21
-2.200000000000003
 31
0.0
  0
LINE
  5
22C
330
17
100
AcDbEntity
  8
SARR_2.2x7
100
AcDbLine
 10
285.0
 20
-2.200000000000003
 30
0.0
 11
341.0
 21
-2.200000000000003
 31
0.0
  0
LINE
  5
22D
330
17
100
AcDbEntity
  8
SARR_2.2x7
100
AcDbLine
 10
341.0
 20
-2.200000000000003
 30
0.0
 11
398.0
 21
-2.200000000000003
 31
0.0
  0
LINE
  5
22E
330
17
100
AcDbEntity
  8
SARR_2.2x7
100
AcDbLine
 10
398.0
 20
-2.200000000000003
 30
0.0
 11
459.0
 21
-2.200000000000003
 31
0.0
  0
LINE
  5
22F
330
17
100
AcDbEntity
  8
SARR_2.2x7
100
AcDbLine
 10
459.0
 20
-2.200000000000003
 30
0.0
 11
525.0
 21
-2.200000000000003
 31
0.0
  0
LINE
  5
230
330
17
100
AcDbEntity
  8
SARR_2.2x7
100
AcDbLine
 10
525.0
 20
-2.200000000000003
 30
0.0
 11
593.0
 21
-2.200000000000003
 31
0.0
  0
LINE
  5
231
330
17
100
AcDbEntity
  8
SARR_2.2x7
100
AcDbLine
 10
593.0
 20
-2.200000000000003
 30
0.0
 11
671.0
 21
-2.200000000000003
 31
0.0
  0
LINE
  5
232
330
17
100
AcDbEntity
  8
SARR_2.2x7
100
AcDbLine
 10
671.0
 20
-2.200000000000003
 30
0.0
 11
773.0
 21
-2.200000000000003
 31
0.0
  0
LINE
  5
233
330
17
100
AcDbEntity
  8
SARR_2.2x7
100
AcDbLine
 10
773.0
 20
-2.200000000000003
 30
0.0
 11
884.0
 21
-2.200000000000003
 31
0.0
  0
LINE
  5
234
330
17
100
AcDbEntity
  8
SARR_2.2x7
100
AcDbLine
 10
884.0
 20
-2.200000000000003
 30
0.0
 11
1001.0
 21
-2.200000000000003
 31
0.0
  0
LINE
  5
235
330
17
100
AcDbEntity
  8
SARR_2.2x7
100
AcDbLine
 10
1001.0
 20
-2.200000000000003
 30
0.0
 11
1123.0
 21
-2.200000000000003
 31
0.0
  0
LINE
  5
236
330
17
100
AcDbEntity
  8
SARR_2.2x7
100
AcDbLine
 10
1123.0
 20
-2.200000000000003
 30
0.0
 11
1319.0
 21
-2.200000000000003
 31
0.0
  0
LINE
  5
237
330
17
100
AcDbEntity
  8
SARR_2.2x7
100
AcDbLine
 10
1319.0
 20
-2.200000000000003
 30
0.0
 11
1530.0
 21
-2.200000000000003
 31
0.0
  0
LINE
  5
238
330
17
100
AcDbEntity
  8
SARR_2.2x7
100
AcDbLine
 10
1530.0
 20
-2.200000000000003
 30
0.0
 11
1746.0
 21
-2.200000000000003
 31
0.0
  0
LINE
  5
239
330
17
100
AcDbEntity
  8
SARR_2.2x7
100
AcDbLine
 10
1746.0
 20
-2.200000000000003
 30
0.0
 11
1962.0
 21
-2.200000000000003
 31
0.0
  0
LINE
  5
23A
330
17
100
AcDbEntity
  8
SARR_2.2x7
100
AcDbLine
 10
1962.0
 20
-2.200000000000003
 30
0.0
 11
2206.0
 21
-2.200000000000003
 31
0.0
  0
LINE
  5
23B
330
17
100
AcDbEntity
  8
SARR_2.2x7
100
AcDbLine
 10
2206.0
 20
-2.200000000000003
 30
0.0
 11
2450.0
 21
-2.200000000000003
 31
0.0
  0
LINE
  5
23C
330
17
100
AcDbEntity
  8
SARR_2.2x7
100
AcDbLine
 10
2450.0
 20
-2.200000000000003
 30
0.0
 11
2694.0
 21
-2.200000000000003
 31
0.0
  0
LINE
  5
23D
330
17
100
AcDbEntity
  8
SARR_2.2x7
100
AcDbLine
 10
2694.0
 20
-2.200000000000003
 30
0.0
 11
2938.0
 21
-2.200000000000003
 31
0.0
  0
LINE
  5
23E
330
17
100
AcDbEntity
  8
SARR_2.2x7
100
AcDbLine
 10
2938.0
 20
-2.200000000000003
 30
0.0
 11
3218.0
 21
-2.200000000000003
 31
0.0
  0
LINE
  5
23F
330
17
100
AcDbEntity
  8
SARR_2.2x7
100
AcDbLine
 10
3218.0
 20
-2.200000000000003
 30
0.0
 11
3487.0
 21
-2.200000000000003
 31
0.0
  0
TEXT
  5
240
330
17
100
AcDbEntity
  8
NOMENCLATURA
100
AcDbText
 10
200.0
 20
16.0
 30
0.0
 40
16.5
  1
V18.A
100
AcDbText
  0
TEXT
  5
241
330
17
100
AcDbEntity
  8
5
100
AcDbText
 10
217.0
 20
-15.5
 30
0.0
 40
12.0
  1
1
 72
1
 11
217.0
 21
-15.5
 31
0.0
100
AcDbText
 73
2
  0
TEXT
  5
242
330
17
100
AcDbEntity
  8
5
100
AcDbText
 10
217.0
 20
-29.5
 30
0.0
 40
7.0
  1
40
 72
1
 11
217.0
 21
-29.5
 31
0.0
100
AcDbText
 73
2
  0
MTEXT
  5
243
330
17
100
AcDbEntity
  8
texto
100
AcDbMText
 10
217.0
 20
-39.5
 30
0.0
 40
6.0
 71
5
  1
2 1/2pont
  0
TEXT
  5
244
330
17
100
AcDbEntity
  8
5
100
AcDbText
 10
261.0
 20
-15.5
 30
0.0
 40
12.0
  1
2
 72
1
 11
261.0
 21
-15.5
 31
0.0
100
AcDbText
 73
2
  0
TEXT
  5
245
330
17
100
AcDbEntity
  8
5
100
AcDbText
 10
261.0
 20
-29.5
 30
0.0
 40
7.0
  1
48
 72
1
 11
261.0
 21
-29.5
 31
0.0
100
AcDbText
 73
2
  0
MTEXT
  5
246
330
17
100
AcDbEntity
  8
texto
100
AcDbMText
 10
261.0
 20
-39.5
 30
0.0
 40
6.0
 71
5
  1
2 1/2pont
  0
TEXT
  5
247
330
17
100
AcDbEntity
  8
5
100
AcDbText
 10
313.0
 20
-15.5
 30
0.0
 40
12.0
  1
3
 72
1
 11
313.0
 21
-15.5
 31
0.0
100
AcDbText
 73
2
  0
TEXT
  5
248
330
17
100
AcDbEntity
  8
5
100
AcDbText
 10
313.0
 20
-29.5
 30
0.0
 40
7.0
  1
56
 72
1
 11
313.0
 21
-29.5
 31
0.0
100
AcDbText
 73
2
  0
MTEXT
  5
249
330
17
100
AcDbEntity
  8
texto
100
AcDbMText
 10
313.0
 20
-39.5
 30
0.0
 40
6.0
 71
5
  1
2 1/2pont
  0
TEXT
  5
24A
330
17
100
AcDbEntity
  8
5
100
AcDbText
 10
369.5
 20
-15.5
 30
0.0
 40
12.0
  1
4
 72
1
 11
369.5
 21
-15.5
 31
0.0
100
AcDbText
 73
2
  0
TEXT
  5
24B
330
17
100
AcDbEntity
  8
5
100
AcDbText
 10
369.5
 20
-29.5
 30
0.0
 40
7.0
  1
57
 72
1
 11
369.5
 21
-29.5
 31
0.0
100
AcDbText
 73
2
  0
MTEXT
  5
24C
330
17
100
AcDbEntity
  8
texto
100
AcDbMText
 10
369.5
 20
-39.5
 30
0.0
 40
6.0
 71
5
  1
2 1/2pont
  0
TEXT
  5
24D
330
17
100
AcDbEntity
  8
5
100
AcDbText
 10
428.5
 20
-15.5
 30
0.0
 40
12.0
  1
5
 72
1
 11
428.5
 21
-15.5
 31
0.0
100
AcDbText
 73
2
  0
TEXT
  5
24E
330
17
100
AcDbEntity
  8
5
100
AcDbText
 10
428.5
 20
-29.5
 30
0.0
 40
7.0
  1
61
 72
1
 11
428.5
 21
-29.5
 31
0.0
100
AcDbText
 73
2
  0
MTEXT
  5
24F
330
17
100
AcDbEntity
  8
texto
100
AcDbMText
 10
428.5
 20
-39.5
 30
0.0
 40
6.0
 71
5
  1
2 1/2pont
  0
TEXT
  5
250
330
17
100
AcDbEntity
  8
5
100
AcDbText
 10
492.0
 20
-15.5
 30
0.0
 40
12.0
  1
6
 72
1
 11
492.0
 21
-15.5
 31
0.0
100
AcDbText
 73
2
  0
TEXT
  5
251
330
17
100
AcDbEntity
  8
5
100
AcDbText
 10
492.0
 20
-29.5
 30
0.0
 40
7.0
  1
66
 72
1
 11
492.0
 21
-29.5
 31
0.0
100
AcDbText
 73
2
  0
MTEXT
  5
252
330
17
100
AcDbEntity
  8
texto
100
AcDbMText
 10
492.0
 20
-39.5
 30
0.0
 40
6.0
 71
5
  1
3 1/2pont
  0
TEXT
  5
253
330
17
100
AcDbEntity
  8
5
100
AcDbText
 10
559.0
 20
-15.5
 30
0.0
 40
12.0
  1
7
 72
1
 11
559.0
 21
-15.5
 31
0.0
100
AcDbText
 73
2
  0
TEXT
  5
254
330
17
100
AcDbEntity
  8
5
100
AcDbText
 10
559.0
 20
-29.5
 30
0.0
 40
7.0
  1
68
 72
1
 11
559.0
 21
-29.5
 31
0.0
100
AcDbText
 73
2
  0
MTEXT
  5
255
330
17
100
AcDbEntity
  8
texto
100
AcDbMText
 10
559.0
 20
-39.5
 30
0.0
 40
6.0
 71
5
  1
3 1/2pont
  0
TEXT
  5
256
330
17
100
AcDbEntity
  8
5
100
AcDbText
 10
632.0
 20
-15.5
 30
0.0
 40
12.0
  1
8
 72
1
 11
632.0
 21
-15.5
 31
0.0
100
AcDbText
 73
2
  0
TEXT
  5
257
330
17
100
AcDbEntity
  8
5
100
AcDbText
 10
632.0
 20
-29.5
 30
0.0
 40
7.0
  1
78
 72
1
 11
632.0
 21
-29.5
 31
0.0
100
AcDbText
 73
2
  0
MTEXT
  5
258
330
17
100
AcDbEntity
  8
texto
100
AcDbMText
 10
632.0
 20
-39.5
 30
0.0
 40
6.0
 71
5
  1
3 1/2pont
  0
TEXT
  5
259
330
17
100
AcDbEntity
  8
5
100
AcDbText
 10
722.0
 20
-15.5
 30
0.0
 40
12.0
  1
9
 72
1
 11
722.0
 21
-15.5
 31
0.0
100
AcDbText
 73
2
  0
TEXT
  5
25A
330
17
100
AcDbEntity
  8
5
100
AcDbText
 10
722.0
 20
-29.5
 30
0.0
 40
7.0
  1
102
 72
1
 11
722.0
 21
-29.5
 31
0.0
100
AcDbText
 73
2
  0
MTEXT
  5
25B
330
17
100
AcDbEntity
  8
texto
100
AcDbMText
 10
722.0
 20
-39.5
 30
0.0
 40
6.0
 71
5
  1
4 1/2pont
  0
TEXT
  5
25C
330
17
100
AcDbEntity
  8
5
100
AcDbText
 10
828.5
 20
-15.5
 30
0.0
 40
12.0
  1
10
 72
1
 11
828.5
 21
-15.5
 31
0.0
100
AcDbText
 73
2
  0
TEXT
  5
25D
330
17
100
AcDbEntity
  8
5
100
AcDbText
 10
828.5
 20
-29.5
 30
0.0
 40
7.0
  1
111
 72
1
 11
828.5
 21
-29.5
 31
0.0
100
AcDbText
 73
2
  0
MTEXT
  5
25E
330
17
100
AcDbEntity
  8
texto
100
AcDbMText
 10
828.5
 20
-39.5
 30
0.0
 40
6.0
 71
5
  1
5 1/2pont
  0
TEXT
  5
25F
330
17
100
AcDbEntity
  8
5
100
AcDbText
 10
942.5
 20
-15.5
 30
0.0
 40
12.0
  1
11
 72
1
 11
942.5
 21
-15.5
 31
0.0
100
AcDbText
 73
2
  0
TEXT
  5
260
330
17
100
AcDbEntity
  8
5
100
AcDbText
 10
942.5
 20
-29.5
 30
0.0
 40
7.0
  1
117
 72
1
 11
942.5
 21
-29.5
 31
0.0
100
AcDbText
 73
2
  0
MTEXT
  5
261
330
17
100
AcDbEntity
  8
texto
100
AcDbMText
 10
942.5
 20
-39.5
 30
0.0
 40
6.0
 71
5
  1
5 1/2pont
  0
TEXT
  5
262
330
17
100
AcDbEntity
  8
5
100
AcDbText
 10
1062.0
 20
-15.5
 30
0.0
 40
12.0
  1
12
 72
1
 11
1062.0
 21
-15.5
 31
0.0
100
AcDbText
 73
2
  0
TEXT
  5
263
330
17
100
AcDbEntity
  8
5
100
AcDbText
 10
1062.0
 20
-29.5
 30
0.0
 40
7.0
  1
122
 72
1
 11
1062.0
 21
-29.5
 31
0.0
100
AcDbText
 73
2
  0
MTEXT
  5
264
330
17
100
AcDbEntity
  8
texto
100
AcDbMText
 10
1062.0
 20
-39.5
 30
0.0
 40
6.0
 71
5
  1
5 1/2pont
  0
TEXT
  5
265
330
17
100
AcDbEntity
  8
5
100
AcDbText
 10
1221.0
 20
-15.5
 30
0.0
 40
12.0
  1
13
 72
1
 11
1221.0
 21
-15.5
 31
0.0
100
AcDbText
 73
2
  0
TEXT
  5
266
330
17
100
AcDbEntity
  8
5
100
AcDbText
 10
1221.0
 20
-29.5
 30
0.0
 40
7.0
  1
196
 72
1
 11
1221.0
 21
-29.5
 31
0.0
100
AcDbText
 73
2
  0
MTEXT
  5
267
330
17
100
AcDbEntity
  8
texto
100
AcDbMText
 10
1221.0
 20
-39.5
 30
0.0
 40
6.0
 71
5
  1
8 1/2pont
  0
TEXT
  5
268
330
17
100
AcDbEntity
  8
5
100
AcDbText
 10
1424.5
 20
-15.5
 30
0.0
 40
12.0
  1
14
 72
1
 11
1424.5
 21
-15.5
 31
0.0
100
AcDbText
 73
2
  0
TEXT
  5
269
330
17
100
AcDbEntity
  8
5
100
AcDbText
 10
1424.5
 20
-29.5
 30
0.0
 40
7.0
  1
211
 72
1
 11
1424.5
 21
-29.5
 31
0.0
100
AcDbText
 73
2
  0
MTEXT
  5
26A
330
17
100
AcDbEntity
  8
texto
100
AcDbMText
 10
1424.5
 20
-39.5
 30
0.0
 40
6.0
 71
5
  1
9 1/2pont
  0
TEXT
  5
26B
330
17
100
AcDbEntity
  8
5
100
AcDbText
 10
1638.0
 20
-15.5
 30
0.0
 40
12.0
  1
15
 72
1
 11
1638.0
 21
-15.5
 31
0.0
100
AcDbText
 73
2
  0
TEXT
  5
26C
330
17
100
AcDbEntity
  8
5
100
AcDbText
 10
1638.0
 20
-29.5
 30
0.0
 40
7.0
  1
216
 72
1
 11
1638.0
 21
-29.5
 31
0.0
100
AcDbText
 73
2
  0
MTEXT
  5
26D
330
17
100
AcDbEntity
  8
texto
100
AcDbMText
 10
1638.0
 20
-39.5
 30
0.0
 40
6.0
 71
5
  1
9 1/2pont
  0
TEXT
  5
26E
330
17
100
AcDbEntity
  8
5
100
AcDbText
 10
1854.0
 20
-15.5
 30
0.0
 40
12.0
  1
16
 72
1
 11
1854.0
 21
-15.5
 31
0.0
100
AcDbText
 73
2
  0
TEXT
  5
26F
330
17
100
AcDbEntity
  8
5
100
AcDbText
 10
1854.0
 20
-29.5
 30
0.0
 40
7.0
  1
216
 72
1
 11
1854.0
 21
-29.5
 31
0.0
100
AcDbText
 73
2
  0
MTEXT
  5
270
330
17
100
AcDbEntity
  8
texto
100
AcDbMText
 10
1854.0
 20
-39.5
 30
0.0
 40
6.0
 71
5
  1
9 1/2pont
  0
TEXT
  5
271
330
17
100
AcDbEntity
  8
5
100
AcDbText
 10
2084.0
 20
-15.5
 30
0.0
 40
12.0
  1
17
 72
1
 11
2084.0
 21
-15.5
 31
0.0
100
AcDbText
 73
2
  0
TEXT
  5
272
330
17
100
AcDbEntity
  8
5
100
AcDbText
 10
2084.0
 20
-29.5
 30
0.0
 40
7.0
  1
244
 72
1
 11
2084.0
 21
-29.5
 31
0.0
100
AcDbText
 73
2
  0
MTEXT
  5
273
330
17
100
AcDbEntity
  8
texto
100
AcDbMText
 10
2084.0
 20
-39.5
 30
0.0
 40
6.0
 71
5
  1
10 1/2pont
  0
TEXT
  5
274
330
17
100
AcDbEntity
  8
5
100
AcDbText
 10
2328.0
 20
-15.5
 30
0.0
 40
12.0
  1
18
 72
1
 11
2328.0
 21
-15.5
 31
0.0
100
AcDbText
 73
2
  0
TEXT
  5
275
330
17
100
AcDbEntity
  8
5
100
AcDbText
 10
2328.0
 20
-29.5
 30
0.0
 40
7.0
  1
244
 72
1
 11
2328.0
 21
-29.5
 31
0.0
100
AcDbText
 73
2
  0
MTEXT
  5
276
330
17
100
AcDbEntity
  8
texto
100
AcDbMText
 10
2328.0
 20
-39.5
 30
0.0
 40
6.0
 71
5
  1
10 1/2pont
  0
TEXT
  5
277
330
17
100
AcDbEntity
  8
5
100
AcDbText
 10
2572.0
 20
-15.5
 30
0.0
 40
12.0
  1
19
 72
1
 11
2572.0
 21
-15.5
 31
0.0
100
AcDbText
 73
2
  0
TEXT
  5
278
330
17
100
AcDbEntity
  8
5
100
AcDbText
 10
2572.0
 20
-29.5
 30
0.0
 40
7.0
  1
244
 72
1
 11
2572.0
 21
-29.5
 31
0.0
100
AcDbText
 73
2
  0
MTEXT
  5
279
330
17
100
AcDbEntity
  8
texto
100
AcDbMText
 10
2572.0
 20
-39.5
 30
0.0
 40
6.0
 71
5
  1
10 1/2pont
  0
TEXT
  5
27A
330
17
100
AcDbEntity
  8
5
100
AcDbText
 10
2816.0
 20
-15.5
 30
0.0
 40
12.0
  1
20
 72
1
 11
2816.0
 21
-15.5
 31
0.0
100
AcDbText
 73
2
  0
TEXT
  5
27B
330
17
100
AcDbEntity
  8
5
100
AcDbText
 10
2816.0
 20
-29.5
 30
0.0
 40
7.0
  1
244
 72
1
 11
2816.0
 21
-29.5
 31
0.0
100
AcDbText
 73
2
  0
MTEXT
  5
27C
330
17
100
AcDbEntity
  8
texto
100
AcDbMText
 10
2816.0
 20
-39.5
 30
0.0
 40
6.0
 71
5
  1
10 1/2pont
  0
TEXT
  5
27D
330
17
100
AcDbEntity
  8
5
100
AcDbText
 10
3078.0
 20
-15.5
 30
0.0
 40
12.0
  1
21
 72
1
 11
3078.0
 21
-15.5
 31
0.0
100
AcDbText
 73
2
  0
TEXT
  5
27E
330
17
100
AcDbEntity
  8
5
100
AcDbText
 10
3078.0
 20
-29.5
 30
0.0
 40
7.0
  1
280
 72
1
 11
3078.0
 21
-29.5
 31
0.0
100
AcDbText
 73
2
  0
MTEXT
  5
27F
330
17
100
AcDbEntity
  8
texto
100
AcDbMText
 10
3078.0
 20
-39.5
 30
0.0
 40
6.0
 71
5
  1
11 1/2pont
  0
TEXT
  5
280
330
17
100
AcDbEntity
  8
5
100
AcDbText
 10
3360.0
 20
-15.5
 30
0.0
 40
12.0
  1
22
 72
1
 11
3360.0
 21
-15.5
 31
0.0
100
AcDbText
 73
2
  0
TEXT
  5
281
330
17
100
AcDbEntity
  8
5
100
AcDbText
 10
3360.0
 20
-29.5
 30
0.0
 40
7.0
  1
284
 72
1
 11
3360.0
 21
-29.5
 31
0.0
100
AcDbText
 73
2
  0
MTEXT
  5
282
330
17
100
AcDbEntity
  8
texto
100
AcDbMText
 10
3360.0
 20
-39.5
 30
0.0
 40
6.0
 71
5
  1
12 1/2pont
  0
DIMENSION
  5
283
330
17
100
AcDbEntity
  8
COTA
100
AcDbDimension
280
0
  2
*D7
  3
PAINEL
 10
197.0
 20
-76.0
 30
0.0
 11
217.0
 21
-68.0
 31
0.0
 70
32
 71
5
  1
<>
100
AcDbAlignedDimension
 13
197.0
 23
-39.0
 33
0.0
 14
237.0
 24
-39.0
 34
0.0
 50
0.0
100
AcDbRotatedDimension
  0
DIMENSION
  5
292
330
17
100
AcDbEntity
  8
COTA
100
AcDbDimension
280
0
  2
*D8
  3
PAINEL
 10
237.0
 20
-76.0
 30
0.0
 11
261.0
 21
-68.0
 31
0.0
 70
32
 71
5
  1
<>
100
AcDbAlignedDimension
 13
237.0
 23
-39.0
 33
0.0
 14
285.0
 24
-39.0
 34
0.0
 50
0.0
100
AcDbRotatedDimension
  0
DIMENSION
  5
2A1
330
17
100
AcDbEntity
  8
COTA
100
AcDbDimension
280
0
  2
*D9
  3
PAINEL
 10
285.0
 20
-76.0
 30
0.0
 11
313.0
 21
-68.0
 31
0.0
 70
32
 71
5
  1
<>
100
AcDbAlignedDimension
 13
285.0
 23
-39.0
 33
0.0
 14
341.0
 24
-39.0
 34
0.0
 50
0.0
100
AcDbRotatedDimension
  0
DIMENSION
  5
2B0
330
17
100
AcDbEntity
  8
COTA
100
AcDbDimension
280
0
  2
*D10
  3
PAINEL
 10
341.0
 20
-76.0
 30
0.0
 11
369.5
 21
-68.0
 31
0.0
 70
32
 71
5
  1
<>
100
AcDbAlignedDimension
 13
341.0
 23
-39.0
 33
0.0
 14
398.0
 24
-39.0
 34
0.0
 50
0.0
100
AcDbRotatedDimension
  0
DIMENSION
  5
2BF
330
17
100
AcDbEntity
  8
COTA
100
AcDbDimension
280
0
  2
*D11
  3
PAINEL
 10
398.0
 20
-76.0
 30
0.0
 11
428.5
 21
-68.0
 31
0.0
 70
32
 71
5
  1
<>
100
AcDbAlignedDimension
 13
398.0
 23
-39.0
 33
0.0
 14
459.0
 24
-39.0
 34
0.0
 50
0.0
100
AcDbRotatedDimension
  0
DIMENSION
  5
2CE
330
17
100
AcDbEntity
  8
COTA
100
AcDbDimension
280
0
  2
*D12
  3
PAINEL
 10
459.0
 20
-76.0
 30
0.0
 11
492.0
 21
-68.0
 31
0.0
 70
32
 71
5
  1
<>
100
AcDbAlignedDimension
 13
459.0
 23
-39.0
 33
0.0
 14
525.0
 24
-39.0
 34
0.0
 50
0.0
100
AcDbRotatedDimension
  0
DIMENSION
  5
2DD
330
17
100
AcDbEntity
  8
COTA
100
AcDbDimension
280
0
  2
*D13
  3
PAINEL
 10
525.0
 20
-76.0
 30
0.0
 11
559.0
 21
-68.0
 31
0.0
 70
32
 71
5
  1
<>
100
AcDbAlignedDimension
 13
525.0
 23
-39.0
 33
0.0
 14
593.0
 24
-39.0
 34
0.0
 50
0.0
100
AcDbRotatedDimension
  0
DIMENSION
  5
2EC
330
17
100
AcDbEntity
  8
COTA
100
AcDbDimension
280
0
  2
*D14
  3
PAINEL
 10
593.0
 20
-76.0
 30
0.0
 11
632.0
 21
-68.0
 31
0.0
 70
32
 71
5
  1
<>
100
AcDbAlignedDimension
 13
593.0
 23
-39.0
 33
0.0
 14
671.0
 24
-39.0
 34
0.0
 50
0.0
100
AcDbRotatedDimension
  0
DIMENSION
  5
2FB
330
17
100
AcDbEntity
  8
COTA
100
AcDbDimension
280
0
  2
*D15
  3
PAINEL
 10
671.0
 20
-76.0
 30
0.0
 11
722.0
 21
-68.0
 31
0.0
 70
32
 71
5
  1
<>
100
AcDbAlignedDimension
 13
671.0
 23
-39.0
 33
0.0
 14
773.0
 24
-39.0
 34
0.0
 50
0.0
100
AcDbRotatedDimension
  0
DIMENSION
  5
30A
330
17
100
AcDbEntity
  8
COTA
100
AcDbDimension
280
0
  2
*D16
  3
PAINEL
 10
773.0
 20
-76.0
 30
0.0
 11
828.5
 21
-68.0
 31
0.0
 70
32
 71
5
  1
<>
100
AcDbAlignedDimension
 13
773.0
 23
-39.0
 33
0.0
 14
884.0
 24
-39.0
 34
0.0
 50
0.0
100
AcDbRotatedDimension
  0
DIMENSION
  5
319
330
17
100
AcDbEntity
  8
COTA
100
AcDbDimension
280
0
  2
*D17
  3
PAINEL
 10
884.0
 20
-76.0
 30
0.0
 11
942.5
 21
-68.0
 31
0.0
 70
32
 71
5
  1
<>
100
AcDbAlignedDimension
 13
884.0
 23
-39.0
 33
0.0
 14
1001.0
 24
-39.0
 34
0.0
 50
0.0
100
AcDbRotatedDimension
  0
DIMENSION
  5
328
330
17
100
AcDbEntity
  8
COTA
100
AcDbDimension
280
0
  2
*D18
  3
PAINEL
 10
1001.0
 20
-76.0
 30
0.0
 11
1062.0
 21
-68.0
 31
0.0
 70
32
 71
5
  1
<>
100
AcDbAlignedDimension
 13
1001.0
 23
-39.0
 33
0.0
 14
1123.0
 24
-39.0
 34
0.0
 50
0.0
100
AcDbRotatedDimension
  0
DIMENSION
  5
337
330
17
100
AcDbEntity
  8
COTA
100
AcDbDimension
280
0
  2
*D19
  3
PAINEL
 10
1123.0
 20
-76.0
 30
0.0
 11
1221.0
 21
-68.0
 31
0.0
 70
32
 71
5
  1
<>
100
AcDbAlignedDimension
 13
1123.0
 23
-39.0
 33
0.0
 14
1319.0
 24
-39.0
 34
0.0
 50
0.0
100
AcDbRotatedDimension
  0
DIMENSION
  5
346
330
17
100
AcDbEntity
  8
COTA
100
AcDbDimension
280
0
  2
*D20
  3
PAINEL
 10
1319.0
 20
-76.0
 30
0.0
 11
1424.5
 21
-68.0
 31
0.0
 70
32
 71
5
  1
<>
100
AcDbAlignedDimension
 13
1319.0
 23
-39.0
 33
0.0
 14
1530.0
 24
-39.0
 34
0.0
 50
0.0
100
AcDbRotatedDimension
  0
DIMENSION
  5
355
330
17
100
AcDbEntity
  8
COTA
100
AcDbDimension
280
0
  2
*D21
  3
PAINEL
 10
1530.0
 20
-76.0
 30
0.0
 11
1638.0
 21
-68.0
 31
0.0
 70
32
 71
5
  1
<>
100
AcDbAlignedDimension
 13
1530.0
 23
-39.0
 33
0.0
 14
1746.0
 24
-39.0
 34
0.0
 50
0.0
100
AcDbRotatedDimension
  0
DIMENSION
  5
364
330
17
100
AcDbEntity
  8
COTA
100
AcDbDimension
280
0
  2
*D22
  3
PAINEL
 10
1746.0
 20
-76.0
 30
0.0
 11
1854.0
 21
-68.0
 31
0.0
 70
32
 71
5
  1
<>
100
AcDbAlignedDimension
 13
1746.0
 23
-39.0
 33
0.0
 14
1962.0
 24
-39.0
 34
0.0
 50
0.0
100
AcDbRotatedDimension
  0
DIMENSION
  5
373
330
17
100
AcDbEntity
  8
COTA
100
AcDbDimension
280
0
  2
*D23
  3
PAINEL
 10
1962.0
 20
-76.0
 30
0.0
 11
2084.0
 21
-68.0
 31
0.0
 70
32
 71
5
  1
<>
100
AcDbAlignedDimension
 13
1962.0
 23
-39.0
 33
0.0
 14
2206.0
 24
-39.0
 34
0.0
 50
0.0
100
AcDbRotatedDimension
  0
DIMENSION
  5
382
330
17
100
AcDbEntity
  8
COTA
100
AcDbDimension
280
0
  2
*D24
  3
PAINEL
 10
2206.0
 20
-76.0
 30
0.0
 11
2328.0
 21
-68.0
 31
0.0
 70
32
 71
5
  1
<>
100
AcDbAlignedDimension
 13
2206.0
 23
-39.0
 33
0.0
 14
2450.0
 24
-39.0
 34
0.0
 50
0.0
100
AcDbRotatedDimension
  0
DIMENSION
  5
391
330
17
100
AcDbEntity
  8
COTA
100
AcDbDimension
280
0
  2
*D25
  3
PAINEL
 10
2450.0
 20
-76.0
 30
0.0
 11
2572.0
 21
-68.0
 31
0.0
 70
32
 71
5
  1
<>
100
AcDbAlignedDimension
 13
2450.0
 23
-39.0
 33
0.0
 14
2694.0
 24
-39.0
 34
0.0
 50
0.0
100
AcDbRotatedDimension
  0
DIMENSION
  5
3A0
330
17
100
AcDbEntity
  8
COTA
100
AcDbDimension
280
0
  2
*D26
  3
PAINEL
 10
2694.0
 20
-76.0
 30
0.0
 11
2816.0
 21
-68.0
 31
0.0
 70
32
 71
5
  1
<>
100
AcDbAlignedDimension
 13
2694.0
 23
-39.0
 33
0.0
 14
2938.0
 24
-39.0
 34
0.0
 50
0.0
100
AcDbRotatedDimension
  0
DIMENSION
  5
3AF
330
17
100
AcDbEntity
  8
COTA
100
AcDbDimension
280
0
  2
*D27
  3
PAINEL
 10
2938.0
 20
-76.0
 30
0.0
 11
3078.0
 21
-68.0
 31
0.0
 70
32
 71
5
  1
<>
100
AcDbAlignedDimension
 13
2938.0
 23
-39.0
 33
0.0
 14
3218.0
 24
-39.0
 34
0.0
 50
0.0
100
AcDbRotatedDimension
  0
DIMENSION
  5
3BE
330
17
100
AcDbEntity
  8
COTA
100
AcDbDimension
280
0
  2
*D28
  3
PAINEL
 10
3218.0
 20
-76.0
 30
0.0
 11
3360.0
 21
-68.0
 31
0.0
 70
32
 71
5
  1
<>
100
AcDbAlignedDimension
 13
3218.0
 23
-39.0
 33
0.0
 14
3502.0
 24
-39.0
 34
0.0
 50
0.0
100
AcDbRotatedDimension
  0
DIMENSION
  5
3CD
330
17
100
AcDbEntity
  8
COTA
100
AcDbDimension
280
0
  2
*D29
  3
PAINEL
 10
197.0
 20
-99.0
 30
0.0
 11
1849.5
 21
-91.0
 31
0.0
 70
32
 71
5
  1
<>
100
AcDbAlignedDimension
 13
197.0
 23
-39.0
 33
0.0
 14
3502.0
 24
-39.0
 34
0.0
 50
0.0
100
AcDbRotatedDimension
  0
DIMENSION
  5
3DC
330
17
100
AcDbEntity
  8
COTA
100
AcDbDimension
280
0
  2
*D30
  3
PAINEL
 10
169.0
 20
-46.0
 30
0.0
 11
158.0
 21
-42.5
 31
0.0
 70
32
 71
5
  1
<>
100
AcDbAlignedDimension
 13
197.0
 23
-46.0
 33
0.0
 14
197.0
 24
-39.0
 34
0.0
 50
90.0
100
AcDbRotatedDimension
  0
DIMENSION
  5
3EB
330
17
100
AcDbEntity
  8
COTA
100
AcDbDimension
280
0
  2
*D31
  3
PAINEL
 10
169.0
 20
-39.0
 30
0.0
 11
161.0
 21
-19.5
 31
0.0
 70
32
 71
5
  1
<>
100
AcDbAlignedDimension
 13
197.0
 23
-39.0
 33
0.0
 14
197.0
 24
0.0
 34
0.0
 50
90.0
100
AcDbRotatedDimension
  0
DIMENSION
  5
3FA
330
17
100
AcDbEntity
  8
COTA
100
AcDbDimension
280
0
  2
*D32
  3
PAINEL
 10
169.0
 20
0.0
 30
0.0
 11
158.0
 21
3.5
 31
0.0
 70
32
 71
5
  1
<>
100
AcDbAlignedDimension
 13
197.0
 23
0.0
 33
0.0
 14
197.0
 24
7.0
 34
0.0
 50
90.0
100
AcDbRotatedDimension
  0
DIMENSION
  5
409
330
17
100
AcDbEntity
  8
COTA
100
AcDbDimension
280
0
  2
*D33
  3
PAINEL
 10
3530.0
 20
-46.0
 30
0.0
 11
3522.0
 21
-19.5
 31
0.0
 70
32
 71
5
  1
<>
100
AcDbAlignedDimension
 13
3502.0
 23
-46.0
 33
0.0
 14
3502.0
 24
7.0
 34
0.0
 50
90.0
100
AcDbRotatedDimension
  0
LWPOLYLINE
  5
418
330
17
100
AcDbEntity
  8
SCO-___-LAJ
100
AcDbPolyline
 90
4
 70
1
 10
3552.0
 20
-32.0
 10
3598.0
 20
-32.0
 10
3598.0
 20
-25.0
 10
3552.0
 20
-25.0
  0
HATCH
  5
419
330
17
100
AcDbEntity
  8
COTA
 62
7
100
AcDbHatch
 10
0.0
 20
0.0
 30
0.0
210
0.0
220
0.0
230
1.0
  2
ANSI31
 70
0
 71
0
 91
1
 92
3
 72
0
 73
1
 93
4
 10
3552.0
 20
-32.0
 10
3598.0
 20
-32.0
 10
3598.0
 20
-25.0
 10
3552.0
 20
-25.0
 97
0
 75
1
 76
1
 52
0.0
 41
0.5
 77
0
 78
1
 53
45.0
 43
0.0
 44
0.0
 45
-1.1225320152
 46
1.1225320152
 79
0
 98
0
  0
LWPOLYLINE
  5
41A
330
17
100
AcDbEntity
  8
SCO-___-LAJ
100
AcDbPolyline
 90
4
 70
1
 10
3598.0
 20
-32.0
 10
3670.0
 20
-32.0
 10
3670.0
 20
-25.0
 10
3598.0
 20
-25.0
  0
HATCH
  5
41B
330
17
100
AcDbEntity
  8
COTA
 62
7
100
AcDbHatch
 10
0.0
 20
0.0
 30
0.0
210
0.0
220
0.0
230
1.0
  2
ANSI31
 70
0
 71
0
 91
1
 92
3
 72
0
 73
1
 93
4
 10
3598.0
 20
-32.0
 10
3670.0
 20
-32.0
 10
3670.0
 20
-25.0
 10
3598.0
 20
-25.0
 97
0
 75
1
 76
1
 52
0.0
 41
0.5
 77
0
 78
1
 53
45.0
 43
0.0
 44
0.0
 45
-1.1225320152
 46
1.1225320152
 79
0
 98
0
  0
LWPOLYLINE
  5
41C
330
17
100
AcDbEntity
  8
SCO-___-LAJ
100
AcDbPolyline
 90
4
 70
1
 10
3670.0
 20
-32.0
 10
3790.0
 20
-32.0
 10
3790.0
 20
-25.0
 10
3670.0
 20
-25.0
  0
HATCH
  5
41D
330
17
100
AcDbEntity
  8
COTA
 62
7
100
AcDbHatch
 10
0.0
 20
0.0
 30
0.0
210
0.0
220
0.0
230
1.0
  2
ANSI31
 70
0
 71
0
 91
1
 92
3
 72
0
 73
1
 93
4
 10
3670.0
 20
-32.0
 10
3790.0
 20
-32.0
 10
3790.0
 20
-25.0
 10
3670.0
 20
-25.0
 97
0
 75
1
 76
1
 52
0.0
 41
0.5
 77
0
 78
1
 53
45.0
 43
0.0
 44
0.0
 45
-1.1225320152
 46
1.1225320152
 79
0
 98
0
  0
LWPOLYLINE
  5
41E
330
17
100
AcDbEntity
  8
SCO-___-LAJ
100
AcDbPolyline
 90
4
 70
1
 10
3790.0
 20
-32.0
 10
3912.0
 20
-32.0
 10
3912.0
 20
-25.0
 10
3790.0
 20
-25.0
  0
HATCH
  5
41F
330
17
100
AcDbEntity
  8
COTA
 62
7
100
AcDbHatch
 10
0.0
 20
0.0
 30
0.0
210
0.0
220
0.0
230
1.0
  2
ANSI31
 70
0
 71
0
 91
1
 92
3
 72
0
 73
1
 93
4
 10
3790.0
 20
-32.0
 10
3912.0
 20
-32.0
 10
3912.0
 20
-25.0
 10
3790.0
 20
-25.0
 97
0
 75
1
 76
1
 52
0.0
 41
0.5
 77
0
 78
1
 53
45.0
 43
0.0
 44
0.0
 45
-1.1225320152
 46
1.1225320152
 79
0
 98
0
  0
LWPOLYLINE
  5
420
330
17
100
AcDbEntity
  8
SCO-___-LAJ
100
AcDbPolyline
 90
4
 70
1
 10
3912.0
 20
-32.0
 10
4085.6
 20
-32.0
 10
4085.6
 20
-25.0
 10
3912.0
 20
-25.0
  0
HATCH
  5
421
330
17
100
AcDbEntity
  8
COTA
 62
7
100
AcDbHatch
 10
0.0
 20
0.0
 30
0.0
210
0.0
220
0.0
230
1.0
  2
ANSI31
 70
0
 71
0
 91
1
 92
3
 72
0
 73
1
 93
4
 10
3912.0
 20
-32.0
 10
4085.6
 20
-32.0
 10
4085.6
 20
-25.0
 10
3912.0
 20
-25.0
 97
0
 75
1
 76
1
 52
0.0
 41
0.5
 77
0
 78
1
 53
45.0
 43
0.0
 44
0.0
 45
-1.1225320152
 46
1.1225320152
 79
0
 98
0
  0
LWPOLYLINE
  5
422
330
17
100
AcDbEntity
  8
SCO-___-LAJ
100
AcDbPolyline
 90
4
 70
1
 10
4085.6
 20
-32.0
 10
4295.6
 20
-32.0
 10
4295.6
 20
-25.0
 10
4085.6
 20
-25.0
  0
HATCH
  5
423
330
17
100
AcDbEntity
  8
COTA
 62
7
100
AcDbHatch
 10
0.0
 20
0.0
 30
0.0
210
0.0
220
0.0
230
1.0
  2
ANSI31
 70
0
 71
0
 91
1
 92
3
 72
0
 73
1
 93
4
 10
4085.6
 20
-32.0
 10
4295.6
 20
-32.0
 10
4295.6
 20
-25.0
 10
4085.6
 20
-25.0
 97
0
 75
1
 76
1
 52
0.0
 41
0.5
 77
0
 78
1
 53
45.0
 43
0.0
 44
0.0
 45
-1.1225320152
 46
1.1225320152
 79
0
 98
0
  0
LWPOLYLINE
  5
424
330
17
100
AcDbEntity
  8
SCO-___-LAJ
100
AcDbPolyline
 90
4
 70
1
 10
4295.6
 20
-32.0
 10
4512.6
 20
-32.0
 10
4512.6
 20
-25.0
 10
4295.6
 20
-25.0
  0
HATCH
  5
425
330
17
100
AcDbEntity
  8
COTA
 62
7
100
AcDbHatch
 10
0.0
 20
0.0
 30
0.0
210
0.0
220
0.0
230
1.0
  2
ANSI31
 70
0
 71
0
 91
1
 92
3
 72
0
 73
1
 93
4
 10
4295.6
 20
-32.0
 10
4512.6
 20
-32.0
 10
4512.6
 20
-25.0
 10
4295.6
 20
-25.0
 97
0
 75
1
 76
1
 52
0.0
 41
0.5
 77
0
 78
1
 53
45.0
 43
0.0
 44
0.0
 45
-1.1225320152
 46
1.1225320152
 79
0
 98
0
  0
LWPOLYLINE
  5
426
330
17
100
AcDbEntity
  8
SCO-___-LAJ
100
AcDbPolyline
 90
4
 70
1
 10
4512.6
 20
-32.0
 10
4754.6
 20
-32.0
 10
4754.6
 20
-25.0
 10
4512.6
 20
-25.0
  0
HATCH
  5
427
330
17
100
AcDbEntity
  8
COTA
 62
7
100
AcDbHatch
 10
0.0
 20
0.0
 30
0.0
210
0.0
220
0.0
230
1.0
  2
ANSI31
 70
0
 71
0
 91
1
 92
3
 72
0
 73
1
 93
4
 10
4512.6
 20
-32.0
 10
4754.6
 20
-32.0
 10
4754.6
 20
-25.0
 10
4512.6
 20
-25.0
 97
0
 75
1
 76
1
 52
0.0
 41
0.5
 77
0
 78
1
 53
45.0
 43
0.0
 44
0.0
 45
-1.1225320152
 46
1.1225320152
 79
0
 98
0
  0
LWPOLYLINE
  5
428
330
17
100
AcDbEntity
  8
SCO-___-LAJ
100
AcDbPolyline
 90
4
 70
1
 10
3552.0
 20
0.0
 10
3598.0
 20
0.0
 10
3598.0
 20
7.0
 10
3552.0
 20
7.0
  0
HATCH
  5
429
330
17
100
AcDbEntity
  8
COTA
 62
7
100
AcDbHatch
 10
0.0
 20
0.0
 30
0.0
210
0.0
220
0.0
230
1.0
  2
ANSI31
 70
0
 71
0
 91
1
 92
3
 72
0
 73
1
 93
4
 10
3552.0
 20
0.0
 10
3598.0
 20
0.0
 10
3598.0
 20
7.0
 10
3552.0
 20
7.0
 97
0
 75
1
 76
1
 52
0.0
 41
0.5
 77
0
 78
1
 53
45.0
 43
0.0
 44
0.0
 45
-1.1225320152
 46
1.1225320152
 79
0
 98
0
  0
LWPOLYLINE
  5
42A
330
17
100
AcDbEntity
  8
SCO-___-LAJ
100
AcDbPolyline
 90
4
 70
1
 10
3598.0
 20
0.0
 10
3670.0
 20
0.0
 10
3670.0
 20
7.0
 10
3598.0
 20
7.0
  0
HATCH
  5
42B
330
17
100
AcDbEntity
  8
COTA
 62
7
100
AcDbHatch
 10
0.0
 20
0.0
 30
0.0
210
0.0
220
0.0
230
1.0
  2
ANSI31
 70
0
 71
0
 91
1
 92
3
 72
0
 73
1
 93
4
 10
3598.0
 20
0.0
 10
3670.0
 20
0.0
 10
3670.0
 20
7.0
 10
3598.0
 20
7.0
 97
0
 75
1
 76
1
 52
0.0
 41
0.5
 77
0
 78
1
 53
45.0
 43
0.0
 44
0.0
 45
-1.1225320152
 46
1.1225320152
 79
0
 98
0
  0
LWPOLYLINE
  5
42C
330
17
100
AcDbEntity
  8
SCO-___-LAJ
100
AcDbPolyline
 90
4
 70
1
 10
3670.0
 20
0.0
 10
3790.0
 20
0.0
 10
3790.0
 20
7.0
 10
3670.0
 20
7.0
  0
HATCH
  5
42D
330
17
100
AcDbEntity
  8
COTA
 62
7
100
AcDbHatch
 10
0.0
 20
0.0
 30
0.0
210
0.0
220
0.0
230
1.0
  2
ANSI31
 70
0
 71
0
 91
1
 92
3
 72
0
 73
1
 93
4
 10
3670.0
 20
0.0
 10
3790.0
 20
0.0
 10
3790.0
 20
7.0
 10
3670.0
 20
7.0
 97
0
 75
1
 76
1
 52
0.0
 41
0.5
 77
0
 78
1
 53
45.0
 43
0.0
 44
0.0
 45
-1.1225320152
 46
1.1225320152
 79
0
 98
0
  0
LWPOLYLINE
  5
42E
330
17
100
AcDbEntity
  8
SCO-___-LAJ
100
AcDbPolyline
 90
4
 70
1
 10
3790.0
 20
0.0
 10
3912.0
 20
0.0
 10
3912.0
 20
7.0
 10
3790.0
 20
7.0
  0
HATCH
  5
42F
330
17
100
AcDbEntity
  8
COTA
 62
7
100
AcDbHatch
 10
0.0
 20
0.0
 30
0.0
210
0.0
220
0.0
230
1.0
  2
ANSI31
 70
0
 71
0
 91
1
 92
3
 72
0
 73
1
 93
4
 10
3790.0
 20
0.0
 10
3912.0
 20
0.0
 10
3912.0
 20
7.0
 10
3790.0
 20
7.0
 97
0
 75
1
 76
1
 52
0.0
 41
0.5
 77
0
 78
1
 53
45.0
 43
0.0
 44
0.0
 45
-1.1225320152
 46
1.1225320152
 79
0
 98
0
  0
LWPOLYLINE
  5
430
330
17
100
AcDbEntity
  8
SCO-___-LAJ
100
AcDbPolyline
 90
4
 70
1
 10
3912.0
 20
0.0
 10
4085.6
 20
0.0
 10
4085.6
 20
7.0
 10
3912.0
 20
7.0
  0
HATCH
  5
431
330
17
100
AcDbEntity
  8
COTA
 62
7
100
AcDbHatch
 10
0.0
 20
0.0
 30
0.0
210
0.0
220
0.0
230
1.0
  2
ANSI31
 70
0
 71
0
 91
1
 92
3
 72
0
 73
1
 93
4
 10
3912.0
 20
0.0
 10
4085.6
 20
0.0
 10
4085.6
 20
7.0
 10
3912.0
 20
7.0
 97
0
 75
1
 76
1
 52
0.0
 41
0.5
 77
0
 78
1
 53
45.0
 43
0.0
 44
0.0
 45
-1.1225320152
 46
1.1225320152
 79
0
 98
0
  0
LWPOLYLINE
  5
432
330
17
100
AcDbEntity
  8
SCO-___-LAJ
100
AcDbPolyline
 90
4
 70
1
 10
4085.6
 20
0.0
 10
4295.6
 20
0.0
 10
4295.6
 20
7.0
 10
4085.6
 20
7.0
  0
HATCH
  5
433
330
17
100
AcDbEntity
  8
COTA
 62
7
100
AcDbHatch
 10
0.0
 20
0.0
 30
0.0
210
0.0
220
0.0
230
1.0
  2
ANSI31
 70
0
 71
0
 91
1
 92
3
 72
0
 73
1
 93
4
 10
4085.6
 20
0.0
 10
4295.6
 20
0.0
 10
4295.6
 20
7.0
 10
4085.6
 20
7.0
 97
0
 75
1
 76
1
 52
0.0
 41
0.5
 77
0
 78
1
 53
45.0
 43
0.0
 44
0.0
 45
-1.1225320152
 46
1.1225320152
 79
0
 98
0
  0
LWPOLYLINE
  5
434
330
17
100
AcDbEntity
  8
SCO-___-LAJ
100
AcDbPolyline
 90
4
 70
1
 10
4295.6
 20
0.0
 10
4512.6
 20
0.0
 10
4512.6
 20
7.0
 10
4295.6
 20
7.0
  0
HATCH
  5
435
330
17
100
AcDbEntity
  8
COTA
 62
7
100
AcDbHatch
 10
0.0
 20
0.0
 30
0.0
210
0.0
220
0.0
230
1.0
  2
ANSI31
 70
0
 71
0
 91
1
 92
3
 72
0
 73
1
 93
4
 10
4295.6
 20
0.0
 10
4512.6
 20
0.0
 10
4512.6
 20
7.0
 10
4295.6
 20
7.0
 97
0
 75
1
 76
1
 52
0.0
 41
0.5
 77
0
 78
1
 53
45.0
 43
0.0
 44
0.0
 45
-1.1225320152
 46
1.1225320152
 79
0
 98
0
  0
LWPOLYLINE
  5
436
330
17
100
AcDbEntity
  8
SCO-___-LAJ
100
AcDbPolyline
 90
4
 70
1
 10
4512.6
 20
0.0
 10
4754.6
 20
0.0
 10
4754.6
 20
7.0
 10
4512.6
 20
7.0
  0
HATCH
  5
437
330
17
100
AcDbEntity
  8
COTA
 62
7
100
AcDbHatch
 10
0.0
 20
0.0
 30
0.0
210
0.0
220
0.0
230
1.0
  2
ANSI31
 70
0
 71
0
 91
1
 92
3
 72
0
 73
1
 93
4
 10
4512.6
 20
0.0
 10
4754.6
 20
0.0
 10
4754.6
 20
7.0
 10
4512.6
 20
7.0
 97
0
 75
1
 76
1
 52
0.0
 41
0.5
 77
0
 78
1
 53
45.0
 43
0.0
 44
0.0
 45
-1.1225320152
 46
1.1225320152
 79
0
 98
0
  0
LINE
  5
438
330
17
100
AcDbEntity
  8
Painéis
100
AcDbLine
 10
3552.0
 20
-25.0
 30
0.0
 11
3598.0
 21
-25.0
 31
0.0
  0
LINE
  5
439
330
17
100
AcDbEntity
  8
Painéis
100
AcDbLine
 10
3552.0
 20
0.0
 30
0.0
 11
3598.0
 21
0.0
 31
0.0
  0
LINE
  5
43A
330
17
100
AcDbEntity
  8
Painéis
100
AcDbLine
 10
3552.0
 20
-25.0
 30
0.0
 11
3552.0
 21
0.0
 31
0.0
  0
LINE
  5
43B
330
17
100
AcDbEntity
  8
Painéis
100
AcDbLine
 10
3598.0
 20
-25.0
 30
0.0
 11
3598.0
 21
0.0
 31
0.0
  0
LINE
  5
43C
330
17
100
AcDbEntity
  8
Painéis
100
AcDbLine
 10
3598.0
 20
-25.0
 30
0.0
 11
3598.0
 21
0.0
 31
0.0
  0
LINE
  5
43D
330
17
100
AcDbEntity
  8
Painéis
100
AcDbLine
 10
3598.0
 20
-25.0
 30
0.0
 11
3670.0
 21
-25.0
 31
0.0
  0
LINE
  5
43E
330
17
100
AcDbEntity
  8
Painéis
100
AcDbLine
 10
3598.0
 20
0.0
 30
0.0
 11
3670.0
 21
0.0
 31
0.0
  0
LINE
  5
43F
330
17
100
AcDbEntity
  8
Painéis
100
AcDbLine
 10
3598.0
 20
-25.0
 30
0.0
 11
3598.0
 21
0.0
 31
0.0
  0
LINE
  5
440
330
17
100
AcDbEntity
  8
Painéis
100
AcDbLine
 10
3670.0
 20
-25.0
 30
0.0
 11
3670.0
 21
0.0
 31
0.0
  0
LINE
  5
441
330
17
100
AcDbEntity
  8
Painéis
100
AcDbLine
 10
3670.0
 20
-25.0
 30
0.0
 11
3670.0
 21
0.0
 31
0.0
  0
LINE
  5
442
330
17
100
AcDbEntity
  8
Painéis
100
AcDbLine
 10
3670.0
 20
-25.0
 30
0.0
 11
3790.0
 21
-25.0
 31
0.0
  0
LINE
  5
443
330
17
100
AcDbEntity
  8
Painéis
100
AcDbLine
 10
3670.0
 20
0.0
 30
0.0
 11
3790.0
 21
0.0
 31
0.0
  0
LINE
  5
444
330
17
100
AcDbEntity
  8
Painéis
100
AcDbLine
 10
3670.0
 20
-25.0
 30
0.0
 11
3670.0
 21
0.0
 31
0.0
  0
LINE
  5
445
330
17
100
AcDbEntity
  8
Painéis
100
AcDbLine
 10
3790.0
 20
-25.0
 30
0.0
 11
3790.0
 21
0.0
 31
0.0
  0
LINE
  5
446
330
17
100
AcDbEntity
  8
Painéis
100
AcDbLine
 10
3790.0
 20
-25.0
 30
0.0
 11
3790.0
 21
0.0
 31
0.0
  0
LINE
  5
447
330
17
100
AcDbEntity
  8
Painéis
100
AcDbLine
 10
3790.0
 20
-25.0
 30
0.0
 11
3912.0
 21
-25.0
 31
0.0
  0
LINE
  5
448
330
17
100
AcDbEntity
  8
Painéis
100
AcDbLine
 10
3790.0
 20
0.0
 30
0.0
 11
3912.0
 21
0.0
 31
0.0
  0
LINE
  5
449
330
17
100
AcDbEntity
  8
Painéis
100
AcDbLine
 10
3790.0
 20
-25.0
 30
0.0
 11
3790.0
 21
0.0
 31
0.0
  0
LINE
  5
44A
330
17
100
AcDbEntity
  8
Painéis
100
AcDbLine
 10
3912.0
 20
-25.0
 30
0.0
 11
3912.0
 21
0.0
 31
0.0
  0
LINE
  5
44B
330
17
100
AcDbEntity
  8
Painéis
100
AcDbLine
 10
3912.0
 20
-25.0
 30
0.0
 11
3912.0
 21
0.0
 31
0.0
  0
LINE
  5
44C
330
17
100
AcDbEntity
  8
Painéis
100
AcDbLine
 10
3912.0
 20
-25.0
 30
0.0
 11
4085.6
 21
-25.0
 31
0.0
  0
LINE
  5
44D
330
17
100
AcDbEntity
  8
Painéis
100
AcDbLine
 10
3912.0
 20
0.0
 30
0.0
 11
4085.6
 21
0.0
 31
0.0
  0
LINE
  5
44E
330
17
100
AcDbEntity
  8
Painéis
100
AcDbLine
 10
3912.0
 20
-25.0
 30
0.0
 11
3912.0
 21
0.0
 31
0.0
  0
LINE
  5
44F
330
17
100
AcDbEntity
  8
Painéis
100
AcDbLine
 10
4085.6
 20
-25.0
 30
0.0
 11
4085.6
 21
0.0
 31
0.0
  0
LINE
  5
450
330
17
100
AcDbEntity
  8
Painéis
100
AcDbLine
 10
4085.6
 20
-25.0
 30
0.0
 11
4085.6
 21
0.0
 31
0.0
  0
LINE
  5
451
330
17
100
AcDbEntity
  8
Painéis
100
AcDbLine
 10
4085.6
 20
-25.0
 30
0.0
 11
4295.6
 21
-25.0
 31
0.0
  0
LINE
  5
452
330
17
100
AcDbEntity
  8
Painéis
100
AcDbLine
 10
4085.6
 20
0.0
 30
0.0
 11
4295.6
 21
0.0
 31
0.0
  0
LINE
  5
453
330
17
100
AcDbEntity
  8
Painéis
100
AcDbLine
 10
4085.6
 20
-25.0
 30
0.0
 11
4085.6
 21
0.0
 31
0.0
  0
LINE
  5
454
330
17
100
AcDbEntity
  8
Painéis
100
AcDbLine
 10
4295.6
 20
-25.0
 30
0.0
 11
4295.6
 21
0.0
 31
0.0
  0
LINE
  5
455
330
17
100
AcDbEntity
  8
Painéis
100
AcDbLine
 10
4295.6
 20
-25.0
 30
0.0
 11
4295.6
 21
0.0
 31
0.0
  0
LINE
  5
456
330
17
100
AcDbEntity
  8
Painéis
100
AcDbLine
 10
4295.6
 20
-25.0
 30
0.0
 11
4512.6
 21
-25.0
 31
0.0
  0
LINE
  5
457
330
17
100
AcDbEntity
  8
Painéis
100
AcDbLine
 10
4295.6
 20
0.0
 30
0.0
 11
4512.6
 21
0.0
 31
0.0
  0
LINE
  5
458
330
17
100
AcDbEntity
  8
Painéis
100
AcDbLine
 10
4295.6
 20
-25.0
 30
0.0
 11
4295.6
 21
0.0
 31
0.0
  0
LINE
  5
459
330
17
100
AcDbEntity
  8
Painéis
100
AcDbLine
 10
4512.6
 20
-25.0
 30
0.0
 11
4512.6
 21
0.0
 31
0.0
  0
LINE
  5
45A
330
17
100
AcDbEntity
  8
Painéis
100
AcDbLine
 10
4512.6
 20
-25.0
 30
0.0
 11
4512.6
 21
0.0
 31
0.0
  0
LINE
  5
45B
330
17
100
AcDbEntity
  8
Painéis
100
AcDbLine
 10
4512.6
 20
-25.0
 30
0.0
 11
4754.6
 21
-25.0
 31
0.0
  0
LINE
  5
45C
330
17
100
AcDbEntity
  8
Painéis
100
AcDbLine
 10
4512.6
 20
0.0
 30
0.0
 11
4754.6
 21
0.0
 31
0.0
  0
LINE
  5
45D
330
17
100
AcDbEntity
  8
Painéis
100
AcDbLine
 10
4512.6
 20
-25.0
 30
0.0
 11
4512.6
 21
0.0
 31
0.0
  0
LINE
  5
45E
330
17
100
AcDbEntity
  8
Painéis
100
AcDbLine
 10
4754.6
 20
-25.0
 30
0.0
 11
4754.6
 21
0.0
 31
0.0
  0
LINE
  5
45F
330
17
100
AcDbEntity
  8
SARR_2.2x7
100
AcDbLine
 10
3559.0
 20
-25.0
 30
0.0
 11
3559.0
 21
0.0
 31
0.0
  0
LINE
  5
460
330
17
100
AcDbEntity
  8
SARR_2.2x7
100
AcDbLine
 10
4747.6
 20
-25.0
 30
0.0
 11
4747.6
 21
0.0
 31
0.0
  0
LINE
  5
461
330
17
100
AcDbEntity
  8
SARR_3.5x7
100
AcDbLine
 10
3567.0
 20
-25.0
 30
0.0
 11
3567.0
 21
0.0
 31
0.0
  0
LINE
  5
462
330
17
100
AcDbEntity
  8
SARR_3.5x7
100
AcDbLine
 10
3570.5
 20
-25.0
 30
0.0
 11
3570.5
 21
-2.1999999999999993
 31
0.0
  0
LINE
  5
463
330
17
100
AcDbEntity
  8
SARR_3.5x7
100
AcDbLine
 10
3567.0
 20
-25.0
 30
0.0
 11
3570.5
 21
-25.0
 31
0.0
  0
LINE
  5
464
330
17
100
AcDbEntity
  8
SARR_3.5x7
100
AcDbLine
 10
3594.5
 20
-25.0
 30
0.0
 11
3594.5
 21
-2.1999999999999993
 31
0.0
  0
LINE
  5
465
330
17
100
AcDbEntity
  8
SARR_3.5x7
100
AcDbLine
 10
3598.0
 20
-25.0
 30
0.0
 11
3598.0
 21
0.0
 31
0.0
  0
LINE
  5
466
330
17
100
AcDbEntity
  8
SARR_3.5x7
100
AcDbLine
 10
3594.5
 20
-25.0
 30
0.0
 11
3598.0
 21
-25.0
 31
0.0
  0
LINE
  5
467
330
17
100
AcDbEntity
  8
SARR_3.5x7
100
AcDbLine
 10
3598.0
 20
-25.0
 30
0.0
 11
3598.0
 21
0.0
 31
0.0
  0
LINE
  5
468
330
17
100
AcDbEntity
  8
SARR_3.5x7
100
AcDbLine
 10
3601.5
 20
-25.0
 30
0.0
 11
3601.5
 21
-2.1999999999999993
 31
0.0
  0
LINE
  5
469
330
17
100
AcDbEntity
  8
SARR_3.5x7
100
AcDbLine
 10
3598.0
 20
-25.0
 30
0.0
 11
3601.5
 21
-25.0
 31
0.0
  0
LINE
  5
46A
330
17
100
AcDbEntity
  8
SARR_3.5x7
100
AcDbLine
 10
3666.5
 20
-25.0
 30
0.0
 11
3666.5
 21
-2.1999999999999993
 31
0.0
  0
LINE
  5
46B
330
17
100
AcDbEntity
  8
SARR_3.5x7
100
AcDbLine
 10
3670.0
 20
-25.0
 30
0.0
 11
3670.0
 21
0.0
 31
0.0
  0
LINE
  5
46C
330
17
100
AcDbEntity
  8
SARR_3.5x7
100
AcDbLine
 10
3666.5
 20
-25.0
 30
0.0
 11
3670.0
 21
-25.0
 31
0.0
  0
LINE
  5
46D
330
17
100
AcDbEntity
  8
SARR_3.5x7
100
AcDbLine
 10
3670.0
 20
-25.0
 30
0.0
 11
3670.0
 21
0.0
 31
0.0
  0
LINE
  5
46E
330
17
100
AcDbEntity
  8
SARR_3.5x7
100
AcDbLine
 10
3673.5
 20
-25.0
 30
0.0
 11
3673.5
 21
-2.1999999999999993
 31
0.0
  0
LINE
  5
46F
330
17
100
AcDbEntity
  8
SARR_3.5x7
100
AcDbLine
 10
3670.0
 20
-25.0
 30
0.0
 11
3673.5
 21
-25.0
 31
0.0
  0
LINE
  5
470
330
17
100
AcDbEntity
  8
SARR_3.5x7
100
AcDbLine
 10
3786.5
 20
-25.0
 30
0.0
 11
3786.5
 21
-2.1999999999999993
 31
0.0
  0
LINE
  5
471
330
17
100
AcDbEntity
  8
SARR_3.5x7
100
AcDbLine
 10
3790.0
 20
-25.0
 30
0.0
 11
3790.0
 21
0.0
 31
0.0
  0
LINE
  5
472
330
17
100
AcDbEntity
  8
SARR_3.5x7
100
AcDbLine
 10
3786.5
 20
-25.0
 30
0.0
 11
3790.0
 21
-25.0
 31
0.0
  0
LINE
  5
473
330
17
100
AcDbEntity
  8
SARR_3.5x7
100
AcDbLine
 10
3790.0
 20
-25.0
 30
0.0
 11
3790.0
 21
0.0
 31
0.0
  0
LINE
  5
474
330
17
100
AcDbEntity
  8
SARR_3.5x7
100
AcDbLine
 10
3793.5
 20
-25.0
 30
0.0
 11
3793.5
 21
-2.1999999999999993
 31
0.0
  0
LINE
  5
475
330
17
100
AcDbEntity
  8
SARR_3.5x7
100
AcDbLine
 10
3790.0
 20
-25.0
 30
0.0
 11
3793.5
 21
-25.0
 31
0.0
  0
LINE
  5
476
330
17
100
AcDbEntity
  8
SARR_3.5x7
100
AcDbLine
 10
3908.5
 20
-25.0
 30
0.0
 11
3908.5
 21
-2.1999999999999993
 31
0.0
  0
LINE
  5
477
330
17
100
AcDbEntity
  8
SARR_3.5x7
100
AcDbLine
 10
3912.0
 20
-25.0
 30
0.0
 11
3912.0
 21
0.0
 31
0.0
  0
LINE
  5
478
330
17
100
AcDbEntity
  8
SARR_3.5x7
100
AcDbLine
 10
3908.5
 20
-25.0
 30
0.0
 11
3912.0
 21
-25.0
 31
0.0
  0
LINE
  5
479
330
17
100
AcDbEntity
  8
SARR_3.5x7
100
AcDbLine
 10
3912.0
 20
-25.0
 30
0.0
 11
3912.0
 21
0.0
 31
0.0
  0
LINE
  5
47A
330
17
100
AcDbEntity
  8
SARR_3.5x7
100
AcDbLine
 10
3915.5
 20
-25.0
 30
0.0
 11
3915.5
 21
-2.1999999999999993
 31
0.0
  0
LINE
  5
47B
330
17
100
AcDbEntity
  8
SARR_3.5x7
100
AcDbLine
 10
3912.0
 20
-25.0
 30
0.0
 11
3915.5
 21
-25.0
 31
0.0
  0
LINE
  5
47C
330
17
100
AcDbEntity
  8
SARR_3.5x7
100
AcDbLine
 10
4082.1
 20
-25.0
 30
0.0
 11
4082.1
 21
-2.1999999999999993
 31
0.0
  0
LINE
  5
47D
330
17
100
AcDbEntity
  8
SARR_3.5x7
100
AcDbLine
 10
4085.6
 20
-25.0
 30
0.0
 11
4085.6
 21
0.0
 31
0.0
  0
LINE
  5
47E
330
17
100
AcDbEntity
  8
SARR_3.5x7
100
AcDbLine
 10
4082.1
 20
-25.0
 30
0.0
 11
4085.6
 21
-25.0
 31
0.0
  0
LINE
  5
47F
330
17
100
AcDbEntity
  8
SARR_3.5x7
100
AcDbLine
 10
4085.6
 20
-25.0
 30
0.0
 11
4085.6
 21
0.0
 31
0.0
  0
LINE
  5
480
330
17
100
AcDbEntity
  8
SARR_3.5x7
100
AcDbLine
 10
4089.1
 20
-25.0
 30
0.0
 11
4089.1
 21
-2.1999999999999993
 31
0.0
  0
LINE
  5
481
330
17
100
AcDbEntity
  8
SARR_3.5x7
100
AcDbLine
 10
4085.6
 20
-25.0
 30
0.0
 11
4089.1
 21
-25.0
 31
0.0
  0
LINE
  5
482
330
17
100
AcDbEntity
  8
SARR_3.5x7
100
AcDbLine
 10
4292.1
 20
-25.0
 30
0.0
 11
4292.1
 21
-2.1999999999999993
 31
0.0
  0
LINE
  5
483
330
17
100
AcDbEntity
  8
SARR_3.5x7
100
AcDbLine
 10
4295.6
 20
-25.0
 30
0.0
 11
4295.6
 21
0.0
 31
0.0
  0
LINE
  5
484
330
17
100
AcDbEntity
  8
SARR_3.5x7
100
AcDbLine
 10
4292.1
 20
-25.0
 30
0.0
 11
4295.6
 21
-25.0
 31
0.0
  0
LINE
  5
485
330
17
100
AcDbEntity
  8
SARR_3.5x7
100
AcDbLine
 10
4295.6
 20
-25.0
 30
0.0
 11
4295.6
 21
0.0
 31
0.0
  0
LINE
  5
486
330
17
100
AcDbEntity
  8
SARR_3.5x7
100
AcDbLine
 10
4299.1
 20
-25.0
 30
0.0
 11
4299.1
 21
-2.1999999999999993
 31
0.0
  0
LINE
  5
487
330
17
100
AcDbEntity
  8
SARR_3.5x7
100
AcDbLine
 10
4295.6
 20
-25.0
 30
0.0
 11
4299.1
 21
-25.0
 31
0.0
  0
LINE
  5
488
330
17
100
AcDbEntity
  8
SARR_3.5x7
100
AcDbLine
 10
4509.1
 20
-25.0
 30
0.0
 11
4509.1
 21
-2.1999999999999993
 31
0.0
  0
LINE
  5
489
330
17
100
AcDbEntity
  8
SARR_3.5x7
100
AcDbLine
 10
4512.6
 20
-25.0
 30
0.0
 11
4512.6
 21
0.0
 31
0.0
  0
LINE
  5
48A
330
17
100
AcDbEntity
  8
SARR_3.5x7
100
AcDbLine
 10
4509.1
 20
-25.0
 30
0.0
 11
4512.6
 21
-25.0
 31
0.0
  0
LINE
  5
48B
330
17
100
AcDbEntity
  8
SARR_3.5x7
100
AcDbLine
 10
4512.6
 20
-25.0
 30
0.0
 11
4512.6
 21
0.0
 31
0.0
  0
LINE
  5
48C
330
17
100
AcDbEntity
  8
SARR_3.5x7
100
AcDbLine
 10
4516.1
 20
-25.0
 30
0.0
 11
4516.1
 21
-2.1999999999999993
 31
0.0
  0
LINE
  5
48D
330
17
100
AcDbEntity
  8
SARR_3.5x7
100
AcDbLine
 10
4512.6
 20
-25.0
 30
0.0
 11
4516.1
 21
-25.0
 31
0.0
  0
LINE
  5
48E
330
17
100
AcDbEntity
  8
SARR_3.5x7
100
AcDbLine
 10
4736.1
 20
-25.0
 30
0.0
 11
4736.1
 21
-2.1999999999999993
 31
0.0
  0
LINE
  5
48F
330
17
100
AcDbEntity
  8
SARR_3.5x7
100
AcDbLine
 10
4739.6
 20
-25.0
 30
0.0
 11
4739.6
 21
0.0
 31
0.0
  0
LINE
  5
490
330
17
100
AcDbEntity
  8
SARR_3.5x7
100
AcDbLine
 10
4736.1
 20
-25.0
 30
0.0
 11
4739.6
 21
-25.0
 31
0.0
  0
LINE
  5
491
330
17
100
AcDbEntity
  8
SARR_2.2x7
100
AcDbLine
 10
3567.0
 20
-2.1999999999999993
 30
0.0
 11
3598.0
 21
-2.1999999999999993
 31
0.0
  0
LINE
  5
492
330
17
100
AcDbEntity
  8
SARR_2.2x7
100
AcDbLine
 10
3598.0
 20
-2.1999999999999993
 30
0.0
 11
3670.0
 21
-2.1999999999999993
 31
0.0
  0
LINE
  5
493
330
17
100
AcDbEntity
  8
SARR_2.2x7
100
AcDbLine
 10
3670.0
 20
-2.1999999999999993
 30
0.0
 11
3790.0
 21
-2.1999999999999993
 31
0.0
  0
LINE
  5
494
330
17
100
AcDbEntity
  8
SARR_2.2x7
100
AcDbLine
 10
3790.0
 20
-2.1999999999999993
 30
0.0
 11
3912.0
 21
-2.1999999999999993
 31
0.0
  0
LINE
  5
495
330
17
100
AcDbEntity
  8
SARR_2.2x7
100
AcDbLine
 10
3912.0
 20
-2.1999999999999993
 30
0.0
 11
4085.6
 21
-2.1999999999999993
 31
0.0
  0
LINE
  5
496
330
17
100
AcDbEntity
  8
SARR_2.2x7
100
AcDbLine
 10
4085.6
 20
-2.1999999999999993
 30
0.0
 11
4295.6
 21
-2.1999999999999993
 31
0.0
  0
LINE
  5
497
330
17
100
AcDbEntity
  8
SARR_2.2x7
100
AcDbLine
 10
4295.6
 20
-2.1999999999999993
 30
0.0
 11
4512.6
 21
-2.1999999999999993
 31
0.0
  0
LINE
  5
498
330
17
100
AcDbEntity
  8
SARR_2.2x7
100
AcDbLine
 10
4512.6
 20
-2.1999999999999993
 30
0.0
 11
4739.6
 21
-2.1999999999999993
 31
0.0
  0
TEXT
  5
499
330
17
100
AcDbEntity
  8
NOMENCLATURA
100
AcDbText
 10
3555.0
 20
16.0
 30
0.0
 40
16.5
  1
V18.B
100
AcDbText
  0
TEXT
  5
49A
330
17
100
AcDbEntity
  8
5
100
AcDbText
 10
3575.0
 20
-8.5
 30
0.0
 40
12.0
  1
1
 72
1
 11
3575.0
 21
-8.5
 31
0.0
100
AcDbText
 73
2
  0
TEXT
  5
49B
330
17
100
AcDbEntity
  8
5
100
AcDbText
 10
3575.0
 20
-22.5
 30
0.0
 40
7.0
  1
46
 72
1
 11
3575.0
 21
-22.5
 31
0.0
100
AcDbText
 73
2
  0
MTEXT
  5
49C
330
17
100
AcDbEntity
  8
texto
100
AcDbMText
 10
3575.0
 20
-32.5
 30
0.0
 40
6.0
 71
5
  1
2 1/2pont
  0
TEXT
  5
49D
330
17
100
AcDbEntity
  8
5
100
AcDbText
 10
3634.0
 20
-8.5
 30
0.0
 40
12.0
  1
2
 72
1
 11
3634.0
 21
-8.5
 31
0.0
100
AcDbText
 73
2
  0
TEXT
  5
49E
330
17
100
AcDbEntity
  8
5
100
AcDbText
 10
3634.0
 20
-22.5
 30
0.0
 40
7.0
  1
72
 72
1
 11
3634.0
 21
-22.5
 31
0.0
100
AcDbText
 73
2
  0
MTEXT
  5
49F
330
17
100
AcDbEntity
  8
texto
100
AcDbMText
 10
3634.0
 20
-32.5
 30
0.0
 40
6.0
 71
5
  1
3 1/2pont
  0
TEXT
  5
4A0
330
17
100
AcDbEntity
  8
5
100
AcDbText
 10
3730.0
 20
-8.5
 30
0.0
 40
12.0
  1
3
 72
1
 11
3730.0
 21
-8.5
 31
0.0
100
AcDbText
 73
2
  0
TEXT
  5
4A1
330
17
100
AcDbEntity
  8
5
100
AcDbText
 10
3730.0
 20
-22.5
 30
0.0
 40
7.0
  1
120
 72
1
 11
3730.0
 21
-22.5
 31
0.0
100
AcDbText
 73
2
  0
MTEXT
  5
4A2
330
17
100
AcDbEntity
  8
texto
100
AcDbMText
 10
3730.0
 20
-32.5
 30
0.0
 40
6.0
 71
5
  1
5 1/2pont
  0
TEXT
  5
4A3
330
17
100
AcDbEntity
  8
5
100
AcDbText
 10
3851.0
 20
-8.5
 30
0.0
 40
12.0
  1
4
 72
1
 11
3851.0
 21
-8.5
 31
0.0
100
AcDbText
 73
2
  0
TEXT
  5
4A4
330
17
100
AcDbEntity
  8
5
100
AcDbText
 10
3851.0
 20
-22.5
 30
0.0
 40
7.0
  1
122
 72
1
 11
3851.0
 21
-22.5
 31
0.0
100
AcDbText
 73
2
  0
MTEXT
  5
4A5
330
17
100
AcDbEntity
  8
texto
100
AcDbMText
 10
3851.0
 20
-32.5
 30
0.0
 40
6.0
 71
5
  1
5 1/2pont
  0
TEXT
  5
4A6
330
17
100
AcDbEntity
  8
5
100
AcDbText
 10
3998.8
 20
-8.5
 30
0.0
 40
12.0
  1
5
 72
1
 11
3998.8
 21
-8.5
 31
0.0
100
AcDbText
 73
2
  0
TEXT
  5
4A7
330
17
100
AcDbEntity
  8
5
100
AcDbText
 10
3998.8
 20
-22.5
 30
0.0
 40
7.0
  1
174
 72
1
 11
3998.8
 21
-22.5
 31
0.0
100
AcDbText
 73
2
  0
MTEXT
  5
4A8
330
17
100
AcDbEntity
  8
texto
100
AcDbMText
 10
3998.8
 20
-32.5
 30
0.0
 40
6.0
 71
5
  1
7 1/2pont
  0
TEXT
  5
4A9
330
17
100
AcDbEntity
  8
5
100
AcDbText
 10
4190.6
 20
-8.5
 30
0.0
 40
12.0
  1
6
 72
1
 11
4190.6
 21
-8.5
 31
0.0
100
AcDbText
 73
2
  0
TEXT
  5
4AA
330
17
100
AcDbEntity
  8
5
100
AcDbText
 10
4190.6
 20
-22.5
 30
0.0
 40
7.0
  1
210
 72
1
 11
4190.6
 21
-22.5
 31
0.0
100
AcDbText
 73
2
  0
MTEXT
  5
4AB
330
17
100
AcDbEntity
  8
texto
100
AcDbMText
 10
4190.6
 20
-32.5
 30
0.0
 40
6.0
 71
5
  1
9 1/2pont
  0
TEXT
  5
4AC
330
17
100
AcDbEntity
  8
5
100
AcDbText
 10
4404.1
 20
-8.5
 30
0.0
 40
12.0
  1
7
 72
1
 11
4404.1
 21
-8.5
 31
0.0
100
AcDbText
 73
2
  0
TEXT
  5
4AD
330
17
100
AcDbEntity
  8
5
100
AcDbText
 10
4404.1
 20
-22.5
 30
0.0
 40
7.0
  1
217
 72
1
 11
4404.1
 21
-22.5
 31
0.0
100
AcDbText
 73
2
  0
MTEXT
  5
4AE
330
17
100
AcDbEntity
  8
texto
100
AcDbMText
 10
4404.1
 20
-32.5
 30
0.0
 40
6.0
 71
5
  1
9 1/2pont
  0
TEXT
  5
4AF
330
17
100
AcDbEntity
  8
5
100
AcDbText
 10
4633.6
 20
-8.5
 30
0.0
 40
12.0
  1
8
 72
1
 11
4633.6
 21
-8.5
 31
0.0
100
AcDbText
 73
2
  0
TEXT
  5
4B0
330
17
100
AcDbEntity
  8
5
100
AcDbText
 10
4633.6
 20
-22.5
 30
0.0
 40
7.0
  1
242
 72
1
 11
4633.6
 21
-22.5
 31
0.0
100
AcDbText
 73
2
  0
MTEXT
  5
4B1
330
17
100
AcDbEntity
  8
texto
100
AcDbMText
 10
4633.6
 20
-32.5
 30
0.0
 40
6.0
 71
5
  1
10 1/2pont
  0
DIMENSION
  5
4B2
330
17
100
AcDbEntity
  8
COTA
100
AcDbDimension
280
0
  2
*D34
  3
PAINEL
 10
3552.0
 20
-62.0
 30
0.0
 11
3575.0
 21
-54.0
 31
0.0
 70
32
 71
5
  1
<>
100
AcDbAlignedDimension
 13
3552.0
 23
-25.0
 33
0.0
 14
3598.0
 24
-25.0
 34
0.0
 50
0.0
100
AcDbRotatedDimension
  0
DIMENSION
  5
4C1
330
17
100
AcDbEntity
  8
COTA
100
AcDbDimension
280
0
  2
*D35
  3
PAINEL
 10
3598.0
 20
-62.0
 30
0.0
 11
3634.0
 21
-54.0
 31
0.0
 70
32
 71
5
  1
<>
100
AcDbAlignedDimension
 13
3598.0
 23
-25.0
 33
0.0
 14
3670.0
 24
-25.0
 34
0.0
 50
0.0
100
AcDbRotatedDimension
  0
DIMENSION
  5
4D0
330
17
100
AcDbEntity
  8
COTA
100
AcDbDimension
280
0
  2
*D36
  3
PAINEL
 10
3670.0
 20
-62.0
 30
0.0
 11
3730.0
 21
-54.0
 31
0.0
 70
32
 71
5
  1
<>
100
AcDbAlignedDimension
 13
3670.0
 23
-25.0
 33
0.0
 14
3790.0
 24
-25.0
 34
0.0
 50
0.0
100
AcDbRotatedDimension
  0
DIMENSION
  5
4DF
330
17
100
AcDbEntity
  8
COTA
100
AcDbDimension
280
0
  2
*D37
  3
PAINEL
 10
3790.0
 20
-62.0
 30
0.0
 11
3851.0
 21
-54.0
 31
0.0
 70
32
 71
5
  1
<>
100
AcDbAlignedDimension
 13
3790.0
 23
-25.0
 33
0.0
 14
3912.0
 24
-25.0
 34
0.0
 50
0.0
100
AcDbRotatedDimension
  0
DIMENSION
  5
4EE
330
17
100
AcDbEntity
  8
COTA
100
AcDbDimension
280
0
  2
*D38
  3
PAINEL
 10
3912.0
 20
-62.0
 30
0.0
 11
3998.8
 21
-54.0
 31
0.0
 70
32
 71
5
  1
<>
100
AcDbAlignedDimension
 13
3912.0
 23
-25.0
 33
0.0
 14
4085.6
 24
-25.0
 34
0.0
 50
0.0
100
AcDbRotatedDimension
  0
DIMENSION
  5
4FD
330
17
100
AcDbEntity
  8
COTA
100
AcDbDimension
280
0
  2
*D39
  3
PAINEL
 10
4085.6
 20
-62.0
 30
0.0
 11
4190.6
 21
-54.0
 31
0.0
 70
32
 71
5
  1
<>
100
AcDbAlignedDimension
 13
4085.6
 23
-25.0
 33
0.0
 14
4295.6
 24
-25.0
 34
0.0
 50
0.0
100
AcDbRotatedDimension
  0
DIMENSION
  5
50C
330
17
100
AcDbEntity
  8
COTA
100
AcDbDimension
280
0
  2
*D40
  3
PAINEL
 10
4295.6
 20
-62.0
 30
0.0
 11
4404.1
 21
-54.0
 31
0.0
 70
32
 71
5
  1
<>
100
AcDbAlignedDimension
 13
4295.6
 23
-25.0
 33
0.0
 14
4512.6
 24
-25.0
 34
0.0
 50
0.0
100
AcDbRotatedDimension
  0
DIMENSION
  5
51B
330
17
100
AcDbEntity
  8
COTA
100
AcDbDimension
280
0
  2
*D41
  3
PAINEL
 10
4512.6
 20
-62.0
 30
0.0
 11
4633.6
 21
-54.0
 31
0.0
 70
32
 71
5
  1
<>
100
AcDbAlignedDimension
 13
4512.6
 23
-25.0
 33
0.0
 14
4754.6
 24
-25.0
 34
0.0
 50
0.0
100
AcDbRotatedDimension
  0
DIMENSION
  5
52A
330
17
100
AcDbEntity
  8
COTA
100
AcDbDimension
280
0
  2
*D42
  3
PAINEL
 10
3552.0
 20
-85.0
 30
0.0
 11
4153.3
 21
-77.0
 31
0.0
 70
32
 71
5
  1
<>
100
AcDbAlignedDimension
 13
3552.0
 23
-25.0
 33
0.0
 14
4754.6
 24
-25.0
 34
0.0
 50
0.0
100
AcDbRotatedDimension
  0
DIMENSION
  5
539
330
17
100
AcDbEntity
  8
COTA
100
AcDbDimension
280
0
  2
*D43
  3
PAINEL
 10
3524.0
 20
-32.0
 30
0.0
 11
3513.0
 21
-28.5
 31
0.0
 70
32
 71
5
  1
<>
100
AcDbAlignedDimension
 13
3552.0
 23
-32.0
 33
0.0
 14
3552.0
 24
-25.0
 34
0.0
 50
90.0
100
AcDbRotatedDimension
  0
DIMENSION
  5
548
330
17
100
AcDbEntity
  8
COTA
100
AcDbDimension
280
0
  2
*D44
  3
PAINEL
 10
3524.0
 20
-25.0
 30
0.0
 11
3516.0
 21
-12.5
 31
0.0
 70
32
 71
5
  1
<>
100
AcDbAlignedDimension
 13
3552.0
 23
-25.0
 33
0.0
 14
3552.0
 24
0.0
 34
0.0
 50
90.0
100
AcDbRotatedDimension
  0
DIMENSION
  5
557
330
17
100
AcDbEntity
  8
COTA
100
AcDbDimension
280
0
  2
*D45
  3
PAINEL
 10
3524.0
 20
0.0
 30
0.0
 11
3513.0
 21
3.5
 31
0.0
 70
32
 71
5
  1
<>
100
AcDbAlignedDimension
 13
3552.0
 23
0.0
 33
0.0
 14
3552.0
 24
7.0
 34
0.0
 50
90.0
100
AcDbRotatedDimension
  0
DIMENSION
  5
566
330
17
100
AcDbEntity
  8
COTA
100
AcDbDimension
280
0
  2
*D46
  3
PAINEL
 10
4782.6
 20
-32.0
 30
0.0
 11
4774.6
 21
-12.5
 31
0.0
 70
32
 71
5
  1
<>
100
AcDbAlignedDimension
 13
4754.6
 23
-32.0
 33
0.0
 14
4754.6
 24
7.0
 34
0.0
 50
90.0
100
AcDbRotatedDimension
  0
LINE
  5
575
330
17
100
AcDbEntity
  8
Reaproveitamento
 62
30
100
AcDbLine
 10
197.0
 20
-39.0
 30
0.0
 11
197.0
 21
-39.0
 31
0.0
  0
LINE
  5
576
330
17
100
AcDbEntity
  8
Reaproveitamento
 62
30
100
AcDbLine
 10
205.0
 20
-39.0
 30
0.0
 11
197.0
 21
-31.0
 31
0.0
  0
LINE
  5
577
330
17
100
AcDbEntity
  8
Reaproveitamento
 62
30
100
AcDbLine
 10
213.0
 20
-39.0
 30
0.0
 11
197.0
 21
-23.0
 31
0.0
  0
LINE
  5
578
330
17
100
AcDbEntity
  8
Reaproveitamento
 62
30
100
AcDbLine
 10
221.0
 20
-39.0
 30
0.0
 11
197.0
 21
-15.0
 31
0.0
  0
LINE
  5
579
330
17
100
AcDbEntity
  8
Reaproveitamento
 62
30
100
AcDbLine
 10
229.0
 20
-39.0
 30
0.0
 11
197.0
 21
-7.0
 31
0.0
  0
LINE
  5
57A
330
17
100
AcDbEntity
  8
Reaproveitamento
 62
30
100
AcDbLine
 10
237.0
 20
-39.0
 30
0.0
 11
198.0
 21
0.0
 31
0.0
  0
LINE
  5
57B
330
17
100
AcDbEntity
  8
Reaproveitamento
 62
30
100
AcDbLine
 10
237.0
 20
-31.0
 30
0.0
 11
206.0
 21
0.0
 31
0.0
  0
LINE
  5
57C
330
17
100
AcDbEntity
  8
Reaproveitamento
 62
30
100
AcDbLine
 10
237.0
 20
-23.0
 30
0.0
 11
214.0
 21
0.0
 31
0.0
  0
LINE
  5
57D
330
17
100
AcDbEntity
  8
Reaproveitamento
 62
30
100
AcDbLine
 10
237.0
 20
-15.0
 30
0.0
 11
222.0
 21
0.0
 31
0.0
  0
LINE
  5
57E
330
17
100
AcDbEntity
  8
Reaproveitamento
 62
30
100
AcDbLine
 10
237.0
 20
-7.0
 30
0.0
 11
230.0
 21
0.0
 31
0.0
  0
LINE
  5
57F
330
17
100
AcDbEntity
  8
Reaproveitamento
 62
30
100
AcDbLine
 10
237.0
 20
-39.0
 30
0.0
 11
237.0
 21
-39.0
 31
0.0
  0
LINE
  5
580
330
17
100
AcDbEntity
  8
Reaproveitamento
 62
30
100
AcDbLine
 10
245.0
 20
-39.0
 30
0.0
 11
237.0
 21
-31.0
 31
0.0
  0
LINE
  5
581
330
17
100
AcDbEntity
  8
Reaproveitamento
 62
30
100
AcDbLine
 10
253.0
 20
-39.0
 30
0.0
 11
237.0
 21
-23.0
 31
0.0
  0
LINE
  5
582
330
17
100
AcDbEntity
  8
Reaproveitamento
 62
30
100
AcDbLine
 10
261.0
 20
-39.0
 30
0.0
 11
237.0
 21
-15.0
 31
0.0
  0
LINE
  5
583
330
17
100
AcDbEntity
  8
Reaproveitamento
 62
30
100
AcDbLine
 10
269.0
 20
-39.0
 30
0.0
 11
237.0
 21
-7.0
 31
0.0
  0
LINE
  5
584
330
17
100
AcDbEntity
  8
Reaproveitamento
 62
30
100
AcDbLine
 10
277.0
 20
-39.0
 30
0.0
 11
238.0
 21
0.0
 31
0.0
  0
LINE
  5
585
330
17
100
AcDbEntity
  8
Reaproveitamento
 62
30
100
AcDbLine
 10
285.0
 20
-39.0
 30
0.0
 11
246.0
 21
0.0
 31
0.0
  0
LINE
  5
586
330
17
100
AcDbEntity
  8
Reaproveitamento
 62
30
100
AcDbLine
 10
285.0
 20
-31.0
 30
0.0
 11
254.0
 21
0.0
 31
0.0
  0
LINE
  5
587
330
17
100
AcDbEntity
  8
Reaproveitamento
 62
30
100
AcDbLine
 10
285.0
 20
-23.0
 30
0.0
 11
262.0
 21
0.0
 31
0.0
  0
LINE
  5
588
330
17
100
AcDbEntity
  8
Reaproveitamento
 62
30
100
AcDbLine
 10
285.0
 20
-15.0
 30
0.0
 11
270.0
 21
0.0
 31
0.0
  0
LINE
  5
589
330
17
100
AcDbEntity
  8
Reaproveitamento
 62
30
100
AcDbLine
 10
285.0
 20
-7.0
 30
0.0
 11
278.0
 21
0.0
 31
0.0
  0
LINE
  5
58A
330
17
100
AcDbEntity
  8
Reaproveitamento
 62
30
100
AcDbLine
 10
285.0
 20
-39.0
 30
0.0
 11
285.0
 21
-39.0
 31
0.0
  0
LINE
  5
58B
330
17
100
AcDbEntity
  8
Reaproveitamento
 62
30
100
AcDbLine
 10
293.0
 20
-39.0
 30
0.0
 11
285.0
 21
-31.0
 31
0.0
  0
LINE
  5
58C
330
17
100
AcDbEntity
  8
Reaproveitamento
 62
30
100
AcDbLine
 10
301.0
 20
-39.0
 30
0.0
 11
285.0
 21
-23.0
 31
0.0
  0
LINE
  5
58D
330
17
100
AcDbEntity
  8
Reaproveitamento
 62
30
100
AcDbLine
 10
309.0
 20
-39.0
 30
0.0
 11
285.0
 21
-15.0
 31
0.0
  0
LINE
  5
58E
330
17
100
AcDbEntity
  8
Reaproveitamento
 62
30
100
AcDbLine
 10
317.0
 20
-39.0
 30
0.0
 11
285.0
 21
-7.0
 31
0.0
  0
LINE
  5
58F
330
17
100
AcDbEntity
  8
Reaproveitamento
 62
30
100
AcDbLine
 10
325.0
 20
-39.0
 30
0.0
 11
286.0
 21
0.0
 31
0.0
  0
LINE
  5
590
330
17
100
AcDbEntity
  8
Reaproveitamento
 62
30
100
AcDbLine
 10
333.0
 20
-39.0
 30
0.0
 11
294.0
 21
0.0
 31
0.0
  0
LINE
  5
591
330
17
100
AcDbEntity
  8
Reaproveitamento
 62
30
100
AcDbLine
 10
341.0
 20
-39.0
 30
0.0
 11
302.0
 21
0.0
 31
0.0
  0
LINE
  5
592
330
17
100
AcDbEntity
  8
Reaproveitamento
 62
30
100
AcDbLine
 10
341.0
 20
-31.0
 30
0.0
 11
310.0
 21
0.0
 31
0.0
  0
LINE
  5
593
330
17
100
AcDbEntity
  8
Reaproveitamento
 62
30
100
AcDbLine
 10
341.0
 20
-23.0
 30
0.0
 11
318.0
 21
0.0
 31
0.0
  0
LINE
  5
594
330
17
100
AcDbEntity
  8
Reaproveitamento
 62
30
100
AcDbLine
 10
341.0
 20
-15.0
 30
0.0
 11
326.0
 21
0.0
 31
0.0
  0
LINE
  5
595
330
17
100
AcDbEntity
  8
Reaproveitamento
 62
30
100
AcDbLine
 10
341.0
 20
-7.0
 30
0.0
 11
334.0
 21
0.0
 31
0.0
  0
LINE
  5
596
330
17
100
AcDbEntity
  8
Reaproveitamento
 62
30
100
AcDbLine
 10
341.0
 20
-39.0
 30
0.0
 11
341.0
 21
-39.0
 31
0.0
  0
LINE
  5
597
330
17
100
AcDbEntity
  8
Reaproveitamento
 62
30
100
AcDbLine
 10
349.0
 20
-39.0
 30
0.0
 11
341.0
 21
-31.0
 31
0.0
  0
LINE
  5
598
330
17
100
AcDbEntity
  8
Reaproveitamento
 62
30
100
AcDbLine
 10
357.0
 20
-39.0
 30
0.0
 11
341.0
 21
-23.0
 31
0.0
  0
LINE
  5
599
330
17
100
AcDbEntity
  8
Reaproveitamento
 62
30
100
AcDbLine
 10
365.0
 20
-39.0
 30
0.0
 11
341.0
 21
-15.0
 31
0.0
  0
LINE
  5
59A
330
17
100
AcDbEntity
  8
Reaproveitamento
 62
30
100
AcDbLine
 10
373.0
 20
-39.0
 30
0.0
 11
341.0
 21
-7.0
 31
0.0
  0
LINE
  5
59B
330
17
100
AcDbEntity
  8
Reaproveitamento
 62
30
100
AcDbLine
 10
381.0
 20
-39.0
 30
0.0
 11
342.0
 21
0.0
 31
0.0
  0
LINE
  5
59C
330
17
100
AcDbEntity
  8
Reaproveitamento
 62
30
100
AcDbLine
 10
389.0
 20
-39.0
 30
0.0
 11
350.0
 21
0.0
 31
0.0
  0
LINE
  5
59D
330
17
100
AcDbEntity
  8
Reaproveitamento
 62
30
100
AcDbLine
 10
397.0
 20
-39.0
 30
0.0
 11
358.0
 21
0.0
 31
0.0
  0
LINE
  5
59E
330
17
100
AcDbEntity
  8
Reaproveitamento
 62
30
100
AcDbLine
 10
398.0
 20
-32.0
 30
0.0
 11
366.0
 21
0.0
 31
0.0
  0
LINE
  5
59F
330
17
100
AcDbEntity
  8
Reaproveitamento
 62
30
100
AcDbLine
 10
398.0
 20
-24.0
 30
0.0
 11
374.0
 21
0.0
 31
0.0
  0
LINE
  5
5A0
330
17
100
AcDbEntity
  8
Reaproveitamento
 62
30
100
AcDbLine
 10
398.0
 20
-16.0
 30
0.0
 11
382.0
 21
0.0
 31
0.0
  0
LINE
  5
5A1
330
17
100
AcDbEntity
  8
Reaproveitamento
 62
30
100
AcDbLine
 10
398.0
 20
-8.0
 30
0.0
 11
390.0
 21
0.0
 31
0.0
  0
LINE
  5
5A2
330
17
100
AcDbEntity
  8
Reaproveitamento
 62
30
100
AcDbLine
 10
398.0
 20
0.0
 30
0.0
 11
398.0
 21
0.0
 31
0.0
  0
LINE
  5
5A3
330
17
100
AcDbEntity
  8
Reaproveitamento
 62
30
100
AcDbLine
 10
398.0
 20
-39.0
 30
0.0
 11
398.0
 21
-39.0
 31
0.0
  0
LINE
  5
5A4
330
17
100
AcDbEntity
  8
Reaproveitamento
 62
30
100
AcDbLine
 10
406.0
 20
-39.0
 30
0.0
 11
398.0
 21
-31.0
 31
0.0
  0
LINE
  5
5A5
330
17
100
AcDbEntity
  8
Reaproveitamento
 62
30
100
AcDbLine
 10
414.0
 20
-39.0
 30
0.0
 11
398.0
 21
-23.0
 31
0.0
  0
LINE
  5
5A6
330
17
100
AcDbEntity
  8
Reaproveitamento
 62
30
100
AcDbLine
 10
422.0
 20
-39.0
 30
0.0
 11
398.0
 21
-15.0
 31
0.0
  0
LINE
  5
5A7
330
17
100
AcDbEntity
  8
Reaproveitamento
 62
30
100
AcDbLine
 10
430.0
 20
-39.0
 30
0.0
 11
398.0
 21
-7.0
 31
0.0
  0
LINE
  5
5A8
330
17
100
AcDbEntity
  8
Reaproveitamento
 62
30
100
AcDbLine
 10
438.0
 20
-39.0
 30
0.0
 11
399.0
 21
0.0
 31
0.0
  0
LINE
  5
5A9
330
17
100
AcDbEntity
  8
Reaproveitamento
 62
30
100
AcDbLine
 10
446.0
 20
-39.0
 30
0.0
 11
407.0
 21
0.0
 31
0.0
  0
LINE
  5
5AA
330
17
100
AcDbEntity
  8
Reaproveitamento
 62
30
100
AcDbLine
 10
454.0
 20
-39.0
 30
0.0
 11
415.0
 21
0.0
 31
0.0
  0
LINE
  5
5AB
330
17
100
AcDbEntity
  8
Reaproveitamento
 62
30
100
AcDbLine
 10
459.0
 20
-36.0
 30
0.0
 11
423.0
 21
0.0
 31
0.0
  0
LINE
  5
5AC
330
17
100
AcDbEntity
  8
Reaproveitamento
 62
30
100
AcDbLine
 10
459.0
 20
-28.0
 30
0.0
 11
431.0
 21
0.0
 31
0.0
  0
LINE
  5
5AD
330
17
100
AcDbEntity
  8
Reaproveitamento
 62
30
100
AcDbLine
 10
459.0
 20
-20.0
 30
0.0
 11
439.0
 21
0.0
 31
0.0
  0
LINE
  5
5AE
330
17
100
AcDbEntity
  8
Reaproveitamento
 62
30
100
AcDbLine
 10
459.0
 20
-12.0
 30
0.0
 11
447.0
 21
0.0
 31
0.0
  0
LINE
  5
5AF
330
17
100
AcDbEntity
  8
Reaproveitamento
 62
30
100
AcDbLine
 10
459.0
 20
-4.0
 30
0.0
 11
455.0
 21
0.0
 31
0.0
  0
LINE
  5
5B0
330
17
100
AcDbEntity
  8
Reaproveitamento
 62
30
100
AcDbLine
 10
459.0
 20
-39.0
 30
0.0
 11
459.0
 21
-39.0
 31
0.0
  0
LINE
  5
5B1
330
17
100
AcDbEntity
  8
Reaproveitamento
 62
30
100
AcDbLine
 10
467.0
 20
-39.0
 30
0.0
 11
459.0
 21
-31.0
 31
0.0
  0
LINE
  5
5B2
330
17
100
AcDbEntity
  8
Reaproveitamento
 62
30
100
AcDbLine
 10
475.0
 20
-39.0
 30
0.0
 11
459.0
 21
-23.0
 31
0.0
  0
LINE
  5
5B3
330
17
100
AcDbEntity
  8
Reaproveitamento
 62
30
100
AcDbLine
 10
483.0
 20
-39.0
 30
0.0
 11
459.0
 21
-15.0
 31
0.0
  0
LINE
  5
5B4
330
17
100
AcDbEntity
  8
Reaproveitamento
 62
30
100
AcDbLine
 10
491.0
 20
-39.0
 30
0.0
 11
459.0
 21
-7.0
 31
0.0
  0
LINE
  5
5B5
330
17
100
AcDbEntity
  8
Reaproveitamento
 62
30
100
AcDbLine
 10
499.0
 20
-39.0
 30
0.0
 11
460.0
 21
0.0
 31
0.0
  0
LINE
  5
5B6
330
17
100
AcDbEntity
  8
Reaproveitamento
 62
30
100
AcDbLine
 10
507.0
 20
-39.0
 30
0.0
 11
468.0
 21
0.0
 31
0.0
  0
LINE
  5
5B7
330
17
100
AcDbEntity
  8
Reaproveitamento
 62
30
100
AcDbLine
 10
515.0
 20
-39.0
 30
0.0
 11
476.0
 21
0.0
 31
0.0
  0
LINE
  5
5B8
330
17
100
AcDbEntity
  8
Reaproveitamento
 62
30
100
AcDbLine
 10
523.0
 20
-39.0
 30
0.0
 11
484.0
 21
0.0
 31
0.0
  0
LINE
  5
5B9
330
17
100
AcDbEntity
  8
Reaproveitamento
 62
30
100
AcDbLine
 10
525.0
 20
-33.0
 30
0.0
 11
492.0
 21
0.0
 31
0.0
  0
LINE
  5
5BA
330
17
100
AcDbEntity
  8
Reaproveitamento
 62
30
100
AcDbLine
 10
525.0
 20
-25.0
 30
0.0
 11
500.0
 21
0.0
 31
0.0
  0
LINE
  5
5BB
330
17
100
AcDbEntity
  8
Reaproveitamento
 62
30
100
AcDbLine
 10
525.0
 20
-17.0
 30
0.0
 11
508.0
 21
0.0
 31
0.0
  0
LINE
  5
5BC
330
17
100
AcDbEntity
  8
Reaproveitamento
 62
30
100
AcDbLine
 10
525.0
 20
-9.0
 30
0.0
 11
516.0
 21
0.0
 31
0.0
  0
LINE
  5
5BD
330
17
100
AcDbEntity
  8
Reaproveitamento
 62
30
100
AcDbLine
 10
525.0
 20
-1.0
 30
0.0
 11
524.0
 21
0.0
 31
0.0
  0
LINE
  5
5BE
330
17
100
AcDbEntity
  8
Reaproveitamento
 62
30
100
AcDbLine
 10
525.0
 20
-39.0
 30
0.0
 11
525.0
 21
-39.0
 31
0.0
  0
LINE
  5
5BF
330
17
100
AcDbEntity
  8
Reaproveitamento
 62
30
100
AcDbLine
 10
533.0
 20
-39.0
 30
0.0
 11
525.0
 21
-31.0
 31
0.0
  0
LINE
  5
5C0
330
17
100
AcDbEntity
  8
Reaproveitamento
 62
30
100
AcDbLine
 10
541.0
 20
-39.0
 30
0.0
 11
525.0
 21
-23.0
 31
0.0
  0
LINE
  5
5C1
330
17
100
AcDbEntity
  8
Reaproveitamento
 62
30
100
AcDbLine
 10
549.0
 20
-39.0
 30
0.0
 11
525.0
 21
-15.0
 31
0.0
  0
LINE
  5
5C2
330
17
100
AcDbEntity
  8
Reaproveitamento
 62
30
100
AcDbLine
 10
557.0
 20
-39.0
 30
0.0
 11
525.0
 21
-7.0
 31
0.0
  0
LINE
  5
5C3
330
17
100
AcDbEntity
  8
Reaproveitamento
 62
30
100
AcDbLine
 10
565.0
 20
-39.0
 30
0.0
 11
526.0
 21
0.0
 31
0.0
  0
LINE
  5
5C4
330
17
100
AcDbEntity
  8
Reaproveitamento
 62
30
100
AcDbLine
 10
573.0
 20
-39.0
 30
0.0
 11
534.0
 21
0.0
 31
0.0
  0
LINE
  5
5C5
330
17
100
AcDbEntity
  8
Reaproveitamento
 62
30
100
AcDbLine
 10
581.0
 20
-39.0
 30
0.0
 11
542.0
 21
0.0
 31
0.0
  0
LINE
  5
5C6
330
17
100
AcDbEntity
  8
Reaproveitamento
 62
30
100
AcDbLine
 10
589.0
 20
-39.0
 30
0.0
 11
550.0
 21
0.0
 31
0.0
  0
LINE
  5
5C7
330
17
100
AcDbEntity
  8
Reaproveitamento
 62
30
100
AcDbLine
 10
593.0
 20
-35.0
 30
0.0
 11
558.0
 21
0.0
 31
0.0
  0
LINE
  5
5C8
330
17
100
AcDbEntity
  8
Reaproveitamento
 62
30
100
AcDbLine
 10
593.0
 20
-27.0
 30
0.0
 11
566.0
 21
0.0
 31
0.0
  0
LINE
  5
5C9
330
17
100
AcDbEntity
  8
Reaproveitamento
 62
30
100
AcDbLine
 10
593.0
 20
-19.0
 30
0.0
 11
574.0
 21
0.0
 31
0.0
  0
LINE
  5
5CA
330
17
100
AcDbEntity
  8
Reaproveitamento
 62
30
100
AcDbLine
 10
593.0
 20
-11.0
 30
0.0
 11
582.0
 21
0.0
 31
0.0
  0
LINE
  5
5CB
330
17
100
AcDbEntity
  8
Reaproveitamento
 62
30
100
AcDbLine
 10
593.0
 20
-3.0
 30
0.0
 11
590.0
 21
0.0
 31
0.0
  0
LINE
  5
5CC
330
17
100
AcDbEntity
  8
Reaproveitamento
 62
30
100
AcDbLine
 10
593.0
 20
-39.0
 30
0.0
 11
593.0
 21
-39.0
 31
0.0
  0
LINE
  5
5CD
330
17
100
AcDbEntity
  8
Reaproveitamento
 62
30
100
AcDbLine
 10
601.0
 20
-39.0
 30
0.0
 11
593.0
 21
-31.0
 31
0.0
  0
LINE
  5
5CE
330
17
100
AcDbEntity
  8
Reaproveitamento
 62
30
100
AcDbLine
 10
609.0
 20
-39.0
 30
0.0
 11
593.0
 21
-23.0
 31
0.0
  0
LINE
  5
5CF
330
17
100
AcDbEntity
  8
Reaproveitamento
 62
30
100
AcDbLine
 10
617.0
 20
-39.0
 30
0.0
 11
593.0
 21
-15.0
 31
0.0
  0
LINE
  5
5D0
330
17
100
AcDbEntity
  8
Reaproveitamento
 62
30
100
AcDbLine
 10
625.0
 20
-39.0
 30
0.0
 11
593.0
 21
-7.0
 31
0.0
  0
LINE
  5
5D1
330
17
100
AcDbEntity
  8
Reaproveitamento
 62
30
100
AcDbLine
 10
633.0
 20
-39.0
 30
0.0
 11
594.0
 21
0.0
 31
0.0
  0
LINE
  5
5D2
330
17
100
AcDbEntity
  8
Reaproveitamento
 62
30
100
AcDbLine
 10
641.0
 20
-39.0
 30
0.0
 11
602.0
 21
0.0
 31
0.0
  0
LINE
  5
5D3
330
17
100
AcDbEntity
  8
Reaproveitamento
 62
30
100
AcDbLine
 10
649.0
 20
-39.0
 30
0.0
 11
610.0
 21
0.0
 31
0.0
  0
LINE
  5
5D4
330
17
100
AcDbEntity
  8
Reaproveitamento
 62
30
100
AcDbLine
 10
657.0
 20
-39.0
 30
0.0
 11
618.0
 21
0.0
 31
0.0
  0
LINE
  5
5D5
330
17
100
AcDbEntity
  8
Reaproveitamento
 62
30
100
AcDbLine
 10
665.0
 20
-39.0
 30
0.0
 11
626.0
 21
0.0
 31
0.0
  0
LINE
  5
5D6
330
17
100
AcDbEntity
  8
Reaproveitamento
 62
30
100
AcDbLine
 10
671.0
 20
-37.0
 30
0.0
 11
634.0
 21
0.0
 31
0.0
  0
LINE
  5
5D7
330
17
100
AcDbEntity
  8
Reaproveitamento
 62
30
100
AcDbLine
 10
671.0
 20
-29.0
 30
0.0
 11
642.0
 21
0.0
 31
0.0
  0
LINE
  5
5D8
330
17
100
AcDbEntity
  8
Reaproveitamento
 62
30
100
AcDbLine
 10
671.0
 20
-21.0
 30
0.0
 11
650.0
 21
0.0
 31
0.0
  0
LINE
  5
5D9
330
17
100
AcDbEntity
  8
Reaproveitamento
 62
30
100
AcDbLine
 10
671.0
 20
-13.0
 30
0.0
 11
658.0
 21
0.0
 31
0.0
  0
LINE
  5
5DA
330
17
100
AcDbEntity
  8
Reaproveitamento
 62
30
100
AcDbLine
 10
671.0
 20
-5.0
 30
0.0
 11
666.0
 21
0.0
 31
0.0
  0
LINE
  5
5DB
330
17
100
AcDbEntity
  8
Reaproveitamento
 62
30
100
AcDbLine
 10
671.0
 20
-39.0
 30
0.0
 11
671.0
 21
-39.0
 31
0.0
  0
LINE
  5
5DC
330
17
100
AcDbEntity
  8
Reaproveitamento
 62
30
100
AcDbLine
 10
679.0
 20
-39.0
 30
0.0
 11
671.0
 21
-31.0
 31
0.0
  0
LINE
  5
5DD
330
17
100
AcDbEntity
  8
Reaproveitamento
 62
30
100
AcDbLine
 10
687.0
 20
-39.0
 30
0.0
 11
671.0
 21
-23.0
 31
0.0
  0
LINE
  5
5DE
330
17
100
AcDbEntity
  8
Reaproveitamento
 62
30
100
AcDbLine
 10
695.0
 20
-39.0
 30
0.0
 11
671.0
 21
-15.0
 31
0.0
  0
LINE
  5
5DF
330
17
100
AcDbEntity
  8
Reaproveitamento
 62
30
100
AcDbLine
 10
703.0
 20
-39.0
 30
0.0
 11
671.0
 21
-7.0
 31
0.0
  0
LINE
  5
5E0
330
17
100
AcDbEntity
  8
Reaproveitamento
 62
30
100
AcDbLine
 10
711.0
 20
-39.0
 30
0.0
 11
672.0
 21
0.0
 31
0.0
  0
LINE
  5
5E1
330
17
100
AcDbEntity
  8
Reaproveitamento
 62
30
100
AcDbLine
 10
719.0
 20
-39.0
 30
0.0
 11
680.0
 21
0.0
 31
0.0
  0
LINE
  5
5E2
330
17
100
AcDbEntity
  8
Reaproveitamento
 62
30
100
AcDbLine
 10
727.0
 20
-39.0
 30
0.0
 11
688.0
 21
0.0
 31
0.0
  0
LINE
  5
5E3
330
17
100
AcDbEntity
  8
Reaproveitamento
 62
30
100
AcDbLine
 10
735.0
 20
-39.0
 30
0.0
 11
696.0
 21
0.0
 31
0.0
  0
LINE
  5
5E4
330
17
100
AcDbEntity
  8
Reaproveitamento
 62
30
100
AcDbLine
 10
743.0
 20
-39.0
 30
0.0
 11
704.0
 21
0.0
 31
0.0
  0
LINE
  5
5E5
330
17
100
AcDbEntity
  8
Reaproveitamento
 62
30
100
AcDbLine
 10
751.0
 20
-39.0
 30
0.0
 11
712.0
 21
0.0
 31
0.0
  0
LINE
  5
5E6
330
17
100
AcDbEntity
  8
Reaproveitamento
 62
30
100
AcDbLine
 10
759.0
 20
-39.0
 30
0.0
 11
720.0
 21
0.0
 31
0.0
  0
LINE
  5
5E7
330
17
100
AcDbEntity
  8
Reaproveitamento
 62
30
100
AcDbLine
 10
767.0
 20
-39.0
 30
0.0
 11
728.0
 21
0.0
 31
0.0
  0
LINE
  5
5E8
330
17
100
AcDbEntity
  8
Reaproveitamento
 62
30
100
AcDbLine
 10
773.0
 20
-37.0
 30
0.0
 11
736.0
 21
0.0
 31
0.0
  0
LINE
  5
5E9
330
17
100
AcDbEntity
  8
Reaproveitamento
 62
30
100
AcDbLine
 10
773.0
 20
-29.0
 30
0.0
 11
744.0
 21
0.0
 31
0.0
  0
LINE
  5
5EA
330
17
100
AcDbEntity
  8
Reaproveitamento
 62
30
100
AcDbLine
 10
773.0
 20
-21.0
 30
0.0
 11
752.0
 21
0.0
 31
0.0
  0
LINE
  5
5EB
330
17
100
AcDbEntity
  8
Reaproveitamento
 62
30
100
AcDbLine
 10
773.0
 20
-13.0
 30
0.0
 11
760.0
 21
0.0
 31
0.0
  0
LINE
  5
5EC
330
17
100
AcDbEntity
  8
Reaproveitamento
 62
30
100
AcDbLine
 10
773.0
 20
-5.0
 30
0.0
 11
768.0
 21
0.0
 31
0.0
  0
LINE
  5
5ED
330
17
100
AcDbEntity
  8
Reaproveitamento
 62
30
100
AcDbLine
 10
773.0
 20
-39.0
 30
0.0
 11
773.0
 21
-39.0
 31
0.0
  0
LINE
  5
5EE
330
17
100
AcDbEntity
  8
Reaproveitamento
 62
30
100
AcDbLine
 10
781.0
 20
-39.0
 30
0.0
 11
773.0
 21
-31.0
 31
0.0
  0
LINE
  5
5EF
330
17
100
AcDbEntity
  8
Reaproveitamento
 62
30
100
AcDbLine
 10
789.0
 20
-39.0
 30
0.0
 11
773.0
 21
-23.0
 31
0.0
  0
LINE
  5
5F0
330
17
100
AcDbEntity
  8
Reaproveitamento
 62
30
100
AcDbLine
 10
797.0
 20
-39.0
 30
0.0
 11
773.0
 21
-15.0
 31
0.0
  0
LINE
  5
5F1
330
17
100
AcDbEntity
  8
Reaproveitamento
 62
30
100
AcDbLine
 10
805.0
 20
-39.0
 30
0.0
 11
773.0
 21
-7.0
 31
0.0
  0
LINE
  5
5F2
330
17
100
AcDbEntity
  8
Reaproveitamento
 62
30
100
AcDbLine
 10
813.0
 20
-39.0
 30
0.0
 11
774.0
 21
0.0
 31
0.0
  0
LINE
  5
5F3
330
17
100
AcDbEntity
  8
Reaproveitamento
 62
30
100
AcDbLine
 10
821.0
 20
-39.0
 30
0.0
 11
782.0
 21
0.0
 31
0.0
  0
LINE
  5
5F4
330
17
100
AcDbEntity
  8
Reaproveitamento
 62
30
100
AcDbLine
 10
829.0
 20
-39.0
 30
0.0
 11
790.0
 21
0.0
 31
0.0
  0
LINE
  5
5F5
330
17
100
AcDbEntity
  8
Reaproveitamento
 62
30
100
AcDbLine
 10
837.0
 20
-39.0
 30
0.0
 11
798.0
 21
0.0
 31
0.0
  0
LINE
  5
5F6
330
17
100
AcDbEntity
  8
Reaproveitamento
 62
30
100
AcDbLine
 10
845.0
 20
-39.0
 30
0.0
 11
806.0
 21
0.0
 31
0.0
  0
LINE
  5
5F7
330
17
100
AcDbEntity
  8
Reaproveitamento
 62
30
100
AcDbLine
 10
853.0
 20
-39.0
 30
0.0
 11
814.0
 21
0.0
 31
0.0
  0
LINE
  5
5F8
330
17
100
AcDbEntity
  8
Reaproveitamento
 62
30
100
AcDbLine
 10
861.0
 20
-39.0
 30
0.0
 11
822.0
 21
0.0
 31
0.0
  0
LINE
  5
5F9
330
17
100
AcDbEntity
  8
Reaproveitamento
 62
30
100
AcDbLine
 10
869.0
 20
-39.0
 30
0.0
 11
830.0
 21
0.0
 31
0.0
  0
LINE
  5
5FA
330
17
100
AcDbEntity
  8
Reaproveitamento
 62
30
100
AcDbLine
 10
877.0
 20
-39.0
 30
0.0
 11
838.0
 21
0.0
 31
0.0
  0
LINE
  5
5FB
330
17
100
AcDbEntity
  8
Reaproveitamento
 62
30
100
AcDbLine
 10
884.0
 20
-38.0
 30
0.0
 11
846.0
 21
0.0
 31
0.0
  0
LINE
  5
5FC
330
17
100
AcDbEntity
  8
Reaproveitamento
 62
30
100
AcDbLine
 10
884.0
 20
-30.0
 30
0.0
 11
854.0
 21
0.0
 31
0.0
  0
LINE
  5
5FD
330
17
100
AcDbEntity
  8
Reaproveitamento
 62
30
100
AcDbLine
 10
884.0
 20
-22.0
 30
0.0
 11
862.0
 21
0.0
 31
0.0
  0
LINE
  5
5FE
330
17
100
AcDbEntity
  8
Reaproveitamento
 62
30
100
AcDbLine
 10
884.0
 20
-14.0
 30
0.0
 11
870.0
 21
0.0
 31
0.0
  0
LINE
  5
5FF
330
17
100
AcDbEntity
  8
Reaproveitamento
 62
30
100
AcDbLine
 10
884.0
 20
-6.0
 30
0.0
 11
878.0
 21
0.0
 31
0.0
  0
LINE
  5
600
330
17
100
AcDbEntity
  8
Reaproveitamento
 62
30
100
AcDbLine
 10
884.0
 20
-39.0
 30
0.0
 11
884.0
 21
-39.0
 31
0.0
  0
LINE
  5
601
330
17
100
AcDbEntity
  8
Reaproveitamento
 62
30
100
AcDbLine
 10
892.0
 20
-39.0
 30
0.0
 11
884.0
 21
-31.0
 31
0.0
  0
LINE
  5
602
330
17
100
AcDbEntity
  8
Reaproveitamento
 62
30
100
AcDbLine
 10
900.0
 20
-39.0
 30
0.0
 11
884.0
 21
-23.0
 31
0.0
  0
LINE
  5
603
330
17
100
AcDbEntity
  8
Reaproveitamento
 62
30
100
AcDbLine
 10
908.0
 20
-39.0
 30
0.0
 11
884.0
 21
-15.0
 31
0.0
  0
LINE
  5
604
330
17
100
AcDbEntity
  8
Reaproveitamento
 62
30
100
AcDbLine
 10
916.0
 20
-39.0
 30
0.0
 11
884.0
 21
-7.0
 31
0.0
  0
LINE
  5
605
330
17
100
AcDbEntity
  8
Reaproveitamento
 62
30
100
AcDbLine
 10
924.0
 20
-39.0
 30
0.0
 11
885.0
 21
0.0
 31
0.0
  0
LINE
  5
606
330
17
100
AcDbEntity
  8
Reaproveitamento
 62
30
100
AcDbLine
 10
932.0
 20
-39.0
 30
0.0
 11
893.0
 21
0.0
 31
0.0
  0
LINE
  5
607
330
17
100
AcDbEntity
  8
Reaproveitamento
 62
30
100
AcDbLine
 10
940.0
 20
-39.0
 30
0.0
 11
901.0
 21
0.0
 31
0.0
  0
LINE
  5
608
330
17
100
AcDbEntity
  8
Reaproveitamento
 62
30
100
AcDbLine
 10
948.0
 20
-39.0
 30
0.0
 11
909.0
 21
0.0
 31
0.0
  0
LINE
  5
609
330
17
100
AcDbEntity
  8
Reaproveitamento
 62
30
100
AcDbLine
 10
956.0
 20
-39.0
 30
0.0
 11
917.0
 21
0.0
 31
0.0
  0
LINE
  5
60A
330
17
100
AcDbEntity
  8
Reaproveitamento
 62
30
100
AcDbLine
 10
964.0
 20
-39.0
 30
0.0
 11
925.0
 21
0.0
 31
0.0
  0
LINE
  5
60B
330
17
100
AcDbEntity
  8
Reaproveitamento
 62
30
100
AcDbLine
 10
972.0
 20
-39.0
 30
0.0
 11
933.0
 21
0.0
 31
0.0
  0
LINE
  5
60C
330
17
100
AcDbEntity
  8
Reaproveitamento
 62
30
100
AcDbLine
 10
980.0
 20
-39.0
 30
0.0
 11
941.0
 21
0.0
 31
0.0
  0
LINE
  5
60D
330
17
100
AcDbEntity
  8
Reaproveitamento
 62
30
100
AcDbLine
 10
988.0
 20
-39.0
 30
0.0
 11
949.0
 21
0.0
 31
0.0
  0
LINE
  5
60E
330
17
100
AcDbEntity
  8
Reaproveitamento
 62
30
100
AcDbLine
 10
996.0
 20
-39.0
 30
0.0
 11
957.0
 21
0.0
 31
0.0
  0
LINE
  5
60F
330
17
100
AcDbEntity
  8
Reaproveitamento
 62
30
100
AcDbLine
 10
1001.0
 20
-36.0
 30
0.0
 11
965.0
 21
0.0
 31
0.0
  0
LINE
  5
610
330
17
100
AcDbEntity
  8
Reaproveitamento
 62
30
100
AcDbLine
 10
1001.0
 20
-28.0
 30
0.0
 11
973.0
 21
0.0
 31
0.0
  0
LINE
  5
611
330
17
100
AcDbEntity
  8
Reaproveitamento
 62
30
100
AcDbLine
 10
1001.0
 20
-20.0
 30
0.0
 11
981.0
 21
0.0
 31
0.0
  0
LINE
  5
612
330
17
100
AcDbEntity
  8
Reaproveitamento
 62
30
100
AcDbLine
 10
1001.0
 20
-12.0
 30
0.0
 11
989.0
 21
0.0
 31
0.0
  0
LINE
  5
613
330
17
100
AcDbEntity
  8
Reaproveitamento
 62
30
100
AcDbLine
 10
1001.0
 20
-4.0
 30
0.0
 11
997.0
 21
0.0
 31
0.0
  0
LINE
  5
614
330
17
100
AcDbEntity
  8
Reaproveitamento
 62
30
100
AcDbLine
 10
1001.0
 20
-39.0
 30
0.0
 11
1001.0
 21
-39.0
 31
0.0
  0
LINE
  5
615
330
17
100
AcDbEntity
  8
Reaproveitamento
 62
30
100
AcDbLine
 10
1009.0
 20
-39.0
 30
0.0
 11
1001.0
 21
-31.0
 31
0.0
  0
LINE
  5
616
330
17
100
AcDbEntity
  8
Reaproveitamento
 62
30
100
AcDbLine
 10
1017.0
 20
-39.0
 30
0.0
 11
1001.0
 21
-23.0
 31
0.0
  0
LINE
  5
617
330
17
100
AcDbEntity
  8
Reaproveitamento
 62
30
100
AcDbLine
 10
1025.0
 20
-39.0
 30
0.0
 11
1001.0
 21
-15.0
 31
0.0
  0
LINE
  5
618
330
17
100
AcDbEntity
  8
Reaproveitamento
 62
30
100
AcDbLine
 10
1033.0
 20
-39.0
 30
0.0
 11
1001.0
 21
-7.0
 31
0.0
  0
LINE
  5
619
330
17
100
AcDbEntity
  8
Reaproveitamento
 62
30
100
AcDbLine
 10
1041.0
 20
-39.0
 30
0.0
 11
1002.0
 21
0.0
 31
0.0
  0
LINE
  5
61A
330
17
100
AcDbEntity
  8
Reaproveitamento
 62
30
100
AcDbLine
 10
1049.0
 20
-39.0
 30
0.0
 11
1010.0
 21
0.0
 31
0.0
  0
LINE
  5
61B
330
17
100
AcDbEntity
  8
Reaproveitamento
 62
30
100
AcDbLine
 10
1057.0
 20
-39.0
 30
0.0
 11
1018.0
 21
0.0
 31
0.0
  0
LINE
  5
61C
330
17
100
AcDbEntity
  8
Reaproveitamento
 62
30
100
AcDbLine
 10
1065.0
 20
-39.0
 30
0.0
 11
1026.0
 21
0.0
 31
0.0
  0
LINE
  5
61D
330
17
100
AcDbEntity
  8
Reaproveitamento
 62
30
100
AcDbLine
 10
1073.0
 20
-39.0
 30
0.0
 11
1034.0
 21
0.0
 31
0.0
  0
LINE
  5
61E
330
17
100
AcDbEntity
  8
Reaproveitamento
 62
30
100
AcDbLine
 10
1081.0
 20
-39.0
 30
0.0
 11
1042.0
 21
0.0
 31
0.0
  0
LINE
  5
61F
330
17
100
AcDbEntity
  8
Reaproveitamento
 62
30
100
AcDbLine
 10
1089.0
 20
-39.0
 30
0.0
 11
1050.0
 21
0.0
 31
0.0
  0
LINE
  5
620
330
17
100
AcDbEntity
  8
Reaproveitamento
 62
30
100
AcDbLine
 10
1097.0
 20
-39.0
 30
0.0
 11
1058.0
 21
0.0
 31
0.0
  0
LINE
  5
621
330
17
100
AcDbEntity
  8
Reaproveitamento
 62
30
100
AcDbLine
 10
1105.0
 20
-39.0
 30
0.0
 11
1066.0
 21
0.0
 31
0.0
  0
LINE
  5
622
330
17
100
AcDbEntity
  8
Reaproveitamento
 62
30
100
AcDbLine
 10
1113.0
 20
-39.0
 30
0.0
 11
1074.0
 21
0.0
 31
0.0
  0
LINE
  5
623
330
17
100
AcDbEntity
  8
Reaproveitamento
 62
30
100
AcDbLine
 10
1121.0
 20
-39.0
 30
0.0
 11
1082.0
 21
0.0
 31
0.0
  0
LINE
  5
624
330
17
100
AcDbEntity
  8
Reaproveitamento
 62
30
100
AcDbLine
 10
1123.0
 20
-33.0
 30
0.0
 11
1090.0
 21
0.0
 31
0.0
  0
LINE
  5
625
330
17
100
AcDbEntity
  8
Reaproveitamento
 62
30
100
AcDbLine
 10
1123.0
 20
-25.0
 30
0.0
 11
1098.0
 21
0.0
 31
0.0
  0
LINE
  5
626
330
17
100
AcDbEntity
  8
Reaproveitamento
 62
30
100
AcDbLine
 10
1123.0
 20
-17.0
 30
0.0
 11
1106.0
 21
0.0
 31
0.0
  0
LINE
  5
627
330
17
100
AcDbEntity
  8
Reaproveitamento
 62
30
100
AcDbLine
 10
1123.0
 20
-9.0
 30
0.0
 11
1114.0
 21
0.0
 31
0.0
  0
LINE
  5
628
330
17
100
AcDbEntity
  8
Reaproveitamento
 62
30
100
AcDbLine
 10
1123.0
 20
-1.0
 30
0.0
 11
1122.0
 21
0.0
 31
0.0
  0
LINE
  5
629
330
17
100
AcDbEntity
  8
Reaproveitamento
 62
30
100
AcDbLine
 10
1123.0
 20
-39.0
 30
0.0
 11
1123.0
 21
-39.0
 31
0.0
  0
LINE
  5
62A
330
17
100
AcDbEntity
  8
Reaproveitamento
 62
30
100
AcDbLine
 10
1131.0
 20
-39.0
 30
0.0
 11
1123.0
 21
-31.0
 31
0.0
  0
LINE
  5
62B
330
17
100
AcDbEntity
  8
Reaproveitamento
 62
30
100
AcDbLine
 10
1139.0
 20
-39.0
 30
0.0
 11
1123.0
 21
-23.0
 31
0.0
  0
LINE
  5
62C
330
17
100
AcDbEntity
  8
Reaproveitamento
 62
30
100
AcDbLine
 10
1147.0
 20
-39.0
 30
0.0
 11
1123.0
 21
-15.0
 31
0.0
  0
LINE
  5
62D
330
17
100
AcDbEntity
  8
Reaproveitamento
 62
30
100
AcDbLine
 10
1155.0
 20
-39.0
 30
0.0
 11
1123.0
 21
-7.0
 31
0.0
  0
LINE
  5
62E
330
17
100
AcDbEntity
  8
Reaproveitamento
 62
30
100
AcDbLine
 10
1163.0
 20
-39.0
 30
0.0
 11
1124.0
 21
0.0
 31
0.0
  0
LINE
  5
62F
330
17
100
AcDbEntity
  8
Reaproveitamento
 62
30
100
AcDbLine
 10
1171.0
 20
-39.0
 30
0.0
 11
1132.0
 21
0.0
 31
0.0
  0
LINE
  5
630
330
17
100
AcDbEntity
  8
Reaproveitamento
 62
30
100
AcDbLine
 10
1179.0
 20
-39.0
 30
0.0
 11
1140.0
 21
0.0
 31
0.0
  0
LINE
  5
631
330
17
100
AcDbEntity
  8
Reaproveitamento
 62
30
100
AcDbLine
 10
1187.0
 20
-39.0
 30
0.0
 11
1148.0
 21
0.0
 31
0.0
  0
LINE
  5
632
330
17
100
AcDbEntity
  8
Reaproveitamento
 62
30
100
AcDbLine
 10
1195.0
 20
-39.0
 30
0.0
 11
1156.0
 21
0.0
 31
0.0
  0
LINE
  5
633
330
17
100
AcDbEntity
  8
Reaproveitamento
 62
30
100
AcDbLine
 10
1203.0
 20
-39.0
 30
0.0
 11
1164.0
 21
0.0
 31
0.0
  0
LINE
  5
634
330
17
100
AcDbEntity
  8
Reaproveitamento
 62
30
100
AcDbLine
 10
1211.0
 20
-39.0
 30
0.0
 11
1172.0
 21
0.0
 31
0.0
  0
LINE
  5
635
330
17
100
AcDbEntity
  8
Reaproveitamento
 62
30
100
AcDbLine
 10
1219.0
 20
-39.0
 30
0.0
 11
1180.0
 21
0.0
 31
0.0
  0
LINE
  5
636
330
17
100
AcDbEntity
  8
Reaproveitamento
 62
30
100
AcDbLine
 10
1227.0
 20
-39.0
 30
0.0
 11
1188.0
 21
0.0
 31
0.0
  0
LINE
  5
637
330
17
100
AcDbEntity
  8
Reaproveitamento
 62
30
100
AcDbLine
 10
1235.0
 20
-39.0
 30
0.0
 11
1196.0
 21
0.0
 31
0.0
  0
LINE
  5
638
330
17
100
AcDbEntity
  8
Reaproveitamento
 62
30
100
AcDbLine
 10
1243.0
 20
-39.0
 30
0.0
 11
1204.0
 21
0.0
 31
0.0
  0
LINE
  5
639
330
17
100
AcDbEntity
  8
Reaproveitamento
 62
30
100
AcDbLine
 10
1251.0
 20
-39.0
 30
0.0
 11
1212.0
 21
0.0
 31
0.0
  0
LINE
  5
63A
330
17
100
AcDbEntity
  8
Reaproveitamento
 62
30
100
AcDbLine
 10
1259.0
 20
-39.0
 30
0.0
 11
1220.0
 21
0.0
 31
0.0
  0
LINE
  5
63B
330
17
100
AcDbEntity
  8
Reaproveitamento
 62
30
100
AcDbLine
 10
1267.0
 20
-39.0
 30
0.0
 11
1228.0
 21
0.0
 31
0.0
  0
LINE
  5
63C
330
17
100
AcDbEntity
  8
Reaproveitamento
 62
30
100
AcDbLine
 10
1275.0
 20
-39.0
 30
0.0
 11
1236.0
 21
0.0
 31
0.0
  0
LINE
  5
63D
330
17
100
AcDbEntity
  8
Reaproveitamento
 62
30
100
AcDbLine
 10
1283.0
 20
-39.0
 30
0.0
 11
1244.0
 21
0.0
 31
0.0
  0
LINE
  5
63E
330
17
100
AcDbEntity
  8
Reaproveitamento
 62
30
100
AcDbLine
 10
1291.0
 20
-39.0
 30
0.0
 11
1252.0
 21
0.0
 31
0.0
  0
LINE
  5
63F
330
17
100
AcDbEntity
  8
Reaproveitamento
 62
30
100
AcDbLine
 10
1299.0
 20
-39.0
 30
0.0
 11
1260.0
 21
0.0
 31
0.0
  0
LINE
  5
640
330
17
100
AcDbEntity
  8
Reaproveitamento
 62
30
100
AcDbLine
 10
1307.0
 20
-39.0
 30
0.0
 11
1268.0
 21
0.0
 31
0.0
  0
LINE
  5
641
330
17
100
AcDbEntity
  8
Reaproveitamento
 62
30
100
AcDbLine
 10
1315.0
 20
-39.0
 30
0.0
 11
1276.0
 21
0.0
 31
0.0
  0
LINE
  5
642
330
17
100
AcDbEntity
  8
Reaproveitamento
 62
30
100
AcDbLine
 10
1319.0
 20
-35.0
 30
0.0
 11
1284.0
 21
0.0
 31
0.0
  0
LINE
  5
643
330
17
100
AcDbEntity
  8
Reaproveitamento
 62
30
100
AcDbLine
 10
1319.0
 20
-27.0
 30
0.0
 11
1292.0
 21
0.0
 31
0.0
  0
LINE
  5
644
330
17
100
AcDbEntity
  8
Reaproveitamento
 62
30
100
AcDbLine
 10
1319.0
 20
-19.0
 30
0.0
 11
1300.0
 21
0.0
 31
0.0
  0
LINE
  5
645
330
17
100
AcDbEntity
  8
Reaproveitamento
 62
30
100
AcDbLine
 10
1319.0
 20
-11.0
 30
0.0
 11
1308.0
 21
0.0
 31
0.0
  0
LINE
  5
646
330
17
100
AcDbEntity
  8
Reaproveitamento
 62
30
100
AcDbLine
 10
1319.0
 20
-3.0
 30
0.0
 11
1316.0
 21
0.0
 31
0.0
  0
LINE
  5
647
330
17
100
AcDbEntity
  8
Reaproveitamento
 62
30
100
AcDbLine
 10
1319.0
 20
-39.0
 30
0.0
 11
1319.0
 21
-39.0
 31
0.0
  0
LINE
  5
648
330
17
100
AcDbEntity
  8
Reaproveitamento
 62
30
100
AcDbLine
 10
1327.0
 20
-39.0
 30
0.0
 11
1319.0
 21
-31.0
 31
0.0
  0
LINE
  5
649
330
17
100
AcDbEntity
  8
Reaproveitamento
 62
30
100
AcDbLine
 10
1335.0
 20
-39.0
 30
0.0
 11
1319.0
 21
-23.0
 31
0.0
  0
LINE
  5
64A
330
17
100
AcDbEntity
  8
Reaproveitamento
 62
30
100
AcDbLine
 10
1343.0
 20
-39.0
 30
0.0
 11
1319.0
 21
-15.0
 31
0.0
  0
LINE
  5
64B
330
17
100
AcDbEntity
  8
Reaproveitamento
 62
30
100
AcDbLine
 10
1351.0
 20
-39.0
 30
0.0
 11
1319.0
 21
-7.0
 31
0.0
  0
LINE
  5
64C
330
17
100
AcDbEntity
  8
Reaproveitamento
 62
30
100
AcDbLine
 10
1359.0
 20
-39.0
 30
0.0
 11
1320.0
 21
0.0
 31
0.0
  0
LINE
  5
64D
330
17
100
AcDbEntity
  8
Reaproveitamento
 62
30
100
AcDbLine
 10
1367.0
 20
-39.0
 30
0.0
 11
1328.0
 21
0.0
 31
0.0
  0
LINE
  5
64E
330
17
100
AcDbEntity
  8
Reaproveitamento
 62
30
100
AcDbLine
 10
1375.0
 20
-39.0
 30
0.0
 11
1336.0
 21
0.0
 31
0.0
  0
LINE
  5
64F
330
17
100
AcDbEntity
  8
Reaproveitamento
 62
30
100
AcDbLine
 10
1383.0
 20
-39.0
 30
0.0
 11
1344.0
 21
0.0
 31
0.0
  0
LINE
  5
650
330
17
100
AcDbEntity
  8
Reaproveitamento
 62
30
100
AcDbLine
 10
1391.0
 20
-39.0
 30
0.0
 11
1352.0
 21
0.0
 31
0.0
  0
LINE
  5
651
330
17
100
AcDbEntity
  8
Reaproveitamento
 62
30
100
AcDbLine
 10
1399.0
 20
-39.0
 30
0.0
 11
1360.0
 21
0.0
 31
0.0
  0
LINE
  5
652
330
17
100
AcDbEntity
  8
Reaproveitamento
 62
30
100
AcDbLine
 10
1407.0
 20
-39.0
 30
0.0
 11
1368.0
 21
0.0
 31
0.0
  0
LINE
  5
653
330
17
100
AcDbEntity
  8
Reaproveitamento
 62
30
100
AcDbLine
 10
1415.0
 20
-39.0
 30
0.0
 11
1376.0
 21
0.0
 31
0.0
  0
LINE
  5
654
330
17
100
AcDbEntity
  8
Reaproveitamento
 62
30
100
AcDbLine
 10
1423.0
 20
-39.0
 30
0.0
 11
1384.0
 21
0.0
 31
0.0
  0
LINE
  5
655
330
17
100
AcDbEntity
  8
Reaproveitamento
 62
30
100
AcDbLine
 10
1431.0
 20
-39.0
 30
0.0
 11
1392.0
 21
0.0
 31
0.0
  0
LINE
  5
656
330
17
100
AcDbEntity
  8
Reaproveitamento
 62
30
100
AcDbLine
 10
1439.0
 20
-39.0
 30
0.0
 11
1400.0
 21
0.0
 31
0.0
  0
LINE
  5
657
330
17
100
AcDbEntity
  8
Reaproveitamento
 62
30
100
AcDbLine
 10
1447.0
 20
-39.0
 30
0.0
 11
1408.0
 21
0.0
 31
0.0
  0
LINE
  5
658
330
17
100
AcDbEntity
  8
Reaproveitamento
 62
30
100
AcDbLine
 10
1455.0
 20
-39.0
 30
0.0
 11
1416.0
 21
0.0
 31
0.0
  0
LINE
  5
659
330
17
100
AcDbEntity
  8
Reaproveitamento
 62
30
100
AcDbLine
 10
1463.0
 20
-39.0
 30
0.0
 11
1424.0
 21
0.0
 31
0.0
  0
LINE
  5
65A
330
17
100
AcDbEntity
  8
Reaproveitamento
 62
30
100
AcDbLine
 10
1471.0
 20
-39.0
 30
0.0
 11
1432.0
 21
0.0
 31
0.0
  0
LINE
  5
65B
330
17
100
AcDbEntity
  8
Reaproveitamento
 62
30
100
AcDbLine
 10
1479.0
 20
-39.0
 30
0.0
 11
1440.0
 21
0.0
 31
0.0
  0
LINE
  5
65C
330
17
100
AcDbEntity
  8
Reaproveitamento
 62
30
100
AcDbLine
 10
1487.0
 20
-39.0
 30
0.0
 11
1448.0
 21
0.0
 31
0.0
  0
LINE
  5
65D
330
17
100
AcDbEntity
  8
Reaproveitamento
 62
30
100
AcDbLine
 10
1495.0
 20
-39.0
 30
0.0
 11
1456.0
 21
0.0
 31
0.0
  0
LINE
  5
65E
330
17
100
AcDbEntity
  8
Reaproveitamento
 62
30
100
AcDbLine
 10
1503.0
 20
-39.0
 30
0.0
 11
1464.0
 21
0.0
 31
0.0
  0
LINE
  5
65F
330
17
100
AcDbEntity
  8
Reaproveitamento
 62
30
100
AcDbLine
 10
1511.0
 20
-39.0
 30
0.0
 11
1472.0
 21
0.0
 31
0.0
  0
LINE
  5
660
330
17
100
AcDbEntity
  8
Reaproveitamento
 62
30
100
AcDbLine
 10
1519.0
 20
-39.0
 30
0.0
 11
1480.0
 21
0.0
 31
0.0
  0
LINE
  5
661
330
17
100
AcDbEntity
  8
Reaproveitamento
 62
30
100
AcDbLine
 10
1527.0
 20
-39.0
 30
0.0
 11
1488.0
 21
0.0
 31
0.0
  0
LINE
  5
662
330
17
100
AcDbEntity
  8
Reaproveitamento
 62
30
100
AcDbLine
 10
1530.0
 20
-34.0
 30
0.0
 11
1496.0
 21
0.0
 31
0.0
  0
LINE
  5
663
330
17
100
AcDbEntity
  8
Reaproveitamento
 62
30
100
AcDbLine
 10
1530.0
 20
-26.0
 30
0.0
 11
1504.0
 21
0.0
 31
0.0
  0
LINE
  5
664
330
17
100
AcDbEntity
  8
Reaproveitamento
 62
30
100
AcDbLine
 10
1530.0
 20
-18.0
 30
0.0
 11
1512.0
 21
0.0
 31
0.0
  0
LINE
  5
665
330
17
100
AcDbEntity
  8
Reaproveitamento
 62
30
100
AcDbLine
 10
1530.0
 20
-10.0
 30
0.0
 11
1520.0
 21
0.0
 31
0.0
  0
LINE
  5
666
330
17
100
AcDbEntity
  8
Reaproveitamento
 62
30
100
AcDbLine
 10
1530.0
 20
-2.0
 30
0.0
 11
1528.0
 21
0.0
 31
0.0
  0
LINE
  5
667
330
17
100
AcDbEntity
  8
Reaproveitamento
 62
30
100
AcDbLine
 10
1530.0
 20
-39.0
 30
0.0
 11
1530.0
 21
-39.0
 31
0.0
  0
LINE
  5
668
330
17
100
AcDbEntity
  8
Reaproveitamento
 62
30
100
AcDbLine
 10
1538.0
 20
-39.0
 30
0.0
 11
1530.0
 21
-31.0
 31
0.0
  0
LINE
  5
669
330
17
100
AcDbEntity
  8
Reaproveitamento
 62
30
100
AcDbLine
 10
1546.0
 20
-39.0
 30
0.0
 11
1530.0
 21
-23.0
 31
0.0
  0
LINE
  5
66A
330
17
100
AcDbEntity
  8
Reaproveitamento
 62
30
100
AcDbLine
 10
1554.0
 20
-39.0
 30
0.0
 11
1530.0
 21
-15.0
 31
0.0
  0
LINE
  5
66B
330
17
100
AcDbEntity
  8
Reaproveitamento
 62
30
100
AcDbLine
 10
1562.0
 20
-39.0
 30
0.0
 11
1530.0
 21
-7.0
 31
0.0
  0
LINE
  5
66C
330
17
100
AcDbEntity
  8
Reaproveitamento
 62
30
100
AcDbLine
 10
1570.0
 20
-39.0
 30
0.0
 11
1531.0
 21
0.0
 31
0.0
  0
LINE
  5
66D
330
17
100
AcDbEntity
  8
Reaproveitamento
 62
30
100
AcDbLine
 10
1578.0
 20
-39.0
 30
0.0
 11
1539.0
 21
0.0
 31
0.0
  0
LINE
  5
66E
330
17
100
AcDbEntity
  8
Reaproveitamento
 62
30
100
AcDbLine
 10
1586.0
 20
-39.0
 30
0.0
 11
1547.0
 21
0.0
 31
0.0
  0
LINE
  5
66F
330
17
100
AcDbEntity
  8
Reaproveitamento
 62
30
100
AcDbLine
 10
1594.0
 20
-39.0
 30
0.0
 11
1555.0
 21
0.0
 31
0.0
  0
LINE
  5
670
330
17
100
AcDbEntity
  8
Reaproveitamento
 62
30
100
AcDbLine
 10
1602.0
 20
-39.0
 30
0.0
 11
1563.0
 21
0.0
 31
0.0
  0
LINE
  5
671
330
17
100
AcDbEntity
  8
Reaproveitamento
 62
30
100
AcDbLine
 10
1610.0
 20
-39.0
 30
0.0
 11
1571.0
 21
0.0
 31
0.0
  0
LINE
  5
672
330
17
100
AcDbEntity
  8
Reaproveitamento
 62
30
100
AcDbLine
 10
1618.0
 20
-39.0
 30
0.0
 11
1579.0
 21
0.0
 31
0.0
  0
LINE
  5
673
330
17
100
AcDbEntity
  8
Reaproveitamento
 62
30
100
AcDbLine
 10
1626.0
 20
-39.0
 30
0.0
 11
1587.0
 21
0.0
 31
0.0
  0
LINE
  5
674
330
17
100
AcDbEntity
  8
Reaproveitamento
 62
30
100
AcDbLine
 10
1634.0
 20
-39.0
 30
0.0
 11
1595.0
 21
0.0
 31
0.0
  0
LINE
  5
675
330
17
100
AcDbEntity
  8
Reaproveitamento
 62
30
100
AcDbLine
 10
1642.0
 20
-39.0
 30
0.0
 11
1603.0
 21
0.0
 31
0.0
  0
LINE
  5
676
330
17
100
AcDbEntity
  8
Reaproveitamento
 62
30
100
AcDbLine
 10
1650.0
 20
-39.0
 30
0.0
 11
1611.0
 21
0.0
 31
0.0
  0
LINE
  5
677
330
17
100
AcDbEntity
  8
Reaproveitamento
 62
30
100
AcDbLine
 10
1658.0
 20
-39.0
 30
0.0
 11
1619.0
 21
0.0
 31
0.0
  0
LINE
  5
678
330
17
100
AcDbEntity
  8
Reaproveitamento
 62
30
100
AcDbLine
 10
1666.0
 20
-39.0
 30
0.0
 11
1627.0
 21
0.0
 31
0.0
  0
LINE
  5
679
330
17
100
AcDbEntity
  8
Reaproveitamento
 62
30
100
AcDbLine
 10
1674.0
 20
-39.0
 30
0.0
 11
1635.0
 21
0.0
 31
0.0
  0
LINE
  5
67A
330
17
100
AcDbEntity
  8
Reaproveitamento
 62
30
100
AcDbLine
 10
1682.0
 20
-39.0
 30
0.0
 11
1643.0
 21
0.0
 31
0.0
  0
LINE
  5
67B
330
17
100
AcDbEntity
  8
Reaproveitamento
 62
30
100
AcDbLine
 10
1690.0
 20
-39.0
 30
0.0
 11
1651.0
 21
0.0
 31
0.0
  0
LINE
  5
67C
330
17
100
AcDbEntity
  8
Reaproveitamento
 62
30
100
AcDbLine
 10
1698.0
 20
-39.0
 30
0.0
 11
1659.0
 21
0.0
 31
0.0
  0
LINE
  5
67D
330
17
100
AcDbEntity
  8
Reaproveitamento
 62
30
100
AcDbLine
 10
1706.0
 20
-39.0
 30
0.0
 11
1667.0
 21
0.0
 31
0.0
  0
LINE
  5
67E
330
17
100
AcDbEntity
  8
Reaproveitamento
 62
30
100
AcDbLine
 10
1714.0
 20
-39.0
 30
0.0
 11
1675.0
 21
0.0
 31
0.0
  0
LINE
  5
67F
330
17
100
AcDbEntity
  8
Reaproveitamento
 62
30
100
AcDbLine
 10
1722.0
 20
-39.0
 30
0.0
 11
1683.0
 21
0.0
 31
0.0
  0
LINE
  5
680
330
17
100
AcDbEntity
  8
Reaproveitamento
 62
30
100
AcDbLine
 10
1730.0
 20
-39.0
 30
0.0
 11
1691.0
 21
0.0
 31
0.0
  0
LINE
  5
681
330
17
100
AcDbEntity
  8
Reaproveitamento
 62
30
100
AcDbLine
 10
1738.0
 20
-39.0
 30
0.0
 11
1699.0
 21
0.0
 31
0.0
  0
LINE
  5
682
330
17
100
AcDbEntity
  8
Reaproveitamento
 62
30
100
AcDbLine
 10
1746.0
 20
-39.0
 30
0.0
 11
1707.0
 21
0.0
 31
0.0
  0
LINE
  5
683
330
17
100
AcDbEntity
  8
Reaproveitamento
 62
30
100
AcDbLine
 10
1746.0
 20
-31.0
 30
0.0
 11
1715.0
 21
0.0
 31
0.0
  0
LINE
  5
684
330
17
100
AcDbEntity
  8
Reaproveitamento
 62
30
100
AcDbLine
 10
1746.0
 20
-23.0
 30
0.0
 11
1723.0
 21
0.0
 31
0.0
  0
LINE
  5
685
330
17
100
AcDbEntity
  8
Reaproveitamento
 62
30
100
AcDbLine
 10
1746.0
 20
-15.0
 30
0.0
 11
1731.0
 21
0.0
 31
0.0
  0
LINE
  5
686
330
17
100
AcDbEntity
  8
Reaproveitamento
 62
30
100
AcDbLine
 10
1746.0
 20
-7.0
 30
0.0
 11
1739.0
 21
0.0
 31
0.0
  0
LINE
  5
687
330
17
100
AcDbEntity
  8
Reaproveitamento
 62
30
100
AcDbLine
 10
1746.0
 20
-39.0
 30
0.0
 11
1746.0
 21
-39.0
 31
0.0
  0
LINE
  5
688
330
17
100
AcDbEntity
  8
Reaproveitamento
 62
30
100
AcDbLine
 10
1754.0
 20
-39.0
 30
0.0
 11
1746.0
 21
-31.0
 31
0.0
  0
LINE
  5
689
330
17
100
AcDbEntity
  8
Reaproveitamento
 62
30
100
AcDbLine
 10
1762.0
 20
-39.0
 30
0.0
 11
1746.0
 21
-23.0
 31
0.0
  0
LINE
  5
68A
330
17
100
AcDbEntity
  8
Reaproveitamento
 62
30
100
AcDbLine
 10
1770.0
 20
-39.0
 30
0.0
 11
1746.0
 21
-15.0
 31
0.0
  0
LINE
  5
68B
330
17
100
AcDbEntity
  8
Reaproveitamento
 62
30
100
AcDbLine
 10
1778.0
 20
-39.0
 30
0.0
 11
1746.0
 21
-7.0
 31
0.0
  0
LINE
  5
68C
330
17
100
AcDbEntity
  8
Reaproveitamento
 62
30
100
AcDbLine
 10
1786.0
 20
-39.0
 30
0.0
 11
1747.0
 21
0.0
 31
0.0
  0
LINE
  5
68D
330
17
100
AcDbEntity
  8
Reaproveitamento
 62
30
100
AcDbLine
 10
1794.0
 20
-39.0
 30
0.0
 11
1755.0
 21
0.0
 31
0.0
  0
LINE
  5
68E
330
17
100
AcDbEntity
  8
Reaproveitamento
 62
30
100
AcDbLine
 10
1802.0
 20
-39.0
 30
0.0
 11
1763.0
 21
0.0
 31
0.0
  0
LINE
  5
68F
330
17
100
AcDbEntity
  8
Reaproveitamento
 62
30
100
AcDbLine
 10
1810.0
 20
-39.0
 30
0.0
 11
1771.0
 21
0.0
 31
0.0
  0
LINE
  5
690
330
17
100
AcDbEntity
  8
Reaproveitamento
 62
30
100
AcDbLine
 10
1818.0
 20
-39.0
 30
0.0
 11
1779.0
 21
0.0
 31
0.0
  0
LINE
  5
691
330
17
100
AcDbEntity
  8
Reaproveitamento
 62
30
100
AcDbLine
 10
1826.0
 20
-39.0
 30
0.0
 11
1787.0
 21
0.0
 31
0.0
  0
LINE
  5
692
330
17
100
AcDbEntity
  8
Reaproveitamento
 62
30
100
AcDbLine
 10
1834.0
 20
-39.0
 30
0.0
 11
1795.0
 21
0.0
 31
0.0
  0
LINE
  5
693
330
17
100
AcDbEntity
  8
Reaproveitamento
 62
30
100
AcDbLine
 10
1842.0
 20
-39.0
 30
0.0
 11
1803.0
 21
0.0
 31
0.0
  0
LINE
  5
694
330
17
100
AcDbEntity
  8
Reaproveitamento
 62
30
100
AcDbLine
 10
1850.0
 20
-39.0
 30
0.0
 11
1811.0
 21
0.0
 31
0.0
  0
LINE
  5
695
330
17
100
AcDbEntity
  8
Reaproveitamento
 62
30
100
AcDbLine
 10
1858.0
 20
-39.0
 30
0.0
 11
1819.0
 21
0.0
 31
0.0
  0
LINE
  5
696
330
17
100
AcDbEntity
  8
Reaproveitamento
 62
30
100
AcDbLine
 10
1866.0
 20
-39.0
 30
0.0
 11
1827.0
 21
0.0
 31
0.0
  0
LINE
  5
697
330
17
100
AcDbEntity
  8
Reaproveitamento
 62
30
100
AcDbLine
 10
1874.0
 20
-39.0
 30
0.0
 11
1835.0
 21
0.0
 31
0.0
  0
LINE
  5
698
330
17
100
AcDbEntity
  8
Reaproveitamento
 62
30
100
AcDbLine
 10
1882.0
 20
-39.0
 30
0.0
 11
1843.0
 21
0.0
 31
0.0
  0
LINE
  5
699
330
17
100
AcDbEntity
  8
Reaproveitamento
 62
30
100
AcDbLine
 10
1890.0
 20
-39.0
 30
0.0
 11
1851.0
 21
0.0
 31
0.0
  0
LINE
  5
69A
330
17
100
AcDbEntity
  8
Reaproveitamento
 62
30
100
AcDbLine
 10
1898.0
 20
-39.0
 30
0.0
 11
1859.0
 21
0.0
 31
0.0
  0
LINE
  5
69B
330
17
100
AcDbEntity
  8
Reaproveitamento
 62
30
100
AcDbLine
 10
1906.0
 20
-39.0
 30
0.0
 11
1867.0
 21
0.0
 31
0.0
  0
LINE
  5
69C
330
17
100
AcDbEntity
  8
Reaproveitamento
 62
30
100
AcDbLine
 10
1914.0
 20
-39.0
 30
0.0
 11
1875.0
 21
0.0
 31
0.0
  0
LINE
  5
69D
330
17
100
AcDbEntity
  8
Reaproveitamento
 62
30
100
AcDbLine
 10
1922.0
 20
-39.0
 30
0.0
 11
1883.0
 21
0.0
 31
0.0
  0
LINE
  5
69E
330
17
100
AcDbEntity
  8
Reaproveitamento
 62
30
100
AcDbLine
 10
1930.0
 20
-39.0
 30
0.0
 11
1891.0
 21
0.0
 31
0.0
  0
LINE
  5
69F
330
17
100
AcDbEntity
  8
Reaproveitamento
 62
30
100
AcDbLine
 10
1938.0
 20
-39.0
 30
0.0
 11
1899.0
 21
0.0
 31
0.0
  0
LINE
  5
6A0
330
17
100
AcDbEntity
  8
Reaproveitamento
 62
30
100
AcDbLine
 10
1946.0
 20
-39.0
 30
0.0
 11
1907.0
 21
0.0
 31
0.0
  0
LINE
  5
6A1
330
17
100
AcDbEntity
  8
Reaproveitamento
 62
30
100
AcDbLine
 10
1954.0
 20
-39.0
 30
0.0
 11
1915.0
 21
0.0
 31
0.0
  0
LINE
  5
6A2
330
17
100
AcDbEntity
  8
Reaproveitamento
 62
30
100
AcDbLine
 10
1962.0
 20
-39.0
 30
0.0
 11
1923.0
 21
0.0
 31
0.0
  0
LINE
  5
6A3
330
17
100
AcDbEntity
  8
Reaproveitamento
 62
30
100
AcDbLine
 10
1962.0
 20
-31.0
 30
0.0
 11
1931.0
 21
0.0
 31
0.0
  0
LINE
  5
6A4
330
17
100
AcDbEntity
  8
Reaproveitamento
 62
30
100
AcDbLine
 10
1962.0
 20
-23.0
 30
0.0
 11
1939.0
 21
0.0
 31
0.0
  0
LINE
  5
6A5
330
17
100
AcDbEntity
  8
Reaproveitamento
 62
30
100
AcDbLine
 10
1962.0
 20
-15.0
 30
0.0
 11
1947.0
 21
0.0
 31
0.0
  0
LINE
  5
6A6
330
17
100
AcDbEntity
  8
Reaproveitamento
 62
30
100
AcDbLine
 10
1962.0
 20
-7.0
 30
0.0
 11
1955.0
 21
0.0
 31
0.0
  0
LINE
  5
6A7
330
17
100
AcDbEntity
  8
Reaproveitamento
 62
30
100
AcDbLine
 10
1962.0
 20
-39.0
 30
0.0
 11
1962.0
 21
-39.0
 31
0.0
  0
LINE
  5
6A8
330
17
100
AcDbEntity
  8
Reaproveitamento
 62
30
100
AcDbLine
 10
1970.0
 20
-39.0
 30
0.0
 11
1962.0
 21
-31.0
 31
0.0
  0
LINE
  5
6A9
330
17
100
AcDbEntity
  8
Reaproveitamento
 62
30
100
AcDbLine
 10
1978.0
 20
-39.0
 30
0.0
 11
1962.0
 21
-23.0
 31
0.0
  0
LINE
  5
6AA
330
17
100
AcDbEntity
  8
Reaproveitamento
 62
30
100
AcDbLine
 10
1986.0
 20
-39.0
 30
0.0
 11
1962.0
 21
-15.0
 31
0.0
  0
LINE
  5
6AB
330
17
100
AcDbEntity
  8
Reaproveitamento
 62
30
100
AcDbLine
 10
1994.0
 20
-39.0
 30
0.0
 11
1962.0
 21
-7.0
 31
0.0
  0
LINE
  5
6AC
330
17
100
AcDbEntity
  8
Reaproveitamento
 62
30
100
AcDbLine
 10
2002.0
 20
-39.0
 30
0.0
 11
1963.0
 21
0.0
 31
0.0
  0
LINE
  5
6AD
330
17
100
AcDbEntity
  8
Reaproveitamento
 62
30
100
AcDbLine
 10
2010.0
 20
-39.0
 30
0.0
 11
1971.0
 21
0.0
 31
0.0
  0
LINE
  5
6AE
330
17
100
AcDbEntity
  8
Reaproveitamento
 62
30
100
AcDbLine
 10
2018.0
 20
-39.0
 30
0.0
 11
1979.0
 21
0.0
 31
0.0
  0
LINE
  5
6AF
330
17
100
AcDbEntity
  8
Reaproveitamento
 62
30
100
AcDbLine
 10
2026.0
 20
-39.0
 30
0.0
 11
1987.0
 21
0.0
 31
0.0
  0
LINE
  5
6B0
330
17
100
AcDbEntity
  8
Reaproveitamento
 62
30
100
AcDbLine
 10
2034.0
 20
-39.0
 30
0.0
 11
1995.0
 21
0.0
 31
0.0
  0
LINE
  5
6B1
330
17
100
AcDbEntity
  8
Reaproveitamento
 62
30
100
AcDbLine
 10
2042.0
 20
-39.0
 30
0.0
 11
2003.0
 21
0.0
 31
0.0
  0
LINE
  5
6B2
330
17
100
AcDbEntity
  8
Reaproveitamento
 62
30
100
AcDbLine
 10
2050.0
 20
-39.0
 30
0.0
 11
2011.0
 21
0.0
 31
0.0
  0
LINE
  5
6B3
330
17
100
AcDbEntity
  8
Reaproveitamento
 62
30
100
AcDbLine
 10
2058.0
 20
-39.0
 30
0.0
 11
2019.0
 21
0.0
 31
0.0
  0
LINE
  5
6B4
330
17
100
AcDbEntity
  8
Reaproveitamento
 62
30
100
AcDbLine
 10
2066.0
 20
-39.0
 30
0.0
 11
2027.0
 21
0.0
 31
0.0
  0
LINE
  5
6B5
330
17
100
AcDbEntity
  8
Reaproveitamento
 62
30
100
AcDbLine
 10
2074.0
 20
-39.0
 30
0.0
 11
2035.0
 21
0.0
 31
0.0
  0
LINE
  5
6B6
330
17
100
AcDbEntity
  8
Reaproveitamento
 62
30
100
AcDbLine
 10
2082.0
 20
-39.0
 30
0.0
 11
2043.0
 21
0.0
 31
0.0
  0
LINE
  5
6B7
330
17
100
AcDbEntity
  8
Reaproveitamento
 62
30
100
AcDbLine
 10
2090.0
 20
-39.0
 30
0.0
 11
2051.0
 21
0.0
 31
0.0
  0
LINE
  5
6B8
330
17
100
AcDbEntity
  8
Reaproveitamento
 62
30
100
AcDbLine
 10
2098.0
 20
-39.0
 30
0.0
 11
2059.0
 21
0.0
 31
0.0
  0
LINE
  5
6B9
330
17
100
AcDbEntity
  8
Reaproveitamento
 62
30
100
AcDbLine
 10
2106.0
 20
-39.0
 30
0.0
 11
2067.0
 21
0.0
 31
0.0
  0
LINE
  5
6BA
330
17
100
AcDbEntity
  8
Reaproveitamento
 62
30
100
AcDbLine
 10
2114.0
 20
-39.0
 30
0.0
 11
2075.0
 21
0.0
 31
0.0
  0
LINE
  5
6BB
330
17
100
AcDbEntity
  8
Reaproveitamento
 62
30
100
AcDbLine
 10
2122.0
 20
-39.0
 30
0.0
 11
2083.0
 21
0.0
 31
0.0
  0
LINE
  5
6BC
330
17
100
AcDbEntity
  8
Reaproveitamento
 62
30
100
AcDbLine
 10
2130.0
 20
-39.0
 30
0.0
 11
2091.0
 21
0.0
 31
0.0
  0
LINE
  5
6BD
330
17
100
AcDbEntity
  8
Reaproveitamento
 62
30
100
AcDbLine
 10
2138.0
 20
-39.0
 30
0.0
 11
2099.0
 21
0.0
 31
0.0
  0
LINE
  5
6BE
330
17
100
AcDbEntity
  8
Reaproveitamento
 62
30
100
AcDbLine
 10
2146.0
 20
-39.0
 30
0.0
 11
2107.0
 21
0.0
 31
0.0
  0
LINE
  5
6BF
330
17
100
AcDbEntity
  8
Reaproveitamento
 62
30
100
AcDbLine
 10
2154.0
 20
-39.0
 30
0.0
 11
2115.0
 21
0.0
 31
0.0
  0
LINE
  5
6C0
330
17
100
AcDbEntity
  8
Reaproveitamento
 62
30
100
AcDbLine
 10
2162.0
 20
-39.0
 30
0.0
 11
2123.0
 21
0.0
 31
0.0
  0
LINE
  5
6C1
330
17
100
AcDbEntity
  8
Reaproveitamento
 62
30
100
AcDbLine
 10
2170.0
 20
-39.0
 30
0.0
 11
2131.0
 21
0.0
 31
0.0
  0
LINE
  5
6C2
330
17
100
AcDbEntity
  8
Reaproveitamento
 62
30
100
AcDbLine
 10
2178.0
 20
-39.0
 30
0.0
 11
2139.0
 21
0.0
 31
0.0
  0
LINE
  5
6C3
330
17
100
AcDbEntity
  8
Reaproveitamento
 62
30
100
AcDbLine
 10
2186.0
 20
-39.0
 30
0.0
 11
2147.0
 21
0.0
 31
0.0
  0
LINE
  5
6C4
330
17
100
AcDbEntity
  8
Reaproveitamento
 62
30
100
AcDbLine
 10
2194.0
 20
-39.0
 30
0.0
 11
2155.0
 21
0.0
 31
0.0
  0
LINE
  5
6C5
330
17
100
AcDbEntity
  8
Reaproveitamento
 62
30
100
AcDbLine
 10
2202.0
 20
-39.0
 30
0.0
 11
2163.0
 21
0.0
 31
0.0
  0
LINE
  5
6C6
330
17
100
AcDbEntity
  8
Reaproveitamento
 62
30
100
AcDbLine
 10
2206.0
 20
-35.0
 30
0.0
 11
2171.0
 21
0.0
 31
0.0
  0
LINE
  5
6C7
330
17
100
AcDbEntity
  8
Reaproveitamento
 62
30
100
AcDbLine
 10
2206.0
 20
-27.0
 30
0.0
 11
2179.0
 21
0.0
 31
0.0
  0
LINE
  5
6C8
330
17
100
AcDbEntity
  8
Reaproveitamento
 62
30
100
AcDbLine
 10
2206.0
 20
-19.0
 30
0.0
 11
2187.0
 21
0.0
 31
0.0
  0
LINE
  5
6C9
330
17
100
AcDbEntity
  8
Reaproveitamento
 62
30
100
AcDbLine
 10
2206.0
 20
-11.0
 30
0.0
 11
2195.0
 21
0.0
 31
0.0
  0
LINE
  5
6CA
330
17
100
AcDbEntity
  8
Reaproveitamento
 62
30
100
AcDbLine
 10
2206.0
 20
-3.0
 30
0.0
 11
2203.0
 21
0.0
 31
0.0
  0
LINE
  5
6CB
330
17
100
AcDbEntity
  8
Reaproveitamento
 62
30
100
AcDbLine
 10
2206.0
 20
-39.0
 30
0.0
 11
2206.0
 21
-39.0
 31
0.0
  0
LINE
  5
6CC
330
17
100
AcDbEntity
  8
Reaproveitamento
 62
30
100
AcDbLine
 10
2214.0
 20
-39.0
 30
0.0
 11
2206.0
 21
-31.0
 31
0.0
  0
LINE
  5
6CD
330
17
100
AcDbEntity
  8
Reaproveitamento
 62
30
100
AcDbLine
 10
2222.0
 20
-39.0
 30
0.0
 11
2206.0
 21
-23.0
 31
0.0
  0
LINE
  5
6CE
330
17
100
AcDbEntity
  8
Reaproveitamento
 62
30
100
AcDbLine
 10
2230.0
 20
-39.0
 30
0.0
 11
2206.0
 21
-15.0
 31
0.0
  0
LINE
  5
6CF
330
17
100
AcDbEntity
  8
Reaproveitamento
 62
30
100
AcDbLine
 10
2238.0
 20
-39.0
 30
0.0
 11
2206.0
 21
-7.0
 31
0.0
  0
LINE
  5
6D0
330
17
100
AcDbEntity
  8
Reaproveitamento
 62
30
100
AcDbLine
 10
2246.0
 20
-39.0
 30
0.0
 11
2207.0
 21
0.0
 31
0.0
  0
LINE
  5
6D1
330
17
100
AcDbEntity
  8
Reaproveitamento
 62
30
100
AcDbLine
 10
2254.0
 20
-39.0
 30
0.0
 11
2215.0
 21
0.0
 31
0.0
  0
LINE
  5
6D2
330
17
100
AcDbEntity
  8
Reaproveitamento
 62
30
100
AcDbLine
 10
2262.0
 20
-39.0
 30
0.0
 11
2223.0
 21
0.0
 31
0.0
  0
LINE
  5
6D3
330
17
100
AcDbEntity
  8
Reaproveitamento
 62
30
100
AcDbLine
 10
2270.0
 20
-39.0
 30
0.0
 11
2231.0
 21
0.0
 31
0.0
  0
LINE
  5
6D4
330
17
100
AcDbEntity
  8
Reaproveitamento
 62
30
100
AcDbLine
 10
2278.0
 20
-39.0
 30
0.0
 11
2239.0
 21
0.0
 31
0.0
  0
LINE
  5
6D5
330
17
100
AcDbEntity
  8
Reaproveitamento
 62
30
100
AcDbLine
 10
2286.0
 20
-39.0
 30
0.0
 11
2247.0
 21
0.0
 31
0.0
  0
LINE
  5
6D6
330
17
100
AcDbEntity
  8
Reaproveitamento
 62
30
100
AcDbLine
 10
2294.0
 20
-39.0
 30
0.0
 11
2255.0
 21
0.0
 31
0.0
  0
LINE
  5
6D7
330
17
100
AcDbEntity
  8
Reaproveitamento
 62
30
100
AcDbLine
 10
2302.0
 20
-39.0
 30
0.0
 11
2263.0
 21
0.0
 31
0.0
  0
LINE
  5
6D8
330
17
100
AcDbEntity
  8
Reaproveitamento
 62
30
100
AcDbLine
 10
2310.0
 20
-39.0
 30
0.0
 11
2271.0
 21
0.0
 31
0.0
  0
LINE
  5
6D9
330
17
100
AcDbEntity
  8
Reaproveitamento
 62
30
100
AcDbLine
 10
2318.0
 20
-39.0
 30
0.0
 11
2279.0
 21
0.0
 31
0.0
  0
LINE
  5
6DA
330
17
100
AcDbEntity
  8
Reaproveitamento
 62
30
100
AcDbLine
 10
2326.0
 20
-39.0
 30
0.0
 11
2287.0
 21
0.0
 31
0.0
  0
LINE
  5
6DB
330
17
100
AcDbEntity
  8
Reaproveitamento
 62
30
100
AcDbLine
 10
2334.0
 20
-39.0
 30
0.0
 11
2295.0
 21
0.0
 31
0.0
  0
LINE
  5
6DC
330
17
100
AcDbEntity
  8
Reaproveitamento
 62
30
100
AcDbLine
 10
2342.0
 20
-39.0
 30
0.0
 11
2303.0
 21
0.0
 31
0.0
  0
LINE
  5
6DD
330
17
100
AcDbEntity
  8
Reaproveitamento
 62
30
100
AcDbLine
 10
2350.0
 20
-39.0
 30
0.0
 11
2311.0
 21
0.0
 31
0.0
  0
LINE
  5
6DE
330
17
100
AcDbEntity
  8
Reaproveitamento
 62
30
100
AcDbLine
 10
2358.0
 20
-39.0
 30
0.0
 11
2319.0
 21
0.0
 31
0.0
  0
LINE
  5
6DF
330
17
100
AcDbEntity
  8
Reaproveitamento
 62
30
100
AcDbLine
 10
2366.0
 20
-39.0
 30
0.0
 11
2327.0
 21
0.0
 31
0.0
  0
LINE
  5
6E0
330
17
100
AcDbEntity
  8
Reaproveitamento
 62
30
100
AcDbLine
 10
2374.0
 20
-39.0
 30
0.0
 11
2335.0
 21
0.0
 31
0.0
  0
LINE
  5
6E1
330
17
100
AcDbEntity
  8
Reaproveitamento
 62
30
100
AcDbLine
 10
2382.0
 20
-39.0
 30
0.0
 11
2343.0
 21
0.0
 31
0.0
  0
LINE
  5
6E2
330
17
100
AcDbEntity
  8
Reaproveitamento
 62
30
100
AcDbLine
 10
2390.0
 20
-39.0
 30
0.0
 11
2351.0
 21
0.0
 31
0.0
  0
LINE
  5
6E3
330
17
100
AcDbEntity
  8
Reaproveitamento
 62
30
100
AcDbLine
 10
2398.0
 20
-39.0
 30
0.0
 11
2359.0
 21
0.0
 31
0.0
  0
LINE
  5
6E4
330
17
100
AcDbEntity
  8
Reaproveitamento
 62
30
100
AcDbLine
 10
2406.0
 20
-39.0
 30
0.0
 11
2367.0
 21
0.0
 31
0.0
  0
LINE
  5
6E5
330
17
100
AcDbEntity
  8
Reaproveitamento
 62
30
100
AcDbLine
 10
2414.0
 20
-39.0
 30
0.0
 11
2375.0
 21
0.0
 31
0.0
  0
LINE
  5
6E6
330
17
100
AcDbEntity
  8
Reaproveitamento
 62
30
100
AcDbLine
 10
2422.0
 20
-39.0
 30
0.0
 11
2383.0
 21
0.0
 31
0.0
  0
LINE
  5
6E7
330
17
100
AcDbEntity
  8
Reaproveitamento
 62
30
100
AcDbLine
 10
2430.0
 20
-39.0
 30
0.0
 11
2391.0
 21
0.0
 31
0.0
  0
LINE
  5
6E8
330
17
100
AcDbEntity
  8
Reaproveitamento
 62
30
100
AcDbLine
 10
2438.0
 20
-39.0
 30
0.0
 11
2399.0
 21
0.0
 31
0.0
  0
LINE
  5
6E9
330
17
100
AcDbEntity
  8
Reaproveitamento
 62
30
100
AcDbLine
 10
2446.0
 20
-39.0
 30
0.0
 11
2407.0
 21
0.0
 31
0.0
  0
LINE
  5
6EA
330
17
100
AcDbEntity
  8
Reaproveitamento
 62
30
100
AcDbLine
 10
2450.0
 20
-35.0
 30
0.0
 11
2415.0
 21
0.0
 31
0.0
  0
LINE
  5
6EB
330
17
100
AcDbEntity
  8
Reaproveitamento
 62
30
100
AcDbLine
 10
2450.0
 20
-27.0
 30
0.0
 11
2423.0
 21
0.0
 31
0.0
  0
LINE
  5
6EC
330
17
100
AcDbEntity
  8
Reaproveitamento
 62
30
100
AcDbLine
 10
2450.0
 20
-19.0
 30
0.0
 11
2431.0
 21
0.0
 31
0.0
  0
LINE
  5
6ED
330
17
100
AcDbEntity
  8
Reaproveitamento
 62
30
100
AcDbLine
 10
2450.0
 20
-11.0
 30
0.0
 11
2439.0
 21
0.0
 31
0.0
  0
LINE
  5
6EE
330
17
100
AcDbEntity
  8
Reaproveitamento
 62
30
100
AcDbLine
 10
2450.0
 20
-3.0
 30
0.0
 11
2447.0
 21
0.0
 31
0.0
  0
LINE
  5
6EF
330
17
100
AcDbEntity
  8
Reaproveitamento
 62
30
100
AcDbLine
 10
2450.0
 20
-39.0
 30
0.0
 11
2450.0
 21
-39.0
 31
0.0
  0
LINE
  5
6F0
330
17
100
AcDbEntity
  8
Reaproveitamento
 62
30
100
AcDbLine
 10
2458.0
 20
-39.0
 30
0.0
 11
2450.0
 21
-31.0
 31
0.0
  0
LINE
  5
6F1
330
17
100
AcDbEntity
  8
Reaproveitamento
 62
30
100
AcDbLine
 10
2466.0
 20
-39.0
 30
0.0
 11
2450.0
 21
-23.0
 31
0.0
  0
LINE
  5
6F2
330
17
100
AcDbEntity
  8
Reaproveitamento
 62
30
100
AcDbLine
 10
2474.0
 20
-39.0
 30
0.0
 11
2450.0
 21
-15.0
 31
0.0
  0
LINE
  5
6F3
330
17
100
AcDbEntity
  8
Reaproveitamento
 62
30
100
AcDbLine
 10
2482.0
 20
-39.0
 30
0.0
 11
2450.0
 21
-7.0
 31
0.0
  0
LINE
  5
6F4
330
17
100
AcDbEntity
  8
Reaproveitamento
 62
30
100
AcDbLine
 10
2490.0
 20
-39.0
 30
0.0
 11
2451.0
 21
0.0
 31
0.0
  0
LINE
  5
6F5
330
17
100
AcDbEntity
  8
Reaproveitamento
 62
30
100
AcDbLine
 10
2498.0
 20
-39.0
 30
0.0
 11
2459.0
 21
0.0
 31
0.0
  0
LINE
  5
6F6
330
17
100
AcDbEntity
  8
Reaproveitamento
 62
30
100
AcDbLine
 10
2506.0
 20
-39.0
 30
0.0
 11
2467.0
 21
0.0
 31
0.0
  0
LINE
  5
6F7
330
17
100
AcDbEntity
  8
Reaproveitamento
 62
30
100
AcDbLine
 10
2514.0
 20
-39.0
 30
0.0
 11
2475.0
 21
0.0
 31
0.0
  0
LINE
  5
6F8
330
17
100
AcDbEntity
  8
Reaproveitamento
 62
30
100
AcDbLine
 10
2522.0
 20
-39.0
 30
0.0
 11
2483.0
 21
0.0
 31
0.0
  0
LINE
  5
6F9
330
17
100
AcDbEntity
  8
Reaproveitamento
 62
30
100
AcDbLine
 10
2530.0
 20
-39.0
 30
0.0
 11
2491.0
 21
0.0
 31
0.0
  0
LINE
  5
6FA
330
17
100
AcDbEntity
  8
Reaproveitamento
 62
30
100
AcDbLine
 10
2538.0
 20
-39.0
 30
0.0
 11
2499.0
 21
0.0
 31
0.0
  0
LINE
  5
6FB
330
17
100
AcDbEntity
  8
Reaproveitamento
 62
30
100
AcDbLine
 10
2546.0
 20
-39.0
 30
0.0
 11
2507.0
 21
0.0
 31
0.0
  0
LINE
  5
6FC
330
17
100
AcDbEntity
  8
Reaproveitamento
 62
30
100
AcDbLine
 10
2554.0
 20
-39.0
 30
0.0
 11
2515.0
 21
0.0
 31
0.0
  0
LINE
  5
6FD
330
17
100
AcDbEntity
  8
Reaproveitamento
 62
30
100
AcDbLine
 10
2562.0
 20
-39.0
 30
0.0
 11
2523.0
 21
0.0
 31
0.0
  0
LINE
  5
6FE
330
17
100
AcDbEntity
  8
Reaproveitamento
 62
30
100
AcDbLine
 10
2570.0
 20
-39.0
 30
0.0
 11
2531.0
 21
0.0
 31
0.0
  0
LINE
  5
6FF
330
17
100
AcDbEntity
  8
Reaproveitamento
 62
30
100
AcDbLine
 10
2578.0
 20
-39.0
 30
0.0
 11
2539.0
 21
0.0
 31
0.0
  0
LINE
  5
700
330
17
100
AcDbEntity
  8
Reaproveitamento
 62
30
100
AcDbLine
 10
2586.0
 20
-39.0
 30
0.0
 11
2547.0
 21
0.0
 31
0.0
  0
LINE
  5
701
330
17
100
AcDbEntity
  8
Reaproveitamento
 62
30
100
AcDbLine
 10
2594.0
 20
-39.0
 30
0.0
 11
2555.0
 21
0.0
 31
0.0
  0
LINE
  5
702
330
17
100
AcDbEntity
  8
Reaproveitamento
 62
30
100
AcDbLine
 10
2602.0
 20
-39.0
 30
0.0
 11
2563.0
 21
0.0
 31
0.0
  0
LINE
  5
703
330
17
100
AcDbEntity
  8
Reaproveitamento
 62
30
100
AcDbLine
 10
2610.0
 20
-39.0
 30
0.0
 11
2571.0
 21
0.0
 31
0.0
  0
LINE
  5
704
330
17
100
AcDbEntity
  8
Reaproveitamento
 62
30
100
AcDbLine
 10
2618.0
 20
-39.0
 30
0.0
 11
2579.0
 21
0.0
 31
0.0
  0
LINE
  5
705
330
17
100
AcDbEntity
  8
Reaproveitamento
 62
30
100
AcDbLine
 10
2626.0
 20
-39.0
 30
0.0
 11
2587.0
 21
0.0
 31
0.0
  0
LINE
  5
706
330
17
100
AcDbEntity
  8
Reaproveitamento
 62
30
100
AcDbLine
 10
2634.0
 20
-39.0
 30
0.0
 11
2595.0
 21
0.0
 31
0.0
  0
LINE
  5
707
330
17
100
AcDbEntity
  8
Reaproveitamento
 62
30
100
AcDbLine
 10
2642.0
 20
-39.0
 30
0.0
 11
2603.0
 21
0.0
 31
0.0
  0
LINE
  5
708
330
17
100
AcDbEntity
  8
Reaproveitamento
 62
30
100
AcDbLine
 10
2650.0
 20
-39.0
 30
0.0
 11
2611.0
 21
0.0
 31
0.0
  0
LINE
  5
709
330
17
100
AcDbEntity
  8
Reaproveitamento
 62
30
100
AcDbLine
 10
2658.0
 20
-39.0
 30
0.0
 11
2619.0
 21
0.0
 31
0.0
  0
LINE
  5
70A
330
17
100
AcDbEntity
  8
Reaproveitamento
 62
30
100
AcDbLine
 10
2666.0
 20
-39.0
 30
0.0
 11
2627.0
 21
0.0
 31
0.0
  0
LINE
  5
70B
330
17
100
AcDbEntity
  8
Reaproveitamento
 62
30
100
AcDbLine
 10
2674.0
 20
-39.0
 30
0.0
 11
2635.0
 21
0.0
 31
0.0
  0
LINE
  5
70C
330
17
100
AcDbEntity
  8
Reaproveitamento
 62
30
100
AcDbLine
 10
2682.0
 20
-39.0
 30
0.0
 11
2643.0
 21
0.0
 31
0.0
  0
LINE
  5
70D
330
17
100
AcDbEntity
  8
Reaproveitamento
 62
30
100
AcDbLine
 10
2690.0
 20
-39.0
 30
0.0
 11
2651.0
 21
0.0
 31
0.0
  0
LINE
  5
70E
330
17
100
AcDbEntity
  8
Reaproveitamento
 62
30
100
AcDbLine
 10
2694.0
 20
-35.0
 30
0.0
 11
2659.0
 21
0.0
 31
0.0
  0
LINE
  5
70F
330
17
100
AcDbEntity
  8
Reaproveitamento
 62
30
100
AcDbLine
 10
2694.0
 20
-27.0
 30
0.0
 11
2667.0
 21
0.0
 31
0.0
  0
LINE
  5
710
330
17
100
AcDbEntity
  8
Reaproveitamento
 62
30
100
AcDbLine
 10
2694.0
 20
-19.0
 30
0.0
 11
2675.0
 21
0.0
 31
0.0
  0
LINE
  5
711
330
17
100
AcDbEntity
  8
Reaproveitamento
 62
30
100
AcDbLine
 10
2694.0
 20
-11.0
 30
0.0
 11
2683.0
 21
0.0
 31
0.0
  0
LINE
  5
712
330
17
100
AcDbEntity
  8
Reaproveitamento
 62
30
100
AcDbLine
 10
2694.0
 20
-3.0
 30
0.0
 11
2691.0
 21
0.0
 31
0.0
  0
LINE
  5
713
330
17
100
AcDbEntity
  8
Reaproveitamento
 62
30
100
AcDbLine
 10
2694.0
 20
-39.0
 30
0.0
 11
2694.0
 21
-39.0
 31
0.0
  0
LINE
  5
714
330
17
100
AcDbEntity
  8
Reaproveitamento
 62
30
100
AcDbLine
 10
2702.0
 20
-39.0
 30
0.0
 11
2694.0
 21
-31.0
 31
0.0
  0
LINE
  5
715
330
17
100
AcDbEntity
  8
Reaproveitamento
 62
30
100
AcDbLine
 10
2710.0
 20
-39.0
 30
0.0
 11
2694.0
 21
-23.0
 31
0.0
  0
LINE
  5
716
330
17
100
AcDbEntity
  8
Reaproveitamento
 62
30
100
AcDbLine
 10
2718.0
 20
-39.0
 30
0.0
 11
2694.0
 21
-15.0
 31
0.0
  0
LINE
  5
717
330
17
100
AcDbEntity
  8
Reaproveitamento
 62
30
100
AcDbLine
 10
2726.0
 20
-39.0
 30
0.0
 11
2694.0
 21
-7.0
 31
0.0
  0
LINE
  5
718
330
17
100
AcDbEntity
  8
Reaproveitamento
 62
30
100
AcDbLine
 10
2734.0
 20
-39.0
 30
0.0
 11
2695.0
 21
0.0
 31
0.0
  0
LINE
  5
719
330
17
100
AcDbEntity
  8
Reaproveitamento
 62
30
100
AcDbLine
 10
2742.0
 20
-39.0
 30
0.0
 11
2703.0
 21
0.0
 31
0.0
  0
LINE
  5
71A
330
17
100
AcDbEntity
  8
Reaproveitamento
 62
30
100
AcDbLine
 10
2750.0
 20
-39.0
 30
0.0
 11
2711.0
 21
0.0
 31
0.0
  0
LINE
  5
71B
330
17
100
AcDbEntity
  8
Reaproveitamento
 62
30
100
AcDbLine
 10
2758.0
 20
-39.0
 30
0.0
 11
2719.0
 21
0.0
 31
0.0
  0
LINE
  5
71C
330
17
100
AcDbEntity
  8
Reaproveitamento
 62
30
100
AcDbLine
 10
2766.0
 20
-39.0
 30
0.0
 11
2727.0
 21
0.0
 31
0.0
  0
LINE
  5
71D
330
17
100
AcDbEntity
  8
Reaproveitamento
 62
30
100
AcDbLine
 10
2774.0
 20
-39.0
 30
0.0
 11
2735.0
 21
0.0
 31
0.0
  0
LINE
  5
71E
330
17
100
AcDbEntity
  8
Reaproveitamento
 62
30
100
AcDbLine
 10
2782.0
 20
-39.0
 30
0.0
 11
2743.0
 21
0.0
 31
0.0
  0
LINE
  5
71F
330
17
100
AcDbEntity
  8
Reaproveitamento
 62
30
100
AcDbLine
 10
2790.0
 20
-39.0
 30
0.0
 11
2751.0
 21
0.0
 31
0.0
  0
LINE
  5
720
330
17
100
AcDbEntity
  8
Reaproveitamento
 62
30
100
AcDbLine
 10
2798.0
 20
-39.0
 30
0.0
 11
2759.0
 21
0.0
 31
0.0
  0
LINE
  5
721
330
17
100
AcDbEntity
  8
Reaproveitamento
 62
30
100
AcDbLine
 10
2806.0
 20
-39.0
 30
0.0
 11
2767.0
 21
0.0
 31
0.0
  0
LINE
  5
722
330
17
100
AcDbEntity
  8
Reaproveitamento
 62
30
100
AcDbLine
 10
2814.0
 20
-39.0
 30
0.0
 11
2775.0
 21
0.0
 31
0.0
  0
LINE
  5
723
330
17
100
AcDbEntity
  8
Reaproveitamento
 62
30
100
AcDbLine
 10
2822.0
 20
-39.0
 30
0.0
 11
2783.0
 21
0.0
 31
0.0
  0
LINE
  5
724
330
17
100
AcDbEntity
  8
Reaproveitamento
 62
30
100
AcDbLine
 10
2830.0
 20
-39.0
 30
0.0
 11
2791.0
 21
0.0
 31
0.0
  0
LINE
  5
725
330
17
100
AcDbEntity
  8
Reaproveitamento
 62
30
100
AcDbLine
 10
2838.0
 20
-39.0
 30
0.0
 11
2799.0
 21
0.0
 31
0.0
  0
LINE
  5
726
330
17
100
AcDbEntity
  8
Reaproveitamento
 62
30
100
AcDbLine
 10
2846.0
 20
-39.0
 30
0.0
 11
2807.0
 21
0.0
 31
0.0
  0
LINE
  5
727
330
17
100
AcDbEntity
  8
Reaproveitamento
 62
30
100
AcDbLine
 10
2854.0
 20
-39.0
 30
0.0
 11
2815.0
 21
0.0
 31
0.0
  0
LINE
  5
728
330
17
100
AcDbEntity
  8
Reaproveitamento
 62
30
100
AcDbLine
 10
2862.0
 20
-39.0
 30
0.0
 11
2823.0
 21
0.0
 31
0.0
  0
LINE
  5
729
330
17
100
AcDbEntity
  8
Reaproveitamento
 62
30
100
AcDbLine
 10
2870.0
 20
-39.0
 30
0.0
 11
2831.0
 21
0.0
 31
0.0
  0
LINE
  5
72A
330
17
100
AcDbEntity
  8
Reaproveitamento
 62
30
100
AcDbLine
 10
2878.0
 20
-39.0
 30
0.0
 11
2839.0
 21
0.0
 31
0.0
  0
LINE
  5
72B
330
17
100
AcDbEntity
  8
Reaproveitamento
 62
30
100
AcDbLine
 10
2886.0
 20
-39.0
 30
0.0
 11
2847.0
 21
0.0
 31
0.0
  0
LINE
  5
72C
330
17
100
AcDbEntity
  8
Reaproveitamento
 62
30
100
AcDbLine
 10
2894.0
 20
-39.0
 30
0.0
 11
2855.0
 21
0.0
 31
0.0
  0
LINE
  5
72D
330
17
100
AcDbEntity
  8
Reaproveitamento
 62
30
100
AcDbLine
 10
2902.0
 20
-39.0
 30
0.0
 11
2863.0
 21
0.0
 31
0.0
  0
LINE
  5
72E
330
17
100
AcDbEntity
  8
Reaproveitamento
 62
30
100
AcDbLine
 10
2910.0
 20
-39.0
 30
0.0
 11
2871.0
 21
0.0
 31
0.0
  0
LINE
  5
72F
330
17
100
AcDbEntity
  8
Reaproveitamento
 62
30
100
AcDbLine
 10
2918.0
 20
-39.0
 30
0.0
 11
2879.0
 21
0.0
 31
0.0
  0
LINE
  5
730
330
17
100
AcDbEntity
  8
Reaproveitamento
 62
30
100
AcDbLine
 10
2926.0
 20
-39.0
 30
0.0
 11
2887.0
 21
0.0
 31
0.0
  0
LINE
  5
731
330
17
100
AcDbEntity
  8
Reaproveitamento
 62
30
100
AcDbLine
 10
2934.0
 20
-39.0
 30
0.0
 11
2895.0
 21
0.0
 31
0.0
  0
LINE
  5
732
330
17
100
AcDbEntity
  8
Reaproveitamento
 62
30
100
AcDbLine
 10
2938.0
 20
-35.0
 30
0.0
 11
2903.0
 21
0.0
 31
0.0
  0
LINE
  5
733
330
17
100
AcDbEntity
  8
Reaproveitamento
 62
30
100
AcDbLine
 10
2938.0
 20
-27.0
 30
0.0
 11
2911.0
 21
0.0
 31
0.0
  0
LINE
  5
734
330
17
100
AcDbEntity
  8
Reaproveitamento
 62
30
100
AcDbLine
 10
2938.0
 20
-19.0
 30
0.0
 11
2919.0
 21
0.0
 31
0.0
  0
LINE
  5
735
330
17
100
AcDbEntity
  8
Reaproveitamento
 62
30
100
AcDbLine
 10
2938.0
 20
-11.0
 30
0.0
 11
2927.0
 21
0.0
 31
0.0
  0
LINE
  5
736
330
17
100
AcDbEntity
  8
Reaproveitamento
 62
30
100
AcDbLine
 10
2938.0
 20
-3.0
 30
0.0
 11
2935.0
 21
0.0
 31
0.0
  0
LINE
  5
737
330
17
100
AcDbEntity
  8
Reaproveitamento
 62
30
100
AcDbLine
 10
2938.0
 20
-39.0
 30
0.0
 11
2938.0
 21
-39.0
 31
0.0
  0
LINE
  5
738
330
17
100
AcDbEntity
  8
Reaproveitamento
 62
30
100
AcDbLine
 10
2946.0
 20
-39.0
 30
0.0
 11
2938.0
 21
-31.0
 31
0.0
  0
LINE
  5
739
330
17
100
AcDbEntity
  8
Reaproveitamento
 62
30
100
AcDbLine
 10
2954.0
 20
-39.0
 30
0.0
 11
2938.0
 21
-23.0
 31
0.0
  0
LINE
  5
73A
330
17
100
AcDbEntity
  8
Reaproveitamento
 62
30
100
AcDbLine
 10
2962.0
 20
-39.0
 30
0.0
 11
2938.0
 21
-15.0
 31
0.0
  0
LINE
  5
73B
330
17
100
AcDbEntity
  8
Reaproveitamento
 62
30
100
AcDbLine
 10
2970.0
 20
-39.0
 30
0.0
 11
2938.0
 21
-7.0
 31
0.0
  0
LINE
  5
73C
330
17
100
AcDbEntity
  8
Reaproveitamento
 62
30
100
AcDbLine
 10
2978.0
 20
-39.0
 30
0.0
 11
2939.0
 21
0.0
 31
0.0
  0
LINE
  5
73D
330
17
100
AcDbEntity
  8
Reaproveitamento
 62
30
100
AcDbLine
 10
2986.0
 20
-39.0
 30
0.0
 11
2947.0
 21
0.0
 31
0.0
  0
LINE
  5
73E
330
17
100
AcDbEntity
  8
Reaproveitamento
 62
30
100
AcDbLine
 10
2994.0
 20
-39.0
 30
0.0
 11
2955.0
 21
0.0
 31
0.0
  0
LINE
  5
73F
330
17
100
AcDbEntity
  8
Reaproveitamento
 62
30
100
AcDbLine
 10
3002.0
 20
-39.0
 30
0.0
 11
2963.0
 21
0.0
 31
0.0
  0
LINE
  5
740
330
17
100
AcDbEntity
  8
Reaproveitamento
 62
30
100
AcDbLine
 10
3010.0
 20
-39.0
 30
0.0
 11
2971.0
 21
0.0
 31
0.0
  0
LINE
  5
741
330
17
100
AcDbEntity
  8
Reaproveitamento
 62
30
100
AcDbLine
 10
3018.0
 20
-39.0
 30
0.0
 11
2979.0
 21
0.0
 31
0.0
  0
LINE
  5
742
330
17
100
AcDbEntity
  8
Reaproveitamento
 62
30
100
AcDbLine
 10
3026.0
 20
-39.0
 30
0.0
 11
2987.0
 21
0.0
 31
0.0
  0
LINE
  5
743
330
17
100
AcDbEntity
  8
Reaproveitamento
 62
30
100
AcDbLine
 10
3034.0
 20
-39.0
 30
0.0
 11
2995.0
 21
0.0
 31
0.0
  0
LINE
  5
744
330
17
100
AcDbEntity
  8
Reaproveitamento
 62
30
100
AcDbLine
 10
3042.0
 20
-39.0
 30
0.0
 11
3003.0
 21
0.0
 31
0.0
  0
LINE
  5
745
330
17
100
AcDbEntity
  8
Reaproveitamento
 62
30
100
AcDbLine
 10
3050.0
 20
-39.0
 30
0.0
 11
3011.0
 21
0.0
 31
0.0
  0
LINE
  5
746
330
17
100
AcDbEntity
  8
Reaproveitamento
 62
30
100
AcDbLine
 10
3058.0
 20
-39.0
 30
0.0
 11
3019.0
 21
0.0
 31
0.0
  0
LINE
  5
747
330
17
100
AcDbEntity
  8
Reaproveitamento
 62
30
100
AcDbLine
 10
3066.0
 20
-39.0
 30
0.0
 11
3027.0
 21
0.0
 31
0.0
  0
LINE
  5
748
330
17
100
AcDbEntity
  8
Reaproveitamento
 62
30
100
AcDbLine
 10
3074.0
 20
-39.0
 30
0.0
 11
3035.0
 21
0.0
 31
0.0
  0
LINE
  5
749
330
17
100
AcDbEntity
  8
Reaproveitamento
 62
30
100
AcDbLine
 10
3082.0
 20
-39.0
 30
0.0
 11
3043.0
 21
0.0
 31
0.0
  0
LINE
  5
74A
330
17
100
AcDbEntity
  8
Reaproveitamento
 62
30
100
AcDbLine
 10
3090.0
 20
-39.0
 30
0.0
 11
3051.0
 21
0.0
 31
0.0
  0
LINE
  5
74B
330
17
100
AcDbEntity
  8
Reaproveitamento
 62
30
100
AcDbLine
 10
3098.0
 20
-39.0
 30
0.0
 11
3059.0
 21
0.0
 31
0.0
  0
LINE
  5
74C
330
17
100
AcDbEntity
  8
Reaproveitamento
 62
30
100
AcDbLine
 10
3106.0
 20
-39.0
 30
0.0
 11
3067.0
 21
0.0
 31
0.0
  0
LINE
  5
74D
330
17
100
AcDbEntity
  8
Reaproveitamento
 62
30
100
AcDbLine
 10
3114.0
 20
-39.0
 30
0.0
 11
3075.0
 21
0.0
 31
0.0
  0
LINE
  5
74E
330
17
100
AcDbEntity
  8
Reaproveitamento
 62
30
100
AcDbLine
 10
3122.0
 20
-39.0
 30
0.0
 11
3083.0
 21
0.0
 31
0.0
  0
LINE
  5
74F
330
17
100
AcDbEntity
  8
Reaproveitamento
 62
30
100
AcDbLine
 10
3130.0
 20
-39.0
 30
0.0
 11
3091.0
 21
0.0
 31
0.0
  0
LINE
  5
750
330
17
100
AcDbEntity
  8
Reaproveitamento
 62
30
100
AcDbLine
 10
3138.0
 20
-39.0
 30
0.0
 11
3099.0
 21
0.0
 31
0.0
  0
LINE
  5
751
330
17
100
AcDbEntity
  8
Reaproveitamento
 62
30
100
AcDbLine
 10
3146.0
 20
-39.0
 30
0.0
 11
3107.0
 21
0.0
 31
0.0
  0
LINE
  5
752
330
17
100
AcDbEntity
  8
Reaproveitamento
 62
30
100
AcDbLine
 10
3154.0
 20
-39.0
 30
0.0
 11
3115.0
 21
0.0
 31
0.0
  0
LINE
  5
753
330
17
100
AcDbEntity
  8
Reaproveitamento
 62
30
100
AcDbLine
 10
3162.0
 20
-39.0
 30
0.0
 11
3123.0
 21
0.0
 31
0.0
  0
LINE
  5
754
330
17
100
AcDbEntity
  8
Reaproveitamento
 62
30
100
AcDbLine
 10
3170.0
 20
-39.0
 30
0.0
 11
3131.0
 21
0.0
 31
0.0
  0
LINE
  5
755
330
17
100
AcDbEntity
  8
Reaproveitamento
 62
30
100
AcDbLine
 10
3178.0
 20
-39.0
 30
0.0
 11
3139.0
 21
0.0
 31
0.0
  0
LINE
  5
756
330
17
100
AcDbEntity
  8
Reaproveitamento
 62
30
100
AcDbLine
 10
3186.0
 20
-39.0
 30
0.0
 11
3147.0
 21
0.0
 31
0.0
  0
LINE
  5
757
330
17
100
AcDbEntity
  8
Reaproveitamento
 62
30
100
AcDbLine
 10
3194.0
 20
-39.0
 30
0.0
 11
3155.0
 21
0.0
 31
0.0
  0
LINE
  5
758
330
17
100
AcDbEntity
  8
Reaproveitamento
 62
30
100
AcDbLine
 10
3202.0
 20
-39.0
 30
0.0
 11
3163.0
 21
0.0
 31
0.0
  0
LINE
  5
759
330
17
100
AcDbEntity
  8
Reaproveitamento
 62
30
100
AcDbLine
 10
3210.0
 20
-39.0
 30
0.0
 11
3171.0
 21
0.0
 31
0.0
  0
LINE
  5
75A
330
17
100
AcDbEntity
  8
Reaproveitamento
 62
30
100
AcDbLine
 10
3218.0
 20
-39.0
 30
0.0
 11
3179.0
 21
0.0
 31
0.0
  0
LINE
  5
75B
330
17
100
AcDbEntity
  8
Reaproveitamento
 62
30
100
AcDbLine
 10
3218.0
 20
-31.0
 30
0.0
 11
3187.0
 21
0.0
 31
0.0
  0
LINE
  5
75C
330
17
100
AcDbEntity
  8
Reaproveitamento
 62
30
100
AcDbLine
 10
3218.0
 20
-23.0
 30
0.0
 11
3195.0
 21
0.0
 31
0.0
  0
LINE
  5
75D
330
17
100
AcDbEntity
  8
Reaproveitamento
 62
30
100
AcDbLine
 10
3218.0
 20
-15.0
 30
0.0
 11
3203.0
 21
0.0
 31
0.0
  0
LINE
  5
75E
330
17
100
AcDbEntity
  8
Reaproveitamento
 62
30
100
AcDbLine
 10
3218.0
 20
-7.0
 30
0.0
 11
3211.0
 21
0.0
 31
0.0
  0
LINE
  5
75F
330
17
100
AcDbEntity
  8
Reaproveitamento
 62
30
100
AcDbLine
 10
3218.0
 20
-39.0
 30
0.0
 11
3218.0
 21
-39.0
 31
0.0
  0
LINE
  5
760
330
17
100
AcDbEntity
  8
Reaproveitamento
 62
30
100
AcDbLine
 10
3226.0
 20
-39.0
 30
0.0
 11
3218.0
 21
-31.0
 31
0.0
  0
LINE
  5
761
330
17
100
AcDbEntity
  8
Reaproveitamento
 62
30
100
AcDbLine
 10
3234.0
 20
-39.0
 30
0.0
 11
3218.0
 21
-23.0
 31
0.0
  0
LINE
  5
762
330
17
100
AcDbEntity
  8
Reaproveitamento
 62
30
100
AcDbLine
 10
3242.0
 20
-39.0
 30
0.0
 11
3218.0
 21
-15.0
 31
0.0
  0
LINE
  5
763
330
17
100
AcDbEntity
  8
Reaproveitamento
 62
30
100
AcDbLine
 10
3250.0
 20
-39.0
 30
0.0
 11
3218.0
 21
-7.0
 31
0.0
  0
LINE
  5
764
330
17
100
AcDbEntity
  8
Reaproveitamento
 62
30
100
AcDbLine
 10
3258.0
 20
-39.0
 30
0.0
 11
3219.0
 21
0.0
 31
0.0
  0
LINE
  5
765
330
17
100
AcDbEntity
  8
Reaproveitamento
 62
30
100
AcDbLine
 10
3266.0
 20
-39.0
 30
0.0
 11
3227.0
 21
0.0
 31
0.0
  0
LINE
  5
766
330
17
100
AcDbEntity
  8
Reaproveitamento
 62
30
100
AcDbLine
 10
3274.0
 20
-39.0
 30
0.0
 11
3235.0
 21
0.0
 31
0.0
  0
LINE
  5
767
330
17
100
AcDbEntity
  8
Reaproveitamento
 62
30
100
AcDbLine
 10
3282.0
 20
-39.0
 30
0.0
 11
3243.0
 21
0.0
 31
0.0
  0
LINE
  5
768
330
17
100
AcDbEntity
  8
Reaproveitamento
 62
30
100
AcDbLine
 10
3290.0
 20
-39.0
 30
0.0
 11
3251.0
 21
0.0
 31
0.0
  0
LINE
  5
769
330
17
100
AcDbEntity
  8
Reaproveitamento
 62
30
100
AcDbLine
 10
3298.0
 20
-39.0
 30
0.0
 11
3259.0
 21
0.0
 31
0.0
  0
LINE
  5
76A
330
17
100
AcDbEntity
  8
Reaproveitamento
 62
30
100
AcDbLine
 10
3306.0
 20
-39.0
 30
0.0
 11
3267.0
 21
0.0
 31
0.0
  0
LINE
  5
76B
330
17
100
AcDbEntity
  8
Reaproveitamento
 62
30
100
AcDbLine
 10
3314.0
 20
-39.0
 30
0.0
 11
3275.0
 21
0.0
 31
0.0
  0
LINE
  5
76C
330
17
100
AcDbEntity
  8
Reaproveitamento
 62
30
100
AcDbLine
 10
3322.0
 20
-39.0
 30
0.0
 11
3283.0
 21
0.0
 31
0.0
  0
LINE
  5
76D
330
17
100
AcDbEntity
  8
Reaproveitamento
 62
30
100
AcDbLine
 10
3330.0
 20
-39.0
 30
0.0
 11
3291.0
 21
0.0
 31
0.0
  0
LINE
  5
76E
330
17
100
AcDbEntity
  8
Reaproveitamento
 62
30
100
AcDbLine
 10
3338.0
 20
-39.0
 30
0.0
 11
3299.0
 21
0.0
 31
0.0
  0
LINE
  5
76F
330
17
100
AcDbEntity
  8
Reaproveitamento
 62
30
100
AcDbLine
 10
3346.0
 20
-39.0
 30
0.0
 11
3307.0
 21
0.0
 31
0.0
  0
LINE
  5
770
330
17
100
AcDbEntity
  8
Reaproveitamento
 62
30
100
AcDbLine
 10
3354.0
 20
-39.0
 30
0.0
 11
3315.0
 21
0.0
 31
0.0
  0
LINE
  5
771
330
17
100
AcDbEntity
  8
Reaproveitamento
 62
30
100
AcDbLine
 10
3362.0
 20
-39.0
 30
0.0
 11
3323.0
 21
0.0
 31
0.0
  0
LINE
  5
772
330
17
100
AcDbEntity
  8
Reaproveitamento
 62
30
100
AcDbLine
 10
3370.0
 20
-39.0
 30
0.0
 11
3331.0
 21
0.0
 31
0.0
  0
LINE
  5
773
330
17
100
AcDbEntity
  8
Reaproveitamento
 62
30
100
AcDbLine
 10
3378.0
 20
-39.0
 30
0.0
 11
3339.0
 21
0.0
 31
0.0
  0
LINE
  5
774
330
17
100
AcDbEntity
  8
Reaproveitamento
 62
30
100
AcDbLine
 10
3386.0
 20
-39.0
 30
0.0
 11
3347.0
 21
0.0
 31
0.0
  0
LINE
  5
775
330
17
100
AcDbEntity
  8
Reaproveitamento
 62
30
100
AcDbLine
 10
3394.0
 20
-39.0
 30
0.0
 11
3355.0
 21
0.0
 31
0.0
  0
LINE
  5
776
330
17
100
AcDbEntity
  8
Reaproveitamento
 62
30
100
AcDbLine
 10
3402.0
 20
-39.0
 30
0.0
 11
3363.0
 21
0.0
 31
0.0
  0
LINE
  5
777
330
17
100
AcDbEntity
  8
Reaproveitamento
 62
30
100
AcDbLine
 10
3410.0
 20
-39.0
 30
0.0
 11
3371.0
 21
0.0
 31
0.0
  0
LINE
  5
778
330
17
100
AcDbEntity
  8
Reaproveitamento
 62
30
100
AcDbLine
 10
3418.0
 20
-39.0
 30
0.0
 11
3379.0
 21
0.0
 31
0.0
  0
LINE
  5
779
330
17
100
AcDbEntity
  8
Reaproveitamento
 62
30
100
AcDbLine
 10
3426.0
 20
-39.0
 30
0.0
 11
3387.0
 21
0.0
 31
0.0
  0
LINE
  5
77A
330
17
100
AcDbEntity
  8
Reaproveitamento
 62
30
100
AcDbLine
 10
3434.0
 20
-39.0
 30
0.0
 11
3395.0
 21
0.0
 31
0.0
  0
LINE
  5
77B
330
17
100
AcDbEntity
  8
Reaproveitamento
 62
30
100
AcDbLine
 10
3442.0
 20
-39.0
 30
0.0
 11
3403.0
 21
0.0
 31
0.0
  0
LINE
  5
77C
330
17
100
AcDbEntity
  8
Reaproveitamento
 62
30
100
AcDbLine
 10
3450.0
 20
-39.0
 30
0.0
 11
3411.0
 21
0.0
 31
0.0
  0
LINE
  5
77D
330
17
100
AcDbEntity
  8
Reaproveitamento
 62
30
100
AcDbLine
 10
3458.0
 20
-39.0
 30
0.0
 11
3419.0
 21
0.0
 31
0.0
  0
LINE
  5
77E
330
17
100
AcDbEntity
  8
Reaproveitamento
 62
30
100
AcDbLine
 10
3466.0
 20
-39.0
 30
0.0
 11
3427.0
 21
0.0
 31
0.0
  0
LINE
  5
77F
330
17
100
AcDbEntity
  8
Reaproveitamento
 62
30
100
AcDbLine
 10
3474.0
 20
-39.0
 30
0.0
 11
3435.0
 21
0.0
 31
0.0
  0
LINE
  5
780
330
17
100
AcDbEntity
  8
Reaproveitamento
 62
30
100
AcDbLine
 10
3482.0
 20
-39.0
 30
0.0
 11
3443.0
 21
0.0
 31
0.0
  0
LINE
  5
781
330
17
100
AcDbEntity
  8
Reaproveitamento
 62
30
100
AcDbLine
 10
3490.0
 20
-39.0
 30
0.0
 11
3451.0
 21
0.0
 31
0.0
  0
LINE
  5
782
330
17
100
AcDbEntity
  8
Reaproveitamento
 62
30
100
AcDbLine
 10
3498.0
 20
-39.0
 30
0.0
 11
3459.0
 21
0.0
 31
0.0
  0
LINE
  5
783
330
17
100
AcDbEntity
  8
Reaproveitamento
 62
30
100
AcDbLine
 10
3502.0
 20
-35.0
 30
0.0
 11
3467.0
 21
0.0
 31
0.0
  0
LINE
  5
784
330
17
100
AcDbEntity
  8
Reaproveitamento
 62
30
100
AcDbLine
 10
3502.0
 20
-27.0
 30
0.0
 11
3475.0
 21
0.0
 31
0.0
  0
LINE
  5
785
330
17
100
AcDbEntity
  8
Reaproveitamento
 62
30
100
AcDbLine
 10
3502.0
 20
-19.0
 30
0.0
 11
3483.0
 21
0.0
 31
0.0
  0
LINE
  5
786
330
17
100
AcDbEntity
  8
Reaproveitamento
 62
30
100
AcDbLine
 10
3502.0
 20
-11.0
 30
0.0
 11
3491.0
 21
0.0
 31
0.0
  0
LINE
  5
787
330
17
100
AcDbEntity
  8
Reaproveitamento
 62
30
100
AcDbLine
 10
3502.0
 20
-3.0
 30
0.0
 11
3499.0
 21
0.0
 31
0.0
  0
LINE
  5
788
330
17
100
AcDbEntity
  8
Reaproveitamento
 62
30
100
AcDbLine
 10
3552.0
 20
-25.0
 30
0.0
 11
3552.0
 21
-25.0
 31
0.0
  0
LINE
  5
789
330
17
100
AcDbEntity
  8
Reaproveitamento
 62
30
100
AcDbLine
 10
3560.0
 20
-25.0
 30
0.0
 11
3552.0
 21
-17.0
 31
0.0
  0
LINE
  5
78A
330
17
100
AcDbEntity
  8
Reaproveitamento
 62
30
100
AcDbLine
 10
3568.0
 20
-25.0
 30
0.0
 11
3552.0
 21
-9.0
 31
0.0
  0
LINE
  5
78B
330
17
100
AcDbEntity
  8
Reaproveitamento
 62
30
100
AcDbLine
 10
3576.0
 20
-25.0
 30
0.0
 11
3552.0
 21
-1.0
 31
0.0
  0
LINE
  5
78C
330
17
100
AcDbEntity
  8
Reaproveitamento
 62
30
100
AcDbLine
 10
3584.0
 20
-25.0
 30
0.0
 11
3559.0
 21
0.0
 31
0.0
  0
LINE
  5
78D
330
17
100
AcDbEntity
  8
Reaproveitamento
 62
30
100
AcDbLine
 10
3592.0
 20
-25.0
 30
0.0
 11
3567.0
 21
0.0
 31
0.0
  0
LINE
  5
78E
330
17
100
AcDbEntity
  8
Reaproveitamento
 62
30
100
AcDbLine
 10
3598.0
 20
-23.0
 30
0.0
 11
3575.0
 21
0.0
 31
0.0
  0
LINE
  5
78F
330
17
100
AcDbEntity
  8
Reaproveitamento
 62
30
100
AcDbLine
 10
3598.0
 20
-15.0
 30
0.0
 11
3583.0
 21
0.0
 31
0.0
  0
LINE
  5
790
330
17
100
AcDbEntity
  8
Reaproveitamento
 62
30
100
AcDbLine
 10
3598.0
 20
-7.0
 30
0.0
 11
3591.0
 21
0.0
 31
0.0
  0
LINE
  5
791
330
17
100
AcDbEntity
  8
Reaproveitamento
 62
30
100
AcDbLine
 10
3598.0
 20
-25.0
 30
0.0
 11
3598.0
 21
-25.0
 31
0.0
  0
LINE
  5
792
330
17
100
AcDbEntity
  8
Reaproveitamento
 62
30
100
AcDbLine
 10
3606.0
 20
-25.0
 30
0.0
 11
3598.0
 21
-17.0
 31
0.0
  0
LINE
  5
793
330
17
100
AcDbEntity
  8
Reaproveitamento
 62
30
100
AcDbLine
 10
3614.0
 20
-25.0
 30
0.0
 11
3598.0
 21
-9.0
 31
0.0
  0
LINE
  5
794
330
17
100
AcDbEntity
  8
Reaproveitamento
 62
30
100
AcDbLine
 10
3622.0
 20
-25.0
 30
0.0
 11
3598.0
 21
-1.0
 31
0.0
  0
LINE
  5
795
330
17
100
AcDbEntity
  8
Reaproveitamento
 62
30
100
AcDbLine
 10
3630.0
 20
-25.0
 30
0.0
 11
3605.0
 21
0.0
 31
0.0
  0
LINE
  5
796
330
17
100
AcDbEntity
  8
Reaproveitamento
 62
30
100
AcDbLine
 10
3638.0
 20
-25.0
 30
0.0
 11
3613.0
 21
0.0
 31
0.0
  0
LINE
  5
797
330
17
100
AcDbEntity
  8
Reaproveitamento
 62
30
100
AcDbLine
 10
3646.0
 20
-25.0
 30
0.0
 11
3621.0
 21
0.0
 31
0.0
  0
LINE
  5
798
330
17
100
AcDbEntity
  8
Reaproveitamento
 62
30
100
AcDbLine
 10
3654.0
 20
-25.0
 30
0.0
 11
3629.0
 21
0.0
 31
0.0
  0
LINE
  5
799
330
17
100
AcDbEntity
  8
Reaproveitamento
 62
30
100
AcDbLine
 10
3662.0
 20
-25.0
 30
0.0
 11
3637.0
 21
0.0
 31
0.0
  0
LINE
  5
79A
330
17
100
AcDbEntity
  8
Reaproveitamento
 62
30
100
AcDbLine
 10
3670.0
 20
-25.0
 30
0.0
 11
3645.0
 21
0.0
 31
0.0
  0
LINE
  5
79B
330
17
100
AcDbEntity
  8
Reaproveitamento
 62
30
100
AcDbLine
 10
3670.0
 20
-17.0
 30
0.0
 11
3653.0
 21
0.0
 31
0.0
  0
LINE
  5
79C
330
17
100
AcDbEntity
  8
Reaproveitamento
 62
30
100
AcDbLine
 10
3670.0
 20
-9.0
 30
0.0
 11
3661.0
 21
0.0
 31
0.0
  0
LINE
  5
79D
330
17
100
AcDbEntity
  8
Reaproveitamento
 62
30
100
AcDbLine
 10
3670.0
 20
-1.0
 30
0.0
 11
3669.0
 21
0.0
 31
0.0
  0
LINE
  5
79E
330
17
100
AcDbEntity
  8
Reaproveitamento
 62
30
100
AcDbLine
 10
3670.0
 20
-25.0
 30
0.0
 11
3670.0
 21
-25.0
 31
0.0
  0
LINE
  5
79F
330
17
100
AcDbEntity
  8
Reaproveitamento
 62
30
100
AcDbLine
 10
3678.0
 20
-25.0
 30
0.0
 11
3670.0
 21
-17.0
 31
0.0
  0
LINE
  5
7A0
330
17
100
AcDbEntity
  8
Reaproveitamento
 62
30
100
AcDbLine
 10
3686.0
 20
-25.0
 30
0.0
 11
3670.0
 21
-9.0
 31
0.0
  0
LINE
  5
7A1
330
17
100
AcDbEntity
  8
Reaproveitamento
 62
30
100
AcDbLine
 10
3694.0
 20
-25.0
 30
0.0
 11
3670.0
 21
-1.0
 31
0.0
  0
LINE
  5
7A2
330
17
100
AcDbEntity
  8
Reaproveitamento
 62
30
100
AcDbLine
 10
3702.0
 20
-25.0
 30
0.0
 11
3677.0
 21
0.0
 31
0.0
  0
LINE
  5
7A3
330
17
100
AcDbEntity
  8
Reaproveitamento
 62
30
100
AcDbLine
 10
3710.0
 20
-25.0
 30
0.0
 11
3685.0
 21
0.0
 31
0.0
  0
LINE
  5
7A4
330
17
100
AcDbEntity
  8
Reaproveitamento
 62
30
100
AcDbLine
 10
3718.0
 20
-25.0
 30
0.0
 11
3693.0
 21
0.0
 31
0.0
  0
LINE
  5
7A5
330
17
100
AcDbEntity
  8
Reaproveitamento
 62
30
100
AcDbLine
 10
3726.0
 20
-25.0
 30
0.0
 11
3701.0
 21
0.0
 31
0.0
  0
LINE
  5
7A6
330
17
100
AcDbEntity
  8
Reaproveitamento
 62
30
100
AcDbLine
 10
3734.0
 20
-25.0
 30
0.0
 11
3709.0
 21
0.0
 31
0.0
  0
LINE
  5
7A7
330
17
100
AcDbEntity
  8
Reaproveitamento
 62
30
100
AcDbLine
 10
3742.0
 20
-25.0
 30
0.0
 11
3717.0
 21
0.0
 31
0.0
  0
LINE
  5
7A8
330
17
100
AcDbEntity
  8
Reaproveitamento
 62
30
100
AcDbLine
 10
3750.0
 20
-25.0
 30
0.0
 11
3725.0
 21
0.0
 31
0.0
  0
LINE
  5
7A9
330
17
100
AcDbEntity
  8
Reaproveitamento
 62
30
100
AcDbLine
 10
3758.0
 20
-25.0
 30
0.0
 11
3733.0
 21
0.0
 31
0.0
  0
LINE
  5
7AA
330
17
100
AcDbEntity
  8
Reaproveitamento
 62
30
100
AcDbLine
 10
3766.0
 20
-25.0
 30
0.0
 11
3741.0
 21
0.0
 31
0.0
  0
LINE
  5
7AB
330
17
100
AcDbEntity
  8
Reaproveitamento
 62
30
100
AcDbLine
 10
3774.0
 20
-25.0
 30
0.0
 11
3749.0
 21
0.0
 31
0.0
  0
LINE
  5
7AC
330
17
100
AcDbEntity
  8
Reaproveitamento
 62
30
100
AcDbLine
 10
3782.0
 20
-25.0
 30
0.0
 11
3757.0
 21
0.0
 31
0.0
  0
LINE
  5
7AD
330
17
100
AcDbEntity
  8
Reaproveitamento
 62
30
100
AcDbLine
 10
3790.0
 20
-25.0
 30
0.0
 11
3765.0
 21
0.0
 31
0.0
  0
LINE
  5
7AE
330
17
100
AcDbEntity
  8
Reaproveitamento
 62
30
100
AcDbLine
 10
3790.0
 20
-17.0
 30
0.0
 11
3773.0
 21
0.0
 31
0.0
  0
LINE
  5
7AF
330
17
100
AcDbEntity
  8
Reaproveitamento
 62
30
100
AcDbLine
 10
3790.0
 20
-9.0
 30
0.0
 11
3781.0
 21
0.0
 31
0.0
  0
LINE
  5
7B0
330
17
100
AcDbEntity
  8
Reaproveitamento
 62
30
100
AcDbLine
 10
3790.0
 20
-1.0
 30
0.0
 11
3789.0
 21
0.0
 31
0.0
  0
LINE
  5
7B1
330
17
100
AcDbEntity
  8
Reaproveitamento
 62
30
100
AcDbLine
 10
3790.0
 20
-25.0
 30
0.0
 11
3790.0
 21
-25.0
 31
0.0
  0
LINE
  5
7B2
330
17
100
AcDbEntity
  8
Reaproveitamento
 62
30
100
AcDbLine
 10
3798.0
 20
-25.0
 30
0.0
 11
3790.0
 21
-17.0
 31
0.0
  0
LINE
  5
7B3
330
17
100
AcDbEntity
  8
Reaproveitamento
 62
30
100
AcDbLine
 10
3806.0
 20
-25.0
 30
0.0
 11
3790.0
 21
-9.0
 31
0.0
  0
LINE
  5
7B4
330
17
100
AcDbEntity
  8
Reaproveitamento
 62
30
100
AcDbLine
 10
3814.0
 20
-25.0
 30
0.0
 11
3790.0
 21
-1.0
 31
0.0
  0
LINE
  5
7B5
330
17
100
AcDbEntity
  8
Reaproveitamento
 62
30
100
AcDbLine
 10
3822.0
 20
-25.0
 30
0.0
 11
3797.0
 21
0.0
 31
0.0
  0
LINE
  5
7B6
330
17
100
AcDbEntity
  8
Reaproveitamento
 62
30
100
AcDbLine
 10
3830.0
 20
-25.0
 30
0.0
 11
3805.0
 21
0.0
 31
0.0
  0
LINE
  5
7B7
330
17
100
AcDbEntity
  8
Reaproveitamento
 62
30
100
AcDbLine
 10
3838.0
 20
-25.0
 30
0.0
 11
3813.0
 21
0.0
 31
0.0
  0
LINE
  5
7B8
330
17
100
AcDbEntity
  8
Reaproveitamento
 62
30
100
AcDbLine
 10
3846.0
 20
-25.0
 30
0.0
 11
3821.0
 21
0.0
 31
0.0
  0
LINE
  5
7B9
330
17
100
AcDbEntity
  8
Reaproveitamento
 62
30
100
AcDbLine
 10
3854.0
 20
-25.0
 30
0.0
 11
3829.0
 21
0.0
 31
0.0
  0
LINE
  5
7BA
330
17
100
AcDbEntity
  8
Reaproveitamento
 62
30
100
AcDbLine
 10
3862.0
 20
-25.0
 30
0.0
 11
3837.0
 21
0.0
 31
0.0
  0
LINE
  5
7BB
330
17
100
AcDbEntity
  8
Reaproveitamento
 62
30
100
AcDbLine
 10
3870.0
 20
-25.0
 30
0.0
 11
3845.0
 21
0.0
 31
0.0
  0
LINE
  5
7BC
330
17
100
AcDbEntity
  8
Reaproveitamento
 62
30
100
AcDbLine
 10
3878.0
 20
-25.0
 30
0.0
 11
3853.0
 21
0.0
 31
0.0
  0
LINE
  5
7BD
330
17
100
AcDbEntity
  8
Reaproveitamento
 62
30
100
AcDbLine
 10
3886.0
 20
-25.0
 30
0.0
 11
3861.0
 21
0.0
 31
0.0
  0
LINE
  5
7BE
330
17
100
AcDbEntity
  8
Reaproveitamento
 62
30
100
AcDbLine
 10
3894.0
 20
-25.0
 30
0.0
 11
3869.0
 21
0.0
 31
0.0
  0
LINE
  5
7BF
330
17
100
AcDbEntity
  8
Reaproveitamento
 62
30
100
AcDbLine
 10
3902.0
 20
-25.0
 30
0.0
 11
3877.0
 21
0.0
 31
0.0
  0
LINE
  5
7C0
330
17
100
AcDbEntity
  8
Reaproveitamento
 62
30
100
AcDbLine
 10
3910.0
 20
-25.0
 30
0.0
 11
3885.0
 21
0.0
 31
0.0
  0
LINE
  5
7C1
330
17
100
AcDbEntity
  8
Reaproveitamento
 62
30
100
AcDbLine
 10
3912.0
 20
-19.0
 30
0.0
 11
3893.0
 21
0.0
 31
0.0
  0
LINE
  5
7C2
330
17
100
AcDbEntity
  8
Reaproveitamento
 62
30
100
AcDbLine
 10
3912.0
 20
-11.0
 30
0.0
 11
3901.0
 21
0.0
 31
0.0
  0
LINE
  5
7C3
330
17
100
AcDbEntity
  8
Reaproveitamento
 62
30
100
AcDbLine
 10
3912.0
 20
-3.0
 30
0.0
 11
3909.0
 21
0.0
 31
0.0
  0
LINE
  5
7C4
330
17
100
AcDbEntity
  8
Reaproveitamento
 62
30
100
AcDbLine
 10
3912.0
 20
-25.0
 30
0.0
 11
3912.0
 21
-25.0
 31
0.0
  0
LINE
  5
7C5
330
17
100
AcDbEntity
  8
Reaproveitamento
 62
30
100
AcDbLine
 10
3920.0
 20
-25.0
 30
0.0
 11
3912.0
 21
-17.0
 31
0.0
  0
LINE
  5
7C6
330
17
100
AcDbEntity
  8
Reaproveitamento
 62
30
100
AcDbLine
 10
3928.0
 20
-25.0
 30
0.0
 11
3912.0
 21
-9.0
 31
0.0
  0
LINE
  5
7C7
330
17
100
AcDbEntity
  8
Reaproveitamento
 62
30
100
AcDbLine
 10
3936.0
 20
-25.0
 30
0.0
 11
3912.0
 21
-1.0
 31
0.0
  0
LINE
  5
7C8
330
17
100
AcDbEntity
  8
Reaproveitamento
 62
30
100
AcDbLine
 10
3944.0
 20
-25.0
 30
0.0
 11
3919.0
 21
0.0
 31
0.0
  0
LINE
  5
7C9
330
17
100
AcDbEntity
  8
Reaproveitamento
 62
30
100
AcDbLine
 10
3952.0
 20
-25.0
 30
0.0
 11
3927.0
 21
0.0
 31
0.0
  0
LINE
  5
7CA
330
17
100
AcDbEntity
  8
Reaproveitamento
 62
30
100
AcDbLine
 10
3960.0
 20
-25.0
 30
0.0
 11
3935.0
 21
0.0
 31
0.0
  0
LINE
  5
7CB
330
17
100
AcDbEntity
  8
Reaproveitamento
 62
30
100
AcDbLine
 10
3968.0
 20
-25.0
 30
0.0
 11
3943.0
 21
0.0
 31
0.0
  0
LINE
  5
7CC
330
17
100
AcDbEntity
  8
Reaproveitamento
 62
30
100
AcDbLine
 10
3976.0
 20
-25.0
 30
0.0
 11
3951.0
 21
0.0
 31
0.0
  0
LINE
  5
7CD
330
17
100
AcDbEntity
  8
Reaproveitamento
 62
30
100
AcDbLine
 10
3984.0
 20
-25.0
 30
0.0
 11
3959.0
 21
0.0
 31
0.0
  0
LINE
  5
7CE
330
17
100
AcDbEntity
  8
Reaproveitamento
 62
30
100
AcDbLine
 10
3992.0
 20
-25.0
 30
0.0
 11
3967.0
 21
0.0
 31
0.0
  0
LINE
  5
7CF
330
17
100
AcDbEntity
  8
Reaproveitamento
 62
30
100
AcDbLine
 10
4000.0
 20
-25.0
 30
0.0
 11
3975.0
 21
0.0
 31
0.0
  0
LINE
  5
7D0
330
17
100
AcDbEntity
  8
Reaproveitamento
 62
30
100
AcDbLine
 10
4008.0
 20
-25.0
 30
0.0
 11
3983.0
 21
0.0
 31
0.0
  0
LINE
  5
7D1
330
17
100
AcDbEntity
  8
Reaproveitamento
 62
30
100
AcDbLine
 10
4016.0
 20
-25.0
 30
0.0
 11
3991.0
 21
0.0
 31
0.0
  0
LINE
  5
7D2
330
17
100
AcDbEntity
  8
Reaproveitamento
 62
30
100
AcDbLine
 10
4024.0
 20
-25.0
 30
0.0
 11
3999.0
 21
0.0
 31
0.0
  0
LINE
  5
7D3
330
17
100
AcDbEntity
  8
Reaproveitamento
 62
30
100
AcDbLine
 10
4032.0
 20
-25.0
 30
0.0
 11
4007.0
 21
0.0
 31
0.0
  0
LINE
  5
7D4
330
17
100
AcDbEntity
  8
Reaproveitamento
 62
30
100
AcDbLine
 10
4040.0
 20
-25.0
 30
0.0
 11
4015.0
 21
0.0
 31
0.0
  0
LINE
  5
7D5
330
17
100
AcDbEntity
  8
Reaproveitamento
 62
30
100
AcDbLine
 10
4048.0
 20
-25.0
 30
0.0
 11
4023.0
 21
0.0
 31
0.0
  0
LINE
  5
7D6
330
17
100
AcDbEntity
  8
Reaproveitamento
 62
30
100
AcDbLine
 10
4056.0
 20
-25.0
 30
0.0
 11
4031.0
 21
0.0
 31
0.0
  0
LINE
  5
7D7
330
17
100
AcDbEntity
  8
Reaproveitamento
 62
30
100
AcDbLine
 10
4064.0
 20
-25.0
 30
0.0
 11
4039.0
 21
0.0
 31
0.0
  0
LINE
  5
7D8
330
17
100
AcDbEntity
  8
Reaproveitamento
 62
30
100
AcDbLine
 10
4072.0
 20
-25.0
 30
0.0
 11
4047.0
 21
0.0
 31
0.0
  0
LINE
  5
7D9
330
17
100
AcDbEntity
  8
Reaproveitamento
 62
30
100
AcDbLine
 10
4080.0
 20
-25.0
 30
0.0
 11
4055.0
 21
0.0
 31
0.0
  0
LINE
  5
7DA
330
17
100
AcDbEntity
  8
Reaproveitamento
 62
30
100
AcDbLine
 10
4085.6
 20
-22.59999999999991
 30
0.0
 11
4063.0
 21
0.0
 31
0.0
  0
LINE
  5
7DB
330
17
100
AcDbEntity
  8
Reaproveitamento
 62
30
100
AcDbLine
 10
4085.6
 20
-14.599999999999909
 30
0.0
 11
4071.0
 21
0.0
 31
0.0
  0
LINE
  5
7DC
330
17
100
AcDbEntity
  8
Reaproveitamento
 62
30
100
AcDbLine
 10
4085.6
 20
-6.599999999999909
 30
0.0
 11
4079.0
 21
0.0
 31
0.0
  0
LINE
  5
7DD
330
17
100
AcDbEntity
  8
Reaproveitamento
 62
30
100
AcDbLine
 10
4085.6
 20
-25.0
 30
0.0
 11
4085.6
 21
-25.0
 31
0.0
  0
LINE
  5
7DE
330
17
100
AcDbEntity
  8
Reaproveitamento
 62
30
100
AcDbLine
 10
4093.6
 20
-25.0
 30
0.0
 11
4085.6
 21
-17.0
 31
0.0
  0
LINE
  5
7DF
330
17
100
AcDbEntity
  8
Reaproveitamento
 62
30
100
AcDbLine
 10
4101.6
 20
-25.0
 30
0.0
 11
4085.6
 21
-8.999999999999545
 31
0.0
  0
LINE
  5
7E0
330
17
100
AcDbEntity
  8
Reaproveitamento
 62
30
100
AcDbLine
 10
4109.6
 20
-25.0
 30
0.0
 11
4085.6
 21
-0.9999999999995453
 31
0.0
  0
LINE
  5
7E1
330
17
100
AcDbEntity
  8
Reaproveitamento
 62
30
100
AcDbLine
 10
4117.6
 20
-25.0
 30
0.0
 11
4092.6000000000004
 21
0.0
 31
0.0
  0
LINE
  5
7E2
330
17
100
AcDbEntity
  8
Reaproveitamento
 62
30
100
AcDbLine
 10
4125.6
 20
-25.0
 30
0.0
 11
4100.6
 21
0.0
 31
0.0
  0
LINE
  5
7E3
330
17
100
AcDbEntity
  8
Reaproveitamento
 62
30
100
AcDbLine
 10
4133.6
 20
-25.0
 30
0.0
 11
4108.6
 21
0.0
 31
0.0
  0
LINE
  5
7E4
330
17
100
AcDbEntity
  8
Reaproveitamento
 62
30
100
AcDbLine
 10
4141.6
 20
-25.0
 30
0.0
 11
4116.6
 21
0.0
 31
0.0
  0
LINE
  5
7E5
330
17
100
AcDbEntity
  8
Reaproveitamento
 62
30
100
AcDbLine
 10
4149.6
 20
-25.0
 30
0.0
 11
4124.6
 21
0.0
 31
0.0
  0
LINE
  5
7E6
330
17
100
AcDbEntity
  8
Reaproveitamento
 62
30
100
AcDbLine
 10
4157.6
 20
-25.0
 30
0.0
 11
4132.6
 21
0.0
 31
0.0
  0
LINE
  5
7E7
330
17
100
AcDbEntity
  8
Reaproveitamento
 62
30
100
AcDbLine
 10
4165.6
 20
-25.0
 30
0.0
 11
4140.6
 21
0.0
 31
0.0
  0
LINE
  5
7E8
330
17
100
AcDbEntity
  8
Reaproveitamento
 62
30
100
AcDbLine
 10
4173.6
 20
-25.0
 30
0.0
 11
4148.6
 21
0.0
 31
0.0
  0
LINE
  5
7E9
330
17
100
AcDbEntity
  8
Reaproveitamento
 62
30
100
AcDbLine
 10
4181.6
 20
-25.0
 30
0.0
 11
4156.6
 21
0.0
 31
0.0
  0
LINE
  5
7EA
330
17
100
AcDbEntity
  8
Reaproveitamento
 62
30
100
AcDbLine
 10
4189.6
 20
-25.0
 30
0.0
 11
4164.6
 21
0.0
 31
0.0
  0
LINE
  5
7EB
330
17
100
AcDbEntity
  8
Reaproveitamento
 62
30
100
AcDbLine
 10
4197.6
 20
-25.0
 30
0.0
 11
4172.6
 21
0.0
 31
0.0
  0
LINE
  5
7EC
330
17
100
AcDbEntity
  8
Reaproveitamento
 62
30
100
AcDbLine
 10
4205.6
 20
-25.0
 30
0.0
 11
4180.6
 21
0.0
 31
0.0
  0
LINE
  5
7ED
330
17
100
AcDbEntity
  8
Reaproveitamento
 62
30
100
AcDbLine
 10
4213.6
 20
-25.0
 30
0.0
 11
4188.6
 21
0.0
 31
0.0
  0
LINE
  5
7EE
330
17
100
AcDbEntity
  8
Reaproveitamento
 62
30
100
AcDbLine
 10
4221.6
 20
-25.0
 30
0.0
 11
4196.6
 21
0.0
 31
0.0
  0
LINE
  5
7EF
330
17
100
AcDbEntity
  8
Reaproveitamento
 62
30
100
AcDbLine
 10
4229.6
 20
-25.0
 30
0.0
 11
4204.6
 21
0.0
 31
0.0
  0
LINE
  5
7F0
330
17
100
AcDbEntity
  8
Reaproveitamento
 62
30
100
AcDbLine
 10
4237.6
 20
-25.0
 30
0.0
 11
4212.6
 21
0.0
 31
0.0
  0
LINE
  5
7F1
330
17
100
AcDbEntity
  8
Reaproveitamento
 62
30
100
AcDbLine
 10
4245.6
 20
-25.0
 30
0.0
 11
4220.6
 21
0.0
 31
0.0
  0
LINE
  5
7F2
330
17
100
AcDbEntity
  8
Reaproveitamento
 62
30
100
AcDbLine
 10
4253.6
 20
-25.0
 30
0.0
 11
4228.6
 21
0.0
 31
0.0
  0
LINE
  5
7F3
330
17
100
AcDbEntity
  8
Reaproveitamento
 62
30
100
AcDbLine
 10
4261.6
 20
-25.0
 30
0.0
 11
4236.6
 21
0.0
 31
0.0
  0
LINE
  5
7F4
330
17
100
AcDbEntity
  8
Reaproveitamento
 62
30
100
AcDbLine
 10
4269.6
 20
-25.0
 30
0.0
 11
4244.6
 21
0.0
 31
0.0
  0
LINE
  5
7F5
330
17
100
AcDbEntity
  8
Reaproveitamento
 62
30
100
AcDbLine
 10
4277.6
 20
-25.0
 30
0.0
 11
4252.6
 21
0.0
 31
0.0
  0
LINE
  5
7F6
330
17
100
AcDbEntity
  8
Reaproveitamento
 62
30
100
AcDbLine
 10
4285.6
 20
-25.0
 30
0.0
 11
4260.6
 21
0.0
 31
0.0
  0
LINE
  5
7F7
330
17
100
AcDbEntity
  8
Reaproveitamento
 62
30
100
AcDbLine
 10
4293.6
 20
-25.0
 30
0.0
 11
4268.6
 21
0.0
 31
0.0
  0
LINE
  5
7F8
330
17
100
AcDbEntity
  8
Reaproveitamento
 62
30
100
AcDbLine
 10
4295.6
 20
-19.0
 30
0.0
 11
4276.6
 21
0.0
 31
0.0
  0
LINE
  5
7F9
330
17
100
AcDbEntity
  8
Reaproveitamento
 62
30
100
AcDbLine
 10
4295.6
 20
-11.0
 30
0.0
 11
4284.6
 21
0.0
 31
0.0
  0
LINE
  5
7FA
330
17
100
AcDbEntity
  8
Reaproveitamento
 62
30
100
AcDbLine
 10
4295.6
 20
-3.0
 30
0.0
 11
4292.6
 21
0.0
 31
0.0
  0
LINE
  5
7FB
330
17
100
AcDbEntity
  8
Reaproveitamento
 62
30
100
AcDbLine
 10
4295.6
 20
-25.0
 30
0.0
 11
4295.6
 21
-25.0
 31
0.0
  0
LINE
  5
7FC
330
17
100
AcDbEntity
  8
Reaproveitamento
 62
30
100
AcDbLine
 10
4303.6
 20
-25.0
 30
0.0
 11
4295.6
 21
-17.0
 31
0.0
  0
LINE
  5
7FD
330
17
100
AcDbEntity
  8
Reaproveitamento
 62
30
100
AcDbLine
 10
4311.6
 20
-25.0
 30
0.0
 11
4295.6
 21
-9.0
 31
0.0
  0
LINE
  5
7FE
330
17
100
AcDbEntity
  8
Reaproveitamento
 62
30
100
AcDbLine
 10
4319.6
 20
-25.0
 30
0.0
 11
4295.6
 21
-1.0
 31
0.0
  0
LINE
  5
7FF
330
17
100
AcDbEntity
  8
Reaproveitamento
 62
30
100
AcDbLine
 10
4327.6
 20
-25.0
 30
0.0
 11
4302.6
 21
0.0
 31
0.0
  0
LINE
  5
800
330
17
100
AcDbEntity
  8
Reaproveitamento
 62
30
100
AcDbLine
 10
4335.6
 20
-25.0
 30
0.0
 11
4310.6
 21
0.0
 31
0.0
  0
LINE
  5
801
330
17
100
AcDbEntity
  8
Reaproveitamento
 62
30
100
AcDbLine
 10
4343.6
 20
-25.0
 30
0.0
 11
4318.6
 21
0.0
 31
0.0
  0
LINE
  5
802
330
17
100
AcDbEntity
  8
Reaproveitamento
 62
30
100
AcDbLine
 10
4351.6
 20
-25.0
 30
0.0
 11
4326.6
 21
0.0
 31
0.0
  0
LINE
  5
803
330
17
100
AcDbEntity
  8
Reaproveitamento
 62
30
100
AcDbLine
 10
4359.6
 20
-25.0
 30
0.0
 11
4334.6
 21
0.0
 31
0.0
  0
LINE
  5
804
330
17
100
AcDbEntity
  8
Reaproveitamento
 62
30
100
AcDbLine
 10
4367.6
 20
-25.0
 30
0.0
 11
4342.6
 21
0.0
 31
0.0
  0
LINE
  5
805
330
17
100
AcDbEntity
  8
Reaproveitamento
 62
30
100
AcDbLine
 10
4375.6
 20
-25.0
 30
0.0
 11
4350.6
 21
0.0
 31
0.0
  0
LINE
  5
806
330
17
100
AcDbEntity
  8
Reaproveitamento
 62
30
100
AcDbLine
 10
4383.6
 20
-25.0
 30
0.0
 11
4358.6
 21
0.0
 31
0.0
  0
LINE
  5
807
330
17
100
AcDbEntity
  8
Reaproveitamento
 62
30
100
AcDbLine
 10
4391.6
 20
-25.0
 30
0.0
 11
4366.6
 21
0.0
 31
0.0
  0
LINE
  5
808
330
17
100
AcDbEntity
  8
Reaproveitamento
 62
30
100
AcDbLine
 10
4399.6
 20
-25.0
 30
0.0
 11
4374.6
 21
0.0
 31
0.0
  0
LINE
  5
809
330
17
100
AcDbEntity
  8
Reaproveitamento
 62
30
100
AcDbLine
 10
4407.6
 20
-25.0
 30
0.0
 11
4382.6
 21
0.0
 31
0.0
  0
LINE
  5
80A
330
17
100
AcDbEntity
  8
Reaproveitamento
 62
30
100
AcDbLine
 10
4415.6
 20
-25.0
 30
0.0
 11
4390.6
 21
0.0
 31
0.0
  0
LINE
  5
80B
330
17
100
AcDbEntity
  8
Reaproveitamento
 62
30
100
AcDbLine
 10
4423.6
 20
-25.0
 30
0.0
 11
4398.6
 21
0.0
 31
0.0
  0
LINE
  5
80C
330
17
100
AcDbEntity
  8
Reaproveitamento
 62
30
100
AcDbLine
 10
4431.6
 20
-25.0
 30
0.0
 11
4406.6
 21
0.0
 31
0.0
  0
LINE
  5
80D
330
17
100
AcDbEntity
  8
Reaproveitamento
 62
30
100
AcDbLine
 10
4439.6
 20
-25.0
 30
0.0
 11
4414.6
 21
0.0
 31
0.0
  0
LINE
  5
80E
330
17
100
AcDbEntity
  8
Reaproveitamento
 62
30
100
AcDbLine
 10
4447.6
 20
-25.0
 30
0.0
 11
4422.6
 21
0.0
 31
0.0
  0
LINE
  5
80F
330
17
100
AcDbEntity
  8
Reaproveitamento
 62
30
100
AcDbLine
 10
4455.6
 20
-25.0
 30
0.0
 11
4430.6
 21
0.0
 31
0.0
  0
LINE
  5
810
330
17
100
AcDbEntity
  8
Reaproveitamento
 62
30
100
AcDbLine
 10
4463.6
 20
-25.0
 30
0.0
 11
4438.6
 21
0.0
 31
0.0
  0
LINE
  5
811
330
17
100
AcDbEntity
  8
Reaproveitamento
 62
30
100
AcDbLine
 10
4471.6
 20
-25.0
 30
0.0
 11
4446.6
 21
0.0
 31
0.0
  0
LINE
  5
812
330
17
100
AcDbEntity
  8
Reaproveitamento
 62
30
100
AcDbLine
 10
4479.6
 20
-25.0
 30
0.0
 11
4454.6
 21
0.0
 31
0.0
  0
LINE
  5
813
330
17
100
AcDbEntity
  8
Reaproveitamento
 62
30
100
AcDbLine
 10
4487.6
 20
-25.0
 30
0.0
 11
4462.6
 21
0.0
 31
0.0
  0
LINE
  5
814
330
17
100
AcDbEntity
  8
Reaproveitamento
 62
30
100
AcDbLine
 10
4495.6
 20
-25.0
 30
0.0
 11
4470.6
 21
0.0
 31
0.0
  0
LINE
  5
815
330
17
100
AcDbEntity
  8
Reaproveitamento
 62
30
100
AcDbLine
 10
4503.6
 20
-25.0
 30
0.0
 11
4478.6
 21
0.0
 31
0.0
  0
LINE
  5
816
330
17
100
AcDbEntity
  8
Reaproveitamento
 62
30
100
AcDbLine
 10
4511.6
 20
-25.0
 30
0.0
 11
4486.6
 21
0.0
 31
0.0
  0
LINE
  5
817
330
17
100
AcDbEntity
  8
Reaproveitamento
 62
30
100
AcDbLine
 10
4512.6
 20
-18.0
 30
0.0
 11
4494.6
 21
0.0
 31
0.0
  0
LINE
  5
818
330
17
100
AcDbEntity
  8
Reaproveitamento
 62
30
100
AcDbLine
 10
4512.6
 20
-10.0
 30
0.0
 11
4502.6
 21
0.0
 31
0.0
  0
LINE
  5
819
330
17
100
AcDbEntity
  8
Reaproveitamento
 62
30
100
AcDbLine
 10
4512.6
 20
-2.0
 30
0.0
 11
4510.6
 21
0.0
 31
0.0
  0
LINE
  5
81A
330
17
100
AcDbEntity
  8
Reaproveitamento
 62
30
100
AcDbLine
 10
4512.6
 20
-25.0
 30
0.0
 11
4512.6
 21
-25.0
 31
0.0
  0
LINE
  5
81B
330
17
100
AcDbEntity
  8
Reaproveitamento
 62
30
100
AcDbLine
 10
4520.6
 20
-25.0
 30
0.0
 11
4512.6
 21
-17.0
 31
0.0
  0
LINE
  5
81C
330
17
100
AcDbEntity
  8
Reaproveitamento
 62
30
100
AcDbLine
 10
4528.6
 20
-25.0
 30
0.0
 11
4512.6
 21
-9.0
 31
0.0
  0
LINE
  5
81D
330
17
100
AcDbEntity
  8
Reaproveitamento
 62
30
100
AcDbLine
 10
4536.6
 20
-25.0
 30
0.0
 11
4512.6
 21
-1.0
 31
0.0
  0
LINE
  5
81E
330
17
100
AcDbEntity
  8
Reaproveitamento
 62
30
100
AcDbLine
 10
4544.6
 20
-25.0
 30
0.0
 11
4519.6
 21
0.0
 31
0.0
  0
LINE
  5
81F
330
17
100
AcDbEntity
  8
Reaproveitamento
 62
30
100
AcDbLine
 10
4552.6
 20
-25.0
 30
0.0
 11
4527.6
 21
0.0
 31
0.0
  0
LINE
  5
820
330
17
100
AcDbEntity
  8
Reaproveitamento
 62
30
100
AcDbLine
 10
4560.6
 20
-25.0
 30
0.0
 11
4535.6
 21
0.0
 31
0.0
  0
LINE
  5
821
330
17
100
AcDbEntity
  8
Reaproveitamento
 62
30
100
AcDbLine
 10
4568.6
 20
-25.0
 30
0.0
 11
4543.6
 21
0.0
 31
0.0
  0
LINE
  5
822
330
17
100
AcDbEntity
  8
Reaproveitamento
 62
30
100
AcDbLine
 10
4576.6
 20
-25.0
 30
0.0
 11
4551.6
 21
0.0
 31
0.0
  0
LINE
  5
823
330
17
100
AcDbEntity
  8
Reaproveitamento
 62
30
100
AcDbLine
 10
4584.6
 20
-25.0
 30
0.0
 11
4559.6
 21
0.0
 31
0.0
  0
LINE
  5
824
330
17
100
AcDbEntity
  8
Reaproveitamento
 62
30
100
AcDbLine
 10
4592.6
 20
-25.0
 30
0.0
 11
4567.6
 21
0.0
 31
0.0
  0
LINE
  5
825
330
17
100
AcDbEntity
  8
Reaproveitamento
 62
30
100
AcDbLine
 10
4600.6
 20
-25.0
 30
0.0
 11
4575.6
 21
0.0
 31
0.0
  0
LINE
  5
826
330
17
100
AcDbEntity
  8
Reaproveitamento
 62
30
100
AcDbLine
 10
4608.6
 20
-25.0
 30
0.0
 11
4583.6
 21
0.0
 31
0.0
  0
LINE
  5
827
330
17
100
AcDbEntity
  8
Reaproveitamento
 62
30
100
AcDbLine
 10
4616.6
 20
-25.0
 30
0.0
 11
4591.6
 21
0.0
 31
0.0
  0
LINE
  5
828
330
17
100
AcDbEntity
  8
Reaproveitamento
 62
30
100
AcDbLine
 10
4624.6
 20
-25.0
 30
0.0
 11
4599.6
 21
0.0
 31
0.0
  0
LINE
  5
829
330
17
100
AcDbEntity
  8
Reaproveitamento
 62
30
100
AcDbLine
 10
4632.6
 20
-25.0
 30
0.0
 11
4607.6
 21
0.0
 31
0.0
  0
LINE
  5
82A
330
17
100
AcDbEntity
  8
Reaproveitamento
 62
30
100
AcDbLine
 10
4640.6
 20
-25.0
 30
0.0
 11
4615.6
 21
0.0
 31
0.0
  0
LINE
  5
82B
330
17
100
AcDbEntity
  8
Reaproveitamento
 62
30
100
AcDbLine
 10
4648.6
 20
-25.0
 30
0.0
 11
4623.6
 21
0.0
 31
0.0
  0
LINE
  5
82C
330
17
100
AcDbEntity
  8
Reaproveitamento
 62
30
100
AcDbLine
 10
4656.6
 20
-25.0
 30
0.0
 11
4631.6
 21
0.0
 31
0.0
  0
LINE
  5
82D
330
17
100
AcDbEntity
  8
Reaproveitamento
 62
30
100
AcDbLine
 10
4664.6
 20
-25.0
 30
0.0
 11
4639.6
 21
0.0
 31
0.0
  0
LINE
  5
82E
330
17
100
AcDbEntity
  8
Reaproveitamento
 62
30
100
AcDbLine
 10
4672.6
 20
-25.0
 30
0.0
 11
4647.6
 21
0.0
 31
0.0
  0
LINE
  5
82F
330
17
100
AcDbEntity
  8
Reaproveitamento
 62
30
100
AcDbLine
 10
4680.6
 20
-25.0
 30
0.0
 11
4655.6
 21
0.0
 31
0.0
  0
LINE
  5
830
330
17
100
AcDbEntity
  8
Reaproveitamento
 62
30
100
AcDbLine
 10
4688.6
 20
-25.0
 30
0.0
 11
4663.6
 21
0.0
 31
0.0
  0
LINE
  5
831
330
17
100
AcDbEntity
  8
Reaproveitamento
 62
30
100
AcDbLine
 10
4696.6
 20
-25.0
 30
0.0
 11
4671.6
 21
0.0
 31
0.0
  0
LINE
  5
832
330
17
100
AcDbEntity
  8
Reaproveitamento
 62
30
100
AcDbLine
 10
4704.6
 20
-25.0
 30
0.0
 11
4679.6
 21
0.0
 31
0.0
  0
LINE
  5
833
330
17
100
AcDbEntity
  8
Reaproveitamento
 62
30
100
AcDbLine
 10
4712.6
 20
-25.0
 30
0.0
 11
4687.6
 21
0.0
 31
0.0
  0
LINE
  5
834
330
17
100
AcDbEntity
  8
Reaproveitamento
 62
30
100
AcDbLine
 10
4720.6
 20
-25.0
 30
0.0
 11
4695.6
 21
0.0
 31
0.0
  0
LINE
  5
835
330
17
100
AcDbEntity
  8
Reaproveitamento
 62
30
100
AcDbLine
 10
4728.6
 20
-25.0
 30
0.0
 11
4703.6
 21
0.0
 31
0.0
  0
LINE
  5
836
330
17
100
AcDbEntity
  8
Reaproveitamento
 62
30
100
AcDbLine
 10
4736.6
 20
-25.0
 30
0.0
 11
4711.6
 21
0.0
 31
0.0
  0
LINE
  5
837
330
17
100
AcDbEntity
  8
Reaproveitamento
 62
30
100
AcDbLine
 10
4744.6
 20
-25.0
 30
0.0
 11
4719.6
 21
0.0
 31
0.0
  0
LINE
  5
838
330
17
100
AcDbEntity
  8
Reaproveitamento
 62
30
100
AcDbLine
 10
4752.6
 20
-25.0
 30
0.0
 11
4727.6
 21
0.0
 31
0.0
  0
LINE
  5
839
330
17
100
AcDbEntity
  8
Reaproveitamento
 62
30
100
AcDbLine
 10
4754.6
 20
-19.0
 30
0.0
 11
4735.6
 21
0.0
 31
0.0
  0
LINE
  5
83A
330
17
100
AcDbEntity
  8
Reaproveitamento
 62
30
100
AcDbLine
 10
4754.6
 20
-11.0
 30
0.0
 11
4743.6
 21
0.0
 31
0.0
  0
LINE
  5
83B
330
17
100
AcDbEntity
  8
Reaproveitamento
 62
30
100
AcDbLine
 10
4754.6
 20
-3.0
 30
0.0
 11
4751.6
 21
0.0
 31
0.0
  0
ENDSEC
  0
SECTION
  2
OBJECTS
  0
DICTIONARY
  5
A
330
0
100
AcDbDictionary
281
1
  3
ACAD_COLOR
350
B
  3
ACAD_GROUP
350
C
  3
ACAD_LAYOUT
350
D
  3
ACAD_MATERIAL
350
E
  3
ACAD_MLEADERSTYLE
350
F
  3
ACAD_MLINESTYLE
350
10
  3
ACAD_PLOTSETTINGS
350
11
  3
ACAD_PLOTSTYLENAME
350
12
  3
ACAD_SCALELIST
350
14
  3
ACAD_TABLESTYLE
350
15
  3
ACAD_VISUALSTYLE
350
16
  3
EZDXF_META
350
2D
  0
DICTIONARY
  5
B
330
A
100
AcDbDictionary
281
1
  0
DICTIONARY
  5
C
330
A
100
AcDbDictionary
281
1
  0
DICTIONARY
  5
D
330
A
100
AcDbDictionary
281
1
  3
Model
350
1A
  3
Layout1
350
1E
  0
DICTIONARY
  5
E
330
A
100
AcDbDictionary
281
1
  3
ByBlock
350
1F
  3
ByLayer
350
20
  3
Global
350
21
  0
DICTIONARY
  5
F
330
A
100
AcDbDictionary
281
1
  3
Standard
350
2C
  0
DICTIONARY
  5
10
330
A
100
AcDbDictionary
281
1
  3
Standard
350
22
  0
DICTIONARY
  5
11
330
A
100
AcDbDictionary
281
1
  0
ACDBDICTIONARYWDFLT
  5
12
330
A
100
AcDbDictionary
281
1
  3
Normal
350
13
100
AcDbDictionaryWithDefault
340
13
  0
ACDBPLACEHOLDER
  5
13
330
12
  0
DICTIONARY
  5
14
330
A
100
AcDbDictionary
281
1
  0
DICTIONARY
  5
15
330
A
100
AcDbDictionary
281
1
  0
DICTIONARY
  5
16
330
A
100
AcDbDictionary
281
1
  0
LAYOUT
  5
1A
330
D
100
AcDbPlotSettings
  1

  4
A3
  6

 40
7.5
 41
20.0
 42
7.5
 43
20.0
 44
420.0
 45
297.0
 46
0.0
 47
0.0
 48
0.0
 49
0.0
140
0.0
141
0.0
142
1.0
143
1.0
 70
1024
 72
1
 73
0
 74
5
  7

 75
16
 76
0
 77
2
 78
300
147
1.0
148
0.0
149
0.0
100
AcDbLayout
  1
Model
 70
1
 71
0
 10
0.0
 20
0.0
 11
420.0
 21
297.0
 12
0.0
 22
0.0
 32
0.0
 14
1e+20
 24
1e+20
 34
1e+20
 15
-1e+20
 25
-1e+20
 35
-1e+20
146
0.0
 13
0.0
 23
0.0
 33
0.0
 16
1.0
 26
0.0
 36
0.0
 17
0.0
 27
1.0
 37
0.0
 76
1
330
17
  0
LAYOUT
  5
1E
330
D
100
AcDbPlotSettings
  1

  4
A3
  6

 40
7.5
 41
20.0
 42
7.5
 43
20.0
 44
420.0
 45
297.0
 46
0.0
 47
0.0
 48
0.0
 49
0.0
140
0.0
141
0.0
142
1.0
143
1.0
 70
0
 72
1
 73
0
 74
5
  7

 75
16
 76
0
 77
2
 78
300
147
1.0
148
0.0
149
0.0
100
AcDbLayout
  1
Layout1
 70
1
 71
1
 10
0.0
 20
0.0
 11
420.0
 21
297.0
 12
0.0
 22
0.0
 32
0.0
 14
1e+20
 24
1e+20
 34
1e+20
 15
-1e+20
 25
-1e+20
 35
-1e+20
146
0.0
 13
0.0
 23
0.0
 33
0.0
 16
1.0
 26
0.0
 36
0.0
 17
0.0
 27
1.0
 37
0.0
 76
1
330
1B
  0
MATERIAL
  5
1F
102
{ACAD_REACTORS
330
E
102
}
330
E
100
AcDbMaterial
  1
ByBlock
  2

 70
0
 40
1.0
 71
1
 41
1.0
 91
-1023410177
 42
1.0
 72
1
  3

 73
1
 74
1
 75
1
 44
0.5
 73
0
 45
1.0
 46
1.0
 77
1
  4

 78
1
 79
1
170
1
 48
1.0
171
1
  6

172
1
173
1
174
1
140
1.0
141
1.0
175
1
  7

176
1
177
1
178
1
143
1.0
179
1
  8

270
1
271
1
272
1
145
1.0
146
1.0
273
1
  9

274
1
275
1
276
1
 42
1.0
 72
1
  3

 73
1
 74
1
 75
1
 94
63
  0
MATERIAL
  5
20
102
{ACAD_REACTORS
330
E
102
}
330
E
100
AcDbMaterial
  1
ByLayer
  2

 70
0
 40
1.0
 71
1
 41
1.0
 91
-1023410177
 42
1.0
 72
1
  3

 73
1
 74
1
 75
1
 44
0.5
 73
0
 45
1.0
 46
1.0
 77
1
  4

 78
1
 79
1
170
1
 48
1.0
171
1
  6

172
1
173
1
174
1
140
1.0
141
1.0
175
1
  7

176
1
177
1
178
1
143
1.0
179
1
  8

270
1
271
1
272
1
145
1.0
146
1.0
273
1
  9

274
1
275
1
276
1
 42
1.0
 72
1
  3

 73
1
 74
1
 75
1
 94
63
  0
MATERIAL
  5
21
102
{ACAD_REACTORS
330
E
102
}
330
E
100
AcDbMaterial
  1
Global
  2

 70
0
 40
1.0
 71
1
 41
1.0
 91
-1023410177
 42
1.0
 72
1
  3

 73
1
 74
1
 75
1
 44
0.5
 73
0
 45
1.0
 46
1.0
 77
1
  4

 78
1
 79
1
170
1
 48
1.0
171
1
  6

172
1
173
1
174
1
140
1.0
141
1.0
175
1
  7

176
1
177
1
178
1
143
1.0
179
1
  8

270
1
271
1
272
1
145
1.0
146
1.0
273
1
  9

274
1
275
1
276
1
 42
1.0
 72
1
  3

 73
1
 74
1
 75
1
 94
63
  0
MLINESTYLE
  5
22
102
{ACAD_REACTORS
330
10
102
}
330
10
100
AcDbMlineStyle
  2
Standard
 70
0
  3

 62
256
 51
90.0
 52
90.0
 71
2
 49
0.5
 62
256
  6
BYLAYER
 49
-0.5
 62
256
  6
BYLAYER
  0
MLEADERSTYLE
  5
2C
102
{ACAD_REACTORS
330
F
102
}
330
F
100
AcDbMLeaderStyle
179
2
170
2
171
1
172
0
 90
2
 40
0.0
 41
0.0
173
1
 91
-1056964608
 92
-2
290
1
 42
2.0
291
1
 43
8.0
  3
Standard
 44
4.0
300

342
29
174
1
175
1
176
0
178
1
 93
-1056964608
 45
4.0
292
0
297
0
 46
4.0
 94
-1056964608
 47
1.0
 49
1.0
140
1.0
294
1
141
0.0
177
0
142
1.0
295
0
296
0
143
3.75
271
0
272
9
273
9
  0
DICTIONARY
  5
2D
330
A
100
AcDbDictionary
280
1
281
1
  3
CREATED_BY_EZDXF
350
2E
  3
WRITTEN_BY_EZDXF
350
83E
  0
DICTIONARYVAR
  5
2E
330
2D
100
DictionaryVariables
280
0
  1
1.4.3 @ 2026-03-10T23:15:31.674038+00:00
  0
DICTIONARYVAR
  5
83E
330
2D
100
DictionaryVariables
280
0
  1
1.4.3 @ 2026-03-10T23:15:31.745017+00:00
  0
ENDSEC
  0
EOF
