  0
SECTION
  2
HEADER
  9
$ACADVER
  1
AC1032
  9
$ACADMAINTVER
 90
4
  9
$DWGCODEPAGE
  3
ANSI_1252
  9
$LASTSAVEDBY
  1
ezdxf
  9
$REQUIREDVERSIONS
160
0
  9
$INSBASE
 10
0.0
 20
0.0
 30
0.0
  9
$EXTMIN
 10
1e+20
 20
1e+20
 30
1e+20
  9
$EXTMAX
 10
-1e+20
 20
-1e+20
 30
-1e+20
  9
$LIMMIN
 10
0.0
 20
0.0
  9
$LIMMAX
 10
420.0
 20
297.0
  9
$ORTHOMODE
 70
0
  9
$REGENMODE
 70
1
  9
$FILLMODE
 70
1
  9
$QTEXTMODE
 70
0
  9
$MIRRTEXT
 70
1
  9
$LTSCALE
 40
1.0
  9
$ATTMODE
 70
1
  9
$TEXTSIZE
 40
2.5
  9
$TRACEWID
 40
1.0
  9
$TEXTSTYLE
  7
Standard
  9
$CLAYER
  8
0
  9
$CELTYPE
  6
ByLayer
  9
$CECOLOR
 62
256
  9
$CELTSCALE
 40
1.0
  9
$DISPSILH
 70
0
  9
$DIMSCALE
 40
1.0
  9
$DIMASZ
 40
2.5
  9
$DIMEXO
 40
0.625
  9
$DIMDLI
 40
3.75
  9
$DIMRND
 40
0.0
  9
$DIMDLE
 40
0.0
  9
$DIMEXE
 40
1.25
  9
$DIMTP
 40
0.0
  9
$DIMTM
 40
0.0
  9
$DIMTXT
 40
2.5
  9
$DIMCEN
 40
2.5
  9
$DIMTSZ
 40
0.0
  9
$DIMTOL
 70
0
  9
$DIMLIM
 70
0
  9
$DIMTIH
 70
0
  9
$DIMTOH
 70
0
  9
$DIMSE1
 70
0
  9
$DIMSE2
 70
0
  9
$DIMTAD
 70
1
  9
$DIMZIN
 70
8
  9
$DIMBLK
  1

  9
$DIMASO
 70
1
  9
$DIMSHO
 70
1
  9
$DIMPOST
  1

  9
$DIMAPOST
  1

  9
$DIMALT
 70
0
  9
$DIMALTD
 70
3
  9
$DIMALTF
 40
0.03937007874
  9
$DIMLFAC
 40
1.0
  9
$DIMTOFL
 70
1
  9
$DIMTVP
 40
0.0
  9
$DIMTIX
 70
0
  9
$DIMSOXD
 70
0
  9
$DIMSAH
 70
0
  9
$DIMBLK1
  1

  9
$DIMBLK2
  1

  9
$DIMSTYLE
  2
ISO-25
  9
$DIMCLRD
 70
0
  9
$DIMCLRE
 70
0
  9
$DIMCLRT
 70
0
  9
$DIMTFAC
 40
1.0
  9
$DIMGAP
 40
0.625
  9
$DIMJUST
 70
0
  9
$DIMSD1
 70
0
  9
$DIMSD2
 70
0
  9
$DIMTOLJ
 70
0
  9
$DIMTZIN
 70
8
  9
$DIMALTZ
 70
0
  9
$DIMALTTZ
 70
0
  9
$DIMUPT
 70
0
  9
$DIMDEC
 70
2
  9
$DIMTDEC
 70
2
  9
$DIMALTU
 70
2
  9
$DIMALTTD
 70
3
  9
$DIMTXSTY
  7
Standard
  9
$DIMAUNIT
 70
0
  9
$DIMADEC
 70
0
  9
$DIMALTRND
 40
0.0
  9
$DIMAZIN
 70
0
  9
$DIMDSEP
 70
44
  9
$DIMATFIT
 70
3
  9
$DIMFRAC
 70
0
  9
$DIMLDRBLK
  1

  9
$DIMLUNIT
 70
2
  9
$DIMLWD
 70
-2
  9
$DIMLWE
 70
-2
  9
$DIMTMOVE
 70
0
  9
$DIMFXL
 40
1.0
  9
$DIMFXLON
 70
0
  9
$DIMJOGANG
 40
0.785398163397
  9
$DIMTFILL
 70
0
  9
$DIMTFILLCLR
 70
0
  9
$DIMARCSYM
 70
0
  9
$DIMLTYPE
  6

  9
$DIMLTEX1
  6

  9
$DIMLTEX2
  6

  9
$DIMTXTDIRECTION
 70
0
  9
$LUNITS
 70
2
  9
$LUPREC
 70
4
  9
$SKETCHINC
 40
1.0
  9
$FILLETRAD
 40
10.0
  9
$AUNITS
 70
0
  9
$AUPREC
 70
2
  9
$MENU
  1
.
  9
$ELEVATION
 40
0.0
  9
$PELEVATION
 40
0.0
  9
$THICKNESS
 40
0.0
  9
$LIMCHECK
 70
0
  9
$CHAMFERA
 40
0.0
  9
$CHAMFERB
 40
0.0
  9
$CHAMFERC
 40
0.0
  9
$CHAMFERD
 40
0.0
  9
$SKPOLY
 70
0
  9
$TDCREATE
 40
2461111.6330555556
  9
$TDUCREATE
 40
2458532.153996898
  9
$TDUPDATE
 40
2461111.6330555556
  9
$TDUUPDATE
 40
2458532.1544311
  9
$TDINDWG
 40
0.0
  9
$TDUSRTIMER
 40
0.0
  9
$USRTIMER
 70
1
  9
$ANGBASE
 50
0.0
  9
$ANGDIR
 70
0
  9
$PDMODE
 70
0
  9
$PDSIZE
 40
0.0
  9
$PLINEWID
 40
0.0
  9
$SPLFRAME
 70
0
  9
$SPLINETYPE
 70
6
  9
$SPLINESEGS
 70
8
  9
$HANDSEED
  5
3E0
  9
$SURFTAB1
 70
6
  9
$SURFTAB2
 70
6
  9
$SURFTYPE
 70
6
  9
$SURFU
 70
6
  9
$SURFV
 70
6
  9
$UCSBASE
  2

  9
$UCSNAME
  2

  9
$UCSORG
 10
0.0
 20
0.0
 30
0.0
  9
$UCSXDIR
 10
1.0
 20
0.0
 30
0.0
  9
$UCSYDIR
 10
0.0
 20
1.0
 30
0.0
  9
$UCSORTHOREF
  2

  9
$UCSORTHOVIEW
 70
0
  9
$UCSORGTOP
 10
0.0
 20
0.0
 30
0.0
  9
$UCSORGBOTTOM
 10
0.0
 20
0.0
 30
0.0
  9
$UCSORGLEFT
 10
0.0
 20
0.0
 30
0.0
  9
$UCSORGRIGHT
 10
0.0
 20
0.0
 30
0.0
  9
$UCSORGFRONT
 10
0.0
 20
0.0
 30
0.0
  9
$UCSORGBACK
 10
0.0
 20
0.0
 30
0.0
  9
$PUCSBASE
  2

  9
$PUCSNAME
  2

  9
$PUCSORG
 10
0.0
 20
0.0
 30
0.0
  9
$PUCSXDIR
 10
1.0
 20
0.0
 30
0.0
  9
$PUCSYDIR
 10
0.0
 20
1.0
 30
0.0
  9
$PUCSORTHOREF
  2

  9
$PUCSORTHOVIEW
 70
0
  9
$PUCSORGTOP
 10
0.0
 20
0.0
 30
0.0
  9
$PUCSORGBOTTOM
 10
0.0
 20
0.0
 30
0.0
  9
$PUCSORGLEFT
 10
0.0
 20
0.0
 30
0.0
  9
$PUCSORGRIGHT
 10
0.0
 20
0.0
 30
0.0
  9
$PUCSORGFRONT
 10
0.0
 20
0.0
 30
0.0
  9
$PUCSORGBACK
 10
0.0
 20
0.0
 30
0.0
  9
$USERI1
 70
0
  9
$USERI2
 70
0
  9
$USERI3
 70
0
  9
$USERI4
 70
0
  9
$USERI5
 70
0
  9
$USERR1
 40
0.0
  9
$USERR2
 40
0.0
  9
$USERR3
 40
0.0
  9
$USERR4
 40
0.0
  9
$USERR5
 40
0.0
  9
$WORLDVIEW
 70
1
  9
$SHADEDGE
 70
3
  9
$SHADEDIF
 70
70
  9
$TILEMODE
 70
1
  9
$MAXACTVP
 70
64
  9
$PINSBASE
 10
0.0
 20
0.0
 30
0.0
  9
$PLIMCHECK
 70
0
  9
$PEXTMIN
 10
1e+20
 20
1e+20
 30
1e+20
  9
$PEXTMAX
 10
-1e+20
 20
-1e+20
 30
-1e+20
  9
$PLIMMIN
 10
0.0
 20
0.0
  9
$PLIMMAX
 10
420.0
 20
297.0
  9
$UNITMODE
 70
0
  9
$VISRETAIN
 70
1
  9
$PLINEGEN
 70
0
  9
$PSLTSCALE
 70
1
  9
$TREEDEPTH
 70
3020
  9
$CMLSTYLE
  2
Standard
  9
$CMLJUST
 70
0
  9
$CMLSCALE
 40
20.0
  9
$PROXYGRAPHICS
 70
1
  9
$MEASUREMENT
 70
1
  9
$CELWEIGHT
370
-1
  9
$ENDCAPS
280
0
  9
$JOINSTYLE
280
0
  9
$LWDISPLAY
290
0
  9
$INSUNITS
 70
0
  9
$HYPERLINKBASE
  1

  9
$STYLESHEET
  1

  9
$XEDIT
290
1
  9
$CEPSNTYPE
380
0
  9
$PSTYLEMODE
290
1
  9
$FINGERPRINTGUID
  2
{D4A29E45-CA24-4D24-8242-3708E74D1300}
  9
$VERSIONGUID
  2
{95C6C6C8-FCEE-45BF-AB0B-F88C68EA7FE1}
  9
$EXTNAMES
290
1
  9
$PSVPSCALE
 40
0.0
  9
$OLESTARTUP
290
0
  9
$SORTENTS
280
127
  9
$INDEXCTL
280
0
  9
$HIDETEXT
280
1
  9
$XCLIPFRAME
280
1
  9
$HALOGAP
280
0
  9
$OBSCOLOR
 70
257
  9
$OBSLTYPE
280
0
  9
$INTERSECTIONDISPLAY
280
0
  9
$INTERSECTIONCOLOR
 70
257
  9
$DIMASSOC
280
2
  9
$PROJECTNAME
  1

  9
$CAMERADISPLAY
290
0
  9
$LENSLENGTH
 40
50.0
  9
$CAMERAHEIGHT
 40
0.0
  9
$STEPSPERSEC
 40
24.0
  9
$STEPSIZE
 40
100.0
  9
$3DDWFPREC
 40
2.0
  9
$PSOLWIDTH
 40
0.005
  9
$PSOLHEIGHT
 40
0.08
  9
$LOFTANG1
 40
1.570796326795
  9
$LOFTANG2
 40
1.570796326795
  9
$LOFTMAG1
 40
0.0
  9
$LOFTMAG2
 40
0.0
  9
$LOFTPARAM
 70
7
  9
$LOFTNORMALS
280
1
  9
$LATITUDE
 40
37.795
  9
$LONGITUDE
 40
-122.394
  9
$NORTHDIRECTION
 40
0.0
  9
$TIMEZONE
 70
-8000
  9
$LIGHTGLYPHDISPLAY
280
1
  9
$TILEMODELIGHTSYNCH
280
1
  9
$CMATERIAL
347
20
  9
$SOLIDHIST
280
0
  9
$SHOWHIST
280
1
  9
$DWFFRAME
280
2
  9
$DGNFRAME
280
2
  9
$REALWORLDSCALE
290
1
  9
$INTERFERECOLOR
 62
256
  9
$CSHADOW
280
0
  9
$SHADOWPLANELOCATION
 40
0.0
  0
ENDSEC
  0
SECTION
  2
CLASSES
  0
CLASS
  1
ACDBDICTIONARYWDFLT
  2
AcDbDictionaryWithDefault
  3
ObjectDBX Classes
 90
0
 91
0
280
0
281
0
  0
CLASS
  1
SUN
  2
AcDbSun
  3
SCENEOE
 90
1153
 91
0
280
0
281
0
  0
CLASS
  1
VISUALSTYLE
  2
AcDbVisualStyle
  3
ObjectDBX Classes
 90
4095
 91
0
280
0
281
0
  0
CLASS
  1
MATERIAL
  2
AcDbMaterial
  3
ObjectDBX Classes
 90
1153
 91
0
280
0
281
0
  0
CLASS
  1
SCALE
  2
AcDbScale
  3
ObjectDBX Classes
 90
1153
 91
0
280
0
281
0
  0
CLASS
  1
TABLESTYLE
  2
AcDbTableStyle
  3
ObjectDBX Classes
 90
4095
 91
0
280
0
281
0
  0
CLASS
  1
MLEADERSTYLE
  2
AcDbMLeaderStyle
  3
ACDB_MLEADERSTYLE_CLASS
 90
4095
 91
0
280
0
281
0
  0
CLASS
  1
DICTIONARYVAR
  2
AcDbDictionaryVar
  3
ObjectDBX Classes
 90
0
 91
0
280
0
281
0
  0
CLASS
  1
CELLSTYLEMAP
  2
AcDbCellStyleMap
  3
ObjectDBX Classes
 90
1152
 91
0
280
0
281
0
  0
CLASS
  1
MENTALRAYRENDERSETTINGS
  2
AcDbMentalRayRenderSettings
  3
SCENEOE
 90
1024
 91
0
280
0
281
0
  0
CLASS
  1
ACDBDETAILVIEWSTYLE
  2
AcDbDetailViewStyle
  3
ObjectDBX Classes
 90
1025
 91
0
280
0
281
0
  0
CLASS
  1
ACDBSECTIONVIEWSTYLE
  2
AcDbSectionViewStyle
  3
ObjectDBX Classes
 90
1025
 91
0
280
0
281
0
  0
CLASS
  1
RASTERVARIABLES
  2
AcDbRasterVariables
  3
ISM
 90
0
 91
0
280
0
281
0
  0
CLASS
  1
ACDBPLACEHOLDER
  2
AcDbPlaceHolder
  3
ObjectDBX Classes
 90
0
 91
0
280
0
281
0
  0
CLASS
  1
LAYOUT
  2
AcDbLayout
  3
ObjectDBX Classes
 90
0
 91
0
280
0
281
0
  0
ENDSEC
  0
SECTION
  2
TABLES
  0
TABLE
  2
VPORT
  5
8
330
0
100
AcDbSymbolTable
 70
1
  0
VPORT
  5
23
330
8
100
AcDbSymbolTableRecord
100
AcDbViewportTableRecord
  2
*Active
 70
0
 10
0.0
 20
0.0
 11
1.0
 21
1.0
 12
0.0
 22
0.0
 13
0.0
 23
0.0
 14
0.5
 24
0.5
 15
0.5
 25
0.5
 16
0.0
 26
0.0
 36
1.0
 17
0.0
 27
0.0
 37
0.0
 40
1000.0
 41
1.34
 42
50.0
 43
0.0
 44
0.0
 50
0.0
 51
0.0
 71
0
 72
1000
 73
1
 74
3
 75
0
 76
0
 77
0
 78
0
281
0
 65
0
146
0.0
  0
ENDTAB
  0
TABLE
  2
LTYPE
  5
2
330
0
100
AcDbSymbolTable
 70
3
  0
LTYPE
  5
24
330
2
100
AcDbSymbolTableRecord
100
AcDbLinetypeTableRecord
  2
ByBlock
 70
0
  3

 72
65
 73
0
 40
0.0
  0
LTYPE
  5
25
330
2
100
AcDbSymbolTableRecord
100
AcDbLinetypeTableRecord
  2
ByLayer
 70
0
  3

 72
65
 73
0
 40
0.0
  0
LTYPE
  5
26
330
2
100
AcDbSymbolTableRecord
100
AcDbLinetypeTableRecord
  2
Continuous
 70
0
  3

 72
65
 73
0
 40
0.0
  0
ENDTAB
  0
TABLE
  2
LAYER
  5
1
330
0
100
AcDbSymbolTable
 70
24
  0
LAYER
  5
27
330
1
100
AcDbSymbolTableRecord
100
AcDbLayerTableRecord
  2
0
 70
0
 62
7
  6
Continuous
370
-3
390
13
347
21
  0
LAYER
  5
28
330
1
100
AcDbSymbolTableRecord
100
AcDbLayerTableRecord
  2
Defpoints
 70
0
 62
7
  6
Continuous
290
0
370
-3
390
13
347
21
  0
LAYER
  5
2F
330
1
100
AcDbSymbolTableRecord
100
AcDbLayerTableRecord
  2
Painéis
 70
0
 62
200
  6
Continuous
370
-3
390
13
347
21
  0
LAYER
  5
30
330
1
100
AcDbSymbolTableRecord
100
AcDbLayerTableRecord
  2
COTA
 70
0
 62
241
  6
Continuous
370
-3
390
13
347
21
  0
LAYER
  5
31
330
1
100
AcDbSymbolTableRecord
100
AcDbLayerTableRecord
  2
NOMENCLATURA
 70
0
 62
7
  6
Continuous
370
-3
390
13
347
21
  0
LAYER
  5
32
330
1
100
AcDbSymbolTableRecord
100
AcDbLayerTableRecord
  2
5
 70
0
 62
5
  6
Continuous
370
-3
390
13
347
21
  0
LAYER
  5
33
330
1
100
AcDbSymbolTableRecord
100
AcDbLayerTableRecord
  2
Folhas
 70
0
 62
255
  6
Continuous
370
-3
390
13
347
21
  0
LAYER
  5
34
330
1
100
AcDbSymbolTableRecord
100
AcDbLayerTableRecord
  2
CARIMBO
 70
0
 62
255
  6
Continuous
370
-3
390
13
347
21
  0
LAYER
  5
35
330
1
100
AcDbSymbolTableRecord
100
AcDbLayerTableRecord
  2
SARR_3.5x7
 70
0
 62
81
  6
Continuous
370
-3
390
13
347
21
  0
LAYER
  5
36
330
1
100
AcDbSymbolTableRecord
100
AcDbLayerTableRecord
  2
SARR_2.2x7
 70
0
 62
40
  6
Continuous
370
-3
390
13
347
21
  0
LAYER
  5
37
330
1
100
AcDbSymbolTableRecord
100
AcDbLayerTableRecord
  2
CONCRETO
 70
0
 62
251
  6
Continuous
370
-3
390
13
347
21
  0
LAYER
  5
38
330
1
100
AcDbSymbolTableRecord
100
AcDbLayerTableRecord
  2
Hachura
 70
0
 62
251
  6
Continuous
370
-3
390
13
347
21
  0
LAYER
  5
39
330
1
100
AcDbSymbolTableRecord
100
AcDbLayerTableRecord
  2
Madeira
 70
0
 62
126
  6
Continuous
370
-3
390
13
347
21
  0
LAYER
  5
3A
330
1
100
AcDbSymbolTableRecord
100
AcDbLayerTableRecord
  2
barrote
 70
0
 62
126
  6
Continuous
370
-3
390
13
347
21
  0
LAYER
  5
3B
330
1
100
AcDbSymbolTableRecord
100
AcDbLayerTableRecord
  2
SCO-___-LAJ
 70
0
 62
224
  6
Continuous
370
-3
390
13
347
21
  0
LAYER
  5
3C
330
1
100
AcDbSymbolTableRecord
100
AcDbLayerTableRecord
  2
TENSOR
 70
0
 62
224
  6
Continuous
370
-3
390
13
347
21
  0
LAYER
  5
3D
330
1
100
AcDbSymbolTableRecord
100
AcDbLayerTableRecord
  2
presilha
 70
0
 62
224
  6
Continuous
370
-3
390
13
347
21
  0
LAYER
  5
3E
330
1
100
AcDbSymbolTableRecord
100
AcDbLayerTableRecord
  2
Forcador
 70
0
 62
224
  6
Continuous
370
-3
390
13
347
21
  0
LAYER
  5
3F
330
1
100
AcDbSymbolTableRecord
100
AcDbLayerTableRecord
  2
Escoras
 70
0
 62
224
  6
Continuous
370
-3
390
13
347
21
  0
LAYER
  5
40
330
1
100
AcDbSymbolTableRecord
100
AcDbLayerTableRecord
  2
detalhes
 70
0
 62
7
  6
Continuous
370
-3
390
13
347
21
  0
LAYER
  5
41
330
1
100
AcDbSymbolTableRecord
100
AcDbLayerTableRecord
  2
Texto Seção
 70
0
 62
7
  6
Continuous
370
-3
390
13
347
21
  0
LAYER
  5
42
330
1
100
AcDbSymbolTableRecord
100
AcDbLayerTableRecord
  2
Cota Seção (2x)
 70
0
 62
241
  6
Continuous
370
-3
390
13
347
21
  0
LAYER
  5
43
330
1
100
AcDbSymbolTableRecord
100
AcDbLayerTableRecord
  2
texto
 70
0
 62
7
  6
Continuous
370
-3
390
13
347
21
  0
LAYER
  5
4E
330
1
100
AcDbSymbolTableRecord
100
AcDbLayerTableRecord
  2
Reaproveitamento
 70
0
 62
30
  6
Continuous
370
-3
390
13
347
21
  0
ENDTAB
  0
TABLE
  2
STYLE
  5
5
330
0
100
AcDbSymbolTable
 70
1
  0
STYLE
  5
29
330
5
100
AcDbSymbolTableRecord
100
AcDbTextStyleTableRecord
  2
Standard
 70
0
 40
0.0
 41
1.0
 50
0.0
 71
0
 42
2.5
  3
txt
  4

  0
ENDTAB
  0
TABLE
  2
VIEW
  5
7
330
0
100
AcDbSymbolTable
 70
0
  0
ENDTAB
  0
TABLE
  2
UCS
  5
6
330
0
100
AcDbSymbolTable
 70
0
  0
ENDTAB
  0
TABLE
  2
APPID
  5
3
330
0
100
AcDbSymbolTable
 70
3
  0
APPID
  5
2A
330
3
100
AcDbSymbolTableRecord
100
AcDbRegAppTableRecord
  2
ACAD
 70
0
  0
APPID
  5
3DD
330
3
100
AcDbSymbolTableRecord
100
AcDbRegAppTableRecord
  2
HATCHBACKGROUNDCOLOR
 70
0
  0
APPID
  5
3DE
330
3
100
AcDbSymbolTableRecord
100
AcDbRegAppTableRecord
  2
EZDXF
 70
0
  0
ENDTAB
  0
TABLE
  2
DIMSTYLE
  5
4
330
0
100
AcDbSymbolTable
 70
3
100
AcDbDimStyleTable
  0
DIMSTYLE
105
2B
330
4
100
AcDbSymbolTableRecord
100
AcDbDimStyleTableRecord
  2
Standard
 70
0
 40
1.0
 41
2.5
 42
0.625
 43
3.75
 44
1.25
 45
0.0
 46
0.0
 47
0.0
 48
0.0
 49
2.5
140
2.5
141
2.5
142
0.0
143
0.03937007874
144
1.0
145
0.0
146
1.0
147
0.625
148
0.0
 69
0
 70
0
 71
0
 72
0
 73
0
 74
0
 75
0
 76
0
 77
1
 78
8
 79
3
170
0
171
3
172
1
173
0
174
0
175
0
176
0
177
0
178
0
179
2
271
2
272
2
273
2
274
3
275
0
276
0
277
2
278
44
279
0
280
0
281
0
282
0
283
0
284
8
285
0
286
0
288
0
289
3
290
0
371
-2
372
-2
  0
DIMSTYLE
105
44
330
4
100
AcDbSymbolTableRecord
100
AcDbDimStyleTableRecord
  2
PAINEL
 70
0
 40
1.0
 41
3.0
 42
3.0
 43
3.75
 44
3.0
 45
0.0
 46
0.0
 47
0.0
 48
0.0
 49
2.5
140
10.0
141
2.5
142
0.0
143
0.03937007874
144
1.0
145
0.0
146
1.0
147
3.0
148
0.0
 69
0
 70
0
 71
0
 72
0
 73
0
 74
0
 75
0
 76
0
 77
1
 78
8
 79
3
170
0
171
3
172
1
173
0
174
0
175
0
176
4
177
4
178
240
179
2
271
2
272
2
273
2
274
3
275
0
276
0
277
2
278
44
279
0
280
0
281
0
282
0
283
0
284
8
285
0
286
0
288
0
289
3
290
0
342
45
343
45
371
-2
372
-2
  0
DIMSTYLE
105
4D
330
4
100
AcDbSymbolTableRecord
100
AcDbDimStyleTableRecord
  2
SECAO2X
 70
0
 40
1.0
 41
3.0
 42
3.0
 43
3.75
 44
3.0
 45
0.0
 46
0.0
 47
0.0
 48
0.0
 49
2.5
140
16.0
141
2.5
142
0.0
143
0.03937007874
144
1.0
145
0.0
146
1.0
147
3.0
148
0.0
 69
0
 70
0
 71
0
 72
0
 73
0
 74
0
 75
0
 76
0
 77
1
 78
8
 79
3
170
0
171
3
172
1
173
0
174
0
175
0
176
4
177
4
178
240
179
2
271
2
272
2
273
2
274
3
275
0
276
0
277
2
278
44
279
0
280
0
281
0
282
0
283
0
284
8
285
0
286
0
288
0
289
3
290
0
342
45
343
45
371
-2
372
-2
  0
ENDTAB
  0
TABLE
  2
BLOCK_RECORD
  5
9
330
0
100
AcDbSymbolTable
 70
38
  0
BLOCK_RECORD
  5
17
330
9
100
AcDbSymbolTableRecord
100
AcDbBlockTableRecord
  2
*Model_Space
340
1A
 70
0
280
1
281
0
  0
BLOCK_RECORD
  5
1B
330
9
100
AcDbSymbolTableRecord
100
AcDbBlockTableRecord
  2
*Paper_Space
340
1E
 70
0
280
1
281
0
  0
BLOCK_RECORD
  5
45
330
9
100
AcDbSymbolTableRecord
100
AcDbBlockTableRecord
  2
_OBLIQUE
340
0
 70
0
280
1
281
0
  0
BLOCK_RECORD
  5
49
330
9
100
AcDbSymbolTableRecord
100
AcDbBlockTableRecord
  2
_CLOSEDFILLED
340
0
 70
0
280
1
281
0
  0
BLOCK_RECORD
  5
86
330
9
100
AcDbSymbolTableRecord
100
AcDbBlockTableRecord
  2
*D1
340
0
 70
0
280
1
281
0
  0
BLOCK_RECORD
  5
95
330
9
100
AcDbSymbolTableRecord
100
AcDbBlockTableRecord
  2
*D2
340
0
 70
0
280
1
281
0
  0
BLOCK_RECORD
  5
A4
330
9
100
AcDbSymbolTableRecord
100
AcDbBlockTableRecord
  2
*D3
340
0
 70
0
280
1
281
0
  0
BLOCK_RECORD
  5
B3
330
9
100
AcDbSymbolTableRecord
100
AcDbBlockTableRecord
  2
*D4
340
0
 70
0
280
1
281
0
  0
BLOCK_RECORD
  5
C2
330
9
100
AcDbSymbolTableRecord
100
AcDbBlockTableRecord
  2
*D5
340
0
 70
0
280
1
281
0
  0
BLOCK_RECORD
  5
D1
330
9
100
AcDbSymbolTableRecord
100
AcDbBlockTableRecord
  2
*D6
340
0
 70
0
280
1
281
0
  0
BLOCK_RECORD
  5
18D
330
9
100
AcDbSymbolTableRecord
100
AcDbBlockTableRecord
  2
*D7
340
0
 70
0
280
1
281
0
  0
BLOCK_RECORD
  5
19C
330
9
100
AcDbSymbolTableRecord
100
AcDbBlockTableRecord
  2
*D8
340
0
 70
0
280
1
281
0
  0
BLOCK_RECORD
  5
1AB
330
9
100
AcDbSymbolTableRecord
100
AcDbBlockTableRecord
  2
*D9
340
0
 70
0
280
1
281
0
  0
BLOCK_RECORD
  5
1BA
330
9
100
AcDbSymbolTableRecord
100
AcDbBlockTableRecord
  2
*D10
340
0
 70
0
280
1
281
0
  0
BLOCK_RECORD
  5
1C9
330
9
100
AcDbSymbolTableRecord
100
AcDbBlockTableRecord
  2
*D11
340
0
 70
0
280
1
281
0
  0
BLOCK_RECORD
  5
1D8
330
9
100
AcDbSymbolTableRecord
100
AcDbBlockTableRecord
  2
*D12
340
0
 70
0
280
1
281
0
  0
BLOCK_RECORD
  5
1E7
330
9
100
AcDbSymbolTableRecord
100
AcDbBlockTableRecord
  2
*D13
340
0
 70
0
280
1
281
0
  0
BLOCK_RECORD
  5
1F6
330
9
100
AcDbSymbolTableRecord
100
AcDbBlockTableRecord
  2
*D14
340
0
 70
0
280
1
281
0
  0
BLOCK_RECORD
  5
205
330
9
100
AcDbSymbolTableRecord
100
AcDbBlockTableRecord
  2
*D15
340
0
 70
0
280
1
281
0
  0
BLOCK_RECORD
  5
214
330
9
100
AcDbSymbolTableRecord
100
AcDbBlockTableRecord
  2
*D16
340
0
 70
0
280
1
281
0
  0
BLOCK_RECORD
  5
223
330
9
100
AcDbSymbolTableRecord
100
AcDbBlockTableRecord
  2
*D17
340
0
 70
0
280
1
281
0
  0
BLOCK_RECORD
  5
232
330
9
100
AcDbSymbolTableRecord
100
AcDbBlockTableRecord
  2
*D18
340
0
 70
0
280
1
281
0
  0
BLOCK_RECORD
  5
241
330
9
100
AcDbSymbolTableRecord
100
AcDbBlockTableRecord
  2
*D19
340
0
 70
0
280
1
281
0
  0
BLOCK_RECORD
  5
250
330
9
100
AcDbSymbolTableRecord
100
AcDbBlockTableRecord
  2
*D20
340
0
 70
0
280
1
281
0
  0
BLOCK_RECORD
  5
30C
330
9
100
AcDbSymbolTableRecord
100
AcDbBlockTableRecord
  2
*D21
340
0
 70
0
280
1
281
0
  0
BLOCK_RECORD
  5
31B
330
9
100
AcDbSymbolTableRecord
100
AcDbBlockTableRecord
  2
*D22
340
0
 70
0
280
1
281
0
  0
BLOCK_RECORD
  5
32A
330
9
100
AcDbSymbolTableRecord
100
AcDbBlockTableRecord
  2
*D23
340
0
 70
0
280
1
281
0
  0
BLOCK_RECORD
  5
339
330
9
100
AcDbSymbolTableRecord
100
AcDbBlockTableRecord
  2
*D24
340
0
 70
0
280
1
281
0
  0
BLOCK_RECORD
  5
348
330
9
100
AcDbSymbolTableRecord
100
AcDbBlockTableRecord
  2
*D25
340
0
 70
0
280
1
281
0
  0
BLOCK_RECORD
  5
357
330
9
100
AcDbSymbolTableRecord
100
AcDbBlockTableRecord
  2
*D26
340
0
 70
0
280
1
281
0
  0
BLOCK_RECORD
  5
366
330
9
100
AcDbSymbolTableRecord
100
AcDbBlockTableRecord
  2
*D27
340
0
 70
0
280
1
281
0
  0
BLOCK_RECORD
  5
375
330
9
100
AcDbSymbolTableRecord
100
AcDbBlockTableRecord
  2
*D28
340
0
 70
0
280
1
281
0
  0
BLOCK_RECORD
  5
384
330
9
100
AcDbSymbolTableRecord
100
AcDbBlockTableRecord
  2
*D29
340
0
 70
0
280
1
281
0
  0
BLOCK_RECORD
  5
393
330
9
100
AcDbSymbolTableRecord
100
AcDbBlockTableRecord
  2
*D30
340
0
 70
0
280
1
281
0
  0
BLOCK_RECORD
  5
3A2
330
9
100
AcDbSymbolTableRecord
100
AcDbBlockTableRecord
  2
*D31
340
0
 70
0
280
1
281
0
  0
BLOCK_RECORD
  5
3B1
330
9
100
AcDbSymbolTableRecord
100
AcDbBlockTableRecord
  2
*D32
340
0
 70
0
280
1
281
0
  0
BLOCK_RECORD
  5
3C0
330
9
100
AcDbSymbolTableRecord
100
AcDbBlockTableRecord
  2
*D33
340
0
 70
0
280
1
281
0
  0
BLOCK_RECORD
  5
3CF
330
9
100
AcDbSymbolTableRecord
100
AcDbBlockTableRecord
  2
*D34
340
0
 70
0
280
1
281
0
  0
ENDTAB
  0
ENDSEC
  0
SECTION
  2
BLOCKS
  0
BLOCK
  5
18
330
17
100
AcDbEntity
  8
0
100
AcDbBlockBegin
  2
*Model_Space
 70
0
 10
0.0
 20
0.0
 30
0.0
  3
*Model_Space
  1

  0
ENDBLK
  5
19
330
17
100
AcDbEntity
  8
0
100
AcDbBlockEnd
  0
BLOCK
  5
1C
330
1B
100
AcDbEntity
  8
0
100
AcDbBlockBegin
  2
*Paper_Space
 70
0
 10
0.0
 20
0.0
 30
0.0
  3
*Paper_Space
  1

  0
ENDBLK
  5
1D
330
1B
100
AcDbEntity
  8
0
100
AcDbBlockEnd
  0
BLOCK
  5
46
330
45
100
AcDbEntity
  8
0
100
AcDbBlockBegin
  2
_OBLIQUE
 70
0
 10
0.0
 20
0.0
 30
0.0
  3
_OBLIQUE
  1

  0
LINE
  5
48
330
45
100
AcDbEntity
  8
0
  6
BYBLOCK
 62
0
100
AcDbLine
 10
-0.5
 20
-0.5
 30
0.0
 11
0.5
 21
0.5
 31
0.0
  0
ENDBLK
  5
47
330
45
100
AcDbEntity
  8
0
100
AcDbBlockEnd
  0
BLOCK
  5
4A
330
49
100
AcDbEntity
  8
0
100
AcDbBlockBegin
  2
_CLOSEDFILLED
 70
0
 10
0.0
 20
0.0
 30
0.0
  3
_CLOSEDFILLED
  1

  0
SOLID
  5
4C
330
49
100
AcDbEntity
  8
0
  6
BYBLOCK
 62
0
100
AcDbTrace
 10
-1.0
 20
0.16439898372402537
 30
0.0
 11
0.0
 21
0.0
 31
0.0
 12
-1.0
 22
-0.16439898372402537
 32
0.0
 13
-1.0
 23
-0.16439898372402537
 33
0.0
  0
ENDBLK
  5
4B
330
49
100
AcDbEntity
  8
0
100
AcDbBlockEnd
  0
BLOCK
  5
87
330
86
100
AcDbEntity
  8
0
100
AcDbBlockBegin
  2
*D1
 70
1
 10
0.0
 20
0.0
 30
0.0
  3
*D1
  1

  0
LINE
  5
89
330
86
100
AcDbEntity
  8
0
 62
4
100
AcDbLine
 10
-1.0
 20
-60.0
 30
0.0
 11
-57.0
 21
-60.0
 31
0.0
  0
LINE
  5
8A
330
86
100
AcDbEntity
  8
0
 62
4
100
AcDbLine
 10
19.0
 20
4.0
 30
0.0
 11
-57.0
 21
4.0
 31
0.0
  0
INSERT
  5
8B
330
86
100
AcDbEntity
  8
COTA
 62
4
100
AcDbBlockReference
  2
_OBLIQUE
 10
-54.0
 20
-60.0
 30
0.0
 41
3.0
 42
3.0
 50
270.0
  0
INSERT
  5
8D
330
86
100
AcDbEntity
  8
COTA
 62
4
100
AcDbBlockReference
  2
_OBLIQUE
 10
-54.0
 20
4.0
 30
0.0
 41
3.0
 42
3.0
 50
90.0
  0
LINE
  5
8F
330
86
100
AcDbEntity
  8
0
 62
4
100
AcDbLine
 10
-54.0
 20
-60.0
 30
0.0
 11
-54.0
 21
4.0
 31
0.0
  0
MTEXT
  5
90
330
86
100
AcDbEntity
  8
COTA
 62
240
100
AcDbMText
 10
-62.0
 20
-28.0
 30
0.0
 40
10.0
 71
5
  1
64
 50
90.0
  0
POINT
  5
91
330
86
100
AcDbEntity
  8
Defpoints
100
AcDbPoint
 10
-54.0
 20
-60.0
 30
0.0
  0
POINT
  5
92
330
86
100
AcDbEntity
  8
Defpoints
100
AcDbPoint
 10
2.0
 20
-60.0
 30
0.0
  0
POINT
  5
93
330
86
100
AcDbEntity
  8
Defpoints
100
AcDbPoint
 10
22.0
 20
4.0
 30
0.0
  0
ENDBLK
  5
88
330
86
100
AcDbEntity
  8
0
100
AcDbBlockEnd
  0
BLOCK
  5
96
330
95
100
AcDbEntity
  8
0
100
AcDbBlockBegin
  2
*D2
 70
1
 10
0.0
 20
0.0
 30
0.0
  3
*D2
  1

  0
LINE
  5
98
330
95
100
AcDbEntity
  8
0
 62
4
100
AcDbLine
 10
43.0
 20
-52.0
 30
0.0
 11
75.0
 21
-52.0
 31
0.0
  0
LINE
  5
99
330
95
100
AcDbEntity
  8
0
 62
4
100
AcDbLine
 10
43.0
 20
4.0
 30
0.0
 11
75.0
 21
4.0
 31
0.0
  0
INSERT
  5
9A
330
95
100
AcDbEntity
  8
Cota Seção (2x)
 62
4
100
AcDbBlockReference
  2
_OBLIQUE
 10
72.0
 20
-52.0
 30
0.0
 41
3.0
 42
3.0
 50
270.0
  0
INSERT
  5
9C
330
95
100
AcDbEntity
  8
Cota Seção (2x)
 62
4
100
AcDbBlockReference
  2
_OBLIQUE
 10
72.0
 20
4.0
 30
0.0
 41
3.0
 42
3.0
 50
90.0
  0
LINE
  5
9E
330
95
100
AcDbEntity
  8
0
 62
4
100
AcDbLine
 10
72.0
 20
-52.0
 30
0.0
 11
72.0
 21
4.0
 31
0.0
  0
MTEXT
  5
9F
330
95
100
AcDbEntity
  8
Cota Seção (2x)
 62
240
100
AcDbMText
 10
61.0
 20
-24.0
 30
0.0
 40
16.0
 71
5
  1
56
 50
90.0
  0
POINT
  5
A0
330
95
100
AcDbEntity
  8
Defpoints
100
AcDbPoint
 10
72.0
 20
-52.0
 30
0.0
  0
POINT
  5
A1
330
95
100
AcDbEntity
  8
Defpoints
100
AcDbPoint
 10
40.0
 20
-52.0
 30
0.0
  0
POINT
  5
A2
330
95
100
AcDbEntity
  8
Defpoints
100
AcDbPoint
 10
40.0
 20
4.0
 30
0.0
  0
ENDBLK
  5
97
330
95
100
AcDbEntity
  8
0
100
AcDbBlockEnd
  0
BLOCK
  5
A5
330
A4
100
AcDbEntity
  8
0
100
AcDbBlockBegin
  2
*D3
 70
1
 10
0.0
 20
0.0
 30
0.0
  3
*D3
  1

  0
LINE
  5
A7
330
A4
100
AcDbEntity
  8
0
 62
4
100
AcDbLine
 10
93.0
 20
-60.0
 30
0.0
 11
92.0
 21
-60.0
 31
0.0
  0
LINE
  5
A8
330
A4
100
AcDbEntity
  8
0
 62
4
100
AcDbLine
 10
93.0
 20
-10.0
 30
0.0
 11
92.0
 21
-10.0
 31
0.0
  0
INSERT
  5
A9
330
A4
100
AcDbEntity
  8
COTA
 62
4
100
AcDbBlockReference
  2
_OBLIQUE
 10
95.0
 20
-60.0
 30
0.0
 41
3.0
 42
3.0
 50
270.0
  0
INSERT
  5
AB
330
A4
100
AcDbEntity
  8
COTA
 62
4
100
AcDbBlockReference
  2
_OBLIQUE
 10
95.0
 20
-10.0
 30
0.0
 41
3.0
 42
3.0
 50
90.0
  0
LINE
  5
AD
330
A4
100
AcDbEntity
  8
0
 62
4
100
AcDbLine
 10
95.0
 20
-60.0
 30
0.0
 11
95.0
 21
-10.0
 31
0.0
  0
MTEXT
  5
AE
330
A4
100
AcDbEntity
  8
COTA
 62
240
100
AcDbMText
 10
87.0
 20
-35.0
 30
0.0
 40
10.0
 71
5
  1
50
 50
90.0
  0
POINT
  5
AF
330
A4
100
AcDbEntity
  8
Defpoints
100
AcDbPoint
 10
95.0
 20
-60.0
 30
0.0
  0
POINT
  5
B0
330
A4
100
AcDbEntity
  8
Defpoints
100
AcDbPoint
 10
96.0
 20
-60.0
 30
0.0
  0
POINT
  5
B1
330
A4
100
AcDbEntity
  8
Defpoints
100
AcDbPoint
 10
96.0
 20
-10.0
 30
0.0
  0
ENDBLK
  5
A6
330
A4
100
AcDbEntity
  8
0
100
AcDbBlockEnd
  0
BLOCK
  5
B4
330
B3
100
AcDbEntity
  8
0
100
AcDbBlockBegin
  2
*D4
 70
1
 10
0.0
 20
0.0
 30
0.0
  3
*D4
  1

  0
LINE
  5
B6
330
B3
100
AcDbEntity
  8
0
 62
4
100
AcDbLine
 10
99.0
 20
-60.0
 30
0.0
 11
138.0
 21
-60.0
 31
0.0
  0
LINE
  5
B7
330
B3
100
AcDbEntity
  8
0
 62
4
100
AcDbLine
 10
99.0
 20
-24.0
 30
0.0
 11
138.0
 21
-24.0
 31
0.0
  0
INSERT
  5
B8
330
B3
100
AcDbEntity
  8
COTA
 62
4
100
AcDbBlockReference
  2
_OBLIQUE
 10
135.0
 20
-60.0
 30
0.0
 41
3.0
 42
3.0
 50
270.0
  0
INSERT
  5
BA
330
B3
100
AcDbEntity
  8
COTA
 62
4
100
AcDbBlockReference
  2
_OBLIQUE
 10
135.0
 20
-24.0
 30
0.0
 41
3.0
 42
3.0
 50
90.0
  0
LINE
  5
BC
330
B3
100
AcDbEntity
  8
0
 62
4
100
AcDbLine
 10
135.0
 20
-60.0
 30
0.0
 11
135.0
 21
-24.0
 31
0.0
  0
MTEXT
  5
BD
330
B3
100
AcDbEntity
  8
COTA
 62
240
100
AcDbMText
 10
127.0
 20
-42.0
 30
0.0
 40
10.0
 71
5
  1
36
 50
90.0
  0
POINT
  5
BE
330
B3
100
AcDbEntity
  8
Defpoints
100
AcDbPoint
 10
135.0
 20
-60.0
 30
0.0
  0
POINT
  5
BF
330
B3
100
AcDbEntity
  8
Defpoints
100
AcDbPoint
 10
96.0
 20
-60.0
 30
0.0
  0
POINT
  5
C0
330
B3
100
AcDbEntity
  8
Defpoints
100
AcDbPoint
 10
96.0
 20
-24.0
 30
0.0
  0
ENDBLK
  5
B5
330
B3
100
AcDbEntity
  8
0
100
AcDbBlockEnd
  0
BLOCK
  5
C3
330
C2
100
AcDbEntity
  8
0
100
AcDbBlockBegin
  2
*D5
 70
1
 10
0.0
 20
0.0
 30
0.0
  3
*D5
  1

  0
LINE
  5
C5
330
C2
100
AcDbEntity
  8
0
 62
4
100
AcDbLine
 10
95.0
 20
-20.0
 30
0.0
 11
138.0
 21
-20.0
 31
0.0
  0
LINE
  5
C6
330
C2
100
AcDbEntity
  8
0
 62
4
100
AcDbLine
 10
95.0
 20
4.0
 30
0.0
 11
138.0
 21
4.0
 31
0.0
  0
INSERT
  5
C7
330
C2
100
AcDbEntity
  8
COTA
 62
4
100
AcDbBlockReference
  2
_OBLIQUE
 10
135.0
 20
-20.0
 30
0.0
 41
3.0
 42
3.0
 50
270.0
  0
INSERT
  5
C9
330
C2
100
AcDbEntity
  8
COTA
 62
4
100
AcDbBlockReference
  2
_OBLIQUE
 10
135.0
 20
4.0
 30
0.0
 41
3.0
 42
3.0
 50
90.0
  0
LINE
  5
CB
330
C2
100
AcDbEntity
  8
0
 62
4
100
AcDbLine
 10
135.0
 20
-20.0
 30
0.0
 11
135.0
 21
4.0
 31
0.0
  0
MTEXT
  5
CC
330
C2
100
AcDbEntity
  8
COTA
 62
240
100
AcDbMText
 10
127.0
 20
-8.0
 30
0.0
 40
10.0
 71
5
  1
24
 50
90.0
  0
POINT
  5
CD
330
C2
100
AcDbEntity
  8
Defpoints
100
AcDbPoint
 10
135.0
 20
-20.0
 30
0.0
  0
POINT
  5
CE
330
C2
100
AcDbEntity
  8
Defpoints
100
AcDbPoint
 10
92.0
 20
-20.0
 30
0.0
  0
POINT
  5
CF
330
C2
100
AcDbEntity
  8
Defpoints
100
AcDbPoint
 10
92.0
 20
4.0
 30
0.0
  0
ENDBLK
  5
C4
330
C2
100
AcDbEntity
  8
0
100
AcDbBlockEnd
  0
BLOCK
  5
D2
330
D1
100
AcDbEntity
  8
0
100
AcDbBlockBegin
  2
*D6
 70
1
 10
0.0
 20
0.0
 30
0.0
  3
*D6
  1

  0
LINE
  5
D4
330
D1
100
AcDbEntity
  8
0
 62
4
100
AcDbLine
 10
40.0
 20
-63.0
 30
0.0
 11
40.0
 21
-108.0
 31
0.0
  0
LINE
  5
D5
330
D1
100
AcDbEntity
  8
0
 62
4
100
AcDbLine
 10
78.0
 20
-63.0
 30
0.0
 11
78.0
 21
-108.0
 31
0.0
  0
INSERT
  5
D6
330
D1
100
AcDbEntity
  8
COTA
 62
4
100
AcDbBlockReference
  2
_OBLIQUE
 10
40.0
 20
-105.0
 30
0.0
 41
3.0
 42
3.0
 50
180.0
  0
INSERT
  5
D8
330
D1
100
AcDbEntity
  8
COTA
 62
4
100
AcDbBlockReference
  2
_OBLIQUE
 10
78.0
 20
-105.0
 30
0.0
 41
3.0
 42
3.0
  0
LINE
  5
DA
330
D1
100
AcDbEntity
  8
0
 62
4
100
AcDbLine
 10
40.0
 20
-105.0
 30
0.0
 11
78.0
 21
-105.0
 31
0.0
  0
MTEXT
  5
DB
330
D1
100
AcDbEntity
  8
COTA
 62
240
100
AcDbMText
 10
59.0
 20
-97.0
 30
0.0
 40
10.0
 71
5
  1
38
  0
POINT
  5
DC
330
D1
100
AcDbEntity
  8
Defpoints
100
AcDbPoint
 10
40.0
 20
-105.0
 30
0.0
  0
POINT
  5
DD
330
D1
100
AcDbEntity
  8
Defpoints
100
AcDbPoint
 10
40.0
 20
-60.0
 30
0.0
  0
POINT
  5
DE
330
D1
100
AcDbEntity
  8
Defpoints
100
AcDbPoint
 10
78.0
 20
-60.0
 30
0.0
  0
ENDBLK
  5
D3
330
D1
100
AcDbEntity
  8
0
100
AcDbBlockEnd
  0
BLOCK
  5
18E
330
18D
100
AcDbEntity
  8
0
100
AcDbBlockBegin
  2
*D7
 70
1
 10
0.0
 20
0.0
 30
0.0
  3
*D7
  1

  0
LINE
  5
190
330
18D
100
AcDbEntity
  8
0
 62
4
100
AcDbLine
 10
192.0
 20
-63.0
 30
0.0
 11
192.0
 21
-100.0
 31
0.0
  0
LINE
  5
191
330
18D
100
AcDbEntity
  8
0
 62
4
100
AcDbLine
 10
237.0
 20
-63.0
 30
0.0
 11
237.0
 21
-100.0
 31
0.0
  0
INSERT
  5
192
330
18D
100
AcDbEntity
  8
COTA
 62
4
100
AcDbBlockReference
  2
_OBLIQUE
 10
192.0
 20
-97.0
 30
0.0
 41
3.0
 42
3.0
 50
180.0
  0
INSERT
  5
194
330
18D
100
AcDbEntity
  8
COTA
 62
4
100
AcDbBlockReference
  2
_OBLIQUE
 10
237.0
 20
-97.0
 30
0.0
 41
3.0
 42
3.0
  0
LINE
  5
196
330
18D
100
AcDbEntity
  8
0
 62
4
100
AcDbLine
 10
192.0
 20
-97.0
 30
0.0
 11
237.0
 21
-97.0
 31
0.0
  0
MTEXT
  5
197
330
18D
100
AcDbEntity
  8
COTA
 62
240
100
AcDbMText
 10
214.5
 20
-89.0
 30
0.0
 40
10.0
 71
5
  1
45
  0
POINT
  5
198
330
18D
100
AcDbEntity
  8
Defpoints
100
AcDbPoint
 10
192.0
 20
-97.0
 30
0.0
  0
POINT
  5
199
330
18D
100
AcDbEntity
  8
Defpoints
100
AcDbPoint
 10
192.0
 20
-60.0
 30
0.0
  0
POINT
  5
19A
330
18D
100
AcDbEntity
  8
Defpoints
100
AcDbPoint
 10
237.0
 20
-60.0
 30
0.0
  0
ENDBLK
  5
18F
330
18D
100
AcDbEntity
  8
0
100
AcDbBlockEnd
  0
BLOCK
  5
19D
330
19C
100
AcDbEntity
  8
0
100
AcDbBlockBegin
  2
*D8
 70
1
 10
0.0
 20
0.0
 30
0.0
  3
*D8
  1

  0
LINE
  5
19F
330
19C
100
AcDbEntity
  8
0
 62
4
100
AcDbLine
 10
237.0
 20
-63.0
 30
0.0
 11
237.0
 21
-100.0
 31
0.0
  0
LINE
  5
1A0
330
19C
100
AcDbEntity
  8
0
 62
4
100
AcDbLine
 10
302.0
 20
-63.0
 30
0.0
 11
302.0
 21
-100.0
 31
0.0
  0
INSERT
  5
1A1
330
19C
100
AcDbEntity
  8
COTA
 62
4
100
AcDbBlockReference
  2
_OBLIQUE
 10
237.0
 20
-97.0
 30
0.0
 41
3.0
 42
3.0
 50
180.0
  0
INSERT
  5
1A3
330
19C
100
AcDbEntity
  8
COTA
 62
4
100
AcDbBlockReference
  2
_OBLIQUE
 10
302.0
 20
-97.0
 30
0.0
 41
3.0
 42
3.0
  0
LINE
  5
1A5
330
19C
100
AcDbEntity
  8
0
 62
4
100
AcDbLine
 10
237.0
 20
-97.0
 30
0.0
 11
302.0
 21
-97.0
 31
0.0
  0
MTEXT
  5
1A6
330
19C
100
AcDbEntity
  8
COTA
 62
240
100
AcDbMText
 10
269.5
 20
-89.0
 30
0.0
 40
10.0
 71
5
  1
65
  0
POINT
  5
1A7
330
19C
100
AcDbEntity
  8
Defpoints
100
AcDbPoint
 10
237.0
 20
-97.0
 30
0.0
  0
POINT
  5
1A8
330
19C
100
AcDbEntity
  8
Defpoints
100
AcDbPoint
 10
237.0
 20
-60.0
 30
0.0
  0
POINT
  5
1A9
330
19C
100
AcDbEntity
  8
Defpoints
100
AcDbPoint
 10
302.0
 20
-60.0
 30
0.0
  0
ENDBLK
  5
19E
330
19C
100
AcDbEntity
  8
0
100
AcDbBlockEnd
  0
BLOCK
  5
1AC
330
1AB
100
AcDbEntity
  8
0
100
AcDbBlockBegin
  2
*D9
 70
1
 10
0.0
 20
0.0
 30
0.0
  3
*D9
  1

  0
LINE
  5
1AE
330
1AB
100
AcDbEntity
  8
0
 62
4
100
AcDbLine
 10
302.0
 20
-63.0
 30
0.0
 11
302.0
 21
-100.0
 31
0.0
  0
LINE
  5
1AF
330
1AB
100
AcDbEntity
  8
0
 62
4
100
AcDbLine
 10
371.0
 20
-63.0
 30
0.0
 11
371.0
 21
-100.0
 31
0.0
  0
INSERT
  5
1B0
330
1AB
100
AcDbEntity
  8
COTA
 62
4
100
AcDbBlockReference
  2
_OBLIQUE
 10
302.0
 20
-97.0
 30
0.0
 41
3.0
 42
3.0
 50
180.0
  0
INSERT
  5
1B2
330
1AB
100
AcDbEntity
  8
COTA
 62
4
100
AcDbBlockReference
  2
_OBLIQUE
 10
371.0
 20
-97.0
 30
0.0
 41
3.0
 42
3.0
  0
LINE
  5
1B4
330
1AB
100
AcDbEntity
  8
0
 62
4
100
AcDbLine
 10
302.0
 20
-97.0
 30
0.0
 11
371.0
 21
-97.0
 31
0.0
  0
MTEXT
  5
1B5
330
1AB
100
AcDbEntity
  8
COTA
 62
240
100
AcDbMText
 10
336.5
 20
-89.0
 30
0.0
 40
10.0
 71
5
  1
69
  0
POINT
  5
1B6
330
1AB
100
AcDbEntity
  8
Defpoints
100
AcDbPoint
 10
302.0
 20
-97.0
 30
0.0
  0
POINT
  5
1B7
330
1AB
100
AcDbEntity
  8
Defpoints
100
AcDbPoint
 10
302.0
 20
-60.0
 30
0.0
  0
POINT
  5
1B8
330
1AB
100
AcDbEntity
  8
Defpoints
100
AcDbPoint
 10
371.0
 20
-60.0
 30
0.0
  0
ENDBLK
  5
1AD
330
1AB
100
AcDbEntity
  8
0
100
AcDbBlockEnd
  0
BLOCK
  5
1BB
330
1BA
100
AcDbEntity
  8
0
100
AcDbBlockBegin
  2
*D10
 70
1
 10
0.0
 20
0.0
 30
0.0
  3
*D10
  1

  0
LINE
  5
1BD
330
1BA
100
AcDbEntity
  8
0
 62
4
100
AcDbLine
 10
371.0
 20
-63.0
 30
0.0
 11
371.0
 21
-100.0
 31
0.0
  0
LINE
  5
1BE
330
1BA
100
AcDbEntity
  8
0
 62
4
100
AcDbLine
 10
447.0
 20
-63.0
 30
0.0
 11
447.0
 21
-100.0
 31
0.0
  0
INSERT
  5
1BF
330
1BA
100
AcDbEntity
  8
COTA
 62
4
100
AcDbBlockReference
  2
_OBLIQUE
 10
371.0
 20
-97.0
 30
0.0
 41
3.0
 42
3.0
 50
180.0
  0
INSERT
  5
1C1
330
1BA
100
AcDbEntity
  8
COTA
 62
4
100
AcDbBlockReference
  2
_OBLIQUE
 10
447.0
 20
-97.0
 30
0.0
 41
3.0
 42
3.0
  0
LINE
  5
1C3
330
1BA
100
AcDbEntity
  8
0
 62
4
100
AcDbLine
 10
371.0
 20
-97.0
 30
0.0
 11
447.0
 21
-97.0
 31
0.0
  0
MTEXT
  5
1C4
330
1BA
100
AcDbEntity
  8
COTA
 62
240
100
AcDbMText
 10
409.0
 20
-89.0
 30
0.0
 40
10.0
 71
5
  1
76
  0
POINT
  5
1C5
330
1BA
100
AcDbEntity
  8
Defpoints
100
AcDbPoint
 10
371.0
 20
-97.0
 30
0.0
  0
POINT
  5
1C6
330
1BA
100
AcDbEntity
  8
Defpoints
100
AcDbPoint
 10
371.0
 20
-60.0
 30
0.0
  0
POINT
  5
1C7
330
1BA
100
AcDbEntity
  8
Defpoints
100
AcDbPoint
 10
447.0
 20
-60.0
 30
0.0
  0
ENDBLK
  5
1BC
330
1BA
100
AcDbEntity
  8
0
100
AcDbBlockEnd
  0
BLOCK
  5
1CA
330
1C9
100
AcDbEntity
  8
0
100
AcDbBlockBegin
  2
*D11
 70
1
 10
0.0
 20
0.0
 30
0.0
  3
*D11
  1

  0
LINE
  5
1CC
330
1C9
100
AcDbEntity
  8
0
 62
4
100
AcDbLine
 10
447.0
 20
-63.0
 30
0.0
 11
447.0
 21
-100.0
 31
0.0
  0
LINE
  5
1CD
330
1C9
100
AcDbEntity
  8
0
 62
4
100
AcDbLine
 10
537.0
 20
-63.0
 30
0.0
 11
537.0
 21
-100.0
 31
0.0
  0
INSERT
  5
1CE
330
1C9
100
AcDbEntity
  8
COTA
 62
4
100
AcDbBlockReference
  2
_OBLIQUE
 10
447.0
 20
-97.0
 30
0.0
 41
3.0
 42
3.0
 50
180.0
  0
INSERT
  5
1D0
330
1C9
100
AcDbEntity
  8
COTA
 62
4
100
AcDbBlockReference
  2
_OBLIQUE
 10
537.0
 20
-97.0
 30
0.0
 41
3.0
 42
3.0
  0
LINE
  5
1D2
330
1C9
100
AcDbEntity
  8
0
 62
4
100
AcDbLine
 10
447.0
 20
-97.0
 30
0.0
 11
537.0
 21
-97.0
 31
0.0
  0
MTEXT
  5
1D3
330
1C9
100
AcDbEntity
  8
COTA
 62
240
100
AcDbMText
 10
492.0
 20
-89.0
 30
0.0
 40
10.0
 71
5
  1
90
  0
POINT
  5
1D4
330
1C9
100
AcDbEntity
  8
Defpoints
100
AcDbPoint
 10
447.0
 20
-97.0
 30
0.0
  0
POINT
  5
1D5
330
1C9
100
AcDbEntity
  8
Defpoints
100
AcDbPoint
 10
447.0
 20
-60.0
 30
0.0
  0
POINT
  5
1D6
330
1C9
100
AcDbEntity
  8
Defpoints
100
AcDbPoint
 10
537.0
 20
-60.0
 30
0.0
  0
ENDBLK
  5
1CB
330
1C9
100
AcDbEntity
  8
0
100
AcDbBlockEnd
  0
BLOCK
  5
1D9
330
1D8
100
AcDbEntity
  8
0
100
AcDbBlockBegin
  2
*D12
 70
1
 10
0.0
 20
0.0
 30
0.0
  3
*D12
  1

  0
LINE
  5
1DB
330
1D8
100
AcDbEntity
  8
0
 62
4
100
AcDbLine
 10
537.0
 20
-63.0
 30
0.0
 11
537.0
 21
-100.0
 31
0.0
  0
LINE
  5
1DC
330
1D8
100
AcDbEntity
  8
0
 62
4
100
AcDbLine
 10
647.0
 20
-63.0
 30
0.0
 11
647.0
 21
-100.0
 31
0.0
  0
INSERT
  5
1DD
330
1D8
100
AcDbEntity
  8
COTA
 62
4
100
AcDbBlockReference
  2
_OBLIQUE
 10
537.0
 20
-97.0
 30
0.0
 41
3.0
 42
3.0
 50
180.0
  0
INSERT
  5
1DF
330
1D8
100
AcDbEntity
  8
COTA
 62
4
100
AcDbBlockReference
  2
_OBLIQUE
 10
647.0
 20
-97.0
 30
0.0
 41
3.0
 42
3.0
  0
LINE
  5
1E1
330
1D8
100
AcDbEntity
  8
0
 62
4
100
AcDbLine
 10
537.0
 20
-97.0
 30
0.0
 11
647.0
 21
-97.0
 31
0.0
  0
MTEXT
  5
1E2
330
1D8
100
AcDbEntity
  8
COTA
 62
240
100
AcDbMText
 10
592.0
 20
-89.0
 30
0.0
 40
10.0
 71
5
  1
110
  0
POINT
  5
1E3
330
1D8
100
AcDbEntity
  8
Defpoints
100
AcDbPoint
 10
537.0
 20
-97.0
 30
0.0
  0
POINT
  5
1E4
330
1D8
100
AcDbEntity
  8
Defpoints
100
AcDbPoint
 10
537.0
 20
-60.0
 30
0.0
  0
POINT
  5
1E5
330
1D8
100
AcDbEntity
  8
Defpoints
100
AcDbPoint
 10
647.0
 20
-60.0
 30
0.0
  0
ENDBLK
  5
1DA
330
1D8
100
AcDbEntity
  8
0
100
AcDbBlockEnd
  0
BLOCK
  5
1E8
330
1E7
100
AcDbEntity
  8
0
100
AcDbBlockBegin
  2
*D13
 70
1
 10
0.0
 20
0.0
 30
0.0
  3
*D13
  1

  0
LINE
  5
1EA
330
1E7
100
AcDbEntity
  8
0
 62
4
100
AcDbLine
 10
647.0
 20
-63.0
 30
0.0
 11
647.0
 21
-100.0
 31
0.0
  0
LINE
  5
1EB
330
1E7
100
AcDbEntity
  8
0
 62
4
100
AcDbLine
 10
786.0
 20
-63.0
 30
0.0
 11
786.0
 21
-100.0
 31
0.0
  0
INSERT
  5
1EC
330
1E7
100
AcDbEntity
  8
COTA
 62
4
100
AcDbBlockReference
  2
_OBLIQUE
 10
647.0
 20
-97.0
 30
0.0
 41
3.0
 42
3.0
 50
180.0
  0
INSERT
  5
1EE
330
1E7
100
AcDbEntity
  8
COTA
 62
4
100
AcDbBlockReference
  2
_OBLIQUE
 10
786.0
 20
-97.0
 30
0.0
 41
3.0
 42
3.0
  0
LINE
  5
1F0
330
1E7
100
AcDbEntity
  8
0
 62
4
100
AcDbLine
 10
647.0
 20
-97.0
 30
0.0
 11
786.0
 21
-97.0
 31
0.0
  0
MTEXT
  5
1F1
330
1E7
100
AcDbEntity
  8
COTA
 62
240
100
AcDbMText
 10
716.5
 20
-89.0
 30
0.0
 40
10.0
 71
5
  1
139
  0
POINT
  5
1F2
330
1E7
100
AcDbEntity
  8
Defpoints
100
AcDbPoint
 10
647.0
 20
-97.0
 30
0.0
  0
POINT
  5
1F3
330
1E7
100
AcDbEntity
  8
Defpoints
100
AcDbPoint
 10
647.0
 20
-60.0
 30
0.0
  0
POINT
  5
1F4
330
1E7
100
AcDbEntity
  8
Defpoints
100
AcDbPoint
 10
786.0
 20
-60.0
 30
0.0
  0
ENDBLK
  5
1E9
330
1E7
100
AcDbEntity
  8
0
100
AcDbBlockEnd
  0
BLOCK
  5
1F7
330
1F6
100
AcDbEntity
  8
0
100
AcDbBlockBegin
  2
*D14
 70
1
 10
0.0
 20
0.0
 30
0.0
  3
*D14
  1

  0
LINE
  5
1F9
330
1F6
100
AcDbEntity
  8
0
 62
4
100
AcDbLine
 10
786.0
 20
-63.0
 30
0.0
 11
786.0
 21
-100.0
 31
0.0
  0
LINE
  5
1FA
330
1F6
100
AcDbEntity
  8
0
 62
4
100
AcDbLine
 10
926.7
 20
-63.0
 30
0.0
 11
926.7
 21
-100.0
 31
0.0
  0
INSERT
  5
1FB
330
1F6
100
AcDbEntity
  8
COTA
 62
4
100
AcDbBlockReference
  2
_OBLIQUE
 10
786.0
 20
-97.0
 30
0.0
 41
3.0
 42
3.0
 50
180.0
  0
INSERT
  5
1FD
330
1F6
100
AcDbEntity
  8
COTA
 62
4
100
AcDbBlockReference
  2
_OBLIQUE
 10
926.7
 20
-97.0
 30
0.0
 41
3.0
 42
3.0
  0
LINE
  5
1FF
330
1F6
100
AcDbEntity
  8
0
 62
4
100
AcDbLine
 10
786.0
 20
-97.0
 30
0.0
 11
926.7
 21
-97.0
 31
0.0
  0
MTEXT
  5
200
330
1F6
100
AcDbEntity
  8
COTA
 62
240
100
AcDbMText
 10
856.35
 20
-89.0
 30
0.0
 40
10.0
 71
5
  1
140,7
  0
POINT
  5
201
330
1F6
100
AcDbEntity
  8
Defpoints
100
AcDbPoint
 10
786.0
 20
-97.0
 30
0.0
  0
POINT
  5
202
330
1F6
100
AcDbEntity
  8
Defpoints
100
AcDbPoint
 10
786.0
 20
-60.0
 30
0.0
  0
POINT
  5
203
330
1F6
100
AcDbEntity
  8
Defpoints
100
AcDbPoint
 10
926.7
 20
-60.0
 30
0.0
  0
ENDBLK
  5
1F8
330
1F6
100
AcDbEntity
  8
0
100
AcDbBlockEnd
  0
BLOCK
  5
206
330
205
100
AcDbEntity
  8
0
100
AcDbBlockBegin
  2
*D15
 70
1
 10
0.0
 20
0.0
 30
0.0
  3
*D15
  1

  0
LINE
  5
208
330
205
100
AcDbEntity
  8
0
 62
4
100
AcDbLine
 10
926.7
 20
-63.0
 30
0.0
 11
926.7
 21
-100.0
 31
0.0
  0
LINE
  5
209
330
205
100
AcDbEntity
  8
0
 62
4
100
AcDbLine
 10
1067.7
 20
-63.0
 30
0.0
 11
1067.7
 21
-100.0
 31
0.0
  0
INSERT
  5
20A
330
205
100
AcDbEntity
  8
COTA
 62
4
100
AcDbBlockReference
  2
_OBLIQUE
 10
926.7
 20
-97.0
 30
0.0
 41
3.0
 42
3.0
 50
180.0
  0
INSERT
  5
20C
330
205
100
AcDbEntity
  8
COTA
 62
4
100
AcDbBlockReference
  2
_OBLIQUE
 10
1067.7
 20
-97.0
 30
0.0
 41
3.0
 42
3.0
  0
LINE
  5
20E
330
205
100
AcDbEntity
  8
0
 62
4
100
AcDbLine
 10
926.7
 20
-97.0
 30
0.0
 11
1067.7
 21
-97.0
 31
0.0
  0
MTEXT
  5
20F
330
205
100
AcDbEntity
  8
COTA
 62
240
100
AcDbMText
 10
997.2
 20
-89.0
 30
0.0
 40
10.0
 71
5
  1
141
  0
POINT
  5
210
330
205
100
AcDbEntity
  8
Defpoints
100
AcDbPoint
 10
926.7
 20
-97.0
 30
0.0
  0
POINT
  5
211
330
205
100
AcDbEntity
  8
Defpoints
100
AcDbPoint
 10
926.7
 20
-60.0
 30
0.0
  0
POINT
  5
212
330
205
100
AcDbEntity
  8
Defpoints
100
AcDbPoint
 10
1067.7
 20
-60.0
 30
0.0
  0
ENDBLK
  5
207
330
205
100
AcDbEntity
  8
0
100
AcDbBlockEnd
  0
BLOCK
  5
215
330
214
100
AcDbEntity
  8
0
100
AcDbBlockBegin
  2
*D16
 70
1
 10
0.0
 20
0.0
 30
0.0
  3
*D16
  1

  0
LINE
  5
217
330
214
100
AcDbEntity
  8
0
 62
4
100
AcDbLine
 10
192.0
 20
-63.0
 30
0.0
 11
192.0
 21
-123.0
 31
0.0
  0
LINE
  5
218
330
214
100
AcDbEntity
  8
0
 62
4
100
AcDbLine
 10
1067.7
 20
-63.0
 30
0.0
 11
1067.7
 21
-123.0
 31
0.0
  0
INSERT
  5
219
330
214
100
AcDbEntity
  8
COTA
 62
4
100
AcDbBlockReference
  2
_OBLIQUE
 10
192.0
 20
-120.0
 30
0.0
 41
3.0
 42
3.0
 50
180.0
  0
INSERT
  5
21B
330
214
100
AcDbEntity
  8
COTA
 62
4
100
AcDbBlockReference
  2
_OBLIQUE
 10
1067.7
 20
-120.0
 30
0.0
 41
3.0
 42
3.0
  0
LINE
  5
21D
330
214
100
AcDbEntity
  8
0
 62
4
100
AcDbLine
 10
192.0
 20
-120.0
 30
0.0
 11
1067.7
 21
-120.0
 31
0.0
  0
MTEXT
  5
21E
330
214
100
AcDbEntity
  8
COTA
 62
240
100
AcDbMText
 10
629.85
 20
-112.0
 30
0.0
 40
10.0
 71
5
  1
875,7
  0
POINT
  5
21F
330
214
100
AcDbEntity
  8
Defpoints
100
AcDbPoint
 10
192.0
 20
-120.0
 30
0.0
  0
POINT
  5
220
330
214
100
AcDbEntity
  8
Defpoints
100
AcDbPoint
 10
192.0
 20
-60.0
 30
0.0
  0
POINT
  5
221
330
214
100
AcDbEntity
  8
Defpoints
100
AcDbPoint
 10
1067.7
 20
-60.0
 30
0.0
  0
ENDBLK
  5
216
330
214
100
AcDbEntity
  8
0
100
AcDbBlockEnd
  0
BLOCK
  5
224
330
223
100
AcDbEntity
  8
0
100
AcDbBlockBegin
  2
*D17
 70
1
 10
0.0
 20
0.0
 30
0.0
  3
*D17
  1

  0
LINE
  5
226
330
223
100
AcDbEntity
  8
0
 62
4
100
AcDbLine
 10
189.0
 20
-67.0
 30
0.0
 11
161.0
 21
-67.0
 31
0.0
  0
LINE
  5
227
330
223
100
AcDbEntity
  8
0
 62
4
100
AcDbLine
 10
189.0
 20
-60.0
 30
0.0
 11
161.0
 21
-60.0
 31
0.0
  0
INSERT
  5
228
330
223
100
AcDbEntity
  8
COTA
 62
4
100
AcDbBlockReference
  2
_OBLIQUE
 10
164.0
 20
-67.0
 30
0.0
 41
3.0
 42
3.0
 50
90.0
  0
INSERT
  5
22A
330
223
100
AcDbEntity
  8
COTA
 62
4
100
AcDbBlockReference
  2
_OBLIQUE
 10
164.0
 20
-60.0
 30
0.0
 41
3.0
 42
3.0
 50
270.0
  0
LINE
  5
22C
330
223
100
AcDbEntity
  8
0
 62
4
100
AcDbLine
 10
164.0
 20
-67.0
 30
0.0
 11
164.0
 21
-60.0
 31
0.0
  0
MTEXT
  5
22D
330
223
100
AcDbEntity
  8
COTA
 62
240
100
AcDbMText
 10
153.0
 20
-63.5
 30
0.0
 40
10.0
 71
5
  1
7
 50
90.0
  0
POINT
  5
22E
330
223
100
AcDbEntity
  8
Defpoints
100
AcDbPoint
 10
164.0
 20
-67.0
 30
0.0
  0
POINT
  5
22F
330
223
100
AcDbEntity
  8
Defpoints
100
AcDbPoint
 10
192.0
 20
-67.0
 30
0.0
  0
POINT
  5
230
330
223
100
AcDbEntity
  8
Defpoints
100
AcDbPoint
 10
192.0
 20
-60.0
 30
0.0
  0
ENDBLK
  5
225
330
223
100
AcDbEntity
  8
0
100
AcDbBlockEnd
  0
BLOCK
  5
233
330
232
100
AcDbEntity
  8
0
100
AcDbBlockBegin
  2
*D18
 70
1
 10
0.0
 20
0.0
 30
0.0
  3
*D18
  1

  0
LINE
  5
235
330
232
100
AcDbEntity
  8
0
 62
4
100
AcDbLine
 10
189.0
 20
-60.0
 30
0.0
 11
161.0
 21
-60.0
 31
0.0
  0
LINE
  5
236
330
232
100
AcDbEntity
  8
0
 62
4
100
AcDbLine
 10
189.0
 20
0.0
 30
0.0
 11
161.0
 21
0.0
 31
0.0
  0
INSERT
  5
237
330
232
100
AcDbEntity
  8
COTA
 62
4
100
AcDbBlockReference
  2
_OBLIQUE
 10
164.0
 20
-60.0
 30
0.0
 41
3.0
 42
3.0
 50
270.0
  0
INSERT
  5
239
330
232
100
AcDbEntity
  8
COTA
 62
4
100
AcDbBlockReference
  2
_OBLIQUE
 10
164.0
 20
0.0
 30
0.0
 41
3.0
 42
3.0
 50
90.0
  0
LINE
  5
23B
330
232
100
AcDbEntity
  8
0
 62
4
100
AcDbLine
 10
164.0
 20
-60.0
 30
0.0
 11
164.0
 21
0.0
 31
0.0
  0
MTEXT
  5
23C
330
232
100
AcDbEntity
  8
COTA
 62
240
100
AcDbMText
 10
156.0
 20
-30.0
 30
0.0
 40
10.0
 71
5
  1
60
 50
90.0
  0
POINT
  5
23D
330
232
100
AcDbEntity
  8
Defpoints
100
AcDbPoint
 10
164.0
 20
-60.0
 30
0.0
  0
POINT
  5
23E
330
232
100
AcDbEntity
  8
Defpoints
100
AcDbPoint
 10
192.0
 20
-60.0
 30
0.0
  0
POINT
  5
23F
330
232
100
AcDbEntity
  8
Defpoints
100
AcDbPoint
 10
192.0
 20
0.0
 30
0.0
  0
ENDBLK
  5
234
330
232
100
AcDbEntity
  8
0
100
AcDbBlockEnd
  0
BLOCK
  5
242
330
241
100
AcDbEntity
  8
0
100
AcDbBlockBegin
  2
*D19
 70
1
 10
0.0
 20
0.0
 30
0.0
  3
*D19
  1

  0
LINE
  5
244
330
241
100
AcDbEntity
  8
0
 62
4
100
AcDbLine
 10
189.0
 20
0.0
 30
0.0
 11
161.0
 21
0.0
 31
0.0
  0
LINE
  5
245
330
241
100
AcDbEntity
  8
0
 62
4
100
AcDbLine
 10
189.0
 20
7.0
 30
0.0
 11
161.0
 21
7.0
 31
0.0
  0
INSERT
  5
246
330
241
100
AcDbEntity
  8
COTA
 62
4
100
AcDbBlockReference
  2
_OBLIQUE
 10
164.0
 20
0.0
 30
0.0
 41
3.0
 42
3.0
 50
90.0
  0
INSERT
  5
248
330
241
100
AcDbEntity
  8
COTA
 62
4
100
AcDbBlockReference
  2
_OBLIQUE
 10
164.0
 20
7.0
 30
0.0
 41
3.0
 42
3.0
 50
270.0
  0
LINE
  5
24A
330
241
100
AcDbEntity
  8
0
 62
4
100
AcDbLine
 10
164.0
 20
0.0
 30
0.0
 11
164.0
 21
7.0
 31
0.0
  0
MTEXT
  5
24B
330
241
100
AcDbEntity
  8
COTA
 62
240
100
AcDbMText
 10
153.0
 20
3.5
 30
0.0
 40
10.0
 71
5
  1
7
 50
90.0
  0
POINT
  5
24C
330
241
100
AcDbEntity
  8
Defpoints
100
AcDbPoint
 10
164.0
 20
0.0
 30
0.0
  0
POINT
  5
24D
330
241
100
AcDbEntity
  8
Defpoints
100
AcDbPoint
 10
192.0
 20
0.0
 30
0.0
  0
POINT
  5
24E
330
241
100
AcDbEntity
  8
Defpoints
100
AcDbPoint
 10
192.0
 20
7.0
 30
0.0
  0
ENDBLK
  5
243
330
241
100
AcDbEntity
  8
0
100
AcDbBlockEnd
  0
BLOCK
  5
251
330
250
100
AcDbEntity
  8
0
100
AcDbBlockBegin
  2
*D20
 70
1
 10
0.0
 20
0.0
 30
0.0
  3
*D20
  1

  0
LINE
  5
253
330
250
100
AcDbEntity
  8
0
 62
4
100
AcDbLine
 10
1070.7
 20
-67.0
 30
0.0
 11
1098.7
 21
-67.0
 31
0.0
  0
LINE
  5
254
330
250
100
AcDbEntity
  8
0
 62
4
100
AcDbLine
 10
1070.7
 20
7.0
 30
0.0
 11
1098.7
 21
7.0
 31
0.0
  0
INSERT
  5
255
330
250
100
AcDbEntity
  8
COTA
 62
4
100
AcDbBlockReference
  2
_OBLIQUE
 10
1095.7
 20
-67.0
 30
0.0
 41
3.0
 42
3.0
 50
270.0
  0
INSERT
  5
257
330
250
100
AcDbEntity
  8
COTA
 62
4
100
AcDbBlockReference
  2
_OBLIQUE
 10
1095.7
 20
7.0
 30
0.0
 41
3.0
 42
3.0
 50
90.0
  0
LINE
  5
259
330
250
100
AcDbEntity
  8
0
 62
4
100
AcDbLine
 10
1095.7
 20
-67.0
 30
0.0
 11
1095.7
 21
7.0
 31
0.0
  0
MTEXT
  5
25A
330
250
100
AcDbEntity
  8
COTA
 62
240
100
AcDbMText
 10
1087.7
 20
-30.0
 30
0.0
 40
10.0
 71
5
  1
74
 50
90.0
  0
POINT
  5
25B
330
250
100
AcDbEntity
  8
Defpoints
100
AcDbPoint
 10
1095.7
 20
-67.0
 30
0.0
  0
POINT
  5
25C
330
250
100
AcDbEntity
  8
Defpoints
100
AcDbPoint
 10
1067.7
 20
-67.0
 30
0.0
  0
POINT
  5
25D
330
250
100
AcDbEntity
  8
Defpoints
100
AcDbPoint
 10
1067.7
 20
7.0
 30
0.0
  0
ENDBLK
  5
252
330
250
100
AcDbEntity
  8
0
100
AcDbBlockEnd
  0
BLOCK
  5
30D
330
30C
100
AcDbEntity
  8
0
100
AcDbBlockBegin
  2
*D21
 70
1
 10
0.0
 20
0.0
 30
0.0
  3
*D21
  1

  0
LINE
  5
30F
330
30C
100
AcDbEntity
  8
0
 62
4
100
AcDbLine
 10
1117.7
 20
-49.0
 30
0.0
 11
1117.7
 21
-86.0
 31
0.0
  0
LINE
  5
310
330
30C
100
AcDbEntity
  8
0
 62
4
100
AcDbLine
 10
1162.7
 20
-49.0
 30
0.0
 11
1162.7
 21
-86.0
 31
0.0
  0
INSERT
  5
311
330
30C
100
AcDbEntity
  8
COTA
 62
4
100
AcDbBlockReference
  2
_OBLIQUE
 10
1117.7
 20
-83.0
 30
0.0
 41
3.0
 42
3.0
 50
180.0
  0
INSERT
  5
313
330
30C
100
AcDbEntity
  8
COTA
 62
4
100
AcDbBlockReference
  2
_OBLIQUE
 10
1162.7
 20
-83.0
 30
0.0
 41
3.0
 42
3.0
  0
LINE
  5
315
330
30C
100
AcDbEntity
  8
0
 62
4
100
AcDbLine
 10
1117.7
 20
-83.0
 30
0.0
 11
1162.7
 21
-83.0
 31
0.0
  0
MTEXT
  5
316
330
30C
100
AcDbEntity
  8
COTA
 62
240
100
AcDbMText
 10
1140.2
 20
-75.0
 30
0.0
 40
10.0
 71
5
  1
45
  0
POINT
  5
317
330
30C
100
AcDbEntity
  8
Defpoints
100
AcDbPoint
 10
1117.7
 20
-83.0
 30
0.0
  0
POINT
  5
318
330
30C
100
AcDbEntity
  8
Defpoints
100
AcDbPoint
 10
1117.7
 20
-46.0
 30
0.0
  0
POINT
  5
319
330
30C
100
AcDbEntity
  8
Defpoints
100
AcDbPoint
 10
1162.7
 20
-46.0
 30
0.0
  0
ENDBLK
  5
30E
330
30C
100
AcDbEntity
  8
0
100
AcDbBlockEnd
  0
BLOCK
  5
31C
330
31B
100
AcDbEntity
  8
0
100
AcDbBlockBegin
  2
*D22
 70
1
 10
0.0
 20
0.0
 30
0.0
  3
*D22
  1

  0
LINE
  5
31E
330
31B
100
AcDbEntity
  8
0
 62
4
100
AcDbLine
 10
1162.7
 20
-49.0
 30
0.0
 11
1162.7
 21
-86.0
 31
0.0
  0
LINE
  5
31F
330
31B
100
AcDbEntity
  8
0
 62
4
100
AcDbLine
 10
1227.7
 20
-49.0
 30
0.0
 11
1227.7
 21
-86.0
 31
0.0
  0
INSERT
  5
320
330
31B
100
AcDbEntity
  8
COTA
 62
4
100
AcDbBlockReference
  2
_OBLIQUE
 10
1162.7
 20
-83.0
 30
0.0
 41
3.0
 42
3.0
 50
180.0
  0
INSERT
  5
322
330
31B
100
AcDbEntity
  8
COTA
 62
4
100
AcDbBlockReference
  2
_OBLIQUE
 10
1227.7
 20
-83.0
 30
0.0
 41
3.0
 42
3.0
  0
LINE
  5
324
330
31B
100
AcDbEntity
  8
0
 62
4
100
AcDbLine
 10
1162.7
 20
-83.0
 30
0.0
 11
1227.7
 21
-83.0
 31
0.0
  0
MTEXT
  5
325
330
31B
100
AcDbEntity
  8
COTA
 62
240
100
AcDbMText
 10
1195.2
 20
-75.0
 30
0.0
 40
10.0
 71
5
  1
65
  0
POINT
  5
326
330
31B
100
AcDbEntity
  8
Defpoints
100
AcDbPoint
 10
1162.7
 20
-83.0
 30
0.0
  0
POINT
  5
327
330
31B
100
AcDbEntity
  8
Defpoints
100
AcDbPoint
 10
1162.7
 20
-46.0
 30
0.0
  0
POINT
  5
328
330
31B
100
AcDbEntity
  8
Defpoints
100
AcDbPoint
 10
1227.7
 20
-46.0
 30
0.0
  0
ENDBLK
  5
31D
330
31B
100
AcDbEntity
  8
0
100
AcDbBlockEnd
  0
BLOCK
  5
32B
330
32A
100
AcDbEntity
  8
0
100
AcDbBlockBegin
  2
*D23
 70
1
 10
0.0
 20
0.0
 30
0.0
  3
*D23
  1

  0
LINE
  5
32D
330
32A
100
AcDbEntity
  8
0
 62
4
100
AcDbLine
 10
1227.7
 20
-49.0
 30
0.0
 11
1227.7
 21
-86.0
 31
0.0
  0
LINE
  5
32E
330
32A
100
AcDbEntity
  8
0
 62
4
100
AcDbLine
 10
1296.7
 20
-49.0
 30
0.0
 11
1296.7
 21
-86.0
 31
0.0
  0
INSERT
  5
32F
330
32A
100
AcDbEntity
  8
COTA
 62
4
100
AcDbBlockReference
  2
_OBLIQUE
 10
1227.7
 20
-83.0
 30
0.0
 41
3.0
 42
3.0
 50
180.0
  0
INSERT
  5
331
330
32A
100
AcDbEntity
  8
COTA
 62
4
100
AcDbBlockReference
  2
_OBLIQUE
 10
1296.7
 20
-83.0
 30
0.0
 41
3.0
 42
3.0
  0
LINE
  5
333
330
32A
100
AcDbEntity
  8
0
 62
4
100
AcDbLine
 10
1227.7
 20
-83.0
 30
0.0
 11
1296.7
 21
-83.0
 31
0.0
  0
MTEXT
  5
334
330
32A
100
AcDbEntity
  8
COTA
 62
240
100
AcDbMText
 10
1262.2
 20
-75.0
 30
0.0
 40
10.0
 71
5
  1
69
  0
POINT
  5
335
330
32A
100
AcDbEntity
  8
Defpoints
100
AcDbPoint
 10
1227.7
 20
-83.0
 30
0.0
  0
POINT
  5
336
330
32A
100
AcDbEntity
  8
Defpoints
100
AcDbPoint
 10
1227.7
 20
-46.0
 30
0.0
  0
POINT
  5
337
330
32A
100
AcDbEntity
  8
Defpoints
100
AcDbPoint
 10
1296.7
 20
-46.0
 30
0.0
  0
ENDBLK
  5
32C
330
32A
100
AcDbEntity
  8
0
100
AcDbBlockEnd
  0
BLOCK
  5
33A
330
339
100
AcDbEntity
  8
0
100
AcDbBlockBegin
  2
*D24
 70
1
 10
0.0
 20
0.0
 30
0.0
  3
*D24
  1

  0
LINE
  5
33C
330
339
100
AcDbEntity
  8
0
 62
4
100
AcDbLine
 10
1296.7
 20
-49.0
 30
0.0
 11
1296.7
 21
-86.0
 31
0.0
  0
LINE
  5
33D
330
339
100
AcDbEntity
  8
0
 62
4
100
AcDbLine
 10
1372.7
 20
-49.0
 30
0.0
 11
1372.7
 21
-86.0
 31
0.0
  0
INSERT
  5
33E
330
339
100
AcDbEntity
  8
COTA
 62
4
100
AcDbBlockReference
  2
_OBLIQUE
 10
1296.7
 20
-83.0
 30
0.0
 41
3.0
 42
3.0
 50
180.0
  0
INSERT
  5
340
330
339
100
AcDbEntity
  8
COTA
 62
4
100
AcDbBlockReference
  2
_OBLIQUE
 10
1372.7
 20
-83.0
 30
0.0
 41
3.0
 42
3.0
  0
LINE
  5
342
330
339
100
AcDbEntity
  8
0
 62
4
100
AcDbLine
 10
1296.7
 20
-83.0
 30
0.0
 11
1372.7
 21
-83.0
 31
0.0
  0
MTEXT
  5
343
330
339
100
AcDbEntity
  8
COTA
 62
240
100
AcDbMText
 10
1334.7
 20
-75.0
 30
0.0
 40
10.0
 71
5
  1
76
  0
POINT
  5
344
330
339
100
AcDbEntity
  8
Defpoints
100
AcDbPoint
 10
1296.7
 20
-83.0
 30
0.0
  0
POINT
  5
345
330
339
100
AcDbEntity
  8
Defpoints
100
AcDbPoint
 10
1296.7
 20
-46.0
 30
0.0
  0
POINT
  5
346
330
339
100
AcDbEntity
  8
Defpoints
100
AcDbPoint
 10
1372.7
 20
-46.0
 30
0.0
  0
ENDBLK
  5
33B
330
339
100
AcDbEntity
  8
0
100
AcDbBlockEnd
  0
BLOCK
  5
349
330
348
100
AcDbEntity
  8
0
100
AcDbBlockBegin
  2
*D25
 70
1
 10
0.0
 20
0.0
 30
0.0
  3
*D25
  1

  0
LINE
  5
34B
330
348
100
AcDbEntity
  8
0
 62
4
100
AcDbLine
 10
1372.7
 20
-49.0
 30
0.0
 11
1372.7
 21
-86.0
 31
0.0
  0
LINE
  5
34C
330
348
100
AcDbEntity
  8
0
 62
4
100
AcDbLine
 10
1462.7
 20
-49.0
 30
0.0
 11
1462.7
 21
-86.0
 31
0.0
  0
INSERT
  5
34D
330
348
100
AcDbEntity
  8
COTA
 62
4
100
AcDbBlockReference
  2
_OBLIQUE
 10
1372.7
 20
-83.0
 30
0.0
 41
3.0
 42
3.0
 50
180.0
  0
INSERT
  5
34F
330
348
100
AcDbEntity
  8
COTA
 62
4
100
AcDbBlockReference
  2
_OBLIQUE
 10
1462.7
 20
-83.0
 30
0.0
 41
3.0
 42
3.0
  0
LINE
  5
351
330
348
100
AcDbEntity
  8
0
 62
4
100
AcDbLine
 10
1372.7
 20
-83.0
 30
0.0
 11
1462.7
 21
-83.0
 31
0.0
  0
MTEXT
  5
352
330
348
100
AcDbEntity
  8
COTA
 62
240
100
AcDbMText
 10
1417.7
 20
-75.0
 30
0.0
 40
10.0
 71
5
  1
90
  0
POINT
  5
353
330
348
100
AcDbEntity
  8
Defpoints
100
AcDbPoint
 10
1372.7
 20
-83.0
 30
0.0
  0
POINT
  5
354
330
348
100
AcDbEntity
  8
Defpoints
100
AcDbPoint
 10
1372.7
 20
-46.0
 30
0.0
  0
POINT
  5
355
330
348
100
AcDbEntity
  8
Defpoints
100
AcDbPoint
 10
1462.7
 20
-46.0
 30
0.0
  0
ENDBLK
  5
34A
330
348
100
AcDbEntity
  8
0
100
AcDbBlockEnd
  0
BLOCK
  5
358
330
357
100
AcDbEntity
  8
0
100
AcDbBlockBegin
  2
*D26
 70
1
 10
0.0
 20
0.0
 30
0.0
  3
*D26
  1

  0
LINE
  5
35A
330
357
100
AcDbEntity
  8
0
 62
4
100
AcDbLine
 10
1462.7
 20
-49.0
 30
0.0
 11
1462.7
 21
-86.0
 31
0.0
  0
LINE
  5
35B
330
357
100
AcDbEntity
  8
0
 62
4
100
AcDbLine
 10
1572.7
 20
-49.0
 30
0.0
 11
1572.7
 21
-86.0
 31
0.0
  0
INSERT
  5
35C
330
357
100
AcDbEntity
  8
COTA
 62
4
100
AcDbBlockReference
  2
_OBLIQUE
 10
1462.7
 20
-83.0
 30
0.0
 41
3.0
 42
3.0
 50
180.0
  0
INSERT
  5
35E
330
357
100
AcDbEntity
  8
COTA
 62
4
100
AcDbBlockReference
  2
_OBLIQUE
 10
1572.7
 20
-83.0
 30
0.0
 41
3.0
 42
3.0
  0
LINE
  5
360
330
357
100
AcDbEntity
  8
0
 62
4
100
AcDbLine
 10
1462.7
 20
-83.0
 30
0.0
 11
1572.7
 21
-83.0
 31
0.0
  0
MTEXT
  5
361
330
357
100
AcDbEntity
  8
COTA
 62
240
100
AcDbMText
 10
1517.7
 20
-75.0
 30
0.0
 40
10.0
 71
5
  1
110
  0
POINT
  5
362
330
357
100
AcDbEntity
  8
Defpoints
100
AcDbPoint
 10
1462.7
 20
-83.0
 30
0.0
  0
POINT
  5
363
330
357
100
AcDbEntity
  8
Defpoints
100
AcDbPoint
 10
1462.7
 20
-46.0
 30
0.0
  0
POINT
  5
364
330
357
100
AcDbEntity
  8
Defpoints
100
AcDbPoint
 10
1572.7
 20
-46.0
 30
0.0
  0
ENDBLK
  5
359
330
357
100
AcDbEntity
  8
0
100
AcDbBlockEnd
  0
BLOCK
  5
367
330
366
100
AcDbEntity
  8
0
100
AcDbBlockBegin
  2
*D27
 70
1
 10
0.0
 20
0.0
 30
0.0
  3
*D27
  1

  0
LINE
  5
369
330
366
100
AcDbEntity
  8
0
 62
4
100
AcDbLine
 10
1572.7
 20
-49.0
 30
0.0
 11
1572.7
 21
-86.0
 31
0.0
  0
LINE
  5
36A
330
366
100
AcDbEntity
  8
0
 62
4
100
AcDbLine
 10
1711.7
 20
-49.0
 30
0.0
 11
1711.7
 21
-86.0
 31
0.0
  0
INSERT
  5
36B
330
366
100
AcDbEntity
  8
COTA
 62
4
100
AcDbBlockReference
  2
_OBLIQUE
 10
1572.7
 20
-83.0
 30
0.0
 41
3.0
 42
3.0
 50
180.0
  0
INSERT
  5
36D
330
366
100
AcDbEntity
  8
COTA
 62
4
100
AcDbBlockReference
  2
_OBLIQUE
 10
1711.7
 20
-83.0
 30
0.0
 41
3.0
 42
3.0
  0
LINE
  5
36F
330
366
100
AcDbEntity
  8
0
 62
4
100
AcDbLine
 10
1572.7
 20
-83.0
 30
0.0
 11
1711.7
 21
-83.0
 31
0.0
  0
MTEXT
  5
370
330
366
100
AcDbEntity
  8
COTA
 62
240
100
AcDbMText
 10
1642.2
 20
-75.0
 30
0.0
 40
10.0
 71
5
  1
139
  0
POINT
  5
371
330
366
100
AcDbEntity
  8
Defpoints
100
AcDbPoint
 10
1572.7
 20
-83.0
 30
0.0
  0
POINT
  5
372
330
366
100
AcDbEntity
  8
Defpoints
100
AcDbPoint
 10
1572.7
 20
-46.0
 30
0.0
  0
POINT
  5
373
330
366
100
AcDbEntity
  8
Defpoints
100
AcDbPoint
 10
1711.7
 20
-46.0
 30
0.0
  0
ENDBLK
  5
368
330
366
100
AcDbEntity
  8
0
100
AcDbBlockEnd
  0
BLOCK
  5
376
330
375
100
AcDbEntity
  8
0
100
AcDbBlockBegin
  2
*D28
 70
1
 10
0.0
 20
0.0
 30
0.0
  3
*D28
  1

  0
LINE
  5
378
330
375
100
AcDbEntity
  8
0
 62
4
100
AcDbLine
 10
1711.7
 20
-49.0
 30
0.0
 11
1711.7
 21
-86.0
 31
0.0
  0
LINE
  5
379
330
375
100
AcDbEntity
  8
0
 62
4
100
AcDbLine
 10
1852.4
 20
-49.0
 30
0.0
 11
1852.4
 21
-86.0
 31
0.0
  0
INSERT
  5
37A
330
375
100
AcDbEntity
  8
COTA
 62
4
100
AcDbBlockReference
  2
_OBLIQUE
 10
1711.7
 20
-83.0
 30
0.0
 41
3.0
 42
3.0
 50
180.0
  0
INSERT
  5
37C
330
375
100
AcDbEntity
  8
COTA
 62
4
100
AcDbBlockReference
  2
_OBLIQUE
 10
1852.4
 20
-83.0
 30
0.0
 41
3.0
 42
3.0
  0
LINE
  5
37E
330
375
100
AcDbEntity
  8
0
 62
4
100
AcDbLine
 10
1711.7
 20
-83.0
 30
0.0
 11
1852.4
 21
-83.0
 31
0.0
  0
MTEXT
  5
37F
330
375
100
AcDbEntity
  8
COTA
 62
240
100
AcDbMText
 10
1782.0500000000002
 20
-75.0
 30
0.0
 40
10.0
 71
5
  1
140,7
  0
POINT
  5
380
330
375
100
AcDbEntity
  8
Defpoints
100
AcDbPoint
 10
1711.7
 20
-83.0
 30
0.0
  0
POINT
  5
381
330
375
100
AcDbEntity
  8
Defpoints
100
AcDbPoint
 10
1711.7
 20
-46.0
 30
0.0
  0
POINT
  5
382
330
375
100
AcDbEntity
  8
Defpoints
100
AcDbPoint
 10
1852.4
 20
-46.0
 30
0.0
  0
ENDBLK
  5
377
330
375
100
AcDbEntity
  8
0
100
AcDbBlockEnd
  0
BLOCK
  5
385
330
384
100
AcDbEntity
  8
0
100
AcDbBlockBegin
  2
*D29
 70
1
 10
0.0
 20
0.0
 30
0.0
  3
*D29
  1

  0
LINE
  5
387
330
384
100
AcDbEntity
  8
0
 62
4
100
AcDbLine
 10
1852.4
 20
-49.0
 30
0.0
 11
1852.4
 21
-86.0
 31
0.0
  0
LINE
  5
388
330
384
100
AcDbEntity
  8
0
 62
4
100
AcDbLine
 10
1993.4
 20
-49.0
 30
0.0
 11
1993.4
 21
-86.0
 31
0.0
  0
INSERT
  5
389
330
384
100
AcDbEntity
  8
COTA
 62
4
100
AcDbBlockReference
  2
_OBLIQUE
 10
1852.4
 20
-83.0
 30
0.0
 41
3.0
 42
3.0
 50
180.0
  0
INSERT
  5
38B
330
384
100
AcDbEntity
  8
COTA
 62
4
100
AcDbBlockReference
  2
_OBLIQUE
 10
1993.4
 20
-83.0
 30
0.0
 41
3.0
 42
3.0
  0
LINE
  5
38D
330
384
100
AcDbEntity
  8
0
 62
4
100
AcDbLine
 10
1852.4
 20
-83.0
 30
0.0
 11
1993.4
 21
-83.0
 31
0.0
  0
MTEXT
  5
38E
330
384
100
AcDbEntity
  8
COTA
 62
240
100
AcDbMText
 10
1922.9
 20
-75.0
 30
0.0
 40
10.0
 71
5
  1
141
  0
POINT
  5
38F
330
384
100
AcDbEntity
  8
Defpoints
100
AcDbPoint
 10
1852.4
 20
-83.0
 30
0.0
  0
POINT
  5
390
330
384
100
AcDbEntity
  8
Defpoints
100
AcDbPoint
 10
1852.4
 20
-46.0
 30
0.0
  0
POINT
  5
391
330
384
100
AcDbEntity
  8
Defpoints
100
AcDbPoint
 10
1993.4
 20
-46.0
 30
0.0
  0
ENDBLK
  5
386
330
384
100
AcDbEntity
  8
0
100
AcDbBlockEnd
  0
BLOCK
  5
394
330
393
100
AcDbEntity
  8
0
100
AcDbBlockBegin
  2
*D30
 70
1
 10
0.0
 20
0.0
 30
0.0
  3
*D30
  1

  0
LINE
  5
396
330
393
100
AcDbEntity
  8
0
 62
4
100
AcDbLine
 10
1117.7
 20
-49.0
 30
0.0
 11
1117.7
 21
-109.0
 31
0.0
  0
LINE
  5
397
330
393
100
AcDbEntity
  8
0
 62
4
100
AcDbLine
 10
1993.4
 20
-49.0
 30
0.0
 11
1993.4
 21
-109.0
 31
0.0
  0
INSERT
  5
398
330
393
100
AcDbEntity
  8
COTA
 62
4
100
AcDbBlockReference
  2
_OBLIQUE
 10
1117.7
 20
-106.0
 30
0.0
 41
3.0
 42
3.0
 50
180.0
  0
INSERT
  5
39A
330
393
100
AcDbEntity
  8
COTA
 62
4
100
AcDbBlockReference
  2
_OBLIQUE
 10
1993.4
 20
-106.0
 30
0.0
 41
3.0
 42
3.0
  0
LINE
  5
39C
330
393
100
AcDbEntity
  8
0
 62
4
100
AcDbLine
 10
1117.7
 20
-106.0
 30
0.0
 11
1993.4
 21
-106.0
 31
0.0
  0
MTEXT
  5
39D
330
393
100
AcDbEntity
  8
COTA
 62
240
100
AcDbMText
 10
1555.5500000000002
 20
-98.0
 30
0.0
 40
10.0
 71
5
  1
875,7
  0
POINT
  5
39E
330
393
100
AcDbEntity
  8
Defpoints
100
AcDbPoint
 10
1117.7
 20
-106.0
 30
0.0
  0
POINT
  5
39F
330
393
100
AcDbEntity
  8
Defpoints
100
AcDbPoint
 10
1117.7
 20
-46.0
 30
0.0
  0
POINT
  5
3A0
330
393
100
AcDbEntity
  8
Defpoints
100
AcDbPoint
 10
1993.4
 20
-46.0
 30
0.0
  0
ENDBLK
  5
395
330
393
100
AcDbEntity
  8
0
100
AcDbBlockEnd
  0
BLOCK
  5
3A3
330
3A2
100
AcDbEntity
  8
0
100
AcDbBlockBegin
  2
*D31
 70
1
 10
0.0
 20
0.0
 30
0.0
  3
*D31
  1

  0
LINE
  5
3A5
330
3A2
100
AcDbEntity
  8
0
 62
4
100
AcDbLine
 10
1114.7
 20
-53.0
 30
0.0
 11
1086.7
 21
-53.0
 31
0.0
  0
LINE
  5
3A6
330
3A2
100
AcDbEntity
  8
0
 62
4
100
AcDbLine
 10
1114.7
 20
-46.0
 30
0.0
 11
1086.7
 21
-46.0
 31
0.0
  0
INSERT
  5
3A7
330
3A2
100
AcDbEntity
  8
COTA
 62
4
100
AcDbBlockReference
  2
_OBLIQUE
 10
1089.7
 20
-53.0
 30
0.0
 41
3.0
 42
3.0
 50
90.0
  0
INSERT
  5
3A9
330
3A2
100
AcDbEntity
  8
COTA
 62
4
100
AcDbBlockReference
  2
_OBLIQUE
 10
1089.7
 20
-46.0
 30
0.0
 41
3.0
 42
3.0
 50
270.0
  0
LINE
  5
3AB
330
3A2
100
AcDbEntity
  8
0
 62
4
100
AcDbLine
 10
1089.7
 20
-53.0
 30
0.0
 11
1089.7
 21
-46.0
 31
0.0
  0
MTEXT
  5
3AC
330
3A2
100
AcDbEntity
  8
COTA
 62
240
100
AcDbMText
 10
1078.7
 20
-49.5
 30
0.0
 40
10.0
 71
5
  1
7
 50
90.0
  0
POINT
  5
3AD
330
3A2
100
AcDbEntity
  8
Defpoints
100
AcDbPoint
 10
1089.7
 20
-53.0
 30
0.0
  0
POINT
  5
3AE
330
3A2
100
AcDbEntity
  8
Defpoints
100
AcDbPoint
 10
1117.7
 20
-53.0
 30
0.0
  0
POINT
  5
3AF
330
3A2
100
AcDbEntity
  8
Defpoints
100
AcDbPoint
 10
1117.7
 20
-46.0
 30
0.0
  0
ENDBLK
  5
3A4
330
3A2
100
AcDbEntity
  8
0
100
AcDbBlockEnd
  0
BLOCK
  5
3B2
330
3B1
100
AcDbEntity
  8
0
100
AcDbBlockBegin
  2
*D32
 70
1
 10
0.0
 20
0.0
 30
0.0
  3
*D32
  1

  0
LINE
  5
3B4
330
3B1
100
AcDbEntity
  8
0
 62
4
100
AcDbLine
 10
1114.7
 20
-46.0
 30
0.0
 11
1086.7
 21
-46.0
 31
0.0
  0
LINE
  5
3B5
330
3B1
100
AcDbEntity
  8
0
 62
4
100
AcDbLine
 10
1114.7
 20
0.0
 30
0.0
 11
1086.7
 21
0.0
 31
0.0
  0
INSERT
  5
3B6
330
3B1
100
AcDbEntity
  8
COTA
 62
4
100
AcDbBlockReference
  2
_OBLIQUE
 10
1089.7
 20
-46.0
 30
0.0
 41
3.0
 42
3.0
 50
270.0
  0
INSERT
  5
3B8
330
3B1
100
AcDbEntity
  8
COTA
 62
4
100
AcDbBlockReference
  2
_OBLIQUE
 10
1089.7
 20
0.0
 30
0.0
 41
3.0
 42
3.0
 50
90.0
  0
LINE
  5
3BA
330
3B1
100
AcDbEntity
  8
0
 62
4
100
AcDbLine
 10
1089.7
 20
-46.0
 30
0.0
 11
1089.7
 21
0.0
 31
0.0
  0
MTEXT
  5
3BB
330
3B1
100
AcDbEntity
  8
COTA
 62
240
100
AcDbMText
 10
1081.7
 20
-23.0
 30
0.0
 40
10.0
 71
5
  1
46
 50
90.0
  0
POINT
  5
3BC
330
3B1
100
AcDbEntity
  8
Defpoints
100
AcDbPoint
 10
1089.7
 20
-46.0
 30
0.0
  0
POINT
  5
3BD
330
3B1
100
AcDbEntity
  8
Defpoints
100
AcDbPoint
 10
1117.7
 20
-46.0
 30
0.0
  0
POINT
  5
3BE
330
3B1
100
AcDbEntity
  8
Defpoints
100
AcDbPoint
 10
1117.7
 20
0.0
 30
0.0
  0
ENDBLK
  5
3B3
330
3B1
100
AcDbEntity
  8
0
100
AcDbBlockEnd
  0
BLOCK
  5
3C1
330
3C0
100
AcDbEntity
  8
0
100
AcDbBlockBegin
  2
*D33
 70
1
 10
0.0
 20
0.0
 30
0.0
  3
*D33
  1

  0
LINE
  5
3C3
330
3C0
100
AcDbEntity
  8
0
 62
4
100
AcDbLine
 10
1114.7
 20
0.0
 30
0.0
 11
1086.7
 21
0.0
 31
0.0
  0
LINE
  5
3C4
330
3C0
100
AcDbEntity
  8
0
 62
4
100
AcDbLine
 10
1114.7
 20
7.0
 30
0.0
 11
1086.7
 21
7.0
 31
0.0
  0
INSERT
  5
3C5
330
3C0
100
AcDbEntity
  8
COTA
 62
4
100
AcDbBlockReference
  2
_OBLIQUE
 10
1089.7
 20
0.0
 30
0.0
 41
3.0
 42
3.0
 50
90.0
  0
INSERT
  5
3C7
330
3C0
100
AcDbEntity
  8
COTA
 62
4
100
AcDbBlockReference
  2
_OBLIQUE
 10
1089.7
 20
7.0
 30
0.0
 41
3.0
 42
3.0
 50
270.0
  0
LINE
  5
3C9
330
3C0
100
AcDbEntity
  8
0
 62
4
100
AcDbLine
 10
1089.7
 20
0.0
 30
0.0
 11
1089.7
 21
7.0
 31
0.0
  0
MTEXT
  5
3CA
330
3C0
100
AcDbEntity
  8
COTA
 62
240
100
AcDbMText
 10
1078.7
 20
3.5
 30
0.0
 40
10.0
 71
5
  1
7
 50
90.0
  0
POINT
  5
3CB
330
3C0
100
AcDbEntity
  8
Defpoints
100
AcDbPoint
 10
1089.7
 20
0.0
 30
0.0
  0
POINT
  5
3CC
330
3C0
100
AcDbEntity
  8
Defpoints
100
AcDbPoint
 10
1117.7
 20
0.0
 30
0.0
  0
POINT
  5
3CD
330
3C0
100
AcDbEntity
  8
Defpoints
100
AcDbPoint
 10
1117.7
 20
7.0
 30
0.0
  0
ENDBLK
  5
3C2
330
3C0
100
AcDbEntity
  8
0
100
AcDbBlockEnd
  0
BLOCK
  5
3D0
330
3CF
100
AcDbEntity
  8
0
100
AcDbBlockBegin
  2
*D34
 70
1
 10
0.0
 20
0.0
 30
0.0
  3
*D34
  1

  0
LINE
  5
3D2
330
3CF
100
AcDbEntity
  8
0
 62
4
100
AcDbLine
 10
1996.4
 20
-53.0
 30
0.0
 11
2024.4
 21
-53.0
 31
0.0
  0
LINE
  5
3D3
330
3CF
100
AcDbEntity
  8
0
 62
4
100
AcDbLine
 10
1996.4
 20
7.0
 30
0.0
 11
2024.4
 21
7.0
 31
0.0
  0
INSERT
  5
3D4
330
3CF
100
AcDbEntity
  8
COTA
 62
4
100
AcDbBlockReference
  2
_OBLIQUE
 10
2021.4
 20
-53.0
 30
0.0
 41
3.0
 42
3.0
 50
270.0
  0
INSERT
  5
3D6
330
3CF
100
AcDbEntity
  8
COTA
 62
4
100
AcDbBlockReference
  2
_OBLIQUE
 10
2021.4
 20
7.0
 30
0.0
 41
3.0
 42
3.0
 50
90.0
  0
LINE
  5
3D8
330
3CF
100
AcDbEntity
  8
0
 62
4
100
AcDbLine
 10
2021.4
 20
-53.0
 30
0.0
 11
2021.4
 21
7.0
 31
0.0
  0
MTEXT
  5
3D9
330
3CF
100
AcDbEntity
  8
COTA
 62
240
100
AcDbMText
 10
2013.4
 20
-23.0
 30
0.0
 40
10.0
 71
5
  1
60
 50
90.0
  0
POINT
  5
3DA
330
3CF
100
AcDbEntity
  8
Defpoints
100
AcDbPoint
 10
2021.4
 20
-53.0
 30
0.0
  0
POINT
  5
3DB
330
3CF
100
AcDbEntity
  8
Defpoints
100
AcDbPoint
 10
1993.4
 20
-53.0
 30
0.0
  0
POINT
  5
3DC
330
3CF
100
AcDbEntity
  8
Defpoints
100
AcDbPoint
 10
1993.4
 20
7.0
 30
0.0
  0
ENDBLK
  5
3D1
330
3CF
100
AcDbEntity
  8
0
100
AcDbBlockEnd
  0
ENDSEC
  0
SECTION
  2
ENTITIES
  0
LWPOLYLINE
  5
4F
330
17
100
AcDbEntity
  8
barrote
100
AcDbPolyline
 90
4
 70
1
 10
-23.0
 20
-80.0
 10
131.0
 20
-80.0
 10
131.0
 20
-60.0
 10
-23.0
 20
-60.0
  0
LWPOLYLINE
  5
50
330
17
100
AcDbEntity
  8
SCO-___-LAJ
100
AcDbPolyline
 90
4
 70
1
 10
-4.0
 20
-63.2
 10
122.0
 20
-63.2
 10
122.0
 20
-60.0
 10
-4.0
 20
-60.0
  0
LWPOLYLINE
  5
51
330
17
100
AcDbEntity
  8
Madeira
100
AcDbPolyline
 90
4
 70
1
 10
22.0
 20
-60.0
 10
36.0
 20
-60.0
 10
36.0
 20
4.0
 10
22.0
 20
4.0
  0
LWPOLYLINE
  5
52
330
17
100
AcDbEntity
  8
Madeira
100
AcDbPolyline
 90
4
 70
1
 10
82.0
 20
-60.0
 10
96.0
 20
-60.0
 10
96.0
 20
-24.0
 10
82.0
 20
-24.0
  0
LWPOLYLINE
  5
53
330
17
100
AcDbEntity
  8
Madeira
100
AcDbPolyline
 90
4
 70
1
 10
2.0
 20
-60.0
 10
22.0
 20
-60.0
 10
22.0
 20
-55.6
 10
2.0
 20
-55.6
  0
LWPOLYLINE
  5
54
330
17
100
AcDbEntity
  8
Madeira
100
AcDbPolyline
 90
4
 70
1
 10
96.0
 20
-60.0
 10
116.0
 20
-60.0
 10
116.0
 20
-55.6
 10
96.0
 20
-55.6
  0
LWPOLYLINE
  5
55
330
17
100
AcDbEntity
  8
Madeira
100
AcDbPolyline
 90
4
 70
1
 10
22.0
 20
-60.0
 10
36.0
 20
-60.0
 10
36.0
 20
-55.6
 10
22.0
 20
-55.6
  0
LWPOLYLINE
  5
56
330
17
100
AcDbEntity
  8
Madeira
100
AcDbPolyline
 90
4
 70
1
 10
22.0
 20
-0.40000000000000036
 10
36.0
 20
-0.40000000000000036
 10
36.0
 20
4.0
 10
22.0
 20
4.0
  0
LWPOLYLINE
  5
57
330
17
100
AcDbEntity
  8
Madeira
100
AcDbPolyline
 90
4
 70
1
 10
82.0
 20
-28.4
 10
96.0
 20
-28.4
 10
96.0
 20
-24.0
 10
82.0
 20
-24.0
  0
LWPOLYLINE
  5
58
330
17
100
AcDbEntity
  8
Madeira
100
AcDbPolyline
 90
4
 70
1
 10
40.0
 20
-60.0
 10
50.0
 20
-60.0
 10
50.0
 20
-55.6
 10
40.0
 20
-55.6
  0
LWPOLYLINE
  5
59
330
17
100
AcDbEntity
  8
Madeira
100
AcDbPolyline
 90
4
 70
1
 10
68.0
 20
-60.0
 10
78.0
 20
-60.0
 10
78.0
 20
-55.6
 10
68.0
 20
-55.6
  0
LWPOLYLINE
  5
5A
330
17
100
AcDbEntity
  8
Painéis
100
AcDbPolyline
 90
4
 70
1
 10
36.0
 20
-60.0
 10
40.0
 20
-60.0
 10
40.0
 20
4.0
 10
36.0
 20
4.0
  0
LWPOLYLINE
  5
5B
330
17
100
AcDbEntity
  8
Painéis
100
AcDbPolyline
 90
4
 70
1
 10
78.0
 20
-60.0
 10
82.0
 20
-60.0
 10
82.0
 20
-24.0
 10
78.0
 20
-24.0
  0
LWPOLYLINE
  5
5C
330
17
100
AcDbEntity
  8
Painéis
100
AcDbPolyline
 90
4
 70
1
 10
78.0
 20
-24.0
 10
92.0
 20
-24.0
 10
92.0
 20
-20.0
 10
78.0
 20
-20.0
  0
LWPOLYLINE
  5
5D
330
17
100
AcDbEntity
  8
Painéis
100
AcDbPolyline
 90
4
 70
1
 10
40.0
 20
-55.6
 10
78.0
 20
-55.6
 10
78.0
 20
-52.0
 10
40.0
 20
-52.0
  0
LWPOLYLINE
  5
5E
330
17
100
AcDbEntity
  8
CONCRETO
100
AcDbPolyline
 90
6
 70
1
 10
40.0
 20
-52.0
 10
40.0
 20
4.0
 10
92.0
 20
4.0
 10
92.0
 20
-20.0
 10
78.0
 20
-20.0
 10
78.0
 20
-52.0
  0
HATCH
  5
5F
330
17
100
AcDbEntity
  8
COTA
 62
7
100
AcDbHatch
 10
0.0
 20
0.0
 30
0.0
210
0.0
220
0.0
230
1.0
  2
ANSI31
 70
0
 71
0
 91
1
 92
3
 72
0
 73
1
 93
6
 10
40.0
 20
-52.0
 10
40.0
 20
4.0
 10
92.0
 20
4.0
 10
92.0
 20
-20.0
 10
78.0
 20
-20.0
 10
78.0
 20
-52.0
 97
0
 75
1
 76
1
 52
0.0
 41
0.4
 77
0
 78
1
 53
45.0
 43
0.0
 44
0.0
 45
-0.8980256121
 46
0.8980256121
 79
0
 98
0
  0
LINE
  5
60
330
17
100
AcDbEntity
  8
TENSOR
100
AcDbLine
 10
-3.0
 20
-10.0
 30
0.0
 11
90.0
 21
-10.0
 31
0.0
  0
LINE
  5
61
330
17
100
AcDbEntity
  8
0
100
AcDbLine
 10
2.0
 20
-4.0
 30
0.0
 11
32.0
 21
-4.0
 31
0.0
  0
LINE
  5
62
330
17
100
AcDbEntity
  8
0
100
AcDbLine
 10
2.0
 20
-16.0
 30
0.0
 11
32.0
 21
-16.0
 31
0.0
  0
LINE
  5
63
330
17
100
AcDbEntity
  8
0
100
AcDbLine
 10
2.0
 20
-4.0
 30
0.0
 11
2.0
 21
-16.0
 31
0.0
  0
LINE
  5
64
330
17
100
AcDbEntity
  8
0
100
AcDbLine
 10
2.0
 20
-11.0
 30
0.0
 11
32.0
 21
-11.0
 31
0.0
  0
LINE
  5
65
330
17
100
AcDbEntity
  8
0
100
AcDbLine
 10
2.0
 20
-9.0
 30
0.0
 11
32.0
 21
-9.0
 31
0.0
  0
LINE
  5
66
330
17
100
AcDbEntity
  8
0
100
AcDbLine
 10
2.0
 20
-13.0
 30
0.0
 11
0.0
 21
-13.0
 31
0.0
  0
LINE
  5
67
330
17
100
AcDbEntity
  8
0
100
AcDbLine
 10
0.0
 20
-7.0
 30
0.0
 11
0.0
 21
-13.0
 31
0.0
  0
LINE
  5
68
330
17
100
AcDbEntity
  8
0
100
AcDbLine
 10
2.0
 20
-7.0
 30
0.0
 11
0.0
 21
-7.0
 31
0.0
  0
LINE
  5
69
330
17
100
AcDbEntity
  8
0
100
AcDbLine
 10
96.0
 20
-4.0
 30
0.0
 11
126.0
 21
-4.0
 31
0.0
  0
LINE
  5
6A
330
17
100
AcDbEntity
  8
0
100
AcDbLine
 10
96.0
 20
-16.0
 30
0.0
 11
126.0
 21
-16.0
 31
0.0
  0
LINE
  5
6B
330
17
100
AcDbEntity
  8
0
100
AcDbLine
 10
126.0
 20
-4.0
 30
0.0
 11
126.0
 21
-16.0
 31
0.0
  0
LINE
  5
6C
330
17
100
AcDbEntity
  8
0
100
AcDbLine
 10
96.0
 20
-11.0
 30
0.0
 11
126.0
 21
-11.0
 31
0.0
  0
LINE
  5
6D
330
17
100
AcDbEntity
  8
0
100
AcDbLine
 10
96.0
 20
-9.0
 30
0.0
 11
126.0
 21
-9.0
 31
0.0
  0
LINE
  5
6E
330
17
100
AcDbEntity
  8
0
100
AcDbLine
 10
126.0
 20
-13.0
 30
0.0
 11
128.0
 21
-13.0
 31
0.0
  0
LINE
  5
6F
330
17
100
AcDbEntity
  8
0
100
AcDbLine
 10
128.0
 20
-7.0
 30
0.0
 11
128.0
 21
-13.0
 31
0.0
  0
LINE
  5
70
330
17
100
AcDbEntity
  8
0
100
AcDbLine
 10
126.0
 20
-7.0
 30
0.0
 11
128.0
 21
-7.0
 31
0.0
  0
LINE
  5
71
330
17
100
AcDbEntity
  8
presilha
100
AcDbLine
 10
-16.0
 20
-73.0
 30
0.0
 11
-6.0
 21
-63.0
 31
0.0
  0
LINE
  5
72
330
17
100
AcDbEntity
  8
presilha
100
AcDbLine
 10
-16.0
 20
-63.0
 30
0.0
 11
-6.0
 21
-73.0
 31
0.0
  0
LINE
  5
73
330
17
100
AcDbEntity
  8
presilha
100
AcDbLine
 10
124.0
 20
-73.0
 30
0.0
 11
134.0
 21
-63.0
 31
0.0
  0
LINE
  5
74
330
17
100
AcDbEntity
  8
presilha
100
AcDbLine
 10
124.0
 20
-63.0
 30
0.0
 11
134.0
 21
-73.0
 31
0.0
  0
HATCH
  5
75
330
17
100
AcDbEntity
  8
Hachura
 62
7
100
AcDbHatch
 10
0.0
 20
0.0
 30
0.0
210
0.0
220
0.0
230
1.0
  2
ANSI31
 70
0
 71
0
 91
1
 92
3
 72
0
 73
1
 93
4
 10
22.0
 20
-60.0
 10
36.0
 20
-60.0
 10
36.0
 20
4.0
 10
22.0
 20
4.0
 97
0
 75
1
 76
1
 52
0.0
 41
0.5
 77
0
 78
1
 53
45.0
 43
0.0
 44
0.0
 45
-1.1225320152
 46
1.1225320152
 79
0
 98
0
  0
HATCH
  5
76
330
17
100
AcDbEntity
  8
Hachura
 62
7
100
AcDbHatch
 10
0.0
 20
0.0
 30
0.0
210
0.0
220
0.0
230
1.0
  2
ANSI31
 70
0
 71
0
 91
1
 92
3
 72
0
 73
1
 93
4
 10
82.0
 20
-60.0
 10
96.0
 20
-60.0
 10
96.0
 20
-24.0
 10
82.0
 20
-24.0
 97
0
 75
1
 76
1
 52
0.0
 41
0.5
 77
0
 78
1
 53
45.0
 43
0.0
 44
0.0
 45
-1.1225320152
 46
1.1225320152
 79
0
 98
0
  0
HATCH
  5
77
330
17
100
AcDbEntity
  8
Hachura
 62
7
100
AcDbHatch
 10
0.0
 20
0.0
 30
0.0
210
0.0
220
0.0
230
1.0
  2
ANSI31
 70
0
 71
0
 91
1
 92
3
 72
0
 73
1
 93
4
 10
2.0
 20
-60.0
 10
22.0
 20
-60.0
 10
22.0
 20
-55.6
 10
2.0
 20
-55.6
 97
0
 75
1
 76
1
 52
0.0
 41
0.5
 77
0
 78
1
 53
45.0
 43
0.0
 44
0.0
 45
-1.1225320152
 46
1.1225320152
 79
0
 98
0
  0
HATCH
  5
78
330
17
100
AcDbEntity
  8
Hachura
 62
7
100
AcDbHatch
 10
0.0
 20
0.0
 30
0.0
210
0.0
220
0.0
230
1.0
  2
ANSI31
 70
0
 71
0
 91
1
 92
3
 72
0
 73
1
 93
4
 10
96.0
 20
-60.0
 10
116.0
 20
-60.0
 10
116.0
 20
-55.6
 10
96.0
 20
-55.6
 97
0
 75
1
 76
1
 52
0.0
 41
0.5
 77
0
 78
1
 53
45.0
 43
0.0
 44
0.0
 45
-1.1225320152
 46
1.1225320152
 79
0
 98
0
  0
HATCH
  5
79
330
17
100
AcDbEntity
  8
Hachura
 62
7
100
AcDbHatch
 10
0.0
 20
0.0
 30
0.0
210
0.0
220
0.0
230
1.0
  2
ANSI31
 70
0
 71
0
 91
1
 92
3
 72
0
 73
1
 93
4
 10
22.0
 20
-0.40000000000000036
 10
36.0
 20
-0.40000000000000036
 10
36.0
 20
4.0
 10
22.0
 20
4.0
 97
0
 75
1
 76
1
 52
0.0
 41
0.5
 77
0
 78
1
 53
45.0
 43
0.0
 44
0.0
 45
-1.1225320152
 46
1.1225320152
 79
0
 98
0
  0
HATCH
  5
7A
330
17
100
AcDbEntity
  8
Hachura
 62
7
100
AcDbHatch
 10
0.0
 20
0.0
 30
0.0
210
0.0
220
0.0
230
1.0
  2
ANSI31
 70
0
 71
0
 91
1
 92
3
 72
0
 73
1
 93
4
 10
82.0
 20
-28.4
 10
96.0
 20
-28.4
 10
96.0
 20
-24.0
 10
82.0
 20
-24.0
 97
0
 75
1
 76
1
 52
0.0
 41
0.5
 77
0
 78
1
 53
45.0
 43
0.0
 44
0.0
 45
-1.1225320152
 46
1.1225320152
 79
0
 98
0
  0
HATCH
  5
7B
330
17
100
AcDbEntity
  8
Hachura
 62
7
100
AcDbHatch
 10
0.0
 20
0.0
 30
0.0
210
0.0
220
0.0
230
1.0
  2
ANSI31
 70
0
 71
0
 91
1
 92
3
 72
0
 73
1
 93
4
 10
40.0
 20
-60.0
 10
50.0
 20
-60.0
 10
50.0
 20
-55.6
 10
40.0
 20
-55.6
 97
0
 75
1
 76
1
 52
0.0
 41
0.5
 77
0
 78
1
 53
45.0
 43
0.0
 44
0.0
 45
-1.1225320152
 46
1.1225320152
 79
0
 98
0
  0
HATCH
  5
7C
330
17
100
AcDbEntity
  8
Hachura
 62
7
100
AcDbHatch
 10
0.0
 20
0.0
 30
0.0
210
0.0
220
0.0
230
1.0
  2
SOLID
 70
0
 71
0
 91
1
 92
3
 72
0
 73
1
 93
4
 10
36.0
 20
-60.0
 10
40.0
 20
-60.0
 10
40.0
 20
4.0
 10
36.0
 20
4.0
 97
0
 75
1
 76
1
 52
0.0
 41
1.0
 77
0
 78
1
 53
45.0
 43
0.0
 44
0.0
 45
-0.0883883476
 46
0.0883883476
 79
0
 98
0
  0
HATCH
  5
7D
330
17
100
AcDbEntity
  8
Hachura
 62
7
100
AcDbHatch
 10
0.0
 20
0.0
 30
0.0
210
0.0
220
0.0
230
1.0
  2
SOLID
 70
0
 71
0
 91
1
 92
3
 72
0
 73
1
 93
4
 10
78.0
 20
-60.0
 10
82.0
 20
-60.0
 10
82.0
 20
-24.0
 10
78.0
 20
-24.0
 97
0
 75
1
 76
1
 52
0.0
 41
1.0
 77
0
 78
1
 53
45.0
 43
0.0
 44
0.0
 45
-0.0883883476
 46
0.0883883476
 79
0
 98
0
  0
HATCH
  5
7E
330
17
100
AcDbEntity
  8
Hachura
 62
7
100
AcDbHatch
 10
0.0
 20
0.0
 30
0.0
210
0.0
220
0.0
230
1.0
  2
SOLID
 70
0
 71
0
 91
1
 92
3
 72
0
 73
1
 93
4
 10
78.0
 20
-24.0
 10
92.0
 20
-24.0
 10
92.0
 20
-20.0
 10
78.0
 20
-20.0
 97
0
 75
1
 76
1
 52
0.0
 41
1.0
 77
0
 78
1
 53
45.0
 43
0.0
 44
0.0
 45
-0.0883883476
 46
0.0883883476
 79
0
 98
0
  0
HATCH
  5
7F
330
17
100
AcDbEntity
  8
Hachura
 62
7
100
AcDbHatch
 10
0.0
 20
0.0
 30
0.0
210
0.0
220
0.0
230
1.0
  2
SOLID
 70
0
 71
0
 91
1
 92
3
 72
0
 73
1
 93
4
 10
40.0
 20
-55.6
 10
78.0
 20
-55.6
 10
78.0
 20
-52.0
 10
40.0
 20
-52.0
 97
0
 75
1
 76
1
 52
0.0
 41
1.0
 77
0
 78
1
 53
45.0
 43
0.0
 44
0.0
 45
-0.0883883476
 46
0.0883883476
 79
0
 98
0
  0
TEXT
  5
80
330
17
100
AcDbEntity
  8
detalhes
100
AcDbText
 10
25.0
 20
-32.7
 30
0.0
 40
9.6
  1
a
100
AcDbText
  0
TEXT
  5
81
330
17
100
AcDbEntity
  8
detalhes
100
AcDbText
 10
85.0
 20
-32.7
 30
0.0
 40
9.6
  1
b
100
AcDbText
  0
TEXT
  5
82
330
17
100
AcDbEntity
  8
detalhes
100
AcDbText
 10
50.0
 20
-49.5
 30
0.0
 40
9.6
  1
c
100
AcDbText
  0
TEXT
  5
83
330
17
100
AcDbEntity
  8
Texto Seção
100
AcDbText
 10
69.0
 20
4.0
 30
0.0
 40
13.0
  1
V5-V7-V24.A
100
AcDbText
  0
TEXT
  5
84
330
17
100
AcDbEntity
  8
Texto Seção
100
AcDbText
 10
44.0
 20
20.0
 30
0.0
 40
10.0
  1
V5-V7-V24 (14x56)
100
AcDbText
  0
DIMENSION
  5
85
330
17
100
AcDbEntity
  8
COTA
100
AcDbDimension
280
0
  2
*D1
  3
PAINEL
 10
-54.0
 20
-60.0
 30
0.0
 11
-62.0
 21
-28.0
 31
0.0
 70
32
 71
5
  1
<>
100
AcDbAlignedDimension
 13
2.0
 23
-60.0
 33
0.0
 14
22.0
 24
4.0
 34
0.0
 50
90.0
100
AcDbRotatedDimension
  0
DIMENSION
  5
94
330
17
100
AcDbEntity
  8
Cota Seção (2x)
100
AcDbDimension
280
0
  2
*D2
  3
SECAO2X
 10
72.0
 20
-52.0
 30
0.0
 11
61.0
 21
-24.0
 31
0.0
 70
32
 71
5
  1
<>
100
AcDbAlignedDimension
 13
40.0
 23
-52.0
 33
0.0
 14
40.0
 24
4.0
 34
0.0
 50
90.0
100
AcDbRotatedDimension
  0
DIMENSION
  5
A3
330
17
100
AcDbEntity
  8
COTA
100
AcDbDimension
280
0
  2
*D3
  3
PAINEL
 10
95.0
 20
-60.0
 30
0.0
 11
87.0
 21
-35.0
 31
0.0
 70
32
 71
5
  1
<>
100
AcDbAlignedDimension
 13
96.0
 23
-60.0
 33
0.0
 14
96.0
 24
-10.0
 34
0.0
 50
90.0
100
AcDbRotatedDimension
  0
DIMENSION
  5
B2
330
17
100
AcDbEntity
  8
COTA
100
AcDbDimension
280
0
  2
*D4
  3
PAINEL
 10
135.0
 20
-60.0
 30
0.0
 11
127.0
 21
-42.0
 31
0.0
 70
32
 71
5
  1
<>
100
AcDbAlignedDimension
 13
96.0
 23
-60.0
 33
0.0
 14
96.0
 24
-24.0
 34
0.0
 50
90.0
100
AcDbRotatedDimension
  0
DIMENSION
  5
C1
330
17
100
AcDbEntity
  8
COTA
100
AcDbDimension
280
0
  2
*D5
  3
PAINEL
 10
135.0
 20
-20.0
 30
0.0
 11
127.0
 21
-8.0
 31
0.0
 70
32
 71
5
  1
<>
100
AcDbAlignedDimension
 13
92.0
 23
-20.0
 33
0.0
 14
92.0
 24
4.0
 34
0.0
 50
90.0
100
AcDbRotatedDimension
  0
DIMENSION
  5
D0
330
17
100
AcDbEntity
  8
COTA
100
AcDbDimension
280
0
  2
*D6
  3
PAINEL
 10
40.0
 20
-105.0
 30
0.0
 11
59.0
 21
-97.0
 31
0.0
 70
32
 71
5
  1
<>
100
AcDbAlignedDimension
 13
40.0
 23
-60.0
 33
0.0
 14
78.0
 24
-60.0
 34
0.0
 50
0.0
100
AcDbRotatedDimension
  0
LWPOLYLINE
  5
DF
330
17
100
AcDbEntity
  8
SCO-___-LAJ
100
AcDbPolyline
 90
4
 70
1
 10
192.0
 20
-67.0
 10
237.0
 20
-67.0
 10
237.0
 20
-60.0
 10
192.0
 20
-60.0
  0
HATCH
  5
E0
330
17
100
AcDbEntity
  8
COTA
 62
7
100
AcDbHatch
 10
0.0
 20
0.0
 30
0.0
210
0.0
220
0.0
230
1.0
  2
ANSI31
 70
0
 71
0
 91
1
 92
3
 72
0
 73
1
 93
4
 10
192.0
 20
-67.0
 10
237.0
 20
-67.0
 10
237.0
 20
-60.0
 10
192.0
 20
-60.0
 97
0
 75
1
 76
1
 52
0.0
 41
0.5
 77
0
 78
1
 53
45.0
 43
0.0
 44
0.0
 45
-1.1225320152
 46
1.1225320152
 79
0
 98
0
  0
LWPOLYLINE
  5
E1
330
17
100
AcDbEntity
  8
SCO-___-LAJ
100
AcDbPolyline
 90
4
 70
1
 10
237.0
 20
-67.0
 10
302.0
 20
-67.0
 10
302.0
 20
-60.0
 10
237.0
 20
-60.0
  0
HATCH
  5
E2
330
17
100
AcDbEntity
  8
COTA
 62
7
100
AcDbHatch
 10
0.0
 20
0.0
 30
0.0
210
0.0
220
0.0
230
1.0
  2
ANSI31
 70
0
 71
0
 91
1
 92
3
 72
0
 73
1
 93
4
 10
237.0
 20
-67.0
 10
302.0
 20
-67.0
 10
302.0
 20
-60.0
 10
237.0
 20
-60.0
 97
0
 75
1
 76
1
 52
0.0
 41
0.5
 77
0
 78
1
 53
45.0
 43
0.0
 44
0.0
 45
-1.1225320152
 46
1.1225320152
 79
0
 98
0
  0
LWPOLYLINE
  5
E3
330
17
100
AcDbEntity
  8
SCO-___-LAJ
100
AcDbPolyline
 90
4
 70
1
 10
302.0
 20
-67.0
 10
371.0
 20
-67.0
 10
371.0
 20
-60.0
 10
302.0
 20
-60.0
  0
HATCH
  5
E4
330
17
100
AcDbEntity
  8
COTA
 62
7
100
AcDbHatch
 10
0.0
 20
0.0
 30
0.0
210
0.0
220
0.0
230
1.0
  2
ANSI31
 70
0
 71
0
 91
1
 92
3
 72
0
 73
1
 93
4
 10
302.0
 20
-67.0
 10
371.0
 20
-67.0
 10
371.0
 20
-60.0
 10
302.0
 20
-60.0
 97
0
 75
1
 76
1
 52
0.0
 41
0.5
 77
0
 78
1
 53
45.0
 43
0.0
 44
0.0
 45
-1.1225320152
 46
1.1225320152
 79
0
 98
0
  0
LWPOLYLINE
  5
E5
330
17
100
AcDbEntity
  8
SCO-___-LAJ
100
AcDbPolyline
 90
4
 70
1
 10
371.0
 20
-67.0
 10
447.0
 20
-67.0
 10
447.0
 20
-60.0
 10
371.0
 20
-60.0
  0
HATCH
  5
E6
330
17
100
AcDbEntity
  8
COTA
 62
7
100
AcDbHatch
 10
0.0
 20
0.0
 30
0.0
210
0.0
220
0.0
230
1.0
  2
ANSI31
 70
0
 71
0
 91
1
 92
3
 72
0
 73
1
 93
4
 10
371.0
 20
-67.0
 10
447.0
 20
-67.0
 10
447.0
 20
-60.0
 10
371.0
 20
-60.0
 97
0
 75
1
 76
1
 52
0.0
 41
0.5
 77
0
 78
1
 53
45.0
 43
0.0
 44
0.0
 45
-1.1225320152
 46
1.1225320152
 79
0
 98
0
  0
LWPOLYLINE
  5
E7
330
17
100
AcDbEntity
  8
SCO-___-LAJ
100
AcDbPolyline
 90
4
 70
1
 10
447.0
 20
-67.0
 10
537.0
 20
-67.0
 10
537.0
 20
-60.0
 10
447.0
 20
-60.0
  0
HATCH
  5
E8
330
17
100
AcDbEntity
  8
COTA
 62
7
100
AcDbHatch
 10
0.0
 20
0.0
 30
0.0
210
0.0
220
0.0
230
1.0
  2
ANSI31
 70
0
 71
0
 91
1
 92
3
 72
0
 73
1
 93
4
 10
447.0
 20
-67.0
 10
537.0
 20
-67.0
 10
537.0
 20
-60.0
 10
447.0
 20
-60.0
 97
0
 75
1
 76
1
 52
0.0
 41
0.5
 77
0
 78
1
 53
45.0
 43
0.0
 44
0.0
 45
-1.1225320152
 46
1.1225320152
 79
0
 98
0
  0
LWPOLYLINE
  5
E9
330
17
100
AcDbEntity
  8
SCO-___-LAJ
100
AcDbPolyline
 90
4
 70
1
 10
537.0
 20
-67.0
 10
647.0
 20
-67.0
 10
647.0
 20
-60.0
 10
537.0
 20
-60.0
  0
HATCH
  5
EA
330
17
100
AcDbEntity
  8
COTA
 62
7
100
AcDbHatch
 10
0.0
 20
0.0
 30
0.0
210
0.0
220
0.0
230
1.0
  2
ANSI31
 70
0
 71
0
 91
1
 92
3
 72
0
 73
1
 93
4
 10
537.0
 20
-67.0
 10
647.0
 20
-67.0
 10
647.0
 20
-60.0
 10
537.0
 20
-60.0
 97
0
 75
1
 76
1
 52
0.0
 41
0.5
 77
0
 78
1
 53
45.0
 43
0.0
 44
0.0
 45
-1.1225320152
 46
1.1225320152
 79
0
 98
0
  0
LWPOLYLINE
  5
EB
330
17
100
AcDbEntity
  8
SCO-___-LAJ
100
AcDbPolyline
 90
4
 70
1
 10
647.0
 20
-67.0
 10
786.0
 20
-67.0
 10
786.0
 20
-60.0
 10
647.0
 20
-60.0
  0
HATCH
  5
EC
330
17
100
AcDbEntity
  8
COTA
 62
7
100
AcDbHatch
 10
0.0
 20
0.0
 30
0.0
210
0.0
220
0.0
230
1.0
  2
ANSI31
 70
0
 71
0
 91
1
 92
3
 72
0
 73
1
 93
4
 10
647.0
 20
-67.0
 10
786.0
 20
-67.0
 10
786.0
 20
-60.0
 10
647.0
 20
-60.0
 97
0
 75
1
 76
1
 52
0.0
 41
0.5
 77
0
 78
1
 53
45.0
 43
0.0
 44
0.0
 45
-1.1225320152
 46
1.1225320152
 79
0
 98
0
  0
LWPOLYLINE
  5
ED
330
17
100
AcDbEntity
  8
SCO-___-LAJ
100
AcDbPolyline
 90
4
 70
1
 10
786.0
 20
-67.0
 10
926.7
 20
-67.0
 10
926.7
 20
-60.0
 10
786.0
 20
-60.0
  0
HATCH
  5
EE
330
17
100
AcDbEntity
  8
COTA
 62
7
100
AcDbHatch
 10
0.0
 20
0.0
 30
0.0
210
0.0
220
0.0
230
1.0
  2
ANSI31
 70
0
 71
0
 91
1
 92
3
 72
0
 73
1
 93
4
 10
786.0
 20
-67.0
 10
926.7
 20
-67.0
 10
926.7
 20
-60.0
 10
786.0
 20
-60.0
 97
0
 75
1
 76
1
 52
0.0
 41
0.5
 77
0
 78
1
 53
45.0
 43
0.0
 44
0.0
 45
-1.1225320152
 46
1.1225320152
 79
0
 98
0
  0
LWPOLYLINE
  5
EF
330
17
100
AcDbEntity
  8
SCO-___-LAJ
100
AcDbPolyline
 90
4
 70
1
 10
926.7
 20
-67.0
 10
1067.7
 20
-67.0
 10
1067.7
 20
-60.0
 10
926.7
 20
-60.0
  0
HATCH
  5
F0
330
17
100
AcDbEntity
  8
COTA
 62
7
100
AcDbHatch
 10
0.0
 20
0.0
 30
0.0
210
0.0
220
0.0
230
1.0
  2
ANSI31
 70
0
 71
0
 91
1
 92
3
 72
0
 73
1
 93
4
 10
926.7
 20
-67.0
 10
1067.7
 20
-67.0
 10
1067.7
 20
-60.0
 10
926.7
 20
-60.0
 97
0
 75
1
 76
1
 52
0.0
 41
0.5
 77
0
 78
1
 53
45.0
 43
0.0
 44
0.0
 45
-1.1225320152
 46
1.1225320152
 79
0
 98
0
  0
LWPOLYLINE
  5
F1
330
17
100
AcDbEntity
  8
SCO-___-LAJ
100
AcDbPolyline
 90
4
 70
1
 10
192.0
 20
0.0
 10
237.0
 20
0.0
 10
237.0
 20
7.0
 10
192.0
 20
7.0
  0
HATCH
  5
F2
330
17
100
AcDbEntity
  8
COTA
 62
7
100
AcDbHatch
 10
0.0
 20
0.0
 30
0.0
210
0.0
220
0.0
230
1.0
  2
ANSI31
 70
0
 71
0
 91
1
 92
3
 72
0
 73
1
 93
4
 10
192.0
 20
0.0
 10
237.0
 20
0.0
 10
237.0
 20
7.0
 10
192.0
 20
7.0
 97
0
 75
1
 76
1
 52
0.0
 41
0.5
 77
0
 78
1
 53
45.0
 43
0.0
 44
0.0
 45
-1.1225320152
 46
1.1225320152
 79
0
 98
0
  0
LWPOLYLINE
  5
F3
330
17
100
AcDbEntity
  8
SCO-___-LAJ
100
AcDbPolyline
 90
4
 70
1
 10
237.0
 20
0.0
 10
302.0
 20
0.0
 10
302.0
 20
7.0
 10
237.0
 20
7.0
  0
HATCH
  5
F4
330
17
100
AcDbEntity
  8
COTA
 62
7
100
AcDbHatch
 10
0.0
 20
0.0
 30
0.0
210
0.0
220
0.0
230
1.0
  2
ANSI31
 70
0
 71
0
 91
1
 92
3
 72
0
 73
1
 93
4
 10
237.0
 20
0.0
 10
302.0
 20
0.0
 10
302.0
 20
7.0
 10
237.0
 20
7.0
 97
0
 75
1
 76
1
 52
0.0
 41
0.5
 77
0
 78
1
 53
45.0
 43
0.0
 44
0.0
 45
-1.1225320152
 46
1.1225320152
 79
0
 98
0
  0
LWPOLYLINE
  5
F5
330
17
100
AcDbEntity
  8
SCO-___-LAJ
100
AcDbPolyline
 90
4
 70
1
 10
302.0
 20
0.0
 10
371.0
 20
0.0
 10
371.0
 20
7.0
 10
302.0
 20
7.0
  0
HATCH
  5
F6
330
17
100
AcDbEntity
  8
COTA
 62
7
100
AcDbHatch
 10
0.0
 20
0.0
 30
0.0
210
0.0
220
0.0
230
1.0
  2
ANSI31
 70
0
 71
0
 91
1
 92
3
 72
0
 73
1
 93
4
 10
302.0
 20
0.0
 10
371.0
 20
0.0
 10
371.0
 20
7.0
 10
302.0
 20
7.0
 97
0
 75
1
 76
1
 52
0.0
 41
0.5
 77
0
 78
1
 53
45.0
 43
0.0
 44
0.0
 45
-1.1225320152
 46
1.1225320152
 79
0
 98
0
  0
LWPOLYLINE
  5
F7
330
17
100
AcDbEntity
  8
SCO-___-LAJ
100
AcDbPolyline
 90
4
 70
1
 10
371.0
 20
0.0
 10
447.0
 20
0.0
 10
447.0
 20
7.0
 10
371.0
 20
7.0
  0
HATCH
  5
F8
330
17
100
AcDbEntity
  8
COTA
 62
7
100
AcDbHatch
 10
0.0
 20
0.0
 30
0.0
210
0.0
220
0.0
230
1.0
  2
ANSI31
 70
0
 71
0
 91
1
 92
3
 72
0
 73
1
 93
4
 10
371.0
 20
0.0
 10
447.0
 20
0.0
 10
447.0
 20
7.0
 10
371.0
 20
7.0
 97
0
 75
1
 76
1
 52
0.0
 41
0.5
 77
0
 78
1
 53
45.0
 43
0.0
 44
0.0
 45
-1.1225320152
 46
1.1225320152
 79
0
 98
0
  0
LWPOLYLINE
  5
F9
330
17
100
AcDbEntity
  8
SCO-___-LAJ
100
AcDbPolyline
 90
4
 70
1
 10
447.0
 20
0.0
 10
537.0
 20
0.0
 10
537.0
 20
7.0
 10
447.0
 20
7.0
  0
HATCH
  5
FA
330
17
100
AcDbEntity
  8
COTA
 62
7
100
AcDbHatch
 10
0.0
 20
0.0
 30
0.0
210
0.0
220
0.0
230
1.0
  2
ANSI31
 70
0
 71
0
 91
1
 92
3
 72
0
 73
1
 93
4
 10
447.0
 20
0.0
 10
537.0
 20
0.0
 10
537.0
 20
7.0
 10
447.0
 20
7.0
 97
0
 75
1
 76
1
 52
0.0
 41
0.5
 77
0
 78
1
 53
45.0
 43
0.0
 44
0.0
 45
-1.1225320152
 46
1.1225320152
 79
0
 98
0
  0
LWPOLYLINE
  5
FB
330
17
100
AcDbEntity
  8
SCO-___-LAJ
100
AcDbPolyline
 90
4
 70
1
 10
537.0
 20
0.0
 10
647.0
 20
0.0
 10
647.0
 20
7.0
 10
537.0
 20
7.0
  0
HATCH
  5
FC
330
17
100
AcDbEntity
  8
COTA
 62
7
100
AcDbHatch
 10
0.0
 20
0.0
 30
0.0
210
0.0
220
0.0
230
1.0
  2
ANSI31
 70
0
 71
0
 91
1
 92
3
 72
0
 73
1
 93
4
 10
537.0
 20
0.0
 10
647.0
 20
0.0
 10
647.0
 20
7.0
 10
537.0
 20
7.0
 97
0
 75
1
 76
1
 52
0.0
 41
0.5
 77
0
 78
1
 53
45.0
 43
0.0
 44
0.0
 45
-1.1225320152
 46
1.1225320152
 79
0
 98
0
  0
LWPOLYLINE
  5
FD
330
17
100
AcDbEntity
  8
SCO-___-LAJ
100
AcDbPolyline
 90
4
 70
1
 10
647.0
 20
0.0
 10
786.0
 20
0.0
 10
786.0
 20
7.0
 10
647.0
 20
7.0
  0
HATCH
  5
FE
330
17
100
AcDbEntity
  8
COTA
 62
7
100
AcDbHatch
 10
0.0
 20
0.0
 30
0.0
210
0.0
220
0.0
230
1.0
  2
ANSI31
 70
0
 71
0
 91
1
 92
3
 72
0
 73
1
 93
4
 10
647.0
 20
0.0
 10
786.0
 20
0.0
 10
786.0
 20
7.0
 10
647.0
 20
7.0
 97
0
 75
1
 76
1
 52
0.0
 41
0.5
 77
0
 78
1
 53
45.0
 43
0.0
 44
0.0
 45
-1.1225320152
 46
1.1225320152
 79
0
 98
0
  0
LWPOLYLINE
  5
FF
330
17
100
AcDbEntity
  8
SCO-___-LAJ
100
AcDbPolyline
 90
4
 70
1
 10
786.0
 20
0.0
 10
926.7
 20
0.0
 10
926.7
 20
7.0
 10
786.0
 20
7.0
  0
HATCH
  5
100
330
17
100
AcDbEntity
  8
COTA
 62
7
100
AcDbHatch
 10
0.0
 20
0.0
 30
0.0
210
0.0
220
0.0
230
1.0
  2
ANSI31
 70
0
 71
0
 91
1
 92
3
 72
0
 73
1
 93
4
 10
786.0
 20
0.0
 10
926.7
 20
0.0
 10
926.7
 20
7.0
 10
786.0
 20
7.0
 97
0
 75
1
 76
1
 52
0.0
 41
0.5
 77
0
 78
1
 53
45.0
 43
0.0
 44
0.0
 45
-1.1225320152
 46
1.1225320152
 79
0
 98
0
  0
LWPOLYLINE
  5
101
330
17
100
AcDbEntity
  8
SCO-___-LAJ
100
AcDbPolyline
 90
4
 70
1
 10
926.7
 20
0.0
 10
1067.7
 20
0.0
 10
1067.7
 20
7.0
 10
926.7
 20
7.0
  0
HATCH
  5
102
330
17
100
AcDbEntity
  8
COTA
 62
7
100
AcDbHatch
 10
0.0
 20
0.0
 30
0.0
210
0.0
220
0.0
230
1.0
  2
ANSI31
 70
0
 71
0
 91
1
 92
3
 72
0
 73
1
 93
4
 10
926.7
 20
0.0
 10
1067.7
 20
0.0
 10
1067.7
 20
7.0
 10
926.7
 20
7.0
 97
0
 75
1
 76
1
 52
0.0
 41
0.5
 77
0
 78
1
 53
45.0
 43
0.0
 44
0.0
 45
-1.1225320152
 46
1.1225320152
 79
0
 98
0
  0
LINE
  5
103
330
17
100
AcDbEntity
  8
Painéis
100
AcDbLine
 10
192.0
 20
-60.0
 30
0.0
 11
237.0
 21
-60.0
 31
0.0
  0
LINE
  5
104
330
17
100
AcDbEntity
  8
Painéis
100
AcDbLine
 10
192.0
 20
0.0
 30
0.0
 11
237.0
 21
0.0
 31
0.0
  0
LINE
  5
105
330
17
100
AcDbEntity
  8
Painéis
100
AcDbLine
 10
192.0
 20
-60.0
 30
0.0
 11
192.0
 21
0.0
 31
0.0
  0
LINE
  5
106
330
17
100
AcDbEntity
  8
Painéis
100
AcDbLine
 10
237.0
 20
-60.0
 30
0.0
 11
237.0
 21
0.0
 31
0.0
  0
LINE
  5
107
330
17
100
AcDbEntity
  8
Painéis
100
AcDbLine
 10
237.0
 20
-60.0
 30
0.0
 11
237.0
 21
0.0
 31
0.0
  0
LINE
  5
108
330
17
100
AcDbEntity
  8
Painéis
100
AcDbLine
 10
237.0
 20
-60.0
 30
0.0
 11
302.0
 21
-60.0
 31
0.0
  0
LINE
  5
109
330
17
100
AcDbEntity
  8
Painéis
100
AcDbLine
 10
237.0
 20
0.0
 30
0.0
 11
302.0
 21
0.0
 31
0.0
  0
LINE
  5
10A
330
17
100
AcDbEntity
  8
Painéis
100
AcDbLine
 10
237.0
 20
-60.0
 30
0.0
 11
237.0
 21
0.0
 31
0.0
  0
LINE
  5
10B
330
17
100
AcDbEntity
  8
Painéis
100
AcDbLine
 10
302.0
 20
-60.0
 30
0.0
 11
302.0
 21
0.0
 31
0.0
  0
LINE
  5
10C
330
17
100
AcDbEntity
  8
Painéis
100
AcDbLine
 10
302.0
 20
-60.0
 30
0.0
 11
302.0
 21
0.0
 31
0.0
  0
LINE
  5
10D
330
17
100
AcDbEntity
  8
Painéis
100
AcDbLine
 10
302.0
 20
-60.0
 30
0.0
 11
371.0
 21
-60.0
 31
0.0
  0
LINE
  5
10E
330
17
100
AcDbEntity
  8
Painéis
100
AcDbLine
 10
302.0
 20
0.0
 30
0.0
 11
371.0
 21
0.0
 31
0.0
  0
LINE
  5
10F
330
17
100
AcDbEntity
  8
Painéis
100
AcDbLine
 10
302.0
 20
-60.0
 30
0.0
 11
302.0
 21
0.0
 31
0.0
  0
LINE
  5
110
330
17
100
AcDbEntity
  8
Painéis
100
AcDbLine
 10
371.0
 20
-60.0
 30
0.0
 11
371.0
 21
0.0
 31
0.0
  0
LINE
  5
111
330
17
100
AcDbEntity
  8
Painéis
100
AcDbLine
 10
371.0
 20
-60.0
 30
0.0
 11
371.0
 21
0.0
 31
0.0
  0
LINE
  5
112
330
17
100
AcDbEntity
  8
Painéis
100
AcDbLine
 10
371.0
 20
-60.0
 30
0.0
 11
447.0
 21
-60.0
 31
0.0
  0
LINE
  5
113
330
17
100
AcDbEntity
  8
Painéis
100
AcDbLine
 10
371.0
 20
0.0
 30
0.0
 11
447.0
 21
0.0
 31
0.0
  0
LINE
  5
114
330
17
100
AcDbEntity
  8
Painéis
100
AcDbLine
 10
371.0
 20
-60.0
 30
0.0
 11
371.0
 21
0.0
 31
0.0
  0
LINE
  5
115
330
17
100
AcDbEntity
  8
Painéis
100
AcDbLine
 10
447.0
 20
-60.0
 30
0.0
 11
447.0
 21
0.0
 31
0.0
  0
LINE
  5
116
330
17
100
AcDbEntity
  8
Painéis
100
AcDbLine
 10
447.0
 20
-60.0
 30
0.0
 11
447.0
 21
0.0
 31
0.0
  0
LINE
  5
117
330
17
100
AcDbEntity
  8
Painéis
100
AcDbLine
 10
447.0
 20
-60.0
 30
0.0
 11
537.0
 21
-60.0
 31
0.0
  0
LINE
  5
118
330
17
100
AcDbEntity
  8
Painéis
100
AcDbLine
 10
447.0
 20
0.0
 30
0.0
 11
537.0
 21
0.0
 31
0.0
  0
LINE
  5
119
330
17
100
AcDbEntity
  8
Painéis
100
AcDbLine
 10
447.0
 20
-60.0
 30
0.0
 11
447.0
 21
0.0
 31
0.0
  0
LINE
  5
11A
330
17
100
AcDbEntity
  8
Painéis
100
AcDbLine
 10
537.0
 20
-60.0
 30
0.0
 11
537.0
 21
0.0
 31
0.0
  0
LINE
  5
11B
330
17
100
AcDbEntity
  8
Painéis
100
AcDbLine
 10
537.0
 20
-60.0
 30
0.0
 11
537.0
 21
0.0
 31
0.0
  0
LINE
  5
11C
330
17
100
AcDbEntity
  8
Painéis
100
AcDbLine
 10
537.0
 20
-60.0
 30
0.0
 11
647.0
 21
-60.0
 31
0.0
  0
LINE
  5
11D
330
17
100
AcDbEntity
  8
Painéis
100
AcDbLine
 10
537.0
 20
0.0
 30
0.0
 11
647.0
 21
0.0
 31
0.0
  0
LINE
  5
11E
330
17
100
AcDbEntity
  8
Painéis
100
AcDbLine
 10
537.0
 20
-60.0
 30
0.0
 11
537.0
 21
0.0
 31
0.0
  0
LINE
  5
11F
330
17
100
AcDbEntity
  8
Painéis
100
AcDbLine
 10
647.0
 20
-60.0
 30
0.0
 11
647.0
 21
0.0
 31
0.0
  0
LINE
  5
120
330
17
100
AcDbEntity
  8
Painéis
100
AcDbLine
 10
647.0
 20
-60.0
 30
0.0
 11
647.0
 21
0.0
 31
0.0
  0
LINE
  5
121
330
17
100
AcDbEntity
  8
Painéis
100
AcDbLine
 10
647.0
 20
-60.0
 30
0.0
 11
786.0
 21
-60.0
 31
0.0
  0
LINE
  5
122
330
17
100
AcDbEntity
  8
Painéis
100
AcDbLine
 10
647.0
 20
0.0
 30
0.0
 11
786.0
 21
0.0
 31
0.0
  0
LINE
  5
123
330
17
100
AcDbEntity
  8
Painéis
100
AcDbLine
 10
647.0
 20
-60.0
 30
0.0
 11
647.0
 21
0.0
 31
0.0
  0
LINE
  5
124
330
17
100
AcDbEntity
  8
Painéis
100
AcDbLine
 10
786.0
 20
-60.0
 30
0.0
 11
786.0
 21
0.0
 31
0.0
  0
LINE
  5
125
330
17
100
AcDbEntity
  8
Painéis
100
AcDbLine
 10
786.0
 20
-60.0
 30
0.0
 11
786.0
 21
0.0
 31
0.0
  0
LINE
  5
126
330
17
100
AcDbEntity
  8
Painéis
100
AcDbLine
 10
786.0
 20
-60.0
 30
0.0
 11
926.7
 21
-60.0
 31
0.0
  0
LINE
  5
127
330
17
100
AcDbEntity
  8
Painéis
100
AcDbLine
 10
786.0
 20
0.0
 30
0.0
 11
926.7
 21
0.0
 31
0.0
  0
LINE
  5
128
330
17
100
AcDbEntity
  8
Painéis
100
AcDbLine
 10
786.0
 20
-60.0
 30
0.0
 11
786.0
 21
0.0
 31
0.0
  0
LINE
  5
129
330
17
100
AcDbEntity
  8
Painéis
100
AcDbLine
 10
926.7
 20
-60.0
 30
0.0
 11
926.7
 21
0.0
 31
0.0
  0
LINE
  5
12A
330
17
100
AcDbEntity
  8
Painéis
100
AcDbLine
 10
926.7
 20
-60.0
 30
0.0
 11
926.7
 21
0.0
 31
0.0
  0
LINE
  5
12B
330
17
100
AcDbEntity
  8
Painéis
100
AcDbLine
 10
926.7
 20
-60.0
 30
0.0
 11
1067.7
 21
-60.0
 31
0.0
  0
LINE
  5
12C
330
17
100
AcDbEntity
  8
Painéis
100
AcDbLine
 10
926.7
 20
0.0
 30
0.0
 11
1067.7
 21
0.0
 31
0.0
  0
LINE
  5
12D
330
17
100
AcDbEntity
  8
Painéis
100
AcDbLine
 10
926.7
 20
-60.0
 30
0.0
 11
926.7
 21
0.0
 31
0.0
  0
LINE
  5
12E
330
17
100
AcDbEntity
  8
Painéis
100
AcDbLine
 10
1067.7
 20
-60.0
 30
0.0
 11
1067.7
 21
0.0
 31
0.0
  0
LINE
  5
12F
330
17
100
AcDbEntity
  8
SARR_2.2x7
100
AcDbLine
 10
199.0
 20
-60.0
 30
0.0
 11
199.0
 21
0.0
 31
0.0
  0
LINE
  5
130
330
17
100
AcDbEntity
  8
SARR_2.2x7
100
AcDbLine
 10
1060.7
 20
-60.0
 30
0.0
 11
1060.7
 21
0.0
 31
0.0
  0
LINE
  5
131
330
17
100
AcDbEntity
  8
SARR_3.5x7
100
AcDbLine
 10
207.0
 20
-60.0
 30
0.0
 11
207.0
 21
0.0
 31
0.0
  0
LINE
  5
132
330
17
100
AcDbEntity
  8
SARR_3.5x7
100
AcDbLine
 10
210.5
 20
-60.0
 30
0.0
 11
210.5
 21
-2.200000000000003
 31
0.0
  0
LINE
  5
133
330
17
100
AcDbEntity
  8
SARR_3.5x7
100
AcDbLine
 10
207.0
 20
-60.0
 30
0.0
 11
210.5
 21
-60.0
 31
0.0
  0
LINE
  5
134
330
17
100
AcDbEntity
  8
SARR_3.5x7
100
AcDbLine
 10
233.5
 20
-60.0
 30
0.0
 11
233.5
 21
-2.200000000000003
 31
0.0
  0
LINE
  5
135
330
17
100
AcDbEntity
  8
SARR_3.5x7
100
AcDbLine
 10
237.0
 20
-60.0
 30
0.0
 11
237.0
 21
0.0
 31
0.0
  0
LINE
  5
136
330
17
100
AcDbEntity
  8
SARR_3.5x7
100
AcDbLine
 10
233.5
 20
-60.0
 30
0.0
 11
237.0
 21
-60.0
 31
0.0
  0
LINE
  5
137
330
17
100
AcDbEntity
  8
SARR_3.5x7
100
AcDbLine
 10
237.0
 20
-60.0
 30
0.0
 11
237.0
 21
0.0
 31
0.0
  0
LINE
  5
138
330
17
100
AcDbEntity
  8
SARR_3.5x7
100
AcDbLine
 10
240.5
 20
-60.0
 30
0.0
 11
240.5
 21
-2.200000000000003
 31
0.0
  0
LINE
  5
139
330
17
100
AcDbEntity
  8
SARR_3.5x7
100
AcDbLine
 10
237.0
 20
-60.0
 30
0.0
 11
240.5
 21
-60.0
 31
0.0
  0
LINE
  5
13A
330
17
100
AcDbEntity
  8
SARR_3.5x7
100
AcDbLine
 10
298.5
 20
-60.0
 30
0.0
 11
298.5
 21
-2.200000000000003
 31
0.0
  0
LINE
  5
13B
330
17
100
AcDbEntity
  8
SARR_3.5x7
100
AcDbLine
 10
302.0
 20
-60.0
 30
0.0
 11
302.0
 21
0.0
 31
0.0
  0
LINE
  5
13C
330
17
100
AcDbEntity
  8
SARR_3.5x7
100
AcDbLine
 10
298.5
 20
-60.0
 30
0.0
 11
302.0
 21
-60.0
 31
0.0
  0
LINE
  5
13D
330
17
100
AcDbEntity
  8
SARR_3.5x7
100
AcDbLine
 10
302.0
 20
-60.0
 30
0.0
 11
302.0
 21
0.0
 31
0.0
  0
LINE
  5
13E
330
17
100
AcDbEntity
  8
SARR_3.5x7
100
AcDbLine
 10
305.5
 20
-60.0
 30
0.0
 11
305.5
 21
-2.200000000000003
 31
0.0
  0
LINE
  5
13F
330
17
100
AcDbEntity
  8
SARR_3.5x7
100
AcDbLine
 10
302.0
 20
-60.0
 30
0.0
 11
305.5
 21
-60.0
 31
0.0
  0
LINE
  5
140
330
17
100
AcDbEntity
  8
SARR_3.5x7
100
AcDbLine
 10
367.5
 20
-60.0
 30
0.0
 11
367.5
 21
-2.200000000000003
 31
0.0
  0
LINE
  5
141
330
17
100
AcDbEntity
  8
SARR_3.5x7
100
AcDbLine
 10
371.0
 20
-60.0
 30
0.0
 11
371.0
 21
0.0
 31
0.0
  0
LINE
  5
142
330
17
100
AcDbEntity
  8
SARR_3.5x7
100
AcDbLine
 10
367.5
 20
-60.0
 30
0.0
 11
371.0
 21
-60.0
 31
0.0
  0
LINE
  5
143
330
17
100
AcDbEntity
  8
SARR_3.5x7
100
AcDbLine
 10
371.0
 20
-60.0
 30
0.0
 11
371.0
 21
0.0
 31
0.0
  0
LINE
  5
144
330
17
100
AcDbEntity
  8
SARR_3.5x7
100
AcDbLine
 10
374.5
 20
-60.0
 30
0.0
 11
374.5
 21
-2.200000000000003
 31
0.0
  0
LINE
  5
145
330
17
100
AcDbEntity
  8
SARR_3.5x7
100
AcDbLine
 10
371.0
 20
-60.0
 30
0.0
 11
374.5
 21
-60.0
 31
0.0
  0
LINE
  5
146
330
17
100
AcDbEntity
  8
SARR_3.5x7
100
AcDbLine
 10
443.5
 20
-60.0
 30
0.0
 11
443.5
 21
-2.200000000000003
 31
0.0
  0
LINE
  5
147
330
17
100
AcDbEntity
  8
SARR_3.5x7
100
AcDbLine
 10
447.0
 20
-60.0
 30
0.0
 11
447.0
 21
0.0
 31
0.0
  0
LINE
  5
148
330
17
100
AcDbEntity
  8
SARR_3.5x7
100
AcDbLine
 10
443.5
 20
-60.0
 30
0.0
 11
447.0
 21
-60.0
 31
0.0
  0
LINE
  5
149
330
17
100
AcDbEntity
  8
SARR_3.5x7
100
AcDbLine
 10
447.0
 20
-60.0
 30
0.0
 11
447.0
 21
0.0
 31
0.0
  0
LINE
  5
14A
330
17
100
AcDbEntity
  8
SARR_3.5x7
100
AcDbLine
 10
450.5
 20
-60.0
 30
0.0
 11
450.5
 21
-2.200000000000003
 31
0.0
  0
LINE
  5
14B
330
17
100
AcDbEntity
  8
SARR_3.5x7
100
AcDbLine
 10
447.0
 20
-60.0
 30
0.0
 11
450.5
 21
-60.0
 31
0.0
  0
LINE
  5
14C
330
17
100
AcDbEntity
  8
SARR_3.5x7
100
AcDbLine
 10
533.5
 20
-60.0
 30
0.0
 11
533.5
 21
-2.200000000000003
 31
0.0
  0
LINE
  5
14D
330
17
100
AcDbEntity
  8
SARR_3.5x7
100
AcDbLine
 10
537.0
 20
-60.0
 30
0.0
 11
537.0
 21
0.0
 31
0.0
  0
LINE
  5
14E
330
17
100
AcDbEntity
  8
SARR_3.5x7
100
AcDbLine
 10
533.5
 20
-60.0
 30
0.0
 11
537.0
 21
-60.0
 31
0.0
  0
LINE
  5
14F
330
17
100
AcDbEntity
  8
SARR_3.5x7
100
AcDbLine
 10
537.0
 20
-60.0
 30
0.0
 11
537.0
 21
0.0
 31
0.0
  0
LINE
  5
150
330
17
100
AcDbEntity
  8
SARR_3.5x7
100
AcDbLine
 10
540.5
 20
-60.0
 30
0.0
 11
540.5
 21
-2.200000000000003
 31
0.0
  0
LINE
  5
151
330
17
100
AcDbEntity
  8
SARR_3.5x7
100
AcDbLine
 10
537.0
 20
-60.0
 30
0.0
 11
540.5
 21
-60.0
 31
0.0
  0
LINE
  5
152
330
17
100
AcDbEntity
  8
SARR_3.5x7
100
AcDbLine
 10
643.5
 20
-60.0
 30
0.0
 11
643.5
 21
-2.200000000000003
 31
0.0
  0
LINE
  5
153
330
17
100
AcDbEntity
  8
SARR_3.5x7
100
AcDbLine
 10
647.0
 20
-60.0
 30
0.0
 11
647.0
 21
0.0
 31
0.0
  0
LINE
  5
154
330
17
100
AcDbEntity
  8
SARR_3.5x7
100
AcDbLine
 10
643.5
 20
-60.0
 30
0.0
 11
647.0
 21
-60.0
 31
0.0
  0
LINE
  5
155
330
17
100
AcDbEntity
  8
SARR_3.5x7
100
AcDbLine
 10
647.0
 20
-60.0
 30
0.0
 11
647.0
 21
0.0
 31
0.0
  0
LINE
  5
156
330
17
100
AcDbEntity
  8
SARR_3.5x7
100
AcDbLine
 10
650.5
 20
-60.0
 30
0.0
 11
650.5
 21
-2.200000000000003
 31
0.0
  0
LINE
  5
157
330
17
100
AcDbEntity
  8
SARR_3.5x7
100
AcDbLine
 10
647.0
 20
-60.0
 30
0.0
 11
650.5
 21
-60.0
 31
0.0
  0
LINE
  5
158
330
17
100
AcDbEntity
  8
SARR_3.5x7
100
AcDbLine
 10
782.5
 20
-60.0
 30
0.0
 11
782.5
 21
-2.200000000000003
 31
0.0
  0
LINE
  5
159
330
17
100
AcDbEntity
  8
SARR_3.5x7
100
AcDbLine
 10
786.0
 20
-60.0
 30
0.0
 11
786.0
 21
0.0
 31
0.0
  0
LINE
  5
15A
330
17
100
AcDbEntity
  8
SARR_3.5x7
100
AcDbLine
 10
782.5
 20
-60.0
 30
0.0
 11
786.0
 21
-60.0
 31
0.0
  0
LINE
  5
15B
330
17
100
AcDbEntity
  8
SARR_3.5x7
100
AcDbLine
 10
786.0
 20
-60.0
 30
0.0
 11
786.0
 21
0.0
 31
0.0
  0
LINE
  5
15C
330
17
100
AcDbEntity
  8
SARR_3.5x7
100
AcDbLine
 10
789.5
 20
-60.0
 30
0.0
 11
789.5
 21
-2.200000000000003
 31
0.0
  0
LINE
  5
15D
330
17
100
AcDbEntity
  8
SARR_3.5x7
100
AcDbLine
 10
786.0
 20
-60.0
 30
0.0
 11
789.5
 21
-60.0
 31
0.0
  0
LINE
  5
15E
330
17
100
AcDbEntity
  8
SARR_3.5x7
100
AcDbLine
 10
923.2
 20
-60.0
 30
0.0
 11
923.2
 21
-2.200000000000003
 31
0.0
  0
LINE
  5
15F
330
17
100
AcDbEntity
  8
SARR_3.5x7
100
AcDbLine
 10
926.7
 20
-60.0
 30
0.0
 11
926.7
 21
0.0
 31
0.0
  0
LINE
  5
160
330
17
100
AcDbEntity
  8
SARR_3.5x7
100
AcDbLine
 10
923.2
 20
-60.0
 30
0.0
 11
926.7
 21
-60.0
 31
0.0
  0
LINE
  5
161
330
17
100
AcDbEntity
  8
SARR_3.5x7
100
AcDbLine
 10
926.7
 20
-60.0
 30
0.0
 11
926.7
 21
0.0
 31
0.0
  0
LINE
  5
162
330
17
100
AcDbEntity
  8
SARR_3.5x7
100
AcDbLine
 10
930.2
 20
-60.0
 30
0.0
 11
930.2
 21
-2.200000000000003
 31
0.0
  0
LINE
  5
163
330
17
100
AcDbEntity
  8
SARR_3.5x7
100
AcDbLine
 10
926.7
 20
-60.0
 30
0.0
 11
930.2
 21
-60.0
 31
0.0
  0
LINE
  5
164
330
17
100
AcDbEntity
  8
SARR_3.5x7
100
AcDbLine
 10
1049.2
 20
-60.0
 30
0.0
 11
1049.2
 21
-2.200000000000003
 31
0.0
  0
LINE
  5
165
330
17
100
AcDbEntity
  8
SARR_3.5x7
100
AcDbLine
 10
1052.7
 20
-60.0
 30
0.0
 11
1052.7
 21
0.0
 31
0.0
  0
LINE
  5
166
330
17
100
AcDbEntity
  8
SARR_3.5x7
100
AcDbLine
 10
1049.2
 20
-60.0
 30
0.0
 11
1052.7
 21
-60.0
 31
0.0
  0
LINE
  5
167
330
17
100
AcDbEntity
  8
SARR_2.2x7
100
AcDbLine
 10
207.0
 20
-2.200000000000003
 30
0.0
 11
237.0
 21
-2.200000000000003
 31
0.0
  0
LINE
  5
168
330
17
100
AcDbEntity
  8
SARR_2.2x7
100
AcDbLine
 10
237.0
 20
-2.200000000000003
 30
0.0
 11
302.0
 21
-2.200000000000003
 31
0.0
  0
LINE
  5
169
330
17
100
AcDbEntity
  8
SARR_2.2x7
100
AcDbLine
 10
302.0
 20
-2.200000000000003
 30
0.0
 11
371.0
 21
-2.200000000000003
 31
0.0
  0
LINE
  5
16A
330
17
100
AcDbEntity
  8
SARR_2.2x7
100
AcDbLine
 10
371.0
 20
-2.200000000000003
 30
0.0
 11
447.0
 21
-2.200000000000003
 31
0.0
  0
LINE
  5
16B
330
17
100
AcDbEntity
  8
SARR_2.2x7
100
AcDbLine
 10
447.0
 20
-2.200000000000003
 30
0.0
 11
537.0
 21
-2.200000000000003
 31
0.0
  0
LINE
  5
16C
330
17
100
AcDbEntity
  8
SARR_2.2x7
100
AcDbLine
 10
537.0
 20
-2.200000000000003
 30
0.0
 11
647.0
 21
-2.200000000000003
 31
0.0
  0
LINE
  5
16D
330
17
100
AcDbEntity
  8
SARR_2.2x7
100
AcDbLine
 10
647.0
 20
-2.200000000000003
 30
0.0
 11
786.0
 21
-2.200000000000003
 31
0.0
  0
LINE
  5
16E
330
17
100
AcDbEntity
  8
SARR_2.2x7
100
AcDbLine
 10
786.0
 20
-2.200000000000003
 30
0.0
 11
926.7
 21
-2.200000000000003
 31
0.0
  0
LINE
  5
16F
330
17
100
AcDbEntity
  8
SARR_2.2x7
100
AcDbLine
 10
926.7
 20
-2.200000000000003
 30
0.0
 11
1052.7
 21
-2.200000000000003
 31
0.0
  0
TEXT
  5
170
330
17
100
AcDbEntity
  8
NOMENCLATURA
100
AcDbText
 10
195.0
 20
16.0
 30
0.0
 40
16.5
  1
V5-V7-V24.A
100
AcDbText
  0
TEXT
  5
171
330
17
100
AcDbEntity
  8
5
100
AcDbText
 10
214.5
 20
-26.0
 30
0.0
 40
12.0
  1
1
 72
1
 11
214.5
 21
-26.0
 31
0.0
100
AcDbText
 73
2
  0
TEXT
  5
172
330
17
100
AcDbEntity
  8
5
100
AcDbText
 10
214.5
 20
-40.0
 30
0.0
 40
7.0
  1
45
 72
1
 11
214.5
 21
-40.0
 31
0.0
100
AcDbText
 73
2
  0
MTEXT
  5
173
330
17
100
AcDbEntity
  8
texto
100
AcDbMText
 10
214.5
 20
-50.0
 30
0.0
 40
6.0
 71
5
  1
2 1/2pont
  0
TEXT
  5
174
330
17
100
AcDbEntity
  8
5
100
AcDbText
 10
269.5
 20
-26.0
 30
0.0
 40
12.0
  1
2
 72
1
 11
269.5
 21
-26.0
 31
0.0
100
AcDbText
 73
2
  0
TEXT
  5
175
330
17
100
AcDbEntity
  8
5
100
AcDbText
 10
269.5
 20
-40.0
 30
0.0
 40
7.0
  1
65
 72
1
 11
269.5
 21
-40.0
 31
0.0
100
AcDbText
 73
2
  0
MTEXT
  5
176
330
17
100
AcDbEntity
  8
texto
100
AcDbMText
 10
269.5
 20
-50.0
 30
0.0
 40
6.0
 71
5
  1
3 1/2pont
  0
TEXT
  5
177
330
17
100
AcDbEntity
  8
5
100
AcDbText
 10
336.5
 20
-26.0
 30
0.0
 40
12.0
  1
3
 72
1
 11
336.5
 21
-26.0
 31
0.0
100
AcDbText
 73
2
  0
TEXT
  5
178
330
17
100
AcDbEntity
  8
5
100
AcDbText
 10
336.5
 20
-40.0
 30
0.0
 40
7.0
  1
69
 72
1
 11
336.5
 21
-40.0
 31
0.0
100
AcDbText
 73
2
  0
MTEXT
  5
179
330
17
100
AcDbEntity
  8
texto
100
AcDbMText
 10
336.5
 20
-50.0
 30
0.0
 40
6.0
 71
5
  1
3 1/2pont
  0
TEXT
  5
17A
330
17
100
AcDbEntity
  8
5
100
AcDbText
 10
409.0
 20
-26.0
 30
0.0
 40
12.0
  1
4
 72
1
 11
409.0
 21
-26.0
 31
0.0
100
AcDbText
 73
2
  0
TEXT
  5
17B
330
17
100
AcDbEntity
  8
5
100
AcDbText
 10
409.0
 20
-40.0
 30
0.0
 40
7.0
  1
76
 72
1
 11
409.0
 21
-40.0
 31
0.0
100
AcDbText
 73
2
  0
MTEXT
  5
17C
330
17
100
AcDbEntity
  8
texto
100
AcDbMText
 10
409.0
 20
-50.0
 30
0.0
 40
6.0
 71
5
  1
3 1/2pont
  0
TEXT
  5
17D
330
17
100
AcDbEntity
  8
5
100
AcDbText
 10
492.0
 20
-26.0
 30
0.0
 40
12.0
  1
5
 72
1
 11
492.0
 21
-26.0
 31
0.0
100
AcDbText
 73
2
  0
TEXT
  5
17E
330
17
100
AcDbEntity
  8
5
100
AcDbText
 10
492.0
 20
-40.0
 30
0.0
 40
7.0
  1
90
 72
1
 11
492.0
 21
-40.0
 31
0.0
100
AcDbText
 73
2
  0
MTEXT
  5
17F
330
17
100
AcDbEntity
  8
texto
100
AcDbMText
 10
492.0
 20
-50.0
 30
0.0
 40
6.0
 71
5
  1
4 1/2pont
  0
TEXT
  5
180
330
17
100
AcDbEntity
  8
5
100
AcDbText
 10
592.0
 20
-26.0
 30
0.0
 40
12.0
  1
6
 72
1
 11
592.0
 21
-26.0
 31
0.0
100
AcDbText
 73
2
  0
TEXT
  5
181
330
17
100
AcDbEntity
  8
5
100
AcDbText
 10
592.0
 20
-40.0
 30
0.0
 40
7.0
  1
110
 72
1
 11
592.0
 21
-40.0
 31
0.0
100
AcDbText
 73
2
  0
MTEXT
  5
182
330
17
100
AcDbEntity
  8
texto
100
AcDbMText
 10
592.0
 20
-50.0
 30
0.0
 40
6.0
 71
5
  1
5 1/2pont
  0
TEXT
  5
183
330
17
100
AcDbEntity
  8
5
100
AcDbText
 10
716.5
 20
-26.0
 30
0.0
 40
12.0
  1
7
 72
1
 11
716.5
 21
-26.0
 31
0.0
100
AcDbText
 73
2
  0
TEXT
  5
184
330
17
100
AcDbEntity
  8
5
100
AcDbText
 10
716.5
 20
-40.0
 30
0.0
 40
7.0
  1
139
 72
1
 11
716.5
 21
-40.0
 31
0.0
100
AcDbText
 73
2
  0
MTEXT
  5
185
330
17
100
AcDbEntity
  8
texto
100
AcDbMText
 10
716.5
 20
-50.0
 30
0.0
 40
6.0
 71
5
  1
6 1/2pont
  0
TEXT
  5
186
330
17
100
AcDbEntity
  8
5
100
AcDbText
 10
856.35
 20
-26.0
 30
0.0
 40
12.0
  1
8
 72
1
 11
856.35
 21
-26.0
 31
0.0
100
AcDbText
 73
2
  0
TEXT
  5
187
330
17
100
AcDbEntity
  8
5
100
AcDbText
 10
856.35
 20
-40.0
 30
0.0
 40
7.0
  1
141
 72
1
 11
856.35
 21
-40.0
 31
0.0
100
AcDbText
 73
2
  0
MTEXT
  5
188
330
17
100
AcDbEntity
  8
texto
100
AcDbMText
 10
856.35
 20
-50.0
 30
0.0
 40
6.0
 71
5
  1
6 1/2pont
  0
TEXT
  5
189
330
17
100
AcDbEntity
  8
5
100
AcDbText
 10
997.2
 20
-26.0
 30
0.0
 40
12.0
  1
9
 72
1
 11
997.2
 21
-26.0
 31
0.0
100
AcDbText
 73
2
  0
TEXT
  5
18A
330
17
100
AcDbEntity
  8
5
100
AcDbText
 10
997.2
 20
-40.0
 30
0.0
 40
7.0
  1
141
 72
1
 11
997.2
 21
-40.0
 31
0.0
100
AcDbText
 73
2
  0
MTEXT
  5
18B
330
17
100
AcDbEntity
  8
texto
100
AcDbMText
 10
997.2
 20
-50.0
 30
0.0
 40
6.0
 71
5
  1
6 1/2pont
  0
DIMENSION
  5
18C
330
17
100
AcDbEntity
  8
COTA
100
AcDbDimension
280
0
  2
*D7
  3
PAINEL
 10
192.0
 20
-97.0
 30
0.0
 11
214.5
 21
-89.0
 31
0.0
 70
32
 71
5
  1
<>
100
AcDbAlignedDimension
 13
192.0
 23
-60.0
 33
0.0
 14
237.0
 24
-60.0
 34
0.0
 50
0.0
100
AcDbRotatedDimension
  0
DIMENSION
  5
19B
330
17
100
AcDbEntity
  8
COTA
100
AcDbDimension
280
0
  2
*D8
  3
PAINEL
 10
237.0
 20
-97.0
 30
0.0
 11
269.5
 21
-89.0
 31
0.0
 70
32
 71
5
  1
<>
100
AcDbAlignedDimension
 13
237.0
 23
-60.0
 33
0.0
 14
302.0
 24
-60.0
 34
0.0
 50
0.0
100
AcDbRotatedDimension
  0
DIMENSION
  5
1AA
330
17
100
AcDbEntity
  8
COTA
100
AcDbDimension
280
0
  2
*D9
  3
PAINEL
 10
302.0
 20
-97.0
 30
0.0
 11
336.5
 21
-89.0
 31
0.0
 70
32
 71
5
  1
<>
100
AcDbAlignedDimension
 13
302.0
 23
-60.0
 33
0.0
 14
371.0
 24
-60.0
 34
0.0
 50
0.0
100
AcDbRotatedDimension
  0
DIMENSION
  5
1B9
330
17
100
AcDbEntity
  8
COTA
100
AcDbDimension
280
0
  2
*D10
  3
PAINEL
 10
371.0
 20
-97.0
 30
0.0
 11
409.0
 21
-89.0
 31
0.0
 70
32
 71
5
  1
<>
100
AcDbAlignedDimension
 13
371.0
 23
-60.0
 33
0.0
 14
447.0
 24
-60.0
 34
0.0
 50
0.0
100
AcDbRotatedDimension
  0
DIMENSION
  5
1C8
330
17
100
AcDbEntity
  8
COTA
100
AcDbDimension
280
0
  2
*D11
  3
PAINEL
 10
447.0
 20
-97.0
 30
0.0
 11
492.0
 21
-89.0
 31
0.0
 70
32
 71
5
  1
<>
100
AcDbAlignedDimension
 13
447.0
 23
-60.0
 33
0.0
 14
537.0
 24
-60.0
 34
0.0
 50
0.0
100
AcDbRotatedDimension
  0
DIMENSION
  5
1D7
330
17
100
AcDbEntity
  8
COTA
100
AcDbDimension
280
0
  2
*D12
  3
PAINEL
 10
537.0
 20
-97.0
 30
0.0
 11
592.0
 21
-89.0
 31
0.0
 70
32
 71
5
  1
<>
100
AcDbAlignedDimension
 13
537.0
 23
-60.0
 33
0.0
 14
647.0
 24
-60.0
 34
0.0
 50
0.0
100
AcDbRotatedDimension
  0
DIMENSION
  5
1E6
330
17
100
AcDbEntity
  8
COTA
100
AcDbDimension
280
0
  2
*D13
  3
PAINEL
 10
647.0
 20
-97.0
 30
0.0
 11
716.5
 21
-89.0
 31
0.0
 70
32
 71
5
  1
<>
100
AcDbAlignedDimension
 13
647.0
 23
-60.0
 33
0.0
 14
786.0
 24
-60.0
 34
0.0
 50
0.0
100
AcDbRotatedDimension
  0
DIMENSION
  5
1F5
330
17
100
AcDbEntity
  8
COTA
100
AcDbDimension
280
0
  2
*D14
  3
PAINEL
 10
786.0
 20
-97.0
 30
0.0
 11
856.35
 21
-89.0
 31
0.0
 70
32
 71
5
  1
<>
100
AcDbAlignedDimension
 13
786.0
 23
-60.0
 33
0.0
 14
926.7
 24
-60.0
 34
0.0
 50
0.0
100
AcDbRotatedDimension
  0
DIMENSION
  5
204
330
17
100
AcDbEntity
  8
COTA
100
AcDbDimension
280
0
  2
*D15
  3
PAINEL
 10
926.7
 20
-97.0
 30
0.0
 11
997.2
 21
-89.0
 31
0.0
 70
32
 71
5
  1
<>
100
AcDbAlignedDimension
 13
926.7
 23
-60.0
 33
0.0
 14
1067.7
 24
-60.0
 34
0.0
 50
0.0
100
AcDbRotatedDimension
  0
DIMENSION
  5
213
330
17
100
AcDbEntity
  8
COTA
100
AcDbDimension
280
0
  2
*D16
  3
PAINEL
 10
192.0
 20
-120.0
 30
0.0
 11
629.85
 21
-112.0
 31
0.0
 70
32
 71
5
  1
<>
100
AcDbAlignedDimension
 13
192.0
 23
-60.0
 33
0.0
 14
1067.7
 24
-60.0
 34
0.0
 50
0.0
100
AcDbRotatedDimension
  0
DIMENSION
  5
222
330
17
100
AcDbEntity
  8
COTA
100
AcDbDimension
280
0
  2
*D17
  3
PAINEL
 10
164.0
 20
-67.0
 30
0.0
 11
153.0
 21
-63.5
 31
0.0
 70
32
 71
5
  1
<>
100
AcDbAlignedDimension
 13
192.0
 23
-67.0
 33
0.0
 14
192.0
 24
-60.0
 34
0.0
 50
90.0
100
AcDbRotatedDimension
  0
DIMENSION
  5
231
330
17
100
AcDbEntity
  8
COTA
100
AcDbDimension
280
0
  2
*D18
  3
PAINEL
 10
164.0
 20
-60.0
 30
0.0
 11
156.0
 21
-30.0
 31
0.0
 70
32
 71
5
  1
<>
100
AcDbAlignedDimension
 13
192.0
 23
-60.0
 33
0.0
 14
192.0
 24
0.0
 34
0.0
 50
90.0
100
AcDbRotatedDimension
  0
DIMENSION
  5
240
330
17
100
AcDbEntity
  8
COTA
100
AcDbDimension
280
0
  2
*D19
  3
PAINEL
 10
164.0
 20
0.0
 30
0.0
 11
153.0
 21
3.5
 31
0.0
 70
32
 71
5
  1
<>
100
AcDbAlignedDimension
 13
192.0
 23
0.0
 33
0.0
 14
192.0
 24
7.0
 34
0.0
 50
90.0
100
AcDbRotatedDimension
  0
DIMENSION
  5
24F
330
17
100
AcDbEntity
  8
COTA
100
AcDbDimension
280
0
  2
*D20
  3
PAINEL
 10
1095.7
 20
-67.0
 30
0.0
 11
1087.7
 21
-30.0
 31
0.0
 70
32
 71
5
  1
<>
100
AcDbAlignedDimension
 13
1067.7
 23
-67.0
 33
0.0
 14
1067.7
 24
7.0
 34
0.0
 50
90.0
100
AcDbRotatedDimension
  0
LWPOLYLINE
  5
25E
330
17
100
AcDbEntity
  8
SCO-___-LAJ
100
AcDbPolyline
 90
4
 70
1
 10
1117.7
 20
-53.0
 10
1162.7
 20
-53.0
 10
1162.7
 20
-46.0
 10
1117.7
 20
-46.0
  0
HATCH
  5
25F
330
17
100
AcDbEntity
  8
COTA
 62
7
100
AcDbHatch
 10
0.0
 20
0.0
 30
0.0
210
0.0
220
0.0
230
1.0
  2
ANSI31
 70
0
 71
0
 91
1
 92
3
 72
0
 73
1
 93
4
 10
1117.7
 20
-53.0
 10
1162.7
 20
-53.0
 10
1162.7
 20
-46.0
 10
1117.7
 20
-46.0
 97
0
 75
1
 76
1
 52
0.0
 41
0.5
 77
0
 78
1
 53
45.0
 43
0.0
 44
0.0
 45
-1.1225320152
 46
1.1225320152
 79
0
 98
0
  0
LWPOLYLINE
  5
260
330
17
100
AcDbEntity
  8
SCO-___-LAJ
100
AcDbPolyline
 90
4
 70
1
 10
1162.7
 20
-53.0
 10
1227.7
 20
-53.0
 10
1227.7
 20
-46.0
 10
1162.7
 20
-46.0
  0
HATCH
  5
261
330
17
100
AcDbEntity
  8
COTA
 62
7
100
AcDbHatch
 10
0.0
 20
0.0
 30
0.0
210
0.0
220
0.0
230
1.0
  2
ANSI31
 70
0
 71
0
 91
1
 92
3
 72
0
 73
1
 93
4
 10
1162.7
 20
-53.0
 10
1227.7
 20
-53.0
 10
1227.7
 20
-46.0
 10
1162.7
 20
-46.0
 97
0
 75
1
 76
1
 52
0.0
 41
0.5
 77
0
 78
1
 53
45.0
 43
0.0
 44
0.0
 45
-1.1225320152
 46
1.1225320152
 79
0
 98
0
  0
LWPOLYLINE
  5
262
330
17
100
AcDbEntity
  8
SCO-___-LAJ
100
AcDbPolyline
 90
4
 70
1
 10
1227.7
 20
-53.0
 10
1296.7
 20
-53.0
 10
1296.7
 20
-46.0
 10
1227.7
 20
-46.0
  0
HATCH
  5
263
330
17
100
AcDbEntity
  8
COTA
 62
7
100
AcDbHatch
 10
0.0
 20
0.0
 30
0.0
210
0.0
220
0.0
230
1.0
  2
ANSI31
 70
0
 71
0
 91
1
 92
3
 72
0
 73
1
 93
4
 10
1227.7
 20
-53.0
 10
1296.7
 20
-53.0
 10
1296.7
 20
-46.0
 10
1227.7
 20
-46.0
 97
0
 75
1
 76
1
 52
0.0
 41
0.5
 77
0
 78
1
 53
45.0
 43
0.0
 44
0.0
 45
-1.1225320152
 46
1.1225320152
 79
0
 98
0
  0
LWPOLYLINE
  5
264
330
17
100
AcDbEntity
  8
SCO-___-LAJ
100
AcDbPolyline
 90
4
 70
1
 10
1296.7
 20
-53.0
 10
1372.7
 20
-53.0
 10
1372.7
 20
-46.0
 10
1296.7
 20
-46.0
  0
HATCH
  5
265
330
17
100
AcDbEntity
  8
COTA
 62
7
100
AcDbHatch
 10
0.0
 20
0.0
 30
0.0
210
0.0
220
0.0
230
1.0
  2
ANSI31
 70
0
 71
0
 91
1
 92
3
 72
0
 73
1
 93
4
 10
1296.7
 20
-53.0
 10
1372.7
 20
-53.0
 10
1372.7
 20
-46.0
 10
1296.7
 20
-46.0
 97
0
 75
1
 76
1
 52
0.0
 41
0.5
 77
0
 78
1
 53
45.0
 43
0.0
 44
0.0
 45
-1.1225320152
 46
1.1225320152
 79
0
 98
0
  0
LWPOLYLINE
  5
266
330
17
100
AcDbEntity
  8
SCO-___-LAJ
100
AcDbPolyline
 90
4
 70
1
 10
1372.7
 20
-53.0
 10
1462.7
 20
-53.0
 10
1462.7
 20
-46.0
 10
1372.7
 20
-46.0
  0
HATCH
  5
267
330
17
100
AcDbEntity
  8
COTA
 62
7
100
AcDbHatch
 10
0.0
 20
0.0
 30
0.0
210
0.0
220
0.0
230
1.0
  2
ANSI31
 70
0
 71
0
 91
1
 92
3
 72
0
 73
1
 93
4
 10
1372.7
 20
-53.0
 10
1462.7
 20
-53.0
 10
1462.7
 20
-46.0
 10
1372.7
 20
-46.0
 97
0
 75
1
 76
1
 52
0.0
 41
0.5
 77
0
 78
1
 53
45.0
 43
0.0
 44
0.0
 45
-1.1225320152
 46
1.1225320152
 79
0
 98
0
  0
LWPOLYLINE
  5
268
330
17
100
AcDbEntity
  8
SCO-___-LAJ
100
AcDbPolyline
 90
4
 70
1
 10
1462.7
 20
-53.0
 10
1572.7
 20
-53.0
 10
1572.7
 20
-46.0
 10
1462.7
 20
-46.0
  0
HATCH
  5
269
330
17
100
AcDbEntity
  8
COTA
 62
7
100
AcDbHatch
 10
0.0
 20
0.0
 30
0.0
210
0.0
220
0.0
230
1.0
  2
ANSI31
 70
0
 71
0
 91
1
 92
3
 72
0
 73
1
 93
4
 10
1462.7
 20
-53.0
 10
1572.7
 20
-53.0
 10
1572.7
 20
-46.0
 10
1462.7
 20
-46.0
 97
0
 75
1
 76
1
 52
0.0
 41
0.5
 77
0
 78
1
 53
45.0
 43
0.0
 44
0.0
 45
-1.1225320152
 46
1.1225320152
 79
0
 98
0
  0
LWPOLYLINE
  5
26A
330
17
100
AcDbEntity
  8
SCO-___-LAJ
100
AcDbPolyline
 90
4
 70
1
 10
1572.7
 20
-53.0
 10
1711.7
 20
-53.0
 10
1711.7
 20
-46.0
 10
1572.7
 20
-46.0
  0
HATCH
  5
26B
330
17
100
AcDbEntity
  8
COTA
 62
7
100
AcDbHatch
 10
0.0
 20
0.0
 30
0.0
210
0.0
220
0.0
230
1.0
  2
ANSI31
 70
0
 71
0
 91
1
 92
3
 72
0
 73
1
 93
4
 10
1572.7
 20
-53.0
 10
1711.7
 20
-53.0
 10
1711.7
 20
-46.0
 10
1572.7
 20
-46.0
 97
0
 75
1
 76
1
 52
0.0
 41
0.5
 77
0
 78
1
 53
45.0
 43
0.0
 44
0.0
 45
-1.1225320152
 46
1.1225320152
 79
0
 98
0
  0
LWPOLYLINE
  5
26C
330
17
100
AcDbEntity
  8
SCO-___-LAJ
100
AcDbPolyline
 90
4
 70
1
 10
1711.7
 20
-53.0
 10
1852.4
 20
-53.0
 10
1852.4
 20
-46.0
 10
1711.7
 20
-46.0
  0
HATCH
  5
26D
330
17
100
AcDbEntity
  8
COTA
 62
7
100
AcDbHatch
 10
0.0
 20
0.0
 30
0.0
210
0.0
220
0.0
230
1.0
  2
ANSI31
 70
0
 71
0
 91
1
 92
3
 72
0
 73
1
 93
4
 10
1711.7
 20
-53.0
 10
1852.4
 20
-53.0
 10
1852.4
 20
-46.0
 10
1711.7
 20
-46.0
 97
0
 75
1
 76
1
 52
0.0
 41
0.5
 77
0
 78
1
 53
45.0
 43
0.0
 44
0.0
 45
-1.1225320152
 46
1.1225320152
 79
0
 98
0
  0
LWPOLYLINE
  5
26E
330
17
100
AcDbEntity
  8
SCO-___-LAJ
100
AcDbPolyline
 90
4
 70
1
 10
1852.4
 20
-53.0
 10
1993.4
 20
-53.0
 10
1993.4
 20
-46.0
 10
1852.4
 20
-46.0
  0
HATCH
  5
26F
330
17
100
AcDbEntity
  8
COTA
 62
7
100
AcDbHatch
 10
0.0
 20
0.0
 30
0.0
210
0.0
220
0.0
230
1.0
  2
ANSI31
 70
0
 71
0
 91
1
 92
3
 72
0
 73
1
 93
4
 10
1852.4
 20
-53.0
 10
1993.4
 20
-53.0
 10
1993.4
 20
-46.0
 10
1852.4
 20
-46.0
 97
0
 75
1
 76
1
 52
0.0
 41
0.5
 77
0
 78
1
 53
45.0
 43
0.0
 44
0.0
 45
-1.1225320152
 46
1.1225320152
 79
0
 98
0
  0
LWPOLYLINE
  5
270
330
17
100
AcDbEntity
  8
SCO-___-LAJ
100
AcDbPolyline
 90
4
 70
1
 10
1117.7
 20
0.0
 10
1162.7
 20
0.0
 10
1162.7
 20
7.0
 10
1117.7
 20
7.0
  0
HATCH
  5
271
330
17
100
AcDbEntity
  8
COTA
 62
7
100
AcDbHatch
 10
0.0
 20
0.0
 30
0.0
210
0.0
220
0.0
230
1.0
  2
ANSI31
 70
0
 71
0
 91
1
 92
3
 72
0
 73
1
 93
4
 10
1117.7
 20
0.0
 10
1162.7
 20
0.0
 10
1162.7
 20
7.0
 10
1117.7
 20
7.0
 97
0
 75
1
 76
1
 52
0.0
 41
0.5
 77
0
 78
1
 53
45.0
 43
0.0
 44
0.0
 45
-1.1225320152
 46
1.1225320152
 79
0
 98
0
  0
LWPOLYLINE
  5
272
330
17
100
AcDbEntity
  8
SCO-___-LAJ
100
AcDbPolyline
 90
4
 70
1
 10
1162.7
 20
0.0
 10
1227.7
 20
0.0
 10
1227.7
 20
7.0
 10
1162.7
 20
7.0
  0
HATCH
  5
273
330
17
100
AcDbEntity
  8
COTA
 62
7
100
AcDbHatch
 10
0.0
 20
0.0
 30
0.0
210
0.0
220
0.0
230
1.0
  2
ANSI31
 70
0
 71
0
 91
1
 92
3
 72
0
 73
1
 93
4
 10
1162.7
 20
0.0
 10
1227.7
 20
0.0
 10
1227.7
 20
7.0
 10
1162.7
 20
7.0
 97
0
 75
1
 76
1
 52
0.0
 41
0.5
 77
0
 78
1
 53
45.0
 43
0.0
 44
0.0
 45
-1.1225320152
 46
1.1225320152
 79
0
 98
0
  0
LWPOLYLINE
  5
274
330
17
100
AcDbEntity
  8
SCO-___-LAJ
100
AcDbPolyline
 90
4
 70
1
 10
1227.7
 20
0.0
 10
1296.7
 20
0.0
 10
1296.7
 20
7.0
 10
1227.7
 20
7.0
  0
HATCH
  5
275
330
17
100
AcDbEntity
  8
COTA
 62
7
100
AcDbHatch
 10
0.0
 20
0.0
 30
0.0
210
0.0
220
0.0
230
1.0
  2
ANSI31
 70
0
 71
0
 91
1
 92
3
 72
0
 73
1
 93
4
 10
1227.7
 20
0.0
 10
1296.7
 20
0.0
 10
1296.7
 20
7.0
 10
1227.7
 20
7.0
 97
0
 75
1
 76
1
 52
0.0
 41
0.5
 77
0
 78
1
 53
45.0
 43
0.0
 44
0.0
 45
-1.1225320152
 46
1.1225320152
 79
0
 98
0
  0
LWPOLYLINE
  5
276
330
17
100
AcDbEntity
  8
SCO-___-LAJ
100
AcDbPolyline
 90
4
 70
1
 10
1296.7
 20
0.0
 10
1372.7
 20
0.0
 10
1372.7
 20
7.0
 10
1296.7
 20
7.0
  0
HATCH
  5
277
330
17
100
AcDbEntity
  8
COTA
 62
7
100
AcDbHatch
 10
0.0
 20
0.0
 30
0.0
210
0.0
220
0.0
230
1.0
  2
ANSI31
 70
0
 71
0
 91
1
 92
3
 72
0
 73
1
 93
4
 10
1296.7
 20
0.0
 10
1372.7
 20
0.0
 10
1372.7
 20
7.0
 10
1296.7
 20
7.0
 97
0
 75
1
 76
1
 52
0.0
 41
0.5
 77
0
 78
1
 53
45.0
 43
0.0
 44
0.0
 45
-1.1225320152
 46
1.1225320152
 79
0
 98
0
  0
LWPOLYLINE
  5
278
330
17
100
AcDbEntity
  8
SCO-___-LAJ
100
AcDbPolyline
 90
4
 70
1
 10
1372.7
 20
0.0
 10
1462.7
 20
0.0
 10
1462.7
 20
7.0
 10
1372.7
 20
7.0
  0
HATCH
  5
279
330
17
100
AcDbEntity
  8
COTA
 62
7
100
AcDbHatch
 10
0.0
 20
0.0
 30
0.0
210
0.0
220
0.0
230
1.0
  2
ANSI31
 70
0
 71
0
 91
1
 92
3
 72
0
 73
1
 93
4
 10
1372.7
 20
0.0
 10
1462.7
 20
0.0
 10
1462.7
 20
7.0
 10
1372.7
 20
7.0
 97
0
 75
1
 76
1
 52
0.0
 41
0.5
 77
0
 78
1
 53
45.0
 43
0.0
 44
0.0
 45
-1.1225320152
 46
1.1225320152
 79
0
 98
0
  0
LWPOLYLINE
  5
27A
330
17
100
AcDbEntity
  8
SCO-___-LAJ
100
AcDbPolyline
 90
4
 70
1
 10
1462.7
 20
0.0
 10
1572.7
 20
0.0
 10
1572.7
 20
7.0
 10
1462.7
 20
7.0
  0
HATCH
  5
27B
330
17
100
AcDbEntity
  8
COTA
 62
7
100
AcDbHatch
 10
0.0
 20
0.0
 30
0.0
210
0.0
220
0.0
230
1.0
  2
ANSI31
 70
0
 71
0
 91
1
 92
3
 72
0
 73
1
 93
4
 10
1462.7
 20
0.0
 10
1572.7
 20
0.0
 10
1572.7
 20
7.0
 10
1462.7
 20
7.0
 97
0
 75
1
 76
1
 52
0.0
 41
0.5
 77
0
 78
1
 53
45.0
 43
0.0
 44
0.0
 45
-1.1225320152
 46
1.1225320152
 79
0
 98
0
  0
LWPOLYLINE
  5
27C
330
17
100
AcDbEntity
  8
SCO-___-LAJ
100
AcDbPolyline
 90
4
 70
1
 10
1572.7
 20
0.0
 10
1711.7
 20
0.0
 10
1711.7
 20
7.0
 10
1572.7
 20
7.0
  0
HATCH
  5
27D
330
17
100
AcDbEntity
  8
COTA
 62
7
100
AcDbHatch
 10
0.0
 20
0.0
 30
0.0
210
0.0
220
0.0
230
1.0
  2
ANSI31
 70
0
 71
0
 91
1
 92
3
 72
0
 73
1
 93
4
 10
1572.7
 20
0.0
 10
1711.7
 20
0.0
 10
1711.7
 20
7.0
 10
1572.7
 20
7.0
 97
0
 75
1
 76
1
 52
0.0
 41
0.5
 77
0
 78
1
 53
45.0
 43
0.0
 44
0.0
 45
-1.1225320152
 46
1.1225320152
 79
0
 98
0
  0
LWPOLYLINE
  5
27E
330
17
100
AcDbEntity
  8
SCO-___-LAJ
100
AcDbPolyline
 90
4
 70
1
 10
1711.7
 20
0.0
 10
1852.4
 20
0.0
 10
1852.4
 20
7.0
 10
1711.7
 20
7.0
  0
HATCH
  5
27F
330
17
100
AcDbEntity
  8
COTA
 62
7
100
AcDbHatch
 10
0.0
 20
0.0
 30
0.0
210
0.0
220
0.0
230
1.0
  2
ANSI31
 70
0
 71
0
 91
1
 92
3
 72
0
 73
1
 93
4
 10
1711.7
 20
0.0
 10
1852.4
 20
0.0
 10
1852.4
 20
7.0
 10
1711.7
 20
7.0
 97
0
 75
1
 76
1
 52
0.0
 41
0.5
 77
0
 78
1
 53
45.0
 43
0.0
 44
0.0
 45
-1.1225320152
 46
1.1225320152
 79
0
 98
0
  0
LWPOLYLINE
  5
280
330
17
100
AcDbEntity
  8
SCO-___-LAJ
100
AcDbPolyline
 90
4
 70
1
 10
1852.4
 20
0.0
 10
1993.4
 20
0.0
 10
1993.4
 20
7.0
 10
1852.4
 20
7.0
  0
HATCH
  5
281
330
17
100
AcDbEntity
  8
COTA
 62
7
100
AcDbHatch
 10
0.0
 20
0.0
 30
0.0
210
0.0
220
0.0
230
1.0
  2
ANSI31
 70
0
 71
0
 91
1
 92
3
 72
0
 73
1
 93
4
 10
1852.4
 20
0.0
 10
1993.4
 20
0.0
 10
1993.4
 20
7.0
 10
1852.4
 20
7.0
 97
0
 75
1
 76
1
 52
0.0
 41
0.5
 77
0
 78
1
 53
45.0
 43
0.0
 44
0.0
 45
-1.1225320152
 46
1.1225320152
 79
0
 98
0
  0
LINE
  5
282
330
17
100
AcDbEntity
  8
Painéis
100
AcDbLine
 10
1117.7
 20
-46.0
 30
0.0
 11
1162.7
 21
-46.0
 31
0.0
  0
LINE
  5
283
330
17
100
AcDbEntity
  8
Painéis
100
AcDbLine
 10
1117.7
 20
0.0
 30
0.0
 11
1162.7
 21
0.0
 31
0.0
  0
LINE
  5
284
330
17
100
AcDbEntity
  8
Painéis
100
AcDbLine
 10
1117.7
 20
-46.0
 30
0.0
 11
1117.7
 21
0.0
 31
0.0
  0
LINE
  5
285
330
17
100
AcDbEntity
  8
Painéis
100
AcDbLine
 10
1162.7
 20
-46.0
 30
0.0
 11
1162.7
 21
0.0
 31
0.0
  0
LINE
  5
286
330
17
100
AcDbEntity
  8
Painéis
100
AcDbLine
 10
1162.7
 20
-46.0
 30
0.0
 11
1162.7
 21
0.0
 31
0.0
  0
LINE
  5
287
330
17
100
AcDbEntity
  8
Painéis
100
AcDbLine
 10
1162.7
 20
-46.0
 30
0.0
 11
1227.7
 21
-46.0
 31
0.0
  0
LINE
  5
288
330
17
100
AcDbEntity
  8
Painéis
100
AcDbLine
 10
1162.7
 20
0.0
 30
0.0
 11
1227.7
 21
0.0
 31
0.0
  0
LINE
  5
289
330
17
100
AcDbEntity
  8
Painéis
100
AcDbLine
 10
1162.7
 20
-46.0
 30
0.0
 11
1162.7
 21
0.0
 31
0.0
  0
LINE
  5
28A
330
17
100
AcDbEntity
  8
Painéis
100
AcDbLine
 10
1227.7
 20
-46.0
 30
0.0
 11
1227.7
 21
0.0
 31
0.0
  0
LINE
  5
28B
330
17
100
AcDbEntity
  8
Painéis
100
AcDbLine
 10
1227.7
 20
-46.0
 30
0.0
 11
1227.7
 21
0.0
 31
0.0
  0
LINE
  5
28C
330
17
100
AcDbEntity
  8
Painéis
100
AcDbLine
 10
1227.7
 20
-46.0
 30
0.0
 11
1296.7
 21
-46.0
 31
0.0
  0
LINE
  5
28D
330
17
100
AcDbEntity
  8
Painéis
100
AcDbLine
 10
1227.7
 20
0.0
 30
0.0
 11
1296.7
 21
0.0
 31
0.0
  0
LINE
  5
28E
330
17
100
AcDbEntity
  8
Painéis
100
AcDbLine
 10
1227.7
 20
-46.0
 30
0.0
 11
1227.7
 21
0.0
 31
0.0
  0
LINE
  5
28F
330
17
100
AcDbEntity
  8
Painéis
100
AcDbLine
 10
1296.7
 20
-46.0
 30
0.0
 11
1296.7
 21
0.0
 31
0.0
  0
LINE
  5
290
330
17
100
AcDbEntity
  8
Painéis
100
AcDbLine
 10
1296.7
 20
-46.0
 30
0.0
 11
1296.7
 21
0.0
 31
0.0
  0
LINE
  5
291
330
17
100
AcDbEntity
  8
Painéis
100
AcDbLine
 10
1296.7
 20
-46.0
 30
0.0
 11
1372.7
 21
-46.0
 31
0.0
  0
LINE
  5
292
330
17
100
AcDbEntity
  8
Painéis
100
AcDbLine
 10
1296.7
 20
0.0
 30
0.0
 11
1372.7
 21
0.0
 31
0.0
  0
LINE
  5
293
330
17
100
AcDbEntity
  8
Painéis
100
AcDbLine
 10
1296.7
 20
-46.0
 30
0.0
 11
1296.7
 21
0.0
 31
0.0
  0
LINE
  5
294
330
17
100
AcDbEntity
  8
Painéis
100
AcDbLine
 10
1372.7
 20
-46.0
 30
0.0
 11
1372.7
 21
0.0
 31
0.0
  0
LINE
  5
295
330
17
100
AcDbEntity
  8
Painéis
100
AcDbLine
 10
1372.7
 20
-46.0
 30
0.0
 11
1372.7
 21
0.0
 31
0.0
  0
LINE
  5
296
330
17
100
AcDbEntity
  8
Painéis
100
AcDbLine
 10
1372.7
 20
-46.0
 30
0.0
 11
1462.7
 21
-46.0
 31
0.0
  0
LINE
  5
297
330
17
100
AcDbEntity
  8
Painéis
100
AcDbLine
 10
1372.7
 20
0.0
 30
0.0
 11
1462.7
 21
0.0
 31
0.0
  0
LINE
  5
298
330
17
100
AcDbEntity
  8
Painéis
100
AcDbLine
 10
1372.7
 20
-46.0
 30
0.0
 11
1372.7
 21
0.0
 31
0.0
  0
LINE
  5
299
330
17
100
AcDbEntity
  8
Painéis
100
AcDbLine
 10
1462.7
 20
-46.0
 30
0.0
 11
1462.7
 21
0.0
 31
0.0
  0
LINE
  5
29A
330
17
100
AcDbEntity
  8
Painéis
100
AcDbLine
 10
1462.7
 20
-46.0
 30
0.0
 11
1462.7
 21
0.0
 31
0.0
  0
LINE
  5
29B
330
17
100
AcDbEntity
  8
Painéis
100
AcDbLine
 10
1462.7
 20
-46.0
 30
0.0
 11
1572.7
 21
-46.0
 31
0.0
  0
LINE
  5
29C
330
17
100
AcDbEntity
  8
Painéis
100
AcDbLine
 10
1462.7
 20
0.0
 30
0.0
 11
1572.7
 21
0.0
 31
0.0
  0
LINE
  5
29D
330
17
100
AcDbEntity
  8
Painéis
100
AcDbLine
 10
1462.7
 20
-46.0
 30
0.0
 11
1462.7
 21
0.0
 31
0.0
  0
LINE
  5
29E
330
17
100
AcDbEntity
  8
Painéis
100
AcDbLine
 10
1572.7
 20
-46.0
 30
0.0
 11
1572.7
 21
0.0
 31
0.0
  0
LINE
  5
29F
330
17
100
AcDbEntity
  8
Painéis
100
AcDbLine
 10
1572.7
 20
-46.0
 30
0.0
 11
1572.7
 21
0.0
 31
0.0
  0
LINE
  5
2A0
330
17
100
AcDbEntity
  8
Painéis
100
AcDbLine
 10
1572.7
 20
-46.0
 30
0.0
 11
1711.7
 21
-46.0
 31
0.0
  0
LINE
  5
2A1
330
17
100
AcDbEntity
  8
Painéis
100
AcDbLine
 10
1572.7
 20
0.0
 30
0.0
 11
1711.7
 21
0.0
 31
0.0
  0
LINE
  5
2A2
330
17
100
AcDbEntity
  8
Painéis
100
AcDbLine
 10
1572.7
 20
-46.0
 30
0.0
 11
1572.7
 21
0.0
 31
0.0
  0
LINE
  5
2A3
330
17
100
AcDbEntity
  8
Painéis
100
AcDbLine
 10
1711.7
 20
-46.0
 30
0.0
 11
1711.7
 21
0.0
 31
0.0
  0
LINE
  5
2A4
330
17
100
AcDbEntity
  8
Painéis
100
AcDbLine
 10
1711.7
 20
-46.0
 30
0.0
 11
1711.7
 21
0.0
 31
0.0
  0
LINE
  5
2A5
330
17
100
AcDbEntity
  8
Painéis
100
AcDbLine
 10
1711.7
 20
-46.0
 30
0.0
 11
1852.4
 21
-46.0
 31
0.0
  0
LINE
  5
2A6
330
17
100
AcDbEntity
  8
Painéis
100
AcDbLine
 10
1711.7
 20
0.0
 30
0.0
 11
1852.4
 21
0.0
 31
0.0
  0
LINE
  5
2A7
330
17
100
AcDbEntity
  8
Painéis
100
AcDbLine
 10
1711.7
 20
-46.0
 30
0.0
 11
1711.7
 21
0.0
 31
0.0
  0
LINE
  5
2A8
330
17
100
AcDbEntity
  8
Painéis
100
AcDbLine
 10
1852.4
 20
-46.0
 30
0.0
 11
1852.4
 21
0.0
 31
0.0
  0
LINE
  5
2A9
330
17
100
AcDbEntity
  8
Painéis
100
AcDbLine
 10
1852.4
 20
-46.0
 30
0.0
 11
1852.4
 21
0.0
 31
0.0
  0
LINE
  5
2AA
330
17
100
AcDbEntity
  8
Painéis
100
AcDbLine
 10
1852.4
 20
-46.0
 30
0.0
 11
1993.4
 21
-46.0
 31
0.0
  0
LINE
  5
2AB
330
17
100
AcDbEntity
  8
Painéis
100
AcDbLine
 10
1852.4
 20
0.0
 30
0.0
 11
1993.4
 21
0.0
 31
0.0
  0
LINE
  5
2AC
330
17
100
AcDbEntity
  8
Painéis
100
AcDbLine
 10
1852.4
 20
-46.0
 30
0.0
 11
1852.4
 21
0.0
 31
0.0
  0
LINE
  5
2AD
330
17
100
AcDbEntity
  8
Painéis
100
AcDbLine
 10
1993.4
 20
-46.0
 30
0.0
 11
1993.4
 21
0.0
 31
0.0
  0
LINE
  5
2AE
330
17
100
AcDbEntity
  8
SARR_2.2x7
100
AcDbLine
 10
1124.7
 20
-46.0
 30
0.0
 11
1124.7
 21
0.0
 31
0.0
  0
LINE
  5
2AF
330
17
100
AcDbEntity
  8
SARR_2.2x7
100
AcDbLine
 10
1986.4
 20
-46.0
 30
0.0
 11
1986.4
 21
0.0
 31
0.0
  0
LINE
  5
2B0
330
17
100
AcDbEntity
  8
SARR_3.5x7
100
AcDbLine
 10
1132.7
 20
-46.0
 30
0.0
 11
1132.7
 21
0.0
 31
0.0
  0
LINE
  5
2B1
330
17
100
AcDbEntity
  8
SARR_3.5x7
100
AcDbLine
 10
1136.2
 20
-46.0
 30
0.0
 11
1136.2
 21
-2.200000000000003
 31
0.0
  0
LINE
  5
2B2
330
17
100
AcDbEntity
  8
SARR_3.5x7
100
AcDbLine
 10
1132.7
 20
-46.0
 30
0.0
 11
1136.2
 21
-46.0
 31
0.0
  0
LINE
  5
2B3
330
17
100
AcDbEntity
  8
SARR_3.5x7
100
AcDbLine
 10
1159.2
 20
-46.0
 30
0.0
 11
1159.2
 21
-2.200000000000003
 31
0.0
  0
LINE
  5
2B4
330
17
100
AcDbEntity
  8
SARR_3.5x7
100
AcDbLine
 10
1162.7
 20
-46.0
 30
0.0
 11
1162.7
 21
0.0
 31
0.0
  0
LINE
  5
2B5
330
17
100
AcDbEntity
  8
SARR_3.5x7
100
AcDbLine
 10
1159.2
 20
-46.0
 30
0.0
 11
1162.7
 21
-46.0
 31
0.0
  0
LINE
  5
2B6
330
17
100
AcDbEntity
  8
SARR_3.5x7
100
AcDbLine
 10
1162.7
 20
-46.0
 30
0.0
 11
1162.7
 21
0.0
 31
0.0
  0
LINE
  5
2B7
330
17
100
AcDbEntity
  8
SARR_3.5x7
100
AcDbLine
 10
1166.2
 20
-46.0
 30
0.0
 11
1166.2
 21
-2.200000000000003
 31
0.0
  0
LINE
  5
2B8
330
17
100
AcDbEntity
  8
SARR_3.5x7
100
AcDbLine
 10
1162.7
 20
-46.0
 30
0.0
 11
1166.2
 21
-46.0
 31
0.0
  0
LINE
  5
2B9
330
17
100
AcDbEntity
  8
SARR_3.5x7
100
AcDbLine
 10
1224.2
 20
-46.0
 30
0.0
 11
1224.2
 21
-2.200000000000003
 31
0.0
  0
LINE
  5
2BA
330
17
100
AcDbEntity
  8
SARR_3.5x7
100
AcDbLine
 10
1227.7
 20
-46.0
 30
0.0
 11
1227.7
 21
0.0
 31
0.0
  0
LINE
  5
2BB
330
17
100
AcDbEntity
  8
SARR_3.5x7
100
AcDbLine
 10
1224.2
 20
-46.0
 30
0.0
 11
1227.7
 21
-46.0
 31
0.0
  0
LINE
  5
2BC
330
17
100
AcDbEntity
  8
SARR_3.5x7
100
AcDbLine
 10
1227.7
 20
-46.0
 30
0.0
 11
1227.7
 21
0.0
 31
0.0
  0
LINE
  5
2BD
330
17
100
AcDbEntity
  8
SARR_3.5x7
100
AcDbLine
 10
1231.2
 20
-46.0
 30
0.0
 11
1231.2
 21
-2.200000000000003
 31
0.0
  0
LINE
  5
2BE
330
17
100
AcDbEntity
  8
SARR_3.5x7
100
AcDbLine
 10
1227.7
 20
-46.0
 30
0.0
 11
1231.2
 21
-46.0
 31
0.0
  0
LINE
  5
2BF
330
17
100
AcDbEntity
  8
SARR_3.5x7
100
AcDbLine
 10
1293.2
 20
-46.0
 30
0.0
 11
1293.2
 21
-2.200000000000003
 31
0.0
  0
LINE
  5
2C0
330
17
100
AcDbEntity
  8
SARR_3.5x7
100
AcDbLine
 10
1296.7
 20
-46.0
 30
0.0
 11
1296.7
 21
0.0
 31
0.0
  0
LINE
  5
2C1
330
17
100
AcDbEntity
  8
SARR_3.5x7
100
AcDbLine
 10
1293.2
 20
-46.0
 30
0.0
 11
1296.7
 21
-46.0
 31
0.0
  0
LINE
  5
2C2
330
17
100
AcDbEntity
  8
SARR_3.5x7
100
AcDbLine
 10
1296.7
 20
-46.0
 30
0.0
 11
1296.7
 21
0.0
 31
0.0
  0
LINE
  5
2C3
330
17
100
AcDbEntity
  8
SARR_3.5x7
100
AcDbLine
 10
1300.2
 20
-46.0
 30
0.0
 11
1300.2
 21
-2.200000000000003
 31
0.0
  0
LINE
  5
2C4
330
17
100
AcDbEntity
  8
SARR_3.5x7
100
AcDbLine
 10
1296.7
 20
-46.0
 30
0.0
 11
1300.2
 21
-46.0
 31
0.0
  0
LINE
  5
2C5
330
17
100
AcDbEntity
  8
SARR_3.5x7
100
AcDbLine
 10
1369.2
 20
-46.0
 30
0.0
 11
1369.2
 21
-2.200000000000003
 31
0.0
  0
LINE
  5
2C6
330
17
100
AcDbEntity
  8
SARR_3.5x7
100
AcDbLine
 10
1372.7
 20
-46.0
 30
0.0
 11
1372.7
 21
0.0
 31
0.0
  0
LINE
  5
2C7
330
17
100
AcDbEntity
  8
SARR_3.5x7
100
AcDbLine
 10
1369.2
 20
-46.0
 30
0.0
 11
1372.7
 21
-46.0
 31
0.0
  0
LINE
  5
2C8
330
17
100
AcDbEntity
  8
SARR_3.5x7
100
AcDbLine
 10
1372.7
 20
-46.0
 30
0.0
 11
1372.7
 21
0.0
 31
0.0
  0
LINE
  5
2C9
330
17
100
AcDbEntity
  8
SARR_3.5x7
100
AcDbLine
 10
1376.2
 20
-46.0
 30
0.0
 11
1376.2
 21
-2.200000000000003
 31
0.0
  0
LINE
  5
2CA
330
17
100
AcDbEntity
  8
SARR_3.5x7
100
AcDbLine
 10
1372.7
 20
-46.0
 30
0.0
 11
1376.2
 21
-46.0
 31
0.0
  0
LINE
  5
2CB
330
17
100
AcDbEntity
  8
SARR_3.5x7
100
AcDbLine
 10
1459.2
 20
-46.0
 30
0.0
 11
1459.2
 21
-2.200000000000003
 31
0.0
  0
LINE
  5
2CC
330
17
100
AcDbEntity
  8
SARR_3.5x7
100
AcDbLine
 10
1462.7
 20
-46.0
 30
0.0
 11
1462.7
 21
0.0
 31
0.0
  0
LINE
  5
2CD
330
17
100
AcDbEntity
  8
SARR_3.5x7
100
AcDbLine
 10
1459.2
 20
-46.0
 30
0.0
 11
1462.7
 21
-46.0
 31
0.0
  0
LINE
  5
2CE
330
17
100
AcDbEntity
  8
SARR_3.5x7
100
AcDbLine
 10
1462.7
 20
-46.0
 30
0.0
 11
1462.7
 21
0.0
 31
0.0
  0
LINE
  5
2CF
330
17
100
AcDbEntity
  8
SARR_3.5x7
100
AcDbLine
 10
1466.2
 20
-46.0
 30
0.0
 11
1466.2
 21
-2.200000000000003
 31
0.0
  0
LINE
  5
2D0
330
17
100
AcDbEntity
  8
SARR_3.5x7
100
AcDbLine
 10
1462.7
 20
-46.0
 30
0.0
 11
1466.2
 21
-46.0
 31
0.0
  0
LINE
  5
2D1
330
17
100
AcDbEntity
  8
SARR_3.5x7
100
AcDbLine
 10
1569.2
 20
-46.0
 30
0.0
 11
1569.2
 21
-2.200000000000003
 31
0.0
  0
LINE
  5
2D2
330
17
100
AcDbEntity
  8
SARR_3.5x7
100
AcDbLine
 10
1572.7
 20
-46.0
 30
0.0
 11
1572.7
 21
0.0
 31
0.0
  0
LINE
  5
2D3
330
17
100
AcDbEntity
  8
SARR_3.5x7
100
AcDbLine
 10
1569.2
 20
-46.0
 30
0.0
 11
1572.7
 21
-46.0
 31
0.0
  0
LINE
  5
2D4
330
17
100
AcDbEntity
  8
SARR_3.5x7
100
AcDbLine
 10
1572.7
 20
-46.0
 30
0.0
 11
1572.7
 21
0.0
 31
0.0
  0
LINE
  5
2D5
330
17
100
AcDbEntity
  8
SARR_3.5x7
100
AcDbLine
 10
1576.2
 20
-46.0
 30
0.0
 11
1576.2
 21
-2.200000000000003
 31
0.0
  0
LINE
  5
2D6
330
17
100
AcDbEntity
  8
SARR_3.5x7
100
AcDbLine
 10
1572.7
 20
-46.0
 30
0.0
 11
1576.2
 21
-46.0
 31
0.0
  0
LINE
  5
2D7
330
17
100
AcDbEntity
  8
SARR_3.5x7
100
AcDbLine
 10
1708.2
 20
-46.0
 30
0.0
 11
1708.2
 21
-2.200000000000003
 31
0.0
  0
LINE
  5
2D8
330
17
100
AcDbEntity
  8
SARR_3.5x7
100
AcDbLine
 10
1711.7
 20
-46.0
 30
0.0
 11
1711.7
 21
0.0
 31
0.0
  0
LINE
  5
2D9
330
17
100
AcDbEntity
  8
SARR_3.5x7
100
AcDbLine
 10
1708.2
 20
-46.0
 30
0.0
 11
1711.7
 21
-46.0
 31
0.0
  0
LINE
  5
2DA
330
17
100
AcDbEntity
  8
SARR_3.5x7
100
AcDbLine
 10
1711.7
 20
-46.0
 30
0.0
 11
1711.7
 21
0.0
 31
0.0
  0
LINE
  5
2DB
330
17
100
AcDbEntity
  8
SARR_3.5x7
100
AcDbLine
 10
1715.2
 20
-46.0
 30
0.0
 11
1715.2
 21
-2.200000000000003
 31
0.0
  0
LINE
  5
2DC
330
17
100
AcDbEntity
  8
SARR_3.5x7
100
AcDbLine
 10
1711.7
 20
-46.0
 30
0.0
 11
1715.2
 21
-46.0
 31
0.0
  0
LINE
  5
2DD
330
17
100
AcDbEntity
  8
SARR_3.5x7
100
AcDbLine
 10
1848.9
 20
-46.0
 30
0.0
 11
1848.9
 21
-2.200000000000003
 31
0.0
  0
LINE
  5
2DE
330
17
100
AcDbEntity
  8
SARR_3.5x7
100
AcDbLine
 10
1852.4
 20
-46.0
 30
0.0
 11
1852.4
 21
0.0
 31
0.0
  0
LINE
  5
2DF
330
17
100
AcDbEntity
  8
SARR_3.5x7
100
AcDbLine
 10
1848.9
 20
-46.0
 30
0.0
 11
1852.4
 21
-46.0
 31
0.0
  0
LINE
  5
2E0
330
17
100
AcDbEntity
  8
SARR_3.5x7
100
AcDbLine
 10
1852.4
 20
-46.0
 30
0.0
 11
1852.4
 21
0.0
 31
0.0
  0
LINE
  5
2E1
330
17
100
AcDbEntity
  8
SARR_3.5x7
100
AcDbLine
 10
1855.9
 20
-46.0
 30
0.0
 11
1855.9
 21
-2.200000000000003
 31
0.0
  0
LINE
  5
2E2
330
17
100
AcDbEntity
  8
SARR_3.5x7
100
AcDbLine
 10
1852.4
 20
-46.0
 30
0.0
 11
1855.9
 21
-46.0
 31
0.0
  0
LINE
  5
2E3
330
17
100
AcDbEntity
  8
SARR_3.5x7
100
AcDbLine
 10
1974.9
 20
-46.0
 30
0.0
 11
1974.9
 21
-2.200000000000003
 31
0.0
  0
LINE
  5
2E4
330
17
100
AcDbEntity
  8
SARR_3.5x7
100
AcDbLine
 10
1978.4
 20
-46.0
 30
0.0
 11
1978.4
 21
0.0
 31
0.0
  0
LINE
  5
2E5
330
17
100
AcDbEntity
  8
SARR_3.5x7
100
AcDbLine
 10
1974.9
 20
-46.0
 30
0.0
 11
1978.4
 21
-46.0
 31
0.0
  0
LINE
  5
2E6
330
17
100
AcDbEntity
  8
SARR_2.2x7
100
AcDbLine
 10
1132.7
 20
-2.200000000000003
 30
0.0
 11
1162.7
 21
-2.200000000000003
 31
0.0
  0
LINE
  5
2E7
330
17
100
AcDbEntity
  8
SARR_2.2x7
100
AcDbLine
 10
1162.7
 20
-2.200000000000003
 30
0.0
 11
1227.7
 21
-2.200000000000003
 31
0.0
  0
LINE
  5
2E8
330
17
100
AcDbEntity
  8
SARR_2.2x7
100
AcDbLine
 10
1227.7
 20
-2.200000000000003
 30
0.0
 11
1296.7
 21
-2.200000000000003
 31
0.0
  0
LINE
  5
2E9
330
17
100
AcDbEntity
  8
SARR_2.2x7
100
AcDbLine
 10
1296.7
 20
-2.200000000000003
 30
0.0
 11
1372.7
 21
-2.200000000000003
 31
0.0
  0
LINE
  5
2EA
330
17
100
AcDbEntity
  8
SARR_2.2x7
100
AcDbLine
 10
1372.7
 20
-2.200000000000003
 30
0.0
 11
1462.7
 21
-2.200000000000003
 31
0.0
  0
LINE
  5
2EB
330
17
100
AcDbEntity
  8
SARR_2.2x7
100
AcDbLine
 10
1462.7
 20
-2.200000000000003
 30
0.0
 11
1572.7
 21
-2.200000000000003
 31
0.0
  0
LINE
  5
2EC
330
17
100
AcDbEntity
  8
SARR_2.2x7
100
AcDbLine
 10
1572.7
 20
-2.200000000000003
 30
0.0
 11
1711.7
 21
-2.200000000000003
 31
0.0
  0
LINE
  5
2ED
330
17
100
AcDbEntity
  8
SARR_2.2x7
100
AcDbLine
 10
1711.7
 20
-2.200000000000003
 30
0.0
 11
1852.4
 21
-2.200000000000003
 31
0.0
  0
LINE
  5
2EE
330
17
100
AcDbEntity
  8
SARR_2.2x7
100
AcDbLine
 10
1852.4
 20
-2.200000000000003
 30
0.0
 11
1978.4
 21
-2.200000000000003
 31
0.0
  0
TEXT
  5
2EF
330
17
100
AcDbEntity
  8
NOMENCLATURA
100
AcDbText
 10
1120.7
 20
16.0
 30
0.0
 40
16.5
  1
V5-V7-V24.B
100
AcDbText
  0
TEXT
  5
2F0
330
17
100
AcDbEntity
  8
5
100
AcDbText
 10
1140.2
 20
-19.0
 30
0.0
 40
12.0
  1
1
 72
1
 11
1140.2
 21
-19.0
 31
0.0
100
AcDbText
 73
2
  0
TEXT
  5
2F1
330
17
100
AcDbEntity
  8
5
100
AcDbText
 10
1140.2
 20
-33.0
 30
0.0
 40
7.0
  1
45
 72
1
 11
1140.2
 21
-33.0
 31
0.0
100
AcDbText
 73
2
  0
MTEXT
  5
2F2
330
17
100
AcDbEntity
  8
texto
100
AcDbMText
 10
1140.2
 20
-43.0
 30
0.0
 40
6.0
 71
5
  1
2 1/2pont
  0
TEXT
  5
2F3
330
17
100
AcDbEntity
  8
5
100
AcDbText
 10
1195.2
 20
-19.0
 30
0.0
 40
12.0
  1
2
 72
1
 11
1195.2
 21
-19.0
 31
0.0
100
AcDbText
 73
2
  0
TEXT
  5
2F4
330
17
100
AcDbEntity
  8
5
100
AcDbText
 10
1195.2
 20
-33.0
 30
0.0
 40
7.0
  1
65
 72
1
 11
1195.2
 21
-33.0
 31
0.0
100
AcDbText
 73
2
  0
MTEXT
  5
2F5
330
17
100
AcDbEntity
  8
texto
100
AcDbMText
 10
1195.2
 20
-43.0
 30
0.0
 40
6.0
 71
5
  1
3 1/2pont
  0
TEXT
  5
2F6
330
17
100
AcDbEntity
  8
5
100
AcDbText
 10
1262.2
 20
-19.0
 30
0.0
 40
12.0
  1
3
 72
1
 11
1262.2
 21
-19.0
 31
0.0
100
AcDbText
 73
2
  0
TEXT
  5
2F7
330
17
100
AcDbEntity
  8
5
100
AcDbText
 10
1262.2
 20
-33.0
 30
0.0
 40
7.0
  1
69
 72
1
 11
1262.2
 21
-33.0
 31
0.0
100
AcDbText
 73
2
  0
MTEXT
  5
2F8
330
17
100
AcDbEntity
  8
texto
100
AcDbMText
 10
1262.2
 20
-43.0
 30
0.0
 40
6.0
 71
5
  1
3 1/2pont
  0
TEXT
  5
2F9
330
17
100
AcDbEntity
  8
5
100
AcDbText
 10
1334.7
 20
-19.0
 30
0.0
 40
12.0
  1
4
 72
1
 11
1334.7
 21
-19.0
 31
0.0
100
AcDbText
 73
2
  0
TEXT
  5
2FA
330
17
100
AcDbEntity
  8
5
100
AcDbText
 10
1334.7
 20
-33.0
 30
0.0
 40
7.0
  1
76
 72
1
 11
1334.7
 21
-33.0
 31
0.0
100
AcDbText
 73
2
  0
MTEXT
  5
2FB
330
17
100
AcDbEntity
  8
texto
100
AcDbMText
 10
1334.7
 20
-43.0
 30
0.0
 40
6.0
 71
5
  1
3 1/2pont
  0
TEXT
  5
2FC
330
17
100
AcDbEntity
  8
5
100
AcDbText
 10
1417.7
 20
-19.0
 30
0.0
 40
12.0
  1
5
 72
1
 11
1417.7
 21
-19.0
 31
0.0
100
AcDbText
 73
2
  0
TEXT
  5
2FD
330
17
100
AcDbEntity
  8
5
100
AcDbText
 10
1417.7
 20
-33.0
 30
0.0
 40
7.0
  1
90
 72
1
 11
1417.7
 21
-33.0
 31
0.0
100
AcDbText
 73
2
  0
MTEXT
  5
2FE
330
17
100
AcDbEntity
  8
texto
100
AcDbMText
 10
1417.7
 20
-43.0
 30
0.0
 40
6.0
 71
5
  1
4 1/2pont
  0
TEXT
  5
2FF
330
17
100
AcDbEntity
  8
5
100
AcDbText
 10
1517.7
 20
-19.0
 30
0.0
 40
12.0
  1
6
 72
1
 11
1517.7
 21
-19.0
 31
0.0
100
AcDbText
 73
2
  0
TEXT
  5
300
330
17
100
AcDbEntity
  8
5
100
AcDbText
 10
1517.7
 20
-33.0
 30
0.0
 40
7.0
  1
110
 72
1
 11
1517.7
 21
-33.0
 31
0.0
100
AcDbText
 73
2
  0
MTEXT
  5
301
330
17
100
AcDbEntity
  8
texto
100
AcDbMText
 10
1517.7
 20
-43.0
 30
0.0
 40
6.0
 71
5
  1
5 1/2pont
  0
TEXT
  5
302
330
17
100
AcDbEntity
  8
5
100
AcDbText
 10
1642.2
 20
-19.0
 30
0.0
 40
12.0
  1
7
 72
1
 11
1642.2
 21
-19.0
 31
0.0
100
AcDbText
 73
2
  0
TEXT
  5
303
330
17
100
AcDbEntity
  8
5
100
AcDbText
 10
1642.2
 20
-33.0
 30
0.0
 40
7.0
  1
139
 72
1
 11
1642.2
 21
-33.0
 31
0.0
100
AcDbText
 73
2
  0
MTEXT
  5
304
330
17
100
AcDbEntity
  8
texto
100
AcDbMText
 10
1642.2
 20
-43.0
 30
0.0
 40
6.0
 71
5
  1
6 1/2pont
  0
TEXT
  5
305
330
17
100
AcDbEntity
  8
5
100
AcDbText
 10
1782.05
 20
-19.0
 30
0.0
 40
12.0
  1
8
 72
1
 11
1782.05
 21
-19.0
 31
0.0
100
AcDbText
 73
2
  0
TEXT
  5
306
330
17
100
AcDbEntity
  8
5
100
AcDbText
 10
1782.05
 20
-33.0
 30
0.0
 40
7.0
  1
141
 72
1
 11
1782.05
 21
-33.0
 31
0.0
100
AcDbText
 73
2
  0
MTEXT
  5
307
330
17
100
AcDbEntity
  8
texto
100
AcDbMText
 10
1782.05
 20
-43.0
 30
0.0
 40
6.0
 71
5
  1
6 1/2pont
  0
TEXT
  5
308
330
17
100
AcDbEntity
  8
5
100
AcDbText
 10
1922.9
 20
-19.0
 30
0.0
 40
12.0
  1
9
 72
1
 11
1922.9
 21
-19.0
 31
0.0
100
AcDbText
 73
2
  0
TEXT
  5
309
330
17
100
AcDbEntity
  8
5
100
AcDbText
 10
1922.9
 20
-33.0
 30
0.0
 40
7.0
  1
141
 72
1
 11
1922.9
 21
-33.0
 31
0.0
100
AcDbText
 73
2
  0
MTEXT
  5
30A
330
17
100
AcDbEntity
  8
texto
100
AcDbMText
 10
1922.9
 20
-43.0
 30
0.0
 40
6.0
 71
5
  1
6 1/2pont
  0
DIMENSION
  5
30B
330
17
100
AcDbEntity
  8
COTA
100
AcDbDimension
280
0
  2
*D21
  3
PAINEL
 10
1117.7
 20
-83.0
 30
0.0
 11
1140.2
 21
-75.0
 31
0.0
 70
32
 71
5
  1
<>
100
AcDbAlignedDimension
 13
1117.7
 23
-46.0
 33
0.0
 14
1162.7
 24
-46.0
 34
0.0
 50
0.0
100
AcDbRotatedDimension
  0
DIMENSION
  5
31A
330
17
100
AcDbEntity
  8
COTA
100
AcDbDimension
280
0
  2
*D22
  3
PAINEL
 10
1162.7
 20
-83.0
 30
0.0
 11
1195.2
 21
-75.0
 31
0.0
 70
32
 71
5
  1
<>
100
AcDbAlignedDimension
 13
1162.7
 23
-46.0
 33
0.0
 14
1227.7
 24
-46.0
 34
0.0
 50
0.0
100
AcDbRotatedDimension
  0
DIMENSION
  5
329
330
17
100
AcDbEntity
  8
COTA
100
AcDbDimension
280
0
  2
*D23
  3
PAINEL
 10
1227.7
 20
-83.0
 30
0.0
 11
1262.2
 21
-75.0
 31
0.0
 70
32
 71
5
  1
<>
100
AcDbAlignedDimension
 13
1227.7
 23
-46.0
 33
0.0
 14
1296.7
 24
-46.0
 34
0.0
 50
0.0
100
AcDbRotatedDimension
  0
DIMENSION
  5
338
330
17
100
AcDbEntity
  8
COTA
100
AcDbDimension
280
0
  2
*D24
  3
PAINEL
 10
1296.7
 20
-83.0
 30
0.0
 11
1334.7
 21
-75.0
 31
0.0
 70
32
 71
5
  1
<>
100
AcDbAlignedDimension
 13
1296.7
 23
-46.0
 33
0.0
 14
1372.7
 24
-46.0
 34
0.0
 50
0.0
100
AcDbRotatedDimension
  0
DIMENSION
  5
347
330
17
100
AcDbEntity
  8
COTA
100
AcDbDimension
280
0
  2
*D25
  3
PAINEL
 10
1372.7
 20
-83.0
 30
0.0
 11
1417.7
 21
-75.0
 31
0.0
 70
32
 71
5
  1
<>
100
AcDbAlignedDimension
 13
1372.7
 23
-46.0
 33
0.0
 14
1462.7
 24
-46.0
 34
0.0
 50
0.0
100
AcDbRotatedDimension
  0
DIMENSION
  5
356
330
17
100
AcDbEntity
  8
COTA
100
AcDbDimension
280
0
  2
*D26
  3
PAINEL
 10
1462.7
 20
-83.0
 30
0.0
 11
1517.7
 21
-75.0
 31
0.0
 70
32
 71
5
  1
<>
100
AcDbAlignedDimension
 13
1462.7
 23
-46.0
 33
0.0
 14
1572.7
 24
-46.0
 34
0.0
 50
0.0
100
AcDbRotatedDimension
  0
DIMENSION
  5
365
330
17
100
AcDbEntity
  8
COTA
100
AcDbDimension
280
0
  2
*D27
  3
PAINEL
 10
1572.7
 20
-83.0
 30
0.0
 11
1642.2
 21
-75.0
 31
0.0
 70
32
 71
5
  1
<>
100
AcDbAlignedDimension
 13
1572.7
 23
-46.0
 33
0.0
 14
1711.7
 24
-46.0
 34
0.0
 50
0.0
100
AcDbRotatedDimension
  0
DIMENSION
  5
374
330
17
100
AcDbEntity
  8
COTA
100
AcDbDimension
280
0
  2
*D28
  3
PAINEL
 10
1711.7
 20
-83.0
 30
0.0
 11
1782.0500000000002
 21
-75.0
 31
0.0
 70
32
 71
5
  1
<>
100
AcDbAlignedDimension
 13
1711.7
 23
-46.0
 33
0.0
 14
1852.4
 24
-46.0
 34
0.0
 50
0.0
100
AcDbRotatedDimension
  0
DIMENSION
  5
383
330
17
100
AcDbEntity
  8
COTA
100
AcDbDimension
280
0
  2
*D29
  3
PAINEL
 10
1852.4
 20
-83.0
 30
0.0
 11
1922.9
 21
-75.0
 31
0.0
 70
32
 71
5
  1
<>
100
AcDbAlignedDimension
 13
1852.4
 23
-46.0
 33
0.0
 14
1993.4
 24
-46.0
 34
0.0
 50
0.0
100
AcDbRotatedDimension
  0
DIMENSION
  5
392
330
17
100
AcDbEntity
  8
COTA
100
AcDbDimension
280
0
  2
*D30
  3
PAINEL
 10
1117.7
 20
-106.0
 30
0.0
 11
1555.5500000000002
 21
-98.0
 31
0.0
 70
32
 71
5
  1
<>
100
AcDbAlignedDimension
 13
1117.7
 23
-46.0
 33
0.0
 14
1993.4
 24
-46.0
 34
0.0
 50
0.0
100
AcDbRotatedDimension
  0
DIMENSION
  5
3A1
330
17
100
AcDbEntity
  8
COTA
100
AcDbDimension
280
0
  2
*D31
  3
PAINEL
 10
1089.7
 20
-53.0
 30
0.0
 11
1078.7
 21
-49.5
 31
0.0
 70
32
 71
5
  1
<>
100
AcDbAlignedDimension
 13
1117.7
 23
-53.0
 33
0.0
 14
1117.7
 24
-46.0
 34
0.0
 50
90.0
100
AcDbRotatedDimension
  0
DIMENSION
  5
3B0
330
17
100
AcDbEntity
  8
COTA
100
AcDbDimension
280
0
  2
*D32
  3
PAINEL
 10
1089.7
 20
-46.0
 30
0.0
 11
1081.7
 21
-23.0
 31
0.0
 70
32
 71
5
  1
<>
100
AcDbAlignedDimension
 13
1117.7
 23
-46.0
 33
0.0
 14
1117.7
 24
0.0
 34
0.0
 50
90.0
100
AcDbRotatedDimension
  0
DIMENSION
  5
3BF
330
17
100
AcDbEntity
  8
COTA
100
AcDbDimension
280
0
  2
*D33
  3
PAINEL
 10
1089.7
 20
0.0
 30
0.0
 11
1078.7
 21
3.5
 31
0.0
 70
32
 71
5
  1
<>
100
AcDbAlignedDimension
 13
1117.7
 23
0.0
 33
0.0
 14
1117.7
 24
7.0
 34
0.0
 50
90.0
100
AcDbRotatedDimension
  0
DIMENSION
  5
3CE
330
17
100
AcDbEntity
  8
COTA
100
AcDbDimension
280
0
  2
*D34
  3
PAINEL
 10
2021.4
 20
-53.0
 30
0.0
 11
2013.4
 21
-23.0
 31
0.0
 70
32
 71
5
  1
<>
100
AcDbAlignedDimension
 13
1993.4
 23
-53.0
 33
0.0
 14
1993.4
 24
7.0
 34
0.0
 50
90.0
100
AcDbRotatedDimension
  0
ENDSEC
  0
SECTION
  2
OBJECTS
  0
DICTIONARY
  5
A
330
0
100
AcDbDictionary
281
1
  3
ACAD_COLOR
350
B
  3
ACAD_GROUP
350
C
  3
ACAD_LAYOUT
350
D
  3
ACAD_MATERIAL
350
E
  3
ACAD_MLEADERSTYLE
350
F
  3
ACAD_MLINESTYLE
350
10
  3
ACAD_PLOTSETTINGS
350
11
  3
ACAD_PLOTSTYLENAME
350
12
  3
ACAD_SCALELIST
350
14
  3
ACAD_TABLESTYLE
350
15
  3
ACAD_VISUALSTYLE
350
16
  3
EZDXF_META
350
2D
  0
DICTIONARY
  5
B
330
A
100
AcDbDictionary
281
1
  0
DICTIONARY
  5
C
330
A
100
AcDbDictionary
281
1
  0
DICTIONARY
  5
D
330
A
100
AcDbDictionary
281
1
  3
Model
350
1A
  3
Layout1
350
1E
  0
DICTIONARY
  5
E
330
A
100
AcDbDictionary
281
1
  3
ByBlock
350
1F
  3
ByLayer
350
20
  3
Global
350
21
  0
DICTIONARY
  5
F
330
A
100
AcDbDictionary
281
1
  3
Standard
350
2C
  0
DICTIONARY
  5
10
330
A
100
AcDbDictionary
281
1
  3
Standard
350
22
  0
DICTIONARY
  5
11
330
A
100
AcDbDictionary
281
1
  0
ACDBDICTIONARYWDFLT
  5
12
330
A
100
AcDbDictionary
281
1
  3
Normal
350
13
100
AcDbDictionaryWithDefault
340
13
  0
ACDBPLACEHOLDER
  5
13
330
12
  0
DICTIONARY
  5
14
330
A
100
AcDbDictionary
281
1
  0
DICTIONARY
  5
15
330
A
100
AcDbDictionary
281
1
  0
DICTIONARY
  5
16
330
A
100
AcDbDictionary
281
1
  0
LAYOUT
  5
1A
330
D
100
AcDbPlotSettings
  1

  4
A3
  6

 40
7.5
 41
20.0
 42
7.5
 43
20.0
 44
420.0
 45
297.0
 46
0.0
 47
0.0
 48
0.0
 49
0.0
140
0.0
141
0.0
142
1.0
143
1.0
 70
1024
 72
1
 73
0
 74
5
  7

 75
16
 76
0
 77
2
 78
300
147
1.0
148
0.0
149
0.0
100
AcDbLayout
  1
Model
 70
1
 71
0
 10
0.0
 20
0.0
 11
420.0
 21
297.0
 12
0.0
 22
0.0
 32
0.0
 14
1e+20
 24
1e+20
 34
1e+20
 15
-1e+20
 25
-1e+20
 35
-1e+20
146
0.0
 13
0.0
 23
0.0
 33
0.0
 16
1.0
 26
0.0
 36
0.0
 17
0.0
 27
1.0
 37
0.0
 76
1
330
17
  0
LAYOUT
  5
1E
330
D
100
AcDbPlotSettings
  1

  4
A3
  6

 40
7.5
 41
20.0
 42
7.5
 43
20.0
 44
420.0
 45
297.0
 46
0.0
 47
0.0
 48
0.0
 49
0.0
140
0.0
141
0.0
142
1.0
143
1.0
 70
0
 72
1
 73
0
 74
5
  7

 75
16
 76
0
 77
2
 78
300
147
1.0
148
0.0
149
0.0
100
AcDbLayout
  1
Layout1
 70
1
 71
1
 10
0.0
 20
0.0
 11
420.0
 21
297.0
 12
0.0
 22
0.0
 32
0.0
 14
1e+20
 24
1e+20
 34
1e+20
 15
-1e+20
 25
-1e+20
 35
-1e+20
146
0.0
 13
0.0
 23
0.0
 33
0.0
 16
1.0
 26
0.0
 36
0.0
 17
0.0
 27
1.0
 37
0.0
 76
1
330
1B
  0
MATERIAL
  5
1F
102
{ACAD_REACTORS
330
E
102
}
330
E
100
AcDbMaterial
  1
ByBlock
  2

 70
0
 40
1.0
 71
1
 41
1.0
 91
-1023410177
 42
1.0
 72
1
  3

 73
1
 74
1
 75
1
 44
0.5
 73
0
 45
1.0
 46
1.0
 77
1
  4

 78
1
 79
1
170
1
 48
1.0
171
1
  6

172
1
173
1
174
1
140
1.0
141
1.0
175
1
  7

176
1
177
1
178
1
143
1.0
179
1
  8

270
1
271
1
272
1
145
1.0
146
1.0
273
1
  9

274
1
275
1
276
1
 42
1.0
 72
1
  3

 73
1
 74
1
 75
1
 94
63
  0
MATERIAL
  5
20
102
{ACAD_REACTORS
330
E
102
}
330
E
100
AcDbMaterial
  1
ByLayer
  2

 70
0
 40
1.0
 71
1
 41
1.0
 91
-1023410177
 42
1.0
 72
1
  3

 73
1
 74
1
 75
1
 44
0.5
 73
0
 45
1.0
 46
1.0
 77
1
  4

 78
1
 79
1
170
1
 48
1.0
171
1
  6

172
1
173
1
174
1
140
1.0
141
1.0
175
1
  7

176
1
177
1
178
1
143
1.0
179
1
  8

270
1
271
1
272
1
145
1.0
146
1.0
273
1
  9

274
1
275
1
276
1
 42
1.0
 72
1
  3

 73
1
 74
1
 75
1
 94
63
  0
MATERIAL
  5
21
102
{ACAD_REACTORS
330
E
102
}
330
E
100
AcDbMaterial
  1
Global
  2

 70
0
 40
1.0
 71
1
 41
1.0
 91
-1023410177
 42
1.0
 72
1
  3

 73
1
 74
1
 75
1
 44
0.5
 73
0
 45
1.0
 46
1.0
 77
1
  4

 78
1
 79
1
170
1
 48
1.0
171
1
  6

172
1
173
1
174
1
140
1.0
141
1.0
175
1
  7

176
1
177
1
178
1
143
1.0
179
1
  8

270
1
271
1
272
1
145
1.0
146
1.0
273
1
  9

274
1
275
1
276
1
 42
1.0
 72
1
  3

 73
1
 74
1
 75
1
 94
63
  0
MLINESTYLE
  5
22
102
{ACAD_REACTORS
330
10
102
}
330
10
100
AcDbMlineStyle
  2
Standard
 70
0
  3

 62
256
 51
90.0
 52
90.0
 71
2
 49
0.5
 62
256
  6
BYLAYER
 49
-0.5
 62
256
  6
BYLAYER
  0
MLEADERSTYLE
  5
2C
102
{ACAD_REACTORS
330
F
102
}
330
F
100
AcDbMLeaderStyle
179
2
170
2
171
1
172
0
 90
2
 40
0.0
 41
0.0
173
1
 91
-1056964608
 92
-2
290
1
 42
2.0
291
1
 43
8.0
  3
Standard
 44
4.0
300

342
29
174
1
175
1
176
0
178
1
 93
-1056964608
 45
4.0
292
0
297
0
 46
4.0
 94
-1056964608
 47
1.0
 49
1.0
140
1.0
294
1
141
0.0
177
0
142
1.0
295
0
296
0
143
3.75
271
0
272
9
273
9
  0
DICTIONARY
  5
2D
330
A
100
AcDbDictionary
280
1
281
1
  3
CREATED_BY_EZDXF
350
2E
  3
WRITTEN_BY_EZDXF
350
3DF
  0
DICTIONARYVAR
  5
2E
330
2D
100
DictionaryVariables
280
0
  1
1.4.3 @ 2026-03-11T18:11:36.814785+00:00
  0
DICTIONARYVAR
  5
3DF
330
2D
100
DictionaryVariables
280
0
  1
1.4.3 @ 2026-03-11T18:11:36.854741+00:00
  0
ENDSEC
  0
EOF
