  0
SECTION
  2
HEADER
  9
$ACADVER
  1
AC1024
  9
$ACADMAINTVER
 70
6
  9
$DWGCODEPAGE
  3
ANSI_1252
  9
$LASTSAVEDBY
  1
ezdxf
  9
$INSBASE
 10
0.0
 20
0.0
 30
0.0
  9
$EXTMIN
 10
1e+20
 20
1e+20
 30
1e+20
  9
$EXTMAX
 10
-1e+20
 20
-1e+20
 30
-1e+20
  9
$LIMMIN
 10
0.0
 20
0.0
  9
$LIMMAX
 10
420.0
 20
297.0
  9
$ORTHOMODE
 70
0
  9
$REGENMODE
 70
1
  9
$FILLMODE
 70
1
  9
$QTEXTMODE
 70
0
  9
$MIRRTEXT
 70
1
  9
$LTSCALE
 40
1.0
  9
$ATTMODE
 70
1
  9
$TEXTSIZE
 40
2.5
  9
$TRACEWID
 40
1.0
  9
$TEXTSTYLE
  7
Standard
  9
$CLAYER
  8
0
  9
$CELTYPE
  6
ByLayer
  9
$CECOLOR
 62
256
  9
$CELTSCALE
 40
1.0
  9
$DISPSILH
 70
0
  9
$DIMSCALE
 40
1.0
  9
$DIMASZ
 40
2.5
  9
$DIMEXO
 40
0.625
  9
$DIMDLI
 40
3.75
  9
$DIMRND
 40
0.0
  9
$DIMDLE
 40
0.0
  9
$DIMEXE
 40
1.25
  9
$DIMTP
 40
0.0
  9
$DIMTM
 40
0.0
  9
$DIMTXT
 40
2.5
  9
$DIMCEN
 40
2.5
  9
$DIMTSZ
 40
0.0
  9
$DIMTOL
 70
0
  9
$DIMLIM
 70
0
  9
$DIMTIH
 70
0
  9
$DIMTOH
 70
0
  9
$DIMSE1
 70
0
  9
$DIMSE2
 70
0
  9
$DIMTAD
 70
1
  9
$DIMZIN
 70
8
  9
$DIMBLK
  1

  9
$DIMASO
 70
1
  9
$DIMSHO
 70
1
  9
$DIMPOST
  1

  9
$DIMAPOST
  1

  9
$DIMALT
 70
0
  9
$DIMALTD
 70
3
  9
$DIMALTF
 40
0.03937007874
  9
$DIMLFAC
 40
1.0
  9
$DIMTOFL
 70
1
  9
$DIMTVP
 40
0.0
  9
$DIMTIX
 70
0
  9
$DIMSOXD
 70
0
  9
$DIMSAH
 70
0
  9
$DIMBLK1
  1

  9
$DIMBLK2
  1

  9
$DIMSTYLE
  2
ISO-25
  9
$DIMCLRD
 70
0
  9
$DIMCLRE
 70
0
  9
$DIMCLRT
 70
0
  9
$DIMTFAC
 40
1.0
  9
$DIMGAP
 40
0.625
  9
$DIMJUST
 70
0
  9
$DIMSD1
 70
0
  9
$DIMSD2
 70
0
  9
$DIMTOLJ
 70
0
  9
$DIMTZIN
 70
8
  9
$DIMALTZ
 70
0
  9
$DIMALTTZ
 70
0
  9
$DIMUPT
 70
0
  9
$DIMDEC
 70
2
  9
$DIMTDEC
 70
2
  9
$DIMALTU
 70
2
  9
$DIMALTTD
 70
3
  9
$DIMTXSTY
  7
Standard
  9
$DIMAUNIT
 70
0
  9
$DIMADEC
 70
0
  9
$DIMALTRND
 40
0.0
  9
$DIMAZIN
 70
0
  9
$DIMDSEP
 70
44
  9
$DIMATFIT
 70
3
  9
$DIMFRAC
 70
0
  9
$DIMLDRBLK
  1

  9
$DIMLUNIT
 70
2
  9
$DIMLWD
 70
-2
  9
$DIMLWE
 70
-2
  9
$DIMTMOVE
 70
0
  9
$DIMFXL
 40
1.0
  9
$DIMFXLON
 70
0
  9
$DIMJOGANG
 40
0.785398163397
  9
$DIMTFILL
 70
0
  9
$DIMTFILLCLR
 70
0
  9
$DIMARCSYM
 70
0
  9
$DIMLTYPE
  6

  9
$DIMLTEX1
  6

  9
$DIMLTEX2
  6

  9
$DIMTXTDIRECTION
 70
0
  9
$LUNITS
 70
2
  9
$LUPREC
 70
4
  9
$SKETCHINC
 40
1.0
  9
$FILLETRAD
 40
10.0
  9
$AUNITS
 70
0
  9
$AUPREC
 70
2
  9
$MENU
  1
.
  9
$ELEVATION
 40
0.0
  9
$PELEVATION
 40
0.0
  9
$THICKNESS
 40
0.0
  9
$LIMCHECK
 70
0
  9
$CHAMFERA
 40
0.0
  9
$CHAMFERB
 40
0.0
  9
$CHAMFERC
 40
0.0
  9
$CHAMFERD
 40
0.0
  9
$SKPOLY
 70
0
  9
$TDCREATE
 40
2461202.0551157407
  9
$TDUCREATE
 40
2458532.153996898
  9
$TDUPDATE
 40
2461202.0551157407
  9
$TDUUPDATE
 40
2458532.1544311
  9
$TDINDWG
 40
0.0
  9
$TDUSRTIMER
 40
0.0
  9
$USRTIMER
 70
1
  9
$ANGBASE
 50
0.0
  9
$ANGDIR
 70
0
  9
$PDMODE
 70
0
  9
$PDSIZE
 40
0.0
  9
$PLINEWID
 40
0.0
  9
$SPLFRAME
 70
0
  9
$SPLINETYPE
 70
6
  9
$SPLINESEGS
 70
8
  9
$HANDSEED
  5
28D
  9
$SURFTAB1
 70
6
  9
$SURFTAB2
 70
6
  9
$SURFTYPE
 70
6
  9
$SURFU
 70
6
  9
$SURFV
 70
6
  9
$UCSBASE
  2

  9
$UCSNAME
  2

  9
$UCSORG
 10
0.0
 20
0.0
 30
0.0
  9
$UCSXDIR
 10
1.0
 20
0.0
 30
0.0
  9
$UCSYDIR
 10
0.0
 20
1.0
 30
0.0
  9
$UCSORTHOREF
  2

  9
$UCSORTHOVIEW
 70
0
  9
$UCSORGTOP
 10
0.0
 20
0.0
 30
0.0
  9
$UCSORGBOTTOM
 10
0.0
 20
0.0
 30
0.0
  9
$UCSORGLEFT
 10
0.0
 20
0.0
 30
0.0
  9
$UCSORGRIGHT
 10
0.0
 20
0.0
 30
0.0
  9
$UCSORGFRONT
 10
0.0
 20
0.0
 30
0.0
  9
$UCSORGBACK
 10
0.0
 20
0.0
 30
0.0
  9
$PUCSBASE
  2

  9
$PUCSNAME
  2

  9
$PUCSORG
 10
0.0
 20
0.0
 30
0.0
  9
$PUCSXDIR
 10
1.0
 20
0.0
 30
0.0
  9
$PUCSYDIR
 10
0.0
 20
1.0
 30
0.0
  9
$PUCSORTHOREF
  2

  9
$PUCSORTHOVIEW
 70
0
  9
$PUCSORGTOP
 10
0.0
 20
0.0
 30
0.0
  9
$PUCSORGBOTTOM
 10
0.0
 20
0.0
 30
0.0
  9
$PUCSORGLEFT
 10
0.0
 20
0.0
 30
0.0
  9
$PUCSORGRIGHT
 10
0.0
 20
0.0
 30
0.0
  9
$PUCSORGFRONT
 10
0.0
 20
0.0
 30
0.0
  9
$PUCSORGBACK
 10
0.0
 20
0.0
 30
0.0
  9
$USERI1
 70
0
  9
$USERI2
 70
0
  9
$USERI3
 70
0
  9
$USERI4
 70
0
  9
$USERI5
 70
0
  9
$USERR1
 40
0.0
  9
$USERR2
 40
0.0
  9
$USERR3
 40
0.0
  9
$USERR4
 40
0.0
  9
$USERR5
 40
0.0
  9
$WORLDVIEW
 70
1
  9
$SHADEDGE
 70
3
  9
$SHADEDIF
 70
70
  9
$TILEMODE
 70
1
  9
$MAXACTVP
 70
64
  9
$PINSBASE
 10
0.0
 20
0.0
 30
0.0
  9
$PLIMCHECK
 70
0
  9
$PEXTMIN
 10
1e+20
 20
1e+20
 30
1e+20
  9
$PEXTMAX
 10
-1e+20
 20
-1e+20
 30
-1e+20
  9
$PLIMMIN
 10
0.0
 20
0.0
  9
$PLIMMAX
 10
420.0
 20
297.0
  9
$UNITMODE
 70
0
  9
$VISRETAIN
 70
1
  9
$PLINEGEN
 70
0
  9
$PSLTSCALE
 70
1
  9
$TREEDEPTH
 70
3020
  9
$CMLSTYLE
  2
Standard
  9
$CMLJUST
 70
0
  9
$CMLSCALE
 40
20.0
  9
$PROXYGRAPHICS
 70
1
  9
$MEASUREMENT
 70
1
  9
$CELWEIGHT
370
-1
  9
$ENDCAPS
280
0
  9
$JOINSTYLE
280
0
  9
$LWDISPLAY
290
0
  9
$INSUNITS
 70
6
  9
$HYPERLINKBASE
  1

  9
$STYLESHEET
  1

  9
$XEDIT
290
1
  9
$CEPSNTYPE
380
0
  9
$PSTYLEMODE
290
1
  9
$FINGERPRINTGUID
  2
{A94B8C9A-F77B-43AF-8450-BE1927A7022F}
  9
$VERSIONGUID
  2
{0EACD2DD-4C69-446F-89C8-BD493CD96D7B}
  9
$EXTNAMES
290
1
  9
$PSVPSCALE
 40
0.0
  9
$OLESTARTUP
290
0
  9
$SORTENTS
280
127
  9
$INDEXCTL
280
0
  9
$HIDETEXT
280
1
  9
$XCLIPFRAME
280
1
  9
$HALOGAP
280
0
  9
$OBSCOLOR
 70
257
  9
$OBSLTYPE
280
0
  9
$INTERSECTIONDISPLAY
280
0
  9
$INTERSECTIONCOLOR
 70
257
  9
$DIMASSOC
280
2
  9
$PROJECTNAME
  1

  9
$CAMERADISPLAY
290
0
  9
$LENSLENGTH
 40
50.0
  9
$CAMERAHEIGHT
 40
0.0
  9
$STEPSPERSEC
 40
24.0
  9
$STEPSIZE
 40
100.0
  9
$3DDWFPREC
 40
2.0
  9
$PSOLWIDTH
 40
0.005
  9
$PSOLHEIGHT
 40
0.08
  9
$LOFTANG1
 40
1.570796326795
  9
$LOFTANG2
 40
1.570796326795
  9
$LOFTMAG1
 40
0.0
  9
$LOFTMAG2
 40
0.0
  9
$LOFTPARAM
 70
7
  9
$LOFTNORMALS
280
1
  9
$LATITUDE
 40
37.795
  9
$LONGITUDE
 40
-122.394
  9
$NORTHDIRECTION
 40
0.0
  9
$TIMEZONE
 70
-8000
  9
$LIGHTGLYPHDISPLAY
280
1
  9
$TILEMODELIGHTSYNCH
280
1
  9
$CMATERIAL
347
20
  9
$SOLIDHIST
280
0
  9
$SHOWHIST
280
1
  9
$DWFFRAME
280
2
  9
$DGNFRAME
280
2
  9
$REALWORLDSCALE
290
1
  9
$INTERFERECOLOR
 62
256
  9
$CSHADOW
280
0
  9
$SHADOWPLANELOCATION
 40
0.0
  0
ENDSEC
  0
SECTION
  2
CLASSES
  0
CLASS
  1
ACDBDICTIONARYWDFLT
  2
AcDbDictionaryWithDefault
  3
ObjectDBX Classes
 90
0
 91
0
280
0
281
0
  0
CLASS
  1
SUN
  2
AcDbSun
  3
SCENEOE
 90
1153
 91
0
280
0
281
0
  0
CLASS
  1
VISUALSTYLE
  2
AcDbVisualStyle
  3
ObjectDBX Classes
 90
4095
 91
0
280
0
281
0
  0
CLASS
  1
MATERIAL
  2
AcDbMaterial
  3
ObjectDBX Classes
 90
1153
 91
0
280
0
281
0
  0
CLASS
  1
SCALE
  2
AcDbScale
  3
ObjectDBX Classes
 90
1153
 91
0
280
0
281
0
  0
CLASS
  1
TABLESTYLE
  2
AcDbTableStyle
  3
ObjectDBX Classes
 90
4095
 91
0
280
0
281
0
  0
CLASS
  1
MLEADERSTYLE
  2
AcDbMLeaderStyle
  3
ACDB_MLEADERSTYLE_CLASS
 90
4095
 91
0
280
0
281
0
  0
CLASS
  1
DICTIONARYVAR
  2
AcDbDictionaryVar
  3
ObjectDBX Classes
 90
0
 91
0
280
0
281
0
  0
CLASS
  1
CELLSTYLEMAP
  2
AcDbCellStyleMap
  3
ObjectDBX Classes
 90
1152
 91
0
280
0
281
0
  0
CLASS
  1
MENTALRAYRENDERSETTINGS
  2
AcDbMentalRayRenderSettings
  3
SCENEOE
 90
1024
 91
0
280
0
281
0
  0
CLASS
  1
ACDBDETAILVIEWSTYLE
  2
AcDbDetailViewStyle
  3
ObjectDBX Classes
 90
1025
 91
0
280
0
281
0
  0
CLASS
  1
ACDBSECTIONVIEWSTYLE
  2
AcDbSectionViewStyle
  3
ObjectDBX Classes
 90
1025
 91
0
280
0
281
0
  0
CLASS
  1
RASTERVARIABLES
  2
AcDbRasterVariables
  3
ISM
 90
0
 91
0
280
0
281
0
  0
CLASS
  1
ACDBPLACEHOLDER
  2
AcDbPlaceHolder
  3
ObjectDBX Classes
 90
0
 91
0
280
0
281
0
  0
CLASS
  1
LAYOUT
  2
AcDbLayout
  3
ObjectDBX Classes
 90
0
 91
0
280
0
281
0
  0
ENDSEC
  0
SECTION
  2
TABLES
  0
TABLE
  2
VPORT
  5
8
330
0
100
AcDbSymbolTable
 70
1
  0
VPORT
  5
23
330
8
100
AcDbSymbolTableRecord
100
AcDbViewportTableRecord
  2
*Active
 70
0
 10
0.0
 20
0.0
 11
1.0
 21
1.0
 12
0.0
 22
0.0
 13
0.0
 23
0.0
 14
0.5
 24
0.5
 15
0.5
 25
0.5
 16
0.0
 26
0.0
 36
1.0
 17
0.0
 27
0.0
 37
0.0
 40
1000.0
 41
1.34
 42
50.0
 43
0.0
 44
0.0
 50
0.0
 51
0.0
 71
0
 72
1000
 73
1
 74
3
 75
0
 76
0
 77
0
 78
0
281
0
 65
0
146
0.0
  0
ENDTAB
  0
TABLE
  2
LTYPE
  5
2
330
0
100
AcDbSymbolTable
 70
3
  0
LTYPE
  5
24
330
2
100
AcDbSymbolTableRecord
100
AcDbLinetypeTableRecord
  2
ByBlock
 70
0
  3

 72
65
 73
0
 40
0.0
  0
LTYPE
  5
25
330
2
100
AcDbSymbolTableRecord
100
AcDbLinetypeTableRecord
  2
ByLayer
 70
0
  3

 72
65
 73
0
 40
0.0
  0
LTYPE
  5
26
330
2
100
AcDbSymbolTableRecord
100
AcDbLinetypeTableRecord
  2
Continuous
 70
0
  3

 72
65
 73
0
 40
0.0
  0
ENDTAB
  0
TABLE
  2
LAYER
  5
1
330
0
100
AcDbSymbolTable
 70
15
  0
LAYER
  5
27
330
1
100
AcDbSymbolTableRecord
100
AcDbLayerTableRecord
  2
0
 70
0
 62
7
  6
Continuous
370
-3
390
13
347
21
  0
LAYER
  5
28
330
1
100
AcDbSymbolTableRecord
100
AcDbLayerTableRecord
  2
Defpoints
 70
0
 62
7
  6
Continuous
290
0
370
-3
390
13
347
21
  0
LAYER
  5
2F
330
1
100
AcDbSymbolTableRecord
100
AcDbLayerTableRecord
  2
5
 70
0
 62
7
  6
Continuous
370
-3
390
13
347
21
  0
LAYER
  5
30
330
1
100
AcDbSymbolTableRecord
100
AcDbLayerTableRecord
  2
SARR_2.2x7
 70
0
 62
7
  6
Continuous
370
-3
390
13
347
21
  0
LAYER
  5
31
330
1
100
AcDbSymbolTableRecord
100
AcDbLayerTableRecord
  2
SARRAFO DE PRESSAO
 70
0
 62
7
  6
Continuous
370
-3
390
13
347
21
  0
LAYER
  5
32
330
1
100
AcDbSymbolTableRecord
100
AcDbLayerTableRecord
  2
CONCRETO
 70
0
 62
7
  6
Continuous
370
-3
390
13
347
21
  0
LAYER
  5
33
330
1
100
AcDbSymbolTableRecord
100
AcDbLayerTableRecord
  2
REAPROVEITAMENTO
 70
0
 62
7
  6
Continuous
370
-3
390
13
347
21
  0
LAYER
  5
34
330
1
100
AcDbSymbolTableRecord
100
AcDbLayerTableRecord
  2
detalhes
 70
0
 62
7
  6
Continuous
370
-3
390
13
347
21
  0
LAYER
  5
35
330
1
100
AcDbSymbolTableRecord
100
AcDbLayerTableRecord
  2
Madeira
 70
0
 62
7
  6
Continuous
370
-3
390
13
347
21
  0
LAYER
  5
36
330
1
100
AcDbSymbolTableRecord
100
AcDbLayerTableRecord
  2
COTA
 70
0
 62
7
  6
Continuous
370
-3
390
13
347
21
  0
LAYER
  5
37
330
1
100
AcDbSymbolTableRecord
100
AcDbLayerTableRecord
  2
Painéis
 70
0
 62
7
  6
Continuous
370
-3
390
13
347
21
  0
LAYER
  5
38
330
1
100
AcDbSymbolTableRecord
100
AcDbLayerTableRecord
  2
Texto Seção
 70
0
 62
7
  6
Continuous
370
-3
390
13
347
21
  0
LAYER
  5
39
330
1
100
AcDbSymbolTableRecord
100
AcDbLayerTableRecord
  2
SARR_3.5x7
 70
0
 62
7
  6
Continuous
370
-3
390
13
347
21
  0
LAYER
  5
3A
330
1
100
AcDbSymbolTableRecord
100
AcDbLayerTableRecord
  2
Cota Seção (2x)
 70
0
 62
7
  6
Continuous
370
-3
390
13
347
21
  0
LAYER
  5
3B
330
1
100
AcDbSymbolTableRecord
100
AcDbLayerTableRecord
  2
Hachura
 70
0
 62
7
  6
Continuous
370
-3
390
13
347
21
  0
ENDTAB
  0
TABLE
  2
STYLE
  5
5
330
0
100
AcDbSymbolTable
 70
1
  0
STYLE
  5
29
330
5
100
AcDbSymbolTableRecord
100
AcDbTextStyleTableRecord
  2
Standard
 70
0
 40
0.0
 41
1.0
 50
0.0
 71
0
 42
2.5
  3
txt
  4

  0
ENDTAB
  0
TABLE
  2
VIEW
  5
7
330
0
100
AcDbSymbolTable
 70
0
  0
ENDTAB
  0
TABLE
  2
UCS
  5
6
330
0
100
AcDbSymbolTable
 70
0
  0
ENDTAB
  0
TABLE
  2
APPID
  5
3
330
0
100
AcDbSymbolTable
 70
3
  0
APPID
  5
2A
330
3
100
AcDbSymbolTableRecord
100
AcDbRegAppTableRecord
  2
ACAD
 70
0
  0
APPID
  5
28A
330
3
100
AcDbSymbolTableRecord
100
AcDbRegAppTableRecord
  2
HATCHBACKGROUNDCOLOR
 70
0
  0
APPID
  5
28B
330
3
100
AcDbSymbolTableRecord
100
AcDbRegAppTableRecord
  2
EZDXF
 70
0
  0
ENDTAB
  0
TABLE
  2
DIMSTYLE
  5
4
330
0
100
AcDbSymbolTable
 70
1
100
AcDbDimStyleTable
  0
DIMSTYLE
105
2B
330
4
100
AcDbSymbolTableRecord
100
AcDbDimStyleTableRecord
  2
Standard
 70
0
 40
1.0
 41
2.5
 42
0.625
 43
3.75
 44
1.25
 45
0.0
 46
0.0
 47
0.0
 48
0.0
 49
2.5
140
2.5
141
2.5
142
0.0
143
0.03937007874
144
1.0
145
0.0
146
1.0
147
0.625
148
0.0
 69
0
 70
0
 71
0
 72
0
 73
0
 74
0
 75
0
 76
0
 77
1
 78
8
 79
3
170
0
171
3
172
1
173
0
174
0
175
0
176
0
177
0
178
0
179
2
271
2
272
2
273
2
274
3
275
0
276
0
277
2
278
44
279
0
280
0
281
0
282
0
283
0
284
8
285
0
286
0
288
0
289
3
290
0
371
-2
372
-2
  0
ENDTAB
  0
TABLE
  2
BLOCK_RECORD
  5
9
330
0
100
AcDbSymbolTable
 70
2
  0
BLOCK_RECORD
  5
17
330
9
100
AcDbSymbolTableRecord
100
AcDbBlockTableRecord
  2
*Model_Space
340
1A
 70
0
280
1
281
0
  0
BLOCK_RECORD
  5
1B
330
9
100
AcDbSymbolTableRecord
100
AcDbBlockTableRecord
  2
*Paper_Space
340
1E
 70
0
280
1
281
0
  0
ENDTAB
  0
ENDSEC
  0
SECTION
  2
BLOCKS
  0
BLOCK
  5
18
330
17
100
AcDbEntity
  8
0
100
AcDbBlockBegin
  2
*Model_Space
 70
0
 10
0.0
 20
0.0
 30
0.0
  3
*Model_Space
  1

  0
ENDBLK
  5
19
330
17
100
AcDbEntity
  8
0
100
AcDbBlockEnd
  0
BLOCK
  5
1C
330
1B
100
AcDbEntity
  8
0
100
AcDbBlockBegin
  2
*Paper_Space
 70
0
 10
0.0
 20
0.0
 30
0.0
  3
*Paper_Space
  1

  0
ENDBLK
  5
1D
330
1B
100
AcDbEntity
  8
0
100
AcDbBlockEnd
  0
ENDSEC
  0
SECTION
  2
ENTITIES
  0
LINE
  5
3C
330
17
100
AcDbEntity
  8
SARR_2.2x7
 62
40
370
25
100
AcDbLine
 10
5151.729680023565
 20
4504.648697429026
 30
0.0
 11
5388.774820782752
 21
4504.648697429044
 31
0.0
  0
LINE
  5
3D
330
17
100
AcDbEntity
  8
SARR_2.2x7
 62
40
370
25
100
AcDbLine
 10
5388.774820782752
 20
4504.648697429044
 30
0.0
 11
5553.319961541942
 21
4504.64869742878
 31
0.0
  0
LINE
  5
3E
330
17
100
AcDbEntity
  8
Painéis
 62
200
370
25
100
AcDbLine
 10
5144.774820782748
 20
4511.648697428934
 30
0.0
 11
5559.774820782748
 21
4511.64869742896
 31
0.0
  0
LINE
  5
3F
330
17
100
AcDbEntity
  8
Painéis
 62
200
370
25
100
AcDbLine
 10
5144.774820782751
 20
4468.648697428934
 30
0.0
 11
5559.774820782752
 21
4468.648697428959
 31
0.0
  0
LINE
  5
40
330
17
100
AcDbEntity
  8
Painéis
 62
200
370
25
100
AcDbLine
 10
5144.774820782751
 20
4468.648697428934
 30
0.0
 11
5144.774820782751
 21
4511.648697428934
 31
0.0
  0
LINE
  5
41
330
17
100
AcDbEntity
  8
SARR_2.2x7
 62
40
370
25
100
AcDbLine
 10
5151.729680023569
 20
4468.64869742893
 30
0.0
 11
5151.729680023565
 21
4511.648697428934
 31
0.0
  0
LINE
  5
42
330
17
100
AcDbEntity
  8
SARR_2.2x7
 62
40
370
25
100
AcDbLine
 10
5553.319961541938
 20
4468.648697428956
 30
0.0
 11
5553.319961541942
 21
4511.648697428934
 31
0.0
  0
LINE
  5
43
330
17
100
AcDbEntity
  8
Painéis
 62
200
370
25
100
AcDbLine
 10
5388.774820782752
 20
4468.648697428949
 30
0.0
 11
5388.774820782752
 21
4511.648697428948
 31
0.0
  0
LINE
  5
44
330
17
100
AcDbEntity
  8
COTA
 62
241
370
25
100
AcDbLine
 10
5144.774820782748
 20
4511.648697428934
 30
0.0
 11
5144.774820782748
 21
4527.648697428934
 31
0.0
  0
LINE
  5
45
330
17
100
AcDbEntity
  8
COTA
 62
241
370
25
100
AcDbLine
 10
5559.774820782748
 20
4527.648697428934
 30
0.0
 11
5559.774820782748
 21
4511.648697428959
 31
0.0
  0
LINE
  5
46
330
17
100
AcDbEntity
  8
SARR_2.2x7
 62
40
370
25
100
AcDbLine
 10
5151.729680023565
 20
4475.648697428862
 30
0.0
 11
5388.774820782752
 21
4475.648697428844
 31
0.0
  0
LINE
  5
47
330
17
100
AcDbEntity
  8
SARR_2.2x7
 62
40
370
25
100
AcDbLine
 10
5388.774820782752
 20
4475.648697428844
 30
0.0
 11
5553.319961541942
 21
4475.648697429108
 31
0.0
  0
LINE
  5
48
330
17
100
AcDbEntity
  8
COTA
 62
241
370
25
100
AcDbLine
 10
5559.774820782748
 20
4527.648697428932
 30
0.0
 11
5144.774820782748
 21
4527.648697428934
 31
0.0
  0
LINE
  5
49
330
17
100
AcDbEntity
  8
SARR_2.2x7
 62
40
370
25
100
AcDbLine
 10
5151.729680023565
 20
4294.782699200858
 30
0.0
 11
5388.774820782752
 21
4294.782699200877
 31
0.0
  0
LINE
  5
4A
330
17
100
AcDbEntity
  8
SARR_2.2x7
 62
40
370
25
100
AcDbLine
 10
5388.774820782752
 20
4294.782699200877
 30
0.0
 11
5553.319961541942
 21
4294.782699200612
 31
0.0
  0
LINE
  5
4B
330
17
100
AcDbEntity
  8
Painéis
 62
200
370
25
100
AcDbLine
 10
5144.774820782748
 20
4301.782699200765
 30
0.0
 11
5559.774820782752
 21
4301.782699200791
 31
0.0
  0
LINE
  5
4C
330
17
100
AcDbEntity
  8
Painéis
 62
200
370
25
100
AcDbLine
 10
5144.774820782751
 20
4257.782699200766
 30
0.0
 11
5559.774820782752
 21
4257.782699200791
 31
0.0
  0
LINE
  5
4D
330
17
100
AcDbEntity
  8
Painéis
 62
200
370
25
100
AcDbLine
 10
5559.774820782752
 20
4257.782699200791
 30
0.0
 11
5559.774820782752
 21
4301.782699200791
 31
0.0
  0
LINE
  5
4E
330
17
100
AcDbEntity
  8
Painéis
 62
200
370
25
100
AcDbLine
 10
5144.774820782751
 20
4257.782699200766
 30
0.0
 11
5144.774820782751
 21
4301.782699200765
 31
0.0
  0
LINE
  5
4F
330
17
100
AcDbEntity
  8
SARR_2.2x7
 62
40
370
25
100
AcDbLine
 10
5151.729680023569
 20
4257.782699200762
 30
0.0
 11
5151.729680023565
 21
4301.782699200765
 31
0.0
  0
LINE
  5
50
330
17
100
AcDbEntity
  8
SARR_2.2x7
 62
40
370
25
100
AcDbLine
 10
5553.319961541938
 20
4257.782699200787
 30
0.0
 11
5553.319961541942
 21
4301.782699200765
 31
0.0
  0
LINE
  5
51
330
17
100
AcDbEntity
  8
Painéis
 62
200
370
25
100
AcDbLine
 10
5388.774820782752
 20
4257.78269920078
 30
0.0
 11
5388.774820782752
 21
4301.782699200781
 31
0.0
  0
LINE
  5
52
330
17
100
AcDbEntity
  8
COTA
 62
241
370
25
100
AcDbLine
 10
5144.774820782748
 20
4301.782699200765
 30
0.0
 11
5144.774820782748
 21
4316.782699200766
 31
0.0
  0
LINE
  5
53
330
17
100
AcDbEntity
  8
COTA
 62
241
370
25
100
AcDbLine
 10
5559.774820782748
 20
4316.782699200766
 30
0.0
 11
5559.774820782748
 21
4301.782699200791
 31
0.0
  0
LINE
  5
54
330
17
100
AcDbEntity
  8
SARR_2.2x7
 62
40
370
25
100
AcDbLine
 10
5151.729680023565
 20
4264.782699200694
 30
0.0
 11
5388.774820782752
 21
4264.782699200677
 31
0.0
  0
LINE
  5
55
330
17
100
AcDbEntity
  8
SARR_2.2x7
 62
40
370
25
100
AcDbLine
 10
5388.774820782752
 20
4264.782699200677
 30
0.0
 11
5553.319961541942
 21
4264.78269920094
 31
0.0
  0
LINE
  5
56
330
17
100
AcDbEntity
  8
COTA
 62
241
370
25
100
AcDbLine
 10
5559.774820782748
 20
4316.782699200766
 30
0.0
 11
5144.774820782748
 21
4316.782699200766
 31
0.0
  0
LINE
  5
57
330
17
100
AcDbEntity
  8
COTA
 62
241
370
25
100
AcDbLine
 10
5636.575044749283
 20
4877.095800539541
 30
0.0
 11
5636.575044749283
 21
4106.339313950438
 31
0.0
  0
LINE
  5
58
330
17
100
AcDbEntity
  8
SARR_2.2x7
 62
40
370
25
100
AcDbLine
 10
5151.729680023569
 20
4486.64869742896
 30
0.0
 11
5388.774820782752
 21
4486.648697428778
 31
0.0
  0
LINE
  5
59
330
17
100
AcDbEntity
  8
SARR_2.2x7
 62
40
370
25
100
AcDbLine
 10
5151.729680023569
 20
4493.648697428659
 30
0.0
 11
5388.774820782752
 21
4493.648697428471
 31
0.0
  0
LINE
  5
5A
330
17
100
AcDbEntity
  8
SARR_2.2x7
 62
40
370
25
100
AcDbLine
 10
5388.774820782752
 20
4486.648697428978
 30
0.0
 11
5553.319961541942
 21
4486.648697428852
 31
0.0
  0
LINE
  5
5B
330
17
100
AcDbEntity
  8
SARR_2.2x7
 62
40
370
25
100
AcDbLine
 10
5388.774820782752
 20
4493.648697428676
 30
0.0
 11
5553.319961541942
 21
4493.648697428546
 31
0.0
  0
LINE
  5
5C
330
17
100
AcDbEntity
  8
SARR_2.2x7
 62
40
370
25
100
AcDbLine
 10
5151.729680023569
 20
4276.282699200793
 30
0.0
 11
5388.774820782752
 21
4276.28269920061
 31
0.0
  0
LINE
  5
5D
330
17
100
AcDbEntity
  8
SARR_2.2x7
 62
40
370
25
100
AcDbLine
 10
5151.729680023569
 20
4283.282699200491
 30
0.0
 11
5388.774820782752
 21
4283.282699200304
 31
0.0
  0
LINE
  5
5E
330
17
100
AcDbEntity
  8
SARR_2.2x7
 62
40
370
25
100
AcDbLine
 10
5388.774820782752
 20
4276.282699200809
 30
0.0
 11
5553.319961541938
 21
4276.282699200683
 31
0.0
  0
LINE
  5
5F
330
17
100
AcDbEntity
  8
SARR_2.2x7
 62
40
370
25
100
AcDbLine
 10
5388.774820782752
 20
4283.282699200507
 30
0.0
 11
5553.319961541942
 21
4283.282699200378
 31
0.0
  0
LINE
  5
60
330
17
100
AcDbEntity
  8
Painéis
 62
200
370
25
100
AcDbLine
 10
5559.774820782752
 20
4468.648697428959
 30
0.0
 11
5559.774820782752
 21
4511.648697428959
 31
0.0
  0
LINE
  5
61
330
17
100
AcDbEntity
  8
SARR_2.2x7
 62
40
370
25
100
AcDbLine
 10
6152.904644551103
 20
4688.830746329884
 30
0.0
 11
6267.949785310289
 21
4688.830746329903
 31
0.0
  0
LINE
  5
62
330
17
100
AcDbEntity
  8
SARR_2.2x7
 62
40
370
25
100
AcDbLine
 10
6267.949785310289
 20
4688.830746329903
 30
0.0
 11
6446.49492606948
 21
4688.830746329638
 31
0.0
  0
LINE
  5
63
330
17
100
AcDbEntity
  8
Painéis
 62
200
370
25
100
AcDbLine
 10
6145.949785310286
 20
4695.830746329791
 30
0.0
 11
6452.949785310285
 21
4695.830746329817
 31
0.0
  0
LINE
  5
64
330
17
100
AcDbEntity
  8
Painéis
 62
200
370
25
100
AcDbLine
 10
6145.949785310293
 20
4586.830746329791
 30
0.0
 11
6452.949785310292
 21
4586.830746329817
 31
0.0
  0
LINE
  5
65
330
17
100
AcDbEntity
  8
Painéis
 62
200
370
25
100
AcDbLine
 10
6452.949785310292
 20
4586.830746329817
 30
0.0
 11
6452.949785310285
 21
4695.830746329817
 31
0.0
  0
LINE
  5
66
330
17
100
AcDbEntity
  8
Painéis
 62
200
370
25
100
AcDbLine
 10
6145.949785310293
 20
4586.830746329791
 30
0.0
 11
6145.949785310286
 21
4695.830746329791
 31
0.0
  0
LINE
  5
67
330
17
100
AcDbEntity
  8
SARR_2.2x7
 62
40
370
25
100
AcDbLine
 10
6152.904644551107
 20
4586.830746329788
 30
0.0
 11
6152.904644551103
 21
4695.830746329791
 31
0.0
  0
LINE
  5
68
330
17
100
AcDbEntity
  8
SARR_2.2x7
 62
40
370
25
100
AcDbLine
 10
6446.494926069475
 20
4586.830746329813
 30
0.0
 11
6446.49492606948
 21
4695.830746329791
 31
0.0
  0
LINE
  5
69
330
17
100
AcDbEntity
  8
Painéis
 62
200
370
25
100
AcDbLine
 10
6267.949785310293
 20
4586.830746329805
 30
0.0
 11
6267.949785310285
 21
4695.830746329806
 31
0.0
  0
LINE
  5
6A
330
17
100
AcDbEntity
  8
COTA
 62
241
370
25
100
AcDbLine
 10
6145.949785310286
 20
4695.830746329791
 30
0.0
 11
6145.949785310286
 21
4710.830746329792
 31
0.0
  0
LINE
  5
6B
330
17
100
AcDbEntity
  8
COTA
 62
241
370
25
100
AcDbLine
 10
6452.949785310285
 20
4710.830746329792
 30
0.0
 11
6452.949785310285
 21
4695.830746329817
 31
0.0
  0
LINE
  5
6C
330
17
100
AcDbEntity
  8
SARR_2.2x7
 62
40
370
25
100
AcDbLine
 10
6152.904644551103
 20
4593.830746329721
 30
0.0
 11
6267.949785310289
 21
4593.830746329702
 31
0.0
  0
LINE
  5
6D
330
17
100
AcDbEntity
  8
SARR_2.2x7
 62
40
370
25
100
AcDbLine
 10
6267.949785310289
 20
4593.830746329702
 30
0.0
 11
6446.49492606948
 21
4593.830746329966
 31
0.0
  0
LINE
  5
6E
330
17
100
AcDbEntity
  8
COTA
 62
241
370
25
100
AcDbLine
 10
6452.949785310285
 20
4710.830746329792
 30
0.0
 11
6145.949785310286
 21
4710.830746329792
 31
0.0
  0
LINE
  5
6F
330
17
100
AcDbEntity
  8
SARR_2.2x7
 62
40
370
25
100
AcDbLine
 10
6152.904644551103
 20
4654.260943167173
 30
0.0
 11
6267.949785310289
 21
4654.260943166991
 31
0.0
  0
LINE
  5
70
330
17
100
AcDbEntity
  8
SARR_2.2x7
 62
40
370
25
100
AcDbLine
 10
6152.904644551103
 20
4661.260943166872
 30
0.0
 11
6267.949785310289
 21
4661.260943166683
 31
0.0
  0
LINE
  5
71
330
17
100
AcDbEntity
  8
SARR_2.2x7
 62
40
370
25
100
AcDbLine
 10
6267.949785310289
 20
4654.26094316719
 30
0.0
 11
6446.494926069475
 21
4654.260943167063
 31
0.0
  0
LINE
  5
72
330
17
100
AcDbEntity
  8
SARR_2.2x7
 62
40
370
25
100
AcDbLine
 10
6267.949785310289
 20
4661.260943166888
 30
0.0
 11
6446.494926069475
 21
4661.260943166758
 31
0.0
  0
LINE
  5
73
330
17
100
AcDbEntity
  8
Painéis
 62
200
370
25
100
AcDbLine
 10
6126.639462068664
 20
4689.830746329783
 30
0.0
 11
5951.684602827845
 21
4689.830746329786
 31
0.0
  0
LINE
  5
74
330
17
100
AcDbEntity
  8
Painéis
 62
200
370
25
100
AcDbLine
 10
6126.63946206866
 20
4586.830746329783
 30
0.0
 11
5922.684602827847
 21
4586.830746329786
 31
0.0
  0
LINE
  5
75
330
17
100
AcDbEntity
  8
Painéis
 62
200
370
25
100
AcDbLine
 10
5922.684602827847
 20
4586.830746329786
 30
0.0
 11
5922.684602827849
 21
4651.830746329764
 31
0.0
  0
LINE
  5
76
330
17
100
AcDbEntity
  8
Painéis
 62
200
370
25
100
AcDbLine
 10
6126.63946206866
 20
4586.830746329783
 30
0.0
 11
6126.639462068664
 21
4689.830746329783
 31
0.0
  0
LINE
  5
77
330
17
100
AcDbEntity
  8
SARR_2.2x7
 62
40
370
25
100
AcDbLine
 10
6119.684602827843
 20
4586.83074632978
 30
0.0
 11
6119.684602827847
 21
4689.830746329783
 31
0.0
  0
LINE
  5
78
330
17
100
AcDbEntity
  8
COTA
 62
241
370
25
100
AcDbLine
 10
6126.639462068664
 20
4689.830746329783
 30
0.0
 11
6126.639462068664
 21
4703.830746329783
 31
0.0
  0
LINE
  5
79
330
17
100
AcDbEntity
  8
COTA
 62
241
370
25
100
AcDbLine
 10
5922.68460282785
 20
4710.830746329762
 30
0.0
 11
5922.684602827849
 21
4651.830746329764
 31
0.0
  0
LINE
  5
7A
330
17
100
AcDbEntity
  8
SARR_2.2x7
 62
40
370
25
100
AcDbLine
 10
6126.639462068664
 20
4707.330746329753
 30
0.0
 11
5951.68460282785
 21
4707.330746329761
 31
0.0
  0
LINE
  5
7B
330
17
100
AcDbEntity
  8
SARR_2.2x7
 62
40
370
25
100
AcDbLine
 10
6119.684602827847
 20
4593.830746329737
 30
0.0
 11
6014.684602827847
 21
4593.830746329846
 31
0.0
  0
LINE
  5
7C
330
17
100
AcDbEntity
  8
SARR_2.2x7
 62
40
370
25
100
AcDbLine
 10
6014.684602827846
 20
4654.260943167204
 30
0.0
 11
6119.684602827847
 21
4654.260943167183
 31
0.0
  0
LINE
  5
7D
330
17
100
AcDbEntity
  8
SARR_2.2x7
 62
40
370
25
100
AcDbLine
 10
6014.684602827845
 20
4661.2609431669
 30
0.0
 11
6119.684602827847
 21
4661.260943166879
 31
0.0
  0
LINE
  5
7E
330
17
100
AcDbEntity
  8
SARR_2.2x7
 62
40
370
25
100
AcDbLine
 10
6119.684602827847
 20
4682.830746329834
 30
0.0
 11
5958.684602827851
 21
4682.830746329666
 31
0.0
  0
LINE
  5
7F
330
17
100
AcDbEntity
  8
COTA
 62
241
370
25
100
AcDbLine
 10
5951.68460282785
 20
4710.830746329761
 30
0.0
 11
5922.684602827851
 21
4710.830746329762
 31
0.0
  0
LINE
  5
80
330
17
100
AcDbEntity
  8
SARR_2.2x7
 62
40
370
25
100
AcDbLine
 10
6014.684602827845
 20
4620.97387149785
 30
0.0
 11
6119.684602827847
 21
4620.973871497829
 31
0.0
  0
LINE
  5
81
330
17
100
AcDbEntity
  8
SARR_2.2x7
 62
40
370
25
100
AcDbLine
 10
6014.684602827845
 20
4627.973871497547
 30
0.0
 11
6119.684602827847
 21
4627.973871497524
 31
0.0
  0
LINE
  5
82
330
17
100
AcDbEntity
  8
SARR_2.2x7
 62
40
370
25
100
AcDbLine
 10
6014.684602827848
 20
4586.830746329764
 30
0.0
 11
6014.684602827846
 21
4593.830746329846
 31
0.0
  0
LINE
  5
83
330
17
100
AcDbEntity
  8
SARR_2.2x7
 62
40
370
25
100
AcDbLine
 10
6014.684602827845
 20
4620.97387149785
 30
0.0
 11
6014.684602827845
 21
4627.973871497546
 31
0.0
  0
LINE
  5
84
330
17
100
AcDbEntity
  8
SARR_2.2x7
 62
40
370
25
100
AcDbLine
 10
6014.684602827845
 20
4654.260943167204
 30
0.0
 11
6014.684602827845
 21
4661.2609431669
 31
0.0
  0
LINE
  5
85
330
17
100
AcDbEntity
  8
SARR_2.2x7
 62
40
370
25
100
AcDbLine
 10
5929.684602827843
 20
4586.83074632978
 30
0.0
 11
5929.684602827843
 21
4651.830746329764
 31
0.0
  0
LINE
  5
86
330
17
100
AcDbEntity
  8
Painéis
 62
200
370
25
100
AcDbLine
 10
5922.684602827851
 20
4651.830746329764
 30
0.0
 11
5951.68460282785
 21
4651.830746329764
 31
0.0
  0
LINE
  5
87
330
17
100
AcDbEntity
  8
SARR_2.2x7
 62
40
370
25
100
AcDbLine
 10
5922.684602827851
 20
4644.830746329764
 30
0.0
 11
5951.68460282785
 21
4644.830746329764
 31
0.0
  0
LINE
  5
88
330
17
100
AcDbEntity
  8
Painéis
 62
200
370
25
100
AcDbLine
 10
5951.68460282785
 20
4651.830746329764
 30
0.0
 11
5951.684602827851
 21
4689.830746329786
 31
0.0
  0
LINE
  5
89
330
17
100
AcDbEntity
  8
SARR_2.2x7
 62
40
370
25
100
AcDbLine
 10
5958.684602827851
 20
4644.830746329764
 30
0.0
 11
5958.684602827851
 21
4689.830746329786
 31
0.0
  0
LINE
  5
8A
330
17
100
AcDbEntity
  8
SARR_2.2x7
 62
40
370
25
100
AcDbLine
 10
5951.68460282785
 20
4651.830746329768
 30
0.0
 11
5951.68460282785
 21
4644.830746329764
 31
0.0
  0
LINE
  5
8B
330
17
100
AcDbEntity
  8
SARR_2.2x7
 62
40
370
25
100
AcDbLine
 10
5951.68460282785
 20
4644.830746329764
 30
0.0
 11
5958.684602827851
 21
4644.830746329764
 31
0.0
  0
LINE
  5
8C
330
17
100
AcDbEntity
  8
SARR_2.2x7
 62
40
370
25
100
AcDbLine
 10
6152.904644551103
 20
4620.973871497819
 30
0.0
 11
6267.949785310289
 21
4620.973871497636
 31
0.0
  0
LINE
  5
8D
330
17
100
AcDbEntity
  8
SARR_2.2x7
 62
40
370
25
100
AcDbLine
 10
6152.904644551103
 20
4627.973871497517
 30
0.0
 11
6267.949785310289
 21
4627.97387149733
 31
0.0
  0
LINE
  5
8E
330
17
100
AcDbEntity
  8
SARR_2.2x7
 62
40
370
25
100
AcDbLine
 10
6267.949785310289
 20
4620.973871497835
 30
0.0
 11
6446.494926069475
 21
4620.973871497709
 31
0.0
  0
LINE
  5
8F
330
17
100
AcDbEntity
  8
SARR_2.2x7
 62
40
370
25
100
AcDbLine
 10
6267.949785310289
 20
4627.973871497533
 30
0.0
 11
6446.494926069475
 21
4627.973871497404
 31
0.0
  0
LINE
  5
90
330
17
100
AcDbEntity
  8
SARR_2.2x7
 62
40
370
25
100
AcDbLine
 10
6215.454945604359
 20
4431.690653509643
 30
0.0
 11
6100.409804845172
 21
4431.690653509661
 31
0.0
  0
LINE
  5
91
330
17
100
AcDbEntity
  8
SARR_2.2x7
 62
40
370
25
100
AcDbLine
 10
6100.409804845172
 20
4431.690653509661
 30
0.0
 11
5921.864664085982
 21
4431.690653509398
 31
0.0
  0
LINE
  5
92
330
17
100
AcDbEntity
  8
Painéis
 62
200
370
25
100
AcDbLine
 10
6222.409804845177
 20
4438.69065350955
 30
0.0
 11
5915.409804845176
 21
4438.690653509576
 31
0.0
  0
LINE
  5
93
330
17
100
AcDbEntity
  8
Painéis
 62
200
370
25
100
AcDbLine
 10
6222.409804845169
 20
4329.69065350955
 30
0.0
 11
5915.409804845168
 21
4329.690653509575
 31
0.0
  0
LINE
  5
94
330
17
100
AcDbEntity
  8
Painéis
 62
200
370
25
100
AcDbLine
 10
5915.409804845168
 20
4329.690653509575
 30
0.0
 11
5915.409804845176
 21
4438.690653509576
 31
0.0
  0
LINE
  5
95
330
17
100
AcDbEntity
  8
Painéis
 62
200
370
25
100
AcDbLine
 10
6222.409804845169
 20
4329.69065350955
 30
0.0
 11
6222.409804845177
 21
4438.69065350955
 31
0.0
  0
LINE
  5
96
330
17
100
AcDbEntity
  8
SARR_2.2x7
 62
40
370
25
100
AcDbLine
 10
6215.454945604355
 20
4329.690653509547
 30
0.0
 11
6215.454945604359
 21
4438.69065350955
 31
0.0
  0
LINE
  5
97
330
17
100
AcDbEntity
  8
SARR_2.2x7
 62
40
370
25
100
AcDbLine
 10
5921.864664085986
 20
4329.690653509572
 30
0.0
 11
5921.864664085982
 21
4438.69065350955
 31
0.0
  0
LINE
  5
98
330
17
100
AcDbEntity
  8
Painéis
 62
200
370
25
100
AcDbLine
 10
6100.409804845169
 20
4329.690653509564
 30
0.0
 11
6100.409804845176
 21
4438.690653509564
 31
0.0
  0
LINE
  5
99
330
17
100
AcDbEntity
  8
COTA
 62
241
370
25
100
AcDbLine
 10
6222.409804845177
 20
4438.69065350955
 30
0.0
 11
6222.409804845177
 21
4453.69065350955
 31
0.0
  0
LINE
  5
9A
330
17
100
AcDbEntity
  8
COTA
 62
241
370
25
100
AcDbLine
 10
5915.409804845176
 20
4453.69065350955
 30
0.0
 11
5915.409804845176
 21
4438.690653509576
 31
0.0
  0
LINE
  5
9B
330
17
100
AcDbEntity
  8
SARR_2.2x7
 62
40
370
25
100
AcDbLine
 10
6215.454945604359
 20
4336.69065350948
 30
0.0
 11
6100.409804845172
 21
4336.690653509461
 31
0.0
  0
LINE
  5
9C
330
17
100
AcDbEntity
  8
SARR_2.2x7
 62
40
370
25
100
AcDbLine
 10
6100.409804845172
 20
4336.690653509461
 30
0.0
 11
5921.864664085982
 21
4336.690653509725
 31
0.0
  0
LINE
  5
9D
330
17
100
AcDbEntity
  8
COTA
 62
241
370
25
100
AcDbLine
 10
5915.409804845176
 20
4453.69065350955
 30
0.0
 11
6222.409804845177
 21
4453.69065350955
 31
0.0
  0
LINE
  5
9E
330
17
100
AcDbEntity
  8
SARR_2.2x7
 62
40
370
25
100
AcDbLine
 10
6215.454945604359
 20
4397.120850346932
 30
0.0
 11
6100.409804845172
 21
4397.120850346749
 31
0.0
  0
LINE
  5
9F
330
17
100
AcDbEntity
  8
SARR_2.2x7
 62
40
370
25
100
AcDbLine
 10
6215.454945604359
 20
4404.120850346631
 30
0.0
 11
6100.409804845172
 21
4404.120850346443
 31
0.0
  0
LINE
  5
A0
330
17
100
AcDbEntity
  8
SARR_2.2x7
 62
40
370
25
100
AcDbLine
 10
6100.409804845172
 20
4397.120850346949
 30
0.0
 11
5921.864664085986
 21
4397.120850346822
 31
0.0
  0
LINE
  5
A1
330
17
100
AcDbEntity
  8
SARR_2.2x7
 62
40
370
25
100
AcDbLine
 10
6100.409804845172
 20
4404.120850346647
 30
0.0
 11
5921.864664085986
 21
4404.120850346518
 31
0.0
  0
LINE
  5
A2
330
17
100
AcDbEntity
  8
Painéis
 62
200
370
25
100
AcDbLine
 10
6241.720128086797
 20
4432.690653509542
 30
0.0
 11
6416.674987327617
 21
4432.690653509545
 31
0.0
  0
LINE
  5
A3
330
17
100
AcDbEntity
  8
Painéis
 62
200
370
25
100
AcDbLine
 10
6241.720128086801
 20
4329.690653509542
 30
0.0
 11
6445.674987327615
 21
4329.690653509545
 31
0.0
  0
LINE
  5
A4
330
17
100
AcDbEntity
  8
Painéis
 62
200
370
25
100
AcDbLine
 10
6445.674987327615
 20
4329.690653509545
 30
0.0
 11
6445.674987327613
 21
4394.690653509523
 31
0.0
  0
LINE
  5
A5
330
17
100
AcDbEntity
  8
Painéis
 62
200
370
25
100
AcDbLine
 10
6241.720128086801
 20
4329.690653509542
 30
0.0
 11
6241.720128086797
 21
4432.690653509542
 31
0.0
  0
LINE
  5
A6
330
17
100
AcDbEntity
  8
SARR_2.2x7
 62
40
370
25
100
AcDbLine
 10
6248.674987327619
 20
4329.690653509539
 30
0.0
 11
6248.674987327615
 21
4432.690653509542
 31
0.0
  0
LINE
  5
A7
330
17
100
AcDbEntity
  8
COTA
 62
241
370
25
100
AcDbLine
 10
6241.720128086797
 20
4432.690653509542
 30
0.0
 11
6241.720128086797
 21
4446.690653509542
 31
0.0
  0
LINE
  5
A8
330
17
100
AcDbEntity
  8
COTA
 62
241
370
25
100
AcDbLine
 10
6445.674987327613
 20
4453.690653509521
 30
0.0
 11
6445.674987327613
 21
4394.690653509523
 31
0.0
  0
LINE
  5
A9
330
17
100
AcDbEntity
  8
SARR_2.2x7
 62
40
370
25
100
AcDbLine
 10
6241.720128086797
 20
4450.190653509512
 30
0.0
 11
6416.674987327612
 21
4450.190653509519
 31
0.0
  0
LINE
  5
AA
330
17
100
AcDbEntity
  8
SARR_2.2x7
 62
40
370
25
100
AcDbLine
 10
6248.674987327615
 20
4336.690653509496
 30
0.0
 11
6353.674987327615
 21
4336.690653509605
 31
0.0
  0
LINE
  5
AB
330
17
100
AcDbEntity
  8
SARR_2.2x7
 62
40
370
25
100
AcDbLine
 10
6353.674987327617
 20
4397.120850346962
 30
0.0
 11
6248.674987327615
 21
4397.120850346943
 31
0.0
  0
LINE
  5
AC
330
17
100
AcDbEntity
  8
SARR_2.2x7
 62
40
370
25
100
AcDbLine
 10
6353.674987327617
 20
4404.12085034666
 30
0.0
 11
6248.674987327615
 21
4404.120850346638
 31
0.0
  0
LINE
  5
AD
330
17
100
AcDbEntity
  8
SARR_2.2x7
 62
40
370
25
100
AcDbLine
 10
6248.674987327615
 20
4425.690653509593
 30
0.0
 11
6409.674987327611
 21
4425.690653509425
 31
0.0
  0
LINE
  5
AE
330
17
100
AcDbEntity
  8
COTA
 62
241
370
25
100
AcDbLine
 10
6416.674987327612
 20
4453.69065350952
 30
0.0
 11
6445.674987327611
 21
4453.690653509521
 31
0.0
  0
LINE
  5
AF
330
17
100
AcDbEntity
  8
SARR_2.2x7
 62
40
370
25
100
AcDbLine
 10
6353.674987327617
 20
4363.833778677608
 30
0.0
 11
6248.674987327615
 21
4363.833778677588
 31
0.0
  0
LINE
  5
B0
330
17
100
AcDbEntity
  8
SARR_2.2x7
 62
40
370
25
100
AcDbLine
 10
6353.674987327617
 20
4370.833778677306
 30
0.0
 11
6248.674987327615
 21
4370.833778677283
 31
0.0
  0
LINE
  5
B1
330
17
100
AcDbEntity
  8
SARR_2.2x7
 62
40
370
25
100
AcDbLine
 10
6353.674987327613
 20
4329.690653509524
 30
0.0
 11
6353.674987327617
 21
4336.690653509605
 31
0.0
  0
LINE
  5
B2
330
17
100
AcDbEntity
  8
SARR_2.2x7
 62
40
370
25
100
AcDbLine
 10
6353.674987327617
 20
4363.833778677608
 30
0.0
 11
6353.674987327617
 21
4370.833778677306
 31
0.0
  0
LINE
  5
B3
330
17
100
AcDbEntity
  8
SARR_2.2x7
 62
40
370
25
100
AcDbLine
 10
6353.674987327617
 20
4397.120850346962
 30
0.0
 11
6353.674987327617
 21
4404.12085034666
 31
0.0
  0
LINE
  5
B4
330
17
100
AcDbEntity
  8
SARR_2.2x7
 62
40
370
25
100
AcDbLine
 10
6438.674987327619
 20
4329.69065350954
 30
0.0
 11
6438.674987327619
 21
4394.690653509522
 31
0.0
  0
LINE
  5
B5
330
17
100
AcDbEntity
  8
Painéis
 62
200
370
25
100
AcDbLine
 10
6445.674987327611
 20
4394.690653509523
 30
0.0
 11
6416.674987327612
 21
4394.690653509523
 31
0.0
  0
LINE
  5
B6
330
17
100
AcDbEntity
  8
SARR_2.2x7
 62
40
370
25
100
AcDbLine
 10
6445.674987327611
 20
4387.690653509523
 30
0.0
 11
6416.674987327613
 21
4387.690653509523
 31
0.0
  0
LINE
  5
B7
330
17
100
AcDbEntity
  8
Painéis
 62
200
370
25
100
AcDbLine
 10
6416.674987327612
 20
4394.690653509523
 30
0.0
 11
6416.674987327609
 21
4432.690653509546
 31
0.0
  0
LINE
  5
B8
330
17
100
AcDbEntity
  8
SARR_2.2x7
 62
40
370
25
100
AcDbLine
 10
6409.674987327611
 20
4387.690653509523
 30
0.0
 11
6409.674987327609
 21
4432.690653509546
 31
0.0
  0
LINE
  5
B9
330
17
100
AcDbEntity
  8
SARR_2.2x7
 62
40
370
25
100
AcDbLine
 10
6416.674987327612
 20
4394.690653509528
 30
0.0
 11
6416.674987327613
 21
4387.690653509523
 31
0.0
  0
LINE
  5
BA
330
17
100
AcDbEntity
  8
SARR_2.2x7
 62
40
370
25
100
AcDbLine
 10
6416.674987327613
 20
4387.690653509523
 30
0.0
 11
6409.674987327611
 21
4387.690653509523
 31
0.0
  0
LINE
  5
BB
330
17
100
AcDbEntity
  8
SARR_2.2x7
 62
40
370
25
100
AcDbLine
 10
6215.454945604359
 20
4363.833778677578
 30
0.0
 11
6100.409804845172
 21
4363.833778677395
 31
0.0
  0
LINE
  5
BC
330
17
100
AcDbEntity
  8
SARR_2.2x7
 62
40
370
25
100
AcDbLine
 10
6215.454945604359
 20
4370.833778677276
 30
0.0
 11
6100.409804845172
 21
4370.833778677089
 31
0.0
  0
LINE
  5
BD
330
17
100
AcDbEntity
  8
SARR_2.2x7
 62
40
370
25
100
AcDbLine
 10
6100.409804845172
 20
4363.833778677594
 30
0.0
 11
5921.864664085986
 21
4363.833778677468
 31
0.0
  0
LINE
  5
BE
330
17
100
AcDbEntity
  8
SARR_2.2x7
 62
40
370
25
100
AcDbLine
 10
6100.409804845172
 20
4370.833778677293
 30
0.0
 11
5921.864664085986
 21
4370.833778677163
 31
0.0
  0
LINE
  5
BF
330
17
100
AcDbEntity
  8
COTA
 62
4
370
25
100
AcDbLine
 10
5416.321042976466
 20
4752.095800539535
 30
0.0
 11
5433.192775734467
 21
4752.095800539535
 31
0.0
  0
LINE
  5
C0
330
17
100
AcDbEntity
  8
COTA
 62
4
370
25
100
AcDbLine
 10
5416.321042976466
 20
4726.095800539521
 30
0.0
 11
5433.192775734467
 21
4726.095800539521
 31
0.0
  0
LINE
  5
C1
330
17
100
AcDbEntity
  8
COTA
 62
4
370
25
100
AcDbLine
 10
5430.192775734468
 20
4752.095800539535
 30
0.0
 11
5430.192775734468
 21
4726.095800539521
 31
0.0
  0
LINE
  5
C2
330
17
100
AcDbEntity
  8
COTA
 62
4
370
25
100
AcDbLine
 10
5278.721042976518
 20
4634.095800539543
 30
0.0
 11
5204.344319887379
 21
4634.095800539543
 31
0.0
  0
LINE
  5
C3
330
17
100
AcDbEntity
  8
COTA
 62
4
370
25
100
AcDbLine
 10
5256.721042976518
 20
4752.095800539535
 30
0.0
 11
5204.344319887379
 21
4752.095800539535
 31
0.0
  0
LINE
  5
C4
330
17
100
AcDbEntity
  8
COTA
 62
4
370
25
100
AcDbLine
 10
5207.344319887379
 20
4634.095800539543
 30
0.0
 11
5207.344319887379
 21
4752.095800539535
 31
0.0
  0
LINE
  5
C5
330
17
100
AcDbEntity
  8
COTA
 62
4
370
25
100
AcDbLine
 10
5389.9210429765
 20
4634.095800539543
 30
0.0
 11
5433.192775734886
 21
4634.095800539543
 31
0.0
  0
LINE
  5
C6
330
17
100
AcDbEntity
  8
COTA
 62
4
370
25
100
AcDbLine
 10
5416.321042976466
 20
4722.095800539522
 30
0.0
 11
5433.192775734886
 21
4722.095800539522
 31
0.0
  0
LINE
  5
C7
330
17
100
AcDbEntity
  8
COTA
 62
4
370
25
100
AcDbLine
 10
5430.192775734886
 20
4634.095800539543
 30
0.0
 11
5430.192775734886
 21
4722.095800539522
 31
0.0
  0
LINE
  5
C8
330
17
100
AcDbEntity
  8
Cota Seção (2x)
 62
180
370
25
100
AcDbLine
 10
5348.821042978152
 20
4700.42913387284
 30
0.0
 11
5348.821042978152
 21
4719.762467206174
 31
0.0
  0
LINE
  5
C9
330
17
100
AcDbEntity
  8
Cota Seção (2x)
 62
180
370
25
100
AcDbLine
 10
5348.821042978152
 20
4719.762467206174
 30
0.0
 11
5333.821042978152
 21
4719.762467206174
 31
0.0
  0
LINE
  5
CA
330
17
100
AcDbEntity
  8
Cota Seção (2x)
 62
180
370
25
100
AcDbLine
 10
5333.821042978152
 20
4719.762467206174
 30
0.0
 11
5333.821042978152
 21
4700.42913387284
 31
0.0
  0
LINE
  5
CB
330
17
100
AcDbEntity
  8
Cota Seção (2x)
 62
180
370
25
100
AcDbLine
 10
5333.821042978152
 20
4700.42913387284
 30
0.0
 11
5348.821042978152
 21
4700.42913387284
 31
0.0
  0
LINE
  5
CC
330
17
100
AcDbEntity
  8
COTA
 62
4
370
25
100
AcDbLine
 10
5256.721042976518
 20
4752.095800539535
 30
0.0
 11
5223.663748372844
 21
4752.095800539535
 31
0.0
  0
LINE
  5
CD
330
17
100
AcDbEntity
  8
COTA
 62
4
370
25
100
AcDbLine
 10
5256.721042976518
 20
4724.095800539514
 30
0.0
 11
5223.663748372844
 21
4724.095800539514
 31
0.0
  0
LINE
  5
CE
330
17
100
AcDbEntity
  8
COTA
 62
4
370
25
100
AcDbLine
 10
5226.663748372844
 20
4752.095800539535
 30
0.0
 11
5226.663748372844
 21
4724.095800539514
 31
0.0
  0
LINE
  5
CF
330
17
100
AcDbEntity
  8
COTA
 62
4
370
25
100
AcDbLine
 10
5256.721042976518
 20
4720.095800539514
 30
0.0
 11
5223.663748373176
 21
4720.095800539514
 31
0.0
  0
LINE
  5
D0
330
17
100
AcDbEntity
  8
COTA
 62
4
370
25
100
AcDbLine
 10
5278.721042976518
 20
4634.095800539543
 30
0.0
 11
5223.663748373176
 21
4634.095800539543
 31
0.0
  0
LINE
  5
D1
330
17
100
AcDbEntity
  8
COTA
 62
4
370
25
100
AcDbLine
 10
5226.663748373176
 20
4720.095800539514
 30
0.0
 11
5226.663748373176
 21
4634.095800539543
 31
0.0
  0
LINE
  5
D2
330
17
100
AcDbEntity
  8
COTA
 62
4
370
25
100
AcDbLine
 10
5315.321042976493
 20
4631.095800539534
 30
0.0
 11
5315.321042976493
 21
4586.368986737351
 31
0.0
  0
LINE
  5
D3
330
17
100
AcDbEntity
  8
COTA
 62
4
370
25
100
AcDbLine
 10
5353.321042976493
 20
4631.095800539534
 30
0.0
 11
5353.321042976493
 21
4586.368986737351
 31
0.0
  0
LINE
  5
D4
330
17
100
AcDbEntity
  8
COTA
 62
4
370
25
100
AcDbLine
 10
5315.321042976493
 20
4589.368986737351
 30
0.0
 11
5353.321042976493
 21
4589.368986737351
 31
0.0
  0
LINE
  5
D5
330
17
100
AcDbEntity
  8
Cota Seção (2x)
 62
180
370
25
100
AcDbLine
 10
5325.321042976464
 20
4654.095800539542
 30
0.0
 11
5343.321042976464
 21
4654.095800539542
 31
0.0
  0
LINE
  5
D6
330
17
100
AcDbEntity
  8
Cota Seção (2x)
 62
180
370
25
100
AcDbLine
 10
5343.321042976464
 20
4654.095800539542
 30
0.0
 11
5343.321042976464
 21
4669.095800539541
 31
0.0
  0
LINE
  5
D7
330
17
100
AcDbEntity
  8
Cota Seção (2x)
 62
180
370
25
100
AcDbLine
 10
5343.321042976464
 20
4669.095800539541
 30
0.0
 11
5325.321042976464
 21
4669.095800539541
 31
0.0
  0
LINE
  5
D8
330
17
100
AcDbEntity
  8
Cota Seção (2x)
 62
180
370
25
100
AcDbLine
 10
5325.321042976464
 20
4669.095800539541
 30
0.0
 11
5325.321042976464
 21
4654.095800539542
 31
0.0
  0
LINE
  5
D9
330
17
100
AcDbEntity
  8
COTA
 62
4
370
25
100
AcDbLine
 10
5144.774820782751
 20
4465.648697428933
 30
0.0
 11
5144.774820782751
 21
4439.108771450778
 31
0.0
  0
LINE
  5
DA
330
17
100
AcDbEntity
  8
COTA
 62
4
370
25
100
AcDbLine
 10
5388.774820782752
 20
4465.648697428963
 30
0.0
 11
5388.774820782752
 21
4439.108771450778
 31
0.0
  0
LINE
  5
DB
330
17
100
AcDbEntity
  8
COTA
 62
4
370
25
100
AcDbLine
 10
5144.774820782751
 20
4442.108771450778
 30
0.0
 11
5388.774820782752
 21
4442.108771450778
 31
0.0
  0
LINE
  5
DC
330
17
100
AcDbEntity
  8
COTA
 62
0
370
25
100
AcDbLine
 10
5146.274820782751
 20
4443.608771450778
 30
0.0
 11
5143.274820782751
 21
4440.608771450778
 31
0.0
  0
LINE
  5
DD
330
17
100
AcDbEntity
  8
COTA
 62
0
370
25
100
AcDbLine
 10
5387.274820782752
 20
4440.608771450778
 30
0.0
 11
5390.274820782752
 21
4443.608771450778
 31
0.0
  0
LINE
  5
DE
330
17
100
AcDbEntity
  8
COTA
 62
4
370
25
100
AcDbLine
 10
5388.774820782752
 20
4465.648697428963
 30
0.0
 11
5388.774820782752
 21
4439.108771450789
 31
0.0
  0
LINE
  5
DF
330
17
100
AcDbEntity
  8
COTA
 62
4
370
25
100
AcDbLine
 10
5559.774820782752
 20
4465.648697428933
 30
0.0
 11
5559.774820782752
 21
4439.108771450789
 31
0.0
  0
LINE
  5
E0
330
17
100
AcDbEntity
  8
COTA
 62
4
370
25
100
AcDbLine
 10
5388.774820782752
 20
4442.108771450789
 30
0.0
 11
5559.774820782752
 21
4442.108771450789
 31
0.0
  0
LINE
  5
E1
330
17
100
AcDbEntity
  8
COTA
 62
0
370
25
100
AcDbLine
 10
5390.274820782752
 20
4443.608771450789
 30
0.0
 11
5387.274820782752
 21
4440.608771450789
 31
0.0
  0
LINE
  5
E2
330
17
100
AcDbEntity
  8
COTA
 62
0
370
25
100
AcDbLine
 10
5558.274820782752
 20
4440.608771450789
 30
0.0
 11
5561.274820782752
 21
4443.608771450789
 31
0.0
  0
LINE
  5
E3
330
17
100
AcDbEntity
  8
COTA
 62
4
370
25
100
AcDbLine
 10
5144.774820782751
 20
4465.648697428933
 30
0.0
 11
5144.774820782751
 21
4410.570260762056
 31
0.0
  0
LINE
  5
E4
330
17
100
AcDbEntity
  8
COTA
 62
4
370
25
100
AcDbLine
 10
5559.774820782752
 20
4465.648697428933
 30
0.0
 11
5559.774820782752
 21
4410.570260762056
 31
0.0
  0
LINE
  5
E5
330
17
100
AcDbEntity
  8
COTA
 62
4
370
25
100
AcDbLine
 10
5144.774820782751
 20
4413.570260762056
 30
0.0
 11
5559.774820782752
 21
4413.570260762056
 31
0.0
  0
LINE
  5
E6
330
17
100
AcDbEntity
  8
COTA
 62
0
370
25
100
AcDbLine
 10
5146.274820782751
 20
4415.070260762056
 30
0.0
 11
5143.274820782751
 21
4412.070260762056
 31
0.0
  0
LINE
  5
E7
330
17
100
AcDbEntity
  8
COTA
 62
0
370
25
100
AcDbLine
 10
5558.274820782752
 20
4412.070260762056
 30
0.0
 11
5561.274820782752
 21
4415.070260762056
 31
0.0
  0
LINE
  5
E8
330
17
100
AcDbEntity
  8
COTA
 62
4
370
25
100
AcDbLine
 10
5561.27482078276
 20
4511.648697428936
 30
0.0
 11
5584.152252945481
 21
4511.648697428936
 31
0.0
  0
LINE
  5
E9
330
17
100
AcDbEntity
  8
COTA
 62
4
370
25
100
AcDbLine
 10
5561.27482078276
 20
4527.648697428936
 30
0.0
 11
5584.152252945481
 21
4527.648697428936
 31
0.0
  0
LINE
  5
EA
330
17
100
AcDbEntity
  8
COTA
 62
4
370
25
100
AcDbLine
 10
5581.152252945481
 20
4511.648697428936
 30
0.0
 11
5581.152252945481
 21
4527.648697428936
 31
0.0
  0
LINE
  5
EB
330
17
100
AcDbEntity
  8
COTA
 62
4
370
25
100
AcDbLine
 10
5581.152252945481
 20
4527.648697428936
 30
0.0
 11
5581.152252945481
 21
4546.663317311976
 31
0.0
  0
LINE
  5
EC
330
17
100
AcDbEntity
  8
COTA
 62
0
370
25
100
AcDbLine
 10
5579.652252945481
 20
4513.148697428936
 30
0.0
 11
5582.652252945481
 21
4510.148697428936
 31
0.0
  0
LINE
  5
ED
330
17
100
AcDbEntity
  8
COTA
 62
0
370
25
100
AcDbLine
 10
5582.652252945481
 20
4526.148697428936
 30
0.0
 11
5579.652252945481
 21
4529.148697428936
 31
0.0
  0
LINE
  5
EE
330
17
100
AcDbEntity
  8
COTA
 62
4
370
25
100
AcDbLine
 10
5561.27482078276
 20
4511.648697428936
 30
0.0
 11
5584.152252945478
 21
4511.648697428936
 31
0.0
  0
LINE
  5
EF
330
17
100
AcDbEntity
  8
COTA
 62
4
370
25
100
AcDbLine
 10
5562.774820782753
 20
4468.64869742896
 30
0.0
 11
5584.152252945478
 21
4468.64869742896
 31
0.0
  0
LINE
  5
F0
330
17
100
AcDbEntity
  8
COTA
 62
4
370
25
100
AcDbLine
 10
5581.152252945478
 20
4511.648697428936
 30
0.0
 11
5581.152252945478
 21
4468.64869742896
 31
0.0
  0
LINE
  5
F1
330
17
100
AcDbEntity
  8
COTA
 62
0
370
25
100
AcDbLine
 10
5582.652252945478
 20
4510.148697428936
 30
0.0
 11
5579.652252945478
 21
4513.148697428936
 31
0.0
  0
LINE
  5
F2
330
17
100
AcDbEntity
  8
COTA
 62
0
370
25
100
AcDbLine
 10
5579.652252945478
 20
4470.14869742896
 30
0.0
 11
5582.652252945478
 21
4467.14869742896
 31
0.0
  0
LINE
  5
F3
330
17
100
AcDbEntity
  8
COTA
 62
4
370
25
100
AcDbLine
 10
5561.27482078276
 20
4527.648697428936
 30
0.0
 11
5607.283727762708
 21
4527.648697428936
 31
0.0
  0
LINE
  5
F4
330
17
100
AcDbEntity
  8
COTA
 62
4
370
25
100
AcDbLine
 10
5562.774820782753
 20
4468.64869742896
 30
0.0
 11
5607.283727762708
 21
4468.64869742896
 31
0.0
  0
LINE
  5
F5
330
17
100
AcDbEntity
  8
COTA
 62
4
370
25
100
AcDbLine
 10
5604.283727762708
 20
4527.648697428936
 30
0.0
 11
5604.283727762708
 21
4468.64869742896
 31
0.0
  0
LINE
  5
F6
330
17
100
AcDbEntity
  8
COTA
 62
0
370
25
100
AcDbLine
 10
5605.783727762708
 20
4526.148697428936
 30
0.0
 11
5602.783727762708
 21
4529.148697428936
 31
0.0
  0
LINE
  5
F7
330
17
100
AcDbEntity
  8
COTA
 62
0
370
25
100
AcDbLine
 10
5602.783727762708
 20
4470.14869742896
 30
0.0
 11
5605.783727762708
 21
4467.14869742896
 31
0.0
  0
LINE
  5
F8
330
17
100
AcDbEntity
  8
COTA
 62
4
370
25
100
AcDbLine
 10
5144.774820782751
 20
4254.782699200766
 30
0.0
 11
5144.774820782751
 21
4228.24277322261
 31
0.0
  0
LINE
  5
F9
330
17
100
AcDbEntity
  8
COTA
 62
4
370
25
100
AcDbLine
 10
5388.774820782752
 20
4254.782699200794
 30
0.0
 11
5388.774820782752
 21
4228.24277322261
 31
0.0
  0
LINE
  5
FA
330
17
100
AcDbEntity
  8
COTA
 62
4
370
25
100
AcDbLine
 10
5144.774820782751
 20
4231.24277322261
 30
0.0
 11
5388.774820782752
 21
4231.24277322261
 31
0.0
  0
LINE
  5
FB
330
17
100
AcDbEntity
  8
COTA
 62
0
370
25
100
AcDbLine
 10
5146.274820782751
 20
4232.74277322261
 30
0.0
 11
5143.274820782751
 21
4229.74277322261
 31
0.0
  0
LINE
  5
FC
330
17
100
AcDbEntity
  8
COTA
 62
0
370
25
100
AcDbLine
 10
5387.274820782752
 20
4229.74277322261
 30
0.0
 11
5390.274820782752
 21
4232.74277322261
 31
0.0
  0
LINE
  5
FD
330
17
100
AcDbEntity
  8
COTA
 62
4
370
25
100
AcDbLine
 10
5388.774820782752
 20
4254.782699200794
 30
0.0
 11
5388.774820782752
 21
4228.242773222621
 31
0.0
  0
LINE
  5
FE
330
17
100
AcDbEntity
  8
COTA
 62
4
370
25
100
AcDbLine
 10
5559.774820782752
 20
4254.782699200791
 30
0.0
 11
5559.774820782752
 21
4228.242773222621
 31
0.0
  0
LINE
  5
FF
330
17
100
AcDbEntity
  8
COTA
 62
4
370
25
100
AcDbLine
 10
5388.774820782752
 20
4231.242773222621
 30
0.0
 11
5559.774820782752
 21
4231.242773222621
 31
0.0
  0
LINE
  5
100
330
17
100
AcDbEntity
  8
COTA
 62
0
370
25
100
AcDbLine
 10
5390.274820782752
 20
4232.742773222621
 30
0.0
 11
5387.274820782752
 21
4229.742773222621
 31
0.0
  0
LINE
  5
101
330
17
100
AcDbEntity
  8
COTA
 62
0
370
25
100
AcDbLine
 10
5558.274820782752
 20
4229.742773222621
 30
0.0
 11
5561.274820782752
 21
4232.742773222621
 31
0.0
  0
LINE
  5
102
330
17
100
AcDbEntity
  8
COTA
 62
4
370
25
100
AcDbLine
 10
5144.774820782751
 20
4254.782699200766
 30
0.0
 11
5144.774820782751
 21
4199.704262533888
 31
0.0
  0
LINE
  5
103
330
17
100
AcDbEntity
  8
COTA
 62
4
370
25
100
AcDbLine
 10
5559.774820782752
 20
4254.782699200791
 30
0.0
 11
5559.774820782752
 21
4199.704262533888
 31
0.0
  0
LINE
  5
104
330
17
100
AcDbEntity
  8
COTA
 62
4
370
25
100
AcDbLine
 10
5144.774820782751
 20
4202.704262533887
 30
0.0
 11
5559.774820782752
 21
4202.704262533887
 31
0.0
  0
LINE
  5
105
330
17
100
AcDbEntity
  8
COTA
 62
0
370
25
100
AcDbLine
 10
5146.274820782751
 20
4204.204262533887
 30
0.0
 11
5143.274820782751
 21
4201.204262533887
 31
0.0
  0
LINE
  5
106
330
17
100
AcDbEntity
  8
COTA
 62
0
370
25
100
AcDbLine
 10
5558.274820782752
 20
4201.204262533887
 30
0.0
 11
5561.274820782752
 21
4204.204262533887
 31
0.0
  0
LINE
  5
107
330
17
100
AcDbEntity
  8
COTA
 62
4
370
25
100
AcDbLine
 10
5562.77482078276
 20
4301.782699200767
 30
0.0
 11
5586.152252945485
 21
4301.782699200767
 31
0.0
  0
LINE
  5
108
330
17
100
AcDbEntity
  8
COTA
 62
4
370
25
100
AcDbLine
 10
5562.77482078276
 20
4316.782699200767
 30
0.0
 11
5586.152252945485
 21
4316.782699200767
 31
0.0
  0
LINE
  5
109
330
17
100
AcDbEntity
  8
COTA
 62
4
370
25
100
AcDbLine
 10
5583.152252945485
 20
4301.782699200767
 30
0.0
 11
5583.152252945485
 21
4316.782699200767
 31
0.0
  0
LINE
  5
10A
330
17
100
AcDbEntity
  8
COTA
 62
4
370
25
100
AcDbLine
 10
5583.152252945485
 20
4316.782699200767
 30
0.0
 11
5583.152252945485
 21
4335.154044230008
 31
0.0
  0
LINE
  5
10B
330
17
100
AcDbEntity
  8
COTA
 62
0
370
25
100
AcDbLine
 10
5581.652252945485
 20
4303.282699200767
 30
0.0
 11
5584.652252945485
 21
4300.282699200767
 31
0.0
  0
LINE
  5
10C
330
17
100
AcDbEntity
  8
COTA
 62
0
370
25
100
AcDbLine
 10
5584.652252945485
 20
4315.282699200767
 30
0.0
 11
5581.652252945485
 21
4318.282699200767
 31
0.0
  0
LINE
  5
10D
330
17
100
AcDbEntity
  8
COTA
 62
4
370
25
100
AcDbLine
 10
5562.77482078276
 20
4301.782699200767
 30
0.0
 11
5586.152252945481
 21
4301.782699200767
 31
0.0
  0
LINE
  5
10E
330
17
100
AcDbEntity
  8
COTA
 62
4
370
25
100
AcDbLine
 10
5562.774820782753
 20
4257.782699200768
 30
0.0
 11
5586.152252945481
 21
4257.782699200768
 31
0.0
  0
LINE
  5
10F
330
17
100
AcDbEntity
  8
COTA
 62
4
370
25
100
AcDbLine
 10
5583.152252945481
 20
4301.782699200767
 30
0.0
 11
5583.152252945481
 21
4257.782699200768
 31
0.0
  0
LINE
  5
110
330
17
100
AcDbEntity
  8
COTA
 62
0
370
25
100
AcDbLine
 10
5584.652252945481
 20
4300.282699200767
 30
0.0
 11
5581.652252945481
 21
4303.282699200767
 31
0.0
  0
LINE
  5
111
330
17
100
AcDbEntity
  8
COTA
 62
0
370
25
100
AcDbLine
 10
5581.652252945481
 20
4259.282699200768
 30
0.0
 11
5584.652252945481
 21
4256.282699200768
 31
0.0
  0
LINE
  5
112
330
17
100
AcDbEntity
  8
COTA
 62
4
370
25
100
AcDbLine
 10
5562.77482078276
 20
4316.782699200767
 30
0.0
 11
5609.283727762708
 21
4316.782699200767
 31
0.0
  0
LINE
  5
113
330
17
100
AcDbEntity
  8
COTA
 62
4
370
25
100
AcDbLine
 10
5562.774820782753
 20
4257.782699200768
 30
0.0
 11
5609.283727762708
 21
4257.782699200768
 31
0.0
  0
LINE
  5
114
330
17
100
AcDbEntity
  8
COTA
 62
4
370
25
100
AcDbLine
 10
5606.283727762708
 20
4316.782699200767
 30
0.0
 11
5606.283727762708
 21
4257.782699200768
 31
0.0
  0
LINE
  5
115
330
17
100
AcDbEntity
  8
COTA
 62
0
370
25
100
AcDbLine
 10
5607.783727762708
 20
4315.282699200767
 30
0.0
 11
5604.783727762708
 21
4318.282699200767
 31
0.0
  0
LINE
  5
116
330
17
100
AcDbEntity
  8
COTA
 62
0
370
25
100
AcDbLine
 10
5604.783727762708
 20
4259.282699200768
 30
0.0
 11
5607.783727762708
 21
4256.282699200768
 31
0.0
  0
LINE
  5
117
330
17
100
AcDbEntity
  8
COTA
 62
4
370
25
100
AcDbLine
 10
5834.460350166757
 20
4752.095800539534
 30
0.0
 11
5851.332082924773
 21
4752.095800539534
 31
0.0
  0
LINE
  5
118
330
17
100
AcDbEntity
  8
COTA
 62
4
370
25
100
AcDbLine
 10
5834.460350166757
 20
4726.09580053952
 30
0.0
 11
5851.332082924773
 21
4726.09580053952
 31
0.0
  0
LINE
  5
119
330
17
100
AcDbEntity
  8
COTA
 62
4
370
25
100
AcDbLine
 10
5848.332082924773
 20
4752.095800539534
 30
0.0
 11
5848.332082924773
 21
4726.09580053952
 31
0.0
  0
LINE
  5
11A
330
17
100
AcDbEntity
  8
COTA
 62
4
370
25
100
AcDbLine
 10
5712.916835442198
 20
4504.095800539542
 30
0.0
 11
5655.503475166728
 21
4504.095800539542
 31
0.0
  0
LINE
  5
11B
330
17
100
AcDbEntity
  8
COTA
 62
4
370
25
100
AcDbLine
 10
5707.880198255849
 20
4752.095800539534
 30
0.0
 11
5655.503475166728
 21
4752.095800539534
 31
0.0
  0
LINE
  5
11C
330
17
100
AcDbEntity
  8
COTA
 62
4
370
25
100
AcDbLine
 10
5658.503475166728
 20
4504.095800539542
 30
0.0
 11
5658.503475166728
 21
4752.095800539534
 31
0.0
  0
LINE
  5
11D
330
17
100
AcDbEntity
  8
COTA
 62
4
370
25
100
AcDbLine
 10
5824.116835442181
 20
4504.095800539542
 30
0.0
 11
5851.332082925195
 21
4504.095800539542
 31
0.0
  0
LINE
  5
11E
330
17
100
AcDbEntity
  8
COTA
 62
4
370
25
100
AcDbLine
 10
5834.460350166757
 20
4722.09580053952
 30
0.0
 11
5851.332082925195
 21
4722.09580053952
 31
0.0
  0
LINE
  5
11F
330
17
100
AcDbEntity
  8
COTA
 62
4
370
25
100
AcDbLine
 10
5848.332082925195
 20
4504.095800539542
 30
0.0
 11
5848.332082925195
 21
4722.09580053952
 31
0.0
  0
LINE
  5
120
330
17
100
AcDbEntity
  8
Cota Seção (2x)
 62
180
370
25
100
AcDbLine
 10
5783.016835443832
 20
4697.595800539505
 30
0.0
 11
5783.016835443832
 21
4722.595800539505
 31
0.0
  0
LINE
  5
121
330
17
100
AcDbEntity
  8
Cota Seção (2x)
 62
180
370
25
100
AcDbLine
 10
5783.016835443832
 20
4722.595800539505
 30
0.0
 11
5768.016835443832
 21
4722.595800539505
 31
0.0
  0
LINE
  5
122
330
17
100
AcDbEntity
  8
Cota Seção (2x)
 62
180
370
25
100
AcDbLine
 10
5768.016835443832
 20
4722.595800539505
 30
0.0
 11
5768.016835443832
 21
4697.595800539505
 31
0.0
  0
LINE
  5
123
330
17
100
AcDbEntity
  8
Cota Seção (2x)
 62
180
370
25
100
AcDbLine
 10
5768.016835443832
 20
4697.595800539505
 30
0.0
 11
5783.016835443832
 21
4697.595800539505
 31
0.0
  0
LINE
  5
124
330
17
100
AcDbEntity
  8
COTA
 62
4
370
25
100
AcDbLine
 10
5707.880198255849
 20
4752.095800539534
 30
0.0
 11
5674.82290365219
 21
4752.095800539534
 31
0.0
  0
LINE
  5
125
330
17
100
AcDbEntity
  8
COTA
 62
4
370
25
100
AcDbLine
 10
5707.880198255849
 20
4726.095800539513
 30
0.0
 11
5674.82290365219
 21
4726.095800539513
 31
0.0
  0
LINE
  5
126
330
17
100
AcDbEntity
  8
COTA
 62
4
370
25
100
AcDbLine
 10
5677.82290365219
 20
4752.095800539534
 30
0.0
 11
5677.82290365219
 21
4726.095800539513
 31
0.0
  0
LINE
  5
127
330
17
100
AcDbEntity
  8
COTA
 62
4
370
25
100
AcDbLine
 10
5707.880198255849
 20
4722.095800539513
 30
0.0
 11
5674.822903652525
 21
4722.095800539513
 31
0.0
  0
LINE
  5
128
330
17
100
AcDbEntity
  8
COTA
 62
4
370
25
100
AcDbLine
 10
5712.916835442198
 20
4504.095800539542
 30
0.0
 11
5674.822903652525
 21
4504.095800539542
 31
0.0
  0
LINE
  5
129
330
17
100
AcDbEntity
  8
COTA
 62
4
370
25
100
AcDbLine
 10
5677.822903652525
 20
4722.095800539513
 30
0.0
 11
5677.822903652525
 21
4504.095800539542
 31
0.0
  0
LINE
  5
12A
330
17
100
AcDbEntity
  8
COTA
 62
4
370
25
100
AcDbLine
 10
5749.516835442173
 20
4501.095800539533
 30
0.0
 11
5749.516835442173
 21
4456.36898673735
 31
0.0
  0
LINE
  5
12B
330
17
100
AcDbEntity
  8
COTA
 62
4
370
25
100
AcDbLine
 10
5787.516835442173
 20
4501.095800539533
 30
0.0
 11
5787.516835442173
 21
4456.36898673735
 31
0.0
  0
LINE
  5
12C
330
17
100
AcDbEntity
  8
COTA
 62
4
370
25
100
AcDbLine
 10
5749.516835442173
 20
4459.36898673735
 30
0.0
 11
5787.516835442173
 21
4459.36898673735
 31
0.0
  0
LINE
  5
12D
330
17
100
AcDbEntity
  8
Cota Seção (2x)
 62
180
370
25
100
AcDbLine
 10
5759.516835442144
 20
4524.09580053954
 30
0.0
 11
5777.516835442144
 21
4524.09580053954
 31
0.0
  0
LINE
  5
12E
330
17
100
AcDbEntity
  8
Cota Seção (2x)
 62
180
370
25
100
AcDbLine
 10
5777.516835442144
 20
4524.09580053954
 30
0.0
 11
5777.516835442144
 21
4539.09580053954
 31
0.0
  0
LINE
  5
12F
330
17
100
AcDbEntity
  8
Cota Seção (2x)
 62
180
370
25
100
AcDbLine
 10
5777.516835442144
 20
4539.09580053954
 30
0.0
 11
5759.516835442144
 21
4539.09580053954
 31
0.0
  0
LINE
  5
130
330
17
100
AcDbEntity
  8
Cota Seção (2x)
 62
180
370
25
100
AcDbLine
 10
5759.516835442144
 20
4539.09580053954
 30
0.0
 11
5759.516835442144
 21
4524.09580053954
 31
0.0
  0
LINE
  5
131
330
17
100
AcDbEntity
  8
COTA
 62
4
370
25
100
AcDbLine
 10
6145.949785310293
 20
4583.830746329791
 30
0.0
 11
6145.949785310293
 21
4544.453506116701
 31
0.0
  0
LINE
  5
132
330
17
100
AcDbEntity
  8
COTA
 62
4
370
25
100
AcDbLine
 10
6267.949785310293
 20
4583.83074632982
 30
0.0
 11
6267.949785310293
 21
4544.453506116701
 31
0.0
  0
LINE
  5
133
330
17
100
AcDbEntity
  8
COTA
 62
4
370
25
100
AcDbLine
 10
6145.949785310293
 20
4547.453506116701
 30
0.0
 11
6267.949785310293
 21
4547.453506116701
 31
0.0
  0
LINE
  5
134
330
17
100
AcDbEntity
  8
COTA
 62
0
370
25
100
AcDbLine
 10
6147.449785310293
 20
4548.953506116701
 30
0.0
 11
6144.449785310293
 21
4545.953506116701
 31
0.0
  0
LINE
  5
135
330
17
100
AcDbEntity
  8
COTA
 62
0
370
25
100
AcDbLine
 10
6266.449785310293
 20
4545.953506116701
 30
0.0
 11
6269.449785310293
 21
4548.953506116701
 31
0.0
  0
LINE
  5
136
330
17
100
AcDbEntity
  8
COTA
 62
4
370
25
100
AcDbLine
 10
6267.949785310293
 20
4583.83074632982
 30
0.0
 11
6267.949785310293
 21
4544.453506116711
 31
0.0
  0
LINE
  5
137
330
17
100
AcDbEntity
  8
COTA
 62
4
370
25
100
AcDbLine
 10
6452.949785310292
 20
4583.830746329817
 30
0.0
 11
6452.949785310292
 21
4544.453506116711
 31
0.0
  0
LINE
  5
138
330
17
100
AcDbEntity
  8
COTA
 62
4
370
25
100
AcDbLine
 10
6267.949785310293
 20
4547.453506116712
 30
0.0
 11
6452.949785310292
 21
4547.453506116712
 31
0.0
  0
LINE
  5
139
330
17
100
AcDbEntity
  8
COTA
 62
0
370
25
100
AcDbLine
 10
6269.449785310293
 20
4548.953506116712
 30
0.0
 11
6266.449785310293
 21
4545.953506116712
 31
0.0
  0
LINE
  5
13A
330
17
100
AcDbEntity
  8
COTA
 62
0
370
25
100
AcDbLine
 10
6451.449785310292
 20
4545.953506116712
 30
0.0
 11
6454.449785310292
 21
4548.953506116712
 31
0.0
  0
LINE
  5
13B
330
17
100
AcDbEntity
  8
COTA
 62
4
370
25
100
AcDbLine
 10
6145.949785310293
 20
4583.830746329791
 30
0.0
 11
6145.949785310293
 21
4516.032799078444
 31
0.0
  0
LINE
  5
13C
330
17
100
AcDbEntity
  8
COTA
 62
4
370
25
100
AcDbLine
 10
6452.949785310292
 20
4583.830746329817
 30
0.0
 11
6452.949785310292
 21
4516.032799078444
 31
0.0
  0
LINE
  5
13D
330
17
100
AcDbEntity
  8
COTA
 62
4
370
25
100
AcDbLine
 10
6145.949785310293
 20
4519.032799078444
 30
0.0
 11
6452.949785310292
 21
4519.032799078444
 31
0.0
  0
LINE
  5
13E
330
17
100
AcDbEntity
  8
COTA
 62
0
370
25
100
AcDbLine
 10
6147.449785310293
 20
4520.532799078444
 30
0.0
 11
6144.449785310293
 21
4517.532799078444
 31
0.0
  0
LINE
  5
13F
330
17
100
AcDbEntity
  8
COTA
 62
0
370
25
100
AcDbLine
 10
6451.449785310292
 20
4517.532799078444
 30
0.0
 11
6454.449785310292
 21
4520.532799078444
 31
0.0
  0
LINE
  5
140
330
17
100
AcDbEntity
  8
COTA
 62
4
370
25
100
AcDbLine
 10
6455.949785310301
 20
4695.830746329793
 30
0.0
 11
6479.32721747305
 21
4695.830746329793
 31
0.0
  0
LINE
  5
141
330
17
100
AcDbEntity
  8
COTA
 62
4
370
25
100
AcDbLine
 10
6455.949785310301
 20
4710.830746329793
 30
0.0
 11
6479.32721747305
 21
4710.830746329793
 31
0.0
  0
LINE
  5
142
330
17
100
AcDbEntity
  8
COTA
 62
4
370
25
100
AcDbLine
 10
6476.32721747305
 20
4695.830746329793
 30
0.0
 11
6476.32721747305
 21
4710.830746329793
 31
0.0
  0
LINE
  5
143
330
17
100
AcDbEntity
  8
COTA
 62
4
370
25
100
AcDbLine
 10
6476.32721747305
 20
4710.830746329793
 30
0.0
 11
6476.32721747305
 21
4729.202091359034
 31
0.0
  0
LINE
  5
144
330
17
100
AcDbEntity
  8
COTA
 62
0
370
25
100
AcDbLine
 10
6474.82721747305
 20
4697.330746329793
 30
0.0
 11
6477.82721747305
 21
4694.330746329793
 31
0.0
  0
LINE
  5
145
330
17
100
AcDbEntity
  8
COTA
 62
0
370
25
100
AcDbLine
 10
6477.82721747305
 20
4709.330746329793
 30
0.0
 11
6474.82721747305
 21
4712.330746329793
 31
0.0
  0
LINE
  5
146
330
17
100
AcDbEntity
  8
COTA
 62
4
370
25
100
AcDbLine
 10
6455.949785310297
 20
4695.830746329793
 30
0.0
 11
6479.32721747305
 21
4695.830746329793
 31
0.0
  0
LINE
  5
147
330
17
100
AcDbEntity
  8
COTA
 62
4
370
25
100
AcDbLine
 10
6455.949785310297
 20
4586.830746329793
 30
0.0
 11
6479.32721747305
 21
4586.830746329793
 31
0.0
  0
LINE
  5
148
330
17
100
AcDbEntity
  8
COTA
 62
4
370
25
100
AcDbLine
 10
6476.32721747305
 20
4695.830746329793
 30
0.0
 11
6476.32721747305
 21
4586.830746329793
 31
0.0
  0
LINE
  5
149
330
17
100
AcDbEntity
  8
COTA
 62
0
370
25
100
AcDbLine
 10
6477.82721747305
 20
4694.330746329793
 30
0.0
 11
6474.82721747305
 21
4697.330746329793
 31
0.0
  0
LINE
  5
14A
330
17
100
AcDbEntity
  8
COTA
 62
0
370
25
100
AcDbLine
 10
6474.82721747305
 20
4588.330746329793
 30
0.0
 11
6477.82721747305
 21
4585.330746329793
 31
0.0
  0
LINE
  5
14B
330
17
100
AcDbEntity
  8
COTA
 62
4
370
25
100
AcDbLine
 10
6455.949785310301
 20
4710.830746329793
 30
0.0
 11
6502.458692290277
 21
4710.830746329793
 31
0.0
  0
LINE
  5
14C
330
17
100
AcDbEntity
  8
COTA
 62
4
370
25
100
AcDbLine
 10
6455.949785310297
 20
4586.830746329793
 30
0.0
 11
6502.458692290277
 21
4586.830746329793
 31
0.0
  0
LINE
  5
14D
330
17
100
AcDbEntity
  8
COTA
 62
4
370
25
100
AcDbLine
 10
6499.458692290277
 20
4710.830746329793
 30
0.0
 11
6499.458692290277
 21
4586.830746329793
 31
0.0
  0
LINE
  5
14E
330
17
100
AcDbEntity
  8
COTA
 62
0
370
25
100
AcDbLine
 10
6500.958692290277
 20
4709.330746329793
 30
0.0
 11
6497.958692290277
 21
4712.330746329793
 31
0.0
  0
LINE
  5
14F
330
17
100
AcDbEntity
  8
COTA
 62
0
370
25
100
AcDbLine
 10
6497.958692290277
 20
4588.330746329793
 30
0.0
 11
6500.958692290277
 21
4585.330746329793
 31
0.0
  0
LINE
  5
150
330
17
100
AcDbEntity
  8
COTA
 62
4
370
25
100
AcDbLine
 10
6126.63946206866
 20
4583.830746329783
 30
0.0
 11
6126.63946206866
 21
4514.16612261067
 31
0.0
  0
LINE
  5
151
330
17
100
AcDbEntity
  8
COTA
 62
4
370
25
100
AcDbLine
 10
5922.684602827847
 20
4583.830746329786
 30
0.0
 11
5922.684602827847
 21
4514.16612261067
 31
0.0
  0
LINE
  5
152
330
17
100
AcDbEntity
  8
COTA
 62
4
370
25
100
AcDbLine
 10
6126.63946206866
 20
4517.16612261067
 30
0.0
 11
5922.684602827847
 21
4517.16612261067
 31
0.0
  0
LINE
  5
153
330
17
100
AcDbEntity
  8
COTA
 62
0
370
25
100
AcDbLine
 10
6125.13946206866
 20
4515.66612261067
 30
0.0
 11
6128.13946206866
 21
4518.66612261067
 31
0.0
  0
LINE
  5
154
330
17
100
AcDbEntity
  8
COTA
 62
0
370
25
100
AcDbLine
 10
5924.184602827847
 20
4518.66612261067
 30
0.0
 11
5921.184602827847
 21
4515.66612261067
 31
0.0
  0
LINE
  5
155
330
17
100
AcDbEntity
  8
COTA
 62
4
370
25
100
AcDbLine
 10
5948.684602827847
 20
4689.830746329788
 30
0.0
 11
5903.218722768566
 21
4689.830746329788
 31
0.0
  0
LINE
  5
156
330
17
100
AcDbEntity
  8
COTA
 62
4
370
25
100
AcDbLine
 10
5919.684602827849
 20
4586.830746329788
 30
0.0
 11
5903.218722768566
 21
4586.830746329788
 31
0.0
  0
LINE
  5
157
330
17
100
AcDbEntity
  8
COTA
 62
4
370
25
100
AcDbLine
 10
5906.218722768566
 20
4689.830746329788
 30
0.0
 11
5906.218722768566
 21
4586.830746329788
 31
0.0
  0
LINE
  5
158
330
17
100
AcDbEntity
  8
COTA
 62
0
370
25
100
AcDbLine
 10
5907.718722768566
 20
4688.330746329788
 30
0.0
 11
5904.718722768566
 21
4691.330746329788
 31
0.0
  0
LINE
  5
159
330
17
100
AcDbEntity
  8
COTA
 62
0
370
25
100
AcDbLine
 10
5904.718722768566
 20
4588.330746329788
 30
0.0
 11
5907.718722768566
 21
4585.330746329788
 31
0.0
  0
LINE
  5
15A
330
17
100
AcDbEntity
  8
COTA
 62
4
370
25
100
AcDbLine
 10
5948.684602827853
 20
4689.830746329788
 30
0.0
 11
5903.218722768514
 21
4689.830746329788
 31
0.0
  0
LINE
  5
15B
330
17
100
AcDbEntity
  8
COTA
 62
4
370
25
100
AcDbLine
 10
5919.684602827852
 20
4703.830746329764
 30
0.0
 11
5903.218722768514
 21
4703.830746329764
 31
0.0
  0
LINE
  5
15C
330
17
100
AcDbEntity
  8
COTA
 62
4
370
25
100
AcDbLine
 10
5906.218722768514
 20
4689.830746329788
 30
0.0
 11
5906.218722768514
 21
4703.830746329764
 31
0.0
  0
LINE
  5
15D
330
17
100
AcDbEntity
  8
COTA
 62
0
370
25
100
AcDbLine
 10
5904.718722768514
 20
4691.330746329788
 30
0.0
 11
5907.718722768514
 21
4688.330746329788
 31
0.0
  0
LINE
  5
15E
330
17
100
AcDbEntity
  8
COTA
 62
0
370
25
100
AcDbLine
 10
5907.718722768514
 20
4702.330746329764
 30
0.0
 11
5904.718722768514
 21
4705.330746329764
 31
0.0
  0
LINE
  5
15F
330
17
100
AcDbEntity
  8
COTA
 62
4
370
25
100
AcDbLine
 10
5919.684602827852
 20
4703.830746329763
 30
0.0
 11
5903.218722768561
 21
4703.830746329763
 31
0.0
  0
LINE
  5
160
330
17
100
AcDbEntity
  8
COTA
 62
4
370
25
100
AcDbLine
 10
5919.684602827852
 20
4710.830746329764
 30
0.0
 11
5903.218722768561
 21
4710.830746329764
 31
0.0
  0
LINE
  5
161
330
17
100
AcDbEntity
  8
COTA
 62
4
370
25
100
AcDbLine
 10
5906.218722768561
 20
4703.830746329763
 30
0.0
 11
5906.218722768561
 21
4710.830746329764
 31
0.0
  0
LINE
  5
162
330
17
100
AcDbEntity
  8
COTA
 62
4
370
25
100
AcDbLine
 10
5906.218722768561
 20
4710.830746329764
 30
0.0
 11
5906.218722768561
 21
4725.56174048181
 31
0.0
  0
LINE
  5
163
330
17
100
AcDbEntity
  8
COTA
 62
0
370
25
100
AcDbLine
 10
5904.718722768561
 20
4705.330746329763
 30
0.0
 11
5907.718722768561
 21
4702.330746329763
 31
0.0
  0
LINE
  5
164
330
17
100
AcDbEntity
  8
COTA
 62
0
370
25
100
AcDbLine
 10
5907.718722768561
 20
4709.330746329764
 30
0.0
 11
5904.718722768561
 21
4712.330746329764
 31
0.0
  0
LINE
  5
165
330
17
100
AcDbEntity
  8
Painéis
 62
4
370
25
100
AcDbLine
 10
6119.684602827845
 20
4627.473871497694
 30
0.0
 11
6119.684602827845
 21
4633.973871497535
 31
0.0
  0
LINE
  5
166
330
17
100
AcDbEntity
  8
Painéis
 62
4
370
25
100
AcDbLine
 10
6014.684602827845
 20
4627.473871497698
 30
0.0
 11
6014.684602827845
 21
4633.973871497535
 31
0.0
  0
LINE
  5
167
330
17
100
AcDbEntity
  8
Painéis
 62
4
370
25
100
AcDbLine
 10
6119.684602827845
 20
4630.973871497536
 30
0.0
 11
6014.684602827845
 21
4630.973871497536
 31
0.0
  0
LINE
  5
168
330
17
100
AcDbEntity
  8
Painéis
 62
0
370
25
100
AcDbLine
 10
6118.184602827845
 20
4629.473871497536
 30
0.0
 11
6121.184602827845
 21
4632.473871497536
 31
0.0
  0
LINE
  5
169
330
17
100
AcDbEntity
  8
Painéis
 62
0
370
25
100
AcDbLine
 10
6016.184602827845
 20
4632.473871497536
 30
0.0
 11
6013.184602827845
 21
4629.473871497536
 31
0.0
  0
LINE
  5
16A
330
17
100
AcDbEntity
  8
Painéis
 62
4
370
25
100
AcDbLine
 10
5919.684602827849
 20
4586.830746329788
 30
0.0
 11
5877.269300944064
 21
4586.830746329788
 31
0.0
  0
LINE
  5
16B
330
17
100
AcDbEntity
  8
Painéis
 62
4
370
25
100
AcDbLine
 10
5919.684602827851
 20
4710.830746329764
 30
0.0
 11
5877.269300944064
 21
4710.830746329764
 31
0.0
  0
LINE
  5
16C
330
17
100
AcDbEntity
  8
Painéis
 62
4
370
25
100
AcDbLine
 10
5880.269300944064
 20
4586.830746329788
 30
0.0
 11
5880.269300944064
 21
4710.830746329764
 31
0.0
  0
LINE
  5
16D
330
17
100
AcDbEntity
  8
Painéis
 62
0
370
25
100
AcDbLine
 10
5878.769300944064
 20
4588.330746329788
 30
0.0
 11
5881.769300944064
 21
4585.330746329788
 31
0.0
  0
LINE
  5
16E
330
17
100
AcDbEntity
  8
Painéis
 62
0
370
25
100
AcDbLine
 10
5881.769300944064
 20
4709.330746329764
 30
0.0
 11
5878.769300944064
 21
4712.330746329764
 31
0.0
  0
LINE
  5
16F
330
17
100
AcDbEntity
  8
COTA
 62
4
370
25
100
AcDbLine
 10
5929.684602827845
 20
4583.83074632978
 30
0.0
 11
5929.684602827845
 21
4560.651121576422
 31
0.0
  0
LINE
  5
170
330
17
100
AcDbEntity
  8
COTA
 62
4
370
25
100
AcDbLine
 10
5922.684602827845
 20
4583.83074632978
 30
0.0
 11
5922.684602827845
 21
4560.651121576422
 31
0.0
  0
LINE
  5
171
330
17
100
AcDbEntity
  8
COTA
 62
4
370
25
100
AcDbLine
 10
5922.684602827845
 20
4563.651121576422
 30
0.0
 11
5929.684602827845
 21
4563.651121576422
 31
0.0
  0
LINE
  5
172
330
17
100
AcDbEntity
  8
COTA
 62
4
370
25
100
AcDbLine
 10
5929.684602827845
 20
4563.651121576422
 30
0.0
 11
5949.292907692137
 21
4563.651121576422
 31
0.0
  0
LINE
  5
173
330
17
100
AcDbEntity
  8
COTA
 62
0
370
25
100
AcDbLine
 10
5924.184602827845
 20
4565.151121576422
 30
0.0
 11
5921.184602827845
 21
4562.151121576422
 31
0.0
  0
LINE
  5
174
330
17
100
AcDbEntity
  8
COTA
 62
0
370
25
100
AcDbLine
 10
5928.184602827845
 20
4562.151121576422
 30
0.0
 11
5931.184602827845
 21
4565.151121576422
 31
0.0
  0
LINE
  5
175
330
17
100
AcDbEntity
  8
Painéis
 62
4
370
25
100
AcDbLine
 10
5954.684602827848
 20
4689.830746329788
 30
0.0
 11
5983.490760298675
 21
4689.830746329788
 31
0.0
  0
LINE
  5
176
330
17
100
AcDbEntity
  8
Painéis
 62
4
370
25
100
AcDbLine
 10
5954.684602827852
 20
4651.830746329769
 30
0.0
 11
5983.490760298675
 21
4651.830746329769
 31
0.0
  0
LINE
  5
177
330
17
100
AcDbEntity
  8
Painéis
 62
4
370
25
100
AcDbLine
 10
5980.490760298675
 20
4689.830746329788
 30
0.0
 11
5980.490760298675
 21
4651.830746329769
 31
0.0
  0
LINE
  5
178
330
17
100
AcDbEntity
  8
Painéis
 62
0
370
25
100
AcDbLine
 10
5981.990760298675
 20
4688.330746329788
 30
0.0
 11
5978.990760298675
 21
4691.330746329788
 31
0.0
  0
LINE
  5
179
330
17
100
AcDbEntity
  8
Painéis
 62
0
370
25
100
AcDbLine
 10
5978.990760298675
 20
4653.330746329769
 30
0.0
 11
5981.990760298675
 21
4650.330746329769
 31
0.0
  0
LINE
  5
17A
330
17
100
AcDbEntity
  8
Painéis
 62
4
370
25
100
AcDbLine
 10
5922.684602827851
 20
4648.830746329764
 30
0.0
 11
5922.684602827851
 21
4620.024036771229
 31
0.0
  0
LINE
  5
17B
330
17
100
AcDbEntity
  8
Painéis
 62
4
370
25
100
AcDbLine
 10
5951.68460282785
 20
4648.830746329768
 30
0.0
 11
5951.68460282785
 21
4620.024036771229
 31
0.0
  0
LINE
  5
17C
330
17
100
AcDbEntity
  8
Painéis
 62
4
370
25
100
AcDbLine
 10
5922.684602827851
 20
4623.024036771228
 30
0.0
 11
5951.68460282785
 21
4623.024036771228
 31
0.0
  0
LINE
  5
17D
330
17
100
AcDbEntity
  8
Painéis
 62
0
370
25
100
AcDbLine
 10
5924.184602827851
 20
4624.524036771228
 30
0.0
 11
5921.184602827851
 21
4621.524036771228
 31
0.0
  0
LINE
  5
17E
330
17
100
AcDbEntity
  8
Painéis
 62
0
370
25
100
AcDbLine
 10
5950.18460282785
 20
4621.524036771228
 30
0.0
 11
5953.18460282785
 21
4624.524036771228
 31
0.0
  0
LINE
  5
17F
330
17
100
AcDbEntity
  8
COTA
 62
4
370
25
100
AcDbLine
 10
6222.409804845169
 20
4326.69065350955
 30
0.0
 11
6222.409804845169
 21
4287.313413296459
 31
0.0
  0
LINE
  5
180
330
17
100
AcDbEntity
  8
COTA
 62
4
370
25
100
AcDbLine
 10
6100.409804845169
 20
4326.690653509579
 30
0.0
 11
6100.409804845169
 21
4287.313413296459
 31
0.0
  0
LINE
  5
181
330
17
100
AcDbEntity
  8
COTA
 62
4
370
25
100
AcDbLine
 10
6222.409804845169
 20
4290.313413296459
 30
0.0
 11
6100.409804845169
 21
4290.313413296459
 31
0.0
  0
LINE
  5
182
330
17
100
AcDbEntity
  8
COTA
 62
0
370
25
100
AcDbLine
 10
6220.909804845169
 20
4288.813413296459
 30
0.0
 11
6223.909804845169
 21
4291.813413296459
 31
0.0
  0
LINE
  5
183
330
17
100
AcDbEntity
  8
COTA
 62
0
370
25
100
AcDbLine
 10
6101.909804845169
 20
4291.813413296459
 30
0.0
 11
6098.909804845169
 21
4288.813413296459
 31
0.0
  0
LINE
  5
184
330
17
100
AcDbEntity
  8
COTA
 62
4
370
25
100
AcDbLine
 10
6100.409804845169
 20
4326.690653509579
 30
0.0
 11
6100.409804845169
 21
4287.31341329647
 31
0.0
  0
LINE
  5
185
330
17
100
AcDbEntity
  8
COTA
 62
4
370
25
100
AcDbLine
 10
5915.409804845168
 20
4326.690653509575
 30
0.0
 11
5915.409804845168
 21
4287.31341329647
 31
0.0
  0
LINE
  5
186
330
17
100
AcDbEntity
  8
COTA
 62
4
370
25
100
AcDbLine
 10
6100.409804845169
 20
4290.313413296471
 30
0.0
 11
5915.409804845168
 21
4290.313413296471
 31
0.0
  0
LINE
  5
187
330
17
100
AcDbEntity
  8
COTA
 62
0
370
25
100
AcDbLine
 10
6098.909804845169
 20
4288.813413296471
 30
0.0
 11
6101.909804845169
 21
4291.813413296471
 31
0.0
  0
LINE
  5
188
330
17
100
AcDbEntity
  8
COTA
 62
0
370
25
100
AcDbLine
 10
5916.909804845168
 20
4291.813413296471
 30
0.0
 11
5913.909804845168
 21
4288.813413296471
 31
0.0
  0
LINE
  5
189
330
17
100
AcDbEntity
  8
COTA
 62
4
370
25
100
AcDbLine
 10
6222.409804845169
 20
4326.69065350955
 30
0.0
 11
6222.409804845169
 21
4257.193156379186
 31
0.0
  0
LINE
  5
18A
330
17
100
AcDbEntity
  8
COTA
 62
4
370
25
100
AcDbLine
 10
5915.409804845168
 20
4326.690653509575
 30
0.0
 11
5915.409804845168
 21
4257.193156379186
 31
0.0
  0
LINE
  5
18B
330
17
100
AcDbEntity
  8
COTA
 62
4
370
25
100
AcDbLine
 10
6222.409804845169
 20
4260.193156379187
 30
0.0
 11
5915.409804845168
 21
4260.193156379187
 31
0.0
  0
LINE
  5
18C
330
17
100
AcDbEntity
  8
COTA
 62
0
370
25
100
AcDbLine
 10
6220.909804845169
 20
4258.693156379187
 30
0.0
 11
6223.909804845169
 21
4261.693156379187
 31
0.0
  0
LINE
  5
18D
330
17
100
AcDbEntity
  8
COTA
 62
0
370
25
100
AcDbLine
 10
5916.909804845168
 20
4261.693156379187
 30
0.0
 11
5913.909804845168
 21
4258.693156379187
 31
0.0
  0
LINE
  5
18E
330
17
100
AcDbEntity
  8
COTA
 62
4
370
25
100
AcDbLine
 10
5912.409804845167
 20
4438.690653509552
 30
0.0
 11
5889.032372682452
 21
4438.690653509552
 31
0.0
  0
LINE
  5
18F
330
17
100
AcDbEntity
  8
COTA
 62
4
370
25
100
AcDbLine
 10
5912.409804845167
 20
4453.690653509553
 30
0.0
 11
5889.032372682452
 21
4453.690653509553
 31
0.0
  0
LINE
  5
190
330
17
100
AcDbEntity
  8
COTA
 62
4
370
25
100
AcDbLine
 10
5892.032372682452
 20
4438.690653509552
 30
0.0
 11
5892.032372682452
 21
4453.690653509553
 31
0.0
  0
LINE
  5
191
330
17
100
AcDbEntity
  8
COTA
 62
4
370
25
100
AcDbLine
 10
5892.032372682452
 20
4453.690653509553
 30
0.0
 11
5892.032372682452
 21
4472.061998538792
 31
0.0
  0
LINE
  5
192
330
17
100
AcDbEntity
  8
COTA
 62
0
370
25
100
AcDbLine
 10
5890.532372682452
 20
4440.190653509552
 30
0.0
 11
5893.532372682452
 21
4437.190653509552
 31
0.0
  0
LINE
  5
193
330
17
100
AcDbEntity
  8
COTA
 62
0
370
25
100
AcDbLine
 10
5893.532372682452
 20
4452.190653509553
 30
0.0
 11
5890.532372682452
 21
4455.190653509553
 31
0.0
  0
LINE
  5
194
330
17
100
AcDbEntity
  8
COTA
 62
4
370
25
100
AcDbLine
 10
5912.409804845171
 20
4438.690653509552
 30
0.0
 11
5889.032372682452
 21
4438.690653509552
 31
0.0
  0
LINE
  5
195
330
17
100
AcDbEntity
  8
COTA
 62
4
370
25
100
AcDbLine
 10
5912.409804845171
 20
4329.690653509552
 30
0.0
 11
5889.032372682452
 21
4329.690653509552
 31
0.0
  0
LINE
  5
196
330
17
100
AcDbEntity
  8
COTA
 62
4
370
25
100
AcDbLine
 10
5892.032372682452
 20
4438.690653509552
 30
0.0
 11
5892.032372682452
 21
4329.690653509552
 31
0.0
  0
LINE
  5
197
330
17
100
AcDbEntity
  8
COTA
 62
0
370
25
100
AcDbLine
 10
5893.532372682452
 20
4437.190653509552
 30
0.0
 11
5890.532372682452
 21
4440.190653509552
 31
0.0
  0
LINE
  5
198
330
17
100
AcDbEntity
  8
COTA
 62
0
370
25
100
AcDbLine
 10
5890.532372682452
 20
4331.190653509552
 30
0.0
 11
5893.532372682452
 21
4328.190653509552
 31
0.0
  0
LINE
  5
199
330
17
100
AcDbEntity
  8
COTA
 62
4
370
25
100
AcDbLine
 10
5912.409804845167
 20
4453.690653509553
 30
0.0
 11
5865.900897865225
 21
4453.690653509553
 31
0.0
  0
LINE
  5
19A
330
17
100
AcDbEntity
  8
COTA
 62
4
370
25
100
AcDbLine
 10
5912.409804845171
 20
4329.690653509552
 30
0.0
 11
5865.900897865225
 21
4329.690653509552
 31
0.0
  0
LINE
  5
19B
330
17
100
AcDbEntity
  8
COTA
 62
4
370
25
100
AcDbLine
 10
5868.900897865225
 20
4453.690653509553
 30
0.0
 11
5868.900897865225
 21
4329.690653509552
 31
0.0
  0
LINE
  5
19C
330
17
100
AcDbEntity
  8
COTA
 62
0
370
25
100
AcDbLine
 10
5870.400897865225
 20
4452.190653509553
 30
0.0
 11
5867.400897865225
 21
4455.190653509553
 31
0.0
  0
LINE
  5
19D
330
17
100
AcDbEntity
  8
COTA
 62
0
370
25
100
AcDbLine
 10
5867.400897865225
 20
4331.190653509552
 30
0.0
 11
5870.400897865225
 21
4328.190653509552
 31
0.0
  0
LINE
  5
19E
330
17
100
AcDbEntity
  8
COTA
 62
4
370
25
100
AcDbLine
 10
6241.720128086801
 20
4326.690653509542
 30
0.0
 11
6241.720128086801
 21
4255.326479911412
 31
0.0
  0
LINE
  5
19F
330
17
100
AcDbEntity
  8
COTA
 62
4
370
25
100
AcDbLine
 10
6445.674987327615
 20
4326.690653509545
 30
0.0
 11
6445.674987327615
 21
4255.326479911412
 31
0.0
  0
LINE
  5
1A0
330
17
100
AcDbEntity
  8
COTA
 62
4
370
25
100
AcDbLine
 10
6241.720128086801
 20
4258.326479911413
 30
0.0
 11
6445.674987327615
 21
4258.326479911413
 31
0.0
  0
LINE
  5
1A1
330
17
100
AcDbEntity
  8
COTA
 62
0
370
25
100
AcDbLine
 10
6243.220128086801
 20
4259.826479911413
 30
0.0
 11
6240.220128086801
 21
4256.826479911413
 31
0.0
  0
LINE
  5
1A2
330
17
100
AcDbEntity
  8
COTA
 62
0
370
25
100
AcDbLine
 10
6444.174987327615
 20
4256.826479911413
 30
0.0
 11
6447.174987327615
 21
4259.826479911413
 31
0.0
  0
LINE
  5
1A3
330
17
100
AcDbEntity
  8
COTA
 62
4
370
25
100
AcDbLine
 10
6419.674987327621
 20
4432.690653509546
 30
0.0
 11
6465.14086738693
 21
4432.690653509546
 31
0.0
  0
LINE
  5
1A4
330
17
100
AcDbEntity
  8
COTA
 62
4
370
25
100
AcDbLine
 10
6448.674987327618
 20
4329.690653509547
 30
0.0
 11
6465.14086738693
 21
4329.690653509547
 31
0.0
  0
LINE
  5
1A5
330
17
100
AcDbEntity
  8
COTA
 62
4
370
25
100
AcDbLine
 10
6462.14086738693
 20
4432.690653509546
 30
0.0
 11
6462.14086738693
 21
4329.690653509547
 31
0.0
  0
LINE
  5
1A6
330
17
100
AcDbEntity
  8
COTA
 62
0
370
25
100
AcDbLine
 10
6463.64086738693
 20
4431.190653509546
 30
0.0
 11
6460.64086738693
 21
4434.190653509546
 31
0.0
  0
LINE
  5
1A7
330
17
100
AcDbEntity
  8
COTA
 62
0
370
25
100
AcDbLine
 10
6460.64086738693
 20
4331.190653509547
 30
0.0
 11
6463.64086738693
 21
4328.190653509547
 31
0.0
  0
LINE
  5
1A8
330
17
100
AcDbEntity
  8
COTA
 62
4
370
25
100
AcDbLine
 10
6419.674987327613
 20
4432.690653509546
 30
0.0
 11
6465.140867386949
 21
4432.690653509546
 31
0.0
  0
LINE
  5
1A9
330
17
100
AcDbEntity
  8
COTA
 62
4
370
25
100
AcDbLine
 10
6448.674987327615
 20
4446.690653509523
 30
0.0
 11
6465.140867386949
 21
4446.690653509523
 31
0.0
  0
LINE
  5
1AA
330
17
100
AcDbEntity
  8
COTA
 62
4
370
25
100
AcDbLine
 10
6462.140867386949
 20
4432.690653509546
 30
0.0
 11
6462.140867386949
 21
4446.690653509523
 31
0.0
  0
LINE
  5
1AB
330
17
100
AcDbEntity
  8
COTA
 62
0
370
25
100
AcDbLine
 10
6460.640867386949
 20
4434.190653509546
 30
0.0
 11
6463.640867386949
 21
4431.190653509546
 31
0.0
  0
LINE
  5
1AC
330
17
100
AcDbEntity
  8
COTA
 62
0
370
25
100
AcDbLine
 10
6463.640867386949
 20
4445.190653509523
 30
0.0
 11
6460.640867386949
 21
4448.190653509523
 31
0.0
  0
LINE
  5
1AD
330
17
100
AcDbEntity
  8
COTA
 62
4
370
25
100
AcDbLine
 10
6448.674987327615
 20
4446.690653509521
 30
0.0
 11
6465.140867386935
 21
4446.690653509521
 31
0.0
  0
LINE
  5
1AE
330
17
100
AcDbEntity
  8
COTA
 62
4
370
25
100
AcDbLine
 10
6448.674987327615
 20
4453.690653509523
 30
0.0
 11
6465.140867386935
 21
4453.690653509523
 31
0.0
  0
LINE
  5
1AF
330
17
100
AcDbEntity
  8
COTA
 62
4
370
25
100
AcDbLine
 10
6462.140867386935
 20
4446.690653509521
 30
0.0
 11
6462.140867386935
 21
4453.690653509523
 31
0.0
  0
LINE
  5
1B0
330
17
100
AcDbEntity
  8
COTA
 62
4
370
25
100
AcDbLine
 10
6462.140867386935
 20
4453.690653509523
 30
0.0
 11
6462.140867386935
 21
4468.42164766157
 31
0.0
  0
LINE
  5
1B1
330
17
100
AcDbEntity
  8
COTA
 62
0
370
25
100
AcDbLine
 10
6460.640867386935
 20
4448.190653509521
 30
0.0
 11
6463.640867386935
 21
4445.190653509521
 31
0.0
  0
LINE
  5
1B2
330
17
100
AcDbEntity
  8
COTA
 62
0
370
25
100
AcDbLine
 10
6463.640867386935
 20
4452.190653509523
 30
0.0
 11
6460.640867386935
 21
4455.190653509523
 31
0.0
  0
LINE
  5
1B3
330
17
100
AcDbEntity
  8
Painéis
 62
4
370
25
100
AcDbLine
 10
6448.674987327618
 20
4329.690653509547
 30
0.0
 11
6491.090289211432
 21
4329.690653509547
 31
0.0
  0
LINE
  5
1B4
330
17
100
AcDbEntity
  8
Painéis
 62
4
370
25
100
AcDbLine
 10
6448.674987327617
 20
4453.690653509521
 30
0.0
 11
6491.090289211432
 21
4453.690653509521
 31
0.0
  0
LINE
  5
1B5
330
17
100
AcDbEntity
  8
Painéis
 62
4
370
25
100
AcDbLine
 10
6488.090289211432
 20
4329.690653509547
 30
0.0
 11
6488.090289211432
 21
4453.690653509521
 31
0.0
  0
LINE
  5
1B6
330
17
100
AcDbEntity
  8
Painéis
 62
0
370
25
100
AcDbLine
 10
6486.590289211432
 20
4331.190653509547
 30
0.0
 11
6489.590289211432
 21
4328.190653509547
 31
0.0
  0
LINE
  5
1B7
330
17
100
AcDbEntity
  8
Painéis
 62
0
370
25
100
AcDbLine
 10
6489.590289211432
 20
4452.190653509521
 30
0.0
 11
6486.590289211432
 21
4455.190653509521
 31
0.0
  0
LINE
  5
1B8
330
17
100
AcDbEntity
  8
COTA
 62
4
370
25
100
AcDbLine
 10
6438.674987327617
 20
4326.69065350954
 30
0.0
 11
6438.674987327617
 21
4303.511028756181
 31
0.0
  0
LINE
  5
1B9
330
17
100
AcDbEntity
  8
COTA
 62
4
370
25
100
AcDbLine
 10
6445.674987327617
 20
4326.69065350954
 30
0.0
 11
6445.674987327617
 21
4303.511028756181
 31
0.0
  0
LINE
  5
1BA
330
17
100
AcDbEntity
  8
COTA
 62
4
370
25
100
AcDbLine
 10
6445.674987327617
 20
4306.511028756181
 30
0.0
 11
6438.674987327617
 21
4306.511028756181
 31
0.0
  0
LINE
  5
1BB
330
17
100
AcDbEntity
  8
COTA
 62
4
370
25
100
AcDbLine
 10
6438.674987327617
 20
4306.511028756181
 30
0.0
 11
6419.066682463324
 21
4306.511028756181
 31
0.0
  0
LINE
  5
1BC
330
17
100
AcDbEntity
  8
COTA
 62
0
370
25
100
AcDbLine
 10
6444.174987327617
 20
4305.011028756181
 30
0.0
 11
6447.174987327617
 21
4308.011028756181
 31
0.0
  0
LINE
  5
1BD
330
17
100
AcDbEntity
  8
COTA
 62
0
370
25
100
AcDbLine
 10
6440.174987327617
 20
4308.011028756181
 30
0.0
 11
6437.174987327617
 21
4305.011028756181
 31
0.0
  0
LINE
  5
1BE
330
17
100
AcDbEntity
  8
Painéis
 62
4
370
25
100
AcDbLine
 10
6413.67498732762
 20
4432.690653509546
 30
0.0
 11
6384.868829856821
 21
4432.690653509546
 31
0.0
  0
LINE
  5
1BF
330
17
100
AcDbEntity
  8
Painéis
 62
4
370
25
100
AcDbLine
 10
6413.674987327614
 20
4394.690653509529
 30
0.0
 11
6384.868829856821
 21
4394.690653509529
 31
0.0
  0
LINE
  5
1C0
330
17
100
AcDbEntity
  8
Painéis
 62
4
370
25
100
AcDbLine
 10
6387.868829856821
 20
4432.690653509546
 30
0.0
 11
6387.868829856821
 21
4394.690653509529
 31
0.0
  0
LINE
  5
1C1
330
17
100
AcDbEntity
  8
Painéis
 62
0
370
25
100
AcDbLine
 10
6389.368829856821
 20
4431.190653509546
 30
0.0
 11
6386.368829856821
 21
4434.190653509546
 31
0.0
  0
LINE
  5
1C2
330
17
100
AcDbEntity
  8
Painéis
 62
0
370
25
100
AcDbLine
 10
6386.368829856821
 20
4396.190653509529
 30
0.0
 11
6389.368829856821
 21
4393.190653509529
 31
0.0
  0
LINE
  5
1C3
330
17
100
AcDbEntity
  8
Painéis
 62
4
370
25
100
AcDbLine
 10
6445.674987327611
 20
4391.690653509523
 30
0.0
 11
6445.674987327611
 21
4362.883943950987
 31
0.0
  0
LINE
  5
1C4
330
17
100
AcDbEntity
  8
Painéis
 62
4
370
25
100
AcDbLine
 10
6416.674987327612
 20
4391.690653509527
 30
0.0
 11
6416.674987327612
 21
4362.883943950987
 31
0.0
  0
LINE
  5
1C5
330
17
100
AcDbEntity
  8
Painéis
 62
4
370
25
100
AcDbLine
 10
6445.674987327611
 20
4365.883943950987
 30
0.0
 11
6416.674987327612
 21
4365.883943950987
 31
0.0
  0
LINE
  5
1C6
330
17
100
AcDbEntity
  8
Painéis
 62
0
370
25
100
AcDbLine
 10
6444.174987327611
 20
4364.383943950987
 30
0.0
 11
6447.174987327611
 21
4367.383943950987
 31
0.0
  0
LINE
  5
1C7
330
17
100
AcDbEntity
  8
Painéis
 62
0
370
25
100
AcDbLine
 10
6418.174987327612
 20
4367.383943950987
 30
0.0
 11
6415.174987327612
 21
4364.383943950987
 31
0.0
  0
LINE
  5
1C8
330
17
100
AcDbEntity
  8
Painéis
 62
4
370
25
100
AcDbLine
 10
6353.674987327615
 20
4373.83377867728
 30
0.0
 11
6353.674987327615
 21
4380.333778677121
 31
0.0
  0
LINE
  5
1C9
330
17
100
AcDbEntity
  8
Painéis
 62
4
370
25
100
AcDbLine
 10
6248.674987327615
 20
4373.833778677283
 30
0.0
 11
6248.674987327615
 21
4380.333778677121
 31
0.0
  0
LINE
  5
1CA
330
17
100
AcDbEntity
  8
Painéis
 62
4
370
25
100
AcDbLine
 10
6353.674987327615
 20
4377.333778677121
 30
0.0
 11
6248.674987327615
 21
4377.333778677121
 31
0.0
  0
LINE
  5
1CB
330
17
100
AcDbEntity
  8
Painéis
 62
0
370
25
100
AcDbLine
 10
6352.174987327615
 20
4375.833778677121
 30
0.0
 11
6355.174987327615
 21
4378.833778677121
 31
0.0
  0
LINE
  5
1CC
330
17
100
AcDbEntity
  8
Painéis
 62
0
370
25
100
AcDbLine
 10
6250.174987327615
 20
4378.833778677121
 30
0.0
 11
6247.174987327615
 21
4375.833778677121
 31
0.0
  0
LINE
  5
1CD
330
17
100
AcDbEntity
  8
Texto Seção
 62
252
370
15
100
AcDbLine
 10
5336.52104297649
 20
4752.095800539541
 30
0.0
 11
5336.52104297649
 21
4877.095800539541
 31
0.0
  0
LINE
  5
1CE
330
17
100
AcDbEntity
  8
Texto Seção
 62
252
370
15
100
AcDbLine
 10
5770.71683544217
 20
4752.095800539541
 30
0.0
 11
5770.71683544217
 21
4877.095800539541
 31
0.0
  0
LWPOLYLINE
  5
1CF
330
17
100
AcDbEntity
  8
Painéis
 62
200
370
25
100
AcDbPolyline
 90
4
 70
1
 10
5311.321042976493
 20
4720.095800539519
 10
5315.321042976493
 20
4720.095800539519
 10
5315.321042976493
 20
4634.095800539541
 10
5311.321042976493
 20
4634.095800539541
  0
LWPOLYLINE
  5
1D0
330
17
100
AcDbEntity
  8
Madeira
 62
126
370
18
100
AcDbPolyline
 90
4
 70
1
 10
5353.321042976493
 20
4634.095800539541
 10
5353.321042976493
 20
4638.495800539535
 10
5339.321042976493
 20
4638.495800539535
 10
5339.321042976493
 20
4634.095800539541
  0
LWPOLYLINE
  5
1D1
330
17
100
AcDbEntity
  8
Painéis
 62
200
370
25
100
AcDbPolyline
 90
4
 70
1
 10
5353.321042976493
 20
4638.495800539535
 10
5353.321042976493
 20
4642.095800539541
 10
5315.321042976493
 20
4642.095800539541
 10
5315.321042976493
 20
4638.495800539535
  0
LWPOLYLINE
  5
1D2
330
17
100
AcDbEntity
  8
Madeira
 62
126
370
18
100
AcDbPolyline
 90
4
 70
1
 10
5315.321042976493
 20
4634.095800539541
 10
5315.321042976493
 20
4638.495800539535
 10
5329.321042976493
 20
4638.495800539535
 10
5329.321042976493
 20
4634.095800539541
  0
LWPOLYLINE
  5
1D3
330
17
100
AcDbEntity
  8
Painéis
 62
200
370
25
100
AcDbPolyline
 90
4
 70
1
 10
5357.321042976494
 20
4722.095800539519
 10
5353.321042976493
 20
4722.095800539519
 10
5353.321042976493
 20
4634.095800539541
 10
5357.321042976494
 20
4634.095800539541
  0
LWPOLYLINE
  5
1D4
330
17
100
AcDbEntity
  8
Painéis
 62
200
370
25
100
AcDbPolyline
 90
4
 70
1
 10
5413.321042976463
 20
4722.095800539519
 10
5413.321042976463
 20
4726.095800539519
 10
5353.321042976493
 20
4726.095800539519
 10
5353.321042976493
 20
4722.095800539519
  0
LWPOLYLINE
  5
1D5
330
17
100
AcDbEntity
  8
Painéis
 62
200
370
25
100
AcDbPolyline
 90
4
 70
1
 10
5315.321042976493
 20
4720.095800539519
 10
5315.321042976493
 20
4724.09580053952
 10
5259.721042976516
 20
4724.095800539512
 10
5259.721042976516
 20
4720.095800539512
  0
LWPOLYLINE
  5
1D6
330
17
100
AcDbEntity
  8
CONCRETO
 62
251
370
25
100
AcDbPolyline
 90
8
 70
1
 10
5259.721042976516
 20
4724.095800539512
 10
5259.721042976516
 20
4752.095800539541
 10
5413.321042976463
 20
4752.095800539541
 10
5413.321042976463
 20
4726.095800539527
 10
5353.321042976493
 20
4726.095800539527
 10
5353.321042976435
 20
4642.095800539541
 10
5315.321042976493
 20
4642.095800539541
 10
5315.321042976493
 20
4724.09580053952
  0
LWPOLYLINE
  5
1D7
330
17
100
AcDbEntity
  8
Madeira
 62
126
370
18
100
AcDbPolyline
 90
4
 70
1
 10
5306.921042976499
 20
4706.09580053952
 10
5311.321042976493
 20
4706.09580053952
 10
5311.321042976493
 20
4720.095800539519
 10
5306.921042976499
 20
4720.095800539519
  0
LWPOLYLINE
  5
1D8
330
17
100
AcDbEntity
  8
Madeira
 62
126
370
18
100
AcDbPolyline
 90
4
 70
1
 10
5306.921042976499
 20
4634.095800539541
 10
5311.321042976493
 20
4634.095800539541
 10
5311.321042976493
 20
4648.095800539541
 10
5306.921042976499
 20
4648.095800539541
  0
LWPOLYLINE
  5
1D9
330
17
100
AcDbEntity
  8
Madeira
 62
126
370
18
100
AcDbPolyline
 90
4
 70
1
 10
5361.721042976487
 20
4708.09580053952
 10
5357.321042976494
 20
4708.09580053952
 10
5357.321042976494
 20
4722.095800539519
 10
5361.721042976487
 20
4722.095800539519
  0
LWPOLYLINE
  5
1DA
330
17
100
AcDbEntity
  8
Madeira
 62
126
370
18
100
AcDbPolyline
 90
4
 70
1
 10
5361.721042976487
 20
4634.095800539541
 10
5357.321042976494
 20
4634.095800539541
 10
5357.321042976494
 20
4648.095800539541
 10
5361.721042976487
 20
4648.095800539541
  0
LWPOLYLINE
  5
1DB
330
17
100
AcDbEntity
  8
Painéis
 62
200
370
25
100
AcDbPolyline
 90
4
 70
1
 10
5745.516835442173
 20
4722.095800539519
 10
5749.516835442173
 20
4722.095800539519
 10
5749.516835442173
 20
4504.09580053954
 10
5745.516835442173
 20
4504.09580053954
  0
LWPOLYLINE
  5
1DC
330
17
100
AcDbEntity
  8
Madeira
 62
126
370
18
100
AcDbPolyline
 90
4
 70
1
 10
5787.516835442173
 20
4504.09580053954
 10
5787.516835442173
 20
4508.495800539535
 10
5773.516835442173
 20
4508.495800539535
 10
5773.516835442173
 20
4504.09580053954
  0
LWPOLYLINE
  5
1DD
330
17
100
AcDbEntity
  8
Painéis
 62
200
370
25
100
AcDbPolyline
 90
4
 70
1
 10
5787.516835442173
 20
4508.495800539535
 10
5787.516835442173
 20
4512.09580053954
 10
5749.516835442173
 20
4512.09580053954
 10
5749.516835442173
 20
4508.495800539535
  0
LWPOLYLINE
  5
1DE
330
17
100
AcDbEntity
  8
Madeira
 62
126
370
18
100
AcDbPolyline
 90
4
 70
1
 10
5749.516835442173
 20
4504.09580053954
 10
5749.516835442173
 20
4508.495800539535
 10
5763.516835442173
 20
4508.495800539535
 10
5763.516835442173
 20
4504.09580053954
  0
LWPOLYLINE
  5
1DF
330
17
100
AcDbEntity
  8
Painéis
 62
200
370
25
100
AcDbPolyline
 90
4
 70
1
 10
5791.516835442173
 20
4722.095800539519
 10
5787.516835442173
 20
4722.095800539519
 10
5787.516835442173
 20
4504.09580053954
 10
5791.516835442173
 20
4504.09580053954
  0
LWPOLYLINE
  5
1E0
330
17
100
AcDbEntity
  8
Painéis
 62
200
370
25
100
AcDbPolyline
 90
4
 70
1
 10
5831.460350166755
 20
4722.095800539519
 10
5831.460350166755
 20
4726.095800539519
 10
5787.516835442173
 20
4726.095800539519
 10
5787.516835442173
 20
4722.095800539519
  0
LWPOLYLINE
  5
1E1
330
17
100
AcDbEntity
  8
Painéis
 62
200
370
25
100
AcDbPolyline
 90
4
 70
1
 10
5749.516835442173
 20
4722.095800539519
 10
5749.516835442173
 20
4726.095800539519
 10
5710.880198255847
 20
4726.095800539511
 10
5710.880198255847
 20
4722.095800539511
  0
LWPOLYLINE
  5
1E2
330
17
100
AcDbEntity
  8
CONCRETO
 62
251
370
25
100
AcDbPolyline
 90
8
 70
1
 10
5710.880198255847
 20
4726.095800539511
 10
5710.880198255847
 20
4752.095800539541
 10
5831.460350166755
 20
4752.095800539541
 10
5831.460350166755
 20
4726.095800539526
 10
5787.516835442173
 20
4726.095800539526
 10
5787.516835442115
 20
4512.09580053954
 10
5749.516835442173
 20
4512.09580053954
 10
5749.516835442173
 20
4726.095800539519
  0
LWPOLYLINE
  5
1E3
330
17
100
AcDbEntity
  8
Madeira
 62
126
370
18
100
AcDbPolyline
 90
4
 70
1
 10
5741.116835442179
 20
4708.095800539519
 10
5745.516835442173
 20
4708.095800539519
 10
5745.516835442173
 20
4722.095800539519
 10
5741.116835442179
 20
4722.095800539519
  0
LWPOLYLINE
  5
1E4
330
17
100
AcDbEntity
  8
Madeira
 62
126
370
18
100
AcDbPolyline
 90
4
 70
1
 10
5741.116835442179
 20
4504.09580053954
 10
5745.516835442173
 20
4504.09580053954
 10
5745.516835442173
 20
4518.09580053954
 10
5741.116835442179
 20
4518.09580053954
  0
LWPOLYLINE
  5
1E5
330
17
100
AcDbEntity
  8
Madeira
 62
126
370
18
100
AcDbPolyline
 90
4
 70
1
 10
5795.916835442167
 20
4708.095800539519
 10
5791.516835442173
 20
4708.095800539519
 10
5791.516835442173
 20
4722.095800539519
 10
5795.916835442167
 20
4722.095800539519
  0
LWPOLYLINE
  5
1E6
330
17
100
AcDbEntity
  8
Madeira
 62
126
370
18
100
AcDbPolyline
 90
4
 70
1
 10
5795.916835442167
 20
4504.09580053954
 10
5791.516835442173
 20
4504.09580053954
 10
5791.516835442173
 20
4518.09580053954
 10
5795.916835442167
 20
4518.09580053954
  0
LWPOLYLINE
  5
1E7
330
17
100
AcDbEntity
  8
SARR_3.5x7
 62
81
370
25
100
AcDbPolyline
 90
4
 70
1
 10
5292.921042976438
 20
4714.09580053952
 10
5306.921042976437
 20
4714.09580053952
 10
5306.921042976565
 20
4557.617587133735
 10
5292.921042976565
 20
4557.617587133735
  0
LWPOLYLINE
  5
1E8
330
17
100
AcDbEntity
  8
SARR_3.5x7
 62
81
370
25
100
AcDbPolyline
 90
4
 70
1
 10
5375.721042976724
 20
4716.095800539521
 10
5361.721042976724
 20
4716.095800539521
 10
5361.721042976578
 20
4557.617587133735
 10
5375.721042976579
 20
4557.617587133735
  0
LWPOLYLINE
  5
1E9
330
17
100
AcDbEntity
  8
SARR_3.5x7
 62
81
370
25
100
AcDbPolyline
 90
4
 70
1
 10
5292.921042976426
 20
4634.095800539541
 10
5375.721042976625
 20
4634.095800539539
 10
5375.721042976625
 20
4604.037738935541
 10
5292.921042976426
 20
4604.037738935542
  0
LWPOLYLINE
  5
1EA
330
17
100
AcDbEntity
  8
Madeira
 62
126
370
18
100
AcDbPolyline
 90
4
 70
1
 10
5306.921042976499
 20
4669.095800539531
 10
5311.321042976493
 20
4669.095800539531
 10
5311.321042976493
 20
4683.09580053953
 10
5306.921042976499
 20
4683.09580053953
  0
LWPOLYLINE
  5
1EB
330
17
100
AcDbEntity
  8
Madeira
 62
126
370
18
100
AcDbPolyline
 90
4
 70
1
 10
5361.721042976487
 20
4671.09580053953
 10
5357.321042976494
 20
4671.09580053953
 10
5357.321042976494
 20
4685.095800539531
 10
5361.721042976487
 20
4685.095800539531
  0
LWPOLYLINE
  5
1EC
330
17
100
AcDbEntity
  8
Madeira
 62
126
370
18
100
AcDbPolyline
 90
4
 70
1
 10
5741.116835442179
 20
4572.340131391735
 10
5745.516835442173
 20
4572.340131391735
 10
5745.516835442173
 20
4586.340131391735
 10
5741.116835442179
 20
4586.340131391735
  0
LWPOLYLINE
  5
1ED
330
17
100
AcDbEntity
  8
Madeira
 62
126
370
18
100
AcDbPolyline
 90
4
 70
1
 10
5795.916835442167
 20
4572.340131391735
 10
5791.516835442173
 20
4572.340131391735
 10
5791.516835442173
 20
4586.340131391735
 10
5795.916835442167
 20
4586.340131391735
  0
LWPOLYLINE
  5
1EE
330
17
100
AcDbEntity
  8
SARR_3.5x7
 62
81
370
25
100
AcDbPolyline
 90
4
 70
1
 10
5727.116835442114
 20
4716.095800539519
 10
5741.116835442113
 20
4716.095800539519
 10
5741.116835442241
 20
4427.617587133734
 10
5727.116835442241
 20
4427.617587133734
  0
LWPOLYLINE
  5
1EF
330
17
100
AcDbEntity
  8
SARR_3.5x7
 62
81
370
25
100
AcDbPolyline
 90
4
 70
1
 10
5809.9168354424
 20
4716.095800539521
 10
5795.9168354424
 20
4716.095800539521
 10
5795.916835442254
 20
4427.617587133734
 10
5809.916835442255
 20
4427.617587133734
  0
LWPOLYLINE
  5
1F0
330
17
100
AcDbEntity
  8
SARR_3.5x7
 62
81
370
25
100
AcDbPolyline
 90
4
 70
1
 10
5727.116835442099
 20
4504.09580053954
 10
5809.916835442302
 20
4504.095800539539
 10
5809.916835442302
 20
4474.03773893554
 10
5727.116835442099
 20
4474.037738935542
  0
LWPOLYLINE
  5
1F1
330
17
100
AcDbEntity
  8
Painéis
 62
200
370
25
100
AcDbPolyline
 90
4
 70
1
 10
6126.639462068664
 20
4703.830746329783
 10
5951.68460282785
 20
4703.83074632976
 10
5951.68460282785
 20
4710.830746329761
 10
6126.639462068664
 20
4710.830746329783
  0
LWPOLYLINE
  5
1F2
330
17
100
AcDbEntity
  8
Painéis
 62
200
370
25
100
AcDbPolyline
 90
4
 70
1
 10
6241.720128086797
 20
4446.690653509542
 10
6416.674987327612
 20
4446.690653509519
 10
6416.674987327612
 20
4453.69065350952
 10
6241.720128086797
 20
4453.690653509542
  0
LWPOLYLINE
  5
1F3
330
17
100
AcDbEntity
  8
Madeira
 62
126
370
18
100
AcDbPolyline
 90
4
 70
1
 10
5741.116835442179
 20
4650.056388625417
 10
5745.516835442173
 20
4650.056388625417
 10
5745.516835442173
 20
4664.056388625417
 10
5741.116835442179
 20
4664.056388625417
  0
LWPOLYLINE
  5
1F4
330
17
100
AcDbEntity
  8
Madeira
 62
126
370
18
100
AcDbPolyline
 90
4
 70
1
 10
5795.916835442167
 20
4650.056388625417
 10
5791.516835442173
 20
4650.056388625417
 10
5791.516835442173
 20
4664.056388625417
 10
5795.916835442167
 20
4664.056388625417
  0
LWPOLYLINE
  5
1F5
330
17
100
AcDbEntity
  8
COTA
 62
0
370
25
100
AcDbPolyline
 90
2
 70
0
 10
5432.692775734468
 20
4749.595800539535
 10
5427.692775734468
 20
4754.595800539535
  0
LWPOLYLINE
  5
1F6
330
17
100
AcDbEntity
  8
COTA
 62
0
370
25
100
AcDbPolyline
 90
2
 70
0
 10
5427.692775734468
 20
4728.595800539521
 10
5432.692775734468
 20
4723.595800539521
  0
LWPOLYLINE
  5
1F7
330
17
100
AcDbEntity
  8
COTA
 62
0
370
25
100
AcDbPolyline
 90
2
 70
0
 10
5204.844319887379
 20
4636.595800539543
 10
5209.844319887379
 20
4631.595800539543
  0
LWPOLYLINE
  5
1F8
330
17
100
AcDbEntity
  8
COTA
 62
0
370
25
100
AcDbPolyline
 90
2
 70
0
 10
5209.844319887379
 20
4749.595800539535
 10
5204.844319887379
 20
4754.595800539535
  0
LWPOLYLINE
  5
1F9
330
17
100
AcDbEntity
  8
COTA
 62
0
370
25
100
AcDbPolyline
 90
2
 70
0
 10
5427.692775734886
 20
4636.595800539543
 10
5432.692775734886
 20
4631.595800539543
  0
LWPOLYLINE
  5
1FA
330
17
100
AcDbEntity
  8
COTA
 62
0
370
25
100
AcDbPolyline
 90
2
 70
0
 10
5432.692775734886
 20
4719.595800539522
 10
5427.692775734886
 20
4724.595800539522
  0
LWPOLYLINE
  5
1FB
330
17
100
AcDbEntity
  8
COTA
 62
0
370
25
100
AcDbPolyline
 90
2
 70
0
 10
5229.163748372844
 20
4749.595800539535
 10
5224.163748372844
 20
4754.595800539535
  0
LWPOLYLINE
  5
1FC
330
17
100
AcDbEntity
  8
COTA
 62
0
370
25
100
AcDbPolyline
 90
2
 70
0
 10
5224.163748372844
 20
4726.595800539514
 10
5229.163748372844
 20
4721.595800539514
  0
LWPOLYLINE
  5
1FD
330
17
100
AcDbEntity
  8
COTA
 62
0
370
25
100
AcDbPolyline
 90
2
 70
0
 10
5229.163748373176
 20
4717.595800539514
 10
5224.163748373176
 20
4722.595800539514
  0
LWPOLYLINE
  5
1FE
330
17
100
AcDbEntity
  8
COTA
 62
0
370
25
100
AcDbPolyline
 90
2
 70
0
 10
5224.163748373176
 20
4636.595800539543
 10
5229.163748373176
 20
4631.595800539543
  0
LWPOLYLINE
  5
1FF
330
17
100
AcDbEntity
  8
COTA
 62
0
370
25
100
AcDbPolyline
 90
2
 70
0
 10
5317.821042976493
 20
4591.868986737351
 10
5312.821042976493
 20
4586.868986737351
  0
LWPOLYLINE
  5
200
330
17
100
AcDbEntity
  8
COTA
 62
0
370
25
100
AcDbPolyline
 90
2
 70
0
 10
5350.821042976493
 20
4586.868986737351
 10
5355.821042976493
 20
4591.868986737351
  0
LWPOLYLINE
  5
201
330
17
100
AcDbEntity
  8
COTA
 62
0
370
25
100
AcDbPolyline
 90
2
 70
0
 10
5850.832082924773
 20
4749.595800539534
 10
5845.832082924773
 20
4754.595800539534
  0
LWPOLYLINE
  5
202
330
17
100
AcDbEntity
  8
COTA
 62
0
370
25
100
AcDbPolyline
 90
2
 70
0
 10
5845.832082924773
 20
4728.59580053952
 10
5850.832082924773
 20
4723.59580053952
  0
LWPOLYLINE
  5
203
330
17
100
AcDbEntity
  8
COTA
 62
0
370
25
100
AcDbPolyline
 90
2
 70
0
 10
5656.003475166728
 20
4506.595800539542
 10
5661.003475166728
 20
4501.595800539542
  0
LWPOLYLINE
  5
204
330
17
100
AcDbEntity
  8
COTA
 62
0
370
25
100
AcDbPolyline
 90
2
 70
0
 10
5661.003475166728
 20
4749.595800539534
 10
5656.003475166728
 20
4754.595800539534
  0
LWPOLYLINE
  5
205
330
17
100
AcDbEntity
  8
COTA
 62
0
370
25
100
AcDbPolyline
 90
2
 70
0
 10
5845.832082925195
 20
4506.595800539542
 10
5850.832082925195
 20
4501.595800539542
  0
LWPOLYLINE
  5
206
330
17
100
AcDbEntity
  8
COTA
 62
0
370
25
100
AcDbPolyline
 90
2
 70
0
 10
5850.832082925195
 20
4719.59580053952
 10
5845.832082925195
 20
4724.59580053952
  0
LWPOLYLINE
  5
207
330
17
100
AcDbEntity
  8
COTA
 62
0
370
25
100
AcDbPolyline
 90
2
 70
0
 10
5680.32290365219
 20
4749.595800539534
 10
5675.32290365219
 20
4754.595800539534
  0
LWPOLYLINE
  5
208
330
17
100
AcDbEntity
  8
COTA
 62
0
370
25
100
AcDbPolyline
 90
2
 70
0
 10
5675.32290365219
 20
4728.595800539513
 10
5680.32290365219
 20
4723.595800539513
  0
LWPOLYLINE
  5
209
330
17
100
AcDbEntity
  8
COTA
 62
0
370
25
100
AcDbPolyline
 90
2
 70
0
 10
5680.322903652525
 20
4719.595800539513
 10
5675.322903652525
 20
4724.595800539513
  0
LWPOLYLINE
  5
20A
330
17
100
AcDbEntity
  8
COTA
 62
0
370
25
100
AcDbPolyline
 90
2
 70
0
 10
5675.322903652525
 20
4506.595800539542
 10
5680.322903652525
 20
4501.595800539542
  0
LWPOLYLINE
  5
20B
330
17
100
AcDbEntity
  8
COTA
 62
0
370
25
100
AcDbPolyline
 90
2
 70
0
 10
5752.016835442173
 20
4461.86898673735
 10
5747.016835442173
 20
4456.86898673735
  0
LWPOLYLINE
  5
20C
330
17
100
AcDbEntity
  8
COTA
 62
0
370
25
100
AcDbPolyline
 90
2
 70
0
 10
5785.016835442173
 20
4456.86898673735
 10
5790.016835442173
 20
4461.86898673735
  0
TEXT
  5
20D
330
17
100
AcDbEntity
  8
detalhes
 62
4
370
25
100
AcDbText
 10
5362.035526152531
 20
4652.285472068824
 30
0.0
 40
9.600000000000001
  1
b
100
AcDbText
  0
TEXT
  5
20E
330
17
100
AcDbEntity
  8
detalhes
 62
4
370
25
100
AcDbText
 10
5299.491867506795
 20
4652.2965295144
 30
0.0
 40
9.600000000000001
  1
a
100
AcDbText
  0
TEXT
  5
20F
330
17
100
AcDbEntity
  8
detalhes
 62
4
370
25
100
AcDbText
 10
5325.921308591938
 20
4644.331554059379
 30
0.0
 40
9.600000000000001
  1
c
100
AcDbText
  0
TEXT
  5
210
330
17
100
AcDbEntity
  8
5
 62
5
370
25
100
AcDbText
 10
5144.670734458736
 20
4391.603833252932
 30
0.0
 40
12.0
  1
P19
 50
3.55024762388e-05
100
AcDbText
  0
TEXT
  5
211
330
17
100
AcDbEntity
  8
5
 62
5
370
25
100
AcDbText
 10
5525.078487548106
 20
4385.697311503035
 30
0.0
 40
12.0
  1
V306
 50
3.55024762388e-05
100
AcDbText
  0
TEXT
  5
212
330
17
100
AcDbEntity
  8
Texto Seção
 62
7
370
15
100
AcDbText
 10
5147.804246091634
 20
4537.331097164443
 30
0.0
 40
13.0
  1
V311.A
100
AcDbText
  0
TEXT
  5
213
330
17
100
AcDbEntity
  8
5
 62
5
370
25
100
AcDbText
 10
5144.670734458736
 20
4180.737835024764
 30
0.0
 40
12.0
  1
V306
 50
3.55024762388e-05
100
AcDbText
  0
TEXT
  5
214
330
17
100
AcDbEntity
  8
5
 62
5
370
25
100
AcDbText
 10
5532.230738647349
 20
4174.831313274867
 30
0.0
 40
12.0
  1
P19
 50
3.55024762388e-05
100
AcDbText
  0
TEXT
  5
215
330
17
100
AcDbEntity
  8
Texto Seção
 62
7
370
15
100
AcDbText
 10
5147.804246091634
 20
4326.465098936275
 30
0.0
 40
13.0
  1
V311.B
100
AcDbText
  0
TEXT
  5
216
330
17
100
AcDbEntity
  8
detalhes
 62
4
370
25
100
AcDbText
 10
5796.231318618211
 20
4652.285472068823
 30
0.0
 40
9.600000000000001
  1
b
100
AcDbText
  0
TEXT
  5
217
330
17
100
AcDbEntity
  8
detalhes
 62
4
370
25
100
AcDbText
 10
5733.687659972474
 20
4652.296529514398
 30
0.0
 40
9.600000000000001
  1
a
100
AcDbText
  0
TEXT
  5
218
330
17
100
AcDbEntity
  8
detalhes
 62
4
370
25
100
AcDbText
 10
5760.117101057618
 20
4514.33155405938
 30
0.0
 40
9.600000000000001
  1
c
100
AcDbText
  0
TEXT
  5
219
330
17
100
AcDbEntity
  8
5
 62
5
370
25
100
AcDbText
 10
6126.18697304099
 20
4495.1868833386
 30
0.0
 40
12.0
  1
V301
 50
3.55024762388e-05
100
AcDbText
  0
TEXT
  5
21A
330
17
100
AcDbEntity
  8
5
 62
5
370
25
100
AcDbText
 10
6425.790848567217
 20
4500.411254136817
 30
0.0
 40
12.0
  1
P11
 50
3.55024762388e-05
100
AcDbText
  0
TEXT
  5
21B
330
17
100
AcDbEntity
  8
Texto Seção
 62
7
370
15
100
AcDbText
 10
5925.102198349539
 20
4718.633657834581
 30
0.0
 40
13.0
  1
V312.A
100
AcDbText
  0
TEXT
  5
21C
330
17
100
AcDbEntity
  8
Texto Seção
 62
7
370
15
100
AcDbText
 10
5916.198452544539
 20
4459.175980930886
 30
0.0
 40
13.0
  1
V312.B
100
AcDbText
  0
TEXT
  5
21D
330
17
100
AcDbEntity
  8
5
 62
5
370
25
100
AcDbText
 10
5919.760473430963
 20
4498.799534426526
 30
0.0
 40
12.0
  1
VF301
 50
359.9999644975238
100
AcDbText
  0
TEXT
  5
21E
330
17
100
AcDbEntity
  8
5
 62
5
370
25
100
AcDbText
 10
6206.025277414614
 20
4236.347263037504
 30
0.0
 40
12.0
  1
V301
 50
359.9999644975238
100
AcDbText
  0
TEXT
  5
21F
330
17
100
AcDbEntity
  8
5
 62
5
370
25
100
AcDbText
 10
5918.525085380883
 20
4241.571628814393
 30
0.0
 40
12.0
  1
P11
 50
359.9999644975238
100
AcDbText
  0
TEXT
  5
220
330
17
100
AcDbEntity
  8
5
 62
5
370
25
100
AcDbText
 10
6402.211667884127
 20
4239.959862983976
 30
0.0
 40
12.0
  1
VF301
 50
3.55024762388e-05
100
AcDbText
  0
TEXT
  5
221
330
17
100
AcDbEntity
  8
COTA
 62
1
370
25
100
AcDbText
 10
5438.692775734468
 20
4739.095800539526
 30
0.0
 40
7.0
  1
13
 50
90.0
100
AcDbText
  0
TEXT
  5
222
330
17
100
AcDbEntity
  8
COTA
 62
1
370
25
100
AcDbText
 10
5215.84431988738
 20
4693.095800539537
 30
0.0
 40
7.0
  1
59
 50
90.0
100
AcDbText
  0
TEXT
  5
223
330
17
100
AcDbEntity
  8
COTA
 62
1
370
25
100
AcDbText
 10
5438.692775734886
 20
4678.09580053953
 30
0.0
 40
7.0
  1
44
 50
90.0
100
AcDbText
  0
TEXT
  5
224
330
17
100
AcDbEntity
  8
Cota Seção (2x)
 62
1
370
25
100
AcDbText
 10
5355.321042978152
 20
4710.095800539504
 30
0.0
 40
7.0
  1
55
 50
90.0
100
AcDbText
  0
TEXT
  5
225
330
17
100
AcDbEntity
  8
COTA
 62
1
370
25
100
AcDbText
 10
5235.163748372845
 20
4738.095800539523
 30
0.0
 40
7.0
  1
14
 50
90.0
100
AcDbText
  0
TEXT
  5
226
330
17
100
AcDbEntity
  8
COTA
 62
1
370
25
100
AcDbText
 10
5235.163748373175
 20
4677.095800539527
 30
0.0
 40
7.0
  1
43
 50
90.0
100
AcDbText
  0
TEXT
  5
227
330
17
100
AcDbEntity
  8
COTA
 62
1
370
25
100
AcDbText
 10
5334.321042976493
 20
4594.868986737352
 30
0.0
 40
7.0
  1
19
100
AcDbText
  0
TEXT
  5
228
330
17
100
AcDbEntity
  8
Cota Seção (2x)
 62
1
370
25
100
AcDbText
 10
5334.321042976464
 20
4661.595800539541
 30
0.0
 40
7.0
  1
19
100
AcDbText
  0
TEXT
  5
229
330
17
100
AcDbEntity
  8
COTA
 62
240
370
25
100
AcDbText
 10
5266.774820782751
 20
4450.181870865983
 30
0.0
 40
10.0
  1
244
100
AcDbText
  0
TEXT
  5
22A
330
17
100
AcDbEntity
  8
COTA
 62
240
370
25
100
AcDbText
 10
5474.274820782752
 20
4450.181870865994
 30
0.0
 40
10.0
  1
171
100
AcDbText
  0
TEXT
  5
22B
330
17
100
AcDbEntity
  8
COTA
 62
240
370
25
100
AcDbText
 10
5352.274820782752
 20
4421.679909884863
 30
0.0
 40
10.0
  1
415
100
AcDbText
  0
TEXT
  5
22C
330
17
100
AcDbEntity
  8
COTA
 62
240
370
25
100
AcDbText
 10
5593.049913764195
 20
4538.656007370454
 30
0.0
 40
10.0
  1
16
 50
90.0
100
AcDbText
  0
TEXT
  5
22D
330
17
100
AcDbEntity
  8
COTA
 62
240
370
25
100
AcDbText
 10
5592.932954699863
 20
4490.148697428946
 30
0.0
 40
10.0
  1
43
 50
90.0
100
AcDbText
  0
TEXT
  5
22E
330
17
100
AcDbEntity
  8
COTA
 62
240
370
25
100
AcDbText
 10
5616.144838873819
 20
4498.148697428947
 30
0.0
 40
10.0
  1
59
 50
90.0
100
AcDbText
  0
TEXT
  5
22F
330
17
100
AcDbEntity
  8
COTA
 62
240
370
25
100
AcDbText
 10
5266.774820782751
 20
4239.315872637815
 30
0.0
 40
10.0
  1
244
100
AcDbText
  0
TEXT
  5
230
330
17
100
AcDbEntity
  8
COTA
 62
240
370
25
100
AcDbText
 10
5474.274820782752
 20
4239.315872637826
 30
0.0
 40
10.0
  1
171
100
AcDbText
  0
TEXT
  5
231
330
17
100
AcDbEntity
  8
COTA
 62
240
370
25
100
AcDbText
 10
5352.274820782752
 20
4210.813911656695
 30
0.0
 40
10.0
  1
415
100
AcDbText
  0
TEXT
  5
232
330
17
100
AcDbEntity
  8
COTA
 62
240
370
25
100
AcDbText
 10
5595.042603822677
 20
4327.468371715386
 30
0.0
 40
10.0
  1
15
 50
90.0
100
AcDbText
  0
TEXT
  5
233
330
17
100
AcDbEntity
  8
COTA
 62
240
370
25
100
AcDbText
 10
5595.079153530277
 20
4279.782699200765
 30
0.0
 40
10.0
  1
44
 50
90.0
100
AcDbText
  0
TEXT
  5
234
330
17
100
AcDbEntity
  8
COTA
 62
240
370
25
100
AcDbText
 10
5618.144838873819
 20
4287.282699200765
 30
0.0
 40
10.0
  1
59
 50
90.0
100
AcDbText
  0
TEXT
  5
235
330
17
100
AcDbEntity
  8
COTA
 62
1
370
25
100
AcDbText
 10
5856.832082924773
 20
4739.095800539526
 30
0.0
 40
7.0
  1
13
 50
90.0
100
AcDbText
  0
TEXT
  5
236
330
17
100
AcDbEntity
  8
COTA
 62
1
370
25
100
AcDbText
 10
5667.003475166728
 20
4628.095800539536
 30
0.0
 40
7.0
  1
124
 50
90.0
100
AcDbText
  0
TEXT
  5
237
330
17
100
AcDbEntity
  8
COTA
 62
1
370
25
100
AcDbText
 10
5856.832082925195
 20
4613.09580053953
 30
0.0
 40
7.0
  1
109
 50
90.0
100
AcDbText
  0
TEXT
  5
238
330
17
100
AcDbEntity
  8
Cota Seção (2x)
 62
1
370
25
100
AcDbText
 10
5789.516835443831
 20
4710.095800539504
 30
0.0
 40
7.0
  1
120
 50
90.0
100
AcDbText
  0
TEXT
  5
239
330
17
100
AcDbEntity
  8
COTA
 62
1
370
25
100
AcDbText
 10
5686.32290365219
 20
4739.095800539522
 30
0.0
 40
7.0
  1
13
 50
90.0
100
AcDbText
  0
TEXT
  5
23A
330
17
100
AcDbEntity
  8
COTA
 62
1
370
25
100
AcDbText
 10
5686.322903652524
 20
4613.095800539525
 30
0.0
 40
7.0
  1
109
 50
90.0
100
AcDbText
  0
TEXT
  5
23B
330
17
100
AcDbEntity
  8
COTA
 62
1
370
25
100
AcDbText
 10
5768.516835442174
 20
4464.86898673735
 30
0.0
 40
7.0
  1
19
100
AcDbText
  0
TEXT
  5
23C
330
17
100
AcDbEntity
  8
Cota Seção (2x)
 62
1
370
25
100
AcDbText
 10
5768.516835442144
 20
4531.59580053954
 30
0.0
 40
7.0
  1
19
100
AcDbText
  0
TEXT
  5
23D
330
17
100
AcDbEntity
  8
COTA
 62
240
370
25
100
AcDbText
 10
6206.949785310293
 20
4555.511985648864
 30
0.0
 40
10.0
  1
122
100
AcDbText
  0
TEXT
  5
23E
330
17
100
AcDbEntity
  8
COTA
 62
240
370
25
100
AcDbText
 10
6360.449785310294
 20
4555.585085064079
 30
0.0
 40
10.0
  1
185
100
AcDbText
  0
TEXT
  5
23F
330
17
100
AcDbEntity
  8
COTA
 62
240
370
25
100
AcDbText
 10
6299.449785310294
 20
4527.252097324058
 30
0.0
 40
10.0
  1
307
100
AcDbText
  0
TEXT
  5
240
330
17
100
AcDbEntity
  8
COTA
 62
240
370
25
100
AcDbText
 10
6488.217568350242
 20
4721.51641884441
 30
0.0
 40
10.0
  1
15
 50
90.0
100
AcDbText
  0
TEXT
  5
241
330
17
100
AcDbEntity
  8
COTA
 62
240
370
25
100
AcDbText
 10
6488.195638525681
 20
4641.33074632979
 30
0.0
 40
10.0
  1
109
 50
90.0
100
AcDbText
  0
TEXT
  5
242
330
17
100
AcDbEntity
  8
COTA
 62
240
370
25
100
AcDbText
 10
6024.662032448254
 20
4525.268461791957
 30
0.0
 40
10.0
  1
204
100
AcDbText
  0
TEXT
  5
243
330
17
100
AcDbEntity
  8
COTA
 62
240
370
25
100
AcDbText
 10
5917.999424522952
 20
4638.330746329786
 30
0.0
 40
10.0
  1
103
 50
90.0
100
AcDbText
  0
TEXT
  5
244
330
17
100
AcDbEntity
  8
COTA
 62
240
370
25
100
AcDbText
 10
5918.14562335331
 20
4696.830746329774
 30
0.0
 40
10.0
  1
14
 50
90.0
100
AcDbText
  0
TEXT
  5
245
330
17
100
AcDbEntity
  8
COTA
 62
240
370
25
100
AcDbText
 10
5918.145623353356
 20
4719.696243405786
 30
0.0
 40
10.0
  1
7
 50
90.0
100
AcDbText
  0
TEXT
  5
246
330
17
100
AcDbEntity
  8
Painéis
 62
240
370
25
100
AcDbText
 10
6067.184602827845
 20
4639.083520620342
 30
0.0
 40
10.0
  1
105
100
AcDbText
  0
TEXT
  5
247
330
17
100
AcDbEntity
  8
Painéis
 62
240
370
25
100
AcDbText
 10
5892.19620152886
 20
4648.830746329774
 30
0.0
 40
10.0
  1
124
 50
90.0
100
AcDbText
  0
TEXT
  5
248
330
17
100
AcDbEntity
  8
COTA
 62
240
370
25
100
AcDbText
 10
5943.427410616114
 20
4571.724220991626
 30
0.0
 40
10.0
  1
7
100
AcDbText
  0
TEXT
  5
249
330
17
100
AcDbEntity
  8
Painéis
 62
240
370
25
100
AcDbText
 10
5992.2495322285
 20
4670.830746329777
 30
0.0
 40
10.0
  1
38
 50
90.0
100
AcDbText
  0
TEXT
  5
24A
330
17
100
AcDbEntity
  8
Painéis
 62
240
370
25
100
AcDbText
 10
5937.18460282785
 20
4631.111756069474
 30
0.0
 40
10.0
  1
29
100
AcDbText
  0
TEXT
  5
24B
330
17
100
AcDbEntity
  8
COTA
 62
240
370
25
100
AcDbText
 10
6161.409804845169
 20
4298.371892828623
 30
0.0
 40
10.0
  1
122
100
AcDbText
  0
TEXT
  5
24C
330
17
100
AcDbEntity
  8
COTA
 62
240
370
25
100
AcDbText
 10
6007.909804845169
 20
4298.444992243839
 30
0.0
 40
10.0
  1
185
100
AcDbText
  0
TEXT
  5
24D
330
17
100
AcDbEntity
  8
COTA
 62
240
370
25
100
AcDbText
 10
6068.909804845169
 20
4268.412454624801
 30
0.0
 40
10.0
  1
307
100
AcDbText
  0
TEXT
  5
24E
330
17
100
AcDbEntity
  8
COTA
 62
240
370
25
100
AcDbText
 10
5903.922723559645
 20
4464.37632602417
 30
0.0
 40
10.0
  1
15
 50
90.0
100
AcDbText
  0
TEXT
  5
24F
330
17
100
AcDbEntity
  8
COTA
 62
240
370
25
100
AcDbText
 10
5903.900793735083
 20
4384.19065350955
 30
0.0
 40
10.0
  1
109
 50
90.0
100
AcDbText
  0
TEXT
  5
250
330
17
100
AcDbEntity
  8
COTA
 62
240
370
25
100
AcDbText
 10
5880.827798450021
 20
4391.690653509551
 30
0.0
 40
10.0
  1
124
 50
90.0
100
AcDbText
  0
TEXT
  5
251
330
17
100
AcDbEntity
  8
COTA
 62
240
370
25
100
AcDbText
 10
6343.697557707209
 20
4266.428819092698
 30
0.0
 40
10.0
  1
204
100
AcDbText
  0
TEXT
  5
252
330
17
100
AcDbEntity
  8
COTA
 62
240
370
25
100
AcDbText
 10
6473.921569141314
 20
4381.190653509544
 30
0.0
 40
10.0
  1
103
 50
90.0
100
AcDbText
  0
TEXT
  5
253
330
17
100
AcDbEntity
  8
COTA
 62
240
370
25
100
AcDbText
 10
6474.067767971743
 20
4439.690653509532
 30
0.0
 40
10.0
  1
14
 50
90.0
100
AcDbText
  0
TEXT
  5
254
330
17
100
AcDbEntity
  8
COTA
 62
240
370
25
100
AcDbText
 10
6474.06776797173
 20
4462.556150585544
 30
0.0
 40
10.0
  1
7
 50
90.0
100
AcDbText
  0
TEXT
  5
255
330
17
100
AcDbEntity
  8
Painéis
 62
240
370
25
100
AcDbText
 10
6500.017189796225
 20
4391.690653509531
 30
0.0
 40
10.0
  1
124
 50
90.0
100
AcDbText
  0
TEXT
  5
256
330
17
100
AcDbEntity
  8
COTA
 62
240
370
25
100
AcDbText
 10
6424.932179539348
 20
4314.584128171385
 30
0.0
 40
10.0
  1
7
100
AcDbText
  0
TEXT
  5
257
330
17
100
AcDbEntity
  8
Painéis
 62
240
370
25
100
AcDbText
 10
6399.627601786644
 20
4413.690653509535
 30
0.0
 40
10.0
  1
38
 50
90.0
100
AcDbText
  0
TEXT
  5
258
330
17
100
AcDbEntity
  8
Painéis
 62
240
370
25
100
AcDbText
 10
6431.174987327612
 20
4373.971663249232
 30
0.0
 40
10.0
  1
29
100
AcDbText
  0
TEXT
  5
259
330
17
100
AcDbEntity
  8
Painéis
 62
240
370
25
100
AcDbText
 10
6301.174987327615
 20
4385.443427799928
 30
0.0
 40
10.0
  1
105
100
AcDbText
  0
TEXT
  5
25A
330
17
100
AcDbEntity
  8
Texto Seção
 62
3
370
15
100
AcDbText
 10
5336.52104297649
 20
4823.544564912515
 30
0.0
 40
17.0
  1

100
AcDbText
  0
TEXT
  5
25B
330
17
100
AcDbEntity
  8
Texto Seção
 62
3
370
15
100
AcDbText
 10
5336.52104297649
 20
4793.643980268193
 30
0.0
 40
12.0
  1

100
AcDbText
  0
TEXT
  5
25C
330
17
100
AcDbEntity
  8
Texto Seção
 62
7
370
15
100
AcDbText
 10
5336.52104297649
 20
4767.672551379707
 30
0.0
 40
10.0
  1

100
AcDbText
  0
TEXT
  5
25D
330
17
100
AcDbEntity
  8
Texto Seção
 62
3
370
15
100
AcDbText
 10
5770.71683544217
 20
4823.544564912515
 30
0.0
 40
17.0
  1

100
AcDbText
  0
TEXT
  5
25E
330
17
100
AcDbEntity
  8
Texto Seção
 62
3
370
15
100
AcDbText
 10
5770.71683544217
 20
4793.643980268193
 30
0.0
 40
12.0
  1

100
AcDbText
  0
TEXT
  5
25F
330
17
100
AcDbEntity
  8
Texto Seção
 62
7
370
15
100
AcDbText
 10
5770.71683544217
 20
4767.672551379707
 30
0.0
 40
10.0
  1

100
AcDbText
  0
HATCH
  5
260
330
17
100
AcDbEntity
  8
Hachura
 62
7
100
AcDbHatch
 10
0.0
 20
0.0
 30
0.0
210
0.0
220
0.0
230
1.0
  2
SOLID
 70
1
 71
0
 91
1
 92
3
 72
0
 73
1
 93
5
 10
5311.321042976493
 20
4722.095800539519
 10
5315.321042976493
 20
4722.095800539519
 10
5315.321042976493
 20
4634.095800539541
 10
5311.321042976493
 20
4634.095800539541
 10
5311.321042976493
 20
4722.095800539519
 97
0
 75
1
 76
1
 98
0
  0
HATCH
  5
261
330
17
100
AcDbEntity
  8
Hachura
 62
7
100
AcDbHatch
 10
0.0
 20
0.0
 30
0.0
210
0.0
220
0.0
230
1.0
  2
ANSI31
 70
0
 71
0
 91
1
 92
3
 72
0
 73
1
 93
5
 10
5353.321042976493
 20
4634.095800539541
 10
5353.321042976493
 20
4638.495800539535
 10
5339.321042976493
 20
4638.495800539535
 10
5339.321042976493
 20
4634.095800539541
 10
5353.321042976493
 20
4634.095800539541
 97
0
 75
1
 76
1
 52
0.0
 41
1.0
 77
0
 78
1
 53
45.0
 43
0.0
 44
0.0
 45
-2.2450640303
 46
2.2450640303
 79
0
 98
0
  0
HATCH
  5
262
330
17
100
AcDbEntity
  8
Hachura
 62
7
100
AcDbHatch
 10
0.0
 20
0.0
 30
0.0
210
0.0
220
0.0
230
1.0
  2
SOLID
 70
1
 71
0
 91
1
 92
3
 72
0
 73
1
 93
5
 10
5353.321042976493
 20
4638.495800539535
 10
5353.321042976493
 20
4642.095800539541
 10
5315.321042976493
 20
4642.095800539541
 10
5315.321042976493
 20
4638.495800539535
 10
5353.321042976493
 20
4638.495800539535
 97
0
 75
1
 76
1
 98
0
  0
HATCH
  5
263
330
17
100
AcDbEntity
  8
Hachura
 62
7
100
AcDbHatch
 10
0.0
 20
0.0
 30
0.0
210
0.0
220
0.0
230
1.0
  2
ANSI31
 70
0
 71
0
 91
1
 92
3
 72
0
 73
1
 93
5
 10
5315.321042976493
 20
4634.095800539541
 10
5315.321042976493
 20
4638.495800539535
 10
5329.321042976493
 20
4638.495800539535
 10
5329.321042976493
 20
4634.095800539541
 10
5315.321042976493
 20
4634.095800539541
 97
0
 75
1
 76
1
 52
0.0
 41
1.0
 77
0
 78
1
 53
45.0
 43
0.0
 44
0.0
 45
-2.2450640303
 46
2.2450640303
 79
0
 98
0
  0
HATCH
  5
264
330
17
100
AcDbEntity
  8
Hachura
 62
7
100
AcDbHatch
 10
0.0
 20
0.0
 30
0.0
210
0.0
220
0.0
230
1.0
  2
SOLID
 70
1
 71
0
 91
1
 92
3
 72
0
 73
1
 93
5
 10
5357.321042976494
 20
4724.09580053952
 10
5353.321042976493
 20
4724.09580053952
 10
5353.321042976493
 20
4634.095800539541
 10
5357.321042976494
 20
4634.095800539541
 10
5357.321042976494
 20
4724.09580053952
 97
0
 75
1
 76
1
 98
0
  0
HATCH
  5
265
330
17
100
AcDbEntity
  8
Hachura
 62
7
100
AcDbHatch
 10
0.0
 20
0.0
 30
0.0
210
0.0
220
0.0
230
1.0
  2
SOLID
 70
1
 71
0
 91
1
 92
3
 72
0
 73
1
 93
5
 10
5413.321042976463
 20
4722.095800539519
 10
5413.321042976463
 20
4726.095800539519
 10
5353.321042976493
 20
4726.095800539519
 10
5353.321042976493
 20
4722.095800539519
 10
5413.321042976463
 20
4722.095800539519
 97
0
 75
1
 76
1
 98
0
  0
HATCH
  5
266
330
17
100
AcDbEntity
  8
Hachura
 62
7
100
AcDbHatch
 10
0.0
 20
0.0
 30
0.0
210
0.0
220
0.0
230
1.0
  2
SOLID
 70
1
 71
0
 91
1
 92
3
 72
0
 73
1
 93
5
 10
5315.321042976493
 20
4720.095800539519
 10
5315.321042976493
 20
4724.09580053952
 10
5259.721042976516
 20
4724.095800539512
 10
5259.721042976516
 20
4720.095800539512
 10
5315.321042976493
 20
4720.095800539519
 97
0
 75
1
 76
1
 98
0
  0
HATCH
  5
267
330
17
100
AcDbEntity
  8
Hachura
 62
7
100
AcDbHatch
 10
0.0
 20
0.0
 30
0.0
210
0.0
220
0.0
230
1.0
  2
ANSI31
 70
0
 71
0
 91
1
 92
3
 72
0
 73
1
 93
5
 10
5306.921042976499
 20
4706.09580053952
 10
5311.321042976493
 20
4706.09580053952
 10
5311.321042976493
 20
4720.095800539519
 10
5306.921042976499
 20
4720.095800539519
 10
5306.921042976499
 20
4706.09580053952
 97
0
 75
1
 76
1
 52
0.0
 41
1.0
 77
0
 78
1
 53
45.0
 43
0.0
 44
0.0
 45
-2.2450640303
 46
2.2450640303
 79
0
 98
0
  0
HATCH
  5
268
330
17
100
AcDbEntity
  8
Hachura
 62
7
100
AcDbHatch
 10
0.0
 20
0.0
 30
0.0
210
0.0
220
0.0
230
1.0
  2
ANSI31
 70
0
 71
0
 91
1
 92
3
 72
0
 73
1
 93
5
 10
5306.921042976499
 20
4634.095800539541
 10
5311.321042976493
 20
4634.095800539541
 10
5311.321042976493
 20
4648.095800539541
 10
5306.921042976499
 20
4648.095800539541
 10
5306.921042976499
 20
4634.095800539541
 97
0
 75
1
 76
1
 52
0.0
 41
1.0
 77
0
 78
1
 53
45.0
 43
0.0
 44
0.0
 45
-2.2450640303
 46
2.2450640303
 79
0
 98
0
  0
HATCH
  5
269
330
17
100
AcDbEntity
  8
Hachura
 62
7
100
AcDbHatch
 10
0.0
 20
0.0
 30
0.0
210
0.0
220
0.0
230
1.0
  2
ANSI31
 70
0
 71
0
 91
1
 92
3
 72
0
 73
1
 93
5
 10
5361.721042976487
 20
4708.09580053952
 10
5357.321042976494
 20
4708.09580053952
 10
5357.321042976494
 20
4722.095800539519
 10
5361.721042976487
 20
4722.095800539519
 10
5361.721042976487
 20
4708.09580053952
 97
0
 75
1
 76
1
 52
0.0
 41
1.0
 77
0
 78
1
 53
45.0
 43
0.0
 44
0.0
 45
-2.2450640303
 46
2.2450640303
 79
0
 98
0
  0
HATCH
  5
26A
330
17
100
AcDbEntity
  8
Hachura
 62
7
100
AcDbHatch
 10
0.0
 20
0.0
 30
0.0
210
0.0
220
0.0
230
1.0
  2
ANSI31
 70
0
 71
0
 91
1
 92
3
 72
0
 73
1
 93
5
 10
5361.721042976487
 20
4634.095800539541
 10
5357.321042976494
 20
4634.095800539541
 10
5357.321042976494
 20
4648.095800539541
 10
5361.721042976487
 20
4648.095800539541
 10
5361.721042976487
 20
4634.095800539541
 97
0
 75
1
 76
1
 52
0.0
 41
1.0
 77
0
 78
1
 53
45.0
 43
0.0
 44
0.0
 45
-2.2450640303
 46
2.2450640303
 79
0
 98
0
  0
HATCH
  5
26B
330
17
100
AcDbEntity
  8
COTA
 62
7
100
AcDbHatch
 10
0.0
 20
0.0
 30
0.0
210
0.0
220
0.0
230
1.0
  2
AR-CONC
 70
0
 71
0
 91
1
 92
3
 72
0
 73
1
 93
6
 10
5559.774820782748
 20
4527.648697428932
 10
5144.524820782748
 20
4527.648697428934
 10
5144.774820782748
 20
4511.648697428934
 10
5559.77482078275
 20
4511.64869742896
 10
5559.77482078275
 20
4527.648697428932
 10
5559.774820782748
 20
4527.648697428932
 97
0
 75
1
 76
1
 52
0.0
 41
1.0
 77
0
 78
13
 53
50.0
 43
0.0
 44
0.0
 45
182.184668996
 46
-15.9390855389
 79
2
 49
19.05
 49
-209.55
 53
355.0
 43
0.0
 44
0.0
 45
-35.243421425
 46
191.056845239
 79
2
 49
15.24
 49
-167.64058417
 53
100.4514447
 43
15.182007
 44
-1.3282535
 45
146.9412470904
 46
175.1177519122
 79
2
 49
16.1900088
 49
-178.0902446
 53
46.1842
 43
0.0
 44
50.8
 45
271.0790408921
 46
-42.0423279327
 79
2
 49
28.575
 49
-314.325
 53
96.63555761
 43
22.5899
 44
47.2965
 45
237.4041340515
 46
247.4261245977
 79
2
 49
24.28502314
 49
-267.13560816
 53
351.18415117
 43
0.0
 44
50.8
 45
237.404134065
 46
247.4261245855
 79
2
 49
22.85996707
 49
-251.45973192
 53
21.0
 43
25.4
 44
38.1
 45
151.6143912691
 46
-102.2651981871
 79
2
 49
19.05
 49
-209.55
 53
326.0
 43
25.4
 44
38.1
 45
61.8020283476
 46
184.1879661223
 79
2
 49
15.24
 49
-167.64
 53
71.451445
 43
38.0345326
 44
29.5779001
 45
213.4164192787
 46
81.9227688859
 79
2
 49
16.1900088
 49
-178.0899376
 53
37.5
 43
0.0
 44
0.0
 45
3.0886032506
 46
84.5550388732
 79
6
 49
0.0
 49
-165.608
 49
0.0
 49
-170.18
 49
0.0
 49
-168.275
 53
7.5
 43
0.0
 44
0.0
 45
66.8196625103
 46
100.1805748181
 79
6
 49
0.0
 49
-97.028
 49
0.0
 49
-161.798
 49
0.0
 49
-64.135
 53
-32.5
 43
-56.642
 44
0.0
 45
135.5905951669
 46
-5.7287439927
 79
6
 49
0.0
 49
-63.5
 49
0.0
 49
-198.12
 49
0.0
 49
-262.89
 53
-42.5
 43
-82.042
 44
0.0
 45
148.129181386
 46
25.4264910333
 79
6
 49
0.0
 49
-82.55
 49
0.0
 49
-131.572
 49
0.0
 49
-186.69
 98
0
  0
HATCH
  5
26C
330
17
100
AcDbEntity
  8
COTA
 62
7
100
AcDbHatch
 10
0.0
 20
0.0
 30
0.0
210
0.0
220
0.0
230
1.0
  2
AR-CONC
 70
0
 71
0
 91
1
 92
3
 72
0
 73
1
 93
5
 10
5559.649820782748
 20
4316.782699200766
 10
5144.524820782748
 20
4316.782699200766
 10
5144.774820782748
 20
4301.782699200765
 10
5559.899820782749
 20
4301.782699200791
 10
5559.649820782748
 20
4316.782699200766
 97
0
 75
1
 76
1
 52
0.0
 41
1.0
 77
0
 78
13
 53
50.0
 43
0.0
 44
0.0
 45
182.184668996
 46
-15.9390855389
 79
2
 49
19.05
 49
-209.55
 53
355.0
 43
0.0
 44
0.0
 45
-35.243421425
 46
191.056845239
 79
2
 49
15.24
 49
-167.64058417
 53
100.4514447
 43
15.182007
 44
-1.3282535
 45
146.9412470904
 46
175.1177519122
 79
2
 49
16.1900088
 49
-178.0902446
 53
46.1842
 43
0.0
 44
50.8
 45
271.0790408921
 46
-42.0423279327
 79
2
 49
28.575
 49
-314.325
 53
96.63555761
 43
22.5899
 44
47.2965
 45
237.4041340515
 46
247.4261245977
 79
2
 49
24.28502314
 49
-267.13560816
 53
351.18415117
 43
0.0
 44
50.8
 45
237.404134065
 46
247.4261245855
 79
2
 49
22.85996707
 49
-251.45973192
 53
21.0
 43
25.4
 44
38.1
 45
151.6143912691
 46
-102.2651981871
 79
2
 49
19.05
 49
-209.55
 53
326.0
 43
25.4
 44
38.1
 45
61.8020283476
 46
184.1879661223
 79
2
 49
15.24
 49
-167.64
 53
71.451445
 43
38.0345326
 44
29.5779001
 45
213.4164192787
 46
81.9227688859
 79
2
 49
16.1900088
 49
-178.0899376
 53
37.5
 43
0.0
 44
0.0
 45
3.0886032506
 46
84.5550388732
 79
6
 49
0.0
 49
-165.608
 49
0.0
 49
-170.18
 49
0.0
 49
-168.275
 53
7.5
 43
0.0
 44
0.0
 45
66.8196625103
 46
100.1805748181
 79
6
 49
0.0
 49
-97.028
 49
0.0
 49
-161.798
 49
0.0
 49
-64.135
 53
-32.5
 43
-56.642
 44
0.0
 45
135.5905951669
 46
-5.7287439927
 79
6
 49
0.0
 49
-63.5
 49
0.0
 49
-198.12
 49
0.0
 49
-262.89
 53
-42.5
 43
-82.042
 44
0.0
 45
148.129181386
 46
25.4264910333
 79
6
 49
0.0
 49
-82.55
 49
0.0
 49
-131.572
 49
0.0
 49
-186.69
 98
0
  0
HATCH
  5
26D
330
17
100
AcDbEntity
  8
Hachura
 62
7
100
AcDbHatch
 10
0.0
 20
0.0
 30
0.0
210
0.0
220
0.0
230
1.0
  2
SOLID
 70
1
 71
0
 91
1
 92
3
 72
0
 73
1
 93
5
 10
5745.516835442173
 20
4722.095800539519
 10
5749.516835442173
 20
4722.095800539519
 10
5749.516835442173
 20
4504.09580053954
 10
5745.516835442173
 20
4504.09580053954
 10
5745.516835442173
 20
4722.095800539519
 97
0
 75
1
 76
1
 98
0
  0
HATCH
  5
26E
330
17
100
AcDbEntity
  8
Hachura
 62
7
100
AcDbHatch
 10
0.0
 20
0.0
 30
0.0
210
0.0
220
0.0
230
1.0
  2
ANSI31
 70
0
 71
0
 91
1
 92
3
 72
0
 73
1
 93
5
 10
5787.516835442173
 20
4504.09580053954
 10
5787.516835442173
 20
4508.495800539535
 10
5773.516835442173
 20
4508.495800539535
 10
5773.516835442173
 20
4504.09580053954
 10
5787.516835442173
 20
4504.09580053954
 97
0
 75
1
 76
1
 52
0.0
 41
1.0
 77
0
 78
1
 53
45.0
 43
0.0
 44
0.0
 45
-2.2450640303
 46
2.2450640303
 79
0
 98
0
  0
HATCH
  5
26F
330
17
100
AcDbEntity
  8
Hachura
 62
7
100
AcDbHatch
 10
0.0
 20
0.0
 30
0.0
210
0.0
220
0.0
230
1.0
  2
SOLID
 70
1
 71
0
 91
1
 92
3
 72
0
 73
1
 93
5
 10
5787.516835442173
 20
4508.495800539535
 10
5787.516835442173
 20
4512.09580053954
 10
5749.516835442173
 20
4512.09580053954
 10
5749.516835442173
 20
4508.495800539535
 10
5787.516835442173
 20
4508.495800539535
 97
0
 75
1
 76
1
 98
0
  0
HATCH
  5
270
330
17
100
AcDbEntity
  8
Hachura
 62
7
100
AcDbHatch
 10
0.0
 20
0.0
 30
0.0
210
0.0
220
0.0
230
1.0
  2
ANSI31
 70
0
 71
0
 91
1
 92
3
 72
0
 73
1
 93
5
 10
5749.516835442173
 20
4504.09580053954
 10
5749.516835442173
 20
4508.495800539535
 10
5763.516835442173
 20
4508.495800539535
 10
5763.516835442173
 20
4504.09580053954
 10
5749.516835442173
 20
4504.09580053954
 97
0
 75
1
 76
1
 52
0.0
 41
1.0
 77
0
 78
1
 53
45.0
 43
0.0
 44
0.0
 45
-2.2450640303
 46
2.2450640303
 79
0
 98
0
  0
HATCH
  5
271
330
17
100
AcDbEntity
  8
Hachura
 62
7
100
AcDbHatch
 10
0.0
 20
0.0
 30
0.0
210
0.0
220
0.0
230
1.0
  2
SOLID
 70
1
 71
0
 91
1
 92
3
 72
0
 73
1
 93
5
 10
5791.516835442173
 20
4724.095800539518
 10
5787.516835442173
 20
4724.095800539518
 10
5787.516835442173
 20
4504.09580053954
 10
5791.516835442173
 20
4504.09580053954
 10
5791.516835442173
 20
4724.095800539518
 97
0
 75
1
 76
1
 98
0
  0
HATCH
  5
272
330
17
100
AcDbEntity
  8
Hachura
 62
7
100
AcDbHatch
 10
0.0
 20
0.0
 30
0.0
210
0.0
220
0.0
230
1.0
  2
SOLID
 70
1
 71
0
 91
1
 92
3
 72
0
 73
1
 93
5
 10
5831.460350166755
 20
4722.095800539519
 10
5831.460350166755
 20
4726.095800539519
 10
5787.516835442173
 20
4726.095800539519
 10
5787.516835442173
 20
4722.095800539519
 10
5831.460350166755
 20
4722.095800539519
 97
0
 75
1
 76
1
 98
0
  0
HATCH
  5
273
330
17
100
AcDbEntity
  8
Hachura
 62
7
100
AcDbHatch
 10
0.0
 20
0.0
 30
0.0
210
0.0
220
0.0
230
1.0
  2
SOLID
 70
1
 71
0
 91
1
 92
3
 72
0
 73
1
 93
5
 10
5749.516835442173
 20
4722.095800539519
 10
5749.516835442173
 20
4726.095800539519
 10
5710.880198255847
 20
4726.095800539511
 10
5710.880198255847
 20
4722.095800539511
 10
5749.516835442173
 20
4722.095800539519
 97
0
 75
1
 76
1
 98
0
  0
HATCH
  5
274
330
17
100
AcDbEntity
  8
Hachura
 62
7
100
AcDbHatch
 10
0.0
 20
0.0
 30
0.0
210
0.0
220
0.0
230
1.0
  2
ANSI31
 70
0
 71
0
 91
1
 92
3
 72
0
 73
1
 93
5
 10
5741.116835442179
 20
4708.095800539519
 10
5745.516835442173
 20
4708.095800539519
 10
5745.516835442173
 20
4722.095800539519
 10
5741.116835442179
 20
4722.095800539519
 10
5741.116835442179
 20
4708.095800539519
 97
0
 75
1
 76
1
 52
0.0
 41
1.0
 77
0
 78
1
 53
45.0
 43
0.0
 44
0.0
 45
-2.2450640303
 46
2.2450640303
 79
0
 98
0
  0
HATCH
  5
275
330
17
100
AcDbEntity
  8
Hachura
 62
7
100
AcDbHatch
 10
0.0
 20
0.0
 30
0.0
210
0.0
220
0.0
230
1.0
  2
ANSI31
 70
0
 71
0
 91
1
 92
3
 72
0
 73
1
 93
5
 10
5741.116835442179
 20
4504.09580053954
 10
5745.516835442173
 20
4504.09580053954
 10
5745.516835442173
 20
4518.09580053954
 10
5741.116835442179
 20
4518.09580053954
 10
5741.116835442179
 20
4504.09580053954
 97
0
 75
1
 76
1
 52
0.0
 41
1.0
 77
0
 78
1
 53
45.0
 43
0.0
 44
0.0
 45
-2.2450640303
 46
2.2450640303
 79
0
 98
0
  0
HATCH
  5
276
330
17
100
AcDbEntity
  8
Hachura
 62
7
100
AcDbHatch
 10
0.0
 20
0.0
 30
0.0
210
0.0
220
0.0
230
1.0
  2
ANSI31
 70
0
 71
0
 91
1
 92
3
 72
0
 73
1
 93
5
 10
5795.916835442167
 20
4708.095800539519
 10
5791.516835442173
 20
4708.095800539519
 10
5791.516835442173
 20
4722.095800539519
 10
5795.916835442167
 20
4722.095800539519
 10
5795.916835442167
 20
4708.095800539519
 97
0
 75
1
 76
1
 52
0.0
 41
1.0
 77
0
 78
1
 53
45.0
 43
0.0
 44
0.0
 45
-2.2450640303
 46
2.2450640303
 79
0
 98
0
  0
HATCH
  5
277
330
17
100
AcDbEntity
  8
Hachura
 62
7
100
AcDbHatch
 10
0.0
 20
0.0
 30
0.0
210
0.0
220
0.0
230
1.0
  2
ANSI31
 70
0
 71
0
 91
1
 92
3
 72
0
 73
1
 93
5
 10
5795.916835442167
 20
4504.09580053954
 10
5791.516835442173
 20
4504.09580053954
 10
5791.516835442173
 20
4518.09580053954
 10
5795.916835442167
 20
4518.09580053954
 10
5795.916835442167
 20
4504.09580053954
 97
0
 75
1
 76
1
 52
0.0
 41
1.0
 77
0
 78
1
 53
45.0
 43
0.0
 44
0.0
 45
-2.2450640303
 46
2.2450640303
 79
0
 98
0
  0
HATCH
  5
278
330
17
100
AcDbEntity
  8
Hachura
 62
7
100
AcDbHatch
 10
0.0
 20
0.0
 30
0.0
210
0.0
220
0.0
230
1.0
  2
ANSI31
 70
0
 71
0
 91
1
 92
3
 72
0
 73
1
 93
5
 10
5306.921042976499
 20
4669.095800539531
 10
5311.321042976493
 20
4669.095800539531
 10
5311.321042976493
 20
4683.09580053953
 10
5306.921042976499
 20
4683.09580053953
 10
5306.921042976499
 20
4669.095800539531
 97
0
 75
1
 76
1
 52
0.0
 41
1.0
 77
0
 78
1
 53
45.0
 43
0.0
 44
0.0
 45
-2.2450640303
 46
2.2450640303
 79
0
 98
0
  0
HATCH
  5
279
330
17
100
AcDbEntity
  8
Hachura
 62
7
100
AcDbHatch
 10
0.0
 20
0.0
 30
0.0
210
0.0
220
0.0
230
1.0
  2
ANSI31
 70
0
 71
0
 91
1
 92
3
 72
0
 73
1
 93
5
 10
5361.721042976487
 20
4671.09580053953
 10
5357.321042976494
 20
4671.09580053953
 10
5357.321042976494
 20
4685.095800539531
 10
5361.721042976487
 20
4685.095800539531
 10
5361.721042976487
 20
4671.09580053953
 97
0
 75
1
 76
1
 52
0.0
 41
1.0
 77
0
 78
1
 53
45.0
 43
0.0
 44
0.0
 45
-2.2450640303
 46
2.2450640303
 79
0
 98
0
  0
HATCH
  5
27A
330
17
100
AcDbEntity
  8
Hachura
 62
7
100
AcDbHatch
 10
0.0
 20
0.0
 30
0.0
210
0.0
220
0.0
230
1.0
  2
ANSI31
 70
0
 71
0
 91
1
 92
3
 72
0
 73
1
 93
5
 10
5741.116835442179
 20
4572.340131391735
 10
5745.516835442173
 20
4572.340131391735
 10
5745.516835442173
 20
4586.340131391735
 10
5741.116835442179
 20
4586.340131391735
 10
5741.116835442179
 20
4572.340131391735
 97
0
 75
1
 76
1
 52
0.0
 41
1.0
 77
0
 78
1
 53
45.0
 43
0.0
 44
0.0
 45
-2.2450640303
 46
2.2450640303
 79
0
 98
0
  0
HATCH
  5
27B
330
17
100
AcDbEntity
  8
Hachura
 62
7
100
AcDbHatch
 10
0.0
 20
0.0
 30
0.0
210
0.0
220
0.0
230
1.0
  2
ANSI31
 70
0
 71
0
 91
1
 92
3
 72
0
 73
1
 93
5
 10
5795.916835442167
 20
4572.340131391735
 10
5791.516835442173
 20
4572.340131391735
 10
5791.516835442173
 20
4586.340131391735
 10
5795.916835442167
 20
4586.340131391735
 10
5795.916835442167
 20
4572.340131391735
 97
0
 75
1
 76
1
 52
0.0
 41
1.0
 77
0
 78
1
 53
45.0
 43
0.0
 44
0.0
 45
-2.2450640303
 46
2.2450640303
 79
0
 98
0
  0
HATCH
  5
27C
330
17
100
AcDbEntity
  8
REAPROVEITAMENTO
 62
7
100
AcDbHatch
 10
0.0
 20
0.0
 30
0.0
210
0.0
220
0.0
230
1.0
  2
ANSI31
 70
0
 71
0
 91
1
 92
3
 72
0
 73
1
 93
5
 10
5559.774820782752
 20
4468.648697428909
 10
5559.774820782752
 20
4511.648697428942
 10
5144.774820782748
 20
4511.648697428934
 10
5144.774820782748
 20
4468.648697428902
 10
5559.774820782752
 20
4468.648697428909
 97
0
 75
1
 76
1
 52
0.0
 41
1.0
 77
0
 78
1
 53
45.0
 43
0.0
 44
0.0
 45
-2.2450640303
 46
2.2450640303
 79
0
 98
0
  0
HATCH
  5
27D
330
17
100
AcDbEntity
  8
REAPROVEITAMENTO
 62
7
100
AcDbHatch
 10
0.0
 20
0.0
 30
0.0
210
0.0
220
0.0
230
1.0
  2
ANSI31
 70
0
 71
0
 91
1
 92
3
 72
0
 73
1
 93
5
 10
5559.774820782752
 20
4257.782699200794
 10
5559.774820782752
 20
4301.782699200788
 10
5144.774820782759
 20
4301.782699200765
 10
5144.774820782759
 20
4257.782699200772
 10
5559.774820782752
 20
4257.782699200794
 97
0
 75
1
 76
1
 52
0.0
 41
1.0
 77
0
 78
1
 53
45.0
 43
0.0
 44
0.0
 45
-2.2450640303
 46
2.2450640303
 79
0
 98
0
  0
HATCH
  5
27E
330
17
100
AcDbEntity
  8
COTA
 62
7
100
AcDbHatch
 10
0.0
 20
0.0
 30
0.0
210
0.0
220
0.0
230
1.0
  2
AR-CONC
 70
0
 71
0
 91
1
 92
3
 72
0
 73
1
 93
5
 10
6145.949785310286
 20
4710.830746329792
 10
6145.949785310286
 20
4695.8307463298
 10
6453.074785310285
 20
4695.830746329817
 10
6452.824785310285
 20
4710.830746329792
 10
6145.949785310286
 20
4710.830746329792
 97
0
 75
1
 76
1
 52
0.0
 41
1.0
 77
0
 78
13
 53
50.0
 43
0.0
 44
0.0
 45
182.184668996
 46
-15.9390855389
 79
2
 49
19.05
 49
-209.55
 53
355.0
 43
0.0
 44
0.0
 45
-35.243421425
 46
191.056845239
 79
2
 49
15.24
 49
-167.64058417
 53
100.4514447
 43
15.182007
 44
-1.3282535
 45
146.9412470904
 46
175.1177519122
 79
2
 49
16.1900088
 49
-178.0902446
 53
46.1842
 43
0.0
 44
50.8
 45
271.0790408921
 46
-42.0423279327
 79
2
 49
28.575
 49
-314.325
 53
96.63555761
 43
22.5899
 44
47.2965
 45
237.4041340515
 46
247.4261245977
 79
2
 49
24.28502314
 49
-267.13560816
 53
351.18415117
 43
0.0
 44
50.8
 45
237.404134065
 46
247.4261245855
 79
2
 49
22.85996707
 49
-251.45973192
 53
21.0
 43
25.4
 44
38.1
 45
151.6143912691
 46
-102.2651981871
 79
2
 49
19.05
 49
-209.55
 53
326.0
 43
25.4
 44
38.1
 45
61.8020283476
 46
184.1879661223
 79
2
 49
15.24
 49
-167.64
 53
71.451445
 43
38.0345326
 44
29.5779001
 45
213.4164192787
 46
81.9227688859
 79
2
 49
16.1900088
 49
-178.0899376
 53
37.5
 43
0.0
 44
0.0
 45
3.0886032506
 46
84.5550388732
 79
6
 49
0.0
 49
-165.608
 49
0.0
 49
-170.18
 49
0.0
 49
-168.275
 53
7.5
 43
0.0
 44
0.0
 45
66.8196625103
 46
100.1805748181
 79
6
 49
0.0
 49
-97.028
 49
0.0
 49
-161.798
 49
0.0
 49
-64.135
 53
-32.5
 43
-56.642
 44
0.0
 45
135.5905951669
 46
-5.7287439927
 79
6
 49
0.0
 49
-63.5
 49
0.0
 49
-198.12
 49
0.0
 49
-262.89
 53
-42.5
 43
-82.042
 44
0.0
 45
148.129181386
 46
25.4264910333
 79
6
 49
0.0
 49
-82.55
 49
0.0
 49
-131.572
 49
0.0
 49
-186.69
 98
0
  0
HATCH
  5
27F
330
17
100
AcDbEntity
  8
COTA
 62
7
100
AcDbHatch
 10
0.0
 20
0.0
 30
0.0
210
0.0
220
0.0
230
1.0
  2
AR-CONC
 70
0
 71
0
 91
1
 92
3
 72
0
 73
1
 93
9
 10
5951.68460282785
 20
4651.830746329766
 10
5951.684602827845
 20
4689.830746329786
 10
6126.639462068666
 20
4689.83074632977
 10
6126.639462068665
 20
4703.830746329783
 10
5951.68460282785
 20
4703.83074632976
 10
5951.684602827851
 20
4710.830746329761
 10
5922.684602827851
 20
4710.830746329762
 10
5922.684602827851
 20
4651.830746329762
 10
5951.68460282785
 20
4651.830746329766
 97
0
 75
1
 76
1
 52
0.0
 41
1.0
 77
0
 78
13
 53
50.0
 43
0.0
 44
0.0
 45
182.184668996
 46
-15.9390855389
 79
2
 49
19.05
 49
-209.55
 53
355.0
 43
0.0
 44
0.0
 45
-35.243421425
 46
191.056845239
 79
2
 49
15.24
 49
-167.64058417
 53
100.4514447
 43
15.182007
 44
-1.3282535
 45
146.9412470904
 46
175.1177519122
 79
2
 49
16.1900088
 49
-178.0902446
 53
46.1842
 43
0.0
 44
50.8
 45
271.0790408921
 46
-42.0423279327
 79
2
 49
28.575
 49
-314.325
 53
96.63555761
 43
22.5899
 44
47.2965
 45
237.4041340515
 46
247.4261245977
 79
2
 49
24.28502314
 49
-267.13560816
 53
351.18415117
 43
0.0
 44
50.8
 45
237.404134065
 46
247.4261245855
 79
2
 49
22.85996707
 49
-251.45973192
 53
21.0
 43
25.4
 44
38.1
 45
151.6143912691
 46
-102.2651981871
 79
2
 49
19.05
 49
-209.55
 53
326.0
 43
25.4
 44
38.1
 45
61.8020283476
 46
184.1879661223
 79
2
 49
15.24
 49
-167.64
 53
71.451445
 43
38.0345326
 44
29.5779001
 45
213.4164192787
 46
81.9227688859
 79
2
 49
16.1900088
 49
-178.0899376
 53
37.5
 43
0.0
 44
0.0
 45
3.0886032506
 46
84.5550388732
 79
6
 49
0.0
 49
-165.608
 49
0.0
 49
-170.18
 49
0.0
 49
-168.275
 53
7.5
 43
0.0
 44
0.0
 45
66.8196625103
 46
100.1805748181
 79
6
 49
0.0
 49
-97.028
 49
0.0
 49
-161.798
 49
0.0
 49
-64.135
 53
-32.5
 43
-56.642
 44
0.0
 45
135.5905951669
 46
-5.7287439927
 79
6
 49
0.0
 49
-63.5
 49
0.0
 49
-198.12
 49
0.0
 49
-262.89
 53
-42.5
 43
-82.042
 44
0.0
 45
148.129181386
 46
25.4264910333
 79
6
 49
0.0
 49
-82.55
 49
0.0
 49
-131.572
 49
0.0
 49
-186.69
 98
0
  0
HATCH
  5
280
330
17
100
AcDbEntity
  8
COTA
 62
7
100
AcDbHatch
 10
0.0
 20
0.0
 30
0.0
210
0.0
220
0.0
230
1.0
  2
AR-CONC
 70
0
 71
0
 91
1
 92
3
 72
0
 73
1
 93
5
 10
6222.409804845177
 20
4453.69065350955
 10
6222.409804845177
 20
4438.690653509558
 10
5915.284804845176
 20
4438.690653509576
 10
5915.534804845176
 20
4453.69065350955
 10
6222.409804845177
 20
4453.69065350955
 97
0
 75
1
 76
1
 52
0.0
 41
1.0
 77
0
 78
13
 53
50.0
 43
0.0
 44
0.0
 45
182.184668996
 46
-15.9390855389
 79
2
 49
19.05
 49
-209.55
 53
355.0
 43
0.0
 44
0.0
 45
-35.243421425
 46
191.056845239
 79
2
 49
15.24
 49
-167.64058417
 53
100.4514447
 43
15.182007
 44
-1.3282535
 45
146.9412470904
 46
175.1177519122
 79
2
 49
16.1900088
 49
-178.0902446
 53
46.1842
 43
0.0
 44
50.8
 45
271.0790408921
 46
-42.0423279327
 79
2
 49
28.575
 49
-314.325
 53
96.63555761
 43
22.5899
 44
47.2965
 45
237.4041340515
 46
247.4261245977
 79
2
 49
24.28502314
 49
-267.13560816
 53
351.18415117
 43
0.0
 44
50.8
 45
237.404134065
 46
247.4261245855
 79
2
 49
22.85996707
 49
-251.45973192
 53
21.0
 43
25.4
 44
38.1
 45
151.6143912691
 46
-102.2651981871
 79
2
 49
19.05
 49
-209.55
 53
326.0
 43
25.4
 44
38.1
 45
61.8020283476
 46
184.1879661223
 79
2
 49
15.24
 49
-167.64
 53
71.451445
 43
38.0345326
 44
29.5779001
 45
213.4164192787
 46
81.9227688859
 79
2
 49
16.1900088
 49
-178.0899376
 53
37.5
 43
0.0
 44
0.0
 45
3.0886032506
 46
84.5550388732
 79
6
 49
0.0
 49
-165.608
 49
0.0
 49
-170.18
 49
0.0
 49
-168.275
 53
7.5
 43
0.0
 44
0.0
 45
66.8196625103
 46
100.1805748181
 79
6
 49
0.0
 49
-97.028
 49
0.0
 49
-161.798
 49
0.0
 49
-64.135
 53
-32.5
 43
-56.642
 44
0.0
 45
135.5905951669
 46
-5.7287439927
 79
6
 49
0.0
 49
-63.5
 49
0.0
 49
-198.12
 49
0.0
 49
-262.89
 53
-42.5
 43
-82.042
 44
0.0
 45
148.129181386
 46
25.4264910333
 79
6
 49
0.0
 49
-82.55
 49
0.0
 49
-131.572
 49
0.0
 49
-186.69
 98
0
  0
HATCH
  5
281
330
17
100
AcDbEntity
  8
COTA
 62
7
100
AcDbHatch
 10
0.0
 20
0.0
 30
0.0
210
0.0
220
0.0
230
1.0
  2
AR-CONC
 70
0
 71
0
 91
1
 92
3
 72
0
 73
1
 93
10
 10
6416.674987327612
 20
4394.690653509525
 10
6416.674987327617
 20
4432.690653509546
 10
6241.720128086796
 20
4432.69065350953
 10
6241.720128086797
 20
4446.690653509542
 10
6416.674987327612
 20
4446.690653509519
 10
6416.674987327612
 20
4453.69065350952
 10
6445.674987327611
 20
4453.690653509521
 10
6445.674987327611
 20
4394.690653509521
 10
6416.67498732761
 20
4394.690653509525
 10
6416.674987327612
 20
4394.690653509525
 97
0
 75
1
 76
1
 52
0.0
 41
1.0
 77
0
 78
13
 53
50.0
 43
0.0
 44
0.0
 45
182.184668996
 46
-15.9390855389
 79
2
 49
19.05
 49
-209.55
 53
355.0
 43
0.0
 44
0.0
 45
-35.243421425
 46
191.056845239
 79
2
 49
15.24
 49
-167.64058417
 53
100.4514447
 43
15.182007
 44
-1.3282535
 45
146.9412470904
 46
175.1177519122
 79
2
 49
16.1900088
 49
-178.0902446
 53
46.1842
 43
0.0
 44
50.8
 45
271.0790408921
 46
-42.0423279327
 79
2
 49
28.575
 49
-314.325
 53
96.63555761
 43
22.5899
 44
47.2965
 45
237.4041340515
 46
247.4261245977
 79
2
 49
24.28502314
 49
-267.13560816
 53
351.18415117
 43
0.0
 44
50.8
 45
237.404134065
 46
247.4261245855
 79
2
 49
22.85996707
 49
-251.45973192
 53
21.0
 43
25.4
 44
38.1
 45
151.6143912691
 46
-102.2651981871
 79
2
 49
19.05
 49
-209.55
 53
326.0
 43
25.4
 44
38.1
 45
61.8020283476
 46
184.1879661223
 79
2
 49
15.24
 49
-167.64
 53
71.451445
 43
38.0345326
 44
29.5779001
 45
213.4164192787
 46
81.9227688859
 79
2
 49
16.1900088
 49
-178.0899376
 53
37.5
 43
0.0
 44
0.0
 45
3.0886032506
 46
84.5550388732
 79
6
 49
0.0
 49
-165.608
 49
0.0
 49
-170.18
 49
0.0
 49
-168.275
 53
7.5
 43
0.0
 44
0.0
 45
66.8196625103
 46
100.1805748181
 79
6
 49
0.0
 49
-97.028
 49
0.0
 49
-161.798
 49
0.0
 49
-64.135
 53
-32.5
 43
-56.642
 44
0.0
 45
135.5905951669
 46
-5.7287439927
 79
6
 49
0.0
 49
-63.5
 49
0.0
 49
-198.12
 49
0.0
 49
-262.89
 53
-42.5
 43
-82.042
 44
0.0
 45
148.129181386
 46
25.4264910333
 79
6
 49
0.0
 49
-82.55
 49
0.0
 49
-131.572
 49
0.0
 49
-186.69
 98
0
  0
HATCH
  5
282
330
17
100
AcDbEntity
  8
Hachura
 62
7
100
AcDbHatch
 10
0.0
 20
0.0
 30
0.0
210
0.0
220
0.0
230
1.0
  2
ANSI31
 70
0
 71
0
 91
1
 92
3
 72
0
 73
1
 93
5
 10
5741.116835442179
 20
4650.056388625417
 10
5745.516835442173
 20
4650.056388625417
 10
5745.516835442173
 20
4664.056388625417
 10
5741.116835442179
 20
4664.056388625417
 10
5741.116835442179
 20
4650.056388625417
 97
0
 75
1
 76
1
 52
0.0
 41
1.0
 77
0
 78
1
 53
45.0
 43
0.0
 44
0.0
 45
-2.2450640303
 46
2.2450640303
 79
0
 98
0
  0
HATCH
  5
283
330
17
100
AcDbEntity
  8
Hachura
 62
7
100
AcDbHatch
 10
0.0
 20
0.0
 30
0.0
210
0.0
220
0.0
230
1.0
  2
ANSI31
 70
0
 71
0
 91
1
 92
3
 72
0
 73
1
 93
5
 10
5795.916835442167
 20
4650.056388625417
 10
5791.516835442173
 20
4650.056388625417
 10
5791.516835442173
 20
4664.056388625417
 10
5795.916835442167
 20
4664.056388625417
 10
5795.916835442167
 20
4650.056388625417
 97
0
 75
1
 76
1
 52
0.0
 41
1.0
 77
0
 78
1
 53
45.0
 43
0.0
 44
0.0
 45
-2.2450640303
 46
2.2450640303
 79
0
 98
0
  0
LINE
  5
284
330
17
100
AcDbEntity
  8
SARRAFO DE PRESSAO
 62
30
370
9
100
AcDbLine
 10
5484.164441929679
 20
3907.095800539544
 30
0.0
 11
5484.164441929679
 21
4106.339313950433
 31
0.0
  0
LWPOLYLINE
  5
285
330
17
100
AcDbEntity
  8
Texto Seção
 62
7
370
15
100
AcDbPolyline
 90
4
 70
1
 10
6350.583757447188
 20
4147.56683148878
 10
6492.033075599444
 20
4147.56683148878
 10
6492.033075599444
 20
4124.365954421032
 10
6350.583757447188
 20
4124.365954421032
  0
LWPOLYLINE
  5
286
330
17
100
AcDbEntity
  8
Texto Seção
 62
7
370
15
100
AcDbPolyline
 90
4
 70
1
 10
5159.198440426022
 20
4147.56683148878
 10
5300.647758578278
 20
4147.56683148878
 10
5300.647758578278
 20
4124.365954421032
 10
5159.198440426022
 20
4124.365954421032
  0
LWPOLYLINE
  5
287
330
17
100
AcDbEntity
  8
SARRAFO DE PRESSAO
 62
30
370
9
100
AcDbPolyline
 90
8
 70
0
 10
6503.580833819753
 20
3907.095800539544
 10
6503.580833819753
 20
4091.3393139504333
 10
6488.580833819753
 20
4106.339313950433
 10
5148.580833819753
 20
4106.339313950433
 10
5133.580833819753
 20
4091.3393139504333
 10
5133.580833819753
 20
3922.095800539544
 10
5148.580833819753
 20
3907.095800539544
 10
6503.580833819753
 20
3907.095800539544
  0
TEXT
  5
288
330
17
100
AcDbEntity
  8
Texto Seção
 62
7
370
15
100
AcDbText
 10
6420.444710204356
 20
4135.617549508252
 30
0.0
 40
13.0
  1
VEM DA V12
100
AcDbText
  0
TEXT
  5
289
330
17
100
AcDbEntity
  8
Texto Seção
 62
7
370
15
100
AcDbText
 10
5229.05939318319
 20
4135.617549508252
 30
0.0
 40
13.0
  1
VEM DA V11
100
AcDbText
  0
ENDSEC
  0
SECTION
  2
OBJECTS
  0
DICTIONARY
  5
A
330
0
100
AcDbDictionary
281
1
  3
ACAD_COLOR
350
B
  3
ACAD_GROUP
350
C
  3
ACAD_LAYOUT
350
D
  3
ACAD_MATERIAL
350
E
  3
ACAD_MLEADERSTYLE
350
F
  3
ACAD_MLINESTYLE
350
10
  3
ACAD_PLOTSETTINGS
350
11
  3
ACAD_PLOTSTYLENAME
350
12
  3
ACAD_SCALELIST
350
14
  3
ACAD_TABLESTYLE
350
15
  3
ACAD_VISUALSTYLE
350
16
  3
EZDXF_META
350
2D
  0
DICTIONARY
  5
B
330
A
100
AcDbDictionary
281
1
  0
DICTIONARY
  5
C
330
A
100
AcDbDictionary
281
1
  0
DICTIONARY
  5
D
330
A
100
AcDbDictionary
281
1
  3
Model
350
1A
  3
Layout1
350
1E
  0
DICTIONARY
  5
E
330
A
100
AcDbDictionary
281
1
  3
ByBlock
350
1F
  3
ByLayer
350
20
  3
Global
350
21
  0
DICTIONARY
  5
F
330
A
100
AcDbDictionary
281
1
  3
Standard
350
2C
  0
DICTIONARY
  5
10
330
A
100
AcDbDictionary
281
1
  3
Standard
350
22
  0
DICTIONARY
  5
11
330
A
100
AcDbDictionary
281
1
  0
ACDBDICTIONARYWDFLT
  5
12
330
A
100
AcDbDictionary
281
1
  3
Normal
350
13
100
AcDbDictionaryWithDefault
340
13
  0
ACDBPLACEHOLDER
  5
13
330
12
  0
DICTIONARY
  5
14
330
A
100
AcDbDictionary
281
1
  0
DICTIONARY
  5
15
330
A
100
AcDbDictionary
281
1
  0
DICTIONARY
  5
16
330
A
100
AcDbDictionary
281
1
  0
LAYOUT
  5
1A
330
D
100
AcDbPlotSettings
  1

  4
A3
  6

 40
7.5
 41
20.0
 42
7.5
 43
20.0
 44
420.0
 45
297.0
 46
0.0
 47
0.0
 48
0.0
 49
0.0
140
0.0
141
0.0
142
1.0
143
1.0
 70
1024
 72
1
 73
0
 74
5
  7

 75
16
 76
0
 77
2
 78
300
147
1.0
148
0.0
149
0.0
100
AcDbLayout
  1
Model
 70
1
 71
0
 10
0.0
 20
0.0
 11
420.0
 21
297.0
 12
0.0
 22
0.0
 32
0.0
 14
1e+20
 24
1e+20
 34
1e+20
 15
-1e+20
 25
-1e+20
 35
-1e+20
146
0.0
 13
0.0
 23
0.0
 33
0.0
 16
1.0
 26
0.0
 36
0.0
 17
0.0
 27
1.0
 37
0.0
 76
1
330
17
  0
LAYOUT
  5
1E
330
D
100
AcDbPlotSettings
  1

  4
A3
  6

 40
7.5
 41
20.0
 42
7.5
 43
20.0
 44
420.0
 45
297.0
 46
0.0
 47
0.0
 48
0.0
 49
0.0
140
0.0
141
0.0
142
1.0
143
1.0
 70
0
 72
1
 73
0
 74
5
  7

 75
16
 76
0
 77
2
 78
300
147
1.0
148
0.0
149
0.0
100
AcDbLayout
  1
Layout1
 70
1
 71
1
 10
0.0
 20
0.0
 11
420.0
 21
297.0
 12
0.0
 22
0.0
 32
0.0
 14
1e+20
 24
1e+20
 34
1e+20
 15
-1e+20
 25
-1e+20
 35
-1e+20
146
0.0
 13
0.0
 23
0.0
 33
0.0
 16
1.0
 26
0.0
 36
0.0
 17
0.0
 27
1.0
 37
0.0
 76
1
330
1B
  0
MATERIAL
  5
1F
102
{ACAD_REACTORS
330
E
102
}
330
E
100
AcDbMaterial
  1
ByBlock
  2

 70
0
 40
1.0
 71
1
 41
1.0
 91
-1023410177
 42
1.0
 72
1
  3

 73
1
 74
1
 75
1
 44
0.5
 73
0
 45
1.0
 46
1.0
 77
1
  4

 78
1
 79
1
170
1
 48
1.0
171
1
  6

172
1
173
1
174
1
140
1.0
141
1.0
175
1
  7

176
1
177
1
178
1
143
1.0
179
1
  8

270
1
271
1
272
1
145
1.0
146
1.0
273
1
  9

274
1
275
1
276
1
 42
1.0
 72
1
  3

 73
1
 74
1
 75
1
 94
63
  0
MATERIAL
  5
20
102
{ACAD_REACTORS
330
E
102
}
330
E
100
AcDbMaterial
  1
ByLayer
  2

 70
0
 40
1.0
 71
1
 41
1.0
 91
-1023410177
 42
1.0
 72
1
  3

 73
1
 74
1
 75
1
 44
0.5
 73
0
 45
1.0
 46
1.0
 77
1
  4

 78
1
 79
1
170
1
 48
1.0
171
1
  6

172
1
173
1
174
1
140
1.0
141
1.0
175
1
  7

176
1
177
1
178
1
143
1.0
179
1
  8

270
1
271
1
272
1
145
1.0
146
1.0
273
1
  9

274
1
275
1
276
1
 42
1.0
 72
1
  3

 73
1
 74
1
 75
1
 94
63
  0
MATERIAL
  5
21
102
{ACAD_REACTORS
330
E
102
}
330
E
100
AcDbMaterial
  1
Global
  2

 70
0
 40
1.0
 71
1
 41
1.0
 91
-1023410177
 42
1.0
 72
1
  3

 73
1
 74
1
 75
1
 44
0.5
 73
0
 45
1.0
 46
1.0
 77
1
  4

 78
1
 79
1
170
1
 48
1.0
171
1
  6

172
1
173
1
174
1
140
1.0
141
1.0
175
1
  7

176
1
177
1
178
1
143
1.0
179
1
  8

270
1
271
1
272
1
145
1.0
146
1.0
273
1
  9

274
1
275
1
276
1
 42
1.0
 72
1
  3

 73
1
 74
1
 75
1
 94
63
  0
MLINESTYLE
  5
22
102
{ACAD_REACTORS
330
10
102
}
330
10
100
AcDbMlineStyle
  2
Standard
 70
0
  3

 62
256
 51
90.0
 52
90.0
 71
2
 49
0.5
 62
256
  6
BYLAYER
 49
-0.5
 62
256
  6
BYLAYER
  0
MLEADERSTYLE
  5
2C
102
{ACAD_REACTORS
330
F
102
}
330
F
100
AcDbMLeaderStyle
179
2
170
2
171
1
172
0
 90
2
 40
0.0
 41
0.0
173
1
 91
-1056964608
 92
-2
290
1
 42
2.0
291
1
 43
8.0
  3
Standard
 44
4.0
300

342
29
174
1
175
1
176
0
178
1
 93
-1056964608
 45
4.0
292
0
297
0
 46
4.0
 94
-1056964608
 47
1.0
 49
1.0
140
1.0
294
1
141
0.0
177
0
142
1.0
295
0
296
0
143
3.75
271
0
272
9
273
9
  0
DICTIONARY
  5
2D
330
A
100
AcDbDictionary
280
1
281
1
  3
CREATED_BY_EZDXF
350
2E
  3
WRITTEN_BY_EZDXF
350
28C
  0
DICTIONARYVAR
  5
2E
330
2D
100
DictionaryVariables
280
0
  1
1.4.3 @ 2026-06-10T04:19:22.321674+00:00
  0
DICTIONARYVAR
  5
28C
330
2D
100
DictionaryVariables
280
0
  1
1.4.3 @ 2026-06-10T04:19:22.340665+00:00
  0
ENDSEC
  0
EOF
