  0
SECTION
  2
HEADER
  9
$ACADVER
  1
AC1024
  9
$ACADMAINTVER
 70
6
  9
$DWGCODEPAGE
  3
ANSI_1252
  9
$LASTSAVEDBY
  1
ezdxf
  9
$INSBASE
 10
0.0
 20
0.0
 30
0.0
  9
$EXTMIN
 10
1e+20
 20
1e+20
 30
1e+20
  9
$EXTMAX
 10
-1e+20
 20
-1e+20
 30
-1e+20
  9
$LIMMIN
 10
0.0
 20
0.0
  9
$LIMMAX
 10
420.0
 20
297.0
  9
$ORTHOMODE
 70
0
  9
$REGENMODE
 70
1
  9
$FILLMODE
 70
1
  9
$QTEXTMODE
 70
0
  9
$MIRRTEXT
 70
1
  9
$LTSCALE
 40
1.0
  9
$ATTMODE
 70
1
  9
$TEXTSIZE
 40
2.5
  9
$TRACEWID
 40
1.0
  9
$TEXTSTYLE
  7
Standard
  9
$CLAYER
  8
0
  9
$CELTYPE
  6
ByLayer
  9
$CECOLOR
 62
256
  9
$CELTSCALE
 40
1.0
  9
$DISPSILH
 70
0
  9
$DIMSCALE
 40
1.0
  9
$DIMASZ
 40
2.5
  9
$DIMEXO
 40
0.625
  9
$DIMDLI
 40
3.75
  9
$DIMRND
 40
0.0
  9
$DIMDLE
 40
0.0
  9
$DIMEXE
 40
1.25
  9
$DIMTP
 40
0.0
  9
$DIMTM
 40
0.0
  9
$DIMTXT
 40
2.5
  9
$DIMCEN
 40
2.5
  9
$DIMTSZ
 40
0.0
  9
$DIMTOL
 70
0
  9
$DIMLIM
 70
0
  9
$DIMTIH
 70
0
  9
$DIMTOH
 70
0
  9
$DIMSE1
 70
0
  9
$DIMSE2
 70
0
  9
$DIMTAD
 70
1
  9
$DIMZIN
 70
8
  9
$DIMBLK
  1

  9
$DIMASO
 70
1
  9
$DIMSHO
 70
1
  9
$DIMPOST
  1

  9
$DIMAPOST
  1

  9
$DIMALT
 70
0
  9
$DIMALTD
 70
3
  9
$DIMALTF
 40
0.03937007874
  9
$DIMLFAC
 40
1.0
  9
$DIMTOFL
 70
1
  9
$DIMTVP
 40
0.0
  9
$DIMTIX
 70
0
  9
$DIMSOXD
 70
0
  9
$DIMSAH
 70
0
  9
$DIMBLK1
  1

  9
$DIMBLK2
  1

  9
$DIMSTYLE
  2
ISO-25
  9
$DIMCLRD
 70
0
  9
$DIMCLRE
 70
0
  9
$DIMCLRT
 70
0
  9
$DIMTFAC
 40
1.0
  9
$DIMGAP
 40
0.625
  9
$DIMJUST
 70
0
  9
$DIMSD1
 70
0
  9
$DIMSD2
 70
0
  9
$DIMTOLJ
 70
0
  9
$DIMTZIN
 70
8
  9
$DIMALTZ
 70
0
  9
$DIMALTTZ
 70
0
  9
$DIMUPT
 70
0
  9
$DIMDEC
 70
2
  9
$DIMTDEC
 70
2
  9
$DIMALTU
 70
2
  9
$DIMALTTD
 70
3
  9
$DIMTXSTY
  7
Standard
  9
$DIMAUNIT
 70
0
  9
$DIMADEC
 70
0
  9
$DIMALTRND
 40
0.0
  9
$DIMAZIN
 70
0
  9
$DIMDSEP
 70
44
  9
$DIMATFIT
 70
3
  9
$DIMFRAC
 70
0
  9
$DIMLDRBLK
  1

  9
$DIMLUNIT
 70
2
  9
$DIMLWD
 70
-2
  9
$DIMLWE
 70
-2
  9
$DIMTMOVE
 70
0
  9
$DIMFXL
 40
1.0
  9
$DIMFXLON
 70
0
  9
$DIMJOGANG
 40
0.785398163397
  9
$DIMTFILL
 70
0
  9
$DIMTFILLCLR
 70
0
  9
$DIMARCSYM
 70
0
  9
$DIMLTYPE
  6

  9
$DIMLTEX1
  6

  9
$DIMLTEX2
  6

  9
$DIMTXTDIRECTION
 70
0
  9
$LUNITS
 70
2
  9
$LUPREC
 70
4
  9
$SKETCHINC
 40
1.0
  9
$FILLETRAD
 40
10.0
  9
$AUNITS
 70
0
  9
$AUPREC
 70
2
  9
$MENU
  1
.
  9
$ELEVATION
 40
0.0
  9
$PELEVATION
 40
0.0
  9
$THICKNESS
 40
0.0
  9
$LIMCHECK
 70
0
  9
$CHAMFERA
 40
0.0
  9
$CHAMFERB
 40
0.0
  9
$CHAMFERC
 40
0.0
  9
$CHAMFERD
 40
0.0
  9
$SKPOLY
 70
0
  9
$TDCREATE
 40
2461201.891400463
  9
$TDUCREATE
 40
2458532.153996898
  9
$TDUPDATE
 40
2461201.891400463
  9
$TDUUPDATE
 40
2458532.1544311
  9
$TDINDWG
 40
0.0
  9
$TDUSRTIMER
 40
0.0
  9
$USRTIMER
 70
1
  9
$ANGBASE
 50
0.0
  9
$ANGDIR
 70
0
  9
$PDMODE
 70
0
  9
$PDSIZE
 40
0.0
  9
$PLINEWID
 40
0.0
  9
$SPLFRAME
 70
0
  9
$SPLINETYPE
 70
6
  9
$SPLINESEGS
 70
8
  9
$HANDSEED
  5
369
  9
$SURFTAB1
 70
6
  9
$SURFTAB2
 70
6
  9
$SURFTYPE
 70
6
  9
$SURFU
 70
6
  9
$SURFV
 70
6
  9
$UCSBASE
  2

  9
$UCSNAME
  2

  9
$UCSORG
 10
0.0
 20
0.0
 30
0.0
  9
$UCSXDIR
 10
1.0
 20
0.0
 30
0.0
  9
$UCSYDIR
 10
0.0
 20
1.0
 30
0.0
  9
$UCSORTHOREF
  2

  9
$UCSORTHOVIEW
 70
0
  9
$UCSORGTOP
 10
0.0
 20
0.0
 30
0.0
  9
$UCSORGBOTTOM
 10
0.0
 20
0.0
 30
0.0
  9
$UCSORGLEFT
 10
0.0
 20
0.0
 30
0.0
  9
$UCSORGRIGHT
 10
0.0
 20
0.0
 30
0.0
  9
$UCSORGFRONT
 10
0.0
 20
0.0
 30
0.0
  9
$UCSORGBACK
 10
0.0
 20
0.0
 30
0.0
  9
$PUCSBASE
  2

  9
$PUCSNAME
  2

  9
$PUCSORG
 10
0.0
 20
0.0
 30
0.0
  9
$PUCSXDIR
 10
1.0
 20
0.0
 30
0.0
  9
$PUCSYDIR
 10
0.0
 20
1.0
 30
0.0
  9
$PUCSORTHOREF
  2

  9
$PUCSORTHOVIEW
 70
0
  9
$PUCSORGTOP
 10
0.0
 20
0.0
 30
0.0
  9
$PUCSORGBOTTOM
 10
0.0
 20
0.0
 30
0.0
  9
$PUCSORGLEFT
 10
0.0
 20
0.0
 30
0.0
  9
$PUCSORGRIGHT
 10
0.0
 20
0.0
 30
0.0
  9
$PUCSORGFRONT
 10
0.0
 20
0.0
 30
0.0
  9
$PUCSORGBACK
 10
0.0
 20
0.0
 30
0.0
  9
$USERI1
 70
0
  9
$USERI2
 70
0
  9
$USERI3
 70
0
  9
$USERI4
 70
0
  9
$USERI5
 70
0
  9
$USERR1
 40
0.0
  9
$USERR2
 40
0.0
  9
$USERR3
 40
0.0
  9
$USERR4
 40
0.0
  9
$USERR5
 40
0.0
  9
$WORLDVIEW
 70
1
  9
$SHADEDGE
 70
3
  9
$SHADEDIF
 70
70
  9
$TILEMODE
 70
1
  9
$MAXACTVP
 70
64
  9
$PINSBASE
 10
0.0
 20
0.0
 30
0.0
  9
$PLIMCHECK
 70
0
  9
$PEXTMIN
 10
1e+20
 20
1e+20
 30
1e+20
  9
$PEXTMAX
 10
-1e+20
 20
-1e+20
 30
-1e+20
  9
$PLIMMIN
 10
0.0
 20
0.0
  9
$PLIMMAX
 10
420.0
 20
297.0
  9
$UNITMODE
 70
0
  9
$VISRETAIN
 70
1
  9
$PLINEGEN
 70
0
  9
$PSLTSCALE
 70
1
  9
$TREEDEPTH
 70
3020
  9
$CMLSTYLE
  2
Standard
  9
$CMLJUST
 70
0
  9
$CMLSCALE
 40
20.0
  9
$PROXYGRAPHICS
 70
1
  9
$MEASUREMENT
 70
1
  9
$CELWEIGHT
370
-1
  9
$ENDCAPS
280
0
  9
$JOINSTYLE
280
0
  9
$LWDISPLAY
290
0
  9
$INSUNITS
 70
6
  9
$HYPERLINKBASE
  1

  9
$STYLESHEET
  1

  9
$XEDIT
290
1
  9
$CEPSNTYPE
380
0
  9
$PSTYLEMODE
290
1
  9
$FINGERPRINTGUID
  2
{881B984B-B079-4B49-B735-AD7F886D0722}
  9
$VERSIONGUID
  2
{B3A1BF93-F421-40DD-B316-836458718790}
  9
$EXTNAMES
290
1
  9
$PSVPSCALE
 40
0.0
  9
$OLESTARTUP
290
0
  9
$SORTENTS
280
127
  9
$INDEXCTL
280
0
  9
$HIDETEXT
280
1
  9
$XCLIPFRAME
280
1
  9
$HALOGAP
280
0
  9
$OBSCOLOR
 70
257
  9
$OBSLTYPE
280
0
  9
$INTERSECTIONDISPLAY
280
0
  9
$INTERSECTIONCOLOR
 70
257
  9
$DIMASSOC
280
2
  9
$PROJECTNAME
  1

  9
$CAMERADISPLAY
290
0
  9
$LENSLENGTH
 40
50.0
  9
$CAMERAHEIGHT
 40
0.0
  9
$STEPSPERSEC
 40
24.0
  9
$STEPSIZE
 40
100.0
  9
$3DDWFPREC
 40
2.0
  9
$PSOLWIDTH
 40
0.005
  9
$PSOLHEIGHT
 40
0.08
  9
$LOFTANG1
 40
1.570796326795
  9
$LOFTANG2
 40
1.570796326795
  9
$LOFTMAG1
 40
0.0
  9
$LOFTMAG2
 40
0.0
  9
$LOFTPARAM
 70
7
  9
$LOFTNORMALS
280
1
  9
$LATITUDE
 40
37.795
  9
$LONGITUDE
 40
-122.394
  9
$NORTHDIRECTION
 40
0.0
  9
$TIMEZONE
 70
-8000
  9
$LIGHTGLYPHDISPLAY
280
1
  9
$TILEMODELIGHTSYNCH
280
1
  9
$CMATERIAL
347
20
  9
$SOLIDHIST
280
0
  9
$SHOWHIST
280
1
  9
$DWFFRAME
280
2
  9
$DGNFRAME
280
2
  9
$REALWORLDSCALE
290
1
  9
$INTERFERECOLOR
 62
256
  9
$CSHADOW
280
0
  9
$SHADOWPLANELOCATION
 40
0.0
  0
ENDSEC
  0
SECTION
  2
CLASSES
  0
CLASS
  1
ACDBDICTIONARYWDFLT
  2
AcDbDictionaryWithDefault
  3
ObjectDBX Classes
 90
0
 91
0
280
0
281
0
  0
CLASS
  1
SUN
  2
AcDbSun
  3
SCENEOE
 90
1153
 91
0
280
0
281
0
  0
CLASS
  1
VISUALSTYLE
  2
AcDbVisualStyle
  3
ObjectDBX Classes
 90
4095
 91
0
280
0
281
0
  0
CLASS
  1
MATERIAL
  2
AcDbMaterial
  3
ObjectDBX Classes
 90
1153
 91
0
280
0
281
0
  0
CLASS
  1
SCALE
  2
AcDbScale
  3
ObjectDBX Classes
 90
1153
 91
0
280
0
281
0
  0
CLASS
  1
TABLESTYLE
  2
AcDbTableStyle
  3
ObjectDBX Classes
 90
4095
 91
0
280
0
281
0
  0
CLASS
  1
MLEADERSTYLE
  2
AcDbMLeaderStyle
  3
ACDB_MLEADERSTYLE_CLASS
 90
4095
 91
0
280
0
281
0
  0
CLASS
  1
DICTIONARYVAR
  2
AcDbDictionaryVar
  3
ObjectDBX Classes
 90
0
 91
0
280
0
281
0
  0
CLASS
  1
CELLSTYLEMAP
  2
AcDbCellStyleMap
  3
ObjectDBX Classes
 90
1152
 91
0
280
0
281
0
  0
CLASS
  1
MENTALRAYRENDERSETTINGS
  2
AcDbMentalRayRenderSettings
  3
SCENEOE
 90
1024
 91
0
280
0
281
0
  0
CLASS
  1
ACDBDETAILVIEWSTYLE
  2
AcDbDetailViewStyle
  3
ObjectDBX Classes
 90
1025
 91
0
280
0
281
0
  0
CLASS
  1
ACDBSECTIONVIEWSTYLE
  2
AcDbSectionViewStyle
  3
ObjectDBX Classes
 90
1025
 91
0
280
0
281
0
  0
CLASS
  1
RASTERVARIABLES
  2
AcDbRasterVariables
  3
ISM
 90
0
 91
0
280
0
281
0
  0
CLASS
  1
LAYOUT
  2
AcDbLayout
  3
ObjectDBX Classes
 90
0
 91
0
280
0
281
0
  0
CLASS
  1
ACDBPLACEHOLDER
  2
AcDbPlaceHolder
  3
ObjectDBX Classes
 90
0
 91
0
280
0
281
0
  0
ENDSEC
  0
SECTION
  2
TABLES
  0
TABLE
  2
VPORT
  5
8
330
0
100
AcDbSymbolTable
 70
1
  0
VPORT
  5
23
330
8
100
AcDbSymbolTableRecord
100
AcDbViewportTableRecord
  2
*Active
 70
0
 10
0.0
 20
0.0
 11
1.0
 21
1.0
 12
0.0
 22
0.0
 13
0.0
 23
0.0
 14
0.5
 24
0.5
 15
0.5
 25
0.5
 16
0.0
 26
0.0
 36
1.0
 17
0.0
 27
0.0
 37
0.0
 40
1000.0
 41
1.34
 42
50.0
 43
0.0
 44
0.0
 50
0.0
 51
0.0
 71
0
 72
1000
 73
1
 74
3
 75
0
 76
0
 77
0
 78
0
281
0
 65
0
146
0.0
  0
ENDTAB
  0
TABLE
  2
LTYPE
  5
2
330
0
100
AcDbSymbolTable
 70
3
  0
LTYPE
  5
24
330
2
100
AcDbSymbolTableRecord
100
AcDbLinetypeTableRecord
  2
ByBlock
 70
0
  3

 72
65
 73
0
 40
0.0
  0
LTYPE
  5
25
330
2
100
AcDbSymbolTableRecord
100
AcDbLinetypeTableRecord
  2
ByLayer
 70
0
  3

 72
65
 73
0
 40
0.0
  0
LTYPE
  5
26
330
2
100
AcDbSymbolTableRecord
100
AcDbLinetypeTableRecord
  2
Continuous
 70
0
  3

 72
65
 73
0
 40
0.0
  0
ENDTAB
  0
TABLE
  2
LAYER
  5
1
330
0
100
AcDbSymbolTable
 70
16
  0
LAYER
  5
27
330
1
100
AcDbSymbolTableRecord
100
AcDbLayerTableRecord
  2
0
 70
0
 62
7
  6
Continuous
370
-3
390
13
347
21
  0
LAYER
  5
28
330
1
100
AcDbSymbolTableRecord
100
AcDbLayerTableRecord
  2
Defpoints
 70
0
 62
7
  6
Continuous
290
0
370
-3
390
13
347
21
  0
LAYER
  5
2F
330
1
100
AcDbSymbolTableRecord
100
AcDbLayerTableRecord
  2
CHAPA
 70
0
 62
7
  6
Continuous
370
-3
390
13
347
21
  0
LAYER
  5
30
330
1
100
AcDbSymbolTableRecord
100
AcDbLayerTableRecord
  2
NOMENCLATURA
 70
0
 62
7
  6
Continuous
370
-3
390
13
347
21
  0
LAYER
  5
31
330
1
100
AcDbSymbolTableRecord
100
AcDbLayerTableRecord
  2
00 - FELIPE
 70
0
 62
7
  6
Continuous
370
-3
390
13
347
21
  0
LAYER
  5
32
330
1
100
AcDbSymbolTableRecord
100
AcDbLayerTableRecord
  2
Texto Seção
 70
0
 62
7
  6
Continuous
370
-3
390
13
347
21
  0
LAYER
  5
33
330
1
100
AcDbSymbolTableRecord
100
AcDbLayerTableRecord
  2
NIVEL 2° PAV.
 70
0
 62
7
  6
Continuous
370
-3
390
13
347
21
  0
LAYER
  5
34
330
1
100
AcDbSymbolTableRecord
100
AcDbLayerTableRecord
  2
Nível
 70
0
 62
7
  6
Continuous
370
-3
390
13
347
21
  0
LAYER
  5
35
330
1
100
AcDbSymbolTableRecord
100
AcDbLayerTableRecord
  2
TEXTO_GERAL
 70
0
 62
7
  6
Continuous
370
-3
390
13
347
21
  0
LAYER
  5
36
330
1
100
AcDbSymbolTableRecord
100
AcDbLayerTableRecord
  2
Painéis
 70
0
 62
7
  6
Continuous
370
-3
390
13
347
21
  0
LAYER
  5
37
330
1
100
AcDbSymbolTableRecord
100
AcDbLayerTableRecord
  2
Hachura
 70
0
 62
7
  6
Continuous
370
-3
390
13
347
21
  0
LAYER
  5
38
330
1
100
AcDbSymbolTableRecord
100
AcDbLayerTableRecord
  2
SARR_2.2x7
 70
0
 62
7
  6
Continuous
370
-3
390
13
347
21
  0
LAYER
  5
39
330
1
100
AcDbSymbolTableRecord
100
AcDbLayerTableRecord
  2
Madeira
 70
0
 62
7
  6
Continuous
370
-3
390
13
347
21
  0
LAYER
  5
3A
330
1
100
AcDbSymbolTableRecord
100
AcDbLayerTableRecord
  2
SARRAFO
 70
0
 62
7
  6
Continuous
370
-3
390
13
347
21
  0
LAYER
  5
3B
330
1
100
AcDbSymbolTableRecord
100
AcDbLayerTableRecord
  2
Perfil Metálico
 70
0
 62
7
  6
Continuous
370
-3
390
13
347
21
  0
LAYER
  5
3C
330
1
100
AcDbSymbolTableRecord
100
AcDbLayerTableRecord
  2
COTA
 70
0
 62
7
  6
Continuous
370
-3
390
13
347
21
  0
ENDTAB
  0
TABLE
  2
STYLE
  5
5
330
0
100
AcDbSymbolTable
 70
1
  0
STYLE
  5
29
330
5
100
AcDbSymbolTableRecord
100
AcDbTextStyleTableRecord
  2
Standard
 70
0
 40
0.0
 41
1.0
 50
0.0
 71
0
 42
2.5
  3
txt
  4

  0
ENDTAB
  0
TABLE
  2
VIEW
  5
7
330
0
100
AcDbSymbolTable
 70
0
  0
ENDTAB
  0
TABLE
  2
UCS
  5
6
330
0
100
AcDbSymbolTable
 70
0
  0
ENDTAB
  0
TABLE
  2
APPID
  5
3
330
0
100
AcDbSymbolTable
 70
3
  0
APPID
  5
2A
330
3
100
AcDbSymbolTableRecord
100
AcDbRegAppTableRecord
  2
ACAD
 70
0
  0
APPID
  5
366
330
3
100
AcDbSymbolTableRecord
100
AcDbRegAppTableRecord
  2
HATCHBACKGROUNDCOLOR
 70
0
  0
APPID
  5
367
330
3
100
AcDbSymbolTableRecord
100
AcDbRegAppTableRecord
  2
EZDXF
 70
0
  0
ENDTAB
  0
TABLE
  2
DIMSTYLE
  5
4
330
0
100
AcDbSymbolTable
 70
1
100
AcDbDimStyleTable
  0
DIMSTYLE
105
2B
330
4
100
AcDbSymbolTableRecord
100
AcDbDimStyleTableRecord
  2
Standard
 70
0
 40
1.0
 41
2.5
 42
0.625
 43
3.75
 44
1.25
 45
0.0
 46
0.0
 47
0.0
 48
0.0
 49
2.5
140
2.5
141
2.5
142
0.0
143
0.03937007874
144
1.0
145
0.0
146
1.0
147
0.625
148
0.0
 69
0
 70
0
 71
0
 72
0
 73
0
 74
0
 75
0
 76
0
 77
1
 78
8
 79
3
170
0
171
3
172
1
173
0
174
0
175
0
176
0
177
0
178
0
179
2
271
2
272
2
273
2
274
3
275
0
276
0
277
2
278
44
279
0
280
0
281
0
282
0
283
0
284
8
285
0
286
0
288
0
289
3
290
0
371
-2
372
-2
  0
ENDTAB
  0
TABLE
  2
BLOCK_RECORD
  5
9
330
0
100
AcDbSymbolTable
 70
2
  0
BLOCK_RECORD
  5
17
330
9
100
AcDbSymbolTableRecord
100
AcDbBlockTableRecord
  2
*Model_Space
340
1A
 70
0
280
1
281
0
  0
BLOCK_RECORD
  5
1B
330
9
100
AcDbSymbolTableRecord
100
AcDbBlockTableRecord
  2
*Paper_Space
340
1E
 70
0
280
1
281
0
  0
ENDTAB
  0
ENDSEC
  0
SECTION
  2
BLOCKS
  0
BLOCK
  5
18
330
17
100
AcDbEntity
  8
0
100
AcDbBlockBegin
  2
*Model_Space
 70
0
 10
0.0
 20
0.0
 30
0.0
  3
*Model_Space
  1

  0
ENDBLK
  5
19
330
17
100
AcDbEntity
  8
0
100
AcDbBlockEnd
  0
BLOCK
  5
1C
330
1B
100
AcDbEntity
  8
0
100
AcDbBlockBegin
  2
*Paper_Space
 70
0
 10
0.0
 20
0.0
 30
0.0
  3
*Paper_Space
  1

  0
ENDBLK
  5
1D
330
1B
100
AcDbEntity
  8
0
100
AcDbBlockEnd
  0
ENDSEC
  0
SECTION
  2
ENTITIES
  0
LINE
  5
3D
330
17
100
AcDbEntity
  8
Hachura
 62
251
370
9
100
AcDbLine
 10
7860.369284486871
 20
11404.95944783914
 30
0.0
 11
7728.56891735935
 21
11404.95090662826
 31
0.0
  0
LINE
  5
3E
330
17
100
AcDbEntity
  8
Hachura
 62
251
370
9
100
AcDbLine
 10
7860.369284486871
 20
11584.96058062369
 30
0.0
 11
7728.56891735935
 21
11584.96912183454
 31
0.0
  0
LINE
  5
3F
330
17
100
AcDbEntity
  8
Hachura
 62
251
370
9
100
AcDbLine
 10
7860.369284486871
 20
11488.96027465023
 30
0.0
 11
7728.56891735935
 21
11488.96881586111
 31
0.0
  0
LINE
  5
40
330
17
100
AcDbEntity
  8
Nível
 62
4
370
25
100
AcDbLine
 10
8116.40177517126
 20
11039.24834731329
 30
0.0
 11
8956.236578935095
 21
11039.24834731329
 31
0.0
  0
LINE
  5
41
330
17
100
AcDbEntity
  8
SARR_2.2x7
 62
40
370
25
100
AcDbLine
 10
8216.03199340494
 20
11041.24834731329
 30
0.0
 11
8216.03199340494
 21
11163.24834731329
 31
0.0
  0
LINE
  5
42
330
17
100
AcDbEntity
  8
SARR_2.2x7
 62
40
370
25
100
AcDbLine
 10
8216.031993404824
 20
11163.2483473133
 30
0.0
 11
8216.031993404866
 21
11236.24834731333
 31
0.0
  0
LINE
  5
43
330
17
100
AcDbEntity
  8
SARR_2.2x7
 62
40
370
25
100
AcDbLine
 10
8290.031993404882
 20
11041.2483473133
 30
0.0
 11
8290.031993404882
 21
11163.24834731329
 31
0.0
  0
LINE
  5
44
330
17
100
AcDbEntity
  8
SARR_2.2x7
 62
40
370
25
100
AcDbLine
 10
8290.031993404766
 20
11163.2483473133
 30
0.0
 11
8290.03199340485
 21
11236.24834731333
 31
0.0
  0
LINE
  5
45
330
17
100
AcDbEntity
  8
SARR_2.2x7
 62
40
370
25
100
AcDbLine
 10
8829.110206694811
 20
11236.24834731332
 30
0.0
 11
8829.110206694873
 21
11041.24834731329
 31
0.0
  0
LINE
  5
46
330
17
100
AcDbEntity
  8
SARR_2.2x7
 62
40
370
25
100
AcDbLine
 10
8824.110206694875
 20
11236.24834731332
 30
0.0
 11
8824.110206694815
 21
11041.24834731329
 31
0.0
  0
LINE
  5
47
330
17
100
AcDbEntity
  8
COTA
 62
241
370
25
100
AcDbLine
 10
8297.03199340477
 20
11236.24834731332
 30
0.0
 11
8297.031993404684
 21
11360.24834731329
 31
0.0
  0
LINE
  5
48
330
17
100
AcDbEntity
  8
COTA
 62
241
370
25
100
AcDbLine
 10
8297.031993404684
 20
11360.24834731329
 30
0.0
 11
8209.031993404682
 21
11360.24834731329
 31
0.0
  0
LINE
  5
49
330
17
100
AcDbEntity
  8
COTA
 62
241
370
25
100
AcDbLine
 10
8209.03199340477
 20
11236.24834731329
 30
0.0
 11
8209.031993404682
 21
11360.24834731329
 31
0.0
  0
LINE
  5
4A
330
17
100
AcDbEntity
  8
Painéis
 62
200
370
25
100
AcDbLine
 10
8817.110206694844
 20
11041.24834731329
 30
0.0
 11
8836.110206694844
 21
11041.24834731329
 31
0.0
  0
LINE
  5
4B
330
17
100
AcDbEntity
  8
Painéis
 62
200
370
25
100
AcDbLine
 10
8836.110206694844
 20
11041.24834731329
 30
0.0
 11
8836.11020669484
 21
11236.24834731332
 31
0.0
  0
LINE
  5
4C
330
17
100
AcDbEntity
  8
Painéis
 62
200
370
25
100
AcDbLine
 10
8817.110206694844
 20
11236.24834731333
 30
0.0
 11
8817.110206694844
 21
11041.24834731329
 31
0.0
  0
LINE
  5
4D
330
17
100
AcDbEntity
  8
Painéis
 62
200
370
25
100
AcDbLine
 10
8297.03199340494
 20
11039.24834731278
 30
0.0
 11
8297.03199340494
 21
11236.24834731333
 31
0.0
  0
LINE
  5
4E
330
17
100
AcDbEntity
  8
Painéis
 62
200
370
25
100
AcDbLine
 10
8209.03199340494
 20
11236.24834731333
 30
0.0
 11
8209.031993404937
 21
11039.24834731281
 31
0.0
  0
LINE
  5
4F
330
17
100
AcDbEntity
  8
Painéis
 62
200
370
25
100
AcDbLine
 10
8209.031993404937
 20
11041.24834731329
 30
0.0
 11
8297.03199340494
 21
11041.24834731329
 31
0.0
  0
LINE
  5
50
330
17
100
AcDbEntity
  8
SARR_2.2x7
 62
40
370
25
100
AcDbLine
 10
8459.064297573663
 20
11041.24834731329
 30
0.0
 11
8459.064297573663
 21
11163.24834731329
 31
0.0
  0
LINE
  5
51
330
17
100
AcDbEntity
  8
SARR_2.2x7
 62
40
370
25
100
AcDbLine
 10
8459.064297573545
 20
11163.2483473133
 30
0.0
 11
8459.064297573588
 21
11236.24834731332
 31
0.0
  0
LINE
  5
52
330
17
100
AcDbEntity
  8
SARR_2.2x7
 62
40
370
25
100
AcDbLine
 10
8533.064297573605
 20
11041.2483473133
 30
0.0
 11
8533.064297573605
 21
11163.24834731329
 31
0.0
  0
LINE
  5
53
330
17
100
AcDbEntity
  8
SARR_2.2x7
 62
40
370
25
100
AcDbLine
 10
8533.064297573488
 20
11163.2483473133
 30
0.0
 11
8533.064297573572
 21
11236.24834731332
 31
0.0
  0
LINE
  5
54
330
17
100
AcDbEntity
  8
Painéis
 62
200
370
25
100
AcDbLine
 10
8540.064297573663
 20
11039.24834731278
 30
0.0
 11
8540.064297573548
 21
11236.24834731333
 31
0.0
  0
LINE
  5
55
330
17
100
AcDbEntity
  8
Painéis
 62
200
370
25
100
AcDbLine
 10
8452.064297573663
 20
11236.24834731333
 30
0.0
 11
8452.06429757366
 21
11039.24834731281
 31
0.0
  0
LINE
  5
56
330
17
100
AcDbEntity
  8
Painéis
 62
200
370
25
100
AcDbLine
 10
8452.06429757366
 20
11041.24834731329
 30
0.0
 11
8540.064297573663
 21
11041.24834731329
 31
0.0
  0
LINE
  5
57
330
17
100
AcDbEntity
  8
Painéis
 62
200
370
25
100
AcDbLine
 10
8817.110206694844
 20
11236.24834731333
 30
0.0
 11
8836.11020669484
 21
11236.24834731332
 31
0.0
  0
LINE
  5
58
330
17
100
AcDbEntity
  8
Painéis
 62
200
370
25
100
AcDbLine
 10
8297.03199340494
 20
11236.24834731333
 30
0.0
 11
8209.03199340494
 21
11236.24834731333
 31
0.0
  0
LINE
  5
59
330
17
100
AcDbEntity
  8
Painéis
 62
200
370
25
100
AcDbLine
 10
8297.031993404882
 20
11163.24834731329
 30
0.0
 11
8209.031993404884
 21
11163.24834731329
 31
0.0
  0
LINE
  5
5A
330
17
100
AcDbEntity
  8
Painéis
 62
200
370
25
100
AcDbLine
 10
8540.064297573663
 20
11236.24834731333
 30
0.0
 11
8452.064297573663
 21
11236.24834731333
 31
0.0
  0
LINE
  5
5B
330
17
100
AcDbEntity
  8
Painéis
 62
200
370
25
100
AcDbLine
 10
8540.064297573663
 20
11163.24834731329
 30
0.0
 11
8452.064297573663
 21
11163.24834731329
 31
0.0
  0
LINE
  5
5C
330
17
100
AcDbEntity
  8
Nível
 62
4
370
25
100
AcDbLine
 10
8014.21579093008
 20
11360.24834731329
 30
0.0
 11
8956.236578935095
 21
11360.24834731329
 31
0.0
  0
LINE
  5
5D
330
17
100
AcDbEntity
  8
COTA
 62
241
370
25
100
AcDbLine
 10
8540.064297573663
 20
11236.24834731332
 30
0.0
 11
8540.064297573575
 21
11360.24834731329
 31
0.0
  0
LINE
  5
5E
330
17
100
AcDbEntity
  8
COTA
 62
241
370
25
100
AcDbLine
 10
8540.064297573575
 20
11360.24834731329
 30
0.0
 11
8452.064297573575
 21
11360.24834731329
 31
0.0
  0
LINE
  5
5F
330
17
100
AcDbEntity
  8
COTA
 62
241
370
25
100
AcDbLine
 10
8452.064297573663
 20
11236.24834731329
 30
0.0
 11
8452.064297573575
 21
11360.24834731329
 31
0.0
  0
LINE
  5
60
330
17
100
AcDbEntity
  8
SARR_2.2x7
 62
40
370
25
100
AcDbLine
 10
8677.614501352102
 20
11260.24834731332
 30
0.0
 11
8677.614501352153
 21
11041.24834731329
 31
0.0
  0
LINE
  5
61
330
17
100
AcDbEntity
  8
SARR_2.2x7
 62
40
370
25
100
AcDbLine
 10
8672.614501352145
 20
11260.24834731333
 30
0.0
 11
8672.614501352095
 21
11041.24834731329
 31
0.0
  0
LINE
  5
62
330
17
100
AcDbEntity
  8
Painéis
 62
200
370
25
100
AcDbLine
 10
8665.614501352124
 20
11041.24834731329
 30
0.0
 11
8684.614501352124
 21
11041.24834731329
 31
0.0
  0
LINE
  5
63
330
17
100
AcDbEntity
  8
Painéis
 62
200
370
25
100
AcDbLine
 10
8684.614501352124
 20
11041.24834731329
 30
0.0
 11
8684.61450135212
 21
11301.24834731333
 31
0.0
  0
LINE
  5
64
330
17
100
AcDbEntity
  8
Painéis
 62
200
370
25
100
AcDbLine
 10
8665.614501352124
 20
11301.24834731333
 30
0.0
 11
8665.614501352124
 21
11041.24834731329
 31
0.0
  0
LINE
  5
65
330
17
100
AcDbEntity
  8
Painéis
 62
200
370
25
100
AcDbLine
 10
8665.614501352124
 20
11301.24834731333
 30
0.0
 11
8684.61450135212
 21
11301.24834731332
 31
0.0
  0
LINE
  5
66
330
17
100
AcDbEntity
  8
Painéis
 62
200
370
25
100
AcDbLine
 10
8665.614501352124
 20
11260.24834731333
 30
0.0
 11
8684.61450135212
 21
11260.24834731332
 31
0.0
  0
LINE
  5
67
330
17
100
AcDbEntity
  8
SARR_2.2x7
 62
40
370
25
100
AcDbLine
 10
8672.614501352145
 20
11260.24834731333
 30
0.0
 11
8672.614501352167
 21
11301.24834731333
 31
0.0
  0
LINE
  5
68
330
17
100
AcDbEntity
  8
SARR_2.2x7
 62
40
370
25
100
AcDbLine
 10
8677.614501352102
 20
11260.24834731332
 30
0.0
 11
8677.614501352093
 21
11301.24834731332
 31
0.0
  0
LINE
  5
69
330
17
100
AcDbEntity
  8
COTA
 62
180
370
25
100
AcDbLine
 10
7804.023341115788
 20
11487.51169263687
 30
0.0
 11
7804.023341115788
 21
11506.51169263687
 31
0.0
  0
LINE
  5
6A
330
17
100
AcDbEntity
  8
COTA
 62
180
370
25
100
AcDbLine
 10
7804.023341115788
 20
11506.51169263687
 30
0.0
 11
7789.023341115788
 21
11506.51169263687
 31
0.0
  0
LINE
  5
6B
330
17
100
AcDbEntity
  8
COTA
 62
180
370
25
100
AcDbLine
 10
7789.023341115788
 20
11506.51169263687
 30
0.0
 11
7789.023341115788
 21
11487.51169263687
 31
0.0
  0
LINE
  5
6C
330
17
100
AcDbEntity
  8
COTA
 62
180
370
25
100
AcDbLine
 10
7789.023341115788
 20
11487.51169263687
 30
0.0
 11
7804.023341115788
 21
11487.51169263687
 31
0.0
  0
LINE
  5
6D
330
17
100
AcDbEntity
  8
COTA
 62
241
370
25
100
AcDbLine
 10
7818.568917237467
 20
11406.96001425585
 30
0.0
 11
7903.975933885852
 21
11406.96001425585
 31
0.0
  0
LINE
  5
6E
330
17
100
AcDbEntity
  8
COTA
 62
241
370
25
100
AcDbLine
 10
7818.568917212437
 20
11582.9600142112
 30
0.0
 11
7903.975933885852
 21
11582.9600142112
 31
0.0
  0
LINE
  5
6F
330
17
100
AcDbEntity
  8
COTA
 62
241
370
25
100
AcDbLine
 10
7900.975933885852
 20
11406.96001425585
 30
0.0
 11
7900.975933885852
 21
11582.9600142112
 31
0.0
  0
LINE
  5
70
330
17
100
AcDbEntity
  8
COTA
 62
0
370
25
100
AcDbLine
 10
7899.475933885852
 20
11408.46001425585
 30
0.0
 11
7902.475933885852
 21
11405.46001425585
 31
0.0
  0
LINE
  5
71
330
17
100
AcDbEntity
  8
COTA
 62
0
370
25
100
AcDbLine
 10
7902.475933885852
 20
11581.4600142112
 30
0.0
 11
7899.475933885852
 21
11584.4600142112
 31
0.0
  0
LINE
  5
72
330
17
100
AcDbEntity
  8
COTA
 62
241
370
25
100
AcDbLine
 10
7852.56891728147
 20
11406.96001425585
 30
0.0
 11
7880.294284774826
 21
11406.96001425585
 31
0.0
  0
LINE
  5
73
330
17
100
AcDbEntity
  8
COTA
 62
241
370
25
100
AcDbLine
 10
7864.369284486904
 20
11489.02806918123
 30
0.0
 11
7880.294284774826
 21
11489.02806918123
 31
0.0
  0
LINE
  5
74
330
17
100
AcDbEntity
  8
COTA
 62
241
370
25
100
AcDbLine
 10
7877.294284774825
 20
11406.96001425585
 30
0.0
 11
7877.294284774825
 21
11489.02806918123
 31
0.0
  0
LINE
  5
75
330
17
100
AcDbEntity
  8
COTA
 62
0
370
25
100
AcDbLine
 10
7875.794284774825
 20
11408.46001425585
 30
0.0
 11
7878.794284774825
 21
11405.46001425585
 31
0.0
  0
LINE
  5
76
330
17
100
AcDbEntity
  8
COTA
 62
0
370
25
100
AcDbLine
 10
7878.794284774825
 20
11487.52806918123
 30
0.0
 11
7875.794284774825
 21
11490.52806918123
 31
0.0
  0
LINE
  5
77
330
17
100
AcDbEntity
  8
COTA
 62
241
370
25
100
AcDbLine
 10
7852.56891728147
 20
11582.9600142112
 30
0.0
 11
7880.294284774797
 21
11582.9600142112
 31
0.0
  0
LINE
  5
78
330
17
100
AcDbEntity
  8
COTA
 62
241
370
25
100
AcDbLine
 10
7864.369284486904
 20
11489.02806918123
 30
0.0
 11
7880.294284774797
 21
11489.02806918123
 31
0.0
  0
LINE
  5
79
330
17
100
AcDbEntity
  8
COTA
 62
241
370
25
100
AcDbLine
 10
7877.294284774797
 20
11582.9600142112
 30
0.0
 11
7877.294284774797
 21
11489.02806918123
 31
0.0
  0
LINE
  5
7A
330
17
100
AcDbEntity
  8
COTA
 62
0
370
25
100
AcDbLine
 10
7878.794284774797
 20
11581.4600142112
 30
0.0
 11
7875.794284774797
 21
11584.4600142112
 31
0.0
  0
LINE
  5
7B
330
17
100
AcDbEntity
  8
COTA
 62
0
370
25
100
AcDbLine
 10
7875.794284774797
 20
11490.52806918123
 30
0.0
 11
7878.794284774797
 21
11487.52806918123
 31
0.0
  0
LINE
  5
7C
330
17
100
AcDbEntity
  8
COTA
 62
180
370
25
100
AcDbLine
 10
7788.283825856932
 20
11435.95769982926
 30
0.0
 11
7806.283825856931
 21
11435.95769982926
 31
0.0
  0
LINE
  5
7D
330
17
100
AcDbEntity
  8
COTA
 62
180
370
25
100
AcDbLine
 10
7806.283825856931
 20
11435.95769982926
 30
0.0
 11
7806.283825856931
 21
11450.95769982926
 31
0.0
  0
LINE
  5
7E
330
17
100
AcDbEntity
  8
COTA
 62
180
370
25
100
AcDbLine
 10
7806.283825856931
 20
11450.95769982926
 30
0.0
 11
7788.283825856932
 21
11450.95769982926
 31
0.0
  0
LINE
  5
7F
330
17
100
AcDbEntity
  8
COTA
 62
180
370
25
100
AcDbLine
 10
7788.283825856932
 20
11450.95769982926
 30
0.0
 11
7788.283825856932
 21
11435.95769982926
 31
0.0
  0
LINE
  5
80
330
17
100
AcDbEntity
  8
COTA
 62
241
370
25
100
AcDbLine
 10
7752.568917322974
 20
11406.96001425585
 30
0.0
 11
7692.007537535625
 21
11406.96001425585
 31
0.0
  0
LINE
  5
81
330
17
100
AcDbEntity
  8
COTA
 62
241
370
25
100
AcDbLine
 10
7752.568917322974
 20
11582.9600142112
 30
0.0
 11
7692.007537535625
 21
11582.9600142112
 31
0.0
  0
LINE
  5
82
330
17
100
AcDbEntity
  8
COTA
 62
241
370
25
100
AcDbLine
 10
7695.007537535625
 20
11406.96001425585
 30
0.0
 11
7695.007537535625
 21
11582.9600142112
 31
0.0
  0
LINE
  5
83
330
17
100
AcDbEntity
  8
COTA
 62
0
370
25
100
AcDbLine
 10
7693.507537535625
 20
11408.46001425585
 30
0.0
 11
7696.507537535625
 21
11405.46001425585
 31
0.0
  0
LINE
  5
84
330
17
100
AcDbEntity
  8
COTA
 62
0
370
25
100
AcDbLine
 10
7696.507537535625
 20
11581.4600142112
 30
0.0
 11
7693.507537535625
 21
11584.4600142112
 31
0.0
  0
LINE
  5
85
330
17
100
AcDbEntity
  8
COTA
 62
241
370
25
100
AcDbLine
 10
7752.557305017091
 20
11582.93765339138
 30
0.0
 11
7716.940291993407
 21
11582.93765339138
 31
0.0
  0
LINE
  5
86
330
17
100
AcDbEntity
  8
COTA
 62
241
370
25
100
AcDbLine
 10
7752.557305017091
 20
11538.94460079626
 30
0.0
 11
7716.940291993407
 21
11538.94460079626
 31
0.0
  0
LINE
  5
87
330
17
100
AcDbEntity
  8
COTA
 62
241
370
25
100
AcDbLine
 10
7719.940291993407
 20
11582.93765339138
 30
0.0
 11
7719.940291993407
 21
11538.94460079626
 31
0.0
  0
LINE
  5
88
330
17
100
AcDbEntity
  8
COTA
 62
0
370
25
100
AcDbLine
 10
7721.440291993407
 20
11581.43765339138
 30
0.0
 11
7718.440291993407
 21
11584.43765339138
 31
0.0
  0
LINE
  5
89
330
17
100
AcDbEntity
  8
COTA
 62
0
370
25
100
AcDbLine
 10
7718.440291993407
 20
11540.44460079626
 30
0.0
 11
7721.440291993407
 21
11537.44460079626
 31
0.0
  0
LINE
  5
8A
330
17
100
AcDbEntity
  8
COTA
 62
241
370
25
100
AcDbLine
 10
7752.557305017098
 20
11538.94460080817
 30
0.0
 11
7716.940291993873
 21
11538.94460080817
 31
0.0
  0
LINE
  5
8B
330
17
100
AcDbEntity
  8
COTA
 62
241
370
25
100
AcDbLine
 10
7752.557305017091
 20
11494.94114783329
 30
0.0
 11
7716.940291993873
 21
11494.94114783329
 31
0.0
  0
LINE
  5
8C
330
17
100
AcDbEntity
  8
COTA
 62
241
370
25
100
AcDbLine
 10
7719.940291993873
 20
11538.94460080817
 30
0.0
 11
7719.940291993873
 21
11494.94114783329
 31
0.0
  0
LINE
  5
8D
330
17
100
AcDbEntity
  8
COTA
 62
0
370
25
100
AcDbLine
 10
7721.440291993873
 20
11537.44460080817
 30
0.0
 11
7718.440291993873
 21
11540.44460080817
 31
0.0
  0
LINE
  5
8E
330
17
100
AcDbEntity
  8
COTA
 62
0
370
25
100
AcDbLine
 10
7718.440291993873
 20
11496.44114783329
 30
0.0
 11
7721.440291993873
 21
11493.44114783329
 31
0.0
  0
LINE
  5
8F
330
17
100
AcDbEntity
  8
COTA
 62
241
370
25
100
AcDbLine
 10
7752.557305017091
 20
11494.94114783329
 30
0.0
 11
7716.940291994106
 21
11494.94114783329
 31
0.0
  0
LINE
  5
90
330
17
100
AcDbEntity
  8
COTA
 62
241
370
25
100
AcDbLine
 10
7752.557305081438
 20
11450.94467603216
 30
0.0
 11
7716.940291994106
 21
11450.94467603216
 31
0.0
  0
LINE
  5
91
330
17
100
AcDbEntity
  8
COTA
 62
241
370
25
100
AcDbLine
 10
7719.940291994106
 20
11494.94114783329
 30
0.0
 11
7719.940291994106
 21
11450.94467603216
 31
0.0
  0
LINE
  5
92
330
17
100
AcDbEntity
  8
COTA
 62
0
370
25
100
AcDbLine
 10
7721.440291994106
 20
11493.44114783329
 30
0.0
 11
7718.440291994106
 21
11496.44114783329
 31
0.0
  0
LINE
  5
93
330
17
100
AcDbEntity
  8
COTA
 62
0
370
25
100
AcDbLine
 10
7718.440291994106
 20
11452.44467603216
 30
0.0
 11
7721.440291994106
 21
11449.44467603216
 31
0.0
  0
LINE
  5
94
330
17
100
AcDbEntity
  8
COTA
 62
241
370
25
100
AcDbLine
 10
7752.557305081438
 20
11450.94467603216
 30
0.0
 11
7716.940291993997
 21
11450.94467603216
 31
0.0
  0
LINE
  5
95
330
17
100
AcDbEntity
  8
COTA
 62
241
370
25
100
AcDbLine
 10
7752.557305017119
 20
11406.94464227524
 30
0.0
 11
7716.940291993997
 21
11406.94464227524
 31
0.0
  0
LINE
  5
96
330
17
100
AcDbEntity
  8
COTA
 62
241
370
25
100
AcDbLine
 10
7719.940291993997
 20
11450.94467603216
 30
0.0
 11
7719.940291993997
 21
11406.94464227524
 31
0.0
  0
LINE
  5
97
330
17
100
AcDbEntity
  8
COTA
 62
0
370
25
100
AcDbLine
 10
7721.440291993997
 20
11449.44467603216
 30
0.0
 11
7718.440291993997
 21
11452.44467603216
 31
0.0
  0
LINE
  5
98
330
17
100
AcDbEntity
  8
COTA
 62
0
370
25
100
AcDbLine
 10
7718.440291993997
 20
11408.44464227524
 30
0.0
 11
7721.440291993997
 21
11405.44464227524
 31
0.0
  0
LINE
  5
99
330
17
100
AcDbEntity
  8
NIVEL 2° PAV.
 62
4
370
25
100
AcDbLine
 10
8113.401775171263
 20
11039.24834731329
 30
0.0
 11
8029.86186748153
 21
11039.24834731329
 31
0.0
  0
LINE
  5
9A
330
17
100
AcDbEntity
  8
NIVEL 2° PAV.
 62
4
370
25
100
AcDbLine
 10
8029.70345962777
 20
11360.24834731329
 30
0.0
 11
8035.86186748153
 21
11360.24834731329
 31
0.0
  0
LINE
  5
9B
330
17
100
AcDbEntity
  8
NIVEL 2° PAV.
 62
4
370
25
100
AcDbLine
 10
8032.86186748153
 20
11039.24834731329
 30
0.0
 11
8032.86186748153
 21
11360.24834731329
 31
0.0
  0
LINE
  5
9C
330
17
100
AcDbEntity
  8
NIVEL 2° PAV.
 62
0
370
25
100
AcDbLine
 10
8031.36186748153
 20
11040.74834731329
 30
0.0
 11
8034.36186748153
 21
11037.74834731329
 31
0.0
  0
LINE
  5
9D
330
17
100
AcDbEntity
  8
NIVEL 2° PAV.
 62
0
370
25
100
AcDbLine
 10
8034.36186748153
 20
11358.74834731329
 30
0.0
 11
8031.36186748153
 21
11361.74834731329
 31
0.0
  0
LINE
  5
9E
330
17
100
AcDbEntity
  8
COTA
 62
4
370
25
100
AcDbLine
 10
8817.110206694844
 20
11038.24834731329
 30
0.0
 11
8817.110206694844
 21
11006.35413566712
 31
0.0
  0
LINE
  5
9F
330
17
100
AcDbEntity
  8
COTA
 62
4
370
25
100
AcDbLine
 10
8836.110206694844
 20
11038.24834731329
 30
0.0
 11
8836.110206694844
 21
11006.35413566712
 31
0.0
  0
LINE
  5
A0
330
17
100
AcDbEntity
  8
COTA
 62
4
370
25
100
AcDbLine
 10
8817.110206694844
 20
11009.35413566712
 30
0.0
 11
8836.110206694844
 21
11009.35413566712
 31
0.0
  0
LINE
  5
A1
330
17
100
AcDbEntity
  8
COTA
 62
0
370
25
100
AcDbLine
 10
8818.610206694844
 20
11010.85413566712
 30
0.0
 11
8815.610206694844
 21
11007.85413566712
 31
0.0
  0
LINE
  5
A2
330
17
100
AcDbEntity
  8
COTA
 62
0
370
25
100
AcDbLine
 10
8834.610206694844
 20
11007.85413566712
 30
0.0
 11
8837.610206694844
 21
11010.85413566712
 31
0.0
  0
LINE
  5
A3
330
17
100
AcDbEntity
  8
COTA
 62
4
370
25
100
AcDbLine
 10
8839.110206694906
 20
11039.24834731326
 30
0.0
 11
8858.017624363165
 21
11039.24834731326
 31
0.0
  0
LINE
  5
A4
330
17
100
AcDbEntity
  8
COTA
 62
4
370
25
100
AcDbLine
 10
8839.110206694848
 20
11041.24834731326
 30
0.0
 11
8858.017624363165
 21
11041.24834731326
 31
0.0
  0
LINE
  5
A5
330
17
100
AcDbEntity
  8
COTA
 62
4
370
25
100
AcDbLine
 10
8855.017624363165
 20
11039.24834731326
 30
0.0
 11
8855.017624363165
 21
11036.24834731326
 31
0.0
  0
LINE
  5
A6
330
17
100
AcDbEntity
  8
COTA
 62
4
370
25
100
AcDbLine
 10
8855.017624363165
 20
11041.24834731326
 30
0.0
 11
8855.017624363165
 21
11044.24834731326
 31
0.0
  0
LINE
  5
A7
330
17
100
AcDbEntity
  8
COTA
 62
4
370
25
100
AcDbLine
 10
8855.017624363165
 20
11039.24834731326
 30
0.0
 11
8855.017624363165
 21
11041.24834731326
 31
0.0
  0
LINE
  5
A8
330
17
100
AcDbEntity
  8
COTA
 62
0
370
25
100
AcDbLine
 10
8856.517624363165
 20
11037.74834731326
 30
0.0
 11
8853.517624363165
 21
11040.74834731326
 31
0.0
  0
LINE
  5
A9
330
17
100
AcDbEntity
  8
COTA
 62
0
370
25
100
AcDbLine
 10
8853.517624363165
 20
11042.74834731326
 30
0.0
 11
8856.517624363165
 21
11039.74834731326
 31
0.0
  0
LINE
  5
AA
330
17
100
AcDbEntity
  8
COTA
 62
4
370
25
100
AcDbLine
 10
8297.03199340494
 20
11038.24834731329
 30
0.0
 11
8297.03199340494
 21
10993.6363621333
 31
0.0
  0
LINE
  5
AB
330
17
100
AcDbEntity
  8
COTA
 62
4
370
25
100
AcDbLine
 10
8209.03199340494
 20
11038.24834731331
 30
0.0
 11
8209.03199340494
 21
10993.6363621333
 31
0.0
  0
LINE
  5
AC
330
17
100
AcDbEntity
  8
COTA
 62
4
370
25
100
AcDbLine
 10
8297.03199340494
 20
10996.6363621333
 30
0.0
 11
8209.03199340494
 21
10996.6363621333
 31
0.0
  0
LINE
  5
AD
330
17
100
AcDbEntity
  8
COTA
 62
0
370
25
100
AcDbLine
 10
8295.53199340494
 20
10995.1363621333
 30
0.0
 11
8298.53199340494
 21
10998.1363621333
 31
0.0
  0
LINE
  5
AE
330
17
100
AcDbEntity
  8
COTA
 62
0
370
25
100
AcDbLine
 10
8210.53199340494
 20
10998.1363621333
 30
0.0
 11
8207.53199340494
 21
10995.1363621333
 31
0.0
  0
LINE
  5
AF
330
17
100
AcDbEntity
  8
COTA
 62
4
370
25
100
AcDbLine
 10
8290.03199340494
 20
11038.2483473133
 30
0.0
 11
8290.03199340494
 21
11017.73825134939
 31
0.0
  0
LINE
  5
B0
330
17
100
AcDbEntity
  8
COTA
 62
4
370
25
100
AcDbLine
 10
8297.03199340494
 20
11036.24834731278
 30
0.0
 11
8297.03199340494
 21
11017.73825134939
 31
0.0
  0
LINE
  5
B1
330
17
100
AcDbEntity
  8
COTA
 62
4
370
25
100
AcDbLine
 10
8290.03199340494
 20
11020.73825134939
 30
0.0
 11
8297.03199340494
 21
11020.73825134939
 31
0.0
  0
LINE
  5
B2
330
17
100
AcDbEntity
  8
COTA
 62
4
370
25
100
AcDbLine
 10
8297.03199340494
 20
11020.73825134939
 30
0.0
 11
8311.762987556987
 21
11020.73825134939
 31
0.0
  0
LINE
  5
B3
330
17
100
AcDbEntity
  8
COTA
 62
0
370
25
100
AcDbLine
 10
8291.53199340494
 20
11022.23825134939
 30
0.0
 11
8288.53199340494
 21
11019.23825134939
 31
0.0
  0
LINE
  5
B4
330
17
100
AcDbEntity
  8
COTA
 62
0
370
25
100
AcDbLine
 10
8295.53199340494
 20
11019.23825134939
 30
0.0
 11
8298.53199340494
 21
11022.23825134939
 31
0.0
  0
LINE
  5
B5
330
17
100
AcDbEntity
  8
COTA
 62
4
370
25
100
AcDbLine
 10
8216.031993404882
 20
11038.24834731333
 30
0.0
 11
8216.031993404882
 21
11017.73825134942
 31
0.0
  0
LINE
  5
B6
330
17
100
AcDbEntity
  8
COTA
 62
4
370
25
100
AcDbLine
 10
8209.03199340494
 20
11036.24834731281
 30
0.0
 11
8209.03199340494
 21
11017.73825134942
 31
0.0
  0
LINE
  5
B7
330
17
100
AcDbEntity
  8
COTA
 62
4
370
25
100
AcDbLine
 10
8216.031993404882
 20
11020.73825134942
 30
0.0
 11
8209.03199340494
 21
11020.73825134942
 31
0.0
  0
LINE
  5
B8
330
17
100
AcDbEntity
  8
COTA
 62
4
370
25
100
AcDbLine
 10
8209.03199340494
 20
11020.73825134942
 30
0.0
 11
8194.300999252893
 21
11020.73825134942
 31
0.0
  0
LINE
  5
B9
330
17
100
AcDbEntity
  8
COTA
 62
0
370
25
100
AcDbLine
 10
8214.531993404882
 20
11019.23825134942
 30
0.0
 11
8217.531993404882
 21
11022.23825134942
 31
0.0
  0
LINE
  5
BA
330
17
100
AcDbEntity
  8
COTA
 62
0
370
25
100
AcDbLine
 10
8210.53199340494
 20
11022.23825134942
 30
0.0
 11
8207.53199340494
 21
11019.23825134942
 31
0.0
  0
LINE
  5
BB
330
17
100
AcDbEntity
  8
COTA
 62
4
370
25
100
AcDbLine
 10
8300.031993404937
 20
11041.24834731331
 30
0.0
 11
8319.290191615844
 21
11041.24834731331
 31
0.0
  0
LINE
  5
BC
330
17
100
AcDbEntity
  8
COTA
 62
4
370
25
100
AcDbLine
 10
8300.031993404937
 20
11039.24834731329
 30
0.0
 11
8319.290191615844
 21
11039.24834731329
 31
0.0
  0
LINE
  5
BD
330
17
100
AcDbEntity
  8
COTA
 62
4
370
25
100
AcDbLine
 10
8316.290191615844
 20
11039.24834731329
 30
0.0
 11
8316.290191615844
 21
11036.24834731329
 31
0.0
  0
LINE
  5
BE
330
17
100
AcDbEntity
  8
COTA
 62
4
370
25
100
AcDbLine
 10
8316.290191615844
 20
11041.24834731331
 30
0.0
 11
8316.290191615844
 21
11060.05079876179
 31
0.0
  0
LINE
  5
BF
330
17
100
AcDbEntity
  8
COTA
 62
4
370
25
100
AcDbLine
 10
8316.290191615844
 20
11039.24834731329
 30
0.0
 11
8316.290191615844
 21
11041.24834731331
 31
0.0
  0
LINE
  5
C0
330
17
100
AcDbEntity
  8
COTA
 62
0
370
25
100
AcDbLine
 10
8317.790191615844
 20
11037.74834731329
 30
0.0
 11
8314.790191615844
 21
11040.74834731329
 31
0.0
  0
LINE
  5
C1
330
17
100
AcDbEntity
  8
COTA
 62
0
370
25
100
AcDbLine
 10
8314.790191615844
 20
11042.74834731331
 30
0.0
 11
8317.790191615844
 21
11039.74834731331
 31
0.0
  0
LINE
  5
C2
330
17
100
AcDbEntity
  8
COTA
 62
4
370
25
100
AcDbLine
 10
8300.031993404944
 20
11163.24834731329
 30
0.0
 11
8337.872936587011
 21
11163.24834731329
 31
0.0
  0
LINE
  5
C3
330
17
100
AcDbEntity
  8
COTA
 62
4
370
25
100
AcDbLine
 10
8300.031993404944
 20
11236.24834731333
 30
0.0
 11
8337.872936587011
 21
11236.24834731333
 31
0.0
  0
LINE
  5
C4
330
17
100
AcDbEntity
  8
COTA
 62
4
370
25
100
AcDbLine
 10
8334.872936587011
 20
11163.24834731329
 30
0.0
 11
8334.872936587011
 21
11236.24834731333
 31
0.0
  0
LINE
  5
C5
330
17
100
AcDbEntity
  8
COTA
 62
0
370
25
100
AcDbLine
 10
8333.372936587011
 20
11164.74834731329
 30
0.0
 11
8336.372936587011
 21
11161.74834731329
 31
0.0
  0
LINE
  5
C6
330
17
100
AcDbEntity
  8
COTA
 62
0
370
25
100
AcDbLine
 10
8336.372936587011
 20
11234.74834731333
 30
0.0
 11
8333.372936587011
 21
11237.74834731333
 31
0.0
  0
LINE
  5
C7
330
17
100
AcDbEntity
  8
COTA
 62
4
370
25
100
AcDbLine
 10
8300.031993404944
 20
11039.24834731329
 30
0.0
 11
8337.87293658702
 21
11039.24834731329
 31
0.0
  0
LINE
  5
C8
330
17
100
AcDbEntity
  8
COTA
 62
4
370
25
100
AcDbLine
 10
8300.031993404886
 20
11163.24834731329
 30
0.0
 11
8337.87293658702
 21
11163.24834731329
 31
0.0
  0
LINE
  5
C9
330
17
100
AcDbEntity
  8
COTA
 62
4
370
25
100
AcDbLine
 10
8334.87293658702
 20
11039.24834731329
 30
0.0
 11
8334.87293658702
 21
11163.24834731329
 31
0.0
  0
LINE
  5
CA
330
17
100
AcDbEntity
  8
COTA
 62
0
370
25
100
AcDbLine
 10
8333.37293658702
 20
11040.74834731329
 30
0.0
 11
8336.37293658702
 21
11037.74834731329
 31
0.0
  0
LINE
  5
CB
330
17
100
AcDbEntity
  8
COTA
 62
0
370
25
100
AcDbLine
 10
8336.37293658702
 20
11161.74834731329
 30
0.0
 11
8333.37293658702
 21
11164.74834731329
 31
0.0
  0
LINE
  5
CC
330
17
100
AcDbEntity
  8
COTA
 62
4
370
25
100
AcDbLine
 10
8300.031993404722
 20
11236.24834731333
 30
0.0
 11
8337.872936587319
 21
11236.24834731333
 31
0.0
  0
LINE
  5
CD
330
17
100
AcDbEntity
  8
COTA
 62
4
370
25
100
AcDbLine
 10
8300.031993404686
 20
11360.24834731329
 30
0.0
 11
8337.872936587319
 21
11360.24834731329
 31
0.0
  0
LINE
  5
CE
330
17
100
AcDbEntity
  8
COTA
 62
4
370
25
100
AcDbLine
 10
8334.872936587319
 20
11236.24834731333
 30
0.0
 11
8334.872936587319
 21
11360.24834731329
 31
0.0
  0
LINE
  5
CF
330
17
100
AcDbEntity
  8
COTA
 62
0
370
25
100
AcDbLine
 10
8333.372936587319
 20
11237.74834731333
 30
0.0
 11
8336.372936587319
 21
11234.74834731333
 31
0.0
  0
LINE
  5
D0
330
17
100
AcDbEntity
  8
COTA
 62
0
370
25
100
AcDbLine
 10
8336.372936587319
 20
11358.74834731329
 30
0.0
 11
8333.372936587319
 21
11361.74834731329
 31
0.0
  0
LINE
  5
D1
330
17
100
AcDbEntity
  8
COTA
 62
4
370
25
100
AcDbLine
 10
8540.064297573663
 20
11038.24834731329
 30
0.0
 11
8540.064297573663
 21
10993.6363621333
 31
0.0
  0
LINE
  5
D2
330
17
100
AcDbEntity
  8
COTA
 62
4
370
25
100
AcDbLine
 10
8452.064297573663
 20
11038.24834731331
 30
0.0
 11
8452.064297573663
 21
10993.6363621333
 31
0.0
  0
LINE
  5
D3
330
17
100
AcDbEntity
  8
COTA
 62
4
370
25
100
AcDbLine
 10
8540.064297573663
 20
10996.6363621333
 30
0.0
 11
8452.064297573663
 21
10996.6363621333
 31
0.0
  0
LINE
  5
D4
330
17
100
AcDbEntity
  8
COTA
 62
0
370
25
100
AcDbLine
 10
8538.564297573663
 20
10995.1363621333
 30
0.0
 11
8541.564297573663
 21
10998.1363621333
 31
0.0
  0
LINE
  5
D5
330
17
100
AcDbEntity
  8
COTA
 62
0
370
25
100
AcDbLine
 10
8453.564297573663
 20
10998.1363621333
 30
0.0
 11
8450.564297573663
 21
10995.1363621333
 31
0.0
  0
LINE
  5
D6
330
17
100
AcDbEntity
  8
COTA
 62
4
370
25
100
AcDbLine
 10
8533.064297573663
 20
11038.2483473133
 30
0.0
 11
8533.064297573663
 21
11017.73825134939
 31
0.0
  0
LINE
  5
D7
330
17
100
AcDbEntity
  8
COTA
 62
4
370
25
100
AcDbLine
 10
8540.064297573663
 20
11036.24834731278
 30
0.0
 11
8540.064297573663
 21
11017.73825134939
 31
0.0
  0
LINE
  5
D8
330
17
100
AcDbEntity
  8
COTA
 62
4
370
25
100
AcDbLine
 10
8533.064297573663
 20
11020.73825134939
 30
0.0
 11
8540.064297573663
 21
11020.73825134939
 31
0.0
  0
LINE
  5
D9
330
17
100
AcDbEntity
  8
COTA
 62
4
370
25
100
AcDbLine
 10
8540.064297573663
 20
11020.73825134939
 30
0.0
 11
8554.79529172571
 21
11020.73825134939
 31
0.0
  0
LINE
  5
DA
330
17
100
AcDbEntity
  8
COTA
 62
0
370
25
100
AcDbLine
 10
8534.564297573663
 20
11022.23825134939
 30
0.0
 11
8531.564297573663
 21
11019.23825134939
 31
0.0
  0
LINE
  5
DB
330
17
100
AcDbEntity
  8
COTA
 62
0
370
25
100
AcDbLine
 10
8538.564297573663
 20
11019.23825134939
 30
0.0
 11
8541.564297573663
 21
11022.23825134939
 31
0.0
  0
LINE
  5
DC
330
17
100
AcDbEntity
  8
COTA
 62
4
370
25
100
AcDbLine
 10
8459.064297573605
 20
11038.24834731333
 30
0.0
 11
8459.064297573605
 21
11017.73825134942
 31
0.0
  0
LINE
  5
DD
330
17
100
AcDbEntity
  8
COTA
 62
4
370
25
100
AcDbLine
 10
8452.064297573663
 20
11036.24834731281
 30
0.0
 11
8452.064297573663
 21
11017.73825134942
 31
0.0
  0
LINE
  5
DE
330
17
100
AcDbEntity
  8
COTA
 62
4
370
25
100
AcDbLine
 10
8459.064297573605
 20
11020.73825134942
 30
0.0
 11
8452.064297573663
 21
11020.73825134942
 31
0.0
  0
LINE
  5
DF
330
17
100
AcDbEntity
  8
COTA
 62
4
370
25
100
AcDbLine
 10
8452.064297573663
 20
11020.73825134942
 30
0.0
 11
8437.333303421616
 21
11020.73825134942
 31
0.0
  0
LINE
  5
E0
330
17
100
AcDbEntity
  8
COTA
 62
0
370
25
100
AcDbLine
 10
8457.564297573605
 20
11019.23825134942
 30
0.0
 11
8460.564297573605
 21
11022.23825134942
 31
0.0
  0
LINE
  5
E1
330
17
100
AcDbEntity
  8
COTA
 62
0
370
25
100
AcDbLine
 10
8453.564297573663
 20
11022.23825134942
 30
0.0
 11
8450.564297573663
 21
11019.23825134942
 31
0.0
  0
LINE
  5
E2
330
17
100
AcDbEntity
  8
COTA
 62
4
370
25
100
AcDbLine
 10
8543.06429757366
 20
11041.24834731331
 30
0.0
 11
8562.322495784567
 21
11041.24834731331
 31
0.0
  0
LINE
  5
E3
330
17
100
AcDbEntity
  8
COTA
 62
4
370
25
100
AcDbLine
 10
8543.06429757366
 20
11039.24834731329
 30
0.0
 11
8562.322495784567
 21
11039.24834731329
 31
0.0
  0
LINE
  5
E4
330
17
100
AcDbEntity
  8
COTA
 62
4
370
25
100
AcDbLine
 10
8559.322495784567
 20
11039.24834731329
 30
0.0
 11
8559.322495784567
 21
11036.24834731329
 31
0.0
  0
LINE
  5
E5
330
17
100
AcDbEntity
  8
COTA
 62
4
370
25
100
AcDbLine
 10
8559.322495784567
 20
11041.24834731331
 30
0.0
 11
8559.322495784567
 21
11060.05079876179
 31
0.0
  0
LINE
  5
E6
330
17
100
AcDbEntity
  8
COTA
 62
4
370
25
100
AcDbLine
 10
8559.322495784567
 20
11039.24834731329
 30
0.0
 11
8559.322495784567
 21
11041.24834731331
 31
0.0
  0
LINE
  5
E7
330
17
100
AcDbEntity
  8
COTA
 62
0
370
25
100
AcDbLine
 10
8560.822495784567
 20
11037.74834731329
 30
0.0
 11
8557.822495784567
 21
11040.74834731329
 31
0.0
  0
LINE
  5
E8
330
17
100
AcDbEntity
  8
COTA
 62
0
370
25
100
AcDbLine
 10
8557.822495784567
 20
11042.74834731331
 30
0.0
 11
8560.822495784567
 21
11039.74834731331
 31
0.0
  0
LINE
  5
E9
330
17
100
AcDbEntity
  8
COTA
 62
4
370
25
100
AcDbLine
 10
8543.064297573666
 20
11163.24834731329
 30
0.0
 11
8580.905240755768
 21
11163.24834731329
 31
0.0
  0
LINE
  5
EA
330
17
100
AcDbEntity
  8
COTA
 62
4
370
25
100
AcDbLine
 10
8543.064297573666
 20
11236.24834731333
 30
0.0
 11
8580.905240755768
 21
11236.24834731333
 31
0.0
  0
LINE
  5
EB
330
17
100
AcDbEntity
  8
COTA
 62
4
370
25
100
AcDbLine
 10
8577.905240755768
 20
11163.24834731329
 30
0.0
 11
8577.905240755768
 21
11236.24834731333
 31
0.0
  0
LINE
  5
EC
330
17
100
AcDbEntity
  8
COTA
 62
0
370
25
100
AcDbLine
 10
8576.405240755768
 20
11164.74834731329
 30
0.0
 11
8579.405240755768
 21
11161.74834731329
 31
0.0
  0
LINE
  5
ED
330
17
100
AcDbEntity
  8
COTA
 62
0
370
25
100
AcDbLine
 10
8579.405240755768
 20
11234.74834731333
 30
0.0
 11
8576.405240755768
 21
11237.74834731333
 31
0.0
  0
LINE
  5
EE
330
17
100
AcDbEntity
  8
COTA
 62
4
370
25
100
AcDbLine
 10
8543.064297573666
 20
11039.24834731329
 30
0.0
 11
8580.905240755765
 21
11039.24834731329
 31
0.0
  0
LINE
  5
EF
330
17
100
AcDbEntity
  8
COTA
 62
4
370
25
100
AcDbLine
 10
8543.064297573606
 20
11163.24834731329
 30
0.0
 11
8580.905240755765
 21
11163.24834731329
 31
0.0
  0
LINE
  5
F0
330
17
100
AcDbEntity
  8
COTA
 62
4
370
25
100
AcDbLine
 10
8577.905240755765
 20
11039.24834731329
 30
0.0
 11
8577.905240755765
 21
11163.24834731329
 31
0.0
  0
LINE
  5
F1
330
17
100
AcDbEntity
  8
COTA
 62
0
370
25
100
AcDbLine
 10
8576.405240755765
 20
11040.74834731329
 30
0.0
 11
8579.405240755765
 21
11037.74834731329
 31
0.0
  0
LINE
  5
F2
330
17
100
AcDbEntity
  8
COTA
 62
0
370
25
100
AcDbLine
 10
8579.405240755765
 20
11161.74834731329
 30
0.0
 11
8576.405240755765
 21
11164.74834731329
 31
0.0
  0
LINE
  5
F3
330
17
100
AcDbEntity
  8
COTA
 62
4
370
25
100
AcDbLine
 10
8839.110206694844
 20
11236.24834731332
 30
0.0
 11
8883.800830289827
 21
11236.24834731332
 31
0.0
  0
LINE
  5
F4
330
17
100
AcDbEntity
  8
COTA
 62
4
370
25
100
AcDbLine
 10
8839.110206694808
 20
11360.24834731328
 30
0.0
 11
8883.800830289827
 21
11360.24834731328
 31
0.0
  0
LINE
  5
F5
330
17
100
AcDbEntity
  8
COTA
 62
4
370
25
100
AcDbLine
 10
8880.800830289825
 20
11236.24834731332
 30
0.0
 11
8880.800830289825
 21
11360.24834731328
 31
0.0
  0
LINE
  5
F6
330
17
100
AcDbEntity
  8
COTA
 62
0
370
25
100
AcDbLine
 10
8879.300830289825
 20
11237.74834731332
 30
0.0
 11
8882.300830289825
 21
11234.74834731332
 31
0.0
  0
LINE
  5
F7
330
17
100
AcDbEntity
  8
COTA
 62
0
370
25
100
AcDbLine
 10
8882.300830289825
 20
11358.74834731328
 30
0.0
 11
8879.300830289825
 21
11361.74834731328
 31
0.0
  0
LINE
  5
F8
330
17
100
AcDbEntity
  8
COTA
 62
4
370
25
100
AcDbLine
 10
8839.110206694844
 20
11039.24834731329
 30
0.0
 11
8883.80083028968
 21
11039.24834731329
 31
0.0
  0
LINE
  5
F9
330
17
100
AcDbEntity
  8
COTA
 62
4
370
25
100
AcDbLine
 10
8839.110206694844
 20
11236.24834731332
 30
0.0
 11
8883.80083028968
 21
11236.24834731332
 31
0.0
  0
LINE
  5
FA
330
17
100
AcDbEntity
  8
COTA
 62
4
370
25
100
AcDbLine
 10
8880.80083028968
 20
11039.24834731329
 30
0.0
 11
8880.80083028968
 21
11236.24834731332
 31
0.0
  0
LINE
  5
FB
330
17
100
AcDbEntity
  8
COTA
 62
0
370
25
100
AcDbLine
 10
8879.30083028968
 20
11040.74834731329
 30
0.0
 11
8882.30083028968
 21
11037.74834731329
 31
0.0
  0
LINE
  5
FC
330
17
100
AcDbEntity
  8
COTA
 62
0
370
25
100
AcDbLine
 10
8882.30083028968
 20
11234.74834731332
 30
0.0
 11
8879.30083028968
 21
11237.74834731332
 31
0.0
  0
LINE
  5
FD
330
17
100
AcDbEntity
  8
COTA
 62
4
370
25
100
AcDbLine
 10
8543.064297573615
 20
11236.24834731333
 30
0.0
 11
8580.905240756214
 21
11236.24834731333
 31
0.0
  0
LINE
  5
FE
330
17
100
AcDbEntity
  8
COTA
 62
4
370
25
100
AcDbLine
 10
8543.06429757358
 20
11360.24834731329
 30
0.0
 11
8580.905240756214
 21
11360.24834731329
 31
0.0
  0
LINE
  5
FF
330
17
100
AcDbEntity
  8
COTA
 62
4
370
25
100
AcDbLine
 10
8577.905240756214
 20
11236.24834731333
 30
0.0
 11
8577.905240756214
 21
11360.24834731329
 31
0.0
  0
LINE
  5
100
330
17
100
AcDbEntity
  8
COTA
 62
0
370
25
100
AcDbLine
 10
8576.405240756214
 20
11237.74834731333
 30
0.0
 11
8579.405240756214
 21
11234.74834731333
 31
0.0
  0
LINE
  5
101
330
17
100
AcDbEntity
  8
COTA
 62
0
370
25
100
AcDbLine
 10
8579.405240756214
 20
11358.74834731329
 30
0.0
 11
8576.405240756214
 21
11361.74834731329
 31
0.0
  0
LINE
  5
102
330
17
100
AcDbEntity
  8
COTA
 62
4
370
25
100
AcDbLine
 10
8665.614501352124
 20
11038.24834731329
 30
0.0
 11
8665.614501352124
 21
11006.35413566712
 31
0.0
  0
LINE
  5
103
330
17
100
AcDbEntity
  8
COTA
 62
4
370
25
100
AcDbLine
 10
8684.614501352124
 20
11038.24834731329
 30
0.0
 11
8684.614501352124
 21
11006.35413566712
 31
0.0
  0
LINE
  5
104
330
17
100
AcDbEntity
  8
COTA
 62
4
370
25
100
AcDbLine
 10
8665.614501352124
 20
11009.35413566712
 30
0.0
 11
8684.614501352124
 21
11009.35413566712
 31
0.0
  0
LINE
  5
105
330
17
100
AcDbEntity
  8
COTA
 62
0
370
25
100
AcDbLine
 10
8667.114501352124
 20
11010.85413566712
 30
0.0
 11
8664.114501352124
 21
11007.85413566712
 31
0.0
  0
LINE
  5
106
330
17
100
AcDbEntity
  8
COTA
 62
0
370
25
100
AcDbLine
 10
8683.114501352124
 20
11007.85413566712
 30
0.0
 11
8686.114501352124
 21
11010.85413566712
 31
0.0
  0
LINE
  5
107
330
17
100
AcDbEntity
  8
COTA
 62
4
370
25
100
AcDbLine
 10
8687.614501352184
 20
11039.24834731326
 30
0.0
 11
8706.521919020444
 21
11039.24834731326
 31
0.0
  0
LINE
  5
108
330
17
100
AcDbEntity
  8
COTA
 62
4
370
25
100
AcDbLine
 10
8687.614501352127
 20
11041.24834731326
 30
0.0
 11
8706.521919020444
 21
11041.24834731326
 31
0.0
  0
LINE
  5
109
330
17
100
AcDbEntity
  8
COTA
 62
4
370
25
100
AcDbLine
 10
8703.521919020444
 20
11039.24834731326
 30
0.0
 11
8703.521919020444
 21
11036.24834731326
 31
0.0
  0
LINE
  5
10A
330
17
100
AcDbEntity
  8
COTA
 62
4
370
25
100
AcDbLine
 10
8703.521919020444
 20
11041.24834731326
 30
0.0
 11
8703.521919020444
 21
11044.24834731326
 31
0.0
  0
LINE
  5
10B
330
17
100
AcDbEntity
  8
COTA
 62
4
370
25
100
AcDbLine
 10
8703.521919020444
 20
11039.24834731326
 30
0.0
 11
8703.521919020444
 21
11041.24834731326
 31
0.0
  0
LINE
  5
10C
330
17
100
AcDbEntity
  8
COTA
 62
0
370
25
100
AcDbLine
 10
8705.021919020444
 20
11037.74834731326
 30
0.0
 11
8702.021919020444
 21
11040.74834731326
 31
0.0
  0
LINE
  5
10D
330
17
100
AcDbEntity
  8
COTA
 62
0
370
25
100
AcDbLine
 10
8702.021919020444
 20
11042.74834731326
 30
0.0
 11
8705.021919020444
 21
11039.74834731326
 31
0.0
  0
LINE
  5
10E
330
17
100
AcDbEntity
  8
COTA
 62
4
370
25
100
AcDbLine
 10
8687.614501352124
 20
11301.24834731332
 30
0.0
 11
8737.305124947114
 21
11301.24834731332
 31
0.0
  0
LINE
  5
10F
330
17
100
AcDbEntity
  8
COTA
 62
4
370
25
100
AcDbLine
 10
8687.614501352085
 20
11360.24834731329
 30
0.0
 11
8737.305124947114
 21
11360.24834731329
 31
0.0
  0
LINE
  5
110
330
17
100
AcDbEntity
  8
COTA
 62
4
370
25
100
AcDbLine
 10
8734.305124947114
 20
11301.24834731332
 30
0.0
 11
8734.305124947114
 21
11360.24834731329
 31
0.0
  0
LINE
  5
111
330
17
100
AcDbEntity
  8
COTA
 62
0
370
25
100
AcDbLine
 10
8732.805124947114
 20
11302.74834731332
 30
0.0
 11
8735.805124947114
 21
11299.74834731332
 31
0.0
  0
LINE
  5
112
330
17
100
AcDbEntity
  8
COTA
 62
0
370
25
100
AcDbLine
 10
8735.805124947114
 20
11358.74834731329
 30
0.0
 11
8732.805124947114
 21
11361.74834731329
 31
0.0
  0
LINE
  5
113
330
17
100
AcDbEntity
  8
COTA
 62
4
370
25
100
AcDbLine
 10
8687.614501352124
 20
11039.24834731329
 30
0.0
 11
8737.305124946974
 21
11039.24834731329
 31
0.0
  0
LINE
  5
114
330
17
100
AcDbEntity
  8
COTA
 62
4
370
25
100
AcDbLine
 10
8687.614501352124
 20
11260.24834731333
 30
0.0
 11
8737.305124946974
 21
11260.24834731333
 31
0.0
  0
LINE
  5
115
330
17
100
AcDbEntity
  8
COTA
 62
4
370
25
100
AcDbLine
 10
8734.305124946974
 20
11039.24834731329
 30
0.0
 11
8734.305124946974
 21
11260.24834731333
 31
0.0
  0
LINE
  5
116
330
17
100
AcDbEntity
  8
COTA
 62
0
370
25
100
AcDbLine
 10
8732.805124946974
 20
11040.74834731329
 30
0.0
 11
8735.805124946974
 21
11037.74834731329
 31
0.0
  0
LINE
  5
117
330
17
100
AcDbEntity
  8
COTA
 62
0
370
25
100
AcDbLine
 10
8735.805124946974
 20
11258.74834731333
 30
0.0
 11
8732.805124946974
 21
11261.74834731333
 31
0.0
  0
LINE
  5
118
330
17
100
AcDbEntity
  8
00 - FELIPE
 62
4
370
25
100
AcDbLine
 10
8688.72913224859
 20
11260.24834731332
 30
0.0
 11
8737.305124947117
 21
11260.24834731332
 31
0.0
  0
LINE
  5
119
330
17
100
AcDbEntity
  8
00 - FELIPE
 62
4
370
25
100
AcDbLine
 10
8688.72913224859
 20
11301.24834731333
 30
0.0
 11
8737.305124947117
 21
11301.24834731333
 31
0.0
  0
LINE
  5
11A
330
17
100
AcDbEntity
  8
00 - FELIPE
 62
4
370
25
100
AcDbLine
 10
8734.305124947117
 20
11260.24834731332
 30
0.0
 11
8734.305124947117
 21
11301.24834731333
 31
0.0
  0
LINE
  5
11B
330
17
100
AcDbEntity
  8
00 - FELIPE
 62
0
370
25
100
AcDbLine
 10
8732.805124947117
 20
11261.74834731332
 30
0.0
 11
8735.805124947117
 21
11258.74834731332
 31
0.0
  0
LINE
  5
11C
330
17
100
AcDbEntity
  8
00 - FELIPE
 62
0
370
25
100
AcDbLine
 10
8735.805124947117
 20
11299.74834731333
 30
0.0
 11
8732.805124947117
 21
11302.74834731333
 31
0.0
  0
LINE
  5
11D
330
17
100
AcDbEntity
  8
Texto Seção
 62
252
370
15
100
AcDbLine
 10
7794.469100923111
 20
11584.96521263344
 30
0.0
 11
7794.469100923111
 21
11709.96521263344
 31
0.0
  0
LINE
  5
11E
330
17
100
AcDbEntity
  8
Hachura
 62
0
370
9
100
AcDbLine
 10
7859.565215331393
 20
11403.926061411616
 30
0.0
 11
7860.210137786227
 21
11403.926061411616
 31
0.0
  0
LINE
  5
11F
330
17
100
AcDbEntity
  8
Hachura
 62
0
370
9
100
AcDbLine
 10
7860.726075745808
 20
11403.926061411616
 30
0.0
 11
7859.758692063554
 21
11405.86082877612
 31
0.0
  0
LINE
  5
120
330
17
100
AcDbEntity
  8
Hachura
 62
0
370
9
100
AcDbLine
 10
7860.633432905255
 20
11403.85337808077
 30
0.0
 11
7859.550626569355
 21
11406.018990838329
 31
0.0
  0
LINE
  5
121
330
17
100
AcDbEntity
  8
Hachura
 62
0
370
9
100
AcDbLine
 10
7859.3218764918975
 20
11405.960552947905
 30
0.0
 11
7860.392165347669
 21
11403.81997527924
 31
0.0
  0
LINE
  5
122
330
17
100
AcDbEntity
  8
Hachura
 62
0
370
9
100
AcDbLine
 10
7859.242754103979
 20
11405.86082877612
 30
0.0
 11
7860.210137786227
 21
11403.926061411616
 31
0.0
  0
LINE
  5
123
330
17
100
AcDbEntity
  8
Hachura
 62
0
370
9
100
AcDbLine
 10
7858.597831649145
 20
11405.86082877612
 30
0.0
 11
7859.242754103979
 21
11405.86082877612
 31
0.0
  0
LINE
  5
124
330
17
100
AcDbEntity
  8
Hachura
 62
0
370
9
100
AcDbLine
 10
7856.921033264432
 20
11405.86082877612
 30
0.0
 11
7856.276110809597
 21
11405.86082877612
 31
0.0
  0
LINE
  5
125
330
17
100
AcDbEntity
  8
Hachura
 62
0
370
9
100
AcDbLine
 10
7857.870039029726
 20
11405.86082877612
 30
0.0
 11
7858.081893678842
 21
11405.86082877612
 31
0.0
  0
LINE
  5
126
330
17
100
AcDbEntity
  8
Hachura
 62
0
370
9
100
AcDbLine
 10
7857.870039029726
 20
11405.86082877612
 30
0.0
 11
7857.436971224012
 21
11405.86082877612
 31
0.0
  0
LINE
  5
127
330
17
100
AcDbEntity
  8
Hachura
 62
0
370
9
100
AcDbLine
 10
7858.404354906262
 20
11403.926061411616
 30
0.0
 11
7859.049277361096
 21
11403.926061411616
 31
0.0
  0
LINE
  5
128
330
17
100
AcDbEntity
  8
Hachura
 62
0
370
9
100
AcDbLine
 10
7857.243494491847
 20
11403.926061411616
 30
0.0
 11
7857.888416946681
 21
11403.926061411616
 31
0.0
  0
LINE
  5
129
330
17
100
AcDbEntity
  8
Hachura
 62
0
370
9
100
AcDbLine
 10
7859.565215331393
 20
11403.926061411616
 30
0.0
 11
7858.597831649145
 21
11405.86082877612
 31
0.0
  0
LINE
  5
12A
330
17
100
AcDbEntity
  8
Hachura
 62
0
370
9
100
AcDbLine
 10
7859.472572480124
 20
11403.85337808077
 30
0.0
 11
7858.389766144223
 21
11406.018990838329
 31
0.0
  0
LINE
  5
12B
330
17
100
AcDbEntity
  8
Hachura
 62
0
370
9
100
AcDbLine
 10
7858.161016077487
 20
11405.960552947905
 30
0.0
 11
7859.231304922537
 21
11403.81997527924
 31
0.0
  0
LINE
  5
12C
330
17
100
AcDbEntity
  8
Hachura
 62
0
370
9
100
AcDbLine
 10
7858.081893678842
 20
11405.86082877612
 30
0.0
 11
7859.049277361096
 21
11403.926061411616
 31
0.0
  0
LINE
  5
12D
330
17
100
AcDbEntity
  8
Hachura
 62
0
370
9
100
AcDbLine
 10
7857.243494491847
 20
11403.926061411616
 30
0.0
 11
7856.276110809597
 21
11405.86082877612
 31
0.0
  0
LINE
  5
12E
330
17
100
AcDbEntity
  8
Hachura
 62
0
370
9
100
AcDbLine
 10
7858.404354906262
 20
11403.926061411616
 30
0.0
 11
7857.436971224012
 21
11405.86082877612
 31
0.0
  0
LINE
  5
12F
330
17
100
AcDbEntity
  8
Hachura
 62
0
370
9
100
AcDbLine
 10
7858.311712065709
 20
11403.85337808077
 30
0.0
 11
7857.2289057298085
 21
11406.018990838329
 31
0.0
  0
LINE
  5
130
330
17
100
AcDbEntity
  8
Hachura
 62
0
370
9
100
AcDbLine
 10
7857.000155663073
 20
11405.960552947905
 30
0.0
 11
7858.070444508123
 21
11403.81997527924
 31
0.0
  0
LINE
  5
131
330
17
100
AcDbEntity
  8
Hachura
 62
0
370
9
100
AcDbLine
 10
7856.921033264432
 20
11405.86082877612
 30
0.0
 11
7857.888416946681
 21
11403.926061411616
 31
0.0
  0
LINE
  5
132
330
17
100
AcDbEntity
  8
Hachura
 62
0
370
9
100
AcDbLine
 10
7861.048433334627
 20
11405.603067105683
 30
0.0
 11
7860.919552477969
 21
11405.86082877612
 31
0.0
  0
LINE
  5
133
330
17
100
AcDbEntity
  8
Hachura
 62
0
370
9
100
AcDbLine
 10
7861.048433334627
 20
11405.345098115175
 30
0.0
 11
7860.711486973048
 21
11406.018990838329
 31
0.0
  0
LINE
  5
134
330
17
100
AcDbEntity
  8
Hachura
 62
0
370
9
100
AcDbLine
 10
7861.0468232380435
 20
11405.8590369904
 30
0.0
 11
7861.369284486902
 21
11405.53657576298
 31
0.0
  0
LINE
  5
135
330
17
100
AcDbEntity
  8
Hachura
 62
0
370
9
100
AcDbLine
 10
7860.403614518388
 20
11405.86082877612
 30
0.0
 11
7859.758692063554
 21
11405.86082877612
 31
0.0
  0
LINE
  5
136
330
17
100
AcDbEntity
  8
Hachura
 62
0
370
9
100
AcDbLine
 10
7860.726075745808
 20
11403.926061411616
 30
0.0
 11
7861.048433334627
 21
11403.926061411616
 31
0.0
  0
LINE
  5
137
330
17
100
AcDbEntity
  8
Hachura
 62
0
370
9
100
AcDbLine
 10
7861.046823259482
 20
11403.924184125124
 30
0.0
 11
7861.369284486902
 21
11404.246730853312
 31
0.0
  0
LINE
  5
138
330
17
100
AcDbEntity
  8
Hachura
 62
0
370
9
100
AcDbLine
 10
7858.837422701258
 20
11403.926061411616
 30
0.0
 11
7859.049277350374
 21
11403.926061411616
 31
0.0
  0
LINE
  5
139
330
17
100
AcDbEntity
  8
Hachura
 62
0
370
9
100
AcDbLine
 10
7860.482736906312
 20
11405.960552947905
 30
0.0
 11
7861.048433334627
 21
11404.829160134157
 31
0.0
  0
LINE
  5
13A
330
17
100
AcDbEntity
  8
Hachura
 62
0
370
9
100
AcDbLine
 10
7860.403614518388
 20
11405.86082877612
 30
0.0
 11
7861.048433334627
 21
11404.571191186527
 31
0.0
  0
LINE
  5
13B
330
17
100
AcDbEntity
  8
Hachura
 62
0
370
9
100
AcDbLine
 10
7861.369284486902
 20
11404.246730853312
 30
0.0
 11
7861.369284486902
 21
11405.53657576298
 31
0.0
  0
LINE
  5
13C
330
17
100
AcDbEntity
  8
Hachura
 62
0
370
9
100
AcDbLine
 10
7860.726075745808
 20
11403.926061411616
 30
0.0
 11
7859.758692063554
 21
11405.86082877612
 31
0.0
  0
LINE
  5
13D
330
17
100
AcDbEntity
  8
Hachura
 62
0
370
9
100
AcDbLine
 10
7861.0468232380435
 20
11405.8590369904
 30
0.0
 11
7861.0468232380435
 21
11403.924269625895
 31
0.0
  0
LINE
  5
13E
330
17
100
AcDbEntity
  8
Hachura
 62
0
370
9
100
AcDbLine
 10
7849.568917281468
 20
11410.454392268242
 30
0.0
 11
7849.568917281468
 21
11402.639730523613
 31
0.0
  0
LINE
  5
13F
330
17
100
AcDbEntity
  8
Hachura
 62
0
370
9
100
AcDbLine
 10
7856.276110809597
 20
11406.634735747646
 30
0.0
 11
7856.276110809597
 21
11403.281138956783
 31
0.0
  0
LINE
  5
140
330
17
100
AcDbEntity
  8
Hachura
 62
0
370
9
100
AcDbLine
 10
7856.208393952269
 20
11406.634735747646
 30
0.0
 11
7856.208393952269
 21
11403.281138956783
 31
0.0
  0
LINE
  5
141
330
17
100
AcDbEntity
  8
Hachura
 62
0
370
9
100
AcDbLine
 10
7853.051498535428
 20
11403.02317000915
 30
0.0
 11
7853.051498535428
 21
11406.892704738155
 31
0.0
  0
LINE
  5
142
330
17
100
AcDbEntity
  8
Hachura
 62
0
370
9
100
AcDbLine
 10
7850.471808716093
 20
11398.508712825314
 30
0.0
 11
7850.471808716093
 21
11411.407161921992
 31
0.0
  0
LINE
  5
143
330
17
100
AcDbEntity
  8
Hachura
 62
0
370
9
100
AcDbLine
 10
7849.568917281468
 20
11411.407161921992
 30
0.0
 11
7849.568917281468
 21
11398.512254589708
 31
0.0
  0
LINE
  5
144
330
17
100
AcDbEntity
  8
Hachura
 62
0
370
9
100
AcDbLine
 10
7856.276110809597
 20
11404.31301491882
 30
0.0
 11
7853.051498535428
 21
11404.31301491882
 31
0.0
  0
LINE
  5
145
330
17
100
AcDbEntity
  8
Hachura
 62
0
370
9
100
AcDbLine
 10
7856.276110809597
 20
11403.281138956783
 30
0.0
 11
7853.051498535428
 21
11403.281138956783
 31
0.0
  0
LINE
  5
146
330
17
100
AcDbEntity
  8
Hachura
 62
0
370
9
100
AcDbLine
 10
7850.471808716093
 20
11404.957937373654
 30
0.0
 11
7850.471808716093
 21
11403.02317000915
 31
0.0
  0
LINE
  5
147
330
17
100
AcDbEntity
  8
Hachura
 62
0
370
9
100
AcDbLine
 10
7850.471808716093
 20
11403.668092463984
 30
0.0
 11
7850.471808716093
 21
11404.31301491882
 31
0.0
  0
LINE
  5
148
330
17
100
AcDbEntity
  8
Hachura
 62
0
370
9
100
AcDbLine
 10
7850.471808716093
 20
11404.952297011292
 30
0.0
 11
7849.568917281468
 21
11404.952297011292
 31
0.0
  0
LINE
  5
149
330
17
100
AcDbEntity
  8
Hachura
 62
0
370
9
100
AcDbLine
 10
7850.471808716093
 20
11404.645755319943
 30
0.0
 11
7852.47096790555
 21
11404.645755319943
 31
0.0
  0
LINE
  5
14A
330
17
100
AcDbEntity
  8
Hachura
 62
0
370
9
100
AcDbLine
 10
7852.47096790555
 20
11405.161693300963
 30
0.0
 11
7850.471808716093
 21
11405.161693300963
 31
0.0
  0
LINE
  5
14B
330
17
100
AcDbEntity
  8
Hachura
 62
0
370
9
100
AcDbLine
 10
7850.49008327316
 20
11401.918060749922
 30
0.0
 11
7849.562860598078
 21
11401.918060749922
 31
0.0
  0
LINE
  5
14C
330
17
100
AcDbEntity
  8
Hachura
 62
0
370
9
100
AcDbLine
 10
7849.718963159391
 20
11403.998321740904
 30
0.0
 11
7850.1520309651105
 21
11403.998321740904
 31
0.0
  0
LINE
  5
14D
330
17
100
AcDbEntity
  8
Hachura
 62
0
370
9
100
AcDbLine
 10
7850.471808716093
 20
11403.02317000915
 30
0.0
 11
7853.051498535428
 21
11403.02317000915
 31
0.0
  0
LINE
  5
14E
330
17
100
AcDbEntity
  8
Hachura
 62
0
370
9
100
AcDbLine
 10
7850.1520309651105
 20
11403.998321740904
 30
0.0
 11
7850.363885614225
 21
11403.998321740904
 31
0.0
  0
LINE
  5
14F
330
17
100
AcDbEntity
  8
Hachura
 62
0
370
9
100
AcDbLine
 10
7849.568917281468
 20
11398.512254589708
 30
0.0
 11
7854.705585863554
 21
11398.512254589708
 31
0.0
  0
LINE
  5
150
330
17
100
AcDbEntity
  8
Hachura
 62
0
370
9
100
AcDbLine
 10
7854.728296920141
 20
11400.185511199308
 30
0.0
 11
7852.517988602287
 21
11400.767171273363
 31
0.0
  0
LINE
  5
151
330
17
100
AcDbEntity
  8
Hachura
 62
0
370
9
100
AcDbLine
 10
7854.728296920141
 20
11398.508712825314
 30
0.0
 11
7854.728296920141
 21
11400.185511199308
 31
0.0
  0
LINE
  5
152
330
17
100
AcDbEntity
  8
Hachura
 62
0
370
9
100
AcDbLine
 10
7852.277591596058
 20
11401.079015311736
 30
0.0
 11
7852.277591596058
 21
11403.02317000915
 31
0.0
  0
LINE
  5
153
330
17
100
AcDbEntity
  8
Hachura
 62
0
370
9
100
AcDbLine
 10
7850.471808716093
 20
11398.508712825314
 30
0.0
 11
7850.471808716093
 21
11403.668092463984
 31
0.0
  0
LINE
  5
154
330
17
100
AcDbEntity
  8
Hachura
 62
0
370
9
100
AcDbLine
 10
7854.728296920141
 20
11409.730363505121
 30
0.0
 11
7852.517988602287
 21
11409.148703431067
 31
0.0
  0
LINE
  5
155
330
17
100
AcDbEntity
  8
Hachura
 62
0
370
9
100
AcDbLine
 10
7853.051498535428
 20
11406.634735747646
 30
0.0
 11
7856.276110809597
 21
11406.634735747646
 31
0.0
  0
LINE
  5
156
330
17
100
AcDbEntity
  8
Hachura
 62
0
370
9
100
AcDbLine
 10
7856.276110809597
 20
11405.86082877612
 30
0.0
 11
7853.051498535428
 21
11405.86082877612
 31
0.0
  0
LINE
  5
157
330
17
100
AcDbEntity
  8
Hachura
 62
0
370
9
100
AcDbLine
 10
7850.49008327316
 20
11407.984075344131
 30
0.0
 11
7849.568917281468
 21
11407.984075344131
 31
0.0
  0
LINE
  5
158
330
17
100
AcDbEntity
  8
Hachura
 62
0
370
9
100
AcDbLine
 10
7850.345507697272
 20
11405.933089105409
 30
0.0
 11
7849.912439902274
 21
11405.933089105409
 31
0.0
  0
LINE
  5
159
330
17
100
AcDbEntity
  8
Hachura
 62
0
370
9
100
AcDbLine
 10
7850.49008327316
 20
11409.416328948995
 30
0.0
 11
7849.562860598078
 21
11409.416328948995
 31
0.0
  0
LINE
  5
15A
330
17
100
AcDbEntity
  8
Hachura
 62
0
370
9
100
AcDbLine
 10
7853.051498535428
 20
11406.892704738155
 30
0.0
 11
7850.471808716093
 21
11406.892704738155
 31
0.0
  0
LINE
  5
15B
330
17
100
AcDbEntity
  8
Hachura
 62
0
370
9
100
AcDbLine
 10
7853.051498535428
 20
11406.892704738155
 30
0.0
 11
7853.051498535428
 21
11406.634735747646
 31
0.0
  0
LINE
  5
15C
330
17
100
AcDbEntity
  8
Hachura
 62
0
370
9
100
AcDbLine
 10
7853.051498535428
 20
11406.892704738155
 30
0.0
 11
7853.051498535428
 21
11406.634735747646
 31
0.0
  0
LINE
  5
15D
330
17
100
AcDbEntity
  8
Hachura
 62
0
370
9
100
AcDbLine
 10
7852.277591596058
 20
11408.836859392692
 30
0.0
 11
7852.277591596058
 21
11406.888822814477
 31
0.0
  0
LINE
  5
15E
330
17
100
AcDbEntity
  8
Hachura
 62
0
370
9
100
AcDbLine
 10
7850.471808716093
 20
11411.407161921992
 30
0.0
 11
7854.728296920141
 21
11411.407161921992
 31
0.0
  0
LINE
  5
15F
330
17
100
AcDbEntity
  8
Hachura
 62
0
370
9
100
AcDbLine
 10
7850.471808716093
 20
11411.407161921992
 30
0.0
 11
7849.568917281468
 21
11411.407161921992
 31
0.0
  0
LINE
  5
160
330
17
100
AcDbEntity
  8
Hachura
 62
0
370
9
100
AcDbLine
 10
7850.49008327316
 20
11410.258830865198
 30
0.0
 11
7849.562860598078
 21
11410.258830865198
 31
0.0
  0
LINE
  5
161
330
17
100
AcDbEntity
  8
Hachura
 62
0
370
9
100
AcDbLine
 10
7850.49008327316
 20
11410.722207097057
 30
0.0
 11
7849.562860598078
 21
11410.722207097057
 31
0.0
  0
LINE
  5
162
330
17
100
AcDbEntity
  8
Hachura
 62
0
370
9
100
AcDbLine
 10
7850.49008327316
 20
11411.059207829234
 30
0.0
 11
7849.562860598078
 21
11411.059207829234
 31
0.0
  0
LINE
  5
163
330
17
100
AcDbEntity
  8
Hachura
 62
0
370
9
100
AcDbLine
 10
7850.49008327316
 20
11411.26983357628
 30
0.0
 11
7849.562860598078
 21
11411.26983357628
 31
0.0
  0
LINE
  5
164
330
17
100
AcDbEntity
  8
Hachura
 62
0
370
9
100
AcDbLine
 10
7854.728296920141
 20
11411.407161921992
 30
0.0
 11
7854.728296920141
 21
11409.730363505121
 31
0.0
  0
LINE
  5
165
330
17
100
AcDbEntity
  8
Hachura
 62
0
370
9
100
AcDbLine
 10
7856.276110809597
 20
11405.086921828608
 30
0.0
 11
7856.909584092424
 21
11403.819975275643
 31
0.0
  0
LINE
  5
166
330
17
100
AcDbEntity
  8
Hachura
 62
0
370
9
100
AcDbLine
 10
7856.276110809597
 20
11404.82895285079
 30
0.0
 11
7856.727556530983
 21
11403.926061408018
 31
0.0
  0
LINE
  5
167
330
17
100
AcDbEntity
  8
Hachura
 62
0
370
9
100
AcDbLine
 10
7856.276110809597
 20
11403.926061408018
 30
0.0
 11
7856.727556530983
 21
11403.926061408018
 31
0.0
  0
LINE
  5
168
330
17
100
AcDbEntity
  8
Hachura
 62
0
370
9
100
AcDbLine
 10
7850.49008327316
 20
11400.503087562705
 30
0.0
 11
7849.562860598078
 21
11400.503087562705
 31
0.0
  0
LINE
  5
169
330
17
100
AcDbEntity
  8
Hachura
 62
0
370
9
100
AcDbLine
 10
7850.49008327316
 20
11399.660585646503
 30
0.0
 11
7849.562860598078
 21
11399.660585646503
 31
0.0
  0
LINE
  5
16A
330
17
100
AcDbEntity
  8
Hachura
 62
0
370
9
100
AcDbLine
 10
7850.49008327316
 20
11399.197209414644
 30
0.0
 11
7849.562860598078
 21
11399.197209414644
 31
0.0
  0
LINE
  5
16B
330
17
100
AcDbEntity
  8
Hachura
 62
0
370
9
100
AcDbLine
 10
7850.49008327316
 20
11398.860208682467
 30
0.0
 11
7849.562860598078
 21
11398.860208682467
 31
0.0
  0
LINE
  5
16C
330
17
100
AcDbEntity
  8
Hachura
 62
0
370
9
100
AcDbLine
 10
7850.49008327316
 20
11398.64958293542
 30
0.0
 11
7849.562860598078
 21
11398.64958293542
 31
0.0
  0
LINE
  5
16D
330
17
100
AcDbEntity
  8
Hachura
 62
0
370
9
100
AcDbLine
 10
7725.572619309424
 20
11403.926683675756
 30
0.0
 11
7724.92769685459
 21
11403.926683675756
 31
0.0
  0
LINE
  5
16E
330
17
100
AcDbEntity
  8
Hachura
 62
0
370
9
100
AcDbLine
 10
7724.411758895009
 20
11403.926683675756
 30
0.0
 11
7725.379142577263
 21
11405.861451040259
 31
0.0
  0
LINE
  5
16F
330
17
100
AcDbEntity
  8
Hachura
 62
0
370
9
100
AcDbLine
 10
7724.504401735562
 20
11403.85400034491
 30
0.0
 11
7725.587208071463
 21
11406.01961310247
 31
0.0
  0
LINE
  5
170
330
17
100
AcDbEntity
  8
Hachura
 62
0
370
9
100
AcDbLine
 10
7725.81595814892
 20
11405.961175212047
 30
0.0
 11
7724.745669293148
 21
11403.820597543381
 31
0.0
  0
LINE
  5
171
330
17
100
AcDbEntity
  8
Hachura
 62
0
370
9
100
AcDbLine
 10
7725.895080536839
 20
11405.861451040259
 30
0.0
 11
7724.92769685459
 21
11403.926683675756
 31
0.0
  0
LINE
  5
172
330
17
100
AcDbEntity
  8
Hachura
 62
0
370
9
100
AcDbLine
 10
7726.540002991673
 20
11405.861451040259
 30
0.0
 11
7725.895080536839
 21
11405.861451040259
 31
0.0
  0
LINE
  5
173
330
17
100
AcDbEntity
  8
Hachura
 62
0
370
9
100
AcDbLine
 10
7728.216801376386
 20
11405.861451040259
 30
0.0
 11
7728.86172383122
 21
11405.861451040259
 31
0.0
  0
LINE
  5
174
330
17
100
AcDbEntity
  8
Hachura
 62
0
370
9
100
AcDbLine
 10
7727.267795611091
 20
11405.861451040259
 30
0.0
 11
7727.0559409619755
 21
11405.861451040259
 31
0.0
  0
LINE
  5
175
330
17
100
AcDbEntity
  8
Hachura
 62
0
370
9
100
AcDbLine
 10
7727.267795611091
 20
11405.861451040259
 30
0.0
 11
7727.700863416805
 21
11405.861451040259
 31
0.0
  0
LINE
  5
176
330
17
100
AcDbEntity
  8
Hachura
 62
0
370
9
100
AcDbLine
 10
7726.733479734556
 20
11403.926683675756
 30
0.0
 11
7726.0885572797215
 21
11403.926683675756
 31
0.0
  0
LINE
  5
177
330
17
100
AcDbEntity
  8
Hachura
 62
0
370
9
100
AcDbLine
 10
7727.8943401489705
 20
11403.926683675756
 30
0.0
 11
7727.249417694136
 21
11403.926683675756
 31
0.0
  0
LINE
  5
178
330
17
100
AcDbEntity
  8
Hachura
 62
0
370
9
100
AcDbLine
 10
7725.572619309424
 20
11403.926683675756
 30
0.0
 11
7726.540002991673
 21
11405.861451040259
 31
0.0
  0
LINE
  5
179
330
17
100
AcDbEntity
  8
Hachura
 62
0
370
9
100
AcDbLine
 10
7725.665262160694
 20
11403.85400034491
 30
0.0
 11
7726.748068496594
 21
11406.01961310247
 31
0.0
  0
LINE
  5
17A
330
17
100
AcDbEntity
  8
Hachura
 62
0
370
9
100
AcDbLine
 10
7726.97681856333
 20
11405.961175212047
 30
0.0
 11
7725.906529718281
 21
11403.820597543381
 31
0.0
  0
LINE
  5
17B
330
17
100
AcDbEntity
  8
Hachura
 62
0
370
9
100
AcDbLine
 10
7727.0559409619755
 20
11405.861451040259
 30
0.0
 11
7726.0885572797215
 21
11403.926683675756
 31
0.0
  0
LINE
  5
17C
330
17
100
AcDbEntity
  8
Hachura
 62
0
370
9
100
AcDbLine
 10
7727.8943401489705
 20
11403.926683675756
 30
0.0
 11
7728.86172383122
 21
11405.861451040259
 31
0.0
  0
LINE
  5
17D
330
17
100
AcDbEntity
  8
Hachura
 62
0
370
9
100
AcDbLine
 10
7726.733479734556
 20
11403.926683675756
 30
0.0
 11
7727.700863416805
 21
11405.861451040259
 31
0.0
  0
LINE
  5
17E
330
17
100
AcDbEntity
  8
Hachura
 62
0
370
9
100
AcDbLine
 10
7726.8261225751085
 20
11403.85400034491
 30
0.0
 11
7727.908928911009
 21
11406.01961310247
 31
0.0
  0
LINE
  5
17F
330
17
100
AcDbEntity
  8
Hachura
 62
0
370
9
100
AcDbLine
 10
7728.137678977744
 20
11405.961175212047
 30
0.0
 11
7727.0673901326945
 21
11403.820597543381
 31
0.0
  0
LINE
  5
180
330
17
100
AcDbEntity
  8
Hachura
 62
0
370
9
100
AcDbLine
 10
7728.216801376386
 20
11405.861451040259
 30
0.0
 11
7727.249417694136
 21
11403.926683675756
 31
0.0
  0
LINE
  5
181
330
17
100
AcDbEntity
  8
Hachura
 62
0
370
9
100
AcDbLine
 10
7724.089401306191
 20
11405.603689369826
 30
0.0
 11
7724.2182821628485
 21
11405.861451040259
 31
0.0
  0
LINE
  5
182
330
17
100
AcDbEntity
  8
Hachura
 62
0
370
9
100
AcDbLine
 10
7724.089401306191
 20
11405.345720379315
 30
0.0
 11
7724.42634766777
 21
11406.01961310247
 31
0.0
  0
LINE
  5
183
330
17
100
AcDbEntity
  8
Hachura
 62
0
370
9
100
AcDbLine
 10
7724.091011402774
 20
11405.85965925454
 30
0.0
 11
7723.768550153915
 21
11405.537198027123
 31
0.0
  0
LINE
  5
184
330
17
100
AcDbEntity
  8
Hachura
 62
0
370
9
100
AcDbLine
 10
7724.734220122429
 20
11405.861451040259
 30
0.0
 11
7725.379142577263
 21
11405.861451040259
 31
0.0
  0
LINE
  5
185
330
17
100
AcDbEntity
  8
Hachura
 62
0
370
9
100
AcDbLine
 10
7724.411758895009
 20
11403.926683675756
 30
0.0
 11
7724.089401306191
 21
11403.926683675756
 31
0.0
  0
LINE
  5
186
330
17
100
AcDbEntity
  8
Hachura
 62
0
370
9
100
AcDbLine
 10
7724.091011381335
 20
11403.924806389266
 30
0.0
 11
7723.768550153915
 21
11404.247353117455
 31
0.0
  0
LINE
  5
187
330
17
100
AcDbEntity
  8
Hachura
 62
0
370
9
100
AcDbLine
 10
7726.300411939559
 20
11403.926683675756
 30
0.0
 11
7726.0885572904435
 21
11403.926683675756
 31
0.0
  0
LINE
  5
188
330
17
100
AcDbEntity
  8
Hachura
 62
0
370
9
100
AcDbLine
 10
7724.655097734505
 20
11405.961175212047
 30
0.0
 11
7724.089401306191
 21
11404.829782398298
 31
0.0
  0
LINE
  5
189
330
17
100
AcDbEntity
  8
Hachura
 62
0
370
9
100
AcDbLine
 10
7724.734220122429
 20
11405.861451040259
 30
0.0
 11
7724.089401306191
 21
11404.571813450668
 31
0.0
  0
LINE
  5
18A
330
17
100
AcDbEntity
  8
Hachura
 62
0
370
9
100
AcDbLine
 10
7723.768550153915
 20
11404.247353117455
 30
0.0
 11
7723.768550153915
 21
11405.537198027123
 31
0.0
  0
LINE
  5
18B
330
17
100
AcDbEntity
  8
Hachura
 62
0
370
9
100
AcDbLine
 10
7724.411758895009
 20
11403.926683675756
 30
0.0
 11
7725.379142577263
 21
11405.861451040259
 31
0.0
  0
LINE
  5
18C
330
17
100
AcDbEntity
  8
Hachura
 62
0
370
9
100
AcDbLine
 10
7724.091011402774
 20
11405.85965925454
 30
0.0
 11
7724.091011402774
 21
11403.924891890038
 31
0.0
  0
LINE
  5
18D
330
17
100
AcDbEntity
  8
Hachura
 62
0
370
9
100
AcDbLine
 10
7735.568917359349
 20
11410.455014532383
 30
0.0
 11
7735.568917359349
 21
11402.640352787754
 31
0.0
  0
LINE
  5
18E
330
17
100
AcDbEntity
  8
Hachura
 62
0
370
9
100
AcDbLine
 10
7728.86172383122
 20
11406.635358011787
 30
0.0
 11
7728.86172383122
 21
11403.281761220922
 31
0.0
  0
LINE
  5
18F
330
17
100
AcDbEntity
  8
Hachura
 62
0
370
9
100
AcDbLine
 10
7728.929440688548
 20
11406.635358011787
 30
0.0
 11
7728.929440688548
 21
11403.281761220922
 31
0.0
  0
LINE
  5
190
330
17
100
AcDbEntity
  8
Hachura
 62
0
370
9
100
AcDbLine
 10
7732.086336105389
 20
11403.023792273292
 30
0.0
 11
7732.086336105389
 21
11406.893327002295
 31
0.0
  0
LINE
  5
191
330
17
100
AcDbEntity
  8
Hachura
 62
0
370
9
100
AcDbLine
 10
7734.666025924725
 20
11398.509335089455
 30
0.0
 11
7734.666025924725
 21
11411.407784186133
 31
0.0
  0
LINE
  5
192
330
17
100
AcDbEntity
  8
Hachura
 62
0
370
9
100
AcDbLine
 10
7735.568917359349
 20
11411.407784186133
 30
0.0
 11
7735.568917359349
 21
11398.512876853849
 31
0.0
  0
LINE
  5
193
330
17
100
AcDbEntity
  8
Hachura
 62
0
370
9
100
AcDbLine
 10
7728.86172383122
 20
11404.31363718296
 30
0.0
 11
7732.086336105389
 21
11404.31363718296
 31
0.0
  0
LINE
  5
194
330
17
100
AcDbEntity
  8
Hachura
 62
0
370
9
100
AcDbLine
 10
7728.86172383122
 20
11403.281761220922
 30
0.0
 11
7732.086336105389
 21
11403.281761220922
 31
0.0
  0
LINE
  5
195
330
17
100
AcDbEntity
  8
Hachura
 62
0
370
9
100
AcDbLine
 10
7734.666025924725
 20
11404.958559637795
 30
0.0
 11
7734.666025924725
 21
11403.023792273292
 31
0.0
  0
LINE
  5
196
330
17
100
AcDbEntity
  8
Hachura
 62
0
370
9
100
AcDbLine
 10
7734.666025924725
 20
11403.668714728125
 30
0.0
 11
7734.666025924725
 21
11404.31363718296
 31
0.0
  0
LINE
  5
197
330
17
100
AcDbEntity
  8
Hachura
 62
0
370
9
100
AcDbLine
 10
7734.666025924725
 20
11404.952919275433
 30
0.0
 11
7735.568917359349
 21
11404.952919275433
 31
0.0
  0
LINE
  5
198
330
17
100
AcDbEntity
  8
Hachura
 62
0
370
9
100
AcDbLine
 10
7734.666025924725
 20
11404.646377584084
 30
0.0
 11
7732.666866735267
 21
11404.646377584084
 31
0.0
  0
LINE
  5
199
330
17
100
AcDbEntity
  8
Hachura
 62
0
370
9
100
AcDbLine
 10
7732.666866735267
 20
11405.162315565103
 30
0.0
 11
7734.666025924725
 21
11405.162315565103
 31
0.0
  0
LINE
  5
19A
330
17
100
AcDbEntity
  8
Hachura
 62
0
370
9
100
AcDbLine
 10
7734.647751367657
 20
11401.918683014062
 30
0.0
 11
7735.574974042739
 21
11401.918683014062
 31
0.0
  0
LINE
  5
19B
330
17
100
AcDbEntity
  8
Hachura
 62
0
370
9
100
AcDbLine
 10
7735.418871481426
 20
11403.998944005045
 30
0.0
 11
7734.985803675707
 21
11403.998944005045
 31
0.0
  0
LINE
  5
19C
330
17
100
AcDbEntity
  8
Hachura
 62
0
370
9
100
AcDbLine
 10
7734.666025924725
 20
11403.023792273292
 30
0.0
 11
7732.086336105389
 21
11403.023792273292
 31
0.0
  0
LINE
  5
19D
330
17
100
AcDbEntity
  8
Hachura
 62
0
370
9
100
AcDbLine
 10
7734.985803675707
 20
11403.998944005045
 30
0.0
 11
7734.773949026592
 21
11403.998944005045
 31
0.0
  0
LINE
  5
19E
330
17
100
AcDbEntity
  8
Hachura
 62
0
370
9
100
AcDbLine
 10
7735.568917359349
 20
11398.512876853849
 30
0.0
 11
7730.432248777263
 21
11398.512876853849
 31
0.0
  0
LINE
  5
19F
330
17
100
AcDbEntity
  8
Hachura
 62
0
370
9
100
AcDbLine
 10
7730.409537720677
 20
11400.186133463449
 30
0.0
 11
7732.61984603853
 21
11400.767793537503
 31
0.0
  0
LINE
  5
1A0
330
17
100
AcDbEntity
  8
Hachura
 62
0
370
9
100
AcDbLine
 10
7730.409537720677
 20
11398.509335089455
 30
0.0
 11
7730.409537720677
 21
11400.186133463449
 31
0.0
  0
LINE
  5
1A1
330
17
100
AcDbEntity
  8
Hachura
 62
0
370
9
100
AcDbLine
 10
7732.860243044759
 20
11401.079637575876
 30
0.0
 11
7732.860243044759
 21
11403.023792273292
 31
0.0
  0
LINE
  5
1A2
330
17
100
AcDbEntity
  8
Hachura
 62
0
370
9
100
AcDbLine
 10
7734.666025924725
 20
11398.509335089455
 30
0.0
 11
7734.666025924725
 21
11403.668714728125
 31
0.0
  0
LINE
  5
1A3
330
17
100
AcDbEntity
  8
Hachura
 62
0
370
9
100
AcDbLine
 10
7730.409537720677
 20
11409.730985769263
 30
0.0
 11
7732.61984603853
 21
11409.149325695207
 31
0.0
  0
LINE
  5
1A4
330
17
100
AcDbEntity
  8
Hachura
 62
0
370
9
100
AcDbLine
 10
7732.086336105389
 20
11406.635358011787
 30
0.0
 11
7728.86172383122
 21
11406.635358011787
 31
0.0
  0
LINE
  5
1A5
330
17
100
AcDbEntity
  8
Hachura
 62
0
370
9
100
AcDbLine
 10
7728.86172383122
 20
11405.861451040259
 30
0.0
 11
7732.086336105389
 21
11405.861451040259
 31
0.0
  0
LINE
  5
1A6
330
17
100
AcDbEntity
  8
Hachura
 62
0
370
9
100
AcDbLine
 10
7734.647751367657
 20
11407.984697608272
 30
0.0
 11
7735.568917359349
 21
11407.984697608272
 31
0.0
  0
LINE
  5
1A7
330
17
100
AcDbEntity
  8
Hachura
 62
0
370
9
100
AcDbLine
 10
7734.792326943545
 20
11405.93371136955
 30
0.0
 11
7735.225394738543
 21
11405.93371136955
 31
0.0
  0
LINE
  5
1A8
330
17
100
AcDbEntity
  8
Hachura
 62
0
370
9
100
AcDbLine
 10
7734.647751367657
 20
11409.416951213136
 30
0.0
 11
7735.574974042739
 21
11409.416951213136
 31
0.0
  0
LINE
  5
1A9
330
17
100
AcDbEntity
  8
Hachura
 62
0
370
9
100
AcDbLine
 10
7732.086336105389
 20
11406.893327002295
 30
0.0
 11
7734.666025924725
 21
11406.893327002295
 31
0.0
  0
LINE
  5
1AA
330
17
100
AcDbEntity
  8
Hachura
 62
0
370
9
100
AcDbLine
 10
7732.086336105389
 20
11406.893327002295
 30
0.0
 11
7732.086336105389
 21
11406.635358011787
 31
0.0
  0
LINE
  5
1AB
330
17
100
AcDbEntity
  8
Hachura
 62
0
370
9
100
AcDbLine
 10
7732.086336105389
 20
11406.893327002295
 30
0.0
 11
7732.086336105389
 21
11406.635358011787
 31
0.0
  0
LINE
  5
1AC
330
17
100
AcDbEntity
  8
Hachura
 62
0
370
9
100
AcDbLine
 10
7732.860243044759
 20
11408.837481656832
 30
0.0
 11
7732.860243044759
 21
11406.889445078617
 31
0.0
  0
LINE
  5
1AD
330
17
100
AcDbEntity
  8
Hachura
 62
0
370
9
100
AcDbLine
 10
7734.666025924725
 20
11411.407784186133
 30
0.0
 11
7730.409537720677
 21
11411.407784186133
 31
0.0
  0
LINE
  5
1AE
330
17
100
AcDbEntity
  8
Hachura
 62
0
370
9
100
AcDbLine
 10
7734.666025924725
 20
11411.407784186133
 30
0.0
 11
7735.568917359349
 21
11411.407784186133
 31
0.0
  0
LINE
  5
1AF
330
17
100
AcDbEntity
  8
Hachura
 62
0
370
9
100
AcDbLine
 10
7734.647751367657
 20
11410.25945312934
 30
0.0
 11
7735.574974042739
 21
11410.25945312934
 31
0.0
  0
LINE
  5
1B0
330
17
100
AcDbEntity
  8
Hachura
 62
0
370
9
100
AcDbLine
 10
7734.647751367657
 20
11410.722829361197
 30
0.0
 11
7735.574974042739
 21
11410.722829361197
 31
0.0
  0
LINE
  5
1B1
330
17
100
AcDbEntity
  8
Hachura
 62
0
370
9
100
AcDbLine
 10
7734.647751367657
 20
11411.059830093374
 30
0.0
 11
7735.574974042739
 21
11411.059830093374
 31
0.0
  0
LINE
  5
1B2
330
17
100
AcDbEntity
  8
Hachura
 62
0
370
9
100
AcDbLine
 10
7734.647751367657
 20
11411.27045584042
 30
0.0
 11
7735.574974042739
 21
11411.27045584042
 31
0.0
  0
LINE
  5
1B3
330
17
100
AcDbEntity
  8
Hachura
 62
0
370
9
100
AcDbLine
 10
7730.409537720677
 20
11411.407784186133
 30
0.0
 11
7730.409537720677
 21
11409.730985769263
 31
0.0
  0
LINE
  5
1B4
330
17
100
AcDbEntity
  8
Hachura
 62
0
370
9
100
AcDbLine
 10
7728.86172383122
 20
11405.087544092748
 30
0.0
 11
7728.228250548394
 21
11403.820597539783
 31
0.0
  0
LINE
  5
1B5
330
17
100
AcDbEntity
  8
Hachura
 62
0
370
9
100
AcDbLine
 10
7728.86172383122
 20
11404.82957511493
 30
0.0
 11
7728.4102781098345
 21
11403.926683672158
 31
0.0
  0
LINE
  5
1B6
330
17
100
AcDbEntity
  8
Hachura
 62
0
370
9
100
AcDbLine
 10
7728.86172383122
 20
11403.926683672158
 30
0.0
 11
7728.4102781098345
 21
11403.926683672158
 31
0.0
  0
LINE
  5
1B7
330
17
100
AcDbEntity
  8
Hachura
 62
0
370
9
100
AcDbLine
 10
7734.647751367657
 20
11400.503709826846
 30
0.0
 11
7735.574974042739
 21
11400.503709826846
 31
0.0
  0
LINE
  5
1B8
330
17
100
AcDbEntity
  8
Hachura
 62
0
370
9
100
AcDbLine
 10
7734.647751367657
 20
11399.661207910642
 30
0.0
 11
7735.574974042739
 21
11399.661207910642
 31
0.0
  0
LINE
  5
1B9
330
17
100
AcDbEntity
  8
Hachura
 62
0
370
9
100
AcDbLine
 10
7734.647751367657
 20
11399.197831678784
 30
0.0
 11
7735.574974042739
 21
11399.197831678784
 31
0.0
  0
LINE
  5
1BA
330
17
100
AcDbEntity
  8
Hachura
 62
0
370
9
100
AcDbLine
 10
7734.647751367657
 20
11398.860830946607
 30
0.0
 11
7735.574974042739
 21
11398.860830946607
 31
0.0
  0
LINE
  5
1BB
330
17
100
AcDbEntity
  8
Hachura
 62
0
370
9
100
AcDbLine
 10
7734.647751367657
 20
11398.650205199561
 30
0.0
 11
7735.574974042739
 21
11398.650205199561
 31
0.0
  0
LINE
  5
1BC
330
17
100
AcDbEntity
  8
Hachura
 62
0
370
9
100
AcDbLine
 10
7859.565215331393
 20
11585.993967051212
 30
0.0
 11
7860.210137786227
 21
11585.993967051212
 31
0.0
  0
LINE
  5
1BD
330
17
100
AcDbEntity
  8
Hachura
 62
0
370
9
100
AcDbLine
 10
7860.726075745808
 20
11585.993967051212
 30
0.0
 11
7859.758692063554
 21
11584.05919968671
 31
0.0
  0
LINE
  5
1BE
330
17
100
AcDbEntity
  8
Hachura
 62
0
370
9
100
AcDbLine
 10
7860.633432905255
 20
11586.06665038206
 30
0.0
 11
7859.550626569355
 21
11583.9010376245
 31
0.0
  0
LINE
  5
1BF
330
17
100
AcDbEntity
  8
Hachura
 62
0
370
9
100
AcDbLine
 10
7859.3218764918975
 20
11583.959475514923
 30
0.0
 11
7860.392165347669
 21
11586.100053183589
 31
0.0
  0
LINE
  5
1C0
330
17
100
AcDbEntity
  8
Hachura
 62
0
370
9
100
AcDbLine
 10
7859.242754103979
 20
11584.05919968671
 30
0.0
 11
7860.210137786227
 21
11585.993967051212
 31
0.0
  0
LINE
  5
1C1
330
17
100
AcDbEntity
  8
Hachura
 62
0
370
9
100
AcDbLine
 10
7858.597831649145
 20
11584.05919968671
 30
0.0
 11
7859.242754103979
 21
11584.05919968671
 31
0.0
  0
LINE
  5
1C2
330
17
100
AcDbEntity
  8
Hachura
 62
0
370
9
100
AcDbLine
 10
7856.921033264432
 20
11584.05919968671
 30
0.0
 11
7856.276110809597
 21
11584.05919968671
 31
0.0
  0
LINE
  5
1C3
330
17
100
AcDbEntity
  8
Hachura
 62
0
370
9
100
AcDbLine
 10
7857.870039029726
 20
11584.05919968671
 30
0.0
 11
7858.081893678842
 21
11584.05919968671
 31
0.0
  0
LINE
  5
1C4
330
17
100
AcDbEntity
  8
Hachura
 62
0
370
9
100
AcDbLine
 10
7857.870039029726
 20
11584.05919968671
 30
0.0
 11
7857.436971224012
 21
11584.05919968671
 31
0.0
  0
LINE
  5
1C5
330
17
100
AcDbEntity
  8
Hachura
 62
0
370
9
100
AcDbLine
 10
7858.404354906262
 20
11585.993967051212
 30
0.0
 11
7859.049277361096
 21
11585.993967051212
 31
0.0
  0
LINE
  5
1C6
330
17
100
AcDbEntity
  8
Hachura
 62
0
370
9
100
AcDbLine
 10
7857.243494491847
 20
11585.993967051212
 30
0.0
 11
7857.888416946681
 21
11585.993967051212
 31
0.0
  0
LINE
  5
1C7
330
17
100
AcDbEntity
  8
Hachura
 62
0
370
9
100
AcDbLine
 10
7859.565215331393
 20
11585.993967051212
 30
0.0
 11
7858.597831649145
 21
11584.05919968671
 31
0.0
  0
LINE
  5
1C8
330
17
100
AcDbEntity
  8
Hachura
 62
0
370
9
100
AcDbLine
 10
7859.472572480124
 20
11586.06665038206
 30
0.0
 11
7858.389766144223
 21
11583.9010376245
 31
0.0
  0
LINE
  5
1C9
330
17
100
AcDbEntity
  8
Hachura
 62
0
370
9
100
AcDbLine
 10
7858.161016077487
 20
11583.959475514923
 30
0.0
 11
7859.231304922537
 21
11586.100053183589
 31
0.0
  0
LINE
  5
1CA
330
17
100
AcDbEntity
  8
Hachura
 62
0
370
9
100
AcDbLine
 10
7858.081893678842
 20
11584.05919968671
 30
0.0
 11
7859.049277361096
 21
11585.993967051212
 31
0.0
  0
LINE
  5
1CB
330
17
100
AcDbEntity
  8
Hachura
 62
0
370
9
100
AcDbLine
 10
7857.243494491847
 20
11585.993967051212
 30
0.0
 11
7856.276110809597
 21
11584.05919968671
 31
0.0
  0
LINE
  5
1CC
330
17
100
AcDbEntity
  8
Hachura
 62
0
370
9
100
AcDbLine
 10
7858.404354906262
 20
11585.993967051212
 30
0.0
 11
7857.436971224012
 21
11584.05919968671
 31
0.0
  0
LINE
  5
1CD
330
17
100
AcDbEntity
  8
Hachura
 62
0
370
9
100
AcDbLine
 10
7858.311712065709
 20
11586.06665038206
 30
0.0
 11
7857.2289057298085
 21
11583.9010376245
 31
0.0
  0
LINE
  5
1CE
330
17
100
AcDbEntity
  8
Hachura
 62
0
370
9
100
AcDbLine
 10
7857.000155663073
 20
11583.959475514923
 30
0.0
 11
7858.070444508123
 21
11586.100053183589
 31
0.0
  0
LINE
  5
1CF
330
17
100
AcDbEntity
  8
Hachura
 62
0
370
9
100
AcDbLine
 10
7856.921033264432
 20
11584.05919968671
 30
0.0
 11
7857.888416946681
 21
11585.993967051212
 31
0.0
  0
LINE
  5
1D0
330
17
100
AcDbEntity
  8
Hachura
 62
0
370
9
100
AcDbLine
 10
7861.048433334627
 20
11584.316961357144
 30
0.0
 11
7860.919552477969
 21
11584.05919968671
 31
0.0
  0
LINE
  5
1D1
330
17
100
AcDbEntity
  8
Hachura
 62
0
370
9
100
AcDbLine
 10
7861.048433334627
 20
11584.574930347655
 30
0.0
 11
7860.711486973048
 21
11583.9010376245
 31
0.0
  0
LINE
  5
1D2
330
17
100
AcDbEntity
  8
Hachura
 62
0
370
9
100
AcDbLine
 10
7861.0468232380435
 20
11584.06099147243
 30
0.0
 11
7861.369284486902
 21
11584.383452699847
 31
0.0
  0
LINE
  5
1D3
330
17
100
AcDbEntity
  8
Hachura
 62
0
370
9
100
AcDbLine
 10
7860.403614518388
 20
11584.05919968671
 30
0.0
 11
7859.758692063554
 21
11584.05919968671
 31
0.0
  0
LINE
  5
1D4
330
17
100
AcDbEntity
  8
Hachura
 62
0
370
9
100
AcDbLine
 10
7860.726075745808
 20
11585.993967051212
 30
0.0
 11
7861.048433334627
 21
11585.993967051212
 31
0.0
  0
LINE
  5
1D5
330
17
100
AcDbEntity
  8
Hachura
 62
0
370
9
100
AcDbLine
 10
7861.046823259482
 20
11585.995844337704
 30
0.0
 11
7861.369284486902
 21
11585.673297609515
 31
0.0
  0
LINE
  5
1D6
330
17
100
AcDbEntity
  8
Hachura
 62
0
370
9
100
AcDbLine
 10
7858.837422701258
 20
11585.993967051212
 30
0.0
 11
7859.049277350374
 21
11585.993967051212
 31
0.0
  0
LINE
  5
1D7
330
17
100
AcDbEntity
  8
Hachura
 62
0
370
9
100
AcDbLine
 10
7860.482736906312
 20
11583.959475514923
 30
0.0
 11
7861.048433334627
 21
11585.090868328673
 31
0.0
  0
LINE
  5
1D8
330
17
100
AcDbEntity
  8
Hachura
 62
0
370
9
100
AcDbLine
 10
7860.403614518388
 20
11584.05919968671
 30
0.0
 11
7861.048433334627
 21
11585.348837276302
 31
0.0
  0
LINE
  5
1D9
330
17
100
AcDbEntity
  8
Hachura
 62
0
370
9
100
AcDbLine
 10
7861.369284486902
 20
11585.673297609515
 30
0.0
 11
7861.369284486902
 21
11584.383452699847
 31
0.0
  0
LINE
  5
1DA
330
17
100
AcDbEntity
  8
Hachura
 62
0
370
9
100
AcDbLine
 10
7860.726075745808
 20
11585.993967051212
 30
0.0
 11
7859.758692063554
 21
11584.05919968671
 31
0.0
  0
LINE
  5
1DB
330
17
100
AcDbEntity
  8
Hachura
 62
0
370
9
100
AcDbLine
 10
7861.0468232380435
 20
11584.06099147243
 30
0.0
 11
7861.0468232380435
 21
11585.995758836933
 31
0.0
  0
LINE
  5
1DC
330
17
100
AcDbEntity
  8
Hachura
 62
0
370
9
100
AcDbLine
 10
7849.568917281468
 20
11579.465636194587
 30
0.0
 11
7849.568917281468
 21
11587.280297939216
 31
0.0
  0
LINE
  5
1DD
330
17
100
AcDbEntity
  8
Hachura
 62
0
370
9
100
AcDbLine
 10
7856.276110809597
 20
11583.285292715183
 30
0.0
 11
7856.276110809597
 21
11586.638889506046
 31
0.0
  0
LINE
  5
1DE
330
17
100
AcDbEntity
  8
Hachura
 62
0
370
9
100
AcDbLine
 10
7856.208393952269
 20
11583.285292715183
 30
0.0
 11
7856.208393952269
 21
11586.638889506046
 31
0.0
  0
LINE
  5
1DF
330
17
100
AcDbEntity
  8
Hachura
 62
0
370
9
100
AcDbLine
 10
7853.051498535428
 20
11586.896858453678
 30
0.0
 11
7853.051498535428
 21
11583.027323724673
 31
0.0
  0
LINE
  5
1E0
330
17
100
AcDbEntity
  8
Hachura
 62
0
370
9
100
AcDbLine
 10
7850.471808716093
 20
11591.411315637515
 30
0.0
 11
7850.471808716093
 21
11578.512866540837
 31
0.0
  0
LINE
  5
1E1
330
17
100
AcDbEntity
  8
Hachura
 62
0
370
9
100
AcDbLine
 10
7849.568917281468
 20
11578.512866540837
 30
0.0
 11
7849.568917281468
 21
11591.407773873121
 31
0.0
  0
LINE
  5
1E2
330
17
100
AcDbEntity
  8
Hachura
 62
0
370
9
100
AcDbLine
 10
7856.276110809597
 20
11585.60701354401
 30
0.0
 11
7853.051498535428
 21
11585.60701354401
 31
0.0
  0
LINE
  5
1E3
330
17
100
AcDbEntity
  8
Hachura
 62
0
370
9
100
AcDbLine
 10
7856.276110809597
 20
11586.638889506046
 30
0.0
 11
7853.051498535428
 21
11586.638889506046
 31
0.0
  0
LINE
  5
1E4
330
17
100
AcDbEntity
  8
Hachura
 62
0
370
9
100
AcDbLine
 10
7850.471808716093
 20
11584.962091089175
 30
0.0
 11
7850.471808716093
 21
11586.896858453678
 31
0.0
  0
LINE
  5
1E5
330
17
100
AcDbEntity
  8
Hachura
 62
0
370
9
100
AcDbLine
 10
7850.471808716093
 20
11586.251935998846
 30
0.0
 11
7850.471808716093
 21
11585.60701354401
 31
0.0
  0
LINE
  5
1E6
330
17
100
AcDbEntity
  8
Hachura
 62
0
370
9
100
AcDbLine
 10
7850.471808716093
 20
11584.967731451537
 30
0.0
 11
7849.568917281468
 21
11584.967731451537
 31
0.0
  0
LINE
  5
1E7
330
17
100
AcDbEntity
  8
Hachura
 62
0
370
9
100
AcDbLine
 10
7850.471808716093
 20
11585.274273142886
 30
0.0
 11
7852.47096790555
 21
11585.274273142886
 31
0.0
  0
LINE
  5
1E8
330
17
100
AcDbEntity
  8
Hachura
 62
0
370
9
100
AcDbLine
 10
7852.47096790555
 20
11584.758335161867
 30
0.0
 11
7850.471808716093
 21
11584.758335161867
 31
0.0
  0
LINE
  5
1E9
330
17
100
AcDbEntity
  8
Hachura
 62
0
370
9
100
AcDbLine
 10
7850.49008327316
 20
11588.001967712908
 30
0.0
 11
7849.562860598078
 21
11588.001967712908
 31
0.0
  0
LINE
  5
1EA
330
17
100
AcDbEntity
  8
Hachura
 62
0
370
9
100
AcDbLine
 10
7849.718963159391
 20
11585.921706721925
 30
0.0
 11
7850.1520309651105
 21
11585.921706721925
 31
0.0
  0
LINE
  5
1EB
330
17
100
AcDbEntity
  8
Hachura
 62
0
370
9
100
AcDbLine
 10
7850.471808716093
 20
11586.896858453678
 30
0.0
 11
7853.051498535428
 21
11586.896858453678
 31
0.0
  0
LINE
  5
1EC
330
17
100
AcDbEntity
  8
Hachura
 62
0
370
9
100
AcDbLine
 10
7850.1520309651105
 20
11585.921706721925
 30
0.0
 11
7850.363885614225
 21
11585.921706721925
 31
0.0
  0
LINE
  5
1ED
330
17
100
AcDbEntity
  8
Hachura
 62
0
370
9
100
AcDbLine
 10
7849.568917281468
 20
11591.407773873121
 30
0.0
 11
7854.705585863554
 21
11591.407773873121
 31
0.0
  0
LINE
  5
1EE
330
17
100
AcDbEntity
  8
Hachura
 62
0
370
9
100
AcDbLine
 10
7854.728296920141
 20
11589.734517263521
 30
0.0
 11
7852.517988602287
 21
11589.152857189467
 31
0.0
  0
LINE
  5
1EF
330
17
100
AcDbEntity
  8
Hachura
 62
0
370
9
100
AcDbLine
 10
7854.728296920141
 20
11591.411315637515
 30
0.0
 11
7854.728296920141
 21
11589.734517263521
 31
0.0
  0
LINE
  5
1F0
330
17
100
AcDbEntity
  8
Hachura
 62
0
370
9
100
AcDbLine
 10
7852.277591596058
 20
11588.841013151094
 30
0.0
 11
7852.277591596058
 21
11586.896858453678
 31
0.0
  0
LINE
  5
1F1
330
17
100
AcDbEntity
  8
Hachura
 62
0
370
9
100
AcDbLine
 10
7850.471808716093
 20
11591.411315637515
 30
0.0
 11
7850.471808716093
 21
11586.251935998846
 31
0.0
  0
LINE
  5
1F2
330
17
100
AcDbEntity
  8
Hachura
 62
0
370
9
100
AcDbLine
 10
7854.728296920141
 20
11580.189664957707
 30
0.0
 11
7852.517988602287
 21
11580.771325031763
 31
0.0
  0
LINE
  5
1F3
330
17
100
AcDbEntity
  8
Hachura
 62
0
370
9
100
AcDbLine
 10
7853.051498535428
 20
11583.285292715183
 30
0.0
 11
7856.276110809597
 21
11583.285292715183
 31
0.0
  0
LINE
  5
1F4
330
17
100
AcDbEntity
  8
Hachura
 62
0
370
9
100
AcDbLine
 10
7856.276110809597
 20
11584.05919968671
 30
0.0
 11
7853.051498535428
 21
11584.05919968671
 31
0.0
  0
LINE
  5
1F5
330
17
100
AcDbEntity
  8
Hachura
 62
0
370
9
100
AcDbLine
 10
7850.49008327316
 20
11581.935953118698
 30
0.0
 11
7849.568917281468
 21
11581.935953118698
 31
0.0
  0
LINE
  5
1F6
330
17
100
AcDbEntity
  8
Hachura
 62
0
370
9
100
AcDbLine
 10
7850.345507697272
 20
11583.98693935742
 30
0.0
 11
7849.912439902274
 21
11583.98693935742
 31
0.0
  0
LINE
  5
1F7
330
17
100
AcDbEntity
  8
Hachura
 62
0
370
9
100
AcDbLine
 10
7850.49008327316
 20
11580.503699513834
 30
0.0
 11
7849.562860598078
 21
11580.503699513834
 31
0.0
  0
LINE
  5
1F8
330
17
100
AcDbEntity
  8
Hachura
 62
0
370
9
100
AcDbLine
 10
7853.051498535428
 20
11583.027323724673
 30
0.0
 11
7850.471808716093
 21
11583.027323724675
 31
0.0
  0
LINE
  5
1F9
330
17
100
AcDbEntity
  8
Hachura
 62
0
370
9
100
AcDbLine
 10
7853.051498535428
 20
11583.027323724673
 30
0.0
 11
7853.051498535428
 21
11583.285292715183
 31
0.0
  0
LINE
  5
1FA
330
17
100
AcDbEntity
  8
Hachura
 62
0
370
9
100
AcDbLine
 10
7853.051498535428
 20
11583.027323724673
 30
0.0
 11
7853.051498535428
 21
11583.285292715183
 31
0.0
  0
LINE
  5
1FB
330
17
100
AcDbEntity
  8
Hachura
 62
0
370
9
100
AcDbLine
 10
7852.277591596058
 20
11581.083169070138
 30
0.0
 11
7852.277591596058
 21
11583.031205648353
 31
0.0
  0
LINE
  5
1FC
330
17
100
AcDbEntity
  8
Hachura
 62
0
370
9
100
AcDbLine
 10
7850.471808716093
 20
11578.512866540837
 30
0.0
 11
7854.728296920141
 21
11578.512866540837
 31
0.0
  0
LINE
  5
1FD
330
17
100
AcDbEntity
  8
Hachura
 62
0
370
9
100
AcDbLine
 10
7850.471808716093
 20
11578.512866540837
 30
0.0
 11
7849.568917281468
 21
11578.512866540837
 31
0.0
  0
LINE
  5
1FE
330
17
100
AcDbEntity
  8
Hachura
 62
0
370
9
100
AcDbLine
 10
7850.49008327316
 20
11579.66119759763
 30
0.0
 11
7849.562860598078
 21
11579.66119759763
 31
0.0
  0
LINE
  5
1FF
330
17
100
AcDbEntity
  8
Hachura
 62
0
370
9
100
AcDbLine
 10
7850.49008327316
 20
11579.197821365773
 30
0.0
 11
7849.562860598078
 21
11579.197821365773
 31
0.0
  0
LINE
  5
200
330
17
100
AcDbEntity
  8
Hachura
 62
0
370
9
100
AcDbLine
 10
7850.49008327316
 20
11578.860820633596
 30
0.0
 11
7849.562860598078
 21
11578.860820633596
 31
0.0
  0
LINE
  5
201
330
17
100
AcDbEntity
  8
Hachura
 62
0
370
9
100
AcDbLine
 10
7850.49008327316
 20
11578.65019488655
 30
0.0
 11
7849.562860598078
 21
11578.65019488655
 31
0.0
  0
LINE
  5
202
330
17
100
AcDbEntity
  8
Hachura
 62
0
370
9
100
AcDbLine
 10
7854.728296920141
 20
11578.512866540837
 30
0.0
 11
7854.728296920141
 21
11580.189664957707
 31
0.0
  0
LINE
  5
203
330
17
100
AcDbEntity
  8
Hachura
 62
0
370
9
100
AcDbLine
 10
7856.276110809597
 20
11584.833106634222
 30
0.0
 11
7856.909584092424
 21
11586.100053187187
 31
0.0
  0
LINE
  5
204
330
17
100
AcDbEntity
  8
Hachura
 62
0
370
9
100
AcDbLine
 10
7856.276110809597
 20
11585.09107561204
 30
0.0
 11
7856.727556530983
 21
11585.99396705481
 31
0.0
  0
LINE
  5
205
330
17
100
AcDbEntity
  8
Hachura
 62
0
370
9
100
AcDbLine
 10
7856.276110809597
 20
11585.993967054812
 30
0.0
 11
7856.727556530983
 21
11585.993967054812
 31
0.0
  0
LINE
  5
206
330
17
100
AcDbEntity
  8
Hachura
 62
0
370
9
100
AcDbLine
 10
7850.49008327316
 20
11589.416940900124
 30
0.0
 11
7849.562860598078
 21
11589.416940900124
 31
0.0
  0
LINE
  5
207
330
17
100
AcDbEntity
  8
Hachura
 62
0
370
9
100
AcDbLine
 10
7850.49008327316
 20
11590.259442816328
 30
0.0
 11
7849.562860598078
 21
11590.259442816328
 31
0.0
  0
LINE
  5
208
330
17
100
AcDbEntity
  8
Hachura
 62
0
370
9
100
AcDbLine
 10
7850.49008327316
 20
11590.722819048186
 30
0.0
 11
7849.562860598078
 21
11590.722819048186
 31
0.0
  0
LINE
  5
209
330
17
100
AcDbEntity
  8
Hachura
 62
0
370
9
100
AcDbLine
 10
7850.49008327316
 20
11591.059819780363
 30
0.0
 11
7849.562860598078
 21
11591.059819780363
 31
0.0
  0
LINE
  5
20A
330
17
100
AcDbEntity
  8
Hachura
 62
0
370
9
100
AcDbLine
 10
7850.49008327316
 20
11591.270445527409
 30
0.0
 11
7849.562860598078
 21
11591.270445527409
 31
0.0
  0
LINE
  5
20B
330
17
100
AcDbEntity
  8
Hachura
 62
0
370
9
100
AcDbLine
 10
7725.572619309424
 20
11585.993344787055
 30
0.0
 11
7724.92769685459
 21
11585.993344787055
 31
0.0
  0
LINE
  5
20C
330
17
100
AcDbEntity
  8
Hachura
 62
0
370
9
100
AcDbLine
 10
7724.411758895009
 20
11585.993344787055
 30
0.0
 11
7725.379142577263
 21
11584.058577422553
 31
0.0
  0
LINE
  5
20D
330
17
100
AcDbEntity
  8
Hachura
 62
0
370
9
100
AcDbLine
 10
7724.504401735562
 20
11586.0660281179
 30
0.0
 11
7725.587208071463
 21
11583.900415360344
 31
0.0
  0
LINE
  5
20E
330
17
100
AcDbEntity
  8
Hachura
 62
0
370
9
100
AcDbLine
 10
7725.81595814892
 20
11583.958853250766
 30
0.0
 11
7724.745669293148
 21
11586.09943091943
 31
0.0
  0
LINE
  5
20F
330
17
100
AcDbEntity
  8
Hachura
 62
0
370
9
100
AcDbLine
 10
7725.895080536839
 20
11584.058577422553
 30
0.0
 11
7724.92769685459
 21
11585.993344787055
 31
0.0
  0
LINE
  5
210
330
17
100
AcDbEntity
  8
Hachura
 62
0
370
9
100
AcDbLine
 10
7726.540002991673
 20
11584.058577422553
 30
0.0
 11
7725.895080536839
 21
11584.058577422553
 31
0.0
  0
LINE
  5
211
330
17
100
AcDbEntity
  8
Hachura
 62
0
370
9
100
AcDbLine
 10
7728.216801376386
 20
11584.058577422553
 30
0.0
 11
7728.86172383122
 21
11584.058577422553
 31
0.0
  0
LINE
  5
212
330
17
100
AcDbEntity
  8
Hachura
 62
0
370
9
100
AcDbLine
 10
7727.267795611091
 20
11584.058577422553
 30
0.0
 11
7727.0559409619755
 21
11584.058577422553
 31
0.0
  0
LINE
  5
213
330
17
100
AcDbEntity
  8
Hachura
 62
0
370
9
100
AcDbLine
 10
7727.267795611091
 20
11584.058577422553
 30
0.0
 11
7727.700863416805
 21
11584.058577422553
 31
0.0
  0
LINE
  5
214
330
17
100
AcDbEntity
  8
Hachura
 62
0
370
9
100
AcDbLine
 10
7726.733479734556
 20
11585.993344787055
 30
0.0
 11
7726.0885572797215
 21
11585.993344787055
 31
0.0
  0
LINE
  5
215
330
17
100
AcDbEntity
  8
Hachura
 62
0
370
9
100
AcDbLine
 10
7727.8943401489705
 20
11585.993344787055
 30
0.0
 11
7727.249417694136
 21
11585.993344787055
 31
0.0
  0
LINE
  5
216
330
17
100
AcDbEntity
  8
Hachura
 62
0
370
9
100
AcDbLine
 10
7725.572619309424
 20
11585.993344787055
 30
0.0
 11
7726.540002991673
 21
11584.058577422553
 31
0.0
  0
LINE
  5
217
330
17
100
AcDbEntity
  8
Hachura
 62
0
370
9
100
AcDbLine
 10
7725.665262160694
 20
11586.0660281179
 30
0.0
 11
7726.748068496594
 21
11583.900415360344
 31
0.0
  0
LINE
  5
218
330
17
100
AcDbEntity
  8
Hachura
 62
0
370
9
100
AcDbLine
 10
7726.97681856333
 20
11583.958853250766
 30
0.0
 11
7725.906529718281
 21
11586.09943091943
 31
0.0
  0
LINE
  5
219
330
17
100
AcDbEntity
  8
Hachura
 62
0
370
9
100
AcDbLine
 10
7727.0559409619755
 20
11584.058577422553
 30
0.0
 11
7726.0885572797215
 21
11585.993344787055
 31
0.0
  0
LINE
  5
21A
330
17
100
AcDbEntity
  8
Hachura
 62
0
370
9
100
AcDbLine
 10
7727.8943401489705
 20
11585.993344787055
 30
0.0
 11
7728.86172383122
 21
11584.058577422553
 31
0.0
  0
LINE
  5
21B
330
17
100
AcDbEntity
  8
Hachura
 62
0
370
9
100
AcDbLine
 10
7726.733479734556
 20
11585.993344787055
 30
0.0
 11
7727.700863416805
 21
11584.058577422553
 31
0.0
  0
LINE
  5
21C
330
17
100
AcDbEntity
  8
Hachura
 62
0
370
9
100
AcDbLine
 10
7726.8261225751085
 20
11586.0660281179
 30
0.0
 11
7727.908928911009
 21
11583.900415360344
 31
0.0
  0
LINE
  5
21D
330
17
100
AcDbEntity
  8
Hachura
 62
0
370
9
100
AcDbLine
 10
7728.137678977744
 20
11583.958853250766
 30
0.0
 11
7727.0673901326945
 21
11586.09943091943
 31
0.0
  0
LINE
  5
21E
330
17
100
AcDbEntity
  8
Hachura
 62
0
370
9
100
AcDbLine
 10
7728.216801376386
 20
11584.058577422553
 30
0.0
 11
7727.249417694136
 21
11585.993344787055
 31
0.0
  0
LINE
  5
21F
330
17
100
AcDbEntity
  8
Hachura
 62
0
370
9
100
AcDbLine
 10
7724.089401306191
 20
11584.316339092988
 30
0.0
 11
7724.2182821628485
 21
11584.058577422553
 31
0.0
  0
LINE
  5
220
330
17
100
AcDbEntity
  8
Hachura
 62
0
370
9
100
AcDbLine
 10
7724.089401306191
 20
11584.574308083496
 30
0.0
 11
7724.42634766777
 21
11583.900415360344
 31
0.0
  0
LINE
  5
221
330
17
100
AcDbEntity
  8
Hachura
 62
0
370
9
100
AcDbLine
 10
7724.091011402774
 20
11584.060369208273
 30
0.0
 11
7723.768550153915
 21
11584.38283043569
 31
0.0
  0
LINE
  5
222
330
17
100
AcDbEntity
  8
Hachura
 62
0
370
9
100
AcDbLine
 10
7724.734220122429
 20
11584.058577422553
 30
0.0
 11
7725.379142577263
 21
11584.058577422553
 31
0.0
  0
LINE
  5
223
330
17
100
AcDbEntity
  8
Hachura
 62
0
370
9
100
AcDbLine
 10
7724.411758895009
 20
11585.993344787055
 30
0.0
 11
7724.089401306191
 21
11585.993344787055
 31
0.0
  0
LINE
  5
224
330
17
100
AcDbEntity
  8
Hachura
 62
0
370
9
100
AcDbLine
 10
7724.091011381335
 20
11585.995222073547
 30
0.0
 11
7723.768550153915
 21
11585.672675345359
 31
0.0
  0
LINE
  5
225
330
17
100
AcDbEntity
  8
Hachura
 62
0
370
9
100
AcDbLine
 10
7726.300411939559
 20
11585.993344787055
 30
0.0
 11
7726.0885572904435
 21
11585.993344787055
 31
0.0
  0
LINE
  5
226
330
17
100
AcDbEntity
  8
Hachura
 62
0
370
9
100
AcDbLine
 10
7724.655097734505
 20
11583.958853250766
 30
0.0
 11
7724.089401306191
 21
11585.090246064514
 31
0.0
  0
LINE
  5
227
330
17
100
AcDbEntity
  8
Hachura
 62
0
370
9
100
AcDbLine
 10
7724.734220122429
 20
11584.058577422553
 30
0.0
 11
7724.089401306191
 21
11585.348215012145
 31
0.0
  0
LINE
  5
228
330
17
100
AcDbEntity
  8
Hachura
 62
0
370
9
100
AcDbLine
 10
7723.768550153915
 20
11585.672675345359
 30
0.0
 11
7723.768550153915
 21
11584.38283043569
 31
0.0
  0
LINE
  5
229
330
17
100
AcDbEntity
  8
Hachura
 62
0
370
9
100
AcDbLine
 10
7724.411758895009
 20
11585.993344787055
 30
0.0
 11
7725.379142577263
 21
11584.058577422553
 31
0.0
  0
LINE
  5
22A
330
17
100
AcDbEntity
  8
Hachura
 62
0
370
9
100
AcDbLine
 10
7724.091011402774
 20
11584.060369208273
 30
0.0
 11
7724.091011402774
 21
11585.995136572776
 31
0.0
  0
LINE
  5
22B
330
17
100
AcDbEntity
  8
Hachura
 62
0
370
9
100
AcDbLine
 10
7735.568917359349
 20
11579.465013930429
 30
0.0
 11
7735.568917359349
 21
11587.279675675058
 31
0.0
  0
LINE
  5
22C
330
17
100
AcDbEntity
  8
Hachura
 62
0
370
9
100
AcDbLine
 10
7728.86172383122
 20
11583.284670451025
 30
0.0
 11
7728.86172383122
 21
11586.63826724189
 31
0.0
  0
LINE
  5
22D
330
17
100
AcDbEntity
  8
Hachura
 62
0
370
9
100
AcDbLine
 10
7728.929440688548
 20
11583.284670451025
 30
0.0
 11
7728.929440688548
 21
11586.63826724189
 31
0.0
  0
LINE
  5
22E
330
17
100
AcDbEntity
  8
Hachura
 62
0
370
9
100
AcDbLine
 10
7732.086336105389
 20
11586.896236189521
 30
0.0
 11
7732.086336105389
 21
11583.026701460516
 31
0.0
  0
LINE
  5
22F
330
17
100
AcDbEntity
  8
Hachura
 62
0
370
9
100
AcDbLine
 10
7734.666025924725
 20
11591.410693373356
 30
0.0
 11
7734.666025924725
 21
11578.512244276679
 31
0.0
  0
LINE
  5
230
330
17
100
AcDbEntity
  8
Hachura
 62
0
370
9
100
AcDbLine
 10
7735.568917359349
 20
11578.512244276679
 30
0.0
 11
7735.568917359349
 21
11591.407151608963
 31
0.0
  0
LINE
  5
231
330
17
100
AcDbEntity
  8
Hachura
 62
0
370
9
100
AcDbLine
 10
7728.86172383122
 20
11585.606391279853
 30
0.0
 11
7732.086336105389
 21
11585.606391279853
 31
0.0
  0
LINE
  5
232
330
17
100
AcDbEntity
  8
Hachura
 62
0
370
9
100
AcDbLine
 10
7728.86172383122
 20
11586.63826724189
 30
0.0
 11
7732.086336105389
 21
11586.63826724189
 31
0.0
  0
LINE
  5
233
330
17
100
AcDbEntity
  8
Hachura
 62
0
370
9
100
AcDbLine
 10
7734.666025924725
 20
11584.961468825019
 30
0.0
 11
7734.666025924725
 21
11586.896236189521
 31
0.0
  0
LINE
  5
234
330
17
100
AcDbEntity
  8
Hachura
 62
0
370
9
100
AcDbLine
 10
7734.666025924725
 20
11586.251313734687
 30
0.0
 11
7734.666025924725
 21
11585.606391279853
 31
0.0
  0
LINE
  5
235
330
17
100
AcDbEntity
  8
Hachura
 62
0
370
9
100
AcDbLine
 10
7734.666025924725
 20
11584.967109187379
 30
0.0
 11
7735.568917359349
 21
11584.967109187379
 31
0.0
  0
LINE
  5
236
330
17
100
AcDbEntity
  8
Hachura
 62
0
370
9
100
AcDbLine
 10
7734.666025924725
 20
11585.273650878727
 30
0.0
 11
7732.666866735267
 21
11585.273650878727
 31
0.0
  0
LINE
  5
237
330
17
100
AcDbEntity
  8
Hachura
 62
0
370
9
100
AcDbLine
 10
7732.666866735267
 20
11584.757712897708
 30
0.0
 11
7734.666025924725
 21
11584.757712897708
 31
0.0
  0
LINE
  5
238
330
17
100
AcDbEntity
  8
Hachura
 62
0
370
9
100
AcDbLine
 10
7734.647751367657
 20
11588.00134544875
 30
0.0
 11
7735.574974042739
 21
11588.001345448749
 31
0.0
  0
LINE
  5
239
330
17
100
AcDbEntity
  8
Hachura
 62
0
370
9
100
AcDbLine
 10
7735.418871481426
 20
11585.921084457766
 30
0.0
 11
7734.985803675707
 21
11585.921084457766
 31
0.0
  0
LINE
  5
23A
330
17
100
AcDbEntity
  8
Hachura
 62
0
370
9
100
AcDbLine
 10
7734.666025924725
 20
11586.896236189521
 30
0.0
 11
7732.086336105389
 21
11586.896236189521
 31
0.0
  0
LINE
  5
23B
330
17
100
AcDbEntity
  8
Hachura
 62
0
370
9
100
AcDbLine
 10
7734.985803675707
 20
11585.921084457766
 30
0.0
 11
7734.773949026592
 21
11585.921084457766
 31
0.0
  0
LINE
  5
23C
330
17
100
AcDbEntity
  8
Hachura
 62
0
370
9
100
AcDbLine
 10
7735.568917359349
 20
11591.407151608963
 30
0.0
 11
7730.432248777263
 21
11591.407151608964
 31
0.0
  0
LINE
  5
23D
330
17
100
AcDbEntity
  8
Hachura
 62
0
370
9
100
AcDbLine
 10
7730.409537720677
 20
11589.733894999365
 30
0.0
 11
7732.61984603853
 21
11589.15223492531
 31
0.0
  0
LINE
  5
23E
330
17
100
AcDbEntity
  8
Hachura
 62
0
370
9
100
AcDbLine
 10
7730.409537720677
 20
11591.410693373356
 30
0.0
 11
7730.409537720677
 21
11589.733894999365
 31
0.0
  0
LINE
  5
23F
330
17
100
AcDbEntity
  8
Hachura
 62
0
370
9
100
AcDbLine
 10
7732.860243044759
 20
11588.840390886937
 30
0.0
 11
7732.860243044759
 21
11586.896236189521
 31
0.0
  0
LINE
  5
240
330
17
100
AcDbEntity
  8
Hachura
 62
0
370
9
100
AcDbLine
 10
7734.666025924725
 20
11591.410693373356
 30
0.0
 11
7734.666025924725
 21
11586.251313734687
 31
0.0
  0
LINE
  5
241
330
17
100
AcDbEntity
  8
Hachura
 62
0
370
9
100
AcDbLine
 10
7730.409537720677
 20
11580.18904269355
 30
0.0
 11
7732.61984603853
 21
11580.770702767604
 31
0.0
  0
LINE
  5
242
330
17
100
AcDbEntity
  8
Hachura
 62
0
370
9
100
AcDbLine
 10
7732.086336105389
 20
11583.284670451025
 30
0.0
 11
7728.86172383122
 21
11583.284670451025
 31
0.0
  0
LINE
  5
243
330
17
100
AcDbEntity
  8
Hachura
 62
0
370
9
100
AcDbLine
 10
7728.86172383122
 20
11584.058577422553
 30
0.0
 11
7732.086336105389
 21
11584.058577422553
 31
0.0
  0
LINE
  5
244
330
17
100
AcDbEntity
  8
Hachura
 62
0
370
9
100
AcDbLine
 10
7734.647751367657
 20
11581.93533085454
 30
0.0
 11
7735.568917359349
 21
11581.93533085454
 31
0.0
  0
LINE
  5
245
330
17
100
AcDbEntity
  8
Hachura
 62
0
370
9
100
AcDbLine
 10
7734.792326943545
 20
11583.986317093264
 30
0.0
 11
7735.225394738543
 21
11583.986317093264
 31
0.0
  0
LINE
  5
246
330
17
100
AcDbEntity
  8
Hachura
 62
0
370
9
100
AcDbLine
 10
7734.647751367657
 20
11580.503077249676
 30
0.0
 11
7735.574974042739
 21
11580.503077249676
 31
0.0
  0
LINE
  5
247
330
17
100
AcDbEntity
  8
Hachura
 62
0
370
9
100
AcDbLine
 10
7732.086336105389
 20
11583.026701460516
 30
0.0
 11
7734.666025924725
 21
11583.026701460516
 31
0.0
  0
LINE
  5
248
330
17
100
AcDbEntity
  8
Hachura
 62
0
370
9
100
AcDbLine
 10
7732.086336105389
 20
11583.026701460516
 30
0.0
 11
7732.086336105389
 21
11583.284670451025
 31
0.0
  0
LINE
  5
249
330
17
100
AcDbEntity
  8
Hachura
 62
0
370
9
100
AcDbLine
 10
7732.086336105389
 20
11583.026701460516
 30
0.0
 11
7732.086336105389
 21
11583.284670451025
 31
0.0
  0
LINE
  5
24A
330
17
100
AcDbEntity
  8
Hachura
 62
0
370
9
100
AcDbLine
 10
7732.860243044759
 20
11581.08254680598
 30
0.0
 11
7732.860243044759
 21
11583.030583384194
 31
0.0
  0
LINE
  5
24B
330
17
100
AcDbEntity
  8
Hachura
 62
0
370
9
100
AcDbLine
 10
7734.666025924725
 20
11578.512244276679
 30
0.0
 11
7730.409537720677
 21
11578.512244276679
 31
0.0
  0
LINE
  5
24C
330
17
100
AcDbEntity
  8
Hachura
 62
0
370
9
100
AcDbLine
 10
7734.666025924725
 20
11578.512244276679
 30
0.0
 11
7735.568917359349
 21
11578.512244276679
 31
0.0
  0
LINE
  5
24D
330
17
100
AcDbEntity
  8
Hachura
 62
0
370
9
100
AcDbLine
 10
7734.647751367657
 20
11579.660575333473
 30
0.0
 11
7735.574974042739
 21
11579.660575333473
 31
0.0
  0
LINE
  5
24E
330
17
100
AcDbEntity
  8
Hachura
 62
0
370
9
100
AcDbLine
 10
7734.647751367657
 20
11579.197199101614
 30
0.0
 11
7735.574974042739
 21
11579.197199101614
 31
0.0
  0
LINE
  5
24F
330
17
100
AcDbEntity
  8
Hachura
 62
0
370
9
100
AcDbLine
 10
7734.647751367657
 20
11578.860198369437
 30
0.0
 11
7735.574974042739
 21
11578.860198369437
 31
0.0
  0
LINE
  5
250
330
17
100
AcDbEntity
  8
Hachura
 62
0
370
9
100
AcDbLine
 10
7734.647751367657
 20
11578.649572622391
 30
0.0
 11
7735.574974042739
 21
11578.649572622391
 31
0.0
  0
LINE
  5
251
330
17
100
AcDbEntity
  8
Hachura
 62
0
370
9
100
AcDbLine
 10
7730.409537720677
 20
11578.512244276679
 30
0.0
 11
7730.409537720677
 21
11580.18904269355
 31
0.0
  0
LINE
  5
252
330
17
100
AcDbEntity
  8
Hachura
 62
0
370
9
100
AcDbLine
 10
7728.86172383122
 20
11584.832484370063
 30
0.0
 11
7728.228250548394
 21
11586.099430923028
 31
0.0
  0
LINE
  5
253
330
17
100
AcDbEntity
  8
Hachura
 62
0
370
9
100
AcDbLine
 10
7728.86172383122
 20
11585.090453347882
 30
0.0
 11
7728.4102781098345
 21
11585.993344790653
 31
0.0
  0
LINE
  5
254
330
17
100
AcDbEntity
  8
Hachura
 62
0
370
9
100
AcDbLine
 10
7728.86172383122
 20
11585.993344790653
 30
0.0
 11
7728.4102781098345
 21
11585.993344790653
 31
0.0
  0
LINE
  5
255
330
17
100
AcDbEntity
  8
Hachura
 62
0
370
9
100
AcDbLine
 10
7734.647751367657
 20
11589.416318635967
 30
0.0
 11
7735.574974042739
 21
11589.416318635966
 31
0.0
  0
LINE
  5
256
330
17
100
AcDbEntity
  8
Hachura
 62
0
370
9
100
AcDbLine
 10
7734.647751367657
 20
11590.25882055217
 30
0.0
 11
7735.574974042739
 21
11590.258820552168
 31
0.0
  0
LINE
  5
257
330
17
100
AcDbEntity
  8
Hachura
 62
0
370
9
100
AcDbLine
 10
7734.647751367657
 20
11590.722196784027
 30
0.0
 11
7735.574974042739
 21
11590.722196784027
 31
0.0
  0
LINE
  5
258
330
17
100
AcDbEntity
  8
Hachura
 62
0
370
9
100
AcDbLine
 10
7734.647751367657
 20
11591.059197516206
 30
0.0
 11
7735.574974042739
 21
11591.059197516204
 31
0.0
  0
LINE
  5
259
330
17
100
AcDbEntity
  8
Hachura
 62
0
370
9
100
AcDbLine
 10
7734.647751367657
 20
11591.26982326325
 30
0.0
 11
7735.574974042739
 21
11591.26982326325
 31
0.0
  0
LINE
  5
25A
330
17
100
AcDbEntity
  8
Hachura
 62
0
370
9
100
AcDbLine
 10
7859.565215331393
 20
11489.993661077753
 30
0.0
 11
7860.210137786227
 21
11489.993661077753
 31
0.0
  0
LINE
  5
25B
330
17
100
AcDbEntity
  8
Hachura
 62
0
370
9
100
AcDbLine
 10
7860.726075745808
 20
11489.993661077753
 30
0.0
 11
7859.758692063554
 21
11488.05889371325
 31
0.0
  0
LINE
  5
25C
330
17
100
AcDbEntity
  8
Hachura
 62
0
370
9
100
AcDbLine
 10
7860.633432905255
 20
11490.0663444086
 30
0.0
 11
7859.550626569355
 21
11487.900731651041
 31
0.0
  0
LINE
  5
25D
330
17
100
AcDbEntity
  8
Hachura
 62
0
370
9
100
AcDbLine
 10
7859.3218764918975
 20
11487.959169541464
 30
0.0
 11
7860.392165347669
 21
11490.09974721013
 31
0.0
  0
LINE
  5
25E
330
17
100
AcDbEntity
  8
Hachura
 62
0
370
9
100
AcDbLine
 10
7859.242754103979
 20
11488.05889371325
 30
0.0
 11
7860.210137786227
 21
11489.993661077753
 31
0.0
  0
LINE
  5
25F
330
17
100
AcDbEntity
  8
Hachura
 62
0
370
9
100
AcDbLine
 10
7858.597831649145
 20
11488.05889371325
 30
0.0
 11
7859.242754103979
 21
11488.05889371325
 31
0.0
  0
LINE
  5
260
330
17
100
AcDbEntity
  8
Hachura
 62
0
370
9
100
AcDbLine
 10
7856.921033264432
 20
11488.05889371325
 30
0.0
 11
7856.276110809597
 21
11488.05889371325
 31
0.0
  0
LINE
  5
261
330
17
100
AcDbEntity
  8
Hachura
 62
0
370
9
100
AcDbLine
 10
7857.870039029726
 20
11488.05889371325
 30
0.0
 11
7858.081893678842
 21
11488.05889371325
 31
0.0
  0
LINE
  5
262
330
17
100
AcDbEntity
  8
Hachura
 62
0
370
9
100
AcDbLine
 10
7857.870039029726
 20
11488.05889371325
 30
0.0
 11
7857.436971224012
 21
11488.05889371325
 31
0.0
  0
LINE
  5
263
330
17
100
AcDbEntity
  8
Hachura
 62
0
370
9
100
AcDbLine
 10
7858.404354906262
 20
11489.993661077753
 30
0.0
 11
7859.049277361096
 21
11489.993661077753
 31
0.0
  0
LINE
  5
264
330
17
100
AcDbEntity
  8
Hachura
 62
0
370
9
100
AcDbLine
 10
7857.243494491847
 20
11489.993661077753
 30
0.0
 11
7857.888416946681
 21
11489.993661077753
 31
0.0
  0
LINE
  5
265
330
17
100
AcDbEntity
  8
Hachura
 62
0
370
9
100
AcDbLine
 10
7859.565215331393
 20
11489.993661077753
 30
0.0
 11
7858.597831649145
 21
11488.05889371325
 31
0.0
  0
LINE
  5
266
330
17
100
AcDbEntity
  8
Hachura
 62
0
370
9
100
AcDbLine
 10
7859.472572480124
 20
11490.0663444086
 30
0.0
 11
7858.389766144223
 21
11487.900731651041
 31
0.0
  0
LINE
  5
267
330
17
100
AcDbEntity
  8
Hachura
 62
0
370
9
100
AcDbLine
 10
7858.161016077487
 20
11487.959169541464
 30
0.0
 11
7859.231304922537
 21
11490.09974721013
 31
0.0
  0
LINE
  5
268
330
17
100
AcDbEntity
  8
Hachura
 62
0
370
9
100
AcDbLine
 10
7858.081893678842
 20
11488.05889371325
 30
0.0
 11
7859.049277361096
 21
11489.993661077753
 31
0.0
  0
LINE
  5
269
330
17
100
AcDbEntity
  8
Hachura
 62
0
370
9
100
AcDbLine
 10
7857.243494491847
 20
11489.993661077753
 30
0.0
 11
7856.276110809597
 21
11488.05889371325
 31
0.0
  0
LINE
  5
26A
330
17
100
AcDbEntity
  8
Hachura
 62
0
370
9
100
AcDbLine
 10
7858.404354906262
 20
11489.993661077753
 30
0.0
 11
7857.436971224012
 21
11488.05889371325
 31
0.0
  0
LINE
  5
26B
330
17
100
AcDbEntity
  8
Hachura
 62
0
370
9
100
AcDbLine
 10
7858.311712065709
 20
11490.0663444086
 30
0.0
 11
7857.2289057298085
 21
11487.900731651041
 31
0.0
  0
LINE
  5
26C
330
17
100
AcDbEntity
  8
Hachura
 62
0
370
9
100
AcDbLine
 10
7857.000155663073
 20
11487.959169541464
 30
0.0
 11
7858.070444508123
 21
11490.09974721013
 31
0.0
  0
LINE
  5
26D
330
17
100
AcDbEntity
  8
Hachura
 62
0
370
9
100
AcDbLine
 10
7856.921033264432
 20
11488.05889371325
 30
0.0
 11
7857.888416946681
 21
11489.993661077753
 31
0.0
  0
LINE
  5
26E
330
17
100
AcDbEntity
  8
Hachura
 62
0
370
9
100
AcDbLine
 10
7861.048433334627
 20
11488.316655383685
 30
0.0
 11
7860.919552477969
 21
11488.05889371325
 31
0.0
  0
LINE
  5
26F
330
17
100
AcDbEntity
  8
Hachura
 62
0
370
9
100
AcDbLine
 10
7861.048433334627
 20
11488.574624374196
 30
0.0
 11
7860.711486973048
 21
11487.900731651041
 31
0.0
  0
LINE
  5
270
330
17
100
AcDbEntity
  8
Hachura
 62
0
370
9
100
AcDbLine
 10
7861.0468232380435
 20
11488.060685498971
 30
0.0
 11
7861.369284486902
 21
11488.383146726388
 31
0.0
  0
LINE
  5
271
330
17
100
AcDbEntity
  8
Hachura
 62
0
370
9
100
AcDbLine
 10
7860.403614518388
 20
11488.05889371325
 30
0.0
 11
7859.758692063554
 21
11488.05889371325
 31
0.0
  0
LINE
  5
272
330
17
100
AcDbEntity
  8
Hachura
 62
0
370
9
100
AcDbLine
 10
7860.726075745808
 20
11489.993661077753
 30
0.0
 11
7861.048433334627
 21
11489.993661077753
 31
0.0
  0
LINE
  5
273
330
17
100
AcDbEntity
  8
Hachura
 62
0
370
9
100
AcDbLine
 10
7861.046823259482
 20
11489.995538364245
 30
0.0
 11
7861.369284486902
 21
11489.672991636056
 31
0.0
  0
LINE
  5
274
330
17
100
AcDbEntity
  8
Hachura
 62
0
370
9
100
AcDbLine
 10
7858.837422701258
 20
11489.993661077753
 30
0.0
 11
7859.049277350374
 21
11489.993661077753
 31
0.0
  0
LINE
  5
275
330
17
100
AcDbEntity
  8
Hachura
 62
0
370
9
100
AcDbLine
 10
7860.482736906312
 20
11487.959169541464
 30
0.0
 11
7861.048433334627
 21
11489.090562355213
 31
0.0
  0
LINE
  5
276
330
17
100
AcDbEntity
  8
Hachura
 62
0
370
9
100
AcDbLine
 10
7860.403614518388
 20
11488.05889371325
 30
0.0
 11
7861.048433334627
 21
11489.348531302843
 31
0.0
  0
LINE
  5
277
330
17
100
AcDbEntity
  8
Hachura
 62
0
370
9
100
AcDbLine
 10
7861.369284486902
 20
11489.672991636056
 30
0.0
 11
7861.369284486902
 21
11488.383146726388
 31
0.0
  0
LINE
  5
278
330
17
100
AcDbEntity
  8
Hachura
 62
0
370
9
100
AcDbLine
 10
7860.726075745808
 20
11489.993661077753
 30
0.0
 11
7859.758692063554
 21
11488.05889371325
 31
0.0
  0
LINE
  5
279
330
17
100
AcDbEntity
  8
Hachura
 62
0
370
9
100
AcDbLine
 10
7861.0468232380435
 20
11488.060685498971
 30
0.0
 11
7861.0468232380435
 21
11489.995452863473
 31
0.0
  0
LINE
  5
27A
330
17
100
AcDbEntity
  8
Hachura
 62
0
370
9
100
AcDbLine
 10
7849.568917281468
 20
11483.465330221128
 30
0.0
 11
7849.568917281468
 21
11491.279991965757
 31
0.0
  0
LINE
  5
27B
330
17
100
AcDbEntity
  8
Hachura
 62
0
370
9
100
AcDbLine
 10
7856.276110809597
 20
11487.284986741724
 30
0.0
 11
7856.276110809597
 21
11490.638583532587
 31
0.0
  0
LINE
  5
27C
330
17
100
AcDbEntity
  8
Hachura
 62
0
370
9
100
AcDbLine
 10
7856.208393952269
 20
11487.284986741724
 30
0.0
 11
7856.208393952269
 21
11490.638583532587
 31
0.0
  0
LINE
  5
27D
330
17
100
AcDbEntity
  8
Hachura
 62
0
370
9
100
AcDbLine
 10
7853.051498535428
 20
11490.896552480219
 30
0.0
 11
7853.051498535428
 21
11487.027017751214
 31
0.0
  0
LINE
  5
27E
330
17
100
AcDbEntity
  8
Hachura
 62
0
370
9
100
AcDbLine
 10
7850.471808716093
 20
11495.411009664056
 30
0.0
 11
7850.471808716093
 21
11482.512560567378
 31
0.0
  0
LINE
  5
27F
330
17
100
AcDbEntity
  8
Hachura
 62
0
370
9
100
AcDbLine
 10
7849.568917281468
 20
11482.512560567378
 30
0.0
 11
7849.568917281468
 21
11495.407467899662
 31
0.0
  0
LINE
  5
280
330
17
100
AcDbEntity
  8
Hachura
 62
0
370
9
100
AcDbLine
 10
7856.276110809597
 20
11489.60670757055
 30
0.0
 11
7853.051498535428
 21
11489.60670757055
 31
0.0
  0
LINE
  5
281
330
17
100
AcDbEntity
  8
Hachura
 62
0
370
9
100
AcDbLine
 10
7856.276110809597
 20
11490.638583532587
 30
0.0
 11
7853.051498535428
 21
11490.638583532587
 31
0.0
  0
LINE
  5
282
330
17
100
AcDbEntity
  8
Hachura
 62
0
370
9
100
AcDbLine
 10
7850.471808716093
 20
11488.961785115716
 30
0.0
 11
7850.471808716093
 21
11490.896552480219
 31
0.0
  0
LINE
  5
283
330
17
100
AcDbEntity
  8
Hachura
 62
0
370
9
100
AcDbLine
 10
7850.471808716093
 20
11490.251630025386
 30
0.0
 11
7850.471808716093
 21
11489.60670757055
 31
0.0
  0
LINE
  5
284
330
17
100
AcDbEntity
  8
Hachura
 62
0
370
9
100
AcDbLine
 10
7850.471808716093
 20
11488.967425478078
 30
0.0
 11
7849.568917281468
 21
11488.967425478078
 31
0.0
  0
LINE
  5
285
330
17
100
AcDbEntity
  8
Hachura
 62
0
370
9
100
AcDbLine
 10
7850.471808716093
 20
11489.273967169427
 30
0.0
 11
7852.47096790555
 21
11489.273967169427
 31
0.0
  0
LINE
  5
286
330
17
100
AcDbEntity
  8
Hachura
 62
0
370
9
100
AcDbLine
 10
7852.47096790555
 20
11488.758029188408
 30
0.0
 11
7850.471808716093
 21
11488.758029188408
 31
0.0
  0
LINE
  5
287
330
17
100
AcDbEntity
  8
Hachura
 62
0
370
9
100
AcDbLine
 10
7850.49008327316
 20
11492.001661739449
 30
0.0
 11
7849.562860598078
 21
11492.001661739449
 31
0.0
  0
LINE
  5
288
330
17
100
AcDbEntity
  8
Hachura
 62
0
370
9
100
AcDbLine
 10
7849.718963159391
 20
11489.921400748466
 30
0.0
 11
7850.1520309651105
 21
11489.921400748466
 31
0.0
  0
LINE
  5
289
330
17
100
AcDbEntity
  8
Hachura
 62
0
370
9
100
AcDbLine
 10
7850.471808716093
 20
11490.896552480219
 30
0.0
 11
7853.051498535428
 21
11490.896552480219
 31
0.0
  0
LINE
  5
28A
330
17
100
AcDbEntity
  8
Hachura
 62
0
370
9
100
AcDbLine
 10
7850.1520309651105
 20
11489.921400748466
 30
0.0
 11
7850.363885614225
 21
11489.921400748466
 31
0.0
  0
LINE
  5
28B
330
17
100
AcDbEntity
  8
Hachura
 62
0
370
9
100
AcDbLine
 10
7849.568917281468
 20
11495.407467899662
 30
0.0
 11
7854.705585863554
 21
11495.407467899662
 31
0.0
  0
LINE
  5
28C
330
17
100
AcDbEntity
  8
Hachura
 62
0
370
9
100
AcDbLine
 10
7854.728296920141
 20
11493.734211290062
 30
0.0
 11
7852.517988602287
 21
11493.152551216008
 31
0.0
  0
LINE
  5
28D
330
17
100
AcDbEntity
  8
Hachura
 62
0
370
9
100
AcDbLine
 10
7854.728296920141
 20
11495.411009664056
 30
0.0
 11
7854.728296920141
 21
11493.734211290062
 31
0.0
  0
LINE
  5
28E
330
17
100
AcDbEntity
  8
Hachura
 62
0
370
9
100
AcDbLine
 10
7852.277591596058
 20
11492.840707177635
 30
0.0
 11
7852.277591596058
 21
11490.896552480219
 31
0.0
  0
LINE
  5
28F
330
17
100
AcDbEntity
  8
Hachura
 62
0
370
9
100
AcDbLine
 10
7850.471808716093
 20
11495.411009664056
 30
0.0
 11
7850.471808716093
 21
11490.251630025386
 31
0.0
  0
LINE
  5
290
330
17
100
AcDbEntity
  8
Hachura
 62
0
370
9
100
AcDbLine
 10
7854.728296920141
 20
11484.189358984248
 30
0.0
 11
7852.517988602287
 21
11484.771019058304
 31
0.0
  0
LINE
  5
291
330
17
100
AcDbEntity
  8
Hachura
 62
0
370
9
100
AcDbLine
 10
7853.051498535428
 20
11487.284986741724
 30
0.0
 11
7856.276110809597
 21
11487.284986741724
 31
0.0
  0
LINE
  5
292
330
17
100
AcDbEntity
  8
Hachura
 62
0
370
9
100
AcDbLine
 10
7856.276110809597
 20
11488.05889371325
 30
0.0
 11
7853.051498535428
 21
11488.05889371325
 31
0.0
  0
LINE
  5
293
330
17
100
AcDbEntity
  8
Hachura
 62
0
370
9
100
AcDbLine
 10
7850.49008327316
 20
11485.93564714524
 30
0.0
 11
7849.568917281468
 21
11485.93564714524
 31
0.0
  0
LINE
  5
294
330
17
100
AcDbEntity
  8
Hachura
 62
0
370
9
100
AcDbLine
 10
7850.345507697272
 20
11487.986633383962
 30
0.0
 11
7849.912439902274
 21
11487.986633383962
 31
0.0
  0
LINE
  5
295
330
17
100
AcDbEntity
  8
Hachura
 62
0
370
9
100
AcDbLine
 10
7850.49008327316
 20
11484.503393540375
 30
0.0
 11
7849.562860598078
 21
11484.503393540375
 31
0.0
  0
LINE
  5
296
330
17
100
AcDbEntity
  8
Hachura
 62
0
370
9
100
AcDbLine
 10
7853.051498535428
 20
11487.027017751214
 30
0.0
 11
7850.471808716093
 21
11487.027017751216
 31
0.0
  0
LINE
  5
297
330
17
100
AcDbEntity
  8
Hachura
 62
0
370
9
100
AcDbLine
 10
7853.051498535428
 20
11487.027017751214
 30
0.0
 11
7853.051498535428
 21
11487.284986741724
 31
0.0
  0
LINE
  5
298
330
17
100
AcDbEntity
  8
Hachura
 62
0
370
9
100
AcDbLine
 10
7853.051498535428
 20
11487.027017751214
 30
0.0
 11
7853.051498535428
 21
11487.284986741724
 31
0.0
  0
LINE
  5
299
330
17
100
AcDbEntity
  8
Hachura
 62
0
370
9
100
AcDbLine
 10
7852.277591596058
 20
11485.082863096679
 30
0.0
 11
7852.277591596058
 21
11487.030899674894
 31
0.0
  0
LINE
  5
29A
330
17
100
AcDbEntity
  8
Hachura
 62
0
370
9
100
AcDbLine
 10
7850.471808716093
 20
11482.512560567378
 30
0.0
 11
7854.728296920141
 21
11482.512560567378
 31
0.0
  0
LINE
  5
29B
330
17
100
AcDbEntity
  8
Hachura
 62
0
370
9
100
AcDbLine
 10
7850.471808716093
 20
11482.512560567378
 30
0.0
 11
7849.568917281468
 21
11482.512560567378
 31
0.0
  0
LINE
  5
29C
330
17
100
AcDbEntity
  8
Hachura
 62
0
370
9
100
AcDbLine
 10
7850.49008327316
 20
11483.660891624171
 30
0.0
 11
7849.562860598078
 21
11483.660891624171
 31
0.0
  0
LINE
  5
29D
330
17
100
AcDbEntity
  8
Hachura
 62
0
370
9
100
AcDbLine
 10
7850.49008327316
 20
11483.197515392314
 30
0.0
 11
7849.562860598078
 21
11483.197515392314
 31
0.0
  0
LINE
  5
29E
330
17
100
AcDbEntity
  8
Hachura
 62
0
370
9
100
AcDbLine
 10
7850.49008327316
 20
11482.860514660137
 30
0.0
 11
7849.562860598078
 21
11482.860514660137
 31
0.0
  0
LINE
  5
29F
330
17
100
AcDbEntity
  8
Hachura
 62
0
370
9
100
AcDbLine
 10
7850.49008327316
 20
11482.64988891309
 30
0.0
 11
7849.562860598078
 21
11482.64988891309
 31
0.0
  0
LINE
  5
2A0
330
17
100
AcDbEntity
  8
Hachura
 62
0
370
9
100
AcDbLine
 10
7854.728296920141
 20
11482.512560567378
 30
0.0
 11
7854.728296920141
 21
11484.189358984248
 31
0.0
  0
LINE
  5
2A1
330
17
100
AcDbEntity
  8
Hachura
 62
0
370
9
100
AcDbLine
 10
7856.276110809597
 20
11488.832800660763
 30
0.0
 11
7856.909584092424
 21
11490.099747213728
 31
0.0
  0
LINE
  5
2A2
330
17
100
AcDbEntity
  8
Hachura
 62
0
370
9
100
AcDbLine
 10
7856.276110809597
 20
11489.09076963858
 30
0.0
 11
7856.727556530983
 21
11489.993661081351
 31
0.0
  0
LINE
  5
2A3
330
17
100
AcDbEntity
  8
Hachura
 62
0
370
9
100
AcDbLine
 10
7856.276110809597
 20
11489.993661081353
 30
0.0
 11
7856.727556530983
 21
11489.993661081353
 31
0.0
  0
LINE
  5
2A4
330
17
100
AcDbEntity
  8
Hachura
 62
0
370
9
100
AcDbLine
 10
7850.49008327316
 20
11493.416634926665
 30
0.0
 11
7849.562860598078
 21
11493.416634926665
 31
0.0
  0
LINE
  5
2A5
330
17
100
AcDbEntity
  8
Hachura
 62
0
370
9
100
AcDbLine
 10
7850.49008327316
 20
11494.25913684287
 30
0.0
 11
7849.562860598078
 21
11494.25913684287
 31
0.0
  0
LINE
  5
2A6
330
17
100
AcDbEntity
  8
Hachura
 62
0
370
9
100
AcDbLine
 10
7850.49008327316
 20
11494.722513074727
 30
0.0
 11
7849.562860598078
 21
11494.722513074727
 31
0.0
  0
LINE
  5
2A7
330
17
100
AcDbEntity
  8
Hachura
 62
0
370
9
100
AcDbLine
 10
7850.49008327316
 20
11495.059513806904
 30
0.0
 11
7849.562860598078
 21
11495.059513806904
 31
0.0
  0
LINE
  5
2A8
330
17
100
AcDbEntity
  8
Hachura
 62
0
370
9
100
AcDbLine
 10
7850.49008327316
 20
11495.27013955395
 30
0.0
 11
7849.562860598078
 21
11495.27013955395
 31
0.0
  0
LINE
  5
2A9
330
17
100
AcDbEntity
  8
Hachura
 62
0
370
9
100
AcDbLine
 10
7725.572619309424
 20
11489.993038813614
 30
0.0
 11
7724.92769685459
 21
11489.993038813614
 31
0.0
  0
LINE
  5
2AA
330
17
100
AcDbEntity
  8
Hachura
 62
0
370
9
100
AcDbLine
 10
7724.411758895009
 20
11489.993038813614
 30
0.0
 11
7725.379142577263
 21
11488.058271449112
 31
0.0
  0
LINE
  5
2AB
330
17
100
AcDbEntity
  8
Hachura
 62
0
370
9
100
AcDbLine
 10
7724.504401735562
 20
11490.06572214446
 30
0.0
 11
7725.587208071463
 21
11487.900109386903
 31
0.0
  0
LINE
  5
2AC
330
17
100
AcDbEntity
  8
Hachura
 62
0
370
9
100
AcDbLine
 10
7725.81595814892
 20
11487.958547277325
 30
0.0
 11
7724.745669293148
 21
11490.09912494599
 31
0.0
  0
LINE
  5
2AD
330
17
100
AcDbEntity
  8
Hachura
 62
0
370
9
100
AcDbLine
 10
7725.895080536839
 20
11488.058271449112
 30
0.0
 11
7724.92769685459
 21
11489.993038813614
 31
0.0
  0
LINE
  5
2AE
330
17
100
AcDbEntity
  8
Hachura
 62
0
370
9
100
AcDbLine
 10
7726.540002991673
 20
11488.058271449112
 30
0.0
 11
7725.895080536839
 21
11488.058271449112
 31
0.0
  0
LINE
  5
2AF
330
17
100
AcDbEntity
  8
Hachura
 62
0
370
9
100
AcDbLine
 10
7728.216801376386
 20
11488.058271449112
 30
0.0
 11
7728.86172383122
 21
11488.058271449112
 31
0.0
  0
LINE
  5
2B0
330
17
100
AcDbEntity
  8
Hachura
 62
0
370
9
100
AcDbLine
 10
7727.267795611091
 20
11488.058271449112
 30
0.0
 11
7727.0559409619755
 21
11488.058271449112
 31
0.0
  0
LINE
  5
2B1
330
17
100
AcDbEntity
  8
Hachura
 62
0
370
9
100
AcDbLine
 10
7727.267795611091
 20
11488.058271449112
 30
0.0
 11
7727.700863416805
 21
11488.058271449112
 31
0.0
  0
LINE
  5
2B2
330
17
100
AcDbEntity
  8
Hachura
 62
0
370
9
100
AcDbLine
 10
7726.733479734556
 20
11489.993038813614
 30
0.0
 11
7726.0885572797215
 21
11489.993038813614
 31
0.0
  0
LINE
  5
2B3
330
17
100
AcDbEntity
  8
Hachura
 62
0
370
9
100
AcDbLine
 10
7727.8943401489705
 20
11489.993038813614
 30
0.0
 11
7727.249417694136
 21
11489.993038813614
 31
0.0
  0
LINE
  5
2B4
330
17
100
AcDbEntity
  8
Hachura
 62
0
370
9
100
AcDbLine
 10
7725.572619309424
 20
11489.993038813614
 30
0.0
 11
7726.540002991673
 21
11488.058271449112
 31
0.0
  0
LINE
  5
2B5
330
17
100
AcDbEntity
  8
Hachura
 62
0
370
9
100
AcDbLine
 10
7725.665262160694
 20
11490.06572214446
 30
0.0
 11
7726.748068496594
 21
11487.900109386903
 31
0.0
  0
LINE
  5
2B6
330
17
100
AcDbEntity
  8
Hachura
 62
0
370
9
100
AcDbLine
 10
7726.97681856333
 20
11487.958547277325
 30
0.0
 11
7725.906529718281
 21
11490.09912494599
 31
0.0
  0
LINE
  5
2B7
330
17
100
AcDbEntity
  8
Hachura
 62
0
370
9
100
AcDbLine
 10
7727.0559409619755
 20
11488.058271449112
 30
0.0
 11
7726.0885572797215
 21
11489.993038813614
 31
0.0
  0
LINE
  5
2B8
330
17
100
AcDbEntity
  8
Hachura
 62
0
370
9
100
AcDbLine
 10
7727.8943401489705
 20
11489.993038813614
 30
0.0
 11
7728.86172383122
 21
11488.058271449112
 31
0.0
  0
LINE
  5
2B9
330
17
100
AcDbEntity
  8
Hachura
 62
0
370
9
100
AcDbLine
 10
7726.733479734556
 20
11489.993038813614
 30
0.0
 11
7727.700863416805
 21
11488.058271449112
 31
0.0
  0
LINE
  5
2BA
330
17
100
AcDbEntity
  8
Hachura
 62
0
370
9
100
AcDbLine
 10
7726.8261225751085
 20
11490.06572214446
 30
0.0
 11
7727.908928911009
 21
11487.900109386903
 31
0.0
  0
LINE
  5
2BB
330
17
100
AcDbEntity
  8
Hachura
 62
0
370
9
100
AcDbLine
 10
7728.137678977744
 20
11487.958547277325
 30
0.0
 11
7727.0673901326945
 21
11490.09912494599
 31
0.0
  0
LINE
  5
2BC
330
17
100
AcDbEntity
  8
Hachura
 62
0
370
9
100
AcDbLine
 10
7728.216801376386
 20
11488.058271449112
 30
0.0
 11
7727.249417694136
 21
11489.993038813614
 31
0.0
  0
LINE
  5
2BD
330
17
100
AcDbEntity
  8
Hachura
 62
0
370
9
100
AcDbLine
 10
7724.089401306191
 20
11488.316033119547
 30
0.0
 11
7724.2182821628485
 21
11488.058271449112
 31
0.0
  0
LINE
  5
2BE
330
17
100
AcDbEntity
  8
Hachura
 62
0
370
9
100
AcDbLine
 10
7724.089401306191
 20
11488.574002110056
 30
0.0
 11
7724.42634766777
 21
11487.900109386903
 31
0.0
  0
LINE
  5
2BF
330
17
100
AcDbEntity
  8
Hachura
 62
0
370
9
100
AcDbLine
 10
7724.091011402774
 20
11488.060063234832
 30
0.0
 11
7723.768550153915
 21
11488.38252446225
 31
0.0
  0
LINE
  5
2C0
330
17
100
AcDbEntity
  8
Hachura
 62
0
370
9
100
AcDbLine
 10
7724.734220122429
 20
11488.058271449112
 30
0.0
 11
7725.379142577263
 21
11488.058271449112
 31
0.0
  0
LINE
  5
2C1
330
17
100
AcDbEntity
  8
Hachura
 62
0
370
9
100
AcDbLine
 10
7724.411758895009
 20
11489.993038813614
 30
0.0
 11
7724.089401306191
 21
11489.993038813614
 31
0.0
  0
LINE
  5
2C2
330
17
100
AcDbEntity
  8
Hachura
 62
0
370
9
100
AcDbLine
 10
7724.091011381335
 20
11489.994916100106
 30
0.0
 11
7723.768550153915
 21
11489.672369371918
 31
0.0
  0
LINE
  5
2C3
330
17
100
AcDbEntity
  8
Hachura
 62
0
370
9
100
AcDbLine
 10
7726.300411939559
 20
11489.993038813614
 30
0.0
 11
7726.0885572904435
 21
11489.993038813614
 31
0.0
  0
LINE
  5
2C4
330
17
100
AcDbEntity
  8
Hachura
 62
0
370
9
100
AcDbLine
 10
7724.655097734505
 20
11487.958547277325
 30
0.0
 11
7724.089401306191
 21
11489.089940091073
 31
0.0
  0
LINE
  5
2C5
330
17
100
AcDbEntity
  8
Hachura
 62
0
370
9
100
AcDbLine
 10
7724.734220122429
 20
11488.058271449112
 30
0.0
 11
7724.089401306191
 21
11489.347909038705
 31
0.0
  0
LINE
  5
2C6
330
17
100
AcDbEntity
  8
Hachura
 62
0
370
9
100
AcDbLine
 10
7723.768550153915
 20
11489.672369371918
 30
0.0
 11
7723.768550153915
 21
11488.38252446225
 31
0.0
  0
LINE
  5
2C7
330
17
100
AcDbEntity
  8
Hachura
 62
0
370
9
100
AcDbLine
 10
7724.411758895009
 20
11489.993038813614
 30
0.0
 11
7725.379142577263
 21
11488.058271449112
 31
0.0
  0
LINE
  5
2C8
330
17
100
AcDbEntity
  8
Hachura
 62
0
370
9
100
AcDbLine
 10
7724.091011402774
 20
11488.060063234832
 30
0.0
 11
7724.091011402774
 21
11489.994830599335
 31
0.0
  0
LINE
  5
2C9
330
17
100
AcDbEntity
  8
Hachura
 62
0
370
9
100
AcDbLine
 10
7735.568917359349
 20
11483.464707956988
 30
0.0
 11
7735.568917359349
 21
11491.279369701617
 31
0.0
  0
LINE
  5
2CA
330
17
100
AcDbEntity
  8
Hachura
 62
0
370
9
100
AcDbLine
 10
7728.86172383122
 20
11487.284364477584
 30
0.0
 11
7728.86172383122
 21
11490.637961268449
 31
0.0
  0
LINE
  5
2CB
330
17
100
AcDbEntity
  8
Hachura
 62
0
370
9
100
AcDbLine
 10
7728.929440688548
 20
11487.284364477584
 30
0.0
 11
7728.929440688548
 21
11490.637961268449
 31
0.0
  0
LINE
  5
2CC
330
17
100
AcDbEntity
  8
Hachura
 62
0
370
9
100
AcDbLine
 10
7732.086336105389
 20
11490.89593021608
 30
0.0
 11
7732.086336105389
 21
11487.026395487075
 31
0.0
  0
LINE
  5
2CD
330
17
100
AcDbEntity
  8
Hachura
 62
0
370
9
100
AcDbLine
 10
7734.666025924725
 20
11495.410387399916
 30
0.0
 11
7734.666025924725
 21
11482.511938303238
 31
0.0
  0
LINE
  5
2CE
330
17
100
AcDbEntity
  8
Hachura
 62
0
370
9
100
AcDbLine
 10
7735.568917359349
 20
11482.511938303238
 30
0.0
 11
7735.568917359349
 21
11495.406845635522
 31
0.0
  0
LINE
  5
2CF
330
17
100
AcDbEntity
  8
Hachura
 62
0
370
9
100
AcDbLine
 10
7728.86172383122
 20
11489.606085306412
 30
0.0
 11
7732.086336105389
 21
11489.606085306412
 31
0.0
  0
LINE
  5
2D0
330
17
100
AcDbEntity
  8
Hachura
 62
0
370
9
100
AcDbLine
 10
7728.86172383122
 20
11490.637961268449
 30
0.0
 11
7732.086336105389
 21
11490.637961268449
 31
0.0
  0
LINE
  5
2D1
330
17
100
AcDbEntity
  8
Hachura
 62
0
370
9
100
AcDbLine
 10
7734.666025924725
 20
11488.961162851578
 30
0.0
 11
7734.666025924725
 21
11490.89593021608
 31
0.0
  0
LINE
  5
2D2
330
17
100
AcDbEntity
  8
Hachura
 62
0
370
9
100
AcDbLine
 10
7734.666025924725
 20
11490.251007761246
 30
0.0
 11
7734.666025924725
 21
11489.606085306412
 31
0.0
  0
LINE
  5
2D3
330
17
100
AcDbEntity
  8
Hachura
 62
0
370
9
100
AcDbLine
 10
7734.666025924725
 20
11488.966803213938
 30
0.0
 11
7735.568917359349
 21
11488.966803213938
 31
0.0
  0
LINE
  5
2D4
330
17
100
AcDbEntity
  8
Hachura
 62
0
370
9
100
AcDbLine
 10
7734.666025924725
 20
11489.273344905287
 30
0.0
 11
7732.666866735267
 21
11489.273344905287
 31
0.0
  0
LINE
  5
2D5
330
17
100
AcDbEntity
  8
Hachura
 62
0
370
9
100
AcDbLine
 10
7732.666866735267
 20
11488.757406924267
 30
0.0
 11
7734.666025924725
 21
11488.757406924267
 31
0.0
  0
LINE
  5
2D6
330
17
100
AcDbEntity
  8
Hachura
 62
0
370
9
100
AcDbLine
 10
7734.647751367657
 20
11492.00103947531
 30
0.0
 11
7735.574974042739
 21
11492.001039475308
 31
0.0
  0
LINE
  5
2D7
330
17
100
AcDbEntity
  8
Hachura
 62
0
370
9
100
AcDbLine
 10
7735.418871481426
 20
11489.920778484326
 30
0.0
 11
7734.985803675707
 21
11489.920778484326
 31
0.0
  0
LINE
  5
2D8
330
17
100
AcDbEntity
  8
Hachura
 62
0
370
9
100
AcDbLine
 10
7734.666025924725
 20
11490.89593021608
 30
0.0
 11
7732.086336105389
 21
11490.89593021608
 31
0.0
  0
LINE
  5
2D9
330
17
100
AcDbEntity
  8
Hachura
 62
0
370
9
100
AcDbLine
 10
7734.985803675707
 20
11489.920778484326
 30
0.0
 11
7734.773949026592
 21
11489.920778484326
 31
0.0
  0
LINE
  5
2DA
330
17
100
AcDbEntity
  8
Hachura
 62
0
370
9
100
AcDbLine
 10
7735.568917359349
 20
11495.406845635522
 30
0.0
 11
7730.432248777263
 21
11495.406845635523
 31
0.0
  0
LINE
  5
2DB
330
17
100
AcDbEntity
  8
Hachura
 62
0
370
9
100
AcDbLine
 10
7730.409537720677
 20
11493.733589025924
 30
0.0
 11
7732.61984603853
 21
11493.15192895187
 31
0.0
  0
LINE
  5
2DC
330
17
100
AcDbEntity
  8
Hachura
 62
0
370
9
100
AcDbLine
 10
7730.409537720677
 20
11495.410387399916
 30
0.0
 11
7730.409537720677
 21
11493.733589025924
 31
0.0
  0
LINE
  5
2DD
330
17
100
AcDbEntity
  8
Hachura
 62
0
370
9
100
AcDbLine
 10
7732.860243044759
 20
11492.840084913496
 30
0.0
 11
7732.860243044759
 21
11490.89593021608
 31
0.0
  0
LINE
  5
2DE
330
17
100
AcDbEntity
  8
Hachura
 62
0
370
9
100
AcDbLine
 10
7734.666025924725
 20
11495.410387399916
 30
0.0
 11
7734.666025924725
 21
11490.251007761246
 31
0.0
  0
LINE
  5
2DF
330
17
100
AcDbEntity
  8
Hachura
 62
0
370
9
100
AcDbLine
 10
7730.409537720677
 20
11484.188736720109
 30
0.0
 11
7732.61984603853
 21
11484.770396794163
 31
0.0
  0
LINE
  5
2E0
330
17
100
AcDbEntity
  8
Hachura
 62
0
370
9
100
AcDbLine
 10
7732.086336105389
 20
11487.284364477584
 30
0.0
 11
7728.86172383122
 21
11487.284364477584
 31
0.0
  0
LINE
  5
2E1
330
17
100
AcDbEntity
  8
Hachura
 62
0
370
9
100
AcDbLine
 10
7728.86172383122
 20
11488.058271449112
 30
0.0
 11
7732.086336105389
 21
11488.058271449112
 31
0.0
  0
LINE
  5
2E2
330
17
100
AcDbEntity
  8
Hachura
 62
0
370
9
100
AcDbLine
 10
7734.647751367657
 20
11485.935024881099
 30
0.0
 11
7735.568917359349
 21
11485.935024881099
 31
0.0
  0
LINE
  5
2E3
330
17
100
AcDbEntity
  8
Hachura
 62
0
370
9
100
AcDbLine
 10
7734.792326943545
 20
11487.986011119823
 30
0.0
 11
7735.225394738543
 21
11487.986011119823
 31
0.0
  0
LINE
  5
2E4
330
17
100
AcDbEntity
  8
Hachura
 62
0
370
9
100
AcDbLine
 10
7734.647751367657
 20
11484.502771276235
 30
0.0
 11
7735.574974042739
 21
11484.502771276235
 31
0.0
  0
LINE
  5
2E5
330
17
100
AcDbEntity
  8
Hachura
 62
0
370
9
100
AcDbLine
 10
7732.086336105389
 20
11487.026395487075
 30
0.0
 11
7734.666025924725
 21
11487.026395487075
 31
0.0
  0
LINE
  5
2E6
330
17
100
AcDbEntity
  8
Hachura
 62
0
370
9
100
AcDbLine
 10
7732.086336105389
 20
11487.026395487075
 30
0.0
 11
7732.086336105389
 21
11487.284364477584
 31
0.0
  0
LINE
  5
2E7
330
17
100
AcDbEntity
  8
Hachura
 62
0
370
9
100
AcDbLine
 10
7732.086336105389
 20
11487.026395487075
 30
0.0
 11
7732.086336105389
 21
11487.284364477584
 31
0.0
  0
LINE
  5
2E8
330
17
100
AcDbEntity
  8
Hachura
 62
0
370
9
100
AcDbLine
 10
7732.860243044759
 20
11485.082240832538
 30
0.0
 11
7732.860243044759
 21
11487.030277410753
 31
0.0
  0
LINE
  5
2E9
330
17
100
AcDbEntity
  8
Hachura
 62
0
370
9
100
AcDbLine
 10
7734.666025924725
 20
11482.511938303238
 30
0.0
 11
7730.409537720677
 21
11482.511938303238
 31
0.0
  0
LINE
  5
2EA
330
17
100
AcDbEntity
  8
Hachura
 62
0
370
9
100
AcDbLine
 10
7734.666025924725
 20
11482.511938303238
 30
0.0
 11
7735.568917359349
 21
11482.511938303238
 31
0.0
  0
LINE
  5
2EB
330
17
100
AcDbEntity
  8
Hachura
 62
0
370
9
100
AcDbLine
 10
7734.647751367657
 20
11483.660269360033
 30
0.0
 11
7735.574974042739
 21
11483.660269360033
 31
0.0
  0
LINE
  5
2EC
330
17
100
AcDbEntity
  8
Hachura
 62
0
370
9
100
AcDbLine
 10
7734.647751367657
 20
11483.196893128174
 30
0.0
 11
7735.574974042739
 21
11483.196893128174
 31
0.0
  0
LINE
  5
2ED
330
17
100
AcDbEntity
  8
Hachura
 62
0
370
9
100
AcDbLine
 10
7734.647751367657
 20
11482.859892395996
 30
0.0
 11
7735.574974042739
 21
11482.859892395996
 31
0.0
  0
LINE
  5
2EE
330
17
100
AcDbEntity
  8
Hachura
 62
0
370
9
100
AcDbLine
 10
7734.647751367657
 20
11482.64926664895
 30
0.0
 11
7735.574974042739
 21
11482.64926664895
 31
0.0
  0
LINE
  5
2EF
330
17
100
AcDbEntity
  8
Hachura
 62
0
370
9
100
AcDbLine
 10
7730.409537720677
 20
11482.511938303238
 30
0.0
 11
7730.409537720677
 21
11484.188736720109
 31
0.0
  0
LINE
  5
2F0
330
17
100
AcDbEntity
  8
Hachura
 62
0
370
9
100
AcDbLine
 10
7728.86172383122
 20
11488.832178396622
 30
0.0
 11
7728.228250548394
 21
11490.099124949587
 31
0.0
  0
LINE
  5
2F1
330
17
100
AcDbEntity
  8
Hachura
 62
0
370
9
100
AcDbLine
 10
7728.86172383122
 20
11489.090147374442
 30
0.0
 11
7728.4102781098345
 21
11489.993038817212
 31
0.0
  0
LINE
  5
2F2
330
17
100
AcDbEntity
  8
Hachura
 62
0
370
9
100
AcDbLine
 10
7728.86172383122
 20
11489.993038817212
 30
0.0
 11
7728.4102781098345
 21
11489.993038817212
 31
0.0
  0
LINE
  5
2F3
330
17
100
AcDbEntity
  8
Hachura
 62
0
370
9
100
AcDbLine
 10
7734.647751367657
 20
11493.416012662527
 30
0.0
 11
7735.574974042739
 21
11493.416012662525
 31
0.0
  0
LINE
  5
2F4
330
17
100
AcDbEntity
  8
Hachura
 62
0
370
9
100
AcDbLine
 10
7734.647751367657
 20
11494.258514578729
 30
0.0
 11
7735.574974042739
 21
11494.258514578727
 31
0.0
  0
LINE
  5
2F5
330
17
100
AcDbEntity
  8
Hachura
 62
0
370
9
100
AcDbLine
 10
7734.647751367657
 20
11494.721890810586
 30
0.0
 11
7735.574974042739
 21
11494.721890810586
 31
0.0
  0
LINE
  5
2F6
330
17
100
AcDbEntity
  8
Hachura
 62
0
370
9
100
AcDbLine
 10
7734.647751367657
 20
11495.058891542765
 30
0.0
 11
7735.574974042739
 21
11495.058891542763
 31
0.0
  0
LINE
  5
2F7
330
17
100
AcDbEntity
  8
Hachura
 62
0
370
9
100
AcDbLine
 10
7734.647751367657
 20
11495.26951728981
 30
0.0
 11
7735.574974042739
 21
11495.26951728981
 31
0.0
  0
LINE
  5
2F8
330
17
100
AcDbEntity
  8
Madeira
 62
126
370
18
100
AcDbLine
 10
7755.553553832179
 20
11420.94463383658
 30
0.0
 11
7769.566189754571
 21
11409.444185790862
 31
0.0
  0
LINE
  5
2F9
330
17
100
AcDbEntity
  8
Madeira
 62
126
370
18
100
AcDbLine
 10
7755.553553832179
 20
11420.94463383658
 30
0.0
 11
7769.557370673989
 21
11417.476140901317
 31
0.0
  0
LINE
  5
2FA
330
17
100
AcDbEntity
  8
Madeira
 62
126
370
18
100
AcDbLine
 10
7755.553553832179
 20
11420.94463383658
 30
0.0
 11
7760.996195811754
 21
11406.950601414106
 31
0.0
  0
LINE
  5
2FB
330
17
100
AcDbEntity
  8
Madeira
 62
126
370
18
100
AcDbLine
 10
7755.572677022174
 20
11568.93766183061
 30
0.0
 11
7769.560024221365
 21
11580.468853836426
 31
0.0
  0
LINE
  5
2FC
330
17
100
AcDbEntity
  8
Madeira
 62
126
370
18
100
AcDbLine
 10
7755.572677022174
 20
11568.93766183061
 30
0.0
 11
7769.568843301947
 21
11572.436898725971
 31
0.0
  0
LINE
  5
2FD
330
17
100
AcDbEntity
  8
Madeira
 62
126
370
18
100
AcDbLine
 10
7755.572677022174
 20
11568.93766183061
 30
0.0
 11
7760.98457504165
 21
11582.94361252972
 31
0.0
  0
LINE
  5
2FE
330
17
100
AcDbEntity
  8
Madeira
 62
126
370
18
100
AcDbLine
 10
7755.561148076442
 20
11535.44454432426
 30
0.0
 11
7761.311372093444
 21
11542.45086227832
 31
0.0
  0
LINE
  5
2FF
330
17
100
AcDbEntity
  8
Madeira
 62
126
370
18
100
AcDbLine
 10
7755.561148076442
 20
11535.44454432426
 30
0.0
 11
7757.295394542308
 21
11542.446452738033
 31
0.0
  0
LINE
  5
300
330
17
100
AcDbEntity
  8
Madeira
 62
126
370
18
100
AcDbLine
 10
7755.561148076442
 20
11535.44454432426
 30
0.0
 11
7769.555180484661
 21
11540.88718629829
 31
0.0
  0
LINE
  5
301
330
17
100
AcDbEntity
  8
Madeira
 62
126
370
18
100
AcDbLine
 10
7755.561148076442
 20
11491.44457748493
 30
0.0
 11
7761.311372093444
 21
11498.45089543899
 31
0.0
  0
LINE
  5
302
330
17
100
AcDbEntity
  8
Madeira
 62
126
370
18
100
AcDbLine
 10
7755.561148076442
 20
11491.44457748493
 30
0.0
 11
7757.295394542308
 21
11498.446485898703
 31
0.0
  0
LINE
  5
303
330
17
100
AcDbEntity
  8
Madeira
 62
126
370
18
100
AcDbLine
 10
7755.561148076442
 20
11491.44457748493
 30
0.0
 11
7769.555180484661
 21
11496.88721945896
 31
0.0
  0
LINE
  5
304
330
17
100
AcDbEntity
  8
Madeira
 62
126
370
18
100
AcDbLine
 10
7755.561148076442
 20
11447.44457748493
 30
0.0
 11
7761.311372093444
 21
11454.45089543899
 31
0.0
  0
LINE
  5
305
330
17
100
AcDbEntity
  8
Madeira
 62
126
370
18
100
AcDbLine
 10
7755.561148076442
 20
11447.44457748493
 30
0.0
 11
7757.295394542308
 21
11454.446485898703
 31
0.0
  0
LINE
  5
306
330
17
100
AcDbEntity
  8
Madeira
 62
126
370
18
100
AcDbLine
 10
7755.561148076442
 20
11447.44457748493
 30
0.0
 11
7769.555180484661
 21
11452.88721945896
 31
0.0
  0
LINE
  5
307
330
17
100
AcDbEntity
  8
Madeira
 62
126
370
18
100
AcDbLine
 10
7829.584280753282
 20
11420.94463383658
 30
0.0
 11
7815.57164483089
 21
11409.444185790862
 31
0.0
  0
LINE
  5
308
330
17
100
AcDbEntity
  8
Madeira
 62
126
370
18
100
AcDbLine
 10
7829.584280753282
 20
11420.94463383658
 30
0.0
 11
7815.580463911472
 21
11417.476140901317
 31
0.0
  0
LINE
  5
309
330
17
100
AcDbEntity
  8
Madeira
 62
126
370
18
100
AcDbLine
 10
7829.584280753282
 20
11420.94463383658
 30
0.0
 11
7824.141638773707
 21
11406.950601414106
 31
0.0
  0
LINE
  5
30A
330
17
100
AcDbEntity
  8
Madeira
 62
126
370
18
100
AcDbLine
 10
7829.565157563287
 20
11568.93766183061
 30
0.0
 11
7815.577810364096
 21
11580.468853836426
 31
0.0
  0
LINE
  5
30B
330
17
100
AcDbEntity
  8
Madeira
 62
126
370
18
100
AcDbLine
 10
7829.565157563287
 20
11568.93766183061
 30
0.0
 11
7815.568991283514
 21
11572.436898725971
 31
0.0
  0
LINE
  5
30C
330
17
100
AcDbEntity
  8
Madeira
 62
126
370
18
100
AcDbLine
 10
7829.565157563287
 20
11568.93766183061
 30
0.0
 11
7824.153259543811
 21
11582.94361252972
 31
0.0
  0
LINE
  5
30D
330
17
100
AcDbEntity
  8
Madeira
 62
126
370
18
100
AcDbLine
 10
7829.576686509018
 20
11535.44454432426
 30
0.0
 11
7823.826462492016
 21
11542.45086227832
 31
0.0
  0
LINE
  5
30E
330
17
100
AcDbEntity
  8
Madeira
 62
126
370
18
100
AcDbLine
 10
7829.576686509018
 20
11535.44454432426
 30
0.0
 11
7827.842440043152
 21
11542.446452738033
 31
0.0
  0
LINE
  5
30F
330
17
100
AcDbEntity
  8
Madeira
 62
126
370
18
100
AcDbLine
 10
7829.576686509018
 20
11535.44454432426
 30
0.0
 11
7815.582654100799
 21
11540.88718629829
 31
0.0
  0
LINE
  5
310
330
17
100
AcDbEntity
  8
Madeira
 62
126
370
18
100
AcDbLine
 10
7829.576686509018
 20
11491.44457748493
 30
0.0
 11
7823.826462492016
 21
11498.45089543899
 31
0.0
  0
LINE
  5
311
330
17
100
AcDbEntity
  8
Madeira
 62
126
370
18
100
AcDbLine
 10
7829.576686509018
 20
11491.44457748493
 30
0.0
 11
7827.842440043152
 21
11498.446485898703
 31
0.0
  0
LINE
  5
312
330
17
100
AcDbEntity
  8
Madeira
 62
126
370
18
100
AcDbLine
 10
7829.576686509018
 20
11491.44457748493
 30
0.0
 11
7815.582654100799
 21
11496.88721945896
 31
0.0
  0
LINE
  5
313
330
17
100
AcDbEntity
  8
Madeira
 62
126
370
18
100
AcDbLine
 10
7829.576686509018
 20
11447.44457748493
 30
0.0
 11
7823.826462492016
 21
11454.45089543899
 31
0.0
  0
LINE
  5
314
330
17
100
AcDbEntity
  8
Madeira
 62
126
370
18
100
AcDbLine
 10
7829.576686509018
 20
11447.44457748493
 30
0.0
 11
7827.842440043152
 21
11454.446485898703
 31
0.0
  0
LINE
  5
315
330
17
100
AcDbEntity
  8
Madeira
 62
126
370
18
100
AcDbLine
 10
7829.576686509018
 20
11447.44457748493
 30
0.0
 11
7815.582654100799
 21
11452.88721945896
 31
0.0
  0
LWPOLYLINE
  5
316
330
17
100
AcDbEntity
  8
SARRAFO
 62
251
370
25
100
AcDbPolyline
 90
4
 70
0
 10
7807.168917273353
 20
11582.96001421167
 10
7807.168917273469
 20
11568.96001422581
 10
7811.568917267789
 20
11568.96001422581
 10
7811.568917267789
 20
11582.96001421167
  0
LWPOLYLINE
  5
317
330
17
100
AcDbEntity
  8
SARRAFO
 62
251
370
25
100
AcDbPolyline
 90
4
 70
0
 10
7777.96891731205
 20
11406.96001425585
 10
7777.968917311992
 20
11420.96001424171
 10
7773.568917317672
 20
11420.96001424171
 10
7773.568917317672
 20
11406.96001425585
  0
LWPOLYLINE
  5
318
330
17
100
AcDbEntity
  8
SARRAFO
 62
251
370
25
100
AcDbPolyline
 90
4
 70
0
 10
7807.168917273353
 20
11406.96001425585
 10
7807.168917273469
 20
11420.96001424171
 10
7811.568917267789
 20
11420.96001424171
 10
7811.568917267789
 20
11406.96001425585
  0
LWPOLYLINE
  5
319
330
17
100
AcDbEntity
  8
SARRAFO
 62
251
370
25
100
AcDbPolyline
 90
4
 70
0
 10
7777.96891731205
 20
11582.96001421167
 10
7777.968917311992
 20
11568.96001422581
 10
7773.568917317672
 20
11568.96001422581
 10
7773.568917317672
 20
11582.96001421167
  0
LWPOLYLINE
  5
31A
330
17
100
AcDbEntity
  8
Perfil Metálico
 62
224
370
18
100
AcDbPolyline
 90
4
 70
0
 10
7833.568917298814
 20
11370.96001428766
 10
7845.568917285774
 20
11370.96001428766
 10
7845.568917285774
 20
11618.96001417942
 10
7833.568917298814
 20
11618.96001417942
  0
LWPOLYLINE
  5
31B
330
17
100
AcDbEntity
  8
Perfil Metálico
 62
224
370
18
100
AcDbPolyline
 90
4
 70
0
 10
7849.568917281468
 20
11618.96001417942
 10
7829.568917303062
 20
11618.96001417942
 10
7829.568917303062
 20
11370.96001428766
 10
7849.568917281468
 20
11370.96001428766
  0
LWPOLYLINE
  5
31C
330
17
100
AcDbEntity
  8
Perfil Metálico
 62
224
370
18
100
AcDbPolyline
 90
4
 70
0
 10
7751.568917342003
 20
11370.96001428766
 10
7739.568917355042
 20
11370.96001428766
 10
7739.568917355042
 20
11618.96001417942
 10
7751.568917342003
 20
11618.96001417942
  0
LWPOLYLINE
  5
31D
330
17
100
AcDbEntity
  8
Perfil Metálico
 62
224
370
18
100
AcDbPolyline
 90
4
 70
0
 10
7735.568917359349
 20
11618.96001417942
 10
7755.568917337754
 20
11618.96001417942
 10
7755.568917337754
 20
11370.96001428766
 10
7735.568917359349
 20
11370.96001428766
  0
LWPOLYLINE
  5
31E
330
17
100
AcDbEntity
  8
Madeira
 62
126
370
18
100
AcDbPolyline
 90
4
 70
0
 10
7755.557305017115
 20
11406.94464227524
 10
7769.557296627965
 20
11406.96001425533
 10
7769.557296627936
 20
11582.95302537146
 10
7755.557305017086
 20
11582.93765339137
  0
LWPOLYLINE
  5
31F
330
17
100
AcDbEntity
  8
Madeira
 62
126
370
18
100
AcDbPolyline
 90
4
 70
0
 10
7829.580529568346
 20
11406.94464227524
 10
7815.580537957496
 20
11406.96001425533
 10
7815.580537957526
 20
11582.95302537146
 10
7829.580529568374
 20
11582.93765339137
  0
LWPOLYLINE
  5
320
330
17
100
AcDbEntity
  8
CHAPA
 62
1
370
25
100
AcDbPolyline
 90
4
 70
0
 10
7773.568917373028
 20
11582.9600142112
 10
7769.568917373028
 20
11582.9600142112
 10
7769.568917373028
 20
11406.96001425585
 10
7773.568917373028
 20
11406.96001425585
  0
LWPOLYLINE
  5
321
330
17
100
AcDbEntity
  8
CHAPA
 62
1
370
25
100
AcDbPolyline
 90
4
 70
0
 10
7811.568917212433
 20
11582.9600142112
 10
7815.568917212432
 20
11582.9600142112
 10
7815.568917212432
 20
11406.96001425585
 10
7811.568917212433
 20
11406.96001425585
  0
LWPOLYLINE
  5
322
330
17
100
AcDbEntity
  8
CHAPA
 62
1
370
25
100
AcDbPolyline
 90
4
 70
0
 10
7811.568917212433
 20
11425.36001423139
 10
7811.568917212433
 20
11428.9600142314
 10
7773.568917373028
 20
11428.9600142314
 10
7773.568917373028
 20
11425.36001423139
  0
LWPOLYLINE
  5
323
330
17
100
AcDbEntity
  8
CHAPA
 62
1
370
25
100
AcDbPolyline
 90
4
 70
0
 10
7811.568917212492
 20
11560.9600142314
 10
7811.568917212492
 20
11564.5600142314
 10
7773.568917373086
 20
11564.5600142314
 10
7773.568917373086
 20
11560.9600142314
  0
LWPOLYLINE
  5
324
330
17
100
AcDbEntity
  8
CHAPA
 62
1
370
25
100
AcDbPolyline
 90
4
 70
0
 10
7773.568917373028
 20
11582.9600142112
 10
7769.568917373028
 20
11582.9600142112
 10
7769.568917373028
 20
11406.96001425585
 10
7773.568917373028
 20
11406.96001425585
  0
LWPOLYLINE
  5
325
330
17
100
AcDbEntity
  8
CHAPA
 62
1
370
25
100
AcDbPolyline
 90
4
 70
0
 10
7811.568917212433
 20
11582.9600142112
 10
7815.568917212432
 20
11582.9600142112
 10
7815.568917212432
 20
11406.96001425585
 10
7811.568917212433
 20
11406.96001425585
  0
LWPOLYLINE
  5
326
330
17
100
AcDbEntity
  8
CHAPA
 62
1
370
25
100
AcDbPolyline
 90
4
 70
0
 10
7811.568917212433
 20
11425.36001423139
 10
7811.568917212433
 20
11428.9600142314
 10
7773.568917373028
 20
11428.9600142314
 10
7773.568917373028
 20
11425.36001423139
  0
LWPOLYLINE
  5
327
330
17
100
AcDbEntity
  8
CHAPA
 62
1
370
25
100
AcDbPolyline
 90
4
 70
0
 10
7811.568917212492
 20
11560.9600142314
 10
7811.568917212492
 20
11564.5600142314
 10
7773.568917373086
 20
11564.5600142314
 10
7773.568917373086
 20
11560.9600142314
  0
LWPOLYLINE
  5
328
330
17
100
AcDbEntity
  8
SARRAFO
 62
251
370
25
100
AcDbPolyline
 90
4
 70
0
 10
7787.568917469565
 20
11425.36001423611
 10
7773.568917483711
 20
11425.36001423602
 10
7773.568917483711
 20
11420.96001424171
 10
7787.568917469565
 20
11420.96001424171
  0
LWPOLYLINE
  5
329
330
17
100
AcDbEntity
  8
SARRAFO
 62
251
370
25
100
AcDbPolyline
 90
4
 70
0
 10
7787.568917469624
 20
11568.96001422581
 10
7773.568917483768
 20
11568.96001422572
 10
7773.568917483768
 20
11564.5600142314
 10
7787.568917469624
 20
11564.5600142314
  0
LWPOLYLINE
  5
32A
330
17
100
AcDbEntity
  8
SARRAFO
 62
251
370
25
100
AcDbPolyline
 90
4
 70
0
 10
7797.568917115896
 20
11425.36001423611
 10
7811.568917101751
 20
11425.36001423602
 10
7811.568917101751
 20
11420.96001424171
 10
7797.568917115896
 20
11420.96001424171
  0
LWPOLYLINE
  5
32B
330
17
100
AcDbEntity
  8
SARRAFO
 62
251
370
25
100
AcDbPolyline
 90
4
 70
0
 10
7797.568917115838
 20
11568.96001422581
 10
7811.568917101692
 20
11568.96001422572
 10
7811.568917101692
 20
11564.5600142314
 10
7797.568917115838
 20
11564.5600142314
  0
LWPOLYLINE
  5
32C
330
17
100
AcDbEntity
  8
Painéis
 62
200
370
25
100
AcDbPolyline
 90
4
 70
0
 10
7773.568917373028
 20
11428.9600142314
 10
7811.568917212433
 20
11428.9600142314
 10
7811.568917212433
 20
11560.9600142314
 10
7773.568917373028
 20
11560.9600142314
  0
LWPOLYLINE
  5
32D
330
17
100
AcDbEntity
  8
COTA
 62
241
370
25
100
AcDbPolyline
 90
4
 70
0
 10
8836.110206694844
 20
11236.24834731333
 10
8836.110206694808
 20
11360.24834731328
 10
8817.110206694808
 20
11360.24834731328
 10
8817.110206694844
 20
11236.24834731333
  0
LWPOLYLINE
  5
32E
330
17
100
AcDbEntity
  8
Painéis
 62
200
370
25
100
AcDbPolyline
 90
4
 70
0
 10
8817.110206694844
 20
11041.24834731329
 10
8836.110206694844
 20
11041.24834731329
 10
8836.110206694844
 20
11039.24834731329
 10
8817.110206694844
 20
11039.24834731329
  0
LWPOLYLINE
  5
32F
330
17
100
AcDbEntity
  8
Painéis
 62
200
370
25
100
AcDbPolyline
 90
4
 70
0
 10
8297.03199340494
 20
11041.24834731329
 10
8209.03199340494
 20
11041.24834731332
 10
8209.03199340494
 20
11039.24834731331
 10
8297.03199340494
 20
11039.24834731329
  0
LWPOLYLINE
  5
330
330
17
100
AcDbEntity
  8
Painéis
 62
200
370
25
100
AcDbPolyline
 90
4
 70
0
 10
8540.064297573663
 20
11041.24834731329
 10
8452.064297573663
 20
11041.24834731332
 10
8452.064297573663
 20
11039.24834731331
 10
8540.064297573663
 20
11039.24834731329
  0
LWPOLYLINE
  5
331
330
17
100
AcDbEntity
  8
COTA
 62
241
370
25
100
AcDbPolyline
 90
4
 70
0
 10
8684.614501352124
 20
11301.24834731333
 10
8684.614501352085
 20
11360.24834731329
 10
8665.614501352085
 20
11360.24834731329
 10
8665.614501352124
 20
11301.24834731333
  0
LWPOLYLINE
  5
332
330
17
100
AcDbEntity
  8
Painéis
 62
200
370
25
100
AcDbPolyline
 90
4
 70
0
 10
8665.614501352124
 20
11041.24834731329
 10
8684.614501352124
 20
11041.24834731329
 10
8684.614501352124
 20
11039.24834731329
 10
8665.614501352124
 20
11039.24834731329
  0
LWPOLYLINE
  5
333
330
17
100
AcDbEntity
  8
Madeira
 62
126
370
18
100
AcDbPolyline
 90
4
 70
0
 10
7755.572677022174
 20
11568.93766183061
 10
7769.572668582965
 20
11568.95303381066
 10
7769.557296602916
 20
11582.953025371451
 10
7755.557305042124
 20
11582.937653391402
  0
LWPOLYLINE
  5
334
330
17
100
AcDbEntity
  8
Madeira
 62
126
370
18
100
AcDbPolyline
 90
4
 70
0
 10
7829.584280753282
 20
11420.94463383658
 10
7815.58428919249
 20
11420.960005816629
 10
7815.568917212441
 20
11406.960014255837
 10
7829.568908773233
 20
11406.944642275788
  0
LWPOLYLINE
  5
335
330
17
100
AcDbEntity
  8
Madeira
 62
126
370
18
100
AcDbPolyline
 90
4
 70
0
 10
7829.576686509018
 20
11535.44454432426
 10
7829.5843724990345
 20
11542.444540097526
 10
7815.584380952504
 20
11542.459912077558
 10
7815.576694962488
 20
11535.459916304293
  0
LWPOLYLINE
  5
336
330
17
100
AcDbEntity
  8
Madeira
 62
126
370
18
100
AcDbPolyline
 90
4
 70
0
 10
7829.576686509018
 20
11491.44457748493
 10
7829.5843724990345
 20
11498.444573258195
 10
7815.584380952504
 20
11498.459945238228
 10
7815.576694962488
 20
11491.459949464963
  0
LWPOLYLINE
  5
337
330
17
100
AcDbEntity
  8
Madeira
 62
126
370
18
100
AcDbPolyline
 90
4
 70
0
 10
7829.576686509018
 20
11447.44457748493
 10
7829.5843724990345
 20
11454.444573258195
 10
7815.584380952504
 20
11454.459945238228
 10
7815.576694962488
 20
11447.459949464963
  0
TEXT
  5
338
330
17
100
AcDbEntity
  8
Texto Seção
 62
7
370
15
100
AcDbText
 10
8200.174089193744
 20
11056.07694293946
 30
0.0
 40
13.0
  1
P7.A
 50
90.0
100
AcDbText
  0
TEXT
  5
339
330
17
100
AcDbEntity
  8
Texto Seção
 62
7
370
15
100
AcDbText
 10
8658.29367985254
 20
11050.5379208915
 30
0.0
 40
13.0
  1
P7.C
 50
90.0
100
AcDbText
  0
TEXT
  5
33A
330
17
100
AcDbEntity
  8
Texto Seção
 62
7
370
15
100
AcDbText
 10
8811.661223773359
 20
11050.5379208915
 30
0.0
 40
13.0
  1
P7.D
 50
90.0
100
AcDbText
  0
TEXT
  5
33B
330
17
100
AcDbEntity
  8
Texto Seção
 62
7
370
15
100
AcDbText
 10
8442.65058047171
 20
11056.07694293946
 30
0.0
 40
13.0
  1
P7.B
 50
90.0
100
AcDbText
  0
TEXT
  5
33C
330
17
100
AcDbEntity
  8
TEXTO_GERAL
 62
7
370
25
100
AcDbText
 10
7783.602331330131
 20
11477.99722483318
 30
0.0
 40
10.99999999889889
  1
A
100
AcDbText
  0
TEXT
  5
33D
330
17
100
AcDbEntity
  8
TEXTO_GERAL
 62
7
370
25
100
AcDbText
 10
7794.568717213791
 20
11438.02817699386
 30
0.0
 40
10.99999999889889
  1
D
100
AcDbText
  0
TEXT
  5
33E
330
17
100
AcDbEntity
  8
TEXTO_GERAL
 62
7
370
25
100
AcDbText
 10
7789.631464751153
 20
11552.21306243171
 30
0.0
 40
10.99999999889889
  1
C
100
AcDbText
  0
TEXT
  5
33F
330
17
100
AcDbEntity
  8
TEXTO_GERAL
 62
7
370
25
100
AcDbText
 10
7807.265154826734
 20
11478.79987750277
 30
0.0
 40
10.99999999889889
  1
B
100
AcDbText
  0
TEXT
  5
340
330
17
100
AcDbEntity
  8
NOMENCLATURA
 62
2
370
25
100
AcDbText
 10
8764.732135952732
 20
11679.75903409579
 30
0.0
 40
16.0
  1
13° PAVIMENTO - PD: 3.21
100
AcDbText
  0
TEXT
  5
341
330
17
100
AcDbEntity
  8
COTA
 62
1
370
25
100
AcDbText
 10
7810.52334111579
 20
11497.01169263687
 30
0.0
 40
7.0
  1
66
 50
90.0
100
AcDbText
  0
TEXT
  5
342
330
17
100
AcDbEntity
  8
COTA
 62
241
370
25
100
AcDbText
 10
7912.880904646087
 20
11494.96001423353
 30
0.0
 40
10.0
  1
88
 50
90.0
100
AcDbText
  0
TEXT
  5
343
330
17
100
AcDbEntity
  8
COTA
 62
241
370
25
100
AcDbText
 10
7889.221185359624
 20
11435.96001424464
 30
0.0
 40
10.0
  1
41
 50
90.0
100
AcDbText
  0
TEXT
  5
344
330
17
100
AcDbEntity
  8
COTA
 62
241
370
25
100
AcDbText
 10
7889.221185359593
 20
11537.96001422235
 30
0.0
 40
10.0
  1
47
 50
90.0
100
AcDbText
  0
TEXT
  5
345
330
17
100
AcDbEntity
  8
COTA
 62
1
370
25
100
AcDbText
 10
7797.283825856933
 20
11443.45769982926
 30
0.0
 40
7.0
  1
19
100
AcDbText
  0
TEXT
  5
346
330
17
100
AcDbEntity
  8
COTA
 62
241
370
25
100
AcDbText
 10
7705.786777301707
 20
11494.96001423353
 30
0.0
 40
10.0
  1
88(GRADE)
 50
90.0
100
AcDbText
  0
TEXT
  5
347
330
17
100
AcDbEntity
  8
COTA
 62
241
370
25
100
AcDbText
 10
7731.940291993409
 20
11560.94112709381
 30
0.0
 40
10.0
  1
22
 50
90.0
100
AcDbText
  0
TEXT
  5
348
330
17
100
AcDbEntity
  8
COTA
 62
241
370
25
100
AcDbText
 10
7731.940291993875
 20
11516.94287432073
 30
0.0
 40
10.0
  1
22
 50
90.0
100
AcDbText
  0
TEXT
  5
349
330
17
100
AcDbEntity
  8
COTA
 62
241
370
25
100
AcDbText
 10
7731.940291994108
 20
11472.94291193272
 30
0.0
 40
10.0
  1
22
 50
90.0
100
AcDbText
  0
TEXT
  5
34A
330
17
100
AcDbEntity
  8
COTA
 62
241
370
25
100
AcDbText
 10
7731.940291993998
 20
11428.9446591537
 30
0.0
 40
10.0
  1
22
 50
90.0
100
AcDbText
  0
TEXT
  5
34B
330
17
100
AcDbEntity
  8
NIVEL 2° PAV.
 62
240
370
25
100
AcDbText
 10
8044.642569235917
 20
11199.74834731329
 30
0.0
 40
10.0
  1
321
 50
90.0
100
AcDbText
  0
TEXT
  5
34C
330
17
100
AcDbEntity
  8
COTA
 62
240
370
25
100
AcDbText
 10
8826.610206694844
 20
11017.44185496536
 30
0.0
 40
10.0
  1
19
100
AcDbText
  0
TEXT
  5
34D
330
17
100
AcDbEntity
  8
COTA
 62
240
370
25
100
AcDbText
 10
8867.017624363167
 20
11040.24834731326
 30
0.0
 40
10.0
  1
2
 50
90.0
100
AcDbText
  0
TEXT
  5
34E
330
17
100
AcDbEntity
  8
COTA
 62
240
370
25
100
AcDbText
 10
8253.03199340494
 20
11004.73139137307
 30
0.0
 40
10.0
  1
88
100
AcDbText
  0
TEXT
  5
34F
330
17
100
AcDbEntity
  8
COTA
 62
240
370
25
100
AcDbText
 10
8305.897490480964
 20
11028.8113507646
 30
0.0
 40
10.0
  1
7
100
AcDbText
  0
TEXT
  5
350
330
17
100
AcDbEntity
  8
COTA
 62
240
370
25
100
AcDbText
 10
8200.166496328917
 20
11028.81135076463
 30
0.0
 40
10.0
  1
7
100
AcDbText
  0
TEXT
  5
351
330
17
100
AcDbEntity
  8
COTA
 62
240
370
25
100
AcDbText
 10
8328.290191615844
 20
11053.99524320622
 30
0.0
 40
10.0
  1
2
 50
90.0
100
AcDbText
  0
TEXT
  5
352
330
17
100
AcDbEntity
  8
COTA
 62
240
370
25
100
AcDbText
 10
8346.653638341397
 20
11199.74834731331
 30
0.0
 40
10.0
  1
73
 50
90.0
100
AcDbText
  0
TEXT
  5
353
330
17
100
AcDbEntity
  8
COTA
 62
240
370
25
100
AcDbText
 10
8346.799837171815
 20
11101.24834731329
 30
0.0
 40
10.0
  1
124
 50
90.0
100
AcDbText
  0
TEXT
  5
354
330
17
100
AcDbEntity
  8
COTA
 62
240
370
25
100
AcDbText
 10
8346.799837172113
 20
11298.24834731331
 30
0.0
 40
10.0
  1
124
 50
90.0
100
AcDbText
  0
TEXT
  5
355
330
17
100
AcDbEntity
  8
COTA
 62
240
370
25
100
AcDbText
 10
8496.064297573663
 20
11004.73139137307
 30
0.0
 40
10.0
  1
88
100
AcDbText
  0
TEXT
  5
356
330
17
100
AcDbEntity
  8
COTA
 62
240
370
25
100
AcDbText
 10
8548.929794649684
 20
11028.8113507646
 30
0.0
 40
10.0
  1
7
100
AcDbText
  0
TEXT
  5
357
330
17
100
AcDbEntity
  8
COTA
 62
240
370
25
100
AcDbText
 10
8443.198800497637
 20
11028.81135076463
 30
0.0
 40
10.0
  1
7
100
AcDbText
  0
TEXT
  5
358
330
17
100
AcDbEntity
  8
COTA
 62
240
370
25
100
AcDbText
 10
8571.322495784567
 20
11053.99524320622
 30
0.0
 40
10.0
  1
2
 50
90.0
100
AcDbText
  0
TEXT
  5
359
330
17
100
AcDbEntity
  8
COTA
 62
240
370
25
100
AcDbText
 10
8589.685942510154
 20
11199.74834731331
 30
0.0
 40
10.0
  1
73
 50
90.0
100
AcDbText
  0
TEXT
  5
35A
330
17
100
AcDbEntity
  8
COTA
 62
240
370
25
100
AcDbText
 10
8589.83214134056
 20
11101.24834731329
 30
0.0
 40
10.0
  1
124
 50
90.0
100
AcDbText
  0
TEXT
  5
35B
330
17
100
AcDbEntity
  8
COTA
 62
240
370
25
100
AcDbText
 10
8892.72773087462
 20
11298.2483473133
 30
0.0
 40
10.0
  1
124
 50
90.0
100
AcDbText
  0
TEXT
  5
35C
330
17
100
AcDbEntity
  8
COTA
 62
240
370
25
100
AcDbText
 10
8892.698491108393
 20
11137.7483473133
 30
0.0
 40
10.0
  1
197
 50
90.0
100
AcDbText
  0
TEXT
  5
35D
330
17
100
AcDbEntity
  8
COTA
 62
240
370
25
100
AcDbText
 10
8589.832141341009
 20
11298.24834731331
 30
0.0
 40
10.0
  1
124
 50
90.0
100
AcDbText
  0
TEXT
  5
35E
330
17
100
AcDbEntity
  8
COTA
 62
240
370
25
100
AcDbText
 10
8675.114501352124
 20
11017.44185496537
 30
0.0
 40
10.0
  1
19
100
AcDbText
  0
TEXT
  5
35F
330
17
100
AcDbEntity
  8
COTA
 62
240
370
25
100
AcDbText
 10
8715.521919020444
 20
11040.24834731326
 30
0.0
 40
10.0
  1
2
 50
90.0
100
AcDbText
  0
TEXT
  5
360
330
17
100
AcDbEntity
  8
COTA
 62
240
370
25
100
AcDbText
 10
8746.166236058223
 20
11330.7483473133
 30
0.0
 40
10.0
  1
59
 50
90.0
100
AcDbText
  0
TEXT
  5
361
330
17
100
AcDbEntity
  8
COTA
 62
240
370
25
100
AcDbText
 10
8746.24664541481
 20
11149.7483473133
 30
0.0
 40
10.0
  1
221
 50
90.0
100
AcDbText
  0
TEXT
  5
362
330
17
100
AcDbEntity
  8
00 - FELIPE
 62
240
370
25
100
AcDbText
 10
8746.232025531912
 20
11280.74834731332
 30
0.0
 40
10.0
  1
41
 50
90.0
100
AcDbText
  0
TEXT
  5
363
330
17
100
AcDbEntity
  8
Texto Seção
 62
3
370
15
100
AcDbText
 10
7794.469100923111
 20
11656.413977006414
 30
0.0
 40
17.0
  1

100
AcDbText
  0
TEXT
  5
364
330
17
100
AcDbEntity
  8
Texto Seção
 62
3
370
15
100
AcDbText
 10
7794.469100923111
 20
11626.513392362092
 30
0.0
 40
12.0
  1

100
AcDbText
  0
TEXT
  5
365
330
17
100
AcDbEntity
  8
Texto Seção
 62
7
370
15
100
AcDbText
 10
7794.469100923111
 20
11600.541963473606
 30
0.0
 40
10.0
  1

100
AcDbText
  0
ENDSEC
  0
SECTION
  2
OBJECTS
  0
DICTIONARY
  5
A
330
0
100
AcDbDictionary
281
1
  3
ACAD_COLOR
350
B
  3
ACAD_GROUP
350
C
  3
ACAD_LAYOUT
350
D
  3
ACAD_MATERIAL
350
E
  3
ACAD_MLEADERSTYLE
350
F
  3
ACAD_MLINESTYLE
350
10
  3
ACAD_PLOTSETTINGS
350
11
  3
ACAD_PLOTSTYLENAME
350
12
  3
ACAD_SCALELIST
350
14
  3
ACAD_TABLESTYLE
350
15
  3
ACAD_VISUALSTYLE
350
16
  3
EZDXF_META
350
2D
  0
DICTIONARY
  5
B
330
A
100
AcDbDictionary
281
1
  0
DICTIONARY
  5
C
330
A
100
AcDbDictionary
281
1
  0
DICTIONARY
  5
D
330
A
100
AcDbDictionary
281
1
  3
Model
350
1A
  3
Layout1
350
1E
  0
DICTIONARY
  5
E
330
A
100
AcDbDictionary
281
1
  3
ByBlock
350
1F
  3
ByLayer
350
20
  3
Global
350
21
  0
DICTIONARY
  5
F
330
A
100
AcDbDictionary
281
1
  3
Standard
350
2C
  0
DICTIONARY
  5
10
330
A
100
AcDbDictionary
281
1
  3
Standard
350
22
  0
DICTIONARY
  5
11
330
A
100
AcDbDictionary
281
1
  0
ACDBDICTIONARYWDFLT
  5
12
330
A
100
AcDbDictionary
281
1
  3
Normal
350
13
100
AcDbDictionaryWithDefault
340
13
  0
ACDBPLACEHOLDER
  5
13
330
12
  0
DICTIONARY
  5
14
330
A
100
AcDbDictionary
281
1
  0
DICTIONARY
  5
15
330
A
100
AcDbDictionary
281
1
  0
DICTIONARY
  5
16
330
A
100
AcDbDictionary
281
1
  0
LAYOUT
  5
1A
330
D
100
AcDbPlotSettings
  1

  4
A3
  6

 40
7.5
 41
20.0
 42
7.5
 43
20.0
 44
420.0
 45
297.0
 46
0.0
 47
0.0
 48
0.0
 49
0.0
140
0.0
141
0.0
142
1.0
143
1.0
 70
1024
 72
1
 73
0
 74
5
  7

 75
16
 76
0
 77
2
 78
300
147
1.0
148
0.0
149
0.0
100
AcDbLayout
  1
Model
 70
1
 71
0
 10
0.0
 20
0.0
 11
420.0
 21
297.0
 12
0.0
 22
0.0
 32
0.0
 14
1e+20
 24
1e+20
 34
1e+20
 15
-1e+20
 25
-1e+20
 35
-1e+20
146
0.0
 13
0.0
 23
0.0
 33
0.0
 16
1.0
 26
0.0
 36
0.0
 17
0.0
 27
1.0
 37
0.0
 76
1
330
17
  0
LAYOUT
  5
1E
330
D
100
AcDbPlotSettings
  1

  4
A3
  6

 40
7.5
 41
20.0
 42
7.5
 43
20.0
 44
420.0
 45
297.0
 46
0.0
 47
0.0
 48
0.0
 49
0.0
140
0.0
141
0.0
142
1.0
143
1.0
 70
0
 72
1
 73
0
 74
5
  7

 75
16
 76
0
 77
2
 78
300
147
1.0
148
0.0
149
0.0
100
AcDbLayout
  1
Layout1
 70
1
 71
1
 10
0.0
 20
0.0
 11
420.0
 21
297.0
 12
0.0
 22
0.0
 32
0.0
 14
1e+20
 24
1e+20
 34
1e+20
 15
-1e+20
 25
-1e+20
 35
-1e+20
146
0.0
 13
0.0
 23
0.0
 33
0.0
 16
1.0
 26
0.0
 36
0.0
 17
0.0
 27
1.0
 37
0.0
 76
1
330
1B
  0
MATERIAL
  5
1F
102
{ACAD_REACTORS
330
E
102
}
330
E
100
AcDbMaterial
  1
ByBlock
  2

 70
0
 40
1.0
 71
1
 41
1.0
 91
-1023410177
 42
1.0
 72
1
  3

 73
1
 74
1
 75
1
 44
0.5
 73
0
 45
1.0
 46
1.0
 77
1
  4

 78
1
 79
1
170
1
 48
1.0
171
1
  6

172
1
173
1
174
1
140
1.0
141
1.0
175
1
  7

176
1
177
1
178
1
143
1.0
179
1
  8

270
1
271
1
272
1
145
1.0
146
1.0
273
1
  9

274
1
275
1
276
1
 42
1.0
 72
1
  3

 73
1
 74
1
 75
1
 94
63
  0
MATERIAL
  5
20
102
{ACAD_REACTORS
330
E
102
}
330
E
100
AcDbMaterial
  1
ByLayer
  2

 70
0
 40
1.0
 71
1
 41
1.0
 91
-1023410177
 42
1.0
 72
1
  3

 73
1
 74
1
 75
1
 44
0.5
 73
0
 45
1.0
 46
1.0
 77
1
  4

 78
1
 79
1
170
1
 48
1.0
171
1
  6

172
1
173
1
174
1
140
1.0
141
1.0
175
1
  7

176
1
177
1
178
1
143
1.0
179
1
  8

270
1
271
1
272
1
145
1.0
146
1.0
273
1
  9

274
1
275
1
276
1
 42
1.0
 72
1
  3

 73
1
 74
1
 75
1
 94
63
  0
MATERIAL
  5
21
102
{ACAD_REACTORS
330
E
102
}
330
E
100
AcDbMaterial
  1
Global
  2

 70
0
 40
1.0
 71
1
 41
1.0
 91
-1023410177
 42
1.0
 72
1
  3

 73
1
 74
1
 75
1
 44
0.5
 73
0
 45
1.0
 46
1.0
 77
1
  4

 78
1
 79
1
170
1
 48
1.0
171
1
  6

172
1
173
1
174
1
140
1.0
141
1.0
175
1
  7

176
1
177
1
178
1
143
1.0
179
1
  8

270
1
271
1
272
1
145
1.0
146
1.0
273
1
  9

274
1
275
1
276
1
 42
1.0
 72
1
  3

 73
1
 74
1
 75
1
 94
63
  0
MLINESTYLE
  5
22
102
{ACAD_REACTORS
330
10
102
}
330
10
100
AcDbMlineStyle
  2
Standard
 70
0
  3

 62
256
 51
90.0
 52
90.0
 71
2
 49
0.5
 62
256
  6
BYLAYER
 49
-0.5
 62
256
  6
BYLAYER
  0
MLEADERSTYLE
  5
2C
102
{ACAD_REACTORS
330
F
102
}
330
F
100
AcDbMLeaderStyle
179
2
170
2
171
1
172
0
 90
2
 40
0.0
 41
0.0
173
1
 91
-1056964608
 92
-2
290
1
 42
2.0
291
1
 43
8.0
  3
Standard
 44
4.0
300

342
29
174
1
175
1
176
0
178
1
 93
-1056964608
 45
4.0
292
0
297
0
 46
4.0
 94
-1056964608
 47
1.0
 49
1.0
140
1.0
294
1
141
0.0
177
0
142
1.0
295
0
296
0
143
3.75
271
0
272
9
273
9
  0
DICTIONARY
  5
2D
330
A
100
AcDbDictionary
280
1
281
1
  3
CREATED_BY_EZDXF
350
2E
  3
WRITTEN_BY_EZDXF
350
368
  0
DICTIONARYVAR
  5
2E
330
2D
100
DictionaryVariables
280
0
  1
1.4.3 @ 2026-06-10T00:23:37.136685+00:00
  0
DICTIONARYVAR
  5
368
330
2D
100
DictionaryVariables
280
0
  1
1.4.3 @ 2026-06-10T00:23:37.159333+00:00
  0
ENDSEC
  0
EOF
